     1     -1   1856 1.920000E-06 2.287308E-05 1.030585E-05 9.017229E-15 0.000000E+00
     2     -1   1937 1.920000E-06 0.000000E+00 3.859200E-06 1.189085E-15 0.000000E+00
     3     -1    856 1.920000E-06 0.000000E+00 3.859200E-06 2.965635E-15 0.000000E+00
     4     -1    871 1.920000E-06 8.185190E-06 3.071512E-06 3.722969E-15 0.000000E+00
     5     -1   3194 1.920000E-06 1.069901E-05 4.309660E-06 1.627914E-16 0.000000E+00
     6     -1    833 1.920000E-06 1.346454E-05 5.671788E-06 1.571291E-14 0.000000E+00
     7     -1   4794 1.920000E-06 1.584673E-05 6.845104E-06 8.705802E-16 0.000000E+00
     8     -1   2905 1.920000E-06 3.727803E-06 8.760821E-07 2.187067E-15 0.000000E+00
     9     -1   2476 1.920000E-06 1.101105E-05 4.463351E-06 2.024276E-15 0.000000E+00
    10     -1   3467 1.920000E-06 1.055262E-05 4.237559E-06 6.794772E-16 0.000000E+00
    11     -1   1172 1.920000E-06 2.460701E-05 1.115987E-05 8.896905E-15 0.000000E+00
    12     -1   1950 1.920000E-06 9.584025E-06 3.760490E-06 4.742185E-15 0.000000E+00
    13     -1   1936 1.920000E-06 0.000000E+00 3.859200E-06 1.627914E-15 0.000000E+00
    14     -1   1940 1.920000E-06 7.094791E-06 2.534449E-06 1.847329E-15 0.000000E+00
    15     -1    660 1.920000E-06 2.099720E-06 1.759480E-06 1.567752E-14 0.000000E+00
    16     -1   4381 1.920000E-06 7.929926E-06 2.945784E-06 1.840251E-16 0.000000E+00
    17     -1   2548 1.920000E-06 0.000000E+00 3.859200E-06 1.167852E-15 0.000000E+00
    18     -1    417 1.920000E-06 3.209699E-05 1.484897E-05 2.356937E-15 0.000000E+00
    19     -1   2955 1.920000E-06 0.000000E+00 3.859200E-06 1.988887E-15 0.000000E+00
    20     -1    552 1.920000E-06 3.984153E-05 1.866344E-05 6.186074E-15 0.000000E+00
    21     -1   2671 1.920000E-06 7.342218E-06 2.656316E-06 5.803868E-16 0.000000E+00
    22     -1    556 1.920000E-06 3.621628E-05 1.687787E-05 5.315494E-15 0.000000E+00
    23     -1   1933 1.920000E-06 0.000000E+00 3.859200E-06 4.140564E-15 0.000000E+00
    24     -1   3215 1.920000E-06 6.361557E-06 2.173304E-06 8.210350E-16 0.000000E+00
    25     -1   2053 1.920000E-06 1.360669E-05 5.741802E-06 3.255828E-16 0.000000E+00
    26     -1   2753 1.920000E-06 7.848072E-06 2.905468E-06 1.868562E-15 0.000000E+00
    27     -1   1215 1.920000E-06 3.183428E-05 1.471957E-05 1.315779E-14 0.000000E+00
    28     -1   3433 1.920000E-06 1.491521E-05 6.386295E-06 1.889796E-15 0.000000E+00
    29     -1   4356 1.920000E-06 0.000000E+00 3.859200E-06 6.794772E-16 0.000000E+00
    30     -1   5498 1.920000E-06 0.000000E+00 3.859200E-06 4.812964E-16 0.000000E+00
    31     -1   1523 1.920000E-06 2.425832E-06 1.433368E-06 6.447956E-15 0.000000E+00
    32     -1   4909 1.920000E-06 6.056082E-06 2.022847E-06 1.061683E-16 0.000000E+00
    33     -1   2547 1.920000E-06 0.000000E+00 3.859200E-06 1.054605E-15 0.000000E+00
    34     -1   2545 1.920000E-06 0.000000E+00 3.859200E-06 2.972713E-15 0.000000E+00
    35     -1   4265 1.920000E-06 1.725472E-05 7.538596E-06 3.439854E-15 0.000000E+00
    36     -1   1932 1.920000E-06 6.669039E-06 2.324750E-06 1.656226E-15 0.000000E+00
    37     -1   2155 1.920000E-06 5.305794E-06 1.653301E-06 2.328625E-15 0.000000E+00
    38     -1   4936 1.920000E-06 4.251793E-06 1.134166E-06 3.468165E-16 0.000000E+00
    39     -1    645 1.920000E-06 1.782878E-05 7.821338E-06 5.959582E-15 0.000000E+00
    40     -1   2544 1.920000E-06 0.000000E+00 3.859200E-06 2.335703E-15 0.000000E+00
    41     -1   4924 1.920000E-06 2.097203E-05 9.369505E-06 1.274020E-16 0.000000E+00
    42     -1   4024 1.920000E-06 2.121654E-06 1.737546E-06 1.351877E-15 0.000000E+00
    43     -1   5875 1.920000E-06 9.849894E-06 3.891440E-06 4.459069E-16 0.000000E+00
    44     -1   5976 1.920000E-06 0.000000E+00 3.859200E-06 3.680502E-16 0.000000E+00
    45     -1    439 1.920000E-06 3.911579E-05 1.830599E-05 9.930277E-15 0.000000E+00
    46     -1   4027 1.920000E-06 1.004667E-05 3.988361E-06 1.295254E-15 0.000000E+00
    47     -1   2064 1.920000E-06 6.132959E-06 2.060711E-06 1.542980E-15 0.000000E+00
    48     -1   3943 1.920000E-06 1.556888E-05 6.708254E-06 7.644119E-16 0.000000E+00
    49     -1    476 1.920000E-06 7.246412E-06 2.609128E-06 1.566337E-14 0.000000E+00
    50     -1   5935 1.920000E-06 6.505839E-06 2.244369E-06 7.998013E-16 0.000000E+00
    51     -1   1828 1.920000E-06 0.000000E+00 3.859200E-06 1.981809E-15 0.000000E+00
    52     -1   4866 1.920000E-06 3.182814E-06 6.763862E-07 5.520753E-16 0.000000E+00
    53     -1   1833 1.920000E-06 0.000000E+00 3.859200E-06 3.213361E-15 0.000000E+00
    54     -1   4380 1.920000E-06 6.715962E-06 2.347862E-06 5.520753E-16 0.000000E+00
    55     -1   5477 1.920000E-06 0.000000E+00 3.859200E-06 3.963617E-16 0.000000E+00
    56     -1    176 1.920000E-06 5.915297E-06 1.953505E-06 5.912868E-14 0.000000E+00
    57     -1    272 1.920000E-06 5.632639E-06 1.814285E-06 6.400534E-14 0.000000E+00
    58     -1   6050 1.920000E-06 1.495333E-06 2.363867E-06 7.219446E-16 0.000000E+00
    59     -1   5479 1.920000E-06 0.000000E+00 3.859200E-06 1.118306E-15 0.000000E+00
    60     -1   3841 1.920000E-06 1.831172E-06 2.028028E-06 9.201254E-16 0.000000E+00
    61     -1   5909 1.920000E-06 0.000000E+00 3.859200E-06 2.618819E-16 0.000000E+00
    62     -1   4358 1.920000E-06 2.576177E-08 3.833438E-06 1.075839E-15 0.000000E+00
    63     -1   3504 1.920000E-06 1.387467E-06 2.471733E-06 1.847329E-15 0.000000E+00
    64     -1    671 1.920000E-06 1.226021E-05 5.078613E-06 1.229429E-14 0.000000E+00
    65     -1   5472 1.920000E-06 0.000000E+00 3.859200E-06 7.644119E-16 0.000000E+00
    66     -1   2981 1.920000E-06 8.693653E-06 3.321948E-06 1.819017E-15 0.000000E+00
    67     -1    577 1.920000E-06 0.000000E+00 3.859200E-06 1.877056E-14 0.000000E+00
    68     -1    291 1.920000E-06 8.312296E-06 3.134116E-06 2.572812E-14 0.000000E+00
    69     -1   4564 1.920000E-06 4.097841E-06 1.058340E-06 7.077888E-16 0.000000E+00
    70     -1     23 1.920000E-06 0.000000E+00 3.859200E-06 9.633359E-13 0.000000E+00
    71     -1    897 1.920000E-06 7.479235E-06 2.723802E-06 1.362493E-14 0.000000E+00
    72     -1   5474 1.920000E-06 1.444043E-06 2.415157E-06 8.422687E-15 0.000000E+00
    73     -1   5551 1.920000E-06 1.828231E-05 8.044719E-06 5.867569E-15 0.000000E+00
    74     -1   4354 1.920000E-06 0.000000E+00 3.859200E-06 4.671406E-16 0.000000E+00
    75     -1   4477 1.920000E-06 8.581817E-07 3.001018E-06 6.653215E-16 0.000000E+00
    76     -1   1039 1.920000E-06 1.576385E-05 6.804285E-06 5.301338E-15 0.000000E+00
    77     -1   5833 1.920000E-06 5.285093E-06 1.643105E-06 9.767485E-16 0.000000E+00
    78     -1    638 1.920000E-06 3.540347E-05 1.647753E-05 2.342781E-15 0.000000E+00
    79     -1    888 1.920000E-06 7.321159E-06 2.645944E-06 5.704778E-15 0.000000E+00
    80     -1   3291 1.920000E-06 0.000000E+00 3.859200E-06 6.794772E-16 0.000000E+00
    81     -1   5629 1.920000E-06 2.015042E-06 1.844158E-06 1.387266E-15 0.000000E+00
    82     -1   2546 1.920000E-06 0.000000E+00 3.859200E-06 6.157763E-16 0.000000E+00
    83     -1   4350 1.920000E-06 0.000000E+00 3.859200E-06 4.742185E-16 0.000000E+00
    84     -1   5822 1.920000E-06 1.273708E-05 5.313487E-06 7.007109E-16 0.000000E+00
    85     -1   5780 1.920000E-06 0.000000E+00 3.859200E-06 1.210319E-15 0.000000E+00
    86     -1   5475 1.920000E-06 0.000000E+00 3.859200E-06 5.945426E-16 0.000000E+00
    87     -1   3204 1.920000E-06 1.068583E-05 4.303171E-06 1.762394E-15 0.000000E+00
    88     -1   3817 1.920000E-06 1.052950E-06 2.806250E-06 2.187067E-15 0.000000E+00
    89     -1    926 1.920000E-06 9.847918E-06 3.890467E-06 4.388291E-15 0.000000E+00
    90     -1   4694 1.920000E-06 4.658888E-06 1.334676E-06 8.493466E-17 0.000000E+00
    91     -1   2972 1.920000E-06 2.020210E-06 1.838990E-06 1.252786E-15 0.000000E+00
    92     -1   6554 1.920000E-06 1.203998E-05 4.970138E-06 6.794772E-16 0.000000E+00
    93     -1    699 1.920000E-06 0.000000E+00 3.859200E-06 2.829740E-14 0.000000E+00
    94     -1   4341 1.920000E-06 7.055723E-06 2.515207E-06 4.175954E-15 0.000000E+00
    95     -1   3013 1.920000E-06 7.232645E-07 3.135935E-06 1.189085E-15 0.000000E+00
    96     -1   6528 1.920000E-06 1.178164E-05 4.842897E-06 5.237637E-16 0.000000E+00
    97     -1   6541 1.920000E-06 2.361038E-05 1.066899E-05 1.472201E-15 0.000000E+00
    98     -1   4722 1.920000E-06 6.456036E-06 2.219839E-06 1.557135E-16 0.000000E+00
    99     -1   2324 1.920000E-06 5.809773E-06 1.901530E-06 1.479279E-15 0.000000E+00
   100     -1   4608 1.920000E-06 1.732417E-05 7.572803E-06 5.449974E-16 0.000000E+00
   101     -1   4166 1.920000E-06 1.062068E-05 4.271082E-06 6.653215E-16 0.000000E+00
   102     -1   4600 1.920000E-06 6.112193E-06 2.050483E-06 1.705771E-15 0.000000E+00
   103     -1   4257 1.920000E-06 8.702321E-06 3.326218E-06 8.068792E-16 0.000000E+00
   104     -1   3006 1.920000E-06 8.990083E-07 2.960192E-06 3.468165E-15 0.000000E+00
   105     -1   6574 1.920000E-06 5.614793E-06 1.805495E-06 1.189085E-15 0.000000E+00
   106     -1   4661 1.920000E-06 8.421285E-07 3.017071E-06 7.714898E-16 0.000000E+00
   107     -1   2707 1.920000E-06 0.000000E+00 3.859200E-06 6.794772E-16 0.000000E+00
   108     -1   1327 1.920000E-06 0.000000E+00 3.859200E-06 2.597585E-15 0.000000E+00
   109     -1   2648 1.920000E-06 8.608401E-06 3.279959E-06 2.583429E-15 0.000000E+00
   110     -1    495 1.920000E-06 2.210710E-05 9.928571E-06 1.933679E-14 0.000000E+00
   111     -1   1259 1.920000E-06 1.324495E-05 5.563630E-06 3.489399E-15 0.000000E+00
   112     -1   6473 1.920000E-06 4.220163E-06 1.118588E-06 2.760376E-16 0.000000E+00
   113     -1   6431 1.920000E-06 0.000000E+00 3.859200E-06 9.767485E-16 0.000000E+00
   114     -1   4359 1.920000E-06 0.000000E+00 3.859200E-06 4.317512E-16 0.000000E+00
   115     -1   5274 1.920000E-06 7.008034E-06 2.491718E-06 3.185050E-16 0.000000E+00
   116     -1    515 1.920000E-06 1.567601E-05 6.761020E-06 2.078776E-14 0.000000E+00
   117     -1   2901 1.920000E-06 7.678308E-06 2.821853E-06 1.274020E-16 0.000000E+00
   118     -1   2320 1.920000E-06 4.858740E-06 1.433111E-06 1.811939E-15 0.000000E+00
   119     -1   1483 1.920000E-06 3.763130E-06 8.934821E-07 1.029833E-14 0.000000E+00
   120     -1   1378 1.920000E-06 2.198423E-05 9.868054E-06 5.011145E-15 0.000000E+00
   121     -1     69 1.920000E-06 0.000000E+00 3.859200E-06 2.126764E-13 0.000000E+00
   122     -1   3033 1.920000E-06 1.248607E-06 2.610593E-06 1.153696E-15 0.000000E+00
   123     -1   1934 1.920000E-06 0.000000E+00 3.859200E-06 2.505572E-15 0.000000E+00
   124     -1   6481 1.920000E-06 1.299661E-05 5.441315E-06 9.838264E-16 0.000000E+00
   125     -1   3568 1.920000E-06 6.892271E-06 2.434701E-06 1.514668E-15 0.000000E+00
   126     -1   2207 1.920000E-06 0.000000E+00 3.859200E-06 3.871605E-15 0.000000E+00
   127     -1   5299 1.920000E-06 1.642440E-05 7.129629E-06 4.246733E-16 0.000000E+00
   128     -1     81 1.920000E-06 5.147201E-05 2.439189E-05 2.196339E-13 0.000000E+00
   129     -1    178 1.920000E-06 1.292974E-05 5.408377E-06 5.128638E-14 0.000000E+00
   130     -1   2271 1.920000E-06 2.439021E-05 1.105309E-05 2.901934E-16 0.000000E+00
   131     -1   1328 1.920000E-06 0.000000E+00 3.859200E-06 2.781610E-15 0.000000E+00
   132     -1     26 1.920000E-06 6.837678E-05 3.271812E-05 3.624162E-13 0.000000E+00
   133     -1   5218 1.920000E-06 9.274579E-07 2.931742E-06 7.219446E-16 0.000000E+00
   134     -1   4353 1.920000E-06 6.775676E-07 3.181632E-06 5.308416E-16 0.000000E+00
   135     -1   2208 1.920000E-06 0.000000E+00 3.859200E-06 8.210350E-16 0.000000E+00
   136     -1   1117 1.920000E-06 0.000000E+00 3.859200E-06 2.873623E-15 0.000000E+00
   137     -1   3294 1.920000E-06 0.000000E+00 3.859200E-06 2.349859E-15 0.000000E+00
   138     -1   1250 1.920000E-06 0.000000E+00 3.859200E-06 2.257846E-15 0.000000E+00
   139     -1   6615 1.920000E-06 7.375218E-06 2.672570E-06 1.557135E-15 0.000000E+00
   140     -1   4352 1.920000E-06 6.185024E-06 2.086355E-06 2.760376E-15 0.000000E+00
   141     -1   1538 1.920000E-06 0.000000E+00 3.859200E-06 3.652190E-15 0.000000E+00
   142     -1   2308 1.920000E-06 9.161730E-06 3.552494E-06 4.359979E-15 0.000000E+00
   143     -1   1376 1.920000E-06 0.000000E+00 3.859200E-06 1.118306E-15 0.000000E+00
   144     -1    561 1.920000E-06 1.269652E-06 2.589548E-06 1.906783E-14 0.000000E+00
   145     -1   5044 1.920000E-06 8.440238E-06 3.197132E-06 9.272033E-16 0.000000E+00
   146     -1   5492 1.920000E-06 7.023440E-07 3.156856E-06 1.118306E-15 0.000000E+00
   147     -1   3173 1.920000E-06 1.448506E-05 6.174433E-06 8.068792E-16 0.000000E+00
   148     -1   2542 1.920000E-06 0.000000E+00 3.859200E-06 1.486356E-15 0.000000E+00
   149     -1   2417 1.920000E-06 8.927010E-06 3.436886E-06 9.342812E-15 0.000000E+00
   150     -1      1 1.920000E-06 2.065844E-04 1.007905E-04 2.554985E-11 0.000000E+00
   151     -1   4363 1.920000E-06 0.000000E+00 3.859200E-06 7.219446E-16 0.000000E+00
   152     -1   5486 1.920000E-06 6.248872E-07 3.234313E-06 1.089995E-15 0.000000E+00
   153     -1   1904 1.920000E-06 3.952040E-06 9.865273E-07 3.397386E-15 0.000000E+00
   154     -1   1251 1.920000E-06 1.516739E-06 2.342461E-06 8.868594E-15 0.000000E+00
   155     -1    342 1.920000E-06 0.000000E+00 3.859200E-06 3.115686E-14 0.000000E+00
   156     -1    841 1.920000E-06 4.244798E-06 1.130721E-06 6.688604E-15 0.000000E+00
   157     -1    575 1.920000E-06 0.000000E+00 3.859200E-06 9.682551E-15 0.000000E+00
   158     -1    959 1.920000E-06 3.143470E-05 1.452276E-05 8.974762E-15 0.000000E+00
   159     -1   2706 1.920000E-06 0.000000E+00 3.859200E-06 1.592525E-15 0.000000E+00
   160     -1   1392 1.920000E-06 1.523615E-05 6.544375E-06 5.874647E-15 0.000000E+00
   161     -1    863 1.920000E-06 2.916965E-05 1.340714E-05 3.199205E-15 0.000000E+00
   162     -1    984 1.920000E-06 8.313411E-06 3.134665E-06 5.004067E-15 0.000000E+00
   163     -1   2543 1.920000E-06 0.000000E+00 3.859200E-06 7.856456E-16 0.000000E+00
   164     -1   4367 1.920000E-06 0.000000E+00 3.859200E-06 5.591532E-16 0.000000E+00
   165     -1   2962 1.920000E-06 1.005753E-05 3.993707E-06 1.231553E-15 0.000000E+00
   166     -1    510 1.920000E-06 2.401666E-06 1.457534E-06 2.057542E-14 0.000000E+00
   167     -1   1588 1.920000E-06 1.094914E-05 4.432862E-06 2.923168E-15 0.000000E+00
   168     -1   4360 1.920000E-06 0.000000E+00 3.859200E-06 4.459069E-16 0.000000E+00
   169     -1   6310 1.920000E-06 7.916943E-06 2.939390E-06 6.370099E-17 0.000000E+00
   170     -1     80 1.920000E-06 3.597460E-05 1.675883E-05 1.289591E-14 0.000000E+00
   171     -1   5484 1.920000E-06 1.391005E-07 3.720100E-06 6.723994E-16 0.000000E+00
   172     -1    870 1.920000E-06 1.872513E-05 8.262823E-06 8.068792E-15 0.000000E+00
   173     -1   5481 1.920000E-06 0.000000E+00 3.859200E-06 6.723994E-16 0.000000E+00
   174     -1    171 1.920000E-06 1.298337E-05 5.434792E-06 7.322075E-14 0.000000E+00
   175     -1   6316 1.920000E-06 2.753277E-06 1.105923E-06 8.281129E-16 0.000000E+00
   176     -1   1072 1.920000E-06 2.447802E-05 1.109634E-05 4.650172E-15 0.000000E+00
   177     -1   5491 1.920000E-06 0.000000E+00 3.859200E-06 1.196163E-15 0.000000E+00
   178     -1   4189 1.920000E-06 8.937564E-06 3.442084E-06 4.105175E-16 0.000000E+00
   179     -1   3658 1.920000E-06 9.785796E-06 3.859869E-06 3.553100E-15 0.000000E+00
   180     -1   2120 1.920000E-06 2.368089E-05 1.070372E-05 2.215379E-15 0.000000E+00
   181     -1   6416 1.920000E-06 1.157369E-05 4.740473E-06 1.521746E-15 0.000000E+00
   182     -1    698 1.920000E-06 0.000000E+00 3.859200E-06 1.120430E-14 0.000000E+00
   183     -1    467 1.920000E-06 3.040899E-05 1.401756E-05 2.742682E-14 0.000000E+00
   184     -1   1414 1.920000E-06 1.757394E-05 7.695821E-06 3.043492E-16 0.000000E+00
   185     -1    453 1.920000E-06 2.277582E-05 1.025794E-05 3.311036E-14 0.000000E+00
   186     -1   1831 1.920000E-06 0.000000E+00 3.859200E-06 2.611741E-15 0.000000E+00
   187     -1   1132 1.920000E-06 8.596723E-06 3.274207E-06 4.105175E-16 0.000000E+00
   188     -1    183 1.920000E-06 0.000000E+00 3.859200E-06 5.781219E-14 0.000000E+00
   189     -1    523 1.920000E-06 9.550158E-06 3.743809E-06 2.240152E-14 0.000000E+00
   190     -1    317 1.920000E-06 0.000000E+00 3.859200E-06 2.457443E-14 0.000000E+00
   191     -1   6463 1.920000E-06 2.824788E-06 1.034412E-06 3.538944E-16 0.000000E+00
   192     -1   2142 1.920000E-06 2.271402E-05 1.022750E-05 1.238630E-15 0.000000E+00
   193     -1   4362 1.920000E-06 3.638489E-06 8.320914E-07 5.803868E-16 0.000000E+00
   194     -1    585 1.920000E-06 1.887172E-05 8.335027E-06 1.188377E-14 0.000000E+00
   195     -1    200 1.920000E-06 1.910141E-06 1.949059E-06 8.535933E-14 0.000000E+00
   196     -1   5983 1.920000E-06 0.000000E+00 3.859200E-06 6.794772E-16 0.000000E+00
   197     -1   1062 1.920000E-06 9.393995E-07 2.919801E-06 8.585478E-15 0.000000E+00
   198     -1    740 1.920000E-06 1.200819E-05 4.954484E-06 5.591532E-15 0.000000E+00
   199     -1    362 1.920000E-06 0.000000E+00 3.859200E-06 1.618005E-14 0.000000E+00
   200     -1   1670 1.920000E-06 8.184749E-06 3.071294E-06 4.968677E-15 0.000000E+00
   201     -1   3149 1.920000E-06 9.663959E-07 2.892804E-06 6.440878E-16 0.000000E+00
   202     -1   1851 1.920000E-06 2.213072E-05 9.940207E-06 2.286158E-15 0.000000E+00
   203     -1   1246 1.920000E-06 1.585574E-05 6.849543E-06 7.927235E-15 0.000000E+00
   204     -1   2298 1.920000E-06 1.965790E-06 1.893410E-06 1.472201E-15 0.000000E+00
   205     -1   1145 1.920000E-06 2.067839E-05 9.224877E-06 9.484370E-16 0.000000E+00
   206     -1    941 1.920000E-06 2.127661E-05 9.519523E-06 5.350883E-15 0.000000E+00
   207    926   3204 1.214298E-05 1.381844E-05 1.278697E-05 9.342812E-16 0.000000E+00
   208    515   1259 2.966807E-05 1.229621E-05 2.066897E-05 1.179884E-14 0.000000E+00
   209    495   4359 2.888261E-05 3.642598E-06 1.601988E-05 4.055630E-15 0.000000E+00
   210     26     81 5.469452E-05 5.146836E-05 5.228918E-05 5.889723E-13 0.000000E+00
   211    575   1392 1.729489E-05 1.430182E-05 1.556256E-05 7.976780E-15 0.000000E+00
   212    959   1588 1.913982E-05 7.027290E-06 1.288828E-05 2.456027E-15 0.000000E+00
   213    171    510 3.199961E-05 1.536369E-05 2.332819E-05 7.757365E-15 0.000000E+00
   214    510   6316 2.138314E-05 7.886097E-06 1.441619E-05 7.077888E-16 0.000000E+00
   215      1     80 1.580836E-04 8.760760E-06 8.217710E-05 7.955263E-13 0.000000E+00
   216      1   4362 2.290144E-04 4.112478E-06 1.148237E-04 5.635414E-14 0.000000E+00
   217    200   2142 4.000785E-05 6.612206E-06 2.296212E-05 4.593549E-15 0.000000E+00
   218    660   2053 2.750328E-05 1.265106E-05 1.977751E-05 1.217397E-15 0.000000E+00
   219   1523   1933 1.503982E-05 1.578507E-05 1.518241E-05 1.642070E-15 0.000000E+00
   220    671   3504 2.330072E-05 9.627356E-06 1.621831E-05 5.025300E-16 0.000000E+00
   221     23    176 7.683706E-05 2.010063E-05 4.774543E-05 1.134939E-13 0.000000E+00
   222    671   5474 1.518157E-05 2.095854E-05 1.780035E-05 3.489399E-15 0.000000E+00
   223     23    272 6.889147E-05 2.612670E-05 4.680000E-05 1.171815E-13 0.000000E+00
   224     23    577 5.198815E-05 2.314074E-05 3.700378E-05 1.063099E-14 0.000000E+00
   225     69     81 7.410064E-05 3.809144E-05 5.525879E-05 1.861060E-13 0.000000E+00
   226    342    959 2.853048E-05 3.104348E-05 2.934240E-05 2.816999E-15 0.000000E+00
   227    959    984 2.375080E-05 9.476279E-06 1.636557E-05 5.329650E-15 0.000000E+00
   228   1588   4367 1.474192E-05 7.336185E-06 1.087429E-05 1.047527E-15 0.000000E+00
   229    984   4367 1.884342E-05 7.076729E-06 1.276664E-05 4.671406E-16 0.000000E+00
   230    510    575 3.300959E-05 1.612732E-05 2.420176E-05 4.091019E-15 0.000000E+00
   231      1    870 2.134869E-04 1.825661E-05 1.141423E-04 8.374557E-14 0.000000E+00
   232    171   5481 3.906279E-05 7.957324E-06 2.315916E-05 3.397386E-16 0.000000E+00
   233    467    698 2.826085E-05 9.884248E-06 1.878788E-05 1.472201E-14 0.000000E+00
   234    171    453 3.180100E-05 1.834689E-05 2.469971E-05 2.480800E-14 0.000000E+00
   235    453   3658 5.070770E-05 1.429179E-05 3.201467E-05 3.156738E-15 0.000000E+00
   236      1    523 2.232808E-04 2.546869E-05 1.225184E-04 2.599142E-13 0.000000E+00
   237      1   6463 1.885341E-04 5.127488E-06 9.538554E-05 3.618216E-14 0.000000E+00
   238    317    740 2.195982E-05 1.281584E-05 1.712831E-05 1.157235E-14 0.000000E+00
   239   1936   3467 7.851419E-06 5.406619E-06 6.530079E-06 1.351877E-15 0.000000E+00
   240    660   1950 2.295607E-05 6.994215E-06 1.475163E-05 2.236613E-15 0.000000E+00
   241   2544   4936 1.038392E-05 5.240043E-06 7.695385E-06 7.077888E-16 0.000000E+00
   242    176   4380 3.724734E-05 5.132243E-06 2.087353E-05 1.698693E-15 0.000000E+00
   243    897   5472 2.273003E-05 6.929685E-06 1.460851E-05 1.514668E-15 0.000000E+00
   244   2621   2972 1.177160E-05 8.122023E-06 9.798350E-06 8.281129E-16 0.000000E+00
   245   4600   4661 1.282708E-05 5.931173E-06 9.239140E-06 5.733089E-16 0.000000E+00
   246   5299   6481 1.698005E-05 1.005544E-05 1.331599E-05 1.167852E-15 0.000000E+00
   247     26    178 7.300258E-05 1.897387E-05 4.530183E-05 2.330253E-13 0.000000E+00
   248   1328   5218 1.482144E-05 7.201891E-06 1.084731E-05 8.847360E-16 0.000000E+00
   249    510   1392 3.251552E-05 1.343594E-05 2.263281E-05 3.475243E-15 0.000000E+00
   250    171   6416 4.745106E-05 2.032636E-05 3.338291E-05 4.671406E-16 0.000000E+00
   251    200   1851 3.768238E-05 7.683597E-06 2.234443E-05 6.830162E-15 0.000000E+00
   252   1145   1851 1.572365E-05 1.179258E-05 1.355277E-05 8.974762E-15 0.000000E+00
   253    833   3467 1.725464E-05 1.528553E-05 1.602725E-05 2.236613E-15 0.000000E+00
   254    439   4380 3.822273E-05 1.258900E-05 2.502668E-05 2.286158E-15 0.000000E+00
   255    476    583 2.330064E-05 1.773387E-05 2.021103E-05 3.393140E-14 0.000000E+00
   256   1039   5833 1.827996E-05 9.768080E-06 1.381471E-05 1.911030E-15 0.000000E+00
   257   2326   3204 2.610106E-05 7.173949E-06 1.638919E-05 3.333685E-15 0.000000E+00
   258   4341   6528 1.939601E-05 6.360403E-06 1.268599E-05 2.647130E-15 0.000000E+00
   259    699   1259 2.103979E-05 2.010665E-05 2.026616E-05 4.367057E-15 0.000000E+00
   260   1259   1327 1.230289E-05 1.488900E-05 1.339302E-05 3.128426E-15 0.000000E+00
   261    495   6431 2.970436E-05 6.545052E-06 1.785419E-05 4.515693E-15 0.000000E+00
   262   3033   5560 1.397353E-05 1.427973E-05 1.391579E-05 1.557135E-16 0.000000E+00
   263    178   2271 3.699641E-05 1.619099E-05 2.619678E-05 8.373142E-15 0.000000E+00
   264   1376   3173 8.312531E-06 1.448776E-05 1.122999E-05 1.443889E-15 0.000000E+00
   265    561   3173 3.351734E-05 1.535928E-05 2.407356E-05 2.264924E-16 0.000000E+00
   266   2542   5492 1.137306E-05 9.812517E-06 1.043469E-05 7.502561E-16 0.000000E+00
   267    561   2090 2.806427E-05 2.602979E-05 2.664334E-05 3.765436E-15 0.000000E+00
   268    342    575 3.909158E-05 3.514684E-05 3.656519E-05 7.290225E-16 0.000000E+00
   269    171   3658 4.064105E-05 1.103712E-05 2.545343E-05 3.744203E-15 0.000000E+00
   270    317    453 2.485107E-05 1.862355E-05 2.141287E-05 2.228119E-14 0.000000E+00
   271   4356   4909 1.017322E-05 9.552892E-06 9.715847E-06 2.689597E-16 0.000000E+00
   272    439   2155 4.300533E-05 1.795926E-05 3.002734E-05 1.224475E-15 0.000000E+00
   273    476    846 1.846729E-05 2.364050E-05 2.073966E-05 1.179884E-14 0.000000E+00
   274   3943   4310 8.438666E-06 6.798028E-06 7.504640E-06 1.068761E-15 0.000000E+00
   275   4866   5975 6.340783E-06 7.956115E-06 7.041756E-06 7.219446E-16 0.000000E+00
   276    272   5975 4.035454E-05 8.692937E-06 2.415771E-05 1.344799E-15 0.000000E+00
   277   5472   5997 9.856466E-06 8.291743E-06 8.938670E-06 1.627914E-16 0.000000E+00
   278   4488   5474 7.907132E-06 1.828319E-05 1.289971E-05 4.812964E-16 0.000000E+00
   279    638    888 1.322283E-05 1.189359E-05 1.237077E-05 1.553596E-14 0.000000E+00
   280     23   6556 6.640978E-05 6.644536E-06 3.598198E-05 1.408500E-15 0.000000E+00
   281    699   6574 1.423663E-05 7.013888E-06 1.046667E-05 8.847360E-16 0.000000E+00
   282   1793   2542 3.282984E-05 1.701465E-05 2.455027E-05 1.514668E-15 0.000000E+00
   283    171   6316 4.745489E-05 9.145192E-06 2.787765E-05 1.804861E-15 0.000000E+00
   284      1   1072 1.909877E-04 1.252663E-05 1.002384E-04 7.374452E-14 0.000000E+00
   285   1414   6416 1.500104E-05 1.244755E-05 1.351946E-05 8.210350E-16 0.000000E+00
   286    183   1831 2.510981E-05 1.160726E-05 1.808452E-05 3.906994E-15 0.000000E+00
   287    833   1940 2.576077E-05 8.506831E-06 1.687807E-05 3.602645E-15 0.000000E+00
   288   3215   4750 6.498440E-06 6.142121E-06 6.225948E-06 8.068792E-16 0.000000E+00
   289   1215   4936 3.505904E-05 5.316912E-06 1.988666E-05 4.487381E-15 0.000000E+00
   290    926   2546 1.430124E-05 2.585734E-06 8.317465E-06 1.380188E-15 0.000000E+00
   291   4692   5780 1.673136E-05 1.749868E-05 1.685957E-05 1.281098E-15 0.000000E+00
   292   3962   4694 6.428380E-06 5.697763E-06 5.972578E-06 8.422687E-16 0.000000E+00
   293   1327   3647 1.274260E-05 1.706177E-05 1.467976E-05 9.909043E-16 0.000000E+00
   294     23   1483 8.845189E-05 1.314076E-05 5.003817E-05 7.700742E-15 0.000000E+00
   295   1259   1483 2.142881E-05 2.988762E-05 2.527526E-05 2.109211E-15 0.000000E+00
   296    841   1251 2.725459E-05 2.932683E-05 2.786846E-05 7.361004E-16 0.000000E+00
   297    467   2142 3.578296E-05 1.310052E-05 2.407694E-05 5.315494E-15 0.000000E+00
   298    183   1062 2.309260E-05 2.525782E-05 2.381439E-05 1.252786E-15 0.000000E+00
   299   1215   4776 2.528503E-05 6.579786E-06 1.569461E-05 3.680502E-15 0.000000E+00
   300   3368   5935 7.569034E-06 8.924976E-06 8.123915E-06 1.840251E-16 0.000000E+00
   301    176   1802 2.660482E-05 1.390968E-05 1.995490E-05 7.304380E-15 0.000000E+00
   302   3833   4358 9.041834E-06 8.989915E-06 8.881309E-06 2.689597E-16 0.000000E+00
   303   1039   6554 1.033612E-05 3.691657E-06 6.909202E-06 2.335703E-15 0.000000E+00
   304   1483   5299 2.496578E-05 1.159524E-05 1.800767E-05 3.963617E-15 0.000000E+00
   305   3777   6481 5.984044E-06 8.322814E-06 7.046661E-06 1.974731E-15 0.000000E+00
   306   1328   2271 1.369631E-05 1.897690E-05 1.609277E-05 4.034396E-16 0.000000E+00
   307   4443   6416 1.098060E-05 7.106498E-06 8.908570E-06 1.557135E-16 0.000000E+00
   308    552   4750 3.227118E-05 4.000223E-06 1.786502E-05 9.201254E-16 0.000000E+00
   309    552   3215 3.738325E-05 4.781791E-06 2.076786E-05 3.623879E-15 0.000000E+00
   310   3215   3433 1.241514E-05 2.059766E-05 1.626003E-05 8.210350E-16 0.000000E+00
   311   3433   4170 9.056185E-06 6.385481E-06 7.605596E-06 5.520753E-16 0.000000E+00
   312    645   1932 1.562266E-05 1.304516E-05 1.411997E-05 6.370099E-17 0.000000E+00
   313    222   4922 2.471977E-05 2.776997E-06 1.354318E-05 6.596592E-15 0.000000E+00
   314    176    272 2.670010E-05 2.694569E-05 2.642255E-05 3.609723E-15 0.000000E+00
   315    863    959 1.806573E-05 2.440086E-05 2.091638E-05 4.812964E-15 0.000000E+00
   316    171    382 2.638270E-05 1.807981E-05 2.189945E-05 3.283432E-14 0.000000E+00
   317    827   5775 2.075229E-05 9.251708E-06 1.477809E-05 2.647130E-15 0.000000E+00
   318   3194   3557 8.204377E-06 4.708439E-06 6.360044E-06 1.804861E-15 0.000000E+00
   319    833   3803 1.388372E-05 6.025592E-06 9.806077E-06 3.461087E-15 0.000000E+00
   320    552   4810 4.103381E-05 6.237324E-06 2.328280E-05 5.152702E-15 0.000000E+00
   321   2392   2753 1.902199E-05 6.168553E-06 1.240728E-05 1.132462E-15 0.000000E+00
   322   2053   5498 1.357532E-05 1.134878E-05 1.227605E-05 6.228541E-16 0.000000E+00
   323    222   2155 3.055547E-05 7.517946E-06 1.875258E-05 1.034787E-14 0.000000E+00
   324    176    222 4.476133E-05 4.503726E-05 4.422916E-05 6.186074E-15 0.000000E+00
   325   3175   3833 9.156411E-06 8.136820E-06 8.517562E-06 2.901934E-16 0.000000E+00
   326    671    897 1.465627E-05 1.798873E-05 1.607888E-05 1.460876E-14 0.000000E+00
   327    291    583 1.374742E-05 2.477268E-05 1.897259E-05 2.596169E-14 0.000000E+00
   328    897   5474 2.903082E-05 1.414239E-05 2.126441E-05 7.502561E-16 0.000000E+00
   329   2326   2536 1.047137E-05 1.658363E-05 1.332560E-05 1.770180E-14 0.000000E+00
   330    699   4341 3.092521E-05 7.291918E-06 1.882336E-05 1.125384E-15 0.000000E+00
   331   2648   2901 9.442081E-06 8.140602E-06 8.660127E-06 1.295254E-15 0.000000E+00
   332    515   1327 2.882312E-05 1.526348E-05 2.171430E-05 1.429733E-15 0.000000E+00
   333    171   4298 3.617714E-05 1.538048E-05 2.539405E-05 2.264924E-16 0.000000E+00
   334    740    941 1.974135E-05 1.074608E-05 1.501620E-05 1.297377E-14 0.000000E+00
   335   2394   2476 1.725997E-05 7.259653E-06 1.207683E-05 6.377177E-15 0.000000E+00
   336    556   2392 3.312131E-05 1.729913E-05 2.483395E-05 1.394344E-15 0.000000E+00
   337   2545   4895 1.869098E-05 8.446338E-06 1.336614E-05 8.210350E-16 0.000000E+00
   338   4468   5822 7.343820E-06 6.046860E-06 6.595410E-06 2.831155E-16 0.000000E+00
   339     58   1483 6.198057E-05 1.258217E-05 3.672493E-05 3.588489E-15 0.000000E+00
   340    178   1328 3.775092E-05 1.443134E-05 2.570171E-05 7.077888E-17 0.000000E+00
   341   1793   2417 2.826081E-05 1.580331E-05 2.170322E-05 8.153727E-15 0.000000E+00
   342    984   1392 1.274575E-05 9.437239E-06 1.092595E-05 1.953497E-15 0.000000E+00
   343   1072   5491 2.167371E-05 8.375191E-06 1.480020E-05 1.620836E-15 0.000000E+00
   344    467   1409 2.508111E-05 2.571762E-05 2.502027E-05 4.671406E-15 0.000000E+00
   345    327    856 2.283817E-05 1.295710E-05 1.763051E-05 9.448980E-15 0.000000E+00
   346    327    871 2.976188E-05 9.384367E-06 1.928099E-05 7.686586E-15 0.000000E+00
   347   1950   4810 1.574985E-05 9.231172E-06 1.230408E-05 2.194145E-15 0.000000E+00
   348   1523   4265 1.498520E-05 1.235354E-05 1.346535E-05 7.290225E-16 0.000000E+00
   349    846   2544 2.714243E-05 1.742018E-05 2.194875E-05 1.026294E-15 0.000000E+00
   350   2296   4388 1.563171E-05 1.365356E-05 1.442409E-05 2.965635E-15 0.000000E+00
   351   3368   3407 1.291132E-05 1.697082E-05 1.471807E-05 1.075839E-15 0.000000E+00
   352    272   4539 4.581458E-05 6.416623E-06 2.572582E-05 7.077888E-16 0.000000E+00
   353   3647   6574 1.289840E-05 8.644529E-06 1.061070E-05 1.054605E-15 0.000000E+00
   354   6618   6619 5.586108E-06 5.832146E-06 5.623916E-06 6.086984E-16 0.000000E+00
   355    561    898 3.955456E-05 4.052947E-05 3.944437E-05 1.734083E-15 0.000000E+00
   356   1409   3939 1.551542E-05 6.359232E-06 1.077408E-05 3.510632E-15 0.000000E+00
   357   1950   3584 8.725286E-06 4.832496E-06 6.677714E-06 1.245708E-15 0.000000E+00
   358    222    439 3.554861E-05 2.145936E-05 2.807855E-05 6.293658E-14 0.000000E+00
   359    638   2070 1.684109E-05 9.464547E-06 1.295651E-05 3.524788E-15 0.000000E+00
   360   4604   4608 8.865815E-06 9.201267E-06 8.898712E-06 1.705771E-15 0.000000E+00
   361     23     58 7.023489E-05 4.948177E-05 5.896492E-05 4.318219E-13 0.000000E+00
   362     23   5262 8.287270E-05 1.048524E-05 4.598227E-05 5.747245E-15 0.000000E+00
   363     81   2271 3.444506E-05 1.420101E-05 2.396000E-05 4.989911E-15 0.000000E+00
   364    863   1251 3.459523E-05 3.216484E-05 3.288183E-05 4.664328E-15 0.000000E+00
   365   1470   3576 1.159522E-05 3.325377E-06 7.348951E-06 2.986869E-15 0.000000E+00
   366   1072   4229 1.027468E-05 7.321762E-06 8.666905E-06 1.182007E-15 0.000000E+00
   367    660   1809 3.289956E-05 2.261224E-05 2.734163E-05 1.663304E-15 0.000000E+00
   368    660   3584 1.774753E-05 8.869385E-06 1.310982E-05 1.613758E-15 0.000000E+00
   369    556    687 1.255739E-05 1.447940E-05 1.331662E-05 4.439959E-14 0.000000E+00
   370   4934   5882 9.473084E-06 6.831486E-06 8.030609E-06 1.868562E-15 0.000000E+00
   371    846   5882 2.385711E-05 6.946610E-06 1.517198E-05 1.804861E-15 0.000000E+00
   372   1812   3962 1.520721E-05 6.912396E-06 1.089473E-05 3.347841E-15 0.000000E+00
   373    895    926 2.746709E-05 1.584959E-05 2.133508E-05 7.297303E-15 0.000000E+00
   374   3006   4631 1.822426E-05 1.117768E-05 1.448155E-05 1.111228E-15 0.000000E+00
   375    515   6481 3.003968E-05 1.299661E-05 2.119698E-05 9.413591E-16 0.000000E+00
   376    499   5299 2.358868E-05 1.035150E-05 1.671680E-05 4.536926E-15 0.000000E+00
   377   2514   2950 8.581478E-06 3.626150E-06 6.012713E-06 2.583429E-15 0.000000E+00
   378    863   1837 1.769391E-05 7.873794E-06 1.259305E-05 1.123969E-14 0.000000E+00
   379    863   1608 1.975998E-05 1.228324E-05 1.578248E-05 3.199205E-15 0.000000E+00
   380    836   1392 1.710022E-05 9.795053E-06 1.324693E-05 4.897898E-15 0.000000E+00
   381    171   1392 4.041731E-05 3.132062E-05 3.533361E-05 1.068761E-15 0.000000E+00
   382   1062   4578 2.978508E-05 1.282304E-05 2.098609E-05 1.245708E-15 0.000000E+00
   383   1670   4020 1.526006E-05 9.936929E-06 1.241046E-05 4.239655E-15 0.000000E+00
   384   4793   4794 6.281708E-06 2.924734E-06 4.534516E-06 8.139571E-16 0.000000E+00
   385   4154   4794 1.184300E-05 4.549769E-06 8.074050E-06 9.342812E-16 0.000000E+00
   386    417   1172 3.046485E-05 1.128534E-05 2.056353E-05 3.502847E-14 0.000000E+00
   387   1215   3469 3.253236E-05 1.802635E-05 2.490205E-05 4.572316E-15 0.000000E+00
   388    439   5975 1.506534E-05 8.386017E-06 1.155067E-05 4.388291E-15 0.000000E+00
   389   4884   6055 1.430840E-05 9.748268E-06 1.184881E-05 3.319529E-15 0.000000E+00
   390    495   4631 3.044281E-05 7.822036E-06 1.884686E-05 7.474250E-15 0.000000E+00
   391    495    515 3.073537E-05 1.725172E-05 2.363543E-05 2.682520E-14 0.000000E+00
   392   1378   5257 1.963036E-05 6.298428E-06 1.277089E-05 1.075839E-15 0.000000E+00
   393   2994   5560 1.271382E-05 6.745746E-06 9.584563E-06 2.194145E-15 0.000000E+00
   394     69   5203 5.731329E-05 2.199848E-05 3.906401E-05 5.924192E-15 0.000000E+00
   395     81   5203 5.666844E-05 1.712174E-05 3.634441E-05 1.554304E-14 0.000000E+00
   396   1392   2477 3.132135E-05 3.135210E-05 3.086901E-05 1.394344E-15 0.000000E+00
   397    646   3939 5.211910E-05 6.454149E-06 2.884951E-05 1.231553E-15 0.000000E+00
   398    870   4229 1.756006E-05 1.828703E-05 1.765603E-05 1.146618E-15 0.000000E+00
   399   3192   3860 9.337578E-06 5.890864E-06 7.500576E-06 1.054605E-15 0.000000E+00
   400   1172   3347 2.014288E-05 6.693772E-06 1.321805E-05 5.096079E-15 0.000000E+00
   401   1215   4934 1.935447E-05 1.987587E-05 1.932241E-05 3.680502E-15 0.000000E+00
   402    638   1394 2.272231E-05 1.640915E-05 1.927370E-05 8.918139E-15 0.000000E+00
   403    895   2621 1.280323E-05 9.678113E-06 1.107290E-05 3.361997E-15 0.000000E+00
   404   4608   6539 1.594842E-05 1.366700E-05 1.458670E-05 2.923168E-15 0.000000E+00
   405     23   1259 7.752262E-05 2.182747E-05 4.893363E-05 4.430758E-15 0.000000E+00
   406    178   6723 2.284306E-05 6.421490E-06 1.441388E-05 1.762394E-15 0.000000E+00
   407   5232   5236 1.031775E-05 1.571541E-05 1.282230E-05 5.449974E-16 0.000000E+00
   408    510    836 2.682070E-05 2.960596E-05 2.779224E-05 1.252786E-15 0.000000E+00
   409      1   1246 2.130761E-04 2.707728E-05 1.182845E-04 8.417024E-14 0.000000E+00
   410   1062   3614 2.445079E-05 7.848656E-06 1.590868E-05 1.585447E-15 0.000000E+00
   411    660    687 2.281588E-05 3.118403E-05 2.659697E-05 4.671406E-16 0.000000E+00
   412   1523   2875 1.573682E-05 9.637005E-06 1.249756E-05 1.082917E-15 0.000000E+00
   413    222   1802 3.581596E-05 1.235729E-05 2.372712E-05 1.907491E-14 0.000000E+00
   414    272    439 4.006658E-05 2.701690E-05 3.304112E-05 2.681104E-14 0.000000E+00
   415     23    222 1.077034E-04 4.573622E-05 7.557476E-05 2.664117E-14 0.000000E+00
   416   3231   4292 8.141266E-06 6.428810E-06 7.176306E-06 2.385248E-15 0.000000E+00
   417   1645   2886 9.504680E-06 8.469138E-06 8.852776E-06 2.123366E-15 0.000000E+00
   418   1645   2197 8.486035E-06 4.639369E-06 6.464751E-06 3.425698E-15 0.000000E+00
   419     23    469 7.003220E-05 1.920077E-05 4.395057E-05 1.002795E-13 0.000000E+00
   420   1259   1436 2.810858E-05 1.684237E-05 2.214002E-05 1.148741E-14 0.000000E+00
   421     58   5262 4.358373E-05 1.113413E-05 2.695059E-05 7.417627E-15 0.000000E+00
   422    499   1483 2.652748E-05 2.774370E-05 2.673058E-05 9.951511E-15 0.000000E+00
   423    863   1397 2.707733E-05 1.517742E-05 2.081204E-05 3.482321E-15 0.000000E+00
   424    836   2477 1.233043E-05 2.587593E-05 1.881806E-05 7.445938E-15 0.000000E+00
   425    467   1091 1.167204E-05 1.277707E-05 1.204210E-05 1.337013E-14 0.000000E+00
   426   2875   4265 1.522081E-05 1.283538E-05 1.381872E-05 1.245708E-15 0.000000E+00
   427    699   3647 2.817143E-05 8.960803E-06 1.828901E-05 2.052588E-16 0.000000E+00
   428     23    699 6.892014E-05 3.311817E-05 5.025768E-05 3.093745E-14 0.000000E+00
   429   1397   1608 1.183802E-05 1.102232E-05 1.125957E-05 6.801850E-15 0.000000E+00
   430    646   1409 4.181230E-05 2.401783E-05 3.242380E-05 1.073008E-14 0.000000E+00
   431    327    528 2.151792E-05 1.148428E-05 1.625481E-05 2.051172E-14 0.000000E+00
   432    528    871 1.856019E-05 1.475071E-05 1.640686E-05 5.570298E-15 0.000000E+00
   433    604   4265 3.035870E-05 9.087955E-06 1.942895E-05 5.591532E-16 0.000000E+00
   434   4863   4865 8.243118E-06 9.309878E-06 8.645506E-06 3.298296E-15 0.000000E+00
   435     85    176 4.426951E-05 2.482370E-05 3.403098E-05 2.015783E-14 0.000000E+00
   436   4062   5236 6.527209E-06 4.756394E-06 5.557595E-06 3.220439E-15 0.000000E+00
   437   2446   5410 1.378134E-05 7.145005E-06 1.030701E-05 2.937324E-15 0.000000E+00
   438    646   1470 1.374444E-05 1.446082E-05 1.389214E-05 1.119722E-14 0.000000E+00
   439    171   2477 4.038078E-05 2.628798E-05 3.283686E-05 9.484370E-16 0.000000E+00
   440      1   4229 1.896212E-04 1.736184E-05 1.019469E-04 4.946028E-14 0.000000E+00
   441    453    584 3.103152E-05 2.937298E-05 2.975147E-05 2.007289E-14 0.000000E+00
   442   5532   5778 1.236261E-05 1.167691E-05 1.184036E-05 1.911030E-16 0.000000E+00
   443   1940   1950 1.092854E-05 1.542889E-05 1.298202E-05 7.998013E-16 0.000000E+00
   444   2886   3369 4.882938E-06 3.777175E-06 4.265429E-06 1.755316E-15 0.000000E+00
   445   1394   2925 2.255310E-05 8.110036E-06 1.510274E-05 1.061683E-15 0.000000E+00
   446   1259   6421 1.565838E-05 1.323282E-05 1.422999E-05 1.755316E-15 0.000000E+00
   447   1436   5299 1.228052E-05 7.771299E-06 9.876270E-06 1.507590E-15 0.000000E+00
   448    862   5409 1.012578E-05 7.486613E-06 8.674762E-06 3.241673E-15 0.000000E+00
   449   2446   2521 1.241095E-05 1.430575E-05 1.315897E-05 9.364046E-15 0.000000E+00
   450    382    584 1.761383E-05 1.454831E-05 1.584106E-05 3.204160E-14 0.000000E+00
   451    383    585 1.701354E-05 1.582432E-05 1.617387E-05 1.053898E-14 0.000000E+00
   452    827   1809 1.837093E-05 1.280165E-05 1.535366E-05 1.222351E-14 0.000000E+00
   453    552   3803 2.421008E-05 1.107605E-05 1.737974E-05 1.861485E-15 0.000000E+00
   454    645    807 1.521826E-05 1.468285E-05 1.472741E-05 1.945004E-14 0.000000E+00
   455   4607   4608 1.894256E-05 1.292902E-05 1.569794E-05 1.040450E-15 0.000000E+00
   456   4708   6541 1.103222E-05 8.508040E-06 9.624308E-06 3.347841E-15 0.000000E+00
   457    699   1681 3.726676E-05 1.464609E-05 2.556902E-05 7.629963E-15 0.000000E+00
   458   1378   6525 1.655791E-05 6.049108E-06 1.113480E-05 8.351908E-16 0.000000E+00
   459    898   1780 2.985567E-05 1.484415E-05 2.201633E-05 1.023463E-14 0.000000E+00
   460   2477   4298 1.536218E-05 7.972899E-06 1.149340E-05 3.645112E-15 0.000000E+00
   461     80    890 3.612930E-05 9.495125E-06 2.247173E-05 1.832465E-14 0.000000E+00
   462    509   3192 2.884097E-05 1.407357E-05 2.113702E-05 3.262906E-15 0.000000E+00
   463    200   6197 6.732734E-05 1.335195E-05 3.973756E-05 1.231553E-14 0.000000E+00
   464   3469   4737 9.896376E-06 1.166591E-05 1.062023E-05 3.864527E-15 0.000000E+00
   465     23     85 9.345474E-05 2.461920E-05 5.815582E-05 4.066671E-13 0.000000E+00
   466   2197   2886 9.155103E-06 6.118991E-06 7.523062E-06 1.705771E-15 0.000000E+00
   467   1039   3534 2.251350E-05 2.107824E-05 2.147056E-05 2.123366E-15 0.000000E+00
   468    821   5764 2.610313E-05 1.053921E-05 1.804772E-05 1.472201E-15 0.000000E+00
   469   4641   6429 1.175289E-05 6.749893E-06 9.113312E-06 3.751281E-16 0.000000E+00
   470   5254   6443 1.144130E-05 7.453127E-06 9.306211E-06 5.945426E-16 0.000000E+00
   471    495   3108 2.504698E-05 1.093209E-05 1.772103E-05 1.208903E-14 0.000000E+00
   472   1261   2259 2.658708E-05 1.013391E-05 1.808646E-05 1.126092E-14 0.000000E+00
   473   3469   4217 7.786229E-06 9.920339E-06 8.721145E-06 2.165834E-15 0.000000E+00
   474    272   5937 6.037810E-05 7.753687E-06 3.355745E-05 1.542980E-15 0.000000E+00
   475    638   2154 2.277179E-05 2.082997E-05 2.147549E-05 2.760376E-15 0.000000E+00
   476   1681   3647 6.605342E-06 6.539585E-06 6.474367E-06 4.119331E-15 0.000000E+00
   477    499   2226 2.048034E-05 6.616964E-06 1.334643E-05 6.646137E-15 0.000000E+00
   478   3393   3907 1.308828E-05 1.307852E-05 1.288813E-05 2.463105E-15 0.000000E+00
   479   1017   2417 2.131809E-05 3.366248E-05 2.707998E-05 1.663304E-15 0.000000E+00
   480    646   1397 1.810559E-05 2.317147E-05 2.033049E-05 5.718934E-15 0.000000E+00
   481   1027   3321 2.553940E-05 1.151617E-05 1.825125E-05 5.329650E-15 0.000000E+00
   482    382   1417 2.793090E-05 1.321777E-05 2.026726E-05 5.265949E-15 0.000000E+00
   483   1091   2120 1.683438E-05 2.021212E-05 1.824678E-05 3.425698E-15 0.000000E+00
   484   1091   6197 1.779892E-05 1.298267E-05 1.516108E-05 5.584454E-15 0.000000E+00
   485    523    931 3.386515E-05 2.908686E-05 3.100621E-05 7.233602E-15 0.000000E+00
   486    201    687 5.123606E-05 3.371173E-05 4.183996E-05 1.475032E-14 0.000000E+00
   487    222    279 2.074622E-05 2.398546E-05 2.203202E-05 7.479912E-14 0.000000E+00
   488    604   4940 2.692123E-05 1.190288E-05 1.912233E-05 2.866545E-15 0.000000E+00
   489    604    807 2.094719E-05 1.192284E-05 1.618971E-05 2.342073E-14 0.000000E+00
   490   2150   3231 6.246274E-06 1.261624E-05 9.290493E-06 2.710831E-15 0.000000E+00
   491    897   5846 2.852864E-05 8.054466E-06 1.801855E-05 2.859467E-15 0.000000E+00
   492   2021   4662 1.364150E-05 1.213216E-05 1.269449E-05 2.760376E-15 0.000000E+00
   493    515   6434 2.819935E-05 9.059924E-06 1.835158E-05 4.529848E-16 0.000000E+00
   494   1259   6434 1.842160E-05 6.509512E-06 1.227950E-05 1.061683E-15 0.000000E+00
   495   2005   2994 2.321028E-05 8.241808E-06 1.549133E-05 1.387266E-15 0.000000E+00
   496   2233   3907 1.605629E-05 9.171055E-06 1.242541E-05 2.392326E-15 0.000000E+00
   497   1017   1793 1.754797E-05 1.005044E-05 1.359325E-05 1.002937E-14 0.000000E+00
   498   3526   4298 5.330498E-06 4.464035E-06 4.824173E-06 1.189085E-15 0.000000E+00
   499    552    833 2.410080E-05 2.502546E-05 2.419651E-05 1.748238E-15 0.000000E+00
   500    325   4896 6.284008E-05 1.234107E-05 3.702952E-05 1.066638E-14 0.000000E+00
   501    583    846 3.168986E-05 2.462525E-05 2.773730E-05 2.158756E-15 0.000000E+00
   502     23    439 9.388780E-05 2.989370E-05 6.096701E-05 3.871605E-14 0.000000E+00
   503    638   6529 1.693622E-05 4.428911E-06 1.052312E-05 2.321547E-15 0.000000E+00
   504     23   2290 8.308264E-05 1.096122E-05 4.632011E-05 9.909043E-16 0.000000E+00
   505     23   1436 1.087880E-04 2.028412E-05 6.357283E-05 1.237923E-14 0.000000E+00
   506    515   1436 2.520545E-05 2.196575E-05 2.323358E-05 7.007109E-16 0.000000E+00
   507   1436   2226 1.453162E-05 1.149823E-05 1.282067E-05 4.544004E-15 0.000000E+00
   508   1235   2233 1.933314E-05 1.192190E-05 1.539427E-05 8.366064E-15 0.000000E+00
   509    836    959 1.264179E-05 2.210712E-05 1.711513E-05 1.002937E-14 0.000000E+00
   510    509    584 2.691601E-05 2.584024E-05 2.598442E-05 1.949958E-14 0.000000E+00
   511    827    833 3.753880E-05 2.699468E-05 3.178514E-05 6.249775E-15 0.000000E+00
   512   5814   5847 8.228586E-06 7.541246E-06 7.767231E-06 1.458045E-15 0.000000E+00
   513   1172   4749 2.669411E-05 5.605127E-06 1.590858E-05 9.413591E-16 0.000000E+00
   514   3758   4743 5.573960E-06 5.535658E-06 5.471901E-06 2.229535E-15 0.000000E+00
   515    439   5937 1.832268E-05 4.221406E-06 1.110380E-05 2.944401E-15 0.000000E+00
   516   4542   4549 5.986179E-06 6.370653E-06 6.086201E-06 1.019216E-15 0.000000E+00
   517    291    821 3.709285E-05 1.575331E-05 2.602871E-05 2.802844E-15 0.000000E+00
   518   1378   2399 2.467293E-05 1.085920E-05 1.750090E-05 1.525993E-14 0.000000E+00
   519     58    499 6.409960E-05 2.300069E-05 4.290014E-05 5.824394E-14 0.000000E+00
   520   1914   2090 1.333357E-05 1.467866E-05 1.379707E-05 5.570298E-15 0.000000E+00
   521   1027   1397 1.244792E-05 9.137149E-06 1.063145E-05 6.235619E-15 0.000000E+00
   522      1    890 1.201788E-04 1.933883E-05 6.871763E-05 3.461653E-13 0.000000E+00
   523    552   2125 2.159708E-05 1.108987E-05 1.609954E-05 4.232577E-15 0.000000E+00
   524    457   2392 3.501158E-05 9.862985E-06 2.210240E-05 2.243690E-15 0.000000E+00
   525   4737   4782 1.203698E-05 5.358072E-06 8.567714E-06 9.201254E-16 0.000000E+00
   526    504    807 1.836403E-05 1.208466E-05 1.499711E-05 1.167852E-14 0.000000E+00
   527    222   5918 4.752396E-05 3.529258E-06 2.514562E-05 2.151678E-15 0.000000E+00
   528   2599   4854 7.528346E-06 7.941432E-06 7.619443E-06 2.215379E-15 0.000000E+00
   529   2886   4492 6.049201E-06 7.391184E-06 6.619891E-06 8.776581E-16 0.000000E+00
   530   3369   4492 7.388566E-06 7.105356E-06 7.138797E-06 1.068761E-15 0.000000E+00
   531     23   1170 5.928248E-05 2.471269E-05 4.137075E-05 9.095086E-15 0.000000E+00
   532   2958   4631 1.624898E-05 9.747993E-06 1.280448E-05 6.794772E-16 0.000000E+00
   533   6421   6434 7.632302E-06 4.216103E-06 5.835781E-06 1.125384E-15 0.000000E+00
   534   1316   3050 1.780118E-05 5.278639E-06 1.136767E-05 6.794772E-16 0.000000E+00
   535    898   1914 3.086712E-05 1.153397E-05 2.088412E-05 1.895458E-14 0.000000E+00
   536    827   3341 2.482081E-05 2.003180E-05 2.209158E-05 1.109813E-14 0.000000E+00
   537   2125   4825 1.608154E-05 1.711185E-05 1.634899E-05 4.848353E-15 0.000000E+00
   538    807   4940 2.312674E-05 9.198404E-06 1.592134E-05 2.831155E-16 0.000000E+00
   539    504    645 1.864452E-05 2.216265E-05 2.009905E-05 4.267966E-15 0.000000E+00
   540    807   5961 1.821379E-05 1.279001E-05 1.527053E-05 9.059697E-16 0.000000E+00
   541   4028   5970 7.139062E-06 1.244611E-05 9.646427E-06 3.751281E-16 0.000000E+00
   542    512    583 2.609214E-05 2.498531E-05 2.515755E-05 2.405774E-14 0.000000E+00
   543    495   2958 2.840940E-05 1.005203E-05 1.894369E-05 7.891845E-15 0.000000E+00
   544   1643   2994 1.050234E-05 1.231387E-05 1.123783E-05 1.019216E-15 0.000000E+00
   545     26   2271 7.802235E-05 1.915709E-05 4.786450E-05 3.199205E-15 0.000000E+00
   546    593   1780 2.491455E-05 8.598181E-06 1.650627E-05 3.177972E-15 0.000000E+00
   547   2477   3526 1.236677E-05 3.014623E-06 7.575908E-06 3.638034E-15 0.000000E+00
   548    585   6610 2.313870E-05 7.003211E-06 1.484602E-05 2.611741E-15 0.000000E+00
   549    833   3341 3.057460E-05 1.513381E-05 2.251310E-05 1.932263E-15 0.000000E+00
   550   3858   5847 2.275009E-05 9.423667E-06 1.584677E-05 3.319529E-15 0.000000E+00
   551   3758   6020 9.746917E-06 5.904978E-06 7.709142E-06 1.585447E-15 0.000000E+00
   552   3140   5548 1.889327E-05 1.080171E-05 1.462589E-05 2.130444E-15 0.000000E+00
   553    279    417 5.499381E-05 4.063883E-05 4.710264E-05 2.119827E-14 0.000000E+00
   554   2875   3303 1.735394E-05 1.431363E-05 1.559746E-05 4.628939E-15 0.000000E+00
   555    417    604 5.144614E-05 2.031015E-05 3.534265E-05 4.317512E-15 0.000000E+00
   556   4844   5916 1.080960E-05 1.694139E-05 1.366840E-05 1.967653E-15 0.000000E+00
   557    291    512 3.716399E-05 2.048696E-05 2.839524E-05 2.335703E-16 0.000000E+00
   558   1914   2537 2.804207E-05 1.052748E-05 1.899694E-05 2.944401E-15 0.000000E+00
   559    457    556 1.992439E-05 1.565445E-05 1.752391E-05 1.827511E-14 0.000000E+00
   560   3303   4765 5.954188E-06 9.186742E-06 7.457473E-06 2.179990E-15 0.000000E+00
   561    325   5925 3.117242E-05 1.182510E-05 2.117788E-05 7.219446E-16 0.000000E+00
   562   2460   5894 2.039409E-05 1.031999E-05 1.512783E-05 4.218421E-15 0.000000E+00
   563     85    272 3.129477E-05 4.041178E-05 3.531815E-05 7.028343E-15 0.000000E+00
   564   2154   6529 1.388042E-05 2.861150E-06 8.245850E-06 1.705771E-15 0.000000E+00
   565   1681   2351 1.543197E-05 1.209524E-05 1.355818E-05 4.933288E-15 0.000000E+00
   566    593   2116 2.119893E-05 6.020563E-06 1.340662E-05 3.829137E-15 0.000000E+00
   567    383   2422 2.517515E-05 1.387152E-05 1.923194E-05 3.652190E-15 0.000000E+00
   568    931   4020 2.672426E-05 1.221636E-05 1.917971E-05 4.069786E-15 0.000000E+00
   569    201    556 5.624049E-05 2.335726E-05 3.920486E-05 3.291218E-15 0.000000E+00
   570    417    807 5.164235E-05 2.184958E-05 3.619752E-05 3.192127E-15 0.000000E+00
   571    890   6322 1.523070E-05 1.116375E-05 1.300025E-05 5.803868E-15 0.000000E+00
   572      1    931 2.199459E-04 1.935525E-05 1.178647E-04 1.364971E-13 0.000000E+00
   573    687   1809 4.968419E-05 7.980990E-06 2.840225E-05 5.096079E-15 0.000000E+00
   574   4930   5961 1.049682E-05 4.908428E-06 7.587657E-06 9.272033E-16 0.000000E+00
   575    218    439 4.598536E-05 1.646963E-05 3.076141E-05 3.483029E-14 0.000000E+00
   576    272   3861 6.201181E-05 1.149677E-05 3.620572E-05 1.811939E-15 0.000000E+00
   577    272   4494 5.341464E-05 3.786205E-06 2.817355E-05 2.017198E-15 0.000000E+00
   578   1394   2154 1.607896E-05 1.092605E-05 1.330097E-05 1.542272E-14 0.000000E+00
   579   4607   5619 1.240990E-05 4.313977E-06 8.237132E-06 1.911030E-15 0.000000E+00
   580   1681   1804 2.243703E-05 1.965874E-05 2.073373E-05 1.242169E-14 0.000000E+00
   581    895   1962 1.949635E-05 1.181894E-05 1.542395E-05 4.168876E-15 0.000000E+00
   582    495   3021 3.061549E-05 8.533426E-06 1.928230E-05 1.321442E-14 0.000000E+00
   583   3108   6525 8.996031E-06 6.504774E-06 7.634725E-06 7.573340E-16 0.000000E+00
   584   3050   6733 6.325237E-06 3.537549E-06 4.857791E-06 8.139571E-16 0.000000E+00
   585   3858   4814 1.544790E-05 1.341594E-05 1.421652E-05 9.484370E-16 0.000000E+00
   586   2579   4749 1.692122E-05 5.048194E-06 1.082076E-05 3.609723E-16 0.000000E+00
   587    279    504 2.870859E-05 1.437789E-05 2.122170E-05 2.959973E-14 0.000000E+00
   588   2569   4934 2.688384E-05 1.931693E-05 2.275560E-05 1.068761E-15 0.000000E+00
   589   4217   5899 1.821172E-05 3.206435E-06 1.054924E-05 1.514668E-15 0.000000E+00
   590   4938   5903 4.324534E-06 2.810951E-06 3.514493E-06 1.748238E-15 0.000000E+00
   591   4941   5956 6.615039E-06 5.915001E-06 6.171513E-06 5.733089E-16 0.000000E+00
   592     85    439 3.600446E-05 2.912159E-05 3.207701E-05 2.667656E-14 0.000000E+00
   593    821   2536 2.380726E-05 2.245890E-05 2.278781E-05 8.104182E-15 0.000000E+00
   594   1812   2078 1.358827E-05 9.882172E-06 1.156007E-05 5.379195E-15 0.000000E+00
   595    895   2518 1.957448E-05 1.729008E-05 1.815717E-05 2.413560E-15 0.000000E+00
   596     58   2290 7.737229E-05 2.069148E-05 4.830007E-05 6.101139E-15 0.000000E+00
   597    862   1605 2.899326E-05 1.519157E-05 2.176268E-05 2.174327E-14 0.000000E+00
   598   3184   3393 1.049670E-05 9.879962E-06 1.003626E-05 1.557135E-15 0.000000E+00
   599    593   1476 2.042017E-05 2.375191E-05 2.175640E-05 5.457052E-15 0.000000E+00
   600   2970   4825 1.317112E-05 1.594764E-05 1.434207E-05 2.548040E-16 0.000000E+00
   601    457   3338 2.808306E-05 1.047587E-05 1.899171E-05 7.382237E-15 0.000000E+00
   602   1076   1868 1.331859E-05 1.473351E-05 1.381671E-05 6.440878E-15 0.000000E+00
   603   3512   6421 1.730709E-05 4.346651E-06 1.066528E-05 2.399404E-15 0.000000E+00
   604   2399   3108 1.582332E-05 1.756746E-05 1.644620E-05 2.208301E-15 0.000000E+00
   605    495   2785 4.950546E-05 6.274329E-06 2.747363E-05 2.243690E-15 0.000000E+00
   606   2226   2785 1.748847E-05 5.384833E-06 1.126596E-05 2.866545E-15 0.000000E+00
   607   3030   3050 6.268858E-06 4.477967E-06 5.293212E-06 1.189085E-15 0.000000E+00
   608    898    994 1.307926E-05 1.638243E-05 1.451098E-05 8.684569E-15 0.000000E+00
   609      1   6322 1.177170E-04 1.294886E-05 6.435783E-05 1.675336E-13 0.000000E+00
   610   2629   2661 1.243548E-05 1.121942E-05 1.165092E-05 5.740167E-15 0.000000E+00
   611    869   2629 4.675613E-05 1.839122E-05 3.208750E-05 1.613758E-15 0.000000E+00
   612   2818   5970 1.023835E-05 1.268121E-05 1.128874E-05 3.085959E-15 0.000000E+00
   613   5956   5971 7.729700E-06 8.540656E-06 8.013757E-06 8.351908E-16 0.000000E+00
   614   1366   1394 2.482291E-05 2.918135E-05 2.659911E-05 1.201118E-14 0.000000E+00
   615   3251   3764 5.481441E-06 1.139903E-05 8.314263E-06 1.535902E-15 0.000000E+00
   616   1914   4998 2.150528E-05 2.593275E-06 1.186944E-05 1.847329E-15 0.000000E+00
   617   1017   1475 2.077602E-05 9.833184E-06 1.507618E-05 6.334710E-15 0.000000E+00
   618   1296   2402 2.151795E-05 2.134055E-05 2.110941E-05 2.760376E-15 0.000000E+00
   619    325   6043 4.591273E-05 5.406005E-06 2.527639E-05 1.599603E-15 0.000000E+00
   620   4217   4941 2.339397E-05 8.533364E-06 1.572540E-05 1.826095E-15 0.000000E+00
   621    218    279 4.409885E-05 2.084758E-05 3.198854E-05 7.488406E-15 0.000000E+00
   622   3861   5667 1.380417E-05 1.986820E-05 1.658490E-05 1.634992E-15 0.000000E+00
   623     85   4494 6.132072E-05 7.261291E-06 3.377920E-05 1.719927E-15 0.000000E+00
   624   1962   2518 1.352060E-05 1.729008E-05 1.517541E-05 2.272002E-15 0.000000E+00
   625   4634   4662 1.100808E-05 1.064916E-05 1.066700E-05 1.712849E-15 0.000000E+00
   626     23   3512 1.065081E-04 1.802854E-05 6.133896E-05 8.507621E-15 0.000000E+00
   627    495   2399 3.000202E-05 1.741868E-05 2.335647E-05 2.491417E-15 0.000000E+00
   628     58   5203 3.192089E-05 9.663901E-06 2.048206E-05 1.027002E-14 0.000000E+00
   629   1316   5553 2.090628E-05 1.871612E-05 1.951551E-05 3.991929E-15 0.000000E+00
   630    862   1155 3.427309E-05 1.137838E-05 2.248506E-05 1.429026E-14 0.000000E+00
   631   1388   2422 9.650346E-06 1.227199E-05 1.079757E-05 3.588489E-15 0.000000E+00
   632    852   2680 2.553281E-05 1.430371E-05 1.962097E-05 2.470183E-15 0.000000E+00
   633    807   4930 1.966370E-05 5.604676E-06 1.244562E-05 2.937324E-15 0.000000E+00
   634    218    222 3.981542E-05 2.582318E-05 3.232946E-05 3.814982E-14 0.000000E+00
   635    325   2102 3.873602E-05 1.137944E-05 2.468373E-05 8.351908E-15 0.000000E+00
   636   1843   5202 9.218391E-06 4.624236E-06 6.818010E-06 5.527831E-15 0.000000E+00
   637    201    457 3.988292E-05 2.641735E-05 3.265536E-05 1.860069E-14 0.000000E+00
   638   2629   4102 1.850827E-05 1.233229E-05 1.519013E-05 3.043492E-16 0.000000E+00
   639    869   2579 3.749180E-05 1.213401E-05 2.444256E-05 5.591532E-15 0.000000E+00
   640    279    604 4.705926E-05 2.008638E-05 3.307174E-05 2.548040E-16 0.000000E+00
   641    504   5961 2.259060E-05 1.242542E-05 1.724670E-05 1.903952E-15 0.000000E+00
   642   2102   4828 1.389494E-05 1.992420E-05 1.665719E-05 2.109211E-15 0.000000E+00
   643   3727   5759 7.464919E-06 7.381163E-06 7.312249E-06 5.662310E-16 0.000000E+00
   644   1843   2399 1.491168E-05 1.806819E-05 1.624382E-05 1.085748E-14 0.000000E+00
   645    509   4420 3.009623E-05 3.916594E-06 1.675259E-05 4.395368E-15 0.000000E+00
   646    201   1809 4.513625E-05 1.047830E-05 2.739224E-05 1.061683E-15 0.000000E+00
   647    528    761 1.874444E-05 8.405450E-06 1.337233E-05 4.027318E-15 0.000000E+00
   648    325   4785 3.448832E-05 1.431643E-05 2.403816E-05 3.071803E-15 0.000000E+00
   649    923   5865 3.919723E-05 1.122337E-05 2.483403E-05 1.174929E-15 0.000000E+00
   650   1651   1812 1.728312E-05 1.783185E-05 1.729543E-05 1.436811E-15 0.000000E+00
   651   2078   3818 1.013913E-05 7.515863E-06 8.695743E-06 2.724987E-15 0.000000E+00
   652   1076   2336 2.434931E-05 1.243535E-05 1.811782E-05 5.357961E-15 0.000000E+00
   653   2958   6448 1.453854E-05 1.116557E-05 1.266023E-05 1.911030E-15 0.000000E+00
   654    495   4634 3.469663E-05 8.444794E-06 2.124876E-05 2.179990E-15 0.000000E+00
   655   3030   6817 5.908128E-06 9.363803E-06 7.521996E-06 1.670382E-15 0.000000E+00
   656   1926   2068 9.496397E-06 1.009550E-05 9.649742E-06 4.367057E-15 0.000000E+00
   657    852   5711 2.086732E-05 5.645525E-06 1.305857E-05 7.431782E-16 0.000000E+00
   658    279   4789 1.727083E-05 8.298703E-06 1.259395E-05 2.080899E-15 0.000000E+00
   659    439   3827 3.343901E-05 8.315527E-06 2.056567E-05 5.442896E-15 0.000000E+00
   660   1868   4607 2.194545E-05 1.244137E-05 1.693680E-05 4.820042E-15 0.000000E+00
   661   2958   3021 1.301318E-05 1.250601E-05 1.256915E-05 2.675442E-15 0.000000E+00
   662    495   5290 3.128283E-05 4.617762E-06 1.768238E-05 4.416602E-15 0.000000E+00
   663   3074   5553 1.651934E-05 1.484178E-05 1.544652E-05 3.630957E-15 0.000000E+00
   664   1261   1475 2.576963E-05 1.322286E-05 1.920526E-05 9.909043E-16 0.000000E+00
   665   1261   1493 2.376223E-05 1.239254E-05 1.780757E-05 3.630957E-15 0.000000E+00
   666   1475   1493 1.289706E-05 1.095694E-05 1.174899E-05 2.356937E-15 0.000000E+00
   667    994   1476 1.170980E-05 9.634998E-06 1.051311E-05 5.188092E-15 0.000000E+00
   668   1309   2068 1.034896E-05 1.139954E-05 1.071195E-05 3.369075E-15 0.000000E+00
   669    807   1715 2.462814E-05 1.223657E-05 1.815724E-05 4.678484E-15 0.000000E+00
   670    692   5903 2.659365E-05 6.001810E-06 1.605448E-05 4.317512E-16 0.000000E+00
   671    222   5691 4.034902E-05 5.777329E-06 2.271895E-05 6.525813E-15 0.000000E+00
   672     85   5691 3.195394E-05 7.719947E-06 1.954087E-05 2.123366E-15 0.000000E+00
   673    439   3861 2.818966E-05 9.827829E-06 1.872503E-05 3.277062E-15 0.000000E+00
   674     23   3878 1.007195E-04 6.701084E-06 5.290864E-05 2.802844E-15 0.000000E+00
   675   1868   5759 1.518988E-05 8.285556E-06 1.156253E-05 7.431782E-16 0.000000E+00
   676   1076   2078 2.610683E-05 1.298640E-05 1.925487E-05 2.724987E-15 0.000000E+00
   677   1868   2336 1.332330E-05 1.218105E-05 1.256184E-05 6.943408E-15 0.000000E+00
   678   2336   4607 1.604892E-05 1.476282E-05 1.517593E-05 1.762394E-15 0.000000E+00
   679   1962   2632 8.170867E-06 1.184278E-05 9.857468E-06 2.576351E-15 0.000000E+00
   680   2632   3445 1.171886E-05 7.270201E-06 9.352823E-06 2.314469E-15 0.000000E+00
   681   2351   5656 2.315447E-05 1.923107E-05 2.087646E-05 2.909012E-15 0.000000E+00
   682   1681   5656 2.508170E-05 1.358742E-05 1.904599E-05 3.170894E-15 0.000000E+00
   683   2349   4662 1.383893E-05 1.091557E-05 1.219251E-05 7.644119E-16 0.000000E+00
   684   2348   2814 1.217468E-05 9.700320E-06 1.077425E-05 8.847360E-16 0.000000E+00
   685   3011   4634 8.349626E-06 5.025769E-06 6.587881E-06 2.087977E-15 0.000000E+00
   686   3011   5291 8.039576E-06 6.302650E-06 7.064082E-06 1.019216E-15 0.000000E+00
   687     58   1436 6.177566E-05 2.614825E-05 4.330580E-05 1.823972E-14 0.000000E+00
   688   1605   3251 2.112563E-05 6.352435E-06 1.353397E-05 2.696675E-15 0.000000E+00
   689   1605   3268 2.097224E-05 1.660269E-05 1.850706E-05 2.293236E-15 0.000000E+00
   690    771   1476 3.026384E-05 1.466230E-05 2.212780E-05 8.748270E-15 0.000000E+00
   691   1442   1501 5.849641E-06 1.403080E-05 9.791861E-06 2.880700E-15 0.000000E+00
   692   1296   4785 1.723918E-05 4.042067E-06 1.048181E-05 2.137522E-15 0.000000E+00
   693   5872   5961 1.788638E-05 1.190560E-05 1.467366E-05 2.901934E-16 0.000000E+00
   694     85   1170 6.798581E-05 1.664254E-05 4.168262E-05 2.288281E-14 0.000000E+00
   695   1170   1804 2.265206E-05 2.030640E-05 2.115865E-05 2.484339E-15 0.000000E+00
   696   2518   3692 1.216346E-05 5.184113E-06 8.544328E-06 4.296278E-15 0.000000E+00
   697   3021   6448 3.139824E-05 4.635217E-06 1.774782E-05 1.189085E-15 0.000000E+00
   698   4634   5291 6.409443E-06 6.909101E-06 6.559880E-06 5.733089E-16 0.000000E+00
   699   1643   3603 1.415697E-05 1.415711E-05 1.394574E-05 7.077888E-16 0.000000E+00
   700   2399   5296 1.816178E-05 7.039121E-06 1.241238E-05 7.856456E-16 0.000000E+00
   701     81     86 3.528066E-05 6.069822E-05 4.727318E-05 2.596240E-13 0.000000E+00
   702     26   6735 6.792348E-05 1.263849E-05 3.967977E-05 5.060690E-15 0.000000E+00
   703   2627   6815 1.610889E-05 1.846292E-05 1.702791E-05 3.963617E-15 0.000000E+00
   704    898    947 2.622113E-05 5.256684E-05 3.880601E-05 4.678484E-15 0.000000E+00
   705    325    666 3.327267E-05 3.119030E-05 3.175042E-05 5.129345E-14 0.000000E+00
   706     23    782 1.280729E-04 2.021249E-05 7.303608E-05 6.580312E-14 0.000000E+00
   707   1170   5746 2.602959E-05 4.484306E-06 1.502923E-05 2.406482E-15 0.000000E+00
   708   2154   3692 2.414045E-05 2.612837E-05 2.475927E-05 1.422655E-15 0.000000E+00
   709   2518   3445 1.644306E-05 1.061511E-05 1.332716E-05 4.324590E-15 0.000000E+00
   710   2717   4662 1.941239E-05 1.455201E-05 1.672874E-05 1.068761E-15 0.000000E+00
   711   2768   2814 1.102716E-05 6.019887E-06 8.396307E-06 2.208301E-15 0.000000E+00
   712   5674   6438 1.433643E-05 9.170566E-06 1.157807E-05 1.571291E-15 0.000000E+00
   713   2226   3223 1.302717E-05 1.401602E-05 1.331978E-05 4.459069E-16 0.000000E+00
   714     69     86 8.176345E-05 5.116039E-05 6.546995E-05 2.687899E-13 0.000000E+00
   715    862   4174 2.564479E-05 9.484500E-06 1.730249E-05 1.981809E-15 0.000000E+00
   716    947    994 2.901007E-05 1.403477E-05 2.120119E-05 8.557167E-15 0.000000E+00
   717   1309   1926 1.299542E-05 1.718397E-05 1.486447E-05 3.765436E-15 0.000000E+00
   718   1134   2125 1.739185E-05 1.545890E-05 1.618022E-05 2.257846E-15 0.000000E+00
   719    852   1720 2.084172E-05 1.454249E-05 1.742804E-05 2.179990E-15 0.000000E+00
   720   2421   2766 8.552550E-06 1.066656E-05 9.466131E-06 5.945426E-16 0.000000E+00
   721    457   4233 4.849457E-05 9.902038E-06 2.876251E-05 2.548040E-16 0.000000E+00
   722   1215   2569 2.943326E-05 2.509749E-05 2.685843E-05 6.617825E-15 0.000000E+00
   723   5643   5947 6.463692E-06 6.454234E-06 6.362561E-06 1.493434E-15 0.000000E+00
   724   2584   3861 1.906755E-05 1.263219E-05 1.561330E-05 2.625896E-15 0.000000E+00
   725    641   2154 1.941283E-05 1.324318E-05 1.608431E-05 1.379480E-14 0.000000E+00
   726     23   1701 1.152300E-04 2.469357E-05 6.891757E-05 8.663335E-15 0.000000E+00
   727     58    469 9.219753E-05 3.054739E-05 6.045646E-05 2.708708E-14 0.000000E+00
   728   2717   4634 1.337878E-05 6.821473E-06 9.949378E-06 4.175954E-16 0.000000E+00
   729    499   3223 2.342288E-05 1.138556E-05 1.714445E-05 4.529848E-16 0.000000E+00
   730   3955   5971 7.588123E-06 4.374673E-06 5.892123E-06 9.909043E-16 0.000000E+00
   731   2078   6563 1.326350E-05 9.815534E-06 1.136728E-05 6.440878E-16 0.000000E+00
   732    469    793 2.973992E-05 2.249535E-05 2.572782E-05 2.044802E-14 0.000000E+00
   733   1394   6537 2.472483E-05 1.233317E-05 1.825245E-05 1.634992E-15 0.000000E+00
   734   1868   4057 1.933867E-05 1.225826E-05 1.556267E-05 8.988918E-16 0.000000E+00
   735   2351   3800 1.053745E-05 8.000899E-06 9.130828E-06 2.123366E-16 0.000000E+00
   736   3818   6604 5.834188E-06 4.297528E-06 4.990248E-06 1.550057E-15 0.000000E+00
   737   1681   3455 2.305989E-05 2.322553E-05 2.279729E-05 1.068761E-15 0.000000E+00
   738   2627   6818 1.740499E-05 1.882239E-05 1.784334E-05 1.047527E-15 0.000000E+00
   739      1   3507 1.435898E-04 6.036793E-06 7.369668E-05 9.700246E-14 0.000000E+00
   740      1   4633 1.451199E-04 2.903923E-06 7.290724E-05 4.683438E-14 0.000000E+00
   741   1388   3150 1.422864E-05 8.068421E-06 1.098213E-05 8.705802E-16 0.000000E+00
   742   3341   4142 1.215280E-05 1.013798E-05 1.097904E-05 2.165834E-15 0.000000E+00
   743    325   2733 4.179929E-05 1.602872E-05 2.848245E-05 2.153801E-14 0.000000E+00
   744    504   5872 2.130137E-05 1.316880E-05 1.697785E-05 2.335703E-16 0.000000E+00
   745    218    504 3.615455E-05 1.219591E-05 2.381440E-05 3.690411E-14 0.000000E+00
   746    325   2228 5.410557E-05 1.090988E-05 3.202254E-05 7.828144E-15 0.000000E+00
   747   2228   2771 1.376015E-05 1.211833E-05 1.274612E-05 2.441871E-15 0.000000E+00
   748     85   5746 7.170146E-05 4.484306E-06 3.752433E-05 1.500512E-15 0.000000E+00
   749   1589   4485 9.132017E-06 5.836060E-06 7.372337E-06 5.209326E-15 0.000000E+00
   750   1366   4195 1.617029E-05 1.759784E-05 1.663206E-05 5.173936E-15 0.000000E+00
   751   1804   1820 1.445337E-05 1.349814E-05 1.376716E-05 7.955546E-15 0.000000E+00
   752   1394   3960 2.471255E-05 1.576605E-05 1.993722E-05 2.724987E-15 0.000000E+00
   753   1681   1701 2.904356E-05 1.306673E-05 2.074089E-05 1.054605E-15 0.000000E+00
   754   4302   6604 7.141697E-06 4.935156E-06 5.948300E-06 2.144600E-15 0.000000E+00
   755   2349   5290 1.625428E-05 1.024692E-05 1.305283E-05 1.769472E-16 0.000000E+00
   756    499   2441 3.736028E-05 2.896051E-05 3.266546E-05 2.491417E-15 0.000000E+00
   757   1235   1644 2.482999E-05 3.417480E-05 2.906206E-05 1.061683E-15 0.000000E+00
   758    931   3125 2.576840E-05 1.289141E-05 1.904140E-05 1.960575E-15 0.000000E+00
   759      1   3588 1.821711E-04 4.388434E-06 9.188751E-05 2.114873E-14 0.000000E+00
   760    177    327 5.330655E-05 2.765424E-05 3.987621E-05 6.206600E-14 0.000000E+00
   761    807    923 2.699134E-05 3.658509E-05 3.131376E-05 7.509639E-15 0.000000E+00
   762    504   1715 1.734393E-05 1.017847E-05 1.355581E-05 2.569273E-15 0.000000E+00
   763    807   5872 2.245161E-05 1.161749E-05 1.678030E-05 1.203241E-16 0.000000E+00
   764   1562   3613 1.809841E-05 1.008021E-05 1.387902E-05 3.560178E-15 0.000000E+00
   765   1651   3783 1.833621E-05 7.885795E-06 1.291532E-05 3.928228E-15 0.000000E+00
   766   1701   1804 1.557190E-05 2.071500E-05 1.787265E-05 2.916090E-15 0.000000E+00
   767   1076   2096 2.871896E-05 1.815970E-05 2.308949E-05 1.677459E-15 0.000000E+00
   768   1734   3471 2.739772E-05 1.334458E-05 2.006710E-05 5.541986E-15 0.000000E+00
   769     23   3455 9.810296E-05 2.196770E-05 5.913928E-05 4.168876E-15 0.000000E+00
   770   3455   5656 2.557105E-05 1.867714E-05 2.179389E-05 1.174929E-15 0.000000E+00
   771   4312   4337 1.661628E-05 1.056697E-05 1.338876E-05 2.873623E-15 0.000000E+00
   772   1843   5296 1.691822E-05 3.007062E-06 9.813945E-06 2.682520E-15 0.000000E+00
   773   1151   3764 1.215136E-05 1.058554E-05 1.119877E-05 1.330643E-15 0.000000E+00
   774     93    457 2.936207E-05 1.996321E-05 2.429454E-05 9.124105E-14 0.000000E+00
   775    604   4754 3.303340E-05 9.193168E-06 2.079816E-05 3.404464E-15 0.000000E+00
   776   4786   4790 8.500444E-06 7.520677E-06 7.891000E-06 1.748238E-15 0.000000E+00
   777    666    692 2.359088E-05 2.049616E-05 2.171451E-05 2.703753E-14 0.000000E+00
   778    666   2228 2.371280E-05 1.666725E-05 1.988868E-05 1.027002E-14 0.000000E+00
   779   5691   5946 6.923504E-06 4.143234E-06 5.450782E-06 3.255828E-16 0.000000E+00
   780   3818   4302 8.715399E-06 5.720274E-06 7.110108E-06 4.954522E-16 0.000000E+00
   781   2351   4308 1.507420E-05 1.044220E-05 1.256778E-05 1.401422E-15 0.000000E+00
   782   2348   2768 1.744562E-05 1.546603E-05 1.621021E-05 1.960575E-15 0.000000E+00
   783   1638   6647 2.492857E-05 1.034584E-05 1.737396E-05 4.827120E-15 0.000000E+00
   784   4633   5550 6.377729E-06 2.743345E-06 4.492469E-06 6.228541E-16 0.000000E+00
   785   1134   4142 2.285119E-05 1.170777E-05 1.702158E-05 4.515693E-15 0.000000E+00
   786     93    201 2.807913E-05 1.509235E-05 2.126357E-05 1.498955E-13 0.000000E+00
   787    604   1715 1.897043E-05 1.685600E-05 1.764585E-05 1.804861E-15 0.000000E+00
   788    604    923 2.097985E-05 4.138104E-05 3.071506E-05 1.033372E-14 0.000000E+00
   789   2733   5900 1.455946E-05 7.880834E-06 1.105268E-05 7.431782E-16 0.000000E+00
   790    325   5900 3.410894E-05 4.890416E-06 1.920864E-05 4.324590E-15 0.000000E+00
   791   1646   2403 8.459457E-06 1.027801E-05 9.228904E-06 5.379195E-15 0.000000E+00
   792   3727   4518 7.351911E-06 5.829178E-06 6.492178E-06 7.077888E-17 0.000000E+00
   793   2096   6563 1.631440E-05 4.173973E-06 1.009129E-05 2.194145E-15 0.000000E+00
   794   2096   2336 1.797386E-05 1.342896E-05 1.546706E-05 9.767485E-16 0.000000E+00
   795   3800   4308 1.124334E-05 9.164940E-06 1.005184E-05 1.769472E-16 0.000000E+00
   796   3224   6604 9.779210E-06 2.236132E-06 5.918004E-06 4.388291E-16 0.000000E+00
   797   1701   3455 1.455483E-05 1.091773E-05 1.254619E-05 7.212368E-15 0.000000E+00
   798   5644   6583 7.993223E-06 5.363576E-06 6.578722E-06 1.104151E-15 0.000000E+00
   799   1755   6456 1.152786E-05 7.754930E-06 9.497495E-06 1.224475E-15 0.000000E+00
   800   2349   6448 1.748445E-05 1.057200E-05 1.381885E-05 2.689597E-16 0.000000E+00
   801   2690   3041 6.564054E-06 4.784463E-06 5.589568E-06 2.236613E-15 0.000000E+00
   802   5256   6438 1.400494E-05 1.562224E-05 1.459249E-05 2.187067E-15 0.000000E+00
   803   2399   4025 1.984045E-05 1.531669E-05 1.731620E-05 6.228541E-16 0.000000E+00
   804   3411   5412 8.695755E-06 2.247854E-05 1.535450E-05 1.189085E-15 0.000000E+00
   805      1   5550 1.435295E-04 6.798793E-06 7.404232E-05 4.313973E-14 0.000000E+00
   806   3507   5550 1.319155E-05 9.985639E-06 1.141563E-05 1.557135E-16 0.000000E+00
   807   3578   4102 1.716840E-05 8.243651E-06 1.251638E-05 1.245708E-15 0.000000E+00
   808   2579   6008 1.129037E-05 5.630965E-06 8.334388E-06 3.036414E-15 0.000000E+00
   809    604   5980 2.895687E-05 1.119172E-05 1.977468E-05 1.620836E-15 0.000000E+00
   810    604   4790 1.865850E-05 1.090851E-05 1.456285E-05 3.538944E-16 0.000000E+00
   811    325   1296 5.207903E-05 2.173229E-05 3.635483E-05 1.374526E-14 0.000000E+00
   812    279   1336 2.914153E-05 2.087422E-05 2.463462E-05 1.196163E-15 0.000000E+00
   813   5643   5938 9.992278E-06 9.221258E-06 9.463383E-06 1.174929E-15 0.000000E+00
   814     85   5946 2.175124E-05 8.031366E-06 1.466905E-05 2.505572E-15 0.000000E+00
   815   2945   4547 7.965092E-06 5.407804E-06 6.586650E-06 1.960575E-15 0.000000E+00
   816    825   2046 3.189519E-05 1.329040E-05 2.225559E-05 1.512545E-14 0.000000E+00
   817   3692   6453 6.674752E-06 6.646802E-06 6.561362E-06 9.909043E-17 0.000000E+00
   818   2349   2717 5.521817E-06 9.502057E-06 7.399818E-06 6.702760E-15 0.000000E+00
   819   4638   5656 1.236126E-05 4.536138E-06 8.322599E-06 2.165834E-15 0.000000E+00
   820     23   4638 1.192962E-04 1.246281E-05 6.489625E-05 4.678484E-15 0.000000E+00
   821   2717   5291 9.675334E-06 5.577002E-06 7.512345E-06 3.892838E-16 0.000000E+00
   822   5265   5692 9.508157E-06 9.033712E-06 9.132562E-06 1.918108E-15 0.000000E+00
   823   1843   5189 1.218338E-05 7.044098E-06 9.470250E-06 2.852389E-15 0.000000E+00
   824   1910   5421 2.510223E-05 1.596267E-05 2.022599E-05 1.642070E-15 0.000000E+00
   825   1605   3685 1.319067E-05 5.637057E-06 9.273357E-06 2.364015E-15 0.000000E+00
   826   1155   1638 1.774877E-05 1.793926E-05 1.757769E-05 2.852389E-15 0.000000E+00
   827    682   1030 4.579003E-05 4.097580E-05 4.273541E-05 1.327104E-14 0.000000E+00
   828    692    804 1.485617E-05 1.079314E-05 1.263324E-05 1.780089E-14 0.000000E+00
   829   1646   2512 1.374096E-05 6.116397E-06 9.780487E-06 3.984851E-15 0.000000E+00
   830   5739   5746 1.146798E-05 9.455487E-06 1.030559E-05 7.290225E-16 0.000000E+00
   831   1170   1820 2.001026E-05 1.772617E-05 1.858660E-05 4.409524E-15 0.000000E+00
   832   4680   6563 8.294028E-06 6.120766E-06 7.099824E-06 6.228541E-16 0.000000E+00
   833   1755   2348 2.204246E-05 2.130114E-05 2.134834E-05 3.758359E-15 0.000000E+00
   834   5189   6769 6.646619E-06 5.947613E-06 6.203129E-06 1.691615E-15 0.000000E+00
   835   1151   1605 2.429678E-05 1.343200E-05 1.858283E-05 1.259156E-14 0.000000E+00
   836   1155   5420 1.757037E-05 5.597779E-06 1.141118E-05 3.560178E-15 0.000000E+00
   837   1475   2256 2.510925E-05 9.529603E-06 1.706093E-05 7.509639E-15 0.000000E+00
   838    869   3578 2.304918E-05 1.307784E-05 1.779391E-05 1.429733E-15 0.000000E+00
   839   4905   5993 7.912616E-06 6.374331E-06 7.036855E-06 2.003042E-15 0.000000E+00
   840    222   2862 3.301963E-05 1.872882E-05 2.548804E-05 3.340763E-15 0.000000E+00
   841    302   2102 7.868592E-05 1.055391E-05 4.395394E-05 2.406482E-16 0.000000E+00
   842     23   6061 1.160270E-04 1.033362E-05 6.223732E-05 2.158756E-15 0.000000E+00
   843   1366   4079 2.425598E-05 1.083307E-05 1.728267E-05 1.302331E-15 0.000000E+00
   844   1868   2096 1.165050E-05 1.917536E-05 1.518289E-05 2.017198E-15 0.000000E+00
   845   1394   4728 3.415673E-05 4.253018E-06 1.891823E-05 1.677459E-15 0.000000E+00
   846   2336   4057 1.055500E-05 8.556452E-06 9.413102E-06 3.022258E-15 0.000000E+00
   847    641   1394 2.606476E-05 4.285824E-05 3.394715E-05 5.152702E-15 0.000000E+00
   848     23    350 8.147718E-05 2.056616E-05 5.026016E-05 6.152808E-14 0.000000E+00
   849   3021   5302 2.296619E-05 1.180677E-05 1.712698E-05 2.279080E-15 0.000000E+00
   850   3548   3724 1.988851E-05 2.526683E-05 2.224069E-05 1.627914E-16 0.000000E+00
   851   6730   6735 1.758690E-05 1.517834E-05 1.613810E-05 2.689597E-15 0.000000E+00
   852   1370   4142 1.789611E-05 1.448152E-05 1.594719E-05 2.533884E-15 0.000000E+00
   853    852   5702 1.483951E-05 3.226140E-06 8.898009E-06 3.001025E-15 0.000000E+00
   854    869   6008 1.798871E-05 4.911828E-06 1.127937E-05 5.138547E-15 0.000000E+00
   855    692   2228 3.150847E-05 2.471613E-05 2.769271E-05 3.192127E-15 0.000000E+00
   856    366   2403 3.717842E-05 1.275140E-05 2.459230E-05 3.531866E-15 0.000000E+00
   857   2741   5543 1.074357E-05 4.510899E-06 7.513393E-06 3.404464E-15 0.000000E+00
   858    741   2046 2.293387E-05 1.197824E-05 1.719551E-05 1.207488E-14 0.000000E+00
   859     23   6562 6.686401E-05 1.163639E-05 3.866438E-05 5.761401E-15 0.000000E+00
   860   1394   3846 5.026992E-05 3.620696E-06 2.654314E-05 2.243690E-15 0.000000E+00
   861   4308   6540 1.046183E-05 8.223976E-06 9.203456E-06 3.199205E-15 0.000000E+00
   862   2349   3236 1.227371E-05 6.649378E-06 9.320329E-06 2.109211E-15 0.000000E+00
   863   4312   5288 9.309737E-06 5.515819E-06 7.302140E-06 3.970695E-15 0.000000E+00
   864   3021   5286 2.088156E-05 9.727332E-06 1.507602E-05 2.498494E-15 0.000000E+00
   865   1155   1560 1.202764E-05 2.708104E-05 1.926249E-05 3.397386E-16 0.000000E+00
   866   1493   3142 1.878578E-05 9.905588E-06 1.413157E-05 3.199205E-15 0.000000E+00
   867   1370   3341 1.825566E-05 2.085910E-05 1.926548E-05 3.234595E-15 0.000000E+00
   868   2402   4142 1.050948E-05 1.468281E-05 1.240814E-05 5.096079E-16 0.000000E+00
   869    222   1336 3.618523E-05 1.697614E-05 2.618396E-05 2.010120E-15 0.000000E+00
   870   2224   5643 2.323393E-05 8.908965E-06 1.583158E-05 3.163816E-15 0.000000E+00
   871   4550   5643 1.153364E-05 8.822797E-06 1.002630E-05 5.237637E-16 0.000000E+00
   872    782   4550 2.662079E-05 9.923983E-06 1.799966E-05 1.854407E-15 0.000000E+00
   873   4530   5854 7.566945E-06 7.207913E-06 7.277169E-06 1.840251E-15 0.000000E+00
   874   2714   2741 1.230106E-05 1.066930E-05 1.131376E-05 3.538944E-16 0.000000E+00
   875   4079   4195 1.009893E-05 1.456060E-05 1.214574E-05 1.988887E-15 0.000000E+00
   876   2046   2889 2.488988E-05 6.149884E-06 1.528824E-05 1.486356E-16 0.000000E+00
   877   4025   5324 5.327377E-06 5.730492E-06 5.446413E-06 1.840251E-15 0.000000E+00
   878    499   2791 4.023848E-05 1.420975E-05 2.681778E-05 2.802844E-15 0.000000E+00
   879    948   3268 1.848602E-05 5.769965E-06 1.194698E-05 5.782634E-15 0.000000E+00
   880      1   6156 1.703498E-04 7.824866E-06 8.775769E-05 1.198003E-13 0.000000E+00
   881   1030   2747 3.506761E-05 1.065872E-05 2.252192E-05 1.487064E-14 0.000000E+00
   882   3735   4812 9.540120E-06 1.107598E-05 1.015420E-05 1.691615E-15 0.000000E+00
   883    391   1296 4.519600E-05 2.835865E-05 3.622841E-05 6.709838E-15 0.000000E+00
   884    604   4786 2.430141E-05 1.874286E-05 2.120091E-05 4.275044E-15 0.000000E+00
   885   2278   6054 1.285642E-05 4.642068E-06 8.618658E-06 1.068761E-15 0.000000E+00
   886   1715   2330 8.265247E-06 1.225148E-05 1.010526E-05 7.198212E-15 0.000000E+00
   887   2330   5872 1.061538E-05 5.547310E-06 7.960728E-06 3.121349E-15 0.000000E+00
   888   1810   2144 1.405991E-05 1.196626E-05 1.281886E-05 1.981809E-16 0.000000E+00
   889    782   2254 1.751480E-05 1.318683E-05 1.512170E-05 1.210319E-15 0.000000E+00
   890    302   2157 6.199883E-05 6.947667E-06 3.395872E-05 2.951479E-15 0.000000E+00
   891   3800   4711 1.402623E-05 4.957589E-06 9.350241E-06 1.776550E-15 0.000000E+00
   892     23    706 9.046083E-05 1.377455E-05 5.133981E-05 2.618819E-14 0.000000E+00
   893   2336   3224 1.120228E-05 7.716131E-06 9.318021E-06 8.351908E-16 0.000000E+00
   894   1701   3800 1.261582E-05 1.814948E-05 1.515306E-05 1.939341E-15 0.000000E+00
   895   3236   4627 1.620794E-05 2.431369E-05 1.995841E-05 2.116289E-15 0.000000E+00
   896   2690   6510 8.283802E-06 7.921632E-06 7.981781E-06 8.988918E-16 0.000000E+00
   897   3223   6494 6.752348E-06 4.268669E-06 5.428262E-06 1.521746E-15 0.000000E+00
   898   2627   6805 7.142065E-06 7.376622E-06 7.150995E-06 2.625896E-15 0.000000E+00
   899   1151   3685 1.907183E-05 6.059874E-06 1.237830E-05 1.833173E-15 0.000000E+00
   900   1560   1638 1.904154E-05 1.161659E-05 1.510027E-05 1.314364E-14 0.000000E+00
   901   5466   6647 1.185847E-05 3.389560E-06 7.510224E-06 2.901934E-16 0.000000E+00
   902    991   2857 2.257230E-05 1.983507E-05 2.088721E-05 8.875672E-15 0.000000E+00
   903    569   4754 3.074319E-05 1.518533E-05 2.262151E-05 1.231553E-15 0.000000E+00
   904    851    852 1.525143E-05 1.383376E-05 1.432554E-05 1.704355E-14 0.000000E+00
   905    923   1715 4.043954E-05 1.199934E-05 2.582811E-05 3.836215E-15 0.000000E+00
   906   4042   4926 8.892575E-06 1.457649E-05 1.155939E-05 1.323565E-15 0.000000E+00
   907   2224   2862 2.968878E-05 1.831782E-05 2.364504E-05 2.123366E-15 0.000000E+00
   908    692   1646 2.966393E-05 1.061107E-05 1.983694E-05 6.539969E-15 0.000000E+00
   909   2294   4338 1.488322E-05 7.041315E-06 1.079865E-05 2.045510E-15 0.000000E+00
   910   1820   4338 2.277785E-05 9.617236E-06 1.595579E-05 2.831155E-16 0.000000E+00
   911   3960   6537 7.924504E-06 4.924940E-06 6.328831E-06 1.217397E-15 0.000000E+00
   912   1369   4057 1.903532E-05 1.122795E-05 1.490579E-05 3.312452E-15 0.000000E+00
   913   1820   4731 6.847029E-06 4.316246E-06 5.498329E-06 4.855431E-15 0.000000E+00
   914    956   2349 2.949474E-05 1.537079E-05 2.209795E-05 4.395368E-15 0.000000E+00
   915     58    350 5.987226E-05 2.162162E-05 4.013877E-05 1.022967E-13 0.000000E+00
   916   3345   6438 1.071599E-05 8.747870E-06 9.586678E-06 2.371092E-15 0.000000E+00
   917   3969   5302 1.178607E-05 1.165802E-05 1.154709E-05 1.245708E-15 0.000000E+00
   918   2447   4025 1.524520E-05 1.044625E-05 1.265399E-05 1.564213E-15 0.000000E+00
   919     26   6730 5.554687E-05 1.994863E-05 3.718435E-05 3.008102E-15 0.000000E+00
   920   3128   5657 5.762480E-06 4.753958E-06 5.179738E-06 1.429733E-15 0.000000E+00
   921    771   1888 2.539040E-05 1.366126E-05 1.923440E-05 6.936330E-15 0.000000E+00
   922    874   1106 1.431005E-05 7.748449E-06 1.086463E-05 1.265526E-14 0.000000E+00
   923   1275   5703 1.558156E-05 8.578206E-06 1.189958E-05 3.277062E-15 0.000000E+00
   924    874   1152 1.451587E-05 2.153128E-05 1.775457E-05 5.096079E-15 0.000000E+00
   925    391    852 3.265002E-05 1.550609E-05 2.371868E-05 1.370987E-14 0.000000E+00
   926   1673   4758 1.004322E-05 3.963333E-06 6.898748E-06 3.185050E-15 0.000000E+00
   927    923   2330 2.520125E-05 9.331411E-06 1.700863E-05 1.395052E-14 0.000000E+00
   928   2862   4926 1.828764E-05 1.941751E-05 1.857119E-05 4.926210E-15 0.000000E+00
   929   2224   4926 2.834230E-05 1.932542E-05 2.347813E-05 4.034396E-15 0.000000E+00
   930    366   1646 3.701628E-05 1.080583E-05 2.355417E-05 1.392928E-14 0.000000E+00
   931   3678   5722 1.561591E-05 1.662610E-05 1.588039E-05 2.264924E-15 0.000000E+00
   932    741    835 2.877897E-05 2.038213E-05 2.421367E-05 1.420532E-14 0.000000E+00
   933   2046   5850 1.410572E-05 6.169915E-06 9.986505E-06 2.965635E-15 0.000000E+00
   934     23   5771 9.155527E-05 1.254216E-05 5.127187E-05 4.869587E-15 0.000000E+00
   935   1651   3975 2.742366E-05 2.767047E-05 2.713591E-05 6.440878E-16 0.000000E+00
   936   1651   3271 1.845360E-05 1.277006E-05 1.537882E-05 2.116289E-15 0.000000E+00
   937    956   5286 3.307473E-05 1.104706E-05 2.173162E-05 1.167144E-14 0.000000E+00
   938   1413   3223 2.438168E-05 1.226304E-05 1.804889E-05 3.694658E-15 0.000000E+00
   939   1151   4174 4.450824E-05 9.070795E-06 2.638967E-05 4.720951E-15 0.000000E+00
   940   3944   5420 1.368261E-05 1.219436E-05 1.274537E-05 3.043492E-16 0.000000E+00
   941   1030   2219 3.081744E-05 2.188171E-05 2.595630E-05 1.293130E-14 0.000000E+00
   942    177    761 5.626643E-05 1.907723E-05 3.710957E-05 2.358352E-14 0.000000E+00
   943    604   4767 2.392198E-05 1.540275E-05 1.936890E-05 4.671406E-16 0.000000E+00
   944    391    666 4.478365E-05 3.227205E-05 3.795281E-05 4.763419E-15 0.000000E+00
   945    222    345 3.873606E-05 1.721861E-05 2.755976E-05 4.133487E-15 0.000000E+00
   946   2254   6061 1.256393E-05 6.268946E-06 9.275893E-06 2.838233E-15 0.000000E+00
   947    741   5850 2.751130E-05 4.283245E-06 1.566000E-05 2.604663E-15 0.000000E+00
   948   1170   2431 1.244786E-05 3.187187E-05 2.182912E-05 5.945426E-16 0.000000E+00
   949   1820   2294 2.321007E-05 1.435676E-05 1.850307E-05 1.925186E-15 0.000000E+00
   950     23    429 8.775584E-05 1.888384E-05 5.252402E-05 8.504082E-14 0.000000E+00
   951   4680   4705 1.164650E-05 7.864971E-06 9.610126E-06 2.894856E-15 0.000000E+00
   952    641   6537 2.235789E-05 6.298290E-06 1.411424E-05 1.089995E-15 0.000000E+00
   953   1369   2336 1.301985E-05 1.112523E-05 1.189236E-05 2.356937E-15 0.000000E+00
   954   2768   3581 9.725880E-06 4.015162E-06 6.767976E-06 3.439854E-15 0.000000E+00
   955   3345   6432 1.159424E-05 9.450306E-06 1.036522E-05 3.100115E-15 0.000000E+00
   956   2441   5307 1.776086E-05 1.351684E-05 1.540544E-05 1.727005E-15 0.000000E+00
   957     58   1413 6.683557E-05 2.501414E-05 4.523941E-05 5.283643E-14 0.000000E+00
   958   1638   5466 1.191176E-05 7.834749E-06 9.725890E-06 5.046534E-15 0.000000E+00
   959   1644   3233 3.509375E-05 5.426020E-06 1.995750E-05 1.064514E-14 0.000000E+00
   960   2696   4142 2.659346E-05 1.250719E-05 1.925853E-05 1.217397E-15 0.000000E+00
   961    569   4786 3.216820E-05 1.022509E-05 2.088028E-05 3.751281E-16 0.000000E+00
   962    325   1152 3.716730E-05 1.826960E-05 2.730474E-05 3.485152E-14 0.000000E+00
   963    222   2352 5.185220E-05 9.934039E-06 3.043203E-05 5.810946E-15 0.000000E+00
   964    366    804 3.038083E-05 1.612444E-05 2.290558E-05 2.036308E-14 0.000000E+00
   965   1228   4826 1.651321E-05 4.507397E-06 1.035343E-05 3.185050E-15 0.000000E+00
   966    302    364 5.153099E-05 2.636188E-05 3.836515E-05 2.303853E-14 0.000000E+00
   967     23    428 9.793304E-05 2.163584E-05 5.889214E-05 5.997095E-14 0.000000E+00
   968   2500   4195 1.073532E-05 1.088174E-05 1.064721E-05 7.212368E-15 0.000000E+00
   969   4338   5854 8.345902E-06 8.469491E-06 8.282209E-06 2.130444E-15 0.000000E+00
   970   4699   6540 1.305583E-05 1.088282E-05 1.179068E-05 2.689597E-15 0.000000E+00
   971    641   3960 2.193935E-05 7.492760E-06 1.449641E-05 1.861485E-15 0.000000E+00
   972   1755   6565 1.381747E-05 1.396417E-05 1.368349E-05 4.352901E-15 0.000000E+00
   973   2717   4627 9.277772E-06 5.929571E-06 7.490184E-06 1.182007E-15 0.000000E+00
   974   3122   3969 1.048720E-05 9.000624E-06 9.598482E-06 1.727005E-15 0.000000E+00
   975   3548   4025 1.854317E-05 1.399936E-05 1.602841E-05 5.357961E-15 0.000000E+00
   976   2447   3548 1.924131E-05 1.800471E-05 1.834506E-05 5.166858E-16 0.000000E+00
   977   2445   4174 1.498576E-05 1.102183E-05 1.280971E-05 1.663304E-15 0.000000E+00
   978   5421   5436 8.014243E-06 5.023984E-06 6.421813E-06 1.351877E-15 0.000000E+00
   979   1638   5412 1.285397E-05 9.999514E-06 1.125619E-05 1.189085E-15 0.000000E+00
   980   2473   5466 4.794372E-06 6.308472E-06 5.468565E-06 2.003042E-15 0.000000E+00
   981   1495   3363 1.223424E-05 1.125963E-05 1.157161E-05 2.250768E-15 0.000000E+00
   982   3125   5510 1.154824E-05 3.103598E-06 7.216575E-06 1.734083E-15 0.000000E+00
   983   4142   4816 8.379868E-06 6.640053E-06 7.397871E-06 1.061683E-16 0.000000E+00
   984   1152   6023 2.157811E-05 6.202852E-06 1.368316E-05 4.041474E-15 0.000000E+00
   985    222   2672 4.981100E-05 9.578561E-06 2.925158E-05 9.413591E-16 0.000000E+00
   986     85    218 3.765500E-05 4.294962E-05 3.970079E-05 7.539366E-14 0.000000E+00
   987     85   5739 8.187532E-05 5.805973E-06 4.318631E-05 2.399404E-15 0.000000E+00
   988   2606   5725 1.654384E-05 7.491131E-06 1.183812E-05 2.031354E-15 0.000000E+00
   989   1079   5850 1.584346E-05 9.316979E-06 1.239246E-05 3.510632E-15 0.000000E+00
   990   1820   1866 1.511971E-05 1.148218E-05 1.310243E-05 1.826095E-15 0.000000E+00
   991    641   4710 1.749513E-05 1.086768E-05 1.396974E-05 2.194145E-15 0.000000E+00
   992   2336   4117 1.603657E-05 1.135041E-05 1.348911E-05 2.222457E-15 0.000000E+00
   993     58   5330 7.762874E-05 1.072330E-05 4.351668E-05 3.892838E-15 0.000000E+00
   994   3937   3969 1.609761E-05 1.293985E-05 1.430204E-05 1.061683E-16 0.000000E+00
   995   1843   3969 2.141293E-05 1.688213E-05 1.886175E-05 1.769472E-16 0.000000E+00
   996   1362   4188 1.812413E-05 3.145382E-06 1.047603E-05 4.006085E-15 0.000000E+00
   997    771    947 1.939266E-05 1.365855E-05 1.627895E-05 2.925291E-14 0.000000E+00
   998    222   2798 6.770756E-05 1.647388E-05 4.146250E-05 4.367057E-15 0.000000E+00
   999     85    428 4.035777E-05 2.291830E-05 3.116583E-05 3.345010E-14 0.000000E+00
  1000   3678   5735 7.124267E-06 6.638735E-06 6.778792E-06 9.625928E-16 0.000000E+00
  1001   2500   4079 2.197253E-05 1.220047E-05 1.683148E-05 5.803868E-16 0.000000E+00
  1002   1369   2096 2.311067E-05 1.444598E-05 1.849805E-05 9.328656E-15 0.000000E+00
  1003    429   4731 3.878382E-05 9.477954E-06 2.377072E-05 2.264924E-15 0.000000E+00
  1004   3236   4117 1.247632E-05 1.122149E-05 1.167205E-05 1.174929E-15 0.000000E+00
  1005   1151   3128 2.899463E-05 7.438448E-06 1.794465E-05 2.179990E-15 0.000000E+00
  1006   1021   4060 2.134462E-05 2.576064E-06 1.178183E-05 6.702760E-15 0.000000E+00
  1007    682   2132 3.347893E-05 8.606273E-06 2.072854E-05 8.422687E-15 0.000000E+00
  1008   5830   5831 7.404785E-06 5.743063E-06 6.475806E-06 1.783628E-15 0.000000E+00
  1009   2733   5911 1.681350E-05 5.072295E-06 1.077957E-05 1.542980E-15 0.000000E+00
  1010   1646   5926 1.500002E-05 5.866682E-06 1.027763E-05 8.493466E-16 0.000000E+00
  1011     23   4510 1.067875E-04 9.527625E-06 5.728955E-05 4.225499E-15 0.000000E+00
  1012   2096   3271 1.261734E-05 1.300901E-05 1.262193E-05 1.309409E-15 0.000000E+00
  1013   3975   4705 1.819315E-05 5.356948E-06 1.159930E-05 4.402446E-15 0.000000E+00
  1014    887   4079 1.515615E-05 1.089288E-05 1.283012E-05 8.295285E-15 0.000000E+00
  1015    679    825 3.701338E-05 2.915460E-05 3.259020E-05 2.793642E-14 0.000000E+00
  1016     23    793 1.041202E-04 1.868013E-05 6.048372E-05 6.037438E-15 0.000000E+00
  1017   2642   4308 1.110637E-05 1.251863E-05 1.163620E-05 3.206283E-15 0.000000E+00
  1018    641   3077 2.640792E-05 1.489664E-05 2.034404E-05 4.289200E-15 0.000000E+00
  1019    350    706 2.265137E-05 2.061502E-05 2.131031E-05 1.392221E-14 0.000000E+00
  1020   3455   4638 1.375054E-05 8.474463E-06 1.094665E-05 4.933288E-15 0.000000E+00
  1021   4115   5330 1.703520E-05 1.372453E-05 1.515031E-05 2.760376E-16 0.000000E+00
  1022   2445   2627 1.313559E-05 1.235985E-05 1.255746E-05 2.540962E-15 0.000000E+00
  1023   5412   5462 1.612060E-05 7.179382E-06 1.147611E-05 1.514668E-15 0.000000E+00
  1024   2256   3477 1.101313E-05 7.119329E-06 8.930915E-06 2.003042E-15 0.000000E+00
  1025    682   2270 1.685496E-05 1.034057E-05 1.339481E-05 1.117599E-14 0.000000E+00
  1026    874   1134 1.827707E-05 1.421554E-05 1.600382E-05 6.405489E-15 0.000000E+00
  1027   3099   3729 4.919982E-06 4.992070E-06 4.882055E-06 1.684537E-15 0.000000E+00
  1028   1969   2862 1.440148E-05 1.186316E-05 1.293632E-05 4.317512E-16 0.000000E+00
  1029    218    345 1.808142E-05 1.353458E-05 1.557206E-05 4.251687E-14 0.000000E+00
  1030   2584   4297 1.572448E-05 1.131449E-05 1.331770E-05 2.222457E-15 0.000000E+00
  1031   3636   5854 9.344042E-06 1.623655E-05 1.259940E-05 2.562195E-15 0.000000E+00
  1032   1866   4338 1.161104E-05 7.113672E-06 9.222618E-06 7.573340E-16 0.000000E+00
  1033   2096   4117 1.838649E-05 1.390686E-05 1.590568E-05 2.215379E-15 0.000000E+00
  1034     23   6567 8.564130E-05 5.439039E-06 4.486046E-05 4.841275E-15 0.000000E+00
  1035    956   1369 3.114821E-05 2.062163E-05 2.549858E-05 5.782634E-15 0.000000E+00
  1036     23   4115 1.249854E-04 7.363234E-06 6.518664E-05 9.838264E-16 0.000000E+00
  1037     26   6811 5.231343E-05 1.211802E-05 3.173489E-05 3.538944E-16 0.000000E+00
  1038     26   6813 4.722462E-05 5.787023E-06 2.611021E-05 3.114271E-16 0.000000E+00
  1039   2473   5412 8.045687E-06 8.773650E-06 8.284151E-06 2.724987E-15 0.000000E+00
  1040   5412   5466 1.034795E-05 7.385514E-06 8.734395E-06 1.033372E-15 0.000000E+00
  1041   1030   1469 1.989456E-05 2.831525E-05 2.374513E-05 1.499804E-14 0.000000E+00
  1042   2696   4816 1.786253E-05 7.342720E-06 1.241453E-05 4.062708E-15 0.000000E+00
  1043   1370   2696 1.570333E-05 1.742337E-05 1.631614E-05 3.645112E-15 0.000000E+00
  1044   1275   1468 1.566245E-05 9.719507E-06 1.250156E-05 1.659765E-14 0.000000E+00
  1045   1152   1370 1.773961E-05 2.973261E-05 2.338184E-05 1.819017E-14 0.000000E+00
  1046   1673   1810 1.904981E-05 9.453507E-06 1.403895E-05 5.414584E-15 0.000000E+00
  1047   2083   2330 9.580115E-06 1.179881E-05 1.052992E-05 5.775557E-15 0.000000E+00
  1048    692   5926 2.918888E-05 3.917846E-06 1.630630E-05 3.765436E-15 0.000000E+00
  1049    366   5926 3.400960E-05 5.866682E-06 1.964056E-05 2.201223E-15 0.000000E+00
  1050    793   6571 1.168605E-05 3.219432E-06 7.341505E-06 2.852389E-15 0.000000E+00
  1051    350    429 2.211534E-05 2.517617E-05 2.329283E-05 2.942278E-14 0.000000E+00
  1052     58   3458 7.225339E-05 1.191448E-05 4.145582E-05 2.172912E-15 0.000000E+00
  1053     58   2433 7.438418E-05 1.157468E-05 4.233795E-05 1.136001E-14 0.000000E+00
  1054   4132   5316 1.281704E-05 1.404623E-05 1.323116E-05 3.107193E-15 0.000000E+00
  1055   1586   5428 1.047973E-05 9.067042E-06 9.627517E-06 1.281098E-15 0.000000E+00
  1056   1560   3551 1.569734E-05 9.604808E-06 1.246225E-05 5.089001E-15 0.000000E+00
  1057   3233   4984 1.407525E-05 6.724524E-06 1.024466E-05 1.132462E-16 0.000000E+00
  1058      1   3125 2.090602E-04 1.246798E-05 1.091109E-04 1.552889E-14 0.000000E+00
  1059   1867   2550 1.408768E-05 1.079468E-05 1.225549E-05 4.310434E-15 0.000000E+00
  1060   1902   2682 1.606329E-05 9.582784E-06 1.263165E-05 1.210319E-15 0.000000E+00
  1061    923   1679 3.890891E-05 1.715609E-05 2.761410E-05 2.930246E-15 0.000000E+00
  1062   2352   2672 8.611271E-06 6.600556E-06 7.492393E-06 4.494459E-15 0.000000E+00
  1063    804   3924 1.718406E-05 1.146716E-05 1.411180E-05 1.054605E-15 0.000000E+00
  1064    222   5600 7.417990E-05 1.405956E-05 4.346123E-05 1.196163E-15 0.000000E+00
  1065    923   2083 2.024798E-05 1.226879E-05 1.601572E-05 3.814982E-15 0.000000E+00
  1066    249   4030 3.494728E-05 4.269176E-06 1.931557E-05 3.475243E-15 0.000000E+00
  1067   3390   5854 1.225030E-05 2.025528E-05 1.601021E-05 4.175954E-16 0.000000E+00
  1068    429   2431 4.383986E-05 2.016034E-05 3.152249E-05 1.969068E-14 0.000000E+00
  1069   1866   2294 1.045087E-05 5.755001E-06 7.981997E-06 2.682520E-15 0.000000E+00
  1070     23   1060 1.001099E-04 2.953067E-05 6.385283E-05 1.435396E-14 0.000000E+00
  1071   2811   4627 2.066938E-05 2.302904E-05 2.152310E-05 4.657250E-15 0.000000E+00
  1072   5322   6522 1.275877E-05 3.982214E-06 8.245559E-06 2.548040E-15 0.000000E+00
  1073   3937   6522 1.538888E-05 1.000783E-05 1.250883E-05 9.342812E-16 0.000000E+00
  1074    623   2441 2.985635E-05 1.220546E-05 2.071701E-05 6.497501E-15 0.000000E+00
  1075   1586   2627 9.859927E-06 1.578743E-05 1.263228E-05 4.529848E-15 0.000000E+00
  1076   1362   1495 1.384290E-05 1.189937E-05 1.267903E-05 1.458045E-15 0.000000E+00
  1077    707   1055 1.251546E-05 1.348684E-05 1.280710E-05 1.073716E-14 0.000000E+00
  1078    201    225 2.969046E-05 2.313306E-05 2.601756E-05 6.639767E-14 0.000000E+00
  1079    391   1370 3.006446E-05 2.272492E-05 2.600074E-05 1.656226E-14 0.000000E+00
  1080   2278   4277 8.150966E-06 1.373344E-05 1.077889E-05 4.055630E-15 0.000000E+00
  1081   2278   4946 1.404231E-05 9.328018E-06 1.151076E-05 1.634992E-15 0.000000E+00
  1082    345   1969 2.334728E-05 1.175000E-05 1.728672E-05 3.071803E-15 0.000000E+00
  1083   1969   4926 9.073112E-06 9.598200E-06 9.196318E-06 4.536926E-15 0.000000E+00
  1084     85   3349 8.305518E-05 1.042328E-05 4.604163E-05 2.215379E-15 0.000000E+00
  1085   3390   3636 1.209497E-05 1.114366E-05 1.144590E-05 1.436811E-15 0.000000E+00
  1086   2096   4705 2.334238E-05 2.104774E-05 2.186379E-05 2.456027E-15 0.000000E+00
  1087   1755   2713 3.161208E-05 1.366952E-05 2.230288E-05 2.604663E-15 0.000000E+00
  1088    350   6567 1.200184E-05 6.756218E-06 9.239045E-06 4.699718E-15 0.000000E+00
  1089     58   4115 8.710809E-05 5.144635E-06 4.543791E-05 1.150157E-14 0.000000E+00
  1090   3122   6520 8.152862E-06 8.112392E-06 8.011245E-06 1.182007E-15 0.000000E+00
  1091   3234   5330 6.604774E-06 4.533349E-06 5.485941E-06 7.714898E-16 0.000000E+00
  1092   2447   3643 8.930966E-06 1.028028E-05 9.462257E-06 1.422655E-15 0.000000E+00
  1093   5215   6754 1.124419E-05 1.002682E-05 1.047677E-05 1.316487E-15 0.000000E+00
  1094   2791   5195 1.553586E-05 5.336525E-06 1.028043E-05 3.107193E-15 0.000000E+00
  1095   6730   6811 1.170273E-05 1.020778E-05 1.079174E-05 3.085959E-15 0.000000E+00
  1096   1910   5431 1.824978E-05 1.214185E-05 1.496901E-05 3.114271E-15 0.000000E+00
  1097    948   1151 2.701902E-05 2.073150E-05 2.351891E-05 6.610747E-15 0.000000E+00
  1098    948   3361 1.970572E-05 7.203870E-06 1.325397E-05 1.075839E-15 0.000000E+00
  1099   2418   4183 1.241971E-05 1.857979E-06 7.032292E-06 5.435818E-15 0.000000E+00
  1100   2804   3142 1.235713E-05 1.218048E-05 1.208569E-05 4.395368E-15 0.000000E+00
  1101   4792   5830 7.963087E-06 6.988862E-06 7.364393E-06 9.484370E-16 0.000000E+00
  1102   1152   2696 2.924683E-05 1.489374E-05 2.174088E-05 7.346848E-15 0.000000E+00
  1103    201    391 3.251558E-05 2.739768E-05 2.950952E-05 3.611138E-14 0.000000E+00
  1104   1152   2778 1.738231E-05 1.604782E-05 1.646559E-05 1.981809E-16 0.000000E+00
  1105   3099   3436 1.282889E-05 8.504266E-06 1.050737E-05 3.100115E-15 0.000000E+00
  1106   4758   4778 1.128472E-05 1.184336E-05 1.139144E-05 1.167852E-15 0.000000E+00
  1107    869   3427 2.688308E-05 7.371499E-06 1.687166E-05 4.133487E-15 0.000000E+00
  1108    249    366 1.527319E-05 1.421814E-05 1.452558E-05 5.595070E-14 0.000000E+00
  1109   3374   6074 1.565484E-05 5.664160E-06 1.050040E-05 1.967653E-15 0.000000E+00
  1110     85   2431 7.432786E-05 2.022880E-05 4.657268E-05 1.064514E-14 0.000000E+00
  1111   3271   4507 7.267294E-06 4.804261E-06 5.945692E-06 2.802844E-15 0.000000E+00
  1112   3471   6613 1.332712E-05 9.513638E-06 1.124992E-05 6.440878E-16 0.000000E+00
  1113   4617   4655 1.319582E-05 1.644937E-05 1.460136E-05 2.052588E-16 0.000000E+00
  1114   3290   4597 8.375693E-06 1.042045E-05 9.257800E-06 5.945426E-16 0.000000E+00
  1115     58   3640 6.506784E-05 8.727988E-06 3.634720E-05 6.440878E-15 0.000000E+00
  1116   2555   5529 1.487486E-05 5.917451E-06 1.024099E-05 4.034396E-16 0.000000E+00
  1117   2447   3724 8.509154E-06 1.495265E-05 1.155581E-05 2.328625E-15 0.000000E+00
  1118   1370   4792 2.178281E-05 1.075232E-05 1.602476E-05 1.274020E-15 0.000000E+00
  1119    874   2696 2.239816E-05 2.002362E-05 2.089431E-05 1.727005E-15 0.000000E+00
  1120    569   1468 2.237400E-05 2.172228E-05 2.171906E-05 9.314501E-15 0.000000E+00
  1121     93    851 3.445782E-05 1.631677E-05 2.500838E-05 2.930246E-15 0.000000E+00
  1122   4277   4946 1.302372E-05 8.339106E-06 1.052199E-05 3.581411E-15 0.000000E+00
  1123   4260   4338 1.405604E-05 1.403397E-05 1.383538E-05 1.104151E-15 0.000000E+00
  1124   3009   3960 1.250455E-05 1.236420E-05 1.224879E-05 1.450967E-15 0.000000E+00
  1125   1755   4730 2.651572E-05 8.446636E-06 1.722026E-05 5.124391E-15 0.000000E+00
  1126   2713   4597 1.994529E-05 1.079053E-05 1.513854E-05 2.463105E-15 0.000000E+00
  1127   1690   3455 1.338302E-05 1.119283E-05 1.210452E-05 6.079906E-15 0.000000E+00
  1128   2663   4617 1.037134E-05 1.067274E-05 1.036499E-05 3.093037E-15 0.000000E+00
  1129   1755   4648 1.783664E-05 6.340550E-06 1.190817E-05 1.542980E-15 0.000000E+00
  1130    350   3458 5.471514E-05 1.071740E-05 3.222797E-05 2.739143E-15 0.000000E+00
  1131    429   6472 3.889314E-05 9.564789E-06 2.386734E-05 9.696707E-16 0.000000E+00
  1132     58   6424 4.124108E-05 1.046678E-05 2.546805E-05 2.654208E-15 0.000000E+00
  1133    956   5280 2.284347E-05 1.254083E-05 1.742809E-05 9.158787E-15 0.000000E+00
  1134   1910   5412 1.715030E-05 1.191746E-05 1.431695E-05 4.614783E-15 0.000000E+00
  1135   5411   6789 7.433097E-06 7.752094E-06 7.479273E-06 8.210350E-16 0.000000E+00
  1136    991   1886 3.557317E-05 1.275390E-05 2.380288E-05 1.486356E-15 0.000000E+00
  1137   2857   5151 1.924393E-05 3.087705E-06 1.099916E-05 2.229535E-15 0.000000E+00
  1138   1030   1206 2.416478E-05 1.297759E-05 1.829400E-05 5.789712E-15 0.000000E+00
  1139      1    762 1.569871E-04 0.000000E+00 7.732201E-05 1.751069E-13 0.000000E+00
  1140   2132   2470 1.107415E-05 7.231891E-06 9.016407E-06 2.767454E-15 0.000000E+00
  1141     93   5984 2.628670E-05 5.120941E-06 1.546944E-05 1.875640E-15 0.000000E+00
  1142   1174   3099 1.075267E-05 1.112844E-05 1.077726E-05 3.333685E-15 0.000000E+00
  1143   2535   6073 1.186637E-05 9.703246E-06 1.062384E-05 1.882718E-15 0.000000E+00
  1144    184   1871 7.993520E-05 1.152569E-05 4.504790E-05 2.222457E-14 0.000000E+00
  1145   3349   5810 9.470098E-06 7.436085E-06 8.326926E-06 2.703753E-15 0.000000E+00
  1146   3014   3349 1.239184E-05 1.457808E-05 1.328369E-05 3.418620E-15 0.000000E+00
  1147    706   4696 2.835546E-05 6.475682E-06 1.715564E-05 7.077888E-16 0.000000E+00
  1148    641   3009 2.558339E-05 1.127746E-05 1.815534E-05 4.020240E-15 0.000000E+00
  1149   3257   3290 1.009937E-05 6.747004E-06 8.297468E-06 2.724987E-15 0.000000E+00
  1150   2663   4655 1.216031E-05 1.403259E-05 1.290098E-05 3.942384E-15 0.000000E+00
  1151   3581   6430 1.162842E-05 8.118808E-06 9.726246E-06 2.123366E-16 0.000000E+00
  1152   1413   3234 1.400601E-05 6.394020E-06 1.004778E-05 1.550057E-15 0.000000E+00
  1153   3643   3739 1.030426E-05 9.566803E-06 9.787241E-06 1.139540E-15 0.000000E+00
  1154    951   1151 1.289540E-05 2.310708E-05 1.773257E-05 1.341260E-14 0.000000E+00
  1155   2418   3363 2.467603E-05 1.115098E-05 1.764614E-05 6.936330E-16 0.000000E+00
  1156    279   2535 4.729616E-05 1.050121E-05 2.846736E-05 1.482110E-14 0.000000E+00
  1157    851   4763 9.502137E-06 6.067991E-06 7.668869E-06 3.170894E-15 0.000000E+00
  1158   1902   4912 1.087212E-05 6.088462E-06 8.353720E-06 4.239655E-15 0.000000E+00
  1159   2344   4768 1.177110E-05 7.508575E-06 9.495958E-06 3.192127E-15 0.000000E+00
  1160   3329   4912 1.034602E-05 6.978632E-06 8.533037E-06 1.019216E-15 0.000000E+00
  1161   1871   5879 1.545728E-05 6.374556E-06 1.075300E-05 1.486356E-15 0.000000E+00
  1162    653   5600 4.455041E-05 1.012321E-05 2.692880E-05 1.826095E-15 0.000000E+00
  1163    222    653 7.058704E-05 2.376483E-05 4.647182E-05 2.507696E-14 0.000000E+00
  1164    923   4833 1.376460E-05 7.174841E-06 1.031346E-05 1.514668E-15 0.000000E+00
  1165   3925   4209 9.310370E-06 5.164995E-06 7.129657E-06 1.238630E-15 0.000000E+00
  1166   2072   2584 2.630975E-05 1.754676E-05 2.160097E-05 1.082917E-15 0.000000E+00
  1167    568   3378 2.565302E-05 1.757340E-05 2.129062E-05 1.288176E-15 0.000000E+00
  1168     85   6027 8.383204E-05 1.723170E-05 4.977766E-05 1.415578E-15 0.000000E+00
  1169    364    741 2.393612E-05 2.013563E-05 2.170698E-05 4.105175E-15 0.000000E+00
  1170   1599   2500 8.480933E-06 1.393100E-05 1.103872E-05 3.524788E-15 0.000000E+00
  1171     23   4696 9.131056E-05 4.027060E-06 4.695734E-05 3.475243E-15 0.000000E+00
  1172   2713   4730 1.054598E-05 5.983698E-06 8.141483E-06 5.308416E-16 0.000000E+00
  1173   1755   6593 2.919180E-05 6.654786E-06 1.765578E-05 1.082917E-15 0.000000E+00
  1174   1690   2642 1.494108E-05 8.192574E-06 1.139419E-05 6.419644E-15 0.000000E+00
  1175    350   1060 4.119113E-05 2.654970E-05 3.336489E-05 1.000106E-14 0.000000E+00
  1176   1690   1701 9.301648E-06 2.261530E-05 1.572029E-05 4.282122E-15 0.000000E+00
  1177   2179   6565 1.721240E-05 7.738852E-06 1.228942E-05 5.308416E-15 0.000000E+00
  1178   2811   4117 2.170757E-05 1.409246E-05 1.763285E-05 7.502561E-16 0.000000E+00
  1179   2555   3719 1.496791E-05 1.551314E-05 1.501305E-05 3.928228E-15 0.000000E+00
  1180   3516   5322 2.030910E-05 1.359034E-05 1.669674E-05 4.451992E-15 0.000000E+00
  1181   3643   3724 1.142792E-05 1.628006E-05 1.364721E-05 1.847329E-15 0.000000E+00
  1182   3552   3739 1.257704E-05 1.099015E-05 1.160772E-05 4.820042E-15 0.000000E+00
  1183    948    951 1.924211E-05 1.301856E-05 1.588958E-05 2.331456E-14 0.000000E+00
  1184   1206   1469 2.287351E-05 2.568610E-05 2.391742E-05 4.692640E-15 0.000000E+00
  1185    225   4077 4.341621E-05 7.655562E-06 2.515475E-05 2.809922E-15 0.000000E+00
  1186    761   1244 3.928039E-05 1.167641E-05 2.509813E-05 5.683544E-15 0.000000E+00
  1187   1987   4757 2.875235E-05 1.351681E-05 2.081914E-05 1.551473E-14 0.000000E+00
  1188    345   1336 1.522537E-05 1.396605E-05 1.437786E-05 2.059665E-15 0.000000E+00
  1189   1814   4946 9.146445E-06 1.083472E-05 9.841469E-06 3.376153E-15 0.000000E+00
  1190     23   2652 1.238214E-04 9.752761E-06 6.579025E-05 6.285165E-15 0.000000E+00
  1191   3390   3618 8.572568E-06 9.003208E-06 8.656725E-06 1.564213E-15 0.000000E+00
  1192    887   1599 2.038538E-05 6.959361E-06 1.346831E-05 6.157763E-15 0.000000E+00
  1193   4144   4699 5.724161E-06 4.318545E-06 4.946407E-06 1.160774E-15 0.000000E+00
  1194   3855   4679 1.899475E-05 1.611859E-05 1.729463E-05 2.753298E-15 0.000000E+00
  1195   1866   2642 1.969258E-05 1.639000E-05 1.777202E-05 6.221464E-15 0.000000E+00
  1196   2582   4714 1.612253E-05 1.389357E-05 1.478405E-05 1.422655E-15 0.000000E+00
  1197    429   2582 2.689093E-05 2.025903E-05 2.322312E-05 9.625928E-15 0.000000E+00
  1198    350   6424 4.373797E-05 7.911679E-06 2.543938E-05 1.132462E-15 0.000000E+00
  1199    623   5307 3.480916E-05 1.168681E-05 2.290100E-05 2.526806E-15 0.000000E+00
  1200   5522   6813 7.179726E-06 4.925634E-06 5.962342E-06 6.370099E-16 0.000000E+00
  1201   2937   5432 6.132071E-06 4.719583E-06 5.344844E-06 2.356937E-15 0.000000E+00
  1202   1446   3148 1.328276E-05 5.535587E-06 9.268739E-06 2.172912E-15 0.000000E+00
  1203    177   1244 4.949774E-05 8.552631E-06 2.859197E-05 1.058144E-14 0.000000E+00
  1204   1679   4767 1.085079E-05 5.046878E-06 7.830196E-06 1.960575E-15 0.000000E+00
  1205    249   1524 3.362882E-05 1.855233E-05 2.570116E-05 1.533071E-14 0.000000E+00
  1206   3999   4320 1.037412E-05 1.473973E-05 1.236951E-05 2.710831E-15 0.000000E+00
  1207     85   4297 7.609217E-05 1.394405E-05 4.434620E-05 8.705802E-16 0.000000E+00
  1208    782   2454 2.650138E-05 1.111755E-05 1.852873E-05 4.529848E-15 0.000000E+00
  1209   4597   4621 1.347151E-05 1.037291E-05 1.174427E-05 4.812964E-16 0.000000E+00
  1210    350   3640 4.570854E-05 6.923268E-06 2.592313E-05 3.036414E-15 0.000000E+00
  1211   2179   5588 1.217523E-05 5.405683E-06 8.659256E-06 2.215379E-15 0.000000E+00
  1212   1586   2937 1.386381E-05 7.840030E-06 1.068995E-05 2.045510E-15 0.000000E+00
  1213    948   6644 2.284018E-05 1.180910E-05 1.706606E-05 1.500512E-15 0.000000E+00
  1214   1994   6710 1.948268E-05 1.537938E-05 1.717087E-05 4.239655E-15 0.000000E+00
  1215    391    851 2.970190E-05 1.911658E-05 2.404492E-05 6.653215E-15 0.000000E+00
  1216   2105   2328 3.295546E-05 1.791168E-05 2.505396E-05 3.942384E-15 0.000000E+00
  1217   4833   5930 7.275263E-06 5.185257E-06 6.137271E-06 2.208301E-15 0.000000E+00
  1218    568   5747 3.444672E-05 1.370237E-05 2.371522E-05 1.153696E-15 0.000000E+00
  1219   5747   6027 1.494609E-05 1.773250E-05 1.609542E-05 8.210350E-16 0.000000E+00
  1220   2294   3014 8.748685E-06 1.058822E-05 9.524150E-06 1.458045E-15 0.000000E+00
  1221   2294   4260 8.207495E-06 1.165286E-05 9.781964E-06 1.366032E-15 0.000000E+00
  1222   3926   5791 2.666524E-05 1.213556E-05 1.911084E-05 9.625928E-16 0.000000E+00
  1223   2148   4617 1.093438E-05 9.514638E-06 1.007190E-05 1.634992E-15 0.000000E+00
  1224    825   6608 1.952206E-05 8.330684E-06 1.371851E-05 3.192127E-15 0.000000E+00
  1225   2108   2642 1.843818E-05 1.571735E-05 1.682287E-05 1.500512E-15 0.000000E+00
  1226   1690   6472 1.738505E-05 8.999990E-06 1.299561E-05 1.344799E-16 0.000000E+00
  1227   1413   2093 1.256400E-05 1.839836E-05 1.525012E-05 7.077888E-15 0.000000E+00
  1228   3202   6758 9.881123E-06 7.251852E-06 8.438629E-06 1.911030E-16 0.000000E+00
  1229   1362   5437 1.155371E-05 7.168902E-06 9.221583E-06 3.708813E-15 0.000000E+00
  1230    279   4791 5.143274E-05 1.975775E-05 3.506397E-05 1.714972E-14 0.000000E+00
  1231   1902   3329 1.034081E-05 1.211627E-05 1.106095E-05 1.974731E-15 0.000000E+00
  1232   1673   2328 2.850134E-05 1.355744E-05 2.071552E-05 5.478285E-15 0.000000E+00
  1233   1784   2224 3.356369E-05 2.382067E-05 2.826394E-05 4.275044E-15 0.000000E+00
  1234   3216   3378 1.031567E-05 1.699954E-05 1.345376E-05 1.698693E-15 0.000000E+00
  1235    302    741 3.345828E-05 1.712142E-05 2.491239E-05 1.439642E-14 0.000000E+00
  1236   3975   6544 1.500344E-05 8.736462E-06 1.169279E-05 5.039456E-15 0.000000E+00
  1237   2829   4686 3.279690E-05 1.113126E-05 2.163626E-05 4.317512E-15 0.000000E+00
  1238   2713   2829 1.460815E-05 1.295997E-05 1.357833E-05 3.425698E-15 0.000000E+00
  1239   2713   6593 9.177591E-06 3.973040E-06 6.477177E-06 2.003042E-15 0.000000E+00
  1240   1060   3458 1.309930E-05 1.133643E-05 1.203551E-05 3.638034E-15 0.000000E+00
  1241    641   2865 4.382051E-05 8.908735E-06 2.597112E-05 4.055630E-15 0.000000E+00
  1242   2433   6472 1.350551E-05 1.264342E-05 1.287932E-05 4.459069E-16 0.000000E+00
  1243    350   2433 4.074830E-05 1.357970E-05 2.675857E-05 1.288176E-15 0.000000E+00
  1244   2400   5258 3.266838E-05 1.854519E-05 2.522460E-05 1.344799E-15 0.000000E+00
  1245   2093   3234 1.904914E-05 7.396306E-06 1.302537E-05 1.323565E-15 0.000000E+00
  1246   2937   6789 1.416695E-05 9.608732E-06 1.171041E-05 4.175954E-16 0.000000E+00
  1247   2670   3763 2.198107E-05 9.730065E-06 1.561892E-05 3.928228E-15 0.000000E+00
  1248   6670   6678 3.038374E-06 2.989732E-06 2.969067E-06 1.458045E-15 0.000000E+00
  1249   5379   6670 7.843998E-06 5.381156E-06 6.513882E-06 3.892838E-16 0.000000E+00
  1250    771   1923 2.365532E-05 1.568774E-05 1.937793E-05 6.306398E-15 0.000000E+00
  1251   2279   3099 1.486631E-05 1.457342E-05 1.450017E-05 9.342812E-16 0.000000E+00
  1252   1871   3329 1.916918E-05 1.002093E-05 1.437722E-05 3.822060E-15 0.000000E+00
  1253    218   2461 3.178740E-05 1.346329E-05 2.228765E-05 5.067768E-15 0.000000E+00
  1254     85   2652 4.767869E-05 1.015280E-05 2.848416E-05 1.826095E-15 0.000000E+00
  1255     23   2454 1.370036E-04 5.835454E-06 7.035357E-05 3.906994E-15 0.000000E+00
  1256     23   1497 1.331198E-04 1.852993E-05 7.469313E-05 3.439146E-14 0.000000E+00
  1257   2605   3975 3.124309E-05 1.601187E-05 2.327483E-05 8.995996E-15 0.000000E+00
  1258   2148   3855 1.199987E-05 1.081277E-05 1.123608E-05 2.095055E-15 0.000000E+00
  1259   1369   6587 1.512728E-05 8.863897E-06 1.181655E-05 3.241673E-15 0.000000E+00
  1260   2811   3604 1.598190E-05 1.021840E-05 1.290463E-05 1.797784E-15 0.000000E+00
  1261   3122   5322 1.062710E-05 7.848422E-06 9.099883E-06 6.511657E-16 0.000000E+00
  1262   3645   3937 1.266639E-05 1.332199E-05 1.280025E-05 2.540962E-15 0.000000E+00
  1263     58   6742 6.143158E-05 5.513837E-06 3.297312E-05 2.172912E-15 0.000000E+00
  1264    623   3552 3.298088E-05 1.297663E-05 2.263579E-05 3.227517E-15 0.000000E+00
  1265    623   5195 2.598519E-05 1.206473E-05 1.874101E-05 7.955546E-15 0.000000E+00
  1266   1638   1656 2.550530E-05 1.322093E-05 1.907411E-05 5.188092E-15 0.000000E+00
  1267    560   6789 4.559701E-05 4.773854E-06 2.480953E-05 4.713873E-15 0.000000E+00
  1268    982   2418 3.372919E-05 1.691519E-05 2.494425E-05 1.146618E-15 0.000000E+00
  1269    344   1315 2.653257E-05 2.860988E-05 2.715972E-05 5.917114E-15 0.000000E+00
  1270   1370   4283 1.501634E-05 4.942830E-06 9.830635E-06 2.816999E-15 0.000000E+00
  1271    279   4770 5.518192E-05 1.794882E-05 3.601962E-05 1.542980E-15 0.000000E+00
  1272     12   4763 1.181654E-04 9.394293E-06 6.282793E-05 3.999007E-15 0.000000E+00
  1273   1336   4146 1.741582E-05 9.292080E-06 1.315463E-05 5.733089E-16 0.000000E+00
  1274   1336   2352 1.594649E-05 1.950316E-05 1.746027E-05 1.911030E-15 0.000000E+00
  1275    345   2352 1.561680E-05 1.369785E-05 1.443856E-05 6.440878E-16 0.000000E+00
  1276    110    218 9.567111E-05 5.479074E-05 7.410808E-05 2.581306E-14 0.000000E+00
  1277   1918   2908 8.885850E-06 6.782156E-06 7.717077E-06 1.840251E-15 0.000000E+00
  1278   5706   5741 1.211996E-05 8.681832E-06 1.024566E-05 1.330643E-15 0.000000E+00
  1279     85   5706 8.659590E-05 1.173452E-05 4.843140E-05 3.454009E-15 0.000000E+00
  1280   1690   2582 2.046648E-05 1.771983E-05 1.880819E-05 2.965635E-15 0.000000E+00
  1281   4117   6609 2.159008E-05 2.342077E-05 2.216952E-05 7.077888E-16 0.000000E+00
  1282   2663   4603 1.224189E-05 1.888339E-05 1.533036E-05 6.936330E-16 0.000000E+00
  1283   1690   6578 2.496101E-05 1.499668E-05 1.968065E-05 3.234595E-15 0.000000E+00
  1284     23   2433 1.178313E-04 1.452642E-05 6.519110E-05 8.139571E-16 0.000000E+00
  1285     58   2612 6.393777E-05 1.566919E-05 3.920940E-05 1.508298E-14 0.000000E+00
  1286    590   2433 2.417990E-05 1.129659E-05 1.747350E-05 6.002049E-15 0.000000E+00
  1287     58    590 4.436141E-05 3.409877E-05 3.864457E-05 3.027213E-14 0.000000E+00
  1288    590   4115 4.075571E-05 1.247245E-05 2.621685E-05 4.600627E-16 0.000000E+00
  1289    350    590 3.732786E-05 2.719601E-05 3.178041E-05 6.752305E-15 0.000000E+00
  1290   1151   6790 2.948750E-05 7.051025E-06 1.799659E-05 1.748238E-15 0.000000E+00
  1291   2670   3361 1.531774E-05 1.069118E-05 1.281037E-05 3.538944E-15 0.000000E+00
  1292     12    391 1.171880E-04 3.190937E-05 7.343600E-05 7.404886E-14 0.000000E+00
  1293   1679   4770 1.858127E-05 1.923635E-05 1.862659E-05 4.331667E-15 0.000000E+00
  1294    364    835 2.332079E-05 2.318041E-05 2.290358E-05 1.642070E-14 0.000000E+00
  1295    366   3483 3.249714E-05 9.651870E-06 2.075996E-05 5.046534E-15 0.000000E+00
  1296   2605   4730 1.379388E-05 1.109305E-05 1.225774E-05 2.123366E-16 0.000000E+00
  1297   4280   6593 1.203081E-05 5.610125E-06 8.688821E-06 1.387266E-15 0.000000E+00
  1298   3640   5662 5.056348E-06 4.164478E-06 4.541601E-06 1.571291E-15 0.000000E+00
  1299   3604   5588 5.973085E-06 3.043954E-06 4.441228E-06 6.016205E-16 0.000000E+00
  1300   2811   6420 1.140376E-05 9.528423E-06 1.030988E-05 3.255828E-16 0.000000E+00
  1301     58   2093 7.109041E-05 1.928621E-05 4.451386E-05 1.811232E-14 0.000000E+00
  1302    948   3235 2.726552E-05 1.587976E-05 2.125066E-05 1.398591E-14 0.000000E+00
  1303    553   3408 2.038448E-05 9.643131E-06 1.478972E-05 9.859498E-15 0.000000E+00
  1304   2061   2498 1.634660E-05 8.648907E-06 1.231122E-05 7.077888E-16 0.000000E+00
  1305   2645   3099 2.590719E-05 1.431989E-05 1.981334E-05 2.548040E-16 0.000000E+00
  1306   1524   4129 1.989300E-05 6.323305E-06 1.291251E-05 1.606681E-15 0.000000E+00
  1307    184    241 2.436554E-05 3.127223E-05 2.740368E-05 1.734083E-13 0.000000E+00
  1308   4082   4946 1.319353E-05 1.359112E-05 1.319244E-05 1.118306E-15 0.000000E+00
  1309    923   3057 1.389639E-05 1.522562E-05 1.434367E-05 8.068792E-16 0.000000E+00
  1310    241    302 4.690697E-05 4.551347E-05 4.552051E-05 5.839965E-14 0.000000E+00
  1311   2224   5888 1.233553E-05 5.611208E-06 8.839438E-06 4.919132E-15 0.000000E+00
  1312    218   2072 6.409380E-05 2.371525E-05 4.324923E-05 7.693664E-15 0.000000E+00
  1313   4563   6030 8.486649E-06 7.610681E-06 7.928536E-06 1.783628E-15 0.000000E+00
  1314   3733   4563 8.897060E-06 6.913929E-06 7.787502E-06 2.229535E-15 0.000000E+00
  1315    428   2652 2.488500E-05 6.678531E-06 1.554622E-05 7.035421E-15 0.000000E+00
  1316   3975   4323 2.374863E-05 1.649735E-05 1.982265E-05 1.309409E-15 0.000000E+00
  1317   3975   4701 1.525832E-05 6.154515E-06 1.054662E-05 1.174929E-15 0.000000E+00
  1318   3869   3966 6.215040E-06 5.858849E-06 5.946841E-06 5.096079E-16 0.000000E+00
  1319   1866   2108 2.326070E-05 1.368201E-05 1.819566E-05 4.607705E-15 0.000000E+00
  1320   2642   4619 1.569686E-05 3.101376E-06 9.258835E-06 1.422655E-15 0.000000E+00
  1321   2779   3655 2.598574E-05 1.707059E-05 2.120685E-05 2.923168E-15 0.000000E+00
  1322   3775   5211 1.514632E-05 1.161292E-05 1.317993E-05 2.583429E-15 0.000000E+00
  1323   1586   4014 1.183615E-05 8.738073E-06 1.013357E-05 3.468165E-16 0.000000E+00
  1324    560   1362 2.959841E-05 1.604462E-05 2.248090E-05 1.241462E-14 0.000000E+00
  1325   1994   6685 2.533758E-05 9.550059E-06 1.718347E-05 2.399404E-15 0.000000E+00
  1326   1999   4987 8.719422E-06 5.331841E-06 6.920772E-06 1.691615E-15 0.000000E+00
  1327   2370   6398 7.867283E-06 4.205775E-06 5.946432E-06 4.034396E-16 0.000000E+00
  1328     93    225 3.891165E-05 2.019991E-05 2.911465E-05 5.570298E-14 0.000000E+00
  1329    184   3329 8.597672E-05 1.073088E-05 4.763210E-05 1.988887E-15 0.000000E+00
  1330   3069   4285 1.244861E-05 1.135732E-05 1.172531E-05 2.477261E-15 0.000000E+00
  1331   1814   4277 9.358986E-06 1.161121E-05 1.032860E-05 5.598609E-15 0.000000E+00
  1332    345   4929 1.691568E-05 8.346016E-06 1.244233E-05 3.758359E-15 0.000000E+00
  1333    110    923 6.053274E-05 1.441665E-05 3.691537E-05 9.958588E-15 0.000000E+00
  1334   1524   2105 2.828176E-05 2.640566E-05 2.693559E-05 4.437836E-15 0.000000E+00
  1335    110   2083 6.129600E-05 1.256419E-05 3.637890E-05 1.248539E-14 0.000000E+00
  1336    249   2105 2.764103E-05 2.374688E-05 2.531046E-05 4.416602E-15 0.000000E+00
  1337   4326   5904 1.085879E-05 4.901379E-06 7.762472E-06 1.394344E-15 0.000000E+00
  1338     85   2255 4.351452E-05 9.382258E-06 2.605364E-05 1.268358E-14 0.000000E+00
  1339   1161   3483 2.153979E-05 1.244256E-05 1.673757E-05 4.522770E-15 0.000000E+00
  1340     85   5747 8.599093E-05 1.354584E-05 4.902558E-05 2.505572E-15 0.000000E+00
  1341   4587   5704 6.015184E-06 3.531575E-06 4.702135E-06 1.061683E-16 0.000000E+00
  1342   5741   5747 5.846649E-06 6.239540E-06 5.952899E-06 8.210350E-16 0.000000E+00
  1343   3014   4260 1.574397E-05 1.099934E-05 1.317208E-05 9.059697E-16 0.000000E+00
  1344    887   3790 1.960826E-05 6.552723E-06 1.288526E-05 1.670382E-15 0.000000E+00
  1345    793   1497 2.621210E-05 4.078040E-05 3.299630E-05 6.108217E-15 0.000000E+00
  1346   2829   4621 1.307789E-05 1.125640E-05 1.198555E-05 3.921150E-15 0.000000E+00
  1347    641   1877 3.868652E-05 1.619493E-05 2.703116E-05 3.914072E-15 0.000000E+00
  1348   4622   6466 4.148212E-06 3.589146E-06 3.810938E-06 1.054605E-15 0.000000E+00
  1349     58   5335 4.819841E-05 6.084208E-06 2.673621E-05 8.005091E-15 0.000000E+00
  1350   6789   6790 7.450341E-06 7.222574E-06 7.226958E-06 1.875640E-15 0.000000E+00
  1351    987   3397 4.476567E-05 7.109451E-06 2.555043E-05 4.600627E-16 0.000000E+00
  1352    727   1370 2.408734E-05 2.390665E-05 2.363883E-05 3.185050E-16 0.000000E+00
  1353     93   4129 4.594868E-05 1.340140E-05 2.923213E-05 1.719927E-15 0.000000E+00
  1354   2535   4146 1.233932E-05 7.718799E-06 9.879371E-06 2.477261E-16 0.000000E+00
  1355   2083   3811 1.825110E-05 1.135786E-05 1.458352E-05 2.555118E-15 0.000000E+00
  1356    218    636 4.112227E-05 2.711601E-05 3.360990E-05 9.413591E-16 0.000000E+00
  1357    249   1161 2.455587E-05 1.079237E-05 1.741033E-05 6.575358E-15 0.000000E+00
  1358     85   6029 5.657624E-05 7.292271E-06 3.145762E-05 8.988918E-16 0.000000E+00
  1359   4588   5998 7.217002E-06 9.008379E-06 7.991606E-06 2.703753E-15 0.000000E+00
  1360     85   2033 8.750471E-05 3.419987E-05 5.994405E-05 1.415578E-15 0.000000E+00
  1361   3364   3733 1.943406E-05 1.928910E-05 1.907260E-05 4.473225E-15 0.000000E+00
  1362   3869   4323 1.389645E-05 1.610084E-05 1.477478E-05 3.185050E-15 0.000000E+00
  1363   4144   4511 8.198944E-06 8.643753E-06 8.295657E-06 6.723994E-16 0.000000E+00
  1364   2605   6593 1.047669E-05 4.699069E-06 7.474627E-06 5.803868E-16 0.000000E+00
  1365    887   3095 2.843736E-05 1.729691E-05 2.252583E-05 2.158756E-15 0.000000E+00
  1366   3257   4621 1.525400E-05 7.747567E-06 1.132913E-05 1.422655E-15 0.000000E+00
  1367   4619   6578 1.214134E-05 1.410636E-05 1.292797E-05 7.644119E-16 0.000000E+00
  1368   1690   4619 2.376606E-05 1.178967E-05 1.751252E-05 1.479279E-15 0.000000E+00
  1369    429   1690 3.647850E-05 1.942000E-05 2.753210E-05 3.319529E-15 0.000000E+00
  1370   1463   3604 1.842503E-05 8.562548E-06 1.329239E-05 7.998013E-16 0.000000E+00
  1371   3519   4655 1.456519E-05 1.545301E-05 1.478508E-05 1.458045E-15 0.000000E+00
  1372   1690   4639 2.867938E-05 8.529227E-06 1.832663E-05 4.501537E-15 0.000000E+00
  1373   1411   2388 4.091848E-05 2.803328E-05 3.396131E-05 1.409915E-14 0.000000E+00
  1374   3645   5322 9.118233E-06 1.032182E-05 9.574950E-06 1.288176E-15 0.000000E+00
  1375   2804   5158 7.310308E-06 5.444518E-06 6.282228E-06 8.988918E-16 0.000000E+00
  1376   2696   4283 9.856258E-06 1.067084E-05 1.011036E-05 9.909043E-16 0.000000E+00
  1377    391    727 3.746316E-05 1.370230E-05 2.520090E-05 3.529035E-14 0.000000E+00
  1378    569    946 1.751272E-05 1.032071E-05 1.370900E-05 2.021445E-14 0.000000E+00
  1379   1174   2645 1.139788E-05 1.037411E-05 1.072352E-05 4.890821E-15 0.000000E+00
  1380    241   4320 4.962760E-05 1.943949E-05 3.401812E-05 5.598609E-15 0.000000E+00
  1381   3733   5705 5.836072E-06 4.499116E-06 5.090466E-06 1.691615E-15 0.000000E+00
  1382     85   3625 6.284798E-05 5.930600E-06 3.387602E-05 2.866545E-15 0.000000E+00
  1383   2431   2922 1.009097E-05 1.433084E-05 1.202865E-05 1.238630E-15 0.000000E+00
  1384     23   2922 1.150570E-04 1.379472E-05 6.346426E-05 7.042499E-15 0.000000E+00
  1385   4260   5705 1.614248E-05 9.887658E-06 1.282081E-05 3.015180E-15 0.000000E+00
  1386   3975   4311 1.348946E-05 6.115922E-06 9.656384E-06 2.809922E-15 0.000000E+00
  1387   2713   4677 1.409207E-05 5.464248E-06 9.632217E-06 2.279080E-15 0.000000E+00
  1388   2807   2829 7.618978E-06 1.857671E-05 1.290236E-05 7.368081E-15 0.000000E+00
  1389   2986   3466 1.625453E-05 9.695021E-06 1.278112E-05 6.313476E-15 0.000000E+00
  1390   3468   6578 1.129727E-05 1.112106E-05 1.104187E-05 2.986869E-15 0.000000E+00
  1391   3257   3617 1.420981E-05 7.849970E-06 1.086527E-05 3.800826E-15 0.000000E+00
  1392   5284   6578 2.011025E-05 2.174661E-05 2.061607E-05 2.109211E-15 0.000000E+00
  1393    956   5272 2.054096E-05 7.939005E-06 1.402744E-05 2.385248E-15 0.000000E+00
  1394   3274   3533 7.345411E-06 9.518865E-06 8.306286E-06 2.491417E-15 0.000000E+00
  1395     58   6749 5.096412E-05 6.207080E-06 2.815895E-05 4.211343E-15 0.000000E+00
  1396   5589   6749 9.121009E-06 7.967031E-06 8.416497E-06 1.472201E-15 0.000000E+00
  1397   1469   6487 2.745257E-05 1.102134E-05 1.894984E-05 2.979791E-15 0.000000E+00
  1398      1   2549 2.038141E-04 1.353965E-05 1.070548E-04 4.390414E-14 0.000000E+00
  1399    946   1468 2.323915E-05 1.965725E-05 2.112808E-05 7.856456E-15 0.000000E+00
  1400   2535   3449 1.237506E-05 1.090999E-05 1.146876E-05 8.705802E-16 0.000000E+00
  1401   3427   3432 1.076673E-05 7.268620E-06 8.883084E-06 1.698693E-15 0.000000E+00
  1402   2060   6084 1.669683E-05 6.313815E-06 1.133360E-05 3.963617E-16 0.000000E+00
  1403   5696   5930 1.682371E-05 1.898415E-05 1.763671E-05 6.723994E-16 0.000000E+00
  1404   1918   4320 7.471313E-06 9.109526E-06 8.166682E-06 2.788688E-15 0.000000E+00
  1405   4187   4563 7.141565E-06 5.547671E-06 6.249923E-06 1.061683E-15 0.000000E+00
  1406    429   6551 4.062488E-05 3.658183E-06 2.181106E-05 2.540962E-15 0.000000E+00
  1407    793   1060 1.591720E-05 1.761276E-05 1.651476E-05 1.591109E-14 0.000000E+00
  1408   1060   3640 2.968593E-05 1.292292E-05 2.098645E-05 3.255828E-16 0.000000E+00
  1409   1560   6783 1.589777E-05 7.870346E-06 1.170669E-05 8.988918E-16 0.000000E+00
  1410    987   2480 1.754470E-05 2.422731E-05 2.057427E-05 5.952504E-15 0.000000E+00
  1411    948   5355 2.680627E-05 8.983451E-06 1.762778E-05 2.852389E-15 0.000000E+00
  1412   1994   6678 3.285360E-05 9.472780E-06 2.084732E-05 7.077888E-16 0.000000E+00
  1413   5379   6678 1.286974E-05 1.006497E-05 1.129620E-05 2.123366E-16 0.000000E+00
  1414   3904   5379 3.982816E-06 8.031945E-06 5.917718E-06 2.427716E-15 0.000000E+00
  1415    578    982 4.116026E-05 2.133966E-05 3.078354E-05 2.074529E-14 0.000000E+00
  1416   1244   2556 1.149745E-05 1.264049E-05 1.188884E-05 5.520753E-15 0.000000E+00
  1417     20   4206 9.552165E-05 1.063976E-05 5.228845E-05 2.498494E-15 0.000000E+00
  1418    110   5869 5.925868E-05 1.094088E-05 3.457590E-05 1.507590E-15 0.000000E+00
  1419   1814   4082 9.329961E-06 1.307826E-05 1.103688E-05 3.567256E-15 0.000000E+00
  1420    923   5924 2.031248E-05 3.054809E-06 1.150926E-05 2.958557E-15 0.000000E+00
  1421    636   2255 2.890376E-05 7.931752E-06 1.814287E-05 5.039456E-15 0.000000E+00
  1422    179   2224 5.253783E-05 2.012548E-05 3.578939E-05 7.629963E-15 0.000000E+00
  1423    782   2660 3.625682E-05 1.254756E-05 2.403798E-05 2.179990E-15 0.000000E+00
  1424     85   4497 7.686326E-05 8.250678E-06 4.192179E-05 4.600627E-15 0.000000E+00
  1425   2431   3625 1.138267E-05 6.274366E-06 8.696749E-06 1.373110E-15 0.000000E+00
  1426   2431   6551 1.197859E-05 1.202370E-05 1.182202E-05 3.489399E-15 0.000000E+00
  1427    429   2922 4.836844E-05 1.346126E-05 3.045343E-05 3.963617E-16 0.000000E+00
  1428   2831   3926 1.521361E-05 1.207466E-05 1.344049E-05 5.874647E-16 0.000000E+00
  1429   2807   3466 1.909892E-05 1.441966E-05 1.650915E-05 6.299320E-16 0.000000E+00
  1430    590   6471 4.094358E-05 1.301024E-05 2.657427E-05 4.529848E-16 0.000000E+00
  1431   2093   6521 1.636584E-05 3.464414E-06 9.767140E-06 2.151678E-15 0.000000E+00
  1432     26     86 7.415575E-05 7.863217E-05 7.525375E-05 6.815298E-14 0.000000E+00
  1433    323   1362 7.003972E-05 2.087867E-05 4.478070E-05 4.671406E-15 0.000000E+00
  1434    987   1656 4.990869E-05 1.656398E-05 3.274027E-05 6.752305E-15 0.000000E+00
  1435   2007   2223 9.550720E-06 1.179146E-05 1.051182E-05 4.897898E-15 0.000000E+00
  1436    225    391 2.383185E-05 3.984046E-05 3.136099E-05 2.918213E-14 0.000000E+00
  1437   2060   3705 1.010125E-05 6.304913E-06 8.080649E-06 1.670382E-15 0.000000E+00
  1438   4770   4791 1.197069E-05 9.715929E-06 1.068147E-05 7.283147E-15 0.000000E+00
  1439     20   4129 9.443380E-05 1.152641E-05 5.218936E-05 2.406482E-16 0.000000E+00
  1440   4146   4770 9.195354E-06 2.245079E-05 1.558691E-05 1.019216E-15 0.000000E+00
  1441   3092   4140 1.372054E-05 8.003789E-06 1.070004E-05 1.281098E-15 0.000000E+00
  1442   2796   4082 1.954903E-05 9.671497E-06 1.439220E-05 1.514668E-15 0.000000E+00
  1443   4300   4552 1.648350E-05 7.445109E-06 1.178573E-05 1.415578E-15 0.000000E+00
  1444   4552   4554 4.294919E-06 3.063617E-06 3.624354E-06 1.238630E-15 0.000000E+00
  1445     85    636 4.504903E-05 3.056491E-05 3.724269E-05 5.457052E-15 0.000000E+00
  1446    179    782 5.088260E-05 3.704145E-05 4.330587E-05 3.708813E-15 0.000000E+00
  1447     85   6009 6.119880E-05 1.390660E-05 3.699221E-05 3.015180E-15 0.000000E+00
  1448     85   4392 5.874909E-05 1.039485E-05 3.405597E-05 4.558160E-15 0.000000E+00
  1449   1497   2454 9.498815E-06 1.112889E-05 1.015991E-05 4.912054E-15 0.000000E+00
  1450   4311   4323 1.115844E-05 1.175740E-05 1.128691E-05 9.555149E-16 0.000000E+00
  1451    635    706 1.584835E-05 2.061502E-05 1.795957E-05 1.027002E-14 0.000000E+00
  1452    350    635 2.260044E-05 1.387794E-05 1.796696E-05 1.176345E-14 0.000000E+00
  1453   5272   6420 6.074253E-06 2.489920E-06 4.218175E-06 1.082917E-15 0.000000E+00
  1454   1411   3324 1.708714E-05 2.074081E-05 1.863168E-05 6.462112E-15 0.000000E+00
  1455    590   3772 2.576545E-05 7.294698E-06 1.628336E-05 6.044516E-15 0.000000E+00
  1456   3270   5322 1.188073E-05 7.354630E-06 9.474132E-06 3.043492E-16 0.000000E+00
  1457   2400   5322 2.373145E-05 1.122355E-05 1.721664E-05 1.571291E-15 0.000000E+00
  1458   3645   5319 1.258636E-05 1.097371E-05 1.160421E-05 1.408500E-15 0.000000E+00
  1459     58   6495 6.237845E-05 9.426570E-06 3.536665E-05 5.343805E-15 0.000000E+00
  1460     58   6475 4.947773E-05 3.103116E-06 2.589803E-05 5.280104E-15 0.000000E+00
  1461    560   5432 3.958296E-05 6.585226E-06 2.273955E-05 1.075839E-15 0.000000E+00
  1462    951   5355 2.503368E-05 8.144179E-06 1.634133E-05 4.742185E-16 0.000000E+00
  1463   1315   1949 2.865792E-05 1.920204E-05 2.357282E-05 2.286158E-15 0.000000E+00
  1464   4011   5924 7.290915E-06 3.912672E-06 5.518185E-06 9.059697E-16 0.000000E+00
  1465   3282   4078 2.430328E-05 1.981887E-05 2.173180E-05 1.047527E-15 0.000000E+00
  1466   2001   4552 1.732325E-05 8.684255E-06 1.280967E-05 1.196163E-15 0.000000E+00
  1467   1161   4552 1.910876E-05 7.016931E-06 1.286788E-05 2.052588E-15 0.000000E+00
  1468    568   2072 2.252874E-05 1.645426E-05 1.920058E-05 6.384255E-15 0.000000E+00
  1469    568   4187 1.976660E-05 8.045823E-06 1.369865E-05 2.548040E-15 0.000000E+00
  1470    924   6030 2.641365E-05 1.401291E-05 1.991159E-05 1.252786E-15 0.000000E+00
  1471   2652   2660 1.324810E-05 8.304779E-06 1.061560E-05 7.927235E-16 0.000000E+00
  1472   2431   5706 3.351218E-05 1.086597E-05 2.185790E-05 2.710831E-15 0.000000E+00
  1473   2922   6551 1.484196E-05 1.259539E-05 1.351392E-05 2.498494E-15 0.000000E+00
  1474   2944   3974 1.014769E-05 6.876823E-06 8.385207E-06 9.201254E-16 0.000000E+00
  1475   2605   4280 1.731567E-05 1.457000E-05 1.570489E-05 6.823084E-15 0.000000E+00
  1476   1690   6471 2.091420E-05 6.089840E-06 1.330050E-05 1.769472E-16 0.000000E+00
  1477   2093   3772 1.119363E-05 5.951736E-06 8.444733E-06 5.280104E-15 0.000000E+00
  1478   1750   3645 1.851864E-05 1.577598E-05 1.689138E-05 2.753298E-15 0.000000E+00
  1479    623   3645 3.194829E-05 1.622329E-05 2.372630E-05 5.004067E-15 0.000000E+00
  1480     58    204 5.183051E-05 3.903644E-05 4.475536E-05 3.185757E-14 0.000000E+00
  1481    204   6749 3.910441E-05 7.130214E-06 2.277228E-05 6.957564E-15 0.000000E+00
  1482    323    560 3.672005E-05 1.209144E-05 2.404148E-05 8.304486E-14 0.000000E+00
  1483   2670   5449 1.376379E-05 6.522359E-06 9.991684E-06 1.571291E-15 0.000000E+00
  1484   3408   3830 8.936639E-06 3.147979E-06 5.952125E-06 2.788688E-15 0.000000E+00
  1485   2061   2223 1.876051E-05 1.111595E-05 1.471527E-05 2.201223E-15 0.000000E+00
  1486   4283   5744 1.131908E-05 5.070957E-06 8.072707E-06 7.998013E-16 0.000000E+00
  1487    727   4283 2.068325E-05 7.563159E-06 1.391241E-05 1.613758E-15 0.000000E+00
  1488    184    530 6.185214E-05 2.476448E-05 4.266192E-05 1.069469E-14 0.000000E+00
  1489    924   4187 2.257096E-05 5.817651E-06 1.398245E-05 2.434793E-15 0.000000E+00
  1490     85   2012 6.193796E-05 2.390300E-05 4.227988E-05 3.843293E-15 0.000000E+00
  1491     85   4570 5.404809E-05 8.496127E-06 3.080536E-05 1.889796E-15 0.000000E+00
  1492   4392   4570 1.285422E-05 8.373175E-06 1.045528E-05 1.443889E-15 0.000000E+00
  1493   1341   4475 2.271300E-05 9.632740E-06 1.593148E-05 2.073821E-15 0.000000E+00
  1494    428   1341 1.723862E-05 2.224513E-05 1.944722E-05 2.880700E-15 0.000000E+00
  1495   4222   5706 1.977353E-05 1.645750E-05 1.784513E-05 1.019216E-15 0.000000E+00
  1496   2582   4222 1.740456E-05 1.225937E-05 1.461059E-05 2.618819E-15 0.000000E+00
  1497   2829   3801 2.975729E-05 5.712024E-06 1.746996E-05 2.194145E-16 0.000000E+00
  1498   4664   6603 1.825408E-05 1.867801E-05 1.819043E-05 7.573340E-16 0.000000E+00
  1499   2612   5662 1.648907E-05 6.911229E-06 1.152552E-05 7.219446E-16 0.000000E+00
  1500   2612   3421 1.057564E-05 1.085420E-05 1.055499E-05 6.292242E-15 0.000000E+00
  1501   1413   1750 2.337370E-05 1.970987E-05 2.122027E-05 1.172098E-14 0.000000E+00
  1502    204   5589 4.318865E-05 1.260820E-05 2.748203E-05 6.865551E-16 0.000000E+00
  1503    446   6644 2.033992E-05 1.344034E-05 1.663804E-05 4.621861E-15 0.000000E+00
  1504    560    982 3.229190E-05 4.136479E-05 3.627867E-05 2.853804E-14 0.000000E+00
  1505    982   1022 2.960059E-05 4.794719E-05 3.819518E-05 2.464521E-14 0.000000E+00
  1506   3781   5047 1.481541E-05 1.181440E-05 1.311618E-05 5.966660E-15 0.000000E+00
  1507     20     93 8.014825E-05 4.842916E-05 6.332917E-05 1.785326E-13 0.000000E+00
  1508   1987   4899 3.135561E-05 9.219942E-06 1.998497E-05 3.609723E-15 0.000000E+00
  1509   1718   2352 1.330939E-05 2.275753E-05 1.776430E-05 1.429733E-15 0.000000E+00
  1510    218   2167 2.632713E-05 1.862966E-05 2.214290E-05 1.486356E-15 0.000000E+00
  1511   2167   4929 1.320225E-05 1.041986E-05 1.163477E-05 1.429733E-15 0.000000E+00
  1512    110    568 5.287117E-05 2.069095E-05 3.623209E-05 2.102133E-14 0.000000E+00
  1513   2796   2954 6.673632E-06 1.038378E-05 8.401411E-06 5.039456E-15 0.000000E+00
  1514   1056   2255 1.866989E-05 1.288404E-05 1.554149E-05 1.358954E-15 0.000000E+00
  1515   1161   2001 1.676477E-05 1.467531E-05 1.548541E-05 9.307423E-15 0.000000E+00
  1516     85   1365 5.555982E-05 1.621509E-05 3.535182E-05 8.826126E-15 0.000000E+00
  1517    924   4563 2.315633E-05 7.321589E-06 1.501151E-05 2.052588E-16 0.000000E+00
  1518   2488   6029 1.599229E-05 4.964649E-06 1.032207E-05 1.351877E-15 0.000000E+00
  1519    179   2454 5.595692E-05 8.496999E-06 3.174596E-05 5.520753E-16 0.000000E+00
  1520   1497   2660 1.583865E-05 5.314632E-06 1.041878E-05 5.591532E-15 0.000000E+00
  1521     23   4529 1.159476E-04 1.260334E-05 6.331612E-05 5.662310E-15 0.000000E+00
  1522     23   4674 1.260005E-04 1.145101E-05 6.770001E-05 1.316487E-15 0.000000E+00
  1523   2582   3807 1.428662E-05 1.023625E-05 1.207843E-05 1.472201E-15 0.000000E+00
  1524   1690   2108 2.202927E-05 2.493109E-05 2.312973E-05 6.440878E-15 0.000000E+00
  1525    350   5610 2.372301E-05 1.451214E-05 1.883224E-05 7.998013E-16 0.000000E+00
  1526    429    590 2.993323E-05 2.522095E-05 2.716549E-05 9.788719E-15 0.000000E+00
  1527    204    590 5.296254E-05 3.232813E-05 4.200884E-05 1.611635E-14 0.000000E+00
  1528    590   6495 3.240866E-05 9.415993E-06 2.060020E-05 1.210319E-15 0.000000E+00
  1529    987   4304 2.887017E-05 9.605854E-06 1.895088E-05 1.460168E-14 0.000000E+00
  1530    323   1022 3.755331E-05 4.146431E-05 3.891912E-05 3.087375E-14 0.000000E+00
  1531   2670   3235 9.745944E-06 9.880652E-06 9.666831E-06 8.776581E-16 0.000000E+00
  1532    410    982 2.883982E-05 2.179813E-05 2.494108E-05 2.212548E-14 0.000000E+00
  1533    410    578 2.052977E-05 1.428788E-05 1.714899E-05 4.520647E-14 0.000000E+00
  1534    553   3830 2.251783E-05 7.093706E-06 1.458479E-05 3.163816E-15 0.000000E+00
  1535   5132   5158 7.816847E-06 5.577215E-06 6.597075E-06 1.146618E-15 0.000000E+00
  1536   2060   4756 1.209529E-05 8.000799E-06 9.898075E-06 3.822060E-16 0.000000E+00
  1537   3811   5869 1.747090E-05 1.755005E-05 1.724912E-05 2.505572E-15 0.000000E+00
  1538   1365   4859 1.621870E-05 1.003282E-05 1.292986E-05 7.644119E-16 0.000000E+00
  1539   2012   6009 2.818842E-05 1.390660E-05 2.073337E-05 1.656226E-15 0.000000E+00
  1540   1161   3046 2.131687E-05 2.130023E-05 2.099051E-05 8.167883E-15 0.000000E+00
  1541   4260   6553 1.230448E-05 9.331550E-06 1.065655E-05 3.963617E-16 0.000000E+00
  1542   3926   4664 1.020371E-05 5.491473E-06 7.730461E-06 3.843293E-15 0.000000E+00
  1543   2300   4080 7.380475E-06 1.629730E-05 1.166219E-05 2.314469E-15 0.000000E+00
  1544    429   5610 2.362962E-05 6.220431E-06 1.470227E-05 7.035421E-15 0.000000E+00
  1545   3480   4603 1.169694E-05 4.996801E-06 8.222292E-06 4.076863E-15 0.000000E+00
  1546   1877   3095 2.729742E-05 8.614943E-06 1.768818E-05 4.961599E-15 0.000000E+00
  1547   3257   3480 2.125028E-05 1.318913E-05 1.696270E-05 3.737125E-15 0.000000E+00
  1548   3480   3617 1.859499E-05 1.039056E-05 1.427647E-05 9.909043E-17 0.000000E+00
  1549    429   6471 4.404731E-05 6.581810E-06 2.493673E-05 8.422687E-16 0.000000E+00
  1550   3270   5259 9.194527E-06 8.887629E-06 8.906137E-06 1.727005E-15 0.000000E+00
  1551    204   6475 3.831224E-05 9.972057E-06 2.378182E-05 1.656226E-15 0.000000E+00
  1552    987   2687 1.588506E-05 1.203664E-05 1.375248E-05 4.621861E-15 0.000000E+00
  1553   1656   2985 1.832734E-05 6.297445E-06 1.212862E-05 2.335703E-16 0.000000E+00
  1554   1638   5468 4.283957E-05 1.314969E-05 2.757680E-05 8.847360E-16 0.000000E+00
  1555   3904   4101 1.150665E-05 1.141279E-05 1.128868E-05 1.988887E-15 0.000000E+00
  1556    785    982 6.551267E-05 3.340633E-05 4.872130E-05 5.938348E-15 0.000000E+00
  1557   2323   3574 1.181230E-05 7.802529E-06 9.661035E-06 7.233602E-15 0.000000E+00
  1558    344   1949 3.010326E-05 2.253429E-05 2.592596E-05 1.152988E-14 0.000000E+00
  1559    727   3119 1.525874E-05 1.155757E-05 1.320804E-05 2.321547E-15 0.000000E+00
  1560     20    391 1.011700E-04 2.684818E-05 6.305374E-05 1.492727E-14 0.000000E+00
  1561     12    727 1.301831E-04 1.974223E-05 7.384381E-05 7.239972E-14 0.000000E+00
  1562   3822   4873 1.587329E-05 2.471921E-05 1.999332E-05 1.167852E-15 0.000000E+00
  1563    184   4320 5.831671E-05 1.804139E-05 3.760922E-05 1.061683E-15 0.000000E+00
  1564   1365   2255 1.725437E-05 1.681854E-05 1.678218E-05 5.874647E-16 0.000000E+00
  1565   2001   3282 2.405610E-05 2.089708E-05 2.214112E-05 3.970695E-15 0.000000E+00
  1566    218   4190 7.112264E-05 1.497187E-05 4.240476E-05 2.512650E-15 0.000000E+00
  1567    218   6029 7.034771E-05 1.222519E-05 4.067023E-05 1.252786E-15 0.000000E+00
  1568   2001   3046 1.693783E-05 2.471393E-05 2.051504E-05 2.364015E-15 0.000000E+00
  1569     85    737 5.654838E-05 3.538213E-05 4.527921E-05 1.252786E-14 0.000000E+00
  1570   5658   5741 1.269489E-05 9.710138E-06 1.103531E-05 9.201254E-17 0.000000E+00
  1571   2108   4715 1.647673E-05 7.919955E-06 1.201628E-05 1.627914E-15 0.000000E+00
  1572    189   2108 7.262971E-05 1.707848E-05 4.418463E-05 1.504051E-14 0.000000E+00
  1573    350    800 3.314707E-05 1.428739E-05 2.336324E-05 1.051774E-14 0.000000E+00
  1574   1060   4630 2.512850E-05 5.729470E-06 1.519870E-05 7.261913E-15 0.000000E+00
  1575   3519   3632 7.939124E-06 4.861970E-06 6.305017E-06 2.130444E-15 0.000000E+00
  1576   3617   4636 5.622676E-06 3.434503E-06 4.460999E-06 3.538944E-15 0.000000E+00
  1577    630   3645 3.999693E-05 1.599068E-05 2.757599E-05 9.767485E-16 0.000000E+00
  1578    987   2985 5.053136E-05 6.297445E-06 2.799031E-05 5.733089E-16 0.000000E+00
  1579   1656   6794 9.095557E-06 6.835438E-06 7.846610E-06 1.811939E-15 0.000000E+00
  1580    948   2485 3.032014E-05 1.896696E-05 2.427574E-05 9.201254E-16 0.000000E+00
  1581    323    982 2.600957E-05 1.803652E-05 2.169435E-05 3.008102E-15 0.000000E+00
  1582    532    982 3.596015E-05 1.811395E-05 2.663351E-05 9.986900E-15 0.000000E+00
  1583   3113   6398 1.442189E-05 1.090863E-05 1.247622E-05 1.351877E-15 0.000000E+00
  1584   4644   5293 5.954431E-06 7.182450E-06 6.470404E-06 1.974731E-15 0.000000E+00
  1585     12     20 3.579571E-05 3.315809E-05 3.396232E-05 2.176578E-12 0.000000E+00
  1586    653   1718 1.937474E-05 1.012201E-05 1.452825E-05 1.258448E-14 0.000000E+00
  1587     20   3092 7.846881E-05 9.123081E-06 4.314227E-05 6.065750E-15 0.000000E+00
  1588   3811   4285 1.125878E-05 1.298308E-05 1.194002E-05 2.272002E-15 0.000000E+00
  1589   3057   3811 1.730984E-05 1.397074E-05 1.540685E-05 5.733089E-16 0.000000E+00
  1590   1056   2461 1.445384E-05 1.251172E-05 1.328154E-05 1.224475E-15 0.000000E+00
  1591    184   1918 6.599248E-05 1.347521E-05 3.914080E-05 2.229535E-15 0.000000E+00
  1592     12    364 1.123573E-04 2.934548E-05 6.979390E-05 5.585869E-14 0.000000E+00
  1593   1078   2562 1.887579E-05 1.538826E-05 1.687632E-05 4.586471E-15 0.000000E+00
  1594    429   3807 4.305607E-05 1.023625E-05 2.624846E-05 8.627945E-15 0.000000E+00
  1595     23   1081 1.249380E-04 3.222528E-05 7.740880E-05 4.246733E-15 0.000000E+00
  1596   3480   6594 1.780419E-05 8.453966E-06 1.293312E-05 2.052588E-15 0.000000E+00
  1597   2807   4247 1.426266E-05 2.007375E-05 1.691196E-05 1.514668E-15 0.000000E+00
  1598    189   1690 7.077543E-05 2.147893E-05 4.543871E-05 7.290225E-16 0.000000E+00
  1599    189   6578 6.920721E-05 1.547014E-05 4.170675E-05 1.012138E-15 0.000000E+00
  1600   1463   2724 1.017250E-05 9.549078E-06 9.713612E-06 8.988918E-15 0.000000E+00
  1601    429    800 2.852165E-05 3.358349E-05 3.058910E-05 4.919132E-15 0.000000E+00
  1602   1463   6457 1.620766E-05 1.149582E-05 1.364500E-05 1.734083E-15 0.000000E+00
  1603   5272   6419 5.318795E-06 6.583361E-06 5.862256E-06 8.705802E-16 0.000000E+00
  1604   3772   5283 6.035972E-06 7.610405E-06 6.721350E-06 7.148667E-16 0.000000E+00
  1605   3533   6511 1.160992E-05 1.199888E-05 1.162821E-05 5.591532E-16 0.000000E+00
  1606   3274   6511 1.040826E-05 1.199888E-05 1.103635E-05 3.043492E-16 0.000000E+00
  1607   2093   4386 1.955590E-05 8.099214E-06 1.362118E-05 2.498494E-15 0.000000E+00
  1608   3456   3457 9.140006E-06 1.438238E-05 1.158565E-05 1.097073E-15 0.000000E+00
  1609    446   6783 2.771348E-05 1.179431E-05 1.945906E-05 2.165834E-15 0.000000E+00
  1610    951   2485 1.209250E-05 6.787993E-06 9.299346E-06 3.361997E-15 0.000000E+00
  1611   2485   5355 2.062578E-05 9.559913E-06 1.486758E-05 8.847360E-16 0.000000E+00
  1612    785   1022 5.082340E-05 2.824371E-05 3.894350E-05 3.860988E-14 0.000000E+00
  1613   2712   2762 1.763297E-05 1.242863E-05 1.480646E-05 1.550057E-15 0.000000E+00
  1614    225   3176 2.099635E-05 5.021688E-06 1.281486E-05 2.909012E-15 0.000000E+00
  1615     93    391 5.802365E-05 2.333670E-05 4.007301E-05 1.141663E-14 0.000000E+00
  1616   2645   4787 6.677477E-06 4.164870E-06 5.340261E-06 3.135504E-15 0.000000E+00
  1617   2328   3086 1.824849E-05 1.125278E-05 1.453048E-05 2.866545E-15 0.000000E+00
  1618    110   4285 4.552717E-05 1.391638E-05 2.927817E-05 9.378202E-15 0.000000E+00
  1619    110   3057 4.843519E-05 7.216579E-06 2.741057E-05 9.767485E-15 0.000000E+00
  1620    110   2072 7.848147E-05 1.405426E-05 4.557730E-05 2.172912E-15 0.000000E+00
  1621    428   6009 2.679554E-05 5.536048E-06 1.592451E-05 6.157763E-16 0.000000E+00
  1622   4290   4720 1.158046E-05 8.578262E-06 9.928922E-06 1.981809E-16 0.000000E+00
  1623   4716   6594 1.615936E-05 1.059473E-05 1.317739E-05 1.366032E-15 0.000000E+00
  1624    635   4720 2.107139E-05 1.107524E-05 1.583342E-05 2.151678E-15 0.000000E+00
  1625   4715   6603 1.229622E-05 9.000704E-06 1.048953E-05 2.300314E-15 0.000000E+00
  1626    189    429 7.042283E-05 3.721080E-05 5.301358E-05 1.776550E-14 0.000000E+00
  1627   4629   6454 1.028229E-05 1.146679E-05 1.071223E-05 2.328625E-15 0.000000E+00
  1628   6460   6471 8.316649E-06 6.864001E-06 7.477037E-06 1.387266E-15 0.000000E+00
  1629   5283   6521 1.188786E-05 6.529501E-06 9.071239E-06 1.528824E-15 0.000000E+00
  1630    204   6495 4.362213E-05 6.326825E-06 2.460172E-05 4.614783E-15 0.000000E+00
  1631   1770   4386 2.131314E-05 2.070937E-05 2.069765E-05 9.059697E-16 0.000000E+00
  1632    623   5197 2.313816E-05 8.650173E-06 1.565694E-05 3.758359E-15 0.000000E+00
  1633   2985   4387 1.361992E-05 6.459480E-06 9.889854E-06 4.742185E-16 0.000000E+00
  1634   5468   6783 1.373666E-05 8.575506E-06 1.098957E-05 6.157763E-16 0.000000E+00
  1635   2708   3220 6.742866E-06 9.481141E-06 7.990929E-06 3.262906E-15 0.000000E+00
  1636   1340   1994 1.506358E-05 1.232854E-05 1.349164E-05 3.984851E-15 0.000000E+00
  1637   1923   2765 9.289079E-06 7.815688E-06 8.424736E-06 1.075839E-15 0.000000E+00
  1638   2216   4733 1.099916E-05 1.055010E-05 1.061382E-05 8.351908E-16 0.000000E+00
  1639   2060   5988 7.053063E-06 7.193020E-06 7.016728E-06 1.507590E-15 0.000000E+00
  1640     20   4140 7.506573E-05 6.816041E-06 4.032983E-05 4.338745E-15 0.000000E+00
  1641   3057   4839 1.209196E-05 1.179812E-05 1.176676E-05 1.174929E-15 0.000000E+00
  1642   1784   2167 2.425976E-05 1.517993E-05 1.942552E-05 6.702760E-15 0.000000E+00
  1643    653   1784 3.115887E-05 2.985192E-05 3.005009E-05 1.247124E-14 0.000000E+00
  1644   2260   5696 1.138699E-05 6.561077E-06 8.840095E-06 2.137522E-15 0.000000E+00
  1645    179   1497 4.539962E-05 2.348016E-05 3.392587E-05 5.520753E-15 0.000000E+00
  1646   2237   2660 1.639221E-05 1.005257E-05 1.302504E-05 1.500512E-15 0.000000E+00
  1647   1497   2237 1.906564E-05 1.526746E-05 1.691033E-05 3.298296E-15 0.000000E+00
  1648   1341   2922 2.249989E-05 1.307051E-05 1.751975E-05 8.847360E-16 0.000000E+00
  1649   2922   4529 1.221217E-05 1.485826E-05 1.333320E-05 1.995964E-15 0.000000E+00
  1650   1341   4529 1.990040E-05 1.190039E-05 1.566308E-05 4.296278E-15 0.000000E+00
  1651   3007   4199 2.265271E-05 1.535082E-05 1.871816E-05 2.031354E-15 0.000000E+00
  1652   1497   4674 3.710765E-05 4.644374E-06 2.056443E-05 3.616801E-15 0.000000E+00
  1653    429   4290 3.869575E-05 5.691613E-06 2.186243E-05 2.229535E-15 0.000000E+00
  1654    793   2312 2.734358E-05 1.148566E-05 1.912485E-05 4.544004E-15 0.000000E+00
  1655   1060   1081 2.135801E-05 2.589967E-05 2.327617E-05 1.054605E-14 0.000000E+00
  1656   3189   6594 1.008987E-05 8.110350E-06 8.964290E-06 5.237637E-16 0.000000E+00
  1657   3189   3480 7.052566E-06 1.011575E-05 8.456038E-06 2.717909E-15 0.000000E+00
  1658   2986   4247 1.304400E-05 1.141975E-05 1.204931E-05 4.678484E-15 0.000000E+00
  1659    590    800 2.243166E-05 1.566112E-05 1.876212E-05 1.731251E-14 0.000000E+00
  1660    350   3621 2.846376E-05 1.327525E-05 2.055802E-05 1.627914E-16 0.000000E+00
  1661    590   6460 3.134545E-05 1.004050E-05 2.038412E-05 5.803868E-16 0.000000E+00
  1662   1750   2093 2.973550E-05 1.150314E-05 2.031157E-05 1.542980E-15 0.000000E+00
  1663    630   1750 3.177295E-05 1.608658E-05 2.357260E-05 8.705802E-15 0.000000E+00
  1664    623   1770 3.286546E-05 2.377937E-05 2.789970E-05 2.087977E-15 0.000000E+00
  1665   3286   5197 1.091328E-05 5.044281E-06 7.859696E-06 1.097073E-15 0.000000E+00
  1666   1362   3452 2.984767E-05 2.113801E-05 2.511235E-05 1.344799E-15 0.000000E+00
  1667   3737   5449 8.098970E-06 2.720451E-06 5.328969E-06 1.542980E-15 0.000000E+00
  1668    446   5449 2.389656E-05 2.111331E-05 2.216904E-05 4.883743E-16 0.000000E+00
  1669    323    532 2.480607E-05 2.504384E-05 2.455294E-05 4.229038E-14 0.000000E+00
  1670   1679   3383 2.560187E-05 1.063341E-05 1.784723E-05 1.783628E-15 0.000000E+00
  1671   4839   5954 1.074447E-05 1.146073E-05 1.093689E-05 6.440878E-16 0.000000E+00
  1672   2260   2954 8.407267E-06 1.060116E-05 9.362361E-06 2.003042E-15 0.000000E+00
  1673    179   2250 2.541775E-05 1.548941E-05 2.014830E-05 7.219446E-15 0.000000E+00
  1674    568    924 3.687097E-05 1.544237E-05 2.576627E-05 2.010120E-15 0.000000E+00
  1675   1497   4385 1.619001E-05 3.885012E-06 9.887698E-06 2.625896E-15 0.000000E+00
  1676    233    302 1.481215E-05 1.747374E-05 1.590201E-05 5.803160E-14 0.000000E+00
  1677   3046   3667 1.243426E-05 9.278296E-06 1.069424E-05 2.795766E-15 0.000000E+00
  1678   2108   4719 1.424310E-05 1.192985E-05 1.289116E-05 3.227517E-15 0.000000E+00
  1679   3007   6611 1.400430E-05 1.225161E-05 1.293202E-05 6.582436E-16 0.000000E+00
  1680    635   1081 2.250989E-05 3.005341E-05 2.588939E-05 1.869978E-14 0.000000E+00
  1681   1877   2035 1.237356E-05 1.981761E-05 1.585535E-05 7.460094E-15 0.000000E+00
  1682   2035   3095 1.032699E-05 8.044785E-06 9.048784E-06 3.885761E-15 0.000000E+00
  1683    189   6460 6.810402E-05 6.975511E-06 3.697947E-05 3.680502E-15 0.000000E+00
  1684    204   6766 3.318661E-05 8.049066E-06 2.031011E-05 9.576382E-15 0.000000E+00
  1685   1770   2779 1.828196E-05 1.407367E-05 1.593636E-05 6.773539E-15 0.000000E+00
  1686   3457   5185 2.451988E-05 1.899934E-05 2.143484E-05 3.397386E-16 0.000000E+00
  1687    323   3452 7.035235E-05 1.304634E-05 4.107696E-05 1.507590E-15 0.000000E+00
  1688    560   3452 1.631742E-05 5.836018E-06 1.091139E-05 3.751281E-15 0.000000E+00
  1689    446   1656 3.696081E-05 1.464901E-05 2.541976E-05 6.653215E-16 0.000000E+00
  1690    446    948 2.220204E-05 3.386716E-05 2.761617E-05 2.335703E-16 0.000000E+00
  1691   2474   5355 1.394918E-05 8.748061E-06 1.117924E-05 1.925186E-15 0.000000E+00
  1692   2670   2709 2.010024E-05 9.798392E-06 1.472619E-05 3.942384E-15 0.000000E+00
  1693   1446   1773 2.524882E-05 2.767745E-05 2.606817E-05 1.132462E-14 0.000000E+00
  1694   2712   3113 1.366949E-05 9.035359E-06 1.118298E-05 2.689597E-16 0.000000E+00
  1695    826   1949 2.423808E-05 1.952033E-05 2.155265E-05 1.599603E-15 0.000000E+00
  1696     20   1849 9.488423E-05 1.027206E-05 5.179339E-05 2.739143E-15 0.000000E+00
  1697   1094   3432 1.785030E-05 6.616132E-06 1.205063E-05 3.645112E-15 0.000000E+00
  1698   3822   4899 9.753286E-06 9.618009E-06 9.541085E-06 6.440878E-16 0.000000E+00
  1699   4120   4872 4.496407E-06 4.713143E-06 4.536047E-06 1.995964E-15 0.000000E+00
  1700    110    636 9.002436E-05 9.676991E-06 4.910663E-05 2.746928E-14 0.000000E+00
  1701    179   6045 4.801634E-05 1.024154E-05 2.869418E-05 1.443889E-15 0.000000E+00
  1702   3950   5896 6.484660E-06 5.487514E-06 5.896742E-06 4.742185E-16 0.000000E+00
  1703    179   2012 2.158174E-05 2.156580E-05 2.125177E-05 1.915276E-14 0.000000E+00
  1704   6009   6011 4.466455E-06 5.436540E-06 4.877595E-06 7.998013E-16 0.000000E+00
  1705   3848   4222 7.129984E-06 1.173617E-05 9.292286E-06 2.965635E-15 0.000000E+00
  1706   3394   4311 1.582346E-05 1.052577E-05 1.297798E-05 2.194145E-16 0.000000E+00
  1707   3801   4502 9.785351E-06 8.679441E-06 9.094599E-06 2.533884E-15 0.000000E+00
  1708    429   6532 3.633281E-05 3.452762E-06 1.959588E-05 2.965635E-15 0.000000E+00
  1709    679   2984 4.540508E-05 1.007048E-05 2.732378E-05 5.846335E-15 0.000000E+00
  1710    956   1676 2.433984E-05 1.284669E-05 1.831575E-05 1.019216E-15 0.000000E+00
  1711   3480   3632 1.218881E-05 1.159897E-05 1.171637E-05 1.592525E-15 0.000000E+00
  1712   3617   3632 1.484141E-05 1.703413E-05 1.569989E-05 8.988918E-16 0.000000E+00
  1713    189    590 7.434344E-05 1.773997E-05 4.535452E-05 7.757365E-15 0.000000E+00
  1714   3270   5319 1.177511E-05 8.748364E-06 1.010858E-05 8.210350E-16 0.000000E+00
  1715    630   3270 2.939915E-05 1.292689E-05 2.084715E-05 2.809922E-15 0.000000E+00
  1716   1413   4386 3.264329E-05 8.464545E-06 2.024714E-05 5.258871E-15 0.000000E+00
  1717    987   6833 4.410870E-05 1.186971E-05 2.757146E-05 1.288176E-15 0.000000E+00
  1718   5392   6664 1.428907E-05 1.220314E-05 1.304840E-05 3.928228E-15 0.000000E+00
  1719   6664   6685 1.569852E-05 1.918559E-05 1.718173E-05 1.373110E-15 0.000000E+00
  1720   2762   3113 8.032320E-06 8.024931E-06 7.908795E-06 5.308416E-16 0.000000E+00
  1721    530   3103 1.931113E-05 5.660561E-06 1.229949E-05 2.661286E-15 0.000000E+00
  1722    110   1679 4.512891E-05 2.547812E-05 3.477660E-05 4.161798E-15 0.000000E+00
  1723   4920   5885 6.784796E-06 5.585666E-06 6.092914E-06 1.174929E-15 0.000000E+00
  1724   2796   3978 1.690699E-05 6.340444E-06 1.145023E-05 1.811939E-15 0.000000E+00
  1725    179   1784 5.258937E-05 2.350830E-05 3.748094E-05 2.364015E-15 0.000000E+00
  1726   4120   4860 8.696694E-06 5.153797E-06 6.821884E-06 1.564213E-15 0.000000E+00
  1727    184    302 5.931646E-05 5.384317E-05 5.573534E-05 1.350461E-14 0.000000E+00
  1728   3106   5896 4.598552E-06 5.642441E-06 5.044071E-06 2.031354E-15 0.000000E+00
  1729   4018   5695 2.659651E-05 1.388454E-05 1.993843E-05 1.082917E-15 0.000000E+00
  1730   2503   5658 1.266378E-05 3.059459E-06 7.744281E-06 2.604663E-15 0.000000E+00
  1731    428   2237 2.692769E-05 1.491267E-05 2.060794E-05 2.767454E-15 0.000000E+00
  1732   1282   1497 2.921821E-05 1.443968E-05 2.150314E-05 4.112253E-15 0.000000E+00
  1733   2605   6531 2.363027E-05 7.511127E-06 1.533830E-05 4.161798E-15 0.000000E+00
  1734    679   4328 5.116363E-05 2.142756E-05 3.575387E-05 8.790737E-15 0.000000E+00
  1735   4126   6611 6.755748E-06 7.199030E-06 6.873249E-06 2.972713E-16 0.000000E+00
  1736   3466   6590 2.047149E-05 1.758685E-05 1.874515E-05 7.007109E-16 0.000000E+00
  1737   1463   2683 1.202234E-05 1.325112E-05 1.244812E-05 1.182007E-15 0.000000E+00
  1738   6454   6467 8.648841E-06 8.492842E-06 8.442918E-06 5.662310E-16 0.000000E+00
  1739   1186   1877 2.448434E-05 1.508467E-05 1.948921E-05 7.566262E-15 0.000000E+00
  1740   2683   6419 1.002615E-05 8.284339E-06 9.018601E-06 2.257846E-15 0.000000E+00
  1741   3270   5284 1.330230E-05 4.420269E-06 8.729025E-06 8.210350E-16 0.000000E+00
  1742   2400   3270 1.011317E-05 1.128862E-05 1.054118E-05 1.578369E-15 0.000000E+00
  1743    630   5319 2.653507E-05 9.183606E-06 1.759278E-05 2.165834E-15 0.000000E+00
  1744   2985   6794 1.206415E-05 5.796021E-06 8.796802E-06 7.998013E-16 0.000000E+00
  1745     26    149 9.900492E-05 3.099398E-05 6.402931E-05 5.024593E-14 0.000000E+00
  1746   2708   5448 1.493257E-05 5.675220E-06 1.015011E-05 1.196163E-15 0.000000E+00
  1747    951    982 3.331018E-05 3.148846E-05 3.191575E-05 3.595567E-15 0.000000E+00
  1748   1340   5392 9.897286E-06 4.819536E-06 7.248584E-06 5.379195E-16 0.000000E+00
  1749   1115   1773 1.592891E-05 2.913046E-05 2.219342E-05 3.680502E-15 0.000000E+00
  1750   1001   1816 2.085224E-05 1.855339E-05 1.940875E-05 1.421240E-14 0.000000E+00
  1751     12    530 1.385450E-04 1.344796E-05 7.486221E-05 2.538838E-14 0.000000E+00
  1752   5870   5954 1.099324E-05 1.065977E-05 1.066491E-05 1.245708E-15 0.000000E+00
  1753    110   4839 5.262586E-05 9.321777E-06 3.051152E-05 6.242697E-15 0.000000E+00
  1754    179   2472 4.405979E-05 2.188920E-05 3.248234E-05 7.184056E-15 0.000000E+00
  1755   3106   5880 1.184352E-05 5.230677E-06 8.409681E-06 2.463105E-15 0.000000E+00
  1756   1365   2012 1.424987E-05 1.246211E-05 1.315664E-05 1.953497E-15 0.000000E+00
  1757    737   1365 3.528024E-05 1.934000E-05 2.690251E-05 7.778599E-15 0.000000E+00
  1758    428   2304 2.305908E-05 9.962242E-06 1.626423E-05 3.043492E-16 0.000000E+00
  1759   3096   4323 1.205687E-05 9.100378E-06 1.042074E-05 1.047527E-15 0.000000E+00
  1760   3373   6527 1.212286E-05 7.078839E-06 9.457552E-06 2.286158E-15 0.000000E+00
  1761   3807   4719 1.052295E-05 9.678853E-06 9.950144E-06 5.662310E-16 0.000000E+00
  1762   1463   6609 1.873615E-05 3.702638E-06 1.105194E-05 3.588489E-15 0.000000E+00
  1763    590   1484 1.435491E-05 2.602371E-05 1.988798E-05 1.249247E-14 0.000000E+00
  1764   5328   5663 1.158555E-05 1.102179E-05 1.113496E-05 1.351877E-15 0.000000E+00
  1765    446   5468 3.282350E-05 3.373473E-06 1.782836E-05 3.673424E-15 0.000000E+00
  1766     12    241 1.005682E-04 2.314904E-05 6.093537E-05 2.486604E-13 0.000000E+00
  1767   1056   1784 1.351284E-05 1.851661E-05 1.577570E-05 8.635023E-15 0.000000E+00
  1768   1365   6045 9.611861E-06 6.815280E-06 8.090980E-06 1.981809E-16 0.000000E+00
  1769     12   1028 9.136451E-05 2.319011E-05 5.642243E-05 4.285661E-14 0.000000E+00
  1770   2922   4524 1.830124E-05 1.869399E-05 1.822153E-05 6.582436E-16 0.000000E+00
  1771    428    849 2.800206E-05 1.831611E-05 2.281342E-05 1.854407E-15 0.000000E+00
  1772   4199   4220 1.119015E-05 8.048420E-06 9.475712E-06 1.741160E-15 0.000000E+00
  1773   2264   6553 1.794205E-05 1.016372E-05 1.384314E-05 1.174929E-15 0.000000E+00
  1774     21    429 8.866073E-05 4.125958E-05 6.399060E-05 3.963617E-14 0.000000E+00
  1775   4071   6609 1.501112E-05 1.180787E-05 1.320935E-05 2.187067E-15 0.000000E+00
  1776    278    429 4.052566E-05 3.362935E-05 3.652411E-05 7.580418E-15 0.000000E+00
  1777    800   1484 2.230577E-05 1.186149E-05 1.682865E-05 5.329650E-15 0.000000E+00
  1778   1487   2985 4.322104E-05 1.551815E-05 2.893124E-05 1.670382E-15 0.000000E+00
  1779   2743   6794 2.032807E-05 1.005744E-05 1.496600E-05 7.785677E-17 0.000000E+00
  1780   1446   2790 2.623076E-05 5.832316E-06 1.579226E-05 1.387266E-15 0.000000E+00
  1781     93   4377 7.598644E-05 1.389868E-05 4.427177E-05 9.059697E-16 0.000000E+00
  1782   1987   4771 1.890517E-05 1.860508E-05 1.847520E-05 3.652190E-15 0.000000E+00
  1783   5885   5886 6.195753E-06 5.562294E-06 5.791277E-06 1.847329E-15 0.000000E+00
  1784   3978   4872 9.467708E-06 9.504583E-06 9.344561E-06 4.529848E-16 0.000000E+00
  1785    636   2510 2.253956E-05 8.856025E-06 1.546350E-05 1.875640E-15 0.000000E+00
  1786   2796   5955 1.632085E-05 5.481611E-06 1.073853E-05 1.592525E-15 0.000000E+00
  1787   1056   5957 1.492560E-05 4.756033E-06 9.693936E-06 5.662310E-16 0.000000E+00
  1788    568   2033 4.369248E-05 1.588117E-05 2.934225E-05 1.235799E-14 0.000000E+00
  1789    924   2503 1.642130E-05 1.137067E-05 1.368858E-05 1.284637E-14 0.000000E+00
  1790   4475   5848 1.186396E-05 1.305743E-05 1.227472E-05 2.548040E-16 0.000000E+00
  1791   2184   3667 1.985705E-05 8.535245E-06 1.398426E-05 4.586471E-15 0.000000E+00
  1792   2831   4609 1.122871E-05 8.780834E-06 9.855447E-06 1.642070E-15 0.000000E+00
  1793    189   4715 6.702730E-05 1.384472E-05 3.983249E-05 2.052588E-15 0.000000E+00
  1794    278    635 2.898320E-05 2.142554E-05 2.482819E-05 7.552106E-15 0.000000E+00
  1795   2697   3468 1.037681E-05 1.140597E-05 1.072883E-05 8.988918E-16 0.000000E+00
  1796    800   3621 2.108399E-05 1.100029E-05 1.580270E-05 4.855431E-15 0.000000E+00
  1797   2400   5284 8.137280E-06 6.576171E-06 7.246924E-06 4.027318E-15 0.000000E+00
  1798    204   6512 4.252896E-05 5.960901E-06 2.388307E-05 3.935306E-15 0.000000E+00
  1799   1641   2093 1.936441E-05 1.263333E-05 1.576008E-05 2.689597E-16 0.000000E+00
  1800   1413   1641 3.927291E-05 1.343697E-05 2.596158E-05 4.006085E-15 0.000000E+00
  1801   3766   6748 9.430971E-06 7.000711E-06 8.093216E-06 5.711856E-15 0.000000E+00
  1802   2743   2985 1.122751E-05 6.579370E-06 8.770554E-06 6.723994E-16 0.000000E+00
  1803   2480   2669 1.245653E-05 4.444212E-06 8.324244E-06 1.995964E-15 0.000000E+00
  1804    578    785 4.467427E-05 2.004615E-05 3.187722E-05 5.858368E-14 0.000000E+00
  1805   2761   4401 7.192406E-06 4.203298E-06 5.612809E-06 1.500512E-15 0.000000E+00
  1806   3086   3494 1.490795E-05 9.656618E-06 1.209897E-05 3.560178E-15 0.000000E+00
  1807   3170   4873 8.178584E-06 1.715031E-05 1.247543E-05 4.579394E-15 0.000000E+00
  1808   1056   2510 3.054350E-05 1.200262E-05 2.095555E-05 9.052619E-15 0.000000E+00
  1809   5880   5896 4.385746E-06 3.826152E-06 4.044666E-06 6.582436E-16 0.000000E+00
  1810   2012   3430 1.587174E-05 5.225567E-06 1.039121E-05 5.662310E-16 0.000000E+00
  1811   2033   5658 1.919889E-05 1.260118E-05 1.566272E-05 1.174929E-15 0.000000E+00
  1812   5760   6549 1.677201E-05 1.402610E-05 1.516921E-05 6.865551E-16 0.000000E+00
  1813     23    278 1.283336E-04 2.974416E-05 7.785921E-05 1.082917E-15 0.000000E+00
  1814   4609   6596 5.804536E-06 3.611038E-06 4.637521E-06 1.139540E-15 0.000000E+00
  1815   1463   6588 2.118037E-05 5.550668E-06 1.316603E-05 1.316487E-15 0.000000E+00
  1816   2984   4328 1.230426E-05 2.306847E-05 1.742239E-05 2.356937E-15 0.000000E+00
  1817    800   5610 2.467753E-05 4.956040E-06 1.459564E-05 1.479279E-15 0.000000E+00
  1818   1676   3468 1.183633E-05 1.250845E-05 1.199071E-05 2.618819E-16 0.000000E+00
  1819   2687   5454 7.467798E-06 6.415185E-06 6.837888E-06 1.465123E-15 0.000000E+00
  1820   2480   5440 1.366163E-05 4.419154E-06 8.905463E-06 2.243690E-15 0.000000E+00
  1821   2709   3474 9.322669E-06 6.800176E-06 7.941103E-06 2.548040E-16 0.000000E+00
  1822    177   2556 4.717432E-05 1.280466E-05 2.954189E-05 6.122373E-15 0.000000E+00
  1823   2488   4591 1.292554E-05 5.410275E-06 9.031075E-06 1.542980E-15 0.000000E+00
  1824   4199   4522 1.041006E-05 4.317500E-06 7.253873E-06 2.024276E-15 0.000000E+00
  1825   5596   5760 2.021508E-05 1.316671E-05 1.644178E-05 3.185050E-16 0.000000E+00
  1826   2108   2264 1.715293E-05 1.982324E-05 1.821214E-05 6.936330E-16 0.000000E+00
  1827   1081   2312 2.852457E-05 1.273220E-05 2.032050E-05 1.054605E-15 0.000000E+00
  1828   1676   4595 1.234432E-05 1.057051E-05 1.128641E-05 1.344799E-16 0.000000E+00
  1829   4629   6590 2.070239E-05 2.133927E-05 2.070709E-05 5.987893E-15 0.000000E+00
  1830    189   5259 5.369458E-05 1.548928E-05 3.407563E-05 2.767454E-15 0.000000E+00
  1831   1641   1750 1.975821E-05 2.381558E-05 2.146172E-05 2.406482E-16 0.000000E+00
  1832   1750   2372 1.980903E-05 2.056012E-05 1.988332E-05 1.974731E-15 0.000000E+00
  1833   1413   2372 3.324282E-05 2.034162E-05 2.639234E-05 7.644119E-16 0.000000E+00
  1834    623   3766 2.742559E-05 6.053645E-06 1.648977E-05 1.055313E-14 0.000000E+00
  1835   3456   5245 1.204013E-05 2.480637E-05 1.814827E-05 9.484370E-16 0.000000E+00
  1836     86    330 4.792591E-05 1.555906E-05 3.126871E-05 1.182078E-13 0.000000E+00
  1837    560   2485 5.579430E-05 7.135059E-06 3.099506E-05 6.787695E-15 0.000000E+00
  1838   1692   4601 1.607643E-05 3.975624E-06 9.876386E-06 3.078881E-15 0.000000E+00
  1839     93    226 4.671568E-05 2.859840E-05 3.709500E-05 5.297799E-14 0.000000E+00
  1840     12   3119 1.439237E-04 8.407479E-06 7.502877E-05 9.279111E-15 0.000000E+00
  1841    110   3383 4.588556E-05 1.388304E-05 2.943827E-05 6.731071E-15 0.000000E+00
  1842    241    530 3.961051E-05 2.081896E-05 2.976377E-05 1.751777E-14 0.000000E+00
  1843    636   4591 1.811197E-05 6.383795E-06 1.206508E-05 1.344799E-15 0.000000E+00
  1844   5717   6069 1.515610E-05 1.429812E-05 1.450730E-05 1.266942E-15 0.000000E+00
  1845   3412   6011 6.328750E-06 6.914316E-06 6.522704E-06 7.219446E-16 0.000000E+00
  1846   1497   3430 2.862448E-05 4.082642E-06 1.610948E-05 2.172912E-15 0.000000E+00
  1847   4222   5811 1.617152E-05 1.059548E-05 1.318375E-05 5.449974E-16 0.000000E+00
  1848   2264   4222 1.622212E-05 1.534856E-05 1.554974E-05 1.458045E-15 0.000000E+00
  1849   4502   5596 1.491669E-05 1.845804E-05 1.643830E-05 4.034396E-16 0.000000E+00
  1850   4502   5760 1.391460E-05 1.493803E-05 1.421099E-05 9.484370E-16 0.000000E+00
  1851   5652   5760 1.609669E-05 1.564815E-05 1.563552E-05 4.034396E-16 0.000000E+00
  1852   4290   6547 9.472208E-06 1.065684E-05 9.914306E-06 1.210319E-15 0.000000E+00
  1853    849   4674 2.897738E-05 9.723580E-06 1.906167E-05 9.484370E-16 0.000000E+00
  1854   1463   3171 1.657809E-05 9.311145E-06 1.275142E-05 3.574333E-15 0.000000E+00
  1855   2697   5284 2.298945E-05 1.223669E-05 1.735019E-05 1.861485E-15 0.000000E+00
  1856   3487   6503 1.099790E-05 1.083613E-05 1.075407E-05 4.466147E-15 0.000000E+00
  1857    630   2400 2.257904E-05 9.265484E-06 1.568462E-05 6.108217E-15 0.000000E+00
  1858   4439   6503 1.866363E-05 1.662720E-05 1.738205E-05 2.456027E-15 0.000000E+00
  1859   4386   5297 9.803730E-06 7.166965E-06 8.358700E-06 1.068761E-15 0.000000E+00
  1860   1770   6766 1.958814E-05 6.839256E-06 1.301648E-05 3.574333E-15 0.000000E+00
  1861    225    226 1.747928E-05 1.518963E-05 1.609066E-05 7.692249E-14 0.000000E+00
  1862    391   4377 2.740177E-05 6.395914E-06 1.664662E-05 5.733089E-16 0.000000E+00
  1863   1849   3494 1.734312E-05 7.701356E-06 1.233534E-05 9.696707E-16 0.000000E+00
  1864    110    946 5.115579E-05 2.045062E-05 3.526883E-05 5.457052E-14 0.000000E+00
  1865   5880   5955 7.496371E-06 6.573758E-06 6.930064E-06 9.555149E-16 0.000000E+00
  1866   2012   6011 1.161350E-05 6.733209E-06 9.036437E-06 2.406482E-16 0.000000E+00
  1867    737   1341 1.354010E-05 2.093419E-05 1.697988E-05 1.161481E-14 0.000000E+00
  1868   6532   6547 7.505640E-06 8.199405E-06 7.735321E-06 1.840251E-16 0.000000E+00
  1869    278   6532 4.128612E-05 3.976953E-06 2.229375E-05 1.266942E-15 0.000000E+00
  1870   1507   4017 2.237496E-05 8.475097E-06 1.519480E-05 1.918108E-15 0.000000E+00
  1871   1676   2697 1.178905E-05 8.918846E-06 1.019941E-05 1.578369E-15 0.000000E+00
  1872    189    800 6.593002E-05 4.273394E-05 5.352106E-05 8.727036E-15 0.000000E+00
  1873   2081   6419 3.202105E-05 9.451630E-06 2.042684E-05 7.007109E-16 0.000000E+00
  1874   2400   2697 1.909141E-05 2.513642E-05 2.178386E-05 6.851396E-15 0.000000E+00
  1875   1186   2388 1.318682E-05 8.023301E-06 1.044678E-05 1.058852E-14 0.000000E+00
  1876   1641   4386 1.449625E-05 1.132038E-05 1.271565E-05 5.662310E-16 0.000000E+00
  1877    446   2743 4.325701E-05 1.730823E-05 2.983064E-05 1.024878E-14 0.000000E+00
  1878   2474   2485 1.126091E-05 1.854006E-05 1.467809E-05 9.625928E-16 0.000000E+00
  1879   3989   5069 5.019055E-06 4.350347E-06 4.614780E-06 1.061683E-15 0.000000E+00
  1880    946   1094 3.660164E-05 1.972720E-05 2.774406E-05 4.190110E-15 0.000000E+00
  1881   4756   5988 1.427476E-05 1.076723E-05 1.233412E-05 3.185050E-16 0.000000E+00
  1882   1094   6052 1.494180E-05 7.662415E-06 1.113342E-05 2.654208E-15 0.000000E+00
  1883    241   1980 3.752441E-05 1.650452E-05 2.661127E-05 6.058672E-15 0.000000E+00
  1884    653   3885 2.566970E-05 3.417516E-06 1.432654E-05 4.749263E-15 0.000000E+00
  1885    110   4891 3.611480E-05 3.070853E-06 1.930040E-05 8.649179E-15 0.000000E+00
  1886   3961   5954 1.117496E-05 5.809307E-06 8.365384E-06 4.324590E-15 0.000000E+00
  1887   3170   5546 1.194787E-05 1.074461E-05 1.117689E-05 6.440878E-16 0.000000E+00
  1888    636   4558 1.601195E-05 6.092509E-06 1.088727E-05 1.507590E-15 0.000000E+00
  1889    568   3470 4.272349E-05 1.095769E-05 2.643998E-05 4.119331E-15 0.000000E+00
  1890   2250   6012 1.263627E-05 9.319911E-06 1.081424E-05 1.790706E-15 0.000000E+00
  1891   2012   3412 6.912811E-06 5.174569E-06 5.953486E-06 2.038432E-15 0.000000E+00
  1892   4392   5697 1.760401E-05 4.815511E-06 1.104245E-05 2.066743E-15 0.000000E+00
  1893    278   4290 3.776758E-05 8.684443E-06 2.287935E-05 1.840251E-15 0.000000E+00
  1894     21   3848 9.496051E-05 1.328454E-05 5.331473E-05 1.889796E-15 0.000000E+00
  1895     21   3807 9.330968E-05 7.444129E-06 4.962501E-05 8.351908E-16 0.000000E+00
  1896    189   1676 5.835369E-05 9.569339E-06 3.345463E-05 2.569273E-15 0.000000E+00
  1897    189   3807 6.535121E-05 1.226147E-05 3.822714E-05 1.783628E-15 0.000000E+00
  1898   1676   2831 1.201210E-05 1.504360E-05 1.332594E-05 3.050570E-15 0.000000E+00
  1899   1676   4609 1.273464E-05 9.372545E-06 1.088862E-05 1.804861E-15 0.000000E+00
  1900    635   4658 1.567516E-05 4.943889E-06 1.015565E-05 2.916090E-15 0.000000E+00
  1901   3621   4658 1.198868E-05 4.013573E-06 7.881708E-06 6.016205E-16 0.000000E+00
  1902    189   6422 4.936271E-05 1.421014E-05 3.131200E-05 7.000031E-15 0.000000E+00
  1903   2081   2683 2.007192E-05 1.094497E-05 1.527698E-05 6.363021E-15 0.000000E+00
  1904   3487   4439 1.141185E-05 1.194023E-05 1.150177E-05 1.967653E-15 0.000000E+00
  1905   1641   2372 1.041835E-05 1.425591E-05 1.215300E-05 1.368156E-14 0.000000E+00
  1906    982   2474 3.273343E-05 1.992831E-05 2.593787E-05 1.259864E-15 0.000000E+00
  1907     26    292 1.153393E-04 4.007050E-05 7.654513E-05 6.471313E-14 0.000000E+00
  1908    803   2709 2.302902E-05 5.973946E-06 1.428504E-05 9.767485E-15 0.000000E+00
  1909   1485   3084 2.336554E-05 1.051204E-05 1.668597E-05 7.594574E-15 0.000000E+00
  1910   1773   2790 1.896194E-05 1.028437E-05 1.440490E-05 3.892838E-15 0.000000E+00
  1911    110   1094 5.911224E-05 2.057587E-05 3.924937E-05 7.396393E-15 0.000000E+00
  1912    530   1980 2.314205E-05 1.650452E-05 1.952742E-05 4.140564E-15 0.000000E+00
  1913    110   5890 4.193154E-05 7.973460E-06 2.458008E-05 3.298296E-15 0.000000E+00
  1914   2740   5546 1.423275E-05 9.844243E-06 1.185882E-05 9.555149E-16 0.000000E+00
  1915   4533   5896 1.113015E-05 8.436134E-06 9.637124E-06 2.194145E-16 0.000000E+00
  1916    302   1604 2.117113E-05 1.576977E-05 1.819477E-05 1.983932E-14 0.000000E+00
  1917    179   3430 3.097974E-05 5.516093E-06 1.797556E-05 2.378170E-15 0.000000E+00
  1918   3541   4498 1.478273E-05 1.060289E-05 1.250336E-05 2.420638E-15 0.000000E+00
  1919   1078   3396 2.153290E-05 6.013515E-06 1.356764E-05 3.312452E-15 0.000000E+00
  1920   4502   5652 1.437214E-05 1.474216E-05 1.433988E-05 2.335703E-16 0.000000E+00
  1921   5652   6549 4.734804E-06 5.041435E-06 4.815163E-06 2.703753E-15 0.000000E+00
  1922   1282   2276 1.370100E-05 1.198942E-05 1.265349E-05 5.173936E-15 0.000000E+00
  1923    278   6547 4.513989E-05 3.173209E-06 2.379600E-05 4.579394E-15 0.000000E+00
  1924   2467   3394 1.090400E-05 7.353286E-06 8.992392E-06 4.515693E-15 0.000000E+00
  1925   1282   4103 1.211895E-05 7.072777E-06 9.452643E-06 3.666346E-15 0.000000E+00
  1926    189   1398 6.027881E-05 1.572455E-05 3.743449E-05 7.679508E-15 0.000000E+00
  1927    278    800 4.650348E-05 3.010431E-05 3.773220E-05 3.279186E-14 0.000000E+00
  1928   2724   3171 2.053511E-05 1.248590E-05 1.626408E-05 6.936330E-16 0.000000E+00
  1929   2697   5694 1.111953E-05 1.493981E-05 1.283520E-05 2.540962E-15 0.000000E+00
  1930    189   2697 3.904269E-05 2.454973E-05 3.132164E-05 6.037438E-15 0.000000E+00
  1931    630   2372 2.543702E-05 2.285218E-05 2.378424E-05 8.889827E-15 0.000000E+00
  1932    532    578 1.605183E-05 2.043694E-05 1.797208E-05 1.485649E-14 0.000000E+00
  1933    519    826 2.272259E-05 1.254975E-05 1.737295E-05 1.767349E-14 0.000000E+00
  1934   1757   3383 1.701619E-05 1.388304E-05 1.521903E-05 4.827120E-15 0.000000E+00
  1935   1987   5886 3.514846E-05 5.823343E-06 2.018014E-05 5.860491E-15 0.000000E+00
  1936    653   2167 2.721071E-05 1.661656E-05 2.158657E-05 4.713873E-15 0.000000E+00
  1937    110   5954 5.081864E-05 7.802974E-06 2.887333E-05 4.444914E-15 0.000000E+00
  1938   4880   5957 1.071804E-05 3.236971E-06 6.873363E-06 8.988918E-16 0.000000E+00
  1939    110   2162 6.534089E-05 2.784259E-05 4.589634E-05 2.734896E-14 0.000000E+00
  1940   4558   4591 5.029055E-06 5.732435E-06 5.300435E-06 1.528824E-15 0.000000E+00
  1941    737   4392 2.078338E-05 2.003249E-05 2.010334E-05 2.087977E-15 0.000000E+00
  1942   2033   4190 1.745637E-05 6.581639E-06 1.183962E-05 7.219446E-16 0.000000E+00
  1943   1341   2304 1.450071E-05 1.221507E-05 1.315852E-05 1.077962E-14 0.000000E+00
  1944   2237   2304 7.544169E-06 9.348756E-06 8.320396E-06 2.979791E-15 0.000000E+00
  1945   3883   6588 1.303011E-05 5.719541E-06 9.234901E-06 2.017198E-15 0.000000E+00
  1946   4595   4609 5.486185E-06 4.003025E-06 4.673790E-06 1.323565E-15 0.000000E+00
  1947   2265   4328 1.094415E-05 1.332157E-05 1.195177E-05 5.761401E-15 0.000000E+00
  1948   1791   2035 1.649067E-05 1.435151E-05 1.519092E-05 1.262695E-14 0.000000E+00
  1949   1770   6750 1.351003E-05 4.769409E-06 9.003307E-06 6.603670E-15 0.000000E+00
  1950     86    149 7.310016E-05 4.349046E-05 5.742523E-05 1.181300E-14 0.000000E+00
  1951    987   6821 4.527261E-05 1.012722E-05 2.728648E-05 1.634992E-15 0.000000E+00
  1952   3060   3452 9.562189E-06 1.241134E-05 1.082278E-05 4.013162E-15 0.000000E+00
  1953    560   2474 5.664571E-05 1.524656E-05 3.540963E-05 2.448949E-15 0.000000E+00
  1954    578    735 1.976497E-05 1.149746E-05 1.539791E-05 1.394344E-14 0.000000E+00
  1955    653   2117 2.369822E-05 1.096580E-05 1.707332E-05 6.497501E-15 0.000000E+00
  1956    140   2167 5.810471E-05 1.261598E-05 3.483258E-05 2.647130E-15 0.000000E+00
  1957   1797   2167 3.212579E-05 1.666643E-05 2.403199E-05 3.921150E-15 0.000000E+00
  1958   3430   6012 8.530763E-06 1.136793E-05 9.800850E-06 2.901934E-16 0.000000E+00
  1959    924   3541 1.867895E-05 1.442296E-05 1.630393E-05 3.524788E-15 0.000000E+00
  1960    179   3412 4.018347E-05 7.362633E-06 2.341823E-05 1.719927E-15 0.000000E+00
  1961    302   3396 4.278016E-05 9.998555E-06 2.599548E-05 2.364015E-15 0.000000E+00
  1962   3541   3663 1.619876E-05 1.440628E-05 1.507413E-05 2.894856E-15 0.000000E+00
  1963    849   1081 2.507694E-05 1.625042E-05 2.035527E-05 8.274051E-15 0.000000E+00
  1964   2831   3053 1.884680E-05 1.376360E-05 1.606184E-05 2.972713E-16 0.000000E+00
  1965   2247   6588 9.114220E-06 7.520747E-06 8.193342E-06 1.288176E-15 0.000000E+00
  1966   1463   2247 2.111141E-05 1.219215E-05 1.640324E-05 6.228541E-16 0.000000E+00
  1967   3622   4658 6.295592E-06 8.435899E-06 7.255809E-06 2.201223E-15 0.000000E+00
  1968   2504   3193 2.493289E-05 8.825422E-06 1.662723E-05 2.732065E-15 0.000000E+00
  1969    446    560 3.283878E-05 6.354154E-05 4.747090E-05 1.026294E-15 0.000000E+00
  1970   1002   2743 3.625255E-05 1.677419E-05 2.611765E-05 1.277559E-14 0.000000E+00
  1971    446   1002 2.192973E-05 4.113100E-05 3.105977E-05 2.337826E-14 0.000000E+00
  1972     26   5527 1.019596E-04 7.734755E-06 5.402856E-05 5.570298E-15 0.000000E+00
  1973    292   5527 5.337457E-05 3.155922E-06 2.784338E-05 7.205290E-15 0.000000E+00
  1974   3084   3385 1.399618E-05 1.465159E-05 1.411009E-05 3.305374E-15 0.000000E+00
  1975    908   5388 2.863347E-05 1.301370E-05 2.051279E-05 4.791730E-15 0.000000E+00
  1976   1485   3906 1.130050E-05 2.629568E-06 6.861080E-06 3.921150E-15 0.000000E+00
  1977   2790   3409 8.160248E-06 4.949065E-06 6.456826E-06 8.493466E-16 0.000000E+00
  1978   4795   4824 1.335224E-05 9.929224E-06 1.146699E-05 2.937324E-15 0.000000E+00
  1979   1845   2556 2.000951E-05 1.942228E-05 1.942163E-05 4.876665E-15 0.000000E+00
  1980    184   1980 4.055903E-05 1.709009E-05 2.839434E-05 2.392326E-14 0.000000E+00
  1981    653   1797 3.153774E-05 1.937254E-05 2.507521E-05 1.672505E-14 0.000000E+00
  1982   1056   4843 1.902428E-05 1.229588E-05 1.542635E-05 1.288176E-15 0.000000E+00
  1983   4100   4533 8.061227E-06 9.330207E-06 8.565930E-06 2.073821E-15 0.000000E+00
  1984   1365   1396 1.581202E-05 1.731370E-05 1.631566E-05 5.435818E-15 0.000000E+00
  1985    179   6012 2.988834E-05 1.039564E-05 1.984137E-05 1.266942E-15 0.000000E+00
  1986   2953   5717 1.591351E-05 4.670252E-06 1.013827E-05 1.019216E-15 0.000000E+00
  1987   2503   5811 1.560181E-05 1.401749E-05 1.458861E-05 7.431782E-16 0.000000E+00
  1988    849   1341 1.770148E-05 1.917392E-05 1.816251E-05 2.328625E-15 0.000000E+00
  1989     21    278 7.367892E-05 4.091295E-05 5.644077E-05 1.049368E-13 0.000000E+00
  1990   1676   3053 8.575881E-06 1.922587E-05 1.369340E-05 2.102133E-15 0.000000E+00
  1991   1220   4595 2.307370E-05 9.044181E-06 1.581925E-05 3.291218E-15 0.000000E+00
  1992   2081   3171 2.595711E-05 1.203352E-05 1.871180E-05 3.418620E-15 0.000000E+00
  1993   1186   1791 2.458475E-05 1.475754E-05 1.937754E-05 6.207308E-15 0.000000E+00
  1994    630   4333 2.548463E-05 8.467648E-06 1.672276E-05 1.182007E-15 0.000000E+00
  1995   2957   5663 1.020326E-05 6.466306E-06 8.210382E-06 2.583429E-15 0.000000E+00
  1996   5297   6499 1.201816E-05 7.701792E-06 9.712813E-06 9.201254E-17 0.000000E+00
  1997    987   3059 4.693987E-05 1.650845E-05 3.125066E-05 9.993978E-15 0.000000E+00
  1998    987   3335 4.731619E-05 1.294943E-05 2.968306E-05 4.105175E-16 0.000000E+00
  1999   3060   4243 1.093467E-05 8.626295E-06 9.634506E-06 2.470183E-15 0.000000E+00
  2000    534    982 2.461380E-05 3.237001E-05 2.806665E-05 2.482923E-14 0.000000E+00
  2001    410    532 2.591498E-05 2.896334E-05 2.702962E-05 1.521746E-15 0.000000E+00
  2002    110   3813 6.156547E-05 1.131991E-05 3.589877E-05 6.752305E-15 0.000000E+00
  2003    636   1056 2.298100E-05 1.890188E-05 2.062888E-05 6.405489E-15 0.000000E+00
  2004   1582   3036 1.602952E-05 1.263697E-05 1.411932E-05 6.178996E-15 0.000000E+00
  2005   1497   5837 1.564404E-05 3.780894E-06 9.567507E-06 2.158756E-15 0.000000E+00
  2006   3418   5848 5.741783E-06 4.308136E-06 4.949960E-06 1.373110E-15 0.000000E+00
  2007     21   5811 1.000223E-04 1.103868E-05 5.470165E-05 8.125415E-15 0.000000E+00
  2008    189   3053 4.764505E-05 1.466339E-05 3.068923E-05 1.421948E-14 0.000000E+00
  2009   1487   3335 3.226358E-05 1.204530E-05 2.182378E-05 2.972713E-16 0.000000E+00
  2010    446   1577 2.816641E-05 1.405129E-05 2.079379E-05 1.310117E-14 0.000000E+00
  2011   1915   2485 1.700627E-05 1.702528E-05 1.676181E-05 1.288176E-15 0.000000E+00
  2012    908   2474 1.912998E-05 1.221981E-05 1.544094E-05 8.436842E-15 0.000000E+00
  2013    803   2979 2.212971E-05 1.223567E-05 1.692623E-05 3.850371E-15 0.000000E+00
  2014    803   2988 3.951700E-05 1.143332E-05 2.509494E-05 3.107193E-15 0.000000E+00
  2015     12   4377 1.183285E-04 1.148857E-05 6.393978E-05 7.205290E-15 0.000000E+00
  2016    142   2304 5.642559E-05 1.708342E-05 3.620593E-05 4.621861E-15 0.000000E+00
  2017   1857   5596 1.649848E-05 3.963728E-06 1.007840E-05 3.376153E-15 0.000000E+00
  2018    837   1582 1.633967E-05 1.957317E-05 1.768841E-05 1.207488E-14 0.000000E+00
  2019    278   4524 3.787818E-05 1.205781E-05 2.459534E-05 6.865551E-15 0.000000E+00
  2020    278   3418 2.328138E-05 1.680482E-05 1.974395E-05 3.892838E-16 0.000000E+00
  2021   1398   3053 1.619995E-05 1.301878E-05 1.439132E-05 2.052588E-15 0.000000E+00
  2022   1507   2035 1.905601E-05 1.327617E-05 1.592481E-05 6.426722E-15 0.000000E+00
  2023   4626   5649 5.682716E-06 5.642958E-06 5.578317E-06 1.111228E-15 0.000000E+00
  2024   2081   2504 2.068745E-05 3.444086E-05 2.715275E-05 2.831155E-15 0.000000E+00
  2025   2081   6508 1.904114E-05 6.469594E-06 1.256499E-05 4.940366E-15 0.000000E+00
  2026    177   1845 4.772790E-05 2.832483E-05 3.745881E-05 4.742185E-15 0.000000E+00
  2027     12     93 1.085747E-04 7.102643E-05 8.846027E-05 6.100432E-14 0.000000E+00
  2028   3086   4769 1.143810E-05 7.597839E-06 9.375912E-06 2.243690E-15 0.000000E+00
  2029   1396   2472 2.101976E-05 1.727905E-05 1.886360E-05 1.146618E-15 0.000000E+00
  2030    110   4291 7.590434E-05 8.470603E-06 4.155781E-05 5.718934E-15 0.000000E+00
  2031    737   1396 2.610725E-05 2.424220E-05 2.479898E-05 4.869587E-15 0.000000E+00
  2032     12   1582 8.737904E-05 1.853475E-05 5.216649E-05 1.802030E-14 0.000000E+00
  2033     21   2503 1.037118E-04 1.234112E-05 5.716040E-05 4.544004E-15 0.000000E+00
  2034   4702   6549 1.258191E-05 9.914037E-06 1.108009E-05 1.925186E-15 0.000000E+00
  2035     51    590 5.392502E-05 2.129526E-05 3.704880E-05 4.218421E-15 0.000000E+00
  2036    446   2138 3.228592E-05 1.452086E-05 2.305408E-05 4.529848E-15 0.000000E+00
  2037   1487   2743 2.668027E-05 1.710583E-05 2.156628E-05 8.380219E-15 0.000000E+00
  2038   3452   6777 1.539967E-05 1.355815E-05 1.426280E-05 1.719927E-15 0.000000E+00
  2039    446    908 2.495363E-05 2.110639E-05 2.268628E-05 3.715891E-15 0.000000E+00
  2040    532    534 2.815755E-05 4.177566E-05 3.444471E-05 1.139540E-14 0.000000E+00
  2041    177   2576 3.122459E-05 1.306366E-05 2.181361E-05 9.696707E-16 0.000000E+00
  2042     12    226 1.208814E-04 2.605660E-05 7.237243E-05 6.150685E-14 0.000000E+00
  2043   1849   4751 2.048752E-05 8.216754E-06 1.413793E-05 7.502561E-16 0.000000E+00
  2044   1094   2373 1.459692E-05 1.161402E-05 1.290987E-05 5.541986E-15 0.000000E+00
  2045   4334   4533 1.330341E-05 1.401637E-05 1.345601E-05 5.166858E-16 0.000000E+00
  2046   2033   3470 1.617778E-05 3.575371E-06 9.729166E-06 4.572316E-15 0.000000E+00
  2047    737   5697 1.722175E-05 1.049698E-05 1.365251E-05 2.597585E-15 0.000000E+00
  2048   4498   5758 8.777099E-06 8.665841E-06 8.591299E-06 1.840251E-15 0.000000E+00
  2049   1857   2953 1.945222E-05 1.319700E-05 1.608096E-05 6.377177E-15 0.000000E+00
  2050    142    179 2.494099E-05 1.918030E-05 2.173138E-05 1.230562E-13 0.000000E+00
  2051   1341   5848 1.726957E-05 1.012141E-05 1.349108E-05 1.351877E-15 0.000000E+00
  2052   2605   3356 3.702926E-05 2.414390E-05 3.013007E-05 2.172912E-15 0.000000E+00
  2053    189    864 3.416824E-05 1.661472E-05 2.501250E-05 3.117102E-14 0.000000E+00
  2054    800   3622 3.798157E-05 9.963818E-06 2.361489E-05 4.600627E-16 0.000000E+00
  2055   4040   6821 9.031069E-06 3.114774E-06 5.982281E-06 3.538944E-16 0.000000E+00
  2056   1636   2743 1.945741E-05 2.004948E-05 1.945862E-05 4.275044E-15 0.000000E+00
  2057    560   6782 3.838379E-05 1.088488E-05 2.426665E-05 5.662310E-16 0.000000E+00
  2058    560   2457 2.591757E-05 1.061675E-05 1.799451E-05 9.003074E-15 0.000000E+00
  2059   1002   2200 4.901912E-05 2.234567E-05 3.514983E-05 1.217397E-14 0.000000E+00
  2060    560   1915 5.367715E-05 1.919167E-05 3.589061E-05 1.160774E-15 0.000000E+00
  2061    323    884 2.322352E-05 2.144128E-05 2.199908E-05 3.114271E-16 0.000000E+00
  2062    410   3992 2.341443E-05 9.067549E-06 1.599859E-05 3.291218E-15 0.000000E+00
  2063    532    785 2.161256E-05 1.614577E-05 1.859739E-05 1.167144E-14 0.000000E+00
  2064     20    226 6.773221E-05 4.331859E-05 5.469667E-05 1.798491E-13 0.000000E+00
  2065   2117   3932 8.517762E-06 6.265651E-06 7.281382E-06 1.507590E-15 0.000000E+00
  2066    653   3932 3.070317E-05 1.923982E-05 2.459878E-05 3.864527E-15 0.000000E+00
  2067   4018   4334 1.624054E-05 1.585583E-05 1.580866E-05 6.193152E-15 0.000000E+00
  2068   2162   4558 3.200007E-05 7.727035E-06 1.956708E-05 2.144600E-15 0.000000E+00
  2069   2953   6069 6.373825E-06 5.277625E-06 5.738774E-06 1.196163E-15 0.000000E+00
  2070   2033   4291 1.637879E-05 1.140172E-05 1.368294E-05 2.753298E-15 0.000000E+00
  2071   2732   4498 1.082976E-05 9.076574E-06 9.804611E-06 4.175954E-16 0.000000E+00
  2072    179   2304 5.097413E-05 1.351791E-05 3.176474E-05 1.514668E-15 0.000000E+00
  2073   3418   4524 6.116768E-06 9.295317E-06 7.591027E-06 1.613758E-15 0.000000E+00
  2074     21    800 7.161805E-05 4.062595E-05 5.528436E-05 3.965033E-14 0.000000E+00
  2075   3480   4650 2.283760E-05 1.173279E-05 1.702720E-05 1.026294E-15 0.000000E+00
  2076   1186   2030 1.608338E-05 1.769410E-05 1.663667E-05 6.299320E-15 0.000000E+00
  2077    149    330 3.188886E-05 3.376354E-05 3.233626E-05 5.204371E-14 0.000000E+00
  2078   2200   2743 2.734811E-05 2.096101E-05 2.379404E-05 4.529848E-16 0.000000E+00
  2079    323   2185 6.348604E-05 5.987363E-06 3.421824E-05 3.999007E-15 0.000000E+00
  2080   2471   2789 1.327422E-05 7.202779E-06 1.008568E-05 5.159780E-15 0.000000E+00
  2081   1757   4746 1.139550E-05 4.007055E-06 7.586335E-06 1.769472E-16 0.000000E+00
  2082   1797   4846 1.411733E-05 8.346787E-06 1.106442E-05 2.739143E-15 0.000000E+00
  2083    110   4870 4.372104E-05 8.981864E-06 2.595815E-05 4.175954E-15 0.000000E+00
  2084   2162   3813 2.920314E-05 1.039412E-05 1.950313E-05 4.975755E-15 0.000000E+00
  2085   5596   5652 1.474067E-05 1.017346E-05 1.227114E-05 5.591532E-16 0.000000E+00
  2086    864   1398 1.767837E-05 1.863552E-05 1.788595E-05 4.912054E-15 0.000000E+00
  2087   2504   3487 2.124507E-05 1.491437E-05 1.780987E-05 2.555118E-15 0.000000E+00
  2088   3766   6492 2.007729E-05 1.478669E-05 1.717181E-05 5.265949E-15 0.000000E+00
  2089   2457   4243 1.351051E-05 5.223181E-06 9.227041E-06 1.571291E-15 0.000000E+00
  2090   1487   2200 2.954248E-05 2.574335E-05 2.723034E-05 3.340763E-15 0.000000E+00
  2091   3109   5454 1.959078E-05 1.896476E-05 1.899004E-05 2.201223E-15 0.000000E+00
  2092   2200   3525 1.242874E-05 7.180214E-06 9.658144E-06 1.861485E-15 0.000000E+00
  2093    534    560 2.297290E-05 3.777889E-05 2.992252E-05 2.575643E-14 0.000000E+00
  2094   2474   3174 1.424434E-05 1.859256E-05 1.617340E-05 7.219446E-15 0.000000E+00
  2095   1056   5927 2.812114E-05 5.993382E-06 1.680268E-05 1.960575E-15 0.000000E+00
  2096    636   3813 2.325153E-05 1.075506E-05 1.674952E-05 6.738149E-15 0.000000E+00
  2097   4880   5952 7.965743E-06 3.920019E-06 5.854181E-06 2.364015E-15 0.000000E+00
  2098    110   3371 3.959181E-05 1.399633E-05 2.639416E-05 2.477261E-14 0.000000E+00
  2099    110   5855 4.458541E-05 6.512777E-06 2.516776E-05 4.423680E-15 0.000000E+00
  2100    669   5837 2.823465E-05 1.780758E-05 2.267752E-05 6.370099E-16 0.000000E+00
  2101   2412   5596 1.340490E-05 1.367318E-05 1.333697E-05 2.555118E-15 0.000000E+00
  2102     21   2264 9.497679E-05 9.724960E-06 5.156952E-05 3.885761E-15 0.000000E+00
  2103   1220   3883 1.935317E-05 5.876791E-06 1.242670E-05 5.449974E-16 0.000000E+00
  2104     21    189 5.591704E-05 2.087547E-05 3.782318E-05 2.880417E-13 0.000000E+00
  2105     51    800 4.582887E-05 4.000297E-05 4.227538E-05 3.373321E-14 0.000000E+00
  2106   1577   2138 8.882275E-06 1.549517E-05 1.200680E-05 7.247757E-15 0.000000E+00
  2107   3060   6777 1.671777E-05 1.355815E-05 1.491202E-05 1.274020E-15 0.000000E+00
  2108   2709   6636 1.862468E-05 1.301304E-05 1.558276E-05 1.528824E-15 0.000000E+00
  2109    410    735 2.966326E-05 1.374609E-05 2.138072E-05 4.614783E-15 0.000000E+00
  2110     12   1980 1.322206E-04 1.709009E-05 7.354107E-05 3.573626E-14 0.000000E+00
  2111    110   2373 4.211875E-05 1.553265E-05 2.839547E-05 1.153696E-14 0.000000E+00
  2112    140   3885 6.113659E-05 1.516190E-05 3.757985E-05 1.981809E-16 0.000000E+00
  2113    110    140 2.577873E-05 2.436202E-05 2.469619E-05 2.176592E-13 0.000000E+00
  2114    140   1056 4.032644E-05 3.778585E-05 3.847322E-05 1.394344E-15 0.000000E+00
  2115    924   4568 2.337061E-05 3.633557E-06 1.330056E-05 4.487381E-15 0.000000E+00
  2116   3470   4568 1.588726E-05 7.733808E-06 1.163426E-05 2.038432E-15 0.000000E+00
  2117    179    669 2.948190E-05 1.258925E-05 2.072161E-05 1.785751E-14 0.000000E+00
  2118   2412   5652 6.643728E-06 6.311834E-06 6.381097E-06 2.371092E-15 0.000000E+00
  2119   3055   4665 1.329744E-05 1.329623E-05 1.309837E-05 3.751281E-16 0.000000E+00
  2120   2247   4611 6.865607E-06 6.871119E-06 6.765850E-06 1.698693E-15 0.000000E+00
  2121   2504   2957 1.781904E-05 1.253499E-05 1.495049E-05 1.861485E-15 0.000000E+00
  2122   2372   6515 1.880692E-05 9.678489E-06 1.403013E-05 3.298296E-15 0.000000E+00
  2123   5183   5245 1.687709E-05 1.959901E-05 1.796584E-05 7.714898E-16 0.000000E+00
  2124    560   2185 2.543609E-05 7.529916E-06 1.623699E-05 9.625928E-16 0.000000E+00
  2125   1964   2200 2.188757E-05 1.869365E-05 1.998777E-05 1.282513E-14 0.000000E+00
  2126    908   1002 2.412358E-05 4.008226E-05 3.162377E-05 1.584739E-14 0.000000E+00
  2127    532    884 2.522838E-05 1.480005E-05 1.971549E-05 4.848353E-15 0.000000E+00
  2128   1144   1485 1.623239E-05 1.092034E-05 1.337374E-05 4.041474E-15 0.000000E+00
  2129   1797   2117 1.930105E-05 1.287176E-05 1.584631E-05 2.611741E-15 0.000000E+00
  2130    924   3422 2.804805E-05 7.344522E-06 1.743216E-05 2.993947E-15 0.000000E+00
  2131    669   2276 3.053653E-05 1.255765E-05 2.122549E-05 1.769472E-16 0.000000E+00
  2132    849   1619 9.407194E-06 1.095427E-05 1.002878E-05 6.072828E-15 0.000000E+00
  2133    849   6545 2.194132E-05 1.692646E-05 1.914383E-05 1.422655E-15 0.000000E+00
  2134     51    189 6.398191E-05 3.895204E-05 5.069881E-05 4.650880E-14 0.000000E+00
  2135     51   1484 4.210501E-05 9.996230E-06 2.566181E-05 1.451675E-14 0.000000E+00
  2136    630   2835 1.658760E-05 9.912261E-06 1.305217E-05 2.406482E-15 0.000000E+00
  2137    560   2722 4.164418E-05 1.484911E-05 2.782506E-05 7.007109E-16 0.000000E+00
  2138   1022   2185 3.523551E-05 1.198654E-05 2.325862E-05 1.974731E-15 0.000000E+00
  2139    908   6709 1.342417E-05 3.094413E-06 8.136017E-06 3.001025E-15 0.000000E+00
  2140    661   1022 1.824450E-05 1.351983E-05 1.564512E-05 3.084544E-14 0.000000E+00
  2141   1485   6681 2.321220E-05 4.770321E-06 1.378244E-05 1.663304E-15 0.000000E+00
  2142    735    913 1.623434E-05 1.997157E-05 1.783276E-05 4.671406E-15 0.000000E+00
  2143    140   4107 4.828700E-05 6.335779E-06 2.690376E-05 3.397386E-15 0.000000E+00
  2144   1797   4107 2.717416E-05 7.554225E-06 1.710503E-05 1.132462E-16 0.000000E+00
  2145   4107   4843 8.410823E-06 1.320000E-05 1.064414E-05 2.335703E-16 0.000000E+00
  2146    924   4018 2.435949E-05 1.314034E-05 1.847007E-05 5.407506E-15 0.000000E+00
  2147    849   1420 1.341500E-05 1.738287E-05 1.516910E-05 2.208301E-15 0.000000E+00
  2148    414   1398 4.129964E-05 1.446844E-05 2.746786E-05 5.258871E-15 0.000000E+00
  2149     21    864 6.579867E-05 1.619208E-05 4.038351E-05 1.877764E-14 0.000000E+00
  2150   4171   5622 5.002605E-06 6.905786E-06 5.865327E-06 1.535902E-15 0.000000E+00
  2151   1411   3482 3.162096E-05 6.626098E-06 1.883810E-05 1.981809E-16 0.000000E+00
  2152   1564   6499 1.642386E-05 6.484413E-06 1.128318E-05 7.007109E-16 0.000000E+00
  2153    908   5447 2.453523E-05 5.339557E-06 1.471445E-05 2.767454E-15 0.000000E+00
  2154    908   3174 1.957411E-05 1.994854E-05 1.946638E-05 4.989911E-15 0.000000E+00
  2155   3241   4150 8.582211E-06 8.506312E-06 8.416735E-06 4.742185E-16 0.000000E+00
  2156    534   4150 3.725340E-05 7.299523E-06 2.194398E-05 6.582436E-16 0.000000E+00
  2157    410   6200 2.510513E-05 1.065008E-05 1.761077E-05 1.896874E-15 0.000000E+00
  2158    140   1708 4.613425E-05 7.656771E-06 2.649408E-05 1.069469E-14 0.000000E+00
  2159    360   1056 4.760121E-05 3.787572E-05 4.210057E-05 3.298296E-15 0.000000E+00
  2160    110   5949 3.424166E-05 1.168520E-05 2.262069E-05 3.255828E-15 0.000000E+00
  2161   3866   4018 1.822667E-05 1.352151E-05 1.563716E-05 1.797784E-15 0.000000E+00
  2162    924   3866 2.917904E-05 1.141589E-05 1.999452E-05 9.413591E-15 0.000000E+00
  2163    924   3306 2.497537E-05 9.765233E-06 1.711104E-05 3.489399E-15 0.000000E+00
  2164   2162   4291 2.134191E-05 1.274044E-05 1.678683E-05 6.086984E-16 0.000000E+00
  2165   3047   4560 7.641361E-06 4.922428E-06 6.188135E-06 2.533884E-15 0.000000E+00
  2166    142   1341 5.188312E-05 2.129765E-05 3.604426E-05 4.862509E-15 0.000000E+00
  2167   2264   2732 1.837583E-05 1.469319E-05 1.628772E-05 3.043492E-16 0.000000E+00
  2168     21   4487 9.261676E-05 9.116516E-06 5.010744E-05 4.303356E-15 0.000000E+00
  2169   4605   4726 1.740043E-05 1.931581E-05 1.808412E-05 1.826095E-15 0.000000E+00
  2170     51    278 4.075015E-05 2.240807E-05 3.110778E-05 7.222277E-14 0.000000E+00
  2171   3171   5646 1.209158E-05 1.038988E-05 1.107296E-05 1.663304E-15 0.000000E+00
  2172   6580   6585 7.817318E-06 6.904432E-06 7.251011E-06 2.788688E-15 0.000000E+00
  2173   2450   5649 1.122308E-05 5.841347E-06 8.404866E-06 1.104151E-15 0.000000E+00
  2174    189    630 3.977697E-05 1.444889E-05 2.670826E-05 3.364120E-14 0.000000E+00
  2175   5622   5661 1.079169E-05 6.414619E-06 8.474748E-06 1.288176E-15 0.000000E+00
  2176    204   1770 4.099564E-05 1.677041E-05 2.845194E-05 4.508615E-15 0.000000E+00
  2177   1636   2138 1.622956E-05 1.055713E-05 1.319344E-05 1.177761E-14 0.000000E+00
  2178    803   6636 2.362633E-05 7.355814E-06 1.525986E-05 2.944401E-15 0.000000E+00
  2179    735   4953 1.264136E-05 8.501826E-06 1.041381E-05 4.883743E-16 0.000000E+00
  2180    842   2472 2.137896E-05 8.351283E-06 1.464326E-05 7.311458E-15 0.000000E+00
  2181   5855   5949 5.798222E-06 6.568246E-06 6.090947E-06 1.097073E-15 0.000000E+00
  2182    110   4878 4.044830E-05 9.940590E-06 2.481841E-05 1.073716E-14 0.000000E+00
  2183    636   2162 2.920067E-05 2.137983E-05 2.491279E-05 3.199205E-15 0.000000E+00
  2184    737   6044 2.138598E-05 6.173520E-06 1.357408E-05 3.347841E-15 0.000000E+00
  2185    142   1396 2.621078E-05 1.240502E-05 1.901972E-05 9.958588E-15 0.000000E+00
  2186   2412   4702 1.820682E-05 1.244349E-05 1.509642E-05 8.068792E-16 0.000000E+00
  2187    414   3055 4.433044E-05 9.110516E-06 2.632167E-05 1.139540E-15 0.000000E+00
  2188   3356   6600 9.485131E-06 6.644697E-06 7.944542E-06 2.165834E-15 0.000000E+00
  2189    414   3053 3.593970E-05 1.724160E-05 2.619377E-05 4.636017E-15 0.000000E+00
  2190   1220   3053 1.925626E-05 9.062639E-06 1.394811E-05 7.311458E-15 0.000000E+00
  2191   2835   3450 2.330106E-05 1.810377E-05 2.039343E-05 1.436811E-15 0.000000E+00
  2192    189   4333 3.959212E-05 8.353339E-06 2.361493E-05 6.476268E-15 0.000000E+00
  2193   4171   5661 7.638760E-06 5.946009E-06 6.691006E-06 1.493434E-15 0.000000E+00
  2194    204   1332 4.218316E-05 3.413260E-05 3.758836E-05 1.892627E-14 0.000000E+00
  2195    204   1564 3.992348E-05 1.677305E-05 2.792516E-05 7.693664E-15 0.000000E+00
  2196   3004   5245 9.211158E-06 8.696444E-06 8.820162E-06 1.889796E-15 0.000000E+00
  2197   1487   1636 1.217224E-05 2.089769E-05 1.628817E-05 1.043988E-14 0.000000E+00
  2198    446   2478 2.983298E-05 1.927389E-05 2.418696E-05 6.228541E-16 0.000000E+00
  2199   1915   2478 1.159231E-05 2.157734E-05 1.633729E-05 5.938348E-15 0.000000E+00
  2200    534   2457 4.205996E-05 8.866648E-06 2.508326E-05 6.787695E-15 0.000000E+00
  2201   1002   1964 4.100718E-05 1.912349E-05 2.961660E-05 3.779592E-15 0.000000E+00
  2202    534    884 2.330702E-05 1.135547E-05 1.707257E-05 1.689492E-14 0.000000E+00
  2203    410    913 3.277914E-05 2.020629E-05 2.609730E-05 6.221464E-15 0.000000E+00
  2204   3893   3921 7.557053E-06 5.380681E-06 6.372317E-06 4.855431E-15 0.000000E+00
  2205    140    360 3.378312E-05 2.059419E-05 2.678285E-05 7.674554E-14 0.000000E+00
  2206   3371   5949 1.297173E-05 6.807499E-06 9.742009E-06 3.744203E-15 0.000000E+00
  2207    179    842 3.453829E-05 3.129237E-05 3.242406E-05 1.592525E-15 0.000000E+00
  2208   3813   5919 1.041038E-05 7.105917E-06 8.627430E-06 2.335703E-16 0.000000E+00
  2209   2472   5923 9.350520E-06 5.746500E-06 7.435846E-06 1.259864E-15 0.000000E+00
  2210    360    636 3.567138E-05 2.811344E-05 3.141640E-05 1.129631E-14 0.000000E+00
  2211   1396   4023 1.068418E-05 3.825846E-06 7.146730E-06 2.724987E-15 0.000000E+00
  2212   2033   5720 2.242794E-05 9.149278E-06 1.555296E-05 5.329650E-15 0.000000E+00
  2213    142   1619 4.981853E-05 1.782451E-05 3.331672E-05 1.239338E-14 0.000000E+00
  2214   4470   5620 1.262831E-05 5.445118E-06 8.901838E-06 2.399404E-15 0.000000E+00
  2215   1619   6545 2.273402E-05 1.795796E-05 2.004232E-05 2.066743E-15 0.000000E+00
  2216   3053   3195 1.988146E-05 5.579127E-06 1.254029E-05 1.422655E-15 0.000000E+00
  2217   1081   1272 1.380128E-05 3.022424E-05 2.168421E-05 8.005091E-15 0.000000E+00
  2218    506   1507 2.026873E-05 1.293773E-05 1.635542E-05 9.406513E-15 0.000000E+00
  2219   2032   4369 2.365791E-05 1.289771E-05 1.800501E-05 8.068792E-15 0.000000E+00
  2220    189   3450 4.334005E-05 1.534188E-05 2.890304E-05 7.615807E-15 0.000000E+00
  2221    189   2835 4.110590E-05 9.259392E-06 2.480678E-05 1.861485E-15 0.000000E+00
  2222   1186   1290 3.165100E-05 1.458180E-05 2.277138E-05 6.504579E-15 0.000000E+00
  2223   1002   1636 2.672368E-05 2.851639E-05 2.720780E-05 8.082948E-15 0.000000E+00
  2224    534   2185 5.145873E-05 1.060736E-05 3.056986E-05 2.526806E-15 0.000000E+00
  2225    534   1022 5.072758E-05 3.162892E-05 4.056365E-05 2.456027E-15 0.000000E+00
  2226    803   1964 2.690728E-05 1.291278E-05 1.961287E-05 2.689597E-16 0.000000E+00
  2227    966   6696 1.861313E-05 4.823427E-06 1.154338E-05 4.855431E-15 0.000000E+00
  2228    534   3241 3.757426E-05 6.870410E-06 2.189066E-05 5.846335E-15 0.000000E+00
  2229   2988   3946 1.490546E-05 1.917078E-05 1.678382E-05 5.004067E-15 0.000000E+00
  2230   2082   6681 1.820248E-05 1.090912E-05 1.433855E-05 2.696675E-15 0.000000E+00
  2231    661    785 1.859376E-05 4.760987E-05 3.260776E-05 1.153696E-14 0.000000E+00
  2232    735   6248 1.160081E-05 7.580834E-06 9.447677E-06 1.585447E-15 0.000000E+00
  2233     20   4751 7.654267E-05 1.060889E-05 4.292540E-05 6.851396E-15 0.000000E+00
  2234   3930   4885 1.268538E-05 1.495526E-05 1.361404E-05 7.998013E-16 0.000000E+00
  2235   4153   4291 8.884886E-06 6.222251E-06 7.440828E-06 1.160774E-15 0.000000E+00
  2236    142    737 4.575941E-05 1.366690E-05 2.926967E-05 1.075839E-14 0.000000E+00
  2237   1332   5622 3.038265E-05 9.775201E-06 1.977924E-05 4.034396E-16 0.000000E+00
  2238   1798   6797 1.904079E-05 1.525237E-05 1.689066E-05 2.668364E-15 0.000000E+00
  2239    974   1487 2.787006E-05 1.138351E-05 1.933385E-05 1.738329E-14 0.000000E+00
  2240   2457   5687 1.187967E-05 6.707504E-06 9.154878E-06 1.493434E-15 0.000000E+00
  2241   1915   5447 2.030028E-05 4.314838E-06 1.212386E-05 2.286158E-15 0.000000E+00
  2242    785    884 3.765374E-05 1.018643E-05 2.356307E-05 1.478571E-14 0.000000E+00
  2243    410   2900 3.394851E-05 1.703527E-05 2.511141E-05 6.653215E-16 0.000000E+00
  2244   1708   1797 1.658519E-05 1.473644E-05 1.542707E-05 2.342781E-15 0.000000E+00
  2245   3986   4538 9.287398E-06 8.394363E-06 8.708927E-06 7.219446E-16 0.000000E+00
  2246    636   6044 3.064505E-05 3.267401E-06 1.670315E-05 3.071803E-15 0.000000E+00
  2247    414   5790 3.873151E-05 4.767481E-06 2.142487E-05 4.423680E-15 0.000000E+00
  2248    278   1516 1.474057E-05 1.353833E-05 1.392841E-05 2.986869E-15 0.000000E+00
  2249   4658   6449 2.557353E-05 1.382222E-05 1.940388E-05 1.507590E-15 0.000000E+00
  2250   1160   2504 1.822341E-05 1.709239E-05 1.739435E-05 3.213361E-15 0.000000E+00
  2251    630   6515 2.026724E-05 9.017360E-06 1.442376E-05 7.714898E-16 0.000000E+00
  2252   1577   2478 1.198558E-05 2.166022E-05 1.657182E-05 2.392326E-15 0.000000E+00
  2253    974   2200 2.935773E-05 2.091128E-05 2.475936E-05 1.871394E-14 0.000000E+00
  2254   1002   2138 2.540204E-05 2.487993E-05 2.476575E-05 7.566262E-15 0.000000E+00
  2255    323    534 3.322657E-05 1.787168E-05 2.516779E-05 2.548040E-16 0.000000E+00
  2256    532   3992 2.560810E-05 7.166799E-06 1.614286E-05 1.571291E-15 0.000000E+00
  2257   4953   6248 6.383256E-06 4.528708E-06 5.374549E-06 1.642070E-15 0.000000E+00
  2258   2601   4885 1.111382E-05 3.990313E-06 7.439349E-06 4.041474E-15 0.000000E+00
  2259   4878   5919 1.330565E-05 1.043736E-05 1.169432E-05 6.299320E-16 0.000000E+00
  2260   2162   6044 1.993247E-05 8.672381E-06 1.408896E-05 1.521746E-15 0.000000E+00
  2261     21   5790 8.472244E-05 5.042187E-06 4.421243E-05 4.126409E-15 0.000000E+00
  2262   3838   4611 4.275566E-06 7.277937E-06 5.690531E-06 1.571291E-15 0.000000E+00
  2263   1955   6585 2.920690E-05 7.365513E-06 1.801328E-05 7.431782E-16 0.000000E+00
  2264   1160   6580 2.227202E-05 1.294627E-05 1.734632E-05 2.901934E-16 0.000000E+00
  2265    630   6500 1.901570E-05 5.883905E-06 1.226399E-05 7.785677E-16 0.000000E+00
  2266   3946   5396 2.086350E-05 9.474152E-06 1.494242E-05 8.635023E-16 0.000000E+00
  2267   3992   5078 7.940229E-06 7.226756E-06 7.470306E-06 9.838264E-16 0.000000E+00
  2268      1   3051 1.484019E-04 1.050720E-05 7.826864E-05 6.803266E-14 0.000000E+00
  2269   1120   4402 4.153831E-05 2.472145E-06 2.167679E-05 2.958557E-15 0.000000E+00
  2270   2557   4673 8.465509E-06 5.204892E-06 6.733182E-06 1.804861E-15 0.000000E+00
  2271    842   3932 2.911654E-05 5.702714E-06 1.714978E-05 2.194145E-15 0.000000E+00
  2272    842   4843 1.414811E-05 1.693388E-05 1.530904E-05 2.689597E-15 0.000000E+00
  2273   3665   4568 1.487039E-05 1.564117E-05 1.502808E-05 1.189085E-15 0.000000E+00
  2274    744    837 2.972319E-05 1.376429E-05 2.141921E-05 1.903952E-14 0.000000E+00
  2275   3277   3356 1.422994E-05 1.504127E-05 1.441716E-05 1.472201E-15 0.000000E+00
  2276   3709   4247 8.151637E-06 2.599501E-05 1.681850E-05 4.161798E-15 0.000000E+00
  2277   1332   5661 1.326190E-05 7.197970E-06 1.007725E-05 1.585447E-15 0.000000E+00
  2278     51    204 7.038910E-05 4.165961E-05 5.518817E-05 3.961494E-14 0.000000E+00
  2279   2372   2854 1.294335E-05 9.186904E-06 1.089997E-05 3.354919E-15 0.000000E+00
  2280   3004   5183 1.226692E-05 1.115069E-05 1.153405E-05 1.089995E-15 0.000000E+00
  2281   3059   5407 9.666851E-06 6.616560E-06 8.020188E-06 1.620836E-15 0.000000E+00
  2282   2457   2722 1.079960E-05 1.152083E-05 1.099365E-05 9.625928E-16 0.000000E+00
  2283   1335   3946 1.560529E-05 1.923281E-05 1.715906E-05 1.266942E-15 0.000000E+00
  2284   3992   6200 7.806826E-06 7.578871E-06 7.578030E-06 1.819017E-15 0.000000E+00
  2285   2082   6174 1.947609E-05 7.933858E-06 1.350042E-05 2.710831E-15 0.000000E+00
  2286   1120   6373 1.522363E-05 1.033493E-05 1.258854E-05 3.100115E-15 0.000000E+00
  2287    842   4846 1.489542E-05 9.503809E-06 1.201753E-05 3.822060E-16 0.000000E+00
  2288   3371   4878 1.590757E-05 9.940590E-06 1.273118E-05 3.836215E-15 0.000000E+00
  2289   3055   6548 1.556056E-05 1.039704E-05 1.278509E-05 9.342812E-16 0.000000E+00
  2290    414    864 3.136411E-05 1.025466E-05 2.049880E-05 1.417701E-14 0.000000E+00
  2291    860   4611 2.347065E-05 9.142055E-06 1.606297E-05 3.708813E-15 0.000000E+00
  2292     21     51 3.807231E-05 2.653735E-05 3.182267E-05 2.050039E-13 0.000000E+00
  2293   1791   2030 2.816229E-05 1.857169E-05 2.301823E-05 1.395052E-14 0.000000E+00
  2294   1798   3059 1.946415E-05 1.972279E-05 1.930103E-05 1.238630E-15 0.000000E+00
  2295    149    292 4.012225E-05 3.632960E-05 3.765539E-05 7.884767E-15 0.000000E+00
  2296    965   1882 1.865085E-05 1.166838E-05 1.493335E-05 2.456027E-15 0.000000E+00
  2297   4870   5949 1.112007E-05 6.818270E-06 8.835299E-06 1.507590E-15 0.000000E+00
  2298   1256   3356 2.205809E-05 1.677590E-05 1.912719E-05 1.040450E-15 0.000000E+00
  2299    189    414 3.086601E-05 2.599063E-05 2.800401E-05 3.424990E-14 0.000000E+00
  2300   1955   2081 3.245791E-05 1.814352E-05 2.492309E-05 2.045510E-15 0.000000E+00
  2301    974   1636 4.276165E-05 3.185050E-05 3.674926E-05 5.046534E-15 0.000000E+00
  2302    974   1002 4.305981E-05 3.754186E-05 3.969933E-05 1.635700E-14 0.000000E+00
  2303   2722   3174 2.213443E-05 2.680097E-05 2.410251E-05 3.248751E-15 0.000000E+00
  2304   2082   5396 1.766625E-05 1.097705E-05 1.410789E-05 2.201223E-15 0.000000E+00
  2305    661    884 2.014093E-05 9.513856E-06 1.460609E-05 5.584454E-15 0.000000E+00
  2306   1120   1657 2.700732E-05 1.763508E-05 2.198804E-05 1.799199E-14 0.000000E+00
  2307    842   1797 2.205673E-05 1.055235E-05 1.606119E-05 7.014187E-15 0.000000E+00
  2308    140   5919 2.579646E-05 7.557584E-06 1.642811E-05 2.583429E-15 0.000000E+00
  2309    140   6044 5.496620E-05 8.963969E-06 3.148799E-05 9.342812E-16 0.000000E+00
  2310   2919   4538 1.537792E-05 5.841029E-06 1.045112E-05 1.783628E-15 0.000000E+00
  2311    737   4194 2.285125E-05 6.623411E-06 1.451737E-05 5.209326E-15 0.000000E+00
  2312   1284   5720 1.072886E-05 4.471275E-06 7.486632E-06 3.340763E-15 0.000000E+00
  2313   3759   6013 5.925351E-06 1.662230E-05 1.110556E-05 1.075839E-15 0.000000E+00
  2314   1420   1619 1.667716E-05 1.559650E-05 1.589598E-05 2.781610E-15 0.000000E+00
  2315   1220   5646 2.536103E-05 1.577734E-05 2.026218E-05 5.839258E-15 0.000000E+00
  2316   1256   6585 1.496956E-05 8.288419E-06 1.145542E-05 1.330643E-15 0.000000E+00
  2317    189   1220 4.742254E-05 2.522216E-05 3.578023E-05 1.239338E-14 0.000000E+00
  2318   2265   3298 2.500515E-05 1.197926E-05 1.821620E-05 2.300314E-15 0.000000E+00
  2319    601   3450 3.893580E-05 1.601925E-05 2.706742E-05 2.809922E-15 0.000000E+00
  2320   1915   3174 1.620925E-05 1.576334E-05 1.574770E-05 5.216403E-15 0.000000E+00
  2321   1002   1083 3.373594E-05 2.156063E-05 2.723563E-05 2.526098E-14 0.000000E+00
  2322    908    966 2.930245E-05 1.788521E-05 2.324169E-05 1.616590E-14 0.000000E+00
  2323   1572   4449 9.692416E-06 1.032334E-05 9.858508E-06 1.507590E-15 0.000000E+00
  2324     12    184 1.161489E-04 3.744446E-05 7.565047E-05 2.323104E-13 0.000000E+00
  2325    140   4878 2.444155E-05 1.615570E-05 1.999566E-05 2.378170E-15 0.000000E+00
  2326    842   5923 1.611731E-05 4.678631E-06 1.024277E-05 1.960575E-15 0.000000E+00
  2327     12   2107 9.795044E-05 9.377606E-06 5.286307E-05 2.604663E-15 0.000000E+00
  2328    140    636 5.265598E-05 3.468914E-05 4.302073E-05 2.831155E-16 0.000000E+00
  2329    737   4023 2.559798E-05 5.587314E-06 1.535992E-05 1.097073E-15 0.000000E+00
  2330   2729   5774 1.399122E-05 1.357204E-05 1.357594E-05 8.776581E-16 0.000000E+00
  2331   2823   4612 9.284417E-06 8.164632E-06 8.594308E-06 1.691615E-15 0.000000E+00
  2332   1256   1955 9.898078E-06 1.963830E-05 1.454777E-05 1.588986E-14 0.000000E+00
  2333    189    601 3.683941E-05 1.828152E-05 2.714911E-05 4.956645E-14 0.000000E+00
  2334   1290   2030 1.562008E-05 2.017561E-05 1.763071E-05 1.988887E-15 0.000000E+00
  2335    630   6484 1.814239E-05 5.753218E-06 1.176948E-05 9.555149E-16 0.000000E+00
  2336   2138   3078 1.663342E-05 1.784601E-05 1.698241E-05 3.015180E-15 0.000000E+00
  2337   1722   1876 1.622353E-05 1.668491E-05 1.620863E-05 4.784652E-15 0.000000E+00
  2338    534    661 3.088156E-05 1.764624E-05 2.390176E-05 6.074951E-14 0.000000E+00
  2339   1083   1964 2.076754E-05 2.606425E-05 2.306640E-05 8.443920E-15 0.000000E+00
  2340    913   5078 1.988655E-05 1.146584E-05 1.544222E-05 2.151678E-15 0.000000E+00
  2341   2067   2910 2.047522E-05 6.712685E-06 1.339106E-05 1.465123E-15 0.000000E+00
  2342   1158   2855 1.159646E-05 1.169029E-05 1.146959E-05 6.030361E-15 0.000000E+00
  2343    140    944 4.723589E-05 1.122623E-05 2.879477E-05 3.885761E-15 0.000000E+00
  2344   1708   2313 1.253073E-05 1.148984E-05 1.183102E-05 2.831155E-16 0.000000E+00
  2345    241   2107 3.402045E-05 7.862670E-06 2.062900E-05 2.866545E-15 0.000000E+00
  2346   3178   3986 1.233639E-05 4.114195E-06 8.102525E-06 1.401422E-15 0.000000E+00
  2347     21   3665 9.011977E-05 7.716672E-06 4.818810E-05 7.785677E-16 0.000000E+00
  2348    669   1420 1.591482E-05 1.236464E-05 1.392869E-05 6.051594E-15 0.000000E+00
  2349   3188   4700 1.568088E-05 1.105544E-05 1.316863E-05 3.885761E-15 0.000000E+00
  2350   3195   6548 1.093609E-05 4.066186E-06 7.389183E-06 7.856456E-16 0.000000E+00
  2351    860   3838 1.921235E-05 9.582959E-06 1.418276E-05 3.560178E-15 0.000000E+00
  2352   2145   2450 1.853299E-05 8.869989E-06 1.349699E-05 1.840251E-15 0.000000E+00
  2353   6513   6515 5.178423E-06 5.012668E-06 5.019493E-06 2.123366E-16 0.000000E+00
  2354     51   1564 6.316774E-05 8.907935E-06 3.549996E-05 1.143079E-14 0.000000E+00
  2355   2138   2478 2.003315E-05 2.450709E-05 2.193773E-05 7.254835E-15 0.000000E+00
  2356    974   1964 4.413385E-05 2.115868E-05 3.215901E-05 7.941390E-15 0.000000E+00
  2357   1335   2318 1.389182E-05 1.353508E-05 1.350877E-05 9.838264E-15 0.000000E+00
  2358    773   1158 1.431052E-05 2.483497E-05 1.928061E-05 1.035495E-14 0.000000E+00
  2359    360   6044 2.745405E-05 6.185210E-06 1.656859E-05 1.366032E-15 0.000000E+00
  2360   1619   4703 1.675784E-05 1.123621E-05 1.378811E-05 1.790706E-15 0.000000E+00
  2361   1081   1516 2.620228E-05 2.112655E-05 2.331122E-05 3.326607E-15 0.000000E+00
  2362   2325   3356 1.163297E-05 1.053007E-05 1.091612E-05 6.235619E-15 0.000000E+00
  2363    860   3277 1.810886E-05 9.433266E-06 1.356553E-05 5.945426E-15 0.000000E+00
  2364   3450   5605 1.141648E-05 7.426697E-06 9.280968E-06 4.735107E-15 0.000000E+00
  2365   1140   2854 4.244516E-05 9.100409E-06 2.538812E-05 4.791730E-15 0.000000E+00
  2366   6492   6746 2.522413E-05 1.891752E-05 2.174141E-05 2.965635E-15 0.000000E+00
  2367   1636   3078 2.007383E-05 1.575172E-05 1.764542E-05 4.947444E-15 0.000000E+00
  2368    323    661 3.512118E-05 2.012382E-05 2.721022E-05 1.012138E-15 0.000000E+00
  2369   1964   5396 2.829204E-05 7.875418E-06 1.781382E-05 2.264924E-15 0.000000E+00
  2370   2563   2576 9.834798E-06 1.498511E-05 1.222473E-05 3.680502E-16 0.000000E+00
  2371    414   1220 2.462779E-05 2.145101E-05 2.269553E-05 1.051774E-14 0.000000E+00
  2372   3059   3998 1.544787E-05 1.216279E-05 1.359928E-05 3.892838E-16 0.000000E+00
  2373   1663   2138 1.329287E-05 2.806718E-05 2.037137E-05 6.936330E-15 0.000000E+00
  2374   1002   1663 2.838898E-05 1.915422E-05 2.341680E-05 1.814770E-14 0.000000E+00
  2375   1911   2817 1.458200E-05 1.052718E-05 1.236721E-05 5.902959E-15 0.000000E+00
  2376    110   4153 7.382706E-05 1.008124E-05 4.132797E-05 1.641362E-14 0.000000E+00
  2377   1284   4153 9.643889E-06 1.114475E-05 1.023918E-05 2.845311E-15 0.000000E+00
  2378   1516   1619 1.402409E-05 1.702232E-05 1.529152E-05 9.625928E-16 0.000000E+00
  2379   2729   4685 1.488239E-05 1.233739E-05 1.340676E-05 2.031354E-15 0.000000E+00
  2380   2729   3356 9.485308E-06 9.993186E-06 9.593885E-06 2.831155E-15 0.000000E+00
  2381   2419   3838 1.406455E-05 1.170052E-05 1.269026E-05 4.742185E-16 0.000000E+00
  2382   1160   1955 1.529749E-05 2.156542E-05 1.815636E-05 7.035421E-15 0.000000E+00
  2383   1104   2030 1.344784E-05 1.397544E-05 1.350699E-05 9.427747E-15 0.000000E+00
  2384   3003   6519 8.198902E-06 9.214278E-06 8.576641E-06 1.302331E-15 0.000000E+00
  2385   6484   6513 5.583163E-06 5.158310E-06 5.290576E-06 5.308416E-16 0.000000E+00
  2386    204   6726 6.064108E-05 5.231393E-06 3.244465E-05 1.355416E-14 0.000000E+00
  2387    961   1636 1.370863E-05 1.527339E-05 1.427473E-05 3.468165E-15 0.000000E+00
  2388    961   1487 1.359872E-05 1.133868E-05 1.228260E-05 5.004067E-15 0.000000E+00
  2389     57   4903 5.662802E-05 1.647524E-05 3.600608E-05 9.257878E-15 0.000000E+00
  2390    360    737 2.357865E-05 2.785016E-05 2.533061E-05 2.816999E-15 0.000000E+00
  2391   3187   3188 1.647962E-05 7.929179E-06 1.202224E-05 9.555149E-16 0.000000E+00
  2392   1220   3187 1.743374E-05 1.793214E-05 1.741902E-05 1.238630E-15 0.000000E+00
  2393   1256   6599 1.655049E-05 4.935213E-06 1.058251E-05 2.342781E-15 0.000000E+00
  2394   4247   4612 3.686138E-05 1.163925E-05 2.388837E-05 1.981809E-16 0.000000E+00
  2395    506   4646 2.034419E-05 8.672781E-06 1.429194E-05 3.156738E-15 0.000000E+00
  2396    860   4605 2.446083E-05 1.892528E-05 2.136928E-05 1.981809E-16 0.000000E+00
  2397    601   5605 3.507349E-05 9.324639E-06 2.186773E-05 1.656226E-15 0.000000E+00
  2398    189   6484 4.304023E-05 5.470611E-06 2.389340E-05 3.567256E-15 0.000000E+00
  2399   2787   6759 1.944949E-05 1.597881E-05 1.744976E-05 1.811939E-15 0.000000E+00
  2400   2722   5414 1.180807E-05 9.520784E-06 1.050526E-05 3.135504E-15 0.000000E+00
  2401   5414   6787 1.288932E-05 6.815804E-06 9.705510E-06 1.422655E-15 0.000000E+00
  2402    966   1335 3.224133E-05 2.118550E-05 2.631471E-05 2.052588E-15 0.000000E+00
  2403    966   2318 2.614295E-05 1.438033E-05 1.995923E-05 5.287182E-15 0.000000E+00
  2404   2082   2960 2.018470E-05 6.894072E-06 1.333730E-05 2.257846E-15 0.000000E+00
  2405    245   2557 4.160864E-05 1.466341E-05 2.771609E-05 7.063732E-15 0.000000E+00
  2406    981   1522 2.206808E-05 1.612108E-05 1.880959E-05 7.721976E-15 0.000000E+00
  2407   1797   2313 1.473384E-05 6.512954E-06 1.046484E-05 2.802844E-15 0.000000E+00
  2408   1797   2728 1.137340E-05 1.708634E-05 1.401749E-05 2.887778E-15 0.000000E+00
  2409   2919   3178 1.503074E-05 1.067118E-05 1.265916E-05 5.662310E-15 0.000000E+00
  2410   3306   3665 1.266140E-05 1.411396E-05 1.318786E-05 1.224475E-15 0.000000E+00
  2411    414   3195 2.571428E-05 1.534491E-05 2.022318E-05 2.052588E-15 0.000000E+00
  2412   3838   3958 1.235695E-05 1.087544E-05 1.144282E-05 5.166858E-16 0.000000E+00
  2413    966   3795 2.231376E-05 7.667370E-06 1.476683E-05 4.628939E-15 0.000000E+00
  2414    785   2249 3.098199E-05 1.550156E-05 2.289488E-05 1.769472E-15 0.000000E+00
  2415     20     57 3.577472E-05 2.123814E-05 2.808096E-05 4.999820E-13 0.000000E+00
  2416    842   2728 2.162295E-05 9.427117E-06 1.529332E-05 8.543011E-15 0.000000E+00
  2417    360    842 3.489537E-05 1.829634E-05 2.619890E-05 7.148667E-16 0.000000E+00
  2418     12   6046 8.625091E-05 1.673805E-06 4.330620E-05 7.863534E-15 0.000000E+00
  2419    142   4194 3.643765E-05 7.043139E-06 2.141591E-05 3.163816E-15 0.000000E+00
  2420   3665   5720 1.152904E-05 1.358495E-05 1.236957E-05 2.739143E-15 0.000000E+00
  2421    388    669 3.552297E-05 1.418284E-05 2.448197E-05 6.532891E-15 0.000000E+00
  2422    388   1420 3.085519E-05 1.387270E-05 2.203016E-05 3.383230E-15 0.000000E+00
  2423   3187   4470 1.925345E-05 2.253065E-05 2.058023E-05 3.170894E-15 0.000000E+00
  2424   1220   3958 2.287163E-05 1.680473E-05 1.954209E-05 2.116289E-15 0.000000E+00
  2425    860   2325 2.500742E-05 1.021544E-05 1.734857E-05 1.370987E-14 0.000000E+00
  2426   1257   1848 9.640649E-06 6.704921E-06 8.050803E-06 6.051594E-15 0.000000E+00
  2427   3698   6519 8.445436E-06 6.258337E-06 7.242157E-06 1.896874E-15 0.000000E+00
  2428   1663   2478 1.768567E-05 1.094456E-05 1.410145E-05 1.409915E-14 0.000000E+00
  2429    434   1964 3.375906E-05 2.833833E-05 3.058528E-05 1.374526E-14 0.000000E+00
  2430   1335   2891 1.544770E-05 1.066607E-05 1.286201E-05 1.259864E-15 0.000000E+00
  2431   2318   5017 1.676708E-05 3.599246E-06 1.003118E-05 1.804861E-15 0.000000E+00
  2432   1654   1693 9.415257E-06 1.000690E-05 9.566136E-06 2.859467E-15 0.000000E+00
  2433   1065   2171 1.848193E-05 2.254773E-05 2.020864E-05 1.274020E-15 0.000000E+00
  2434    226   3034 3.674694E-05 9.871318E-06 2.296123E-05 5.053612E-15 0.000000E+00
  2435    110    360 8.835559E-05 4.484357E-05 6.560556E-05 4.695471E-14 0.000000E+00
  2436   2063   3047 2.589286E-05 2.218477E-05 2.368003E-05 1.613758E-15 0.000000E+00
  2437     21    414 6.627209E-05 3.182749E-05 4.831770E-05 9.243014E-14 0.000000E+00
  2438    860   5646 3.174577E-05 1.673339E-05 2.387779E-05 2.824077E-15 0.000000E+00
  2439   1220   6601 2.054455E-05 1.324243E-05 1.664135E-05 1.394344E-15 0.000000E+00
  2440    189   6513 4.055046E-05 6.660570E-06 2.325319E-05 8.847360E-16 0.000000E+00
  2441   1219   5540 1.874868E-05 6.724051E-06 1.254627E-05 4.246733E-15 0.000000E+00
  2442    908   3795 3.843594E-05 7.889196E-06 2.281686E-05 1.981809E-16 0.000000E+00
  2443   1144   6212 1.845299E-05 9.697141E-06 1.386499E-05 1.443889E-15 0.000000E+00
  2444    802   2559 1.879391E-05 1.227913E-05 1.530463E-05 7.000031E-15 0.000000E+00
  2445    142    360 2.250632E-05 1.939240E-05 2.063668E-05 6.272424E-14 0.000000E+00
  2446    360   2162 3.844978E-05 1.733094E-05 2.747408E-05 7.842300E-15 0.000000E+00
  2447    142    388 2.992206E-05 2.377979E-05 2.645017E-05 4.292031E-14 0.000000E+00
  2448   4173   5853 1.031576E-05 1.014018E-05 1.007531E-05 1.797784E-15 0.000000E+00
  2449   2325   2729 2.136270E-05 1.601858E-05 1.841168E-05 3.963617E-16 0.000000E+00
  2450   2419   4685 8.744088E-06 9.502214E-06 8.986985E-06 1.203241E-16 0.000000E+00
  2451   2325   2481 2.047884E-05 1.130867E-05 1.565653E-05 2.279080E-15 0.000000E+00
  2452   2325   4685 1.536446E-05 1.979706E-05 1.731836E-05 2.095055E-15 0.000000E+00
  2453    860   1220 3.389089E-05 2.157403E-05 2.731854E-05 4.388291E-16 0.000000E+00
  2454    966   1083 3.056627E-05 1.993435E-05 2.487344E-05 2.052588E-16 0.000000E+00
  2455   1555   2082 9.930656E-06 6.989914E-06 8.334012E-06 4.112253E-15 0.000000E+00
  2456    913   2900 1.067017E-05 5.897722E-06 8.160303E-06 6.794772E-15 0.000000E+00
  2457   2319   2481 6.983996E-06 1.220280E-05 9.450215E-06 5.598609E-15 0.000000E+00
  2458   4612   6599 1.158265E-05 1.008292E-05 1.067110E-05 9.909043E-17 0.000000E+00
  2459   1256   2325 2.031334E-05 4.363679E-06 1.215435E-05 4.841275E-15 0.000000E+00
  2460   1332   1740 1.022999E-05 1.108422E-05 1.049804E-05 8.649179E-15 0.000000E+00
  2461   3003   5331 8.977399E-06 1.536253E-05 1.198833E-05 2.993947E-15 0.000000E+00
  2462   2900   3795 1.659325E-05 4.707950E-06 1.049164E-05 2.080899E-15 0.000000E+00
  2463   2318   2891 2.226404E-05 9.436125E-06 1.561352E-05 2.257846E-15 0.000000E+00
  2464   1555   2891 1.244697E-05 1.347784E-05 1.276893E-05 2.979791E-15 0.000000E+00
  2465   2285   2900 1.512347E-05 1.735108E-05 1.599492E-05 1.578369E-15 0.000000E+00
  2466    785   6170 1.596471E-05 1.288856E-05 1.421131E-05 1.033372E-15 0.000000E+00
  2467   1144   5627 2.028956E-05 8.805219E-06 1.433026E-05 5.796790E-15 0.000000E+00
  2468    673   1672 1.513345E-05 1.478127E-05 1.473412E-05 1.999503E-14 0.000000E+00
  2469    110   1284 8.142179E-05 1.386906E-05 4.693430E-05 7.120355E-15 0.000000E+00
  2470   1606   3665 1.185591E-05 1.102030E-05 1.126739E-05 5.938348E-15 0.000000E+00
  2471    860   3958 1.254026E-05 1.136604E-05 1.177475E-05 5.096079E-15 0.000000E+00
  2472   2376   5646 1.880466E-05 1.481137E-05 1.655715E-05 1.196163E-15 0.000000E+00
  2473   3546   6579 5.682407E-06 4.401976E-06 4.966935E-06 1.125384E-15 0.000000E+00
  2474   1290   2364 1.074275E-05 1.682505E-05 1.357817E-05 9.427747E-15 0.000000E+00
  2475   1798   4155 9.624025E-06 6.473379E-06 7.928572E-06 5.025300E-16 0.000000E+00
  2476   4155   6824 7.432085E-06 6.174742E-06 6.701870E-06 5.803868E-16 0.000000E+00
  2477   2496   5404 5.864850E-06 3.802648E-06 4.761603E-06 3.008102E-15 0.000000E+00
  2478    434    974 3.101934E-05 4.154563E-05 3.574095E-05 2.715786E-14 0.000000E+00
  2479   1144   1862 1.917487E-05 2.192655E-05 2.024398E-05 5.945426E-16 0.000000E+00
  2480   2285   3795 3.240462E-06 8.240898E-06 5.654998E-06 3.609723E-15 0.000000E+00
  2481   1144   1325 1.866110E-05 1.383705E-05 1.600655E-05 7.714898E-15 0.000000E+00
  2482   1035   1120 1.397330E-05 2.533565E-05 1.936113E-05 9.356968E-15 0.000000E+00
  2483    847   1158 2.901118E-05 9.408041E-06 1.892290E-05 1.340552E-14 0.000000E+00
  2484    110   3254 5.136503E-05 9.537132E-06 2.999659E-05 1.530239E-14 0.000000E+00
  2485    360   4194 2.388721E-05 1.391114E-05 1.861710E-05 7.573340E-16 0.000000E+00
  2486   2919   4319 1.099009E-05 8.130617E-06 9.417664E-06 2.548040E-15 0.000000E+00
  2487   1606   5720 1.491583E-05 2.068156E-05 1.753304E-05 1.047527E-15 0.000000E+00
  2488    744   4472 2.146245E-05 6.280375E-06 1.366437E-05 9.838264E-16 0.000000E+00
  2489   2430   2729 1.265642E-05 1.242681E-05 1.235443E-05 4.883743E-16 0.000000E+00
  2490   1220   6581 2.875504E-05 1.761455E-05 2.283875E-05 3.418620E-15 0.000000E+00
  2491   1974   3073 1.204472E-05 9.993477E-06 1.085463E-05 4.345823E-15 0.000000E+00
  2492   3693   5540 5.356751E-06 4.772017E-06 4.988796E-06 1.649148E-15 0.000000E+00
  2493    204   6729 7.088220E-05 6.298074E-06 3.801416E-05 8.868594E-15 0.000000E+00
  2494    961   3078 1.858120E-05 1.331261E-05 1.570889E-05 2.087977E-15 0.000000E+00
  2495   1002   3078 1.431471E-05 1.427413E-05 1.408107E-05 5.747245E-15 0.000000E+00
  2496   1083   3078 3.444667E-05 1.887999E-05 2.626537E-05 3.135504E-15 0.000000E+00
  2497    974   1083 4.319089E-05 2.218430E-05 3.219972E-05 1.852283E-14 0.000000E+00
  2498   1083   1335 2.011731E-05 1.283961E-05 1.623251E-05 6.497501E-15 0.000000E+00
  2499    785   3916 3.651768E-05 2.038623E-05 2.802730E-05 2.498494E-15 0.000000E+00
  2500    621   3744 3.418191E-05 9.095483E-06 2.131573E-05 2.611741E-15 0.000000E+00
  2501    519   1566 3.192211E-05 7.502187E-06 1.941794E-05 8.776581E-16 0.000000E+00
  2502    142    842 3.101764E-05 2.135721E-05 2.579657E-05 4.628939E-15 0.000000E+00
  2503   3254   5905 1.128936E-05 3.271401E-06 7.171720E-06 1.953497E-15 0.000000E+00
  2504   1606   6013 1.582465E-05 7.320583E-06 1.139989E-05 5.945426E-16 0.000000E+00
  2505    388   4703 2.419141E-05 8.603763E-06 1.615285E-05 4.883743E-16 0.000000E+00
  2506    615   4683 2.771185E-05 1.017776E-05 1.866205E-05 4.713873E-15 0.000000E+00
  2507   1256   4602 1.909161E-05 1.486868E-05 1.672671E-05 1.868562E-15 0.000000E+00
  2508    860   2376 3.539339E-05 1.673210E-05 2.567375E-05 1.401422E-15 0.000000E+00
  2509   6746   6755 2.044693E-05 1.188954E-05 1.592692E-05 1.097073E-15 0.000000E+00
  2510   1219   3179 1.624474E-05 1.224954E-05 1.403449E-05 6.009127E-15 0.000000E+00
  2511    534   5414 4.082970E-05 1.144450E-05 2.574700E-05 8.939373E-15 0.000000E+00
  2512    966   1928 1.552053E-05 2.460536E-05 1.976350E-05 8.727036E-15 0.000000E+00
  2513   1928   2318 1.484510E-05 1.115828E-05 1.280763E-05 1.925186E-15 0.000000E+00
  2514   1120   1324 1.907632E-05 1.203377E-05 1.532288E-05 1.325688E-14 0.000000E+00
  2515   2563   5536 1.021670E-05 7.276977E-06 8.616291E-06 6.936330E-16 0.000000E+00
  2516    110   5720 9.574434E-05 1.749593E-05 5.577506E-05 1.146618E-15 0.000000E+00
  2517    388   3355 3.026089E-05 1.177276E-05 2.070314E-05 8.974762E-15 0.000000E+00
  2518   2430   4685 1.367874E-05 1.346347E-05 1.336855E-05 4.508615E-15 0.000000E+00
  2519    860   4685 1.755915E-05 2.269091E-05 1.982466E-05 3.595567E-15 0.000000E+00
  2520    414    601 2.468500E-05 3.662257E-05 3.019626E-05 8.429765E-15 0.000000E+00
  2521   2192   3073 1.121053E-05 8.927183E-06 9.918577E-06 5.938348E-15 0.000000E+00
  2522   1140   6746 3.265727E-05 6.115181E-06 1.909688E-05 1.373110E-15 0.000000E+00
  2523   4155   5435 1.145386E-05 1.005902E-05 1.059590E-05 8.422687E-16 0.000000E+00
  2524    961    974 2.880864E-05 2.249063E-05 2.526681E-05 1.733375E-14 0.000000E+00
  2525    974   6641 3.502641E-05 3.986986E-06 1.921556E-05 8.875672E-15 0.000000E+00
  2526   1555   2920 1.485095E-05 1.101987E-05 1.274234E-05 5.457052E-15 0.000000E+00
  2527   2318   3842 2.353522E-05 1.158616E-05 1.729859E-05 6.794772E-16 0.000000E+00
  2528   2891   3842 8.298110E-06 1.029580E-05 9.158196E-06 3.708813E-15 0.000000E+00
  2529   1911   4817 9.320947E-06 8.735731E-06 8.893588E-06 1.776550E-15 0.000000E+00
  2530    184   1907 3.971566E-05 1.497510E-05 2.693724E-05 2.364722E-14 0.000000E+00
  2531   3773   5720 9.612264E-06 1.868906E-05 1.393946E-05 1.422655E-15 0.000000E+00
  2532   2189   3462 1.908286E-05 2.156092E-05 2.001858E-05 8.748270E-15 0.000000E+00
  2533   3462   4470 2.003506E-05 2.470230E-05 2.203482E-05 9.838264E-16 0.000000E+00
  2534   1955   4602 1.960279E-05 8.052601E-06 1.362131E-05 1.811939E-15 0.000000E+00
  2535    204   6728 7.020479E-05 6.848409E-06 3.795157E-05 1.048235E-14 0.000000E+00
  2536    204   5240 7.017476E-05 8.990297E-06 3.899174E-05 9.909043E-16 0.000000E+00
  2537    661   3916 2.319636E-05 1.550274E-05 1.906075E-05 1.443889E-15 0.000000E+00
  2538   1928   2285 2.193055E-05 7.922707E-06 1.470384E-05 1.719927E-15 0.000000E+00
  2539    886   3744 1.359239E-05 1.131136E-05 1.226603E-05 1.493434E-15 0.000000E+00
  2540    226   2067 4.344167E-05 3.406078E-05 3.817285E-05 4.423680E-15 0.000000E+00
  2541    360   5958 3.941604E-05 7.579632E-06 2.314712E-05 6.285165E-15 0.000000E+00
  2542   2189   4177 2.422282E-05 1.169308E-05 1.768992E-05 2.498494E-15 0.000000E+00
  2543   2376   3187 1.866351E-05 1.905921E-05 1.857985E-05 2.505572E-15 0.000000E+00
  2544     22     51 4.443616E-05 2.130888E-05 3.238189E-05 4.970164E-13 0.000000E+00
  2545   4646   6452 1.895677E-05 5.549569E-06 1.207029E-05 4.600627E-16 0.000000E+00
  2546   2101   3998 1.038794E-05 1.145883E-05 1.076035E-05 2.215379E-15 0.000000E+00
  2547   2101   4155 1.148082E-05 8.270999E-06 9.728506E-06 5.308416E-16 0.000000E+00
  2548   2900   5377 1.671703E-05 1.290019E-05 1.458759E-05 1.542980E-15 0.000000E+00
  2549   1449   2334 2.071705E-05 1.179079E-05 1.601132E-05 1.106274E-14 0.000000E+00
  2550    651    819 2.734582E-05 2.162861E-05 2.412173E-05 3.160277E-14 0.000000E+00
  2551    805    847 1.346128E-05 1.908905E-05 1.603225E-05 1.269065E-14 0.000000E+00
  2552    744   1818 1.657107E-05 2.865804E-05 2.227703E-05 1.056729E-14 0.000000E+00
  2553   2319   2430 1.542211E-05 1.112004E-05 1.307300E-05 2.208301E-15 0.000000E+00
  2554    860   2430 2.659683E-05 8.716606E-06 1.739319E-05 3.850371E-15 0.000000E+00
  2555     51   6605 4.519791E-05 9.392823E-06 2.688798E-05 1.012138E-15 0.000000E+00
  2556   1848   5571 1.461584E-05 5.891685E-06 1.010072E-05 9.909043E-17 0.000000E+00
  2557   5240   6728 8.688858E-06 7.408641E-06 7.928619E-06 5.025300E-16 0.000000E+00
  2558    974   2742 4.199564E-05 2.514137E-05 3.306748E-05 4.437836E-15 0.000000E+00
  2559    974   2234 2.691943E-05 1.950532E-05 2.286592E-05 8.266973E-15 0.000000E+00
  2560    434   6641 1.554961E-05 1.039284E-05 1.277763E-05 1.194040E-14 0.000000E+00
  2561   2912   6170 1.640262E-05 3.240989E-06 9.675211E-06 1.507590E-15 0.000000E+00
  2562   1008   1693 1.521274E-05 1.095952E-05 1.289082E-05 7.969702E-15 0.000000E+00
  2563    936   2136 1.481015E-05 1.081831E-05 1.262297E-05 8.082948E-15 0.000000E+00
  2564   3098   3866 1.932781E-05 2.239843E-05 2.055173E-05 2.831155E-15 0.000000E+00
  2565   3866   6059 2.330418E-05 1.295235E-05 1.785770E-05 3.234595E-15 0.000000E+00
  2566    110   3773 9.636307E-05 7.484484E-06 5.114880E-05 5.103157E-15 0.000000E+00
  2567   2376   6581 2.469718E-05 8.863822E-06 1.653004E-05 1.323565E-15 0.000000E+00
  2568   1331   3298 1.934225E-05 1.812411E-05 1.845358E-05 3.779592E-15 0.000000E+00
  2569   2502   2731 3.104897E-05 1.802614E-05 2.417132E-05 1.075839E-14 0.000000E+00
  2570    204   4279 4.907788E-05 1.491029E-05 3.151656E-05 5.832180E-15 0.000000E+00
  2571   3003   3698 1.141906E-05 7.054558E-06 9.098944E-06 1.125384E-15 0.000000E+00
  2572     51   1140 7.543210E-05 4.101548E-05 5.735478E-05 4.083941E-15 0.000000E+00
  2573   3693   6759 7.119311E-06 6.160615E-06 6.540859E-06 1.373110E-15 0.000000E+00
  2574   1219   5238 1.500761E-05 6.299396E-06 1.049450E-05 6.469190E-15 0.000000E+00
  2575   4155   4193 5.817438E-06 4.797919E-06 5.228459E-06 1.104151E-15 0.000000E+00
  2576    961   6779 1.704171E-05 1.048432E-05 1.355760E-05 2.222457E-15 0.000000E+00
  2577    974   2496 1.370487E-05 4.163780E-06 8.800979E-06 6.872629E-15 0.000000E+00
  2578   1722   5463 1.193181E-05 7.533827E-06 9.587550E-06 6.865551E-16 0.000000E+00
  2579    534   6643 4.938791E-05 9.070601E-06 2.879300E-05 1.634992E-15 0.000000E+00
  2580   2249   2912 1.139176E-05 1.763342E-05 1.429599E-05 2.795766E-15 0.000000E+00
  2581   2920   2960 1.484857E-05 1.415506E-05 1.428537E-05 1.762394E-15 0.000000E+00
  2582   1114   4766 1.546160E-05 8.693937E-06 1.189750E-05 8.734114E-15 0.000000E+00
  2583   1974   2032 2.302325E-05 1.509181E-05 1.877309E-05 7.545029E-15 0.000000E+00
  2584      4    988 1.171530E-04 1.262170E-05 6.391890E-05 3.001732E-14 0.000000E+00
  2585   3499   5435 1.378122E-05 7.419625E-06 1.044220E-05 1.097073E-15 0.000000E+00
  2586    621    886 2.063458E-05 1.003127E-05 1.510408E-05 1.199702E-14 0.000000E+00
  2587   1522   1873 1.490669E-05 8.070780E-06 1.131726E-05 8.988918E-16 0.000000E+00
  2588   3139   4138 1.208717E-05 3.268298E-06 7.563139E-06 3.107193E-15 0.000000E+00
  2589   3187   3917 1.677441E-05 1.387745E-05 1.509718E-05 3.376153E-15 0.000000E+00
  2590   3187   4197 1.115962E-05 7.276021E-06 9.080239E-06 6.433800E-15 0.000000E+00
  2591   2419   4026 1.087862E-05 1.770332E-05 1.407767E-05 8.776581E-16 0.000000E+00
  2592   1272   2830 1.470214E-05 2.114586E-05 1.765648E-05 4.253811E-15 0.000000E+00
  2593   6759   6770 1.062371E-05 9.513785E-06 9.918467E-06 7.785677E-16 0.000000E+00
  2594    974   5422 2.096249E-05 1.696630E-05 1.868134E-05 8.302363E-15 0.000000E+00
  2595   3078   6778 1.384470E-05 9.371114E-06 1.143466E-05 5.025300E-16 0.000000E+00
  2596   3499   3712 9.790314E-06 4.817314E-06 7.194802E-06 2.816999E-15 0.000000E+00
  2597   3712   5463 6.314180E-06 6.017188E-06 6.073659E-06 1.528824E-15 0.000000E+00
  2598   2742   3078 1.396895E-05 1.814204E-05 1.581586E-05 5.718934E-15 0.000000E+00
  2599   1083   2742 3.126423E-05 2.514137E-05 2.778186E-05 4.536926E-15 0.000000E+00
  2600    974   3311 3.386914E-05 1.331133E-05 2.323814E-05 3.248751E-15 0.000000E+00
  2601   1335   3842 1.930626E-05 1.278454E-05 1.580592E-05 2.342781E-15 0.000000E+00
  2602    434   2920 5.040254E-05 8.381462E-06 2.895332E-05 1.065222E-14 0.000000E+00
  2603   2249   3916 1.131639E-05 1.683606E-05 1.386613E-05 6.256853E-15 0.000000E+00
  2604   1325   6212 1.418758E-05 6.694722E-06 1.028532E-05 2.328625E-15 0.000000E+00
  2605    690    965 2.649503E-05 2.427626E-05 2.500676E-05 1.540856E-14 0.000000E+00
  2606    245    314 3.007473E-05 3.577952E-05 3.243567E-05 2.911135E-14 0.000000E+00
  2607    651    847 1.638571E-05 2.805541E-05 2.188891E-05 1.428318E-14 0.000000E+00
  2608   4319   5599 1.180439E-05 9.332881E-06 1.041089E-05 2.328625E-15 0.000000E+00
  2609   2376   6601 2.027599E-05 1.341071E-05 1.659195E-05 2.073821E-15 0.000000E+00
  2610   3003   5305 1.809526E-05 1.015029E-05 1.391199E-05 2.307391E-15 0.000000E+00
  2611   5404   5422 1.425934E-05 1.377421E-05 1.380757E-05 6.723994E-16 0.000000E+00
  2612    974   5404 1.562255E-05 1.028991E-05 1.276285E-05 8.493466E-16 0.000000E+00
  2613   1083   2234 2.189242E-05 1.787327E-05 1.958608E-05 7.445938E-15 0.000000E+00
  2614   1083   3311 3.355566E-05 7.890574E-06 2.041382E-05 6.759383E-15 0.000000E+00
  2615    434   1083 5.084384E-05 1.684053E-05 3.333708E-05 1.276143E-14 0.000000E+00
  2616    434   5039 4.204188E-05 1.103897E-05 2.614430E-05 2.406482E-15 0.000000E+00
  2617   5039   6212 8.348582E-06 7.999720E-06 8.052148E-06 1.040450E-15 0.000000E+00
  2618   1657   1661 1.804811E-05 1.364048E-05 1.560781E-05 1.194747E-14 0.000000E+00
  2619   1035   1324 1.697474E-05 1.449443E-05 1.549974E-05 9.909043E-15 0.000000E+00
  2620    110   5920 5.211523E-05 6.765404E-06 2.900091E-05 2.625896E-15 0.000000E+00
  2621    860   4026 1.561337E-05 1.648084E-05 1.580760E-05 1.114060E-14 0.000000E+00
  2622    860   4602 3.554998E-05 1.770591E-05 2.623051E-05 3.609723E-16 0.000000E+00
  2623   1272   1740 1.329664E-05 2.167450E-05 1.722459E-05 2.448949E-15 0.000000E+00
  2624    961   2742 1.894932E-05 2.360178E-05 2.095801E-05 2.045510E-15 0.000000E+00
  2625   1325   5039 1.462000E-05 8.084365E-06 1.118275E-05 2.703753E-15 0.000000E+00
  2626   1844   1928 9.815602E-06 2.077289E-05 1.506598E-05 3.319529E-15 0.000000E+00
  2627   1324   1661 1.589274E-05 1.419170E-05 1.481771E-05 4.989911E-15 0.000000E+00
  2628   1972   5788 2.028750E-05 1.662803E-05 1.818228E-05 2.972713E-15 0.000000E+00
  2629    110   6048 6.401622E-05 1.075768E-05 3.682894E-05 1.337721E-15 0.000000E+00
  2630     12   4245 6.285794E-05 1.239579E-05 3.706527E-05 4.975755E-15 0.000000E+00
  2631    110   1606 8.908679E-05 1.322898E-05 5.039433E-05 2.179990E-14 0.000000E+00
  2632     51   5688 4.326262E-05 9.469461E-06 2.597252E-05 3.708813E-15 0.000000E+00
  2633    189   1140 5.319246E-05 3.476103E-05 4.332037E-05 1.498389E-14 0.000000E+00
  2634   5243   6728 1.502343E-05 8.463398E-06 1.156814E-05 3.468165E-16 0.000000E+00
  2635   2742   6779 2.491285E-05 9.810895E-06 1.710274E-05 3.114271E-15 0.000000E+00
  2636   2742   6778 2.794455E-05 6.543759E-06 1.698678E-05 3.192127E-15 0.000000E+00
  2637   1325   1862 1.471594E-05 9.988550E-06 1.216788E-05 4.841275E-15 0.000000E+00
  2638     21     22 2.523612E-05 2.900891E-05 2.671770E-05 1.168835E-12 0.000000E+00
  2639   2787   3693 5.779938E-06 3.346716E-06 4.495218E-06 2.526806E-15 0.000000E+00
  2640    961   1415 2.675972E-05 1.341216E-05 1.978615E-05 1.318611E-14 0.000000E+00
  2641    819   1087 2.688382E-05 1.357161E-05 1.992581E-05 1.725589E-14 0.000000E+00
  2642    549   2136 1.716350E-05 1.043902E-05 1.359527E-05 1.422655E-15 0.000000E+00
  2643    936   1729 1.586468E-05 1.653697E-05 1.595903E-05 4.763419E-15 0.000000E+00
  2644    601   2502 2.579393E-05 2.829626E-05 2.664143E-05 1.922354E-14 0.000000E+00
  2645   1000   1140 2.292960E-05 1.323146E-05 1.781067E-05 3.220439E-14 0.000000E+00
  2646   4252   5404 1.387298E-05 5.974698E-06 9.775722E-06 1.210319E-15 0.000000E+00
  2647   2920   4099 1.754090E-05 1.207130E-05 1.458511E-05 3.262906E-15 0.000000E+00
  2648   1606   6059 2.686378E-05 8.052308E-06 1.719748E-05 2.406482E-15 0.000000E+00
  2649     22    388 6.555620E-05 1.810797E-05 4.120773E-05 3.429945E-14 0.000000E+00
  2650   2792   3566 1.187850E-05 1.674460E-05 1.409794E-05 3.135504E-15 0.000000E+00
  2651    961   5422 3.651561E-05 1.954720E-05 2.761303E-05 2.491417E-15 0.000000E+00
  2652   1415   2742 2.536905E-05 1.888786E-05 2.179818E-05 7.665353E-15 0.000000E+00
  2653   1035   1519 2.116223E-05 1.120075E-05 1.593998E-05 5.598609E-15 0.000000E+00
  2654     57    416 4.083996E-05 1.890580E-05 2.942701E-05 8.404284E-14 0.000000E+00
  2655   2430   3778 2.856363E-05 5.364069E-06 1.671066E-05 1.174929E-15 0.000000E+00
  2656   3784   6452 8.458364E-06 8.510402E-06 8.357751E-06 1.274020E-16 0.000000E+00
  2657   1331   5276 1.763638E-05 1.729533E-05 1.720517E-05 1.896874E-15 0.000000E+00
  2658   1219   3693 2.774284E-05 1.362820E-05 2.037678E-05 1.557135E-16 0.000000E+00
  2659   1663   2742 2.771017E-05 1.598489E-05 2.152145E-05 1.143079E-14 0.000000E+00
  2660      4   1603 1.036585E-04 1.080600E-05 5.637802E-05 9.095086E-15 0.000000E+00
  2661   1928   3842 2.296656E-05 1.210100E-05 1.727208E-05 1.698693E-15 0.000000E+00
  2662   1555   6188 2.001719E-05 4.814576E-06 1.223057E-05 1.288176E-15 0.000000E+00
  2663   1449   4054 1.053830E-05 5.143507E-06 7.723876E-06 2.172912E-15 0.000000E+00
  2664    621   4799 1.913848E-05 1.534601E-05 1.698490E-05 6.582436E-16 0.000000E+00
  2665   1606   6014 1.269824E-05 5.622867E-06 9.023827E-06 2.710831E-15 0.000000E+00
  2666   3080   6558 1.132802E-05 7.018154E-06 9.036177E-06 1.068761E-15 0.000000E+00
  2667   2376   3080 1.128740E-05 7.751033E-06 9.377138E-06 9.130476E-16 0.000000E+00
  2668    860   1921 2.475262E-05 8.457965E-06 1.635745E-05 2.222457E-15 0.000000E+00
  2669   2376   4659 2.197657E-05 1.213347E-05 1.680047E-05 4.310434E-15 0.000000E+00
  2670     21    601 8.930182E-05 1.674236E-05 5.223071E-05 7.001447E-14 0.000000E+00
  2671   1331   6433 1.846909E-05 6.287425E-06 1.219351E-05 3.963617E-15 0.000000E+00
  2672   1663   6778 2.022897E-05 8.507266E-06 1.415367E-05 1.585447E-15 0.000000E+00
  2673   3842   4099 1.308052E-05 8.002263E-06 1.038406E-05 8.422687E-16 0.000000E+00
  2674   1844   5079 1.468341E-05 8.959111E-06 1.164482E-05 1.521746E-15 0.000000E+00
  2675    549    936 1.839258E-05 1.921325E-05 1.852228E-05 1.121137E-14 0.000000E+00
  2676   1974   5577 2.154716E-05 3.137672E-05 2.606698E-05 6.858473E-15 0.000000E+00
  2677   2166   3087 2.039564E-05 1.679527E-05 1.831791E-05 9.767485E-16 0.000000E+00
  2678   3917   6558 1.442237E-05 1.037019E-05 1.221126E-05 2.717909E-15 0.000000E+00
  2679   2376   4610 9.786232E-06 6.341203E-06 7.943363E-06 2.427716E-15 0.000000E+00
  2680   4659   6581 1.343128E-05 9.448790E-06 1.126929E-05 9.201254E-16 0.000000E+00
  2681   1389   6505 1.510726E-05 6.923298E-06 1.085087E-05 7.028343E-15 0.000000E+00
  2682   3499   6774 7.818278E-06 2.725261E-06 5.193086E-06 1.295254E-15 0.000000E+00
  2683   3056   4197 1.298483E-05 1.648668E-05 1.451582E-05 3.192127E-15 0.000000E+00
  2684   2443   3917 1.172670E-05 1.352412E-05 1.243697E-05 5.449974E-15 0.000000E+00
  2685   2376   4653 1.559516E-05 9.577668E-06 1.239856E-05 5.945426E-16 0.000000E+00
  2686   2376   2679 1.630505E-05 1.530999E-05 1.557159E-05 1.903952E-15 0.000000E+00
  2687   1219   2031 2.921607E-05 1.921762E-05 2.385540E-05 1.712849E-15 0.000000E+00
  2688   1415   2234 2.165406E-05 7.042610E-06 1.413418E-05 1.206072E-14 0.000000E+00
  2689   2234   2742 1.492293E-05 2.086593E-05 1.762735E-05 2.102133E-15 0.000000E+00
  2690   1818   3849 1.481106E-05 9.181943E-06 1.181745E-05 6.483345E-15 0.000000E+00
  2691     51   1700 6.798601E-05 1.367191E-05 4.021957E-05 2.470183E-15 0.000000E+00
  2692   2234   3311 1.463854E-05 9.637161E-06 1.195669E-05 9.413591E-16 0.000000E+00
  2693    273   1423 5.926859E-05 1.686407E-05 3.749818E-05 5.237637E-15 0.000000E+00
  2694     20    915 7.065129E-05 3.414202E-05 5.161462E-05 3.503555E-15 0.000000E+00
  2695   1921   3080 1.196241E-05 9.711304E-06 1.067511E-05 2.604663E-15 0.000000E+00
  2696   2759   3784 6.476554E-06 9.297075E-06 7.769101E-06 3.567256E-15 0.000000E+00
  2697   1049   5276 3.712181E-05 1.719455E-05 2.675284E-05 1.256325E-14 0.000000E+00
  2698   1049   1331 1.608034E-05 2.057103E-05 1.805216E-05 1.266942E-15 0.000000E+00
  2699    601   6517 4.106174E-05 7.686481E-06 2.401032E-05 4.175954E-15 0.000000E+00
  2700    204   1700 6.315461E-05 1.204728E-05 3.703974E-05 8.981840E-15 0.000000E+00
  2701   3566   5207 4.727516E-06 4.135884E-06 4.365556E-06 2.441871E-15 0.000000E+00
  2702   2031   5244 2.662130E-05 1.035127E-05 1.821037E-05 2.625896E-15 0.000000E+00
  2703   1592   3499 1.738700E-05 1.569545E-05 1.629434E-05 1.139540E-15 0.000000E+00
  2704   1862   2166 8.544211E-06 8.721846E-06 8.504178E-06 7.219446E-16 0.000000E+00
  2705    273    802 2.852020E-05 2.839323E-05 2.803199E-05 1.372402E-14 0.000000E+00
  2706   4528   5788 1.635519E-05 1.837069E-05 1.710379E-05 1.776550E-15 0.000000E+00
  2707    549   1729 3.154920E-05 1.583373E-05 2.333786E-05 7.120355E-15 0.000000E+00
  2708    123    615 3.033868E-05 4.193763E-05 3.559878E-05 3.139751E-14 0.000000E+00
  2709   3080   4610 5.255926E-06 7.140788E-06 6.105844E-06 1.804861E-15 0.000000E+00
  2710    601   6581 1.994598E-05 1.118917E-05 1.533522E-05 3.050570E-15 0.000000E+00
  2711   1049   6433 1.401858E-05 9.529605E-06 1.159836E-05 7.431782E-16 0.000000E+00
  2712   2502   3200 1.072820E-05 1.379794E-05 1.208004E-05 5.846335E-15 0.000000E+00
  2713   2742   6823 3.114871E-05 6.693851E-06 1.863888E-05 1.748238E-15 0.000000E+00
  2714   1325   2166 2.909678E-05 1.788921E-05 2.314235E-05 5.499519E-15 0.000000E+00
  2715   1606   6028 2.756448E-05 1.493716E-05 2.093364E-05 1.833173E-15 0.000000E+00
  2716   4197   6559 1.798290E-05 4.502913E-06 1.107510E-05 1.033372E-15 0.000000E+00
  2717   2443   6558 1.286204E-05 1.037019E-05 1.144274E-05 1.026294E-15 0.000000E+00
  2718   2031   5193 8.636058E-06 8.010599E-06 8.199100E-06 8.918139E-15 0.000000E+00
  2719   1219   5243 5.202851E-05 1.297112E-05 3.201474E-05 6.002049E-15 0.000000E+00
  2720   4583   6014 8.303314E-06 5.301763E-06 6.701008E-06 1.288176E-15 0.000000E+00
  2721   2679   4610 1.455025E-05 8.710885E-06 1.145698E-05 4.621861E-15 0.000000E+00
  2722    601   2678 2.571292E-05 2.227487E-05 2.363577E-05 9.272033E-16 0.000000E+00
  2723   1389   2364 2.450276E-05 1.898935E-05 2.142149E-05 4.834198E-15 0.000000E+00
  2724    434   3311 3.553373E-05 1.218132E-05 2.350144E-05 9.548071E-15 0.000000E+00
  2725    549   1922 2.486715E-05 1.120396E-05 1.776637E-05 7.268991E-15 0.000000E+00
  2726    819   4748 3.540997E-05 2.091028E-05 2.773982E-05 9.272033E-16 0.000000E+00
  2727    388   2034 3.280519E-05 1.230499E-05 2.221844E-05 1.116183E-14 0.000000E+00
  2728     51   5289 3.245076E-05 8.409958E-06 2.012543E-05 9.979822E-16 0.000000E+00
  2729   3227   5207 1.233510E-05 7.823731E-06 9.928977E-06 2.413560E-15 0.000000E+00
  2730   1140   3094 1.605582E-05 7.438994E-06 1.157207E-05 1.252786E-15 0.000000E+00
  2731   3566   6741 1.244198E-05 1.240750E-05 1.223930E-05 8.210350E-16 0.000000E+00
  2732   1219   5193 2.911002E-05 1.685647E-05 2.264021E-05 1.087871E-14 0.000000E+00
  2733   1415   5422 2.181589E-05 1.857445E-05 1.989375E-05 8.705802E-16 0.000000E+00
  2734    974   1415 2.973466E-05 1.852794E-05 2.377113E-05 2.208301E-15 0.000000E+00
  2735      4   1190 9.984693E-05 2.418347E-05 6.108960E-05 4.849769E-14 0.000000E+00
  2736    434   5353 2.956301E-05 5.429042E-06 1.723489E-05 2.979791E-15 0.000000E+00
  2737    690   2617 2.227129E-05 1.016848E-05 1.597780E-05 1.290299E-14 0.000000E+00
  2738   3056   6559 1.641599E-05 1.476094E-05 1.535580E-05 4.954522E-16 0.000000E+00
  2739     21   6559 7.837569E-05 1.408673E-05 4.554119E-05 4.020240E-15 0.000000E+00
  2740   4197   4712 1.958225E-05 1.147635E-05 1.529752E-05 2.194145E-16 0.000000E+00
  2741   3200   3577 6.980977E-06 8.669818E-06 7.708601E-06 2.632974E-15 0.000000E+00
  2742   1049   1974 1.848756E-05 3.889120E-05 2.826118E-05 5.591532E-15 0.000000E+00
  2743   3100   5577 9.771575E-06 1.877353E-05 1.405953E-05 3.390308E-15 0.000000E+00
  2744   3227   6741 1.462966E-05 1.188427E-05 1.305910E-05 2.003042E-15 0.000000E+00
  2745   2031   6770 1.966517E-05 1.339217E-05 1.628197E-05 1.797784E-15 0.000000E+00
  2746   1622   4252 1.048015E-05 1.250007E-05 1.131862E-05 3.050570E-15 0.000000E+00
  2747    915   4266 2.910533E-05 8.026711E-06 1.828892E-05 6.936330E-15 0.000000E+00
  2748    712    915 1.576074E-05 1.879041E-05 1.701773E-05 3.153907E-14 0.000000E+00
  2749    549   5734 2.223155E-05 6.909078E-06 1.435285E-05 1.486356E-15 0.000000E+00
  2750    549   1735 2.695818E-05 2.493238E-05 2.555804E-05 1.031248E-14 0.000000E+00
  2751    360   2034 4.214769E-05 3.013909E-05 3.560394E-05 4.650172E-15 0.000000E+00
  2752     22   2034 7.870613E-05 1.315557E-05 4.524531E-05 6.879707E-15 0.000000E+00
  2753   3144   6559 1.645969E-05 1.460036E-05 1.529823E-05 4.444914E-15 0.000000E+00
  2754   3227   3566 1.485283E-05 1.189082E-05 1.317225E-05 2.215379E-15 0.000000E+00
  2755    434   2000 3.783305E-05 1.533358E-05 2.618655E-05 3.114271E-15 0.000000E+00
  2756   6185   6202 1.183562E-05 1.096113E-05 1.122825E-05 1.585447E-15 0.000000E+00
  2757    245   1204 3.176373E-05 2.292322E-05 2.693536E-05 1.895458E-14 0.000000E+00
  2758   2034   2039 2.528765E-05 6.169870E-06 1.549400E-05 2.165834E-15 0.000000E+00
  2759   1361   2757 1.326757E-05 7.840633E-06 1.039658E-05 4.522770E-15 0.000000E+00
  2760   2679   4653 1.548299E-05 8.473603E-06 1.179951E-05 2.519728E-15 0.000000E+00
  2761   4657   4659 8.456420E-06 6.983398E-06 7.604687E-06 9.696707E-16 0.000000E+00
  2762   1140   6501 3.821556E-05 2.627436E-06 2.011670E-05 2.838233E-15 0.000000E+00
  2763      4   2212 6.715619E-05 1.346251E-06 3.374001E-05 7.803372E-14 0.000000E+00
  2764   1345   1346 2.169314E-05 8.661395E-06 1.495074E-05 5.832180E-15 0.000000E+00
  2765   2196   2650 1.678243E-05 9.963140E-06 1.317319E-05 2.809922E-15 0.000000E+00
  2766     12   3314 4.069742E-05 5.427063E-06 2.271803E-05 5.524999E-14 0.000000E+00
  2767     22   2039 7.687153E-05 4.943249E-06 4.029683E-05 1.472201E-14 0.000000E+00
  2768    414   4066 2.811325E-05 1.177434E-05 1.964613E-05 1.146618E-15 0.000000E+00
  2769     51   3920 6.576440E-05 1.328193E-05 3.893327E-05 3.822060E-16 0.000000E+00
  2770    954   1519 1.861209E-05 9.819236E-06 1.400349E-05 1.295961E-14 0.000000E+00
  2771    184   1410 5.237171E-05 3.663367E-05 4.383847E-05 4.515693E-15 0.000000E+00
  2772   2039   4571 7.970855E-06 6.467507E-06 7.111432E-06 1.585447E-15 0.000000E+00
  2773   4712   6559 9.908944E-06 1.083271E-05 1.021604E-05 1.408500E-15 0.000000E+00
  2774    601   3227 4.285766E-05 1.656664E-05 2.926868E-05 2.555118E-15 0.000000E+00
  2775   2364   2589 3.317547E-05 9.454086E-06 2.099665E-05 3.100115E-15 0.000000E+00
  2776   1622   2002 9.425520E-06 1.014553E-05 9.639473E-06 7.191134E-15 0.000000E+00
  2777   2166   5370 2.115686E-05 7.309090E-06 1.402054E-05 2.972713E-16 0.000000E+00
  2778    314   1281 3.402256E-05 1.113805E-05 2.224329E-05 1.980393E-14 0.000000E+00
  2779   1410   1907 1.282266E-05 2.869149E-05 2.044727E-05 6.681526E-15 0.000000E+00
  2780   4583   6015 8.581966E-06 5.951149E-06 7.158101E-06 1.698693E-15 0.000000E+00
  2781     21   6015 8.433875E-05 1.612984E-05 4.948453E-05 3.864527E-15 0.000000E+00
  2782   2034   4571 3.166589E-05 8.709491E-06 1.988638E-05 1.698693E-16 0.000000E+00
  2783   2679   4657 1.954364E-05 1.302635E-05 1.604193E-05 1.189085E-15 0.000000E+00
  2784   3682   5289 8.558152E-06 7.756778E-06 8.035712E-06 1.500512E-15 0.000000E+00
  2785     21   1140 9.798179E-05 4.329622E-05 6.958469E-05 5.488194E-14 0.000000E+00
  2786     22   1700 9.304053E-05 1.771224E-05 5.454987E-05 9.413591E-15 0.000000E+00
  2787    974   1578 4.549302E-05 1.205504E-05 2.834457E-05 1.918108E-15 0.000000E+00
  2788   1415   3513 3.346554E-05 1.437623E-05 2.356386E-05 2.972713E-16 0.000000E+00
  2789   1345   1661 1.135295E-05 1.769448E-05 1.430695E-05 1.394344E-15 0.000000E+00
  2790    690   5275 2.684177E-05 9.433395E-06 1.786687E-05 1.047527E-15 0.000000E+00
  2791     21   3144 8.937766E-05 1.740148E-05 5.259271E-05 3.588489E-15 0.000000E+00
  2792   3056   3144 1.641513E-05 1.593836E-05 1.593530E-05 2.746221E-15 0.000000E+00
  2793   2103   2615 2.407895E-05 8.142907E-06 1.587047E-05 7.969702E-15 0.000000E+00
  2794   1622   6820 1.442795E-05 9.114188E-06 1.159538E-05 1.436811E-15 0.000000E+00
  2795    974   2948 4.276104E-05 1.621620E-05 2.904849E-05 3.454009E-15 0.000000E+00
  2796   1578   2948 1.151756E-05 7.029205E-06 9.134973E-06 3.892838E-16 0.000000E+00
  2797    416    602 1.763073E-05 1.585607E-05 1.649350E-05 1.281098E-14 0.000000E+00
  2798   2678   2679 8.044429E-06 1.799300E-05 1.282440E-05 2.717909E-15 0.000000E+00
  2799   2000   2166 1.948053E-05 1.441997E-05 1.669726E-05 2.647130E-15 0.000000E+00
  2800   2000   5370 7.956725E-06 3.972241E-06 5.875460E-06 4.338745E-15 0.000000E+00
  2801   3284   4779 1.176248E-05 1.036050E-05 1.089639E-05 1.663304E-15 0.000000E+00
  2802     12   6016 8.200994E-05 6.428166E-06 4.355907E-05 1.036203E-14 0.000000E+00
  2803    527   2868 2.394077E-05 1.819575E-05 2.075381E-05 1.118306E-15 0.000000E+00
  2804     20     68 5.560770E-05 4.572892E-05 4.991207E-05 9.858082E-14 0.000000E+00
  2805     12     68 7.540477E-05 2.475113E-05 4.933052E-05 6.963155E-13 0.000000E+00
  2806   1049   5577 2.264669E-05 1.787391E-05 1.995791E-05 2.197684E-14 0.000000E+00
  2807     22   3920 7.015268E-05 6.790058E-06 3.789717E-05 8.012169E-15 0.000000E+00
  2808    993   1661 3.074663E-05 1.954380E-05 2.476991E-05 9.059697E-16 0.000000E+00
  2809    673   1760 3.585335E-05 1.306966E-05 2.409641E-05 4.367057E-15 0.000000E+00
  2810    993   1345 3.047180E-05 1.000151E-05 1.993462E-05 2.901934E-15 0.000000E+00
  2811     21   4495 5.380590E-05 1.425160E-05 3.352086E-05 1.798491E-14 0.000000E+00
  2812    601   6506 3.218253E-05 5.150957E-06 1.838813E-05 2.993947E-15 0.000000E+00
  2813      1   1689 1.428291E-04 1.505804E-05 7.776530E-05 2.069433E-13 0.000000E+00
  2814    712   1310 1.957978E-05 2.365568E-05 2.129508E-05 2.414975E-14 0.000000E+00
  2815     20   5612 6.456194E-05 8.547636E-06 3.600919E-05 4.183032E-15 0.000000E+00
  2816   1700   5209 2.033560E-05 1.394516E-05 1.688456E-05 1.967653E-15 0.000000E+00
  2817   1700   2677 1.951014E-05 1.697809E-05 1.797182E-05 1.861485E-15 0.000000E+00
  2818   3207   4058 1.010632E-05 7.873480E-06 8.855723E-06 5.902959E-15 0.000000E+00
  2819    929   1430 1.378193E-05 1.386262E-05 1.361597E-05 1.438935E-14 0.000000E+00
  2820     21   5701 6.422556E-05 1.027725E-05 3.669541E-05 2.392326E-15 0.000000E+00
  2821    114    123 1.766596E-05 1.878085E-05 1.795141E-05 1.379551E-13 0.000000E+00
  2822   3682   5279 9.318408E-06 7.882346E-06 8.472013E-06 6.511657E-16 0.000000E+00
  2823   1894   2650 1.087265E-05 1.682222E-05 1.364076E-05 2.760376E-15 0.000000E+00
  2824   1043   2725 1.678816E-05 6.267719E-06 1.135588E-05 3.439854E-15 0.000000E+00
  2825    915   4058 2.483081E-05 5.687805E-06 1.503156E-05 9.130476E-16 0.000000E+00
  2826     20   3207 6.687544E-05 2.410910E-05 4.481328E-05 2.109211E-15 0.000000E+00
  2827     21   4066 6.967311E-05 1.847332E-05 4.341541E-05 5.959582E-15 0.000000E+00
  2828   3686   4657 9.496085E-06 1.160380E-05 1.039248E-05 1.167852E-15 0.000000E+00
  2829     21   2678 9.115353E-05 1.386202E-05 5.172408E-05 1.196163E-15 0.000000E+00
  2830    444   1821 5.470927E-05 9.844545E-06 3.179516E-05 1.196163E-15 0.000000E+00
  2831   2677   5209 1.584639E-05 1.058476E-05 1.301833E-05 1.634992E-15 0.000000E+00
  2832   1592   2002 9.379071E-06 6.550456E-06 7.845886E-06 1.882718E-15 0.000000E+00
  2833      1   6362 1.333474E-04 2.085745E-05 7.595166E-05 2.161021E-13 0.000000E+00
  2834   1095   1346 1.669524E-05 1.403757E-05 1.513705E-05 7.290225E-15 0.000000E+00
  2835     12   5612 8.131475E-05 1.037832E-05 4.516226E-05 1.465123E-14 0.000000E+00
  2836   2103   5332 2.271204E-05 8.574592E-06 1.540983E-05 1.111228E-15 0.000000E+00
  2837   3227   3638 1.605836E-05 6.853017E-06 1.128471E-05 3.326607E-16 0.000000E+00
  2838   3638   6752 4.192152E-06 3.045965E-06 3.565043E-06 2.604663E-15 0.000000E+00
  2839   1963   2000 9.493895E-06 2.069761E-05 1.487044E-05 1.762394E-15 0.000000E+00
  2840    993   1817 1.840181E-05 1.595445E-05 1.692174E-05 1.574830E-14 0.000000E+00
  2841   1140   1747 2.270164E-05 1.185417E-05 1.702002E-05 8.896905E-15 0.000000E+00
  2842      1    531 1.445871E-04 8.213125E-06 7.525981E-05 2.827970E-13 0.000000E+00
  2843   1000   2187 1.546353E-05 1.832351E-05 1.664138E-05 1.868562E-15 0.000000E+00
  2844    111   1043 4.547471E-05 1.943612E-05 3.197100E-05 2.604663E-14 0.000000E+00
  2845    111   2725 5.393408E-05 4.912847E-06 2.898431E-05 6.129451E-15 0.000000E+00
  2846   1297   2489 2.005762E-05 2.073976E-05 2.009423E-05 1.139540E-14 0.000000E+00
  2847   2727   2868 5.396059E-06 8.186119E-06 6.689729E-06 2.703753E-15 0.000000E+00
  2848   1000   1747 2.217051E-05 1.115786E-05 1.641547E-05 2.172912E-15 0.000000E+00
  2849     57     68 5.052590E-05 2.568304E-05 3.753575E-05 3.021621E-13 0.000000E+00
  2850   3686   4640 5.148420E-06 1.385383E-05 9.359315E-06 4.055630E-15 0.000000E+00
  2851     21   2437 9.878765E-05 1.316393E-05 5.514033E-05 2.144600E-14 0.000000E+00
  2852   2413   3240 7.185949E-06 5.471353E-06 6.234193E-06 3.673424E-15 0.000000E+00
  2853    531   1689 1.640399E-05 1.140133E-05 1.369516E-05 7.077888E-15 0.000000E+00
  2854   1295   1310 1.589659E-05 4.257051E-05 2.879723E-05 7.870611E-15 0.000000E+00
  2855    915   1310 3.111246E-05 2.801787E-05 2.912389E-05 1.998796E-14 0.000000E+00
  2856   1295   2156 2.333458E-05 1.773236E-05 2.022700E-05 8.118338E-15 0.000000E+00
  2857     57   1807 5.289615E-05 1.659378E-05 3.422639E-05 7.743209E-15 0.000000E+00
  2858     68   1807 4.929766E-05 1.239414E-05 3.038552E-05 1.132462E-14 0.000000E+00
  2859   5279   6444 8.303437E-06 6.043474E-06 7.066389E-06 1.486356E-15 0.000000E+00
  2860     21   1747 1.080140E-04 1.655742E-05 6.135605E-05 1.354708E-14 0.000000E+00
  2861   4779   4921 7.550095E-06 9.608085E-06 8.451044E-06 1.698693E-16 0.000000E+00
  2862   2397   4504 1.938126E-05 6.378002E-06 1.268740E-05 2.179990E-15 0.000000E+00
  2863   3799   6506 1.859454E-05 1.769289E-05 1.787291E-05 1.535902E-15 0.000000E+00
  2864   5577   6486 1.247176E-05 1.263033E-05 1.236372E-05 7.007109E-16 0.000000E+00
  2865   1689   6362 1.689553E-05 2.109997E-05 1.871420E-05 7.467172E-15 0.000000E+00
  2866     12   3207 1.012116E-04 2.535349E-05 6.233802E-05 2.645715E-14 0.000000E+00
  2867   1301   1410 1.691535E-05 1.530096E-05 1.586773E-05 6.646137E-15 0.000000E+00
  2868   2678   6591 1.152804E-05 8.073706E-06 9.654592E-06 2.852389E-15 0.000000E+00
  2869     21   6506 1.117561E-04 1.678727E-05 6.331242E-05 4.777574E-15 0.000000E+00
  2870   5320   5332 5.343502E-06 7.457975E-06 6.305205E-06 1.995964E-15 0.000000E+00
  2871   1747   2615 1.898238E-05 1.719388E-05 1.781816E-05 1.627914E-16 0.000000E+00
  2872    997   2071 1.296859E-05 1.357287E-05 1.307266E-05 4.890821E-15 0.000000E+00
  2873      4   2424 1.329848E-04 1.479993E-05 7.278950E-05 5.775557E-15 0.000000E+00
  2874      1    562 1.465000E-04 2.083651E-05 8.241950E-05 3.207557E-13 0.000000E+00
  2875   3524   4779 1.521356E-05 1.325744E-05 1.402303E-05 9.555149E-16 0.000000E+00
  2876   3340   5439 1.109024E-05 9.659054E-06 1.021980E-05 1.734083E-15 0.000000E+00
  2877   1440   3340 1.736150E-05 6.550068E-06 1.177734E-05 3.503555E-15 0.000000E+00
  2878   1440   2156 1.197039E-05 1.446474E-05 1.302029E-05 8.465154E-15 0.000000E+00
  2879   1410   5581 1.084885E-05 6.723433E-06 8.655005E-06 2.923168E-15 0.000000E+00
  2880   3144   3938 2.414338E-05 1.026226E-05 1.694606E-05 2.873623E-15 0.000000E+00
  2881     21   3799 1.106398E-04 1.558644E-05 6.217114E-05 8.550089E-15 0.000000E+00
  2882   2305   5577 3.812466E-05 2.142232E-05 2.932911E-05 3.765436E-15 0.000000E+00
  2883   3748   6506 1.847245E-05 1.484773E-05 1.641143E-05 2.831155E-16 0.000000E+00
  2884      4      5 7.267948E-05 6.122611E-05 6.595350E-05 9.387332E-12 0.000000E+00
  2885   1434   2297 1.073383E-05 6.766684E-06 8.619655E-06 5.803868E-16 0.000000E+00
  2886      1     73 1.191634E-04 1.175184E-05 6.448065E-05 8.651869E-13 0.000000E+00
  2887    760   1043 2.881191E-05 2.065755E-05 2.436555E-05 1.063807E-14 0.000000E+00
  2888   3340   5591 1.212780E-05 1.196433E-05 1.186627E-05 1.047527E-15 0.000000E+00
  2889   1440   5590 1.919245E-05 1.546497E-05 1.707007E-05 2.816999E-15 0.000000E+00
  2890   1110   1795 1.929000E-05 1.085677E-05 1.484841E-05 1.775134E-14 0.000000E+00
  2891   2489   3736 1.158249E-05 4.815272E-06 8.076508E-06 1.542980E-15 0.000000E+00
  2892   3938   6591 1.475373E-05 1.225243E-05 1.330154E-05 6.936330E-16 0.000000E+00
  2893   1049   2305 3.220314E-05 3.613620E-05 3.365967E-05 6.950486E-15 0.000000E+00
  2894    531    562 1.214762E-05 3.625185E-05 2.383855E-05 6.816006E-15 0.000000E+00
  2895   1214   4513 1.724071E-05 2.951066E-06 9.945204E-06 1.925186E-15 0.000000E+00
  2896   1214   2147 1.413304E-05 1.167617E-05 1.271200E-05 1.429733E-15 0.000000E+00
  2897     21   2378 5.393444E-05 1.089895E-05 3.193286E-05 1.447428E-14 0.000000E+00
  2898    114    444 3.142177E-05 1.612402E-05 2.341808E-05 9.114904E-14 0.000000E+00
  2899     22   5279 4.330872E-05 1.158358E-05 2.703650E-05 3.510632E-15 0.000000E+00
  2900    997   2677 1.309902E-05 7.016639E-06 9.907712E-06 6.589514E-15 0.000000E+00
  2901   1297   3736 1.768787E-05 1.047935E-05 1.387341E-05 2.583429E-15 0.000000E+00
  2902     68   2921 6.136678E-05 1.031116E-05 3.530406E-05 8.882749E-15 0.000000E+00
  2903   2292   6486 6.947990E-06 5.903346E-06 6.329763E-06 1.514668E-15 0.000000E+00
  2904    685   1817 2.112205E-05 1.264516E-05 1.663161E-05 2.123366E-15 0.000000E+00
  2905    314   2087 4.428793E-05 1.106139E-05 2.726161E-05 3.050570E-15 0.000000E+00
  2906   1410   2161 2.361435E-05 1.120008E-05 1.714741E-05 1.507590E-15 0.000000E+00
  2907     21   1893 4.054928E-05 1.102380E-05 2.540166E-05 5.117313E-15 0.000000E+00
  2908     21   3938 7.614025E-05 3.076391E-06 3.901715E-05 2.201223E-15 0.000000E+00
  2909   2031   3240 3.332391E-05 1.859661E-05 2.557279E-05 4.565238E-15 0.000000E+00
  2910   1650   1894 1.320859E-05 1.434279E-05 1.357008E-05 8.514699E-15 0.000000E+00
  2911   1705   4576 1.977593E-05 4.712651E-06 1.206154E-05 4.374135E-15 0.000000E+00
  2912   2161   5581 8.658657E-06 3.245866E-06 5.863422E-06 1.160774E-15 0.000000E+00
  2913   3674   5320 6.586399E-06 8.705000E-06 7.531584E-06 2.937324E-15 0.000000E+00
  2914   1747   2187 1.489669E-05 1.788233E-05 1.614489E-05 9.286189E-15 0.000000E+00
  2915   1295   5736 2.148229E-05 1.755013E-05 1.922492E-05 8.281129E-16 0.000000E+00
  2916   1049   3927 5.092914E-05 1.093728E-05 3.047152E-05 1.003645E-14 0.000000E+00
  2917     57   3630 5.356297E-05 1.500301E-05 3.377130E-05 6.299320E-16 0.000000E+00
  2918   2187   2677 1.268992E-05 9.239072E-06 1.080085E-05 4.650172E-15 0.000000E+00
  2919   5150   5260 9.351297E-06 9.077351E-06 9.076797E-06 2.010120E-15 0.000000E+00
  2920      2     89 1.629732E-04 4.154824E-05 1.007344E-04 7.514098E-13 0.000000E+00
  2921     89   5907 4.198297E-05 9.129074E-06 2.517459E-05 2.548040E-15 0.000000E+00
  2922      2   4109 1.843593E-04 1.270016E-05 9.705912E-05 2.451073E-14 0.000000E+00
  2923      4   2427 1.202091E-04 7.489219E-06 6.289618E-05 8.599634E-15 0.000000E+00
  2924   4689   4718 6.597491E-06 6.155778E-06 6.281461E-06 1.819017E-15 0.000000E+00
  2925    111    760 4.233595E-05 3.375983E-05 3.748001E-05 4.241070E-14 0.000000E+00
  2926   2130   5623 3.304460E-05 1.562337E-05 2.397079E-05 6.320554E-15 0.000000E+00
  2927     12   2130 9.990679E-05 3.192428E-05 6.493172E-05 1.617297E-14 0.000000E+00
  2928      2    631 1.894707E-04 2.731074E-05 1.067730E-04 8.603881E-14 0.000000E+00
  2929     22    997 8.315842E-05 1.345268E-05 4.758458E-05 8.620868E-15 0.000000E+00
  2930      1   3676 1.098436E-04 1.746240E-05 6.270294E-05 2.836393E-13 0.000000E+00
  2931    111   4921 4.076234E-05 1.921971E-05 2.954340E-05 3.454009E-15 0.000000E+00
  2932   3207   5730 2.561251E-05 4.455545E-06 1.480964E-05 2.137522E-15 0.000000E+00
  2933   4900   5623 1.227555E-05 1.697338E-05 1.440619E-05 3.255828E-16 0.000000E+00
  2934   1893   2378 9.085367E-06 4.836489E-06 6.857033E-06 2.335703E-15 0.000000E+00
  2935     21   3635 1.120005E-04 2.598588E-06 5.644434E-05 9.130476E-15 0.000000E+00
  2936    685    993 1.874323E-05 1.681875E-05 1.751560E-05 1.978270E-14 0.000000E+00
  2937   1440   5591 2.838725E-05 4.260221E-06 1.608010E-05 2.555118E-15 0.000000E+00
  2938   5730   5736 1.109476E-05 1.114133E-05 1.095211E-05 9.625928E-16 0.000000E+00
  2939   5731   5736 5.261558E-06 5.220490E-06 5.162800E-06 5.803868E-16 0.000000E+00
  2940      2   5907 1.883377E-04 3.915373E-06 9.469183E-05 1.027002E-14 0.000000E+00
  2941   2130   4900 2.518231E-05 1.029948E-05 1.747611E-05 2.434793E-15 0.000000E+00
  2942   2292   2786 8.468836E-06 2.662394E-05 1.728450E-05 2.024276E-15 0.000000E+00
  2943   3244   3563 1.081733E-05 9.492223E-06 1.000321E-05 4.742185E-15 0.000000E+00
  2944     73   3676 2.531852E-05 1.639139E-05 2.054369E-05 1.777258E-14 0.000000E+00
  2945   2168   2528 1.825046E-05 1.474877E-05 1.625335E-05 3.765436E-15 0.000000E+00
  2946   1297   5715 1.661083E-05 5.940153E-06 1.110720E-05 5.874647E-16 0.000000E+00
  2947   4882   4886 6.428946E-06 3.755901E-06 5.016417E-06 1.281098E-15 0.000000E+00
  2948    997   2187 2.137092E-05 1.449760E-05 1.766659E-05 3.128426E-15 0.000000E+00
  2949    954   1434 2.553684E-05 2.921896E-05 2.696927E-05 2.144600E-15 0.000000E+00
  2950   1269   4742 2.010255E-05 1.552743E-05 1.754909E-05 3.765436E-15 0.000000E+00
  2951     57   3083 4.779805E-05 8.581847E-06 2.776920E-05 1.599603E-15 0.000000E+00
  2952     22   6507 7.083277E-05 8.641551E-06 3.914407E-05 2.540962E-15 0.000000E+00
  2953   2437   5309 1.539894E-05 6.660826E-06 1.086526E-05 2.250768E-15 0.000000E+00
  2954    116    788 3.284394E-05 3.246803E-05 3.216858E-05 1.294404E-13 0.000000E+00
  2955   1782   2380 1.191251E-05 1.277249E-05 1.215828E-05 4.282122E-15 0.000000E+00
  2956    894   3520 3.224460E-05 1.093472E-05 2.126743E-05 1.429733E-15 0.000000E+00
  2957   2079   3465 1.638295E-05 1.121775E-05 1.359437E-05 4.338745E-15 0.000000E+00
  2958     89    631 3.351691E-05 2.092970E-05 2.681699E-05 3.388185E-14 0.000000E+00
  2959   3674   5264 1.674764E-05 1.057364E-05 1.345675E-05 1.274020E-16 0.000000E+00
  2960     21   2187 1.089155E-04 2.235999E-05 6.465808E-05 4.041474E-15 0.000000E+00
  2961   3244   3299 2.225896E-05 7.612992E-06 1.471305E-05 7.375159E-15 0.000000E+00
  2962      1   4907 1.857447E-04 8.030724E-06 9.544160E-05 3.204160E-14 0.000000E+00
  2963   1977   2156 2.773587E-05 3.006134E-05 2.846729E-05 1.953497E-15 0.000000E+00
  2964    973   1310 1.989262E-05 4.062429E-05 2.980683E-05 1.189085E-15 0.000000E+00
  2965     12   5719 1.058142E-04 5.257711E-06 5.470705E-05 8.153727E-15 0.000000E+00
  2966   1297   3770 2.003517E-05 6.926926E-06 1.327984E-05 8.564244E-16 0.000000E+00
  2967     89     95 2.164753E-05 2.054223E-05 2.078003E-05 1.302756E-13 0.000000E+00
  2968    631   4109 3.423669E-05 9.373213E-06 2.147950E-05 4.133487E-15 0.000000E+00
  2969   2305   2786 1.040852E-05 9.794076E-06 9.950533E-06 1.546519E-14 0.000000E+00
  2970     21    997 1.015326E-04 4.144935E-05 7.042396E-05 2.699506E-14 0.000000E+00
  2971      1   3664 1.804791E-04 1.432533E-05 9.594847E-05 1.854407E-14 0.000000E+00
  2972   1310   3510 2.841030E-05 1.053619E-05 1.918260E-05 8.932295E-15 0.000000E+00
  2973     95    247 3.405730E-05 2.156529E-05 2.739620E-05 1.862192E-14 0.000000E+00
  2974    631    822 1.799620E-05 1.697719E-05 1.722570E-05 1.798491E-14 0.000000E+00
  2975   1095   2380 1.839794E-05 1.162310E-05 1.478649E-05 1.007891E-14 0.000000E+00
  2976    894   5845 2.359443E-05 1.517929E-05 1.909750E-05 2.371092E-15 0.000000E+00
  2977    964   2130 1.978138E-05 1.775881E-05 1.848995E-05 2.171496E-14 0.000000E+00
  2978     95    631 2.993617E-05 3.042043E-05 2.972788E-05 3.609723E-16 0.000000E+00
  2979    311    822 1.847727E-05 1.283719E-05 1.542354E-05 3.833384E-14 0.000000E+00
  2980      1   1381 1.832431E-04 2.124546E-05 1.007183E-04 6.814591E-14 0.000000E+00
  2981   1440   1977 1.593627E-05 1.160403E-05 1.356463E-05 6.129451E-15 0.000000E+00
  2982   2079   2528 1.731322E-05 1.407424E-05 1.545949E-05 1.436811E-15 0.000000E+00
  2983     89    247 5.523419E-05 2.774365E-05 4.086968E-05 1.154050E-13 0.000000E+00
  2984     95    136 2.009894E-05 2.675154E-05 2.307561E-05 1.223342E-13 0.000000E+00
  2985      2    311 1.955237E-04 2.703902E-05 1.096205E-04 6.248006E-13 0.000000E+00
  2986   2655   3563 1.267518E-05 6.484691E-06 9.436950E-06 1.642070E-15 0.000000E+00
  2987      4   3283 1.696180E-04 1.007447E-05 8.850526E-05 8.578400E-15 0.000000E+00
  2988      1    322 1.698137E-04 1.078748E-05 8.895283E-05 3.705628E-13 0.000000E+00
  2989      1   4834 1.906712E-04 3.082746E-06 9.543105E-05 2.283327E-14 0.000000E+00
  2990   1310   5845 3.509135E-05 1.132993E-05 2.286421E-05 8.988918E-16 0.000000E+00
  2991    557   2156 4.525938E-05 3.548067E-05 3.976749E-05 8.776581E-16 0.000000E+00
  2992    163    247 4.605332E-05 3.073832E-05 3.782274E-05 6.730364E-14 0.000000E+00
  2993     12   1137 9.012657E-05 2.143198E-05 5.494675E-05 9.342812E-16 0.000000E+00
  2994     68   5939 4.579812E-05 4.998948E-06 2.501945E-05 9.130476E-16 0.000000E+00
  2995     21   6423 1.024226E-04 7.139949E-06 5.396363E-05 2.979791E-15 0.000000E+00
  2996   2655   3244 1.079750E-05 2.160787E-05 1.596085E-05 3.036414E-15 0.000000E+00
  2997   1381   3664 2.084784E-05 1.316176E-05 1.675100E-05 3.871605E-15 0.000000E+00
  2998    894   1440 3.207395E-05 3.162618E-05 3.137469E-05 3.284140E-15 0.000000E+00
  2999   1109   3083 1.865017E-05 9.173262E-06 1.370408E-05 8.663335E-15 0.000000E+00
  3000     57   1109 5.970809E-05 2.408077E-05 4.126914E-05 6.299320E-15 0.000000E+00
  3001    964   1137 2.938121E-05 1.313480E-05 2.094072E-05 2.389495E-14 0.000000E+00
  3002    904   2161 2.792535E-05 1.030543E-05 1.883009E-05 1.040450E-15 0.000000E+00
  3003   2655   3299 1.218617E-05 8.992702E-06 1.043138E-05 2.682520E-15 0.000000E+00
  3004      4   2636 1.378575E-04 1.105234E-05 7.334363E-05 9.010151E-15 0.000000E+00
  3005   3510   5845 1.328509E-05 6.815347E-06 9.900216E-06 4.812964E-16 0.000000E+00
  3006    557   1977 4.292858E-05 2.909072E-05 3.547219E-05 4.749263E-15 0.000000E+00
  3007   2523   3630 1.013231E-05 5.702285E-06 7.799130E-06 5.237637E-16 0.000000E+00
  3008   1405   2130 1.089859E-05 2.091961E-05 1.567165E-05 7.700742E-15 0.000000E+00
  3009      2    822 1.876563E-04 2.650820E-05 1.054840E-04 1.773719E-14 0.000000E+00
  3010     12   5939 7.618889E-05 5.429283E-06 4.020000E-05 5.626921E-15 0.000000E+00
  3011    247    332 4.619213E-05 4.220901E-05 4.354086E-05 1.394344E-15 0.000000E+00
  3012   1297   1405 2.272915E-05 1.562768E-05 1.889217E-05 2.979791E-15 0.000000E+00
  3013    551   1301 2.579695E-05 1.412003E-05 1.966060E-05 1.613758E-15 0.000000E+00
  3014     21   5264 8.594446E-05 9.320836E-06 4.692172E-05 5.591532E-16 0.000000E+00
  3015   2644   3927 1.513198E-05 1.142225E-05 1.307895E-05 5.081924E-15 0.000000E+00
  3016    878   1782 2.666321E-05 9.012624E-06 1.757168E-05 7.849378E-15 0.000000E+00
  3017   3664   5113 1.502004E-05 1.031418E-05 1.247805E-05 3.680502E-16 0.000000E+00
  3018   1109   3008 2.511675E-05 9.600140E-06 1.709936E-05 3.553100E-15 0.000000E+00
  3019      2    332 1.937896E-04 2.021212E-05 1.054038E-04 3.817176E-13 0.000000E+00
  3020    964   2864 1.834656E-05 6.719375E-06 1.234591E-05 9.625928E-16 0.000000E+00
  3021     22   5264 7.355253E-05 6.431963E-06 3.939535E-05 5.902959E-15 0.000000E+00
  3022   2281   4281 1.610459E-05 8.346192E-06 1.204292E-05 4.154720E-15 0.000000E+00
  3023   1434   2810 2.544761E-05 4.142860E-06 1.457441E-05 7.332692E-15 0.000000E+00
  3024      1   6450 1.884144E-04 8.897567E-06 9.718353E-05 8.819048E-15 0.000000E+00
  3025    894   5153 1.728688E-05 7.290313E-06 1.210519E-05 1.585447E-15 0.000000E+00
  3026   2655   6756 1.201590E-05 3.875668E-06 7.827189E-06 2.434793E-15 0.000000E+00
  3027    163    332 2.739610E-05 2.018423E-05 2.343509E-05 1.107689E-13 0.000000E+00
  3028    894   1977 3.246236E-05 2.681624E-05 2.919692E-05 4.034396E-16 0.000000E+00
  3029   3299   6756 1.912986E-05 1.084493E-05 1.476370E-05 2.222457E-15 0.000000E+00
  3030    894   5526 2.318159E-05 8.384531E-06 1.554749E-05 1.104151E-15 0.000000E+00
  3031   1977   2020 1.646826E-05 1.128735E-05 1.367067E-05 4.409524E-15 0.000000E+00
  3032   2963   3510 1.413752E-05 1.239980E-05 1.307062E-05 1.988887E-15 0.000000E+00
  3033    557    894 2.473900E-05 1.945875E-05 2.176904E-05 1.957744E-14 0.000000E+00
  3034   1109   5745 2.625946E-05 7.701874E-06 1.672722E-05 2.272002E-15 0.000000E+00
  3035      1   4254 1.905325E-04 6.667348E-06 9.712827E-05 2.291820E-14 0.000000E+00
  3036      1    678 1.828839E-04 2.339226E-05 1.015987E-04 5.253916E-14 0.000000E+00
  3037     73    678 3.868346E-05 3.625654E-05 3.691075E-05 1.415578E-15 0.000000E+00
  3038   4834   4907 7.242136E-06 1.101310E-05 8.991387E-06 8.281129E-16 0.000000E+00
  3039    973   3510 1.535997E-05 1.091487E-05 1.294134E-05 5.067768E-15 0.000000E+00
  3040    867   1185 1.395496E-05 1.001504E-05 1.180612E-05 7.297303E-15 0.000000E+00
  3041   3083   3208 1.322769E-05 1.504846E-05 1.392706E-05 9.979822E-16 0.000000E+00
  3042    904   4540 2.072282E-05 7.570369E-06 1.393545E-05 3.807904E-15 0.000000E+00
  3043      4   5350 1.328759E-04 1.320771E-05 7.195162E-05 7.120355E-15 0.000000E+00
  3044   4907   6032 1.059013E-05 2.762729E-06 6.576780E-06 4.600627E-16 0.000000E+00
  3045    973   2603 1.349344E-05 1.075427E-05 1.194290E-05 8.330674E-15 0.000000E+00
  3046     54    247 8.778484E-05 2.563356E-05 5.586280E-05 7.116109E-14 0.000000E+00
  3047   1137   2130 2.518924E-05 1.835869E-05 2.144898E-05 1.217397E-15 0.000000E+00
  3048    114    293 2.286078E-05 2.968798E-05 2.588222E-05 9.860206E-14 0.000000E+00
  3049    116   3718 4.785623E-05 4.700656E-06 2.588623E-05 4.168876E-15 0.000000E+00
  3050    116   2880 3.617784E-05 6.339844E-06 2.094155E-05 6.893863E-15 0.000000E+00
  3051    116   1906 3.255976E-05 1.422790E-05 2.304467E-05 5.299215E-14 0.000000E+00
  3052    788   1906 3.407934E-05 1.422790E-05 2.379312E-05 1.339844E-14 0.000000E+00
  3053    867   3596 1.689599E-05 6.640517E-06 1.159261E-05 2.003042E-15 0.000000E+00
  3054    116   5450 4.485777E-05 1.379056E-05 2.888649E-05 3.936721E-14 0.000000E+00
  3055    557   3492 2.507567E-05 3.709526E-06 1.417778E-05 7.113277E-15 0.000000E+00
  3056   1405   2755 1.161300E-05 9.439968E-06 1.036937E-05 4.091019E-15 0.000000E+00
  3057    551    904 1.696151E-05 1.138097E-05 1.395973E-05 2.175743E-14 0.000000E+00
  3058     12   1418 1.138630E-04 7.852051E-06 5.994920E-05 8.613790E-15 0.000000E+00
  3059   3289   3440 1.057558E-05 8.227085E-06 9.261015E-06 1.946419E-15 0.000000E+00
  3060   2737   3401 1.948823E-05 6.764480E-06 1.293044E-05 1.535902E-15 0.000000E+00
  3061   2963   5153 2.124351E-05 1.447617E-05 1.759328E-05 3.468165E-16 0.000000E+00
  3062    964   2806 2.939391E-05 1.253839E-05 2.065322E-05 2.703753E-15 0.000000E+00
  3063     12   2594 8.552289E-05 7.332101E-06 4.573455E-05 1.404961E-14 0.000000E+00
  3064    114   2698 4.454470E-05 7.276877E-06 2.552406E-05 3.404464E-15 0.000000E+00
  3065   3718   5450 6.822601E-06 1.270197E-05 9.616578E-06 2.066743E-15 0.000000E+00
  3066   1790   1959 1.872565E-05 1.797964E-05 1.807872E-05 3.326607E-16 0.000000E+00
  3067   1434   2452 3.524566E-05 1.643252E-05 2.545343E-05 8.337752E-15 0.000000E+00
  3068      1   3710 1.981035E-04 7.873505E-06 1.014514E-04 1.734083E-15 0.000000E+00
  3069   1109   3208 2.430035E-05 5.877295E-06 1.486361E-05 4.190110E-15 0.000000E+00
  3070     68   1418 7.828340E-05 1.442757E-05 4.566361E-05 2.633682E-14 0.000000E+00
  3071    964   6003 1.910808E-05 6.986644E-06 1.285262E-05 6.122373E-15 0.000000E+00
  3072     12   5877 8.506177E-05 1.537376E-05 4.946824E-05 1.483525E-14 0.000000E+00
  3073    293    551 3.304340E-05 1.372622E-05 2.303578E-05 5.016807E-14 0.000000E+00
  3074   3927   5326 2.576730E-05 1.072737E-05 1.797499E-05 3.114271E-16 0.000000E+00
  3075   2644   3319 8.440660E-06 1.016223E-05 9.162620E-06 2.314469E-15 0.000000E+00
  3076   3319   4191 9.057782E-06 4.826238E-06 6.838398E-06 1.528824E-15 0.000000E+00
  3077     73   3653 3.133447E-05 1.732248E-05 2.396536E-05 2.257846E-15 0.000000E+00
  3078   3710   6450 1.594539E-05 6.675272E-06 1.114152E-05 2.095055E-15 0.000000E+00
  3079    894   3473 1.627650E-05 9.175881E-06 1.253625E-05 2.215379E-15 0.000000E+00
  3080     54    136 5.685660E-05 3.610813E-05 4.578860E-05 2.750963E-13 0.000000E+00
  3081    557    973 2.321429E-05 1.945292E-05 2.101519E-05 2.350567E-14 0.000000E+00
  3082     89    136 3.355191E-05 4.098369E-05 3.671157E-05 7.004986E-14 0.000000E+00
  3083     68   2594 3.109482E-05 1.399265E-05 2.220726E-05 1.008599E-14 0.000000E+00
  3084      2   5618 1.651628E-04 7.575475E-06 8.508002E-05 4.946736E-14 0.000000E+00
  3085   2644   2904 6.441299E-06 6.226071E-06 6.239152E-06 1.571291E-15 0.000000E+00
  3086   6743   6756 6.017029E-06 5.764727E-06 5.802954E-06 5.662310E-16 0.000000E+00
  3087   1460   4281 1.791107E-05 1.282587E-05 1.513909E-05 7.806910E-15 0.000000E+00
  3088     73   6764 3.140059E-05 4.109594E-06 1.749009E-05 1.344799E-15 0.000000E+00
  3089    111    338 5.853306E-05 2.607017E-05 4.167024E-05 1.839260E-13 0.000000E+00
  3090    894   2963 1.682799E-05 1.444703E-05 1.540411E-05 1.215273E-14 0.000000E+00
  3091     54   3475 9.689564E-05 8.621876E-06 5.197131E-05 5.605687E-15 0.000000E+00
  3092    973   1418 2.748955E-05 1.285921E-05 1.987327E-05 1.413454E-14 0.000000E+00
  3093   2305   3593 1.511990E-05 1.302347E-05 1.386166E-05 2.116289E-15 0.000000E+00
  3094   2786   3593 9.983178E-06 1.354087E-05 1.158647E-05 6.631981E-15 0.000000E+00
  3095   2655   6743 1.658149E-05 5.944079E-06 1.109468E-05 1.309409E-15 0.000000E+00
  3096   3068   5212 9.819895E-06 1.214598E-05 1.081901E-05 2.003042E-15 0.000000E+00
  3097      4   1293 1.543817E-04 1.963029E-05 8.570741E-05 3.814274E-14 0.000000E+00
  3098   1906   2880 4.014440E-05 9.615131E-06 2.450842E-05 5.138547E-15 0.000000E+00
  3099   4637   6450 1.439483E-05 4.034192E-06 9.076980E-06 4.812964E-16 0.000000E+00
  3100    678   3710 2.876536E-05 7.408297E-06 1.781688E-05 1.210319E-15 0.000000E+00
  3101   1137   2283 1.525643E-05 1.374682E-05 1.428518E-05 9.894887E-15 0.000000E+00
  3102    144   2880 6.503968E-05 1.126719E-05 3.758398E-05 3.206283E-15 0.000000E+00
  3103      4   5337 5.292803E-05 1.556960E-06 2.683589E-05 4.341576E-14 0.000000E+00
  3104     54   2610 8.865493E-05 9.664498E-06 4.842599E-05 2.909012E-15 0.000000E+00
  3105      4    957 1.553368E-04 2.746117E-05 9.003481E-05 3.645112E-15 0.000000E+00
  3106   2880   5450 1.939446E-05 2.431777E-05 2.152990E-05 2.406482E-16 0.000000E+00
  3107      1   6496 1.899591E-04 8.811916E-06 9.790213E-05 7.318536E-15 0.000000E+00
  3108   4615   4721 1.104759E-05 1.883867E-05 1.472010E-05 2.647130E-15 0.000000E+00
  3109    867   2799 1.026749E-05 7.507868E-06 8.755030E-06 5.449974E-16 0.000000E+00
  3110    557   1418 2.646795E-05 1.341479E-05 1.964374E-05 2.208301E-15 0.000000E+00
  3111    293   2698 2.926043E-05 5.220045E-06 1.698292E-05 4.303356E-15 0.000000E+00
  3112   2655   3068 2.105875E-05 2.399524E-05 2.219077E-05 1.380188E-15 0.000000E+00
  3113   3068   3752 9.408983E-06 1.545960E-05 1.224871E-05 3.496477E-15 0.000000E+00
  3114    116    372 2.803748E-05 2.567199E-05 2.645391E-05 1.216264E-13 0.000000E+00
  3115   3653   4628 2.121216E-05 1.487917E-05 1.777633E-05 4.345823E-15 0.000000E+00
  3116   1004   4254 4.013874E-05 1.235707E-05 2.585615E-05 1.981809E-16 0.000000E+00
  3117   3710   4637 1.456009E-05 1.013952E-05 1.216548E-05 1.698693E-16 0.000000E+00
  3118    678   4628 2.221114E-05 7.962132E-06 1.486146E-05 4.487381E-15 0.000000E+00
  3119   1846   3475 1.017323E-05 8.546460E-06 9.220144E-06 1.415578E-15 0.000000E+00
  3120   2341   3444 1.202618E-05 5.163728E-06 8.466672E-06 9.555149E-16 0.000000E+00
  3121     68    557 8.775796E-05 2.553545E-05 5.580123E-05 9.944433E-15 0.000000E+00
  3122   2904   5326 8.717285E-06 9.151448E-06 8.801018E-06 2.640052E-15 0.000000E+00
  3123    144   5450 5.994926E-05 2.289897E-05 4.080584E-05 6.816006E-15 0.000000E+00
  3124    372   5450 3.350470E-05 1.922026E-05 2.596901E-05 1.035495E-14 0.000000E+00
  3125    993   2246 4.423464E-05 1.078920E-05 2.710130E-05 7.007109E-15 0.000000E+00
  3126   3653   6764 1.326834E-05 5.211812E-06 9.102166E-06 1.061683E-16 0.000000E+00
  3127     68    973 8.933461E-05 2.927094E-05 5.841766E-05 7.573340E-16 0.000000E+00
  3128   1665   2963 1.420503E-05 1.324175E-05 1.351857E-05 6.292242E-15 0.000000E+00
  3129    557   3473 4.070070E-05 5.616845E-06 2.281312E-05 4.798808E-15 0.000000E+00
  3130   2806   3575 1.383269E-05 1.124184E-05 1.235014E-05 1.217397E-15 0.000000E+00
  3131      2    136 1.994535E-04 4.573790E-05 1.207659E-04 9.562934E-14 0.000000E+00
  3132      2   2442 2.430510E-04 2.577559E-05 1.324071E-04 3.129134E-14 0.000000E+00
  3133   3319   3593 1.232462E-05 1.072252E-05 1.135158E-05 4.105175E-15 0.000000E+00
  3134     54    348 4.905920E-05 2.676590E-05 3.734669E-05 9.117028E-14 0.000000E+00
  3135     54   1846 8.465216E-05 7.923444E-06 4.559694E-05 7.799833E-15 0.000000E+00
  3136    973   2341 2.889294E-05 1.084039E-05 1.957015E-05 3.517710E-15 0.000000E+00
  3137    136    311 5.163762E-05 3.465267E-05 4.250119E-05 7.191134E-15 0.000000E+00
  3138    957   1071 1.561449E-05 1.835684E-05 1.673215E-05 1.215273E-14 0.000000E+00
  3139      4     43 1.380674E-04 4.584806E-05 9.058523E-05 1.407013E-13 0.000000E+00
  3140   1906   2420 3.829398E-05 1.467444E-05 2.608892E-05 8.819048E-15 0.000000E+00
  3141   5679   6764 1.528695E-05 1.193369E-05 1.340718E-05 1.033372E-15 0.000000E+00
  3142   2929   4675 9.609302E-06 8.872468E-06 9.102961E-06 5.874647E-16 0.000000E+00
  3143      2    133 2.266671E-04 4.953922E-05 1.360419E-04 2.092719E-13 0.000000E+00
  3144   5204   6743 7.353585E-06 6.574226E-06 6.859967E-06 6.016205E-16 0.000000E+00
  3145   1852   2246 2.825666E-05 1.002132E-05 1.885333E-05 3.036414E-15 0.000000E+00
  3146   4637   6496 9.899330E-06 6.345741E-06 8.001304E-06 1.606681E-15 0.000000E+00
  3147    678   1381 1.808156E-05 2.766504E-05 2.253191E-05 8.075870E-15 0.000000E+00
  3148    338    760 2.878128E-05 2.821171E-05 2.807118E-05 1.361078E-14 0.000000E+00
  3149    557   3644 1.741511E-05 4.548647E-06 1.081797E-05 1.323565E-15 0.000000E+00
  3150      4   1071 1.678441E-04 1.551277E-05 9.031012E-05 4.435712E-14 0.000000E+00
  3151      4   1640 1.677439E-04 8.052528E-06 8.658629E-05 9.470214E-15 0.000000E+00
  3152    799    993 1.469965E-05 4.648818E-05 3.013729E-05 2.916090E-15 0.000000E+00
  3153    116    144 2.772173E-05 2.610872E-05 2.651351E-05 1.199207E-13 0.000000E+00
  3154      4     38 1.150290E-04 5.594006E-05 8.420864E-05 1.524966E-12 0.000000E+00
  3155      1   1245 2.246221E-04 2.324886E-05 1.220857E-04 8.195487E-14 0.000000E+00
  3156      1   4804 1.781752E-04 7.601099E-06 9.150174E-05 1.867855E-14 0.000000E+00
  3157     54   5782 7.607940E-05 5.685822E-06 4.027242E-05 3.567256E-15 0.000000E+00
  3158    702   1880 2.447816E-05 7.662822E-06 1.583063E-05 4.451992E-15 0.000000E+00
  3159      2     22 1.604874E-04 6.635439E-05 1.117281E-04 2.716493E-14 0.000000E+00
  3160    293    444 4.028246E-05 3.596419E-05 3.755432E-05 3.609723E-16 0.000000E+00
  3161    144   1906 3.272915E-05 2.244706E-05 2.717634E-05 2.332164E-14 0.000000E+00
  3162     38     43 3.751090E-05 2.244637E-05 2.953120E-05 4.061363E-13 0.000000E+00
  3163   2341   3575 1.165433E-05 2.050014E-05 1.583728E-05 4.175954E-15 0.000000E+00
  3164      1   1004 1.906181E-04 2.118637E-05 1.043216E-04 4.692640E-14 0.000000E+00
  3165    163    348 7.246388E-05 3.123330E-05 5.107473E-05 2.046217E-14 0.000000E+00
  3166      4   1618 1.352906E-04 1.423012E-05 7.364451E-05 1.966945E-14 0.000000E+00
  3167   1273   5001 1.050145E-05 4.111990E-06 7.197666E-06 4.643095E-15 0.000000E+00
  3168    678   5270 1.972088E-05 4.187877E-06 1.177596E-05 4.367057E-15 0.000000E+00
  3169    111   1593 3.574944E-05 1.410387E-05 2.455461E-05 1.691615E-14 0.000000E+00
  3170    133   2442 5.566913E-05 1.768462E-05 3.612946E-05 1.442474E-14 0.000000E+00
  3171   2904   6498 1.656410E-05 8.786763E-06 1.248625E-05 1.889796E-15 0.000000E+00
  3172    116   2420 6.391320E-05 1.516488E-05 3.894891E-05 2.796474E-14 0.000000E+00
  3173      1    244 1.309635E-04 4.641425E-06 6.679046E-05 3.528256E-13 0.000000E+00
  3174    293   5712 3.077877E-05 5.812397E-06 1.802252E-05 1.620836E-15 0.000000E+00
  3175   3319   5310 1.857208E-05 6.869326E-06 1.253084E-05 1.762394E-15 0.000000E+00
  3176    878   2049 1.751410E-05 7.214809E-06 1.217991E-05 5.478285E-15 0.000000E+00
  3177   1667   5270 1.138637E-05 1.362555E-05 1.231931E-05 1.344799E-15 0.000000E+00
  3178    116   5019 4.151862E-05 7.663570E-06 2.422407E-05 6.256853E-15 0.000000E+00
  3179   1539   6287 1.847463E-05 6.913445E-06 1.250458E-05 6.228541E-16 0.000000E+00
  3180    111   2869 6.132498E-05 1.778106E-05 3.896268E-05 2.456027E-15 0.000000E+00
  3181   5310   6498 9.491081E-06 8.362589E-06 8.793598E-06 1.479279E-15 0.000000E+00
  3182   5204   5210 7.931834E-06 1.720103E-05 1.237888E-05 4.317512E-16 0.000000E+00
  3183      1   4348 2.308070E-04 8.147117E-06 1.176938E-04 5.039456E-15 0.000000E+00
  3184    799   2246 1.746449E-05 1.220418E-05 1.461293E-05 7.290225E-15 0.000000E+00
  3185    116   3957 5.280246E-05 1.747572E-05 3.461463E-05 4.742185E-16 0.000000E+00
  3186   1667   3653 1.226228E-05 2.189095E-05 1.682174E-05 4.678484E-15 0.000000E+00
  3187   1004   5270 1.461618E-05 3.468763E-06 8.907512E-06 2.993947E-15 0.000000E+00
  3188   2566   2869 2.105418E-05 9.704738E-07 1.084796E-05 5.895881E-15 0.000000E+00
  3189   2442   4869 1.795069E-05 8.272711E-06 1.291600E-05 3.680502E-15 0.000000E+00
  3190   3653   5679 1.740841E-05 7.221476E-06 1.213114E-05 2.272002E-15 0.000000E+00
  3191    678   3653 1.609647E-05 1.928181E-05 1.742513E-05 2.300314E-15 0.000000E+00
  3192      2    163 2.097416E-04 5.038332E-05 1.281212E-04 3.919734E-13 0.000000E+00
  3193    904   3266 2.738559E-05 1.009246E-05 1.845934E-05 7.644119E-16 0.000000E+00
  3194    678   1004 1.887527E-05 1.202245E-05 1.521828E-05 7.502561E-15 0.000000E+00
  3195   1840   2008 1.375095E-05 1.445785E-05 1.389389E-05 7.622885E-15 0.000000E+00
  3196   1460   4455 2.277889E-05 7.044223E-06 1.468899E-05 1.486356E-15 0.000000E+00
  3197      1   5638 1.945153E-04 9.174569E-06 1.003248E-04 4.204973E-14 0.000000E+00
  3198      1   3653 1.844113E-04 2.104089E-05 1.011928E-04 1.078458E-13 0.000000E+00
  3199   3957   5019 1.065898E-05 4.640134E-06 7.535382E-06 1.295254E-15 0.000000E+00
  3200   2213   5638 1.729078E-05 7.951768E-06 1.243290E-05 3.142582E-15 0.000000E+00
  3201    144   2420 2.329003E-05 1.671945E-05 1.970616E-05 9.555149E-16 0.000000E+00
  3202   1460   4442 1.452768E-05 9.331951E-06 1.175176E-05 3.192127E-15 0.000000E+00
  3203      1   5458 1.550452E-04 1.771634E-06 7.723813E-05 5.771310E-14 0.000000E+00
  3204      1   5679 1.690774E-04 8.353496E-06 8.739132E-05 8.507621E-15 0.000000E+00
  3205    144    943 2.261194E-05 1.292294E-05 1.750225E-05 6.067873E-14 0.000000E+00
  3206   1906   5071 3.938763E-05 1.075559E-05 2.469741E-05 5.754323E-15 0.000000E+00
  3207   2558   5019 1.456274E-05 6.971413E-06 1.060637E-05 6.936330E-16 0.000000E+00
  3208      1   1691 2.078721E-04 9.187679E-06 1.069100E-04 4.139149E-14 0.000000E+00
  3209      1   5160 2.368987E-04 1.064015E-05 1.219221E-04 1.858653E-14 0.000000E+00
  3210   2049   4455 1.265308E-05 8.566539E-06 1.045146E-05 1.288176E-15 0.000000E+00
  3211    702   3642 1.823825E-05 9.635387E-06 1.372881E-05 5.874647E-16 0.000000E+00
  3212   1508   6411 1.314611E-05 2.281780E-06 7.598813E-06 9.413591E-16 0.000000E+00
  3213   3567   3615 6.827577E-06 6.019989E-06 6.327905E-06 1.741160E-15 0.000000E+00
  3214   1004   1667 8.718278E-06 1.782353E-05 1.307283E-05 5.591532E-16 0.000000E+00
  3215   2947   4339 8.824665E-06 9.947962E-06 9.246219E-06 4.197188E-15 0.000000E+00
  3216    111   2947 4.292466E-05 1.308940E-05 2.758901E-05 3.337224E-14 0.000000E+00
  3217    348   5836 3.396226E-05 4.677099E-06 1.903133E-05 5.166858E-15 0.000000E+00
  3218    163   3670 4.413470E-05 9.621045E-06 2.647671E-05 3.836215E-15 0.000000E+00
  3219    128    133 5.083568E-05 2.366909E-05 3.669638E-05 1.672434E-13 0.000000E+00
  3220   6825   6826 1.059992E-05 9.640685E-06 9.969252E-06 1.521746E-15 0.000000E+00
  3221   3379   4721 2.101598E-05 2.699615E-05 2.364777E-05 1.266942E-15 0.000000E+00
  3222    163   3983 4.346892E-05 1.133762E-05 2.699427E-05 3.984851E-15 0.000000E+00
  3223   3567   6411 7.087388E-06 6.134250E-06 6.512150E-06 8.988918E-16 0.000000E+00
  3224      1   5784 1.853062E-04 6.633852E-06 9.453766E-05 2.298898E-14 0.000000E+00
  3225   2420   3796 1.137730E-05 2.369267E-05 1.727327E-05 6.271009E-15 0.000000E+00
  3226   2205   3567 1.185483E-05 1.019328E-05 1.085952E-05 8.493466E-16 0.000000E+00
  3227    338   2947 4.593245E-05 1.557090E-05 3.029270E-05 8.408531E-15 0.000000E+00
  3228   3796   5071 2.565795E-05 6.086396E-06 1.563527E-05 1.104151E-15 0.000000E+00
  3229    116   3796 6.647067E-05 2.458687E-05 4.484924E-05 1.398591E-14 0.000000E+00
  3230      1   2517 2.224895E-04 4.492724E-06 1.117972E-04 4.381920E-14 0.000000E+00
  3231      1   2213 2.109740E-04 1.464693E-05 1.111267E-04 5.295676E-14 0.000000E+00
  3232   1052   2566 1.684853E-05 2.201929E-05 1.914385E-05 3.850371E-15 0.000000E+00
  3233    163    340 4.340376E-05 3.101384E-05 3.665344E-05 3.060479E-14 0.000000E+00
  3234    293   2976 3.283961E-05 4.835085E-06 1.855619E-05 1.322857E-14 0.000000E+00
  3235   5426   6825 5.021722E-06 3.117443E-06 4.008843E-06 2.279080E-15 0.000000E+00
  3236    943   1906 3.443166E-05 4.656974E-05 3.989621E-05 1.305870E-14 0.000000E+00
  3237     18     43 2.729145E-05 3.583138E-05 3.109035E-05 5.353290E-13 0.000000E+00
  3238    338   5501 2.230623E-05 9.931232E-06 1.587815E-05 7.417627E-15 0.000000E+00
  3239      2   3670 1.901998E-04 4.162924E-06 9.573087E-05 1.918815E-14 0.000000E+00
  3240    128    311 6.493198E-05 4.422111E-05 5.376197E-05 1.741160E-15 0.000000E+00
  3241    131    133 2.761313E-05 1.576608E-05 2.136588E-05 8.669705E-14 0.000000E+00
  3242    293    902 5.413365E-05 2.701385E-05 3.996817E-05 5.924192E-15 0.000000E+00
  3243      1   5624 2.169758E-04 1.234744E-05 1.129503E-04 1.661180E-14 0.000000E+00
  3244      1   1508 2.164628E-04 2.042679E-05 1.166769E-04 5.485363E-14 0.000000E+00
  3245   4442   6294 8.418762E-06 2.964962E-06 5.606909E-06 2.123366E-15 0.000000E+00
  3246    799   4447 2.833807E-05 7.495079E-06 1.764916E-05 1.939341E-15 0.000000E+00
  3247   3379   4274 2.282742E-05 9.913832E-06 1.612629E-05 1.882718E-15 0.000000E+00
  3248   5301   6514 9.203253E-06 7.099837E-06 8.029880E-06 7.431782E-16 0.000000E+00
  3249   5430   6826 1.883936E-05 2.234456E-05 2.028462E-05 8.564244E-16 0.000000E+00
  3250    116    943 3.509855E-05 2.026340E-05 2.726783E-05 2.996778E-14 0.000000E+00
  3251   1508   3615 2.182453E-05 4.738555E-06 1.308331E-05 8.705802E-16 0.000000E+00
  3252    783   1367 1.305225E-05 1.590318E-05 1.426163E-05 9.710862E-15 0.000000E+00
  3253    111   1052 6.459466E-05 1.817185E-05 4.076559E-05 1.759563E-14 0.000000E+00
  3254     54   3850 3.759561E-05 1.222271E-05 2.453738E-05 1.402837E-14 0.000000E+00
  3255   3981   5071 1.108875E-05 1.075853E-05 1.076060E-05 1.493434E-15 0.000000E+00
  3256   1245   2205 1.033633E-05 6.736501E-06 8.409005E-06 2.236613E-15 0.000000E+00
  3257   2205   3615 1.338006E-05 5.209638E-06 9.156121E-06 5.591532E-16 0.000000E+00
  3258    128   2442 5.684288E-05 1.457315E-05 3.517506E-05 7.438860E-15 0.000000E+00
  3259      5    260 8.381899E-05 2.126656E-05 5.175855E-05 1.150298E-13 0.000000E+00
  3260   3089   5424 8.830389E-06 8.512039E-06 8.541793E-06 2.102133E-15 0.000000E+00
  3261      2    128 1.835739E-04 3.284687E-05 1.065953E-04 7.314148E-13 0.000000E+00
  3262    943   5071 4.400847E-05 1.705824E-05 3.007763E-05 1.132462E-16 0.000000E+00
  3263   2558   5512 1.846982E-05 9.659298E-06 1.385464E-05 3.906994E-15 0.000000E+00
  3264    144   3796 2.032953E-05 2.101883E-05 2.036561E-05 4.812964E-16 0.000000E+00
  3265   1508   2205 1.855296E-05 1.228701E-05 1.518984E-05 5.181014E-15 0.000000E+00
  3266    845   1852 2.019924E-05 1.800101E-05 1.881505E-05 6.624903E-15 0.000000E+00
  3267      4   6798 1.171246E-04 6.584157E-06 6.093118E-05 7.268991E-15 0.000000E+00
  3268     48     62 6.710104E-05 3.737593E-05 5.145881E-05 2.604450E-13 0.000000E+00
  3269    260   1400 2.208406E-05 1.765561E-05 1.957327E-05 1.018508E-14 0.000000E+00
  3270    116   6224 4.346352E-05 8.112699E-06 2.540321E-05 3.510632E-15 0.000000E+00
  3271     61     62 5.334166E-05 4.606633E-05 4.896214E-05 1.491099E-13 0.000000E+00
  3272     62    154 3.927506E-05 3.330378E-05 3.574778E-05 1.506387E-13 0.000000E+00
  3273      1   3042 2.140407E-04 5.202249E-06 1.079854E-04 2.277664E-14 0.000000E+00
  3274      1   2321 2.131702E-04 9.258999E-06 1.095547E-04 3.172309E-14 0.000000E+00
  3275   1565   1852 1.046657E-05 1.263992E-05 1.138080E-05 1.126800E-14 0.000000E+00
  3276    902   2976 1.651269E-05 1.249317E-05 1.428647E-05 4.919132E-15 0.000000E+00
  3277      4    260 1.374744E-04 2.417852E-05 7.962010E-05 1.790706E-14 0.000000E+00
  3278   5426   6826 2.543594E-05 1.867953E-05 2.172851E-05 9.342812E-16 0.000000E+00
  3279   3796   3981 2.050606E-05 9.125087E-06 1.459445E-05 3.262906E-15 0.000000E+00
  3280   2238   2640 1.080184E-05 1.065121E-05 1.056643E-05 5.287182E-15 0.000000E+00
  3281    340   3983 3.771726E-05 1.389721E-05 2.542206E-05 1.231553E-15 0.000000E+00
  3282    293   1499 3.564974E-05 1.710800E-05 2.598515E-05 1.148033E-14 0.000000E+00
  3283   1983   6775 1.423358E-05 1.235423E-05 1.309549E-05 1.847329E-15 0.000000E+00
  3284      4   2003 1.410897E-04 6.160358E-06 7.252613E-05 5.237637E-16 0.000000E+00
  3285    943   3981 4.488296E-05 5.373877E-06 2.475337E-05 4.522770E-15 0.000000E+00
  3286     62     72 4.270241E-05 5.020772E-05 4.576170E-05 4.854723E-14 0.000000E+00
  3287     62     63 4.555146E-05 6.756898E-05 5.571604E-05 1.378773E-14 0.000000E+00
  3288     61     63 5.741843E-05 4.747673E-05 5.166478E-05 2.258200E-13 0.000000E+00
  3289      1   1230 2.087578E-04 2.035536E-05 1.128468E-04 2.395157E-14 0.000000E+00
  3290     48     72 3.874479E-05 5.117967E-05 4.429115E-05 3.464839E-13 0.000000E+00
  3291     61    154 3.097283E-05 1.748964E-05 2.386957E-05 1.412322E-13 0.000000E+00
  3292    163    412 5.631727E-05 2.082737E-05 3.799661E-05 4.052799E-14 0.000000E+00
  3293    133   2410 3.903780E-05 1.584508E-05 2.703186E-05 8.493466E-15 0.000000E+00
  3294   1930   5198 1.249563E-05 1.526739E-05 1.367433E-05 6.249775E-15 0.000000E+00
  3295    845   1787 2.184674E-05 2.556570E-05 2.335239E-05 7.948468E-15 0.000000E+00
  3296   1736   2874 1.539630E-05 1.152682E-05 1.326064E-05 2.264924E-16 0.000000E+00
  3297     62    180 4.349653E-05 2.516247E-05 3.381712E-05 1.135930E-13 0.000000E+00
  3298    340   3850 3.082321E-05 9.580331E-06 1.990025E-05 3.354919E-15 0.000000E+00
  3299      2    340 1.587161E-04 2.144105E-05 8.873411E-05 3.414939E-13 0.000000E+00
  3300   2405   3681 1.434349E-05 1.690643E-05 1.539175E-05 1.132462E-15 0.000000E+00
  3301   2405   2795 2.389163E-05 1.052304E-05 1.695051E-05 3.538944E-16 0.000000E+00
  3302    943   5512 4.817085E-05 3.422002E-05 4.058058E-05 1.542980E-15 0.000000E+00
  3303    943   6224 3.735110E-05 1.675936E-05 2.665142E-05 1.734083E-15 0.000000E+00
  3304     63     72 3.830806E-05 2.186701E-05 2.963847E-05 1.936864E-13 0.000000E+00
  3305      1   1749 1.956052E-04 1.204638E-05 1.022761E-04 5.394766E-14 0.000000E+00
  3306   2947   4915 1.842971E-05 4.854375E-06 1.146828E-05 7.927235E-16 0.000000E+00
  3307    563   1236 4.543742E-05 1.819094E-05 3.133934E-05 1.005060E-14 0.000000E+00
  3308   1236   2903 1.766416E-05 8.349457E-06 1.281268E-05 6.235619E-15 0.000000E+00
  3309   1895   2903 7.325710E-06 1.051890E-05 8.789134E-06 4.671406E-16 0.000000E+00
  3310      2    131 2.453179E-04 3.601785E-05 1.385684E-04 1.775134E-13 0.000000E+00
  3311    943   3796 4.176653E-05 1.498535E-05 2.795242E-05 1.035495E-14 0.000000E+00
  3312    340    412 3.027991E-05 2.267308E-05 2.608132E-05 1.247124E-14 0.000000E+00
  3313      2     54 1.673793E-04 5.310857E-05 1.085985E-04 8.841344E-13 0.000000E+00
  3314    792   2164 2.350738E-05 1.690175E-05 1.990301E-05 1.191916E-14 0.000000E+00
  3315   1344   2131 1.658886E-05 9.350669E-06 1.277618E-05 1.748238E-15 0.000000E+00
  3316      2     15 2.119662E-04 8.256859E-05 1.450694E-04 2.018076E-12 0.000000E+00
  3317     82    154 5.504568E-05 1.976033E-05 3.684475E-05 1.030611E-13 0.000000E+00
  3318   3706   3850 1.384888E-05 1.024584E-05 1.186755E-05 9.767485E-16 0.000000E+00
  3319    491   2487 1.223301E-05 1.038321E-05 1.113933E-05 6.511657E-15 0.000000E+00
  3320     62     82 7.017792E-05 3.211654E-05 5.038384E-05 1.552464E-13 0.000000E+00
  3321     61     71 4.943696E-05 3.758555E-05 4.286183E-05 1.985631E-13 0.000000E+00
  3322   1230   2321 1.631377E-05 1.006847E-05 1.299424E-05 2.965635E-15 0.000000E+00
  3323      1   5564 2.077849E-04 2.741017E-05 1.158424E-04 5.200124E-14 0.000000E+00
  3324    157    180 2.848535E-05 2.998287E-05 2.879778E-05 3.352088E-14 0.000000E+00
  3325     61    129 3.557592E-05 3.658799E-05 3.554342E-05 2.029938E-13 0.000000E+00
  3326      1   6383 1.886832E-04 8.878184E-06 9.730637E-05 1.549350E-14 0.000000E+00
  3327   1787   1852 2.164426E-05 2.865526E-05 2.477439E-05 1.464415E-14 0.000000E+00
  3328      5   2487 8.854382E-05 8.802901E-06 4.794689E-05 7.134511E-15 0.000000E+00
  3329    340   3706 3.417909E-05 5.549471E-06 1.956780E-05 2.668364E-15 0.000000E+00
  3330    537    563 1.593656E-05 1.700066E-05 1.622281E-05 4.992742E-14 0.000000E+00
  3331   2899   3695 7.532635E-06 6.362568E-06 6.843906E-06 5.888803E-15 0.000000E+00
  3332   2405   3429 6.808979E-06 4.515461E-06 5.577709E-06 2.456027E-15 0.000000E+00
  3333      1   3592 2.006641E-04 3.706939E-06 1.006603E-04 1.081501E-14 0.000000E+00
  3334   1499   2999 2.618122E-05 1.078755E-05 1.820850E-05 1.323565E-15 0.000000E+00
  3335      5    491 9.411242E-05 2.125569E-05 5.682310E-05 7.118232E-14 0.000000E+00
  3336      5    780 1.522719E-04 9.217536E-06 7.953959E-05 4.420141E-14 0.000000E+00
  3337     45     56 4.488202E-05 4.429842E-05 4.392469E-05 3.361289E-13 0.000000E+00
  3338     63    129 3.249986E-05 4.678479E-05 3.905065E-05 6.120958E-14 0.000000E+00
  3339     61     97 5.004606E-05 4.522155E-05 4.692285E-05 2.245106E-14 0.000000E+00
  3340     71     97 3.359187E-05 4.108244E-05 3.677988E-05 1.730685E-13 0.000000E+00
  3341      1   2852 2.019693E-04 1.249808E-05 1.056332E-04 3.479490E-14 0.000000E+00
  3342    791    792 2.763915E-05 2.913170E-05 2.796176E-05 9.824109E-15 0.000000E+00
  3343   2756   5196 1.411277E-05 4.734846E-06 9.283155E-06 2.477261E-15 0.000000E+00
  3344     71    129 4.559047E-05 2.483060E-05 3.468501E-05 1.634709E-13 0.000000E+00
  3345      1     66 1.942039E-04 3.507103E-05 1.129264E-04 3.936721E-14 0.000000E+00
  3346   1563   1565 2.392788E-05 1.685426E-05 2.008673E-05 4.338745E-15 0.000000E+00
  3347    563   1895 3.388045E-05 1.663000E-05 2.487828E-05 6.214386E-15 0.000000E+00
  3348   3429   3681 1.595000E-05 2.673348E-05 2.102321E-05 1.061683E-15 0.000000E+00
  3349    132    157 2.360509E-05 1.573589E-05 1.937690E-05 1.146193E-13 0.000000E+00
  3350     82    180 4.806041E-05 3.483536E-05 4.082926E-05 4.748555E-14 0.000000E+00
  3351      1   3802 2.008712E-04 1.187436E-05 1.047851E-04 1.251371E-14 0.000000E+00
  3352    783   5271 1.511715E-05 1.025403E-05 1.249625E-05 1.896874E-15 0.000000E+00
  3353   1097   2131 1.807495E-05 1.978289E-05 1.864640E-05 8.351908E-15 0.000000E+00
  3354    440    791 1.532845E-05 1.259062E-05 1.375118E-05 4.534095E-14 0.000000E+00
  3355   1981   3695 1.258941E-05 3.502626E-05 2.345249E-05 2.272002E-15 0.000000E+00
  3356    260   1146 1.999835E-05 1.115564E-05 1.534450E-05 1.693031E-14 0.000000E+00
  3357     62    157 6.884862E-05 2.512713E-05 4.628656E-05 2.308099E-14 0.000000E+00
  3358     82     97 5.154098E-05 2.637763E-05 3.837782E-05 1.267508E-13 0.000000E+00
  3359     97    154 4.628190E-05 3.734221E-05 4.118799E-05 1.496266E-14 0.000000E+00
  3360   1143   4585 1.373112E-05 5.672153E-06 9.556835E-06 2.838233E-15 0.000000E+00
  3361    119    180 3.363650E-05 2.816846E-05 3.044125E-05 1.074990E-13 0.000000E+00
  3362     71     84 5.844163E-05 3.051166E-05 4.381281E-05 2.174044E-13 0.000000E+00
  3363     71    154 5.603125E-05 3.689828E-05 4.577126E-05 1.591109E-14 0.000000E+00
  3364   3802   5564 1.284595E-05 1.953121E-05 1.594696E-05 2.597585E-15 0.000000E+00
  3365   5028   6217 9.270539E-06 9.483732E-06 9.237178E-06 8.422687E-16 0.000000E+00
  3366   1353   3812 3.118204E-05 1.262045E-05 2.157436E-05 4.614783E-15 0.000000E+00
  3367     54   3706 3.220097E-05 5.581400E-06 1.860923E-05 9.010151E-15 0.000000E+00
  3368      2   3706 1.827508E-04 1.234571E-05 9.609230E-05 8.734114E-15 0.000000E+00
  3369    537   1321 1.713327E-05 1.037235E-05 1.354754E-05 1.587570E-14 0.000000E+00
  3370   1457   3681 1.368101E-05 2.837575E-05 2.071452E-05 1.366032E-15 0.000000E+00
  3371   1457   3429 1.275477E-05 1.008491E-05 1.124939E-05 3.163816E-15 0.000000E+00
  3372   3024   5198 1.295517E-05 5.283431E-06 8.983191E-06 3.991929E-15 0.000000E+00
  3373    132    208 4.155067E-05 1.618208E-05 2.843553E-05 9.917537E-14 0.000000E+00
  3374    132    180 4.435189E-05 3.647194E-05 3.980875E-05 2.399404E-14 0.000000E+00
  3375     18   1240 5.676231E-05 1.782024E-05 3.673469E-05 9.696707E-16 0.000000E+00
  3376    170    412 2.908261E-05 1.489470E-05 2.166046E-05 3.737833E-14 0.000000E+00
  3377    170    340 4.194432E-05 2.448983E-05 3.272129E-05 1.087871E-14 0.000000E+00
  3378   1146   1400 1.674356E-05 2.333300E-05 1.973920E-05 3.130550E-14 0.000000E+00
  3379     48    208 4.976771E-05 2.766930E-05 3.814061E-05 6.788402E-14 0.000000E+00
  3380   1598   2377 1.392045E-05 1.427422E-05 1.388693E-05 4.168876E-15 0.000000E+00
  3381     15    131 7.307356E-05 3.086811E-05 5.119515E-05 6.719747E-14 0.000000E+00
  3382     62    208 6.680411E-05 4.794774E-05 5.651957E-05 3.928228E-15 0.000000E+00
  3383     62    597 6.299528E-05 2.183253E-05 4.178086E-05 2.714370E-14 0.000000E+00
  3384     62    401 2.958435E-05 4.587994E-05 3.716898E-05 2.703045E-14 0.000000E+00
  3385   1563   6285 2.515909E-05 5.190365E-06 1.494824E-05 3.192127E-15 0.000000E+00
  3386    792   1182 2.918332E-05 1.994129E-05 2.419570E-05 1.499804E-14 0.000000E+00
  3387    792   2819 1.719032E-05 1.048370E-05 1.363049E-05 1.564213E-15 0.000000E+00
  3388   1321   1347 1.918036E-05 2.311803E-05 2.083354E-05 2.760376E-15 0.000000E+00
  3389   1223   1350 1.537414E-05 7.932438E-06 1.147936E-05 4.565238E-15 0.000000E+00
  3390      2      6 1.472359E-04 4.863244E-05 9.647249E-05 9.306184E-12 0.000000E+00
  3391   2756   6762 1.741278E-05 6.884893E-06 1.196751E-05 2.017198E-15 0.000000E+00
  3392     84    145 2.101965E-05 1.974388E-05 2.007756E-05 8.957067E-14 0.000000E+00
  3393     66     84 3.124588E-05 1.674773E-05 2.363864E-05 1.415294E-13 0.000000E+00
  3394   1142   1321 1.681840E-05 2.167511E-05 1.895949E-05 8.337752E-15 0.000000E+00
  3395    440   2513 3.742068E-05 1.081213E-05 2.375646E-05 7.622885E-15 0.000000E+00
  3396    537   1347 3.041773E-05 2.831662E-05 2.892886E-05 2.739143E-14 0.000000E+00
  3397   1528   5708 2.315836E-05 5.647988E-06 1.418820E-05 2.809922E-15 0.000000E+00
  3398    157   1176 2.627980E-05 1.217726E-05 1.894154E-05 2.824077E-15 0.000000E+00
  3399     82    119 5.351208E-05 4.311134E-05 4.759064E-05 5.760693E-14 0.000000E+00
  3400     66     71 5.364038E-05 6.474223E-05 5.830785E-05 9.738466E-14 0.000000E+00
  3401    440    768 3.919970E-05 1.332707E-05 2.587139E-05 2.168665E-14 0.000000E+00
  3402   1274   1981 1.313476E-05 1.227616E-05 1.251583E-05 5.697700E-15 0.000000E+00
  3403     91    131 2.122329E-05 1.627995E-05 1.847175E-05 9.753330E-14 0.000000E+00
  3404   3909   4262 1.813159E-05 7.216151E-06 1.248471E-05 1.727005E-15 0.000000E+00
  3405    208    597 4.310395E-05 2.773944E-05 3.489301E-05 2.359768E-14 0.000000E+00
  3406     62   1176 5.647718E-05 1.064806E-05 3.306168E-05 8.833204E-15 0.000000E+00
  3407    119    132 4.892356E-05 3.212683E-05 3.992034E-05 1.877197E-13 0.000000E+00
  3408   2885   4500 1.411146E-05 7.463157E-06 1.062630E-05 5.166858E-16 0.000000E+00
  3409   1123   1528 2.676375E-05 2.137779E-05 2.371151E-05 1.627206E-14 0.000000E+00
  3410   1146   1924 1.506362E-05 7.135239E-06 1.093376E-05 8.302363E-15 0.000000E+00
  3411     66    103 2.626076E-05 3.112105E-05 2.826268E-05 2.015924E-13 0.000000E+00
  3412      2   5750 1.313363E-04 1.089683E-06 6.522473E-05 2.790811E-14 0.000000E+00
  3413    876   1038 1.869326E-05 1.919924E-05 1.866347E-05 1.059560E-14 0.000000E+00
  3414   1223   3558 1.745147E-05 4.630790E-06 1.087634E-05 1.606681E-15 0.000000E+00
  3415   1025   3558 1.625476E-05 5.485662E-06 1.070797E-05 4.883743E-16 0.000000E+00
  3416   1123   2181 3.181807E-05 2.645587E-05 2.870209E-05 1.415578E-15 0.000000E+00
  3417    103    120 6.196073E-05 8.914951E-05 7.442743E-05 8.020663E-14 0.000000E+00
  3418      2   5699 1.268477E-04 4.184097E-07 6.268333E-05 2.769578E-14 0.000000E+00
  3419    529    791 3.003723E-05 1.844872E-05 2.388114E-05 1.276851E-14 0.000000E+00
  3420   1285   2513 2.407777E-05 5.916829E-06 1.477346E-05 2.498494E-15 0.000000E+00
  3421    876   1528 2.992257E-05 1.898799E-05 2.409028E-05 7.361004E-16 0.000000E+00
  3422    131   1553 3.051540E-05 1.035172E-05 2.012858E-05 4.317512E-15 0.000000E+00
  3423    824   1123 2.704872E-05 2.901654E-05 2.761424E-05 4.374135E-15 0.000000E+00
  3424      5   1146 9.786536E-05 1.280522E-05 5.450939E-05 1.455214E-14 0.000000E+00
  3425   2756   3491 1.069055E-05 1.278944E-05 1.156477E-05 4.784652E-15 0.000000E+00
  3426     48     61 7.934204E-05 8.401511E-05 8.045949E-05 1.171390E-14 0.000000E+00
  3427    105    129 3.633045E-05 3.557394E-05 3.541559E-05 4.692640E-14 0.000000E+00
  3428    180   2126 2.896415E-05 2.814307E-05 2.812744E-05 3.220439E-15 0.000000E+00
  3429     71    103 5.028296E-05 5.610100E-05 5.239807E-05 4.924794E-14 0.000000E+00
  3430   1350   3558 1.044128E-05 5.339977E-06 7.772860E-06 1.797784E-15 0.000000E+00
  3431    772    824 2.262687E-05 2.567020E-05 2.378811E-05 2.534592E-14 0.000000E+00
  3432   3491   6762 2.838619E-05 1.001853E-05 1.891576E-05 1.203241E-15 0.000000E+00
  3433      4   2719 1.432339E-04 5.663443E-06 7.333747E-05 8.896905E-15 0.000000E+00
  3434     66    145 3.695707E-05 2.185679E-05 2.896802E-05 6.043101E-14 0.000000E+00
  3435   1870   2368 1.793522E-05 1.876418E-05 1.807582E-05 5.825102E-15 0.000000E+00
  3436     71    120 3.961891E-05 8.800517E-05 6.285962E-05 4.449868E-14 0.000000E+00
  3437    675    925 4.897759E-05 1.743598E-05 3.271116E-05 2.639344E-14 0.000000E+00
  3438    768   1285 4.050092E-05 2.017696E-05 2.988612E-05 1.044696E-14 0.000000E+00
  3439    764    876 2.348813E-05 2.717877E-05 2.495534E-05 3.411542E-15 0.000000E+00
  3440     91   2410 3.807164E-05 1.695298E-05 2.710168E-05 1.705771E-15 0.000000E+00
  3441     91    128 4.405313E-05 2.840306E-05 3.568738E-05 1.498814E-13 0.000000E+00
  3442     72     90 2.303206E-05 2.567130E-05 2.398822E-05 1.349612E-13 0.000000E+00
  3443     63    105 3.395682E-05 2.586652E-05 2.946523E-05 1.085890E-13 0.000000E+00
  3444     63    401 7.414617E-05 3.415684E-05 5.334327E-05 8.719958E-15 0.000000E+00
  3445     61    401 6.665832E-05 3.317095E-05 4.916964E-05 4.091019E-14 0.000000E+00
  3446     82    324 4.177538E-05 3.301957E-05 3.683930E-05 3.107901E-14 0.000000E+00
  3447     62    324 6.415111E-05 3.257540E-05 4.764141E-05 2.654208E-14 0.000000E+00
  3448    106   1240 5.624443E-05 2.261510E-05 3.884126E-05 2.688182E-14 0.000000E+00
  3449     61     82 6.467777E-05 4.087820E-05 5.199025E-05 1.562798E-14 0.000000E+00
  3450    844    925 1.426068E-05 1.769312E-05 1.573844E-05 1.918108E-15 0.000000E+00
  3451    772   1077 1.585459E-05 1.712158E-05 1.624200E-05 1.172098E-14 0.000000E+00
  3452     18     38 4.373021E-05 5.525453E-05 4.875368E-05 1.685316E-13 0.000000E+00
  3453      2    170 1.667019E-04 2.431457E-05 9.408275E-05 4.746856E-13 0.000000E+00
  3454    764   1038 9.804284E-06 1.777176E-05 1.358223E-05 1.136709E-14 0.000000E+00
  3455   1032   1123 1.209384E-05 1.001589E-05 1.088987E-05 1.903952E-14 0.000000E+00
  3456      5   1924 9.419428E-05 9.585973E-06 5.111565E-05 3.049862E-14 0.000000E+00
  3457   3024   3491 1.315407E-05 1.138470E-05 1.208626E-05 8.698724E-15 0.000000E+00
  3458    105    121 4.261334E-05 5.462897E-05 4.789547E-05 1.491169E-13 0.000000E+00
  3459    180    324 3.407381E-05 1.830648E-05 2.579925E-05 9.555149E-15 0.000000E+00
  3460    121    145 2.670803E-05 2.786203E-05 2.687779E-05 1.095869E-13 0.000000E+00
  3461      9     54 6.575371E-05 3.920633E-05 5.169674E-05 4.061504E-13 0.000000E+00
  3462    440    529 3.120478E-05 2.501831E-05 2.769197E-05 4.860386E-14 0.000000E+00
  3463     63     90 3.295359E-05 2.581579E-05 2.894611E-05 2.180131E-13 0.000000E+00
  3464    157    270 2.441962E-05 3.485206E-05 2.919351E-05 1.271189E-14 0.000000E+00
  3465     62   1865 3.393959E-05 9.702161E-06 2.149519E-05 4.890821E-15 0.000000E+00
  3466     62   6152 4.210974E-05 4.595098E-06 2.300388E-05 5.442896E-15 0.000000E+00
  3467     66     96 3.817775E-05 2.277547E-05 3.002174E-05 2.337331E-13 0.000000E+00
  3468    118    145 3.620324E-05 3.016521E-05 3.268894E-05 7.371620E-14 0.000000E+00
  3469     66    118 5.197734E-05 4.309158E-05 4.682499E-05 9.824109E-15 0.000000E+00
  3470     82    113 5.040746E-05 3.356467E-05 4.135940E-05 1.572636E-13 0.000000E+00
  3471     97    113 3.197605E-05 3.424636E-05 3.261701E-05 1.451179E-13 0.000000E+00
  3472   1598   2374 1.473928E-05 1.005233E-05 1.221079E-05 1.946419E-15 0.000000E+00
  3473    953   1142 3.653487E-05 1.008585E-05 2.296244E-05 1.505467E-14 0.000000E+00
  3474   1347   1954 1.938771E-05 8.958456E-06 1.396154E-05 4.784652E-15 0.000000E+00
  3475      2     91 2.164336E-04 4.357370E-05 1.280633E-04 5.709732E-14 0.000000E+00
  3476    119    182 3.942100E-05 3.447029E-05 3.639422E-05 1.432635E-13 0.000000E+00
  3477   5749   5750 1.365163E-05 1.091123E-05 1.209812E-05 2.123366E-17 0.000000E+00
  3478    188   1285 4.735515E-05 1.491360E-05 3.066968E-05 2.116996E-14 0.000000E+00
  3479    289    764 5.050191E-05 1.300503E-05 3.127954E-05 1.754608E-14 0.000000E+00
  3480   1680   2529 1.382289E-05 1.047195E-05 1.196612E-05 4.989911E-15 0.000000E+00
  3481   2719   5349 8.628191E-06 5.437720E-06 6.927986E-06 4.812964E-16 0.000000E+00
  3482    106   1769 5.582318E-05 2.538486E-05 3.999799E-05 1.564213E-14 0.000000E+00
  3483   1743   2368 1.471283E-05 1.459159E-05 1.443352E-05 3.291218E-15 0.000000E+00
  3484     97    120 4.230190E-05 6.837484E-05 5.451242E-05 5.583038E-14 0.000000E+00
  3485     15   1553 9.288331E-05 7.595181E-06 4.948940E-05 1.288176E-15 0.000000E+00
  3486   1457   1680 1.608577E-05 1.178742E-05 1.372859E-05 6.610747E-15 0.000000E+00
  3487   3024   3166 2.196673E-05 1.434112E-05 1.788297E-05 3.043492E-15 0.000000E+00
  3488    270   1176 4.628213E-05 1.578829E-05 3.057200E-05 3.085959E-15 0.000000E+00
  3489     82    182 4.954440E-05 4.001214E-05 4.410993E-05 1.528116E-13 0.000000E+00
  3490    188    768 4.043459E-05 2.923594E-05 3.431533E-05 4.517108E-14 0.000000E+00
  3491   2940   3402 1.044041E-05 8.655561E-06 9.405477E-06 6.653215E-16 0.000000E+00
  3492   3491   3495 2.191589E-05 1.125875E-05 1.633975E-05 2.753298E-15 0.000000E+00
  3493     45   3133 4.552783E-05 1.327184E-05 2.896103E-05 1.853699E-14 0.000000E+00
  3494   1176   2126 1.972036E-05 1.119895E-05 1.522892E-05 5.053612E-15 0.000000E+00
  3495   6100   6152 8.682979E-06 8.802380E-06 8.612192E-06 1.528824E-15 0.000000E+00
  3496   1870   4371 2.580478E-05 1.444530E-05 1.982467E-05 1.465123E-15 0.000000E+00
  3497    529   1182 4.514960E-05 1.253393E-05 2.841129E-05 1.850160E-14 0.000000E+00
  3498    188    289 3.297571E-05 2.537662E-05 2.874070E-05 9.512681E-15 0.000000E+00
  3499    772   1313 1.789693E-05 1.350896E-05 1.546857E-05 1.421240E-14 0.000000E+00
  3500      5     70 1.019072E-04 2.788112E-05 6.392561E-05 7.440276E-13 0.000000E+00
  3501     48    268 5.497225E-05 2.265000E-05 3.823186E-05 1.256962E-13 0.000000E+00
  3502     48     90 9.530164E-05 4.541164E-05 6.930654E-05 2.557949E-13 0.000000E+00
  3503     48    597 5.957229E-05 1.651733E-05 3.747698E-05 4.388291E-15 0.000000E+00
  3504    401   6258 3.029165E-05 1.304343E-05 2.134414E-05 8.684569E-15 0.000000E+00
  3505     61     72 7.036429E-05 4.572184E-05 5.717675E-05 3.956539E-15 0.000000E+00
  3506     61    290 4.289614E-05 1.724407E-05 2.962130E-05 5.721057E-14 0.000000E+00
  3507    914   1769 1.554336E-05 1.142359E-05 1.328223E-05 6.256853E-15 0.000000E+00
  3508    170   4208 4.343850E-05 1.350404E-05 2.804632E-05 9.272033E-16 0.000000E+00
  3509      2   5749 1.210166E-04 2.646156E-06 6.090854E-05 3.487983E-14 0.000000E+00
  3510     33     56 5.989093E-05 2.690952E-05 4.275246E-05 2.537140E-13 0.000000E+00
  3511    208    270 3.756910E-05 2.415176E-05 3.039982E-05 8.217428E-15 0.000000E+00
  3512    132    270 2.840035E-05 1.767574E-05 2.269419E-05 8.773750E-14 0.000000E+00
  3513     62   6243 4.923247E-05 1.241314E-05 3.036277E-05 2.540962E-15 0.000000E+00
  3514     63   1212 2.692954E-05 7.257091E-06 1.683819E-05 9.916121E-15 0.000000E+00
  3515     96    118 4.140434E-05 2.111746E-05 3.079432E-05 1.976500E-13 0.000000E+00
  3516   1416   1563 2.301856E-05 1.374495E-05 1.810740E-05 1.019216E-15 0.000000E+00
  3517    170   4346 3.064827E-05 1.884256E-05 2.437608E-05 2.519728E-15 0.000000E+00
  3518     33     45 3.747502E-05 2.683963E-05 3.167736E-05 5.749015E-13 0.000000E+00
  3519      5   2468 9.369487E-05 1.944344E-05 5.572484E-05 5.223481E-15 0.000000E+00
  3520      4     70 1.320409E-04 2.359472E-05 7.665636E-05 4.407047E-13 0.000000E+00
  3521    208    268 4.719293E-05 4.354623E-05 4.469242E-05 4.816503E-14 0.000000E+00
  3522   2751   5159 6.921838E-06 4.286042E-06 5.520299E-06 9.696707E-16 0.000000E+00
  3523     61   2751 4.953104E-05 4.932282E-06 2.682522E-05 6.469190E-15 0.000000E+00
  3524   1080   1884 1.495478E-05 1.068494E-05 1.262852E-05 4.034396E-15 0.000000E+00
  3525     15     91 4.995759E-05 5.384618E-05 5.112723E-05 1.309976E-13 0.000000E+00
  3526    254   2695 3.229771E-05 7.294906E-06 1.950084E-05 3.553100E-15 0.000000E+00
  3527     61   1212 5.498212E-05 1.779712E-05 3.584649E-05 3.114271E-15 0.000000E+00
  3528    132   2126 4.531343E-05 1.088063E-05 2.767767E-05 9.979822E-15 0.000000E+00
  3529    129    290 4.571265E-05 2.274521E-05 3.371805E-05 1.539441E-14 0.000000E+00
  3530    324   4216 2.683098E-05 1.227202E-05 1.925969E-05 4.402446E-15 0.000000E+00
  3531   2222   4196 1.799937E-05 1.431426E-05 1.591567E-05 8.988918E-16 0.000000E+00
  3532     56    254 1.253768E-04 2.283766E-05 7.300114E-05 5.616304E-14 0.000000E+00
  3533     63    155 5.184092E-05 2.943040E-05 4.002915E-05 3.389601E-14 0.000000E+00
  3534     48   6243 8.005356E-05 7.168454E-06 4.296010E-05 3.468165E-15 0.000000E+00
  3535    270   2126 3.735246E-05 1.389252E-05 2.524007E-05 5.987893E-15 0.000000E+00
  3536     61   3892 5.204255E-05 5.742920E-06 2.846150E-05 5.096079E-16 0.000000E+00
  3537    118    121 2.123997E-05 4.211629E-05 3.120532E-05 2.290121E-13 0.000000E+00
  3538     44     82 1.038263E-04 3.186522E-05 6.683313E-05 8.472232E-15 0.000000E+00
  3539     94     97 4.593751E-05 5.111439E-05 4.780168E-05 1.600806E-13 0.000000E+00
  3540    103    134 2.739291E-05 5.099836E-05 3.861062E-05 1.383090E-13 0.000000E+00
  3541   1182   2464 1.428635E-05 2.812343E-05 2.088840E-05 4.643095E-15 0.000000E+00
  3542    763   1123 3.567043E-05 2.575733E-05 3.025546E-05 9.102164E-15 0.000000E+00
  3543     48     79 6.974092E-05 3.708397E-05 5.261525E-05 3.235515E-13 0.000000E+00
  3544     38     70 4.449988E-05 3.691459E-05 4.009966E-05 1.125667E-13 0.000000E+00
  3545    174    208 5.301384E-05 3.549492E-05 4.359387E-05 1.037123E-13 0.000000E+00
  3546    401   1865 4.163840E-05 1.312054E-05 2.697082E-05 1.358954E-15 0.000000E+00
  3547    129    213 2.440569E-05 3.540708E-05 2.946002E-05 7.856456E-15 0.000000E+00
  3548      2   5559 1.875950E-04 5.511020E-06 9.511191E-05 2.662701E-14 0.000000E+00
  3549    953   1954 2.520618E-05 1.111546E-05 1.788976E-05 1.390805E-14 0.000000E+00
  3550      2    231 1.019016E-04 1.385805E-05 5.701593E-05 6.640970E-13 0.000000E+00
  3551   3573   6658 4.656476E-06 5.224777E-06 4.866885E-06 1.238630E-15 0.000000E+00
  3552     48   3381 8.044924E-05 1.310966E-05 4.608125E-05 3.609723E-15 0.000000E+00
  3553   2126   4997 8.079838E-06 6.395626E-06 7.129706E-06 1.592525E-15 0.000000E+00
  3554    675   2361 2.546930E-05 1.783285E-05 2.132792E-05 3.609723E-15 0.000000E+00
  3555   1080   1198 1.294812E-05 2.038166E-05 1.641616E-05 3.340763E-15 0.000000E+00
  3556     72   4047 2.392189E-05 9.066373E-06 1.624795E-05 4.996989E-15 0.000000E+00
  3557    105    155 3.663278E-05 3.714279E-05 3.633722E-05 1.126800E-14 0.000000E+00
  3558     72    401 5.278319E-05 1.225765E-05 3.203504E-05 8.026325E-15 0.000000E+00
  3559    401   6243 4.313286E-05 8.464298E-06 2.541353E-05 4.742185E-16 0.000000E+00
  3560    401   6100 3.347781E-05 1.373781E-05 2.325545E-05 3.121349E-15 0.000000E+00
  3561   1212   3892 2.353671E-05 5.384834E-06 1.424494E-05 2.951479E-15 0.000000E+00
  3562     71    213 5.584664E-05 4.596795E-05 5.014748E-05 3.963617E-16 0.000000E+00
  3563     94    120 3.090750E-05 3.788512E-05 3.388293E-05 2.871428E-13 0.000000E+00
  3564    120    134 2.103880E-05 3.886439E-05 2.950455E-05 2.230880E-13 0.000000E+00
  3565   2965   3491 5.614671E-06 1.263472E-05 8.988505E-06 3.319529E-15 0.000000E+00
  3566    270    597 3.425906E-05 1.791255E-05 2.569646E-05 6.079906E-15 0.000000E+00
  3567    597   6113 1.838694E-05 1.427600E-05 1.608772E-05 2.463105E-15 0.000000E+00
  3568    121    172 3.818350E-05 3.576852E-05 3.642413E-05 2.229181E-13 0.000000E+00
  3569     82    654 2.674766E-05 1.771903E-05 2.190150E-05 4.731568E-14 0.000000E+00
  3570   2374   4448 1.133146E-05 1.032240E-05 1.066534E-05 3.255828E-15 0.000000E+00
  3571      9   4208 1.165423E-04 9.372323E-06 6.201763E-05 4.190110E-15 0.000000E+00
  3572      2   4346 1.901622E-04 1.957493E-05 1.033034E-04 1.528824E-15 0.000000E+00
  3573   1884   5671 1.106366E-05 9.568556E-06 1.016214E-05 1.903952E-15 0.000000E+00
  3574    105    172 3.597078E-05 5.275426E-05 4.370039E-05 4.191525E-14 0.000000E+00
  3575    324    401 6.035354E-05 4.623118E-05 5.249695E-05 3.822060E-15 0.000000E+00
  3576     61   6157 5.511160E-05 7.486226E-06 3.083177E-05 7.431782E-16 0.000000E+00
  3577     84    390 3.397248E-05 1.925076E-05 2.621443E-05 5.825810E-14 0.000000E+00
  3578   3564   6731 8.519062E-06 8.107704E-06 8.189303E-06 1.946419E-15 0.000000E+00
  3579   1198   2940 2.639311E-05 7.825702E-06 1.685404E-05 1.889796E-15 0.000000E+00
  3580   1123   1984 2.290835E-05 8.589822E-06 1.551403E-05 2.052588E-16 0.000000E+00
  3581   1032   1984 2.118431E-05 1.683094E-05 1.872393E-05 1.169975E-14 0.000000E+00
  3582      6     15 1.044495E-04 6.460496E-05 8.326564E-05 1.371029E-12 0.000000E+00
  3583   1011   3381 1.646720E-05 1.611307E-05 1.604700E-05 2.257846E-15 0.000000E+00
  3584   2751   6157 8.865198E-06 5.947804E-06 7.295956E-06 1.224475E-15 0.000000E+00
  3585     61   3662 4.986553E-05 7.712130E-06 2.835915E-05 4.282122E-15 0.000000E+00
  3586     44   5093 1.002416E-04 1.089897E-05 5.474090E-05 1.223767E-14 0.000000E+00
  3587     71   1514 7.497284E-05 2.601531E-05 4.974043E-05 1.368156E-14 0.000000E+00
  3588    175   4208 4.805005E-05 5.399588E-06 2.632594E-05 6.844318E-15 0.000000E+00
  3589      2      9 1.858131E-04 6.876919E-05 1.253913E-04 2.111284E-12 0.000000E+00
  3590   1168   1884 2.106192E-05 9.907902E-06 1.525379E-05 3.482321E-15 0.000000E+00
  3591   1150   3133 1.146658E-05 1.499220E-05 1.303193E-05 3.029336E-15 0.000000E+00
  3592    208   1642 3.066648E-05 1.088878E-05 2.046752E-05 4.650172E-15 0.000000E+00
  3593    401   3381 2.936971E-05 1.250861E-05 2.062664E-05 1.394344E-14 0.000000E+00
  3594    105    213 2.497718E-05 2.123624E-05 2.276183E-05 6.072828E-14 0.000000E+00
  3595    119    367 2.841618E-05 2.383611E-05 2.573620E-05 5.370701E-14 0.000000E+00
  3596     97    628 2.705217E-05 1.968583E-05 2.302021E-05 3.056940E-14 0.000000E+00
  3597      9   4346 9.949959E-05 8.112443E-06 5.300294E-05 3.001025E-15 0.000000E+00
  3598   4047   6258 1.498670E-05 1.246142E-05 1.351923E-05 3.114271E-16 0.000000E+00
  3599    102    132 4.059739E-05 5.181731E-05 4.551769E-05 1.611635E-13 0.000000E+00
  3600     38   1154 8.100364E-05 2.371519E-05 5.157793E-05 4.954522E-15 0.000000E+00
  3601    324   6113 4.805156E-05 5.999883E-06 2.662235E-05 1.054605E-15 0.000000E+00
  3602    401   4123 4.326919E-05 6.619763E-06 2.457217E-05 4.558160E-15 0.000000E+00
  3603    119    324 3.971179E-05 1.623282E-05 2.755481E-05 2.015075E-14 0.000000E+00
  3604   2751   3302 1.188220E-05 1.358345E-05 1.254278E-05 5.662310E-16 0.000000E+00
  3605     61   1363 6.427796E-05 2.414787E-05 4.355302E-05 9.838264E-15 0.000000E+00
  3606     71    628 4.364825E-05 1.889557E-05 3.080517E-05 3.885761E-15 0.000000E+00
  3607    418   1093 3.550261E-05 1.237860E-05 2.358328E-05 2.507696E-14 0.000000E+00
  3608    763   2303 1.533154E-05 2.147212E-05 1.812717E-05 1.137417E-14 0.000000E+00
  3609     60    268 5.056059E-05 1.733694E-05 3.344206E-05 1.488055E-13 0.000000E+00
  3610   4047   6257 1.386863E-05 1.092295E-05 1.221078E-05 1.670382E-15 0.000000E+00
  3611   6257   6258 1.233267E-05 1.246142E-05 1.221201E-05 1.550057E-15 0.000000E+00
  3612    324   4997 4.676780E-05 8.934218E-06 2.743532E-05 1.160774E-15 0.000000E+00
  3613    324   5635 3.881882E-05 7.516474E-06 2.282186E-05 4.211343E-15 0.000000E+00
  3614    401   3892 4.097237E-05 5.540110E-06 2.290913E-05 4.558160E-15 0.000000E+00
  3615     71   6404 3.736869E-05 7.581577E-06 2.213968E-05 7.502561E-15 0.000000E+00
  3616    103   2288 4.087485E-05 6.218738E-06 2.319535E-05 6.851396E-15 0.000000E+00
  3617      9    175 9.299081E-05 2.725929E-05 5.922766E-05 2.701418E-13 0.000000E+00
  3618    529   2464 5.665991E-05 2.496771E-05 4.020465E-05 4.352901E-15 0.000000E+00
  3619   1808   2812 2.403239E-05 8.589783E-06 1.606764E-05 6.971720E-15 0.000000E+00
  3620   1733   4645 1.411454E-05 5.726874E-06 9.772636E-06 4.062708E-15 0.000000E+00
  3621     90    212 3.892762E-05 3.277820E-05 3.531779E-05 1.283504E-13 0.000000E+00
  3622    268   1642 2.537095E-05 9.439623E-06 1.714551E-05 6.398411E-15 0.000000E+00
  3623     48   1642 5.158115E-05 1.615830E-05 3.336420E-05 6.200230E-15 0.000000E+00
  3624    208   5024 3.694797E-05 8.194910E-06 2.223455E-05 9.059697E-16 0.000000E+00
  3625   2050   5093 2.040671E-05 9.393393E-06 1.467766E-05 2.257846E-15 0.000000E+00
  3626   1032   2812 2.994293E-05 1.892325E-05 2.406842E-05 7.629963E-15 0.000000E+00
  3627    763   1984 2.098533E-05 1.293784E-05 1.670843E-05 8.918139E-15 0.000000E+00
  3628     60     79 4.704405E-05 2.229429E-05 3.415172E-05 1.289167E-13 0.000000E+00
  3629   3352   3767 9.766297E-06 9.875232E-06 9.674186E-06 1.075839E-15 0.000000E+00
  3630   5635   6113 6.396394E-06 6.051238E-06 6.130923E-06 8.139571E-16 0.000000E+00
  3631     44    324 7.872567E-05 4.072275E-05 5.883280E-05 5.629044E-14 0.000000E+00
  3632    324   2050 2.983936E-05 1.586841E-05 2.251278E-05 6.313476E-15 0.000000E+00
  3633    324   5093 2.689186E-05 9.269410E-06 1.781077E-05 3.369075E-15 0.000000E+00
  3634     44   2050 9.122315E-05 1.502524E-05 5.233130E-05 3.892838E-15 0.000000E+00
  3635    121    390 5.331952E-05 3.156618E-05 4.180938E-05 3.479490E-14 0.000000E+00
  3636    145    390 2.970004E-05 3.954913E-05 3.410780E-05 5.166858E-15 0.000000E+00
  3637     82    508 3.162332E-05 2.547047E-05 2.812082E-05 1.231553E-14 0.000000E+00
  3638     82    921 4.754099E-05 2.040917E-05 3.346799E-05 9.130476E-16 0.000000E+00
  3639     97    921 2.597435E-05 1.920335E-05 2.225171E-05 8.882749E-15 0.000000E+00
  3640    768   1023 2.308619E-05 1.626800E-05 1.938340E-05 1.178468E-14 0.000000E+00
  3641   1347   1805 2.969030E-05 8.604135E-06 1.886144E-05 5.768479E-15 0.000000E+00
  3642    211   4196 5.699420E-05 1.244255E-05 3.420019E-05 9.328656E-15 0.000000E+00
  3643    404   1198 3.504853E-05 1.813793E-05 2.619632E-05 1.012138E-14 0.000000E+00
  3644     56     64 4.816580E-05 5.308203E-05 4.986833E-05 5.274513E-13 0.000000E+00
  3645     48   1011 6.562703E-05 1.285250E-05 3.865410E-05 1.705771E-15 0.000000E+00
  3646   2711   6113 1.165277E-05 5.807224E-06 8.599698E-06 1.252786E-15 0.000000E+00
  3647    401   6096 3.932190E-05 6.860201E-06 2.274641E-05 6.058672E-15 0.000000E+00
  3648    182    367 4.556880E-05 3.494249E-05 3.965482E-05 1.769472E-14 0.000000E+00
  3649    170    175 2.270619E-05 3.878153E-05 3.028500E-05 1.456134E-13 0.000000E+00
  3650    359   1347 5.388723E-05 3.403646E-05 4.330570E-05 6.624903E-15 0.000000E+00
  3651   2463   3197 1.290250E-05 1.359949E-05 1.305322E-05 2.413560E-15 0.000000E+00
  3652    565   2463 1.901668E-05 1.053080E-05 1.455324E-05 2.335703E-16 0.000000E+00
  3653     48   2428 6.198405E-05 2.921523E-05 4.491905E-05 6.228541E-16 0.000000E+00
  3654    129   6163 4.805848E-05 1.001919E-05 2.860542E-05 1.663304E-15 0.000000E+00
  3655     13     91 1.089046E-04 3.922856E-05 7.296113E-05 2.237816E-13 0.000000E+00
  3656   1168   5671 2.796769E-05 1.469451E-05 2.101273E-05 4.062708E-15 0.000000E+00
  3657    404   1168 4.278593E-05 2.307478E-05 3.243886E-05 1.683830E-14 0.000000E+00
  3658    102    174 4.812454E-05 1.796691E-05 3.255251E-05 1.431220E-13 0.000000E+00
  3659    916   1011 1.645984E-05 1.308264E-05 1.455077E-05 1.087871E-14 0.000000E+00
  3660    597   2711 1.743894E-05 1.316103E-05 1.507163E-05 6.440878E-16 0.000000E+00
  3661    324   2126 3.875768E-05 1.919341E-05 2.854308E-05 2.618819E-15 0.000000E+00
  3662    401   5144 2.785112E-05 8.485767E-06 1.789727E-05 1.458045E-15 0.000000E+00
  3663    290    401 2.999612E-05 5.044154E-05 3.961855E-05 7.049576E-15 0.000000E+00
  3664     84    502 3.621663E-05 1.677800E-05 2.610183E-05 5.060690E-15 0.000000E+00
  3665     97   6409 4.056252E-05 6.379196E-06 2.312055E-05 2.661286E-15 0.000000E+00
  3666     61    508 9.218666E-05 2.695375E-05 5.868110E-05 3.687580E-15 0.000000E+00
  3667     66   1007 4.413373E-05 3.069363E-05 3.685527E-05 1.281098E-15 0.000000E+00
  3668   1113   2784 1.072262E-05 6.934769E-06 8.696922E-06 1.875640E-15 0.000000E+00
  3669    359   1805 5.969275E-05 8.388320E-06 3.353247E-05 3.291218E-15 0.000000E+00
  3670   1642   5024 1.632273E-05 6.565870E-06 1.127349E-05 1.182007E-15 0.000000E+00
  3671     38    370 5.890940E-05 2.112811E-05 3.942146E-05 6.497501E-15 0.000000E+00
  3672     18    370 5.055359E-05 1.489357E-05 3.223517E-05 3.103654E-14 0.000000E+00
  3673     44   4123 8.308086E-05 1.617480E-05 4.888712E-05 9.356968E-15 0.000000E+00
  3674    213    390 3.628084E-05 3.550032E-05 3.535490E-05 2.283327E-14 0.000000E+00
  3675     44    654 9.346872E-05 2.666661E-05 5.917113E-05 1.394344E-15 0.000000E+00
  3676     66   3160 3.842727E-05 3.177714E-06 2.049201E-05 1.493434E-15 0.000000E+00
  3677     96   1007 3.975309E-05 2.281654E-05 3.081788E-05 2.015075E-14 0.000000E+00
  3678     71    481 6.374062E-05 4.114268E-05 5.165894E-05 4.542589E-14 0.000000E+00
  3679    103    167 3.462965E-05 5.723909E-05 4.524878E-05 1.499097E-14 0.000000E+00
  3680    188    850 3.464555E-05 1.283979E-05 2.338830E-05 8.075870E-15 0.000000E+00
  3681    289   1432 4.801798E-05 1.926665E-05 3.314019E-05 3.400217E-14 0.000000E+00
  3682     33     64 5.224803E-05 2.812679E-05 3.958760E-05 5.835011E-13 0.000000E+00
  3683   5226   5250 1.110763E-05 1.426234E-05 1.249566E-05 1.819017E-15 0.000000E+00
  3684     38    403 5.049015E-05 3.670752E-05 4.294811E-05 8.422687E-16 0.000000E+00
  3685     90    252 4.009935E-05 2.780947E-05 3.344763E-05 9.613895E-14 0.000000E+00
  3686    252   4047 2.317732E-05 1.690594E-05 1.974250E-05 4.912054E-15 0.000000E+00
  3687    151    172 2.080375E-05 2.301979E-05 2.158473E-05 1.359875E-13 0.000000E+00
  3688    710   2340 1.407527E-05 7.867598E-06 1.080768E-05 7.191134E-15 0.000000E+00
  3689   4275   6096 9.723974E-06 5.532284E-06 7.514276E-06 1.627914E-15 0.000000E+00
  3690     44    401 8.735284E-05 3.831207E-05 6.189466E-05 1.349045E-14 0.000000E+00
  3691    132    367 6.998944E-05 2.105871E-05 4.484461E-05 7.060901E-14 0.000000E+00
  3692     71   6351 4.254148E-05 6.064996E-06 2.394050E-05 2.264924E-16 0.000000E+00
  3693    806   6404 1.858045E-05 1.225719E-05 1.518869E-05 6.370099E-16 0.000000E+00
  3694     84   3160 3.382542E-05 6.813892E-06 2.001638E-05 1.458045E-15 0.000000E+00
  3695    113    182 4.653452E-05 4.799279E-05 4.655823E-05 1.249884E-13 0.000000E+00
  3696     66   3300 2.869388E-05 7.765525E-06 1.795762E-05 2.724987E-15 0.000000E+00
  3697    134    167 3.134987E-05 4.388463E-05 3.705580E-05 2.091445E-13 0.000000E+00
  3698   1198   5671 8.555633E-06 1.241079E-05 1.032674E-05 1.033372E-15 0.000000E+00
  3699      2    797 1.669219E-04 1.783038E-06 8.309348E-05 9.681135E-14 0.000000E+00
  3700      5    565 1.133384E-04 1.743180E-05 6.440923E-05 4.292739E-14 0.000000E+00
  3701   1666   2965 3.331420E-05 1.321909E-05 2.291938E-05 7.835222E-15 0.000000E+00
  3702    155    212 2.645940E-05 2.578377E-05 2.573171E-05 8.888412E-14 0.000000E+00
  3703    151    155 2.496431E-05 2.733313E-05 2.575844E-05 6.491131E-14 0.000000E+00
  3704     90   5072 3.348953E-05 4.426921E-06 1.867526E-05 3.871605E-15 0.000000E+00
  3705    597    916 1.461288E-05 1.656974E-05 1.535860E-05 5.237637E-16 0.000000E+00
  3706    105   4044 2.837651E-05 7.068093E-06 1.745779E-05 3.779592E-15 0.000000E+00
  3707    710   1212 1.937003E-05 1.466512E-05 1.676358E-05 2.406482E-15 0.000000E+00
  3708    121    319 5.015118E-05 2.370890E-05 3.637884E-05 3.797995E-14 0.000000E+00
  3709    213   1768 2.654925E-05 2.190604E-05 2.386604E-05 3.807904E-15 0.000000E+00
  3710    103    481 3.813681E-05 4.032654E-05 3.864612E-05 1.577661E-14 0.000000E+00
  3711    103    296 2.527802E-05 2.540906E-05 2.496528E-05 1.833173E-14 0.000000E+00
  3712   2303   2812 2.147550E-05 1.677163E-05 1.883814E-05 1.036203E-14 0.000000E+00
  3713     90    155 5.262254E-05 2.370475E-05 3.759404E-05 3.748449E-14 0.000000E+00
  3714    208    308 4.347084E-05 2.886220E-05 3.562672E-05 8.939373E-15 0.000000E+00
  3715     90    742 3.836817E-05 1.884059E-05 2.817745E-05 1.950666E-14 0.000000E+00
  3716   4048   6257 3.268213E-06 2.690240E-06 2.934760E-06 1.337721E-15 0.000000E+00
  3717    118   1007 4.605121E-05 2.919440E-05 3.706127E-05 1.089287E-14 0.000000E+00
  3718     94    628 5.998482E-05 3.278338E-05 4.569180E-05 4.133487E-15 0.000000E+00
  3719    768   6077 3.024091E-05 7.546408E-06 1.861166E-05 5.648155E-15 0.000000E+00
  3720    188   2849 2.496823E-05 1.049585E-05 1.746738E-05 1.727005E-15 0.000000E+00
  3721   1368   2303 1.953240E-05 1.668753E-05 1.783967E-05 6.214386E-15 0.000000E+00
  3722     63    742 4.178978E-05 1.835407E-05 2.962309E-05 1.186254E-14 0.000000E+00
  3723    132    462 5.718338E-05 2.343968E-05 3.970986E-05 2.836110E-14 0.000000E+00
  3724   1363   3302 1.361055E-05 8.304614E-06 1.079404E-05 7.375159E-15 0.000000E+00
  3725     71    806 4.509266E-05 1.719595E-05 3.067946E-05 6.610747E-15 0.000000E+00
  3726     96    903 3.921733E-05 1.707632E-05 2.772672E-05 3.422159E-14 0.000000E+00
  3727   2288   4158 1.036218E-05 1.569854E-05 1.283588E-05 1.415578E-15 0.000000E+00
  3728    505   1805 3.649558E-05 1.360763E-05 2.467770E-05 1.743992E-14 0.000000E+00
  3729    289   2849 3.302431E-05 8.309125E-06 2.035826E-05 1.152988E-14 0.000000E+00
  3730    211    359 5.165444E-05 2.245651E-05 3.650241E-05 5.964536E-14 0.000000E+00
  3731     13     15 9.608569E-05 6.452560E-05 7.910706E-05 1.202979E-12 0.000000E+00
  3732     48    252 9.068771E-05 5.238086E-05 7.046661E-05 4.073325E-14 0.000000E+00
  3733   1011   2711 1.757186E-05 1.266085E-05 1.489073E-05 2.222457E-15 0.000000E+00
  3734    213   6369 2.392427E-05 1.194826E-05 1.766856E-05 7.148667E-16 0.000000E+00
  3735    118    319 4.114348E-05 1.715467E-05 2.871401E-05 1.326892E-13 0.000000E+00
  3736     71   2288 6.094953E-05 9.487456E-06 3.469285E-05 2.371092E-15 0.000000E+00
  3737    481   2288 3.752673E-05 9.750485E-06 2.328579E-05 1.330643E-15 0.000000E+00
  3738   2288   6315 1.041577E-05 7.043771E-06 8.599474E-06 1.337721E-15 0.000000E+00
  3739     66   1111 4.765341E-05 1.235299E-05 2.955539E-05 7.891845E-15 0.000000E+00
  3740   2360   4927 2.046584E-05 4.392298E-06 1.224356E-05 2.816999E-15 0.000000E+00
  3741     79    197 3.018499E-05 3.629317E-05 3.274297E-05 1.669815E-13 0.000000E+00
  3742     48   5024 5.938268E-05 8.978080E-06 3.367022E-05 2.632974E-15 0.000000E+00
  3743    213    221 3.147082E-05 3.734693E-05 3.389531E-05 1.388399E-13 0.000000E+00
  3744    290    806 3.821274E-05 2.291696E-05 3.010866E-05 1.252786E-15 0.000000E+00
  3745    118    903 5.692042E-05 1.833475E-05 3.706598E-05 1.640654E-14 0.000000E+00
  3746    481   2252 5.799802E-05 1.455357E-05 3.573437E-05 1.283221E-14 0.000000E+00
  3747     96    595 4.237119E-05 1.548544E-05 2.849655E-05 1.384435E-14 0.000000E+00
  3748     66    227 9.240750E-05 3.244027E-05 6.149218E-05 5.604272E-14 0.000000E+00
  3749    529   2194 4.238441E-05 1.811389E-05 2.979767E-05 1.390097E-14 0.000000E+00
  3750     13    128 1.114479E-04 4.476862E-05 7.694247E-05 1.118306E-14 0.000000E+00
  3751    252   4048 3.026840E-05 5.561172E-06 1.764740E-05 9.491448E-15 0.000000E+00
  3752    102    270 2.957059E-05 1.876160E-05 2.380541E-05 7.318536E-14 0.000000E+00
  3753    290   6097 2.470415E-05 1.376574E-05 1.894786E-05 4.388291E-16 0.000000E+00
  3754   1768   1990 1.395329E-05 2.507031E-05 1.922058E-05 3.638034E-15 0.000000E+00
  3755   1205   3152 1.784478E-05 5.058161E-06 1.128055E-05 4.211343E-15 0.000000E+00
  3756     66    296 6.106996E-05 2.410777E-05 4.195321E-05 1.925186E-14 0.000000E+00
  3757    768    850 3.291266E-05 1.468177E-05 2.344203E-05 1.620836E-15 0.000000E+00
  3758    953   1805 2.365027E-05 2.645441E-05 2.467843E-05 1.145910E-14 0.000000E+00
  3759      2     13 1.548094E-04 4.394869E-05 9.789575E-05 5.769328E-12 0.000000E+00
  3760    763   1913 2.881722E-05 1.224460E-05 2.022448E-05 8.486388E-15 0.000000E+00
  3761     48    883 4.300789E-05 2.278887E-05 3.240736E-05 9.385279E-15 0.000000E+00
  3762   1011   2428 1.810609E-05 1.295627E-05 1.529937E-05 3.461087E-15 0.000000E+00
  3763    270    462 3.220631E-05 5.213852E-05 4.154297E-05 5.881725E-15 0.000000E+00
  3764   2711   3832 6.174411E-06 5.870163E-06 5.932402E-06 1.939341E-15 0.000000E+00
  3765    105    494 4.703842E-05 1.980894E-05 3.292482E-05 7.276777E-14 0.000000E+00
  3766    121    494 5.867055E-05 1.546855E-05 3.651628E-05 5.945426E-14 0.000000E+00
  3767     44   3302 8.848756E-05 1.238000E-05 4.968104E-05 1.762394E-15 0.000000E+00
  3768   1768   6369 1.937162E-05 5.002503E-06 1.200516E-05 4.197188E-15 0.000000E+00
  3769    290   1858 2.754209E-05 1.524522E-05 2.107435E-05 8.174961E-15 0.000000E+00
  3770    508    654 2.786061E-05 3.237440E-05 2.966799E-05 4.756341E-15 0.000000E+00
  3771    113    921 2.847492E-05 1.912835E-05 2.344639E-05 2.293236E-14 0.000000E+00
  3772     96   1111 2.703210E-05 1.648485E-05 2.143372E-05 6.603670E-15 0.000000E+00
  3773   2439   6315 1.310517E-05 1.005501E-05 1.140725E-05 9.130476E-16 0.000000E+00
  3774    134   4158 5.076050E-05 5.125650E-06 2.752601E-05 2.215379E-15 0.000000E+00
  3775    675   2484 2.306760E-05 8.223124E-06 1.541185E-05 3.163816E-15 0.000000E+00
  3776   2744   2812 1.766034E-05 1.819426E-05 1.765973E-05 9.739174E-15 0.000000E+00
  3777    406    763 2.279318E-05 2.741244E-05 2.472814E-05 2.247229E-14 0.000000E+00
  3778    565   1141 1.710573E-05 1.438141E-05 1.550859E-05 1.584031E-14 0.000000E+00
  3779    270    308 2.377273E-05 1.479021E-05 1.899369E-05 3.402341E-14 0.000000E+00
  3780     63   3941 5.625716E-05 7.455011E-06 3.138062E-05 3.291218E-15 0.000000E+00
  3781    324   3005 2.005971E-05 1.062196E-05 1.511186E-05 1.840251E-15 0.000000E+00
  3782    119   1684 3.564618E-05 1.468331E-05 2.478915E-05 2.243690E-15 0.000000E+00
  3783     44   1363 8.590251E-05 2.562478E-05 5.493135E-05 1.029125E-14 0.000000E+00
  3784   3626   6409 9.527165E-06 3.490104E-06 6.411491E-06 2.293236E-15 0.000000E+00
  3785   1205   6409 2.460583E-05 1.062921E-05 1.735457E-05 1.316487E-15 0.000000E+00
  3786    508   6384 2.482088E-05 9.082876E-06 1.669887E-05 3.871605E-15 0.000000E+00
  3787    611   3160 2.108002E-05 4.729448E-06 1.271213E-05 2.215379E-15 0.000000E+00
  3788     66   2252 4.741284E-05 1.659070E-05 3.152413E-05 3.722969E-15 0.000000E+00
  3789    628   4415 2.170125E-05 9.767801E-06 1.549968E-05 3.878683E-15 0.000000E+00
  3790     66    481 4.762556E-05 5.957694E-05 5.280123E-05 2.267048E-14 0.000000E+00
  3791     97   4330 5.244942E-05 7.011105E-06 2.928653E-05 7.856456E-16 0.000000E+00
  3792    481   4158 3.183204E-05 1.493145E-05 2.303276E-05 2.250768E-15 0.000000E+00
  3793    167    296 3.432929E-05 2.238553E-05 2.793416E-05 7.744625E-14 0.000000E+00
  3794    268    308 2.959965E-05 3.353573E-05 3.109653E-05 2.533884E-15 0.000000E+00
  3795   1255   5045 1.160184E-05 6.061508E-06 8.699857E-06 1.019216E-15 0.000000E+00
  3796    174    308 2.085202E-05 1.713861E-05 1.871180E-05 4.028734E-14 0.000000E+00
  3797    252   5072 2.856444E-05 4.509240E-06 1.629002E-05 4.791730E-15 0.000000E+00
  3798    370    403 1.762100E-05 1.024686E-05 1.372596E-05 4.514985E-14 0.000000E+00
  3799    462   3832 5.746682E-05 6.968566E-06 3.173683E-05 5.648155E-15 0.000000E+00
  3800    213   6163 3.421111E-05 7.905524E-06 2.074401E-05 2.569273E-15 0.000000E+00
  3801   5115   6369 1.410624E-05 1.314031E-05 1.341994E-05 1.422655E-15 0.000000E+00
  3802    182   1762 3.663431E-05 1.322793E-05 2.455901E-05 4.218421E-15 0.000000E+00
  3803   5115   6400 6.095299E-06 3.276165E-06 4.615796E-06 8.422687E-16 0.000000E+00
  3804    118    502 5.350202E-05 2.093111E-05 3.666110E-05 5.089001E-15 0.000000E+00
  3805    390   1988 2.733887E-05 9.655201E-06 1.822096E-05 2.597585E-15 0.000000E+00
  3806     97   3626 4.472125E-05 1.362613E-05 2.873826E-05 3.255828E-16 0.000000E+00
  3807    654   6384 3.093690E-05 8.749015E-06 1.954679E-05 2.109211E-15 0.000000E+00
  3808    611   3300 2.248185E-05 1.104329E-05 1.651239E-05 5.506597E-15 0.000000E+00
  3809    628   4330 2.695326E-05 6.396952E-06 1.642623E-05 1.054605E-15 0.000000E+00
  3810     66   2218 5.196674E-05 1.357270E-05 3.228062E-05 4.183032E-15 0.000000E+00
  3811     94    113 4.743272E-05 3.175333E-05 3.900208E-05 3.978481E-14 0.000000E+00
  3812   1113   1771 1.128260E-05 1.058520E-05 1.077071E-05 1.153696E-15 0.000000E+00
  3813   1300   2744 1.047384E-05 1.365556E-05 1.188463E-05 2.441871E-15 0.000000E+00
  3814      6    797 9.178412E-05 1.349188E-05 5.185236E-05 9.031385E-15 0.000000E+00
  3815     48    197 1.037408E-04 2.936067E-05 6.555746E-05 2.688182E-14 0.000000E+00
  3816   5072   6256 9.169632E-06 1.186222E-05 1.035897E-05 9.484370E-16 0.000000E+00
  3817    252   6256 2.769118E-05 7.671418E-06 1.741740E-05 8.854438E-15 0.000000E+00
  3818    246   5145 4.479051E-05 1.317084E-05 2.854813E-05 4.933288E-15 0.000000E+00
  3819    118    917 4.366175E-05 3.160829E-05 3.707330E-05 3.185050E-16 0.000000E+00
  3820    508   6381 2.243126E-05 8.592492E-06 1.528036E-05 3.397386E-16 0.000000E+00
  3821     71   3527 4.634471E-05 1.796191E-05 3.167341E-05 9.272033E-16 0.000000E+00
  3822     66    611 4.068935E-05 1.963185E-05 2.971044E-05 4.105175E-16 0.000000E+00
  3823    628   3159 2.905588E-05 1.969700E-05 2.401261E-05 7.431782E-16 0.000000E+00
  3824     96    227 4.984226E-05 4.446402E-05 4.644936E-05 3.581411E-15 0.000000E+00
  3825    167    227 4.142253E-05 1.648672E-05 2.852247E-05 1.228367E-13 0.000000E+00
  3826   1521   1869 1.417110E-05 1.061268E-05 1.220694E-05 1.044696E-14 0.000000E+00
  3827   5226   6810 5.002283E-06 5.416970E-06 5.131871E-06 7.077888E-16 0.000000E+00
  3828    148    212 6.057586E-05 2.932214E-05 4.427812E-05 1.383586E-13 0.000000E+00
  3829    401   4048 2.571256E-05 1.660160E-05 2.084130E-05 4.083941E-15 0.000000E+00
  3830     63   1173 5.801475E-05 1.426849E-05 3.560219E-05 6.228541E-16 0.000000E+00
  3831    401   1788 4.220209E-05 1.792332E-05 2.961401E-05 5.258871E-15 0.000000E+00
  3832    221   4044 2.851988E-05 6.980308E-06 1.748517E-05 5.011145E-15 0.000000E+00
  3833   1363   6124 2.743405E-05 1.478944E-05 2.079664E-05 4.119331E-15 0.000000E+00
  3834   1514   5115 2.155804E-05 9.731727E-06 1.541138E-05 1.019216E-15 0.000000E+00
  3835    806   1205 1.585157E-05 2.023347E-05 1.777323E-05 3.496477E-15 0.000000E+00
  3836    654   3862 2.826473E-05 2.032703E-05 2.393326E-05 1.358954E-15 0.000000E+00
  3837     96   3300 3.741287E-05 1.267255E-05 2.466894E-05 1.401422E-15 0.000000E+00
  3838   1111   3300 1.759173E-05 1.083265E-05 1.400007E-05 2.448949E-15 0.000000E+00
  3839    195    289 5.665830E-05 3.453734E-05 4.491726E-05 7.980319E-14 0.000000E+00
  3840     90    197 1.103150E-04 2.027591E-05 6.432090E-05 1.471918E-13 0.000000E+00
  3841    270   3972 4.298416E-05 7.338530E-06 2.478580E-05 5.280104E-15 0.000000E+00
  3842    710   1173 1.660979E-05 1.462685E-05 1.538521E-05 8.564244E-15 0.000000E+00
  3843    105    221 3.816495E-05 3.654779E-05 3.679881E-05 1.556428E-14 0.000000E+00
  3844    324    462 4.157044E-05 3.323963E-05 3.684675E-05 1.031248E-14 0.000000E+00
  3845   4275   6097 1.244565E-05 6.619181E-06 9.390143E-06 2.901934E-16 0.000000E+00
  3846   4069   6384 8.880389E-06 6.188922E-06 7.422198E-06 1.408500E-15 0.000000E+00
  3847     97   4415 4.293034E-05 1.509699E-05 2.858062E-05 1.550057E-15 0.000000E+00
  3848     71   1897 6.152143E-05 1.118513E-05 3.581069E-05 2.194145E-16 0.000000E+00
  3849   3159   4330 1.566831E-05 4.098833E-06 9.736056E-06 3.560178E-15 0.000000E+00
  3850      2    517 1.973302E-04 4.131386E-05 1.175411E-04 2.282194E-13 0.000000E+00
  3851   1168   2802 2.611782E-05 1.220156E-05 1.887372E-05 3.156738E-15 0.000000E+00
  3852   1800   3343 1.522599E-05 5.571333E-06 1.024346E-05 2.406482E-15 0.000000E+00
  3853     48     60 6.457850E-05 5.426393E-05 5.853433E-05 7.821066E-14 0.000000E+00
  3854    148    155 6.043229E-05 2.692741E-05 4.302791E-05 6.874045E-14 0.000000E+00
  3855    252    883 6.282913E-05 1.105784E-05 3.639209E-05 3.453302E-14 0.000000E+00
  3856   3941   4031 1.680058E-05 1.411578E-05 1.522746E-05 1.677459E-15 0.000000E+00
  3857   1011   1788 2.274047E-05 1.592785E-05 1.904559E-05 1.981809E-16 0.000000E+00
  3858    165    172 4.575266E-05 5.081918E-05 4.756523E-05 1.234525E-13 0.000000E+00
  3859    401   6124 6.445425E-05 9.458465E-06 3.640477E-05 3.071803E-15 0.000000E+00
  3860   1990   3755 2.121942E-05 1.325353E-05 1.697921E-05 1.804861E-15 0.000000E+00
  3861   6368   6369 7.445258E-06 7.004761E-06 7.117174E-06 7.927235E-16 0.000000E+00
  3862   3527   5115 1.256275E-05 1.073327E-05 1.147416E-05 2.406482E-15 0.000000E+00
  3863   4158   5161 6.239055E-06 1.597962E-05 1.094353E-05 3.772514E-15 0.000000E+00
  3864    134   5161 3.799160E-05 1.249598E-05 2.486702E-05 2.505572E-15 0.000000E+00
  3865    754   2229 1.496179E-05 1.174792E-05 1.315553E-05 7.240679E-15 0.000000E+00
  3866   1759   3654 2.850791E-05 3.969337E-06 1.599625E-05 4.253811E-15 0.000000E+00
  3867    211    404 3.564997E-05 2.040810E-05 2.761069E-05 6.650384E-14 0.000000E+00
  3868   3146   5308 1.264115E-05 8.262769E-06 1.029596E-05 2.257846E-15 0.000000E+00
  3869    967   6620 2.300141E-05 5.625700E-06 1.409992E-05 4.812964E-16 0.000000E+00
  3870   1474   5045 1.502677E-05 5.262635E-06 9.993289E-06 3.510632E-15 0.000000E+00
  3871   3959   5031 1.118971E-05 7.958507E-06 9.431211E-06 1.174929E-15 0.000000E+00
  3872    742   5022 2.130284E-05 1.887663E-05 1.978989E-05 1.592525E-15 0.000000E+00
  3873     63   5022 5.726072E-05 1.871376E-05 3.742027E-05 2.788688E-15 0.000000E+00
  3874    916   3959 1.456953E-05 6.112835E-06 1.018683E-05 7.007109E-16 0.000000E+00
  3875    252   2428 4.766156E-05 1.087975E-05 2.883378E-05 1.281098E-14 0.000000E+00
  3876   1768   5096 1.646414E-05 9.875052E-06 1.297303E-05 2.703753E-15 0.000000E+00
  3877   5096   6369 1.338682E-05 9.874273E-06 1.145696E-05 1.132462E-16 0.000000E+00
  3878   1768   3755 1.084842E-05 9.722768E-06 1.013208E-05 1.606681E-15 0.000000E+00
  3879    654   1427 2.002188E-05 1.025162E-05 1.491083E-05 5.435818E-15 0.000000E+00
  3880    971   1858 2.694612E-05 1.093944E-05 1.866005E-05 1.766641E-14 0.000000E+00
  3881     71   3265 5.618250E-05 5.989049E-06 3.062181E-05 5.740167E-15 0.000000E+00
  3882   1514   2252 1.916172E-05 1.723035E-05 1.792445E-05 2.781610E-15 0.000000E+00
  3883    113    508 3.083073E-05 1.726334E-05 2.368812E-05 5.867569E-15 0.000000E+00
  3884    611   1007 1.640383E-05 9.833957E-06 1.292309E-05 1.504051E-14 0.000000E+00
  3885   1897   4330 1.253016E-05 7.927902E-06 1.007636E-05 1.946419E-15 0.000000E+00
  3886   1785   3167 1.444961E-05 5.792468E-06 9.969978E-06 3.142582E-15 0.000000E+00
  3887   3461   5609 1.087950E-05 1.057923E-05 1.056923E-05 2.194145E-15 0.000000E+00
  3888    953   5680 1.794728E-05 6.779654E-06 1.217894E-05 5.421662E-15 0.000000E+00
  3889      2     10 2.630749E-04 9.432477E-05 1.760327E-04 7.779590E-13 0.000000E+00
  3890    308   5031 2.710671E-05 9.950683E-06 1.825215E-05 4.267966E-15 0.000000E+00
  3891   5061   6256 9.238715E-06 8.178067E-06 8.578415E-06 5.237637E-16 0.000000E+00
  3892   3832   3972 9.864511E-06 8.423068E-06 9.007315E-06 1.281098E-15 0.000000E+00
  3893    401   4031 2.790917E-05 1.045043E-05 1.889354E-05 7.092044E-15 0.000000E+00
  3894    971   6124 3.614702E-05 9.973539E-06 2.271610E-05 1.811939E-15 0.000000E+00
  3895   1762   6361 1.793204E-05 4.816112E-06 1.120431E-05 2.739143E-15 0.000000E+00
  3896    182   1684 4.489810E-05 2.896544E-05 3.638055E-05 4.246733E-16 0.000000E+00
  3897    806   3755 1.434094E-05 8.382058E-06 1.119192E-05 3.843293E-15 0.000000E+00
  3898     96   2998 3.732898E-05 9.364411E-06 2.299824E-05 3.609723E-15 0.000000E+00
  3899   1007   2998 1.601264E-05 9.686475E-06 1.265777E-05 1.373110E-15 0.000000E+00
  3900    227    296 2.569690E-05 2.475997E-05 2.485189E-05 6.405489E-15 0.000000E+00
  3901      2    175 1.643587E-04 5.446508E-05 1.077789E-04 2.407544E-13 0.000000E+00
  3902   1543   2802 1.356386E-05 1.227847E-05 1.272831E-05 9.201254E-16 0.000000E+00
  3903     64    254 8.964898E-05 3.061547E-05 5.923473E-05 6.924298E-14 0.000000E+00
  3904     60    115 2.552399E-05 2.927338E-05 2.698975E-05 3.088790E-13 0.000000E+00
  3905     60    174 5.587273E-05 3.973311E-05 4.708944E-05 5.515090E-14 0.000000E+00
  3906     48    452 6.884326E-05 1.891313E-05 4.322330E-05 2.343489E-14 0.000000E+00
  3907    270   1490 2.913093E-05 1.961145E-05 2.400744E-05 6.582436E-16 0.000000E+00
  3908    246   5672 4.068643E-05 7.450571E-06 2.370927E-05 2.710831E-15 0.000000E+00
  3909    246   1990 3.295388E-05 1.077497E-05 2.153809E-05 1.353292E-14 0.000000E+00
  3910    121   3168 2.972761E-05 1.093025E-05 2.002551E-05 4.671406E-16 0.000000E+00
  3911    401    971 6.507132E-05 3.539143E-05 4.948165E-05 5.329650E-15 0.000000E+00
  3912    121   6374 5.543518E-05 2.116719E-05 3.772953E-05 2.229535E-15 0.000000E+00
  3913    620   3626 2.886550E-05 3.739524E-06 1.605919E-05 9.364046E-15 0.000000E+00
  3914    390   1514 2.436015E-05 1.765384E-05 2.069346E-05 7.891845E-15 0.000000E+00
  3915     71   1492 6.272461E-05 1.165998E-05 3.663719E-05 5.803868E-15 0.000000E+00
  3916   1111   4461 1.317935E-05 7.903639E-06 1.038416E-05 5.096079E-16 0.000000E+00
  3917    227    595 4.228798E-05 2.002776E-05 3.069283E-05 3.157446E-14 0.000000E+00
  3918    359    505 3.964439E-05 3.805306E-05 3.826890E-05 2.884239E-14 0.000000E+00
  3919    406   1521 2.933822E-05 2.108546E-05 2.483555E-05 7.346848E-15 0.000000E+00
  3920   1800   1913 1.537140E-05 1.786197E-05 1.636868E-05 4.338745E-15 0.000000E+00
  3921     79    115 2.496944E-05 2.925635E-05 2.670823E-05 1.229075E-13 0.000000E+00
  3922    252    452 4.668993E-05 1.153019E-05 2.867558E-05 6.916512E-14 0.000000E+00
  3923    742   1009 2.183516E-05 1.442366E-05 1.785882E-05 1.360370E-14 0.000000E+00
  3924     90   1009 4.385000E-05 1.337950E-05 2.818766E-05 3.694658E-15 0.000000E+00
  3925     63   5659 5.969436E-05 1.397069E-05 3.628278E-05 6.228541E-16 0.000000E+00
  3926    246   2135 3.012809E-05 8.604356E-06 1.907717E-05 7.644119E-15 0.000000E+00
  3927    121   5168 4.090598E-05 8.594251E-06 2.438071E-05 3.503555E-15 0.000000E+00
  3928    182    654 3.841376E-05 2.630173E-05 3.187479E-05 8.295285E-15 0.000000E+00
  3929    390    465 1.532984E-05 1.986628E-05 1.733540E-05 3.533989E-14 0.000000E+00
  3930    106    418 4.667128E-05 2.743799E-05 3.650158E-05 1.387266E-14 0.000000E+00
  3931    628   6312 2.526538E-05 8.021966E-06 1.639526E-05 3.914072E-15 0.000000E+00
  3932    595    903 1.513560E-05 2.958920E-05 2.202863E-05 1.217397E-15 0.000000E+00
  3933    967   1623 1.547973E-05 2.792940E-05 2.138061E-05 7.184056E-15 0.000000E+00
  3934    667   1623 2.873315E-05 2.464842E-05 2.629241E-05 7.644119E-16 0.000000E+00
  3935    452    883 1.608779E-05 1.387678E-05 1.475867E-05 3.078881E-15 0.000000E+00
  3936    155   5659 2.311096E-05 7.364292E-06 1.501020E-05 1.734083E-15 0.000000E+00
  3937   1788   4085 9.127420E-06 4.604333E-06 6.763401E-06 2.852389E-15 0.000000E+00
  3938     44   6107 3.896518E-05 1.220047E-05 2.520099E-05 1.211734E-14 0.000000E+00
  3939    401   2375 3.940625E-05 1.062336E-05 2.464145E-05 8.755347E-15 0.000000E+00
  3940    165    319 3.029737E-05 2.135700E-05 2.544170E-05 3.965033E-14 0.000000E+00
  3941    205    367 4.538042E-05 3.488889E-05 3.953563E-05 3.495061E-14 0.000000E+00
  3942   1419   1684 2.900927E-05 1.114151E-05 1.977576E-05 3.078881E-15 0.000000E+00
  3943    508    921 2.207369E-05 1.353730E-05 1.753974E-05 1.521746E-15 0.000000E+00
  3944     71   1486 8.854094E-05 1.791708E-05 5.243455E-05 1.514668E-15 0.000000E+00
  3945     96    224 2.963131E-05 3.782319E-05 3.322386E-05 4.457654E-14 0.000000E+00
  3946    481   1064 5.674935E-05 3.281103E-05 4.411183E-05 6.469190E-15 0.000000E+00
  3947   1111   1789 1.621065E-05 6.188862E-06 1.103260E-05 2.017198E-15 0.000000E+00
  3948      9     10 3.448623E-05 3.106296E-05 3.228542E-05 1.782361E-12 0.000000E+00
  3949    188    795 2.744822E-05 1.873932E-05 2.274909E-05 6.178996E-15 0.000000E+00
  3950   1368   1800 1.903907E-05 9.009917E-06 1.381517E-05 4.345823E-15 0.000000E+00
  3951      5    734 1.587278E-04 2.106889E-05 8.855658E-05 1.477155E-14 0.000000E+00
  3952    148    151 4.704826E-05 4.455559E-05 4.511832E-05 4.013162E-14 0.000000E+00
  3953   1490   5031 1.267845E-05 7.843415E-06 1.010778E-05 1.712849E-15 0.000000E+00
  3954    401   4085 3.344261E-05 5.994153E-06 1.942407E-05 1.139540E-15 0.000000E+00
  3955    367   1419 2.515695E-05 2.713916E-05 2.575779E-05 7.361004E-15 0.000000E+00
  3956     44   1427 4.871605E-05 1.978600E-05 3.373982E-05 2.475137E-14 0.000000E+00
  3957    390   5091 2.313059E-05 1.271568E-05 1.765562E-05 1.953497E-15 0.000000E+00
  3958    508   1363 2.717451E-05 2.450618E-05 2.545467E-05 3.305374E-15 0.000000E+00
  3959    806   6402 1.396764E-05 9.003745E-06 1.131426E-05 4.423680E-15 0.000000E+00
  3960    465   1514 2.596073E-05 1.918219E-05 2.223457E-05 2.781610E-15 0.000000E+00
  3961    502   1007 2.427383E-05 2.281998E-05 2.319546E-05 1.819017E-15 0.000000E+00
  3962    611   1988 1.399594E-05 1.472652E-05 1.414688E-05 3.892838E-15 0.000000E+00
  3963    277    903 4.072399E-05 2.053046E-05 3.017010E-05 1.724174E-14 0.000000E+00
  3964    120   2143 3.590705E-05 1.292953E-05 2.405384E-05 1.217397E-15 0.000000E+00
  3965   3789   3797 6.397986E-06 6.365858E-06 6.286669E-06 1.741160E-15 0.000000E+00
  3966    289    426 6.239939E-05 3.559560E-05 4.826619E-05 2.292528E-14 0.000000E+00
  3967   5268   6437 7.883191E-06 9.422917E-06 8.523904E-06 6.511657E-16 0.000000E+00
  3968     79   2262 4.460626E-05 6.996314E-06 2.541619E-05 6.214386E-15 0.000000E+00
  3969    174    268 3.958928E-05 4.534428E-05 4.183294E-05 1.132462E-15 0.000000E+00
  3970    155   4015 2.305713E-05 6.393036E-06 1.450531E-05 7.290225E-16 0.000000E+00
  3971   4031   5061 1.410395E-05 2.740082E-06 8.296312E-06 9.413591E-16 0.000000E+00
  3972    221   5058 5.065444E-05 1.260178E-05 3.115605E-05 4.933288E-15 0.000000E+00
  3973    105   5058 5.726963E-05 1.698789E-05 3.657460E-05 1.323565E-15 0.000000E+00
  3974    221    710 5.481813E-05 1.976193E-05 3.673346E-05 3.984851E-15 0.000000E+00
  3975    462   1684 2.675133E-05 6.015424E-06 1.613885E-05 1.063099E-14 0.000000E+00
  3976    118    448 3.410080E-05 1.298711E-05 2.319255E-05 4.057753E-14 0.000000E+00
  3977    654    722 3.312844E-05 1.640380E-05 2.439648E-05 1.840251E-16 0.000000E+00
  3978    628   4019 2.793598E-05 1.122906E-05 1.929024E-05 1.458045E-15 0.000000E+00
  3979   1897   2143 5.821808E-06 2.001550E-05 1.272584E-05 8.068792E-15 0.000000E+00
  3980    103   3829 4.590074E-05 3.495287E-06 2.432939E-05 2.993947E-15 0.000000E+00
  3981   2515   5161 9.831061E-06 8.917105E-06 9.234171E-06 6.193152E-15 0.000000E+00
  3982      2   4508 1.284116E-04 8.861795E-06 6.761227E-05 1.918108E-14 0.000000E+00
  3983    406   1913 2.356720E-05 1.959801E-05 2.126047E-05 2.672611E-14 0.000000E+00
  3984    115    197 2.742041E-05 5.258240E-05 3.940437E-05 1.837844E-13 0.000000E+00
  3985    967   1542 2.617615E-05 1.176871E-05 1.868926E-05 5.860491E-15 0.000000E+00
  3986    121   2051 3.678076E-05 1.561656E-05 2.580764E-05 1.111228E-15 0.000000E+00
  3987    502    917 1.492532E-05 1.276125E-05 1.363667E-05 1.579077E-14 0.000000E+00
  3988   1205   1858 1.559510E-05 8.994879E-06 1.211148E-05 2.739143E-15 0.000000E+00
  3989   1988   5111 9.737239E-06 6.865083E-06 8.177263E-06 1.811939E-15 0.000000E+00
  3990    465   1988 2.504519E-05 1.009869E-05 1.730967E-05 2.201223E-15 0.000000E+00
  3991    182   3862 3.385602E-05 1.012132E-05 2.166048E-05 8.988918E-15 0.000000E+00
  3992   1205   3265 2.155938E-05 6.278681E-06 1.371129E-05 2.420638E-15 0.000000E+00
  3993   3862   4069 9.669161E-06 4.535590E-06 6.996370E-06 2.767454E-15 0.000000E+00
  3994    182    264 3.649635E-05 3.068907E-05 3.309133E-05 1.011359E-13 0.000000E+00
  3995   1317   2444 1.340259E-05 1.166352E-05 1.234599E-05 9.130476E-16 0.000000E+00
  3996    424    595 1.686948E-05 2.309113E-05 1.968209E-05 1.902536E-14 0.000000E+00
  3997      2   5641 1.593435E-04 1.835566E-06 7.938672E-05 1.951374E-14 0.000000E+00
  3998    188    627 3.624775E-05 4.042474E-05 3.776407E-05 5.633999E-15 0.000000E+00
  3999   1913   2750 2.196931E-05 2.185304E-05 2.158414E-05 2.477261E-16 0.000000E+00
  4000    212    240 4.388274E-05 1.411524E-05 2.856617E-05 8.381635E-14 0.000000E+00
  4001    137    172 4.841549E-05 4.445341E-05 4.574140E-05 8.332090E-14 0.000000E+00
  4002     18    403 7.149852E-05 3.111582E-05 5.054139E-05 1.406376E-14 0.000000E+00
  4003   4015   5659 5.273134E-06 3.659628E-06 4.399718E-06 3.078881E-15 0.000000E+00
  4004    221   5659 4.033905E-05 9.137676E-06 2.436913E-05 1.663304E-15 0.000000E+00
  4005    102    205 6.066399E-05 3.357844E-05 4.641791E-05 6.268885E-14 0.000000E+00
  4006    205    462 5.238412E-05 1.647089E-05 3.391366E-05 1.374526E-14 0.000000E+00
  4007    324   2856 3.767199E-05 1.320081E-05 2.505675E-05 1.224475E-15 0.000000E+00
  4008    246   1858 4.247500E-05 1.907614E-05 3.031623E-05 3.213361E-15 0.000000E+00
  4009    389   6368 4.261693E-05 6.805197E-06 2.434224E-05 9.059697E-16 0.000000E+00
  4010    903   4424 1.373698E-05 5.649072E-06 9.548354E-06 1.429733E-15 0.000000E+00
  4011    134   2515 2.918581E-05 1.136786E-05 1.997419E-05 4.161798E-15 0.000000E+00
  4012     90    686 6.404004E-05 4.147925E-05 5.197219E-05 7.155745E-15 0.000000E+00
  4013    252   1009 4.794156E-05 2.674628E-05 3.678655E-05 1.192624E-14 0.000000E+00
  4014   1890   3959 1.503265E-05 1.035012E-05 1.250196E-05 3.758359E-15 0.000000E+00
  4015    308   3246 2.069372E-05 6.283968E-06 1.328752E-05 3.100115E-15 0.000000E+00
  4016    270   3246 2.755027E-05 5.723527E-06 1.638859E-05 4.947444E-15 0.000000E+00
  4017    221    742 3.041738E-05 1.974679E-05 2.470773E-05 2.371092E-15 0.000000E+00
  4018    221   1009 4.873886E-05 1.399929E-05 3.090088E-05 1.139540E-15 0.000000E+00
  4019   1173   3814 1.566117E-05 1.119778E-05 1.322904E-05 2.010120E-15 0.000000E+00
  4020    401   6115 3.860041E-05 9.900328E-06 2.388842E-05 2.696675E-15 0.000000E+00
  4021   3336   4301 8.357157E-06 4.954354E-06 6.556416E-06 1.564213E-15 0.000000E+00
  4022   3168   6356 1.305105E-05 4.886547E-06 8.834937E-06 1.344799E-15 0.000000E+00
  4023   5096   6359 4.997749E-06 4.771549E-06 4.811744E-06 1.698693E-15 0.000000E+00
  4024    389   3755 3.018223E-05 1.788022E-05 2.367255E-05 3.269984E-15 0.000000E+00
  4025    356    367 3.668437E-05 2.790553E-05 3.181294E-05 4.546835E-14 0.000000E+00
  4026    620    971 2.681970E-05 1.381874E-05 2.001595E-05 3.176556E-14 0.000000E+00
  4027    620   1205 3.525370E-05 1.444351E-05 2.447773E-05 2.944401E-15 0.000000E+00
  4028    628   1193 3.916137E-05 1.937772E-05 2.883268E-05 1.337721E-15 0.000000E+00
  4029    113   1193 4.217500E-05 2.578083E-05 3.347078E-05 1.366032E-14 0.000000E+00
  4030    113    264 4.986523E-05 3.371664E-05 4.116719E-05 1.714264E-14 0.000000E+00
  4031   1492   1897 1.652702E-05 6.887730E-06 1.153264E-05 3.135504E-15 0.000000E+00
  4032     96   4416 4.503029E-05 4.300420E-06 2.429721E-05 2.930246E-15 0.000000E+00
  4033    595   4416 1.767284E-05 1.256609E-05 1.489380E-05 3.220439E-15 0.000000E+00
  4034     15   6446 7.146410E-05 8.700273E-06 3.948394E-05 2.604663E-15 0.000000E+00
  4035     90    240 1.063044E-04 2.749090E-05 6.589917E-05 9.838972E-14 0.000000E+00
  4036     90   2057 5.930255E-05 1.821415E-05 3.817987E-05 6.985875E-15 0.000000E+00
  4037    252   3976 4.137920E-05 8.552500E-06 2.459322E-05 9.272033E-16 0.000000E+00
  4038    401   3000 3.939260E-05 1.954278E-05 2.902787E-05 1.153696E-15 0.000000E+00
  4039    132    205 7.253833E-05 2.983208E-05 5.042125E-05 5.854121E-14 0.000000E+00
  4040    710   3814 2.047982E-05 9.090300E-06 1.456439E-05 4.536926E-15 0.000000E+00
  4041    172    494 3.884554E-05 3.344915E-05 3.560783E-05 9.625928E-15 0.000000E+00
  4042    401   2135 5.701397E-05 2.303213E-05 3.942569E-05 7.382237E-15 0.000000E+00
  4043    389   5091 4.337957E-05 1.647532E-05 2.948077E-05 4.827120E-15 0.000000E+00
  4044   1486   1514 1.457361E-05 2.592000E-05 1.994461E-05 2.066743E-15 0.000000E+00
  4045    113   1465 3.321650E-05 1.326286E-05 2.289282E-05 8.896905E-15 0.000000E+00
  4046    227   4416 5.541894E-05 1.789428E-05 3.610950E-05 1.429733E-15 0.000000E+00
  4047   2439   2515 2.480556E-05 1.470329E-05 1.945958E-05 2.675442E-15 0.000000E+00
  4048    933   1299 1.415489E-05 2.223818E-05 1.792494E-05 1.080793E-14 0.000000E+00
  4049    254   6458 3.172804E-05 1.276215E-05 2.191308E-05 2.328625E-15 0.000000E+00
  4050      5     65 1.232400E-04 2.320321E-05 7.212874E-05 1.004331E-12 0.000000E+00
  4051     60    452 6.592543E-05 2.012380E-05 4.238246E-05 3.220439E-15 0.000000E+00
  4052   1009   5233 2.605511E-05 9.415943E-06 1.747082E-05 3.411542E-15 0.000000E+00
  4053    221   6265 4.670848E-05 8.159179E-06 2.702437E-05 2.250768E-15 0.000000E+00
  4054    221   1173 5.837193E-05 1.798208E-05 3.760720E-05 3.220439E-15 0.000000E+00
  4055     44   1788 5.579982E-05 1.527854E-05 3.500874E-05 1.266234E-14 0.000000E+00
  4056   2135   3814 6.690150E-06 1.505071E-05 1.070818E-05 4.685562E-15 0.000000E+00
  4057     18    106 1.049278E-04 3.929678E-05 7.103598E-05 4.856847E-14 0.000000E+00
  4058    182    720 4.546814E-05 2.004617E-05 3.226824E-05 1.948543E-14 0.000000E+00
  4059    508    722 1.921958E-05 2.081554E-05 1.971879E-05 1.539441E-14 0.000000E+00
  4060     71   4432 7.660028E-05 8.892201E-06 4.210824E-05 5.131469E-15 0.000000E+00
  4061    277   4424 3.793781E-05 8.019786E-06 2.263583E-05 2.215379E-15 0.000000E+00
  4062    296   4410 2.309994E-05 1.244469E-05 1.750706E-05 2.972713E-15 0.000000E+00
  4063   1789   2821 1.322235E-05 8.752586E-06 1.082348E-05 5.209326E-15 0.000000E+00
  4064    224    227 5.452804E-05 4.523054E-05 4.913482E-05 5.322572E-15 0.000000E+00
  4065      9     14 7.293387E-05 8.578404E-05 7.817450E-05 3.090206E-13 0.000000E+00
  4066    933   1556 1.860021E-05 1.677317E-05 1.742271E-05 1.399298E-14 0.000000E+00
  4067     48    686 9.825611E-05 1.985572E-05 5.817449E-05 3.111440E-14 0.000000E+00
  4068    252   1173 3.557389E-05 1.984876E-05 2.729773E-05 2.484339E-15 0.000000E+00
  4069    252   5061 3.124777E-05 9.155121E-06 1.989993E-05 2.349859E-15 0.000000E+00
  4070    270    622 4.171459E-05 1.890519E-05 2.985750E-05 1.589694E-14 0.000000E+00
  4071    221   3814 5.521351E-05 1.206664E-05 3.313799E-05 1.288176E-15 0.000000E+00
  4072    324    720 4.669994E-05 1.691436E-05 3.133242E-05 5.308416E-16 0.000000E+00
  4073    465   5091 3.238452E-05 1.109212E-05 2.141387E-05 7.410549E-15 0.000000E+00
  4074    720   1419 2.053906E-05 1.844446E-05 1.920084E-05 3.305374E-15 0.000000E+00
  4075    508    775 2.900741E-05 1.715591E-05 2.273716E-05 6.455034E-15 0.000000E+00
  4076   1363   2653 2.556859E-05 2.933853E-05 2.704381E-05 7.240679E-15 0.000000E+00
  4077    465   6385 2.484551E-05 4.700800E-06 1.455266E-05 1.118306E-15 0.000000E+00
  4078    113    265 4.612865E-05 3.491211E-05 3.991560E-05 1.545811E-14 0.000000E+00
  4079     94   1193 4.050066E-05 1.404336E-05 2.686496E-05 5.662310E-15 0.000000E+00
  4080     66    224 7.923658E-05 4.391269E-05 6.065561E-05 4.685562E-15 0.000000E+00
  4081    227   1287 2.515595E-05 1.003356E-05 1.733215E-05 1.317903E-14 0.000000E+00
  4082    704   1613 2.609043E-05 6.234422E-06 1.592119E-05 8.854438E-15 0.000000E+00
  4083     10     14 3.595122E-05 3.402626E-05 3.446652E-05 1.569946E-12 0.000000E+00
  4084    627    850 3.162059E-05 2.771543E-05 2.922521E-05 1.519623E-14 0.000000E+00
  4085    426    609 1.447558E-05 1.360851E-05 1.383246E-05 5.804576E-14 0.000000E+00
  4086   3081   4015 1.104157E-05 9.665102E-06 1.019881E-05 4.756341E-15 0.000000E+00
  4087   4324   6265 9.134702E-06 7.048610E-06 7.970885E-06 5.591532E-16 0.000000E+00
  4088    622   3972 1.939565E-05 1.383124E-05 1.636548E-05 2.024276E-15 0.000000E+00
  4089    742   4982 1.736354E-05 1.200030E-05 1.446279E-05 6.582436E-16 0.000000E+00
  4090    221   6229 1.858049E-05 9.723290E-06 1.394067E-05 6.285165E-15 0.000000E+00
  4091   4957   5058 6.126616E-06 1.403144E-05 9.928595E-06 8.068792E-16 0.000000E+00
  4092   1788   6107 2.410444E-05 7.735193E-06 1.568221E-05 2.625896E-15 0.000000E+00
  4093    494   2051 4.356110E-05 1.949274E-05 3.105637E-05 3.277062E-15 0.000000E+00
  4094    683   3168 2.917791E-05 9.449980E-06 1.902568E-05 1.981809E-15 0.000000E+00
  4095    118   6356 4.844283E-05 1.239367E-05 2.996424E-05 1.139540E-15 0.000000E+00
  4096    818   1007 3.183330E-05 1.683036E-05 2.396867E-05 5.902959E-15 0.000000E+00
  4097    611   1064 1.786606E-05 3.316541E-05 2.513490E-05 2.781610E-15 0.000000E+00
  4098   2788   4125 1.434141E-05 1.383751E-05 1.387917E-05 9.342812E-16 0.000000E+00
  4099    933   1860 1.573359E-05 8.659342E-06 1.201443E-05 4.381213E-15 0.000000E+00
  4100    195    426 4.832035E-05 3.408881E-05 4.058958E-05 2.410021E-14 0.000000E+00
  4101   1322   1998 1.418909E-05 1.755786E-05 1.563655E-05 1.050359E-14 0.000000E+00
  4102    667    967 1.379806E-05 1.269320E-05 1.304794E-05 1.067346E-14 0.000000E+00
  4103     48   3272 7.840808E-05 8.861692E-06 4.298362E-05 2.215379E-15 0.000000E+00
  4104    151    328 2.738758E-05 1.917313E-05 2.293289E-05 3.452594E-14 0.000000E+00
  4105    883   2995 2.212710E-05 2.483376E-05 2.312998E-05 4.551082E-15 0.000000E+00
  4106   4324   5058 7.951674E-06 3.452582E-06 5.617022E-06 1.932263E-15 0.000000E+00
  4107    221   4982 4.409437E-05 6.827267E-06 2.508081E-05 2.095055E-15 0.000000E+00
  4108   1173   4031 2.335154E-05 1.862667E-05 2.067583E-05 5.478285E-15 0.000000E+00
  4109    213    972 3.256617E-05 1.572822E-05 2.378679E-05 4.105175E-16 0.000000E+00
  4110    118    375 8.335169E-05 2.006996E-05 5.093902E-05 3.437022E-14 0.000000E+00
  4111   3677   6374 8.590814E-06 2.290427E-05 1.551250E-05 1.550057E-15 0.000000E+00
  4112    448   6356 1.999249E-05 1.285870E-05 1.618044E-05 2.448949E-15 0.000000E+00
  4113    112   1205 3.907868E-05 1.360628E-05 2.594931E-05 2.371092E-14 0.000000E+00
  4114    182   6349 3.850483E-05 3.875345E-06 2.087382E-05 2.873623E-15 0.000000E+00
  4115    818   1753 2.902057E-05 1.083740E-05 1.963154E-05 3.645112E-15 0.000000E+00
  4116    112   1486 6.760750E-05 1.046029E-05 3.845130E-05 2.033477E-14 0.000000E+00
  4117    264   3862 3.932671E-05 1.437380E-05 2.644951E-05 1.280390E-14 0.000000E+00
  4118    481   5161 2.124855E-05 1.492642E-05 1.781752E-05 6.157763E-16 0.000000E+00
  4119    296   2721 2.626894E-05 1.822397E-05 2.191442E-05 2.052588E-16 0.000000E+00
  4120   3165   3700 7.616732E-06 6.717994E-06 7.060388E-06 2.802844E-15 0.000000E+00
  4121     79    686 5.444162E-05 1.496626E-05 3.418597E-05 1.349753E-14 0.000000E+00
  4122    462   3062 2.263922E-05 1.554529E-05 1.880729E-05 4.685562E-15 0.000000E+00
  4123    258    401 2.693843E-05 5.459972E-05 4.016058E-05 2.059665E-15 0.000000E+00
  4124    462    720 3.666171E-05 1.629691E-05 2.608410E-05 4.551082E-15 0.000000E+00
  4125     44   6129 6.584892E-05 4.646385E-06 3.472157E-05 1.033372E-15 0.000000E+00
  4126    246    971 3.671674E-05 1.440493E-05 2.517933E-05 6.327632E-15 0.000000E+00
  4127    683   3677 2.150621E-05 2.442230E-06 1.179550E-05 3.022258E-15 0.000000E+00
  4128     94   3159 3.788852E-05 5.511663E-06 2.137621E-05 1.465123E-15 0.000000E+00
  4129    224   4416 4.820632E-05 2.000046E-05 3.359439E-05 5.032378E-15 0.000000E+00
  4130    120   1089 3.096484E-05 3.403842E-05 3.201653E-05 1.995964E-15 0.000000E+00
  4131    227   2721 3.874416E-05 1.669453E-05 2.730563E-05 1.089995E-15 0.000000E+00
  4132   5200   5201 8.696056E-06 7.699587E-06 8.075466E-06 8.918139E-16 0.000000E+00
  4133   1544   5201 1.593456E-05 6.852698E-06 1.122358E-05 2.887778E-15 0.000000E+00
  4134    686   2262 3.447101E-05 8.040868E-06 2.093869E-05 1.196163E-15 0.000000E+00
  4135     79    252 6.992624E-05 5.372279E-05 6.090177E-05 8.889827E-15 0.000000E+00
  4136    252   5233 6.655616E-05 6.711291E-06 3.608695E-05 1.017800E-14 0.000000E+00
  4137   1490   1890 1.257416E-05 1.118023E-05 1.169992E-05 4.048552E-15 0.000000E+00
  4138    108    172 5.670582E-05 6.494306E-05 5.991661E-05 5.180306E-14 0.000000E+00
  4139    221   1467 2.366467E-05 2.073127E-05 2.186666E-05 1.469370E-14 0.000000E+00
  4140    494    972 2.990405E-05 1.608681E-05 2.265222E-05 2.754006E-14 0.000000E+00
  4141   1419   2286 1.117944E-05 1.696425E-05 1.386182E-05 3.531866E-15 0.000000E+00
  4142    683    917 2.210279E-05 1.450434E-05 1.803038E-05 4.388291E-15 0.000000E+00
  4143    182    722 4.375928E-05 1.567937E-05 2.927576E-05 6.511657E-16 0.000000E+00
  4144    118   6388 6.114286E-05 6.239903E-06 3.318853E-05 7.573340E-15 0.000000E+00
  4145    620   1193 1.443796E-05 3.218774E-05 2.296490E-05 1.804861E-15 0.000000E+00
  4146   1193   4019 2.185992E-05 7.896052E-06 1.465592E-05 7.644119E-16 0.000000E+00
  4147     71   2302 7.788246E-05 1.145263E-05 4.400087E-05 3.892838E-15 0.000000E+00
  4148    264    265 1.993271E-05 3.119261E-05 2.518113E-05 1.004706E-13 0.000000E+00
  4149   1193   3159 1.269685E-05 1.438236E-05 1.333752E-05 1.953497E-15 0.000000E+00
  4150   1193   1872 1.477607E-05 2.179326E-05 1.801176E-05 1.507590E-15 0.000000E+00
  4151    227    288 4.477474E-05 3.200736E-05 3.781805E-05 3.987682E-14 0.000000E+00
  4152   1299   2583 9.996162E-06 8.443290E-06 9.082118E-06 7.962624E-15 0.000000E+00
  4153    404   1513 2.892991E-05 1.934632E-05 2.377784E-05 5.754323E-15 0.000000E+00
  4154      5   2069 1.371964E-04 1.896059E-05 7.691315E-05 3.775345E-14 0.000000E+00
  4155     60   3517 4.151081E-05 1.307116E-05 2.688366E-05 7.403471E-15 0.000000E+00
  4156     79   3517 4.578951E-05 1.134310E-05 2.813994E-05 1.472201E-15 0.000000E+00
  4157    148   3081 6.574095E-05 1.436050E-05 3.945296E-05 8.635023E-16 0.000000E+00
  4158    212    252 4.239279E-05 7.254126E-05 5.660931E-05 1.868562E-15 0.000000E+00
  4159    155   5025 3.266665E-05 1.234403E-05 2.216944E-05 1.755316E-15 0.000000E+00
  4160    252   2995 6.114228E-05 1.581148E-05 3.790260E-05 6.922174E-15 0.000000E+00
  4161    252   6182 3.580861E-05 9.756849E-06 2.244269E-05 2.831155E-16 0.000000E+00
  4162   3991   5058 1.116320E-05 9.634160E-06 1.024348E-05 9.555149E-16 0.000000E+00
  4163    270    911 3.707201E-05 1.597190E-05 2.612611E-05 7.290225E-15 0.000000E+00
  4164   3976   3990 5.393565E-06 1.251634E-05 8.821295E-06 9.767485E-16 0.000000E+00
  4165    172   3991 3.620158E-05 7.522217E-06 2.153560E-05 1.698693E-15 0.000000E+00
  4166    221   6093 3.048978E-05 1.039541E-05 2.013748E-05 5.924192E-15 0.000000E+00
  4167   5174   6132 1.110515E-05 1.082433E-05 1.080109E-05 2.321547E-15 0.000000E+00
  4168    972   5174 1.708986E-05 8.730639E-06 1.271756E-05 2.257846E-15 0.000000E+00
  4169    165    375 4.295597E-05 2.711852E-05 3.451430E-05 3.338640E-14 0.000000E+00
  4170    448   2051 2.048983E-05 1.283183E-05 1.641216E-05 2.222457E-15 0.000000E+00
  4171    494   6374 2.847275E-05 1.549708E-05 2.165678E-05 6.157763E-15 0.000000E+00
  4172    246    389 3.928306E-05 3.466069E-05 3.642005E-05 3.185050E-16 0.000000E+00
  4173   5167   6356 1.022171E-05 9.310480E-06 9.620330E-06 2.477261E-16 0.000000E+00
  4174    118   1739 8.340212E-05 1.790850E-05 4.989926E-05 1.343383E-14 0.000000E+00
  4175   2052   4019 3.121445E-05 1.577093E-05 2.314205E-05 5.803868E-16 0.000000E+00
  4176   1193   2052 1.243794E-05 2.759267E-05 1.971657E-05 4.869587E-15 0.000000E+00
  4177     94   1872 4.075972E-05 1.297258E-05 2.646516E-05 6.794772E-15 0.000000E+00
  4178    134   1020 2.729829E-05 3.243780E-05 2.942225E-05 9.434825E-15 0.000000E+00
  4179    227    424 5.203638E-05 2.912389E-05 3.997446E-05 5.068476E-14 0.000000E+00
  4180    627    962 1.375976E-05 2.254202E-05 1.787998E-05 1.710018E-14 0.000000E+00
  4181   1299   6078 2.244834E-05 3.729904E-06 1.289376E-05 4.784652E-15 0.000000E+00
  4182   1556   3529 1.418376E-05 2.156348E-05 1.760685E-05 5.492441E-15 0.000000E+00
  4183   1322   2479 1.973342E-05 8.656311E-06 1.398300E-05 1.783628E-15 0.000000E+00
  4184     48   5385 7.936257E-05 1.033437E-05 4.417909E-05 4.168876E-15 0.000000E+00
  4185   3272   5385 9.633193E-06 8.270499E-06 8.818236E-06 1.203241E-16 0.000000E+00
  4186    212   3081 3.095553E-05 1.526371E-05 2.276470E-05 8.351908E-16 0.000000E+00
  4187    308   1890 3.063320E-05 1.600796E-05 2.297251E-05 1.981809E-16 0.000000E+00
  4188   5022   6216 8.054318E-06 6.979529E-06 7.404731E-06 3.418620E-15 0.000000E+00
  4189    308   2266 2.823945E-05 1.461390E-05 2.110687E-05 8.160805E-15 0.000000E+00
  4190    174    270 3.894581E-05 3.831544E-05 3.805405E-05 1.840251E-16 0.000000E+00
  4191   1162   1173 2.583656E-05 1.999174E-05 2.257215E-05 8.571322E-15 0.000000E+00
  4192   1788   3976 1.856242E-05 1.727594E-05 1.765173E-05 2.689597E-16 0.000000E+00
  4193    221    843 3.416526E-05 2.733575E-05 3.029154E-05 9.095086E-15 0.000000E+00
  4194    972   1467 1.318046E-05 2.472163E-05 1.866820E-05 9.080930E-15 0.000000E+00
  4195    683   3757 2.587290E-05 6.841415E-06 1.611302E-05 1.323565E-15 0.000000E+00
  4196    971   2653 1.804570E-05 2.416988E-05 2.079275E-05 3.878683E-15 0.000000E+00
  4197    356   1419 2.523208E-05 1.797117E-05 2.127921E-05 1.504759E-14 0.000000E+00
  4198    182   2286 3.838308E-05 1.910530E-05 2.831517E-05 7.353926E-15 0.000000E+00
  4199    112   6402 4.661661E-05 1.141315E-05 2.858182E-05 5.697700E-15 0.000000E+00
  4200    182   1216 3.206109E-05 1.373434E-05 2.255596E-05 1.039034E-14 0.000000E+00
  4201    620   4019 3.479109E-05 1.453858E-05 2.429670E-05 2.215379E-15 0.000000E+00
  4202   3862   4430 1.481081E-05 6.982379E-06 1.073396E-05 4.600627E-16 0.000000E+00
  4203     96   4453 4.791128E-05 1.502787E-05 3.099988E-05 4.480303E-15 0.000000E+00
  4204    113   6334 3.390962E-05 9.021302E-06 2.114508E-05 3.807904E-15 0.000000E+00
  4205   1942   2143 2.168045E-05 1.066344E-05 1.593057E-05 1.769472E-15 0.000000E+00
  4206   2041   4416 1.398261E-05 1.730525E-05 1.541044E-05 3.857449E-15 0.000000E+00
  4207   1789   2721 1.973806E-05 1.121886E-05 1.524744E-05 3.008102E-15 0.000000E+00
  4208    296   4053 2.868040E-05 3.420780E-06 1.581103E-05 2.378170E-15 0.000000E+00
  4209    296   1020 5.041976E-05 2.675075E-05 3.800935E-05 3.384646E-14 0.000000E+00
  4210    277    424 3.649552E-05 1.617579E-05 2.594258E-05 2.073113E-14 0.000000E+00
  4211    933   6078 1.451223E-05 4.426261E-06 9.327915E-06 9.767485E-16 0.000000E+00
  4212   2634   5205 1.354386E-05 1.571507E-05 1.441112E-05 1.316487E-15 0.000000E+00
  4213   2497   3001 9.147147E-06 1.025995E-05 9.558721E-06 8.705802E-16 0.000000E+00
  4214     79    452 5.810282E-05 2.286729E-05 3.988080E-05 4.685562E-15 0.000000E+00
  4215    252   3694 4.185992E-05 1.691438E-05 2.894854E-05 1.203241E-15 0.000000E+00
  4216    581   2951 2.090925E-05 1.274171E-05 1.657435E-05 2.109211E-15 0.000000E+00
  4217    155   3218 3.437230E-05 2.065574E-05 2.710337E-05 1.691615E-15 0.000000E+00
  4218   3218   5025 1.512955E-05 3.671592E-06 9.260264E-06 5.294260E-15 0.000000E+00
  4219    252    536 3.577019E-05 2.442871E-05 2.965020E-05 5.046534E-14 0.000000E+00
  4220    172    328 3.462631E-05 1.320486E-05 2.355864E-05 3.747034E-14 0.000000E+00
  4221   1788   5057 2.087267E-05 9.759484E-06 1.508748E-05 1.295254E-15 0.000000E+00
  4222    401   1173 4.538947E-05 2.981382E-05 3.704043E-05 1.896874E-15 0.000000E+00
  4223     44   6087 6.236767E-05 1.772291E-05 3.944760E-05 8.585478E-15 0.000000E+00
  4224    258   2375 2.695836E-05 1.633878E-05 2.132546E-05 5.350883E-15 0.000000E+00
  4225    121   3438 5.856000E-05 8.619502E-06 3.308841E-05 6.101139E-15 0.000000E+00
  4226    319   3438 3.487376E-05 6.739957E-06 2.049631E-05 1.387266E-15 0.000000E+00
  4227    722    775 2.435636E-05 1.116007E-05 1.749317E-05 2.532468E-14 0.000000E+00
  4228    508   3275 2.338966E-05 7.716753E-06 1.532107E-05 3.822060E-16 0.000000E+00
  4229    224   4453 2.944642E-05 1.783804E-05 2.328936E-05 3.255828E-15 0.000000E+00
  4230    113   6296 4.202212E-05 2.602399E-06 2.197924E-05 3.418620E-15 0.000000E+00
  4231   2252   3779 1.929171E-05 1.204397E-05 1.543399E-05 1.995964E-15 0.000000E+00
  4232    113   1872 4.145489E-05 1.435832E-05 2.749009E-05 3.354919E-15 0.000000E+00
  4233    359    567 2.710161E-05 1.479216E-05 2.063425E-05 3.284140E-14 0.000000E+00
  4234   2894   3081 8.382585E-06 9.610604E-06 8.862317E-06 2.010120E-15 0.000000E+00
  4235    883   1890 2.163864E-05 1.110826E-05 1.612907E-05 9.838264E-16 0.000000E+00
  4236   2266   3246 1.774824E-05 1.124343E-05 1.427948E-05 7.714898E-16 0.000000E+00
  4237    108    165 3.378592E-05 4.165451E-05 3.715723E-05 1.716459E-13 0.000000E+00
  4238   1162   4031 2.436742E-05 2.164773E-05 2.266418E-05 1.557135E-16 0.000000E+00
  4239   1173   3391 1.665658E-05 1.359203E-05 1.489857E-05 2.533884E-15 0.000000E+00
  4240    494   3991 5.147170E-05 1.134464E-05 3.093939E-05 6.936330E-16 0.000000E+00
  4241    462    622 3.578694E-05 3.156767E-05 3.317466E-05 5.435818E-15 0.000000E+00
  4242     44    622 3.909318E-05 2.601573E-05 3.206857E-05 1.702940E-14 0.000000E+00
  4243    258   3000 4.007182E-05 8.505105E-06 2.392595E-05 9.951511E-15 0.000000E+00
  4244    213   1467 3.748444E-05 1.695732E-05 2.681460E-05 4.529848E-16 0.000000E+00
  4245   2051   3413 1.317194E-05 9.726784E-06 1.127848E-05 3.269984E-15 0.000000E+00
  4246    465   6374 3.851284E-05 1.296080E-05 2.535269E-05 2.717909E-15 0.000000E+00
  4247    720   1905 2.014517E-05 1.948635E-05 1.952000E-05 2.732065E-15 0.000000E+00
  4248    448   5167 1.701827E-05 6.764444E-06 1.171387E-05 1.889796E-15 0.000000E+00
  4249    775   2653 1.852543E-05 2.848263E-05 2.315323E-05 3.170894E-15 0.000000E+00
  4250    818    917 2.033324E-05 2.484299E-05 2.225098E-05 9.279111E-15 0.000000E+00
  4251    465   1551 2.376222E-05 2.108583E-05 2.208934E-05 1.127508E-14 0.000000E+00
  4252   1465   6295 1.063340E-05 9.865299E-06 1.009638E-05 1.486356E-16 0.000000E+00
  4253    224    818 2.704544E-05 1.168591E-05 1.907663E-05 4.105175E-14 0.000000E+00
  4254   3611   3734 4.983985E-06 4.559727E-06 4.700635E-06 2.017198E-15 0.000000E+00
  4255   1551   2252 2.700976E-05 2.036488E-05 2.333378E-05 7.077888E-16 0.000000E+00
  4256   2302   4432 1.321820E-05 9.493764E-06 1.118649E-05 2.080899E-15 0.000000E+00
  4257   1897   2052 2.370024E-05 1.629690E-05 1.970008E-05 1.776550E-15 0.000000E+00
  4258    481   1089 2.472712E-05 1.253706E-05 1.835400E-05 7.792755E-15 0.000000E+00
  4259   1089   2143 1.119192E-05 1.329711E-05 1.206176E-05 2.505572E-15 0.000000E+00
  4260     94    107 4.060417E-05 2.503901E-05 3.233172E-05 8.358278E-14 0.000000E+00
  4261    288    595 2.747721E-05 3.169054E-05 2.914233E-05 3.255828E-16 0.000000E+00
  4262   2158   5445 1.472600E-05 1.013969E-05 1.224728E-05 3.177972E-15 0.000000E+00
  4263    540   2229 1.905478E-05 1.938032E-05 1.893072E-05 3.645112E-15 0.000000E+00
  4264    505    776 3.209652E-05 1.829005E-05 2.481727E-05 3.032167E-14 0.000000E+00
  4265    404    543 2.988112E-05 3.226848E-05 3.061100E-05 1.763810E-14 0.000000E+00
  4266      6     13 7.123575E-05 7.410482E-05 7.158566E-05 1.222811E-12 0.000000E+00
  4267    395    686 2.246594E-05 1.317216E-05 1.755309E-05 2.677565E-14 0.000000E+00
  4268    452   3243 2.039975E-05 7.515673E-06 1.374939E-05 3.192127E-15 0.000000E+00
  4269    148   4092 4.432546E-05 2.112663E-05 3.223759E-05 1.351169E-14 0.000000E+00
  4270    155   4092 4.110916E-05 2.223875E-05 3.120121E-05 3.538944E-16 0.000000E+00
  4271   3218   4015 2.560709E-05 1.981397E-05 2.237156E-05 1.719927E-15 0.000000E+00
  4272   1890   2266 2.016977E-05 4.887293E-06 1.234154E-05 4.444914E-15 0.000000E+00
  4273    910   1009 3.500218E-05 1.351253E-05 2.389531E-05 8.090026E-15 0.000000E+00
  4274    729   6229 1.443322E-05 9.064463E-06 1.157349E-05 2.279080E-15 0.000000E+00
  4275    246    258 2.209382E-05 1.825555E-05 1.987357E-05 1.084616E-13 0.000000E+00
  4276    246   4207 3.567028E-05 9.615655E-06 2.230501E-05 2.321547E-15 0.000000E+00
  4277   4192   6129 7.852878E-06 6.869304E-06 7.251224E-06 1.026294E-15 0.000000E+00
  4278    465    494 4.319743E-05 3.281289E-05 3.743792E-05 4.735107E-15 0.000000E+00
  4279   3168   5167 1.550029E-05 1.434401E-05 1.469943E-05 3.114271E-16 0.000000E+00
  4280   1419   1905 1.352519E-05 2.121253E-05 1.710962E-05 1.238630E-15 0.000000E+00
  4281     44    775 6.405685E-05 1.253660E-05 3.772513E-05 3.319529E-15 0.000000E+00
  4282    448    917 2.752012E-05 3.155997E-05 2.909915E-05 6.228541E-16 0.000000E+00
  4283    112    389 4.985668E-05 1.880456E-05 3.381822E-05 1.101744E-13 0.000000E+00
  4284   3275   5676 1.043755E-05 6.648912E-06 8.415722E-06 4.954522E-16 0.000000E+00
  4285    264   4430 2.954659E-05 1.163347E-05 2.028271E-05 3.546022E-15 0.000000E+00
  4286    224    611 4.144430E-05 2.216851E-05 3.133168E-05 2.604663E-15 0.000000E+00
  4287    224   4410 4.220978E-05 1.364485E-05 2.751049E-05 4.940366E-15 0.000000E+00
  4288   1897   2302 2.302518E-05 2.003209E-05 2.120731E-05 2.675442E-15 0.000000E+00
  4289    120   1942 3.589485E-05 1.136242E-05 2.327597E-05 4.933288E-15 0.000000E+00
  4290   4965   5146 1.500917E-05 1.828724E-06 8.293291E-06 2.632974E-15 0.000000E+00
  4291    540   2845 1.915893E-05 4.163230E-06 1.148703E-05 8.274051E-15 0.000000E+00
  4292    359    776 4.587464E-05 2.102723E-05 3.295167E-05 3.269984E-15 0.000000E+00
  4293    359   4864 2.771204E-05 6.417228E-06 1.680994E-05 6.157763E-16 0.000000E+00
  4294    195   4561 4.417433E-05 7.742103E-06 2.557078E-05 6.426722E-15 0.000000E+00
  4295    194    686 4.694512E-05 2.205292E-05 3.398411E-05 2.291112E-14 0.000000E+00
  4296    252   2379 2.973573E-05 6.635645E-06 1.791426E-05 7.686586E-15 0.000000E+00
  4297   1890   2995 7.508551E-06 1.164724E-05 9.434943E-06 4.536926E-15 0.000000E+00
  4298   5057   6231 1.006891E-05 6.206393E-06 8.016194E-06 1.677459E-15 0.000000E+00
  4299    843   3391 1.107384E-05 1.616682E-05 1.341704E-05 2.682520E-15 0.000000E+00
  4300    205    356 2.808428E-05 2.359810E-05 2.545550E-05 2.220333E-14 0.000000E+00
  4301   2856   5163 5.554574E-06 9.096510E-06 7.216206E-06 1.160774E-15 0.000000E+00
  4302   2051   5167 1.190455E-05 8.541212E-06 1.007030E-05 3.468165E-16 0.000000E+00
  4303     44   2653 7.419959E-05 1.850915E-05 4.566251E-05 7.361004E-16 0.000000E+00
  4304    448   1202 3.391406E-05 1.527306E-05 2.422649E-05 1.139540E-15 0.000000E+00
  4305   3275   6295 1.041124E-05 5.383200E-06 7.779351E-06 9.130476E-16 0.000000E+00
  4306   3982   4019 1.428559E-05 9.896249E-06 1.191046E-05 4.105175E-16 0.000000E+00
  4307    112   4432 5.122227E-05 9.373371E-06 2.984561E-05 1.578369E-15 0.000000E+00
  4308    481   3918 1.968658E-05 1.781273E-05 1.846981E-05 5.365039E-15 0.000000E+00
  4309    277   1891 4.553607E-05 1.775733E-05 3.117436E-05 9.137553E-15 0.000000E+00
  4310    112   2052 4.369422E-05 1.894962E-05 3.085443E-05 2.519728E-15 0.000000E+00
  4311    277   2673 2.611032E-05 1.406552E-05 1.978810E-05 4.720951E-15 0.000000E+00
  4312    134   4965 2.683026E-05 7.555259E-06 1.693615E-05 4.133487E-15 0.000000E+00
  4313   2444   3490 2.895973E-05 1.606195E-05 2.217486E-05 3.177972E-15 0.000000E+00
  4314      2   1232 1.984266E-04 2.074032E-05 1.079479E-04 2.417099E-14 0.000000E+00
  4315   1860   3529 9.530769E-06 4.926279E-06 7.120635E-06 2.640052E-15 0.000000E+00
  4316     13   3915 3.790924E-05 5.289338E-06 2.127691E-05 4.166045E-14 0.000000E+00
  4317     53     70 5.949557E-05 4.354551E-05 5.075157E-05 1.884842E-14 0.000000E+00
  4318    148   5386 4.309587E-05 4.415911E-06 2.340133E-05 6.893863E-15 0.000000E+00
  4319    452   3870 2.001094E-05 6.417988E-06 1.301723E-05 1.231553E-15 0.000000E+00
  4320    252   3997 4.511417E-05 6.020978E-06 2.518597E-05 5.131469E-15 0.000000E+00
  4321    252   1162 3.515777E-05 1.442258E-05 2.442017E-05 3.291218E-15 0.000000E+00
  4322    252   3391 5.158712E-05 1.014050E-05 3.040316E-05 7.969702E-15 0.000000E+00
  4323   1774   1788 2.313143E-05 1.715651E-05 1.984332E-05 1.047527E-15 0.000000E+00
  4324   1173   2600 3.348625E-05 1.947912E-05 2.608742E-05 1.047527E-15 0.000000E+00
  4325    172    990 4.716176E-05 2.056922E-05 3.336004E-05 1.187670E-14 0.000000E+00
  4326    121    165 6.572026E-05 4.386393E-05 5.397430E-05 1.676752E-14 0.000000E+00
  4327   1467   4207 1.802502E-05 1.142215E-05 1.450383E-05 1.840251E-16 0.000000E+00
  4328   4207   6138 5.212299E-06 4.496515E-06 4.781953E-06 8.422687E-16 0.000000E+00
  4329    389   5174 4.341356E-05 8.480178E-06 2.555960E-05 2.760376E-16 0.000000E+00
  4330   2051   4372 1.267811E-05 1.415098E-05 1.321433E-05 2.632974E-15 0.000000E+00
  4331    463   5167 4.034867E-05 6.550797E-06 2.309974E-05 1.061683E-16 0.000000E+00
  4332   3731   3757 5.922657E-06 1.224987E-05 8.950647E-06 2.533884E-15 0.000000E+00
  4333    113   3275 4.736639E-05 1.216788E-05 2.932285E-05 1.196163E-15 0.000000E+00
  4334   1465   3545 1.358123E-05 7.112454E-06 1.019241E-05 1.295254E-15 0.000000E+00
  4335    481   1551 3.237982E-05 2.721650E-05 2.935341E-05 2.717909E-15 0.000000E+00
  4336     96   2673 6.001529E-05 1.295832E-05 3.594222E-05 1.040450E-15 0.000000E+00
  4337   1020   1064 1.143707E-05 1.116675E-05 1.113323E-05 5.803868E-16 0.000000E+00
  4338   1789   3877 2.039566E-05 7.532268E-06 1.375555E-05 2.632974E-15 0.000000E+00
  4339   1287   2721 1.747384E-05 1.028175E-05 1.367066E-05 4.289200E-15 0.000000E+00
  4340    167   1287 4.062942E-05 1.267808E-05 2.625594E-05 1.576953E-14 0.000000E+00
  4341      2   2565 1.242897E-04 9.335074E-06 6.581518E-05 3.604981E-13 0.000000E+00
  4342    231   2565 4.434354E-05 1.860776E-05 3.100586E-05 8.564244E-16 0.000000E+00
  4343    195    795 4.927511E-05 1.627188E-05 3.228433E-05 7.283147E-15 0.000000E+00
  4344   1506   4499 5.101222E-05 3.423229E-06 2.681149E-05 1.684537E-15 0.000000E+00
  4345   1513   4625 1.821302E-05 1.658360E-05 1.713863E-05 5.726011E-15 0.000000E+00
  4346    197    395 4.100552E-05 4.065710E-05 4.022189E-05 1.952082E-14 0.000000E+00
  4347     79    395 3.680502E-05 5.127523E-05 4.338281E-05 1.040450E-15 0.000000E+00
  4348    581    667 1.524251E-05 2.365446E-05 1.915821E-05 1.649148E-15 0.000000E+00
  4349   2057   6690 1.292795E-05 9.080047E-06 1.083976E-05 3.185050E-16 0.000000E+00
  4350    252   3895 4.686255E-05 1.694678E-05 3.142848E-05 9.923199E-15 0.000000E+00
  4351     90   6690 6.121034E-05 8.526426E-06 3.434796E-05 1.005060E-15 0.000000E+00
  4352    148   3218 5.424898E-05 2.771492E-05 4.037028E-05 4.657250E-15 0.000000E+00
  4353   2894   6216 7.599703E-06 1.892324E-05 1.306354E-05 1.627914E-16 0.000000E+00
  4354    328   4092 2.964239E-05 8.592729E-06 1.883222E-05 1.042573E-14 0.000000E+00
  4355    328   6173 4.057422E-05 1.026682E-05 2.504111E-05 1.274020E-16 0.000000E+00
  4356   3218   6173 1.187141E-05 6.862316E-06 9.227061E-06 4.034396E-16 0.000000E+00
  4357    536   6182 2.491646E-05 5.130904E-06 1.479945E-05 1.748238E-15 0.000000E+00
  4358    462   1824 2.668500E-05 1.330052E-05 1.969436E-05 3.397386E-16 0.000000E+00
  4359    463   2051 3.859227E-05 1.308309E-05 2.545204E-05 1.797784E-15 0.000000E+00
  4360    258   4192 2.229949E-05 8.973253E-06 1.540299E-05 2.420638E-15 0.000000E+00
  4361    389   6138 3.174924E-05 4.654465E-06 1.793018E-05 2.625896E-15 0.000000E+00
  4362    448    463 2.357995E-05 3.252879E-05 2.763565E-05 5.188092E-15 0.000000E+00
  4363   4372   5167 1.101747E-05 4.669768E-06 7.726548E-06 1.889796E-15 0.000000E+00
  4364    112   3769 4.125745E-05 7.028983E-06 2.378287E-05 2.689597E-15 0.000000E+00
  4365    465   2385 2.516870E-05 8.180439E-06 1.642570E-05 1.981809E-15 0.000000E+00
  4366    182    356 6.335354E-05 4.125654E-05 5.152437E-05 1.066638E-14 0.000000E+00
  4367    620   6376 1.995126E-05 7.261551E-06 1.340332E-05 2.406482E-16 0.000000E+00
  4368   3545   6295 1.111866E-05 8.187268E-06 9.508892E-06 9.413591E-16 0.000000E+00
  4369     96   3611 6.439070E-05 1.317275E-05 3.820289E-05 5.110235E-15 0.000000E+00
  4370   1089   2302 1.455415E-05 6.397324E-06 1.031938E-05 1.790706E-15 0.000000E+00
  4371    107    113 3.361070E-05 4.406392E-05 3.825765E-05 4.628939E-15 0.000000E+00
  4372   1299   2338 3.763719E-05 1.113300E-05 2.402114E-05 5.704778E-15 0.000000E+00
  4373    211   1429 3.079065E-05 1.043295E-05 2.030416E-05 1.306578E-14 0.000000E+00
  4374    686   2879 2.488932E-05 1.473469E-05 1.951630E-05 1.373110E-15 0.000000E+00
  4375    452   2681 1.957385E-05 1.209816E-05 1.559965E-05 6.511657E-16 0.000000E+00
  4376    252   6690 4.866580E-05 1.295578E-05 3.035093E-05 2.760376E-16 0.000000E+00
  4377     60    308 7.542202E-05 3.262089E-05 5.321516E-05 2.073821E-15 0.000000E+00
  4378    252   3870 5.482460E-05 8.476755E-06 3.117828E-05 3.248751E-15 0.000000E+00
  4379   2894   3218 1.269341E-05 2.391368E-05 1.803036E-05 1.486356E-16 0.000000E+00
  4380   2894   4065 1.039375E-05 3.884773E-06 7.032705E-06 3.177972E-15 0.000000E+00
  4381   2894   5027 1.023707E-05 7.584506E-06 8.777792E-06 4.459069E-16 0.000000E+00
  4382    221    910 3.847535E-05 2.588299E-05 3.169888E-05 8.748270E-15 0.000000E+00
  4383    221   3954 3.089745E-05 2.650494E-06 1.652362E-05 4.282122E-15 0.000000E+00
  4384    911   3062 1.812246E-05 1.369218E-05 1.566989E-05 1.132462E-15 0.000000E+00
  4385    121    990 6.505918E-05 1.362855E-05 3.875664E-05 1.588986E-14 0.000000E+00
  4386   1467   5174 1.718015E-05 1.161702E-05 1.418368E-05 7.644119E-16 0.000000E+00
  4387     44   5163 4.017908E-05 7.781026E-06 2.362214E-05 1.054605E-14 0.000000E+00
  4388    722    985 1.420104E-05 2.281797E-05 1.823325E-05 4.636017E-15 0.000000E+00
  4389   1216   3620 8.260469E-06 3.704782E-06 5.893333E-06 4.048552E-15 0.000000E+00
  4390   1551   3779 2.448595E-05 8.203333E-06 1.610069E-05 4.423680E-15 0.000000E+00
  4391    113   1258 4.732444E-05 1.292690E-05 2.967603E-05 5.117313E-15 0.000000E+00
  4392   3611   4458 9.699714E-06 7.441694E-06 8.442783E-06 1.302331E-15 0.000000E+00
  4393    611   4404 2.228045E-05 1.537560E-05 1.854701E-05 2.831155E-16 0.000000E+00
  4394   1942   2052 2.119517E-05 1.571565E-05 1.817995E-05 3.836215E-15 0.000000E+00
  4395   1089   1942 2.197599E-05 7.747934E-06 1.464014E-05 6.398411E-15 0.000000E+00
  4396   1759   2436 1.704813E-05 1.220239E-05 1.440697E-05 8.861516E-15 0.000000E+00
  4397    962   3661 2.011672E-05 1.676185E-05 1.816407E-05 4.798808E-15 0.000000E+00
  4398    406   1571 3.072350E-05 1.018493E-05 2.014893E-05 3.241673E-15 0.000000E+00
  4399     33   4176 4.981098E-05 3.343423E-06 2.618052E-05 5.641077E-15 0.000000E+00
  4400   5385   5575 4.488001E-06 5.541388E-06 4.939848E-06 7.502561E-16 0.000000E+00
  4401   2995   3243 8.643614E-06 5.343854E-06 6.889350E-06 6.200230E-15 0.000000E+00
  4402   2983   6216 9.214092E-06 1.763344E-05 1.322341E-05 8.847360E-16 0.000000E+00
  4403     59    102 3.696848E-05 6.391222E-05 4.968751E-05 2.232507E-13 0.000000E+00
  4404     59    174 4.660043E-05 1.737423E-05 3.150991E-05 2.763632E-13 0.000000E+00
  4405   2995   3997 2.758063E-05 1.631694E-05 2.162119E-05 4.954522E-16 0.000000E+00
  4406    328   5075 2.378906E-05 5.134697E-06 1.424603E-05 1.429733E-15 0.000000E+00
  4407    174    911 4.066610E-05 1.479047E-05 2.731443E-05 9.852420E-15 0.000000E+00
  4408   1162   6182 1.966769E-05 7.000694E-06 1.313518E-05 2.066743E-15 0.000000E+00
  4409     44   1774 5.664829E-05 2.619293E-05 4.080239E-05 3.298296E-15 0.000000E+00
  4410    205   1824 4.303124E-05 1.963250E-05 3.086423E-05 5.860491E-15 0.000000E+00
  4411    683   3070 1.358275E-05 7.941542E-06 1.060152E-05 5.775557E-15 0.000000E+00
  4412    118   1202 5.646673E-05 1.152005E-05 3.348603E-05 2.300314E-15 0.000000E+00
  4413    264   1216 5.344965E-05 2.204638E-05 3.718461E-05 1.090703E-14 0.000000E+00
  4414     96   4458 6.675328E-05 6.811221E-06 3.623326E-05 1.868562E-15 0.000000E+00
  4415   1064   4404 2.499742E-05 9.536991E-06 1.700949E-05 7.184056E-15 0.000000E+00
  4416   1020   4965 1.877656E-05 8.378919E-06 1.337508E-05 6.440878E-16 0.000000E+00
  4417   1395   1727 3.222054E-05 2.094949E-05 2.618822E-05 1.350461E-14 0.000000E+00
  4418      2   4253 9.253100E-05 1.053886E-05 5.076576E-05 1.383939E-13 0.000000E+00
  4419    505   1180 1.582066E-05 1.138822E-05 1.340139E-05 7.679508E-15 0.000000E+00
  4420    567    776 1.504941E-05 2.004036E-05 1.728302E-05 2.240859E-14 0.000000E+00
  4421    795   4841 1.361649E-05 4.724660E-06 9.033702E-06 3.418620E-15 0.000000E+00
  4422    211    543 4.672209E-05 1.388931E-05 2.985337E-05 3.813566E-14 0.000000E+00
  4423     15   1723 8.762245E-05 1.058336E-05 4.837003E-05 4.253811E-15 0.000000E+00
  4424    194   2057 5.761499E-05 2.449683E-05 4.044314E-05 2.123366E-15 0.000000E+00
  4425    148   6661 2.459188E-05 2.627851E-06 1.340673E-05 5.648155E-15 0.000000E+00
  4426    252   2681 6.623999E-05 6.855407E-06 3.600221E-05 1.131047E-14 0.000000E+00
  4427     60   5575 7.036018E-05 4.604493E-06 3.692290E-05 4.303356E-15 0.000000E+00
  4428    308   4305 3.440028E-05 4.392035E-06 1.910666E-05 1.408500E-15 0.000000E+00
  4429    108    137 4.458569E-05 4.407200E-05 4.366722E-05 1.896732E-13 0.000000E+00
  4430   1774   5057 1.264188E-05 1.009223E-05 1.119739E-05 4.735107E-15 0.000000E+00
  4431    121    463 6.807347E-05 3.003456E-05 4.832186E-05 1.309409E-15 0.000000E+00
  4432    720   5669 1.881190E-05 4.531989E-06 1.149774E-05 3.503555E-15 0.000000E+00
  4433    389   4207 3.614703E-05 9.786682E-06 2.262407E-05 1.486356E-15 0.000000E+00
  4434    112    246 4.077938E-05 3.918187E-05 3.938390E-05 6.016205E-15 0.000000E+00
  4435   1258   3275 1.419965E-05 1.124514E-05 1.253251E-05 4.551082E-15 0.000000E+00
  4436     96   4434 5.880177E-05 5.724505E-06 3.178160E-05 2.760376E-16 0.000000E+00
  4437   1064   3779 1.747014E-05 1.683456E-05 1.689634E-05 2.930246E-15 0.000000E+00
  4438    288   2041 2.750365E-05 1.247652E-05 1.969172E-05 1.054605E-15 0.000000E+00
  4439     60   1406 6.396903E-05 1.002035E-05 3.644253E-05 9.349890E-15 0.000000E+00
  4440   4305   5575 8.234124E-06 5.053559E-06 6.544679E-06 1.486356E-16 0.000000E+00
  4441     60   4305 7.362627E-05 5.782285E-06 3.911168E-05 8.245740E-15 0.000000E+00
  4442   2251   3990 1.052097E-05 1.569955E-05 1.291458E-05 1.585447E-15 0.000000E+00
  4443    221    729 1.957122E-05 1.308971E-05 1.608673E-05 1.749654E-14 0.000000E+00
  4444    246    766 2.869667E-05 1.354194E-05 2.080409E-05 2.043386E-14 0.000000E+00
  4445    494   3413 3.104919E-05 1.681944E-05 2.357709E-05 5.350883E-15 0.000000E+00
  4446    720   2776 2.217720E-05 8.358191E-06 1.503982E-05 4.692640E-15 0.000000E+00
  4447    448   5090 1.781829E-05 9.337091E-06 1.337504E-05 6.695682E-15 0.000000E+00
  4448    448   3404 2.641723E-05 4.804364E-06 1.537780E-05 2.901934E-15 0.000000E+00
  4449   3404   5105 1.603530E-05 1.646079E-05 1.600554E-05 8.351908E-16 0.000000E+00
  4450    369   6413 5.712049E-05 1.132114E-05 3.371005E-05 1.691615E-15 0.000000E+00
  4451    112   2302 5.081652E-05 4.917207E-06 2.745094E-05 1.070177E-14 0.000000E+00
  4452   1942   5660 2.455103E-05 1.440338E-05 1.918650E-05 2.052588E-15 0.000000E+00
  4453   2515   5660 2.930218E-05 1.110887E-05 1.990395E-05 6.582436E-16 0.000000E+00
  4454    134   1108 3.066434E-05 1.640311E-05 2.318247E-05 1.664011E-14 0.000000E+00
  4455   2927   3529 1.635236E-05 1.692457E-05 1.639013E-05 1.139540E-15 0.000000E+00
  4456   2475   3354 1.109829E-05 1.220503E-05 1.147775E-05 1.316487E-15 0.000000E+00
  4457   3243   3897 1.310111E-05 1.161227E-05 1.217226E-05 1.712849E-15 0.000000E+00
  4458    801   1890 3.674125E-05 1.394825E-05 2.496647E-05 7.077888E-16 0.000000E+00
  4459    252   1166 5.364846E-05 9.475554E-06 3.109093E-05 6.886785E-15 0.000000E+00
  4460   1166   3391 1.451225E-05 9.808780E-06 1.197901E-05 5.096079E-16 0.000000E+00
  4461    494   1536 4.023884E-05 1.289284E-05 2.616934E-05 3.595567E-15 0.000000E+00
  4462    165   4108 3.784440E-05 1.233942E-05 2.471740E-05 7.686586E-15 0.000000E+00
  4463    356   1905 2.300201E-05 1.331079E-05 1.788541E-05 7.014187E-15 0.000000E+00
  4464    182    333 5.780158E-05 2.613777E-05 4.134327E-05 2.244398E-14 0.000000E+00
  4465   3064   4458 7.422203E-06 5.105946E-06 6.170581E-06 2.767454E-15 0.000000E+00
  4466    691   1891 2.841094E-05 1.806660E-05 2.289192E-05 3.595567E-15 0.000000E+00
  4467    277    691 3.731801E-05 2.418747E-05 3.029374E-05 2.332164E-14 0.000000E+00
  4468   1258   1465 1.319335E-05 1.251837E-05 1.266398E-05 5.039456E-15 0.000000E+00
  4469   1258   6334 1.743085E-05 8.692981E-06 1.286696E-05 5.520753E-16 0.000000E+00
  4470   2052   2486 1.880860E-05 2.522679E-05 2.168907E-05 4.579394E-15 0.000000E+00
  4471    481   4451 2.228454E-05 1.321100E-05 1.748288E-05 1.217397E-15 0.000000E+00
  4472     94   2486 4.168237E-05 2.457520E-05 3.263432E-05 2.123366E-15 0.000000E+00
  4473    277    634 2.655536E-05 1.629149E-05 2.110367E-05 2.802844E-15 0.000000E+00
  4474      2   1307 1.064535E-04 1.047567E-05 5.759197E-05 1.635983E-13 0.000000E+00
  4475     13   3845 3.733857E-05 1.801154E-06 1.927777E-05 1.082917E-15 0.000000E+00
  4476   3572   6458 9.550613E-06 7.624229E-06 8.459251E-06 2.264924E-15 0.000000E+00
  4477    194    240 3.962992E-05 2.805205E-05 3.333589E-05 5.307000E-14 0.000000E+00
  4478   1406   2681 1.924866E-05 8.553222E-06 1.369346E-05 2.335703E-15 0.000000E+00
  4479    212   5391 5.221180E-05 1.183062E-05 3.154328E-05 1.160774E-15 0.000000E+00
  4480    536   5038 1.816259E-05 4.466468E-06 1.114565E-05 2.824077E-15 0.000000E+00
  4481    137    328 2.817532E-05 2.328981E-05 2.534850E-05 3.560885E-14 0.000000E+00
  4482   3218   6266 1.053130E-05 9.155715E-06 9.696587E-06 2.675442E-15 0.000000E+00
  4483    536   3990 3.986829E-05 6.648583E-06 2.291129E-05 6.865551E-16 0.000000E+00
  4484    473    843 2.225413E-05 1.380054E-05 1.775827E-05 9.838264E-15 0.000000E+00
  4485   1774   2251 1.471519E-05 9.904108E-06 1.212592E-05 4.232577E-15 0.000000E+00
  4486    494    729 4.434974E-05 3.068254E-05 3.695620E-05 1.677459E-15 0.000000E+00
  4487    246    599 3.050374E-05 1.859558E-05 2.418325E-05 5.575252E-14 0.000000E+00
  4488   1356   1427 1.908349E-05 2.817858E-05 2.327833E-05 2.491417E-15 0.000000E+00
  4489   3757   4372 1.356995E-05 1.336428E-05 1.326611E-05 1.153696E-15 0.000000E+00
  4490    277   3611 3.828920E-05 1.483252E-05 2.616443E-05 1.486356E-15 0.000000E+00
  4491   3105   4430 1.760280E-05 1.180173E-05 1.448283E-05 1.592525E-15 0.000000E+00
  4492    112   4451 5.596871E-05 3.804116E-06 2.944035E-05 5.874647E-15 0.000000E+00
  4493   1089   4451 1.010565E-05 5.401138E-06 7.637674E-06 3.220439E-15 0.000000E+00
  4494    265   1465 2.783594E-05 1.933102E-05 2.323149E-05 1.217397E-15 0.000000E+00
  4495    540    704 3.318278E-05 1.832609E-05 2.537004E-05 1.633577E-14 0.000000E+00
  4496    194    212 6.693056E-05 4.035262E-05 5.284097E-05 2.322963E-14 0.000000E+00
  4497     60    579 5.334249E-05 1.769257E-05 3.498742E-05 1.188377E-14 0.000000E+00
  4498   2681   3446 1.292100E-05 9.536192E-06 1.106100E-05 1.762394E-15 0.000000E+00
  4499   2995   3897 1.451531E-05 1.087334E-05 1.250486E-05 5.308416E-16 0.000000E+00
  4500    117    328 4.659956E-05 2.641397E-05 3.596189E-05 2.544501E-14 0.000000E+00
  4501    910   5027 2.686407E-05 9.853997E-06 1.808502E-05 1.415578E-16 0.000000E+00
  4502   3391   4973 7.881746E-06 4.778938E-06 6.235859E-06 1.684537E-15 0.000000E+00
  4503   1824   3062 1.527782E-05 1.098765E-05 1.293672E-05 4.041474E-15 0.000000E+00
  4504    729    972 3.332184E-05 2.595007E-05 2.919363E-05 1.206780E-14 0.000000E+00
  4505    389    599 2.853879E-05 2.838265E-05 2.803593E-05 3.397386E-15 0.000000E+00
  4506    465    683 4.195405E-05 1.879974E-05 2.992351E-05 3.732878E-14 0.000000E+00
  4507    720   6340 2.854644E-05 1.283635E-05 2.038257E-05 9.696707E-16 0.000000E+00
  4508    369   3731 5.079962E-05 5.879059E-06 2.791636E-05 2.654208E-15 0.000000E+00
  4509   5090   5105 1.179103E-05 1.230479E-05 1.186809E-05 1.705771E-15 0.000000E+00
  4510    448   5105 3.093035E-05 1.631505E-05 2.327012E-05 1.578369E-15 0.000000E+00
  4511    437   6405 2.489832E-05 1.062959E-05 1.749883E-05 4.260889E-15 0.000000E+00
  4512    917   6413 2.194016E-05 8.593761E-06 1.503910E-05 1.826095E-15 0.000000E+00
  4513    333    356 2.364422E-05 2.488076E-05 2.390036E-05 7.311458E-14 0.000000E+00
  4514    264   3105 2.769128E-05 8.662159E-06 1.790542E-05 5.464130E-15 0.000000E+00
  4515    774   1064 3.592749E-05 8.992087E-06 2.212457E-05 1.353292E-14 0.000000E+00
  4516     94   2533 3.665292E-05 1.057860E-05 2.326329E-05 1.374526E-14 0.000000E+00
  4517    481   1108 4.275365E-05 2.022831E-05 3.102097E-05 4.076863E-15 0.000000E+00
  4518   2511   3490 1.301459E-05 8.115164E-06 1.040719E-05 5.152702E-15 0.000000E+00
  4519    197    240 5.218353E-05 3.762673E-05 4.423490E-05 1.607388E-14 0.000000E+00
  4520    686   2710 4.077472E-05 1.313080E-05 2.655048E-05 5.315494E-15 0.000000E+00
  4521   6690   6691 6.327940E-06 4.706112E-06 5.434682E-06 1.245708E-15 0.000000E+00
  4522     60    538 7.160416E-05 3.708590E-05 5.353391E-05 1.247832E-14 0.000000E+00
  4523    801   2995 2.928020E-05 1.533356E-05 2.197394E-05 1.946419E-15 0.000000E+00
  4524    801   3899 3.363975E-05 9.227195E-06 2.111357E-05 4.402446E-15 0.000000E+00
  4525     59   2266 5.838364E-05 1.719680E-05 3.722619E-05 3.857449E-15 0.000000E+00
  4526    910   1166 2.987729E-05 1.907697E-05 2.411180E-05 7.828144E-15 0.000000E+00
  4527    729   3172 1.454896E-05 7.381621E-06 1.080163E-05 3.814982E-15 0.000000E+00
  4528    108   4108 5.160795E-05 6.614488E-06 2.867673E-05 3.411542E-15 0.000000E+00
  4529    165   5008 3.418690E-05 1.349647E-05 2.348584E-05 1.034079E-14 0.000000E+00
  4530    165    503 2.780714E-05 3.669305E-05 3.176875E-05 1.226598E-14 0.000000E+00
  4531    319    503 5.066638E-05 3.379363E-05 4.159971E-05 7.070810E-15 0.000000E+00
  4532    106   1767 3.638513E-05 1.204530E-05 2.385379E-05 4.352901E-15 0.000000E+00
  4533    333   1419 3.457112E-05 2.323326E-05 2.847081E-05 2.406482E-16 0.000000E+00
  4534   2286   3620 1.698841E-05 1.243964E-05 1.449441E-05 1.323565E-15 0.000000E+00
  4535    437   3982 3.944177E-05 2.191809E-05 3.022202E-05 2.010120E-15 0.000000E+00
  4536    481    738 2.796794E-05 2.383898E-05 2.551684E-05 2.144600E-15 0.000000E+00
  4537   2052   2533 7.810131E-06 2.045560E-05 1.392193E-05 1.670382E-15 0.000000E+00
  4538   1942   2533 1.044840E-05 6.541642E-06 8.368228E-06 3.078881E-15 0.000000E+00
  4539   1971   2721 8.637307E-06 9.369368E-06 8.868959E-06 1.528824E-15 0.000000E+00
  4540   1020   1108 2.287439E-05 2.395407E-05 2.306476E-05 2.533884E-15 0.000000E+00
  4541    134    150 3.968825E-05 4.736564E-05 4.287729E-05 1.252786E-15 0.000000E+00
  4542    160    424 2.507647E-05 3.313681E-05 2.867221E-05 2.313762E-14 0.000000E+00
  4543   3459   4384 4.690551E-06 8.836971E-06 6.662810E-06 2.123366E-15 0.000000E+00
  4544   1359   1727 1.889143E-05 2.130276E-05 1.979714E-05 1.306578E-14 0.000000E+00
  4545   1727   6070 3.168149E-05 6.930897E-06 1.901804E-05 8.210350E-16 0.000000E+00
  4546      2   4914 9.307262E-05 1.162296E-05 5.156648E-05 6.624903E-14 0.000000E+00
  4547    567   4864 2.834858E-05 1.131946E-05 1.953799E-05 3.071803E-15 0.000000E+00
  4548      2   1945 1.547433E-04 0.000000E+00 7.621685E-05 5.896588E-14 0.000000E+00
  4549    185    211 3.519052E-05 3.893841E-05 3.651127E-05 5.481116E-14 0.000000E+00
  4550    395   2710 4.827497E-05 1.906456E-05 3.316723E-05 1.528824E-15 0.000000E+00
  4551   5391   6690 1.256232E-05 1.041727E-05 1.131830E-05 7.431782E-16 0.000000E+00
  4552   3172   3218 1.124663E-05 1.444458E-05 1.265388E-05 1.755316E-15 0.000000E+00
  4553    473   1166 2.009062E-05 2.026760E-05 1.987793E-05 1.956328E-14 0.000000E+00
  4554   1824   6114 1.688487E-05 1.050518E-05 1.349062E-05 3.468165E-16 0.000000E+00
  4555    221    766 3.699206E-05 2.018411E-05 2.816140E-05 1.449551E-14 0.000000E+00
  4556    990   1536 1.259696E-05 1.834793E-05 1.524151E-05 1.269773E-14 0.000000E+00
  4557     44   1824 6.174060E-05 1.698906E-05 3.877729E-05 8.988918E-15 0.000000E+00
  4558    205   6147 2.846392E-05 1.082578E-05 1.935164E-05 3.772514E-15 0.000000E+00
  4559    121    482 7.176492E-05 3.591344E-05 5.303561E-05 3.227517E-15 0.000000E+00
  4560    463    482 2.707731E-05 2.424893E-05 2.528009E-05 2.110626E-14 0.000000E+00
  4561    683   5182 2.144935E-05 6.814137E-06 1.392082E-05 2.788688E-15 0.000000E+00
  4562    118   5090 6.433540E-05 2.088421E-05 4.197384E-05 1.847329E-15 0.000000E+00
  4563    985   1216 1.556828E-05 9.163897E-06 1.218152E-05 1.039034E-14 0.000000E+00
  4564    112   3982 2.840203E-05 1.226726E-05 2.003114E-05 3.100115E-15 0.000000E+00
  4565   1258   3545 1.191700E-05 6.273480E-06 8.959490E-06 3.602645E-15 0.000000E+00
  4566    107    265 2.747491E-05 1.262348E-05 1.974995E-05 5.564636E-14 0.000000E+00
  4567    277    300 2.555853E-05 1.914064E-05 2.201601E-05 5.381318E-14 0.000000E+00
  4568    296   1971 4.064692E-05 1.089560E-05 2.538661E-05 7.891845E-15 0.000000E+00
  4569    150    167 4.534696E-05 4.998019E-05 4.695218E-05 1.025232E-13 0.000000E+00
  4570   1633   4331 3.506545E-05 1.899958E-05 2.662904E-05 2.328625E-15 0.000000E+00
  4571   4514   4669 1.112688E-05 1.038333E-05 1.059458E-05 1.670382E-15 0.000000E+00
  4572    536   2379 2.175704E-05 8.551599E-06 1.492813E-05 8.564244E-16 0.000000E+00
  4573    252    910 6.007336E-05 3.385849E-05 4.626494E-05 3.071803E-15 0.000000E+00
  4574    622    801 1.726493E-05 3.557388E-05 2.602508E-05 3.814982E-15 0.000000E+00
  4575     44    258 5.222953E-05 4.237907E-05 4.659827E-05 1.323565E-15 0.000000E+00
  4576    319    963 4.894126E-05 1.231667E-05 3.017182E-05 2.020029E-14 0.000000E+00
  4577   3731   4372 7.734818E-06 1.336428E-05 1.039209E-05 9.838264E-16 0.000000E+00
  4578    985   6340 2.015489E-05 4.356409E-06 1.207273E-05 3.751281E-16 0.000000E+00
  4579    333   2286 2.452864E-05 8.780588E-06 1.640604E-05 7.205290E-15 0.000000E+00
  4580    927   3620 3.111578E-05 1.100810E-05 2.074758E-05 1.939341E-15 0.000000E+00
  4581   3514   3562 3.161852E-06 3.628990E-06 3.344743E-06 1.776550E-15 0.000000E+00
  4582    264   2286 7.101285E-05 1.121340E-05 4.049950E-05 4.869587E-15 0.000000E+00
  4583    465   1746 2.131141E-05 7.647464E-06 1.426332E-05 2.604663E-15 0.000000E+00
  4584    437    620 2.348516E-05 2.129267E-05 2.205475E-05 2.972713E-15 0.000000E+00
  4585     96   4327 7.381686E-05 1.647346E-05 4.447135E-05 1.698693E-15 0.000000E+00
  4586    224   2673 3.431832E-05 2.384623E-05 2.864821E-05 6.801850E-15 0.000000E+00
  4587   1108   6672 9.789323E-06 1.104750E-05 1.026291E-05 4.168876E-15 0.000000E+00
  4588    160    227 2.807345E-05 5.352477E-05 4.019017E-05 6.419644E-15 0.000000E+00
  4589   1875   5630 1.696642E-05 9.411875E-06 1.299229E-05 2.647130E-15 0.000000E+00
  4590   1875   4544 1.968712E-05 6.537084E-06 1.291640E-05 8.422687E-16 0.000000E+00
  4591    194    197 3.298934E-05 5.081587E-05 4.127720E-05 1.378914E-13 0.000000E+00
  4592    115    395 6.276602E-05 1.680353E-05 3.919097E-05 4.113669E-14 0.000000E+00
  4593    148    240 5.090932E-05 2.818382E-05 3.895632E-05 2.638637E-14 0.000000E+00
  4594   3660   6691 1.469944E-05 9.570192E-06 1.195370E-05 1.210319E-15 0.000000E+00
  4595   1890   3897 2.183384E-05 8.900288E-06 1.513770E-05 3.397386E-16 0.000000E+00
  4596     76   3997 5.786241E-05 1.361086E-05 3.520325E-05 3.411542E-15 0.000000E+00
  4597     59   1890 7.314570E-05 2.240787E-05 4.706369E-05 4.048552E-15 0.000000E+00
  4598    536   1162 1.663623E-05 1.178646E-05 1.399923E-05 1.563505E-14 0.000000E+00
  4599   1162   2973 2.200477E-05 1.382749E-05 1.764872E-05 7.644119E-16 0.000000E+00
  4600     76    258 3.195627E-05 4.472119E-05 3.776651E-05 3.736417E-14 0.000000E+00
  4601    258   2600 3.249259E-05 6.794382E-06 1.935030E-05 5.541986E-15 0.000000E+00
  4602    130    165 4.227492E-05 3.914092E-05 4.010034E-05 3.153907E-14 0.000000E+00
  4603   3248   5090 1.455486E-05 1.828422E-05 1.617447E-05 4.848353E-15 0.000000E+00
  4604    465   5101 1.660730E-05 6.090479E-06 1.117950E-05 3.822060E-15 0.000000E+00
  4605    917   1951 2.846810E-05 8.522486E-06 1.821925E-05 2.448949E-15 0.000000E+00
  4606    775   6394 2.363137E-05 1.238070E-05 1.773729E-05 2.335703E-16 0.000000E+00
  4607   2274   4453 1.404628E-05 7.105026E-06 1.041781E-05 1.146618E-15 0.000000E+00
  4608   3105   3545 1.372506E-05 9.000732E-06 1.119330E-05 9.272033E-16 0.000000E+00
  4609   1953   4160 1.345520E-05 6.109451E-06 9.636319E-06 1.819017E-15 0.000000E+00
  4610    224   6319 3.508512E-05 7.990395E-06 2.121630E-05 3.163816E-15 0.000000E+00
  4611    160    277 5.395692E-05 4.099683E-05 4.676826E-05 5.495272E-14 0.000000E+00
  4612    160    288 2.964157E-05 2.908080E-05 2.892296E-05 6.490423E-14 0.000000E+00
  4613     15   1917 8.381268E-05 1.297307E-05 4.767059E-05 4.996989E-15 0.000000E+00
  4614   3694   5365 1.889050E-05 1.888916E-05 1.860789E-05 1.167852E-15 0.000000E+00
  4615   4161   5391 6.519803E-06 4.300310E-06 5.329309E-06 1.387266E-15 0.000000E+00
  4616     76    252 5.783259E-05 5.586153E-05 5.599860E-05 6.363021E-15 0.000000E+00
  4617   3395   4065 1.484850E-05 1.448982E-05 1.445022E-05 6.653215E-16 0.000000E+00
  4618    172    501 5.268687E-05 3.146304E-05 4.144697E-05 1.981809E-16 0.000000E+00
  4619   2842   4971 8.145464E-06 6.442708E-06 7.185219E-06 2.470183E-15 0.000000E+00
  4620    221    473 4.356011E-05 2.556579E-05 3.404709E-05 3.638034E-15 0.000000E+00
  4621    843   1166 1.659875E-05 3.107681E-05 2.348199E-05 2.689597E-16 0.000000E+00
  4622   2973   4973 1.160410E-05 1.067115E-05 1.097139E-05 2.682520E-15 0.000000E+00
  4623   3062   6114 1.073799E-05 7.931478E-06 9.195410E-06 1.436811E-15 0.000000E+00
  4624   4108   5008 1.509313E-05 1.430470E-05 1.447953E-05 3.043492E-16 0.000000E+00
  4625    221   2363 3.019774E-05 1.221717E-05 2.089093E-05 8.068792E-15 0.000000E+00
  4626   1467   2363 1.391081E-05 1.090887E-05 1.222462E-05 3.043492E-16 0.000000E+00
  4627    482    990 3.042657E-05 1.482661E-05 2.228888E-05 6.186074E-15 0.000000E+00
  4628    130    375 3.364945E-05 1.661147E-05 2.475538E-05 3.374737E-14 0.000000E+00
  4629    389    972 3.968992E-05 3.158710E-05 3.510659E-05 3.121349E-15 0.000000E+00
  4630    465    972 5.268144E-05 3.405093E-05 4.271893E-05 7.276069E-15 0.000000E+00
  4631    683   4372 1.312515E-05 1.265399E-05 1.269719E-05 4.062708E-15 0.000000E+00
  4632    389   1171 2.127060E-05 1.880971E-05 1.974105E-05 5.633999E-15 0.000000E+00
  4633    112   1171 3.722092E-05 2.098418E-05 2.866818E-05 1.234384E-14 0.000000E+00
  4634    112   1841 2.852595E-05 2.606270E-05 2.688695E-05 1.272604E-14 0.000000E+00
  4635    971   1841 2.465243E-05 1.730015E-05 2.066321E-05 5.662310E-16 0.000000E+00
  4636    985   3275 3.851661E-05 1.500394E-05 2.636087E-05 1.337721E-15 0.000000E+00
  4637    437   4160 3.443454E-05 1.112444E-05 2.243950E-05 3.489399E-15 0.000000E+00
  4638    616    818 2.078636E-05 3.140866E-05 2.570799E-05 1.387266E-15 0.000000E+00
  4639    296   3605 5.044389E-05 4.914697E-06 2.726617E-05 3.163816E-15 0.000000E+00
  4640   1020   3565 2.181791E-05 1.413401E-05 1.770766E-05 3.036414E-15 0.000000E+00
  4641   1287   3791 2.345936E-05 6.736328E-06 1.487250E-05 1.231553E-15 0.000000E+00
  4642    167   1020 5.161654E-05 3.603327E-05 4.317080E-05 3.623879E-15 0.000000E+00
  4643   5660   6672 9.030601E-06 9.187968E-06 8.973325E-06 1.542980E-15 0.000000E+00
  4644    288   2058 1.481443E-05 1.416321E-05 1.427257E-05 1.748238E-15 0.000000E+00
  4645    227   4012 4.531217E-05 7.249190E-06 2.588843E-05 1.351877E-15 0.000000E+00
  4646   4253   4914 1.219447E-05 1.070688E-05 1.127977E-05 1.698693E-15 0.000000E+00
  4647   2927   4331 4.493099E-06 2.926418E-06 3.654389E-06 5.619843E-15 0.000000E+00
  4648    185   1429 3.192272E-05 1.279778E-05 2.202652E-05 1.211734E-14 0.000000E+00
  4649   2115   3951 1.370637E-05 5.939429E-06 9.676291E-06 3.064726E-15 0.000000E+00
  4650      5     53 1.706644E-04 3.515582E-05 1.013741E-04 3.862120E-13 0.000000E+00
  4651    194    395 3.722964E-05 2.248829E-05 2.941331E-05 4.640971E-14 0.000000E+00
  4652   5391   6711 8.549297E-06 6.994402E-06 7.655852E-06 5.733089E-16 0.000000E+00
  4653   2983   3912 1.076304E-05 4.164090E-06 7.352168E-06 3.482321E-15 0.000000E+00
  4654   3218   4002 1.379087E-05 1.341312E-05 1.339898E-05 1.196163E-15 0.000000E+00
  4655   1166   4973 2.878665E-05 4.920295E-06 1.660193E-05 1.450967E-15 0.000000E+00
  4656    108   2383 6.760902E-05 1.421997E-05 4.030383E-05 7.424705E-15 0.000000E+00
  4657    165   6089 2.762426E-05 5.423796E-06 1.627740E-05 8.847360E-16 0.000000E+00
  4658     44   1905 5.991542E-05 2.134904E-05 4.002578E-05 4.105175E-16 0.000000E+00
  4659    546    972 3.382266E-05 3.405526E-05 3.343241E-05 1.471493E-14 0.000000E+00
  4660     44   1356 3.769573E-05 1.868657E-05 2.777039E-05 1.065930E-14 0.000000E+00
  4661    369   4372 4.877741E-05 1.460559E-05 3.121849E-05 9.696707E-16 0.000000E+00
  4662   3762   5090 1.820074E-05 1.421810E-05 1.596749E-05 1.026294E-15 0.000000E+00
  4663    369    448 4.328358E-05 3.100913E-05 3.659193E-05 6.865551E-16 0.000000E+00
  4664    985   1356 1.989938E-05 1.080825E-05 1.512466E-05 3.269984E-15 0.000000E+00
  4665    775   6405 1.960775E-05 1.203457E-05 1.558502E-05 5.379195E-16 0.000000E+00
  4666    437    971 2.785501E-05 2.808526E-05 2.755267E-05 6.936330E-16 0.000000E+00
  4667   1202   3248 1.067529E-05 1.031318E-05 1.033760E-05 4.671406E-16 0.000000E+00
  4668   1746   3514 1.479612E-05 8.363647E-06 1.140705E-05 3.015180E-15 0.000000E+00
  4669   1089   3117 1.805160E-05 5.463718E-06 1.158217E-05 3.510632E-15 0.000000E+00
  4670    224   3097 2.797561E-05 2.154673E-05 2.439160E-05 6.016205E-16 0.000000E+00
  4671   1108   3565 2.161969E-05 1.048036E-05 1.581047E-05 7.644119E-16 0.000000E+00
  4672    167   2058 5.788710E-05 1.785716E-05 3.730688E-05 6.327632E-15 0.000000E+00
  4673    167   6425 5.543961E-05 1.707329E-05 3.571531E-05 3.496477E-15 0.000000E+00
  4674   1506   2037 2.034997E-05 1.175825E-05 1.581450E-05 1.111936E-14 0.000000E+00
  4675     59     60 7.528353E-05 5.904994E-05 6.616425E-05 8.601757E-14 0.000000E+00
  4676     60   3478 7.354267E-05 1.622188E-05 4.421239E-05 1.337721E-15 0.000000E+00
  4677    148   5397 5.804489E-05 1.137915E-05 3.419393E-05 5.449974E-16 0.000000E+00
  4678   4089   6676 1.479381E-05 1.195049E-05 1.317256E-05 4.218421E-15 0.000000E+00
  4679   3912   6206 8.692976E-06 3.698691E-06 6.103358E-06 1.394344E-15 0.000000E+00
  4680    801   6220 2.102402E-05 1.209712E-05 1.631340E-05 4.742185E-16 0.000000E+00
  4681   1162   1166 1.289050E-05 1.210301E-05 1.231024E-05 2.767454E-15 0.000000E+00
  4682    108    501 5.526386E-05 2.319540E-05 3.864411E-05 4.987080E-14 0.000000E+00
  4683   1536   2345 2.859190E-05 6.603337E-06 1.733497E-05 1.974731E-15 0.000000E+00
  4684    729   2345 2.617063E-05 8.649739E-06 1.715033E-05 3.609723E-15 0.000000E+00
  4685   1099   3062 1.921914E-05 1.153029E-05 1.514524E-05 2.059665E-15 0.000000E+00
  4686   1099   1824 1.904840E-05 1.445032E-05 1.649937E-05 2.371092E-15 0.000000E+00
  4687    172   1536 5.629718E-05 1.550976E-05 3.536759E-05 4.628939E-15 0.000000E+00
  4688   2014   6147 2.020148E-05 9.954340E-06 1.485287E-05 2.519728E-15 0.000000E+00
  4689   1841   5181 3.067385E-05 1.007376E-05 2.006972E-05 1.670382E-15 0.000000E+00
  4690   1356   6340 1.659536E-05 7.782737E-06 1.200712E-05 3.765436E-15 0.000000E+00
  4691    927    985 2.353874E-05 1.705359E-05 1.999324E-05 2.059665E-15 0.000000E+00
  4692   5101   5124 7.380585E-06 7.398660E-06 7.279330E-06 4.954522E-16 0.000000E+00
  4693   1202   5105 1.289452E-05 1.144536E-05 1.198830E-05 3.411542E-15 0.000000E+00
  4694    818   1147 1.130493E-05 1.453715E-05 1.272819E-05 1.216689E-14 0.000000E+00
  4695   3779   3934 1.371580E-05 1.242549E-05 1.287556E-05 1.033372E-15 0.000000E+00
  4696    224    616 4.222688E-05 1.621643E-05 2.878551E-05 7.799833E-15 0.000000E+00
  4697    616   4404 1.803013E-05 9.326121E-06 1.347397E-05 6.207308E-15 0.000000E+00
  4698   1639   4160 1.878747E-05 1.042908E-05 1.439024E-05 4.175954E-16 0.000000E+00
  4699   2673   4327 1.710462E-05 8.319004E-06 1.252208E-05 1.578369E-15 0.000000E+00
  4700     94    104 4.390683E-05 2.990934E-05 3.635722E-05 1.486993E-13 0.000000E+00
  4701    120    143 4.851485E-05 3.492974E-05 4.109958E-05 2.468060E-14 0.000000E+00
  4702    704    817 1.857290E-05 1.612746E-05 1.709122E-05 2.576351E-15 0.000000E+00
  4703   1180   3058 2.239588E-05 9.587735E-06 1.575312E-05 1.132462E-15 0.000000E+00
  4704      2   6024 1.525069E-04 0.000000E+00 7.511532E-05 6.384255E-15 0.000000E+00
  4705    148    194 5.663149E-05 5.616893E-05 5.555841E-05 1.967653E-14 0.000000E+00
  4706   4161   6691 8.407937E-06 7.816215E-06 7.991000E-06 1.245708E-15 0.000000E+00
  4707    252   4127 5.902149E-05 1.504366E-05 3.647985E-05 5.917114E-15 0.000000E+00
  4708   1166   5038 1.846681E-05 4.939762E-06 1.152861E-05 4.204265E-15 0.000000E+00
  4709     76    536 5.376587E-05 2.459304E-05 3.859468E-05 9.774563E-15 0.000000E+00
  4710   4016   4065 1.062696E-05 1.323158E-05 1.175122E-05 3.892838E-16 0.000000E+00
  4711    910   6175 1.990847E-05 1.102928E-05 1.523800E-05 1.309409E-15 0.000000E+00
  4712   4106   4971 9.744431E-06 7.777295E-06 8.630104E-06 1.627914E-16 0.000000E+00
  4713    130   6109 4.896369E-05 6.511016E-06 2.732336E-05 1.557135E-15 0.000000E+00
  4714   1841   5166 3.297336E-05 1.632576E-05 2.428165E-05 1.981809E-15 0.000000E+00
  4715   2286   6367 1.256833E-05 1.030189E-05 1.126444E-05 1.408500E-15 0.000000E+00
  4716    775   1356 2.850908E-05 2.161538E-05 2.468817E-05 1.314364E-14 0.000000E+00
  4717    437   6376 3.156582E-05 1.206386E-05 2.148925E-05 1.019216E-15 0.000000E+00
  4718    112   6376 3.254220E-05 1.060530E-05 2.125175E-05 1.274020E-15 0.000000E+00
  4719   4160   4405 1.029669E-05 1.034432E-05 1.016647E-05 1.323565E-15 0.000000E+00
  4720   1089   1124 2.579485E-05 1.241412E-05 1.881934E-05 4.091019E-15 0.000000E+00
  4721   1020   4995 2.797037E-05 1.187893E-05 1.962727E-05 2.413560E-15 0.000000E+00
  4722   1307   4253 1.506404E-05 9.654078E-06 1.217460E-05 9.767485E-16 0.000000E+00
  4723   3267   3451 3.316547E-05 1.371830E-05 2.309201E-05 3.970695E-15 0.000000E+00
  4724   1373   4514 2.198205E-05 1.727082E-05 1.933351E-05 1.521746E-15 0.000000E+00
  4725    185    543 3.327351E-05 1.772320E-05 2.511778E-05 3.556639E-14 0.000000E+00
  4726    199    240 4.637101E-05 2.265926E-05 3.399999E-05 5.988601E-14 0.000000E+00
  4727    194   6635 4.701136E-05 1.763870E-05 3.184257E-05 5.393351E-15 0.000000E+00
  4728   1406   3478 1.146565E-05 1.358669E-05 1.233921E-05 9.335734E-15 0.000000E+00
  4729   3478   5345 1.758849E-05 8.201116E-06 1.270234E-05 2.427716E-15 0.000000E+00
  4730    622    911 3.710107E-05 2.830104E-05 3.221298E-05 8.132493E-15 0.000000E+00
  4731     76   1774 3.973314E-05 1.203067E-05 2.549561E-05 1.373110E-14 0.000000E+00
  4732    165    371 3.602077E-05 1.243164E-05 2.386462E-05 3.938845E-14 0.000000E+00
  4733    482   4118 4.503419E-05 1.518777E-05 2.966156E-05 1.351877E-15 0.000000E+00
  4734    258   1841 2.495346E-05 2.416145E-05 2.419093E-05 6.943408E-15 0.000000E+00
  4735    118    963 7.699639E-05 1.158470E-05 4.362949E-05 5.322572E-15 0.000000E+00
  4736    708   1551 3.109393E-05 1.675574E-05 2.356775E-05 1.847329E-15 0.000000E+00
  4737    774   6319 2.988454E-05 8.941387E-06 1.912322E-05 4.784652E-15 0.000000E+00
  4738    224   1737 2.125459E-05 2.137368E-05 2.099602E-05 7.941390E-15 0.000000E+00
  4739    300    634 2.698393E-05 7.694280E-06 1.708031E-05 1.080793E-14 0.000000E+00
  4740    288   4440 2.835229E-05 5.491187E-06 1.666917E-05 3.928228E-15 0.000000E+00
  4741   1108   4995 1.658460E-05 9.305392E-06 1.275179E-05 2.802844E-15 0.000000E+00
  4742    160   4012 2.754649E-05 9.153190E-06 1.807596E-05 4.600627E-16 0.000000E+00
  4743    627   1671 4.522585E-05 1.914297E-05 3.170404E-05 1.783628E-14 0.000000E+00
  4744     10     47 9.956806E-05 3.945197E-05 6.847255E-05 1.853911E-13 0.000000E+00
  4745   3267   4514 1.424242E-05 5.820927E-06 9.881945E-06 5.924192E-15 0.000000E+00
  4746    543   1139 3.408377E-05 1.876842E-05 2.603168E-05 1.603849E-14 0.000000E+00
  4747    148    199 4.980260E-05 4.619455E-05 4.728218E-05 4.981418E-14 0.000000E+00
  4748    117    137 2.817849E-05 2.869608E-05 2.801285E-05 1.103584E-13 0.000000E+00
  4749   3912   5397 1.247358E-05 1.081457E-05 1.147028E-05 5.449974E-16 0.000000E+00
  4750   1477   6175 1.639146E-05 9.716588E-06 1.285919E-05 3.468165E-16 0.000000E+00
  4751    328    501 2.878675E-05 1.214226E-05 2.015907E-05 5.315494E-15 0.000000E+00
  4752     18    299 1.146473E-04 3.743177E-05 7.490460E-05 6.773539E-14 0.000000E+00
  4753    246   2973 4.885068E-05 9.490560E-06 2.873524E-05 6.299320E-16 0.000000E+00
  4754   1824   2828 1.493942E-05 8.382116E-06 1.148673E-05 2.753298E-15 0.000000E+00
  4755    599    766 1.628593E-05 1.567454E-05 1.574172E-05 6.731071E-15 0.000000E+00
  4756    319    463 5.518425E-05 2.627693E-05 4.012267E-05 5.591532E-16 0.000000E+00
  4757   2044   5181 1.522385E-05 9.266761E-06 1.206254E-05 9.979822E-16 0.000000E+00
  4758    389   5178 3.044888E-05 1.824772E-05 2.398489E-05 7.304380E-15 0.000000E+00
  4759    465    546 4.322715E-05 3.080445E-05 3.646333E-05 2.703753E-14 0.000000E+00
  4760    985   2201 1.477482E-05 1.161571E-05 1.299832E-05 3.432776E-15 0.000000E+00
  4761    300   4327 2.649613E-05 9.072793E-06 1.751902E-05 8.295285E-15 0.000000E+00
  4762   1971   4391 1.637991E-05 1.356570E-05 1.474933E-05 1.033372E-15 0.000000E+00
  4763    296    774 4.920193E-05 2.829960E-05 3.817240E-05 2.137522E-15 0.000000E+00
  4764      2     24 1.913894E-04 5.986309E-05 1.237512E-04 3.901948E-12 0.000000E+00
  4765   2646   6005 8.501126E-06 8.515370E-06 8.381259E-06 4.459069E-16 0.000000E+00
  4766   4544   5630 9.364527E-06 3.795905E-06 6.482004E-06 5.308416E-16 0.000000E+00
  4767    117    148 1.803893E-05 1.773791E-05 1.762143E-05 1.488905E-13 0.000000E+00
  4768   3895   5374 1.289824E-05 9.244702E-06 1.090622E-05 1.550057E-15 0.000000E+00
  4769    252   6199 6.543791E-05 1.444339E-05 3.934452E-05 3.411542E-15 0.000000E+00
  4770   4016   6175 5.810165E-06 4.694647E-06 5.174012E-06 4.034396E-16 0.000000E+00
  4771     59    622 6.103245E-05 3.802075E-05 4.878740E-05 2.017906E-14 0.000000E+00
  4772    911   1092 1.457135E-05 1.885426E-05 1.646336E-05 1.795660E-14 0.000000E+00
  4773   4970   4971 6.436791E-06 3.868521E-06 5.075750E-06 2.371092E-15 0.000000E+00
  4774    371    503 1.356771E-05 1.398822E-05 1.357232E-05 2.812753E-14 0.000000E+00
  4775   1536   6148 1.238087E-05 4.401535E-06 8.265960E-06 1.861485E-15 0.000000E+00
  4776    463   4118 2.374199E-05 1.114485E-05 1.718307E-05 5.881725E-15 0.000000E+00
  4777    369    463 2.884310E-05 1.906426E-05 2.359616E-05 4.236824E-14 0.000000E+00
  4778     44   2776 5.996427E-05 1.523778E-05 3.703982E-05 6.511657E-16 0.000000E+00
  4779    546   3514 4.617334E-05 6.488618E-06 2.593798E-05 8.776581E-16 0.000000E+00
  4780    369   1951 3.960727E-05 1.282978E-05 2.582721E-05 1.978977E-14 0.000000E+00
  4781    264    333 7.411448E-05 2.367867E-05 4.816678E-05 2.697383E-14 0.000000E+00
  4782    700   3064 1.644561E-05 1.445064E-05 1.521756E-05 1.656226E-15 0.000000E+00
  4783   1258   6394 2.456714E-05 8.420856E-06 1.624782E-05 2.632974E-15 0.000000E+00
  4784   1258   6299 1.699059E-05 6.006042E-06 1.132670E-05 2.774532E-15 0.000000E+00
  4785    112   3117 4.323401E-05 1.639348E-05 2.936876E-05 1.259864E-15 0.000000E+00
  4786    616   6319 1.747393E-05 1.199179E-05 1.451297E-05 1.486356E-16 0.000000E+00
  4787    901   4434 2.834849E-05 1.400956E-05 2.086292E-05 4.459069E-16 0.000000E+00
  4788    112   2832 4.111320E-05 8.203070E-06 2.429010E-05 8.698724E-15 0.000000E+00
  4789   2052   2832 1.657285E-05 1.139426E-05 1.377485E-05 1.266942E-15 0.000000E+00
  4790   1971   3097 1.046903E-05 2.105520E-05 1.552686E-05 9.201254E-16 0.000000E+00
  4791     94    143 5.318182E-05 4.293970E-05 4.734344E-05 7.254127E-14 0.000000E+00
  4792    167   1164 3.566625E-05 1.238609E-05 2.366757E-05 1.704355E-14 0.000000E+00
  4793     10    175 9.560948E-05 4.619842E-05 6.984568E-05 2.663409E-14 0.000000E+00
  4794    627   3823 4.830038E-05 9.002793E-06 2.822395E-05 4.083941E-15 0.000000E+00
  4795   1506   4544 2.086679E-05 1.138046E-05 1.588298E-05 3.340763E-15 0.000000E+00
  4796   3256   4706 1.435930E-05 1.242442E-05 1.319198E-05 1.415578E-15 0.000000E+00
  4797   1571   2458 1.330313E-05 1.269567E-05 1.280538E-05 2.059665E-15 0.000000E+00
  4798   3478   5682 1.689460E-05 1.028910E-05 1.338898E-05 3.638034E-15 0.000000E+00
  4799   2879   5356 1.829857E-05 2.146414E-05 1.958462E-05 1.769472E-15 0.000000E+00
  4800    536   6706 2.257098E-05 6.199527E-06 1.417055E-05 5.520753E-16 0.000000E+00
  4801     59   3897 7.190354E-05 8.751368E-06 3.972555E-05 7.785677E-16 0.000000E+00
  4802     76   3994 4.529064E-05 6.735763E-06 2.562495E-05 3.623879E-15 0.000000E+00
  4803     76    801 4.359606E-05 1.210065E-05 2.743271E-05 2.405774E-14 0.000000E+00
  4804    473    910 2.216311E-05 1.365555E-05 1.764203E-05 3.298296E-15 0.000000E+00
  4805    205   1099 3.355264E-05 9.957795E-06 2.143051E-05 2.675442E-15 0.000000E+00
  4806    205   2014 3.958888E-05 1.309109E-05 2.594685E-05 2.378170E-15 0.000000E+00
  4807    972   1479 3.743425E-05 2.564819E-05 3.107045E-05 3.871605E-15 0.000000E+00
  4808    972   5178 3.742783E-05 3.952631E-06 2.038142E-05 3.128426E-15 0.000000E+00
  4809    463   3762 2.098895E-05 1.874470E-05 1.957031E-05 2.300314E-15 0.000000E+00
  4810    927   1356 1.980059E-05 1.494024E-05 1.711115E-05 4.954522E-15 0.000000E+00
  4811   1639   2486 1.335180E-05 7.964891E-06 1.049927E-05 3.008102E-15 0.000000E+00
  4812    901   4327 2.634788E-05 1.274845E-05 1.925640E-05 4.161798E-15 0.000000E+00
  4813   3565   4995 1.238999E-05 1.980082E-05 1.585517E-05 1.358954E-15 0.000000E+00
  4814   1312   4995 2.097223E-05 1.978037E-05 2.007218E-05 4.069786E-15 0.000000E+00
  4815   1971   3386 1.501801E-05 1.217060E-05 1.339141E-05 6.723994E-16 0.000000E+00
  4816   3386   4391 1.303153E-05 1.356570E-05 1.310013E-05 1.182007E-15 0.000000E+00
  4817      2   4234 2.061410E-04 1.535227E-05 1.090937E-04 3.744203E-14 0.000000E+00
  4818   2037   3651 1.787357E-05 1.849351E-05 1.791215E-05 2.944401E-15 0.000000E+00
  4819     53   1289 4.428233E-05 1.240081E-05 2.791857E-05 8.422687E-16 0.000000E+00
  4820    194    199 3.613796E-05 3.569173E-05 3.537881E-05 1.342180E-13 0.000000E+00
  4821    538   3897 3.288762E-05 1.544623E-05 2.380623E-05 1.288176E-15 0.000000E+00
  4822   5374   5382 7.510529E-06 7.639101E-06 7.461758E-06 3.906994E-15 0.000000E+00
  4823    252    986 6.628144E-05 2.492945E-05 4.492477E-05 3.446931E-15 0.000000E+00
  4824   4006   4092 1.213471E-05 1.925072E-05 1.545849E-05 9.838264E-16 0.000000E+00
  4825   3994   6220 6.811951E-06 6.252277E-06 6.434620E-06 1.316487E-15 0.000000E+00
  4826   3395   4016 1.167470E-05 1.241502E-05 1.186509E-05 1.755316E-15 0.000000E+00
  4827   2345   6232 9.466048E-06 5.296500E-06 7.271106E-06 9.059697E-16 0.000000E+00
  4828    911   1099 2.635122E-05 1.581773E-05 2.076978E-05 3.326607E-16 0.000000E+00
  4829    990   5008 2.378916E-05 1.565004E-05 1.942528E-05 3.588489E-15 0.000000E+00
  4830   1536   2006 1.926832E-05 1.159688E-05 1.520226E-05 8.090026E-15 0.000000E+00
  4831    258   2044 2.705681E-05 1.439668E-05 2.041739E-05 1.203241E-15 0.000000E+00
  4832    118    130 9.171779E-05 5.180244E-05 7.068907E-05 2.243690E-15 0.000000E+00
  4833    546   1746 4.416279E-05 1.711826E-05 3.018320E-05 7.969702E-15 0.000000E+00
  4834    985   2091 1.421950E-05 2.114807E-05 1.741985E-05 4.841275E-15 0.000000E+00
  4835    708   6280 2.700632E-05 4.752322E-06 1.564232E-05 3.305374E-15 0.000000E+00
  4836    774   3605 1.462896E-05 4.669826E-06 9.505373E-06 1.005060E-15 0.000000E+00
  4837    765   1124 1.620477E-05 5.017543E-06 1.045278E-05 2.536007E-14 0.000000E+00
  4838   1124   2533 3.058605E-05 1.362437E-05 2.177528E-05 5.591532E-16 0.000000E+00
  4839    104    107 4.008112E-05 2.975251E-05 3.439567E-05 8.605296E-14 0.000000E+00
  4840   2174   4012 2.083780E-05 6.092458E-06 1.326416E-05 5.428740E-15 0.000000E+00
  4841      2   1126 1.699979E-04 7.533665E-06 8.744092E-05 1.036203E-14 0.000000E+00
  4842   1373   4669 1.804336E-05 1.061618E-05 1.411589E-05 3.553100E-15 0.000000E+00
  4843     53   5229 4.214899E-05 6.465154E-06 2.394428E-05 3.454009E-15 0.000000E+00
  4844     60   6776 5.271631E-05 3.835136E-06 2.785370E-05 5.315494E-15 0.000000E+00
  4845   2347   2681 2.952444E-05 1.613893E-05 2.249091E-05 1.755316E-15 0.000000E+00
  4846   1166   6199 2.326901E-05 1.604063E-05 1.936146E-05 7.502561E-16 0.000000E+00
  4847   1166   1303 2.191541E-05 2.404355E-05 2.263650E-05 1.047527E-15 0.000000E+00
  4848    501   6254 2.758417E-05 1.031367E-05 1.866610E-05 4.105175E-16 0.000000E+00
  4849    729   6255 1.627628E-05 1.305718E-05 1.444782E-05 6.511657E-16 0.000000E+00
  4850    172   4959 5.918386E-05 1.350923E-05 3.580406E-05 5.025300E-16 0.000000E+00
  4851    729   1479 2.650745E-05 3.157371E-05 2.860714E-05 4.331667E-15 0.000000E+00
  4852    130    503 3.272523E-05 1.655536E-05 2.427253E-05 2.421345E-14 0.000000E+00
  4853    465   1879 3.638239E-05 1.571161E-05 2.565823E-05 9.555149E-16 0.000000E+00
  4854   1879   5124 1.655376E-05 6.484521E-06 1.134721E-05 2.080899E-15 0.000000E+00
  4855   1746   3934 1.320461E-05 8.379765E-06 1.063111E-05 3.503555E-15 0.000000E+00
  4856    985   6300 2.202416E-05 3.374765E-06 1.250992E-05 1.316487E-15 0.000000E+00
  4857   1953   6297 2.269487E-05 5.338402E-06 1.380744E-05 7.998013E-16 0.000000E+00
  4858    118    691 1.094507E-04 2.565696E-05 6.654555E-05 1.009307E-14 0.000000E+00
  4859   1551   1730 2.377105E-05 2.060107E-05 2.185493E-05 1.316487E-15 0.000000E+00
  4860    616   1730 2.695811E-05 1.210110E-05 1.923812E-05 1.358954E-15 0.000000E+00
  4861   3605   6209 1.717666E-05 1.288430E-05 1.480614E-05 4.600627E-16 0.000000E+00
  4862   1124   6672 2.827123E-05 9.294617E-06 1.850258E-05 1.252786E-15 0.000000E+00
  4863    436    540 3.030021E-05 3.669288E-05 3.299660E-05 1.339844E-14 0.000000E+00
  4864   1373   2086 2.521138E-05 9.375115E-06 1.703514E-05 5.018223E-15 0.000000E+00
  4865    115   3156 3.843960E-05 9.088393E-06 2.340931E-05 5.733089E-16 0.000000E+00
  4866    395   6645 2.750643E-05 2.120585E-05 2.399262E-05 2.880700E-15 0.000000E+00
  4867    538    579 2.639392E-05 1.551862E-05 2.064349E-05 4.183032E-15 0.000000E+00
  4868    328   3130 2.616524E-05 5.988321E-06 1.583683E-05 3.503555E-15 0.000000E+00
  4869    328   6262 2.283138E-05 1.269853E-05 1.749981E-05 1.231553E-15 0.000000E+00
  4870    526   6255 2.930762E-05 7.680898E-06 1.821822E-05 2.597585E-15 0.000000E+00
  4871    246    473 5.246157E-05 1.608534E-05 3.376191E-05 4.246733E-14 0.000000E+00
  4872   2345   3836 5.952163E-06 5.719477E-06 5.748718E-06 1.281098E-15 0.000000E+00
  4873    258   2738 3.617808E-05 6.683779E-06 2.111106E-05 6.660293E-15 0.000000E+00
  4874    546   6162 2.772199E-05 7.439600E-06 1.731840E-05 1.670382E-15 0.000000E+00
  4875    700   1202 3.125079E-05 1.436114E-05 2.246558E-05 1.005060E-15 0.000000E+00
  4876    603   1216 2.535057E-05 2.438717E-05 2.449769E-05 1.097073E-15 0.000000E+00
  4877    112   4444 4.751986E-05 7.167177E-06 2.693541E-05 6.150685E-15 0.000000E+00
  4878   2533   4408 2.073731E-05 1.393530E-05 1.707755E-05 1.670382E-15 0.000000E+00
  4879   2533   6326 1.187849E-05 1.342624E-05 1.246352E-05 7.856456E-16 0.000000E+00
  4880    738   1124 2.044789E-05 2.159766E-05 2.070900E-05 8.210350E-16 0.000000E+00
  4881    167   5339 4.616195E-05 6.751703E-06 2.606195E-05 2.724987E-15 0.000000E+00
  4882    167   1254 4.599884E-05 1.162866E-05 2.838369E-05 9.413591E-15 0.000000E+00
  4883    517   4234 4.482929E-05 2.726592E-05 3.550958E-05 6.426722E-15 0.000000E+00
  4884      2   5566 9.222052E-05 1.451627E-05 5.257185E-05 6.871214E-14 0.000000E+00
  4885    197    235 4.677082E-05 2.878515E-05 3.721413E-05 5.798914E-14 0.000000E+00
  4886   3897   4286 1.576721E-05 1.559976E-05 1.544940E-05 1.040450E-15 0.000000E+00
  4887   3912   5048 1.470792E-05 1.633353E-05 1.528907E-05 9.272033E-16 0.000000E+00
  4888   2332   5397 1.166345E-05 5.354225E-06 8.381842E-06 4.636017E-15 0.000000E+00
  4889   2983   5048 2.250304E-05 1.570044E-05 1.881664E-05 1.203241E-16 0.000000E+00
  4890    117   3130 4.767606E-05 5.988321E-06 2.643171E-05 5.046534E-15 0.000000E+00
  4891   1166   2114 2.234777E-05 2.618471E-05 2.390406E-05 2.625896E-15 0.000000E+00
  4892    526    729 2.964077E-05 1.710123E-05 2.302218E-05 1.953497E-15 0.000000E+00
  4893   2383   5008 2.591556E-05 1.059899E-05 1.798478E-05 1.811939E-15 0.000000E+00
  4894   1841   2044 3.225073E-05 1.950430E-05 2.549129E-05 6.985875E-15 0.000000E+00
  4895    546   1879 3.814761E-05 1.851398E-05 2.790795E-05 1.634284E-14 0.000000E+00
  4896   3248   3762 1.905168E-05 1.687088E-05 1.769320E-05 1.443889E-15 0.000000E+00
  4897    708   5101 2.688927E-05 1.597743E-05 2.111345E-05 1.988887E-15 0.000000E+00
  4898   1639   1953 1.562161E-05 1.707086E-05 1.610226E-05 4.961599E-15 0.000000E+00
  4899    901   2274 2.947136E-05 1.087046E-05 1.986986E-05 5.888803E-15 0.000000E+00
  4900    107   1953 2.883181E-05 1.823278E-05 2.318107E-05 1.507590E-15 0.000000E+00
  4901   3565   4435 7.182066E-06 6.982286E-06 6.976472E-06 3.114271E-15 0.000000E+00
  4902   3317   6209 2.294047E-05 1.137373E-05 1.690102E-05 3.022258E-15 0.000000E+00
  4903   5339   6209 1.291638E-05 9.201537E-06 1.089390E-05 5.379195E-16 0.000000E+00
  4904    195   1167 2.394806E-05 2.226853E-05 2.276340E-05 2.070990E-14 0.000000E+00
  4905   2086   4231 1.071244E-05 8.916587E-06 9.668026E-06 3.737125E-15 0.000000E+00
  4906   3895   6703 2.632472E-05 1.957377E-05 2.260672E-05 1.337721E-15 0.000000E+00
  4907     59    801 6.778065E-05 2.186833E-05 4.415547E-05 1.870686E-14 0.000000E+00
  4908   4002   4089 5.196560E-06 4.332436E-06 4.693386E-06 2.710831E-15 0.000000E+00
  4909     44     76 3.847013E-05 3.243557E-05 3.492370E-05 1.470219E-13 0.000000E+00
  4910    990   6118 2.431213E-05 1.493385E-05 1.933011E-05 7.856456E-16 0.000000E+00
  4911   5008   6118 1.634098E-05 1.426746E-05 1.507580E-05 1.231553E-15 0.000000E+00
  4912   5008   6094 1.199785E-05 3.814567E-06 7.788203E-06 1.047527E-15 0.000000E+00
  4913   1099   2014 1.584480E-05 1.397250E-05 1.468613E-05 3.269984E-15 0.000000E+00
  4914   3027   5178 1.128425E-05 1.234306E-05 1.163733E-05 1.153696E-15 0.000000E+00
  4915    112    223 2.577506E-05 2.788711E-05 2.643062E-05 1.240825E-13 0.000000E+00
  4916    118   2203 8.471150E-05 8.841020E-06 4.607811E-05 3.284140E-15 0.000000E+00
  4917    775   5102 3.596178E-05 1.558450E-05 2.538847E-05 1.599603E-15 0.000000E+00
  4918    118    700 8.877132E-05 1.645393E-05 5.182736E-05 1.771595E-14 0.000000E+00
  4919   1746   1879 1.339149E-05 1.858151E-05 1.574790E-05 2.456027E-15 0.000000E+00
  4920    112    507 7.929501E-05 2.020683E-05 4.900837E-05 4.968677E-15 0.000000E+00
  4921    112    708 6.882537E-05 3.001052E-05 4.868036E-05 1.366032E-15 0.000000E+00
  4922   1147   2767 1.539830E-05 1.159240E-05 1.329392E-05 2.201223E-15 0.000000E+00
  4923    264    603 5.034730E-05 2.381284E-05 3.652664E-05 1.907491E-14 0.000000E+00
  4924    738   6280 2.252768E-05 7.757524E-06 1.491660E-05 2.972713E-15 0.000000E+00
  4925    774   4255 2.412540E-05 2.641936E-06 1.318391E-05 3.100115E-15 0.000000E+00
  4926    738   4435 1.368763E-05 7.363822E-06 1.036862E-05 1.896874E-15 0.000000E+00
  4927     94   4408 4.340498E-05 1.100498E-05 2.679894E-05 3.432776E-15 0.000000E+00
  4928   3097   3386 8.212209E-06 5.271064E-06 6.641015E-06 5.605687E-15 0.000000E+00
  4929    774   3386 3.298325E-05 1.151037E-05 2.191477E-05 4.572316E-15 0.000000E+00
  4930    167   1576 4.147005E-05 1.356192E-05 2.710530E-05 5.874647E-15 0.000000E+00
  4931    776   4932 1.455829E-05 6.471922E-06 1.035816E-05 1.557135E-15 0.000000E+00
  4932   1633   4555 1.639990E-05 8.698069E-06 1.236168E-05 2.321547E-15 0.000000E+00
  4933      6    146 9.500327E-05 2.232285E-05 5.778749E-05 2.644582E-13 0.000000E+00
  4934    194   5352 5.413263E-05 1.226493E-05 3.270327E-05 3.758359E-15 0.000000E+00
  4935     52   1338 4.127871E-05 2.792103E-05 3.408345E-05 7.785677E-15 0.000000E+00
  4936     59   1092 3.634949E-05 2.107235E-05 2.828240E-05 1.098488E-14 0.000000E+00
  4937   2291   2619 9.384583E-06 5.445454E-06 7.304346E-06 4.473225E-15 0.000000E+00
  4938     44   2828 4.568222E-05 7.767034E-06 2.632575E-05 1.230845E-14 0.000000E+00
  4939    546    683 1.708313E-05 2.445629E-05 2.045972E-05 2.618819E-16 0.000000E+00
  4940   1216   5108 2.426419E-05 9.889267E-06 1.682185E-05 3.892838E-16 0.000000E+00
  4941    708   1730 2.455640E-05 1.583570E-05 1.989462E-05 6.207308E-15 0.000000E+00
  4942   1163   1953 3.971531E-05 1.454380E-05 2.672464E-05 4.154720E-15 0.000000E+00
  4943    288    634 3.261852E-05 1.954332E-05 2.569165E-05 3.213361E-15 0.000000E+00
  4944    167   2174 4.575285E-05 1.882976E-05 3.180934E-05 3.085959E-15 0.000000E+00
  4945     14     47 4.542975E-05 5.424064E-05 4.909138E-05 1.093321E-12 0.000000E+00
  4946    195   2730 5.315221E-05 1.370942E-05 3.293185E-05 3.963617E-15 0.000000E+00
  4947   3255   3651 1.413453E-05 2.218671E-05 1.788957E-05 1.046112E-14 0.000000E+00
  4948   3716   5843 1.672935E-05 4.513189E-06 1.046275E-05 5.952504E-15 0.000000E+00
  4949   1068   1454 1.736529E-05 8.969788E-06 1.297101E-05 2.123366E-16 0.000000E+00
  4950   3446   5362 2.072383E-05 1.236976E-05 1.629983E-05 2.038432E-15 0.000000E+00
  4951    538   4286 3.273043E-05 1.559843E-05 2.380377E-05 1.217397E-15 0.000000E+00
  4952    538    801 2.575810E-05 2.471732E-05 2.486103E-05 1.882718E-15 0.000000E+00
  4953   2842   4051 2.355968E-05 4.069661E-06 1.360848E-05 2.887778E-15 0.000000E+00
  4954    501   4972 2.886581E-05 1.293331E-05 2.058762E-05 2.498494E-15 0.000000E+00
  4955    221   1477 4.512581E-05 1.068659E-05 2.748969E-05 9.441903E-15 0.000000E+00
  4956    108    130 3.506892E-05 6.583808E-05 4.970046E-05 1.831757E-14 0.000000E+00
  4957    221    526 4.052327E-05 3.036543E-05 3.491533E-05 3.638034E-15 0.000000E+00
  4958   4967   4970 1.301446E-05 1.002892E-05 1.134972E-05 3.673424E-15 0.000000E+00
  4959    255    766 3.149295E-05 2.135852E-05 2.603132E-05 3.107193E-15 0.000000E+00
  4960   1092   2828 1.949630E-05 1.022895E-05 1.464079E-05 4.317512E-16 0.000000E+00
  4961   1479   1536 1.429596E-05 2.789961E-05 2.078289E-05 3.538944E-15 0.000000E+00
  4962    371   6094 2.065684E-05 1.144444E-05 1.581108E-05 2.264924E-16 0.000000E+00
  4963    333   3691 3.792886E-05 5.866973E-06 2.157108E-05 1.061683E-15 0.000000E+00
  4964   3261   3723 8.122907E-06 1.947890E-05 1.359492E-05 8.351908E-16 0.000000E+00
  4965     87    130 4.654678E-05 2.488117E-05 3.518093E-05 1.707187E-13 0.000000E+00
  4966    369    546 3.362948E-05 4.046889E-05 3.649621E-05 3.836215E-15 0.000000E+00
  4967    559   3261 2.983268E-05 1.024683E-05 1.974066E-05 1.072300E-14 0.000000E+00
  4968   2091   5108 2.146687E-05 8.368282E-06 1.469493E-05 3.036414E-15 0.000000E+00
  4969   1147   1951 1.199386E-05 1.790898E-05 1.472827E-05 1.535902E-15 0.000000E+00
  4970    564    691 3.080793E-05 1.663701E-05 2.336841E-05 1.272604E-14 0.000000E+00
  4971    521    634 3.959876E-05 1.812468E-05 2.843095E-05 6.426722E-15 0.000000E+00
  4972    288    521 3.082714E-05 3.022249E-05 3.006922E-05 9.703784E-15 0.000000E+00
  4973   3386   3791 1.755681E-05 1.195672E-05 1.453652E-05 6.299320E-16 0.000000E+00
  4974    167   1854 5.860164E-05 1.255086E-05 3.504526E-05 4.572316E-15 0.000000E+00
  4975   1948   2058 1.627082E-05 1.133730E-05 1.359803E-05 9.604694E-15 0.000000E+00
  4976      9     34 8.355293E-05 3.417803E-05 5.798689E-05 2.722934E-13 0.000000E+00
  4977   3267   5843 1.198804E-05 6.502419E-06 9.107241E-06 2.795766E-15 0.000000E+00
  4978     13   5568 7.289688E-05 1.429654E-06 3.660859E-05 1.415578E-17 0.000000E+00
  4979   5366   5682 1.745354E-05 1.281858E-05 1.491015E-05 3.326607E-16 0.000000E+00
  4980    148   1437 2.586528E-05 2.018926E-05 2.268358E-05 8.458076E-15 0.000000E+00
  4981    801   3994 1.059540E-05 8.527488E-06 9.418738E-06 5.379195E-16 0.000000E+00
  4982    473   4975 4.450310E-05 1.192438E-05 2.779264E-05 4.975755E-15 0.000000E+00
  4983   2383   5009 1.380394E-05 1.193896E-05 1.267934E-05 2.441871E-15 0.000000E+00
  4984   1092   1099 1.317688E-05 1.451783E-05 1.364068E-05 1.711433E-14 0.000000E+00
  4985    546   1479 2.593927E-05 1.803062E-05 2.165681E-05 2.104256E-14 0.000000E+00
  4986   1356   2201 2.003342E-05 8.178606E-06 1.389548E-05 8.139571E-16 0.000000E+00
  4987    223   1841 5.677886E-05 1.413337E-05 3.492692E-05 3.284140E-15 0.000000E+00
  4988    437   6298 2.443826E-05 1.526103E-05 1.955338E-05 9.909043E-16 0.000000E+00
  4989    118    564 1.142602E-04 2.981134E-05 7.096061E-05 2.055419E-14 0.000000E+00
  4990    112   4238 3.056438E-05 6.356384E-06 1.818485E-05 5.726011E-15 0.000000E+00
  4991    264   2091 4.904932E-05 6.640533E-06 2.742933E-05 5.223481E-15 0.000000E+00
  4992    264   1067 3.546221E-05 3.030880E-05 3.239468E-05 1.564213E-15 0.000000E+00
  4993    616   4464 2.323067E-05 4.504221E-06 1.366047E-05 2.724987E-15 0.000000E+00
  4994    774   4464 2.863916E-05 5.490986E-06 1.681037E-05 3.418620E-15 0.000000E+00
  4995   1124   6325 2.463371E-05 4.225884E-06 1.421443E-05 3.064726E-15 0.000000E+00
  4996    107   4408 3.596441E-05 2.147787E-05 2.829247E-05 4.947444E-15 0.000000E+00
  4997    774   1312 1.923363E-05 1.032870E-05 1.456055E-05 1.707894E-14 0.000000E+00
  4998   1108   1124 1.427561E-05 3.475158E-05 2.414772E-05 1.148033E-14 0.000000E+00
  4999    167   1108 7.003467E-05 1.849000E-05 4.360170E-05 8.953528E-15 0.000000E+00
  5000   2174   6425 2.129750E-05 3.348928E-06 1.213929E-05 3.163816E-15 0.000000E+00
  5001   1164   2174 1.029824E-05 2.318915E-05 1.649379E-05 5.110235E-15 0.000000E+00
  5002    436    721 2.736193E-05 1.774394E-05 2.221632E-05 1.879179E-14 0.000000E+00
  5003   1373   4672 1.576288E-05 8.430922E-06 1.191635E-05 1.443889E-15 0.000000E+00
  5004   2086   3256 1.825167E-05 9.928780E-06 1.387992E-05 7.453016E-15 0.000000E+00
  5005    801   4286 1.508098E-05 1.121439E-05 1.295145E-05 3.008102E-15 0.000000E+00
  5006    536   6682 2.401875E-05 6.079720E-06 1.482462E-05 1.967653E-15 0.000000E+00
  5007     18     52 1.193442E-04 6.196521E-05 8.930165E-05 2.251476E-14 0.000000E+00
  5008    622   1927 3.279132E-05 1.900002E-05 2.550917E-05 2.859467E-15 0.000000E+00
  5009   4118   5621 1.678081E-05 1.082416E-05 1.359648E-05 1.578369E-15 0.000000E+00
  5010    205    333 4.782482E-05 4.433389E-05 4.539161E-05 4.437836E-14 0.000000E+00
  5011     44   2667 4.068089E-05 7.934921E-06 2.394510E-05 1.378773E-14 0.000000E+00
  5012    599   1171 2.542591E-05 9.538584E-06 1.722132E-05 1.133170E-14 0.000000E+00
  5013    603    927 2.126154E-05 1.487912E-05 1.780062E-05 3.765436E-15 0.000000E+00
  5014    507    708 2.453782E-05 1.940780E-05 2.164486E-05 1.964822E-14 0.000000E+00
  5015    616   1147 1.904101E-05 1.450346E-05 1.652191E-05 3.340763E-15 0.000000E+00
  5016    264    397 5.136532E-05 3.957099E-05 4.478953E-05 3.446931E-14 0.000000E+00
  5017    107   1163 3.121020E-05 3.922843E-05 3.469365E-05 3.411542E-15 0.000000E+00
  5018   2486   4408 1.558873E-05 8.629112E-06 1.192819E-05 5.265949E-15 0.000000E+00
  5019    521   1737 3.778219E-05 1.309727E-05 2.506003E-05 3.269984E-15 0.000000E+00
  5020    634   3211 2.105130E-05 2.315223E-05 2.177189E-05 7.007109E-16 0.000000E+00
  5021   3211   5042 2.105380E-05 1.310623E-05 1.682509E-05 3.347841E-15 0.000000E+00
  5022    143    150 4.929670E-05 3.386963E-05 4.096252E-05 1.883426E-13 0.000000E+00
  5023     39    175 5.300199E-05 6.715061E-05 5.917964E-05 1.437377E-13 0.000000E+00
  5024      2     34 1.706042E-04 5.617318E-05 1.116963E-04 1.371128E-13 0.000000E+00
  5025   3255   5766 1.683130E-05 1.044017E-05 1.343222E-05 1.089995E-15 0.000000E+00
  5026    784   1139 2.286497E-05 2.059383E-05 2.140508E-05 1.700816E-14 0.000000E+00
  5027    115    235 7.334817E-05 2.324537E-05 4.757592E-05 1.082351E-13 0.000000E+00
  5028    235    395 2.630689E-05 1.392885E-05 1.981760E-05 2.257846E-14 0.000000E+00
  5029    579   3669 1.660284E-05 4.040333E-05 2.807766E-05 1.769472E-16 0.000000E+00
  5030    148   3506 4.190867E-05 8.705217E-06 2.492923E-05 2.052588E-16 0.000000E+00
  5031    801    986 1.946701E-05 1.712459E-05 1.802273E-05 2.753298E-15 0.000000E+00
  5032    599   6095 2.845686E-05 7.042228E-06 1.748462E-05 1.981809E-15 0.000000E+00
  5033    546   3027 4.395285E-05 1.480472E-05 2.894030E-05 4.105175E-16 0.000000E+00
  5034    507    546 2.576748E-05 4.892977E-05 3.679118E-05 5.471207E-15 0.000000E+00
  5035    223   1171 1.903389E-05 1.589623E-05 1.720439E-05 1.370987E-14 0.000000E+00
  5036    963   3762 1.776815E-05 6.589507E-06 1.199706E-05 3.135504E-15 0.000000E+00
  5037   2203   3762 4.705469E-06 5.635493E-06 5.093310E-06 3.468165E-15 0.000000E+00
  5038    927   2201 1.347953E-05 2.420269E-05 1.855990E-05 2.611741E-15 0.000000E+00
  5039   1951   2508 1.795139E-05 5.699501E-06 1.164894E-05 1.755316E-15 0.000000E+00
  5040    112   1639 3.869066E-05 1.386548E-05 2.588586E-05 1.666843E-14 0.000000E+00
  5041   1953   6307 1.751058E-05 8.177271E-06 1.265223E-05 1.918108E-15 0.000000E+00
  5042   4408   6326 1.733781E-05 1.227330E-05 1.458458E-05 5.924192E-15 0.000000E+00
  5043    143   1124 4.211870E-05 3.298194E-05 3.698987E-05 9.158787E-15 0.000000E+00
  5044    288   5042 3.602450E-05 6.743401E-06 2.106479E-05 6.794772E-15 0.000000E+00
  5045    160   5042 4.169621E-05 1.333025E-05 2.710258E-05 7.077888E-16 0.000000E+00
  5046    582   4942 3.540061E-05 9.604686E-06 2.216679E-05 8.635023E-16 0.000000E+00
  5047   1264   1671 1.346197E-05 1.041643E-05 1.176100E-05 3.057648E-15 0.000000E+00
  5048      2     47 2.709698E-04 4.345402E-05 1.548655E-04 4.034113E-13 0.000000E+00
  5049   3651   5808 2.243526E-05 7.189019E-06 1.459106E-05 5.096079E-16 0.000000E+00
  5050   3255   5808 1.617219E-05 6.994252E-06 1.141034E-05 6.016205E-16 0.000000E+00
  5051   2036   2214 8.559872E-06 1.232508E-05 1.028662E-05 1.047527E-14 0.000000E+00
  5052   5373   6676 6.155455E-06 4.933057E-06 5.461506E-06 7.856456E-16 0.000000E+00
  5053     76   4127 5.327708E-05 1.704473E-05 3.463612E-05 8.918139E-16 0.000000E+00
  5054    108    371 3.119411E-05 1.692241E-05 2.369918E-05 3.939552E-14 0.000000E+00
  5055    221    255 4.593215E-05 3.736278E-05 4.102586E-05 8.118338E-15 0.000000E+00
  5056     44   6101 7.172394E-05 1.084380E-05 4.066769E-05 1.267650E-14 0.000000E+00
  5057    263    482 4.450368E-05 1.674147E-05 3.016552E-05 1.953497E-15 0.000000E+00
  5058   2044   2738 2.084954E-05 1.016192E-05 1.527430E-05 6.171918E-15 0.000000E+00
  5059    559   2044 2.094078E-05 2.110238E-05 2.070782E-05 3.291218E-15 0.000000E+00
  5060    700   3177 2.045227E-05 9.069866E-06 1.454075E-05 6.469190E-15 0.000000E+00
  5061   1067   1163 1.401641E-05 2.112479E-05 1.730835E-05 5.513675E-15 0.000000E+00
  5062   1737   3327 1.732496E-05 7.712829E-06 1.233204E-05 4.890821E-15 0.000000E+00
  5063    738    765 2.392675E-05 2.171031E-05 2.247796E-05 1.557135E-14 0.000000E+00
  5064    160    691 1.022393E-04 3.124769E-05 6.574733E-05 5.230559E-15 0.000000E+00
  5065   5339   5402 9.751633E-06 5.790204E-06 7.654934E-06 1.642070E-15 0.000000E+00
  5066    160   2174 2.352130E-05 2.335634E-05 2.308899E-05 2.866545E-15 0.000000E+00
  5067    540    721 3.063963E-05 2.390214E-05 2.686386E-05 9.088008E-15 0.000000E+00
  5068     24    175 6.821342E-05 8.201712E-05 7.399415E-05 2.762500E-14 0.000000E+00
  5069      2    596 2.563703E-04 1.257848E-05 1.324673E-04 1.818380E-13 0.000000E+00
  5070   1506   3750 1.809430E-05 9.274422E-06 1.348012E-05 3.708813E-15 0.000000E+00
  5071   3267   3716 1.644396E-05 2.613433E-05 2.097140E-05 3.609723E-15 0.000000E+00
  5072     33   1625 6.928308E-05 1.837236E-05 4.317358E-05 1.364617E-14 0.000000E+00
  5073    194   6652 3.051084E-05 1.329098E-05 2.157403E-05 2.753298E-15 0.000000E+00
  5074     52     53 5.685078E-05 3.787416E-05 4.665557E-05 6.509534E-14 0.000000E+00
  5075    986   2347 2.969636E-05 1.749600E-05 2.324400E-05 8.458076E-15 0.000000E+00
  5076   1107   4127 1.800865E-05 1.343501E-05 1.548718E-05 4.926210E-15 0.000000E+00
  5077    587   1303 1.756395E-05 1.405996E-05 1.557595E-05 8.932295E-15 0.000000E+00
  5078   4000   5048 7.444070E-06 3.458009E-06 5.369681E-06 1.217397E-15 0.000000E+00
  5079    501   3130 2.214628E-05 8.239427E-06 1.496609E-05 5.166858E-16 0.000000E+00
  5080   3226   6222 4.447215E-06 5.915371E-06 5.103960E-06 7.077888E-16 0.000000E+00
  5081     88    258 4.679708E-05 3.932540E-05 4.241854E-05 4.988495E-14 0.000000E+00
  5082    258   5140 3.216054E-05 1.703558E-05 2.423093E-05 3.326607E-16 0.000000E+00
  5083    246   5140 3.803891E-05 1.250668E-05 2.489559E-05 2.944401E-15 0.000000E+00
  5084    356   1992 3.146432E-05 1.800520E-05 2.436558E-05 1.542980E-15 0.000000E+00
  5085    728    963 2.368817E-05 1.589596E-05 1.949666E-05 1.087871E-14 0.000000E+00
  5086    246   6123 3.501898E-05 1.262670E-05 2.346727E-05 1.443889E-15 0.000000E+00
  5087    507   5092 3.049203E-05 1.687726E-05 2.333114E-05 3.142582E-15 0.000000E+00
  5088    546    647 1.578932E-05 1.568584E-05 1.550269E-05 2.572104E-14 0.000000E+00
  5089    112   2151 5.569274E-05 1.800309E-05 3.629795E-05 7.070810E-15 0.000000E+00
  5090    708   3934 2.357588E-05 1.990856E-05 2.141771E-05 2.675442E-15 0.000000E+00
  5091    437   1163 2.051386E-05 1.876224E-05 1.934495E-05 1.687368E-14 0.000000E+00
  5092   1163   6307 2.989062E-05 8.896439E-06 1.910407E-05 3.029336E-15 0.000000E+00
  5093    265    397 3.307765E-05 2.485165E-05 2.853234E-05 4.856847E-14 0.000000E+00
  5094    648   1730 3.340776E-05 1.534992E-05 2.401498E-05 2.512650E-15 0.000000E+00
  5095   1621   2398 6.946075E-06 1.866868E-05 1.261622E-05 3.906994E-15 0.000000E+00
  5096    648    708 2.454571E-05 1.637773E-05 2.015632E-05 2.702338E-14 0.000000E+00
  5097    648   4255 3.304153E-05 8.813690E-06 2.061526E-05 9.413591E-16 0.000000E+00
  5098   1037   3117 1.293769E-05 2.141118E-05 1.691810E-05 9.696707E-16 0.000000E+00
  5099    708    738 3.208338E-05 1.803643E-05 2.468588E-05 4.027318E-15 0.000000E+00
  5100    928   1737 1.904393E-05 8.969412E-06 1.379762E-05 1.656226E-15 0.000000E+00
  5101   1854   5653 1.562907E-05 1.008760E-05 1.266642E-05 2.264924E-16 0.000000E+00
  5102    167   5653 6.830158E-05 9.147913E-06 3.814676E-05 3.078881E-15 0.000000E+00
  5103     10     39 6.120886E-05 5.947729E-05 5.944243E-05 9.558688E-14 0.000000E+00
  5104   1179   2782 8.546056E-06 5.996197E-06 7.162602E-06 3.843293E-15 0.000000E+00
  5105   2037   3750 1.969190E-05 1.669887E-05 1.792381E-05 2.371092E-15 0.000000E+00
  5106   2347   4286 2.051011E-05 1.058329E-05 1.531466E-05 3.369075E-15 0.000000E+00
  5107    536   1107 3.476801E-05 1.531778E-05 2.466912E-05 2.090100E-14 0.000000E+00
  5108   1303   2114 9.043638E-06 2.270893E-05 1.563933E-05 2.307391E-15 0.000000E+00
  5109    801   6178 1.888111E-05 5.033526E-06 1.177885E-05 1.465123E-15 0.000000E+00
  5110   6254   6262 6.703841E-06 7.987592E-06 7.236079E-06 8.564244E-16 0.000000E+00
  5111   4970   6254 1.967694E-05 7.665761E-06 1.346730E-05 1.903952E-15 0.000000E+00
  5112    910   1477 1.032791E-05 1.147741E-05 1.073994E-05 2.576351E-15 0.000000E+00
  5113   1092   4966 1.657565E-05 2.738016E-06 9.512700E-06 3.914072E-15 0.000000E+00
  5114   4967   6240 1.392544E-05 3.675020E-06 8.668881E-06 1.429733E-15 0.000000E+00
  5115   1479   2826 2.426969E-05 9.331909E-06 1.655004E-05 4.416602E-15 0.000000E+00
  5116    263   1536 3.985362E-05 2.381473E-05 3.135904E-05 6.476268E-15 0.000000E+00
  5117   1992   2014 1.561120E-05 1.108855E-05 1.315062E-05 4.083941E-15 0.000000E+00
  5118     44    559 3.372477E-05 2.410204E-05 2.848186E-05 3.146829E-14 0.000000E+00
  5119    482   2414 1.932752E-05 8.530107E-06 1.372092E-05 2.788688E-15 0.000000E+00
  5120   1841   3723 2.849068E-05 1.839399E-05 2.309245E-05 6.157763E-16 0.000000E+00
  5121   2027   5092 1.094312E-05 5.579804E-06 8.138156E-06 2.753298E-15 0.000000E+00
  5122     87    118 6.167327E-05 1.135354E-04 8.629683E-05 2.184236E-14 0.000000E+00
  5123    369    647 2.270397E-05 1.298282E-05 1.757708E-05 9.448980E-15 0.000000E+00
  5124    546   2357 3.769922E-05 1.047255E-05 2.372639E-05 4.183032E-15 0.000000E+00
  5125   5107   6298 8.524952E-06 1.286946E-05 1.053754E-05 2.739143E-15 0.000000E+00
  5126    616   2508 3.150762E-05 7.648239E-06 1.928572E-05 2.003042E-15 0.000000E+00
  5127   2201   6387 1.650386E-05 1.136295E-05 1.372544E-05 3.340763E-15 0.000000E+00
  5128    118    949 1.165872E-04 2.128410E-05 6.790678E-05 5.138547E-15 0.000000E+00
  5129    691    949 2.500725E-05 2.146254E-05 2.288811E-05 5.195170E-15 0.000000E+00
  5130    616    774 3.154385E-05 1.958166E-05 2.518122E-05 7.205290E-15 0.000000E+00
  5131   1737   2245 1.627998E-05 1.145366E-05 1.365985E-05 5.372117E-15 0.000000E+00
  5132   1312   4435 1.057115E-05 6.774045E-06 8.543154E-06 2.753298E-15 0.000000E+00
  5133    765   1108 1.646759E-05 3.175128E-05 2.374959E-05 4.544004E-15 0.000000E+00
  5134    104    143 2.513822E-05 3.542573E-05 2.983001E-05 1.276780E-13 0.000000E+00
  5135    167   4224 5.670252E-05 1.666551E-05 3.613650E-05 3.673424E-15 0.000000E+00
  5136   5570   5844 6.477273E-06 3.650971E-06 4.988538E-06 2.066743E-15 0.000000E+00
  5137      6     11 1.057155E-04 1.154743E-04 1.089442E-04 1.648532E-12 0.000000E+00
  5138     59    205 6.483182E-05 5.546595E-05 5.925114E-05 1.460168E-13 0.000000E+00
  5139     76     88 2.262866E-05 1.784879E-05 1.993665E-05 2.565522E-13 0.000000E+00
  5140   6116   6118 1.263209E-05 1.337519E-05 1.280955E-05 7.219446E-16 0.000000E+00
  5141    258   3104 4.421171E-05 5.275455E-06 2.437427E-05 3.623879E-15 0.000000E+00
  5142   1841   2738 2.980344E-05 3.103518E-05 2.996529E-05 5.662310E-16 0.000000E+00
  5143    333   1992 4.624003E-05 1.853923E-05 3.190621E-05 8.493466E-15 0.000000E+00
  5144     87    564 4.057555E-05 1.658198E-05 2.815222E-05 6.115295E-14 0.000000E+00
  5145   3190   6298 7.373565E-06 6.308905E-06 6.739127E-06 3.156738E-15 0.000000E+00
  5146   3934   4052 1.831469E-05 1.194612E-05 1.490457E-05 7.148667E-16 0.000000E+00
  5147   6298   6306 1.193533E-05 8.864797E-06 1.024484E-05 5.166858E-16 0.000000E+00
  5148   1067   6306 2.334657E-05 9.415689E-06 1.613663E-05 1.974731E-15 0.000000E+00
  5149    300    691 2.066957E-05 2.765202E-05 2.380019E-05 5.152702E-15 0.000000E+00
  5150    708   4226 2.560841E-05 1.176373E-05 1.840717E-05 2.406482E-16 0.000000E+00
  5151   2486   6326 1.596115E-05 1.573905E-05 1.561353E-05 1.946419E-15 0.000000E+00
  5152    765   4435 1.679385E-05 1.755266E-05 1.691694E-05 1.663304E-15 0.000000E+00
  5153   5456   6675 6.496321E-06 4.534877E-06 5.433277E-06 1.797784E-15 0.000000E+00
  5154    160   3935 2.929149E-05 8.417326E-06 1.857300E-05 6.221464E-15 0.000000E+00
  5155    489   1254 3.868373E-05 1.290139E-05 2.540759E-05 1.230845E-14 0.000000E+00
  5156    644   1139 2.662633E-05 3.008368E-05 2.793180E-05 1.024170E-14 0.000000E+00
  5157     59    579 9.057956E-05 2.124431E-05 5.507743E-05 9.420669E-15 0.000000E+00
  5158   3478   5366 1.133564E-05 6.811603E-06 8.938196E-06 1.217397E-15 0.000000E+00
  5159    538   5401 2.004571E-05 1.239826E-05 1.597987E-05 1.075839E-15 0.000000E+00
  5160   4286   5401 1.132082E-05 8.533428E-06 9.778959E-06 2.540962E-15 0.000000E+00
  5161   5394   5625 3.723663E-06 2.524384E-06 3.077396E-06 1.019216E-15 0.000000E+00
  5162     59   1777 3.712094E-05 1.509225E-05 2.571694E-05 5.322572E-15 0.000000E+00
  5163    255    473 2.878647E-05 2.072081E-05 2.438418E-05 5.825102E-15 0.000000E+00
  5164     44   6244 3.907593E-05 1.165598E-05 2.498736E-05 5.166858E-16 0.000000E+00
  5165    263   2006 3.298733E-05 1.239638E-05 2.235317E-05 1.939341E-15 0.000000E+00
  5166    205   1992 5.587929E-05 1.280549E-05 3.382982E-05 8.104182E-15 0.000000E+00
  5167    482   1847 1.153567E-05 1.034980E-05 1.077941E-05 7.290225E-15 0.000000E+00
  5168    998   2738 4.608999E-05 2.112340E-05 3.310510E-05 8.125415E-15 0.000000E+00
  5169    333    603 4.955337E-05 4.260984E-05 4.539382E-05 2.894856E-15 0.000000E+00
  5170   3723   5089 7.117233E-06 4.897052E-06 5.917484E-06 1.033372E-15 0.000000E+00
  5171   5092   6345 1.017046E-05 1.040462E-05 1.013399E-05 1.033372E-15 0.000000E+00
  5172   4411   6298 8.076901E-06 1.122855E-05 9.508657E-06 1.486356E-16 0.000000E+00
  5173   1067   4411 1.751181E-05 4.460371E-06 1.082212E-05 1.656226E-15 0.000000E+00
  5174    300    700 3.255017E-05 1.801172E-05 2.490362E-05 1.875640E-15 0.000000E+00
  5175    616   1579 1.832390E-05 1.768689E-05 1.773666E-05 1.911030E-16 0.000000E+00
  5176    224   1579 4.020021E-05 1.526213E-05 2.731727E-05 2.130444E-15 0.000000E+00
  5177    265   1067 3.087955E-05 2.823149E-05 2.911439E-05 7.268991E-15 0.000000E+00
  5178    300    521 2.756997E-05 3.466809E-05 3.065457E-05 7.920157E-15 0.000000E+00
  5179    774   1488 1.315884E-05 1.047281E-05 1.163947E-05 1.440350E-14 0.000000E+00
  5180   1488   3386 2.388183E-05 1.794452E-05 2.060104E-05 1.415578E-15 0.000000E+00
  5181   1948   2174 1.952452E-05 1.874880E-05 1.885103E-05 2.165834E-15 0.000000E+00
  5182   3267   5632 2.253053E-05 1.905958E-05 2.048468E-05 1.918108E-15 0.000000E+00
  5183     11     15 1.224056E-04 9.136815E-05 1.052916E-04 2.472448E-13 0.000000E+00
  5184    194    235 3.067854E-05 2.475766E-05 2.730440E-05 5.420247E-14 0.000000E+00
  5185   2214   6637 1.105545E-05 5.520320E-06 8.164184E-06 3.093037E-15 0.000000E+00
  5186   3912   4000 2.239227E-05 2.003468E-05 2.089686E-05 1.819017E-15 0.000000E+00
  5187   4006   6172 1.197177E-05 9.817138E-06 1.073185E-05 1.627914E-16 0.000000E+00
  5188    801   6221 1.348304E-05 1.377947E-06 7.319589E-06 2.087977E-15 0.000000E+00
  5189    255    910 3.452781E-05 2.418605E-05 2.891877E-05 9.979822E-16 0.000000E+00
  5190   4976   6227 7.949021E-06 5.733938E-06 6.739368E-06 1.840251E-16 0.000000E+00
  5191    729   4993 3.454887E-05 9.031616E-06 2.146502E-05 3.659268E-15 0.000000E+00
  5192   2600   3891 2.937669E-05 1.432003E-05 2.152226E-05 5.520753E-16 0.000000E+00
  5193    255    599 3.177370E-05 2.995846E-05 3.040539E-05 7.998013E-16 0.000000E+00
  5194   2738   3104 8.911438E-06 3.766875E-06 6.244542E-06 2.356937E-15 0.000000E+00
  5195   1847   5621 2.818666E-05 8.016464E-06 1.783139E-05 1.082917E-15 0.000000E+00
  5196    963   5621 2.797441E-05 4.797215E-06 1.614125E-05 2.385248E-15 0.000000E+00
  5197   3261   5170 1.027279E-05 1.221716E-05 1.107714E-05 7.785677E-17 0.000000E+00
  5198    647   2357 2.424207E-05 1.535028E-05 1.950071E-05 1.196163E-15 0.000000E+00
  5199   2201   2492 2.216363E-05 1.851306E-05 2.003479E-05 2.470183E-15 0.000000E+00
  5200    369   2508 2.643460E-05 8.710607E-06 1.731033E-05 6.582436E-16 0.000000E+00
  5201    264    474 7.052783E-05 2.697615E-05 4.802435E-05 2.133275E-14 0.000000E+00
  5202    708   4052 1.805198E-05 1.115519E-05 1.438562E-05 7.644119E-16 0.000000E+00
  5203    397   1067 3.552331E-05 2.937798E-05 3.196631E-05 7.290225E-15 0.000000E+00
  5204    449   4408 3.405114E-05 2.030671E-05 2.677327E-05 1.024170E-14 0.000000E+00
  5205    107    449 3.473354E-05 2.129171E-05 2.759453E-05 4.823581E-14 0.000000E+00
  5206    449   2486 4.785649E-05 1.888593E-05 3.287313E-05 6.228541E-16 0.000000E+00
  5207    907   3097 1.896460E-05 8.136685E-06 1.334839E-05 2.894856E-15 0.000000E+00
  5208   1626   1939 8.268967E-06 1.266023E-05 1.030841E-05 1.080793E-14 0.000000E+00
  5209    521    928 3.879952E-05 2.274005E-05 3.031053E-05 3.397386E-15 0.000000E+00
  5210   1108   1854 2.953160E-05 1.637980E-05 2.261308E-05 1.111228E-15 0.000000E+00
  5211    489   1576 3.510021E-05 7.446936E-06 2.095606E-05 9.257878E-15 0.000000E+00
  5212   1727   1758 2.853721E-05 1.549388E-05 2.168695E-05 6.285165E-15 0.000000E+00
  5213   1439   2688 1.162886E-05 7.520582E-06 9.431814E-06 1.741160E-15 0.000000E+00
  5214     11     13 5.322306E-05 9.737206E-05 7.417372E-05 2.036811E-12 0.000000E+00
  5215     11    146 9.840575E-05 4.027369E-05 6.830480E-05 3.131965E-13 0.000000E+00
  5216   4303   6703 7.816790E-06 3.533066E-06 5.590227E-06 1.479279E-15 0.000000E+00
  5217    137    313 3.789025E-05 1.884176E-05 2.794263E-05 5.805284E-14 0.000000E+00
  5218    507   1879 2.808328E-05 1.198787E-05 1.973654E-05 1.073716E-14 0.000000E+00
  5219    397   2091 4.934842E-05 6.938492E-06 2.772340E-05 2.264924E-16 0.000000E+00
  5220    488   1147 3.528728E-05 1.733539E-05 2.591863E-05 2.201223E-15 0.000000E+00
  5221    616   2056 2.638952E-05 4.858599E-06 1.539086E-05 6.009127E-15 0.000000E+00
  5222    708    765 2.710021E-05 2.916375E-05 2.771210E-05 3.255828E-16 0.000000E+00
  5223    300    901 2.518655E-05 1.017339E-05 1.741609E-05 2.510527E-14 0.000000E+00
  5224    928   3327 1.311916E-05 1.174845E-05 1.224823E-05 7.007109E-16 0.000000E+00
  5225   1939   6283 1.063263E-05 5.927836E-06 8.156647E-06 5.874647E-16 0.000000E+00
  5226    928   3386 2.108884E-05 1.707544E-05 1.879733E-05 8.351908E-16 0.000000E+00
  5227    774   1854 1.892311E-05 1.139095E-05 1.493080E-05 2.194145E-16 0.000000E+00
  5228   3386   4224 2.048788E-05 1.024961E-05 1.513936E-05 1.323565E-15 0.000000E+00
  5229    160    287 4.944798E-05 3.419587E-05 4.119771E-05 6.663124E-14 0.000000E+00
  5230   5808   5819 6.127939E-06 9.828931E-06 7.859354E-06 2.760376E-15 0.000000E+00
  5231   5766   5819 9.044164E-06 1.333898E-05 1.102453E-05 3.538944E-16 0.000000E+00
  5232   2540   6652 1.736258E-05 3.095817E-06 1.007652E-05 4.105175E-16 0.000000E+00
  5233    538   5366 1.846745E-05 5.731003E-06 1.191864E-05 3.892838E-16 0.000000E+00
  5234    108    313 4.101312E-05 2.961349E-05 3.478624E-05 1.155748E-13 0.000000E+00
  5235   6178   6191 6.731676E-06 3.629702E-06 5.103365E-06 5.166858E-16 0.000000E+00
  5236    526   3226 2.206916E-05 1.424979E-05 1.788844E-05 1.281098E-15 0.000000E+00
  5237   4970   6252 2.200021E-05 9.949186E-06 1.573627E-05 2.477261E-16 0.000000E+00
  5238    587    910 2.798942E-05 1.996942E-05 2.362152E-05 8.946450E-15 0.000000E+00
  5239   4970   6269 2.045582E-05 4.579118E-06 1.233064E-05 1.075839E-15 0.000000E+00
  5240    546    599 5.222566E-05 4.171217E-05 4.626789E-05 3.036414E-15 0.000000E+00
  5241    998   1351 3.693057E-05 1.016210E-05 2.319490E-05 5.754323E-15 0.000000E+00
  5242     44   5094 6.105397E-05 7.325920E-06 3.367965E-05 2.335703E-15 0.000000E+00
  5243    223   6345 3.016013E-05 3.986752E-06 1.681861E-05 5.775557E-15 0.000000E+00
  5244    603   5108 1.338338E-05 6.747417E-06 9.915170E-06 1.174929E-15 0.000000E+00
  5245    223   2141 2.944213E-05 1.756136E-05 2.315098E-05 5.527831E-15 0.000000E+00
  5246    616   1879 2.978599E-05 3.676439E-05 3.277855E-05 1.401422E-15 0.000000E+00
  5247   1892   2767 2.126825E-05 5.982339E-06 1.342193E-05 1.160774E-15 0.000000E+00
  5248    474    603 1.540853E-05 1.665478E-05 1.579238E-05 3.315283E-14 0.000000E+00
  5249   3515   6298 1.280883E-05 1.295595E-05 1.269012E-05 1.734083E-15 0.000000E+00
  5250   4238   4318 8.251623E-06 6.662530E-06 7.345777E-06 1.698693E-16 0.000000E+00
  5251    901   1892 2.371380E-05 1.354872E-05 1.835318E-05 1.620836E-15 0.000000E+00
  5252    449   6326 4.822552E-05 1.663906E-05 3.194823E-05 5.166858E-16 0.000000E+00
  5253   1108   5131 3.113821E-05 5.186810E-06 1.789143E-05 2.208301E-15 0.000000E+00
  5254    160    533 8.709904E-05 3.731871E-05 6.128039E-05 2.603247E-14 0.000000E+00
  5255   1254   5402 2.043788E-05 9.908962E-06 1.494695E-05 1.663304E-15 0.000000E+00
  5256    160    550 2.336622E-05 2.756132E-05 2.508371E-05 2.664117E-14 0.000000E+00
  5257      2     19 1.957145E-04 3.300180E-05 1.126513E-04 3.837702E-12 0.000000E+00
  5258   3651   4573 1.200796E-05 1.085087E-05 1.125882E-05 2.434793E-15 0.000000E+00
  5259   2688   5700 9.021551E-06 6.980710E-06 7.881711E-06 1.649148E-15 0.000000E+00
  5260    158    185 2.948860E-05 1.718613E-05 2.298905E-05 1.212442E-13 0.000000E+00
  5261    164    426 3.849947E-05 5.877004E-05 4.790886E-05 1.448844E-14 0.000000E+00
  5262    164   2359 5.168055E-05 1.740084E-05 3.402516E-05 4.926210E-15 0.000000E+00
  5263     65   6719 3.906525E-05 9.408133E-06 2.387495E-05 2.321547E-15 0.000000E+00
  5264    194   6784 2.705619E-05 3.024560E-06 1.481589E-05 2.710831E-15 0.000000E+00
  5265    117   1437 2.346877E-05 1.453457E-05 1.871807E-05 4.480303E-15 0.000000E+00
  5266    117   5373 3.395800E-05 1.142368E-05 2.235217E-05 3.234595E-15 0.000000E+00
  5267    117    539 4.074744E-05 2.164936E-05 3.073275E-05 1.702940E-14 0.000000E+00
  5268    501    539 1.605337E-05 1.793364E-05 1.673987E-05 3.116394E-14 0.000000E+00
  5269    986   1107 1.272088E-05 1.559194E-05 1.394512E-05 1.027002E-14 0.000000E+00
  5270    313    501 3.156284E-05 2.502318E-05 2.787073E-05 1.455214E-14 0.000000E+00
  5271   1303   5054 1.854113E-05 8.575240E-06 1.335582E-05 1.068761E-15 0.000000E+00
  5272   1927   6178 2.130915E-05 1.087673E-05 1.585275E-05 1.677459E-15 0.000000E+00
  5273   1447   1927 1.519064E-05 7.696394E-06 1.127272E-05 6.065750E-15 0.000000E+00
  5274     88   4975 3.381224E-05 1.711320E-05 2.508268E-05 1.988887E-15 0.000000E+00
  5275     44   4996 3.408752E-05 6.697082E-06 2.008794E-05 1.960575E-15 0.000000E+00
  5276   2358   5155 7.145243E-06 8.446573E-06 7.679551E-06 3.022258E-15 0.000000E+00
  5277   5621   6154 7.023748E-06 6.651663E-06 6.735650E-06 1.911030E-16 0.000000E+00
  5278   2738   5133 1.258837E-05 8.841041E-06 1.055479E-05 1.486356E-16 0.000000E+00
  5279    263    546 2.383717E-05 1.474230E-05 1.900183E-05 3.450470E-14 0.000000E+00
  5280   1847   2527 1.198276E-05 3.264086E-06 7.509642E-06 6.575358E-15 0.000000E+00
  5281   1351   6123 1.236494E-05 6.252365E-06 9.169718E-06 2.951479E-15 0.000000E+00
  5282    599   5162 3.979759E-05 1.291273E-05 2.596180E-05 1.153696E-15 0.000000E+00
  5283    463   2527 2.012205E-05 1.754820E-05 1.855400E-05 1.167852E-15 0.000000E+00
  5284   2044   5170 2.594593E-05 8.462586E-06 1.694748E-05 8.068792E-16 0.000000E+00
  5285    927   2726 1.142568E-05 1.318597E-05 1.212216E-05 4.883743E-16 0.000000E+00
  5286    112   2141 2.561150E-05 1.449592E-05 1.975440E-05 2.767454E-15 0.000000E+00
  5287    488   2508 3.741945E-05 1.139601E-05 2.404344E-05 4.225499E-15 0.000000E+00
  5288    333    474 3.508685E-05 2.720522E-05 3.068117E-05 2.278372E-14 0.000000E+00
  5289    928   3097 1.337283E-05 1.319401E-05 1.308516E-05 7.573340E-16 0.000000E+00
  5290   1124   1939 2.492801E-05 1.187726E-05 1.812797E-05 4.423680E-15 0.000000E+00
  5291   1108   1312 2.777069E-05 3.400287E-05 3.042578E-05 1.232968E-14 0.000000E+00
  5292   1355   1854 1.285697E-05 9.723361E-06 1.112165E-05 7.417627E-15 0.000000E+00
  5293    489   2174 4.052938E-05 2.681215E-05 3.316822E-05 2.859467E-15 0.000000E+00
  5294   2782   3434 1.264013E-05 1.183420E-05 1.205452E-05 1.911030E-15 0.000000E+00
  5295     59    538 5.311677E-05 1.665431E-05 3.436486E-05 5.164027E-14 0.000000E+00
  5296    538   3669 1.924703E-05 2.986908E-05 2.419152E-05 9.307423E-15 0.000000E+00
  5297    199   3506 3.452719E-05 9.738028E-06 2.180227E-05 2.335703E-16 0.000000E+00
  5298    402    801 2.507890E-05 2.552442E-05 2.492402E-05 7.714898E-15 0.000000E+00
  5299   1107   1268 2.773220E-05 8.858972E-06 1.802252E-05 1.885549E-14 0.000000E+00
  5300   3076   6172 1.055573E-05 8.927213E-06 9.596074E-06 9.272033E-16 0.000000E+00
  5301   1092   6191 4.479870E-05 1.399424E-05 2.895772E-05 1.238630E-15 0.000000E+00
  5302    526   4003 2.283646E-05 1.130797E-05 1.681740E-05 1.691615E-15 0.000000E+00
  5303   3891   5140 5.890258E-06 8.029500E-06 6.856000E-06 2.187067E-15 0.000000E+00
  5304    546   4157 4.495339E-05 9.894321E-06 2.701454E-05 6.723994E-15 0.000000E+00
  5305    263   2414 3.770750E-05 1.620803E-05 2.655541E-05 4.119331E-15 0.000000E+00
  5306    546   5162 4.673751E-05 6.831296E-06 2.638463E-05 2.250768E-15 0.000000E+00
  5307    263    647 2.749140E-05 1.462857E-05 2.074566E-05 3.211946E-14 0.000000E+00
  5308    647   2414 1.280308E-05 1.388281E-05 1.314380E-05 1.826095E-15 0.000000E+00
  5309    998   3723 4.034045E-05 1.729039E-05 2.838534E-05 1.387266E-15 0.000000E+00
  5310   2667   2726 1.442232E-05 1.375327E-05 1.387753E-05 3.022258E-15 0.000000E+00
  5311    369   6338 3.013558E-05 6.974070E-06 1.827789E-05 2.017198E-15 0.000000E+00
  5312    224   1892 4.329331E-05 8.597299E-06 2.555806E-05 3.475243E-15 0.000000E+00
  5313    616    648 2.995180E-05 3.190004E-05 3.046434E-05 3.490814E-14 0.000000E+00
  5314   1939   2832 2.738936E-05 1.849069E-05 2.259764E-05 1.741160E-15 0.000000E+00
  5315    107    397 3.977336E-05 2.912933E-05 3.393715E-05 3.802949E-14 0.000000E+00
  5316    489   1164 3.714424E-05 1.104572E-05 2.373535E-05 8.918139E-16 0.000000E+00
  5317     47    596 5.427365E-05 2.212161E-05 3.762752E-05 5.438649E-14 0.000000E+00
  5318    784   2525 1.656141E-05 1.492970E-05 1.551055E-05 3.015180E-15 0.000000E+00
  5319    538   6698 1.398802E-05 5.551050E-06 9.623721E-06 2.144600E-15 0.000000E+00
  5320   2936   5625 8.319503E-06 5.297776E-06 6.707018E-06 3.538944E-16 0.000000E+00
  5321    801   5401 2.358368E-05 6.828282E-06 1.497903E-05 6.086984E-16 0.000000E+00
  5322   2936   3835 6.728444E-06 4.360808E-06 5.461870E-06 1.493434E-15 0.000000E+00
  5323   1268   1303 1.761195E-05 1.046457E-05 1.382874E-05 8.351908E-16 0.000000E+00
  5324    587   4000 1.749414E-05 9.512481E-06 1.330177E-05 1.146618E-15 0.000000E+00
  5325    536   2114 2.592644E-05 3.226820E-05 2.866303E-05 2.944401E-15 0.000000E+00
  5326   1447   1777 2.227248E-05 1.722226E-06 1.181829E-05 1.094949E-14 0.000000E+00
  5327    255    526 3.269795E-05 1.569030E-05 2.383302E-05 2.614572E-14 0.000000E+00
  5328    263   2137 3.525731E-05 1.189672E-05 2.322512E-05 1.058852E-14 0.000000E+00
  5329    246    255 5.720843E-05 1.973977E-05 3.789986E-05 1.585447E-14 0.000000E+00
  5330   3027   6164 1.874452E-05 1.494804E-05 1.659484E-05 5.591532E-16 0.000000E+00
  5331   3104   5133 1.045138E-05 7.971053E-06 9.073735E-06 9.342812E-16 0.000000E+00
  5332   1847   2358 1.404562E-05 1.078270E-05 1.222887E-05 1.104151E-15 0.000000E+00
  5333   1003   3027 2.855682E-05 1.737499E-05 2.262313E-05 2.788688E-15 0.000000E+00
  5334   1992   5180 1.238940E-05 1.163991E-05 1.183533E-05 1.054605E-15 0.000000E+00
  5335    463   1435 2.182256E-05 1.781924E-05 1.952507E-05 4.742185E-16 0.000000E+00
  5336   1435   2527 1.665040E-05 1.406952E-05 1.513071E-05 4.296278E-15 0.000000E+00
  5337    223   2027 3.913316E-05 7.815541E-06 2.312399E-05 6.596592E-15 0.000000E+00
  5338   1726   2203 1.008634E-05 9.786136E-06 9.787935E-06 6.157763E-16 0.000000E+00
  5339    700   1271 1.852918E-05 9.545050E-06 1.382760E-05 2.413560E-15 0.000000E+00
  5340    223    228 5.225849E-05 4.039291E-05 4.563427E-05 2.213256E-14 0.000000E+00
  5341   3190   4411 9.793817E-06 7.386958E-06 8.462173E-06 1.458045E-15 0.000000E+00
  5342    700    949 1.557944E-05 2.929238E-05 2.210105E-05 5.591532E-16 0.000000E+00
  5343   4411   4431 6.667576E-06 4.945722E-06 5.719982E-06 9.979822E-16 0.000000E+00
  5344    449   1163 2.562572E-05 1.715126E-05 2.106926E-05 2.279788E-14 0.000000E+00
  5345    300    949 2.684010E-05 1.957390E-05 2.286063E-05 8.245740E-15 0.000000E+00
  5346    533    691 2.826839E-05 3.024609E-05 2.882056E-05 1.820433E-14 0.000000E+00
  5347    521   2245 3.310366E-05 1.264194E-05 2.253142E-05 2.059665E-15 0.000000E+00
  5348    287    533 3.834068E-05 3.771480E-05 3.746016E-05 5.985770E-14 0.000000E+00
  5349   1948   2159 1.034614E-05 1.018509E-05 1.011240E-05 5.541986E-15 0.000000E+00
  5350   3582   3601 8.089184E-06 5.895628E-06 6.888042E-06 1.592525E-15 0.000000E+00
  5351    402    538 1.499364E-05 1.365673E-05 1.411138E-05 2.117704E-14 0.000000E+00
  5352   5037   5381 7.004742E-06 2.797181E-06 4.827813E-06 1.486356E-15 0.000000E+00
  5353    255    587 4.221237E-05 1.567158E-05 2.851001E-05 1.561382E-14 0.000000E+00
  5354    473   2114 3.617652E-05 9.388103E-06 2.244228E-05 7.488406E-15 0.000000E+00
  5355     76   1927 4.362354E-05 1.770736E-05 3.020776E-05 3.397386E-15 0.000000E+00
  5356   1447   6244 9.178029E-06 8.462993E-06 8.688862E-06 3.397386E-16 0.000000E+00
  5357   5126   5140 8.709209E-06 8.800624E-06 8.624246E-06 1.698693E-16 0.000000E+00
  5358    503    728 2.131610E-05 1.469257E-05 1.773561E-05 1.892627E-14 0.000000E+00
  5359   1726   6338 2.136455E-05 2.135526E-06 1.157466E-05 1.047527E-15 0.000000E+00
  5360    787   2357 2.932245E-05 6.430233E-06 1.760953E-05 1.380188E-15 0.000000E+00
  5361    369    700 3.218942E-05 3.501596E-05 3.310116E-05 2.487878E-14 0.000000E+00
  5362   1879   6375 2.786644E-05 1.592365E-06 1.450956E-05 2.356937E-15 0.000000E+00
  5363     87    949 5.617913E-05 1.796265E-05 3.651759E-05 1.295254E-14 0.000000E+00
  5364    112    228 5.331013E-05 3.126464E-05 4.165623E-05 4.735107E-15 0.000000E+00
  5365    488    616 2.896368E-05 2.758727E-05 2.785345E-05 1.569876E-14 0.000000E+00
  5366   1579   2056 1.087470E-05 7.994335E-06 9.293706E-06 3.206283E-15 0.000000E+00
  5367    112    449 5.662053E-05 4.490938E-05 5.000727E-05 7.375159E-15 0.000000E+00
  5368   1037   1939 1.262299E-05 1.952701E-05 1.583508E-05 2.470183E-15 0.000000E+00
  5369   1016   4224 2.313653E-05 7.923284E-06 1.529812E-05 6.051594E-15 0.000000E+00
  5370   1124   6684 3.282566E-05 8.674758E-06 2.044050E-05 1.104151E-15 0.000000E+00
  5371    521   5456 2.898065E-05 5.329283E-06 1.689892E-05 4.260889E-15 0.000000E+00
  5372   1355   5402 1.487577E-05 1.002007E-05 1.226213E-05 2.052588E-15 0.000000E+00
  5373   1254   1355 2.084976E-05 1.488549E-05 1.760095E-05 2.689597E-16 0.000000E+00
  5374   2174   4139 2.668385E-05 1.261698E-05 1.935713E-05 6.440878E-16 0.000000E+00
  5375     10     34 4.923000E-05 3.148473E-05 3.975501E-05 5.559539E-13 0.000000E+00
  5376   1671   1711 3.962619E-05 3.191300E-05 3.523572E-05 1.030540E-14 0.000000E+00
  5377   1776   2359 6.421055E-06 1.510564E-05 1.060270E-05 3.666346E-15 0.000000E+00
  5378     42     53 3.421877E-05 2.911447E-05 3.119398E-05 3.896236E-13 0.000000E+00
  5379   5394   6708 1.064186E-05 8.422595E-06 9.389955E-06 4.459069E-16 0.000000E+00
  5380    801   2347 2.811761E-05 1.692774E-05 2.218651E-05 2.873623E-15 0.000000E+00
  5381   1303   5583 1.309682E-05 1.129961E-05 1.201615E-05 3.185050E-16 0.000000E+00
  5382    587   3226 4.576101E-05 1.571242E-05 3.027796E-05 1.429733E-15 0.000000E+00
  5383   3230   6178 1.120324E-05 8.596145E-06 9.751935E-06 7.785677E-16 0.000000E+00
  5384   2114   5054 1.485871E-05 4.369233E-06 9.470479E-06 1.741160E-15 0.000000E+00
  5385    255   5054 4.771341E-05 6.210119E-06 2.655935E-05 5.117313E-15 0.000000E+00
  5386    526   4093 1.450635E-05 5.230848E-06 9.721306E-06 3.001025E-15 0.000000E+00
  5387    263   1479 3.698662E-05 1.002192E-05 2.315346E-05 1.062391E-14 0.000000E+00
  5388   1099   1992 2.485585E-05 2.252132E-05 2.333502E-05 2.123366E-15 0.000000E+00
  5389     44   2253 3.950640E-05 1.515175E-05 2.692118E-05 4.777574E-15 0.000000E+00
  5390     88   5140 4.652573E-05 1.621345E-05 3.090139E-05 5.103157E-15 0.000000E+00
  5391    599   6164 3.464676E-05 1.207616E-05 2.301278E-05 1.415578E-15 0.000000E+00
  5392    599   6168 2.758234E-05 1.410931E-05 2.053469E-05 3.008102E-15 0.000000E+00
  5393   1003   6164 2.819261E-05 1.494804E-05 2.124838E-05 2.059665E-15 0.000000E+00
  5394   6406   6408 7.935511E-06 5.868545E-06 6.799013E-06 9.059697E-16 0.000000E+00
  5395   4052   6375 5.501590E-06 2.834136E-06 4.105656E-06 1.231553E-15 0.000000E+00
  5396    700   1892 3.087124E-05 1.226726E-05 2.124732E-05 1.939341E-15 0.000000E+00
  5397   3886   4318 1.303412E-05 3.123203E-06 7.958082E-06 2.845311E-15 0.000000E+00
  5398    765   5678 3.335041E-05 4.919044E-06 1.884914E-05 4.183032E-15 0.000000E+00
  5399    765   1939 1.883127E-05 1.572088E-05 1.701822E-05 8.245740E-15 0.000000E+00
  5400   1626   4408 1.810970E-05 1.923132E-05 1.839184E-05 2.590507E-15 0.000000E+00
  5401    104   6341 2.344190E-05 5.294543E-06 1.415377E-05 4.558160E-15 0.000000E+00
  5402   1016   1948 1.309940E-05 2.104793E-05 1.681883E-05 1.330643E-15 0.000000E+00
  5403    160    363 2.978613E-05 4.555122E-05 3.710645E-05 2.945109E-14 0.000000E+00
  5404    150    489 4.783714E-05 1.934582E-05 3.309012E-05 3.826306E-14 0.000000E+00
  5405      2   2959 1.337171E-04 9.851970E-06 7.071311E-05 9.628759E-14 0.000000E+00
  5406     13   3995 1.312504E-04 7.441116E-06 6.831077E-05 4.940366E-15 0.000000E+00
  5407      5     42 1.775764E-04 3.938994E-05 1.068640E-04 2.203347E-14 0.000000E+00
  5408   2347   6631 1.270596E-05 8.058563E-06 1.022730E-05 4.034396E-16 0.000000E+00
  5409    547   4127 2.390030E-05 3.297135E-05 2.801141E-05 5.917114E-15 0.000000E+00
  5410   5390   6708 7.562188E-06 7.464647E-06 7.401277E-06 7.785677E-16 0.000000E+00
  5411   3835   5041 7.795378E-06 1.354735E-05 1.051209E-05 1.373110E-15 0.000000E+00
  5412    587   5583 2.305314E-05 1.100207E-05 1.677346E-05 1.875640E-15 0.000000E+00
  5413    587   4261 2.537469E-05 5.603469E-06 1.525790E-05 2.838233E-15 0.000000E+00
  5414   6252   6269 4.811370E-06 3.697962E-06 4.191164E-06 1.337721E-15 0.000000E+00
  5415    526    587 1.994893E-05 4.537107E-05 3.217254E-05 2.802844E-15 0.000000E+00
  5416     78    130 3.098778E-05 2.207291E-05 2.613437E-05 2.082669E-13 0.000000E+00
  5417    313   4985 4.784118E-05 5.015240E-06 2.603376E-05 2.760376E-16 0.000000E+00
  5418    958   1351 1.892801E-05 1.969242E-05 1.902201E-05 2.965635E-15 0.000000E+00
  5419    599   3414 2.400385E-05 2.151908E-05 2.242174E-05 7.290225E-16 0.000000E+00
  5420    223   3886 3.637403E-05 1.802820E-05 2.679513E-05 5.506597E-15 0.000000E+00
  5421    488   1579 2.415282E-05 1.094356E-05 1.728628E-05 7.141589E-15 0.000000E+00
  5422    300   3751 2.277610E-05 6.173163E-06 1.425859E-05 8.564244E-16 0.000000E+00
  5423   3327   6284 1.879659E-05 1.059398E-05 1.447595E-05 1.896874E-15 0.000000E+00
  5424    521   6291 2.888070E-05 6.079571E-06 1.721924E-05 4.763419E-15 0.000000E+00
  5425    907   1488 1.112449E-05 1.316804E-05 1.196498E-05 8.231584E-15 0.000000E+00
  5426   1124   6108 2.893919E-05 6.534796E-06 1.747226E-05 3.553100E-15 0.000000E+00
  5427   1312   5131 3.266744E-05 1.057931E-05 2.130064E-05 2.873623E-15 0.000000E+00
  5428    550   3935 1.776558E-05 1.256771E-05 1.494028E-05 2.654208E-15 0.000000E+00
  5429    489   4139 3.356865E-05 1.071110E-05 2.180943E-05 6.851396E-15 0.000000E+00
  5430     10   3627 7.113125E-05 8.166943E-06 3.905732E-05 2.533884E-15 0.000000E+00
  5431     47    164 6.891830E-05 4.956844E-05 5.835914E-05 3.671796E-13 0.000000E+00
  5432   1441   3267 2.577872E-05 2.608784E-05 2.554622E-05 7.431782E-16 0.000000E+00
  5433     13    164 1.253898E-04 4.245673E-05 8.267067E-05 1.826237E-13 0.000000E+00
  5434   4076   6198 1.086297E-05 9.506646E-06 1.003279E-05 1.344799E-15 0.000000E+00
  5435   1431   2977 1.828037E-05 1.138413E-05 1.461087E-05 4.296278E-15 0.000000E+00
  5436   1303   6193 1.860792E-05 7.867305E-06 1.304004E-05 1.231553E-15 0.000000E+00
  5437   5054   6193 8.755720E-06 8.173638E-06 8.338341E-06 1.698693E-16 0.000000E+00
  5438    526   2826 3.076469E-05 1.916756E-05 2.459350E-05 2.689597E-15 0.000000E+00
  5439   1092   1703 3.311638E-05 2.213899E-05 2.721533E-05 1.061683E-14 0.000000E+00
  5440    246   2861 5.239537E-05 5.369723E-06 2.845146E-05 8.153727E-15 0.000000E+00
  5441   1003   4157 2.117891E-05 1.940544E-05 1.998931E-05 2.555118E-15 0.000000E+00
  5442   1900   2738 1.036218E-05 1.717363E-05 1.356241E-05 3.255828E-16 0.000000E+00
  5443    507   3365 2.803995E-05 6.713617E-06 1.711743E-05 7.028343E-15 0.000000E+00
  5444   1500   5684 2.676183E-05 7.951577E-06 1.709765E-05 2.873623E-15 0.000000E+00
  5445    507   6406 2.542240E-05 1.079530E-05 1.783857E-05 3.914072E-15 0.000000E+00
  5446    488   6284 3.429512E-05 5.644984E-06 1.967199E-05 1.790706E-15 0.000000E+00
  5447    708   2689 1.683172E-05 6.860733E-06 1.166942E-05 6.370099E-16 0.000000E+00
  5448   5131   6099 6.327143E-06 4.445284E-06 5.305822E-06 1.337721E-15 0.000000E+00
  5449    489   1991 1.853582E-05 1.005258E-05 1.408085E-05 1.528824E-15 0.000000E+00
  5450   5786   6552 7.517542E-06 7.744575E-06 7.517162E-06 1.132462E-15 0.000000E+00
  5451     65   5225 3.418616E-05 1.055602E-05 2.203720E-05 6.214386E-15 0.000000E+00
  5452    194   1496 1.667080E-05 1.688830E-05 1.652911E-05 1.102027E-14 0.000000E+00
  5453    137    501 2.685474E-05 2.491942E-05 2.550071E-05 9.739174E-15 0.000000E+00
  5454    986   2977 1.278606E-05 1.122270E-05 1.182521E-05 3.135504E-15 0.000000E+00
  5455   5041   6219 1.273377E-05 4.583870E-06 8.529583E-06 1.620836E-15 0.000000E+00
  5456   3076   3839 5.687305E-06 5.359360E-06 5.440895E-06 1.026294E-15 0.000000E+00
  5457     25    299 7.901102E-05 1.679732E-05 4.718918E-05 1.391442E-13 0.000000E+00
  5458    108   6236 2.606616E-05 6.011431E-06 1.579941E-05 7.233602E-15 0.000000E+00
  5459   2137   4978 2.185113E-05 1.797595E-05 1.961632E-05 1.040450E-15 0.000000E+00
  5460   2826   4993 1.218579E-05 9.729023E-06 1.079386E-05 2.279080E-15 0.000000E+00
  5461   2137   3887 2.128631E-05 1.794882E-05 1.932477E-05 1.479279E-15 0.000000E+00
  5462   3867   4994 1.479503E-05 1.021722E-05 1.231947E-05 1.932263E-15 0.000000E+00
  5463    482   2248 1.808083E-05 6.368299E-06 1.204211E-05 1.302331E-15 0.000000E+00
  5464   1435   6154 2.720746E-05 5.176284E-06 1.595020E-05 1.238630E-15 0.000000E+00
  5465    246    958 5.971875E-05 1.492969E-05 3.676714E-05 1.363909E-14 0.000000E+00
  5466    369   1726 3.865127E-05 1.270326E-05 2.529402E-05 8.727036E-15 0.000000E+00
  5467    610   2201 1.795548E-05 2.696033E-05 2.212271E-05 8.833204E-15 0.000000E+00
  5468    369   6395 3.225426E-05 1.304460E-05 2.231138E-05 7.056654E-15 0.000000E+00
  5469    708   4398 1.996377E-05 5.591319E-06 1.258683E-05 2.328625E-15 0.000000E+00
  5470   2689   4226 7.456388E-06 1.885421E-05 1.295895E-05 2.328625E-15 0.000000E+00
  5471    488   2056 2.570649E-05 8.879613E-06 1.703495E-05 4.636017E-15 0.000000E+00
  5472    907   2056 1.269904E-05 1.048233E-05 1.141769E-05 1.634992E-15 0.000000E+00
  5473    648    774 2.065549E-05 2.692636E-05 2.343584E-05 3.085959E-15 0.000000E+00
  5474    449   1626 5.326431E-05 1.655651E-05 3.438936E-05 9.767485E-16 0.000000E+00
  5475      2   1121 1.157878E-04 1.055761E-05 6.222982E-05 1.550057E-13 0.000000E+00
  5476   5632   5787 1.113922E-05 1.035744E-05 1.058790E-05 2.208301E-15 0.000000E+00
  5477    194   2043 4.848385E-05 1.174271E-05 2.966383E-05 5.202248E-15 0.000000E+00
  5478   4261   5041 9.697427E-06 8.307542E-06 8.868119E-06 2.335703E-16 0.000000E+00
  5479   5026   6219 6.694194E-06 5.489574E-06 6.000961E-06 1.514668E-15 0.000000E+00
  5480   1431   3230 1.200984E-05 8.445993E-06 1.007526E-05 3.269984E-15 0.000000E+00
  5481    313   6236 4.457936E-05 5.933589E-06 2.487951E-05 1.698693E-15 0.000000E+00
  5482   1092   1777 2.779254E-05 1.310490E-05 2.014352E-05 2.420638E-15 0.000000E+00
  5483    246   3891 5.874480E-05 1.573209E-05 3.668265E-05 6.504579E-15 0.000000E+00
  5484   1351   2684 1.643960E-05 1.849322E-05 1.720572E-05 7.835222E-15 0.000000E+00
  5485   1900   5133 7.244459E-06 7.013642E-06 7.022647E-06 1.458045E-15 0.000000E+00
  5486     87   6343 4.683995E-05 1.232537E-05 2.914113E-05 2.958557E-15 0.000000E+00
  5487    507   2151 2.962939E-05 2.087606E-05 2.487582E-05 3.786670E-15 0.000000E+00
  5488    507   4398 2.087870E-05 4.786070E-06 1.264086E-05 2.116289E-15 0.000000E+00
  5489   1892   6284 1.724018E-05 9.515277E-06 1.317806E-05 2.264924E-16 0.000000E+00
  5490    765   2151 3.770769E-05 1.556522E-05 2.623890E-05 3.192127E-15 0.000000E+00
  5491    648   1488 3.112054E-05 1.430323E-05 2.237290E-05 5.074846E-15 0.000000E+00
  5492    550   3211 2.803579E-05 1.214705E-05 1.979155E-05 3.977773E-15 0.000000E+00
  5493   4224   5252 1.675663E-05 1.103459E-05 1.368821E-05 8.493466E-16 0.000000E+00
  5494      2   5772 2.033555E-04 8.621758E-06 1.044067E-04 1.142371E-14 0.000000E+00
  5495   2076   2381 1.530637E-05 1.542945E-05 1.513854E-05 1.011430E-14 0.000000E+00
  5496   1167   2409 2.118658E-05 1.187604E-05 1.628457E-05 2.328625E-15 0.000000E+00
  5497     28     53 6.540003E-05 3.899815E-05 5.142000E-05 1.782000E-13 0.000000E+00
  5498     28     52 4.008977E-05 2.357989E-05 3.135968E-05 5.119366E-13 0.000000E+00
  5499    801   3230 2.184681E-05 8.802815E-06 1.509608E-05 1.911030E-15 0.000000E+00
  5500   4003   6269 2.836205E-05 9.744844E-06 1.876907E-05 2.236613E-15 0.000000E+00
  5501   4960   4978 1.466037E-05 4.767089E-06 9.568747E-06 3.623879E-15 0.000000E+00
  5502   1545   2826 1.356568E-05 9.685787E-06 1.145221E-05 5.096079E-16 0.000000E+00
  5503    425    503 2.168842E-05 2.504186E-05 2.301641E-05 9.180021E-15 0.000000E+00
  5504   1545   4157 1.289043E-05 1.826389E-05 1.534466E-05 9.838264E-16 0.000000E+00
  5505    647    787 2.274405E-05 1.677319E-05 1.946371E-05 5.230559E-15 0.000000E+00
  5506    787   6395 2.752465E-05 1.419943E-05 2.055067E-05 2.760376E-16 0.000000E+00
  5507   2492   5684 1.644287E-05 8.712266E-06 1.238984E-05 7.998013E-16 0.000000E+00
  5508    610   3190 1.951478E-05 2.044878E-05 1.968354E-05 1.224475E-15 0.000000E+00
  5509   1271   6304 1.317356E-05 7.676345E-06 1.026936E-05 2.710831E-15 0.000000E+00
  5510    873   1037 3.374670E-05 1.692356E-05 2.495699E-05 1.715680E-14 0.000000E+00
  5511    928   2245 1.527930E-05 1.163973E-05 1.325863E-05 1.684537E-15 0.000000E+00
  5512   1488   6344 1.282318E-05 5.876328E-06 9.210203E-06 2.151678E-15 0.000000E+00
  5513   2245   6281 1.069706E-05 6.255127E-06 8.349584E-06 5.733089E-16 0.000000E+00
  5514   4408   6341 2.413052E-05 9.015415E-06 1.632561E-05 7.219446E-16 0.000000E+00
  5515   1016   1488 3.006731E-05 1.778495E-05 2.356902E-05 1.145910E-14 0.000000E+00
  5516    143   6108 3.690137E-05 6.724735E-06 2.148748E-05 2.923168E-15 0.000000E+00
  5517   1108   4131 3.611024E-05 6.598790E-06 2.103579E-05 3.128426E-15 0.000000E+00
  5518    489   1948 5.915018E-05 1.837148E-05 3.818231E-05 2.548040E-15 0.000000E+00
  5519    582   2174 3.121137E-05 2.507477E-05 2.772303E-05 5.541986E-15 0.000000E+00
  5520     10   5616 7.275272E-05 1.128291E-05 4.139068E-05 2.901934E-16 0.000000E+00
  5521     34     39 3.944584E-05 3.511335E-05 3.672318E-05 6.592557E-13 0.000000E+00
  5522     24     34 7.262543E-05 6.857769E-05 6.954781E-05 2.338322E-13 0.000000E+00
  5523   5716   5724 5.497946E-06 6.282050E-06 5.802088E-06 3.588489E-15 0.000000E+00
  5524     13   3820 1.331357E-04 1.223983E-05 7.160288E-05 1.224475E-15 0.000000E+00
  5525    715   5187 3.711632E-05 1.528024E-05 2.580726E-05 5.556142E-15 0.000000E+00
  5526    194    266 3.349064E-05 4.060200E-05 3.649339E-05 2.982622E-14 0.000000E+00
  5527    801   1431 3.257889E-05 1.627037E-05 2.406008E-05 2.151678E-15 0.000000E+00
  5528    986   2094 1.832860E-05 1.109083E-05 1.449016E-05 2.845311E-15 0.000000E+00
  5529     25     52 5.760354E-05 4.639208E-05 5.122172E-05 1.307498E-13 0.000000E+00
  5530    986   1431 1.801112E-05 2.182851E-05 1.962250E-05 9.272033E-16 0.000000E+00
  5531    255   6193 5.043484E-05 1.287945E-05 3.118465E-05 4.890821E-15 0.000000E+00
  5532   1892   2989 1.335492E-05 9.453842E-06 1.123417E-05 6.178996E-15 0.000000E+00
  5533    873   4318 3.900094E-05 7.593300E-06 2.294940E-05 1.344799E-16 0.000000E+00
  5534   3515   4431 1.126231E-05 8.584686E-06 9.775388E-06 1.804861E-15 0.000000E+00
  5535    873   5678 4.111017E-05 1.516054E-05 2.771543E-05 2.144600E-15 0.000000E+00
  5536    663   1892 1.857613E-05 1.550791E-05 1.678766E-05 6.674448E-15 0.000000E+00
  5537    423   3751 3.557646E-05 7.009659E-06 2.097525E-05 4.105175E-15 0.000000E+00
  5538   1579   3327 1.584536E-05 2.278778E-05 1.902826E-05 2.187067E-15 0.000000E+00
  5539    648   4226 1.858114E-05 1.753526E-05 1.778868E-05 7.976780E-15 0.000000E+00
  5540    648   1312 1.319885E-05 2.576140E-05 1.918938E-05 1.916692E-14 0.000000E+00
  5541   1855   5456 2.127716E-05 1.525316E-05 1.799255E-05 2.463105E-15 0.000000E+00
  5542   1685   1758 2.651796E-05 1.446212E-05 2.018422E-05 3.984851E-15 0.000000E+00
  5543   2637   3434 2.020688E-05 8.083921E-06 1.393428E-05 6.816006E-15 0.000000E+00
  5544   5804   5819 1.325862E-05 1.279010E-05 1.282996E-05 2.038432E-15 0.000000E+00
  5545   5632   6555 8.391857E-06 6.541766E-06 7.355366E-06 4.954522E-16 0.000000E+00
  5546   3672   6623 8.776843E-06 5.321439E-06 6.943930E-06 3.206283E-15 0.000000E+00
  5547   1268   4303 1.749031E-05 1.121803E-05 1.413993E-05 5.365039E-15 0.000000E+00
  5548    587   5037 1.609519E-05 7.647731E-06 1.169428E-05 3.255828E-15 0.000000E+00
  5549   3093   6218 1.254166E-05 1.114545E-05 1.166678E-05 6.370099E-16 0.000000E+00
  5550   1927   3230 2.603403E-05 1.406303E-05 1.974929E-05 4.904976E-15 0.000000E+00
  5551    587    830 3.914466E-05 2.996977E-05 3.404144E-05 1.525285E-14 0.000000E+00
  5552     78    108 6.137602E-05 3.647364E-05 4.819461E-05 9.491448E-15 0.000000E+00
  5553   4074   4976 1.104888E-05 1.362020E-05 1.215044E-05 1.535902E-15 0.000000E+00
  5554    546   6137 3.771526E-05 5.509345E-06 2.128973E-05 4.919132E-15 0.000000E+00
  5555     78     87 3.071618E-05 1.002326E-05 2.006570E-05 2.853946E-13 0.000000E+00
  5556   1765   3365 1.045766E-05 6.918494E-06 8.558404E-06 3.623879E-15 0.000000E+00
  5557    333    524 5.111766E-05 1.398058E-05 3.206331E-05 1.769472E-14 0.000000E+00
  5558    507   1765 3.257901E-05 1.081918E-05 2.137523E-05 2.880700E-15 0.000000E+00
  5559    559    610 2.536573E-05 1.581719E-05 2.028412E-05 2.147431E-14 0.000000E+00
  5560   1163   5125 3.051509E-05 7.065141E-06 1.850966E-05 2.654208E-15 0.000000E+00
  5561    397   5684 5.984144E-05 8.631565E-06 3.372551E-05 1.387266E-15 0.000000E+00
  5562    873   3886 3.592887E-05 9.381940E-06 2.231726E-05 3.262906E-15 0.000000E+00
  5563    907    928 8.134685E-06 1.336528E-05 1.058953E-05 8.627945E-15 0.000000E+00
  5564    449   6341 4.449696E-05 8.265235E-06 2.598735E-05 2.236613E-15 0.000000E+00
  5565   1016   5252 3.893816E-05 1.202061E-05 2.509910E-05 4.175954E-16 0.000000E+00
  5566   1517   3627 3.157667E-05 1.622672E-05 2.354495E-05 2.484339E-15 0.000000E+00
  5567   2423   2598 9.441881E-06 7.939233E-06 8.560847E-06 9.838264E-16 0.000000E+00
  5568    644   2699 2.493126E-05 6.007868E-06 1.523868E-05 5.138547E-15 0.000000E+00
  5569    199    251 1.972341E-05 1.409641E-05 1.665753E-05 6.217925E-14 0.000000E+00
  5570    547   2347 1.548536E-05 1.908348E-05 1.702645E-05 2.434793E-15 0.000000E+00
  5571   1268   6193 1.596315E-05 1.104261E-05 1.330134E-05 2.555118E-15 0.000000E+00
  5572    255   5060 5.686421E-05 8.693406E-06 3.228957E-05 3.906994E-15 0.000000E+00
  5573    473   5060 4.998772E-05 6.193577E-06 2.767138E-05 1.259864E-15 0.000000E+00
  5574   1092   1447 2.477889E-05 2.148144E-05 2.278494E-05 2.172912E-15 0.000000E+00
  5575   3896   4960 1.299149E-05 2.284713E-05 1.765186E-05 9.484370E-16 0.000000E+00
  5576     44   1703 7.284443E-05 2.271767E-05 4.706790E-05 2.521144E-14 0.000000E+00
  5577   2861   6168 1.430128E-05 1.718752E-05 1.550941E-05 1.309409E-15 0.000000E+00
  5578     78    503 3.309246E-05 2.445282E-05 2.834320E-05 2.045510E-15 0.000000E+00
  5579    524   1992 2.823841E-05 1.187921E-05 1.975943E-05 1.288176E-15 0.000000E+00
  5580    559   5170 2.235959E-05 1.029180E-05 1.608203E-05 2.406482E-16 0.000000E+00
  5581    559    998 2.355292E-05 2.845493E-05 2.561581E-05 5.520753E-16 0.000000E+00
  5582    228   2141 3.435238E-05 1.047939E-05 2.208132E-05 2.399404E-15 0.000000E+00
  5583    488   1892 2.968886E-05 3.173973E-05 3.025587E-05 2.175035E-14 0.000000E+00
  5584   2151   5678 2.333223E-05 1.361454E-05 1.819766E-05 4.812964E-16 0.000000E+00
  5585    300    533 2.859916E-05 2.739813E-05 2.758075E-05 6.143607E-15 0.000000E+00
  5586    104   1626 3.455742E-05 2.129680E-05 2.751029E-05 2.809922E-15 0.000000E+00
  5587    250   1626 6.919870E-05 2.300579E-05 4.541415E-05 2.831155E-15 0.000000E+00
  5588   6144   6183 6.597954E-06 7.126982E-06 6.760043E-06 1.040450E-15 0.000000E+00
  5589    363    550 5.118847E-05 2.728857E-05 3.865287E-05 1.918108E-15 0.000000E+00
  5590    363   2174 4.126610E-05 2.816162E-05 3.419574E-05 4.246733E-16 0.000000E+00
  5591   1441   4503 2.339151E-05 1.193079E-05 1.739755E-05 5.902959E-15 0.000000E+00
  5592     13   4693 4.345003E-05 0.000000E+00 2.140076E-05 6.207308E-15 0.000000E+00
  5593    777   2098 2.917614E-05 1.146247E-05 2.001603E-05 8.351908E-16 0.000000E+00
  5594    194    251 3.978101E-05 2.374934E-05 3.129107E-05 3.857449E-14 0.000000E+00
  5595    101   1437 5.278452E-05 1.656080E-05 3.415516E-05 1.698693E-15 0.000000E+00
  5596   2917   4261 1.209790E-05 9.954063E-06 1.086141E-05 1.366032E-15 0.000000E+00
  5597    539   6253 3.225293E-05 5.838034E-06 1.876122E-05 2.095055E-15 0.000000E+00
  5598   2114   3002 1.339349E-05 1.964537E-05 1.627287E-05 1.797784E-15 0.000000E+00
  5599   2114   5060 1.265125E-05 8.550654E-06 1.044273E-05 3.114271E-16 0.000000E+00
  5600    587   5063 4.781935E-05 6.674079E-06 2.684005E-05 2.052588E-16 0.000000E+00
  5601   4003   4074 1.612503E-05 5.291519E-06 1.054845E-05 3.192127E-15 0.000000E+00
  5602   1447   2859 1.276838E-05 6.009679E-06 9.248894E-06 3.553100E-15 0.000000E+00
  5603    425   1435 2.935697E-05 1.327574E-05 2.099820E-05 1.554304E-14 0.000000E+00
  5604    958   6139 1.392453E-05 6.356196E-06 9.989015E-06 1.514668E-15 0.000000E+00
  5605    205    524 6.694166E-05 2.202974E-05 4.382173E-05 3.635911E-14 0.000000E+00
  5606   1500   3738 2.519545E-05 6.351373E-06 1.553799E-05 6.341788E-15 0.000000E+00
  5607    507    787 3.660167E-05 2.512796E-05 3.040414E-05 4.671406E-16 0.000000E+00
  5608    564    949 2.798548E-05 1.748427E-05 2.239555E-05 7.622885E-15 0.000000E+00
  5609   2141   3886 1.517746E-05 8.865414E-06 1.184201E-05 1.981809E-15 0.000000E+00
  5610   2720   4431 2.132679E-05 9.882676E-06 1.537183E-05 9.272033E-16 0.000000E+00
  5611    112    873 5.021226E-05 3.186529E-05 4.042626E-05 9.979822E-16 0.000000E+00
  5612    873   1445 3.778018E-05 3.100321E-05 3.387839E-05 2.017198E-15 0.000000E+00
  5613   4226   6331 2.295544E-05 3.344549E-06 1.295373E-05 2.364015E-15 0.000000E+00
  5614    765   1445 2.766760E-05 2.500320E-05 2.594233E-05 3.708813E-15 0.000000E+00
  5615    901   5607 1.678590E-05 7.223564E-06 1.182556E-05 1.627914E-16 0.000000E+00
  5616    250   6099 6.128806E-05 7.367541E-06 3.381544E-05 1.415578E-15 0.000000E+00
  5617    521   1855 2.004331E-05 1.822883E-05 1.885046E-05 5.004067E-15 0.000000E+00
  5618    143   6684 4.061998E-05 1.010622E-05 2.498454E-05 4.933288E-15 0.000000E+00
  5619    287    363 5.526857E-05 3.723481E-05 4.556137E-05 3.836215E-14 0.000000E+00
  5620    363    582 1.919747E-05 9.562826E-06 1.416552E-05 3.812150E-14 0.000000E+00
  5621   3023   5616 8.404541E-06 5.241312E-06 6.721092E-06 2.378170E-15 0.000000E+00
  5622   1441   5716 2.631185E-05 1.031711E-05 1.804113E-05 4.742185E-16 0.000000E+00
  5623   4526   5804 1.962027E-05 1.371903E-05 1.642085E-05 3.680502E-15 0.000000E+00
  5624    715   2429 1.376803E-05 1.072697E-05 1.206470E-05 1.814063E-14 0.000000E+00
  5625   5455   5457 7.988172E-06 6.705267E-06 7.237067E-06 1.535902E-15 0.000000E+00
  5626   2540   5650 8.526086E-06 6.422539E-06 7.362755E-06 2.102133E-15 0.000000E+00
  5627    101    117 4.120129E-05 4.016620E-05 4.007652E-05 6.811052E-14 0.000000E+00
  5628   1268   5583 1.083611E-05 4.064007E-06 7.338865E-06 1.727005E-15 0.000000E+00
  5629     59    326 5.242638E-05 5.033485E-05 5.061374E-05 3.056940E-14 0.000000E+00
  5630    326   3225 5.189129E-05 1.092708E-05 3.094039E-05 6.299320E-16 0.000000E+00
  5631    526   4163 2.030568E-05 1.377232E-05 1.678468E-05 1.974731E-15 0.000000E+00
  5632    526   5063 1.496238E-05 6.600749E-06 1.062065E-05 3.255828E-16 0.000000E+00
  5633     88    246 4.779390E-05 7.257799E-05 5.928765E-05 5.619843E-15 0.000000E+00
  5634    255   2861 3.012602E-05 1.611916E-05 2.277748E-05 3.538944E-16 0.000000E+00
  5635   2248   2527 1.598921E-05 1.779910E-05 1.664200E-05 8.564244E-16 0.000000E+00
  5636    546   1003 4.707216E-05 1.728960E-05 3.170057E-05 3.333685E-15 0.000000E+00
  5637    728   1435 1.234531E-05 1.204670E-05 1.201398E-05 6.554124E-15 0.000000E+00
  5638   1218   1271 2.577189E-05 5.656553E-06 1.547968E-05 4.473225E-15 0.000000E+00
  5639    397   2492 5.104522E-05 1.295575E-05 3.152287E-05 3.800826E-15 0.000000E+00
  5640    369   1892 3.391801E-05 2.256991E-05 2.782241E-05 1.578369E-15 0.000000E+00
  5641    228    449 3.385514E-05 2.865657E-05 3.078935E-05 3.531866E-15 0.000000E+00
  5642   1445   5678 2.744928E-05 1.481261E-05 2.081556E-05 3.758359E-15 0.000000E+00
  5643   1037   1445 1.944486E-05 3.788832E-05 2.823873E-05 2.335703E-16 0.000000E+00
  5644   1717   2245 2.146555E-05 1.618895E-05 1.854625E-05 5.449974E-15 0.000000E+00
  5645   2355   4307 8.719743E-06 9.780966E-06 9.112290E-06 3.347841E-15 0.000000E+00
  5646     39   5616 5.243130E-05 1.464507E-05 3.303762E-05 1.500512E-15 0.000000E+00
  5647   3344   5773 1.331616E-05 3.845646E-06 8.452831E-06 9.838264E-16 0.000000E+00
  5648     65   1779 4.482216E-05 9.274890E-06 2.664482E-05 2.894856E-15 0.000000E+00
  5649     59   3669 7.121117E-05 1.597736E-05 4.294361E-05 2.114873E-14 0.000000E+00
  5650   4164   5343 1.878945E-05 1.901937E-05 1.862225E-05 2.286158E-15 0.000000E+00
  5651    101    199 4.597754E-05 2.958831E-05 3.721900E-05 4.890113E-14 0.000000E+00
  5652     59    402 5.145398E-05 1.500451E-05 3.273329E-05 1.189085E-14 0.000000E+00
  5653     88   1107 3.766863E-05 4.593409E-05 4.117746E-05 7.806910E-15 0.000000E+00
  5654     88    473 2.758185E-05 5.096133E-05 3.868545E-05 7.573340E-16 0.000000E+00
  5655     88    998 5.007294E-05 2.662548E-05 3.777683E-05 5.917114E-15 0.000000E+00
  5656    223   1003 5.635821E-05 2.262213E-05 3.890077E-05 1.819017E-14 0.000000E+00
  5657    998   1900 2.312192E-05 6.255905E-06 1.446967E-05 3.397386E-15 0.000000E+00
  5658    524   2466 3.341212E-05 5.749292E-06 1.928846E-05 3.185050E-15 0.000000E+00
  5659    808    998 3.583030E-05 1.739976E-05 2.621779E-05 7.007109E-15 0.000000E+00
  5660    603   2466 3.447369E-05 7.783862E-06 2.081342E-05 4.352901E-15 0.000000E+00
  5661    507   2176 2.562639E-05 1.841115E-05 2.169013E-05 4.643095E-15 0.000000E+00
  5662    449   3488 2.241195E-05 3.315323E-06 1.267164E-05 5.166858E-15 0.000000E+00
  5663    928   6281 1.469777E-05 6.549936E-06 1.046529E-05 2.512650E-15 0.000000E+00
  5664   1312   6122 3.508160E-05 5.716049E-06 2.009437E-05 2.222457E-15 0.000000E+00
  5665    250   6108 5.696377E-05 9.249436E-06 3.261248E-05 1.769472E-15 0.000000E+00
  5666    250   1312 6.660732E-05 3.773721E-05 5.139357E-05 1.040450E-15 0.000000E+00
  5667    521    550 1.657835E-05 1.930249E-05 1.767265E-05 2.235197E-14 0.000000E+00
  5668    498   4307 2.486569E-05 1.541275E-05 1.983863E-05 3.680502E-16 0.000000E+00
  5669    363   1772 4.518829E-05 1.673108E-05 3.049760E-05 7.927235E-16 0.000000E+00
  5670   2076   2423 2.096924E-05 1.049404E-05 1.549684E-05 6.893863E-15 0.000000E+00
  5671   3392   5306 3.369221E-06 4.407096E-06 3.830126E-06 1.500512E-15 0.000000E+00
  5672   4127   5336 3.534254E-05 1.360406E-05 2.410802E-05 2.583429E-15 0.000000E+00
  5673    137    206 4.276451E-05 6.848405E-05 5.479407E-05 1.836712E-14 0.000000E+00
  5674   5037   5380 1.117027E-05 9.493866E-06 1.017786E-05 8.564244E-16 0.000000E+00
  5675    547   2094 1.480001E-05 2.085374E-05 1.756080E-05 3.149660E-15 0.000000E+00
  5676   3857   3882 5.296366E-06 9.300480E-06 7.189491E-06 1.712849E-15 0.000000E+00
  5677    255   5051 4.082053E-05 6.349812E-06 2.323315E-05 2.385248E-15 0.000000E+00
  5678    326   1927 4.797050E-05 2.041363E-05 3.368174E-05 3.935306E-15 0.000000E+00
  5679    255    718 3.397452E-05 1.832984E-05 2.576185E-05 4.306187E-14 0.000000E+00
  5680    830   5063 3.450041E-05 4.694507E-06 1.930496E-05 3.015180E-15 0.000000E+00
  5681   2350   4074 1.909967E-05 1.368433E-05 1.614734E-05 3.977773E-15 0.000000E+00
  5682    205    274 6.288506E-05 3.752884E-05 4.945759E-05 5.183137E-14 0.000000E+00
  5683   1003   6137 1.585318E-05 4.025791E-06 9.791133E-06 1.833173E-15 0.000000E+00
  5684    559    796 2.410119E-05 1.696220E-05 2.022525E-05 2.203347E-14 0.000000E+00
  5685   2651   5125 1.311476E-05 5.842033E-06 9.336928E-06 1.840251E-16 0.000000E+00
  5686    397    603 5.297741E-05 2.958583E-05 4.066548E-05 1.206072E-14 0.000000E+00
  5687    449   4436 5.359795E-05 5.370387E-06 2.904411E-05 3.906994E-15 0.000000E+00
  5688    443   4226 3.075040E-05 1.796404E-05 2.399368E-05 4.600627E-16 0.000000E+00
  5689    443   1312 3.212215E-05 3.060474E-05 3.089533E-05 2.123366E-15 0.000000E+00
  5690    107    451 4.644550E-05 3.137859E-05 3.833127E-05 1.630038E-14 0.000000E+00
  5691    104    451 4.271133E-05 3.120092E-05 3.640454E-05 4.713873E-14 0.000000E+00
  5692    143    250 3.433487E-05 5.485001E-05 4.392688E-05 2.190606E-14 0.000000E+00
  5693   1016   5341 1.970780E-05 1.003692E-05 1.465038E-05 4.614783E-15 0.000000E+00
  5694    489   3301 3.134359E-05 8.167135E-06 1.946051E-05 1.911030E-16 0.000000E+00
  5695    582   3301 1.669737E-05 9.799252E-06 1.305057E-05 1.649148E-15 0.000000E+00
  5696      2   4479 1.286844E-04 1.935596E-05 7.291541E-05 1.121633E-13 0.000000E+00
  5697     33   2870 8.283786E-05 8.404062E-06 4.494005E-05 2.194145E-15 0.000000E+00
  5698    206    313 6.282000E-05 3.356136E-05 4.747141E-05 9.811368E-14 0.000000E+00
  5699    587   5380 2.111439E-05 9.493866E-06 1.507571E-05 4.671406E-16 0.000000E+00
  5700   4076   5018 7.407479E-06 6.410182E-06 6.805713E-06 1.380188E-15 0.000000E+00
  5701    587   6193 3.126200E-05 1.340315E-05 2.199925E-05 2.548040E-15 0.000000E+00
  5702   3002   6193 1.607454E-05 6.779898E-06 1.125666E-05 1.741160E-15 0.000000E+00
  5703    326   4073 6.510879E-05 7.261830E-06 3.564523E-05 4.310434E-15 0.000000E+00
  5704     88   5060 2.966187E-05 2.912280E-06 1.604399E-05 3.333685E-15 0.000000E+00
  5705    526   4038 1.567391E-05 7.460855E-06 1.139473E-05 2.378170E-15 0.000000E+00
  5706    526   1545 2.872116E-05 1.852952E-05 2.327272E-05 7.134511E-15 0.000000E+00
  5707     44   4988 5.387888E-05 8.619573E-06 3.078282E-05 5.888803E-15 0.000000E+00
  5708   1337   2346 1.802943E-05 1.772521E-05 1.761050E-05 3.836215E-15 0.000000E+00
  5709   1500   2492 2.613354E-05 1.543460E-05 2.047386E-05 3.602645E-15 0.000000E+00
  5710   2720   3488 1.574685E-05 1.018303E-05 1.277143E-05 5.803868E-16 0.000000E+00
  5711    663   1717 3.021292E-05 1.722428E-05 2.336459E-05 1.780797E-14 0.000000E+00
  5712    488    907 3.047415E-05 1.160655E-05 2.072631E-05 2.038432E-15 0.000000E+00
  5713    104    449 3.268197E-05 3.847201E-05 3.504599E-05 2.434793E-15 0.000000E+00
  5714    351   1016 3.736667E-05 3.702317E-05 3.663977E-05 2.371800E-14 0.000000E+00
  5715    250    498 5.674968E-05 1.948085E-05 3.754638E-05 2.866545E-15 0.000000E+00
  5716    580   2160 5.356395E-05 5.275264E-06 2.898051E-05 8.967684E-15 0.000000E+00
  5717    287    550 2.414272E-05 2.139045E-05 2.242678E-05 2.667656E-14 0.000000E+00
  5718    489   2269 4.066287E-05 1.843850E-05 2.910963E-05 9.229566E-15 0.000000E+00
  5719      2    613 1.809388E-04 2.341533E-05 1.006520E-04 1.605619E-13 0.000000E+00
  5720   1075   2409 3.603044E-05 9.622787E-06 2.248592E-05 1.041865E-14 0.000000E+00
  5721   1121   4479 1.348307E-05 1.696490E-05 1.499676E-05 4.805886E-15 0.000000E+00
  5722      6   6582 7.657741E-05 9.222343E-06 4.225958E-05 4.062708E-15 0.000000E+00
  5723     42   3091 4.486137E-05 1.427413E-05 2.912644E-05 7.856456E-15 0.000000E+00
  5724    251    266 1.694440E-05 1.389563E-05 1.518986E-05 6.334002E-14 0.000000E+00
  5725   2907   3672 1.124929E-05 6.527859E-06 8.755907E-06 9.767485E-16 0.000000E+00
  5726    402   6695 3.309025E-05 6.928938E-06 1.971094E-05 1.111228E-15 0.000000E+00
  5727    547   3333 2.388744E-05 1.377895E-05 1.855211E-05 1.344799E-16 0.000000E+00
  5728   5380   6204 8.193133E-06 6.223261E-06 7.100612E-06 8.847360E-16 0.000000E+00
  5729   3804   5563 1.028580E-05 1.128572E-05 1.062478E-05 8.493466E-16 0.000000E+00
  5730   1426   6238 1.543247E-05 4.458146E-06 9.796871E-06 2.647130E-15 0.000000E+00
  5731     76   1426 3.336387E-05 1.830626E-05 2.544947E-05 1.330643E-15 0.000000E+00
  5732    263   1545 4.978126E-05 1.577411E-05 3.228846E-05 2.682520E-15 0.000000E+00
  5733    425   3867 2.750269E-05 1.139991E-05 1.916098E-05 2.236613E-15 0.000000E+00
  5734    274   1703 2.894645E-05 8.563558E-06 1.847508E-05 2.887778E-15 0.000000E+00
  5735     88   6155 5.687872E-05 9.961154E-06 3.292113E-05 1.281098E-15 0.000000E+00
  5736   6165   6168 7.961090E-06 1.203395E-05 9.848305E-06 1.224475E-15 0.000000E+00
  5737   2527   6167 1.571898E-05 4.154774E-06 9.788565E-06 2.356937E-15 0.000000E+00
  5738    808   1351 2.309036E-05 2.002454E-05 2.123569E-05 3.574333E-15 0.000000E+00
  5739    223    808 2.631241E-05 1.657780E-05 2.112503E-05 3.537528E-14 0.000000E+00
  5740    488    787 2.923676E-05 2.527666E-05 2.684990E-05 1.818309E-14 0.000000E+00
  5741    949   1218 1.448319E-05 2.872683E-05 2.128255E-05 7.580418E-15 0.000000E+00
  5742    663   2989 1.562940E-05 1.074592E-05 1.299083E-05 3.418620E-15 0.000000E+00
  5743    533    564 4.643336E-05 2.550910E-05 3.543435E-05 7.021265E-15 0.000000E+00
  5744    777   3344 4.667685E-05 1.089795E-05 2.835774E-05 5.081924E-15 0.000000E+00
  5745   1443   6552 2.059157E-05 1.316979E-05 1.662873E-05 1.486356E-15 0.000000E+00
  5746   1929   5677 3.300290E-05 2.054707E-05 2.637536E-05 2.385248E-15 0.000000E+00
  5747    117    206 4.162866E-05 4.193374E-05 4.115760E-05 8.636439E-14 0.000000E+00
  5748    402   3333 2.539779E-05 9.971318E-06 1.742060E-05 4.883743E-15 0.000000E+00
  5749    587   3002 3.378422E-05 1.372771E-05 2.340140E-05 1.118306E-15 0.000000E+00
  5750    313   1116 2.753565E-05 1.403540E-05 2.047529E-05 9.923199E-15 0.000000E+00
  5751   1927   2859 1.800182E-05 1.211546E-05 1.483388E-05 1.649148E-15 0.000000E+00
  5752   4003   6233 1.440006E-05 9.182480E-06 1.161528E-05 6.723994E-16 0.000000E+00
  5753    263    548 2.318446E-05 1.381860E-05 1.822539E-05 4.478180E-14 0.000000E+00
  5754    255   6146 2.733078E-05 1.585908E-05 2.127262E-05 2.540962E-15 0.000000E+00
  5755   1003   1545 1.686743E-05 9.943739E-06 1.320550E-05 1.099196E-14 0.000000E+00
  5756    263   6135 4.173580E-05 1.045605E-05 2.570643E-05 2.618819E-15 0.000000E+00
  5757    474    524 2.393043E-05 2.608292E-05 2.463344E-05 2.812753E-14 0.000000E+00
  5758     87   1218 3.443386E-05 1.883159E-05 2.623522E-05 1.840251E-15 0.000000E+00
  5759    300    423 3.646340E-05 2.306023E-05 2.931761E-05 2.718617E-14 0.000000E+00
  5760    351   1488 3.847246E-05 1.754817E-05 2.759225E-05 7.856456E-16 0.000000E+00
  5761   1355   2160 2.381925E-05 9.700419E-06 1.650969E-05 3.885761E-15 0.000000E+00
  5762   1517   4151 2.001067E-05 4.787144E-06 1.221385E-05 4.883743E-15 0.000000E+00
  5763   1711   3881 2.921240E-05 7.933779E-06 1.829588E-05 3.878683E-15 0.000000E+00
  5764    377   1929 2.888777E-05 2.595270E-05 2.701098E-05 1.469370E-14 0.000000E+00
  5765     59    115 1.178129E-04 7.507744E-05 9.500570E-05 1.444597E-14 0.000000E+00
  5766    266   1496 3.722047E-05 9.372563E-06 2.294881E-05 2.724987E-15 0.000000E+00
  5767    266   2540 3.519065E-05 1.145195E-05 2.297322E-05 2.272002E-15 0.000000E+00
  5768    266   5650 3.914511E-05 6.630897E-06 2.254639E-05 3.963617E-16 0.000000E+00
  5769    547   5336 1.786195E-05 1.295378E-05 1.517790E-05 3.015180E-15 0.000000E+00
  5770    206    539 4.089610E-05 1.820151E-05 2.910778E-05 6.649676E-14 0.000000E+00
  5771    402   1431 2.120230E-05 1.638840E-05 1.851482E-05 3.241673E-15 0.000000E+00
  5772   3805   4049 3.096202E-06 7.810332E-06 5.371875E-06 2.703753E-15 0.000000E+00
  5773    587   6204 3.020234E-05 4.997382E-06 1.733718E-05 2.930246E-15 0.000000E+00
  5774   1268   3002 1.147312E-05 1.220178E-05 1.166077E-05 7.856456E-16 0.000000E+00
  5775   1431   6176 1.349474E-05 6.164116E-06 9.682723E-06 1.790706E-15 0.000000E+00
  5776    587   6177 2.658913E-05 7.765716E-06 1.692104E-05 2.406482E-15 0.000000E+00
  5777    830   4261 1.831428E-05 1.092041E-05 1.439918E-05 9.625928E-16 0.000000E+00
  5778    326   1092 7.074753E-05 3.455565E-05 5.186575E-05 1.557135E-15 0.000000E+00
  5779    361   6238 3.479698E-05 7.421556E-06 2.079420E-05 5.803868E-16 0.000000E+00
  5780    361   1426 3.392612E-05 1.556564E-05 2.437653E-05 1.762394E-15 0.000000E+00
  5781    829   6112 1.840042E-05 1.398276E-05 1.594993E-05 1.861485E-15 0.000000E+00
  5782   5179   6137 8.997843E-06 1.092591E-05 9.813194E-06 3.822060E-16 0.000000E+00
  5783    223   2176 5.776008E-05 1.133647E-05 3.403263E-05 1.453090E-14 0.000000E+00
  5784    438   1500 3.150231E-05 2.215227E-05 2.642688E-05 3.078881E-15 0.000000E+00
  5785    445   1726 2.979404E-05 1.405177E-05 2.159570E-05 7.431782E-16 0.000000E+00
  5786    779    787 2.671025E-05 2.409423E-05 2.502310E-05 2.334995E-14 0.000000E+00
  5787   3515   4406 1.621968E-05 1.002983E-05 1.292886E-05 1.309409E-15 0.000000E+00
  5788    300   6335 3.412165E-05 5.183634E-06 1.935932E-05 5.223481E-15 0.000000E+00
  5789    104    250 3.403967E-05 5.711507E-05 4.489711E-05 3.351380E-14 0.000000E+00
  5790    648   1355 4.117875E-05 1.896793E-05 2.962448E-05 5.421662E-15 0.000000E+00
  5791   1855   5341 1.156861E-05 7.105473E-06 9.197681E-06 7.998013E-16 0.000000E+00
  5792   3023   4897 6.824542E-06 4.364570E-06 5.511055E-06 1.840251E-15 0.000000E+00
  5793      2   3420 1.673217E-04 1.228535E-05 8.846318E-05 9.349890E-15 0.000000E+00
  5794   1339   2637 2.594731E-05 1.275083E-05 1.906028E-05 4.791730E-15 0.000000E+00
  5795   1441   4670 1.630474E-05 1.300368E-05 1.443549E-05 4.126409E-15 0.000000E+00
  5796    365    644 4.788331E-05 1.893693E-05 3.291146E-05 2.381709E-14 0.000000E+00
  5797    598    784 2.947376E-05 2.976899E-05 2.917927E-05 1.634992E-14 0.000000E+00
  5798    305   1323 4.743213E-05 1.005038E-05 2.831228E-05 2.710831E-15 0.000000E+00
  5799    100    996 3.751936E-05 1.742010E-05 2.705973E-05 2.611741E-14 0.000000E+00
  5800    547    619 2.311719E-05 1.669077E-05 1.960690E-05 1.555720E-14 0.000000E+00
  5801   4960   5557 1.034604E-05 5.849383E-06 7.976849E-06 2.781610E-15 0.000000E+00
  5802    361   4073 2.815705E-05 8.147002E-06 1.788110E-05 9.484370E-16 0.000000E+00
  5803    526   1982 2.462316E-05 1.002591E-05 1.706596E-05 1.882718E-15 0.000000E+00
  5804    263   5010 2.865146E-05 9.563124E-06 1.882211E-05 1.472201E-15 0.000000E+00
  5805   3136   3867 1.013233E-05 1.116833E-05 1.049137E-05 1.238630E-15 0.000000E+00
  5806    255    958 4.217072E-05 1.857907E-05 2.992154E-05 2.894856E-15 0.000000E+00
  5807    998   2684 2.592945E-05 1.511795E-05 2.021737E-05 1.387266E-15 0.000000E+00
  5808   5095   6135 8.965321E-06 1.196371E-05 1.030833E-05 7.998013E-16 0.000000E+00
  5809   2466   2774 1.471244E-05 1.780781E-05 1.601743E-05 4.105175E-16 0.000000E+00
  5810    779   6397 2.229969E-05 5.150689E-06 1.352034E-05 6.794772E-16 0.000000E+00
  5811    779   6414 1.501355E-05 5.677625E-06 1.019118E-05 8.351908E-16 0.000000E+00
  5812    397    940 4.094338E-05 3.993426E-05 3.983526E-05 7.913079E-15 0.000000E+00
  5813    488    779 2.417629E-05 2.127409E-05 2.238601E-05 4.396784E-14 0.000000E+00
  5814   2720   4406 1.600907E-05 7.446356E-06 1.155267E-05 1.748238E-15 0.000000E+00
  5815   1445   6331 1.418728E-05 5.832474E-06 9.860473E-06 1.557135E-16 0.000000E+00
  5816   3183   6317 1.013009E-05 5.035135E-06 7.469437E-06 1.514668E-15 0.000000E+00
  5817    250   4131 5.987070E-05 1.364020E-05 3.620686E-05 3.185050E-16 0.000000E+00
  5818    550   1772 1.810783E-05 1.366366E-05 1.564865E-05 8.344830E-15 0.000000E+00
  5819      2     39 2.273703E-04 8.458198E-05 1.536481E-04 2.930246E-14 0.000000E+00
  5820   5506   5795 7.665634E-06 6.420543E-06 6.937968E-06 1.125384E-15 0.000000E+00
  5821    164   5603 3.366311E-05 4.898394E-06 1.899298E-05 1.932263E-15 0.000000E+00
  5822   2098   3344 1.010468E-05 8.468006E-06 9.147740E-06 5.485363E-15 0.000000E+00
  5823    649   1058 1.424840E-05 1.621192E-05 1.500284E-05 5.350883E-15 0.000000E+00
  5824   1268   3090 2.976631E-05 3.748429E-06 1.650726E-05 4.275044E-15 0.000000E+00
  5825    101    206 3.792865E-05 1.760189E-05 2.735086E-05 9.589830E-14 0.000000E+00
  5826   3387   3805 1.120425E-05 4.362670E-06 7.667289E-06 4.742185E-16 0.000000E+00
  5827    326    402 3.259983E-05 1.451739E-05 2.320699E-05 6.570403E-14 0.000000E+00
  5828   3928   5563 1.103098E-05 8.119688E-06 9.432418E-06 2.477261E-15 0.000000E+00
  5829   4049   5012 8.630672E-06 1.227644E-05 1.029753E-05 4.317512E-16 0.000000E+00
  5830    830   6177 1.921322E-05 1.210722E-05 1.542649E-05 1.380188E-15 0.000000E+00
  5831   3882   3928 1.236139E-05 8.372096E-06 1.021201E-05 1.387266E-15 0.000000E+00
  5832   1982   5063 1.313006E-05 7.438065E-06 1.013057E-05 4.253811E-15 0.000000E+00
  5833    326    361 3.159381E-05 3.417153E-05 3.239189E-05 1.381604E-14 0.000000E+00
  5834   4956   4960 7.121559E-06 9.709925E-06 8.290134E-06 3.036414E-15 0.000000E+00
  5835   2248   3896 1.489282E-05 1.124320E-05 1.287296E-05 3.376153E-15 0.000000E+00
  5836    263   1003 4.444041E-05 1.355357E-05 2.856420E-05 2.703753E-15 0.000000E+00
  5837   1003   3365 1.789171E-05 1.086659E-05 1.416453E-05 4.388291E-16 0.000000E+00
  5838    369    488 3.238905E-05 3.279513E-05 3.210564E-05 8.705802E-16 0.000000E+00
  5839    779    855 1.156784E-05 1.534894E-05 1.325752E-05 1.775134E-14 0.000000E+00
  5840    397   2720 2.106023E-05 1.347668E-05 1.701072E-05 5.803868E-15 0.000000E+00
  5841   1939   4436 4.084219E-05 1.033290E-05 2.520564E-05 5.244715E-15 0.000000E+00
  5842    351   3602 3.248577E-05 1.045794E-05 2.115138E-05 1.168559E-14 0.000000E+00
  5843    489    582 4.227345E-05 1.983745E-05 3.059194E-05 1.080793E-14 0.000000E+00
  5844     24     39 5.901534E-05 5.677662E-05 5.703186E-05 3.415789E-13 0.000000E+00
  5845      2   6064 1.500460E-04 7.869442E-06 7.777923E-05 4.897898E-15 0.000000E+00
  5846    164   1075 4.311399E-05 2.487176E-05 3.348552E-05 6.398411E-15 0.000000E+00
  5847    748   1058 1.499497E-05 9.928745E-06 1.227586E-05 1.222351E-14 0.000000E+00
  5848      2   6582 1.878612E-04 7.652294E-06 9.629768E-05 8.252817E-15 0.000000E+00
  5849   5012   5018 1.148688E-05 1.022757E-05 1.069518E-05 7.998013E-16 0.000000E+00
  5850   4135   5012 1.287394E-05 3.799819E-06 8.212446E-06 3.319529E-15 0.000000E+00
  5851   2094   6176 1.062921E-05 3.139311E-06 6.781511E-06 1.323565E-15 0.000000E+00
  5852    361   2859 2.369966E-05 5.228497E-06 1.424820E-05 3.609723E-15 0.000000E+00
  5853     88    255 4.483610E-05 3.531739E-05 3.947858E-05 2.485754E-14 0.000000E+00
  5854    548   2350 3.994221E-05 1.891106E-05 2.898743E-05 6.504579E-15 0.000000E+00
  5855    548   3887 3.997336E-05 1.117010E-05 2.519007E-05 2.604663E-15 0.000000E+00
  5856   2248   5137 1.566929E-05 9.046822E-06 1.217361E-05 1.981809E-15 0.000000E+00
  5857    223   6165 4.996487E-05 1.010785E-05 2.958806E-05 4.083941E-15 0.000000E+00
  5858    263   2527 4.530317E-05 2.777762E-05 3.599502E-05 7.169901E-15 0.000000E+00
  5859    507   5085 4.852468E-05 8.875331E-06 2.827165E-05 1.528824E-15 0.000000E+00
  5860   3657   5085 1.452144E-05 9.588396E-06 1.187499E-05 1.401422E-15 0.000000E+00
  5861   1163   3639 2.525244E-05 5.979323E-06 1.538281E-05 5.520753E-16 0.000000E+00
  5862    228   1163 3.268362E-05 2.484428E-05 2.833464E-05 5.301338E-15 0.000000E+00
  5863    449   6302 4.104341E-05 7.846661E-06 2.408018E-05 2.194145E-16 0.000000E+00
  5864    873   4463 2.280800E-05 7.039030E-06 1.470078E-05 9.979822E-16 0.000000E+00
  5865     87    533 6.222209E-05 4.147213E-05 5.107327E-05 3.083128E-14 0.000000E+00
  5866    449   4438 4.770863E-05 4.903485E-06 2.591343E-05 5.131469E-15 0.000000E+00
  5867    907   3602 1.667405E-05 1.422468E-05 1.521878E-05 2.689597E-15 0.000000E+00
  5868    498    648 2.383637E-05 2.737226E-05 2.522216E-05 4.374135E-15 0.000000E+00
  5869   1075   5603 1.623901E-05 5.644843E-06 1.077861E-05 4.076863E-15 0.000000E+00
  5870    748   4670 1.990919E-05 1.141785E-05 1.542974E-05 1.677459E-15 0.000000E+00
  5871    748   1443 2.641882E-05 1.378445E-05 1.980161E-05 2.052588E-14 0.000000E+00
  5872    748   4616 1.301285E-05 3.595610E-06 8.180286E-06 3.999007E-15 0.000000E+00
  5873    715    724 2.002993E-05 1.990813E-05 1.967098E-05 9.887810E-15 0.000000E+00
  5874   1929   6732 2.658114E-05 7.537093E-06 1.680450E-05 3.850371E-15 0.000000E+00
  5875    402   3669 2.218729E-05 1.767424E-05 1.963329E-05 1.040450E-15 0.000000E+00
  5876   1431   2763 2.084364E-05 6.539348E-06 1.348715E-05 4.395368E-15 0.000000E+00
  5877    718   5051 1.476663E-05 4.813244E-06 9.643818E-06 6.511657E-16 0.000000E+00
  5878    326   6238 4.439290E-05 1.269550E-05 2.811817E-05 1.089995E-15 0.000000E+00
  5879    830   1982 2.856397E-05 9.622185E-06 1.880811E-05 7.686586E-15 0.000000E+00
  5880    223   6146 6.404061E-05 5.747028E-06 3.437302E-05 8.245740E-15 0.000000E+00
  5881     41   2527 1.097087E-04 2.975905E-05 6.869305E-05 1.054605E-15 0.000000E+00
  5882     44    524 9.118638E-05 4.013859E-05 6.468245E-05 1.225182E-14 0.000000E+00
  5883     41   5095 1.051324E-04 8.303752E-06 5.587153E-05 2.201223E-15 0.000000E+00
  5884    263    787 3.148416E-05 2.053745E-05 2.562258E-05 1.599603E-15 0.000000E+00
  5885   1765   3717 1.398260E-05 1.229836E-05 1.294435E-05 1.104151E-15 0.000000E+00
  5886    787   3657 1.864522E-05 1.326478E-05 1.571687E-05 7.672431E-15 0.000000E+00
  5887    223   4463 3.257437E-05 1.306777E-05 2.248046E-05 3.765436E-15 0.000000E+00
  5888    397   1500 5.434444E-05 1.434182E-05 3.383055E-05 2.215379E-15 0.000000E+00
  5889   1218   2578 1.392566E-05 1.464191E-05 1.407059E-05 1.133170E-14 0.000000E+00
  5890    423   5607 1.588001E-05 6.509221E-06 1.102753E-05 9.272033E-16 0.000000E+00
  5891    498   1355 2.187350E-05 2.100800E-05 2.112074E-05 2.923168E-15 0.000000E+00
  5892    580   1016 4.231066E-05 2.311854E-05 3.222632E-05 2.165834E-15 0.000000E+00
  5893    143    357 2.947271E-05 3.566940E-05 3.208492E-05 8.415609E-14 0.000000E+00
  5894    150   6598 4.615214E-05 8.081829E-06 2.671225E-05 2.300314E-15 0.000000E+00
  5895    158   1624 4.053484E-05 1.141424E-05 2.558686E-05 1.545811E-14 0.000000E+00
  5896     28   5654 6.609422E-05 5.141519E-06 3.508626E-05 7.686586E-15 0.000000E+00
  5897     59    479 1.080856E-04 1.714508E-05 6.168078E-05 6.604377E-14 0.000000E+00
  5898    135   5343 4.218948E-05 1.108173E-05 2.623806E-05 4.423680E-15 0.000000E+00
  5899    326   1431 2.689285E-05 1.826391E-05 2.224139E-05 3.057648E-15 0.000000E+00
  5900   4038   6270 1.250524E-05 1.155201E-05 1.184909E-05 2.611741E-15 0.000000E+00
  5901     59    274 8.605369E-05 2.101474E-05 5.273520E-05 9.112073E-14 0.000000E+00
  5902   6150   6165 9.568485E-06 7.517328E-06 8.415400E-06 5.591532E-16 0.000000E+00
  5903   1337   6155 1.903701E-05 1.456909E-05 1.655226E-05 9.130476E-16 0.000000E+00
  5904    263   2749 3.591606E-05 1.155057E-05 2.337908E-05 3.397386E-16 0.000000E+00
  5905   1908   3136 2.980982E-05 1.154194E-05 2.036728E-05 1.097073E-15 0.000000E+00
  5906   2244   6155 1.333495E-05 6.208204E-06 9.625732E-06 1.521746E-15 0.000000E+00
  5907    728   3728 2.531810E-05 1.169431E-05 1.822999E-05 1.528824E-15 0.000000E+00
  5908    787   5085 1.929534E-05 1.041533E-05 1.463361E-05 2.689597E-15 0.000000E+00
  5909    318   1892 4.696862E-05 3.870635E-05 4.219812E-05 9.979822E-16 0.000000E+00
  5910   5506   5507 7.951467E-06 5.719140E-06 6.733284E-06 4.742185E-16 0.000000E+00
  5911   1517   4897 1.832940E-05 2.344846E-06 1.018284E-05 4.706796E-15 0.000000E+00
  5912      2   4105 1.636248E-04 8.679697E-06 8.486642E-05 5.400429E-15 0.000000E+00
  5913      6    608 9.370221E-05 2.285639E-05 5.740946E-05 8.470816E-14 0.000000E+00
  5914    187   6736 6.550619E-05 6.833495E-06 3.562999E-05 1.118306E-15 0.000000E+00
  5915   1929   2301 1.724842E-05 1.695625E-05 1.684708E-05 1.701524E-14 0.000000E+00
  5916   1842   6807 1.390237E-05 4.390054E-06 9.009700E-06 3.036414E-15 0.000000E+00
  5917    115    411 9.555507E-05 4.533844E-05 6.939531E-05 2.007289E-14 0.000000E+00
  5918     28     42 6.205823E-05 3.295029E-05 4.679524E-05 3.610926E-13 0.000000E+00
  5919    135    199 4.142944E-05 3.152275E-05 3.593168E-05 7.424705E-15 0.000000E+00
  5920    939   2094 2.348750E-05 2.183988E-05 2.232543E-05 2.717909E-15 0.000000E+00
  5921   6177   6204 6.929601E-06 6.298786E-06 6.515474E-06 1.698693E-16 0.000000E+00
  5922    881   3002 2.962791E-05 5.486119E-06 1.729497E-05 1.819017E-15 0.000000E+00
  5923     59   1703 5.608316E-05 3.370894E-05 4.422596E-05 1.082209E-14 0.000000E+00
  5924   1455   1545 2.349470E-05 2.001039E-05 2.142788E-05 4.076863E-15 0.000000E+00
  5925     41    263 8.844629E-05 3.787374E-05 6.221733E-05 1.376649E-14 0.000000E+00
  5926    507    855 3.508085E-05 2.287361E-05 2.854474E-05 1.040450E-15 0.000000E+00
  5927    445    663 2.779991E-05 2.427868E-05 2.565065E-05 1.834589E-14 0.000000E+00
  5928   1445   1792 1.884327E-05 1.651680E-05 1.741615E-05 4.565238E-15 0.000000E+00
  5929    928   1379 2.735133E-05 2.502503E-05 2.579731E-05 6.653215E-16 0.000000E+00
  5930    521   3580 2.107485E-05 8.444889E-06 1.453958E-05 4.430758E-15 0.000000E+00
  5931   4803   5779 8.933379E-06 4.148105E-06 6.443119E-06 7.927235E-16 0.000000E+00
  5932    777   1308 2.689580E-05 1.738926E-05 2.181205E-05 2.100009E-14 0.000000E+00
  5933    266   6616 2.863794E-05 5.462613E-06 1.679579E-05 4.551082E-15 0.000000E+00
  5934   3874   5563 1.081559E-05 4.624839E-06 7.604987E-06 2.307391E-15 0.000000E+00
  5935    939   1107 2.384264E-05 4.182880E-05 3.234564E-05 1.550057E-15 0.000000E+00
  5936   3002   5569 8.110554E-06 8.937341E-06 8.396724E-06 9.625928E-16 0.000000E+00
  5937    108   1116 6.991110E-05 1.982779E-05 4.419975E-05 5.089001E-15 0.000000E+00
  5938    526   6270 2.805893E-05 1.365936E-05 2.054781E-05 4.034396E-16 0.000000E+00
  5939     88    829 3.009267E-05 1.319591E-05 2.132124E-05 4.253811E-15 0.000000E+00
  5940   6146   6150 1.822407E-05 7.748249E-06 1.279233E-05 1.443889E-15 0.000000E+00
  5941     88   5149 4.701518E-05 1.470943E-05 3.040167E-05 2.371092E-15 0.000000E+00
  5942    223   6150 5.212068E-05 4.871425E-06 2.807074E-05 1.564213E-15 0.000000E+00
  5943    223    958 4.796163E-05 2.109866E-05 3.401477E-05 3.311744E-14 0.000000E+00
  5944   1337   6128 2.197139E-05 1.571228E-05 1.856061E-05 1.366032E-15 0.000000E+00
  5945   2527   3332 2.927357E-05 7.243853E-06 1.798619E-05 2.548040E-15 0.000000E+00
  5946    445   1435 2.386656E-05 1.607273E-05 1.967159E-05 6.299320E-16 0.000000E+00
  5947    488   6347 4.291783E-05 8.275897E-06 2.521482E-05 9.838264E-16 0.000000E+00
  5948    318    663 3.930199E-05 2.749477E-05 3.289990E-05 1.351877E-15 0.000000E+00
  5949    228   4463 2.887685E-05 1.236937E-05 2.031530E-05 3.701735E-15 0.000000E+00
  5950    648   3419 2.782771E-05 1.353024E-05 2.037034E-05 1.075839E-15 0.000000E+00
  5951    443    855 3.251023E-05 2.338216E-05 2.752909E-05 5.662310E-16 0.000000E+00
  5952    397    451 3.617154E-05 2.396085E-05 2.961745E-05 3.800826E-15 0.000000E+00
  5953    351    580 2.770324E-05 3.836100E-05 3.253910E-05 4.917717E-14 0.000000E+00
  5954    580   2269 4.502213E-05 2.683353E-05 3.539159E-05 1.642070E-15 0.000000E+00
  5955    489   4336 4.077409E-05 4.046952E-06 2.207603E-05 3.078881E-15 0.000000E+00
  5956    363    489 2.992319E-05 4.083943E-05 3.485323E-05 3.691119E-14 0.000000E+00
  5957     13    608 8.196242E-05 3.621548E-05 5.820702E-05 1.655518E-14 0.000000E+00
  5958    715   2231 2.657753E-05 1.375971E-05 1.986760E-05 7.736132E-15 0.000000E+00
  5959    100    187 3.436974E-05 2.039855E-05 2.697543E-05 1.915064E-13 0.000000E+00
  5960   5343   6633 7.284173E-06 6.156285E-06 6.619927E-06 1.366032E-15 0.000000E+00
  5961    547    939 1.565543E-05 1.388432E-05 1.454943E-05 8.401453E-15 0.000000E+00
  5962    881   1268 2.839665E-05 2.085561E-05 2.425858E-05 8.776581E-16 0.000000E+00
  5963    881   6177 3.874610E-05 1.035678E-05 2.418500E-05 2.456027E-15 0.000000E+00
  5964   6146   6165 1.720029E-05 8.317835E-06 1.256863E-05 5.803868E-16 0.000000E+00
  5965   2760   5179 1.076600E-05 5.179630E-06 7.853820E-06 1.911030E-15 0.000000E+00
  5966    474   1015 1.664454E-05 1.447157E-05 1.532584E-05 1.664719E-14 0.000000E+00
  5967    318    488 4.147793E-05 2.417663E-05 3.233732E-05 8.090026E-15 0.000000E+00
  5968    717    940 3.488577E-05 2.893652E-05 3.143486E-05 6.426722E-15 0.000000E+00
  5969    443   3183 3.125250E-05 1.201968E-05 2.131316E-05 1.981809E-15 0.000000E+00
  5970    138    150 5.102989E-05 4.264277E-05 4.613728E-05 6.755136E-14 0.000000E+00
  5971    608   6582 3.195341E-05 6.529030E-06 1.895404E-05 2.576351E-15 0.000000E+00
  5972    479   2941 2.076562E-05 5.791575E-06 1.308041E-05 2.838233E-15 0.000000E+00
  5973   4186   5336 4.812106E-06 1.168159E-05 8.123760E-06 2.611741E-15 0.000000E+00
  5974    206   3874 4.452446E-05 5.544480E-06 2.466082E-05 7.714898E-16 0.000000E+00
  5975    326   3333 3.648619E-05 8.638299E-06 2.222550E-05 4.558160E-15 0.000000E+00
  5976    427   6176 4.386417E-05 7.148024E-06 2.512541E-05 5.591532E-16 0.000000E+00
  5977   4074   4097 1.805469E-05 1.402052E-05 1.579824E-05 8.847360E-16 0.000000E+00
  5978    255   6241 2.587334E-05 9.441754E-06 1.739400E-05 2.066743E-15 0.000000E+00
  5979   1426   6112 1.200713E-05 3.717039E-06 7.744741E-06 2.604663E-15 0.000000E+00
  5980    524   3082 3.468882E-05 8.677412E-06 2.135948E-05 4.112253E-15 0.000000E+00
  5981    474   3082 3.143018E-05 5.563833E-06 1.822093E-05 2.477261E-16 0.000000E+00
  5982   2651   3639 1.292356E-05 1.547399E-05 1.398685E-05 2.491417E-15 0.000000E+00
  5983   1015   1500 3.318651E-05 1.435608E-05 2.341650E-05 1.755316E-15 0.000000E+00
  5984    449   1380 3.398147E-05 2.718417E-05 3.012636E-05 6.157763E-16 0.000000E+00
  5985    855   1445 1.705175E-05 1.905969E-05 1.778623E-05 3.149660E-15 0.000000E+00
  5986    488   3602 3.162049E-05 2.110151E-05 2.596755E-05 2.243690E-15 0.000000E+00
  5987    443   6122 2.751455E-05 1.270131E-05 1.980781E-05 3.418620E-15 0.000000E+00
  5988    648   2987 3.815909E-05 2.001621E-05 2.865351E-05 7.403471E-15 0.000000E+00
  5989    550   3221 1.766413E-05 1.252339E-05 1.486848E-05 2.760376E-15 0.000000E+00
  5990    363   2770 2.598032E-05 8.835341E-06 1.714801E-05 5.442896E-15 0.000000E+00
  5991     28    202 6.668273E-05 2.710375E-05 4.619334E-05 2.084155E-13 0.000000E+00
  5992    266   6633 3.608666E-05 7.994189E-06 2.171146E-05 1.401422E-15 0.000000E+00
  5993    326    619 3.707348E-05 1.819658E-05 2.722256E-05 5.301338E-15 0.000000E+00
  5994    206   2614 2.566203E-05 5.255922E-06 1.522824E-05 6.398411E-15 0.000000E+00
  5995   2094   2100 1.384814E-05 1.982241E-05 1.658400E-05 5.173936E-15 0.000000E+00
  5996   1982   6270 1.556788E-05 1.359491E-05 1.436376E-05 1.698693E-16 0.000000E+00
  5997   1545   3825 2.818307E-05 5.478229E-06 1.657945E-05 2.852389E-15 0.000000E+00
  5998    664   5149 2.091209E-05 6.375173E-06 1.343999E-05 1.868562E-15 0.000000E+00
  5999    438    796 1.231297E-05 1.555508E-05 1.372606E-05 1.596772E-14 0.000000E+00
  6000   3657   5097 1.060067E-05 1.215037E-05 1.120574E-05 9.838264E-16 0.000000E+00
  6001    796    831 1.398187E-05 2.063388E-05 1.704955E-05 1.052482E-14 0.000000E+00
  6002   6339   6348 1.158903E-05 1.309621E-05 1.215840E-05 2.257846E-15 0.000000E+00
  6003   3237   3717 1.579908E-05 6.595713E-06 1.103027E-05 1.535902E-15 0.000000E+00
  6004   1380   6302 1.712313E-05 6.401288E-06 1.158666E-05 1.422655E-15 0.000000E+00
  6005    443   1445 1.583750E-05 1.216268E-05 1.379113E-05 2.184236E-14 0.000000E+00
  6006   1379   1889 1.926161E-05 1.212397E-05 1.545857E-05 9.923199E-15 0.000000E+00
  6007     10   1074 6.289154E-05 1.282725E-05 3.729433E-05 5.959582E-15 0.000000E+00
  6008   1685   1686 1.319905E-05 1.713891E-05 1.494258E-05 9.901965E-15 0.000000E+00
  6009     19    613 7.394863E-05 1.628471E-05 4.444329E-05 7.061609E-14 0.000000E+00
  6010     42    202 5.336639E-05 3.365311E-05 4.286035E-05 2.516189E-14 0.000000E+00
  6011     59   3280 1.101531E-04 1.405389E-05 6.117657E-05 9.831186E-15 0.000000E+00
  6012   2415   6633 8.681865E-06 6.962648E-06 7.705506E-06 5.945426E-16 0.000000E+00
  6013     59    261 7.897056E-05 2.044200E-05 4.896439E-05 1.459319E-13 0.000000E+00
  6014    830   6680 2.106142E-05 1.967462E-05 2.006402E-05 3.404464E-15 0.000000E+00
  6015     76   4954 4.227504E-05 2.158291E-05 3.145242E-05 2.632974E-15 0.000000E+00
  6016   6239   6251 6.626690E-06 8.212401E-06 7.308806E-06 7.785677E-17 0.000000E+00
  6017    361   2346 3.065714E-05 1.932746E-05 2.461928E-05 3.107193E-15 0.000000E+00
  6018    829   1337 1.326137E-05 9.857381E-06 1.138685E-05 7.070810E-15 0.000000E+00
  6019     44    274 9.332952E-05 3.402231E-05 6.272553E-05 2.724987E-14 0.000000E+00
  6020    664   2244 1.867782E-05 1.213239E-05 1.517518E-05 6.115295E-15 0.000000E+00
  6021    808    958 2.445630E-05 2.004334E-05 2.191773E-05 7.665353E-15 0.000000E+00
  6022    614   2527 2.472608E-05 2.976003E-05 2.683644E-05 2.901934E-16 0.000000E+00
  6023    614   3728 2.289646E-05 1.694134E-05 1.962160E-05 6.992953E-15 0.000000E+00
  6024    223   5647 2.243023E-05 9.586849E-06 1.576960E-05 9.130476E-15 0.000000E+00
  6025    855   3237 2.315955E-05 9.269275E-06 1.597241E-05 8.875672E-15 0.000000E+00
  6026    940   1015 1.299836E-05 1.259181E-05 1.260412E-05 1.845205E-14 0.000000E+00
  6027    873   3183 2.027485E-05 1.029014E-05 1.505440E-05 1.231553E-15 0.000000E+00
  6028    449    451 3.125740E-05 1.776950E-05 2.414758E-05 7.608730E-15 0.000000E+00
  6029    423   3722 2.135499E-05 1.094565E-05 1.590927E-05 7.438860E-15 0.000000E+00
  6030    449   4445 3.224464E-05 6.111583E-06 1.889187E-05 4.812964E-16 0.000000E+00
  6031    250   3183 3.958328E-05 1.402483E-05 2.640399E-05 8.727036E-15 0.000000E+00
  6032    423   3580 2.326825E-05 4.146951E-06 1.350301E-05 3.885761E-15 0.000000E+00
  6033    498   1732 3.208423E-05 7.201323E-06 1.934960E-05 6.723994E-15 0.000000E+00
  6034    104    357 4.724478E-05 3.831048E-05 4.213916E-05 7.594574E-15 0.000000E+00
  6035    498   2355 2.626153E-05 1.460934E-05 2.013043E-05 3.949462E-15 0.000000E+00
  6036    854   1033 2.887328E-05 2.591433E-05 2.698494E-05 2.668364E-15 0.000000E+00
  6037    781    854 1.846760E-05 3.780550E-05 2.771660E-05 1.261987E-14 0.000000E+00
  6038     39   1517 5.633842E-05 3.135031E-05 4.318997E-05 3.177972E-15 0.000000E+00
  6039    649   2098 1.134790E-05 2.827204E-05 1.951430E-05 3.121349E-15 0.000000E+00
  6040    365   2261 4.539666E-05 1.006560E-05 2.731723E-05 2.519728E-15 0.000000E+00
  6041   4037   5677 7.865429E-06 7.713895E-06 7.673398E-06 3.361997E-15 0.000000E+00
  6042   3280   6660 8.400830E-06 7.787078E-06 7.973149E-06 1.132462E-16 0.000000E+00
  6043    939   5336 2.158549E-05 1.436894E-05 1.770890E-05 1.974731E-15 0.000000E+00
  6044    539   3928 2.258351E-05 1.872599E-05 2.034647E-05 7.785677E-16 0.000000E+00
  6045    830   3370 2.417078E-05 9.172212E-06 1.642267E-05 4.954522E-16 0.000000E+00
  6046    108    425 7.528316E-05 1.322585E-05 4.359399E-05 6.023283E-15 0.000000E+00
  6047    796    998 1.714365E-05 1.508657E-05 1.587459E-05 2.717909E-15 0.000000E+00
  6048    354   3082 3.499928E-05 7.426111E-06 2.089609E-05 3.638034E-15 0.000000E+00
  6049    831    998 2.321594E-05 1.133457E-05 1.701741E-05 1.218812E-14 0.000000E+00
  6050    610    717 2.744120E-05 2.698285E-05 2.680588E-05 3.553100E-15 0.000000E+00
  6051   2578   4427 1.787829E-05 1.231531E-05 1.487147E-05 1.486356E-15 0.000000E+00
  6052    580   1855 2.618532E-05 1.215021E-05 1.888168E-05 1.479279E-15 0.000000E+00
  6053    351   1355 3.756554E-05 3.240126E-05 3.446126E-05 2.172912E-15 0.000000E+00
  6054    877   1033 1.264944E-05 1.776126E-05 1.497840E-05 1.055313E-14 0.000000E+00
  6055    781   1033 2.367011E-05 1.296393E-05 1.804363E-05 2.182821E-14 0.000000E+00
  6056    489   2059 3.917728E-05 1.637358E-05 2.736087E-05 6.271009E-15 0.000000E+00
  6057    781   1105 3.904349E-05 3.350115E-05 3.573094E-05 3.935306E-15 0.000000E+00
  6058     10    381 8.306350E-05 2.198346E-05 5.173954E-05 4.453407E-14 0.000000E+00
  6059   2301   5677 2.033507E-05 1.110524E-05 1.548552E-05 3.616801E-15 0.000000E+00
  6060    135    251 3.414113E-05 1.697791E-05 2.517803E-05 4.849769E-14 0.000000E+00
  6061    135   6633 4.357842E-05 7.295626E-06 2.505737E-05 4.459069E-16 0.000000E+00
  6062    427    939 3.624664E-05 1.819092E-05 2.681253E-05 2.682520E-15 0.000000E+00
  6063     88    718 4.925865E-05 1.673995E-05 3.250678E-05 3.121349E-15 0.000000E+00
  6064   6237   6251 1.039634E-05 7.637803E-06 8.882490E-06 2.901934E-16 0.000000E+00
  6065   1703   5690 2.505447E-05 8.646259E-06 1.659887E-05 3.468165E-15 0.000000E+00
  6066    829   1426 1.563407E-05 2.234435E-05 1.870579E-05 8.847360E-16 0.000000E+00
  6067     44   5690 8.097912E-05 8.015831E-06 4.383333E-05 3.085959E-15 0.000000E+00
  6068    492   1337 1.647479E-05 1.374262E-05 1.488320E-05 1.188377E-14 0.000000E+00
  6069    274    524 2.536498E-05 2.608951E-05 2.534326E-05 4.560991E-14 0.000000E+00
  6070    787   5097 2.720624E-05 7.770569E-06 1.722738E-05 3.949462E-15 0.000000E+00
  6071   2393   2774 5.239448E-06 6.436267E-06 5.750725E-06 6.072828E-15 0.000000E+00
  6072   1218   3728 1.815304E-05 1.220299E-05 1.495148E-05 1.047527E-15 0.000000E+00
  6073    779   1993 1.407744E-05 1.693020E-05 1.527242E-05 1.627914E-15 0.000000E+00
  6074   1792   5567 6.196969E-06 4.092367E-06 5.067882E-06 9.909043E-16 0.000000E+00
  6075    104   4445 4.866341E-05 9.116607E-06 2.845881E-05 3.312452E-15 0.000000E+00
  6076    104    228 4.787123E-05 5.664723E-05 5.147924E-05 1.082917E-15 0.000000E+00
  6077    250    443 1.962539E-05 2.621450E-05 2.257786E-05 8.232999E-14 0.000000E+00
  6078   2059   2269 2.891109E-05 2.893846E-05 2.849306E-05 4.735107E-15 0.000000E+00
  6079    854   1105 2.927482E-05 1.378259E-05 2.120738E-05 1.977562E-14 0.000000E+00
  6080     39    695 6.786616E-05 3.661868E-05 5.146268E-05 2.654208E-14 0.000000E+00
  6081    377   6732 3.443862E-05 1.121402E-05 2.248563E-05 4.685562E-15 0.000000E+00
  6082     42    934 6.732705E-05 3.195071E-05 4.889800E-05 2.671195E-14 0.000000E+00
  6083    135   6616 4.232140E-05 6.406688E-06 2.400040E-05 1.054605E-15 0.000000E+00
  6084   4186   6634 6.825832E-06 4.646830E-06 5.650714E-06 3.468165E-16 0.000000E+00
  6085    402    619 3.769608E-05 1.637871E-05 2.663386E-05 7.559184E-15 0.000000E+00
  6086   4321   6677 1.418041E-05 8.374433E-06 1.110910E-05 7.573340E-16 0.000000E+00
  6087   3387   4162 1.047969E-05 8.523067E-06 9.359566E-06 2.031354E-15 0.000000E+00
  6088   3387   6680 7.744095E-06 6.726870E-06 7.127491E-06 2.901934E-16 0.000000E+00
  6089    255   5059 3.734044E-05 1.324463E-05 2.491504E-05 3.807904E-15 0.000000E+00
  6090   4981   6233 1.586421E-05 1.431453E-05 1.486416E-05 9.342812E-16 0.000000E+00
  6091    285   3825 2.361691E-05 1.118544E-05 1.714146E-05 2.930246E-15 0.000000E+00
  6092    255   3370 2.733376E-05 6.912898E-06 1.686776E-05 5.103157E-15 0.000000E+00
  6093   5006   6106 5.331984E-06 4.955935E-06 5.067184E-06 8.918139E-16 0.000000E+00
  6094    255   1455 3.357594E-05 1.492910E-05 2.389054E-05 7.509639E-15 0.000000E+00
  6095    664    998 2.027205E-05 1.314067E-05 1.645701E-05 6.653215E-16 0.000000E+00
  6096    438   2997 2.095447E-05 1.017307E-05 1.533148E-05 4.579394E-15 0.000000E+00
  6097    438   6128 1.763647E-05 7.925512E-06 1.259023E-05 3.312452E-15 0.000000E+00
  6098    976   3717 3.009927E-05 8.840134E-06 1.917911E-05 4.600627E-16 0.000000E+00
  6099    228   2651 2.882018E-05 1.518548E-05 2.167443E-05 1.120430E-14 0.000000E+00
  6100    516   2720 1.529284E-05 1.704766E-05 1.592890E-05 4.260889E-15 0.000000E+00
  6101    397    717 2.648870E-05 4.526267E-05 3.534023E-05 7.785677E-16 0.000000E+00
  6102   1379   3722 1.154021E-05 8.278028E-06 9.761223E-06 1.734083E-15 0.000000E+00
  6103    228    250 6.479143E-05 4.509282E-05 5.412209E-05 9.765362E-14 0.000000E+00
  6104    351   3031 2.220072E-05 9.392716E-06 1.556094E-05 1.705771E-15 0.000000E+00
  6105   1889   4952 1.025363E-05 4.919781E-06 7.473470E-06 3.758359E-15 0.000000E+00
  6106    104    535 3.536568E-05 1.616685E-05 2.538169E-05 3.674839E-14 0.000000E+00
  6107    138   2355 5.703816E-05 2.070825E-05 3.829301E-05 2.059665E-15 0.000000E+00
  6108    138   6598 5.040603E-05 7.809848E-06 2.867349E-05 3.546022E-15 0.000000E+00
  6109    363   2059 3.174586E-05 1.574731E-05 2.339216E-05 6.752305E-15 0.000000E+00
  6110     19     24 6.857127E-05 1.241088E-04 9.490212E-05 3.238912E-13 0.000000E+00
  6111    939   4186 2.824660E-05 6.494735E-06 1.711140E-05 1.061683E-16 0.000000E+00
  6112    101   3874 2.857639E-05 7.303657E-06 1.767226E-05 1.231553E-15 0.000000E+00
  6113   1107   3158 5.018090E-05 1.039607E-05 2.983642E-05 1.047527E-15 0.000000E+00
  6114    427   2100 3.438009E-05 1.847046E-05 2.603087E-05 6.709838E-15 0.000000E+00
  6115   4097   4981 1.347322E-05 7.943603E-06 1.054859E-05 3.517710E-15 0.000000E+00
  6116    548   1471 3.060295E-05 2.036649E-05 2.510435E-05 1.050359E-14 0.000000E+00
  6117    976   2760 2.970712E-05 1.912666E-05 2.405246E-05 5.166858E-16 0.000000E+00
  6118    451   4407 2.525523E-05 5.152450E-06 1.497692E-05 3.015180E-15 0.000000E+00
  6119    648   5602 3.703204E-05 9.556764E-06 2.294673E-05 2.703753E-15 0.000000E+00
  6120    443    498 4.337598E-05 2.508091E-05 3.371757E-05 5.541986E-15 0.000000E+00
  6121    351    498 3.486269E-05 3.469694E-05 3.426071E-05 1.466538E-14 0.000000E+00
  6122   4336   6598 6.499640E-06 8.757453E-06 7.514688E-06 1.351877E-15 0.000000E+00
  6123    138    489 5.296916E-05 4.522576E-05 4.836466E-05 5.343805E-14 0.000000E+00
  6124   4803   5534 1.130451E-05 1.170384E-05 1.133247E-05 1.153696E-15 0.000000E+00
  6125     39    381 6.960328E-05 2.888752E-05 4.851039E-05 4.277876E-14 0.000000E+00
  6126    187   1260 9.507477E-05 1.637389E-05 5.489263E-05 1.268358E-14 0.000000E+00
  6127    187   6716 3.990696E-05 1.668641E-05 2.787435E-05 1.500512E-15 0.000000E+00
  6128   2406   3280 2.492284E-05 1.463331E-05 1.948288E-05 1.033372E-15 0.000000E+00
  6129    266   2415 2.860730E-05 1.117220E-05 1.959289E-05 5.315494E-15 0.000000E+00
  6130   2415   6616 8.211395E-06 7.499644E-06 7.738273E-06 9.909043E-17 0.000000E+00
  6131    135   2415 3.849677E-05 2.790314E-06 2.033543E-05 6.808928E-15 0.000000E+00
  6132    619    939 1.703420E-05 1.046938E-05 1.354654E-05 7.615807E-15 0.000000E+00
  6133    718    830 1.633930E-05 1.967152E-05 1.773667E-05 4.777574E-15 0.000000E+00
  6134   6237   6239 6.104240E-06 5.851767E-06 5.888779E-06 1.868562E-15 0.000000E+00
  6135   1426   3815 2.124551E-05 1.283304E-05 1.678496E-05 1.783628E-15 0.000000E+00
  6136    223    548 9.521268E-05 3.952301E-05 6.636235E-05 8.245740E-15 0.000000E+00
  6137    958   4271 3.010580E-05 8.821125E-06 1.917296E-05 1.323565E-15 0.000000E+00
  6138    263   1471 2.898115E-05 2.169988E-05 2.496230E-05 8.705802E-16 0.000000E+00
  6139     41   6090 1.114200E-04 5.640208E-06 5.765653E-05 2.385248E-15 0.000000E+00
  6140   2244   6128 1.295487E-05 5.930659E-06 9.301827E-06 7.998013E-16 0.000000E+00
  6141    808   1688 1.886250E-05 1.863918E-05 1.847098E-05 7.191134E-15 0.000000E+00
  6142   1010   2393 9.184522E-06 1.187573E-05 1.037296E-05 3.885761E-15 0.000000E+00
  6143    399   2551 5.101564E-05 1.246037E-05 3.126430E-05 7.021265E-15 0.000000E+00
  6144   1445   2089 1.414477E-05 1.788262E-05 1.577468E-05 1.769472E-16 0.000000E+00
  6145    639   1127 1.888655E-05 2.378956E-05 2.101958E-05 1.794245E-14 0.000000E+00
  6146   1127   1489 1.280261E-05 2.263586E-05 1.745477E-05 1.232260E-14 0.000000E+00
  6147   1059   1489 2.597889E-05 2.383074E-05 2.453310E-05 1.375941E-14 0.000000E+00
  6148    619   6638 2.433224E-05 1.023049E-05 1.702343E-05 3.496477E-15 0.000000E+00
  6149     25     28 3.715742E-05 4.429478E-05 4.011825E-05 1.117570E-12 0.000000E+00
  6150    830    881 2.856365E-05 4.529678E-05 3.637902E-05 1.251371E-14 0.000000E+00
  6151    206   1116 7.608851E-05 1.470866E-05 4.472100E-05 1.887673E-14 0.000000E+00
  6152    471    829 3.790245E-05 1.281860E-05 2.498201E-05 1.182007E-15 0.000000E+00
  6153    223   2872 8.236527E-05 8.264238E-06 4.463841E-05 8.075870E-15 0.000000E+00
  6154   1010   1500 1.812390E-05 1.080432E-05 1.424822E-05 4.388291E-16 0.000000E+00
  6155    787   3237 3.894660E-05 6.884155E-06 2.257336E-05 3.312452E-15 0.000000E+00
  6156    488   3571 3.260494E-05 7.107505E-06 1.955986E-05 2.937324E-15 0.000000E+00
  6157    520   2578 3.903171E-05 1.093440E-05 2.461017E-05 1.043988E-14 0.000000E+00
  6158    516    717 2.064955E-05 3.005120E-05 2.497201E-05 9.073852E-15 0.000000E+00
  6159    779   6308 2.988116E-05 1.360721E-05 2.141965E-05 4.600627E-16 0.000000E+00
  6160    397    516 2.804704E-05 2.719421E-05 2.720838E-05 1.089287E-14 0.000000E+00
  6161    228   1939 4.778075E-05 5.241691E-05 4.935109E-05 1.988887E-15 0.000000E+00
  6162    500    533 1.941380E-05 3.497492E-05 2.678848E-05 3.071096E-14 0.000000E+00
  6163    451    535 3.401737E-05 1.803431E-05 2.563740E-05 1.923770E-14 0.000000E+00
  6164    104   1203 4.196358E-05 2.269898E-05 3.184872E-05 8.719958E-15 0.000000E+00
  6165    877   1716 1.978353E-05 1.914894E-05 1.917569E-05 1.008599E-14 0.000000E+00
  6166    580   2770 2.449759E-05 1.526870E-05 1.958638E-05 2.257846E-15 0.000000E+00
  6167    854    877 1.555711E-05 1.790784E-05 1.648274E-05 7.884767E-15 0.000000E+00
  6168   1033   1127 2.585449E-05 1.460094E-05 1.992581E-05 1.154404E-14 0.000000E+00
  6169     24    695 8.079399E-05 2.981086E-05 5.447702E-05 2.482923E-14 0.000000E+00
  6170    939   2275 2.820531E-05 5.995887E-06 1.684537E-05 6.334710E-15 0.000000E+00
  6171    939   5372 1.387271E-05 4.847211E-06 9.220259E-06 2.434793E-15 0.000000E+00
  6172   3948   6203 6.809871E-06 7.110508E-06 6.856306E-06 3.751281E-16 0.000000E+00
  6173   2614   3948 7.954629E-06 7.961248E-06 7.839163E-06 7.148667E-16 0.000000E+00
  6174   1107   5035 5.331010E-05 8.151914E-06 3.027234E-05 1.613758E-15 0.000000E+00
  6175   4135   6214 1.523501E-05 7.544666E-06 1.121984E-05 1.656226E-15 0.000000E+00
  6176   4135   6187 1.163560E-05 6.885182E-06 9.122174E-06 1.217397E-15 0.000000E+00
  6177   2416   4135 1.718368E-05 2.147708E-05 1.904187E-05 3.036414E-15 0.000000E+00
  6178   1455   1982 1.420674E-05 1.344751E-05 1.362075E-05 3.277062E-15 0.000000E+00
  6179    191    361 2.974062E-05 1.386714E-05 2.147845E-05 3.480198E-14 0.000000E+00
  6180   1426   4954 1.939206E-05 9.742487E-06 1.434985E-05 4.692640E-15 0.000000E+00
  6181    255    642 4.969958E-05 2.575665E-05 3.716501E-05 4.607705E-15 0.000000E+00
  6182    361   5690 1.520755E-05 6.810346E-06 1.084464E-05 9.201254E-16 0.000000E+00
  6183    274   5690 3.121767E-05 1.143912E-05 2.101006E-05 1.245708E-15 0.000000E+00
  6184    191   5690 3.779807E-05 6.737487E-06 2.193543E-05 3.963617E-16 0.000000E+00
  6185    223    255 8.529974E-05 3.888024E-05 6.116327E-05 8.139571E-15 0.000000E+00
  6186   2749   2872 7.278854E-06 7.672876E-06 7.364285E-06 2.916090E-15 0.000000E+00
  6187    445    614 1.241438E-05 9.746775E-06 1.091520E-05 2.465228E-14 0.000000E+00
  6188    309   3728 3.906575E-05 1.068002E-05 2.450165E-05 8.656257E-15 0.000000E+00
  6189   1792   2089 1.373873E-05 1.390719E-05 1.361665E-05 9.059697E-16 0.000000E+00
  6190    516   4407 1.867225E-05 3.714290E-06 1.102621E-05 2.802844E-15 0.000000E+00
  6191    500   2578 3.202544E-05 2.153899E-05 2.638248E-05 1.238630E-15 0.000000E+00
  6192    580   1889 3.487622E-05 1.623416E-05 2.517377E-05 3.461087E-15 0.000000E+00
  6193    466    639 5.510039E-05 2.012292E-05 3.705028E-05 1.236507E-14 0.000000E+00
  6194    498   2314 2.502005E-05 1.926297E-05 2.181104E-05 7.856456E-16 0.000000E+00
  6195   3221   3970 7.245586E-06 1.316605E-05 1.005349E-05 2.236613E-15 0.000000E+00
  6196   2770   6533 1.413433E-05 6.527644E-06 1.017679E-05 8.422687E-16 0.000000E+00
  6197    287    588 2.541527E-05 1.397709E-05 1.940221E-05 7.392146E-14 0.000000E+00
  6198    781   1127 2.576382E-05 1.402982E-05 1.959985E-05 1.182715E-14 0.000000E+00
  6199    374   2076 2.070862E-05 2.042894E-05 2.026178E-05 2.781610E-15 0.000000E+00
  6200      2   4691 1.791847E-04 5.448553E-06 9.093876E-05 4.211343E-15 0.000000E+00
  6201    305    598 3.197405E-05 2.611580E-05 2.861142E-05 6.258269E-14 0.000000E+00
  6202    468   3428 2.725829E-05 9.520629E-06 1.811499E-05 2.158756E-15 0.000000E+00
  6203    411   6662 2.270237E-05 7.996099E-06 1.512014E-05 3.517710E-15 0.000000E+00
  6204   2406   6660 1.972172E-05 1.098028E-05 1.512188E-05 1.918108E-15 0.000000E+00
  6205     88   5068 3.947702E-05 6.986285E-06 2.288491E-05 3.107193E-15 0.000000E+00
  6206   1982   5059 1.788163E-05 7.156443E-06 1.233219E-05 1.274020E-15 0.000000E+00
  6207   4097   6237 1.256602E-05 1.441797E-05 1.329062E-05 1.734083E-15 0.000000E+00
  6208   3815   4954 9.956538E-06 9.929395E-06 9.794564E-06 3.128426E-15 0.000000E+00
  6209   5005   5006 9.116202E-06 7.627559E-06 8.246927E-06 5.166858E-16 0.000000E+00
  6210   5005   5579 8.159006E-06 1.550071E-05 1.165329E-05 2.831155E-16 0.000000E+00
  6211     78    198 5.549632E-05 2.393306E-05 3.912193E-05 1.686024E-13 0.000000E+00
  6212   5579   6085 6.090988E-06 5.752293E-06 5.833258E-06 1.755316E-15 0.000000E+00
  6213     88   6117 2.911287E-05 6.214095E-06 1.739985E-05 5.648155E-15 0.000000E+00
  6214    198    425 2.740542E-05 1.342265E-05 2.010935E-05 1.564213E-14 0.000000E+00
  6215     87   3728 3.980172E-05 1.633632E-05 2.765008E-05 3.970695E-15 0.000000E+00
  6216    354   2774 3.291693E-05 8.831728E-06 2.056277E-05 3.885761E-15 0.000000E+00
  6217    787   6399 2.614919E-05 5.634091E-06 1.565445E-05 3.666346E-15 0.000000E+00
  6218    831   1380 1.522893E-05 1.282767E-05 1.381892E-05 1.571999E-14 0.000000E+00
  6219     87    520 4.728231E-05 2.863515E-05 3.739218E-05 2.812045E-14 0.000000E+00
  6220    855   2289 2.117911E-05 1.404261E-05 1.734801E-05 1.663304E-15 0.000000E+00
  6221   1993   3419 1.519660E-05 8.952473E-06 1.189432E-05 1.981809E-16 0.000000E+00
  6222    449   4345 3.002049E-05 8.744984E-06 1.909344E-05 3.779592E-15 0.000000E+00
  6223    663   6328 3.010477E-05 8.609921E-06 1.906843E-05 5.662310E-16 0.000000E+00
  6224   4264   4445 6.762576E-06 4.748844E-06 5.669804E-06 8.847360E-16 0.000000E+00
  6225    535   1203 3.235496E-05 1.617156E-05 2.390112E-05 9.611772E-15 0.000000E+00
  6226    357   1203 2.750576E-05 1.653645E-05 2.169243E-05 2.298190E-14 0.000000E+00
  6227    550    588 2.578405E-05 2.600088E-05 2.550601E-05 2.045510E-15 0.000000E+00
  6228   1712   1716 2.166685E-05 1.987840E-05 2.046258E-05 1.048235E-14 0.000000E+00
  6229     13    613 9.135237E-05 3.169015E-05 6.060303E-05 1.452383E-14 0.000000E+00
  6230     13   1946 1.605408E-04 1.052077E-05 8.425419E-05 8.252817E-15 0.000000E+00
  6231   3199   5323 1.046431E-05 6.360976E-06 8.287081E-06 1.606681E-15 0.000000E+00
  6232    101    135 2.045411E-05 1.746649E-05 1.867731E-05 1.115334E-13 0.000000E+00
  6233    881   5035 1.518714E-05 9.419309E-06 1.211960E-05 1.606681E-15 0.000000E+00
  6234   2100   3158 1.986675E-05 4.047988E-06 1.177890E-05 2.689597E-16 0.000000E+00
  6235    718   6192 1.754071E-05 6.169728E-06 1.167827E-05 2.250768E-15 0.000000E+00
  6236    471   4954 3.513011E-05 1.107636E-05 2.275841E-05 4.848353E-15 0.000000E+00
  6237    285   1455 2.345819E-05 1.524481E-05 1.906267E-05 3.298296E-15 0.000000E+00
  6238    354    524 2.437234E-05 3.189998E-05 2.771622E-05 3.511340E-14 0.000000E+00
  6239   1010   1015 1.435919E-05 2.764580E-05 2.068903E-05 1.080086E-14 0.000000E+00
  6240    309   1218 4.483546E-05 1.504955E-05 2.949560E-05 7.927235E-16 0.000000E+00
  6241    423   2914 2.958025E-05 1.360350E-05 2.126961E-05 1.472201E-15 0.000000E+00
  6242    351    488 4.953906E-05 3.572272E-05 4.199461E-05 5.018223E-15 0.000000E+00
  6243   1717   6328 1.485577E-05 6.742659E-06 1.063803E-05 6.865551E-16 0.000000E+00
  6244   1379   1717 1.972126E-05 1.206564E-05 1.565623E-05 5.096079E-16 0.000000E+00
  6245    443   2089 2.416686E-05 6.763516E-06 1.523436E-05 4.034396E-15 0.000000E+00
  6246    351   4456 3.430308E-05 5.162801E-06 1.943842E-05 4.812964E-16 0.000000E+00
  6247   3970   6121 1.333127E-05 4.682355E-06 8.872385E-06 1.981809E-15 0.000000E+00
  6248    351   1889 2.427772E-05 1.757202E-05 2.061256E-05 3.185050E-15 0.000000E+00
  6249   2111   3970 1.593784E-05 8.244666E-06 1.191079E-05 5.973737E-15 0.000000E+00
  6250    632   2987 4.038384E-05 6.195521E-06 2.294207E-05 6.370099E-16 0.000000E+00
  6251    580   4952 2.281203E-05 1.206099E-05 1.717626E-05 3.822060E-15 0.000000E+00
  6252   2770   4169 1.457811E-05 5.104644E-06 9.694488E-06 5.520753E-16 0.000000E+00
  6253     13     19 9.421359E-05 6.096034E-05 7.642895E-05 1.201273E-12 0.000000E+00
  6254    365    598 3.650508E-05 1.560174E-05 2.566456E-05 1.521746E-15 0.000000E+00
  6255    402   2406 4.303557E-05 1.287055E-05 2.753585E-05 2.158756E-15 0.000000E+00
  6256    206   3948 2.551432E-05 8.220009E-06 1.661542E-05 5.449974E-15 0.000000E+00
  6257    658    881 1.390939E-05 9.749314E-06 1.165280E-05 2.518313E-14 0.000000E+00
  6258    124   6177 1.010100E-04 1.867284E-05 5.894826E-05 4.890821E-15 0.000000E+00
  6259   5035   5068 6.638284E-06 5.073164E-06 5.768325E-06 1.203241E-15 0.000000E+00
  6260   4135   5029 2.026762E-05 9.510573E-06 1.466687E-05 1.535902E-15 0.000000E+00
  6261    206   6237 4.616840E-05 1.429679E-05 2.978136E-05 8.281129E-16 0.000000E+00
  6262    108    206 7.372512E-05 8.394988E-05 7.766082E-05 1.016385E-14 0.000000E+00
  6263    718   3370 1.698787E-05 1.121382E-05 1.389038E-05 1.712849E-15 0.000000E+00
  6264    361   1192 3.049317E-05 2.004070E-05 2.488982E-05 1.773719E-14 0.000000E+00
  6265    471    664 3.091961E-05 1.680846E-05 2.350785E-05 3.361997E-14 0.000000E+00
  6266     41   1471 8.588502E-05 2.277763E-05 5.352041E-05 5.308416E-14 0.000000E+00
  6267     88    664 4.142058E-05 1.276269E-05 2.668729E-05 3.319529E-15 0.000000E+00
  6268    958   1688 2.969676E-05 1.232245E-05 2.069603E-05 2.555118E-15 0.000000E+00
  6269    198   1908 4.707275E-05 9.546784E-06 2.788723E-05 7.686586E-15 0.000000E+00
  6270    663   4425 2.385667E-05 7.792826E-06 1.558856E-05 7.077888E-16 0.000000E+00
  6271    663   4423 2.399393E-05 8.974622E-06 1.623824E-05 2.484339E-15 0.000000E+00
  6272   1015   1614 2.992988E-05 1.730513E-05 2.326500E-05 1.198994E-14 0.000000E+00
  6273    488   6308 3.100818E-05 7.691462E-06 1.906102E-05 7.785677E-16 0.000000E+00
  6274   2289   6286 1.280944E-05 4.310933E-06 8.432421E-06 1.755316E-15 0.000000E+00
  6275    228    873 4.014265E-05 1.156508E-05 2.546799E-05 5.584454E-15 0.000000E+00
  6276    423    500 3.560540E-05 2.912533E-05 3.188230E-05 3.061894E-14 0.000000E+00
  6277   1379   1438 1.991404E-05 1.538795E-05 1.738755E-05 3.942384E-15 0.000000E+00
  6278    451   4264 2.198461E-05 5.922524E-06 1.374530E-05 2.526806E-15 0.000000E+00
  6279    423   6121 3.579834E-05 4.748659E-06 1.997091E-05 2.951479E-15 0.000000E+00
  6280   1379   2339 1.534071E-05 8.284852E-06 1.163647E-05 5.676466E-15 0.000000E+00
  6281   1033   5023 3.906444E-05 5.365376E-06 2.188334E-05 4.034396E-16 0.000000E+00
  6282    588   3221 3.576417E-05 1.208977E-05 2.356985E-05 9.059697E-16 0.000000E+00
  6283    138    498 4.710487E-05 3.807002E-05 4.195181E-05 1.039034E-14 0.000000E+00
  6284   4169   6533 8.449888E-06 6.220823E-06 7.225873E-06 1.691615E-15 0.000000E+00
  6285     24   1745 5.466087E-05 6.538265E-06 3.014286E-05 3.693242E-14 0.000000E+00
  6286    374   4876 2.389263E-05 5.569702E-06 1.451130E-05 2.555118E-15 0.000000E+00
  6287    158   2968 5.685528E-05 9.356693E-06 3.261187E-05 7.545029E-15 0.000000E+00
  6288    930   1075 1.966335E-05 2.916439E-05 2.404948E-05 3.255828E-16 0.000000E+00
  6289    158    365 3.751057E-05 2.194251E-05 2.928286E-05 5.466253E-14 0.000000E+00
  6290    377   2301 1.482064E-05 1.617846E-05 1.526821E-05 3.114271E-16 0.000000E+00
  6291    411    468 2.333185E-05 1.107509E-05 1.694670E-05 5.047950E-14 0.000000E+00
  6292    261    479 4.211426E-05 2.952508E-05 3.528505E-05 2.905473E-14 0.000000E+00
  6293    479   6660 3.411706E-05 1.117712E-05 2.230908E-05 2.682520E-15 0.000000E+00
  6294    101   6680 4.641936E-05 1.452088E-05 3.001534E-05 2.477261E-16 0.000000E+00
  6295   3948   5029 1.278240E-05 1.390915E-05 1.314658E-05 2.010120E-15 0.000000E+00
  6296    124    830 9.374661E-05 2.058451E-05 5.631234E-05 1.932263E-15 0.000000E+00
  6297   2416   4981 1.165450E-05 5.093784E-06 8.249157E-06 1.486356E-15 0.000000E+00
  6298    326   1426 4.368619E-05 1.554875E-05 2.917542E-05 1.054605E-15 0.000000E+00
  6299   4954   5000 1.669220E-05 9.638767E-06 1.296899E-05 1.634992E-15 0.000000E+00
  6300    361    492 3.130670E-05 1.451175E-05 2.256730E-05 2.664117E-14 0.000000E+00
  6301     44    191 9.105239E-05 4.988738E-05 6.941809E-05 1.175637E-14 0.000000E+00
  6302    223   1201 4.270915E-05 1.649842E-05 2.916194E-05 6.639059E-15 0.000000E+00
  6303    198    614 4.553349E-05 1.073512E-05 2.771439E-05 6.122373E-15 0.000000E+00
  6304   1194   2872 1.738086E-05 1.511307E-05 1.600447E-05 3.892838E-16 0.000000E+00
  6305   2838   5097 2.116260E-05 4.884249E-06 1.282905E-05 1.465123E-15 0.000000E+00
  6306    787   5106 4.117688E-05 8.292192E-06 2.436537E-05 2.321547E-15 0.000000E+00
  6307    445   4425 2.347336E-05 1.034328E-05 1.665596E-05 5.662310E-16 0.000000E+00
  6308    663   4419 2.164920E-05 6.431412E-06 1.383075E-05 2.264924E-16 0.000000E+00
  6309   2434   2914 2.375058E-05 1.271881E-05 1.796254E-05 1.974731E-15 0.000000E+00
  6310    451    516 2.121028E-05 2.528120E-05 2.289879E-05 1.960575E-14 0.000000E+00
  6311    648   6313 3.698448E-05 5.072018E-06 2.071440E-05 2.321547E-15 0.000000E+00
  6312    533   1005 3.617630E-05 1.617795E-05 2.578642E-05 1.076547E-14 0.000000E+00
  6313    423   3028 3.030368E-05 1.526138E-05 2.244249E-05 1.033372E-15 0.000000E+00
  6314   2339   3970 1.459743E-05 1.464077E-05 1.440090E-05 3.107193E-15 0.000000E+00
  6315    287   6669 2.673089E-05 4.180562E-06 1.522504E-05 3.234595E-15 0.000000E+00
  6316    143   1732 6.101407E-05 1.730861E-05 3.857684E-05 2.675442E-15 0.000000E+00
  6317    138   2059 4.761848E-05 2.165697E-05 3.412074E-05 1.819725E-14 0.000000E+00
  6318    150    357 4.465853E-05 3.483435E-05 3.915321E-05 3.057648E-15 0.000000E+00
  6319    100    715 6.145392E-05 2.176831E-05 4.099005E-05 1.907491E-14 0.000000E+00
  6320   4094   5677 2.069250E-05 1.063881E-05 1.543184E-05 2.123366E-15 0.000000E+00
  6321    619   2406 1.903437E-05 7.518716E-06 1.307839E-05 2.456027E-15 0.000000E+00
  6322   5369   6680 1.302893E-05 7.062162E-06 9.895612E-06 2.102133E-15 0.000000E+00
  6323    124    718 9.183665E-05 1.649616E-05 5.335795E-05 5.124391E-15 0.000000E+00
  6324    830   5059 2.087801E-05 1.449290E-05 1.742149E-05 4.006085E-15 0.000000E+00
  6325    191    274 5.011704E-05 2.492449E-05 3.696076E-05 3.839754E-14 0.000000E+00
  6326    492   2997 1.504152E-05 1.541980E-05 1.500334E-05 4.006085E-15 0.000000E+00
  6327    223    242 5.809523E-05 3.845910E-05 4.755661E-05 1.581837E-13 0.000000E+00
  6328   1993   6308 1.006279E-05 4.970456E-06 7.404435E-06 2.774532E-15 0.000000E+00
  6329    516   4418 2.090003E-05 8.543642E-06 1.450211E-05 3.305374E-15 0.000000E+00
  6330    500   1005 3.371727E-05 3.758874E-05 3.512087E-05 4.058461E-14 0.000000E+00
  6331   1438   1889 1.597008E-05 1.704777E-05 1.626253E-05 2.052588E-16 0.000000E+00
  6332    423   1343 2.850751E-05 1.731778E-05 2.257066E-05 6.511657E-16 0.000000E+00
  6333   1732   2314 2.291490E-05 8.424344E-06 1.543575E-05 4.834198E-15 0.000000E+00
  6334    138    351 4.045354E-05 3.990073E-05 3.957747E-05 2.877161E-14 0.000000E+00
  6335   2059   2770 1.736705E-05 1.211601E-05 1.452151E-05 5.803868E-15 0.000000E+00
  6336   2257   5239 1.415570E-05 1.251413E-05 1.313589E-05 1.656226E-15 0.000000E+00
  6337   4037   4094 1.238314E-05 1.372225E-05 1.285788E-05 9.767485E-16 0.000000E+00
  6338    261   2406 3.321129E-05 2.087717E-05 2.664058E-05 1.513960E-14 0.000000E+00
  6339   3933   5372 8.786615E-06 4.061539E-06 6.328195E-06 1.266942E-15 0.000000E+00
  6340   3874   5029 2.206049E-05 1.516512E-05 1.833500E-05 2.548040E-16 0.000000E+00
  6341    658   5035 1.884430E-05 9.466329E-06 1.394404E-05 1.613758E-15 0.000000E+00
  6342    108    198 8.179608E-05 3.020817E-05 5.516627E-05 1.179530E-13 0.000000E+00
  6343    471   6117 3.029619E-05 8.871944E-06 1.929177E-05 4.742185E-16 0.000000E+00
  6344    191    492 5.336756E-05 2.259459E-05 3.741419E-05 1.146618E-15 0.000000E+00
  6345    274    354 2.605137E-05 2.792125E-05 2.658353E-05 1.648440E-14 0.000000E+00
  6346   6127   6128 8.469102E-06 9.602577E-06 8.900976E-06 1.741160E-15 0.000000E+00
  6347    976   1194 2.572788E-05 1.540828E-05 2.026109E-05 1.366032E-15 0.000000E+00
  6348     87    309 4.060949E-05 4.071836E-05 4.005700E-05 4.480303E-15 0.000000E+00
  6349    610   6354 3.887044E-05 7.316639E-06 2.274886E-05 1.627914E-15 0.000000E+00
  6350    831    999 1.849072E-05 2.969893E-05 2.373520E-05 1.528824E-15 0.000000E+00
  6351    445   3157 1.865449E-05 1.143719E-05 1.482127E-05 9.484370E-16 0.000000E+00
  6352   3923   6308 1.095046E-05 7.524424E-06 9.099570E-06 6.370099E-17 0.000000E+00
  6353   2980   4345 8.075750E-06 9.307027E-06 8.561667E-06 8.564244E-16 0.000000E+00
  6354   4210   6286 1.297397E-05 9.449823E-06 1.104456E-05 1.415578E-16 0.000000E+00
  6355    443   6286 2.642869E-05 9.449823E-06 1.767151E-05 2.264924E-16 0.000000E+00
  6356    423    798 2.634445E-05 8.340020E-06 1.708340E-05 8.790737E-15 0.000000E+00
  6357    216    873 4.794121E-05 1.225592E-05 2.964934E-05 7.813988E-15 0.000000E+00
  6358   4400   6328 1.216020E-05 7.909632E-06 9.885142E-06 1.401422E-15 0.000000E+00
  6359    443    648 2.727081E-05 1.878340E-05 2.268342E-05 4.798808E-15 0.000000E+00
  6360   1379   3501 1.384246E-05 6.054650E-06 9.800070E-06 2.880700E-15 0.000000E+00
  6361    466   1135 3.626413E-05 2.321577E-05 2.929607E-05 1.695154E-14 0.000000E+00
  6362   1716   3331 2.525641E-05 2.044214E-05 2.250824E-05 2.109211E-15 0.000000E+00
  6363    287   1005 3.967795E-05 1.615916E-05 2.750186E-05 4.536926E-15 0.000000E+00
  6364    250   2314 2.572026E-05 1.393780E-05 1.953308E-05 1.667550E-14 0.000000E+00
  6365    498    632 2.776569E-05 3.474267E-05 3.078770E-05 5.591532E-15 0.000000E+00
  6366    580   5300 2.700391E-05 6.302074E-06 1.640444E-05 3.560178E-15 0.000000E+00
  6367    854   1712 3.142397E-05 1.369215E-05 2.222137E-05 8.748270E-15 0.000000E+00
  6368     39    486 4.783284E-05 2.373691E-05 3.525077E-05 3.121349E-14 0.000000E+00
  6369    187    769 5.696732E-05 1.409005E-05 3.499841E-05 2.330041E-14 0.000000E+00
  6370    266    411 4.417503E-05 2.679224E-05 3.495403E-05 7.363835E-14 0.000000E+00
  6371    881   6207 3.339519E-05 1.007121E-05 2.140882E-05 3.822060E-16 0.000000E+00
  6372    261    326 3.243975E-05 3.139583E-05 3.144141E-05 3.790917E-14 0.000000E+00
  6373    223   6091 7.935837E-05 3.542541E-06 4.083179E-05 4.218421E-15 0.000000E+00
  6374   6104   6151 4.461717E-06 3.964795E-06 4.150372E-06 7.785677E-16 0.000000E+00
  6375    191    354 4.611674E-05 2.333872E-05 3.420941E-05 4.747139E-14 0.000000E+00
  6376    309    614 3.503415E-05 1.398812E-05 2.414530E-05 6.186074E-15 0.000000E+00
  6377    787    976 3.864273E-05 1.295494E-05 2.541378E-05 4.841275E-15 0.000000E+00
  6378   1380   2169 1.468833E-05 2.069796E-05 1.742907E-05 2.576351E-15 0.000000E+00
  6379   1135   1704 1.398808E-05 1.175826E-05 1.268103E-05 6.320554E-15 0.000000E+00
  6380   1059   1607 1.688982E-05 1.052768E-05 1.350414E-05 6.667370E-15 0.000000E+00
  6381   2301   4094 1.097900E-05 1.857493E-05 1.455641E-05 6.773539E-15 0.000000E+00
  6382    411   1842 3.917960E-05 1.529156E-05 2.682908E-05 3.439854E-15 0.000000E+00
  6383    619   5592 2.196232E-05 5.298384E-06 1.342691E-05 2.024276E-15 0.000000E+00
  6384    326    454 2.463419E-05 3.799685E-05 3.084812E-05 6.844318E-15 0.000000E+00
  6385    427   3158 2.076493E-05 9.942554E-06 1.512458E-05 2.887778E-15 0.000000E+00
  6386    229    326 2.485514E-05 3.210384E-05 2.805443E-05 3.695365E-14 0.000000E+00
  6387     59    229 7.172982E-05 2.321107E-05 4.676193E-05 6.209431E-14 0.000000E+00
  6388    206   2416 3.545088E-05 1.474597E-05 2.472382E-05 2.640052E-15 0.000000E+00
  6389    206    219 4.554079E-05 2.240636E-05 3.346651E-05 1.264535E-13 0.000000E+00
  6390   5059   6245 1.626220E-05 7.019615E-06 1.146716E-05 1.649148E-15 0.000000E+00
  6391    219   5648 3.542412E-05 8.669047E-06 2.171753E-05 1.019216E-15 0.000000E+00
  6392    976   2838 1.524405E-05 1.787300E-05 1.631139E-05 4.522770E-15 0.000000E+00
  6393    354   2393 2.944177E-05 1.690980E-05 2.282988E-05 4.175954E-16 0.000000E+00
  6394    717   6354 1.949739E-05 4.878987E-06 1.200628E-05 6.483345E-15 0.000000E+00
  6395    309    445 2.995206E-05 1.326162E-05 2.128435E-05 1.651271E-14 0.000000E+00
  6396    216   2089 2.387601E-05 1.672334E-05 1.999669E-05 2.901934E-15 0.000000E+00
  6397    488   4039 3.843839E-05 7.455838E-06 2.260462E-05 2.087977E-15 0.000000E+00
  6398    216    250 4.251862E-05 4.923410E-05 4.519164E-05 1.394344E-14 0.000000E+00
  6399    451    472 2.006120E-05 1.209153E-05 1.583642E-05 4.871003E-14 0.000000E+00
  6400    228    535 6.601623E-05 2.359438E-05 4.413657E-05 3.354919E-14 0.000000E+00
  6401   1489   1607 1.201964E-05 1.236453E-05 1.201011E-05 5.471207E-15 0.000000E+00
  6402    715   6526 2.967325E-05 1.974341E-05 2.433955E-05 4.105175E-15 0.000000E+00
  6403    187    408 3.063794E-05 1.170577E-05 2.085586E-05 8.991749E-14 0.000000E+00
  6404    658   5068 1.830617E-05 8.526222E-06 1.321595E-05 2.760376E-16 0.000000E+00
  6405    219    539 4.352713E-05 3.970172E-05 4.099331E-05 1.415578E-16 0.000000E+00
  6406   4981   5055 9.836660E-06 8.601365E-06 9.081415E-06 1.210319E-15 0.000000E+00
  6407     59    191 8.426202E-05 2.710845E-05 5.485411E-05 9.758284E-14 0.000000E+00
  6408    223   6145 7.528706E-05 1.459495E-05 4.427024E-05 3.170894E-15 0.000000E+00
  6409     41   1908 9.438436E-05 8.355648E-06 5.060329E-05 1.096365E-14 0.000000E+00
  6410     41    318 5.902946E-05 1.959314E-05 3.872456E-05 2.033265E-13 0.000000E+00
  6411   1380   3579 1.583932E-05 7.186783E-06 1.134121E-05 2.831155E-15 0.000000E+00
  6412   3419   6293 1.353066E-05 4.837402E-06 9.046955E-06 2.901934E-15 0.000000E+00
  6413    216    228 4.745308E-05 4.654049E-05 4.629534E-05 5.554019E-14 0.000000E+00
  6414   1438   4400 7.266488E-06 6.835174E-06 6.945595E-06 2.364015E-15 0.000000E+00
  6415    423   3044 4.200621E-05 4.552958E-06 2.293213E-05 4.154720E-15 0.000000E+00
  6416    639   3162 2.510271E-05 7.216847E-06 1.591859E-05 1.627914E-15 0.000000E+00
  6417    580   2059 1.894620E-05 2.831001E-05 2.327544E-05 6.440878E-15 0.000000E+00
  6418    138    363 5.347221E-05 4.087123E-05 4.646766E-05 2.889902E-14 0.000000E+00
  6419      2   1745 2.106278E-04 2.308947E-05 1.151145E-04 4.437836E-14 0.000000E+00
  6420     10   5751 6.731543E-05 5.639159E-06 3.593285E-05 1.599603E-15 0.000000E+00
  6421     24   5558 4.424709E-05 2.734454E-06 2.314016E-05 1.031248E-14 0.000000E+00
  6422     42    109 3.867742E-05 2.525841E-05 3.149078E-05 1.293909E-13 0.000000E+00
  6423   3749   6662 1.365783E-05 8.145321E-06 1.073887E-05 1.642070E-15 0.000000E+00
  6424   3933   4111 1.065687E-05 8.641493E-06 9.505163E-06 4.175954E-16 0.000000E+00
  6425    454    619 2.902741E-05 1.936216E-05 2.383367E-05 1.415578E-14 0.000000E+00
  6426    454    939 4.220290E-05 1.382039E-05 2.759356E-05 1.840251E-16 0.000000E+00
  6427    881   6666 2.301883E-05 9.708696E-06 1.611953E-05 2.866545E-15 0.000000E+00
  6428    939   3933 1.281114E-05 8.120206E-06 1.030947E-05 3.185050E-15 0.000000E+00
  6429    409   6145 3.938669E-05 1.065503E-05 2.464741E-05 4.558160E-15 0.000000E+00
  6430    492   1192 2.129826E-05 1.648599E-05 1.861015E-05 1.889796E-15 0.000000E+00
  6431   1201   1688 1.129178E-05 8.677919E-06 9.835824E-06 5.598609E-15 0.000000E+00
  6432    228    419 2.682808E-05 1.884181E-05 2.249413E-05 1.464415E-14 0.000000E+00
  6433   1010   1614 1.812606E-05 2.231435E-05 1.991841E-05 5.025300E-15 0.000000E+00
  6434    798   4329 1.883377E-05 9.714551E-06 1.406111E-05 4.657250E-15 0.000000E+00
  6435   2884   5015 9.104096E-06 9.991318E-06 9.405204E-06 1.875640E-15 0.000000E+00
  6436    351    632 3.497528E-05 3.085219E-05 3.242249E-05 8.033403E-15 0.000000E+00
  6437    357   1732 2.403101E-05 2.593940E-05 2.461229E-05 4.784652E-15 0.000000E+00
  6438   1517   2764 2.197025E-05 7.006232E-06 1.427200E-05 4.636017E-15 0.000000E+00
  6439    942   1662 1.939634E-05 8.602087E-06 1.379027E-05 2.739143E-15 0.000000E+00
  6440      6   6447 1.094961E-04 6.319367E-06 5.704345E-05 6.469190E-15 0.000000E+00
  6441    187   2867 2.599641E-05 1.683685E-05 2.109698E-05 2.456027E-15 0.000000E+00
  6442    266   6662 4.711082E-05 4.882930E-06 2.560886E-05 4.636017E-15 0.000000E+00
  6443    135   5369 2.839430E-05 4.082444E-06 1.599601E-05 5.273027E-15 0.000000E+00
  6444    427    454 2.237375E-05 3.786541E-05 2.967004E-05 2.401527E-14 0.000000E+00
  6445     88   5556 3.858604E-05 1.237292E-05 2.509919E-05 9.838264E-16 0.000000E+00
  6446    612    718 2.057486E-05 2.109090E-05 2.052194E-05 4.926210E-15 0.000000E+00
  6447    285   2267 2.653431E-05 9.142101E-06 1.757197E-05 6.766461E-15 0.000000E+00
  6448   2416   6278 1.998536E-05 8.886693E-06 1.422056E-05 1.875640E-15 0.000000E+00
  6449   2838   6360 1.531070E-05 4.783039E-06 9.896918E-06 1.896874E-15 0.000000E+00
  6450    354   1015 3.784564E-05 3.422145E-05 3.549573E-05 2.627312E-14 0.000000E+00
  6451    717   6350 2.056763E-05 7.450449E-06 1.379995E-05 2.123366E-15 0.000000E+00
  6452   4423   4425 7.373018E-06 5.454777E-06 6.318168E-06 5.237637E-16 0.000000E+00
  6453    309   2914 3.992743E-05 9.549646E-06 2.436931E-05 2.052588E-15 0.000000E+00
  6454   4419   4423 8.011234E-06 4.962966E-06 6.390278E-06 1.925186E-15 0.000000E+00
  6455   3419   4210 1.559242E-05 9.183340E-06 1.220299E-05 3.170894E-15 0.000000E+00
  6456    318   6328 4.822257E-05 8.421310E-06 2.789923E-05 2.774532E-15 0.000000E+00
  6457    500    520 2.635094E-05 2.046181E-05 2.305702E-05 1.954913E-14 0.000000E+00
  6458    798   3501 1.499099E-05 1.300329E-05 1.378823E-05 1.550057E-15 0.000000E+00
  6459    228   4390 4.653320E-05 7.235416E-06 2.648305E-05 3.949462E-15 0.000000E+00
  6460    284   1379 2.694246E-05 1.430530E-05 2.031606E-05 8.932295E-15 0.000000E+00
  6461    588   5224 2.209801E-05 7.319232E-06 1.448909E-05 1.189085E-15 0.000000E+00
  6462   1712   2884 1.867465E-05 7.449446E-06 1.286709E-05 3.645112E-15 0.000000E+00
  6463    381   3679 2.051826E-05 1.104415E-05 1.554566E-05 5.910036E-15 0.000000E+00
  6464    942    955 1.084670E-05 1.726636E-05 1.384673E-05 5.492441E-15 0.000000E+00
  6465    930    942 1.599509E-05 1.172901E-05 1.365516E-05 5.591532E-16 0.000000E+00
  6466    365   1801 2.199133E-05 1.673847E-05 1.907587E-05 3.638034E-15 0.000000E+00
  6467   4094   6816 6.726345E-06 2.243456E-06 4.417962E-06 5.704778E-15 0.000000E+00
  6468    266   3749 4.850867E-05 1.227290E-05 2.993719E-05 1.769472E-15 0.000000E+00
  6469    135   5384 2.964213E-05 8.409851E-06 1.874202E-05 4.459069E-15 0.000000E+00
  6470    326    427 2.465104E-05 2.781524E-05 2.584160E-05 1.205364E-14 0.000000E+00
  6471    101   5029 2.987376E-05 9.029678E-06 1.916139E-05 3.404464E-15 0.000000E+00
  6472    229    261 1.958132E-05 3.282498E-05 2.581206E-05 7.522379E-14 0.000000E+00
  6473    285   6245 3.439751E-05 4.342439E-06 1.908087E-05 1.783628E-15 0.000000E+00
  6474    612    642 1.826122E-05 1.443803E-05 1.610560E-05 3.745618E-14 0.000000E+00
  6475     88    471 3.822242E-05 3.308507E-05 3.512160E-05 1.302331E-15 0.000000E+00
  6476   1201   6151 1.644974E-05 5.193917E-06 1.066031E-05 1.224475E-15 0.000000E+00
  6477    438    492 2.344550E-05 2.878701E-05 2.572646E-05 1.684537E-15 0.000000E+00
  6478    318    445 2.744917E-05 2.169765E-05 2.420664E-05 1.111228E-15 0.000000E+00
  6479    318   3157 1.283217E-05 9.209568E-06 1.085638E-05 6.624903E-15 0.000000E+00
  6480    318   4425 3.459874E-05 4.674093E-06 1.934334E-05 2.201223E-15 0.000000E+00
  6481    318   4419 2.837905E-05 8.155590E-06 1.799467E-05 1.061683E-15 0.000000E+00
  6482    228    999 2.261442E-05 2.465370E-05 2.328131E-05 9.307423E-15 0.000000E+00
  6483   4329   4419 1.109271E-05 1.339013E-05 1.205871E-05 2.831155E-16 0.000000E+00
  6484    488   2432 3.591752E-05 1.461672E-05 2.489000E-05 1.189085E-15 0.000000E+00
  6485    373    466 1.917822E-05 1.450963E-05 1.659253E-05 5.123683E-14 0.000000E+00
  6486   1135   1698 1.849367E-05 1.870485E-05 1.832166E-05 8.281129E-16 0.000000E+00
  6487   1698   1704 1.673081E-05 1.618650E-05 1.621300E-05 4.473225E-15 0.000000E+00
  6488    284   1889 2.280411E-05 2.329490E-05 2.270548E-05 2.944401E-15 0.000000E+00
  6489    276   2059 3.975252E-05 1.412162E-05 2.653502E-05 1.687368E-14 0.000000E+00
  6490    363   4169 2.674118E-05 8.984225E-06 1.759609E-05 3.822060E-16 0.000000E+00
  6491    381   3180 4.617850E-05 9.872473E-06 2.760719E-05 2.781610E-15 0.000000E+00
  6492     24   5906 5.542711E-05 8.183514E-06 3.133061E-05 2.038432E-15 0.000000E+00
  6493    633   1695 4.896752E-05 1.006277E-05 2.907462E-05 4.267966E-15 0.000000E+00
  6494    608   1311 2.628880E-05 1.350427E-05 1.959957E-05 7.346848E-15 0.000000E+00
  6495     11   1946 9.430626E-05 1.260309E-05 5.265685E-05 2.637929E-14 0.000000E+00
  6496    135    266 3.874544E-05 2.919613E-05 3.346376E-05 9.795797E-15 0.000000E+00
  6497    454   3348 3.467241E-05 4.842035E-06 1.946234E-05 4.296278E-15 0.000000E+00
  6498    939   4204 2.159390E-05 6.165180E-06 1.367238E-05 9.413591E-16 0.000000E+00
  6499    135   3826 2.453585E-05 1.947591E-05 2.167743E-05 1.366032E-15 0.000000E+00
  6500    101   5369 4.344434E-05 1.151739E-05 2.707070E-05 8.918139E-16 0.000000E+00
  6501     88   1098 3.614914E-05 2.162436E-05 2.845561E-05 1.401422E-15 0.000000E+00
  6502    108    219 8.958649E-05 3.938514E-05 6.352334E-05 1.632869E-14 0.000000E+00
  6503    108   5147 8.670825E-05 2.634135E-05 5.568114E-05 1.769472E-15 0.000000E+00
  6504    255    409 5.120898E-05 3.414230E-05 4.203869E-05 4.685562E-15 0.000000E+00
  6505    409   6091 3.978365E-05 9.806638E-06 2.442507E-05 4.034396E-16 0.000000E+00
  6506   1192   6127 2.676640E-05 1.145838E-05 1.882713E-05 1.316487E-15 0.000000E+00
  6507     41    445 7.663708E-05 2.211899E-05 4.864105E-05 1.252786E-15 0.000000E+00
  6508    354   1010 3.216170E-05 1.919462E-05 2.529490E-05 2.661286E-15 0.000000E+00
  6509    717   2169 1.491966E-05 2.837090E-05 2.132221E-05 3.022258E-15 0.000000E+00
  6510    999   2980 2.045203E-05 1.176829E-05 1.586971E-05 1.140248E-14 0.000000E+00
  6511   2432   3923 2.656130E-05 1.192319E-05 1.895505E-05 1.479279E-15 0.000000E+00
  6512    228   1265 2.888448E-05 1.839822E-05 2.328849E-05 9.484370E-15 0.000000E+00
  6513    520   2434 2.788004E-05 1.496805E-05 2.110428E-05 4.402446E-15 0.000000E+00
  6514    466   2133 2.603539E-05 1.621786E-05 2.081130E-05 4.855431E-15 0.000000E+00
  6515    516   3505 2.979844E-05 7.126686E-06 1.818700E-05 6.575358E-15 0.000000E+00
  6516   1265   4390 1.717366E-05 6.760455E-06 1.178844E-05 1.132462E-16 0.000000E+00
  6517    945   1135 3.163334E-05 2.311762E-05 2.696689E-05 8.521777E-15 0.000000E+00
  6518   1012   1357 2.183556E-05 1.173171E-05 1.653314E-05 1.562090E-14 0.000000E+00
  6519    580   4169 2.357001E-05 9.106905E-06 1.609460E-05 1.337721E-15 0.000000E+00
  6520    363    588 3.816729E-05 2.993205E-05 3.354147E-05 1.734790E-14 0.000000E+00
  6521     39   5777 3.676867E-05 5.187027E-06 2.066475E-05 4.501537E-15 0.000000E+00
  6522   2596   4919 8.202728E-06 4.476107E-06 6.244800E-06 1.627914E-15 0.000000E+00
  6523    937   1662 2.747449E-05 1.825936E-05 2.252563E-05 1.322149E-14 0.000000E+00
  6524   1031   4598 1.472739E-05 7.886700E-06 1.113828E-05 3.546022E-15 0.000000E+00
  6525    468    479 3.018073E-05 2.875535E-05 2.902822E-05 2.368969E-14 0.000000E+00
  6526   2946   6638 1.222777E-05 9.385048E-06 1.064512E-05 4.034396E-16 0.000000E+00
  6527   3348   6638 1.566965E-05 9.385048E-06 1.234037E-05 1.698693E-16 0.000000E+00
  6528   3826   5369 1.504606E-05 1.115185E-05 1.290345E-05 4.027318E-15 0.000000E+00
  6529   5050   6278 5.736714E-06 4.224599E-06 4.906318E-06 1.075839E-15 0.000000E+00
  6530    242   1194 3.202114E-05 9.245352E-06 2.032529E-05 2.321547E-15 0.000000E+00
  6531    419   6363 3.202504E-05 9.501898E-06 2.045357E-05 1.054605E-15 0.000000E+00
  6532    228   1196 3.008550E-05 3.159369E-05 3.037930E-05 3.595567E-15 0.000000E+00
  6533    351   1655 4.164236E-05 1.046918E-05 2.566688E-05 2.802844E-15 0.000000E+00
  6534    351   6161 3.760680E-05 8.808611E-06 2.286132E-05 8.974762E-15 0.000000E+00
  6535   3028   3970 8.774997E-06 1.526141E-05 1.183883E-05 1.854407E-15 0.000000E+00
  6536   3331   5015 1.005869E-05 5.975474E-06 7.897426E-06 8.988918E-16 0.000000E+00
  6537    351   2022 2.031769E-05 1.336827E-05 1.659159E-05 1.082917E-14 0.000000E+00
  6538    588   3859 3.510332E-05 9.722966E-06 2.207862E-05 1.642070E-15 0.000000E+00
  6539    486   5777 1.899858E-05 1.104949E-05 1.479980E-05 1.415578E-16 0.000000E+00
  6540   2764   3679 1.009543E-05 9.921956E-06 9.859311E-06 1.295254E-15 0.000000E+00
  6541    374    525 2.725269E-05 1.645860E-05 2.152944E-05 2.952187E-14 0.000000E+00
  6542     28    109 6.572240E-05 2.431562E-05 4.434708E-05 3.483949E-13 0.000000E+00
  6543    266    387 3.050930E-05 1.646092E-05 2.313458E-05 3.014472E-14 0.000000E+00
  6544    101   5076 4.514707E-05 8.896885E-06 2.661866E-05 3.786670E-15 0.000000E+00
  6545    191    229 1.781723E-05 1.741363E-05 1.735251E-05 8.043312E-14 0.000000E+00
  6546    361   4034 2.480861E-05 9.651294E-06 1.697279E-05 6.653215E-16 0.000000E+00
  6547    219   1471 4.349257E-05 2.383274E-05 3.316023E-05 2.852389E-15 0.000000E+00
  6548    198   5147 4.150136E-05 2.263906E-05 3.159155E-05 8.026325E-15 0.000000E+00
  6549    664   5148 1.211147E-05 6.012833E-06 8.926895E-06 1.557135E-16 0.000000E+00
  6550     78    309 6.934846E-05 2.517031E-05 4.655402E-05 3.289095E-14 0.000000E+00
  6551    717   1614 3.504071E-05 2.503631E-05 2.959017E-05 4.324590E-15 0.000000E+00
  6552   1614   3505 1.815437E-05 1.067593E-05 1.420000E-05 2.038432E-15 0.000000E+00
  6553    999   1265 1.891202E-05 1.553393E-05 1.696592E-05 8.408531E-15 0.000000E+00
  6554    318   4400 5.080481E-05 1.234266E-05 3.110249E-05 1.458045E-15 0.000000E+00
  6555    373    945 2.178929E-05 2.698977E-05 2.402551E-05 1.862900E-14 0.000000E+00
  6556   2432   4039 9.289558E-06 9.308208E-06 9.160094E-06 3.829137E-15 0.000000E+00
  6557    466    945 3.742096E-05 2.994857E-05 3.318201E-05 4.098097E-15 0.000000E+00
  6558    588   2111 3.514240E-05 1.021138E-05 2.233843E-05 3.262906E-15 0.000000E+00
  6559     39   3180 8.943150E-05 1.264664E-05 5.027730E-05 3.836215E-15 0.000000E+00
  6560     39    415 5.228272E-05 1.630017E-05 3.377963E-05 6.138652E-14 0.000000E+00
  6561     34    415 8.029814E-05 1.507643E-05 4.697554E-05 8.748270E-15 0.000000E+00
  6562    930    955 1.598495E-05 1.307827E-05 1.431472E-05 1.221643E-14 0.000000E+00
  6563    139    715 7.363621E-05 2.950244E-05 5.079963E-05 1.012138E-15 0.000000E+00
  6564   2946   3348 1.155331E-05 1.212849E-05 1.166417E-05 3.836215E-15 0.000000E+00
  6565    387   5351 2.556674E-05 1.971458E-05 2.230274E-05 1.642070E-15 0.000000E+00
  6566    658   6207 3.173077E-05 3.919884E-06 1.755928E-05 9.909043E-16 0.000000E+00
  6567   5029   6278 1.408458E-05 8.265690E-06 1.100834E-05 5.874647E-16 0.000000E+00
  6568     88   1783 4.243740E-05 1.589985E-05 2.873327E-05 3.015180E-15 0.000000E+00
  6569    471   5556 2.818107E-05 7.842867E-06 1.774313E-05 4.154720E-15 0.000000E+00
  6570    236   1194 7.411464E-05 1.306419E-05 4.293883E-05 5.379195E-15 0.000000E+00
  6571     41   4423 7.558948E-05 5.999326E-06 4.018553E-05 3.538944E-15 0.000000E+00
  6572    318   5106 4.245622E-05 1.119764E-05 2.642653E-05 1.627914E-16 0.000000E+00
  6573    999   2169 2.367239E-05 1.728738E-05 2.017421E-05 6.278087E-15 0.000000E+00
  6574    318   4423 2.761722E-05 7.448920E-06 1.727138E-05 6.511657E-16 0.000000E+00
  6575    216   1993 5.335696E-05 1.256528E-05 3.246916E-05 2.717909E-15 0.000000E+00
  6576   1265   2980 1.199144E-05 8.358120E-06 1.002292E-05 8.068792E-16 0.000000E+00
  6577    545   1655 1.761986E-05 1.086432E-05 1.402952E-05 1.108397E-14 0.000000E+00
  6578    228    472 6.026957E-05 2.854113E-05 4.374258E-05 5.605687E-15 0.000000E+00
  6579   1135   4417 1.378589E-05 7.189050E-06 1.033094E-05 1.684537E-15 0.000000E+00
  6580    216    648 4.076409E-05 5.273973E-05 4.605412E-05 3.482321E-15 0.000000E+00
  6581    472    535 1.935908E-05 4.317259E-05 3.079918E-05 3.246627E-14 0.000000E+00
  6582    284    351 2.370255E-05 3.227130E-05 2.756921E-05 2.512650E-15 0.000000E+00
  6583    250    535 5.848155E-05 2.306292E-05 4.016370E-05 5.669388E-15 0.000000E+00
  6584    588   6669 3.905684E-05 1.624145E-05 2.723647E-05 1.613758E-15 0.000000E+00
  6585    351   1102 3.569468E-05 1.630242E-05 2.561051E-05 7.028343E-15 0.000000E+00
  6586    284    580 3.095686E-05 1.571985E-05 2.299002E-05 1.106982E-14 0.000000E+00
  6587   1712   5418 2.219886E-05 5.681918E-06 1.373232E-05 3.340763E-15 0.000000E+00
  6588      2   5906 1.743763E-04 0.000000E+00 8.588685E-05 1.727005E-14 0.000000E+00
  6589    892    937 3.106386E-05 2.894427E-05 2.955624E-05 9.172943E-15 0.000000E+00
  6590    408    769 3.206264E-05 1.569367E-05 2.352176E-05 1.494850E-14 0.000000E+00
  6591    658   6666 2.087685E-05 9.999617E-06 1.520781E-05 8.847360E-16 0.000000E+00
  6592    124   3826 8.754860E-05 1.019737E-05 4.814354E-05 2.080899E-15 0.000000E+00
  6593    219   5147 4.438314E-05 2.190756E-05 3.265064E-05 4.692640E-15 0.000000E+00
  6594    458   5135 3.025053E-05 5.681821E-06 1.769803E-05 1.627914E-16 0.000000E+00
  6595    368   6360 3.875105E-05 4.323890E-06 2.121601E-05 2.095055E-15 0.000000E+00
  6596   1006   3923 2.634563E-05 9.544078E-06 1.767702E-05 8.351908E-16 0.000000E+00
  6597    545   1993 1.457800E-05 1.275425E-05 1.346215E-05 1.698693E-15 0.000000E+00
  6598    472    516 2.062635E-05 3.063592E-05 2.524859E-05 2.679688E-14 0.000000E+00
  6599    284   2339 2.425594E-05 1.394680E-05 1.881628E-05 1.988887E-15 0.000000E+00
  6600   3180   5751 1.428607E-05 8.462877E-06 1.120470E-05 3.468165E-16 0.000000E+00
  6601     19     34 1.008611E-04 7.975601E-05 8.896066E-05 9.647161E-15 0.000000E+00
  6602    525    633 1.621890E-05 2.987403E-05 2.270249E-05 1.612343E-14 0.000000E+00
  6603   1311   6561 1.860459E-05 5.361042E-06 1.180397E-05 1.054605E-15 0.000000E+00
  6604      2   1311 1.976814E-04 1.861936E-05 1.065362E-04 3.400217E-14 0.000000E+00
  6605    100    139 3.731345E-05 3.301351E-05 3.463865E-05 1.875003E-13 0.000000E+00
  6606    454    468 2.943101E-05 3.019867E-05 2.936984E-05 1.601726E-14 0.000000E+00
  6607    454   4204 3.635596E-05 5.991148E-06 2.085753E-05 3.701735E-15 0.000000E+00
  6608   2946   4111 1.751480E-05 6.568757E-06 1.186205E-05 1.599603E-15 0.000000E+00
  6609    206   4004 4.374006E-05 8.018636E-06 2.549309E-05 7.998013E-15 0.000000E+00
  6610    326    471 5.397108E-05 2.177439E-05 3.730747E-05 7.545029E-15 0.000000E+00
  6611    285   6149 3.165508E-05 5.786193E-06 1.844122E-05 3.397386E-15 0.000000E+00
  6612    642   1688 2.176076E-05 2.245511E-05 2.177796E-05 2.109211E-15 0.000000E+00
  6613    354    750 2.634558E-05 1.318957E-05 1.947254E-05 3.040661E-14 0.000000E+00
  6614   1908   5147 1.320990E-05 1.082982E-05 1.184046E-05 6.299320E-16 0.000000E+00
  6615    223   6169 6.566411E-05 1.033156E-05 3.743071E-05 3.843293E-15 0.000000E+00
  6616    228   6379 3.034118E-05 6.586526E-06 1.818827E-05 4.565238E-15 0.000000E+00
  6617    242   2289 3.092056E-05 1.714589E-05 2.367452E-05 2.456027E-15 0.000000E+00
  6618    466    514 1.861138E-05 3.963476E-05 2.868840E-05 3.267861E-14 0.000000E+00
  6619   2111   6669 1.623758E-05 1.624145E-05 1.599714E-05 3.114271E-16 0.000000E+00
  6620    588    684 2.522243E-05 2.931351E-05 2.686099E-05 1.026294E-14 0.000000E+00
  6621    138    632 4.866574E-05 1.269568E-05 3.022279E-05 3.648651E-14 0.000000E+00
  6622   1422   1712 2.058857E-05 2.105702E-05 2.051200E-05 5.527831E-15 0.000000E+00
  6623    411    454 4.303639E-05 3.854247E-05 4.018063E-05 3.364120E-14 0.000000E+00
  6624   3348   4204 1.282266E-05 9.984905E-06 1.123358E-05 3.114271E-16 0.000000E+00
  6625    101    207 3.062548E-05 2.023049E-05 2.504846E-05 7.862118E-14 0.000000E+00
  6626    207   5029 3.088817E-05 1.038496E-05 2.032855E-05 4.841275E-15 0.000000E+00
  6627    285   5076 4.389626E-05 6.964235E-06 2.505069E-05 4.848353E-15 0.000000E+00
  6628    206   4961 3.949443E-05 1.344479E-05 2.607454E-05 7.898923E-15 0.000000E+00
  6629    285   6228 2.302795E-05 7.047997E-06 1.481353E-05 1.415578E-15 0.000000E+00
  6630    255   1404 5.731227E-05 2.454868E-05 4.031957E-05 1.089995E-15 0.000000E+00
  6631    548   4961 3.169479E-05 1.063143E-05 2.084724E-05 6.794772E-16 0.000000E+00
  6632   6143   6169 8.872835E-06 7.504612E-06 8.066504E-06 1.542980E-15 0.000000E+00
  6633    492    865 3.536122E-05 1.478610E-05 2.469943E-05 1.042573E-14 0.000000E+00
  6634    419    458 2.059804E-05 2.069250E-05 2.033713E-05 6.717624E-14 0.000000E+00
  6635    831   2169 1.974474E-05 1.250147E-05 1.588246E-05 3.121349E-15 0.000000E+00
  6636   1196   6379 3.184840E-05 7.839711E-06 1.954788E-05 2.102133E-15 0.000000E+00
  6637    216    545 4.513796E-05 1.652558E-05 3.037159E-05 3.600522E-14 0.000000E+00
  6638    318   2432 5.493222E-05 2.264098E-05 3.820770E-05 5.761401E-15 0.000000E+00
  6639   2240   3968 1.062279E-05 8.023287E-06 9.183890E-06 4.211343E-15 0.000000E+00
  6640   1655   2432 1.459430E-05 1.986525E-05 1.697261E-05 1.153696E-15 0.000000E+00
  6641   1698   3331 1.580534E-05 1.059510E-05 1.300321E-05 6.596592E-15 0.000000E+00
  6642   2111   3044 1.301988E-05 1.143034E-05 1.204264E-05 6.511657E-16 0.000000E+00
  6643    652   3044 2.912927E-05 1.073983E-05 1.963702E-05 2.264924E-16 0.000000E+00
  6644    632   1102 1.718685E-05 2.871881E-05 2.261025E-05 1.833881E-14 0.000000E+00
  6645    892   4008 3.066621E-05 1.153710E-05 2.078670E-05 8.153727E-15 0.000000E+00
  6646    387   1532 2.484356E-05 2.064604E-05 2.240532E-05 7.226524E-15 0.000000E+00
  6647   1532   1559 2.646348E-05 2.261141E-05 2.417121E-05 2.243690E-15 0.000000E+00
  6648    427    658 3.073850E-05 2.000048E-05 2.499084E-05 6.285165E-15 0.000000E+00
  6649    658   3229 1.650615E-05 1.172783E-05 1.390629E-05 7.813988E-15 0.000000E+00
  6650   1330   6278 1.902505E-05 9.045703E-06 1.382590E-05 2.689597E-16 0.000000E+00
  6651    326   4034 4.078586E-05 1.908643E-05 2.948934E-05 1.802738E-14 0.000000E+00
  6652   4004   6228 1.168068E-05 1.126152E-05 1.129989E-05 1.500512E-15 0.000000E+00
  6653    285   1330 2.364438E-05 1.014654E-05 1.664329E-05 2.585552E-14 0.000000E+00
  6654   4004   4961 1.248401E-05 1.317415E-05 1.263760E-05 9.130476E-16 0.000000E+00
  6655    471    566 1.421943E-05 1.501491E-05 1.439900E-05 2.872207E-14 0.000000E+00
  6656    471   1192 3.113209E-05 1.824692E-05 2.432101E-05 5.775557E-15 0.000000E+00
  6657    664   1192 2.493634E-05 2.916135E-05 2.664513E-05 4.982833E-15 0.000000E+00
  6658    236    368 2.078749E-05 1.816535E-05 1.918573E-05 5.296384E-14 0.000000E+00
  6659   1194   1401 1.045999E-05 1.854809E-05 1.428756E-05 5.308416E-15 0.000000E+00
  6660    865   6357 1.514934E-05 5.953609E-06 1.039399E-05 2.264924E-15 0.000000E+00
  6661    309   5087 2.150649E-05 1.133995E-05 1.617810E-05 2.625896E-15 0.000000E+00
  6662    318   4389 5.549105E-05 1.567361E-05 3.505125E-05 3.680502E-15 0.000000E+00
  6663    798   4389 1.900691E-05 1.668957E-05 1.758185E-05 9.909043E-16 0.000000E+00
  6664    216   6333 2.598530E-05 4.873262E-06 1.519899E-05 2.243690E-15 0.000000E+00
  6665    652   2111 2.930293E-05 1.298391E-05 2.082784E-05 1.748238E-15 0.000000E+00
  6666    250   1203 4.744782E-05 2.032018E-05 3.337827E-05 2.916090E-14 0.000000E+00
  6667    276    363 3.613777E-05 3.801509E-05 3.652305E-05 2.334287E-14 0.000000E+00
  6668     14     27 5.154660E-05 2.537899E-05 3.788872E-05 1.153186E-12 0.000000E+00
  6669   1283   1580 2.817169E-05 7.919522E-06 1.777627E-05 1.213858E-14 0.000000E+00
  6670      2   1979 2.159383E-04 1.388375E-05 1.131960E-04 1.315779E-14 0.000000E+00
  6671    305   1175 2.484943E-05 2.992272E-05 2.697733E-05 1.465123E-14 0.000000E+00
  6672    266   1532 5.020962E-05 1.901914E-05 3.409775E-05 1.370987E-14 0.000000E+00
  6673    427   3933 2.798526E-05 1.103734E-05 1.922008E-05 9.484370E-16 0.000000E+00
  6674    387   3826 3.473166E-05 7.498758E-06 2.080006E-05 2.264924E-15 0.000000E+00
  6675    124   5020 8.236215E-05 5.751526E-06 4.339927E-05 1.790706E-15 0.000000E+00
  6676    427   5556 3.530665E-05 4.286429E-06 1.950107E-05 5.145625E-15 0.000000E+00
  6677   1330   6228 1.670837E-05 8.125868E-06 1.223179E-05 1.861485E-15 0.000000E+00
  6678    198    219 5.045194E-05 4.104170E-05 4.506403E-05 9.250800E-15 0.000000E+00
  6679    285   1919 2.552976E-05 9.428940E-06 1.721846E-05 5.004067E-15 0.000000E+00
  6680    566   6102 2.294574E-05 2.003048E-06 1.228821E-05 1.748238E-15 0.000000E+00
  6681    566   5148 1.879919E-05 5.439757E-06 1.193859E-05 2.010120E-15 0.000000E+00
  6682   1511   5147 1.270927E-05 1.048493E-05 1.142401E-05 5.740167E-15 0.000000E+00
  6683   1201   6169 1.632140E-05 1.654195E-05 1.618643E-05 1.082917E-15 0.000000E+00
  6684    865   6125 2.443716E-05 6.463328E-06 1.521965E-05 1.882718E-15 0.000000E+00
  6685    223    419 6.106178E-05 3.068488E-05 4.518865E-05 1.017093E-14 0.000000E+00
  6686    472   1265 2.613331E-05 1.292941E-05 1.923985E-05 9.887810E-15 0.000000E+00
  6687    284   4400 2.959667E-05 1.623260E-05 2.257263E-05 1.323565E-15 0.000000E+00
  6688    216    443 2.545978E-05 2.731518E-05 2.599364E-05 3.255828E-16 0.000000E+00
  6689   1012   1125 3.961998E-05 2.284404E-05 3.076586E-05 5.994971E-15 0.000000E+00
  6690    250    357 2.492059E-05 2.705509E-05 2.559996E-05 2.597585E-15 0.000000E+00
  6691   1127   4506 2.139135E-05 5.056580E-06 1.302659E-05 8.635023E-16 0.000000E+00
  6692    381    486 2.404433E-05 4.181064E-05 3.243603E-05 1.184131E-14 0.000000E+00
  6693    608   1979 3.125651E-05 6.374502E-06 1.853468E-05 6.830162E-15 0.000000E+00
  6694   6436   6526 1.146396E-05 1.001769E-05 1.058052E-05 2.477261E-15 0.000000E+00
  6695   1532   3749 1.821803E-05 5.771316E-06 1.181565E-05 1.578369E-15 0.000000E+00
  6696    135    387 3.390487E-05 1.314312E-05 2.317289E-05 4.459069E-14 0.000000E+00
  6697   1559   2946 2.170346E-05 1.729563E-05 1.920851E-05 3.751281E-16 0.000000E+00
  6698   3826   5020 1.242697E-05 8.355077E-06 1.023594E-05 5.733089E-16 0.000000E+00
  6699    427    471 3.007018E-05 3.132178E-05 3.023783E-05 1.309409E-15 0.000000E+00
  6700    229   4034 2.423249E-05 1.542431E-05 1.953245E-05 2.852389E-15 0.000000E+00
  6701    612   1404 2.378999E-05 2.336977E-05 2.322794E-05 1.811939E-15 0.000000E+00
  6702   1192   1823 1.851678E-05 1.594071E-05 1.697160E-05 1.182715E-14 0.000000E+00
  6703    368   1919 2.349806E-05 1.360818E-05 1.827621E-05 3.737125E-15 0.000000E+00
  6704    191    750 3.615973E-05 1.694177E-05 2.615447E-05 1.380896E-14 0.000000E+00
  6705    198   1511 3.150888E-05 1.198886E-05 2.142426E-05 7.750287E-15 0.000000E+00
  6706     41    368 5.603986E-05 3.847881E-05 4.655397E-05 5.386273E-15 0.000000E+00
  6707    368   1401 4.617164E-05 1.670176E-05 3.096749E-05 1.036911E-14 0.000000E+00
  6708    976   1006 1.349384E-05 1.217196E-05 1.264136E-05 8.238662E-15 0.000000E+00
  6709    242   3589 1.914523E-05 1.037730E-05 1.454095E-05 2.597585E-15 0.000000E+00
  6710     41   1006 3.968974E-05 2.438760E-05 3.156048E-05 4.129240E-14 0.000000E+00
  6711   2054   3247 2.082121E-05 6.176684E-06 1.329747E-05 3.560178E-15 0.000000E+00
  6712   1343   2739 2.174492E-05 9.349455E-06 1.531514E-05 7.297303E-15 0.000000E+00
  6713   2111   4951 9.921376E-06 7.362645E-06 8.513025E-06 1.819017E-15 0.000000E+00
  6714    138    276 3.584752E-05 1.704741E-05 2.605273E-05 1.156527E-13 0.000000E+00
  6715    839   5751 2.413595E-05 1.346856E-05 1.852162E-05 1.627914E-16 0.000000E+00
  6716    633    703 2.067522E-05 2.791690E-05 2.393343E-05 3.527619E-14 0.000000E+00
  6717   1453   1838 2.255223E-05 1.301789E-05 1.751961E-05 1.310825E-14 0.000000E+00
  6718    608   3328 2.631090E-05 1.027518E-05 1.802001E-05 5.372117E-15 0.000000E+00
  6719   1450   5403 1.621557E-05 1.353810E-05 1.465479E-05 3.397386E-16 0.000000E+00
  6720    411   3348 3.719297E-05 8.266759E-06 2.239061E-05 3.361997E-15 0.000000E+00
  6721   1532   2946 2.344366E-05 1.470552E-05 1.878990E-05 1.578369E-15 0.000000E+00
  6722    387    658 4.071417E-05 2.908032E-05 3.437639E-05 1.486356E-15 0.000000E+00
  6723    767   1265 1.511718E-05 1.689759E-05 1.576847E-05 1.312240E-14 0.000000E+00
  6724   1012   3901 2.016884E-05 1.122098E-05 1.546066E-05 1.358954E-15 0.000000E+00
  6725    250    478 2.626319E-05 2.955581E-05 2.749294E-05 1.797076E-14 0.000000E+00
  6726    357    478 2.434548E-05 1.806387E-05 2.088819E-05 2.821954E-14 0.000000E+00
  6727     39   3530 6.773309E-05 1.413766E-05 4.032440E-05 3.779592E-15 0.000000E+00
  6728    411   2946 3.628667E-05 4.408865E-06 2.004407E-05 1.401422E-15 0.000000E+00
  6729    206    207 4.604549E-05 5.020770E-05 4.740829E-05 3.695365E-14 0.000000E+00
  6730   1783   3229 1.203686E-05 1.090430E-05 1.129938E-05 4.883743E-16 0.000000E+00
  6731    612   1372 1.434395E-05 8.755100E-06 1.137714E-05 4.671406E-15 0.000000E+00
  6732    124    285 6.046966E-05 4.640347E-05 5.263900E-05 8.854438E-15 0.000000E+00
  6733    219   4961 4.075812E-05 9.582085E-06 2.479443E-05 2.781610E-15 0.000000E+00
  6734    642   1404 2.766600E-05 2.571113E-05 2.629023E-05 2.816999E-15 0.000000E+00
  6735    361   1823 4.517853E-05 2.159392E-05 3.288792E-05 3.043492E-15 0.000000E+00
  6736    409    642 2.070878E-05 3.185796E-05 2.589108E-05 1.224475E-15 0.000000E+00
  6737    285   6143 3.556705E-05 1.673519E-05 2.576080E-05 3.956539E-15 0.000000E+00
  6738    409   6169 2.878475E-05 2.861779E-06 1.558710E-05 4.048552E-15 0.000000E+00
  6739    458   2992 1.691198E-05 1.145650E-05 1.397254E-05 1.110521E-14 0.000000E+00
  6740    976   3589 1.873253E-05 1.375057E-05 1.599914E-05 2.548040E-15 0.000000E+00
  6741    717   6417 1.649599E-05 2.964411E-06 9.584974E-06 1.769472E-15 0.000000E+00
  6742   3968   4114 9.924751E-06 7.015481E-06 8.343696E-06 1.387266E-15 0.000000E+00
  6743    321   1196 3.906473E-05 2.057338E-05 2.937399E-05 3.064726E-15 0.000000E+00
  6744    228    767 3.601301E-05 2.634545E-05 3.071387E-05 2.144600E-15 0.000000E+00
  6745    228    321 4.970806E-05 4.185499E-05 4.509822E-05 1.271189E-14 0.000000E+00
  6746    250    632 4.352163E-05 3.142400E-05 3.691352E-05 9.555149E-16 0.000000E+00
  6747    652   4951 1.539537E-05 4.769557E-06 9.931978E-06 7.898923E-15 0.000000E+00
  6748    525   2455 2.132885E-05 1.521815E-05 1.800076E-05 5.081924E-15 0.000000E+00
  6749    387   1559 3.041397E-05 1.965127E-05 2.465900E-05 7.530873E-15 0.000000E+00
  6750    427   1559 2.787424E-05 2.386524E-05 2.548362E-05 2.314469E-15 0.000000E+00
  6751    135    207 3.098764E-05 2.774819E-05 2.892959E-05 4.080402E-14 0.000000E+00
  6752    124    658 8.036328E-05 3.059119E-05 5.464922E-05 2.209009E-14 0.000000E+00
  6753    471   1098 2.211019E-05 1.569662E-05 1.862127E-05 5.096079E-15 0.000000E+00
  6754    865   1192 2.268945E-05 3.876753E-05 3.026986E-05 4.671406E-16 0.000000E+00
  6755    976   1401 1.361009E-05 8.835022E-06 1.105506E-05 4.459069E-16 0.000000E+00
  6756    223    331 6.445387E-05 3.617432E-05 4.956314E-05 7.998013E-16 0.000000E+00
  6757    419    999 2.015121E-05 1.514978E-05 1.738706E-05 4.183032E-15 0.000000E+00
  6758    216    242 3.519450E-05 2.475665E-05 2.952818E-05 3.088083E-14 0.000000E+00
  6759   1319   2434 1.494671E-05 1.421367E-05 1.436258E-05 1.022755E-14 0.000000E+00
  6760    945   1698 1.676310E-05 1.411640E-05 1.520930E-05 9.533915E-15 0.000000E+00
  6761    381    400 1.829444E-05 1.713207E-05 1.744888E-05 4.274337E-14 0.000000E+00
  6762    892   1806 2.103037E-05 1.686220E-05 1.866351E-05 7.842300E-15 0.000000E+00
  6763    525    703 1.560109E-05 2.317796E-05 1.910013E-05 2.487878E-14 0.000000E+00
  6764    305   1197 5.299284E-05 1.448675E-05 3.323621E-05 3.404464E-15 0.000000E+00
  6765   1450   2883 1.111945E-05 8.210266E-06 9.520607E-06 1.911030E-15 0.000000E+00
  6766    261    454 2.531437E-05 2.918042E-05 2.684071E-05 1.580492E-14 0.000000E+00
  6767    658   5020 3.599225E-05 7.341013E-06 2.134325E-05 1.861485E-15 0.000000E+00
  6768    331    419 2.237247E-05 2.454382E-05 2.310802E-05 4.463316E-14 0.000000E+00
  6769    242    545 3.250855E-05 2.192173E-05 2.680894E-05 8.741192E-15 0.000000E+00
  6770   1319   4389 3.272498E-05 1.831624E-05 2.513970E-05 1.514668E-15 0.000000E+00
  6771    343    516 1.991408E-05 2.927292E-05 2.422643E-05 9.491448E-15 0.000000E+00
  6772   1041   2432 2.969189E-05 1.634494E-05 2.267486E-05 6.525813E-15 0.000000E+00
  6773    625    798 2.250510E-05 1.326377E-05 1.761750E-05 1.231553E-15 0.000000E+00
  6774    250    733 6.012159E-05 1.830926E-05 3.863012E-05 3.970695E-14 0.000000E+00
  6775    478   1203 2.766819E-05 2.825263E-05 2.754309E-05 9.024307E-15 0.000000E+00
  6776   1421   4506 1.220955E-05 4.311496E-06 8.137230E-06 1.047527E-15 0.000000E+00
  6777     14    839 6.901837E-05 1.276539E-05 4.028156E-05 1.472201E-14 0.000000E+00
  6778   1806   3377 1.390445E-05 6.497969E-06 1.004895E-05 2.746221E-15 0.000000E+00
  6779    937    955 1.457296E-05 2.106236E-05 1.755172E-05 4.876665E-15 0.000000E+00
  6780   1283   2023 2.229742E-05 7.932714E-06 1.488947E-05 1.097073E-14 0.000000E+00
  6781     11   3328 1.027362E-04 7.776204E-06 5.443148E-05 2.519728E-15 0.000000E+00
  6782   2173   2199 1.347598E-05 1.029660E-05 1.170888E-05 6.525813E-15 0.000000E+00
  6783    769   1260 1.583152E-05 1.904176E-05 1.717639E-05 1.059560E-14 0.000000E+00
  6784    285   1404 4.266357E-05 2.239779E-05 3.204515E-05 8.953528E-15 0.000000E+00
  6785    464    471 4.273305E-05 2.199831E-05 3.188261E-05 5.053612E-15 0.000000E+00
  6786   1192   6166 2.771899E-05 1.823828E-05 2.263567E-05 3.623879E-15 0.000000E+00
  6787     41    219 9.870316E-05 2.164996E-05 5.927840E-05 8.944327E-14 0.000000E+00
  6788    492   6166 3.436745E-05 2.108584E-05 2.731281E-05 5.520753E-16 0.000000E+00
  6789    223   5100 6.785322E-05 7.109270E-06 3.692182E-05 6.469190E-15 0.000000E+00
  6790    242   3198 2.238332E-05 3.160236E-06 1.258115E-05 1.470077E-14 0.000000E+00
  6791   1614   1738 1.343217E-05 2.509013E-05 1.897367E-05 4.919132E-15 0.000000E+00
  6792    351   1041 4.341884E-05 2.552278E-05 3.395632E-05 5.945426E-16 0.000000E+00
  6793    648   1159 6.462644E-05 2.443006E-05 4.386365E-05 2.172912E-15 0.000000E+00
  6794    138   3864 3.086319E-05 1.661429E-05 2.338443E-05 1.316487E-15 0.000000E+00
  6795    919   4506 2.021285E-05 4.642686E-06 1.224228E-05 2.420638E-15 0.000000E+00
  6796   2895   4681 6.757383E-06 1.067542E-05 8.586307E-06 2.080899E-15 0.000000E+00
  6797   1320   1541 2.486640E-05 1.666825E-05 2.045736E-05 7.877689E-15 0.000000E+00
  6798   1031   1453 2.287076E-05 2.108302E-05 2.164887E-05 1.191916E-14 0.000000E+00
  6799      6   1979 1.300061E-04 2.527595E-05 7.648222E-05 3.156738E-15 0.000000E+00
  6800   2173   5295 1.508339E-05 1.068224E-05 1.269054E-05 9.484370E-16 0.000000E+00
  6801    202   2316 3.797022E-05 8.054777E-06 2.266903E-05 5.237637E-15 0.000000E+00
  6802   2883   5444 1.224028E-05 7.731028E-06 9.836612E-06 6.129451E-15 0.000000E+00
  6803    411   1532 2.329789E-05 1.309795E-05 1.792631E-05 1.060975E-14 0.000000E+00
  6804    124    207 6.624370E-05 2.479648E-05 4.484069E-05 2.304631E-13 0.000000E+00
  6805    124   1404 5.721946E-05 1.316203E-05 3.466551E-05 1.185546E-14 0.000000E+00
  6806    612   1783 1.458283E-05 9.169674E-06 1.169899E-05 1.231553E-15 0.000000E+00
  6807   1098   1783 2.067413E-05 1.005150E-05 1.513352E-05 9.901965E-15 0.000000E+00
  6808    441   1098 4.177221E-05 1.475376E-05 2.784115E-05 4.657250E-15 0.000000E+00
  6809    566   1192 1.786353E-05 4.180852E-05 2.939071E-05 2.279080E-15 0.000000E+00
  6810    472    999 3.853898E-05 3.053245E-05 3.402026E-05 4.904976E-15 0.000000E+00
  6811    545   5539 1.838911E-05 1.631359E-05 1.709237E-05 2.852389E-15 0.000000E+00
  6812    500   2434 3.428611E-05 2.272392E-05 2.807957E-05 2.123366E-16 0.000000E+00
  6813    500   2337 3.991211E-05 1.455310E-05 2.682615E-05 5.308416E-16 0.000000E+00
  6814    514   4084 3.570329E-05 1.155501E-05 2.327648E-05 1.058852E-14 0.000000E+00
  6815    684   1005 1.682088E-05 2.536175E-05 2.077652E-05 1.293838E-14 0.000000E+00
  6816   1102   2022 3.593702E-05 1.167438E-05 2.345040E-05 5.145625E-15 0.000000E+00
  6817    347    684 3.607375E-05 1.713697E-05 2.620826E-05 1.135293E-14 0.000000E+00
  6818   1102   5190 3.642511E-05 3.344991E-06 1.958826E-05 1.252786E-15 0.000000E+00
  6819    745   1433 1.878512E-05 1.510409E-05 1.669170E-05 6.780617E-15 0.000000E+00
  6820   1412   1548 9.242822E-06 1.148999E-05 1.021168E-05 5.287182E-15 0.000000E+00
  6821     27    381 7.156293E-05 2.649875E-05 4.829904E-05 3.199205E-15 0.000000E+00
  6822     27     47 7.016043E-05 9.289412E-05 8.031045E-05 3.191774E-13 0.000000E+00
  6823   1136   1320 1.571625E-05 1.335707E-05 1.431970E-05 9.201254E-16 0.000000E+00
  6824    955   2023 1.682796E-05 5.931992E-06 1.121013E-05 3.652190E-15 0.000000E+00
  6825    158    743 6.703887E-05 4.004677E-05 5.274367E-05 9.640083E-15 0.000000E+00
  6826    305    809 4.232000E-05 1.736870E-05 2.939891E-05 1.676044E-14 0.000000E+00
  6827    124    387 9.876217E-05 2.716078E-05 6.202175E-05 6.045932E-14 0.000000E+00
  6828    409   6143 2.563060E-05 5.401256E-06 1.528435E-05 5.669388E-15 0.000000E+00
  6829    458    566 2.308697E-05 1.212218E-05 1.734182E-05 1.645609E-14 0.000000E+00
  6830    316   2169 4.632639E-05 1.124960E-05 2.835832E-05 3.609723E-16 0.000000E+00
  6831   1015   1738 4.214913E-05 3.233241E-05 3.668494E-05 1.564213E-15 0.000000E+00
  6832    321   6379 3.430134E-05 6.989302E-06 2.033718E-05 8.210350E-16 0.000000E+00
  6833   2337   4389 1.416956E-05 1.781243E-05 1.575233E-05 2.356937E-15 0.000000E+00
  6834    500    652 4.230155E-05 2.099212E-05 3.117450E-05 1.180592E-14 0.000000E+00
  6835    535    733 3.788890E-05 1.714891E-05 2.710817E-05 1.027002E-14 0.000000E+00
  6836    347   2739 2.868379E-05 1.522250E-05 2.162549E-05 2.130444E-15 0.000000E+00
  6837    400    486 2.266732E-05 3.148438E-05 2.667173E-05 4.253103E-14 0.000000E+00
  6838    486   5817 4.507128E-05 6.013896E-06 2.516135E-05 3.269984E-15 0.000000E+00
  6839     11    608 1.438081E-04 3.208744E-05 8.663511E-05 6.178996E-15 0.000000E+00
  6840    100   6722 3.220490E-05 1.842636E-05 2.493779E-05 1.104151E-15 0.000000E+00
  6841    454    479 2.105598E-05 6.084586E-05 4.033971E-05 4.119331E-15 0.000000E+00
  6842    427   3229 3.443830E-05 6.338329E-06 2.008401E-05 2.512650E-15 0.000000E+00
  6843    409    612 3.832126E-05 1.224844E-05 2.490746E-05 5.775557E-15 0.000000E+00
  6844    219    368 3.013796E-05 3.051215E-05 2.987244E-05 1.023463E-14 0.000000E+00
  6845    680   6143 2.560239E-05 4.766842E-06 1.495798E-05 4.883743E-16 0.000000E+00
  6846     41   1511 7.161690E-05 1.617588E-05 4.324122E-05 2.538838E-14 0.000000E+00
  6847    236   1401 6.423240E-05 1.566408E-05 3.935200E-05 3.963617E-15 0.000000E+00
  6848    458    865 2.715060E-05 2.912464E-05 2.771766E-05 2.802844E-15 0.000000E+00
  6849     41    309 6.611533E-05 2.291717E-05 4.385183E-05 2.085146E-14 0.000000E+00
  6850    656   2169 4.177291E-05 8.417818E-06 2.472081E-05 2.194145E-16 0.000000E+00
  6851   1738   6417 2.204771E-05 4.260017E-06 1.295754E-05 1.882718E-15 0.000000E+00
  6852    343   1738 3.076763E-05 1.373984E-05 2.192159E-05 2.184944E-14 0.000000E+00
  6853    520   1319 1.256431E-05 1.623212E-05 1.418332E-05 5.655233E-15 0.000000E+00
  6854    625   4389 2.727362E-05 5.568652E-06 1.617604E-05 4.168876E-15 0.000000E+00
  6855    545   1041 2.040606E-05 3.020268E-05 2.492669E-05 2.901934E-16 0.000000E+00
  6856   1655   5539 2.080669E-05 1.085113E-05 1.559266E-05 1.415578E-16 0.000000E+00
  6857    945   1382 2.033324E-05 3.050155E-05 2.503803E-05 1.935802E-14 0.000000E+00
  6858    472    733 4.117042E-05 2.609459E-05 3.313053E-05 2.399404E-15 0.000000E+00
  6859   1382   1698 3.459697E-05 1.664787E-05 2.524000E-05 1.309409E-15 0.000000E+00
  6860   1125   3847 1.216836E-05 5.053108E-06 8.482218E-06 2.364015E-15 0.000000E+00
  6861   1044   2641 1.696922E-05 4.419634E-06 1.053481E-05 6.313476E-15 0.000000E+00
  6862   3864   5190 1.579340E-05 7.316515E-06 1.138250E-05 1.040450E-15 0.000000E+00
  6863    919   1044 2.307029E-05 1.674264E-05 1.960936E-05 9.809953E-15 0.000000E+00
  6864    608   4267 3.329952E-05 5.564206E-06 1.914184E-05 2.045510E-15 0.000000E+00
  6865   1175   1197 1.589023E-05 1.377095E-05 1.460924E-05 1.337013E-14 0.000000E+00
  6866    658   1372 3.230108E-05 8.234446E-06 1.996526E-05 2.477261E-15 0.000000E+00
  6867    326    464 5.265981E-05 3.874317E-05 4.501937E-05 3.999007E-15 0.000000E+00
  6868    441   1783 5.412461E-05 1.219379E-05 3.266428E-05 1.705771E-15 0.000000E+00
  6869    441    612 6.191346E-05 1.363693E-05 3.721139E-05 2.158756E-15 0.000000E+00
  6870    409   1404 2.311582E-05 1.934654E-05 2.091430E-05 5.768479E-15 0.000000E+00
  6871   1874   4986 1.493531E-05 3.653067E-06 9.155467E-06 2.264924E-15 0.000000E+00
  6872    198    309 4.346051E-05 3.112015E-05 3.673376E-05 4.083941E-15 0.000000E+00
  6873    321   3537 3.617096E-05 1.521941E-05 2.531167E-05 1.182007E-15 0.000000E+00
  6874    419    767 2.105013E-05 1.427654E-05 1.739970E-05 5.591532E-15 0.000000E+00
  6875    373   1916 3.367722E-05 1.773526E-05 2.532256E-05 7.849378E-15 0.000000E+00
  6876    284   3040 3.060131E-05 5.699807E-06 1.787966E-05 7.346848E-15 0.000000E+00
  6877   2022   5190 1.503147E-05 7.702169E-06 1.119716E-05 4.034396E-16 0.000000E+00
  6878    276    580 3.245940E-05 2.420534E-05 2.790950E-05 5.435818E-15 0.000000E+00
  6879     31     55 3.593509E-05 7.026260E-05 5.230633E-05 1.077623E-12 0.000000E+00
  6880     24    415 7.067822E-05 1.851672E-05 4.393184E-05 5.425909E-14 0.000000E+00
  6881    658   1559 1.007894E-05 1.610361E-05 1.289588E-05 9.456058E-15 0.000000E+00
  6882    124    135 8.553834E-05 3.289742E-05 5.833403E-05 1.875640E-14 0.000000E+00
  6883    464   1823 3.397074E-05 1.345956E-05 2.336119E-05 1.727005E-15 0.000000E+00
  6884    458   1874 3.763361E-05 1.518868E-05 2.601695E-05 1.528824E-15 0.000000E+00
  6885   1192   6088 2.592753E-05 1.954033E-05 2.239462E-05 4.954522E-16 0.000000E+00
  6886    242   3537 5.094609E-05 2.104249E-05 3.545706E-05 4.098097E-15 0.000000E+00
  6887    316    656 2.135587E-05 3.206793E-05 2.631322E-05 5.919946E-14 0.000000E+00
  6888    354   1738 5.535653E-05 3.233241E-05 4.319008E-05 1.734083E-15 0.000000E+00
  6889   3493   6410 9.266953E-06 5.102324E-06 7.077405E-06 1.649148E-15 0.000000E+00
  6890    472    592 2.095761E-05 2.002639E-05 2.018615E-05 1.324981E-14 0.000000E+00
  6891   1422   1491 1.978137E-05 2.117111E-05 2.017063E-05 1.052482E-14 0.000000E+00
  6892    347    588 2.176320E-05 3.029817E-05 2.564217E-05 3.189296E-14 0.000000E+00
  6893    276   3864 2.962651E-05 7.699609E-06 1.838451E-05 4.020240E-15 0.000000E+00
  6894   3671   4747 7.174809E-06 8.099473E-06 7.523154E-06 9.130476E-16 0.000000E+00
  6895   1225   2455 1.790013E-05 1.187525E-05 1.466548E-05 3.553100E-15 0.000000E+00
  6896      2     11 2.484893E-04 1.794346E-04 2.107685E-04 2.386239E-13 0.000000E+00
  6897    207    234 3.254277E-05 2.659240E-05 2.912628E-05 6.146438E-14 0.000000E+00
  6898     41    198 8.917093E-05 4.362010E-05 6.540454E-05 1.905438E-13 0.000000E+00
  6899    471   1823 2.408734E-05 9.742609E-06 1.666251E-05 5.230559E-15 0.000000E+00
  6900   2736   6088 1.514084E-05 1.680075E-05 1.573243E-05 2.109211E-15 0.000000E+00
  6901    750   5138 1.761969E-05 8.042985E-06 1.263983E-05 1.811939E-15 0.000000E+00
  6902    316    865 2.332804E-05 1.467598E-05 1.871840E-05 2.315177E-14 0.000000E+00
  6903    331   5100 2.910543E-05 6.813796E-06 1.769156E-05 2.059665E-15 0.000000E+00
  6904    309    520 2.129378E-05 2.922135E-05 2.488058E-05 1.902536E-14 0.000000E+00
  6905   2169   3493 1.971400E-05 1.099623E-05 1.512594E-05 4.175954E-15 0.000000E+00
  6906    466   3987 2.637480E-05 1.407702E-05 1.992403E-05 1.925186E-15 0.000000E+00
  6907    259    284 5.382525E-05 2.614835E-05 3.938998E-05 3.715891E-14 0.000000E+00
  6908    535    592 4.262990E-05 1.667725E-05 2.921098E-05 1.747531E-14 0.000000E+00
  6909    339   3901 4.037640E-05 1.839307E-05 2.894616E-05 9.463136E-15 0.000000E+00
  6910    250   3745 4.108327E-05 2.896491E-06 2.166167E-05 4.544004E-15 0.000000E+00
  6911    250    650 5.981690E-05 1.458935E-05 3.664785E-05 3.515587E-14 0.000000E+00
  6912   2022   3145 1.462156E-05 1.604163E-05 1.510277E-05 2.831155E-16 0.000000E+00
  6913   1044   1421 1.581907E-05 1.783213E-05 1.657447E-05 9.413591E-15 0.000000E+00
  6914    919   1421 2.147803E-05 1.255587E-05 1.676296E-05 2.597585E-15 0.000000E+00
  6915    381   5851 2.468572E-05 8.565931E-06 1.637768E-05 1.479279E-15 0.000000E+00
  6916    381   5818 2.218285E-05 1.196193E-05 1.681758E-05 3.185050E-15 0.000000E+00
  6917    124   1372 6.315878E-05 1.153337E-05 3.678867E-05 1.249955E-14 0.000000E+00
  6918    236    285 5.274993E-05 3.991626E-05 4.564156E-05 4.812964E-15 0.000000E+00
  6919    865   6166 1.895876E-05 1.180963E-05 1.515458E-05 2.427716E-15 0.000000E+00
  6920    545   6390 2.243401E-05 5.965824E-06 1.398798E-05 5.025300E-15 0.000000E+00
  6921   2054   4397 7.850204E-06 6.075845E-06 6.859099E-06 1.578369E-15 0.000000E+00
  6922   3987   4084 2.310760E-05 6.192509E-06 1.443140E-05 1.252786E-15 0.000000E+00
  6923    514   3987 3.814616E-05 2.599767E-05 3.159323E-05 6.667370E-15 0.000000E+00
  6924    592    733 1.557921E-05 1.395165E-05 1.454505E-05 1.407084E-14 0.000000E+00
  6925    652   1005 1.596152E-05 3.160215E-05 2.342688E-05 3.149660E-15 0.000000E+00
  6926    969   6659 2.608970E-05 1.203683E-05 1.877874E-05 2.802844E-15 0.000000E+00
  6927   1385   5190 1.307841E-05 5.876073E-06 9.335792E-06 2.158756E-15 0.000000E+00
  6928    525   1225 2.248020E-05 1.597697E-05 1.894159E-05 1.089287E-14 0.000000E+00
  6929      2   4723 2.186753E-04 1.244377E-05 1.138348E-04 6.816006E-15 0.000000E+00
  6930   1796   6436 4.787888E-05 1.175806E-05 2.937342E-05 3.822060E-15 0.000000E+00
  6931    187    378 4.380887E-05 3.174636E-05 3.721377E-05 7.679508E-15 0.000000E+00
  6932    234   1330 3.218669E-05 1.064354E-05 2.109548E-05 6.830162E-15 0.000000E+00
  6933   1098   1874 1.280596E-05 1.509977E-05 1.374461E-05 1.649148E-15 0.000000E+00
  6934    285    447 3.117698E-05 2.773478E-05 2.901624E-05 3.333685E-15 0.000000E+00
  6935    458   4124 2.525754E-05 1.114020E-05 1.792724E-05 7.856456E-16 0.000000E+00
  6936    458   6131 1.378745E-05 4.848674E-06 9.178989E-06 1.995964E-15 0.000000E+00
  6937    447   3443 2.645060E-05 6.206953E-06 1.608506E-05 3.630957E-15 0.000000E+00
  6938    283    309 3.169627E-05 1.140080E-05 2.122692E-05 1.996672E-14 0.000000E+00
  6939   1916   2411 6.936337E-06 5.935422E-06 6.339822E-06 4.119331E-15 0.000000E+00
  6940    343   2169 1.998248E-05 1.651132E-05 1.797456E-05 4.133487E-15 0.000000E+00
  6941    216   1018 2.423057E-05 1.095788E-05 1.733163E-05 2.270586E-14 0.000000E+00
  6942    999   3493 3.169121E-05 1.314971E-05 2.208583E-05 1.981809E-16 0.000000E+00
  6943    318   1861 6.350140E-05 1.571588E-05 3.901747E-05 2.533884E-15 0.000000E+00
  6944    216   5539 4.769357E-05 2.121429E-05 3.393969E-05 1.415578E-15 0.000000E+00
  6945    250    321 5.883407E-05 4.558379E-05 5.142969E-05 3.036414E-15 0.000000E+00
  6946    284   3489 3.009244E-05 7.947881E-06 1.873628E-05 1.911030E-15 0.000000E+00
  6947    347   4951 3.449342E-05 1.090795E-05 2.236187E-05 1.918108E-15 0.000000E+00
  6948    514   2641 2.192935E-05 1.500987E-05 1.819395E-05 4.451992E-15 0.000000E+00
  6949    580   6757 2.844222E-05 4.006406E-06 1.598216E-05 7.148667E-16 0.000000E+00
  6950   3040   6757 8.551023E-06 4.989900E-06 6.669410E-06 8.635023E-16 0.000000E+00
  6951    400   5818 2.888172E-05 1.564098E-05 2.192909E-05 2.724987E-15 0.000000E+00
  6952    839   3671 3.121028E-05 1.040751E-05 2.049831E-05 1.634992E-15 0.000000E+00
  6953      2   2816 2.032440E-04 1.557119E-05 1.077747E-04 4.303356E-14 0.000000E+00
  6954     11     19 8.654329E-05 1.095294E-04 9.657310E-05 2.743248E-13 0.000000E+00
  6955    100    378 4.557204E-05 3.558103E-05 3.997092E-05 4.699718E-15 0.000000E+00
  6956    229    454 4.170395E-05 3.225278E-05 3.642645E-05 7.389315E-15 0.000000E+00
  6957    427    853 2.771139E-05 1.888004E-05 2.294802E-05 1.690200E-14 0.000000E+00
  6958    471   6271 2.802803E-05 5.920024E-06 1.672069E-05 6.299320E-16 0.000000E+00
  6959    191    676 3.184605E-05 9.845001E-06 2.053440E-05 1.615882E-14 0.000000E+00
  6960   1098   4979 1.990102E-05 5.779990E-06 1.264886E-05 1.210319E-15 0.000000E+00
  6961   1823   4325 1.305314E-05 7.139016E-06 9.945390E-06 3.609723E-16 0.000000E+00
  6962    865   2736 1.389970E-05 8.107032E-06 1.083914E-05 7.226524E-15 0.000000E+00
  6963    242   6372 4.053998E-05 6.351643E-06 2.309588E-05 2.576351E-15 0.000000E+00
  6964   3382   4389 1.711067E-05 1.979894E-05 1.817936E-05 7.785677E-16 0.000000E+00
  6965     41   4397 6.483113E-05 8.530135E-06 3.613316E-05 3.560178E-15 0.000000E+00
  6966    472   1051 2.766190E-05 2.491158E-05 2.589440E-05 1.275435E-14 0.000000E+00
  6967    625   2054 1.105922E-05 1.186399E-05 1.129054E-05 3.376153E-15 0.000000E+00
  6968   2206   4084 2.586238E-05 1.116187E-05 1.823582E-05 8.493466E-16 0.000000E+00
  6969    514   2206 2.636365E-05 2.516496E-05 2.537976E-05 5.874647E-16 0.000000E+00
  6970   1491   3980 1.576936E-05 1.095698E-05 1.316372E-05 2.222457E-15 0.000000E+00
  6971   3624   4853 5.043280E-06 7.589956E-06 6.222340E-06 1.698693E-16 0.000000E+00
  6972    695   5242 3.152143E-05 1.033040E-05 2.061359E-05 1.104151E-15 0.000000E+00
  6973     34    267 8.057260E-05 2.599299E-05 5.248753E-05 6.624903E-14 0.000000E+00
  6974    126   1453 6.525837E-05 1.391011E-05 3.899343E-05 7.771521E-15 0.000000E+00
  6975     13   4267 1.246261E-04 1.062095E-05 6.661420E-05 5.591532E-16 0.000000E+00
  6976      6   2836 1.474443E-04 1.455121E-05 7.978882E-05 3.064726E-15 0.000000E+00
  6977    378    408 2.536187E-05 1.989129E-05 2.228887E-05 6.113172E-14 0.000000E+00
  6978    454    600 3.098937E-05 1.755650E-05 2.391065E-05 4.301233E-14 0.000000E+00
  6979    229    676 3.093172E-05 7.998892E-06 1.917478E-05 1.145202E-14 0.000000E+00
  6980    219    236 1.913894E-05 2.779552E-05 2.311697E-05 4.911346E-14 0.000000E+00
  6981    642   1874 3.074624E-05 1.032844E-05 2.023081E-05 7.290225E-16 0.000000E+00
  6982   3198   6372 1.636274E-05 1.474789E-05 1.532315E-05 2.456027E-15 0.000000E+00
  6983     78    283 8.949182E-05 2.399671E-05 5.589733E-05 8.464446E-14 0.000000E+00
  6984    511   1401 2.258064E-05 2.357941E-05 2.273555E-05 2.951479E-15 0.000000E+00
  6985    242    511 2.534152E-05 2.300344E-05 2.381170E-05 1.230137E-14 0.000000E+00
  6986    545   1861 1.769984E-05 1.367892E-05 1.545521E-05 3.871605E-15 0.000000E+00
  6987    625   4397 1.258580E-05 6.964951E-06 9.629476E-06 1.939341E-15 0.000000E+00
  6988    343   1051 2.628642E-05 1.606564E-05 2.085997E-05 3.153907E-14 0.000000E+00
  6989    472   3322 4.119555E-05 7.869943E-06 2.416659E-05 3.850371E-15 0.000000E+00
  6990    339   2858 1.254259E-05 7.658603E-06 9.949842E-06 1.299500E-14 0.000000E+00
  6991    250    668 2.868156E-05 2.742633E-05 2.763523E-05 1.840959E-14 0.000000E+00
  6992    514    969 2.952374E-05 9.312970E-06 1.912853E-05 1.719219E-14 0.000000E+00
  6993    478    650 2.256383E-05 3.049796E-05 2.613491E-05 2.551579E-14 0.000000E+00
  6994    650   1203 2.530057E-05 3.449643E-05 2.945225E-05 2.038432E-15 0.000000E+00
  6995   1334   5817 3.428735E-05 7.277602E-06 2.047229E-05 9.413591E-16 0.000000E+00
  6996    301    626 3.609824E-05 1.590956E-05 2.561578E-05 3.058355E-14 0.000000E+00
  6997    158   1225 7.909675E-05 2.435519E-05 5.095394E-05 2.420638E-15 0.000000E+00
  6998     19   4267 8.133021E-05 1.062095E-05 4.528938E-05 2.965635E-15 0.000000E+00
  6999   2633   4267 8.705716E-06 5.623438E-06 7.057643E-06 5.803868E-16 0.000000E+00
  7000   1197   2199 1.913782E-05 1.554245E-05 1.708133E-05 3.319529E-15 0.000000E+00
  7001    387    853 5.468510E-05 2.587361E-05 3.967817E-05 1.656226E-15 0.000000E+00
  7002    427    600 3.015703E-05 2.643453E-05 2.787346E-05 1.482818E-14 0.000000E+00
  7003    206    234 5.067444E-05 4.779811E-05 4.850141E-05 6.113172E-14 0.000000E+00
  7004    124   1330 5.690797E-05 1.078020E-05 3.333895E-05 8.932295E-15 0.000000E+00
  7005    285    680 4.082993E-05 1.791927E-05 2.893618E-05 2.889194E-14 0.000000E+00
  7006    242    331 6.945049E-05 2.956119E-05 4.876695E-05 1.131754E-14 0.000000E+00
  7007    331   3650 1.338894E-05 8.858810E-06 1.095785E-05 3.383230E-15 0.000000E+00
  7008   3382   6378 2.030058E-05 1.566210E-05 1.771296E-05 4.183032E-15 0.000000E+00
  7009   6386   6390 1.287811E-05 1.058302E-05 1.155548E-05 9.838264E-16 0.000000E+00
  7010    625   3382 2.578847E-05 1.083719E-05 1.803950E-05 3.468165E-16 0.000000E+00
  7011    373   1399 2.441433E-05 1.511705E-05 1.947068E-05 5.733089E-16 0.000000E+00
  7012    652   1319 2.610831E-05 1.276016E-05 1.914417E-05 8.450998E-15 0.000000E+00
  7013    580   4185 3.360457E-05 9.601286E-06 2.128049E-05 2.548040E-16 0.000000E+00
  7014   1157   3530 1.486697E-05 1.219758E-05 1.333030E-05 6.313476E-15 0.000000E+00
  7015    626    778 2.002147E-05 1.810294E-05 1.877769E-05 1.630745E-14 0.000000E+00
  7016     34   4747 7.846561E-05 1.624385E-05 4.664794E-05 8.500543E-15 0.000000E+00
  7017    834   2956 1.659950E-05 1.639116E-05 1.624913E-05 8.557167E-15 0.000000E+00
  7018     19   6056 6.166221E-05 4.456513E-06 3.256594E-05 5.018223E-15 0.000000E+00
  7019    139    812 3.288481E-05 1.948019E-05 2.579171E-05 3.852494E-14 0.000000E+00
  7020    378   5295 3.513676E-05 1.117652E-05 2.281102E-05 9.909043E-16 0.000000E+00
  7021     25    269 5.293435E-05 2.243695E-05 3.712317E-05 1.303181E-13 0.000000E+00
  7022    441    471 3.710103E-05 2.073346E-05 2.848565E-05 4.480303E-15 0.000000E+00
  7023     41   6365 4.591302E-05 8.703392E-06 2.690062E-05 7.516717E-15 0.000000E+00
  7024    511   1374 2.741972E-05 2.696786E-05 2.678791E-05 2.236613E-15 0.000000E+00
  7025    545   6386 2.426288E-05 1.271303E-05 1.821202E-05 2.321547E-15 0.000000E+00
  7026    321    767 4.012112E-05 2.497094E-05 3.206027E-05 4.529848E-15 0.000000E+00
  7027    520   3155 1.157944E-05 8.177512E-06 9.731039E-06 3.638034E-15 0.000000E+00
  7028   1041   5539 1.184760E-05 1.219959E-05 1.184414E-05 1.097780E-14 0.000000E+00
  7029    321    733 4.581041E-05 2.118521E-05 3.299784E-05 8.005091E-15 0.000000E+00
  7030    250   6323 4.163045E-05 6.594136E-06 2.375241E-05 4.820042E-15 0.000000E+00
  7031   1041   1102 2.534119E-05 2.719240E-05 2.587476E-05 4.812964E-16 0.000000E+00
  7032    650    733 1.412130E-05 7.530826E-06 1.066448E-05 1.685953E-14 0.000000E+00
  7033    351   2505 4.254633E-05 2.698289E-05 3.424573E-05 2.095055E-15 0.000000E+00
  7034   1352   5799 1.570284E-05 6.575259E-06 1.097280E-05 4.600627E-16 0.000000E+00
  7035    486   1352 2.330258E-05 1.555226E-05 1.913746E-05 1.750362E-14 0.000000E+00
  7036     39   1334 8.030981E-05 2.636390E-05 5.254078E-05 1.653395E-14 0.000000E+00
  7037    353    809 2.784505E-05 2.023142E-05 2.367946E-05 2.087977E-14 0.000000E+00
  7038      2   2836 2.295103E-04 9.831693E-06 1.178849E-04 2.673318E-14 0.000000E+00
  7039   2836   2967 1.143138E-05 8.667420E-06 9.899408E-06 2.937324E-15 0.000000E+00
  7040      6   3185 1.498639E-04 1.501486E-05 8.120893E-05 8.351908E-16 0.000000E+00
  7041    124    234 4.881092E-05 2.778544E-05 3.772657E-05 2.252113E-13 0.000000E+00
  7042    409    680 2.341984E-05 3.015822E-05 2.638920E-05 3.546022E-15 0.000000E+00
  7043    433    566 4.185045E-05 1.598468E-05 2.848596E-05 5.874647E-15 0.000000E+00
  7044    242    680 6.086717E-05 2.881748E-05 4.417304E-05 1.918108E-15 0.000000E+00
  7045    786   3537 2.166066E-05 8.366204E-06 1.478935E-05 2.887778E-15 0.000000E+00
  7046    259    625 3.420214E-05 1.630056E-05 2.487447E-05 1.773011E-14 0.000000E+00
  7047    652   2739 1.500121E-05 1.644889E-05 1.549035E-05 2.279080E-15 0.000000E+00
  7048    500    684 5.397845E-05 1.843255E-05 3.566512E-05 2.187067E-15 0.000000E+00
  7049   1102   2505 1.868910E-05 3.162546E-05 2.478179E-05 9.979822E-16 0.000000E+00
  7050    969   3953 2.167734E-05 1.380661E-05 1.747717E-05 4.954522E-16 0.000000E+00
  7051    284    347 4.255048E-05 2.229812E-05 3.194036E-05 3.305374E-15 0.000000E+00
  7052   1267   1421 1.551373E-05 2.660419E-05 2.074465E-05 4.275044E-15 0.000000E+00
  7053   1352   5242 2.096969E-05 4.902060E-06 1.274280E-05 2.236613E-15 0.000000E+00
  7054   1334   3530 3.728692E-05 1.349249E-05 2.501076E-05 3.376153E-15 0.000000E+00
  7055    267    415 3.571369E-05 2.303104E-05 2.893397E-05 4.365641E-14 0.000000E+00
  7056     34    262 9.185175E-05 3.257064E-05 6.128267E-05 2.606078E-14 0.000000E+00
  7057    834   1136 2.027397E-05 1.601913E-05 1.787570E-05 8.734114E-15 0.000000E+00
  7058    409    441 3.622283E-05 5.428149E-05 4.457675E-05 1.027709E-14 0.000000E+00
  7059   4325   6088 4.142155E-06 3.884571E-06 3.953462E-06 1.734083E-15 0.000000E+00
  7060    433    458 3.869711E-05 2.475140E-05 3.125076E-05 2.555118E-15 0.000000E+00
  7061    316   1738 3.140913E-05 1.373984E-05 2.223755E-05 9.385279E-15 0.000000E+00
  7062   1374   3198 2.042286E-05 1.128679E-05 1.561818E-05 9.484370E-16 0.000000E+00
  7063    242   1374 2.696810E-05 1.429735E-05 2.032477E-05 2.901934E-16 0.000000E+00
  7064    520   1231 3.199116E-05 3.549665E-05 3.324027E-05 3.361997E-15 0.000000E+00
  7065   1231   1319 3.976250E-05 1.794187E-05 2.842156E-05 1.415578E-15 0.000000E+00
  7066   2054   2593 1.638039E-05 1.674445E-05 1.631522E-05 2.965635E-15 0.000000E+00
  7067   1051   1265 2.272854E-05 2.651738E-05 2.425546E-05 6.086984E-16 0.000000E+00
  7068    216   6321 4.177464E-05 9.075695E-06 2.504569E-05 2.102133E-15 0.000000E+00
  7069    625    652 2.077349E-05 3.560231E-05 2.776719E-05 3.064726E-15 0.000000E+00
  7070   1159   5539 1.081063E-05 1.360407E-05 1.202515E-05 2.533884E-15 0.000000E+00
  7071    652    684 1.256434E-05 1.798182E-05 1.504512E-05 1.769472E-15 0.000000E+00
  7072   1385   3145 1.403706E-05 6.980424E-06 1.035189E-05 9.838264E-16 0.000000E+00
  7073   1385   3864 1.034925E-05 8.313580E-06 9.192139E-06 5.662310E-16 0.000000E+00
  7074   1422   2638 3.394475E-05 4.824669E-06 1.909539E-05 8.974762E-15 0.000000E+00
  7075    486    629 2.757789E-05 2.827094E-05 2.750763E-05 8.627945E-15 0.000000E+00
  7076     34   1157 6.976895E-05 1.680757E-05 4.264217E-05 8.387297E-15 0.000000E+00
  7077    591    778 1.434727E-05 2.089671E-05 1.735897E-05 1.001521E-14 0.000000E+00
  7078    431    743 3.674691E-05 1.846309E-05 2.719298E-05 3.218316E-14 0.000000E+00
  7079      2   2967 2.556476E-04 2.131669E-05 1.364152E-04 2.522559E-14 0.000000E+00
  7080   2836   3185 6.919762E-06 7.072679E-06 6.891800E-06 2.668364E-15 0.000000E+00
  7081    811   2199 5.774254E-05 1.412531E-05 3.539760E-05 2.824077E-15 0.000000E+00
  7082    219    234 2.666843E-05 4.808530E-05 3.681900E-05 1.122553E-14 0.000000E+00
  7083    234    236 3.346479E-05 1.767988E-05 2.519066E-05 1.519339E-13 0.000000E+00
  7084    236   5128 2.663075E-05 8.576251E-06 1.734076E-05 3.751281E-16 0.000000E+00
  7085    331   6131 3.068907E-05 1.067161E-05 2.037168E-05 2.038432E-15 0.000000E+00
  7086    458   5173 3.157965E-05 1.614046E-05 2.350394E-05 6.936330E-16 0.000000E+00
  7087     41     78 8.818047E-05 9.372529E-05 8.959537E-05 4.089604E-14 0.000000E+00
  7088    545   4268 2.237257E-05 1.579339E-05 1.879816E-05 7.785677E-16 0.000000E+00
  7089    339   3987 1.564625E-05 1.557795E-05 1.537909E-05 8.925217E-15 0.000000E+00
  7090    500   1319 3.824369E-05 1.448491E-05 2.597080E-05 7.014187E-15 0.000000E+00
  7091    321   6323 4.458693E-05 1.003993E-05 2.690577E-05 3.022258E-15 0.000000E+00
  7092   3953   6659 1.231456E-05 1.170300E-05 1.182954E-05 2.010120E-15 0.000000E+00
  7093    701   3607 2.868846E-05 1.199097E-05 2.003613E-05 7.700742E-15 0.000000E+00
  7094     39    267 6.179667E-05 4.709643E-05 5.363391E-05 3.918319E-14 0.000000E+00
  7095    522    834 3.112668E-05 1.296765E-05 2.171810E-05 9.031385E-15 0.000000E+00
  7096   2967   4267 1.396706E-05 6.606589E-06 1.013329E-05 1.847329E-15 0.000000E+00
  7097   1796   2391 4.306801E-05 1.592833E-05 2.905790E-05 4.975755E-15 0.000000E+00
  7098    433    471 3.088157E-05 4.013876E-05 3.498016E-05 6.865551E-16 0.000000E+00
  7099   1874   4124 8.646644E-06 7.380916E-06 7.894171E-06 2.491417E-15 0.000000E+00
  7100    433   2736 2.815059E-05 7.220045E-06 1.742136E-05 4.246733E-16 0.000000E+00
  7101    242   1961 4.502488E-05 1.653192E-05 3.031902E-05 7.743209E-15 0.000000E+00
  7102   1961   6372 2.612462E-05 1.120788E-05 1.838765E-05 3.885761E-15 0.000000E+00
  7103    309   6378 2.323145E-05 1.669037E-05 1.966299E-05 1.783628E-15 0.000000E+00
  7104   1231   3382 3.245630E-05 2.046950E-05 2.606793E-05 1.670382E-15 0.000000E+00
  7105    472    767 4.414121E-05 1.766279E-05 3.044078E-05 1.719927E-15 0.000000E+00
  7106   1319   3155 1.431832E-05 5.342570E-06 9.683721E-06 1.358954E-15 0.000000E+00
  7107   2054   2840 1.586314E-05 1.113649E-05 1.329833E-05 1.167852E-15 0.000000E+00
  7108    514   1399 3.984448E-05 1.136946E-05 2.522477E-05 1.722050E-14 0.000000E+00
  7109   1159   2505 1.905215E-05 2.607157E-05 2.222512E-05 7.014187E-15 0.000000E+00
  7110    209    250 4.400743E-05 2.796267E-05 3.544796E-05 3.269984E-15 0.000000E+00
  7111   1102   1159 1.741804E-05 1.219427E-05 1.458517E-05 1.847329E-15 0.000000E+00
  7112   1122   3489 1.177392E-05 8.360259E-06 9.916836E-06 3.510632E-15 0.000000E+00
  7113    461    478 4.213142E-05 2.125007E-05 3.121775E-05 3.085959E-14 0.000000E+00
  7114   1731   2453 1.454749E-05 1.108826E-05 1.262656E-05 3.163816E-15 0.000000E+00
  7115     27    839 4.233472E-05 1.236270E-05 2.694052E-05 2.618819E-15 0.000000E+00
  7116    301    778 2.543566E-05 1.915159E-05 2.196088E-05 3.088790E-14 0.000000E+00
  7117    262   4735 3.997632E-05 4.706173E-06 2.200779E-05 2.569273E-15 0.000000E+00
  7118    591   1042 9.496078E-06 1.450228E-05 1.182009E-05 1.257033E-14 0.000000E+00
  7119     11   1036 7.844332E-05 1.920669E-05 4.809628E-05 3.336516E-14 0.000000E+00
  7120    811   1197 4.733738E-05 2.459058E-05 3.542720E-05 2.445410E-14 0.000000E+00
  7121    600    853 1.881128E-05 1.232520E-05 1.533588E-05 1.961991E-14 0.000000E+00
  7122    124    441 6.752176E-05 3.581874E-05 5.089905E-05 2.302437E-14 0.000000E+00
  7123    441    566 2.665063E-05 2.288985E-05 2.440053E-05 1.217397E-15 0.000000E+00
  7124    464   6088 3.462315E-05 5.831361E-06 1.992535E-05 1.840251E-16 0.000000E+00
  7125   4184   5152 1.292495E-05 4.884619E-06 8.771877E-06 2.456027E-15 0.000000E+00
  7126    511   6365 2.898083E-05 1.189046E-05 2.013063E-05 3.291218E-15 0.000000E+00
  7127    458   3652 2.220111E-05 8.395759E-06 1.507010E-05 5.591532E-16 0.000000E+00
  7128   1961   3198 2.466790E-05 1.674269E-05 2.039626E-05 7.431782E-16 0.000000E+00
  7129    316    343 3.013655E-05 2.962296E-05 2.943379E-05 2.754006E-14 0.000000E+00
  7130   1018   1374 1.853278E-05 2.100850E-05 1.947556E-05 7.622885E-15 0.000000E+00
  7131    216   1374 4.088535E-05 2.771031E-05 3.378592E-05 5.110235E-15 0.000000E+00
  7132     41   1861 4.288261E-05 1.634792E-05 2.917325E-05 3.397386E-15 0.000000E+00
  7133    592   1051 1.956444E-05 2.037523E-05 1.967178E-05 5.138547E-15 0.000000E+00
  7134    668   6323 3.573830E-05 4.461606E-06 1.979995E-05 1.111228E-15 0.000000E+00
  7135    650   6323 2.513642E-05 1.003993E-05 1.732567E-05 6.723994E-16 0.000000E+00
  7136    497    652 2.283812E-05 2.091192E-05 2.154853E-05 2.915382E-14 0.000000E+00
  7137    497    684 3.805048E-05 1.653485E-05 2.688532E-05 1.143787E-14 0.000000E+00
  7138    591    701 2.032871E-05 2.727921E-05 2.344868E-05 5.067768E-15 0.000000E+00
  7139    633   2956 3.019999E-05 1.033096E-05 1.996301E-05 6.433800E-15 0.000000E+00
  7140    413   1136 3.373586E-05 2.686068E-05 2.984606E-05 9.300345E-15 0.000000E+00
  7141    413    522 1.432908E-05 1.533012E-05 1.460826E-05 4.270798E-14 0.000000E+00
  7142    441   2839 2.759603E-05 8.952918E-06 1.800172E-05 6.780617E-15 0.000000E+00
  7143    124    409 4.623833E-05 3.481808E-05 3.992331E-05 1.223059E-14 0.000000E+00
  7144    464    676 2.905373E-05 2.135588E-05 2.482861E-05 4.572316E-15 0.000000E+00
  7145    520   6378 3.756430E-05 1.680120E-05 2.677704E-05 4.034396E-16 0.000000E+00
  7146   2408   3987 9.168996E-06 1.088467E-05 9.877180E-06 5.605687E-15 0.000000E+00
  7147    321    650 4.967152E-05 2.410974E-05 3.634002E-05 2.058250E-14 0.000000E+00
  7148    339   2206 3.618397E-05 1.112621E-05 2.330203E-05 3.765436E-15 0.000000E+00
  7149    209    478 3.894935E-05 2.108275E-05 2.956804E-05 3.357750E-14 0.000000E+00
  7150    969   4964 1.641044E-05 6.585402E-06 1.132631E-05 1.705771E-15 0.000000E+00
  7151   2453   3953 1.451870E-05 1.336285E-05 1.373270E-05 8.776581E-16 0.000000E+00
  7152    514   3415 1.643353E-05 6.786646E-06 1.143680E-05 1.691615E-15 0.000000E+00
  7153   3675   4185 1.053911E-05 4.622944E-06 7.467875E-06 2.512650E-15 0.000000E+00
  7154   3040   3675 1.511427E-05 1.404131E-05 1.436021E-05 6.723994E-16 0.000000E+00
  7155   1412   3890 1.793774E-05 7.357966E-06 1.245908E-05 7.219446E-16 0.000000E+00
  7156     39    629 6.711974E-05 3.425953E-05 4.993307E-05 2.524683E-14 0.000000E+00
  7157    701    778 2.352152E-05 8.690674E-06 1.586571E-05 3.564424E-14 0.000000E+00
  7158    262   4747 3.793319E-05 1.166826E-05 2.443057E-05 5.060690E-15 0.000000E+00
  7159    633   2217 2.493654E-05 3.090277E-05 2.750294E-05 5.605687E-15 0.000000E+00
  7160     47    571 1.237252E-04 1.942088E-05 7.050478E-05 3.102946E-14 0.000000E+00
  7161     47   2649 1.354852E-04 6.272155E-06 6.982081E-05 5.329650E-15 0.000000E+00
  7162     11   4632 8.995208E-05 8.378905E-06 4.843168E-05 6.908019E-15 0.000000E+00
  7163     11   3185 1.505143E-04 2.013574E-05 8.405152E-05 7.339770E-15 0.000000E+00
  7164   3201   5295 1.879153E-05 1.447237E-05 1.638372E-05 2.548040E-16 0.000000E+00
  7165    447    680 1.801025E-05 1.001175E-05 1.380188E-05 2.020737E-14 0.000000E+00
  7166    331   4184 2.813156E-05 6.842832E-06 1.722619E-05 2.909012E-15 0.000000E+00
  7167     41    236 5.536964E-05 3.237012E-05 4.321511E-05 2.674309E-13 0.000000E+00
  7168    236    511 5.569533E-05 3.473460E-05 4.454012E-05 4.685562E-15 0.000000E+00
  7169    321    786 2.075220E-05 1.064586E-05 1.546472E-05 3.130550E-14 0.000000E+00
  7170     41   6378 5.969447E-05 9.408051E-06 3.403557E-05 1.275435E-14 0.000000E+00
  7171    969   5169 1.230613E-05 6.552617E-06 9.288635E-06 2.321547E-15 0.000000E+00
  7172    250   3012 4.167229E-05 6.027540E-06 2.349395E-05 3.928228E-15 0.000000E+00
  7173    284   1122 2.731843E-05 1.601655E-05 2.134409E-05 3.262906E-15 0.000000E+00
  7174    514   4964 2.276558E-05 6.433294E-06 1.438154E-05 1.571291E-15 0.000000E+00
  7175    138   1385 4.795623E-05 2.441331E-05 3.564470E-05 1.307994E-14 0.000000E+00
  7176    304   1518 3.449293E-05 1.088056E-05 2.234813E-05 1.015677E-14 0.000000E+00
  7177    267   1157 3.670717E-05 1.449078E-05 2.521690E-05 1.174929E-14 0.000000E+00
  7178    626   1042 2.240675E-05 1.716646E-05 1.949128E-05 7.361004E-15 0.000000E+00
  7179    703   4532 1.924531E-05 1.220299E-05 1.548946E-05 3.319529E-15 0.000000E+00
  7180   2217   2956 2.854549E-05 1.127708E-05 1.961410E-05 3.885761E-15 0.000000E+00
  7181    743   1225 3.913076E-05 3.148592E-05 3.478135E-05 1.250663E-14 0.000000E+00
  7182    124    853 1.038901E-04 2.014309E-05 6.109099E-05 2.376755E-14 0.000000E+00
  7183    441   1874 2.750753E-05 1.221864E-05 1.956662E-05 4.402446E-15 0.000000E+00
  7184     25    230 9.985722E-05 2.239829E-05 6.021540E-05 8.459492E-14 0.000000E+00
  7185    447    511 2.277077E-05 2.915305E-05 2.557442E-05 7.842300E-15 0.000000E+00
  7186    343    656 3.025594E-05 2.174174E-05 2.561079E-05 4.756341E-14 0.000000E+00
  7187    497   1319 4.166908E-05 1.257865E-05 2.671903E-05 7.488406E-15 0.000000E+00
  7188    497    500 3.200752E-05 5.069569E-05 4.073442E-05 3.979896E-14 0.000000E+00
  7189    209    668 1.697179E-05 1.384668E-05 1.517924E-05 3.744911E-14 0.000000E+00
  7190    497   2739 3.246532E-05 1.961556E-05 2.565178E-05 4.310434E-15 0.000000E+00
  7191    347   1478 3.265305E-05 1.145138E-05 2.172308E-05 4.260889E-15 0.000000E+00
  7192    284   1478 3.101844E-05 2.372839E-05 2.696486E-05 1.089995E-15 0.000000E+00
  7193   1478   3675 2.250724E-05 7.164714E-06 1.461454E-05 4.820042E-15 0.000000E+00
  7194    276   1531 3.651250E-05 2.818580E-05 3.186633E-05 1.429733E-15 0.000000E+00
  7195   1433   4562 1.482688E-05 8.322233E-06 1.140180E-05 1.925186E-15 0.000000E+00
  7196   1600   3607 8.857362E-06 7.436767E-06 8.025467E-06 4.742185E-16 0.000000E+00
  7197    262   1157 3.402772E-05 1.508733E-05 2.419099E-05 1.486356E-14 0.000000E+00
  7198     24    267 1.003889E-04 3.936493E-05 6.883398E-05 1.399794E-13 0.000000E+00
  7199     27     34 6.179228E-05 9.916675E-05 7.927833E-05 4.897898E-15 0.000000E+00
  7200   1611   5801 2.510452E-05 6.442892E-06 1.553828E-05 1.875640E-15 0.000000E+00
  7201    139    378 4.607889E-05 2.298169E-05 3.401491E-05 7.123186E-14 0.000000E+00
  7202    336   1874 2.804762E-05 1.229497E-05 1.987023E-05 7.573340E-15 0.000000E+00
  7203   3359   5664 6.810535E-06 9.063543E-06 7.818576E-06 1.479279E-15 0.000000E+00
  7204    339   1305 3.017110E-05 8.979477E-06 1.928312E-05 7.679508E-15 0.000000E+00
  7205     41   3382 6.862271E-05 1.280574E-05 4.010655E-05 4.473225E-15 0.000000E+00
  7206   1041   2593 1.950597E-05 5.960293E-06 1.254309E-05 2.080899E-15 0.000000E+00
  7207   1333   6329 1.384655E-05 5.427565E-06 9.493218E-06 1.068761E-15 0.000000E+00
  7208   2505   3145 1.833978E-05 4.734367E-06 1.136488E-05 4.926210E-15 0.000000E+00
  7209    138    461 6.146923E-05 2.076846E-05 4.050513E-05 1.185475E-13 0.000000E+00
  7210   1234   2453 1.688378E-05 1.148070E-05 1.397057E-05 9.201254E-16 0.000000E+00
  7211   1234   1731 1.528703E-05 1.686265E-05 1.583492E-05 3.609723E-16 0.000000E+00
  7212    347    432 2.641347E-05 2.237548E-05 2.403038E-05 3.761190E-14 0.000000E+00
  7213    629   1352 2.618845E-05 1.419571E-05 1.989070E-05 1.937926E-14 0.000000E+00
  7214   1042   1709 1.727727E-05 1.235966E-05 1.459730E-05 7.828144E-15 0.000000E+00
  7215   1634   2649 2.284653E-05 4.665438E-06 1.355067E-05 1.939341E-15 0.000000E+00
  7216     19   2633 9.009027E-05 7.463315E-06 4.804878E-05 2.661286E-15 0.000000E+00
  7217   1710   2633 1.721291E-05 8.985041E-06 1.290347E-05 5.478285E-15 0.000000E+00
  7218   2967   3185 2.097026E-05 1.778025E-05 1.908607E-05 2.406482E-16 0.000000E+00
  7219     11    334 7.050323E-05 2.649846E-05 4.777695E-05 1.826449E-13 0.000000E+00
  7220    409   5152 2.324172E-05 1.377150E-05 1.823039E-05 1.082917E-15 0.000000E+00
  7221   1916   6380 1.645564E-05 1.426969E-05 1.513337E-05 9.625928E-16 0.000000E+00
  7222   1399   2408 3.387939E-05 1.125892E-05 2.223230E-05 2.901934E-15 0.000000E+00
  7223   2593   2840 1.143646E-05 4.814309E-06 8.004112E-06 2.441871E-15 0.000000E+00
  7224    632   1385 2.495110E-05 2.528201E-05 2.474168E-05 7.637041E-15 0.000000E+00
  7225   1044   2140 2.718043E-05 2.344266E-05 2.493376E-05 2.257846E-15 0.000000E+00
  7226    400    629 3.283014E-05 2.261780E-05 2.731018E-05 1.930848E-14 0.000000E+00
  7227   3808   4723 2.499424E-05 7.265739E-06 1.588924E-05 8.918139E-16 0.000000E+00
  7228    812   1796 1.948481E-05 2.196343E-05 2.041480E-05 9.243722E-15 0.000000E+00
  7229     28   1481 5.443628E-05 2.986662E-05 4.152233E-05 1.123969E-14 0.000000E+00
  7230    433    464 1.645758E-05 2.642432E-05 2.112093E-05 3.417912E-14 0.000000E+00
  7231    336   5152 2.434719E-05 1.044848E-05 1.713817E-05 7.361004E-16 0.000000E+00
  7232    331    336 1.703487E-05 2.115469E-05 1.880978E-05 4.691932E-14 0.000000E+00
  7233    433    656 3.394763E-05 4.108450E-05 3.695612E-05 1.564921E-14 0.000000E+00
  7234    656   3652 4.038678E-05 5.933537E-06 2.281448E-05 2.243690E-15 0.000000E+00
  7235     41    283 8.448890E-05 2.541819E-05 5.413334E-05 1.994974E-13 0.000000E+00
  7236   1018   5121 2.541433E-05 1.674126E-05 2.076320E-05 2.038432E-15 0.000000E+00
  7237    767   1249 1.550871E-05 1.942404E-05 1.720569E-05 7.148667E-16 0.000000E+00
  7238   3740   4395 9.423127E-06 9.578686E-06 9.359102E-06 1.486356E-15 0.000000E+00
  7239   5539   6324 1.708505E-05 5.553271E-06 1.115022E-05 9.342812E-16 0.000000E+00
  7240   3953   5169 6.051271E-06 9.831639E-06 7.822926E-06 9.484370E-16 0.000000E+00
  7241    514   2140 2.295905E-05 1.037158E-05 1.641658E-05 1.425487E-14 0.000000E+00
  7242   1385   2505 3.096441E-05 3.160494E-05 3.081774E-05 1.465123E-15 0.000000E+00
  7243    347    497 3.300838E-05 2.185008E-05 2.701984E-05 3.934598E-14 0.000000E+00
  7244   1234   3953 1.110829E-05 6.648220E-06 8.745743E-06 4.805886E-15 0.000000E+00
  7245   1531   3145 2.304981E-05 8.124559E-06 1.535454E-05 1.196163E-15 0.000000E+00
  7246   3607   4802 1.717715E-05 8.205629E-06 1.250197E-05 1.111228E-15 0.000000E+00
  7247    400   1334 3.631581E-05 2.328517E-05 2.935571E-05 3.100115E-15 0.000000E+00
  7248    629   1334 2.851635E-05 2.015734E-05 2.397361E-05 1.983224E-14 0.000000E+00
  7249    413   4546 2.442062E-05 1.561093E-05 1.971703E-05 9.625928E-15 0.000000E+00
  7250     19   1036 1.115791E-04 3.075207E-05 7.010343E-05 1.546519E-14 0.000000E+00
  7251    608   1710 5.078892E-05 2.108319E-05 3.539969E-05 6.370099E-16 0.000000E+00
  7252      2    166 2.547449E-04 2.882767E-05 1.396701E-04 1.001663E-13 0.000000E+00
  7253    141    152 1.645679E-05 2.308008E-05 1.947339E-05 1.484445E-13 0.000000E+00
  7254     28    269 7.869247E-05 3.091498E-05 5.398576E-05 1.356123E-14 0.000000E+00
  7255    786   5121 2.459025E-05 9.228886E-06 1.665719E-05 2.647130E-15 0.000000E+00
  7256   1333   3012 1.279866E-05 8.960117E-06 1.071701E-05 4.296278E-15 0.000000E+00
  7257   1131   1491 1.785708E-05 1.648912E-05 1.691678E-05 9.498526E-15 0.000000E+00
  7258    276    432 3.583859E-05 3.316627E-05 3.398747E-05 4.953106E-14 0.000000E+00
  7259   1433   3816 2.069148E-05 1.381968E-05 1.699803E-05 3.333685E-15 0.000000E+00
  7260   1358   4113 1.441371E-05 1.064248E-05 1.234111E-05 3.149660E-15 0.000000E+00
  7261   3242   6004 1.096324E-05 5.575563E-06 8.145979E-06 2.144600E-15 0.000000E+00
  7262    778   1042 1.945084E-05 1.716646E-05 1.803538E-05 5.414584E-15 0.000000E+00
  7263   2217   4532 2.011399E-05 1.077970E-05 1.521629E-05 3.524788E-15 0.000000E+00
  7264   1036   1634 1.726109E-05 2.196202E-05 1.931884E-05 8.068792E-15 0.000000E+00
  7265   1611   2943 1.217161E-05 2.127300E-05 1.647272E-05 1.053898E-14 0.000000E+00
  7266      2   3808 2.315752E-04 2.737060E-05 1.275405E-04 6.851396E-15 0.000000E+00
  7267    321    331 1.879312E-05 4.362137E-05 3.074146E-05 3.305374E-15 0.000000E+00
  7268    321   1527 4.156073E-05 3.428162E-05 3.735519E-05 2.635805E-14 0.000000E+00
  7269    668   1527 2.632252E-05 1.746938E-05 2.156914E-05 1.344091E-14 0.000000E+00
  7270   1159   1333 2.863279E-05 8.250920E-06 1.816660E-05 8.790737E-15 0.000000E+00
  7271    461   1159 3.694692E-05 2.124411E-05 2.866125E-05 2.123366E-15 0.000000E+00
  7272     27   3435 7.036869E-05 9.860181E-06 3.951571E-05 1.076547E-14 0.000000E+00
  7273    431   2217 1.716991E-05 1.573118E-05 1.620501E-05 2.618819E-15 0.000000E+00
  7274    334   6586 3.415838E-05 5.242788E-06 1.940655E-05 4.444914E-15 0.000000E+00
  7275    378   1526 3.466310E-05 1.486515E-05 2.439451E-05 1.446013E-14 0.000000E+00
  7276    441    464 3.041547E-05 1.397906E-05 2.186596E-05 6.205184E-14 0.000000E+00
  7277    336    433 3.368587E-05 2.872388E-05 3.073913E-05 2.881408E-14 0.000000E+00
  7278    680   3441 1.867875E-05 9.194807E-06 1.372877E-05 1.012138E-15 0.000000E+00
  7279    433   5173 2.170970E-05 9.761316E-06 1.550065E-05 4.275044E-15 0.000000E+00
  7280    198    283 5.571787E-05 2.733394E-05 4.090612E-05 4.954522E-15 0.000000E+00
  7281    331   3359 4.114531E-05 1.291906E-05 2.662872E-05 5.414584E-15 0.000000E+00
  7282   1399   2018 1.867358E-05 7.574259E-06 1.292804E-05 3.100115E-15 0.000000E+00
  7283   1478   2280 1.837396E-05 1.293801E-05 1.542231E-05 7.106200E-15 0.000000E+00
  7284    461    632 3.009350E-05 3.102581E-05 3.010354E-05 3.369075E-15 0.000000E+00
  7285    432   3675 2.569828E-05 4.584877E-06 1.491559E-05 7.495483E-15 0.000000E+00
  7286    353   1086 2.724267E-05 1.583156E-05 2.121566E-05 3.190712E-14 0.000000E+00
  7287     19   2967 8.884004E-05 2.169394E-05 5.444211E-05 3.227517E-15 0.000000E+00
  7288    353   2438 2.765609E-05 1.150488E-05 1.928824E-05 1.235091E-14 0.000000E+00
  7289    811   1504 1.773361E-05 1.236670E-05 1.482553E-05 1.457337E-14 0.000000E+00
  7290    141   3039 3.295146E-05 2.231888E-06 1.732911E-05 7.955546E-15 0.000000E+00
  7291   1231   6378 1.585425E-05 1.346836E-05 1.444248E-05 5.216403E-15 0.000000E+00
  7292   1585   3079 2.284780E-05 4.945479E-06 1.368923E-05 2.739143E-15 0.000000E+00
  7293    652   2509 4.110322E-05 1.083457E-05 2.558130E-05 5.421662E-15 0.000000E+00
  7294     37   1399 5.806213E-05 1.690727E-05 3.692523E-05 1.627206E-14 0.000000E+00
  7295   1122   2280 2.380591E-05 2.166468E-05 2.239596E-05 2.965635E-15 0.000000E+00
  7296   2206   2701 1.917770E-05 8.234548E-06 1.350156E-05 1.203241E-15 0.000000E+00
  7297    705   1159 2.957867E-05 2.568520E-05 2.721952E-05 1.008599E-14 0.000000E+00
  7298    461   3012 3.517550E-05 7.702063E-06 2.111880E-05 4.728029E-15 0.000000E+00
  7299    432   1478 3.087743E-05 2.169651E-05 2.589463E-05 7.976780E-15 0.000000E+00
  7300   1354   1491 1.948873E-05 2.255595E-05 2.070857E-05 1.187670E-14 0.000000E+00
  7301    301    329 2.107221E-05 1.183012E-05 1.620563E-05 7.603067E-14 0.000000E+00
  7302    301    315 5.898111E-05 2.344824E-05 4.059953E-05 3.316698E-14 0.000000E+00
  7303    257   1042 2.829321E-05 3.052921E-05 2.897224E-05 8.762425E-15 0.000000E+00
  7304      2   1620 2.160143E-04 1.507959E-05 1.138224E-04 5.912868E-14 0.000000E+00
  7305    334   2109 3.522083E-05 9.346510E-06 2.195108E-05 7.219446E-15 0.000000E+00
  7306    166   3185 2.915107E-05 9.990363E-06 1.927861E-05 4.883743E-16 0.000000E+00
  7307    511   1861 5.130999E-05 1.803565E-05 3.415532E-05 3.581411E-15 0.000000E+00
  7308    813   1557 1.576985E-05 1.132571E-05 1.334558E-05 7.573340E-15 0.000000E+00
  7309    321    592 4.654588E-05 2.158545E-05 3.355723E-05 9.257878E-15 0.000000E+00
  7310    209    650 3.538148E-05 2.572338E-05 3.009643E-05 2.799305E-14 0.000000E+00
  7311    461    705 1.474205E-05 1.824935E-05 1.624950E-05 2.969882E-14 0.000000E+00
  7312   1385   1531 2.485311E-05 1.768349E-05 2.095086E-05 1.086456E-14 0.000000E+00
  7313    544   3816 2.658385E-05 1.301466E-05 1.950374E-05 1.627914E-15 0.000000E+00
  7314    665   1199 1.604143E-05 1.469138E-05 1.513706E-05 1.123969E-14 0.000000E+00
  7315   1184   2553 1.737520E-05 1.315412E-05 1.503683E-05 2.321547E-15 0.000000E+00
  7316     27    262 7.368398E-05 3.170970E-05 5.191032E-05 3.965741E-14 0.000000E+00
  7317    522   1178 1.905842E-05 2.118232E-05 1.982006E-05 6.759383E-15 0.000000E+00
  7318     11   1710 1.273031E-04 2.073158E-05 7.291262E-05 1.688784E-14 0.000000E+00
  7319    378   3201 2.687643E-05 6.181636E-06 1.628233E-05 1.882718E-15 0.000000E+00
  7320     25    555 6.569385E-05 2.917685E-05 4.672736E-05 3.112147E-14 0.000000E+00
  7321    191    464 6.664764E-05 3.666069E-05 5.088321E-05 1.592525E-15 0.000000E+00
  7322    640   3441 2.963787E-05 6.573475E-06 1.783544E-05 2.526806E-15 0.000000E+00
  7323    511    640 3.435488E-05 3.378406E-05 3.356097E-05 3.107193E-15 0.000000E+00
  7324    331    656 4.350710E-05 2.751099E-05 3.497906E-05 6.079906E-15 0.000000E+00
  7325    511   4268 3.548443E-05 7.985212E-06 2.141042E-05 4.395368E-15 0.000000E+00
  7326    321   1249 3.170541E-05 2.470900E-05 2.778620E-05 5.973737E-14 0.000000E+00
  7327    209   1333 3.848226E-05 1.228845E-05 2.500647E-05 1.429733E-15 0.000000E+00
  7328    339   6314 4.464783E-05 1.047110E-05 2.714813E-05 5.025300E-16 0.000000E+00
  7329     37    514 5.980360E-05 3.922094E-05 4.877328E-05 2.632974E-15 0.000000E+00
  7330   1041   2505 2.799229E-05 1.789065E-05 2.259906E-05 5.081924E-15 0.000000E+00
  7331   1234   5169 1.906152E-05 8.252869E-06 1.345336E-05 7.644119E-16 0.000000E+00
  7332    461   1385 3.477578E-05 2.639347E-05 3.012814E-05 2.477261E-15 0.000000E+00
  7333     55   2560 6.401541E-05 4.793366E-06 3.389089E-05 7.063732E-15 0.000000E+00
  7334    400   4523 2.712266E-05 9.326287E-06 1.795247E-05 1.571291E-15 0.000000E+00
  7335     27   1157 9.335896E-05 2.221189E-05 5.692296E-05 1.186254E-14 0.000000E+00
  7336    257    281 1.866961E-05 2.567381E-05 2.184079E-05 5.864030E-14 0.000000E+00
  7337    431   1086 2.693383E-05 2.642588E-05 2.628165E-05 4.940366E-15 0.000000E+00
  7338     19   3808 7.700938E-05 1.527339E-05 4.545271E-05 4.926210E-15 0.000000E+00
  7339   2967   3808 2.245971E-05 1.652839E-05 1.920309E-05 3.071803E-15 0.000000E+00
  7340    124    336 5.379528E-05 1.864254E-05 3.567833E-05 1.735144E-13 0.000000E+00
  7341    331    786 3.226876E-05 1.335051E-05 2.246919E-05 2.179990E-15 0.000000E+00
  7342    674   1374 1.711060E-05 1.206164E-05 1.436842E-05 1.429733E-15 0.000000E+00
  7343    813   6305 2.053045E-05 3.347682E-06 1.176087E-05 2.321547E-15 0.000000E+00
  7344    392   4395 2.598606E-05 5.497039E-06 1.550660E-05 2.937324E-15 0.000000E+00
  7345   2215   2354 2.029601E-05 1.885489E-05 1.928328E-05 3.213361E-15 0.000000E+00
  7346    209   1557 3.975554E-05 9.171115E-06 2.409820E-05 2.229535E-15 0.000000E+00
  7347    392   1159 3.507144E-05 1.906209E-05 2.666278E-05 2.201223E-15 0.000000E+00
  7348     36   6314 9.044474E-05 1.047110E-05 4.970482E-05 2.760376E-16 0.000000E+00
  7349     36    339 8.420895E-05 3.593347E-05 5.917463E-05 4.356440E-14 0.000000E+00
  7350   1131   1382 2.656961E-05 2.916014E-05 2.744898E-05 1.010722E-14 0.000000E+00
  7351   2004   4156 2.369715E-05 1.416829E-05 1.865014E-05 1.053898E-14 0.000000E+00
  7352   1267   1270 1.369619E-05 2.765773E-05 2.036835E-05 5.322572E-15 0.000000E+00
  7353    670   5665 1.325949E-05 8.100987E-06 1.052083E-05 2.526806E-15 0.000000E+00
  7354    665    770 3.799123E-05 2.281055E-05 2.994715E-05 9.760408E-15 0.000000E+00
  7355   1088   1600 1.146089E-05 1.164477E-05 1.138040E-05 3.503555E-15 0.000000E+00
  7356    301   3619 3.362582E-05 6.605477E-06 1.981541E-05 2.689597E-15 0.000000E+00
  7357    617    629 2.729425E-05 3.695958E-05 3.164741E-05 2.485046E-14 0.000000E+00
  7358   1504   2438 1.189825E-05 1.423320E-05 1.287071E-05 1.316487E-15 0.000000E+00
  7359    447    640 1.997021E-05 3.257616E-05 2.588105E-05 6.440878E-16 0.000000E+00
  7360   1051   1249 1.440071E-05 1.734547E-05 1.563618E-05 1.081501E-14 0.000000E+00
  7361    392   3740 1.723335E-05 8.625011E-06 1.273621E-05 1.903952E-15 0.000000E+00
  7362   1122   1531 1.430639E-05 2.514617E-05 1.943186E-05 1.132462E-15 0.000000E+00
  7363    544   4240 1.755141E-05 5.864506E-06 1.153321E-05 2.661286E-15 0.000000E+00
  7364    701   4802 2.861072E-05 5.897603E-06 1.699664E-05 1.634992E-15 0.000000E+00
  7365    257   1709 2.771765E-05 1.160442E-05 1.936759E-05 9.470214E-15 0.000000E+00
  7366     47    542 1.365366E-04 2.624387E-05 8.017548E-05 1.587570E-14 0.000000E+00
  7367     25   1677 9.103983E-05 2.186925E-05 5.561193E-05 1.389389E-14 0.000000E+00
  7368    124    680 3.296501E-05 1.967994E-05 2.592960E-05 7.389315E-15 0.000000E+00
  7369    674    786 2.387232E-05 1.966906E-05 2.144575E-05 6.752305E-15 0.000000E+00
  7370    283   1231 2.000448E-05 2.599936E-05 2.265861E-05 1.057436E-14 0.000000E+00
  7371   1382   1575 2.463593E-05 1.766167E-05 2.083315E-05 1.392928E-14 0.000000E+00
  7372    813   1527 2.770264E-05 2.290589E-05 2.492659E-05 2.774532E-15 0.000000E+00
  7373     37   2018 6.592892E-05 1.195783E-05 3.836213E-05 1.698693E-15 0.000000E+00
  7374   2593   3045 1.030168E-05 1.000764E-05 1.000310E-05 1.911030E-16 0.000000E+00
  7375    209    461 3.405204E-05 1.685635E-05 2.507428E-05 8.744023E-14 0.000000E+00
  7376   1466   5214 8.868851E-06 2.330547E-06 5.516122E-06 1.748238E-15 0.000000E+00
  7377    315    352 2.869211E-05 1.895756E-05 2.346924E-05 6.898817E-14 0.000000E+00
  7378    210    257 1.973535E-05 2.029335E-05 1.971563E-05 3.686164E-14 0.000000E+00
  7379      2    420 2.319629E-04 2.355622E-05 1.258527E-04 1.332696E-13 0.000000E+00
  7380      2    295 2.573918E-04 3.645365E-05 1.447298E-04 1.477934E-13 0.000000E+00
  7381    336    441 3.497083E-05 2.034164E-05 2.724346E-05 4.556037E-14 0.000000E+00
  7382    316    433 2.625283E-05 2.105193E-05 2.329936E-05 1.526700E-14 0.000000E+00
  7383    656   1249 1.548945E-05 1.594418E-05 1.548224E-05 1.784336E-14 0.000000E+00
  7384    656   1051 1.486420E-05 1.760941E-05 1.599446E-05 3.071803E-15 0.000000E+00
  7385    432   1531 3.001246E-05 3.504082E-05 3.204117E-05 2.067451E-14 0.000000E+00
  7386    544   3242 2.753454E-05 1.355552E-05 2.023839E-05 3.454009E-15 0.000000E+00
  7387    989   1129 3.101706E-05 1.740150E-05 2.384794E-05 1.286052E-14 0.000000E+00
  7388   1129   1184 1.404816E-05 1.523255E-05 1.442184E-05 1.939341E-15 0.000000E+00
  7389     27    400 9.781341E-05 2.888465E-05 6.240352E-05 5.697700E-15 0.000000E+00
  7390    629   3898 2.306395E-05 5.206434E-06 1.392422E-05 5.301338E-15 0.000000E+00
  7391    297    629 4.958729E-05 5.342427E-05 5.073703E-05 2.392326E-15 0.000000E+00
  7392    542    571 3.416310E-05 1.295747E-05 2.320864E-05 2.519728E-15 0.000000E+00
  7393      2    248 2.330762E-04 2.777197E-05 1.284775E-04 2.782813E-13 0.000000E+00
  7394    126   1796 6.772820E-05 3.286817E-05 4.954747E-05 4.232577E-15 0.000000E+00
  7395    234    511 5.541825E-05 3.979082E-05 4.689402E-05 5.428740E-15 0.000000E+00
  7396   2018   4414 1.683895E-05 9.698014E-06 1.307044E-05 1.974731E-15 0.000000E+00
  7397    339   2408 2.520798E-05 1.383580E-05 1.923052E-05 9.272033E-16 0.000000E+00
  7398    705   3464 2.800264E-05 1.143797E-05 1.942598E-05 8.776581E-16 0.000000E+00
  7399    650   1527 2.408254E-05 4.270500E-05 3.289535E-05 7.927235E-15 0.000000E+00
  7400   3680   4523 1.221273E-05 7.954062E-06 9.932895E-06 2.965635E-15 0.000000E+00
  7401    267    297 1.735391E-05 1.755000E-05 1.719148E-05 5.940471E-14 0.000000E+00
  7402    267   6010 2.654923E-05 6.813634E-06 1.643246E-05 1.351877E-15 0.000000E+00
  7403   1157   6010 1.981021E-05 7.438043E-06 1.342078E-05 3.156738E-15 0.000000E+00
  7404    315   4945 3.535465E-05 1.203989E-05 2.334358E-05 4.437836E-15 0.000000E+00
  7405    257   4945 3.358270E-05 9.121696E-06 2.103351E-05 3.227517E-15 0.000000E+00
  7406   1178   2106 1.241788E-05 1.309236E-05 1.256474E-05 1.811939E-15 0.000000E+00
  7407    234    447 5.250953E-05 1.993092E-05 3.567962E-05 2.406482E-15 0.000000E+00
  7408    380    447 3.089973E-05 2.045486E-05 2.529406E-05 3.192127E-15 0.000000E+00
  7409    331   1013 2.885568E-05 1.862339E-05 2.338521E-05 2.192730E-14 0.000000E+00
  7410    331   2202 3.262038E-05 2.827731E-05 2.999438E-05 1.415578E-16 0.000000E+00
  7411    331   1721 2.316835E-05 8.039710E-06 1.537114E-05 6.801850E-15 0.000000E+00
  7412    786   1961 1.963674E-05 2.115494E-05 2.009143E-05 2.958557E-15 0.000000E+00
  7413     41    259 5.610878E-05 2.215962E-05 3.855011E-05 4.287077E-14 0.000000E+00
  7414   2206   5177 1.492444E-05 7.349011E-06 1.097050E-05 1.557135E-15 0.000000E+00
  7415    640   1961 3.289643E-05 2.063978E-05 2.636858E-05 3.786670E-15 0.000000E+00
  7416    511    813 2.711845E-05 3.187990E-05 2.905889E-05 2.039140E-14 0.000000E+00
  7417    674    813 2.373136E-05 3.371589E-05 2.829491E-05 5.393351E-15 0.000000E+00
  7418    497   2935 3.631611E-05 3.489086E-06 1.960554E-05 5.839258E-15 0.000000E+00
  7419    705   1266 1.720343E-05 1.588233E-05 1.629597E-05 5.159780E-15 0.000000E+00
  7420   2140   6263 1.578623E-05 1.151795E-05 1.344833E-05 8.635023E-16 0.000000E+00
  7421    670   1354 1.594811E-05 2.258087E-05 1.897696E-05 2.112750E-14 0.000000E+00
  7422    281    352 2.721005E-05 2.987586E-05 2.811694E-05 3.092329E-14 0.000000E+00
  7423    433    441 2.139199E-05 2.313535E-05 2.193138E-05 7.261913E-15 0.000000E+00
  7424   1763   5086 8.402860E-06 4.487271E-06 6.348870E-06 8.210350E-16 0.000000E+00
  7425    209    392 4.365413E-05 3.078834E-05 3.666569E-05 1.450967E-15 0.000000E+00
  7426    209   1527 3.392100E-05 3.896062E-05 3.589692E-05 1.054605E-14 0.000000E+00
  7427    455   1122 3.119678E-05 2.089230E-05 2.565582E-05 1.766641E-14 0.000000E+00
  7428    705   2505 1.542325E-05 2.220582E-05 1.853372E-05 9.555149E-15 0.000000E+00
  7429   1234   1270 1.166166E-05 2.378302E-05 1.745783E-05 4.126409E-15 0.000000E+00
  7430    138   1531 5.534014E-05 2.296518E-05 3.856829E-05 7.863534E-15 0.000000E+00
  7431   1157   3447 1.743905E-05 1.236584E-05 1.468002E-05 1.047527E-15 0.000000E+00
  7432     34   3447 1.048866E-04 1.075218E-05 5.695640E-05 1.115475E-14 0.000000E+00
  7433     67    262 3.915671E-05 2.900468E-05 3.357202E-05 6.759383E-14 0.000000E+00
  7434     47   1819 1.213893E-04 2.721275E-05 7.319207E-05 2.787272E-14 0.000000E+00
  7435   2106   2299 1.333199E-05 1.092762E-05 1.194876E-05 6.037438E-15 0.000000E+00
  7436     19   1710 9.609521E-05 7.145858E-06 5.085008E-05 8.281129E-16 0.000000E+00
  7437    811   2735 2.556405E-05 5.456590E-06 1.527882E-05 3.036414E-15 0.000000E+00
  7438     11    166 1.526934E-04 2.276738E-05 8.642101E-05 1.472130E-13 0.000000E+00
  7439     41   5099 3.509299E-05 9.904394E-06 2.216289E-05 6.398411E-15 0.000000E+00
  7440   3715   5086 1.373452E-05 6.651655E-06 1.004095E-05 4.812964E-16 0.000000E+00
  7441    511   1763 2.102408E-05 1.023658E-05 1.539704E-05 1.366032E-15 0.000000E+00
  7442    786   1721 2.157911E-05 9.371002E-06 1.524408E-05 1.075839E-15 0.000000E+00
  7443    259   1231 3.136855E-05 6.419441E-06 1.861200E-05 1.673213E-14 0.000000E+00
  7444    392   3464 3.115331E-05 8.802166E-06 1.967956E-05 4.140564E-15 0.000000E+00
  7445   1266   3464 1.637753E-05 8.283424E-06 1.214644E-05 1.946419E-15 0.000000E+00
  7446    455   1041 3.810411E-05 3.309168E-05 3.506659E-05 1.323565E-14 0.000000E+00
  7447   1531   2505 9.473730E-06 1.363723E-05 1.138301E-05 2.555118E-15 0.000000E+00
  7448   1466   2371 9.957571E-06 9.840536E-06 9.751306E-06 1.826095E-15 0.000000E+00
  7449    989   5835 3.589587E-05 4.648915E-06 1.996982E-05 1.911030E-16 0.000000E+00
  7450     27   3680 9.782550E-05 4.168131E-06 5.023567E-05 6.440878E-15 0.000000E+00
  7451    420   1620 2.961369E-05 7.780505E-06 1.841804E-05 9.725018E-15 0.000000E+00
  7452   1266   2505 2.810715E-05 2.803020E-05 2.764974E-05 9.838264E-16 0.000000E+00
  7453    455   1531 3.620705E-05 2.932498E-05 3.227697E-05 1.275435E-14 0.000000E+00
  7454    705   1531 1.519136E-05 1.858441E-05 1.663583E-05 8.727036E-15 0.000000E+00
  7455    629   3680 2.264760E-05 1.171399E-05 1.692437E-05 4.282122E-15 0.000000E+00
  7456    166    295 1.429669E-05 1.318606E-05 1.353628E-05 6.117419E-14 0.000000E+00
  7457     11    153 9.995257E-05 1.833308E-05 5.826009E-05 4.701062E-13 0.000000E+00
  7458    139   1796 4.900339E-05 1.741761E-05 3.271482E-05 2.027815E-14 0.000000E+00
  7459    237    329 3.239527E-05 2.184136E-05 2.671357E-05 2.438332E-14 0.000000E+00
  7460    617   1334 2.089288E-05 1.260348E-05 1.649821E-05 2.470183E-15 0.000000E+00
  7461    248    420 3.165676E-05 1.272574E-05 2.186004E-05 2.132568E-14 0.000000E+00
  7462     19   3637 4.890561E-05 1.874008E-05 3.331803E-05 2.661286E-15 0.000000E+00
  7463   2974   4509 1.487269E-05 1.330634E-05 1.387923E-05 3.850371E-15 0.000000E+00
  7464     19   4698 7.079757E-05 7.209907E-06 3.842159E-05 3.652190E-15 0.000000E+00
  7465   1529   1573 1.096478E-05 1.605558E-05 1.330854E-05 1.110521E-14 0.000000E+00
  7466    234    380 6.016432E-05 2.261519E-05 4.077200E-05 5.058567E-14 0.000000E+00
  7467   1013   1721 2.371795E-05 1.096060E-05 1.708048E-05 1.323565E-15 0.000000E+00
  7468    493   1527 3.898234E-05 1.752825E-05 2.783358E-05 3.170894E-15 0.000000E+00
  7469   1382   2019 3.643827E-05 1.270349E-05 2.420415E-05 3.085959E-15 0.000000E+00
  7470    392   1266 2.336117E-05 1.096649E-05 1.690765E-05 1.101319E-14 0.000000E+00
  7471   1131   2019 2.805298E-05 5.907959E-06 1.672703E-05 5.039456E-15 0.000000E+00
  7472    455   2505 4.760675E-05 2.708074E-05 3.678637E-05 2.746221E-15 0.000000E+00
  7473     37   1234 4.294095E-05 2.333362E-05 3.264270E-05 2.548040E-15 0.000000E+00
  7474   2371   5214 1.165280E-05 9.986645E-06 1.065824E-05 1.274020E-16 0.000000E+00
  7475   1184   5835 9.512560E-06 4.180759E-06 6.744471E-06 1.274020E-15 0.000000E+00
  7476    617   3898 2.051456E-05 5.973244E-06 1.304623E-05 1.550057E-15 0.000000E+00
  7477    262   6010 4.558672E-05 7.921677E-06 2.635488E-05 4.529848E-16 0.000000E+00
  7478     19    248 7.989678E-05 2.469706E-05 5.151637E-05 1.120430E-14 0.000000E+00
  7479   2735   3837 6.221964E-06 1.548045E-05 1.068925E-05 2.165834E-15 0.000000E+00
  7480    640   1763 2.943052E-05 1.596586E-05 2.235941E-05 2.654208E-15 0.000000E+00
  7481    336    640 4.322988E-05 1.669832E-05 2.951687E-05 9.583460E-15 0.000000E+00
  7482     41    511 4.084619E-05 3.616322E-05 3.793001E-05 2.746221E-15 0.000000E+00
  7483    493    640 2.925679E-05 1.967824E-05 2.410233E-05 2.158048E-14 0.000000E+00
  7484    656   1013 2.878061E-05 1.993586E-05 2.399468E-05 1.615174E-14 0.000000E+00
  7485    786   3138 1.844443E-05 1.863377E-05 1.826240E-05 1.132462E-15 0.000000E+00
  7486    321   3138 3.432507E-05 1.067149E-05 2.216248E-05 1.308701E-14 0.000000E+00
  7487     41    392 4.967413E-05 2.015924E-05 3.439554E-05 3.977773E-15 0.000000E+00
  7488   1041   6288 3.338792E-05 8.915316E-06 2.083592E-05 5.244715E-15 0.000000E+00
  7489   2354   4421 1.531922E-05 4.363613E-06 9.694532E-06 2.887778E-15 0.000000E+00
  7490    259    455 3.761984E-05 1.636843E-05 2.659124E-05 4.517816E-14 0.000000E+00
  7491    544   1270 2.966439E-05 1.802279E-05 2.348772E-05 1.868562E-14 0.000000E+00
  7492   1751   2371 6.831280E-06 7.524286E-06 7.070652E-06 2.632974E-15 0.000000E+00
  7493    989   1184 3.936664E-05 1.710160E-05 2.781271E-05 3.029336E-15 0.000000E+00
  7494    980   2781 1.711733E-05 4.384873E-06 1.059064E-05 2.484339E-15 0.000000E+00
  7495    297   6010 2.709895E-05 4.888164E-06 1.575485E-05 8.776581E-16 0.000000E+00
  7496    315    980 4.160841E-05 1.393172E-05 2.735559E-05 1.556428E-14 0.000000E+00
  7497   1819   4239 9.876031E-06 8.871396E-06 9.233807E-06 9.272033E-16 0.000000E+00
  7498   1191   1573 1.497022E-05 1.142944E-05 1.300282E-05 1.046112E-14 0.000000E+00
  7499    139    618 4.291752E-05 1.293529E-05 2.750960E-05 2.790103E-14 0.000000E+00
  7500    336   1013 3.176316E-05 2.561227E-05 2.825954E-05 1.569876E-14 0.000000E+00
  7501    674   3715 1.802455E-05 1.024382E-05 1.392323E-05 3.326607E-15 0.000000E+00
  7502    392    813 1.488774E-05 1.424618E-05 1.434954E-05 7.771521E-15 0.000000E+00
  7503   1462   2505 2.246832E-05 2.859536E-05 2.515077E-05 1.238630E-15 0.000000E+00
  7504   1266   1462 2.292011E-05 2.338504E-05 2.280702E-05 1.585447E-15 0.000000E+00
  7505     37   6126 4.377187E-05 6.808028E-06 2.491248E-05 3.064726E-15 0.000000E+00
  7506   2004   2186 3.804962E-05 2.306809E-05 3.010275E-05 2.555118E-15 0.000000E+00
  7507   3633   4820 7.091901E-06 6.881481E-06 6.882412E-06 1.734083E-15 0.000000E+00
  7508    297   3447 3.130458E-05 6.671758E-06 1.870476E-05 2.944401E-15 0.000000E+00
  7509     27     67 9.313340E-05 5.677080E-05 7.383341E-05 3.706761E-13 0.000000E+00
  7510     47     67 1.240234E-04 7.152322E-05 9.631402E-05 1.045687E-13 0.000000E+00
  7511    542   5977 1.852998E-05 4.251988E-06 1.122097E-05 1.500512E-15 0.000000E+00
  7512   1191   1529 1.283425E-05 1.674388E-05 1.456833E-05 1.797784E-15 0.000000E+00
  7513    334   4332 2.626214E-05 7.225782E-06 1.649405E-05 4.105175E-15 0.000000E+00
  7514   4256   6693 1.347407E-05 1.393630E-05 1.350063E-05 1.719927E-15 0.000000E+00
  7515   5693   6693 1.292603E-05 1.361038E-05 1.307017E-05 1.302331E-15 0.000000E+00
  7516    555   2119 1.529104E-05 1.106071E-05 1.297922E-05 5.966660E-15 0.000000E+00
  7517    380   1763 2.322442E-05 1.582960E-05 1.923556E-05 1.326396E-14 0.000000E+00
  7518    380    511 1.953404E-05 3.351882E-05 2.613052E-05 3.047031E-14 0.000000E+00
  7519   1013   1249 2.356330E-05 2.185918E-05 2.237227E-05 1.213150E-14 0.000000E+00
  7520     36   2152 9.141934E-05 2.418990E-05 5.694187E-05 1.573415E-14 0.000000E+00
  7521    259   4422 2.688817E-05 7.918881E-06 1.714377E-05 2.717909E-15 0.000000E+00
  7522    670   1811 1.702650E-05 1.193784E-05 1.426602E-05 9.654239E-15 0.000000E+00
  7523   1199   1286 1.832738E-05 1.420184E-05 1.602185E-05 4.048552E-15 0.000000E+00
  7524   2104   4113 1.467849E-05 2.425508E-05 1.917624E-05 2.342781E-15 0.000000E+00
  7525    315   1103 4.462472E-05 2.419256E-05 3.389508E-05 4.501537E-15 0.000000E+00
  7526    380    640 4.235138E-05 1.886005E-05 3.014891E-05 5.641077E-15 0.000000E+00
  7527    493   3715 2.849638E-05 1.233230E-05 2.010965E-05 5.478285E-15 0.000000E+00
  7528    493   3138 2.595738E-05 1.833975E-05 2.181799E-05 8.635023E-15 0.000000E+00
  7529     41   1231 6.409269E-05 1.351852E-05 3.822642E-05 1.310825E-14 0.000000E+00
  7530     41   3066 3.859616E-05 5.607904E-06 2.177215E-05 1.046820E-14 0.000000E+00
  7531    209    813 4.035900E-05 1.832739E-05 2.890524E-05 7.651197E-15 0.000000E+00
  7532    455   4422 1.944909E-05 5.296416E-06 1.218808E-05 5.832180E-15 0.000000E+00
  7533    432    455 2.125566E-05 2.175507E-05 2.118439E-05 4.163214E-14 0.000000E+00
  7534   3844   4113 6.572728E-06 3.178035E-05 1.889032E-05 2.965635E-15 0.000000E+00
  7535    629   3049 4.302208E-05 5.377489E-06 2.383860E-05 5.018223E-15 0.000000E+00
  7536   4349   6205 1.474566E-05 1.057804E-05 1.247287E-05 1.429733E-15 0.000000E+00
  7537    336    656 5.397768E-05 3.837481E-05 4.548705E-05 7.813988E-15 0.000000E+00
  7538   1165   2628 1.948081E-05 1.533789E-05 1.714951E-05 2.158756E-15 0.000000E+00
  7539    493    674 2.564997E-05 1.691260E-05 2.096365E-05 2.149555E-14 0.000000E+00
  7540    455   2280 2.347899E-05 9.112366E-06 1.605246E-05 3.298296E-15 0.000000E+00
  7541     27   1334 9.575999E-05 8.159507E-06 5.118423E-05 2.413560E-15 0.000000E+00
  7542    262   3447 3.073750E-05 1.527609E-05 2.266341E-05 4.246733E-15 0.000000E+00
  7543    248    295 1.914783E-05 3.224448E-05 2.531263E-05 3.345718E-14 0.000000E+00
  7544    378   3269 5.190234E-05 1.178576E-05 3.136877E-05 6.292242E-15 0.000000E+00
  7545    124    640 6.051016E-05 1.765169E-05 3.849763E-05 2.452488E-14 0.000000E+00
  7546    640   2773 2.357631E-05 1.566640E-05 1.932850E-05 5.336728E-15 0.000000E+00
  7547    674   1763 1.890333E-05 9.155899E-06 1.382022E-05 3.015180E-15 0.000000E+00
  7548    320    511 4.077633E-05 3.385249E-05 3.675748E-05 3.001025E-15 0.000000E+00
  7549   2202   3138 1.211863E-05 1.183890E-05 1.179998E-05 6.157763E-15 0.000000E+00
  7550    259   3045 2.508724E-05 1.181749E-05 1.817696E-05 2.986869E-15 0.000000E+00
  7551      8    558 8.871508E-05 1.773547E-05 5.243087E-05 9.644330E-14 0.000000E+00
  7552     27   2704 1.179360E-04 1.400088E-05 6.498382E-05 7.799833E-15 0.000000E+00
  7553     67   1819 6.072339E-05 1.633394E-05 3.795361E-05 1.589694E-14 0.000000E+00
  7554    210   2225 2.624300E-05 1.448102E-05 2.005810E-05 7.580418E-15 0.000000E+00
  7555     19    156 8.778173E-05 3.982877E-05 6.285293E-05 4.003961E-14 0.000000E+00
  7556   1710   3808 2.745641E-05 1.128117E-05 1.907971E-05 4.487381E-15 0.000000E+00
  7557    618    815 2.292698E-05 1.221137E-05 1.730695E-05 1.212442E-14 0.000000E+00
  7558    139    815 4.967613E-05 1.110342E-05 2.993620E-05 9.180021E-15 0.000000E+00
  7559   2122   4349 1.709348E-05 2.150225E-05 1.900984E-05 7.573340E-16 0.000000E+00
  7560    124    380 3.937765E-05 3.837201E-05 3.829461E-05 1.763810E-14 0.000000E+00
  7561    320    813 4.224518E-05 4.001794E-05 4.051766E-05 3.605476E-14 0.000000E+00
  7562   2354   6288 8.686925E-06 3.641820E-06 6.072367E-06 2.611741E-15 0.000000E+00
  7563    259    497 3.158424E-05 2.476123E-05 2.775225E-05 4.110837E-14 0.000000E+00
  7564   1354   1699 1.845482E-05 2.784971E-05 2.280671E-05 1.118306E-14 0.000000E+00
  7565   1286   1912 1.106600E-05 1.826825E-05 1.444821E-05 6.363021E-15 0.000000E+00
  7566     27   4820 1.047059E-04 9.286237E-06 5.614541E-05 1.535902E-15 0.000000E+00
  7567    352   1103 2.989317E-05 2.223579E-05 2.567546E-05 4.260889E-15 0.000000E+00
  7568    126    905 5.292789E-05 1.101550E-05 3.149451E-05 6.242697E-15 0.000000E+00
  7569    166   1710 2.888190E-05 2.700324E-05 2.752552E-05 1.465123E-15 0.000000E+00
  7570    152    173 2.053721E-05 1.412402E-05 1.707195E-05 1.134585E-13 0.000000E+00
  7571   2906   4349 1.455825E-05 1.553566E-05 1.482237E-05 2.144600E-15 0.000000E+00
  7572     41    320 3.501331E-05 1.429198E-05 2.428469E-05 1.514597E-13 0.000000E+00
  7573   6279   6288 8.367262E-06 8.315521E-06 8.216893E-06 1.557135E-15 0.000000E+00
  7574    209    321 4.121460E-05 4.312122E-05 4.153854E-05 1.413454E-14 0.000000E+00
  7575    861   4421 1.405508E-05 6.613713E-06 1.018015E-05 1.132462E-15 0.000000E+00
  7576   1041   1462 3.964922E-05 1.578960E-05 2.730569E-05 3.687580E-15 0.000000E+00
  7577   1131   1699 2.284214E-05 3.397805E-05 2.798606E-05 4.459069E-16 0.000000E+00
  7578    297    617 2.728712E-05 1.518850E-05 2.092083E-05 4.679192E-14 0.000000E+00
  7579    190   2781 6.181296E-05 6.221695E-06 3.350961E-05 2.434793E-15 0.000000E+00
  7580    352    732 2.384774E-05 1.584419E-05 1.954976E-05 3.405880E-14 0.000000E+00
  7581     19   2097 8.006452E-05 1.608043E-05 4.735498E-05 1.175637E-14 0.000000E+00
  7582    156    166 3.790137E-05 2.472969E-05 3.084813E-05 2.895564E-14 0.000000E+00
  7583    838   4349 1.692437E-05 8.362017E-06 1.245449E-05 2.087977E-15 0.000000E+00
  7584    236    380 6.096588E-05 2.776583E-05 4.370368E-05 1.337721E-14 0.000000E+00
  7585    336   2773 3.867640E-05 1.039064E-05 2.416735E-05 5.449974E-15 0.000000E+00
  7586    493   1763 2.516005E-05 9.948396E-06 1.729222E-05 7.856456E-16 0.000000E+00
  7587    493   2202 2.740383E-05 5.909457E-06 1.640804E-05 7.537951E-15 0.000000E+00
  7588   1209   1575 9.042295E-06 7.231123E-06 8.015265E-06 1.578369E-15 0.000000E+00
  7589    861   1041 1.564958E-05 3.889060E-05 2.686307E-05 1.649148E-15 0.000000E+00
  7590   1629   2186 1.315571E-05 1.414649E-05 1.344735E-05 4.855431E-15 0.000000E+00
  7591   3309   5248 1.177302E-05 5.743206E-06 8.627395E-06 2.314469E-15 0.000000E+00
  7592    190    329 3.430800E-05 3.866814E-05 3.594347E-05 5.861907E-14 0.000000E+00
  7593    297   2666 3.315291E-05 1.183765E-05 2.215953E-05 1.470077E-14 0.000000E+00
  7594     19     92 9.163341E-05 6.237887E-05 7.585679E-05 1.898997E-14 0.000000E+00
  7595    352   1207 3.192161E-05 9.871096E-06 2.058447E-05 1.203241E-14 0.000000E+00
  7596    156   3808 3.262444E-05 1.685626E-05 2.437109E-05 3.843293E-15 0.000000E+00
  7597    156    295 3.567452E-05 2.389705E-05 2.934122E-05 2.231658E-14 0.000000E+00
  7598    156   1710 3.264856E-05 3.169420E-05 3.169121E-05 8.755347E-15 0.000000E+00
  7599    203   1529 2.609322E-05 2.506050E-05 2.519512E-05 1.215981E-14 0.000000E+00
  7600   4256   5608 1.418994E-05 9.444773E-06 1.164098E-05 6.865551E-15 0.000000E+00
  7601   2122   2906 2.148803E-05 1.804646E-05 1.947222E-05 5.874647E-15 0.000000E+00
  7602     25   5521 8.476482E-05 5.858179E-06 4.463521E-05 2.894856E-15 0.000000E+00
  7603    320    380 4.075776E-05 3.014921E-05 3.492433E-05 3.221855E-14 0.000000E+00
  7604    209    493 5.470023E-05 3.062804E-05 4.202736E-05 2.417807E-14 0.000000E+00
  7605    861   6288 1.250060E-05 5.350409E-06 8.792286E-06 1.443889E-15 0.000000E+00
  7606   1751   2104 1.421833E-05 1.015921E-05 1.200685E-05 3.680502E-15 0.000000E+00
  7607    262    922 2.889284E-05 2.390041E-05 2.600265E-05 5.407506E-15 0.000000E+00
  7608     92    267 2.889616E-05 2.631126E-05 2.719171E-05 4.848353E-15 0.000000E+00
  7609   2011   2356 8.567633E-06 6.195139E-06 7.271216E-06 4.494459E-15 0.000000E+00
  7610     19   4732 9.433386E-05 1.182513E-05 5.228727E-05 3.836215E-15 0.000000E+00
  7611     11   4732 1.162674E-04 9.446192E-06 6.191863E-05 5.273027E-15 0.000000E+00
  7612   5361   5608 1.354188E-05 9.604592E-06 1.140050E-05 7.099122E-15 0.000000E+00
  7613   4256   5361 1.261804E-05 1.306942E-05 1.265203E-05 5.372117E-15 0.000000E+00
  7614   4256   5693 8.800164E-06 8.514233E-06 8.527987E-06 3.928228E-15 0.000000E+00
  7615    493   2773 3.110436E-05 1.236238E-05 2.140899E-05 6.752305E-15 0.000000E+00
  7616    493   3511 2.702360E-05 3.744662E-06 1.515452E-05 4.027318E-15 0.000000E+00
  7617    320    392 2.258778E-05 2.314756E-05 2.252636E-05 1.002229E-14 0.000000E+00
  7618   1209   1382 1.452508E-05 4.533436E-05 2.948301E-05 3.751281E-16 0.000000E+00
  7619    392    442 2.330521E-05 1.621111E-05 1.946326E-05 1.479986E-14 0.000000E+00
  7620    455    705 4.409717E-05 2.217669E-05 3.264235E-05 4.062708E-15 0.000000E+00
  7621     32     37 3.059150E-05 2.680062E-05 2.826776E-05 4.866756E-13 0.000000E+00
  7622      8    544 1.023876E-04 3.000141E-05 6.520653E-05 1.763810E-14 0.000000E+00
  7623   1912   3309 1.004109E-05 8.275182E-06 9.021449E-06 3.857449E-15 0.000000E+00
  7624    239    304 6.194281E-05 3.173256E-05 4.613861E-05 1.564213E-14 0.000000E+00
  7625    629   2704 2.963835E-05 1.428173E-05 2.163228E-05 8.097104E-15 0.000000E+00
  7626   3518   3597 6.135658E-06 5.045787E-06 5.507279E-06 8.281129E-16 0.000000E+00
  7627     11   6536 8.684134E-05 9.690858E-06 4.754571E-05 9.696707E-16 0.000000E+00
  7628      2   2066 2.641561E-04 1.061823E-05 1.353366E-04 1.052482E-14 0.000000E+00
  7629     32   2040 5.715602E-05 1.741166E-05 3.672737E-05 5.796790E-15 0.000000E+00
  7630   1975   2015 2.143434E-05 1.854138E-05 1.968953E-05 3.093037E-15 0.000000E+00
  7631   1286   3426 3.245404E-05 3.934195E-06 1.792256E-05 2.696675E-15 0.000000E+00
  7632    329   1547 3.303109E-05 1.719164E-05 2.473657E-05 1.578369E-15 0.000000E+00
  7633    422   2356 2.829047E-05 1.474121E-05 2.119471E-05 3.602645E-15 0.000000E+00
  7634    435    889 4.796947E-05 1.105279E-05 2.907066E-05 2.079483E-14 0.000000E+00
  7635   2097   4698 1.755404E-05 8.631763E-06 1.289748E-05 4.529848E-16 0.000000E+00
  7636    336   5122 4.390988E-05 2.020580E-05 3.157936E-05 2.965635E-15 0.000000E+00
  7637    861   6279 1.197331E-05 9.899070E-06 1.077296E-05 1.443889E-15 0.000000E+00
  7638    705   1462 2.442382E-05 1.436127E-05 1.910311E-05 3.546022E-15 0.000000E+00
  7639   1424   1850 2.209808E-05 1.576239E-05 1.864769E-05 7.311458E-15 0.000000E+00
  7640    617   4820 2.303139E-05 8.570222E-06 1.556497E-05 1.592525E-15 0.000000E+00
  7641    922   4820 2.750634E-05 6.768881E-06 1.688182E-05 4.671406E-16 0.000000E+00
  7642    542   1819 2.207112E-05 1.919439E-05 2.032480E-05 4.749263E-15 0.000000E+00
  7643     19   3743 6.764774E-05 9.449177E-06 3.797311E-05 2.562195E-15 0.000000E+00
  7644    126    203 3.859486E-05 1.784701E-05 2.779973E-05 2.133842E-13 0.000000E+00
  7645     11   2630 8.131580E-05 1.490206E-05 4.739089E-05 2.028523E-14 0.000000E+00
  7646    295   2066 2.505385E-05 1.105396E-05 1.778444E-05 1.741160E-15 0.000000E+00
  7647    156   2097 2.902473E-05 1.279640E-05 2.059847E-05 1.363909E-14 0.000000E+00
  7648    380    493 2.164387E-05 3.594757E-05 2.836593E-05 2.323671E-14 0.000000E+00
  7649    232   5438 4.334395E-05 5.269356E-06 2.394387E-05 2.236613E-15 0.000000E+00
  7650    190    980 5.500406E-05 2.233400E-05 3.809188E-05 9.625928E-15 0.000000E+00
  7651     92    297 3.052704E-05 1.727677E-05 2.354516E-05 8.802769E-14 0.000000E+00
  7652   1103   1552 2.170828E-05 1.232028E-05 1.676034E-05 8.174961E-15 0.000000E+00
  7653   2906   6205 1.649671E-05 1.344285E-05 1.474635E-05 1.783628E-15 0.000000E+00
  7654   2773   5122 1.359602E-05 2.020580E-05 1.664866E-05 4.954522E-16 0.000000E+00
  7655    320   6279 2.463204E-05 4.377627E-06 1.428834E-05 2.045510E-15 0.000000E+00
  7656    259    320 4.284934E-05 3.675475E-05 3.920799E-05 3.354919E-15 0.000000E+00
  7657    442   1266 2.773889E-05 1.625683E-05 2.166954E-05 7.014187E-15 0.000000E+00
  7658    455   1462 3.242729E-05 1.313711E-05 2.244216E-05 4.310434E-15 0.000000E+00
  7659    442    461 4.801542E-05 3.072039E-05 3.878032E-05 8.988918E-15 0.000000E+00
  7660   1354   1628 2.710177E-05 1.655672E-05 2.150344E-05 8.811971E-15 0.000000E+00
  7661   1048   1286 2.013957E-05 1.057403E-05 1.512759E-05 4.876665E-15 0.000000E+00
  7662   1668   1811 1.605530E-05 1.136060E-05 1.350336E-05 6.554124E-15 0.000000E+00
  7663   1424   1668 1.968377E-05 2.920293E-05 2.407852E-05 8.642101E-15 0.000000E+00
  7664    232   1248 4.821912E-05 1.553518E-05 3.140137E-05 1.903952E-14 0.000000E+00
  7665   1342   2011 3.079243E-05 2.389301E-05 2.693462E-05 2.364015E-15 0.000000E+00
  7666   1133   1183 1.961919E-05 1.538888E-05 1.724278E-05 1.039742E-14 0.000000E+00
  7667    153    156 1.934738E-05 3.471616E-05 2.662831E-05 1.151289E-13 0.000000E+00
  7668    209    320 5.165704E-05 7.008077E-05 5.996042E-05 3.991929E-14 0.000000E+00
  7669   1209   1391 1.566666E-05 2.511657E-05 2.008726E-05 1.037618E-14 0.000000E+00
  7670     37   4426 4.885065E-05 1.204818E-05 2.999495E-05 1.642070E-15 0.000000E+00
  7671   1628   1699 2.216197E-05 5.754382E-06 1.374985E-05 1.741160E-15 0.000000E+00
  7672   1048   1803 1.535862E-05 1.486124E-05 1.488441E-05 7.799833E-15 0.000000E+00
  7673    304    558 5.082933E-05 2.208973E-05 3.591536E-05 3.192127E-15 0.000000E+00
  7674    190    237 5.167077E-05 2.114366E-05 3.586382E-05 1.116962E-13 0.000000E+00
  7675   1742   2666 2.124140E-05 2.347671E-05 2.202534E-05 3.914072E-15 0.000000E+00
  7676    617    922 2.806536E-05 2.033199E-05 2.383750E-05 1.591109E-14 0.000000E+00
  7677    125   2993 5.836770E-05 1.076612E-05 3.405099E-05 2.049049E-14 0.000000E+00
  7678    125   1342 5.312063E-05 2.977463E-05 4.082901E-05 2.902642E-14 0.000000E+00
  7679    126   1836 3.291035E-05 1.130856E-05 2.177946E-05 1.218812E-14 0.000000E+00
  7680    203    618 3.285548E-05 1.378426E-05 2.297181E-05 1.333474E-14 0.000000E+00
  7681   5693   6215 1.500510E-05 1.553193E-05 1.504063E-05 6.200230E-15 0.000000E+00
  7682     41    380 6.084102E-05 2.615748E-05 4.285001E-05 6.879707E-14 0.000000E+00
  7683    789   2628 1.854572E-05 1.248207E-05 1.528234E-05 5.032378E-15 0.000000E+00
  7684      8    304 1.011418E-04 3.241123E-05 6.577986E-05 1.769260E-13 0.000000E+00
  7685   1547   2993 1.627014E-05 1.404299E-05 1.493035E-05 7.637041E-15 0.000000E+00
  7686   2866   4429 8.251437E-06 4.622619E-06 6.340953E-06 1.217397E-15 0.000000E+00
  7687    320    442 2.712394E-05 2.080509E-05 2.360683E-05 3.819936E-14 0.000000E+00
  7688     37   2038 5.056427E-05 1.011462E-05 2.988662E-05 8.373142E-15 0.000000E+00
  7689    455    861 3.361040E-05 1.810604E-05 2.547228E-05 5.039456E-15 0.000000E+00
  7690      8   6584 8.714927E-05 1.198598E-05 4.882781E-05 9.831186E-15 0.000000E+00
  7691    755   1912 1.970683E-05 1.543369E-05 1.730802E-05 2.052588E-16 0.000000E+00
  7692   1850   2573 1.233844E-05 9.658438E-06 1.083428E-05 6.886785E-15 0.000000E+00
  7693     92    922 3.228838E-05 1.577050E-05 2.367079E-05 2.514066E-14 0.000000E+00
  7694    320    493 5.649471E-05 3.576039E-05 4.543908E-05 1.785751E-14 0.000000E+00
  7695    320    861 3.325838E-05 1.347966E-05 2.302023E-05 6.759383E-15 0.000000E+00
  7696    670   1628 3.159380E-05 8.436896E-06 1.971661E-05 3.305374E-15 0.000000E+00
  7697    755   3309 1.836969E-05 1.070534E-05 1.432054E-05 6.086984E-16 0.000000E+00
  7698     27   2691 9.359985E-05 2.254459E-05 5.720547E-05 1.535194E-14 0.000000E+00
  7699    422   6047 2.605425E-05 1.905036E-05 2.221570E-05 1.380188E-15 0.000000E+00
  7700     99   2225 5.169251E-05 7.864786E-06 2.933419E-05 2.420638E-15 0.000000E+00
  7701    747   1494 2.140714E-05 1.281748E-05 1.685690E-05 1.349045E-14 0.000000E+00
  7702    259    861 4.156761E-05 1.910887E-05 2.988543E-05 1.575538E-14 0.000000E+00
  7703    861   1462 1.362954E-05 1.209344E-05 1.266953E-05 9.739174E-15 0.000000E+00
  7704    755   1286 2.652095E-05 1.057403E-05 1.827066E-05 2.838233E-15 0.000000E+00
  7705    739   2993 1.646615E-05 8.644538E-06 1.236795E-05 4.812964E-15 0.000000E+00
  7706     27    922 9.565646E-05 2.358039E-05 5.872860E-05 4.118623E-14 0.000000E+00
  7707    459   1103 2.388014E-05 1.479576E-05 1.904932E-05 4.954522E-14 0.000000E+00
  7708     11    156 1.472328E-04 4.878394E-05 9.654556E-05 3.146121E-14 0.000000E+00
  7709    755   1048 2.361061E-05 1.952939E-05 2.124806E-05 5.145625E-15 0.000000E+00
  7710    422   1687 1.961311E-05 1.501497E-05 1.705562E-05 7.474250E-15 0.000000E+00
  7711   1342   2356 3.579081E-05 1.726878E-05 2.613383E-05 1.854407E-15 0.000000E+00
  7712   2118   5681 1.532056E-05 9.372963E-06 1.216248E-05 3.432776E-15 0.000000E+00
  7713     67    542 5.900250E-05 2.431834E-05 4.103863E-05 3.824891E-14 0.000000E+00
  7714   1053   1207 1.604946E-05 1.762824E-05 1.658752E-05 6.709838E-15 0.000000E+00
  7715    125   1029 6.224328E-05 1.902132E-05 4.002585E-05 4.264428E-14 0.000000E+00
  7716    125   5681 5.756609E-05 6.864870E-06 3.173465E-05 4.423680E-15 0.000000E+00
  7717    126    731 6.042500E-05 1.399899E-05 3.665659E-05 5.694869E-14 0.000000E+00
  7718   1494   2630 2.543434E-05 1.227701E-05 1.857425E-05 9.555149E-16 0.000000E+00
  7719   2122   6692 1.669013E-05 6.947080E-06 1.164221E-05 5.089001E-15 0.000000E+00
  7720    838   2906 1.573829E-05 1.076012E-05 1.305146E-05 1.210319E-15 0.000000E+00
  7721      8    239 9.432414E-05 1.466070E-05 5.367910E-05 4.008703E-13 0.000000E+00
  7722    125   5917 6.476209E-05 6.076416E-06 3.489061E-05 1.366740E-14 0.000000E+00
  7723    732   1207 2.453077E-05 1.379017E-05 1.887449E-05 1.066638E-14 0.000000E+00
  7724    732   1053 2.284376E-05 1.766854E-05 1.995382E-05 4.381213E-15 0.000000E+00
  7725    542   2890 3.236982E-05 7.602115E-06 1.968767E-05 1.008599E-14 0.000000E+00
  7726    838   2122 1.509713E-05 1.564439E-05 1.514135E-05 1.351877E-15 0.000000E+00
  7727   1424   1883 2.445433E-05 2.438308E-05 2.405425E-05 3.142582E-15 0.000000E+00
  7728    485   1048 4.281350E-05 1.635090E-05 2.914068E-05 2.873623E-15 0.000000E+00
  7729   1803   4892 1.608284E-05 6.104449E-06 1.092807E-05 2.017198E-15 0.000000E+00
  7730     37   2654 8.850643E-05 4.981132E-06 4.604611E-05 5.917114E-15 0.000000E+00
  7731      8     32 7.764546E-05 4.124197E-05 5.855649E-05 1.107017E-12 0.000000E+00
  7732   1342   2993 4.002668E-05 2.560160E-05 3.232438E-05 1.493434E-15 0.000000E+00
  7733    513   1207 1.758456E-05 1.335073E-05 1.523678E-05 9.307423E-15 0.000000E+00
  7734    485    755 3.395222E-05 1.771574E-05 2.544840E-05 2.414268E-14 0.000000E+00
  7735   1668   1883 2.925994E-05 2.720691E-05 2.781203E-05 4.352901E-15 0.000000E+00
  7736      8   2718 1.170927E-04 7.645452E-06 6.143821E-05 4.926210E-15 0.000000E+00
  7737    125   5816 6.186262E-05 6.065235E-06 3.345701E-05 9.073852E-15 0.000000E+00
  7738    739   1547 1.869576E-05 1.137912E-05 1.481300E-05 2.456027E-15 0.000000E+00
  7739     67     92 2.219322E-05 1.972168E-05 2.064465E-05 3.335242E-13 0.000000E+00
  7740   2118   2356 2.472449E-05 1.955421E-05 2.180891E-05 2.052588E-16 0.000000E+00
  7741   1342   2118 1.375484E-05 1.331150E-05 1.333118E-05 1.737622E-14 0.000000E+00
  7742    203    731 4.046018E-05 1.781679E-05 2.870358E-05 2.052588E-15 0.000000E+00
  7743     37     50 4.864625E-05 3.909991E-05 4.321826E-05 3.176061E-13 0.000000E+00
  7744   1628   1668 1.059026E-05 1.908783E-05 1.461757E-05 6.596592E-15 0.000000E+00
  7745     31   1756 4.355027E-05 1.209092E-05 2.740536E-05 1.939341E-14 0.000000E+00
  7746    617   1647 2.612924E-05 8.998946E-06 1.730194E-05 5.633999E-15 0.000000E+00
  7747   2356   6040 2.066518E-05 1.438192E-05 1.726201E-05 1.911030E-16 0.000000E+00
  7748    203    335 2.630313E-05 2.469331E-05 2.511765E-05 3.117102E-14 0.000000E+00
  7749    891   1046 2.171085E-05 2.562292E-05 2.331365E-05 7.629963E-15 0.000000E+00
  7750   1226   1391 1.887805E-05 2.167766E-05 1.997520E-05 1.045404E-14 0.000000E+00
  7751   1853   6607 1.182801E-05 7.144555E-06 9.344697E-06 6.086984E-16 0.000000E+00
  7752    237   2369 4.657810E-05 7.638133E-06 2.670352E-05 1.054605E-15 0.000000E+00
  7753    125   4373 6.764665E-05 9.698293E-06 3.809527E-05 4.246733E-15 0.000000E+00
  7754    542   3065 2.103636E-05 8.500750E-06 1.454813E-05 4.883743E-15 0.000000E+00
  7755    513   1595 1.683824E-05 1.343605E-05 1.491122E-05 7.637041E-15 0.000000E+00
  7756    435   1494 2.797144E-05 2.991468E-05 2.851107E-05 1.839543E-14 0.000000E+00
  7757     37   2193 9.930501E-05 1.766506E-05 5.761212E-05 1.514668E-14 0.000000E+00
  7758   1226   4375 2.012824E-05 1.023624E-05 1.495564E-05 5.810946E-15 0.000000E+00
  7759      8   2015 8.765513E-05 1.128341E-05 4.873092E-05 4.791730E-15 0.000000E+00
  7760    125   2369 6.903642E-05 1.491454E-05 4.134898E-05 1.916692E-14 0.000000E+00
  7761   3856   5807 8.073871E-06 1.040333E-05 9.100710E-06 2.618819E-16 0.000000E+00
  7762    125    739 6.400866E-05 1.381124E-05 3.832921E-05 4.181616E-14 0.000000E+00
  7763   1156   1547 1.307641E-05 1.636428E-05 1.450064E-05 5.541986E-15 0.000000E+00
  7764    513   1053 1.132796E-05 1.313219E-05 1.204754E-05 7.254835E-15 0.000000E+00
  7765    243    732 4.896199E-05 2.100034E-05 3.445906E-05 2.244398E-14 0.000000E+00
  7766     36   4441 6.042952E-05 1.905716E-05 3.915016E-05 2.144600E-15 0.000000E+00
  7767      8   6607 7.888969E-05 6.870285E-06 4.223999E-05 4.055630E-15 0.000000E+00
  7768     32   2896 6.212932E-05 1.491851E-05 3.794893E-05 2.321547E-15 0.000000E+00
  7769   1850   1883 1.638541E-05 1.574685E-05 1.582634E-05 7.396393E-15 0.000000E+00
  7770   1156   6047 2.133100E-05 2.116917E-05 2.093292E-05 2.187067E-15 0.000000E+00
  7771    125   3888 5.034818E-05 7.206177E-06 2.834767E-05 1.535902E-14 0.000000E+00
  7772    459    730 3.906179E-05 2.382253E-05 3.097287E-05 1.599603E-14 0.000000E+00
  7773     67   2890 6.598767E-05 1.581554E-05 4.029113E-05 2.321547E-15 0.000000E+00
  7774    203   4649 2.379495E-05 8.884707E-06 1.609595E-05 2.809922E-15 0.000000E+00
  7775   2933   6225 1.476587E-05 7.743948E-06 1.108693E-05 8.599634E-15 0.000000E+00
  7776   6465   6607 1.043743E-05 1.022195E-05 1.017551E-05 1.811939E-15 0.000000E+00
  7777   1883   2573 3.258317E-05 2.690506E-05 2.930017E-05 3.220439E-15 0.000000E+00
  7778   1674   6047 1.965860E-05 1.310874E-05 1.613914E-05 2.710831E-15 0.000000E+00
  7779   1342   6040 3.572457E-05 9.451911E-06 2.225110E-05 1.698693E-15 0.000000E+00
  7780   1609   1628 3.144091E-05 1.081220E-05 2.081124E-05 2.491417E-15 0.000000E+00
  7781   1853   3205 7.098219E-06 9.761761E-06 8.304169E-06 3.454009E-15 0.000000E+00
  7782   3126   5681 1.834140E-05 4.635904E-06 1.131718E-05 1.500512E-15 0.000000E+00
  7783    335   3154 3.531832E-05 6.111669E-06 2.040582E-05 4.600627E-15 0.000000E+00
  7784   1609   1668 1.298689E-05 1.371527E-05 1.315181E-05 1.345507E-14 0.000000E+00
  7785      8   1853 7.720693E-05 9.474838E-06 4.269401E-05 2.138938E-14 0.000000E+00
  7786    243   1053 4.223543E-05 1.048781E-05 2.596816E-05 2.515481E-14 0.000000E+00
  7787    906   6181 1.064996E-05 6.754824E-06 8.572507E-06 9.696707E-16 0.000000E+00
  7788      8   2307 9.427813E-05 6.062343E-06 4.942143E-05 7.396393E-15 0.000000E+00
  7789      8   6465 7.298606E-05 3.954472E-06 3.789608E-05 1.264819E-14 0.000000E+00
  7790     67    922 5.199909E-05 2.494580E-05 3.789823E-05 2.201223E-15 0.000000E+00
  7791    125   6081 2.260165E-05 6.596230E-06 1.438104E-05 9.625928E-16 0.000000E+00
  7792   2118   5874 2.498774E-05 1.309728E-05 1.875830E-05 1.047527E-15 0.000000E+00
  7793    335    731 3.356611E-05 1.673166E-05 2.477353E-05 9.456058E-15 0.000000E+00
  7794    789    891 2.090000E-05 1.552779E-05 1.794205E-05 5.032378E-15 0.000000E+00
  7795      8     37 8.202866E-05 3.338411E-05 5.684510E-05 8.580736E-13 0.000000E+00
  7796    739   1925 1.813920E-05 1.621443E-05 1.692044E-05 4.204265E-15 0.000000E+00
  7797    922   1647 3.375819E-05 9.179795E-06 2.114856E-05 3.878683E-15 0.000000E+00
  7798    554   3154 4.870250E-05 7.326690E-06 2.759647E-05 2.179990E-15 0.000000E+00
  7799    906   2933 1.435994E-05 1.709846E-05 1.549444E-05 2.342781E-15 0.000000E+00
  7800    297   1647 3.098760E-05 2.455529E-05 2.735695E-05 9.958588E-15 0.000000E+00
  7801    125   1682 2.142737E-05 1.358230E-05 1.724357E-05 1.230137E-14 0.000000E+00
  7802   2118   6040 3.103553E-05 9.726974E-06 2.007705E-05 1.840251E-15 0.000000E+00
  7803    286   6047 3.108186E-05 1.666590E-05 2.351755E-05 1.040450E-15 0.000000E+00
  7804   4849   5673 1.401505E-05 1.363076E-05 1.361659E-05 1.415578E-15 0.000000E+00
  7805    459    749 3.448426E-05 2.073087E-05 2.719551E-05 2.003042E-14 0.000000E+00
  7806    730    749 2.410917E-05 1.546878E-05 1.949362E-05 1.071592E-14 0.000000E+00
  7807    513   4322 1.832716E-05 7.217426E-06 1.258166E-05 3.206283E-15 0.000000E+00
  7808    335    554 1.726922E-05 2.397422E-05 2.031393E-05 5.324695E-14 0.000000E+00
  7809    173   1239 3.820034E-05 1.176335E-05 2.460898E-05 9.158787E-15 0.000000E+00
  7810   3334   6225 6.185285E-06 1.045173E-05 8.194349E-06 2.901934E-15 0.000000E+00
  7811   5597   6225 1.431555E-05 1.797652E-05 1.590505E-05 1.642070E-15 0.000000E+00
  7812     67   1263 4.574662E-05 1.599715E-05 3.041111E-05 1.631453E-14 0.000000E+00
  7813   2909   4072 1.446250E-05 6.523406E-06 1.033634E-05 7.276069E-15 0.000000E+00
  7814   1149   2933 2.385435E-05 3.080401E-05 2.692128E-05 6.341788E-15 0.000000E+00
  7815    789   1509 1.552024E-05 2.052809E-05 1.775515E-05 9.392357E-15 0.000000E+00
  7816     36     50 3.625974E-05 3.014573E-05 3.270717E-05 6.278299E-13 0.000000E+00
  7817     32     36 3.695195E-05 3.424922E-05 3.506923E-05 6.486035E-13 0.000000E+00
  7818    739   2165 2.497832E-05 1.418521E-05 1.928950E-05 4.381213E-15 0.000000E+00
  7819     27   3714 1.183035E-04 8.958394E-06 6.268123E-05 3.319529E-15 0.000000E+00
  7820   1156   2996 1.501586E-05 1.280234E-05 1.370150E-05 5.379195E-15 0.000000E+00
  7821   1674   2996 9.841262E-06 2.178764E-05 1.557842E-05 1.613758E-15 0.000000E+00
  7822    125   2574 8.145676E-05 1.850488E-05 4.923484E-05 1.216689E-14 0.000000E+00
  7823   2451   4373 1.889481E-05 9.055835E-06 1.376673E-05 1.535902E-15 0.000000E+00
  7824    541   1558 1.903828E-05 1.576597E-05 1.714239E-05 9.293267E-15 0.000000E+00
  7825     36   1859 1.125049E-04 6.209885E-06 5.847145E-05 6.985875E-15 0.000000E+00
  7826    922   3714 1.924853E-05 7.983980E-06 1.341303E-05 8.847360E-16 0.000000E+00
  7827   1342   3888 1.376977E-05 1.057831E-05 1.199234E-05 1.719927E-15 0.000000E+00
  7828   1342   3126 1.551533E-05 1.741332E-05 1.621859E-05 4.048552E-15 0.000000E+00
  7829   1263   2608 2.250057E-05 2.804507E-05 2.489561E-05 3.227517E-15 0.000000E+00
  7830     99    127 3.531100E-05 2.187590E-05 2.816668E-05 1.225819E-13 0.000000E+00
  7831   1967   4375 1.450057E-05 9.823922E-06 1.198072E-05 2.689597E-16 0.000000E+00
  7832    125   3038 6.754600E-05 6.590300E-06 3.651489E-05 6.561202E-15 0.000000E+00
  7833    125    662 4.732849E-05 1.364911E-05 3.003374E-05 5.001236E-14 0.000000E+00
  7834    739   1156 2.668966E-05 2.922930E-05 2.754217E-05 2.618819E-16 0.000000E+00
  7835   1156   4811 3.110893E-05 1.757450E-05 2.397841E-05 7.361004E-16 0.000000E+00
  7836   1342   2996 5.342485E-05 1.520890E-05 3.380468E-05 5.442896E-15 0.000000E+00
  7837    125   1302 8.097816E-05 2.250549E-05 5.096956E-05 2.213963E-14 0.000000E+00
  7838    286   3052 3.314220E-05 4.990363E-06 1.878171E-05 7.276069E-15 0.000000E+00
  7839    215   1183 4.347537E-05 2.201521E-05 3.225656E-05 1.754608E-14 0.000000E+00
  7840   1896   2964 1.239097E-05 2.254016E-05 1.720488E-05 1.114767E-14 0.000000E+00
  7841   2933   3334 1.858863E-05 1.174164E-05 1.493879E-05 4.098097E-15 0.000000E+00
  7842     32     50 5.315397E-05 2.742367E-05 3.968750E-05 2.544430E-13 0.000000E+00
  7843      8    256 1.275464E-04 3.095896E-05 7.806982E-05 2.840923E-13 0.000000E+00
  7844     92   1647 5.281975E-05 2.345837E-05 3.756982E-05 8.139571E-16 0.000000E+00
  7845    125   4811 6.907743E-05 9.225281E-06 3.856701E-05 2.279080E-15 0.000000E+00
  7846    739   4811 2.523456E-05 1.809527E-05 2.134156E-05 4.883743E-16 0.000000E+00
  7847   3334   5597 5.270519E-06 7.203609E-06 6.143973E-06 1.507590E-15 0.000000E+00
  7848   1883   3673 1.545018E-05 5.612408E-06 1.037411E-05 2.243690E-15 0.000000E+00
  7849   2996   6080 1.580353E-05 4.764415E-06 1.013048E-05 1.252786E-15 0.000000E+00
  7850    243    730 4.721373E-05 1.913476E-05 3.267911E-05 2.138230E-14 0.000000E+00
  7851   1925   3038 1.896326E-05 1.204880E-05 1.527460E-05 3.829137E-15 0.000000E+00
  7852   1925   2165 1.223077E-05 1.362825E-05 1.273653E-05 3.687580E-15 0.000000E+00
  7853    125   1241 3.506273E-05 3.363460E-05 3.383600E-05 7.962624E-15 0.000000E+00
  7854    487   1156 1.749766E-05 1.420785E-05 1.561615E-05 1.705771E-15 0.000000E+00
  7855   4849   5874 9.881552E-06 8.985157E-06 9.292558E-06 4.529848E-16 0.000000E+00
  7856    153    751 5.060532E-05 2.426430E-05 3.687608E-05 1.365325E-14 0.000000E+00
  7857   5597   6194 1.437186E-05 1.184708E-05 1.291380E-05 7.148667E-15 0.000000E+00
  7858    891   1057 2.188635E-05 2.017657E-05 2.071756E-05 8.047559E-15 0.000000E+00
  7859      8    920 9.998907E-05 1.615144E-05 5.720353E-05 1.069257E-13 0.000000E+00
  7860   1883   2227 2.677860E-05 2.037875E-05 2.322675E-05 8.918139E-15 0.000000E+00
  7861     67   3714 6.305463E-05 8.024514E-06 3.500913E-05 4.013162E-15 0.000000E+00
  7862   3126   5874 4.981696E-06 4.869244E-06 4.851956E-06 1.847329E-15 0.000000E+00
  7863   2451   3126 1.921805E-05 1.225568E-05 1.550199E-05 8.535933E-15 0.000000E+00
  7864   2451   4830 1.369801E-05 9.433120E-06 1.139295E-05 1.231553E-15 0.000000E+00
  7865   1302   2451 2.147741E-05 2.385372E-05 2.232727E-05 1.627914E-15 0.000000E+00
  7866   1569   2686 3.159869E-05 1.011341E-05 2.054476E-05 2.158756E-15 0.000000E+00
  7867   1302   2574 1.417708E-05 1.429106E-05 1.402162E-05 2.342781E-15 0.000000E+00
  7868    513   3052 1.847913E-05 9.811361E-06 1.393412E-05 1.443889E-15 0.000000E+00
  7869     36    485 1.023111E-04 2.470975E-05 6.256251E-05 1.199702E-13 0.000000E+00
  7870   2991   5874 1.713728E-05 8.174701E-06 1.246709E-05 4.175954E-16 0.000000E+00
  7871    214    732 4.284454E-05 3.897635E-05 4.029984E-05 2.831155E-16 0.000000E+00
  7872    286   4849 3.562108E-05 7.943298E-06 2.145708E-05 4.225499E-15 0.000000E+00
  7873   2451   5902 1.473480E-05 1.176464E-05 1.305196E-05 5.096079E-16 0.000000E+00
  7874    335    490 2.186463E-05 3.462210E-05 2.782182E-05 2.399404E-15 0.000000E+00
  7875   1674   4136 1.135937E-05 7.399683E-06 9.239534E-06 1.429733E-15 0.000000E+00
  7876    126    756 6.107089E-05 2.285026E-05 4.133430E-05 1.044696E-14 0.000000E+00
  7877    751   6570 2.359545E-05 6.088764E-06 1.462058E-05 1.613758E-15 0.000000E+00
  7878    490    554 1.762042E-05 2.264835E-05 1.983388E-05 5.274442E-14 0.000000E+00
  7879   2933   5597 2.253331E-05 1.580537E-05 1.888323E-05 1.684537E-15 0.000000E+00
  7880     50   3612 6.338606E-05 8.284903E-06 3.530062E-05 6.193152E-15 0.000000E+00
  7881   1569   4315 3.003683E-05 1.119500E-05 2.030821E-05 4.812964E-16 0.000000E+00
  7882    485   2686 3.091258E-05 1.125440E-05 2.076881E-05 2.243690E-15 0.000000E+00
  7883    662   1029 2.529652E-05 2.105477E-05 2.282974E-05 3.864527E-15 0.000000E+00
  7884    125   1304 4.533863E-05 1.401524E-05 2.923400E-05 3.715183E-14 0.000000E+00
  7885    487   1674 2.499090E-05 1.126794E-05 1.785884E-05 2.873623E-15 0.000000E+00
  7886    214    286 2.270868E-05 1.365808E-05 1.791199E-05 9.334319E-14 0.000000E+00
  7887    335   1630 2.624305E-05 5.378270E-05 3.941566E-05 3.227517E-15 0.000000E+00
  7888    662   3038 2.729181E-05 9.369015E-06 1.805683E-05 1.613758E-15 0.000000E+00
  7889   1342   3019 1.948164E-05 1.336505E-05 1.617822E-05 2.399404E-15 0.000000E+00
  7890   4136   6080 7.256234E-06 6.272768E-06 6.663538E-06 9.767485E-16 0.000000E+00
  7891   2153   3126 1.123856E-05 1.095386E-05 1.093060E-05 2.144600E-15 0.000000E+00
  7892    153   1200 3.193183E-05 2.107556E-05 2.610812E-05 2.188483E-14 0.000000E+00
  7893    891   1546 1.374640E-05 1.295383E-05 1.315086E-05 9.540993E-15 0.000000E+00
  7894     37   3278 8.216799E-05 4.534294E-06 4.270411E-05 3.340763E-15 0.000000E+00
  7895   1057   2232 1.280996E-05 1.024390E-05 1.135489E-05 5.577376E-15 0.000000E+00
  7896    662   1241 2.094248E-05 2.055958E-05 2.044131E-05 9.583460E-15 0.000000E+00
  7897    127    243 2.778016E-05 4.315836E-05 3.493987E-05 1.220440E-13 0.000000E+00
  7898   1896   3264 9.012543E-06 6.220454E-06 7.502820E-06 3.687580E-15 0.000000E+00
  7899   1602   3673 1.331443E-05 5.313637E-06 9.175017E-06 1.288176E-15 0.000000E+00
  7900   4086   5834 2.017755E-05 8.966681E-06 1.435462E-05 9.130476E-16 0.000000E+00
  7901   1464   1682 8.145365E-06 1.038613E-05 9.127452E-06 4.282122E-15 0.000000E+00
  7902    203    756 3.466593E-05 2.180432E-05 2.781371E-05 5.096079E-16 0.000000E+00
  7903    294    485 2.360234E-05 2.347854E-05 2.318909E-05 1.281806E-14 0.000000E+00
  7904    541   2898 2.064924E-05 4.110756E-06 1.219522E-05 2.647130E-15 0.000000E+00
  7905    214    243 2.251944E-05 3.720094E-05 2.941452E-05 5.390520E-14 0.000000E+00
  7906   1278   1630 1.377286E-05 9.284539E-06 1.135663E-05 2.389495E-14 0.000000E+00
  7907   1302   1885 1.249313E-05 2.820798E-05 2.004682E-05 5.789712E-15 0.000000E+00
  7908    147   2964 4.589403E-05 1.155623E-05 2.829639E-05 1.334182E-14 0.000000E+00
  7909    485   4690 2.248675E-05 4.507451E-06 1.329565E-05 3.206283E-15 0.000000E+00
  7910   1241   1464 3.421730E-05 1.186702E-05 2.269825E-05 4.402446E-15 0.000000E+00
  7911   2877   4902 1.231088E-05 1.708084E-05 1.447652E-05 1.535902E-15 0.000000E+00
  7912   2991   5547 1.126910E-05 9.843866E-06 1.039892E-05 4.742185E-15 0.000000E+00
  7913    286   5547 4.215984E-05 8.234783E-06 2.482123E-05 6.433800E-15 0.000000E+00
  7914    751   1594 1.865722E-05 1.138457E-05 1.479670E-05 6.985875E-15 0.000000E+00
  7915    190    310 4.527363E-05 2.919974E-05 3.668091E-05 7.110446E-14 0.000000E+00
  7916   2165   3263 1.408407E-05 7.827608E-06 1.079232E-05 3.701735E-15 0.000000E+00
  7917   4136   6079 9.284658E-06 8.990983E-06 9.001435E-06 9.625928E-16 0.000000E+00
  7918    214   3052 3.059829E-05 7.847446E-06 1.893596E-05 5.449974E-16 0.000000E+00
  7919   2017   2287 1.856909E-05 1.093097E-05 1.452988E-05 7.007109E-15 0.000000E+00
  7920   3810   3985 1.131096E-05 1.243138E-05 1.169398E-05 3.121349E-15 0.000000E+00
  7921   1510   3182 1.527909E-05 6.329774E-06 1.064317E-05 1.790706E-15 0.000000E+00
  7922   1090   1609 1.628639E-05 1.205819E-05 1.396076E-05 1.302331E-15 0.000000E+00
  7923    239   3831 2.151235E-05 9.887783E-06 1.546574E-05 2.951479E-15 0.000000E+00
  7924   1302   5932 2.402825E-05 8.329139E-06 1.593722E-05 2.116289E-15 0.000000E+00
  7925   4086   5839 2.338062E-05 5.553351E-06 1.425106E-05 6.086984E-16 0.000000E+00
  7926   3263   3720 2.031840E-05 4.126293E-06 1.203992E-05 1.755316E-15 0.000000E+00
  7927    487   3720 2.670733E-05 1.075278E-05 1.845050E-05 3.567256E-15 0.000000E+00
  7928   1304   2877 2.330409E-05 1.361775E-05 1.818539E-05 3.737125E-15 0.000000E+00
  7929   2451   5932 2.837739E-05 7.670721E-06 1.775504E-05 1.259864E-15 0.000000E+00
  7930   2933   4974 3.147902E-05 2.742149E-05 2.901070E-05 3.156738E-15 0.000000E+00
  7931   3010   5651 2.252627E-05 2.004684E-05 2.096884E-05 1.358954E-15 0.000000E+00
  7932   1090   6606 1.574691E-05 6.271142E-06 1.084471E-05 1.026294E-15 0.000000E+00
  7933    662   5839 3.060596E-05 9.041462E-06 1.952783E-05 2.335703E-15 0.000000E+00
  7934   2165   2794 1.505903E-05 9.280294E-06 1.198802E-05 9.625928E-16 0.000000E+00
  7935    487    882 3.283849E-05 2.095387E-05 2.649475E-05 2.351982E-14 0.000000E+00
  7936   2991   5898 1.113662E-05 9.446145E-06 1.013778E-05 2.760376E-16 0.000000E+00
  7937    286   5866 3.050290E-05 4.713374E-06 1.734533E-05 1.550057E-15 0.000000E+00
  7938    749   2284 1.649284E-05 2.326492E-05 1.958218E-05 2.887778E-15 0.000000E+00
  7939    217    749 6.973514E-05 1.592399E-05 4.219032E-05 1.180592E-14 0.000000E+00
  7940   1632   1885 2.120592E-05 2.310281E-05 2.182370E-05 6.299320E-15 0.000000E+00
  7941    756   1630 1.341640E-05 5.474783E-05 3.357343E-05 5.400429E-15 0.000000E+00
  7942     17    899 1.111087E-04 1.110878E-05 6.019668E-05 4.097389E-14 0.000000E+00
  7943   3010   4033 1.332361E-05 6.190641E-06 9.611498E-06 4.600627E-16 0.000000E+00
  7944    662    820 2.195803E-05 3.188647E-05 2.652043E-05 5.067768E-15 0.000000E+00
  7945   2794   3263 8.198502E-06 5.366824E-06 6.681429E-06 4.657250E-15 0.000000E+00
  7946   3263   4309 5.255402E-05 1.598757E-05 3.375929E-05 2.130444E-15 0.000000E+00
  7947    751   3310 1.640664E-05 9.685950E-06 1.285158E-05 3.885761E-15 0.000000E+00
  7948   1200   3310 1.551439E-05 2.054559E-05 1.776089E-05 8.316518E-15 0.000000E+00
  7949     31     74 1.146476E-04 7.528524E-05 9.354901E-05 4.048481E-13 0.000000E+00
  7950   1925   2235 2.579510E-05 1.891181E-05 2.201982E-05 1.691615E-15 0.000000E+00
  7951     77    190 7.374127E-05 4.991886E-05 6.090723E-05 3.831969E-14 0.000000E+00
  7952   3019   4203 1.195921E-05 1.116200E-05 1.138806E-05 5.839258E-15 0.000000E+00
  7953   2317   5655 8.749699E-06 7.131468E-06 7.822067E-06 2.795766E-15 0.000000E+00
  7954   6462   6468 8.389298E-06 9.276497E-06 8.701063E-06 1.500512E-15 0.000000E+00
  7955     36    256 7.078449E-05 2.503104E-05 4.719272E-05 1.228014E-14 0.000000E+00
  7956      8   3831 7.237037E-05 8.286211E-06 3.972637E-05 5.457052E-15 0.000000E+00
  7957   1304   3690 1.100492E-05 7.106735E-06 8.920665E-06 3.963617E-15 0.000000E+00
  7958   2877   3690 1.466517E-05 1.621103E-05 1.520768E-05 6.936330E-16 0.000000E+00
  7959    286    882 4.080573E-05 3.763306E-05 3.863403E-05 7.467172E-15 0.000000E+00
  7960   1885   5932 1.453663E-05 8.037348E-06 1.111852E-05 6.794772E-16 0.000000E+00
  7961   1594   3310 9.501429E-06 8.273418E-06 8.754775E-06 1.302331E-15 0.000000E+00
  7962   1149   4974 1.785479E-05 7.392755E-06 1.243536E-05 3.135504E-15 0.000000E+00
  7963   1827   4086 1.306687E-05 4.705566E-06 8.753586E-06 2.243690E-15 0.000000E+00
  7964   1827   1925 1.923256E-05 2.519880E-05 2.188410E-05 9.909043E-16 0.000000E+00
  7965   2801   2991 1.357717E-05 1.133264E-05 1.226901E-05 7.361004E-16 0.000000E+00
  7966   2317   5866 1.411732E-05 3.979567E-06 8.913390E-06 7.998013E-16 0.000000E+00
  7967   2801   5547 1.447940E-05 1.017803E-05 1.214470E-05 3.468165E-16 0.000000E+00
  7968    459   2284 4.719306E-05 1.540143E-05 3.083012E-05 1.516791E-14 0.000000E+00
  7969    217    243 6.590099E-05 7.518477E-05 6.949000E-05 1.905367E-14 0.000000E+00
  7970   2287   6727 1.009105E-05 5.695618E-06 7.775525E-06 1.981809E-16 0.000000E+00
  7971   3010   4955 1.209080E-05 7.335435E-06 9.568144E-06 1.911030E-15 0.000000E+00
  7972    920   2715 2.275872E-05 2.155823E-05 2.182775E-05 1.338429E-14 0.000000E+00
  7973   1827   5815 1.661828E-05 1.813442E-06 9.078310E-06 1.642070E-15 0.000000E+00
  7974   2794   3851 1.285133E-05 8.245289E-06 1.039087E-05 1.026294E-15 0.000000E+00
  7975    662   4815 2.290004E-05 7.743616E-06 1.509315E-05 4.034396E-16 0.000000E+00
  7976   1304   1550 1.699287E-05 1.330164E-05 1.492118E-05 2.979791E-15 0.000000E+00
  7977   1304   4902 2.363671E-05 1.223796E-05 1.766961E-05 1.521746E-15 0.000000E+00
  7978   3019   4902 2.530780E-05 1.471344E-05 1.971195E-05 3.043492E-16 0.000000E+00
  7979    459   4837 5.615138E-05 8.414719E-06 3.180121E-05 8.486388E-15 0.000000E+00
  7980    677   4955 2.468921E-05 1.443143E-05 1.926837E-05 6.568280E-15 0.000000E+00
  7981   1569   3217 1.208517E-05 6.661193E-06 9.233285E-06 5.782634E-15 0.000000E+00
  7982    820   5839 1.533114E-05 7.986121E-06 1.148462E-05 3.404464E-15 0.000000E+00
  7983   4293   5912 1.301167E-05 5.746237E-06 9.238967E-06 6.936330E-16 0.000000E+00
  7984    554   4128 3.350448E-05 1.685970E-05 2.480624E-05 5.110235E-15 0.000000E+00
  7985    677   3810 2.459548E-05 1.512897E-05 1.956577E-05 2.399404E-15 0.000000E+00
  7986    487   3263 3.704310E-05 3.821242E-05 3.706615E-05 1.542980E-15 0.000000E+00
  7987   3019   3690 1.900200E-05 1.774355E-05 1.809855E-05 1.182007E-15 0.000000E+00
  7988   1387   4512 1.443082E-05 1.370223E-05 1.385658E-05 4.565238E-15 0.000000E+00
  7989    756   2609 1.403935E-05 5.001079E-06 9.378122E-06 5.619843E-15 0.000000E+00
  7990   1583   6468 1.427462E-05 6.849322E-06 1.040433E-05 1.472201E-15 0.000000E+00
  7991     37    920 7.282456E-05 2.024075E-05 4.583814E-05 8.960606E-15 0.000000E+00
  7992   2191   2440 2.002338E-05 1.120439E-05 1.538084E-05 6.186074E-15 0.000000E+00
  7993    487   4309 3.727250E-05 1.773344E-05 2.709247E-05 1.819017E-15 0.000000E+00
  7994    217   2284 5.801285E-05 1.437098E-05 3.565173E-05 1.233676E-14 0.000000E+00
  7995   3388   3985 1.698601E-05 1.384755E-05 1.518668E-05 7.021265E-15 0.000000E+00
  7996    677   3985 2.609887E-05 1.583018E-05 2.065162E-05 1.557135E-15 0.000000E+00
  7997   1090   1602 1.454473E-05 1.506385E-05 1.458333E-05 4.459069E-16 0.000000E+00
  7998      8   5974 1.190992E-04 1.278146E-05 6.495615E-05 9.498526E-15 0.000000E+00
  7999    196    256 2.499542E-05 1.382069E-05 1.911838E-05 1.184414E-13 0.000000E+00
  8000   1827   2235 1.385742E-05 7.161242E-06 1.035248E-05 6.893863E-15 0.000000E+00
  8001   3263   6031 3.745459E-05 1.685080E-05 2.674743E-05 1.111228E-15 0.000000E+00
  8002   3690   4203 1.895003E-05 8.888269E-06 1.371140E-05 2.689597E-16 0.000000E+00
  8003   4902   6063 1.141239E-05 2.751785E-06 6.976382E-06 2.909012E-15 0.000000E+00
  8004   2017   6727 1.492326E-05 4.445338E-06 9.539757E-06 1.762394E-15 0.000000E+00
  8005   2017   3865 1.515641E-05 9.577514E-06 1.218238E-05 1.896874E-15 0.000000E+00
  8006   4958   4974 1.161504E-05 4.956570E-06 8.162138E-06 3.708813E-15 0.000000E+00
  8007     37   4412 7.073857E-05 1.525025E-05 4.235270E-05 2.052588E-16 0.000000E+00
  8008    848   1090 1.525882E-05 1.907626E-05 1.691131E-05 1.900413E-14 0.000000E+00
  8009      8    196 1.254180E-04 3.394309E-05 7.849130E-05 2.578475E-14 0.000000E+00
  8010   2611   4086 2.132204E-05 1.065720E-05 1.575097E-05 2.371092E-15 0.000000E+00
  8011   2221   3263 7.964845E-06 1.237827E-05 1.001974E-05 5.457052E-15 0.000000E+00
  8012    286   4309 4.156052E-05 5.993060E-06 2.342191E-05 3.588489E-15 0.000000E+00
  8013   1632   2931 1.402449E-05 8.531692E-06 1.110976E-05 2.427716E-15 0.000000E+00
  8014   3699   4128 2.196475E-05 8.940071E-06 1.522178E-05 3.064726E-15 0.000000E+00
  8015   5651   6180 1.310387E-05 1.099859E-05 1.187136E-05 2.222457E-15 0.000000E+00
  8016   1148   1509 1.836660E-05 3.186791E-05 2.474237E-05 9.505604E-15 0.000000E+00
  8017     36     75 8.945631E-05 5.272898E-05 7.003156E-05 3.913789E-13 0.000000E+00
  8018   1550   4902 2.247471E-05 1.384370E-05 1.788817E-05 1.634992E-15 0.000000E+00
  8019    882   4309 3.095860E-05 6.691790E-06 1.854422E-05 4.140564E-15 0.000000E+00
  8020   1292   3448 1.591012E-05 3.318054E-06 9.470594E-06 3.906994E-15 0.000000E+00
  8021    723   1631 2.727130E-05 1.842175E-05 2.250553E-05 7.509639E-15 0.000000E+00
  8022   3388   5016 1.658402E-05 1.230687E-05 1.422984E-05 5.471207E-15 0.000000E+00
  8023   1148   1546 9.357435E-06 1.385630E-05 1.143363E-05 6.447956E-15 0.000000E+00
  8024    820   4815 2.279239E-05 5.132550E-06 1.375408E-05 2.682520E-15 0.000000E+00
  8025   1956   4203 1.463910E-05 9.961664E-06 1.211679E-05 9.201254E-16 0.000000E+00
  8026   1956   4902 1.422523E-05 1.413003E-05 1.396602E-05 5.096079E-16 0.000000E+00
  8027   1632   2939 1.455223E-05 1.171726E-05 1.293870E-05 2.732065E-15 0.000000E+00
  8028    723   5219 4.867062E-05 1.445082E-05 3.108966E-05 6.971720E-15 0.000000E+00
  8029   3985   5016 2.675316E-05 5.982100E-06 1.612334E-05 4.466147E-15 0.000000E+00
  8030   3388   6180 1.885626E-05 8.376189E-06 1.341300E-05 4.126409E-15 0.000000E+00
  8031     32   6573 3.397548E-05 9.027138E-06 2.118039E-05 6.469190E-15 0.000000E+00
  8032    196   1569 3.355672E-05 9.850771E-06 2.137981E-05 3.354919E-15 0.000000E+00
  8033   1978   4784 1.013281E-05 2.250774E-06 6.099376E-06 3.977773E-15 0.000000E+00
  8034   2227   4784 1.818331E-05 6.530861E-06 1.217265E-05 1.507590E-15 0.000000E+00
  8035   2221   2794 1.448509E-05 9.970913E-06 1.204549E-05 1.330643E-15 0.000000E+00
  8036   2317   3884 8.254489E-06 8.067265E-06 8.039073E-06 2.321547E-15 0.000000E+00
  8037    122    243 3.338067E-05 2.578493E-05 2.914126E-05 2.427716E-15 0.000000E+00
  8038   2609   4667 1.920014E-05 2.380200E-06 1.062912E-05 2.463105E-15 0.000000E+00
  8039      3   3164 1.093634E-04 2.011460E-05 6.377274E-05 2.334287E-14 0.000000E+00
  8040     17    253 8.684678E-05 2.473621E-05 5.495878E-05 6.841487E-14 0.000000E+00
  8041   2232   5123 2.417248E-05 8.851161E-06 1.626537E-05 1.698693E-16 0.000000E+00
  8042    885   4808 1.186846E-05 1.016538E-05 1.085249E-05 6.094062E-15 0.000000E+00
  8043   2780   3690 7.812363E-06 6.853188E-06 7.223331E-06 2.590507E-15 0.000000E+00
  8044   4203   5606 1.160278E-05 7.535189E-06 9.426163E-06 7.785677E-17 0.000000E+00
  8045   1885   5858 2.039885E-05 5.166895E-06 1.259209E-05 2.831155E-16 0.000000E+00
  8046   1632   3905 2.068872E-05 6.932825E-06 1.360464E-05 8.564244E-16 0.000000E+00
  8047    243   2539 4.274240E-05 1.271975E-05 2.731718E-05 1.137417E-14 0.000000E+00
  8048    127   1952 4.521815E-05 1.981548E-05 3.203149E-05 3.609723E-15 0.000000E+00
  8049    840   1306 1.778183E-05 1.429397E-05 1.579853E-05 6.497501E-15 0.000000E+00
  8050    880   3865 1.854340E-05 2.376999E-06 1.030408E-05 4.791730E-15 0.000000E+00
  8051   2568   2871 1.511087E-05 1.011771E-05 1.242602E-05 3.390308E-15 0.000000E+00
  8052   1956   5606 1.130050E-05 5.037937E-06 8.047292E-06 2.385248E-15 0.000000E+00
  8053    882   3884 2.671930E-05 1.378120E-05 1.994800E-05 5.598609E-15 0.000000E+00
  8054    215    716 2.409698E-05 1.186265E-05 1.771146E-05 2.320839E-14 0.000000E+00
  8055   1885   3905 1.486629E-05 8.778271E-06 1.164583E-05 2.024276E-15 0.000000E+00
  8056   1480   1533 1.085409E-05 6.776915E-06 8.683927E-06 2.540962E-15 0.000000E+00
  8057   1292   1713 1.258127E-05 1.180952E-05 1.201337E-05 9.569305E-15 0.000000E+00
  8058   2241   6665 1.327919E-05 5.913887E-06 9.453305E-06 2.923168E-15 0.000000E+00
  8059   1550   6019 1.328442E-05 6.013494E-06 9.504943E-06 3.347841E-15 0.000000E+00
  8060   4877   5933 1.314436E-05 3.722608E-06 8.307610E-06 1.521746E-15 0.000000E+00
  8061    840   1069 2.710357E-05 2.973620E-05 2.799571E-05 3.333685E-15 0.000000E+00
  8062    243    935 3.335715E-05 3.012489E-05 3.126727E-05 6.433800E-15 0.000000E+00
  8063     17   2401 1.087489E-04 1.784464E-05 6.235206E-05 8.323596E-15 0.000000E+00
  8064    723    880 3.562647E-05 1.282924E-05 2.386625E-05 1.278267E-14 0.000000E+00
  8065   4130   6142 6.093565E-06 4.385083E-06 5.161125E-06 5.449974E-16 0.000000E+00
  8066    875   1509 2.269792E-05 3.075757E-05 2.632883E-05 8.988918E-15 0.000000E+00
  8067     36   2825 4.261784E-05 1.425789E-05 2.801342E-05 1.250663E-14 0.000000E+00
  8068     36   4484 7.165935E-05 8.372451E-06 3.941865E-05 4.161798E-15 0.000000E+00
  8069    196    294 3.021885E-05 2.924134E-05 2.928637E-05 3.924689E-14 0.000000E+00
  8070    122    214 2.532996E-05 3.210048E-05 2.828663E-05 1.369005E-13 0.000000E+00
  8071   1898   4543 1.191037E-05 2.752123E-06 7.221825E-06 1.627914E-15 0.000000E+00
  8072   1085   1364 1.180971E-05 8.423384E-06 9.965555E-06 8.819048E-15 0.000000E+00
  8073    243   1169 4.029831E-05 1.337230E-05 2.643478E-05 1.232968E-14 0.000000E+00
  8074      3   3538 1.329793E-04 6.222538E-06 6.856211E-05 4.444914E-15 0.000000E+00
  8075   1292   6725 1.220581E-05 4.175801E-06 8.068555E-06 4.034396E-15 0.000000E+00
  8076    196   5974 3.301636E-05 5.028185E-06 1.873836E-05 2.894856E-15 0.000000E+00
  8077   4137   4203 1.627114E-05 1.252458E-05 1.418297E-05 1.698693E-16 0.000000E+00
  8078   1383   5517 1.209587E-05 5.545348E-06 8.688956E-06 2.484339E-15 0.000000E+00
  8079    286   2848 4.159629E-05 2.716173E-05 3.386589E-05 1.521746E-15 0.000000E+00
  8080   1885   2586 1.802087E-05 9.807983E-06 1.370675E-05 3.142582E-15 0.000000E+00
  8081     32   5685 5.844176E-05 4.307585E-06 3.090639E-05 3.730047E-15 0.000000E+00
  8082   2227   2282 2.127864E-05 8.281021E-06 1.455924E-05 2.172912E-15 0.000000E+00
  8083   2780   5606 1.050915E-05 4.082496E-06 7.186931E-06 1.663304E-15 0.000000E+00
  8084   6063   6075 1.328127E-05 1.047052E-05 1.169865E-05 1.068761E-15 0.000000E+00
  8085    935   1898 3.381470E-05 1.693636E-05 2.499679E-05 1.157235E-14 0.000000E+00
  8086   1128   1480 2.672084E-05 9.032912E-06 1.761006E-05 1.039034E-14 0.000000E+00
  8087    711   1596 3.760642E-05 1.885234E-05 2.780805E-05 4.529848E-16 0.000000E+00
  8088      3   5542 1.010927E-04 5.529443E-06 5.251538E-05 2.543085E-14 0.000000E+00
  8089     36   6753 4.811857E-05 7.353577E-06 2.732210E-05 4.091019E-15 0.000000E+00
  8090   2780   6019 1.291753E-05 8.705713E-06 1.065025E-05 1.550057E-15 0.000000E+00
  8091   4741   6031 8.487634E-06 1.933941E-05 1.370586E-05 3.319529E-15 0.000000E+00
  8092   1383   3793 1.961820E-05 1.378811E-05 1.645386E-05 8.776581E-16 0.000000E+00
  8093   1096   6364 1.302297E-05 2.190214E-06 7.493059E-06 8.557167E-15 0.000000E+00
  8094   1019   2932 2.188955E-05 8.877434E-06 1.515389E-05 3.722969E-15 0.000000E+00
  8095   4293   6063 1.598281E-05 9.828427E-06 1.271300E-05 2.349859E-15 0.000000E+00
  8096   2099   5933 1.266221E-05 8.854096E-06 1.059758E-05 1.861485E-15 0.000000E+00
  8097    214   1659 2.702850E-05 1.886955E-05 2.260650E-05 1.744699E-14 0.000000E+00
  8098   2586   3905 1.148665E-05 5.620401E-06 8.425861E-06 5.520753E-16 0.000000E+00
  8099   2586   6035 2.474095E-05 4.555449E-06 1.442957E-05 1.797784E-15 0.000000E+00
  8100   2322   2931 1.701439E-05 8.415056E-06 1.252495E-05 1.486356E-16 0.000000E+00
  8101      3   2674 1.452328E-04 6.170277E-06 7.457167E-05 6.716916E-15 0.000000E+00
  8102     17   5538 7.403262E-05 8.200813E-06 4.050303E-05 5.089709E-14 0.000000E+00
  8103    880   5247 1.712884E-05 1.669420E-05 1.665911E-05 8.854438E-15 0.000000E+00
  8104   1590   2241 1.028937E-05 1.674622E-05 1.331604E-05 7.474250E-15 0.000000E+00
  8105   6180   6234 1.187163E-05 1.306573E-05 1.228258E-05 7.007109E-16 0.000000E+00
  8106   5651   6234 1.905506E-05 1.251749E-05 1.555066E-05 9.201254E-16 0.000000E+00
  8107   6234   6246 7.128003E-06 4.664375E-06 5.808186E-06 3.956539E-15 0.000000E+00
  8108   3203   4130 1.037259E-05 9.017459E-06 9.550322E-06 5.711856E-15 0.000000E+00
  8109     32   1567 4.302839E-05 8.044592E-06 2.515535E-05 2.215379E-15 0.000000E+00
  8110   5547   5871 2.380757E-05 5.243842E-06 1.430891E-05 1.224475E-15 0.000000E+00
  8111      3   4671 1.191822E-04 3.242786E-06 6.029889E-05 3.085959E-15 0.000000E+00
  8112      8   4412 1.127337E-04 1.518503E-05 6.300476E-05 2.676149E-14 0.000000E+00
  8113   3029   5796 5.773585E-06 2.980356E-06 4.311642E-06 1.373110E-15 0.000000E+00
  8114   1956   2362 1.311754E-05 2.157789E-05 1.708879E-05 4.175954E-16 0.000000E+00
  8115   2322   4537 1.890334E-05 5.146887E-06 1.184564E-05 5.301338E-15 0.000000E+00
  8116   1069   2182 3.079775E-05 1.281113E-05 2.147900E-05 2.356937E-15 0.000000E+00
  8117    196   4484 3.013124E-05 5.297036E-06 1.744975E-05 5.513675E-15 0.000000E+00
  8118   4808   5825 1.529610E-05 7.812330E-06 1.138176E-05 2.073821E-15 0.000000E+00
  8119   2611   5776 1.025943E-05 5.602860E-06 7.812771E-06 1.811939E-15 0.000000E+00
  8120   2586   4046 1.236181E-05 5.884716E-06 8.987094E-06 4.430758E-15 0.000000E+00
  8121   1652   1952 1.474406E-05 1.390361E-05 1.411005E-05 1.344091E-14 0.000000E+00
  8122    490   1775 2.979641E-05 1.366280E-05 2.140529E-05 1.111228E-15 0.000000E+00
  8123   2017   5247 1.366665E-05 1.560640E-05 1.441807E-05 1.663304E-15 0.000000E+00
  8124      8   1393 6.190417E-05 1.385734E-05 3.731537E-05 1.529532E-14 0.000000E+00
  8125   4293   4898 1.378209E-05 7.565145E-06 1.051431E-05 2.151678E-15 0.000000E+00
  8126    840   2182 2.054739E-05 8.281660E-06 1.419938E-05 6.900941E-15 0.000000E+00
  8127      3   6543 1.158946E-04 5.372385E-06 5.972854E-05 4.770497E-15 0.000000E+00
  8128   5220   6734 9.009633E-06 6.869706E-06 7.821167E-06 1.528824E-15 0.000000E+00
  8129    723   5220 2.366102E-05 1.019014E-05 1.667296E-05 4.876665E-15 0.000000E+00
  8130   5668   6627 8.285571E-06 6.889094E-06 7.474089E-06 5.449974E-16 0.000000E+00
  8131   3828   5871 1.054012E-05 5.765539E-06 8.031145E-06 4.529848E-16 0.000000E+00
  8132    122   2367 3.156728E-05 1.024217E-05 2.059271E-05 6.023283E-15 0.000000E+00
  8133   2367   4543 9.900851E-06 5.781698E-06 7.724241E-06 1.988887E-15 0.000000E+00
  8134   1898   2367 1.307069E-05 1.289468E-05 1.278891E-05 1.344799E-16 0.000000E+00
  8135   1069   1070 2.829873E-05 1.396046E-05 2.081423E-05 2.215379E-15 0.000000E+00
  8136    396   3703 4.772884E-05 1.593575E-05 3.135719E-05 2.300314E-15 0.000000E+00
  8137   5191   6725 9.674464E-06 9.803133E-06 9.593443E-06 9.696707E-16 0.000000E+00
  8138   5016   6190 1.159938E-05 1.145741E-05 1.135633E-05 1.012138E-15 0.000000E+00
  8139    677   3388 3.338568E-05 2.751129E-05 2.999403E-05 3.694658E-15 0.000000E+00
  8140     50   5172 5.078106E-05 6.755265E-06 2.833879E-05 5.888803E-15 0.000000E+00
  8141   1090   1482 2.488733E-05 2.690810E-05 2.551118E-05 6.532891E-15 0.000000E+00
  8142    677   6246 3.482769E-05 1.522744E-05 2.465402E-05 1.039034E-14 0.000000E+00
  8143     35   4551 7.839460E-05 4.067629E-06 4.061573E-05 5.173936E-15 0.000000E+00
  8144   2191   4781 2.327341E-05 7.522112E-06 1.516794E-05 7.219446E-16 0.000000E+00
  8145   1706   3884 1.539552E-05 1.333241E-05 1.414958E-05 3.623879E-15 0.000000E+00
  8146   4088   4845 1.330959E-05 9.976822E-06 1.146943E-05 4.006085E-15 0.000000E+00
  8147    480   1898 7.107892E-05 1.438995E-05 4.209661E-05 4.232577E-15 0.000000E+00
  8148   1128   1130 1.550005E-05 1.231414E-05 1.369953E-05 8.691646E-15 0.000000E+00
  8149   2539   4569 1.229050E-05 3.514927E-06 7.784763E-06 1.358954E-15 0.000000E+00
  8150   1070   2182 2.123600E-05 8.826736E-06 1.480702E-05 8.125415E-15 0.000000E+00
  8151      7   2572 1.224503E-04 1.575834E-05 6.807293E-05 8.833204E-15 0.000000E+00
  8152   1019   4412 2.098159E-05 1.255219E-05 1.651664E-05 3.538944E-16 0.000000E+00
  8153    848   2188 5.221174E-05 9.330537E-06 3.031187E-05 3.170894E-15 0.000000E+00
  8154     35   3029 7.131101E-05 1.290324E-05 4.147866E-05 1.529532E-14 0.000000E+00
  8155   4734   4741 7.670947E-06 8.117745E-06 7.776520E-06 4.105175E-16 0.000000E+00
  8156    459   4848 7.216414E-05 4.657728E-06 3.783763E-05 6.355943E-15 0.000000E+00
  8157   2367   2534 1.056535E-05 1.241465E-05 1.131851E-05 4.812964E-15 0.000000E+00
  8158    215   2526 3.504099E-05 1.049221E-05 2.242680E-05 9.024307E-15 0.000000E+00
  8159   1177   1952 1.332821E-05 1.509378E-05 1.399889E-05 2.385248E-15 0.000000E+00
  8160    480    935 4.706989E-05 2.304508E-05 3.453424E-05 1.636408E-14 0.000000E+00
  8161    127    657 4.871472E-05 2.349255E-05 3.556478E-05 2.194853E-14 0.000000E+00
  8162    379    385 2.096388E-05 1.771020E-05 1.904843E-05 2.470183E-14 0.000000E+00
  8163   1292   5191 1.992981E-05 6.752490E-06 1.314203E-05 2.187067E-15 0.000000E+00
  8164   5442   6646 1.196457E-05 9.585584E-06 1.061425E-05 1.054605E-15 0.000000E+00
  8165     35   5796 7.084341E-05 1.070637E-05 4.016631E-05 3.404464E-15 0.000000E+00
  8166    882   1706 1.242616E-05 2.422499E-05 1.805206E-05 1.019216E-14 0.000000E+00
  8167   1952   3765 1.889942E-05 9.779403E-06 1.412539E-05 4.175954E-16 0.000000E+00
  8168      3   3940 1.111554E-04 2.797193E-06 5.612590E-05 4.260889E-15 0.000000E+00
  8169   1403   1909 1.933671E-05 9.355455E-06 1.413196E-05 1.220228E-14 0.000000E+00
  8170   2362   3828 1.160358E-05 4.061688E-06 7.715727E-06 7.976780E-15 0.000000E+00
  8171   2099   4845 1.080579E-05 1.023713E-05 1.036442E-05 1.111228E-15 0.000000E+00
  8172    214   2848 3.987809E-05 8.400707E-06 2.377911E-05 1.143787E-14 0.000000E+00
  8173    217    480 3.149967E-05 2.753606E-05 2.907730E-05 6.547754E-14 0.000000E+00
  8174    935   1169 2.278726E-05 2.243870E-05 2.227547E-05 8.649179E-15 0.000000E+00
  8175    421   2572 1.402568E-05 1.222690E-05 1.293037E-05 1.174929E-15 0.000000E+00
  8176     36   5172 4.818410E-05 5.730344E-06 2.655487E-05 1.387266E-15 0.000000E+00
  8177    848   2602 2.796840E-05 6.810149E-06 1.712973E-05 4.168876E-15 0.000000E+00
  8178   1177   3765 7.197366E-06 5.760409E-06 6.382188E-06 3.185050E-15 0.000000E+00
  8179    398   3590 2.890480E-05 1.342961E-05 2.085127E-05 9.413591E-16 0.000000E+00
  8180   1019   1502 1.477546E-05 1.805109E-05 1.616830E-05 1.286760E-14 0.000000E+00
  8181    460   4452 2.841646E-05 3.669678E-06 1.580362E-05 1.039034E-14 0.000000E+00
  8182   4898   4947 1.528984E-05 5.979597E-06 1.047599E-05 2.087977E-15 0.000000E+00
  8183   3793   4947 7.819110E-06 8.192581E-06 7.886355E-06 8.988918E-16 0.000000E+00
  8184   2848   4083 5.852156E-06 7.330010E-06 6.492709E-06 3.616801E-15 0.000000E+00
  8185      3    398 1.149208E-04 2.164039E-05 6.726146E-05 7.369497E-14 0.000000E+00
  8186     35   4806 6.223415E-05 8.830290E-06 3.500189E-05 4.331667E-15 0.000000E+00
  8187   1472   2534 1.272772E-05 1.216655E-05 1.226135E-05 4.444914E-15 0.000000E+00
  8188      3    396 1.335108E-04 2.193383E-05 7.656227E-05 1.050642E-13 0.000000E+00
  8189   1066   5442 2.728847E-05 7.516255E-06 1.714262E-05 5.619843E-15 0.000000E+00
  8190   1503   1615 2.543625E-05 1.743353E-05 2.111497E-05 5.534908E-15 0.000000E+00
  8191      7    421 1.232845E-04 2.349641E-05 7.229509E-05 2.782318E-14 0.000000E+00
  8192     50   1349 4.944636E-05 1.457575E-05 3.153328E-05 1.392221E-14 0.000000E+00
  8193   4734   6006 6.051042E-06 5.001121E-06 5.443603E-06 1.125384E-15 0.000000E+00
  8194   1177   5613 1.461817E-05 4.273472E-06 9.304837E-06 1.854407E-15 0.000000E+00
  8195   1425   2507 1.459052E-05 6.581366E-06 1.042794E-05 2.498494E-15 0.000000E+00
  8196   1066   6646 3.000416E-05 8.534551E-06 1.898176E-05 6.497501E-15 0.000000E+00
  8197   3151   3389 1.324548E-05 1.883628E-05 1.580146E-05 4.395368E-15 0.000000E+00
  8198    677   4980 2.771152E-05 6.831132E-06 1.701354E-05 4.225499E-15 0.000000E+00
  8199   1288   2571 1.890973E-05 9.524716E-06 1.400503E-05 3.630957E-15 0.000000E+00
  8200     35    341 6.220404E-05 1.478055E-05 3.791778E-05 1.108680E-13 0.000000E+00
  8201    214   1472 6.408743E-05 1.855820E-05 4.070605E-05 1.319318E-14 0.000000E+00
  8202   4046   4344 1.681879E-05 1.528460E-05 1.581212E-05 8.847360E-16 0.000000E+00
  8203    880   1678 3.025498E-05 1.333579E-05 2.147008E-05 1.564921E-14 0.000000E+00
  8204   1425   3017 9.304604E-06 8.066770E-06 8.556050E-06 2.675442E-15 0.000000E+00
  8205    714   1084 1.650097E-05 1.076269E-05 1.342837E-05 1.532363E-14 0.000000E+00
  8206   3151   5364 9.910646E-06 3.470081E-06 6.590507E-06 2.250768E-15 0.000000E+00
  8207    214   5978 4.399456E-05 6.775233E-06 2.500602E-05 2.356937E-15 0.000000E+00
  8208   6646   6649 7.192166E-06 5.759766E-06 6.379310E-06 3.963617E-16 0.000000E+00
  8209   1503   6632 2.608676E-05 4.147041E-06 1.489128E-05 2.087977E-15 0.000000E+00
  8210   1503   1590 1.439057E-05 1.522773E-05 1.458811E-05 3.482321E-15 0.000000E+00
  8211   1019   1794 2.038288E-05 3.381466E-05 2.669431E-05 4.253811E-15 0.000000E+00
  8212    159    430 2.722803E-05 2.114057E-05 2.382334E-05 2.390911E-14 0.000000E+00
  8213   2848   5978 1.398851E-05 7.402522E-06 1.053588E-05 8.918139E-16 0.000000E+00
  8214    127    393 5.543074E-05 2.355980E-05 3.890579E-05 2.286158E-15 0.000000E+00
  8215    393    657 3.469248E-05 2.326252E-05 2.854500E-05 4.247441E-14 0.000000E+00
  8216   1660   5383 1.150761E-05 1.082652E-05 1.100039E-05 3.531866E-15 0.000000E+00
  8217   4980   6190 2.139345E-05 2.483090E-05 2.276721E-05 4.253811E-15 0.000000E+00
  8218   5109   6415 1.058909E-05 5.186021E-06 7.769830E-06 4.529848E-16 0.000000E+00
  8219     75   2459 7.448167E-05 1.106409E-05 4.213448E-05 1.609512E-14 0.000000E+00
  8220      8   2715 8.713302E-05 3.163702E-05 5.849868E-05 1.613758E-15 0.000000E+00
  8221    430    726 4.521509E-05 1.486702E-05 2.959268E-05 7.042499E-15 0.000000E+00
  8222   1659   5613 1.047536E-05 1.173174E-05 1.093782E-05 3.963617E-16 0.000000E+00
  8223   1941   1952 2.995833E-05 2.809795E-05 2.859488E-05 6.624903E-15 0.000000E+00
  8224   1530   1799 2.016043E-05 9.487989E-06 1.460295E-05 3.765436E-15 0.000000E+00
  8225     17   1649 8.687790E-05 1.672190E-05 5.102677E-05 3.897793E-14 0.000000E+00
  8226   1222   1503 1.670484E-05 1.730496E-05 1.675109E-05 1.085748E-14 0.000000E+00
  8227   1066   5400 1.796312E-05 1.050697E-05 1.402258E-05 2.724987E-15 0.000000E+00
  8228   4980   6246 5.433786E-06 1.709907E-05 1.109827E-05 3.255828E-15 0.000000E+00
  8229   3376   6415 1.381988E-05 5.186021E-06 9.361113E-06 2.052588E-16 0.000000E+00
  8230   3376   5109 9.743396E-06 7.307375E-06 8.398141E-06 1.903952E-15 0.000000E+00
  8231     50   1459 4.488911E-05 1.456529E-05 2.928351E-05 1.316487E-15 0.000000E+00
  8232   1554   2188 3.506834E-05 1.157087E-05 2.297155E-05 3.609723E-16 0.000000E+00
  8233    848   1554 5.464822E-05 3.592476E-05 4.461057E-05 3.659268E-15 0.000000E+00
  8234    518    726 1.306306E-05 1.796885E-05 1.528437E-05 1.088579E-14 0.000000E+00
  8235    341    376 3.611000E-05 2.485887E-05 3.002944E-05 4.009624E-14 0.000000E+00
  8236     35    376 5.866698E-05 2.122793E-05 3.935122E-05 6.512365E-14 0.000000E+00
  8237   1675   4898 1.669718E-05 1.467003E-05 1.544952E-05 3.078881E-15 0.000000E+00
  8238   2848   3102 1.987756E-05 1.165652E-05 1.553171E-05 1.380188E-15 0.000000E+00
  8239   1472   5967 1.756578E-05 7.108023E-06 1.215277E-05 2.540962E-15 0.000000E+00
  8240   1177   3147 1.447090E-05 1.134639E-05 1.271598E-05 3.730047E-15 0.000000E+00
  8241   1277   3900 1.455978E-05 6.132836E-06 1.019188E-05 2.583429E-15 0.000000E+00
  8242   1520   3017 1.223719E-05 7.414386E-06 9.679137E-06 1.953497E-15 0.000000E+00
  8243   3017   6649 5.676529E-06 5.868832E-06 5.686521E-06 3.468165E-16 0.000000E+00
  8244   1660   3151 9.333924E-06 7.094116E-06 8.091423E-06 2.024276E-15 0.000000E+00
  8245      8   1794 1.138148E-04 2.102709E-05 6.641466E-05 2.753298E-14 0.000000E+00
  8246     35   4259 7.023438E-05 8.141972E-06 3.860328E-05 2.165834E-15 0.000000E+00
  8247    159    341 2.457480E-05 2.841084E-05 2.609740E-05 1.046183E-13 0.000000E+00
  8248   1706   5967 2.297792E-05 6.811018E-06 1.467216E-05 7.431782E-16 0.000000E+00
  8249   1941   4344 1.522132E-05 6.556675E-06 1.072648E-05 4.600627E-16 0.000000E+00
  8250    379    393 2.061258E-05 1.187267E-05 1.600020E-05 6.188905E-14 0.000000E+00
  8251     35    726 1.038372E-04 3.323871E-05 6.751501E-05 1.784336E-14 0.000000E+00
  8252     35   5809 4.930839E-05 3.495268E-06 2.600777E-05 2.703753E-15 0.000000E+00
  8253   4898   5901 1.545190E-05 9.095966E-06 1.209074E-05 9.625928E-16 0.000000E+00
  8254   4898   5892 1.859986E-05 1.065875E-05 1.441096E-05 8.918139E-16 0.000000E+00
  8255     77    162 2.992954E-05 2.007174E-05 2.462750E-05 1.999928E-13 0.000000E+00
  8256   1210   1653 1.142797E-05 2.184468E-05 1.638802E-05 8.146649E-15 0.000000E+00
  8257   1014   5253 2.551508E-05 8.753518E-06 1.687856E-05 4.282122E-15 0.000000E+00
  8258    880   1014 3.569009E-05 1.402128E-05 2.448470E-05 1.484941E-14 0.000000E+00
  8259   3017   6786 7.160138E-06 5.498365E-06 6.234785E-06 1.557135E-16 0.000000E+00
  8260   6649   6786 4.204834E-06 5.096869E-06 4.581436E-06 6.653215E-16 0.000000E+00
  8261   1222   2465 2.255260E-05 7.978415E-06 1.503766E-05 3.871605E-15 0.000000E+00
  8262   1211   1512 1.985768E-05 1.235987E-05 1.586835E-05 3.991929E-15 0.000000E+00
  8263     36   1211 6.469300E-05 2.644113E-05 4.488696E-05 7.785677E-15 0.000000E+00
  8264   2887   2913 3.914360E-06 1.577778E-05 9.699115E-06 4.720951E-15 0.000000E+00
  8265   1706   3854 1.945963E-05 1.183443E-05 1.541349E-05 7.240679E-15 0.000000E+00
  8266    398    681 1.669012E-05 1.814710E-05 1.715863E-05 7.729054E-15 0.000000E+00
  8267    572   4481 2.729792E-05 8.117826E-06 1.744358E-05 7.007109E-15 0.000000E+00
  8268   2465   3297 8.903692E-06 4.616114E-06 6.659009E-06 1.585447E-15 0.000000E+00
  8269   1794   4466 9.020365E-06 1.492938E-05 1.179614E-05 2.993947E-15 0.000000E+00
  8270    196   4586 2.405945E-05 9.316124E-06 1.643872E-05 2.371092E-15 0.000000E+00
  8271    186    310 3.111076E-05 2.494444E-05 2.760928E-05 5.947549E-14 0.000000E+00
  8272     29     35 3.042563E-05 2.640666E-05 2.799202E-05 4.177016E-13 0.000000E+00
  8273   3854   5860 6.655941E-06 3.216825E-06 4.862706E-06 2.144600E-15 0.000000E+00
  8274    215   3316 4.328591E-05 4.340651E-06 2.345786E-05 4.862509E-15 0.000000E+00
  8275   1014   4251 1.496997E-05 6.421612E-06 1.053615E-05 6.157763E-16 0.000000E+00
  8276    880   5253 4.669720E-05 4.294791E-06 2.511546E-05 5.520753E-16 0.000000E+00
  8277   1503   1901 2.137962E-05 1.228602E-05 1.658158E-05 9.137553E-15 0.000000E+00
  8278   1503   2926 1.861458E-05 4.184433E-06 1.122937E-05 5.011145E-15 0.000000E+00
  8279    181    421 4.743259E-05 1.760331E-05 3.203261E-05 4.115084E-14 0.000000E+00
  8280      7    192 1.056303E-04 3.955673E-05 7.151003E-05 1.804578E-13 0.000000E+00
  8281      8   4888 9.966403E-05 7.427306E-06 5.274648E-05 7.495483E-15 0.000000E+00
  8282    430    518 2.991457E-05 1.474065E-05 2.199437E-05 8.295285E-15 0.000000E+00
  8283     16    430 8.090831E-05 2.076365E-05 5.007723E-05 3.083128E-14 0.000000E+00
  8284    307    711 3.483527E-05 2.046412E-05 2.723702E-05 2.175035E-14 0.000000E+00
  8285    484    935 4.146920E-05 1.762562E-05 2.910640E-05 1.406376E-14 0.000000E+00
  8286   1014   1678 1.330674E-05 1.455774E-05 1.372429E-05 7.396393E-15 0.000000E+00
  8287   1222   3297 1.458322E-05 9.913356E-06 1.206548E-05 4.352901E-15 0.000000E+00
  8288   1503   1535 2.384218E-05 1.047570E-05 1.690284E-05 5.662310E-15 0.000000E+00
  8289   1839   6673 7.700619E-06 4.319899E-06 5.920554E-06 1.606681E-15 0.000000E+00
  8290   6303   6412 1.239909E-05 1.349377E-05 1.275320E-05 8.351908E-16 0.000000E+00
  8291   1403   3072 2.048134E-05 8.004037E-06 1.403011E-05 1.387266E-15 0.000000E+00
  8292   5892   5901 1.117014E-05 9.534839E-06 1.019798E-05 1.274020E-15 0.000000E+00
  8293   3102   3854 5.855760E-06 1.672522E-05 1.112197E-05 3.170894E-15 0.000000E+00
  8294    122   1458 2.101910E-05 1.883172E-05 1.962801E-05 2.565027E-14 0.000000E+00
  8295    879   1349 1.245227E-05 2.770830E-05 1.978058E-05 1.005060E-14 0.000000E+00
  8296   3425   3809 1.141123E-05 5.004199E-06 8.085213E-06 3.892838E-15 0.000000E+00
  8297   1452   1498 1.050550E-05 2.200271E-05 1.601151E-05 9.732096E-15 0.000000E+00
  8298    349   1706 3.267881E-05 1.005843E-05 2.104969E-05 9.611772E-15 0.000000E+00
  8299    122   1472 2.788972E-05 1.587662E-05 2.155656E-05 5.096079E-15 0.000000E+00
  8300    572   4145 3.607672E-05 1.029802E-05 2.284129E-05 1.734083E-15 0.000000E+00
  8301   4035   5231 1.636979E-05 9.243656E-06 1.261558E-05 1.819017E-15 0.000000E+00
  8302   1660   1839 2.118832E-05 1.099343E-05 1.585071E-05 6.759383E-15 0.000000E+00
  8303   1554   5142 2.982189E-05 9.663400E-06 1.944798E-05 4.551082E-15 0.000000E+00
  8304    460   6098 2.293001E-05 9.350568E-06 1.589939E-05 1.039034E-14 0.000000E+00
  8305      8   5263 5.575178E-05 6.010313E-06 3.042013E-05 1.295254E-15 0.000000E+00
  8306   4888   5951 1.031594E-05 5.914172E-06 7.993937E-06 2.003042E-15 0.000000E+00
  8307    376    405 2.461372E-05 1.208833E-05 1.807713E-05 6.026822E-14 0.000000E+00
  8308    122   3542 4.919874E-05 9.708445E-06 2.901399E-05 6.235619E-15 0.000000E+00
  8309   4182   6714 6.997058E-06 7.965838E-06 7.369784E-06 9.767485E-16 0.000000E+00
  8310     17    794 9.934741E-05 4.665990E-05 7.191405E-05 7.346848E-15 0.000000E+00
  8311    794   1649 2.771666E-05 6.815393E-06 1.700832E-05 6.971720E-15 0.000000E+00
  8312   1425   1973 1.743187E-05 6.179397E-06 1.162943E-05 5.761401E-15 0.000000E+00
  8313   5383   5399 8.487836E-06 3.528710E-06 5.918597E-06 7.077888E-16 0.000000E+00
  8314   2926   4067 5.267499E-06 1.291302E-05 8.954583E-06 1.224475E-15 0.000000E+00
  8315   4409   6412 1.299052E-05 1.183181E-05 1.222593E-05 1.472201E-15 0.000000E+00
  8316    879   1512 1.619849E-05 1.328218E-05 1.452033E-05 1.201825E-14 0.000000E+00
  8317    932   2384 1.955636E-05 3.970614E-06 1.158791E-05 2.526806E-15 0.000000E+00
  8318    275   1530 4.349816E-05 2.051847E-05 3.153058E-05 1.170683E-14 0.000000E+00
  8319   1349   1459 1.571712E-05 9.197818E-06 1.227154E-05 8.408531E-15 0.000000E+00
  8320   1211   1459 1.645798E-05 1.292354E-05 1.447150E-05 8.918139E-15 0.000000E+00
  8321    196   2676 3.553766E-05 1.620811E-05 2.548672E-05 5.662310E-16 0.000000E+00
  8322    430   1448 1.288316E-05 1.833563E-05 1.537642E-05 7.672431E-15 0.000000E+00
  8323    346   2809 3.320759E-05 1.597764E-05 2.422556E-05 5.096079E-16 0.000000E+00
  8324   1472   3854 3.111741E-05 1.367854E-05 2.206368E-05 4.657250E-15 0.000000E+00
  8325   4871   5972 1.565928E-05 3.911179E-06 9.639179E-06 8.705802E-16 0.000000E+00
  8326    681   1054 8.792754E-06 1.051178E-05 9.508203E-06 9.555149E-15 0.000000E+00
  8327    396    398 4.215593E-05 3.104215E-05 3.605279E-05 1.642070E-15 0.000000E+00
  8328   5241   5246 7.259325E-06 7.513374E-06 7.276105E-06 5.074846E-15 0.000000E+00
  8329   1660   2618 2.666844E-05 1.602824E-05 2.102971E-05 6.447956E-15 0.000000E+00
  8330   1590   4067 3.372929E-05 1.885224E-05 2.589836E-05 1.620836E-15 0.000000E+00
  8331   2459   4460 2.087958E-05 5.020202E-06 1.275661E-05 8.139571E-16 0.000000E+00
  8332    460   5114 2.469036E-05 8.658287E-06 1.642545E-05 5.591532E-16 0.000000E+00
  8333     36   2311 7.207817E-05 1.229755E-05 4.155819E-05 1.634992E-15 0.000000E+00
  8334   1512   3809 2.021677E-05 8.586373E-06 1.418662E-05 1.542980E-15 0.000000E+00
  8335    518   1448 1.712126E-05 1.279034E-05 1.473258E-05 8.564244E-16 0.000000E+00
  8336   1014   2353 2.189572E-05 5.406579E-06 1.344740E-05 3.220439E-15 0.000000E+00
  8337   3141   6688 1.408235E-05 9.907090E-06 1.181570E-05 1.819017E-15 0.000000E+00
  8338   1839   2618 1.502053E-05 1.635066E-05 1.545148E-05 2.307391E-15 0.000000E+00
  8339   1535   1901 8.241083E-06 6.257847E-06 7.141264E-06 3.737125E-15 0.000000E+00
  8340   1211   1349 2.382870E-05 1.396275E-05 1.861370E-05 2.611741E-15 0.000000E+00
  8341   5114   6098 1.695568E-05 1.281314E-05 1.466225E-05 4.246733E-16 0.000000E+00
  8342   1211   3809 2.185775E-05 1.201886E-05 1.668549E-05 2.562195E-15 0.000000E+00
  8343      8    298 1.085665E-04 4.193211E-05 7.412616E-05 1.324981E-14 0.000000E+00
  8344     35    346 6.331789E-05 3.239995E-05 4.714461E-05 7.729054E-15 0.000000E+00
  8345   2809   5709 7.658881E-06 4.922669E-06 6.196883E-06 2.420638E-15 0.000000E+00
  8346   2623   4215 7.852318E-06 6.592850E-06 7.114784E-06 2.335703E-16 0.000000E+00
  8347   1070   3721 3.434901E-05 9.328975E-06 2.151304E-05 1.196163E-15 0.000000E+00
  8348    714   3380 1.834524E-05 9.074864E-06 1.350543E-05 5.131469E-15 0.000000E+00
  8349   1222   1535 7.339258E-06 1.103509E-05 9.050050E-06 6.992953E-15 0.000000E+00
  8350   1280   6303 4.073671E-05 8.588319E-06 2.429442E-05 2.696675E-15 0.000000E+00
  8351   6311   6391 8.723238E-06 5.692938E-06 7.100504E-06 4.643095E-15 0.000000E+00
  8352   1211   1452 1.720172E-05 1.338776E-05 1.506646E-05 7.552106E-15 0.000000E+00
  8353    196    995 4.553848E-05 3.972965E-05 4.199774E-05 7.361004E-16 0.000000E+00
  8354    162    217 2.418777E-05 1.608476E-05 1.983573E-05 1.133170E-13 0.000000E+00
  8355    480   1458 3.480108E-05 1.593745E-05 2.499062E-05 7.927235E-15 0.000000E+00
  8356   1070   1540 3.500572E-05 1.862133E-05 2.641332E-05 1.939341E-15 0.000000E+00
  8357    122    572 6.649194E-05 2.103772E-05 4.311163E-05 3.208407E-14 0.000000E+00
  8358   5235   5614 6.988454E-06 1.060803E-05 8.666925E-06 1.521746E-15 0.000000E+00
  8359   3659   3746 9.314070E-06 2.455759E-06 5.797080E-06 1.153696E-15 0.000000E+00
  8360   1839   3141 1.698629E-05 1.905929E-05 1.775379E-05 5.789712E-15 0.000000E+00
  8361   1503   4067 2.330657E-05 1.177949E-05 1.728120E-05 6.497501E-15 0.000000E+00
  8362   1584   5046 2.123872E-05 1.014332E-05 1.545683E-05 1.493434E-15 0.000000E+00
  8363   1561   1901 1.323656E-05 2.002924E-05 1.638465E-05 5.881725E-15 0.000000E+00
  8364   6337   6396 1.526139E-05 1.544529E-05 1.512418E-05 5.110235E-15 0.000000E+00
  8365    280   6412 2.492051E-05 4.422239E-06 1.445240E-05 2.349859E-15 0.000000E+00
  8366    816   3702 1.919428E-05 5.723337E-06 1.227286E-05 2.243690E-15 0.000000E+00
  8367    711   4695 2.761020E-05 1.597402E-05 2.146685E-05 2.069574E-14 0.000000E+00
  8368   1277   1813 2.425141E-05 3.257506E-05 2.798916E-05 1.275435E-14 0.000000E+00
  8369   4409   6389 1.937491E-05 1.946645E-05 1.913082E-05 7.077888E-16 0.000000E+00
  8370   1683   5994 9.879117E-06 5.553820E-06 7.601297E-06 9.696707E-16 0.000000E+00
  8371   2703   3147 1.144912E-05 1.390761E-05 1.248914E-05 1.634992E-15 0.000000E+00
  8372    607   1014 3.248019E-05 1.233336E-05 2.207234E-05 1.358954E-14 0.000000E+00
  8373   1014   6738 1.444747E-05 5.427520E-06 9.789175E-06 1.903952E-15 0.000000E+00
  8374   1901   4067 1.533276E-05 1.146537E-05 1.319908E-05 3.340763E-15 0.000000E+00
  8375   5098   6337 1.769843E-05 2.934202E-05 2.316918E-05 8.946450E-15 0.000000E+00
  8376      8   4225 7.739532E-05 7.268815E-06 4.170024E-05 1.380188E-15 0.000000E+00
  8377    518    952 2.430586E-05 1.194780E-05 1.785628E-05 5.386273E-15 0.000000E+00
  8378    159    726 3.922362E-05 1.713133E-05 2.775691E-05 4.515693E-15 0.000000E+00
  8379     16    159 1.090417E-04 2.905183E-05 6.801620E-05 1.475740E-14 0.000000E+00
  8380    159    405 3.615299E-05 2.430696E-05 2.977878E-05 2.867960E-14 0.000000E+00
  8381     46    405 5.619432E-05 2.890514E-05 4.191466E-05 6.587390E-14 0.000000E+00
  8382   1997   5601 1.182753E-05 8.913817E-06 1.021589E-05 3.255828E-16 0.000000E+00
  8383   2095   5080 1.744803E-05 4.688600E-06 1.090311E-05 1.443889E-15 0.000000E+00
  8384   1581   2425 9.996727E-06 1.312491E-05 1.138827E-05 4.593549E-15 0.000000E+00
  8385    995   1452 2.191902E-05 1.561360E-06 1.156496E-05 9.470214E-15 0.000000E+00
  8386      8   3308 8.191426E-05 1.302267E-05 4.675998E-05 4.519231E-14 0.000000E+00
  8387   1177   4581 3.123165E-05 1.391797E-05 2.223787E-05 2.972713E-15 0.000000E+00
  8388   4145   6550 8.716781E-06 8.810101E-06 8.632643E-06 6.653215E-16 0.000000E+00
  8389      3   4606 8.344952E-05 9.555924E-06 4.580865E-05 6.858473E-15 0.000000E+00
  8390   1973   5408 7.485677E-06 3.477344E-06 5.399697E-06 1.755316E-15 0.000000E+00
  8391   1584   5683 1.834380E-05 1.354747E-05 1.570764E-05 2.250768E-15 0.000000E+00
  8392   2095   4067 2.476611E-05 1.365665E-05 1.892464E-05 2.788688E-15 0.000000E+00
  8393   2239   3543 2.982751E-05 1.732707E-05 2.322539E-05 3.864527E-15 0.000000E+00
  8394    995   1211 2.682216E-05 2.366974E-05 2.486914E-05 7.644119E-15 0.000000E+00
  8395    349   3854 1.763625E-05 1.311107E-05 1.514420E-05 3.758359E-15 0.000000E+00
  8396   3400   6062 8.019551E-06 3.962326E-06 5.901521E-06 2.080899E-15 0.000000E+00
  8397   2635   3147 1.573475E-05 1.007923E-05 1.271435E-05 3.906994E-15 0.000000E+00
  8398    480    484 3.578875E-05 2.017431E-05 2.756390E-05 3.458964E-14 0.000000E+00
  8399      3   4614 6.340284E-05 1.801154E-06 3.211540E-05 6.285165E-15 0.000000E+00
  8400   1535   4067 1.140223E-05 1.377016E-05 1.239835E-05 1.521746E-15 0.000000E+00
  8401   1561   5554 9.854248E-06 4.298603E-06 6.970807E-06 4.388291E-15 0.000000E+00
  8402   2404   5080 1.134705E-05 1.031013E-05 1.066697E-05 3.963617E-16 0.000000E+00
  8403   3425   5387 7.742514E-06 6.540400E-06 7.034868E-06 1.882718E-15 0.000000E+00
  8404    341    726 3.801080E-05 2.467299E-05 3.087411E-05 8.521777E-15 0.000000E+00
  8405    346    483 5.192347E-05 4.344415E-05 4.697211E-05 1.494142E-14 0.000000E+00
  8406     35   3015 6.375482E-05 2.027952E-05 4.139005E-05 4.650172E-15 0.000000E+00
  8407    122   3238 4.807396E-05 1.807466E-05 3.258066E-05 4.119331E-15 0.000000E+00
  8408   1047   1472 2.734404E-05 1.420609E-05 2.046499E-05 3.078881E-15 0.000000E+00
  8409    918   3908 3.079767E-05 8.979076E-06 1.959153E-05 1.988887E-15 0.000000E+00
  8410    814   2703 3.671948E-05 1.881128E-05 2.735097E-05 4.027318E-15 0.000000E+00
  8411   1616   2949 1.363621E-05 1.102273E-05 1.214545E-05 4.551082E-15 0.000000E+00
  8412    992   2353 3.098116E-05 1.228260E-05 2.130902E-05 3.369075E-15 0.000000E+00
  8413    607   2353 3.540589E-05 4.202681E-06 1.950870E-05 2.880700E-15 0.000000E+00
  8414   1901   2404 2.401167E-05 8.724707E-06 1.612389E-05 7.417627E-15 0.000000E+00
  8415   1229   3439 3.052020E-05 1.659020E-05 2.320363E-05 8.203272E-15 0.000000E+00
  8416      7    168 9.836496E-05 3.556293E-05 6.596448E-05 9.667687E-14 0.000000E+00
  8417    280   4409 2.643495E-05 7.743464E-06 1.683414E-05 1.868562E-15 0.000000E+00
  8418   1280   4409 4.166638E-05 9.854648E-06 2.537603E-05 1.450967E-15 0.000000E+00
  8419    746   1754 1.467000E-05 1.854010E-05 1.635721E-05 1.179884E-14 0.000000E+00
  8420    460   4465 3.355943E-05 1.233150E-05 2.260300E-05 7.021265E-15 0.000000E+00
  8421   4465   5114 8.743497E-06 7.463142E-06 7.982375E-06 2.901934E-16 0.000000E+00
  8422   5114   5562 1.228415E-05 9.512985E-06 1.073590E-05 3.531866E-15 0.000000E+00
  8423      8   2239 6.969206E-05 2.499766E-05 4.663822E-05 1.831757E-14 0.000000E+00
  8424    376   3015 4.190412E-05 1.447741E-05 2.777001E-05 4.685562E-15 0.000000E+00
  8425   2846   4904 1.098450E-05 1.222552E-05 1.143180E-05 1.408500E-15 0.000000E+00
  8426   4904   4906 1.083307E-05 5.774388E-06 8.179794E-06 2.661286E-15 0.000000E+00
  8427    122    814 3.796738E-05 3.072505E-05 3.383359E-05 1.163605E-14 0.000000E+00
  8428   4242   6715 2.177629E-05 1.659362E-05 1.889861E-05 4.246733E-15 0.000000E+00
  8429   3967   4241 7.684089E-06 5.522776E-06 6.504874E-06 1.840251E-15 0.000000E+00
  8430   1752   5408 1.983841E-05 1.283178E-05 1.609129E-05 4.246733E-16 0.000000E+00
  8431    280   1280 3.019532E-05 3.133906E-05 3.030798E-05 2.036308E-14 0.000000E+00
  8432    460   6320 3.349831E-05 1.525700E-05 2.401381E-05 7.254835E-15 0.000000E+00
  8433   1211   2827 1.652858E-05 9.554332E-06 1.284681E-05 5.874647E-16 0.000000E+00
  8434   2311   2827 8.386789E-06 9.056931E-06 8.591683E-06 8.351908E-16 0.000000E+00
  8435   1100   1512 1.472270E-05 2.872979E-05 2.140197E-05 2.739143E-15 0.000000E+00
  8436      8   5633 7.017034E-05 8.875904E-06 3.893323E-05 7.184056E-15 0.000000E+00
  8437    816   5639 1.284408E-05 1.009933E-05 1.130049E-05 5.124391E-15 0.000000E+00
  8438    159   5769 3.394149E-05 7.359732E-06 2.034239E-05 1.840251E-15 0.000000E+00
  8439     16   4788 5.984744E-05 8.272546E-06 3.355163E-05 3.602645E-15 0.000000E+00
  8440     35   1024 6.796281E-05 1.834602E-05 4.251032E-05 1.012846E-14 0.000000E+00
  8441   3854   5945 2.147185E-05 6.381195E-06 1.371866E-05 1.125384E-15 0.000000E+00
  8442   1997   2010 1.042750E-05 1.786419E-05 1.393471E-05 5.166858E-16 0.000000E+00
  8443    385    606 3.143022E-05 2.459898E-05 2.759647E-05 2.625896E-15 0.000000E+00
  8444   1428   5241 3.232262E-05 2.649818E-05 2.897144E-05 2.477261E-16 0.000000E+00
  8445    607   6738 2.688966E-05 5.006239E-06 1.570992E-05 2.689597E-15 0.000000E+00
  8446   3285   4067 1.208264E-05 1.305178E-05 1.237964E-05 2.314469E-15 0.000000E+00
  8447   2095   6171 1.191320E-05 7.889070E-06 9.753355E-06 3.185050E-15 0.000000E+00
  8448   1584   6171 9.812078E-06 8.993645E-06 9.262520E-06 1.911030E-16 0.000000E+00
  8449   4143   5080 7.140647E-06 2.586270E-06 4.790870E-06 1.153696E-15 0.000000E+00
  8450   1561   2404 2.472546E-05 1.522190E-05 1.967557E-05 2.852389E-15 0.000000E+00
  8451    753   1754 2.359600E-05 1.028565E-05 1.668798E-05 3.216192E-14 0.000000E+00
  8452   1318   1554 1.226033E-05 9.741906E-06 1.083692E-05 2.519728E-15 0.000000E+00
  8453   2860   4831 1.599537E-05 1.047873E-05 1.303948E-05 2.017198E-15 0.000000E+00
  8454   1616   1997 1.659653E-05 1.413095E-05 1.513443E-05 4.742185E-15 0.000000E+00
  8455   1997   2524 1.717136E-05 6.717078E-06 1.176595E-05 1.330643E-15 0.000000E+00
  8456   2263   5251 7.910666E-06 7.001991E-06 7.345040E-06 4.720951E-15 0.000000E+00
  8457   2404   4143 1.714782E-05 8.841762E-06 1.280084E-05 1.896874E-15 0.000000E+00
  8458     75    589 7.630699E-05 2.301849E-05 4.892150E-05 1.079873E-13 0.000000E+00
  8459   2626   5562 2.325499E-05 1.051147E-05 1.663124E-05 1.054605E-15 0.000000E+00
  8460    298   3486 1.748828E-05 4.473426E-06 1.081696E-05 3.397386E-15 0.000000E+00
  8461   3259   3542 1.621802E-05 8.434169E-06 1.214213E-05 4.175954E-16 0.000000E+00
  8462     40    794 5.353639E-05 3.309172E-05 4.266758E-05 1.387266E-15 0.000000E+00
  8463   2618   3141 1.087992E-05 2.415556E-05 1.725628E-05 3.439854E-15 0.000000E+00
  8464   2095   3285 1.973517E-05 4.866103E-06 1.211705E-05 1.847329E-15 0.000000E+00
  8465   2618   5067 1.746132E-05 1.109746E-05 1.406626E-05 2.682520E-15 0.000000E+00
  8466   1584   2095 1.079398E-05 1.996553E-05 1.515021E-05 2.314469E-15 0.000000E+00
  8467      7    181 1.261451E-04 5.305263E-05 8.826157E-05 8.486388E-15 0.000000E+00
  8468   1512   3315 1.265477E-05 7.864912E-06 1.010671E-05 3.892838E-15 0.000000E+00
  8469   1100   5387 1.559644E-05 6.930435E-06 1.109533E-05 1.613758E-15 0.000000E+00
  8470    995   4613 2.195264E-05 7.694770E-06 1.460246E-05 2.194145E-15 0.000000E+00
  8471    159    719 1.999106E-05 2.128066E-05 2.032786E-05 2.561488E-14 0.000000E+00
  8472     29   1947 4.254412E-05 1.836558E-05 3.000030E-05 1.232968E-14 0.000000E+00
  8473     29   2850 6.096621E-05 1.349111E-05 3.667301E-05 3.298296E-15 0.000000E+00
  8474     35   6067 6.289527E-05 1.447397E-05 3.810724E-05 6.228541E-16 0.000000E+00
  8475   3015   6067 1.755539E-05 1.291943E-05 1.500999E-05 1.493434E-15 0.000000E+00
  8476     16     46 9.880041E-05 5.267384E-05 7.460672E-05 6.728948E-14 0.000000E+00
  8477    307    355 1.917453E-05 3.831995E-05 2.831818E-05 8.040481E-14 0.000000E+00
  8478    122   3259 6.171764E-05 1.813292E-05 3.932938E-05 1.882718E-15 0.000000E+00
  8479    572   4682 1.147026E-05 3.756253E-06 7.499625E-06 3.942384E-15 0.000000E+00
  8480   1584   5034 1.312293E-05 9.660402E-06 1.122164E-05 4.317512E-15 0.000000E+00
  8481   1100   3543 1.280750E-05 7.719603E-06 1.011036E-05 1.762394E-15 0.000000E+00
  8482     46    159 6.453878E-05 4.252340E-05 5.273212E-05 1.220228E-14 0.000000E+00
  8483     46    376 5.855474E-05 3.874819E-05 4.792533E-05 4.504368E-14 0.000000E+00
  8484    814   4862 3.019586E-05 1.018529E-05 1.988922E-05 6.306398E-15 0.000000E+00
  8485    122   1047 4.152159E-05 2.247128E-05 3.151888E-05 2.407897E-14 0.000000E+00
  8486    932   1181 1.929446E-05 9.087735E-06 1.397929E-05 1.386558E-14 0.000000E+00
  8487   4211   5802 8.105788E-06 8.470828E-06 8.164602E-06 8.988918E-16 0.000000E+00
  8488   1277   1989 2.127967E-05 1.412983E-05 1.744050E-05 1.819017E-15 0.000000E+00
  8489   1989   2387 4.331683E-06 5.112249E-06 4.651489E-06 2.958557E-15 0.000000E+00
  8490    607    992 1.718054E-05 2.256589E-05 1.957660E-05 1.935095E-14 0.000000E+00
  8491   5098   5645 2.660910E-05 2.745911E-05 2.663061E-05 7.247757E-15 0.000000E+00
  8492   2626   3320 9.523797E-06 7.873190E-06 8.568666E-06 3.326607E-15 0.000000E+00
  8493    341    719 3.239798E-05 1.246831E-05 2.209832E-05 5.846335E-15 0.000000E+00
  8494     29   1761 7.322612E-05 1.142129E-05 4.169200E-05 3.800826E-15 0.000000E+00
  8495     35   2850 7.242615E-05 9.337744E-06 4.027177E-05 1.405669E-14 0.000000E+00
  8496   1826   2522 1.094769E-05 3.062710E-05 2.047713E-05 1.633577E-14 0.000000E+00
  8497    349   5945 1.890040E-05 3.059400E-06 1.081602E-05 2.257846E-15 0.000000E+00
  8498    725   3908 2.498911E-05 1.391560E-05 1.916202E-05 1.337721E-15 0.000000E+00
  8499   1047   1458 1.867822E-05 2.108092E-05 1.958286E-05 9.760408E-15 0.000000E+00
  8500    355    655 2.268943E-05 1.269171E-05 1.742653E-05 4.900730E-14 0.000000E+00
  8501    689   2010 1.494353E-05 8.431591E-06 1.151312E-05 5.188092E-15 0.000000E+00
  8502   1221   2028 3.261320E-05 7.494130E-06 1.975436E-05 3.319529E-15 0.000000E+00
  8503   1221   4159 1.513940E-05 1.074960E-05 1.275130E-05 2.654208E-15 0.000000E+00
  8504   1318   2146 2.667260E-05 1.218198E-05 1.913733E-05 4.197188E-15 0.000000E+00
  8505      8   1764 7.181398E-05 1.181128E-05 4.118856E-05 1.552889E-14 0.000000E+00
  8506      8   1408 8.145049E-05 1.335353E-05 4.669452E-05 2.774532E-14 0.000000E+00
  8507      8   1153 1.043652E-04 1.554617E-05 5.906085E-05 1.512545E-14 0.000000E+00
  8508    196   3353 5.082092E-05 1.318316E-05 3.152440E-05 4.027318E-15 0.000000E+00
  8509     35     49 2.294330E-05 2.385753E-05 2.305116E-05 3.558337E-13 0.000000E+00
  8510     29    346 5.939934E-05 3.728482E-05 4.762056E-05 4.317512E-15 0.000000E+00
  8511     30   1448 4.901206E-05 1.626549E-05 3.215163E-05 4.841275E-15 0.000000E+00
  8512     83    376 2.634501E-05 5.859825E-05 4.183772E-05 2.391618E-14 0.000000E+00
  8513    358   1944 2.262886E-05 5.396885E-06 1.380372E-05 1.115475E-14 0.000000E+00
  8514    689   1997 1.524406E-05 2.022876E-05 1.747169E-05 1.049651E-14 0.000000E+00
  8515    393    912 5.968634E-05 1.412498E-05 3.635483E-05 7.750287E-15 0.000000E+00
  8516      7    220 6.178131E-05 2.945668E-05 4.493812E-05 2.469900E-13 0.000000E+00
  8517   1754   6311 3.391069E-05 1.280583E-05 2.300963E-05 1.465123E-15 0.000000E+00
  8518   5562   6366 1.134663E-05 1.064679E-05 1.083258E-05 9.130476E-16 0.000000E+00
  8519   4798   5633 8.959335E-06 8.969296E-06 8.830520E-06 1.196163E-15 0.000000E+00
  8520    341   1034 2.817972E-05 1.765255E-05 2.257410E-05 2.732065E-15 0.000000E+00
  8521   1944   2624 1.660701E-05 1.088200E-05 1.353936E-05 3.822060E-16 0.000000E+00
  8522   1181   1658 2.038109E-05 1.368694E-05 1.677978E-05 2.774532E-15 0.000000E+00
  8523   2095   4143 7.657409E-06 4.598103E-06 6.036297E-06 2.880700E-15 0.000000E+00
  8524   1612   4613 2.098124E-05 6.473943E-06 1.352270E-05 2.314469E-15 0.000000E+00
  8525      8   4798 7.119866E-05 6.644750E-06 3.834079E-05 7.382237E-15 0.000000E+00
  8526     16    952 9.648359E-05 2.415421E-05 5.941862E-05 6.200230E-15 0.000000E+00
  8527   2846   4906 1.074232E-05 6.031744E-06 8.261850E-06 2.371092E-15 0.000000E+00
  8528    358   4906 3.984255E-05 9.427654E-06 2.426741E-05 3.085959E-15 0.000000E+00
  8529   3400   4582 9.963431E-06 5.368267E-06 7.551433E-06 2.038432E-15 0.000000E+00
  8530   1428   5246 2.191313E-05 3.071425E-05 2.592095E-05 6.086984E-16 0.000000E+00
  8531     98    238 3.646790E-05 3.865862E-05 3.700261E-05 3.814274E-14 0.000000E+00
  8532    589   1881 1.354192E-05 1.134926E-05 1.225984E-05 1.278267E-14 0.000000E+00
  8533    746    753 2.258957E-05 1.685897E-05 1.942988E-05 1.932263E-14 0.000000E+00
  8534   4465   5562 9.811509E-06 9.698695E-06 9.609504E-06 8.351908E-16 0.000000E+00
  8535    879   1100 3.118751E-05 1.683270E-05 2.365174E-05 3.701735E-15 0.000000E+00
  8536    896    995 2.590329E-05 1.354588E-05 1.943019E-05 3.533989E-14 0.000000E+00
  8537    298   5666 2.070199E-05 1.207369E-05 1.614325E-05 3.022258E-15 0.000000E+00
  8538   3711   6022 9.723041E-06 9.848188E-06 9.639560E-06 4.282122E-15 0.000000E+00
  8539   2846   4780 1.398885E-05 7.112375E-06 1.039314E-05 3.701735E-15 0.000000E+00
  8540    358   2723 2.017498E-05 6.085596E-06 1.293431E-05 8.054637E-15 0.000000E+00
  8541    349   4847 1.579103E-05 1.171615E-05 1.354831E-05 6.228541E-15 0.000000E+00
  8542   3238   5929 1.387449E-05 1.914871E-06 7.776848E-06 3.241673E-15 0.000000E+00
  8543    970   1262 1.835897E-05 1.375474E-05 1.581720E-05 1.291007E-14 0.000000E+00
  8544   4446   4465 1.574512E-05 1.477252E-05 1.503107E-05 2.781610E-15 0.000000E+00
  8545   4446   5562 1.187379E-05 1.134488E-05 1.143606E-05 6.086984E-16 0.000000E+00
  8546   1512   5073 1.745493E-05 6.246845E-06 1.167401E-05 6.653215E-16 0.000000E+00
  8547    346    757 6.391818E-05 5.788247E-05 5.999136E-05 1.429733E-15 0.000000E+00
  8548     30    159 5.578361E-05 3.974035E-05 4.704912E-05 2.972713E-15 0.000000E+00
  8549   1683   3116 1.470592E-05 8.784034E-06 1.156968E-05 3.418620E-15 0.000000E+00
  8550    376   6067 4.230993E-05 8.388353E-06 2.497080E-05 1.408500E-15 0.000000E+00
  8551   2522   2723 1.844512E-05 4.612682E-06 1.135683E-05 4.572316E-15 0.000000E+00
  8552    725    918 1.138529E-05 1.473310E-05 1.286428E-05 2.519728E-14 0.000000E+00
  8553    594   1540 2.652095E-05 1.587664E-05 2.088239E-05 1.763102E-14 0.000000E+00
  8554   1570   1997 1.539896E-05 2.578651E-05 2.028538E-05 1.542980E-15 0.000000E+00
  8555    752   4276 1.969343E-05 7.754366E-06 1.351906E-05 7.389315E-15 0.000000E+00
  8556    970   1581 2.807217E-05 1.279092E-05 2.012660E-05 6.872629E-15 0.000000E+00
  8557   1073   1554 2.305418E-05 1.236852E-05 1.744700E-05 2.661286E-15 0.000000E+00
  8558   2626   6366 2.491158E-05 1.452509E-05 1.942403E-05 1.925186E-15 0.000000E+00
  8559    346   1761 6.471741E-05 1.504361E-05 3.928528E-05 2.962804E-14 0.000000E+00
  8560    405    719 4.335862E-05 2.318962E-05 3.277749E-05 1.079378E-14 0.000000E+00
  8561   3116   5985 1.047462E-05 1.825406E-06 6.058219E-06 2.958557E-15 0.000000E+00
  8562   1026   2524 1.787271E-05 9.670894E-06 1.356625E-05 2.901934E-15 0.000000E+00
  8563   1428   4242 2.168670E-05 2.270028E-05 2.186224E-05 3.397386E-15 0.000000E+00
  8564   3439   6337 2.459685E-05 1.842844E-05 2.119156E-05 2.307391E-15 0.000000E+00
  8565    280   6396 3.100035E-05 1.166374E-05 2.101365E-05 6.723994E-16 0.000000E+00
  8566   4428   6389 1.609064E-05 7.390919E-06 1.156555E-05 1.380188E-15 0.000000E+00
  8567   1061   2293 3.257482E-05 3.068221E-06 1.755553E-05 7.155745E-15 0.000000E+00
  8568    896   1233 2.231831E-05 1.128822E-05 1.655247E-05 5.379195E-16 0.000000E+00
  8569   3163   5666 1.796940E-05 1.128485E-05 1.440881E-05 2.604663E-15 0.000000E+00
  8570    483    757 3.626714E-05 5.040586E-05 4.268969E-05 1.648440E-14 0.000000E+00
  8571   1024   3015 1.748274E-05 1.438088E-05 1.569402E-05 2.859467E-15 0.000000E+00
  8572   1947   2850 1.692330E-05 1.301875E-05 1.474758E-05 3.043492E-15 0.000000E+00
  8573    303   6546 3.033698E-05 3.877700E-06 1.685201E-05 1.719927E-15 0.000000E+00
  8574   1280   6389 4.465978E-05 7.482602E-06 2.568207E-05 1.500512E-15 0.000000E+00
  8575   4446   6366 1.223320E-05 1.064679E-05 1.126925E-05 2.448949E-15 0.000000E+00
  8576      8   3112 7.988185E-05 6.471745E-06 4.253237E-05 1.670382E-15 0.000000E+00
  8577     30   5769 4.260387E-05 6.248957E-06 2.406184E-05 2.533884E-15 0.000000E+00
  8578   1217   4823 1.974685E-05 1.166864E-05 1.547330E-05 1.896874E-15 0.000000E+00
  8579     46   2382 4.751113E-05 8.282251E-06 2.748032E-05 4.048552E-15 0.000000E+00
  8580     46   1101 5.469081E-05 1.069929E-05 3.220706E-05 5.662310E-15 0.000000E+00
  8581   2522   5642 1.218002E-05 7.848784E-06 9.864934E-06 8.571322E-15 0.000000E+00
  8582    932   1960 2.813279E-05 1.182966E-05 1.968300E-05 6.171918E-15 0.000000E+00
  8583    794   4393 2.175483E-05 1.256596E-05 1.690427E-05 4.027318E-15 0.000000E+00
  8584   2080   4999 1.135996E-05 1.177342E-05 1.139405E-05 4.041474E-15 0.000000E+00
  8585   6336   6396 1.727736E-05 1.537365E-05 1.608184E-05 3.588489E-15 0.000000E+00
  8586    746   4433 1.753216E-05 5.286653E-06 1.123912E-05 9.088008E-15 0.000000E+00
  8587   1554   2134 2.059811E-05 1.115993E-05 1.564202E-05 3.680502E-16 0.000000E+00
  8588   1748   2239 1.738540E-05 2.761250E-05 2.216315E-05 3.630957E-15 0.000000E+00
  8589      8   1748 7.282688E-05 2.201209E-05 4.671173E-05 7.361004E-16 0.000000E+00
  8590     46     83 5.337558E-05 3.056617E-05 4.134444E-05 3.786670E-14 0.000000E+00
  8591     16   1101 7.994000E-05 1.993865E-05 4.919397E-05 1.560674E-14 0.000000E+00
  8592     40    238 4.751030E-05 2.056659E-05 3.353041E-05 8.017124E-14 0.000000E+00
  8593   3026   4276 1.130330E-05 1.412066E-05 1.252225E-05 5.449974E-16 0.000000E+00
  8594   4752   5985 5.978812E-06 6.137185E-06 5.967581E-06 2.052588E-16 0.000000E+00
  8595   4780   5987 1.332359E-05 9.881693E-06 1.142947E-05 1.160774E-15 0.000000E+00
  8596     83   1024 4.631900E-05 2.587407E-05 3.555778E-05 1.774427E-14 0.000000E+00
  8597   2694   5863 8.469874E-06 9.148803E-06 8.677856E-06 3.609723E-16 0.000000E+00
  8598    358   2624 2.681415E-05 1.262782E-05 1.942664E-05 4.544004E-15 0.000000E+00
  8599     46   2493 4.158886E-05 7.403099E-06 2.413037E-05 1.727005E-15 0.000000E+00
  8600    918    977 2.318989E-05 1.369749E-05 1.816841E-05 9.838264E-15 0.000000E+00
  8601   1026   4116 1.628938E-05 1.086902E-05 1.337653E-05 2.491417E-15 0.000000E+00
  8602    689   1570 1.962221E-05 1.072176E-05 1.494554E-05 1.234384E-14 0.000000E+00
  8603   1570   2524 9.318638E-06 1.279158E-05 1.089011E-05 5.803868E-16 0.000000E+00
  8604      3   6763 1.183607E-04 6.706411E-06 6.160024E-05 2.349859E-15 0.000000E+00
  8605    752   1830 3.304466E-05 3.486720E-05 3.344912E-05 8.281129E-16 0.000000E+00
  8606   2295   4999 1.354425E-05 7.352998E-06 1.029267E-05 2.661286E-15 0.000000E+00
  8607   1280   3684 9.424039E-06 2.843816E-06 6.042376E-06 6.115295E-15 0.000000E+00
  8608    896   5073 4.184062E-05 6.483252E-06 2.380131E-05 1.472201E-15 0.000000E+00
  8609    192    859 7.363712E-05 2.858055E-05 5.034602E-05 8.252817E-15 0.000000E+00
  8610    298    394 2.637131E-05 3.021292E-05 2.786985E-05 3.834800E-14 0.000000E+00
  8611   4762   4780 1.119358E-05 1.302579E-05 1.192894E-05 1.486356E-16 0.000000E+00
  8612      3    384 2.035572E-04 2.898359E-05 1.145350E-04 7.272530E-14 0.000000E+00
  8613   1280   4428 3.359591E-05 1.743301E-05 2.513365E-05 5.704778E-15 0.000000E+00
  8614      7     75 9.679449E-05 2.922903E-05 6.207129E-05 2.012244E-14 0.000000E+00
  8615    952   3547 2.247679E-05 1.113274E-05 1.655395E-05 2.243690E-15 0.000000E+00
  8616    483   1601 3.120978E-05 6.996575E-06 1.881806E-05 7.191134E-15 0.000000E+00
  8617     16     30 7.314848E-05 5.467223E-05 6.295647E-05 1.026648E-13 0.000000E+00
  8618     49   1034 4.201745E-05 1.283472E-05 2.701674E-05 5.159780E-15 0.000000E+00
  8619    349   4775 2.184285E-05 1.021690E-05 1.579062E-05 4.515693E-15 0.000000E+00
  8620    349   3238 3.462847E-05 1.343047E-05 2.367082E-05 3.220439E-15 0.000000E+00
  8621   1047   2942 1.713998E-05 2.045757E-05 1.851819E-05 2.781610E-15 0.000000E+00
  8622    355   1658 3.235447E-05 1.570856E-05 2.367284E-05 1.286052E-14 0.000000E+00
  8623    169    181 5.094787E-05 4.080863E-05 4.519350E-05 4.149766E-14 0.000000E+00
  8624    168    181 4.263257E-05 2.860379E-05 3.508657E-05 9.201254E-15 0.000000E+00
  8625      7    169 1.157421E-04 2.237680E-05 6.802869E-05 1.222139E-13 0.000000E+00
  8626   1229   6337 3.120059E-05 1.983945E-05 2.513912E-05 1.981809E-16 0.000000E+00
  8627    161    186 3.639592E-05 2.631094E-05 3.088547E-05 7.777183E-14 0.000000E+00
  8628     30   3641 4.018295E-05 5.284473E-06 2.239440E-05 1.719927E-15 0.000000E+00
  8629    341   1719 3.290456E-05 1.495663E-05 2.357342E-05 3.043492E-16 0.000000E+00
  8630     35   4783 6.147660E-05 7.659644E-06 3.405218E-05 1.118306E-15 0.000000E+00
  8631    358   5713 4.301621E-05 5.917916E-06 2.410189E-05 1.896874E-15 0.000000E+00
  8632    814   6021 1.915381E-05 5.099607E-06 1.194571E-05 1.245708E-15 0.000000E+00
  8633    393    573 6.543687E-05 3.136238E-05 4.767724E-05 7.155745E-15 0.000000E+00
  8634    312   1830 2.657319E-05 1.100162E-05 1.850700E-05 9.809953E-15 0.000000E+00
  8635    312    752 1.706117E-05 2.068887E-05 1.859330E-05 1.714264E-14 0.000000E+00
  8636   2758   3022 2.298020E-05 1.099661E-05 1.673485E-05 6.950486E-15 0.000000E+00
  8637   1280   2758 1.595676E-05 1.171058E-05 1.362720E-05 2.206885E-14 0.000000E+00
  8638   1073   2146 1.069667E-05 1.679364E-05 1.354000E-05 1.097073E-15 0.000000E+00
  8639    694    983 3.278933E-05 1.670391E-05 2.437727E-05 3.326607E-15 0.000000E+00
  8640   2626   4165 1.197237E-05 3.039496E-06 7.393904E-06 6.094062E-15 0.000000E+00
  8641    192    306 3.582600E-05 1.175986E-05 2.343781E-05 5.597194E-14 0.000000E+00
  8642    719   1719 1.681182E-05 1.060832E-05 1.350544E-05 7.651197E-15 0.000000E+00
  8643   4752   6018 6.050669E-06 3.980381E-06 4.940667E-06 1.274020E-15 0.000000E+00
  8644   4762   5987 6.797586E-06 6.729656E-06 6.662671E-06 3.135504E-15 0.000000E+00
  8645   2522   4925 3.246202E-05 4.774489E-06 1.834037E-05 1.889796E-15 0.000000E+00
  8646   4868   5959 6.257803E-06 5.427195E-06 5.755298E-06 8.281129E-16 0.000000E+00
  8647    312   3026 2.405577E-05 5.660475E-06 1.463636E-05 1.500512E-15 0.000000E+00
  8648   3439   6134 1.491985E-05 1.672326E-05 1.558541E-05 3.107193E-15 0.000000E+00
  8649    280   6336 2.734238E-05 1.208029E-05 1.941714E-05 3.369075E-15 0.000000E+00
  8650   3320   4165 9.053360E-06 9.848997E-06 9.310116E-06 5.733089E-16 0.000000E+00
  8651     75    570 6.969386E-05 2.049344E-05 4.442061E-05 3.461087E-14 0.000000E+00
  8652     29   4829 4.391718E-05 6.404759E-06 2.478543E-05 1.840251E-15 0.000000E+00
  8653    470    688 2.769376E-05 1.464664E-05 2.085423E-05 1.378065E-14 0.000000E+00
  8654   5642   5959 1.256849E-05 7.955822E-06 1.010899E-05 1.082917E-15 0.000000E+00
  8655    379    450 5.460463E-05 1.782063E-05 3.567214E-05 7.877689E-15 0.000000E+00
  8656     40     98 1.097878E-04 2.118578E-05 6.450938E-05 3.812858E-14 0.000000E+00
  8657   5460   5467 7.181692E-06 7.140493E-06 7.054210E-06 1.571291E-15 0.000000E+00
  8658   1830   3026 2.766876E-05 7.732500E-06 1.743644E-05 3.255828E-15 0.000000E+00
  8659    753   5119 2.517956E-05 8.504434E-06 1.659062E-05 6.816006E-15 0.000000E+00
  8660    298   2273 2.168116E-05 1.289932E-05 1.703218E-05 1.550057E-15 0.000000E+00
  8661     30    952 5.271750E-05 2.762649E-05 3.957241E-05 1.132462E-15 0.000000E+00
  8662     16    719 1.120745E-04 2.910621E-05 6.953678E-05 5.237637E-16 0.000000E+00
  8663    918   6071 1.973934E-05 5.713113E-06 1.253628E-05 4.558160E-15 0.000000E+00
  8664    823   2915 1.879028E-05 1.836190E-05 1.829883E-05 1.252786E-15 0.000000E+00
  8665   3115   4471 1.264775E-05 1.070209E-05 1.150067E-05 1.804861E-15 0.000000E+00
  8666      3   2448 1.012250E-04 1.197659E-05 5.575603E-05 8.592556E-15 0.000000E+00
  8667   5082   5645 1.916838E-05 3.256008E-05 2.547820E-05 3.326607E-16 0.000000E+00
  8668      7    306 9.736815E-05 3.462971E-05 6.501387E-05 1.973315E-14 0.000000E+00
  8669   5987   6018 7.770880E-06 1.257069E-05 1.001898E-05 5.520753E-16 0.000000E+00
  8670   4764   4775 9.222602E-06 8.346943E-06 8.653656E-06 1.316487E-15 0.000000E+00
  8671   4178   4762 1.516016E-05 6.536550E-06 1.068644E-05 1.210319E-15 0.000000E+00
  8672     46    659 4.306544E-05 1.644483E-05 2.931103E-05 2.565027E-14 0.000000E+00
  8673   1047   4212 1.608349E-05 1.136461E-05 1.351921E-05 4.345823E-15 0.000000E+00
  8674    572   4152 2.460285E-05 2.324076E-05 2.356477E-05 2.732065E-15 0.000000E+00
  8675    275   1996 1.893888E-05 7.195038E-06 1.287193E-05 1.276851E-14 0.000000E+00
  8676    752   1063 3.215601E-05 1.914261E-05 2.526649E-05 1.420532E-14 0.000000E+00
  8677   1073   2134 2.583135E-05 1.137925E-05 1.832761E-05 6.893863E-15 0.000000E+00
  8678   2327   5013 2.274551E-05 6.094793E-06 1.420493E-05 3.800826E-15 0.000000E+00
  8679   3320   6621 8.053807E-06 5.636695E-06 6.743083E-06 1.741160E-15 0.000000E+00
  8680    298   3163 2.216850E-05 1.786047E-05 1.971576E-05 9.059697E-16 0.000000E+00
  8681    192    759 3.082254E-05 9.354414E-06 1.978865E-05 1.358247E-14 0.000000E+00
  8682   1034   1719 1.139524E-05 1.220826E-05 1.162560E-05 2.781610E-15 0.000000E+00
  8683    688    866 2.042295E-05 1.107209E-05 1.551248E-05 1.017093E-14 0.000000E+00
  8684   1728   5710 8.574779E-06 5.123063E-06 6.746699E-06 1.946419E-15 0.000000E+00
  8685   1238   5713 2.535396E-05 8.592187E-06 1.671974E-05 5.166858E-16 0.000000E+00
  8686     35   3360 5.416793E-05 9.182378E-06 3.120239E-05 1.486356E-15 0.000000E+00
  8687    736   1024 2.426810E-05 2.999634E-05 2.672726E-05 9.095086E-15 0.000000E+00
  8688    977   2243 3.038704E-05 1.208366E-05 2.091840E-05 1.048943E-14 0.000000E+00
  8689    450    606 3.384009E-05 1.312540E-05 2.313226E-05 2.146723E-14 0.000000E+00
  8690   2519   6795 6.396548E-06 4.573369E-06 5.403093E-06 1.358954E-15 0.000000E+00
  8691    312   4276 2.033872E-05 1.141858E-05 1.564165E-05 7.148667E-16 0.000000E+00
  8692   2934   6668 1.396415E-05 7.637774E-06 1.063975E-05 2.852389E-15 0.000000E+00
  8693   6336   6401 1.353861E-05 1.530410E-05 1.420611E-05 2.123366E-16 0.000000E+00
  8694    280   6401 3.411055E-05 1.344453E-05 2.342265E-05 3.255828E-15 0.000000E+00
  8695    746   5119 2.899189E-05 6.572263E-06 1.751667E-05 2.017198E-15 0.000000E+00
  8696   2626   4446 2.590903E-05 1.477482E-05 2.003831E-05 9.979822E-16 0.000000E+00
  8697   5013   6371 1.621055E-05 1.276462E-05 1.427135E-05 2.873623E-15 0.000000E+00
  8698   1610   2134 1.140578E-05 1.305115E-05 1.204595E-05 5.980815E-15 0.000000E+00
  8699   6626   6740 1.114529E-05 1.110507E-05 1.095913E-05 1.564213E-15 0.000000E+00
  8700    896   6744 3.291323E-05 1.231518E-05 2.227668E-05 3.751281E-15 0.000000E+00
  8701     29   5768 8.106212E-05 9.392580E-06 4.455231E-05 1.769472E-15 0.000000E+00
  8702     29    483 8.101068E-05 2.925644E-05 5.431067E-05 3.448347E-14 0.000000E+00
  8703    349    758 3.762563E-05 2.627666E-05 3.147426E-05 6.136529E-15 0.000000E+00
  8704     46   4112 5.194496E-05 3.240904E-06 2.718110E-05 6.936330E-16 0.000000E+00
  8705    725   5862 2.530638E-05 1.422413E-05 1.947025E-05 2.335703E-16 0.000000E+00
  8706    456    814 2.258515E-05 1.015889E-05 1.612766E-05 8.819048E-15 0.000000E+00
  8707   2029   5732 8.831146E-06 3.349196E-06 5.999273E-06 4.508615E-15 0.000000E+00
  8708    689   2564 2.544352E-05 1.481882E-05 1.983070E-05 6.688604E-15 0.000000E+00
  8709   5841   5849 6.521629E-06 1.230431E-05 9.272475E-06 2.229535E-15 0.000000E+00
  8710    484    713 1.266081E-05 1.917575E-05 1.568069E-05 2.179990E-14 0.000000E+00
  8711   3873   5004 3.816275E-06 1.159146E-05 7.588883E-06 3.043492E-15 0.000000E+00
  8712   5083   6336 1.604188E-05 8.366650E-06 1.202211E-05 9.767485E-16 0.000000E+00
  8713   4403   6371 6.617127E-06 5.559009E-06 5.997202E-06 3.163816E-15 0.000000E+00
  8714      7    407 9.572005E-05 1.885423E-05 5.643211E-05 4.613367E-14 0.000000E+00
  8715      7    859 1.020984E-04 2.747627E-05 6.382037E-05 3.350672E-14 0.000000E+00
  8716    192    407 1.889410E-05 3.073255E-05 2.444298E-05 9.356968E-15 0.000000E+00
  8717    810   1138 1.345497E-05 9.459384E-06 1.128617E-05 2.760376E-16 0.000000E+00
  8718    977   3115 3.649872E-05 7.092246E-06 2.147018E-05 3.177972E-15 0.000000E+00
  8719    594   2435 1.956777E-05 1.368232E-05 1.637691E-05 1.155819E-14 0.000000E+00
  8720    573   4647 3.549470E-05 3.346087E-05 3.396319E-05 4.140564E-15 0.000000E+00
  8721   2982   5230 8.060206E-06 2.792455E-06 5.345340E-06 2.604663E-15 0.000000E+00
  8722     17   3628 6.688378E-05 6.689375E-06 3.623752E-05 1.851576E-14 0.000000E+00
  8723   2295   5156 1.169268E-05 9.804532E-06 1.058818E-05 4.048552E-15 0.000000E+00
  8724    280   5082 2.069102E-05 4.247694E-06 1.228325E-05 1.153696E-15 0.000000E+00
  8725   2758   3684 1.329747E-05 7.202839E-06 1.009717E-05 6.370099E-17 0.000000E+00
  8726    696   1061 3.417929E-05 3.197353E-05 3.258273E-05 3.533282E-14 0.000000E+00
  8727    570   5887 1.745542E-05 4.195118E-06 1.066370E-05 1.691615E-15 0.000000E+00
  8728     29    757 7.646555E-05 4.198321E-05 5.834044E-05 1.230845E-14 0.000000E+00
  8729     49    376 5.297254E-05 4.486176E-05 4.818704E-05 2.335703E-16 0.000000E+00
  8730   1101   5494 1.713183E-05 1.594965E-05 1.629386E-05 1.578369E-15 0.000000E+00
  8731    977   1326 1.779819E-05 2.548473E-05 2.131845E-05 3.001025E-15 0.000000E+00
  8732    477   4471 2.269587E-05 1.247636E-05 1.732364E-05 2.831155E-16 0.000000E+00
  8733   6667   6668 7.212179E-06 8.837879E-06 7.905252E-06 3.892838E-16 0.000000E+00
  8734   5083   6401 1.177055E-05 9.135866E-06 1.029719E-05 3.468165E-15 0.000000E+00
  8735    753   3929 1.679237E-05 3.724932E-06 1.010554E-05 4.621861E-15 0.000000E+00
  8736   2626   3594 2.300578E-05 1.264486E-05 1.755927E-05 1.344799E-15 0.000000E+00
  8737   5007   5768 8.140413E-06 6.240359E-06 7.083067E-06 1.634992E-15 0.000000E+00
  8738    483   5768 2.230767E-05 1.148186E-05 1.664260E-05 4.720951E-15 0.000000E+00
  8739     49   5840 5.658325E-05 2.760634E-06 2.922908E-05 2.250768E-15 0.000000E+00
  8740     29    736 4.589460E-05 2.377405E-05 3.431441E-05 1.741160E-15 0.000000E+00
  8741   1326   5849 2.095189E-05 9.614571E-06 1.505512E-05 1.571291E-15 0.000000E+00
  8742    477   3115 2.918144E-05 1.503925E-05 2.178034E-05 6.653215E-16 0.000000E+00
  8743   4242   5192 1.575299E-05 8.631103E-06 1.201008E-05 5.336728E-15 0.000000E+00
  8744   3022   5082 1.994488E-05 1.247379E-05 1.596740E-05 1.012138E-15 0.000000E+00
  8745   6626   6739 9.024088E-06 7.527027E-06 8.152042E-06 1.380188E-15 0.000000E+00
  8746    306    407 2.287144E-05 2.103972E-05 2.162788E-05 1.816186E-14 0.000000E+00
  8747      8   3212 8.825783E-05 4.701419E-06 4.578590E-05 7.035421E-15 0.000000E+00
  8748     30   5840 4.120613E-05 6.946400E-06 2.371692E-05 1.854407E-15 0.000000E+00
  8749    470   1040 1.446638E-05 8.718938E-06 1.141963E-05 5.556142E-15 0.000000E+00
  8750   5867   5948 6.925014E-06 7.224321E-06 6.969075E-06 2.229535E-15 0.000000E+00
  8751    823   1537 1.958744E-05 1.942677E-05 1.921595E-05 1.167852E-15 0.000000E+00
  8752   2243   5841 2.606779E-05 1.066060E-05 1.809010E-05 2.236613E-15 0.000000E+00
  8753    606   2541 1.857568E-05 1.841753E-05 1.822054E-05 1.097073E-15 0.000000E+00
  8754   5082   5083 1.035814E-05 1.334598E-05 1.167516E-05 1.627914E-15 0.000000E+00
  8755    280   5120 2.368475E-05 8.491700E-06 1.584810E-05 3.538944E-16 0.000000E+00
  8756   2084   2863 2.356151E-05 1.049503E-05 1.677412E-05 2.080899E-15 0.000000E+00
  8757      8    271 9.284196E-05 2.467838E-05 5.788315E-05 6.355943E-15 0.000000E+00
  8758    475   1601 3.420072E-05 9.933383E-06 2.173769E-05 8.210350E-16 0.000000E+00
  8759     49   1719 3.601504E-05 1.549607E-05 2.537114E-05 3.864527E-15 0.000000E+00
  8760    968   4822 1.186090E-05 3.042436E-06 7.340450E-06 3.277062E-15 0.000000E+00
  8761    979   1761 1.647004E-05 1.635749E-05 1.616879E-05 5.096079E-15 0.000000E+00
  8762     16    697 1.056503E-04 2.127968E-05 6.251776E-05 1.099904E-14 0.000000E+00
  8763    823   5574 1.526974E-05 7.737845E-06 1.133209E-05 2.052588E-16 0.000000E+00
  8764    918   1326 3.087964E-05 2.033745E-05 2.522632E-05 1.186254E-14 0.000000E+00
  8765    480    713 3.966212E-05 2.849623E-05 3.357053E-05 1.080793E-14 0.000000E+00
  8766    689    857 2.199012E-05 1.115355E-05 1.632450E-05 1.190501E-14 0.000000E+00
  8767   1118   5841 1.960117E-05 1.271711E-05 1.591796E-05 3.185050E-16 0.000000E+00
  8768    572   1118 3.200451E-05 1.310618E-05 2.221870E-05 3.064726E-15 0.000000E+00
  8769    477   1026 2.633326E-05 2.406711E-05 2.482407E-05 6.320554E-15 0.000000E+00
  8770   1696   5156 1.465725E-05 5.234612E-06 9.797486E-06 4.253811E-15 0.000000E+00
  8771   1229   5165 1.887035E-05 1.129958E-05 1.485982E-05 5.230559E-15 0.000000E+00
  8772      7   3725 7.200795E-05 8.322398E-06 3.956570E-05 5.223481E-15 0.000000E+00
  8773   1280   5120 3.248679E-05 6.288903E-06 1.909847E-05 5.350883E-15 0.000000E+00
  8774    858    970 3.553924E-05 1.800306E-05 2.637158E-05 1.546519E-14 0.000000E+00
  8775    983   4403 2.732318E-05 9.783712E-06 1.827653E-05 5.662310E-16 0.000000E+00
  8776   3594   4165 1.085351E-05 1.738159E-05 1.390684E-05 1.040450E-15 0.000000E+00
  8777   4165   6621 1.406275E-05 6.622171E-06 1.018810E-05 3.093037E-15 0.000000E+00
  8778    306    859 2.680409E-05 1.547523E-05 2.082414E-05 3.213361E-15 0.000000E+00
  8779    161    282 3.480971E-05 1.571187E-05 2.488376E-05 2.046925E-14 0.000000E+00
  8780   4181   4764 1.710566E-05 8.921738E-06 1.281947E-05 2.979791E-15 0.000000E+00
  8781    823   2564 2.360797E-05 1.709706E-05 2.004875E-05 3.609723E-15 0.000000E+00
  8782   2029   3608 1.403583E-05 8.580476E-06 1.113937E-05 7.361004E-16 0.000000E+00
  8783    477    977 2.182385E-05 3.929723E-05 3.010442E-05 1.620836E-15 0.000000E+00
  8784    752   6201 1.713081E-05 3.002216E-06 9.916265E-06 2.909012E-15 0.000000E+00
  8785   2822   4992 8.341816E-06 1.243668E-05 1.023419E-05 2.477261E-16 0.000000E+00
  8786   5156   5157 7.770664E-06 6.404235E-06 6.981667E-06 1.231553E-15 0.000000E+00
  8787    872   1073 1.527689E-05 2.815467E-05 2.139167E-05 5.449974E-16 0.000000E+00
  8788   2170   2863 1.197198E-05 1.771929E-05 1.462406E-05 3.149660E-15 0.000000E+00
  8789   1456   2084 1.587559E-05 8.247910E-06 1.188172E-05 5.131469E-15 0.000000E+00
  8790     30     49 4.816440E-05 5.248982E-05 4.957596E-05 7.453016E-15 0.000000E+00
  8791    736   4783 2.917245E-05 9.754495E-06 1.917297E-05 1.380188E-15 0.000000E+00
  8792     83   1187 2.869026E-05 1.612172E-05 2.207158E-05 1.330643E-15 0.000000E+00
  8793     77   1253 5.204964E-05 1.428530E-05 3.267243E-05 2.121243E-14 0.000000E+00
  8794    358   5895 1.557548E-05 7.058799E-06 1.114823E-05 4.190110E-15 0.000000E+00
  8795    918   3610 4.247368E-05 5.378802E-06 2.356913E-05 7.077888E-16 0.000000E+00
  8796    303   4370 2.580661E-05 1.019292E-05 1.773111E-05 7.658275E-15 0.000000E+00
  8797   4992   5004 1.471822E-05 1.355961E-05 1.392789E-05 5.803868E-16 0.000000E+00
  8798   5082   5165 1.561529E-05 1.087118E-05 1.304557E-05 2.625896E-15 0.000000E+00
  8799    858   1189 1.508354E-05 1.142525E-05 1.305657E-05 5.626921E-15 0.000000E+00
  8800    896   4202 2.863094E-05 1.574580E-05 2.185720E-05 1.868562E-15 0.000000E+00
  8801    643    759 1.438035E-05 1.145726E-05 1.272599E-05 6.964642E-15 0.000000E+00
  8802    271    394 3.220842E-05 9.640603E-06 2.061220E-05 1.242877E-14 0.000000E+00
  8803     49   1187 3.990974E-05 2.590237E-05 3.241492E-05 2.696675E-15 0.000000E+00
  8804     77    282 6.111715E-05 2.033203E-05 4.011676E-05 3.421451E-14 0.000000E+00
  8805    349   5496 3.488517E-05 1.345274E-05 2.380823E-05 5.952504E-15 0.000000E+00
  8806    586    790 3.741117E-05 1.846346E-05 2.752034E-05 7.233602E-15 0.000000E+00
  8807    193    586 3.279067E-05 2.003726E-05 2.601973E-05 7.297303E-15 0.000000E+00
  8808    303   3508 3.154788E-05 1.665390E-05 2.374118E-05 7.644119E-16 0.000000E+00
  8809   1326   5841 1.442772E-05 7.841520E-06 1.096843E-05 8.351908E-16 0.000000E+00
  8810     17    978 9.186760E-05 1.246753E-05 5.138894E-05 7.789216E-14 0.000000E+00
  8811   1696   2295 1.108222E-05 1.365619E-05 1.218459E-05 2.229535E-15 0.000000E+00
  8812      7   6407 9.193031E-05 1.065909E-05 5.052911E-05 4.055630E-15 0.000000E+00
  8813    970   1189 2.656365E-05 2.055241E-05 2.320642E-05 2.335703E-15 0.000000E+00
  8814   1119   1217 1.749086E-05 1.582787E-05 1.641072E-05 2.194145E-16 0.000000E+00
  8815   1217   1931 1.227529E-05 8.412923E-06 1.018972E-05 4.225499E-15 0.000000E+00
  8816     83   6068 4.566559E-05 6.776866E-06 2.582987E-05 6.794772E-16 0.000000E+00
  8817   1024   6068 3.318721E-05 6.216160E-06 1.940763E-05 5.591532E-16 0.000000E+00
  8818   3913   4944 8.270338E-06 7.675974E-06 7.854154E-06 1.557135E-15 0.000000E+00
  8819     83    659 5.204429E-05 2.529638E-05 3.809316E-05 9.201254E-17 0.000000E+00
  8820   2029   4121 1.446964E-05 9.508940E-06 1.181035E-05 1.344799E-15 0.000000E+00
  8821   3508   4370 1.664476E-05 1.060776E-05 1.342288E-05 1.125384E-15 0.000000E+00
  8822    594   1996 2.414708E-05 2.576513E-05 2.458363E-05 7.516717E-15 0.000000E+00
  8823   3121   4316 1.500022E-05 1.527392E-05 1.491114E-05 5.803868E-16 0.000000E+00
  8824   4316   6704 1.481487E-05 1.226647E-05 1.333857E-05 1.472201E-15 0.000000E+00
  8825   1229   6134 1.326056E-05 3.357909E-06 8.185214E-06 4.855431E-15 0.000000E+00
  8826   5120   6401 9.046725E-06 1.411729E-05 1.140914E-05 2.109211E-15 0.000000E+00
  8827   6282   6330 9.429357E-06 9.863116E-06 9.502263E-06 2.172912E-15 0.000000E+00
  8828   4364   6371 1.364765E-05 8.508140E-06 1.091255E-05 2.406482E-16 0.000000E+00
  8829    192    643 3.506041E-05 2.209197E-05 2.814968E-05 2.314469E-15 0.000000E+00
  8830    192   1252 2.817144E-05 1.573851E-05 2.162729E-05 3.574333E-15 0.000000E+00
  8831   1238   4822 2.377359E-05 5.188554E-06 1.426493E-05 7.361004E-16 0.000000E+00
  8832     49   2210 4.243581E-05 9.975631E-06 2.581459E-05 6.511657E-16 0.000000E+00
  8833   1326   2243 1.547776E-05 2.295230E-05 1.892824E-05 1.819017E-15 0.000000E+00
  8834    477   1570 3.735435E-05 1.592378E-05 2.624147E-05 4.175954E-16 0.000000E+00
  8835    573    713 2.208114E-05 1.537220E-05 1.844717E-05 5.173936E-15 0.000000E+00
  8836      3   6470 9.483255E-05 6.471008E-06 4.989578E-05 1.720635E-14 0.000000E+00
  8837   3295   5186 1.464087E-05 1.277587E-05 1.350377E-05 2.179990E-15 0.000000E+00
  8838   3295   5192 1.548522E-05 1.244044E-05 1.375443E-05 2.052588E-16 0.000000E+00
  8839   4364   4403 1.105736E-05 7.768719E-06 9.272547E-06 2.194145E-16 0.000000E+00
  8840     75    576 9.754059E-05 1.270285E-05 5.429901E-05 1.407792E-14 0.000000E+00
  8841    859   6538 2.525797E-05 4.180527E-06 1.449956E-05 1.288176E-15 0.000000E+00
  8842     29   2793 5.460220E-05 1.015496E-05 3.189532E-05 1.479279E-15 0.000000E+00
  8843     46    719 6.515085E-05 2.338442E-05 4.360692E-05 9.696707E-16 0.000000E+00
  8844    725   5485 3.759307E-05 9.896925E-06 2.339059E-05 1.479279E-15 0.000000E+00
  8845    477    857 3.136859E-05 1.066251E-05 2.070188E-05 2.519728E-15 0.000000E+00
  8846   1063   1830 1.548008E-05 1.716670E-05 1.607976E-05 4.239655E-15 0.000000E+00
  8847   1375   1995 1.928447E-05 8.293778E-06 1.358332E-05 4.480303E-15 0.000000E+00
  8848      7   6353 6.222551E-05 1.059126E-05 3.586497E-05 1.571291E-15 0.000000E+00
  8849   2495   2844 8.643160E-06 8.261609E-06 8.326229E-06 2.095055E-15 0.000000E+00
  8850   3337   3668 7.565178E-06 6.859484E-06 7.104684E-06 1.634992E-15 0.000000E+00
  8851     29   5007 7.794825E-05 4.814937E-06 4.076396E-05 8.988918E-16 0.000000E+00
  8852     16   5829 5.840943E-05 8.226887E-06 3.282087E-05 2.540962E-15 0.000000E+00
  8853     46   1719 7.302457E-05 1.777005E-05 4.471974E-05 1.472201E-15 0.000000E+00
  8854     83   4950 2.978088E-05 6.854588E-06 1.804434E-05 8.705802E-16 0.000000E+00
  8855   4944   5496 1.234607E-05 1.150508E-05 1.174758E-05 4.105175E-16 0.000000E+00
  8856   2942   4121 6.780969E-06 8.066996E-06 7.313177E-06 1.748238E-15 0.000000E+00
  8857    477   2016 2.731629E-05 1.885468E-05 2.274093E-05 2.647130E-15 0.000000E+00
  8858   2343   3585 1.284675E-05 9.394745E-06 1.095476E-05 2.385248E-15 0.000000E+00
  8859    312   1063 1.772932E-05 1.161311E-05 1.445224E-05 1.167852E-15 0.000000E+00
  8860   2822   5611 2.010649E-05 6.749086E-06 1.322737E-05 2.491417E-15 0.000000E+00
  8861   2327   4364 2.741256E-05 1.393129E-05 2.036339E-05 1.698693E-16 0.000000E+00
  8862     29     49 3.824441E-05 3.236736E-05 3.477893E-05 1.984640E-14 0.000000E+00
  8863     46   2978 5.223435E-05 8.298375E-06 2.981462E-05 2.052588E-16 0.000000E+00
  8864     16   5494 8.069780E-05 7.811631E-06 4.359420E-05 1.309409E-15 0.000000E+00
  8865   3979   5497 1.010895E-05 1.100775E-05 1.040076E-05 1.684537E-15 0.000000E+00
  8866    605    697 1.842525E-05 1.272774E-05 1.534401E-05 9.909043E-16 0.000000E+00
  8867    605    624 1.439045E-05 1.369188E-05 1.383160E-05 3.057648E-15 0.000000E+00
  8868    814   5480 2.127026E-05 6.591015E-06 1.372272E-05 2.130444E-15 0.000000E+00
  8869   3454   4175 5.628937E-06 6.417087E-06 5.933116E-06 4.459069E-16 0.000000E+00
  8870   4007   5368 1.332371E-05 1.185708E-05 1.240248E-05 1.981809E-16 0.000000E+00
  8871   3250   3479 7.701060E-06 6.985690E-06 7.233772E-06 5.449974E-16 0.000000E+00
  8872    983   4364 2.907640E-05 1.272214E-05 2.058734E-05 2.087977E-15 0.000000E+00
  8873   4364   6223 1.158807E-05 1.183064E-05 1.153458E-05 4.317512E-16 0.000000E+00
  8874   2327   6223 1.353416E-05 4.358818E-06 8.812959E-06 6.723994E-16 0.000000E+00
  8875    306   1252 1.989148E-05 1.177316E-05 1.559602E-05 1.026294E-15 0.000000E+00
  8876     29   2575 9.007024E-05 2.181039E-05 5.510539E-05 2.109211E-15 0.000000E+00
  8877     29   5827 9.759052E-05 4.539297E-06 5.030275E-05 1.394344E-15 0.000000E+00
  8878     16   1935 5.417664E-05 5.202456E-06 2.924642E-05 2.300314E-15 0.000000E+00
  8879     16   2978 7.040396E-05 1.126626E-05 4.022563E-05 2.229535E-15 0.000000E+00
  8880    456   5480 9.812129E-06 6.843323E-06 8.203432E-06 6.228541E-16 0.000000E+00
  8881   3296   5186 7.332060E-06 7.463213E-06 7.287224E-06 1.330643E-15 0.000000E+00
  8882   3585   5473 8.211131E-06 5.553322E-06 6.779507E-06 9.979822E-16 0.000000E+00
  8883   2844   5471 7.081982E-06 5.592802E-06 6.242804E-06 9.696707E-16 0.000000E+00
  8884   3594   4355 8.366781E-06 5.806650E-06 6.980943E-06 1.266942E-15 0.000000E+00
  8885   2876   4355 1.186421E-05 1.061619E-05 1.107243E-05 1.840251E-16 0.000000E+00
  8886   3279   5281 4.489057E-06 3.219575E-06 3.796789E-06 1.026294E-15 0.000000E+00
  8887   3293   4181 8.645464E-06 8.563266E-06 8.475942E-06 1.118306E-15 0.000000E+00
  8888    790   1040 2.338411E-05 2.135502E-05 2.203569E-05 1.783628E-15 0.000000E+00
  8889     46   5494 5.665360E-05 1.322885E-05 3.441972E-05 1.323565E-15 0.000000E+00
  8890   4366   5862 5.335415E-06 6.719607E-06 5.937548E-06 1.840251E-16 0.000000E+00
  8891     46    624 7.373265E-05 3.449844E-05 5.330785E-05 1.840251E-16 0.000000E+00
  8892   4351   5490 7.903285E-06 7.560290E-06 7.616388E-06 5.662310E-17 0.000000E+00
  8893    694   6739 2.104885E-05 1.693796E-05 1.870992E-05 2.682520E-15 0.000000E+00
  8894    407   1252 3.439749E-05 8.412135E-06 2.108534E-05 1.472201E-15 0.000000E+00
  8895     16   5495 8.756009E-05 4.108442E-06 4.515017E-05 3.043492E-16 0.000000E+00
  8896    659   5478 2.178551E-05 4.934840E-06 1.316077E-05 8.564244E-16 0.000000E+00
  8897    456   4121 9.710038E-06 1.005554E-05 9.735285E-06 8.281129E-16 0.000000E+00
  8898    450   4647 2.492621E-05 1.353923E-05 1.894567E-05 4.395368E-15 0.000000E+00
  8899   2343   5473 2.058473E-05 4.207539E-06 1.221112E-05 5.945426E-16 0.000000E+00
  8900    168    169 3.427500E-05 3.722426E-05 3.521606E-05 1.819017E-15 0.000000E+00
  8901   2230   4236 1.340380E-05 5.027396E-06 9.078053E-06 4.175954E-16 0.000000E+00
  8902   2230   5176 1.552139E-05 8.276333E-06 1.172126E-05 7.007109E-16 0.000000E+00
  8903   2876   3594 1.217743E-05 1.192137E-05 1.186956E-05 1.627914E-16 0.000000E+00
  8904   1119   2209 1.652301E-05 1.536202E-05 1.570457E-05 5.449974E-16 0.000000E+00
  8905    162   1253 5.845434E-05 6.933819E-06 3.220611E-05 1.047527E-15 0.000000E+00
  8906    193   3508 3.399404E-05 1.796555E-05 2.559203E-05 5.237637E-16 0.000000E+00
  8907   1118   2966 1.227350E-05 5.485483E-06 8.746960E-06 4.812964E-16 0.000000E+00
  8908   2230   5483 9.625530E-06 4.025241E-06 6.723514E-06 1.769472E-16 0.000000E+00
  8909    394   5476 1.736591E-05 1.161151E-05 1.427246E-05 7.077888E-17 0.000000E+00
  8910    161   2209 5.312174E-05 8.503894E-06 3.035292E-05 8.351908E-16 0.000000E+00
  8911     29    979 6.424235E-05 1.604740E-05 3.954570E-05 8.351908E-16 0.000000E+00
  8912    456   5485 2.324652E-05 5.172377E-06 1.399737E-05 4.034396E-16 0.000000E+00
  8913   2966   4152 6.268522E-06 6.126770E-06 6.105144E-06 5.662310E-16 0.000000E+00
  8914   1456   6053 2.645185E-05 7.204103E-06 1.657681E-05 9.909043E-17 0.000000E+00
  8915      0    161 1.920000E-06 0.000000E+00 3.859200E-06 7.017726E-14 0.000000E+00
  8916      0    475 1.920000E-06 4.830086E-06 1.418997E-06 1.286760E-14 0.000000E+00
  8917      0   3279 1.920000E-06 3.621443E-06 8.236960E-07 6.370099E-16 0.000000E+00
  8918      0   2575 1.920000E-06 4.564845E-06 1.288356E-06 2.215379E-15 0.000000E+00
  8919      0     29 1.920000E-06 0.000000E+00 3.859200E-06 3.261420E-13 0.000000E+00
  8920      0   2793 1.920000E-06 7.198957E-06 2.585755E-06 1.387266E-15 0.000000E+00
  8921      0   5535 1.920000E-06 2.651944E-06 1.207256E-06 2.335703E-16 0.000000E+00
  8922      0     49 1.920000E-06 0.000000E+00 3.859200E-06 1.008033E-13 0.000000E+00
  8923      0     30 1.920000E-06 0.000000E+00 3.859200E-06 2.320698E-13 0.000000E+00
  8924      0     16 1.920000E-06 0.000000E+00 3.859200E-06 8.878361E-13 0.000000E+00
  8925      0   2209 1.920000E-06 0.000000E+00 3.859200E-06 1.649148E-15 0.000000E+00
  8926      0   1617 1.920000E-06 5.174533E-06 1.588650E-06 2.930246E-15 0.000000E+00
  8927      0   5281 1.920000E-06 5.689322E-06 1.842203E-06 2.194145E-16 0.000000E+00
  8928      0   1119 1.920000E-06 8.986988E-06 3.466427E-06 5.117313E-15 0.000000E+00
  8929      0    757 1.920000E-06 2.092889E-07 3.649911E-06 1.579785E-14 0.000000E+00
  8930      0    483 1.920000E-06 4.301183E-05 2.022493E-05 8.769503E-15 0.000000E+00
  8931      0   5827 1.920000E-06 5.738803E-07 3.285320E-06 2.618819E-16 0.000000E+00
  8932      0   5832 1.920000E-06 0.000000E+00 3.859200E-06 2.831155E-16 0.000000E+00
  8933      0   1237 1.920000E-06 0.000000E+00 3.859200E-06 4.154720E-15 0.000000E+00
  8934      0   4357 1.920000E-06 0.000000E+00 3.859200E-06 2.548040E-16 0.000000E+00
  8935      0   1238 1.920000E-06 1.096631E-05 4.441316E-06 7.127433E-15 0.000000E+00
  8936      0   1719 1.920000E-06 2.106026E-05 9.412966E-06 3.128426E-15 0.000000E+00
  8937      0    866 1.920000E-06 1.509139E-05 6.473072E-06 4.154720E-15 0.000000E+00
  8938      0   1931 1.920000E-06 8.503367E-07 3.008863E-06 1.465123E-15 0.000000E+00
  8939      0    282 1.920000E-06 1.330372E-06 2.528828E-06 2.120535E-14 0.000000E+00
  8940      0    979 1.920000E-06 1.045496E-06 2.813704E-06 5.386273E-15 0.000000E+00
  8941      0     46 1.920000E-06 0.000000E+00 3.859200E-06 3.750785E-13 0.000000E+00
  8942      0   1187 1.920000E-06 1.419503E-05 6.031580E-06 1.143079E-14 0.000000E+00
  8943      0   2210 1.920000E-06 0.000000E+00 3.859200E-06 1.967653E-15 0.000000E+00
  8944      0   5488 1.920000E-06 0.000000E+00 3.859200E-06 3.397386E-16 0.000000E+00
  8945      0   3293 1.920000E-06 0.000000E+00 3.859200E-06 4.742185E-16 0.000000E+00
  8946      0   1935 1.920000E-06 8.767345E-07 2.982465E-06 9.130476E-16 0.000000E+00
  8947      0    470 1.920000E-06 1.431643E-05 6.091378E-06 1.616590E-14 0.000000E+00
  8948      0    736 1.920000E-06 0.000000E+00 3.859200E-06 1.156527E-14 0.000000E+00
  8949      0     83 1.920000E-06 0.000000E+00 3.859200E-06 9.288312E-14 0.000000E+00
  8950      0   6068 1.920000E-06 1.070826E-05 4.314216E-06 3.043492E-16 0.000000E+00
  8951      0   2978 1.920000E-06 3.243333E-06 6.374627E-07 2.944401E-15 0.000000E+00
  8952      0    358 1.920000E-06 3.014227E-05 1.388619E-05 4.767665E-14 0.000000E+00
  8953      0   4181 1.920000E-06 9.091411E-06 3.517859E-06 1.734083E-15 0.000000E+00
  8954      0     77 1.920000E-06 7.315264E-05 3.507040E-05 4.720951E-15 0.000000E+00
  8955      0   5489 1.920000E-06 2.643085E-06 1.216115E-06 6.228541E-16 0.000000E+00
  8956      0   1253 1.920000E-06 0.000000E+00 3.859200E-06 1.925186E-15 0.000000E+00
  8957      0    162 1.920000E-06 4.920311E-05 2.327437E-05 5.288598E-14 0.000000E+00
  8958      0   5493 1.920000E-06 0.000000E+00 3.859200E-06 6.086984E-16 0.000000E+00
  8959      0   4939 1.920000E-06 7.892950E-07 3.069905E-06 1.316487E-15 0.000000E+00
  8960      0   5495 1.920000E-06 0.000000E+00 3.859200E-06 4.388291E-16 0.000000E+00
  8961      0   1040 1.920000E-06 2.228190E-05 1.001467E-05 3.404464E-15 0.000000E+00
  8962      0   4368 1.920000E-06 0.000000E+00 3.859200E-06 4.317512E-16 0.000000E+00
  8963      0   4944 1.920000E-06 4.379750E-06 1.197190E-06 7.573340E-16 0.000000E+00
  8964      0   5494 1.920000E-06 0.000000E+00 3.859200E-06 2.880700E-15 0.000000E+00
  8965      0    586 1.920000E-06 1.599787E-05 6.919550E-06 2.031354E-14 0.000000E+00
  8966      0   5496 1.920000E-06 0.000000E+00 3.859200E-06 7.219446E-16 0.000000E+00
  8967      0   5497 1.920000E-06 0.000000E+00 3.859200E-06 2.073821E-15 0.000000E+00
  8968      0   4950 1.920000E-06 9.665485E-06 3.800612E-06 1.075839E-15 0.000000E+00
  8969      0    349 1.920000E-06 4.379742E-05 2.061186E-05 9.710862E-15 0.000000E+00
  8970      0   3362 1.920000E-06 2.234968E-05 1.004805E-05 4.175954E-16 0.000000E+00
  8971      0    790 1.920000E-06 2.377450E-05 1.074983E-05 4.076863E-15 0.000000E+00
  8972      0    758 1.920000E-06 0.000000E+00 3.859200E-06 1.256325E-14 0.000000E+00
  8973      0    659 1.920000E-06 1.781663E-05 7.815353E-06 1.542980E-15 0.000000E+00
  8974      0    193 1.920000E-06 0.000000E+00 3.859200E-06 3.807196E-14 0.000000E+00
  8975      0    697 1.920000E-06 1.116976E-06 2.742224E-06 8.500543E-15 0.000000E+00
  8976      0    725 1.920000E-06 4.422867E-05 2.082427E-05 5.945426E-16 0.000000E+00
  8977      0    605 1.920000E-06 0.000000E+00 3.859200E-06 7.729054E-15 0.000000E+00
  8978      0   3952 1.920000E-06 2.794153E-06 1.065047E-06 5.520753E-16 0.000000E+00
  8979      0   4366 1.920000E-06 0.000000E+00 3.859200E-06 1.627914E-16 0.000000E+00
  8980      0   5478 1.920000E-06 0.000000E+00 3.859200E-06 2.618819E-16 0.000000E+00
  8981      0    624 1.920000E-06 2.138673E-06 1.720527E-06 1.773719E-14 0.000000E+00
  8982      0   5485 1.920000E-06 0.000000E+00 3.859200E-06 5.237637E-16 0.000000E+00
  8983      0    456 1.920000E-06 0.000000E+00 3.859200E-06 7.799833E-15 0.000000E+00
  8984      0   5480 1.920000E-06 0.000000E+00 3.859200E-06 4.529848E-16 0.000000E+00
  8985      0      3 1.920000E-06 0.000000E+00 3.859200E-06 3.984978E-12 0.000000E+00
  8986      0   1537 1.920000E-06 0.000000E+00 3.859200E-06 3.454009E-15 0.000000E+00
  8987      0   2016 1.920000E-06 1.000176E-05 3.966240E-06 8.217428E-15 0.000000E+00
  8988      0   4121 1.920000E-06 1.191731E-06 2.667469E-06 1.174929E-15 0.000000E+00
  8989      0    918 1.920000E-06 4.502198E-05 2.121501E-05 2.229535E-14 0.000000E+00
  8990      0   5574 1.920000E-06 1.351066E-05 5.694506E-06 1.557135E-16 0.000000E+00
  8991      0   2029 1.920000E-06 1.669845E-05 7.264610E-06 2.123366E-16 0.000000E+00
  8992      0   3508 1.920000E-06 6.864546E-06 2.421045E-06 2.937324E-15 0.000000E+00
  8993      0   1832 1.920000E-06 0.000000E+00 3.859200E-06 2.413560E-15 0.000000E+00
  8994      0    477 1.920000E-06 0.000000E+00 3.859200E-06 2.212548E-14 0.000000E+00
  8995      0    480 1.920000E-06 3.700136E-05 1.726455E-05 1.070177E-14 0.000000E+00
  8996      0   1326 1.920000E-06 0.000000E+00 3.859200E-06 4.126409E-15 0.000000E+00
  8997      0    355 1.920000E-06 4.723002E-05 2.230255E-05 7.714898E-16 0.000000E+00
  8998      0   3608 1.920000E-06 1.269289E-05 5.291720E-06 1.182007E-15 0.000000E+00
  8999      0   1627 1.920000E-06 5.325779E-06 1.663145E-06 2.109211E-15 0.000000E+00
  9000      0   1118 1.920000E-06 0.000000E+00 3.859200E-06 4.515693E-15 0.000000E+00
  9001      0   4370 1.920000E-06 4.162619E-06 1.090245E-06 1.167852E-15 0.000000E+00
  9002      0    713 1.920000E-06 9.389977E-06 3.664914E-06 7.283147E-15 0.000000E+00
  9003      0    857 1.920000E-06 2.114727E-06 1.744473E-06 2.979791E-15 0.000000E+00
  9004      0   2966 1.920000E-06 1.312562E-06 2.546638E-06 6.299320E-16 0.000000E+00
  9005      0   1026 1.920000E-06 2.536418E-05 1.153281E-05 9.548071E-15 0.000000E+00
  9006      0   2435 1.920000E-06 1.609437E-05 6.967075E-06 3.333685E-15 0.000000E+00
  9007      0   4152 1.920000E-06 1.940453E-06 1.918747E-06 3.128426E-15 0.000000E+00
  9008      0   2490 1.920000E-06 1.943983E-06 1.915217E-06 9.767485E-16 0.000000E+00
  9009      0    594 1.920000E-06 2.853482E-05 1.309447E-05 2.146723E-14 0.000000E+00
  9010      0    573 1.920000E-06 0.000000E+00 3.859200E-06 1.387974E-14 0.000000E+00
  9011      0   2541 1.920000E-06 8.809654E-07 2.978235E-06 9.059697E-16 0.000000E+00
  9012      0   1996 1.920000E-06 2.138363E-05 9.572235E-06 7.361004E-16 0.000000E+00
  9013      0   1829 1.920000E-06 0.000000E+00 3.859200E-06 7.290225E-16 0.000000E+00
  9014      0    450 1.920000E-06 2.143940E-05 9.599705E-06 2.544501E-14 0.000000E+00
  9015      0   4647 1.920000E-06 8.523323E-06 3.238055E-06 5.173936E-15 0.000000E+00
  9016      0   1314 1.920000E-06 4.762702E-06 1.385808E-06 4.678484E-15 0.000000E+00
  9017      0   5470 1.920000E-06 0.000000E+00 3.859200E-06 7.431782E-16 0.000000E+00
  9018      0   3350 1.920000E-06 7.051154E-07 3.154085E-06 6.016205E-16 0.000000E+00
  9019      0   2748 1.920000E-06 1.324224E-05 5.562297E-06 3.454009E-15 0.000000E+00
  9020      0   6470 1.920000E-06 7.530835E-06 2.749217E-06 2.831155E-16 0.000000E+00
  9021      0   6442 1.920000E-06 0.000000E+00 3.859200E-06 4.034396E-16 0.000000E+00
  9022      0   1786 1.920000E-06 1.378886E-05 5.831528E-06 1.790706E-15 0.000000E+00
  9023      0     98 1.920000E-06 0.000000E+00 3.859200E-06 7.394270E-14 0.000000E+00
  9024      0     40 1.920000E-06 0.000000E+00 3.859200E-06 2.712317E-13 0.000000E+00
  9025      0   5206 1.920000E-06 1.942490E-06 1.916710E-06 3.963617E-16 0.000000E+00
  9026      0   5482 1.920000E-06 1.820714E-05 8.007696E-06 3.043492E-15 0.000000E+00
  9027      0   3296 1.920000E-06 1.025969E-07 3.756603E-06 7.714898E-16 0.000000E+00
  9028      0   5186 1.920000E-06 9.125260E-06 3.534531E-06 6.157763E-16 0.000000E+00
  9029      0   3295 1.920000E-06 0.000000E+00 3.859200E-06 1.458045E-15 0.000000E+00
  9030      0    238 1.920000E-06 2.765756E-05 1.266238E-05 4.061292E-14 0.000000E+00
  9031      0   6801 1.920000E-06 0.000000E+00 3.859200E-06 7.785677E-17 0.000000E+00
  9032      0   5227 1.920000E-06 1.949872E-06 1.909328E-06 4.812964E-16 0.000000E+00
  9033      0    384 1.920000E-06 0.000000E+00 3.859200E-06 1.971900E-14 0.000000E+00
  9034      0   1968 1.920000E-06 7.062892E-06 2.518738E-06 2.965635E-15 0.000000E+00
  9035      0     17 1.920000E-06 7.726273E-05 3.709478E-05 2.606008E-13 0.000000E+00
  9036      0   5473 1.920000E-06 0.000000E+00 3.859200E-06 6.723994E-16 0.000000E+00
  9037      0   2343 1.920000E-06 1.200582E-05 4.953316E-06 4.848353E-15 0.000000E+00
  9038      0    978 1.920000E-06 2.118194E-06 1.741006E-06 3.149660E-15 0.000000E+00
  9039      0   1830 1.920000E-06 0.000000E+00 3.859200E-06 6.978798E-15 0.000000E+00
  9040      0    312 1.920000E-06 7.701069E-06 2.833064E-06 1.738329E-14 0.000000E+00
  9041      0   5338 1.920000E-06 1.336762E-05 5.624054E-06 1.167852E-15 0.000000E+00
  9042      0   3121 1.920000E-06 2.054350E-06 1.804850E-06 8.210350E-16 0.000000E+00
  9043      0   3454 1.920000E-06 2.542207E-06 1.316993E-06 4.388291E-16 0.000000E+00
  9044      0   1063 1.920000E-06 9.347874E-07 2.924413E-06 7.290225E-15 0.000000E+00
  9045      0   5347 1.920000E-06 2.628983E-06 1.230217E-06 5.025300E-16 0.000000E+00
  9046      0   5500 1.920000E-06 0.000000E+00 3.859200E-06 2.831155E-16 0.000000E+00
  9047      0    574 1.920000E-06 0.000000E+00 3.859200E-06 4.345823E-15 0.000000E+00
  9048      0   5499 1.920000E-06 0.000000E+00 3.859200E-06 1.557135E-16 0.000000E+00
  9049      0    752 1.920000E-06 2.936955E-05 1.350560E-05 8.684569E-15 0.000000E+00
  9050      0   3276 1.920000E-06 6.439942E-06 2.211912E-06 2.901934E-16 0.000000E+00
  9051      0   5368 1.920000E-06 9.458734E-07 2.913327E-06 8.210350E-16 0.000000E+00
  9052      0   5487 1.920000E-06 0.000000E+00 3.859200E-06 5.945426E-16 0.000000E+00
  9053      0   5049 1.920000E-06 9.134081E-06 3.538876E-06 9.413591E-16 0.000000E+00
  9054      0    181 1.920000E-06 3.525785E-05 1.640581E-05 7.005694E-14 0.000000E+00
  9055      0   4351 1.920000E-06 0.000000E+00 3.859200E-06 5.025300E-16 0.000000E+00
  9056      0   5062 1.920000E-06 8.794617E-07 2.979738E-06 2.604663E-15 0.000000E+00
  9057      0   4361 1.920000E-06 1.169725E-06 2.689475E-06 1.259864E-15 0.000000E+00
  9058      0   5490 1.920000E-06 0.000000E+00 3.859200E-06 4.529848E-16 0.000000E+00
  9059      0    169 1.920000E-06 2.038845E-07 3.655316E-06 5.236929E-14 0.000000E+00
  9060      0   6242 1.920000E-06 0.000000E+00 3.859200E-06 1.911030E-16 0.000000E+00
  9061      0   5611 1.920000E-06 8.813464E-06 3.380960E-06 6.582436E-16 0.000000E+00
  9062      0    168 1.920000E-06 8.653626E-07 2.993837E-06 5.410338E-14 0.000000E+00
  9063      0   2211 1.920000E-06 0.000000E+00 3.859200E-06 7.290225E-16 0.000000E+00
  9064      0   2230 1.920000E-06 9.160381E-06 3.551829E-06 3.524788E-15 0.000000E+00
  9065      0   5483 1.920000E-06 0.000000E+00 3.859200E-06 2.760376E-16 0.000000E+00
  9066      0   1995 1.920000E-06 1.021583E-05 4.071679E-06 1.174929E-15 0.000000E+00
  9067      0   4236 1.920000E-06 1.648672E-06 2.210528E-06 7.785677E-16 0.000000E+00
  9068      0   5157 1.920000E-06 1.054260E-05 4.232622E-06 2.901934E-16 0.000000E+00
  9069      0   3250 1.920000E-06 8.790250E-06 3.369526E-06 1.274020E-15 0.000000E+00
  9070      0   1375 1.920000E-06 1.686978E-05 7.348994E-06 3.609723E-15 0.000000E+00
  9071      0      7 1.920000E-06 3.967006E-05 1.857899E-05 1.298255E-12 0.000000E+00
  9072      0   6355 1.920000E-06 9.907211E-06 3.919671E-06 2.852389E-15 0.000000E+00
  9073      0   3479 1.920000E-06 1.070826E-05 4.314217E-06 1.224475E-15 0.000000E+00
  9074      0   1229 1.920000E-06 1.366228E-05 5.769185E-06 4.678484E-15 0.000000E+00
  9075      0   5176 1.920000E-06 1.016533E-05 4.046804E-06 9.909043E-17 0.000000E+00
  9076      0   5165 1.920000E-06 9.741750E-06 3.838175E-06 3.468165E-16 0.000000E+00
  9077      0   6370 1.920000E-06 0.000000E+00 3.859200E-06 2.406482E-16 0.000000E+00
  9078      0   6401 1.920000E-06 1.131053E-05 4.610860E-06 8.847360E-15 0.000000E+00
  9079      0   5082 1.920000E-06 2.390102E-05 1.081214E-05 2.689597E-16 0.000000E+00
  9080      0   5083 1.920000E-06 1.143341E-05 4.671383E-06 1.415578E-15 0.000000E+00
  9081      0   6353 1.920000E-06 0.000000E+00 3.859200E-06 8.635023E-16 0.000000E+00
  9082      0   3725 1.920000E-06 1.239468E-05 5.144845E-06 9.484370E-16 0.000000E+00
  9083      0   5110 1.920000E-06 8.369505E-07 3.022250E-06 1.592525E-15 0.000000E+00
  9084      0   6407 1.920000E-06 2.928425E-06 9.307748E-07 1.167852E-15 0.000000E+00
  9085      0   3531 1.920000E-06 1.117287E-06 2.741913E-06 5.803868E-16 0.000000E+00
  9086      0    220 1.920000E-06 1.219065E-05 5.044349E-06 7.089213E-14 0.000000E+00
  9087      0   6282 1.920000E-06 1.322522E-05 5.553915E-06 9.201254E-17 0.000000E+00
  9088      0   2495 1.920000E-06 7.841585E-06 2.902273E-06 7.856456E-16 0.000000E+00
  9089      0   2876 1.920000E-06 4.059269E-06 1.039341E-06 1.847329E-15 0.000000E+00
  9090      0   1938 1.920000E-06 1.760416E-07 3.683158E-06 4.062708E-15 0.000000E+00
  9091      0   5471 1.920000E-06 0.000000E+00 3.859200E-06 2.194145E-16 0.000000E+00
  9092      0    983 1.920000E-06 1.345624E-05 5.667701E-06 1.349045E-14 0.000000E+00
  9093      0   1189 1.920000E-06 6.194486E-06 2.091016E-06 3.277062E-15 0.000000E+00
  9094      0    753 1.920000E-06 2.960560E-05 1.362186E-05 9.625928E-16 0.000000E+00
  9095      0    858 1.920000E-06 0.000000E+00 3.859200E-06 1.238630E-14 0.000000E+00
  9096      0    696 1.920000E-06 0.000000E+00 3.859200E-06 1.455214E-14 0.000000E+00
  9097      0   4355 1.920000E-06 3.686678E-07 3.490532E-06 4.883743E-16 0.000000E+00
  9098      0   4364 1.920000E-06 0.000000E+00 3.859200E-06 9.130476E-16 0.000000E+00
  9099      0    576 1.920000E-06 0.000000E+00 3.859200E-06 4.416602E-15 0.000000E+00
  9100      0    872 1.920000E-06 5.218617E-06 1.610363E-06 7.990936E-15 0.000000E+00
  9101      0    694 1.920000E-06 0.000000E+00 3.859200E-06 1.419824E-14 0.000000E+00
  9102      0   6223 1.920000E-06 1.679304E-06 2.179896E-06 4.671406E-16 0.000000E+00
  9103      0    407 1.920000E-06 0.000000E+00 3.859200E-06 1.294546E-14 0.000000E+00
  9104      0   2327 1.920000E-06 1.243246E-05 5.163453E-06 7.608730E-15 0.000000E+00
  9105      0    859 1.920000E-06 0.000000E+00 3.859200E-06 1.967653E-14 0.000000E+00
  9106      0    306 1.920000E-06 9.208987E-07 2.938301E-06 2.245814E-14 0.000000E+00
  9107      0   2170 1.920000E-06 1.063416E-05 4.277719E-06 2.087977E-15 0.000000E+00
  9108      0   6739 1.920000E-06 1.903395E-05 8.414929E-06 1.911030E-16 0.000000E+00
  9109      0     75 1.920000E-06 7.914295E-05 3.802085E-05 4.226207E-14 0.000000E+00
  9110      0    896 1.920000E-06 2.174405E-05 9.749756E-06 2.597585E-15 0.000000E+00
  9111      0   4202 1.920000E-06 7.129089E-07 3.146291E-06 2.208301E-15 0.000000E+00
  9112      0   3668 1.920000E-06 1.019577E-05 4.061796E-06 7.714898E-16 0.000000E+00
  9113      0   4365 1.920000E-06 0.000000E+00 3.859200E-06 7.927235E-16 0.000000E+00
  9114      0    643 1.920000E-06 0.000000E+00 3.859200E-06 1.112644E-14 0.000000E+00
  9115      0   1456 1.920000E-06 9.016362E-06 3.480895E-06 6.263931E-15 0.000000E+00
  9116      0   1252 1.920000E-06 1.946989E-07 3.664501E-06 2.491417E-15 0.000000E+00
  9117      0   3292 1.920000E-06 0.000000E+00 3.859200E-06 3.963617E-16 0.000000E+00
  9118      0    271 1.920000E-06 0.000000E+00 3.859200E-06 3.226101E-14 0.000000E+00
  9119      0   5476 1.920000E-06 0.000000E+00 3.859200E-06 5.379195E-16 0.000000E+00
  9120      0    298 1.920000E-06 3.783140E-05 1.767338E-05 2.637221E-14 0.000000E+00
  9121      0    394 1.920000E-06 2.060063E-06 1.799137E-06 1.992425E-14 0.000000E+00
  9122      0   6053 1.920000E-06 0.000000E+00 3.859200E-06 1.840251E-16 0.000000E+00
  9123      0    759 1.920000E-06 1.500934E-05 6.432659E-06 4.310434E-15 0.000000E+00
  9124    168   6355 2.862023E-05 2.132957E-05 2.460214E-05 2.901934E-16 0.000000E+00
  9125    701   5738 2.298593E-05 1.003337E-05 1.626323E-05 7.219446E-16 0.000000E+00
  9126   1215   4217 8.415211E-06 1.242825E-05 1.026618E-05 2.229535E-15 0.000000E+00
  9127   1301   5581 1.979243E-05 5.268318E-06 1.234335E-05 8.847360E-16 0.000000E+00
  9128   1088   4802 1.491382E-05 7.443981E-06 1.101205E-05 6.511657E-16 0.000000E+00
  9129   2522   2624 1.565507E-05 5.083180E-06 1.021436E-05 2.399404E-15 0.000000E+00
  9130    689   2915 3.020577E-05 1.916895E-05 2.431889E-05 2.760376E-16 0.000000E+00
  9131   1537   5574 1.400819E-05 9.928275E-06 1.178960E-05 2.123366E-16 0.000000E+00
  9132   1383   4293 1.053763E-05 1.434054E-05 1.225343E-05 1.840251E-15 0.000000E+00
  9133   2178   5451 1.301125E-05 1.294786E-05 1.278583E-05 1.712849E-15 0.000000E+00
  9134   3437   6133 8.004752E-06 6.788892E-06 7.286422E-06 1.344799E-15 0.000000E+00
  9135    184   5879 7.916507E-05 5.896078E-06 4.189579E-05 1.840251E-16 0.000000E+00
  9136    477   1832 1.823090E-05 8.271326E-06 1.305333E-05 9.909043E-17 0.000000E+00
  9137    116   2558 4.807132E-05 1.776580E-05 3.242724E-05 7.927235E-16 0.000000E+00
  9138   1106   4812 3.208042E-05 1.672629E-05 2.403913E-05 5.166858E-16 0.000000E+00
  9139   1944   2723 1.894794E-05 1.144314E-05 1.496874E-05 1.840251E-16 0.000000E+00
  9140    551   5712 1.883622E-05 5.650835E-06 1.206079E-05 5.591532E-16 0.000000E+00
  9141    379    606 4.792608E-05 1.542204E-05 3.120131E-05 3.517710E-15 0.000000E+00
  9142   5514   5541 8.533226E-06 1.098730E-05 9.614587E-06 6.865551E-16 0.000000E+00
  9143   2915   4471 2.311921E-05 1.251556E-05 1.755145E-05 4.728029E-15 0.000000E+00
  9144   2016   5574 1.324342E-05 9.597536E-06 1.125002E-05 1.493434E-15 0.000000E+00
  9145   1106   4739 1.714500E-05 9.390380E-06 1.306966E-05 2.951479E-15 0.000000E+00
  9146   1941   3400 2.599509E-05 2.104077E-05 2.316692E-05 8.281129E-16 0.000000E+00
  9147    358   5867 2.562836E-05 7.237250E-06 1.618754E-05 2.668364E-15 0.000000E+00
  9148   2586   4845 2.007863E-05 2.200551E-05 2.072801E-05 2.548040E-16 0.000000E+00
  9149   4313   4904 1.126079E-05 1.149596E-05 1.120855E-05 2.406482E-16 0.000000E+00
  9150   4925   5642 1.968205E-05 2.000012E-05 1.954495E-05 2.179990E-15 0.000000E+00
  9151   1026   1570 1.112291E-05 9.254496E-06 1.003663E-05 3.482321E-15 0.000000E+00
  9152   2322   4557 2.211919E-05 1.243443E-05 1.701895E-05 2.710831E-15 0.000000E+00
  9153    512    821 2.211080E-05 1.591517E-05 1.872921E-05 4.834198E-15 0.000000E+00
  9154   2733   4912 2.205201E-05 7.556611E-06 1.458335E-05 8.564244E-16 0.000000E+00
  9155   1936   2548 1.178306E-05 1.298338E-05 1.219839E-05 1.698693E-16 0.000000E+00
  9156    754   1771 2.469121E-05 2.730002E-05 2.560762E-05 1.663304E-15 0.000000E+00
  9157   2623   3339 1.648754E-05 1.135136E-05 1.371170E-05 3.595567E-15 0.000000E+00
  9158   2755   3440 1.027735E-05 8.384214E-06 9.191516E-06 3.680502E-16 0.000000E+00
  9159    306    643 2.028162E-05 2.441142E-05 2.201299E-05 3.397386E-16 0.000000E+00
  9160   3214   5710 9.047819E-06 8.570948E-06 8.677900E-06 1.146618E-15 0.000000E+00
  9161   3770   5715 7.080228E-06 4.188538E-06 5.550288E-06 8.068792E-16 0.000000E+00
  9162   4737   4744 5.645875E-06 5.517530E-06 5.498394E-06 1.627914E-15 0.000000E+00
  9163   1550   3690 2.182576E-05 1.204745E-05 1.668382E-05 4.133487E-15 0.000000E+00
  9164   1550   1956 2.528787E-05 1.918197E-05 2.190306E-05 2.993947E-15 0.000000E+00
  9165   4904   5892 1.418720E-05 9.078598E-06 1.145927E-05 2.003042E-15 0.000000E+00
  9166   3339   4088 1.189690E-05 1.425124E-05 1.287894E-05 4.671406E-16 0.000000E+00
  9167   5710   5987 1.002310E-05 9.602249E-06 9.666215E-06 1.337721E-15 0.000000E+00
  9168   4215   4879 9.993457E-06 6.894035E-06 8.317720E-06 2.194145E-16 0.000000E+00
  9169   2322   4877 1.410852E-05 1.084594E-05 1.229100E-05 2.788688E-15 0.000000E+00
  9170    754   2845 2.113136E-05 1.092589E-05 1.578939E-05 7.502561E-16 0.000000E+00
  9171    977   5849 1.518854E-05 1.322605E-05 1.399524E-05 9.625928E-16 0.000000E+00
  9172   2229   2845 1.970335E-05 7.660658E-06 1.347779E-05 1.061683E-16 0.000000E+00
  9173   2675   3001 1.358753E-05 3.969291E-06 8.647391E-06 2.809922E-15 0.000000E+00
  9174   1134   5831 1.466478E-05 6.848305E-06 1.059600E-05 1.373110E-15 0.000000E+00
  9175   3736   5742 6.602531E-06 4.639230E-06 5.536986E-06 1.252786E-15 0.000000E+00
  9176    964   1405 2.585730E-05 1.249536E-05 1.889012E-05 1.620836E-15 0.000000E+00
  9177   2451   4322 1.487401E-05 8.638627E-06 1.158085E-05 1.061683E-15 0.000000E+00
  9178   4537   4852 1.326564E-05 1.280091E-05 1.283875E-05 2.618819E-16 0.000000E+00
  9179   1134   4816 1.808063E-05 6.025410E-06 1.187313E-05 5.520753E-16 0.000000E+00
  9180    874   4816 2.316685E-05 5.046989E-06 1.389637E-05 4.671406E-16 0.000000E+00
  9181   1826   5863 1.735864E-05 4.948215E-06 1.098696E-05 1.698693E-16 0.000000E+00
  9182   1177   6036 2.267771E-05 9.951007E-06 1.607086E-05 1.245708E-15 0.000000E+00
  9183   1827   2611 1.330407E-05 1.596184E-05 1.441455E-05 3.751281E-16 0.000000E+00
  9184    125   2011 5.730213E-05 2.146628E-05 3.879638E-05 2.873623E-15 0.000000E+00
  9185   1925   5834 2.328795E-05 7.241244E-06 1.503677E-05 2.335703E-16 0.000000E+00
  9186   2011   2118 2.573485E-05 1.060829E-05 1.790036E-05 8.281129E-16 0.000000E+00
  9187    281   4945 3.069529E-05 1.002481E-05 2.005617E-05 1.387266E-15 0.000000E+00
  9188   3375   3402 4.545035E-06 7.189970E-06 5.779928E-06 1.946419E-15 0.000000E+00
  9189   2918   3038 1.115307E-05 1.469528E-05 1.273128E-05 7.785677E-17 0.000000E+00
  9190    739   2918 1.590193E-05 1.010084E-05 1.280733E-05 2.703753E-15 0.000000E+00
  9191   1329   5734 1.096485E-05 5.240263E-06 7.981621E-06 1.507590E-15 0.000000E+00
  9192   3019   5898 8.463544E-06 8.047980E-06 8.132541E-06 9.555149E-16 0.000000E+00
  9193   4792   4816 9.173319E-06 7.970852E-06 8.444144E-06 2.618819E-16 0.000000E+00
  9194   2696   4792 1.770338E-05 9.186906E-06 1.324447E-05 9.767485E-16 0.000000E+00
  9195   1956   4137 2.259747E-05 1.591192E-05 1.896731E-05 2.901934E-16 0.000000E+00
  9196   1697   2362 1.004505E-05 1.455816E-05 1.211800E-05 1.040450E-15 0.000000E+00
  9197   1119   1237 1.227839E-05 7.012517E-06 9.501491E-06 1.748238E-15 0.000000E+00
  9198   1925   2918 1.768332E-05 1.261053E-05 1.492085E-05 6.157763E-16 0.000000E+00
  9199    727   2696 2.062399E-05 8.082698E-06 1.413911E-05 5.025300E-16 0.000000E+00
  9200    918   4581 1.669162E-05 7.951214E-06 1.213752E-05 7.998013E-16 0.000000E+00
  9201   3052   4322 9.807522E-06 9.625079E-06 9.571281E-06 5.733089E-16 0.000000E+00
  9202    581   1474 2.866350E-05 1.346607E-05 2.075039E-05 1.861485E-15 0.000000E+00
  9203   1370   4816 1.810018E-05 9.629108E-06 1.365771E-05 1.769472E-16 0.000000E+00
  9204    286   5673 3.600318E-05 1.091420E-05 2.310856E-05 2.972713E-15 0.000000E+00
  9205   2079   4809 1.757858E-05 7.777907E-06 1.248902E-05 1.840251E-16 0.000000E+00
  9206   1119   1931 1.481124E-05 1.161455E-05 1.301569E-05 1.132462E-16 0.000000E+00
  9207   2183   2222 1.957120E-05 8.602946E-06 1.387682E-05 4.812964E-15 0.000000E+00
  9208    125   2996 7.261107E-05 1.984778E-05 4.553943E-05 4.317512E-15 0.000000E+00
  9209    814   4581 3.926666E-05 1.119505E-05 2.485427E-05 2.307391E-15 0.000000E+00
  9210   1370   5830 2.413080E-05 9.839271E-06 1.673153E-05 4.175954E-16 0.000000E+00
  9211    214   5934 3.745153E-05 1.342458E-05 2.505838E-05 7.219446E-16 0.000000E+00
  9212   4021   4478 8.202867E-06 2.878133E-06 5.457806E-06 1.097073E-15 0.000000E+00
  9213   1827   3851 2.594654E-05 5.753954E-06 1.561367E-05 1.925186E-15 0.000000E+00
  9214    814   5878 3.395107E-05 6.310689E-06 1.983042E-05 5.379195E-16 0.000000E+00
  9215   2356   6047 1.230385E-05 1.232655E-05 1.213139E-05 5.449974E-16 0.000000E+00
  9216   2118   6047 3.053727E-05 1.657137E-05 2.320276E-05 4.034396E-16 0.000000E+00
  9217   3610   5841 6.961814E-06 8.163367E-06 7.449716E-06 4.954522E-16 0.000000E+00
  9218   1118   2243 2.083187E-05 3.067035E-05 2.536677E-05 3.892838E-16 0.000000E+00
  9219   2243   2966 3.205813E-05 1.411358E-05 2.274129E-05 1.627914E-16 0.000000E+00
  9220    743   2585 1.848242E-05 5.509094E-06 1.181671E-05 2.335703E-15 0.000000E+00
  9221    144   3981 2.901537E-05 1.132091E-05 1.986712E-05 1.769472E-16 0.000000E+00
  9222    122   1177 4.705864E-05 2.942119E-05 3.766917E-05 5.945426E-16 0.000000E+00
  9223    456    918 1.749238E-05 3.238580E-05 2.456686E-05 1.182007E-15 0.000000E+00
  9224    144   5071 3.136939E-05 1.453203E-05 2.260816E-05 2.569273E-15 0.000000E+00
  9225    926   2536 1.997233E-05 2.518843E-05 2.224336E-05 3.361997E-15 0.000000E+00
  9226   2420   5071 1.410027E-05 5.651123E-06 9.728298E-06 1.153696E-15 0.000000E+00
  9227   1077   1080 2.522102E-05 1.007871E-05 1.738643E-05 3.921150E-15 0.000000E+00
  9228   1720   2402 1.342298E-05 1.422672E-05 1.361851E-05 1.719927E-15 0.000000E+00
  9229    122   1659 3.577295E-05 2.534505E-05 3.010289E-05 3.312452E-15 0.000000E+00
  9230   2817   2910 1.776446E-05 4.873840E-06 1.115021E-05 8.068792E-16 0.000000E+00
  9231   2794   5752 1.267318E-05 1.391654E-05 1.309643E-05 3.538944E-16 0.000000E+00
  9232   1852   4447 2.694709E-05 7.448243E-06 1.694099E-05 1.380188E-15 0.000000E+00
  9233   3102   3914 1.146643E-05 7.916772E-06 9.546949E-06 4.105175E-16 0.000000E+00
  9234   4862   5929 1.419914E-05 7.530681E-06 1.070275E-05 1.061683E-16 0.000000E+00
  9235   3465   5260 1.306321E-05 1.033228E-05 1.152315E-05 2.010120E-15 0.000000E+00
  9236    964   2283 4.925491E-05 1.609167E-05 3.218563E-05 3.454009E-15 0.000000E+00
  9237   3324   4624 1.221080E-05 1.146644E-05 1.166192E-05 1.061683E-16 0.000000E+00
  9238   1316   3074 2.621419E-05 1.812757E-05 2.183997E-05 1.514668E-15 0.000000E+00
  9239    657    912 3.137654E-05 1.025493E-05 2.050505E-05 6.653215E-16 0.000000E+00
  9240    349   3913 2.859384E-05 8.054388E-06 1.805062E-05 7.785677E-16 0.000000E+00
  9241   2860   4847 9.322905E-06 8.826306E-06 8.939164E-06 2.123366E-16 0.000000E+00
  9242   3238   4862 1.878838E-05 2.088733E-05 1.954177E-05 1.493434E-15 0.000000E+00
  9243    377   5249 3.179572E-05 5.900532E-06 1.856681E-05 4.664328E-15 0.000000E+00
  9244    485   2190 4.115849E-05 7.192745E-06 2.381479E-05 7.361004E-16 0.000000E+00
  9245    122   4862 4.821297E-05 2.219918E-05 3.468061E-05 5.025300E-16 0.000000E+00
  9246   3465   5150 6.823944E-06 5.777173E-06 6.206521E-06 1.203241E-16 0.000000E+00
  9247   1454   4213 1.232864E-05 1.869003E-05 1.527785E-05 2.760376E-16 0.000000E+00
  9248   2283   3025 1.030771E-05 1.044427E-05 1.022112E-05 6.440878E-16 0.000000E+00
  9249    214   4083 5.608968E-05 8.132078E-06 3.163161E-05 2.073821E-15 0.000000E+00
  9250   3003   5317 1.143269E-05 8.385981E-06 9.761433E-06 1.132462E-16 0.000000E+00
  9251   1644   5052 4.006853E-05 8.858239E-06 2.409826E-05 3.956539E-15 0.000000E+00
  9252     36   1046 7.077682E-05 9.804299E-06 3.968921E-05 4.034396E-16 0.000000E+00
  9253    294   1569 2.712916E-05 1.021005E-05 1.839096E-05 3.255828E-16 0.000000E+00
  9254   1418   2341 2.641413E-05 1.512446E-05 2.045930E-05 7.431782E-16 0.000000E+00
  9255   3191   4454 6.520163E-06 5.139857E-06 5.742995E-06 1.599603E-15 0.000000E+00
  9256   1068   3601 2.273891E-05 1.196942E-05 1.709515E-05 1.366032E-15 0.000000E+00
  9257   1046   4441 1.703298E-05 1.630618E-05 1.642078E-05 7.714898E-16 0.000000E+00
  9258   1506   4565 2.808814E-05 4.492052E-06 1.604696E-05 2.024276E-15 0.000000E+00
  9259   2228   2512 1.569426E-05 1.550131E-05 1.536498E-05 2.264924E-16 0.000000E+00
  9260    687   5775 5.458486E-05 1.455931E-05 3.405608E-05 2.335703E-16 0.000000E+00
  9261   1521   2331 2.110083E-05 1.075924E-05 1.569227E-05 4.239655E-15 0.000000E+00
  9262   2686   4315 1.725116E-05 1.343157E-05 1.511239E-05 2.264924E-16 0.000000E+00
  9263   1321   2819 3.936905E-05 7.344216E-06 2.300803E-05 1.394344E-15 0.000000E+00
  9264    993   1095 2.955074E-05 2.478022E-05 2.676003E-05 6.150685E-15 0.000000E+00
  9265    758   4212 2.028294E-05 6.776313E-06 1.332769E-05 5.096079E-16 0.000000E+00
  9266   4459   6314 8.239034E-06 9.101948E-06 8.541081E-06 1.274020E-16 0.000000E+00
  9267   2518   4219 1.016686E-05 2.321619E-06 6.151043E-06 1.762394E-15 0.000000E+00
  9268     77    882 4.883543E-05 1.872828E-05 3.327765E-05 5.888803E-15 0.000000E+00
  9269    349   1047 4.190461E-05 2.011392E-05 3.054644E-05 1.067346E-14 0.000000E+00
  9270   1886   2007 1.388367E-05 1.288826E-05 1.318618E-05 2.031354E-15 0.000000E+00
  9271    665   2013 1.340275E-05 1.068457E-05 1.186390E-05 6.773539E-15 0.000000E+00
  9272   1095   1345 2.563763E-05 1.569145E-05 2.035611E-05 2.194145E-16 0.000000E+00
  9273   2305   4191 1.476421E-05 7.200372E-06 1.081838E-05 9.767485E-16 0.000000E+00
  9274    459   2129 3.227827E-05 8.467682E-06 2.006890E-05 2.456027E-15 0.000000E+00
  9275   1489   2386 2.963408E-05 1.379533E-05 2.139060E-05 4.317512E-16 0.000000E+00
  9276    201    851 2.805356E-05 1.613428E-05 2.176416E-05 1.790706E-15 0.000000E+00
  9277    915   3207 2.795144E-05 2.910900E-05 2.810439E-05 1.316487E-15 0.000000E+00
  9278   1310   3207 4.742070E-05 2.995052E-05 3.810821E-05 2.264924E-16 0.000000E+00
  9279    459   4948 1.930269E-05 6.849104E-06 1.288074E-05 1.550057E-15 0.000000E+00
  9280   1047   4857 2.139598E-05 6.786881E-06 1.388111E-05 3.326607E-15 0.000000E+00
  9281    406   1869 4.411799E-05 2.320849E-05 3.316081E-05 7.007109E-16 0.000000E+00
  9282   2644   4191 1.302167E-05 7.656347E-06 1.018470E-05 4.388291E-16 0.000000E+00
  9283   1860   2475 9.573281E-06 1.009727E-05 9.688482E-06 1.712849E-15 0.000000E+00
  9284    408   1526 3.921399E-05 1.612500E-05 2.725652E-05 1.656226E-15 0.000000E+00
  9285   2124   6213 1.025268E-05 9.004158E-06 9.484709E-06 6.086984E-16 0.000000E+00
  9286    875   2085 2.330622E-05 1.774403E-05 2.021878E-05 4.579394E-15 0.000000E+00
  9287   1236   1895 2.217904E-05 9.029697E-06 1.537147E-05 2.824077E-15 0.000000E+00
  9288   1733   1869 1.223503E-05 2.674883E-05 1.920101E-05 1.769472E-16 0.000000E+00
  9289   2199   5295 1.523347E-05 8.821678E-06 1.184806E-05 2.533884E-15 0.000000E+00
  9290   1144   6195 3.182072E-05 4.603730E-06 1.794040E-05 1.663304E-15 0.000000E+00
  9291   4141   6049 7.886579E-06 5.043500E-06 6.368546E-06 1.415578E-16 0.000000E+00
  9292   1025   1223 1.510306E-05 1.479775E-05 1.472727E-05 8.351908E-16 0.000000E+00
  9293   2233   3894 2.143179E-05 7.320731E-06 1.416169E-05 7.148667E-16 0.000000E+00
  9294     12   3092 1.157208E-04 1.669488E-05 6.521965E-05 1.824680E-14 0.000000E+00
  9295    868   1758 1.347915E-05 3.431008E-05 2.353798E-05 4.062708E-15 0.000000E+00
  9296   1633   5968 1.916510E-05 8.139282E-06 1.344842E-05 1.061683E-15 0.000000E+00
  9297   2388   2865 2.118952E-05 1.262092E-05 1.665291E-05 5.803868E-16 0.000000E+00
  9298   1346   1449 1.628360E-05 2.579687E-05 2.072620E-05 3.609723E-16 0.000000E+00
  9299    557   2963 2.495971E-05 1.765385E-05 2.098877E-05 1.182007E-15 0.000000E+00
  9300   1963   2166 7.523346E-06 2.068684E-05 1.389457E-05 3.192127E-15 0.000000E+00
  9301    557   5845 2.911604E-05 1.535594E-05 2.190411E-05 3.588489E-15 0.000000E+00
  9302    682   2747 3.189539E-05 2.467141E-05 2.786126E-05 2.484339E-15 0.000000E+00
  9303   5766   5843 1.952143E-05 1.800502E-05 1.848318E-05 6.440878E-16 0.000000E+00
  9304     32   6753 6.488905E-05 1.420845E-05 3.895847E-05 9.484370E-16 0.000000E+00
  9305   1117   1250 1.195436E-05 1.026929E-05 1.094598E-05 7.998013E-16 0.000000E+00
  9306   2655   5212 1.816237E-05 8.947076E-06 1.335242E-05 1.054605E-15 0.000000E+00
  9307   2904   3927 1.079000E-05 1.854516E-05 1.444866E-05 5.096079E-16 0.000000E+00
  9308   1117   2208 1.348259E-05 6.101868E-06 9.646074E-06 4.034396E-16 0.000000E+00
  9309   1025   2181 1.472492E-05 7.638053E-06 1.101460E-05 8.705802E-15 0.000000E+00
  9310   1562   3616 1.401575E-05 6.650460E-06 1.017888E-05 5.662310E-16 0.000000E+00
  9311   4503   4526 1.438120E-05 1.625683E-05 1.509037E-05 1.698693E-16 0.000000E+00
  9312   2520   2735 1.399919E-05 7.673198E-06 1.067446E-05 1.769472E-16 0.000000E+00
  9313    811   3837 2.619093E-05 1.987506E-05 2.268922E-05 1.245708E-15 0.000000E+00
  9314   1211   5172 1.891355E-05 1.208742E-05 1.526913E-05 8.705802E-16 0.000000E+00
  9315    576    858 1.688094E-05 3.003065E-05 2.310571E-05 6.299320E-16 0.000000E+00
  9316     57   5731 7.451227E-05 8.349966E-06 4.081274E-05 5.591532E-16 0.000000E+00
  9317   3716   5748 1.210816E-05 5.345964E-06 8.596809E-06 1.620836E-15 0.000000E+00
  9318    514   3901 4.003233E-05 2.891231E-05 3.395781E-05 2.590507E-15 0.000000E+00
  9319   1862   6212 2.107654E-05 1.041717E-05 1.551183E-05 1.160774E-15 0.000000E+00
  9320   1498   5685 1.342386E-05 1.524046E-05 1.411825E-05 5.096079E-16 0.000000E+00
  9321   1295   1440 2.699598E-05 3.627990E-05 3.116573E-05 1.656226E-15 0.000000E+00
  9322    434   3753 2.495191E-05 7.104857E-06 1.578916E-05 2.038432E-15 0.000000E+00
  9323   2577   4040 1.153578E-05 6.237173E-06 8.753844E-06 2.052588E-16 0.000000E+00
  9324    938   4401 1.437987E-05 7.038849E-06 1.054952E-05 2.774532E-15 0.000000E+00
  9325   3256   4231 7.732414E-06 9.317897E-06 8.397915E-06 2.123366E-16 0.000000E+00
  9326   1449   1693 2.200287E-05 1.634950E-05 1.888997E-05 3.892838E-15 0.000000E+00
  9327   3960   4728 1.171916E-05 9.823561E-06 1.061059E-05 4.812964E-16 0.000000E+00
  9328    490   3107 3.253262E-05 1.601502E-05 2.391152E-05 4.459069E-16 0.000000E+00
  9329   2180   2425 5.969013E-06 1.779615E-05 1.170523E-05 9.625928E-16 0.000000E+00
  9330   2040   2113 1.070833E-05 8.502258E-06 9.461931E-06 3.609723E-15 0.000000E+00
  9331    338   4339 4.815587E-05 1.218063E-05 2.971798E-05 1.415578E-15 0.000000E+00
  9332   1722   2496 2.260565E-05 1.516605E-05 1.860397E-05 1.627914E-16 0.000000E+00
  9333   1722   3109 3.166661E-05 1.679220E-05 2.386778E-05 1.415578E-16 0.000000E+00
  9334    434   6657 2.111325E-05 9.592200E-06 1.512358E-05 2.909012E-15 0.000000E+00
  9335    413    834 3.939935E-05 1.002587E-05 2.434377E-05 3.043492E-16 0.000000E+00
  9336   2101   4193 1.052130E-05 4.982178E-06 7.636041E-06 2.732065E-15 0.000000E+00
  9337   1538   4352 1.979135E-05 2.193401E-05 2.055130E-05 2.689597E-16 0.000000E+00
  9338    995   1233 2.864397E-05 1.282531E-05 2.042517E-05 1.309409E-15 0.000000E+00
  9339   2960   5627 1.177633E-05 9.325719E-06 1.039355E-05 1.118306E-15 0.000000E+00
  9340    781   1059 4.031889E-05 2.788549E-05 3.359320E-05 8.323596E-15 0.000000E+00
  9341    557   1109 3.600220E-05 3.359516E-05 3.427929E-05 4.402446E-15 0.000000E+00
  9342   2086   4669 1.341447E-05 8.940523E-06 1.101067E-05 1.125384E-15 0.000000E+00
  9343   3998   4155 1.257250E-05 8.047983E-06 1.015636E-05 2.901934E-16 0.000000E+00
  9344    111   1650 3.492163E-05 1.970999E-05 2.690811E-05 8.635023E-16 0.000000E+00
  9345   1528   2181 2.667900E-05 2.561689E-05 2.575767E-05 2.087977E-15 0.000000E+00
  9346    434   4172 2.947027E-05 7.927187E-06 1.841965E-05 3.114271E-16 0.000000E+00
  9347   1977   3473 2.000690E-05 7.642331E-06 1.361828E-05 4.459069E-16 0.000000E+00
  9348    413   1178 2.222287E-05 2.581437E-05 2.366013E-05 1.309409E-15 0.000000E+00
  9349   5404   5407 1.587035E-05 1.723879E-05 1.630749E-05 1.203241E-16 0.000000E+00
  9350   2020   5526 1.266317E-05 7.089547E-06 9.728948E-06 7.007109E-16 0.000000E+00
  9351   1206   1702 1.250441E-05 2.252975E-05 1.725563E-05 3.461087E-15 0.000000E+00
  9352   4104   6833 1.059305E-05 5.171014E-06 7.764389E-06 1.337721E-15 0.000000E+00
  9353   5407   5417 9.249844E-06 4.617616E-06 6.830241E-06 2.257846E-15 0.000000E+00
  9354     37   2040 5.730107E-05 5.824775E-06 3.109184E-05 2.038432E-15 0.000000E+00
  9355    974   3998 2.311904E-05 7.186067E-06 1.492640E-05 9.555149E-16 0.000000E+00
  9356    879   1459 1.607488E-05 1.669321E-05 1.613951E-05 3.751281E-16 0.000000E+00
  9357   1191   2299 2.905869E-05 2.281805E-05 2.555123E-05 1.889796E-15 0.000000E+00
  9358    878   2281 2.206724E-05 1.512877E-05 1.832042E-05 3.043492E-16 0.000000E+00
  9359   2920   5039 1.490285E-05 1.392193E-05 1.419728E-05 1.627914E-16 0.000000E+00
  9360   1399   3987 2.913053E-05 1.912055E-05 2.376546E-05 6.582436E-16 0.000000E+00
  9361    111   4339 3.836857E-05 6.691164E-06 2.219360E-05 1.327104E-14 0.000000E+00
  9362   1376   1538 1.115054E-05 1.508624E-05 1.292259E-05 3.751281E-16 0.000000E+00
  9363   4221   6555 1.346856E-05 8.691842E-06 1.091483E-05 1.911030E-16 0.000000E+00
  9364    434   2200 3.410171E-05 2.083826E-05 2.705999E-05 2.264924E-16 0.000000E+00
  9365   2200   3109 2.045050E-05 6.868150E-06 1.345545E-05 2.286158E-15 0.000000E+00
  9366   5439   5590 9.117672E-06 1.005412E-05 9.442823E-06 2.618819E-16 0.000000E+00
  9367   1878   6833 1.988149E-05 1.570826E-05 1.752928E-05 1.769472E-16 0.000000E+00
  9368   4129   4206 1.249148E-05 1.210541E-05 1.211489E-05 8.493466E-17 0.000000E+00
  9369   4535   6041 1.151256E-05 7.826630E-06 9.525272E-06 3.609723E-16 0.000000E+00
  9370    947   3148 2.970203E-05 7.024146E-06 1.808901E-05 1.981809E-16 0.000000E+00
  9371   1115   1446 1.414307E-05 2.682373E-05 2.017768E-05 7.007109E-16 0.000000E+00
  9372    457   3556 2.986587E-05 4.472711E-06 1.691303E-05 2.802844E-15 0.000000E+00
  9373   1044   1267 2.602570E-05 2.000029E-05 2.266952E-05 7.785677E-16 0.000000E+00
  9374   3059   3335 1.160968E-05 7.384350E-06 9.355267E-06 2.866545E-15 0.000000E+00
  9375   1650   4921 8.569582E-06 1.971050E-05 1.392899E-05 2.654208E-15 0.000000E+00
  9376   6655   6656 5.905829E-06 2.482245E-06 4.131439E-06 4.529848E-16 0.000000E+00
  9377    514   1044 3.329242E-05 2.705445E-05 2.972309E-05 4.487381E-15 0.000000E+00
  9378   2196   3284 8.158898E-06 9.132073E-06 8.516448E-06 5.237637E-16 0.000000E+00
  9379    335   1887 3.651545E-05 9.031616E-06 2.243363E-05 2.137522E-15 0.000000E+00
  9380    249   4554 2.228399E-05 6.117128E-06 1.398861E-05 5.520753E-16 0.000000E+00
  9381    987   1487 4.681345E-05 3.401584E-05 3.981144E-05 2.335703E-16 0.000000E+00
  9382   1705   5590 1.822094E-05 2.054574E-06 9.986448E-06 4.098097E-15 0.000000E+00
  9383    876   5708 2.600674E-05 7.117274E-06 1.631481E-05 6.936330E-16 0.000000E+00
  9384   1507   1791 3.960874E-05 2.482814E-05 3.173757E-05 1.458045E-15 0.000000E+00
  9385    763   3343 2.080980E-05 1.130701E-05 1.581873E-05 8.564244E-16 0.000000E+00
  9386      8   4574 7.192314E-05 7.252907E-06 3.899716E-05 1.698693E-15 0.000000E+00
  9387   1849   2407 1.400494E-05 1.069841E-05 1.216732E-05 6.242697E-15 0.000000E+00
  9388   1270   4654 2.849930E-05 5.146617E-06 1.657187E-05 2.024276E-15 0.000000E+00
  9389   1913   3343 1.743439E-05 9.256633E-06 1.314633E-05 8.988918E-16 0.000000E+00
  9390   2543   6377 8.192524E-06 4.675970E-06 6.338213E-06 4.105175E-16 0.000000E+00
  9391   1161   4554 9.583650E-06 6.419168E-06 7.881985E-06 1.507590E-15 0.000000E+00
  9392   4351   4361 5.011782E-06 9.660332E-06 7.226564E-06 1.911030E-16 0.000000E+00
  9393   1421   6534 2.019364E-05 6.843585E-06 1.331684E-05 2.236613E-15 0.000000E+00
  9394    475    483 3.485059E-05 3.551686E-05 3.465860E-05 8.422687E-16 0.000000E+00
  9395   5555   6744 1.042490E-05 9.649900E-06 9.887588E-06 1.450967E-15 0.000000E+00
  9396    752   3026 2.894983E-05 7.226921E-06 1.781840E-05 8.847360E-16 0.000000E+00
  9397   2082   2891 1.479086E-05 1.361645E-05 1.399166E-05 2.505572E-15 0.000000E+00
  9398   2092   2847 1.139024E-05 1.223896E-05 1.163826E-05 2.470183E-15 0.000000E+00
  9399   1743   1903 1.876752E-05 9.821426E-06 1.408112E-05 1.762394E-15 0.000000E+00
  9400   2184   3046 1.337848E-05 1.493271E-05 1.394432E-05 2.816999E-15 0.000000E+00
  9401    892   4546 1.563084E-05 1.422756E-05 1.470638E-05 2.095055E-15 0.000000E+00
  9402    554   6468 2.566146E-05 5.320241E-06 1.525964E-05 4.275044E-15 0.000000E+00
  9403   4800   5615 8.160916E-06 5.371211E-06 6.665077E-06 6.440878E-16 0.000000E+00
  9404   5700   5755 4.996836E-06 3.759855E-06 4.312997E-06 2.279080E-15 0.000000E+00
  9405   2473   5462 7.599311E-06 4.250130E-06 5.836292E-06 9.838264E-16 0.000000E+00
  9406   5426   6806 7.453796E-06 4.346706E-06 5.812187E-06 1.097073E-15 0.000000E+00
  9407   1800   1815 1.513448E-05 1.013765E-05 1.244747E-05 3.383230E-15 0.000000E+00
  9408   5424   6806 1.328843E-05 1.387701E-05 1.337999E-05 2.498494E-15 0.000000E+00
  9409   3294   6615 1.018835E-05 9.647954E-06 9.770121E-06 3.680502E-16 0.000000E+00
  9410   1460   4457 2.743723E-05 6.364419E-06 1.664857E-05 5.025300E-16 0.000000E+00
  9411   1023   6077 2.133397E-05 7.088951E-06 1.399935E-05 1.854407E-15 0.000000E+00
  9412   1264   3434 1.847942E-05 6.817504E-06 1.245968E-05 2.066743E-15 0.000000E+00
  9413    554    756 3.874356E-05 1.789669E-05 2.789744E-05 1.153696E-15 0.000000E+00
  9414   2231   5323 1.180224E-05 4.756930E-06 8.156007E-06 2.519728E-15 0.000000E+00
  9415   1340   5376 1.035824E-05 7.010875E-06 8.554936E-06 9.130476E-16 0.000000E+00
  9416    271   3292 1.976929E-05 8.724190E-06 1.403410E-05 1.203241E-16 0.000000E+00
  9417   1928   6210 1.489913E-05 5.420691E-06 1.000827E-05 2.618819E-15 0.000000E+00
  9418    102   3062 3.837619E-05 1.819612E-05 2.786398E-05 2.477261E-15 0.000000E+00
  9419    446   6794 4.400752E-05 5.186940E-06 2.423011E-05 2.548040E-16 0.000000E+00
  9420   3292   4365 5.723332E-06 5.576077E-06 5.565381E-06 7.785677E-17 0.000000E+00
  9421   1264   1711 1.438807E-05 1.264768E-05 1.331612E-05 1.274020E-15 0.000000E+00
  9422   1703   1992 2.478850E-05 1.524953E-05 1.972023E-05 1.189085E-15 0.000000E+00
  9423    850   6077 1.727141E-05 7.143160E-06 1.202509E-05 2.540962E-15 0.000000E+00
  9424    981   3879 2.518746E-05 9.518269E-06 1.709387E-05 3.277062E-15 0.000000E+00
  9425   1704   1716 1.259844E-05 2.697308E-05 1.949045E-05 4.246733E-16 0.000000E+00
  9426   5445   6830 8.354881E-06 5.534489E-06 6.841033E-06 2.052588E-16 0.000000E+00
  9427   2263   4242 2.011808E-05 1.322617E-05 1.642329E-05 2.123366E-16 0.000000E+00
  9428    467   2120 2.131750E-05 1.790813E-05 1.932008E-05 1.677459E-15 0.000000E+00
  9429   6778   6779 9.463877E-06 1.126267E-05 1.020860E-05 5.096079E-16 0.000000E+00
  9430   1704   3331 1.726425E-05 1.833292E-05 1.753293E-05 1.557135E-16 0.000000E+00
  9431   5241   6715 6.357854E-06 5.889284E-06 6.032172E-06 2.993947E-15 0.000000E+00
  9432   1994   3410 2.735465E-05 9.011370E-06 1.791162E-05 4.317512E-16 0.000000E+00
  9433    333   6367 3.390724E-05 8.413361E-06 2.084447E-05 4.175954E-16 0.000000E+00
  9434    757   1761 4.772308E-05 1.204588E-05 2.943844E-05 2.739143E-15 0.000000E+00
  9435    832   5859 5.492589E-05 8.101209E-06 3.104320E-05 2.555118E-15 0.000000E+00
  9436   1923   2062 2.352739E-05 1.995541E-05 2.141690E-05 2.399404E-15 0.000000E+00
  9437   1663   3078 1.662171E-05 9.489550E-06 1.286077E-05 2.526806E-15 0.000000E+00
  9438    720   3691 3.812783E-05 9.240490E-06 2.333067E-05 8.422687E-16 0.000000E+00
  9439     44   6147 6.264656E-05 1.449812E-05 3.799663E-05 2.873623E-15 0.000000E+00
  9440   1099   2828 1.822542E-05 9.707305E-06 1.375791E-05 7.644119E-16 0.000000E+00
  9441    646   1027 1.794415E-05 2.597657E-05 2.163259E-05 2.519728E-15 0.000000E+00
  9442   1638   6783 4.032850E-05 7.051842E-06 2.333659E-05 1.196163E-15 0.000000E+00
  9443    182   1419 3.834126E-05 1.460891E-05 2.607993E-05 1.649148E-15 0.000000E+00
  9444   1572   2171 1.916540E-05 1.800033E-05 1.830551E-05 3.468165E-16 0.000000E+00
  9445    119    462 4.055768E-05 2.456882E-05 3.207723E-05 5.025300E-16 0.000000E+00
  9446   1905   5669 1.739441E-05 1.035491E-05 1.366758E-05 1.981809E-15 0.000000E+00
  9447    346   5785 3.607803E-05 4.403219E-06 1.993853E-05 3.043492E-15 0.000000E+00
  9448   1786   5261 9.886792E-06 5.747002E-06 7.700227E-06 1.082917E-15 0.000000E+00
  9449   1928   3795 2.926345E-05 1.453917E-05 2.157443E-05 8.988918E-16 0.000000E+00
  9450    462   6114 2.472040E-05 1.038809E-05 1.729224E-05 1.252786E-15 0.000000E+00
  9451   2774   3082 1.135889E-05 5.889583E-06 8.495515E-06 8.281129E-16 0.000000E+00
  9452   1019   6290 2.600250E-05 9.398965E-06 1.743654E-05 3.609723E-16 0.000000E+00
  9453    474   2774 3.253762E-05 1.800528E-05 2.489426E-05 4.034396E-16 0.000000E+00
  9454    361   1703 3.121359E-05 2.664770E-05 2.849885E-05 1.649148E-15 0.000000E+00
  9455    745   2198 2.214254E-05 2.286816E-05 2.216945E-05 2.689597E-16 0.000000E+00
  9456   3235   3474 1.024393E-05 1.101744E-05 1.047202E-05 2.689597E-16 0.000000E+00
  9457    911   6114 1.453226E-05 6.030137E-06 1.012775E-05 1.911030E-16 0.000000E+00
  9458    264   3620 6.393974E-05 1.369644E-05 3.823871E-05 1.486356E-16 0.000000E+00
  9459   5651   6246 1.856194E-05 1.582412E-05 1.693642E-05 2.052588E-16 0.000000E+00
  9460   2670   3701 7.166128E-06 7.156014E-06 7.054189E-06 1.677459E-15 0.000000E+00
  9461    677   5651 2.574547E-05 1.086891E-05 1.803395E-05 2.272002E-15 0.000000E+00
  9462   2120   3192 2.132931E-05 6.506802E-06 1.371033E-05 3.638034E-15 0.000000E+00
  9463   2793   5007 1.331822E-05 5.295475E-06 9.167941E-06 1.146618E-15 0.000000E+00
  9464   1777   4966 1.069055E-05 8.561935E-06 9.482565E-06 2.689597E-16 0.000000E+00
  9465   5334   6832 6.382455E-06 5.868549E-06 6.034077E-06 1.097073E-15 0.000000E+00
  9466    174   2266 3.974568E-05 2.222061E-05 3.052071E-05 1.627914E-15 0.000000E+00
  9467    603   5684 1.613964E-05 4.929963E-06 1.037756E-05 1.719927E-15 0.000000E+00
  9468   1786   6442 1.557858E-05 9.768203E-06 1.248424E-05 1.840251E-16 0.000000E+00
  9469   1017   2116 1.958816E-05 8.419778E-06 1.379496E-05 2.951479E-15 0.000000E+00
  9470    603   1500 3.047275E-05 2.677113E-05 2.819475E-05 5.025300E-16 0.000000E+00
  9471   3816   5670 5.511349E-06 4.676257E-06 5.017776E-06 1.436811E-15 0.000000E+00
  9472    750   2997 1.901831E-05 1.810681E-05 1.828551E-05 2.901934E-16 0.000000E+00
  9473     44   2774 8.181330E-05 1.616807E-05 4.825948E-05 9.838264E-16 0.000000E+00
  9474    474   1500 3.882907E-05 1.702854E-05 2.751196E-05 4.175954E-16 0.000000E+00
  9475    724   5255 2.529166E-05 1.351418E-05 1.911332E-05 5.237637E-16 0.000000E+00
  9476   1216   2091 1.630743E-05 3.318299E-05 2.437588E-05 4.105175E-16 0.000000E+00
  9477   3010   3810 1.944490E-05 7.744756E-06 1.339192E-05 2.668364E-15 0.000000E+00
  9478    119   2126 4.111720E-05 2.545190E-05 3.278776E-05 2.703753E-15 0.000000E+00
  9479    948   3551 3.115906E-05 5.943900E-06 1.827459E-05 1.316487E-15 0.000000E+00
  9480    191   4034 2.681554E-05 5.548700E-06 1.594059E-05 4.536926E-15 0.000000E+00
  9481    745   3624 1.109977E-05 1.106340E-05 1.091619E-05 2.477261E-16 0.000000E+00
  9482   1605   6785 1.648522E-05 1.066203E-05 1.337103E-05 1.054605E-15 0.000000E+00
  9483    538   4305 3.305943E-05 1.205075E-05 2.221845E-05 4.812964E-16 0.000000E+00
  9484    927   2091 2.168651E-05 3.434877E-05 2.759946E-05 2.335703E-16 0.000000E+00
  9485     59   3225 5.595783E-05 9.675317E-06 3.232677E-05 2.243690E-15 0.000000E+00
  9486    720   6349 2.747764E-05 5.983793E-06 1.648100E-05 6.157763E-16 0.000000E+00
  9487    446   2474 2.506518E-05 1.608261E-05 2.026682E-05 2.038432E-15 0.000000E+00
  9488    720   2856 1.716013E-05 8.493428E-06 1.263533E-05 1.896874E-15 0.000000E+00
  9489   1500   2726 2.922885E-05 7.247522E-06 1.796598E-05 1.514668E-15 0.000000E+00
  9490   2091   2492 1.396727E-05 1.785353E-05 1.567293E-05 8.068792E-16 0.000000E+00
  9491    446   2485 3.349307E-05 1.208121E-05 2.244703E-05 1.061683E-15 0.000000E+00
  9492    326   2859 5.022092E-05 1.026222E-05 2.979020E-05 1.132462E-15 0.000000E+00
  9493   1965   2526 2.664119E-05 4.610730E-06 1.539274E-05 4.565238E-15 0.000000E+00
  9494   1577   2643 2.258051E-05 8.681210E-06 1.539756E-05 1.557135E-16 0.000000E+00
  9495    446   2643 3.256506E-05 8.156313E-06 2.005680E-05 4.246733E-16 0.000000E+00
  9496    492    750 2.126809E-05 1.341038E-05 1.708044E-05 5.025300E-16 0.000000E+00
  9497    927   6340 2.265284E-05 4.187840E-06 1.322004E-05 1.734083E-15 0.000000E+00
  9498   1151   6832 4.857654E-05 1.826471E-05 3.292181E-05 8.281129E-16 0.000000E+00
  9499   2266   3899 1.029609E-05 5.692277E-06 7.874869E-06 1.698693E-16 0.000000E+00
  9500    157    597 3.147161E-05 3.839157E-05 3.441022E-05 1.486356E-16 0.000000E+00
  9501    119    654 5.304026E-05 2.021590E-05 3.608139E-05 1.677459E-15 0.000000E+00
  9502    509   5363 3.269836E-05 8.202556E-06 2.014523E-05 1.797784E-15 0.000000E+00
  9503   2110   5232 1.199318E-05 7.227033E-06 9.466672E-06 2.165834E-15 0.000000E+00
  9504    862   2110 2.159329E-05 1.147034E-05 1.628507E-05 4.034396E-16 0.000000E+00
  9505   3174   5447 1.649516E-05 8.752523E-06 1.243543E-05 9.767485E-16 0.000000E+00
  9506   3241   6709 1.475170E-05 3.491215E-06 8.985316E-06 3.185050E-16 0.000000E+00
  9507   3205   6607 1.204175E-05 8.953976E-06 1.034118E-05 1.026294E-15 0.000000E+00
  9508   1087   4821 1.649793E-05 9.636043E-06 1.287195E-05 6.440878E-16 0.000000E+00
  9509    195   4841 5.020808E-05 9.170134E-06 2.924599E-05 1.429733E-15 0.000000E+00
  9510     60   5385 7.013688E-05 6.122372E-06 3.756053E-05 6.086984E-16 0.000000E+00
  9511    324   1176 4.295930E-05 1.684156E-05 2.945415E-05 2.979791E-15 0.000000E+00
  9512    516   1614 3.341797E-05 1.595350E-05 2.431729E-05 5.733089E-15 0.000000E+00
  9513    579   5366 1.342450E-05 1.323162E-05 1.312913E-05 1.677459E-15 0.000000E+00
  9514    402   3225 2.558684E-05 5.914349E-06 1.551551E-05 3.730047E-15 0.000000E+00
  9515   4997   5635 1.271019E-05 1.149204E-05 1.192050E-05 2.335703E-16 0.000000E+00
  9516    579   3478 1.706836E-05 9.092117E-06 1.288501E-05 7.502561E-16 0.000000E+00
  9517   3669   6698 2.114791E-05 1.010126E-05 1.539138E-05 3.043492E-16 0.000000E+00
  9518   2912   5377 1.335146E-05 1.191706E-05 1.244569E-05 1.634992E-15 0.000000E+00
  9519    862   5236 2.363079E-05 1.219994E-05 1.764797E-05 3.255828E-15 0.000000E+00
  9520   1490   3959 1.173669E-05 1.360580E-05 1.248212E-05 9.909043E-17 0.000000E+00
  9521    462   3972 5.378143E-05 9.414376E-06 3.112629E-05 2.831155E-16 0.000000E+00
  9522   3225   3230 1.088703E-05 1.506074E-05 1.278024E-05 8.918139E-16 0.000000E+00
  9523   1151   3268 1.761590E-05 1.201535E-05 1.459450E-05 9.767485E-16 0.000000E+00
  9524   2912   5628 1.126887E-05 5.170206E-06 8.096858E-06 1.698693E-16 0.000000E+00
  9525   1283   1838 3.343902E-05 2.026403E-05 2.645076E-05 1.981809E-16 0.000000E+00
  9526    916   3972 1.350121E-05 9.725013E-06 1.143978E-05 3.680502E-16 0.000000E+00
  9527   3243   5385 1.566249E-05 9.554559E-06 1.242034E-05 1.486356E-16 0.000000E+00
  9528    532   5078 2.921533E-05 8.323073E-06 1.848906E-05 2.618819E-16 0.000000E+00
  9529   1823   6088 2.040643E-05 1.177497E-05 1.585054E-05 1.840251E-16 0.000000E+00
  9530   6300   6306 8.381240E-06 1.159499E-05 9.839041E-06 2.335703E-16 0.000000E+00
  9531    785   5078 2.789690E-05 1.197160E-05 1.963672E-05 1.995964E-15 0.000000E+00
  9532   4431   6387 1.415674E-05 7.286288E-06 1.056149E-05 1.840251E-16 0.000000E+00
  9533    883   3272 1.464651E-05 1.228393E-05 1.326425E-05 3.397386E-16 0.000000E+00
  9534    402   5401 2.339878E-05 8.652591E-06 1.578649E-05 5.591532E-16 0.000000E+00
  9535    559   2667 2.294145E-05 9.193600E-06 1.582771E-05 2.760376E-15 0.000000E+00
  9536    326   2763 3.330790E-05 1.340506E-05 2.300787E-05 3.468165E-16 0.000000E+00
  9537    492   6128 1.824259E-05 1.304447E-05 1.541004E-05 1.309409E-15 0.000000E+00
  9538   1465   4430 9.796202E-06 7.961831E-06 8.746494E-06 2.434793E-15 0.000000E+00
  9539     48   3959 5.752966E-05 1.186524E-05 3.417958E-05 1.911030E-16 0.000000E+00
  9540    883   3959 2.148510E-05 1.425106E-05 1.760139E-05 5.520753E-16 0.000000E+00
  9541   1261   1793 1.353962E-05 1.139402E-05 1.228075E-05 1.811939E-15 0.000000E+00
  9542    622   6231 1.741593E-05 9.836105E-06 1.342264E-05 7.998013E-16 0.000000E+00
  9543    438    610 1.907435E-05 3.594855E-05 2.710083E-05 5.839258E-15 0.000000E+00
  9544   1258   6306 2.779197E-05 1.198348E-05 1.959089E-05 5.166858E-16 0.000000E+00
  9545   2766   3312 6.472122E-06 1.180934E-05 9.004305E-06 1.118306E-15 0.000000E+00
  9546   1017   1261 3.001900E-05 1.288244E-05 2.113056E-05 6.334710E-15 0.000000E+00
  9547    115   3517 4.338810E-05 1.463366E-05 2.857788E-05 9.272033E-16 0.000000E+00
  9548    862   2112 3.078141E-05 8.900499E-06 1.954482E-05 4.812964E-16 0.000000E+00
  9549    722   5676 1.570148E-05 6.099680E-06 1.073788E-05 1.189085E-15 0.000000E+00
  9550   1226   1967 1.811654E-05 1.781380E-05 1.769703E-05 7.148667E-16 0.000000E+00
  9551    651   1158 2.122328E-05 9.470827E-06 1.511799E-05 8.635023E-16 0.000000E+00
  9552    534   3174 2.878287E-05 2.777514E-05 2.785693E-05 2.618819E-16 0.000000E+00
  9553   5354   6651 1.311675E-05 5.556133E-06 9.197091E-06 2.378170E-15 0.000000E+00
  9554    717   3579 1.912072E-05 4.754979E-06 1.175967E-05 4.883743E-15 0.000000E+00
  9555   2720   3515 2.113578E-05 1.385612E-05 1.723482E-05 2.548040E-16 0.000000E+00
  9556   1973   5634 1.223259E-05 1.097021E-05 1.142825E-05 6.157763E-16 0.000000E+00
  9557    951   6640 2.032502E-05 3.930357E-06 1.194668E-05 2.632974E-15 0.000000E+00
  9558    454   2406 2.137182E-05 1.636802E-05 1.858828E-05 1.840251E-16 0.000000E+00
  9559   3190   5107 9.049928E-06 7.059231E-06 7.934362E-06 6.511657E-16 0.000000E+00
  9560   1788   6231 2.103351E-05 5.789161E-06 1.321117E-05 1.394344E-15 0.000000E+00
  9561    559   2201 1.928982E-05 2.854661E-05 2.356123E-05 7.431782E-16 0.000000E+00
  9562     76   3230 3.517339E-05 1.399822E-05 2.421885E-05 7.361004E-16 0.000000E+00
  9563   2736   6166 1.241922E-05 1.431872E-05 1.316943E-05 9.909043E-17 0.000000E+00
  9564    342   1904 1.596918E-05 1.398651E-05 1.475430E-05 7.219446E-16 0.000000E+00
  9565    717    831 2.360157E-05 2.549295E-05 2.418088E-05 6.370099E-16 0.000000E+00
  9566    508   5676 2.373993E-05 7.526665E-06 1.539997E-05 5.308416E-16 0.000000E+00
  9567   2347   3478 2.347957E-05 3.308354E-05 2.785944E-05 9.979822E-16 0.000000E+00
  9568   2320   5274 1.312330E-05 1.347973E-05 1.310299E-05 1.104151E-15 0.000000E+00
  9569   1520   1752 1.504355E-05 8.070847E-06 1.138470E-05 1.974731E-15 0.000000E+00
  9570   1356   2653 2.828077E-05 3.605873E-05 3.168961E-05 1.281098E-15 0.000000E+00
  9571   3360   4783 9.594434E-06 5.440960E-06 7.405493E-06 7.077888E-16 0.000000E+00
  9572   1187   6068 2.522761E-05 1.030572E-05 1.750149E-05 1.245708E-15 0.000000E+00
  9573   3478   6631 3.399490E-05 1.791820E-05 2.556914E-05 2.392326E-15 0.000000E+00
  9574    115   3428 8.844734E-05 9.105653E-06 4.804849E-05 1.889796E-15 0.000000E+00
  9575    401   2711 4.974199E-05 1.523718E-05 3.200467E-05 3.043492E-16 0.000000E+00
  9576    516   2169 2.024410E-05 3.062789E-05 2.505635E-05 4.777574E-15 0.000000E+00
  9577    382   1414 2.740132E-05 8.609789E-06 1.773681E-05 3.751281E-16 0.000000E+00
  9578   3471   4635 1.288014E-05 1.248552E-05 1.249353E-05 2.264924E-16 0.000000E+00
  9579    986   4286 2.853467E-05 1.161934E-05 1.977735E-05 2.816999E-15 0.000000E+00
  9580    801   2977 2.295655E-05 1.205575E-05 1.724486E-05 1.981809E-16 0.000000E+00
  9581    326   4954 4.796548E-05 1.459178E-05 3.081179E-05 2.293236E-15 0.000000E+00
  9582    449   2720 3.343669E-05 1.403806E-05 2.338308E-05 9.059697E-16 0.000000E+00
  9583     29   5535 5.412463E-05 5.145600E-06 2.919280E-05 3.963617E-16 0.000000E+00
  9584     83    736 3.948056E-05 2.736982E-05 3.292631E-05 2.901934E-16 0.000000E+00
  9585    343    999 1.990976E-05 3.834551E-05 2.869290E-05 1.981809E-16 0.000000E+00
  9586   1425   1520 1.947999E-05 1.003471E-05 1.453709E-05 1.026294E-15 0.000000E+00
  9587     76   6220 4.496199E-05 6.252277E-06 2.522494E-05 1.146618E-15 0.000000E+00
  9588   2100   4954 1.428337E-05 2.113237E-05 1.744357E-05 2.017198E-15 0.000000E+00
  9589   3190   3515 1.066589E-05 1.234326E-05 1.133287E-05 6.582436E-16 0.000000E+00
  9590   3275   6296 1.059370E-05 4.459363E-06 7.414196E-06 1.196163E-15 0.000000E+00
  9591     44   3104 4.211311E-05 1.323343E-05 2.726024E-05 1.861485E-15 0.000000E+00
  9592    559   1900 2.452486E-05 1.225490E-05 1.811540E-05 1.698693E-16 0.000000E+00
  9593    959   4367 2.703314E-05 8.991377E-06 1.774342E-05 4.388291E-16 0.000000E+00
  9594    959   2477 2.877034E-05 2.476041E-05 2.636589E-05 1.387266E-15 0.000000E+00
  9595    343    472 2.867013E-05 2.697514E-05 2.740737E-05 2.123366E-15 0.000000E+00
  9596    468   6625 2.363430E-05 1.611184E-05 1.957646E-05 3.892838E-16 0.000000E+00
  9597    619   3754 2.109153E-05 1.462214E-05 1.759032E-05 2.406482E-16 0.000000E+00
  9598    471   3815 2.795047E-05 6.512193E-06 1.697415E-05 8.210350E-16 0.000000E+00
  9599    984   1588 1.777204E-05 1.640840E-05 1.683514E-05 4.246733E-16 0.000000E+00
  9600    343   3493 2.087649E-05 1.099623E-05 1.569850E-05 1.698693E-15 0.000000E+00
  9601   2024   3423 1.028761E-05 8.965902E-06 9.483072E-06 4.883743E-16 0.000000E+00
  9602   1586   6831 1.194440E-05 7.724768E-06 9.687800E-06 5.520753E-16 0.000000E+00
  9603   5428   6831 1.000031E-05 7.118389E-06 8.431596E-06 2.831155E-16 0.000000E+00
  9604    559   2738 2.479929E-05 1.399616E-05 1.910821E-05 1.939341E-15 0.000000E+00
  9605    107   1067 2.916139E-05 1.520870E-05 2.185392E-05 1.840251E-16 0.000000E+00
  9606   3990   5057 2.389052E-05 1.727069E-05 2.027344E-05 1.415578E-16 0.000000E+00
  9607    252   1788 6.128200E-05 2.167685E-05 4.086033E-05 6.150685E-15 0.000000E+00
  9608   1431   2094 2.297337E-05 1.233530E-05 1.739084E-05 4.388291E-16 0.000000E+00
  9609    664   6125 1.976970E-05 5.934309E-06 1.266018E-05 1.840251E-16 0.000000E+00
  9610   1163   3190 1.454205E-05 1.450074E-05 1.430466E-05 6.440878E-16 0.000000E+00
  9611    449   4407 3.175536E-05 8.089525E-06 1.962509E-05 1.097073E-15 0.000000E+00
  9612   3694   3732 1.443475E-05 1.554561E-05 1.476645E-05 2.208301E-15 0.000000E+00
  9613   1022   2418 4.858774E-05 2.638517E-05 3.692695E-05 2.618819E-16 0.000000E+00
  9614     76    986 3.012284E-05 1.031046E-05 1.991491E-05 1.063099E-14 0.000000E+00
  9615    458    656 2.847020E-05 5.151374E-05 3.939507E-05 1.033372E-15 0.000000E+00
  9616    999   1380 2.593850E-05 1.558618E-05 2.045245E-05 2.335703E-16 0.000000E+00
  9617   1520   6786 7.483002E-06 4.049508E-06 5.680191E-06 1.705771E-15 0.000000E+00
  9618   1066   1520 3.225447E-05 1.758617E-05 2.454837E-05 3.163816E-15 0.000000E+00
  9619    427   2094 3.745508E-05 1.537350E-05 2.602005E-05 2.123366E-16 0.000000E+00
  9620   1865   6100 1.500693E-05 1.239513E-05 1.349653E-05 2.137522E-15 0.000000E+00
  9621   2663   3785 1.227782E-05 9.604554E-06 1.077789E-05 9.201254E-17 0.000000E+00
  9622   5457   5459 6.949201E-06 9.485744E-06 8.094824E-06 2.548040E-16 0.000000E+00
  9623    566   6166 1.753747E-05 1.046119E-05 1.379038E-05 3.114271E-16 0.000000E+00
  9624   4027   5976 9.447879E-06 8.040761E-06 8.613808E-06 4.742185E-16 0.000000E+00
  9625   2365   5727 6.519125E-06 6.086895E-06 6.208935E-06 2.194145E-15 0.000000E+00
  9626    998   5170 2.963857E-05 8.501625E-06 1.878547E-05 9.059697E-16 0.000000E+00
  9627     49   5535 4.810343E-05 5.349285E-06 2.632746E-05 2.901934E-16 0.000000E+00
  9628   5181   6129 2.184940E-05 1.561374E-05 1.845200E-05 1.344799E-16 0.000000E+00
  9629   4390   4418 1.472938E-05 1.196043E-05 1.314573E-05 1.939341E-15 0.000000E+00
  9630    836    984 1.459784E-05 1.737705E-05 1.574883E-05 3.050570E-15 0.000000E+00
  9631    560   1022 2.889624E-05 5.238600E-05 4.003454E-05 4.253811E-15 0.000000E+00
  9632   2094   2347 2.432306E-05 1.914789E-05 2.141107E-05 9.342812E-16 0.000000E+00
  9633    536   3997 2.813856E-05 5.451453E-06 1.654434E-05 2.272002E-15 0.000000E+00
  9634     88   2100 4.549109E-05 1.738840E-05 3.097049E-05 2.930246E-15 0.000000E+00
  9635     62   2050 5.310267E-05 2.001338E-05 3.601238E-05 2.406482E-16 0.000000E+00
  9636    382   3526 1.563122E-05 6.794820E-06 1.104566E-05 1.146618E-15 0.000000E+00
  9637   1872   6334 1.905977E-05 8.639254E-06 1.364280E-05 1.557135E-16 0.000000E+00
  9638     15   5593 1.124706E-04 5.310523E-06 5.801160E-05 2.080899E-15 0.000000E+00
  9639   3403   3988 8.347367E-06 1.223512E-05 1.013764E-05 2.484339E-15 0.000000E+00
  9640   1107   2094 3.983021E-05 7.331949E-06 2.322912E-05 1.302331E-15 0.000000E+00
  9641    547   1107 1.717656E-05 2.464122E-05 2.059681E-05 6.518735E-15 0.000000E+00
  9642   3570   5593 9.067177E-06 7.728592E-06 8.272543E-06 1.698693E-16 0.000000E+00
  9643   5362   5365 1.210347E-05 1.071131E-05 1.123713E-05 1.918108E-15 0.000000E+00
  9644    454    853 4.666881E-05 2.054041E-05 3.310305E-05 3.864527E-15 0.000000E+00
  9645    471   4979 2.678837E-05 8.499008E-06 1.738035E-05 1.769472E-16 0.000000E+00
  9646    342    984 3.786729E-05 1.196492E-05 2.454422E-05 1.401422E-15 0.000000E+00
  9647   4154   4793 1.390867E-05 5.624558E-06 9.620845E-06 1.118306E-15 0.000000E+00
  9648   1024   6067 2.193950E-05 1.373259E-05 1.756983E-05 5.237637E-16 0.000000E+00
  9649    437   3723 1.526449E-05 1.234445E-05 1.359843E-05 1.245708E-15 0.000000E+00
  9650    620   4405 1.935940E-05 6.068694E-06 1.252429E-05 2.739143E-15 0.000000E+00
  9651    472   4390 2.381517E-05 1.023310E-05 1.677004E-05 1.911030E-16 0.000000E+00
  9652   4199   4502 1.403603E-05 1.062395E-05 1.214596E-05 2.548040E-16 0.000000E+00
  9653    998   5149 2.760788E-05 1.470943E-05 2.084286E-05 3.489399E-15 0.000000E+00
  9654    831   6363 1.968103E-05 8.897520E-06 1.407600E-05 1.005060E-15 0.000000E+00
  9655   3007   6594 1.419142E-05 1.052561E-05 1.217406E-05 7.361004E-16 0.000000E+00
  9656   3381   6257 1.389408E-05 1.662079E-05 1.502971E-05 3.043492E-16 0.000000E+00
  9657    508    620 2.167168E-05 1.584876E-05 1.848022E-05 1.542980E-15 0.000000E+00
  9658    171    584 3.481913E-05 3.432082E-05 3.405400E-05 1.274020E-16 0.000000E+00
  9659    228   1380 3.391413E-05 2.736739E-05 3.018343E-05 4.459069E-16 0.000000E+00
  9660    334   4632 3.112659E-05 4.725248E-06 1.765837E-05 1.387266E-15 0.000000E+00
  9661    939   4111 2.424356E-05 9.924912E-06 1.682925E-05 1.203241E-16 0.000000E+00
  9662     48   6258 6.812300E-05 8.407948E-06 3.769435E-05 3.185050E-15 0.000000E+00
  9663    113   4405 5.005220E-05 1.094776E-05 3.004475E-05 4.742185E-16 0.000000E+00
  9664   6594   6611 1.232211E-05 1.402430E-05 1.297659E-05 9.909043E-17 0.000000E+00
  9665     15   3570 9.806628E-05 9.044541E-06 5.275608E-05 2.123366E-15 0.000000E+00
  9666   1999   2804 1.175558E-05 7.837866E-06 9.650503E-06 1.245708E-15 0.000000E+00
  9667   4873   5546 1.391038E-05 8.852830E-06 1.121173E-05 6.511657E-16 0.000000E+00
  9668    808   6363 3.435734E-05 1.394195E-05 2.378920E-05 1.606681E-15 0.000000E+00
  9669    658   3933 2.384086E-05 7.822550E-06 1.559541E-05 3.885761E-15 0.000000E+00
  9670     72   6258 3.733637E-05 1.148060E-05 2.404418E-05 4.742185E-16 0.000000E+00
  9671    651   1114 3.782911E-05 3.605362E-05 3.639000E-05 8.422687E-16 0.000000E+00
  9672    376   1187 5.484355E-05 2.523899E-05 3.944364E-05 1.698693E-16 0.000000E+00
  9673     48    401 7.499165E-05 2.866587E-05 5.105520E-05 1.974731E-15 0.000000E+00
  9674    664    808 2.763218E-05 3.353979E-05 3.012948E-05 2.144600E-15 0.000000E+00
  9675    154   5159 2.676883E-05 9.695079E-06 1.795984E-05 7.077888E-17 0.000000E+00
  9676    419   5664 2.896271E-05 8.961192E-06 1.867894E-05 1.698693E-16 0.000000E+00
  9677   1639   6307 1.505632E-05 8.102149E-06 1.140641E-05 5.520753E-16 0.000000E+00
  9678   1609   6606 1.447302E-05 6.982789E-06 1.056778E-05 2.498494E-15 0.000000E+00
  9679   2946   3749 8.143382E-06 8.905470E-06 8.397196E-06 1.210319E-15 0.000000E+00
  9680    566   1874 1.735998E-05 1.804689E-05 1.743920E-05 8.139571E-16 0.000000E+00
  9681    258   5181 2.099674E-05 7.093972E-06 1.383572E-05 7.785677E-16 0.000000E+00
  9682   1162   3990 2.322476E-05 9.886905E-06 1.630873E-05 1.111228E-15 0.000000E+00
  9683    427   1098 4.729936E-05 2.059001E-05 3.343805E-05 3.666346E-15 0.000000E+00
  9684     61   5159 4.433097E-05 4.294887E-06 2.395005E-05 4.119331E-15 0.000000E+00
  9685    401   1363 6.829107E-05 2.998364E-05 4.840396E-05 3.786670E-15 0.000000E+00
  9686   3650   3652 1.106774E-05 7.983428E-06 9.383410E-06 2.264924E-16 0.000000E+00
  9687    881   5372 1.524838E-05 6.416418E-06 1.067072E-05 2.095055E-15 0.000000E+00
  9688    881   3933 1.512776E-05 1.158581E-05 1.315743E-05 2.264924E-16 0.000000E+00
  9689   1639   6297 1.800161E-05 4.233982E-06 1.095186E-05 1.026294E-15 0.000000E+00
  9690    113   4415 4.118520E-05 1.509699E-05 2.772108E-05 1.918108E-15 0.000000E+00
  9691   1128   2952 1.640618E-05 8.106750E-06 1.207353E-05 1.281098E-15 0.000000E+00
  9692   1559   4111 2.031865E-05 7.802820E-06 1.385087E-05 4.317512E-16 0.000000E+00
  9693    223   5125 5.181657E-05 5.876114E-06 2.841580E-05 9.130476E-16 0.000000E+00
  9694    419   3359 3.084130E-05 8.934047E-06 1.959084E-05 3.822060E-16 0.000000E+00
  9695   3189   4716 5.798943E-06 6.747624E-06 6.179653E-06 6.228541E-16 0.000000E+00
  9696    331    433 2.569015E-05 5.007636E-05 3.731783E-05 1.911030E-16 0.000000E+00
  9697   1351   1841 2.067692E-05 1.781153E-05 1.895700E-05 1.656226E-15 0.000000E+00
  9698    437   1841 2.215726E-05 1.546229E-05 1.852903E-05 1.224475E-15 0.000000E+00
  9699    921   4415 2.086305E-05 1.586896E-05 1.809189E-05 7.007109E-16 0.000000E+00
  9700     91   2631 4.115240E-05 8.721932E-06 2.456497E-05 1.840251E-16 0.000000E+00
  9701   3480   4621 8.785632E-06 1.993100E-05 1.414401E-05 2.130444E-15 0.000000E+00
  9702    290   3302 3.431173E-05 1.670802E-05 2.512913E-05 1.019216E-15 0.000000E+00
  9703     88   2114 4.041200E-05 9.346172E-06 2.450776E-05 1.677459E-15 0.000000E+00
  9704     88   3891 3.648230E-05 1.241516E-05 2.408382E-05 1.415578E-15 0.000000E+00
  9705    112    437 3.671608E-05 3.099103E-05 3.334828E-05 1.118306E-15 0.000000E+00
  9706    223   1639 6.851531E-05 2.191278E-05 4.453921E-05 1.047527E-15 0.000000E+00
  9707    228   4445 5.439303E-05 1.071912E-05 3.207017E-05 7.148667E-16 0.000000E+00
  9708   3709   4650 8.567948E-06 7.436230E-06 7.882655E-06 1.486356E-16 0.000000E+00
  9709   4702   5652 1.227349E-05 1.115154E-05 1.153770E-05 4.246733E-16 0.000000E+00
  9710    131   4519 3.359224E-05 6.489343E-06 1.974168E-05 1.911030E-16 0.000000E+00
  9711   4303   5336 2.453569E-05 3.492380E-05 2.928602E-05 1.627914E-16 0.000000E+00
  9712     88   3002 3.298602E-05 1.596284E-05 2.410914E-05 4.105175E-16 0.000000E+00
  9713    401   6097 3.637726E-05 9.440081E-06 2.256675E-05 1.634992E-15 0.000000E+00
  9714    958   2684 2.127941E-05 1.315219E-05 1.695885E-05 1.946419E-15 0.000000E+00
  9715    246   2600 4.378344E-05 2.335911E-05 3.307021E-05 7.743209E-15 0.000000E+00
  9716    419    808 3.001177E-05 2.053137E-05 2.489438E-05 5.662310E-16 0.000000E+00
  9717   5650   6623 1.417082E-05 8.835698E-06 1.133157E-05 1.274020E-16 0.000000E+00
  9718   1070   2952 3.444271E-05 5.992397E-06 1.991580E-05 3.694658E-15 0.000000E+00
  9719   2807   4621 1.576363E-05 8.405023E-06 1.190396E-05 8.564244E-16 0.000000E+00
  9720    258   4990 2.011051E-05 8.712087E-06 1.419621E-05 8.776581E-16 0.000000E+00
  9721   1496   2043 1.246179E-05 1.265549E-05 1.237120E-05 2.194145E-16 0.000000E+00
  9722   3002   5060 2.064784E-05 8.693406E-06 1.445166E-05 2.144600E-15 0.000000E+00
  9723    258   5126 2.853440E-05 6.399905E-06 1.720645E-05 1.486356E-16 0.000000E+00
  9724   3930   5604 7.282527E-06 6.604962E-06 6.840106E-06 2.123366E-16 0.000000E+00
  9725   2538   6007 2.242309E-05 1.408543E-05 1.798181E-05 3.220439E-15 0.000000E+00
  9726   2080   2295 1.627973E-05 1.292372E-05 1.438379E-05 3.177972E-15 0.000000E+00
  9727    409   1874 4.396114E-05 1.516781E-05 2.912322E-05 6.299320E-16 0.000000E+00
  9728   2829   4597 1.445441E-05 9.363780E-06 1.173135E-05 8.068792E-16 0.000000E+00
  9729    197    686 2.840324E-05 2.179438E-05 2.472420E-05 4.246733E-16 0.000000E+00
  9730    112   2486 4.616618E-05 1.377023E-05 2.952092E-05 3.857449E-15 0.000000E+00
  9731    536   3895 2.589716E-05 4.347918E-06 1.489683E-05 2.420638E-15 0.000000E+00
  9732    401    710 3.036786E-05 2.399149E-05 2.677401E-05 4.742185E-16 0.000000E+00
  9733    889   6536 3.668301E-05 5.620844E-06 2.083623E-05 3.538944E-16 0.000000E+00
  9734   3709   4612 1.322855E-05 1.252839E-05 1.268625E-05 2.972713E-16 0.000000E+00
  9735   1696   3250 2.301431E-05 1.086983E-05 1.668920E-05 3.043492E-16 0.000000E+00
  9736    331   2992 1.440824E-05 1.251491E-05 1.326066E-05 2.972713E-16 0.000000E+00
  9737    112    971 4.157623E-05 2.189612E-05 3.126250E-05 5.860491E-15 0.000000E+00
  9738     94   2052 4.085091E-05 1.688837E-05 2.843875E-05 1.811939E-15 0.000000E+00
  9739   2986   3617 1.173978E-05 7.012789E-06 9.236339E-06 9.696707E-16 0.000000E+00
  9740    255   3002 5.811747E-05 1.837284E-05 3.767433E-05 7.785677E-16 0.000000E+00
  9741   1372   1783 1.245210E-05 1.314461E-05 1.260734E-05 8.139571E-16 0.000000E+00
  9742    718   5060 3.026278E-05 6.596421E-06 1.815453E-05 2.335703E-16 0.000000E+00
  9743     46   5478 6.532136E-05 5.680006E-06 3.497082E-05 1.132462E-16 0.000000E+00
  9744   5356   6703 1.950070E-05 2.087768E-05 1.988786E-05 4.600627E-16 0.000000E+00
  9745   1212   6110 3.280142E-05 1.074323E-05 2.144737E-05 4.529848E-16 0.000000E+00
  9746   1162   3391 1.964090E-05 1.101507E-05 1.509921E-05 1.486356E-16 0.000000E+00
  9747    290   6124 2.197579E-05 9.189736E-06 1.535018E-05 1.274020E-16 0.000000E+00
  9748    527   4766 3.409747E-05 1.136443E-05 2.239168E-05 1.326396E-14 0.000000E+00
  9749   3466   4621 1.660314E-05 1.460287E-05 1.537012E-05 1.769472E-16 0.000000E+00
  9750    252   2057 5.123937E-05 1.937735E-05 3.478137E-05 3.390308E-15 0.000000E+00
  9751   2327   6740 1.709907E-05 9.658515E-06 1.317911E-05 2.052588E-16 0.000000E+00
  9752     49    341 5.005510E-05 2.646411E-05 3.768856E-05 5.874647E-16 0.000000E+00
  9753   3257   3466 1.209247E-05 1.249009E-05 1.210783E-05 2.972713E-16 0.000000E+00
  9754   4337   5287 8.171841E-06 5.362658E-06 6.666246E-06 5.520753E-16 0.000000E+00
  9755    473   5054 3.004823E-05 6.612793E-06 1.805692E-05 5.945426E-16 0.000000E+00
  9756     72   2340 5.149611E-05 8.915705E-06 2.975507E-05 3.142582E-15 0.000000E+00
  9757    843   2973 1.729964E-05 7.816784E-06 1.237078E-05 1.981809E-16 0.000000E+00
  9758   1721   2202 1.268835E-05 2.038170E-05 1.628824E-05 3.680502E-16 0.000000E+00
  9759   4019   6312 1.317702E-05 8.376297E-06 1.061581E-05 2.526806E-15 0.000000E+00
  9760    449   1939 5.029694E-05 3.362550E-05 4.133493E-05 2.831155E-16 0.000000E+00
  9761    694   2327 1.759750E-05 1.207633E-05 1.461547E-05 7.573340E-16 0.000000E+00
  9762   3895   6690 2.028482E-05 1.117164E-05 1.549348E-05 4.529848E-16 0.000000E+00
  9763   3090   6687 1.220386E-05 9.507852E-06 1.069383E-05 3.114271E-16 0.000000E+00
  9764   1626   6326 1.606997E-05 1.169077E-05 1.367320E-05 1.557135E-16 0.000000E+00
  9765    246   1166 5.605436E-05 3.331077E-05 4.401566E-05 2.406482E-16 0.000000E+00
  9766   2052   6312 2.974632E-05 1.376389E-05 2.143040E-05 5.662310E-16 0.000000E+00
  9767   1955   6580 2.917946E-05 7.931242E-06 1.827840E-05 1.344799E-16 0.000000E+00
  9768    867   1846 1.827611E-05 6.614485E-06 1.225955E-05 3.602645E-15 0.000000E+00
  9769   1212   5145 2.288616E-05 7.374336E-06 1.490442E-05 8.210350E-16 0.000000E+00
  9770    806   1858 2.168379E-05 8.124021E-06 1.468146E-05 1.047527E-15 0.000000E+00
  9771   4439   6511 6.652428E-06 2.842288E-06 4.676502E-06 1.408500E-15 0.000000E+00
  9772   1387   4596 3.297067E-05 6.386958E-06 1.938510E-05 4.317512E-16 0.000000E+00
  9773   5644   6456 6.812686E-06 7.846461E-06 7.220177E-06 1.061683E-16 0.000000E+00
  9774   6207   6666 7.959573E-06 8.616786E-06 8.164475E-06 7.077888E-17 0.000000E+00
  9775   1303   6199 2.468705E-05 1.612467E-05 2.010129E-05 1.309409E-15 0.000000E+00
  9776    321    668 3.826203E-05 3.525508E-05 3.620992E-05 3.411542E-15 0.000000E+00
  9777     54    867 9.417053E-05 1.086159E-05 5.173224E-05 7.346848E-15 0.000000E+00
  9778   2481   2729 1.119814E-05 1.601858E-05 1.340525E-05 4.600627E-16 0.000000E+00
  9779   5351   5384 1.492108E-05 1.124695E-05 1.288873E-05 5.945426E-16 0.000000E+00
  9780   1492   6312 1.489187E-05 4.573564E-06 9.587453E-06 1.358954E-15 0.000000E+00
  9781   3414   6139 1.151169E-05 6.404929E-06 8.824605E-06 1.203241E-16 0.000000E+00
  9782   1372   1404 1.625060E-05 2.112914E-05 1.841092E-05 3.043492E-16 0.000000E+00
  9783    112   3886 3.135301E-05 1.681882E-05 2.372643E-05 1.387266E-15 0.000000E+00
  9784    628   1492 2.466757E-05 1.438291E-05 1.923382E-05 8.918139E-16 0.000000E+00
  9785   1492   4330 1.746306E-05 1.294732E-05 1.497825E-05 3.538944E-16 0.000000E+00
  9786   1009   3391 2.085525E-05 1.604825E-05 1.817635E-05 1.995964E-15 0.000000E+00
  9787    255    612 4.997881E-05 2.620844E-05 3.752506E-05 2.618819E-16 0.000000E+00
  9788   1196   3537 1.843428E-05 1.801268E-05 1.795148E-05 5.237637E-16 0.000000E+00
  9789   2832   3117 1.258272E-05 6.794931E-06 9.544215E-06 1.422655E-15 0.000000E+00
  9790   3886   4238 1.948445E-05 1.630967E-05 1.762994E-05 4.459069E-16 0.000000E+00
  9791     14   5751 5.874239E-05 7.507225E-06 3.263041E-05 2.448949E-15 0.000000E+00
  9792    242   5100 6.002781E-05 9.264420E-06 3.412901E-05 2.540962E-15 0.000000E+00
  9793   1124   1626 3.303672E-05 2.182525E-05 2.702157E-05 1.436811E-15 0.000000E+00
  9794   2325   2430 1.738886E-05 8.331742E-06 1.266835E-05 1.450967E-15 0.000000E+00
  9795   4730   6593 1.115425E-05 7.721455E-06 9.296987E-06 7.007109E-16 0.000000E+00
  9796   4280   4730 1.557851E-05 1.266559E-05 1.391127E-05 8.988918E-16 0.000000E+00
  9797   1009   6216 1.329472E-05 6.947859E-06 9.970227E-06 3.822060E-16 0.000000E+00
  9798    742   2340 1.770244E-05 2.477053E-05 2.091952E-05 3.468165E-16 0.000000E+00
  9799     14    381 8.738560E-05 3.343118E-05 5.950677E-05 1.620836E-15 0.000000E+00
  9800   5352   5360 1.241638E-05 1.045074E-05 1.126291E-05 1.174929E-15 0.000000E+00
  9801   3380   3659 1.182858E-05 1.457637E-05 1.300542E-05 2.314469E-15 0.000000E+00
  9802   2605   4727 1.883969E-05 1.315687E-05 1.575950E-05 7.998013E-16 0.000000E+00
  9803   3975   4485 2.342556E-05 2.140421E-05 2.208034E-05 7.856456E-16 0.000000E+00
  9804    251   6616 2.097745E-05 5.452232E-06 1.301760E-05 8.564244E-16 0.000000E+00
  9805   1037   4238 1.441823E-05 1.330440E-05 1.365443E-05 5.874647E-16 0.000000E+00
  9806    765   6325 2.379442E-05 5.929955E-06 1.464036E-05 2.760376E-16 0.000000E+00
  9807    830   3387 1.978136E-05 1.459963E-05 1.693392E-05 1.663304E-15 0.000000E+00
  9808     71   3662 4.685802E-05 9.188799E-06 2.760515E-05 5.591532E-16 0.000000E+00
  9809   1037   4444 1.508968E-05 1.106169E-05 1.288053E-05 1.167852E-15 0.000000E+00
  9810    765   3117 2.521207E-05 2.002585E-05 2.228136E-05 7.644119E-16 0.000000E+00
  9811     10   3180 6.182963E-05 5.803723E-06 3.331195E-05 1.550057E-15 0.000000E+00
  9812    262    839 4.197703E-05 3.217717E-05 3.652371E-05 7.290225E-16 0.000000E+00
  9813   5048   6199 1.023160E-05 1.036941E-05 1.014677E-05 4.459069E-16 0.000000E+00
  9814   1009   5022 1.935151E-05 1.128164E-05 1.508797E-05 1.486356E-16 0.000000E+00
  9815    246   6138 3.450554E-05 6.981396E-06 2.043387E-05 1.953497E-15 0.000000E+00
  9816   4735   4747 9.845735E-06 1.030648E-05 9.925720E-06 1.826095E-15 0.000000E+00
  9817    242   5121 4.672133E-05 1.023351E-05 2.805238E-05 4.742185E-16 0.000000E+00
  9818   4238   4444 1.387798E-05 1.106169E-05 1.228372E-05 6.936330E-16 0.000000E+00
  9819   1171   2027 1.594173E-05 1.229924E-05 1.390973E-05 1.274020E-16 0.000000E+00
  9820   4641   6473 9.790082E-06 8.557037E-06 9.036640E-06 4.529848E-16 0.000000E+00
  9821    199    266 3.176689E-05 4.438062E-05 3.750549E-05 1.238630E-15 0.000000E+00
  9822   2348   6429 1.351318E-05 5.776901E-06 9.501084E-06 1.238630E-15 0.000000E+00
  9823   1961   3441 2.303715E-05 1.151319E-05 1.701733E-05 1.854407E-15 0.000000E+00
  9824   2983   5367 1.014915E-05 1.178898E-05 1.080535E-05 7.927235E-16 0.000000E+00
  9825     71   2439 6.613974E-05 1.012402E-05 3.756274E-05 9.767485E-16 0.000000E+00
  9826   1124   5660 1.982811E-05 1.161621E-05 1.548750E-05 6.016205E-16 0.000000E+00
  9827    860   2419 1.174357E-05 9.385849E-06 1.040703E-05 1.684537E-15 0.000000E+00
  9828   4162   5343 1.321051E-05 1.679459E-05 1.477863E-05 4.034396E-16 0.000000E+00
  9829   2494   6592 1.228003E-05 6.068674E-06 9.037424E-06 1.790706E-15 0.000000E+00
  9830    250   6684 6.040362E-05 7.606761E-06 3.349765E-05 2.774532E-15 0.000000E+00
  9831   2917   3912 2.947415E-05 2.144461E-05 2.507939E-05 1.196163E-15 0.000000E+00
  9832    910   6189 1.369191E-05 1.157125E-05 1.244305E-05 2.739143E-15 0.000000E+00
  9833    255    285 5.016067E-05 2.504696E-05 3.704256E-05 2.470183E-15 0.000000E+00
  9834   1374   5121 1.600010E-05 1.654662E-05 1.603048E-05 1.875640E-15 0.000000E+00
  9835    194   3912 7.500012E-05 1.638709E-05 4.501161E-05 1.861485E-15 0.000000E+00
  9836   2917   5041 1.178050E-05 8.666967E-06 1.007114E-05 8.564244E-16 0.000000E+00
  9837   1768   6132 2.600334E-05 1.540714E-05 2.039621E-05 1.061683E-16 0.000000E+00
  9838   4323   4701 1.265909E-05 8.391925E-06 1.036841E-05 3.680502E-16 0.000000E+00
  9839   6164   6168 1.226715E-05 4.852542E-06 8.432088E-06 1.698693E-16 0.000000E+00
  9840   1374   1961 1.817383E-05 1.433836E-05 1.601347E-05 9.059697E-16 0.000000E+00
  9841    617   2691 5.469992E-05 1.589839E-05 3.477230E-05 7.290225E-16 0.000000E+00
  9842   3984   5964 1.105043E-05 6.126113E-06 8.460089E-06 2.314469E-15 0.000000E+00
  9843   6589   6592 5.180647E-06 4.083539E-06 4.562957E-06 8.705802E-16 0.000000E+00
  9844   4302   6565 1.410990E-05 1.257258E-05 1.314212E-05 8.564244E-16 0.000000E+00
  9845   1955   4605 2.539361E-05 1.414859E-05 1.947601E-05 2.335703E-16 0.000000E+00
  9846    148   3912 7.082297E-05 1.504205E-05 4.229172E-05 2.901934E-16 0.000000E+00
  9847     27    617 1.087699E-04 5.075359E-05 7.857130E-05 1.875640E-15 0.000000E+00
  9848    607   1678 3.415713E-05 3.070758E-05 3.194829E-05 5.166858E-16 0.000000E+00
  9849    389   5092 2.310614E-05 9.021844E-06 1.582423E-05 8.210350E-16 0.000000E+00
  9850    507   6408 3.497575E-05 1.821626E-05 2.619905E-05 3.857449E-15 0.000000E+00
  9851    311   4869 4.315939E-05 6.490655E-06 2.445450E-05 1.465123E-15 0.000000E+00
  9852   2983   5027 8.236626E-06 5.167756E-06 6.602158E-06 9.413591E-16 0.000000E+00
  9853   1763   3715 1.002562E-05 1.378857E-05 1.172938E-05 4.034396E-16 0.000000E+00
  9854   5931   5964 1.015697E-05 8.540017E-06 9.208962E-06 2.831155E-16 0.000000E+00
  9855   2089   6286 2.020590E-05 1.286560E-05 1.628895E-05 1.118306E-15 0.000000E+00
  9856    245   5813 3.230346E-05 7.482630E-06 1.959613E-05 4.175954E-16 0.000000E+00
  9857    447   3441 2.040299E-05 6.762905E-06 1.338022E-05 1.698693E-16 0.000000E+00
  9858   6488   6497 1.333777E-05 1.468909E-05 1.380428E-05 3.581411E-15 0.000000E+00
  9859     90   5659 6.149478E-05 1.397069E-05 3.716956E-05 4.388291E-16 0.000000E+00
  9860   3131   5802 1.207783E-05 8.233334E-06 1.000401E-05 1.783628E-15 0.000000E+00
  9861   6086   6164 1.010408E-05 1.025651E-05 1.002835E-05 1.620836E-15 0.000000E+00
  9862     71   6315 6.712958E-05 6.399148E-06 3.621564E-05 2.958557E-15 0.000000E+00
  9863   1938   2876 1.134424E-05 1.166505E-05 1.133294E-05 1.196163E-15 0.000000E+00
  9864    250   1333 4.639183E-05 1.584902E-05 3.065594E-05 9.696707E-16 0.000000E+00
  9865    143   4131 4.258072E-05 1.407174E-05 2.790345E-05 1.302331E-15 0.000000E+00
  9866   2096   4680 1.536716E-05 1.182750E-05 1.339439E-05 1.415578E-16 0.000000E+00
  9867   3226   6189 9.208674E-06 4.279551E-06 6.643454E-06 6.370099E-16 0.000000E+00
  9868    668   1333 2.661861E-05 1.394373E-05 1.997846E-05 2.901934E-16 0.000000E+00
  9869   4131   6684 1.344996E-05 1.377776E-05 1.341067E-05 4.812964E-16 0.000000E+00
  9870   2936   5390 9.413503E-06 7.647814E-06 8.403335E-06 1.769472E-16 0.000000E+00
  9871    101   6187 3.706276E-05 1.052640E-05 2.343943E-05 2.406482E-16 0.000000E+00
  9872    599   3027 3.291863E-05 1.221997E-05 2.223244E-05 1.196163E-15 0.000000E+00
  9873   1763   3511 1.281490E-05 8.513506E-06 1.050504E-05 1.182007E-15 0.000000E+00
  9874    674   5086 2.249847E-05 2.100242E-05 2.142582E-05 1.132462E-16 0.000000E+00
  9875    765   4226 2.481873E-05 2.241082E-05 2.326232E-05 1.089995E-15 0.000000E+00
  9876   2645   4889 1.894614E-05 1.092646E-05 1.471337E-05 2.993947E-15 0.000000E+00
  9877   2247   4713 9.964261E-06 7.697114E-06 8.698886E-06 1.599603E-15 0.000000E+00
  9878    275   1314 3.152986E-05 2.374239E-05 2.722364E-05 2.901934E-16 0.000000E+00
  9879   2247   4605 1.502031E-05 1.072691E-05 1.268147E-05 5.237637E-16 0.000000E+00
  9880    285   1982 2.166586E-05 2.191023E-05 2.146285E-05 2.519728E-15 0.000000E+00
  9881    726   1448 1.553209E-05 1.156464E-05 1.334615E-05 1.911030E-15 0.000000E+00
  9882   1445   4226 1.629644E-05 2.529696E-05 2.048630E-05 1.153696E-15 0.000000E+00
  9883    250   6329 4.593444E-05 6.265907E-06 2.571062E-05 9.838264E-16 0.000000E+00
  9884     46   5495 4.102981E-05 7.984171E-06 2.414121E-05 1.075839E-15 0.000000E+00
  9885   2878   3534 2.490250E-05 8.215801E-06 1.631200E-05 4.487381E-15 0.000000E+00
  9886   3463   3917 1.149793E-05 1.155963E-05 1.135671E-05 4.883743E-16 0.000000E+00
  9887    765   6331 3.235116E-05 1.037466E-05 2.104406E-05 2.972713E-16 0.000000E+00
  9888      1   5873 1.817369E-04 1.233514E-05 9.558773E-05 4.466147E-15 0.000000E+00
  9889   4611   4713 7.939960E-06 9.394009E-06 8.537627E-06 2.406482E-16 0.000000E+00
  9890   5389   5397 9.975389E-06 6.381513E-06 8.056384E-06 1.005060E-15 0.000000E+00
  9891    250   6122 5.400397E-05 1.004060E-05 3.154434E-05 1.698693E-15 0.000000E+00
  9892   5030   6187 6.943671E-06 7.964142E-06 7.342654E-06 2.123366E-16 0.000000E+00
  9893    708   2151 2.598076E-05 1.395037E-05 1.966757E-05 2.831155E-16 0.000000E+00
  9894    443   4210 2.662924E-05 1.175664E-05 1.890648E-05 9.201254E-16 0.000000E+00
  9895    159   1448 2.805034E-05 2.156337E-05 2.443661E-05 5.449974E-16 0.000000E+00
  9896   5041   5375 2.039713E-05 1.640639E-05 1.812711E-05 3.114271E-16 0.000000E+00
  9897    813   3511 3.538921E-05 7.560429E-06 2.115430E-05 1.387266E-15 0.000000E+00
  9898    738   3918 1.764577E-05 3.886633E-06 1.060551E-05 1.741160E-15 0.000000E+00
  9899   2515   5146 8.189533E-06 6.894289E-06 7.429345E-06 3.680502E-16 0.000000E+00
  9900   4151   5506 8.670140E-06 6.049961E-06 7.250199E-06 4.600627E-16 0.000000E+00
  9901   6588   6609 7.371297E-06 7.690165E-06 7.418332E-06 7.077888E-17 0.000000E+00
  9902   4157   6164 2.251675E-05 1.261552E-05 1.730395E-05 4.317512E-16 0.000000E+00
  9903    897   2878 3.397188E-05 2.247633E-05 2.780285E-05 1.882718E-15 0.000000E+00
  9904    738   3565 1.742568E-05 1.343851E-05 1.520176E-05 3.255828E-16 0.000000E+00
  9905    632   2314 3.273358E-05 9.088546E-06 2.059896E-05 5.591532E-16 0.000000E+00
  9906   1076   6539 1.343294E-05 5.827087E-06 9.486284E-06 1.458045E-15 0.000000E+00
  9907    498   4131 2.060984E-05 1.146435E-05 1.579774E-05 3.751281E-16 0.000000E+00
  9908   2172   3578 1.046480E-05 9.906191E-06 1.003347E-05 3.609723E-16 0.000000E+00
  9909    112    465 7.439450E-05 3.145163E-05 5.213317E-05 1.075839E-15 0.000000E+00
  9910     27   3633 1.068311E-04 8.229212E-06 5.667148E-05 2.137522E-15 0.000000E+00
  9911   3218   4065 1.313674E-05 1.067066E-05 1.172603E-05 1.486356E-16 0.000000E+00
  9912    389    465 2.915173E-05 4.048931E-05 3.430081E-05 2.399404E-15 0.000000E+00
  9913   1448   5794 1.338532E-05 7.432903E-06 1.025375E-05 1.811939E-15 0.000000E+00
  9914   2376   6558 2.058074E-05 1.236661E-05 1.622780E-05 3.751281E-16 0.000000E+00
  9915   5029   5076 1.717299E-05 1.393056E-05 1.531966E-05 2.901934E-16 0.000000E+00
  9916    738   1551 1.816613E-05 2.620674E-05 2.185529E-05 7.431782E-16 0.000000E+00
  9917     67   2608 4.742986E-05 2.139919E-05 3.390087E-05 1.196163E-15 0.000000E+00
  9918   1437   3506 1.582116E-05 9.052105E-06 1.225101E-05 3.340763E-15 0.000000E+00
  9919     30   3547 4.837933E-05 1.527855E-05 3.135388E-05 2.618819E-16 0.000000E+00
  9920   5021   6222 7.565900E-06 7.114184E-06 7.230489E-06 1.408500E-15 0.000000E+00
  9921    213    389 3.295927E-05 4.800011E-05 3.987551E-05 1.684537E-15 0.000000E+00
  9922    242   1401 2.509804E-05 1.963532E-05 2.203285E-05 2.831155E-16 0.000000E+00
  9923   4465   6320 1.408866E-05 1.525700E-05 1.445383E-05 1.535902E-15 0.000000E+00
  9924   2717   6432 1.269505E-05 8.428866E-06 1.040432E-05 2.477261E-16 0.000000E+00
  9925    209    442 4.907662E-05 2.073504E-05 3.438485E-05 9.880732E-15 0.000000E+00
  9926   3143   3783 7.748986E-06 6.203596E-06 6.872167E-06 1.663304E-15 0.000000E+00
  9927   3224   4117 1.021959E-05 6.309491E-06 8.141191E-06 8.918139E-16 0.000000E+00
  9928   3171   3883 1.171542E-05 8.454799E-06 9.934585E-06 2.413560E-15 0.000000E+00
  9929   5026   5598 1.285391E-05 6.356815E-06 9.461997E-06 1.627914E-16 0.000000E+00
  9930    236    447 6.235868E-05 1.358960E-05 3.740736E-05 4.650172E-15 0.000000E+00
  9931   3027   4157 1.236889E-05 1.472868E-05 1.334656E-05 9.201254E-16 0.000000E+00
  9932    465   1486 2.556837E-05 1.824443E-05 2.157944E-05 5.428740E-15 0.000000E+00
  9933    297   4820 3.192704E-05 1.049963E-05 2.089672E-05 1.274020E-16 0.000000E+00
  9934    262    617 4.847005E-05 3.247944E-05 3.987065E-05 1.061683E-15 0.000000E+00
  9935   4043   5216 7.933833E-06 6.591279E-06 7.154160E-06 1.981809E-15 0.000000E+00
  9936   6233   6270 1.165205E-05 9.848897E-06 1.059002E-05 5.025300E-16 0.000000E+00
  9937   2176   6397 1.412962E-05 8.686028E-06 1.123756E-05 3.411542E-15 0.000000E+00
  9938   1799   2808 8.031684E-06 1.578155E-05 1.172891E-05 2.470183E-15 0.000000E+00
  9939   3724   3775 1.076489E-05 1.748517E-05 1.391420E-05 1.698693E-15 0.000000E+00
  9940    526   4993 1.860109E-05 9.727428E-06 1.395285E-05 3.822060E-16 0.000000E+00
  9941    443   5602 2.689843E-05 8.906797E-06 1.763541E-05 3.822060E-15 0.000000E+00
  9942    617   3633 1.909256E-05 1.035682E-05 1.450491E-05 2.257846E-15 0.000000E+00
  9943    495   5257 2.811462E-05 7.005385E-06 1.729791E-05 1.281098E-15 0.000000E+00
  9944   2176   3717 1.575334E-05 8.636600E-06 1.201296E-05 3.043492E-16 0.000000E+00
  9945    708    855 2.102021E-05 2.785307E-05 2.407192E-05 3.538944E-16 0.000000E+00
  9946    103   5161 5.596358E-05 1.024822E-05 3.261178E-05 1.274020E-15 0.000000E+00
  9947   3236   4662 1.249968E-05 1.313166E-05 1.262439E-05 3.822060E-16 0.000000E+00
  9948   2399   5324 1.953384E-05 9.986357E-06 1.453980E-05 5.520753E-16 0.000000E+00
  9949   3172   6229 1.011744E-05 1.462308E-05 1.218563E-05 1.132462E-16 0.000000E+00
  9950    621   1204 1.992466E-05 7.719376E-06 1.361572E-05 1.323565E-15 0.000000E+00
  9951    869   4102 3.413486E-05 9.984574E-06 2.173047E-05 4.466147E-15 0.000000E+00
  9952   2944   4071 1.466370E-05 1.229259E-05 1.327698E-05 2.640052E-15 0.000000E+00
  9953   4071   6596 1.043240E-05 5.120692E-06 7.660481E-06 1.769472E-16 0.000000E+00
  9954   3883   4595 8.613018E-06 5.837043E-06 7.117194E-06 6.086984E-16 0.000000E+00
  9955   3171   4595 1.221821E-05 6.168668E-06 9.056224E-06 1.196163E-15 0.000000E+00
  9956   3011   3108 7.244052E-06 1.308553E-05 1.001308E-05 1.132462E-16 0.000000E+00
  9957    491   2874 1.930576E-05 9.520417E-06 1.419797E-05 7.998013E-16 0.000000E+00
  9958   5034   6171 4.925288E-06 3.461158E-06 4.130638E-06 7.644119E-16 0.000000E+00
  9959    221   5025 4.673170E-05 1.180191E-05 2.882998E-05 1.840251E-16 0.000000E+00
  9960   5025   6265 1.256186E-05 8.628793E-06 1.043719E-05 1.698693E-15 0.000000E+00
  9961   2826   4157 1.079963E-05 1.088631E-05 1.068114E-05 2.654208E-15 0.000000E+00
  9962   2683   5694 9.960603E-06 7.346495E-06 8.524392E-06 1.054605E-15 0.000000E+00
  9963   4067   5683 2.403558E-05 1.206072E-05 1.777877E-05 6.370099E-16 0.000000E+00
  9964    136    631 4.110152E-05 3.417284E-05 3.707543E-05 4.034396E-16 0.000000E+00
  9965   1076   4607 1.483720E-05 1.367060E-05 1.404116E-05 1.160774E-15 0.000000E+00
  9966   2783   5605 1.319110E-05 1.062721E-05 1.173141E-05 8.776581E-16 0.000000E+00
  9967   4257   4604 8.098597E-06 5.896856E-06 6.893283E-06 1.132462E-16 0.000000E+00
  9968    495   3011 3.472135E-05 6.406283E-06 2.025690E-05 1.911030E-16 0.000000E+00
  9969   1503   5683 2.709787E-05 4.436063E-06 1.553164E-05 1.896874E-15 0.000000E+00
  9970   4004   6278 9.131109E-06 7.864163E-06 8.370806E-06 5.662310E-17 0.000000E+00
  9971    787    855 4.680928E-05 1.794406E-05 3.189343E-05 3.468165E-15 0.000000E+00
  9972    632   6161 3.428591E-05 3.794402E-06 1.875598E-05 2.816999E-15 0.000000E+00
  9973   1108   5653 2.831578E-05 8.389561E-06 1.807875E-05 1.769472E-16 0.000000E+00
  9974   2679   3686 2.163044E-05 8.035182E-06 1.461143E-05 2.972713E-16 0.000000E+00
  9975   3688   5188 1.025883E-05 9.496746E-06 9.730360E-06 2.264924E-16 0.000000E+00
  9976    729   6277 2.542699E-05 1.069569E-05 1.779177E-05 1.351877E-15 0.000000E+00
  9977   1479   4157 2.495095E-05 1.005895E-05 1.724368E-05 1.698693E-16 0.000000E+00
  9978   1312   3565 1.848609E-05 1.297604E-05 1.549627E-05 1.139540E-15 0.000000E+00
  9979   1517   5777 2.763765E-05 9.543749E-06 1.831323E-05 1.061683E-15 0.000000E+00
  9980   2260   3950 9.862243E-06 9.875640E-06 9.721644E-06 6.299320E-16 0.000000E+00
  9981   1843   3548 2.228005E-05 1.852000E-05 2.009555E-05 3.786670E-15 0.000000E+00
  9982   4135   5074 1.971547E-05 5.279117E-06 1.231077E-05 2.972713E-16 0.000000E+00
  9983    481   3829 2.952690E-05 7.056990E-06 1.801893E-05 2.187067E-15 0.000000E+00
  9984   3926   6587 1.442823E-05 1.480882E-05 1.440034E-05 2.378170E-15 0.000000E+00
  9985   4076   5021 1.311320E-05 1.162846E-05 1.218619E-05 2.618819E-16 0.000000E+00
  9986   3874   3948 2.031943E-05 1.402808E-05 1.691743E-05 1.274020E-16 0.000000E+00
  9987   3839   4076 8.381494E-06 6.648440E-06 7.402803E-06 8.139571E-16 0.000000E+00
  9988   4359   6431 7.341726E-06 6.502372E-06 6.818735E-06 2.548040E-16 0.000000E+00
  9989    206   5029 3.189539E-05 1.515755E-05 2.317533E-05 5.096079E-16 0.000000E+00
  9990   6203   6214 8.435578E-06 1.015380E-05 9.155962E-06 8.493466E-17 0.000000E+00
  9991   2760   5085 1.925920E-05 6.504776E-06 1.268972E-05 1.061683E-15 0.000000E+00
  9992   3717   5085 1.083790E-05 6.143531E-06 8.363990E-06 1.068761E-15 0.000000E+00
  9993    507   3717 4.110860E-05 8.661743E-06 2.451375E-05 4.529848E-16 0.000000E+00
  9994   6397   6414 7.327439E-06 7.065720E-06 7.089168E-06 7.361004E-16 0.000000E+00
  9995   2831   6596 8.832210E-06 6.439156E-06 7.521718E-06 8.281129E-16 0.000000E+00
  9996   4634   5290 8.392835E-06 1.106105E-05 9.581766E-06 7.785677E-17 0.000000E+00
  9997   5290   5291 1.162201E-05 7.130175E-06 9.236152E-06 5.025300E-16 0.000000E+00
  9998   3874   6203 1.136166E-05 3.980760E-06 7.556714E-06 6.653215E-16 0.000000E+00
  9999   3657   6137 2.140067E-05 1.149247E-05 1.620110E-05 2.080899E-15 0.000000E+00
 10000    708   4255 2.582022E-05 8.813690E-06 1.705849E-05 7.077888E-16 0.000000E+00
 10001    545   1006 2.622118E-05 1.931142E-05 2.242651E-05 7.077888E-16 0.000000E+00
 10002    206   3804 5.138707E-05 8.624985E-06 2.955818E-05 2.095055E-15 0.000000E+00
 10003    134    296 3.069572E-05 4.183606E-05 3.572461E-05 5.874647E-16 0.000000E+00
 10004   1254   5653 1.382397E-05 4.556441E-06 9.053040E-06 1.231553E-15 0.000000E+00
 10005   2678   4657 1.537171E-05 1.186879E-05 1.341696E-05 3.241673E-15 0.000000E+00
 10006   3566   5213 1.904583E-05 1.043568E-05 1.452075E-05 4.175954E-16 0.000000E+00
 10007   2792   5213 1.460594E-05 1.159102E-05 1.290298E-05 1.776550E-15 0.000000E+00
 10008   5043   6215 2.342451E-05 2.960608E-05 2.611954E-05 6.589514E-15 0.000000E+00
 10009   3928   5029 1.917918E-05 1.855891E-05 1.858742E-05 6.370099E-16 0.000000E+00
 10010    392    511 1.419449E-05 5.015060E-05 3.169236E-05 1.252786E-15 0.000000E+00
 10011   4089   4092 1.077590E-05 2.297447E-05 1.662332E-05 3.397386E-16 0.000000E+00
 10012   4349   6693 1.032068E-05 7.822983E-06 8.936429E-06 3.659268E-15 0.000000E+00
 10013   1590   2926 2.709019E-05 9.006889E-06 1.777916E-05 3.043492E-16 0.000000E+00
 10014   6172   6184 1.050810E-05 1.455311E-05 1.234358E-05 1.627914E-16 0.000000E+00
 10015   2919   4334 1.812554E-05 1.243075E-05 1.505011E-05 1.875640E-15 0.000000E+00
 10016   4961   6228 1.454839E-05 1.259886E-05 1.337104E-05 9.555149E-16 0.000000E+00
 10017   3450   5694 2.574482E-05 2.727470E-05 2.611410E-05 5.874647E-16 0.000000E+00
 10018    507   3657 4.835527E-05 1.247637E-05 2.996185E-05 1.535902E-15 0.000000E+00
 10019    390   2252 3.008948E-05 1.676461E-05 2.307739E-05 6.228541E-16 0.000000E+00
 10020   4334   4538 1.100701E-05 7.856879E-06 9.291168E-06 2.519728E-15 0.000000E+00
 10021    189   5605 4.484368E-05 1.209989E-05 2.804683E-05 2.406482E-16 0.000000E+00
 10022   3093   3839 1.187924E-05 7.434984E-06 9.512978E-06 2.293236E-15 0.000000E+00
 10023    729   1536 3.848942E-05 2.386962E-05 3.071416E-05 3.708813E-15 0.000000E+00
 10024    787   1993 4.522194E-05 9.223957E-06 2.681663E-05 2.972713E-16 0.000000E+00
 10025   3144   6591 2.538922E-05 1.256708E-05 1.869489E-05 1.146618E-15 0.000000E+00
 10026    414   2678 2.711894E-05 2.345852E-05 2.491129E-05 5.733089E-16 0.000000E+00
 10027   2614   6203 9.876767E-06 8.101602E-06 8.855018E-06 2.618819E-16 0.000000E+00
 10028   4066   6591 1.439488E-05 7.493833E-06 1.078101E-05 1.840251E-16 0.000000E+00
 10029    117   4092 4.467630E-05 1.841141E-05 3.107305E-05 2.831155E-16 0.000000E+00
 10030    511   5099 3.842331E-05 1.106034E-05 2.437254E-05 1.684537E-15 0.000000E+00
 10031    138   4336 5.276149E-05 1.370893E-05 3.273916E-05 1.911030E-16 0.000000E+00
 10032   3303   4743 7.542833E-06 5.885047E-06 6.613732E-06 1.797784E-15 0.000000E+00
 10033   5258   6520 1.652753E-05 1.569284E-05 1.586973E-05 6.157763E-16 0.000000E+00
 10034    548   1919 2.291819E-05 9.522291E-06 1.597815E-05 2.335703E-16 0.000000E+00
 10035    351    648 4.691184E-05 2.652834E-05 3.617203E-05 5.449974E-16 0.000000E+00
 10036   1355   2355 2.290893E-05 1.734912E-05 1.982859E-05 2.548040E-16 0.000000E+00
 10037    414   6601 2.362317E-05 1.324243E-05 1.815768E-05 1.826095E-15 0.000000E+00
 10038     21   3748 1.112945E-04 6.430639E-06 5.798402E-05 2.420638E-15 0.000000E+00
 10039     41    976 7.071103E-05 1.163971E-05 4.056081E-05 1.351877E-15 0.000000E+00
 10040   1879   3934 2.573633E-05 1.383061E-05 1.948819E-05 3.751281E-16 0.000000E+00
 10041    351   2987 1.799700E-05 1.056088E-05 1.406582E-05 3.213361E-15 0.000000E+00
 10042   5202   5296 1.046890E-05 7.249678E-06 8.727061E-06 6.370099E-17 0.000000E+00
 10043    787   3923 4.559007E-05 1.000100E-05 2.738068E-05 5.096079E-16 0.000000E+00
 10044    774   6144 2.325087E-05 6.234363E-06 1.452258E-05 3.538944E-16 0.000000E+00
 10045    163   5836 6.907912E-05 3.658070E-06 3.582578E-05 9.838264E-16 0.000000E+00
 10046   1988   6385 8.171477E-06 6.439966E-06 7.196681E-06 7.077888E-16 0.000000E+00
 10047    392   6279 2.833569E-05 1.225961E-05 1.999470E-05 2.364015E-15 0.000000E+00
 10048    616   3934 1.917485E-05 1.597474E-05 1.731249E-05 5.662310E-16 0.000000E+00
 10049   1854   5339 1.130748E-05 1.106073E-05 1.101718E-05 1.274020E-16 0.000000E+00
 10050    486   5799 2.941221E-05 4.536271E-06 1.672090E-05 1.238630E-15 0.000000E+00
 10051   2345   2842 9.895801E-06 1.376005E-05 1.165139E-05 4.246733E-16 0.000000E+00
 10052    351   6313 4.120257E-05 5.280328E-06 2.289456E-05 2.052588E-16 0.000000E+00
 10053    392   1041 3.563490E-05 2.348230E-05 2.911743E-05 1.344799E-15 0.000000E+00
 10054    869   1275 2.600651E-05 2.194294E-05 2.361690E-05 3.680502E-16 0.000000E+00
 10055    296   2218 2.433452E-05 1.152250E-05 1.766092E-05 8.210350E-16 0.000000E+00
 10056    548   5010 2.283772E-05 4.856440E-06 1.364041E-05 7.714898E-16 0.000000E+00
 10057    488    648 2.993171E-05 2.988349E-05 2.946122E-05 8.139571E-16 0.000000E+00
 10058    956   6578 1.801984E-05 1.509317E-05 1.630939E-05 1.238630E-15 0.000000E+00
 10059   3070   6374 1.336985E-05 2.010144E-05 1.648586E-05 1.627914E-16 0.000000E+00
 10060   1488   6144 1.498227E-05 4.607933E-06 9.648907E-06 9.909043E-17 0.000000E+00
 10061   3098   6057 1.065877E-05 5.390463E-06 7.904846E-06 3.892838E-16 0.000000E+00
 10062   1676   6603 1.607114E-05 8.799305E-06 1.224962E-05 1.274020E-16 0.000000E+00
 10063   2961   3093 1.853731E-05 1.508219E-05 1.655886E-05 3.185050E-16 0.000000E+00
 10064    318    545 6.285102E-05 1.958870E-05 4.060464E-05 2.901934E-16 0.000000E+00
 10065   1164   1576 1.307134E-05 8.262975E-06 1.050795E-05 8.635023E-16 0.000000E+00
 10066   4839   5962 1.047675E-05 1.421751E-05 1.216284E-05 2.760376E-16 0.000000E+00
 10067    110   3961 5.160084E-05 1.150913E-05 3.108401E-05 7.007109E-16 0.000000E+00
 10068   3986   5881 6.248225E-06 8.449835E-06 7.239343E-06 1.309409E-15 0.000000E+00
 10069   5286   6520 1.304898E-05 1.045724E-05 1.157769E-05 3.185050E-16 0.000000E+00
 10070   1488   6183 1.944479E-05 7.797604E-06 1.341790E-05 5.166858E-16 0.000000E+00
 10071    489   1355 5.215165E-05 2.288232E-05 3.695703E-05 2.378170E-15 0.000000E+00
 10072   3206   5852 1.158149E-05 1.032420E-05 1.078937E-05 1.550057E-15 0.000000E+00
 10073   4173   6548 1.037761E-05 1.018958E-05 1.013011E-05 2.052588E-15 0.000000E+00
 10074   3923   5106 5.277151E-06 6.022481E-06 5.565490E-06 2.661286E-15 0.000000E+00
 10075   3595   6319 1.116840E-05 1.024563E-05 1.054721E-05 1.089995E-15 0.000000E+00
 10076   5252   5402 1.442637E-05 1.290919E-05 1.346378E-05 1.861485E-15 0.000000E+00
 10077   1603   2501 1.630798E-05 1.471352E-05 1.527925E-05 1.903952E-15 0.000000E+00
 10078    328   2842 3.571277E-05 1.346604E-05 2.422240E-05 1.323565E-15 0.000000E+00
 10079   1879   2357 3.632674E-05 1.092703E-05 2.327425E-05 1.790706E-15 0.000000E+00
 10080   1655   4039 1.260381E-05 1.048743E-05 1.137330E-05 8.493466E-17 0.000000E+00
 10081   4699   5792 6.732609E-06 4.958630E-06 5.758371E-06 1.826095E-15 0.000000E+00
 10082   2006   6162 1.509002E-05 7.226338E-06 1.099164E-05 9.909043E-17 0.000000E+00
 10083    546   2006 2.228735E-05 1.480216E-05 1.826797E-05 2.739143E-15 0.000000E+00
 10084    167   5402 5.455749E-05 9.857387E-06 3.172673E-05 9.342812E-16 0.000000E+00
 10085   5790   6548 1.377910E-05 1.069698E-05 1.205538E-05 3.538944E-16 0.000000E+00
 10086    539   6237 3.871580E-05 1.458955E-05 2.625487E-05 1.274020E-15 0.000000E+00
 10087    818   4404 3.751584E-05 1.310111E-05 2.493074E-05 2.123366E-16 0.000000E+00
 10088    297   3049 5.714172E-05 1.408256E-05 3.508062E-05 2.923168E-15 0.000000E+00
 10089   3057   5870 9.747459E-06 6.670904E-06 8.086656E-06 4.954522E-16 0.000000E+00
 10090    972   3413 5.001485E-05 1.829279E-05 3.364406E-05 4.317512E-16 0.000000E+00
 10091   1746   1951 1.908234E-05 1.180482E-05 1.521308E-05 8.210350E-16 0.000000E+00
 10092    153   1710 4.836330E-05 2.252715E-05 3.491619E-05 1.316487E-15 0.000000E+00
 10093   2400   3645 3.206915E-05 1.747294E-05 2.440133E-05 3.255828E-16 0.000000E+00
 10094   3739   5307 1.690439E-05 1.373547E-05 1.509128E-05 8.422687E-16 0.000000E+00
 10095   1536   4106 2.319902E-05 6.687482E-06 1.472022E-05 8.988918E-16 0.000000E+00
 10096   1007   5111 2.151768E-05 8.878177E-06 1.497109E-05 1.274020E-16 0.000000E+00
 10097   1041   2215 2.215855E-05 9.186090E-06 1.543840E-05 7.000031E-15 0.000000E+00
 10098    224   4404 4.225207E-05 9.326121E-06 2.540418E-05 4.501537E-15 0.000000E+00
 10099    224   1064 4.557708E-05 3.142140E-05 3.792463E-05 5.308416E-16 0.000000E+00
 10100   2961   6251 1.203275E-05 5.550113E-06 8.660215E-06 2.335703E-15 0.000000E+00
 10101   2006   6148 1.112362E-05 4.625406E-06 7.756983E-06 9.201254E-17 0.000000E+00
 10102    787   3571 2.135763E-05 1.083516E-05 1.585615E-05 6.086984E-16 0.000000E+00
 10103   2505   3489 1.241157E-05 1.581351E-05 1.390191E-05 2.406482E-16 0.000000E+00
 10104   2666   5807 1.528581E-05 8.880860E-06 1.190299E-05 2.208301E-15 0.000000E+00
 10105    923   3085 3.431386E-05 1.573632E-05 2.465158E-05 4.331667E-15 0.000000E+00
 10106     41   3571 7.030977E-05 1.286166E-05 4.096503E-05 3.935306E-15 0.000000E+00
 10107   2553   5242 1.018278E-05 8.460809E-06 9.182666E-06 3.326607E-16 0.000000E+00
 10108   1112   3021 1.555913E-05 1.287985E-05 1.400726E-05 2.187067E-15 0.000000E+00
 10109    117    501 4.201566E-05 2.248453E-05 3.176875E-05 1.698693E-15 0.000000E+00
 10110   4421   6288 8.074813E-06 6.982103E-06 7.416093E-06 3.468165E-16 0.000000E+00
 10111   1122   2505 1.293611E-05 9.811275E-06 1.120393E-05 4.600627E-15 0.000000E+00
 10112   3504   5474 9.646196E-06 3.296800E-05 2.098908E-05 3.326607E-16 0.000000E+00
 10113    263   3887 2.491681E-05 1.804550E-05 2.116054E-05 6.157763E-16 0.000000E+00
 10114    616   1951 3.032914E-05 8.468825E-06 1.910945E-05 2.788688E-15 0.000000E+00
 10115   2505   6674 1.309543E-05 3.500076E-06 8.173907E-06 1.153696E-15 0.000000E+00
 10116    189   6603 6.790231E-05 9.000704E-06 3.787760E-05 2.632974E-15 0.000000E+00
 10117    818   1746 2.690400E-05 2.429302E-05 2.521644E-05 9.909043E-16 0.000000E+00
 10118    774   3097 2.543803E-05 1.296712E-05 1.891597E-05 1.153696E-15 0.000000E+00
 10119   4790   5572 9.848963E-06 9.148951E-06 9.357182E-06 1.613758E-15 0.000000E+00
 10120    414   4173 4.187529E-05 1.018641E-05 2.564233E-05 1.557135E-16 0.000000E+00
 10121   2264   3055 9.263788E-06 8.548130E-06 8.773034E-06 4.055630E-15 0.000000E+00
 10122    495   1112 4.709623E-05 1.692401E-05 3.153236E-05 7.361004E-16 0.000000E+00
 10123   4959   4967 7.479431E-06 3.298571E-06 5.308568E-06 5.096079E-16 0.000000E+00
 10124    604   5865 2.869030E-05 1.188560E-05 1.998515E-05 3.963617E-16 0.000000E+00
 10125   3098   6059 1.581867E-05 1.095408E-05 1.318657E-05 1.401422E-15 0.000000E+00
 10126    369    787 3.243039E-05 2.783958E-05 2.968521E-05 2.632974E-15 0.000000E+00
 10127    351   2432 3.439850E-05 2.808715E-05 3.077652E-05 2.901934E-16 0.000000E+00
 10128    683   2414 3.003302E-05 1.895043E-05 2.412618E-05 2.243690E-15 0.000000E+00
 10129   1287   4053 2.260401E-05 1.076119E-05 1.643361E-05 1.132462E-16 0.000000E+00
 10130   3541   5811 1.223365E-05 8.166478E-06 1.004782E-05 1.274020E-16 0.000000E+00
 10131   2264   5811 1.574252E-05 9.725685E-06 1.254404E-05 6.936330E-16 0.000000E+00
 10132   4260   5781 1.352004E-05 1.001703E-05 1.159288E-05 1.769472E-16 0.000000E+00
 10133   1438   2432 1.426394E-05 2.622489E-05 1.994226E-05 4.105175E-16 0.000000E+00
 10134     13   4105 7.746043E-05 1.611281E-05 4.608831E-05 1.882718E-15 0.000000E+00
 10135   3270   3516 1.439026E-05 2.184362E-05 1.784654E-05 7.856456E-16 0.000000E+00
 10136    296   1287 2.302573E-05 1.261089E-05 1.755236E-05 2.052588E-16 0.000000E+00
 10137   3455   4308 1.707917E-05 1.288534E-05 1.475864E-05 2.618819E-16 0.000000E+00
 10138   6724   6737 1.178110E-05 3.693702E-06 7.621915E-06 3.269984E-15 0.000000E+00
 10139    121    502 4.454818E-05 1.305396E-05 2.837120E-05 3.404464E-15 0.000000E+00
 10140    137    151 4.734209E-05 4.390059E-05 4.494042E-05 5.089001E-15 0.000000E+00
 10141    482   2006 1.833729E-05 9.604883E-06 1.376257E-05 3.057648E-15 0.000000E+00
 10142   1041   3045 3.907066E-05 9.087739E-06 2.371981E-05 4.246733E-15 0.000000E+00
 10143   3945   5056 1.059780E-05 3.404539E-06 6.896674E-06 5.025300E-16 0.000000E+00
 10144    990   2006 1.942196E-05 1.659806E-05 1.774120E-05 3.185050E-16 0.000000E+00
 10145    263   2248 2.646145E-05 1.672876E-05 2.127279E-05 6.851396E-15 0.000000E+00
 10146     41   5128 6.308957E-05 6.307673E-06 3.418073E-05 5.874647E-16 0.000000E+00
 10147   1129   2553 1.428308E-05 1.344452E-05 1.365688E-05 5.520753E-16 0.000000E+00
 10148   3057   4285 1.489076E-05 1.669272E-05 1.555604E-05 5.096079E-16 0.000000E+00
 10149   3636   4530 2.020563E-05 1.608158E-05 1.787280E-05 6.370099E-17 0.000000E+00
 10150     41   2354 4.343827E-05 1.736754E-05 2.994913E-05 3.531866E-15 0.000000E+00
 10151    167   3791 5.766811E-05 4.532329E-06 3.063603E-05 4.444914E-15 0.000000E+00
 10152   1948   4224 1.552018E-05 1.087433E-05 1.300028E-05 1.245708E-15 0.000000E+00
 10153    515   2226 2.671547E-05 2.258872E-05 2.428415E-05 1.769472E-16 0.000000E+00
 10154   4960   6276 1.853849E-05 8.937813E-06 1.353310E-05 1.797784E-15 0.000000E+00
 10155    482   2137 1.565990E-05 6.504351E-06 1.091672E-05 1.627914E-16 0.000000E+00
 10156     41   2215 4.041332E-05 1.651276E-05 2.803822E-05 6.582436E-16 0.000000E+00
 10157    515   3647 3.597116E-05 1.032305E-05 2.280162E-05 2.194145E-16 0.000000E+00
 10158   1327   6574 1.190885E-05 9.173698E-06 1.038394E-05 9.909043E-17 0.000000E+00
 10159    110   6059 7.295641E-05 1.840399E-05 4.499841E-05 8.988918E-16 0.000000E+00
 10160    818   6413 1.328636E-05 1.972302E-06 7.515459E-06 3.949462E-15 0.000000E+00
 10161    296   1111 2.934446E-05 1.555055E-05 2.211247E-05 4.883743E-16 0.000000E+00
 10162   2633   2967 9.046965E-06 1.277948E-05 1.075034E-05 1.684537E-15 0.000000E+00
 10163   1710   2967 1.222626E-05 2.924601E-05 2.042664E-05 1.033372E-15 0.000000E+00
 10164    515   3777 2.385182E-05 9.323047E-06 1.633986E-05 7.290225E-16 0.000000E+00
 10165    276   4185 3.373853E-05 6.295802E-06 1.971840E-05 2.052588E-16 0.000000E+00
 10166    608   2967 4.092988E-05 1.466448E-05 2.738230E-05 1.089995E-15 0.000000E+00
 10167    463   3413 5.022877E-05 1.479666E-05 3.202745E-05 1.401422E-15 0.000000E+00
 10168   4338   4530 8.773549E-06 6.419518E-06 7.483153E-06 8.635023E-16 0.000000E+00
 10169   4115   6427 1.164508E-05 9.053221E-06 1.019469E-05 9.130476E-16 0.000000E+00
 10170   1579   6284 1.449593E-05 6.031140E-06 1.011035E-05 1.061683E-15 0.000000E+00
 10171   1855   6771 1.732873E-05 1.016557E-05 1.354197E-05 6.865551E-16 0.000000E+00
 10172   1679   4285 2.383885E-05 7.186056E-06 1.528092E-05 1.627914E-16 0.000000E+00
 10173   3665   6013 1.730614E-05 7.769074E-06 1.235048E-05 1.266942E-15 0.000000E+00
 10174   1866   4714 1.324755E-05 1.203756E-05 1.245386E-05 1.026294E-15 0.000000E+00
 10175   3945   6275 4.581388E-06 2.859309E-06 3.664821E-06 1.861485E-15 0.000000E+00
 10176   2054   2432 2.121317E-05 2.579751E-05 2.315452E-05 8.422687E-16 0.000000E+00
 10177    276   6757 3.119656E-05 7.335818E-06 1.897863E-05 4.246733E-16 0.000000E+00
 10178     13   4691 1.032733E-04 6.847469E-06 5.423858E-05 2.130444E-15 0.000000E+00
 10179   3637   3743 1.215627E-05 1.049721E-05 1.115769E-05 3.397386E-16 0.000000E+00
 10180   2582   4719 1.355523E-05 1.002320E-05 1.161326E-05 3.114271E-16 0.000000E+00
 10181     23   5656 1.114921E-04 8.398482E-06 5.905058E-05 1.564213E-15 0.000000E+00
 10182   1471   6090 1.449824E-05 1.061352E-05 1.236848E-05 1.415578E-16 0.000000E+00
 10183     21   5740 9.513320E-05 6.390834E-06 5.000438E-05 3.022258E-15 0.000000E+00
 10184   3516   4115 1.279168E-05 7.590727E-06 1.003910E-05 3.751281E-16 0.000000E+00
 10185   4495   5701 1.990760E-05 1.120214E-05 1.532271E-05 4.459069E-16 0.000000E+00
 10186   1820   4714 9.300756E-06 7.736517E-06 8.391492E-06 3.751281E-16 0.000000E+00
 10187   3531   5110 6.434645E-06 5.879186E-06 6.065021E-06 3.751281E-16 0.000000E+00
 10188    110   1757 5.156014E-05 1.391201E-05 3.224748E-05 4.713873E-15 0.000000E+00
 10189    923   5872 2.988029E-05 5.131820E-06 1.724477E-05 2.710831E-15 0.000000E+00
 10190    369   5105 4.668663E-05 1.192740E-05 2.886960E-05 1.316487E-15 0.000000E+00
 10191    224   2821 2.377074E-05 7.122526E-06 1.521609E-05 3.114271E-16 0.000000E+00
 10192   2059   4169 2.338318E-05 6.189422E-06 1.456561E-05 1.330643E-15 0.000000E+00
 10193    569   1679 1.975821E-05 1.640487E-05 1.781167E-05 5.379195E-16 0.000000E+00
 10194   3349   5854 1.325731E-05 1.165204E-05 1.226879E-05 7.785677E-17 0.000000E+00
 10195    623   3286 2.962866E-05 1.158137E-05 2.029748E-05 3.991929E-15 0.000000E+00
 10196    259   2280 3.465531E-05 1.706165E-05 2.547253E-05 2.548040E-16 0.000000E+00
 10197    288   6425 2.976575E-05 1.662973E-05 2.285151E-05 1.762394E-15 0.000000E+00
 10198      2    608 1.792433E-04 4.059727E-05 1.082797E-04 1.455922E-14 0.000000E+00
 10199   1471   5147 2.595460E-05 7.573004E-06 1.651359E-05 1.486356E-16 0.000000E+00
 10200   2058   6675 1.044878E-05 4.506853E-06 7.366208E-06 5.096079E-16 0.000000E+00
 10201   2058   6425 1.783276E-05 7.058602E-06 1.225992E-05 1.182007E-15 0.000000E+00
 10202     24   2816 7.401597E-05 9.750217E-06 4.125797E-05 3.722969E-15 0.000000E+00
 10203     41   2054 6.512347E-05 1.365462E-05 3.880115E-05 2.144600E-15 0.000000E+00
 10204   5315   6516 7.461498E-06 5.632351E-06 6.449209E-06 4.388291E-16 0.000000E+00
 10205    990   2383 1.880902E-05 2.099463E-05 1.960478E-05 1.507590E-15 0.000000E+00
 10206     41   5141 1.063389E-04 5.570300E-06 5.511946E-05 5.315494E-15 0.000000E+00
 10207   1772   1855 1.112647E-05 1.739522E-05 1.404799E-05 2.349859E-15 0.000000E+00
 10208   2527   5095 2.478933E-05 3.533642E-06 1.395012E-05 2.073821E-15 0.000000E+00
 10209   2372   6750 2.111762E-05 1.238480E-05 1.650119E-05 1.557135E-16 0.000000E+00
 10210    700   2767 4.014480E-05 7.695875E-06 2.356332E-05 3.899916E-15 0.000000E+00
 10211     96   4461 4.070083E-05 3.498942E-06 2.177004E-05 1.330643E-15 0.000000E+00
 10212    224    288 4.678387E-05 2.056620E-05 3.317242E-05 6.943408E-15 0.000000E+00
 10213   1753   3404 1.002289E-05 9.177908E-06 9.457110E-06 1.380188E-15 0.000000E+00
 10214    521   6281 2.306316E-05 1.196959E-05 1.725494E-05 1.068761E-15 0.000000E+00
 10215     85   5741 8.817335E-05 9.658074E-06 4.818562E-05 1.443889E-15 0.000000E+00
 10216   2033   2503 1.541863E-05 1.762004E-05 1.627278E-05 1.295254E-15 0.000000E+00
 10217   4297   6027 1.605179E-05 1.294079E-05 1.427993E-05 1.182007E-15 0.000000E+00
 10218     23   4731 9.142975E-05 6.758067E-06 4.836117E-05 7.927235E-16 0.000000E+00
 10219    499   1436 1.902621E-05 7.888507E-06 1.325650E-05 6.858473E-15 0.000000E+00
 10220    625   3247 2.148110E-05 6.624498E-06 1.384305E-05 1.344799E-16 0.000000E+00
 10221    288   1737 2.246858E-05 1.503177E-05 1.847032E-05 2.130444E-15 0.000000E+00
 10222   2372   6491 1.681000E-05 9.599037E-06 1.300744E-05 8.776581E-16 0.000000E+00
 10223    224    901 4.099827E-05 2.037027E-05 3.022630E-05 8.705802E-16 0.000000E+00
 10224    279    807 3.229149E-05 1.287454E-05 2.224595E-05 5.994971E-15 0.000000E+00
 10225   1000   3240 2.687628E-05 1.110783E-05 1.870859E-05 4.600627E-16 0.000000E+00
 10226   1717   3722 1.231805E-05 1.080670E-05 1.138981E-05 6.865551E-16 0.000000E+00
 10227    224   2274 2.516024E-05 6.894106E-06 1.578796E-05 1.097073E-15 0.000000E+00
 10228     42   1635 4.271749E-05 8.955848E-06 2.545105E-05 3.567256E-15 0.000000E+00
 10229    224    700 4.167338E-05 3.087880E-05 3.573466E-05 2.321547E-15 0.000000E+00
 10230      2   3185 2.493208E-04 7.039125E-06 1.262668E-04 1.080086E-14 0.000000E+00
 10231    347   3675 2.173684E-05 2.228542E-05 2.168260E-05 6.653215E-16 0.000000E+00
 10232    218   2584 5.900135E-05 1.985943E-05 3.884188E-05 9.059697E-16 0.000000E+00
 10233   1219   6729 2.119991E-05 6.920381E-06 1.385029E-05 2.845311E-15 0.000000E+00
 10234    319    448 2.953628E-05 1.906966E-05 2.394024E-05 9.272033E-16 0.000000E+00
 10235    798   4419 2.217557E-05 1.429132E-05 1.796130E-05 1.557135E-16 0.000000E+00
 10236   1435   3332 1.817072E-05 1.210019E-05 1.490955E-05 9.909043E-17 0.000000E+00
 10237    445   3332 2.069706E-05 8.911311E-06 1.458323E-05 2.215379E-15 0.000000E+00
 10238    590   2093 1.936566E-05 1.245403E-05 1.567239E-05 2.123366E-15 0.000000E+00
 10239   1000   2103 1.494719E-05 1.126474E-05 1.291036E-05 1.160774E-15 0.000000E+00
 10240   4985   6236 6.168485E-06 8.639962E-06 7.293713E-06 1.005060E-15 0.000000E+00
 10241    423    663 2.266110E-05 2.255919E-05 2.227268E-05 6.157763E-16 0.000000E+00
 10242    588   6533 3.464067E-05 8.664525E-06 2.132943E-05 4.529848E-16 0.000000E+00
 10243    156    248 4.155130E-05 3.366776E-05 3.704819E-05 2.795766E-15 0.000000E+00
 10244   3674   5332 9.691321E-06 8.743094E-06 9.079637E-06 6.794772E-16 0.000000E+00
 10245    108   3134 5.047842E-05 1.001710E-05 2.979630E-05 9.909043E-16 0.000000E+00
 10246    521   1717 3.470137E-05 2.352456E-05 2.867844E-05 1.040450E-15 0.000000E+00
 10247   1284   2162 7.093457E-06 1.029082E-05 8.562404E-06 3.227517E-15 0.000000E+00
 10248    218   5869 3.250161E-05 6.874498E-06 1.939420E-05 1.585447E-15 0.000000E+00
 10249    580    588 3.954251E-05 2.644650E-05 3.250205E-05 2.923168E-15 0.000000E+00
 10250    118   4453 5.945567E-05 9.348880E-06 3.388881E-05 7.290225E-16 0.000000E+00
 10251   2413   3245 9.721962E-06 7.122260E-06 8.296408E-06 5.379195E-16 0.000000E+00
 10252    108   6250 3.488178E-05 8.669695E-06 2.145073E-05 4.140564E-15 0.000000E+00
 10253    108   3867 7.068608E-05 1.458132E-05 4.199738E-05 2.548040E-16 0.000000E+00
 10254   4386   6495 1.095103E-05 1.088563E-05 1.075537E-05 1.507590E-15 0.000000E+00
 10255    371   6250 3.145459E-05 1.139930E-05 2.110714E-05 1.203241E-16 0.000000E+00
 10256   2203   3177 1.565806E-05 4.317147E-06 9.838534E-06 1.245708E-15 0.000000E+00
 10257    272   4866 4.103473E-05 8.899599E-06 2.459452E-05 3.751281E-16 0.000000E+00
 10258   2779   6742 1.975976E-05 1.420654E-05 1.672967E-05 5.449974E-16 0.000000E+00
 10259    371   5008 2.661474E-05 2.022920E-05 2.307239E-05 1.557135E-16 0.000000E+00
 10260    425   3136 2.052973E-05 8.326813E-06 1.421292E-05 7.077888E-16 0.000000E+00
 10261   2071   5332 9.986566E-06 7.114070E-06 8.422701E-06 6.582436E-16 0.000000E+00
 10262    318    798 5.734193E-05 1.852903E-05 3.736928E-05 1.075839E-15 0.000000E+00
 10263   1343   3970 2.266375E-05 1.615315E-05 1.911877E-05 6.511657E-16 0.000000E+00
 10264   1700   6441 2.591549E-05 1.394952E-05 1.963501E-05 1.769472E-16 0.000000E+00
 10265    463    963 2.190459E-05 1.423719E-05 1.780117E-05 5.004067E-15 0.000000E+00
 10266    445   3728 1.795186E-05 1.573961E-05 1.659431E-05 1.557135E-16 0.000000E+00
 10267   1700   2103 1.047765E-05 9.293561E-06 9.738058E-06 1.075839E-15 0.000000E+00
 10268   1544   5200 1.790672E-05 8.136740E-06 1.282738E-05 1.132462E-15 0.000000E+00
 10269    204   1000 6.375720E-05 2.511411E-05 4.377244E-05 1.634992E-15 0.000000E+00
 10270    222    645 4.047979E-05 2.788236E-05 3.367091E-05 7.318536E-15 0.000000E+00
 10271    439   4866 3.626651E-05 4.278227E-06 1.996980E-05 9.059697E-16 0.000000E+00
 10272   2274   3064 1.943182E-05 1.660328E-05 1.774863E-05 5.308416E-16 0.000000E+00
 10273    798   2337 1.319862E-05 1.225606E-05 1.253738E-05 3.892838E-16 0.000000E+00
 10274    360   4577 3.925276E-05 9.980770E-06 2.424935E-05 2.880700E-15 0.000000E+00
 10275   1700   2071 3.372502E-05 2.555350E-05 2.919688E-05 1.847329E-15 0.000000E+00
 10276   5297   6495 1.061239E-05 1.228240E-05 1.127654E-05 2.548040E-16 0.000000E+00
 10277    531   6362 2.652388E-05 1.741232E-05 2.164022E-05 1.203241E-16 0.000000E+00
 10278    319   3762 5.334176E-05 1.873059E-05 3.549832E-05 4.105175E-16 0.000000E+00
 10279    521   3211 3.247885E-05 1.020232E-05 2.102207E-05 2.498494E-15 0.000000E+00
 10280    503   5621 1.878137E-05 1.146441E-05 1.489718E-05 1.358954E-15 0.000000E+00
 10281   2434   4389 1.337306E-05 1.878957E-05 1.584130E-05 2.548040E-16 0.000000E+00
 10282    118   3248 6.781784E-05 1.805834E-05 4.229723E-05 1.075839E-15 0.000000E+00
 10283   3970   5224 1.398018E-05 1.070587E-05 1.215880E-05 1.415578E-16 0.000000E+00
 10284   2216   4791 8.587304E-06 7.343220E-06 7.846378E-06 1.266942E-15 0.000000E+00
 10285    728   2203 2.817950E-05 6.962589E-06 1.730879E-05 1.557135E-16 0.000000E+00
 10286    424   2041 2.609715E-05 1.449820E-05 1.999472E-05 1.203241E-15 0.000000E+00
 10287    429   4720 2.975007E-05 1.049438E-05 1.982190E-05 1.217397E-15 0.000000E+00
 10288      6   6490 8.233151E-05 1.224995E-05 4.658490E-05 1.330643E-15 0.000000E+00
 10289    423   4427 3.409765E-05 8.119672E-06 2.079361E-05 6.617825E-15 0.000000E+00
 10290   2779   6766 1.424524E-05 8.792632E-06 1.134701E-05 1.054605E-15 0.000000E+00
 10291     96   4424 5.106726E-05 5.531796E-06 2.787714E-05 9.413591E-16 0.000000E+00
 10292   4951   6392 1.242720E-05 8.110238E-06 1.011545E-05 1.911030E-16 0.000000E+00
 10293    949   6304 2.968321E-05 9.144178E-06 1.912394E-05 3.326607E-16 0.000000E+00
 10294   4392   6029 1.916787E-05 8.433036E-06 1.359447E-05 9.909043E-17 0.000000E+00
 10295   3970   6669 1.864089E-05 1.419248E-05 1.617166E-05 4.812964E-16 0.000000E+00
 10296     19    420 7.894447E-05 2.586926E-05 5.162467E-05 1.450967E-15 0.000000E+00
 10297    706   6562 2.916935E-05 6.898832E-06 1.776492E-05 1.203241E-16 0.000000E+00
 10298   3920   6509 1.458987E-05 1.259373E-05 1.338894E-05 1.111228E-15 0.000000E+00
 10299    319    375 3.697456E-05 3.767155E-05 3.676600E-05 1.627914E-16 0.000000E+00
 10300   3592   3802 7.649169E-06 1.233233E-05 9.841634E-06 4.317512E-16 0.000000E+00
 10301   2216   4773 1.194836E-05 1.000690E-05 1.081379E-05 1.967653E-15 0.000000E+00
 10302   1336   2535 1.623283E-05 7.497993E-06 1.168832E-05 4.812964E-16 0.000000E+00
 10303     22   2071 8.447083E-05 2.212766E-05 5.250374E-05 4.820042E-15 0.000000E+00
 10304    635    800 2.271540E-05 2.674605E-05 2.436161E-05 2.788688E-15 0.000000E+00
 10305    130    963 4.706686E-05 2.036894E-05 3.321465E-05 5.895881E-15 0.000000E+00
 10306   2352   2535 3.060952E-05 1.821538E-05 2.404808E-05 4.671406E-16 0.000000E+00
 10307   5098   6336 1.422789E-05 1.413528E-05 1.396992E-05 2.123366E-16 0.000000E+00
 10308     78    520 8.747238E-05 2.161511E-05 5.372966E-05 8.351908E-16 0.000000E+00
 10309   3449   4773 1.092501E-05 4.572496E-06 7.633098E-06 8.351908E-16 0.000000E+00
 10310    130   6343 4.705049E-05 8.755547E-06 2.748656E-05 1.925186E-15 0.000000E+00
 10311   1336   2672 6.996837E-06 4.433970E-06 5.630099E-06 2.732065E-15 0.000000E+00
 10312   1289   5229 1.697102E-05 1.175705E-05 1.414964E-05 3.609723E-16 0.000000E+00
 10313   2167   3885 1.682168E-05 1.045866E-05 1.343658E-05 7.998013E-16 0.000000E+00
 10314   1691   5624 1.119320E-05 1.114081E-05 1.100034E-05 1.578369E-15 0.000000E+00
 10315    280   5098 2.610421E-05 1.411862E-05 1.981125E-05 9.059697E-16 0.000000E+00
 10316    140   1797 5.705909E-05 2.676300E-05 4.128551E-05 8.493466E-16 0.000000E+00
 10317    428   4529 2.027871E-05 1.046732E-05 1.514357E-05 1.557135E-16 0.000000E+00
 10318    280   4428 2.550689E-05 8.754138E-06 1.687484E-05 2.406482E-16 0.000000E+00
 10319   5699   5750 1.230176E-05 8.117988E-06 1.005749E-05 7.077888E-17 0.000000E+00
 10320   1739   1891 1.559515E-05 1.233352E-05 1.375591E-05 6.143607E-15 0.000000E+00
 10321   1230   5564 1.396423E-05 2.085152E-05 1.714805E-05 1.911030E-16 0.000000E+00
 10322   2852   5564 9.105980E-06 1.234733E-05 1.056656E-05 3.708813E-15 0.000000E+00
 10323   1229   5645 3.121888E-05 3.313184E-05 3.169513E-05 1.401422E-15 0.000000E+00
 10324    635   1060 2.513142E-05 3.098910E-05 2.764145E-05 2.151678E-15 0.000000E+00
 10325     18   1154 6.354485E-05 7.486270E-06 3.498547E-05 8.401453E-15 0.000000E+00
 10326      1   5113 1.809478E-04 8.802389E-06 9.345905E-05 8.705802E-16 0.000000E+00
 10327   3421   4630 1.756055E-05 2.145608E-05 1.921715E-05 3.135504E-15 0.000000E+00
 10328   3022   5645 3.731952E-05 2.423197E-05 3.031641E-05 1.571291E-15 0.000000E+00
 10329     70   3133 5.939815E-05 2.078498E-05 3.949318E-05 4.954522E-16 0.000000E+00
 10330   1230   3042 1.488646E-05 1.156286E-05 1.302728E-05 4.600627E-16 0.000000E+00
 10331   3420   6064 9.095663E-06 5.011450E-06 6.948279E-06 1.344799E-15 0.000000E+00
 10332   1081   6545 2.855944E-05 1.808381E-05 2.297354E-05 9.272033E-16 0.000000E+00
 10333   3485   6605 9.337340E-06 9.237469E-06 9.148787E-06 3.114271E-16 0.000000E+00
 10334   1396   2012 1.250373E-05 1.652765E-05 1.429904E-05 4.246733E-16 0.000000E+00
 10335    179   1396 2.761625E-05 1.398147E-05 2.048843E-05 2.229535E-15 0.000000E+00
 10336     85   6061 2.948183E-05 1.003364E-05 1.946284E-05 1.118306E-15 0.000000E+00
 10337   1797   3932 1.588123E-05 8.247823E-06 1.188446E-05 6.511657E-16 0.000000E+00
 10338    849   2237 9.381307E-06 1.448978E-05 1.175740E-05 1.486356E-16 0.000000E+00
 10339    428   2660 2.833385E-05 7.843200E-06 1.781855E-05 1.344799E-16 0.000000E+00
 10340    142    669 4.679195E-05 1.785071E-05 3.183892E-05 7.219446E-16 0.000000E+00
 10341     85   2660 6.083514E-05 1.420643E-05 3.696077E-05 2.972713E-16 0.000000E+00
 10342     85    782 5.757800E-05 3.228270E-05 4.425975E-05 6.292242E-15 0.000000E+00
 10343   4671   6543 6.669800E-06 5.926350E-06 6.204074E-06 8.281129E-16 0.000000E+00
 10344      1   1667 2.042479E-04 2.750744E-05 1.141481E-04 1.339136E-14 0.000000E+00
 10345      3   3590 1.409082E-04 1.042366E-05 7.453657E-05 2.986869E-15 0.000000E+00
 10346   2607   4462 8.087260E-06 6.616588E-06 7.242194E-06 3.751281E-16 0.000000E+00
 10347   5270   6496 1.135151E-05 5.075462E-06 8.090899E-06 4.883743E-16 0.000000E+00
 10348    106    914 5.443388E-05 1.266054E-05 3.304651E-05 1.327812E-14 0.000000E+00
 10349   1293   2636 1.527264E-05 1.039957E-05 1.264452E-05 2.548040E-16 0.000000E+00
 10350     28   2366 8.914835E-05 1.386199E-05 5.073643E-05 4.883743E-16 0.000000E+00
 10351   6811   6813 4.025084E-06 4.095931E-06 3.999903E-06 1.125384E-15 0.000000E+00
 10352      3   6801 1.869632E-04 4.515277E-06 9.431028E-05 5.025300E-16 0.000000E+00
 10353   5520   5765 3.746845E-06 5.420429E-06 4.515225E-06 3.185050E-16 0.000000E+00
 10354   5154   5761 9.922653E-06 7.562048E-06 8.611868E-06 2.264924E-16 0.000000E+00
 10355   2570   2611 8.337397E-06 1.426170E-05 1.113090E-05 1.146618E-15 0.000000E+00
 10356    726   5769 3.244786E-05 1.088223E-05 2.134168E-05 9.272033E-16 0.000000E+00
 10357   1705   4528 1.485279E-05 1.430551E-05 1.436155E-05 2.760376E-16 0.000000E+00
 10358   1517   3679 1.184031E-05 9.439378E-06 1.048104E-05 2.477261E-16 0.000000E+00
 10359   3871   4807 1.314801E-05 1.125607E-05 1.201992E-05 1.627914E-16 0.000000E+00
 10360    886   4799 1.471231E-05 8.113835E-06 1.124273E-05 3.397386E-16 0.000000E+00
 10361   2575   5827 2.609151E-05 8.171396E-06 1.687576E-05 7.077888E-17 0.000000E+00
 10362    201   4077 4.175936E-05 4.239187E-06 2.265600E-05 2.328625E-15 0.000000E+00
 10363     39   2764 5.945527E-05 6.592599E-06 3.253104E-05 2.123366E-16 0.000000E+00
 10364   2156   3340 1.250336E-05 6.221474E-06 9.222680E-06 1.167852E-15 0.000000E+00
 10365    662   4086 3.278871E-05 2.314684E-05 2.755035E-05 2.335703E-16 0.000000E+00
 10366   1074   1517 2.145792E-05 2.628010E-05 2.351276E-05 2.406482E-16 0.000000E+00
 10367   1925   5815 2.235147E-05 6.588610E-06 1.425407E-05 1.274020E-16 0.000000E+00
 10368   1977   4796 1.606378E-05 1.048488E-05 1.307620E-05 8.493466E-16 0.000000E+00
 10369    839   5851 1.578140E-05 6.873744E-06 1.115850E-05 4.338745E-15 0.000000E+00
 10370    552   3341 2.668646E-05 1.193626E-05 1.902313E-05 2.979791E-15 0.000000E+00
 10371   4814   5814 1.181736E-05 7.490730E-06 9.509953E-06 9.201254E-17 0.000000E+00
 10372   2469   3307 1.510238E-05 1.230927E-05 1.350126E-05 1.380188E-15 0.000000E+00
 10373    125   2918 7.055863E-05 8.256595E-06 3.881944E-05 1.288176E-15 0.000000E+00
 10374   1217   5823 1.999941E-05 2.504058E-06 1.108380E-05 4.310434E-15 0.000000E+00
 10375   1109   4796 2.222162E-05 4.150273E-06 1.298914E-05 1.677459E-15 0.000000E+00
 10376   1045   2597 1.118306E-05 1.447096E-05 1.263556E-05 1.918108E-15 0.000000E+00
 10377   1109   1440 1.166069E-05 2.457288E-05 1.784638E-05 1.351877E-15 0.000000E+00
 10378   2837   3287 1.170987E-05 8.186043E-06 9.799478E-06 6.511657E-16 0.000000E+00
 10379   1976   2913 1.728651E-05 8.919027E-06 1.290720E-05 2.179990E-15 0.000000E+00
 10380     30    719 4.334586E-05 2.219845E-05 3.228302E-05 1.564213E-15 0.000000E+00
 10381    727   5744 2.193971E-05 6.831427E-06 1.417086E-05 1.415578E-16 0.000000E+00
 10382   1157   1334 2.407557E-05 2.072778E-05 2.206732E-05 2.229535E-15 0.000000E+00
 10383    417   4754 3.461730E-05 1.701703E-05 2.543183E-05 1.040450E-15 0.000000E+00
 10384     92   3714 5.354499E-05 1.044948E-05 3.151966E-05 4.883743E-16 0.000000E+00
 10385   3633   6010 1.092913E-05 1.368586E-05 1.212380E-05 9.201254E-17 0.000000E+00
 10386    405   1719 5.115720E-05 1.651233E-05 3.332977E-05 3.468165E-16 0.000000E+00
 10387   1217   3711 1.652732E-05 2.153946E-05 1.874931E-05 5.591532E-16 0.000000E+00
 10388   2996   4811 1.934286E-05 1.491070E-05 1.687116E-05 1.231553E-15 0.000000E+00
 10389   1156   3263 2.247779E-05 2.618494E-05 2.396821E-05 4.388291E-16 0.000000E+00
 10390    851   5702 1.839770E-05 3.696714E-06 1.088232E-05 9.130476E-16 0.000000E+00
 10391   3398   6017 1.141198E-05 1.043047E-05 1.075822E-05 1.769472E-16 0.000000E+00
 10392    839   4747 3.101312E-05 7.195683E-06 1.881926E-05 2.972713E-16 0.000000E+00
 10393   3207   5612 2.412263E-05 9.380173E-06 1.650138E-05 1.387266E-15 0.000000E+00
 10394   4748   6000 7.121754E-06 1.478324E-05 1.078903E-05 1.125384E-15 0.000000E+00
 10395   1296   1720 1.326407E-05 7.298104E-06 1.012764E-05 2.951479E-15 0.000000E+00
 10396    301   2781 6.169633E-05 1.377493E-05 3.717241E-05 3.609723E-16 0.000000E+00
 10397     57   2523 7.302832E-05 1.881333E-05 4.523544E-05 5.308416E-16 0.000000E+00
 10398   1550   3708 1.497807E-05 7.556334E-06 1.109904E-05 4.954522E-16 0.000000E+00
 10399   3690   6019 1.337427E-05 1.001087E-05 1.151805E-05 9.909043E-17 0.000000E+00
 10400     83   2210 3.755705E-05 1.646579E-05 2.660827E-05 7.573340E-16 0.000000E+00
 10401    773   2855 1.859869E-05 1.504251E-05 1.656955E-05 8.564244E-16 0.000000E+00
 10402   4764   6022 1.107244E-05 1.024274E-05 1.049852E-05 6.370099E-16 0.000000E+00
 10403   3711   4764 1.640892E-05 8.447026E-06 1.224248E-05 7.998013E-16 0.000000E+00
 10404   1024   4783 2.242572E-05 7.377948E-06 1.467942E-05 7.007109E-16 0.000000E+00
 10405   3472   4741 8.855481E-06 1.122111E-05 9.888468E-06 1.344799E-16 0.000000E+00
 10406    487   6031 3.836094E-05 1.685080E-05 2.719384E-05 2.314469E-15 0.000000E+00
 10407   1985   2784 1.413265E-05 7.348926E-06 1.058048E-05 2.052588E-16 0.000000E+00
 10408   3690   4902 1.291344E-05 1.384370E-05 1.317889E-05 1.514668E-15 0.000000E+00
 10409   1550   6063 1.445536E-05 1.005746E-05 1.207348E-05 2.548040E-16 0.000000E+00
 10410   1418   2283 3.172453E-05 1.798344E-05 2.448303E-05 1.868562E-15 0.000000E+00
 10411   2753   4772 1.061579E-05 7.549203E-06 8.946938E-06 2.194145E-16 0.000000E+00
 10412    349   3711 3.582538E-05 1.385539E-05 2.446963E-05 1.040450E-15 0.000000E+00
 10413   1673   4778 1.346780E-05 1.184336E-05 1.246669E-05 1.245708E-15 0.000000E+00
 10414    882   3472 1.913999E-05 8.996270E-06 1.385816E-05 2.264924E-16 0.000000E+00
 10415    358   2846 4.292811E-05 1.081175E-05 2.646889E-05 5.662310E-16 0.000000E+00
 10416   1024   2850 3.507277E-05 1.143201E-05 2.290534E-05 3.963617E-16 0.000000E+00
 10417    279   6073 3.716881E-05 7.626617E-06 2.206342E-05 1.833173E-15 0.000000E+00
 10418    487   1687 1.903489E-05 9.262653E-06 1.393760E-05 3.397386E-16 0.000000E+00
 10419     77   4913 6.072785E-05 7.216504E-06 3.346513E-05 1.755316E-15 0.000000E+00
 10420    882   3263 3.709292E-05 5.060916E-05 4.319655E-05 7.998013E-16 0.000000E+00
 10421    736   6068 2.216592E-05 5.566927E-06 1.365946E-05 4.105175E-16 0.000000E+00
 10422   4178   4894 7.756221E-06 5.112224E-06 6.338190E-06 1.649148E-15 0.000000E+00
 10423   3427   4277 1.596969E-05 1.772652E-05 1.659664E-05 1.330643E-15 0.000000E+00
 10424   1673   6037 2.085311E-05 4.869796E-06 1.266949E-05 5.308416E-16 0.000000E+00
 10425   4217   4934 1.664574E-05 1.518913E-05 1.567986E-05 4.459069E-16 0.000000E+00
 10426    286    487 3.669002E-05 2.741276E-05 3.157301E-05 4.423680E-15 0.000000E+00
 10427   5558   5906 1.018054E-05 8.864138E-06 9.380217E-06 9.909043E-17 0.000000E+00
 10428   1675   5901 1.515550E-05 6.870088E-06 1.084843E-05 1.932263E-15 0.000000E+00
 10429   4313   5892 1.191395E-05 1.072313E-05 1.114961E-05 2.689597E-16 0.000000E+00
 10430   1826   4904 1.946378E-05 1.629733E-05 1.761368E-05 2.272002E-15 0.000000E+00
 10431   1987   3822 3.373609E-05 8.066760E-06 2.058946E-05 1.174929E-15 0.000000E+00
 10432   4941   5899 1.086241E-05 5.036869E-06 7.830991E-06 1.344799E-16 0.000000E+00
 10433   3088   5899 8.923889E-06 9.022097E-06 8.839068E-06 1.677459E-15 0.000000E+00
 10434   4050   4895 1.672216E-05 1.648572E-05 1.635612E-05 2.696675E-15 0.000000E+00
 10435   4137   5547 1.669048E-05 3.288613E-05 2.441833E-05 2.548040E-16 0.000000E+00
 10436   2118   2833 2.214556E-05 8.512520E-06 1.510025E-05 4.883743E-16 0.000000E+00
 10437   2833   6047 1.377382E-05 1.595772E-05 1.464389E-05 1.911030E-16 0.000000E+00
 10438    459   3884 5.202101E-05 8.691442E-06 2.990315E-05 3.043492E-16 0.000000E+00
 10439   1987   4920 2.950579E-05 9.520993E-06 1.922215E-05 4.671406E-16 0.000000E+00
 10440   1342   5681 2.092260E-05 8.692506E-06 1.458655E-05 6.228541E-16 0.000000E+00
 10441   4920   5886 1.381720E-05 1.343607E-05 1.342325E-05 1.344799E-16 0.000000E+00
 10442   1715   5872 1.917047E-05 1.161749E-05 1.516422E-05 2.901934E-16 0.000000E+00
 10443   3793   4293 1.170318E-05 1.266698E-05 1.200321E-05 1.911030E-16 0.000000E+00
 10444   3339   5892 1.334041E-05 1.340547E-05 1.317334E-05 1.047527E-15 0.000000E+00
 10445    325   4828 2.395272E-05 2.360478E-05 2.342384E-05 2.668364E-15 0.000000E+00
 10446   4932   4935 5.855546E-06 5.503514E-06 5.594761E-06 1.075839E-15 0.000000E+00
 10447   4925   5867 8.571114E-06 1.230226E-05 1.028091E-05 2.194145E-15 0.000000E+00
 10448   4839   5870 1.249340E-05 9.907049E-06 1.103306E-05 1.203241E-16 0.000000E+00
 10449    882   2848 4.554578E-05 2.558328E-05 3.503372E-05 2.264924E-16 0.000000E+00
 10450    345   2862 2.670931E-05 1.333086E-05 1.972128E-05 3.963617E-16 0.000000E+00
 10451   3367   4924 1.561934E-05 7.684303E-06 1.147791E-05 2.052588E-16 0.000000E+00
 10452   4850   5505 1.950062E-05 1.487147E-05 1.692954E-05 2.901934E-16 0.000000E+00
 10453   1797   4843 2.452591E-05 5.146109E-06 1.461458E-05 2.342781E-15 0.000000E+00
 10454    179    653 5.496978E-05 3.214809E-05 4.290880E-05 5.874647E-16 0.000000E+00
 10455    758   5496 2.652688E-05 6.581708E-06 1.630722E-05 1.627914E-16 0.000000E+00
 10456   2461   4929 1.653549E-05 1.182334E-05 1.396778E-05 1.274020E-16 0.000000E+00
 10457   3126   4849 1.139422E-05 1.298377E-05 1.200707E-05 1.061683E-16 0.000000E+00
 10458    249   4087 3.222678E-05 1.009847E-05 2.084677E-05 4.720951E-15 0.000000E+00
 10459   2224   5600 2.858420E-05 9.818548E-06 1.891479E-05 1.082917E-15 0.000000E+00
 10460   3943   5916 1.009427E-05 9.271252E-06 9.538240E-06 4.742185E-16 0.000000E+00
 10461    218   2510 2.977161E-05 8.302918E-06 1.875312E-05 1.911030E-16 0.000000E+00
 10462    349   1472 3.842857E-05 1.684833E-05 2.722593E-05 7.361004E-16 0.000000E+00
 10463    923   1228 1.522749E-05 1.466924E-05 1.472525E-05 2.802844E-15 0.000000E+00
 10464   2801   5933 1.923171E-05 1.051595E-05 1.465183E-05 1.330643E-15 0.000000E+00
 10465   3238   4847 1.243898E-05 6.671264E-06 9.412511E-06 2.208301E-15 0.000000E+00
 10466   4846   4880 1.178015E-05 1.315698E-05 1.228247E-05 1.769472E-16 0.000000E+00
 10467   4877   5936 1.247025E-05 6.943938E-06 9.562214E-06 3.822060E-16 0.000000E+00
 10468    725   3362 2.322349E-05 1.306369E-05 1.787279E-05 4.317512E-16 0.000000E+00
 10469    349   4212 4.624742E-05 6.547316E-06 2.600338E-05 5.874647E-16 0.000000E+00
 10470   3052   4849 1.612151E-05 1.637086E-05 1.600371E-05 6.370099E-17 0.000000E+00
 10471   2063   3984 1.779953E-05 1.780468E-05 1.753640E-05 1.925186E-15 0.000000E+00
 10472   2105   4300 1.025258E-05 1.742280E-05 1.363116E-05 2.179990E-15 0.000000E+00
 10473     67   2532 5.837790E-05 1.046914E-05 3.390974E-05 4.671406E-15 0.000000E+00
 10474   2329   2574 1.755795E-05 1.179697E-05 1.445839E-05 4.175954E-16 0.000000E+00
 10475   4555   5968 1.234828E-05 8.523841E-06 1.028030E-05 1.415578E-16 0.000000E+00
 10476   2954   3950 7.316849E-06 4.808512E-06 5.972193E-06 2.378170E-15 0.000000E+00
 10477   2771   3357 7.646029E-06 6.154147E-06 6.797102E-06 5.025300E-16 0.000000E+00
 10478    243    749 7.773878E-05 1.684029E-05 4.658373E-05 4.904976E-15 0.000000E+00
 10479   1659   5978 1.693359E-05 7.054666E-06 1.181511E-05 1.769472E-15 0.000000E+00
 10480    823   5959 1.830990E-05 9.191217E-06 1.354533E-05 2.512650E-15 0.000000E+00
 10481     67   5914 6.396550E-05 6.060306E-06 3.449032E-05 6.511657E-16 0.000000E+00
 10482    782   5643 2.816084E-05 7.189912E-06 1.741156E-05 2.477261E-16 0.000000E+00
 10483    122   2534 2.586435E-05 9.926582E-06 1.762837E-05 2.618819E-16 0.000000E+00
 10484    924   5855 2.851740E-05 5.591690E-06 1.680000E-05 1.146618E-15 0.000000E+00
 10485    272   4380 1.973903E-05 9.190193E-06 1.424872E-05 9.555149E-16 0.000000E+00
 10486   4553   6036 6.749509E-06 8.397316E-06 7.460377E-06 2.901934E-16 0.000000E+00
 10487    758   2942 1.740987E-05 8.585112E-06 1.280350E-05 1.203241E-16 0.000000E+00
 10488   2888   4533 1.318226E-05 9.851975E-06 1.134522E-05 3.213361E-15 0.000000E+00
 10489     85   4859 5.373934E-05 7.805196E-06 3.031298E-05 4.409524E-15 0.000000E+00
 10490    782   5888 2.606155E-05 6.923425E-06 1.624633E-05 1.634992E-15 0.000000E+00
 10491   4539   5667 1.508511E-05 9.658454E-06 1.218713E-05 3.114271E-16 0.000000E+00
 10492   4556   6057 6.991578E-06 8.215848E-06 7.490225E-06 1.302331E-15 0.000000E+00
 10493   4121   5480 1.222208E-05 7.058869E-06 9.496588E-06 6.370099E-17 0.000000E+00
 10494    522   2956 3.637981E-05 1.886601E-05 2.721063E-05 2.477261E-16 0.000000E+00
 10495   4538   6066 5.601551E-06 6.548010E-06 5.984112E-06 9.909043E-17 0.000000E+00
 10496   2939   3905 1.075902E-05 4.542546E-06 7.536590E-06 2.406482E-15 0.000000E+00
 10497   5997   6082 1.200834E-05 1.682902E-05 1.420348E-05 2.689597E-16 0.000000E+00
 10498   2072   4297 2.774652E-05 1.139132E-05 1.927685E-05 2.831155E-16 0.000000E+00
 10499    110   4190 9.135944E-05 1.135220E-05 5.058932E-05 7.290225E-16 0.000000E+00
 10500    904   6072 1.213103E-05 4.940821E-06 8.408522E-06 1.040450E-15 0.000000E+00
 10501   1875   3020 1.526179E-05 8.792695E-06 1.184773E-05 2.052588E-16 0.000000E+00
 10502   3902   4580 1.132710E-05 8.273864E-06 9.654208E-06 1.557135E-16 0.000000E+00
 10503    725    977 2.347337E-05 2.601831E-05 2.437650E-05 2.689597E-16 0.000000E+00
 10504   1646   3305 2.699156E-05 1.038118E-05 1.840747E-05 1.274020E-16 0.000000E+00
 10505   3462   4319 1.261208E-05 9.267253E-06 1.077639E-05 9.909043E-16 0.000000E+00
 10506   1659   2539 2.362220E-05 1.209212E-05 1.759063E-05 1.542980E-15 0.000000E+00
 10507   3216   4563 8.729073E-06 8.125905E-06 8.301706E-06 3.963617E-16 0.000000E+00
 10508   4544   4565 7.425542E-06 4.746121E-06 5.994999E-06 7.714898E-16 0.000000E+00
 10509    568   6027 3.716007E-05 1.790230E-05 2.712027E-05 1.153696E-15 0.000000E+00
 10510   4558   5697 1.007189E-05 1.035483E-05 1.006092E-05 1.415578E-16 0.000000E+00
 10511    537   2222 5.874053E-05 8.685562E-06 3.320987E-05 1.762394E-15 0.000000E+00
 10512    563   2885 1.505217E-05 9.826582E-06 1.225371E-05 2.194145E-16 0.000000E+00
 10513    897   6002 2.339859E-05 3.794069E-06 1.339340E-05 1.196163E-15 0.000000E+00
 10514    110   6028 9.512491E-05 1.534310E-05 5.440961E-05 3.538944E-16 0.000000E+00
 10515   4392   4591 2.051464E-05 4.776168E-06 1.245667E-05 7.077888E-17 0.000000E+00
 10516   4591   5697 6.555093E-06 7.145529E-06 6.748068E-06 1.698693E-16 0.000000E+00
 10517   3020   4499 1.347519E-05 1.372366E-05 1.339645E-05 1.734083E-15 0.000000E+00
 10518   2001   2184 1.598998E-05 1.318256E-05 1.436856E-05 6.249775E-15 0.000000E+00
 10519    568   2503 3.900841E-05 1.472172E-05 2.646409E-05 2.194145E-16 0.000000E+00
 10520    924   3759 2.825824E-05 5.152243E-06 1.645591E-05 1.670382E-15 0.000000E+00
 10521   5739   6027 7.391987E-06 4.879950E-06 6.044387E-06 1.047527E-15 0.000000E+00
 10522   4495   6028 1.499914E-05 1.167745E-05 1.313922E-05 2.095055E-15 0.000000E+00
 10523    737   2304 2.800647E-05 1.947403E-05 2.338592E-05 2.618819E-16 0.000000E+00
 10524   1537   1832 1.194706E-05 1.835807E-05 1.492641E-05 1.274020E-16 0.000000E+00
 10525     21   4568 1.018485E-04 9.847883E-06 5.501461E-05 9.625928E-16 0.000000E+00
 10526    179   2660 4.890405E-05 9.761443E-06 2.889494E-05 1.344799E-16 0.000000E+00
 10527    933   3529 1.421262E-05 1.179305E-05 1.280877E-05 1.274020E-16 0.000000E+00
 10528    930   1580 1.640059E-05 7.690367E-06 1.186569E-05 1.344799E-15 0.000000E+00
 10529   2732   3759 1.483377E-05 1.172070E-05 1.307907E-05 1.981809E-16 0.000000E+00
 10530   2222   3402 8.597820E-06 8.917239E-06 8.626820E-06 9.484370E-16 0.000000E+00
 10531   1025   2899 2.383913E-05 5.804863E-06 1.460077E-05 9.909043E-17 0.000000E+00
 10532      3   3703 1.632292E-04 8.963625E-06 8.481141E-05 2.194145E-16 0.000000E+00
 10533   4392   4475 5.951589E-06 6.964318E-06 6.361566E-06 6.794772E-16 0.000000E+00
 10534   1028   5743 1.652819E-05 8.559363E-06 1.235655E-05 2.264924E-16 0.000000E+00
 10535   3636   5735 8.136647E-06 4.574563E-06 6.260745E-06 7.785677E-17 0.000000E+00
 10536   2488   5714 9.672644E-06 4.074304E-06 6.770885E-06 1.252786E-15 0.000000E+00
 10537     22   4571 7.100824E-05 1.629222E-05 4.299874E-05 2.774532E-15 0.000000E+00
 10538   2703   4481 9.206868E-06 9.156279E-06 9.044535E-06 8.847360E-16 0.000000E+00
 10539   5748   5819 8.725519E-06 1.422722E-05 1.130508E-05 1.132462E-16 0.000000E+00
 10540    638   5551 4.271813E-05 1.283785E-05 2.736339E-05 2.038432E-15 0.000000E+00
 10541   3663   4498 1.532825E-05 1.149884E-05 1.321334E-05 3.892838E-16 0.000000E+00
 10542    835   5850 2.512827E-05 4.451997E-06 1.456938E-05 1.061683E-16 0.000000E+00
 10543   2500   2606 1.290354E-05 1.127988E-05 1.191124E-05 4.388291E-16 0.000000E+00
 10544    849   2304 1.382561E-05 1.367518E-05 1.354517E-05 1.705771E-15 0.000000E+00
 10545   1402   3629 9.160884E-06 5.188895E-06 7.067801E-06 1.684537E-15 0.000000E+00
 10546   2693   4467 7.240025E-06 5.594731E-06 6.321596E-06 1.203241E-15 0.000000E+00
 10547    428   5771 2.055816E-05 9.226774E-06 1.467019E-05 1.677459E-15 0.000000E+00
 10548   1616   3586 1.931410E-05 1.080674E-05 1.483564E-05 5.803868E-16 0.000000E+00
 10549   5766   5808 1.030113E-05 8.677982E-06 9.347921E-06 2.661286E-15 0.000000E+00
 10550    572   3610 2.161128E-05 1.159224E-05 1.635397E-05 3.970695E-15 0.000000E+00
 10551   1651   3522 9.261906E-06 4.226894E-06 6.643737E-06 2.859467E-15 0.000000E+00
 10552    857   2564 2.180409E-05 1.837850E-05 1.979142E-05 1.840251E-16 0.000000E+00
 10553    302   4517 3.097525E-05 6.495651E-06 1.845582E-05 1.295254E-15 0.000000E+00
 10554   2276   5837 1.564905E-05 3.726584E-06 9.543221E-06 2.618819E-16 0.000000E+00
 10555   3096   4311 9.407519E-06 7.085758E-06 8.123554E-06 8.281129E-16 0.000000E+00
 10556   2546   3204 7.773865E-06 1.479412E-05 1.111557E-05 2.123366E-17 0.000000E+00
 10557   4347   5773 7.765321E-06 1.949100E-06 4.784715E-06 5.025300E-16 0.000000E+00
 10558   1200   4527 2.445737E-05 7.722877E-06 1.584997E-05 2.243690E-15 0.000000E+00
 10559   2294   4530 1.527143E-05 7.410213E-06 1.117156E-05 1.486356E-16 0.000000E+00
 10560    824   1223 2.516702E-05 1.126875E-05 1.794598E-05 2.109211E-15 0.000000E+00
 10561   4502   6549 1.295613E-05 1.319753E-05 1.288166E-05 4.105175E-16 0.000000E+00
 10562   1039   4694 1.756438E-05 5.732408E-06 1.147454E-05 5.945426E-16 0.000000E+00
 10563   4173   5790 1.093520E-05 1.253004E-05 1.155751E-05 1.698693E-16 0.000000E+00
 10564   3394   4323 1.485244E-05 9.844401E-06 1.216411E-05 2.052588E-16 0.000000E+00
 10565     19   1311 5.886982E-05 2.203986E-05 3.985103E-05 1.033372E-15 0.000000E+00
 10566    185    644 2.661451E-05 3.706779E-05 3.136591E-05 2.965635E-15 0.000000E+00
 10567    428   1497 3.248740E-05 3.435170E-05 3.292075E-05 2.264924E-16 0.000000E+00
 10568   1026   3115 1.732768E-05 1.503925E-05 1.594192E-05 6.228541E-16 0.000000E+00
 10569   1651   6563 1.248013E-05 6.462814E-06 9.330105E-06 2.901934E-16 0.000000E+00
 10570   1866   4260 1.619536E-05 7.244271E-06 1.154489E-05 1.769472E-16 0.000000E+00
 10571    887   2500 1.774453E-05 1.697003E-05 1.709822E-05 1.868562E-15 0.000000E+00
 10572   3271   3869 1.704065E-05 1.212144E-05 1.436342E-05 1.840251E-16 0.000000E+00
 10573   4231   4514 1.287903E-05 8.396592E-06 1.047904E-05 9.555149E-16 0.000000E+00
 10574   1398   3055 1.619493E-05 1.001317E-05 1.290847E-05 2.406482E-16 0.000000E+00
 10575   1081   1619 3.055647E-05 2.244309E-05 2.610426E-05 4.883743E-16 0.000000E+00
 10576   2582   3014 1.074968E-05 9.979097E-06 1.020970E-05 1.132462E-16 0.000000E+00
 10577   2605   6544 2.318499E-05 7.615706E-06 1.517049E-05 2.406482E-16 0.000000E+00
 10578   4700   6535 8.426766E-06 6.640054E-06 7.420971E-06 1.274020E-16 0.000000E+00
 10579   2467   4726 1.406857E-05 5.891197E-06 9.830928E-06 2.031354E-15 0.000000E+00
 10580   3808   4698 1.816195E-05 4.676730E-06 1.124890E-05 8.705802E-16 0.000000E+00
 10581   1026   2243 2.705006E-05 2.145381E-05 2.388997E-05 5.520753E-16 0.000000E+00
 10582    435   6536 3.029586E-05 3.875006E-06 1.683043E-05 2.972713E-15 0.000000E+00
 10583   3975   4730 2.184383E-05 1.534331E-05 1.831606E-05 9.059697E-16 0.000000E+00
 10584   1808   6530 2.073570E-05 9.729990E-06 1.500549E-05 3.185050E-16 0.000000E+00
 10585    889   3956 2.160295E-05 6.423490E-06 1.380407E-05 1.408500E-15 0.000000E+00
 10586   4066   6559 1.331360E-05 9.918755E-06 1.144280E-05 2.689597E-16 0.000000E+00
 10587   3801   6594 1.379321E-05 1.218283E-05 1.279417E-05 2.194145E-16 0.000000E+00
 10588   1701   1820 2.111208E-05 2.010971E-05 2.030327E-05 9.342812E-16 0.000000E+00
 10589   1369   3926 1.614530E-05 1.444544E-05 1.506708E-05 1.167852E-15 0.000000E+00
 10590   4710   6537 1.123586E-05 1.224622E-05 1.156580E-05 1.486356E-16 0.000000E+00
 10591   3346   4679 9.845818E-06 1.343085E-05 1.146463E-05 5.379195E-16 0.000000E+00
 10592   3144   4066 2.462254E-05 1.086248E-05 1.747770E-05 1.486356E-15 0.000000E+00
 10593   2351   4068 1.660414E-05 6.434847E-06 1.134756E-05 2.760376E-16 0.000000E+00
 10594   3956   4332 8.739975E-06 8.000902E-06 8.245507E-06 5.308416E-16 0.000000E+00
 10595   1701   4714 1.445612E-05 7.191288E-06 1.066216E-05 1.118306E-15 0.000000E+00
 10596   1398   2108 1.719932E-05 1.952329E-05 1.808726E-05 2.477261E-16 0.000000E+00
 10597   2148   6613 1.421524E-05 6.746135E-06 1.032426E-05 1.436811E-15 0.000000E+00
 10598    609   6602 3.947343E-05 4.969601E-06 2.188985E-05 1.274020E-15 0.000000E+00
 10599   2678   4712 1.920500E-05 6.606879E-06 1.271331E-05 8.705802E-16 0.000000E+00
 10600   5646   6535 1.718781E-05 1.578339E-05 1.623954E-05 2.972713E-16 0.000000E+00
 10601   1361   2759 1.599291E-05 1.982699E-05 1.764264E-05 2.321547E-15 0.000000E+00
 10602   1076   6604 3.068766E-05 1.213684E-05 2.109266E-05 1.125384E-15 0.000000E+00
 10603     13   3328 9.682174E-05 1.581591E-05 5.547825E-05 2.909012E-15 0.000000E+00
 10604   4621   4716 2.082327E-05 6.773501E-06 1.359244E-05 1.344799E-16 0.000000E+00
 10605   2807   2986 2.000683E-05 1.990298E-05 1.965707E-05 3.043492E-15 0.000000E+00
 10606   3328   4267 1.479666E-05 1.220459E-05 1.329912E-05 7.219446E-16 0.000000E+00
 10607   1060   2312 2.437785E-05 9.872134E-06 1.686939E-05 3.404464E-15 0.000000E+00
 10608    793   3458 1.792688E-05 9.068649E-06 1.329631E-05 2.470183E-15 0.000000E+00
 10609    815   1191 2.714390E-05 2.547378E-05 2.591617E-05 9.831186E-15 0.000000E+00
 10610   2359   3423 5.162326E-06 3.982299E-06 4.504069E-06 2.958557E-15 0.000000E+00
 10611   1168   1543 2.569094E-05 1.352227E-05 1.931397E-05 3.255828E-16 0.000000E+00
 10612   1962   3445 1.053963E-05 6.464336E-06 8.375089E-06 9.342812E-16 0.000000E+00
 10613   3290   3466 1.331598E-05 1.249009E-05 1.271045E-05 7.785677E-16 0.000000E+00
 10614   3692   4219 8.009225E-06 3.813558E-06 5.823162E-06 5.379195E-16 0.000000E+00
 10615   2663   6611 1.296649E-05 1.525993E-05 1.390257E-05 5.166858E-16 0.000000E+00
 10616   4603   6611 1.792097E-05 1.547040E-05 1.644649E-05 6.157763E-16 0.000000E+00
 10617   3257   4597 1.277316E-05 1.111461E-05 1.176562E-05 4.246733E-16 0.000000E+00
 10618   1755   5644 1.620597E-05 5.811458E-06 1.084440E-05 2.335703E-15 0.000000E+00
 10619   4594   4660 5.944221E-06 8.835748E-06 7.279686E-06 1.132462E-16 0.000000E+00
 10620   2679   4659 1.043931E-05 5.463142E-06 7.832549E-06 4.175954E-16 0.000000E+00
 10621   2986   3257 1.274962E-05 7.239941E-06 9.845606E-06 1.769472E-16 0.000000E+00
 10622   1955   3277 1.298488E-05 8.006634E-06 1.033910E-05 2.222457E-15 0.000000E+00
 10623     11   2836 1.466114E-04 1.180004E-05 7.802355E-05 3.680502E-16 0.000000E+00
 10624    469   2290 2.213715E-05 2.285538E-05 2.216050E-05 4.175954E-16 0.000000E+00
 10625   4117   4627 1.416172E-05 2.302904E-05 1.831784E-05 1.762394E-15 0.000000E+00
 10626   2351   3455 1.598143E-05 2.803133E-05 2.167793E-05 3.114271E-16 0.000000E+00
 10627   1322   2744 1.531769E-05 2.883720E-05 2.174793E-05 8.988918E-16 0.000000E+00
 10628   3519   4603 1.027918E-05 1.067167E-05 1.031908E-05 3.468165E-16 0.000000E+00
 10629    590   5610 3.123616E-05 8.374495E-06 1.950972E-05 1.472201E-15 0.000000E+00
 10630    635   3621 1.941076E-05 1.038486E-05 1.467545E-05 1.005060E-15 0.000000E+00
 10631   2448   6470 1.289086E-05 5.631144E-06 9.122778E-06 4.246733E-16 0.000000E+00
 10632     23   6472 1.168476E-04 6.298169E-06 6.065391E-05 6.299320E-16 0.000000E+00
 10633    495   3006 3.589802E-05 8.279688E-06 2.175917E-05 8.635023E-16 0.000000E+00
 10634    554   1583 2.980566E-05 1.428992E-05 2.171872E-05 3.291218E-15 0.000000E+00
 10635   2986   4636 1.235405E-05 9.154774E-06 1.059390E-05 7.007109E-16 0.000000E+00
 10636   2697   6422 2.089008E-05 1.421014E-05 1.728817E-05 1.911030E-15 0.000000E+00
 10637   2303   3343 1.646763E-05 9.317055E-06 1.269992E-05 1.776550E-15 0.000000E+00
 10638   3640   6424 8.967227E-06 7.779338E-06 8.248308E-06 7.077888E-16 0.000000E+00
 10639   3067   6428 1.480819E-05 1.107128E-05 1.274661E-05 8.281129E-16 0.000000E+00
 10640   3330   6423 9.609073E-06 6.342630E-06 7.856809E-06 7.927235E-16 0.000000E+00
 10641   1690   5259 4.297913E-05 2.482572E-05 3.339642E-05 1.380188E-15 0.000000E+00
 10642    254   6437 2.252243E-05 1.405718E-05 1.801682E-05 4.317512E-16 0.000000E+00
 10643   3516   6427 1.605399E-05 6.592578E-06 1.115428E-05 3.595567E-15 0.000000E+00
 10644   2504   6435 1.626002E-05 9.070865E-06 1.247641E-05 4.034396E-16 0.000000E+00
 10645   5674   6428 1.311894E-05 7.676332E-06 1.024245E-05 1.118306E-15 0.000000E+00
 10646   6428   6438 9.695200E-06 9.173868E-06 9.293720E-06 1.981809E-16 0.000000E+00
 10647   4032   5288 7.921230E-06 1.018021E-05 8.915635E-06 3.114271E-16 0.000000E+00
 10648    956   2400 2.821511E-05 1.961462E-05 2.355792E-05 2.767454E-15 0.000000E+00
 10649   3516   5259 2.204189E-05 1.595649E-05 1.871562E-05 1.734083E-15 0.000000E+00
 10650   2768   3041 1.962577E-05 6.454785E-06 1.284564E-05 3.114271E-16 0.000000E+00
 10651    630   6422 2.371869E-05 1.375370E-05 1.845655E-05 2.548040E-15 0.000000E+00
 10652   3843   5580 7.138016E-06 5.558410E-06 6.253463E-06 3.255828E-15 0.000000E+00
 10653   2612   5335 2.355045E-05 1.572466E-05 1.934446E-05 1.274020E-16 0.000000E+00
 10654   2504   6503 1.896478E-05 1.026440E-05 1.439646E-05 5.223481E-15 0.000000E+00
 10655   2504   6523 2.851837E-05 1.539665E-05 2.162979E-05 4.175954E-16 0.000000E+00
 10656   2504   5663 1.919850E-05 9.306111E-06 1.403959E-05 2.597585E-15 0.000000E+00
 10657   2400   6520 3.416249E-05 1.695911E-05 2.517930E-05 4.175954E-16 0.000000E+00
 10658    811   3201 3.408848E-05 7.542512E-06 2.050482E-05 2.102133E-15 0.000000E+00
 10659   5256   5329 1.059141E-05 1.051777E-05 1.039706E-05 1.132462E-16 0.000000E+00
 10660   5317   6519 7.032600E-06 2.172895E-05 1.416614E-05 1.203241E-16 0.000000E+00
 10661   3223   3516 2.577825E-05 2.445895E-05 2.474369E-05 2.760376E-16 0.000000E+00
 10662   4110   6482 8.405752E-06 5.930943E-06 7.061357E-06 1.988887E-15 0.000000E+00
 10663   1259   5299 3.347974E-05 1.157114E-05 2.218924E-05 1.075839E-15 0.000000E+00
 10664   5317   5331 1.010257E-05 1.831955E-05 1.399896E-05 1.203241E-16 0.000000E+00
 10665   1750   5319 2.664053E-05 1.159777E-05 1.883379E-05 2.406482E-16 0.000000E+00
 10666   1700   3920 1.631013E-05 1.022707E-05 1.307056E-05 1.557135E-16 0.000000E+00
 10667   6476   6518 6.209151E-06 4.767146E-06 5.406236E-06 3.397386E-16 0.000000E+00
 10668   3227   6517 1.831387E-05 7.686481E-06 1.280614E-05 3.461087E-15 0.000000E+00
 10669   6484   6500 6.819529E-06 6.698217E-06 6.657994E-06 1.486356E-16 0.000000E+00
 10670   1413   5330 1.375820E-05 6.899930E-06 1.017490E-05 6.794772E-16 0.000000E+00
 10671   2904   5310 1.880578E-05 9.599354E-06 1.399059E-05 1.698693E-16 0.000000E+00
 10672    499   3777 3.880486E-05 6.864817E-06 2.249402E-05 3.333685E-15 0.000000E+00
 10673   3937   5307 9.688695E-06 9.689221E-06 9.544346E-06 7.785677E-16 0.000000E+00
 10674   3021   5202 3.018359E-05 2.133294E-05 2.537382E-05 7.219446E-16 0.000000E+00
 10675    623   1750 3.178689E-05 1.802318E-05 2.453332E-05 7.290225E-16 0.000000E+00
 10676     22   5209 9.722676E-05 1.267429E-05 5.413037E-05 5.025300E-16 0.000000E+00
 10677   3969   5307 1.344678E-05 9.458236E-06 1.128158E-05 2.406482E-16 0.000000E+00
 10678   1140   5298 3.090615E-05 1.112347E-05 2.070116E-05 2.831155E-16 0.000000E+00
 10679   1000   1700 1.783878E-05 1.572209E-05 1.652998E-05 1.394344E-15 0.000000E+00
 10680   6492   6500 1.227654E-05 1.600362E-05 1.392903E-05 1.351877E-15 0.000000E+00
 10681   5207   6741 8.637404E-06 9.375199E-06 8.871879E-06 4.954522E-17 0.000000E+00
 10682     58   5589 4.946193E-05 6.356120E-06 2.749247E-05 1.776550E-15 0.000000E+00
 10683   2787   6746 9.782310E-06 4.153164E-06 6.863741E-06 1.578369E-15 0.000000E+00
 10684   3688   5211 6.048167E-06 4.693384E-06 5.290615E-06 5.379195E-16 0.000000E+00
 10685   5540   6713 1.886015E-05 1.637921E-05 1.735670E-05 2.264924E-16 0.000000E+00
 10686   5193   6760 2.347467E-05 7.445077E-06 1.522913E-05 1.351877E-15 0.000000E+00
 10687   1428   6715 2.627396E-05 2.286281E-05 2.420169E-05 1.840251E-16 0.000000E+00
 10688   6714   6724 1.238921E-05 8.681615E-06 1.037817E-05 7.856456E-16 0.000000E+00
 10689   1929   5249 2.574540E-05 7.048517E-06 1.615223E-05 4.048552E-15 0.000000E+00
 10690    880   2017 2.307514E-05 1.221730E-05 1.738284E-05 2.052588E-16 0.000000E+00
 10691     56   1150 5.900886E-05 1.485421E-05 3.638031E-05 1.210319E-15 0.000000E+00
 10692   6805   6815 6.435875E-06 4.838492E-06 5.553046E-06 1.458045E-15 0.000000E+00
 10693    384   6801 2.615201E-05 2.572800E-06 1.414804E-05 2.264924E-16 0.000000E+00
 10694   4040   6797 1.227757E-05 1.032755E-05 1.113387E-05 1.840251E-16 0.000000E+00
 10695   2101   5422 8.053623E-06 1.090838E-05 9.339495E-06 5.874647E-16 0.000000E+00
 10696   3089   5430 8.876254E-06 1.751096E-05 1.299669E-05 2.031354E-15 0.000000E+00
 10697   1151   2627 4.639776E-05 1.464529E-05 3.006598E-05 2.618819E-16 0.000000E+00
 10698   1825   3060 2.445429E-05 1.387560E-05 1.887890E-05 5.733089E-16 0.000000E+00
 10699   1605   4174 2.632084E-05 6.821832E-06 1.632400E-05 1.238630E-15 0.000000E+00
 10700   2627   3128 1.671509E-05 1.592288E-05 1.607542E-05 2.406482E-16 0.000000E+00
 10701   1487   5427 1.491406E-05 4.706822E-06 9.664015E-06 1.075839E-15 0.000000E+00
 10702   1425   4035 1.682582E-05 2.018901E-05 1.823118E-05 4.961599E-15 0.000000E+00
 10703    202   5654 4.137320E-05 7.540022E-06 2.409159E-05 7.856456E-16 0.000000E+00
 10704   1362   3971 2.109554E-05 5.688225E-06 1.319201E-05 8.281129E-16 0.000000E+00
 10705   3967   5634 1.108021E-05 1.095183E-05 1.085160E-05 4.388291E-16 0.000000E+00
 10706   4252   6820 1.637385E-05 7.965625E-06 1.198810E-05 8.351908E-16 0.000000E+00
 10707   1973   4035 1.280393E-05 7.807004E-06 1.015166E-05 1.769472E-16 0.000000E+00
 10708   1638   5436 1.359529E-05 1.078698E-05 1.200918E-05 3.680502E-16 0.000000E+00
 10709   1505   2521 1.372118E-05 2.009036E-05 1.665344E-05 2.689597E-16 0.000000E+00
 10710    987   4387 4.057167E-05 6.200689E-06 2.303713E-05 2.406482E-16 0.000000E+00
 10711   3078   6779 1.405912E-05 3.996877E-06 8.893252E-06 6.440878E-16 0.000000E+00
 10712    115   6776 3.150250E-05 7.292793E-06 1.910813E-05 3.822060E-16 0.000000E+00
 10713   2687   4304 1.385078E-05 9.098002E-06 1.130313E-05 6.016205E-16 0.000000E+00
 10714    330   4383 4.879190E-05 1.152176E-05 2.970673E-05 5.308416E-16 0.000000E+00
 10715   1425   6786 1.385701E-05 7.013417E-06 1.027946E-05 9.201254E-17 0.000000E+00
 10716   3428   6793 1.160014E-05 1.560086E-05 1.339751E-05 3.114271E-16 0.000000E+00
 10717     79   2710 3.191439E-05 8.070651E-06 1.969413E-05 2.420638E-15 0.000000E+00
 10718   1495   4188 1.620016E-05 9.060158E-06 1.244165E-05 7.998013E-16 0.000000E+00
 10719    987   3220 3.075069E-05 1.388151E-05 2.198303E-05 6.865551E-16 0.000000E+00
 10720    560   6777 2.084901E-05 1.066352E-05 1.552110E-05 2.809922E-15 0.000000E+00
 10721    266   2043 4.544664E-05 1.021360E-05 2.741474E-05 1.019216E-15 0.000000E+00
 10722   1622   2948 1.523664E-05 1.095735E-05 1.290152E-05 2.548040E-16 0.000000E+00
 10723   3109   5417 1.020299E-05 9.633238E-06 9.770083E-06 2.689597E-16 0.000000E+00
 10724    951   6790 1.158492E-05 7.915620E-06 9.604745E-06 3.255828E-16 0.000000E+00
 10725    446   1915 3.256723E-05 1.797264E-05 2.489277E-05 8.068792E-16 0.000000E+00
 10726    560   5687 3.274909E-05 5.111639E-06 1.864782E-05 3.553100E-15 0.000000E+00
 10727   1722   5454 3.055148E-05 2.405678E-05 2.689660E-05 8.139571E-16 0.000000E+00
 10728   1002   2478 4.463310E-05 1.622104E-05 2.997294E-05 4.883743E-16 0.000000E+00
 10729   1722   6657 1.611676E-05 5.246371E-06 1.052214E-05 1.061683E-16 0.000000E+00
 10730   5440   5454 8.185002E-06 5.376605E-06 6.679598E-06 1.089995E-15 0.000000E+00
 10731   2710   3732 1.556229E-05 1.428591E-05 1.470135E-05 1.217397E-15 0.000000E+00
 10732   1752   6654 7.929912E-06 9.291627E-06 8.482251E-06 1.826095E-15 0.000000E+00
 10733    479   2406 3.330545E-05 2.004666E-05 2.627791E-05 2.307391E-15 0.000000E+00
 10734   3389   6653 1.132359E-05 9.613978E-06 1.031253E-05 9.342812E-16 0.000000E+00
 10735   1830   2343 6.130931E-06 1.636049E-05 1.107787E-05 3.822060E-16 0.000000E+00
 10736   3361   3701 1.135399E-05 1.117746E-05 1.109758E-05 1.981809E-16 0.000000E+00
 10737   3348   6625 1.295490E-05 1.082441E-05 1.171220E-05 1.415578E-16 0.000000E+00
 10738    194   3506 6.417750E-05 1.159784E-05 3.732218E-05 2.194145E-16 0.000000E+00
 10739   6616   6633 7.046176E-06 6.508821E-06 6.676342E-06 8.564244E-16 0.000000E+00
 10740   2465   6632 8.316573E-06 3.625987E-06 5.882157E-06 3.255828E-16 0.000000E+00
 10741   5358   6623 1.024301E-05 5.889231E-06 7.945730E-06 2.682520E-15 0.000000E+00
 10742    939   6624 3.780108E-05 1.297306E-05 2.500816E-05 3.114271E-16 0.000000E+00
 10743   5391   6635 1.944266E-05 2.182924E-05 2.032795E-05 4.034396E-16 0.000000E+00
 10744   3235   3701 1.141439E-05 6.913943E-06 9.027389E-06 9.979822E-16 0.000000E+00
 10745   2670   3474 1.134408E-05 8.033951E-06 9.544404E-06 9.838264E-16 0.000000E+00
 10746    560    661 5.469992E-05 2.012382E-05 3.685348E-05 1.521746E-15 0.000000E+00
 10747    194   5389 7.309360E-05 1.077816E-05 4.130997E-05 1.104151E-15 0.000000E+00
 10748   2879   4200 1.488632E-05 1.691036E-05 1.566105E-05 1.118306E-15 0.000000E+00
 10749    908   3241 2.011149E-05 1.864888E-05 1.909093E-05 4.883743E-16 0.000000E+00
 10750    547   6695 4.063238E-05 8.336033E-06 2.411877E-05 3.680502E-16 0.000000E+00
 10751   3121   6704 1.607910E-05 1.671929E-05 1.615443E-05 1.769472E-16 0.000000E+00
 10752   4200   6706 7.747863E-06 5.976775E-06 6.759896E-06 2.555118E-15 0.000000E+00
 10753     48   3243 7.991326E-05 8.082109E-06 4.334100E-05 4.034396E-16 0.000000E+00
 10754   1994   5379 3.221870E-05 1.477923E-05 2.314823E-05 2.427716E-15 0.000000E+00
 10755    881   2275 1.440535E-05 6.204537E-06 1.015114E-05 1.514668E-15 0.000000E+00
 10756   3826   5384 1.634691E-05 8.278157E-06 1.212876E-05 9.130476E-16 0.000000E+00
 10757   5393   6710 8.074319E-06 5.268480E-06 6.571826E-06 1.203241E-16 0.000000E+00
 10758   1994   5376 2.149705E-05 7.560254E-06 1.431181E-05 2.342781E-15 0.000000E+00
 10759   3897   5385 1.214170E-05 9.554559E-06 1.068622E-05 1.557135E-16 0.000000E+00
 10760    547   2977 1.964619E-05 1.049820E-05 1.484724E-05 3.468165E-16 0.000000E+00
 10761   2332   5389 1.331694E-05 1.025587E-05 1.161049E-05 3.963617E-16 0.000000E+00
 10762   2979   3946 1.486617E-05 1.764646E-05 1.601368E-05 2.307391E-15 0.000000E+00
 10763    619   3333 2.216432E-05 1.031404E-05 1.599681E-05 1.344799E-16 0.000000E+00
 10764    101   3804 4.557589E-05 8.935498E-06 2.684889E-05 7.998013E-16 0.000000E+00
 10765    372   3957 2.440439E-05 1.346236E-05 1.865079E-05 3.185050E-16 0.000000E+00
 10766   1890   3272 1.470738E-05 8.464252E-06 1.141289E-05 2.045510E-15 0.000000E+00
 10767   5038   5374 1.047213E-05 4.913617E-06 7.578054E-06 2.477261E-16 0.000000E+00
 10768   5049   6663 1.206384E-05 6.428898E-06 9.108364E-06 1.132462E-16 0.000000E+00
 10769    101   5018 3.504123E-05 1.360408E-05 2.395963E-05 2.406482E-16 0.000000E+00
 10770    312   6201 1.783712E-05 7.149555E-06 1.230687E-05 1.769472E-16 0.000000E+00
 10771   2936   5041 6.229968E-06 1.422987E-05 1.007723E-05 4.529848E-16 0.000000E+00
 10772   2000   6202 2.226491E-05 5.073108E-06 1.346500E-05 2.618819E-16 0.000000E+00
 10773   5022   5233 8.092463E-06 5.975866E-06 6.929177E-06 5.096079E-16 0.000000E+00
 10774    939   3158 1.123789E-05 9.861603E-06 1.039229E-05 8.988918E-16 0.000000E+00
 10775   5375   6198 1.296149E-05 1.251224E-05 1.254676E-05 2.264924E-16 0.000000E+00
 10776   3081   5022 1.605639E-05 8.508818E-06 1.209928E-05 5.733089E-16 0.000000E+00
 10777   1144   6213 2.468454E-05 6.528246E-06 1.537346E-05 2.349859E-15 0.000000E+00
 10778   3218   4092 1.345651E-05 1.920048E-05 1.608479E-05 1.557135E-16 0.000000E+00
 10779   6174   6681 1.059584E-05 1.123824E-05 1.075410E-05 1.627914E-16 0.000000E+00
 10780    323    785 3.969205E-05 3.594951E-05 3.725629E-05 2.229535E-15 0.000000E+00
 10781    910   5367 2.410453E-05 1.803574E-05 2.075566E-05 2.774532E-15 0.000000E+00
 10782   3081   5659 1.687844E-05 1.115761E-05 1.380880E-05 3.963617E-16 0.000000E+00
 10783   4065   6206 1.401306E-05 1.650883E-05 1.503317E-05 2.052588E-16 0.000000E+00
 10784    117   5584 4.689617E-05 1.183735E-05 2.892845E-05 1.005060E-15 0.000000E+00
 10785   1325   3087 2.027136E-05 1.846123E-05 1.907725E-05 1.217397E-15 0.000000E+00
 10786   1890   3899 1.528495E-05 7.630266E-06 1.128660E-05 7.927235E-16 0.000000E+00
 10787   4092   6173 1.110436E-05 9.876369E-06 1.033379E-05 1.727005E-15 0.000000E+00
 10788   2558   3957 1.266955E-05 6.615203E-06 9.498462E-06 1.769472E-16 0.000000E+00
 10789   5039   5627 1.122910E-05 1.220803E-05 1.154367E-05 1.663304E-15 0.000000E+00
 10790    157    208 2.793460E-05 2.057456E-05 2.389257E-05 3.517710E-15 0.000000E+00
 10791     76   6221 3.654984E-05 5.004704E-06 2.046716E-05 2.548040E-16 0.000000E+00
 10792   1957   2620 1.628041E-05 7.639511E-06 1.178145E-05 3.326607E-16 0.000000E+00
 10793    881   5569 2.895124E-05 6.768633E-06 1.759337E-05 1.918108E-15 0.000000E+00
 10794    910   4000 1.514914E-05 6.792173E-06 1.080692E-05 2.682520E-15 0.000000E+00
 10795   4135   5018 1.495177E-05 1.105770E-05 1.281064E-05 1.125384E-15 0.000000E+00
 10796     76   2094 2.776482E-05 1.017918E-05 1.868884E-05 1.627914E-16 0.000000E+00
 10797    883    916 2.746044E-05 1.898895E-05 2.287806E-05 2.434793E-15 0.000000E+00
 10798     48   6257 6.400228E-05 1.377917E-05 3.831027E-05 9.909043E-16 0.000000E+00
 10799   1477   6189 7.544053E-06 3.320987E-06 5.351438E-06 2.123366E-16 0.000000E+00
 10800    501   5053 1.349498E-05 1.104309E-05 1.208591E-05 1.925186E-15 0.000000E+00
 10801    464    600 4.221299E-05 2.934486E-05 3.524491E-05 4.685562E-15 0.000000E+00
 10802   3857   4135 1.170467E-05 1.626531E-05 1.377626E-05 4.883743E-16 0.000000E+00
 10803    587   5051 2.301703E-05 8.230383E-06 1.539052E-05 5.237637E-16 0.000000E+00
 10804   3093   3882 1.305125E-05 1.040128E-05 1.155124E-05 1.578369E-15 0.000000E+00
 10805    501   6253 2.529969E-05 5.237255E-06 1.504059E-05 1.019216E-15 0.000000E+00
 10806   1927   3225 1.937879E-05 8.834486E-06 1.389609E-05 1.557135E-16 0.000000E+00
 10807   5029   5050 1.446180E-05 7.761802E-06 1.094595E-05 7.785677E-17 0.000000E+00
 10808   3093   4003 9.747231E-06 2.803936E-05 1.861131E-05 3.241673E-15 0.000000E+00
 10809   3388   6234 2.829149E-05 1.618306E-05 2.190537E-05 2.208301E-15 0.000000E+00
 10810    473   1303 2.735621E-05 2.008275E-05 2.336546E-05 1.981809E-16 0.000000E+00
 10811    473    587 1.857918E-05 1.904901E-05 1.853328E-05 1.981809E-16 0.000000E+00
 10812   1982   4135 2.544595E-05 1.393540E-05 1.939679E-05 1.309409E-15 0.000000E+00
 10813   5058   6265 7.575197E-06 7.048610E-06 7.202771E-06 3.822060E-16 0.000000E+00
 10814   3991   5075 1.099884E-05 2.316413E-06 6.558259E-06 1.160774E-15 0.000000E+00
 10815   3172   6255 1.192050E-05 1.386945E-05 1.270251E-05 2.052588E-16 0.000000E+00
 10816   3991   4324 1.057081E-05 1.073631E-05 1.049455E-05 4.954522E-16 0.000000E+00
 10817    206   5055 3.477979E-05 1.104859E-05 2.257219E-05 1.698693E-16 0.000000E+00
 10818    561   1835 2.459353E-05 1.463387E-05 1.932096E-05 6.440878E-16 0.000000E+00
 10819    536   4975 4.094502E-05 1.623080E-05 2.816122E-05 2.052588E-16 0.000000E+00
 10820    207    285 3.337523E-05 3.938990E-05 3.583955E-05 4.338745E-15 0.000000E+00
 10821   1330   5076 2.035951E-05 1.282159E-05 1.634293E-05 7.785677E-16 0.000000E+00
 10822   1426   2763 1.275263E-05 9.436335E-06 1.092889E-05 2.172912E-15 0.000000E+00
 10823   3990   6182 1.035698E-05 9.171517E-06 9.618512E-06 1.486356E-16 0.000000E+00
 10824   1426   2100 1.907182E-05 1.133779E-05 1.497787E-05 8.281129E-16 0.000000E+00
 10825    910   3954 3.141094E-05 9.635987E-06 2.021714E-05 6.511657E-16 0.000000E+00
 10826   3810   4955 1.598070E-05 1.595641E-05 1.573022E-05 5.662310E-16 0.000000E+00
 10827    526   1477 2.607990E-05 1.331185E-05 1.940190E-05 1.627914E-16 0.000000E+00
 10828    108   4972 5.058090E-05 1.303271E-05 3.133208E-05 2.179990E-15 0.000000E+00
 10829   1788   2428 1.275347E-05 6.975510E-06 9.717258E-06 1.401422E-15 0.000000E+00
 10830   1009   4982 2.059113E-05 5.838848E-06 1.301775E-05 4.742185E-16 0.000000E+00
 10831    207   1330 3.300957E-05 1.185770E-05 2.209880E-05 1.203241E-16 0.000000E+00
 10832    427   4979 4.323096E-05 7.142324E-06 2.481072E-05 2.470183E-15 0.000000E+00
 10833    473   1162 3.888079E-05 1.720510E-05 2.762439E-05 2.937324E-15 0.000000E+00
 10834   6228   6278 9.148381E-06 8.331260E-06 8.609375E-06 4.529848E-16 0.000000E+00
 10835    328   4106 2.992078E-05 9.386580E-06 1.936034E-05 9.909043E-17 0.000000E+00
 10836     63   2340 3.519925E-05 1.220446E-05 2.334810E-05 1.274020E-15 0.000000E+00
 10837   4097   6233 2.087679E-05 1.819318E-05 1.924342E-05 2.052588E-16 0.000000E+00
 10838    501   2383 3.503736E-05 1.476466E-05 2.452935E-05 6.157763E-16 0.000000E+00
 10839    285   6278 2.880454E-05 8.386550E-06 1.831800E-05 1.450967E-15 0.000000E+00
 10840   3000   3990 1.386044E-05 1.036647E-05 1.193266E-05 1.833173E-15 0.000000E+00
 10841   2383   4972 1.018914E-05 1.388311E-05 1.185648E-05 2.102133E-15 0.000000E+00
 10842   1447   4966 2.127499E-05 9.171610E-06 1.499608E-05 2.831155E-16 0.000000E+00
 10843    473   2973 3.981534E-05 1.710846E-05 2.803710E-05 1.840251E-16 0.000000E+00
 10844   1536   2842 3.066542E-05 1.038517E-05 2.021895E-05 8.351908E-16 0.000000E+00
 10845     44   1092 4.759639E-05 2.969455E-05 3.806867E-05 2.286158E-15 0.000000E+00
 10846    102    462 3.039753E-05 2.800339E-05 2.876463E-05 2.760376E-15 0.000000E+00
 10847    269    555 1.679475E-05 1.360341E-05 1.497223E-05 6.723994E-16 0.000000E+00
 10848    401   3976 3.665118E-05 9.951137E-06 2.295338E-05 8.918139E-16 0.000000E+00
 10849    206   5648 7.341899E-05 8.390257E-06 4.029411E-05 5.379195E-16 0.000000E+00
 10850     44   1927 3.918246E-05 2.046568E-05 2.937893E-05 2.109211E-15 0.000000E+00
 10851    729   4957 2.135823E-05 1.371946E-05 1.727707E-05 2.052588E-16 0.000000E+00
 10852     72   6110 5.947771E-05 4.572229E-06 3.154699E-05 1.507590E-15 0.000000E+00
 10853   1162   2600 3.070608E-05 1.576036E-05 2.288645E-05 1.840251E-16 0.000000E+00
 10854   4093   4993 8.348295E-06 9.228400E-06 8.657178E-06 1.698693E-16 0.000000E+00
 10855   1982   6241 1.345745E-05 1.079714E-05 1.194629E-05 3.185050E-16 0.000000E+00
 10856   1545   4038 2.805429E-05 6.535152E-06 1.703659E-05 1.203241E-16 0.000000E+00
 10857   2350   5010 1.307468E-05 1.207676E-05 1.238802E-05 5.379195E-16 0.000000E+00
 10858   1536   3836 2.737573E-05 1.033802E-05 1.857543E-05 2.448949E-15 0.000000E+00
 10859    324   6243 5.840523E-05 1.112407E-05 3.424578E-05 3.093037E-15 0.000000E+00
 10860    494   4957 4.482554E-05 1.101004E-05 2.750111E-05 2.880700E-15 0.000000E+00
 10861   1536   4967 1.881552E-05 6.728657E-06 1.258146E-05 3.397386E-16 0.000000E+00
 10862    462   3063 3.461319E-05 6.069279E-06 2.003764E-05 3.185050E-16 0.000000E+00
 10863    324   2711 6.124089E-05 1.704900E-05 3.856069E-05 2.901934E-16 0.000000E+00
 10864   6119   6246 1.964873E-05 2.123628E-05 2.013739E-05 3.680502E-16 0.000000E+00
 10865    263   2350 3.878857E-05 1.550646E-05 2.674233E-05 3.538944E-16 0.000000E+00
 10866    205   3062 3.151385E-05 1.511134E-05 2.296465E-05 2.052588E-16 0.000000E+00
 10867   1479   4993 1.536956E-05 1.143119E-05 1.320037E-05 8.847360E-16 0.000000E+00
 10868    710   4275 1.797135E-05 4.867798E-06 1.124913E-05 2.901934E-16 0.000000E+00
 10869   5008   6116 2.099399E-05 1.528408E-05 1.786830E-05 3.468165E-16 0.000000E+00
 10870     44   1447 4.997237E-05 2.061254E-05 3.476570E-05 8.139571E-16 0.000000E+00
 10871    766   6095 2.469143E-05 1.074646E-05 1.745448E-05 3.609723E-16 0.000000E+00
 10872   1824   6147 2.043052E-05 9.611936E-06 1.479703E-05 1.698693E-16 0.000000E+00
 10873   2248   3887 1.429622E-05 1.298130E-05 1.343520E-05 2.548040E-16 0.000000E+00
 10874   5141   6085 7.184933E-06 4.101172E-06 5.558828E-06 2.406482E-16 0.000000E+00
 10875   1865   6152 1.209294E-05 7.630336E-06 9.714448E-06 7.998013E-16 0.000000E+00
 10876    458   4986 3.869905E-05 7.188282E-06 2.260122E-05 5.945426E-16 0.000000E+00
 10877    710   5145 2.727149E-05 1.251937E-05 1.959848E-05 1.486356E-16 0.000000E+00
 10878    255   6150 2.748233E-05 4.971159E-06 1.598455E-05 9.059697E-16 0.000000E+00
 10879    246   6093 3.975569E-05 1.043901E-05 2.472276E-05 6.936330E-16 0.000000E+00
 10880    368    548 2.251844E-05 1.457072E-05 1.826780E-05 3.114271E-16 0.000000E+00
 10881     88    958 4.235797E-05 2.130222E-05 3.135502E-05 2.477261E-16 0.000000E+00
 10882    219   5128 3.996907E-05 8.327893E-06 2.378806E-05 1.132462E-16 0.000000E+00
 10883    548   2838 1.502578E-05 1.594021E-05 1.525190E-05 2.689597E-15 0.000000E+00
 10884    331   5152 3.456198E-05 1.044848E-05 2.216933E-05 5.166858E-16 0.000000E+00
 10885    290   5145 1.590944E-05 9.272789E-06 1.240319E-05 1.634992E-15 0.000000E+00
 10886   3250   5157 1.021228E-05 1.054260E-05 1.022255E-05 8.988918E-16 0.000000E+00
 10887    274   1992 3.669933E-05 1.955804E-05 2.770885E-05 1.627914E-16 0.000000E+00
 10888     88   2684 4.612682E-05 1.960510E-05 3.237542E-05 2.264924E-16 0.000000E+00
 10889   1471   4198 2.647665E-05 9.953888E-06 1.794340E-05 8.918139E-16 0.000000E+00
 10890   2684   5149 1.169897E-05 1.036310E-05 1.086639E-05 7.856456E-16 0.000000E+00
 10891     44   4192 6.422182E-05 9.371495E-06 3.624745E-05 1.097073E-15 0.000000E+00
 10892     44   2997 7.863131E-05 1.510163E-05 4.616697E-05 7.998013E-16 0.000000E+00
 10893    958   5164 1.689478E-05 8.174442E-06 1.234753E-05 1.281098E-15 0.000000E+00
 10894    356   3691 3.406458E-05 1.063861E-05 2.201799E-05 6.511657E-16 0.000000E+00
 10895   2051   3168 1.121604E-05 1.236087E-05 1.161251E-05 1.415578E-16 0.000000E+00
 10896     44    720 4.861503E-05 2.994495E-05 3.869372E-05 4.671406E-16 0.000000E+00
 10897    324   6361 3.113108E-05 7.277116E-06 1.891747E-05 2.866545E-15 0.000000E+00
 10898    324   1762 3.386130E-05 2.496275E-05 2.897304E-05 2.760376E-16 0.000000E+00
 10899    664    831 1.921044E-05 2.811574E-05 2.330991E-05 3.984851E-15 0.000000E+00
 10900    331    640 3.282609E-05 2.335213E-05 2.766987E-05 3.468165E-16 0.000000E+00
 10901   1858   1990 2.834777E-05 1.391398E-05 2.081549E-05 3.043492E-16 0.000000E+00
 10902    316   5173 2.326840E-05 9.098792E-06 1.594205E-05 1.911030E-16 0.000000E+00
 10903    599   5166 2.601968E-05 6.521683E-06 1.602784E-05 1.981809E-16 0.000000E+00
 10904    324    654 1.912475E-05 2.344377E-05 2.096659E-05 2.314469E-15 0.000000E+00
 10905   2044   3261 1.704880E-05 1.058765E-05 1.361198E-05 6.016205E-16 0.000000E+00
 10906     44    971 6.546638E-05 3.269397E-05 4.834763E-05 9.201254E-16 0.000000E+00
 10907   2044   3723 2.070113E-05 1.891396E-05 1.951191E-05 2.335703E-16 0.000000E+00
 10908    463   2414 2.726647E-05 1.503091E-05 2.083304E-05 8.918139E-16 0.000000E+00
 10909    246   1841 3.168078E-05 3.201965E-05 3.137484E-05 3.687580E-15 0.000000E+00
 10910   3005   6358 1.301713E-05 3.432294E-06 8.101954E-06 1.755316E-15 0.000000E+00
 10911   1435   1726 1.378145E-05 2.346379E-05 1.834467E-05 2.385248E-15 0.000000E+00
 10912    246   5166 3.151793E-05 1.695835E-05 2.387637E-05 7.219446E-16 0.000000E+00
 10913    640   3715 2.455853E-05 1.674224E-05 2.034217E-05 7.573340E-16 0.000000E+00
 10914    683   5168 2.869017E-05 6.563938E-06 1.736396E-05 2.901934E-16 0.000000E+00
 10915    369   2414 1.776897E-05 1.493858E-05 1.610969E-05 2.052588E-15 0.000000E+00
 10916      7   6355 7.971665E-05 1.426631E-05 4.629012E-05 2.123366E-16 0.000000E+00
 10917     44   2726 6.437961E-05 1.669694E-05 3.993323E-05 7.219446E-16 0.000000E+00
 10918     82   5093 2.967860E-05 4.871574E-06 1.701725E-05 3.326607E-16 0.000000E+00
 10919   2760   3717 2.070764E-05 9.101200E-06 1.468196E-05 1.627914E-15 0.000000E+00
 10920   2776   6367 1.158086E-05 1.725928E-05 1.420485E-05 1.769472E-16 0.000000E+00
 10921   6354   6357 1.465331E-05 1.259985E-05 1.342320E-05 1.486356E-16 0.000000E+00
 10922    963   2203 1.890592E-05 8.651059E-06 1.357284E-05 4.529848E-16 0.000000E+00
 10923    683   3562 1.812098E-05 7.814290E-06 1.277409E-05 2.477261E-16 0.000000E+00
 10924    917   3757 1.477438E-05 9.741034E-06 1.207475E-05 5.803868E-16 0.000000E+00
 10925    976   3237 2.826924E-05 1.871624E-05 2.314210E-05 5.308416E-16 0.000000E+00
 10926     44    508 1.031709E-04 3.623032E-05 6.866029E-05 1.811939E-15 0.000000E+00
 10927    610    796 2.588980E-05 1.834380E-05 2.178670E-05 4.529848E-16 0.000000E+00
 10928    640    786 3.467687E-05 1.937295E-05 2.662156E-05 4.954522E-16 0.000000E+00
 10929    647   6395 2.573118E-05 1.071932E-05 1.795323E-05 1.012138E-15 0.000000E+00
 10930   6336   6337 2.149287E-05 1.804572E-05 1.947423E-05 3.680502E-16 0.000000E+00
 10931    213   1514 5.304192E-05 2.674837E-05 3.929970E-05 4.742185E-16 0.000000E+00
 10932    722   1427 1.427429E-05 2.093127E-05 1.734005E-05 8.705802E-16 0.000000E+00
 10933    375   1739 2.855457E-05 2.264465E-05 2.521752E-05 3.008102E-15 0.000000E+00
 10934    437   5089 1.909848E-05 6.654624E-06 1.268437E-05 3.822060E-16 0.000000E+00
 10935   1961   5121 1.353254E-05 8.035579E-06 1.062311E-05 1.344799E-16 0.000000E+00
 10936    380   3511 2.832993E-05 7.386333E-06 1.759159E-05 1.132462E-16 0.000000E+00
 10937    380    813 2.991302E-05 4.150955E-05 3.517828E-05 6.794772E-16 0.000000E+00
 10938    674   3511 1.776317E-05 1.274112E-05 1.502450E-05 1.132462E-16 0.000000E+00
 10939   1202   5090 1.046348E-05 8.683780E-06 9.430742E-06 3.609723E-16 0.000000E+00
 10940   1280   3022 3.438454E-05 1.658930E-05 2.510652E-05 7.785677E-16 0.000000E+00
 10941    927   1216 2.362124E-05 1.737851E-05 2.019390E-05 7.148667E-16 0.000000E+00
 10942    559   3190 2.943249E-05 1.999299E-05 2.434390E-05 1.981809E-16 0.000000E+00
 10943    223   6408 3.872579E-05 1.022122E-05 2.410823E-05 3.326607E-16 0.000000E+00
 10944    831   3579 2.565406E-05 6.842951E-06 1.600599E-05 2.427716E-15 0.000000E+00
 10945    458    999 4.074563E-05 2.044663E-05 3.013947E-05 2.264924E-16 0.000000E+00
 10946   2357   2508 9.782675E-06 7.818957E-06 8.669460E-06 9.201254E-17 0.000000E+00
 10947   1245   1508 1.746789E-05 1.629130E-05 1.662766E-05 1.415578E-16 0.000000E+00
 10948   1163   2651 3.015629E-05 9.095853E-06 1.933315E-05 1.627914E-16 0.000000E+00
 10949   6389   6396 1.259294E-05 1.165847E-05 1.194473E-05 1.351877E-15 0.000000E+00
 10950    321   1013 3.758724E-05 2.627725E-05 3.145564E-05 2.123366E-16 0.000000E+00
 10951    488   6395 2.995094E-05 6.145219E-06 1.777871E-05 2.618819E-16 0.000000E+00
 10952    917   1007 1.607087E-05 1.819543E-05 1.687743E-05 2.264924E-16 0.000000E+00
 10953    224   5105 4.219738E-05 1.018647E-05 2.580100E-05 2.080899E-15 0.000000E+00
 10954    118   1753 3.266210E-05 1.227338E-05 2.213240E-05 1.118306E-15 0.000000E+00
 10955   3190   5102 1.400604E-05 2.525464E-06 8.142383E-06 2.243690E-15 0.000000E+00
 10956    331   1249 4.496609E-05 2.329052E-05 3.361893E-05 4.812964E-16 0.000000E+00
 10957    507   6375 3.958486E-05 5.470405E-06 2.219140E-05 1.981809E-15 0.000000E+00
 10958    318   1006 4.713142E-05 2.034605E-05 3.323517E-05 2.194145E-16 0.000000E+00
 10959    321   2202 3.956885E-05 1.626031E-05 2.749795E-05 8.281129E-16 0.000000E+00
 10960   5112   5626 6.477106E-06 8.051120E-06 7.155693E-06 1.415578E-16 0.000000E+00
 10961    220   6407 5.498954E-05 8.630914E-06 3.133545E-05 3.892838E-16 0.000000E+00
 10962   1249   3359 2.274951E-05 1.643701E-05 1.930082E-05 3.255828E-16 0.000000E+00
 10963   1205   4019 1.861612E-05 1.627203E-05 1.718372E-05 1.769472E-16 0.000000E+00
 10964    216   3589 5.938937E-05 6.149322E-06 3.228025E-05 1.932263E-15 0.000000E+00
 10965    616   2357 2.882440E-05 1.002624E-05 1.913539E-05 1.932263E-15 0.000000E+00
 10966   4428   6401 1.553193E-05 1.754655E-05 1.629238E-05 1.203241E-15 0.000000E+00
 10967    646   3576 2.974704E-05 1.004947E-05 1.960127E-05 1.571291E-15 0.000000E+00
 10968    775   3275 3.164941E-05 1.602031E-05 2.347912E-05 1.274020E-16 0.000000E+00
 10969   1006   1861 2.163614E-05 2.360292E-05 2.228193E-05 2.802844E-15 0.000000E+00
 10970    264    722 4.800149E-05 2.151361E-05 3.423878E-05 1.026294E-15 0.000000E+00
 10971   2201   6300 1.796970E-05 9.064728E-06 1.331546E-05 2.279080E-15 0.000000E+00
 10972    465   3779 1.934070E-05 1.164654E-05 1.526237E-05 4.041474E-15 0.000000E+00
 10973     87   2578 4.765064E-05 1.337595E-05 3.005787E-05 9.625928E-16 0.000000E+00
 10974    975   1061 1.562153E-05 2.657704E-05 2.078437E-05 3.892838E-16 0.000000E+00
 10975    767   5664 1.374680E-05 1.007390E-05 1.173258E-05 1.486356E-16 0.000000E+00
 10976   3982   6376 1.636533E-05 8.643696E-06 1.231788E-05 7.714898E-16 0.000000E+00
 10977    242   1018 3.375626E-05 2.118816E-05 2.706217E-05 1.259864E-15 0.000000E+00
 10978   1988   3160 1.494437E-05 1.149191E-05 1.302085E-05 7.785677E-17 0.000000E+00
 10979   1380   2980 1.589734E-05 1.314715E-05 1.430550E-05 1.627914E-16 0.000000E+00
 10980    216   6390 4.539178E-05 9.156955E-06 2.686729E-05 2.335703E-16 0.000000E+00
 10981    818   2998 3.374529E-05 9.929015E-06 2.151122E-05 1.486356E-16 0.000000E+00
 10982   1492   3265 9.873317E-06 7.949197E-06 8.778253E-06 1.274020E-16 0.000000E+00
 10983    465   2252 2.768283E-05 1.664847E-05 2.183482E-05 5.096079E-16 0.000000E+00
 10984   2252   6385 1.183016E-05 3.888715E-06 7.742131E-06 9.413591E-16 0.000000E+00
 10985    516   1380 2.319734E-05 3.233805E-05 2.735325E-05 5.379195E-16 0.000000E+00
 10986   1067   6298 1.581853E-05 9.353435E-06 1.239813E-05 7.007109E-16 0.000000E+00
 10987    855   6286 2.011610E-05 7.501930E-06 1.360291E-05 3.255828E-16 0.000000E+00
 10988    611    818 1.224857E-05 3.405237E-05 2.280494E-05 1.769472E-16 0.000000E+00
 10989    118    277 9.186469E-05 5.165893E-05 7.069074E-05 1.351877E-15 0.000000E+00
 10990   3105   6300 9.574799E-06 6.940865E-06 8.134581E-06 8.422687E-16 0.000000E+00
 10991   1007   3300 2.185455E-05 2.051366E-05 2.086792E-05 1.061683E-16 0.000000E+00
 10992   2408   4414 1.758425E-05 9.381181E-06 1.328148E-05 2.880700E-15 0.000000E+00
 10993   1163   4405 3.565499E-05 1.925344E-05 2.704445E-05 4.105175E-16 0.000000E+00
 10994   1147   1579 2.028168E-05 1.822829E-05 1.896760E-05 4.388291E-16 0.000000E+00
 10995     41   2840 4.758864E-05 8.890675E-06 2.781817E-05 2.250768E-15 0.000000E+00
 10996    224   2767 2.950669E-05 1.308107E-05 2.097606E-05 2.194145E-16 0.000000E+00
 10997    216   4268 4.258872E-05 2.051602E-05 3.108144E-05 7.007109E-16 0.000000E+00
 10998    949   3751 2.277729E-05 6.181691E-06 1.426338E-05 1.769472E-16 0.000000E+00
 10999   1231   2509 1.744588E-05 2.068390E-05 1.878034E-05 1.054605E-15 0.000000E+00
 11000   1193   3982 2.335137E-05 1.457771E-05 1.868148E-05 8.918139E-16 0.000000E+00
 11001    228   4436 3.506241E-05 1.139382E-05 2.288143E-05 7.077888E-16 0.000000E+00
 11002   1551   3918 2.435154E-05 9.663215E-06 1.675354E-05 1.082917E-15 0.000000E+00
 11003    873   1792 1.346053E-05 9.523567E-06 1.132053E-05 3.609723E-16 0.000000E+00
 11004    423   2578 3.050363E-05 1.935717E-05 2.455831E-05 6.582436E-16 0.000000E+00
 11005   1502   4466 1.424319E-05 8.468638E-06 1.118642E-05 2.286158E-15 0.000000E+00
 11006   2052   3982 1.922740E-05 1.381586E-05 1.627504E-05 1.634992E-15 0.000000E+00
 11007    648   6293 4.016628E-05 6.609127E-06 2.303863E-05 4.742185E-16 0.000000E+00
 11008    265   1258 2.729426E-05 1.922036E-05 2.291018E-05 2.045510E-15 0.000000E+00
 11009   2188   6332 2.451787E-05 9.139714E-06 1.657761E-05 2.123366E-16 0.000000E+00
 11010    765   4444 2.587457E-05 1.055635E-05 1.794359E-05 1.981809E-16 0.000000E+00
 11011   4327   4434 8.677722E-06 1.400956E-05 1.117433E-05 1.061683E-16 0.000000E+00
 11012   4345   4390 9.957175E-06 6.107716E-06 7.912558E-06 2.335703E-16 0.000000E+00
 11013   1445   6317 3.360991E-05 1.018931E-05 2.157275E-05 1.698693E-16 0.000000E+00
 11014    611   4410 2.439848E-05 1.283074E-05 1.833678E-05 8.847360E-16 0.000000E+00
 11015    224   3327 2.618792E-05 1.126177E-05 1.844537E-05 9.696707E-16 0.000000E+00
 11016   1730   4255 1.677176E-05 8.813690E-06 1.260179E-05 4.812964E-16 0.000000E+00
 11017    774   1730 2.933489E-05 1.405627E-05 2.137176E-05 9.201254E-16 0.000000E+00
 11018    112   1089 5.680815E-05 6.556402E-06 3.120941E-05 2.073821E-15 0.000000E+00
 11019   3183   5567 1.280634E-05 5.708788E-06 9.119389E-06 9.979822E-16 0.000000E+00
 11020     71   2143 7.450480E-05 1.685051E-05 4.499590E-05 5.308416E-16 0.000000E+00
 11021   1379   6328 2.153943E-05 7.277434E-06 1.419338E-05 1.627914E-16 0.000000E+00
 11022    592   3322 1.736217E-05 7.310142E-06 1.215204E-05 3.538944E-16 0.000000E+00
 11023    509   1027 3.050606E-05 1.859903E-05 2.418609E-05 6.723994E-16 0.000000E+00
 11024    481   2218 5.180925E-05 7.545028E-06 2.923420E-05 2.187067E-15 0.000000E+00
 11025   1064   2218 1.962849E-05 1.190434E-05 1.553110E-05 1.486356E-16 0.000000E+00
 11026    907   1579 1.139173E-05 1.210803E-05 1.157451E-05 1.274020E-16 0.000000E+00
 11027    928   1579 1.594976E-05 1.199457E-05 1.376363E-05 2.321547E-15 0.000000E+00
 11028   3117   6325 1.405947E-05 2.093945E-06 7.956157E-06 1.528824E-15 0.000000E+00
 11029    774   3595 2.674635E-05 1.245085E-05 1.930608E-05 1.698693E-16 0.000000E+00
 11030    648   1655 5.919617E-05 1.786551E-05 3.795575E-05 1.224475E-15 0.000000E+00
 11031   1967   3182 1.937845E-05 1.031899E-05 1.462710E-05 2.003042E-15 0.000000E+00
 11032    497   2509 1.941992E-05 7.791046E-06 1.340242E-05 1.118306E-15 0.000000E+00
 11033    616   1488 4.076919E-05 1.656106E-05 2.823728E-05 1.323565E-15 0.000000E+00
 11034    488   1488 3.723566E-05 1.995767E-05 2.816985E-05 8.493466E-16 0.000000E+00
 11035    284   2054 2.530563E-05 1.672675E-05 2.070251E-05 9.059697E-16 0.000000E+00
 11036   4456   6313 6.549636E-06 5.103365E-06 5.739538E-06 1.981809E-16 0.000000E+00
 11037   1064   4410 1.828313E-05 1.833377E-05 1.803519E-05 2.172912E-15 0.000000E+00
 11038    228   4438 5.373629E-05 8.316665E-06 3.056339E-05 4.600627E-16 0.000000E+00
 11039     50   4399 3.935293E-05 3.369640E-06 2.104246E-05 2.470183E-15 0.000000E+00
 11040    509   1417 2.552878E-05 1.032641E-05 1.766002E-05 2.831155E-16 0.000000E+00
 11041    259   1343 6.397575E-05 1.638822E-05 3.958225E-05 1.861485E-15 0.000000E+00
 11042    746   6311 2.514227E-05 6.419702E-06 1.554545E-05 3.255828E-16 0.000000E+00
 11043    120   2439 4.677625E-05 1.089769E-05 2.840657E-05 1.861485E-15 0.000000E+00
 11044    928   1889 2.170790E-05 1.876391E-05 1.993387E-05 6.370099E-16 0.000000E+00
 11045    698   4189 2.716578E-05 8.276843E-06 1.745682E-05 1.663304E-15 0.000000E+00
 11046    481   2515 2.233801E-05 9.655047E-06 1.575777E-05 1.019216E-15 0.000000E+00
 11047   1938   4355 1.329244E-05 9.473754E-06 1.121320E-05 2.335703E-16 0.000000E+00
 11048   1699   4375 1.333359E-05 1.274840E-05 1.284636E-05 2.364015E-15 0.000000E+00
 11049    284   1438 2.338850E-05 1.247560E-05 1.766441E-05 8.351908E-16 0.000000E+00
 11050   6144   6344 6.007629E-06 4.727761E-06 5.287580E-06 6.370099E-17 0.000000E+00
 11051    907   1016 2.274011E-05 2.687573E-05 2.443766E-05 1.415578E-16 0.000000E+00
 11052    928   1016 1.697747E-05 1.294171E-05 1.473631E-05 1.698693E-16 0.000000E+00
 11053   1124   1942 2.942581E-05 1.410624E-05 2.144116E-05 1.224475E-15 0.000000E+00
 11054    284   1343 2.445705E-05 2.015942E-05 2.197528E-05 5.025300E-16 0.000000E+00
 11055    848   1510 2.463368E-05 2.532187E-05 2.460497E-05 3.609723E-16 0.000000E+00
 11056    296   3317 4.456124E-05 1.022336E-05 2.698346E-05 5.025300E-16 0.000000E+00
 11057     50   2825 5.399200E-05 1.221909E-05 3.261143E-05 1.295254E-15 0.000000E+00
 11058   1131   1354 1.983456E-05 2.112991E-05 2.017653E-05 9.979822E-16 0.000000E+00
 11059    632   5602 3.985729E-05 6.100324E-06 2.263584E-05 5.025300E-16 0.000000E+00
 11060    497   1478 3.747498E-05 1.622032E-05 2.644694E-05 9.555149E-16 0.000000E+00
 11061    432   2280 2.943553E-05 6.959279E-06 1.792580E-05 2.144600E-15 0.000000E+00
 11062     37   6263 3.695292E-05 6.980113E-06 2.163866E-05 2.194145E-16 0.000000E+00
 11063   2739   3859 1.145071E-05 9.022994E-06 1.008407E-05 2.073821E-15 0.000000E+00
 11064   3860   6197 6.742783E-06 8.546652E-06 7.530617E-06 1.061683E-16 0.000000E+00
 11065   1122   6674 1.261574E-05 6.236780E-06 9.285568E-06 1.415578E-16 0.000000E+00
 11066   2015   2307 1.085470E-05 7.765231E-06 9.171012E-06 1.387266E-15 0.000000E+00
 11067      8   6707 8.129227E-05 6.553166E-06 4.326715E-05 4.600627E-16 0.000000E+00
 11068    443    632 4.249971E-05 3.747520E-05 3.939063E-05 5.449974E-16 0.000000E+00
 11069   1004   2213 3.122470E-05 1.947583E-05 2.497190E-05 5.237637E-16 0.000000E+00
 11070   1016   2160 4.388716E-05 1.478487E-05 2.889817E-05 3.255828E-16 0.000000E+00
 11071   2140   3415 8.674692E-06 6.204214E-06 7.328417E-06 1.132462E-16 0.000000E+00
 11072     32   2825 5.110891E-05 1.360155E-05 3.187232E-05 1.627914E-15 0.000000E+00
 11073   2159   5456 1.689779E-05 9.154717E-06 1.283183E-05 1.486356E-16 0.000000E+00
 11074     36   1452 7.515052E-05 2.328682E-05 4.848406E-05 5.449974E-16 0.000000E+00
 11075   1254   1854 1.889510E-05 2.126453E-05 1.978012E-05 9.342812E-16 0.000000E+00
 11076    489   5252 5.545418E-05 7.522545E-06 3.101839E-05 3.680502E-16 0.000000E+00
 11077   1355   4336 3.624751E-05 1.200914E-05 2.376820E-05 7.148667E-16 0.000000E+00
 11078   1004   4637 1.785379E-05 1.276448E-05 1.508064E-05 6.723994E-16 0.000000E+00
 11079   1358   2004 1.435088E-05 1.681795E-05 1.535181E-05 1.401422E-15 0.000000E+00
 11080   1030   1702 3.141698E-05 2.043257E-05 2.553784E-05 4.565238E-15 0.000000E+00
 11081      8   1270 1.013280E-04 1.364910E-05 5.663053E-05 4.671406E-16 0.000000E+00
 11082   2752   5271 1.074427E-05 6.379306E-06 8.433999E-06 1.981809E-16 0.000000E+00
 11083   1357   2483 1.465377E-05 1.408695E-05 1.415588E-05 1.762394E-15 0.000000E+00
 11084   3337   5555 8.354913E-06 6.708595E-06 7.419340E-06 1.826095E-15 0.000000E+00
 11085    580   6533 3.545703E-05 7.443519E-06 2.113012E-05 2.618819E-16 0.000000E+00
 11086   1692   4478 1.761833E-05 1.593033E-05 1.652397E-05 1.712849E-15 0.000000E+00
 11087   1602   6606 1.150387E-05 3.221112E-06 7.252601E-06 8.635023E-16 0.000000E+00
 11088    523   5983 2.641639E-05 1.114529E-05 1.850053E-05 1.281098E-15 0.000000E+00
 11089    363   2269 3.408810E-05 6.009549E-06 1.974959E-05 3.269984E-15 0.000000E+00
 11090   2084   2990 1.226326E-05 1.007448E-05 1.100217E-05 5.096079E-16 0.000000E+00
 11091     75   2777 6.925052E-05 5.377824E-06 3.675725E-05 4.317512E-16 0.000000E+00
 11092   1153   3308 2.368487E-05 1.219977E-05 1.767452E-05 7.856456E-16 0.000000E+00
 11093   1670   5983 1.722246E-05 6.473832E-06 1.167131E-05 1.075839E-15 0.000000E+00
 11094   1052   4376 2.271138E-05 1.664368E-05 1.938384E-05 4.459069E-16 0.000000E+00
 11095   1199   2013 1.833874E-05 1.310561E-05 1.548752E-05 2.548040E-16 0.000000E+00
 11096   3459   4270 9.055929E-06 9.145291E-06 8.964780E-06 8.422687E-16 0.000000E+00
 11097   2132   2270 1.873182E-05 1.342256E-05 1.583723E-05 5.379195E-16 0.000000E+00
 11098   2273   5887 8.922691E-06 6.336789E-06 7.515864E-06 1.061683E-16 0.000000E+00
 11099    111   4915 7.100570E-05 6.654849E-06 3.825072E-05 2.406482E-15 0.000000E+00
 11100   3524   4921 1.428137E-05 1.224712E-05 1.306627E-05 7.502561E-16 0.000000E+00
 11101   1456   5116 1.261863E-05 5.216941E-06 8.784683E-06 1.132462E-16 0.000000E+00
