     1 7.066931E-11 1.896308E-04 2.781160E-02 0.000000E+00
     2 3.650360E-11 1.478445E-04 2.401234E-02 0.000000E+00
     3 3.882575E-12 8.553720E-05 2.259537E-02 0.000000E+00
     4 6.574770E-12 8.209085E-05 2.859256E-02 0.000000E+00
     5 5.637580E-12 7.377104E-05 2.812660E-02 0.000000E+00
     6 2.495543E-12 6.764140E-05 2.285996E-02 0.000000E+00
     7 2.564623E-12 6.359299E-05 2.054359E-02 0.000000E+00
     8 2.849423E-12 5.737990E-05 2.886746E-02 0.000000E+00
     9 1.471818E-12 5.620576E-05 2.959565E-02 0.000000E+00
    10 8.726824E-13 5.533270E-05 2.525845E-02 0.000000E+00
    11 2.969011E-12 5.484224E-05 2.306049E-02 0.000000E+00
    12 2.717987E-12 5.382433E-05 2.573100E-02 0.000000E+00
    13 1.556888E-12 5.233834E-05 2.390059E-02 0.000000E+00
    14 1.125639E-12 4.926743E-05 2.407395E-02 0.000000E+00
    15 1.188717E-12 4.838871E-05 2.080780E-02 0.000000E+00
    16 7.411964E-13 4.855477E-05 2.148476E-02 0.000000E+00
    17 2.760051E-12 4.503208E-05 2.369523E-02 0.000000E+00
    18 7.363198E-13 4.411542E-05 4.139435E-02 0.000000E+00
    19 1.156053E-12 4.481980E-05 2.704608E-02 0.000000E+00
    20 6.448239E-13 4.267061E-05 2.398021E-02 0.000000E+00
    21 8.781960E-13 4.232771E-05 2.863270E-02 0.000000E+00
    22 7.869054E-13 4.208728E-05 3.080907E-02 0.000000E+00
    23 8.033686E-13 4.159788E-05 2.277314E-02 0.000000E+00
    24 1.491927E-12 4.123627E-05 1.886349E-02 0.000000E+00
    25 6.819757E-13 4.093507E-05 2.977955E-02 0.000000E+00
    26 1.219541E-12 4.039832E-05 2.633383E-02 0.000000E+00
    27 8.315740E-13 4.065048E-05 2.642184E-02 0.000000E+00
    28 6.102767E-13 3.997947E-05 3.485986E-02 0.000000E+00
    29 2.295925E-13 3.800778E-05 2.619366E-02 0.000000E+00
    30 1.870332E-13 3.740406E-05 2.733996E-02 0.000000E+00
    31 1.070255E-12 3.708854E-05 2.536466E-02 0.000000E+00
    32 3.464909E-13 3.851424E-05 3.532918E-02 0.000000E+00
    33 4.523903E-13 3.664814E-05 3.102479E-02 0.000000E+00
    34 4.460485E-13 3.715916E-05 3.115634E-02 0.000000E+00
    35 4.778495E-13 3.614947E-05 4.053990E-02 0.000000E+00
    36 7.612693E-13 3.554925E-05 2.632688E-02 0.000000E+00
    37 3.613120E-13 3.569094E-05 4.030898E-02 0.000000E+00
    38 3.121632E-13 3.519014E-05 3.006653E-02 0.000000E+00
    39 4.208441E-13 3.487698E-05 3.363007E-02 0.000000E+00
    40 2.236613E-13 3.424432E-05 1.858920E-02 0.000000E+00
    41 7.049364E-13 3.477777E-05 2.673278E-02 0.000000E+00
    42 2.339313E-13 3.413347E-05 4.679576E-02 0.000000E+00
    43 2.183104E-13 3.434295E-05 3.706110E-02 0.000000E+00
    44 6.414548E-13 3.431413E-05 3.901608E-02 0.000000E+00
    45 4.191950E-13 3.397337E-05 3.324916E-02 0.000000E+00
    46 3.151713E-13 3.362776E-05 1.840754E-02 0.000000E+00
    47 6.546622E-13 3.303880E-05 2.801481E-02 0.000000E+00
    48 4.247228E-13 3.345586E-05 2.796932E-02 0.000000E+00
    49 8.127539E-14 3.218090E-05 3.597993E-02 0.000000E+00
    50 3.087587E-13 3.166141E-05 3.847575E-02 0.000000E+00
    51 2.475208E-13 3.174880E-05 3.372372E-02 0.000000E+00
    52 2.978163E-13 3.152557E-05 2.862114E-02 0.000000E+00
    53 1.765579E-13 3.166241E-05 4.314545E-02 0.000000E+00
    54 4.333437E-13 3.142386E-05 3.061115E-02 0.000000E+00
    55 5.258517E-13 3.177371E-05 2.638668E-02 0.000000E+00
    56 4.829455E-13 3.165729E-05 3.279782E-02 0.000000E+00
    57 3.666063E-13 3.025219E-05 2.475810E-02 0.000000E+00
    58 5.753474E-13 3.078271E-05 2.488326E-02 0.000000E+00
    59 4.845805E-13 3.127656E-05 3.112075E-02 0.000000E+00
    60 3.470288E-13 2.925061E-05 2.750398E-02 0.000000E+00
    61 2.411295E-13 2.953558E-05 2.951892E-02 0.000000E+00
    62 2.558232E-13 2.897699E-05 3.140116E-02 0.000000E+00
    63 1.416781E-13 2.883480E-05 3.469486E-02 0.000000E+00
    64 4.485045E-13 2.989456E-05 2.776805E-02 0.000000E+00
    65 4.373427E-13 2.915794E-05 2.009311E-02 0.000000E+00
    66 1.669815E-13 2.836237E-05 2.990232E-02 0.000000E+00
    67 3.452098E-13 2.861319E-05 2.427611E-02 0.000000E+00
    68 2.407685E-13 2.817558E-05 3.067139E-02 0.000000E+00
    69 2.023710E-13 2.814159E-05 2.918456E-02 0.000000E+00
    70 1.850726E-13 2.759594E-05 4.727639E-02 0.000000E+00
    71 2.855362E-13 2.759571E-05 3.121371E-02 0.000000E+00
    72 1.304879E-13 2.692110E-05 3.195804E-02 0.000000E+00
    73 5.433695E-14 3.090109E-05 5.809327E-02 0.000000E+00
    74 4.520647E-13 2.634655E-05 2.156880E-02 0.000000E+00
    75 6.546763E-13 2.664378E-05 2.390775E-02 0.000000E+00
    76 1.366953E-13 2.623317E-05 3.710196E-02 0.000000E+00
    77 3.525425E-13 2.588522E-05 3.382104E-02 0.000000E+00
    78 1.624163E-13 2.574973E-05 2.833004E-02 0.000000E+00
    79 1.361503E-13 2.630973E-05 3.129269E-02 0.000000E+00
    80 3.221855E-14 2.697672E-05 5.354344E-02 0.000000E+00
    81 2.505148E-13 2.578976E-05 2.541490E-02 0.000000E+00
    82 1.799695E-13 2.602862E-05 3.352202E-02 0.000000E+00
    83 8.923801E-14 2.549984E-05 2.793681E-02 0.000000E+00
    84 1.015323E-13 2.573883E-05 3.053899E-02 0.000000E+00
    85 1.690978E-13 2.549241E-05 3.103772E-02 0.000000E+00
    86 2.541245E-13 2.547508E-05 3.009911E-02 0.000000E+00
    87 1.867359E-13 2.557003E-05 2.748266E-02 0.000000E+00
    88 1.511129E-13 2.521999E-05 3.954333E-02 0.000000E+00
    89 2.096612E-13 2.473141E-05 2.689223E-02 0.000000E+00
    90 1.575255E-13 2.522495E-05 2.823223E-02 0.000000E+00
    91 1.467459E-13 2.523069E-05 3.185815E-02 0.000000E+00
    92 2.017623E-13 2.525303E-05 2.486935E-02 0.000000E+00
    93 1.499309E-13 2.496416E-05 2.641440E-02 0.000000E+00
    94 1.574618E-13 2.495182E-05 2.865995E-02 0.000000E+00
    95 7.426828E-14 2.428780E-05 3.136780E-02 0.000000E+00
    96 1.583819E-13 2.403341E-05 2.520214E-02 0.000000E+00
    97 1.371978E-13 2.420105E-05 3.031673E-02 0.000000E+00
    98 5.830764E-14 2.381338E-05 2.614752E-02 0.000000E+00
    99 2.786635E-13 2.347286E-05 1.976089E-02 0.000000E+00
   100 2.140353E-13 2.374076E-05 2.096673E-02 0.000000E+00
   101 8.904691E-14 2.463920E-05 3.580340E-02 0.000000E+00
   102 1.244151E-13 2.428121E-05 3.155318E-02 0.000000E+00
   103 1.487560E-13 2.412174E-05 2.943859E-02 0.000000E+00
   104 1.198711E-13 2.392012E-05 3.163994E-02 0.000000E+00
   105 1.236436E-13 2.397205E-05 2.911832E-02 0.000000E+00
   106 2.372225E-13 2.381150E-05 4.291232E-02 0.000000E+00
   107 1.049934E-13 2.313191E-05 3.081955E-02 0.000000E+00
   108 2.023851E-13 2.366407E-05 3.355132E-02 0.000000E+00
   109 1.431149E-13 2.382497E-05 4.382597E-02 0.000000E+00
   110 4.179422E-13 2.345198E-05 2.684922E-02 0.000000E+00
   111 4.552214E-13 2.427643E-05 2.766732E-02 0.000000E+00
   112 1.992567E-13 2.292373E-05 3.812549E-02 0.000000E+00
   113 1.187386E-13 2.285668E-05 3.621055E-02 0.000000E+00
   114 1.190572E-13 2.268502E-05 3.069445E-02 0.000000E+00
   115 2.012739E-13 2.320183E-05 2.809994E-02 0.000000E+00
   116 2.465724E-13 2.305950E-05 2.157911E-02 0.000000E+00
   117 1.197012E-13 2.332540E-05 2.888074E-02 0.000000E+00
   118 2.004741E-13 2.311729E-05 2.859237E-02 0.000000E+00
   119 1.171815E-13 2.267178E-05 3.330366E-02 0.000000E+00
   120 1.689917E-13 2.317155E-05 2.417618E-02 0.000000E+00
   121 1.748026E-13 2.279686E-05 2.582419E-02 0.000000E+00
   122 1.958806E-13 2.346877E-05 3.250225E-02 0.000000E+00
   123 1.000459E-13 2.319820E-05 3.896675E-02 0.000000E+00
   124 3.029336E-13 2.301940E-05 2.544795E-02 0.000000E+00
   125 3.555931E-13 2.264371E-05 3.911930E-02 0.000000E+00
   126 2.977243E-13 2.193138E-05 2.395526E-02 0.000000E+00
   127 1.537246E-13 2.228347E-05 2.480537E-02 0.000000E+00
   128 2.689527E-13 2.240065E-05 2.144308E-02 0.000000E+00
   129 8.155850E-14 2.225844E-05 3.856572E-02 0.000000E+00
   130 1.320522E-13 2.223303E-05 2.910086E-02 0.000000E+00
   131 9.158079E-14 2.226523E-05 2.896519E-02 0.000000E+00
   132 9.570720E-14 2.159565E-05 3.324249E-02 0.000000E+00
   133 1.334607E-13 2.213205E-05 2.344838E-02 0.000000E+00
   134 1.573273E-13 2.210979E-05 2.135483E-02 0.000000E+00
   135 8.557167E-14 2.161396E-05 3.516519E-02 0.000000E+00
   136 1.041440E-13 2.145262E-05 3.328104E-02 0.000000E+00
   137 1.284141E-13 2.201625E-05 3.377870E-02 0.000000E+00
   138 2.005803E-13 2.137878E-05 2.564570E-02 0.000000E+00
   139 1.743708E-13 2.199471E-05 2.359560E-02 0.000000E+00
   140 1.711787E-13 2.181840E-05 1.888149E-02 0.000000E+00
   141 1.199136E-13 2.243834E-05 4.033164E-02 0.000000E+00
   142 1.054959E-13 2.152373E-05 2.611786E-02 0.000000E+00
   143 1.305092E-13 2.278709E-05 2.994495E-02 0.000000E+00
   144 9.890641E-14 2.140475E-05 1.572577E-02 0.000000E+00
   145 5.595778E-14 2.086964E-05 3.397668E-02 0.000000E+00
   146 1.359379E-13 2.162701E-05 2.281285E-02 0.000000E+00
   147 3.869411E-13 2.111390E-05 6.793662E-02 0.000000E+00
   148 1.068478E-13 2.114455E-05 4.005041E-02 0.000000E+00
   149 1.815337E-13 2.108410E-05 4.176628E-02 0.000000E+00
   150 1.105708E-13 2.079110E-05 2.799193E-02 0.000000E+00
   151 6.995077E-14 2.071597E-05 2.661572E-02 0.000000E+00
   152 5.911452E-14 2.074350E-05 4.090868E-02 0.000000E+00
   153 1.284424E-13 2.067064E-05 3.469800E-02 0.000000E+00
   154 6.122373E-14 2.070908E-05 2.504422E-02 0.000000E+00
   155 5.059982E-14 2.055501E-05 4.331092E-02 0.000000E+00
   156 1.253282E-13 2.102871E-05 3.266872E-02 0.000000E+00
   157 5.657356E-14 2.053172E-05 3.309091E-02 0.000000E+00
   158 2.326148E-13 2.087585E-05 3.275168E-02 0.000000E+00
   159 1.015818E-13 2.093325E-05 3.254910E-02 0.000000E+00
   160 9.650700E-14 2.053851E-05 3.704830E-02 0.000000E+00
   161 5.675758E-14 2.057887E-05 2.241691E-02 0.000000E+00
   162 8.027741E-14 2.055031E-05 3.474586E-02 0.000000E+00
   163 1.938704E-13 2.078913E-05 3.392512E-02 0.000000E+00
   164 2.121455E-13 2.041803E-05 2.221247E-02 0.000000E+00
   165 1.312524E-13 2.085924E-05 3.223613E-02 0.000000E+00
   166 7.026927E-14 2.018372E-05 2.642010E-02 0.000000E+00
   167 1.632515E-13 2.053339E-05 3.214333E-02 0.000000E+00
   168 6.123081E-14 2.065947E-05 2.810462E-02 0.000000E+00
   169 5.090417E-14 2.088372E-05 2.512676E-02 0.000000E+00
   170 7.048869E-14 2.041623E-05 3.427155E-02 0.000000E+00
   171 6.917220E-14 2.037934E-05 2.463948E-02 0.000000E+00
   172 1.455851E-13 2.053522E-05 2.448091E-02 0.000000E+00
   173 2.353893E-13 2.060270E-05 4.420622E-02 0.000000E+00
   174 1.001309E-13 2.043753E-05 2.623874E-02 0.000000E+00
   175 1.633010E-13 2.034693E-05 2.453929E-02 0.000000E+00
   176 4.811548E-14 2.029476E-05 3.137656E-02 0.000000E+00
   177 1.184626E-13 2.032583E-05 6.690210E-02 0.000000E+00
   178 5.758570E-14 2.019552E-05 2.560715E-02 0.000000E+00
   179 1.191492E-13 2.045307E-05 2.660930E-02 0.000000E+00
   180 5.672219E-14 1.933237E-05 3.900524E-02 0.000000E+00
   181 1.142583E-13 1.924211E-05 2.390762E-02 0.000000E+00
   182 1.220299E-13 1.940261E-05 3.205369E-02 0.000000E+00
   183 5.229851E-14 1.914825E-05 1.955022E-02 0.000000E+00
   184 1.640654E-13 1.925070E-05 2.310624E-02 0.000000E+00
   185 1.015394E-13 2.001255E-05 2.921075E-02 0.000000E+00
   186 8.487096E-14 1.956545E-05 3.267433E-02 0.000000E+00
   187 1.150723E-13 1.901812E-05 2.274298E-02 0.000000E+00
   188 1.202321E-13 1.924038E-05 3.796964E-02 0.000000E+00
   189 1.609866E-13 1.933976E-05 2.422531E-02 0.000000E+00
   190 1.577166E-13 1.917035E-05 3.245095E-02 0.000000E+00
   191 7.385068E-14 1.997962E-05 3.829866E-02 0.000000E+00
   192 1.127578E-13 1.944354E-05 2.199988E-02 0.000000E+00
   193 3.441977E-14 1.895112E-05 2.401169E-02 0.000000E+00
   194 1.129489E-13 1.948136E-05 3.475721E-02 0.000000E+00
   195 1.710938E-13 1.927172E-05 2.565463E-02 0.000000E+00
   196 1.301977E-13 1.974591E-05 3.029269E-02 0.000000E+00
   197 1.066284E-13 2.050202E-05 3.019633E-02 0.000000E+00
   198 8.515407E-14 1.926307E-05 2.629449E-02 0.000000E+00
   199 6.159886E-14 1.906876E-05 3.694921E-02 0.000000E+00
   200 8.271220E-14 1.852112E-05 2.174585E-02 0.000000E+00
   201 1.143220E-13 1.957072E-05 2.600323E-02 0.000000E+00
   202 8.851607E-14 1.898881E-05 3.122928E-02 0.000000E+00
   203 7.724099E-14 1.897029E-05 2.776607E-02 0.000000E+00
   204 2.458788E-13 1.929788E-05 3.267729E-02 0.000000E+00
   205 1.076334E-13 1.926972E-05 3.088015E-02 0.000000E+00
   206 1.104646E-13 1.882698E-05 2.764468E-02 0.000000E+00
   207 5.632583E-14 1.906549E-05 3.105353E-02 0.000000E+00
   208 8.390128E-14 1.922574E-05 3.308278E-02 0.000000E+00
   209 1.057083E-13 1.898820E-05 3.248951E-02 0.000000E+00
   210 7.152206E-14 1.908296E-05 2.826856E-02 0.000000E+00
   211 1.321229E-13 1.855429E-05 2.937724E-02 0.000000E+00
   212 7.208121E-14 1.905678E-05 3.151651E-02 0.000000E+00
   213 8.759594E-14 1.924607E-05 3.262128E-02 0.000000E+00
   214 8.040481E-14 1.873220E-05 3.667291E-02 0.000000E+00
   215 1.995964E-13 1.903651E-05 4.309601E-02 0.000000E+00
   216 9.775271E-14 1.834153E-05 4.356653E-02 0.000000E+00
   217 1.071805E-13 1.892808E-05 3.347947E-02 0.000000E+00
   218 1.337508E-13 1.894918E-05 2.933119E-02 0.000000E+00
   219 6.012666E-14 1.861842E-05 3.288901E-02 0.000000E+00
   220 9.465260E-14 1.866264E-05 1.373612E-02 0.000000E+00
   221 1.313444E-13 1.922791E-05 3.227950E-02 0.000000E+00
   222 1.271613E-13 1.869427E-05 3.695860E-02 0.000000E+00
   223 1.574618E-13 1.813635E-05 3.809380E-02 0.000000E+00
   224 1.008104E-13 1.783982E-05 3.908473E-02 0.000000E+00
   225 4.943197E-14 1.791536E-05 3.244087E-02 0.000000E+00
   226 7.638457E-14 1.846589E-05 3.701783E-02 0.000000E+00
   227 8.584770E-14 1.797482E-05 2.886375E-02 0.000000E+00
   228 1.111441E-13 1.776600E-05 3.724145E-02 0.000000E+00
   229 4.051383E-14 1.770208E-05 3.577325E-02 0.000000E+00
   230 1.137487E-13 1.831850E-05 2.447362E-02 0.000000E+00
   231 3.977065E-14 2.254521E-05 3.334927E-02 0.000000E+00
   232 1.284000E-13 1.812949E-05 4.689150E-02 0.000000E+00
   233 7.021265E-14 1.813056E-05 3.264458E-02 0.000000E+00
   234 7.063024E-14 1.829837E-05 2.781146E-02 0.000000E+00
   235 5.411753E-14 1.794794E-05 3.225670E-02 0.000000E+00
   236 8.379512E-14 1.749972E-05 2.455708E-02 0.000000E+00
   237 6.407612E-14 1.759166E-05 3.120345E-02 0.000000E+00
   238 6.461404E-14 1.786945E-05 3.011487E-02 0.000000E+00
   239 7.823897E-14 1.811318E-05 2.688301E-02 0.000000E+00
   240 4.685562E-14 1.791341E-05 3.876208E-02 0.000000E+00
   241 1.004140E-13 1.794208E-05 2.536705E-02 0.000000E+00
   242 1.061966E-13 1.782579E-05 3.451185E-02 0.000000E+00
   243 9.974868E-14 1.766830E-05 3.636633E-02 0.000000E+00
   244 1.562798E-14 2.035382E-05 6.714978E-02 0.000000E+00
   245 1.147963E-13 1.756818E-05 4.725882E-02 0.000000E+00
   246 1.086951E-13 1.791401E-05 3.431931E-02 0.000000E+00
   247 5.628337E-14 1.726000E-05 2.881506E-02 0.000000E+00
   248 7.091336E-14 1.733298E-05 3.387057E-02 0.000000E+00
   249 5.745829E-14 1.740330E-05 4.174731E-02 0.000000E+00
   250 1.245708E-13 1.774145E-05 3.212996E-02 0.000000E+00
   251 2.761792E-14 1.732635E-05 3.753340E-02 0.000000E+00
   252 1.379410E-13 1.693385E-05 3.313398E-02 0.000000E+00
   253 8.912477E-14 1.764866E-05 2.917513E-02 0.000000E+00
   254 6.922882E-14 1.685298E-05 3.875193E-02 0.000000E+00
   255 8.506206E-14 1.741497E-05 4.703847E-02 0.000000E+00
   256 6.023283E-14 1.719647E-05 2.304486E-02 0.000000E+00
   257 6.238450E-14 1.692022E-05 2.850937E-02 0.000000E+00
   258 5.524292E-14 1.723734E-05 3.840553E-02 0.000000E+00
   259 1.000955E-13 1.671985E-05 3.913453E-02 0.000000E+00
   260 6.478391E-14 1.674500E-05 3.256204E-02 0.000000E+00
   261 6.671617E-14 1.739935E-05 2.737312E-02 0.000000E+00
   262 9.866576E-14 1.729769E-05 2.897814E-02 0.000000E+00
   263 1.005202E-13 1.719088E-05 3.363364E-02 0.000000E+00
   264 1.019570E-13 1.730750E-05 2.548179E-02 0.000000E+00
   265 5.014684E-14 1.722035E-05 2.542961E-02 0.000000E+00
   266 7.523795E-14 1.709602E-05 3.029575E-02 0.000000E+00
   267 6.708422E-14 1.651565E-05 2.618644E-02 0.000000E+00
   268 6.491131E-14 1.687742E-05 2.099428E-02 0.000000E+00
   269 7.450893E-14 1.669885E-05 3.875007E-02 0.000000E+00
   270 5.049365E-14 1.708291E-05 3.670938E-02 0.000000E+00
   271 2.550871E-14 1.664047E-05 3.770262E-02 0.000000E+00
   272 4.808717E-14 1.664343E-05 2.729631E-02 0.000000E+00
   273 7.696495E-14 1.664679E-05 7.717505E-02 0.000000E+00
   274 5.399013E-14 1.672246E-05 3.067656E-02 0.000000E+00
   275 7.290225E-14 1.687309E-05 6.905508E-02 0.000000E+00
   276 8.469401E-14 1.622049E-05 2.315524E-02 0.000000E+00
   277 7.378698E-14 1.663462E-05 2.899419E-02 0.000000E+00
   278 6.217217E-14 1.629690E-05 2.929177E-02 0.000000E+00
   279 7.681632E-14 1.646690E-05 3.641244E-02 0.000000E+00
   280 7.897507E-14 1.641893E-05 3.268742E-02 0.000000E+00
   281 6.118834E-14 1.654563E-05 3.073714E-02 0.000000E+00
   282 2.051172E-14 1.662371E-05 4.526542E-02 0.000000E+00
   283 4.953106E-14 1.657466E-05 2.769961E-02 0.000000E+00
   284 7.782846E-14 1.641363E-05 4.595705E-02 0.000000E+00
   285 7.878397E-14 1.595165E-05 4.786179E-02 0.000000E+00
   286 5.275150E-14 1.578355E-05 4.071398E-02 0.000000E+00
   287 8.916723E-14 1.585459E-05 2.588501E-02 0.000000E+00
   288 5.500935E-14 1.578814E-05 4.063331E-02 0.000000E+00
   289 1.730119E-13 1.625327E-05 2.499043E-02 0.000000E+00
   290 4.386167E-14 1.596128E-05 3.816743E-02 0.000000E+00
   291 2.461689E-14 1.623409E-05 4.741345E-02 0.000000E+00
   292 1.798562E-13 1.678627E-05 2.954165E-02 0.000000E+00
   293 1.099833E-13 1.663014E-05 2.300244E-02 0.000000E+00
   294 6.912973E-14 1.613421E-05 3.822175E-02 0.000000E+00
   295 5.081216E-14 1.635532E-05 2.540608E-02 0.000000E+00
   296 7.371620E-14 1.642120E-05 4.055303E-02 0.000000E+00
   297 5.735213E-14 1.601723E-05 3.033393E-02 0.000000E+00
   298 5.141378E-14 1.638682E-05 2.814077E-02 0.000000E+00
   299 6.372223E-14 1.630004E-05 2.961291E-02 0.000000E+00
   300 6.858473E-14 1.564763E-05 3.479953E-02 0.000000E+00
   301 9.437656E-14 1.772003E-05 3.340499E-02 0.000000E+00
   302 9.453935E-14 1.622072E-05 3.632999E-02 0.000000E+00
   303 7.566970E-14 1.567399E-05 3.716495E-02 0.000000E+00
   304 7.255543E-14 1.560830E-05 2.869708E-02 0.000000E+00
   305 1.472696E-13 1.687251E-05 3.425156E-02 0.000000E+00
   306 2.225996E-14 1.585351E-05 2.227470E-02 0.000000E+00
   307 8.077286E-14 1.524127E-05 2.167621E-02 0.000000E+00
   308 3.594152E-14 1.589505E-05 3.112343E-02 0.000000E+00
   309 5.575960E-14 1.519186E-05 3.642339E-02 0.000000E+00
   310 4.661497E-14 1.545128E-05 3.776742E-02 0.000000E+00
   311 1.420674E-13 1.605218E-05 1.454350E-02 0.000000E+00
   312 2.439040E-14 1.571540E-05 2.890835E-02 0.000000E+00
   313 3.490814E-14 1.558305E-05 3.294157E-02 0.000000E+00
   314 7.586788E-14 1.578605E-05 3.419407E-02 0.000000E+00
   315 6.406196E-14 1.558967E-05 2.756316E-02 0.000000E+00
   316 6.283041E-14 1.498110E-05 3.075210E-02 0.000000E+00
   317 2.267048E-14 1.584521E-05 2.943580E-02 0.000000E+00
   318 7.528749E-14 1.521787E-05 2.862026E-02 0.000000E+00
   319 5.784758E-14 1.484267E-05 2.519908E-02 0.000000E+00
   320 7.078596E-14 1.550190E-05 2.624558E-02 0.000000E+00
   321 8.507621E-14 1.489322E-05 2.815428E-02 0.000000E+00
   322 1.710018E-14 1.591617E-05 3.917164E-02 0.000000E+00
   323 6.532891E-14 1.582659E-05 2.895188E-02 0.000000E+00
   324 8.213889E-14 1.516644E-05 4.210578E-02 0.000000E+00
   325 1.013412E-13 1.568941E-05 3.706393E-02 0.000000E+00
   326 8.418440E-14 1.542798E-05 4.485673E-02 0.000000E+00
   327 2.090100E-14 1.466413E-05 6.323884E-02 0.000000E+00
   328 3.361289E-14 1.492563E-05 3.691293E-02 0.000000E+00
   329 4.260181E-14 1.522537E-05 3.546390E-02 0.000000E+00
   330 5.360085E-14 1.565707E-05 3.396706E-02 0.000000E+00
   331 4.917009E-14 1.498928E-05 2.933872E-02 0.000000E+00
   332 4.176662E-14 1.453263E-05 2.275221E-02 0.000000E+00
   333 5.632583E-14 1.505913E-05 2.592739E-02 0.000000E+00
   334 5.853413E-14 1.476259E-05 3.070355E-02 0.000000E+00
   335 4.175246E-14 1.500608E-05 3.519637E-02 0.000000E+00
   336 5.151287E-14 1.479447E-05 2.565861E-02 0.000000E+00
   337 6.094769E-14 1.494419E-05 5.000000E-02 0.000000E+00
   338 7.563431E-14 1.478269E-05 2.254005E-02 0.000000E+00
   339 7.312874E-14 1.506476E-05 3.790251E-02 0.000000E+00
   340 4.417310E-14 1.538815E-05 3.408111E-02 0.000000E+00
   341 7.576879E-14 1.556903E-05 3.404488E-02 0.000000E+00
   342 2.731357E-14 1.515223E-05 2.044052E-02 0.000000E+00
   343 5.287182E-14 1.553975E-05 2.643503E-02 0.000000E+00
   344 9.555149E-14 1.501159E-05 5.545823E-02 0.000000E+00
   345 2.858051E-14 1.549141E-05 4.372684E-02 0.000000E+00
   346 1.357539E-13 1.564348E-05 3.469949E-02 0.000000E+00
   347 5.397597E-14 1.534446E-05 2.770431E-02 0.000000E+00
   348 6.017620E-14 1.473187E-05 2.662511E-02 0.000000E+00
   349 7.920864E-14 1.460301E-05 3.855127E-02 0.000000E+00
   350 4.296986E-14 1.439391E-05 3.043606E-02 0.000000E+00
   351 7.137342E-14 1.470881E-05 4.048074E-02 0.000000E+00
   352 3.795164E-14 1.514594E-05 3.127939E-02 0.000000E+00
   353 4.589303E-14 1.449623E-05 3.862318E-02 0.000000E+00
   354 5.595070E-14 1.428539E-05 3.185666E-02 0.000000E+00
   355 1.020207E-13 1.441181E-05 2.674512E-02 0.000000E+00
   356 4.809425E-14 1.434620E-05 2.322719E-02 0.000000E+00
   357 4.243194E-14 1.436656E-05 2.242593E-02 0.000000E+00
   358 9.725018E-14 1.469344E-05 2.760940E-02 0.000000E+00
   359 5.468376E-14 1.442039E-05 3.247570E-02 0.000000E+00
   360 8.014293E-14 1.592061E-05 2.201423E-02 0.000000E+00
   361 4.718828E-14 1.451428E-05 3.560659E-02 0.000000E+00
   362 1.618005E-14 1.428206E-05 2.294044E-02 0.000000E+00
   363 4.808009E-14 1.455421E-05 3.935893E-02 0.000000E+00
   364 4.190110E-14 1.418098E-05 4.145018E-02 0.000000E+00
   365 8.378096E-14 1.449281E-05 2.616504E-02 0.000000E+00
   366 4.798100E-14 1.436421E-05 3.796481E-02 0.000000E+00
   367 4.519231E-14 1.495265E-05 2.625969E-02 0.000000E+00
   368 6.998616E-14 1.429687E-05 2.682516E-02 0.000000E+00
   369 5.824394E-14 1.466152E-05 3.504868E-02 0.000000E+00
   370 2.486462E-14 1.397761E-05 3.739063E-02 0.000000E+00
   371 1.857946E-14 1.453146E-05 3.861252E-02 0.000000E+00
   372 8.739776E-14 1.451389E-05 1.573938E-02 0.000000E+00
   373 3.709521E-14 1.486483E-05 3.785110E-02 0.000000E+00
   374 3.663515E-14 1.433772E-05 4.977502E-02 0.000000E+00
   375 3.754112E-14 1.441358E-05 2.884931E-02 0.000000E+00
   376 4.660081E-14 1.395683E-05 3.686576E-02 0.000000E+00
   377 7.688710E-14 1.430598E-05 4.062782E-02 0.000000E+00
   378 5.633999E-14 1.398310E-05 3.004533E-02 0.000000E+00
   379 3.604768E-14 1.447399E-05 4.421108E-02 0.000000E+00
   380 3.793748E-14 1.443906E-05 3.050506E-02 0.000000E+00
   381 3.993344E-14 1.428892E-05 3.116989E-02 0.000000E+00
   382 2.145308E-14 1.379137E-05 3.488874E-02 0.000000E+00
   383 4.338745E-14 1.407890E-05 4.971413E-02 0.000000E+00
   384 1.582616E-14 1.447520E-05 3.138825E-02 0.000000E+00
   385 3.475951E-14 1.440856E-05 4.309169E-02 0.000000E+00
   386 3.912656E-14 1.358435E-05 5.000000E-02 0.000000E+00
   387 3.614677E-14 1.378461E-05 2.786146E-02 0.000000E+00
   388 4.350778E-14 1.369898E-05 3.532408E-02 0.000000E+00
   389 5.761401E-14 1.414606E-05 3.619821E-02 0.000000E+00
   390 3.936721E-14 1.403646E-05 2.979387E-02 0.000000E+00
   391 5.102449E-14 1.379712E-05 2.992325E-02 0.000000E+00
   392 3.566548E-14 1.387775E-05 3.658412E-02 0.000000E+00
   393 4.241778E-14 1.379695E-05 3.512139E-02 0.000000E+00
   394 2.069574E-14 1.399486E-05 4.319616E-02 0.000000E+00
   395 2.640760E-14 1.405052E-05 3.267472E-02 0.000000E+00
   396 4.295570E-14 1.384725E-05 2.345043E-02 0.000000E+00
   397 5.336728E-14 1.374641E-05 2.636824E-02 0.000000E+00
   398 5.018930E-14 1.411402E-05 2.809954E-02 0.000000E+00
   399 8.084364E-14 1.400919E-05 6.947324E-02 0.000000E+00
   400 4.154720E-14 1.370516E-05 2.987563E-02 0.000000E+00
   401 7.719145E-14 1.402255E-05 4.132944E-02 0.000000E+00
   402 3.071096E-14 1.391133E-05 4.501777E-02 0.000000E+00
   403 5.925608E-14 1.412335E-05 2.844993E-02 0.000000E+00
   404 5.590824E-14 1.350049E-05 3.626169E-02 0.000000E+00
   405 2.855220E-14 1.412129E-05 2.688374E-02 0.000000E+00
   406 7.027635E-14 1.357097E-05 4.946264E-02 0.000000E+00
   407 1.036911E-14 1.361712E-05 2.730873E-02 0.000000E+00
   408 3.579996E-14 1.403583E-05 2.639562E-02 0.000000E+00
   409 4.791022E-14 1.393552E-05 4.222214E-02 0.000000E+00
   410 3.596983E-14 1.381418E-05 3.146007E-02 0.000000E+00
   411 5.634707E-14 1.357485E-05 2.593619E-02 0.000000E+00
   412 1.684537E-14 1.351052E-05 4.297578E-02 0.000000E+00
   413 3.320945E-14 1.315608E-05 2.990562E-02 0.000000E+00
   414 4.928333E-14 1.345667E-05 2.691917E-02 0.000000E+00
   415 2.344904E-14 1.389947E-05 3.453190E-02 0.000000E+00
   416 4.340161E-14 1.391426E-05 2.278100E-02 0.000000E+00
   417 6.867675E-14 1.346859E-05 3.022306E-02 0.000000E+00
   418 5.864738E-14 1.359640E-05 4.596400E-02 0.000000E+00
   419 4.065539E-14 1.397191E-05 2.841310E-02 0.000000E+00
   420 2.612448E-14 1.337366E-05 2.884778E-02 0.000000E+00
   421 3.131258E-14 1.391913E-05 2.641484E-02 0.000000E+00
   422 3.768268E-14 1.341384E-05 3.216357E-02 0.000000E+00
   423 5.515090E-14 1.380675E-05 4.094320E-02 0.000000E+00
   424 2.232366E-14 1.329424E-05 3.465920E-02 0.000000E+00
   425 2.969882E-14 1.352871E-05 4.125999E-02 0.000000E+00
   426 6.659585E-14 1.344808E-05 2.032012E-02 0.000000E+00
   427 6.020452E-14 1.372991E-05 3.418297E-02 0.000000E+00
   428 3.214069E-14 1.349576E-05 4.122644E-02 0.000000E+00
   429 6.406904E-14 1.368897E-05 2.440644E-02 0.000000E+00
   430 4.230454E-14 1.363948E-05 2.345362E-02 0.000000E+00
   431 4.929041E-14 1.300549E-05 3.627082E-02 0.000000E+00
   432 3.890715E-14 1.336087E-05 3.049910E-02 0.000000E+00
   433 4.358563E-14 1.341732E-05 2.920939E-02 0.000000E+00
   434 7.891845E-14 1.392399E-05 3.067588E-02 0.000000E+00
   435 6.564741E-14 1.347994E-05 2.121287E-02 0.000000E+00
   436 6.281626E-14 1.349815E-05 6.520917E-02 0.000000E+00
   437 4.285661E-14 1.289226E-05 4.280521E-02 0.000000E+00
   438 3.583535E-14 1.342726E-05 4.802469E-02 0.000000E+00
   439 3.251582E-14 1.337517E-05 3.706356E-02 0.000000E+00
   440 3.888592E-14 1.277050E-05 3.330975E-02 0.000000E+00
   441 3.831261E-14 1.426281E-05 3.015082E-02 0.000000E+00
   442 3.618216E-14 1.331013E-05 2.970708E-02 0.000000E+00
   443 4.754217E-14 1.349098E-05 3.732287E-02 0.000000E+00
   444 5.687791E-14 1.348975E-05 2.751168E-02 0.000000E+00
   445 2.922460E-14 1.264406E-05 3.984457E-02 0.000000E+00
   446 3.868774E-14 1.354896E-05 3.021611E-02 0.000000E+00
   447 3.087375E-14 1.319484E-05 5.126234E-02 0.000000E+00
   448 2.447534E-14 1.358411E-05 4.600700E-02 0.000000E+00
   449 6.605793E-14 1.360262E-05 3.496045E-02 0.000000E+00
   450 2.009412E-14 1.348148E-05 3.370286E-02 0.000000E+00
   451 3.650067E-14 1.455136E-05 3.280025E-02 0.000000E+00
   452 2.531761E-14 1.351961E-05 2.952794E-02 0.000000E+00
   453 3.117810E-14 1.352920E-05 2.375569E-02 0.000000E+00
   454 4.184447E-14 1.292303E-05 2.876339E-02 0.000000E+00
   455 4.378382E-14 1.332925E-05 3.746983E-02 0.000000E+00
   456 7.587496E-15 1.303983E-05 4.456932E-02 0.000000E+00
   457 5.009021E-14 1.402979E-05 2.645269E-02 0.000000E+00
   458 3.949462E-14 1.371517E-05 3.669108E-02 0.000000E+00
   459 7.716313E-14 1.288321E-05 3.661569E-02 0.000000E+00
   460 8.346953E-14 1.302679E-05 6.997328E-02 0.000000E+00
   461 4.511446E-14 1.350929E-05 2.401412E-02 0.000000E+00
   462 7.208121E-14 1.305788E-05 3.987989E-02 0.000000E+00
   463 2.666240E-14 1.261393E-05 3.714084E-02 0.000000E+00
   464 3.390308E-14 1.277916E-05 3.381613E-02 0.000000E+00
   465 4.059877E-14 1.313997E-05 4.239795E-02 0.000000E+00
   466 4.614783E-14 1.341105E-05 3.741555E-02 0.000000E+00
   467 3.574333E-14 1.282990E-05 2.490324E-02 0.000000E+00
   468 2.938739E-14 1.294691E-05 3.165367E-02 0.000000E+00
   469 3.262906E-14 1.279083E-05 2.691547E-02 0.000000E+00
   470 2.348443E-14 1.329652E-05 2.876224E-02 0.000000E+00
   471 4.133487E-14 1.335082E-05 4.108755E-02 0.000000E+00
   472 2.601832E-14 1.268859E-05 3.636258E-02 0.000000E+00
   473 3.673424E-14 1.465597E-05 4.130180E-02 0.000000E+00
   474 3.085959E-14 1.342072E-05 3.031604E-02 0.000000E+00
   475 1.855822E-14 1.345161E-05 2.807934E-02 0.000000E+00
   476 1.683122E-14 1.323231E-05 2.306140E-02 0.000000E+00
   477 1.486356E-14 1.319643E-05 2.046048E-02 0.000000E+00
   478 2.706584E-14 1.252445E-05 3.252840E-02 0.000000E+00
   479 2.387372E-14 1.305779E-05 3.506460E-02 0.000000E+00
   480 5.192339E-14 1.284676E-05 3.204443E-02 0.000000E+00
   481 5.514383E-14 1.299821E-05 3.676744E-02 0.000000E+00
   482 2.499910E-14 1.302019E-05 4.631192E-02 0.000000E+00
   483 6.518735E-14 1.334362E-05 3.124159E-02 0.000000E+00
   484 4.025195E-14 1.280468E-05 3.370774E-02 0.000000E+00
   485 3.381107E-14 1.239095E-05 3.548837E-02 0.000000E+00
   486 4.893652E-14 1.230961E-05 2.257006E-02 0.000000E+00
   487 4.344408E-14 1.205535E-05 3.025597E-02 0.000000E+00
   488 4.950275E-14 1.281830E-05 4.918022E-02 0.000000E+00
   489 3.676963E-14 1.232747E-05 3.545764E-02 0.000000E+00
   490 3.641573E-14 1.292054E-05 3.227183E-02 0.000000E+00
   491 2.275541E-14 1.233222E-05 5.445767E-02 0.000000E+00
   492 2.768162E-14 1.279066E-05 3.314845E-02 0.000000E+00
   493 3.470996E-14 1.240475E-05 2.840759E-02 0.000000E+00
   494 4.587887E-14 1.236190E-05 3.289806E-02 0.000000E+00
   495 5.281520E-14 1.297523E-05 2.696776E-02 0.000000E+00
   496 2.867960E-14 1.292410E-05 5.000000E-02 0.000000E+00
   497 3.760482E-14 1.278473E-05 3.254534E-02 0.000000E+00
   498 3.220439E-14 1.248811E-05 4.187789E-02 0.000000E+00
   499 4.425096E-14 1.235392E-05 3.104285E-02 0.000000E+00
   500 3.846832E-14 1.224676E-05 2.756684E-02 0.000000E+00
   501 1.970484E-14 1.214074E-05 4.027658E-02 0.000000E+00
   502 1.845913E-14 1.259799E-05 5.539819E-02 0.000000E+00
   503 2.484339E-14 1.294065E-05 3.994513E-02 0.000000E+00
   504 1.196871E-14 1.226771E-05 3.801098E-02 0.000000E+00
   505 4.270798E-14 1.210527E-05 3.493889E-02 0.000000E+00
   506 5.094664E-14 1.229364E-05 4.554404E-02 0.000000E+00
   507 4.892236E-14 1.264851E-05 4.137638E-02 0.000000E+00
   508 3.399510E-14 1.226930E-05 4.226765E-02 0.000000E+00
   509 4.472517E-14 1.208655E-05 4.545059E-02 0.000000E+00
   510 1.564213E-14 1.217368E-05 2.466894E-02 0.000000E+00
   511 5.452805E-14 1.235470E-05 3.901724E-02 0.000000E+00
   512 4.495874E-14 1.206786E-05 3.838265E-02 0.000000E+00
   513 1.610927E-14 1.191979E-05 5.017859E-02 0.000000E+00
   514 4.706796E-14 1.231014E-05 3.692262E-02 0.000000E+00
   515 2.131860E-14 1.222759E-05 2.635927E-02 0.000000E+00
   516 3.993344E-14 1.232508E-05 3.771475E-02 0.000000E+00
   517 4.834198E-14 1.236785E-05 1.561665E-02 0.000000E+00
   518 1.696570E-14 1.224904E-05 4.681000E-02 0.000000E+00
   519 8.189824E-14 1.227825E-05 2.378211E-02 0.000000E+00
   520 2.916090E-14 1.249983E-05 3.151628E-02 0.000000E+00
   521 5.418831E-14 1.235043E-05 4.596011E-02 0.000000E+00
   522 2.496371E-14 1.235046E-05 2.855899E-02 0.000000E+00
   523 2.972713E-14 1.244437E-05 2.180321E-02 0.000000E+00
   524 3.735709E-14 1.238507E-05 3.387140E-02 0.000000E+00
   525 1.754608E-14 1.238543E-05 3.819659E-02 0.000000E+00
   526 2.369677E-14 1.231132E-05 5.628839E-02 0.000000E+00
   527 8.400037E-14 1.237538E-05 5.484571E-02 0.000000E+00
   528 9.364046E-15 1.225329E-05 5.104889E-02 0.000000E+00
   529 4.441375E-14 1.207322E-05 3.627975E-02 0.000000E+00
   530 2.127613E-14 1.247030E-05 4.302084E-02 0.000000E+00
   531 7.545029E-15 1.278666E-05 4.116118E-02 0.000000E+00
   532 2.804967E-14 1.235092E-05 2.979161E-02 0.000000E+00
   533 4.276460E-14 1.237491E-05 2.831366E-02 0.000000E+00
   534 5.641077E-14 1.215309E-05 2.740232E-02 0.000000E+00
   535 1.932971E-14 1.225997E-05 3.683972E-02 0.000000E+00
   536 4.403154E-14 1.202628E-05 2.942451E-02 0.000000E+00
   537 3.965033E-14 1.192359E-05 3.216626E-02 0.000000E+00
   538 2.066036E-14 1.222281E-05 3.840965E-02 0.000000E+00
   539 2.976960E-14 1.219900E-05 2.289318E-02 0.000000E+00
   540 4.091727E-14 1.220232E-05 4.340901E-02 0.000000E+00
   541 2.499202E-14 1.260590E-05 3.666223E-02 0.000000E+00
   542 3.178680E-14 1.203061E-05 4.622551E-02 0.000000E+00
   543 2.913259E-14 1.175747E-05 3.280524E-02 0.000000E+00
   544 3.377568E-14 1.225941E-05 2.989221E-02 0.000000E+00
   545 1.561382E-14 1.207742E-05 4.448973E-02 0.000000E+00
   546 5.190215E-14 1.221188E-05 3.407097E-02 0.000000E+00
   547 2.109211E-14 1.161608E-05 3.095265E-02 0.000000E+00
   548 3.776053E-14 1.178294E-05 4.553295E-02 0.000000E+00
   549 1.816186E-14 1.145454E-05 5.490960E-02 0.000000E+00
   550 2.626604E-14 1.200924E-05 3.679693E-02 0.000000E+00
   551 2.371092E-14 1.222652E-05 2.545302E-02 0.000000E+00
   552 4.253811E-14 1.197348E-05 4.715545E-02 0.000000E+00
   553 4.586471E-14 1.146835E-05 2.401234E-02 0.000000E+00
   554 4.575147E-14 1.268198E-05 2.753883E-02 0.000000E+00
   555 1.811939E-14 1.177942E-05 3.839348E-02 0.000000E+00
   556 2.725695E-14 1.180724E-05 3.296495E-02 0.000000E+00
   557 3.533282E-14 1.229514E-05 3.559510E-02 0.000000E+00
   558 1.960575E-14 1.238496E-05 3.725751E-02 0.000000E+00
   559 3.700320E-14 1.231864E-05 3.788345E-02 0.000000E+00
   560 4.243902E-14 1.171490E-05 3.003813E-02 0.000000E+00
   561 1.718511E-14 1.173283E-05 1.728768E-02 0.000000E+00
   562 9.208332E-15 1.417810E-05 4.133493E-02 0.000000E+00
   563 2.875038E-14 1.163097E-05 4.001797E-02 0.000000E+00
   564 2.964927E-14 1.165474E-05 3.157352E-02 0.000000E+00
   565 2.126198E-14 1.176385E-05 4.002225E-02 0.000000E+00
   566 1.496266E-14 1.167420E-05 4.841041E-02 0.000000E+00
   567 2.085854E-14 1.204812E-05 3.547256E-02 0.000000E+00
   568 3.622463E-14 1.173958E-05 4.190242E-02 0.000000E+00
   569 3.119225E-14 1.214829E-05 3.882325E-02 0.000000E+00
   570 2.144600E-14 1.147109E-05 4.756516E-02 0.000000E+00
   571 2.877869E-14 1.182998E-05 3.794620E-02 0.000000E+00
   572 3.914072E-14 1.159891E-05 3.374582E-02 0.000000E+00
   573 1.071592E-14 1.117723E-05 2.394741E-02 0.000000E+00
   574 4.345823E-15 1.136263E-05 3.019236E-02 0.000000E+00
   575 6.653215E-15 1.117535E-05 2.552336E-02 0.000000E+00
   576 4.367057E-15 1.167153E-05 3.369545E-02 0.000000E+00
   577 1.623668E-14 1.167824E-05 2.129615E-02 0.000000E+00
   578 3.581411E-14 1.210806E-05 2.506974E-02 0.000000E+00
   579 2.248645E-14 1.203065E-05 5.034138E-02 0.000000E+00
   580 4.535511E-14 1.104702E-05 4.037446E-02 0.000000E+00
   581 2.568566E-14 1.128112E-05 6.572040E-02 0.000000E+00
   582 1.433980E-14 1.132305E-05 4.535483E-02 0.000000E+00
   583 2.254307E-14 1.167338E-05 4.133991E-02 0.000000E+00
   584 2.595462E-14 1.241916E-05 3.115666E-02 0.000000E+00
   585 2.623773E-14 1.114672E-05 3.290763E-02 0.000000E+00
   586 1.786459E-14 1.170325E-05 2.104600E-02 0.000000E+00
   587 1.835296E-14 1.120068E-05 4.663243E-02 0.000000E+00
   588 3.124180E-14 1.171757E-05 3.105589E-02 0.000000E+00
   589 2.933077E-14 1.149087E-05 2.492196E-02 0.000000E+00
   590 2.221749E-14 1.118116E-05 3.027500E-02 0.000000E+00
   591 1.591109E-14 1.092736E-05 3.146906E-02 0.000000E+00
   592 1.131047E-14 1.119318E-05 4.058932E-02 0.000000E+00
   593 1.898290E-14 1.144667E-05 5.767828E-02 0.000000E+00
   594 3.267861E-14 1.123880E-05 3.585007E-02 0.000000E+00
   595 1.424779E-14 1.121688E-05 3.630598E-02 0.000000E+00
   596 1.853699E-14 1.162636E-05 2.348870E-02 0.000000E+00
   597 2.930246E-14 1.191231E-05 2.794582E-02 0.000000E+00
   598 3.513464E-14 1.176722E-05 3.333353E-02 0.000000E+00
   599 3.608307E-14 1.166421E-05 3.399703E-02 0.000000E+00
   600 2.275541E-14 1.128952E-05 2.671003E-02 0.000000E+00
   601 3.134797E-14 1.121592E-05 2.755946E-02 0.000000E+00
   602 2.892733E-14 1.199330E-05 2.591120E-02 0.000000E+00
   603 3.974942E-14 1.186025E-05 2.882733E-02 0.000000E+00
   604 2.907596E-14 1.179586E-05 3.624140E-02 0.000000E+00
   605 6.844318E-15 1.143909E-05 2.293065E-02 0.000000E+00
   606 2.472306E-14 1.373519E-05 4.924058E-02 0.000000E+00
   607 3.753404E-14 1.197103E-05 2.912178E-02 0.000000E+00
   608 5.972322E-14 1.344308E-05 3.575037E-02 0.000000E+00
   609 5.590116E-14 1.123748E-05 2.082466E-02 0.000000E+00
   610 3.047739E-14 1.134490E-05 4.739990E-02 0.000000E+00
   611 1.705771E-14 1.162441E-05 4.252657E-02 0.000000E+00
   612 1.492019E-14 1.106105E-05 4.120610E-02 0.000000E+00
   613 2.161587E-14 1.122539E-05 3.044248E-02 0.000000E+00
   614 1.202533E-14 1.132804E-05 4.292108E-02 0.000000E+00
   615 6.607916E-14 1.151351E-05 2.774733E-02 0.000000E+00
   616 2.358352E-14 1.106708E-05 4.376050E-02 0.000000E+00
   617 3.248043E-14 1.123251E-05 3.340134E-02 0.000000E+00
   618 1.234384E-14 1.122889E-05 3.712242E-02 0.000000E+00
   619 1.976854E-14 1.200922E-05 3.783339E-02 0.000000E+00
   620 3.696781E-14 1.165008E-05 4.205096E-02 0.000000E+00
   621 2.885655E-14 1.106216E-05 3.221804E-02 0.000000E+00
   622 3.327315E-14 1.135567E-05 4.073395E-02 0.000000E+00
   623 5.876770E-14 1.161821E-05 4.635435E-02 0.000000E+00
   624 1.644193E-14 1.138283E-05 1.771691E-02 0.000000E+00
   625 1.793537E-14 1.104234E-05 5.098931E-02 0.000000E+00
   626 1.587570E-14 1.161864E-05 4.179262E-02 0.000000E+00
   627 2.600416E-14 1.121753E-05 4.135389E-02 0.000000E+00
   628 2.585552E-14 1.128446E-05 3.389045E-02 0.000000E+00
   629 4.448453E-14 1.152173E-05 3.272315E-02 0.000000E+00
   630 2.476553E-14 1.068684E-05 3.979102E-02 0.000000E+00
   631 2.182113E-14 1.121762E-05 3.602189E-02 0.000000E+00
   632 2.601124E-14 1.140084E-05 4.506060E-02 0.000000E+00
   633 2.841064E-14 1.119487E-05 5.232316E-02 0.000000E+00
   634 1.881303E-14 1.159450E-05 3.867150E-02 0.000000E+00
   635 1.683830E-14 1.132441E-05 4.854946E-02 0.000000E+00
   636 1.930140E-14 1.089844E-05 4.230586E-02 0.000000E+00
   637 2.228119E-14 1.145962E-05 5.000000E-02 0.000000E+00
   638 1.700816E-14 1.135563E-05 4.153449E-02 0.000000E+00
   639 2.342781E-14 1.144200E-05 4.229225E-02 0.000000E+00
   640 2.023568E-14 1.141226E-05 3.686830E-02 0.000000E+00
   641 3.643697E-14 1.140722E-05 4.693551E-02 0.000000E+00
   642 3.170186E-14 1.123961E-05 3.935266E-02 0.000000E+00
   643 9.746252E-15 1.070265E-05 1.825775E-02 0.000000E+00
   644 3.470996E-14 1.258779E-05 3.693270E-02 0.000000E+00
   645 1.744699E-14 1.133307E-05 3.165170E-02 0.000000E+00
   646 2.717201E-14 1.104793E-05 5.973486E-02 0.000000E+00
   647 1.622960E-14 1.085388E-05 3.686600E-02 0.000000E+00
   648 3.897793E-14 1.100385E-05 4.026823E-02 0.000000E+00
   649 1.656934E-14 1.099670E-05 3.413458E-02 0.000000E+00
   650 1.571291E-14 1.125001E-05 3.800372E-02 0.000000E+00
   651 3.534697E-14 1.098383E-05 2.650898E-02 0.000000E+00
   652 2.088685E-14 1.124736E-05 3.582806E-02 0.000000E+00
   653 3.920442E-14 1.128364E-05 4.110644E-02 0.000000E+00
   654 2.749759E-14 1.134630E-05 3.469099E-02 0.000000E+00
   655 2.695260E-14 1.349301E-05 3.592460E-02 0.000000E+00
   656 3.111440E-14 1.134068E-05 2.648830E-02 0.000000E+00
   657 2.455319E-14 1.145301E-05 2.961049E-02 0.000000E+00
   658 2.037016E-14 1.102633E-05 3.731655E-02 0.000000E+00
   659 1.609512E-14 1.170522E-05 2.629225E-02 0.000000E+00
   660 1.354708E-14 1.127215E-05 2.762209E-02 0.000000E+00
   661 1.587570E-14 1.107393E-05 2.866479E-02 0.000000E+00
   662 2.429839E-14 1.112709E-05 5.071088E-02 0.000000E+00
   663 2.954310E-14 1.030734E-05 3.301125E-02 0.000000E+00
   664 1.668258E-14 1.081209E-05 3.853029E-02 0.000000E+00
   665 2.694552E-14 1.047123E-05 5.437139E-02 0.000000E+00
   666 2.150262E-14 1.129002E-05 3.455820E-02 0.000000E+00
   667 4.688393E-14 1.090962E-05 3.571403E-02 0.000000E+00
   668 2.461689E-14 1.126899E-05 2.722323E-02 0.000000E+00
   669 2.756130E-14 1.091645E-05 2.795202E-02 0.000000E+00
   670 2.160171E-14 1.138862E-05 3.267455E-02 0.000000E+00
   671 1.606681E-14 1.111547E-05 2.928538E-02 0.000000E+00
   672 2.024984E-14 1.056090E-05 5.000000E-02 0.000000E+00
   673 2.912551E-14 1.062845E-05 4.153845E-02 0.000000E+00
   674 2.047633E-14 1.048500E-05 2.834308E-02 0.000000E+00
   675 5.554727E-14 1.189793E-05 3.884511E-02 0.000000E+00
   676 1.108397E-14 1.038856E-05 5.021443E-02 0.000000E+00
   677 4.291323E-14 1.119564E-05 3.810833E-02 0.000000E+00
   678 2.617403E-14 1.052503E-05 3.647850E-02 0.000000E+00
   679 5.022469E-14 1.120284E-05 3.052864E-02 0.000000E+00
   680 1.457337E-14 1.116804E-05 5.354885E-02 0.000000E+00
   681 1.204657E-14 1.044571E-05 4.410482E-02 0.000000E+00
   682 3.290510E-14 1.082377E-05 6.478572E-02 0.000000E+00
   683 1.792121E-14 1.112908E-05 4.541487E-02 0.000000E+00
   684 1.369571E-14 1.050441E-05 3.763420E-02 0.000000E+00
   685 2.566442E-14 1.097677E-05 2.693890E-02 0.000000E+00
   686 1.889088E-14 1.108488E-05 3.545910E-02 0.000000E+00
   687 5.061398E-14 1.097151E-05 2.737968E-02 0.000000E+00
   688 3.179387E-14 1.239352E-05 3.024711E-02 0.000000E+00
   689 1.760271E-14 1.123612E-05 4.064896E-02 0.000000E+00
   690 2.874330E-14 1.106734E-05 6.231381E-02 0.000000E+00
   691 2.138938E-14 1.060145E-05 3.477705E-02 0.000000E+00
   692 2.371800E-14 1.115215E-05 2.849496E-02 0.000000E+00
   693 1.586155E-14 1.054797E-05 5.000000E-02 0.000000E+00
   694 1.342675E-14 1.104721E-05 3.303914E-02 0.000000E+00
   695 1.955620E-14 1.079377E-05 3.630237E-02 0.000000E+00
   696 1.485649E-14 1.028486E-05 2.365728E-02 0.000000E+00
   697 7.134511E-15 1.072953E-05 1.940941E-02 0.000000E+00
   698 8.189116E-15 1.022783E-05 2.225427E-02 0.000000E+00
   699 1.739745E-14 1.068752E-05 2.135550E-02 0.000000E+00
   700 2.653500E-14 1.055458E-05 4.279745E-02 0.000000E+00
   701 2.857343E-14 1.057984E-05 4.889376E-02 0.000000E+00
   702 2.262093E-14 1.044941E-05 5.311923E-02 0.000000E+00
   703 1.369571E-14 1.023605E-05 3.621124E-02 0.000000E+00
   704 1.999503E-14 1.056658E-05 3.735673E-02 0.000000E+00
   705 1.939341E-14 1.134229E-05 2.828396E-02 0.000000E+00
   706 1.614466E-14 1.035527E-05 3.283288E-02 0.000000E+00
   707 1.367448E-14 1.060673E-05 5.988054E-02 0.000000E+00
   708 1.971900E-14 1.027513E-05 4.051859E-02 0.000000E+00
   709 5.957458E-14 1.031281E-05 5.000000E-02 0.000000E+00
   710 1.593940E-14 1.109388E-05 5.264308E-02 0.000000E+00
   711 4.170999E-14 1.046313E-05 4.990234E-02 0.000000E+00
   712 2.683227E-14 1.054894E-05 3.897738E-02 0.000000E+00
   713 8.493466E-15 1.065529E-05 4.683024E-02 0.000000E+00
   714 2.282619E-14 1.038329E-05 3.074129E-02 0.000000E+00
   715 2.820538E-14 1.055162E-05 2.879646E-02 0.000000E+00
   716 1.707894E-14 1.016375E-05 2.533418E-02 0.000000E+00
   717 2.279080E-14 1.053074E-05 5.050990E-02 0.000000E+00
   718 1.869978E-14 1.036485E-05 3.830762E-02 0.000000E+00
   719 1.785043E-14 1.054150E-05 3.252436E-02 0.000000E+00
   720 2.422053E-14 1.100517E-05 5.402065E-02 0.000000E+00
   721 3.111440E-14 1.103480E-05 5.886954E-02 0.000000E+00
   722 1.954205E-14 1.036127E-05 2.910349E-02 0.000000E+00
   723 5.310539E-14 1.093989E-05 3.605013E-02 0.000000E+00
   724 2.880700E-14 1.043936E-05 2.315035E-02 0.000000E+00
   725 2.964219E-14 1.031770E-05 3.657455E-02 0.000000E+00
   726 2.827616E-14 1.207594E-05 4.250279E-02 0.000000E+00
   727 1.349045E-14 1.044207E-05 3.486592E-02 0.000000E+00
   728 2.059665E-14 1.094809E-05 4.557263E-02 0.000000E+00
   729 2.674026E-14 1.100680E-05 4.273241E-02 0.000000E+00
   730 1.729836E-14 1.075139E-05 3.600596E-02 0.000000E+00
   731 1.344091E-14 1.042257E-05 3.838314E-02 0.000000E+00
   732 1.700816E-14 1.144949E-05 4.227197E-02 0.000000E+00
   733 1.073716E-14 1.053827E-05 3.254761E-02 0.000000E+00
   734 2.417807E-14 1.042122E-05 4.813270E-02 0.000000E+00
   735 6.532891E-15 1.044249E-05 5.396457E-02 0.000000E+00
   736 1.097073E-14 1.029916E-05 2.861492E-02 0.000000E+00
   737 1.712849E-14 1.002948E-05 3.406893E-02 0.000000E+00
   738 2.196976E-14 1.026738E-05 4.043339E-02 0.000000E+00
   739 1.264819E-14 1.025030E-05 4.344644E-02 0.000000E+00
   740 9.003074E-15 1.084416E-05 3.839615E-02 0.000000E+00
   741 1.700109E-14 1.084111E-05 4.003200E-02 0.000000E+00
   742 1.659057E-14 1.054391E-05 3.959857E-02 0.000000E+00
   743 2.080191E-14 9.977346E-06 3.949898E-02 0.000000E+00
   744 2.153094E-14 1.047799E-05 4.084154E-02 0.000000E+00
   745 1.878471E-14 1.004607E-05 2.553437E-02 0.000000E+00
   746 4.035104E-14 9.975406E-06 2.687679E-02 0.000000E+00
   747 2.455319E-14 9.969244E-06 4.199280E-02 0.000000E+00
   748 1.611635E-14 1.025344E-05 5.024509E-02 0.000000E+00
   749 1.461584E-14 1.084864E-05 3.407913E-02 0.000000E+00
   750 1.034079E-14 1.090660E-05 4.588904E-02 0.000000E+00
   751 1.827511E-14 1.025861E-05 5.143961E-02 0.000000E+00
   752 1.906783E-14 9.948812E-06 2.154239E-02 0.000000E+00
   753 3.551684E-14 1.025953E-05 2.433847E-02 0.000000E+00
   754 1.854407E-14 1.044509E-05 4.980661E-02 0.000000E+00
   755 2.063912E-14 9.973983E-06 3.312132E-02 0.000000E+00
   756 1.550057E-14 1.024892E-05 3.803266E-02 0.000000E+00
   757 1.387266E-14 1.078091E-05 2.088352E-02 0.000000E+00
   758 1.187670E-14 1.022171E-05 2.425690E-02 0.000000E+00
   759 1.038326E-14 1.089985E-05 2.987313E-02 0.000000E+00
   760 2.636513E-14 1.040906E-05 4.095293E-02 0.000000E+00
   761 1.437519E-14 1.069944E-05 5.829873E-02 0.000000E+00
   762 4.013162E-15 1.311695E-05 5.496280E-02 0.000000E+00
   763 2.209717E-14 1.028395E-05 4.744689E-02 0.000000E+00
   764 7.559184E-15 1.013728E-05 4.446555E-02 0.000000E+00
   765 1.921647E-14 1.032156E-05 4.613792E-02 0.000000E+00
   766 1.763102E-14 9.838750E-06 3.339987E-02 0.000000E+00
   767 1.306578E-14 1.032693E-05 3.726642E-02 0.000000E+00
   768 2.523267E-14 9.911951E-06 3.543034E-02 0.000000E+00
   769 1.001521E-14 1.022480E-05 3.346427E-02 0.000000E+00
   770 2.631559E-14 1.044851E-05 5.152302E-02 0.000000E+00
   771 1.645609E-14 1.048233E-05 4.286439E-02 0.000000E+00
   772 2.344197E-14 1.029621E-05 3.463032E-02 0.000000E+00
   773 1.581908E-14 1.052000E-05 4.071665E-02 0.000000E+00
   774 2.315177E-14 1.002290E-05 4.197694E-02 0.000000E+00
   775 1.508298E-14 1.033606E-05 3.785647E-02 0.000000E+00
   776 1.363201E-14 1.050144E-05 4.254581E-02 0.000000E+00
   777 4.582225E-14 1.167816E-05 5.853942E-02 0.000000E+00
   778 1.152988E-14 1.084263E-05 4.129975E-02 0.000000E+00
   779 1.536609E-14 1.014819E-05 3.939769E-02 0.000000E+00
   780 1.409915E-14 1.035484E-05 3.973101E-02 0.000000E+00
   781 2.924583E-14 1.042610E-05 4.725973E-02 0.000000E+00
   782 1.945004E-14 9.926691E-06 2.888824E-02 0.000000E+00
   783 2.637929E-14 1.015721E-05 5.082257E-02 0.000000E+00
   784 2.975544E-14 1.047783E-05 4.490703E-02 0.000000E+00
   785 2.793642E-14 1.028405E-05 2.882882E-02 0.000000E+00
   786 1.270481E-14 1.039527E-05 4.849702E-02 0.000000E+00
   787 2.078776E-14 1.014390E-05 4.901482E-02 0.000000E+00
   788 1.847329E-14 1.006512E-05 3.528382E-02 0.000000E+00
   789 1.329935E-14 1.024377E-05 4.303259E-02 0.000000E+00
   790 1.199702E-14 9.660345E-06 3.775420E-02 0.000000E+00
   791 2.330749E-14 1.191512E-05 4.095028E-02 0.000000E+00
   792 2.227411E-14 1.060133E-05 4.019170E-02 0.000000E+00
   793 1.851576E-14 1.067974E-05 4.524730E-02 0.000000E+00
   794 3.415789E-14 1.165883E-05 7.212464E-02 0.000000E+00
   795 1.914569E-14 1.065819E-05 3.975563E-02 0.000000E+00
   796 1.117599E-14 1.032019E-05 4.247893E-02 0.000000E+00
   797 3.142582E-15 1.331257E-05 7.657432E-02 0.000000E+00
   798 1.739037E-14 1.032198E-05 5.524781E-02 0.000000E+00
   799 1.753901E-14 9.852743E-06 6.637739E-02 0.000000E+00
   800 1.525285E-14 1.027829E-05 3.720448E-02 0.000000E+00
   801 1.743992E-14 9.886433E-06 3.683273E-02 0.000000E+00
   802 2.389495E-14 9.639884E-06 7.971369E-02 0.000000E+00
   803 2.741266E-14 1.003356E-05 4.661212E-02 0.000000E+00
   804 1.254910E-14 9.737434E-06 2.652261E-02 0.000000E+00
   805 1.001521E-14 9.639709E-06 3.902047E-02 0.000000E+00
   806 1.252786E-14 9.961454E-06 5.244773E-02 0.000000E+00
   807 8.762425E-15 1.038463E-05 3.337337E-02 0.000000E+00
   808 2.615987E-14 9.790465E-06 4.195614E-02 0.000000E+00
   809 1.983224E-14 1.034343E-05 3.444750E-02 0.000000E+00
   810 1.357539E-14 9.915418E-06 1.733438E-02 0.000000E+00
   811 3.690411E-14 9.832864E-06 3.803577E-02 0.000000E+00
   812 1.489895E-14 9.700803E-06 2.700336E-02 0.000000E+00
   813 2.022860E-14 1.027106E-05 3.173882E-02 0.000000E+00
   814 2.391618E-14 1.035579E-05 3.823470E-02 0.000000E+00
   815 1.274728E-14 9.492859E-06 3.871593E-02 0.000000E+00
   816 1.777258E-14 1.005667E-05 4.342922E-02 0.000000E+00
   817 2.351982E-14 1.030252E-05 5.296483E-02 0.000000E+00
   818 2.620942E-14 1.024647E-05 2.856969E-02 0.000000E+00
   819 3.042076E-14 1.022474E-05 2.843361E-02 0.000000E+00
   820 2.177158E-14 9.660165E-06 5.217814E-02 0.000000E+00
   821 1.499804E-14 9.877688E-06 6.757453E-02 0.000000E+00
   822 1.128215E-14 9.762041E-06 2.661316E-02 0.000000E+00
   823 1.918815E-14 9.734013E-06 5.309240E-02 0.000000E+00
   824 3.064018E-14 9.750252E-06 2.895522E-02 0.000000E+00
   825 2.255015E-14 1.025632E-05 3.412336E-02 0.000000E+00
   826 1.523869E-14 1.001081E-05 2.459312E-02 0.000000E+00
   827 2.727110E-14 1.045582E-05 3.578413E-02 0.000000E+00
   828 1.622252E-14 1.038787E-05 5.000000E-02 0.000000E+00
   829 9.427747E-15 1.032822E-05 4.593097E-02 0.000000E+00
   830 2.479384E-14 1.032737E-05 5.074291E-02 0.000000E+00
   831 2.270586E-14 1.009096E-05 5.120175E-02 0.000000E+00
   832 6.259684E-14 1.001927E-05 7.198031E-02 0.000000E+00
   833 1.443889E-14 9.497076E-06 2.894853E-02 0.000000E+00
   834 9.788719E-15 9.760509E-06 3.725463E-02 0.000000E+00
   835 1.763810E-14 1.073463E-05 4.005033E-02 0.000000E+00
   836 1.375234E-14 1.024456E-05 4.076378E-02 0.000000E+00
   837 1.812647E-14 9.662208E-06 3.513217E-02 0.000000E+00
   838 3.976357E-14 9.641331E-06 5.692597E-02 0.000000E+00
   839 2.133983E-14 1.024966E-05 4.000566E-02 0.000000E+00
   840 1.814063E-14 1.037053E-05 5.841666E-02 0.000000E+00
   841 7.268991E-15 9.777316E-06 2.330221E-02 0.000000E+00
   842 1.693739E-14 9.813593E-06 5.291652E-02 0.000000E+00
   843 1.367448E-14 9.755663E-06 5.674577E-02 0.000000E+00
   844 3.174433E-14 9.811103E-06 4.777217E-02 0.000000E+00
   845 1.613758E-14 9.849708E-06 4.644166E-02 0.000000E+00
   846 1.857238E-14 9.975301E-06 2.848546E-02 0.000000E+00
   847 1.341260E-14 9.610724E-06 3.676864E-02 0.000000E+00
   848 2.453904E-14 1.006374E-05 3.684584E-02 0.000000E+00
   849 1.165020E-14 9.846264E-06 3.687832E-02 0.000000E+00
   850 1.541564E-14 9.903452E-06 3.374441E-02 0.000000E+00
   851 1.503343E-14 1.042531E-05 4.676132E-02 0.000000E+00
   852 1.857946E-14 9.755022E-06 4.386609E-02 0.000000E+00
   853 1.056729E-14 9.781381E-06 4.181915E-02 0.000000E+00
   854 2.564319E-14 1.029216E-05 3.369598E-02 0.000000E+00
   855 1.954913E-14 9.924840E-06 4.907549E-02 0.000000E+00
   856 2.958557E-15 1.009529E-05 5.726871E-02 0.000000E+00
   857 3.185050E-15 1.000551E-05 5.004356E-02 0.000000E+00
   858 9.045541E-15 9.411099E-06 2.246791E-02 0.000000E+00
   859 6.674448E-15 9.197835E-06 2.885563E-02 0.000000E+00
   860 2.278372E-14 1.016231E-05 4.303839E-02 0.000000E+00
   861 6.851396E-15 9.557157E-06 5.154038E-02 0.000000E+00
   862 2.730649E-14 9.954878E-06 3.191391E-02 0.000000E+00
   863 1.825387E-14 9.881909E-06 4.649167E-02 0.000000E+00
   864 1.739037E-14 9.669988E-06 3.351410E-02 0.000000E+00
   865 1.852283E-14 9.484271E-06 3.275458E-02 0.000000E+00
   866 7.254835E-15 9.168814E-06 3.474691E-02 0.000000E+00
   867 2.138938E-14 9.437826E-06 4.252632E-02 0.000000E+00
   868 1.814770E-14 9.831564E-06 4.103397E-02 0.000000E+00
   869 2.821954E-14 9.361534E-06 4.508446E-02 0.000000E+00
   870 1.488480E-14 9.992232E-06 3.633968E-02 0.000000E+00
   871 5.060690E-15 9.491285E-06 5.165515E-02 0.000000E+00
   872 9.661317E-15 9.956315E-06 1.957571E-02 0.000000E+00
   873 1.406376E-14 9.843533E-06 5.690893E-02 0.000000E+00
   874 8.642101E-15 9.241911E-06 5.391955E-02 0.000000E+00
   875 1.719927E-14 9.741156E-06 7.126831E-02 0.000000E+00
   876 1.940757E-14 9.302846E-06 4.286405E-02 0.000000E+00
   877 1.215273E-14 9.532592E-06 3.249435E-02 0.000000E+00
   878 1.845913E-14 9.473566E-06 7.657956E-02 0.000000E+00
   879 1.897582E-14 9.862103E-06 3.212792E-02 0.000000E+00
   880 2.977667E-14 9.731212E-06 3.209984E-02 0.000000E+00
   881 2.095055E-14 1.008862E-05 4.465951E-02 0.000000E+00
   882 3.011641E-14 9.935024E-06 3.502441E-02 0.000000E+00
   883 9.739174E-15 1.012529E-05 3.798393E-02 0.000000E+00
   884 7.417627E-15 1.019073E-05 4.473716E-02 0.000000E+00
   885 1.502636E-14 1.007019E-05 4.453573E-02 0.000000E+00
   886 8.663335E-15 9.338763E-06 2.964385E-02 0.000000E+00
   887 1.748238E-14 9.983432E-06 4.827799E-02 0.000000E+00
   888 6.320554E-15 1.011702E-05 3.643587E-02 0.000000E+00
   889 1.666843E-14 1.003924E-05 2.134257E-02 0.000000E+00
   890 1.167144E-14 1.287663E-05 2.995744E-02 0.000000E+00
   891 1.488480E-14 9.777944E-06 3.884770E-02 0.000000E+00
   892 1.666135E-14 9.788004E-06 4.795981E-02 0.000000E+00
   893 1.122553E-14 9.302924E-06 5.000000E-02 0.000000E+00
   894 1.717803E-14 9.747707E-06 3.737321E-02 0.000000E+00
   895 1.157942E-14 9.346360E-06 5.818571E-02 0.000000E+00
   896 3.959371E-14 9.944864E-06 3.672982E-02 0.000000E+00
   897 1.683830E-14 9.871806E-06 2.922840E-02 0.000000E+00
   898 1.974731E-14 9.915066E-06 3.763924E-02 0.000000E+00
   899 1.664011E-14 1.006672E-05 4.483776E-02 0.000000E+00
   900 1.864316E-14 9.593424E-06 5.000000E-02 0.000000E+00
   901 1.319318E-14 9.153116E-06 4.749682E-02 0.000000E+00
   902 1.285344E-14 9.396104E-06 3.400250E-02 0.000000E+00
   903 1.710018E-14 9.920050E-06 3.078513E-02 0.000000E+00
   904 2.192022E-14 9.671822E-06 3.254456E-02 0.000000E+00
   905 1.877764E-14 9.967375E-06 8.638085E-02 0.000000E+00
   906 1.080086E-14 9.746680E-06 7.422365E-02 0.000000E+00
   907 7.346848E-15 9.267492E-06 4.769773E-02 0.000000E+00
   908 1.876348E-14 9.513974E-06 3.763515E-02 0.000000E+00
   909 3.375445E-14 9.202789E-06 5.000000E-02 0.000000E+00
   910 2.024984E-14 1.002987E-05 4.152175E-02 0.000000E+00
   911 1.873517E-14 9.831217E-06 3.714262E-02 0.000000E+00
   912 2.150970E-14 9.505057E-06 7.205925E-02 0.000000E+00
   913 1.082209E-14 9.582198E-06 4.589863E-02 0.000000E+00
   914 1.046820E-14 9.636347E-06 5.477185E-02 0.000000E+00
   915 3.025797E-14 9.673421E-06 4.397282E-02 0.000000E+00
   916 1.426902E-14 9.410853E-06 3.805084E-02 0.000000E+00
   917 2.073113E-14 9.492843E-06 4.914565E-02 0.000000E+00
   918 2.370385E-14 9.540586E-06 2.350114E-02 0.000000E+00
   919 1.230845E-14 9.207628E-06 5.401918E-02 0.000000E+00
   920 3.474535E-14 9.434338E-06 1.995965E-02 0.000000E+00
   921 1.125384E-14 9.235495E-06 2.725951E-02 0.000000E+00
   922 1.840959E-14 1.152892E-05 3.226967E-02 0.000000E+00
   923 2.400112E-14 9.712285E-06 4.464180E-02 0.000000E+00
   924 1.614466E-14 9.481595E-06 4.632494E-02 0.000000E+00
   925 1.258448E-14 9.445438E-06 3.260449E-02 0.000000E+00
   926 6.398411E-15 9.825657E-06 5.050717E-02 0.000000E+00
   927 1.451675E-14 9.710327E-06 5.065429E-02 0.000000E+00
   928 1.249247E-14 9.450594E-06 4.346146E-02 0.000000E+00
   929 1.114060E-14 9.993252E-06 5.947458E-02 0.000000E+00
   930 1.102735E-14 9.705386E-06 4.691744E-02 0.000000E+00
   931 1.756024E-14 9.708009E-06 2.913786E-02 0.000000E+00
   932 1.794952E-14 9.488489E-06 3.188922E-02 0.000000E+00
   933 1.050359E-14 9.949192E-06 4.598315E-02 0.000000E+00
   934 1.828926E-14 9.714548E-06 3.617440E-02 0.000000E+00
   935 1.775842E-14 9.465908E-06 3.534866E-02 0.000000E+00
   936 1.271189E-14 9.835748E-06 4.550360E-02 0.000000E+00
   937 1.189793E-14 9.015224E-06 4.956967E-02 0.000000E+00
   938 3.534697E-14 9.708845E-06 6.651667E-02 0.000000E+00
   939 1.114767E-14 9.228196E-06 4.114768E-02 0.000000E+00
   940 1.664719E-14 9.945147E-06 4.684418E-02 0.000000E+00
   941 1.059560E-14 9.070837E-06 3.612727E-02 0.000000E+00
   942 1.140956E-14 9.257235E-06 3.805751E-02 0.000000E+00
   943 2.927414E-14 9.576311E-06 1.940252E-02 0.000000E+00
   944 1.598187E-14 9.671637E-06 5.597148E-02 0.000000E+00
   945 1.540148E-14 9.632500E-06 4.038197E-02 0.000000E+00
   946 1.487064E-14 9.500551E-06 3.562266E-02 0.000000E+00
   947 2.865129E-14 9.395285E-06 3.635878E-02 0.000000E+00
   948 2.269171E-14 9.755500E-06 4.191402E-02 0.000000E+00
   949 1.608096E-14 9.300005E-06 4.835429E-02 0.000000E+00
   950 2.439040E-14 9.603535E-06 5.000000E-02 0.000000E+00
   951 1.538733E-14 9.417137E-06 4.996340E-02 0.000000E+00
   952 1.747531E-14 9.540496E-06 5.011810E-02 0.000000E+00
   953 2.849558E-14 9.566136E-06 5.869393E-02 0.000000E+00
   954 2.438332E-14 9.660869E-06 2.213273E-02 0.000000E+00
   955 1.101319E-14 9.854092E-06 4.261905E-02 0.000000E+00
   956 3.252997E-14 9.892826E-06 4.718883E-02 0.000000E+00
   957 9.993978E-15 9.654651E-06 4.596730E-02 0.000000E+00
   958 1.334182E-14 8.932886E-06 4.808021E-02 0.000000E+00
   959 1.701524E-14 9.750776E-06 3.738762E-02 0.000000E+00
   960 7.460094E-15 9.470740E-06 5.000000E-02 0.000000E+00
   961 1.479986E-14 9.627871E-06 3.170377E-02 0.000000E+00
   962 1.648440E-14 8.858013E-06 5.867885E-02 0.000000E+00
   963 1.039034E-14 9.861270E-06 4.428877E-02 0.000000E+00
   964 3.223978E-14 9.746681E-06 2.449899E-02 0.000000E+00
   965 1.511837E-14 8.944876E-06 7.808236E-02 0.000000E+00
   966 1.533071E-14 9.585075E-06 2.705842E-02 0.000000E+00
   967 1.262695E-14 9.695087E-06 3.550347E-02 0.000000E+00
   968 1.408500E-14 9.409211E-06 4.232741E-02 0.000000E+00
   969 1.046820E-14 9.449886E-06 4.896038E-02 0.000000E+00
   970 2.860882E-14 9.625556E-06 5.350527E-02 0.000000E+00
   971 2.462397E-14 9.860292E-06 4.041757E-02 0.000000E+00
   972 1.727005E-14 8.947089E-06 4.081345E-02 0.000000E+00
   973 1.712849E-14 9.292769E-06 4.003167E-02 0.000000E+00
   974 2.460982E-14 9.758254E-06 2.980242E-02 0.000000E+00
   975 1.992425E-14 9.005995E-06 6.250000E-02 0.000000E+00
   976 1.300916E-14 9.517366E-06 5.239196E-02 0.000000E+00
   977 1.736914E-14 9.784917E-06 4.740029E-02 0.000000E+00
   978 4.876665E-15 9.845897E-06 3.724482E-02 0.000000E+00
   979 4.232577E-15 9.347084E-06 2.683316E-02 0.000000E+00
   980 1.093534E-14 9.901880E-06 4.079261E-02 0.000000E+00
   981 2.983330E-14 1.007757E-05 4.836628E-02 0.000000E+00
   982 2.536007E-14 1.033910E-05 2.884450E-02 0.000000E+00
   983 1.882010E-14 9.535200E-06 2.414979E-02 0.000000E+00
   984 5.626921E-15 8.968877E-06 3.673573E-02 0.000000E+00
   985 1.298792E-14 8.944403E-06 4.643753E-02 0.000000E+00
   986 8.146649E-15 9.260264E-06 4.628812E-02 0.000000E+00
   987 2.300314E-14 9.171936E-06 4.529553E-02 0.000000E+00
   988 1.484233E-14 9.667527E-06 4.210231E-02 0.000000E+00
   989 2.067451E-14 9.572347E-06 4.117131E-02 0.000000E+00
   990 1.006476E-14 9.905059E-06 3.668247E-02 0.000000E+00
   991 2.370385E-14 9.507578E-06 3.357425E-02 0.000000E+00
   992 2.284742E-14 9.318712E-06 1.995754E-02 0.000000E+00
   993 1.852991E-14 9.307607E-06 4.160345E-02 0.000000E+00
   994 6.773539E-15 9.222340E-06 4.780124E-02 0.000000E+00
   995 1.428318E-14 9.513338E-06 4.162867E-02 0.000000E+00
   996 1.476447E-14 9.355441E-06 2.683928E-02 0.000000E+00
   997 1.977562E-14 9.287420E-06 3.377508E-02 0.000000E+00
   998 2.269879E-14 1.032208E-05 4.554660E-02 0.000000E+00
   999 1.604557E-14 9.697027E-06 4.598600E-02 0.000000E+00
  1000 1.788582E-14 9.230278E-06 2.971950E-02 0.000000E+00
  1001 1.047527E-14 9.364023E-06 6.294966E-02 0.000000E+00
  1002 2.848850E-14 9.804094E-06 2.345799E-02 0.000000E+00
  1003 1.127508E-14 9.051762E-06 3.883241E-02 0.000000E+00
  1004 1.721342E-14 8.829885E-06 5.190634E-02 0.000000E+00
  1005 1.697985E-14 9.933825E-06 3.103012E-02 0.000000E+00
  1006 1.666135E-14 9.353003E-06 3.188473E-02 0.000000E+00
  1007 1.154404E-14 9.626882E-06 3.682635E-02 0.000000E+00
  1008 1.333474E-14 9.922682E-06 4.734677E-02 0.000000E+00
  1009 1.601726E-14 9.901794E-06 4.184089E-02 0.000000E+00
  1010 1.150865E-14 9.317456E-06 4.467558E-02 0.000000E+00
  1011 9.533915E-15 9.881552E-06 4.733701E-02 0.000000E+00
  1012 2.073113E-14 8.869222E-06 3.752788E-02 0.000000E+00
  1013 1.102027E-14 9.729766E-06 3.467848E-02 0.000000E+00
  1014 8.373142E-15 8.810668E-06 3.445237E-02 0.000000E+00
  1015 1.471493E-14 9.952054E-06 3.648425E-02 0.000000E+00
  1016 1.268358E-14 9.777164E-06 4.388545E-02 0.000000E+00
  1017 1.333474E-14 9.806666E-06 4.708472E-02 0.000000E+00
  1018 1.041865E-14 8.942981E-06 4.273378E-02 0.000000E+00
  1019 2.025692E-14 9.086022E-06 5.787471E-02 0.000000E+00
  1020 1.211734E-14 9.849478E-06 3.861212E-02 0.000000E+00
  1021 2.981206E-14 9.186893E-06 4.703956E-02 0.000000E+00
  1022 3.231764E-14 9.519368E-06 2.261669E-02 0.000000E+00
  1023 1.926601E-14 9.585074E-06 4.376221E-02 0.000000E+00
  1024 1.897582E-14 9.548166E-06 2.798214E-02 0.000000E+00
  1025 1.240046E-14 9.523595E-06 3.310882E-02 0.000000E+00
  1026 1.099904E-14 9.507228E-06 3.668587E-02 0.000000E+00
  1027 1.599603E-14 9.531381E-06 5.209653E-02 0.000000E+00
  1028 1.381604E-14 9.509951E-06 3.265792E-02 0.000000E+00
  1029 1.782920E-14 9.527548E-06 3.312137E-02 0.000000E+00
  1030 1.759563E-14 8.819349E-06 4.767355E-02 0.000000E+00
  1031 1.411331E-14 8.980437E-06 5.905961E-02 0.000000E+00
  1032 3.037122E-14 8.826754E-06 2.980009E-02 0.000000E+00
  1033 2.294651E-14 9.416061E-06 3.237109E-02 0.000000E+00
  1034 8.012169E-15 8.896079E-06 4.544114E-02 0.000000E+00
  1035 1.064514E-14 9.784218E-06 5.174080E-02 0.000000E+00
  1036 1.714972E-14 9.544485E-06 4.092411E-02 0.000000E+00
  1037 1.467246E-14 9.877505E-06 5.033586E-02 0.000000E+00
  1038 7.757365E-15 9.832799E-06 4.244128E-02 0.000000E+00
  1039 1.611635E-14 9.237733E-06 4.329976E-02 0.000000E+00
  1040 1.191916E-14 9.356976E-06 5.855741E-02 0.000000E+00
  1041 3.085251E-14 9.749821E-06 4.755591E-02 0.000000E+00
  1042 7.410549E-15 8.921385E-06 4.290266E-02 0.000000E+00
  1043 1.260572E-14 9.514176E-06 4.407523E-02 0.000000E+00
  1044 1.517499E-14 9.877341E-06 4.775055E-02 0.000000E+00
  1045 7.764443E-15 8.765170E-06 5.715007E-02 0.000000E+00
  1046 2.066743E-14 9.050083E-06 4.676785E-02 0.000000E+00
  1047 1.708602E-14 9.690089E-06 4.349790E-02 0.000000E+00
  1048 7.297303E-15 9.096245E-06 4.434230E-02 0.000000E+00
  1049 2.327917E-14 9.355432E-06 3.002381E-02 0.000000E+00
  1050 2.075237E-14 9.776626E-06 5.000000E-02 0.000000E+00
  1051 1.050359E-14 9.007082E-06 3.070767E-02 0.000000E+00
  1052 2.573520E-14 9.151206E-06 4.965959E-02 0.000000E+00
  1053 6.440878E-15 9.721018E-06 5.233850E-02 0.000000E+00
  1054 6.178996E-15 8.859480E-06 4.865893E-02 0.000000E+00
  1055 4.763419E-15 8.990068E-06 5.988054E-02 0.000000E+00
  1056 1.584031E-14 9.031710E-06 4.446961E-02 0.000000E+00
  1057 1.328520E-14 9.604425E-06 3.808365E-02 0.000000E+00
  1058 8.514699E-15 9.117324E-06 4.085974E-02 0.000000E+00
  1059 1.886965E-14 9.545587E-06 4.766366E-02 0.000000E+00
  1060 2.252184E-14 9.915394E-06 4.142523E-02 0.000000E+00
  1061 3.860988E-14 9.542687E-06 2.799631E-02 0.000000E+00
  1062 7.757365E-15 9.216756E-06 5.144017E-02 0.000000E+00
  1063 7.318536E-15 9.155234E-06 2.473540E-02 0.000000E+00
  1064 1.344799E-14 9.371819E-06 3.808699E-02 0.000000E+00
  1065 8.918139E-15 9.081559E-06 1.962575E-02 0.000000E+00
  1066 2.643591E-14 8.645149E-06 4.973704E-02 0.000000E+00
  1067 1.481402E-14 8.644413E-06 3.558175E-02 0.000000E+00
  1068 1.692323E-14 8.819908E-06 6.095629E-02 0.000000E+00
  1069 2.022153E-14 8.970639E-06 4.239178E-02 0.000000E+00
  1070 1.857238E-14 8.565215E-06 5.445686E-02 0.000000E+00
  1071 6.363021E-15 9.140620E-06 3.988047E-02 0.000000E+00
  1072 7.778599E-15 9.098999E-06 2.604202E-02 0.000000E+00
  1073 1.319318E-14 9.325625E-06 4.688539E-02 0.000000E+00
  1074 9.548071E-15 8.806963E-06 4.063841E-02 0.000000E+00
  1075 2.838941E-14 8.862737E-06 4.726313E-02 0.000000E+00
  1076 9.434825E-15 8.873060E-06 4.721435E-02 0.000000E+00
  1077 1.398591E-14 8.768962E-06 6.076553E-02 0.000000E+00
  1078 9.116320E-15 8.623011E-06 3.929953E-02 0.000000E+00
  1079 1.276851E-14 8.829096E-06 6.186981E-02 0.000000E+00
  1080 7.821066E-15 8.839102E-06 5.579466E-02 0.000000E+00
  1081 2.164418E-14 8.783264E-06 4.515049E-02 0.000000E+00
  1082 2.053295E-14 8.724524E-06 5.000000E-02 0.000000E+00
  1083 1.713557E-14 8.739921E-06 2.564192E-02 0.000000E+00
  1084 7.134511E-15 8.656525E-06 3.279643E-02 0.000000E+00
  1085 2.572812E-14 8.747170E-06 3.150051E-02 0.000000E+00
  1086 1.293130E-14 9.311135E-06 4.559418E-02 0.000000E+00
  1087 1.414162E-14 8.673872E-06 5.043266E-02 0.000000E+00
  1088 9.003074E-15 8.833655E-06 3.480386E-02 0.000000E+00
  1089 1.351169E-14 8.961727E-06 5.417139E-02 0.000000E+00
  1090 1.206780E-14 8.606196E-06 3.671676E-02 0.000000E+00
  1091 8.790737E-15 8.652498E-06 4.184401E-02 0.000000E+00
  1092 2.064620E-14 9.082075E-06 3.911648E-02 0.000000E+00
  1093 1.801322E-14 9.314230E-06 3.785028E-02 0.000000E+00
  1094 1.722050E-14 8.659476E-06 5.310953E-02 0.000000E+00
  1095 1.211734E-14 8.655842E-06 5.358065E-02 0.000000E+00
  1096 2.880700E-14 8.925168E-06 6.405998E-02 0.000000E+00
  1097 2.029230E-14 8.825599E-06 4.473549E-02 0.000000E+00
  1098 9.760408E-15 8.915378E-06 5.290333E-02 0.000000E+00
  1099 1.460876E-14 9.163917E-06 5.254230E-02 0.000000E+00
  1100 7.417627E-15 8.866329E-06 4.891868E-02 0.000000E+00
  1101 9.909043E-15 8.971155E-06 4.113230E-02 0.000000E+00
  1102 1.544395E-14 8.929545E-06 4.134701E-02 0.000000E+00
  1103 1.438935E-14 9.119538E-06 3.053253E-02 0.000000E+00
  1104 9.272033E-15 8.665818E-06 3.310446E-02 0.000000E+00
  1105 1.985348E-14 8.767775E-06 3.041880E-02 0.000000E+00
  1106 1.429026E-14 8.615694E-06 4.642193E-02 0.000000E+00
  1107 2.218210E-14 8.866913E-06 3.508102E-02 0.000000E+00
  1108 1.234384E-14 8.676683E-06 3.802166E-02 0.000000E+00
  1109 1.804861E-14 8.510806E-06 4.659124E-02 0.000000E+00
  1110 2.073113E-14 8.741542E-06 3.763471E-02 0.000000E+00
  1111 1.332059E-14 8.869110E-06 3.309889E-02 0.000000E+00
  1112 1.092118E-14 8.649402E-06 5.716690E-02 0.000000E+00
  1113 1.106274E-14 8.683858E-06 3.618398E-02 0.000000E+00
  1114 3.185050E-14 9.095805E-06 5.427893E-02 0.000000E+00
  1115 1.131754E-14 8.656185E-06 4.813924E-02 0.000000E+00
  1116 8.521777E-15 8.720338E-06 3.546115E-02 0.000000E+00
  1117 2.272002E-15 8.447017E-06 4.136519E-02 0.000000E+00
  1118 4.027318E-15 8.619559E-06 3.119438E-02 0.000000E+00
  1119 4.048552E-15 8.729285E-06 1.823152E-02 0.000000E+00
  1120 1.555720E-14 9.296480E-06 4.293373E-02 0.000000E+00
  1121 9.441903E-15 1.333219E-05 4.757103E-02 0.000000E+00
  1122 8.833204E-15 9.114880E-06 5.521543E-02 0.000000E+00
  1123 1.705771E-14 8.641390E-06 3.610825E-02 0.000000E+00
  1124 2.146723E-14 1.015924E-05 3.765718E-02 0.000000E+00
  1125 1.127508E-14 8.754779E-06 6.166417E-02 0.000000E+00
  1126 5.549064E-15 8.638494E-06 5.558419E-02 0.000000E+00
  1127 9.809953E-15 8.757740E-06 4.018918E-02 0.000000E+00
  1128 1.426194E-14 8.640520E-06 3.563584E-02 0.000000E+00
  1129 7.445938E-15 8.636139E-06 4.157652E-02 0.000000E+00
  1130 6.780617E-15 8.339046E-06 4.833438E-02 0.000000E+00
  1131 1.622252E-14 8.437533E-06 4.410617E-02 0.000000E+00
  1132 1.018508E-14 8.553578E-06 1.690691E-02 0.000000E+00
  1133 1.303039E-14 8.437054E-06 7.145774E-02 0.000000E+00
  1134 1.007891E-14 8.634814E-06 4.870285E-02 0.000000E+00
  1135 7.828144E-15 8.358310E-06 3.714187E-02 0.000000E+00
  1136 1.591109E-14 8.653412E-06 3.869549E-02 0.000000E+00
  1137 1.048943E-14 8.365561E-06 2.952316E-02 0.000000E+00
  1138 1.132462E-14 8.095317E-06 1.733438E-02 0.000000E+00
  1139 1.871394E-14 8.732772E-06 4.029418E-02 0.000000E+00
  1140 2.334287E-14 8.942882E-06 2.577337E-02 0.000000E+00
  1141 7.821066E-15 8.652654E-06 4.225850E-02 0.000000E+00
  1142 7.353926E-15 8.643433E-06 5.662369E-02 0.000000E+00
  1143 9.257878E-15 8.435241E-06 5.760162E-02 0.000000E+00
  1144 2.029938E-14 8.758222E-06 4.948146E-02 0.000000E+00
  1145 1.431149E-14 8.338024E-06 1.740463E-02 0.000000E+00
  1146 1.305163E-14 8.638601E-06 2.935510E-02 0.000000E+00
  1147 7.622885E-15 8.641705E-06 4.707065E-02 0.000000E+00
  1148 1.079378E-14 8.249826E-06 3.749477E-02 0.000000E+00
  1149 2.979083E-14 8.344704E-06 4.571713E-02 0.000000E+00
  1150 6.582436E-15 8.177447E-06 4.882247E-02 0.000000E+00
  1151 2.022153E-14 8.200130E-06 4.686190E-02 0.000000E+00
  1152 1.496973E-14 8.378834E-06 3.387837E-02 0.000000E+00
  1153 1.222351E-14 8.927450E-06 3.909599E-02 0.000000E+00
  1154 8.373142E-15 8.919263E-06 4.969507E-02 0.000000E+00
  1155 9.123398E-15 8.533072E-06 3.479395E-02 0.000000E+00
  1156 1.600310E-14 8.630010E-06 3.521596E-02 0.000000E+00
  1157 1.023463E-14 8.687925E-06 3.560290E-02 0.000000E+00
  1158 1.226598E-14 8.993429E-06 3.603112E-02 0.000000E+00
  1159 1.894043E-14 9.689883E-06 4.876222E-02 0.000000E+00
  1160 1.417701E-14 8.685255E-06 3.337576E-02 0.000000E+00
  1161 1.214566E-14 9.093742E-06 4.172332E-02 0.000000E+00
  1162 1.500512E-14 8.887667E-06 3.774715E-02 0.000000E+00
  1163 1.593233E-14 8.460890E-06 3.553324E-02 0.000000E+00
  1164 8.295285E-15 9.086415E-06 3.574866E-02 0.000000E+00
  1165 9.052619E-15 8.803130E-06 6.747507E-02 0.000000E+00
  1166 9.923199E-15 8.896877E-06 3.853369E-02 0.000000E+00
  1167 1.266942E-14 9.142578E-06 3.686445E-02 0.000000E+00
  1168 8.160805E-15 8.240984E-06 4.508965E-02 0.000000E+00
  1169 1.320026E-14 8.754330E-06 3.331776E-02 0.000000E+00
  1170 1.330643E-14 8.388088E-06 3.551383E-02 0.000000E+00
  1171 8.797815E-15 8.434248E-06 3.681061E-02 0.000000E+00
  1172 1.271189E-14 8.493929E-06 3.056305E-02 0.000000E+00
  1173 8.543011E-15 8.358841E-06 3.880784E-02 0.000000E+00
  1174 1.484233E-14 8.202686E-06 5.705984E-02 0.000000E+00
  1175 9.010151E-15 8.474879E-06 4.241963E-02 0.000000E+00
  1176 5.053612E-15 8.227014E-06 5.038562E-02 0.000000E+00
  1177 1.080086E-14 8.414043E-06 5.698723E-02 0.000000E+00
  1178 1.017800E-14 8.300026E-06 4.662922E-02 0.000000E+00
  1179 5.265949E-15 8.751989E-06 6.056749E-02 0.000000E+00
  1180 1.204657E-14 8.342167E-06 3.437614E-02 0.000000E+00
  1181 1.019924E-14 8.079571E-06 3.691552E-02 0.000000E+00
  1182 1.262695E-14 9.081414E-06 3.584125E-02 0.000000E+00
  1183 1.545103E-14 8.425390E-06 5.606797E-02 0.000000E+00
  1184 1.054605E-14 8.378469E-06 6.712156E-02 0.000000E+00
  1185 6.504579E-15 8.490836E-06 2.996415E-02 0.000000E+00
  1186 9.562227E-15 8.374222E-06 4.496690E-02 0.000000E+00
  1187 1.029125E-14 8.366441E-06 2.019514E-02 0.000000E+00
  1188 1.333474E-14 8.138070E-06 5.000000E-02 0.000000E+00
  1189 4.586471E-15 8.748034E-06 2.592648E-02 0.000000E+00
  1190 1.679583E-14 8.429759E-06 3.844772E-02 0.000000E+00
  1191 1.027002E-14 8.703520E-06 6.428220E-02 0.000000E+00
  1192 1.435396E-14 8.265316E-06 2.984497E-02 0.000000E+00
  1193 1.191916E-14 8.453544E-06 4.521229E-02 0.000000E+00
  1194 6.759383E-15 8.218540E-06 5.668619E-02 0.000000E+00
  1195 1.346922E-14 8.063611E-06 5.000000E-02 0.000000E+00
  1196 1.711433E-14 9.100825E-06 5.409455E-02 0.000000E+00
  1197 8.642101E-15 8.211641E-06 4.219218E-02 0.000000E+00
  1198 1.043281E-14 8.571366E-06 4.355078E-02 0.000000E+00
  1199 1.826095E-14 8.568241E-06 5.029007E-02 0.000000E+00
  1200 2.047633E-14 8.790237E-06 6.849335E-02 0.000000E+00
  1201 6.306398E-15 8.101674E-06 5.539942E-02 0.000000E+00
  1202 5.902959E-15 8.751347E-06 4.236138E-02 0.000000E+00
  1203 1.419117E-14 9.622294E-06 2.673536E-02 0.000000E+00
  1204 9.873654E-15 8.393026E-06 5.350475E-02 0.000000E+00
  1205 1.209611E-14 8.749730E-06 4.613108E-02 0.000000E+00
  1206 7.736132E-15 8.751604E-06 6.127198E-02 0.000000E+00
  1207 5.110235E-15 9.375443E-06 5.086176E-02 0.000000E+00
  1208 8.932295E-15 8.133070E-06 5.000000E-02 0.000000E+00
  1209 6.086984E-15 8.476660E-06 5.942321E-02 0.000000E+00
  1210 6.752305E-15 8.348847E-06 4.482593E-02 0.000000E+00
  1211 1.472201E-14 8.161740E-06 4.193148E-02 0.000000E+00
  1212 9.802875E-15 8.172701E-06 3.641179E-02 0.000000E+00
  1213 7.651197E-15 8.498641E-06 5.000000E-02 0.000000E+00
  1214 8.047559E-15 8.688287E-06 7.043186E-02 0.000000E+00
  1215 2.141769E-14 8.267581E-06 3.900129E-02 0.000000E+00
  1216 8.995996E-15 8.758753E-06 3.749028E-02 0.000000E+00
  1217 1.085748E-14 8.065261E-06 5.998946E-02 0.000000E+00
  1218 1.637823E-14 8.446252E-06 3.694043E-02 0.000000E+00
  1219 1.802738E-14 8.865417E-06 3.723826E-02 0.000000E+00
  1220 1.285344E-14 8.319019E-06 4.198333E-02 0.000000E+00
  1221 1.748238E-14 8.946896E-06 6.073662E-02 0.000000E+00
  1222 1.203241E-14 8.139359E-06 2.828904E-02 0.000000E+00
  1223 7.261913E-15 8.383293E-06 4.837847E-02 0.000000E+00
  1224 1.165020E-14 8.786018E-06 5.000000E-02 0.000000E+00
  1225 1.226598E-14 8.310244E-06 3.818857E-02 0.000000E+00
  1226 1.667550E-14 8.474333E-06 4.229587E-02 0.000000E+00
  1227 1.540148E-14 8.733972E-06 5.000000E-02 0.000000E+00
  1228 1.031248E-14 8.740620E-06 5.701491E-02 0.000000E+00
  1229 2.005873E-14 8.568215E-06 3.138807E-02 0.000000E+00
  1230 7.658275E-15 8.411526E-06 5.203677E-02 0.000000E+00
  1231 1.278974E-14 8.718314E-06 4.011707E-02 0.000000E+00
  1232 1.250663E-14 8.872554E-06 7.972522E-02 0.000000E+00
  1233 1.089287E-14 8.471848E-06 2.516525E-02 0.000000E+00
  1234 1.148033E-14 8.291912E-06 3.655277E-02 0.000000E+00
  1235 1.021339E-14 8.604877E-06 5.829752E-02 0.000000E+00
  1236 1.704355E-14 8.588557E-06 5.738075E-02 0.000000E+00
  1237 3.850371E-15 8.138847E-06 2.578736E-02 0.000000E+00
  1238 6.292242E-15 8.312390E-06 2.517381E-02 0.000000E+00
  1239 1.143079E-14 8.564719E-06 6.402200E-02 0.000000E+00
  1240 9.172943E-15 8.532338E-06 3.367707E-02 0.000000E+00
  1241 2.070282E-14 8.649494E-06 4.823044E-02 0.000000E+00
  1242 9.441903E-15 8.891951E-06 5.000000E-02 0.000000E+00
  1243 2.454612E-14 9.092764E-06 5.000000E-02 0.000000E+00
  1244 3.425698E-15 8.153962E-06 5.132406E-02 0.000000E+00
  1245 7.325614E-15 8.777539E-06 4.267987E-02 0.000000E+00
  1246 9.498526E-15 8.948108E-06 3.486344E-02 0.000000E+00
  1247 8.160805E-15 8.582748E-06 5.000000E-02 0.000000E+00
  1248 8.182039E-15 7.763464E-06 4.723942E-02 0.000000E+00
  1249 2.066036E-14 9.682874E-06 2.035396E-02 0.000000E+00
  1250 1.748238E-15 8.228458E-06 3.424271E-02 0.000000E+00
  1251 7.566262E-15 8.018408E-06 2.954732E-02 0.000000E+00
  1252 1.925186E-15 8.510048E-06 3.803548E-02 0.000000E+00
  1253 1.875640E-15 8.424973E-06 3.687135E-02 0.000000E+00
  1254 7.962624E-15 8.895316E-06 5.252415E-02 0.000000E+00
  1255 1.056729E-14 8.109441E-06 4.815602E-02 0.000000E+00
  1256 1.053898E-14 8.647408E-06 3.644844E-02 0.000000E+00
  1257 3.105777E-14 8.876425E-06 3.049616E-02 0.000000E+00
  1258 1.068761E-14 8.741432E-06 5.225872E-02 0.000000E+00
  1259 1.241462E-14 8.576506E-06 2.921296E-02 0.000000E+00
  1260 3.741372E-14 8.563774E-06 2.810272E-02 0.000000E+00
  1261 1.528824E-14 8.879418E-06 4.023654E-02 0.000000E+00
  1262 1.591817E-14 8.734276E-06 4.287500E-02 0.000000E+00
  1263 7.169901E-15 8.641530E-06 4.080452E-02 0.000000E+00
  1264 7.927235E-15 8.620219E-06 7.172175E-02 0.000000E+00
  1265 8.734114E-15 9.527487E-06 4.525880E-02 0.000000E+00
  1266 7.155745E-15 8.128379E-06 3.574802E-02 0.000000E+00
  1267 6.745227E-15 7.792366E-06 5.400345E-02 0.000000E+00
  1268 9.746252E-15 8.246710E-06 4.047152E-02 0.000000E+00
  1269 9.873654E-15 7.786269E-06 7.721413E-02 0.000000E+00
  1270 1.104858E-14 7.923436E-06 3.935355E-02 0.000000E+00
  1271 5.697700E-15 7.978187E-06 5.209353E-02 0.000000E+00
  1272 2.019321E-14 8.299608E-06 6.887439E-02 0.000000E+00
  1273 1.246416E-14 8.545496E-06 3.102778E-02 0.000000E+00
  1274 7.056654E-15 8.020752E-06 4.400724E-02 0.000000E+00
  1275 1.119014E-14 8.042732E-06 6.283108E-02 0.000000E+00
  1276 1.106982E-14 8.701814E-06 5.000000E-02 0.000000E+00
  1277 9.548071E-15 8.517217E-06 3.653358E-02 0.000000E+00
  1278 1.898997E-14 8.095130E-06 2.412967E-02 0.000000E+00
  1279 1.188377E-14 8.685156E-06 5.000000E-02 0.000000E+00
  1280 2.298190E-14 7.867967E-06 3.404229E-02 0.000000E+00
  1281 6.157763E-15 8.240089E-06 2.243539E-02 0.000000E+00
  1282 9.463136E-15 8.237572E-06 3.825703E-02 0.000000E+00
  1283 1.809816E-14 8.120905E-06 3.493595E-02 0.000000E+00
  1284 7.198212E-15 7.819684E-06 3.186130E-02 0.000000E+00
  1285 8.649179E-15 8.515299E-06 4.905763E-02 0.000000E+00
  1286 1.039034E-14 8.185648E-06 4.442690E-02 0.000000E+00
  1287 5.832180E-15 8.074207E-06 3.232583E-02 0.000000E+00
  1288 1.860777E-14 8.226273E-06 8.261349E-02 0.000000E+00
  1289 6.370099E-15 8.210951E-06 5.878171E-02 0.000000E+00
  1290 6.377177E-15 8.079243E-06 3.878487E-02 0.000000E+00
  1291 1.473616E-14 8.511919E-06 5.000000E-02 0.000000E+00
  1292 1.261280E-14 8.302268E-06 4.313186E-02 0.000000E+00
  1293 7.849378E-15 8.574135E-06 4.023426E-02 0.000000E+00
  1294 6.207308E-15 8.634744E-06 5.000000E-02 0.000000E+00
  1295 1.368864E-14 8.529177E-06 3.372366E-02 0.000000E+00
  1296 7.870611E-15 8.032731E-06 4.920602E-02 0.000000E+00
  1297 1.741160E-14 9.094058E-06 6.170789E-02 0.000000E+00
  1298 1.663304E-14 8.187128E-06 5.000000E-02 0.000000E+00
  1299 3.545314E-14 9.367295E-06 4.866614E-02 0.000000E+00
  1300 7.516717E-15 8.290804E-06 4.881292E-02 0.000000E+00
  1301 7.509639E-15 8.572416E-06 4.879107E-02 0.000000E+00
  1302 1.092826E-14 8.246860E-06 5.231728E-02 0.000000E+00
  1303 8.486388E-15 7.803036E-06 4.953624E-02 0.000000E+00
  1304 6.292242E-15 8.356188E-06 5.496261E-02 0.000000E+00
  1305 9.349890E-15 8.037684E-06 2.580649E-02 0.000000E+00
  1306 1.198286E-14 8.532285E-06 6.822843E-02 0.000000E+00
  1307 7.346848E-15 8.505104E-06 2.035027E-02 0.000000E+00
  1308 1.299500E-14 8.651497E-06 5.585430E-02 0.000000E+00
  1309 8.748270E-15 8.312321E-06 4.714670E-02 0.000000E+00
  1310 2.321547E-14 8.651753E-06 3.172188E-02 0.000000E+00
  1311 1.516084E-14 8.368794E-06 3.684346E-02 0.000000E+00
  1312 1.099904E-14 8.105750E-06 4.158740E-02 0.000000E+00
  1313 8.231584E-15 8.495081E-06 4.832313E-02 0.000000E+00
  1314 6.752305E-15 8.549919E-06 2.641746E-02 0.000000E+00
  1315 9.696707E-15 8.065200E-06 5.329477E-02 0.000000E+00
  1316 8.769503E-15 8.188601E-06 4.722336E-02 0.000000E+00
  1317 6.943408E-15 8.491467E-06 7.137558E-02 0.000000E+00
  1318 1.400006E-14 8.335609E-06 3.330081E-02 0.000000E+00
  1319 7.799833E-15 8.543058E-06 3.722907E-02 0.000000E+00
  1320 2.552286E-14 8.608009E-06 3.672479E-02 0.000000E+00
  1321 1.071592E-14 8.203250E-06 4.300002E-02 0.000000E+00
  1322 9.654239E-15 8.494762E-06 6.246650E-02 0.000000E+00
  1323 7.983858E-15 8.306622E-06 6.336419E-02 0.000000E+00
  1324 5.110235E-15 8.324418E-06 5.888122E-02 0.000000E+00
  1325 1.096365E-14 8.321512E-06 5.409298E-02 0.000000E+00
  1326 3.793748E-15 7.968417E-06 3.270520E-02 0.000000E+00
  1327 2.172912E-15 7.837838E-06 3.581340E-02 0.000000E+00
  1328 2.562195E-15 8.380061E-06 4.541697E-02 0.000000E+00
  1329 5.612765E-15 8.368317E-06 5.926796E-02 0.000000E+00
  1330 4.246733E-15 8.362242E-06 6.159427E-02 0.000000E+00
  1331 7.375159E-15 8.381259E-06 5.355970E-02 0.000000E+00
  1332 1.127508E-14 8.275651E-06 4.670532E-02 0.000000E+00
  1333 5.669388E-15 8.260629E-06 4.629204E-02 0.000000E+00
  1334 9.746252E-15 7.998680E-06 3.477998E-02 0.000000E+00
  1335 9.420669E-15 8.009789E-06 3.699554E-02 0.000000E+00
  1336 6.426722E-15 8.128386E-06 5.540125E-02 0.000000E+00
  1337 4.827120E-15 7.884423E-06 4.558721E-02 0.000000E+00
  1338 1.224475E-14 7.804466E-06 5.239789E-02 0.000000E+00
  1339 9.187099E-15 8.057376E-06 7.605886E-02 0.000000E+00
  1340 4.756341E-15 7.708046E-06 5.556009E-02 0.000000E+00
  1341 1.063099E-14 7.907212E-06 3.286562E-02 0.000000E+00
  1342 1.505467E-14 7.782141E-06 3.373198E-02 0.000000E+00
  1343 1.048235E-14 8.007387E-06 2.473566E-02 0.000000E+00
  1344 6.292242E-15 8.206814E-06 3.889283E-02 0.000000E+00
  1345 7.806910E-15 8.165903E-06 5.551139E-02 0.000000E+00
  1346 3.899916E-15 8.011531E-06 5.039750E-02 0.000000E+00
  1347 1.311533E-14 8.122288E-06 4.153824E-02 0.000000E+00
  1348 5.825102E-15 7.908566E-06 5.000000E-02 0.000000E+00
  1349 9.696707E-15 8.124983E-06 3.726881E-02 0.000000E+00
  1350 3.715891E-15 7.861641E-06 3.789430E-02 0.000000E+00
  1351 9.264955E-15 8.291042E-06 4.605923E-02 0.000000E+00
  1352 9.817031E-15 7.962209E-06 2.871378E-02 0.000000E+00
  1353 2.451780E-14 8.168952E-06 7.919010E-02 0.000000E+00
  1354 1.434688E-14 8.365351E-06 3.416124E-02 0.000000E+00
  1355 9.739174E-15 8.351811E-06 5.589058E-02 0.000000E+00
  1356 8.366064E-15 7.803529E-06 5.300518E-02 0.000000E+00
  1357 8.026325E-15 7.792633E-06 3.170201E-02 0.000000E+00
  1358 9.781641E-15 7.915159E-06 4.137040E-02 0.000000E+00
  1359 9.788719E-15 8.045946E-06 2.842570E-02 0.000000E+00
  1360 7.339770E-15 8.216938E-06 5.000000E-02 0.000000E+00
  1361 1.068761E-14 7.384229E-06 5.608027E-02 0.000000E+00
  1362 1.297377E-14 8.156980E-06 3.660010E-02 0.000000E+00
  1363 1.675336E-14 8.121680E-06 4.785875E-02 0.000000E+00
  1364 7.693664E-15 8.008657E-06 3.150051E-02 0.000000E+00
  1365 8.182039E-15 7.996124E-06 3.215764E-02 0.000000E+00
  1366 1.615174E-14 8.259271E-06 5.195910E-02 0.000000E+00
  1367 7.488406E-15 7.915046E-06 4.410513E-02 0.000000E+00
  1368 9.229566E-15 8.174882E-06 4.670381E-02 0.000000E+00
  1369 1.108397E-14 8.001776E-06 3.993286E-02 0.000000E+00
  1370 9.540993E-15 7.999754E-06 3.694779E-02 0.000000E+00
  1371 7.028343E-15 8.012622E-06 5.000000E-02 0.000000E+00
  1372 6.646137E-15 8.292613E-06 4.075194E-02 0.000000E+00
  1373 8.238662E-15 8.299152E-06 3.767437E-02 0.000000E+00
  1374 1.185546E-14 8.131078E-06 4.744461E-02 0.000000E+00
  1375 8.670413E-15 8.256866E-06 3.778815E-02 0.000000E+00
  1376 9.625928E-16 7.679022E-06 4.420452E-02 0.000000E+00
  1377 8.819048E-15 8.330700E-06 5.000000E-02 0.000000E+00
  1378 2.458858E-14 8.212852E-06 1.635961E-02 0.000000E+00
  1379 1.005060E-14 8.432552E-06 5.844603E-02 0.000000E+00
  1380 2.064620E-14 1.036401E-05 4.477455E-02 0.000000E+00
  1381 1.920231E-14 8.410388E-06 3.450191E-02 0.000000E+00
  1382 2.839649E-14 8.574964E-06 5.420322E-02 0.000000E+00
  1383 7.545029E-15 7.940973E-06 6.095650E-02 0.000000E+00
  1384 1.003645E-14 8.053140E-06 5.000000E-02 0.000000E+00
  1385 8.387297E-15 8.197080E-06 4.009879E-02 0.000000E+00
  1386 7.219446E-15 8.185909E-06 5.000000E-02 0.000000E+00
  1387 1.746115E-14 8.428814E-06 4.048576E-02 0.000000E+00
  1388 4.536926E-15 8.216269E-06 5.230491E-02 0.000000E+00
  1389 2.088685E-14 8.203228E-06 4.175089E-02 0.000000E+00
  1390 1.433272E-14 8.400721E-06 5.000000E-02 0.000000E+00
  1391 1.188377E-14 8.114300E-06 5.723112E-02 0.000000E+00
  1392 7.113277E-15 8.318203E-06 3.656385E-02 0.000000E+00
  1393 9.441903E-15 7.776962E-06 6.702580E-02 0.000000E+00
  1394 1.499804E-14 8.331389E-06 4.077126E-02 0.000000E+00
  1395 1.563505E-14 8.323682E-06 2.998153E-02 0.000000E+00
  1396 7.870611E-15 8.040423E-06 3.326782E-02 0.000000E+00
  1397 1.043988E-14 8.565188E-06 6.258250E-02 0.000000E+00
  1398 8.040481E-15 8.248718E-06 3.995364E-02 0.000000E+00
  1399 1.113352E-14 7.859501E-06 3.373542E-02 0.000000E+00
  1400 2.184236E-14 7.796364E-06 2.569780E-02 0.000000E+00
  1401 9.378202E-15 8.244500E-06 5.731739E-02 0.000000E+00
  1402 6.893863E-15 7.467176E-06 4.682689E-02 0.000000E+00
  1403 1.020631E-14 7.897090E-06 6.788553E-02 0.000000E+00
  1404 8.450998E-15 8.229487E-06 4.352339E-02 0.000000E+00
  1405 6.547046E-15 8.142123E-06 3.946917E-02 0.000000E+00
  1406 5.669388E-15 7.925280E-06 4.055195E-02 0.000000E+00
  1407 7.842300E-15 8.252120E-06 5.000000E-02 0.000000E+00
  1408 5.492441E-15 8.226345E-06 6.417210E-02 0.000000E+00
  1409 1.007183E-14 7.904000E-06 4.601759E-02 0.000000E+00
  1410 7.714898E-15 7.821293E-06 5.400097E-02 0.000000E+00
  1411 1.617297E-14 7.898159E-06 1.671230E-02 0.000000E+00
  1412 4.253811E-15 7.810558E-06 6.331848E-02 0.000000E+00
  1413 1.077255E-14 7.814641E-06 3.119369E-02 0.000000E+00
  1414 5.244715E-15 8.042858E-06 3.244606E-02 0.000000E+00
  1415 1.281098E-14 8.324288E-06 2.180027E-02 0.000000E+00
  1416 1.450259E-14 7.988071E-06 1.250000E-02 0.000000E+00
  1417 5.103157E-15 7.752431E-06 7.006947E-02 0.000000E+00
  1418 1.246416E-14 8.004089E-06 4.267997E-02 0.000000E+00
  1419 1.225182E-14 8.074049E-06 3.014322E-02 0.000000E+00
  1420 1.126092E-14 8.245999E-06 3.651705E-02 0.000000E+00
  1421 1.235091E-14 8.242500E-06 3.719475E-02 0.000000E+00
  1422 1.655518E-14 7.809756E-06 4.349530E-02 0.000000E+00
  1423 7.474250E-15 8.247150E-06 7.277081E-02 0.000000E+00
  1424 8.698724E-15 8.202222E-06 4.451758E-02 0.000000E+00
  1425 8.458076E-15 7.457039E-06 3.320262E-02 0.000000E+00
  1426 9.682551E-15 7.812979E-06 4.380786E-02 0.000000E+00
  1427 1.407792E-14 7.869574E-06 4.204433E-02 0.000000E+00
  1428 8.252817E-15 7.940863E-06 5.445313E-02 0.000000E+00
  1429 4.798808E-15 7.793334E-06 3.758901E-02 0.000000E+00
  1430 8.450998E-15 8.548307E-06 5.947458E-02 0.000000E+00
  1431 8.514699E-15 8.257509E-06 4.849394E-02 0.000000E+00
  1432 1.858653E-14 7.831371E-06 1.847525E-02 0.000000E+00
  1433 1.044696E-14 8.243224E-06 3.171024E-02 0.000000E+00
  1434 1.652687E-14 8.096214E-06 5.732393E-02 0.000000E+00
  1435 6.971720E-15 8.072789E-06 4.415035E-02 0.000000E+00
  1436 7.467172E-15 7.836259E-06 2.909340E-02 0.000000E+00
  1437 1.004352E-14 8.090450E-06 4.050085E-02 0.000000E+00
  1438 6.943408E-15 7.863076E-06 5.191532E-02 0.000000E+00
  1439 2.126905E-14 7.316509E-06 2.986792E-02 0.000000E+00
  1440 1.064514E-14 8.243874E-06 4.380025E-02 0.000000E+00
  1441 1.752485E-14 8.222499E-06 3.728421E-02 0.000000E+00
  1442 3.807904E-15 7.164343E-06 6.823513E-02 0.000000E+00
  1443 1.342675E-14 7.318817E-06 5.484712E-02 0.000000E+00
  1444 9.272033E-15 8.008157E-06 5.000000E-02 0.000000E+00
  1445 1.399298E-14 7.734340E-06 3.750485E-02 0.000000E+00
  1446 9.732096E-15 8.039451E-06 5.741423E-02 0.000000E+00
  1447 8.387297E-15 7.738763E-06 4.670345E-02 0.000000E+00
  1448 7.778599E-15 7.855433E-06 3.886450E-02 0.000000E+00
  1449 1.109105E-14 8.057023E-06 5.576475E-02 0.000000E+00
  1450 6.086984E-15 7.904301E-06 6.608073E-02 0.000000E+00
  1451 1.402130E-14 7.784672E-06 5.000000E-02 0.000000E+00
  1452 3.984851E-15 8.124546E-06 4.611232E-02 0.000000E+00
  1453 1.128215E-14 8.051850E-06 5.491257E-02 0.000000E+00
  1454 5.648155E-15 8.034356E-06 1.980879E-02 0.000000E+00
  1455 1.043281E-14 8.261929E-06 4.489777E-02 0.000000E+00
  1456 6.568280E-15 7.823230E-06 1.893863E-02 0.000000E+00
  1457 6.738149E-15 7.777778E-06 3.765896E-02 0.000000E+00
  1458 1.867147E-14 9.704140E-06 3.429543E-02 0.000000E+00
  1459 3.857449E-15 7.853458E-06 3.658097E-02 0.000000E+00
  1460 1.544395E-14 8.050832E-06 5.926791E-02 0.000000E+00
  1461 1.222351E-14 7.377471E-06 5.000000E-02 0.000000E+00
  1462 6.568280E-15 8.243138E-06 5.254939E-02 0.000000E+00
  1463 1.045404E-14 7.778116E-06 3.729873E-02 0.000000E+00
  1464 8.472232E-15 8.216069E-06 5.086432E-02 0.000000E+00
  1465 4.982833E-15 7.738939E-06 4.958990E-02 0.000000E+00
  1466 5.244715E-15 7.991993E-06 5.222130E-02 0.000000E+00
  1467 1.105566E-14 8.253288E-06 3.124380E-02 0.000000E+00
  1468 6.256853E-15 7.800449E-06 5.347517E-02 0.000000E+00
  1469 1.276143E-14 8.031946E-06 5.901318E-02 0.000000E+00
  1470 9.887810E-15 8.202917E-06 4.796575E-02 0.000000E+00
  1471 1.252786E-14 7.809390E-06 3.138932E-02 0.000000E+00
  1472 1.969776E-14 8.252202E-06 3.808047E-02 0.000000E+00
  1473 3.708813E-15 7.732140E-06 5.000000E-02 0.000000E+00
  1474 1.307286E-14 7.997153E-06 3.851051E-02 0.000000E+00
  1475 6.759383E-15 7.471392E-06 4.936216E-02 0.000000E+00
  1476 5.244715E-15 8.034356E-06 5.821028E-02 0.000000E+00
  1477 5.987893E-15 8.258681E-06 2.786902E-02 0.000000E+00
  1478 6.596592E-15 8.040001E-06 3.337575E-02 0.000000E+00
  1479 1.257033E-14 8.150515E-06 3.631621E-02 0.000000E+00
  1480 8.514699E-15 7.446480E-06 2.888985E-02 0.000000E+00
  1481 9.562227E-15 8.034890E-06 7.291020E-02 0.000000E+00
  1482 1.588278E-14 8.058492E-06 5.736599E-02 0.000000E+00
  1483 8.797815E-15 8.213323E-06 3.477851E-02 0.000000E+00
  1484 1.312948E-14 7.899243E-06 2.403516E-02 0.000000E+00
  1485 1.000813E-14 8.005701E-06 3.352813E-02 0.000000E+00
  1486 5.980815E-15 7.162760E-06 3.776325E-02 0.000000E+00
  1487 7.679508E-15 7.435404E-06 2.807909E-02 0.000000E+00
  1488 7.276069E-15 8.278555E-06 4.218547E-02 0.000000E+00
  1489 1.148741E-14 8.009233E-06 3.178460E-02 0.000000E+00
  1490 7.000031E-15 8.038791E-06 4.224270E-02 0.000000E+00
  1491 1.249247E-14 8.244838E-06 4.131388E-02 0.000000E+00
  1492 7.587496E-15 7.737423E-06 5.327341E-02 0.000000E+00
  1493 6.051594E-15 8.078362E-06 5.410871E-02 0.000000E+00
  1494 1.020631E-14 8.231293E-06 3.180589E-02 0.000000E+00
  1495 1.096365E-14 8.021765E-06 4.902938E-02 0.000000E+00
  1496 4.650172E-15 8.347159E-06 5.872864E-02 0.000000E+00
  1497 1.761686E-14 9.378062E-06 4.163668E-02 0.000000E+00
  1498 1.429733E-14 8.209958E-06 4.240199E-02 0.000000E+00
  1499 1.259156E-14 8.075617E-06 3.326302E-02 0.000000E+00
  1500 1.243585E-14 7.736811E-06 4.483954E-02 0.000000E+00
  1501 5.655233E-15 8.033708E-06 6.823513E-02 0.000000E+00
  1502 1.412039E-14 8.866046E-06 5.439450E-02 0.000000E+00
  1503 9.201254E-15 7.774555E-06 4.270898E-02 0.000000E+00
  1504 7.014187E-15 8.277305E-06 2.934127E-02 0.000000E+00
  1505 1.041865E-14 8.009331E-06 6.250000E-02 0.000000E+00
  1506 1.486356E-14 7.754654E-06 3.031401E-02 0.000000E+00
  1507 1.312240E-14 8.034248E-06 4.931635E-02 0.000000E+00
  1508 1.028417E-14 8.245749E-06 4.042537E-02 0.000000E+00
  1509 1.339136E-14 8.288427E-06 4.451573E-02 0.000000E+00
  1510 1.140956E-14 7.326118E-06 7.658452E-02 0.000000E+00
  1511 8.259895E-15 7.779586E-06 3.144778E-02 0.000000E+00
  1512 1.092118E-14 8.323753E-06 3.397034E-02 0.000000E+00
  1513 1.105566E-14 8.331342E-06 3.794625E-02 0.000000E+00
  1514 1.199702E-14 8.256311E-06 4.885375E-02 0.000000E+00
  1515 4.692640E-15 7.846267E-06 5.000000E-02 0.000000E+00
  1516 5.322572E-15 8.090223E-06 6.765020E-02 0.000000E+00
  1517 1.375941E-14 8.050872E-06 5.612337E-02 0.000000E+00
  1518 6.589514E-15 7.809283E-06 2.550024E-02 0.000000E+00
  1519 7.311458E-15 8.209811E-06 3.089838E-02 0.000000E+00
  1520 8.486388E-15 8.012509E-06 4.887455E-02 0.000000E+00
  1521 8.323596E-15 7.734229E-06 4.135785E-02 0.000000E+00
  1522 6.830162E-15 7.776479E-06 5.626926E-02 0.000000E+00
  1523 6.235619E-15 8.039207E-06 2.211025E-02 0.000000E+00
  1524 1.748238E-14 8.034226E-06 3.660669E-02 0.000000E+00
  1525 1.108397E-14 8.059329E-06 5.000000E-02 0.000000E+00
  1526 1.166436E-14 7.440742E-06 4.436983E-02 0.000000E+00
  1527 8.677491E-15 7.776807E-06 3.286282E-02 0.000000E+00
  1528 7.559184E-15 7.832847E-06 4.552816E-02 0.000000E+00
  1529 6.561202E-15 7.897566E-06 4.235565E-02 0.000000E+00
  1530 9.802875E-15 8.036193E-06 8.050656E-02 0.000000E+00
  1531 1.102735E-14 8.216646E-06 3.797386E-02 0.000000E+00
  1532 7.084966E-15 8.036371E-06 3.838261E-02 0.000000E+00
  1533 5.527831E-15 8.290258E-06 4.644870E-02 0.000000E+00
  1534 8.889827E-15 8.091297E-06 5.000000E-02 0.000000E+00
  1535 4.756341E-15 7.425398E-06 3.554072E-02 0.000000E+00
  1536 1.500512E-14 8.449739E-06 4.064235E-02 0.000000E+00
  1537 3.036414E-15 7.615374E-06 2.160171E-02 0.000000E+00
  1538 2.625896E-15 7.550405E-06 1.749976E-02 0.000000E+00
  1539 8.677491E-15 8.033421E-06 5.487285E-02 0.000000E+00
  1540 1.450259E-14 8.055283E-06 5.420600E-02 0.000000E+00
  1541 7.792755E-15 8.277592E-06 3.824075E-02 0.000000E+00
  1542 5.987893E-15 8.225476E-06 3.114646E-02 0.000000E+00
  1543 9.873654E-15 8.481964E-06 4.254229E-02 0.000000E+00
  1544 6.108217E-15 7.859100E-06 5.798648E-02 0.000000E+00
  1545 1.027709E-14 8.314726E-06 3.788425E-02 0.000000E+00
  1546 5.662310E-15 8.478599E-06 3.891945E-02 0.000000E+00
  1547 9.576382E-15 8.199610E-06 5.426802E-02 0.000000E+00
  1548 4.338745E-15 7.914762E-06 6.295489E-02 0.000000E+00
  1549 6.263931E-15 8.021046E-06 5.000000E-02 0.000000E+00
  1550 1.564921E-14 7.841365E-06 5.970212E-02 0.000000E+00
  1551 1.385143E-14 8.271796E-06 4.198228E-02 0.000000E+00
  1552 5.959582E-15 8.056495E-06 4.193401E-02 0.000000E+00
  1553 4.558160E-15 7.116055E-06 3.576306E-02 0.000000E+00
  1554 6.787695E-15 7.167127E-06 5.123786E-02 0.000000E+00
  1555 1.194040E-14 8.263081E-06 2.762952E-02 0.000000E+00
  1556 1.091410E-14 7.866359E-06 3.535462E-02 0.000000E+00
  1557 3.036414E-15 7.331335E-06 4.332968E-02 0.000000E+00
  1558 7.573340E-15 7.366409E-06 3.462851E-02 0.000000E+00
  1559 9.456058E-15 7.179055E-06 4.031277E-02 0.000000E+00
  1560 1.085748E-14 7.901462E-06 3.459249E-02 0.000000E+00
  1561 6.525813E-15 7.215756E-06 5.885947E-02 0.000000E+00
  1562 1.281098E-14 7.074844E-06 5.492760E-02 0.000000E+00
  1563 1.194747E-14 8.043141E-06 6.025992E-02 0.000000E+00
  1564 7.445938E-15 7.837131E-06 2.703752E-02 0.000000E+00
  1565 5.018223E-15 7.868844E-06 4.256922E-02 0.000000E+00
  1566 5.449974E-15 7.199206E-06 7.900000E-02 0.000000E+00
  1567 5.060690E-15 7.338460E-06 4.521946E-02 0.000000E+00
  1568 6.886785E-15 7.928959E-06 5.000000E-02 0.000000E+00
  1569 8.160805E-15 7.505831E-06 4.057355E-02 0.000000E+00
  1570 3.560178E-15 7.217360E-06 4.484698E-02 0.000000E+00
  1571 4.671406E-15 8.194893E-06 7.808995E-02 0.000000E+00
  1572 7.049576E-15 7.821326E-06 5.869940E-02 0.000000E+00
  1573 4.904976E-15 8.193878E-06 5.723027E-02 0.000000E+00
  1574 1.372402E-14 7.853393E-06 5.000000E-02 0.000000E+00
  1575 5.718934E-15 7.842320E-06 6.149985E-02 0.000000E+00
  1576 3.701735E-15 7.451260E-06 3.366548E-02 0.000000E+00
  1577 4.572316E-15 7.119774E-06 2.950272E-02 0.000000E+00
  1578 6.433800E-15 7.499827E-06 4.834286E-02 0.000000E+00
  1579 5.648155E-15 7.316188E-06 4.934661E-02 0.000000E+00
  1580 3.262906E-15 7.188439E-06 3.376165E-02 0.000000E+00
  1581 3.680502E-15 7.564455E-06 5.524108E-02 0.000000E+00
  1582 7.226524E-15 7.375497E-06 4.621264E-02 0.000000E+00
  1583 4.791730E-15 7.308920E-06 6.845015E-02 0.000000E+00
  1584 1.323565E-14 7.506690E-06 5.032984E-02 0.000000E+00
  1585 8.090026E-15 7.264841E-06 5.019683E-02 0.000000E+00
  1586 5.322572E-15 7.659922E-06 5.155871E-02 0.000000E+00
  1587 5.343805E-15 7.906896E-06 5.000000E-02 0.000000E+00
  1588 3.715891E-15 7.463323E-06 4.961643E-02 0.000000E+00
  1589 1.143079E-14 7.299117E-06 3.556021E-02 0.000000E+00
  1590 1.172098E-14 7.222020E-06 4.050922E-02 0.000000E+00
  1591 1.404961E-14 7.828121E-06 5.000000E-02 0.000000E+00
  1592 6.235619E-15 7.394580E-06 6.541037E-02 0.000000E+00
  1593 8.281129E-15 7.642803E-06 2.807485E-02 0.000000E+00
  1594 4.770497E-15 7.282449E-06 3.661377E-02 0.000000E+00
  1595 7.736132E-15 7.791239E-06 6.917772E-02 0.000000E+00
  1596 1.035495E-14 7.339838E-06 6.270981E-02 0.000000E+00
  1597 1.237923E-14 7.984919E-06 5.000000E-02 0.000000E+00
  1598 8.061714E-15 7.741097E-06 7.058018E-02 0.000000E+00
  1599 5.761401E-15 7.854680E-06 3.757903E-02 0.000000E+00
  1600 4.006085E-15 7.863890E-06 3.726931E-02 0.000000E+00
  1601 5.796790E-15 7.256500E-06 5.266028E-02 0.000000E+00
  1602 6.221464E-15 7.323823E-06 5.740014E-02 0.000000E+00
  1603 1.145910E-14 7.851651E-06 7.431769E-02 0.000000E+00
  1604 6.334710E-15 7.042116E-06 3.918962E-02 0.000000E+00
  1605 7.113277E-15 7.099970E-06 3.425627E-02 0.000000E+00
  1606 8.486388E-15 7.834853E-06 3.902268E-02 0.000000E+00
  1607 5.874647E-15 8.205858E-06 3.832789E-02 0.000000E+00
  1608 3.956539E-15 7.849788E-06 5.523993E-02 0.000000E+00
  1609 9.441903E-15 6.933293E-06 4.311254E-02 0.000000E+00
  1610 7.516717E-15 7.619680E-06 4.787283E-02 0.000000E+00
  1611 7.346848E-15 7.744725E-06 4.771523E-02 0.000000E+00
  1612 9.180021E-15 7.299945E-06 6.907116E-02 0.000000E+00
  1613 4.374135E-15 7.218785E-06 3.874891E-02 0.000000E+00
  1614 5.060690E-15 7.411861E-06 4.562985E-02 0.000000E+00
  1615 1.211734E-14 7.954471E-06 6.660489E-02 0.000000E+00
  1616 7.049576E-15 7.557345E-06 4.573137E-02 0.000000E+00
  1617 4.466147E-15 7.335613E-06 2.883820E-02 0.000000E+00
  1618 6.759383E-15 7.885494E-06 2.138545E-02 0.000000E+00
  1619 6.639059E-15 7.821389E-06 3.871151E-02 0.000000E+00
  1620 6.674448E-15 7.341227E-06 3.079383E-02 0.000000E+00
  1621 2.597585E-15 7.439448E-06 5.959017E-02 0.000000E+00
  1622 3.425698E-15 7.210768E-06 3.119377E-02 0.000000E+00
  1623 9.788719E-15 7.436597E-06 4.128441E-02 0.000000E+00
  1624 4.742185E-15 7.605359E-06 3.315070E-02 0.000000E+00
  1625 5.110235E-15 7.097357E-06 5.425230E-02 0.000000E+00
  1626 8.281129E-15 7.553407E-06 4.135791E-02 0.000000E+00
  1627 3.461087E-15 7.206611E-06 3.766372E-02 0.000000E+00
  1628 7.021265E-15 8.191538E-06 4.462428E-02 0.000000E+00
  1629 2.965635E-15 7.314154E-06 5.909581E-02 0.000000E+00
  1630 6.992953E-15 7.680847E-06 2.593869E-02 0.000000E+00
  1631 1.472201E-14 7.288761E-06 3.900261E-02 0.000000E+00
  1632 8.366064E-15 7.938138E-06 3.656325E-02 0.000000E+00
  1633 1.599603E-14 7.938531E-06 4.844590E-02 0.000000E+00
  1634 6.759383E-15 7.266041E-06 3.863656E-02 0.000000E+00
  1635 3.687580E-15 7.406542E-06 4.764311E-02 0.000000E+00
  1636 7.495483E-15 7.861927E-06 3.029851E-02 0.000000E+00
  1637 5.294260E-15 7.915536E-06 5.000000E-02 0.000000E+00
  1638 1.047527E-14 8.195041E-06 2.943496E-02 0.000000E+00
  1639 8.861516E-15 7.887779E-06 4.013030E-02 0.000000E+00
  1640 4.805886E-15 7.407605E-06 5.004429E-02 0.000000E+00
  1641 7.127433E-15 7.366187E-06 2.068539E-02 0.000000E+00
  1642 3.814982E-15 7.239338E-06 4.031442E-02 0.000000E+00
  1643 4.855431E-15 7.681815E-06 3.871802E-02 0.000000E+00
  1644 2.691721E-14 8.191547E-06 6.063689E-02 0.000000E+00
  1645 3.906994E-15 7.831045E-06 5.479387E-02 0.000000E+00
  1646 5.662310E-15 7.174825E-06 4.099346E-02 0.000000E+00
  1647 5.789712E-15 7.115451E-06 3.745816E-02 0.000000E+00
  1648 9.887810E-15 7.921939E-06 5.000000E-02 0.000000E+00
  1649 4.260889E-15 7.825029E-06 4.361010E-02 0.000000E+00
  1650 1.072300E-14 7.244537E-06 3.969198E-02 0.000000E+00
  1651 9.901965E-15 8.196709E-06 5.306796E-02 0.000000E+00
  1652 1.605265E-14 8.017671E-06 2.627661E-02 0.000000E+00
  1653 1.000813E-14 7.347361E-06 4.482593E-02 0.000000E+00
  1654 7.297303E-15 7.566353E-06 4.861699E-02 0.000000E+00
  1655 5.315494E-15 7.899306E-06 4.316956E-02 0.000000E+00
  1656 5.074846E-15 7.562613E-06 4.904482E-02 0.000000E+00
  1657 1.254202E-14 7.866198E-06 3.229546E-02 0.000000E+00
  1658 8.748270E-15 8.095544E-06 4.283381E-02 0.000000E+00
  1659 1.019924E-14 8.063927E-06 4.234953E-02 0.000000E+00
  1660 6.766461E-15 7.324016E-06 3.821137E-02 0.000000E+00
  1661 4.444914E-15 7.320592E-06 4.169307E-02 0.000000E+00
  1662 6.086984E-15 7.840312E-06 5.065463E-02 0.000000E+00
  1663 1.288176E-14 8.612375E-06 2.657857E-02 0.000000E+00
  1664 8.875672E-15 8.194549E-06 5.000000E-02 0.000000E+00
  1665 6.504579E-15 7.935107E-06 4.825896E-02 0.000000E+00
  1666 2.376755E-14 7.827843E-06 6.351089E-02 0.000000E+00
  1667 9.717940E-15 7.851520E-06 3.669087E-02 0.000000E+00
  1668 7.389315E-15 7.959932E-06 5.031224E-02 0.000000E+00
  1669 5.832180E-15 7.939166E-06 5.000000E-02 0.000000E+00
  1670 5.350883E-15 8.196069E-06 3.645376E-02 0.000000E+00
  1671 1.303747E-14 7.855339E-06 3.532639E-02 0.000000E+00
  1672 1.302331E-14 7.832895E-06 3.548624E-02 0.000000E+00
  1673 4.926210E-15 7.192416E-06 4.327273E-02 0.000000E+00
  1674 5.917114E-15 7.814171E-06 5.709050E-02 0.000000E+00
  1675 5.669388E-15 7.193392E-06 6.216165E-02 0.000000E+00
  1676 4.083941E-15 7.773057E-06 4.330185E-02 0.000000E+00
  1677 7.063732E-15 7.831806E-06 6.073340E-02 0.000000E+00
  1678 1.089995E-14 7.984401E-06 2.509957E-02 0.000000E+00
  1679 1.102027E-14 8.207177E-06 5.001674E-02 0.000000E+00
  1680 5.287182E-15 7.340143E-06 5.287890E-02 0.000000E+00
  1681 8.104182E-15 7.221166E-06 3.803277E-02 0.000000E+00
  1682 4.515693E-15 7.299215E-06 4.191763E-02 0.000000E+00
  1683 8.500543E-15 7.831707E-06 7.402952E-02 0.000000E+00
  1684 1.144494E-14 7.362965E-06 4.842522E-02 0.000000E+00
  1685 1.516791E-14 8.213582E-06 3.099475E-02 0.000000E+00
  1686 1.012138E-14 7.165438E-06 2.666913E-02 0.000000E+00
  1687 6.483345E-15 7.354272E-06 2.262793E-02 0.000000E+00
  1688 8.266973E-15 7.856216E-06 4.578264E-02 0.000000E+00
  1689 7.453016E-15 8.520461E-06 2.511719E-02 0.000000E+00
  1690 8.450998E-15 7.595763E-06 4.156871E-02 0.000000E+00
  1691 3.227517E-15 7.360183E-06 5.038948E-02 0.000000E+00
  1692 8.528855E-15 7.305250E-06 7.624948E-02 0.000000E+00
  1693 3.814982E-15 8.109864E-06 4.908566E-02 0.000000E+00
  1694 1.047527E-14 7.527708E-06 5.000000E-02 0.000000E+00
  1695 7.559184E-15 7.969253E-06 5.805202E-02 0.000000E+00
  1696 7.998013E-15 7.356742E-06 4.307174E-02 0.000000E+00
  1697 7.453016E-15 7.156834E-06 5.085301E-02 0.000000E+00
  1698 4.225499E-15 7.402096E-06 4.972324E-02 0.000000E+00
  1699 9.519759E-15 7.825294E-06 4.904524E-02 0.000000E+00
  1700 8.543011E-15 7.237708E-06 4.486138E-02 0.000000E+00
  1701 4.947444E-15 7.009220E-06 3.858540E-02 0.000000E+00
  1702 6.348866E-15 7.059126E-06 5.848358E-02 0.000000E+00
  1703 1.354708E-14 7.605892E-06 3.430200E-02 0.000000E+00
  1704 4.275044E-15 7.903357E-06 5.351650E-02 0.000000E+00
  1705 1.045404E-14 7.313312E-06 6.233207E-02 0.000000E+00
  1706 1.436103E-14 7.480066E-06 3.203610E-02 0.000000E+00
  1707 8.875672E-15 7.351286E-06 5.000000E-02 0.000000E+00
  1708 1.133878E-14 7.064143E-06 2.591983E-02 0.000000E+00
  1709 4.855431E-15 7.595647E-06 4.377696E-02 0.000000E+00
  1710 1.252786E-14 7.484986E-06 3.374076E-02 0.000000E+00
  1711 9.385279E-15 7.250131E-06 3.681592E-02 0.000000E+00
  1712 7.863534E-15 7.399987E-06 4.574479E-02 0.000000E+00
  1713 8.351908E-15 7.136778E-06 3.252131E-02 0.000000E+00
  1714 6.816006E-15 7.142503E-06 5.000000E-02 0.000000E+00
  1715 6.164840E-15 7.883306E-06 3.204131E-02 0.000000E+00
  1716 6.950486E-15 7.703339E-06 3.809226E-02 0.000000E+00
  1717 7.821066E-15 8.250297E-06 2.922192E-02 0.000000E+00
  1718 7.736132E-15 7.901550E-06 4.731662E-02 0.000000E+00
  1719 5.131469E-15 7.116735E-06 4.027736E-02 0.000000E+00
  1720 5.365039E-15 7.903620E-06 5.321672E-02 0.000000E+00
  1721 3.935306E-15 7.834010E-06 4.609473E-02 0.000000E+00
  1722 8.571322E-15 7.604372E-06 4.495758E-02 0.000000E+00
  1723 3.192127E-15 7.533214E-06 7.235668E-02 0.000000E+00
  1724 6.058672E-15 7.693205E-06 5.000000E-02 0.000000E+00
  1725 1.232968E-14 7.905931E-06 5.000000E-02 0.000000E+00
  1726 7.566262E-15 7.834967E-06 4.381196E-02 0.000000E+00
  1727 1.450259E-14 7.896577E-06 3.127929E-02 0.000000E+00
  1728 4.713873E-15 7.296305E-06 6.634756E-02 0.000000E+00
  1729 6.532891E-15 7.283675E-06 6.569703E-02 0.000000E+00
  1730 7.750287E-15 7.384482E-06 4.224891E-02 0.000000E+00
  1731 5.733089E-15 7.335626E-06 4.705357E-02 0.000000E+00
  1732 7.629963E-15 7.254944E-06 3.821290E-02 0.000000E+00
  1733 8.415609E-15 7.374294E-06 4.733302E-02 0.000000E+00
  1734 1.922354E-14 7.853054E-06 4.627098E-02 0.000000E+00
  1735 6.186074E-15 7.175804E-06 5.466768E-02 0.000000E+00
  1736 8.698724E-15 7.114084E-06 6.250000E-02 0.000000E+00
  1737 8.387297E-15 8.196106E-06 5.688363E-02 0.000000E+00
  1738 6.023283E-15 7.840999E-06 4.090165E-02 0.000000E+00
  1739 6.624903E-15 7.788718E-06 5.622086E-02 0.000000E+00
  1740 8.358986E-15 7.040219E-06 4.758637E-02 0.000000E+00
  1741 5.761401E-15 7.831812E-06 5.000000E-02 0.000000E+00
  1742 1.363201E-14 7.201728E-06 5.628303E-02 0.000000E+00
  1743 6.808928E-15 7.221377E-06 6.220354E-02 0.000000E+00
  1744 1.213150E-14 8.206815E-06 5.000000E-02 0.000000E+00
  1745 7.127433E-15 7.850174E-06 3.073203E-02 0.000000E+00
  1746 6.752305E-15 7.362409E-06 4.931089E-02 0.000000E+00
  1747 6.858473E-15 7.206205E-06 3.288936E-02 0.000000E+00
  1748 9.349890E-15 7.300220E-06 2.365622E-02 0.000000E+00
  1749 4.388291E-15 7.575476E-06 3.926364E-02 0.000000E+00
  1750 5.839258E-15 7.130812E-06 4.151835E-02 0.000000E+00
  1751 3.574333E-15 7.172316E-06 6.326609E-02 0.000000E+00
  1752 6.610747E-15 7.144066E-06 6.538759E-02 0.000000E+00
  1753 6.313476E-15 7.447023E-06 4.016118E-02 0.000000E+00
  1754 8.826126E-15 7.398200E-06 2.290272E-02 0.000000E+00
  1755 1.557843E-14 7.730543E-06 5.072409E-02 0.000000E+00
  1756 4.473225E-15 7.613019E-06 4.999003E-02 0.000000E+00
  1757 1.005060E-14 8.067174E-06 2.529926E-02 0.000000E+00
  1758 1.343383E-14 7.309951E-06 4.321299E-02 0.000000E+00
  1759 1.043988E-14 7.418602E-06 5.854142E-02 0.000000E+00
  1760 5.718934E-15 7.654598E-06 6.782209E-02 0.000000E+00
  1761 1.085748E-14 8.890015E-06 4.065324E-02 0.000000E+00
  1762 7.778599E-15 7.319250E-06 2.737657E-02 0.000000E+00
  1763 4.098097E-15 7.197317E-06 3.135686E-02 0.000000E+00
  1764 1.286052E-14 7.866923E-06 2.895774E-02 0.000000E+00
  1765 4.487381E-15 7.952136E-06 5.031205E-02 0.000000E+00
  1766 5.867569E-15 7.611963E-06 5.000000E-02 0.000000E+00
  1767 6.221464E-15 7.901927E-06 5.647932E-02 0.000000E+00
  1768 8.868594E-15 7.900840E-06 3.825714E-02 0.000000E+00
  1769 8.535933E-15 7.513269E-06 5.666961E-02 0.000000E+00
  1770 1.615174E-14 7.675136E-06 3.658470E-02 0.000000E+00
  1771 1.080793E-14 7.064917E-06 4.807434E-02 0.000000E+00
  1772 5.110235E-15 7.169629E-06 5.663767E-02 0.000000E+00
  1773 8.918139E-15 7.339405E-06 4.381787E-02 0.000000E+00
  1774 7.481328E-15 8.450374E-06 4.626741E-02 0.000000E+00
  1775 8.500543E-15 7.983072E-06 6.064750E-02 0.000000E+00
  1776 5.039456E-15 7.319692E-06 3.326113E-02 0.000000E+00
  1777 3.638034E-15 7.059868E-06 4.801739E-02 0.000000E+00
  1778 7.254835E-15 7.353133E-06 5.000000E-02 0.000000E+00
  1779 6.893863E-15 8.063104E-06 3.299019E-02 0.000000E+00
  1780 4.798808E-15 7.821330E-06 4.637360E-02 0.000000E+00
  1781 1.026294E-14 7.837130E-06 5.000000E-02 0.000000E+00
  1782 3.730047E-15 7.258567E-06 5.571871E-02 0.000000E+00
  1783 6.561202E-15 7.854034E-06 5.316095E-02 0.000000E+00
  1784 1.196163E-14 7.834524E-06 4.320396E-02 0.000000E+00
  1785 1.048235E-14 7.821403E-06 7.574224E-02 0.000000E+00
  1786 6.794772E-15 7.207188E-06 4.883422E-02 0.000000E+00
  1787 1.017093E-14 7.609713E-06 3.630648E-02 0.000000E+00
  1788 9.625928E-15 7.322509E-06 5.103242E-02 0.000000E+00
  1789 7.007109E-15 7.367639E-06 4.687763E-02 0.000000E+00
  1790 7.608730E-15 7.259102E-06 1.030591E-02 0.000000E+00
  1791 8.797815E-15 7.209769E-06 3.269955E-02 0.000000E+00
  1792 4.473225E-15 7.564227E-06 5.434876E-02 0.000000E+00
  1793 1.165020E-14 7.840982E-06 4.435102E-02 0.000000E+00
  1794 1.069469E-14 7.149400E-06 4.708858E-02 0.000000E+00
  1795 1.014261E-14 8.064207E-06 3.763471E-02 0.000000E+00
  1796 1.157235E-14 7.936634E-06 4.869892E-02 0.000000E+00
  1797 6.787695E-15 8.109638E-06 4.734211E-02 0.000000E+00
  1798 7.361004E-15 7.356839E-06 2.733906E-02 0.000000E+00
  1799 4.062708E-15 7.184949E-06 6.930201E-02 0.000000E+00
  1800 4.777574E-15 7.235301E-06 5.702365E-02 0.000000E+00
  1801 5.485363E-15 7.216030E-06 6.939348E-02 0.000000E+00
  1802 7.828144E-15 8.494509E-06 3.916086E-02 0.000000E+00
  1803 6.780617E-15 7.313351E-06 4.023675E-02 0.000000E+00
  1804 7.205290E-15 7.143230E-06 3.320953E-02 0.000000E+00
  1805 5.357961E-15 7.381189E-06 4.681407E-02 0.000000E+00
  1806 7.226524E-15 7.860048E-06 4.433960E-02 0.000000E+00
  1807 4.713873E-15 7.375692E-06 3.318134E-02 0.000000E+00
  1808 1.951374E-14 7.831914E-06 3.560700E-02 0.000000E+00
  1809 4.869587E-15 7.198175E-06 4.530922E-02 0.000000E+00
  1810 3.574333E-15 7.606448E-06 4.029556E-02 0.000000E+00
  1811 4.388291E-15 7.871591E-06 3.697188E-02 0.000000E+00
  1812 9.116320E-15 7.858102E-06 7.022974E-02 0.000000E+00
  1813 1.268358E-14 8.243516E-06 2.967596E-02 0.000000E+00
  1814 7.134511E-15 7.807632E-06 3.251709E-02 0.000000E+00
  1815 4.657250E-15 7.835324E-06 7.533956E-02 0.000000E+00
  1816 1.739745E-14 8.194022E-06 6.294966E-02 0.000000E+00
  1817 5.881725E-15 7.480667E-06 3.791680E-02 0.000000E+00
  1818 1.715680E-14 7.870995E-06 6.910798E-02 0.000000E+00
  1819 5.131469E-15 7.377921E-06 3.276088E-02 0.000000E+00
  1820 7.948468E-15 7.536061E-06 3.736980E-02 0.000000E+00
  1821 7.311458E-15 7.464543E-06 6.195107E-02 0.000000E+00
  1822 5.662310E-15 7.278617E-06 5.000000E-02 0.000000E+00
  1823 5.945426E-15 7.870976E-06 3.795619E-02 0.000000E+00
  1824 8.627945E-15 8.194128E-06 4.925120E-02 0.000000E+00
  1825 6.978798E-15 7.210510E-06 5.080665E-02 0.000000E+00
  1826 6.235619E-15 6.933578E-06 4.402339E-02 0.000000E+00
  1827 5.690622E-15 7.841385E-06 4.908553E-02 0.000000E+00
  1828 1.981809E-15 6.775707E-06 2.731127E-02 0.000000E+00
  1829 7.290225E-16 7.137621E-06 3.796672E-02 0.000000E+00
  1830 5.895881E-15 7.065669E-06 3.081752E-02 0.000000E+00
  1831 1.875640E-15 7.780139E-06 2.806237E-02 0.000000E+00
  1832 2.201223E-15 7.668875E-06 1.829260E-02 0.000000E+00
  1833 3.213361E-15 7.333278E-06 2.762867E-02 0.000000E+00
  1834 1.741160E-14 7.968173E-06 5.000000E-02 0.000000E+00
  1835 8.054637E-15 7.754600E-06 3.913527E-02 0.000000E+00
  1836 1.256325E-14 8.708493E-06 1.332664E-02 0.000000E+00
  1837 5.032378E-15 8.071505E-06 3.916928E-02 0.000000E+00
  1838 6.079906E-15 8.068878E-06 5.128351E-02 0.000000E+00
  1839 4.982833E-15 7.476829E-06 4.780376E-02 0.000000E+00
  1840 4.876665E-15 7.096533E-06 7.580748E-02 0.000000E+00
  1841 1.010015E-14 7.245556E-06 4.810272E-02 0.000000E+00
  1842 5.832180E-15 6.893799E-06 6.955986E-02 0.000000E+00
  1843 9.951511E-15 7.135470E-06 4.371895E-02 0.000000E+00
  1844 5.492441E-15 7.601934E-06 4.896352E-02 0.000000E+00
  1845 4.303356E-15 7.091611E-06 6.210157E-02 0.000000E+00
  1846 2.824077E-15 7.127961E-06 5.514149E-02 0.000000E+00
  1847 4.827120E-15 7.329278E-06 5.153433E-02 0.000000E+00
  1848 5.400429E-15 7.647472E-06 3.116414E-02 0.000000E+00
  1849 9.151709E-15 7.326422E-06 4.744853E-02 0.000000E+00
  1850 5.060690E-15 7.731476E-06 3.367117E-02 0.000000E+00
  1851 8.330674E-15 6.877727E-06 2.046213E-02 0.000000E+00
  1852 1.051774E-14 7.584960E-06 3.870107E-02 0.000000E+00
  1853 3.036414E-15 7.143369E-06 4.338761E-02 0.000000E+00
  1854 4.954522E-15 6.852047E-06 5.024575E-02 0.000000E+00
  1855 1.401422E-14 8.064480E-06 6.051160E-02 0.000000E+00
  1856 1.066638E-14 7.341971E-06 1.635974E-02 0.000000E+00
  1857 8.118338E-15 7.263808E-06 4.879521E-02 0.000000E+00
  1858 6.780617E-15 7.680524E-06 4.063466E-02 0.000000E+00
  1859 2.668364E-15 7.187155E-06 4.659024E-02 0.000000E+00
  1860 3.899916E-15 7.648060E-06 4.188920E-02 0.000000E+00
  1861 7.410549E-15 7.259630E-06 4.726534E-02 0.000000E+00
  1862 8.040481E-15 7.735141E-06 5.442922E-02 0.000000E+00
  1863 4.034396E-15 7.303263E-06 5.000000E-02 0.000000E+00
  1864 1.196163E-14 7.669858E-06 5.000000E-02 0.000000E+00
  1865 3.553100E-15 7.262799E-06 5.167555E-02 0.000000E+00
  1866 6.837240E-15 7.088569E-06 4.871210E-02 0.000000E+00
  1867 3.142582E-15 7.040354E-06 7.417162E-02 0.000000E+00
  1868 6.037438E-15 7.665280E-06 4.853703E-02 0.000000E+00
  1869 7.913079E-15 7.608132E-06 3.789513E-02 0.000000E+00
  1870 9.498526E-15 7.242013E-06 3.988860E-02 0.000000E+00
  1871 6.285165E-15 7.689197E-06 2.693414E-02 0.000000E+00
  1872 8.401453E-15 7.098203E-06 5.119704E-02 0.000000E+00
  1873 5.124391E-15 7.226569E-06 6.064797E-02 0.000000E+00
  1874 4.260889E-15 6.906900E-06 4.416024E-02 0.000000E+00
  1875 1.083625E-14 7.658090E-06 4.996680E-02 0.000000E+00
  1876 6.455034E-15 7.283171E-06 4.965178E-02 0.000000E+00
  1877 8.974762E-15 8.017795E-06 4.041093E-02 0.000000E+00
  1878 8.309441E-15 7.957654E-06 6.250000E-02 0.000000E+00
  1879 8.309441E-15 7.736417E-06 4.562376E-02 0.000000E+00
  1880 3.609723E-15 7.431124E-06 4.965844E-02 0.000000E+00
  1881 7.014187E-15 8.733737E-06 2.901346E-02 0.000000E+00
  1882 3.517710E-15 7.199302E-06 5.101342E-02 0.000000E+00
  1883 5.782634E-15 7.783331E-06 5.071836E-02 0.000000E+00
  1884 3.786670E-15 7.404134E-06 5.472069E-02 0.000000E+00
  1885 8.911061E-15 7.090468E-06 4.491577E-02 0.000000E+00
  1886 5.980815E-15 6.930836E-06 6.115861E-02 0.000000E+00
  1887 3.892838E-15 6.943558E-06 8.189660E-02 0.000000E+00
  1888 6.122373E-15 8.044599E-06 4.471763E-02 0.000000E+00
  1889 9.533915E-15 7.957670E-06 5.581873E-02 0.000000E+00
  1890 5.166858E-15 7.207487E-06 3.778105E-02 0.000000E+00
  1891 4.763419E-15 7.604966E-06 5.408397E-02 0.000000E+00
  1892 7.998013E-15 7.352339E-06 4.923997E-02 0.000000E+00
  1893 4.175954E-15 7.695994E-06 4.793359E-02 0.000000E+00
  1894 4.713873E-15 7.285926E-06 4.278243E-02 0.000000E+00
  1895 4.168876E-15 7.045297E-06 3.812800E-02 0.000000E+00
  1896 7.757365E-15 7.746888E-06 3.752197E-02 0.000000E+00
  1897 4.912054E-15 7.325896E-06 4.086911E-02 0.000000E+00
  1898 4.706796E-15 7.152811E-06 3.907722E-02 0.000000E+00
  1899 1.460168E-14 7.015597E-06 5.000000E-02 0.000000E+00
  1900 2.767454E-15 7.706763E-06 5.492478E-02 0.000000E+00
  1901 6.171918E-15 7.152388E-06 5.422673E-02 0.000000E+00
  1902 5.556142E-15 7.015537E-06 3.441445E-02 0.000000E+00
  1903 5.145625E-15 7.746563E-06 6.086051E-02 0.000000E+00
  1904 3.666346E-15 7.387376E-06 2.173772E-02 0.000000E+00
  1905 7.169901E-15 7.265191E-06 5.063194E-02 0.000000E+00
  1906 1.658349E-14 8.424178E-06 2.040958E-02 0.000000E+00
  1907 9.753330E-15 7.658622E-06 3.605796E-02 0.000000E+00
  1908 7.573340E-15 7.205220E-06 4.749997E-02 0.000000E+00
  1909 1.006476E-14 7.863880E-06 7.134470E-02 0.000000E+00
  1910 1.249247E-14 7.061066E-06 5.268017E-02 0.000000E+00
  1911 3.991929E-15 7.424167E-06 4.761080E-02 0.000000E+00
  1912 9.264955E-15 7.595852E-06 4.727775E-02 0.000000E+00
  1913 9.696707E-15 8.695840E-06 5.216580E-02 0.000000E+00
  1914 7.233602E-15 7.743121E-06 3.860382E-02 0.000000E+00
  1915 7.375159E-15 7.706692E-06 3.777442E-02 0.000000E+00
  1916 3.850371E-15 6.857894E-06 4.842859E-02 0.000000E+00
  1917 7.042499E-15 7.807430E-06 1.874195E-02 0.000000E+00
  1918 3.347841E-15 7.317617E-06 3.467878E-02 0.000000E+00
  1919 4.607705E-15 7.781884E-06 5.250281E-02 0.000000E+00
  1920 5.853413E-15 7.318246E-06 5.000000E-02 0.000000E+00
  1921 6.674448E-15 7.298969E-06 3.155552E-02 0.000000E+00
  1922 4.303356E-15 7.955168E-06 5.804972E-02 0.000000E+00
  1923 6.419644E-15 7.028478E-06 5.502720E-02 0.000000E+00
  1924 5.372117E-15 8.216319E-06 3.946701E-02 0.000000E+00
  1925 8.918139E-15 7.743070E-06 5.256035E-02 0.000000E+00
  1926 6.858473E-15 7.740142E-06 4.659617E-02 0.000000E+00
  1927 8.535933E-15 7.223351E-06 4.571038E-02 0.000000E+00
  1928 1.700816E-14 8.252580E-06 4.072349E-02 0.000000E+00
  1929 1.836712E-14 7.229903E-06 3.457760E-02 0.000000E+00
  1930 9.293267E-15 7.052554E-06 5.810143E-02 0.000000E+00
  1931 1.288176E-15 7.550539E-06 4.419532E-02 0.000000E+00
  1932 1.705771E-15 7.481135E-06 3.029236E-02 0.000000E+00
  1933 3.638034E-15 7.057988E-06 2.331523E-02 0.000000E+00
  1934 2.505572E-15 6.874994E-06 2.739658E-02 0.000000E+00
  1935 8.776581E-16 7.523015E-06 4.615012E-02 0.000000E+00
  1936 1.394344E-15 6.941176E-06 4.010199E-02 0.000000E+00
  1937 1.189085E-15 6.673969E-06 5.492160E-02 0.000000E+00
  1938 4.197188E-15 7.499118E-06 3.547960E-02 0.000000E+00
  1939 1.022755E-14 7.718343E-06 4.106277E-02 0.000000E+00
  1940 3.616801E-15 7.725840E-06 4.055706E-02 0.000000E+00
  1941 1.662596E-14 7.131034E-06 6.714363E-02 0.000000E+00
  1942 7.176978E-15 7.554670E-06 4.883455E-02 0.000000E+00
  1943 6.214386E-15 7.751754E-06 5.000000E-02 0.000000E+00
  1944 6.716916E-15 7.141998E-06 2.931208E-02 0.000000E+00
  1945 2.307391E-15 7.503707E-06 3.985146E-02 0.000000E+00
  1946 5.499519E-15 7.299455E-06 2.764300E-02 0.000000E+00
  1947 7.134511E-15 7.748909E-06 4.891131E-02 0.000000E+00
  1948 6.610747E-15 7.450263E-06 4.558125E-02 0.000000E+00
  1949 6.363021E-15 7.207652E-06 6.332800E-02 0.000000E+00
  1950 4.749263E-15 7.615170E-06 4.223209E-02 0.000000E+00
  1951 4.508615E-15 7.285166E-06 3.810291E-02 0.000000E+00
  1952 5.740167E-15 6.679357E-06 4.245586E-02 0.000000E+00
  1953 4.713873E-15 6.850762E-06 5.327498E-02 0.000000E+00
  1954 4.091019E-15 7.485945E-06 5.682526E-02 0.000000E+00
  1955 1.129631E-14 7.502336E-06 3.502897E-02 0.000000E+00
  1956 6.002049E-15 6.835562E-06 3.357882E-02 0.000000E+00
  1957 1.026294E-14 7.175400E-06 6.250000E-02 0.000000E+00
  1958 8.295285E-15 7.145076E-06 5.000000E-02 0.000000E+00
  1959 1.160066E-14 7.133803E-06 1.030591E-02 0.000000E+00
  1960 7.268991E-15 7.153250E-06 2.183415E-02 0.000000E+00
  1961 8.224506E-15 7.429329E-06 4.305175E-02 0.000000E+00
  1962 2.498494E-15 6.947144E-06 6.139230E-02 0.000000E+00
  1963 6.313476E-15 7.263121E-06 3.626473E-02 0.000000E+00
  1964 9.512681E-15 6.782653E-06 2.870362E-02 0.000000E+00
  1965 8.627945E-15 7.318814E-06 8.438679E-02 0.000000E+00
  1966 4.161798E-15 7.201385E-06 5.000000E-02 0.000000E+00
  1967 1.278267E-14 7.463475E-06 6.461132E-02 0.000000E+00
  1968 5.216403E-15 7.219598E-06 3.467241E-02 0.000000E+00
  1969 5.832180E-15 7.364558E-06 4.487442E-02 0.000000E+00
  1970 4.055630E-15 7.148053E-06 5.000000E-02 0.000000E+00
  1971 3.383230E-15 7.456383E-06 5.847298E-02 0.000000E+00
  1972 6.610747E-15 7.242509E-06 6.720652E-02 0.000000E+00
  1973 3.114271E-15 7.383805E-06 3.372933E-02 0.000000E+00
  1974 8.458076E-15 7.116618E-06 4.305478E-02 0.000000E+00
  1975 7.552106E-15 6.684087E-06 5.346728E-02 0.000000E+00
  1976 8.380219E-15 7.118714E-06 6.100601E-02 0.000000E+00
  1977 9.130476E-15 7.212944E-06 3.215452E-02 0.000000E+00
  1978 8.302363E-15 7.183503E-06 5.856859E-02 0.000000E+00
  1979 6.072828E-15 7.317958E-06 3.512965E-02 0.000000E+00
  1980 4.253811E-15 7.213451E-06 4.067697E-02 0.000000E+00
  1981 4.876665E-15 7.291729E-06 4.680456E-02 0.000000E+00
  1982 7.297303E-15 7.304384E-06 5.202273E-02 0.000000E+00
  1983 3.361997E-15 6.506593E-06 2.603410E-02 0.000000E+00
  1984 5.662310E-15 6.661723E-06 4.828827E-02 0.000000E+00
  1985 6.731071E-15 6.574626E-06 6.250000E-02 0.000000E+00
  1986 4.423680E-15 6.694840E-06 5.000000E-02 0.000000E+00
  1987 2.191314E-14 7.088953E-06 2.741760E-02 0.000000E+00
  1988 3.199205E-15 6.820659E-06 5.523716E-02 0.000000E+00
  1989 2.597585E-15 7.383411E-06 5.655154E-02 0.000000E+00
  1990 6.992953E-15 6.464776E-06 3.558655E-02 0.000000E+00
  1991 3.432776E-15 6.982157E-06 8.410293E-02 0.000000E+00
  1992 7.240679E-15 6.823161E-06 3.499595E-02 0.000000E+00
  1993 4.713873E-15 7.121474E-06 4.772503E-02 0.000000E+00
  1994 9.427747E-15 6.832976E-06 5.719018E-02 0.000000E+00
  1995 3.928228E-15 6.694122E-06 3.030909E-02 0.000000E+00
  1996 4.246733E-15 6.829672E-06 5.530727E-02 0.000000E+00
  1997 5.223481E-15 7.312489E-06 5.126839E-02 0.000000E+00
  1998 7.431782E-15 6.659628E-06 6.999880E-02 0.000000E+00
  1999 2.937324E-15 6.383509E-06 6.204172E-02 0.000000E+00
  2000 1.230137E-14 6.553303E-06 5.026747E-02 0.000000E+00
  2001 5.584454E-15 7.292173E-06 4.163619E-02 0.000000E+00
  2002 7.219446E-15 7.250923E-06 3.799108E-02 0.000000E+00
  2003 6.384255E-15 6.754311E-06 5.809581E-02 0.000000E+00
  2004 1.363909E-14 7.084991E-06 3.481417E-02 0.000000E+00
  2005 9.569305E-15 6.960028E-06 1.732189E-02 0.000000E+00
  2006 3.984851E-15 7.111198E-06 4.513776E-02 0.000000E+00
  2007 3.206283E-15 6.720773E-06 6.372152E-02 0.000000E+00
  2008 4.416602E-15 6.573776E-06 7.580748E-02 0.000000E+00
  2009 1.013554E-14 6.861053E-06 5.000000E-02 0.000000E+00
  2010 5.966660E-15 6.717400E-06 5.762150E-02 0.000000E+00
  2011 6.780617E-15 6.695218E-06 3.583965E-02 0.000000E+00
  2012 6.823084E-15 6.764972E-06 3.786328E-02 0.000000E+00
  2013 3.744203E-15 6.875049E-06 6.361541E-02 0.000000E+00
  2014 4.869587E-15 7.107564E-06 5.242857E-02 0.000000E+00
  2015 4.912054E-15 6.961138E-06 6.257341E-02 0.000000E+00
  2016 9.427747E-15 7.096189E-06 2.254139E-02 0.000000E+00
  2017 7.573340E-15 8.021276E-06 3.516119E-02 0.000000E+00
  2018 5.287182E-15 6.859581E-06 4.225761E-02 0.000000E+00
  2019 2.838233E-15 7.286101E-06 6.371251E-02 0.000000E+00
  2020 5.018223E-15 6.433919E-06 3.544132E-02 0.000000E+00
  2021 4.501537E-15 7.141794E-06 6.256112E-02 0.000000E+00
  2022 5.499519E-15 7.015279E-06 3.190873E-02 0.000000E+00
  2023 2.873623E-15 6.674178E-06 3.874337E-02 0.000000E+00
  2024 5.357961E-15 7.253659E-06 5.658073E-02 0.000000E+00
  2025 7.056654E-15 6.376924E-06 5.000000E-02 0.000000E+00
  2026 5.775557E-15 6.758922E-06 5.000000E-02 0.000000E+00
  2027 4.536926E-15 6.335118E-06 4.022981E-02 0.000000E+00
  2028 3.248751E-15 6.918117E-06 5.662415E-02 0.000000E+00
  2029 6.200230E-15 7.095929E-06 5.898214E-02 0.000000E+00
  2030 6.823084E-15 7.382732E-06 3.282505E-02 0.000000E+00
  2031 1.193332E-14 6.989185E-06 4.802566E-02 0.000000E+00
  2032 1.226598E-14 6.497585E-06 3.219418E-02 0.000000E+00
  2033 8.684569E-15 6.730581E-06 4.176671E-02 0.000000E+00
  2034 5.081924E-15 7.196307E-06 5.077366E-02 0.000000E+00
  2035 6.037438E-15 7.200665E-06 3.269759E-02 0.000000E+00
  2036 6.617825E-15 6.978407E-06 1.669617E-02 0.000000E+00
  2037 6.830162E-15 6.866678E-06 2.129689E-02 0.000000E+00
  2038 8.458076E-15 6.326971E-06 4.032760E-02 0.000000E+00
  2039 1.727005E-15 7.132595E-06 4.184270E-02 0.000000E+00
  2040 3.694658E-15 6.443198E-06 5.418344E-02 0.000000E+00
  2041 8.819048E-15 7.096544E-06 4.804536E-02 0.000000E+00
  2042 8.712880E-15 6.865533E-06 5.000000E-02 0.000000E+00
  2043 4.395368E-15 7.100120E-06 4.318442E-02 0.000000E+00
  2044 7.332692E-15 7.082531E-06 4.890172E-02 0.000000E+00
  2045 5.435818E-15 7.194623E-06 5.000000E-02 0.000000E+00
  2046 7.445938E-15 7.141786E-06 4.283346E-02 0.000000E+00
  2047 6.731071E-15 6.811189E-06 5.000000E-02 0.000000E+00
  2048 4.763419E-15 6.446170E-06 5.000000E-02 0.000000E+00
  2049 4.713873E-15 6.768940E-06 5.634347E-02 0.000000E+00
  2050 7.693664E-15 6.198309E-06 3.624602E-02 0.000000E+00
  2051 4.317512E-15 7.184247E-06 5.593659E-02 0.000000E+00
  2052 5.662310E-15 6.539064E-06 4.627339E-02 0.000000E+00
  2053 3.673424E-15 7.250679E-06 6.388634E-02 0.000000E+00
  2054 7.198212E-15 6.906373E-06 4.954996E-02 0.000000E+00
  2055 8.741192E-15 7.124415E-06 5.000000E-02 0.000000E+00
  2056 2.335703E-15 6.720710E-06 5.289989E-02 0.000000E+00
  2057 7.913079E-15 6.978335E-06 3.973325E-02 0.000000E+00
  2058 6.256853E-15 6.842766E-06 3.521072E-02 0.000000E+00
  2059 7.764443E-15 7.290624E-06 3.483784E-02 0.000000E+00
  2060 4.218421E-15 6.444891E-06 6.450023E-02 0.000000E+00
  2061 5.464130E-15 7.250639E-06 5.229377E-02 0.000000E+00
  2062 5.428740E-15 6.373500E-06 8.210167E-02 0.000000E+00
  2063 1.673213E-14 6.866853E-06 3.695429E-02 0.000000E+00
  2064 4.459069E-15 6.824391E-06 3.413232E-02 0.000000E+00
  2065 2.197684E-14 8.147314E-06 5.000000E-02 0.000000E+00
  2066 2.930246E-15 6.632222E-06 4.572357E-02 0.000000E+00
  2067 1.583324E-14 6.994802E-06 8.311013E-02 0.000000E+00
  2068 3.156738E-15 6.441548E-06 4.196339E-02 0.000000E+00
  2069 4.267966E-15 6.441107E-06 3.129089E-02 0.000000E+00
  2070 3.496477E-15 6.604327E-06 6.246025E-02 0.000000E+00
  2071 9.583460E-15 6.817676E-06 5.165198E-02 0.000000E+00
  2072 9.321578E-15 6.911610E-06 2.556850E-02 0.000000E+00
  2073 4.041474E-15 7.105647E-06 5.000000E-02 0.000000E+00
  2074 3.999007E-15 6.590959E-06 5.000000E-02 0.000000E+00
  2075 4.091019E-15 7.100470E-06 5.000000E-02 0.000000E+00
  2076 1.108397E-14 7.079379E-06 3.004427E-02 0.000000E+00
  2077 9.208332E-15 7.456357E-06 5.000000E-02 0.000000E+00
  2078 3.609723E-15 6.586248E-06 5.540925E-02 0.000000E+00
  2079 8.514699E-15 7.301257E-06 5.677615E-02 0.000000E+00
  2080 5.556142E-15 6.710773E-06 4.627029E-02 0.000000E+00
  2081 8.543011E-15 7.129600E-06 5.431174E-02 0.000000E+00
  2082 5.973737E-15 6.867813E-06 4.249287E-02 0.000000E+00
  2083 2.788688E-15 6.538566E-06 4.337368E-02 0.000000E+00
  2084 6.101139E-15 6.866799E-06 5.619232E-02 0.000000E+00
  2085 1.338429E-14 7.318000E-06 5.191629E-02 0.000000E+00
  2086 6.674448E-15 7.016555E-06 3.908748E-02 0.000000E+00
  2087 5.025300E-15 7.096279E-06 7.682048E-02 0.000000E+00
  2088 5.598609E-15 6.673551E-06 5.000000E-02 0.000000E+00
  2089 2.470183E-15 6.336966E-06 6.126471E-02 0.000000E+00
  2090 1.002229E-14 6.828416E-06 4.287495E-02 0.000000E+00
  2091 7.545029E-15 7.464043E-06 6.038483E-02 0.000000E+00
  2092 6.299320E-15 6.433358E-06 5.532834E-02 0.000000E+00
  2093 5.846335E-15 6.612075E-06 4.261289E-02 0.000000E+00
  2094 3.836215E-15 6.619135E-06 4.726265E-02 0.000000E+00
  2095 8.833204E-15 7.358526E-06 4.712561E-02 0.000000E+00
  2096 6.079906E-15 6.553023E-06 5.126168E-02 0.000000E+00
  2097 5.145625E-15 6.487831E-06 3.061162E-02 0.000000E+00
  2098 9.633006E-15 7.089199E-06 3.057909E-02 0.000000E+00
  2099 3.708813E-15 6.675194E-06 7.314556E-02 0.000000E+00
  2100 6.136529E-15 6.535747E-06 5.022820E-02 0.000000E+00
  2101 3.255828E-15 6.869212E-06 4.307784E-02 0.000000E+00
  2102 4.140564E-15 6.559235E-06 3.803871E-02 0.000000E+00
  2103 6.964642E-15 7.115603E-06 3.602947E-02 0.000000E+00
  2104 2.965635E-15 6.633497E-06 7.156671E-02 0.000000E+00
  2105 7.934312E-15 7.095675E-06 6.125548E-02 0.000000E+00
  2106 5.301338E-15 6.542913E-06 4.590919E-02 0.000000E+00
  2107 2.717909E-15 6.810744E-06 6.584912E-02 0.000000E+00
  2108 5.499519E-15 7.363721E-06 3.815734E-02 0.000000E+00
  2109 5.039456E-15 6.882040E-06 3.943968E-02 0.000000E+00
  2110 3.864527E-15 6.676469E-06 6.051754E-02 0.000000E+00
  2111 3.843293E-15 6.866799E-06 4.586045E-02 0.000000E+00
  2112 5.513675E-15 6.435762E-06 5.779373E-02 0.000000E+00
  2113 5.442896E-15 6.974820E-06 6.112162E-02 0.000000E+00
  2114 5.775557E-15 7.088960E-06 4.872202E-02 0.000000E+00
  2115 9.017229E-15 7.201152E-06 7.727418E-02 0.000000E+00
  2116 2.024276E-15 6.434067E-06 5.290549E-02 0.000000E+00
  2117 3.177972E-15 7.176052E-06 5.171839E-02 0.000000E+00
  2118 1.047527E-14 6.825976E-06 2.619865E-02 0.000000E+00
  2119 3.588489E-15 6.819484E-06 6.529139E-02 0.000000E+00
  2120 6.943408E-15 6.526566E-06 5.426600E-02 0.000000E+00
  2121 8.543011E-15 6.728701E-06 5.000000E-02 0.000000E+00
  2122 1.058144E-14 6.523304E-06 1.893812E-02 0.000000E+00
  2123 2.944401E-15 6.722295E-06 5.000000E-02 0.000000E+00
  2124 5.124391E-15 6.606488E-06 4.656113E-02 0.000000E+00
  2125 5.209326E-15 6.645710E-06 3.975847E-02 0.000000E+00
  2126 5.308416E-15 6.460410E-06 3.811108E-02 0.000000E+00
  2127 6.490423E-15 6.456329E-06 5.000000E-02 0.000000E+00
  2128 4.296278E-15 6.988976E-06 5.000000E-02 0.000000E+00
  2129 1.003645E-14 7.204120E-06 4.843515E-02 0.000000E+00
  2130 1.024878E-14 7.156176E-06 3.598419E-02 0.000000E+00
  2131 7.276069E-15 7.084600E-06 4.312481E-02 0.000000E+00
  2132 3.057648E-15 6.703749E-06 6.077402E-02 0.000000E+00
  2133 9.675473E-15 6.983917E-06 4.157511E-02 0.000000E+00
  2134 2.229535E-15 6.877095E-06 4.708662E-02 0.000000E+00
  2135 5.874647E-15 6.887383E-06 5.196300E-02 0.000000E+00
  2136 3.128426E-15 6.385699E-06 5.209491E-02 0.000000E+00
  2137 8.429765E-15 7.302006E-06 2.983698E-02 0.000000E+00
  2138 7.261913E-15 7.233346E-06 2.845304E-02 0.000000E+00
  2139 4.466147E-15 6.668142E-06 5.000000E-02 0.000000E+00
  2140 7.431782E-15 6.981724E-06 2.849907E-02 0.000000E+00
  2141 6.285165E-15 7.209900E-06 4.824250E-02 0.000000E+00
  2142 5.188092E-15 6.458193E-06 3.753132E-02 0.000000E+00
  2143 7.771521E-15 7.129140E-06 4.347276E-02 0.000000E+00
  2144 8.415609E-15 6.876347E-06 6.250000E-02 0.000000E+00
  2145 6.469190E-15 6.633983E-06 8.049253E-02 0.000000E+00
  2146 7.537951E-15 7.213792E-06 3.208195E-02 0.000000E+00
  2147 6.816006E-15 7.116016E-06 5.715598E-02 0.000000E+00
  2148 8.323596E-15 6.540036E-06 4.429263E-02 0.000000E+00
  2149 5.004067E-15 6.755399E-06 5.000000E-02 0.000000E+00
  2150 4.508615E-15 7.255788E-06 7.914548E-02 0.000000E+00
  2151 1.072300E-14 6.874224E-06 5.483338E-02 0.000000E+00
  2152 7.637041E-15 7.204170E-06 6.016413E-02 0.000000E+00
  2153 1.002229E-14 6.830754E-06 2.776702E-02 0.000000E+00
  2154 6.313476E-15 6.733839E-06 4.101463E-02 0.000000E+00
  2155 3.361997E-15 6.696760E-06 2.702076E-02 0.000000E+00
  2156 4.742185E-15 6.640058E-06 3.168266E-02 0.000000E+00
  2157 5.301338E-15 6.950497E-06 7.502513E-02 0.000000E+00
  2158 5.952504E-15 7.130393E-06 7.061052E-02 0.000000E+00
  2159 4.692640E-15 7.250972E-06 8.174723E-02 0.000000E+00
  2160 4.996989E-15 7.042358E-06 5.314241E-02 0.000000E+00
  2161 3.850371E-15 6.726867E-06 4.068734E-02 0.000000E+00
  2162 7.955546E-15 6.556129E-06 3.560244E-02 0.000000E+00
  2163 3.277062E-15 6.901619E-06 5.000000E-02 0.000000E+00
  2164 4.303356E-15 6.870844E-06 3.420600E-02 0.000000E+00
  2165 6.143607E-15 6.680148E-06 5.801301E-02 0.000000E+00
  2166 9.250800E-15 6.525437E-06 4.632000E-02 0.000000E+00
  2167 5.081924E-15 6.540335E-06 5.670077E-02 0.000000E+00
  2168 4.671406E-15 6.981263E-06 4.736450E-02 0.000000E+00
  2169 6.794772E-15 6.672806E-06 5.819869E-02 0.000000E+00
  2170 3.751281E-15 6.429089E-06 3.467699E-02 0.000000E+00
  2171 1.194747E-14 7.063727E-06 2.128636E-02 0.000000E+00
  2172 1.002229E-14 6.899603E-06 3.335688E-02 0.000000E+00
  2173 5.046534E-15 6.657465E-06 4.857486E-02 0.000000E+00
  2174 8.167883E-15 6.444174E-06 4.079531E-02 0.000000E+00
  2175 4.735107E-15 6.989589E-06 5.000000E-02 0.000000E+00
  2176 6.554124E-15 7.200222E-06 3.569311E-02 0.000000E+00
  2177 1.365325E-14 6.997831E-06 5.000000E-02 0.000000E+00
  2178 4.381213E-15 6.839191E-06 8.437616E-02 0.000000E+00
  2179 8.422687E-15 6.976550E-06 4.943354E-02 0.000000E+00
  2180 3.064726E-15 6.685505E-06 7.985184E-02 0.000000E+00
  2181 1.121137E-14 7.206384E-06 3.978213E-02 0.000000E+00
  2182 2.392326E-15 6.822271E-06 4.850768E-02 0.000000E+00
  2183 7.375159E-15 7.254951E-06 5.791094E-02 0.000000E+00
  2184 8.550089E-15 6.821300E-06 4.617554E-02 0.000000E+00
  2185 3.085959E-15 6.902457E-06 4.493027E-02 0.000000E+00
  2186 3.991929E-15 6.872721E-06 5.427064E-02 0.000000E+00
  2187 5.442896E-15 7.201523E-06 4.523486E-02 0.000000E+00
  2188 5.081924E-15 6.932833E-06 4.209365E-02 0.000000E+00
  2189 1.200410E-14 6.560078E-06 3.846877E-02 0.000000E+00
  2190 8.436842E-15 7.089024E-06 1.229355E-02 0.000000E+00
  2191 1.153696E-14 6.817045E-06 6.323337E-02 0.000000E+00
  2192 5.124391E-15 6.818356E-06 7.328183E-02 0.000000E+00
  2193 6.964642E-15 7.039789E-06 4.849175E-02 0.000000E+00
  2194 8.833204E-15 7.120571E-06 3.566704E-02 0.000000E+00
  2195 3.468165E-15 6.311541E-06 5.000000E-02 0.000000E+00
  2196 3.425698E-15 6.885595E-06 6.434801E-02 0.000000E+00
  2197 2.250768E-15 6.678040E-06 5.976765E-02 0.000000E+00
  2198 7.622885E-15 7.114254E-06 3.125000E-02 0.000000E+00
  2199 4.522770E-15 7.209400E-06 4.970500E-02 0.000000E+00
  2200 6.405489E-15 6.867649E-06 2.324306E-02 0.000000E+00
  2201 1.111936E-14 7.202502E-06 3.586469E-02 0.000000E+00
  2202 5.633999E-15 7.016312E-06 3.003478E-02 0.000000E+00
  2203 2.491417E-15 6.818801E-06 5.720172E-02 0.000000E+00
  2204 3.135504E-15 6.809023E-06 5.000000E-02 0.000000E+00
  2205 2.816999E-15 6.991079E-06 5.829511E-02 0.000000E+00
  2206 7.941390E-15 7.203066E-06 4.259089E-02 0.000000E+00
  2207 3.871605E-15 6.560040E-06 2.084599E-02 0.000000E+00
  2208 7.785677E-16 6.751037E-06 3.835526E-02 0.000000E+00
  2209 1.125384E-15 6.859529E-06 2.066955E-02 0.000000E+00
  2210 1.762394E-15 6.969743E-06 2.447516E-02 0.000000E+00
  2211 7.290225E-16 6.752085E-06 2.736118E-02 0.000000E+00
  2212 1.634992E-15 1.215840E-05 5.397274E-02 0.000000E+00
  2213 1.778673E-14 1.002254E-05 3.749701E-02 0.000000E+00
  2214 1.054605E-14 6.881176E-06 2.311412E-02 0.000000E+00
  2215 6.985875E-15 7.478130E-06 5.667211E-02 0.000000E+00
  2216 4.197188E-15 7.474876E-06 5.886194E-02 0.000000E+00
  2217 6.228541E-15 7.213761E-06 5.425949E-02 0.000000E+00
  2218 6.178996E-15 6.868267E-06 3.421932E-02 0.000000E+00
  2219 8.401453E-15 7.003596E-06 3.880963E-02 0.000000E+00
  2220 4.133487E-15 7.035152E-06 5.000000E-02 0.000000E+00
  2221 1.499804E-14 7.272298E-06 4.606404E-02 0.000000E+00
  2222 3.475243E-15 6.701092E-06 5.610305E-02 0.000000E+00
  2223 4.869587E-15 6.986999E-06 6.075013E-02 0.000000E+00
  2224 1.008599E-14 7.194246E-06 6.200740E-02 0.000000E+00
  2225 3.885761E-15 7.485856E-06 5.248415E-02 0.000000E+00
  2226 5.103157E-15 7.206244E-06 4.919334E-02 0.000000E+00
  2227 5.251793E-15 6.866408E-06 5.181415E-02 0.000000E+00
  2228 5.315494E-15 7.033172E-06 4.640018E-02 0.000000E+00
  2229 6.681526E-15 7.484915E-06 4.842901E-02 0.000000E+00
  2230 7.063732E-15 7.167655E-06 2.719827E-02 0.000000E+00
  2231 4.423680E-15 7.131377E-06 4.123303E-02 0.000000E+00
  2232 6.674448E-15 7.032420E-06 4.624586E-02 0.000000E+00
  2233 7.806910E-15 7.268896E-06 6.583377E-02 0.000000E+00
  2234 8.833204E-15 8.196700E-06 2.375489E-02 0.000000E+00
  2235 4.367057E-15 7.268111E-06 5.534792E-02 0.000000E+00
  2236 5.910036E-15 6.764212E-06 5.000000E-02 0.000000E+00
  2237 4.614783E-15 7.206755E-06 6.974300E-02 0.000000E+00
  2238 6.363021E-15 7.268547E-06 3.537613E-02 0.000000E+00
  2239 1.780797E-14 7.321417E-06 2.315429E-02 0.000000E+00
  2240 5.117313E-15 6.847385E-06 4.880430E-02 0.000000E+00
  2241 8.012169E-15 7.207859E-06 2.489312E-02 0.000000E+00
  2242 4.904976E-15 6.922342E-06 5.000000E-02 0.000000E+00
  2243 5.365039E-15 7.024579E-06 4.590963E-02 0.000000E+00
  2244 4.940366E-15 7.205805E-06 4.210486E-02 0.000000E+00
  2245 5.407506E-15 6.862964E-06 5.027578E-02 0.000000E+00
  2246 4.359979E-15 7.198051E-06 6.503284E-02 0.000000E+00
  2247 3.595567E-15 6.731461E-06 5.407659E-02 0.000000E+00
  2248 5.902959E-15 6.868248E-06 6.332047E-02 0.000000E+00
  2249 6.787695E-15 6.881055E-06 2.405916E-02 0.000000E+00
  2250 4.006085E-15 6.268779E-06 4.338189E-02 0.000000E+00
  2251 3.100115E-15 6.461837E-06 6.181179E-02 0.000000E+00
  2252 6.780617E-15 6.646459E-06 4.931296E-02 0.000000E+00
  2253 4.112253E-15 6.107327E-06 6.441642E-02 0.000000E+00
  2254 3.595567E-15 6.928965E-06 4.413627E-02 0.000000E+00
  2255 3.255828E-15 6.888154E-06 4.076990E-02 0.000000E+00
  2256 4.098097E-15 6.352612E-06 5.231252E-02 0.000000E+00
  2257 2.668364E-15 6.360547E-06 3.504250E-02 0.000000E+00
  2258 4.175954E-15 6.395446E-06 5.000000E-02 0.000000E+00
  2259 6.653215E-15 6.296067E-06 3.499878E-02 0.000000E+00
  2260 3.680502E-15 6.367792E-06 5.502981E-02 0.000000E+00
  2261 3.029336E-15 6.457265E-06 4.985199E-02 0.000000E+00
  2262 3.432776E-15 6.589774E-06 3.604825E-02 0.000000E+00
  2263 8.040481E-15 6.092905E-06 2.283101E-02 0.000000E+00
  2264 4.820042E-15 6.704725E-06 5.015189E-02 0.000000E+00
  2265 8.450998E-15 8.092041E-06 6.454351E-02 0.000000E+00
  2266 5.442896E-15 6.649088E-06 3.653384E-02 0.000000E+00
  2267 3.779592E-15 6.838350E-06 6.249626E-02 0.000000E+00
  2268 9.172943E-15 6.863976E-06 5.000000E-02 0.000000E+00
  2269 6.002049E-15 6.257862E-06 4.527234E-02 0.000000E+00
  2270 4.600627E-15 7.195463E-06 5.740774E-02 0.000000E+00
  2271 8.231584E-15 6.842568E-06 2.798442E-02 0.000000E+00
  2272 2.965635E-15 6.474456E-06 5.000000E-02 0.000000E+00
  2273 4.175954E-15 6.474955E-06 4.813675E-02 0.000000E+00
  2274 7.920157E-15 6.586936E-06 6.885402E-02 0.000000E+00
  2275 2.647130E-15 6.093539E-06 3.207737E-02 0.000000E+00
  2276 6.462112E-15 6.583337E-06 3.939253E-02 0.000000E+00
  2277 2.930246E-15 6.118512E-06 5.000000E-02 0.000000E+00
  2278 4.289200E-15 6.284176E-06 5.116071E-02 0.000000E+00
  2279 8.040481E-15 6.179333E-06 5.888599E-02 0.000000E+00
  2280 3.220439E-15 6.177750E-06 4.475807E-02 0.000000E+00
  2281 6.249775E-15 7.454892E-06 4.916165E-02 0.000000E+00
  2282 2.158756E-15 6.728362E-06 7.252950E-02 0.000000E+00
  2283 6.115295E-15 6.863949E-06 4.509361E-02 0.000000E+00
  2284 4.763419E-15 6.856208E-06 4.134476E-02 0.000000E+00
  2285 1.663304E-15 6.120990E-06 4.656793E-02 0.000000E+00
  2286 6.667370E-15 6.493441E-06 3.185829E-02 0.000000E+00
  2287 5.145625E-15 6.414868E-06 2.679943E-02 0.000000E+00
  2288 2.130444E-15 6.201938E-06 4.832245E-02 0.000000E+00
  2289 3.114271E-15 6.340481E-06 4.539085E-02 0.000000E+00
  2290 5.471207E-15 7.957674E-06 4.883738E-02 0.000000E+00
  2291 7.361004E-15 7.048775E-06 6.598365E-02 0.000000E+00
  2292 1.981809E-15 6.429475E-06 7.892374E-02 0.000000E+00
  2293 1.833173E-15 6.300852E-06 5.137212E-02 0.000000E+00
  2294 1.988887E-15 6.312865E-06 7.114335E-02 0.000000E+00
  2295 4.451992E-15 6.964535E-06 5.713460E-02 0.000000E+00
  2296 3.892838E-15 6.387071E-06 3.488518E-02 0.000000E+00
  2297 2.696675E-15 6.463878E-06 5.254303E-02 0.000000E+00
  2298 1.833173E-15 6.881185E-06 5.076269E-02 0.000000E+00
  2299 8.125415E-15 6.904614E-06 4.255178E-02 0.000000E+00
  2300 3.199205E-15 6.571051E-06 5.618925E-02 0.000000E+00
  2301 8.804893E-15 6.403634E-06 3.040133E-02 0.000000E+00
  2302 3.517710E-15 6.363149E-06 4.220958E-02 0.000000E+00
  2303 5.350883E-15 6.669342E-06 4.128508E-02 0.000000E+00
  2304 4.381213E-15 6.860420E-06 3.541112E-02 0.000000E+00
  2305 8.712880E-15 6.400498E-06 3.832190E-02 0.000000E+00
  2306 5.428740E-15 6.827627E-06 5.000000E-02 0.000000E+00
  2307 2.279080E-15 6.166544E-06 6.929016E-02 0.000000E+00
  2308 6.186074E-15 7.104210E-06 2.235740E-02 0.000000E+00
  2309 6.879707E-15 6.565180E-06 5.000000E-02 0.000000E+00
  2310 4.770497E-15 6.861766E-06 5.000000E-02 0.000000E+00
  2311 5.633999E-15 6.309978E-06 4.502524E-02 0.000000E+00
  2312 3.064726E-15 6.834507E-06 5.145969E-02 0.000000E+00
  2313 8.691646E-15 6.925783E-06 7.437749E-02 0.000000E+00
  2314 3.284140E-15 6.074898E-06 3.458208E-02 0.000000E+00
  2315 4.062708E-15 6.363862E-06 5.000000E-02 0.000000E+00
  2316 5.612765E-15 6.524408E-06 7.014474E-02 0.000000E+00
  2317 2.972713E-15 6.677253E-06 5.541727E-02 0.000000E+00
  2318 5.987893E-15 6.916103E-06 3.577011E-02 0.000000E+00
  2319 4.331667E-15 6.593658E-06 4.907255E-02 0.000000E+00
  2320 2.562195E-15 6.754924E-06 3.982512E-02 0.000000E+00
  2321 3.057648E-15 6.706761E-06 5.691158E-02 0.000000E+00
  2322 7.205290E-15 6.686440E-06 4.567390E-02 0.000000E+00
  2323 2.163710E-14 8.058439E-06 3.077706E-02 0.000000E+00
  2324 2.031354E-15 6.835026E-06 2.400803E-02 0.000000E+00
  2325 2.746221E-15 6.360181E-06 4.452336E-02 0.000000E+00
  2326 6.490423E-15 6.297991E-06 2.711874E-02 0.000000E+00
  2327 6.405489E-15 6.346238E-06 2.335230E-02 0.000000E+00
  2328 6.794772E-15 6.515381E-06 4.903998E-02 0.000000E+00
  2329 4.062708E-15 6.679892E-06 7.900000E-02 0.000000E+00
  2330 6.752305E-15 6.827706E-06 3.105856E-02 0.000000E+00
  2331 7.488406E-15 8.016101E-06 3.031967E-02 0.000000E+00
  2332 6.681526E-15 6.426795E-06 5.563474E-02 0.000000E+00
  2333 3.277062E-15 6.841902E-06 5.000000E-02 0.000000E+00
  2334 3.354919E-15 6.602604E-06 5.135858E-02 0.000000E+00
  2335 5.273027E-15 6.919294E-06 5.000000E-02 0.000000E+00
  2336 2.767454E-15 6.485106E-06 4.854974E-02 0.000000E+00
  2337 4.168876E-15 6.477793E-06 4.541666E-02 0.000000E+00
  2338 5.173936E-15 6.922855E-06 7.008309E-02 0.000000E+00
  2339 4.324590E-15 6.518904E-06 5.587284E-02 0.000000E+00
  2340 4.614783E-15 6.846325E-06 5.007068E-02 0.000000E+00
  2341 4.437836E-15 6.189240E-06 3.763835E-02 0.000000E+00
  2342 3.291218E-15 6.870548E-06 5.000000E-02 0.000000E+00
  2343 3.312452E-15 6.894839E-06 2.432667E-02 0.000000E+00
  2344 6.731071E-15 6.473596E-06 6.984266E-02 0.000000E+00
  2345 1.472201E-15 6.294469E-06 6.617055E-02 0.000000E+00
  2346 9.548071E-15 6.953233E-06 4.572647E-02 0.000000E+00
  2347 5.718934E-15 6.862585E-06 4.907561E-02 0.000000E+00
  2348 7.226524E-15 6.518840E-06 5.055728E-02 0.000000E+00
  2349 2.661286E-15 6.605197E-06 5.465628E-02 0.000000E+00
  2350 1.115475E-14 6.931062E-06 5.754882E-02 0.000000E+00
  2351 9.887810E-15 6.925233E-06 3.192794E-02 0.000000E+00
  2352 5.662310E-15 6.288260E-06 4.909119E-02 0.000000E+00
  2353 2.647130E-15 6.298364E-06 5.556163E-02 0.000000E+00
  2354 5.619843E-15 6.246157E-06 5.519899E-02 0.000000E+00
  2355 4.919132E-15 6.377531E-06 3.812605E-02 0.000000E+00
  2356 4.197188E-15 6.862594E-06 4.846863E-02 0.000000E+00
  2357 2.618819E-15 6.366703E-06 5.437376E-02 0.000000E+00
  2358 3.949462E-15 6.429331E-06 5.391667E-02 0.000000E+00
  2359 5.244715E-15 6.869165E-06 4.771398E-02 0.000000E+00
  2360 9.824109E-15 6.070388E-06 7.970894E-02 0.000000E+00
  2361 5.173936E-15 6.300807E-06 7.316846E-02 0.000000E+00
  2362 8.564244E-15 7.032991E-06 2.558744E-02 0.000000E+00
  2363 7.176978E-15 6.641301E-06 6.200818E-02 0.000000E+00
  2364 1.821141E-14 7.607184E-06 3.510891E-02 0.000000E+00
  2365 1.783628E-15 6.116848E-06 6.865628E-02 0.000000E+00
  2366 5.067768E-15 6.827705E-06 3.125000E-02 0.000000E+00
  2367 7.084966E-15 6.384229E-06 3.499087E-02 0.000000E+00
  2368 3.652190E-15 6.464469E-06 4.577998E-02 0.000000E+00
  2369 6.589514E-15 6.928362E-06 4.144049E-02 0.000000E+00
  2370 2.187067E-15 6.341557E-06 6.516869E-02 0.000000E+00
  2371 2.491417E-15 6.628524E-06 5.361311E-02 0.000000E+00
  2372 8.394375E-15 6.445117E-06 3.076489E-02 0.000000E+00
  2373 7.537951E-15 6.827620E-06 3.337069E-02 0.000000E+00
  2374 3.411542E-15 6.573827E-06 4.602044E-02 0.000000E+00
  2375 3.970695E-15 6.378284E-06 4.934945E-02 0.000000E+00
  2376 5.096079E-15 6.300878E-06 6.149354E-02 0.000000E+00
  2377 6.094062E-15 6.997097E-06 7.778307E-02 0.000000E+00
  2378 3.744203E-15 6.049416E-06 3.375923E-02 0.000000E+00
  2379 3.765436E-15 6.841434E-06 5.172446E-02 0.000000E+00
  2380 5.994971E-15 6.721931E-06 4.184019E-02 0.000000E+00
  2381 7.806910E-15 6.472638E-06 2.308515E-02 0.000000E+00
  2382 3.227517E-15 6.555482E-06 4.623193E-02 0.000000E+00
  2383 4.515693E-15 6.388640E-06 4.733099E-02 0.000000E+00
  2384 3.963617E-15 6.437476E-06 4.339605E-02 0.000000E+00
  2385 3.779592E-15 6.868759E-06 5.291364E-02 0.000000E+00
  2386 6.738149E-15 6.791519E-06 1.760565E-02 0.000000E+00
  2387 1.840251E-15 6.870201E-06 5.048687E-02 0.000000E+00
  2388 9.434825E-15 6.920402E-06 2.727570E-02 0.000000E+00
  2389 5.336728E-15 6.924739E-06 5.000000E-02 0.000000E+00
  2390 4.190110E-15 6.476897E-06 5.000000E-02 0.000000E+00
  2391 6.200230E-15 6.229911E-06 4.673723E-02 0.000000E+00
  2392 6.186074E-15 6.594143E-06 4.312397E-02 0.000000E+00
  2393 4.374135E-15 6.462021E-06 3.967397E-02 0.000000E+00
  2394 5.181014E-15 6.698434E-06 5.780407E-02 0.000000E+00
  2395 4.168876E-15 6.827627E-06 5.000000E-02 0.000000E+00
  2396 3.156738E-15 6.293557E-06 5.000000E-02 0.000000E+00
  2397 5.407506E-15 6.645881E-06 6.504388E-02 0.000000E+00
  2398 6.879707E-15 6.529625E-06 5.959017E-02 0.000000E+00
  2399 6.624903E-15 6.202213E-06 2.745750E-02 0.000000E+00
  2400 8.677491E-15 6.432982E-06 3.731024E-02 0.000000E+00
  2401 5.131469E-15 6.693155E-06 2.966479E-02 0.000000E+00
  2402 5.973737E-15 6.416346E-06 3.040972E-02 0.000000E+00
  2403 8.295285E-15 6.599041E-06 4.768242E-02 0.000000E+00
  2404 4.777574E-15 6.934776E-06 6.036629E-02 0.000000E+00
  2405 5.733089E-15 7.000953E-06 3.874376E-02 0.000000E+00
  2406 4.947444E-15 6.454364E-06 4.670626E-02 0.000000E+00
  2407 3.284140E-15 6.405746E-06 4.981349E-02 0.000000E+00
  2408 4.317512E-15 6.695560E-06 2.842158E-02 0.000000E+00
  2409 3.269984E-15 6.891226E-06 4.315884E-02 0.000000E+00
  2410 3.871605E-15 6.636324E-06 4.827236E-02 0.000000E+00
  2411 4.494459E-15 6.507009E-06 4.345229E-02 0.000000E+00
  2412 7.021265E-15 6.224330E-06 4.604507E-02 0.000000E+00
  2413 2.179990E-15 6.347618E-06 5.046816E-02 0.000000E+00
  2414 5.244715E-15 6.425815E-06 4.714617E-02 0.000000E+00
  2415 1.953497E-15 6.931136E-06 4.417791E-02 0.000000E+00
  2416 7.389315E-15 6.868936E-06 6.495670E-02 0.000000E+00
  2417 1.054605E-14 6.437534E-06 2.326630E-02 0.000000E+00
  2418 8.090026E-15 6.415028E-06 5.168243E-02 0.000000E+00
  2419 3.560178E-15 6.725546E-06 5.591706E-02 0.000000E+00
  2420 6.773539E-15 6.928347E-06 2.453815E-02 0.000000E+00
  2421 6.256853E-15 6.920669E-06 6.505526E-02 0.000000E+00
  2422 3.411542E-15 6.118702E-06 5.598842E-02 0.000000E+00
  2423 3.468165E-15 6.925781E-06 3.480486E-02 0.000000E+00
  2424 9.003074E-15 6.844286E-06 6.102448E-02 0.000000E+00
  2425 4.777574E-15 6.580480E-06 5.275520E-02 0.000000E+00
  2426 5.287182E-15 6.948766E-06 5.000000E-02 0.000000E+00
  2427 2.965635E-15 6.415547E-06 3.924835E-02 0.000000E+00
  2428 5.931270E-15 6.451011E-06 4.763201E-02 0.000000E+00
  2429 6.440878E-15 7.036923E-06 2.952236E-02 0.000000E+00
  2430 4.211343E-15 6.415735E-06 4.833415E-02 0.000000E+00
  2431 8.642101E-15 6.835139E-06 3.310961E-02 0.000000E+00
  2432 8.337752E-15 7.073576E-06 4.105611E-02 0.000000E+00
  2433 3.468165E-15 6.112367E-06 3.156280E-02 0.000000E+00
  2434 4.706796E-15 6.755030E-06 3.607890E-02 0.000000E+00
  2435 4.168876E-15 7.193891E-06 4.251629E-02 0.000000E+00
  2436 3.567256E-15 6.365132E-06 5.934506E-02 0.000000E+00
  2437 6.950486E-15 6.757855E-06 2.622565E-02 0.000000E+00
  2438 6.193152E-15 6.846633E-06 4.501679E-02 0.000000E+00
  2439 7.460094E-15 6.869564E-06 6.659754E-02 0.000000E+00
  2440 4.225499E-15 6.466988E-06 6.376568E-02 0.000000E+00
  2441 1.046820E-14 6.841739E-06 3.839475E-02 0.000000E+00
  2442 1.074423E-14 8.233955E-06 3.162704E-02 0.000000E+00
  2443 4.720951E-15 6.201281E-06 3.771822E-02 0.000000E+00
  2444 8.578400E-15 6.365708E-06 5.661296E-02 0.000000E+00
  2445 5.683544E-15 6.919301E-06 4.318001E-02 0.000000E+00
  2446 6.922174E-15 6.538514E-06 5.469784E-02 0.000000E+00
  2447 3.914072E-15 6.357719E-06 5.308279E-02 0.000000E+00
  2448 5.612765E-15 6.644888E-06 5.168465E-02 0.000000E+00
  2449 1.057436E-14 7.962488E-06 5.000000E-02 0.000000E+00
  2450 2.739143E-15 6.637694E-06 7.404357E-02 0.000000E+00
  2451 7.729054E-15 6.835135E-06 5.826323E-02 0.000000E+00
  2452 5.676466E-15 7.269100E-06 5.638731E-02 0.000000E+00
  2453 2.597585E-15 6.353043E-06 4.473687E-02 0.000000E+00
  2454 2.724987E-15 6.278113E-06 4.385032E-02 0.000000E+00
  2455 3.001025E-15 6.352091E-06 3.646730E-02 0.000000E+00
  2456 4.246733E-15 6.271418E-06 5.000000E-02 0.000000E+00
  2457 2.717909E-15 6.423414E-06 4.055945E-02 0.000000E+00
  2458 5.357961E-15 6.862249E-06 7.237697E-02 0.000000E+00
  2459 9.073852E-15 6.177560E-06 2.804022E-02 0.000000E+00
  2460 6.391333E-15 6.451846E-06 5.622304E-02 0.000000E+00
  2461 6.766461E-15 6.814272E-06 3.947246E-02 0.000000E+00
  2462 4.218421E-15 6.205639E-06 5.000000E-02 0.000000E+00
  2463 3.015180E-15 6.836953E-06 8.115238E-02 0.000000E+00
  2464 6.759383E-15 6.430916E-06 5.405406E-02 0.000000E+00
  2465 2.505572E-15 6.854626E-06 5.315111E-02 0.000000E+00
  2466 3.057648E-15 6.291830E-06 5.046018E-02 0.000000E+00
  2467 4.586471E-15 6.313002E-06 4.971685E-02 0.000000E+00
  2468 5.902959E-15 6.943364E-06 8.001344E-02 0.000000E+00
  2469 3.567256E-15 6.523185E-06 7.760261E-02 0.000000E+00
  2470 2.972713E-15 6.918082E-06 6.740265E-02 0.000000E+00
  2471 8.104182E-15 6.454554E-06 3.625017E-02 0.000000E+00
  2472 4.395368E-15 6.895183E-06 5.045863E-02 0.000000E+00
  2473 1.366032E-15 6.375531E-06 4.483965E-02 0.000000E+00
  2474 5.301338E-15 7.203282E-06 4.430708E-02 0.000000E+00
  2475 2.894856E-15 6.263254E-06 5.800092E-02 0.000000E+00
  2476 3.248751E-15 6.822291E-06 4.789512E-02 0.000000E+00
  2477 6.936330E-15 6.428620E-06 3.412726E-02 0.000000E+00
  2478 7.445938E-15 6.892925E-06 2.686688E-02 0.000000E+00
  2479 3.772514E-15 6.942040E-06 4.825129E-02 0.000000E+00
  2480 6.405489E-15 7.024084E-06 6.059986E-02 0.000000E+00
  2481 6.377177E-15 6.093837E-06 4.146095E-02 0.000000E+00
  2482 1.189085E-14 6.367856E-06 5.000000E-02 0.000000E+00
  2483 4.183032E-15 6.834353E-06 5.642000E-02 0.000000E+00
  2484 3.255828E-15 6.784958E-06 6.884795E-02 0.000000E+00
  2485 3.836215E-15 6.531317E-06 4.464467E-02 0.000000E+00
  2486 7.622885E-15 6.863122E-06 5.390383E-02 0.000000E+00
  2487 2.548040E-15 6.922897E-06 5.400353E-02 0.000000E+00
  2488 5.209326E-15 6.894218E-06 5.881156E-02 0.000000E+00
  2489 7.714898E-15 7.123252E-06 5.639757E-02 0.000000E+00
  2490 1.295254E-15 6.827661E-06 2.722821E-02 0.000000E+00
  2491 5.131469E-15 6.847135E-06 5.000000E-02 0.000000E+00
  2492 5.414584E-15 6.178111E-06 6.555375E-02 0.000000E+00
  2493 3.567256E-15 6.563444E-06 6.716817E-02 0.000000E+00
  2494 8.040481E-15 6.094094E-06 6.434311E-02 0.000000E+00
  2495 2.781610E-15 6.837934E-06 5.968389E-02 0.000000E+00
  2496 1.295254E-15 6.337376E-06 4.474610E-02 0.000000E+00
  2497 3.177972E-15 6.838793E-06 4.543356E-02 0.000000E+00
  2498 4.706796E-15 6.842664E-06 4.064405E-02 0.000000E+00
  2499 3.425698E-15 6.695905E-06 5.000000E-02 0.000000E+00
  2500 3.659268E-15 6.294928E-06 3.311515E-02 0.000000E+00
  2501 5.853413E-15 6.157524E-06 5.065231E-02 0.000000E+00
  2502 1.043988E-14 6.429748E-06 4.755088E-02 0.000000E+00
  2503 4.671406E-15 6.834768E-06 4.465487E-02 0.000000E+00
  2504 1.971900E-14 6.887916E-06 5.522960E-02 0.000000E+00
  2505 9.505604E-15 7.066688E-06 4.518409E-02 0.000000E+00
  2506 6.002049E-15 6.071350E-06 5.000000E-02 0.000000E+00
  2507 3.779592E-15 6.919897E-06 7.478301E-02 0.000000E+00
  2508 2.349859E-15 6.290606E-06 5.103516E-02 0.000000E+00
  2509 5.655233E-15 7.070522E-06 4.633325E-02 0.000000E+00
  2510 3.213361E-15 6.600726E-06 3.599956E-02 0.000000E+00
  2511 8.373142E-15 6.846337E-06 6.275176E-02 0.000000E+00
  2512 6.002049E-15 6.859643E-06 4.812896E-02 0.000000E+00
  2513 3.284140E-15 6.940641E-06 3.801839E-02 0.000000E+00
  2514 2.640052E-15 6.122466E-06 4.050293E-02 0.000000E+00
  2515 3.751281E-15 6.039117E-06 5.208360E-02 0.000000E+00
  2516 1.286760E-14 7.032373E-06 5.000000E-02 0.000000E+00
  2517 2.349859E-15 6.519231E-06 4.779943E-02 0.000000E+00
  2518 5.188092E-15 6.869809E-06 4.840740E-02 0.000000E+00
  2519 1.875640E-15 6.381635E-06 3.152798E-02 0.000000E+00
  2520 6.023283E-15 6.404641E-06 4.419417E-02 0.000000E+00
  2521 6.101139E-15 6.221505E-06 5.364029E-02 0.000000E+00
  2522 1.250663E-14 7.263284E-06 4.496397E-02 0.000000E+00
  2523 6.292242E-15 6.466753E-06 5.552143E-02 0.000000E+00
  2524 3.078881E-15 6.250794E-06 4.926127E-02 0.000000E+00
  2525 4.812964E-15 6.622293E-06 5.560725E-02 0.000000E+00
  2526 2.095055E-15 6.274942E-06 7.789722E-02 0.000000E+00
  2527 6.893863E-15 6.860155E-06 4.216971E-02 0.000000E+00
  2528 6.285165E-15 6.947982E-06 5.366034E-02 0.000000E+00
  2529 3.836215E-15 6.357045E-06 6.438989E-02 0.000000E+00
  2530 2.224580E-14 8.089246E-06 5.000000E-02 0.000000E+00
  2531 3.100115E-15 6.253263E-06 5.000000E-02 0.000000E+00
  2532 2.824077E-15 6.273614E-06 6.792214E-02 0.000000E+00
  2533 4.282122E-15 6.788329E-06 4.013324E-02 0.000000E+00
  2534 5.655233E-15 6.684402E-06 5.112009E-02 0.000000E+00
  2535 4.168876E-15 6.463294E-06 3.733456E-02 0.000000E+00
  2536 9.484370E-15 6.925799E-06 3.797108E-02 0.000000E+00
  2537 3.319529E-15 6.827639E-06 5.435035E-02 0.000000E+00
  2538 1.051774E-14 6.528783E-06 6.600151E-02 0.000000E+00
  2539 4.423680E-15 6.889395E-06 5.403643E-02 0.000000E+00
  2540 3.956539E-15 6.572242E-06 6.594644E-02 0.000000E+00
  2541 1.033372E-15 6.774176E-06 4.606591E-02 0.000000E+00
  2542 1.351877E-15 6.732548E-06 3.605170E-02 0.000000E+00
  2543 7.290225E-16 6.468916E-06 4.404748E-02 0.000000E+00
  2544 1.896874E-15 6.721489E-06 3.658041E-02 0.000000E+00
  2545 2.385248E-15 6.268485E-06 2.356104E-02 0.000000E+00
  2546 6.086984E-16 6.728625E-06 5.559476E-02 0.000000E+00
  2547 1.054605E-15 6.096877E-06 3.453262E-02 0.000000E+00
  2548 1.245708E-15 5.940907E-06 4.510975E-02 0.000000E+00
  2549 3.737125E-15 6.971359E-06 4.737557E-02 0.000000E+00
  2550 4.013162E-15 6.826725E-06 7.417162E-02 0.000000E+00
  2551 9.144631E-15 7.245329E-06 6.947324E-02 0.000000E+00
  2552 7.077888E-15 6.821977E-06 5.000000E-02 0.000000E+00
  2553 4.105175E-15 6.982049E-06 6.308159E-02 0.000000E+00
  2554 1.925186E-15 6.769511E-06 5.000000E-02 0.000000E+00
  2555 4.154720E-15 7.073258E-06 4.410471E-02 0.000000E+00
  2556 5.874647E-15 7.140754E-06 4.821333E-02 0.000000E+00
  2557 3.779592E-15 6.707940E-06 5.223686E-02 0.000000E+00
  2558 4.777574E-15 6.376847E-06 6.866188E-02 0.000000E+00
  2559 2.710831E-15 6.822036E-06 7.988043E-02 0.000000E+00
  2560 2.916090E-15 6.849896E-06 4.424694E-02 0.000000E+00
  2561 5.952504E-15 6.819205E-06 5.000000E-02 0.000000E+00
  2562 8.118338E-15 7.090999E-06 5.604124E-02 0.000000E+00
  2563 2.434793E-15 6.654211E-06 6.069405E-02 0.000000E+00
  2564 5.655233E-15 7.141863E-06 4.491489E-02 0.000000E+00
  2565 9.647161E-15 1.089929E-05 1.526431E-02 0.000000E+00
  2566 2.809922E-15 6.260330E-06 6.754944E-02 0.000000E+00
  2567 6.214386E-15 7.013866E-06 5.000000E-02 0.000000E+00
  2568 4.621861E-15 6.143271E-06 6.397876E-02 0.000000E+00
  2569 4.855431E-15 6.906870E-06 5.632947E-02 0.000000E+00
  2570 3.085959E-15 6.720594E-06 6.745552E-02 0.000000E+00
  2571 2.243690E-15 6.189839E-06 8.261349E-02 0.000000E+00
  2572 3.914072E-15 7.016968E-06 3.932011E-02 0.000000E+00
  2573 4.699718E-15 6.736060E-06 3.148979E-02 0.000000E+00
  2574 4.211343E-15 6.151578E-06 6.323729E-02 0.000000E+00
  2575 1.974731E-15 6.271942E-06 1.289582E-02 0.000000E+00
  2576 2.286158E-15 6.854424E-06 6.230341E-02 0.000000E+00
  2577 4.876665E-15 6.566721E-06 1.562500E-02 0.000000E+00
  2578 4.048552E-15 6.429420E-06 3.148221E-02 0.000000E+00
  2579 5.888803E-15 6.166119E-06 4.922025E-02 0.000000E+00
  2580 2.604663E-15 6.021371E-06 5.000000E-02 0.000000E+00
  2581 3.192127E-15 6.248532E-06 5.000000E-02 0.000000E+00
  2582 3.553100E-15 6.157245E-06 4.219800E-02 0.000000E+00
  2583 2.059665E-15 6.228982E-06 4.022555E-02 0.000000E+00
  2584 6.051594E-15 6.080318E-06 5.956994E-02 0.000000E+00
  2585 2.144600E-15 5.908246E-06 7.791818E-02 0.000000E+00
  2586 5.457052E-15 6.268212E-06 5.190502E-02 0.000000E+00
  2587 8.896905E-15 5.801278E-06 5.000000E-02 0.000000E+00
  2588 7.453016E-15 6.300866E-06 5.000000E-02 0.000000E+00
  2589 7.056654E-15 6.614934E-06 5.918675E-02 0.000000E+00
  2590 1.332766E-14 6.580629E-06 5.000000E-02 0.000000E+00
  2591 9.024307E-15 6.340452E-06 5.000000E-02 0.000000E+00
  2592 3.609723E-15 6.229974E-06 5.000000E-02 0.000000E+00
  2593 2.215379E-15 5.918082E-06 6.922418E-02 0.000000E+00
  2594 2.958557E-15 6.278202E-06 4.538802E-02 0.000000E+00
  2595 4.508615E-15 5.873309E-06 5.000000E-02 0.000000E+00
  2596 2.109211E-15 6.054268E-06 6.116034E-02 0.000000E+00
  2597 3.234595E-15 6.014176E-06 5.715007E-02 0.000000E+00
  2598 2.618819E-15 6.722436E-06 6.874295E-02 0.000000E+00
  2599 6.978798E-15 6.250110E-06 5.743727E-02 0.000000E+00
  2600 6.462112E-15 6.357176E-06 3.683705E-02 0.000000E+00
  2601 6.483345E-15 5.803389E-06 6.990556E-02 0.000000E+00
  2602 6.341788E-15 6.042322E-06 8.088746E-02 0.000000E+00
  2603 5.350883E-15 7.297319E-06 5.182620E-02 0.000000E+00
  2604 2.286158E-15 6.249547E-06 5.000000E-02 0.000000E+00
  2605 6.723994E-15 5.858413E-06 3.268279E-02 0.000000E+00
  2606 4.338745E-15 6.566807E-06 6.937563E-02 0.000000E+00
  2607 2.505572E-15 5.803266E-06 7.420291E-02 0.000000E+00
  2608 7.488406E-15 6.672761E-06 7.409599E-02 0.000000E+00
  2609 4.027318E-15 6.343786E-06 4.555239E-02 0.000000E+00
  2610 2.364015E-15 6.159565E-06 5.091641E-02 0.000000E+00
  2611 2.845311E-15 6.133785E-06 5.411573E-02 0.000000E+00
  2612 5.860491E-15 5.907235E-06 3.580478E-02 0.000000E+00
  2613 4.140564E-15 6.175993E-06 5.000000E-02 0.000000E+00
  2614 1.712849E-15 5.803098E-06 3.471768E-02 0.000000E+00
  2615 8.550089E-15 6.271187E-06 3.285438E-02 0.000000E+00
  2616 3.666346E-15 6.229584E-06 5.000000E-02 0.000000E+00
  2617 2.689597E-15 5.895958E-06 4.977734E-02 0.000000E+00
  2618 1.239338E-14 8.256210E-06 4.923954E-02 0.000000E+00
  2619 1.450967E-15 5.904273E-06 6.598365E-02 0.000000E+00
  2620 6.823084E-15 6.269396E-06 6.250000E-02 0.000000E+00
  2621 2.215379E-15 5.895847E-06 5.761921E-02 0.000000E+00
  2622 4.282122E-15 6.014567E-06 5.000000E-02 0.000000E+00
  2623 7.212368E-15 6.414329E-06 2.541567E-02 0.000000E+00
  2624 2.385248E-15 6.011509E-06 6.310282E-02 0.000000E+00
  2625 2.562195E-15 6.580113E-06 5.000000E-02 0.000000E+00
  2626 4.466147E-15 6.247906E-06 4.305733E-02 0.000000E+00
  2627 3.538944E-15 5.861666E-06 3.952080E-02 0.000000E+00
  2628 4.855431E-15 6.137642E-06 6.572505E-02 0.000000E+00
  2629 5.506597E-15 5.987283E-06 4.816641E-02 0.000000E+00
  2630 2.767454E-15 6.271398E-06 4.723815E-02 0.000000E+00
  2631 3.616801E-15 6.272597E-06 6.250000E-02 0.000000E+00
  2632 2.760376E-15 6.170775E-06 5.656434E-02 0.000000E+00
  2633 1.925186E-15 6.243815E-06 5.016839E-02 0.000000E+00
  2634 1.068761E-14 5.862827E-06 1.762006E-02 0.000000E+00
  2635 5.789712E-15 6.466387E-06 6.297334E-02 0.000000E+00
  2636 2.456027E-15 6.177563E-06 7.420068E-02 0.000000E+00
  2637 4.480303E-15 6.162085E-06 3.994773E-02 0.000000E+00
  2638 2.937324E-15 6.133661E-06 3.893113E-02 0.000000E+00
  2639 4.834198E-15 6.177016E-06 5.000000E-02 0.000000E+00
  2640 3.921150E-15 6.155274E-06 3.537613E-02 0.000000E+00
  2641 1.896874E-15 5.945650E-06 4.471383E-02 0.000000E+00
  2642 3.715891E-15 6.584330E-06 3.518349E-02 0.000000E+00
  2643 5.421662E-15 6.263751E-06 6.027254E-02 0.000000E+00
  2644 2.675442E-15 5.905293E-06 4.942650E-02 0.000000E+00
  2645 5.365039E-15 6.187170E-06 6.496954E-02 0.000000E+00
  2646 2.724987E-15 6.324815E-06 6.222094E-02 0.000000E+00
  2647 3.864527E-15 6.243857E-06 5.000000E-02 0.000000E+00
  2648 3.277062E-15 6.247311E-06 4.015155E-02 0.000000E+00
  2649 2.463105E-15 5.870692E-06 5.483326E-02 0.000000E+00
  2650 5.577376E-15 6.321746E-06 5.788112E-02 0.000000E+00
  2651 3.623879E-15 5.812864E-06 3.490147E-02 0.000000E+00
  2652 1.776550E-15 5.869012E-06 3.228091E-02 0.000000E+00
  2653 1.143079E-14 6.232294E-06 4.951968E-02 0.000000E+00
  2654 2.314469E-15 6.151034E-06 4.306536E-02 0.000000E+00
  2655 2.916090E-15 6.133468E-06 5.261717E-02 0.000000E+00
  2656 2.505572E-15 5.960363E-06 5.000000E-02 0.000000E+00
  2657 3.220439E-15 6.059302E-06 5.000000E-02 0.000000E+00
  2658 4.317512E-15 6.151876E-06 5.000000E-02 0.000000E+00
  2659 5.860491E-15 6.320343E-06 5.000000E-02 0.000000E+00
  2660 1.642070E-15 6.184865E-06 5.307246E-02 0.000000E+00
  2661 2.668364E-15 5.866501E-06 4.935240E-02 0.000000E+00
  2662 3.404464E-15 6.020895E-06 5.000000E-02 0.000000E+00
  2663 2.901934E-15 6.016277E-06 3.532158E-02 0.000000E+00
  2664 3.553100E-15 5.878450E-06 5.000000E-02 0.000000E+00
  2665 3.057648E-15 5.868699E-06 5.000000E-02 0.000000E+00
  2666 8.719958E-15 6.153776E-06 2.404163E-02 0.000000E+00
  2667 6.320554E-15 6.579710E-06 2.810615E-02 0.000000E+00
  2668 1.550057E-14 7.542242E-06 5.000000E-02 0.000000E+00
  2669 2.045510E-15 5.866496E-06 6.843611E-02 0.000000E+00
  2670 5.435818E-15 6.728351E-06 5.308219E-02 0.000000E+00
  2671 4.133487E-15 6.155543E-06 3.604818E-02 0.000000E+00
  2672 1.344799E-15 5.870606E-06 4.477439E-02 0.000000E+00
  2673 7.134511E-15 6.038016E-06 5.231832E-02 0.000000E+00
  2674 2.165834E-15 6.565559E-06 4.913984E-02 0.000000E+00
  2675 4.091019E-15 6.567747E-06 6.253013E-02 0.000000E+00
  2676 5.315494E-15 6.266628E-06 2.083333E-02 0.000000E+00
  2677 2.243690E-15 6.278048E-06 4.516827E-02 0.000000E+00
  2678 4.083941E-15 6.134235E-06 5.339510E-02 0.000000E+00
  2679 6.653215E-15 6.597556E-06 4.237644E-02 0.000000E+00
  2680 7.077888E-15 6.556160E-06 7.765154E-02 0.000000E+00
  2681 2.498494E-15 5.953121E-06 4.718305E-02 0.000000E+00
  2682 2.243690E-15 5.872364E-06 4.606637E-02 0.000000E+00
  2683 3.722969E-15 6.159222E-06 4.593677E-02 0.000000E+00
  2684 5.442896E-15 6.230654E-06 4.767575E-02 0.000000E+00
  2685 3.737125E-15 5.993936E-06 5.000000E-02 0.000000E+00
  2686 4.317512E-15 5.848870E-06 8.376350E-02 0.000000E+00
  2687 2.456027E-15 5.867414E-06 6.526052E-02 0.000000E+00
  2688 2.930246E-15 6.721545E-06 4.915709E-02 0.000000E+00
  2689 2.279080E-15 5.672359E-06 3.465735E-02 0.000000E+00
  2690 2.540962E-15 5.809233E-06 4.282033E-02 0.000000E+00
  2691 4.869587E-15 6.227744E-06 3.136885E-02 0.000000E+00
  2692 4.968677E-15 5.967966E-06 5.000000E-02 0.000000E+00
  2693 2.647130E-15 6.249485E-06 5.656815E-02 0.000000E+00
  2694 3.560178E-15 5.934027E-06 5.898275E-02 0.000000E+00
  2695 1.819017E-15 5.875551E-06 4.902119E-02 0.000000E+00
  2696 2.597585E-15 5.819519E-06 4.390867E-02 0.000000E+00
  2697 5.081924E-15 5.801656E-06 4.870010E-02 0.000000E+00
  2698 3.192127E-15 6.050172E-06 5.329434E-02 0.000000E+00
  2699 1.592525E-15 5.901673E-06 4.120922E-02 0.000000E+00
  2700 7.806910E-15 6.244053E-06 5.000000E-02 0.000000E+00
  2701 3.574333E-15 5.812339E-06 2.223874E-02 0.000000E+00
  2702 6.660293E-15 5.901568E-06 5.000000E-02 0.000000E+00
  2703 5.655233E-15 5.811017E-06 6.774397E-02 0.000000E+00
  2704 3.361997E-15 5.678708E-06 3.473236E-02 0.000000E+00
  2705 3.093037E-15 5.913993E-06 5.000000E-02 0.000000E+00
  2706 1.592525E-15 6.581226E-06 1.461353E-02 0.000000E+00
  2707 6.794772E-16 5.924289E-06 4.175757E-02 0.000000E+00
  2708 3.482321E-15 6.857297E-06 3.221645E-02 0.000000E+00
  2709 1.889796E-15 6.527239E-06 5.033053E-02 0.000000E+00
  2710 3.461087E-15 6.477613E-06 4.980765E-02 0.000000E+00
  2711 3.722969E-15 6.372479E-06 5.381749E-02 0.000000E+00
  2712 6.639059E-15 6.389774E-06 2.784371E-02 0.000000E+00
  2713 3.213361E-15 5.852029E-06 6.005445E-02 0.000000E+00
  2714 8.840282E-15 5.809931E-06 2.815297E-02 0.000000E+00
  2715 1.864316E-14 8.458428E-06 2.127459E-02 0.000000E+00
  2716 3.333685E-15 6.648248E-06 5.000000E-02 0.000000E+00
  2717 4.296278E-15 6.686324E-06 4.974084E-02 0.000000E+00
  2718 4.869587E-15 5.994384E-06 3.296743E-02 0.000000E+00
  2719 1.847329E-15 6.768474E-06 6.058589E-02 0.000000E+00
  2720 7.750287E-15 6.709050E-06 4.647937E-02 0.000000E+00
  2721 2.880700E-15 6.422070E-06 4.731684E-02 0.000000E+00
  2722 4.282122E-15 6.130498E-06 5.767358E-02 0.000000E+00
  2723 2.321547E-15 6.183986E-06 3.975458E-02 0.000000E+00
  2724 3.984851E-15 6.502741E-06 3.199182E-02 0.000000E+00
  2725 2.102133E-15 6.200597E-06 5.368439E-02 0.000000E+00
  2726 4.876665E-15 6.049956E-06 2.604940E-02 0.000000E+00
  2727 3.277062E-15 6.506535E-06 3.588379E-02 0.000000E+00
  2728 3.949462E-15 6.339444E-06 4.695072E-02 0.000000E+00
  2729 4.098097E-15 6.420080E-06 3.417988E-02 0.000000E+00
  2730 5.230559E-15 6.094256E-06 7.216967E-02 0.000000E+00
  2731 1.397175E-14 6.712163E-06 5.115097E-02 0.000000E+00
  2732 4.671406E-15 5.906261E-06 3.011581E-02 0.000000E+00
  2733 9.385279E-15 6.320791E-06 2.989240E-02 0.000000E+00
  2734 2.689597E-15 5.890605E-06 5.000000E-02 0.000000E+00
  2735 1.974731E-15 5.809950E-06 3.635089E-02 0.000000E+00
  2736 3.630957E-15 6.024204E-06 2.651011E-02 0.000000E+00
  2737 4.784652E-15 6.370456E-06 7.045700E-02 0.000000E+00
  2738 2.590507E-15 5.850337E-06 3.964597E-02 0.000000E+00
  2739 3.553100E-15 6.371407E-06 3.616101E-02 0.000000E+00
  2740 3.446931E-15 5.859857E-06 3.849717E-02 0.000000E+00
  2741 4.466147E-15 5.946418E-06 2.805959E-02 0.000000E+00
  2742 8.903983E-15 6.391984E-06 3.504438E-02 0.000000E+00
  2743 5.449974E-15 6.644532E-06 2.579493E-02 0.000000E+00
  2744 1.468662E-14 8.241382E-06 5.559456E-02 0.000000E+00
  2745 2.632974E-15 6.291829E-06 5.000000E-02 0.000000E+00
  2746 6.143607E-15 6.010778E-06 5.000000E-02 0.000000E+00
  2747 6.023283E-15 6.388490E-06 3.519162E-02 0.000000E+00
  2748 4.551082E-15 6.686532E-06 1.934955E-02 0.000000E+00
  2749 2.632974E-15 5.853622E-06 6.863395E-02 0.000000E+00
  2750 6.391333E-15 6.018656E-06 6.250000E-02 0.000000E+00
  2751 2.364015E-15 6.309145E-06 4.223993E-02 0.000000E+00
  2752 2.604663E-15 6.306563E-06 3.125000E-02 0.000000E+00
  2753 2.533884E-15 6.471439E-06 2.384923E-02 0.000000E+00
  2754 2.456027E-15 5.572580E-06 5.000000E-02 0.000000E+00
  2755 4.841275E-15 6.125046E-06 4.365801E-02 0.000000E+00
  2756 3.135504E-15 6.057830E-06 4.745655E-02 0.000000E+00
  2757 3.595567E-15 5.893788E-06 4.469488E-02 0.000000E+00
  2758 4.961599E-15 6.388953E-06 2.806948E-02 0.000000E+00
  2759 3.814982E-15 6.039686E-06 6.224091E-02 0.000000E+00
  2760 5.046534E-15 6.428518E-06 4.060478E-02 0.000000E+00
  2761 3.022258E-15 5.701999E-06 3.975588E-02 0.000000E+00
  2762 4.756341E-15 6.068110E-06 2.399059E-02 0.000000E+00
  2763 5.641077E-15 6.074403E-06 5.119291E-02 0.000000E+00
  2764 1.627914E-15 5.752070E-06 5.954881E-02 0.000000E+00
  2765 2.661286E-15 5.795671E-06 2.536632E-02 0.000000E+00
  2766 2.675442E-15 6.175885E-06 4.084110E-02 0.000000E+00
  2767 2.427716E-15 5.861146E-06 4.392594E-02 0.000000E+00
  2768 4.013162E-15 5.809033E-06 3.151863E-02 0.000000E+00
  2769 2.264924E-15 5.935287E-06 5.000000E-02 0.000000E+00
  2770 4.940366E-15 7.957803E-06 4.829473E-02 0.000000E+00
  2771 2.080899E-15 5.573593E-06 6.220508E-02 0.000000E+00
  2772 1.261987E-14 6.367711E-06 5.000000E-02 0.000000E+00
  2773 2.165834E-15 6.129681E-06 4.288387E-02 0.000000E+00
  2774 6.667370E-15 5.969362E-06 4.696546E-02 0.000000E+00
  2775 5.499519E-15 6.092385E-06 5.000000E-02 0.000000E+00
  2776 2.640052E-15 6.121566E-06 6.669586E-02 0.000000E+00
  2777 4.154720E-15 5.704370E-06 6.325854E-02 0.000000E+00
  2778 3.446931E-15 5.785226E-06 6.250000E-02 0.000000E+00
  2779 7.580418E-15 6.381823E-06 3.704705E-02 0.000000E+00
  2780 2.717909E-15 5.841832E-06 4.958570E-02 0.000000E+00
  2781 2.024276E-15 5.945452E-06 4.552507E-02 0.000000E+00
  2782 1.394344E-15 5.786918E-06 6.676772E-02 0.000000E+00
  2783 6.490423E-15 6.046365E-06 8.397726E-02 0.000000E+00
  2784 3.241673E-15 5.691356E-06 4.661619E-02 0.000000E+00
  2785 1.960575E-15 6.046045E-06 6.459652E-02 0.000000E+00
  2786 8.974762E-15 6.324716E-06 3.604208E-02 0.000000E+00
  2787 2.540962E-15 5.740499E-06 5.003415E-02 0.000000E+00
  2788 3.461087E-15 6.458151E-06 8.646577E-02 0.000000E+00
  2789 2.866545E-15 5.940014E-06 3.625017E-02 0.000000E+00
  2790 1.918108E-15 6.068719E-06 4.395890E-02 0.000000E+00
  2791 3.836215E-15 5.834398E-06 7.888777E-02 0.000000E+00
  2792 4.147642E-15 5.882106E-06 3.803102E-02 0.000000E+00
  2793 2.045510E-15 5.904963E-06 5.021720E-02 0.000000E+00
  2794 3.057648E-15 5.884823E-06 3.435091E-02 0.000000E+00
  2795 6.929252E-15 6.474480E-06 1.976424E-02 0.000000E+00
  2796 4.204265E-15 5.900271E-06 5.365790E-02 0.000000E+00
  2797 4.091019E-15 6.477492E-06 5.000000E-02 0.000000E+00
  2798 4.409524E-15 5.911015E-06 5.157374E-02 0.000000E+00
  2799 2.654208E-15 5.701785E-06 2.015942E-02 0.000000E+00
  2800 1.995964E-15 5.917911E-06 5.000000E-02 0.000000E+00
  2801 1.055313E-14 5.820551E-06 3.976806E-02 0.000000E+00
  2802 2.654208E-15 6.016230E-06 4.770696E-02 0.000000E+00
  2803 2.590507E-15 5.949794E-06 5.000000E-02 0.000000E+00
  2804 2.979791E-15 6.390619E-06 3.557043E-02 0.000000E+00
  2805 2.937324E-15 6.055532E-06 5.000000E-02 0.000000E+00
  2806 3.843293E-15 6.072736E-06 6.276601E-02 0.000000E+00
  2807 3.765436E-15 5.754318E-06 5.652675E-02 0.000000E+00
  2808 5.329650E-15 6.037212E-06 6.679008E-02 0.000000E+00
  2809 3.899916E-15 5.899688E-06 4.853301E-02 0.000000E+00
  2810 2.519728E-15 6.272880E-06 6.538667E-02 0.000000E+00
  2811 3.461087E-15 5.738847E-06 3.277778E-02 0.000000E+00
  2812 9.194177E-15 7.990079E-06 4.167533E-02 0.000000E+00
  2813 5.152702E-15 6.043893E-06 5.000000E-02 0.000000E+00
  2814 1.882718E-15 5.631546E-06 3.367525E-02 0.000000E+00
  2815 3.213361E-15 6.383586E-06 5.000000E-02 0.000000E+00
  2816 3.715891E-15 5.783442E-06 2.050170E-02 0.000000E+00
  2817 3.255828E-15 5.836772E-06 4.805572E-02 0.000000E+00
  2818 2.172912E-15 5.699174E-06 4.535960E-02 0.000000E+00
  2819 2.781610E-15 5.947239E-06 8.529029E-02 0.000000E+00
  2820 3.234595E-15 5.702582E-06 5.000000E-02 0.000000E+00
  2821 2.632974E-15 5.879019E-06 3.612831E-02 0.000000E+00
  2822 7.700742E-15 5.786266E-06 4.864548E-02 0.000000E+00
  2823 4.225499E-15 5.620816E-06 3.738316E-02 0.000000E+00
  2824 3.234595E-15 5.922313E-06 5.000000E-02 0.000000E+00
  2825 3.638034E-15 6.306976E-06 3.101958E-02 0.000000E+00
  2826 2.569273E-15 5.866564E-06 4.284933E-02 0.000000E+00
  2827 4.791730E-15 6.361476E-06 3.549176E-02 0.000000E+00
  2828 2.724987E-15 5.984388E-06 4.737861E-02 0.000000E+00
  2829 1.048235E-14 7.197836E-06 5.382774E-02 0.000000E+00
  2830 7.622885E-15 6.059055E-06 7.536972E-02 0.000000E+00
  2831 3.666346E-15 5.873318E-06 4.672030E-02 0.000000E+00
  2832 2.838233E-15 5.840310E-06 4.889851E-02 0.000000E+00
  2833 5.648155E-15 5.705887E-06 3.125000E-02 0.000000E+00
  2834 1.840251E-15 6.002824E-06 5.000000E-02 0.000000E+00
  2835 5.789712E-15 5.946902E-06 4.466400E-02 0.000000E+00
  2836 1.925186E-15 5.950785E-06 4.530863E-02 0.000000E+00
  2837 4.034396E-15 5.881918E-06 7.763473E-02 0.000000E+00
  2838 5.329650E-15 5.868738E-06 5.120836E-02 0.000000E+00
  2839 2.491417E-15 5.914834E-06 2.288319E-02 0.000000E+00
  2840 1.734083E-15 5.694653E-06 6.714138E-02 0.000000E+00
  2841 7.431782E-15 5.817679E-06 5.000000E-02 0.000000E+00
  2842 4.034396E-15 5.907394E-06 4.937578E-02 0.000000E+00
  2843 3.850371E-15 5.692644E-06 5.000000E-02 0.000000E+00
  2844 3.694658E-15 6.359996E-06 7.208925E-02 0.000000E+00
  2845 1.302331E-15 5.912299E-06 4.691928E-02 0.000000E+00
  2846 4.536926E-15 5.964920E-06 5.623198E-02 0.000000E+00
  2847 4.876665E-15 6.297991E-06 5.532834E-02 0.000000E+00
  2848 3.779592E-15 5.706846E-06 4.324458E-02 0.000000E+00
  2849 2.923168E-15 7.185390E-06 5.226883E-02 0.000000E+00
  2850 2.774532E-15 6.018448E-06 4.270143E-02 0.000000E+00
  2851 2.604663E-15 6.064120E-06 5.000000E-02 0.000000E+00
  2852 2.746221E-15 5.785216E-06 3.794711E-02 0.000000E+00
  2853 3.015180E-15 5.709051E-06 5.000000E-02 0.000000E+00
  2854 3.744203E-15 5.829696E-06 5.185887E-02 0.000000E+00
  2855 3.963617E-15 5.910871E-06 3.505493E-02 0.000000E+00
  2856 2.448949E-15 5.967908E-06 5.282735E-02 0.000000E+00
  2857 6.681526E-15 6.373161E-06 3.889784E-02 0.000000E+00
  2858 2.555118E-15 6.867444E-06 3.736427E-02 0.000000E+00
  2859 1.613758E-15 6.043545E-06 6.428955E-02 0.000000E+00
  2860 7.849378E-15 6.022685E-06 4.861760E-02 0.000000E+00
  2861 4.402446E-15 5.823111E-06 3.143588E-02 0.000000E+00
  2862 6.412567E-15 5.904382E-06 4.633948E-02 0.000000E+00
  2863 4.218421E-15 5.878073E-06 6.741299E-02 0.000000E+00
  2864 3.538944E-15 5.709019E-06 4.752220E-02 0.000000E+00
  2865 2.576351E-15 5.749989E-06 4.433181E-02 0.000000E+00
  2866 2.073821E-15 5.851357E-06 8.962449E-02 0.000000E+00
  2867 8.160805E-15 5.922582E-06 5.732512E-02 0.000000E+00
  2868 4.225499E-15 6.063527E-06 3.528727E-02 0.000000E+00
  2869 3.135504E-15 6.025634E-06 6.663453E-02 0.000000E+00
  2870 4.834198E-15 5.835561E-06 6.449412E-02 0.000000E+00
  2871 4.076863E-15 5.844405E-06 6.397876E-02 0.000000E+00
  2872 3.397386E-15 6.388418E-06 6.447793E-02 0.000000E+00
  2873 6.915097E-15 6.064168E-06 5.000000E-02 0.000000E+00
  2874 3.291218E-15 6.044619E-06 5.787996E-02 0.000000E+00
  2875 6.794772E-15 5.923534E-06 6.691864E-02 0.000000E+00
  2876 1.882718E-15 6.282263E-06 2.579590E-02 0.000000E+00
  2877 3.687580E-15 5.844170E-06 5.544339E-02 0.000000E+00
  2878 6.808928E-15 6.051362E-06 5.894443E-02 0.000000E+00
  2879 6.561202E-15 5.927798E-06 5.186536E-02 0.000000E+00
  2880 3.319529E-15 6.055248E-06 3.735584E-02 0.000000E+00
  2881 6.122373E-15 5.692493E-06 5.000000E-02 0.000000E+00
  2882 2.930246E-15 5.695427E-06 5.000000E-02 0.000000E+00
  2883 5.534908E-15 6.205863E-06 6.999135E-02 0.000000E+00
  2884 1.967653E-15 6.295263E-06 4.025904E-02 0.000000E+00
  2885 3.871605E-15 6.211254E-06 7.114278E-02 0.000000E+00
  2886 1.182007E-15 5.898872E-06 5.547463E-02 0.000000E+00
  2887 2.654208E-15 6.008219E-06 5.900422E-02 0.000000E+00
  2888 4.161798E-15 6.038188E-06 4.762015E-02 0.000000E+00
  2889 2.066743E-15 6.165426E-06 7.595220E-02 0.000000E+00
  2890 2.456027E-15 6.061975E-06 3.505565E-02 0.000000E+00
  2891 2.406482E-15 6.389949E-06 5.285749E-02 0.000000E+00
  2892 3.029336E-15 5.846103E-06 5.000000E-02 0.000000E+00
  2893 1.762394E-15 5.778560E-06 5.000000E-02 0.000000E+00
  2894 2.555118E-15 5.969486E-06 4.556322E-02 0.000000E+00
  2895 2.130444E-15 6.135408E-06 5.954107E-02 0.000000E+00
  2896 3.404464E-15 6.294732E-06 6.306086E-02 0.000000E+00
  2897 2.378170E-15 5.638477E-06 5.000000E-02 0.000000E+00
  2898 9.102164E-15 5.815852E-06 4.948478E-02 0.000000E+00
  2899 2.788688E-15 6.357056E-06 3.718489E-02 0.000000E+00
  2900 4.133487E-15 5.846472E-06 3.976533E-02 0.000000E+00
  2901 2.229535E-15 6.005666E-06 4.674844E-02 0.000000E+00
  2902 4.820042E-15 5.786283E-06 5.000000E-02 0.000000E+00
  2903 1.918108E-15 6.056716E-06 5.027891E-02 0.000000E+00
  2904 2.505572E-15 6.006195E-06 3.527739E-02 0.000000E+00
  2905 2.179990E-15 5.751239E-06 4.313771E-02 0.000000E+00
  2906 3.786670E-15 6.139198E-06 3.172230E-02 0.000000E+00
  2907 4.827120E-15 5.840961E-06 5.632401E-02 0.000000E+00
  2908 2.371092E-15 5.793617E-06 4.238338E-02 0.000000E+00
  2909 5.577376E-15 6.274283E-06 2.850798E-02 0.000000E+00
  2910 2.003042E-15 5.746621E-06 7.632979E-02 0.000000E+00
  2911 1.967653E-15 5.935652E-06 5.000000E-02 0.000000E+00
  2912 3.680502E-15 6.083623E-06 5.297720E-02 0.000000E+00
  2913 3.192127E-15 6.332940E-06 5.944655E-02 0.000000E+00
  2914 3.454009E-15 5.832510E-06 5.511404E-02 0.000000E+00
  2915 9.824109E-15 6.331121E-06 5.672145E-02 0.000000E+00
  2916 1.939341E-15 5.916148E-06 5.000000E-02 0.000000E+00
  2917 1.191916E-14 6.389642E-06 3.661076E-02 0.000000E+00
  2918 2.102133E-15 6.083497E-06 3.671519E-02 0.000000E+00
  2919 4.154720E-15 5.629182E-06 5.557797E-02 0.000000E+00
  2920 2.972713E-15 6.424927E-06 4.116207E-02 0.000000E+00
  2921 3.510632E-15 5.573421E-06 3.148377E-02 0.000000E+00
  2922 2.958557E-15 6.367608E-06 5.487808E-02 0.000000E+00
  2923 2.739143E-15 5.695656E-06 5.000000E-02 0.000000E+00
  2924 2.116289E-15 5.913745E-06 5.000000E-02 0.000000E+00
  2925 3.177972E-15 6.213932E-06 5.631001E-02 0.000000E+00
  2926 1.252786E-15 5.635095E-06 4.076267E-02 0.000000E+00
  2927 5.704778E-15 6.039198E-06 5.415455E-02 0.000000E+00
  2928 3.807904E-15 5.705148E-06 5.000000E-02 0.000000E+00
  2929 2.717909E-15 5.852344E-06 4.656226E-02 0.000000E+00
  2930 2.675442E-15 5.707648E-06 5.000000E-02 0.000000E+00
  2931 2.427716E-15 5.998607E-06 4.948897E-02 0.000000E+00
  2932 4.770497E-15 6.171828E-06 6.434911E-02 0.000000E+00
  2933 8.146649E-15 6.135431E-06 5.238324E-02 0.000000E+00
  2934 9.838264E-15 6.328564E-06 4.298402E-02 0.000000E+00
  2935 2.102133E-15 5.816052E-06 2.802629E-02 0.000000E+00
  2936 1.691615E-15 6.052794E-06 5.623051E-02 0.000000E+00
  2937 2.710831E-15 5.696586E-06 4.099470E-02 0.000000E+00
  2938 1.847329E-15 5.863873E-06 5.000000E-02 0.000000E+00
  2939 4.529848E-15 5.748119E-06 2.783745E-02 0.000000E+00
  2940 1.741160E-15 5.631633E-06 6.541890E-02 0.000000E+00
  2941 1.458045E-15 5.821710E-06 4.214626E-02 0.000000E+00
  2942 3.149660E-15 5.913444E-06 6.847747E-02 0.000000E+00
  2943 5.633999E-15 6.370280E-06 3.899613E-02 0.000000E+00
  2944 3.730047E-15 5.867914E-06 6.810877E-02 0.000000E+00
  2945 2.342781E-15 6.042635E-06 4.518620E-02 0.000000E+00
  2946 2.788688E-15 5.911854E-06 4.045966E-02 0.000000E+00
  2947 5.216403E-15 7.288742E-06 3.400847E-02 0.000000E+00
  2948 3.730047E-15 6.081442E-06 3.933335E-02 0.000000E+00
  2949 3.369075E-15 5.901900E-06 4.075708E-02 0.000000E+00
  2950 1.203241E-15 6.033278E-06 4.050293E-02 0.000000E+00
  2951 2.831155E-15 6.074212E-06 8.330576E-02 0.000000E+00
  2952 1.422655E-15 5.959181E-06 7.275579E-02 0.000000E+00
  2953 3.050570E-15 6.382583E-06 4.426063E-02 0.000000E+00
  2954 3.135504E-15 5.848900E-06 5.576592E-02 0.000000E+00
  2955 1.988887E-15 5.812911E-06 1.863029E-02 0.000000E+00
  2956 5.733089E-15 7.751098E-06 4.223415E-02 0.000000E+00
  2957 3.142582E-15 6.343599E-06 7.840508E-02 0.000000E+00
  2958 3.354919E-15 6.602681E-06 3.492565E-02 0.000000E+00
  2959 4.876665E-15 7.614998E-06 2.543878E-02 0.000000E+00
  2960 3.722969E-15 6.234691E-06 6.913362E-02 0.000000E+00
  2961 8.925217E-15 5.816770E-06 6.585089E-02 0.000000E+00
  2962 2.901934E-15 5.738915E-06 5.005856E-02 0.000000E+00
  2963 5.704778E-15 6.466369E-06 3.180853E-02 0.000000E+00
  2964 5.258871E-15 6.146532E-06 4.104420E-02 0.000000E+00
  2965 2.066743E-15 6.321568E-06 6.377273E-02 0.000000E+00
  2966 6.440878E-16 6.219556E-06 4.926060E-02 0.000000E+00
  2967 6.716916E-15 6.611733E-06 4.073284E-02 0.000000E+00
  2968 4.296278E-15 6.153299E-06 7.041722E-02 0.000000E+00
  2969 2.937324E-15 6.240202E-06 5.000000E-02 0.000000E+00
  2970 3.616801E-15 6.232154E-06 3.125000E-02 0.000000E+00
  2971 7.169901E-15 6.117025E-06 5.000000E-02 0.000000E+00
  2972 1.132462E-15 6.110921E-06 3.746102E-02 0.000000E+00
  2973 3.432776E-15 6.041235E-06 6.361002E-02 0.000000E+00
  2974 3.284140E-15 6.202506E-06 5.392140E-02 0.000000E+00
  2975 4.940366E-15 6.619579E-06 5.000000E-02 0.000000E+00
  2976 3.524788E-15 6.191575E-06 2.650585E-02 0.000000E+00
  2977 2.179990E-15 5.731339E-06 4.655935E-02 0.000000E+00
  2978 3.050570E-15 6.303453E-06 4.005200E-02 0.000000E+00
  2979 5.591532E-15 6.194436E-06 5.398512E-02 0.000000E+00
  2980 2.746221E-15 6.215544E-06 4.165983E-02 0.000000E+00
  2981 2.194145E-15 5.988648E-06 1.706687E-02 0.000000E+00
  2982 2.944401E-15 6.173068E-06 7.682594E-02 0.000000E+00
  2983 4.239655E-15 6.115771E-06 4.182183E-02 0.000000E+00
  2984 2.498494E-15 6.469621E-06 5.279210E-02 0.000000E+00
  2985 2.413560E-15 6.178680E-06 5.858881E-02 0.000000E+00
  2986 8.075870E-15 6.407623E-06 3.736440E-02 0.000000E+00
  2987 3.928228E-15 6.413290E-06 4.985965E-02 0.000000E+00
  2988 4.239655E-15 6.391113E-06 5.670749E-02 0.000000E+00
  2989 2.555118E-15 6.121155E-06 5.171287E-02 0.000000E+00
  2990 4.940366E-15 6.125738E-06 7.715503E-02 0.000000E+00
  2991 4.883743E-15 6.078127E-06 3.272185E-02 0.000000E+00
  2992 7.644119E-15 7.460413E-06 2.169046E-02 0.000000E+00
  2993 3.800826E-15 6.417869E-06 5.369395E-02 0.000000E+00
  2994 3.135504E-15 5.803371E-06 4.893830E-02 0.000000E+00
  2995 5.280104E-15 6.152287E-06 3.913821E-02 0.000000E+00
  2996 5.917114E-15 6.038982E-06 4.581748E-02 0.000000E+00
  2997 7.070810E-15 5.623426E-06 2.726199E-02 0.000000E+00
  2998 2.371092E-15 6.190242E-06 5.788432E-02 0.000000E+00
  2999 2.732065E-15 6.501373E-06 5.445718E-02 0.000000E+00
  3000 5.244715E-15 6.005171E-06 3.856445E-02 0.000000E+00
  3001 1.918108E-15 6.127421E-06 5.713617E-02 0.000000E+00
  3002 2.802844E-15 6.121755E-06 6.106062E-02 0.000000E+00
  3003 2.618819E-15 5.802337E-06 3.967647E-02 0.000000E+00
  3004 3.383230E-15 5.853494E-06 4.912134E-02 0.000000E+00
  3005 4.720951E-15 6.231254E-06 3.743093E-02 0.000000E+00
  3006 3.694658E-15 5.955080E-06 3.182395E-02 0.000000E+00
  3007 9.604694E-15 6.034126E-06 2.554725E-02 0.000000E+00
  3008 2.526806E-15 6.074625E-06 6.285132E-02 0.000000E+00
  3009 2.130444E-15 5.807700E-06 5.233941E-02 0.000000E+00
  3010 5.195170E-15 5.549976E-06 5.430867E-02 0.000000E+00
  3011 3.135504E-15 6.107516E-06 6.121214E-02 0.000000E+00
  3012 2.427716E-15 5.869871E-06 3.452946E-02 0.000000E+00
  3013 1.408500E-15 5.937791E-06 3.591152E-02 0.000000E+00
  3014 3.531866E-15 6.070802E-06 4.002107E-02 0.000000E+00
  3015 4.006085E-15 5.719509E-06 4.889831E-02 0.000000E+00
  3016 3.085959E-15 5.912586E-06 5.000000E-02 0.000000E+00
  3017 1.988887E-15 5.796011E-06 3.199130E-02 0.000000E+00
  3018 6.377177E-15 6.028445E-06 5.000000E-02 0.000000E+00
  3019 5.350883E-15 5.998010E-06 3.688529E-02 0.000000E+00
  3020 3.383230E-15 6.079857E-06 5.348465E-02 0.000000E+00
  3021 5.471207E-15 6.037741E-06 3.452252E-02 0.000000E+00
  3022 5.789712E-15 6.031445E-06 3.250318E-02 0.000000E+00
  3023 2.533884E-15 6.180487E-06 4.794750E-02 0.000000E+00
  3024 4.798808E-15 6.073003E-06 5.214558E-02 0.000000E+00
  3025 2.548040E-15 5.746438E-06 5.242824E-02 0.000000E+00
  3026 1.387266E-15 5.854751E-06 4.705469E-02 0.000000E+00
  3027 2.356937E-15 5.610926E-06 6.109766E-02 0.000000E+00
  3028 1.896874E-15 5.203494E-06 7.591051E-02 0.000000E+00
  3029 1.599603E-15 5.982468E-06 4.132080E-02 0.000000E+00
  3030 1.224475E-15 5.697536E-06 6.049877E-02 0.000000E+00
  3031 3.482321E-15 6.352817E-06 5.828458E-02 0.000000E+00
  3032 3.135504E-15 5.656410E-06 5.000000E-02 0.000000E+00
  3033 1.302331E-15 6.012726E-06 2.890529E-02 0.000000E+00
  3034 1.840251E-15 6.078354E-06 4.347018E-02 0.000000E+00
  3035 5.060690E-15 5.913611E-06 5.000000E-02 0.000000E+00
  3036 2.958557E-15 5.913211E-06 4.676340E-02 0.000000E+00
  3037 3.567256E-15 5.420439E-06 5.000000E-02 0.000000E+00
  3038 2.243690E-15 5.870585E-06 5.312936E-02 0.000000E+00
  3039 1.500512E-15 5.717141E-06 4.254320E-02 0.000000E+00
  3040 3.008102E-15 5.715292E-06 6.258653E-02 0.000000E+00
  3041 2.130444E-15 5.908526E-06 5.551714E-02 0.000000E+00
  3042 2.321547E-15 5.509040E-06 4.150860E-02 0.000000E+00
  3043 7.382237E-15 5.872021E-06 5.000000E-02 0.000000E+00
  3044 1.847329E-15 6.042155E-06 6.390098E-02 0.000000E+00
  3045 3.744203E-15 5.937385E-06 5.019232E-02 0.000000E+00
  3046 4.508615E-15 6.847486E-06 3.525890E-02 0.000000E+00
  3047 5.343805E-15 5.426180E-06 4.625777E-02 0.000000E+00
  3048 3.829137E-15 5.993896E-06 5.000000E-02 0.000000E+00
  3049 4.940366E-15 5.991064E-06 5.442806E-02 0.000000E+00
  3050 1.104151E-15 5.804997E-06 6.979155E-02 0.000000E+00
  3051 2.335703E-15 5.743828E-06 2.744687E-02 0.000000E+00
  3052 1.514668E-15 6.030548E-06 4.481981E-02 0.000000E+00
  3053 4.246733E-15 6.071405E-06 3.680369E-02 0.000000E+00
  3054 7.028343E-15 6.183829E-06 5.000000E-02 0.000000E+00
  3055 2.647130E-15 5.651754E-06 4.568322E-02 0.000000E+00
  3056 2.739143E-15 6.075780E-06 4.672009E-02 0.000000E+00
  3057 2.144600E-15 5.861960E-06 5.423991E-02 0.000000E+00
  3058 2.654208E-15 5.411628E-06 8.007763E-02 0.000000E+00
  3059 9.059697E-15 8.200096E-06 3.826804E-02 0.000000E+00
  3060 2.109211E-15 5.796936E-06 4.871084E-02 0.000000E+00
  3061 1.974731E-15 5.847240E-06 5.000000E-02 0.000000E+00
  3062 3.850371E-15 6.190048E-06 5.703508E-02 0.000000E+00
  3063 2.420638E-15 5.614321E-06 6.250000E-02 0.000000E+00
  3064 4.133487E-15 5.902313E-06 4.853347E-02 0.000000E+00
  3065 2.187067E-15 5.664087E-06 7.219298E-02 0.000000E+00
  3066 1.550057E-15 5.546623E-06 3.950395E-02 0.000000E+00
  3067 3.807904E-15 5.398294E-06 5.846887E-02 0.000000E+00
  3068 4.020240E-15 6.030558E-06 5.077639E-02 0.000000E+00
  3069 3.892838E-15 6.030562E-06 4.756578E-02 0.000000E+00
  3070 4.331667E-15 5.508061E-06 3.853363E-02 0.000000E+00
  3071 6.398411E-15 5.985122E-06 5.000000E-02 0.000000E+00
  3072 2.993947E-15 6.127729E-06 4.796903E-02 0.000000E+00
  3073 2.866545E-15 7.023063E-06 6.601713E-02 0.000000E+00
  3074 6.886785E-15 6.076884E-06 4.379976E-02 0.000000E+00
  3075 6.037438E-15 5.861709E-06 5.000000E-02 0.000000E+00
  3076 1.790706E-15 5.697948E-06 5.513149E-02 0.000000E+00
  3077 4.055630E-15 5.615695E-06 6.609345E-02 0.000000E+00
  3078 2.781610E-15 5.848425E-06 4.403813E-02 0.000000E+00
  3079 2.066743E-15 5.083247E-06 5.019683E-02 0.000000E+00
  3080 2.017198E-15 5.087129E-06 3.771478E-02 0.000000E+00
  3081 4.777574E-15 5.864074E-06 3.120808E-02 0.000000E+00
  3082 1.585447E-15 5.787503E-06 5.425066E-02 0.000000E+00
  3083 2.328625E-15 5.531094E-06 4.208400E-02 0.000000E+00
  3084 4.154720E-15 5.855149E-06 2.214540E-02 0.000000E+00
  3085 5.499519E-15 5.698277E-06 4.978075E-02 0.000000E+00
  3086 4.161798E-15 5.976623E-06 5.033796E-02 0.000000E+00
  3087 5.662310E-15 5.981720E-06 7.725210E-02 0.000000E+00
  3088 2.859467E-15 5.962273E-06 6.650736E-02 0.000000E+00
  3089 1.670382E-15 5.627992E-06 4.067712E-02 0.000000E+00
  3090 2.434793E-15 5.084384E-06 6.699437E-02 0.000000E+00
  3091 3.149660E-15 6.233418E-06 7.569095E-02 0.000000E+00
  3092 2.816999E-15 6.179078E-06 4.367396E-02 0.000000E+00
  3093 2.739143E-15 5.803802E-06 5.338443E-02 0.000000E+00
  3094 5.810946E-15 6.261804E-06 3.515108E-02 0.000000E+00
  3095 3.376153E-15 6.029600E-06 4.649834E-02 0.000000E+00
  3096 6.816006E-15 6.162312E-06 4.142333E-02 0.000000E+00
  3097 4.912054E-15 6.225717E-06 4.844109E-02 0.000000E+00
  3098 4.855431E-15 6.039014E-06 6.709332E-02 0.000000E+00
  3099 2.257846E-15 6.184568E-06 5.916521E-02 0.000000E+00
  3100 2.250768E-15 6.030570E-06 2.302311E-02 0.000000E+00
  3101 4.784652E-15 5.933440E-06 5.000000E-02 0.000000E+00
  3102 2.951479E-15 5.716157E-06 4.793852E-02 0.000000E+00
  3103 3.008102E-15 6.127574E-06 8.750718E-02 0.000000E+00
  3104 1.833173E-15 5.906288E-06 4.396345E-02 0.000000E+00
  3105 3.114271E-15 5.761183E-06 4.826860E-02 0.000000E+00
  3106 4.119331E-15 5.398234E-06 6.437984E-02 0.000000E+00
  3107 2.746221E-15 5.736372E-06 8.213129E-02 0.000000E+00
  3108 3.227517E-15 6.034921E-06 3.679088E-02 0.000000E+00
  3109 2.448949E-15 6.121418E-06 5.501881E-02 0.000000E+00
  3110 3.687580E-15 5.083534E-06 5.000000E-02 0.000000E+00
  3111 2.272002E-15 5.745325E-06 5.000000E-02 0.000000E+00
  3112 4.487381E-15 5.976545E-06 1.473139E-02 0.000000E+00
  3113 2.583429E-15 5.728942E-06 6.135337E-02 0.000000E+00
  3114 3.326607E-15 5.684349E-06 5.000000E-02 0.000000E+00
  3115 3.093037E-15 5.936422E-06 4.625275E-02 0.000000E+00
  3116 4.388291E-15 5.650160E-06 8.131010E-02 0.000000E+00
  3117 2.569273E-15 6.034714E-06 6.689959E-02 0.000000E+00
  3118 3.078881E-15 5.622826E-06 5.000000E-02 0.000000E+00
  3119 2.781610E-15 6.126661E-06 5.219276E-02 0.000000E+00
  3120 2.937324E-15 5.996737E-06 5.000000E-02 0.000000E+00
  3121 1.479279E-15 6.385866E-06 3.568948E-02 0.000000E+00
  3122 1.783628E-15 5.534100E-06 4.299982E-02 0.000000E+00
  3123 2.158756E-15 5.813199E-06 5.000000E-02 0.000000E+00
  3124 1.946419E-15 6.300748E-06 5.000000E-02 0.000000E+00
  3125 2.916090E-15 6.070614E-06 6.060402E-02 0.000000E+00
  3126 2.781610E-15 6.037115E-06 6.190250E-02 0.000000E+00
  3127 2.441871E-15 5.615591E-06 5.000000E-02 0.000000E+00
  3128 2.562195E-15 5.998838E-06 6.073623E-02 0.000000E+00
  3129 3.135504E-15 5.797448E-06 5.000000E-02 0.000000E+00
  3130 1.366032E-15 6.352438E-06 4.950343E-02 0.000000E+00
  3131 4.183032E-15 5.848793E-06 8.186481E-02 0.000000E+00
  3132 4.381213E-15 5.919261E-06 5.000000E-02 0.000000E+00
  3133 7.155745E-15 6.073493E-06 2.928716E-02 0.000000E+00
  3134 4.812964E-15 5.992829E-06 7.782524E-02 0.000000E+00
  3135 2.059665E-15 5.418596E-06 5.000000E-02 0.000000E+00
  3136 1.981809E-15 6.194081E-06 5.922899E-02 0.000000E+00
  3137 7.092044E-15 5.941696E-06 5.000000E-02 0.000000E+00
  3138 3.284140E-15 5.993547E-06 3.213144E-02 0.000000E+00
  3139 2.909012E-15 5.419002E-06 4.722198E-02 0.000000E+00
  3140 8.698724E-15 6.260901E-06 2.242422E-02 0.000000E+00
  3141 4.876665E-15 6.038731E-06 6.528160E-02 0.000000E+00
  3142 7.806910E-15 8.013892E-06 3.680888E-02 0.000000E+00
  3143 1.585447E-15 5.791465E-06 6.370465E-02 0.000000E+00
  3144 2.894856E-15 5.722200E-06 4.638233E-02 0.000000E+00
  3145 2.689597E-15 6.077218E-06 4.566255E-02 0.000000E+00
  3146 3.156738E-15 5.735325E-06 4.208741E-02 0.000000E+00
  3147 2.548040E-15 5.419671E-06 5.841851E-02 0.000000E+00
  3148 1.564213E-15 5.695468E-06 4.965146E-02 0.000000E+00
  3149 7.007109E-16 5.817728E-06 5.171759E-02 0.000000E+00
  3150 1.918108E-15 5.768297E-06 5.807319E-02 0.000000E+00
  3151 2.137522E-15 6.036524E-06 5.635075E-02 0.000000E+00
  3152 2.243690E-15 5.523261E-06 2.928778E-02 0.000000E+00
  3153 1.542980E-15 5.799124E-06 5.000000E-02 0.000000E+00
  3154 3.829137E-15 6.075193E-06 3.279035E-02 0.000000E+00
  3155 1.783628E-15 5.406074E-06 4.774141E-02 0.000000E+00
  3156 2.845311E-15 5.398366E-06 1.976424E-02 0.000000E+00
  3157 2.901934E-15 6.156080E-06 4.993167E-02 0.000000E+00
  3158 2.463105E-15 5.520446E-06 4.174436E-02 0.000000E+00
  3159 3.298296E-15 5.721309E-06 5.755928E-02 0.000000E+00
  3160 9.696707E-16 5.853742E-06 8.150768E-02 0.000000E+00
  3161 5.973737E-15 6.122429E-06 5.000000E-02 0.000000E+00
  3162 2.427716E-15 5.677478E-06 7.075352E-02 0.000000E+00
  3163 3.489399E-15 6.346742E-06 7.006612E-02 0.000000E+00
  3164 8.627945E-15 5.992282E-06 2.090970E-02 0.000000E+00
  3165 3.977773E-15 6.027345E-06 5.939366E-02 0.000000E+00
  3166 2.866545E-15 5.984272E-06 6.223803E-02 0.000000E+00
  3167 5.782634E-15 5.695155E-06 7.574224E-02 0.000000E+00
  3168 4.444914E-15 5.845959E-06 4.315970E-02 0.000000E+00
  3169 2.640052E-15 5.611562E-06 5.000000E-02 0.000000E+00
  3170 2.378170E-15 5.988200E-06 4.306173E-02 0.000000E+00
  3171 2.243690E-15 6.040733E-06 5.697316E-02 0.000000E+00
  3172 3.128426E-15 5.737449E-06 5.809412E-02 0.000000E+00
  3173 2.045510E-15 5.857315E-06 5.097695E-02 0.000000E+00
  3174 5.789712E-15 6.193007E-06 5.219788E-02 0.000000E+00
  3175 2.647130E-15 6.077834E-06 1.733438E-02 0.000000E+00
  3176 3.659268E-15 6.184677E-06 3.964207E-02 0.000000E+00
  3177 1.783628E-15 6.001630E-06 5.391509E-02 0.000000E+00
  3178 3.177972E-15 5.787403E-06 5.127875E-02 0.000000E+00
  3179 2.505572E-15 5.248252E-06 3.604377E-02 0.000000E+00
  3180 2.526806E-15 5.936085E-06 5.912137E-02 0.000000E+00
  3181 1.790706E-15 5.708593E-06 5.000000E-02 0.000000E+00
  3182 2.031354E-15 5.613755E-06 7.218936E-02 0.000000E+00
  3183 4.232577E-15 5.847361E-06 4.786000E-02 0.000000E+00
  3184 1.429733E-15 5.733010E-06 4.114085E-02 0.000000E+00
  3185 3.404464E-15 5.795125E-06 5.538218E-02 0.000000E+00
  3186 2.321547E-15 5.763370E-06 5.000000E-02 0.000000E+00
  3187 4.409524E-15 6.227097E-06 5.181612E-02 0.000000E+00
  3188 6.851396E-15 5.802905E-06 4.071577E-02 0.000000E+00
  3189 1.592525E-15 5.702969E-06 5.685804E-02 0.000000E+00
  3190 3.022258E-15 5.859218E-06 4.926150E-02 0.000000E+00
  3191 3.220439E-15 5.434026E-06 8.103125E-02 0.000000E+00
  3192 1.698693E-15 5.798356E-06 5.743008E-02 0.000000E+00
  3193 3.121349E-15 5.398164E-06 2.178722E-02 0.000000E+00
  3194 2.349859E-15 5.533059E-06 3.713835E-02 0.000000E+00
  3195 4.083941E-15 5.984953E-06 3.988699E-02 0.000000E+00
  3196 1.179884E-14 5.661445E-06 5.000000E-02 0.000000E+00
  3197 3.468165E-15 5.706072E-06 8.571895E-02 0.000000E+00
  3198 2.668364E-15 5.728076E-06 2.841581E-02 0.000000E+00
  3199 2.420638E-15 5.505285E-06 5.156836E-02 0.000000E+00
  3200 2.222457E-15 5.845640E-06 5.464187E-02 0.000000E+00
  3201 2.399404E-15 5.992786E-06 5.022261E-02 0.000000E+00
  3202 3.001025E-15 5.720742E-06 4.543868E-02 0.000000E+00
  3203 1.932971E-14 5.946890E-06 8.085630E-02 0.000000E+00
  3204 1.854407E-15 6.260770E-06 2.969498E-02 0.000000E+00
  3205 9.300345E-15 5.543339E-06 2.999688E-02 0.000000E+00
  3206 1.804861E-15 5.730374E-06 6.723337E-02 0.000000E+00
  3207 5.166858E-15 6.071082E-06 4.147080E-02 0.000000E+00
  3208 3.213361E-15 5.908509E-06 5.430369E-02 0.000000E+00
  3209 2.165834E-15 5.665457E-06 5.000000E-02 0.000000E+00
  3210 2.866545E-15 5.415449E-06 5.000000E-02 0.000000E+00
  3211 4.607705E-15 5.976547E-06 4.639580E-02 0.000000E+00
  3212 2.031354E-15 5.737894E-06 8.046483E-02 0.000000E+00
  3213 7.311458E-15 5.867000E-06 5.000000E-02 0.000000E+00
  3214 2.215379E-15 5.667534E-06 2.311405E-02 0.000000E+00
  3215 1.550057E-15 5.676991E-06 5.280464E-02 0.000000E+00
  3216 1.092118E-14 6.226966E-06 4.193211E-02 0.000000E+00
  3217 3.340763E-15 6.037971E-06 2.572295E-02 0.000000E+00
  3218 5.775557E-15 6.195964E-06 5.002376E-02 0.000000E+00
  3219 2.236613E-15 6.257059E-06 5.000000E-02 0.000000E+00
  3220 3.192127E-15 5.504972E-06 3.082208E-02 0.000000E+00
  3221 1.811939E-15 5.857431E-06 6.120834E-02 0.000000E+00
  3222 2.597585E-15 5.531454E-06 5.000000E-02 0.000000E+00
  3223 4.083941E-15 5.731544E-06 4.015437E-02 0.000000E+00
  3224 2.682520E-15 5.802167E-06 5.988366E-02 0.000000E+00
  3225 1.939341E-15 5.674844E-06 5.887296E-02 0.000000E+00
  3226 3.793748E-15 6.037726E-06 5.709503E-02 0.000000E+00
  3227 5.754323E-15 6.227752E-06 5.477398E-02 0.000000E+00
  3228 4.437836E-15 5.858119E-06 5.000000E-02 0.000000E+00
  3229 4.091019E-15 6.257720E-06 3.454836E-02 0.000000E+00
  3230 2.781610E-15 5.609488E-06 5.874866E-02 0.000000E+00
  3231 2.887778E-15 6.144297E-06 5.652837E-02 0.000000E+00
  3232 2.378170E-15 5.916380E-06 5.000000E-02 0.000000E+00
  3233 1.861485E-15 5.740018E-06 5.546406E-02 0.000000E+00
  3234 1.861485E-15 5.955742E-06 5.548181E-02 0.000000E+00
  3235 7.906001E-15 6.121329E-06 3.502499E-02 0.000000E+00
  3236 3.432776E-15 5.896572E-06 4.723241E-02 0.000000E+00
  3237 3.800826E-15 5.985403E-06 4.263117E-02 0.000000E+00
  3238 5.633999E-15 6.180360E-06 5.265756E-02 0.000000E+00
  3239 1.162897E-14 6.223341E-06 5.000000E-02 0.000000E+00
  3240 4.374135E-15 5.860050E-06 6.201394E-02 0.000000E+00
  3241 2.873623E-15 5.606351E-06 3.771420E-02 0.000000E+00
  3242 6.455034E-15 5.701932E-06 3.854220E-02 0.000000E+00
  3243 2.583429E-15 5.545925E-06 3.881674E-02 0.000000E+00
  3244 7.191134E-15 6.316060E-06 4.077968E-02 0.000000E+00
  3245 2.434793E-15 5.623510E-06 3.208729E-02 0.000000E+00
  3246 1.995964E-15 5.937313E-06 3.748956E-02 0.000000E+00
  3247 1.458045E-15 5.739570E-06 4.891959E-02 0.000000E+00
  3248 3.269984E-15 6.040414E-06 4.171945E-02 0.000000E+00
  3249 4.154720E-15 5.868018E-06 5.000000E-02 0.000000E+00
  3250 2.569273E-15 5.805838E-06 4.053471E-02 0.000000E+00
  3251 1.394344E-15 5.958983E-06 4.164454E-02 0.000000E+00
  3252 3.333685E-15 5.398168E-06 5.000000E-02 0.000000E+00
  3253 2.187067E-15 5.855213E-06 5.000000E-02 0.000000E+00
  3254 3.772514E-15 6.467725E-06 3.918354E-02 0.000000E+00
  3255 8.344830E-15 5.696028E-06 4.676882E-02 0.000000E+00
  3256 3.630957E-15 5.742545E-06 3.554734E-02 0.000000E+00
  3257 3.687580E-15 5.731853E-06 4.608669E-02 0.000000E+00
  3258 2.314469E-15 5.750223E-06 5.000000E-02 0.000000E+00
  3259 6.355943E-15 5.995442E-06 3.689466E-02 0.000000E+00
  3260 1.925186E-15 5.796886E-06 5.000000E-02 0.000000E+00
  3261 3.376153E-15 5.510585E-06 2.878955E-02 0.000000E+00
  3262 4.352901E-15 5.608804E-06 5.000000E-02 0.000000E+00
  3263 6.568280E-15 6.032041E-06 4.194358E-02 0.000000E+00
  3264 3.149660E-15 5.531736E-06 4.207657E-02 0.000000E+00
  3265 1.656226E-15 5.791185E-06 4.728792E-02 0.000000E+00
  3266 2.484339E-15 5.999405E-06 7.385760E-02 0.000000E+00
  3267 5.754323E-15 5.984098E-06 4.568714E-02 0.000000E+00
  3268 2.427716E-15 5.504065E-06 5.589246E-02 0.000000E+00
  3269 4.600627E-15 5.846869E-06 2.814484E-02 0.000000E+00
  3270 2.498494E-15 5.987466E-06 5.523290E-02 0.000000E+00
  3271 3.461087E-15 5.742202E-06 7.007135E-02 0.000000E+00
  3272 1.741160E-15 5.717398E-06 4.262628E-02 0.000000E+00
  3273 1.875640E-15 6.042873E-06 5.000000E-02 0.000000E+00
  3274 2.165834E-15 6.077753E-06 3.691688E-02 0.000000E+00
  3275 3.652190E-15 6.193861E-06 3.941221E-02 0.000000E+00
  3276 2.187067E-15 5.797849E-06 3.421427E-02 0.000000E+00
  3277 3.022258E-15 6.148855E-06 4.715385E-02 0.000000E+00
  3278 2.087977E-15 5.797072E-06 4.655350E-02 0.000000E+00
  3279 6.723994E-16 6.149602E-06 6.384684E-02 0.000000E+00
  3280 4.451992E-15 5.687621E-06 4.502121E-02 0.000000E+00
  3281 3.439854E-15 6.041956E-06 5.000000E-02 0.000000E+00
  3282 8.649179E-15 5.976535E-06 6.200495E-02 0.000000E+00
  3283 1.748238E-15 5.866999E-06 6.595679E-02 0.000000E+00
  3284 1.783628E-15 6.029969E-06 5.094514E-02 0.000000E+00
  3285 2.272002E-15 6.184433E-06 3.896199E-02 0.000000E+00
  3286 2.958557E-15 5.795427E-06 5.681399E-02 0.000000E+00
  3287 2.696675E-15 6.030555E-06 7.763473E-02 0.000000E+00
  3288 3.446931E-15 5.388500E-06 5.000000E-02 0.000000E+00
  3289 2.392326E-15 5.620697E-06 4.530073E-02 0.000000E+00
  3290 2.165834E-15 6.143537E-06 4.559949E-02 0.000000E+00
  3291 6.794772E-16 5.465352E-06 4.710916E-02 0.000000E+00
  3292 3.538944E-16 5.021121E-06 2.943623E-02 0.000000E+00
  3293 3.892838E-16 5.449005E-06 4.335480E-02 0.000000E+00
  3294 2.087977E-15 5.446065E-06 2.308348E-02 0.000000E+00
  3295 1.458045E-15 5.731351E-06 3.660158E-02 0.000000E+00
  3296 6.794772E-16 6.080518E-06 4.367521E-02 0.000000E+00
  3297 2.802844E-15 6.264558E-06 3.434531E-02 0.000000E+00
  3298 4.317512E-15 6.268855E-06 7.545918E-02 0.000000E+00
  3299 3.496477E-15 6.304063E-06 4.063318E-02 0.000000E+00
  3300 3.036414E-15 6.003121E-06 3.768448E-02 0.000000E+00
  3301 2.951479E-15 5.892956E-06 6.000157E-02 0.000000E+00
  3302 4.232577E-15 6.017130E-06 4.250532E-02 0.000000E+00
  3303 2.257846E-15 5.850461E-06 6.953862E-02 0.000000E+00
  3304 5.103157E-15 5.948252E-06 5.000000E-02 0.000000E+00
  3305 3.248751E-15 6.128363E-06 5.474854E-02 0.000000E+00
  3306 2.038432E-15 5.855162E-06 6.059719E-02 0.000000E+00
  3307 4.381213E-15 6.105567E-06 7.760261E-02 0.000000E+00
  3308 7.764443E-15 7.910456E-06 2.422949E-02 0.000000E+00
  3309 2.399404E-15 6.306684E-06 4.969639E-02 0.000000E+00
  3310 3.163816E-15 5.452403E-06 5.901141E-02 0.000000E+00
  3311 2.647130E-15 6.282872E-06 2.924452E-02 0.000000E+00
  3312 5.442896E-15 6.329347E-06 3.247875E-02 0.000000E+00
  3313 2.972713E-15 5.858961E-06 5.000000E-02 0.000000E+00
  3314 2.901934E-15 6.171205E-06 1.756100E-02 0.000000E+00
  3315 2.003042E-15 5.884897E-06 4.254043E-02 0.000000E+00
  3316 1.408500E-15 5.939693E-06 7.135480E-02 0.000000E+00
  3317 4.763419E-15 6.308695E-06 5.190218E-02 0.000000E+00
  3318 6.384255E-15 6.114532E-06 5.000000E-02 0.000000E+00
  3319 3.991929E-15 5.969630E-06 5.588284E-02 0.000000E+00
  3320 2.739143E-15 6.044774E-06 5.035228E-02 0.000000E+00
  3321 4.671406E-15 6.144948E-06 3.763118E-02 0.000000E+00
  3322 1.967653E-15 6.311369E-06 4.877890E-02 0.000000E+00
  3323 3.199205E-15 5.674129E-06 5.000000E-02 0.000000E+00
  3324 6.568280E-15 6.169177E-06 1.351792E-02 0.000000E+00
  3325 1.896874E-15 6.150964E-06 5.000000E-02 0.000000E+00
  3326 3.956539E-15 5.843575E-06 5.000000E-02 0.000000E+00
  3327 2.371092E-15 6.043332E-06 6.379751E-02 0.000000E+00
  3328 4.161798E-15 5.928855E-06 5.232769E-02 0.000000E+00
  3329 4.367057E-15 6.123688E-06 4.220708E-02 0.000000E+00
  3330 4.982833E-15 5.835835E-06 5.820252E-02 0.000000E+00
  3331 3.722969E-15 6.325950E-06 4.667033E-02 0.000000E+00
  3332 2.144600E-15 5.946351E-06 4.684899E-02 0.000000E+00
  3333 2.321547E-15 5.430852E-06 5.797913E-02 0.000000E+00
  3334 1.174929E-15 5.445316E-06 4.670728E-02 0.000000E+00
  3335 2.052588E-15 6.126769E-06 3.251980E-02 0.000000E+00
  3336 1.776550E-15 5.839134E-06 6.683936E-02 0.000000E+00
  3337 1.847329E-15 5.052952E-06 5.169436E-02 0.000000E+00
  3338 3.970695E-15 5.448541E-06 3.292816E-02 0.000000E+00
  3339 3.680502E-15 5.892520E-06 4.004049E-02 0.000000E+00
  3340 1.741160E-15 5.941932E-06 4.638282E-02 0.000000E+00
  3341 5.612765E-15 6.123449E-06 4.174583E-02 0.000000E+00
  3342 4.296278E-15 5.948092E-06 5.000000E-02 0.000000E+00
  3343 1.394344E-15 5.797093E-06 4.197729E-02 0.000000E+00
  3344 4.105175E-15 5.885117E-06 4.747657E-02 0.000000E+00
  3345 4.551082E-15 5.877446E-06 5.452506E-02 0.000000E+00
  3346 3.758359E-15 6.324454E-06 2.084534E-02 0.000000E+00
  3347 4.296278E-15 6.033389E-06 4.630732E-02 0.000000E+00
  3348 2.257846E-15 5.596564E-06 4.656251E-02 0.000000E+00
  3349 2.279080E-15 5.659894E-06 3.591198E-02 0.000000E+00
  3350 7.077888E-16 5.820344E-06 3.762056E-02 0.000000E+00
  3351 5.152702E-15 5.448110E-06 5.000000E-02 0.000000E+00
  3352 2.696675E-15 6.155601E-06 8.576851E-02 0.000000E+00
  3353 4.671406E-15 5.777759E-06 4.217323E-02 0.000000E+00
  3354 5.527831E-15 6.349373E-06 7.760247E-02 0.000000E+00
  3355 3.949462E-15 5.829186E-06 2.734313E-02 0.000000E+00
  3356 3.454009E-15 6.044648E-06 4.803692E-02 0.000000E+00
  3357 1.995964E-15 5.795596E-06 4.656178E-02 0.000000E+00
  3358 4.345823E-15 6.122672E-06 5.000000E-02 0.000000E+00
  3359 1.790706E-15 5.879595E-06 5.760733E-02 0.000000E+00
  3360 2.894856E-15 5.416319E-06 3.708493E-02 0.000000E+00
  3361 2.236613E-15 5.975148E-06 4.776861E-02 0.000000E+00
  3362 1.049651E-14 5.881780E-06 1.564944E-02 0.000000E+00
  3363 3.284140E-15 6.164415E-06 5.783357E-02 0.000000E+00
  3364 7.594574E-15 6.194772E-06 7.977678E-02 0.000000E+00
  3365 1.295254E-15 5.873569E-06 4.312467E-02 0.000000E+00
  3366 2.158756E-15 6.066113E-06 5.000000E-02 0.000000E+00
  3367 4.791730E-15 6.193700E-06 2.083333E-02 0.000000E+00
  3368 2.682520E-15 6.038704E-06 4.355020E-02 0.000000E+00
  3369 1.358954E-15 5.793779E-06 4.209436E-02 0.000000E+00
  3370 2.179990E-15 5.516653E-06 5.042154E-02 0.000000E+00
  3371 4.388291E-15 5.939750E-06 2.909552E-02 0.000000E+00
  3372 8.649179E-15 5.947591E-06 5.000000E-02 0.000000E+00
  3373 2.017198E-15 5.261658E-06 7.130538E-02 0.000000E+00
  3374 4.402446E-15 6.321598E-06 3.742456E-02 0.000000E+00
  3375 1.415578E-15 5.577181E-06 4.866132E-02 0.000000E+00
  3376 2.795766E-15 6.163748E-06 4.408963E-02 0.000000E+00
  3377 1.394344E-15 5.786194E-06 5.768608E-02 0.000000E+00
  3378 6.943408E-15 6.320863E-06 3.030015E-02 0.000000E+00
  3379 7.113277E-15 6.329751E-06 4.948121E-02 0.000000E+00
  3380 2.845311E-15 5.877263E-06 3.016916E-02 0.000000E+00
  3381 2.661286E-15 5.454115E-06 4.524778E-02 0.000000E+00
  3382 3.446931E-15 6.191005E-06 5.059189E-02 0.000000E+00
  3383 3.850371E-15 6.127544E-06 3.139669E-02 0.000000E+00
  3384 1.842374E-14 8.069589E-06 5.000000E-02 0.000000E+00
  3385 7.594574E-15 6.064598E-06 2.257199E-02 0.000000E+00
  3386 2.767454E-15 5.845855E-06 4.950577E-02 0.000000E+00
  3387 2.675442E-15 6.036412E-06 5.748598E-02 0.000000E+00
  3388 8.826126E-15 5.832040E-06 4.415820E-02 0.000000E+00
  3389 3.829137E-15 6.036330E-06 5.352522E-02 0.000000E+00
  3390 1.528824E-15 5.705590E-06 5.420813E-02 0.000000E+00
  3391 2.526806E-15 6.036197E-06 5.210870E-02 0.000000E+00
  3392 1.302331E-15 5.874668E-06 3.615634E-02 0.000000E+00
  3393 2.165834E-15 5.341771E-06 5.366729E-02 0.000000E+00
  3394 2.491417E-15 6.036090E-06 4.992772E-02 0.000000E+00
  3395 4.303356E-15 5.793081E-06 4.620711E-02 0.000000E+00
  3396 1.903952E-15 5.933985E-06 3.252788E-02 0.000000E+00
  3397 2.010120E-15 5.675539E-06 2.795085E-02 0.000000E+00
  3398 3.638034E-15 6.128162E-06 3.125000E-02 0.000000E+00
  3399 2.031354E-15 6.189833E-06 5.000000E-02 0.000000E+00
  3400 5.273027E-15 6.044196E-06 4.457866E-02 0.000000E+00
  3401 3.588489E-15 5.798906E-06 7.045700E-02 0.000000E+00
  3402 1.429733E-15 6.122609E-06 5.585923E-02 0.000000E+00
  3403 1.953497E-15 5.704940E-06 4.928681E-02 0.000000E+00
  3404 1.394344E-15 5.414778E-06 5.101796E-02 0.000000E+00
  3405 4.091019E-15 5.595829E-06 5.000000E-02 0.000000E+00
  3406 3.298296E-15 5.782085E-06 5.000000E-02 0.000000E+00
  3407 7.077888E-15 6.319323E-06 4.919174E-02 0.000000E+00
  3408 3.446931E-15 6.044573E-06 2.453938E-02 0.000000E+00
  3409 1.613758E-15 5.870297E-06 5.392392E-02 0.000000E+00
  3410 6.759383E-15 5.673603E-06 4.428464E-02 0.000000E+00
  3411 2.668364E-15 5.665081E-06 4.635049E-02 0.000000E+00
  3412 8.635023E-16 5.414609E-06 5.496763E-02 0.000000E+00
  3413 3.269984E-15 5.874810E-06 4.551689E-02 0.000000E+00
  3414 5.209326E-15 5.109510E-06 3.399581E-02 0.000000E+00
  3415 1.741160E-15 6.048555E-06 7.876488E-02 0.000000E+00
  3416 1.861485E-15 5.360513E-06 5.000000E-02 0.000000E+00
  3417 2.116289E-15 5.284982E-06 5.000000E-02 0.000000E+00
  3418 2.003042E-15 5.429386E-06 6.039990E-02 0.000000E+00
  3419 4.161798E-15 5.782866E-06 4.245139E-02 0.000000E+00
  3420 2.724987E-15 5.378286E-06 5.307542E-02 0.000000E+00
  3421 3.737125E-15 5.379321E-06 3.631929E-02 0.000000E+00
  3422 1.422655E-15 5.169763E-06 7.105238E-02 0.000000E+00
  3423 1.203241E-15 6.062914E-06 7.359059E-02 0.000000E+00
  3424 3.149660E-15 5.978876E-06 5.000000E-02 0.000000E+00
  3425 2.944401E-15 6.046295E-06 3.852502E-02 0.000000E+00
  3426 1.061683E-15 5.369366E-06 7.430050E-02 0.000000E+00
  3427 2.328625E-15 5.407817E-06 4.708568E-02 0.000000E+00
  3428 2.767454E-15 5.870495E-06 5.618908E-02 0.000000E+00
  3429 1.104151E-15 5.445855E-06 3.788748E-02 0.000000E+00
  3430 1.160774E-15 5.458640E-06 5.621660E-02 0.000000E+00
  3431 2.080899E-15 4.894299E-06 5.000000E-02 0.000000E+00
  3432 1.840251E-15 5.865228E-06 5.928759E-02 0.000000E+00
  3433 3.411542E-15 6.160837E-06 3.862930E-02 0.000000E+00
  3434 2.293236E-15 5.664968E-06 4.396855E-02 0.000000E+00
  3435 9.165865E-15 7.551403E-06 3.244087E-02 0.000000E+00
  3436 2.597585E-15 5.665025E-06 5.524336E-02 0.000000E+00
  3437 4.395368E-15 5.794525E-06 6.651825E-02 0.000000E+00
  3438 1.387266E-15 4.780626E-06 4.711634E-02 0.000000E+00
  3439 7.587496E-15 5.664966E-06 2.993393E-02 0.000000E+00
  3440 1.932263E-15 5.368302E-06 4.225736E-02 0.000000E+00
  3441 2.236613E-15 5.672830E-06 4.588654E-02 0.000000E+00
  3442 1.401422E-15 5.366151E-06 5.000000E-02 0.000000E+00
  3443 3.262906E-15 5.517779E-06 3.178540E-02 0.000000E+00
  3444 2.717909E-15 5.382921E-06 5.196906E-02 0.000000E+00
  3445 1.330643E-15 5.685877E-06 5.191894E-02 0.000000E+00
  3446 2.328625E-15 5.450480E-06 5.752582E-02 0.000000E+00
  3447 1.599603E-15 4.975701E-06 3.724643E-02 0.000000E+00
  3448 1.415578E-15 5.664960E-06 6.917470E-02 0.000000E+00
  3449 2.378170E-15 5.425405E-06 7.458530E-02 0.000000E+00
  3450 2.625896E-15 5.267747E-06 4.731953E-02 0.000000E+00
  3451 3.177972E-15 5.832888E-06 6.786983E-02 0.000000E+00
  3452 2.208301E-15 5.673492E-06 5.262746E-02 0.000000E+00
  3453 6.164840E-15 5.516277E-06 5.000000E-02 0.000000E+00
  3454 5.874647E-16 5.018973E-06 5.280161E-02 0.000000E+00
  3455 4.147642E-15 6.188841E-06 3.775871E-02 0.000000E+00
  3456 2.052588E-15 5.285972E-06 5.481003E-02 0.000000E+00
  3457 3.001025E-15 5.664963E-06 3.443587E-02 0.000000E+00
  3458 3.001025E-15 5.901219E-06 5.387378E-02 0.000000E+00
  3459 1.082917E-15 5.362303E-06 4.904904E-02 0.000000E+00
  3460 3.708813E-15 5.185698E-06 5.000000E-02 0.000000E+00
  3461 4.324590E-15 6.063306E-06 4.335959E-02 0.000000E+00
  3462 2.682520E-15 5.315048E-06 3.555174E-02 0.000000E+00
  3463 4.069786E-15 5.246129E-06 1.522362E-02 0.000000E+00
  3464 1.387266E-15 5.040202E-06 5.653510E-02 0.000000E+00
  3465 3.411542E-15 5.645110E-06 5.610659E-02 0.000000E+00
  3466 3.100115E-15 5.280450E-06 3.649474E-02 0.000000E+00
  3467 2.364015E-15 6.035168E-06 5.464585E-02 0.000000E+00
  3468 3.291218E-15 5.676969E-06 2.989887E-02 0.000000E+00
  3469 1.896874E-15 6.035167E-06 5.812884E-02 0.000000E+00
  3470 2.201223E-15 5.363100E-06 4.401429E-02 0.000000E+00
  3471 2.739143E-15 5.315772E-06 4.570494E-02 0.000000E+00
  3472 2.250768E-15 5.586392E-06 7.075000E-02 0.000000E+00
  3473 1.281098E-15 5.688576E-06 4.664043E-02 0.000000E+00
  3474 1.564213E-15 5.572681E-06 3.957886E-02 0.000000E+00
  3475 1.323565E-15 4.967469E-06 6.473913E-02 0.000000E+00
  3476 2.364015E-15 5.386628E-06 5.000000E-02 0.000000E+00
  3477 1.698693E-15 5.432217E-06 6.230946E-02 0.000000E+00
  3478 6.646137E-15 5.795426E-06 4.705876E-02 0.000000E+00
  3479 1.677459E-15 5.042795E-06 3.157156E-02 0.000000E+00
  3480 3.758359E-15 5.967548E-06 4.691709E-02 0.000000E+00
  3481 1.826095E-15 5.270197E-06 5.000000E-02 0.000000E+00
  3482 1.854407E-15 5.405726E-06 2.807822E-02 0.000000E+00
  3483 2.689597E-15 6.035168E-06 7.720930E-02 0.000000E+00
  3484 2.753298E-15 5.454665E-06 5.000000E-02 0.000000E+00
  3485 2.293236E-15 5.474319E-06 7.900000E-02 0.000000E+00
  3486 1.642070E-15 4.979411E-06 4.426234E-02 0.000000E+00
  3487 3.836215E-15 5.405774E-06 3.455927E-02 0.000000E+00
  3488 1.882718E-15 5.673252E-06 2.318935E-02 0.000000E+00
  3489 3.361997E-15 5.791296E-06 8.397711E-02 0.000000E+00
  3490 2.052588E-15 5.872118E-06 5.918331E-02 0.000000E+00
  3491 3.538944E-15 5.882500E-06 5.601076E-02 0.000000E+00
  3492 2.038432E-15 6.188172E-06 1.811867E-02 0.000000E+00
  3493 2.831155E-15 4.926537E-06 4.948692E-02 0.000000E+00
  3494 1.153696E-15 5.099784E-06 4.282573E-02 0.000000E+00
  3495 2.456027E-15 5.629742E-06 7.419560E-02 0.000000E+00
  3496 3.659268E-15 5.339246E-06 5.000000E-02 0.000000E+00
  3497 2.215379E-15 5.793237E-06 5.000000E-02 0.000000E+00
  3498 2.604663E-15 5.673209E-06 5.000000E-02 0.000000E+00
  3499 3.213361E-15 5.702975E-06 5.962629E-02 0.000000E+00
  3500 1.734083E-15 5.934224E-06 5.000000E-02 0.000000E+00
  3501 2.335703E-15 5.142172E-06 7.439825E-02 0.000000E+00
  3502 3.652190E-15 5.612388E-06 5.000000E-02 0.000000E+00
  3503 3.864527E-15 4.890456E-06 5.000000E-02 0.000000E+00
  3504 1.358954E-15 5.290757E-06 1.989398E-02 0.000000E+00
  3505 1.266942E-15 4.927011E-06 4.262812E-02 0.000000E+00
  3506 3.177972E-15 5.674003E-06 5.200232E-02 0.000000E+00
  3507 2.852389E-15 6.072966E-06 2.114761E-02 0.000000E+00
  3508 1.981809E-15 5.261930E-06 1.760225E-02 0.000000E+00
  3509 3.022258E-15 5.887198E-06 5.000000E-02 0.000000E+00
  3510 3.595567E-15 5.837980E-06 3.293067E-02 0.000000E+00
  3511 2.095055E-15 6.192198E-06 4.618298E-02 0.000000E+00
  3512 2.802844E-15 4.961318E-06 3.634403E-02 0.000000E+00
  3513 3.666346E-15 5.454242E-06 1.976424E-02 0.000000E+00
  3514 7.927235E-16 4.920622E-06 4.681822E-02 0.000000E+00
  3515 1.854407E-15 5.073300E-06 6.443052E-02 0.000000E+00
  3516 8.231584E-15 5.871271E-06 5.881256E-02 0.000000E+00
  3517 3.199205E-15 5.259654E-06 4.187700E-02 0.000000E+00
  3518 1.118306E-15 5.431837E-06 4.017749E-02 0.000000E+00
  3519 2.724987E-15 5.632389E-06 4.823771E-02 0.000000E+00
  3520 2.519728E-15 5.726392E-06 5.264506E-02 0.000000E+00
  3521 4.105175E-15 5.318664E-06 5.000000E-02 0.000000E+00
  3522 1.422655E-15 5.247054E-06 6.922815E-02 0.000000E+00
  3523 1.642070E-15 5.714173E-06 5.000000E-02 0.000000E+00
  3524 2.378170E-15 5.376932E-06 4.168944E-02 0.000000E+00
  3525 1.833173E-15 5.315035E-06 6.950744E-02 0.000000E+00
  3526 1.097073E-15 6.011599E-06 4.102911E-02 0.000000E+00
  3527 3.107193E-15 5.286378E-06 4.643024E-02 0.000000E+00
  3528 2.066743E-15 5.677970E-06 5.000000E-02 0.000000E+00
  3529 4.805886E-15 6.040950E-06 3.153387E-02 0.000000E+00
  3530 4.140564E-15 6.119225E-06 4.391758E-02 0.000000E+00
  3531 5.662310E-16 5.319756E-06 4.273426E-02 0.000000E+00
  3532 3.751281E-15 5.935878E-06 5.000000E-02 0.000000E+00
  3533 1.995964E-15 5.817857E-06 3.886199E-02 0.000000E+00
  3534 6.695682E-15 5.934584E-06 5.418388E-02 0.000000E+00
  3535 1.599603E-15 5.585114E-06 5.000000E-02 0.000000E+00
  3536 2.838233E-15 5.714258E-06 5.000000E-02 0.000000E+00
  3537 3.595567E-15 5.341048E-06 5.336005E-02 0.000000E+00
  3538 1.507590E-15 5.314532E-06 7.586685E-02 0.000000E+00
  3539 5.747245E-15 5.546486E-06 5.000000E-02 0.000000E+00
  3540 5.457052E-15 5.714707E-06 5.000000E-02 0.000000E+00
  3541 3.220439E-15 5.684162E-06 6.200709E-02 0.000000E+00
  3542 2.682520E-15 4.784269E-06 2.077524E-02 0.000000E+00
  3543 2.809922E-15 5.816959E-06 3.318389E-02 0.000000E+00
  3544 3.454009E-15 6.188384E-06 5.000000E-02 0.000000E+00
  3545 1.231553E-15 5.519210E-06 5.304639E-02 0.000000E+00
  3546 1.882718E-15 4.776238E-06 4.523511E-02 0.000000E+00
  3547 2.972713E-15 5.727191E-06 5.901436E-02 0.000000E+00
  3548 4.338745E-15 5.583188E-06 4.736703E-02 0.000000E+00
  3549 2.802844E-15 5.243244E-06 5.000000E-02 0.000000E+00
  3550 1.677459E-15 5.708806E-06 5.000000E-02 0.000000E+00
  3551 2.909012E-15 5.074213E-06 4.396037E-02 0.000000E+00
  3552 7.403471E-15 5.792399E-06 5.649382E-02 0.000000E+00
  3553 2.172912E-15 5.060003E-06 5.000000E-02 0.000000E+00
  3554 6.631981E-15 4.923452E-06 5.000000E-02 0.000000E+00
  3555 3.461087E-15 5.719253E-06 5.000000E-02 0.000000E+00
  3556 1.337721E-15 5.514097E-06 4.155373E-02 0.000000E+00
  3557 1.436811E-15 5.036249E-06 4.076507E-02 0.000000E+00
  3558 1.387266E-15 5.057282E-06 5.405655E-02 0.000000E+00
  3559 2.017198E-15 5.068358E-06 5.000000E-02 0.000000E+00
  3560 2.597585E-15 5.673891E-06 5.000000E-02 0.000000E+00
  3561 1.507590E-15 5.519279E-06 5.000000E-02 0.000000E+00
  3562 1.167852E-15 4.974425E-06 4.143335E-02 0.000000E+00
  3563 1.104151E-15 5.978753E-06 4.834478E-02 0.000000E+00
  3564 4.112253E-15 5.626593E-06 6.666429E-02 0.000000E+00
  3565 3.036414E-15 6.188703E-06 3.444780E-02 0.000000E+00
  3566 2.767454E-15 5.675766E-06 5.428454E-02 0.000000E+00
  3567 1.663304E-15 6.011251E-06 5.002135E-02 0.000000E+00
  3568 2.533884E-15 5.585808E-06 1.649693E-02 0.000000E+00
  3569 2.137522E-15 5.247938E-06 5.000000E-02 0.000000E+00
  3570 2.866545E-15 5.796309E-06 6.423672E-02 0.000000E+00
  3571 4.041474E-15 5.818208E-06 7.303069E-02 0.000000E+00
  3572 4.820042E-15 5.936095E-06 7.328667E-02 0.000000E+00
  3573 1.068761E-15 5.702411E-06 6.204261E-02 0.000000E+00
  3574 2.045510E-15 5.264159E-06 3.077706E-02 0.000000E+00
  3575 3.524788E-15 5.840341E-06 4.988922E-02 0.000000E+00
  3576 1.288176E-15 5.348257E-06 4.477712E-02 0.000000E+00
  3577 1.776550E-15 4.924866E-06 4.656129E-02 0.000000E+00
  3578 3.001025E-15 5.426390E-06 5.246028E-02 0.000000E+00
  3579 1.295254E-15 5.400575E-06 5.223986E-02 0.000000E+00
  3580 2.356937E-15 6.043515E-06 5.991960E-02 0.000000E+00
  3581 2.512650E-15 5.320090E-06 3.412225E-02 0.000000E+00
  3582 2.590507E-15 5.264892E-06 6.395432E-02 0.000000E+00
  3583 2.491417E-15 5.684393E-06 5.000000E-02 0.000000E+00
  3584 2.158756E-15 5.147205E-06 5.060102E-02 0.000000E+00
  3585 2.590507E-15 5.901341E-06 5.266842E-02 0.000000E+00
  3586 5.400429E-15 5.486084E-06 7.900000E-02 0.000000E+00
  3587 2.781610E-15 5.286988E-06 5.000000E-02 0.000000E+00
  3588 1.097073E-15 5.352247E-06 5.228270E-02 0.000000E+00
  3589 2.307391E-15 5.676607E-06 5.329841E-02 0.000000E+00
  3590 2.392326E-15 5.720018E-06 7.292447E-02 0.000000E+00
  3591 3.248751E-15 5.781258E-06 5.000000E-02 0.000000E+00
  3592 1.132462E-15 5.346612E-06 4.938398E-02 0.000000E+00
  3593 3.333685E-15 6.041417E-06 5.420401E-02 0.000000E+00
  3594 1.649148E-15 5.649942E-06 4.605144E-02 0.000000E+00
  3595 1.182007E-15 5.093903E-06 4.254396E-02 0.000000E+00
  3596 1.578369E-15 5.364526E-06 6.089325E-02 0.000000E+00
  3597 1.104151E-15 5.423927E-06 4.017749E-02 0.000000E+00
  3598 2.448949E-15 5.363908E-06 5.000000E-02 0.000000E+00
  3599 4.685562E-15 5.261964E-06 5.000000E-02 0.000000E+00
  3600 2.703753E-15 5.703794E-06 5.000000E-02 0.000000E+00
  3601 2.342781E-15 5.245764E-06 6.281714E-02 0.000000E+00
  3602 4.091019E-15 5.498343E-06 3.707839E-02 0.000000E+00
  3603 3.008102E-15 5.285982E-06 2.457454E-02 0.000000E+00
  3604 1.330643E-15 5.420543E-06 4.671423E-02 0.000000E+00
  3605 1.691615E-15 5.106647E-06 6.259278E-02 0.000000E+00
  3606 3.029336E-15 6.035169E-06 5.000000E-02 0.000000E+00
  3607 3.269984E-15 6.319237E-06 5.734522E-02 0.000000E+00
  3608 2.993947E-15 6.120892E-06 1.931075E-02 0.000000E+00
  3609 2.555118E-15 4.891642E-06 5.000000E-02 0.000000E+00
  3610 1.436811E-15 5.248105E-06 4.660660E-02 0.000000E+00
  3611 1.578369E-15 4.975473E-06 4.214966E-02 0.000000E+00
  3612 2.647130E-15 5.518134E-06 2.267712E-02 0.000000E+00
  3613 1.620836E-15 5.658298E-06 5.917220E-02 0.000000E+00
  3614 1.422655E-15 5.330124E-06 8.514338E-02 0.000000E+00
  3615 9.059697E-16 5.071686E-06 5.629955E-02 0.000000E+00
  3616 3.446931E-15 5.445077E-06 2.801533E-02 0.000000E+00
  3617 1.840251E-15 5.614711E-06 3.599648E-02 0.000000E+00
  3618 1.925186E-15 5.630051E-06 5.341200E-02 0.000000E+00
  3619 1.415578E-15 5.967862E-06 4.587233E-02 0.000000E+00
  3620 1.210319E-15 5.424049E-06 4.590331E-02 0.000000E+00
  3621 3.715891E-15 6.041207E-06 5.017076E-02 0.000000E+00
  3622 1.649148E-15 5.516266E-06 5.797388E-02 0.000000E+00
  3623 3.213361E-15 5.316579E-06 5.000000E-02 0.000000E+00
  3624 3.312452E-15 5.432112E-06 2.526920E-02 0.000000E+00
  3625 1.358954E-15 5.572135E-06 6.609112E-02 0.000000E+00
  3626 3.602645E-15 5.679507E-06 3.833635E-02 0.000000E+00
  3627 1.776550E-15 5.339610E-06 5.474500E-02 0.000000E+00
  3628 3.269984E-15 5.402514E-06 2.687076E-02 0.000000E+00
  3629 2.172912E-15 5.784703E-06 4.682689E-02 0.000000E+00
  3630 3.850371E-15 5.833892E-06 6.867392E-02 0.000000E+00
  3631 1.366032E-15 5.843641E-06 5.000000E-02 0.000000E+00
  3632 2.590507E-15 5.530578E-06 5.341364E-02 0.000000E+00
  3633 1.288176E-15 5.665005E-06 5.275041E-02 0.000000E+00
  3634 8.960606E-15 5.900911E-06 5.000000E-02 0.000000E+00
  3635 1.585447E-15 5.689099E-06 5.224220E-02 0.000000E+00
  3636 2.172912E-15 5.678374E-06 4.513275E-02 0.000000E+00
  3637 7.594574E-15 6.041467E-06 2.184129E-02 0.000000E+00
  3638 1.542980E-15 5.383304E-06 4.149221E-02 0.000000E+00
  3639 3.765436E-15 5.842082E-06 5.016735E-02 0.000000E+00
  3640 1.089995E-15 4.780536E-06 3.604968E-02 0.000000E+00
  3641 2.102133E-15 4.782626E-06 3.037723E-02 0.000000E+00
  3642 1.790706E-15 5.288344E-06 8.309048E-02 0.000000E+00
  3643 2.972713E-15 5.678488E-06 4.348742E-02 0.000000E+00
  3644 1.599603E-15 5.614946E-06 6.284759E-02 0.000000E+00
  3645 2.080899E-15 5.838846E-06 5.748696E-02 0.000000E+00
  3646 3.170894E-15 5.572449E-06 5.000000E-02 0.000000E+00
  3647 3.036414E-15 5.269723E-06 6.499692E-02 0.000000E+00
  3648 2.859467E-15 5.674476E-06 5.000000E-02 0.000000E+00
  3649 2.767454E-15 5.382458E-06 5.000000E-02 0.000000E+00
  3650 1.875640E-15 5.030458E-06 3.712273E-02 0.000000E+00
  3651 1.337013E-14 6.042724E-06 4.372194E-02 0.000000E+00
  3652 2.116289E-15 5.465701E-06 3.542073E-02 0.000000E+00
  3653 5.534908E-15 6.041735E-06 3.240321E-02 0.000000E+00
  3654 9.272033E-16 5.272104E-06 5.721008E-02 0.000000E+00
  3655 3.057648E-15 5.933339E-06 3.853303E-02 0.000000E+00
  3656 3.737125E-15 5.339155E-06 5.000000E-02 0.000000E+00
  3657 3.100115E-15 5.585619E-06 5.336503E-02 0.000000E+00
  3658 3.432776E-15 6.041690E-06 2.226215E-02 0.000000E+00
  3659 2.031354E-15 4.955705E-06 5.391626E-02 0.000000E+00
  3660 3.192127E-15 5.820344E-06 5.097151E-02 0.000000E+00
  3661 2.923168E-15 5.885665E-06 3.361681E-02 0.000000E+00
  3662 3.333685E-15 6.064677E-06 6.058024E-02 0.000000E+00
  3663 2.229535E-15 5.684425E-06 7.236148E-02 0.000000E+00
  3664 3.064726E-15 6.035182E-06 6.230263E-02 0.000000E+00
  3665 2.901934E-15 5.794440E-06 4.321608E-02 0.000000E+00
  3666 1.351877E-15 5.414944E-06 5.000000E-02 0.000000E+00
  3667 2.179990E-15 6.014213E-06 5.976484E-02 0.000000E+00
  3668 3.765436E-15 6.158464E-06 5.311262E-02 0.000000E+00
  3669 7.212368E-15 6.188597E-06 2.422850E-02 0.000000E+00
  3670 1.104151E-15 5.029164E-06 4.254103E-02 0.000000E+00
  3671 1.741160E-15 4.967529E-06 2.703003E-02 0.000000E+00
  3672 3.397386E-15 5.404333E-06 3.791745E-02 0.000000E+00
  3673 1.203241E-15 5.817100E-06 4.888765E-02 0.000000E+00
  3674 3.192127E-15 5.248532E-06 6.457616E-02 0.000000E+00
  3675 2.286158E-15 5.832862E-06 4.134059E-02 0.000000E+00
  3676 8.606712E-15 9.984249E-06 2.400646E-02 0.000000E+00
  3677 7.431782E-16 5.711235E-06 6.526607E-02 0.000000E+00
  3678 6.660293E-15 6.353470E-06 3.997022E-02 0.000000E+00
  3679 4.430758E-15 5.292344E-06 3.606500E-02 0.000000E+00
  3680 2.307391E-15 5.625727E-06 3.716116E-02 0.000000E+00
  3681 4.105175E-15 6.062074E-06 5.449428E-02 0.000000E+00
  3682 2.632974E-15 5.140214E-06 4.540054E-02 0.000000E+00
  3683 2.250768E-15 5.077074E-06 5.000000E-02 0.000000E+00
  3684 1.047527E-15 5.867365E-06 4.332131E-02 0.000000E+00
  3685 1.005060E-15 5.461214E-06 6.823998E-02 0.000000E+00
  3686 2.102133E-15 5.250061E-06 4.838447E-02 0.000000E+00
  3687 8.960606E-15 5.260748E-06 5.000000E-02 0.000000E+00
  3688 3.531866E-15 5.716068E-06 4.104439E-02 0.000000E+00
  3689 2.434793E-15 5.286116E-06 5.000000E-02 0.000000E+00
  3690 2.328625E-15 5.819204E-06 5.097105E-02 0.000000E+00
  3691 2.519728E-15 5.284357E-06 3.875086E-02 0.000000E+00
  3692 2.597585E-15 5.714544E-06 4.721761E-02 0.000000E+00
  3693 1.939341E-15 6.043145E-06 4.706111E-02 0.000000E+00
  3694 3.085959E-15 5.700673E-06 6.237752E-02 0.000000E+00
  3695 7.884767E-15 6.656634E-06 4.130760E-02 0.000000E+00
  3696 1.599603E-15 5.065028E-06 5.000000E-02 0.000000E+00
  3697 2.604663E-15 5.846086E-06 5.000000E-02 0.000000E+00
  3698 1.344799E-15 5.380704E-06 4.342269E-02 0.000000E+00
  3699 6.872629E-15 5.791353E-06 3.005805E-02 0.000000E+00
  3700 1.394344E-15 5.324556E-06 5.939366E-02 0.000000E+00
  3701 2.349859E-15 5.654490E-06 5.417149E-02 0.000000E+00
  3702 1.472201E-15 5.247565E-06 4.951375E-02 0.000000E+00
  3703 2.144600E-15 5.877832E-06 5.499889E-02 0.000000E+00
  3704 1.450967E-15 5.361102E-06 5.000000E-02 0.000000E+00
  3705 2.272002E-15 4.958045E-06 6.936786E-02 0.000000E+00
  3706 1.542980E-15 5.315371E-06 4.503370E-02 0.000000E+00
  3707 1.755316E-15 5.673049E-06 5.000000E-02 0.000000E+00
  3708 1.748238E-15 5.497364E-06 3.135329E-02 0.000000E+00
  3709 3.114271E-15 6.062462E-06 2.182635E-02 0.000000E+00
  3710 3.192127E-15 5.440680E-06 4.133066E-02 0.000000E+00
  3711 6.823084E-15 5.674104E-06 4.377261E-02 0.000000E+00
  3712 8.988918E-16 5.414816E-06 6.394733E-02 0.000000E+00
  3713 2.604663E-15 4.915314E-06 5.000000E-02 0.000000E+00
  3714 1.373110E-15 5.271156E-06 6.654364E-02 0.000000E+00
  3715 1.741160E-15 5.566399E-06 5.218192E-02 0.000000E+00
  3716 4.303356E-15 5.338481E-06 3.636433E-02 0.000000E+00
  3717 1.309409E-15 4.915906E-06 5.500193E-02 0.000000E+00
  3718 1.210319E-15 5.249827E-06 5.521807E-02 0.000000E+00
  3719 3.121349E-15 5.882640E-06 4.224967E-02 0.000000E+00
  3720 2.208301E-15 5.292237E-06 3.296061E-02 0.000000E+00
  3721 2.866545E-15 5.240039E-06 4.658119E-02 0.000000E+00
  3722 2.767454E-15 5.515373E-06 3.660973E-02 0.000000E+00
  3723 5.556142E-15 5.334728E-06 4.890229E-02 0.000000E+00
  3724 2.399404E-15 5.344225E-06 5.760509E-02 0.000000E+00
  3725 2.873623E-15 5.332685E-06 2.766131E-02 0.000000E+00
  3726 1.436811E-15 5.438580E-06 5.000000E-02 0.000000E+00
  3727 2.420638E-15 6.062936E-06 4.775426E-02 0.000000E+00
  3728 6.681526E-15 8.094450E-06 3.700507E-02 0.000000E+00
  3729 1.528824E-15 5.099057E-06 7.008050E-02 0.000000E+00
  3730 2.243690E-15 5.673349E-06 5.000000E-02 0.000000E+00
  3731 1.033372E-15 5.099927E-06 4.199614E-02 0.000000E+00
  3732 3.100115E-15 6.062981E-06 6.059336E-02 0.000000E+00
  3733 2.321547E-15 5.517996E-06 5.269245E-02 0.000000E+00
  3734 1.252786E-15 5.317507E-06 5.222295E-02 0.000000E+00
  3735 1.649148E-15 5.425149E-06 4.810866E-02 0.000000E+00
  3736 1.988887E-15 5.238467E-06 5.171893E-02 0.000000E+00
  3737 2.116289E-15 6.121316E-06 5.094903E-02 0.000000E+00
  3738 1.939341E-15 5.032606E-06 3.282488E-02 0.000000E+00
  3739 2.477261E-15 5.788554E-06 5.620067E-02 0.000000E+00
  3740 2.250768E-15 5.244580E-06 6.557305E-02 0.000000E+00
  3741 2.873623E-15 5.294729E-06 5.000000E-02 0.000000E+00
  3742 2.569273E-15 5.938507E-06 5.000000E-02 0.000000E+00
  3743 2.894856E-15 5.248068E-06 6.973129E-02 0.000000E+00
  3744 1.620836E-15 5.757927E-06 6.932453E-02 0.000000E+00
  3745 8.493466E-16 4.960206E-06 5.942659E-02 0.000000E+00
  3746 9.696707E-16 5.269448E-06 8.621489E-02 0.000000E+00
  3747 2.979791E-15 5.819731E-06 5.000000E-02 0.000000E+00
  3748 4.296278E-15 5.307440E-06 2.171260E-02 0.000000E+00
  3749 3.376153E-15 5.833028E-06 4.908562E-02 0.000000E+00
  3750 3.185050E-15 5.413069E-06 4.907460E-02 0.000000E+00
  3751 1.500512E-15 4.972826E-06 5.538387E-02 0.000000E+00
  3752 4.175954E-15 5.792036E-06 4.478618E-02 0.000000E+00
  3753 5.103157E-15 4.961999E-06 3.262510E-02 0.000000E+00
  3754 6.816006E-15 6.064562E-06 6.250000E-02 0.000000E+00
  3755 2.441871E-15 5.664963E-06 5.929955E-02 0.000000E+00
  3756 2.151678E-15 5.755296E-06 5.000000E-02 0.000000E+00
  3757 1.953497E-15 6.319237E-06 4.193629E-02 0.000000E+00
  3758 1.224475E-15 5.454643E-06 6.736354E-02 0.000000E+00
  3759 1.422655E-15 5.631167E-06 6.799949E-02 0.000000E+00
  3760 4.982833E-15 5.686777E-06 5.000000E-02 0.000000E+00
  3761 2.420638E-15 5.286364E-06 5.000000E-02 0.000000E+00
  3762 1.684537E-15 5.676575E-06 5.313832E-02 0.000000E+00
  3763 2.675442E-15 5.053341E-06 3.910068E-02 0.000000E+00
  3764 5.435818E-15 5.871816E-06 3.636146E-02 0.000000E+00
  3765 1.394344E-15 4.976146E-06 6.567224E-02 0.000000E+00
  3766 2.498494E-15 4.979745E-06 3.139114E-02 0.000000E+00
  3767 1.542980E-15 5.560057E-06 8.576851E-02 0.000000E+00
  3768 1.953497E-15 5.933634E-06 5.000000E-02 0.000000E+00
  3769 2.187067E-15 5.785040E-06 5.150960E-02 0.000000E+00
  3770 4.083941E-15 5.623276E-06 6.014902E-02 0.000000E+00
  3771 5.697700E-15 5.416138E-06 5.000000E-02 0.000000E+00
  3772 1.896874E-15 5.864172E-06 3.146549E-02 0.000000E+00
  3773 2.569273E-15 5.622530E-06 5.893680E-02 0.000000E+00
  3774 3.100115E-15 5.497739E-06 5.000000E-02 0.000000E+00
  3775 5.457052E-15 5.710332E-06 4.789296E-02 0.000000E+00
  3776 5.485363E-15 4.982138E-06 5.000000E-02 0.000000E+00
  3777 1.493434E-15 5.718830E-06 3.938441E-02 0.000000E+00
  3778 1.684537E-15 5.683313E-06 1.468428E-02 0.000000E+00
  3779 3.213361E-15 5.782678E-06 4.667128E-02 0.000000E+00
  3780 4.338745E-15 5.842845E-06 5.000000E-02 0.000000E+00
  3781 5.874647E-15 6.352529E-06 5.587270E-02 0.000000E+00
  3782 1.380188E-15 5.404389E-06 5.000000E-02 0.000000E+00
  3783 1.741160E-15 4.896731E-06 4.491205E-02 0.000000E+00
  3784 1.741160E-15 5.664961E-06 5.389865E-02 0.000000E+00
  3785 1.981809E-15 5.384632E-06 6.250000E-02 0.000000E+00
  3786 4.699718E-15 5.797106E-06 5.000000E-02 0.000000E+00
  3787 2.194145E-15 6.041114E-06 5.000000E-02 0.000000E+00
  3788 4.260889E-15 5.697945E-06 5.000000E-02 0.000000E+00
  3789 1.274020E-15 4.996463E-06 2.299272E-02 0.000000E+00
  3790 1.344799E-15 5.249842E-06 6.111308E-02 0.000000E+00
  3791 2.031354E-15 5.675862E-06 4.307416E-02 0.000000E+00
  3792 1.649148E-15 5.655954E-06 5.000000E-02 0.000000E+00
  3793 2.229535E-15 5.281073E-06 7.242409E-02 0.000000E+00
  3794 4.345823E-15 4.928909E-06 5.000000E-02 0.000000E+00
  3795 1.946419E-15 6.159413E-06 4.138395E-02 0.000000E+00
  3796 5.818024E-15 6.191969E-06 2.886922E-02 0.000000E+00
  3797 2.179990E-15 5.676878E-06 2.299272E-02 0.000000E+00
  3798 4.720951E-15 5.819609E-06 5.000000E-02 0.000000E+00
  3799 1.932263E-15 5.740664E-06 4.808333E-02 0.000000E+00
  3800 3.666346E-15 5.704958E-06 7.552319E-02 0.000000E+00
  3801 3.128426E-15 6.158658E-06 5.265457E-02 0.000000E+00
  3802 2.059665E-15 5.261569E-06 7.030302E-02 0.000000E+00
  3803 1.627914E-15 5.870558E-06 5.275859E-02 0.000000E+00
  3804 1.953497E-15 5.265750E-06 5.541571E-02 0.000000E+00
  3805 1.203241E-15 5.429851E-06 5.437812E-02 0.000000E+00
  3806 8.210350E-15 5.318906E-06 5.000000E-02 0.000000E+00
  3807 1.967653E-15 5.664984E-06 2.997482E-02 0.000000E+00
  3808 9.130476E-15 6.885013E-06 6.015503E-02 0.000000E+00
  3809 2.675442E-15 5.977846E-06 3.924423E-02 0.000000E+00
  3810 2.158756E-15 5.348099E-06 5.003327E-02 0.000000E+00
  3811 2.010120E-15 5.107050E-06 4.932190E-02 0.000000E+00
  3812 1.875640E-15 5.644048E-06 7.919010E-02 0.000000E+00
  3813 1.833173E-15 5.259575E-06 4.406433E-02 0.000000E+00
  3814 2.845311E-15 5.080381E-06 6.971854E-02 0.000000E+00
  3815 1.436811E-15 5.673214E-06 3.846235E-02 0.000000E+00
  3816 4.735107E-15 5.402168E-06 3.425214E-02 0.000000E+00
  3817 2.236613E-15 5.420058E-06 3.102206E-02 0.000000E+00
  3818 1.458045E-15 5.675725E-06 5.026077E-02 0.000000E+00
  3819 4.204265E-15 5.891818E-06 5.000000E-02 0.000000E+00
  3820 2.845311E-15 5.794739E-06 4.966419E-02 0.000000E+00
  3821 2.937324E-15 5.365779E-06 5.000000E-02 0.000000E+00
  3822 2.774532E-15 5.894407E-06 5.137980E-02 0.000000E+00
  3823 1.309409E-15 5.448070E-06 6.559612E-02 0.000000E+00
  3824 3.524788E-15 5.702264E-06 5.000000E-02 0.000000E+00
  3825 2.038432E-15 5.599198E-06 6.512226E-02 0.000000E+00
  3826 2.123366E-15 4.988242E-06 5.130393E-02 0.000000E+00
  3827 3.942384E-15 5.690197E-06 3.828377E-02 0.000000E+00
  3828 6.391333E-15 6.064239E-06 2.468020E-02 0.000000E+00
  3829 2.491417E-15 5.783827E-06 5.114227E-02 0.000000E+00
  3830 1.988887E-15 6.041340E-06 3.168049E-02 0.000000E+00
  3831 2.448949E-15 5.672884E-06 4.077156E-02 0.000000E+00
  3832 1.238630E-15 5.647378E-06 5.708965E-02 0.000000E+00
  3833 3.199205E-15 5.346165E-06 3.861117E-02 0.000000E+00
  3834 1.797784E-15 5.271535E-06 5.000000E-02 0.000000E+00
  3835 1.401422E-15 5.286852E-06 6.057440E-02 0.000000E+00
  3836 2.003042E-15 5.335583E-06 6.044037E-02 0.000000E+00
  3837 4.763419E-15 5.818088E-06 4.302683E-02 0.000000E+00
  3838 1.748238E-15 5.526080E-06 5.252292E-02 0.000000E+00
  3839 1.528824E-15 5.664965E-06 5.221579E-02 0.000000E+00
  3840 2.470183E-15 5.400916E-06 5.000000E-02 0.000000E+00
  3841 9.696707E-16 5.322274E-06 3.010163E-02 0.000000E+00
  3842 2.682520E-15 6.334496E-06 5.597096E-02 0.000000E+00
  3843 2.484339E-15 4.918870E-06 5.032752E-02 0.000000E+00
  3844 2.130444E-15 5.613703E-06 4.540954E-02 0.000000E+00
  3845 7.077888E-17 6.360515E-06 7.900000E-02 0.000000E+00
  3846 1.514668E-15 5.677811E-06 5.217114E-02 0.000000E+00
  3847 5.591532E-15 6.043534E-06 5.197772E-02 0.000000E+00
  3848 5.329650E-15 5.934176E-06 2.528339E-02 0.000000E+00
  3849 2.696675E-15 5.362964E-06 4.778156E-02 0.000000E+00
  3850 2.618819E-15 5.966701E-06 3.887683E-02 0.000000E+00
  3851 2.463105E-15 5.704723E-06 5.143307E-02 0.000000E+00
  3852 1.705771E-15 5.270014E-06 5.000000E-02 0.000000E+00
  3853 2.413560E-15 5.367473E-06 5.000000E-02 0.000000E+00
  3854 4.218421E-15 6.062913E-06 4.138329E-02 0.000000E+00
  3855 3.793748E-15 5.685046E-06 6.140396E-02 0.000000E+00
  3856 5.209326E-15 5.020666E-06 6.250000E-02 0.000000E+00
  3857 1.719927E-15 5.752554E-06 6.557397E-02 0.000000E+00
  3858 6.922174E-15 5.790091E-06 4.290591E-02 0.000000E+00
  3859 4.296278E-15 5.882014E-06 6.896892E-02 0.000000E+00
  3860 1.245708E-15 5.433304E-06 7.947466E-02 0.000000E+00
  3861 1.606681E-15 5.314326E-06 6.120980E-02 0.000000E+00
  3862 4.996989E-15 7.231025E-06 5.001824E-02 0.000000E+00
  3863 3.531866E-15 5.794278E-06 5.000000E-02 0.000000E+00
  3864 2.229535E-15 5.795326E-06 5.606095E-02 0.000000E+00
  3865 1.189085E-15 5.073824E-06 4.616410E-02 0.000000E+00
  3866 3.114271E-15 5.977507E-06 6.543390E-02 0.000000E+00
  3867 2.434793E-15 4.982984E-06 5.409387E-02 0.000000E+00
  3868 6.667370E-15 5.809644E-06 5.000000E-02 0.000000E+00
  3869 3.468165E-15 5.269293E-06 4.579633E-02 0.000000E+00
  3870 1.762394E-15 5.276528E-06 7.057114E-02 0.000000E+00
  3871 2.732065E-15 5.243979E-06 6.250000E-02 0.000000E+00
  3872 7.261913E-15 5.560406E-06 5.000000E-02 0.000000E+00
  3873 2.137522E-15 5.144506E-06 3.743773E-02 0.000000E+00
  3874 2.470183E-15 6.009115E-06 6.075507E-02 0.000000E+00
  3875 3.475243E-15 6.041071E-06 5.000000E-02 0.000000E+00
  3876 3.701735E-15 5.807006E-06 5.000000E-02 0.000000E+00
  3877 1.323565E-15 4.911582E-06 4.549791E-02 0.000000E+00
  3878 1.380188E-15 5.534220E-06 4.974272E-02 0.000000E+00
  3879 2.378170E-15 5.785037E-06 3.491678E-02 0.000000E+00
  3880 2.548040E-15 4.892422E-06 5.000000E-02 0.000000E+00
  3881 1.479279E-15 5.362937E-06 3.706091E-02 0.000000E+00
  3882 2.901934E-15 5.882838E-06 6.487472E-02 0.000000E+00
  3883 1.811939E-15 4.921498E-06 4.819931E-02 0.000000E+00
  3884 4.409524E-15 6.855054E-06 4.553139E-02 0.000000E+00
  3885 1.571291E-15 5.465140E-06 5.510424E-02 0.000000E+00
  3886 2.604663E-15 5.815519E-06 5.288387E-02 0.000000E+00
  3887 5.704778E-15 5.880564E-06 5.888596E-02 0.000000E+00
  3888 3.128426E-15 5.833829E-06 3.009989E-02 0.000000E+00
  3889 2.236613E-15 5.835320E-06 5.000000E-02 0.000000E+00
  3890 1.337721E-15 5.472724E-06 6.553546E-02 0.000000E+00
  3891 2.229535E-15 5.677740E-06 3.865931E-02 0.000000E+00
  3892 1.118306E-15 5.461111E-06 3.359727E-02 0.000000E+00
  3893 2.477261E-15 4.922404E-06 5.349679E-02 0.000000E+00
  3894 2.109211E-15 5.265839E-06 7.458117E-02 0.000000E+00
  3895 2.151678E-15 5.362485E-06 5.842214E-02 0.000000E+00
  3896 3.142582E-15 4.915083E-06 8.358142E-02 0.000000E+00
  3897 2.137522E-15 5.716971E-06 5.216957E-02 0.000000E+00
  3898 1.507590E-15 5.863703E-06 4.343787E-02 0.000000E+00
  3899 2.187067E-15 6.041375E-06 2.784343E-02 0.000000E+00
  3900 1.571291E-15 5.360885E-06 3.581846E-02 0.000000E+00
  3901 4.501537E-15 6.347579E-06 5.532569E-02 0.000000E+00
  3902 3.333685E-15 5.703082E-06 6.250000E-02 0.000000E+00
  3903 1.394344E-15 5.476281E-06 5.000000E-02 0.000000E+00
  3904 1.727005E-15 4.916004E-06 5.015353E-02 0.000000E+00
  3905 9.979822E-16 5.108002E-06 3.810072E-02 0.000000E+00
  3906 1.762394E-15 5.781224E-06 3.909740E-02 0.000000E+00
  3907 2.003042E-15 5.574117E-06 7.020788E-02 0.000000E+00
  3908 3.843293E-15 6.061429E-06 4.434451E-02 0.000000E+00
  3909 5.074846E-15 5.840760E-06 4.819762E-02 0.000000E+00
  3910 2.859467E-15 5.685562E-06 5.000000E-02 0.000000E+00
  3911 1.663304E-15 5.072763E-06 5.000000E-02 0.000000E+00
  3912 3.298296E-15 6.062845E-06 4.998305E-02 0.000000E+00
  3913 1.882718E-15 5.459814E-06 3.859924E-02 0.000000E+00
  3914 2.710831E-15 5.057967E-06 7.900000E-02 0.000000E+00
  3915 4.720951E-15 8.526283E-06 2.673180E-02 0.000000E+00
  3916 5.372117E-15 6.322878E-06 2.612807E-02 0.000000E+00
  3917 4.728029E-15 5.712579E-06 4.041367E-02 0.000000E+00
  3918 4.041474E-15 5.376934E-06 4.484740E-02 0.000000E+00
  3919 4.706796E-15 5.339338E-06 5.000000E-02 0.000000E+00
  3920 2.632974E-15 5.664962E-06 4.374981E-02 0.000000E+00
  3921 2.909012E-15 5.291066E-06 5.349679E-02 0.000000E+00
  3922 3.977773E-15 5.704069E-06 5.000000E-02 0.000000E+00
  3923 1.571291E-15 5.073126E-06 4.016905E-02 0.000000E+00
  3924 1.783628E-15 5.319594E-06 3.862261E-02 0.000000E+00
  3925 2.364015E-15 5.030056E-06 6.744648E-02 0.000000E+00
  3926 6.207308E-15 6.044065E-06 7.646557E-02 0.000000E+00
  3927 5.145625E-15 6.188806E-06 4.657992E-02 0.000000E+00
  3928 3.043492E-15 5.037525E-06 5.909682E-02 0.000000E+00
  3929 2.618819E-15 5.870584E-06 3.232036E-02 0.000000E+00
  3930 4.062708E-15 5.710545E-06 1.405622E-02 0.000000E+00
  3931 2.675442E-15 5.292366E-06 5.000000E-02 0.000000E+00
  3932 1.677459E-15 5.073226E-06 4.275494E-02 0.000000E+00
  3933 1.889796E-15 5.678059E-06 3.201048E-02 0.000000E+00
  3934 2.484339E-15 5.029682E-06 5.350866E-02 0.000000E+00
  3935 2.165834E-15 5.009326E-06 3.495401E-02 0.000000E+00
  3936 1.868562E-15 5.040357E-06 5.000000E-02 0.000000E+00
  3937 1.854407E-15 5.414678E-06 5.575295E-02 0.000000E+00
  3938 2.109211E-15 5.496209E-06 6.534446E-02 0.000000E+00
  3939 1.054605E-15 5.073954E-06 5.587424E-02 0.000000E+00
  3940 9.272033E-16 5.580737E-06 7.958718E-02 0.000000E+00
  3941 1.394344E-15 4.894375E-06 4.117907E-02 0.000000E+00
  3942 3.765436E-15 5.249807E-06 5.000000E-02 0.000000E+00
  3943 3.043492E-15 5.782454E-06 4.780729E-02 0.000000E+00
  3944 2.406482E-15 5.886942E-06 3.125000E-02 0.000000E+00
  3945 1.953497E-15 5.791848E-06 3.373827E-02 0.000000E+00
  3946 4.423680E-15 6.187690E-06 5.537577E-02 0.000000E+00
  3947 1.755316E-15 5.362756E-06 5.000000E-02 0.000000E+00
  3948 1.535902E-15 5.640482E-06 4.410814E-02 0.000000E+00
  3949 2.887778E-15 5.266394E-06 5.000000E-02 0.000000E+00
  3950 1.259864E-15 4.973388E-06 5.848539E-02 0.000000E+00
  3951 1.811939E-15 5.673774E-06 7.727418E-02 0.000000E+00
  3952 7.644119E-16 5.423491E-06 2.912846E-02 0.000000E+00
  3953 1.811939E-15 5.315671E-06 4.473813E-02 0.000000E+00
  3954 3.170894E-15 5.072100E-06 5.204046E-02 0.000000E+00
  3955 2.413560E-15 5.870551E-06 4.065238E-02 0.000000E+00
  3956 1.026294E-15 5.247125E-06 5.629924E-02 0.000000E+00
  3957 2.017198E-15 5.643416E-06 7.093464E-02 0.000000E+00
  3958 2.498494E-15 4.965924E-06 3.929482E-02 0.000000E+00
  3959 2.342781E-15 5.495356E-06 3.403602E-02 0.000000E+00
  3960 1.592525E-15 4.924704E-06 5.811625E-02 0.000000E+00
  3961 7.714898E-15 5.791531E-06 5.764527E-02 0.000000E+00
  3962 1.104151E-15 5.294683E-06 5.932992E-02 0.000000E+00
  3963 2.880700E-15 5.813112E-06 5.000000E-02 0.000000E+00
  3964 3.185050E-15 5.345749E-06 5.000000E-02 0.000000E+00
  3965 2.222457E-15 5.427784E-06 5.000000E-02 0.000000E+00
  3966 1.380188E-15 5.429461E-06 5.507582E-02 0.000000E+00
  3967 2.356937E-15 5.569035E-06 2.949149E-02 0.000000E+00
  3968 2.356937E-15 5.673889E-06 5.538198E-02 0.000000E+00
  3969 2.682520E-15 5.432023E-06 4.711836E-02 0.000000E+00
  3970 3.220439E-15 5.446569E-06 4.421988E-02 0.000000E+00
  3971 3.022258E-15 5.844508E-06 4.656159E-02 0.000000E+00
  3972 1.911030E-15 6.072377E-06 5.500372E-02 0.000000E+00
  3973 1.833173E-15 5.646369E-06 5.000000E-02 0.000000E+00
  3974 2.498494E-15 6.044837E-06 5.450044E-02 0.000000E+00
  3975 9.109242E-15 6.664332E-06 2.964250E-02 0.000000E+00
  3976 2.930246E-15 5.869812E-06 4.781508E-02 0.000000E+00
  3977 1.670382E-15 5.045405E-06 5.000000E-02 0.000000E+00
  3978 2.434793E-15 5.399980E-06 6.306894E-02 0.000000E+00
  3979 2.448949E-15 5.374175E-06 5.438170E-02 0.000000E+00
  3980 2.031354E-15 5.688021E-06 4.079808E-02 0.000000E+00
  3981 1.868562E-15 5.494088E-06 3.548354E-02 0.000000E+00
  3982 3.892838E-15 5.530739E-06 6.087281E-02 0.000000E+00
  3983 2.179990E-15 5.672632E-06 5.453632E-02 0.000000E+00
  3984 4.558160E-15 5.560984E-06 5.947807E-02 0.000000E+00
  3985 4.487381E-15 6.088565E-06 3.598185E-02 0.000000E+00
  3986 1.266942E-15 4.977628E-06 7.101223E-02 0.000000E+00
  3987 7.353926E-15 7.139977E-06 3.630969E-02 0.000000E+00
  3988 2.215379E-15 5.270824E-06 4.928681E-02 0.000000E+00
  3989 2.293236E-15 5.249896E-06 5.151581E-02 0.000000E+00
  3990 3.595567E-15 5.795401E-06 6.410703E-02 0.000000E+00
  3991 2.038432E-15 6.042921E-06 5.761947E-02 0.000000E+00
  3992 1.599603E-15 5.168331E-06 4.129230E-02 0.000000E+00
  3993 2.017198E-15 5.295587E-06 5.000000E-02 0.000000E+00
  3994 9.484370E-16 5.038445E-06 3.926989E-02 0.000000E+00
  3995 1.918108E-15 5.710540E-06 3.461875E-02 0.000000E+00
  3996 2.781610E-15 5.794512E-06 5.000000E-02 0.000000E+00
  3997 2.250768E-15 5.626633E-06 5.545477E-02 0.000000E+00
  3998 2.080899E-15 5.249988E-06 4.609805E-02 0.000000E+00
  3999 3.921150E-15 5.792868E-06 4.523175E-02 0.000000E+00
  4000 2.859467E-15 5.931189E-06 4.676277E-02 0.000000E+00
  4001 4.048552E-15 6.040993E-06 5.000000E-02 0.000000E+00
  4002 2.144600E-15 5.839639E-06 6.194358E-02 0.000000E+00
  4003 5.350883E-15 5.465523E-06 5.778758E-02 0.000000E+00
  4004 1.776550E-15 5.818989E-06 4.657771E-02 0.000000E+00
  4005 1.833173E-15 5.336473E-06 5.000000E-02 0.000000E+00
  4006 2.859467E-15 5.517360E-06 5.731870E-02 0.000000E+00
  4007 5.117313E-15 5.705629E-06 1.397542E-02 0.000000E+00
  4008 7.127433E-15 8.073956E-06 5.906968E-02 0.000000E+00
  4009 2.703753E-15 5.881629E-06 5.000000E-02 0.000000E+00
  4010 3.114271E-15 4.965678E-06 5.000000E-02 0.000000E+00
  4011 1.840251E-15 4.774214E-06 5.200162E-02 0.000000E+00
  4012 1.649148E-15 5.440039E-06 2.951646E-02 0.000000E+00
  4013 4.501537E-15 5.530600E-06 5.000000E-02 0.000000E+00
  4014 2.052588E-15 5.079069E-06 1.562500E-02 0.000000E+00
  4015 2.760376E-15 5.329382E-06 2.537440E-02 0.000000E+00
  4016 1.627914E-15 5.791821E-06 4.652715E-02 0.000000E+00
  4017 2.038432E-15 5.530547E-06 6.769623E-02 0.000000E+00
  4018 4.027318E-15 4.918110E-06 4.706660E-02 0.000000E+00
  4019 3.001025E-15 5.664971E-06 5.144529E-02 0.000000E+00
  4020 3.036414E-15 6.804151E-06 3.770346E-02 0.000000E+00
  4021 1.472201E-15 6.188760E-06 6.764139E-02 0.000000E+00
  4022 4.430758E-15 6.063547E-06 5.000000E-02 0.000000E+00
  4023 8.564244E-16 5.168836E-06 3.510247E-02 0.000000E+00
  4024 1.564213E-15 4.921223E-06 2.728447E-02 0.000000E+00
  4025 3.177972E-15 5.314734E-06 4.958442E-02 0.000000E+00
  4026 4.508615E-15 5.450748E-06 3.795097E-02 0.000000E+00
  4027 1.592525E-15 5.068057E-06 6.428584E-02 0.000000E+00
  4028 2.675442E-15 5.094748E-06 5.849431E-02 0.000000E+00
  4029 3.234595E-15 6.013309E-06 5.000000E-02 0.000000E+00
  4030 1.005060E-15 5.531527E-06 4.602706E-02 0.000000E+00
  4031 3.694658E-15 6.041513E-06 3.827971E-02 0.000000E+00
  4032 9.321578E-15 6.120138E-06 6.250000E-02 0.000000E+00
  4033 4.947444E-15 5.269463E-06 2.815228E-02 0.000000E+00
  4034 4.947444E-15 6.485352E-06 3.986668E-02 0.000000E+00
  4035 5.541986E-15 5.785039E-06 2.602724E-02 0.000000E+00
  4036 4.069786E-15 5.676469E-06 5.000000E-02 0.000000E+00
  4037 2.279080E-15 5.037516E-06 4.719564E-02 0.000000E+00
  4038 1.153696E-15 5.071506E-06 7.137336E-02 0.000000E+00
  4039 1.953497E-15 5.061481E-06 3.483515E-02 0.000000E+00
  4040 1.826095E-15 5.571507E-06 3.262367E-02 0.000000E+00
  4041 3.390308E-15 5.784212E-06 5.000000E-02 0.000000E+00
  4042 2.852389E-15 4.912174E-06 4.886461E-02 0.000000E+00
  4043 1.797784E-15 5.363909E-06 5.370945E-02 0.000000E+00
  4044 1.351877E-15 5.871334E-06 4.754434E-02 0.000000E+00
  4045 1.401422E-15 5.030857E-06 5.000000E-02 0.000000E+00
  4046 3.100115E-15 6.035171E-06 4.981413E-02 0.000000E+00
  4047 1.811939E-15 5.569147E-06 5.996561E-02 0.000000E+00
  4048 1.033372E-15 4.971848E-06 5.166819E-02 0.000000E+00
  4049 3.687580E-15 5.784839E-06 5.323406E-02 0.000000E+00
  4050 2.866545E-15 5.703489E-06 3.984287E-02 0.000000E+00
  4051 1.995964E-15 5.273743E-06 4.469674E-02 0.000000E+00
  4052 1.719927E-15 5.267260E-06 4.371197E-02 0.000000E+00
  4053 2.314469E-15 5.309047E-06 6.081811E-02 0.000000E+00
  4054 2.003042E-15 5.832465E-06 8.814589E-02 0.000000E+00
  4055 2.441871E-15 4.779619E-06 5.000000E-02 0.000000E+00
  4056 1.981809E-15 5.476898E-06 5.000000E-02 0.000000E+00
  4057 1.769472E-15 5.791918E-06 3.900711E-02 0.000000E+00
  4058 2.003042E-15 5.881548E-06 4.198280E-02 0.000000E+00
  4059 1.677459E-15 5.270791E-06 5.000000E-02 0.000000E+00
  4060 1.259864E-15 5.714243E-06 4.703956E-02 0.000000E+00
  4061 3.524788E-15 5.365256E-06 5.000000E-02 0.000000E+00
  4062 4.069786E-15 5.449822E-06 6.268574E-02 0.000000E+00
  4063 2.095055E-15 5.702244E-06 5.000000E-02 0.000000E+00
  4064 3.170894E-15 5.876571E-06 5.000000E-02 0.000000E+00
  4065 2.031354E-15 5.817476E-06 4.862804E-02 0.000000E+00
  4066 3.369075E-15 5.518589E-06 5.453845E-02 0.000000E+00
  4067 2.498494E-15 5.839437E-06 5.065926E-02 0.000000E+00
  4068 4.451992E-15 5.287686E-06 7.900000E-02 0.000000E+00
  4069 2.448949E-15 5.332261E-06 7.374979E-02 0.000000E+00
  4070 1.755316E-15 5.678518E-06 5.000000E-02 0.000000E+00
  4071 3.220439E-15 6.062862E-06 6.256470E-02 0.000000E+00
  4072 1.967653E-15 4.964827E-06 2.850798E-02 0.000000E+00
  4073 1.450967E-15 4.888394E-06 4.899656E-02 0.000000E+00
  4074 1.932263E-15 6.319237E-06 5.147369E-02 0.000000E+00
  4075 3.036414E-15 5.789589E-06 5.000000E-02 0.000000E+00
  4076 1.054605E-15 5.157291E-06 7.814762E-02 0.000000E+00
  4077 3.616801E-15 5.166929E-06 3.989344E-02 0.000000E+00
  4078 4.402446E-15 5.316440E-06 1.515848E-02 0.000000E+00
  4079 2.519728E-15 6.044007E-06 4.207511E-02 0.000000E+00
  4080 2.477261E-15 5.424398E-06 5.618925E-02 0.000000E+00
  4081 2.017198E-15 5.344869E-06 5.000000E-02 0.000000E+00
  4082 1.925186E-15 5.515896E-06 5.275544E-02 0.000000E+00
  4083 3.036414E-15 5.846323E-06 3.734689E-02 0.000000E+00
  4084 1.224475E-15 5.335574E-06 3.855682E-02 0.000000E+00
  4085 1.436811E-15 5.683827E-06 5.755718E-02 0.000000E+00
  4086 3.949462E-15 6.040406E-06 6.049540E-02 0.000000E+00
  4087 2.378170E-15 5.265358E-06 3.223214E-02 0.000000E+00
  4088 5.244715E-15 6.358238E-06 3.650818E-02 0.000000E+00
  4089 4.027318E-15 5.664960E-06 3.817549E-02 0.000000E+00
  4090 5.329650E-15 4.961847E-06 5.000000E-02 0.000000E+00
  4091 3.984851E-15 5.818975E-06 5.000000E-02 0.000000E+00
  4092 5.350883E-15 5.866328E-06 2.271611E-02 0.000000E+00
  4093 1.436811E-15 5.447588E-06 5.904441E-02 0.000000E+00
  4094 4.112253E-15 5.871964E-06 4.246438E-02 0.000000E+00
  4095 6.532891E-15 5.704039E-06 5.000000E-02 0.000000E+00
  4096 4.890821E-15 5.739013E-06 5.000000E-02 0.000000E+00
  4097 2.293236E-15 5.109551E-06 4.756125E-02 0.000000E+00
  4098 1.295961E-14 5.709947E-06 5.000000E-02 0.000000E+00
  4099 2.286158E-15 6.014170E-06 7.666956E-02 0.000000E+00
  4100 1.422655E-15 5.272136E-06 8.474495E-02 0.000000E+00
  4101 4.175954E-15 5.573096E-06 7.311297E-02 0.000000E+00
  4102 2.717909E-15 6.120303E-06 4.418568E-02 0.000000E+00
  4103 1.323565E-15 5.634987E-06 3.475167E-02 0.000000E+00
  4104 2.533884E-15 5.664987E-06 5.812922E-02 0.000000E+00
  4105 1.840251E-15 5.263887E-06 7.080274E-02 0.000000E+00
  4106 1.366032E-15 5.094163E-06 3.210320E-02 0.000000E+00
  4107 2.003042E-15 5.817061E-06 5.471768E-02 0.000000E+00
  4108 2.250768E-15 5.871833E-06 4.458345E-02 0.000000E+00
  4109 4.204265E-15 6.121090E-06 2.328987E-02 0.000000E+00
  4110 2.590507E-15 5.447549E-06 6.956101E-02 0.000000E+00
  4111 1.925186E-15 5.516560E-06 5.083231E-02 0.000000E+00
  4112 1.450967E-15 5.644076E-06 6.143074E-02 0.000000E+00
  4113 8.330674E-15 7.955167E-06 5.195665E-02 0.000000E+00
  4114 2.356937E-15 5.383935E-06 7.722127E-02 0.000000E+00
  4115 3.135504E-15 5.833593E-06 4.450719E-02 0.000000E+00
  4116 1.868562E-15 5.356251E-06 4.206544E-02 0.000000E+00
  4117 2.916090E-15 6.188204E-06 6.418756E-02 0.000000E+00
  4118 4.027318E-15 6.041451E-06 4.396728E-02 0.000000E+00
  4119 1.387266E-15 4.892360E-06 5.000000E-02 0.000000E+00
  4120 1.415578E-15 5.514387E-06 5.768913E-02 0.000000E+00
  4121 7.431782E-16 5.736446E-06 4.675505E-02 0.000000E+00
  4122 1.557135E-15 5.364057E-06 5.000000E-02 0.000000E+00
  4123 3.652190E-15 5.715340E-06 4.468584E-02 0.000000E+00
  4124 1.741160E-15 5.935198E-06 6.065962E-02 0.000000E+00
  4125 1.627914E-15 5.465919E-06 8.646577E-02 0.000000E+00
  4126 3.142582E-15 5.530857E-06 5.838922E-02 0.000000E+00
  4127 7.070810E-15 6.041428E-06 6.108690E-02 0.000000E+00
  4128 4.098097E-15 5.818910E-06 3.364959E-02 0.000000E+00
  4129 2.052588E-15 5.372484E-06 4.712032E-02 0.000000E+00
  4130 2.555118E-15 5.356490E-06 8.003416E-02 0.000000E+00
  4131 1.826095E-15 5.267839E-06 4.451800E-02 0.000000E+00
  4132 4.076863E-15 5.437270E-06 4.620749E-02 0.000000E+00
  4133 2.215379E-15 5.562291E-06 5.000000E-02 0.000000E+00
  4134 1.826095E-15 5.462957E-06 5.000000E-02 0.000000E+00
  4135 4.062708E-15 5.816376E-06 6.487598E-02 0.000000E+00
  4136 1.160774E-15 5.881852E-06 6.336533E-02 0.000000E+00
  4137 4.459069E-15 5.870970E-06 4.621435E-02 0.000000E+00
  4138 2.293236E-15 5.864060E-06 4.722198E-02 0.000000E+00
  4139 3.107193E-15 5.710142E-06 3.940281E-02 0.000000E+00
  4140 1.366032E-15 5.816054E-06 5.269493E-02 0.000000E+00
  4141 1.981809E-15 5.840925E-06 7.900000E-02 0.000000E+00
  4142 1.535902E-15 5.034994E-06 4.940409E-02 0.000000E+00
  4143 1.040450E-15 5.844989E-06 5.232624E-02 0.000000E+00
  4144 1.104151E-15 5.528762E-06 7.640867E-02 0.000000E+00
  4145 1.571291E-15 4.970789E-06 6.907104E-02 0.000000E+00
  4146 3.404464E-15 5.097870E-06 6.573938E-02 0.000000E+00
  4147 2.201223E-15 5.524149E-06 5.000000E-02 0.000000E+00
  4148 5.449974E-15 5.527789E-06 5.000000E-02 0.000000E+00
  4149 1.401422E-15 5.570786E-06 5.000000E-02 0.000000E+00
  4150 2.519728E-15 5.071618E-06 8.150119E-02 0.000000E+00
  4151 1.557135E-15 5.035910E-06 5.078197E-02 0.000000E+00
  4152 2.958557E-15 6.044150E-06 3.161069E-02 0.000000E+00
  4153 2.753298E-15 5.970287E-06 3.452517E-02 0.000000E+00
  4154 2.795766E-15 6.188480E-06 5.554489E-02 0.000000E+00
  4155 1.868562E-15 5.531427E-06 5.228246E-02 0.000000E+00
  4156 4.827120E-15 6.013833E-06 3.417746E-02 0.000000E+00
  4157 3.701735E-15 6.041132E-06 4.791346E-02 0.000000E+00
  4158 1.075839E-15 5.403787E-06 5.106991E-02 0.000000E+00
  4159 4.912054E-15 5.032388E-06 6.873493E-02 0.000000E+00
  4160 1.479279E-15 5.264498E-06 6.360529E-02 0.000000E+00
  4161 1.677459E-15 5.408703E-06 5.689490E-02 0.000000E+00
  4162 2.668364E-15 5.363551E-06 5.201309E-02 0.000000E+00
  4163 3.319529E-15 5.688443E-06 7.540803E-02 0.000000E+00
  4164 2.937324E-15 5.529077E-06 3.821303E-02 0.000000E+00
  4165 2.130444E-15 5.069933E-06 4.228832E-02 0.000000E+00
  4166 1.698693E-15 4.927028E-06 5.851797E-02 0.000000E+00
  4167 2.526806E-15 5.033400E-06 5.000000E-02 0.000000E+00
  4168 2.003042E-15 5.348545E-06 5.000000E-02 0.000000E+00
  4169 9.767485E-16 5.368256E-06 5.498366E-02 0.000000E+00
  4170 1.465123E-15 5.979775E-06 2.172441E-02 0.000000E+00
  4171 1.819017E-15 5.313154E-06 5.116718E-02 0.000000E+00
  4172 1.868562E-15 5.364964E-06 4.419417E-02 0.000000E+00
  4173 2.017198E-15 5.035099E-06 4.761009E-02 0.000000E+00
  4174 4.536926E-15 6.035167E-06 4.620509E-02 0.000000E+00
  4175 1.649148E-15 5.249969E-06 5.241568E-02 0.000000E+00
  4176 2.491417E-15 6.035183E-06 4.489179E-02 0.000000E+00
  4177 2.760376E-15 5.285732E-06 8.228349E-02 0.000000E+00
  4178 3.291218E-15 5.757980E-06 6.875191E-02 0.000000E+00
  4179 2.123366E-15 5.792630E-06 5.000000E-02 0.000000E+00
  4180 2.887778E-15 5.798615E-06 5.000000E-02 0.000000E+00
  4181 2.087977E-15 5.780787E-06 4.604865E-02 0.000000E+00
  4182 2.448949E-15 5.569769E-06 7.900000E-02 0.000000E+00
  4183 1.104151E-15 5.335347E-06 4.685897E-02 0.000000E+00
  4184 2.824077E-15 5.704794E-06 4.017492E-02 0.000000E+00
  4185 1.734083E-15 5.414387E-06 4.625604E-02 0.000000E+00
  4186 1.366032E-15 5.740737E-06 5.339083E-02 0.000000E+00
  4187 1.259864E-15 5.715898E-06 4.417343E-02 0.000000E+00
  4188 1.613758E-15 5.781908E-06 5.202135E-02 0.000000E+00
  4189 1.528824E-15 5.348716E-06 4.013372E-02 0.000000E+00
  4190 2.887778E-15 6.040886E-06 5.496132E-02 0.000000E+00
  4191 1.394344E-15 5.175798E-06 5.733808E-02 0.000000E+00
  4192 2.194145E-15 5.287757E-06 4.721972E-02 0.000000E+00
  4193 1.542980E-15 5.308797E-06 3.941253E-02 0.000000E+00
  4194 1.819017E-15 5.465305E-06 3.216704E-02 0.000000E+00
  4195 8.507621E-15 6.072513E-06 4.341265E-02 0.000000E+00
  4196 3.376153E-15 5.703338E-06 5.010299E-02 0.000000E+00
  4197 3.906994E-15 6.043718E-06 4.607993E-02 0.000000E+00
  4198 2.116289E-15 5.272021E-06 2.891443E-02 0.000000E+00
  4199 2.873623E-15 5.425789E-06 5.322788E-02 0.000000E+00
  4200 4.735107E-15 5.441535E-06 5.884725E-02 0.000000E+00
  4201 3.538944E-15 5.905991E-06 5.000000E-02 0.000000E+00
  4202 2.540962E-15 6.140814E-06 2.745444E-02 0.000000E+00
  4203 1.826095E-15 5.264716E-06 3.613510E-02 0.000000E+00
  4204 1.075839E-15 5.034976E-06 5.509093E-02 0.000000E+00
  4205 4.508615E-15 5.672932E-06 5.000000E-02 0.000000E+00
  4206 1.323565E-15 5.465217E-06 6.842260E-02 0.000000E+00
  4207 1.118306E-15 5.530326E-06 6.719582E-02 0.000000E+00
  4208 1.472201E-15 5.134958E-06 3.232940E-02 0.000000E+00
  4209 1.366032E-15 5.519329E-06 6.744648E-02 0.000000E+00
  4210 2.335703E-15 5.796274E-06 4.019725E-02 0.000000E+00
  4211 2.349859E-15 5.587478E-06 6.164476E-02 0.000000E+00
  4212 2.696675E-15 4.981653E-06 5.308265E-02 0.000000E+00
  4213 5.485363E-15 5.978388E-06 1.188124E-02 0.000000E+00
  4214 7.332692E-15 6.044653E-06 5.000000E-02 0.000000E+00
  4215 2.144600E-15 5.664962E-06 4.209993E-02 0.000000E+00
  4216 3.638034E-15 5.688515E-06 3.999893E-02 0.000000E+00
  4217 6.228541E-15 6.352173E-06 5.559626E-02 0.000000E+00
  4218 1.373110E-15 5.264692E-06 5.000000E-02 0.000000E+00
  4219 2.816999E-15 5.269451E-06 5.317978E-02 0.000000E+00
  4220 2.753298E-15 5.820364E-06 4.928982E-02 0.000000E+00
  4221 3.347841E-15 5.834007E-06 2.795085E-02 0.000000E+00
  4222 2.979791E-15 5.842298E-06 4.787055E-02 0.000000E+00
  4223 4.904976E-15 5.934731E-06 5.000000E-02 0.000000E+00
  4224 3.057648E-15 5.979333E-06 4.724696E-02 0.000000E+00
  4225 2.314469E-15 5.790683E-06 1.733438E-02 0.000000E+00
  4226 4.367057E-15 6.160805E-06 3.816146E-02 0.000000E+00
  4227 3.765436E-15 5.446590E-06 5.000000E-02 0.000000E+00
  4228 2.385248E-15 5.366673E-06 5.000000E-02 0.000000E+00
  4229 3.942384E-15 5.866780E-06 3.701681E-02 0.000000E+00
  4230 2.307391E-15 5.673983E-06 5.000000E-02 0.000000E+00
  4231 1.833173E-15 5.108981E-06 3.733171E-02 0.000000E+00
  4232 2.257846E-15 5.082583E-06 5.000000E-02 0.000000E+00
  4233 2.335703E-15 5.973778E-06 3.125000E-02 0.000000E+00
  4234 7.686586E-15 5.902953E-06 2.765949E-02 0.000000E+00
  4235 1.203241E-15 5.034329E-06 5.000000E-02 0.000000E+00
  4236 8.281129E-16 5.821983E-06 1.645115E-02 0.000000E+00
  4237 2.512650E-15 5.499367E-06 5.000000E-02 0.000000E+00
  4238 2.158756E-15 5.249958E-06 4.631723E-02 0.000000E+00
  4239 1.833173E-15 5.389878E-06 4.302116E-02 0.000000E+00
  4240 2.364015E-15 5.839456E-06 6.062434E-02 0.000000E+00
  4241 4.798808E-15 5.833920E-06 3.612771E-02 0.000000E+00
  4242 7.523795E-15 5.673907E-06 4.229990E-02 0.000000E+00
  4243 1.153696E-15 4.912230E-06 4.612347E-02 0.000000E+00
  4244 5.230559E-15 5.793654E-06 5.000000E-02 0.000000E+00
  4245 3.333685E-15 5.309068E-06 3.998533E-02 0.000000E+00
  4246 2.172912E-15 5.374663E-06 5.000000E-02 0.000000E+00
  4247 6.823084E-15 5.685765E-06 3.345780E-02 0.000000E+00
  4248 2.059665E-15 5.264365E-06 5.000000E-02 0.000000E+00
  4249 2.448949E-15 5.596739E-06 5.000000E-02 0.000000E+00
  4250 2.710831E-15 5.090628E-06 5.000000E-02 0.000000E+00
  4251 1.542980E-15 5.374395E-06 5.360384E-02 0.000000E+00
  4252 2.597585E-15 5.664966E-06 4.129845E-02 0.000000E+00
  4253 6.433800E-15 7.203501E-06 2.148698E-02 0.000000E+00
  4254 1.918108E-15 4.911069E-06 3.270568E-02 0.000000E+00
  4255 7.148667E-16 4.960296E-06 7.518925E-02 0.000000E+00
  4256 5.690622E-15 5.442166E-06 3.443415E-02 0.000000E+00
  4257 1.479279E-15 5.628550E-06 4.514867E-02 0.000000E+00
  4258 1.988887E-15 5.428813E-06 5.000000E-02 0.000000E+00
  4259 2.038432E-15 5.244843E-06 6.113769E-02 0.000000E+00
  4260 2.852389E-15 5.416208E-06 5.971890E-02 0.000000E+00
  4261 2.555118E-15 5.336007E-06 5.117171E-02 0.000000E+00
  4262 1.387266E-15 5.081088E-06 4.819762E-02 0.000000E+00
  4263 5.676466E-15 5.685336E-06 5.000000E-02 0.000000E+00
  4264 9.838264E-16 4.923432E-06 4.738975E-02 0.000000E+00
  4265 3.991929E-15 5.072771E-06 3.342786E-02 0.000000E+00
  4266 3.361997E-15 5.306631E-06 3.966474E-02 0.000000E+00
  4267 1.302331E-15 6.043813E-06 5.708328E-02 0.000000E+00
  4268 4.034396E-15 4.960728E-06 6.924764E-02 0.000000E+00
  4269 2.894856E-15 5.673211E-06 5.000000E-02 0.000000E+00
  4270 1.918108E-15 5.340732E-06 6.776082E-02 0.000000E+00
  4271 2.342781E-15 5.272134E-06 5.033234E-02 0.000000E+00
  4272 2.215379E-15 5.347325E-06 5.000000E-02 0.000000E+00
  4273 3.213361E-15 5.877946E-06 5.000000E-02 0.000000E+00
  4274 2.519728E-15 5.871145E-06 6.357600E-02 0.000000E+00
  4275 2.739143E-15 6.045090E-06 4.278129E-02 0.000000E+00
  4276 3.652190E-15 5.584922E-06 1.828686E-02 0.000000E+00
  4277 5.754323E-15 6.192692E-06 3.541042E-02 0.000000E+00
  4278 1.663304E-15 5.586786E-06 5.000000E-02 0.000000E+00
  4279 2.618819E-15 4.933898E-06 4.783092E-02 0.000000E+00
  4280 5.704778E-15 5.289854E-06 3.913741E-02 0.000000E+00
  4281 2.250768E-15 5.676866E-06 5.735461E-02 0.000000E+00
  4282 2.767454E-15 5.628945E-06 5.000000E-02 0.000000E+00
  4283 1.868562E-15 5.704617E-06 4.802284E-02 0.000000E+00
  4284 1.896874E-15 5.348682E-06 5.000000E-02 0.000000E+00
  4285 2.604663E-15 5.703521E-06 3.806757E-02 0.000000E+00
  4286 2.831155E-15 6.062921E-06 5.807438E-02 0.000000E+00
  4287 3.652190E-15 5.547528E-06 5.000000E-02 0.000000E+00
  4288 3.687580E-15 6.043511E-06 5.000000E-02 0.000000E+00
  4289 1.599603E-15 5.518711E-06 5.000000E-02 0.000000E+00
  4290 1.599603E-15 5.874207E-06 5.904221E-02 0.000000E+00
  4291 1.755316E-15 5.036557E-06 4.661169E-02 0.000000E+00
  4292 1.429733E-15 5.318587E-06 4.167950E-02 0.000000E+00
  4293 5.598609E-15 6.062978E-06 4.897088E-02 0.000000E+00
  4294 2.371092E-15 5.263609E-06 5.000000E-02 0.000000E+00
  4295 1.981809E-15 6.062872E-06 5.000000E-02 0.000000E+00
  4296 1.649148E-15 4.898062E-06 5.000000E-02 0.000000E+00
  4297 3.956539E-15 5.688417E-06 4.014392E-02 0.000000E+00
  4298 2.512650E-15 5.556824E-06 3.605252E-02 0.000000E+00
  4299 1.762394E-15 4.917954E-06 5.000000E-02 0.000000E+00
  4300 1.698693E-15 5.036114E-06 5.691933E-02 0.000000E+00
  4301 1.493434E-15 5.791436E-06 6.683936E-02 0.000000E+00
  4302 2.448949E-15 5.359148E-06 4.721323E-02 0.000000E+00
  4303 3.694658E-15 5.904461E-06 4.791993E-02 0.000000E+00
  4304 4.968677E-15 6.063875E-06 2.697682E-02 0.000000E+00
  4305 8.351908E-16 5.068870E-06 4.003845E-02 0.000000E+00
  4306 4.720951E-15 5.615928E-06 5.000000E-02 0.000000E+00
  4307 2.852389E-15 5.843612E-06 3.179373E-02 0.000000E+00
  4308 3.213361E-15 5.704081E-06 4.003712E-02 0.000000E+00
  4309 1.146618E-15 5.072981E-06 4.414710E-02 0.000000E+00
  4310 2.689597E-15 4.928170E-06 4.896068E-02 0.000000E+00
  4311 1.217397E-15 5.448064E-06 4.787635E-02 0.000000E+00
  4312 5.839258E-15 5.792268E-06 4.885049E-02 0.000000E+00
  4313 2.767454E-15 5.320517E-06 3.661165E-02 0.000000E+00
  4314 2.923168E-15 5.515661E-06 5.000000E-02 0.000000E+00
  4315 2.208301E-15 5.570860E-06 7.382683E-02 0.000000E+00
  4316 2.930246E-15 5.094200E-06 3.641669E-02 0.000000E+00
  4317 2.696675E-15 5.712897E-06 5.000000E-02 0.000000E+00
  4318 8.281129E-16 5.379340E-06 4.121779E-02 0.000000E+00
  4319 3.885761E-15 5.706783E-06 5.228282E-02 0.000000E+00
  4320 2.470183E-15 5.500507E-06 3.950072E-02 0.000000E+00
  4321 4.522770E-15 5.791803E-06 7.402567E-02 0.000000E+00
  4322 1.868562E-15 5.443169E-06 3.867936E-02 0.000000E+00
  4323 2.477261E-15 5.632153E-06 4.886059E-02 0.000000E+00
  4324 1.521746E-15 5.268572E-06 6.522756E-02 0.000000E+00
  4325 9.272033E-16 5.338481E-06 4.139794E-02 0.000000E+00
  4326 4.140564E-15 5.794812E-06 5.523878E-02 0.000000E+00
  4327 3.793748E-15 6.043423E-06 4.901270E-02 0.000000E+00
  4328 4.876665E-15 5.883380E-06 5.273544E-02 0.000000E+00
  4329 1.974731E-15 5.262746E-06 5.037357E-02 0.000000E+00
  4330 9.342812E-16 4.982989E-06 5.016586E-02 0.000000E+00
  4331 1.663304E-15 5.013993E-06 5.252745E-02 0.000000E+00
  4332 2.335703E-15 5.266813E-06 2.318267E-02 0.000000E+00
  4333 3.850371E-15 4.782437E-06 4.282448E-02 0.000000E+00
  4334 5.322572E-15 5.351304E-06 5.872024E-02 0.000000E+00
  4335 5.287182E-15 5.429063E-06 5.000000E-02 0.000000E+00
  4336 1.231553E-15 5.348737E-06 4.480186E-02 0.000000E+00
  4337 1.854407E-15 5.902676E-06 4.613860E-02 0.000000E+00
  4338 1.387266E-15 5.017106E-06 6.430457E-02 0.000000E+00
  4339 3.093037E-15 5.866663E-06 3.209438E-02 0.000000E+00
  4340 5.074846E-15 4.925003E-06 5.000000E-02 0.000000E+00
  4341 2.130444E-15 5.380828E-06 3.408770E-02 0.000000E+00
  4342 3.885761E-15 5.294178E-06 5.000000E-02 0.000000E+00
  4343 3.538944E-15 5.595445E-06 5.000000E-02 0.000000E+00
  4344 4.820042E-15 5.690503E-06 6.726019E-02 0.000000E+00
  4345 2.215379E-15 5.337702E-06 5.942725E-02 0.000000E+00
  4346 3.878683E-15 5.439622E-06 4.989428E-02 0.000000E+00
  4347 2.951479E-15 5.616257E-06 4.656359E-02 0.000000E+00
  4348 1.712849E-15 5.264385E-06 5.137053E-02 0.000000E+00
  4349 4.777574E-15 5.664993E-06 4.468286E-02 0.000000E+00
  4350 4.742185E-16 5.373949E-06 3.497330E-02 0.000000E+00
  4351 4.175954E-16 5.036510E-06 3.998545E-02 0.000000E+00
  4352 2.463105E-15 5.630261E-06 1.419644E-02 0.000000E+00
  4353 5.308416E-16 5.737788E-06 3.434678E-02 0.000000E+00
  4354 4.671406E-16 5.625361E-06 4.990797E-02 0.000000E+00
  4355 5.096079E-16 5.827681E-06 3.874297E-02 0.000000E+00
  4356 6.723994E-16 5.305228E-06 5.675337E-02 0.000000E+00
  4357 2.548040E-16 5.625636E-06 6.132151E-02 0.000000E+00
  4358 1.047527E-15 5.657088E-06 4.293244E-02 0.000000E+00
  4359 3.397386E-16 5.305570E-06 3.321350E-02 0.000000E+00
  4360 4.459069E-16 5.220718E-06 4.298625E-02 0.000000E+00
  4361 1.061683E-15 5.737386E-06 1.839211E-02 0.000000E+00
  4362 5.591532E-16 7.811167E-06 5.736283E-02 0.000000E+00
  4363 7.219446E-16 5.203391E-06 2.040178E-02 0.000000E+00
  4364 6.865551E-16 5.305571E-06 5.073369E-02 0.000000E+00
  4365 6.936330E-16 5.219112E-06 2.046543E-02 0.000000E+00
  4366 1.627914E-16 4.921881E-06 4.685197E-02 0.000000E+00
  4367 4.388291E-16 5.827657E-06 4.981148E-02 0.000000E+00
  4368 4.317512E-16 5.036591E-06 1.670220E-02 0.000000E+00
  4369 4.112253E-15 6.862566E-06 2.726039E-02 0.000000E+00
  4370 1.274020E-15 5.489013E-06 2.340829E-02 0.000000E+00
  4371 8.620868E-15 6.358813E-06 6.189871E-02 0.000000E+00
  4372 3.142582E-15 5.714729E-06 5.534881E-02 0.000000E+00
  4373 2.250768E-15 5.998705E-06 7.307129E-02 0.000000E+00
  4374 9.385279E-15 5.997423E-06 5.000000E-02 0.000000E+00
  4375 3.560178E-15 5.711283E-06 3.519719E-02 0.000000E+00
  4376 8.245740E-15 5.711251E-06 6.250000E-02 0.000000E+00
  4377 2.937324E-15 5.995120E-06 3.422208E-02 0.000000E+00
  4378 1.797784E-15 5.364927E-06 5.000000E-02 0.000000E+00
  4379 3.369075E-15 5.745520E-06 5.000000E-02 0.000000E+00
  4380 1.486356E-15 5.728489E-06 5.567088E-02 0.000000E+00
  4381 4.013162E-15 4.446136E-06 1.250000E-02 0.000000E+00
  4382 2.916090E-15 5.362502E-06 5.000000E-02 0.000000E+00
  4383 2.017198E-15 5.781445E-06 7.721459E-02 0.000000E+00
  4384 4.027318E-15 5.361958E-06 4.028218E-02 0.000000E+00
  4385 1.082917E-15 5.992446E-06 7.949023E-02 0.000000E+00
  4386 3.397386E-15 5.992104E-06 5.257813E-02 0.000000E+00
  4387 2.187067E-15 5.362793E-06 5.968509E-02 0.000000E+00
  4388 1.840251E-15 5.404169E-06 3.488518E-02 0.000000E+00
  4389 2.979791E-15 5.706516E-06 4.647860E-02 0.000000E+00
  4390 2.512650E-15 5.706011E-06 4.599721E-02 0.000000E+00
  4391 2.236613E-15 5.723069E-06 7.494354E-02 0.000000E+00
  4392 2.434793E-15 5.335695E-06 4.935133E-02 0.000000E+00
  4393 1.939341E-15 5.721956E-06 7.215625E-02 0.000000E+00
  4394 2.597585E-15 4.741623E-06 5.000000E-02 0.000000E+00
  4395 1.840251E-15 5.335610E-06 5.629569E-02 0.000000E+00
  4396 2.024276E-15 4.730661E-06 5.000000E-02 0.000000E+00
  4397 1.811939E-15 5.335573E-06 5.381013E-02 0.000000E+00
  4398 1.316487E-15 5.396838E-06 5.810999E-02 0.000000E+00
  4399 9.130476E-16 4.693015E-06 8.234060E-02 0.000000E+00
  4400 1.684537E-15 4.450361E-06 5.582618E-02 0.000000E+00
  4401 9.201254E-16 4.642172E-06 4.730796E-02 0.000000E+00
  4402 8.847360E-16 5.361060E-06 5.674822E-02 0.000000E+00
  4403 1.479279E-15 4.594232E-06 3.156765E-02 0.000000E+00
  4404 3.546022E-15 6.035167E-06 3.469134E-02 0.000000E+00
  4405 2.937324E-15 5.335560E-06 6.156589E-02 0.000000E+00
  4406 1.528824E-15 4.731347E-06 8.539104E-02 0.000000E+00
  4407 1.210319E-15 4.794651E-06 4.665247E-02 0.000000E+00
  4408 4.041474E-15 5.880531E-06 4.275396E-02 0.000000E+00
  4409 1.274020E-15 4.591334E-06 6.382226E-02 0.000000E+00
  4410 2.038432E-15 5.335541E-06 6.581472E-02 0.000000E+00
  4411 1.026294E-15 4.812952E-06 5.957212E-02 0.000000E+00
  4412 3.050570E-15 5.359801E-06 3.099571E-02 0.000000E+00
  4413 1.500512E-15 4.868201E-06 5.000000E-02 0.000000E+00
  4414 2.668364E-15 6.224721E-06 4.634973E-02 0.000000E+00
  4415 1.719927E-15 4.944805E-06 5.064453E-02 0.000000E+00
  4416 1.889796E-15 5.411307E-06 6.255073E-02 0.000000E+00
  4417 3.001025E-15 5.997955E-06 8.881863E-02 0.000000E+00
  4418 1.493434E-15 4.698543E-06 4.312048E-02 0.000000E+00
  4419 1.670382E-15 5.335551E-06 3.346963E-02 0.000000E+00
  4420 1.026294E-15 4.699359E-06 7.735285E-02 0.000000E+00
  4421 6.086984E-16 5.360195E-06 6.318507E-02 0.000000E+00
  4422 5.308416E-16 4.642326E-06 4.382925E-02 0.000000E+00
  4423 8.139571E-16 4.730319E-06 4.339296E-02 0.000000E+00
  4424 9.625928E-16 4.785502E-06 5.407820E-02 0.000000E+00
  4425 8.988918E-16 4.596459E-06 5.116346E-02 0.000000E+00
  4426 3.701735E-15 4.596824E-06 5.955365E-02 0.000000E+00
  4427 1.691615E-15 4.691156E-06 4.068065E-02 0.000000E+00
  4428 2.618819E-15 4.692254E-06 6.122857E-02 0.000000E+00
  4429 1.252786E-15 4.864897E-06 8.962449E-02 0.000000E+00
  4430 1.146618E-15 5.357459E-06 5.372386E-02 0.000000E+00
  4431 1.472201E-15 4.664975E-06 6.857302E-02 0.000000E+00
  4432 2.901934E-15 4.868732E-06 5.763674E-02 0.000000E+00
  4433 1.408500E-15 4.778074E-06 1.831381E-02 0.000000E+00
  4434 2.378170E-15 5.348710E-06 3.264736E-02 0.000000E+00
  4435 2.038432E-15 5.705765E-06 4.965071E-02 0.000000E+00
  4436 2.179990E-15 5.357005E-06 4.108854E-02 0.000000E+00
  4437 1.366032E-15 5.411624E-06 5.000000E-02 0.000000E+00
  4438 1.528824E-15 4.725660E-06 4.172274E-02 0.000000E+00
  4439 2.349859E-15 4.860822E-06 5.752683E-02 0.000000E+00
  4440 2.222457E-15 5.705775E-06 5.770974E-02 0.000000E+00
  4441 5.103157E-15 5.705752E-06 3.768820E-02 0.000000E+00
  4442 1.578369E-15 4.444307E-06 5.515297E-02 0.000000E+00
  4443 2.392326E-15 5.367935E-06 1.295815E-02 0.000000E+00
  4444 2.236613E-15 4.810485E-06 5.915403E-02 0.000000E+00
  4445 1.323565E-15 5.456549E-06 5.240332E-02 0.000000E+00
  4446 1.861485E-15 4.690755E-06 3.327620E-02 0.000000E+00
  4447 1.196163E-15 4.729007E-06 5.873869E-02 0.000000E+00
  4448 2.930246E-15 5.358324E-06 4.101401E-02 0.000000E+00
  4449 1.847329E-15 5.418047E-06 6.448624E-02 0.000000E+00
  4450 2.010120E-15 5.367486E-06 5.000000E-02 0.000000E+00
  4451 1.486356E-15 5.370189E-06 6.646065E-02 0.000000E+00
  4452 1.337721E-15 4.838253E-06 8.177360E-02 0.000000E+00
  4453 3.638034E-15 5.362076E-06 4.583216E-02 0.000000E+00
  4454 8.564244E-16 4.726800E-06 8.103125E-02 0.000000E+00
  4455 1.330643E-15 5.364020E-06 3.662276E-02 0.000000E+00
  4456 2.569273E-15 5.347458E-06 6.280970E-02 0.000000E+00
  4457 2.165834E-15 4.601620E-06 3.125000E-02 0.000000E+00
  4458 1.139540E-15 5.715365E-06 5.726920E-02 0.000000E+00
  4459 1.252786E-15 5.722123E-06 3.125000E-02 0.000000E+00
  4460 1.118306E-15 4.694249E-06 5.951289E-02 0.000000E+00
  4461 8.988918E-16 4.861341E-06 5.743672E-02 0.000000E+00
  4462 1.026294E-15 5.360682E-06 7.420291E-02 0.000000E+00
  4463 2.017198E-15 4.690427E-06 4.544936E-02 0.000000E+00
  4464 9.767485E-16 4.586958E-06 3.862174E-02 0.000000E+00
  4465 1.387266E-15 4.639018E-06 4.727162E-02 0.000000E+00
  4466 4.444914E-15 6.044320E-06 3.599996E-02 0.000000E+00
  4467 1.429733E-15 5.721084E-06 5.656815E-02 0.000000E+00
  4468 1.861485E-15 4.734875E-06 1.791856E-02 0.000000E+00
  4469 1.564213E-15 4.725534E-06 5.000000E-02 0.000000E+00
  4470 8.373142E-15 5.348428E-06 4.283561E-02 0.000000E+00
  4471 1.642070E-15 4.771736E-06 4.316787E-02 0.000000E+00
  4472 1.189085E-15 5.348351E-06 3.277507E-02 0.000000E+00
  4473 1.762394E-15 5.716031E-06 5.000000E-02 0.000000E+00
  4474 1.415578E-15 4.814904E-06 5.000000E-02 0.000000E+00
  4475 1.493434E-15 4.457876E-06 6.823645E-02 0.000000E+00
  4476 6.462112E-15 4.863129E-06 5.000000E-02 0.000000E+00
  4477 6.723994E-16 5.327201E-06 3.289420E-02 0.000000E+00
  4478 1.033372E-15 5.369651E-06 6.537746E-02 0.000000E+00
  4479 3.369075E-15 6.960363E-06 2.551704E-02 0.000000E+00
  4480 4.395368E-15 4.596399E-06 5.000000E-02 0.000000E+00
  4481 5.152702E-15 4.642140E-06 3.723728E-02 0.000000E+00
  4482 2.095055E-15 4.762860E-06 5.000000E-02 0.000000E+00
  4483 3.071803E-15 4.739851E-06 5.000000E-02 0.000000E+00
  4484 1.458045E-15 5.411966E-06 5.265040E-02 0.000000E+00
  4485 2.965635E-15 4.870188E-06 3.718735E-02 0.000000E+00
  4486 1.500512E-15 4.691264E-06 5.000000E-02 0.000000E+00
  4487 4.013162E-15 5.723150E-06 5.495333E-02 0.000000E+00
  4488 1.677459E-15 4.649618E-06 6.064777E-02 0.000000E+00
  4489 1.868562E-15 5.882512E-06 5.000000E-02 0.000000E+00
  4490 1.019216E-15 4.656078E-06 5.000000E-02 0.000000E+00
  4491 2.229535E-15 5.721567E-06 5.000000E-02 0.000000E+00
  4492 1.033372E-15 4.590114E-06 5.135375E-02 0.000000E+00
  4493 3.857449E-15 5.369477E-06 5.000000E-02 0.000000E+00
  4494 9.130476E-16 4.814124E-06 6.469021E-02 0.000000E+00
  4495 5.994971E-15 7.264463E-06 3.682058E-02 0.000000E+00
  4496 2.640052E-15 5.400914E-06 5.000000E-02 0.000000E+00
  4497 2.512650E-15 4.690484E-06 6.780842E-02 0.000000E+00
  4498 2.116289E-15 4.766699E-06 4.181253E-02 0.000000E+00
  4499 1.281098E-15 4.840477E-06 5.408208E-02 0.000000E+00
  4500 1.252786E-15 4.835819E-06 7.387587E-02 0.000000E+00
  4501 3.022258E-15 5.349347E-06 5.000000E-02 0.000000E+00
  4502 1.535902E-15 4.791942E-06 5.633876E-02 0.000000E+00
  4503 2.456027E-15 4.451532E-06 3.886673E-02 0.000000E+00
  4504 1.458045E-15 5.705750E-06 6.504388E-02 0.000000E+00
  4505 3.390308E-15 4.832848E-06 5.000000E-02 0.000000E+00
  4506 4.459069E-16 4.644136E-06 6.974584E-02 0.000000E+00
  4507 8.635023E-16 4.642609E-06 7.907710E-02 0.000000E+00
  4508 7.007109E-16 4.711414E-06 4.816070E-02 0.000000E+00
  4509 3.220439E-15 5.705760E-06 5.392140E-02 0.000000E+00
  4510 1.960575E-15 5.347328E-06 3.307778E-02 0.000000E+00
  4511 1.719927E-15 5.421503E-06 6.908432E-02 0.000000E+00
  4512 2.293236E-15 5.455471E-06 3.940091E-02 0.000000E+00
  4513 6.723994E-16 4.589450E-06 7.689483E-02 0.000000E+00
  4514 2.087977E-15 5.400966E-06 3.913012E-02 0.000000E+00
  4515 1.408500E-15 4.868866E-06 5.000000E-02 0.000000E+00
  4516 2.625896E-15 4.694026E-06 5.000000E-02 0.000000E+00
  4517 2.894856E-15 5.360130E-06 4.656226E-02 0.000000E+00
  4518 8.210350E-16 4.653405E-06 6.250000E-02 0.000000E+00
  4519 1.415578E-15 5.705783E-06 3.125000E-02 0.000000E+00
  4520 3.722969E-15 4.771011E-06 5.000000E-02 0.000000E+00
  4521 1.564213E-15 4.786464E-06 5.000000E-02 0.000000E+00
  4522 5.945426E-16 4.657324E-06 7.862785E-02 0.000000E+00
  4523 1.231553E-15 4.819961E-06 3.374566E-02 0.000000E+00
  4524 3.928228E-15 5.370871E-06 3.592544E-02 0.000000E+00
  4525 2.632974E-15 4.686469E-06 5.000000E-02 0.000000E+00
  4526 3.482321E-15 4.864386E-06 4.739503E-02 0.000000E+00
  4527 1.592525E-15 5.358556E-06 6.662532E-02 0.000000E+00
  4528 3.546022E-15 6.035172E-06 6.912935E-02 0.000000E+00
  4529 1.684537E-15 4.698430E-06 4.593148E-02 0.000000E+00
  4530 9.625928E-16 4.599078E-06 4.083474E-02 0.000000E+00
  4531 1.592525E-15 4.778130E-06 5.000000E-02 0.000000E+00
  4532 2.951479E-15 6.341388E-06 5.451625E-02 0.000000E+00
  4533 2.300314E-15 5.348295E-06 6.160001E-02 0.000000E+00
  4534 9.555149E-16 4.734638E-06 5.000000E-02 0.000000E+00
  4535 1.741160E-15 5.412171E-06 5.844895E-02 0.000000E+00
  4536 1.330643E-15 4.593673E-06 5.000000E-02 0.000000E+00
  4537 3.262906E-15 4.656470E-06 4.847092E-02 0.000000E+00
  4538 1.210319E-15 5.398071E-06 7.512442E-02 0.000000E+00
  4539 2.456027E-15 4.731298E-06 4.336056E-02 0.000000E+00
  4540 1.401422E-15 5.361983E-06 4.612968E-02 0.000000E+00
  4541 3.482321E-15 5.349575E-06 5.000000E-02 0.000000E+00
  4542 2.038432E-15 5.370325E-06 5.268134E-02 0.000000E+00
  4543 6.370099E-16 4.445508E-06 4.052986E-02 0.000000E+00
  4544 1.472201E-15 5.349815E-06 3.970062E-02 0.000000E+00
  4545 1.408500E-15 4.694429E-06 5.000000E-02 0.000000E+00
  4546 6.164840E-15 6.851017E-06 4.443226E-02 0.000000E+00
  4547 1.889796E-15 5.412855E-06 4.518620E-02 0.000000E+00
  4548 2.172912E-15 4.664783E-06 5.000000E-02 0.000000E+00
  4549 3.001025E-15 4.687864E-06 5.268134E-02 0.000000E+00
  4550 1.097073E-15 4.872115E-06 7.687536E-02 0.000000E+00
  4551 8.564244E-16 4.448743E-06 4.632416E-02 0.000000E+00
  4552 8.493466E-16 5.347576E-06 5.399471E-02 0.000000E+00
  4553 3.843293E-15 4.738323E-06 3.125000E-02 0.000000E+00
  4554 6.157763E-16 4.695119E-06 4.200998E-02 0.000000E+00
  4555 2.144600E-15 4.832235E-06 5.140618E-02 0.000000E+00
  4556 1.380188E-15 4.590845E-06 5.527095E-02 0.000000E+00
  4557 1.698693E-15 4.597285E-06 3.298789E-02 0.000000E+00
  4558 1.578369E-15 4.731052E-06 3.714159E-02 0.000000E+00
  4559 2.406482E-15 5.358512E-06 5.000000E-02 0.000000E+00
  4560 3.029336E-15 5.335567E-06 4.857109E-02 0.000000E+00
  4561 1.358954E-15 5.361027E-06 2.506783E-02 0.000000E+00
  4562 1.918108E-15 4.863538E-06 4.697847E-02 0.000000E+00
  4563 8.139571E-16 4.723013E-06 4.905144E-02 0.000000E+00
  4564 9.838264E-16 4.833215E-06 4.071255E-02 0.000000E+00
  4565 9.555149E-16 4.587667E-06 5.179752E-02 0.000000E+00
  4566 1.507590E-15 4.818437E-06 5.000000E-02 0.000000E+00
  4567 1.960575E-15 5.362211E-06 5.000000E-02 0.000000E+00
  4568 1.217397E-15 4.688233E-06 4.439024E-02 0.000000E+00
  4569 1.833173E-15 4.586275E-06 4.555570E-02 0.000000E+00
  4570 6.299320E-16 4.735357E-06 5.980835E-02 0.000000E+00
  4571 2.845311E-15 5.714559E-06 3.994163E-02 0.000000E+00
  4572 1.911030E-15 5.366226E-06 5.000000E-02 0.000000E+00
  4573 2.732065E-15 4.684725E-06 2.746969E-02 0.000000E+00
  4574 1.542980E-15 5.335560E-06 5.646473E-02 0.000000E+00
  4575 1.217397E-15 4.655144E-06 5.000000E-02 0.000000E+00
  4576 1.231553E-15 5.357943E-06 5.932686E-02 0.000000E+00
  4577 1.911030E-15 5.348356E-06 3.209008E-02 0.000000E+00
  4578 1.514668E-15 4.446008E-06 7.481309E-02 0.000000E+00
  4579 3.036414E-15 5.358368E-06 5.000000E-02 0.000000E+00
  4580 1.712849E-15 4.945725E-06 6.250000E-02 0.000000E+00
  4581 2.335703E-15 4.732040E-06 4.349886E-02 0.000000E+00
  4582 1.238630E-15 4.770800E-06 2.050005E-02 0.000000E+00
  4583 1.012138E-15 4.698918E-06 6.125457E-02 0.000000E+00
  4584 4.161798E-15 4.725178E-06 5.000000E-02 0.000000E+00
  4585 1.769472E-15 4.449987E-06 5.760162E-02 0.000000E+00
  4586 2.130444E-15 5.419089E-06 6.932786E-02 0.000000E+00
  4587 2.080899E-15 5.379394E-06 1.009701E-02 0.000000E+00
  4588 1.302331E-15 4.945138E-06 5.128608E-02 0.000000E+00
  4589 1.118306E-15 4.600583E-06 5.000000E-02 0.000000E+00
  4590 4.041474E-15 5.361924E-06 5.000000E-02 0.000000E+00
  4591 6.582436E-16 4.834765E-06 4.652832E-02 0.000000E+00
  4592 1.564213E-15 5.335674E-06 5.000000E-02 0.000000E+00
  4593 1.762394E-15 5.399099E-06 5.000000E-02 0.000000E+00
  4594 1.422655E-15 5.357453E-06 1.571345E-02 0.000000E+00
  4595 1.111228E-15 4.735958E-06 5.267095E-02 0.000000E+00
  4596 1.981809E-15 4.692430E-06 5.342466E-02 0.000000E+00
  4597 2.463105E-15 5.356633E-06 5.226342E-02 0.000000E+00
  4598 7.644119E-16 4.443549E-06 6.945268E-02 0.000000E+00
  4599 2.087977E-15 4.690210E-06 5.000000E-02 0.000000E+00
  4600 1.288176E-15 5.335600E-06 3.700114E-02 0.000000E+00
  4601 8.351908E-16 5.335578E-06 8.473766E-02 0.000000E+00
  4602 2.321547E-15 4.593862E-06 4.297349E-02 0.000000E+00
  4603 1.132462E-15 5.371927E-06 4.601424E-02 0.000000E+00
  4604 9.272033E-16 4.841100E-06 5.102139E-02 0.000000E+00
  4605 2.937324E-15 5.397252E-06 4.466543E-02 0.000000E+00
  4606 3.616801E-15 5.360433E-06 5.999444E-02 0.000000E+00
  4607 1.946419E-15 4.455483E-06 5.734477E-02 0.000000E+00
  4608 3.928228E-15 5.335681E-06 4.472235E-02 0.000000E+00
  4609 7.290225E-16 4.778238E-06 4.908198E-02 0.000000E+00
  4610 9.413591E-16 4.727637E-06 3.636394E-02 0.000000E+00
  4611 9.696707E-16 5.371466E-06 6.458119E-02 0.000000E+00
  4612 2.371092E-15 5.355934E-06 3.354490E-02 0.000000E+00
  4613 9.909043E-16 4.701496E-06 7.612936E-02 0.000000E+00
  4614 4.105175E-16 8.497609E-06 7.112821E-02 0.000000E+00
  4615 1.281098E-15 4.642242E-06 5.572457E-02 0.000000E+00
  4616 1.061683E-15 4.860900E-06 5.296114E-02 0.000000E+00
  4617 2.123366E-15 5.348904E-06 3.839487E-02 0.000000E+00
  4618 1.316487E-15 4.588125E-06 5.000000E-02 0.000000E+00
  4619 1.054605E-15 4.735940E-06 5.585734E-02 0.000000E+00
  4620 1.960575E-15 4.690878E-06 5.000000E-02 0.000000E+00
  4621 2.519728E-15 4.812900E-06 4.584561E-02 0.000000E+00
  4622 9.201254E-16 5.372661E-06 7.572664E-02 0.000000E+00
  4623 1.840251E-15 5.379425E-06 5.000000E-02 0.000000E+00
  4624 2.625896E-15 5.350177E-06 6.250000E-02 0.000000E+00
  4625 5.605687E-15 6.352519E-06 2.452143E-02 0.000000E+00
  4626 1.040450E-15 4.862708E-06 3.866957E-02 0.000000E+00
  4627 3.779592E-15 5.355103E-06 3.878049E-02 0.000000E+00
  4628 3.977773E-15 6.414239E-06 3.191990E-02 0.000000E+00
  4629 2.824077E-15 4.919301E-06 4.030155E-02 0.000000E+00
  4630 3.461087E-15 5.705758E-06 5.116070E-02 0.000000E+00
  4631 2.724987E-15 5.348443E-06 3.980432E-02 0.000000E+00
  4632 8.847360E-16 4.442321E-06 4.837491E-02 0.000000E+00
  4633 8.847360E-16 6.143444E-06 5.449084E-02 0.000000E+00
  4634 9.342812E-16 4.720773E-06 5.848994E-02 0.000000E+00
  4635 2.087977E-15 4.584846E-06 2.795085E-02 0.000000E+00
  4636 3.262906E-15 4.879438E-06 3.405086E-02 0.000000E+00
  4637 2.399404E-15 5.335595E-06 4.590252E-02 0.000000E+00
  4638 2.916090E-15 5.724526E-06 4.081468E-02 0.000000E+00
  4639 2.724987E-15 5.335548E-06 5.786704E-02 0.000000E+00
  4640 3.496477E-15 5.715713E-06 4.290575E-02 0.000000E+00
  4641 2.307391E-15 4.780114E-06 2.323100E-02 0.000000E+00
  4642 1.840251E-15 4.731507E-06 5.000000E-02 0.000000E+00
  4643 1.429733E-15 4.778651E-06 5.000000E-02 0.000000E+00
  4644 1.592525E-15 6.035175E-06 6.159910E-02 0.000000E+00
  4645 2.321547E-15 5.364102E-06 4.672291E-02 0.000000E+00
  4646 3.581411E-15 5.714751E-06 5.769234E-02 0.000000E+00
  4647 5.980815E-15 7.199035E-06 4.341416E-02 0.000000E+00
  4648 1.925186E-15 5.383739E-06 3.513069E-02 0.000000E+00
  4649 1.295254E-15 4.731942E-06 5.576857E-02 0.000000E+00
  4650 2.512650E-15 4.638830E-06 3.008989E-02 0.000000E+00
  4651 2.470183E-15 4.835557E-06 5.000000E-02 0.000000E+00
  4652 2.463105E-15 4.779228E-06 5.000000E-02 0.000000E+00
  4653 2.172912E-15 4.694411E-06 4.999593E-02 0.000000E+00
  4654 1.408500E-15 5.347110E-06 4.760879E-02 0.000000E+00
  4655 3.857449E-15 4.725421E-06 3.071064E-02 0.000000E+00
  4656 2.123366E-15 4.734901E-06 5.000000E-02 0.000000E+00
  4657 2.689597E-15 5.357440E-06 6.563060E-02 0.000000E+00
  4658 2.102133E-15 5.398540E-06 3.861181E-02 0.000000E+00
  4659 1.026294E-15 4.737579E-06 6.730083E-02 0.000000E+00
  4660 1.875640E-15 4.781327E-06 1.571345E-02 0.000000E+00
  4661 6.086984E-16 5.339723E-06 4.441552E-02 0.000000E+00
  4662 1.550057E-15 4.839711E-06 6.065307E-02 0.000000E+00
  4663 1.040450E-15 4.593306E-06 5.000000E-02 0.000000E+00
  4664 2.470183E-15 5.348631E-06 7.902947E-02 0.000000E+00
  4665 5.527831E-15 5.356602E-06 1.757772E-02 0.000000E+00
  4666 1.918108E-15 5.714338E-06 5.000000E-02 0.000000E+00
  4667 6.299320E-16 4.746288E-06 5.600918E-02 0.000000E+00
  4668 1.373110E-15 5.349868E-06 5.000000E-02 0.000000E+00
  4669 1.288176E-15 5.347646E-06 5.249257E-02 0.000000E+00
  4670 2.625896E-15 4.867962E-06 4.346751E-02 0.000000E+00
  4671 7.219446E-16 4.595274E-06 7.622605E-02 0.000000E+00
  4672 1.627914E-15 4.961804E-06 6.627883E-02 0.000000E+00
  4673 1.514668E-15 5.356799E-06 6.082571E-02 0.000000E+00
  4674 2.066743E-15 5.705783E-06 4.861872E-02 0.000000E+00
  4675 3.029336E-15 5.705753E-06 4.656226E-02 0.000000E+00
  4676 3.170894E-15 5.359429E-06 5.000000E-02 0.000000E+00
  4677 3.177972E-15 5.348485E-06 4.698243E-02 0.000000E+00
  4678 2.335703E-15 4.736788E-06 5.000000E-02 0.000000E+00
  4679 5.145625E-15 5.396353E-06 5.877396E-02 0.000000E+00
  4680 2.533884E-15 5.750300E-06 3.228350E-02 0.000000E+00
  4681 1.762394E-15 4.642172E-06 5.954107E-02 0.000000E+00
  4682 5.166858E-16 4.725179E-06 6.392824E-02 0.000000E+00
  4683 1.302331E-15 4.769410E-06 5.250940E-02 0.000000E+00
  4684 3.517710E-15 5.720937E-06 5.000000E-02 0.000000E+00
  4685 3.057648E-15 5.720263E-06 4.264287E-02 0.000000E+00
  4686 1.139540E-15 4.813588E-06 6.192042E-02 0.000000E+00
  4687 1.012138E-15 4.653691E-06 5.000000E-02 0.000000E+00
  4688 1.196163E-15 4.739456E-06 5.000000E-02 0.000000E+00
  4689 1.026294E-15 4.695411E-06 4.882198E-02 0.000000E+00
  4690 5.874647E-16 4.846455E-06 7.005524E-02 0.000000E+00
  4691 1.373110E-15 4.819670E-06 4.288203E-02 0.000000E+00
  4692 3.503555E-15 5.705750E-06 3.432919E-02 0.000000E+00
  4693 4.034396E-16 4.648167E-06 5.052461E-02 0.000000E+00
  4694 7.927235E-16 4.864110E-06 5.751091E-02 0.000000E+00
  4695 8.047559E-15 7.205555E-06 6.160461E-02 0.000000E+00
  4696 6.511657E-16 4.863494E-06 4.317619E-02 0.000000E+00
  4697 1.847329E-15 4.450545E-06 5.000000E-02 0.000000E+00
  4698 1.019216E-15 4.865107E-06 7.512937E-02 0.000000E+00
  4699 1.160774E-15 4.451553E-06 6.498161E-02 0.000000E+00
  4700 3.751281E-15 4.722911E-06 3.577389E-02 0.000000E+00
  4701 2.321547E-15 5.369690E-06 5.131786E-02 0.000000E+00
  4702 3.588489E-15 5.722761E-06 5.842137E-02 0.000000E+00
  4703 2.045510E-15 4.640794E-06 7.038877E-02 0.000000E+00
  4704 2.003042E-15 4.590172E-06 5.000000E-02 0.000000E+00
  4705 1.493434E-15 4.861627E-06 4.380438E-02 0.000000E+00
  4706 1.995964E-15 4.649715E-06 3.804584E-02 0.000000E+00
  4707 2.130444E-15 4.443706E-06 5.000000E-02 0.000000E+00
  4708 1.811939E-15 4.692295E-06 4.225978E-02 0.000000E+00
  4709 1.118306E-15 4.657481E-06 5.000000E-02 0.000000E+00
  4710 1.804861E-15 4.601142E-06 7.824423E-02 0.000000E+00
  4711 1.288176E-15 5.335613E-06 6.975090E-02 0.000000E+00
  4712 2.640052E-15 4.781288E-06 5.236576E-02 0.000000E+00
  4713 1.061683E-15 4.695633E-06 7.156757E-02 0.000000E+00
  4714 1.167852E-15 4.838964E-06 6.047686E-02 0.000000E+00
  4715 9.555149E-16 4.660705E-06 4.950549E-02 0.000000E+00
  4716 2.781610E-15 5.716035E-06 5.146625E-02 0.000000E+00
  4717 3.227517E-15 5.422494E-06 5.000000E-02 0.000000E+00
  4718 2.017198E-15 6.010505E-06 4.882198E-02 0.000000E+00
  4719 1.479279E-15 4.815983E-06 3.301947E-02 0.000000E+00
  4720 3.277062E-15 5.379697E-06 6.259543E-02 0.000000E+00
  4721 9.180021E-15 5.714197E-06 4.525302E-02 0.000000E+00
  4722 3.864527E-15 4.712310E-06 6.250000E-02 0.000000E+00
  4723 2.470183E-15 4.636890E-06 7.530442E-02 0.000000E+00
  4724 1.026294E-15 4.781964E-06 5.000000E-02 0.000000E+00
  4725 2.739143E-15 4.858365E-06 5.000000E-02 0.000000E+00
  4726 2.378170E-15 4.864801E-06 5.744572E-02 0.000000E+00
  4727 7.941390E-15 4.694428E-06 5.808124E-02 0.000000E+00
  4728 1.571291E-15 4.688006E-06 6.227074E-02 0.000000E+00
  4729 1.967653E-15 4.694862E-06 5.000000E-02 0.000000E+00
  4730 2.845311E-15 5.382174E-06 4.306070E-02 0.000000E+00
  4731 1.160774E-15 5.408788E-06 4.021745E-02 0.000000E+00
  4732 1.925186E-15 4.832612E-06 6.538503E-02 0.000000E+00
  4733 1.394344E-15 4.452590E-06 8.501327E-02 0.000000E+00
  4734 2.087977E-15 5.335607E-06 7.727756E-02 0.000000E+00
  4735 1.748238E-15 4.865206E-06 5.040824E-02 0.000000E+00
  4736 1.366032E-15 4.597703E-06 5.000000E-02 0.000000E+00
  4737 5.435818E-15 6.035170E-06 5.123740E-02 0.000000E+00
  4738 1.776550E-15 5.715055E-06 5.000000E-02 0.000000E+00
  4739 2.399404E-15 4.724814E-06 4.034115E-02 0.000000E+00
  4740 2.024276E-15 4.642709E-06 5.000000E-02 0.000000E+00
  4741 1.486356E-15 4.642290E-06 6.271230E-02 0.000000E+00
  4742 2.753298E-15 4.792885E-06 7.721413E-02 0.000000E+00
  4743 4.119331E-15 5.815183E-06 5.688461E-02 0.000000E+00
  4744 1.719927E-15 5.347468E-06 4.309513E-02 0.000000E+00
  4745 1.550057E-15 5.359236E-06 5.000000E-02 0.000000E+00
  4746 1.960575E-15 4.662168E-06 3.608439E-02 0.000000E+00
  4747 1.939341E-15 5.361416E-06 3.484233E-02 0.000000E+00
  4748 3.864527E-15 4.728285E-06 3.232147E-02 0.000000E+00
  4749 1.118306E-15 5.407037E-06 6.682412E-02 0.000000E+00
  4750 9.625928E-16 4.783783E-06 6.483449E-02 0.000000E+00
  4751 1.804861E-15 5.348019E-06 3.459368E-02 0.000000E+00
  4752 1.118306E-15 5.705747E-06 6.051645E-02 0.000000E+00
  4753 2.519728E-15 4.722529E-06 5.000000E-02 0.000000E+00
  4754 2.668364E-15 5.713284E-06 3.335181E-02 0.000000E+00
  4755 1.125384E-15 5.348335E-06 5.000000E-02 0.000000E+00
  4756 4.572316E-15 5.347228E-06 2.669215E-02 0.000000E+00
  4757 4.395368E-15 5.714837E-06 2.007923E-02 0.000000E+00
  4758 7.998013E-16 4.446677E-06 5.019496E-02 0.000000E+00
  4759 8.351908E-16 4.642179E-06 5.000000E-02 0.000000E+00
  4760 1.627914E-15 5.357797E-06 5.000000E-02 0.000000E+00
  4761 1.705771E-15 4.689627E-06 5.000000E-02 0.000000E+00
  4762 1.712849E-15 4.766651E-06 3.441816E-02 0.000000E+00
  4763 1.245708E-15 4.791914E-06 5.086569E-02 0.000000E+00
  4764 3.269984E-15 4.696523E-06 5.963550E-02 0.000000E+00
  4765 2.144600E-15 4.781133E-06 6.267184E-02 0.000000E+00
  4766 3.574333E-15 6.174136E-06 5.565392E-02 0.000000E+00
  4767 1.068761E-15 4.642188E-06 4.150316E-02 0.000000E+00
  4768 1.712849E-15 5.361235E-06 6.984266E-02 0.000000E+00
  4769 1.040450E-15 5.362870E-06 7.011479E-02 0.000000E+00
  4770 5.421662E-15 6.314251E-06 5.114927E-02 0.000000E+00
  4771 3.906994E-15 4.644153E-06 3.404996E-02 0.000000E+00
  4772 3.659268E-15 4.600632E-06 2.086510E-02 0.000000E+00
  4773 1.422655E-15 5.335550E-06 5.811932E-02 0.000000E+00
  4774 1.429733E-15 4.650559E-06 5.000000E-02 0.000000E+00
  4775 2.887778E-15 6.188448E-06 6.198069E-02 0.000000E+00
  4776 9.767485E-16 4.734839E-06 5.251139E-02 0.000000E+00
  4777 1.684537E-15 5.398925E-06 5.000000E-02 0.000000E+00
  4778 1.656226E-15 4.783705E-06 7.317309E-02 0.000000E+00
  4779 2.024276E-15 4.596363E-06 5.295114E-02 0.000000E+00
  4780 1.387266E-15 5.358325E-06 5.684106E-02 0.000000E+00
  4781 3.093037E-15 5.363573E-06 5.871662E-02 0.000000E+00
  4782 2.123366E-15 5.348182E-06 2.858435E-02 0.000000E+00
  4783 1.210319E-15 4.688735E-06 4.035849E-02 0.000000E+00
  4784 8.351908E-16 5.363270E-06 6.077198E-02 0.000000E+00
  4785 1.104151E-15 4.782848E-06 5.461944E-02 0.000000E+00
  4786 1.698693E-15 4.736387E-06 4.331315E-02 0.000000E+00
  4787 7.007109E-16 4.834615E-06 5.853050E-02 0.000000E+00
  4788 8.705802E-16 5.357850E-06 5.557413E-02 0.000000E+00
  4789 1.698693E-15 5.361758E-06 5.918652E-02 0.000000E+00
  4790 1.089995E-15 4.811339E-06 5.335445E-02 0.000000E+00
  4791 3.758359E-15 5.796009E-06 3.758827E-02 0.000000E+00
  4792 9.767485E-16 4.839876E-06 5.511159E-02 0.000000E+00
  4793 1.613758E-15 5.347763E-06 6.302329E-02 0.000000E+00
  4794 7.573340E-16 4.655457E-06 3.771108E-02 0.000000E+00
  4795 3.206283E-15 5.370112E-06 2.182464E-02 0.000000E+00
  4796 1.394344E-15 5.349079E-06 5.425861E-02 0.000000E+00
  4797 1.833173E-15 4.591750E-06 5.000000E-02 0.000000E+00
  4798 1.429733E-15 4.688341E-06 4.757519E-02 0.000000E+00
  4799 1.826095E-15 4.724832E-06 3.603459E-02 0.000000E+00
  4800 1.281098E-15 5.399036E-06 5.649009E-02 0.000000E+00
  4801 3.970695E-15 4.740612E-06 5.000000E-02 0.000000E+00
  4802 1.252786E-15 4.766163E-06 4.753385E-02 0.000000E+00
  4803 1.698693E-15 4.737596E-06 5.959175E-02 0.000000E+00
  4804 1.026294E-15 4.780229E-06 5.222739E-02 0.000000E+00
  4805 1.734083E-15 4.601156E-06 5.000000E-02 0.000000E+00
  4806 1.691615E-15 4.918920E-06 2.091765E-02 0.000000E+00
  4807 2.526806E-15 5.359697E-06 6.250000E-02 0.000000E+00
  4808 7.976780E-15 8.219340E-06 5.436328E-02 0.000000E+00
  4809 1.479279E-15 4.813663E-06 6.250000E-02 0.000000E+00
  4810 1.026294E-15 5.411974E-06 5.843792E-02 0.000000E+00
  4811 2.328625E-15 4.643605E-06 4.226644E-02 0.000000E+00
  4812 1.967653E-15 5.397064E-06 4.456637E-02 0.000000E+00
  4813 1.111228E-15 4.642189E-06 5.000000E-02 0.000000E+00
  4814 7.021265E-15 6.219209E-06 2.024444E-02 0.000000E+00
  4815 3.411542E-15 4.652967E-06 6.198196E-02 0.000000E+00
  4816 6.299320E-16 4.759860E-06 3.172769E-02 0.000000E+00
  4817 1.281098E-15 4.644413E-06 5.638806E-02 0.000000E+00
  4818 1.542980E-15 5.378508E-06 5.000000E-02 0.000000E+00
  4819 2.335703E-15 4.886200E-06 5.000000E-02 0.000000E+00
  4820 1.450967E-15 5.705750E-06 5.289102E-02 0.000000E+00
  4821 2.463105E-15 5.360388E-06 7.217280E-02 0.000000E+00
  4822 5.733089E-16 5.349213E-06 4.728272E-02 0.000000E+00
  4823 1.295254E-15 4.448726E-06 8.582745E-02 0.000000E+00
  4824 1.146618E-15 4.721810E-06 2.182464E-02 0.000000E+00
  4825 7.828144E-15 5.704980E-06 2.395655E-02 0.000000E+00
  4826 7.502561E-16 4.821338E-06 4.999634E-02 0.000000E+00
  4827 2.003042E-15 5.356270E-06 5.000000E-02 0.000000E+00
  4828 6.207308E-15 6.063349E-06 6.300071E-02 0.000000E+00
  4829 1.656226E-15 5.361733E-06 3.832208E-02 0.000000E+00
  4830 1.974731E-15 5.356116E-06 8.646261E-02 0.000000E+00
  4831 1.514668E-15 4.653319E-06 4.721527E-02 0.000000E+00
  4832 1.189085E-15 4.968217E-06 5.000000E-02 0.000000E+00
  4833 2.739143E-15 5.383376E-06 5.717776E-02 0.000000E+00
  4834 9.838264E-16 4.590395E-06 5.387077E-02 0.000000E+00
  4835 1.408500E-15 4.735139E-06 5.000000E-02 0.000000E+00
  4836 1.833173E-15 4.837412E-06 5.000000E-02 0.000000E+00
  4837 3.652190E-15 5.705753E-06 5.920860E-02 0.000000E+00
  4838 1.486356E-15 4.661135E-06 5.000000E-02 0.000000E+00
  4839 1.408500E-15 4.817898E-06 5.820651E-02 0.000000E+00
  4840 3.326607E-15 5.348072E-06 5.000000E-02 0.000000E+00
  4841 1.005060E-15 5.335573E-06 5.400232E-02 0.000000E+00
  4842 1.528824E-15 4.813518E-06 5.000000E-02 0.000000E+00
  4843 1.896874E-15 4.691641E-06 4.588880E-02 0.000000E+00
  4844 1.727005E-15 4.864693E-06 5.767450E-02 0.000000E+00
  4845 2.993947E-15 4.588973E-06 3.756605E-02 0.000000E+00
  4846 2.003042E-15 4.866280E-06 2.991107E-02 0.000000E+00
  4847 2.788688E-15 5.721953E-06 5.569281E-02 0.000000E+00
  4848 1.797784E-15 5.723468E-06 6.801856E-02 0.000000E+00
  4849 1.995964E-15 4.808188E-06 3.384632E-02 0.000000E+00
  4850 6.086984E-15 5.373420E-06 3.125000E-02 0.000000E+00
  4851 2.031354E-15 4.781328E-06 5.000000E-02 0.000000E+00
  4852 2.781610E-15 4.721274E-06 4.419417E-02 0.000000E+00
  4853 1.132462E-15 4.781343E-06 2.327041E-02 0.000000E+00
  4854 1.571291E-15 5.362295E-06 5.743727E-02 0.000000E+00
  4855 1.458045E-15 5.401192E-06 5.000000E-02 0.000000E+00
  4856 3.468165E-15 5.377831E-06 5.000000E-02 0.000000E+00
  4857 8.564244E-16 4.601628E-06 5.130957E-02 0.000000E+00
  4858 1.514668E-15 4.446037E-06 5.000000E-02 0.000000E+00
  4859 3.425698E-15 5.348214E-06 4.609919E-02 0.000000E+00
  4860 1.330643E-15 4.690265E-06 6.305681E-02 0.000000E+00
  4861 1.274020E-15 4.696343E-06 5.000000E-02 0.000000E+00
  4862 2.583429E-15 4.738706E-06 4.831468E-02 0.000000E+00
  4863 4.572316E-15 5.360848E-06 5.771177E-02 0.000000E+00
  4864 1.868562E-15 5.347140E-06 4.203427E-02 0.000000E+00
  4865 1.811939E-15 4.692397E-06 5.771177E-02 0.000000E+00
  4866 4.671406E-16 4.691469E-06 4.606484E-02 0.000000E+00
  4867 3.192127E-15 4.881515E-06 5.000000E-02 0.000000E+00
  4868 1.443889E-15 5.362087E-06 4.505057E-02 0.000000E+00
  4869 1.981809E-15 5.705756E-06 2.523792E-02 0.000000E+00
  4870 2.024276E-15 5.347677E-06 5.084205E-02 0.000000E+00
  4871 3.114271E-15 5.435702E-06 8.102465E-02 0.000000E+00
  4872 4.112253E-15 4.692876E-06 4.678956E-02 0.000000E+00
  4873 4.310434E-15 5.358172E-06 4.877571E-02 0.000000E+00
  4874 1.196163E-15 5.396985E-06 5.000000E-02 0.000000E+00
  4875 2.441871E-15 5.369540E-06 5.000000E-02 0.000000E+00
  4876 1.458045E-15 5.349180E-06 4.558595E-02 0.000000E+00
  4877 3.100115E-15 4.448191E-06 5.084112E-02 0.000000E+00
  4878 2.647130E-15 5.721898E-06 5.222272E-02 0.000000E+00
  4879 1.833173E-15 4.639858E-06 5.791908E-02 0.000000E+00
  4880 2.703753E-15 5.714746E-06 4.611011E-02 0.000000E+00
  4881 1.642070E-15 4.765623E-06 5.000000E-02 0.000000E+00
  4882 1.146618E-15 5.357844E-06 7.118912E-02 0.000000E+00
  4883 1.274020E-15 4.744200E-06 5.000000E-02 0.000000E+00
  4884 2.300314E-15 6.043353E-06 6.151809E-02 0.000000E+00
  4885 1.528824E-15 5.407723E-06 4.655440E-02 0.000000E+00
  4886 9.201254E-16 5.369900E-06 7.118912E-02 0.000000E+00
  4887 1.550057E-15 4.639167E-06 5.000000E-02 0.000000E+00
  4888 1.259864E-15 5.348356E-06 5.800631E-02 0.000000E+00
  4889 1.132462E-15 4.696194E-06 8.251805E-02 0.000000E+00
  4890 2.158756E-15 4.814798E-06 5.000000E-02 0.000000E+00
  4891 2.017198E-15 4.645636E-06 5.371459E-02 0.000000E+00
  4892 1.380188E-15 4.965196E-06 5.110544E-02 0.000000E+00
  4893 4.742185E-15 5.705750E-06 5.000000E-02 0.000000E+00
  4894 2.073821E-15 4.457120E-06 5.373998E-02 0.000000E+00
  4895 1.231553E-15 4.862926E-06 4.966515E-02 0.000000E+00
  4896 4.048552E-15 6.193130E-06 4.032220E-02 0.000000E+00
  4897 5.945426E-16 4.736495E-06 4.818056E-02 0.000000E+00
  4898 2.427716E-15 5.357399E-06 6.850071E-02 0.000000E+00
  4899 3.284140E-15 4.457106E-06 3.815165E-02 0.000000E+00
  4900 8.351908E-16 4.692036E-06 4.625391E-02 0.000000E+00
  4901 1.380188E-15 4.831965E-06 5.000000E-02 0.000000E+00
  4902 2.717909E-15 5.347477E-06 5.359561E-02 0.000000E+00
  4903 4.883743E-15 6.672463E-06 2.578751E-02 0.000000E+00
  4904 2.809922E-15 4.694148E-06 6.548044E-02 0.000000E+00
  4905 1.380188E-15 4.648269E-06 5.515051E-02 0.000000E+00
  4906 2.243690E-15 4.811430E-06 6.798324E-02 0.000000E+00
  4907 9.625928E-16 4.741163E-06 4.753719E-02 0.000000E+00
  4908 1.705771E-15 5.410074E-06 5.000000E-02 0.000000E+00
  4909 1.521746E-15 4.662850E-06 5.150623E-02 0.000000E+00
  4910 1.097073E-15 4.660006E-06 5.000000E-02 0.000000E+00
  4911 1.281098E-15 4.921052E-06 5.000000E-02 0.000000E+00
  4912 2.017198E-15 4.830254E-06 3.492945E-02 0.000000E+00
  4913 1.606681E-15 5.411801E-06 3.901996E-02 0.000000E+00
  4914 1.932263E-15 6.362479E-06 3.017624E-02 0.000000E+00
  4915 7.431782E-16 4.843052E-06 6.234003E-02 0.000000E+00
  4916 1.642070E-15 4.690164E-06 5.000000E-02 0.000000E+00
  4917 1.274020E-15 4.696994E-06 5.000000E-02 0.000000E+00
  4918 4.494459E-15 4.843950E-06 5.000000E-02 0.000000E+00
  4919 1.585447E-15 5.349645E-06 6.116034E-02 0.000000E+00
  4920 1.995964E-15 4.692269E-06 4.585204E-02 0.000000E+00
  4921 8.182039E-15 6.046483E-06 3.073522E-02 0.000000E+00
  4922 5.096079E-16 5.346766E-06 5.441379E-02 0.000000E+00
  4923 1.295254E-15 5.373918E-06 5.000000E-02 0.000000E+00
  4924 2.689597E-15 4.643832E-06 1.785714E-02 0.000000E+00
  4925 1.705771E-15 4.655188E-06 4.443487E-02 0.000000E+00
  4926 3.963617E-15 6.919323E-06 4.485923E-02 0.000000E+00
  4927 1.005060E-15 4.694079E-06 7.970894E-02 0.000000E+00
  4928 1.330643E-15 4.862477E-06 5.000000E-02 0.000000E+00
  4929 2.654208E-15 4.699731E-06 2.922184E-02 0.000000E+00
  4930 1.387266E-15 4.651330E-06 5.016925E-02 0.000000E+00
  4931 3.100115E-15 5.356397E-06 5.000000E-02 0.000000E+00
  4932 1.097073E-15 5.379537E-06 5.725057E-02 0.000000E+00
  4933 3.503555E-15 5.705752E-06 5.000000E-02 0.000000E+00
  4934 3.814982E-15 5.348351E-06 5.093344E-02 0.000000E+00
  4935 1.691615E-15 5.705760E-06 4.618132E-02 0.000000E+00
  4936 7.573340E-16 5.400188E-06 4.136201E-02 0.000000E+00
  4937 2.923168E-15 6.294644E-06 5.000000E-02 0.000000E+00
  4938 7.361004E-16 4.453839E-06 3.539116E-02 0.000000E+00
  4939 1.337721E-15 5.369277E-06 4.261879E-02 0.000000E+00
  4940 2.215379E-15 4.642611E-06 4.146803E-02 0.000000E+00
  4941 1.826095E-15 5.705757E-06 4.700102E-02 0.000000E+00
  4942 1.755316E-15 5.722701E-06 7.019537E-02 0.000000E+00
  4943 1.854407E-15 4.845212E-06 5.000000E-02 0.000000E+00
  4944 8.422687E-16 4.640218E-06 4.248983E-02 0.000000E+00
  4945 2.385248E-15 5.989817E-06 5.094700E-02 0.000000E+00
  4946 3.100115E-15 5.705754E-06 5.114616E-02 0.000000E+00
  4947 1.259864E-15 5.395451E-06 7.645240E-02 0.000000E+00
  4948 2.052588E-15 4.733827E-06 4.015059E-02 0.000000E+00
  4949 1.295254E-15 4.813133E-06 5.000000E-02 0.000000E+00
  4950 1.528824E-15 5.369788E-06 2.803449E-02 0.000000E+00
  4951 2.130444E-15 6.522772E-06 4.619476E-02 0.000000E+00
  4952 2.158756E-15 5.349029E-06 5.860065E-02 0.000000E+00
  4953 8.635023E-16 4.596278E-06 5.497633E-02 0.000000E+00
  4954 2.540962E-15 5.355867E-06 4.101337E-02 0.000000E+00
  4955 1.960575E-15 4.726073E-06 4.482247E-02 0.000000E+00
  4956 2.470183E-15 4.696451E-06 4.516605E-02 0.000000E+00
  4957 1.840251E-15 4.638694E-06 6.046123E-02 0.000000E+00
  4958 1.833173E-15 4.963827E-06 4.560739E-02 0.000000E+00
  4959 2.824077E-15 5.335575E-06 3.809990E-02 0.000000E+00
  4960 3.432776E-15 4.695644E-06 6.167960E-02 0.000000E+00
  4961 2.498494E-15 6.035167E-06 4.596661E-02 0.000000E+00
  4962 1.033372E-15 4.836048E-06 5.000000E-02 0.000000E+00
  4963 9.413591E-16 4.836109E-06 5.000000E-02 0.000000E+00
  4964 1.245708E-15 5.420494E-06 5.790985E-02 0.000000E+00
  4965 1.988887E-15 5.358823E-06 3.820216E-02 0.000000E+00
  4966 9.767485E-16 4.725356E-06 7.137185E-02 0.000000E+00
  4967 2.151678E-15 5.335551E-06 4.232948E-02 0.000000E+00
  4968 1.408500E-15 4.642376E-06 5.000000E-02 0.000000E+00
  4969 1.040450E-15 4.813071E-06 5.000000E-02 0.000000E+00
  4970 1.755316E-15 5.335572E-06 4.967918E-02 0.000000E+00
  4971 1.316487E-15 5.705771E-06 4.626474E-02 0.000000E+00
  4972 8.394375E-15 6.325209E-06 6.009485E-02 0.000000E+00
  4973 1.620836E-15 5.369331E-06 5.056145E-02 0.000000E+00
  4974 5.308416E-15 4.830152E-06 5.353513E-02 0.000000E+00
  4975 3.029336E-15 4.949905E-06 4.461190E-02 0.000000E+00
  4976 2.604663E-15 5.335554E-06 4.873376E-02 0.000000E+00
  4977 3.496477E-15 4.448732E-06 5.000000E-02 0.000000E+00
  4978 3.977773E-15 4.810443E-06 5.337078E-02 0.000000E+00
  4979 9.979822E-16 4.638130E-06 6.659485E-02 0.000000E+00
  4980 3.906994E-15 5.398954E-06 4.653053E-02 0.000000E+00
  4981 1.344799E-15 4.781368E-06 4.134133E-02 0.000000E+00
  4982 1.946419E-15 5.348617E-06 6.056494E-02 0.000000E+00
  4983 1.889796E-15 5.355401E-06 5.000000E-02 0.000000E+00
  4984 1.550057E-15 5.379373E-06 4.419417E-02 0.000000E+00
  4985 1.224475E-15 5.368422E-06 6.936392E-02 0.000000E+00
  4986 1.224475E-15 5.335595E-06 5.664173E-02 0.000000E+00
  4987 2.279080E-15 4.937793E-06 6.543309E-02 0.000000E+00
  4988 1.146618E-15 4.657836E-06 4.029790E-02 0.000000E+00
  4989 1.203241E-15 5.408909E-06 5.000000E-02 0.000000E+00
  4990 1.344799E-15 5.359393E-06 4.743555E-02 0.000000E+00
  4991 1.224475E-15 5.425447E-06 5.000000E-02 0.000000E+00
  4992 3.489399E-15 5.750846E-06 5.632769E-02 0.000000E+00
  4993 1.479279E-15 4.725256E-06 4.835185E-02 0.000000E+00
  4994 2.767454E-15 4.827209E-06 5.512245E-02 0.000000E+00
  4995 4.919132E-15 5.714646E-06 4.057384E-02 0.000000E+00
  4996 1.493434E-15 4.694890E-06 1.034684E-02 0.000000E+00
  4997 2.406482E-15 4.859752E-06 4.086921E-02 0.000000E+00
  4998 1.288176E-15 4.738473E-06 5.505361E-02 0.000000E+00
  4999 1.783628E-15 5.347243E-06 4.347378E-02 0.000000E+00
  5000 2.470183E-15 4.643929E-06 4.692649E-02 0.000000E+00
  5001 2.201223E-15 5.705762E-06 3.102778E-02 0.000000E+00
  5002 2.845311E-15 4.915971E-06 5.000000E-02 0.000000E+00
  5003 2.356937E-15 4.869744E-06 5.000000E-02 0.000000E+00
  5004 2.555118E-15 5.403579E-06 3.948403E-02 0.000000E+00
  5005 3.093037E-15 5.346710E-06 5.331880E-02 0.000000E+00
  5006 1.082917E-15 5.349076E-06 5.155754E-02 0.000000E+00
  5007 8.068792E-16 4.653554E-06 5.185463E-02 0.000000E+00
  5008 5.081924E-15 5.358300E-06 4.271823E-02 0.000000E+00
  5009 2.031354E-15 4.752480E-06 5.371522E-02 0.000000E+00
  5010 3.772514E-15 4.863298E-06 3.262854E-02 0.000000E+00
  5011 1.189085E-15 4.694409E-06 5.000000E-02 0.000000E+00
  5012 2.809922E-15 5.348654E-06 6.463788E-02 0.000000E+00
  5013 2.427716E-15 5.349064E-06 2.409482E-02 0.000000E+00
  5014 2.675442E-15 5.415256E-06 5.000000E-02 0.000000E+00
  5015 1.840251E-15 5.705760E-06 3.954252E-02 0.000000E+00
  5016 1.627914E-15 5.335546E-06 3.304215E-02 0.000000E+00
  5017 7.714898E-16 4.783444E-06 3.392912E-02 0.000000E+00
  5018 9.767485E-16 4.703851E-06 7.118234E-02 0.000000E+00
  5019 1.089995E-15 4.837378E-06 4.850559E-02 0.000000E+00
  5020 1.054605E-15 4.727111E-06 4.600032E-02 0.000000E+00
  5021 2.979791E-15 4.689708E-06 7.090615E-02 0.000000E+00
  5022 1.606681E-15 4.833703E-06 5.114087E-02 0.000000E+00
  5023 3.312452E-15 4.835235E-06 2.795085E-02 0.000000E+00
  5024 9.555149E-16 4.638618E-06 6.364483E-02 0.000000E+00
  5025 8.847360E-16 4.786754E-06 4.192182E-02 0.000000E+00
  5026 2.031354E-15 4.639101E-06 7.343704E-02 0.000000E+00
  5027 1.160774E-15 4.689754E-06 3.343087E-02 0.000000E+00
  5028 1.125384E-15 4.873386E-06 8.646358E-02 0.000000E+00
  5029 2.441871E-15 5.371771E-06 4.489651E-02 0.000000E+00
  5030 2.441871E-15 4.836046E-06 7.900000E-02 0.000000E+00
  5031 1.146618E-15 4.594576E-06 3.797676E-02 0.000000E+00
  5032 2.555118E-15 4.642200E-06 5.000000E-02 0.000000E+00
  5033 3.871605E-15 5.398962E-06 5.000000E-02 0.000000E+00
  5034 7.927235E-16 4.646935E-06 6.496326E-02 0.000000E+00
  5035 8.422687E-16 4.862149E-06 4.812570E-02 0.000000E+00
  5036 1.344799E-15 4.597848E-06 5.000000E-02 0.000000E+00
  5037 1.507590E-15 5.347787E-06 6.516939E-02 0.000000E+00
  5038 1.946419E-15 5.715544E-06 4.148323E-02 0.000000E+00
  5039 1.111228E-15 5.360613E-06 5.964716E-02 0.000000E+00
  5040 1.719927E-15 4.836349E-06 5.000000E-02 0.000000E+00
  5041 1.967653E-15 5.371929E-06 5.254508E-02 0.000000E+00
  5042 3.206283E-15 6.120184E-06 4.290493E-02 0.000000E+00
  5043 4.798808E-15 4.593132E-06 4.656245E-02 0.000000E+00
  5044 1.266942E-15 5.347084E-06 4.043908E-02 0.000000E+00
  5045 1.061683E-15 4.840860E-06 3.843210E-02 0.000000E+00
  5046 2.795766E-15 5.714851E-06 4.735773E-02 0.000000E+00
  5047 5.959582E-15 6.513991E-06 5.587270E-02 0.000000E+00
  5048 1.281098E-15 4.444989E-06 6.406063E-02 0.000000E+00
  5049 2.604663E-15 4.594826E-06 3.250034E-02 0.000000E+00
  5050 7.856456E-16 4.851452E-06 6.082552E-02 0.000000E+00
  5051 1.266942E-15 4.696556E-06 3.893814E-02 0.000000E+00
  5052 2.519728E-15 5.368620E-06 8.340881E-02 0.000000E+00
  5053 3.121349E-15 4.866772E-06 3.583078E-02 0.000000E+00
  5054 8.422687E-16 4.757860E-06 5.600270E-02 0.000000E+00
  5055 1.542980E-15 4.817496E-06 5.224044E-02 0.000000E+00
  5056 1.189085E-15 4.944901E-06 3.687592E-02 0.000000E+00
  5057 1.557135E-15 4.724535E-06 4.189900E-02 0.000000E+00
  5058 1.217397E-15 4.833145E-06 4.940983E-02 0.000000E+00
  5059 2.463105E-15 5.349375E-06 7.526332E-02 0.000000E+00
  5060 6.157763E-16 4.831466E-06 5.571871E-02 0.000000E+00
  5061 7.290225E-16 4.733806E-06 6.526955E-02 0.000000E+00
  5062 2.654208E-15 5.370390E-06 2.154887E-02 0.000000E+00
  5063 9.484370E-16 4.709645E-06 3.429022E-02 0.000000E+00
  5064 1.903952E-15 4.811493E-06 5.000000E-02 0.000000E+00
  5065 1.443889E-15 4.596589E-06 5.000000E-02 0.000000E+00
  5066 2.427716E-15 5.881304E-06 5.000000E-02 0.000000E+00
  5067 1.259864E-15 4.925406E-06 7.237523E-02 0.000000E+00
  5068 1.727005E-15 5.753199E-06 3.262443E-02 0.000000E+00
  5069 2.045510E-15 5.721326E-06 5.151581E-02 0.000000E+00
  5070 1.118306E-15 4.862421E-06 5.000000E-02 0.000000E+00
  5071 1.790706E-15 5.722457E-06 3.991597E-02 0.000000E+00
  5072 1.089995E-15 4.815257E-06 4.535225E-02 0.000000E+00
  5073 1.429733E-15 4.642327E-06 5.908151E-02 0.000000E+00
  5074 1.182007E-15 5.335541E-06 5.852979E-02 0.000000E+00
  5075 4.034396E-16 4.702747E-06 7.821057E-02 0.000000E+00
  5076 1.705771E-15 4.761762E-06 3.900728E-02 0.000000E+00
  5077 7.169901E-15 5.750721E-06 5.000000E-02 0.000000E+00
  5078 1.599603E-15 4.725448E-06 5.086153E-02 0.000000E+00
  5079 3.369075E-15 6.325220E-06 7.502726E-02 0.000000E+00
  5080 5.591532E-16 4.780234E-06 5.711273E-02 0.000000E+00
  5081 1.153696E-15 4.813854E-06 5.000000E-02 0.000000E+00
  5082 3.701735E-15 5.349644E-06 4.759401E-02 0.000000E+00
  5083 1.479279E-15 4.760836E-06 3.576679E-02 0.000000E+00
  5084 1.755316E-15 4.659651E-06 5.000000E-02 0.000000E+00
  5085 7.148667E-16 4.594306E-06 6.629856E-02 0.000000E+00
  5086 1.691615E-15 4.602918E-06 3.435159E-02 0.000000E+00
  5087 1.819017E-15 5.346806E-06 6.312654E-02 0.000000E+00
  5088 2.739143E-15 5.335552E-06 5.000000E-02 0.000000E+00
  5089 1.132462E-15 4.835618E-06 4.575737E-02 0.000000E+00
  5090 2.172912E-15 5.714344E-06 4.316487E-02 0.000000E+00
  5091 2.229535E-15 5.705747E-06 4.340526E-02 0.000000E+00
  5092 2.371092E-15 5.359225E-06 4.397558E-02 0.000000E+00
  5093 1.415578E-15 4.595777E-06 3.738449E-02 0.000000E+00
  5094 2.364015E-15 4.928666E-06 3.679695E-02 0.000000E+00
  5095 1.111228E-15 4.446877E-06 6.410024E-02 0.000000E+00
  5096 1.210319E-15 4.690999E-06 4.235038E-02 0.000000E+00
  5097 1.217397E-15 4.762964E-06 4.852939E-02 0.000000E+00
  5098 5.633999E-15 4.691396E-06 2.994990E-02 0.000000E+00
  5099 9.413591E-16 4.635362E-06 5.546059E-02 0.000000E+00
  5100 1.189085E-15 4.646293E-06 5.932422E-02 0.000000E+00
  5101 1.811939E-15 4.863425E-06 4.816477E-02 0.000000E+00
  5102 1.351877E-15 4.762232E-06 6.183667E-02 0.000000E+00
  5103 1.472201E-15 4.821888E-06 5.000000E-02 0.000000E+00
  5104 1.677459E-15 4.656795E-06 5.000000E-02 0.000000E+00
  5105 2.024276E-15 5.371808E-06 4.709880E-02 0.000000E+00
  5106 2.116289E-15 5.379521E-06 2.969446E-02 0.000000E+00
  5107 2.293236E-15 5.410185E-06 5.088048E-02 0.000000E+00
  5108 1.160774E-15 4.922415E-06 5.741482E-02 0.000000E+00
  5109 1.521746E-15 5.369171E-06 4.664301E-02 0.000000E+00
  5110 1.493434E-15 5.327004E-06 3.310306E-02 0.000000E+00
  5111 2.562195E-15 5.369899E-06 5.053845E-02 0.000000E+00
  5112 1.953497E-15 4.641239E-06 6.250000E-02 0.000000E+00
  5113 2.972713E-15 5.378527E-06 5.015262E-02 0.000000E+00
  5114 7.191134E-15 6.169937E-06 2.242189E-02 0.000000E+00
  5115 2.533884E-15 5.419140E-06 5.009354E-02 0.000000E+00
  5116 1.061683E-15 5.389453E-06 5.798880E-02 0.000000E+00
  5117 2.215379E-15 4.882077E-06 5.000000E-02 0.000000E+00
  5118 1.288176E-15 4.699150E-06 5.000000E-02 0.000000E+00
  5119 3.340763E-15 5.409958E-06 5.025815E-02 0.000000E+00
  5120 1.394344E-15 4.648623E-06 4.165202E-02 0.000000E+00
  5121 1.670382E-15 5.410404E-06 5.338998E-02 0.000000E+00
  5122 2.909012E-15 5.362765E-06 6.463456E-02 0.000000E+00
  5123 1.932263E-15 4.788625E-06 6.250000E-02 0.000000E+00
  5124 1.224475E-15 4.778554E-06 4.120362E-02 0.000000E+00
  5125 9.909043E-16 4.639216E-06 5.837918E-02 0.000000E+00
  5126 1.337721E-15 4.694862E-06 6.206196E-02 0.000000E+00
  5127 9.413591E-16 4.655248E-06 5.000000E-02 0.000000E+00
  5128 1.833173E-15 4.731833E-06 3.091766E-02 0.000000E+00
  5129 4.225499E-15 5.399079E-06 5.000000E-02 0.000000E+00
  5130 2.661286E-15 5.348535E-06 5.000000E-02 0.000000E+00
  5131 1.182007E-15 4.692800E-06 5.061985E-02 0.000000E+00
  5132 1.351877E-15 5.411368E-06 5.149978E-02 0.000000E+00
  5133 1.627914E-15 5.335563E-06 4.155403E-02 0.000000E+00
  5134 1.656226E-15 4.659185E-06 5.000000E-02 0.000000E+00
  5135 1.132462E-15 4.592315E-06 6.250000E-02 0.000000E+00
  5136 2.052588E-15 4.761904E-06 5.000000E-02 0.000000E+00
  5137 1.182007E-15 4.447197E-06 8.863773E-02 0.000000E+00
  5138 1.231553E-15 4.725178E-06 5.902666E-02 0.000000E+00
  5139 4.544004E-15 5.361187E-06 5.000000E-02 0.000000E+00
  5140 3.022258E-15 5.335554E-06 4.171259E-02 0.000000E+00
  5141 2.165834E-15 4.786449E-06 5.393631E-02 0.000000E+00
  5142 2.222457E-15 5.349167E-06 5.023194E-02 0.000000E+00
  5143 3.340763E-15 5.348546E-06 5.000000E-02 0.000000E+00
  5144 1.755316E-15 4.642172E-06 6.690182E-02 0.000000E+00
  5145 2.194145E-15 5.335562E-06 4.581936E-02 0.000000E+00
  5146 7.714898E-16 4.923866E-06 3.259421E-02 0.000000E+00
  5147 3.220439E-15 5.399839E-06 3.475868E-02 0.000000E+00
  5148 1.599603E-15 4.738237E-06 7.856613E-02 0.000000E+00
  5149 1.599603E-15 4.716144E-06 5.622809E-02 0.000000E+00
  5150 1.118306E-15 5.338778E-06 6.752657E-02 0.000000E+00
  5151 8.705802E-16 5.347179E-06 5.543633E-02 0.000000E+00
  5152 1.875640E-15 6.319237E-06 5.268133E-02 0.000000E+00
  5153 9.767485E-16 4.750694E-06 5.343342E-02 0.000000E+00
  5154 1.472201E-15 4.916064E-06 2.083333E-02 0.000000E+00
  5155 1.981809E-15 4.817753E-06 5.629970E-02 0.000000E+00
  5156 1.104151E-15 6.041223E-06 4.932319E-02 0.000000E+00
  5157 1.288176E-15 5.425908E-06 5.693019E-02 0.000000E+00
  5158 7.431782E-16 4.833346E-06 5.629185E-02 0.000000E+00
  5159 7.714898E-16 4.827387E-06 5.529676E-02 0.000000E+00
  5160 2.583429E-15 5.359854E-06 4.536939E-02 0.000000E+00
  5161 5.032378E-15 6.035167E-06 4.986982E-02 0.000000E+00
  5162 1.323565E-15 4.667208E-06 4.657806E-02 0.000000E+00
  5163 1.068761E-15 4.692754E-06 4.139640E-02 0.000000E+00
  5164 2.406482E-15 4.634805E-06 2.560513E-02 0.000000E+00
  5165 3.100115E-15 4.655695E-06 2.775612E-02 0.000000E+00
  5166 1.578369E-15 4.719701E-06 6.936771E-02 0.000000E+00
  5167 1.160774E-15 5.348457E-06 4.603840E-02 0.000000E+00
  5168 1.047527E-15 4.450465E-06 6.493885E-02 0.000000E+00
  5169 1.436811E-15 4.597716E-06 5.074701E-02 0.000000E+00
  5170 1.344799E-15 4.704713E-06 4.258835E-02 0.000000E+00
  5171 8.252817E-15 6.926310E-06 5.000000E-02 0.000000E+00
  5172 7.714898E-16 4.779250E-06 5.063208E-02 0.000000E+00
  5173 2.165834E-15 4.878414E-06 5.405318E-02 0.000000E+00
  5174 2.031354E-15 4.756128E-06 3.489141E-02 0.000000E+00
  5175 1.627914E-15 5.348257E-06 5.000000E-02 0.000000E+00
  5176 1.259864E-15 5.335664E-06 7.638023E-02 0.000000E+00
  5177 1.762394E-15 5.356670E-06 4.965741E-02 0.000000E+00
  5178 2.236613E-15 5.335638E-06 3.903192E-02 0.000000E+00
  5179 1.656226E-15 4.590449E-06 3.747759E-02 0.000000E+00
  5180 2.371092E-15 4.658238E-06 5.741009E-02 0.000000E+00
  5181 2.618819E-15 4.652555E-06 5.127467E-02 0.000000E+00
  5182 4.494459E-15 4.445990E-06 4.256337E-02 0.000000E+00
  5183 3.015180E-15 4.788529E-06 4.732503E-02 0.000000E+00
  5184 1.550057E-15 5.349855E-06 5.000000E-02 0.000000E+00
  5185 4.055630E-15 6.041096E-06 1.225726E-02 0.000000E+00
  5186 2.031354E-15 5.348202E-06 4.222310E-02 0.000000E+00
  5187 3.425698E-15 4.647875E-06 3.483671E-02 0.000000E+00
  5188 2.137522E-15 4.780767E-06 2.795085E-02 0.000000E+00
  5189 8.776581E-16 4.647421E-06 6.385774E-02 0.000000E+00
  5190 9.201254E-16 4.783100E-06 6.197000E-02 0.000000E+00
  5191 1.677459E-15 4.586470E-06 6.721693E-02 0.000000E+00
  5192 3.361997E-15 5.408175E-06 2.732942E-02 0.000000E+00
  5193 6.037438E-15 6.208718E-06 3.106323E-02 0.000000E+00
  5194 3.461087E-15 4.843293E-06 5.000000E-02 0.000000E+00
  5195 2.774532E-15 4.702405E-06 4.928017E-02 0.000000E+00
  5196 6.157763E-16 4.444866E-06 3.524117E-02 0.000000E+00
  5197 1.082917E-15 5.418707E-06 5.504479E-02 0.000000E+00
  5198 3.822060E-15 6.269388E-06 6.278524E-02 0.000000E+00
  5199 1.776550E-15 4.772375E-06 5.000000E-02 0.000000E+00
  5200 8.493466E-16 4.637373E-06 7.184137E-02 0.000000E+00
  5201 8.422687E-16 5.335560E-06 6.551885E-02 0.000000E+00
  5202 1.507590E-15 4.644140E-06 4.347985E-02 0.000000E+00
  5203 3.517710E-15 5.720474E-06 3.075758E-02 0.000000E+00
  5204 2.505572E-15 4.642346E-06 4.633238E-02 0.000000E+00
  5205 2.632974E-15 4.731308E-06 1.762006E-02 0.000000E+00
  5206 5.449974E-16 5.348769E-06 4.711342E-02 0.000000E+00
  5207 9.909043E-16 5.458540E-06 4.965173E-02 0.000000E+00
  5208 1.210319E-15 4.866931E-06 5.000000E-02 0.000000E+00
  5209 1.415578E-15 5.348960E-06 7.046223E-02 0.000000E+00
  5210 4.459069E-15 5.349494E-06 2.976119E-02 0.000000E+00
  5211 1.479279E-15 4.809880E-06 4.601188E-02 0.000000E+00
  5212 1.486356E-15 4.814436E-06 6.064337E-02 0.000000E+00
  5213 1.783628E-15 5.347914E-06 4.039847E-02 0.000000E+00
  5214 7.290225E-16 4.792585E-06 4.723827E-02 0.000000E+00
  5215 1.684537E-15 4.451348E-06 8.267724E-02 0.000000E+00
  5216 3.227517E-15 4.686267E-06 5.370945E-02 0.000000E+00
  5217 2.498494E-15 4.722818E-06 5.000000E-02 0.000000E+00
  5218 5.945426E-16 5.318384E-06 4.313264E-02 0.000000E+00
  5219 3.227517E-15 5.396347E-06 3.037885E-02 0.000000E+00
  5220 1.344799E-15 5.335542E-06 5.271592E-02 0.000000E+00
  5221 1.224475E-15 5.397165E-06 5.000000E-02 0.000000E+00
  5222 1.472201E-15 5.349972E-06 5.000000E-02 0.000000E+00
  5223 3.645112E-15 5.359565E-06 5.000000E-02 0.000000E+00
  5224 2.116289E-15 5.411276E-06 6.786144E-02 0.000000E+00
  5225 1.118306E-15 4.762022E-06 4.599381E-02 0.000000E+00
  5226 8.847360E-16 4.589576E-06 4.829821E-02 0.000000E+00
  5227 6.582436E-16 5.397859E-06 5.383496E-02 0.000000E+00
  5228 1.465123E-15 4.811790E-06 5.000000E-02 0.000000E+00
  5229 1.153696E-15 5.396644E-06 6.089547E-02 0.000000E+00
  5230 2.172912E-15 4.797363E-06 7.682594E-02 0.000000E+00
  5231 2.024276E-15 5.335627E-06 4.163321E-02 0.000000E+00
  5232 1.217397E-15 4.697427E-06 6.195459E-02 0.000000E+00
  5233 1.932263E-15 5.705747E-06 3.852330E-02 0.000000E+00
  5234 3.906994E-15 5.367444E-06 5.000000E-02 0.000000E+00
  5235 1.550057E-15 5.360462E-06 8.778490E-02 0.000000E+00
  5236 1.847329E-15 4.780327E-06 5.938262E-02 0.000000E+00
  5237 4.678484E-15 5.360683E-06 5.000000E-02 0.000000E+00
  5238 1.458045E-15 5.361660E-06 2.015965E-02 0.000000E+00
  5239 1.295254E-15 4.692410E-06 3.504250E-02 0.000000E+00
  5240 8.422687E-16 4.734532E-06 5.868627E-02 0.000000E+00
  5241 3.418620E-15 4.709661E-06 3.193135E-02 0.000000E+00
  5242 1.061683E-15 4.842898E-06 5.048134E-02 0.000000E+00
  5243 3.468165E-15 5.347482E-06 2.931688E-02 0.000000E+00
  5244 2.809922E-15 5.335550E-06 6.083631E-02 0.000000E+00
  5245 4.260889E-15 5.716621E-06 4.247413E-02 0.000000E+00
  5246 3.248751E-15 4.734023E-06 3.037743E-02 0.000000E+00
  5247 2.300314E-15 4.970166E-06 2.694496E-02 0.000000E+00
  5248 2.477261E-15 5.349562E-06 4.793875E-02 0.000000E+00
  5249 1.047527E-15 5.347142E-06 4.356402E-02 0.000000E+00
  5250 3.468165E-15 5.705750E-06 3.364492E-02 0.000000E+00
  5251 9.555149E-16 4.780020E-06 2.210457E-02 0.000000E+00
  5252 1.861485E-15 4.724994E-06 5.128042E-02 0.000000E+00
  5253 1.656226E-15 4.947578E-06 2.728256E-02 0.000000E+00
  5254 2.349859E-15 4.813631E-06 5.148317E-02 0.000000E+00
  5255 1.995964E-15 4.734447E-06 1.263716E-02 0.000000E+00
  5256 1.351877E-15 4.835294E-06 7.005710E-02 0.000000E+00
  5257 2.519728E-15 4.782096E-06 5.537010E-02 0.000000E+00
  5258 5.117313E-15 4.643758E-06 2.811091E-02 0.000000E+00
  5259 2.448949E-15 5.347510E-06 6.576034E-02 0.000000E+00
  5260 2.795766E-15 5.348146E-06 6.574062E-02 0.000000E+00
  5261 1.252786E-15 4.600855E-06 4.649897E-02 0.000000E+00
  5262 2.463105E-15 6.044256E-06 4.871534E-02 0.000000E+00
  5263 1.911030E-15 4.767408E-06 1.888233E-02 0.000000E+00
  5264 1.033372E-15 4.642187E-06 3.366700E-02 0.000000E+00
  5265 1.075839E-15 4.653615E-06 5.993819E-02 0.000000E+00
  5266 3.432776E-15 4.735104E-06 5.000000E-02 0.000000E+00
  5267 2.441871E-15 4.735738E-06 5.000000E-02 0.000000E+00
  5268 2.272002E-15 4.591955E-06 4.967393E-02 0.000000E+00
  5269 1.507590E-15 4.641882E-06 5.000000E-02 0.000000E+00
  5270 1.401422E-15 5.372718E-06 6.212174E-02 0.000000E+00
  5271 1.500512E-15 4.734191E-06 7.287736E-02 0.000000E+00
  5272 8.139571E-16 4.600145E-06 4.657120E-02 0.000000E+00
  5273 3.369075E-15 5.734845E-06 5.000000E-02 0.000000E+00
  5274 1.974731E-15 4.700913E-06 4.872904E-02 0.000000E+00
  5275 2.916090E-15 5.458175E-06 1.414464E-02 0.000000E+00
  5276 6.539969E-15 5.996720E-06 2.351309E-02 0.000000E+00
  5277 1.670382E-15 5.444077E-06 5.000000E-02 0.000000E+00
  5278 1.182007E-15 5.410101E-06 5.000000E-02 0.000000E+00
  5279 4.190110E-15 5.347687E-06 7.076311E-02 0.000000E+00
  5280 2.590507E-15 4.735177E-06 4.322555E-02 0.000000E+00
  5281 8.635023E-16 5.348148E-06 6.262218E-02 0.000000E+00
  5282 2.144600E-15 4.668860E-06 5.000000E-02 0.000000E+00
  5283 1.995964E-15 5.705747E-06 5.577888E-02 0.000000E+00
  5284 9.059697E-16 4.809276E-06 5.199715E-02 0.000000E+00
  5285 9.342812E-16 4.657422E-06 5.000000E-02 0.000000E+00
  5286 1.606681E-15 4.634693E-06 4.218663E-02 0.000000E+00
  5287 2.017198E-15 4.641954E-06 3.682610E-02 0.000000E+00
  5288 4.041474E-15 5.705751E-06 4.896887E-02 0.000000E+00
  5289 8.068792E-16 4.642172E-06 5.141824E-02 0.000000E+00
  5290 2.710831E-15 5.360643E-06 3.164327E-02 0.000000E+00
  5291 1.259864E-15 4.736566E-06 4.907194E-02 0.000000E+00
  5292 4.423680E-15 4.728325E-06 5.000000E-02 0.000000E+00
  5293 1.146618E-15 4.792217E-06 6.159910E-02 0.000000E+00
  5294 2.208301E-15 4.698972E-06 5.000000E-02 0.000000E+00
  5295 2.356937E-15 4.835127E-06 4.590150E-02 0.000000E+00
  5296 6.936330E-16 5.408917E-06 6.577218E-02 0.000000E+00
  5297 1.479279E-15 4.737286E-06 6.855814E-02 0.000000E+00
  5298 4.451992E-15 4.738143E-06 6.250000E-02 0.000000E+00
  5299 2.243690E-15 5.348695E-06 4.114771E-02 0.000000E+00
  5300 1.408500E-15 5.378855E-06 4.609694E-02 0.000000E+00
  5301 1.366032E-15 4.642180E-06 4.324154E-02 0.000000E+00
  5302 3.085959E-15 5.358577E-06 5.222188E-02 0.000000E+00
  5303 1.443889E-15 5.359160E-06 5.000000E-02 0.000000E+00
  5304 1.826095E-15 4.815603E-06 5.000000E-02 0.000000E+00
  5305 1.514668E-15 4.865134E-06 4.253524E-02 0.000000E+00
  5306 6.440878E-16 4.769809E-06 3.615634E-02 0.000000E+00
  5307 1.811939E-15 5.378708E-06 6.533088E-02 0.000000E+00
  5308 6.936330E-16 4.862681E-06 4.208741E-02 0.000000E+00
  5309 1.918108E-15 4.859892E-06 3.157689E-02 0.000000E+00
  5310 1.160774E-15 4.588187E-06 6.436953E-02 0.000000E+00
  5311 1.578369E-15 4.870745E-06 5.000000E-02 0.000000E+00
  5312 2.236613E-15 5.705747E-06 5.000000E-02 0.000000E+00
  5313 2.972713E-15 4.794451E-06 5.000000E-02 0.000000E+00
  5314 9.909043E-16 4.836042E-06 5.000000E-02 0.000000E+00
  5315 2.484339E-15 5.705750E-06 1.041667E-02 0.000000E+00
  5316 4.876665E-15 4.652302E-06 4.620749E-02 0.000000E+00
  5317 1.854407E-15 4.602681E-06 5.991573E-02 0.000000E+00
  5318 1.564213E-15 5.455497E-06 5.000000E-02 0.000000E+00
  5319 1.330643E-15 4.690229E-06 5.951125E-02 0.000000E+00
  5320 1.868562E-15 4.785121E-06 5.704147E-02 0.000000E+00
  5321 5.138547E-15 6.506043E-06 5.000000E-02 0.000000E+00
  5322 2.993947E-15 5.722543E-06 4.023150E-02 0.000000E+00
  5323 7.785677E-16 4.721920E-06 4.616087E-02 0.000000E+00
  5324 1.274020E-15 4.635554E-06 6.216734E-02 0.000000E+00
  5325 3.963617E-15 7.284760E-06 5.000000E-02 0.000000E+00
  5326 2.356937E-15 4.591085E-06 2.965211E-02 0.000000E+00
  5327 1.967653E-15 4.935368E-06 5.000000E-02 0.000000E+00
  5328 4.105175E-15 4.589008E-06 3.288689E-02 0.000000E+00
  5329 1.847329E-15 5.371559E-06 6.250000E-02 0.000000E+00
  5330 1.762394E-15 4.648354E-06 4.695550E-02 0.000000E+00
  5331 2.498494E-15 5.379123E-06 4.290707E-02 0.000000E+00
  5332 3.326607E-15 5.814969E-06 5.466287E-02 0.000000E+00
  5333 6.363021E-15 5.362710E-06 5.000000E-02 0.000000E+00
  5334 1.366032E-15 4.785232E-06 5.820168E-02 0.000000E+00
  5335 2.845311E-15 5.360347E-06 3.384042E-02 0.000000E+00
  5336 4.409524E-15 5.834949E-06 4.820531E-02 0.000000E+00
  5337 1.479279E-15 1.036619E-05 7.147652E-02 0.000000E+00
  5338 2.958557E-15 5.369366E-06 2.406191E-02 0.000000E+00
  5339 1.819017E-15 5.458799E-06 5.598409E-02 0.000000E+00
  5340 1.486356E-15 4.839194E-06 5.000000E-02 0.000000E+00
  5341 1.925186E-15 5.349039E-06 3.281856E-02 0.000000E+00
  5342 3.715891E-15 4.776438E-06 5.000000E-02 0.000000E+00
  5343 4.175954E-15 5.369638E-06 3.001122E-02 0.000000E+00
  5344 3.482321E-15 5.412849E-06 5.000000E-02 0.000000E+00
  5345 2.031354E-15 4.442444E-06 4.037004E-02 0.000000E+00
  5346 1.493434E-15 4.662674E-06 5.000000E-02 0.000000E+00
  5347 7.856456E-16 4.662160E-06 4.533635E-02 0.000000E+00
  5348 1.210319E-15 4.598150E-06 5.000000E-02 0.000000E+00
  5349 1.925186E-15 5.416348E-06 5.631421E-02 0.000000E+00
  5350 1.535902E-15 4.652971E-06 6.501827E-02 0.000000E+00
  5351 4.919132E-15 5.350307E-06 2.736334E-02 0.000000E+00
  5352 2.809922E-15 5.714657E-06 4.964805E-02 0.000000E+00
  5353 1.769472E-15 4.654918E-06 3.844156E-02 0.000000E+00
  5354 5.492441E-15 5.889679E-06 5.829270E-02 0.000000E+00
  5355 1.932263E-15 4.729311E-06 5.215745E-02 0.000000E+00
  5356 7.955546E-15 5.359623E-06 7.381940E-02 0.000000E+00
  5357 1.387266E-15 4.807868E-06 5.000000E-02 0.000000E+00
  5358 2.951479E-15 4.831076E-06 8.524645E-02 0.000000E+00
  5359 1.479279E-15 5.371276E-06 5.000000E-02 0.000000E+00
  5360 5.011145E-15 5.356948E-06 4.794606E-02 0.000000E+00
  5361 4.168876E-15 4.596328E-06 4.214570E-02 0.000000E+00
  5362 2.576351E-15 4.842765E-06 4.469312E-02 0.000000E+00
  5363 1.557135E-15 4.594573E-06 7.375319E-02 0.000000E+00
  5364 1.323565E-15 4.642863E-06 7.236887E-02 0.000000E+00
  5365 3.305374E-15 4.659008E-06 3.930307E-02 0.000000E+00
  5366 1.734083E-15 4.840789E-06 4.912200E-02 0.000000E+00
  5367 3.001025E-15 5.460222E-06 7.293649E-02 0.000000E+00
  5368 8.564244E-16 5.304639E-06 2.920926E-02 0.000000E+00
  5369 1.854407E-15 4.798303E-06 3.328508E-02 0.000000E+00
  5370 1.210319E-15 5.335548E-06 4.016675E-02 0.000000E+00
  5371 1.458045E-15 5.370434E-06 5.000000E-02 0.000000E+00
  5372 8.564244E-16 5.368712E-06 3.252058E-02 0.000000E+00
  5373 1.217397E-15 5.347349E-06 5.896944E-02 0.000000E+00
  5374 1.408500E-15 4.783302E-06 5.261609E-02 0.000000E+00
  5375 3.935306E-15 5.347137E-06 5.243474E-02 0.000000E+00
  5376 1.465123E-15 4.868782E-06 7.116049E-02 0.000000E+00
  5377 3.206283E-15 5.705756E-06 7.909124E-02 0.000000E+00
  5378 1.210319E-15 4.451834E-06 5.000000E-02 0.000000E+00
  5379 1.465123E-15 5.372229E-06 4.316723E-02 0.000000E+00
  5380 1.012138E-15 4.860460E-06 6.670886E-02 0.000000E+00
  5381 8.210350E-16 4.761586E-06 6.948890E-02 0.000000E+00
  5382 3.708813E-15 5.349817E-06 4.081487E-02 0.000000E+00
  5383 2.484339E-15 5.420225E-06 5.145266E-02 0.000000E+00
  5384 2.399404E-15 5.335590E-06 3.987399E-02 0.000000E+00
  5385 1.174929E-15 5.347991E-06 5.092929E-02 0.000000E+00
  5386 2.045510E-15 6.042759E-06 3.610858E-02 0.000000E+00
  5387 1.769472E-15 5.705755E-06 5.777499E-02 0.000000E+00
  5388 3.595567E-15 4.864505E-06 3.895262E-02 0.000000E+00
  5389 3.192127E-15 5.335540E-06 4.206670E-02 0.000000E+00
  5390 1.429733E-15 4.689918E-06 4.490227E-02 0.000000E+00
  5391 2.951479E-15 5.361671E-06 4.549407E-02 0.000000E+00
  5392 1.960575E-15 4.860124E-06 2.817353E-02 0.000000E+00
  5393 1.804861E-15 5.348297E-06 6.250000E-02 0.000000E+00
  5394 7.077888E-16 4.960917E-06 4.547351E-02 0.000000E+00
  5395 1.811939E-15 4.786216E-06 5.000000E-02 0.000000E+00
  5396 1.358954E-15 4.812633E-06 4.839680E-02 0.000000E+00
  5397 1.585447E-15 5.377345E-06 5.279841E-02 0.000000E+00
  5398 1.967653E-15 5.420534E-06 5.000000E-02 0.000000E+00
  5399 9.201254E-16 4.591585E-06 7.280824E-02 0.000000E+00
  5400 9.342812E-16 4.589316E-06 6.738617E-02 0.000000E+00
  5401 1.953497E-15 5.349164E-06 5.207927E-02 0.000000E+00
  5402 1.266942E-15 4.883858E-06 5.883215E-02 0.000000E+00
  5403 3.666346E-15 5.361322E-06 2.551552E-02 0.000000E+00
  5404 2.179990E-15 5.335546E-06 4.536702E-02 0.000000E+00
  5405 9.130476E-16 4.444522E-06 5.000000E-02 0.000000E+00
  5406 2.477261E-15 4.704722E-06 5.000000E-02 0.000000E+00
  5407 1.599603E-15 4.723692E-06 7.032143E-02 0.000000E+00
  5408 1.514668E-15 5.715117E-06 3.070268E-02 0.000000E+00
  5409 9.979822E-16 4.757306E-06 7.899814E-02 0.000000E+00
  5410 1.557135E-15 4.820217E-06 5.774174E-02 0.000000E+00
  5411 1.316487E-15 5.361007E-06 7.636748E-02 0.000000E+00
  5412 3.659268E-15 5.409401E-06 5.150297E-02 0.000000E+00
  5413 1.458045E-15 4.860834E-06 5.000000E-02 0.000000E+00
  5414 3.652190E-15 5.716404E-06 4.321410E-02 0.000000E+00
  5415 4.636017E-15 5.349203E-06 5.000000E-02 0.000000E+00
  5416 9.838264E-16 4.841028E-06 5.000000E-02 0.000000E+00
  5417 2.095055E-15 4.763856E-06 6.061088E-02 0.000000E+00
  5418 1.748238E-15 5.356976E-06 6.606659E-02 0.000000E+00
  5419 2.222457E-15 4.446037E-06 5.000000E-02 0.000000E+00
  5420 5.520753E-15 4.927726E-06 3.645110E-02 0.000000E+00
  5421 2.788688E-15 4.733027E-06 5.837239E-02 0.000000E+00
  5422 3.793748E-15 5.412138E-06 3.865414E-02 0.000000E+00
  5423 1.719927E-15 5.349795E-06 5.000000E-02 0.000000E+00
  5424 1.394344E-15 4.725182E-06 3.038111E-02 0.000000E+00
  5425 2.406482E-15 4.644979E-06 5.000000E-02 0.000000E+00
  5426 2.717909E-15 5.348016E-06 4.950561E-02 0.000000E+00
  5427 1.118306E-15 4.815259E-06 7.077460E-02 0.000000E+00
  5428 1.528824E-15 5.356169E-06 2.841222E-02 0.000000E+00
  5429 9.066775E-15 5.791688E-06 5.000000E-02 0.000000E+00
  5430 5.145625E-15 4.643031E-06 4.366952E-02 0.000000E+00
  5431 3.248751E-15 5.356664E-06 5.674806E-02 0.000000E+00
  5432 1.203241E-15 4.832997E-06 3.234554E-02 0.000000E+00
  5433 2.364015E-15 4.586818E-06 5.000000E-02 0.000000E+00
  5434 3.022258E-15 4.641026E-06 5.000000E-02 0.000000E+00
  5435 1.939341E-15 5.721568E-06 7.402447E-02 0.000000E+00
  5436 3.531866E-15 5.357470E-06 6.601563E-02 0.000000E+00
  5437 3.093037E-15 5.402351E-06 1.786685E-02 0.000000E+00
  5438 1.061683E-15 5.360991E-06 4.450501E-02 0.000000E+00
  5439 1.627914E-15 4.762391E-06 4.413625E-02 0.000000E+00
  5440 1.542980E-15 5.401377E-06 5.610147E-02 0.000000E+00
  5441 1.309409E-15 4.642270E-06 5.000000E-02 0.000000E+00
  5442 3.135504E-15 5.348395E-06 5.163475E-02 0.000000E+00
  5443 2.632974E-15 4.693755E-06 5.000000E-02 0.000000E+00
  5444 5.633999E-15 5.714856E-06 6.644083E-02 0.000000E+00
  5445 2.144600E-15 5.369165E-06 6.550064E-02 0.000000E+00
  5446 2.300314E-15 5.347813E-06 5.000000E-02 0.000000E+00
  5447 7.502561E-16 5.371344E-06 5.250202E-02 0.000000E+00
  5448 2.257846E-15 4.898007E-06 3.392698E-02 0.000000E+00
  5449 2.540962E-15 5.793852E-06 5.726120E-02 0.000000E+00
  5450 7.651197E-15 6.481046E-06 2.320878E-02 0.000000E+00
  5451 2.732065E-15 5.335544E-06 8.437616E-02 0.000000E+00
  5452 2.647130E-15 4.688606E-06 5.000000E-02 0.000000E+00
  5453 3.277062E-15 5.335563E-06 5.000000E-02 0.000000E+00
  5454 2.229535E-15 5.347861E-06 5.769486E-02 0.000000E+00
  5455 1.705771E-15 4.740461E-06 6.769209E-02 0.000000E+00
  5456 1.097073E-15 4.634562E-06 6.410118E-02 0.000000E+00
  5457 2.576351E-15 4.723840E-06 6.712303E-02 0.000000E+00
  5458 8.068792E-16 5.716114E-06 3.138074E-02 0.000000E+00
  5459 3.645112E-15 4.836846E-06 6.250000E-02 0.000000E+00
  5460 4.105175E-15 6.328455E-06 8.340294E-02 0.000000E+00
  5461 3.206283E-15 5.335589E-06 5.000000E-02 0.000000E+00
  5462 9.413591E-16 4.590950E-06 4.988011E-02 0.000000E+00
  5463 1.245708E-15 5.369686E-06 6.225297E-02 0.000000E+00
  5464 2.958557E-15 5.399093E-06 5.000000E-02 0.000000E+00
  5465 3.574333E-15 5.359513E-06 5.000000E-02 0.000000E+00
  5466 1.259864E-15 4.730804E-06 3.677289E-02 0.000000E+00
  5467 1.599603E-15 4.652143E-06 8.340294E-02 0.000000E+00
  5468 1.316487E-15 4.766963E-06 5.242189E-02 0.000000E+00
  5469 1.939341E-15 4.648385E-06 5.000000E-02 0.000000E+00
  5470 7.431782E-16 6.721485E-06 2.946013E-02 0.000000E+00
  5471 1.981809E-16 4.669246E-06 4.393031E-02 0.000000E+00
  5472 5.733089E-16 5.326799E-06 3.600060E-02 0.000000E+00
  5473 4.105175E-16 4.563208E-06 2.678932E-02 0.000000E+00
  5474 5.400429E-15 7.091692E-06 1.766700E-02 0.000000E+00
  5475 5.945426E-16 4.668506E-06 3.889643E-02 0.000000E+00
  5476 5.237637E-16 4.565375E-06 3.140876E-02 0.000000E+00
  5477 3.963617E-16 4.628776E-06 3.725678E-02 0.000000E+00
  5478 2.264924E-16 4.617890E-06 4.263420E-02 0.000000E+00
  5479 1.118306E-15 4.791283E-06 1.970671E-02 0.000000E+00
  5480 3.468165E-16 5.304024E-06 4.095869E-02 0.000000E+00
  5481 6.086984E-16 4.410250E-06 2.015413E-02 0.000000E+00
  5482 4.812964E-16 5.304013E-06 3.601123E-02 0.000000E+00
  5483 2.618819E-16 4.629619E-06 4.582512E-02 0.000000E+00
  5484 6.723994E-16 5.317069E-06 3.092363E-02 0.000000E+00
  5485 3.822060E-16 4.410386E-06 3.588826E-02 0.000000E+00
  5486 1.089995E-15 5.304050E-06 2.218474E-02 0.000000E+00
  5487 5.945426E-16 4.617760E-06 1.954198E-02 0.000000E+00
  5488 3.397386E-16 4.703710E-06 2.381651E-02 0.000000E+00
  5489 6.228541E-16 4.576165E-06 2.731099E-02 0.000000E+00
  5490 4.175954E-16 4.567693E-06 3.173702E-02 0.000000E+00
  5491 1.012138E-15 4.565368E-06 3.556872E-02 0.000000E+00
  5492 1.125384E-15 5.369614E-06 1.957575E-02 0.000000E+00
  5493 6.086984E-16 4.625906E-06 2.459683E-02 0.000000E+00
  5494 2.222457E-15 6.728755E-06 3.554477E-02 0.000000E+00
  5495 3.680502E-16 5.304011E-06 1.929667E-02 0.000000E+00
  5496 6.936330E-16 4.565368E-06 3.184888E-02 0.000000E+00
  5497 1.458045E-15 4.790855E-06 2.048267E-02 0.000000E+00
  5498 4.105175E-16 4.672466E-06 4.537062E-02 0.000000E+00
  5499 1.557135E-16 4.759273E-06 4.800305E-02 0.000000E+00
  5500 2.831155E-16 4.631416E-06 5.387674E-02 0.000000E+00
  5501 1.210319E-15 4.916735E-06 3.034929E-02 0.000000E+00
  5502 7.714898E-16 4.585835E-06 5.000000E-02 0.000000E+00
  5503 9.838264E-16 3.835235E-06 5.000000E-02 0.000000E+00
  5504 1.174929E-15 4.728212E-06 5.000000E-02 0.000000E+00
  5505 2.838233E-15 4.973310E-06 3.125000E-02 0.000000E+00
  5506 5.096079E-16 3.832927E-06 5.975910E-02 0.000000E+00
  5507 1.316487E-15 4.831142E-06 5.740578E-02 0.000000E+00
  5508 1.111228E-15 4.976095E-06 5.000000E-02 0.000000E+00
  5509 1.309409E-15 4.717574E-06 5.000000E-02 0.000000E+00
  5510 4.317512E-16 4.100870E-06 6.176073E-02 0.000000E+00
  5511 1.741160E-15 4.758470E-06 5.000000E-02 0.000000E+00
  5512 4.735107E-15 4.479411E-06 5.911686E-02 0.000000E+00
  5513 1.380188E-15 5.087779E-06 5.000000E-02 0.000000E+00
  5514 8.210350E-16 4.479411E-06 5.820259E-02 0.000000E+00
  5515 1.153696E-15 4.551101E-06 5.000000E-02 0.000000E+00
  5516 8.493466E-16 5.087779E-06 5.000000E-02 0.000000E+00
  5517 8.422687E-16 4.097322E-06 5.902647E-02 0.000000E+00
  5518 7.856456E-16 4.602086E-06 5.000000E-02 0.000000E+00
  5519 7.290225E-16 4.215466E-06 5.000000E-02 0.000000E+00
  5520 3.538944E-16 4.602987E-06 6.394112E-02 0.000000E+00
  5521 4.812964E-16 4.551101E-06 4.724375E-02 0.000000E+00
  5522 6.582436E-16 3.827108E-06 4.941837E-02 0.000000E+00
  5523 9.059697E-16 4.417991E-06 5.000000E-02 0.000000E+00
  5524 7.431782E-16 4.213213E-06 5.000000E-02 0.000000E+00
  5525 1.769472E-15 4.758728E-06 5.000000E-02 0.000000E+00
  5526 9.272033E-16 4.975824E-06 6.803133E-02 0.000000E+00
  5527 5.308416E-16 4.758119E-06 4.659786E-02 0.000000E+00
  5528 7.219446E-16 4.717571E-06 5.000000E-02 0.000000E+00
  5529 5.803868E-16 4.717571E-06 5.641448E-02 0.000000E+00
  5530 1.380188E-15 4.717582E-06 5.000000E-02 0.000000E+00
  5531 5.945426E-16 4.100870E-06 5.000000E-02 0.000000E+00
  5532 2.236613E-15 4.717576E-06 1.032547E-02 0.000000E+00
  5533 8.918139E-16 3.826900E-06 5.000000E-02 0.000000E+00
  5534 7.856456E-16 4.551101E-06 6.650603E-02 0.000000E+00
  5535 1.911030E-16 4.716941E-06 3.763818E-02 0.000000E+00
  5536 1.104151E-15 4.705344E-06 6.627421E-02 0.000000E+00
  5537 4.317512E-16 4.093179E-06 5.000000E-02 0.000000E+00
  5538 1.337721E-15 5.293649E-06 1.823446E-02 0.000000E+00
  5539 1.079378E-14 8.420665E-06 4.351462E-02 0.000000E+00
  5540 1.521746E-15 5.002958E-06 6.255848E-02 0.000000E+00
  5541 5.910036E-15 6.052742E-06 5.820259E-02 0.000000E+00
  5542 1.939341E-15 4.996693E-06 1.274328E-02 0.000000E+00
  5543 1.295254E-15 4.089262E-06 2.805443E-02 0.000000E+00
  5544 1.911030E-15 4.945061E-06 5.000000E-02 0.000000E+00
  5545 5.499519E-15 4.645708E-06 5.000000E-02 0.000000E+00
  5546 4.791730E-15 6.004412E-06 5.087464E-02 0.000000E+00
  5547 9.300345E-15 6.036578E-06 4.528213E-02 0.000000E+00
  5548 2.165834E-15 4.961860E-06 2.242422E-02 0.000000E+00
  5549 4.685562E-15 5.244403E-06 5.000000E-02 0.000000E+00
  5550 5.379195E-16 5.082488E-06 4.459225E-02 0.000000E+00
  5551 3.206283E-15 6.018994E-06 3.594557E-02 0.000000E+00
  5552 3.751281E-15 4.990811E-06 5.000000E-02 0.000000E+00
  5553 5.103157E-15 4.974055E-06 2.707865E-02 0.000000E+00
  5554 9.201254E-16 5.273665E-06 3.512158E-02 0.000000E+00
  5555 1.861485E-15 5.256254E-06 4.144587E-02 0.000000E+00
  5556 3.064726E-15 6.346794E-06 4.981609E-02 0.000000E+00
  5557 1.833173E-15 4.679523E-06 8.859383E-02 0.000000E+00
  5558 4.742185E-16 4.588148E-06 3.279759E-02 0.000000E+00
  5559 1.068761E-15 4.209577E-06 2.779776E-02 0.000000E+00
  5560 1.550057E-15 5.054799E-06 6.422979E-02 0.000000E+00
  5561 8.387297E-15 7.560933E-06 5.000000E-02 0.000000E+00
  5562 1.033372E-15 5.050042E-06 4.165933E-02 0.000000E+00
  5563 8.705802E-16 4.617913E-06 6.221918E-02 0.000000E+00
  5564 8.238662E-15 6.822909E-06 4.336078E-02 0.000000E+00
  5565 3.461087E-15 4.972171E-06 5.000000E-02 0.000000E+00
  5566 2.923168E-15 6.473794E-06 2.554539E-02 0.000000E+00
  5567 6.370099E-16 5.048987E-06 6.424027E-02 0.000000E+00
  5568 7.077888E-18 6.334687E-06 7.900000E-02 0.000000E+00
  5569 1.705771E-15 4.988404E-06 3.919727E-02 0.000000E+00
  5570 1.642070E-15 4.834499E-06 4.453035E-02 0.000000E+00
  5571 1.387266E-15 5.247559E-06 4.419417E-02 0.000000E+00
  5572 4.451992E-15 4.675876E-06 7.760221E-02 0.000000E+00
  5573 1.627914E-15 5.026404E-06 5.000000E-02 0.000000E+00
  5574 1.925186E-15 4.674208E-06 4.091620E-02 0.000000E+00
  5575 7.785677E-16 4.977068E-06 5.684066E-02 0.000000E+00
  5576 1.493434E-15 5.021146E-06 5.000000E-02 0.000000E+00
  5577 1.287468E-14 8.579148E-06 2.473290E-02 0.000000E+00
  5578 1.422655E-15 4.976124E-06 5.000000E-02 0.000000E+00
  5579 4.473225E-15 5.261499E-06 8.483954E-02 0.000000E+00
  5580 2.937324E-15 4.785567E-06 5.032752E-02 0.000000E+00
  5581 5.945426E-16 4.785874E-06 5.232213E-02 0.000000E+00
  5582 3.192127E-15 5.971364E-06 5.000000E-02 0.000000E+00
  5583 1.217397E-15 4.299772E-06 4.370425E-02 0.000000E+00
  5584 3.326607E-15 4.215180E-06 5.811675E-02 0.000000E+00
  5585 1.995964E-15 4.792606E-06 5.000000E-02 0.000000E+00
  5586 3.482321E-15 3.926834E-06 5.000000E-02 0.000000E+00
  5587 1.351877E-15 4.670252E-06 5.000000E-02 0.000000E+00
  5588 7.644119E-16 4.978977E-06 6.698905E-02 0.000000E+00
  5589 1.727005E-15 4.732111E-06 2.769160E-02 0.000000E+00
  5590 9.272033E-16 4.613936E-06 6.604301E-02 0.000000E+00
  5591 1.422655E-15 4.409398E-06 4.528541E-02 0.000000E+00
  5592 9.130476E-16 4.740129E-06 5.340868E-02 0.000000E+00
  5593 1.217397E-15 4.989224E-06 5.630168E-02 0.000000E+00
  5594 1.691615E-15 4.994804E-06 5.000000E-02 0.000000E+00
  5595 3.206283E-15 4.689253E-06 5.000000E-02 0.000000E+00
  5596 1.599603E-15 4.979477E-06 5.680490E-02 0.000000E+00
  5597 2.264924E-15 5.072554E-06 4.108116E-02 0.000000E+00
  5598 1.550057E-15 4.734004E-06 6.250000E-02 0.000000E+00
  5599 3.001025E-15 4.692734E-06 4.091508E-02 0.000000E+00
  5600 2.385248E-15 4.630489E-06 5.720178E-02 0.000000E+00
  5601 1.670382E-15 4.733173E-06 1.733438E-02 0.000000E+00
  5602 8.847360E-16 4.197211E-06 4.886262E-02 0.000000E+00
  5603 8.210350E-16 5.075448E-06 8.203258E-02 0.000000E+00
  5604 1.330643E-15 4.382897E-06 1.052459E-02 0.000000E+00
  5605 2.427716E-15 3.918592E-06 4.001459E-02 0.000000E+00
  5606 8.705802E-16 4.634793E-06 3.809707E-02 0.000000E+00
  5607 1.613758E-15 5.070851E-06 6.399467E-02 0.000000E+00
  5608 4.027318E-15 4.295218E-06 4.610570E-02 0.000000E+00
  5609 1.479279E-15 4.209288E-06 4.335959E-02 0.000000E+00
  5610 1.748238E-15 5.266410E-06 4.716704E-02 0.000000E+00
  5611 1.054605E-15 4.788212E-06 4.614616E-02 0.000000E+00
  5612 1.479279E-15 4.999065E-06 3.480148E-02 0.000000E+00
  5613 1.146618E-15 3.926922E-06 7.678901E-02 0.000000E+00
  5614 3.057648E-15 5.753817E-06 8.778490E-02 0.000000E+00
  5615 3.560178E-15 5.946101E-06 5.649009E-02 0.000000E+00
  5616 1.104151E-15 4.634291E-06 5.781843E-02 0.000000E+00
  5617 1.819017E-15 4.735661E-06 5.000000E-02 0.000000E+00
  5618 9.484370E-16 5.072218E-06 2.126164E-02 0.000000E+00
  5619 1.082917E-15 4.634268E-06 7.744928E-02 0.000000E+00
  5620 2.116289E-15 4.755461E-06 5.690325E-02 0.000000E+00
  5621 1.160774E-15 4.634601E-06 6.115132E-02 0.000000E+00
  5622 1.571291E-15 5.021668E-06 5.865019E-02 0.000000E+00
  5623 3.291218E-15 6.296738E-06 6.539587E-02 0.000000E+00
  5624 7.502561E-16 4.100560E-06 5.893300E-02 0.000000E+00
  5625 6.723994E-16 4.981506E-06 4.497773E-02 0.000000E+00
  5626 1.535902E-15 4.691170E-06 6.250000E-02 0.000000E+00
  5627 1.557135E-15 4.204337E-06 5.382144E-02 0.000000E+00
  5628 1.606681E-15 4.754843E-06 4.419417E-02 0.000000E+00
  5629 1.642070E-15 4.981415E-06 2.444143E-02 0.000000E+00
  5630 1.252786E-15 4.788415E-06 6.604703E-02 0.000000E+00
  5631 2.010120E-15 4.998091E-06 5.000000E-02 0.000000E+00
  5632 1.599603E-15 4.670244E-06 4.558084E-02 0.000000E+00
  5633 1.174929E-15 4.743109E-06 3.591151E-02 0.000000E+00
  5634 3.744203E-15 6.935741E-06 3.529153E-02 0.000000E+00
  5635 1.592525E-15 4.781498E-06 5.664655E-02 0.000000E+00
  5636 1.259864E-15 4.691873E-06 5.000000E-02 0.000000E+00
  5637 2.335703E-15 4.611307E-06 5.000000E-02 0.000000E+00
  5638 8.635023E-16 4.210089E-06 3.128272E-02 0.000000E+00
  5639 1.741160E-15 4.303706E-06 4.045192E-02 0.000000E+00
  5640 1.288176E-15 4.788750E-06 5.000000E-02 0.000000E+00
  5641 6.865551E-16 4.734693E-06 4.774218E-02 0.000000E+00
  5642 2.647130E-15 5.077323E-06 4.590563E-02 0.000000E+00
  5643 1.089995E-15 4.663722E-06 5.989550E-02 0.000000E+00
  5644 1.351877E-15 5.071604E-06 5.088312E-02 0.000000E+00
  5645 6.178996E-15 4.730085E-06 3.670638E-02 0.000000E+00
  5646 1.861485E-15 4.735892E-06 4.388184E-02 0.000000E+00
  5647 1.698693E-15 4.118818E-06 4.159605E-02 0.000000E+00
  5648 2.031354E-15 5.264662E-06 5.103277E-02 0.000000E+00
  5649 7.998013E-16 4.218773E-06 4.999962E-02 0.000000E+00
  5650 1.266942E-15 4.436669E-06 6.933087E-02 0.000000E+00
  5651 3.567256E-15 5.071405E-06 4.501098E-02 0.000000E+00
  5652 7.714898E-16 4.300711E-06 3.909787E-02 0.000000E+00
  5653 1.479279E-15 5.072685E-06 4.371750E-02 0.000000E+00
  5654 9.413591E-16 5.263982E-06 3.921312E-02 0.000000E+00
  5655 1.988887E-15 4.212350E-06 8.150009E-02 0.000000E+00
  5656 7.998013E-16 4.312995E-06 4.363987E-02 0.000000E+00
  5657 1.210319E-15 4.252897E-06 6.114270E-02 0.000000E+00
  5658 1.514668E-15 4.630976E-06 6.433520E-02 0.000000E+00
  5659 2.109211E-15 4.720831E-06 2.611472E-02 0.000000E+00
  5660 2.548040E-15 4.198236E-06 7.278340E-02 0.000000E+00
  5661 8.422687E-16 5.068638E-06 5.343384E-02 0.000000E+00
  5662 1.443889E-15 4.633651E-06 4.701589E-02 0.000000E+00
  5663 1.790706E-15 4.203330E-06 6.424844E-02 0.000000E+00
  5664 1.967653E-15 4.682793E-06 6.582688E-02 0.000000E+00
  5665 1.599603E-15 4.994337E-06 5.475371E-02 0.000000E+00
  5666 1.592525E-15 4.205450E-06 4.438095E-02 0.000000E+00
  5667 3.376153E-15 4.729896E-06 4.107705E-02 0.000000E+00
  5668 1.627914E-15 4.733164E-06 7.900000E-02 0.000000E+00
  5669 9.484370E-16 4.195172E-06 6.407399E-02 0.000000E+00
  5670 1.061683E-15 4.097607E-06 4.093046E-02 0.000000E+00
  5671 3.149660E-15 6.331031E-06 4.678475E-02 0.000000E+00
  5672 1.634992E-15 4.778987E-06 6.183638E-02 0.000000E+00
  5673 1.316487E-15 4.107898E-06 6.331145E-02 0.000000E+00
  5674 2.236613E-15 4.755280E-06 4.377605E-02 0.000000E+00
  5675 1.415578E-15 4.630071E-06 5.000000E-02 0.000000E+00
  5676 1.040450E-15 3.921194E-06 2.910970E-02 0.000000E+00
  5677 1.557135E-15 5.077125E-06 5.002132E-02 0.000000E+00
  5678 1.061683E-15 4.778658E-06 5.165778E-02 0.000000E+00
  5679 1.479279E-15 4.979225E-06 5.162944E-02 0.000000E+00
  5680 9.059697E-16 4.734859E-06 6.918953E-02 0.000000E+00
  5681 1.132462E-15 4.979057E-06 5.124827E-02 0.000000E+00
  5682 3.468165E-15 4.739473E-06 4.368382E-02 0.000000E+00
  5683 1.245708E-15 4.211367E-06 4.873837E-02 0.000000E+00
  5684 1.082917E-15 4.395830E-06 6.358697E-02 0.000000E+00
  5685 1.309409E-15 5.262759E-06 5.646500E-02 0.000000E+00
  5686 1.819017E-15 4.665452E-06 5.000000E-02 0.000000E+00
  5687 1.358954E-15 4.783169E-06 2.857202E-02 0.000000E+00
  5688 1.535902E-15 4.105600E-06 6.410284E-02 0.000000E+00
  5689 1.762394E-15 5.069024E-06 5.000000E-02 0.000000E+00
  5690 1.097073E-15 4.208822E-06 4.266416E-02 0.000000E+00
  5691 7.927235E-16 4.302132E-06 4.632449E-02 0.000000E+00
  5692 1.351877E-15 4.199759E-06 5.993819E-02 0.000000E+00
  5693 2.788688E-15 4.993044E-06 3.327856E-02 0.000000E+00
  5694 4.331667E-15 4.735872E-06 5.070004E-02 0.000000E+00
  5695 2.349859E-15 4.196769E-06 3.461489E-02 0.000000E+00
  5696 3.213361E-15 3.913710E-06 4.027044E-02 0.000000E+00
  5697 1.245708E-15 4.104096E-06 3.529686E-02 0.000000E+00
  5698 2.328625E-15 4.664058E-06 5.000000E-02 0.000000E+00
  5699 9.413591E-16 4.848150E-06 3.487236E-02 0.000000E+00
  5700 9.484370E-16 4.401158E-06 4.777878E-02 0.000000E+00
  5701 1.019216E-15 4.403096E-06 5.759890E-02 0.000000E+00
  5702 6.440878E-16 4.340190E-06 3.890796E-02 0.000000E+00
  5703 1.811939E-15 4.630914E-06 8.253735E-02 0.000000E+00
  5704 9.767485E-16 4.403884E-06 1.009701E-02 0.000000E+00
  5705 1.415578E-15 4.480995E-06 5.446394E-02 0.000000E+00
  5706 9.059697E-16 4.239472E-06 5.422015E-02 0.000000E+00
  5707 1.047527E-15 4.783762E-06 5.000000E-02 0.000000E+00
  5708 9.696707E-16 4.780611E-06 4.634177E-02 0.000000E+00
  5709 5.520753E-16 4.302126E-06 4.879093E-02 0.000000E+00
  5710 7.644119E-16 4.247886E-06 3.958026E-02 0.000000E+00
  5711 1.210319E-15 4.430456E-06 5.550288E-02 0.000000E+00
  5712 6.157763E-16 4.207995E-06 6.661377E-02 0.000000E+00
  5713 9.342812E-16 3.723947E-06 6.384221E-02 0.000000E+00
  5714 1.564213E-15 4.665200E-06 5.843609E-02 0.000000E+00
  5715 6.865551E-16 4.665158E-06 4.139840E-02 0.000000E+00
  5716 1.500512E-15 4.402788E-06 6.186134E-02 0.000000E+00
  5717 2.675442E-15 4.607984E-06 3.436688E-02 0.000000E+00
  5718 2.802844E-15 4.249026E-06 5.000000E-02 0.000000E+00
  5719 1.458045E-15 4.408727E-06 3.597980E-02 0.000000E+00
  5720 3.411542E-15 6.348180E-06 3.875578E-02 0.000000E+00
  5721 1.571291E-15 4.199233E-06 5.000000E-02 0.000000E+00
  5722 2.909012E-15 4.251282E-06 2.665862E-02 0.000000E+00
  5723 8.918139E-16 4.629603E-06 5.000000E-02 0.000000E+00
  5724 2.399404E-15 4.629740E-06 6.564792E-02 0.000000E+00
  5725 1.705771E-15 4.557078E-06 6.678626E-02 0.000000E+00
  5726 1.061683E-15 4.005526E-06 5.000000E-02 0.000000E+00
  5727 1.295254E-15 4.729536E-06 6.865628E-02 0.000000E+00
  5728 1.415578E-15 4.311898E-06 5.000000E-02 0.000000E+00
  5729 1.089995E-15 4.404255E-06 5.000000E-02 0.000000E+00
  5730 5.449974E-16 4.249877E-06 5.652835E-02 0.000000E+00
  5731 1.727005E-15 4.734814E-06 3.940010E-02 0.000000E+00
  5732 2.371092E-15 4.402578E-06 6.233487E-02 0.000000E+00
  5733 9.944433E-15 6.322802E-06 5.000000E-02 0.000000E+00
  5734 1.104151E-15 4.408920E-06 5.529148E-02 0.000000E+00
  5735 1.012138E-15 4.978190E-06 6.838074E-02 0.000000E+00
  5736 1.401422E-15 4.404697E-06 4.549529E-02 0.000000E+00
  5737 1.804861E-15 3.720730E-06 5.000000E-02 0.000000E+00
  5738 1.118306E-15 4.733486E-06 7.760444E-02 0.000000E+00
  5739 1.047527E-15 4.428205E-06 4.838619E-02 0.000000E+00
  5740 7.361004E-16 3.923910E-06 3.571143E-02 0.000000E+00
  5741 6.723994E-16 4.103206E-06 5.759723E-02 0.000000E+00
  5742 1.238630E-15 4.839348E-06 6.418636E-02 0.000000E+00
  5743 3.807904E-15 4.687747E-06 6.250000E-02 0.000000E+00
  5744 2.116289E-15 4.205423E-06 5.114748E-02 0.000000E+00
  5745 1.174929E-15 4.438822E-06 7.300251E-02 0.000000E+00
  5746 1.804861E-15 4.849352E-06 5.528712E-02 0.000000E+00
  5747 8.068792E-16 4.095940E-06 5.098635E-02 0.000000E+00
  5748 9.342812E-16 3.716561E-06 5.421871E-02 0.000000E+00
  5749 7.219446E-16 8.192107E-06 7.849759E-02 0.000000E+00
  5750 7.219446E-16 6.045765E-06 5.287217E-02 0.000000E+00
  5751 1.019216E-15 4.407329E-06 7.048700E-02 0.000000E+00
  5752 4.140564E-15 4.207232E-06 1.996130E-02 0.000000E+00
  5753 2.038432E-15 4.006758E-06 5.000000E-02 0.000000E+00
  5754 1.967653E-15 3.925253E-06 5.000000E-02 0.000000E+00
  5755 1.712849E-15 4.095154E-06 4.028605E-02 0.000000E+00
  5756 1.089995E-15 4.301353E-06 5.000000E-02 0.000000E+00
  5757 2.158756E-15 4.094881E-06 5.000000E-02 0.000000E+00
  5758 1.634992E-15 4.473194E-06 4.416150E-02 0.000000E+00
  5759 1.217397E-15 4.844970E-06 5.058225E-02 0.000000E+00
  5760 8.493466E-16 4.411546E-06 5.776479E-02 0.000000E+00
  5761 3.432776E-15 4.209165E-06 2.083333E-02 0.000000E+00
  5762 1.472201E-15 4.039075E-06 5.000000E-02 0.000000E+00
  5763 2.986869E-15 4.403827E-06 5.000000E-02 0.000000E+00
  5764 1.826095E-15 5.369084E-06 5.093295E-02 0.000000E+00
  5765 4.600627E-16 4.204280E-06 6.394112E-02 0.000000E+00
  5766 2.901934E-15 4.200564E-06 4.795206E-02 0.000000E+00
  5767 1.344799E-15 4.204960E-06 5.000000E-02 0.000000E+00
  5768 1.012138E-15 4.247847E-06 6.493089E-02 0.000000E+00
  5769 1.047527E-15 4.630879E-06 4.658985E-02 0.000000E+00
  5770 1.351877E-15 4.405159E-06 5.000000E-02 0.000000E+00
  5771 1.210319E-15 3.731879E-06 4.779548E-02 0.000000E+00
  5772 9.484370E-16 4.301028E-06 6.515072E-02 0.000000E+00
  5773 6.016205E-16 3.920630E-06 6.400692E-02 0.000000E+00
  5774 1.344799E-15 3.999585E-06 6.482197E-02 0.000000E+00
  5775 2.010120E-15 3.923786E-06 3.772271E-02 0.000000E+00
  5776 7.007109E-16 4.203912E-06 3.818539E-02 0.000000E+00
  5777 8.918139E-16 3.925217E-06 4.428832E-02 0.000000E+00
  5778 2.102133E-15 4.404124E-06 1.032547E-02 0.000000E+00
  5779 1.380188E-15 4.107208E-06 4.751890E-02 0.000000E+00
  5780 1.104151E-15 4.205839E-06 2.734329E-02 0.000000E+00
  5781 1.224475E-15 4.407365E-06 4.419417E-02 0.000000E+00
  5782 1.189085E-15 4.294736E-06 2.336505E-02 0.000000E+00
  5783 9.342812E-16 4.095879E-06 5.000000E-02 0.000000E+00
  5784 1.259864E-15 4.608006E-06 4.442887E-02 0.000000E+00
  5785 3.609723E-16 4.407545E-06 7.696675E-02 0.000000E+00
  5786 8.210350E-16 3.923061E-06 5.775216E-02 0.000000E+00
  5787 1.606681E-15 4.400533E-06 4.780901E-02 0.000000E+00
  5788 1.479279E-15 4.607980E-06 6.824838E-02 0.000000E+00
  5789 2.293236E-15 3.929812E-06 5.000000E-02 0.000000E+00
  5790 7.785677E-16 4.246809E-06 5.190631E-02 0.000000E+00
  5791 2.441871E-15 4.608046E-06 7.758491E-02 0.000000E+00
  5792 1.450967E-15 3.925292E-06 5.166706E-02 0.000000E+00
  5793 5.025300E-16 3.923593E-06 5.000000E-02 0.000000E+00
  5794 1.082917E-15 4.039073E-06 6.712688E-02 0.000000E+00
  5795 9.059697E-16 4.409272E-06 6.992793E-02 0.000000E+00
  5796 4.812964E-16 4.633427E-06 5.674326E-02 0.000000E+00
  5797 9.342812E-16 4.300181E-06 5.000000E-02 0.000000E+00
  5798 1.245708E-15 4.092799E-06 5.000000E-02 0.000000E+00
  5799 4.600627E-16 4.202380E-06 7.037788E-02 0.000000E+00
  5800 1.620836E-15 4.753277E-06 5.000000E-02 0.000000E+00
  5801 7.148667E-16 4.201517E-06 8.873891E-02 0.000000E+00
  5802 8.705802E-16 4.304341E-06 7.259703E-02 0.000000E+00
  5803 1.394344E-15 4.844615E-06 5.000000E-02 0.000000E+00
  5804 1.231553E-15 3.908825E-06 5.312472E-02 0.000000E+00
  5805 1.882718E-15 4.239326E-06 5.000000E-02 0.000000E+00
  5806 8.493466E-16 4.405140E-06 5.000000E-02 0.000000E+00
  5807 2.342781E-15 4.399715E-06 4.723236E-02 0.000000E+00
  5808 7.148667E-16 3.916791E-06 3.485597E-02 0.000000E+00
  5809 8.705802E-16 4.200690E-06 7.043204E-02 0.000000E+00
  5810 1.691615E-15 4.096692E-06 2.963515E-02 0.000000E+00
  5811 1.189085E-15 4.039105E-06 4.071404E-02 0.000000E+00
  5812 1.387266E-15 4.301102E-06 5.000000E-02 0.000000E+00
  5813 1.104151E-15 4.205906E-06 4.419417E-02 0.000000E+00
  5814 7.148667E-16 4.205540E-06 7.271902E-02 0.000000E+00
  5815 4.105175E-16 4.095713E-06 4.825067E-02 0.000000E+00
  5816 7.714898E-16 4.441924E-06 4.616584E-02 0.000000E+00
  5817 1.019216E-15 4.556479E-06 4.143112E-02 0.000000E+00
  5818 1.911030E-15 4.410475E-06 5.184708E-02 0.000000E+00
  5819 2.909012E-15 4.978188E-06 3.698542E-02 0.000000E+00
  5820 2.151678E-15 4.719088E-06 5.000000E-02 0.000000E+00
  5821 9.979822E-16 4.682988E-06 5.000000E-02 0.000000E+00
  5822 1.705771E-15 4.407906E-06 4.540363E-02 0.000000E+00
  5823 9.484370E-16 4.203536E-06 5.048834E-02 0.000000E+00
  5824 7.785677E-16 4.404259E-06 5.000000E-02 0.000000E+00
  5825 2.172912E-15 5.762086E-06 8.030040E-02 0.000000E+00
  5826 1.670382E-15 4.037166E-06 5.000000E-02 0.000000E+00
  5827 2.052588E-16 4.664342E-06 4.056426E-02 0.000000E+00
  5828 9.909043E-16 4.687746E-06 5.000000E-02 0.000000E+00
  5829 7.007109E-16 4.754879E-06 7.439054E-02 0.000000E+00
  5830 2.059665E-15 4.784507E-06 4.609527E-02 0.000000E+00
  5831 5.025300E-16 4.240258E-06 5.917430E-02 0.000000E+00
  5832 2.831155E-16 4.208438E-06 4.141727E-02 0.000000E+00
  5833 1.196163E-15 4.412528E-06 3.358598E-02 0.000000E+00
  5834 1.698693E-15 4.782286E-06 4.888592E-02 0.000000E+00
  5835 1.097073E-15 4.414001E-06 7.456721E-02 0.000000E+00
  5836 8.139571E-16 3.923410E-06 2.954629E-02 0.000000E+00
  5837 1.075839E-15 4.572718E-06 6.259828E-02 0.000000E+00
  5838 1.550057E-15 4.629414E-06 5.000000E-02 0.000000E+00
  5839 8.139571E-16 4.247560E-06 5.007283E-02 0.000000E+00
  5840 8.493466E-16 4.299443E-06 4.656236E-02 0.000000E+00
  5841 9.059697E-16 4.843541E-06 5.317095E-02 0.000000E+00
  5842 8.635023E-16 4.559598E-06 5.000000E-02 0.000000E+00
  5843 2.010120E-15 4.733841E-06 3.162638E-02 0.000000E+00
  5844 1.578369E-15 4.556906E-06 4.453035E-02 0.000000E+00
  5845 9.130476E-16 3.908393E-06 5.391920E-02 0.000000E+00
  5846 3.262906E-15 4.207358E-06 2.189233E-02 0.000000E+00
  5847 9.625928E-16 4.201150E-06 6.158725E-02 0.000000E+00
  5848 1.082917E-15 4.200508E-06 6.149106E-02 0.000000E+00
  5849 2.625896E-15 5.715779E-06 5.372300E-02 0.000000E+00
  5850 6.582436E-16 4.298002E-06 4.561912E-02 0.000000E+00
  5851 1.075839E-15 4.201988E-06 5.239768E-02 0.000000E+00
  5852 1.557135E-15 4.209986E-06 6.723337E-02 0.000000E+00
  5853 1.734083E-15 4.281591E-06 5.382758E-02 0.000000E+00
  5854 1.458045E-15 4.755691E-06 4.676085E-02 0.000000E+00
  5855 6.299320E-16 4.430787E-06 4.526403E-02 0.000000E+00
  5856 1.953497E-15 4.302880E-06 5.000000E-02 0.000000E+00
  5857 1.458045E-15 4.389758E-06 5.000000E-02 0.000000E+00
  5858 3.546022E-15 4.334777E-06 6.250000E-02 0.000000E+00
  5859 4.260889E-15 4.299936E-06 7.198031E-02 0.000000E+00
  5860 7.785677E-16 4.730934E-06 5.231488E-02 0.000000E+00
  5861 1.068761E-15 4.566314E-06 5.000000E-02 0.000000E+00
  5862 2.102133E-15 4.780836E-06 6.667252E-02 0.000000E+00
  5863 2.385248E-15 4.684606E-06 6.015517E-02 0.000000E+00
  5864 1.344799E-15 3.733339E-06 5.000000E-02 0.000000E+00
  5865 1.995964E-15 4.206421E-06 4.086971E-02 0.000000E+00
  5866 5.874647E-16 4.198722E-06 5.559612E-02 0.000000E+00
  5867 1.458045E-15 4.730413E-06 3.778708E-02 0.000000E+00
  5868 1.196163E-15 4.437946E-06 5.000000E-02 0.000000E+00
  5869 3.071803E-15 4.440360E-06 6.834495E-02 0.000000E+00
  5870 1.401422E-15 4.403241E-06 6.959825E-02 0.000000E+00
  5871 8.210350E-16 4.434055E-06 3.469508E-02 0.000000E+00
  5872 1.663304E-15 4.608213E-06 4.507642E-02 0.000000E+00
  5873 2.675442E-15 4.294738E-06 4.136581E-02 0.000000E+00
  5874 9.272033E-16 4.209027E-06 4.624585E-02 0.000000E+00
  5875 1.323565E-15 4.216112E-06 2.918436E-02 0.000000E+00
  5876 1.811939E-15 4.782649E-06 5.000000E-02 0.000000E+00
  5877 2.095055E-15 4.239708E-06 2.581624E-02 0.000000E+00
  5878 3.277062E-15 4.302737E-06 2.083333E-02 0.000000E+00
  5879 7.644119E-16 4.252083E-06 6.385599E-02 0.000000E+00
  5880 5.449974E-16 4.203890E-06 6.328418E-02 0.000000E+00
  5881 1.599603E-15 4.166636E-06 6.767616E-02 0.000000E+00
  5882 7.856456E-16 3.714220E-06 5.021934E-02 0.000000E+00
  5883 2.689597E-15 3.905610E-06 5.000000E-02 0.000000E+00
  5884 3.262906E-15 4.245682E-06 5.000000E-02 0.000000E+00
  5885 1.224475E-15 4.246945E-06 5.677425E-02 0.000000E+00
  5886 3.050570E-15 4.839505E-06 4.205727E-02 0.000000E+00
  5887 8.564244E-16 4.096692E-06 5.726140E-02 0.000000E+00
  5888 7.148667E-16 3.914726E-06 3.641169E-02 0.000000E+00
  5889 8.776581E-16 4.561622E-06 5.000000E-02 0.000000E+00
  5890 1.762394E-15 4.297622E-06 5.706851E-02 0.000000E+00
  5891 2.760376E-15 4.780501E-06 5.000000E-02 0.000000E+00
  5892 2.087977E-15 4.561428E-06 5.970480E-02 0.000000E+00
  5893 3.192127E-15 4.206031E-06 5.000000E-02 0.000000E+00
  5894 4.947444E-15 4.001689E-06 5.622304E-02 0.000000E+00
  5895 1.174929E-15 4.238322E-06 3.854500E-02 0.000000E+00
  5896 8.139571E-16 4.731216E-06 5.290127E-02 0.000000E+00
  5897 1.153696E-15 4.039001E-06 5.000000E-02 0.000000E+00
  5898 1.734083E-15 3.716618E-06 4.190718E-02 0.000000E+00
  5899 7.431782E-16 4.631014E-06 6.470149E-02 0.000000E+00
  5900 6.016205E-16 4.206985E-06 5.261774E-02 0.000000E+00
  5901 7.219446E-16 4.479589E-06 5.332703E-02 0.000000E+00
  5902 1.698693E-15 4.843466E-06 1.987023E-02 0.000000E+00
  5903 1.047527E-15 4.414446E-06 3.770875E-02 0.000000E+00
  5904 1.330643E-15 4.400508E-06 5.523878E-02 0.000000E+00
  5905 5.662310E-16 4.241989E-06 4.455735E-02 0.000000E+00
  5906 3.680502E-16 4.978210E-06 4.661351E-02 0.000000E+00
  5907 5.379195E-16 4.039297E-06 7.040633E-02 0.000000E+00
  5908 7.361004E-16 4.038993E-06 5.000000E-02 0.000000E+00
  5909 2.618819E-16 4.205718E-06 4.442772E-02 0.000000E+00
  5910 1.146618E-15 4.556125E-06 5.000000E-02 0.000000E+00
  5911 7.714898E-16 4.247463E-06 5.424987E-02 0.000000E+00
  5912 1.337721E-15 3.724053E-06 5.452055E-02 0.000000E+00
  5913 3.524788E-15 4.204381E-06 5.000000E-02 0.000000E+00
  5914 1.082917E-15 4.249482E-06 7.760185E-02 0.000000E+00
  5915 2.512650E-15 4.562778E-06 5.000000E-02 0.000000E+00
  5916 1.465123E-15 4.665184E-06 5.637858E-02 0.000000E+00
  5917 1.104151E-15 4.630235E-06 3.410411E-02 0.000000E+00
  5918 1.585447E-15 4.633473E-06 8.072669E-02 0.000000E+00
  5919 1.351877E-15 4.565750E-06 3.824495E-02 0.000000E+00
  5920 1.082917E-15 4.115276E-06 6.395721E-02 0.000000E+00
  5921 1.125384E-15 4.217578E-06 5.000000E-02 0.000000E+00
  5922 3.404464E-15 4.247168E-06 5.000000E-02 0.000000E+00
  5923 6.016205E-16 4.301257E-06 5.923105E-02 0.000000E+00
  5924 8.847360E-16 4.402140E-06 5.769224E-02 0.000000E+00
  5925 1.465123E-15 4.978244E-06 2.088781E-02 0.000000E+00
  5926 6.016205E-16 3.715273E-06 3.957763E-02 0.000000E+00
  5927 8.493466E-16 4.205973E-06 2.815879E-02 0.000000E+00
  5928 1.663304E-15 4.173603E-06 5.000000E-02 0.000000E+00
  5929 6.653215E-16 3.988669E-06 4.690579E-02 0.000000E+00
  5930 3.008102E-15 4.781624E-06 5.314880E-02 0.000000E+00
  5931 3.170894E-15 4.207941E-06 3.125000E-02 0.000000E+00
  5932 1.436811E-15 4.408547E-06 6.031815E-02 0.000000E+00
  5933 1.762394E-15 4.475885E-06 6.419679E-02 0.000000E+00
  5934 1.486356E-15 3.921587E-06 7.411171E-02 0.000000E+00
  5935 1.082917E-15 4.297110E-06 4.626735E-02 0.000000E+00
  5936 3.149660E-15 4.334534E-06 3.125000E-02 0.000000E+00
  5937 8.776581E-16 4.402287E-06 4.633030E-02 0.000000E+00
  5938 1.153696E-15 3.915025E-06 8.781518E-02 0.000000E+00
  5939 8.493466E-16 4.730429E-06 5.996682E-02 0.000000E+00
  5940 1.613758E-15 4.561913E-06 5.000000E-02 0.000000E+00
  5941 1.040450E-15 5.019696E-06 5.000000E-02 0.000000E+00
  5942 2.533884E-15 4.409233E-06 5.000000E-02 0.000000E+00
  5943 1.316487E-15 4.475297E-06 5.000000E-02 0.000000E+00
  5944 1.649148E-15 4.852016E-06 5.000000E-02 0.000000E+00
  5945 7.148667E-16 4.555676E-06 6.712519E-02 0.000000E+00
  5946 7.714898E-16 4.247884E-06 5.626817E-02 0.000000E+00
  5947 7.998013E-16 4.401923E-06 4.753377E-02 0.000000E+00
  5948 1.118306E-15 4.204878E-06 3.906780E-02 0.000000E+00
  5949 1.380188E-15 4.731042E-06 4.169788E-02 0.000000E+00
  5950 1.174929E-15 4.433318E-06 5.000000E-02 0.000000E+00
  5951 1.344799E-15 4.403897E-06 5.383740E-02 0.000000E+00
  5952 9.909043E-16 4.201265E-06 4.903144E-02 0.000000E+00
  5953 1.068761E-15 4.629422E-06 5.000000E-02 0.000000E+00
  5954 1.111228E-15 4.338739E-06 5.145331E-02 0.000000E+00
  5955 1.182007E-15 3.920858E-06 6.324375E-02 0.000000E+00
  5956 1.351877E-15 4.844644E-06 4.884953E-02 0.000000E+00
  5957 7.927235E-16 4.039005E-06 3.593070E-02 0.000000E+00
  5958 1.450967E-15 4.097558E-06 1.960765E-02 0.000000E+00
  5959 8.351908E-16 4.786020E-06 6.486447E-02 0.000000E+00
  5960 1.578369E-15 4.842393E-06 5.000000E-02 0.000000E+00
  5961 1.033372E-15 3.920998E-06 4.719143E-02 0.000000E+00
  5962 5.053612E-15 4.468993E-06 6.250000E-02 0.000000E+00
  5963 1.266942E-15 4.204516E-06 5.000000E-02 0.000000E+00
  5964 1.387266E-15 4.732424E-06 6.628989E-02 0.000000E+00
  5965 1.684537E-15 4.401174E-06 5.000000E-02 0.000000E+00
  5966 2.618819E-15 4.003837E-06 5.000000E-02 0.000000E+00
  5967 1.450967E-15 4.753960E-06 5.907201E-02 0.000000E+00
  5968 4.041474E-15 4.303421E-06 2.439926E-02 0.000000E+00
  5969 2.031354E-15 4.204503E-06 5.000000E-02 0.000000E+00
  5970 5.294260E-15 6.041189E-06 4.647884E-02 0.000000E+00
  5971 6.086984E-16 4.277753E-06 4.833294E-02 0.000000E+00
  5972 3.892838E-16 4.301474E-06 8.102465E-02 0.000000E+00
  5973 1.677459E-15 4.335567E-06 5.000000E-02 0.000000E+00
  5974 1.132462E-15 4.607980E-06 5.214167E-02 0.000000E+00
  5975 1.104151E-15 4.735122E-06 4.124103E-02 0.000000E+00
  5976 2.831155E-16 4.250205E-06 3.264370E-02 0.000000E+00
  5977 1.189085E-15 4.736477E-06 4.760799E-02 0.000000E+00
  5978 1.323565E-15 4.242743E-06 5.793453E-02 0.000000E+00
  5979 1.868562E-15 4.410184E-06 5.000000E-02 0.000000E+00
  5980 1.734083E-15 4.409461E-06 8.333365E-02 0.000000E+00
  5981 1.585447E-15 4.397402E-06 5.000000E-02 0.000000E+00
  5982 1.564213E-15 4.477034E-06 5.000000E-02 0.000000E+00
  5983 4.246733E-16 4.303833E-06 4.127832E-02 0.000000E+00
  5984 1.479279E-15 4.752823E-06 4.408965E-02 0.000000E+00
  5985 6.157763E-16 4.339765E-06 6.985570E-02 0.000000E+00
  5986 1.366032E-15 4.097090E-06 5.000000E-02 0.000000E+00
  5987 7.927235E-16 4.410118E-06 3.887930E-02 0.000000E+00
  5988 1.047527E-15 3.723123E-06 7.600657E-02 0.000000E+00
  5989 1.309409E-15 4.480201E-06 5.000000E-02 0.000000E+00
  5990 1.330643E-15 4.631803E-06 5.000000E-02 0.000000E+00
  5991 1.627914E-15 4.841942E-06 5.000000E-02 0.000000E+00
  5992 5.471207E-15 4.632301E-06 5.000000E-02 0.000000E+00
  5993 1.656226E-15 3.725987E-06 5.515051E-02 0.000000E+00
  5994 3.128426E-15 5.691922E-06 5.511839E-02 0.000000E+00
  5995 1.167852E-15 4.282991E-06 5.000000E-02 0.000000E+00
  5996 1.769472E-15 4.631064E-06 5.000000E-02 0.000000E+00
  5997 1.592525E-15 4.409039E-06 3.126840E-02 0.000000E+00
  5998 5.541986E-15 5.995011E-06 5.128608E-02 0.000000E+00
  5999 1.111228E-15 4.334738E-06 5.000000E-02 0.000000E+00
  6000 3.036414E-15 4.404271E-06 2.533011E-02 0.000000E+00
  6001 1.026294E-15 4.241758E-06 5.000000E-02 0.000000E+00
  6002 4.883743E-16 3.724089E-06 6.708805E-02 0.000000E+00
  6003 2.746221E-15 4.692588E-06 3.908096E-02 0.000000E+00
  6004 9.625928E-16 4.242673E-06 2.950990E-02 0.000000E+00
  6005 1.118306E-15 4.198577E-06 6.222094E-02 0.000000E+00
  6006 9.413591E-16 4.279720E-06 7.526843E-02 0.000000E+00
  6007 2.540962E-15 4.730433E-06 6.600151E-02 0.000000E+00
  6008 9.555149E-16 4.478240E-06 5.381184E-02 0.000000E+00
  6009 7.502561E-16 4.407929E-06 5.531287E-02 0.000000E+00
  6010 1.493434E-15 4.301845E-06 5.396989E-02 0.000000E+00
  6011 7.502561E-16 4.410154E-06 4.572246E-02 0.000000E+00
  6012 1.153696E-15 4.238298E-06 5.215899E-02 0.000000E+00
  6013 1.988887E-15 4.299655E-06 5.441252E-02 0.000000E+00
  6014 7.431782E-16 4.409719E-06 5.761295E-02 0.000000E+00
  6015 9.838264E-16 3.923840E-06 5.349171E-02 0.000000E+00
  6016 1.153696E-15 4.682988E-06 3.575778E-02 0.000000E+00
  6017 2.371092E-15 4.844431E-06 3.125000E-02 0.000000E+00
  6018 1.450967E-15 4.847467E-06 6.517530E-02 0.000000E+00
  6019 1.259864E-15 4.306629E-06 5.341197E-02 0.000000E+00
  6020 9.696707E-16 4.245935E-06 7.818655E-02 0.000000E+00
  6021 1.316487E-15 4.335315E-06 8.325016E-02 0.000000E+00
  6022 8.139571E-16 4.206649E-06 4.640694E-02 0.000000E+00
  6023 1.019216E-15 4.038995E-06 3.896876E-02 0.000000E+00
  6024 1.415578E-16 8.385291E-06 7.900000E-02 0.000000E+00
  6025 3.531866E-15 4.440104E-06 5.000000E-02 0.000000E+00
  6026 1.599603E-15 4.244122E-06 5.000000E-02 0.000000E+00
  6027 9.625928E-16 4.294828E-06 4.119348E-02 0.000000E+00
  6028 1.266942E-15 4.556410E-06 6.848422E-02 0.000000E+00
  6029 1.323565E-15 4.749548E-06 5.651360E-02 0.000000E+00
  6030 1.415578E-15 4.840995E-06 5.434798E-02 0.000000E+00
  6031 4.034396E-15 4.305012E-06 6.172228E-02 0.000000E+00
  6032 6.370099E-16 3.920583E-06 7.655213E-02 0.000000E+00
  6033 3.432776E-15 4.729443E-06 5.000000E-02 0.000000E+00
  6034 1.507590E-15 4.841938E-06 5.000000E-02 0.000000E+00
  6035 8.139571E-16 3.915542E-06 6.476607E-02 0.000000E+00
  6036 1.981809E-15 4.738725E-06 5.356537E-02 0.000000E+00
  6037 1.174929E-15 3.718461E-06 5.820220E-02 0.000000E+00
  6038 3.567256E-15 4.384491E-06 5.000000E-02 0.000000E+00
  6039 1.465123E-15 4.752217E-06 5.000000E-02 0.000000E+00
  6040 7.714898E-16 3.721696E-06 4.138175E-02 0.000000E+00
  6041 8.493466E-16 4.246425E-06 5.844895E-02 0.000000E+00
  6042 2.611741E-15 4.312943E-06 5.000000E-02 0.000000E+00
  6043 9.413591E-16 4.561571E-06 8.147276E-02 0.000000E+00
  6044 4.812964E-16 4.400129E-06 5.305354E-02 0.000000E+00
  6045 1.266942E-15 4.406669E-06 4.391527E-02 0.000000E+00
  6046 3.822060E-16 4.094594E-06 4.864715E-02 0.000000E+00
  6047 3.546022E-15 4.730600E-06 5.126487E-02 0.000000E+00
  6048 1.486356E-15 4.630076E-06 1.478130E-02 0.000000E+00
  6049 1.514668E-15 4.733689E-06 7.900000E-02 0.000000E+00
  6050 7.219446E-16 4.038991E-06 1.580466E-02 0.000000E+00
  6051 7.785677E-16 4.284007E-06 5.000000E-02 0.000000E+00
  6052 2.087977E-15 4.038785E-06 6.115068E-02 0.000000E+00
  6053 1.557135E-16 3.714220E-06 2.197740E-02 0.000000E+00
  6054 2.385248E-15 4.665158E-06 5.817719E-02 0.000000E+00
  6055 2.640052E-15 4.631992E-06 6.151809E-02 0.000000E+00
  6056 1.019216E-15 4.665158E-06 3.751197E-02 0.000000E+00
  6057 1.613758E-15 4.337970E-06 5.157542E-02 0.000000E+00
  6058 9.484370E-16 4.410253E-06 5.000000E-02 0.000000E+00
  6059 2.498494E-15 4.754071E-06 6.339269E-02 0.000000E+00
  6060 2.243690E-15 4.406623E-06 5.000000E-02 0.000000E+00
  6061 1.139540E-15 4.563550E-06 5.143409E-02 0.000000E+00
  6062 4.812964E-16 4.335486E-06 7.217752E-02 0.000000E+00
  6063 1.033372E-15 4.384346E-06 5.257015E-02 0.000000E+00
  6064 1.436811E-15 4.431101E-06 7.103467E-02 0.000000E+00
  6065 2.172912E-15 4.241689E-06 5.000000E-02 0.000000E+00
  6066 1.189085E-15 4.442133E-06 7.042478E-02 0.000000E+00
  6067 1.507590E-15 4.403652E-06 5.424413E-02 0.000000E+00
  6068 5.166858E-16 4.427070E-06 6.611542E-02 0.000000E+00
  6069 1.974731E-15 4.568234E-06 4.585691E-02 0.000000E+00
  6070 1.599603E-15 4.200085E-06 3.940653E-02 0.000000E+00
  6071 1.337721E-15 4.553536E-06 3.425947E-02 0.000000E+00
  6072 1.012138E-15 4.336652E-06 7.762761E-02 0.000000E+00
  6073 9.979822E-16 4.409296E-06 4.253375E-02 0.000000E+00
  6074 7.431782E-16 4.410254E-06 3.742456E-02 0.000000E+00
  6075 2.179990E-15 4.400076E-06 6.618238E-02 0.000000E+00
  6076 1.075839E-15 4.379184E-06 5.000000E-02 0.000000E+00
  6077 2.385248E-15 7.203657E-06 4.085646E-02 0.000000E+00
  6078 8.281129E-16 4.245459E-06 3.949315E-02 0.000000E+00
  6079 1.458045E-15 4.241920E-06 7.702273E-02 0.000000E+00
  6080 6.936330E-16 4.163833E-06 6.531598E-02 0.000000E+00
  6081 1.217397E-15 3.910605E-06 2.795085E-02 0.000000E+00
  6082 2.618819E-15 4.421179E-06 1.575053E-02 0.000000E+00
  6083 2.859467E-15 4.303520E-06 5.000000E-02 0.000000E+00
  6084 1.656226E-15 4.404173E-06 1.917617E-02 0.000000E+00
  6085 8.351908E-16 4.479471E-06 7.943697E-02 0.000000E+00
  6086 1.033372E-15 4.408677E-06 4.459642E-02 0.000000E+00
  6087 1.507590E-15 4.338745E-06 5.653022E-02 0.000000E+00
  6088 1.450967E-15 4.751894E-06 3.484742E-02 0.000000E+00
  6089 1.797784E-15 4.562672E-06 1.105655E-02 0.000000E+00
  6090 1.146618E-15 4.205548E-06 5.261159E-02 0.000000E+00
  6091 1.160774E-15 4.197483E-06 5.249768E-02 0.000000E+00
  6092 1.443889E-15 4.300802E-06 5.000000E-02 0.000000E+00
  6093 1.691615E-15 3.734528E-06 3.538577E-02 0.000000E+00
  6094 9.838264E-16 4.336870E-06 7.144738E-02 0.000000E+00
  6095 1.762394E-15 4.297233E-06 6.777481E-02 0.000000E+00
  6096 1.061683E-15 4.300002E-06 4.685362E-02 0.000000E+00
  6097 2.137522E-15 4.400138E-06 3.079681E-02 0.000000E+00
  6098 3.227517E-15 4.608120E-06 5.883181E-02 0.000000E+00
  6099 1.075839E-15 4.401469E-06 4.606405E-02 0.000000E+00
  6100 1.727005E-15 4.750808E-06 6.617213E-02 0.000000E+00
  6101 1.139540E-15 4.281249E-06 3.376827E-02 0.000000E+00
  6102 8.068792E-16 4.301852E-06 7.047251E-02 0.000000E+00
  6103 1.252786E-15 4.403987E-06 5.000000E-02 0.000000E+00
  6104 6.511657E-16 3.916192E-06 4.818271E-02 0.000000E+00
  6105 9.696707E-16 4.245172E-06 5.000000E-02 0.000000E+00
  6106 8.564244E-16 4.407216E-06 5.163526E-02 0.000000E+00
  6107 1.288176E-15 3.914523E-06 4.075683E-02 0.000000E+00
  6108 7.714898E-16 4.406106E-06 4.443571E-02 0.000000E+00
  6109 5.945426E-16 4.099427E-06 5.661265E-02 0.000000E+00
  6110 1.436811E-15 4.098789E-06 5.306403E-02 0.000000E+00
  6111 1.366032E-15 4.442418E-06 5.000000E-02 0.000000E+00
  6112 7.007109E-16 3.916831E-06 4.318106E-02 0.000000E+00
  6113 6.582436E-16 4.423175E-06 5.965460E-02 0.000000E+00
  6114 7.290225E-16 3.722233E-06 4.092566E-02 0.000000E+00
  6115 1.698693E-15 4.484506E-06 4.884729E-02 0.000000E+00
  6116 2.491417E-15 4.844171E-06 4.280556E-02 0.000000E+00
  6117 1.337721E-15 4.244770E-06 2.607716E-02 0.000000E+00
  6118 2.632974E-15 5.019295E-06 5.333858E-02 0.000000E+00
  6119 4.883743E-15 4.093897E-06 3.125000E-02 0.000000E+00
  6120 1.302331E-15 4.101326E-06 5.000000E-02 0.000000E+00
  6121 6.653215E-16 4.470878E-06 6.293450E-02 0.000000E+00
  6122 1.089995E-15 4.408959E-06 6.818858E-02 0.000000E+00
  6123 1.889796E-15 4.204534E-06 4.063495E-02 0.000000E+00
  6124 9.413591E-16 4.410953E-06 5.764089E-02 0.000000E+00
  6125 1.323565E-15 4.404406E-06 5.191290E-02 0.000000E+00
  6126 1.592525E-15 4.307960E-06 5.730542E-02 0.000000E+00
  6127 2.887778E-15 4.094464E-06 5.875462E-02 0.000000E+00
  6128 1.550057E-15 4.402725E-06 6.793290E-02 0.000000E+00
  6129 1.344799E-15 4.206648E-06 4.772269E-02 0.000000E+00
  6130 1.415578E-15 4.404139E-06 5.000000E-02 0.000000E+00
  6131 1.196163E-15 4.731547E-06 5.810970E-02 0.000000E+00
  6132 2.491417E-15 4.558338E-06 1.850308E-02 0.000000E+00
  6133 1.174929E-15 4.200416E-06 6.651825E-02 0.000000E+00
  6134 1.974731E-15 4.632826E-06 2.626108E-02 0.000000E+00
  6135 2.413560E-15 4.432282E-06 4.808394E-02 0.000000E+00
  6136 3.361997E-15 4.335191E-06 5.000000E-02 0.000000E+00
  6137 7.007109E-16 4.201796E-06 6.154376E-02 0.000000E+00
  6138 4.034396E-16 4.245133E-06 6.436876E-02 0.000000E+00
  6139 6.865551E-16 4.199459E-06 4.807801E-02 0.000000E+00
  6140 3.142582E-15 5.992388E-06 5.000000E-02 0.000000E+00
  6141 1.054605E-15 4.843095E-06 5.000000E-02 0.000000E+00
  6142 1.252786E-15 4.243812E-06 7.796517E-02 0.000000E+00
  6143 1.295254E-15 4.107463E-06 3.918800E-02 0.000000E+00
  6144 1.040450E-15 4.559034E-06 5.182106E-02 0.000000E+00
  6145 2.010120E-15 4.843171E-06 5.331259E-02 0.000000E+00
  6146 1.521746E-15 4.729251E-06 5.366501E-02 0.000000E+00
  6147 1.804861E-15 4.432966E-06 6.010933E-02 0.000000E+00
  6148 7.361004E-16 3.997560E-06 6.736310E-02 0.000000E+00
  6149 1.450967E-15 4.560719E-06 3.804310E-02 0.000000E+00
  6150 6.865551E-16 4.299603E-06 6.178870E-02 0.000000E+00
  6151 7.007109E-16 4.844046E-06 5.294728E-02 0.000000E+00
  6152 8.281129E-16 4.211177E-06 5.500833E-02 0.000000E+00
  6153 1.266942E-15 3.720263E-06 5.000000E-02 0.000000E+00
  6154 7.856456E-16 4.842397E-06 7.634946E-02 0.000000E+00
  6155 1.146618E-15 4.663507E-06 4.769305E-02 0.000000E+00
  6156 3.234595E-15 7.500558E-06 2.637938E-02 0.000000E+00
  6157 1.012138E-15 4.783940E-06 4.137681E-02 0.000000E+00
  6158 1.719927E-15 4.440520E-06 5.000000E-02 0.000000E+00
  6159 1.089995E-15 4.437323E-06 5.000000E-02 0.000000E+00
  6160 1.323565E-15 3.715332E-06 5.000000E-02 0.000000E+00
  6161 8.918139E-16 4.400733E-06 3.477230E-02 0.000000E+00
  6162 9.130476E-16 4.401698E-06 8.079340E-02 0.000000E+00
  6163 1.578369E-15 4.199543E-06 4.047937E-02 0.000000E+00
  6164 1.330643E-15 4.092059E-06 5.563693E-02 0.000000E+00
  6165 7.148667E-16 4.436533E-06 7.183895E-02 0.000000E+00
  6166 2.087977E-15 4.430731E-06 4.234709E-02 0.000000E+00
  6167 2.661286E-15 4.478146E-06 4.970916E-02 0.000000E+00
  6168 2.243690E-15 4.410349E-06 6.500796E-02 0.000000E+00
  6169 1.238630E-15 3.926053E-06 5.064501E-02 0.000000E+00
  6170 6.370099E-16 4.434519E-06 7.957722E-02 0.000000E+00
  6171 7.361004E-16 4.406222E-06 4.322647E-02 0.000000E+00
  6172 1.925186E-15 4.737751E-06 7.008130E-02 0.000000E+00
  6173 2.286158E-15 4.994646E-06 4.173044E-02 0.000000E+00
  6174 1.387266E-15 4.436986E-06 3.434251E-02 0.000000E+00
  6175 1.642070E-15 4.039105E-06 5.419328E-02 0.000000E+00
  6176 7.007109E-16 4.202710E-06 4.785811E-02 0.000000E+00
  6177 1.804861E-15 4.733725E-06 4.502968E-02 0.000000E+00
  6178 8.988918E-16 4.304058E-06 5.640482E-02 0.000000E+00
  6179 9.130476E-16 4.782526E-06 5.000000E-02 0.000000E+00
  6180 1.351877E-15 3.921759E-06 2.990718E-02 0.000000E+00
  6181 2.647130E-15 4.246100E-06 4.845202E-02 0.000000E+00
  6182 1.295254E-15 4.247603E-06 5.053469E-02 0.000000E+00
  6183 1.330643E-15 4.779597E-06 5.885797E-02 0.000000E+00
  6184 1.585447E-15 4.206128E-06 6.250000E-02 0.000000E+00
  6185 1.946419E-15 4.553362E-06 4.501036E-02 0.000000E+00
  6186 1.443889E-15 4.841644E-06 5.000000E-02 0.000000E+00
  6187 2.689597E-15 4.740714E-06 5.394905E-02 0.000000E+00
  6188 1.026294E-15 4.410987E-06 3.560707E-02 0.000000E+00
  6189 1.458045E-15 4.004728E-06 5.444796E-02 0.000000E+00
  6190 3.970695E-15 3.916655E-06 4.944318E-02 0.000000E+00
  6191 1.394344E-15 4.404110E-06 3.887223E-02 0.000000E+00
  6192 9.909043E-16 4.400984E-06 4.296539E-02 0.000000E+00
  6193 1.033372E-15 4.407648E-06 6.057009E-02 0.000000E+00
  6194 5.223481E-15 4.249509E-06 2.983023E-02 0.000000E+00
  6195 9.059697E-16 4.001976E-06 5.469974E-02 0.000000E+00
  6196 9.767485E-16 4.716680E-06 5.000000E-02 0.000000E+00
  6197 5.492441E-15 6.369983E-06 2.996428E-02 0.000000E+00
  6198 2.569273E-15 4.781260E-06 7.538621E-02 0.000000E+00
  6199 8.635023E-16 4.293827E-06 7.607503E-02 0.000000E+00
  6200 1.174929E-15 4.429834E-06 3.966600E-02 0.000000E+00
  6201 7.714898E-16 4.303975E-06 3.279620E-02 0.000000E+00
  6202 1.493434E-15 4.305589E-06 4.736806E-02 0.000000E+00
  6203 7.785677E-16 4.652791E-06 5.162252E-02 0.000000E+00
  6204 5.874647E-16 4.092047E-06 4.948813E-02 0.000000E+00
  6205 3.807904E-15 4.556254E-06 3.473848E-02 0.000000E+00
  6206 1.373110E-15 4.245944E-06 5.573306E-02 0.000000E+00
  6207 1.125384E-15 4.297049E-06 4.439806E-02 0.000000E+00
  6208 1.472201E-15 4.095002E-06 5.000000E-02 0.000000E+00
  6209 8.705802E-16 4.244463E-06 6.009679E-02 0.000000E+00
  6210 7.785677E-16 4.478736E-06 5.316271E-02 0.000000E+00
  6211 1.712849E-15 4.630965E-06 5.000000E-02 0.000000E+00
  6212 1.620836E-15 4.842142E-06 7.501031E-02 0.000000E+00
  6213 9.767485E-16 4.563969E-06 6.118802E-02 0.000000E+00
  6214 1.005060E-15 4.243413E-06 7.757874E-02 0.000000E+00
  6215 3.022966E-14 4.204519E-06 4.610537E-02 0.000000E+00
  6216 2.448949E-15 4.686485E-06 4.543319E-02 0.000000E+00
  6217 1.337721E-15 4.203412E-06 8.646358E-02 0.000000E+00
  6218 1.974731E-15 4.434764E-06 4.963746E-02 0.000000E+00
  6219 7.644119E-16 3.919996E-06 6.905492E-02 0.000000E+00
  6220 9.909043E-16 4.240233E-06 4.374078E-02 0.000000E+00
  6221 4.742185E-16 4.665158E-06 7.123277E-02 0.000000E+00
  6222 1.160774E-15 4.405518E-06 6.626324E-02 0.000000E+00
  6223 3.114271E-16 4.405739E-06 3.707801E-02 0.000000E+00
  6224 2.144600E-15 4.478113E-06 3.099111E-02 0.000000E+00
  6225 3.991929E-15 6.319237E-06 3.816760E-02 0.000000E+00
  6226 2.229535E-15 4.218189E-06 5.000000E-02 0.000000E+00
  6227 3.029336E-15 4.686503E-06 6.250000E-02 0.000000E+00
  6228 6.865551E-16 3.721538E-06 5.587442E-02 0.000000E+00
  6229 2.583429E-15 4.756741E-06 2.155673E-02 0.000000E+00
  6230 1.571291E-15 4.407289E-06 5.000000E-02 0.000000E+00
  6231 1.231553E-15 4.408222E-06 4.331352E-02 0.000000E+00
  6232 7.502561E-16 4.432201E-06 7.697544E-02 0.000000E+00
  6233 3.029336E-15 3.723961E-06 4.704743E-02 0.000000E+00
  6234 1.833173E-15 4.300540E-06 3.580361E-02 0.000000E+00
  6235 1.337721E-15 4.783270E-06 5.000000E-02 0.000000E+00
  6236 1.068761E-15 4.388175E-06 4.841020E-02 0.000000E+00
  6237 2.045510E-15 4.482852E-06 5.462540E-02 0.000000E+00
  6238 1.351877E-15 4.687529E-06 6.500148E-02 0.000000E+00
  6239 9.059697E-16 4.202390E-06 4.481950E-02 0.000000E+00
  6240 1.167852E-15 4.405555E-06 4.506159E-02 0.000000E+00
  6241 1.727005E-15 4.373422E-06 4.430792E-02 0.000000E+00
  6242 1.911030E-16 3.714220E-06 2.673036E-02 0.000000E+00
  6243 1.012138E-15 4.406337E-06 4.787704E-02 0.000000E+00
  6244 2.059665E-15 4.200773E-06 3.429813E-02 0.000000E+00
  6245 5.379195E-16 4.245565E-06 7.191229E-02 0.000000E+00
  6246 3.121349E-15 4.844283E-06 2.855551E-02 0.000000E+00
  6247 1.196163E-15 4.207736E-06 5.000000E-02 0.000000E+00
  6248 2.095055E-15 4.209093E-06 5.172338E-02 0.000000E+00
  6249 1.139540E-15 4.299465E-06 5.000000E-02 0.000000E+00
  6250 1.663304E-15 4.429656E-06 6.040868E-02 0.000000E+00
  6251 9.484370E-16 3.917395E-06 5.652094E-02 0.000000E+00
  6252 1.748238E-15 4.199186E-06 5.753817E-02 0.000000E+00
  6253 1.309409E-15 4.035808E-06 5.696193E-02 0.000000E+00
  6254 1.118306E-15 4.630617E-06 6.770232E-02 0.000000E+00
  6255 3.319529E-15 4.782573E-06 6.026869E-02 0.000000E+00
  6256 2.243690E-15 5.934539E-06 3.907145E-02 0.000000E+00
  6257 9.767485E-16 4.439982E-06 5.836978E-02 0.000000E+00
  6258 1.238630E-15 4.334604E-06 5.034002E-02 0.000000E+00
  6259 1.939341E-15 4.299651E-06 5.000000E-02 0.000000E+00
  6260 1.422655E-15 4.564022E-06 5.000000E-02 0.000000E+00
  6261 1.274020E-15 4.730595E-06 5.000000E-02 0.000000E+00
  6262 1.238630E-15 4.403590E-06 7.057119E-02 0.000000E+00
  6263 1.684537E-15 3.919645E-06 3.715519E-02 0.000000E+00
  6264 9.201254E-16 3.720550E-06 5.000000E-02 0.000000E+00
  6265 6.299320E-16 4.405863E-06 5.370215E-02 0.000000E+00
  6266 1.167852E-15 4.206132E-06 8.316339E-02 0.000000E+00
  6267 6.667370E-15 4.780334E-06 5.000000E-02 0.000000E+00
  6268 1.111228E-15 4.844951E-06 5.000000E-02 0.000000E+00
  6269 4.883743E-16 4.094008E-06 6.645367E-02 0.000000E+00
  6270 1.875640E-15 4.558481E-06 5.732618E-02 0.000000E+00
  6271 9.413591E-16 3.921045E-06 7.796877E-02 0.000000E+00
  6272 7.998013E-16 4.434331E-06 5.000000E-02 0.000000E+00
  6273 2.618819E-15 3.718260E-06 5.000000E-02 0.000000E+00
  6274 3.390308E-15 4.409147E-06 5.000000E-02 0.000000E+00
  6275 9.059697E-16 3.999773E-06 3.286208E-02 0.000000E+00
  6276 1.734083E-15 4.236134E-06 5.775408E-02 0.000000E+00
  6277 2.951479E-15 4.417820E-06 5.068536E-02 0.000000E+00
  6278 6.794772E-16 4.842363E-06 5.683344E-02 0.000000E+00
  6279 1.514668E-15 4.279994E-06 5.348789E-02 0.000000E+00
  6280 1.132462E-15 4.608078E-06 5.170828E-02 0.000000E+00
  6281 1.082917E-15 4.239583E-06 6.565725E-02 0.000000E+00
  6282 2.505572E-15 4.476131E-06 5.087236E-02 0.000000E+00
  6283 7.785677E-16 4.203480E-06 5.507919E-02 0.000000E+00
  6284 1.528824E-15 5.070680E-06 6.344924E-02 0.000000E+00
  6285 7.219446E-16 4.094844E-06 7.547434E-02 0.000000E+00
  6286 8.139571E-16 4.841703E-06 4.412250E-02 0.000000E+00
  6287 9.413591E-16 4.439501E-06 5.487285E-02 0.000000E+00
  6288 5.803868E-16 4.382288E-06 5.781603E-02 0.000000E+00
  6289 2.760376E-15 4.202642E-06 5.000000E-02 0.000000E+00
  6290 2.640052E-15 3.904930E-06 6.250000E-02 0.000000E+00
  6291 1.075839E-15 4.339188E-06 7.263444E-02 0.000000E+00
  6292 1.245708E-15 4.094638E-06 5.000000E-02 0.000000E+00
  6293 1.118306E-15 4.198985E-06 5.278548E-02 0.000000E+00
  6294 5.874647E-16 4.224148E-06 5.122698E-02 0.000000E+00
  6295 1.436811E-15 4.300974E-06 3.938071E-02 0.000000E+00
  6296 4.954522E-16 4.429463E-06 4.058582E-02 0.000000E+00
  6297 6.440878E-16 4.556837E-06 6.781111E-02 0.000000E+00
  6298 4.685562E-15 6.310084E-06 4.184966E-02 0.000000E+00
  6299 1.033372E-15 4.098709E-06 3.615928E-02 0.000000E+00
  6300 1.769472E-15 4.294777E-06 2.762985E-02 0.000000E+00
  6301 1.670382E-15 4.733191E-06 5.000000E-02 0.000000E+00
  6302 1.634992E-15 4.553731E-06 3.359533E-02 0.000000E+00
  6303 2.208301E-15 4.401536E-06 4.845721E-02 0.000000E+00
  6304 1.330643E-15 4.333367E-06 3.704762E-02 0.000000E+00
  6305 8.139571E-16 4.304825E-06 5.602266E-02 0.000000E+00
  6306 1.875640E-15 4.732560E-06 5.399209E-02 0.000000E+00
  6307 7.077888E-16 4.300871E-06 4.957899E-02 0.000000E+00
  6308 1.210319E-15 4.202505E-06 2.944946E-02 0.000000E+00
  6309 2.307391E-15 4.752322E-06 5.000000E-02 0.000000E+00
  6310 1.344799E-15 4.304506E-06 3.125000E-02 0.000000E+00
  6311 3.857449E-15 4.301214E-06 5.701900E-02 0.000000E+00
  6312 2.824077E-15 6.037678E-06 3.857568E-02 0.000000E+00
  6313 8.068792E-16 4.095827E-06 2.717171E-02 0.000000E+00
  6314 1.429733E-15 3.926708E-06 3.580931E-02 0.000000E+00
  6315 1.182007E-15 4.413665E-06 6.698067E-02 0.000000E+00
  6316 7.431782E-16 4.208089E-06 3.806234E-02 0.000000E+00
  6317 1.182007E-15 4.477209E-06 5.524222E-02 0.000000E+00
  6318 1.097073E-15 3.719285E-06 5.000000E-02 0.000000E+00
  6319 9.201254E-16 4.039023E-06 4.232408E-02 0.000000E+00
  6320 1.337721E-15 4.205243E-06 8.520138E-02 0.000000E+00
  6321 1.189085E-15 4.095347E-06 7.818194E-02 0.000000E+00
  6322 1.458045E-15 4.608170E-06 2.253433E-02 0.000000E+00
  6323 6.936330E-16 4.478837E-06 5.194550E-02 0.000000E+00
  6324 1.075839E-15 4.325631E-06 5.620425E-02 0.000000E+00
  6325 4.671406E-16 4.300638E-06 5.495283E-02 0.000000E+00
  6326 3.036414E-15 5.074498E-06 4.436932E-02 0.000000E+00
  6327 1.415578E-15 4.308935E-06 5.000000E-02 0.000000E+00
  6328 9.342812E-16 4.733486E-06 7.537293E-02 0.000000E+00
  6329 1.649148E-15 4.630266E-06 5.309354E-02 0.000000E+00
  6330 1.033372E-15 4.407424E-06 5.015943E-02 0.000000E+00
  6331 7.431782E-16 4.196798E-06 4.685687E-02 0.000000E+00
  6332 1.705771E-15 4.256558E-06 3.125000E-02 0.000000E+00
  6333 1.203241E-15 4.729232E-06 8.202890E-02 0.000000E+00
  6334 1.111228E-15 4.555097E-06 5.093968E-02 0.000000E+00
  6335 1.443889E-15 4.568821E-06 4.130680E-02 0.000000E+00
  6336 1.875640E-15 4.631604E-06 3.336634E-02 0.000000E+00
  6337 3.319529E-15 4.206342E-06 2.975842E-02 0.000000E+00
  6338 5.096079E-16 3.916129E-06 5.473568E-02 0.000000E+00
  6339 1.599603E-15 4.414419E-06 2.723377E-02 0.000000E+00
  6340 2.526806E-15 4.201490E-06 3.691466E-02 0.000000E+00
  6341 8.705802E-16 4.402471E-06 4.052939E-02 0.000000E+00
  6342 1.939341E-15 4.244125E-06 5.000000E-02 0.000000E+00
  6343 1.755316E-15 4.336527E-06 8.083234E-02 0.000000E+00
  6344 7.219446E-16 4.247944E-06 5.797526E-02 0.000000E+00
  6345 1.104151E-15 4.631186E-06 5.794392E-02 0.000000E+00
  6346 9.484370E-16 4.336112E-06 5.000000E-02 0.000000E+00
  6347 1.592525E-15 4.094707E-06 7.882292E-02 0.000000E+00
  6348 1.330643E-15 4.241389E-06 2.723377E-02 0.000000E+00
  6349 9.201254E-16 4.402312E-06 5.224794E-02 0.000000E+00
  6350 1.026294E-15 4.438139E-06 5.848509E-02 0.000000E+00
  6351 1.231553E-15 4.415640E-06 6.250000E-02 0.000000E+00
  6352 7.644119E-16 4.411025E-06 5.000000E-02 0.000000E+00
  6353 7.502561E-16 4.038991E-06 2.708100E-02 0.000000E+00
  6354 1.486356E-15 4.631113E-06 3.634986E-02 0.000000E+00
  6355 9.201254E-16 4.564483E-06 3.367182E-02 0.000000E+00
  6356 1.231553E-15 5.072218E-06 5.044039E-02 0.000000E+00
  6357 2.845311E-15 4.412049E-06 5.518409E-02 0.000000E+00
  6358 9.484370E-16 4.331396E-06 3.404194E-02 0.000000E+00
  6359 1.139540E-15 4.294764E-06 4.160844E-02 0.000000E+00
  6360 4.459069E-16 4.206434E-06 6.944440E-02 0.000000E+00
  6361 6.157763E-16 3.715553E-06 2.702831E-02 0.000000E+00
  6362 2.024276E-15 4.687926E-06 2.771602E-02 0.000000E+00
  6363 1.882718E-15 4.297838E-06 4.707790E-02 0.000000E+00
  6364 4.034396E-16 4.783496E-06 6.405998E-02 0.000000E+00
  6365 1.132462E-15 3.912028E-06 4.954959E-02 0.000000E+00
  6366 9.979822E-16 4.564344E-06 3.572056E-02 0.000000E+00
  6367 3.390308E-15 4.432489E-06 4.638888E-02 0.000000E+00
  6368 9.059697E-16 4.666641E-06 4.732113E-02 0.000000E+00
  6369 1.167852E-15 4.245548E-06 3.528161E-02 0.000000E+00
  6370 2.406482E-16 4.038991E-06 4.255102E-02 0.000000E+00
  6371 1.960575E-15 3.923286E-06 2.646992E-02 0.000000E+00
  6372 1.804861E-15 4.436716E-06 3.687896E-02 0.000000E+00
  6373 1.854407E-15 4.733769E-06 3.182758E-02 0.000000E+00
  6374 5.570298E-15 6.319237E-06 4.286740E-02 0.000000E+00
  6375 2.760376E-16 3.997514E-06 4.845243E-02 0.000000E+00
  6376 1.946419E-15 4.417335E-06 5.426719E-02 0.000000E+00
  6377 1.082917E-15 4.632123E-06 7.760640E-02 0.000000E+00
  6378 1.918108E-15 4.781459E-06 4.041982E-02 0.000000E+00
  6379 5.237637E-16 4.240462E-06 5.955569E-02 0.000000E+00
  6380 1.132462E-15 3.925312E-06 8.623356E-02 0.000000E+00
  6381 1.443889E-15 4.417567E-06 3.132471E-02 0.000000E+00
  6382 5.124391E-15 4.730653E-06 5.000000E-02 0.000000E+00
  6383 1.387266E-15 4.251108E-06 6.904885E-02 0.000000E+00
  6384 1.174929E-15 4.754767E-06 3.911983E-02 0.000000E+00
  6385 7.998013E-16 3.913049E-06 5.966554E-02 0.000000E+00
  6386 9.909043E-16 4.034094E-06 5.403141E-02 0.000000E+00
  6387 1.734083E-15 4.684448E-06 2.134894E-02 0.000000E+00
  6388 7.573340E-16 4.407896E-06 3.054407E-02 0.000000E+00
  6389 3.284140E-15 4.563474E-06 3.806338E-02 0.000000E+00
  6390 2.038432E-15 4.556041E-06 3.840419E-02 0.000000E+00
  6391 1.351877E-15 4.305554E-06 5.907016E-02 0.000000E+00
  6392 3.015180E-15 4.241055E-06 4.419417E-02 0.000000E+00
  6393 7.431782E-16 4.248316E-06 5.000000E-02 0.000000E+00
  6394 2.774532E-15 4.405274E-06 7.466586E-02 0.000000E+00
  6395 2.533884E-15 5.262258E-06 3.912022E-02 0.000000E+00
  6396 1.939341E-15 3.726271E-06 3.046001E-02 0.000000E+00
  6397 8.705802E-16 4.300824E-06 2.998503E-02 0.000000E+00
  6398 1.061683E-15 4.561061E-06 8.246961E-02 0.000000E+00
  6399 1.337721E-15 4.295235E-06 4.899430E-02 0.000000E+00
  6400 4.034396E-16 4.002692E-06 8.177625E-02 0.000000E+00
  6401 2.548040E-15 4.734657E-06 3.908302E-02 0.000000E+00
  6402 2.151678E-15 4.670426E-06 4.261902E-02 0.000000E+00
  6403 2.264924E-15 4.301765E-06 5.000000E-02 0.000000E+00
  6404 1.104151E-15 4.426122E-06 3.848679E-02 0.000000E+00
  6405 1.224475E-15 4.607980E-06 4.690049E-02 0.000000E+00
  6406 3.050570E-15 5.265914E-06 4.869056E-02 0.000000E+00
  6407 1.040450E-15 4.739117E-06 3.562076E-02 0.000000E+00
  6408 1.776550E-15 4.033960E-06 4.410165E-02 0.000000E+00
  6409 6.653215E-16 4.039319E-06 4.774361E-02 0.000000E+00
  6410 1.089995E-15 4.479253E-06 4.797267E-02 0.000000E+00
  6411 9.696707E-16 4.405641E-06 5.440927E-02 0.000000E+00
  6412 8.918139E-16 4.480795E-06 5.644717E-02 0.000000E+00
  6413 8.281129E-16 4.205285E-06 3.734843E-02 0.000000E+00
  6414 1.274020E-15 4.402153E-06 4.634050E-02 0.000000E+00
  6415 1.811939E-15 4.556629E-06 7.900000E-02 0.000000E+00
  6416 1.125384E-15 4.298056E-06 2.033703E-02 0.000000E+00
  6417 4.105175E-16 4.407564E-06 6.005191E-02 0.000000E+00
  6418 1.047527E-15 4.247306E-06 5.000000E-02 0.000000E+00
  6419 8.493466E-16 4.631761E-06 5.420369E-02 0.000000E+00
  6420 1.012138E-15 4.305399E-06 4.139280E-02 0.000000E+00
  6421 7.644119E-16 4.198900E-06 4.395519E-02 0.000000E+00
  6422 3.227517E-15 4.843157E-06 5.172965E-02 0.000000E+00
  6423 1.054605E-15 3.722239E-06 6.594297E-02 0.000000E+00
  6424 1.316487E-15 4.563531E-06 6.869018E-02 0.000000E+00
  6425 5.803868E-16 4.631191E-06 7.083730E-02 0.000000E+00
  6426 8.635023E-16 4.246149E-06 5.000000E-02 0.000000E+00
  6427 1.196163E-15 4.204842E-06 6.979196E-02 0.000000E+00
  6428 2.194145E-15 3.916687E-06 4.556565E-02 0.000000E+00
  6429 1.160774E-15 4.408342E-06 5.839005E-02 0.000000E+00
  6430 2.272002E-15 4.411077E-06 2.565765E-02 0.000000E+00
  6431 1.012138E-15 4.301473E-06 2.568727E-02 0.000000E+00
  6432 1.861485E-15 4.434647E-06 4.281044E-02 0.000000E+00
  6433 6.865551E-16 4.329529E-06 3.903583E-02 0.000000E+00
  6434 7.785677E-16 4.038991E-06 5.475920E-02 0.000000E+00
  6435 1.542980E-15 4.301769E-06 6.250000E-02 0.000000E+00
  6436 2.647130E-15 4.432153E-06 5.974870E-02 0.000000E+00
  6437 2.215379E-15 4.201120E-06 4.365609E-02 0.000000E+00
  6438 1.995964E-15 4.201442E-06 6.645483E-02 0.000000E+00
  6439 4.756341E-15 4.246414E-06 5.000000E-02 0.000000E+00
  6440 1.882718E-15 4.198503E-06 5.000000E-02 0.000000E+00
  6441 1.486356E-15 4.202856E-06 6.250000E-02 0.000000E+00
  6442 4.034396E-16 5.674218E-06 1.856183E-02 0.000000E+00
  6443 1.266942E-15 4.211524E-06 5.148317E-02 0.000000E+00
  6444 1.146618E-15 4.293825E-06 7.240484E-02 0.000000E+00
  6445 1.634992E-15 4.665164E-06 5.000000E-02 0.000000E+00
  6446 2.321547E-15 4.241819E-06 4.220207E-02 0.000000E+00
  6447 8.564244E-16 4.562160E-06 3.946531E-02 0.000000E+00
  6448 1.040450E-15 4.405718E-06 5.422212E-02 0.000000E+00
  6449 2.095055E-15 4.607986E-06 1.577774E-02 0.000000E+00
  6450 6.016205E-16 4.205701E-06 4.774925E-02 0.000000E+00
  6451 2.972713E-15 4.432823E-06 5.000000E-02 0.000000E+00
  6452 1.479279E-15 4.301652E-06 2.089344E-02 0.000000E+00
  6453 8.918139E-16 3.999555E-06 6.250000E-02 0.000000E+00
  6454 1.479279E-15 4.438779E-06 4.156363E-02 0.000000E+00
  6455 2.505572E-15 4.407758E-06 5.000000E-02 0.000000E+00
  6456 3.149660E-15 4.607997E-06 1.890969E-02 0.000000E+00
  6457 8.918139E-16 4.408277E-06 5.365460E-02 0.000000E+00
  6458 1.995964E-15 5.067525E-06 4.388839E-02 0.000000E+00
  6459 2.116289E-15 4.733678E-06 5.000000E-02 0.000000E+00
  6460 5.449974E-16 3.720468E-06 4.751347E-02 0.000000E+00
  6461 6.178996E-15 5.720566E-06 5.000000E-02 0.000000E+00
  6462 1.465123E-15 4.738195E-06 4.904373E-02 0.000000E+00
  6463 3.751281E-16 4.309630E-06 2.949142E-02 0.000000E+00
  6464 2.498494E-15 4.839713E-06 5.000000E-02 0.000000E+00
  6465 1.366032E-15 4.748774E-06 2.664886E-02 0.000000E+00
  6466 5.591532E-16 4.300125E-06 7.572664E-02 0.000000E+00
  6467 1.005060E-15 4.199807E-06 6.237484E-02 0.000000E+00
  6468 6.723994E-16 4.398199E-06 5.038205E-02 0.000000E+00
  6469 1.571291E-15 4.684196E-06 5.000000E-02 0.000000E+00
  6470 6.723994E-16 4.733625E-06 2.772996E-02 0.000000E+00
  6471 1.203241E-15 4.237320E-06 4.428901E-02 0.000000E+00
  6472 1.118306E-15 4.437213E-06 6.479104E-02 0.000000E+00
  6473 1.599603E-15 4.407301E-06 2.540585E-02 0.000000E+00
  6474 1.429733E-15 4.201957E-06 5.000000E-02 0.000000E+00
  6475 1.104151E-15 4.753188E-06 6.219310E-02 0.000000E+00
  6476 9.342812E-16 4.297782E-06 4.692771E-02 0.000000E+00
  6477 1.089995E-15 4.250363E-06 5.000000E-02 0.000000E+00
  6478 2.031354E-15 4.737613E-06 5.000000E-02 0.000000E+00
  6479 2.229535E-15 5.068203E-06 5.000000E-02 0.000000E+00
  6480 2.760376E-15 4.008656E-06 5.000000E-02 0.000000E+00
  6481 9.838264E-16 4.555491E-06 4.132130E-02 0.000000E+00
  6482 1.337721E-15 4.629570E-06 6.956101E-02 0.000000E+00
  6483 1.599603E-15 3.926589E-06 5.000000E-02 0.000000E+00
  6484 4.459069E-16 4.039126E-06 5.185800E-02 0.000000E+00
  6485 1.925186E-15 4.207883E-06 5.000000E-02 0.000000E+00
  6486 9.413591E-16 4.198470E-06 5.958848E-02 0.000000E+00
  6487 1.458045E-15 4.564708E-06 4.601154E-02 0.000000E+00
  6488 1.762394E-15 4.310237E-06 4.190032E-02 0.000000E+00
  6489 1.337721E-15 3.924893E-06 5.000000E-02 0.000000E+00
  6490 1.245708E-15 4.211489E-06 3.354123E-02 0.000000E+00
  6491 2.300314E-15 4.381980E-06 4.588069E-02 0.000000E+00
  6492 3.567256E-15 4.240016E-06 4.676742E-02 0.000000E+00
  6493 9.767485E-16 4.203702E-06 5.000000E-02 0.000000E+00
  6494 6.016205E-16 4.203771E-06 4.986056E-02 0.000000E+00
  6495 1.557135E-15 4.406570E-06 5.422031E-02 0.000000E+00
  6496 8.139571E-16 4.559582E-06 4.943563E-02 0.000000E+00
  6497 3.638034E-15 4.481020E-06 4.190032E-02 0.000000E+00
  6498 9.909043E-16 4.244490E-06 3.557874E-02 0.000000E+00
  6499 1.436811E-15 4.408426E-06 2.597541E-02 0.000000E+00
  6500 2.264924E-15 4.407544E-06 3.344542E-02 0.000000E+00
  6501 8.635023E-16 4.203569E-06 6.730452E-02 0.000000E+00
  6502 7.573340E-16 3.715737E-06 5.000000E-02 0.000000E+00
  6503 2.010120E-15 4.243190E-06 3.870776E-02 0.000000E+00
  6504 2.052588E-15 4.653372E-06 5.000000E-02 0.000000E+00
  6505 1.068761E-15 4.477556E-06 3.145369E-02 0.000000E+00
  6506 1.104151E-15 4.301608E-06 6.110730E-02 0.000000E+00
  6507 1.054605E-15 3.923498E-06 6.400802E-02 0.000000E+00
  6508 1.472201E-15 4.563028E-06 4.714434E-02 0.000000E+00
  6509 1.535902E-15 4.431935E-06 7.770500E-02 0.000000E+00
  6510 3.128426E-15 4.730243E-06 2.059106E-02 0.000000E+00
  6511 8.635023E-16 4.207973E-06 7.243945E-02 0.000000E+00
  6512 1.663304E-15 4.439196E-06 6.071456E-02 0.000000E+00
  6513 6.228541E-16 4.248376E-06 4.305022E-02 0.000000E+00
  6514 7.714898E-16 4.411066E-06 4.324154E-02 0.000000E+00
  6515 9.484370E-16 4.249703E-06 5.048302E-02 0.000000E+00
  6516 7.920157E-15 4.406874E-06 1.041667E-02 0.000000E+00
  6517 8.422687E-16 3.918929E-06 3.812440E-02 0.000000E+00
  6518 1.153696E-15 4.751597E-06 4.692771E-02 0.000000E+00
  6519 2.272002E-15 5.350997E-06 4.621901E-02 0.000000E+00
  6520 2.208301E-15 3.728049E-06 4.205399E-02 0.000000E+00
  6521 9.059697E-16 4.203900E-06 5.030846E-02 0.000000E+00
  6522 1.592525E-15 3.929978E-06 3.307320E-02 0.000000E+00
  6523 1.649148E-15 4.206709E-06 6.250000E-02 0.000000E+00
  6524 2.767454E-15 4.201500E-06 5.000000E-02 0.000000E+00
  6525 1.068761E-15 4.752677E-06 6.237049E-02 0.000000E+00
  6526 1.571291E-15 3.715369E-06 3.210128E-02 0.000000E+00
  6527 1.026294E-15 4.244051E-06 7.130538E-02 0.000000E+00
  6528 1.118306E-15 4.203273E-06 3.287879E-02 0.000000E+00
  6529 2.640052E-15 5.714853E-06 4.821650E-02 0.000000E+00
  6530 3.284140E-15 4.402705E-06 6.250000E-02 0.000000E+00
  6531 1.316487E-15 4.734938E-06 3.608807E-02 0.000000E+00
  6532 5.096079E-16 3.722150E-06 3.865288E-02 0.000000E+00
  6533 1.337721E-15 4.736320E-06 5.572271E-02 0.000000E+00
  6534 7.856456E-16 4.038993E-06 6.336254E-02 0.000000E+00
  6535 1.981809E-15 4.303476E-06 3.125000E-02 0.000000E+00
  6536 1.719927E-15 4.432650E-06 4.800500E-02 0.000000E+00
  6537 1.054605E-15 4.239270E-06 7.306753E-02 0.000000E+00
  6538 6.794772E-16 4.564019E-06 3.522027E-02 0.000000E+00
  6539 2.689597E-15 4.241195E-06 3.439223E-02 0.000000E+00
  6540 1.896874E-15 4.252433E-06 6.130625E-02 0.000000E+00
  6541 2.102133E-15 4.440205E-06 4.268545E-02 0.000000E+00
  6542 1.734083E-15 4.038995E-06 5.000000E-02 0.000000E+00
  6543 1.458045E-15 4.629575E-06 4.185098E-02 0.000000E+00
  6544 2.158756E-15 4.782954E-06 2.142420E-02 0.000000E+00
  6545 1.634992E-15 4.241777E-06 5.292101E-02 0.000000E+00
  6546 1.691615E-15 4.209280E-06 3.371980E-02 0.000000E+00
  6547 1.146618E-15 4.409736E-06 4.391896E-02 0.000000E+00
  6548 9.555149E-16 4.203808E-06 4.720301E-02 0.000000E+00
  6549 1.167852E-15 4.728875E-06 3.581578E-02 0.000000E+00
  6550 1.528824E-15 4.405874E-06 6.208844E-02 0.000000E+00
  6551 1.245708E-15 4.731748E-06 5.194056E-02 0.000000E+00
  6552 4.501537E-15 6.124297E-06 5.351166E-02 0.000000E+00
  6553 1.415578E-15 4.846797E-06 5.450537E-02 0.000000E+00
  6554 1.252786E-15 4.978189E-06 3.963950E-02 0.000000E+00
  6555 1.210319E-15 4.631054E-06 5.884555E-02 0.000000E+00
  6556 9.059697E-16 4.434031E-06 6.651872E-02 0.000000E+00
  6557 1.472201E-15 3.925362E-06 5.000000E-02 0.000000E+00
  6558 1.295254E-15 4.239391E-06 5.222783E-02 0.000000E+00
  6559 1.734083E-15 4.415101E-06 3.682940E-02 0.000000E+00
  6560 1.217397E-15 4.241182E-06 5.000000E-02 0.000000E+00
  6561 7.573340E-16 4.407801E-06 6.865072E-02 0.000000E+00
  6562 1.932263E-15 4.249668E-06 3.486753E-02 0.000000E+00
  6563 1.174929E-15 4.607994E-06 3.894595E-02 0.000000E+00
  6564 1.132462E-15 4.408892E-06 5.000000E-02 0.000000E+00
  6565 1.571291E-15 4.304725E-06 6.141128E-02 0.000000E+00
  6566 1.705771E-15 4.333715E-06 5.000000E-02 0.000000E+00
  6567 1.203241E-15 4.398506E-06 2.938019E-02 0.000000E+00
  6568 1.493434E-15 4.476459E-06 5.000000E-02 0.000000E+00
  6569 1.125384E-15 4.303606E-06 5.000000E-02 0.000000E+00
  6570 9.201254E-16 4.039268E-06 5.217156E-02 0.000000E+00
  6571 6.086984E-16 4.246524E-06 2.066726E-02 0.000000E+00
  6572 1.295254E-15 4.566106E-06 5.000000E-02 0.000000E+00
  6573 1.252786E-15 4.301035E-06 2.923066E-02 0.000000E+00
  6574 6.723994E-16 4.039045E-06 2.996475E-02 0.000000E+00
  6575 1.882718E-15 4.750013E-06 5.000000E-02 0.000000E+00
  6576 1.373110E-15 3.915259E-06 5.000000E-02 0.000000E+00
  6577 1.118306E-15 4.476951E-06 5.000000E-02 0.000000E+00
  6578 5.570298E-15 6.322247E-06 3.924814E-02 0.000000E+00
  6579 7.502561E-16 4.243448E-06 4.523511E-02 0.000000E+00
  6580 1.224475E-15 3.719475E-06 2.997446E-02 0.000000E+00
  6581 1.918108E-15 4.557190E-06 6.014640E-02 0.000000E+00
  6582 1.040450E-15 4.437455E-06 4.697173E-02 0.000000E+00
  6583 1.146618E-15 3.920821E-06 5.544723E-02 0.000000E+00
  6584 2.095055E-15 3.908181E-06 3.326718E-02 0.000000E+00
  6585 1.542980E-15 4.687321E-06 4.223129E-02 0.000000E+00
  6586 5.945426E-16 4.732070E-06 4.795008E-02 0.000000E+00
  6587 1.210319E-15 4.206558E-06 4.490212E-02 0.000000E+00
  6588 6.582436E-16 4.731499E-06 5.300646E-02 0.000000E+00
  6589 1.040450E-15 4.433174E-06 7.337370E-02 0.000000E+00
  6590 3.984851E-15 4.406343E-06 4.503221E-02 0.000000E+00
  6591 1.281098E-15 4.669748E-06 5.590861E-02 0.000000E+00
  6592 5.733089E-16 4.433232E-06 6.946953E-02 0.000000E+00
  6593 5.874647E-16 4.631144E-06 5.807541E-02 0.000000E+00
  6594 1.139540E-15 3.911603E-06 4.212434E-02 0.000000E+00
  6595 1.019216E-15 4.407356E-06 5.000000E-02 0.000000E+00
  6596 8.210350E-16 4.478199E-06 7.565545E-02 0.000000E+00
  6597 8.351908E-16 4.146925E-06 5.000000E-02 0.000000E+00
  6598 9.130476E-16 4.401374E-06 5.191276E-02 0.000000E+00
  6599 1.323565E-15 4.476369E-06 3.498248E-02 0.000000E+00
  6600 8.493466E-16 4.784055E-06 4.988556E-02 0.000000E+00
  6601 1.783628E-15 4.730895E-06 6.390897E-02 0.000000E+00
  6602 8.351908E-16 4.207806E-06 6.660463E-02 0.000000E+00
  6603 2.130444E-15 4.474693E-06 5.424155E-02 0.000000E+00
  6604 9.555149E-16 4.237529E-06 5.374127E-02 0.000000E+00
  6605 1.627914E-15 4.608073E-06 4.707966E-02 0.000000E+00
  6606 4.459069E-16 4.243628E-06 7.120435E-02 0.000000E+00
  6607 1.790706E-15 4.006698E-06 2.314798E-02 0.000000E+00
  6608 1.918108E-15 4.731847E-06 7.667898E-02 0.000000E+00
  6609 1.366032E-15 4.200505E-06 4.556768E-02 0.000000E+00
  6610 1.550057E-15 4.732397E-06 3.388261E-02 0.000000E+00
  6611 1.988887E-15 4.429812E-06 4.160577E-02 0.000000E+00
  6612 8.564244E-16 4.208063E-06 5.000000E-02 0.000000E+00
  6613 2.654208E-15 4.334047E-06 3.801320E-02 0.000000E+00
  6614 3.050570E-15 3.918109E-06 5.000000E-02 0.000000E+00
  6615 1.811939E-15 4.446010E-06 3.600070E-02 0.000000E+00
  6616 4.812964E-16 3.717759E-06 3.257695E-02 0.000000E+00
  6617 3.546022E-15 4.336920E-06 5.000000E-02 0.000000E+00
  6618 7.502561E-16 4.608007E-06 7.350525E-02 0.000000E+00
  6619 6.440878E-16 4.435063E-06 7.350525E-02 0.000000E+00
  6620 1.677459E-15 4.410953E-06 7.900000E-02 0.000000E+00
  6621 1.698693E-15 4.411144E-06 5.149730E-02 0.000000E+00
  6622 8.493466E-16 4.411047E-06 5.000000E-02 0.000000E+00
  6623 1.507590E-15 4.203994E-06 5.149231E-02 0.000000E+00
  6624 1.649148E-15 4.248587E-06 2.090041E-02 0.000000E+00
  6625 3.807904E-15 4.733981E-06 3.862712E-02 0.000000E+00
  6626 3.340763E-15 4.838978E-06 4.519369E-02 0.000000E+00
  6627 9.838264E-16 4.263954E-06 7.900000E-02 0.000000E+00
  6628 1.323565E-15 4.206305E-06 5.000000E-02 0.000000E+00
  6629 9.413591E-16 5.019245E-06 5.000000E-02 0.000000E+00
  6630 4.211343E-15 4.397309E-06 5.000000E-02 0.000000E+00
  6631 3.093037E-15 4.730512E-06 4.770901E-02 0.000000E+00
  6632 6.794772E-16 4.406867E-06 4.857914E-02 0.000000E+00
  6633 5.166858E-16 4.241452E-06 4.463795E-02 0.000000E+00
  6634 9.625928E-16 4.242270E-06 4.601158E-02 0.000000E+00
  6635 2.965635E-15 4.630727E-06 6.614200E-02 0.000000E+00
  6636 1.344799E-15 4.333455E-06 7.549169E-02 0.000000E+00
  6637 1.521746E-15 4.841864E-06 4.716068E-02 0.000000E+00
  6638 1.238630E-15 4.405550E-06 5.191963E-02 0.000000E+00
  6639 2.087977E-15 4.631516E-06 5.000000E-02 0.000000E+00
  6640 7.219446E-16 4.204809E-06 6.140685E-02 0.000000E+00
  6641 2.958557E-15 4.994692E-06 2.479297E-02 0.000000E+00
  6642 8.351908E-16 4.245842E-06 5.000000E-02 0.000000E+00
  6643 1.613758E-15 4.039025E-06 5.187311E-02 0.000000E+00
  6644 2.130444E-15 4.840876E-06 3.859288E-02 0.000000E+00
  6645 3.482321E-15 4.032642E-06 8.562042E-02 0.000000E+00
  6646 8.139571E-16 4.405026E-06 5.339712E-02 0.000000E+00
  6647 1.946419E-15 4.198580E-06 2.685900E-02 0.000000E+00
  6648 1.309409E-15 4.406632E-06 5.000000E-02 0.000000E+00
  6649 7.007109E-16 4.433374E-06 5.182852E-02 0.000000E+00
  6650 1.153696E-15 4.301852E-06 5.000000E-02 0.000000E+00
  6651 3.921150E-15 4.559996E-06 5.829270E-02 0.000000E+00
  6652 2.583429E-15 4.441374E-06 7.979514E-02 0.000000E+00
  6653 1.146618E-15 4.246045E-06 7.760333E-02 0.000000E+00
  6654 1.734083E-15 4.314518E-06 7.580961E-02 0.000000E+00
  6655 8.776581E-16 4.335066E-06 4.602851E-02 0.000000E+00
  6656 7.290225E-16 4.338548E-06 4.602851E-02 0.000000E+00
  6657 1.415578E-15 4.331662E-06 1.744127E-02 0.000000E+00
  6658 7.007109E-16 4.039086E-06 6.204261E-02 0.000000E+00
  6659 1.097073E-15 4.212138E-06 4.850895E-02 0.000000E+00
  6660 8.139571E-16 4.730898E-06 5.700375E-02 0.000000E+00
  6661 7.785677E-16 4.473135E-06 3.864791E-02 0.000000E+00
  6662 9.555149E-16 4.295212E-06 3.758367E-02 0.000000E+00
  6663 1.542980E-15 4.783001E-06 6.250000E-02 0.000000E+00
  6664 3.354919E-15 4.484424E-06 3.270093E-02 0.000000E+00
  6665 3.220439E-15 4.209218E-06 2.635914E-02 0.000000E+00
  6666 1.033372E-15 4.002893E-06 4.241632E-02 0.000000E+00
  6667 1.302331E-15 4.205120E-06 7.409757E-02 0.000000E+00
  6668 1.203241E-15 4.409106E-06 4.862397E-02 0.000000E+00
  6669 1.245708E-15 4.275473E-06 4.978506E-02 0.000000E+00
  6670 4.317512E-16 4.429151E-06 7.070628E-02 0.000000E+00
  6671 1.535902E-15 4.277845E-06 5.000000E-02 0.000000E+00
  6672 1.974731E-15 5.350280E-06 5.009860E-02 0.000000E+00
  6673 1.075839E-15 4.479715E-06 4.507190E-02 0.000000E+00
  6674 1.429733E-15 4.410496E-06 5.237195E-02 0.000000E+00
  6675 8.139571E-16 4.843746E-06 6.247584E-02 0.000000E+00
  6676 1.104151E-15 4.298928E-06 3.786152E-02 0.000000E+00
  6677 1.479279E-15 4.099143E-06 7.402567E-02 0.000000E+00
  6678 1.054605E-15 4.209670E-06 6.314788E-02 0.000000E+00
  6679 3.192127E-15 4.787120E-06 5.000000E-02 0.000000E+00
  6680 1.840251E-15 4.405224E-06 5.081019E-02 0.000000E+00
  6681 1.125384E-15 4.200507E-06 5.161109E-02 0.000000E+00
  6682 1.535902E-15 4.732366E-06 5.890624E-02 0.000000E+00
  6683 2.003042E-15 4.248948E-06 5.000000E-02 0.000000E+00
  6684 1.061683E-15 4.247787E-06 4.891373E-02 0.000000E+00
  6685 5.209326E-15 5.421073E-06 7.036147E-02 0.000000E+00
  6686 1.698693E-15 4.732939E-06 5.000000E-02 0.000000E+00
  6687 3.078881E-15 5.076794E-06 2.795085E-02 0.000000E+00
  6688 1.174929E-15 4.000130E-06 6.697396E-02 0.000000E+00
  6689 1.252786E-15 4.212450E-06 5.000000E-02 0.000000E+00
  6690 1.089995E-15 4.406816E-06 5.735430E-02 0.000000E+00
  6691 8.635023E-16 4.204329E-06 6.020838E-02 0.000000E+00
  6692 8.323596E-15 4.237398E-06 1.727705E-02 0.000000E+00
  6693 1.727005E-15 4.404669E-06 3.979685E-02 0.000000E+00
  6694 2.052588E-15 4.669347E-06 5.000000E-02 0.000000E+00
  6695 2.866545E-15 3.721494E-06 3.768227E-02 0.000000E+00
  6696 2.611741E-15 4.476816E-06 2.146782E-02 0.000000E+00
  6697 2.378170E-15 4.480828E-06 5.000000E-02 0.000000E+00
  6698 8.564244E-16 4.428272E-06 4.755891E-02 0.000000E+00
  6699 3.609723E-15 4.203936E-06 5.000000E-02 0.000000E+00
  6700 2.753298E-15 4.732813E-06 5.000000E-02 0.000000E+00
  6701 2.017198E-15 4.750695E-06 5.000000E-02 0.000000E+00
  6702 2.300314E-15 4.629625E-06 5.000000E-02 0.000000E+00
  6703 2.951479E-15 4.249214E-06 6.876822E-02 0.000000E+00
  6704 2.526806E-15 4.558521E-06 4.036024E-02 0.000000E+00
  6705 6.582436E-16 4.007984E-06 5.000000E-02 0.000000E+00
  6706 1.061683E-15 4.683812E-06 6.170494E-02 0.000000E+00
  6707 1.889796E-15 4.849763E-06 7.900000E-02 0.000000E+00
  6708 1.012138E-15 4.201004E-06 4.941216E-02 0.000000E+00
  6709 3.609723E-16 4.203776E-06 5.103708E-02 0.000000E+00
  6710 1.458045E-15 4.630321E-06 6.745319E-02 0.000000E+00
  6711 4.246733E-15 4.093111E-06 1.262908E-02 0.000000E+00
  6712 2.087977E-15 4.280025E-06 5.000000E-02 0.000000E+00
  6713 2.378170E-15 4.243267E-06 3.125000E-02 0.000000E+00
  6714 5.938348E-15 4.719088E-06 5.990000E-02 0.000000E+00
  6715 2.052588E-15 4.242381E-06 5.131753E-02 0.000000E+00
  6716 1.373110E-15 4.005845E-06 8.802160E-02 0.000000E+00
  6717 1.479279E-15 4.735137E-06 5.000000E-02 0.000000E+00
  6718 8.104182E-15 4.409393E-06 5.000000E-02 0.000000E+00
  6719 1.231553E-15 4.197901E-06 3.897533E-02 0.000000E+00
  6720 1.026294E-15 4.038991E-06 5.000000E-02 0.000000E+00
  6721 1.118306E-15 4.216654E-06 5.000000E-02 0.000000E+00
  6722 1.634992E-15 3.726488E-06 7.900000E-02 0.000000E+00
  6723 1.649148E-15 3.716031E-06 6.733558E-02 0.000000E+00
  6724 3.758359E-15 4.733860E-06 6.436416E-02 0.000000E+00
  6725 8.493466E-16 4.242264E-06 3.821778E-02 0.000000E+00
  6726 1.889796E-15 4.244239E-06 2.295089E-02 0.000000E+00
  6727 8.988918E-16 4.051799E-06 5.318702E-02 0.000000E+00
  6728 1.380188E-15 4.246566E-06 3.267617E-02 0.000000E+00
  6729 1.111228E-15 3.919828E-06 4.783281E-02 0.000000E+00
  6730 1.585447E-15 4.038996E-06 4.230943E-02 0.000000E+00
  6731 8.918139E-16 4.197396E-06 6.666429E-02 0.000000E+00
  6732 1.097073E-15 4.401260E-06 4.813350E-02 0.000000E+00
  6733 6.936330E-16 4.244813E-06 6.909629E-02 0.000000E+00
  6734 8.847360E-16 4.098608E-06 6.480836E-02 0.000000E+00
  6735 1.889796E-15 4.098808E-06 5.115535E-02 0.000000E+00
  6736 1.153696E-15 4.038996E-06 7.903007E-02 0.000000E+00
  6737 8.988918E-16 4.097553E-06 6.869364E-02 0.000000E+00
  6738 7.361004E-16 4.237549E-06 5.107371E-02 0.000000E+00
  6739 2.385248E-15 4.252187E-06 3.354240E-02 0.000000E+00
  6740 3.199205E-15 4.666520E-06 7.372134E-02 0.000000E+00
  6741 6.582436E-16 4.095536E-06 5.841553E-02 0.000000E+00
  6742 1.634992E-15 4.405500E-06 6.611845E-02 0.000000E+00
  6743 6.511657E-16 4.201237E-06 5.732675E-02 0.000000E+00
  6744 1.436811E-15 4.245749E-06 3.981031E-02 0.000000E+00
  6745 1.528824E-15 4.607980E-06 5.000000E-02 0.000000E+00
  6746 1.224475E-15 4.472394E-06 6.186773E-02 0.000000E+00
  6747 1.528824E-15 4.244478E-06 5.000000E-02 0.000000E+00
  6748 4.331667E-15 4.299580E-06 1.969521E-02 0.000000E+00
  6749 6.794772E-16 4.405102E-06 4.623184E-02 0.000000E+00
  6750 3.914072E-15 4.554441E-06 2.598434E-02 0.000000E+00
  6751 1.847329E-15 4.608013E-06 5.000000E-02 0.000000E+00
  6752 1.592525E-15 4.406638E-06 4.245852E-02 0.000000E+00
  6753 1.542980E-15 4.060309E-06 5.112016E-02 0.000000E+00
  6754 1.217397E-15 4.437920E-06 8.267724E-02 0.000000E+00
  6755 1.281098E-15 4.793738E-06 5.726326E-02 0.000000E+00
  6756 9.130476E-16 4.435207E-06 3.593667E-02 0.000000E+00
  6757 6.086984E-16 4.244823E-06 6.870757E-02 0.000000E+00
  6758 6.228541E-16 4.038991E-06 4.543868E-02 0.000000E+00
  6759 3.008102E-15 4.735926E-06 3.698953E-02 0.000000E+00
  6760 1.040450E-15 4.339593E-06 5.062019E-02 0.000000E+00
  6761 1.613758E-15 4.194130E-06 5.000000E-02 0.000000E+00
  6762 1.224475E-15 4.563512E-06 5.070269E-02 0.000000E+00
  6763 1.111228E-15 4.476288E-06 5.856123E-02 0.000000E+00
  6764 1.075839E-15 4.405145E-06 4.536398E-02 0.000000E+00
  6765 2.533884E-15 4.297772E-06 5.000000E-02 0.000000E+00
  6766 1.797784E-15 3.912031E-06 4.678714E-02 0.000000E+00
  6767 1.769472E-15 4.173571E-06 5.000000E-02 0.000000E+00
  6768 2.618819E-15 4.098217E-06 5.000000E-02 0.000000E+00
  6769 1.634992E-15 3.716688E-06 6.938000E-02 0.000000E+00
  6770 1.670382E-15 4.754298E-06 6.635080E-02 0.000000E+00
  6771 3.170894E-15 4.432336E-06 2.228522E-02 0.000000E+00
  6772 3.531866E-15 4.844768E-06 5.000000E-02 0.000000E+00
  6773 1.528824E-15 4.607980E-06 5.000000E-02 0.000000E+00
  6774 9.201254E-16 4.436849E-06 4.204445E-02 0.000000E+00
  6775 9.555149E-16 3.727805E-06 2.603410E-02 0.000000E+00
  6776 1.005060E-15 4.556509E-06 5.589013E-02 0.000000E+00
  6777 8.918139E-16 4.651728E-06 6.461420E-02 0.000000E+00
  6778 1.089995E-15 4.402743E-06 3.500034E-02 0.000000E+00
  6779 8.776581E-16 4.735347E-06 4.998811E-02 0.000000E+00
  6780 2.505572E-15 4.171418E-06 5.000000E-02 0.000000E+00
  6781 1.493434E-15 4.684690E-06 5.000000E-02 0.000000E+00
  6782 1.649148E-15 4.245700E-06 1.733438E-02 0.000000E+00
  6783 7.856456E-16 4.841004E-06 6.479450E-02 0.000000E+00
  6784 9.059697E-16 4.558041E-06 4.555051E-02 0.000000E+00
  6785 3.057648E-15 4.402749E-06 6.064760E-02 0.000000E+00
  6786 5.520753E-16 4.239749E-06 6.014520E-02 0.000000E+00
  6787 1.075839E-15 4.304419E-06 7.070528E-02 0.000000E+00
  6788 2.250768E-15 3.906465E-06 5.000000E-02 0.000000E+00
  6789 1.521746E-15 4.039107E-06 3.737453E-02 0.000000E+00
  6790 9.909043E-16 4.296523E-06 4.762456E-02 0.000000E+00
  6791 1.741160E-15 4.307812E-06 5.000000E-02 0.000000E+00
  6792 2.165834E-15 3.914812E-06 5.000000E-02 0.000000E+00
  6793 2.420638E-15 4.411719E-06 2.083333E-02 0.000000E+00
  6794 7.927235E-16 4.302206E-06 6.084754E-02 0.000000E+00
  6795 8.988918E-16 4.400925E-06 3.152798E-02 0.000000E+00
  6796 2.470183E-15 4.210555E-06 5.000000E-02 0.000000E+00
  6797 2.519728E-15 4.752158E-06 2.186817E-02 0.000000E+00
  6798 1.189085E-15 4.203791E-06 3.002773E-02 0.000000E+00
  6799 2.604663E-15 4.304033E-06 5.000000E-02 0.000000E+00
  6800 3.170894E-15 4.607990E-06 5.000000E-02 0.000000E+00
  6801 7.077888E-17 3.714220E-06 5.304721E-02 0.000000E+00
  6802 1.189085E-15 4.408228E-06 5.000000E-02 0.000000E+00
  6803 9.909043E-16 3.920495E-06 5.000000E-02 0.000000E+00
  6804 1.698693E-15 4.844778E-06 5.000000E-02 0.000000E+00
  6805 9.909043E-16 4.104478E-06 3.129291E-02 0.000000E+00
  6806 1.075839E-15 4.412398E-06 3.057966E-02 0.000000E+00
  6807 6.936330E-16 4.732877E-06 7.519553E-02 0.000000E+00
  6808 2.024276E-15 4.557437E-06 5.000000E-02 0.000000E+00
  6809 2.073821E-15 4.399450E-06 5.000000E-02 0.000000E+00
  6810 4.600627E-16 4.097557E-06 7.630915E-02 0.000000E+00
  6811 2.109211E-15 4.780891E-06 5.191027E-02 0.000000E+00
  6812 1.153696E-15 4.335340E-06 5.000000E-02 0.000000E+00
  6813 6.370099E-16 4.221890E-06 5.933047E-02 0.000000E+00
  6814 1.521746E-15 4.607993E-06 5.000000E-02 0.000000E+00
  6815 1.358954E-15 4.414131E-06 3.273642E-02 0.000000E+00
  6816 3.588489E-15 4.207148E-06 4.238633E-02 0.000000E+00
  6817 2.272002E-15 4.392731E-06 5.376123E-02 0.000000E+00
  6818 2.767454E-15 4.293227E-06 2.023759E-02 0.000000E+00
  6819 1.316487E-15 4.632581E-06 5.000000E-02 0.000000E+00
  6820 3.156738E-15 4.565015E-06 3.174696E-02 0.000000E+00
  6821 1.380188E-15 4.630069E-06 6.538141E-02 0.000000E+00
  6822 1.840251E-15 4.403061E-06 5.000000E-02 0.000000E+00
  6823 1.458045E-15 4.665582E-06 4.080290E-02 0.000000E+00
  6824 8.422687E-16 4.284125E-06 8.134968E-02 0.000000E+00
  6825 9.130476E-16 4.198591E-06 4.095064E-02 0.000000E+00
  6826 1.889796E-15 4.248008E-06 2.938801E-02 0.000000E+00
  6827 1.627914E-15 4.732903E-06 5.000000E-02 0.000000E+00
  6828 1.620836E-15 4.681522E-06 5.000000E-02 0.000000E+00
  6829 8.564244E-16 4.006175E-06 5.000000E-02 0.000000E+00
  6830 1.019216E-15 4.240624E-06 2.795085E-02 0.000000E+00
  6831 2.080899E-15 4.783066E-06 3.093239E-02 0.000000E+00
  6832 2.378170E-15 4.437260E-06 4.878110E-02 0.000000E+00
  6833 1.146618E-15 4.399341E-06 6.735543E-02 0.000000E+00
  6834 1.330643E-15 4.205187E-06 5.000000E-02 0.000000E+00
  6835 9.909043E-16 4.245228E-06 5.000000E-02 0.000000E+00
  6836 1.075839E-15 4.204932E-06 5.000000E-02 0.000000E+00
