element_id,node_0,node_1,node_2,area_um2,edge_min_um,edge_max_um,edge_mean_um,quality_equilateral_normalized,aspect_edge_ratio
0,1424,1425,2543,12.252040265150896,3.3201361729275147,7.607938528409814,6.151396387268707,0.6761213661923393,2.2914537633863223
1,2533,2658,2612,2.8868658599079535,2.1418074362355823,2.9571271424087593,2.6497817124082768,0.9321432674989856,1.3806690052426813
2,2379,2392,2536,1.5580052083525613,1.7309864461237643,2.0000000000000866,1.9085937184263368,0.9834774761554902,1.1554105489842108
3,3067,1689,2937,20.253299777969946,6.3527970112892325,8.41295727538799,7.066755863664986,0.9198901447909585,1.3242918450625374
4,2551,2405,2442,0.43123866626897395,0.8048176308068654,1.273989494533976,1.0522325730297457,0.8703851506886663,1.5829542566764412
5,3061,3067,3034,31.614152689279187,7.691820501003854,9.13231549636405,8.614729501668817,0.9781383527759253,1.1872762105111785
6,2528,2535,2509,0.22755641649051983,0.6557217570456594,0.853202985619094,0.7403603892041346,0.9468281806689134,1.3011661980886255
7,2547,2581,2466,1.0082254945643374,1.4221750575165566,1.8388505501544214,1.5669937522938506,0.9341706068939538,1.2929846719189941
8,2934,3068,1483,64.80915106482591,11.361584523866414,14.037173617847476,12.414315065751822,0.9626904529796847,1.2354943615796419
9,1482,3488,1481,31.23000450962171,8.0,9.663262509887366,8.601397420056536,0.9674247649459866,1.2079078137359207
10,2934,1484,1485,30.154323924132946,7.999999999999997,8.93639374538478,8.375494810517827,0.9904168690236099,1.117049218173098
11,1489,3068,3489,42.51301919267897,9.016113589238964,12.894397927115223,10.447861125435411,0.8752006333811071,1.430150341329453
12,2934,1486,1487,31.902677417605197,7.99999999999999,9.067199566062014,8.61793727291422,0.9893006695135822,1.133399945757753
13,1491,3068,1490,44.8147788385906,7.999999999999987,12.062256261665867,10.603030483426386,0.8935201700407742,1.5077820327082359
14,1490,3068,1489,42.99447627753483,7.40714883151398,12.894397927115223,10.682793982414168,0.8294578234632826,1.740804487720774
15,2453,2428,2373,0.2006257840893754,0.6349583173816018,0.7147912128359554,0.6832233818207053,0.9900204197733551,1.1257293483193718
16,2463,2461,2494,0.41066442362650385,0.8389228983178408,1.1491120467535516,0.9984695266445834,0.9362020807271011,1.369746908872894
17,1485,1486,2934,23.159172267187724,5.761922451637445,9.067199566062014,7.673070901289385,0.8792272602410924,1.573641374414066
18,1491,2911,3488,36.28562280438945,7.921485521844233,10.231086862223146,9.304315621699372,0.9569994558423229,1.2915616438368753
19,1687,1688,3067,41.51892566865051,7.896448719591332,11.328525328747556,10.122384525204923,0.9136507131425327,1.4346354584233716
20,2506,2494,2483,0.6099042102048566,1.0558794291544167,1.3438280897736083,1.2041936643720674,0.9621393525899551,1.272709793058276
21,1694,3490,3069,32.63345873036824,7.991530393433785,10.459943158537083,8.915764608483752,0.9338923609717394,1.308878605671257
22,153,1760,2542,0.7484679946809191,0.9705678966294253,1.8806445197019612,1.4657167567967277,0.7549464756966474,1.9376743515142396
23,2470,2478,2472,0.11044605188903894,0.465825183471526,0.531208381728538,0.5075019704765938,0.9869676467975478,1.1403599474157855
24,1693,1694,3069,33.18301673974036,7.397912951115324,10.459943158537083,9.017717597588039,0.9244276130360548,1.4139046008861351
25,4290,3470,4151,61.487766179705034,11.156541163429514,14.109003092067852,12.178632477200987,0.9455036669023574,1.2646395406415327
26,2569,2547,2424,1.5194723135542663,1.3569983846024931,2.5625404848800954,2.0539234589807953,0.7835277619909481,1.8883887512001298
27,2544,2572,2579,0.4128830218508286,0.9368878257625373,1.0457704861573316,0.9800462415092218,0.9904347648292694,1.1162173927344763
28,1692,2936,3034,24.48966018881079,6.414199374778734,8.516926332251554,7.67046237963018,0.9480290668211151,1.3278237601626401
29,2477,2471,2446,0.09014037120356172,0.4332141594379286,0.48111410837655055,0.457512680079116,0.9927028025023624,1.110568751955775
30,2585,1672,1668,2.1881531953743307,1.290193565117354,3.754566179279201,2.8172515863653174,0.5539106359427101,2.9100797591853524
31,2585,1668,1669,9.72311804710423,3.4069950146993966,6.2797945154945864,5.149569215862602,0.7996347500515596,1.8432062531352604
32,2527,2483,2430,0.5975465047091851,0.9300189981808308,1.4482607409087729,1.2299156841652665,0.8841567929946633,1.5572378023907598
33,2492,2425,2495,0.1830183746047856,0.6006978560089133,0.7445541365129026,0.6595489350598891,0.9632332719430797,1.2394819276695648
34,2545,2392,2379,1.3950992462776306,1.451381466798227,2.1226109436962646,1.8579974701648592,0.9108127045113026,1.4624762629626116
35,2458,2462,2464,0.18308810955817603,0.5869661951890295,0.7892565310473716,0.6695316930572751,0.927686145964126,1.3446371145670417
36,2278,2451,2445,0.2579756655644442,0.6906331883069976,0.8747359037238926,0.7829035457822945,0.9631131184054724,1.266570907008104
37,2475,2249,2389,0.10004733018165246,0.4359721402669567,0.5693904973533842,0.491625922117558,0.943416037073428,1.3060249606883874
38,2436,2440,1754,0.49967396836825273,1.0,1.3338053883573682,1.113312052580839,0.9130931305817944,1.3338053883573682
39,1691,2937,1690,17.21156194023556,5.70547484895868,8.000000000000009,6.585244685633756,0.8955160608307491,1.4021619955892204
40,2413,2246,2415,0.03360776897315732,0.2510211085235334,0.34502229511288107,0.28863072345654905,0.9135682693749037,1.3744752269729341
41,2435,2407,2533,1.8071119359989893,1.9902112914459518,2.150717342344632,2.046976211263528,0.9947175798606491,1.080647744080513
42,2534,2533,2612,2.2853307067584057,1.934580596084919,2.850410558580489,2.3906437756254633,0.9014120381849172,1.4733997458410202
43,2432,1761,2516,0.28028900888242686,0.6913623653670545,0.9650680916768275,0.8281608796020445,0.926916992476085,1.395893297090967
44,2911,1492,2912,36.559356312699094,8.53340791039614,10.012293329935597,9.249089333944472,0.9827603250159664,1.173305370500073
45,1495,3071,1494,39.45450920147832,8.0,11.192282293481888,9.80720705475664,0.9300536238296975,1.399035286685236
46,2444,2516,2387,0.23617868880429,0.6563692201171689,0.8201671243459068,0.7475747548032202,0.967912806513345,1.2495514707400481
47,2267,2427,2385,0.12623770841214937,0.5310746539244117,0.5493921502811487,0.5400940687247366,0.9992320201037833,1.0344913774765538
48,3071,2699,2912,35.214574420728034,7.5175454781184285,10.39419084105396,9.251245312569617,0.933271829543602,1.3826575271554633
49,2238,2382,2395,0.11101357202704891,0.47560623583556083,0.5266779353149118,0.5078263224172189,0.9921180459707674,1.107382316780659
50,3408,2912,1492,28.325749375950974,7.143139012087238,9.201566761501677,8.217838617726727,0.9585646491377591,1.2881685133008443
51,1491,1492,2911,27.409926863162823,5.806216096198403,10.012293329935597,8.526294635721579,0.8284573680770009,1.7244093509525258
52,3830,1498,3071,42.791244933737225,9.45351918151318,10.703891179624096,9.984475580164826,0.9885369852269421,1.1322652415574594
53,2568,2671,2563,1.9459955023258666,1.887909714197808,2.422325124149632,2.153945528256425,0.9588230238042069,1.2830725462837627
54,2473,2481,2474,0.1205037361938216,0.5176542677279234,0.5422917981324401,0.5278512212146932,0.9984012684420353,1.047594566374687
55,1425,1426,3121,41.328479984664,8.0,12.100226954231548,10.190539680792863,0.8946046000769957,1.5125283692789435
56,3072,1278,1279,44.24947901004538,7.998629176456813,11.84984787779453,10.510950540367483,0.8992372680151579,1.4814848415117687
57,1277,3072,3075,62.23354653068914,11.28334797597788,12.569125813716054,12.024255115725277,0.9920260592995555,1.1139535748144593
58,2401,2468,2505,0.4102535228307659,0.8688433162045168,1.0522155664206043,0.9828436895795344,0.9741493491957648,1.211053301321505
59,2372,2517,2468,0.7596842642862675,1.250937559491672,1.5351311572858304,1.3467035278208392,0.9579827901640652,1.2271844790635613
60,2523,2465,1757,0.49343526855760683,0.8870855760806683,1.3219435002874216,1.1116291376661627,0.8991606111849096,1.4902096662737405
61,3491,3071,1495,33.67447501916715,7.348841996673361,11.192282293481888,9.25071950061695,0.8833382752183708,1.522999446518017
62,2481,2473,2351,0.1137480757847784,0.5000000000000845,0.5206626210797008,0.5127722962692363,0.9987507598774453,1.0413252421592258
63,2409,2417,2413,0.03996882560929573,0.27201100999858435,0.37653302366433183,0.31489737678944874,0.9124836533738192,1.384256555153012
64,2548,1779,2556,0.37252297537986045,0.8534177552334856,1.203252267736809,0.9766843161940155,0.8781801357756276,1.409921764994932
65,2272,2473,2472,0.020549873413175337,0.0824805315449041,0.5134258234330527,0.365302118326007,0.2735803341330387,6.224812253465329
66,2488,2555,2425,0.4488888703755679,0.999886790154958,1.0536141895197868,1.019069819627567,0.997653794585976,1.053733482524059
67,853,2518,2529,2.704090821184808,1.9999999999999887,3.2517454291374963,2.6542614403325318,0.8545361014766754,1.6258727145687573
68,2390,2398,2399,0.20720717010164152,0.531405246447756,0.8995388619489096,0.7384004904606699,0.8411786349768726,1.6927549510698066
69,3074,1288,3073,55.433736766245964,10.478641988788164,11.971290384131898,11.36685358239742,0.9876696206444834,1.1424467404212133
70,3074,1286,1287,29.958755538557458,7.6084347454854395,10.023211316310334,8.543882020598582,0.9334720263780629,1.3173815182232762
71,1288,1289,3073,46.58909375035471,8.000000000000004,13.973686646187687,11.208105006819965,0.8171590977902746,1.7467108307734602
72,2445,2507,2278,0.27000458058072313,0.7096466633197086,0.8747359037238926,0.7982038091332381,0.9716473213931331,1.2326358298253681
73,4243,2941,1472,68.73988386089991,11.91837880099794,14.419223238932128,12.775429240072008,0.964661145461468,1.2098309241291096
74,2546,2523,1757,0.8847013110098999,1.3219435002874216,1.5923085731109912,1.4431322786343996,0.975145565637701,1.2045208987863596
75,2942,1472,1471,36.656609129643435,6.623868372406033,11.896240814027697,9.939027422921074,0.8113418955463946,1.7959657627838013
76,2351,2473,2272,0.041099746826349606,0.1649610630898028,0.5134258234330527,0.39279562884097996,0.5265122063537607,3.1124061267327665
77,2432,2396,157,0.6691064014729655,0.9650680916769473,1.8763313550707723,1.4199721619861512,0.7171388961112545,1.944247635221647
78,2375,2370,2557,0.2907927422064519,0.6743174636500302,0.944696041030285,0.8428600545492352,0.9265130237678173,1.4009662984504594
79,1274,1275,3076,37.38475159380248,7.6315971647548135,10.563650811692103,9.553833695101687,0.9271039592441401,1.3841992159227772
80,1274,3077,1273,38.77406314819814,8.0,11.723913487570735,9.839603456144156,0.9033069434637657,1.465489185946342
81,3494,3072,4074,69.06374969108943,11.488749792366022,15.539969936256604,13.054430593692919,0.9188788957100263,1.352624978096617
82,2413,2438,1765,0.12078255144934705,0.41779643582616827,0.7572232378488223,0.5858571812126404,0.7696130169702022,1.8124214878747282
83,2386,2403,2348,0.15036740839688087,0.5352293064203422,0.6472977028309151,0.594575608097534,0.9764459278706248,1.2093838940922268
84,2938,1284,1285,21.69469600249306,6.221923205619089,7.841165598246199,7.172869741110525,0.9648498312925268,1.2602478910644146
85,2382,2350,2399,0.11134816255099753,0.4901503682779141,0.526362677174523,0.5077482175587386,0.9965904467159866,1.0738799993639434
86,2267,2429,2278,0.14748244747667646,0.49691115355092963,0.668670829487595,0.5961879355488019,0.9442226279739572,1.3456547004615813
87,1695,1696,2724,22.67006990435155,6.833327020286143,8.0,7.292342928771631,0.9797562235463981,1.1707327889109282
88,3008,2724,1673,25.91882356513276,7.003489500895485,8.962682980111582,7.873414750872262,0.9553504009723001,1.2797453296625332
89,2939,3035,1675,23.324142268541507,6.277340115551252,8.312389546891934,7.482390041246441,0.949214156040049,1.3241897673027347
90,3469,1680,3036,46.8997667693224,9.989033482636417,11.299199958730302,10.460933600498903,0.9865740279125137,1.1311604849829866
91,2272,2478,2480,0.08360613084294065,0.40379136708708463,0.49043998044773757,0.4438968439092263,0.9735958803703443,1.2145875826561832
92,2249,2470,2217,0.08133564791350631,0.37650068343140336,0.5429885730776243,0.45138903850726037,0.9008458722229776,1.442198107394815
93,2488,2492,2489,0.1599154563680822,0.5313772320515217,0.7618919747557938,0.6328597745419479,0.9013093017832604,1.4338062092241126
94,2496,2531,2493,0.4556368061409449,0.7515710535728007,1.3552559808711495,1.1093634589001027,0.8108641510747523,1.8032306784948218
95,2517,2531,2590,1.90930528170577,1.7575289578026585,2.416712314251273,2.1522424012955845,0.9355623531636874,1.3750625863216246
96,1676,1677,2939,14.961121911493198,5.707977490929918,6.148985021996591,5.88739328361962,0.9957933287641351,1.0772616100479446
97,3036,1680,2940,32.07908177318008,7.603366730987278,11.299199958730302,9.113719556417948,0.8658220129007346,1.4860785173863538
98,2309,2317,2306,0.025233285595539896,0.23187800691024454,0.24999999999993616,0.2417435238540444,0.9962017317962205,1.07815313462094
99,3470,3036,3824,57.564397222269704,10.981255459091676,12.807896286961775,11.62734397787544,0.9782567708675902,1.1663417115351573
100,2331,2330,2333,0.010760510615334465,0.11429947797223085,0.2011384175723733,0.1695652958324065,0.8204166690820931,1.759749223187529
101,2935,4290,1692,35.16808524611643,8.77065002178732,9.390838481480138,9.024065802728758,0.9964777292509053,1.0707118010811283
102,2377,1759,2497,0.5239738295650436,0.7873449895975246,1.5167894973481244,1.2121575494878065,0.7730917330906295,1.9264611033131456
103,2939,1675,1676,18.531261804091056,6.148985021996591,7.4598272478921706,6.628717461813338,0.9663137560721679,1.213180260027686
104,2212,2411,2410,0.02838780798431261,0.2444944012641679,0.2845154720270245,0.25821792966995016,0.9781615803768078,1.1636891092635497
105,1682,2940,1681,15.270407266434344,5.682210707290523,6.26443981633822,5.953162614356029,0.9934654008503985,1.102465244433944
106,1754,2423,2436,0.5447975887468175,1.0,1.2222759168399915,1.1332258730754512,0.9727426764303881,1.2222759168399915
107,3468,3035,1678,42.806728456416785,9.707457071297027,10.332791640394692,9.954133262381385,0.9969670044536374,1.0644179587408789
108,2520,2554,2370,0.33531504575544097,0.712099710383544,1.0276091652065724,0.9094613903333801,0.9144220576997918,1.44306920817745
109,2515,2513,2512,0.5813757105732295,1.087360490997885,1.3689186083441696,1.183545661204749,0.9468674496265639,1.2589372334908868
110,1729,1722,3078,46.32258377416299,9.93741244367636,10.877114275423304,10.36521330620622,0.9943215815740073,1.0945620237735951
111,3497,1728,3078,46.24944385299905,9.29165217947029,11.706415021543858,10.478095200707783,0.9642960212066419,1.2598851953809609
112,2361,2510,2422,0.23650821471375597,0.6985161262931406,0.8537791764925782,0.7508698612798046,0.9597454314393287,1.2222755414730104
113,1725,3078,1723,50.8401053685211,10.355553514236293,11.505281883341798,10.867919520057825,0.9921446105375631,1.1110252935803882
114,2532,2573,2536,1.4727725209154672,1.420654924393435,2.2690771297945918,1.9407517718374834,0.8710194040413649,1.5972049868221168
115,2440,2436,2439,0.39065580585463955,0.8338358510330581,1.0470910623914729,0.9623525609365601,0.9652500402403207,1.2557520297240854
116,1727,3497,1726,30.986885746336526,7.435576536542043,10.68814584822256,8.830562111199042,0.8962056279268831,1.4374333712652687
117,1724,1725,1723,26.08627953643196,6.687049376285536,11.505281883341798,8.730777086542444,0.7496471859559567,1.7205319171327327
118,1722,1723,3078,40.16528399117401,8.0,10.877114275423304,9.873345812672895,0.9346747573449483,1.359639284427913
119,2525,2576,2649,2.0975227690310096,2.0222103245329306,2.3186188412126545,2.2126565209224798,0.9857471636079033,1.1465765024952017
120,2412,2415,2246,0.025348270195570954,0.21517742122051958,0.2698487667332327,0.24500872931791742,0.9669545058339367,1.2540756609248722
121,2578,2547,2569,2.1791726907876967,1.8990592647438782,2.5625404848800954,2.29295843137804,0.9426514330245542,1.3493736253806168
122,2725,2896,3023,25.6283915057522,6.493608296578092,8.685158428242303,7.859324574220733,0.9437302876417792,1.3374934291646576
123,2502,2553,2538,0.49427175586277006,1.0068221658253005,1.104807434121079,1.071194970251282,0.9929882559242039,1.097321326070984
124,2409,2410,2411,0.02499116027371848,0.2170997768422275,0.26510973715776276,0.2426178099062161,0.9740511096295923,1.2211423752426307
125,1664,3023,3466,46.189372975840186,9.850352538416331,10.807363313022343,10.350249679097127,0.9943005790115097,1.0971549770298752
126,1663,3466,3823,36.50211182052303,8.555488857671165,10.46909579972034,9.304502892846065,0.9659400615077745,1.22367008757581
127,2378,2443,2391,0.21657940280878135,0.6298279581031789,0.8126921072255822,0.7192918817366932,0.9564154215467517,1.2903398408561062
128,2368,2292,2360,0.10076169559132503,0.4452684424770962,0.5089297161270742,0.48473271953475666,0.9870263233470873,1.142972794783795
129,2725,1665,1666,21.93795091981224,5.856606776203731,9.902050491368374,7.758608808355074,0.8047864421267709,1.6907487338234635
130,1777,2410,2412,0.028862397193857525,0.24405126940901806,0.2873035505447649,0.260451606651261,0.9773230689736132,1.1772262084130287
131,2438,2413,2417,0.06471591402798671,0.37080969052862095,0.41779643582616827,0.38837971667304033,0.9879563009074844,1.1267139087723508
132,2304,2336,2337,0.018107235721238887,0.18761378640356385,0.22486230492721568,0.20619634050814675,0.9782141193467956,1.1985382803560551
133,2334,2332,2335,0.027341566555495245,0.22016535727175318,0.2760278892164739,0.25461486319105586,0.9649850121529107,1.2537298902831877
134,2409,2413,2415,0.029349249657364337,0.24389122153378293,0.29614809670542996,0.26368680892091545,0.9673610282523016,1.2142630425277878
135,2426,2448,2504,0.5373391472477872,0.8469458490702944,1.4472287814913987,1.1906698358099232,0.8375900215414064,1.7087618802076239
136,2365,2241,2421,0.31087704175975306,0.7549182917686934,0.9222269739059196,0.8560532977213452,0.9726813657515841,1.2216248883640635
137,2448,2426,2384,0.3026932213014421,0.7897510295581811,0.8787237826489515,0.8384735537591422,0.9924004122959431,1.1126592429269073
138,4232,4231,2941,64.44820962200892,10.127387756369075,14.118862248313588,12.530744745413847,0.930188019599506,1.3941267568662306
139,2295,2289,2296,0.010196202578997534,0.1417322514554084,0.2029125854911014,0.16284364565485349,0.8618504485141929,1.4316613431837104
140,2303,2343,2305,0.06919627468730083,0.35408203886252126,0.5000000000000252,0.41573605122281804,0.9046720905664347,1.4121021264062457
141,4050,1292,3399,35.44780446111842,8.299188787062425,10.751654809457431,9.258285940907202,0.9424619249319475,1.2955067158151825
142,154,1758,2644,5.429010028710117,3.011443511480943,3.9999999999999774,3.6124380995606375,0.9472928447779965,1.3282666550942177
143,2334,2304,2290,0.017813435488844426,0.1899819085783686,0.21563967559330485,0.2036359665731039,0.9894099167323351,1.1350537385740194
144,1292,4050,1291,28.814891941462,8.000000000000014,8.299188787062425,8.16029214882125,0.9990935683119809,1.0373985983828014
145,1472,1473,1471,20.033197262770116,6.122010380010677,8.297514742482955,7.014464498299888,0.924040782959626,1.3553578363041723
146,2941,1473,1472,34.32857517550743,6.122010380010677,11.91837880099794,9.815950619383862,0.768060690311491,1.9468080027948524
147,1471,1470,3080,37.22982405907081,7.260575862191744,11.284501154292306,9.704413244596283,0.8841229406032642,1.5542157217934311
148,1470,1471,1473,17.58948874909226,4.873526898450675,8.297514742482955,6.810539167708458,0.8386108336696455,1.7025687793209447
149,3080,4396,1471,57.47630684545116,11.284501154292306,11.841810032061666,11.528243924776197,0.9983545794291535,1.0493871080475166
150,4187,4188,3945,40.24345542424963,9.454470383238865,9.878147465847105,9.645284042511674,0.9986672787941411,1.0448123549426254
151,2503,2422,2514,0.6287806767607335,1.0135601797138285,1.4613523178156154,1.246309376249218,0.9150798524962794,1.4418012339713442
152,2100,2088,2055,0.005684684013441565,0.10405532293171635,0.121589805071711,0.11536729912719401,0.9816362931729606,1.1685111500879315
153,4395,3499,1310,64.23421316399718,10.794059256389334,13.226448861258659,12.31314484125667,0.9709356153561107,1.2253452150940825
154,1309,3499,3498,48.906278651033965,9.307504109701368,12.067711891227518,10.804322810571321,0.9569075975037442,1.2965572455293508
155,2105,2136,2120,0.012060781862080606,0.14799896716477437,0.21748611952544197,0.17617293224757977,0.872375737493327,1.4695110627583245
156,4187,3945,3828,43.04183033291342,9.662626441513924,10.415370653623652,9.985381520328227,0.9959203516453763,1.0779026506577636
157,3399,1292,1293,39.635160637639956,8.0,10.751654809457431,9.791267540938305,0.9390357594752174,1.343956851182179
158,4073,1289,3416,49.033019965836445,9.257540924312382,12.192341414537008,10.840621146766994,0.9517199044466158,1.3170172850672668
159,1297,1298,2943,14.188224760744346,5.547488218567515,5.893496167470302,5.729426121861515,0.9975603028121611,1.0623720024757681
160,2300,157,2433,0.3965146406441774,0.8737112016095718,1.009516078271306,0.9627868831506371,0.9836532283062861,1.1554345147590543
161,1296,2943,3037,22.445954115521822,6.295889706903851,8.604474480259109,7.39421510116896,0.9328360153991616,1.3666812604458025
162,2347,2362,2315,0.10593108794722848,0.3897493093718556,0.6485320988684776,0.5276869238982098,0.8442729669875668,1.663972413225549
163,1298,1299,2943,18.473371018665482,5.893496167470302,7.479637275707616,6.63310888591734,0.9603645155113869,1.2691341545265045
164,2286,2332,2334,0.019828489414476767,0.19534730893230276,0.2309595755518087,0.2154907472519549,0.9814262252284012,1.1823023148573155
165,2548,2459,1779,0.5094252522933058,0.8469883229034211,1.4548449543953603,1.1683618483451967,0.8242839278604522,1.7176682547502498
166,2281,2283,2235,0.051476759451450735,0.3099743976379923,0.379265188733927,0.34826021559080744,0.9735373695483411,1.2235371424992876
167,2362,2434,2519,0.4875190931110504,0.892684297853358,1.225640161845568,1.0870940453662967,0.9368175575740563,1.3729827720649623
168,2295,2302,2327,0.03746748006181241,0.26201365580427183,0.3385479961137387,0.2992553295625145,0.955765221959518,1.2921005780196402
169,3081,1306,1307,34.70956036915209,7.391054250055153,10.379263575060461,9.207376182962578,0.9269892498237442,1.4043008242001485
170,1755,2179,1795,0.020794771529268664,0.18918055436686285,0.24999999999991165,0.22331320356202125,0.9507148671425779,1.3214888857715603
171,1306,3081,1305,39.25376413767183,7.999999999999972,12.130944077267431,9.994251600346509,0.8823562357016644,1.5163680096584342
172,2203,2198,2278,0.12178014216999744,0.38466354350472326,0.664945919911466,0.5694371115858697,0.8239370913353238,1.7286429430068961
173,1296,3037,3484,29.694782388086484,7.885421182608867,8.604474480259109,8.297367051228653,0.9947662215805104,1.0911876843352515
174,1302,1303,3485,34.55504267822755,7.711577084499017,10.007816344497758,9.084939780845646,0.9555185165279122,1.2977651957359533
175,4141,4190,3794,37.275911389856105,8.840664839501308,10.38422314323883,9.368149823176942,0.9751507870365984,1.1745975366966397
176,3062,3037,1300,28.975612737524855,8.054263547963895,8.290275316567248,8.181968053523084,0.9994360060497057,1.0293027124327234
177,2943,1299,3037,19.51977430407701,6.295889706903851,7.523627200054303,6.781903373844084,0.9740883516046186,1.1950061945659816
178,791,2226,2205,0.02713237536431166,0.25000000000001993,0.439189628938384,0.3143771381947917,0.5876646234466785,1.7567585157533958
179,1296,3484,1295,28.0775988248464,7.419285688600465,8.456197527129417,8.092562902182623,0.9866963165134992,1.1397589851705183
180,2497,1759,154,1.3351199367311752,1.5167894973481244,1.9488466071413657,1.7843873504366983,0.9574155824258139,1.2848497504423833
181,2211,1777,2144,0.01814566462801359,0.18821073348661047,0.25,0.2110718586166845,0.9247274457402698,1.3282983141755054
182,1499,1500,1503,29.266678751272586,7.53693027732973,10.289541723512983,8.544153004780824,0.9067680201702553,1.3652165198426751
183,1673,2724,1696,11.148606182007441,3.324494724037525,7.003489500895485,5.720437081739718,0.7232497405058973,2.106632761441084
184,2527,2549,2595,1.6231992862770501,1.5772253637403177,2.3045670850462345,2.0033056644279865,0.912251347001418,1.4611526913193047
185,1254,1255,3082,43.270614737875185,7.999999999999943,11.93311593201005,10.38301880630794,0.9024404033392784,1.491639491501267
186,1255,1256,3082,44.730550543361595,7.8398693967038735,12.211646953411218,10.661544094041714,0.8779423356439812,1.5576339777478152
187,3500,3082,1256,52.072447552902936,10.44523152001082,12.211646953411218,11.063152394463671,0.9772623164640499,1.1691121379182765
188,2524,2549,2490,0.6475364632729279,1.0569753753155549,1.431873445491249,1.2514045441163535,0.940791425989002,1.354689502642169
189,2506,2626,2463,1.1203131240244468,1.4298448313160748,1.748605420698685,1.6254907905737153,0.9719988356960997,1.2229336935037998
190,2496,2495,2425,0.2044248343164411,0.6333948126578515,0.8009904513409519,0.699733256681459,0.9538938658882705,1.2645990073392543
191,2478,2470,2469,0.08786056209312954,0.402359832047729,0.531208381728538,0.4605285476186453,0.9440449386916219,1.3202321390409684
192,3082,3832,1262,39.35022988877745,7.467734261712735,11.502043642115213,9.963221835570982,0.887143785861576,1.5402320488406351
193,2453,2451,2428,0.1985674163391703,0.6187564686945866,0.7261187385885807,0.6815986075092418,0.9826560736313791,1.17351296564301
194,2534,492,2454,0.9165950177792269,0.873411653079907,2.168119062197494,1.72206021904441,0.6364533204951347,2.4823564633607385
195,3500,3832,3082,45.80326979270561,9.202216810331501,11.502043642115213,10.412279720805229,0.9677394486176666,1.249920957002627
196,12,86,1746,6.65828961590541,2.8981746454401915,5.065505338083009,4.207291916659128,0.8273316339268041,1.747826117398674
197,1252,1253,2944,23.93232557951836,6.110123167539647,11.00751962373811,8.372547597092586,0.7452076000048126,1.8015217241799875
198,381,492,2534,4.924506168608329,2.1246499418558287,7.109849161220723,4.968397580504875,0.3911676634427195,3.346362627158452
199,2944,1253,3083,38.16724782472919,7.920737126083119,11.00751962373811,9.63688659133607,0.9325644335557006,1.389708994064475
200,2385,2366,2428,0.15340524249558357,0.5825582366081032,0.6167256362393007,0.5957869645434045,0.9974318693607661,1.0586506163403238
201,3083,1263,1264,29.645460694123532,7.415369176502218,10.72796664377004,8.714445273424085,0.877445474478558,1.446720505536631
202,2275,2280,2281,0.06576553796698527,0.32877751621823675,0.4718316599168426,0.40277440181203766,0.9168659905514238,1.4351092658162459
203,3083,1264,2944,43.74089162939713,9.549861839016529,10.72796664377004,10.086743835657849,0.9905480272494033,1.1233635443750918
204,1263,3083,3082,38.20406997079839,7.415369176502218,11.111536212858793,9.777794011874297,0.8965284264687907,1.4984467999339761
205,2649,2531,2525,1.851251636451864,1.709366170730775,2.3387322300102054,2.122239080651212,0.9315968440389103,1.3681867993271264
206,1260,1261,3832,41.49812010535303,9.257030227256491,10.197720332709032,9.81372004509805,0.9934105749557436,1.1016189946839283
207,2483,2477,2446,0.1561846640785859,0.45820977242286876,0.7670717819468929,0.6384252039625958,0.8490576679333123,1.6740624668279316
208,2266,2427,2109,0.13085571001739035,0.5177348759066925,0.5802621672514704,0.5515087799136958,0.9913792504882224,1.1207708699076449
209,1342,1343,1341,20.03319726276988,6.122010380010609,8.29751474248299,7.014464498299869,0.9240407829596187,1.3553578363041932
210,2462,2463,2464,0.2707205827907086,0.6323723529354239,0.9486060745804934,0.8220007482022996,0.900428861592763,1.5000751854143162
211,2417,2414,10,0.04621211055800364,0.30141474599883034,0.38360608174463084,0.3332498629384203,0.9498847647145027,1.2726851849050527
212,4154,4386,4429,75.72576745050529,11.782591894272132,14.577802361381446,13.372856769427038,0.9704313140823025,1.2372322229430817
213,10,2400,2437,0.16398702885044059,0.4999999999999589,0.8102334975296386,0.655544895084864,0.8495481699368611,1.6204669950594104
214,2333,2335,2332,0.03324437107304122,0.25710480549493825,0.3197842210249792,0.28151345653495263,0.9596740502937151,1.2437893582322597
215,2316,2305,2343,0.047804335587695354,0.3039997898407328,0.35408203886252126,0.3342930545631058,0.9837320568415749,1.1647443540932276
216,1267,1268,3084,42.190938378413215,8.000000000000004,11.822701557181462,10.233512781997591,0.9074949511246371,1.477837694647682
217,2299,2296,2293,0.00978357913654265,0.14087095928633867,0.16716919847728992,0.15165132342378154,0.977063228724639,1.186683183845555
218,2300,2402,2397,0.11407144329175165,0.4810535170558369,0.5936275724361838,0.5216283757188944,0.9589906755795783,1.2340156581108215
219,2369,2360,2345,0.12564244106966305,0.47891061012466324,0.594532906856421,0.5449118240545627,0.9694867423052592,1.2414277200951147
220,3502,3084,1268,66.63012726574472,10.877836788811313,14.192548837867195,12.623668536962064,0.9545408286840407,1.3047216200619334
221,1267,3084,1266,44.730268750010396,7.8338988022314275,12.37711673810405,10.677905699172314,0.8745866639384458,1.5799434037338498
222,3947,4362,4292,27.040551560299857,7.030915290692935,8.872050309883411,8.008496692180366,0.9650735208288713,1.261862779320873
223,2141,2416,2411,0.023855854213514393,0.19244355057904186,0.27257835130661895,0.2417601010789668,0.9229917478666179,1.4164067877902904
224,1266,3084,3501,54.212798871778226,10.58142116849965,12.37711673810405,11.277445389814496,0.979651241999999,1.1697026836952764
225,4205,3993,1271,26.382306790394303,6.875692020872074,8.522117545067152,7.900233447571897,0.9679217728234182,1.2394559731874457
226,2498,2441,2376,0.1547018349044496,0.5873982761621948,0.6154164321450213,0.5981093825932043,0.9982708561079546,1.047698737159879
227,3502,1269,3085,78.48939521328464,12.129045390600744,16.013508342825542,13.787784949528865,0.9402677583266664,1.3202612264304836
228,171,172,170,23.09732020712056,6.1942343947515255,8.154740550328993,7.449658315026827,0.9476195178572796,1.3165049997524532
229,2505,2468,2526,0.7476886073497782,1.0522155664206043,1.913871971693978,1.4685643194639928,0.7570504882755575,1.8188972229374356
230,170,172,3086,33.99186350322789,8.154740550328993,9.359552291226484,8.906085537303333,0.9861338798085688,1.147743724458393
231,172,173,3086,31.804814813137206,7.402597778198605,9.359552291226484,8.704955566565223,0.9585738152322714,1.264360508521928
232,1265,1266,3501,33.017065631078566,7.10865120533163,10.58142116849965,9.067006466771218,0.9042978856108779,1.4885272694999263
233,169,3086,3994,31.634737921999882,7.540474543536609,9.915991309452385,8.715051068203811,0.9501166641856629,1.3150354466685354
234,169,170,3086,34.59385727246929,7.999999999999963,9.915991309452385,9.03998502660229,0.9701806832090122,1.239498913681554
235,3086,4206,3994,34.47083655410812,8.290600752766967,10.122541066227488,9.033943056872296,0.9680890043023056,1.2209659309488659
236,175,3504,174,32.9851424947134,7.564361631657812,10.169522062266244,8.920639026976367,0.9437675331169846,1.3443992444392803
237,2446,2471,2475,0.08265140563020118,0.39989614194303047,0.48111410837655055,0.44067770885182717,0.9773623432634294,1.203097649401905
238,1815,1830,1837,0.00018030633236577087,0.0185936681039829,0.022417717736878326,0.020583972807324415,0.9771212175259492,1.2056640793795974
239,876,877,878,17.41824755955192,5.170254227961596,7.648946001373667,6.577671771206714,0.9070828281178326,1.479413905801168
240,2160,2161,2162,0.021020132701425064,0.1626853695998432,0.2804874491450048,0.23569727390279716,0.833167054745596,1.7241098559441397
241,2482,2389,2367,0.16140621296903998,0.5933519894330403,0.6231059601253692,0.6109261219372395,0.9982829251226989,1.0501455648960736
242,3098,3518,238,70.17633197283439,11.643179624569958,13.904930870243952,12.830318519677746,0.9793885853866967,1.1942554627346935
243,166,3087,165,41.53713233957009,7.999999999999963,11.203537227608624,10.086462922746579,0.9231008157769056,1.4004421534510845
244,2680,2605,2584,3.0490790199927815,2.516294910656435,2.767351652020554,2.6597427074569118,0.993813735589598,1.0997723837142066
245,3084,3834,3833,80.68048876893864,12.371170307225345,17.14429586262482,14.206008636021542,0.9035334958549378,1.3858265173677016
246,2476,2475,2389,0.0840286850169154,0.3757846984150997,0.5041869896113281,0.4498289389195869,0.945287664887879,1.341691111260716
247,2383,2239,2474,0.1324466215763775,0.4931152400189374,0.6071447244195134,0.5590310765989154,0.9715127813625319,1.2312430749376087
248,2553,2404,2398,0.550621489580978,0.9820594217337204,1.2286026963337735,1.1434853439043102,0.9628994875936592,1.2510472066596616
249,181,3089,180,40.77470631703422,7.417208244639293,11.716802669404544,10.210909262979708,0.870505303535471,1.5796782674765448
250,2644,2569,2497,3.2555744765460823,2.266633315415749,3.335447529335804,2.8436649470235422,0.9079723851008282,1.4715426207895526
251,1335,3088,3996,48.09117063221883,10.311545779049336,10.788883376594395,10.544016500683817,0.998628461393678,1.046291565568656
252,382,488,2452,0.14706981927818674,0.5,0.7720573216285798,0.6201121995804423,0.8547027278800376,1.5441146432571595
253,3995,3087,166,36.331573512453446,8.313516947668479,11.203537227608624,9.451412946711477,0.9229379027892962,1.3476290838320417
254,2270,2278,2507,0.22332238630606416,0.6750435372634549,0.8102288603561125,0.726223740412089,0.9712900927259431,1.200261635924525
255,2483,2479,2477,0.1892835280342502,0.5491961265799757,0.9007869008205737,0.7133256949728585,0.8252305918248127,1.6401916496208173
256,164,165,3506,32.57368740050146,7.9999999999999645,9.432568130809239,8.732283246408317,0.9821188068249084,1.1790710163511602
257,163,164,3505,47.18094703265921,7.9999999999999645,13.503733598771637,11.128268119822081,0.8435359859875458,1.6879666998464622
258,3091,176,177,41.03075447704313,7.999999999999889,11.098890226845963,10.00816418624972,0.9273056821066279,1.3873612783557647
259,173,3504,3086,43.88132798162723,9.35271663027058,11.379154543506523,10.186047694064243,0.9697132337624376,1.216668374905882
260,3091,178,3510,61.45621893971975,11.673932488661919,12.068322930794926,11.917062738650031,0.999158936516602,1.0337838549705551
261,2405,2551,2532,0.6571113925023947,1.0959536226513134,1.3715753209002937,1.2471728126951944,0.9675305533657534,1.2514902935237358
262,3087,3506,165,40.165085503249436,8.843208517032235,11.05585154063115,9.777209396157541,0.9615225750588541,1.2502081704097907
263,3405,2904,160,44.5289506710037,9.714279731840037,10.75283976300846,10.169284414301854,0.9925950604387939,1.106910657283667
264,2570,2457,2456,1.038792615899375,1.1195549840652717,2.071565931373318,1.6858233196315797,0.7971786080232963,1.8503476478226664
265,3091,177,178,40.09011797246245,7.474857696041849,12.008932796493248,10.1364642748128,0.8694525444897843,1.606576778425136
266,4053,161,162,29.935807180614983,8.000000000000062,8.62125869948665,8.326287228000437,0.9962806731818777,1.0776573374358227
267,2385,2428,2429,0.12428642780138498,0.49867851585331324,0.5825582366081032,0.5390928185337472,0.9836491674934353,1.168203999346672
268,383,2639,488,8.136750296379265,2.9125574225957105,7.411720722887253,5.414843843996415,0.5725129746767661,2.54474664272261
269,3089,179,180,45.25560279013984,8.000000000000004,12.78152184215189,10.760079572349058,0.8719428796949363,1.5976902302689855
270,1272,4204,3496,49.07340045564116,8.932253438816682,11.975511469410858,10.886785234241648,0.9409641270041819,1.3407043979931381
271,1787,9,1774,0.02858347679601875,0.1962662652564259,0.3426356194641218,0.276867941304288,0.821677255786981,1.7457692946694703
272,4395,3417,4396,89.49381032304653,13.041539726834742,15.724745433923092,14.500856068577832,0.9771852790542405,1.2057430152643165
273,2346,2338,2342,0.07660072099360596,0.3411656910495108,0.535312743532263,0.4427603469104591,0.8741943807786126,1.5690696854232542
274,1333,1334,3997,27.336099705659016,7.902819540813172,8.000000000000025,7.945750170077981,0.9998960073643227,1.0122969351235942
275,1323,3948,3836,20.498038294364953,6.6398504256085715,7.043130107894083,6.886940882373419,0.9974084031395354,1.0607362600714834
276,4203,3496,4204,42.643985431649945,8.932253438816682,11.748069154886176,10.15140803346758,0.9429191213024115,1.3152413593453216
277,1334,3090,3997,34.576449775238395,7.934430969420747,10.828696661418956,9.202719959801115,0.9268804144315964,1.3647729374863418
278,4000,1315,1316,23.06129669376246,6.761689249417201,8.000000000000025,7.3516996145143905,0.9807204435716658,1.1831362999548605
279,4292,3831,3947,30.399923831178853,7.224753709731853,9.503458875376612,8.533420964997292,0.9520435235776341,1.315402470062794
280,1321,3503,3835,58.97052025244354,10.146024633622392,12.692628532355286,11.837425095602336,0.9620746445539865,1.250995241061591
281,2314,2304,2337,0.014186219612671858,0.15818036223652338,0.22486230492721568,0.18794155906391788,0.90780867815642,1.4215563913741982
282,2418,2521,2392,0.4040700270655135,0.9071343883035019,0.999999999999922,0.9688365541275572,0.9921448374856631,1.102372496174569
283,4078,3092,3839,49.788019716937775,10.364430509437598,11.30904831576878,10.746668127442495,0.9941610174786164,1.0911403482777984
284,87,2575,2379,3.388912968654658,2.0,4.766325928274228,3.4716070346269006,0.5865461277353182,2.383162964137114
285,2562,2554,2558,0.63537478811025,1.1103155009690222,1.447323779649253,1.2413071093231098,0.9390423652182286,1.303524789473
286,2537,2594,2500,0.8621842002072382,1.313080817642824,1.5911425613784054,1.4271181139639184,0.970902729007343,1.2117628557202929
287,2575,2646,1754,1.5948837302257886,1.812945577814045,2.0,1.9240601267159707,0.9931962668296171,1.1031770751836332
288,4354,3512,4317,75.91214031656524,12.905152296544964,14.006159805736466,13.272204277265985,0.9937129099441101,1.085315344127033
289,3495,1311,3831,39.51854825129374,8.723289416859288,11.2962465577788,9.76439274125625,0.9450852802979435,1.2949526282994601
290,3839,1326,3513,25.90622889200515,7.059303355868738,8.174902811004493,7.78273859574151,0.9834721421431502,1.1580325138185632
291,3513,1327,3094,24.92912482639904,6.34647044871289,9.415662968211722,7.900948036214543,0.8996118952879123,1.4836062098297937
292,2155,2216,2230,0.029882918437985642,0.23897713077118718,0.2974672292093678,0.2661300161258886,0.9664938431651227,1.2447518649564129
293,2172,2202,2165,0.01952547782021901,0.19463817284184498,0.22689705837551213,0.21363028537930973,0.98394927258524,1.1657377125086321
294,3839,1325,1326,32.40134842240633,8.0,10.639692523636644,8.93819844488038,0.9198918227359854,1.3299615654545804
295,1317,1318,3093,37.12993286309187,7.841065365586879,10.356690547525204,9.449091572915565,0.9465978590038671,1.320826962236405
296,2166,1790,2167,0.020958684878980924,0.19070285912203144,0.27352755901264053,0.2285997457532182,0.9059655568471096,1.4343128376361116
297,1320,3998,1319,26.35677302573408,7.021175645460166,8.631385635923618,7.8841870937946155,0.9723497959747635,1.2293362353788428
298,3093,1318,1319,38.122071782424285,7.449067016542687,11.79848840737802,9.86808199048197,0.8746944552688166,1.583888073657581
299,1774,2247,2154,0.032566438703985935,0.2524499949112596,0.2888688638819272,0.2756462912522735,0.9863255124993626,1.1442617140216993
300,1316,1317,3093,37.91899727992419,7.999999999999984,10.44023359850459,9.529917468046396,0.9518110508842516,1.3050291998130765
301,2301,2319,854,0.019046589744619927,0.16932882452513584,0.24997747951573532,0.21740764143847205,0.9074864676746879,1.4762842665256184
302,2586,1251,1247,2.18815319537446,1.2901935651174492,3.7545661792791742,2.8172515863653214,0.5539106359427496,2.910079759185117
303,2333,2342,2335,0.05334192509023909,0.3197842210249792,0.38247422379931495,0.35376813713622995,0.9790739779939649,1.196038449218665
304,2217,2470,1748,0.07579396517139762,0.36820941746018243,0.4709587140023008,0.4246153301584122,0.9611785525657065,1.2790512454864889
305,1328,1329,1330,43.32412852880191,8.0,13.500866073750716,10.777354629418518,0.825544783256798,1.6876082592188395
306,2368,2360,2387,0.13309484601584842,0.5089297161270742,0.5927947368875757,0.5576913203410203,0.9842588562150298,1.1647870385693126
307,2451,2455,2445,0.1985061483669189,0.6692697202272228,0.6906331883069976,0.6772775432255481,0.9992046044898834,1.031920565706337
308,2342,2338,2335,0.052057693048542894,0.3246033025689704,0.38247422379931495,0.349414405805932,0.979943946893708,1.1782819853413178
309,2310,2299,2293,0.012825778644179492,0.1548732476444759,0.21194193998504612,0.17799479536893728,0.9174910166002782,1.3684864442926645
310,193,2945,192,15.46123524782161,5.35447992874604,7.40425719367199,6.192867357085848,0.9127015008763593,1.3828153793091136
311,1247,1248,2586,9.723118047104034,3.4069950146993406,6.279794515494488,5.14956921586255,0.7996347500515594,1.8432062531352618
312,2241,2365,2260,0.15763520369111367,0.479573896289151,0.7549182917686934,0.633591651262217,0.8780401680041875,1.5741438339536482
313,2306,2325,2292,0.07370489245774971,0.36701920152351036,0.49999999999995576,0.424860242812084,0.9270763865910758,1.3623265429286455
314,3094,1327,1328,31.111316563674514,7.999999999999943,9.415662968211722,8.548880131506785,0.9779578353660551,1.1769578710264736
315,2179,2178,1795,0.010942030769174636,0.14841229108829534,0.18918055436686285,0.1626824054015289,0.942283664878145,1.2746960038121986
316,184,4001,183,31.976857682322894,8.000000000000014,9.232133978706901,8.63745070288865,0.9864799341693278,1.1540167473383607
317,235,3838,234,30.79959816727693,7.999999999999893,8.817028520272604,8.453903391563358,0.993640554303886,1.1021285650340902
318,232,3515,231,34.26782669216951,7.4396793909924295,10.644046361864518,9.177971029057788,0.920387368673638,1.4307130458809512
319,231,3515,3514,45.05502380895481,9.450187334316418,10.811470260404842,10.248047324694395,0.9875788037050958,1.1440482477151754
320,2476,2482,2430,0.14736154594362502,0.5050805244211681,0.7282646580591544,0.6069888809985563,0.9028772153054456,1.4418783200832372
321,4212,4001,184,25.0128940007192,7.145542692286428,8.680218129959034,7.703558549598096,0.9655632269236686,1.2147738112780824
322,2439,2436,1765,0.39384245901816683,0.8465305466027289,1.0470910623914729,0.9645405363314006,0.9699990569885263,1.2369205890958423
323,233,234,3096,37.04533689498959,7.999999999999924,10.63876884764116,9.434627791377688,0.9484836294742119,1.3298461059551576
324,232,233,3096,35.113409674087464,7.438709828602618,10.860227837737126,9.321350730943907,0.912181726896479,1.459961214776575
325,1897,1773,1887,0.0003074300781714936,0.0212316526009623,0.03125000000008263,0.027652012014384664,0.9040355129412073,1.4718590487236145
326,3522,187,3100,39.9880583773906,8.61510298183171,12.225468700328467,10.04908344439382,0.8928412905166127,1.4190740059765525
327,3097,4318,4212,27.2755265550527,6.620626392529248,9.099421700231847,8.136462449552488,0.9348639359576048,1.3744049521507038
328,2399,2398,2404,0.2714707526679354,0.6978357366868082,0.9820594217337204,0.8213841738019575,0.9101511095266386,1.4072931065358625
329,153,1750,2364,0.484151411853861,0.999999999999998,4.051153392858607,2.7135173126193273,0.12443504622743043,4.051153392858615
330,2159,1781,2158,0.015019045238236054,0.12499999999995834,0.2500964422570381,0.20725768314799253,0.7484755247057467,2.0007715380569717
331,4245,3089,4076,65.11566943489936,10.310142244313967,14.339243126082547,12.587642498607536,0.9323314386514587,1.3907900382257699
332,238,3518,237,44.02193573211427,7.392326545306149,12.942845064219329,10.82346483147321,0.8255829063804841,1.7508486651523194
333,3840,3509,236,67.57921074132736,12.061388339542832,13.087802617143181,12.515048075722277,0.9952706459897213,1.0850991816783881
334,240,3098,239,41.574649955682226,7.466424611257564,12.24410422892081,10.3659650390246,0.8589479438995581,1.639888549930533
335,2402,2386,2368,0.12939656800436708,0.5085080355288166,0.7125302493181325,0.5766864310278117,0.8742942395968549,1.401217285735014
336,244,3101,243,38.99331865621738,7.999999999999914,11.181724390502536,9.750391873140707,0.9302016510383997,1.397715548812832
337,4053,4246,3405,34.90631586385812,8.232716128026981,9.596947769507544,9.032441980005217,0.9840071878720957,1.1657085729989223
338,3517,3098,240,46.978040843169964,9.322749876985226,12.24410422892081,10.639929083444983,0.9461024514140771,1.3133575812376386
339,2036,2083,2035,0.011203647632769206,0.14538594083433998,0.20744843893424564,0.16903183176648243,0.8823751654914375,1.4268810157553182
340,3098,238,239,43.1707836816623,8.000000000000146,11.643179624569958,10.343515300488509,0.9084553235045753,1.4553974530712184
341,1838,1846,1863,0.00011746772316562262,0.014788921711795654,0.02080128534316438,0.01717807935334549,0.8986575322142499,1.4065450983199987
342,3089,181,3508,42.582724585605995,8.790406732574597,11.716802669404544,10.147525570478967,0.9417605008177095,1.3329079103911774
343,3099,3520,188,50.326838144352934,8.92067354781753,13.640213860765897,11.304595694066963,0.883789502245443,1.5290564986657331
344,2394,2431,2344,0.23336436051769752,0.7137591144751979,0.7711722102292109,0.7354829583419722,0.9951066140376912,1.0804376358769539
345,195,196,3557,30.59093924730434,7.999999999999924,8.877064586350073,8.42822331980105,0.9927403676261795,1.1096330732937698
346,195,3557,3950,30.125970464844617,7.169831459076302,11.218050157265948,8.931828996465136,0.8418154427678413,1.5646183904455662
347,2389,2162,2374,0.10756148279635712,0.45660651897467086,0.5268655564378361,0.5012553916280731,0.9847050363006397,1.153872173399834
348,2451,2429,2428,0.1388913648780834,0.5360417031398251,0.6187564686945866,0.569841264479969,0.9839933993926279,1.1543065867268643
349,3977,196,197,29.985114906299227,7.643506016983294,12.095902832317464,9.246469616433615,0.773042977969246,1.582507138143318
350,89,2155,2230,0.024838464089985385,0.21402824985634153,0.2619456883971108,0.24195706857011803,0.9729389333708329,1.223883709617455
351,231,3514,230,40.65391556978931,7.999999999999984,11.040881306752745,9.95078385571919,0.9302142297405769,1.3801101633440958
352,245,246,3523,28.907330664905672,7.391375993874601,8.734567307471519,8.232301959881507,0.9798878944284422,1.1817241220998702
353,245,3101,244,35.61786526277776,7.597941862311524,10.164069647428779,9.277154246219991,0.9403154415367455,1.3377398552950444
354,2106,1776,1791,0.010310584008182733,0.12978870766944064,0.17193445483729927,0.15768032407959956,0.942941608454858,1.3247258403650939
355,2214,1780,2228,0.07159733178780919,0.3783791248170494,0.49999999999994954,0.4201078870840882,0.9202090068499305,1.3214259646107729
356,226,3100,225,41.359983626664295,8.000000000000094,13.00306652793671,10.44790276186327,0.8427738675432896,1.6253833159920696
357,4079,3516,229,35.53583761560751,8.813760663336438,9.423440604520602,9.070306614897275,0.9967137932212343,1.0691736438590074
358,186,3097,185,42.80074311854044,7.999999999999914,11.77162518426826,10.303305722906709,0.9078461514782924,1.4714531480335482
359,1884,1847,1855,0.00016274852914621436,0.018437355963819554,0.021101730026390104,0.01949530560099225,0.9854513234815561,1.1445095526603148
360,1776,1788,1791,0.015604045363879845,0.17193445483729927,0.2500000000000339,0.2011486713461602,0.8648093040633384,1.454042473549631
361,3100,188,3520,57.899864032882356,10.045380384656376,13.640213860765897,11.845863943072752,0.9384867263050108,1.3578593680335271
362,3100,226,3521,41.20666109966304,9.436117226247237,10.34064175765301,9.780583397001507,0.9931464321907146,1.0958577039388375
363,2002,2001,2007,0.0013020568016624474,0.04250133334026816,0.06829625464260415,0.0577658626609297,0.869318813256074,1.6069202840254526
364,3135,3557,196,31.147186014454174,7.018050936974902,11.387867421245712,9.094327648190228,0.8372585038913287,1.6226538569630844
365,186,187,3522,30.66186991172679,7.999999999999903,8.678020078656656,8.431041020162757,0.9948654717846575,1.0847525098320951
366,807,2767,3383,41.58717834733199,8.905503768611725,10.539019178729529,9.871220265872083,0.9807145977170484,1.1834276254955145
367,2157,2229,1778,0.022848800876551997,0.21402824985634655,0.2462472405180897,0.23083598930524651,0.987051924677006,1.1505361590508176
368,1312,3831,1311,26.44251997883587,7.00205099930404,8.723289416859288,7.908446805387768,0.9686696106297144,1.2458191775133212
369,3402,2889,4081,30.015151143752234,8.040537195112774,8.865517764953017,8.350858923709831,0.9920692396203855,1.102602668182629
370,2725,1666,1667,18.528241622409837,5.856606776203731,8.0,6.752163563900569,0.9217933211843145,1.3659786811204735
371,2725,1625,2896,19.674160984476185,6.493608296578092,7.06742858787007,6.753336062289911,0.9949987749713874,1.0883669394709812
372,2439,2438,2437,0.18368351331389593,0.5823486401294541,0.7623812954425758,0.6647170020824954,0.9482109793724368,1.3091492671350637
373,1630,3102,4003,44.14784474201547,9.063572520063126,12.590049448770616,10.485344433366063,0.9082993868175947,1.3890824419290826
374,2896,1626,3022,28.571760424388675,7.31797687135465,8.93057202515939,8.202688422372873,0.9742188674521485,1.2203607885284598
375,3991,1661,3079,39.518646866304096,8.254952350487624,11.688143287090416,9.8808202051647,0.9162031610905652,1.4158947006399123
376,2438,2439,1765,0.21497570339446093,0.5823486401294541,0.8465305466027289,0.7287008081936683,0.91422692241949,1.453649048471287
377,3524,1631,1632,40.93661343411863,7.999999999999994,12.51770361725904,10.260819405747883,0.8698363432530126,1.564712952157381
378,2382,2404,2395,0.19114967608784153,0.5266779353149118,0.7761014456956529,0.6903828056019767,0.9008306391336747,1.4735788109893109
379,3102,1630,1631,46.57221628839521,7.999999999999974,12.590049448770616,10.889124662993781,0.8759149884253663,1.573756181096332
380,2437,2438,10,0.12164007871899386,0.4915522088254371,0.6494210706754563,0.5469910931669507,0.9226775412735321,1.3211639761059084
381,1628,1629,3465,40.36293200965671,8.000000000000004,11.64038889207505,9.989168559142138,0.9134229222894986,1.4550486115093806
382,2479,2494,2484,0.2535295405664032,0.7063722198479038,0.8315075890415723,0.7702848708768011,0.9824636671856503,1.1771521666305234
383,3524,3102,1631,58.384856715099104,10.512349380080373,12.51770361725904,11.702459179183391,0.9792719647560306,1.1907617569273876
384,2286,2294,2332,0.021667152852815168,0.19881226536431823,0.2500000000000126,0.22659061363871316,0.9661823394250248,1.2574676896412513
385,2235,2283,2284,0.07781687225358076,0.379265188733927,0.4786150901774639,0.42974341278809863,0.9644955696673374,1.2619536524698967
386,2292,2368,2303,0.11535687473110431,0.4750201662121049,0.7671155307137495,0.580711898975318,0.7510648099324495,1.6149115032965122
387,2544,2354,2572,0.37658674666930925,0.8736869704341781,1.000000000000008,0.9368582653989078,0.9878768867204449,1.1445746976208868
388,1656,3843,3845,46.85361217882647,9.63011049748342,14.386049607561509,11.264873018551912,0.8211445643388717,1.4938613229122273
389,2268,2196,2269,0.1269623060554182,0.32453781961586725,0.8191398100640228,0.6434616918706108,0.6304514673763922,2.5240195766200113
390,1658,3842,3525,53.09904420319893,10.207917717047115,12.557802961393904,11.214281590718054,0.9675684515637687,1.2302022125846983
391,1633,3526,3845,37.978992918336616,8.734530635796478,10.326127999376208,9.438495176747486,0.9797202657151813,1.1822189914884416
392,2239,2383,2240,0.1280321932733155,0.47767281821013535,0.5978449167008384,0.550783666756423,0.9659234190522419,1.2515782642625428
393,2411,2416,2409,0.01944026127411717,0.19244355057904186,0.23148216045486655,0.21367516262537864,0.977751545650667,1.2028574600622455
394,2725,1667,1625,10.092566305816952,3.15488185427219,7.06742858787007,5.540731452546747,0.6932690306358168,2.2401563400225895
395,2467,2505,2526,0.6659688180629594,0.9471519518440117,1.544660430455874,1.310472600859094,0.861532243441193,1.6308475397728655
396,1655,3104,3527,44.38944219237491,9.315955585795956,10.656872629258777,10.17711961772678,0.986212559638499,1.1439376810154953
397,2417,2409,2416,0.025641420176111897,0.23148216045486655,0.27201100999858435,0.2456524629417047,0.9756669432046642,1.1750841164782542
398,1636,3844,1635,36.11118922843857,8.000000000000055,10.924645338391462,9.379883752539774,0.9326091542034296,1.3655806672989235
399,2566,2548,2556,0.3141667780418451,0.7482077248552665,1.0299437193453453,0.8771897331446992,0.9266431425884203,1.3765478290732402
400,1640,4005,1639,47.21749515619059,8.000000000000044,12.942870969889096,11.01677170540781,0.8651821832935987,1.6178588712361281
401,2384,2359,2326,0.1696516955976867,0.6021033824032485,0.6784258291071328,0.6290257244070115,0.9871426765760838,1.1267597042874087
402,1640,1641,4084,38.877462911550474,8.000000000000004,13.062392697924214,10.269635953612855,0.817154372126325,1.632799087240526
403,2450,2400,2405,0.32561237807462484,0.785660623196807,0.9333269493237453,0.8737837276667407,0.9797130544067137,1.1879517972099616
404,1636,1637,3529,23.052482890729603,6.929963882910283,7.645236656681101,7.31398379482814,0.9935874399167441,1.1032145023922455
405,2417,10,2438,0.07030417028635241,0.37080969052862095,0.4915522088254371,0.4153226603662296,0.9255231657738915,1.3256185622460064
406,2263,2355,2372,0.1733333424276686,0.5002545944864367,0.8031932178007188,0.6675995707380596,0.8674022298747138,1.6055688976235791
407,3105,3846,3528,51.98857596474341,10.360780827846401,12.149919123517757,11.047703016072772,0.9787317655383666,1.172683731602809
408,1641,1642,3532,26.701713908236194,7.597956430626693,8.133236123121392,7.861854296801251,0.9969030241341947,1.0704504819660499
409,1646,3109,1645,30.29804651436119,7.406209931496191,10.948203233052618,8.845755031901163,0.8685703888274704,1.478246408664908
410,2433,2434,2403,0.2409121890636549,0.6743466352822977,0.891757987972991,0.7647811099814142,0.937528369065856,1.3224029620903792
411,2271,2273,2391,0.20365010547846435,0.5982156407851453,0.7674069470141224,0.6963136639334385,0.95983878893896,1.2828266175169158
412,1644,3106,4083,48.422049740021215,8.579192930802112,13.301769130623297,11.091380508493339,0.8820374914964568,1.5504685857880163
413,2302,2381,2344,0.10548942130471481,0.4364648620401332,0.5312936129895913,0.49906484773456256,0.9704879063159052,1.2172654873205775
414,3532,1643,3107,42.010335889383846,8.58889770336095,10.797094606265244,9.987338404055825,0.9631284575452012,1.2570989874568186
415,1643,3532,1642,28.315679620360967,7.454101443173757,10.57602290254128,8.542693592113912,0.8713359414873685,1.418819288034574
416,1646,1647,3109,31.145102425481504,7.999999999999984,9.523361378171408,8.568737769775359,0.9734997235468369,1.1904201722714285
417,3531,3107,3530,41.43563090264719,8.749105433305653,10.623736046764831,9.876954554264396,0.9743306357666516,1.2142654043604195
418,1647,1648,1649,27.855849679859016,7.040606966301036,11.408187749791434,8.816264905364157,0.7918654485432038,1.6203415137921013
419,1643,1644,3107,40.99586264290676,7.999999999999944,11.235384206933253,10.010826271066147,0.9257411434428376,1.4044230258666663
420,1644,1645,3106,41.467087460011896,7.701327229595588,11.481276376095135,10.191927689915111,0.8951740689505909,1.4908178855163436
421,4083,3530,3107,39.54891621670804,9.069276311964725,10.623736046764831,9.639022985897059,0.9778877270685311,1.1713984315098407
422,1647,1650,3109,48.66318174921433,9.523361378171408,13.184786692565106,10.99909698592662,0.9102291908773944,1.3844677492535449
423,2140,2243,2227,0.07624503251580132,0.37279342952125794,0.49601923024109795,0.42937624881057523,0.9418815519558451,1.3305471367295472
424,1755,2154,2195,0.041232093596530454,0.25244999491138187,0.3801951941236413,0.32146492072429034,0.8973640391241678,1.5060217935718403
425,1501,1502,1500,40.83333333333346,8.000000000000028,12.216037485127375,10.168526402880131,0.8865437143016114,1.5270046856409165
426,3802,1149,1150,48.06714129188308,7.999999999999984,12.89839440338109,11.121193709631784,0.8633036713707337,1.6122993004226396
427,1147,3110,1146,43.149785070646296,7.401566809658871,13.005232042306234,10.72709609149461,0.8245593853315331,1.7570917586442254
428,1151,3803,1150,32.58214786712312,7.999999999999944,10.219398060092253,8.855887259183353,0.9479532930539102,1.2774247575115405
429,2224,2202,2196,0.05336632975431642,0.33691921571276706,0.3706163527954173,0.35191733562222094,0.9935695157451219,1.1000154800056818
430,1651,3106,3109,40.34637508313743,8.043216645276543,11.095107625272854,9.900344756413858,0.9337341891153009,1.3794366252447725
431,2198,2267,2278,0.14634473254123995,0.4688924177968273,0.668670829487595,0.6008363890652961,0.9141421885145757,1.426064496051059
432,2213,2163,1766,0.0440713371396787,0.2815157698408303,0.37478134701757165,0.32612642021975996,0.9439976364328633,1.3312978780175402
433,1504,2587,1508,2.1881531953744,1.290193565117389,3.7545661792792275,2.8172515863653427,0.5539106359427198,2.9100797591852943
434,2258,2226,2250,0.07415167843276932,0.3843202044438011,0.5388942420724921,0.4363951670806508,0.8750690773670596,1.4022011745450513
435,3111,3535,1160,46.41532649249367,9.915995472452542,11.005546211746232,10.384557913525688,0.9920692257318129,1.1098780997148046
436,3111,4085,3535,62.42663501571479,11.005546211746232,14.099554372083368,12.250413934688188,0.9494071642797031,1.2811317222070175
437,1161,1162,3111,38.45494665277695,7.999999999999984,11.29570637549953,9.709899213177753,0.9241184417038267,1.411963296937444
438,2202,2172,2183,0.01659659249007286,0.1530052860747213,0.24818546570648875,0.20684879223392735,0.8637433441703103,1.6220711850784388
439,1159,3112,1158,36.69759131270484,8.000000000000025,11.284147434296091,9.523117228628609,0.916055188755537,1.410518429287007
440,2138,2153,2168,0.024790384093599332,0.22867513318494634,0.26511008380916773,0.24119203070378573,0.9793208453429382,1.1593306194546031
441,1093,3847,3537,43.34349708554948,8.573854470675606,12.41807566298144,10.398041799673527,0.9050289325919009,1.4483655753026696
442,3419,1152,1153,35.63667975697179,7.414770106782766,11.129035476447884,9.441448048888955,0.8994691924296738,1.5009279203771189
443,2151,2248,2153,0.03912140981031823,0.2681675707129416,0.3248051450993567,0.303521931893259,0.9739953376941013,1.2112021756987255
444,1097,2947,1096,30.567514956493014,6.49874784113111,10.510001227510426,8.862963981024448,0.8662632163807904,1.6172348096031304
445,3848,3113,3537,59.59649197888866,11.140777871083587,12.117363717208017,11.755281301715419,0.9946143881171097,1.0876586767481653
446,3847,2947,3419,80.19458918304265,13.154724258992013,14.315591358571515,13.636500144538282,0.9946469176609859,1.088247163279457
447,2115,2142,2023,0.00724424358722997,0.125,0.1361192113087403,0.12961088777137253,0.99455903638321,1.0889536904699224
448,1152,3419,3803,47.09220744479819,9.29339007496856,11.169214803749997,10.53054678505548,0.9739994501105369,1.2018450440204709
449,2587,1504,1505,9.723118047104283,3.4069950146994104,6.279794515494576,5.149569215862608,0.7996347500515626,1.84320625313525
450,2302,2299,2310,0.018276303766565215,0.1548732476444759,0.25022576949232284,0.21726029100307995,0.858741502156952,1.6156810378686988
451,4482,1098,3137,53.92968287573768,10.439281597175729,11.853210784996005,11.204852255834952,0.9893277623571588,1.1354431504369806
452,2246,2353,2257,0.10845075339119337,0.41858957486004617,0.5665588046753436,0.5122937445810704,0.938489313627617,1.3534947803341026
453,2357,2366,2233,0.07746180884445492,0.3695717328415859,0.46094848284079526,0.42863196151335076,0.9645007705174818,1.2472503762574756
454,2109,2215,2214,0.013888605884422187,0.055563954663214066,0.5020540163885369,0.3525393236839409,0.19048584478702044,9.035606256458921
455,3849,1464,1465,29.084834966237317,7.442950021904367,10.977082384323976,8.746645407419448,0.850074331669991,1.474829516793579
456,2250,2226,1769,0.06438320864243777,0.2500000000000126,0.5388942420724921,0.43734283241803684,0.7119002827141576,2.15557696828986
457,3114,1459,1460,37.86091084343468,7.975386221244015,11.051408590586371,9.600150722511385,0.9326019081324444,1.3856894555336723
458,1460,3539,3114,46.741998447592096,9.745133851791245,11.051408590586371,10.43064035742451,0.9895611021118261,1.1340437964897754
459,1461,1462,3115,44.488940850222285,7.400995054819208,12.76565504365648,10.861499655199259,0.8287054800725466,1.724856583351456
460,2143,2207,1753,0.027383061131859256,0.20502811927276257,0.31472876107167413,0.2632147766459572,0.8868108711701731,1.5350516904121307
461,2376,2188,2197,0.10579214521836262,0.44662550848786,0.5249544236362921,0.4980358361303177,0.9797656069996573,1.175379403235678
462,1058,1059,3116,36.89080625830314,7.786038941129951,10.964128427349491,9.498218485163841,0.926746467986907,1.4081779593255308
463,2365,2372,2355,0.1912765547159396,0.5666052242361892,0.7768680753029548,0.6809413998220558,0.9374287305704925,1.37109232684928
464,791,1769,2226,0.027132375364311664,0.24715446754432074,0.2539417856459711,0.2503654177301015,0.9995047067169479,1.027461846711038
465,2349,1771,1764,0.06065337181536757,0.3292335620387378,0.4040992092328633,0.3787814827893787,0.9680024502207736,1.227393728423461
466,2124,2171,2117,0.01837572339404083,0.1942920600208741,0.2247801518229324,0.20725811184528556,0.984130583354922,1.1569188766580722
467,2047,2222,2096,0.03387635532943163,0.211375640035523,0.3420849571618369,0.29563308400579824,0.860083533818292,1.6183745539663292
468,3117,4007,3539,42.28289560507092,9.164559555691342,12.06593785422491,10.187371568152455,0.9251216975358839,1.3165867689442603
469,2191,2257,2274,0.09592549041017961,0.40012532382897503,0.5469434182454099,0.48190906430803676,0.9388107517309725,1.3669302732740534
470,2331,2318,2330,0.007379140452160521,0.11429947797223085,0.14370070256601547,0.13230350548926054,0.9644190331409721,1.2572297364378835
471,2221,2232,2238,0.04653635897849025,0.301290626421437,0.40303954412830084,0.3387142371766105,0.9200139659984927,1.3377101999998509
472,1721,2823,1720,31.638277948043488,8.000000000000004,10.358069750997226,8.791909139140936,0.9304841274955251,1.2947587188746525
473,2471,2469,2470,0.08513503171802739,0.4091801049746653,0.48196604142668,0.44638785849367135,0.982335534243965,1.1778823935159832
474,2270,2203,2278,0.15906939415585666,0.5091613481823349,0.6933988236166995,0.6204206810468181,0.9387783397119899,1.3618449752560313
475,1721,1708,2823,13.233141423417992,4.05881724612675,8.017657666425574,6.2084304250389275,0.7414999592244991,1.9753679902874828
476,1720,2823,3386,49.54811817764291,10.358069750997226,11.271616077971856,10.719757591693076,0.9944042743716404,1.088196579955129
477,2191,2274,2245,0.07478820022885342,0.3308729432655163,0.49865845084972527,0.4324524407440838,0.8980059239930219,1.5070995105500837
478,3119,1717,1718,36.889291446156726,7.558084398959407,11.04831825430713,9.551566403689977,0.9122576883462215,1.461788155716845
479,2220,2109,2427,0.10958489241165292,0.4924790931839449,0.5177348759066925,0.5034046563635698,0.9982136733535991,1.0512829540833206
480,1465,1466,3546,36.881422845020055,7.396312439602378,10.844963780878583,9.565167753733025,0.9073627007542259,1.466266314388093
481,2349,2374,2192,0.06482107267041227,0.3652331740010137,0.41419147852443955,0.38849103720847594,0.9892293387047975,1.1340467077157947
482,1458,3118,3543,47.20682740885432,9.581342767912394,12.713368312971536,10.756503283106646,0.9266990867536229,1.3268879551567858
483,1464,3540,1463,38.34111233069634,7.435576536542076,11.08808588185464,9.790288502129433,0.8977332610812064,1.4912207314876444
484,3121,1467,1468,32.308195979803216,7.517169157493136,10.066226040560398,8.825390184674296,0.9447891928810774,1.3390979808571095
485,2236,2239,2240,0.061114688859852384,0.3177806772438924,0.47767281821013535,0.3938784098928168,0.8852642259491139,1.5031524960956888
486,3546,1466,3121,47.86740938007125,10.454227040718113,10.588510082618248,10.514483862039045,0.9998876218701022,1.0128448560928625
487,2115,2134,2100,0.006570072855739469,0.11834326177989855,0.12774509384729643,0.12335858250521982,0.9961045426158286,1.0794454363179877
488,2205,2258,2262,0.0555619266593183,0.3236198014231537,0.4617169730153017,0.3763466858236133,0.8828101463263653,1.4267265815776737
489,2482,2490,2430,0.2734296519836544,0.7282646580591544,0.8595280927820934,0.8000605507262781,0.9819828539185148,1.1802413906405396
490,2150,2125,2151,0.022947616837091997,0.2169019535672654,0.27015765236343214,0.23474625824120385,0.9508807945572263,1.245528903360712
491,3544,1716,1717,38.42748121205776,7.391853655277503,11.188822453646251,9.825498117147541,0.8917604778359409,1.5136693683941993
492,2464,1757,2458,0.3340866800561771,0.7892565310473716,1.0000000000000182,0.891331009114357,0.9621462738695291,1.2670151727132146
493,2086,2103,2135,0.016731879516015825,0.16688053229588468,0.2254583542271556,0.2009251900990924,0.9427287056329163,1.3510165093877489
494,1164,1165,4006,31.523357068368625,8.000000000000025,9.418360966351333,8.598739300273662,0.9798389116218242,1.177295120793913
495,2218,2233,2148,0.04153823474650065,0.27290740635121846,0.3370960709938952,0.3134247996433048,0.9683511277164525,1.2352030877464317
496,3537,3538,1092,53.725219346559555,8.756350373758547,14.414269965440292,11.833236658408524,0.8528310872827964,1.6461504337055393
497,2949,1339,1338,34.42259832230606,6.623868372405992,11.179338725966423,9.498224577355701,0.8422311160764019,1.6877356398774186
498,2948,1340,1339,24.902757845882185,6.122010380010695,8.942009655075356,7.849724287795477,0.910761596281481,1.4606328803806659
499,2181,1776,2173,0.013919611367348558,0.15771824012964106,0.2042091275943092,0.18227306887222916,0.957091638495637,1.2947717868678577
500,1060,3795,1059,37.98669377841088,8.0,11.59438068067699,9.728771193182562,0.9061569006253608,1.4492975850846237
501,1166,1058,3116,45.421365281204956,9.744488087012083,10.788147919115612,10.268483003162409,0.9931157199146103,1.1071025817656412
502,1339,1340,1338,20.03319726277008,6.122010380010695,8.297514742482974,7.014464498299887,0.9240407829596244,1.3553578363041714
503,4085,4435,4404,92.1668327428999,13.871011056502459,15.701767140306377,14.652683097549428,0.9886420978932269,1.1319843287808278
504,1090,3123,3982,36.88413428416478,7.6235008527288,11.186573125352517,9.564384691201758,0.909616433043056,1.4673800582508403
505,3548,3983,3125,32.452147733178066,7.99698220105696,9.068584392452017,8.69745738126955,0.9875300261341481,1.1340008223668954
506,1059,3795,3116,51.63649494725271,9.591932898870699,13.13304312226891,11.229701482829702,0.9299547907650737,1.3691758752623386
507,1166,3116,1165,40.76808207489083,7.999999999999984,12.204799099634194,10.159204034331237,0.8868457465921631,1.5255998874542773
508,2101,2093,2169,0.029130937277754267,0.2537930854599882,0.2629604775088223,0.25946778402185317,0.9990362262118295,1.036121520143934
509,3851,1090,1091,20.512330801037024,5.413146479066345,10.394542014480745,7.858306855824229,0.7189125712321428,1.9202402991824428
510,3537,3113,3538,83.98839382359793,12.117363717208017,16.089562940842814,14.207065541163708,0.9485113177059616,1.327810513601554
511,1095,3122,1094,29.10037406092784,7.56813502388152,10.041788656466736,8.459987635522982,0.922767316335644,1.3268511495605606
512,1094,3122,1093,27.294622459029245,7.77003922622069,8.056795925339154,7.942278383853275,0.9990343755935487,1.0369054377680331
513,1901,1941,1902,0.0005063554228687474,0.03124999999995643,0.039759753152239986,0.03481378979320083,0.9545750143776717,1.2723121008734535
514,1763,9,1770,0.0373882731807544,0.23107856478613484,0.40301167709666036,0.31927236761064837,0.8079276398883062,1.7440461319709644
515,2205,2262,1750,0.0963668228029531,0.4571893705927131,0.5000000000000252,0.47296878120268,0.9932226733483113,1.0936387242595147
516,2383,2421,2240,0.2574567972505514,0.5978449167008384,0.9425042297066533,0.8093606030824315,0.877033738865078,1.5765028745377496
517,2424,2261,2250,0.2811307583690238,0.5968050128623488,0.9896728320273452,0.8577733042333108,0.8433613336599735,1.6582850524005404
518,2460,2458,2459,0.1170104992888937,0.5000000000000643,0.560430723714765,0.5220759105217604,0.988729672872133,1.1208614474293859
519,1338,1340,1337,17.589488749092318,4.8735268984506845,8.297514742482974,6.81053916770847,0.8386108336696453,1.7025687793209452
520,1061,1062,3400,40.21445226271334,7.999999999999886,10.829918264398383,9.880102831502347,0.934470369737759,1.3537397830498172
521,1084,1085,3124,29.253725623463204,7.405279204138605,9.743076703098735,8.410261794067432,0.9422774907602105,1.3156933634120913
522,1061,3400,4051,38.56063204927759,8.827467560029312,10.81039023010877,9.57141520564481,0.9638717839030352,1.2246309778648308
523,4008,3021,1084,49.4118026069747,9.527728025772534,11.802808238196592,10.803365020552173,0.9702259345099635,1.2387851758855792
524,2097,2206,1753,0.02528463928487329,0.20013113101470834,0.2762299973683697,0.24803363668422784,0.9315946221074444,1.3802450221903186
525,1066,3614,1065,28.96622376576242,7.2745841712261035,11.313631586779113,8.8627385860017,0.8193926972903219,1.555227257047772
526,2084,2046,2095,0.014993983784981436,0.16049018107782392,0.23087881649661174,0.19328998631459623,0.9065107891805974,1.4385853075002475
527,3126,4009,3549,40.20953964630303,8.43929573256009,12.044727877151942,10.024432741064398,0.9037424966785862,1.4272195523000273
528,1064,1065,4022,34.767330416646494,8.000000000000057,10.750127371176077,9.200569573907275,0.9339295825749472,1.3437659213970001
529,2070,2111,2062,0.0068261836896959405,0.11970996515119282,0.12998809150931784,0.1257816396443396,0.9952039568973706,1.0858585694611456
530,2239,2236,1767,0.04073055006022035,0.2564246423552265,0.4032934907222293,0.3258329367737827,0.8567195235037498,1.5727563740287667
531,2020,2013,2012,0.0015914027575908095,0.05163887413713821,0.07418320856409348,0.06277402756709025,0.9130165215256296,1.4365768000108583
532,1087,3983,1086,26.623045801464905,7.060734899453492,8.726059995045688,7.928931631499736,0.9707985057451827,1.2358571904067794
533,3983,1087,1088,36.55533244488951,8.726059995045688,10.099163911506343,9.251459117117532,0.9821448910662028,1.157356689873809
534,3983,3548,1086,23.16634331520123,6.618407970181093,9.026805550299668,7.568649473311418,0.9164134875939557,1.3638937930344412
535,1835,1848,1806,0.00014102356781116985,0.016100877577233493,0.02260087302760566,0.018771189268819887,0.9044875329129917,1.4037044204076867
536,1825,1850,1927,0.0004132763180204438,0.02800624333129301,0.0353179927299952,0.03135560009914198,0.9618541326792982,1.2610756934519793
537,1798,1799,1796,0.007138096621052129,0.11355400364911396,0.17131780973206298,0.13687504942455345,0.8518035330637828,1.508690175834234
538,1807,1831,1820,0.00010494755567810075,0.013782371531611956,0.018378590050452885,0.015928653860697008,0.9419991135673146,1.3334853155205406
539,2094,2091,2093,0.008833785790618616,0.12295349118230334,0.16734256837505007,0.14624106908198395,0.939380703267647,1.3610233167509735
540,2424,2250,2377,0.27513170095823936,0.6411639501961037,0.9896728320273452,0.8339278944526008,0.8869645006591177,1.5435565766363628
541,1821,1810,1827,0.0001483919636723358,0.01562499999990063,0.023153607836974375,0.019307288856054775,0.896568048453746,1.481830901575784
542,1831,1818,1820,0.00010715064771778333,0.013782371531611956,0.018275221594313953,0.016052823567719803,0.9478861742494346,1.325985266932978
543,2151,2125,2122,0.029313962687054083,0.24361229376418667,0.27015765236343214,0.26102506936930653,0.991387473985292,1.1089655952459485
544,2491,2495,2493,0.17459363109009657,0.5661574119246497,0.7540433029788659,0.6503368330745022,0.9398491473832994,1.3318615761215575
545,1829,1784,1773,0.0002981583240834747,0.020155313995212268,0.0322017551543447,0.027621622736982227,0.8701663753060256,1.5976806494800313
546,204,205,2950,21.811905378729495,6.186766846203726,8.03176749984773,7.216035980322569,0.9565359376977258,1.2982172594359391
547,2253,2238,2395,0.11357029512714759,0.45332914582871425,0.589104339209124,0.5212094270463409,0.9546743726768354,1.2995068696326686
548,1057,1056,2950,24.338361140282075,6.122010380010673,9.065004404014806,7.777462394039868,0.9065631338729134,1.4807234619551564
549,206,1057,2950,45.090833370511945,9.065004404014806,11.919230777153771,10.413963478009522,0.9482082656934994,1.314862105513689
550,2263,2259,2251,0.08120594354837248,0.3282539596717019,0.5811305625109774,0.4682382152726657,0.8144163291951612,1.7703687812088729
551,2239,1767,1748,0.09165206170664296,0.4032934907222293,0.49999999999994876,0.46594996201629985,0.9661495954479236,1.2397918922632118
552,207,2887,206,30.27063920882198,7.843219231701398,9.758859589236875,8.514935817329954,0.9539787967075352,1.244241592762405
553,2283,2281,2280,0.06180021473291562,0.3099743976379923,0.45780624360697053,0.3918315568486655,0.9073175774349032,1.4769163101709633
554,2347,2315,2316,0.06295961036124846,0.37728655535058203,0.3897493093718556,0.381449675266655,0.9990428300686917,1.0330325951045165
555,2255,1763,2259,0.052124012236468176,0.3027448710772623,0.44351269665390153,0.36379423876846695,0.886264847318255,1.464971793166116
556,2229,2157,2236,0.02067750717149953,0.18813002588738623,0.24726874754611566,0.2225437503249351,0.9520911036522047,1.3143502552544675
557,3422,200,201,39.517511726338626,7.954183677818634,10.959566806771411,9.797737614179908,0.9337827307179062,1.3778367775606835
558,1057,1055,1056,20.0331972627703,6.122010380010673,8.29751474248303,7.01446449829993,0.9240407829596228,1.3553578363041854
559,1055,1057,1054,17.589488749092414,4.8735268984506845,8.29751474248303,6.810539167708501,0.8386108336696415,1.7025687793209565
560,202,2951,3421,33.92577623477198,8.471685026408968,9.294921630303504,8.87077687228352,0.994216976885054,1.0971750721761069
561,2951,1056,1055,28.594398662281836,6.623868372406089,9.251913671693965,8.372753317718699,0.9218735651581733,1.3967538531163852
562,2953,199,3422,39.144506803465106,8.246853415402919,10.69096901395251,9.66603577274716,0.9565611427448303,1.2963694727475858
563,1056,2951,202,39.14509514005428,8.471685026408968,12.632879108300873,10.115680681255295,0.8561242872318576,1.4911884789059229
564,3130,3553,209,45.692445382487115,9.622111526659054,11.817717908241844,10.427964980198096,0.9617724481222298,1.228183426839279
565,2231,2213,2271,0.13004678320261437,0.45481174998801854,0.7209958808029543,0.5826315175117723,0.8548522573241394,1.58526221194142
566,1130,1131,1134,40.83333333333337,8.0,11.098806056417631,9.979360636208062,0.9285406431990264,1.387350757052204
567,1135,3127,1130,31.756095118156573,7.45033083836156,11.098806056417631,9.026929259863271,0.8748715107192159,1.4897064703852032
568,1137,4217,1136,33.461461436313215,8.000000000000025,9.395137763151773,8.85057468700869,0.9818565481666104,1.174392220393968
569,2393,2223,2248,0.10176579470437777,0.45990519318752426,0.5508931828054804,0.4908560558054497,0.9681784598760759,1.1978407527589197
570,1127,1128,3552,35.83476839679753,8.000000000000044,13.248843570468305,10.126313436973794,0.7689001098052757,1.656105446308529
571,1790,2166,2106,0.022409923216860698,0.17131780973218438,0.2771525898496417,0.24066598619815552,0.857884423105193,1.617768697153585
572,2112,2146,2149,0.021438402004913426,0.2116074704584747,0.23772542924639636,0.2233188172866959,0.9904228397438471,1.1234264496018678
573,1138,4011,1137,45.386438988868576,8.000000000000004,12.279188081180946,10.699211871222596,0.8871287374063358,1.5348985101476176
574,2195,2154,2247,0.04631535043794128,0.2888688638819272,0.3801951941236413,0.3335686779274562,0.9494116651266096,1.3161515194626272
575,2178,2180,2177,0.016278459232142377,0.14304517435403993,0.24753777932572954,0.20757565651338516,0.8315444315765023,1.7304867531781822
576,2165,2202,2224,0.04154122314706629,0.22689705837551213,0.40355846764094067,0.3336906262706234,0.8183324288753694,1.7785971776375162
577,3130,209,211,55.34264371143633,9.672633869926566,13.270840539358435,11.58706410584228,0.9367058217285136,1.3719986425433868
578,2195,2247,2256,0.06232050283004191,0.33164197577680005,0.454324130412211,0.38982585395812247,0.9315852029543552,1.3699234825388262
579,211,209,210,45.04457375718903,8.0,13.270840539358435,10.85813779079342,0.848300802571818,1.6588550674198044
580,1993,1995,2046,0.00391094250142128,0.08150100266641246,0.11706461865587936,0.09854099855015515,0.9102732146028207,1.4363580180115145
581,3130,211,212,30.04498002354618,7.508633052417962,9.672633869926566,8.48296387254001,0.953570177927888,1.2882017009489821
582,1998,1997,2019,0.0014555421477857712,0.04706408797732328,0.0726455501758444,0.060736546051048945,0.884691430367198,1.543545265571638
583,1756,1778,2155,0.01759301376555418,0.17444277594654853,0.22642142179046645,0.20496414919774697,0.9559463726071817,1.2979696095861535
584,1133,1131,1132,40.8333333333336,8.000000000000057,11.098806056417654,9.97936063620808,0.9285406431990291,1.387350757052197
585,3553,208,209,31.66581914774648,7.527755992518761,9.844065505693385,8.70835180486901,0.9530625870507615,1.3077025232322381
586,2070,2041,2075,0.0035683666934920467,0.08038130598829615,0.12789634131587374,0.09927602092341109,0.8016877068788584,1.5911204694098398
587,212,213,4010,28.570681343248655,7.90370817932364,8.504469637253829,8.136059272192508,0.9957185960165847,1.0760100758150206
588,2953,3039,198,27.24575417576524,6.963843403040523,8.9422947820612,8.054313208416763,0.9599744805530541,1.2841033700092759
589,3977,198,3039,35.065855429852924,8.256801440148568,9.926505081570959,9.07729600408341,0.977296781359757,1.2022216052457655
590,1836,1821,1827,0.00011281159649832597,0.014626004867580464,0.019143258731289317,0.016514143979927176,0.9425990671882996,1.3088508382573874
591,1840,1824,1832,0.00012578554297307395,0.016100877577233493,0.018867937197714776,0.01718042337034002,0.9793054015092681,1.1718576895705288
592,3422,199,200,37.783523745744,8.000000000000105,10.47946235794968,9.51324908227861,0.9517994176713229,1.309932794743693
593,1889,1939,1906,0.00039505545237652627,0.027907488238915958,0.031890701438907626,0.030349396559291985,0.9872375254633846,1.1427291903123415
594,1875,1936,1861,0.0013912722362223985,0.049110154531547615,0.06250000000003905,0.05755273838922068,0.9595909112554836,1.2726492228789466
595,1851,1814,1803,9.643328543590804e-05,0.013782506526376305,0.01562500000002618,0.014993153382795332,0.9874746476980993,1.1336834827630082
596,1811,1810,1821,9.09713842359637e-05,0.01176602199430816,0.018161387543935033,0.015184136512714608,0.8846914303663981,1.5435452655723954
597,222,2952,221,23.864323596656106,6.0758647728860256,9.08402618388682,7.71996365225759,0.901334450573098,1.4951001254051812
598,2953,3422,221,46.95809648208536,9.234059000155483,11.777842394008452,10.56762346937215,0.9617272252604482,1.2754783561389567
599,1906,1937,1890,0.0004159348116436761,0.02782698843113194,0.03527330828314528,0.031450098904786616,0.9621285514011857,1.267593450525269
600,262,263,264,27.98548261619796,7.0679894024324685,11.402392017822592,8.823460473418356,0.7947219006363417,1.6132440738943987
601,264,265,3131,31.413174628889962,7.999999999999964,9.717782518056625,8.631437245956471,0.966025843515237,1.2147228147570837
602,2290,2304,1751,0.010417615712530854,0.12499999999994663,0.1899819085783686,0.16168801493967075,0.8949644909474187,1.519855268627598
603,1797,1789,2090,0.008327779391227664,0.11534614286686985,0.17131780973205885,0.14430159340513327,0.9009327513276745,1.4852495755301531
604,1835,1806,1826,0.00011646809534542865,0.015166191823283565,0.018512286276389157,0.016593118558968736,0.9699001742493899,1.2206285198086821
605,2129,1795,1792,0.011896827701749579,0.1430466314593519,0.1951337136644333,0.16983271828528135,0.9378120318344644,1.364126590564857
606,912,3132,919,64.3020983291737,10.382666163878518,14.1213816487303,12.467778273067927,0.9406535209284673,1.3600920443593612
607,261,264,3131,50.155941190598526,9.717782518056625,13.192051880663191,11.113749063284613,0.9210417816553469,1.357516682036362
608,912,920,911,31.08427722975324,7.999999999999944,12.686381532734941,9.57254606625335,0.7440374580261527,1.5857976915918788
609,2090,2137,1793,0.006290838070655985,0.11350990143117941,0.1250000000000781,0.12085720867270144,0.9927881833230527,1.101225517985892
610,2104,2167,1790,0.013130483177489985,0.1638480132360822,0.19070285912203144,0.17528956069672555,0.9827914120559713,1.1639009552545208
611,1812,1842,1834,0.00010765698551336628,0.014075082878307988,0.018956116046930146,0.016199183514805093,0.9326240959735297,1.3467853945034052
612,3420,1055,3551,80.8250217001996,11.348150841682642,15.841475754534176,14.034430515548408,0.9299541849256042,1.3959521666161858
613,1807,1843,1857,0.00014754475236297682,0.015133370286996545,0.023777500907230836,0.01948992847965358,0.868540793588825,1.5711966638166397
614,216,3555,215,21.4498372643714,6.57759678483795,7.3960141988379045,7.063551373585892,0.9903854000315472,1.1244249899730085
615,2078,2052,2074,0.004962565780388247,0.0972250213962941,0.12923096507232906,0.11003725079038802,0.9318063346232025,1.329194514090947
616,3133,3555,217,47.949025498015416,8.46748210450375,12.890080027453353,10.972206243809895,0.8943004148991329,1.5223037814980769
617,1901,1902,1954,0.000510761606949707,0.03125000000005236,0.040696489914379165,0.035126035380612534,0.9435320779428904,1.3022876772579512
618,2068,2037,2061,0.002710891500620417,0.07305739370711514,0.09714146394867042,0.08171112310952358,0.9211624705872868,1.329659587065309
619,215,3555,214,27.733584148523505,7.217043137081825,12.171301850134629,9.129448329072153,0.7271944807014065,1.6864665513217416
620,1854,1868,1905,0.0009434167068204975,0.03797219817568793,0.056685863024330346,0.04849508452986471,0.9029649643837291,1.4928254288060685
621,1854,1888,1830,0.0005046977957001439,0.028935529577186436,0.04147593320857222,0.03529874106041141,0.9161478784047208,1.4333911911974468
622,918,3132,4012,37.181502034931235,7.805889451570775,11.012270906069935,9.538049012651834,0.9260780714766252,1.4107643945500588
623,913,4012,3132,37.7400247574305,7.805889451570775,11.707902270775723,9.752732747553095,0.8925117909659179,1.4998806149400115
624,1803,1886,1879,0.00012658885571780696,0.008103076721731118,0.032428418574828095,0.023927165098870523,0.41886664435642645,4.001988342015868
625,1944,1800,1945,0.00037491948066534025,0.026918739628759826,0.03124999999992681,0.029601853404180988,0.9839845713271692,1.1609013063352895
626,912,913,3132,46.02190889496934,8.000000000000025,12.899287006594957,10.869063092456903,0.8676956068300974,1.6124108758243645
627,1916,1909,1926,0.0006062823037156829,0.033942580345621844,0.040823476675260775,0.037734448020800476,0.9777394677341307,1.2027216628663435
628,915,916,914,25.953914028685382,6.662210636215897,11.513878340792258,8.725362992336025,0.7462572064439663,1.728236912565119
629,1808,1869,1840,0.00012613189943679254,0.016100877577233493,0.018266066319784818,0.017137126480469004,0.9892089822463488,1.134476442800415
630,1903,1904,1886,0.00042089565300004863,0.02732356640302917,0.037614106656141774,0.03209227920833823,0.9276322864319011,1.3766177555786336
631,871,872,3134,34.99003337444534,7.659233099321539,10.59228678258182,9.224450190511092,0.9337012784139727,1.3829435199615603
632,1864,1824,1840,0.0001101588312040459,0.015451824896991167,0.016335990107574177,0.01596289752726628,0.997831040624252,1.0572207630151942
633,1856,1848,1835,0.0001080515349444438,0.014193590311450358,0.017611817201620496,0.01598017552680384,0.9697229194296108,1.240828910456332
634,1856,1870,1848,0.00011767410495759478,0.014193590311450358,0.02108108040504791,0.017299194497455622,0.8840575862695843,1.4852535505439541
635,1919,1944,1911,0.00045650924021364223,0.030060505228591737,0.03792288638025712,0.03307779720296707,0.9531232756166582,1.2615518632131026
636,1832,1841,1833,0.00023674010083175317,0.019670101213966455,0.026592249500442675,0.02391551154028119,0.94073962616502,1.3519121844457647
637,2032,1998,2020,0.0026220146026143362,0.062499999999916775,0.09272064037196417,0.08074359015969147,0.9049383528537285,1.4835302459534023
638,1839,1806,1848,0.00022883961459001744,0.02199594821151252,0.024626583592318025,0.0230744682771454,0.9902301160359348,1.1195963618167026
639,1054,3128,1055,38.26259327897769,7.260575862191787,11.544550073910838,9.883018190667746,0.8732066184277448,1.590032291243883
640,792,155,1758,4.258422759787298,2.2416615998478027,3.999999999999985,3.389346768441363,0.8096050157246895,1.7843906503423907
641,1140,3561,1139,37.79819174961505,7.999999999999964,10.623349829313666,9.527607312466053,0.948656894473945,1.3279187286642142
642,3949,3969,224,29.85450891030576,7.5824253541116615,9.777554914475182,8.47826420355875,0.9475106033017573,1.2895022974638564
643,1141,3136,1140,37.67007425288867,8.000000000000044,11.044316551444425,9.57412355217288,0.9332870171451395,1.3805395689305453
644,1142,3558,1141,22.10409452689099,6.089773517748432,10.446614464166485,7.977946755000697,0.762128594501067,1.7154356288817956
645,2251,2186,1775,0.050937638477813074,0.2524499949112596,0.4302302685409859,0.3664120026554305,0.8355822729145921,1.7042197552518037
646,1144,3533,3853,37.11407232590834,7.919183685660918,10.680303672263648,9.460602819084935,0.9436929567313225,1.3486621975447073
647,2180,2179,2195,0.03400830823612533,0.25153557802784704,0.36573834017711904,0.29591029067913627,0.8720669071762148,1.4540223019132061
648,3110,3533,1145,47.20849670596657,9.260024724634023,12.076398372379773,10.635706317443082,0.9526486297457761,1.304143210358119
649,2050,2032,2020,0.0026762751339435326,0.07345105593846626,0.09272064037196417,0.0802686310649659,0.9478255174529874,1.262345914395581
650,1125,3560,3559,68.87908453453828,11.138200129672185,14.282555438665304,12.806038311854792,0.9602119656476642,1.2823037180501498
651,1772,2018,2017,0.0016725516147287928,0.053929822533507046,0.07737475884018316,0.06460152712455647,0.9051869852399427,1.4347304553451772
652,4282,1245,2955,51.34106356325972,10.307720558002641,12.126808607284529,10.985974727934765,0.9770660610783827,1.1764782076741105
653,1145,3533,1144,29.97549350571837,7.919183685660918,9.260024724634023,8.393069470098295,0.9774772531556157,1.1693155623351603
654,1787,1774,2154,0.020562331239252135,0.1962662652564259,0.2524499949112596,0.2218223351859202,0.9546189313586123,1.286262794991429
655,4192,3560,4251,82.69307264056073,12.745280650835035,14.667139401796005,13.890178864535919,0.9863192212952427,1.1507898337911495
656,2080,2089,2075,0.0019248114633100472,0.062259350370965444,0.07228302716233821,0.06705676901191132,0.9848704936377095,1.16099873724425
657,2133,2101,2174,0.02460036756530202,0.21964935428731336,0.280215626674871,0.2432192889418369,0.9491285344210133,1.2757407258677103
658,2087,2124,2117,0.013928230710493521,0.1601181798090734,0.20270212369205023,0.18187139534692556,0.9636310364817607,1.2659532098963053
659,2016,1991,2082,0.003923976464393705,0.07393607908084919,0.11579055177422194,0.09980622050314987,0.8796288666695561,1.5660899687093879
660,1997,2004,2005,0.001383205658804265,0.04478097663597239,0.0711500067726333,0.05947699446952829,0.8732649070947884,1.5888444629293494
661,1122,3425,3804,59.654953794675066,11.167949375280859,12.767581863541489,11.802053583623099,0.9856718329856149,1.1432342173578667
662,1799,1798,2105,0.005026096218200718,0.0920681301234935,0.1250000000000781,0.11020737792422852,0.9412305871113361,1.3576902217131182
663,88,2072,2054,0.0017467846778166582,0.06139160079648492,0.06709654553227244,0.06366271544291913,0.9938371476979738,1.092927121328854
664,4146,3424,3804,46.972734392521865,9.343543650809355,12.322853462940296,10.654316975644692,0.942820369823964,1.3188629414572133
665,88,2042,2072,0.002435593051221032,0.0625,0.09230271197044103,0.07794222283370661,0.9037780832640212,1.4768433915270565
666,1126,3855,3560,46.28020985318216,9.885447334468513,11.487587332887834,10.425946245423441,0.9781776898344969,1.1620705613222975
667,2111,2119,2124,0.011345100314181955,0.15449972272887832,0.17130291954470625,0.16231469146504912,0.9926718275458833,1.1087587506245224
668,1146,3110,1145,44.90638343929609,8.000000000000064,12.076398372379773,10.616962598299521,0.8927982594799865,1.5095497965474596
669,3136,3561,1140,42.073257877695994,8.915540027450755,11.044316551444425,9.973109562326568,0.9695239072490524,1.2387714616769385
670,1099,1100,3137,32.91409903661519,7.71869070037317,9.870800632674616,8.849992319354088,0.9609541508199217,1.2788180037059134
671,1101,1102,4142,32.71074321285274,8.000000000000025,9.845242289693502,8.800586449761047,0.9678994878939112,1.230655286211684
672,1101,3797,1100,38.39367484206309,7.999999999999944,11.070094044949583,9.661642351535297,0.9338190120157935,1.3837617556187076
673,791,154,1759,0.21150735068968585,1.1390702051002768,3.074715598258175,2.0542108034999393,0.10071686357322254,2.69932053747951
674,2954,1246,1245,30.98504605674182,6.122010380010726,10.6082885955478,9.091169810175249,0.8219448587828572,1.7328112722881748
675,1102,1103,3796,29.738384883497304,7.440221941803205,11.134870695930406,8.858364212577838,0.8466823001004865,1.4965777611241216
676,3796,3936,3401,49.01863342376316,9.50272461742664,11.937574194053976,10.7778589912074,0.9662563660557051,1.2562264692130687
677,1828,1809,1833,0.00032443311873251335,0.020781095293995702,0.03822980847572608,0.0300869679232162,0.7832020006145191,1.8396435767643031
678,791,1759,1769,0.10852950145723654,0.24715446754432074,1.1390702051002768,0.7954082242148454,0.31880149155870807,4.608738075495293
679,3936,3796,1105,68.65692178809078,11.937574194053976,13.21277574136987,12.624319336550078,0.9931542251515555,1.106822502343153
680,2249,2159,2162,0.0658662198186555,0.3352001079247821,0.47081561361556395,0.4020933338067049,0.9233094274633689,1.404580733969255
681,4142,3797,1101,48.86086179183705,9.845242289693502,11.088758905764953,10.668031746802678,0.9885573729129321,1.1263063497556811
682,2888,3401,3936,60.645609986565205,10.893278162141579,15.316194193493168,12.450109187563468,0.8801703063326018,1.4060224998864859
683,1243,1244,1246,17.589488749092155,4.873526898450644,8.297514742482921,6.810539167708439,0.8386108336696448,1.7025687793209485
684,1107,3563,1106,30.968501431305206,7.999999999999984,9.531547419545126,8.549722029182623,0.9719584781684785,1.1914434274431431
685,4090,1106,3563,28.001218727348444,7.286866538465661,8.99474813541864,8.133077780629018,0.9704776034084609,1.2343780537131388
686,1244,1245,1246,20.03319726277021,6.122010380010726,8.297514742482921,7.01446449829989,0.924040782959631,1.3553578363041558
687,1107,3138,3563,49.638729186753245,9.531547419545126,12.59538088502133,10.942240004937524,0.9448530717572401,1.3214413495119997
688,4333,4334,4332,43.12798373212418,9.46040285480017,10.738545049254057,10.023922029561229,0.9884591073110336,1.1351044151154053
689,1108,1109,3138,45.08030330205468,7.4421318872007065,13.057911007448556,10.961503247460604,0.8234925213629039,1.754592797516274
690,2150,2138,2146,0.014727928780317728,0.16265827947343262,0.2002268831477909,0.18658612070396727,0.968952912724988,1.2309664395564597
691,1109,3562,3138,63.29837231152804,10.909112076153948,13.057911007448556,12.190843408506653,0.9779834433615325,1.196972853179466
692,1107,1108,3138,47.31188249747793,7.999999999999984,12.59538088502133,10.99328257758462,0.8717289606883484,1.5744226106276693
693,2264,2165,2224,0.05622254844380249,0.30668558651873734,0.40355846764094067,0.36734226717665047,0.9491045404801525,1.3158703420719275
694,1112,4013,1111,27.43361504581805,7.400637056091174,10.140720978501776,8.323618376565335,0.8931611731798981,1.3702497368324995
695,1781,1748,1767,0.020549873413171688,0.08248053154490953,0.49999999999995476,0.36082684384827096,0.2809251102779256,6.062036587721449
696,3137,1100,3797,48.66550372869773,9.870800632674616,13.23906619479111,11.008233279040695,0.9087759396940348,1.3412352946291675
697,1098,1099,3137,33.153878058012914,7.410362916636542,11.322064385333125,9.230970975661382,0.872069007478062,1.5278690818117242
698,1790,2107,1786,0.0070089008351546,0.11507859376404517,0.1497020826882174,0.12992689215073946,0.9469623490970303,1.3008681961752466
699,1033,3139,1032,28.57559462392473,7.517169157493127,8.767425491557287,8.17145069413281,0.9844510565904183,1.1663201010739397
700,1975,1976,1991,0.001089659575689671,0.04232348152103477,0.05815518532024577,0.05139795589054045,0.9368077747539407,1.3740643073359324
701,1850,1825,1834,0.0003053230607255336,0.02259990651972824,0.030742564236137714,0.027167877365596702,0.94060602607162,1.3602960795126062
702,1957,1918,1943,0.000649516733252531,0.03607071249766286,0.041557964358272914,0.03892334901942207,0.9867936639422388,1.1521248536736166
703,1031,3139,3564,34.73652428407621,8.303833475648311,10.731777999890232,9.183455394377921,0.9377924586219119,1.2923883928262858
704,2018,2041,2012,0.0027999044704281966,0.06249999999991286,0.09989647473527347,0.08461586757566464,0.8718785274568084,1.598343595766604
705,1025,2956,3857,52.43308126880219,9.26263200380569,13.04712319129498,11.322326112624479,0.9269035099931289,1.4085762217406863
706,1957,1902,1918,0.0004947615163189535,0.03125000000005236,0.03607071249766286,0.03397734660913721,0.9862485884983626,1.1542627999232775
707,1030,3857,3140,67.00090485512203,11.700599974211276,14.022463654476104,12.576971550457989,0.9716861960150199,1.1984397112440675
708,1985,1974,1938,0.0008922386000550799,0.03710298620323592,0.05442116508076363,0.047002409678799824,0.9108190599593597,1.4667597045333596
709,1034,1023,3856,23.641092474906717,6.416704079528259,10.543514836635937,8.138044314949866,0.787829708352139,1.643135588919206
710,2039,2005,2029,0.002479373801585388,0.06433685907381083,0.09962580500262584,0.08034898089424278,0.8586004411643111,1.548502777985005
711,1866,1841,1849,0.00010889558940063407,0.014786683844330194,0.01986642253680081,0.016484555356588455,0.9063807320251428,1.3435346793066378
712,1823,1835,1826,0.00011426500330574606,0.015166191823283565,0.018675658947689657,0.016488950256999802,0.9619859398818575,1.2314006815486969
713,874,3141,873,43.72626631274079,8.0,11.740641186103357,10.42896159757057,0.9038844389170861,1.4675801482629196
714,1811,1853,1846,6.86845413894176e-05,0.012102200211322476,0.013166220673839404,0.012617133670967597,0.9952241497728722,1.0879195884994086
715,1879,1875,1872,0.00010850473347234879,0.006945494332909051,0.03213786510410186,0.023444453145687758,0.36534141253977875,4.627153023770626
716,1858,1866,1871,0.00027070102752101475,0.023024085984984698,0.026883418368914537,0.025152596540695488,0.9841669976927028,1.1676215241050927
717,1905,2010,1888,0.0022846314688017583,0.059117523330217546,0.08914235562825461,0.07564584975701359,0.8977378947069493,1.507883798350701
718,866,874,875,42.418073750433905,8.0,13.048900806659,10.553605802299325,0.8471963093342995,1.631112600832375
719,1924,1882,1887,0.0003954392577547746,0.02844853608000074,0.031249999999930937,0.03030152981647517,0.992747062048148,1.0984748006734737
720,1944,1945,1959,0.0002871097854084265,0.024904449339932806,0.026918739628759826,0.02579161504802833,0.9957039742735546,1.0808807398763571
721,866,3141,874,64.27002074618815,11.740641186103357,13.048900806659,12.226929104485869,0.9905623002213547,1.1114299977163211
722,2010,1936,1904,0.0015310236421899551,0.044032944524877014,0.07294535014010793,0.06330560150242526,0.8431863797339199,1.6566084990954093
723,1804,1895,1948,0.0004110731605870071,0.03006407328258865,0.03125000000005236,0.030825183361368278,0.9987900046008553,1.039446641388761
724,2956,1025,1026,30.217931618591752,8.000000000000025,9.26263200380569,8.421742120383628,0.9790406784631741,1.1578290004757077
725,1888,1854,1905,0.0010344779427742454,0.04147593320857222,0.059117523330217546,0.05047354964278855,0.9190278158993149,1.4253452244927227
726,2079,2042,2034,0.0019187203828050052,0.06250000000010472,0.07636851988773195,0.06753364761743454,0.9632659683436553,1.221896318201664
727,1120,2957,3040,46.97196050211229,8.837820759854996,11.949046798390462,10.647022191904224,0.9424515129102766,1.3520354308007614
728,1119,1120,3040,43.1130536653345,7.392692372884205,12.611597207257253,10.651112126177308,0.8378945318608989,1.705954552297559
729,2025,2037,2052,0.005617895474616275,0.10215729799277912,0.12233303557914403,0.11491125657264505,0.9764664270733594,1.1974967817550441
730,2090,1793,1797,0.00581921806498504,0.09390710643166814,0.14624082761647111,0.12171597801607244,0.8797030763415223,1.5572924475410581
731,1930,1868,1885,0.00092673686752124,0.03780526530657334,0.05402590929626766,0.0477110279258848,0.9198699615453872,1.4290578007628472
732,1118,3473,4071,45.49007409174473,9.44506525278649,12.553765104398694,10.577271103582731,0.9227821968548626,1.3291348199733266
733,4218,3562,4013,50.45204440839365,9.578993583302069,12.109113902207353,10.940785545547358,0.9646283508255948,1.2641321655456317
734,1943,1918,1911,0.0005539606850208323,0.03125000000005236,0.041557964358272914,0.036509935082085256,0.9471466131353774,1.329854859462505
735,3473,1119,3040,70.86167208007055,12.611597207257253,13.146728399142146,12.799704371746273,0.9985065538498957,1.042431674837899
736,3142,1112,1113,38.52385400745543,8.000000000000057,10.891120125381056,9.651150230996747,0.9402329097197659,1.3613900156726222
737,2009,1861,1936,0.0019695559906042705,0.06104806063607538,0.08161081520079075,0.06937597428307281,0.9299478159455433,1.3368289565707208
738,1954,1967,1901,0.0005244395451138932,0.03124999999996034,0.040696489914379165,0.03550209425162732,0.9493820412609586,1.302287677261786
739,2956,1027,1028,29.113269580083436,8.000000000000025,8.399450677425373,8.204510661070954,0.9984197009005915,1.0499313346781682
740,1026,1027,2956,21.95721520171258,5.728357024916382,8.399450677425373,7.376800686562309,0.9087112769547854,1.4662931519265738
741,1910,1911,1918,0.0004745933624591004,0.03118173039272908,0.03883492814569847,0.03375555284615997,0.9511326348954975,1.2454385198184497
742,1958,2028,1989,0.0017768673725147585,0.057030323878398834,0.07738228281937881,0.0659050674790786,0.9292559231982915,1.3568620613899163
743,2014,1907,1999,0.0028295063878638104,0.07911992898689428,0.08198828369864757,0.08086469580833522,0.9990523737559657,1.0362532518479435
744,1772,88,2018,0.0017360757355531849,0.05622275491953441,0.07737475884018316,0.06536583791992018,0.9213874689788006,1.3762178489994192
745,1871,1862,1891,0.0006612529357146946,0.030859318471008163,0.04857810230966539,0.041010357921746,0.8788993689992629,1.5741793635301355
746,2957,1120,1121,31.619892249629554,7.999999999999984,8.881144422770134,8.572988394208371,0.9913442536946132,1.110143052846269
747,1903,1888,1904,0.0004909390774093878,0.031339164565843756,0.04274283465035048,0.035164811312993406,0.896068036278896,1.3638791985200356
748,1947,1977,1956,0.0005692745835055268,0.03277328683390401,0.04440549794308482,0.037431169763036225,0.9217265771144006,1.354929646456677
749,2010,1904,1888,0.0015403371972695027,0.04274283465035048,0.07867767031256861,0.06478633826840331,0.8001535257021982,1.840721864990381
750,1115,1113,1114,45.16185426226558,7.978006258446377,13.22817554131456,10.861556827497395,0.8500075260890201,1.6580803665464399
751,1869,1873,1876,0.00016795607968926677,0.01802407668895444,0.022257684949935966,0.019938956315662837,0.9681681598298704,1.2348862765090196
752,1984,1943,1972,0.0006163790178501935,0.03500056586750318,0.04049019518839698,0.03792788287124742,0.9860438986715201,1.1568440162274842
753,1829,1808,1828,0.00027952342882957206,0.01871284453662154,0.032201755154466986,0.027176852393691605,0.8331374844265345,1.7208369946881823
754,2065,2077,2073,0.006672690140861981,0.10269805836698266,0.14344128769373443,0.12756462696746432,0.9288784011490566,1.396728331329881
755,2088,2085,2089,0.003681248272045712,0.07658265093843315,0.10755423056868163,0.09479019440477554,0.928122206481172,1.4044203125737624
756,1955,1971,1983,0.0006894095915266793,0.03363877697436269,0.04867619877710846,0.04132129066486059,0.9122921811235801,1.4470264128272654
757,2159,2217,1781,0.03547120076534489,0.2466766071869812,0.34835541241037854,0.2956520569761811,0.9189708340234897,1.4121947613229684
758,1869,1874,1864,0.00010989152593882332,0.01496346956819028,0.016686029891692978,0.01598001713595511,0.9917152782300392,1.115117708206161
759,2375,2363,2370,0.17001002423800063,0.5827740498387669,0.6743174636500302,0.6299271771873208,0.9859685870814071,1.1570821724759195
760,1880,1851,1803,0.0001382353968858135,0.015571953621983513,0.022824399783825854,0.01873107083183861,0.8866432529970991,1.4657377191005623
761,801,803,800,45.20804730649512,7.98905740642928,13.238498233674784,10.866805212147264,0.8501342034838856,1.65707887178542
762,2524,2490,2487,0.37285892205214033,0.8487490954557863,1.0569753753155549,0.9407763543944068,0.9647113966945906,1.2453331390567777
763,2464,2463,2546,0.5856134765828795,0.9486060745804934,1.6017587109191422,1.2623772497495527,0.8122495809714978,1.6885393777680537
764,801,802,803,28.72348417211268,7.227439462544865,11.372859996337729,8.866766486294182,0.8103424455123974,1.5735669672884693
765,2515,2597,2513,1.6062463822821484,1.3689186083441696,2.4516986910670364,2.0860639513246726,0.8048583327553743,1.79097477097823
766,2766,158,159,18.147617834852657,5.79504423103315,7.999999999999958,6.703786989953482,0.9145464980299152,1.3804898946515385
767,2446,2476,2430,0.13198916901882624,0.4636555803971575,0.6522411214399303,0.5678393874508113,0.9277197848171667,1.4067362693688157
768,2761,804,805,24.48877664013276,6.217735870071142,9.407666628467675,7.85846071396562,0.8912446569967499,1.5130373539588833
769,2574,2619,2580,2.41548535855902,1.980199850333217,2.760351435324856,2.42518754060649,0.9314276425368475,1.3939761862219915
770,2630,2631,1749,1.076612971608992,1.1216090280460118,1.9999999999999887,1.707203009348661,0.8056802743065147,1.783152551370104
771,2618,2591,2602,0.9983918220088909,1.2922022511516733,1.8252675404437502,1.5652191226495076,0.9232517487093471,1.4125246561186402
772,2453,2467,2456,0.46656311372829323,0.9509783475731451,1.2703118960124744,1.0710191991237947,0.9231190472223991,1.3357947625771442
773,2469,2479,2478,0.09795714313503381,0.402359832047729,0.5581877324922919,0.4881234031063011,0.9331266908647831,1.387284932622395
774,797,798,2838,24.490064172227505,7.355561303335407,7.840226428309158,7.530357202194698,0.9965258914849853,1.065890977586439
775,2325,2345,2360,0.09107149348892822,0.42132217843836384,0.48294091366252806,0.46105790074185166,0.9857243151638173,1.146250870183371
776,855,2708,2592,4.929098819816158,2.4367634492254324,4.590072218320541,3.6937801869274085,0.7860360314359838,1.8836757502167785
777,2767,2670,2766,13.090237185534383,4.20977364319599,6.6014963938098665,5.780825732148849,0.8723839089460685,1.5681357130636888
778,2347,2348,2362,0.1343591217016966,0.493292659106624,0.7390814384228315,0.5923844869945839,0.8568653463870878,1.4982615791634573
779,2437,2450,2418,0.19745345134029482,0.5000000000000845,0.8443587916666061,0.7198190579231554,0.8406408302659708,1.6887175833329269
780,2295,2287,2289,0.012022940188032242,0.125000000000028,0.2029125854911014,0.17651667475173993,0.8547162234699851,1.6233006839284474
781,2838,798,2814,23.07918512981516,6.4253104613698655,8.665062192065896,7.481977985590389,0.9379669267310801,1.3485826473540579
782,2397,2432,157,0.4241702364815785,0.9131060116046625,1.4185170392107336,1.0913901937041408,0.7869477604403056,1.5535075020674525
783,2296,2289,2288,0.008099848162828691,0.125000000000028,0.1438861000180507,0.13758742195250864,0.9840226255995347,1.1510888001441477
784,793,794,2709,11.531485480935984,4.179379358361175,8.000000000000014,5.9761641047922,0.697631991624883,1.9141598103544701
785,853,2529,2396,2.2288307146138253,1.9301361833536672,2.7110388918601105,2.3354626991917953,0.9263561516576776,1.4045842543346359
786,793,156,155,16.165455027491856,5.366489957147529,8.000000000000059,6.463987322364524,0.867488480109071,1.4907323155137944
787,2651,2518,2709,3.671149994764595,2.486971100759673,3.2559510630547477,2.9661344614469414,0.9510594859113538,1.309203416983889
788,2368,2387,1761,0.12536473280691807,0.49999999999998,0.5713495080084112,0.5404852745561959,0.9880498427063406,1.1426990160168682
789,2447,2431,2394,0.38530918854345786,0.7137591144751979,1.2625664362251547,1.0192036187409956,0.8156864695992994,1.7688971119527848
790,783,784,782,13.264501987816953,3.3161306307980762,8.654672724723056,6.6569344518403595,0.6130694799492752,2.609870867071416
791,2531,2517,2421,1.135804788396547,1.5454202514473927,1.7575289578026585,1.6279496830060174,0.9865367000071469,1.137249855601809
792,779,781,778,17.589488749092077,4.873526898450602,8.297514742482946,6.810539167708441,0.838610833669639,1.7025687793209683
793,779,780,781,20.033197262770134,6.122010380010662,8.297514742482946,7.01446449829989,0.9240407829596268,1.3553578363041743
794,2513,2499,2508,0.27372845809194635,0.5903086152167027,1.0185982402827038,0.8505322523902595,0.8337234183605644,1.725535108290391
795,2453,2456,2455,0.29421719496549575,0.6995358060337219,0.9917673537857652,0.8501071060178038,0.9219904871220824,1.4177506644141042
796,29,3792,30,28.74360718073649,7.397611974668244,12.117698528846326,9.17177016783819,0.7498836122847817,1.638055438747145
797,1,2867,2,22.131651750093386,6.2063216306547,7.99999999999998,7.263774123292348,0.9580252710845572,1.2890082847923667
798,2507,2498,2270,0.18213186157076938,0.6339063572616548,0.6750435372634549,0.6493427682346079,0.996764694734626,1.0648947270059008
799,2469,2477,2479,0.09557349633472764,0.3941219925243293,0.5491961265799757,0.48238025462772915,0.9315782861289114,1.393467345129373
800,2272,2472,2478,0.10176817641687975,0.465825183471526,0.5000000000000643,0.4854217213064426,0.9965317561857397,1.07336403814378
801,48,47,38,37.3762420714456,7.705401628116391,12.070158412043552,9.830335834381508,0.8647473520518404,1.5664541570423163
802,2464,2546,1757,0.5415996512881273,0.8847364962956814,1.4151447625047862,1.1788827408498301,0.869600167833131,1.5995098748948193
803,2285,2524,2487,0.29913168247502986,0.74194595504381,0.9368774526868829,0.8425241677288264,0.9645568444584496,1.262730049699594
804,3017,38,40,73.82967308796981,11.417811156385063,17.301141452828187,13.883846220324463,0.8568706921341487,1.5152765460788908
805,3144,39,45,44.90646418776998,9.648629867318636,11.676865033632094,10.329920602114496,0.9636908052278893,1.2102096561070703
806,33,34,3145,36.604897478794484,7.662091992297597,10.94342969755923,9.479860409267074,0.9216176520417464,1.4282561092401702
807,3145,32,33,35.90782655728526,8.0,9.834059537944391,9.218543307277843,0.9673554944718239,1.229257442243049
808,34,33,3146,33.571866401716164,7.662091992297597,9.761602539305937,8.936447067368087,0.9607819012212557,1.2740127042482516
809,3145,2927,31,63.85021852145783,10.638085391145223,13.836296993783852,12.350916078152439,0.9557935018800687,1.300637895358568
810,3462,37,38,39.52472822088324,8.000000000000014,14.5377803625486,10.92387796250582,0.7204699086696813,1.8172225453185717
811,34,36,35,30.136946150793662,7.74310475249002,10.633405431277525,8.725565569567632,0.8927898814998829,1.3732741285539298
812,3146,36,34,46.921841144237945,9.38564667050073,11.542440994058987,10.520497698612415,0.9721772975806846,1.22979709329322
813,3462,38,3017,98.48976555866476,14.066743629090384,17.301141452828187,15.301888481489057,0.9630333439173616,1.229932236558928
814,3432,116,2964,73.64532666720876,11.396934919307665,14.769959435723251,13.256789669506645,0.957106140703723,1.2959589170506984
815,3821,3462,3463,61.268960871526716,11.047073009834776,15.160446103934026,12.440911701936983,0.8928513124272276,1.3723495889306856
816,3145,31,32,36.5811898157855,7.774893790100929,10.638085391145223,9.411516521711762,0.9383919760233158,1.3682611850839348
817,2382,2399,2404,0.17260069179548865,0.5067316072237786,0.7683690357953658,0.6576454599019842,0.896315475869959,1.5163234833623571
818,3986,3018,4200,48.94475149822659,9.112033247327505,11.937598430924538,10.826923028530915,0.9519741150712353,1.3100916235600601
819,2738,2720,2708,10.366796460695431,3.9407777931354864,6.072155479007469,5.117408742022404,0.8877060027134878,1.5408520342315846
820,2186,1763,1770,0.024048161250564692,0.2260615944104689,0.2524499949112596,0.23653005136928776,0.9903609442817518,1.1167310200107508
821,248,2962,3938,60.73485976977308,10.251271987456825,13.154036528501576,12.031445211186929,0.9582236063803233,1.28316140129698
822,3150,3567,814,29.730246183184274,7.462626515960946,9.264671381080761,8.383820955317722,0.9693432512193186,1.2414759550495567
823,852,2592,2720,3.9570106406236327,2.436763449225302,3.6615242484868626,3.143537867521443,0.9003579504540712,1.5026178473133853
824,3805,3938,3428,38.224846376503315,8.62053188929714,11.519787987694295,9.699617149360078,0.9218695741986238,1.3363198623505748
825,2377,2497,2424,0.5663223660846755,0.8709469011343532,1.4244846977805694,1.2092565868108978,0.8599041230151137,1.6355586040036059
826,792,154,791,3.7753982130858272,3.074715598258175,8.000000000000044,5.411831656468078,0.26133853817747665,2.601866658669843
827,154,792,1758,4.258422759787295,2.2416615998478027,5.1607793711460195,3.800813656997933,0.6190522241424409,2.3022116145882188
828,2648,2569,2679,7.606390653844756,3.70239738529834,4.619181464882179,4.242703647976832,0.9676198987806297,1.247619038200559
829,792,793,155,11.424007721002566,3.926378705476301,7.999999999999954,5.98395023847408,0.6839436370284907,2.0375008627777005
830,3150,813,2958,26.426660593452496,6.7130840936542775,8.611573065938858,7.944149536016266,0.9555448407995797,1.2828042887291071
831,815,814,3567,26.400619030555603,7.462626515960946,8.000000000000044,7.820221731211323,0.9959132879275905,1.0720086263046626
832,3041,812,3482,22.586188643188734,6.2671034202362055,8.865062726808349,7.474798278906596,0.9148701946670704,1.4145390832682678
833,3150,788,787,25.943685548711695,6.562881667825027,10.605696746772653,8.36365297189276,0.8233150690837028,1.6160121854349137
834,813,811,812,21.513733717174926,5.884661842305592,10.122076278792095,7.801016853566684,0.777155514341304,1.7200778141614161
835,2258,2205,2226,0.04216678682985281,0.25000000000001993,0.3843202044438011,0.3260078291587352,0.8897649914423742,1.5372808177750819
836,3150,2958,788,39.04957934960811,8.611573065938858,10.605696746772653,9.601940553090673,0.9711505146575301,1.231563230732037
837,2720,2738,2748,11.491136715697083,4.426896618569211,6.087713631754889,5.284634401416119,0.9348001795028554,1.3751650775442008
838,3428,3938,2962,62.690010614168614,11.519787987694295,13.154036528501576,12.105297076999463,0.9842664455377396,1.1418644633523658
839,251,2962,250,31.907299455038014,8.0,12.052165543526126,9.365270541142033,0.806921962932529,1.5065206929407657
840,2249,2471,2470,0.10945041187413758,0.48196604142668,0.5429885730776243,0.5050461535082339,0.9881244909033344,1.1266116829939095
841,2962,248,249,31.002497426409278,6.624371047764261,10.251271987456825,8.849853054380468,0.8855358175333887,1.5475087240043188
842,1785,1787,2154,0.026981687946543542,0.21675074539007513,0.3426356194641218,0.269683122687152,0.8245478444370974,1.5807817354791476
843,2129,2165,1785,0.021309807343470624,0.17131780973206298,0.2632230579347372,0.2325123021688179,0.8798328985502667,1.5364605603259338
844,2400,2450,2437,0.2857427157781188,0.785660623196807,0.8443587916666061,0.8134176374643506,0.996476992562252,1.074711862522726
845,3151,258,2961,31.1607715528635,6.762809240158174,10.174566581016188,8.824285285186013,0.8988494680928604,1.5044881823072416
846,2168,2149,2138,0.020428961023493786,0.1793338234662304,0.27823530694578713,0.22874808786565462,0.8743923980651915,1.5514937537601794
847,3131,3554,260,47.29088266082168,9.106679975368937,11.596418445263875,10.604753845156344,0.9611999383956701,1.2733969434117587
848,2458,1757,1779,0.3036430098501598,0.7040841669521979,1.0000000000000182,0.8630170856833108,0.9231205029688916,1.420284742843693
849,3428,2962,252,50.01458322003517,10.175588454436902,11.64206671480252,10.802515371441928,0.9865758527590016,1.1441172927671013
850,254,3149,3566,35.3327399436275,8.201306703017814,11.865082863781028,9.560957110510403,0.8671805891678289,1.4467307824758053
851,3426,808,4063,50.291365333955284,9.456959441542686,11.94885464791835,10.924328324226844,0.9640503588661882,1.2634985612214034
852,809,3429,810,35.016906586778376,7.517169157493136,10.215477632518734,9.20844952891673,0.93767572938421,1.358952741183949
853,815,3567,3149,35.38413831545468,7.998038677672976,10.559049640952502,9.227803138893629,0.9474269058278431,1.3202048735309004
854,815,808,814,28.87352689845072,7.2362755301015,11.157996602581797,8.798090710894447,0.8305150935642368,1.5419529779050978
855,257,258,3151,35.340474869213324,7.999999999999984,9.875956763004632,9.13714559912943,0.9698411142595218,1.2344945953755815
856,1939,1956,1977,0.000411438836389873,0.026285404476936374,0.035428394932124525,0.03149569541432163,0.9438278516539365,1.3478352582784294
857,3433,2967,274,27.20144562539508,6.928193927027815,8.940596221323421,8.05245292702506,0.9584134099807655,1.2904656416219753
858,2960,254,255,24.660983006704317,5.852502271092858,9.601807517788876,7.991395078486676,0.8584244038774432,1.6406328563450343
859,255,256,3859,33.19218933463138,7.394130533648891,9.852624466454042,8.941474884083231,0.9444843680975135,1.3324926333957918
860,3457,2963,308,65.7238113776052,9.439807761740337,15.597525870572317,13.056534558403998,0.8557340322641473,1.6523139309880115
861,249,250,2962,49.52658548787041,9.673916127920318,12.052165543526126,10.829693126160066,0.967432136473147,1.2458414342400423
862,3148,4014,247,49.96305418123613,9.833074685998755,12.222685044961183,10.887817236072879,0.965275803353296,1.2430176150665242
863,2393,2401,2380,0.2058022523950736,0.6685647121284443,0.7358489292698307,0.6916282308150604,0.9915548276495862,1.100639797346139
864,153,2542,790,0.7484679946808315,1.5459378540586657,3.3032549514419016,2.2432791084008428,0.30796200145536756,2.1367320444153823
865,152,153,790,6.780373496259185,3.3032549514419016,8.000000000000059,5.5797143139957415,0.449699774907196,2.4218536315242587
866,2274,2363,2375,0.1485908773187105,0.5139454210569815,0.7274305519818245,0.6080500076258576,0.9086847817351423,1.4153848291629663
867,2400,2276,2406,0.1953620559966681,0.6186221618972343,0.7978394638517676,0.687179699505493,0.9429705733552829,1.2897039792510778
868,39,3144,40,27.140779368955705,6.997311583399064,9.66426690539276,8.172183479862271,0.9214736152762656,1.3811399978701786
869,150,151,2906,25.809816093172024,6.881014957367295,8.54993129090181,7.810315416089721,0.9694548652567738,1.2425392683891285
870,2638,790,2634,1.0212954127430864,1.4320892562291307,3.4013988665473534,2.3396369724473884,0.3846250642266519,2.375130496756648
871,2317,2314,2337,0.01621653808909831,0.18078201002801464,0.2072717363804892,0.19442491831717754,0.9876622647596346,1.146528553080971
872,152,2638,2707,7.271500942962437,3.759914008179148,4.638070435944186,4.149296592882181,0.967878284695386,1.2335575829273586
873,2688,2818,789,5.530933065096352,3.0134704134859973,4.488674534127654,3.7326905917507847,0.8934542313883921,1.4895366199846418
874,2582,2599,2606,0.6675304405522254,1.1633130694653793,1.2868921078349993,1.245518673112157,0.9915738003261282,1.1062302501478927
875,1760,2582,2542,0.8933369868366117,1.3263864525751115,1.5459378540587962,1.4447094933979283,0.9845888275824736,1.1655259679842453
876,2301,1752,2318,0.0073409449222345624,0.12499999999994663,0.14337864269958486,0.1311262142331823,0.9817038451039114,1.1470291415971687
877,41,2860,3017,25.593025923133183,6.294892515475327,9.01935250312562,7.930080121578636,0.9195962360196104,1.4328048463023788
878,41,42,2860,17.61616884961515,5.62681852932151,8.0,6.640570348265612,0.9021459250198288,1.4217625747679214
879,2820,42,2798,7.976094042848078,4.0,4.682494248855664,4.319927358928886,0.9829077389998496,1.170623562213916
880,3017,40,41,32.27500183065272,7.867921026474884,12.932586051760136,9.75883414145666,0.7428867631528132,1.6437107093783843
881,2286,2298,2294,0.013456438843347098,0.15334838512264878,0.2500000000000126,0.19352624837453303,0.7939356093991572,1.6302747485737223
882,2798,43,2815,9.686022593600228,4.0,5.34225026152915,4.830018412334881,0.9446392637494606,1.3355625653822876
883,44,2690,2641,6.396332691521113,3.4649223277183263,4.954074429141429,4.038194477488567,0.8826670147649593,1.4297793602789703
884,812,811,3482,22.67415954604617,7.034495208098703,7.396312439602367,7.241012112458768,0.9982526459999155,1.051434711489619
885,2807,2730,2787,9.879057778989347,4.473149857145189,5.088029516416012,4.796199272594057,0.9890614020407575,1.1374601072862884
886,3010,3057,3457,64.8175173411224,11.247345556157175,13.895513390967947,12.394764645327536,0.9666039073413621,1.2354482505750948
887,2093,2091,1796,0.0063063523596176225,0.08565890486609426,0.16734256837505007,0.1334576261663572,0.7657240777442735,1.953592199627666
888,1792,2172,2129,0.013333698554623505,0.17131780973205885,0.17803381347320835,0.17555523695738026,0.9988371988908908,1.039202017301373
889,277,3569,4091,45.737995745269615,9.153020889004022,12.877370551662759,10.692548876786006,0.9039523669738091,1.4068984117727714
890,4015,3153,307,63.966159542623544,11.513392942974063,12.77292062269178,12.186836473672152,0.9928509777694857,1.1093967422076332
891,2271,2215,2170,0.16410633653037565,0.4999999999999589,0.7390240516689757,0.6382618269874049,0.9075294721311316,1.4780481033380728
892,1847,1818,1855,0.00015984539362212544,0.017163854203649395,0.02311626849480837,0.019742317837074953,0.9322350965409038,1.346799397182794
893,44,2628,2665,2.142330175367592,1.8547435238030965,2.6381282579546146,2.2916187653127067,0.9234059437310818,1.422368227249669
894,2759,2758,147,11.070218296039744,3.9999999999999627,5.888006556613845,5.256908055125023,0.8994046701084588,1.472001639153475
895,2746,2753,2756,7.223708344488445,3.556775213167031,4.679254971279608,4.16041022593794,0.9520526911463466,1.3155891758234268
896,2690,2751,2843,10.580322315005166,4.553225963679425,5.320656537980834,4.972903081190998,0.9840397116991897,1.1685465602680642
897,2918,2843,2873,22.821347842980995,6.152485022001947,8.272925973658007,7.417018711170925,0.9437481327414321,1.3446478852159955
898,147,2855,2811,12.179256393896255,4.258168704103436,7.073701116725299,5.684371543215179,0.8362614732621021,1.6612073424682872
899,4201,4049,2851,42.69672266033204,9.722259197842671,10.330349073534283,9.941717904574466,0.9968676111330449,1.0625461493380617
900,1842,1812,1814,9.214425221017054e-05,0.012999552100597386,0.01562500000002618,0.014730301239933574,0.9739927844094192,1.2019644891694494
901,146,3025,145,32.52185029157095,7.999999999999955,9.719013619030717,8.759415335181304,0.9723731001321392,1.2148767023788465
902,2901,3025,146,22.671018533505656,6.200570326932285,8.55923238651324,7.426462233669343,0.9335385460543661,1.3803943726492491
903,143,3458,3011,38.37124341585241,8.327509113596427,12.358258132273575,9.967259955154118,0.8659156914587857,1.4840281726135962
904,3015,2855,146,36.301788588077116,7.9947863919455475,10.35346904778761,9.306470269246192,0.9573239016556052,1.2950276017653641
905,1831,1855,1818,0.00012537660027160902,0.016100877577233493,0.017930695905813084,0.017065142562231992,0.992332816391832,1.113647117668104
906,2902,2899,3391,38.596285860014305,8.911586014284405,10.636610205844674,9.544278666427104,0.9720754571955101,1.193570952330508
907,2732,754,2788,10.657356710157705,3.442950021904349,6.697357635207602,5.464828457069675,0.7705472164507016,1.9452381221331787
908,3164,3015,145,48.7884282809682,10.215775061820832,11.261725115237454,10.643943683376119,0.9927590781461556,1.1023857756349418
909,1927,1907,1845,0.0006362890830258162,0.02812601412172933,0.0506149407472797,0.04143742207729237,0.8118954554112848,1.7995774491265752
910,2754,2708,2662,12.756211972034988,4.7748901608700525,5.873663511065797,5.493209793852055,0.96798155710701,1.2301148954587748
911,2498,2508,2441,0.1587992292277755,0.5915134394723969,0.6224208271390714,0.6059850963392358,0.9982362470965959,1.052251370136649
912,2869,2830,2832,9.551619215147639,4.193198387003439,5.651726728655162,4.826345068685326,0.9320513876555124,1.3478319428368433
913,2669,0,1745,3.8580464501235054,2.7474386931914174,3.6050355363207593,3.0676277053738694,0.9323253140878756,1.3121441236358071
914,2713,27,2824,4.7572773481808746,2.989973142023955,3.9999999999999254,3.407378218871815,0.9314031603692342,1.3378046591054893
915,2830,0,2722,7.712265643971934,4.000000000000051,4.681870799603081,4.255255885860417,0.9786442496852605,1.1704676999007553
916,0,2830,2869,7.916840057058853,4.000000000000051,4.745063926324538,4.312754104442676,0.977734404080501,1.1862659815811194
917,2,2867,3018,26.933499518511784,7.585000739222365,8.10511893165169,7.896071257716312,0.9968271536671044,1.068571936946528
918,2964,116,115,34.66507215470313,6.722755070239287,11.396934919307665,9.533613697237326,0.8428672326154933,1.6952774272203266
919,2535,2539,2541,0.18375483236759066,0.5891707177165024,0.7218850939067759,0.6581493990036694,0.9730657664122685,1.2252562325307774
920,2502,2538,2539,0.39062512299520685,0.8129012372053162,1.1019553108074667,0.9713846002100092,0.9417551697779876,1.3555832619912025
921,2870,2880,6,12.545330517300366,4.464419061220907,7.003175201511882,5.698337016861714,0.8636102155154518,1.5686643895827936
922,2499,2441,2508,0.16429577301805687,0.5903086152167027,0.6606462523710426,0.6183252966646615,0.9900112798751989,1.1191540074822028
923,3020,4,5,32.34906333203042,7.999999999999888,9.271322585917654,8.69005785574934,0.9856787927948635,1.158915323239723
924,3822,2880,2881,27.843529347183058,7.2991692643889685,8.855840741098579,8.094221366489405,0.9754406568342898,1.2132669376916996
925,26,3,4,52.3086247487395,8.000000000000071,14.295469645206337,11.853530796701849,0.8156319193622011,1.7869337056507764
926,2485,2484,1782,0.1342174676079836,0.4999999999999437,0.6706061676471172,0.5721247171206346,0.9321460446586707,1.3412123352943854
927,2830,2831,1,7.293780025322916,3.9999999999999276,4.268574615594804,4.1091392407392595,0.996801529076611,1.0671436538987202
928,2833,2914,2926,20.158627601086785,5.574476171561089,7.851422777762776,7.028159954365563,0.9226389158782249,1.4084592948513845
929,6,2726,2870,8.24167602865463,4.0000000000000355,4.710754863113288,4.3917246414447435,0.9824122006861705,1.1776887157783116
930,3430,97,4062,36.35331585969943,7.878230861071551,11.046364793337936,9.442924297427716,0.9241760738082165,1.4021377372832502
931,2964,4062,3431,48.60025336212577,9.859475471408334,13.343133573217107,11.033110275882871,0.9022460659589616,1.3533309770799768
932,95,3156,94,33.725407810497174,7.496383590313244,10.047434572675751,9.012189304116658,0.944986728282609,1.3403042215794494
933,3430,115,114,40.618012559393605,8.000000000000004,12.000769181500123,10.093742541173876,0.8970487928645042,1.5000961476875148
934,2868,3031,2867,24.876951359420442,6.984774128294458,8.033130433330047,7.618758685658747,0.9862338623552482,1.1500916544729523
935,3018,3,2,30.16563712071478,7.998094102274882,9.238302440635143,8.412132180969998,0.9797385946061147,1.155062984068606
936,2107,2126,2122,0.01266838556360881,0.15542313971110414,0.20004144289874526,0.17439875629059176,0.9508411343680087,1.2870763212644931
937,2726,6,2833,9.973172362869425,4.0000000000000355,5.430067714470451,4.916333419798135,0.9365583556116397,1.3575169286176008
938,2833,91,2726,13.430822079930767,5.257994375463132,6.353603565017073,5.643510161801374,0.9662080506545215,1.2083701714605655
939,2555,2559,2525,0.8360323752345633,1.232323723981193,1.5456008726761428,1.4070863847726915,0.966862695663024,1.2542166012051317
940,1749,2564,2615,0.26915324290225184,0.5608045140229972,1.0000000000000433,0.8536015046743449,0.805680274306493,1.783152551370219
941,2240,2216,2229,0.043404438936843835,0.23130138478652407,0.4164608469648083,0.342163173654159,0.8119212157107966,1.800511688890986
942,2615,90,2618,0.4488490252794852,0.8931081989798095,1.2094122395360936,1.0438552769380183,0.9368721609106672,1.35416094143755
943,2425,2525,2496,0.4593512965518797,0.8009904513409519,1.3173510802729975,1.0918195537286193,0.8564445572434899,1.6446526647946893
944,2629,7,2630,5.5420907431181945,3.1244872469399456,4.521007987771537,3.735862683880774,0.8952282109456883,1.4469599746964283
945,2155,1778,2216,0.029416204744295082,0.21402824985622595,0.2974672292093678,0.26803839776463834,0.926702378340619,1.3898503090558942
946,2833,92,91,17.6489048609432,5.7269614757070935,7.449514347991283,6.51002646290515,0.95036258784512,1.300779545940897
947,2139,1788,2177,0.016579959082136178,0.17681433042133501,0.2204019639479812,0.19814612692374078,0.9674274892409157,1.2465164074811141
948,1850,1859,1867,0.00031856087770407366,0.024587969388122778,0.029044397242609155,0.02732279433229839,0.98044464536338,1.181244241203548
949,1781,2217,1748,0.06411046899558791,0.34835541241037854,0.49999999999995476,0.40552160995683856,0.8761972045103723,1.4353157212063983
950,2523,90,8,0.5854716338360368,0.8858041379920405,1.5973357865440323,1.2683611416077911,0.7979019668206276,1.8032606961680115
951,2043,2017,2056,0.002740353771507789,0.07085763355744183,0.09759328749076926,0.08220890493488296,0.9191071096384645,1.3773150836550836
952,2576,2559,2563,1.2994402609842615,1.538119189878116,2.100653323892882,1.7843749748507776,0.926445212415642,1.3657285714375247
953,2833,2926,92,18.08080659079965,5.7269614757070935,7.851422777762776,6.660372334623013,0.9249072056725801,1.3709578475544715
954,2162,2389,2249,0.11503974320397495,0.47081561361556395,0.5693904973533842,0.5201667368135535,0.9760462686020208,1.209370464545192
955,3020,5,2880,28.303951836445265,7.467352699215878,8.798850981330478,8.139716039236625,0.9821884387435076,1.178309279840822
956,27,2713,2669,2.8386240203197293,2.3760951911672428,2.989973142023955,2.6081462985992556,0.9533291501262352,1.2583557902640878
957,1785,2165,2264,0.040275064111358005,0.26299603883965345,0.39359605275062054,0.32109255936967046,0.8770764810554184,1.4965854789569393
958,2537,2500,2535,0.4568871284626238,0.9514600221838063,1.313080817642824,1.0755214675679243,0.8904231506458783,1.3800693534437944
959,3467,24,4055,47.215243686341815,8.37246407120126,12.031787266062318,10.811172181342279,0.9097563676032474,1.4370664554355057
960,1754,2440,2545,0.663436686422,1.090310517273579,1.3338053883573682,1.2524329427374143,0.9686490251875176,1.2233261692207376
961,10,2277,2400,0.13070847661962592,0.478180594557677,0.6564011877249943,0.5644037639935243,0.9320582731390091,1.372705616237258
962,87,2379,2613,8.65628256204228,3.649154024544014,5.717640511695224,4.711040154837822,0.8726367461578238,1.5668400054474765
963,86,11,1746,4.7766778259608955,2.8981746454401915,4.769855731024879,3.66994487000362,0.7820154319493489,1.6458137671342457
964,2841,2723,2678,9.158944921347501,4.44054361393394,4.689065673911616,4.603320671416283,0.9975407840034113,1.055966584631179
965,2458,2460,2462,0.13783301038215212,0.5000000000000643,0.6269995888427631,0.571321928010619,0.966868392090391,1.253999177685365
966,11,85,1746,8.408663736463506,3.3418042335457896,5.620542826050202,4.688057471385272,0.8469204691203152,1.6818887143746832
967,2475,2471,2249,0.08274463423575293,0.39989614194303047,0.49018384602039733,0.44201737607679487,0.9712043205729697,1.2257778823238292
968,2080,2072,2064,0.0020137916256472987,0.0625,0.07363852455363276,0.06865167273265886,0.9823091279731933,1.1782163928581242
969,12,13,2727,18.707546491664797,5.356411958323706,7.999999999999978,6.830592339930323,0.9025455926261815,1.493537103240951
970,2573,2532,2551,1.3701122889403414,1.3715753209002937,2.132523261324424,1.8658941807662914,0.8779545298055063,1.5547985071098018
971,2760,2740,2755,9.410544025491832,4.0498120299915055,5.539121161026118,4.783462045736223,0.9346833815450395,1.3677477176731427
972,2603,2594,2537,1.179159120884135,1.3771309628705257,2.0147888921859396,1.711084078126559,0.9089186621054977,1.4630336159069897
973,2609,2595,2607,1.404858271398695,1.6349000077319775,1.9944435264167324,1.8191038817077188,0.9740770218126521,1.219917742359995
974,153,2354,2544,0.48415141185388066,1.000000000000008,2.1626194596411787,1.5025940278291756,0.4480532581526125,2.1626194596411614
975,2444,2503,2516,0.43046351948652545,0.7661879199465851,1.3254973074588865,1.072368231647489,0.826005393852269,1.7299898274972723
976,2871,2924,3030,25.47641926030378,7.1686976697383935,7.996907143789677,7.696663886048184,0.9908449680042007,1.115531371555457
977,2507,2445,2511,0.21822830911187294,0.7086643452661201,0.7114368223212194,0.7099159436356827,0.9999895386201317,1.0039122570136616
978,2379,2536,2645,2.9210342735859705,1.9947947091551592,3.3605300341039093,2.768144781251092,0.8442988628243911,1.6846495625242408
979,2457,2511,2445,0.2831438109618722,0.7086643452661201,0.9233265803357711,0.8227047527798534,0.9551272158859065,1.3029110135194402
980,2577,2689,2654,2.7895005936913897,2.367956949010705,2.934266756753535,2.5794036157844054,0.9590620473716551,1.2391554491644898
981,2841,2871,2757,13.656822823860997,4.7742153708910955,6.5069954193775565,5.747404263700266,0.9398970608221455,1.3629455133196142
982,2466,2572,2354,0.39553478498286887,0.8736869704341781,1.0224273507009385,0.9618261841393222,0.9830736001013385,1.1702444757678416
983,2727,17,18,21.181006867557727,5.51059149414987,8.364196604789855,7.291596032979918,0.893017294308013,1.5178400746397944
984,2217,2159,2249,0.052359030656646405,0.29192415133118343,0.4002642798797686,0.35622970488078515,0.9369034744195748,1.371124239137292
985,2277,10,2414,0.04394817262072083,0.288766703037658,0.478180594557677,0.3605586862223782,0.7406568526628837,1.6559409015218682
986,2221,2190,2232,0.03296834114126367,0.22617841167343083,0.3278939582292923,0.28512099877472,0.9156703349594186,1.449713771545642
987,2727,13,17,8.526776265190836,3.2975077727605013,5.51059149414987,4.7215037417446934,0.8447607520717708,1.6711382880340235
988,89,2237,2185,0.035251831307636886,0.2524499949112596,0.32152046434703396,0.28945678502058486,0.9623849701918911,1.2736005974571472
989,2260,2355,2251,0.09188210214688163,0.42931926805978055,0.516539006007015,0.46542209965874076,0.9733681579791877,1.203158219153326
990,2520,2436,2423,0.4732174747432857,0.8889780875810422,1.2222759168399915,1.0714321096339228,0.9364754008983162,1.3749224350015992
991,3157,538,539,29.114390707291022,7.2946524016172685,10.46291978015864,8.585857393925302,0.8898283191948775,1.4343273954820586
992,2443,2378,2502,0.30460356637752894,0.7153555798813188,0.9861265828083403,0.8601990359881296,0.9350175159923481,1.378512463650516
993,536,3157,535,39.11081858700342,8.951575954832318,10.122076278792074,9.539883205270952,0.9899694039115334,1.1307591344659134
994,2512,2498,2507,0.22043420088799948,0.6390784101787141,0.7892279930860228,0.7213390318966971,0.9711559711398174,1.234947043298365
995,2484,2480,2479,0.12950026272766538,0.46677723203211796,0.7063722198479038,0.5762702227154292,0.8748072493628913,1.5132962179254275
996,2503,2444,2422,0.38217836007199224,0.6817651178792138,1.26401563121821,1.0237334055448066,0.7953509509802819,1.854033886553509
997,2369,2444,2387,0.17953167312048982,0.5970932235548482,0.6879014856416076,0.6471213097712082,0.9867379985036545,1.1520838932757003
998,2384,2431,2448,0.21100910301727713,0.6496356743968787,0.7897510295581811,0.7064185518015286,0.9694678949519271,1.2156829753713654
999,2435,2522,2449,0.5702969322763067,1.0,1.2821700457409193,1.1652294013869082,0.9598081311431437,1.2821700457409193
1000,15,14,16,40.33501862140765,8.000000000000078,11.892417198550849,10.039236850977794,0.9014891513972455,1.4865521498188417
1001,534,3157,539,38.472854370388035,7.64028639442101,11.157996602581676,9.753734259053775,0.911749558508054,1.4604160140815299
1002,2253,2395,2391,0.16174898796383141,0.589104339209124,0.6376557795907052,0.61216181590809,0.9957491799196543,1.0824156896327768
1003,118,3159,115,74.51073068572407,11.38763580038391,14.454835891843768,13.313966653220694,0.9605724708196441,1.2693447652546506
1004,115,116,117,25.265552759102533,6.722755070239287,10.108541464648388,8.115937579516805,0.8585847814736045,1.5036307821770145
1005,114,113,3158,27.798338663186886,7.007986857364008,11.294140496078837,8.767375784480963,0.8002366243108602,1.6116098283219424
1006,43,2641,2776,8.447435362237949,3.6955866756059446,5.0225353151816705,4.522286473413164,0.9380075004646227,1.359063054408852
1007,3160,113,3159,68.39023822305887,10.550936199766914,14.851556890804618,12.926966153763198,0.9274745828098887,1.4076056010207616
1008,112,3160,111,32.56540412907112,7.48242689405667,9.481023488700124,8.810445234063243,0.9579749344426242,1.2671053954741542
1009,112,111,3161,35.04792169496242,7.48242689405667,10.944213513596083,9.323554990321483,0.9099429687841473,1.4626555886953105
1010,3161,3158,112,44.586407462786646,9.5440245633117,11.197972544153227,10.225026906451786,0.9801825519305707,1.1732967020222778
1011,111,110,108,39.872346709696835,7.923671615290629,11.790698605980127,9.978275140448426,0.9019824679687588,1.4880347367282536
1012,114,115,3159,36.57017544964144,8.000000000000004,14.099428267434405,10.547287761938753,0.7160215234120135,1.7624285334292997
1013,2820,2798,2815,10.438398019109622,4.682494248855664,5.34225026152915,4.936840005193745,0.9856929490240731,1.1408984138816018
1014,3161,111,107,44.30336662468943,9.205703841077979,10.944213513596083,10.19066799924788,0.9802071234467856,1.1888513580852418
1015,3162,99,106,31.615521063604028,7.928222227434524,11.631607815034526,9.184477315258823,0.8358704788312452,1.4671142510088762
1016,105,106,107,28.696646950569413,7.4860557070992995,10.240399733805228,8.474930421564693,0.9030073417188794,1.3679299399407199
1017,104,101,105,40.833333333333485,8.0,12.67888025759219,10.299504152339193,0.8593743195283987,1.5848600321990238
1018,100,3162,105,35.57651407564955,7.750948022138552,12.6788802575922,9.887818487254235,0.8052548515212353,1.6357844513185098
1019,105,108,104,40.833333333333485,8.0,12.486375269525297,10.242258334443546,0.871068658225952,1.5607969086906621
1020,106,98,3161,51.80642771904886,10.835571185310874,11.072023895881978,10.939431496804149,0.9996735268634908,1.0218218962828327
1021,3169,79,80,28.31144130970886,7.374430995577693,8.591281287339887,8.13750392434621,0.9829942062146474,1.1650093807226505
1022,121,3164,3163,50.83821433179634,10.058162365349665,11.380148046636425,10.880795010628894,0.9888036401416703,1.1314341162199764
1023,122,3167,4016,27.553961303928542,7.613900128721846,8.256657423459757,7.990808840759134,0.9953869801828317,1.0844189290470523
1024,3160,110,111,37.30255607918961,7.923671615290629,11.620537416151086,9.675077506713945,0.8982605764164145,1.466559693580242
1025,142,143,3011,47.88653609533023,7.999999999999984,12.94814487617784,11.102134336150465,0.863121887492827,1.6185181095222334
1026,3165,141,140,31.45791006046415,8.000000000000068,12.766716446148822,9.63190044232163,0.7436694563490668,1.5958395557685892
1027,142,3434,141,34.3010416892096,7.999999999999955,9.593980833428828,8.977508698019724,0.9769445376376417,1.1992476041786104
1028,2968,141,3434,38.62970041606803,8.205113567163362,11.365906191163361,9.721666863918518,0.9275078594439047,1.3852222882873193
1029,3163,142,3165,51.970966119813106,9.857572803114559,11.779185382500886,11.047918824718657,0.9775568101207655,1.1949377009702817
1030,120,3029,3015,49.79842366786576,10.181315023549569,11.031291190641388,10.745523158951933,0.9946299960678728,1.0834839276778891
1031,110,3167,109,26.959513417915783,7.028886973505103,9.081770449902839,8.027350450076073,0.9557587079761227,1.2920638052846682
1032,104,103,102,29.215848116579274,7.60254946723576,10.219632199425387,8.518905662015566,0.9115144235740169,1.3442375144638397
1033,3166,103,104,34.174307524155985,7.734535319385551,10.564349770840124,9.115752530152848,0.934721999684219,1.3658674160245972
1034,73,3572,72,41.5682044324526,8.0,11.905554463025236,10.175336549145632,0.904113510416451,1.4881943078781545
1035,3164,143,3163,52.69652587165711,10.308093747327339,11.521394112283478,11.069878635415748,0.9907332914472102,1.1177036603174781
1036,2331,2294,2318,0.007741687483144827,0.12500000000006595,0.1389103359295353,0.13416145853748537,0.9909861972027401,1.1112826874356962
1037,100,3169,80,33.75184958241283,7.995454197254274,11.449837574348292,9.297363753907872,0.8778606140922407,1.4320434201574554
1038,3170,76,77,34.7977081359664,7.392854678685665,10.299505927634948,9.213307375412214,0.9283659562051398,1.3931703482998858
1039,3170,77,78,39.75603614842396,8.0,12.504218001148658,10.150593173688229,0.8626049112566511,1.5630272501435822
1040,2315,2302,2310,0.03799015679178376,0.25022576949232284,0.4003129243032026,0.31812398460753855,0.8350947966301027,1.5998069468040323
1041,2170,2273,2271,0.18713196092515966,0.5531831036191257,0.7390240516689757,0.6718418530963831,0.9426553850602107,1.3359483448319565
1042,79,3169,3168,39.7183828942575,8.591281287339887,12.3795681633702,10.07468157945914,0.880044252075908,1.4409455061857575
1043,2420,2219,2231,0.17180715513920036,0.5579698738788434,0.7149409159096335,0.6396048966977704,0.9601925161237878,1.2813252997685578
1044,2371,2262,2261,0.1582964875010189,0.5199345577379882,0.7010719459714129,0.6179567527732132,0.9435281164313213,1.3483849756428492
1045,2317,2337,2341,0.027990701929805024,0.2072717363804892,0.2897561470160529,0.2619507597179443,0.9219621629778053,1.3979530064057883
1046,2443,2528,2509,0.24980797525999793,0.6557217570456594,0.8363436819600969,0.7716575167384313,0.9579891963083199,1.2754551347025997
1047,2743,2657,2744,3.672223651500804,2.6058846602609402,3.342351829790426,2.960174923717998,0.9578937405944614,1.2826169480025027
1048,2354,153,2364,0.48415141185388066,1.000000000000008,3.0893985449993773,2.0840060015468547,0.22036869307305967,3.0893985449993524
1049,2335,2338,2339,0.0387925504033103,0.2786852782812272,0.3246033025689704,0.3010940449852784,0.9843743737996753,1.1647665946724548
1050,2493,2421,2383,0.32495603479831225,0.7997023145531241,0.9253469881551932,0.8709273218493735,0.9857702883047599,1.1571143053053181
1051,3170,75,76,34.356165705588374,7.403782934332273,10.299505927634948,9.145921003534552,0.9310427846355706,1.39111397767685
1052,2451,2453,2455,0.21045241083035449,0.6692697202272228,0.7261187385885807,0.698308088283175,0.99558650675141,1.0849418652050435
1053,75,3170,74,38.923197717855146,8.0,12.42903011490236,10.054501421179598,0.8608962956024971,1.553628764362795
1054,69,3862,68,21.827202050767255,6.067856177230382,8.0,7.235730151153461,0.9500245028554604,1.3184228113415053
1055,66,67,3171,49.2585028841886,8.0,13.343950633251145,11.32883770829138,0.8491585489065246,1.6679938291563932
1056,2516,1761,2387,0.2136542551117953,0.5501063156601963,0.8280521817622517,0.7327752072561182,0.891194716318146,1.5052584531200768
1057,2474,2491,2383,0.15452060392570918,0.5821034266268651,0.6071447244195134,0.5976734391915776,0.9986382612396008,1.0430186400684085
1058,2271,2501,2231,0.19673852715230733,0.5877148095112661,0.7421048560318712,0.6836051821153638,0.9626269461447072,1.2626955183399127
1059,2512,2513,2508,0.30114715278788234,0.6419926047375426,1.087360490997885,0.8906809991355997,0.8402192917003011,1.693727440119682
1060,2404,2553,2502,0.5404129820033151,1.0481412465738715,1.219793913645437,1.1242475314467957,0.9834504432436812,1.1637686405650554
1061,2531,2496,2525,0.7062017540714316,1.1571171295719087,1.709366170730775,1.3625822141863473,0.8505602769374594,1.4772628691126355
1062,2489,2351,2486,0.09867916684654451,0.4511855635594241,0.4999999999999589,0.47865510448004517,0.9928686609472848,1.1081914856837074
1063,2282,2380,2467,0.26036272506102576,0.6265904675592363,0.9451363533594819,0.8070980182747713,0.8984804868558324,1.5083797189591477
1064,2485,2272,2480,0.09243186867125294,0.40379136708708463,0.5007230020138639,0.46817145636700425,0.9647706482775575,1.2400537575283879
1065,123,137,3178,49.18525317284362,9.41314466323661,12.191597236000822,10.838314280446989,0.9564679022512029,1.2951673082870556
1066,4091,4252,4061,45.51274825213889,9.48395925402556,11.82540336416703,10.41561553878074,0.9597683772274955,1.2468846657209773
1067,2961,3427,268,21.094746107143038,6.552853589160572,7.869343213994266,7.0574598557279735,0.9715303358606755,1.2009032564089896
1068,2011,2036,1931,0.003352475412877438,0.07980660996158177,0.10293876712231037,0.08972809985798631,0.9504631263381259,1.2898526471913068
1069,269,3151,2961,40.570344748598885,8.258766523612394,11.315596119866218,9.916309741498267,0.9376453854883688,1.3701314945172665
1070,1940,1914,1892,0.0005052594784134833,0.029861403100123897,0.037108282970067435,0.034612948155416816,0.9648510640694411,1.24268383657811
1071,1853,1811,1822,9.345810617131954e-05,0.013166220673839404,0.016100877577233493,0.01483918520844769,0.9734391508994181,1.2228928844573523
1072,258,259,2961,18.32483820958343,5.805998449828037,7.15996091380104,6.576256201262417,0.9712949526872412,1.2332006244357687
1073,271,2966,2967,26.74069078116662,7.2849279954371555,9.459781003221607,8.067880410424381,0.934768924276025,1.29854145561173
1074,1866,1849,1857,8.469900382007925e-05,0.01223486838495333,0.015534233871207503,0.01418526203349701,0.9625383139193744,1.2696690624242264
1075,273,2966,272,14.234145586154,5.3705095975806545,6.2934017519114995,5.773950571255432,0.9816395989156,1.1718444288315948
1076,1840,1809,1808,0.00013044426678701865,0.016100877577233493,0.0190882475381161,0.017490473281579016,0.9799054187324605,1.1855408158066316
1077,1888,1837,1830,0.00028702538409288884,0.0185936681039829,0.035484760395475566,0.02832383465595162,0.7770053349531371,1.9084324941711996
1078,1919,1910,1949,0.0003629383221641763,0.025821885889143716,0.03125000000008263,0.029234865013366553,0.9739765151941079,1.2102136975681181
1079,270,3568,3151,34.77326710364834,7.730527557889553,10.329440957460976,9.146618352368415,0.946846483172582,1.3361883623219282
1080,3860,278,279,42.0801232489428,7.999999999999944,12.883114219064032,10.472739545924723,0.8550476063535823,1.6103892773830153
1081,1766,2163,1799,0.021960051193662407,0.17131780973205885,0.2815157698408303,0.23834511154890894,0.857869261001611,1.6432370357823343
1082,278,3569,277,48.99990032488363,7.999999999999984,12.895691080955755,11.257687210872833,0.8570042824944466,1.6119613851194727
1083,2105,1766,1799,0.006741535697658624,0.0920681301234935,0.17131780973205885,0.13662229454098687,0.7878604299383117,1.8607721206270353
1084,3569,278,3860,66.7446046428716,11.59591646353155,12.895691080955755,12.458240587850446,0.9907473431507378,1.1120889945621735
1085,3172,298,3173,29.295508281078575,7.596912624499497,9.311679021084304,8.326563896902043,0.9685160777974824,1.2257188520313909
1086,3173,298,299,29.306261058163287,7.548489432162589,9.427244640533926,8.348944705939614,0.9622950937820183,1.2488915464816497
1087,3173,280,3172,38.32701841881955,8.857503405513121,10.211532674757425,9.460238367118285,0.985522615198993,1.1528680495230206
1088,279,280,3173,35.39344484640547,7.370866104134986,10.365330618998573,9.315909799296994,0.9216968737519134,1.406256805178393
1089,282,3174,281,28.1201083161777,7.600225309145668,8.637448455260627,8.092704861667487,0.9888547847513323,1.13647268389094
1090,1817,1813,1816,8.851575246176334e-05,0.011115503697310096,0.01817309997735656,0.015129827083925955,0.860039930073998,1.6349326555263861
1091,1825,1810,1816,0.00021460033231409411,0.01562499999990063,0.02870633287575222,0.02425013071322309,0.7926033205500894,1.837205304059826
1092,1915,1900,1920,0.00041481361293932754,0.02877320816069856,0.03467052969815299,0.031269349874066175,0.9735693487131787,1.2049587763907956
1093,3554,266,267,38.353704914028185,8.0,11.512398327696355,9.746038520146802,0.9127431921543416,1.4390497909620443
1094,4017,3176,284,41.92329717919142,8.373385061867701,12.339904917343947,10.264650938813547,0.8964420117311541,1.4737056550211374
1095,1937,1800,1801,0.0004340189338874431,0.02894214285234181,0.03614101033428671,0.03211105106219498,0.9636546572015809,1.2487330505786103
1096,1857,1826,1807,9.210882103533864e-05,0.01329168417974329,0.01562500000002618,0.014683351488922004,0.9820263959968178,1.1755470404449495
1097,4219,3578,4092,27.480988378632134,7.897877905945231,8.06678788979188,7.967453980398832,0.9996708440131056,1.0213867555130853
1098,1875,1861,1872,0.00021700946694440146,0.006945494332909051,0.06275675204855051,0.04406741546049953,0.19048584478724512,9.035606256447045
1099,288,289,3175,38.84700244124061,7.70023079004631,11.588437157739316,9.858299206361293,0.8989551223878873,1.5049467313004552
1100,1947,1979,1977,0.0012230114725355983,0.04440549794308482,0.0618961885290405,0.05457048247820956,0.9312447343995518,1.3938856987568016
1101,4092,3176,4017,39.588932359840555,7.942670195189267,11.870228210847873,9.964520414422045,0.8974898809131178,1.4944883671535873
1102,3175,286,287,41.0986725163391,7.999999999999964,13.269604382477846,10.517316201240904,0.8234023784593963,1.6587005478097383
1103,2092,2091,1793,0.005620937603283102,0.10370057371498775,0.12499999999995583,0.11492271060965042,0.9772276566078867,1.2053935240851004
1104,3578,3175,292,40.552778223822216,8.320481513416343,11.916613474102189,10.031457671776474,0.9110118332293605,1.4322023857498234
1105,2009,2010,2118,0.008345139247388042,0.09323347196257582,0.1963949951627741,0.15635918253531875,0.727571830815009,2.1064859114289725
1106,1923,1801,1919,0.0006549108868708813,0.03124999999995643,0.04713086697811741,0.04046745672481852,0.8987121413947471,1.5081877433018598
1107,1800,1937,1906,0.0004203409957211077,0.02782698843113194,0.03614101033428671,0.03173933292178182,0.9526120550567083,1.2987754827918536
1108,3176,294,295,39.52808302944548,8.000000000000064,13.073889654971374,10.323920151423716,0.8226589634287518,1.6342362068714087
1109,2073,2043,2065,0.0048887412263072146,0.10097673561717699,0.1176107897928415,0.1070951945923337,0.9796012307069992,1.1647315500347282
1110,297,298,3172,28.013739723139388,7.596912624499497,8.637993914591304,8.078302179696955,0.9885745384306311,1.1370400505508507
1111,2214,2266,2109,0.11652737275130728,0.5000000000000718,0.5565292965829245,0.5207130474797775,0.9901383524047149,1.1130585931656891
1112,1796,1799,2093,0.01261270471922594,0.1473714052579273,0.23059187058412298,0.1830936951913711,0.8382844056633931,1.5646988652957772
1113,2030,1993,2058,0.0027469294277224724,0.07087830479102188,0.09463626659973191,0.08159322028578873,0.9392269824087318,1.3351937081277294
1114,2064,2088,2080,0.0030773630370044564,0.06981649364434384,0.1025201369779186,0.08740300342467033,0.9087379282998138,1.468422884428603
1115,1997,2044,2019,0.0014013754901432188,0.052316712304657675,0.06249999999997917,0.05734845264428353,0.9788885367735944,1.1946469349224549
1116,3176,296,3174,50.42541788828659,8.936742711737438,12.369684798283615,11.07898467596847,0.9310938971692719,1.3841379568908683
1117,2043,2067,2045,0.003876173090996985,0.07433536339322619,0.1247058818385967,0.1011667088416836,0.8395056922523668,1.677611787258183
1118,2116,2152,2245,0.03233096171148432,0.23981124237599485,0.3089141562249756,0.2775638735874999,0.9589906346011612,1.2881554391042092
1119,2080,2054,2072,0.0021918259150849077,0.06709654553227244,0.07363852455363276,0.07132851691838331,0.9931461868248419,1.0975009811528036
1120,2055,2076,2098,0.0070129279143184885,0.11721305233317111,0.13662325616726048,0.12800755780461048,0.984472902717047,1.1655976313876464
1121,3172,3174,297,32.70297931614118,8.637993914591304,8.782893799342029,8.691208267744306,0.9997743639111256,1.0167747148450708
1122,2185,2237,2252,0.03510410561524474,0.2650228940839148,0.32152046434703396,0.28803427894957173,0.9703037069687306,1.2131799611441503
1123,2125,1786,2122,0.023206478106340363,0.17634880270485118,0.2889552036707204,0.24486975611862408,0.8592334799352992,1.6385436092488512
1124,283,284,3176,45.509933019417005,7.855760941335599,12.339904917343947,10.777109513609554,0.872783014571299,1.5708096274179615
1125,1875,1879,1886,0.00012658885571787749,0.008103076721731118,0.03213786510410186,0.02383031394197187,0.4226534759092469,3.96613116323006
1126,4158,4018,3177,42.882142399789444,8.379092026900489,13.016937038020384,10.545695484746705,0.8623254365194862,1.5535020973907934
1127,1874,1870,1864,0.00011215465216493352,0.015870022429666276,0.016290551947982075,0.01609657568117281,0.9995381503119161,1.0264983568977
1128,1872,1861,1860,0.00014467297796257343,0.004630329555264916,0.06275675204855051,0.04329569386793153,0.12742322225907016,13.553409384693351
1129,2851,2875,2808,19.11465956899309,5.402255101628885,8.292321579946254,6.951002768671207,0.8876610817940243,1.5349740847013977
1130,2673,3019,2771,28.66029272344861,6.7064614735221495,9.383610374269615,8.364859691682554,0.9273943637804342,1.3991894848448985
1131,1907,1862,1845,0.0007267116144707826,0.03071072425407743,0.0506149407472797,0.043447612321511404,0.8522440850742821,1.6481194102923056
1132,2788,2808,2732,13.794967004076709,5.1056575447829875,6.697357635207602,5.775885707762629,0.9421388006783044,1.3117522231883785
1133,1920,1960,1915,0.0004343656654509473,0.02877320816069856,0.03852987372960785,0.03262678533765804,0.9266972294257414,1.3390885546866462
1134,1990,1983,1957,0.0006726915355858641,0.038560627387849745,0.04094026257904057,0.03945809565739968,0.997085169112118,1.0617115268186905
1135,1975,1960,1973,0.0007342034344253897,0.03727623489002973,0.044499397547412674,0.04150479673780433,0.978907192966893,1.1937739334107191
1136,2000,1978,1951,0.0013403951215418778,0.04533201818067513,0.06722650298026023,0.05772851650998734,0.906000155542455,1.4829805880762361
1137,317,318,3384,22.515842348787523,6.288711867076126,7.999999999999964,7.316400200886259,0.9615569557403235,1.272120613743349
1138,1890,1889,1906,0.00040225687347726776,0.026715443686773456,0.03527330828314528,0.031079583989990365,0.949713014946063,1.3203339872138726
1139,306,3153,3571,43.42485032412068,8.867098882438352,12.391686873172176,10.378732337054291,0.9123970908230115,1.3974905476372226
1140,2968,753,752,39.667701331841,6.726335613541983,12.402197862202431,10.424254792564449,0.7930557573968015,1.843826798834325
1141,754,2732,2802,5.358272320098514,3.123480653526157,4.45160642848713,3.6726790346392124,0.8961147687110668,1.425206979739614
1142,138,137,123,41.486144491579864,8.00000000000015,12.191597236000822,10.228186819882103,0.8905832146772534,1.5239496545000744
1143,3436,4064,3435,38.84369149564728,8.634600586636784,10.906033117039017,9.623655446282163,0.9592376338008705,1.263061679299629
1144,3436,140,2968,38.299749061646736,8.46531680703995,11.643363011447601,9.74286035237033,0.9137277409370425,1.37541964191638
1145,754,3011,2788,32.221059972868495,6.254177714097075,11.925977824918332,9.495673551305948,0.7762633465628742,1.9068818268526133
1146,755,2675,2732,6.26784712894801,3.139897257747276,5.235235541714337,4.125044266487204,0.8152365882584718,1.667327021225645
1147,3435,138,139,40.33408330011383,7.99999999999997,11.26398838224475,9.926215014769737,0.9270400558752785,1.4079985477805992
1148,753,2772,752,22.119058027222906,6.726335613541983,8.197394175967768,7.250435236217917,0.9634638002463001,1.2187013326340919
1149,2846,318,319,27.304607960791316,7.256175014856442,10.458377898024283,8.413483637503212,0.8651064976350827,1.441307283329245
1150,2732,2808,755,8.71929565205322,3.9999999999999987,5.1056575447829875,4.555796169316529,0.9607476341939255,1.2764143861957473
1151,2029,2002,2040,0.0027880904625828236,0.06506713208648393,0.1072788919737225,0.086015526589356,0.8366783224993165,1.648741669313669
1152,2043,2045,1772,0.0027516453175787537,0.07433536339322619,0.09392530932909884,0.08137256544823292,0.948361350072947,1.2635346763860413
1153,302,303,3179,40.808600674511524,9.09908591633025,10.210630826287238,9.740972484042034,0.9909168706554187,1.1221600631292077
1154,2001,2002,2005,0.0013108691698225784,0.04250133334026816,0.06969928940121765,0.05823354091382166,0.8591720754418601,1.6399318309193047
1155,2198,2189,2096,0.03910056345583475,0.23827784870695445,0.35709669227790597,0.312585078185775,0.8984399715423665,1.4986566909838128
1156,2105,2120,1780,0.012291140666759928,0.12499999999995583,0.21748611952544197,0.180583664870306,0.8297194559753449,1.7398889562041506
1157,323,325,3184,29.217380443856896,6.8251989013013725,10.270239767438525,8.578105542174177,0.8929494892527935,1.5047531824281752
1158,1780,2214,1766,0.018518141179222316,0.07408527288427373,0.5040996635027907,0.35939497879567134,0.2517585595962793,6.804316753887495
1159,2098,2076,2022,0.006921132222523405,0.10729456500987007,0.14327941510936304,0.1290657454288312,0.9456482058740384,1.3353837176764984
1160,1777,2191,2144,0.035164710971938185,0.25,0.3205343998252364,0.289300120581032,0.9604186562673463,1.2821375993009456
1161,1793,2121,2092,0.0064055732936262166,0.11015494124854486,0.13291180173108572,0.1226889143265288,0.9769828859600183,1.2065895567153369
1162,2847,2801,2846,27.682363045381372,7.241839838209792,9.828532914543159,8.263109163532127,0.9192934581122504,1.357187280321406
1163,2058,2046,2084,0.008199309711529483,0.11230925005294319,0.16049018107782392,0.14193202755226822,0.919519542446567,1.4290023395416493
1164,2174,2101,2219,0.053345800913978,0.280215626674871,0.4170579215554422,0.3645324718755421,0.9024733346402718,1.488346408458322
1165,751,2905,752,30.4145248575668,7.51716915749304,9.917558165737546,8.573637766606938,0.9426973936595332,1.3193208717209486
1166,3461,137,4068,23.108160488234162,6.846292484070342,7.921190547895392,7.346239848008552,0.9852922628530397,1.1570044029416033
1167,2055,2064,2076,0.004977432976112084,0.0886741988376437,0.125,0.11029575039027162,0.9263345157411305,1.409654686915935
1168,2969,3580,4242,40.54585092463931,9.106164684855477,11.052125313951773,9.808063094149537,0.965563016320782,1.2136970608858675
1169,3580,322,3184,32.561019250067645,7.333671959989425,12.155057151822973,9.473681079606157,0.8019118936127669,1.6574312592842646
1170,2142,2208,2023,0.0065155657025149066,0.1195389684836462,0.12771345200537731,0.12282196836839311,0.9966476869284033,1.068383420280638
1171,2177,2180,2194,0.022893787242902985,0.1998026398424232,0.2525818422491615,0.2333074204724381,0.9613268510619766,1.2641566820556691
1172,3406,335,336,47.288573184145875,7.799823240292177,12.862891205383766,11.095113992214465,0.8496011579141088,1.649125987745067
1173,2356,2228,2148,0.03881115819958029,0.27803735449482214,0.3224799460054942,0.3010264850438382,0.9855214640911453,1.159843959065938
1174,321,322,2969,24.263401507164346,5.909218756851803,9.073729518250262,7.815655877735115,0.8899403657860981,1.5355210039786014
1175,2029,2040,2058,0.0032430712518164424,0.07709351528337649,0.10379100572595647,0.08886169223906483,0.9338373275400207,1.346300079123992
1176,3790,3016,4149,43.474520842599055,9.149374003028235,10.978670543923695,10.102983605334284,0.9782626236353443,1.1999367978934956
1177,325,323,324,35.80649105815786,7.4623371483889445,10.323035658630197,9.351870858152555,0.9265873628277478,1.3833515497030113
1178,2847,2773,2674,23.841379857130764,5.874256580711023,9.059010038700038,7.7530566053022625,0.8885634846941617,1.5421542988855161
1179,301,3179,3177,39.3156814331647,7.4861183227681884,11.25458144981542,9.931500801914492,0.8933823574742609,1.5033934763742478
1180,2810,2737,2791,9.218221853962666,4.035678371964126,5.588139923583917,4.754910307663626,0.9248920019998759,1.3846841617520236
1181,1896,1877,1931,0.001044277511333786,0.04183854411262762,0.057004738710634315,0.05025813238783417,0.9399912770109912,1.362493363946411
1182,1838,1854,1830,0.0002724137552817265,0.021571335053469337,0.028935529577186436,0.02561345359086399,0.9455409177316672,1.341387981108416
1183,1996,1989,2021,0.0017786862774811629,0.05340296901612711,0.0763465775710539,0.06609388078916041,0.9211931284617155,1.429631703585583
1184,3175,290,291,44.11567034734685,8.0,12.03475180087832,10.504649969180207,0.8973453697983733,1.50434397510979
1185,2063,2029,2053,0.0035880548166894724,0.07967162906634889,0.1094793967234583,0.09363157654964215,0.929292490421571,1.374132774821086
1186,2028,2081,2021,0.004052223724034592,0.07765785331672168,0.11233085719436244,0.10013907152688366,0.9102308096711654,1.4464841918334974
1187,3175,289,290,41.15816965590025,7.554266836367194,11.588437157739316,10.20730070025627,0.8824666452400469,1.534025393695536
1188,2106,1791,2107,0.007405461758544568,0.12499999999995583,0.13866342664316783,0.13115071143752144,0.9924346577564017,1.1093074131457346
1189,3180,870,3134,61.79548867162294,11.09720285421218,12.777923176728882,12.00523907051288,0.986894290813873,1.1514544110436575
1190,2112,2092,2121,0.009337233203120606,0.13291180173108572,0.17489553574829048,0.1504078248189963,0.9399621700264893,1.315876645041262
1191,2065,2056,2038,0.002723776057715243,0.06996360511620449,0.0890283970005454,0.08044547970497722,0.9627226891711336,1.2724958477007535
1192,2052,2037,2074,0.004502264447507103,0.09421753541833308,0.12233303557914403,0.10459186413125705,0.9368549035763164,1.2984104820400573
1193,868,869,4019,29.78405996449983,7.827432557095551,9.308640152309273,8.37869090313495,0.9737189737639528,1.1892328786494635
1194,2078,2074,2060,0.003388771539311407,0.07274354877681681,0.10365576590254089,0.09116367073847255,0.9220497890854826,1.4249478839775236
1195,2228,1780,2120,0.02944898324853304,0.19926487508552018,0.3819445364352656,0.2932816592958861,0.7425394332860075,1.9167680017431232
1196,292,3175,291,44.795629925592316,7.9290098680857,12.03475180087832,10.626791714355404,0.8874585140322472,1.5178126904997622
1197,2167,2104,2133,0.012974193074122025,0.1638480132360822,0.18701182973790348,0.17393876800021676,0.987282639281797,1.1413738015147332
1198,773,3181,772,41.12364443720172,7.524490163728893,11.79316197194468,10.226202594374566,0.8772817010250437,1.5673037927263862
1199,1794,2125,2090,0.009870582006864186,0.12499999999995583,0.206486006403507,0.1632063053744155,0.8212737024518434,1.6518880512286398
1200,2013,2038,2056,0.0022641136034929985,0.066842726898553,0.08382057322856047,0.07354230174777265,0.9571348807432737,1.2539969136174636
1201,1912,1977,1961,0.001505927675094275,0.05531965330034452,0.06855816306823036,0.06000282195500537,0.9562133023724357,1.2393093408595781
1202,2070,2089,2085,0.004381104393303893,0.08742026471943679,0.13250381368761857,0.10671926003808907,0.8611721348879136,1.5157105061723524
1203,2030,2058,2040,0.001912254499549651,0.05190615755167351,0.07926508946661243,0.06942158743388747,0.8879318283042956,1.527084515699368
1204,1789,1794,2090,0.0062157789883714515,0.11534614286686985,0.12499999999995583,0.1200075963330413,0.9956521957873907,1.0836946680066126
1205,1976,1974,1985,0.0008348729712941115,0.036835682373652076,0.04948307775239992,0.04490938945289356,0.9406816047474068,1.343346303468897
1206,1931,2036,2024,0.0025706108514110823,0.07153470593813037,0.08643892249006682,0.07786386126525231,0.9728375551092424,1.2083494487952038
1207,2068,2069,2060,0.0036825657559319243,0.08265881170078837,0.10307100025034438,0.09334051435592221,0.9683654478808958,1.2469451003414476
1208,2013,2020,2019,0.001527878636766658,0.0493501860350552,0.07418320856409348,0.062011131533042614,0.8936764310159194,1.5032001806720343
1209,2700,3182,776,33.07679994907056,7.377859711240115,10.169722071335467,8.959241322070838,0.9357111786917756,1.3784108765096157
1210,3182,3181,775,61.998456269595366,10.738143015756615,12.905888227316263,12.07240934651643,0.9763224866827291,1.2018733787004705
1211,2046,1995,2015,0.0042603175937826684,0.09598061686625702,0.10536237752755488,0.09946678957399518,0.9926918741119392,1.0977464093023153
1212,1913,2027,1999,0.002721269877244694,0.07413705553321698,0.0825190315536278,0.07954008229371502,0.9910477320123434,1.1130605465799124
1213,2022,2034,2066,0.006148484035267041,0.1159470798511409,0.12499999999995834,0.11936966619198464,0.9953805208094838,1.0780780349142045
1214,2130,2097,2066,0.011142436431412342,0.1378680403416333,0.17693911274115548,0.16312053762470805,0.9555948213641784,1.2833947033895972
1215,760,761,3181,48.06083521890126,7.397312211710902,13.569460125282788,11.473634981742032,0.7930546717397426,1.8343771003474179
1216,2091,2092,1796,0.0037673287722243157,0.08565890486609426,0.10370057371498775,0.09417855967385362,0.97489110701879,1.2106222216720728
1217,762,770,761,43.921397937352694,7.396864454499121,12.768989760756991,10.781888529110182,0.8311644338931204,1.7262706163272048
1218,763,769,762,40.833333333332675,7.999999999999886,12.179811372074365,10.159287000387465,0.8885167606829381,1.5224764215093172
1219,2127,2110,2031,0.008799587081356032,0.1274846445974883,0.16070039028151256,0.14448428678796915,0.9649513398548298,1.260547031282846
1220,3181,773,774,36.24738390087382,7.6592330993215105,11.360955647450126,9.528212032254988,0.8994155232947455,1.483301983387414
1221,756,757,2700,15.035804504932955,5.707146253892426,6.012946084512391,5.8972622169046245,0.9979206207625088,1.053581915902611
1222,1923,1980,1964,0.0010812772778054894,0.043468838104668985,0.059501969346362885,0.05129497545900508,0.9338138826482281,1.3688419553126216
1223,3181,3182,760,69.74782344576619,11.787157322713579,13.569460125282788,12.754168558437543,0.9869244316465174,1.1512071786074114
1224,758,3182,2700,32.40604729239277,7.830410008381366,9.330142183636935,8.71885819292429,0.9791552139678849,1.1915266472190236
1225,2116,2164,2119,0.020438416535746524,0.20171866277797462,0.24881525721686734,0.22037775411597407,0.9635932302228337,1.23347663419091
1226,2145,2112,2149,0.0212653004987694,0.2123235787245214,0.23772542924639636,0.22245886895361247,0.9899503866596492,1.119637445235569
1227,2031,2000,1925,0.003952263355044125,0.08414564366349686,0.1139707448176534,0.09802666599665828,0.9352176864558566,1.3544461704212376
1228,3182,775,776,38.5359593448873,8.0,10.738143015756615,9.635955029030693,0.9443074635886276,1.3422678769695768
1229,756,2700,777,7.907797741506233,2.683817246126755,6.138053812164467,4.931188456866759,0.6802461556908133,2.28706102139511
1230,2023,2210,2152,0.009806507554268151,0.125,0.1792403091496301,0.15525439778204075,0.9200959513732674,1.4339224731970408
1231,2102,1789,1797,0.009124284392595196,0.13614297337699874,0.17131780973205885,0.14823263015209667,0.9474835861446596,1.2583668880042462
1232,1791,2126,2107,0.008790194985662164,0.12499999999995583,0.15542313971110414,0.1442940738491796,0.9662854023433618,1.2433851176892725
1233,2048,1999,2059,0.005773276607707576,0.09584718932361844,0.13119105018273483,0.11841876682518311,0.9337215487628653,1.3687521888595124
1234,763,768,769,43.84898173330125,7.3997248374625775,12.709643897203177,10.76306003558004,0.8331386373287967,1.7175833124034665
1235,2194,2201,2147,0.03378712069816649,0.24858867704532817,0.3377186168357926,0.28745883764751406,0.9286675592574843,1.3585438437898452
1236,3043,3580,327,47.31646523362893,9.601267370915885,11.842849114093816,10.58577251424854,0.9675872066098051,1.2334672764106247
1237,2158,2160,2159,0.01834927702085145,0.1882101568498742,0.2500964422570381,0.21194563849945872,0.9280090975262865,1.3288148017246886
1238,2171,2164,2200,0.03250389405020206,0.21206523453001475,0.3506034845268053,0.29068892051833134,0.8542303449042411,1.653281290088982
1239,763,3183,768,53.673215673064995,9.193756470126973,12.709643897203177,11.434266679539855,0.9301000493136964,1.3824212049231763
1240,3579,766,3183,46.000762142679484,8.782686225623213,12.384490329666372,10.622068217086246,0.9238282728724796,1.4101027876340395
1241,767,768,3183,34.49506692700539,7.999999999999903,9.876035591822912,9.023264020649929,0.9712575494795639,1.234504448977879
1242,2229,2216,1778,0.02757221154034745,0.23130138478652407,0.2926197142283212,0.25672277984431163,0.9562562239771628,1.2651014368045825
1243,763,764,3183,35.44424340167848,8.0,12.399399671289416,9.76200209871225,0.8276068208759485,1.549924958911177
1244,2168,2234,2218,0.04614663738970722,0.28343871290817096,0.36077040830442164,0.33137469444241713,0.960292373669934,1.272833920965852
1245,2970,330,3043,20.335161351237222,6.535955001508583,7.1182674559152,6.865645047183271,0.9950309364713149,1.0890937061641661
1246,2970,328,329,15.766149289003911,5.9684203426620765,6.089828446926143,6.034724011898,0.9997240250571136,1.0203417482840886
1247,3474,3043,331,30.87504683674339,7.863798411999244,8.902817927839015,8.477933196365745,0.9893119808900571,1.1321269266331075
1248,2260,2252,2237,0.04714844445485775,0.2650228940839148,0.39054859712125484,0.34208818295699855,0.9069220905938548,1.4736409790981853
1249,327,2970,3043,24.45414824655957,6.942712684126031,9.601267370915885,7.866994044546092,0.8908254618752661,1.3829273668300333
1250,2209,2211,2144,0.01229119292163508,0.15126238177169776,0.18821073348661047,0.1704911609668768,0.9689167899032537,1.244266626521056
1251,2173,2166,2182,0.036070043037465804,0.24688096588870256,0.34929039333794853,0.29786826902876445,0.9207132628902582,1.414812973047965
1252,2206,2227,2265,0.05987288315594659,0.3532598319335864,0.4099470162968151,0.374569180957995,0.9810829524769275,1.1604688086187112
1253,2238,2108,2221,0.03757943596065759,0.24651422501913564,0.35464706667587687,0.3043246108917021,0.9174936578689097,1.4386474721624987
1254,2392,2521,2536,0.6257850700275495,0.9071343883035019,1.7309864461237643,1.3415743047643112,0.7550788297520429,1.9081918494579486
1255,329,330,2970,19.17233231058296,5.9684203426620765,8.000000000000025,6.834791781390227,0.933181927326403,1.3403881664996486
1256,2200,2193,2171,0.038293703612974475,0.24881978727644105,0.37685946959546257,0.3116924331233592,0.8853541927780681,1.5145880226027533
1257,2169,2163,2231,0.052332046841044276,0.26866688617796725,0.4376036344857378,0.36732021409091203,0.8627423666686794,1.6287963161781889
1258,2170,2109,2244,0.009259070589612261,0.03704263644213105,0.5006856083984751,0.34590941494689686,0.12777147798555108,13.516467953911944
1259,2124,2164,2171,0.01821211046393398,0.1942920600208741,0.21206523453001475,0.20553333704933396,0.994123482594792,1.0914765868828153
1260,326,3184,325,21.288133178562553,6.8251989013013725,7.420541957062193,7.028684720732623,0.9936056930485994,1.087227209693084
1261,424,425,3185,30.912720079859294,7.752890036509718,9.328935716662002,8.523766158985039,0.9770177311146606,1.2032849263604164
1262,427,3185,426,36.122332350358235,7.495819273815326,10.774148234629815,9.424551823480128,0.9189240715245858,1.437354322597727
1263,426,3185,425,30.759865569694817,7.419627174093506,10.003687961995242,8.637595953290713,0.9380041877908869,1.348273670262609
1264,1778,1756,2156,0.019071443589369227,0.17444277594654853,0.25000000000004224,0.21649568551101037,0.9202900472967412,1.433134726522842
1265,433,3044,2971,20.774538440085934,6.477638466701219,8.145660843549296,7.066957443881972,0.9495577775840616,1.2575047041329444
1266,2116,2100,2134,0.00976016590673942,0.12398739188846448,0.17003393426859723,0.15414020857521593,0.9308626912773247,1.371380845090724
1267,433,2971,432,18.97706829593661,6.0686500336013705,7.440867966001498,6.695697006999423,0.9705999917825399,1.2261158453366607
1268,3063,3044,434,31.22930707367483,8.369380331894822,8.637807572011617,8.494567241807562,0.9993231373787894,1.0320725345810666
1269,1902,1971,1954,0.0004048762127069063,0.029553127096898824,0.03125000000005236,0.030605151470710287,0.9976350434844717,1.057417710741399
1270,2167,2174,2166,0.02435070388929824,0.22156881912498264,0.2908862050149021,0.24481279789438984,0.9219740207491788,1.3128481081573977
1271,2127,2031,2048,0.011062375737835231,0.15158189531986752,0.16857763593790853,0.16028664051309618,0.9925185489361622,1.1121224970975372
1272,2110,2127,2123,0.0078124861846359805,0.12653094226986294,0.1452678254849066,0.13501096554368056,0.9865547629672314,1.1480814327224558
1273,2144,2191,2152,0.03053695407149505,0.22649988038463037,0.2973659619178595,0.2706152972431186,0.9501709541109004,1.3128746973856589
1274,435,436,3063,29.921265819773,7.873105275908672,9.310959561298965,8.394688279069193,0.9747077753575323,1.1826286115835463
1275,421,3186,420,44.40937727216182,8.0,12.489106267790476,10.607730900520044,0.8830152032854004,1.5611382834738095
1276,2175,2183,1792,0.01419578724968248,0.17131780973218438,0.19621411269374145,0.18200496192259605,0.9864136569954443,1.1453223281366756
1277,3829,3185,3581,66.02342365977285,11.628651563162498,12.898144063803839,12.382996532457561,0.9924415604235919,1.1091693644569134
1278,3487,3486,3581,91.9716636938865,13.677486916338788,16.19219019231158,14.700884221377827,0.9775406139408277,1.183857114348162
1279,2027,2047,2059,0.005396197007405176,0.09267566474624894,0.13125371201798955,0.11491101871279365,0.9251693445208905,1.4162694422248756
1280,3186,419,420,39.418931296505306,7.561834099006684,11.334086433769656,9.925793683766726,0.8982181729950254,1.498854151700907
1281,2972,4093,745,49.10709272910402,9.704798514413525,14.107430090216832,11.311051155917882,0.8599421562994407,1.4536551242423568
1282,431,2972,430,27.93847001867196,5.9147755959839525,10.923838766831294,8.765132840599037,0.7941206153812339,1.8468729015262089
1283,2099,1992,1987,0.00371069289723352,0.09020227046469846,0.09398402479651263,0.09261823815121444,0.9986487800763536,1.041925267649379
1284,3063,3582,2972,43.020629585895115,9.026387414942274,10.652093681745342,10.041391002709963,0.980268111697514,1.180105970646892
1285,3589,4094,439,25.836328167049693,7.079123571978168,8.944558777064362,7.856201961489192,0.9569854236319101,1.2635121687196262
1286,1965,1924,1950,0.0004521467178698831,0.030271685243695286,0.03574381846091695,0.03257590408352454,0.9790304868577141,1.1807673795882028
1287,2054,2041,2018,0.0029256530087928938,0.07689098735521833,0.09145112799180757,0.08293868021902855,0.9767696411278974,1.1893608228663368
1288,2188,2084,2095,0.03548621670752984,0.23087881649661174,0.34114194028761374,0.29680588027299154,0.9070177852139828,1.4775800805987767
1289,4153,4020,3829,46.15961460191298,9.545003597882824,11.204139698131357,10.391296520730359,0.9830564811997836,1.1738224698643955
1290,1932,1953,1933,0.00041376607233807047,0.03019272237686133,0.03170735886943083,0.030930643421812936,0.9983951358037121,1.0501656151990544
1291,2084,2188,2077,0.02848656464626006,0.19246232847642156,0.31839688403474914,0.2720956799793515,0.8517776954450643,1.6543335340232868
1292,1979,1961,1977,0.0016874589032577682,0.056130649496441254,0.0730200932886824,0.06368231043805472,0.9494333421576387,1.3008952140008991
1293,867,3141,866,32.69576587317018,7.999999999999984,11.891245320695251,9.363309322215715,0.8309104883703093,1.4864056650869093
1294,1998,2032,2049,0.0022006699086152956,0.06402990101005868,0.08701013010719348,0.0735347552573478,0.9234946910565404,1.3588984011317582
1295,2907,124,135,30.868522585424472,7.3338828156361995,11.701200566459738,9.163485509291837,0.8156583797819803,1.5954987092938275
1296,124,136,135,46.799178856085405,7.999999999999955,14.07181688667681,11.257672484378835,0.8127512831137786,1.7589771108346113
1297,2719,2705,2620,5.30091139710331,2.9424660636018425,3.936893918386934,3.576359095773567,0.9422290179585745,1.3379572893247995
1298,2785,133,2728,6.521426900793044,3.546860340202149,4.0862363497048735,3.9040194090901927,0.9840205918878323,1.1520713977342518
1299,2719,2784,2805,11.909601310059553,4.052519310206492,6.345746219700802,5.501978191124735,0.8778351276143839,1.5658768617631733
1300,3016,3790,2858,37.260021737260686,8.339408591826382,10.18090626905092,9.3676580299355,0.9740440697471658,1.220818737557652
1301,2527,2595,2661,2.099935041038034,2.052138358254989,2.3045670850462345,2.210437661378061,0.9899726041363338,1.1230076548083703
1302,2118,2108,2253,0.056452879013724346,0.2779648576638184,0.4439971512728606,0.3799875111302333,0.8708473327132553,1.5973139734442552
1303,2307,2293,2297,0.015971140134795333,0.1674689924557748,0.21364807466101715,0.19490418970320347,0.9609945300477511,1.275747059369437
1304,2251,1775,2252,0.04896493491016899,0.29642524501538153,0.4302302685409859,0.35256030573720715,0.8867977879553117,1.4513955062048147
1305,3189,3027,346,58.65916123071254,10.57554560851487,12.348063714783303,11.718352922637706,0.9818261665346979,1.167605357858917
1306,125,3189,3190,49.33760239797006,8.97584909697527,12.142069134558147,10.918788552703973,0.9404917277154469,1.3527488044167149
1307,854,2319,2287,0.020407738887258615,0.17889664674961384,0.26359600569867936,0.22513642424094607,0.9078699830942445,1.4734541451054244
1308,3584,3194,3587,37.767892387100204,8.336044015245296,11.241123317566446,9.597865264015374,0.9318670194835584,1.3484961568110994
1309,2337,2339,2341,0.032324680441892434,0.24641579246768336,0.28994165143459816,0.2753711969727782,0.9790440787245654,1.1766358338117597
1310,3189,346,347,43.70722773103831,7.895412235708839,12.231449444614942,10.507347077454748,0.8859452721202941,1.5491843971484307
1311,2298,2319,2294,0.009441926409772343,0.14015814010479216,0.15334838512264878,0.14798194076703894,0.994278507545283,1.094109732106852
1312,339,340,3191,34.52972815358521,8.0,9.938513192819265,9.034096518780293,0.9695242030814781,1.2423141491024081
1313,2509,2501,2443,0.2308258581345247,0.6827734620365111,0.8363436819600969,0.7405303894948466,0.9638895016821987,1.224921190500772
1314,3576,63,64,26.176737266663984,6.797149711946622,8.989317042679074,7.928822251541891,0.9494719823566096,1.3225127330768536
1315,65,66,3576,32.37749487265355,7.6045243819202915,10.58623205387535,8.935675020678659,0.9188189188345377,1.3920965365097715
1316,63,3576,3575,35.96854189301974,8.380182995510284,10.31089807563546,9.226799371274938,0.9683211895436175,1.2303905632084127
1317,61,62,3575,31.01494763769309,7.552133953832065,10.559866454746363,8.792131865416154,0.9072481746739223,1.3982625995912228
1318,58,3460,3014,44.20260285829774,8.53862661120686,12.169942370658953,10.427157638784783,0.9202008153449555,1.4252810111975185
1319,2284,2487,2367,0.1505233349379136,0.544344082150827,0.6254301141710018,0.5925467969832731,0.9866426662795716,1.1489609875058906
1320,2528,2443,2502,0.3092939096091366,0.7740559898569417,0.9861265828083403,0.8610298946249397,0.9528930556748308,1.2739731953893836
1321,2517,2621,2468,1.2226776264541086,1.5351311572858304,1.9139109627108921,1.7036826824100595,0.9645878664120011,1.246741005566429
1322,56,57,55,28.873526898450258,7.22222335492907,10.601509011613402,8.607910788847478,0.8752547412676217,1.4679010175416431
1323,157,2529,2596,1.3282870818525492,1.4624148608419458,1.999999999999996,1.794573895179556,0.936171987290847,1.3676009821512276
1324,2539,2535,2528,0.2326352396788397,0.7121564249476506,0.7687276211985113,0.734256380017646,0.9953787832771233,1.0794364752870398
1325,2540,2541,2539,0.2543400772904447,0.5891707177165024,1.138700990728331,0.868250952464816,0.7303570403145635,1.9327182368154487
1326,2920,2883,53,19.08764514614539,5.11593180342393,8.64650626957884,7.087287081505927,0.8413685041745935,1.69011366879285
1327,49,50,128,12.665423655664686,4.477903476760559,7.999999999999964,6.085435021942282,0.7471685550348228,1.786550344713412
1328,2420,2509,2500,0.32620965811588876,0.706417466611917,1.0228350908849333,0.8968630807749447,0.915226409037022,1.4479187438422243
1329,2509,2535,2500,0.3651396766561058,0.853202985619094,0.9613366848279835,0.9219998975436279,0.9891929906601039,1.1267385382277189
1330,2861,131,2822,8.329115723652686,3.526416967445164,5.282865941479689,4.557921351115467,0.9015480549165855,1.4980831791162363
1331,132,2862,2878,7.736314827916614,4.00000000000009,4.374101300746941,4.2365146915341745,0.9938796210409491,1.0935253251867108
1332,2487,2284,2285,0.16992903445557467,0.5565463231171696,0.74194595504381,0.6413074641106604,0.9407958139771834,1.3331252480264941
1333,126,2733,2809,7.0129832521152675,3.858244696797138,4.243802231648984,4.034015642815385,0.9936899363656924,1.0999308144379516
1334,2835,357,2734,21.321007976230078,6.521288148024774,9.222793183953787,7.427666215820847,0.8671617250697857,1.414259418478122
1335,2733,2789,2809,7.635162029100815,4.00829330416762,4.368844582797443,4.206980039538016,0.9950130547259398,1.0899513212406238
1336,2494,2479,2483,0.3617296047935728,0.8315075890415723,1.0558794291544167,0.9293913063388543,0.9573797898866581,1.2698373930314504
1337,157,2396,2529,1.8134729095166844,1.8763313550707723,2.3652130223616075,2.0805147924774587,0.958006150153824,1.260551882784262
1338,129,357,358,7.570492705544488,1.949118615424703,7.999999999999964,5.905775200746479,0.40930414058132525,4.104419267606658
1339,129,130,2734,17.12785992682675,4.97136224461612,8.000000000000052,6.640467485405245,0.8660593950769625,1.609216871827009
1340,129,2734,357,21.34160650078251,6.521288148024774,7.768206986814773,7.079845115479704,0.9780631439675825,1.1912074440642033
1341,2883,132,2878,10.740149135263868,4.374101300746941,5.422224477359686,5.042536798595962,0.9669168835220984,1.239620233860099
1342,2667,2655,2735,9.837731405959765,4.148915577973512,5.243808833578581,4.835206944412963,0.9619642258364753,1.263898658583903
1343,350,3194,349,42.93969673487878,8.000000000000044,12.020103294948292,10.354522553421255,0.900296743021538,1.502512911868528
1344,2340,2339,2338,0.04585044560863426,0.2786852782812272,0.36978117357254997,0.33180138320246866,0.9488956783259181,1.3268773142706016
1345,2420,2500,2279,0.3166308913774986,0.6633568699796886,1.0228350908849333,0.8952313728826035,0.8826851602759084,1.5419077380117456
1346,3193,3586,418,36.33216501482138,8.289576479789877,10.603198858302292,9.32044454548935,0.9557032842975582,1.2791001909630804
1347,2337,2336,2339,0.02059616833223324,0.18761378640356385,0.24641579246768336,0.22209576511646936,0.9521638623778724,1.3134204963895049
1348,2266,2366,2385,0.148921817492884,0.5810439904730128,0.5903399373388869,0.5864869828649031,0.9998184735543426,1.0159986972041593
1349,414,415,3045,15.782065747771384,5.6995489947352995,9.657910797364769,7.1070644230434565,0.6777655927964604,1.6945043908361568
1350,2470,2472,1748,0.1070954849705033,0.4709587140023008,0.5254723462297175,0.498810353410654,0.992052644902879,1.1157503420292385
1351,3392,352,353,31.797079416571194,7.999999999999984,10.16082555291503,8.761301019528803,0.9445598115477459,1.2701031941143812
1352,2388,2263,2372,0.2638277437761476,0.7668070476812483,0.8031932178007188,0.7810585682626918,0.9983284692642537,1.0474515332501166
1353,2403,2300,2433,0.2066351013658856,0.5710809405451531,0.8737112016095718,0.7243436162812262,0.8837991595302687,1.5299253390868346
1354,351,3194,350,37.873813585597304,7.922380501080408,11.04346436531543,9.607567297223667,0.930884130625123,1.3939578342405274
1355,2353,2363,2257,0.11280966740764868,0.4644261770911918,0.5517328542078216,0.5142079357271171,0.9803106178553248,1.1879882776277848
1356,415,2974,3045,16.203537092836683,5.963733477030297,6.403505211335757,6.126984489922997,0.9957922542577063,1.0737410107274694
1357,2313,2308,2316,0.018173031760052357,0.1577216160012905,0.3048452554322606,0.23225976058671957,0.7292068782839337,1.9328058078593762
1358,2280,2285,2283,0.10930740159041544,0.45780624360697053,0.666875406280296,0.5340901836470693,0.858231464508835,1.4566760842449598
1359,3195,2975,413,45.919835498966776,9.954467698191394,10.917321774833228,10.324970140089484,0.9930999669030538,1.0967258225989094
1360,2300,2397,157,0.27376218758420295,0.5936275724361838,1.0051333695710338,0.8471028241014148,0.8425635048553456,1.6932053298098577
1361,2974,415,416,19.077482950512543,6.052925206539905,8.000000000000025,6.818810139291895,0.9331409382534317,1.3216750128279127
1362,2285,2280,2268,0.2799793291922984,0.666875406280296,0.9505184517378025,0.8285906992877597,0.9226865494297246,1.425331392920326
1363,3195,3588,743,32.39175093761269,7.315927582842142,11.254828533215157,9.144526220030686,0.8673321634022242,1.5384007572205634
1364,2403,2386,2300,0.12304185507065063,0.49999999999989847,0.5710809405451531,0.5354367489884646,0.9882392440835187,1.1421618810905383
1365,744,745,743,27.116358236844007,7.141129110756986,10.27010855280006,8.336352785174608,0.8770757621139862,1.4381631242781705
1366,430,745,3196,61.56791313500649,9.798845473295568,15.658861876198229,12.677447708844682,0.8542396882039232,1.5980313108184783
1367,742,2975,3195,46.00267011023985,9.334500884701926,12.156655225473706,10.531425685806488,0.9457717855061009,1.3023358587278016
1368,743,745,3198,38.02161090175715,8.474393033448393,10.27010855280006,9.456189003101889,0.975949093559149,1.211899012975205
1369,742,740,741,25.28124754517881,6.726335613541959,10.109625040668984,8.117709937234666,0.8587816550627998,1.502991468388157
1370,742,3198,740,37.921700969408064,8.743248710923405,10.109625040668984,9.40871368697247,0.9858247453881568,1.1562778750693083
1371,740,3449,741,42.835073869531996,7.517169157493055,13.159759344178457,10.70399689415724,0.823337366065749,1.7506270071175547
1372,742,741,2975,30.180797841449994,6.726335613541959,9.889973819020556,8.650270105754814,0.9083819691094404,1.470336062195488
1373,4253,3187,4094,35.68626351660434,8.511106687855959,10.30719299888029,9.191337849281188,0.9682853706746043,1.2110285274166601
1374,745,744,3196,33.83692006616485,7.597820691966777,12.574635777040244,9.72357783380904,0.7898091932415008,1.6550319212370312
1375,412,4147,3812,26.407864568744483,7.210638965140241,8.416106255390371,7.8557219767809805,0.9843152870876277,1.1671789831772121
1376,2260,2251,2252,0.05931985344225234,0.33102540365525396,0.42931926805978055,0.3770125764602868,0.9528729362077267,1.296937525999952
1377,4147,741,4283,49.17133242189974,9.368860635698233,12.477167859129116,10.888569942657552,0.9449358012319187,1.3317700352577857
1378,1774,2255,2247,0.04651883316332729,0.285620014963634,0.3861242053249274,0.3355865784686897,0.9398839488416901,1.3518807684891758
1379,2270,2197,2203,0.10538194197320075,0.43275640993862796,0.5639150841613816,0.5019442807607816,0.9549836006563172,1.303077369186407
1380,406,3199,405,38.80168765701637,8.0,10.580015168950357,9.663202554602385,0.9455836846571188,1.3225018961187947
1381,2182,2242,2269,0.06352895214514111,0.32941231579500546,0.44086861361067786,0.3910084560529697,0.9463766176184323,1.338348909471351
1382,2520,1765,2436,0.37007972318092186,0.8889780875810422,1.0,0.9288259556808484,0.9877492453059844,1.1248871192326624
1383,2351,2272,2486,0.04109974682633942,0.1649610630898028,0.5392756516880407,0.4014122382592675,0.5012890301836491,3.2691087314008493
1384,2273,2244,2254,0.07391203803748643,0.3640292863236205,0.4565458119835908,0.418454639226558,0.9661974666374908,1.2541458314914902
1385,2269,2279,2268,0.1822825351291494,0.4645209782553964,0.9409009256741206,0.7307097832871531,0.7342459341648365,2.02552945877249
1386,2168,2223,2234,0.07089725410957795,0.3499149621146587,0.4572043861005549,0.41175313113929707,0.9541753094089868,1.3066157083924295
1387,3450,3812,4283,38.310697479107915,8.154686627134025,11.237039500646425,9.665476404896557,0.9312470212581871,1.3779854474427176
1388,3588,744,743,22.45611563043744,7.141129110756986,7.315927582842142,7.202752566291168,0.999501058454404,1.024477707849008
1389,745,430,2972,74.85207254290961,10.923838766831294,15.658861876198229,13.563376911082118,0.9202210306299449,1.4334577990792183
1390,2322,2323,2324,0.023134270448647888,0.17447608355032015,0.283363756640166,0.24444116410318942,0.8588142488790546,1.6240836616351597
1391,2282,2467,2373,0.2354063324109008,0.5892149254766375,0.8537327038860536,0.7641716210894289,0.9071890680576618,1.4489325829542388
1392,2835,2853,2876,17.484363967172193,5.67905615899015,7.713772930720688,6.545445070958965,0.9265683368543624,1.358284319571221
1393,356,2835,2876,30.11895908974459,7.713772930720688,9.101321476281882,8.39826766685056,0.9817196671612105,1.1798793609849696
1394,354,3392,353,27.737593904845582,7.758294659912864,8.146771032962864,8.009381066182373,0.9980590823758441,1.0500723922045985
1395,2635,2611,2627,2.529268768632308,1.972968224341882,3.174290424148351,2.5710630342354346,0.8526017967880216,1.6088907996514699
1396,2590,2621,2517,1.738419617828909,1.8929140782537772,2.2824859318328214,2.0297703242658303,0.9669396987171954,1.2058053548518304
1397,2976,363,364,28.605104387974638,7.776516066932668,8.69442828121165,8.156981449381448,0.9905766270049763,1.1180364325590648
1398,2976,364,365,17.02278414139734,5.603355708311565,7.776516066932668,6.500627385084965,0.9117632082222504,1.387831947808991
1399,2976,366,360,25.47747521630163,7.092602868217043,8.453372133260123,7.733041761249532,0.9788055882181755,1.1918575296441423
1400,2549,2524,2594,0.9305447526802643,1.3875998295878287,1.6075790302539819,1.4756841017776867,0.9827740947166871,1.1585321617771427
1401,362,363,361,31.990332008121413,7.999999999999943,9.272399170482219,8.642357298401727,0.985569130104467,1.1590498963102855
1402,361,2976,360,25.749843037207484,7.506639279262499,8.0,7.7199298538446435,0.9970925787687065,1.065723248764655
1403,398,396,397,13.892444121791845,3.494366281344091,8.369784205989273,6.621383495777788,0.658054975896762,2.395222347088891
1404,396,398,399,18.929599442943147,5.112442337537276,8.369784205989273,6.995344064892241,0.8600019800138778,1.637140069930079
1405,366,359,360,22.62741699796941,6.771265603659465,8.000000000000057,7.2879561572921885,0.9788473125689066,1.1814630333916505
1406,2434,2362,2348,0.273178541196226,0.7390814384228315,0.892684297853358,0.8028590106551392,0.9722968216550578,1.2078294101909914
1407,366,367,359,5.473827713626264,1.9352903476760162,7.999999999999944,5.568851983778475,0.3338497449667687,4.133746654400826
1408,2529,2651,2596,2.008717927843666,1.9213068246967258,2.310263126841625,2.174564298869364,0.9743913481760987,1.202443616576595
1409,2446,2430,2483,0.24737339033735917,0.6522411214399303,0.9300189981808308,0.7831106338558845,0.9122291116928178,1.425882189285551
1410,2890,396,399,9.648198854951353,4.346168191157421,5.112442337537276,4.7512665149719435,0.9827198117266153,1.176310283605428
1411,2430,2490,2527,0.5531476950071516,0.8595280927820934,1.4234211142653397,1.1981388401512094,0.8545009919807481,1.6560495534916784
1412,403,4095,3592,18.63466779343338,6.353610580309956,6.8078978264494046,6.568104058377878,0.9967623345595237,1.0715006436729533
1413,2357,2282,2373,0.10820227730175758,0.46069004772001426,0.5892149254766375,0.5104120729785943,0.9476140701146966,1.2789834041188894
1414,3201,401,402,46.160718907986066,7.999999999999984,13.023264720694765,10.909808813033969,0.8628619338517287,1.627908090086849
1415,3592,3201,402,36.815882585936485,8.036806311903925,11.70616171840716,9.645148828740725,0.8914526942874863,1.4565688488807143
1416,2227,2206,2140,0.05028809367664788,0.3010949606834727,0.37279342952125794,0.3447963616161047,0.9688878614328661,1.2381257682793254
1417,2977,483,482,27.35079702019732,6.122010380010655,9.497151479373857,8.338122895981666,0.8775014386131142,1.55131254111943
1418,2977,408,3403,23.047991816250814,6.512582719482005,10.577097036529487,8.09824950186914,0.7743929719346152,1.6241017568788385
1419,408,409,3403,24.7484012993972,7.205068749595924,8.486692943004266,7.637299182045069,0.9738430713217145,1.1778781352336463
1420,482,483,481,20.033197262769665,6.122010380010655,8.297514742483015,7.014464498299845,0.9240407829596142,1.355357836304187
1421,2338,2346,2340,0.07593640627228876,0.34693769775362887,0.49690906899054127,0.4318831242979246,0.9207099456829753,1.432271765818345
1422,3592,4254,3201,34.119673498513556,7.471532107781295,11.169464727375269,9.277825097022552,0.8917530437950151,1.4949363217943918
1423,395,396,2890,12.670173022915355,4.7951890162211335,8.0,6.072231143148268,0.7542240518502319,1.6683388231282756
1424,395,400,394,30.27375121928071,7.681230656866612,11.999393094124997,9.22687458366387,0.785592204882398,1.5621706507925495
1425,394,400,401,47.7436969716354,8.000000000000064,13.7209637042614,11.240118932795488,0.8347704786915419,1.7151204630326613
1426,401,3201,394,75.06970015482058,12.809278011452259,13.7209637042614,13.184502145469475,0.9964560962426714,1.071173854763246
1427,394,3201,393,37.332148769373816,8.0,12.809278011452259,10.058100844230026,0.8190628259803172,1.6011597514315323
1428,481,2978,389,15.647979049441942,5.801366626701407,6.429135566553442,6.032154548791747,0.990980151959313,1.1082105269752582
1429,3593,3202,391,33.584852975411735,8.607350950135121,9.220400535080229,8.820899347552503,0.9957978586660655,1.071223955953078
1430,2315,2362,2381,0.12896468173532397,0.4313523653846837,0.6485320988684776,0.5681405703835325,0.8964468515775331,1.5034856671995092
1431,3202,390,391,26.333409558793846,7.026238287344781,8.607350950135121,7.877863079159968,0.9732665725124529,1.2250297524975975
1432,389,390,481,22.627416997969704,5.801366626701407,8.778784178065663,7.526716934922358,0.8972340649769625,1.5132269244388685
1433,2241,2240,2421,0.24030503933804714,0.5388240874918641,0.9425042297066533,0.8011850970348123,0.8204832649548934,1.7491872608996615
1434,2978,388,389,18.427652601385745,5.795072322336608,8.0,6.7414026296300165,0.9190440793878267,1.3804832028005392
1435,390,3202,481,29.04173977799684,7.026238287344781,9.214990212504784,8.340004225971743,0.9520038249417123,1.3115112006807748
1436,480,481,483,17.58948874909296,4.873526898450885,8.297514742483015,6.810539167708541,0.8386108336696629,1.7025687793208835
1437,2368,1761,2402,0.1081726993339344,0.490913384805359,0.5090210082364859,0.4999781310139417,0.9991255903116582,1.0368855769502114
1438,2394,2381,2362,0.198564750911601,0.624537246897436,0.8453376110722716,0.7031096188486862,0.9089243990970196,1.3535423471886159
1439,407,3199,406,38.29201581038879,7.542708590144096,11.429200280123284,9.793833788374727,0.8966339197283888,1.5152647279861227
1440,3590,3200,410,59.095177598663284,10.787625570372832,12.793373314347122,11.769374180163313,0.9804935207053876,1.1859304191538573
1441,3192,351,352,32.17149777664238,7.481869295633051,10.093088015810817,8.81713584780969,0.9418970659742147,1.3490061931049582
1442,3864,3487,3196,51.697830265386294,8.818956491162584,12.60839168491915,11.291562668831057,0.9144491053718017,1.4296920160059676
1443,2608,2604,2519,1.1091520730585223,1.304610991648771,2.2960215500694967,1.7725344607595375,0.7745064244643383,1.7599281048274615
1444,440,3589,439,31.80930287134307,7.999999999999984,8.944558777064362,8.601371555287095,0.9904917879043037,1.1180698471330475
1445,1771,2155,89,0.024683203748408235,0.21402824985634153,0.3341952693098978,0.2601825344412796,0.8086774498127817,1.5614540114878008
1446,3595,3203,1714,43.240822599360925,9.150139556633208,10.509364731001188,10.050382825908189,0.9846664020584002,1.1485469337331184
1447,2469,2471,2477,0.07322047099779555,0.3941219925243293,0.4332141594379286,0.41217208564564106,0.9938313252864627,1.0991879866008396
1448,2311,1751,2312,0.0036049023353432177,0.059377520776474305,0.12500000000001585,0.10312584025881226,0.7181883673206134,2.1051737823574057
1449,3544,1717,3119,53.968141573171835,11.04831825430713,11.257800570482434,11.164980426145272,0.9997569339136013,1.0189605613590682
1450,1711,1713,3203,33.481006165156955,8.320730414612054,9.295232592957063,8.820182185670525,0.9918783636323038,1.1171173839058268
1451,2358,2367,2374,0.09880299140808599,0.45494363222709067,0.495748962935987,0.4785929057542881,0.994881058037826,1.0896931571701347
1452,1716,3595,1715,35.90348567643918,7.999999999999999,10.407780230344711,9.26337018797008,0.9554316656684012,1.3009725287930891
1453,1714,3203,1713,29.142945408345046,7.4156471738689245,9.150139556633208,8.295505715038063,0.9709394497404391,1.233896292811266
1454,2406,2276,2419,0.15868370322567785,0.5730313759468046,0.6286523555721172,0.6067686311387187,0.9937906434970922,1.0970644574800315
1455,1712,1713,1711,31.75046318734679,8.0,9.295232592957063,8.613292260547853,0.984608583526001,1.161904074119633
1456,2462,2461,2463,0.24991493171938808,0.5670490553638114,1.0073736348623576,0.8198155024390501,0.816876046442049,1.7765193775272927
1457,2331,2332,2294,0.01141477754962756,0.13857403968285484,0.19881226536431823,0.16812564154437218,0.9130513864737857,1.434700654028176
1458,2329,2333,2330,0.017692021044349658,0.18862713152529553,0.23536556390534916,0.20575022912775331,0.955177542211169,1.2477821297610405
1459,2314,2317,2309,0.013970557631450206,0.14313441431110221,0.24335256465195254,0.1939026625020278,0.8215204679253577,1.7001680960039873
1460,2369,2345,2361,0.16197741153834933,0.5940525216122617,0.6519197310490977,0.6135017198392602,0.9919082978854102,1.0974109314102127
1461,2980,1559,1560,31.546757009240764,7.676514615012861,10.05645393953398,8.721550923262987,0.9455251765974046,1.3100286319870613
1462,1751,2304,2312,0.010218175599868148,0.12500000000001585,0.18119158376729577,0.1587579066693362,0.9148430742684173,1.4495326701381823
1463,2295,2327,2287,0.026397553187180924,0.20163743876409038,0.32461269116564406,0.26275459524466876,0.8518992408596137,1.609883031421714
1464,2980,1519,1520,31.774225295769625,6.3811927786223865,11.221160289070246,9.211444738132244,0.823640569117782,1.7584737961000363
1465,2333,2329,2328,0.029418937171290963,0.23536556390534916,0.34148257451455905,0.27561604613993823,0.8691429982250742,1.4508603928647956
1466,2401,2352,2388,0.24469828916011566,0.7050958513343213,0.7849952899560706,0.7540923495030173,0.9916185345254264,1.11331713052991
1467,2311,2308,2313,0.00895660635093666,0.12500000000006595,0.1577216160012905,0.14591497715493387,0.961567965127285,1.2617729280096583
1468,1565,1566,2610,18.250252394405663,4.738676961930016,8.122627419363209,6.953768127097741,0.8294934473074624,1.7141129232103094
1469,2235,2358,2199,0.06744855457290219,0.3622914822364458,0.4431761372776882,0.399091018470942,0.9711653605134513,1.2232585059464738
1470,3600,2610,1510,26.91892124486718,7.204908114571956,8.306193226134376,7.9319443772351015,0.983958186572745,1.1528520689021788
1471,1566,1509,2610,3.103418024141646,1.5024195639670943,4.738676961930016,3.484227482564427,0.506507002966546,3.15403038909962
1472,2419,2243,2441,0.15556918320602567,0.586072598137818,0.6206720268651679,0.5999614424277134,0.997487672601494,1.0590360798940026
1473,2201,2352,2393,0.11449694424901845,0.47798792323904576,0.6088678425410353,0.5255726281131435,0.9453031092149815,1.2738142805263626
1474,2296,2299,2295,0.009159446648870565,0.1417322514554084,0.14789713748429273,0.1455144004824724,0.9986347554433894,1.0434967056938618
1475,1752,2321,2329,0.029363779688952832,0.2500000000000126,0.28675728539923406,0.26225242846642877,0.9817038451039202,1.1470291415968785
1476,2309,2308,2312,0.007209804670693232,0.11875504155301882,0.15058678543327234,0.13144727566211042,0.9531879000462947,1.2680454106535095
1477,1515,1516,3207,30.13808576330041,7.548489432162622,9.125215754406632,8.4170431260048,0.9765286521376702,1.208879715128949
1478,1511,1514,3205,29.054261987396846,7.464571063710225,10.721687394950813,8.657126131053738,0.8703375172858678,1.4363434018433279
1479,2426,2359,2384,0.25485379574742634,0.6065479617106534,0.9101924822529022,0.7984880755375023,0.8969638131909938,1.50061089923685
1480,2279,2219,2420,0.1899893086268367,0.6459039003048345,0.6791633390560653,0.6628080364468628,0.998321964551069,1.0514928594416817
1481,3600,3205,1515,25.757618289065352,6.750009466115389,8.986868441327339,7.875882107996081,0.9462505501035714,1.331386050114572
1482,2297,1751,2311,0.007869839286602493,0.12499999999994663,0.15093216417301006,0.13620017285057054,0.9735286647227486,1.207457313384596
1483,2394,2519,2447,0.8084890212153557,1.2625664362251547,1.7435937059974773,1.4297752335479295,0.8918385089978553,1.3809916500002226
1484,3208,3206,1561,28.61795675980475,7.58409760648782,8.783262817597222,8.17417741718077,0.985584163272958,1.1581157407683647
1485,3209,3208,1562,26.758886701055356,7.2057872578926565,8.854041626328556,7.953551082575399,0.9697689490281359,1.2287403595811865
1486,1752,2329,2330,0.014445342459677659,0.1534248545413149,0.2500000000000397,0.1973506620222167,0.8228973678690125,1.6294621933809206
1487,3209,3207,1516,28.751045846073637,7.6712532618630584,8.57742419144515,8.174014601506505,0.9916570745830158,1.11812553941962
1488,3208,1518,3206,30.480603609857795,8.142102929620084,8.95328760472793,8.41685412060176,0.9916125413392437,1.0996283984763746
1489,1517,3209,1516,30.69836282952291,7.9999999999999485,9.110741903975248,8.4613694183955,0.9871447751349312,1.1388427379969133
1490,2098,2142,2115,0.00908954709851517,0.1361192113087403,0.15284312800196423,0.14537229507270555,0.9910346692534675,1.1228622802940826
1491,2134,2023,2152,0.010108476605187565,0.1267702687467013,0.1792403091496301,0.15723402150288973,0.9257399915009433,1.413898628768933
1492,1563,3207,3209,36.66796261992537,7.6712532618630584,10.337494421432588,9.424423276933803,0.937178260823159,1.347562656133973
1493,1511,3205,1510,23.992315221858355,7.160273616121473,7.785119934500178,7.456981517397897,0.9952532660244524,1.0872657040607852
1494,1742,1743,3597,30.717723858265146,7.6227100917491635,11.73857453397188,9.157409383466563,0.8132556585731184,1.5399476554510103
1495,2141,2277,2414,0.043948172620704024,0.288766703037658,0.3690855221306777,0.3241936620800033,0.9554934676732385,1.2781443229018872
1496,2440,2418,2392,0.5270693085765638,0.999999999999922,1.230813582358471,1.1154115177078572,0.9714230264090173,1.230813582358567
1497,2980,1520,1558,49.90755817309113,9.199817107895331,12.564492389408134,10.995156595457905,0.9385267156962415,1.3657328446915777
1498,1469,1424,2543,1.424523904399881,0.8617420860561936,3.5057948516457462,2.5625577035431513,0.41025879223721895,4.068264633203879
1499,2287,2319,2298,0.00914587038751711,0.12309757678596736,0.17889664674961384,0.150811173536419,0.9079431365597854,1.453291376000566
1500,2543,1468,1469,12.6496568702687,3.5057948516457462,8.0,6.240805107788137,0.6827081965789983,2.281936148158958
1501,2316,2308,2305,0.03469671974096268,0.2500000000000126,0.3048452554322606,0.2862816817576686,0.9698984002848948,1.2193810217289809
1502,3210,1427,1428,34.472715296561866,7.739870782802897,10.336907153165749,9.109195427174601,0.9464967498676342,1.3355400165249744
1503,2474,1748,2473,0.11661087021728016,0.49999999999995476,0.5422917981324401,0.5198236917670965,0.9955012386911334,1.0845835962649784
1504,2356,2266,2228,0.06586446507319137,0.3224799460054942,0.478257810802787,0.4052761228451709,0.90356565400056,1.4830621771272525
1505,1429,3210,1428,33.77343056034101,8.0,9.43928307834216,8.896697141299105,0.9803570551090346,1.17991038479277
1506,2235,2225,2281,0.04943978879277532,0.3005732009348737,0.36834901508237095,0.3414877588059159,0.9718932685141931,1.225488546339773
1507,1427,3210,3601,37.0987983591401,8.63393403810484,10.336907153165749,9.345765906389449,0.9750790665083924,1.1972418491437438
1508,2180,2195,2352,0.09041537004637945,0.36573834017711904,0.5657543627954105,0.47805935130527005,0.8866028929821071,1.5468828412176532
1509,1430,3979,1429,27.10045479862667,7.105534771341318,9.77028404439203,8.189709398317905,0.9152913787354984,1.3750244504887117
1510,3954,1433,3211,38.6395763804653,9.003696001559168,10.321278054279958,9.503434538516343,0.9843260928445474,1.1463379097309176
1511,2120,2148,2228,0.03473323863733842,0.2748129257296891,0.2986355663668726,0.2838286155304613,0.9943342037160465,1.0866867545401264
1512,1434,3211,1433,33.898183440810215,7.999999999999964,10.321278054279958,9.018054972409574,0.9516249104908661,1.2901597567850005
1513,3211,1434,1435,30.077804830607466,7.91718722354455,8.732886862948801,8.354382914341334,0.9936114095301719,1.1030289693009254
1514,3867,1431,1432,25.00504970833768,7.464316213337273,7.772000058342049,7.602363476111443,0.9988666949056716,1.041220633774197
1515,2150,2151,2153,0.02379813909893637,0.2169019535672654,0.2681675707129416,0.23776779783430846,0.9639133461154812,1.2363538746541431
1516,1438,1439,3212,38.17703214001205,8.000000000000004,10.733053855249267,9.588376557004727,0.9451733185141968,1.3416317319061577
1517,3212,3606,1438,41.335628318501406,9.033925384804403,10.391454618567249,9.819151939712187,0.9867175697733069,1.150270140159259
1518,4024,3624,1440,42.35476941681623,9.394288982280642,10.359439897963343,9.913742651576337,0.9936396353898685,1.102738048350775
1519,2174,2167,2133,0.01785404458324153,0.17095646102666467,0.2297928858633263,0.2075775721444253,0.9420364483629613,1.3441602878494583
1520,3971,3954,3211,51.78767173913487,9.003696001559168,12.642032135825554,11.249514677456013,0.9262449971131851,1.4040936226230134
1521,3604,1435,3871,36.70554090157299,8.038861018191545,10.577907943378841,9.379905119292587,0.9517275795724787,1.3158466005870184
1522,2279,2242,2219,0.12363573801392175,0.45272676768486375,0.6791633390560653,0.5600905236690897,0.8858540084529044,1.5001616593804337
1523,1765,2353,2246,0.12465659539532581,0.5,0.5665588046753436,0.5386982037404086,0.989309868304465,1.1331176093506872
1524,1521,1557,3213,49.05636532277973,9.102633823713179,12.656825180495574,10.938963093243947,0.9303419833999933,1.3904574682025994
1525,1521,1522,1556,49.10192098767762,7.865356481420482,14.69187777032253,11.681149445229218,0.7845292650085374,1.8679226815755434
1526,2078,2060,2087,0.004887734000332323,0.09709169753605994,0.12008707180165878,0.10757206864598524,0.9679116419870534,1.236841819117009
1527,3214,1522,1523,31.194448232182975,8.000000000000044,13.001688612409684,9.720723939355327,0.7212767235089004,1.6252110765512013
1528,2117,2103,2078,0.01230894512789055,0.1384205942427409,0.1981582670308646,0.1738681116147853,0.9203280618861827,1.431566365647621
1529,2067,2114,2130,0.014693032176905506,0.14948710106125723,0.21614280181040538,0.19035139910608026,0.9149141127031005,1.4458960022365661
1530,2119,2111,2070,0.009257272861893734,0.12998809150931784,0.15876124006300216,0.1477496847670661,0.9721711286028518,1.221352188647387
1531,2166,2174,2242,0.050707534668718565,0.2908862050149021,0.3868987783304066,0.34917780928945313,0.9468834844210146,1.330069187401258
1532,2264,1787,1785,0.05708134177968466,0.3426356194641218,0.39359605275062054,0.36500839190485074,0.9860898518517579,1.1487306934585502
1533,3215,1555,3607,37.44724769843836,8.046251742666055,10.742205355063925,9.491879436015575,0.9469430126317131,1.3350570798204469
1534,2140,2130,2114,0.022790017926691324,0.20542429444657823,0.2973795381438456,0.2416035040783171,0.8775748376803946,1.4476356798254983
1535,2178,2177,2176,0.010778462434566517,0.14304517435403993,0.18275948823209204,0.1605445470818859,0.9555925892767175,1.2776347685784792
1536,1441,4024,1440,29.5415716420975,7.42191934837585,10.359439897963343,8.593786415446411,0.9040079809892322,1.3957898774836883
1537,2176,1795,2178,0.008729884696242148,0.1250000000000781,0.1558289786595257,0.1437611164696774,0.9670349400581442,1.2466318292754266
1538,3215,3607,4097,38.504476678685435,8.046606205865038,11.595328740863492,9.776372052348423,0.9103396447894261,1.4410210272763007
1539,2201,2248,2147,0.054382053109105,0.3377186168357926,0.38019759560577054,0.35579165113739425,0.9896104368817249,1.1257821649513398
1540,2207,2132,1753,0.010229781215620409,0.1168152200618502,0.20502811927276257,0.16576212737949744,0.8197071826205081,1.7551490222267805
1541,1526,2981,1525,26.972092004380496,5.683439840051015,10.84344001055258,8.676182235626195,0.7780876342343982,1.9079009043324804
1542,2207,2142,2132,0.009747847394103868,0.11710071328687315,0.1775730606748066,0.1567056055885198,0.8883267474958858,1.5164131429309777
1543,1525,4097,1524,32.25343054748008,8.000000000000014,9.154509964460535,8.670647516434988,0.9876210849542437,1.144313745557565
1544,2086,2026,1992,0.006666656081461685,0.0986094062367807,0.14995301121714372,0.12931026518354563,0.8945385858230995,1.5206765453700923
1545,2377,1769,1759,0.3187206691145637,0.7873449895975246,0.9999999999999384,0.8737937235022596,0.9536317885311082,1.2700912728372333
1546,1520,3213,1558,39.058787422626565,7.108886881764004,12.564492389408134,10.236345231792196,0.8195538444010757,1.7674345644237304
1547,4024,3233,3625,46.4857878154031,8.902943581183424,12.206701710969353,10.622317786908893,0.9362686705726438,1.3710860458296623
1548,1710,1711,3203,32.52203226237142,8.0,9.30167480697035,8.715419452137601,0.9850116013492273,1.1627093508712938
1549,3204,1740,1741,25.358799582131745,7.496292315388273,7.779385746553039,7.655404226024459,0.999052377566502,1.037764459982922
1550,2437,2418,2439,0.18939833404465,0.5000000000000845,0.863664591161183,0.7086819622012811,0.8320051997243872,1.7273291823220742
1551,2395,2404,2378,0.20780133932448452,0.6047324695553202,0.7761014456956529,0.7033879357612395,0.9598208491276344,1.2833798163117418
1552,2588,1743,1744,12.17039516468978,3.310711914097314,7.999999999999968,6.221506319251074,0.6534364081677835,2.416398710481343
1553,1744,1730,2588,1.8528727579588864,1.2053871302346124,3.310711914097314,2.530168735825996,0.5870861273364614,2.746596368133554
1554,2114,2243,2140,0.060245088133910975,0.2973795381438456,0.447253250535044,0.3879829584494198,0.898974313658787,1.5039812534738113
1555,1511,1512,1513,38.120338311710135,7.772572929539203,11.247598267078365,9.696013461738026,0.9161314867269417,1.4470881610299897
1556,1731,1732,3216,44.83465973218929,8.0,12.182287168961022,10.615485169104256,0.8914159248188838,1.5227858961201277
1557,2261,2258,2250,0.1036199806727522,0.3859710547256591,0.5968050128623488,0.5113878937735717,0.8871967922669545,1.5462429256166539
1558,2162,2161,2192,0.036038706607709,0.2639190029635435,0.36461711673673924,0.30085090766856804,0.8991641605987578,1.3815493111237076
1559,2083,2190,2221,0.022863860496899046,0.22432814967934933,0.23981211927193838,0.2301062268749062,0.9963257164108237,1.0690237476425566
1560,2117,2078,2087,0.0104356819961228,0.12008707180165878,0.18502547357075036,0.16263547597068742,0.8809731287473878,1.5407609728076872
1561,1533,1534,3217,24.10466976942626,5.769694671050777,10.089501742543025,8.071864629756694,0.8149749084722493,1.7487063558435276
1562,1788,1776,2175,0.011103705854967392,0.13697533344136087,0.18151155920114748,0.1632682341248571,0.9490522243615219,1.3251404807045246
1563,2053,2077,2071,0.004301429830181287,0.07268125972258944,0.13095207740822956,0.10772142783309102,0.8116086117378453,1.8017309813843176
1564,2072,2042,2079,0.002248100268719355,0.0591113732165101,0.09230271197044103,0.07592753502489437,0.872756462917801,1.5615051207211748
1565,2050,2062,2032,0.0032688357192927654,0.07463419688446726,0.10378648868723483,0.08934911906168158,0.9291203250787519,1.390602338066221
1566,2056,2065,2043,0.003147323788213352,0.07817579375643781,0.10097673561717699,0.08716565545726551,0.9444281355154753,1.291662428548882
1567,1528,1529,2982,19.295906716807764,6.334169586501722,7.541217839891124,6.751491639787987,0.9709592078721889,1.1905614046017419
1568,1534,1535,3217,28.075868372315195,7.8277852403067785,8.356397475676282,8.061394238661011,0.9969847886540214,1.0675302424813058
1569,2376,2197,2270,0.12934349554086313,0.5225275762668011,0.5639150841613816,0.547397009403401,0.9958067004588511,1.0792063611078166
1570,2016,2082,2051,0.004506382348970296,0.08757569772011889,0.11424924288629272,0.10383899042026339,0.9531792510641315,1.3045770214862482
1571,2486,2272,2485,0.061649620239513446,0.24744159463467136,0.5392756516880407,0.42890574877425874,0.7094497800149521,2.1794058209341887
1572,2193,2117,2171,0.026904820678869967,0.2247801518229324,0.28623600556377926,0.2532786482210509,0.959013984159487,1.2734042718738703
1573,2343,2348,2347,0.06850258179657732,0.3069901767667164,0.493292659106624,0.41898393667387196,0.8690280143510516,1.6068678949342405
1574,2168,2153,2223,0.05335809182290506,0.26511008380916773,0.4281400452026776,0.37102787852695523,0.86001608938021,1.6149519439285553
1575,1733,2983,3439,36.29581417039374,8.580831813061454,10.564110165860056,9.299907863874214,0.9602389274132179,1.2311289157048528
1576,1735,1736,2983,23.125119194958966,5.660499582500969,8.83580380215912,7.661272841045516,0.8795772708733356,1.5609582994183724
1577,2315,2310,2307,0.02827311709305487,0.18805341947502835,0.3336017109137836,0.27516279680530076,0.8196964138689973,1.7739731180909615
1578,2166,2242,2182,0.053864965282956645,0.32941231579500546,0.3868987783304066,0.3552004958211202,0.9815377086612459,1.1745121836038916
1579,3807,3216,3439,44.652760895395474,9.557875602592166,11.281021210584194,10.242425534023171,0.9777774942478683,1.1802854190239407
1580,1737,2983,1736,33.08970283198868,8.000000000000016,9.61239762507364,8.816067142410924,0.9777479446949985,1.2015497031342026
1581,2135,2193,2232,0.04599310923872939,0.2833015094640397,0.3711947161740278,0.3317535848682382,0.9535675937409193,1.3102461645060335
1582,1734,1735,2983,28.992804905968903,8.000000000000021,8.487515138476462,8.191124861931138,0.9972644510982175,1.060939392309555
1583,2332,2331,2333,0.016784778212552674,0.16699061958594344,0.25710480549493825,0.20841128088441832,0.8649484851380064,1.5396362150906124
1584,2215,2109,2170,0.009259070589609925,0.03704263644213105,0.5020540163885369,0.3463655509435422,0.12742322225907632,13.553409384692648
1585,1792,2176,2175,0.011500266778365797,0.15661950256822463,0.17131780973218438,0.1633134458879498,0.9944055110276281,1.0938472343669785
1586,9,2225,1770,0.05576697359778303,0.3303071024660361,0.40301167709666036,0.3628491377722556,0.9714774834773761,1.2201120535641528
1587,1536,1537,3218,25.471123165930635,6.372821425528603,10.424372493678192,8.26573130640228,0.8274043095019821,1.6357546834624395
1588,2101,2169,2219,0.05062787524342892,0.2629604775088223,0.4170579215554422,0.3595179487133362,0.8727201374822995,1.5860099034899644
1589,1538,3219,3218,43.92588354187539,9.256668853589469,11.238086234311384,10.174208150217202,0.973727358825687,1.2140529613904876
1590,2257,1777,2412,0.0413425003140393,0.25,0.41066653404745646,0.33049059657507435,0.8410064737754239,1.6426661361898258
1591,3217,1535,3608,33.93004654854572,7.8277852403067785,9.656487752752899,8.953754320565869,0.9695786234606915,1.2336168477169989
1592,2095,2197,2188,0.06091583509507766,0.34114194028761374,0.44662550848786,0.3840895309866497,0.9405500801555065,1.3092072704731468
1593,1776,2181,2175,0.011946146108901004,0.14812980675543264,0.18489183889273722,0.16811315179341094,0.9682734710784261,1.2481744420149008
1594,2199,2204,2235,0.0393504153045428,0.24780868264495315,0.3622914822364458,0.31202497711498306,0.912030643293301,1.4619805826397028
1595,2195,2256,2352,0.11926070496791645,0.454324130412211,0.5787195258018428,0.5329326730031548,0.9592034934652156,1.273803188214474
1596,2108,2238,2253,0.07021401579685907,0.35464706667587687,0.45332914582871425,0.4086589123195374,0.961365453454266,1.2782543221851206
1597,1989,1996,1994,0.0012069374194647953,0.048387471672718375,0.05786911801079422,0.0532198528998799,0.9789100498318799,1.1959525060992542
1598,2225,2275,2281,0.04526332205459212,0.3005732009348737,0.3452185825503016,0.32485643323447067,0.9873391281322559,1.1485341390269233
1599,3216,3807,1739,71.34419013619674,11.281021210584194,14.38055904215386,13.022130414414574,0.9621142698324017,1.274756848135485
1600,1541,3220,3609,40.18108131405644,8.800793918378448,12.288569538306104,10.079606993861487,0.8917506599773917,1.3963023850205416
1601,3046,2981,1526,52.43746305867075,10.832805409134723,11.362836159970472,11.013027193219258,0.997949398624337,1.048928299809466
1602,1527,1528,2982,16.714268378278593,5.895858681652613,6.448537423473818,6.22618856387605,0.994276115962239,1.0937401609609625
1603,2086,2135,2190,0.022157464835848635,0.22368585615269734,0.22960577098869034,0.2262499937895144,0.999516736372105,1.026465306916642
1604,1553,3438,1552,31.82019691733018,6.844009774945369,10.810948769174164,9.01606973025468,0.8750013112537541,1.5796220526672846
1605,2982,1529,3046,27.916660326188456,6.379087492971113,9.695852774362896,8.367192817389034,0.8946713201338207,1.5199435318995713
1606,3872,1545,2984,38.49836675019476,9.26853711295865,9.64219347576563,9.433009097215345,0.9989016411932409,1.0403144917318783
1607,1953,1890,1966,0.0003274239271068727,0.025682624024305985,0.02972269781870093,0.027648519971452724,0.9856436512876069,1.1573076719330324
1608,2984,1530,1531,26.93448178010307,5.706272825494169,10.261208136442255,8.518978085776842,0.8120025229827234,1.798233006069706
1609,3872,1531,3220,44.02119769953362,9.419716748253315,10.546099240698693,10.11816523820414,0.9906191592664679,1.119577108584952
1610,1551,1545,1546,39.77531517890408,7.449067016542749,12.828407277981889,10.320733108052458,0.8245212202286659,1.7221495322156186
1611,1961,1958,1912,0.0020065436495338832,0.06632857426365572,0.06944406214609568,0.0681102664926606,0.9985320502108816,1.0469705238960196
1612,1972,1958,1984,0.0007910876946948494,0.03500056586750318,0.05079273614192388,0.04417403207833548,0.9152202237575515,1.451197570182235
1613,1794,1789,2104,0.008724340314618578,0.1196766461322982,0.17131780973205885,0.14659695171201692,0.9184251594212886,1.4315057721677227
1614,2098,2022,2131,0.007920929442068793,0.12499999999995834,0.14327941510936304,0.13590776261947757,0.9870360819208241,1.1462353208752862
1615,1548,1549,1547,38.280347196566495,7.787267900789573,11.299789347174022,9.721824834502918,0.914842561763457,1.4510595360445098
1616,2076,2034,2022,0.0053970496521792265,0.10590929074252131,0.12499999999995834,0.11273461858411658,0.9749166402044998,1.1802552837772176
1617,2117,2193,2135,0.03113483014765138,0.24145670797574975,0.28623600556377926,0.27033140766785624,0.9783044093401492,1.1854547672890778
1618,1546,1547,1550,40.833333333333485,8.0,11.299789347174022,9.994838125602252,0.9249728224093002,1.4124736683967527
1619,1975,1973,1976,0.000703267133473854,0.03664885280668386,0.042738757775970575,0.040570364034563065,0.982132838497622,1.166169047675513
1620,2102,2133,1789,0.00942026183673777,0.13614297337699874,0.15998239392664435,0.1484556218563524,0.9828799322123237,1.1751057726911176
1621,2111,2124,2087,0.009508669018062962,0.1293419833383718,0.1611414321215628,0.150200531756336,0.9640624111605337,1.2458555834883125
1622,2012,2013,2017,0.0016002151257514933,0.05163887413713821,0.07576041764188331,0.06329976392637542,0.9004384029212065,1.4671198570419082
1623,2067,2130,2066,0.008105621990577065,0.1261044252631035,0.14948710106125723,0.13781985555533136,0.980807016229852,1.1854231185731052
1624,2208,2142,2207,0.008945306949458835,0.1195389684836462,0.1775730606748066,0.1495610490871453,0.9008561579636059,1.4854826248488155
1625,1997,2005,2039,0.0015416792486273574,0.05369729258249815,0.06433685907381083,0.060178050552096046,0.9773248950782769,1.198139719520617
1626,2118,2035,2108,0.029911025196642762,0.24323149822510787,0.2779648576638184,0.26405314565860716,0.9875273243841017,1.1427995950037904
1627,2099,2052,2103,0.006656472598637565,0.109572796505622,0.15169815005491574,0.12806882527411315,0.919925352709752,1.3844508390103227
1628,3872,1544,1545,27.916075565625647,7.398389565682263,9.64219347576563,8.23841620950905,0.9361095664757354,1.3032827468955333
1629,1966,1890,1937,0.00034788808315762155,0.025682624024305985,0.03125000000008263,0.02861586873957632,0.97492289013712,1.2167759793745254
1630,2014,1999,2048,0.00499522346243178,0.07911992898689428,0.13356038028434886,0.11462378648465932,0.8377729572771628,1.6880750778539284
1631,3610,1542,1543,24.012974528908874,7.401713300015375,7.52653618750814,7.447489872313469,0.9997716460534996,1.0168640532851367
1632,2012,2041,2050,0.002776050996930087,0.07202430540657961,0.09989647473527347,0.08315769537628058,0.9080257962751921,1.3869828271352918
1633,2254,1747,2118,0.04015795332846764,0.26421571640832703,0.36448785024709396,0.3130539117451349,0.9303679793616895,1.3795085894277512
1634,1762,1783,1934,0.001157383823702192,0.0379549495830019,0.06564535959427373,0.05536676972577156,0.830413514627377,1.7295599207875898
1635,2019,2020,1998,0.0015190662686062405,0.0493501860350552,0.0726455501758444,0.06149857873693879,0.905787012877923,1.4720420734430801
1636,2163,2093,1799,0.026797296057912215,0.23059187058412298,0.26220175507383775,0.2498670433145657,0.9882082119646857,1.1370815216063008
1637,2068,2060,2074,0.0030008428198483074,0.07274354877681681,0.09429173111663383,0.08462492859353266,0.9570419736702938,1.2962212141440697
1638,2055,2098,2115,0.0076650807289460055,0.125,0.14715454590741212,0.13411363694027065,0.9792964158857139,1.177236367259297
1639,2082,1991,2026,0.004665947717220264,0.08102832316326106,0.13427700023348285,0.11036529172365528,0.8506258209288302,1.657161286220041
1640,2035,2083,2108,0.025839884408334478,0.20744843893424564,0.2709630810868952,0.2490592858867912,0.9487669788435069,1.3061707404449625
1641,1474,1475,1478,29.266678751272543,7.53693027732973,10.289541723512901,8.544153004780796,0.9067680201702607,1.3652165198426645
1642,1997,2039,2044,0.0011400792462937248,0.04835757972626517,0.05369729258249815,0.05145719487114033,0.9924370869058259,1.1104214248616073
1643,1986,1992,1964,0.0016030057931744582,0.04726308299400024,0.07618430408838409,0.06414598199629913,0.8678188212057311,1.6119199015869365
1644,1477,1475,1476,40.833333333333414,8.0,12.216037485127362,10.168526402880126,0.8865437143016112,1.5270046856409203
1645,2015,1996,2021,0.0030633854688989206,0.0763465775710539,0.08949712951145723,0.0846992946982953,0.9813394141939038,1.172248087062769
1646,1961,1979,2003,0.002766316869981235,0.0730200932886824,0.08495487055004979,0.08042269342273228,0.983506865928588,1.163445111117342
1647,1569,1571,1568,40.83333333333334,7.999999999999972,12.216037485127302,10.168526402880106,0.8865437143016129,1.527004685640918
1648,2003,2028,1961,0.002826444188221241,0.07468320201424973,0.08557313655646624,0.08118315166672688,0.9871002748058785,1.1458150460680394
1649,1783,2025,1934,0.0019399867738265765,0.06219167222974544,0.08548399600579575,0.07005855607852675,0.8911953272446433,1.3745248027743158
1650,1933,1973,1960,0.0005185858595608533,0.03287660676706888,0.03727623489002973,0.03476049024515824,0.9883680098693067,1.1338224517552027
1651,1570,1571,1569,28.008012282681378,7.335457069369319,10.289541723513047,8.424648264752005,0.8893405934744666,1.4027130997029624
1652,1999,1907,1913,0.0022362441886361237,0.05862950363121987,0.08196415979430027,0.07402651272166132,0.9224591982786152,1.398001939601188
1653,1983,1971,1957,0.0005058584825135805,0.031542610556383195,0.038560627387849745,0.03458067163953188,0.9699079982362494,1.2224932149772978
1654,1572,1567,1568,29.26667875127281,7.536930277329737,10.28954172351305,8.544153004780865,0.906768020170253,1.3652165198426829
1655,1988,1995,1993,0.0018727315028748692,0.05992599680497902,0.08150100266641246,0.06813039679577709,0.9138356798384233,1.3600274840925275
1656,1995,1988,1970,0.0012968692053337864,0.045969444545270875,0.06203421402950528,0.05597655179325173,0.9405829119536736,1.3494662518363423
1657,3219,1539,3609,32.378859090795544,7.635906012775717,9.880358953894207,8.792258616886937,0.9568759122719788,1.2939340711322629
1658,1985,1991,1976,0.0012993165488667576,0.04840940823262867,0.07359450906973716,0.05857303937756888,0.8456529176395505,1.5202521938727886
1659,1999,2027,2059,0.003494234928463895,0.0825190315536278,0.09584718932361844,0.09034729520783173,0.9847026384253933,1.1615161680772863
1660,2493,2495,2496,0.19809130748966783,0.630809784319991,0.7515710535728007,0.6823984479794553,0.9769771624129611,1.1914384847137234
1661,2085,2116,2119,0.012340436671711839,0.14141816907076826,0.20171866277797462,0.17408190810644233,0.9216072243412402,1.4263984896949902
1662,2104,1789,2133,0.012762070511732579,0.15998239392664435,0.18701182973790348,0.1727706777988689,0.9833251231917097,1.1689525650157027
1663,2094,2101,2102,0.00940244698869334,0.10924146612560616,0.1882703176244058,0.15759543009443933,0.8340793081015405,1.7234327247854038
1664,2082,2083,2051,0.00835173837081285,0.11424924288629272,0.19489073715664598,0.15202375217493727,0.796740332376,1.7058383253411336
1665,1066,1067,3614,24.33117291249903,7.2745841712261035,7.85247260724279,7.508693488773242,0.9955403206914378,1.079439377209005
1666,2097,2140,2206,0.0334635964046639,0.26115906522878757,0.3010949606834727,0.27949467442687664,0.9858710097620106,1.1529178985983097
1667,3221,3612,1455,49.87831946506324,9.906615265198782,11.721262419149204,10.809717854608174,0.9811768606335471,1.1831752930110393
1668,1454,3873,3611,50.85277294050065,8.174485647737745,13.578770632609002,11.497408874726284,0.8520671571660078,1.6611162118031084
1669,1912,1972,1945,0.0006017966805938117,0.030191368484834114,0.0491002106884557,0.039728780054100375,0.8484777062388623,1.6262996065620534
1670,1958,1994,1984,0.0009089015868456926,0.03961642634066856,0.05525081582186747,0.04719867879603847,0.9252627024231763,1.394644114205458
1671,2031,2110,2000,0.006058656035567962,0.1139707448176534,0.1274846445974883,0.11879235392333133,0.9888558134357924,1.1185734093556758
1672,1435,3604,3211,42.63300025381848,8.413074656530654,11.476267541312067,10.155750047073854,0.9395419903862624,1.364099096922147
1673,1801,1938,1937,0.0005299337784909114,0.03124999999995643,0.04068095408519399,0.035655364672287214,0.9514183959880763,1.3017905307280226
1674,3616,1081,4098,45.360192621304364,9.270583500611835,11.856056910952965,10.415369912588407,0.9554629653437338,1.278890040758545
1675,3618,3875,1068,34.29406901544855,8.229364759122092,9.366680192619768,8.940468685843129,0.9876617254960247,1.1382020929667729
1676,1862,1843,1852,0.00036819712630571395,0.02456342608275678,0.03523929078602674,0.030128256977351234,0.9174635221023537,1.434624415474529
1677,1839,1831,1806,0.00019045186297832051,0.016100877577233493,0.02540500265293085,0.02204415460749412,0.8731856543143327,1.5778644692543538
1678,1083,3126,1082,38.88521757092799,7.537032672561091,11.82457077913458,9.943139114672269,0.8798253517605068,1.5688628791782295
1679,1861,1747,1860,0.0002893459559251471,0.004630329555264916,0.12499999999995834,0.08487677651839304,0.06410474188587419,26.995918650720462
1680,2000,2003,1979,0.0035164592604953184,0.08495487055004979,0.09925743942934166,0.09077691658425939,0.9810147382640738,1.1683549016870758
1681,1810,1817,1816,8.6312660422019e-05,0.011115503697310096,0.01815150458358392,0.014964002760264881,0.8577388510840026,1.6329898381462018
1682,1830,1815,1813,0.00016954311267270935,0.016100877577233493,0.022680203984282967,0.020399599766131597,0.9204230418551399,1.408631540454204
1683,3618,1068,1069,31.8878266426829,7.440066304400446,9.471938690805759,8.71245536699791,0.9597959275762239,1.2730986933817454
1684,3618,4297,3875,35.183053367546876,8.229364759122092,10.525658711391634,9.185884055308728,0.9521759792007259,1.2790365987513368
1685,1889,1932,1898,0.0003841727512318096,0.025607978670519827,0.034422665795394485,0.03042688148865556,0.9447603012918099,1.3442164349747063
1686,1831,1839,1855,0.00017721750360025372,0.017930695905813084,0.02540500265293085,0.02106691829654192,0.9017692042386765,1.4168442087456636
1687,1935,1934,1967,0.0005425236673591884,0.03124999999995643,0.0416443346200137,0.036194729139417466,0.9433153437078244,1.3326187078422964
1688,2075,2089,2070,0.0027295029291904594,0.06662792950243031,0.08955041546606338,0.08119953656264349,0.9407831536599687,1.3440371948342917
1689,1899,1909,1858,0.0003541981119413434,0.0264926852333064,0.030383801989230446,0.02873711020002179,0.987280858592871,1.1468751363501712
1690,1075,3617,3874,57.58554906899227,10.70003744963294,12.179456552238552,11.582665012306899,0.9882908219577192,1.138262983617535
1691,1921,1948,1895,0.0005034124345487201,0.03006407328258865,0.04043354252193993,0.034932095128968076,0.938797393107196,1.3449123191619103
1692,1955,1935,1954,0.00059780983270254,0.03124999999992681,0.04601529065814144,0.03864837076158148,0.90232233515862,1.4724893010639748
1693,1868,1847,1884,0.0003156751014457139,0.021101730026390104,0.03420617838893122,0.028522343431937863,0.8641231647439169,1.6210129854828261
1694,1914,1878,1892,0.0005750852867099789,0.032987611522915544,0.04070369717223419,0.03685348903040295,0.9707622897855619,1.2339085885002163
1695,3869,3224,4478,69.19098683508496,11.862963653968235,13.387178956213948,12.686843610384082,0.9903248205385061,1.1284852037573134
1696,1452,1453,3224,37.26960609706724,7.526536187508155,10.68808582975007,9.573601288876036,0.9180400079924991,1.4200537356731455
1697,1865,1896,1885,0.0005724702563628171,0.032070091572899806,0.04041202323909052,0.036840918489103584,0.9653121386226498,1.2601156172949597
1698,1968,1967,1934,0.0007652000007820283,0.03124999999995643,0.05207170776674831,0.04471190063816207,0.8455163229801463,1.6662946485382693
1699,1921,1924,1965,0.0005131605090060028,0.03171220854596138,0.04118332445369093,0.035285277130668445,0.9385363001007779,1.2986583508998688
1700,1452,3224,1451,40.79626144513463,8.0,11.577253974486123,10.027811941285336,0.9164500064312632,1.4471567468107653
1701,1456,3613,3221,54.350545789642595,9.913224063010189,12.099795303781054,11.327317255028502,0.970662998112803,1.2205711509063686
1702,1893,1928,1929,0.00046863784647646,0.03020253830326257,0.03458720635286292,0.03307591303325717,0.9855437250728469,1.145175481794744
1703,3617,1076,4099,47.57649076229665,9.928818621322453,11.810068738992173,10.596370169489953,0.9721395036654925,1.1894737117696637
1704,1965,1978,1921,0.000794154535836752,0.04118332445369093,0.04508154434681044,0.04291921357474047,0.9942205955265472,1.0946552990762781
1705,1867,1859,1880,0.00029168087686726646,0.02124060008414349,0.030948999170487157,0.02684187187359796,0.913600894969327,1.4570680229317614
1706,1870,1877,1865,0.000316291929531158,0.022294186081691064,0.0338018191602104,0.02824682127861626,0.8907507452110708,1.5161719309398738
1707,1944,1801,1800,0.00043842511796649296,0.02894214285234181,0.037024572552658695,0.032405571801642434,0.9536799249967087,1.2792616200380238
1708,1074,4023,1073,17.88927153528256,4.756361661894993,8.000000000000057,6.849513419538137,0.8411812668232269,1.6819578847611765
1709,4023,1072,1073,17.662364027711487,4.756361661894993,9.169252262116801,7.1261263722856425,0.754234685273759,1.9277870174539373
1710,1076,3617,1075,45.18436971107658,7.999999999999943,12.179456552238552,10.66317509707689,0.8897995209092876,1.5224320690298299
1711,2018,2012,2017,0.0016637392465682548,0.053929822533507046,0.07576041764188331,0.06406341339176774,0.9181482316534275,1.4047963461183788
1712,1079,3225,1078,33.21332892174162,7.517073795859367,9.982855577685344,8.930651642948588,0.9488801369742359,1.32802415524831
1713,2081,2113,2033,0.008254053621121917,0.1151663830812094,0.16982963299090664,0.14344905699282168,0.9043749518207026,1.4746458857803282
1714,2222,1747,2220,0.0936557967024364,0.4197118708567584,0.4999999999999456,0.4688146648962827,0.9785846098910412,1.1912934437124567
1715,1952,2047,2027,0.0036618052704182114,0.06620197402323742,0.12080367937414246,0.09967761806409436,0.8047158012053667,1.8247745804640116
1716,3225,1077,1078,36.9633898778388,7.999999999999943,12.881153056420255,10.057726203907082,0.8097297980013128,1.6101441320525434
1717,1943,1984,1990,0.0006518073608601976,0.036809110763282825,0.04182278123853428,0.0389749265198864,0.9880651519738759,1.1362073239827517
1718,1935,1967,1954,0.0005288457291927095,0.03124999999992681,0.0416443346200137,0.035818042486827656,0.9382253999558108,1.3326187078435594
1719,1772,2045,2042,0.001948103274830359,0.06249999999997917,0.0758570236223737,0.06786973970581378,0.9697140446896169,1.2137123779583838
1720,1071,3226,3619,51.412810799886486,9.950983258350686,11.90049782997074,10.983085870573278,0.9790927351007223,1.1959117527390128
1721,3605,1450,3869,59.5970013189078,11.377719958690967,12.17730159121179,11.745761806382196,0.9968269154253889,1.0702760865466772
1722,1844,1836,1852,9.852267810512727e-05,0.012322072581170133,0.017338838969478305,0.015537011315208085,0.9226923232811863,1.4071365718113444
1723,1935,1762,1934,0.0010938597028783178,0.03568985279828227,0.06564535959427373,0.054611737464178384,0.7986320701388177,1.839328393011282
1724,2225,2204,1770,0.031185348098435837,0.2383211878470305,0.3303071024660361,0.2776370942668113,0.9164910449801261,1.3859745558084746
1725,1238,4433,3227,74.37862414361516,11.381368486554178,14.72466381208583,13.320727821390484,0.957213295596753,1.293751610755893
1726,1755,2129,1785,0.01268994954853204,0.15929853208474237,0.18617665579137954,0.17226433253606163,0.983565812290435,1.1687280061836274
1727,1964,1980,1986,0.0008991486693138917,0.040349945011487434,0.05091411892598336,0.04617571564382369,0.9651883889192293,1.2618138367100218
1728,1838,1830,1813,0.000206469961552735,0.021330068466813405,0.022680203984282967,0.021860535834855237,0.9970585096239195,1.0632972894376866
1729,1802,1815,1837,0.0001433970990272254,0.016100877577233493,0.02074053258111202,0.018492148402921973,0.9583395547776153,1.2881616223477756
1730,2113,2123,2128,0.012783096177219996,0.14476213828982587,0.20589139250699448,0.17716709015508592,0.9220290918898676,1.422273772267599
1731,9,1763,1774,0.04432824017746788,0.2917019391923163,0.5048999898226414,0.3734429299880359,0.690436175820324,1.7308763569438106
1732,1771,1756,2155,0.03783424784526525,0.22642142179046645,0.40301167709666036,0.32120945606567486,0.8056124083834867,1.7799184984785272
1733,1846,1838,1817,0.00010571319501311585,0.014788921711795654,0.017395456224233614,0.015763357220304117,0.977193227938599,1.176249125070355
1734,1824,1856,1835,9.410720332139851e-05,0.01270593972794629,0.016135119067340668,0.014980645457506816,0.9573766586071477,1.2698878959619186
1735,1802,1814,1815,7.91983048349429e-05,0.009859750972573534,0.018310117970944992,0.014756915506917342,0.793250465710253,1.8570568386440487
1736,1847,1822,1818,0.00016303655719077497,0.01610087757711121,0.02311626849480837,0.020022155876684475,0.9196088981850628,1.4357148164190843
1737,2048,2059,2096,0.010874114481779985,0.12821806096919608,0.20804568193405126,0.16868660369505797,0.8507625963019544,1.6225926391449133
1738,2156,2157,1778,0.01319476032417255,0.12596289508710376,0.22504428058644027,0.18834514184329687,0.8138911053439775,1.7865918406434007
1739,3228,1238,3620,58.13979100484793,9.506464299995644,13.429670688702505,11.93112693249273,0.9237831931905431,1.412688278723001
1740,1843,1871,1866,0.0003098246202370926,0.024484902080668784,0.03286666212510535,0.027633949824653784,0.9202514623434588,1.342323608925277
1741,1242,1222,3230,42.19086713719527,8.014204376361436,11.295079914850637,10.18207554550448,0.9189868454055002,1.4093825643087439
1742,1882,1897,1887,0.000311836262249568,0.0212316526009623,0.031249999999930937,0.027899942441529962,0.8994741684646691,1.47185904871647
1743,3621,1225,1226,40.86888876723975,7.999999999999943,11.033069062213126,9.98224779408593,0.9288506971636088,1.3791336327766506
1744,1976,1973,1974,0.0005843215893088947,0.03664885280668386,0.036835682373652076,0.03673487038992954,0.9999824210528939,1.0050978285174084
1745,1907,1927,1913,0.0009802209947205463,0.04340007898417841,0.05862950363121987,0.04920029799275546,0.918007319601875,1.3509077633843334
1746,3623,1226,1227,35.357455045910015,8.000000000000057,12.142227238482992,9.66251659812672,0.8456545299197343,1.517778404810363
1747,1227,1228,3623,30.095172208823833,7.393838411503496,9.041358211870403,8.42683972642367,0.9713527560884461,1.2228233440703355
1748,1897,1883,1908,0.0007186822264347184,0.03124999999995643,0.04984782579021997,0.042880669708944524,0.8702088857633536,1.595130425289263
1749,3231,3623,1229,59.1337188570298,11.179121204473054,12.250553178884276,11.710661408048542,0.9944114621283372,1.0958422361484474
1750,3623,1228,1229,36.14922936515831,7.999999999999984,12.250553178884276,9.763970463584888,0.8466206995962846,1.5313191473605376
1751,1836,1827,1852,0.0001250898620816353,0.014626004867580464,0.020774042452609966,0.017579628763222912,0.9160058681074125,1.4203497565255874
1752,2091,2094,1797,0.004523421319589051,0.08565890486596871,0.12295349118230334,0.10554676604049938,0.9183633284493061,1.4353848134608984
1753,1857,1843,1866,0.0001517943265161285,0.015534233871207503,0.024484902080668784,0.01985935006553655,0.8596406021072334,1.5761898709437627
1754,1225,3621,3876,60.188875730601566,11.033069062213126,12.23243435935895,11.828332414033218,0.9912609235932105,1.10870640710965
1755,1747,2008,1860,0.004123801401843235,0.06659122178216116,0.13345589511775174,0.10834903896662373,0.7544397864995629,2.004106420427665
1756,3231,1229,1230,42.703478525785805,7.999999999999984,11.658054355730828,10.279058520067956,0.910661358139694,1.4572567944663564
1757,2156,2161,2160,0.013673151178024482,0.1626853695998432,0.22223818736088133,0.18463516658960108,0.9072813579521068,1.366061299227583
1758,1836,1844,1819,7.471395678362026e-05,0.012322072581170133,0.014372615218653186,0.013222467565624896,0.9827920072174937,1.1664121537976144
1759,1827,1810,1825,0.00026103397234350913,0.023153607836974375,0.02870633287575222,0.025014205417068145,0.953054332900844,1.239821157802915
1760,1792,1795,2176,0.008595144528727366,0.1250000000000781,0.16200302536344033,0.14334988560762343,0.95534562238516,1.2960242029067128
1761,2825,3387,909,30.41981838269207,7.153249534178389,9.43725400534591,8.543559064562881,0.9495358362629461,1.3192960710030448
1762,1233,1231,1232,40.285119578653486,7.708482308443199,12.014003181547713,10.108649016211064,0.8827071378068624,1.5585432645267436
1763,1231,1233,3047,35.826523810767696,7.151813950508196,12.014003181547713,9.732751138830116,0.838178070563447,1.6798539873501628
1764,910,879,2825,15.93140077359327,4.614688289154954,7.832369222707469,6.47078399090444,0.8415582045603168,1.6972693997803565
1765,3788,908,3387,29.776383091842032,7.9595033319813755,8.96768743923413,8.331372984812441,0.9877824892043613,1.1266641981544072
1766,3622,1230,3047,39.67037632085208,7.173329330572759,11.790333912334082,10.14919867137112,0.8526291070821984,1.6436348268695304
1767,909,3387,908,25.5127845102611,7.153249534178389,8.0,7.7042509553865886,0.9901137703627177,1.1183728404518558
1768,1821,1822,1811,9.783320009030783e-05,0.012428493380595526,0.018161387543935033,0.015563586167254685,0.9115941839670807,1.461270243124578
1769,1241,1242,3230,40.88320853491609,8.0,11.236942345301369,9.995564281602487,0.9261709894915544,1.404617793162671
1770,1241,3230,3620,58.90433934741516,10.749750499506092,12.43679642869915,11.726380982553538,0.9856246408186724,1.1569381474733362
1771,2825,879,880,27.618594843831993,6.965294460850895,11.277838038415771,8.74771083308891,0.798261495344575,1.6191473457158114
1772,1877,1878,1931,0.000817400620201379,0.034623327302558925,0.051931114340240586,0.045176349959317054,0.8997462243399582,1.4998880346315673
1773,2220,1747,2244,0.004629535294804965,0.018521318221065525,0.4999999999999589,0.3395071060736567,0.06410474188587854,26.9959186507187
1774,1891,1922,1899,0.00062102177787338,0.03440596836313314,0.04686881992878383,0.03921854279581125,0.9146565770261796,1.3622293502718252
1775,2110,2003,2000,0.00499881325344852,0.09925743942934166,0.11492167235485233,0.10802152191013133,0.9857388525047152,1.1578141952438896
1776,3625,3233,1446,43.8371384710469,8.28131055665679,12.358075231030815,10.465564618753836,0.9011660373455652,1.492284964617948
1777,1960,1946,1915,0.0008120198919502579,0.03852987372960785,0.047777954223338685,0.04380146302628581,0.9698076965584704,1.240023638764854
1778,1443,1444,3233,39.25901068381945,7.514545628551639,11.30787142321113,9.915901953111218,0.8956073039993067,1.5047977591947392
1779,2022,2097,2131,0.008693352785316936,0.12499999999995834,0.17494446601224992,0.14677182230538907,0.9134707632835929,1.3995557280984658
1780,2026,1991,1985,0.0027261564665987193,0.07359450906973716,0.0845672661732336,0.07973003280207727,0.9871430137894174,1.1490974971121664
1781,2013,2056,2017,0.0019132181139403979,0.06250000000010472,0.07085763355744183,0.06673345348536651,0.9895602530992211,1.1337221369171697
1782,1974,1966,1938,0.0004323666419364429,0.02962152626090838,0.03710298620323592,0.03222700907560161,0.950519678118186,1.2525683476411829
1783,2074,2037,2068,0.0036998752136861747,0.08683950588714734,0.09714146394867042,0.09273283508471696,0.9914513795461177,1.1186321589037025
1784,3233,1444,1445,39.03280059460794,7.398550181215482,11.496688690902305,9.940175893229558,0.8829573609211302,1.5539110243641754
1785,1450,3605,1449,46.15146342911981,7.999999999999984,12.246649981221136,10.807983857477637,0.8826269604847976,1.530831247652645
1786,1995,1970,1996,0.0016985994266285774,0.05987410379719075,0.0665586940186582,0.06282233728178475,0.9919946020848586,1.1116440964880228
1787,2053,2029,2084,0.007197964506227759,0.1094793967234583,0.16786612775218288,0.13631335631759647,0.8675593806011307,1.533312502408172
1788,1895,1882,1921,0.0005630387776599254,0.03124999999992681,0.04043354252193993,0.03665351767682081,0.9568959686892106,1.2938733607051083
1789,2011,2016,2051,0.0032760604398708888,0.08398753059854515,0.0896615875725444,0.08707493863040282,0.9971270475703953,1.0675583260224768
1790,1860,2008,1928,0.0015687905998765439,0.05579205206065895,0.06659122178216116,0.06070484459879491,0.9778616347912971,1.1935610776560253
1791,4026,3878,4025,42.1235879786026,7.992019249837269,11.327435352048518,10.180186164713609,0.9174603582700518,1.4173433519043592
1792,1985,1938,1923,0.0011944732051857006,0.04473798688980209,0.06343222261808809,0.0541971248628846,0.920856743051443,1.4178604588162036
1793,1204,1205,3234,37.937439676634085,8.0,10.716885008537357,9.555823027070128,0.9459182872184612,1.3396106260671696
1794,1946,1960,1975,0.0009528118799720566,0.044499397547412674,0.052495386984174164,0.047363781885832575,0.975126155360915,1.179687588539643
1795,1944,1959,1911,0.00034698052295237833,0.025551656175392352,0.03125000000005236,0.028591955890000974,0.9736718585270044,1.2230126996678918
1796,3234,3626,1203,35.84783286970098,8.216896950650257,11.364909071667562,9.452378224488703,0.9074707050382177,1.3831144700881495
1797,1205,1206,3235,41.18797795443171,7.531361438780132,11.796406295188207,10.233293651600194,0.8774824970146916,1.566304630454556
1798,1917,1891,2014,0.0017282256421604404,0.05812305453193097,0.0742622098321388,0.06446601489322921,0.9490932006819435,1.2776721806893594
1799,2048,2031,2014,0.006687437044008444,0.1020733833358149,0.15158189531986752,0.12907188631334374,0.9043124005798333,1.4850286173151799
1800,2065,2038,2071,0.0029157508720291437,0.07610161425174501,0.0890283970005454,0.08256930354955977,0.9836532977524535,1.1698621359862151
1801,1805,1804,1898,0.00036608862898675155,0.02450514651609328,0.03359037894478437,0.029781841820310007,0.9375163747693257,1.3707479334075616
1802,1398,2986,1397,21.618284605149015,6.561739601168053,8.000000000000004,7.1516863912383135,0.9689572414807743,1.2191888868275
1803,1753,2131,2097,0.008693352785316936,0.12499999999995834,0.20013113101470834,0.15516737730620853,0.7989934511753596,1.6010490481182003
1804,2105,1798,2136,0.008498191090934776,0.1250000000000781,0.15138686768052334,0.14146194494845862,0.9740352477173516,1.21109494144343
1805,2986,1398,3048,25.748454683458895,6.893319572546884,9.644222408495295,8.016723274311511,0.9056806811080034,1.399067939183332
1806,2081,2123,2113,0.009311013189273696,0.1330263186414242,0.16982963299090664,0.14920602997405225,0.9557652139010936,1.2766619021359729
1807,1395,3050,3477,33.567479546032004,8.38663717877288,9.273734734900367,8.826996986306462,0.9932568915958147,1.105775120255922
1808,1973,1953,1974,0.0005144942471080975,0.03311585693992578,0.0367200759894527,0.03457791555906947,0.9917739765273677,1.1088366535724923
1809,1987,2052,2099,0.004523765938589302,0.09366841919243217,0.109572796505622,0.10284750283133705,0.983470645674607,1.1697944456660032
1810,2058,1993,2046,0.004937104647904654,0.09463626659973191,0.11706461865587936,0.10800337843618481,0.9697152053565652,1.2369953175668806
1811,1905,1930,2035,0.003331317696628891,0.06029777047012377,0.1171675376775586,0.09666654429700362,0.7686167936116719,1.9431487559828196
1812,2163,2169,2093,0.029777834055066916,0.2568075042857363,0.26866688617796725,0.2623747265201508,0.9986170074506477,1.0461800441743931
1813,2130,2140,2097,0.01939503129351658,0.17693911274115548,0.26115906522878757,0.22003495253815686,0.9030517313285239,1.475982676655769
1814,2086,2099,2103,0.008217348799618095,0.12293552926180167,0.16688053229588468,0.14182466335523472,0.9277463759282588,1.3574638129266796
1815,2103,2052,2078,0.008347412738737538,0.12923096507232906,0.15169815005491574,0.1397832364566619,0.9823237142201425,1.173852953663327
1816,1209,3237,1208,39.980457664838184,7.735592270806077,11.569702693489054,9.98306459651089,0.9022858875057057,1.49564536087984
1817,3237,1209,1210,38.30980659774004,7.999999999999886,10.643898825237539,9.597458341414614,0.9469608771324763,1.3304873531547112
1818,3630,3879,3238,59.137292632205835,10.390480741214523,12.748807348317682,11.811728359946775,0.971618319058349,1.2269699223587125
1819,4026,1208,3237,40.463091612307615,8.987077231696155,11.569702693489054,9.908263311321926,0.9385911784442025,1.2873710100859423
1820,1211,3631,1210,37.07128164958075,7.697334106049777,11.17247716750184,9.571665334315824,0.9140092047601445,1.451473589891434
1821,2006,2040,2002,0.0017809146237399917,0.06249999999997917,0.06506713208648393,0.06416336624793982,0.998669780327319,1.04107411338409
1822,3239,1211,1212,43.99814481154632,7.895412235708839,12.166829173383674,10.536058727764063,0.8869587192428676,1.5409998629781934
1823,2098,2131,2132,0.007622896229988444,0.12699101052155562,0.13944387274911127,0.13297722390031394,0.994094588878156,1.0980609743667005
1824,3630,3238,1181,65.17884873152168,10.390480741214523,15.058940113730781,12.721177622767966,0.9097266537053127,1.4493015760087509
1825,3630,1183,3879,56.34202090601619,10.331534840840204,12.295896990308119,11.495270651258659,0.9794206878261754,1.1901326549955442
1826,2018,88,2054,0.0018949209578208175,0.06139160079648492,0.08047392531005973,0.0681218420355292,0.927721215195643,1.3108295640772314
1827,1900,1804,1805,0.00036168244490623154,0.02450514651609328,0.03277784600641512,0.029510997507488274,0.945070694378254,1.3375902888354045
1828,3239,3240,4103,66.15959344558597,11.79411533036566,13.862029925321687,12.484925404301904,0.974285822213521,1.1753344390004294
1829,1212,1213,3239,40.796093641871266,8.0,11.545934774199676,10.022738670915386,0.9175936411109379,1.4432418467749595
1830,2113,2128,2197,0.031025062904147162,0.20589139250699448,0.3234440996530482,0.2811408887191286,0.8749881951822158,1.570945223667183
1831,1186,3627,1185,37.58924012525655,7.999999999999944,10.43484576006312,9.483407292674384,0.9532644166696268,1.304355720007899
1832,1213,1214,3240,41.23756719176931,7.574291076080964,11.771811075943017,10.222641159115195,0.8814459484884896,1.5541799169981072
1833,2065,2071,2077,0.00453413847017564,0.07610161425174501,0.13655453484167587,0.11072903182062499,0.8111665294418613,1.7943710680032607
1834,2045,2057,2042,0.0017613698453708766,0.0561744195852514,0.07339862391522814,0.06494174633185601,0.953311866420828,1.306620067588539
1835,1960,1920,1933,0.0003933270207822936,0.02764110336969163,0.03287660676706888,0.03036499475314274,0.9802789360421937,1.1894100726499204
1836,1824,1823,1832,0.00011892372711956872,0.01562500000002618,0.018867937197714776,0.016786608702092466,0.9671673163796091,1.2075479806517224
1837,1764,2185,1775,0.025932202412414153,0.20742578436791803,0.303833851131328,0.25456987680354265,0.9025078932407862,1.4647834263092758
1838,2106,2166,2173,0.02868237368049719,0.24688096588870256,0.2771525898496417,0.2584561145253567,0.9889732817521134,1.1226162731985827
1839,1198,3242,3241,73.97165259849754,12.082436122485083,13.681836199214223,13.130033841211159,0.9877602543863724,1.1323739733043323
1840,1871,1843,1862,0.000467007466752011,0.030859318471008163,0.03523929078602674,0.03298842379404675,0.98815022357188,1.141933540079101
1841,1200,3242,1199,40.70070156082572,7.781668803906902,11.519625824383875,10.057298370037472,0.905456315322803,1.4803541649832586
1842,1884,1855,1839,0.00017510983091356984,0.018437355963819554,0.02280692307832367,0.020369778457675014,0.9669120944018434,1.2369953220558692
1843,3242,1198,1199,44.29975339547744,7.999999999999984,12.082436122485083,10.534020648956314,0.8956209519152353,1.5103045153106385
1844,2176,1788,2175,0.008198583605328087,0.12499999999995583,0.15661950256822463,0.13953161200318043,0.9640942283294431,1.2529560205462398
1845,1893,1872,1928,0.0005291988991068591,0.030786600723506138,0.047522166585569896,0.03758225391757402,0.8347621078132755,1.5435990160903295
1846,1880,1879,1881,0.0004917268723010147,0.029210427339462264,0.04114383496702834,0.03482611992286604,0.9181422854436789,1.4085324561973955
1847,3243,3636,1194,32.043745993110754,7.619239479631767,11.17865694016503,9.07102395931639,0.8746218741410875,1.4671617777664718
1848,2158,1767,2157,0.010995633603475214,0.1416683899619898,0.21402824985634655,0.17034370331003412,0.8463801133120046,1.5107692683863436
1849,1916,1784,1828,0.0005552526212155716,0.03125000000005236,0.04393414570478721,0.037043560577158366,0.916163756703009,1.405892662550835
1850,2236,2157,1767,0.02437471208783093,0.21402824985634655,0.2564246423552265,0.23924054658589622,0.9778200040267387,1.1980878343271786
1851,2137,2121,1793,0.005748532450807088,0.11015494124854486,0.12406172458684679,0.11571103359710362,0.9888631478575031,1.1262474763335744
1852,1899,1871,1891,0.0005052332832610237,0.02791353442081244,0.04359365298456447,0.03596267583363124,0.8744038534746552,1.5617389158737587
1853,1195,3243,1194,28.809527769654995,8.000000000000025,8.41517545815237,8.16289173091481,0.9980084029058579,1.051896932269043
1854,2702,3382,1052,30.078221595967566,7.759754809593798,9.204234948955714,8.40194619677955,0.9789919201311502,1.1861502295892168
1855,1194,3636,3634,52.815270207797255,10.884222613574257,11.17865694016503,11.046087791556877,0.9995141286381075,1.0270514796549244
1856,1785,2154,1755,0.018960542389784008,0.15929853208474237,0.25244999491138187,0.22047051006779447,0.8674304871320104,1.584760333994073
1857,3635,3242,1200,65.41887336010109,10.87060048182164,13.220531490480234,12.42774969210054,0.9705576614261779,1.2161730635385106
1858,1833,1909,1916,0.0006115684862200007,0.0330048557209963,0.040823476675260775,0.03804925161197562,0.9670293873993449,1.2368930505365185
1859,1869,1808,1873,0.00018623907268116487,0.017044435544388704,0.02533680482456063,0.02154630843962843,0.9036545626190718,1.4865147489675539
1860,1900,1883,1895,0.00034359832266114994,0.02340760205433514,0.031986572400938766,0.028881391485078085,0.9344092938490572,1.3665035968524073
1861,3244,1191,3637,43.46673094893018,8.381625654613615,11.236666487026937,10.252036486740282,0.9394227903330148,1.340630916967973
1862,1826,1849,1823,8.363256769828567e-05,0.012295983585558388,0.01562500000002618,0.01409458351110858,0.9631038655474028,1.2707401478949367
1863,1191,3244,1190,44.41512369995215,7.999999999999903,12.755183339114655,10.663949942047166,0.8718248282325284,1.5943979173893512
1864,1896,2024,1930,0.0012876309304023273,0.05380220805034831,0.055990477892281974,0.05455991863857405,0.9986053791172957,1.040672491357341
1865,1190,3244,3638,61.97380931170582,10.308519267230547,13.460744551017614,12.174815719120938,0.9538272107931648,1.30578836805472
1866,1894,1952,2027,0.0015504135337580747,0.05240519043664084,0.06620197402323742,0.06066239599244782,0.9637133061343314,1.263271318578209
1867,3626,3234,4101,40.224483132195786,8.775328651148289,10.751041443530463,9.741037265392535,0.9723161547257948,1.2251440226257102
1868,1202,1203,3626,29.737421490646412,7.999999999999984,8.690369703452314,8.302422218034186,0.9951071201947888,1.0862962129315414
1869,1883,1900,1915,0.0005327119586165203,0.03124999999996034,0.04224849539859744,0.03605634169890359,0.9311709885403727,1.3519518527568337
1870,1833,1916,1828,0.000626578187941111,0.03594653602663553,0.040319422439669794,0.0381652556473438,0.9912620126582926,1.1216497303048634
1871,3235,3627,3877,41.49565727446817,7.8801059238443605,11.27422632477296,10.123306881557312,0.9126861033545429,1.4307201494155495
1872,1187,1188,3628,45.892780281233065,7.999999999999984,12.416128243158308,10.780600454849987,0.882270976956621,1.5520160303947916
1873,1896,1931,2024,0.0015118438382421264,0.05380220805034831,0.07153470593813037,0.060780550899704334,0.9301091887943759,1.3295868056416553
1874,1053,1046,2702,7.12287580420296,2.5803871302347376,6.095523816233298,4.732230933531919,0.6642461204293821,2.362251673328873
1875,1818,1819,1820,0.00010028883186427809,0.013101104719272552,0.018275221594313953,0.015667108771204228,0.9267210255146763,1.394937448857267
1876,1048,3245,3246,29.972135733113955,7.6149976985063015,9.225859840350642,8.39902073429232,0.975213601653138,1.2115380996320346
1877,1047,2702,1046,19.36080156564626,5.520781854127723,7.684200237530521,6.870710307724067,0.928969303943371,1.3918681158874762
1878,1793,2091,1797,0.003965609233914366,0.08565890486596871,0.11606755811400772,0.09854452313721485,0.92732726148189,1.3549969882946755
1879,1843,1820,1844,0.0001537426329616674,0.015159664886581669,0.024522811352393096,0.020004092611371798,0.8559047255147992,1.6176354514339604
1880,1053,2702,1052,22.923417465975263,6.095523816233298,8.241848831789135,7.445790882674143,0.9392880507544419,1.3521149420891196
1881,1049,3245,1048,29.06096230641678,7.6149976985063015,9.24591262817429,8.28697010889354,0.9704309691264902,1.2141714277849218
1882,1882,1883,1897,0.0003255142004157905,0.02231612547160249,0.03124999999995643,0.028261433398418523,0.9208222688609348,1.4003326894591266
1883,1050,3245,1049,37.91825555144492,8.866553260213463,10.091132068567422,9.401199318985059,0.987860756565306,1.1381121584019536
1884,1947,1804,1948,0.0005165625347799193,0.031161476801463826,0.04040235362861378,0.03522867499473873,0.9498736221204944,1.2965481028394603
1885,1946,1908,1915,0.0010538942982287105,0.045741556177014725,0.056747379569098984,0.0500889633231508,0.9613320680609414,1.2406088535661741
1886,1899,1922,1909,0.0004678136990605011,0.029334843377528532,0.03587854043968651,0.03320645072678272,0.9728461695652446,1.2230690983395762
1887,1907,1891,1862,0.0011215862406209467,0.04857810230966539,0.05625730715551998,0.05128419380945415,0.9802176793497727,1.1580795560292336
1888,1806,1807,1826,0.00010960627949192341,0.014471071426141313,0.018512286276389157,0.016202785900852217,0.9536799249953446,1.2792616200447728
1889,1963,1910,1941,0.00035195743751139036,0.025822381975434284,0.03125000000008263,0.02876666868060809,0.9763056608174455,1.2101904475664493
1890,2104,1786,1794,0.013224679823532202,0.14879639927169377,0.25000000000003786,0.19286335868377172,0.7833316006374661,1.680148183851896
1891,3877,1186,1187,31.88735669909226,7.999999999999984,9.298191803459758,8.631175478622877,0.9847814960007968,1.162273975432472
1892,1867,1913,1850,0.0006560858643149891,0.029044397242609155,0.04782902479756715,0.04132686068599859,0.8495814474116051,1.6467556340745912
1893,2051,2036,2011,0.003943447916003821,0.0896615875725444,0.10293876712231037,0.09590604903497459,0.9869242456270856,1.1480810223109592
1894,1927,1845,1825,0.00041545181760080607,0.02812601412172933,0.0353179927299952,0.031420234398833034,0.9632651670754473,1.2557055748155073
1895,3233,1442,1443,37.407853087139976,7.429865013775298,11.30787142321113,9.687765147217895,0.8946493869010479,1.5219484340894267
1896,910,2825,909,29.987530281985528,7.832369222707469,9.43725400534591,8.42320774268446,0.9689933503355719,1.2049041276023589
1897,2274,2375,2390,0.18961795452593563,0.6337606070442925,0.7274305519818245,0.6662628758623169,0.9823331741968552,1.1478002007325545
1898,1819,1818,1822,0.00010249192390321486,0.013101104719272552,0.018202697586137094,0.015801559960840286,0.931606571370592,1.3894017318524121
1899,2141,2265,2277,0.0609169360821472,0.3518164150416865,0.41250826385389894,0.37780340034208776,0.9811302083489986,1.17250999730931
1900,3247,1423,3640,56.162990144535335,10.315410997540354,12.584055035716654,11.500920738671546,0.9742264646124551,1.219927644057735
1901,1350,3640,1349,33.3738904039754,8.0,9.37896439749198,8.8375323874242,0.9822967974519583,1.1723705496864976
1902,1352,3476,1351,39.739590731123506,8.0,10.966002791556388,9.817653568863163,0.9357455916701367,1.3707503489445485
1903,2412,2410,2415,0.025643066317219895,0.21517742122051958,0.2873035505447649,0.24901093052865356,0.9417447328328686,1.3351937620366243
1904,2987,3049,3476,43.74632768049423,8.933279727193295,11.16958604658463,10.174979552907171,0.9677527135410775,1.2503342991246453
1905,2350,2390,2399,0.12015153457664458,0.5226284072052151,0.531405246447756,0.5267987769424981,0.9998133463287429,1.0167936513238451
1906,1350,3883,3640,30.428723212544746,7.845121000026316,9.37896439749198,8.465745442938879,0.974597191416571,1.195515581908873
1907,1355,3049,2987,32.15179420960916,8.270819866066818,8.933279727193295,8.62977146342359,0.9960260777636468,1.0800960330238107
1908,2170,2244,2273,0.10758759515041315,0.4565458119835908,0.5531831036191257,0.5032429718676004,0.9750709537756931,1.2116705248388266
1909,3248,3641,1419,53.37210898582167,9.791659666126302,12.283615113915564,11.24441850426462,0.966291012718968,1.2544977595994316
1910,2184,2173,2182,0.02937933084109903,0.24648142404809933,0.2974334478596423,0.26399415839119733,0.9657838195685837,1.2067175001455688
1911,2330,2318,1752,0.008397990977811949,0.12499999999994663,0.1534248545413149,0.140708519035759,0.9727306723484467,1.2273988363310433
1912,1422,3247,3639,48.84119346570634,9.00266416087796,13.435446845390663,11.114013696446994,0.8894135087126462,1.4923856544350322
1913,2400,2277,2276,0.13247709723129397,0.48958317509833765,0.6450774727674768,0.5644300525212387,0.9482837508625449,1.3176054766136656
1914,2282,2234,2223,0.11220631104254838,0.4572043861005549,0.5973702025052162,0.5196992837167463,0.947536576020071,1.30657146052364
1915,3644,1359,1360,32.097152478153845,7.4578554809429045,10.30470121554802,8.851610432944822,0.9300115722881052,1.3817244436929188
1916,2304,2314,2312,0.01160733182594235,0.15567334799834426,0.18119158376729577,0.16501509800072114,0.9796839606173667,1.1639216737936602
1917,3881,1358,1359,47.128821150624205,7.864062606736385,13.007758653694236,11.060914536987127,0.8534097576928668,1.654076182271456
1918,3247,3881,3639,64.139457137605,10.903930083072357,15.41017110085682,12.705634110336769,0.8964967633615518,1.4132676001637345
1919,1362,3249,1361,39.54076077125685,7.709386334973762,11.5211353738798,9.926713306721748,0.9027263329182413,1.4944296307494636
1920,2987,1353,1354,19.693075466230567,6.112129665195797,8.233322786309357,6.954862746919943,0.9240932926542323,1.3470464858087414
1921,2212,2410,2211,0.023684665153442787,0.21215993805081562,0.2845154720270245,0.24093365068791991,0.9265841549578073,1.341042397735234
1922,1357,3049,1356,28.9798917480644,7.53969440825132,9.823491312155275,8.393725768555894,0.9361661204141041,1.3029031125458619
1923,1355,2987,1354,28.87089514325575,7.999999999999961,8.270819866066818,8.168047550792044,0.9991476452225069,1.0338524832583573
1924,3646,1624,1573,43.7063947052128,7.773175600152647,13.808370318242149,10.943182703374466,0.8019015937442727,1.7764130168332986
1925,2284,2367,2358,0.10577844762053482,0.45498700474498066,0.544344082150827,0.4983600166105982,0.9783255802502557,1.1963947903433654
1926,1768,2460,2459,0.17405502818099367,0.560430723714765,0.8469883229034252,0.676252309021789,0.8506955170858448,1.51131671955677
1927,2418,2440,2439,0.35669203237528885,0.8338358510330581,1.1154209707651792,0.9376404709864734,0.9202611237440594,1.3376985043078429
1928,2405,2406,2442,0.2583462928058478,0.7327024553176884,0.8048176308068654,0.7741679982674216,0.9939424033327877,1.0984235482845612
1929,9,2275,2225,0.05263326501802264,0.3452185825503016,0.3552286337540702,0.348734178053644,0.999298360990782,1.0289962699279378
1930,2390,2375,2398,0.26673233540207836,0.6337606070442925,0.8995388619489096,0.8108635859308612,0.9150445007483808,1.4193669533108775
1931,2349,2199,2358,0.06047692457072855,0.35491032746355006,0.39180543589869216,0.374630853083085,0.99350599265434,1.1039561421016448
1932,3671,4115,1604,17.35115346866712,6.031758115115058,6.893925022297261,6.365769449954723,0.9853689473204653,1.142937911422822
1933,2339,2336,2335,0.027680122398166473,0.23225771647816082,0.2999935541056377,0.2586053989924188,0.9434717463280795,1.2916408490300735
1934,2367,2389,2374,0.12129731370436805,0.4850861220997864,0.5933519894330403,0.5351012226568875,0.9715710163776096,1.2231889604769661
1935,2358,2374,2349,0.07340280573238403,0.3771767958870127,0.45494363222709067,0.41543730221284764,0.976495220201953,1.2061813907644887
1936,2288,2286,2290,0.01042529616134672,0.14267270554079337,0.1807485888578452,0.15800269327730632,0.9541179130062776,1.266875736131359
1937,2520,2370,2353,0.231601365011004,0.7109470146115964,0.7771015630525081,0.7333827626825494,0.9926769155094516,1.093051306329844
1938,2311,2312,2308,0.0036049023353465015,0.059377520776474305,0.15058678543327234,0.1116547687366042,0.5971132104621321,2.5360908213085183
1939,2244,2109,2220,0.004629535294806131,0.018521318221065525,0.5006856083984751,0.33973564220653746,0.06401696079517523,27.032935907823887
1940,2264,2224,2280,0.09219210104126943,0.3917827473702735,0.5163792823745311,0.47059421169478854,0.9479805775489901,1.3180245578463452
1941,1417,3252,3652,32.09308731001474,7.730209131061965,9.992247940110369,8.768324889688667,0.9532140372254729,1.292623235762012
1942,2141,2143,2265,0.04845295651724375,0.31472876107167413,0.3518164150416865,0.3355594830239866,0.9916468758882219,1.1178400532691268
1943,2282,2357,2234,0.08310992807625382,0.3766346360529358,0.5045232625444679,0.4472826487724726,0.9460590601208161,1.3395562018187765
1944,3642,1363,3256,55.74988788203265,10.551693879371133,12.399672370116345,11.424306049415753,0.9821467578442707,1.1751357186695934
1945,1360,1361,3249,38.082733547035744,7.999999999999995,10.549618211311685,9.559347744962496,0.9494942108984732,1.3187022764139615
1946,2134,2152,2116,0.013944709666253465,0.1656914866123378,0.23981124237599485,0.19130067618563953,0.8525464864629133,1.4473359330589646
1947,2160,2162,2159,0.02639172040306165,0.1882101568498742,0.3352001079247821,0.267965904639887,0.8074314631738118,1.7809884096327195
1948,1415,3253,3654,43.39868940319023,8.046430164979942,13.783661086325857,10.87679365349904,0.8096139989782454,1.7130156856783232
1949,2062,2041,2070,0.005482140632473105,0.09651707097395565,0.12789634131587374,0.11470779248034074,0.9494516557657865,1.325116272440401
1950,2095,2046,2015,0.00888631877996303,0.10536237752755488,0.18850096136935302,0.15462478612930342,0.8150408644598034,1.7890727771405437
1951,2031,1925,1917,0.0024656767901431267,0.05763746016142603,0.09596360950882458,0.08010860032944302,0.8519090229593493,1.6649520856758433
1952,1965,1950,1981,0.0006331477793234769,0.03574381846091695,0.04019299173863154,0.03837600547356362,0.9904107383307356,1.1244739221854378
1953,3255,3659,4111,41.606689654869825,9.27492494271642,10.349141805185791,9.831730964899142,0.9920552237728072,1.1158194669071635
1954,1409,3255,3658,52.00257550443936,10.246412639235405,11.37411089343422,10.995498939550806,0.9910318935705446,1.1100578606292557
1955,1932,1890,1953,0.00040548191793481644,0.02972269781870093,0.03125000000008263,0.030621515612643407,0.9982068528003751,1.0513850455533262
1956,3255,1410,3659,40.16699481568676,8.68437299757968,12.23671140683663,10.065336449044244,0.894290749947639,1.4090494973266325
1957,1955,1954,1971,0.0006030815806157502,0.029553127096898824,0.04601529065814144,0.03907243799938362,0.8842108136704077,1.557036265816015
1958,3254,3656,1413,45.96404203421578,9.091853725539279,13.109850704980593,10.780102054248374,0.8912099072799303,1.4419337464872146
1959,2062,2050,2041,0.003267859335333177,0.07755230598698867,0.09651707097395565,0.08789868285809566,0.9690768910328854,1.2445415999641427
1960,1365,3256,1364,33.24503556135708,7.5837553051098165,9.805338834691888,8.906644487616775,0.9568207766770361,1.2929397693099622
1961,2138,2150,2153,0.017410522766376745,0.16265827947343262,0.22979087511724308,0.20689434127113135,0.9183217627346685,1.4127216632386388
1962,1368,3653,1367,47.33226496061633,8.0,12.837637190337281,11.016807525222161,0.8676317751591848,1.6047046487921601
1963,2382,2238,2232,0.09057975425908008,0.40303954412830084,0.5131602662101513,0.46393534872467096,0.9625435713542391,1.2732256020188317
1964,3663,1370,3258,44.459961224008055,9.891778543259454,10.577219741108252,10.147144923933395,0.9962910806556811,1.0692940298704805
1965,2410,1777,2211,0.02076896790178576,0.195004842363443,0.24405126940901806,0.22172721791946023,0.9675294575246464,1.2515138929430485
1966,3889,1368,1369,30.382595894765114,7.999999999999957,8.849065532737328,8.398542954785128,0.9930448944857224,1.106133191592172
1967,2276,2265,2227,0.08463869753096162,0.4099470162968151,0.4833582136074281,0.44522495717243554,0.981605556188181,1.1790748423387984
1968,3251,3648,1620,64.73207885447258,10.834951755125932,13.423501354041862,12.368307140335567,0.9694319962980686,1.2389073488667182
1969,2214,2228,2266,0.08568609733104256,0.3783791248170494,0.505609845856336,0.4540822604920575,0.94599264662548,1.3362519565549609
1970,2275,1787,2264,0.05882560390216172,0.3566567662106397,0.394041345101127,0.36983053827052553,0.991124460837232,1.1048194859379399
1971,2232,2350,2382,0.0999552695396977,0.4452952535063864,0.5131602662101513,0.48286862933148395,0.9866666176185045,1.1524045274890666
1972,2271,2391,2443,0.2993221375055789,0.7674069470141224,0.9484817031231859,0.8428602524542969,0.9649907655580117,1.2359566287660038
1973,4165,3892,1378,23.605386693802554,6.781421107555919,7.869752023792025,7.425580704988359,0.9847831904136963,1.1604871455370143
1974,1770,2204,2187,0.022659691370726938,0.2015058385482067,0.25618178194899677,0.23200293611474465,0.9629532958532707,1.2713367701636586
1975,2186,1770,2187,0.019636157171283808,0.2015058385482067,0.2260615944104689,0.21366105186577852,0.9911738512290644,1.1218612623791926
1976,1375,1376,3891,34.94369204110717,8.0,10.728875189472243,9.214210940928254,0.9363142269676465,1.3411093986840303
1977,3258,1371,1372,38.711402644366274,7.728096616665407,11.001199429955362,9.747035309562621,0.920866246922666,1.4235328536436265
1978,2235,2204,2225,0.041872500856225514,0.2642829924873674,0.36834901508237095,0.31953559134442955,0.9304495822400335,1.3937673840286102
1979,3675,1379,1380,47.97730671054908,8.0,12.761998019341963,11.098883945572643,0.8656472119892514,1.5952497524177454
1980,4262,4111,3655,58.11320120163894,10.501132698562024,13.658776587147885,11.835376196021608,0.9460665775048849,1.3006955515397167
1981,2183,2184,2202,0.02171338896372513,0.20024150987959888,0.24818546570648875,0.22647798800242128,0.9701906569804114,1.2394306547913947
1982,1376,3657,3891,49.46237755223642,10.150465696003597,11.272236183285282,10.717192356253706,0.9927039630767386,1.1105141892872308
1983,2230,2241,2237,0.05016564112541859,0.24101402274071232,0.4516113871774274,0.3713669751812572,0.7904749054325624,1.8737971427632654
1984,2474,2239,1748,0.10879337815788101,0.4931152400189374,0.5171792771688948,0.5016169708381845,0.9980397330303079,1.048800027249276
1985,2229,2236,2240,0.03484311625681186,0.18813002588738623,0.38618173422442276,0.31767968310765116,0.7360578796394655,2.0527384313208428
1986,2128,2203,2197,0.05627021704131484,0.3234440996530482,0.43275640993862796,0.37012405086563555,0.9341525075262977,1.3379635318833665
1987,4344,4260,3258,75.11390135421884,12.664969783362794,14.06091036036597,13.214403299619413,0.9913067211937093,1.1102206006710682
1988,2184,2183,2181,0.014928155071036162,0.1571871048481852,0.21183607267198934,0.18975489579992447,0.9429819799062966,1.347668263733118
1989,3889,4268,4264,23.315978148885513,6.883730117573184,7.866672667450429,7.371051614766304,0.9881174625130846,1.1427921393036504
1990,2083,2082,2190,0.01880307509798387,0.19489073715664598,0.22432814967934933,0.20943012552603857,0.9867828521391122,1.1510457241435885
1991,4259,3256,3660,32.29706364292759,7.74936989135452,10.786521950885604,8.973362152107002,0.9070279174782133,1.3919224533235202
1992,2293,2291,2297,0.013046389363278814,0.16723443565566645,0.1888457970059654,0.17451640837246887,0.9859514087348045,1.1292279384061574
1993,3270,1407,3672,51.4436202346203,10.14025303730103,11.968704487375582,10.980272350028528,0.9807598498777245,1.1803161561500068
1994,1573,1574,3646,28.618543166183564,7.773175600152647,8.706533327960473,8.159902976037706,0.9902565177739115,1.12007418535476
1995,1805,1920,1900,0.0003551320515833943,0.025300807388988895,0.03124999999995643,0.028971706384097434,0.9691738978579818,1.2351384491214565
1996,3645,1623,3250,37.96957433176786,7.823339315385282,11.967388495283506,9.844114062648243,0.8788557494682628,1.529703367428866
1997,2495,2491,2492,0.14863850439539364,0.5661574119246497,0.6006978560089133,0.5864344991366898,0.9975112847263488,1.0610085523155892
1998,3886,3250,3646,32.83786282228368,6.74952539685827,11.19261235272564,9.24951409096616,0.8520996114496662,1.6582813893752457
1999,2515,2512,2511,0.3535906154880416,0.7189785602308079,1.0943578842721924,0.941866951929954,0.8943202680414561,1.5221008591979148
2000,1621,4027,3251,32.155285536679166,7.990203514500781,9.681872331249048,8.711015921728071,0.9721093714411324,1.2117178634659547
2001,1579,1580,3664,27.512273152437125,7.2642367616318415,8.909434005078253,8.057890255570031,0.9717735878783363,1.2264790228391227
2002,1582,1583,3260,33.91303366481158,7.485813677601525,10.892363566873447,9.184181948645678,0.9076931134036235,1.4550674163137052
2003,3895,3664,1580,21.50326714751537,6.546110397636041,7.418962487646003,7.076436548971295,0.9888312920206052,1.1333390421165477
2004,2537,2535,2541,0.22868241645704945,0.6633923853877299,0.9620235628771429,0.7716302314126215,0.8606179561870348,1.4501576805330276
2005,3259,3667,1578,48.34338849855389,9.08302679674131,14.007571645284164,11.245132048477158,0.8543656295821248,1.542170023136959
2006,1579,3664,3259,44.94282687607024,8.909434005078253,13.105613350407374,10.70618176517857,0.8815377185861885,1.4709815845694976
2007,2350,2232,2193,0.07095314331630936,0.3711947161740278,0.4452952535063864,0.40820202706766057,0.9780070891213001,1.1996271339638842
2008,1599,3666,3665,51.66851790161326,10.25194551102121,11.49898068431856,10.960060020566635,0.9910871027752811,1.1216388803429302
2009,1771,2349,2192,0.054492798835157216,0.3292335620387378,0.38604845909997454,0.357047678450793,0.9830028144883,1.172567148711746
2010,4164,4389,3650,81.70773214555162,13.149955726282485,14.214956490911023,13.758128164050936,0.9958273759028936,1.080988923977892
2011,4257,3649,3885,28.05601073813528,7.199815369113226,10.361321028634363,8.454516721074057,0.883246237477609,1.4391092684242717
2012,1584,3668,1583,32.29997005562301,8.00000000000012,10.185165745051261,8.818911250981001,0.9475954085289329,1.2731457181313883
2013,2608,2434,2433,0.39353636853791885,0.891757987972991,1.0221611969140807,0.957783982296487,0.9876629585673002,1.1462316129486012
2014,3669,3261,1596,35.771983737198575,8.16716759332417,11.407687963729071,9.458963762263922,0.9034746685015304,1.3967740753910447
2015,2265,2276,2277,0.08561561405420544,0.41250826385389894,0.48958317509833765,0.44815369352176654,0.9795502139332317,1.186844526517745
2016,1585,3668,1584,28.395546452333498,7.765970453725604,8.288027945013084,8.108522135543437,0.9965027704184626,1.0672237287533113
2017,1581,1582,3260,33.880705048946446,8.0,9.57967169167274,8.918013431044935,0.9782997530237668,1.1974589614590925
2018,2188,2376,2243,0.12262549418910726,0.5161987848675382,0.5581561630881283,0.5331031238639862,0.9953111534816207,1.0812814354674563
2019,1602,3650,1601,51.00582867163057,7.999999999999972,13.541090090245575,11.583109059437012,0.8377504143145691,1.6926362612807029
2020,2549,2527,2490,0.8543181445111965,1.2653648115422564,1.5772253637403177,1.4220037631826379,0.9679429927645237,1.24645900482878
2021,1587,1588,3262,24.093581341083897,7.132476585478348,7.907377237455764,7.48053753588794,0.9925103723776504,1.10864398118812
2022,1587,1594,1586,42.06438202327299,7.5030974358168665,11.970550495008581,10.388283330183162,0.8666442613129147,1.5954145067963308
2023,3261,1586,1595,57.81379884675791,10.441575389174867,13.436370171942714,11.76935796372054,0.9532029027477021,1.28681445769885
2024,2457,2515,2511,0.42075520996464,0.8361233327376691,1.2419741960239257,1.0301206466828188,0.8924759612128791,1.4853959307144355
2025,157,2596,2433,0.6596229190560079,1.009516078271306,1.4624148608419458,1.2752000407108268,0.9157952507704116,1.448629588293614
2026,2507,2511,2512,0.23537305684891363,0.7114368223212194,0.7892279930860228,0.7398811252126833,0.9907403362669795,1.1093437510178241
2027,2465,2523,8,0.3705244103680732,0.8469883229034211,1.1258583366303985,0.9528835991752866,0.9268749568429145,1.3292489473420708
2028,2492,2481,2489,0.11665515506534588,0.4755163192685994,0.5607485284676561,0.522547359929259,0.9821296284053815,1.1792413966573303
2029,1593,1589,1590,40.8333333333331,8.000000000000014,12.236826025778765,10.173899862954686,0.885399751705235,1.529603253222343
2030,1591,1592,1590,40.833333333332995,7.999999999999993,12.236826025778756,10.173899862954677,0.8853997517052343,1.5296032532223458
2031,2369,2361,2422,0.23387464543118947,0.6519197310490977,0.8537791764925782,0.7492374141872351,0.9506073063445409,1.309638496626938
2032,2293,2288,2291,0.011270622658215679,0.12499999999990817,0.19305503549051584,0.16896694416546312,0.8817405584763988,1.5444402839252613
2033,2483,2527,2506,0.9204412421156385,1.3438280897736083,1.6248584004135007,1.4723157436986274,0.974555819411058,1.2091266827792213
2034,1705,1706,3263,42.85288873552662,8.0,11.925336285788747,10.329592508721161,0.9034736331335116,1.4906670357235934
2035,2498,2512,2508,0.18907216728223125,0.6224208271390714,0.7357106924253543,0.6667080414339894,0.9769531127744968,1.1820149010871221
2036,1706,1707,1697,2.9941075938031076,0.7485268984507769,8.034941973511964,5.59448962398758,0.16065436736900288,10.734339661195678
2037,2546,2591,2523,1.125047927728958,1.491473656309192,1.8001466146980898,1.6279762813727576,0.9742630800656352,1.2069583710601643
2038,3263,3268,1705,66.57525965724876,11.06344124037474,13.718712817889307,12.541232487972323,0.970008664481097,1.2400041288983814
2039,2458,1779,2459,0.2088660338171866,0.505797007850452,0.8849670900977166,0.7459174736171965,0.8238882853717782,1.749648725402055
2040,2540,2537,2541,0.2983987602323207,0.689474745972992,1.1990730732486197,0.9218096560570753,0.7708096922480511,1.7391109395261153
2041,2335,2336,2334,0.022270691456278684,0.18653999316375688,0.2760278892164739,0.2353776029245629,0.9059577694971366,1.4797249883790806
2042,3257,3661,1619,43.977359498288756,9.516175298321992,10.68982825740269,10.111897245294427,0.9910339787734538,1.123332423193975
2043,2210,2209,2144,0.008873626478372199,0.125,0.15956439311820136,0.14527559162996637,0.9611072753352252,1.276515144945611
2044,2292,2325,2360,0.08460731764662344,0.4075615269127859,0.48294091366252806,0.44525696101747,0.9808808992939867,1.1849521649423809
2045,3264,1606,3265,51.65840399416287,9.59397417520915,12.567186584798794,11.123943716135038,0.9527289587195248,1.3099041497602142
2046,1606,3264,1605,42.472391966852534,7.999999999999972,11.494974274010914,10.235214887469352,0.9143721583931603,1.4368717842513694
2047,2306,2305,2309,0.02883921868276254,0.23751008310606758,0.3011735708665404,0.2628945513241814,0.9531879000462262,1.2680454106533317
2048,1607,3266,3265,35.56849025777376,8.30571753011232,10.143642980791201,9.160843608530007,0.972183336153501,1.221284367547475
2049,1610,3267,1617,55.707077430286404,9.78135458182649,14.253650447539655,11.829942966293865,0.8974444147623649,1.4572266375070972
2050,2366,2266,2356,0.0904510026341024,0.41509061172723144,0.5903399373388869,0.4805235983425155,0.8813579503215545,1.4221953488237817
2051,3267,3269,1616,55.3155175455402,10.212121750608647,12.900278021685045,11.470243202880324,0.9620448022306979,1.26323190583937
2052,2186,2259,1763,0.037800324912687,0.2524499949112596,0.364631100289458,0.30660865542599325,0.9082581531804793,1.4443696083956428
2053,2143,2141,2212,0.03888041660981233,0.2554159125884765,0.3514749671181129,0.30720654692608784,0.9358824518283236,1.3760887626621985
2054,1618,1609,1610,40.66351079989064,7.393368861512103,13.46999963864526,10.623320104574093,0.7885983402409202,1.8219028281906058
2055,1608,3266,1607,27.289261483755304,7.562402044038635,8.30571753011232,7.956039858050306,0.9941668485870879,1.0982909241990955
2056,2196,2202,2184,0.03850368438939731,0.23100698842117623,0.3798647163020596,0.31593030681200096,0.8572684260057177,1.6443862538456333
2057,3268,1701,1702,42.20730163449488,7.785851769129127,11.699954743609458,10.281652889214952,0.8955162252338523,1.5027199451702555
2058,2246,2413,1765,0.0859359701607545,0.34502229511288107,0.5825518699629306,0.4758580550252705,0.8404516205576649,1.6884470314370175
2059,1704,3268,1703,34.65529887417185,7.659233099321462,10.094943985819894,9.115873328247739,0.9504883330758547,1.3180097608877075
2060,2380,2282,2223,0.16989014677601083,0.5973702025052162,0.6598716083781205,0.627944092814191,0.9933632656156942,1.104627592087435
2061,1698,1699,3670,27.43711971611765,6.8979518576121555,9.99556912193615,8.297840326516102,0.8987995532041373,1.4490633347789539
2062,3268,3263,1700,67.73607531566442,11.77863859677205,13.00368257479924,12.54128819240807,0.9927062477402061,1.1040055663447315
2063,2548,2555,2459,0.8404581527053235,1.2564305547833807,1.502941498764845,1.404739002647862,0.9779712301313642,1.1961994182989006
2064,2476,2389,2482,0.12367893836434635,0.5041869896113281,0.6231059601253692,0.5441244913859552,0.9546564746987493,1.2358628305853634
2065,1614,3269,1612,54.17289936790164,11.0846469544178,11.348834762053563,11.186936096369896,0.9995685852959721,1.0238336691030536
2066,1615,3269,1614,41.93088945225042,7.999999999999984,11.367527675409054,10.150724876608946,0.9190599100227901,1.4209409594261346
2067,2340,2361,2345,0.12368937365919963,0.43808356401298715,0.6190202077318873,0.5503854311190454,0.9234306223001996,1.413018562169879
2068,857,3753,2408,22.430236574400954,5.9117759094144535,12.004629352874744,8.742549085751396,0.626272019732901,2.0306299725869974
2069,1613,1614,1612,29.47643037521089,7.396064626356295,11.348834762053563,8.914966462803275,0.825133320976151,1.534442346759836
2070,2416,2414,2417,0.02791260562313758,0.23346421837166323,0.30141474599883034,0.25971969327638816,0.9432033939150769,1.291053284743589
2071,2607,2549,2594,1.0635787515461301,1.4241733069510685,1.7085683222548542,1.580106886486635,0.9783456508407865,1.199691297341214
2072,2365,2421,2517,0.595388536437859,0.8910146274894228,1.5454202514473927,1.2592657208625069,0.8280610990554872,1.7344499223338938
2073,1761,2397,2402,0.11443749223709614,0.4810535170558369,0.5966864037736546,0.5228844352116169,0.9570315708716517,1.2403742673487115
2074,2639,2449,2452,0.4784178282304481,0.5,2.5568235524064136,1.7711012303699392,0.27902703834231674,5.113647104812827
2075,1698,1706,1697,32.0,8.0,11.85481855166568,9.296586841725881,0.8238757424734552,1.48185231895821
2076,3646,1574,3886,23.911315888808723,6.74952539685827,8.706533327960473,7.5800283337986185,0.9498076116718955,1.2899474875689985
2077,1787,2275,9,0.055603262872424314,0.3426356194641218,0.394041345101127,0.3608107608072697,0.9821939679780778,1.1500303025044598
2078,3629,1404,4102,50.94387673244881,10.427693145403142,11.793068298077117,10.904451450601941,0.9861466570227939,1.1309374119122286
2079,1885,1839,1865,0.00043545810666401194,0.03018907440758798,0.03307650512225666,0.03177855703424815,0.9944020005936213,1.095644890455566
2080,3236,1401,3629,54.286624457289655,10.058371518054777,12.656691690809094,11.349072051334232,0.9649248485520892,1.2583241400549117
2081,1946,2011,1908,0.0019199588024796258,0.056747379569098984,0.07372020424840477,0.06783537558784786,0.9508420947611244,1.2990944217721747
2082,1407,3270,1406,43.80664349596442,8.000000000000044,11.968704487375582,10.45681259600312,0.8999313877163194,1.4960880609219396
2083,1933,1805,1932,0.00040989384017921964,0.03019272237686133,0.03124999999996034,0.030776330961009457,0.9991918501273188,1.0350176313981303
2084,1394,3900,3680,54.8869766004003,10.231799413625556,13.84963010737786,11.636951026183153,0.9190139931560403,1.3535869447298279
2085,3673,1405,3270,58.29476374342436,10.422326736176,12.681094342071177,11.714149366289144,0.9746719890869187,1.2167239296053702
2086,1395,2988,3050,23.952106286032546,6.3788968932217225,9.273734734900367,7.740253429785805,0.902027039277724,1.4538148037405538
2087,1804,1900,1895,0.00034800450674160317,0.02340760205433514,0.03277784600641512,0.02914514935360087,0.9277301678923559,1.4003077261109105
2088,1946,1975,2016,0.001599022147671958,0.052495386984174164,0.06716532504376282,0.061738905402898586,0.9579589004977029,1.2794519462064584
2089,2026,2086,2082,0.00916816911953518,0.13427700023348285,0.17312674964529207,0.14892404265849582,0.9420439016801314,1.289325419425938
2090,1347,1344,3271,38.019501952518915,8.01414407709597,10.576372726838263,9.549917728493512,0.9499861307495868,1.3197133249781492
2091,2067,2043,2073,0.0062846416315520395,0.1176107897928415,0.1247058818385967,0.12058761560934139,0.9974807325520573,1.0603268803674597
2092,2023,2134,2115,0.006573918288494074,0.11834326177989855,0.1267702687467013,0.12337117684219995,0.9965999144981498,1.0712081688476338
2093,2243,2114,2188,0.07838138259710806,0.357092563414157,0.5161987848675382,0.4401815329389131,0.9141942798719666,1.4455601649392216
2094,2206,2265,2143,0.04878980497120205,0.3166405714626963,0.3532598319335864,0.33667789211829396,0.9920212355896016,1.1156493000935739
2095,1795,2129,1755,0.017983410904220575,0.18617665579137954,0.24999999999991165,0.21043678981857483,0.9212786646476235,1.3428106705281537
2096,2185,2252,1775,0.032442737970632185,0.25244999491138187,0.29642524501538153,0.27547823944817657,0.9830810947735121,1.1741939037053117
2097,1344,1347,1348,30.0233592470268,7.726957014342683,10.576372726838263,8.698009384361136,0.8955803018350647,1.3687629822718737
2098,2081,2003,2110,0.006014286601743843,0.10988545394619999,0.12801993725834535,0.11856592448914627,0.9841573165738585,1.1650307903448625
2099,2203,2128,2189,0.03916229615969038,0.23543624409227995,0.35417164300523024,0.3137519263990562,0.890978480958141,1.5043208167490627
2100,4468,4117,4457,79.4763088350822,12.63699316849051,15.705305033241716,13.776471012601851,0.9575883765375379,1.2428039505791484
2101,3674,1381,1382,26.136009212768407,7.446525509994952,8.188558433567964,7.787436933536242,0.9937563117112346,1.0996482080907442
2102,2141,2414,2416,0.030987611711009323,0.24428011545867084,0.31472876107167413,0.2730890926271949,0.9480135175338471,1.2883928783180976
2103,2266,2385,2427,0.13876177156373867,0.5398154019686495,0.5810439904730128,0.567040519897711,0.9954984576640958,1.0763753467463266
2104,1381,3674,3272,35.74935501469157,8.188558433567964,10.089426669342076,9.184885338936335,0.9716489364330767,1.2321371033980466
2105,3676,1384,1385,24.50831619901263,6.594020037828014,8.42383137641097,7.634427655367251,0.9613668282250523,1.2774955684219715
2106,3676,1386,3274,32.22250785464634,8.097696615865283,10.085810782035773,8.788688966774231,0.9530141268150285,1.2455160103522906
2107,2343,2347,2316,0.049880471213002514,0.3069901767667164,0.37731316107752755,0.34303355761010246,0.9721194520227676,1.2290724252204654
2108,2313,2307,2297,0.01249900785139539,0.1434011062023117,0.20359550199281853,0.17515327749802231,0.9225640114779387,1.4197624229312709
2109,1386,1387,3677,24.55274829930104,6.182323675377708,10.67800616721842,8.2867766141987,0.7866522810855144,1.7271832935156133
2110,2263,2255,2259,0.08013932536866666,0.3451251485742371,0.4955323078417138,0.44532919335042287,0.9101760058492502,1.4358046925552395
2111,1381,3272,1380,34.82823200671194,7.859205039885476,10.089426669342076,9.105973759397228,0.960014867670535,1.2837719105352543
2112,1388,3677,1387,19.922756162488536,6.182323675377708,7.3910384099459625,6.836636492595383,0.9791765598103548,1.1955113963673876
2113,1756,1771,2192,0.05108639698563659,0.29626085715034167,0.40301167709666036,0.35171118282022285,0.9392583577846444,1.3603271150064435
2114,2189,2198,2203,0.055536606516591175,0.3423806935724647,0.38466354350472326,0.3595640430589488,0.9895127742767778,1.1234965952404363
2115,1392,3275,3679,56.99345653966163,10.05197241272286,13.484073801236187,11.735307151368517,0.9422831944539093,1.3414356155782212
2116,3272,3674,4116,58.946578363630444,9.276670913898966,14.70388177823303,12.275853082281367,0.8739318080383548,1.585038632361382
2117,2246,2257,2412,0.0413425003140393,0.25,0.41858957486004617,0.3331316101792709,0.8250893880310421,1.6743582994401847
2118,2245,2164,2116,0.0312712948391523,0.24881525721686734,0.28396622216152917,0.26997092044484966,0.9877194501638283,1.1412733501065984
2119,2263,2256,2255,0.10584882246574426,0.4520605307837787,0.5508363168785312,0.4994763851680079,0.9734652245824368,1.2185012390342855
2120,2275,2264,2280,0.0815307018345715,0.3566567662106397,0.5163792823745311,0.4482892361673378,0.9162734725672467,1.4478325698426822
2121,2499,2419,2441,0.17566442471172694,0.586072598137818,0.6741450025201343,0.640287951009665,0.9859307147643469,1.1502755881475382
2122,2286,2288,2289,0.00881755041602171,0.125000000000028,0.17512039163161913,0.14759769905748016,0.9166081476234674,1.400963133052639
2123,3272,3675,1380,57.475532886850445,9.369289568964135,14.028298537316683,11.977413974552261,0.901533433278026,1.497263846320383
2124,2216,2241,2230,0.05001382368162698,0.23897713077118718,0.4594797769935338,0.3733108077967844,0.7771398287299959,1.9226935042310418
2125,1218,3277,1217,37.540544452792574,8.0,10.577261392342356,9.489319265257691,0.950253573378665,1.3221576740427945
2126,2168,2218,2149,0.032457285657703706,0.26112951148689545,0.28343871290817096,0.2742678437802845,0.9952627439013741,1.08543347434859
2127,2135,2232,2190,0.03599148897130421,0.22960577098869034,0.340764528966647,0.29942141939487654,0.9023086363510104,1.4841287633986864
2128,1221,1167,3278,38.19844846485606,7.859405915995782,10.761032374228455,9.622510063182785,0.9365602542819809,1.3691915762140703
2129,1771,89,2185,0.027816243574240552,0.23232408415759942,0.28383783250231087,0.2562039705237233,0.9719936272563491,1.2217322776994854
2130,3278,3682,3901,33.485089433969044,8.524824156002605,9.101229015196044,8.803300797785866,0.9971224277275335,1.067614867901712
2131,2178,2179,2180,0.016933877998870413,0.14841229108829534,0.25153557802784704,0.21069729499217613,0.8429032905101501,1.694843305654518
2132,1221,3278,1220,29.632266958408966,7.859405915995782,9.152578981600499,8.337328299198754,0.9797575811456841,1.164538271648853
2133,4169,1219,3901,43.31141365342816,9.532426644656995,11.025013822206214,10.073893400542623,0.9812130549827383,1.1565799804382262
2134,1756,2161,2156,0.021368769842699704,0.20220421828315954,0.25000000000004224,0.2248141352146944,0.9690450955274225,1.2363738112028464
2135,2148,2145,2218,0.031188867062395268,0.25732303032501136,0.2760005846655603,0.2687436737805967,0.9963706004369546,1.0725840758091427
2136,1173,1174,3280,44.61691430308201,8.0,11.925116998738106,10.567691327280707,0.8961708962748804,1.4906396248422633
2137,3633,4103,3240,41.36277274422775,7.628203782395035,11.79411533036566,10.224067786200024,0.8848825491820638,1.5461195933943246
2138,2121,2146,2112,0.011530517699512617,0.14341613697761274,0.2116074704584747,0.17197613333496956,0.8755923146298872,1.4754788053697654
2139,1952,1929,1928,0.0007837735786111267,0.03458720635286292,0.055644353314962806,0.04520388058677472,0.8548819881387438,1.6088131763887574
2140,1180,4103,3633,35.157816277058416,7.628203782395035,11.162523825370581,9.368140092497113,0.9037020033012599,1.4633227092244607
2141,1214,3632,3240,46.40863941798421,9.661662150317193,11.771811075943017,10.485478272798078,0.9673433216569663,1.218404337969585
2142,3277,4028,1216,34.430629084797616,8.280145021356399,10.265268774790371,9.054698795532389,0.9610188245265708,1.2397450465316588
2143,1994,1990,1984,0.0006895589438872862,0.036809110763282825,0.044460258756426486,0.04029526528679262,0.9747643756378969,1.2078601692485247
2144,1216,1217,3277,35.72400558242893,7.676514615012849,10.265268774790371,9.277493264411312,0.9441983118996706,1.337230408539148
2145,1962,1948,1921,0.0004733922028543048,0.0294348713843046,0.03663093993123476,0.033454826965971664,0.9690132838022435,1.244474264996017
2146,1980,1923,1949,0.0005316785161833699,0.030580075375421966,0.043468838104668985,0.03637040590907447,0.9086174021981511,1.4214758325810428
2147,2025,2007,2037,0.0038267434387325174,0.09057117464429854,0.10215729799277912,0.09450206452072533,0.9863321547785405,1.127922856184464
2148,1867,1894,1913,0.0009078044529620336,0.04093523722587504,0.05094545771602036,0.04632928498657163,0.9690666638230223,1.2445379865495902
2149,1179,4104,4256,37.86249844252792,8.308410850691171,11.749675973050891,9.7386692781569,0.9015885769827593,1.4141905334488176
2150,3240,4104,3633,39.848132342433075,7.840686001262718,11.249884245839375,9.898011112368026,0.9188146949228334,1.4348086690408999
2151,2025,1783,2007,0.0019399867738265767,0.06219167222974544,0.09077772092509837,0.07182313105162762,0.8392705251041723,1.459644316842804
2152,2179,1755,2195,0.03093669677204387,0.23075905631928925,0.33174957313784786,0.2776551944298599,0.9064565736805972,1.437644868328909
2153,3279,3682,1169,39.99898492219363,8.59447458181571,10.3413191235215,9.700752500753966,0.9752124026754175,1.203252045843708
2154,1170,1171,3279,35.34827187298029,7.968701216028655,9.753795860028868,9.139971510024852,0.9692230088518934,1.2240132482831183
2155,2380,2223,2393,0.16646274069046268,0.5508931828054804,0.6685647121284443,0.6264431677706818,0.9725060139620694,1.2136013532128125
2156,3279,1169,1170,36.30082136209306,8.000000000000025,10.166463796924685,9.287960416980582,0.9621364143402885,1.2708079746155816
2157,3683,1172,3902,21.53822213778525,6.620785559840458,7.339128445741511,7.073855666679212,0.9919694334694688,1.108498135063955
2158,1174,1175,3281,30.378029272081914,7.775267721651756,9.888673852117007,8.554647191256235,0.9470146541424749,1.271811364717392
2159,2241,2216,2240,0.0927322035103085,0.4164608469648083,0.5388240874918641,0.47158823715006876,0.9519551065200497,1.2938169132076796
2160,1176,3684,3281,34.454403827118,8.579173067148169,9.38627302267438,8.939406077851027,0.9942984928002976,1.0940766609099895
2161,3279,1171,3683,32.20910153120769,7.707374981004754,9.753795860028868,8.746049028064299,0.9636219099357167,1.2655146381313522
2162,2032,2069,2068,0.004605844150015085,0.09570903536258935,0.11280169069102162,0.10386057543465178,0.9816092554565189,1.1785897774821106
2163,992,2989,991,25.681073678769703,6.711262820294683,8.818413482304452,7.843225434199733,0.9524544564564181,1.3139723057243118
2164,2029,2005,2002,0.0030586708042662247,0.06249999999997917,0.1072788919737225,0.08980156565877584,0.8362601537600185,1.716462271580132
2165,1949,1963,1980,0.00033621561232691937,0.02391550123624617,0.030580075375421966,0.028341255688197276,0.9550267675335433,1.2786717314991924
2166,2989,990,991,18.311905342452544,5.742698471791237,7.349314311912034,6.601091867999318,0.9608924250937422,1.2797667068909624
2167,2050,2020,2012,0.002052047252911443,0.06250000000003905,0.07345105593846626,0.06932512044836164,0.9812401559908136,1.175216895014726
2168,2021,2033,2015,0.003992974174694528,0.08949712951145723,0.1012977837555631,0.09640846895055116,0.9894346371838527,1.1318551143318532
2169,3699,4121,1000,33.81512316713028,8.025385313504245,9.975548073304468,8.948679592132294,0.967474399799665,1.2429992683988271
2170,1784,1916,1950,0.0006642323500463794,0.03458792682966785,0.04393414570478721,0.039717977286424296,0.9632557221035295,1.2702162208549204
2171,995,996,3282,41.639295575142086,7.494015518524542,12.130381787506405,10.34805030508396,0.8644609842488536,1.6186758297365647
2172,1931,1914,2011,0.0018833920617827792,0.05980372538639872,0.07980660996158177,0.06783814296953285,0.9300898968052302,1.3344755606100143
2173,1982,1969,1968,0.0008841516996242008,0.039260122068795415,0.05241123351339776,0.04613453858477565,0.9464453924489774,1.334973778776278
2174,994,995,3282,43.26959082808348,7.999999999999984,11.655590285091861,10.358447964770926,0.9077008717450231,1.4569487856364856
2175,3282,996,3685,46.380636894636815,9.104646751057679,12.130381787506405,10.576882616280887,0.9445491804768851,1.3323286580116058
2176,2052,1987,2025,0.004520510751296034,0.08841764253762988,0.12024343614601195,0.10465412382653293,0.9386921144749125,1.359948452536916
2177,2032,2068,2049,0.002610034155422018,0.06956423465479125,0.09570903536258935,0.0803323394356293,0.9163532994939793,1.3758368195602273
2178,1967,1968,1969,0.0007366681354032329,0.037660445646477185,0.05207170776674831,0.04299742516067364,0.8999595079818402,1.3826630798677013
2179,2231,2163,2213,0.06691886692214255,0.32208214380087785,0.45481174998801854,0.4048325094248781,0.9233996855437931,1.4120986175166501
2180,3278,1167,1168,29.51562683678867,7.432364885610484,10.247091899324118,8.559818928311534,0.9119139314913746,1.3787121672622826
2181,1942,1941,1901,0.0005962614000400612,0.03124999999995643,0.044124989829816254,0.038201647927793236,0.9257050050136095,1.4119996745560888
2182,2290,2291,2288,0.0036049023353405597,0.059377520776494434,0.1505867854332804,0.111654768736561,0.5971132104616421,2.536090821307795
2183,2057,2045,2067,0.0027567353247989995,0.0561744195852514,0.10445888129322793,0.0869613515735169,0.7919258844828028,1.8595453600494989
2184,1015,3283,1014,47.14545282887762,8.000000000000064,12.484343756294633,10.964736037932875,0.8736697092141462,1.5605429695368167
2185,2284,2358,2235,0.0909111121990952,0.4431761372776882,0.4786150901774639,0.45892607740004426,0.9958260151272801,1.0799658418376668
2186,3283,3687,1014,51.80225049186699,9.38751706541012,12.409864357503928,11.147192469488495,0.9501717805644392,1.321953853296326
2187,1775,2187,1764,0.02057817775221372,0.2015058385483281,0.262762854847477,0.22389815925457437,0.9338161418575381,1.3039962352478307
2188,2243,2419,2227,0.11988038903733418,0.49601923024109795,0.5931397022801544,0.5319811543136498,0.9717734880975598,1.1957998120190816
2189,2230,2237,89,0.02889978580445569,0.24101402274071232,0.29439989580346104,0.2617703953336917,0.9662941451786882,1.2215052570620852
2190,3284,1018,922,50.95130842099091,10.049467568065312,14.736677055092978,11.64888958048761,0.8376909036359788,1.4664137134908959
2191,1017,3284,3689,28.625943259034045,7.279312502359382,10.284240247648999,8.485210773749555,0.8972463463912351,1.4128037839171839
2192,2183,2175,2181,0.011462356518514957,0.14812980675543264,0.19621411269374145,0.16717700809911976,0.9326288382240159,1.324609253137673
2193,2199,2187,2204,0.03088707222091941,0.24780868264495315,0.3126792573247309,0.27222324063956027,0.9518935181085032,1.2617768432784124
2194,2221,2108,2083,0.02722509935923395,0.23981211927193838,0.2687663376392327,0.25169756064343557,0.9900614441028561,1.120737093918349
2195,1006,3286,1005,40.70852576375023,7.999999999999903,11.882777332840355,10.07651864589939,0.9032227941060308,1.4853471666050624
2196,3692,1005,3286,31.695716476214788,7.941573952380928,10.346778604857908,8.795105310925429,0.9317272691713008,1.3028624636500283
2197,1008,3694,4223,29.017561161492623,8.0103281006391,8.342932133958486,8.189577598355383,0.9988855361949013,1.0415218988711399
2198,1764,2199,2349,0.05193529951982955,0.30244127488570693,0.4040992092328633,0.35381693719404006,0.945079129124663,1.3361245398319825
2199,1010,1011,3287,43.14733406373561,7.999999999999863,12.642424788628306,10.50685341143081,0.8736537357276786,1.5803030985785653
2200,2188,2114,2077,0.03696336534927706,0.2458125309690696,0.357092563414157,0.3027776406033702,0.9106219408476919,1.452702846378038
2201,3287,3694,1009,49.94616678800131,10.45178446537464,11.005881583355643,10.747107084756236,0.9982136393154295,1.0530145947628993
2202,1013,3906,1012,43.74573000239529,8.000000000000025,13.090507238416691,10.68552962919505,0.8522648858681899,1.6363134048020813
2203,2187,2199,1764,0.029239911645895945,0.2015058385483281,0.3126792573247309,0.272208790252922,0.8813819921563758,1.5517131393179933
2204,2173,1776,2106,0.017380988532383256,0.17131780973205885,0.25133478783772584,0.2089539083880313,0.8971741921580181,1.4670674825391101
2205,2373,2366,2357,0.11038946661463317,0.46094848284079526,0.6326315329903102,0.5249704205234121,0.9057584819525369,1.3724560477809657
2206,923,3688,3284,35.16793438732708,8.00931429502955,10.59469026351861,9.209762525244473,0.9449230680598749,1.322796168717402
2207,2476,2446,2475,0.07717164433932155,0.3757846984150997,0.4636555803971575,0.42682105168271917,0.9708893828631918,1.2338330494899337
2208,2505,2380,2401,0.2645579483852903,0.7358489292698307,0.8688433162045168,0.7884542195914968,0.9775621293156184,1.1807359930069532
2209,3688,924,3907,28.124336326055523,7.323804585044941,9.680178864653959,8.272166374998696,0.9350787011708235,1.321741828614691
2210,3285,3688,3907,34.88961572144245,7.323804585044941,10.91215007911543,9.324071547685003,0.9036082903815086,1.4899564771837053
2211,3695,930,3288,52.167889170633785,10.330545041658878,12.129536734023194,11.062240725745864,0.9797322749586488,1.1741429600383828
2212,2639,2452,488,0.4784178282304479,0.5,2.9125574225957105,1.9897936583340414,0.21705977099419044,5.825114845191421
2213,3808,4465,4439,80.78881427515012,12.958496420938763,14.550086916144762,13.706783250955503,0.9908188216128484,1.1228221580270883
2214,2513,2442,2499,0.3255150745700335,0.6885757151631706,1.0185982402827038,0.9006824177392492,0.901570287651637,1.4792828411634127
2215,930,3695,929,40.57886782536894,7.999999999999984,12.129536734023194,10.121268280983138,0.8900569469599756,1.5161920917529024
2216,927,4119,926,32.79413099314339,8.000000000000105,9.860840072755774,8.812731680274345,0.9676211743613801,1.2326050090944556
2217,932,3696,931,30.2970350254092,7.999999999999984,9.177931129421017,8.419674427756974,0.9829798617507503,1.1472413911776294
2218,2486,2488,2489,0.1423008880034789,0.4847797498807525,0.6770834445474029,0.5890577704155612,0.9302127643021116,1.3966826063051392
2219,933,4120,3696,35.95182260403854,8.289679025509626,9.817406626387276,9.177909631800636,0.9807832535610108,1.1842927327073114
2220,2452,2449,2454,0.2546742949791678,0.5,1.050707029678729,0.8659663893952435,0.7200023236718615,2.101414059357458
2221,3288,930,931,38.00030893932854,7.999999999999984,10.330545041658878,9.53864975653076,0.952132464801655,1.2913181302073624
2222,4120,934,935,24.301178919712854,6.499138356610085,8.324742650594905,7.607960335735005,0.9591168532551541,1.2808994352502205
2223,4120,935,4270,28.65527066616807,7.916581181863879,8.324742650594905,8.140107194055888,0.9982900191872566,1.0515577948807098
2224,2526,2570,2456,1.6716174279785903,1.6159267340762813,2.69080164882042,2.126098104756673,0.8188708489836342,1.6651755256457057
2225,936,3441,2990,57.32894611749175,9.889072170139134,13.023956499590305,11.721322794712847,0.9513389380294479,1.317004899500806
2226,3441,937,938,33.256806363516,7.8256459071554065,9.58744118409795,8.854496293273728,0.9726467454780444,1.225130972937536
2227,931,3696,3288,39.54839727512298,9.177931129421017,10.285404227933416,9.596442244781377,0.9891741436934799,1.1206669654517514
2228,936,937,3441,34.406783313010735,8.000000000000146,9.889072170139134,9.013157986235703,0.9708931689310273,1.2361340212673693
2229,922,1018,921,53.71169422772292,7.999999999999984,14.736677055092978,12.100802799434183,0.7999281155591029,1.842084631886626
2230,2326,854,2327,0.049953260479511326,0.27108396740074925,0.4164937930011076,0.3546980759323422,0.8903269735882726,1.536401422019163
2231,4428,4031,4324,51.12825839479993,10.548166951015943,11.064477636273713,10.87350248357091,0.9982174038562494,1.0489479060822071
2232,3692,3909,1004,22.166207029212053,6.725260925300639,8.127109786575419,7.244284214150476,0.9681749469323356,1.2084452747403422
2233,2100,2055,2115,0.0066894602429203864,0.12045676937815472,0.12774509384729643,0.12440062107515037,0.9976815116756388,1.0605057275466288
2234,3692,1004,1005,24.300029831815294,6.725260925300639,7.999999999999984,7.55561162589385,0.9771199182546089,1.189544924555081
2235,1003,3909,4173,25.10190919116637,7.119635759890764,8.210008880918904,7.653255569632827,0.9863815815981951,1.1531501270290925
2236,3286,4034,3691,80.16384579778443,12.006345296258393,14.945776031175694,13.772249640964683,0.9677982391571512,1.2448231049821075
2237,2086,2190,2082,0.017105036911153348,0.17312674964529207,0.22368585615269734,0.2019613651800366,0.9578727244170907,1.292035208949469
2238,3910,3693,954,48.8675261067919,9.71866082084521,12.025971593492278,10.75835424314302,0.9674192328131486,1.2374103608696991
2239,3691,3291,958,54.93104492785323,9.651985280531875,12.398435612919533,11.459617115111406,0.9541237044155283,1.2845477124718858
2240,2316,2307,2313,0.02012460332528853,0.17846322429893663,0.2532921258182866,0.22198925348127693,0.9242077230538096,1.4192959183232454
2241,4032,957,3291,43.60058079762869,9.059732713281885,10.871914800589222,10.118861994344341,0.9777219682215428,1.2000259990728661
2242,4033,3291,4034,50.1711773817218,10.127045368616008,12.192141643092889,10.892774865532923,0.9695384568070877,1.2039189318610808
2243,3699,1000,1001,32.370092572749655,7.999999999999903,9.225577303726093,8.690227564438056,0.986449859621657,1.1531971629657756
2244,2004,2061,2001,0.001603562749515232,0.05762464901827455,0.06284415213573243,0.060989600384682006,0.9940562277584959,1.0905776122957835
2245,962,3743,961,36.352817336643774,7.924891419540495,10.116072353005238,9.306470261908482,0.9586528328159515,1.2764934959313037
2246,3699,1001,3290,43.76432888413071,9.225577303726093,12.138794571575806,10.331665286140552,0.9323442451419359,1.3157761484122086
2247,3742,4400,4275,91.6084403721029,12.864795025796264,16.00680296782815,14.719798898546033,0.9683332285068893,1.244233035639634
2248,3698,960,961,41.4125169915769,7.482954673182703,11.808753020590387,10.287066297036743,0.8713004137657646,1.5780869370905606
2249,964,965,966,22.015148453280705,5.989231819736833,10.071043665899476,7.822007576718685,0.793816519175386,1.6815251052249296
2250,2256,2247,2255,0.06275470274696904,0.33501551511750755,0.4520605307837787,0.39019583386221424,0.9376765805234288,1.3493719257307153
2251,2144,2152,2210,0.009806507554268151,0.125,0.22649988038463037,0.1710075881937075,0.7304212745206838,1.811999043077043
2252,2334,2290,2286,0.016573463434195024,0.1807485888578452,0.21563967559330485,0.1972451911278176,0.9786350727519397,1.193036565076039
2253,2162,2192,2374,0.06499543031797131,0.36461711673673924,0.45660651897467086,0.39548560323747456,0.9483418190291593,1.2522904109966668
2254,3691,959,3908,52.73001473241292,9.356680075117612,13.808738957290572,11.506852482409167,0.8972324600555625,1.4758160850249011
2255,963,3331,962,29.9644437536845,7.032598333425218,11.965654037334977,9.209614773582373,0.7771737126000798,1.7014556313366358
2256,2268,2280,2224,0.20169054474729584,0.5036206053395609,0.8683782398451807,0.730140384318369,0.8329826911980966,1.7242706724830805
2257,1753,2206,2143,0.03827168877535823,0.26773978166960544,0.3166405714626963,0.299703038067992,0.9784280565723344,1.182642973293506
2258,4183,4406,4491,58.557260344185735,9.412680625737126,13.317352845540338,12.005972849681376,0.9167904916514563,1.4148310534542787
2259,2209,2210,2208,0.007972846205764446,0.11847557805111533,0.15956439311820136,0.138853823989626,0.9412466863538288,1.346812530843771
2260,4399,3289,4374,81.26443625147468,13.472612684351583,14.117437289272834,13.708748071350294,0.9981821333465316,1.0478618824743782
2261,936,2990,935,35.514193288187265,6.201351344606345,12.2509397144091,10.018362703412299,0.761369230908713,1.9755274348492466
2262,2233,2218,2234,0.05384465307618667,0.3302709215848006,0.3704723044180594,0.3538378781024272,0.9908702652601519,1.1217224412017655
2263,3293,3702,949,47.79644387128417,9.388538615219817,13.05583169139188,10.899546944108783,0.9103614189575999,1.3906138352807105
2264,3700,942,943,28.137770690747324,7.579681434050245,8.734231920425582,8.10463778482523,0.9858692878994245,1.152321769248605
2265,942,3292,941,39.21426021499403,7.999999999999944,11.004862252319837,9.752419432048805,0.9361369243776501,1.3756077815399892
2266,2491,2481,2492,0.14549228040965523,0.5607485284676561,0.5924482294765061,0.5801436799168066,0.9977453417906827,1.0565310462703754
2267,942,3700,3292,35.93020183340716,8.633620916431699,10.252396043826637,9.20674962689464,0.9726257690294137,1.1874966648482388
2268,3703,3293,950,35.17364366837898,8.01017134717946,10.282630372424956,9.156525833400002,0.9590002202212327,1.2836966809762034
2269,3289,939,4031,49.49631626799638,9.703070349795025,11.35326765890445,10.766094482636364,0.9813779455646167,1.1700696016435956
2270,2289,2298,2286,0.010730564466177652,0.1312863026050697,0.1772303600009377,0.16121235141254217,0.9373335903020242,1.349953167118089
2271,3346,4445,3755,63.610575258712316,10.909692667174289,12.978966158319553,12.22052067409551,0.977997036454097,1.1896729407759958
2272,2304,2334,2336,0.017099822788881905,0.18653999316375688,0.20611293019366073,0.19931307963501863,0.9920355422462559,1.1049262235831725
2273,2454,2522,2534,0.8336704293866103,0.8518077781697014,2.168119062197494,1.6596658244593787,0.6234528304838993,2.5453149381380156
2274,2492,2488,2425,0.2818407143350388,0.7445541365129026,1.0037084792079563,0.8367181968255509,0.9114858898960758,1.3480664870237582
2275,2467,2526,2456,0.9176441658330334,1.2703118960124744,1.6159267340762813,1.4769663535148767,0.9616901513540518,1.2720708505908638
2276,3701,3912,946,52.83455352589757,10.270467770056449,12.356737424842827,11.157192777341907,0.974124269495433,1.2031328758821382
2277,2521,2532,2536,0.6862107994815354,1.0557900921215404,1.420654924393435,1.287682365460214,0.9403810660481108,1.3455846337208213
2278,2251,2259,2186,0.05744024971842159,0.3282539596717019,0.41655574451404587,0.36981360149173526,0.9607279654002056,1.2690044772975706
2279,2182,2269,2196,0.05760564212477487,0.32453781961586725,0.4027444387532258,0.36894994460131275,0.9696408035073992,1.2409784450697494
2280,2522,2435,2533,0.8499089971524494,1.2135181584198054,1.9902112914459518,1.5395711811608006,0.7918965006993066,1.6400342076772259
2281,966,3343,964,38.77726085859065,9.022903842226683,10.071043665899476,9.493816139329942,0.9914854201497771,1.1161643570629178
2282,2290,1751,2291,0.0036049023353447373,0.059377520776494434,0.12500000000004013,0.10312584025882705,0.7181883673207415,2.105173782357101
2283,990,2989,989,26.617136970695764,7.349314311912034,8.252042811061676,7.8671190409912315,0.9908671776428414,1.1228316630418795
2284,902,903,3294,44.641394360096086,8.000000000000025,12.362135086757192,10.613496490767263,0.8872829367527341,1.5452668858446441
2285,1909,1833,1858,0.00042559929572129806,0.030383801989230446,0.0330048557209963,0.031415078019056956,0.9946078114159467,1.08626483718841
2286,4184,3707,895,36.612965067476175,8.888221313453826,9.485357236532284,9.2050577525623,0.9971794513170279,1.0671828369276304
2287,1892,1878,1873,0.00038889259561726455,0.027778135884644783,0.032987611522915544,0.03020429444631277,0.9795205672587265,1.187538705257413
2288,3294,3705,901,39.84075786749565,8.323273195100509,11.772312337566929,9.927148952871015,0.9149587437917008,1.4143849494807759
2289,1837,1888,1903,0.00027827437874073995,0.018739741038660815,0.031412434722785994,0.02701508374328106,0.8410507163472685,1.6762470013849669
2290,906,3295,905,37.87913816859606,8.000000000000025,10.34302492817541,9.520648654233451,0.9529051130229689,1.2928781160219223
2291,1866,1858,1841,0.0002030634386428992,0.01986642253680081,0.023024085984984698,0.021779559296334183,0.984714242741511,1.1589447441951157
2292,3296,3704,892,45.25738126805462,9.177553314604486,12.639764231287034,10.587224767286967,0.9144630632421032,1.3772477040447195
2293,903,904,3706,36.305175471720744,7.39414567681146,10.695171042948896,9.46808018086802,0.9131333375688392,1.4464376968511283
2294,1871,1899,1858,0.0003174541378300831,0.0264926852333064,0.02791353442081244,0.02709654600767779,0.9980219250151647,1.053631754387802
2295,1870,1865,1848,0.00022194071767072792,0.02108108040504791,0.025150289717420244,0.022841852068053073,0.9769187883753238,1.1930266017769162
2296,1773,1784,1887,0.00029375214000522875,0.020155313995212268,0.03125000000005236,0.027293232479124564,0.8804610729650448,1.5504595962868921
2297,2991,3443,4184,31.72401550207485,8.07816502223549,9.23869666008105,8.60104071887521,0.987259147570039,1.1436627791894753
2298,1925,2000,1951,0.001590290473875652,0.05271485184282946,0.08414564366349686,0.06582917462511766,0.8140281226769712,1.5962416799420973
2299,1923,1938,1801,0.0008362800600920855,0.04068095408519399,0.04713086697811741,0.0441832693177045,0.9857380868601696,1.1585487124863398
2300,1898,1947,1956,0.0004997534718636985,0.029181721110236505,0.04040912697976775,0.03490185753404137,0.9313733233284295,1.384741044817704
2301,1864,1840,1869,0.00012047301580768683,0.015451824896991167,0.018266066319784818,0.01680130703615632,0.9809949154715362,1.1821300358730864
2302,3443,3941,4184,42.92791938832097,9.23869666008105,10.493766214038736,9.999796502809806,0.9884703201318503,1.1358492003943201
2303,1863,1846,1853,8.998854119971757e-05,0.012102200211322476,0.01617161147198115,0.014739280896126687,0.941501507902505,1.336253837285839
2304,896,897,2991,23.835331426996877,6.3082012476446865,8.406560376718545,7.571587208121072,0.9465353406985934,1.332639851947864
2305,1823,1824,1835,0.00012112681915925131,0.015866888908536443,0.018675658947689657,0.0168811418111532,0.9760572242533213,1.1770208422926618
2306,1813,1817,1838,0.0001374688861806504,0.01610087757711121,0.021330068466813405,0.018275467422719408,0.9366651878897719,1.3247767623012017
2307,893,894,3296,39.04967519333413,7.814988890651116,11.618351527396436,9.867956292165543,0.9033197765426006,1.486675373434656
2308,1889,1890,1932,0.0003978506893982179,0.026715443686773456,0.034422665795394485,0.030796036494083523,0.9586786902417929,1.2884931352435969
2309,1943,1959,1972,0.0004558134472494945,0.02944876126739747,0.04049019518839698,0.03369201308555885,0.9084532346810853,1.374937126242502
2310,890,3297,889,42.93878164177069,8.000000000000064,11.565086687759939,10.306166808638684,0.9107224313568821,1.4456358359699808
2311,881,882,3444,28.43415875370556,7.762533422977208,8.623196825210593,8.128576749395934,0.991849526498214,1.1108740349749489
2312,882,3445,3444,31.716988738951525,7.762533422977208,10.742182528939047,8.904876320061414,0.9040857977722944,1.3838500839354888
2313,2642,44,2641,5.56248715371117,3.2559656868711153,3.8844514235751024,3.612001262017387,0.97942456262495,1.193025909099166
2314,3298,2992,3445,40.89444806108175,8.673413437366772,11.02162865023892,9.860288421389773,0.9622704738420791,1.270737147471326
2315,1816,1834,1825,0.000255515596773537,0.02259990651972824,0.028419059264016427,0.024754513496886482,0.9524159098978761,1.2574856997398838
2316,1807,1806,1831,0.00011180937153160599,0.014471071426141313,0.018378590050452885,0.016316846351275897,0.9605855729830487,1.2700227584567665
2317,884,885,3445,26.555792595940723,6.960638308922804,9.064151228014294,7.9767813915638355,0.9527558105307501,1.302201152499909
2318,2411,2212,2141,0.03321755699143096,0.2444944012641679,0.3514749671181129,0.2895159065629666,0.8933542291981482,1.4375583461248918
2319,1807,1820,1843,0.00017832478287074522,0.01562500000002618,0.024522811352393096,0.021308437419883374,0.8756745386753567,1.5694599265505285
2320,881,3444,3810,33.84377572323586,8.047401004416649,10.417686861887738,9.029428230504992,0.9468123742344956,1.294540542489458
2321,1823,1849,1841,9.942291922464757e-05,0.014362766947741173,0.01658378337242466,0.015249036669600065,0.9835153371696362,1.1546370857902686
2322,1784,1829,1828,0.0002751172447503382,0.01871284453662154,0.03125000000005236,0.026823547866021202,0.8443423809104208,1.6699759322477814
2323,1813,1812,1816,8.165393660907782e-05,0.010479164772821547,0.01817309997735656,0.014759088250068095,0.8268088239501851,1.7342126372981341
2324,1816,1812,1834,0.00014725035162305308,0.01562500000002618,0.023244574706914774,0.019275230251290364,0.8919335111035995,1.4876527812400528
2325,2177,2194,2139,0.016562645208726367,0.19008518355938175,0.1998026398424232,0.19570330326790372,0.9982544481607962,1.051121587180443
2326,1805,1898,1932,0.0003797665671513588,0.025607978670519827,0.03359037894478437,0.030149452538421512,0.953074484640046,1.3117153593795345
2327,2107,2122,1786,0.010893498932639176,0.12499999999995583,0.20004144289874526,0.16713008186785075,0.8700940470214146,1.6003315431905276
2328,1812,1815,1814,7.699521279525516e-05,0.009859750972573534,0.018226061833016286,0.014570270935205333,0.7919868216767678,1.8485316600505404
2329,1842,1851,1859,8.887967604640455e-05,0.011610748037875205,0.016655373577435156,0.014796075802888093,0.9161523747738499,1.434478943398304
2330,1766,2105,1780,0.004629535294804413,0.07408527288427373,0.14648094376740828,0.11518873888387927,0.7534446666793589,1.9771938209125792
2331,1864,1856,1824,8.622122708484136e-05,0.01270593972794629,0.016335990107574177,0.01436218783255822,0.954921744443951,1.2856971194065807
2332,2993,842,3051,22.895902505973087,6.677385922896869,8.248764626207533,7.365426190357877,0.9670028062139006,1.235328423645903
2333,4196,3975,3961,61.53317437450582,10.590801491924738,13.02294039593386,12.050859115716847,0.9711376790795492,1.2296463497935992
2334,3444,2992,3810,34.28618140879665,8.047401004416649,10.60005573906043,9.11494607726013,0.9397678519589787,1.3172023779159021
2335,1872,1893,1879,0.0004508252916332091,0.030786600723506138,0.035400276076879254,0.03247895893347925,0.9829593642104313,1.149859849575744
2336,1911,1910,1919,0.00047018717838005053,0.03118173039272908,0.03792288638025712,0.033451538924356275,0.9617787176878293,1.216189284642777
2337,2069,2062,2111,0.005691289515145877,0.09929133609048851,0.12764686227250818,0.11647616108853016,0.9580635816488043,1.2855790575340635
2338,661,662,3710,30.80065630673903,7.999999999999984,9.229017432451773,8.487200160682027,0.9836046238243511,1.1536271790564738
2339,659,3188,658,36.45714446212605,8.0,10.809088236076787,9.394196287728237,0.9400206092302051,1.3511360295095984
2340,661,3710,4021,39.02372639204133,8.59856572999973,11.419427942933094,9.749003701794866,0.933857566871191,1.3280619467839379
2341,1879,1893,1881,0.00047173786032840315,0.026958415939111583,0.04114383496702834,0.03450084232767306,0.8898767882233954,1.5261963113840225
2342,663,664,3299,32.82657150724989,7.605444178490761,9.45004559719128,8.823773466874298,0.9644838500913703,1.242536974226608
2343,1845,1827,1825,0.00031830738830854985,0.023182675538477845,0.030816696344774575,0.02765321380649717,0.9481881380515509,1.3292985226673268
2344,1865,1839,1848,0.00027181387449083953,0.02199594821151252,0.03018907440758798,0.025778437445506914,0.9287101253289348,1.3724834281882532
2345,3299,3710,662,36.611788485039924,8.232583049594327,11.024451659036085,9.438652683622514,0.9346883842963457,1.3391242569462245
2346,1875,1904,1936,0.0008821415476609239,0.04301000580688552,0.049110154531547615,0.04538436828777006,0.9856606427147647,1.1418309207409014
2347,662,663,3299,36.95660999555239,8.000000000000105,11.024451659036085,9.491499085409156,0.9316007068715745,1.3780564573794927
2348,2096,2059,2047,0.011137851114238205,0.13125371201798955,0.211375640035523,0.17080847341181307,0.8504196549750003,1.6104355205325698
2349,3299,3709,3962,51.85631308942533,10.184530097966542,11.483980461533477,10.986335811700101,0.9895045562567324,1.1275906056604796
2350,2006,2007,1783,0.001229720312683879,0.040225747710001154,0.06694390061302691,0.05655654944102237,0.8514773987997726,1.6642052522092197
2351,3962,3709,3914,31.284271856377174,7.55022136277268,10.184530097966542,8.726830547889426,0.9339948189546048,1.3489048345234822
2352,2032,2062,2069,0.004758364602070593,0.09929133609048851,0.11280169069102162,0.10529317182291499,0.9883761529331618,1.1360678094634615
2353,665,666,3300,28.075445146403723,7.424222175199242,9.457882532059477,8.214693937650267,0.9496798613046048,1.2739223461891693
2354,2132,2142,2098,0.007501662806535513,0.11710071328687315,0.15284312800196423,0.13414687657303745,0.9513819877061576,1.3052279846283206
2355,2036,2035,2024,0.004245000527663209,0.07561795536755975,0.14538594083433998,0.11150701918489252,0.7400420125050761,1.922637819650845
2356,3301,3711,668,67.01507606829367,11.942893553158937,12.7581097109343,12.456076088275232,0.9966372078998292,1.0682595180260763
2357,656,3709,3300,40.84415885636353,8.921853177505422,10.782620590259242,9.804147007591881,0.9754148756727984,1.2085628821426195
2358,664,3709,3299,44.38281312557388,9.415830624940856,11.483980461533477,10.25023835896437,0.9682384460586873,1.2196460321954454
2359,2030,2006,1762,0.0017692520075380277,0.06031762421532869,0.0703126854027183,0.06437676987267539,0.9815346111175316,1.1657071431014607
2360,2126,2139,2147,0.017774796762729986,0.16773994299340478,0.24719212832301207,0.210233683851249,0.9068499632063309,1.4736628850096318
2361,2069,2111,2087,0.0068020581695676366,0.12249028490259382,0.1293419833383718,0.1254349080572271,0.9978704918657517,1.055936668293543
2362,3302,4037,670,57.327647182288196,10.38120053497267,12.519850468740588,11.607155385366609,0.976796845946589,1.2060118120792613
2363,2133,2102,2101,0.01302513257998765,0.14924149826541408,0.21964935428731336,0.18138845302867782,0.8913547125717672,1.4717713024877608
2364,670,4037,669,40.73444872784405,8.000000000000057,11.920415152386566,10.087527011023779,0.9014870022360747,1.49005189404831
2365,1790,2106,2107,0.009914023084799842,0.13866342664316783,0.17131780973218438,0.15322777302118987,0.9675764501893869,1.235493842028355
2366,1886,1904,1875,0.0005719155059251008,0.03125000000008263,0.04301000580688552,0.03729137082103664,0.9342416386255006,1.3763201858166976
2367,673,3715,672,37.92449178047491,8.0,12.705279095061293,10.06581418702814,0.8327338557625003,1.5881598868826616
2368,1786,2104,1790,0.009517462161402744,0.11507859376404517,0.17979367677958355,0.15539669342523058,0.880140260322282,1.5623555250269123
2369,1823,1841,1832,0.00012527122709203305,0.01562500000002618,0.019670101213966455,0.017292961528805766,0.9578723156468518,1.2588864776917437
2370,671,3302,670,47.38514375221939,8.0,12.519850468740588,11.002315492768354,0.871559258348225,1.5649813085925735
2371,1952,1894,1929,0.000788956717397955,0.03531457776411408,0.05240519043664084,0.044366616764417784,0.9030654969038342,1.483953476286325
2372,1947,1898,1804,0.0005822243092780706,0.03125000000005236,0.04040912697976775,0.03735382686947796,0.950954457925185,1.2930920633504013
2373,1925,1922,1917,0.0011913077130947655,0.04569015486063607,0.05763746016142603,0.053198889660869754,0.9624234717782659,1.2614853317357224
2374,1906,1939,1912,0.0006523945709871774,0.031890701438907626,0.04841145149462991,0.04055199403698445,0.8913584033483035,1.5180428560773662
2375,3301,669,4037,59.96179047481084,10.342165880684712,13.933242703078683,12.054220915117876,0.9390261337166447,1.347226766987054
2376,1970,1990,1994,0.0009244462463388615,0.044460258756426486,0.048698024262694026,0.046309400213083086,0.9940485047100351,1.0953158084275656
2377,3303,654,3713,52.21899790479653,9.122001760153857,13.290803986686475,11.368305869954789,0.9123011073159428,1.4570051986552461
2378,3915,3302,4038,55.47235987454473,10.324169955902109,12.885373322300046,11.475336102957398,0.9645944807898613,1.2480783808613836
2379,1874,1869,1876,0.00011186058633637691,0.01496346956819028,0.01802407668895444,0.016240098606377124,0.9732519093206816,1.2045386002769354
2380,3714,678,679,37.67943493916056,7.661063377777261,12.28911080284753,9.930398186001748,0.8515492479166575,1.604099874502412
2381,1881,1894,1867,0.0005990917477428702,0.0315657140348738,0.04128680976260529,0.03792925367445138,0.9483492549134067,1.3079637519680887
2382,673,674,3715,32.59503017092995,7.403554901531622,9.613456868222073,8.836391745258942,0.9515137641177169,1.2984920077020397
2383,1898,1956,1889,0.0003726274771982308,0.027875136729596718,0.03125000000005236,0.02943561927996186,0.9909718726964691,1.121070734224322
2384,3305,3715,4039,34.02284399713329,8.065816811679568,12.38691100981589,9.649527700570273,0.8109372566178207,1.535729275661113
2385,1870,1874,1877,0.00018330272693731442,0.016129152665870086,0.02864445859394732,0.022513432956039,0.7942320821311486,1.7759431749046624
2386,2473,1748,2472,0.020549873413170244,0.0824805315449041,0.49999999999995476,0.3608268438482676,0.2809251102779091,6.062036587721848
2387,3711,3300,666,42.80576534665364,9.457882532059477,10.367166172138194,9.963801935533995,0.9943198113885535,1.0961402974710788
2388,1819,1822,1821,9.563010805065548e-05,0.012428493380595526,0.018202697586137094,0.015418730322252933,0.907662452442766,1.4645940604962442
2389,1942,1980,1963,0.0004808540166595615,0.03052819045292369,0.04084469557289049,0.034399749760814335,0.9220291123344039,1.337933725088471
2390,3306,3298,886,36.2574892973076,7.697824849045905,10.179868684359478,9.35004733669505,0.9430642513553508,1.3224344388169869
2391,2028,1958,1961,0.00234687200754162,0.06944406214609568,0.07738228281937881,0.07383651565990806,0.9921607698109842,1.11431100698837
2392,1886,1803,1802,0.00014467297796244178,0.009260659110529833,0.032428418574828095,0.02431302589510609,0.4741530398172583,3.5017397992714536
2393,1851,1880,1859,0.00013998923826252416,0.016122105793353915,0.02124060008414349,0.018386521655734626,0.9436282133603251,1.3174829861803532
2394,1912,1800,1906,0.0007101920533935783,0.03124999999992681,0.04841145149462991,0.04246538476614883,0.8788179410504413,1.5491664478317855
2395,887,3306,886,25.575923974954414,7.564139129472875,7.799605664291682,7.68718988093682,0.9993719488067567,1.0311293236134877
2396,851,2995,850,27.89624689506718,7.697882849924601,8.433053375882855,8.043645408602485,0.9943257691127568,1.095502950654212
2397,1850,1913,1927,0.0006002536626647187,0.02800624333129301,0.04782902479756715,0.03974511570434619,0.8391993537378782,1.707798658741388
2398,1864,1870,1856,0.00010273195396849689,0.014044633662154197,0.0166229127758686,0.015512522955896358,0.9811384839622144,1.1835775268857343
2399,1879,1880,1803,0.0003467747325788424,0.022824399783825854,0.034124097462107525,0.02939949908199525,0.9025368600203159,1.4950709672676266
2400,1933,1920,1805,0.0003310625339548443,0.025300807388988895,0.030886270506206702,0.027942727088295743,0.9726669752242242,1.2207622480715237
2401,2995,849,850,31.68941196943423,7.517169157493151,11.413840642799832,9.121354392058613,0.8513016818028118,1.5183695356146747
2402,1861,2009,1747,0.005036887662789199,0.08161081520079075,0.13808954946734114,0.11490012155602924,0.843849208561836,1.6920496275842023
2403,1908,1883,1915,0.0009013731559329778,0.04224849539859744,0.04984782579021997,0.04594595912194405,0.9815884818524605,1.1798722136711837
2404,1930,1885,1896,0.0009973644850151966,0.04041202323909052,0.055990477892281974,0.049234803435395304,0.9337823632954012,1.3854905892987417
2405,3989,3479,3051,45.07791798057374,9.85098865715619,10.929027555759,10.239803633384419,0.9905853936268872,1.1094345893718671
2406,1877,1876,1878,0.0002922505859906595,0.023300060171315227,0.034623327302558925,0.02767184707394113,0.8538714233111122,1.4859758750830956
2407,2185,1764,1771,0.04304039666625634,0.28383783250231087,0.4030116770965348,0.3302277869100579,0.8893378595191511,1.4198659619952307
2408,3054,3065,2998,23.176670092407548,6.9621319963234995,7.799821297851022,7.341210695145874,0.9909418156404131,1.1203208014398294
2409,1903,1802,1837,0.000172399191736493,0.018635035050420416,0.024242625047362285,0.02053913371214784,0.9286779531358097,1.3009165253389399
2410,1854,1863,1868,0.00042360455495836383,0.02732619725233037,0.03797219817568793,0.03225635130829201,0.9231859302840247,1.3895895511933947
2411,836,837,3054,14.147103091772749,5.324418917456827,9.107392293507194,6.711826925781382,0.6814768447375854,1.7104950671043893
2412,847,3448,846,39.79571027565851,7.999999999999886,11.103662209240378,9.838442722796003,0.9324256593222358,1.387957776155067
2413,1842,1814,1851,6.989514445206283e-05,0.011610748037875205,0.013782506526376305,0.0127976022216163,0.98074441898591,1.1870472497910252
2414,3054,839,3065,35.59648518290779,7.799821297851022,10.369314374357634,9.246677444924982,0.9486760586696219,1.3294297367062178
2415,845,846,3480,43.430246777957265,7.435576536542069,12.492208284339974,10.663634749525556,0.8431652749750356,1.6800591350175924
2416,1775,2186,2187,0.02499018183148432,0.2134157226386599,0.262762854847477,0.24287619079913214,0.9709259543862291,1.231225383016265
2417,816,2995,851,21.363080879881643,5.904881854272343,7.943542434908863,7.182102379701935,0.94137613861501,1.3452500203982054
2418,3446,2995,4066,49.80198766317611,10.394771503318454,10.989659734194158,10.732995713862492,0.9978592560049687,1.0572295630246216
2419,1993,1762,1955,0.0029211003033964423,0.07644501451688912,0.09712607408942805,0.08391880839196715,0.9461304006860477,1.270535099028202
2420,4040,819,820,29.308006894762123,7.707008749721815,9.227939766376128,8.311649505366002,0.9736228586884076,1.1973438808810501
2421,2019,2038,2013,0.002262521517840488,0.06249999999997917,0.08382057322856047,0.07383437895155603,0.9451690198390497,1.3411291716574145
2422,1946,2016,2011,0.002351424717938716,0.06716532504376282,0.08398753059854515,0.07473046619611592,0.9639895338148671,1.2504596760876465
2423,4415,4436,3826,83.21866296056058,13.465591978690211,14.334490767925438,13.876918297812667,0.9973507886395148,1.0645273368308121
2424,1829,1892,1873,0.0003468085488636458,0.026650906365160727,0.029847135931377982,0.028391270550142452,0.9914740510692674,1.119929488416781
2425,1972,1912,1958,0.0012381752710187615,0.0491002106884557,0.06632857426365572,0.05540717369801177,0.9135394874064738,1.3508816629019211
2426,1937,1938,1966,0.00041065229139556773,0.028914982194340345,0.03503513993171123,0.031190549462319986,0.9673952998604675,1.211660435971799
2427,2084,2029,2058,0.007796787571116563,0.10379100572595647,0.16786612775218288,0.14155126166805898,0.8662297665114099,1.6173475396838
2428,1762,1935,1955,0.0011956196654074253,0.038679821626676186,0.07818533656958429,0.05978838606541322,0.7193453680504783,2.021346874972724
2429,1936,2010,2009,0.0023768553584464103,0.06546904701235232,0.09323347196257582,0.07721595637167869,0.8998692058441047,1.4240847578701592
2430,2097,2022,2066,0.00964459409401025,0.11716191872485468,0.17494446601224992,0.1555536148428133,0.8932908141407235,1.4931853960423171
2431,3716,821,822,24.424527737775914,7.232883405065115,7.949366269637487,7.5295632556524845,0.9932832043032951,1.0990590922661114
2432,1753,2132,2131,0.006519659776642315,0.1168152200618502,0.12699101052155562,0.12293541019445471,0.9949780405459694,1.0871101424481984
2433,3308,827,3718,56.896854812872455,11.039136626431818,11.725377453752033,11.475107126084808,0.9971454434053215,1.062164356737564
2434,1983,1990,1970,0.0008406256370992774,0.04094026257904057,0.04600139459884904,0.044237191599339455,0.9892827863410835,1.1236223634383704
2435,1947,1962,1979,0.000900200472260805,0.03892035527944882,0.05740976096250335,0.04761653972189909,0.8941943123601055,1.4750574744320877
2436,3308,3716,823,62.35163266312109,11.207449758512467,12.596712936908121,12.043251787752064,0.9903266467417948,1.1239589030805566
2437,3716,820,821,28.801695729489317,7.232883405065115,11.281227913465413,8.838037106176811,0.8192110327857622,1.5597137796477243
2438,824,3309,823,28.137659259045098,8.000000000000064,8.185575459096995,8.062511687213183,0.9995304365629698,1.0231969323871162
2439,2096,2189,2048,0.02236600549874761,0.20804568193405126,0.23943210401343978,0.22858521155148184,0.9845550220745652,1.1508631267306848
2440,825,3309,824,30.101161162282594,7.463855897901697,10.09406224864151,8.581164535213402,0.9285141805991989,1.3523924345162184
2441,1788,2176,2177,0.010523931290379613,0.12499999999995583,0.18275948823209204,0.1615246062177943,0.9081147832889968,1.462075905857253
2442,2028,2003,2081,0.004560738110097108,0.08557313655646624,0.11779238226289347,0.10523212533790738,0.9344006943139037,1.3765112160539663
2443,2147,2122,2126,0.017822861534667604,0.16773168626192594,0.24933797965094628,0.21094621538340078,0.9022414745004222,1.4865287842011308
2444,823,3309,3308,36.290916914858705,8.001959602542492,11.207449758512467,9.463423501550729,0.9178770538856785,1.4005881453027436
2445,2189,2128,2127,0.020752830193899754,0.20555282436786787,0.23543624409227995,0.21995758456875347,0.9875513219997316,1.14538073031257
2446,2002,2007,2006,0.0012385326808416917,0.040225747710001154,0.06829625464260415,0.057007334117528154,0.8421852764227447,1.6978243669942759
2447,2063,2053,2071,0.002453178098316149,0.07268125972258944,0.07967162906634889,0.07545771666191047,0.9933943680843116,1.0961784285308256
2448,849,2995,3446,49.071648030962436,9.737680006945629,11.413840642799832,10.71372679464654,0.9829634622033542,1.1721314147372517
2449,1860,1928,1872,0.0013356537728810417,0.047522166585569896,0.06249999999997917,0.05658447551303789,0.9508088974723925,1.3151757272564524
2450,3307,4226,4326,52.92463917655182,10.752927990085595,11.283121042679445,11.062297987553933,0.9983582701066019,1.0493068541966148
2451,3715,676,4039,57.01641774838282,10.265047452309219,12.38691100981589,11.582529780080032,0.9750939395945819,1.2067076228692288
2452,2081,2033,2021,0.004989284337423129,0.09843049358463316,0.1151663830812094,0.10800846024513645,0.983510744997661,1.1700274872866128
2453,4039,3304,3303,49.571335521220114,9.960576501627108,13.11021710503919,11.042069812905746,0.9227248724421726,1.3162106734381864
2454,1811,1846,1817,8.955254278164233e-05,0.012582980127740907,0.016100877577233493,0.014596517143285826,0.9608000767091238,1.2795758567349955
2455,1852,1827,1845,0.00026259695117053316,0.020774042452609966,0.028960269536239088,0.025291650631733872,0.9312721785202026,1.3940603809924648
2456,3304,677,678,40.98140669785586,7.9434266116127805,11.561772948299348,10.059298783138546,0.913893259846251,1.455514542224986
2457,837,2999,3054,14.451856115489749,5.324418917456827,6.335625347517554,5.821825253624586,0.979771298756464,1.189918645722137
2458,1862,1852,1845,0.000362297690583574,0.026140639906352563,0.03071072425407743,0.02914447274123339,0.9798295043949928,1.174826797052289
2459,1809,1840,1832,0.00012358245093244734,0.01562499999990063,0.0190882475381161,0.017095234291362834,0.9694912333070401,1.2216478424471997
2460,838,2999,837,18.65206416916333,5.959400405164313,7.999999999999984,6.765008584227284,0.9253206813406566,1.3424169305803522
2461,1757,2465,1779,0.2784880450895897,0.7040841669521979,0.8870855760806683,0.8127193553120957,0.9646893970916507,1.2599141093040582
2462,679,680,3714,31.829482134265618,8.0,9.841020377380453,8.699846638400679,0.9627690471295595,1.2301275471725566
2463,1940,1908,1914,0.0007161752039768402,0.037108282970067435,0.05122199288085169,0.04236071808588335,0.9017491544838677,1.380338533102401
2464,3311,652,3310,31.532578120096574,8.135464422026901,9.171728944085743,8.568814323742785,0.9891798209325198,1.1273761973874705
2465,653,3304,3714,63.83423572323717,11.473255866310192,13.556095497598054,12.255195151245696,0.9759767459406087,1.181538671808398
2466,1901,1967,1969,0.0005154750583751879,0.03124999999996034,0.037660445646477185,0.03480043842524216,0.9772450042605957,1.2051342606887994
2467,1834,1859,1850,0.00023943376604327227,0.01993340437322855,0.02816116134092415,0.024227511700758497,0.9241687412849995,1.412762256443553
2468,1867,1880,1881,0.0004035295654310779,0.029210427339462264,0.0315657140348738,0.030575046848274407,0.9958150859794502,1.0806317096302671
2469,1894,2027,1913,0.001590164822180664,0.05094545771602036,0.07413705553321698,0.06282084558890084,0.909835186873234,1.4552240544480135
2470,3312,3311,682,27.19137834290475,7.337235769649278,9.053341183299176,8.034932711770338,0.9645695209501903,1.2338899099779002
2471,3310,681,3311,27.9638933356037,7.442011455352093,8.671403377068351,8.082959751482448,0.984636221598378,1.1651961877634727
2472,1971,1902,1957,0.0004508232442342568,0.031012327315179677,0.034611327329696406,0.03238875506708643,0.9900940829580668,1.1160506265118362
2473,1829,1773,1892,0.0004181437933932023,0.02867576935388865,0.032804849857702476,0.031227458121978607,0.9869095749462545,1.143991969416991
2474,2383,2491,2493,0.21547685676370962,0.6037721665283543,0.7997023145531241,0.7191725946867814,0.949271182114911,1.3245100700009969
2475,675,676,3715,36.83508961566713,8.0,12.095630878114987,9.768584085459459,0.8647052109015151,1.5119538597643734
2476,1819,1844,1820,9.7767242296594e-05,0.014372615218653186,0.01562500000002618,0.015052426701753678,0.9953318479417564,1.08713687539256
2477,1858,1833,1841,0.0002913690343432485,0.022448169367217042,0.030856576346944133,0.026632331738201283,0.9331856950186067,1.3745698298234776
2478,1796,2092,1798,0.005422657141587932,0.0931762004404788,0.12575333489248344,0.11464317844430601,0.9364060326424555,1.3496293506067034
2479,833,3000,830,49.43620119633273,9.22333097558834,13.253061439394278,11.097074695492203,0.9068773549164757,1.4369061973891584
2480,1926,1981,1916,0.0006482311289257461,0.03601297556815959,0.04247571432009629,0.03897532564325823,0.9808959537048629,1.1794558391795495
2481,832,830,831,28.913702941841997,7.267994755129268,11.3552483888039,8.874414381311052,0.8150862526951133,1.562363316345285
2482,1853,1847,1863,0.00013841269653419184,0.01617161147198115,0.02259007890253909,0.01864646065492617,0.8988153569794235,1.3968972072868893
2483,1908,2011,1914,0.0016054191502491368,0.05122199288085169,0.07372020424840477,0.0629487635632915,0.9160421522169273,1.4392295204110181
2484,830,3000,829,26.868259711359357,6.129719067094519,9.35416953041596,8.235739857699606,0.8858162051452136,1.5260356026152808
2485,835,3314,4041,39.611420317691106,8.619828230399008,11.983326823196334,9.94695967529986,0.9050210742088545,1.3902048280887416
2486,1878,1876,1873,0.00023765570686699484,0.019535107308098106,0.027778135884644783,0.02413513231356404,0.9235305716217427,1.4219597285308796
2487,685,3720,684,35.612693434567035,7.809211741998347,10.943897855094608,9.347410105899499,0.923949820307944,1.4014087742348893
2488,1885,1884,1839,0.0003048794555550446,0.02280692307832367,0.03307650512225666,0.027608666017947925,0.9026345425564983,1.4502835392860813
2489,685,3916,3720,32.77466672225415,7.767446838133704,10.943897855094608,9.0627037018859,0.9012209285360432,1.4089440305360512
2490,686,3916,685,29.089132442536545,7.767446838133704,8.981656070560433,8.249700969564707,0.9830834259227764,1.1563202501065935
2491,1917,1922,1891,0.0010464914865774698,0.04569015486063607,0.05812305453193097,0.05022734310711696,0.9461981400197891,1.2721133187054778
2492,1893,1929,1881,0.00036942388852795663,0.026958415939111583,0.030898373447569943,0.029353109229981366,0.9868081294102222,1.1461494442906872
2493,1912,1939,1977,0.0007321651709219683,0.035428394932124525,0.05531965330034452,0.044033959136628296,0.8418432449081005,1.5614496057845313
2494,1917,2014,2031,0.002637611465073113,0.06101278031561788,0.1020733833358149,0.0832702983231704,0.843565044441305,1.6729836406043348
2495,1941,1942,1963,0.00045781078837629736,0.02922762406630736,0.03922995395360704,0.033427980425514404,0.9311968717617968,1.3422217921172057
2496,1923,1964,1985,0.0016990341577344551,0.059501969346362885,0.06541048870971569,0.06278156022472221,0.9939701641341586,1.099299559800435
2497,3313,3721,3722,47.00898904800896,8.731649752598322,12.365684641737113,10.728809952941484,0.9249344546109691,1.4161910969982954
2498,3916,3721,3313,37.41268658023586,8.260667953678476,11.089095464489017,9.532517128585821,0.9366687022929401,1.34239694981942
2499,2112,1798,2092,0.010610654800006617,0.12499999999995583,0.18896086359217115,0.16295213311347248,0.8973764795475414,1.5116869087379035
2500,3313,3722,650,41.19809306506996,8.731649752598322,10.833525937739127,9.86632202943408,0.9699094014461278,1.2407192506221791
2501,1929,1894,1881,0.0005312315271736985,0.030898373447569943,0.04128680976260529,0.03583325365809644,0.9421595706360207,1.3362130479995336
2502,688,689,3315,50.1839717196553,7.999999999999903,13.756658222122477,11.507376799696779,0.8353731648837285,1.7195822777653305
2503,2008,1747,2047,0.007360589067398025,0.12193159503023268,0.21574489817630568,0.15704412944143,0.6436923365160165,1.7693928970814512
2504,1812,1813,1815,8.385702864876555e-05,0.010479164772821547,0.018226061833016286,0.014935368061023774,0.8285011359470618,1.7392666522704998
2505,1802,1903,1886,0.0003188950713899857,0.024242625047362285,0.03124999999996034,0.027605397150117266,0.9560875775725695,1.2890518225195458
2506,2034,2057,2066,0.003207066767832244,0.06843250780897216,0.1159470798511409,0.09270303163580285,0.8256260529145792,1.6943274996556408
2507,1863,1854,1838,0.000256934660618289,0.02080128534316438,0.02732619725233037,0.02482032624581032,0.9504652628912197,1.3136783040818278
2508,1950,1887,1784,0.0004900516992102885,0.03125000000005236,0.0355167825735883,0.03378490313443617,0.9886000260949022,1.1365370423529213
2509,1923,1919,1949,0.0005311515018201394,0.030632709150873304,0.0430215031963817,0.03623883886479582,0.9157283363298594,1.4044302443016277
2510,440,3865,3589,33.794920214691665,8.24406817196182,9.544263404869765,8.882629155209507,0.9856397037117548,1.157712819179483
2511,1925,1981,1926,0.0008313454501209189,0.03601297556815959,0.05203987205750249,0.04525214518283194,0.9170500872493306,1.4450311654756147
2512,442,444,3316,47.153297915096346,9.957735191906163,11.319628741762093,10.488767087675074,0.986658918107589,1.1367673997760959
2513,1995,1996,2015,0.002839232574318562,0.0665586940186582,0.09598061686625702,0.08359782929909666,0.9178597980122204,1.4420447738856033
2514,1972,1959,1945,0.0003372520381023235,0.024904449339932806,0.030191368484834114,0.0281815263640548,0.973976768571842,1.2122881366593417
2515,1966,1974,1953,0.00039256537074275355,0.027540238071351253,0.03389781374782992,0.030464855527280565,0.9696438332563214,1.2308467944252137
2516,2068,2061,2049,0.00178670527899223,0.050335618418707574,0.07572374828950727,0.06699795946033334,0.8916451328042145,1.5043770329712296
2517,2001,2037,2007,0.002629450115462664,0.062499999999916775,0.09057117464429854,0.08068875787326969,0.9095259917409072,1.4491387943107061
2518,2103,2117,2135,0.019871419609251,0.1981582670308646,0.24145670797574975,0.21668388626028376,0.9705438371078539,1.2185043379398404
2519,1997,1998,2004,0.0014467297796282108,0.04706408797732328,0.0711500067726333,0.060238031583333185,0.8962441684851465,1.5117685231022697
2520,1889,1956,1939,0.00032331949671288363,0.026285404476936374,0.027907488238915958,0.027356009815149684,0.9969954897237393,1.0617104356679332
2521,1909,1922,1926,0.0005288178839032389,0.033942580345621844,0.03587854043968651,0.03497339407020459,0.9979422165845449,1.0570363264769993
2522,443,444,442,30.96464556281662,7.745487531627122,11.319628741762093,9.021705424463066,0.8508796028522254,1.46144819103261
2523,1902,1941,1918,0.0004926774847045586,0.03125000000005236,0.039759753152239986,0.034438424474251904,0.9478825564083495,1.2723121008695477
2524,445,4042,3316,48.337315108000965,9.935475742876667,11.607710507922032,10.640052284519415,0.9816981153431347,1.1683094809268988
2525,449,2908,448,32.313795018596075,8.000000000000025,11.887950489442156,9.332847181820316,0.8257925687115738,1.4859938111802649
2526,1905,1868,1930,0.0013983118541348028,0.05402590929626766,0.06029777047012377,0.05700318093024059,0.9917977965514332,1.1160898771636112
2527,1962,1978,1979,0.0009434393551973308,0.04067999290855976,0.059411105887702896,0.04887020057333591,0.88946666244572,1.4604502518288736
2528,3001,446,447,28.199372071159015,5.8791583824783915,10.808428036780176,8.77422201460291,0.7999749295003257,1.8384311722222773
2529,1983,1970,1988,0.0008758114789342126,0.043125948719329454,0.04600139459884904,0.04503226262114979,0.9964911986703965,1.0666755390874632
2530,1993,2030,1762,0.0024882414635899134,0.0703126854027183,0.09712607408942805,0.07943902142772274,0.8885608786554161,1.3813449668880537
2531,451,2874,2794,18.64356630155506,5.767873141958927,7.273393335607022,6.649708512191213,0.9647266975860779,1.261018256919704
2532,2083,2036,2051,0.006775452122102487,0.09511779241006901,0.1542611155308617,0.13210339480760125,0.862380906592527,1.6217903256818214
2533,2063,2044,2039,0.0012788429505425202,0.04835757972626517,0.059409967875460774,0.05492891438767731,0.9715868794127565,1.2285554449118254
2534,2085,2088,2100,0.00595338793813936,0.10755423056868163,0.12464110833845331,0.11792838132628197,0.9846942620421749,1.1588675562032904
2535,2812,450,2794,18.514910403233163,6.01255679499469,7.180246809133326,6.591490709374227,0.9790110366248712,1.194208562838144
2536,3316,444,445,39.90810451407727,7.999999999999984,11.607710507922032,9.93221594575966,0.9138600668950424,1.450963813490257
2537,2812,2908,449,28.1839600616456,7.5363184997981785,8.677548896681655,8.108152817499533,0.9867926687457641,1.1514307545407003
2538,1783,1762,2006,0.0011661961918600049,0.0379549495830019,0.06694390061302691,0.055799616732002656,0.8220783545656453,1.7637726132827665
2539,2001,2005,2004,0.0013743932906465934,0.04478097663597239,0.06969928940121765,0.0589934220124097,0.884164364355434,1.5564486225436287
2540,1992,2099,2086,0.006263251460108466,0.09398402479651263,0.14995301121714372,0.12653165484055803,0.8727142893133593,1.5955159564810195
2541,2071,2038,2063,0.0026094394324870382,0.07402026119679309,0.08257789939638888,0.07787705839920543,0.9915826273517967,1.1156121048646954
2542,2054,2075,2041,0.0024568602719335164,0.06982364014161006,0.08038130598829615,0.0756986444950415,0.9868342838112706,1.151204747063802
2543,1990,1957,1943,0.0006885677362130489,0.03887339700530872,0.04182278123853428,0.03994584948205781,0.9954519703043084,1.0758715332447735
2544,1953,1973,1933,0.00046982002839719467,0.03170735886943083,0.03412862907837612,0.03298394829591091,0.9963966743875582,1.076363036698072
2545,1908,1940,1897,0.0006522244175502807,0.03405716517769993,0.047544183336657164,0.04011774230702934,0.9180616205344274,1.3960111796911479
2546,2165,2129,2172,0.01725604241647828,0.17731408766687357,0.2632230579347372,0.2117251061478186,0.8625119426500618,1.4845016625484602
2547,2064,2072,2079,0.0016991271984669876,0.0591113732165101,0.067093238756261,0.06290153732425703,0.9890766594080749,1.135030961140343
2548,1962,1947,1948,0.00048534396225720844,0.0294348713843046,0.03892035527944882,0.034159140405964,0.9483946633367415,1.3222532815347077
2549,2088,2064,2055,0.005139113644661908,0.1025201369779186,0.125,0.11052515330321167,0.9632586897329531,1.2192726588623584
2550,2076,2079,2034,0.002620223432614982,0.06373242296446693,0.10590929074252131,0.08397428776088488,0.8233305670436585,1.6617803908313586
2551,1794,1786,2125,0.019741164013738276,0.15813290971978367,0.2889552036707204,0.232362704463514,0.7998239473443645,1.8272932824847012
2552,2094,2093,2101,0.01386424168583515,0.14842714768859844,0.2537930854599882,0.19683018359099747,0.788058434708404,1.7098831946326185
2553,2060,2069,2087,0.004317609436177328,0.08265881170078837,0.12447245593071564,0.10422290141058037,0.8938936173700932,1.5058582789852575
2554,2043,1772,2017,0.002823772739508125,0.06249999999997917,0.09759328749076926,0.08467286560661576,0.8791608887223229,1.5614925998528286
2555,2128,2123,2127,0.011871623527982305,0.13323412887627215,0.20555282436786787,0.1732115643041925,0.8871721362573562,1.5427940731218686
2556,2123,2081,2110,0.007217079896851887,0.12653094226986294,0.1330263186414242,0.1291923993898775,0.9981277864562317,1.0513342922690643
2557,2124,2119,2164,0.01646217424433691,0.17130291954470625,0.21059934235308037,0.19738165949829992,0.9673831690756124,1.2293972742135233
2558,2122,2147,2151,0.029083744011671145,0.24361229376418667,0.29415033762103826,0.2623668703453904,0.9685508336984215,1.207452764702309
2559,2125,2146,2137,0.014816970524221998,0.15266587963498737,0.24499544800899448,0.197265753763013,0.8482592905782811,1.604781949933804
2560,748,749,747,40.833333333333485,8.0,12.216037485127426,10.168526402880149,0.8865437143016078,1.5270046856409283
2561,750,746,747,29.266678751272377,7.536930277329635,10.289541723513079,8.544153004780831,0.9067680201702452,1.365216519842705
2562,2085,2100,2116,0.010135545510972559,0.12464110833845331,0.17910889247058412,0.15792797835921155,0.9175999863751889,1.436996949547558
2563,2085,2119,2070,0.008845778349647193,0.13250381368761857,0.15876124006300216,0.14422774094046298,0.9764801571376389,1.1981635520113119
2564,1982,1968,1987,0.0016917107651334257,0.05241123351339776,0.07394405726623894,0.06431637479551662,0.9265669744161087,1.4108436743305572
2565,1978,2000,1979,0.001995735919321695,0.059411105887702896,0.08811843977338672,0.07158534954711662,0.8743464699164016,1.483198106763836
2566,544,2796,543,20.88360799977388,6.00667168394031,7.862733458600847,7.068287403970185,0.9536902149211368,1.3090000373456372
2567,543,2908,544,34.573261703303935,7.335457069369399,11.790920295808005,9.518699012528236,0.8501398034020807,1.6073872676650571
2568,542,3385,543,33.19085829445755,7.648946001373649,10.504515117787456,9.000953091057038,0.9303696563909901,1.373328444978038
2569,487,486,3013,27.934253691507912,6.122010380010655,10.311802245927012,8.55157736006087,0.8457270981687289,1.6843816991223501
2570,3033,3819,2877,34.29663062822412,7.93005379457251,9.758232885130038,8.995682176744067,0.9715353278496195,1.2305380439926865
2571,2600,2589,2652,2.631801833188769,1.9999999999999576,2.8287483750753357,2.5437304855982226,0.9183175312517513,1.4143741875376978
2572,2653,2589,2600,3.271171689434206,1.9999999999999576,3.84621621552009,3.0391564198353023,0.7683927841655755,1.9231081077600858
2573,2813,2877,2797,18.863411284471578,5.9235911485590655,7.341139399917463,6.675659604897054,0.9701600739146212,1.2393055522920788
2574,2589,2762,2652,4.924890251761309,2.8024430817193733,4.13218101468241,3.5017542451720978,0.9055836154890112,1.4744923961657082
2575,2856,2653,2778,10.238253111745708,4.170071079223534,5.952244792042548,5.032786061343374,0.9143202538206465,1.4273725025211932
2576,3317,386,387,25.06091131815856,7.100165462085978,8.0,7.636027325428736,0.9900281450583233,1.126734305379083
2577,2978,2979,388,20.191691351479854,5.795072322336608,7.821345017879621,6.979094394473912,0.9429783755081755,1.3496544275613125
2578,2151,2147,2248,0.04376735972057301,0.29415033762103826,0.3494587409706196,0.32040071948637877,0.9797033703325299,1.1880276725054677
2579,2090,2125,2137,0.01083804182525486,0.11350990143117941,0.206486006403507,0.17137728049324785,0.805582817920679,1.8191012748671853
2580,485,386,3317,26.171019333780666,7.100165462085978,8.700046264751638,7.85938447749724,0.9716966541327925,1.2253300731101027
2581,387,388,2979,28.2029077666214,7.821345017879621,8.426601832797393,8.082648950225673,0.9959956396401709,1.0773852596368212
2582,485,484,385,22.05756395251998,6.251814158218479,10.638628588503511,8.050339536304572,0.7455269906070306,1.7016866335539158
2583,485,486,487,20.03319726276966,6.122010380010655,8.297514742483015,7.014464498299844,0.9240407829596141,1.355357836304187
2584,484,384,385,40.833333333332746,8.0,11.369237148753497,10.002621912419004,0.9231877631244547,1.421154643594187
2585,2827,384,484,54.774659325945585,10.179732250238294,12.578608273211415,11.375859224067737,0.9702948552161167,1.2356521727687846
2586,2145,2136,2112,0.014031507302204422,0.15330062658104726,0.21732759888991968,0.18574169273873634,0.9210084403418907,1.4176562988476926
2587,2684,2686,2687,2.007423774617607,1.922028102032254,2.3024010148041976,2.1735641497408165,0.9747528623975555,1.1979018477252006
2588,485,385,386,22.6274169979694,6.251814158218479,8.0,7.343251954624194,0.9583436298459005,1.279628568210621
2589,487,484,485,17.58948874909296,4.873526898450885,8.297514742483015,6.810539167708541,0.8386108336696629,1.7025687793208835
2590,2692,2653,2682,5.958423294195781,3.1014049503205716,4.579972129178977,3.8572472846012773,0.9027192689276482,1.476741090745204
2591,2797,3385,542,25.66834501547717,6.588695043041128,8.84939815401001,7.862991509271389,0.9451311292768356,1.3431184925392168
2592,490,2779,2916,26.291682153339963,6.194665385076326,9.294973651803245,8.104318409959712,0.8989878975769253,1.500480344619731
2593,457,4057,3411,60.334597103251205,11.042583756490998,12.485076340244532,11.848843169761087,0.98991482075203,1.130629988013957
2594,2658,2694,2612,3.53595769044616,2.7694035977114737,2.9571271424087593,2.8607141855928035,0.9971149254379141,1.0677848273369808
2595,2687,2695,2698,6.320400902785443,3.0358212301562015,5.51820792770435,4.25295008774012,0.7635753369910826,1.8176985762170268
2596,2778,2653,2692,11.278011254832412,4.579972129178977,5.952244792042548,5.203385927208617,0.9506697846133139,1.2996246754692742
2597,2916,4236,491,44.26403720929232,9.574776655516354,11.482264436030507,10.235994460281317,0.968454481135501,1.199220080962952
2598,1798,2112,2136,0.011290550098037573,0.15138686768052334,0.18896086359217115,0.1645494526179139,0.9524866348071005,1.2481985160756575
2599,2782,2842,2872,15.509682769244424,5.12873171685902,7.227499454443012,6.172291239585873,0.9224002285664449,1.4092176883975003
2600,2916,3411,4236,55.370682669640715,9.574776655516354,13.845556618258781,11.71726667783438,0.9112031336250993,1.4460448652117526
2601,2146,2138,2149,0.016958628086215004,0.1793338234662304,0.2206235521552166,0.20006141958974596,0.9716078441881362,1.2302394935373766
2602,380,2786,379,28.450123798873392,7.267886722706353,9.638839658885493,8.302242127197282,0.9398216590789952,1.326223154905786
2603,3411,2916,2929,73.571990919576,12.431106633620294,13.845556618258781,13.07494271375951,0.9918948708822612,1.1137831108948149
2604,2054,2080,2075,0.002001985751142796,0.062259350370965444,0.07325048066924475,0.06844449039394009,0.9825010486947916,1.1765378249658867
2605,2158,2156,2160,0.01048224157099122,0.12500000000008388,0.1975303163914639,0.1638374197332088,0.8728934907537006,1.580242531130651
2606,2181,2173,2184,0.016578572864308423,0.15771824012964106,0.24806760326585028,0.20587397202249358,0.874874389184464,1.5728529754196088
2607,2522,2533,2534,1.2830011918434183,1.4149840936166447,1.9590706330109404,1.7695451075708346,0.9275941093235568,1.3845177778667686
2608,2255,1774,1763,0.08255679446786078,0.3861242053249274,0.5048999898226414,0.44484563060049015,0.9521421099730296,1.3076103048182721
2609,382,2452,2454,0.32604025208325205,0.7720573216285798,1.0471921385070015,0.8925308994074707,0.9297928410104633,1.3563657893924919
2610,1766,2215,2213,0.07923465893906756,0.37478134701757165,0.4999999999999589,0.43705613403791804,0.9450143049667215,1.334111219725448
2611,2427,2222,2220,0.11015591204294808,0.48673212383214415,0.5390155284650731,0.506075581827054,0.9911699029624632,1.1074172056310783
2612,2274,2200,2245,0.09118197802948469,0.4067851923481049,0.5249164615642171,0.4665091940097772,0.9573473586620161,1.2904020879772384
2613,2219,2169,2231,0.0788417017411281,0.3956901216090312,0.5579698738788434,0.4507318141878729,0.8715554981450429,1.410118280461284
2614,2143,2212,2207,0.031119011088037385,0.2554159125884765,0.2807232190163635,0.26867552706609166,0.9940833443527188,1.099082732048343
2615,3398,2872,2882,39.53707340591853,8.766797799500829,10.823422411255635,9.676633077296446,0.9675396413648607,1.2345924542564342
2616,2407,2435,2639,1.9136713129217924,1.9236461454250113,2.6301783676586727,2.184608171027895,0.9069691165582764,1.3672880399100427
2617,2197,2095,2113,0.03219439313203981,0.20539585530647317,0.3645011441844756,0.29466139116276396,0.8149429066557814,1.7746275534167906
2618,2025,1968,1934,0.0018597403627061823,0.05081399414778144,0.08548399600579575,0.06993277096782714,0.8425821462557406,1.6822923967988848
2619,441,3865,440,34.04302618127319,7.999999999999984,9.544263404869765,8.938888357107444,0.9783739823656247,1.193032925608723
2620,2038,2044,2063,0.0017494852951471878,0.05701919556130599,0.07703301460443436,0.06543361705247641,0.928073078116771,1.3510014276088809
2621,641,3319,640,35.75307695194115,8.000000000000146,12.451369182936517,9.804868956698908,0.8274023221284329,1.5564211478670362
2622,2037,2001,2061,0.00227004760943141,0.06284415213573243,0.08899509897559378,0.07496554827281378,0.9140143269954301,1.4161237911743938
2623,1797,2094,2102,0.0057788206049588136,0.10802790207322607,0.13723710734723246,0.11816882518202158,0.9434252370932371,1.2703857495465116
2624,2004,1998,2049,0.0016015395348858222,0.056639761689592075,0.06402990101005868,0.06105655423323123,0.9894464096334766,1.1304761725687944
2625,1951,1965,1981,0.0006884227060148429,0.03916821430183859,0.04028595240220419,0.0398823861475581,0.9993606938872103,1.0285368664435932
2626,2049,2061,2004,0.0012906113250951633,0.050335618418707574,0.05762464901827455,0.054866676375524726,0.9866789653370255,1.1448086033022287
2627,3728,644,645,41.10744757027139,7.3916486753959525,12.460944054309262,10.371934338291988,0.8456794850000114,1.685813896402721
2628,2006,2030,2040,0.001473205397446629,0.05190615755167351,0.06492296665735635,0.059048916141452856,0.967689823016281,1.2507758177384711
2629,2120,2145,2148,0.023820816729137637,0.19292393920761394,0.2748129257296891,0.2416866317541048,0.9222076909478542,1.4244625465269543
2630,4128,644,3728,56.896791103204905,10.63969838188267,12.460944054309262,11.535862874271958,0.9832981156229852,1.1711745584374664
2631,2268,2224,2196,0.13929593691901715,0.3482164383584785,0.8191398100640228,0.6619261853976223,0.6600759877091882,2.35238696348029
2632,2157,2156,2158,0.007336595073992886,0.12500000000008388,0.1416683899619898,0.13087709501639247,0.9858002429244199,1.133347119695158
2633,2222,2267,2198,0.09751953435537809,0.4366938304152023,0.5346619127163607,0.4800827203094635,0.9701478118949487,1.2243404313910542
2634,2201,2194,2180,0.03482155102142395,0.2525818422491615,0.3647583827102521,0.297803148006945,0.8835067732652573,1.4441195751135312
2635,3319,639,640,62.486564282015976,10.388004733182825,14.009262569212284,12.282878828443875,0.9427554964984229,1.3485999408974014
2636,2096,2222,2198,0.05831311555538822,0.3334386548200349,0.4366938304152023,0.3757430591710477,0.9408576671009106,1.3096676828032936
2637,4177,4274,4303,43.42571065467253,8.21944446756514,11.685064450507573,10.317976530657278,0.9223533198983491,1.4216367659174733
2638,637,3727,3318,54.747761677282035,10.908657647004775,11.743688269320636,11.261298593005604,0.9960065354091906,1.0765475138497116
2639,2391,2273,2253,0.1487849189567483,0.5358529596630498,0.6376557795907052,0.5905747933463001,0.9802272910292344,1.1899827519692532
2640,638,3319,3729,34.9223265164522,7.4940958203171,11.252070000634028,9.380576197506665,0.8926453359029694,1.5014579837808792
2641,2209,2208,2207,0.010179708339914302,0.13852150079956135,0.17860951676168613,0.15623404522141018,0.9522533024841898,1.2893992321100503
2642,4124,649,3722,32.8240062104626,7.968678216739252,10.44642044916663,8.932348758634829,0.9362940508627855,1.3109351595127228
2643,1943,1911,1959,0.0004361459847805788,0.02897421149455821,0.03672184088793049,0.032277711727790266,0.9569888434236625,1.2673974197650695
2644,3920,3322,3732,67.10989866185737,11.034651404382041,13.626719372881409,12.590532114274803,0.9700038817491935,1.2349025695066376
2645,2214,2215,1766,0.01388860588441985,0.055563954663214066,0.5040996635027907,0.35322120605532126,0.18971285238207855,9.072422338515228
2646,3320,692,693,38.94353608195087,7.602888320166782,11.014021848659814,9.820535951953268,0.9093039955069301,1.448662848229001
2647,3725,3315,689,42.046182783138654,8.544597284530514,12.765472176967956,10.386790790162541,0.87479908334947,1.4939817234077357
2648,1964,2026,1985,0.002555719158666869,0.06541048870971569,0.08485812851181267,0.07827862779825398,0.9503777585425942,1.2973168399398969
2649,633,3321,632,38.50334937738325,7.394588923387416,11.81881522534052,9.927578485381035,0.8715476265492555,1.5983059163654487
2650,693,3730,3320,50.16025984497537,9.574659903907001,12.164300947139354,10.917660899902058,0.9627859235481624,1.2704682014006192
2651,1884,1885,1868,0.00040415989893884856,0.02694256985326344,0.03780526530657334,0.03166898568010968,0.9118611777940002,1.4031796340316123
2652,695,696,3322,43.62843709838444,8.0,12.256526695915483,10.475512154959153,0.8916643071581931,1.5320658369894353
2653,1952,1928,2008,0.0014823085766023625,0.055644353314962806,0.06607704205385023,0.05917114914315733,0.9711128968164938,1.1874887228868571
2654,1924,1887,1950,0.00041465566471206105,0.02844853608000074,0.0355167825735883,0.0314123346324281,0.9617301448145317,1.2484573010614954
2655,4304,3322,4179,49.09217930525889,9.368671894965512,11.511782971303086,10.77592541468394,0.9680824477568696,1.2287529225448943
2656,1988,1955,1983,0.0009712011285934259,0.043125948719329454,0.05135229577815446,0.04771814775819746,0.979960137878652,1.1907516774265856
2657,695,3322,3920,49.1764748273754,9.897088369457276,11.170009768961974,10.700583180933762,0.9890259482796591,1.1286157455593682
2658,1955,1988,1993,0.0016055419119525537,0.05135229577815446,0.07644501451688912,0.06358716707032779,0.8937865804103947,1.4886386939181255
2659,2341,2345,2325,0.06464733381322355,0.32973349015927833,0.4296446438868793,0.3935667708281738,0.9512750814908614,1.3030057810607552
2660,3321,633,3731,43.53485455570451,8.873951559767915,10.987375481223976,10.143552782802354,0.9692722076869724,1.238160407708078
2661,2294,2319,2318,0.008417898597447968,0.12500000000006595,0.15991972555385614,0.14169262188623807,0.9585377976299586,1.279357804430174
2662,3731,635,4129,30.051122541091008,7.892291597392959,9.323830593108237,8.411745576565474,0.9750478143786072,1.1813844531781055
2663,2461,2462,2460,0.16779887111701475,0.5670490553638114,0.6927302896059521,0.6289263112708422,0.9732085450561275,1.2216408493291733
2664,2322,2324,2321,0.02729563232208496,0.1930554126733733,0.3324406958810999,0.26961995506487973,0.8291294342975852,1.7219962459356157
2665,2248,2201,2393,0.0814008313695892,0.38019759560577054,0.47798792323904576,0.43936357067744686,0.9648029041976094,1.2572092216350435
2666,2301,2318,2319,0.010601106501652541,0.14337864269958486,0.16932882452513584,0.15754239759285896,0.9818541224318664,1.180990566913953
2667,2283,2285,2284,0.09964174277061147,0.43134995945290494,0.5565463231171696,0.4884950612080053,0.9536405365163041,1.2902431330306723
2668,3322,696,3733,52.58958079304815,10.191103631312483,12.256526695915483,11.12387005750716,0.9757291829216006,1.2026692239942416
2669,691,692,3320,41.50440876967587,7.999999999999984,11.45220360101685,10.098967096016679,0.9193969137624015,1.431525450127109
2670,1773,1897,1940,0.0004135225938790633,0.028226739415493713,0.03405716517769993,0.031177968197758758,0.9767376227392613,1.2065568281331809
2671,3398,463,2783,47.833971652348744,9.75912356183448,13.043277508431796,10.891046783743448,0.9134628501805712,1.336521402335844
2672,493,2718,2782,10.569857463843462,3.97744972932296,5.716343466824487,5.109691119737017,0.9124899428678492,1.437188111940643
2673,2149,2218,2145,0.0261249308402354,0.2123235787245214,0.2760005846655603,0.24981789162565904,0.9554099566414009,1.2999054854084597
2674,2842,2718,378,8.36011210433226,4.000000000000038,5.2211808502395884,4.497036229282556,0.9419046597955749,1.3052952125598847
2675,466,467,468,24.804924580609843,6.456844206636734,11.596169142709916,8.684337783115545,0.7155735539133551,1.7959499674455015
2676,1767,2158,1781,0.0051374683532916954,0.08248053154490953,0.15533447011176604,0.12093833388554465,0.7645155499530287,1.88328648230387
2677,2826,376,377,16.583932955426008,5.727408729509155,8.0,6.507407182654059,0.8812253084993854,1.3967922280073781
2678,2191,2245,2152,0.04101171656931077,0.28798004942686595,0.3308729432655163,0.30925571630578597,0.9871459978850584,1.1489439769317882
2679,464,2697,2716,24.679471853468982,6.715060297355032,8.942690920077515,7.728336008917753,0.9409049299341469,1.3317365033341422
2680,2350,2193,2200,0.07444460366972729,0.37685946959546257,0.4810962980158118,0.42202395971128065,0.9550619800417284,1.2765933639195575
2681,2139,2194,2147,0.021759093422134668,0.19008518355938175,0.24858867704532817,0.22862199630924065,0.9479274599365513,1.307775137390812
2682,3793,469,2921,37.63111843917025,7.343757174507995,12.720846453397385,10.104956118610604,0.8126586525856508,1.7321986758432868
2683,2364,2466,2354,0.434139470224028,0.9826681381444866,1.0224273507009385,1.0016984962818112,0.9989412543461296,1.0404604677948823
2684,493,2703,2718,4.653191853168757,2.98619443614074,3.97744972932296,3.374116244299916,0.9286582753241844,1.331945998286463
2685,2703,494,2718,3.510802528963883,2.300132905769768,3.396336151949921,2.9517245417185793,0.9074894533233584,1.4765825676552784
2686,854,2323,2301,0.02224664545457322,0.20703652605385078,0.24997747951573532,0.228700066457011,0.9765317866493907,1.2074076216421612
2687,2295,2299,2302,0.018187873325580806,0.14789713748429273,0.297204336769533,0.23059444337542226,0.7366554948723698,2.009534070942362
2688,2826,2863,2865,8.487659051511894,4.065357115145038,4.662975674353797,4.45127623546617,0.9855619480453743,1.1470027213556215
2689,3325,461,462,29.200282758038995,7.39169997658163,9.019203887825752,8.292332846524294,0.9742242901592576,1.220179920234909
2690,2884,2879,2921,36.43667910969991,7.338576904669944,10.628673208735325,9.50419902190326,0.9079695108517168,1.4483289262761163
2691,2210,2023,2208,0.00638951936561849,0.11847557805111533,0.125,0.12156302088909039,0.9980546871751744,1.0550697625300445
2692,373,374,3735,34.56450629641631,8.0,9.805256326335714,9.026273720370384,0.9728931646520708,1.2256570407919642
2693,2200,2164,2245,0.047821057968768024,0.2771312819561524,0.4067851923481049,0.34483998627702084,0.9072156303327764,1.4678429280043035
2694,2357,2233,2234,0.05998203739436225,0.3695717328415859,0.3766346360529358,0.372226224437527,0.9997139722939745,1.0191110482315415
2695,471,3736,470,33.51253297196263,8.0,9.368431693084585,8.857096453801528,0.9819061971537575,1.171053961635573
2696,474,475,3327,35.274998450475906,7.999999999999903,9.93024770953781,9.131452633974735,0.9691217869930476,1.2412809636922413
2697,2415,2410,2409,0.02718929350840129,0.24389122153378293,0.26510973715776276,0.25118425950407397,0.9936765762846356,1.086999915333323
2698,3328,3738,477,31.26757422406389,8.299758357092104,8.702543478715935,8.50238173385822,0.9985042645231794,1.04852974078211
2699,2268,2524,2285,0.4451539232684488,0.9368774526868829,1.349086963413344,1.0788276226126765,0.8563993080991942,1.4399823152369395
2700,2348,2403,2434,0.19560642131479647,0.6011998150413447,0.776811295689228,0.6841192486709567,0.9546221288347803,1.292101687748867
2701,474,3327,473,49.91995860739526,9.93024770953781,11.566259326748083,10.79914534875787,0.9847308433563561,1.164750333029348
2702,2390,2350,2200,0.11987328035932072,0.4810962980158118,0.5941852483602076,0.5326366511937448,0.9683510120488108,1.235065101957361
2703,473,3739,472,35.05241524535518,7.412530114542997,10.866418428069219,9.31954864517776,0.910502285543751,1.4659526855411857
2704,2271,2213,2215,0.12388865396487692,0.4363870550962236,0.6757614292932799,0.5614118020446159,0.8809027668079034,1.5485368353657376
2705,3328,477,369,37.063014620912284,8.527484790589348,12.471756210037752,9.900594826447678,0.8446798127268608,1.4625363183058586
2706,2402,2300,2386,0.10799480209743127,0.4902040376646626,0.5085080355288166,0.4995706910644593,0.9991046848374505,1.0373395493667381
2707,375,2884,2921,49.395564646791335,9.38668998003355,13.161436117127531,11.058933101965467,0.9142950629744029,1.4021381493501173
2708,2243,2376,2441,0.1492360857179649,0.5581561630881283,0.6206720268651679,0.5887421553718303,0.9924449947022285,1.112004252414156
2709,3326,372,373,51.82924990906213,8.0,13.593746359693954,11.707392752833107,0.8315807857131108,1.6992182949617443
2710,3737,372,3326,45.89634935611212,9.451698952720152,13.593746359693954,10.919132479633284,0.8630267292329766,1.4382331078987383
2711,3735,3326,373,46.82600575345306,9.553840350655353,13.528431898805364,10.962509525265476,0.8757757611938122,1.4160203020220419
2712,369,370,3328,30.94037408380018,8.0,8.904041343825963,8.477175378138437,0.9924131952819524,1.1130051679782453
2713,3737,371,372,33.3830432313898,7.999999999999886,9.451698952720152,8.842129101059731,0.9813306675982779,1.1814623690900359
2714,2484,2494,2461,0.2381955992011766,0.6491323226783023,0.8389228983178408,0.7536766749123567,0.9579794258158595,1.2923757899721704
2715,368,369,478,22.627416997969704,5.696574124699991,10.353525341601603,8.016699822100533,0.7698015278130155,1.817500328260342
2716,479,368,478,17.8993825485164,5.696574124699991,8.000000000000064,6.674987171418017,0.9085059735159762,1.404352831171381
2717,2445,2455,2457,0.2737175205139596,0.671929721142424,0.9233265803357711,0.8146258456841368,0.9368589030005293,1.3741415973770572
2718,369,477,478,39.385506532260955,7.622710091749002,12.471756210037752,10.149330547796119,0.8504730599465826,1.6361315148974995
2719,2271,2443,2501,0.25164235695788173,0.6827734620365111,0.9484817031231859,0.791120007063856,0.9096864831432867,1.389160176633324
2720,376,2826,2884,15.808420618621913,5.727408729509155,6.7379039990133265,6.097263766854346,0.976580890562025,1.176431492360206
2721,2547,2371,2261,0.413269450646034,0.7010719459714129,1.257267637721514,1.055522498532338,0.8106408705646545,1.7933503757298837
2722,3398,2782,2872,30.198923948293945,7.227499454443012,9.439679021132875,8.49746485815777,0.9543652638988935,1.3060781367932106
2723,1042,3481,1041,22.06080427137091,6.127807962879681,11.323468925334064,8.370169995845071,0.6810071993057347,1.8478824718281075
2724,88,1772,2042,0.001744888103710299,0.05622275491953441,0.07902395653067879,0.06591557048339745,0.9081211412730852,1.4055511268307164
2725,3481,3053,1041,45.42253077797637,8.510437314151213,11.676462003360262,10.503456080948512,0.9338501215079522,1.3720166863745722
2726,1968,2025,1987,0.0026081157970048317,0.07350032274990423,0.08841764253762988,0.07862067418459101,0.9669224006732281,1.2029558405952046
2727,1045,1035,2892,17.498551260116184,4.976957014342822,7.9720664125550265,6.695356487323675,0.8705466509835423,1.601795311790068
2728,2029,2063,2039,0.002274557389778187,0.059409967875460774,0.09174370385911922,0.07607931678029055,0.8809375254263422,1.5442476597772048
2729,2038,2019,2044,0.0017414100548636766,0.05722864562821374,0.07518256362612845,0.06488661674867702,0.9423870041848951,1.3137225737361051
2730,3404,3799,2892,34.73091908925811,8.51532764776373,9.669646778359116,8.997697417941568,0.9877955718239241,1.135557805682149
2731,988,3329,987,35.57501199605693,7.999999999999984,10.199170140856573,9.1958982957507,0.9621475923334696,1.274896267607074
2732,2047,1952,2008,0.003665595349034327,0.06607704205385023,0.12193159503023268,0.10001194595966205,0.7990285261801985,1.8452943903097714
2733,987,3329,986,49.93451071885492,9.388524746395541,11.918717499118259,10.892058429202423,0.9624528687742813,1.2694984378343481
2734,2033,2113,2095,0.011371681070473956,0.14535115490634898,0.20539585530647317,0.16923370935424162,0.895806750768236,1.4131009515460096
2735,1994,1958,1989,0.0012248234174631494,0.048387471672718375,0.057030323878398834,0.0535562037909949,0.9814221788962851,1.1786175616725483
2736,1982,1942,1969,0.0007962501283211557,0.03561636852016278,0.049843527289961914,0.04406405199408615,0.9292171120483266,1.3994556256274413
2737,1788,2139,1791,0.020935342388841448,0.19859900164245667,0.2500000000000339,0.2230003218634906,0.9636305227774257,1.258818009821197
2738,2145,2120,2136,0.013958148296715676,0.16303371005252293,0.19292393920761394,0.18085150066845967,0.9806005614083476,1.1833377228884847
2739,3404,2892,1037,43.01220695431796,8.51532764776373,11.315616506410871,10.165226960322242,0.948158549417391,1.3288527434857478
2740,3481,3827,3053,36.387981277683934,8.510437314151213,10.373512456335112,9.277674457148288,0.9691688701462015,1.218916499048288
2741,2189,2127,2048,0.017827445308457455,0.16857763593790853,0.23943210401343978,0.2089644750658203,0.9241033802489509,1.4203076385626192
2742,989,2989,3440,30.062826802714635,8.252042811061676,8.428220557343321,8.333245537959847,0.9996958232161074,1.0213495918908082
2743,1045,2892,1044,30.512474647680847,7.9720664125550265,9.51270999590092,8.494925469485315,0.9695069647997564,1.1932552369257197
2744,2126,1791,2139,0.012433507631882357,0.15245908183647888,0.19859900164245667,0.1729326754907801,0.9484689325259051,1.3026380537662263
2745,2278,2429,2451,0.17156555449237987,0.5547256216054953,0.7833415453159933,0.6536829968431231,0.9077400911189024,1.4121243274266553
2746,2125,2150,2146,0.02037399059289105,0.19687319949067827,0.24499544800899448,0.21968260543086224,0.9671564539589151,1.2444327041101129
2747,1035,1036,2892,24.683104579155227,7.137046035073176,8.094899878264767,7.581512060756272,0.989044327837568,1.1342087242375158
2748,985,3740,3330,34.73847947820807,8.0347431029955,10.706996926286775,9.186111338679076,0.9367375794378968,1.332587338392314
2749,2184,2182,2196,0.04426313160207742,0.24648142404809933,0.3798647163020596,0.33530457192833474,0.8783866740126817,1.5411494710771036
2750,3924,3330,3741,36.27370729127581,7.99220408303333,10.249732867017501,9.292469124499247,0.9600304132116557,1.2824663585326461
2751,3282,3686,3741,48.618364266137725,9.488556715254969,11.366562332530439,10.692056507255321,0.9759360524932984,1.197923211467573
2752,2242,2279,2269,0.09867462859416667,0.44086861361067786,0.54838146426634,0.48459035204413814,0.9616957609523701,1.2438659667222411
2753,2118,2253,2254,0.0589662217326323,0.31045816857998365,0.4439971512728606,0.380925853165159,0.9194666220674077,1.4301351879503637
2754,3905,3282,3685,67.96190923540826,10.495619310278578,15.483915079374906,13.028282872161745,0.902608789731066,1.4752740759386336
2755,993,3741,3330,42.30089422597762,9.217850143329787,10.290985526180105,9.919522845509132,0.9903322591018847,1.1164192698041266
2756,2201,2180,2352,0.08412449940155221,0.3647583827102521,0.5026853509432808,0.4524352840709609,0.9314782066025207,1.3781324152393553
2757,972,3332,3451,56.49161170787874,10.603489320675166,12.021346885171319,11.47033682338583,0.9886947501695611,1.1337161307581598
2758,2263,2251,2355,0.12117041274731313,0.5002545944864367,0.5811305625109774,0.5326413876681431,0.9821162277151957,1.1616696156635369
2759,3331,970,3742,63.04926507261389,10.216163788523705,13.683406616345726,12.324468622355235,0.9444087370434623,1.3393879443981642
2760,3451,3813,3002,57.69099733866635,11.116259028444981,11.85326680889574,11.555392843820307,0.9970368425394,1.0662999826258868
2761,2367,2487,2482,0.1739522025074653,0.6078661946279906,0.6865670900434484,0.6369179003082494,0.9872614189838373,1.129470755424427
2762,2172,1792,2183,0.012317442328459735,0.1530052860747213,0.1784829633418623,0.16984068762993065,0.9813129254908142,1.1665150134401159
2763,983,3686,4118,31.20660662185849,7.961350290546811,9.479741758684705,8.570163411781634,0.9755186666749057,1.1907203442537644
2764,2212,2211,2209,0.017839997664896665,0.1720003676423222,0.24349384160489668,0.20921804909934485,0.9231723450342421,1.4156588438883246
2765,971,972,3002,22.835760654328748,5.65941273824704,10.065520672907923,7.934269617939968,0.7966474920311407,1.7785450785173942
2766,1747,2222,2047,0.036767063196600995,0.21574489817630568,0.4197118708567584,0.325847242064967,0.7498091428243244,1.9454080926343476
2767,3333,3332,974,59.730787051301135,11.286952529424692,11.998708877310806,11.758728314906222,0.996844571435968,1.0630600993519366
2768,3332,972,973,29.85191371065459,7.477609349757338,10.603489320675166,8.693699556810829,0.8901284563153612,1.4180319972210462
2769,2219,2242,2174,0.06982395870917375,0.36974844452305083,0.45272676768486375,0.40626635986807597,0.9699377870127532,1.2244183157250303
2770,1756,2192,2161,0.026791529146195155,0.20220421828315954,0.29626085715034167,0.2574938929129742,0.9110396039800208,1.4651566602605124
2771,1962,1921,1978,0.0007049906698393281,0.03663093993123476,0.04508154434681044,0.040797492395534984,0.9712241734266782,1.2306958115581947
2772,2223,2153,2248,0.06599463677084044,0.3248051450993567,0.4617697914233445,0.40213614769724054,0.9237042201130695,1.421682502234042
2773,2057,2067,2066,0.004640650882524521,0.0937295072472955,0.1261044252631035,0.10669489545082346,0.9255453491392621,1.3454079613412475
2774,2352,2256,2388,0.18107222889484104,0.5787195258018428,0.7050958513343213,0.653030962043743,0.9739371295869885,1.218372320093016
2775,3744,3334,733,56.530169898146504,10.772500850193,12.403472204901176,11.488820348790327,0.9856165809670702,1.1514013669981706
2776,2114,2073,2077,0.013754879986034009,0.14344128769373443,0.2458125309690696,0.1937718044185561,0.8083734212955734,1.7136804536634593
2777,736,3055,3003,29.06201788097875,6.62103255340997,9.824496197738195,8.499395523863093,0.9057086924494396,1.483831429386097
2778,2073,2114,2067,0.011416742607941607,0.11944617519658599,0.21614280181040538,0.17588352386661854,0.8081668129326334,1.8095414227761994
2779,2088,2089,2080,0.0026633659347777327,0.07228302716233821,0.08987237965174859,0.07957935258417331,0.9627249606973772,1.2433400091269973
2780,2077,2053,2084,0.008592185489208128,0.13095207740822956,0.19246232847642156,0.15166965012059977,0.8324799255524593,1.4697157333093704
2781,2021,1989,2028,0.002063619222528927,0.06330259573945814,0.07765785331672168,0.06983084827882667,0.9703123714565731,1.2267720211086943
2782,720,721,3336,26.636692615372834,7.629883988083165,8.292899503576825,7.86162516131922,0.9938041092207478,1.086897194836671
2783,2064,2079,2076,0.002625424667670486,0.067093238756261,0.0886741988376437,0.07934952905652369,0.9505964028589929,1.3216562574923962
2784,1942,1982,1986,0.0009385307865097383,0.04310614581753056,0.049843527289961914,0.04680031228180681,0.986077421601967,1.1562974686011331
2785,2009,2118,1747,0.0114904806251491,0.13808954946734114,0.26421571640832703,0.19391811545209148,0.6574823552051551,1.913365040493635
2786,2042,2057,2034,0.0019830506406791613,0.06250000000010472,0.07339862391522814,0.06811037724143501,0.9829974393563535,1.1743779826416825
2787,3745,3744,3337,73.42750407107357,12.489224108251525,14.33225529499674,13.113256513420396,0.9818931784354604,1.1475697105577232
2788,2146,2121,2137,0.0082359772978475,0.11291643495591924,0.16090479256882118,0.14216236905324262,0.9211133279303781,1.4249900170124554
2789,571,3337,570,40.73157912181523,8.0,11.129838776568869,9.966635579720785,0.9286827167207622,1.3912298470711086
2790,3334,4131,3746,33.54341193693205,8.449388786407257,9.678424342142554,8.861935274738515,0.9822227230253567,1.1454585162079982
2791,2289,2287,2298,0.006908688988206136,0.12309757678596736,0.1312863026050697,0.12646129313035503,0.9968903868547299,1.0665222340919047
2792,2308,2309,2305,0.014419609341385274,0.11875504155301882,0.3011735708665404,0.2233095374731906,0.5971132104622643,2.536090821306983
2793,3745,571,572,45.39306496476797,7.555141840722686,13.034075651155833,10.954753513518847,0.832774776001968,1.7251927132461433
2794,2344,2327,2302,0.08402139376332607,0.3385479961137387,0.5312936129895913,0.4627035105011506,0.8747193910844135,1.569330254759794
2795,2314,2309,2312,0.008438649935892098,0.12500000000004013,0.15567334799834426,0.1412692541031622,0.9688140098100068,1.2453867839863542
2796,2344,2326,2327,0.10511437857705089,0.4164937930011076,0.5866339086909149,0.5071322080307148,0.9262851049737739,1.4085057653892932
2797,2340,2346,2361,0.14935576865481864,0.49690906899054127,0.6952048624942528,0.6037113797388938,0.9293638383947571,1.3990585116640046
2798,2315,2307,2316,0.0414309509320479,0.2532921258182866,0.37728655535058203,0.3213934640275507,0.9032383287387381,1.48953132329605
2799,2291,1751,2297,0.00818689336398311,0.12500000000004013,0.16723443565566645,0.14163426334482052,0.9269071708768092,1.337875485244902
2800,3747,573,574,48.05372692849703,7.890298108149767,13.074643806445923,11.181054970566741,0.8505707468443141,1.6570532098072854
2801,2016,1975,1991,0.0018241530161536375,0.05815518532024577,0.07393607908084919,0.0658824228606179,0.9613532566794353,1.2713583264106556
2802,580,3926,579,27.48896903662304,7.235032142733301,12.350805731753885,9.195279291495696,0.7082841133879861,1.7070837403478227
2803,3336,722,3340,57.23522692903436,10.768746698967105,12.574604225497158,11.573007958434168,0.9827624362855194,1.167694308076098
2804,1930,2024,2035,0.002957027666466324,0.05388706997309186,0.1135171613527778,0.09331285202306605,0.7200019107078456,2.1065751284948657
2805,1942,1901,1969,0.0006151045184109876,0.03549086962928895,0.044124989829816254,0.038410742659756,0.9522756736621383,1.2432772228664122
2806,1992,1982,1987,0.0025882891495308583,0.06659383360691316,0.09020227046469846,0.07909110036162086,0.9414328076360572,1.35451385780161
2807,1925,1951,1981,0.0009737607899660467,0.04028595240220419,0.05271485184282946,0.04834689210084538,0.9488676301418939,1.3085169568920316
2808,1773,1940,1892,0.0003926632235618313,0.028226739415493713,0.032804849857702476,0.03029766412444003,0.984026764264625,1.1621905518317086
2809,1963,1949,1910,0.00027367182194940043,0.02391550123624617,0.025822381975434284,0.025186589700274722,0.9950342068600336,1.0797340904692416
2810,1921,1882,1924,0.0004922932190150897,0.031206053369493825,0.03827701050859569,0.034147787423480847,0.9674864064517942,1.2265892791817832
2811,3752,724,3355,43.06024917206227,8.410300145760846,11.55164208065731,10.216782580652941,0.9369206828347509,1.3735112755137324
2812,1912,1945,1800,0.0006078785798270491,0.030636820583856337,0.04773470280388975,0.03942209479225247,0.875789973520326,1.5580827871232472
2813,3758,4133,3348,57.41739735262468,8.067494758590964,14.865016401711154,12.553652810164564,0.7908845805134515,1.842581476223657
2814,3752,723,724,41.20004218083295,8.0,11.55164208065731,10.072562705950427,0.9172162730293879,1.4439552600821637
2815,3751,4181,4479,99.85117803738102,14.271564380659441,17.35827797165668,15.39445170497351,0.9651184163480644,1.216284179412055
2816,739,570,3337,38.748821849055346,7.400583644202936,11.129838776568869,9.871235127760455,0.8904694296957097,1.503913652173522
2817,2273,2254,2253,0.08338477277404754,0.3883222396426328,0.5358529596630498,0.45298800622604846,0.9214206147735103,1.3799182868233026
2818,3749,719,3336,49.31803704262734,9.579993532630832,12.38971907602899,10.870304193199607,0.9530533023907134,1.2932909645322652
2819,2296,2288,2293,0.010100863615849583,0.14087095928633867,0.19305503549051584,0.1592673868721006,0.8993206141376083,1.370438850338956
2820,1996,1970,1994,0.001304007728631654,0.048698024262694026,0.05987410379719075,0.055480415356893,0.970897030704639,1.2294975967445636
2821,2317,2341,2325,0.044000051083019645,0.28882439575729085,0.3454320942892428,0.32132999340193735,0.9787273096966478,1.1959934803413261
2822,2310,2293,2307,0.017948438789312203,0.18805341947502835,0.21364807466101715,0.20454781137369724,0.9874648172320603,1.136103109730411
2823,976,977,3342,34.389239905646654,7.433648171143664,10.280714641476255,9.14203669978062,0.9333466756775153,1.3829972047082462
2824,2381,2302,2315,0.07705111370546008,0.4003129243032026,0.4364648620401332,0.42271005057600647,0.9944280786530533,1.0903091944879317
2825,963,3343,968,38.28905029880406,7.747184641002903,10.95882637118008,9.680117741996213,0.9245798409471522,1.414555981172719
2826,2424,2547,2261,0.5774876267553919,0.9868420678102381,1.3569983846024931,1.184022788105606,0.9358696016550675,1.3750917485850767
2827,3338,978,979,37.72309500673312,7.830235457091471,10.858216620417771,9.57633068562025,0.9333182038506999,1.386703717904677
2828,2639,2435,2449,0.9568356564608962,1.0,2.2564801387034046,1.7267087613761387,0.676988623811107,2.2564801387034046
2829,2380,2505,2467,0.3294960079995505,0.7606704133001427,0.9471519518440117,0.8843195728345453,0.9636201973341776,1.245154189361494
2830,2323,2326,2324,0.04751795309616754,0.27548365211908216,0.4300444927925871,0.35033800306317886,0.8659197877878452,1.5610526776619529
2831,2364,2371,2466,0.4002341660697836,0.8808238730843762,1.040616055353164,0.968036022194009,0.9817780555585488,1.1814121836971159
2832,865,2408,864,10.382078576978984,3.0002361739687053,8.0,5.998248768399293,0.5899478594058143,2.666456750775596
2833,3754,861,3344,53.83516620764209,9.953001262452263,13.720630298848757,11.532278591443244,0.9172392832749436,1.3785420032658782
2834,2326,2344,2384,0.182017326625452,0.5866339086909149,0.6947660463363331,0.6532752613781269,0.97976244197674,1.1843264360335344
2835,3753,3344,862,46.529514207685395,8.74615125921496,13.06076625522422,10.83707437292845,0.8913484952323975,1.4933158446652033
2836,856,2408,865,0.8122606746735834,0.5602903476760523,3.0002361739687053,2.1558714813371855,0.31674816191698496,5.35478825650478
2837,2401,2393,2352,0.19763783713054928,0.6088678425410353,0.7849952899560706,0.6881113945146708,0.9532228126004966,1.2892704050192385
2838,857,2408,856,11.59771076610747,2.9070879223667987,8.311241994964991,6.406109972443924,0.567741732196596,2.8589579045818514
2839,2420,2501,2509,0.1936949856637083,0.6101044872955441,0.706417466611917,0.6729986594651308,0.9833192125357765,1.157863089555867
2840,2388,2372,2468,0.43689307418929557,0.7731754393061081,1.254041866685015,1.0601461497264169,0.8647399326212549,1.6219370183440696
2841,576,3345,575,35.247957232030465,7.577491154266418,10.95882337907648,9.336496095107924,0.9137521306629733,1.446233740953461
2842,2418,2450,2521,0.31357457032411923,0.7895853778846857,0.999375274079248,0.8680196780222365,0.9501119750790729,1.2656962781613224
2843,2461,2460,1782,0.16039778028420168,0.49999999999994876,0.6927302896059521,0.6257713373906587,0.9271927289474436,1.385460579212046
2844,2454,492,382,0.33052462857503573,0.858343238086831,0.8901508387792774,0.8739685766486719,0.9991152820904279,1.0370569712453757
2845,2460,1768,1782,0.08219949365266917,0.32992212617957545,0.6213378804471767,0.48375333554223365,0.7645155499528282,1.8832864823045687
2846,2274,2390,2200,0.1457327560213826,0.5249164615642171,0.6375974685608337,0.5855663928284195,0.9754060542205627,1.214664647134202
2847,2531,2421,2493,0.6251675413880852,0.9253469881551932,1.5808998397680014,1.287167602931448,0.8341864044877421,1.7084400338512402
2848,2465,8,2560,0.27018519397829494,0.7601233692254077,0.8469883229034211,0.7928638877493581,0.9902345657636896,1.1142774412613203
2849,1019,2893,1022,14.152270542629935,5.492815008761588,5.920731132745519,5.725014729987937,0.9962291849280165,1.0779047033809372
2850,2450,2405,2532,0.4714533074955779,0.9023636104796703,1.191174275155129,1.0631638360953708,0.9510969650260344,1.3200601856295329
2851,1022,2893,1021,16.078673308987575,5.457589264010716,7.64894600137374,6.3424221327099914,0.903115405040419,1.4015246716739218
2852,2365,2517,2372,0.4770638670101979,0.7768680753029548,1.3413622836507053,1.1230559728151108,0.8330420062351035,1.726628144846363
2853,3347,858,859,36.97144432207891,7.4383871473724765,11.913281738707676,9.776872187974423,0.8629219489781801,1.6015947412626814
2854,3347,859,860,34.550041917440254,7.8114635818,9.978947677843117,9.065034561867906,0.9611442691128956,1.2774747745215325
2855,857,3344,3753,49.17216318278125,8.74615125921496,12.126904588547394,10.959228400212366,0.9265822554318419,1.386541831845232
2856,2893,2922,1021,14.291446838642292,5.457589264010716,5.992755504568464,5.757723130480589,0.9940801633608768,1.0980590906843841
2857,2521,2450,2532,0.4091059989944722,0.7895853778846857,1.191174275155129,1.0121832483871185,0.8977950685310802,1.5086073127978985
2858,90,2523,2591,0.7710131409538654,1.230758252450093,1.491473656309192,1.3480584696821953,0.9735622617904134,1.2118331551627526
2859,2459,2488,1768,0.26065399281743606,0.6528934541429976,1.229900162153098,0.909927313066507,0.6798383705486718,1.8837685603196808
2860,2465,2556,1779,0.26703435457129293,0.675633754562189,0.8733829256117516,0.7986683343591205,0.9552842048077996,1.2926869324012744
2861,3345,577,578,30.233951118527763,7.642231807911031,11.851407466910244,9.164546424940463,0.7968778196992077,1.5507783282158476
2862,2369,2422,2444,0.21355552505269285,0.6817651178792138,0.7420133350200296,0.7038933128469503,0.9939272702402494,1.0883709294606208
2863,3964,3348,3757,96.60982644505896,14.134573171379493,16.506376206745276,15.052298903623274,0.9800473780677724,1.1678015322152315
2864,3751,579,3750,87.04050436272199,13.931486394441958,14.361497515195671,14.181336811371033,0.999343126624762,1.030866133632752
2865,576,577,3345,28.674502492536753,7.642231807911031,9.47317375198087,8.282279421947385,0.955478026915271,1.2395820998486982
2866,582,3964,3926,55.989019292114286,10.753326279792484,12.107603643778665,11.41181499702485,0.9905405820243446,1.1259403210456957
2867,2503,2396,2516,0.9457442503738936,1.3254973074588865,2.171217865723807,1.6523988974599606,0.7615300438662537,1.638040193296396
2868,2366,2356,2233,0.06469289907536893,0.3102036157652018,0.45537566885767117,0.4005731768614336,0.9076448486015708,1.467989558195068
2869,4133,3758,730,36.95409447305807,8.067494758590964,10.732468024645904,9.430019065889063,0.9470771328841988,1.3303346758567207
2870,1849,1826,1857,6.851060964329423e-05,0.01223486838495333,0.01329168417974329,0.012607512050085002,0.9939343620952571,1.0863773733838977
2871,4045,3355,725,41.87476422800049,8.258954576863088,11.28546874256797,10.0700469860105,0.9378889470590593,1.366452453217682
2872,1808,1809,1828,0.00025648234949376096,0.017282294729387457,0.03124999999992681,0.026382750739766852,0.8031186217525164,1.8082089496360774
2873,1859,1834,1842,0.00011557232322923997,0.014075082878307988,0.01993340437322855,0.01688795360965723,0.917349497896218,1.4162193249994426
2874,1822,1847,1853,0.0001289058552977628,0.015250457374270169,0.020849321558133842,0.017759156840887424,0.9280321766493641,1.3671276242055406
2875,3760,3350,3759,36.65148758622859,8.056076319179935,11.064064066264015,9.462731142728748,0.929425411275817,1.373381237702857
2876,598,3004,597,22.663526614132426,6.1686255896331685,8.228604972545961,7.382556490657977,0.9468515739704372,1.3339446288286227
2877,2432,2397,1761,0.26464621080767814,0.5966864037736546,0.9650680916768275,0.8249535023517148,0.8643988197006228,1.6173790546816513
2878,726,727,3349,39.018713363720416,7.397452283087174,12.322293484306853,10.10635910407406,0.847675142949661,1.665748289107503
2879,3761,3350,3760,39.185367869558725,8.056076319179935,10.660314733735522,9.70773076729179,0.9464517793947114,1.3232638708195212
2880,2244,1747,2254,0.06623077340615065,0.3640292863236205,0.4999999999999589,0.4095057121902245,0.8903533442034616,1.3735158647523238
2881,3760,597,3004,28.729661838137424,7.750438909794802,9.005247056872506,8.20829995158431,0.9800905861458301,1.1619015595996647
2882,599,3353,3814,33.76763311296094,7.672279888531528,10.899179173549102,9.153863682172371,0.9114053178664594,1.4205919663907363
2883,585,3351,3764,41.2967346656391,9.16420671002726,10.122514540342848,9.795110036835043,0.9919643707032033,1.10457073488609
2884,1877,1874,1876,0.00017019712372628,0.015732749561986652,0.023300060171315227,0.020599832447200494,0.9009928774141,1.480990978691522
2885,2303,2368,2386,0.17303531209661016,0.5000000000000252,0.7671155307137495,0.6598819266773024,0.8905470574121279,1.5342310614274217
2886,2454,2449,2522,0.44508812395866265,0.8518077781697014,1.2821700457409193,1.0615616178631166,0.8877620968117521,1.5052340194591167
2887,586,587,3763,38.930474110015794,7.999999999999886,10.886305075257669,9.702540317854508,0.939827574723133,1.360788134407228
2888,2504,2448,2447,0.7122197991978707,1.1148495107629144,1.7081108482109062,1.3669317452806327,0.8517293059079172,1.532144770859711
2889,586,3351,585,37.544161961197005,8.0,10.313273297469712,9.470627385868246,0.9550867463367937,1.289159162183714
2890,3352,588,590,48.87626801335954,9.847795543115524,13.366635973640935,11.060374761294513,0.9030450044517202,1.3573226530871054
2891,2499,2442,2406,0.21881440378057904,0.6885757151631706,0.7327024553176884,0.7115509461779513,0.997432607480898,1.0640840784576044
2892,589,590,588,44.24387042787748,8.0,13.366635973640935,10.812894434489413,0.8392183233522108,1.670829496705117
2893,2482,2487,2490,0.26921102467883007,0.6865670900434484,0.9166045924118791,0.8051868612643047,0.9460488841940854,1.3350546591941554
2894,2468,2401,2388,0.38844355946377007,0.7721859072186599,1.1532211431881272,0.9842930788400898,0.9025204381326439,1.4934501295703777
2895,3351,586,3763,43.68704053255032,9.15768839268832,10.886305075257669,10.119088921805234,0.980352934152781,1.1887612472105418
2896,3352,590,591,33.302330779630516,7.549842375661195,9.847795543115524,8.924366920942894,0.9538893089278329,1.3043710124150876
2897,600,601,3353,32.89998049619719,7.613045664000648,9.5404363706455,8.835387101115836,0.9639957167424131,1.2531694661650052
2898,600,3353,599,34.07333350163074,7.392267801302394,10.899179173549102,9.214708747850954,0.9047820020059211,1.4744026415856917
2899,2268,2500,2594,0.975761335621407,1.2587628229978305,1.7930401136514111,1.547648499342549,0.9221222141735338,1.424446353905784
2900,592,593,3354,37.97296085312736,7.936834812107981,11.352384922630835,9.677033875973004,0.917391945803471,1.430341589737043
2901,595,3759,3927,51.207627004580665,8.217067821191797,13.53409769815924,11.519126855047185,0.8555206655392253,1.6470714362676715
2902,3354,593,3765,36.74783848363674,8.373470736291548,11.352384922630835,9.527060911182742,0.9177675445510037,1.3557562067337674
2903,2570,2515,2457,1.1448598610254517,1.2419741960239257,2.074691230665452,1.7276714900485093,0.8501323439821635,1.6704785311219823
2904,2431,2447,2448,0.3545012168071431,0.6798689514495257,1.1148495107629144,0.9586679225783582,0.8544917926805473,1.6398005944910137
2905,597,3760,3759,42.649476662951386,9.005247056872506,11.064064066264015,10.031915160890096,0.9718681552855539,1.2286241561601898
2906,591,592,3354,32.66033603617719,8.0,9.741881893180198,8.77916711976697,0.9720283477039225,1.2177352366475247
2907,2485,1768,2486,0.06164962023950288,0.24744159463467136,0.5758788561902662,0.4411068169416308,0.6644037170027342,2.3273324642144644
2908,2474,2481,2491,0.13685859574843942,0.5236075977837158,0.5872342818062577,0.5643151020722795,0.9899052901578062,1.121515967858098
2909,724,725,3355,40.8175511061048,7.999999999999886,11.28546874256797,9.991291419369508,0.9253558807361695,1.4106835928210162
2910,2561,2553,2398,0.7126225788564048,1.2246022051533714,1.4300595179894267,1.294421473158857,0.9768525865391768,1.1677747369484146
2911,3338,3342,978,62.36058358307872,10.858216620417771,12.725148029082993,12.089301706171705,0.9803029663995391,1.1719372042324747
2912,992,993,3330,38.99403580337652,7.591219659738099,12.426413795311012,10.102872993743071,0.8496976217167679,1.6369456230093766
2913,709,3005,708,20.816697539000426,5.7348223025700635,7.8084502595617815,7.115286459018964,0.932027258390286,1.3615853896750072
2914,1907,2014,1891,0.0020307520837971873,0.05625730715551998,0.08198828369864757,0.0708359335621021,0.91349241298396,1.4573801670242736
2915,1843,1844,1852,0.00017057249312874868,0.016950122394975817,0.02456342608275678,0.020614450024291072,0.9062796360669111,1.4491592161032194
2916,1883,1882,1895,0.00032992038449498147,0.02231612547160249,0.031986572400938766,0.02851756595748935,0.9151394431847968,1.4333389746191392
2917,710,3005,709,30.277572996803084,7.802586814925049,9.725600198756304,8.50939567122714,0.9558090646296015,1.2464584412124515
2918,1941,1910,1918,0.0004882713006255087,0.03125000000008263,0.03883492814569847,0.03413014947208149,0.9587576240938482,1.2427177006590653
2919,2010,1905,2035,0.005222294820332904,0.08914235562825461,0.1471974975285252,0.11783579694477947,0.8347878427045581,1.651263268634887
2920,3005,710,3454,43.764489662722966,9.227261219256548,11.837588585710783,10.263483334574545,0.9479491969062825,1.2828929738118493
2921,620,3358,3359,44.56350949436002,8.515071979872662,11.931944569493501,10.426203286218108,0.9293918334916675,1.401273482795848
2922,1801,1944,1919,0.0004521030561328284,0.030060505228591737,0.037024572552658695,0.03277835926040229,0.9634718458553629,1.2316683392747225
2923,1922,1925,1926,0.0008328142725503967,0.03509906142530544,0.056269053960547155,0.04635723443622877,0.8645631218985156,1.6031498187008142
2924,1942,1986,1980,0.0007815494058863837,0.040349945011487434,0.04745126373792796,0.042881968107435296,0.9759740774392105,1.1759932689974872
2925,1802,1803,1814,7.233648898143251e-05,0.009260659110529833,0.018310117970944992,0.014398592360500334,0.7534446666787252,1.9771938209155622
2926,1877,1896,1865,0.0006077277509308902,0.0338018191602104,0.04183854411262762,0.03789366797605282,0.9701262146731818,1.2377601310250663
2927,3768,702,3360,30.907901871899966,8.22883194503333,8.633918128150695,8.45357584671924,0.9984258552702594,1.0492276650955137
2928,1868,1863,1847,0.0003457171126256545,0.02259007890253909,0.03420617838893122,0.029422305262776016,0.8968171919340722,1.5142124353132072
2929,1914,1931,1878,0.0009895095805805404,0.04070369717223419,0.05980372538639872,0.04982734359792818,0.898285273003229,1.469245536427426
2930,3768,701,702,31.952035972315404,8.000000000000064,9.47749850290655,8.658491989960103,0.979346889924127,1.1846873128633093
2931,706,3359,3358,45.547544766214244,8.55507954631595,11.931944569493501,10.532395549630273,0.9308731536095091,1.394720470440479
2932,1821,1836,1819,9.2725819962716e-05,0.012972714897051364,0.01577316834091175,0.014790294412663099,0.9715656898819038,1.2158725807268698
2933,1817,1810,1811,9.317447627636311e-05,0.01176602199430816,0.01815150458358392,0.015339468051708527,0.8877502284433613,1.5427053079082083
2934,705,3358,3364,44.02418967569507,9.401877833184958,11.849354298645554,10.286024534913484,0.9499044557060716,1.2603178331909355
2935,703,704,3006,19.054013289065473,5.842571681851041,7.224386573477432,6.713379393580908,0.9681190247009823,1.2365079911503294
2936,1808,1829,1873,0.0003282955745317355,0.02533680482456063,0.032201755154466986,0.028063155448062784,0.9520006099459322,1.2709477527826125
2937,1833,1809,1832,0.00016221655936560916,0.01562499999990063,0.02548418390643445,0.020630093066776926,0.8479228310742256,1.6309877700221773
2938,3767,3921,3357,40.132532478833234,8.787551553312738,11.083784162158617,9.781199124620848,0.9594584778968585,1.2613051650297564
2939,703,3360,702,27.415089954710997,7.384618401432594,8.633918128150695,8.006178843194398,0.9837380202580217,1.1691759355467495
2940,3816,3944,3455,53.89243534589636,10.375074818505128,12.140016836538859,11.22716192665281,0.9833220344217499,1.1701136665429877
2941,1965,1951,1978,0.000767698025588221,0.03916821430183859,0.04533201818067513,0.042331001468744585,0.9859107030230861,1.1573674978220083
2942,715,716,3361,36.81707802246381,7.979477308317588,10.151899538919594,9.363795004374794,0.9591678762221176,1.2722511947414816
2943,1981,1950,1916,0.0007172519234061638,0.03919120622114236,0.04247571432009629,0.04076625995535216,0.9956286354886624,1.0838072724891545
2944,713,3769,3766,33.97076486561549,7.7088311694060065,11.01035476844948,9.200739543781731,0.9067433875554362,1.4282781042275527
2945,1992,1986,1982,0.0014865391376504859,0.04310614581753056,0.08047719701325093,0.06419130057909819,0.7865219072999724,1.8669541311791826
2946,3007,3455,3815,37.18152840244444,8.389128162654528,9.988737157354064,9.33875077852557,0.9792828630016319,1.1906764283111608
2947,2209,2207,2212,0.021523592436379458,0.17860951676168613,0.2807232190163635,0.23427552579431543,0.8771953650844695,1.5717147893688381
2948,2237,2241,2260,0.08232350230169745,0.39054859712125484,0.479573896289151,0.44057796019594436,0.9725166514439109,1.2279493507955328
2949,718,3455,717,38.018042035346376,7.999999999999984,10.728169748341864,9.567410680866907,0.9455127219731033,1.3410212185427357
2950,610,3007,609,21.651652126188395,6.280052348706555,7.994848622566171,7.174367673713745,0.9622430438233089,1.2730544553840857
2951,718,3815,3455,43.360795683601246,9.432214715440477,10.728169748341864,10.049707207045467,0.9887347937466555,1.1373966848718908
2952,2095,2015,2033,0.0078071318916998825,0.1012977837555631,0.17001101949100234,0.142754307032156,0.8478017249198515,1.6783291123253783
2953,3456,611,612,30.111327218160085,7.859382818584819,9.274760144460181,8.412222860411122,0.977396196519317,1.1800875919325964
2954,3928,3356,3766,79.09129185609183,12.003729582225453,16.225087127069663,13.882929807485901,0.9327962154349642,1.3516704967341977
2955,3356,3454,3766,51.95611304978328,10.497566570282627,12.003729582225453,11.023839046211956,0.983455761135019,1.143477347998592
2956,3769,714,3361,49.421198998338674,10.105542461912533,12.239443672265374,10.834882674754434,0.9641143763436951,1.211161470885452
2957,2258,2261,2262,0.08223497927453695,0.3236198014231537,0.5513876137327072,0.464980657631283,0.8389766181456637,1.7038129660420018
2958,2377,2250,1769,0.16768545232182708,0.523134255181606,0.8340361809093159,0.6661114620956751,0.8416243411428039,1.5943061893734725
2959,3363,615,616,37.58860406362003,7.999999999999903,10.505953225615109,9.488816355262395,0.9518797857526532,1.3132441532019046
2960,615,3363,614,36.100272269637706,7.770320788085514,10.18972897051256,9.306848532923416,0.9494726324768278,1.3113652895948393
2961,2317,2325,2306,0.038882205572504984,0.23187800691024454,0.36701920152351036,0.3147764342409992,0.8752086319381183,1.582811610354993
2962,610,3456,3007,30.09456242411364,7.2482020498685085,9.313586519628734,8.467202201777154,0.958971598871321,1.2849512824766929
2963,614,3363,3772,42.880942417012896,9.794208246447651,10.18972897051256,9.955728601214195,0.998830636237306,1.040383123792407
2964,2371,2364,1750,0.33876808620660326,0.8063243960288046,0.999999999999998,0.8957160897043929,0.967454550170949,1.2401956395280327
2965,2593,2650,2592,1.7631004345197976,1.8546313502649818,2.469946675491893,2.082030572322099,0.9231142957597421,1.3317723088952407
2966,2026,1964,1992,0.0031266163849204918,0.07618430408838409,0.0986094062367807,0.08655061294565915,0.9530580998628561,1.294353310917961
2967,2035,2118,2010,0.01445192012330784,0.1471974975285252,0.24323149822510787,0.1956079969721357,0.8385772657097195,1.6524159874251418
2968,4138,3770,4278,38.42121109136861,8.275116070989952,11.054253901994771,9.630208852403477,0.9436291679759806,1.3358427612571664
2969,626,3767,3357,38.370270115750856,8.787551553312738,11.63948721872407,9.742657715394184,0.9161891844313244,1.3245426952102723
2970,2274,2257,2363,0.12098580285088839,0.5139454210569815,0.5469434182454099,0.5291178717282431,0.9973372324888067,1.0642052557265025
2971,2345,2341,2340,0.07157964263026008,0.36347802952422353,0.43808356401298715,0.41040207914136334,0.9750118051752562,1.2052545915537698
2972,626,3357,3768,44.97723044693794,9.545037396928109,11.63948721872407,10.330589806209089,0.9654362331145198,1.2194281420489794
2973,3734,3324,3323,43.938516072516755,9.243931474696447,11.903641285828325,10.2929630762864,0.945842032664016,1.2877249597113891
2974,3006,625,3360,38.650694014979166,8.817907223548364,10.723329286237025,9.565720292142467,0.968195507359778,1.2160855194303022
2975,624,3006,3364,40.275546625446275,8.83652085829122,10.549778856002964,9.720057482322405,0.9793852796624432,1.1938837722658926
2976,2387,2360,2369,0.14722015915226552,0.5612919551826038,0.5970932235548482,0.5837266385416758,0.9970640575850119,1.0637836834140928
2977,2339,2340,2341,0.04880742314289132,0.28994165143459816,0.36978117357254997,0.3410669515104572,0.9581412626683463,1.275364100821372
2978,622,623,3364,30.872294607074643,7.999999999999903,8.95540573294794,8.470898789013065,0.9914913662954316,1.119425716618506
2979,3364,3358,622,42.32790880659992,8.95540573294794,11.849354298645554,10.143216878411847,0.9361884364752922,1.3231510276581278
2980,2481,2351,2489,0.09967693463076664,0.4511855635594241,0.5206626210797008,0.4824548346359081,0.9854565226134816,1.1539877671886685
2981,2353,2370,2363,0.1442963406398819,0.4644261770911918,0.7109470146115964,0.6026877365919846,0.8914607384717588,1.5308073697835496
2982,2501,2420,2231,0.17169048857208338,0.5877148095112661,0.7149409159096335,0.6375867375721479,0.9680413059797158,1.2164759239335257
2983,2395,2378,2391,0.16349440406879717,0.6047324695553202,0.6298279581031789,0.61476191886098,0.9987416696333835,1.0414984969573606
2984,3365,566,567,29.393528920471,7.5621018228182395,9.6241063433805,8.395402722066246,0.9524600271647441,1.2726761115990626
2985,2376,2270,2498,0.1553715168468218,0.5557483677820201,0.6339063572616548,0.6016903857295653,0.9880805124251238,1.1406355717994487
2986,3365,568,569,29.591458093079837,7.73077635169279,9.373230712229084,8.368002354640625,0.9687806074477718,1.2124565872581023
2987,2321,1752,2322,0.01830521042345331,0.19201878981171971,0.2500000000000126,0.21169140082836854,0.9281376283542092,1.301955919236577
2988,3362,3770,618,47.45974593825367,10.005741781190416,11.150253349533747,10.50299760906921,0.9915060908398678,1.1143854791950432
2989,2301,2323,2322,0.01468950943836614,0.1694692841333436,0.2290861938014468,0.19101052049503686,0.9115897292512696,1.3517859296625976
2990,2306,2292,2305,0.05767843736553703,0.23751008310606758,0.6023471417330796,0.4466190749463676,0.5971132104622726,2.536090821306658
2991,1760,153,2544,0.48415141185388066,0.9705678966294253,1.3451626238463397,1.1052435068252577,0.8941306393275567,1.385954170252078
2992,2279,2500,2268,0.4642038879087024,0.9409009256741206,1.2587628229978305,1.0663886354850465,0.9271548300617137,1.3378271703750038
2993,2313,2297,2311,0.009685244321179103,0.1434011062023117,0.1550233154634452,0.1497855286129223,0.9959142686018935,1.0810468591834763
2994,2494,2506,2463,0.6713698918951287,1.1491120467535516,1.4298448313160748,1.263943450752601,0.9618298937641937,1.2443041001577206
2995,2333,2328,2342,0.05578630343295045,0.34148257451455905,0.3792797227505528,0.3599360879498357,0.992607134381739,1.1106854377261415
2996,3366,509,510,35.453551585541916,7.391275529106221,10.358190467656623,9.318725892442417,0.9230717236315922,1.4014077038350066
2997,854,2287,2327,0.0344698734056843,0.26359600569867936,0.32461269116564406,0.28643088808835754,0.9616317295724633,1.2314780351289307
2998,2419,2499,2406,0.1940215753042023,0.6286523555721172,0.713374668052995,0.6720573420484155,0.9894317635074545,1.134768146066636
2999,2455,2456,2457,0.3608812976896369,0.8486212355742148,1.1195549840652717,0.9423981259578036,0.922103393997308,1.3192634559842602
3000,2551,2442,2513,0.5321345547379689,0.9948732977718729,1.3742578513017984,1.1490072476073556,0.9125120496593396,1.3813395679425697
3001,497,498,496,20.416666666666224,5.170254227961559,8.806087945080577,7.3254473910140065,0.8405746208751838,1.703221458135627
3002,2419,2276,2227,0.11558058359118005,0.4833582136074281,0.5730313759468046,0.5210580399913098,0.977938164036808,1.185521130736814
3003,1782,2484,2461,0.19300846835351237,0.6491323226783023,0.684583722566075,0.6681074042971648,0.9981053165605688,1.0546135181522023
3004,495,496,498,20.416666666666515,5.170254227961577,8.806087945080577,7.325447391014052,0.8405746208751858,1.7032214581356213
3005,499,495,498,12.918042136043592,5.061763449225282,7.790698411902589,6.007572029696483,0.7916889562564792,1.5391273199649382
3006,2447,2611,2504,2.101556809189276,1.7081108482109062,2.6131024657782436,2.305896668112613,0.8830866099394752,1.5298201920064118
3007,2344,2381,2394,0.16761836913209366,0.5294360681739632,0.7711722102292109,0.6466874256598416,0.9044976938088845,1.4565917522185465
3008,2373,2467,2453,0.293370904390869,0.7147912128359554,0.9509783475731451,0.8398340880983848,0.9479454352384173,1.3304281453042914
3009,2378,2404,2502,0.31641203298738396,0.7293298920327455,1.0481412465738715,0.8855286946271157,0.9121238929281574,1.437129148309764
3010,2555,2525,2425,0.6528857290564902,0.999886790154958,1.5456008726761428,1.2876129143680328,0.882760274795069,1.5457758697228239
3011,3363,616,3771,35.18101414468431,8.299432963148513,10.505953225615109,9.179413754235702,0.9539086709143015,1.265863977968625
3012,2406,2405,2400,0.29825606733908044,0.784983908677711,0.9333269493237453,0.8387167739510746,0.9729415070349084,1.1889759000231166
3013,2427,2267,2222,0.12388706831132182,0.5310746539244117,0.5390155284650731,0.5349173650352818,0.9998525210751591,1.0149524638051952
3014,3734,627,628,23.68024903541478,6.615639886566798,8.486125063146094,7.5169306478068565,0.957917460559327,1.2827368491409814
3015,4045,605,3355,42.34293123046565,8.258954576863088,11.474789990472862,10.14943838471311,0.932240651095354,1.3893756024059902
3016,2324,2320,2321,0.03960692865117168,0.2500000000000126,0.3503128168683322,0.3109178375831482,0.927871334079084,1.4012512674732582
3017,2324,2326,2359,0.11826895852350042,0.4300444927925871,0.6021033824032485,0.5374973071814076,0.9266345382599525,1.4000955540515347
3018,2256,2263,2388,0.1809785192890377,0.5508363168785312,0.7668070476812483,0.6643069578516148,0.9305651496109231,1.3920778717470481
3019,3942,3943,3349,31.85551466791561,8.19288292830321,9.475086120708617,8.642051755289016,0.9804674266293233,1.1565020766958474
3020,556,557,3367,33.30748566779044,7.638850142785556,9.820087445853664,8.907359806571293,0.9591386332026841,1.2855452407491144
3021,2348,2303,2386,0.12908334171292266,0.5000000000000252,0.6472977028309151,0.558379957718489,0.9437575017708942,1.294595405661765
3022,2267,2385,2429,0.11403691859503752,0.49691115355092963,0.5493921502811487,0.5149939398951305,0.9907681942497413,1.1056144470801061
3023,513,3368,512,37.34356699162648,7.862976632212656,10.343567168661611,9.47510397254297,0.94687733675573,1.31547728709845
3024,2516,2396,2432,0.2802890088824504,0.6913623653670545,1.4604815191971892,1.0389706587470637,0.5481960200634299,2.1124689343218703
3025,3368,511,512,39.08902811170229,8.000000000000114,10.805032824397127,9.716199997686283,0.9411917145148595,1.3506291030496218
3026,2428,2366,2373,0.17074615201701498,0.6167256362393007,0.6349583173816018,0.6281051622037376,0.9993400693340322,1.0295636828938737
3027,2365,2355,2260,0.12602559348844916,0.4504080249094266,0.6662827657288065,0.5610986716248075,0.9021423859767761,1.4792870661280748
3028,517,518,3369,45.23664154199254,8.000000000000064,12.109418302352623,10.666482415063525,0.8903381548586792,1.5136772877940659
3029,515,3370,3775,56.294386399216556,10.805719732199517,11.946268934454682,11.430838926922528,0.9932721564032108,1.1055505075572607
3030,4046,3368,513,31.490772256754283,7.971736209060082,10.218768116754642,8.74350554705184,0.9379265524882588,1.2818748449228352
3031,557,558,3367,35.351955572406546,8.000000000000114,10.267417202524586,9.176853011199785,0.9596430856563839,1.283427150315555
3032,2191,1777,2257,0.05964660332563366,0.3205343998252364,0.41066653404745646,0.3771087525672226,0.9577144165149698,1.2811933267423479
3033,555,3367,3773,35.75135104719353,8.278879032143562,11.604227605099593,9.5120127537943,0.8907526548312157,1.4016665251473102
3034,560,561,3371,47.656848229346906,8.0,12.88474396862176,11.064719685514063,0.8653818149600166,1.61059299607772
3035,2488,2486,1768,0.15387106632350347,0.49999999999995476,0.6770834445474029,0.6099922995634518,0.9394896295546831,1.3541668890949283
3036,560,3778,559,29.52956716340413,7.778274437156921,9.290391012812883,8.346422560551613,0.9726324894684455,1.1944025744878017
3037,564,546,3372,46.23976562561824,8.664967894365175,12.117691255895021,10.61647657287226,0.9302105708433211,1.3984692619317323
3038,563,564,3372,43.91228534001266,8.0,12.810149784934875,10.62564011776382,0.8678162176188,1.6012687231168594
3039,546,564,565,13.315656114742069,3.3289140286855172,8.664967894365175,6.664627307683564,0.6143548313112526,2.60294132551891
3040,2322,1752,2301,0.010425733956230322,0.12500000000001538,0.19201878981171971,0.16216269131502623,0.8893759324684376,1.5361503184935688
3041,562,3931,3777,34.53401999379672,7.9611231014146675,10.182811459794495,9.069811282002084,0.9599053073657433,1.2790672032172246
3042,2392,2545,2440,0.6541650208634413,1.090310517273579,1.451381466798227,1.257501855476759,0.9422061896946745,1.3311634106103452
3043,3372,546,547,37.59336832504414,8.0,12.117691255895021,9.840859861474874,0.8702401600228185,1.5147114069868777
3044,554,3373,3371,48.67752492312921,10.339741197246182,10.822590842538013,10.608289262267956,0.9985769519865028,1.0466984265931558
3045,551,3379,3785,30.132125949368472,7.133182393681728,10.14685489151816,8.620982141585168,0.9176035516901879,1.4224863926801894
3046,3785,550,551,21.259287245522675,6.510104034942448,7.4779766084075865,7.040421012343921,0.9872960992942456,1.1486723665659047
3047,2539,2538,2540,0.43484911542780064,0.8129012372053162,1.150458079127661,1.0340201023537694,0.9182325703156812,1.4152495118384074
3048,2303,2305,2292,0.11535687473107209,0.4750201662121049,0.6023471417330796,0.5257891026484033,0.9531879000462679,1.2680454106534098
3049,553,3779,3374,54.141547586880435,10.052468265972038,12.533903026351533,11.31928935603274,0.9681048869413021,1.2468483057816993
3050,3372,547,548,37.593368325043606,7.999999999999886,12.572406594245512,9.992431640925,0.8387760327346899,1.5715508242807115
3051,2627,2447,2519,1.24618719211002,1.607129999539131,1.749716479423131,1.700146728319913,0.9941671353823593,1.088721186167198
3052,3368,4046,4230,27.39558198257837,7.219206267970881,8.969859203158142,8.053600560063034,0.9677666406826402,1.2424993649169302
3053,2394,2362,2519,0.49803554723638477,0.8453376110722716,1.2831655584211563,1.1180477771129986,0.893145370537502,1.5179326479908073
3054,2326,2323,854,0.03539643333409175,0.20703652605385078,0.37651646739516986,0.309679619242296,0.8067182609977427,1.8185992325684448
3055,3967,3800,4358,69.96580219516686,12.339435735126864,13.018530153362207,12.720744510638397,0.9980321425638371,1.0550344791133484
3056,3375,505,3781,49.80814879684595,9.869791535820912,11.346640357712538,10.78134907616708,0.9859939481414377,1.1496332335421298
3057,2303,2348,2343,0.0872444511471725,0.39312611480590764,0.5278421703245268,0.45921241975957,0.9419291525642207,1.3426789786914324
3058,2704,2894,2930,25.618299786903382,6.031467239480858,9.665360657584461,8.103247962934287,0.8701278888417359,1.602489124755054
3059,2148,2233,2356,0.043112859038878834,0.3025621546311983,0.3370960709938952,0.3166206137967651,0.9910112229692777,1.1141382550133916
3060,3369,516,517,44.284850736600816,7.881579230738264,12.109418302352623,10.574319177734454,0.8857327428688583,1.5364202969787741
3061,2478,2479,2480,0.11202574799490356,0.43745918419285673,0.5581877324922919,0.5171027109838048,0.9561831112063329,1.275976714312646
3062,2923,2894,501,21.367314371930593,6.367781959094709,7.618435941007822,7.081134882084606,0.9787190137208155,1.1964033928842177
3063,2484,2485,2480,0.10878843728548013,0.46677723203211796,0.545767983714843,0.5044227392536084,0.9833537579942319,1.1692258025072009
3064,2627,2611,2447,2.1314787726008784,1.749716479423131,2.6131024657782436,2.3095831331391485,0.896411753361195,1.4934433644013942
3065,2923,2930,2894,30.70081201073024,7.257186746151288,10.171441509418239,8.680514749102356,0.9235550132414765,1.4015681096827872
3066,500,2894,2704,18.132659302334293,6.031467239480858,6.994957140277124,6.507245847770505,0.9853301246234352,1.1597438670460547
3067,2371,2547,2466,0.6373129486867697,1.040616055353164,1.4399556492105743,1.2459464474284172,0.9321010825675384,1.3837530583956659
3068,522,3783,521,24.56206856587243,6.6804485531180875,10.935794447690498,8.368121089009305,0.7724794841570026,1.6369850558292578
3069,2704,532,533,22.118341394906757,6.481406472901962,7.790698411902503,7.207027113345865,0.9778528579531393,1.2020073797985893
3070,3784,524,525,19.567178697991682,5.410650147994926,10.127180345732738,7.6542379479358305,0.7250889409849576,1.8717122838714049
3071,3380,526,527,34.74698112958539,7.999999999999984,9.78108168049286,9.049360364159474,0.9730161128093181,1.22263521006161
3072,1782,1768,2485,0.0821994936526684,0.32992212617957545,0.5758788561902662,0.4686003274565951,0.8247749664768538,1.7454993481607761
3073,2379,2575,2545,2.2273333571004024,2.1226109436962646,3.648495175606474,2.679952876425278,0.6719762286960252,1.7188713675682226
3074,2601,2546,2626,1.8082150558519599,1.8459899924814784,2.1834983657348346,2.0592873454132965,0.9794249670394882,1.1828332627088944
3075,2431,2384,2344,0.20421892882447412,0.6496356743968787,0.7215175503215076,0.6886397570182398,0.992672700851907,1.110649520581461
3076,2538,2565,2540,0.8309868163044671,1.150458079127661,1.6895102803029407,1.4368041701289798,0.9080535636722213,1.4685544053756552
3077,3413,532,2704,30.785509599994832,7.34897645523313,9.326451117111521,8.554147761307169,0.9618125014263877,1.2690816433995038
3078,533,500,2704,8.81785267763754,2.7828280573705797,6.495313163553531,5.25318256460869,0.664462071536501,2.334069166203096
3079,2613,2379,11,7.56448382953801,3.79318315923067,5.717640511695224,4.503607890308609,0.8308270584341929,1.5073462766440393
3080,2371,1750,2262,0.14431243105289757,0.4571893705927131,0.8063243960288046,0.6321258404105854,0.7937030158892274,1.763655167624442
3081,2504,2611,2656,3.7953815893626777,2.596476690348689,3.585172182810401,3.0504116100935312,0.9254435487300847,1.380783504098755
3082,3413,3801,532,32.226606837810316,8.045485701577444,9.326451117111521,8.67491142756093,0.9853874888124722,1.1592154237851573
3083,500,501,2894,21.340917024802213,6.367781959094709,8.000000000000114,7.1209130331239825,0.9633572267751476,1.2563244236989315
3084,527,528,3380,37.05359627626058,7.80330337616892,10.955918411378457,9.513434489346745,0.9281312714753647,1.4040103124578676
3085,2579,1760,2544,0.4883387888540965,1.000000000000008,1.16017591091297,1.0686487990234363,0.9836222357056033,1.1601759109129606
3086,530,3381,529,33.67524454091524,7.4429500219043945,10.03203388610607,9.014658846387908,0.9422632791505339,1.347857214757868
3087,2520,2353,1765,0.21204302802449437,0.5495358065458819,0.8974997794615028,0.7413790496866309,0.8584155597831903,1.633196178976499
3088,2502,2539,2528,0.2936415668121244,0.7687276211985113,0.9992972526172446,0.8473602878908991,0.9295054642663106,1.299936707177577
3089,3380,3378,3784,37.574775588425204,7.985119732223357,11.055497619097304,9.567300029059165,0.9319761500800026,1.384512441871556
3090,3413,4474,3801,36.13201457449729,8.045485701577444,10.724250218796058,9.337946434283205,0.9439544041643058,1.3329524924385112
3091,791,2205,1750,0.05426475072862637,0.439189628938384,0.9081242918824498,0.6157713069402863,0.2965951135671495,2.0677270865379542
3092,3377,521,3783,45.12582328313448,8.95769130645011,11.12006154147284,10.337849098537816,0.9664694173458198,1.241398163996306
3093,551,552,3379,34.43486072942915,7.411710736551324,10.14685489151816,9.14367990414931,0.9342642081793778,1.3690300731082634
3094,2423,2554,2520,0.47202850958856324,1.0089495106192212,1.1030423244807341,1.0465336667688427,0.9938150330916301,1.0932581986226104
3095,511,3368,3366,59.975812196253216,10.805032824397127,12.634838391476048,11.841178484116915,0.9837164885664683,1.1693475250669603
3096,3752,607,3340,50.49830003893376,10.187698695460341,11.286315995611789,10.828500690466504,0.9927345762763828,1.1078376317353196
3097,969,3331,963,56.78143891157571,9.67307068608073,13.856799096813113,11.831841273409607,0.917522550617615,1.4325129575195443
3098,1468,2543,3121,23.02259136231889,6.461791172160161,8.892775355969354,7.523728999949392,0.9224442351837236,1.3762090292058327
3099,2591,2546,2601,1.6361338910162595,1.8001466146980898,2.1483736780235763,1.9602438905139756,0.9780827060526152,1.1934437231291237
3100,2597,2515,2570,2.542354927091722,2.074691230665452,3.2536718599747445,2.593353927235744,0.8427102769446159,1.5682679966460056
3101,2554,2557,2370,0.3783137050606167,0.9095666589673901,0.988675295410024,0.9369390572290767,0.993725454264692,1.0869739844383084
3102,2565,2553,2561,1.0059466734948086,1.2246022051533714,1.7619631436539227,1.5771587578137771,0.9111666116069648,1.4388044838064384
3103,1754,2646,2423,0.9757416205165684,1.1774017023863617,1.9592348023338664,1.5997955930960064,0.8461154733368983,1.6640325883365743
3104,2375,2557,2398,0.38473700408561123,0.8992912887993812,0.9904634860994345,0.9448169386430335,0.9937897113805739,1.1013822756159182
3105,2459,2555,2488,0.641500544551566,1.0536141895197868,1.502941498764845,1.26215195014591,0.910450440221329,1.426462849223634
3106,2555,2548,2559,0.704394825181447,1.232323723981193,1.346293470613273,1.2783492497926157,0.9939803183626704,1.0924836099591468
3107,1749,2617,2564,0.7792513222378946,1.0000000000000433,1.6420542951868589,1.4245500242597966,0.8490770547711556,1.6420542951867878
3108,2548,2563,2559,0.9870338357391597,1.346293470613273,1.7110090802433737,1.5318072469115875,0.9623553682976547,1.2709034973362554
3109,2423,2558,2554,0.7103770224417401,1.0089495106192212,1.5613600652239816,1.3392111184974853,0.8866901860314943,1.5475106026521885
3110,2398,2557,2561,0.6011891982995666,0.9904634860994345,1.4300595179894267,1.218977458190687,0.9144560360931048,1.4438286095948623
3111,2558,2646,2643,1.7972023834783264,1.5741192087174698,2.459001357211278,2.1368293846693174,0.8783167553750021,1.5621443049505606
3112,2538,2553,2565,0.7400227387896037,1.0068221658253005,1.7619631436539227,1.4130764868118535,0.8163522951020508,1.750024188442084
3113,2556,2465,2560,0.2076895675342729,0.6559354568089899,0.7601233692254077,0.6972308601988623,0.9825169335154464,1.1588386651992768
3114,2559,2576,2525,1.2150111437712199,1.4433345576607384,2.0222103245329306,1.7266324309916676,0.9238648706233947,1.4010683204387457
3115,2617,2567,2564,1.390178140169624,1.6420542951868589,1.9014588235267864,1.8021472078943976,0.9845688129181535,1.157975609637444
3116,2556,2560,2566,0.20692674080485957,0.6559354568089899,0.7482077248552665,0.6947343958512432,0.9869765239950999,1.140672785848725
3117,2554,2562,2557,0.4671153573333258,0.9125752173098162,1.1318303779047463,1.0515736987278614,0.9670224128863316,1.2402598234491544
3118,2561,2562,2577,0.9246884006354785,1.0524116477253374,1.9601932857094622,1.593158238036456,0.7936846105178962,1.862572777435699
3119,2558,2577,2562,1.01530700930789,1.1662820473510542,1.9444088050690076,1.625853544364877,0.8513192068070821,1.667185745922517
3120,2561,2557,2562,0.5554241408548719,1.0524116477253374,1.2364093704832,1.1402171320377612,0.982327940210777,1.1748343655788605
3121,2567,8,2564,1.1914802784259564,1.370257989119554,1.8755127530599152,1.7028997490496725,0.931100413752754,1.368729661094702
3122,2567,2568,2563,1.3986001657039866,1.7266772780938557,1.887909714197808,1.8009384263448371,0.9944996764246687,1.0933772848866945
3123,2617,2568,2567,1.411757841506302,1.7266772780938557,1.9014588235267864,1.8099358878196024,0.993697512748493,1.1012242111773654
3124,2560,2567,2566,0.3798466758360723,0.6800600058894729,1.2077848883758027,1.0088572876575956,0.8178111421318186,1.7759975265654697
3125,2561,2577,2565,1.6075986813935792,1.7449109246340377,2.133893683009149,1.9463326311175495,0.9735324711417532,1.222924134913473
3126,2666,2668,2661,2.344547116361527,2.1641080428517063,2.446659840154368,2.336304283281795,0.9892142617843147,1.1305627037596215
3127,2560,8,2567,0.4392380299475314,0.7714799711192456,1.370257989119554,1.0934883096487702,0.8073061415138459,1.776142013293767
3128,2548,2566,2563,0.6752263731510388,1.0299437193453453,1.7110090802433737,1.3513245135577332,0.8189445104581045,1.661264638159965
3129,8,90,2564,1.0242628030768333,1.302717410126879,1.8755127530599152,1.5918553165769422,0.9137531980417867,1.4396927057858606
3130,2563,2566,2567,0.7929144457944306,1.2077848883758027,1.7882282867428472,1.4363446387343768,0.8609745533713714,1.4805850809638872
3131,2568,2617,2636,2.210087658331393,1.801671561838165,2.7407783919595907,2.3544731256078046,0.8947455891323471,1.5212419677442748
3132,2424,2497,2569,1.5232387552555549,1.4244846977805694,2.266633315415749,1.9777831735520388,0.8654234995154954,1.5911952714882067
3133,2497,154,2644,2.655332198075649,1.887525946820605,3.011443511480943,2.60929448487354,0.8673554340808814,1.5954448290120156
3134,2621,2633,2526,2.584549115092047,1.7744742782080334,3.242056843782734,2.6502260975269043,0.8040932669994606,1.8270520365371261
3135,2573,2551,2597,2.4794116401794857,2.093583960074157,2.8817985263386334,2.462239291016625,0.9284132046551498,1.3764905450634792
3136,2743,2744,2659,2.292568318516143,1.9999999999999887,2.6058846602609402,2.340500792757027,0.9553427422920987,1.3029423301304774
3137,2547,2578,2581,1.5611734882968142,1.8388505501544214,1.9647149582327779,1.9008749243770258,0.9970708531117155,1.0684473287227103
3138,2579,2582,1760,0.6796847198079505,1.16017591091297,1.3263864525751115,1.2586968717935638,0.9875847274040906,1.1432632242220462
3139,2551,2513,2597,1.597314658845245,1.3742578513017984,2.4375745545628114,2.0743892641672317,0.8110375672643259,1.7737388600354445
3140,2580,2622,2552,1.870627910945338,2.03058692747741,2.14773375346504,2.0802615364066686,0.9977127697334731,1.057691116003175
3141,2646,2575,2647,1.9910599291889526,1.812945577814045,2.4159003701467836,2.189627177830842,0.9448839812637405,1.3325829521367927
3142,2643,2646,2647,2.57819203147176,2.3400355855316977,2.532751687156147,2.4439295432997077,0.9958161470344906,1.0823560559574399
3143,2568,2636,2671,2.7042626086909793,2.151601746421835,3.1878817278723703,2.6201509657732878,0.8859622901789571,1.4816318741021166
3144,2545,2575,1754,1.323842712340408,1.333182922581296,2.268752509973096,1.867311810851464,0.8395583408972911,1.7017563543196002
3145,2721,2710,2654,5.390452387517236,2.7877765615798342,4.597179900256687,3.7546468968988838,0.8496976670945382,1.6490489100214913
3146,2578,2648,2584,3.4171128659120438,2.190385557572071,3.7226379338882003,3.0124060744515435,0.8331259436521561,1.6995354635256779
3147,2542,2582,2598,1.1614574177909514,1.4618041735598768,1.7597248411949966,1.6534378472766675,0.9745591925744472,1.203803404740325
3148,2466,2581,2572,0.6031106920284307,0.9893642312828499,1.4221750575165566,1.2191827143340273,0.9175469329285258,1.4374635877754611
3149,2582,2579,2599,0.6606282441016161,1.1453116041565437,1.28952825189261,1.240396899361749,0.9886908803061029,1.1259191360784941
3150,2705,2583,2620,3.5178341110943783,2.664309913083951,2.97324650321004,2.8600074932986117,0.990869604123121,1.1159536991582535
3151,2581,2578,2584,1.8934591774618668,1.9647149582327779,2.190385557572071,2.0975616169477194,0.9917676543465694,1.1148617505015992
3152,2579,2572,2581,0.59031050951837,0.9574804126077968,1.4581059344938936,1.2205317337681219,0.8899789411937441,1.5228571940417992
3153,2581,2584,2599,1.2339894792655481,1.410799863699721,2.1375843350383095,1.7690704787709237,0.885656750313022,1.5151577413912194
3154,790,2542,2598,1.1834655043649822,1.5459378540586657,1.7387845270751292,1.6591322667413257,0.9904387036388818,1.1247441302444137
3155,133,2620,2550,5.225334982162506,3.1960465968762506,3.9999999999999774,3.5284813176897636,0.9602006100609618,1.2515462083404836
3156,2578,2569,2648,3.74614912469373,2.4172755445101473,3.70239738529834,3.0812892205676157,0.8854555099699826,1.5316406082487457
3157,2634,2637,2625,1.0493954365082265,1.4320892562291627,1.839833159039669,1.5906519103179482,0.9459351231146987,1.2847196157899667
3158,1670,1671,2585,25.29984104072476,6.8591791180254695,11.432289841342008,8.634281953609815,0.7437349215298746,1.6667139966207773
3159,1671,1672,2585,14.146990066098965,3.754566179279201,8.0,6.455314360247056,0.7205274423623008,2.1307388438511516
3160,1250,1251,2586,14.146990066098851,3.7545661792791742,8.0,6.4553143602470415,0.7205274423622972,2.1307388438511667
3161,1249,1250,2586,25.299841040725035,6.859179118025546,11.432289841342033,8.634281953609843,0.7437349215298782,1.6667139966207623
3162,1506,1507,2587,25.299841040724765,6.85917911802546,11.432289841342014,8.634281953609817,0.7437349215298741,1.6667139966207805
3163,1507,1508,2587,14.146990066099079,3.7545661792792275,8.0,6.455314360247068,0.7205274423623046,2.1307388438511365
3164,1730,1731,2588,12.297279182652296,3.074407163146062,8.548750704856786,6.541052622667617,0.5814252130091223,2.7806176121801616
3165,3597,3204,1742,45.977559817653535,9.533956583939736,11.73857453397188,10.442614769971309,0.9658644252255716,1.2312385136875803
3166,540,2682,2600,2.4898281006783227,2.000000000000032,2.691304261407949,2.455477510060096,0.9375309561607397,1.345652130703953
3167,541,2762,2589,6.156768160308074,3.4757941407012436,4.13218101468241,3.7995578557620697,0.9800089819982928,1.1888451523336592
3168,2681,2633,2590,5.551165953733589,3.3607150799335517,4.144299126526471,3.6394244114541245,0.9586153010001568,1.2331599162546123
3169,2526,2633,2570,4.22067110706429,2.69080164882042,3.6534992072118992,3.195452566605018,0.9402645967906287,1.3577735128910382
3170,2463,2626,2546,1.2605330383323903,1.6017587109191422,1.8459899924814784,1.7152569410356688,0.9860713792437769,1.1524769491793108
3171,2601,2602,2591,1.7148218598186893,1.8252675404437502,2.328261664161806,2.0285801944752726,0.9515282749866396,1.2755728201881957
3172,2592,852,2593,2.8434926889238796,2.436763449225302,2.845621494654128,2.584110539790441,0.978361202110667,1.167787335105839
3173,2708,855,2662,6.527625625943898,3.263047263559047,4.7748901608700525,4.03081410588845,0.9065601461723427,1.4633224024043157
3174,852,2530,2593,3.669951208721757,2.843749786765621,3.061005190005479,2.9167921571417423,0.9949887158388543,1.0763975101645482
3175,2594,2524,2268,0.9265535574183356,1.349086963413344,1.7930401136514111,1.5099089688841947,0.922259407586174,1.3290767476655583
3176,2603,2537,2540,0.9919340734761333,1.1990730732486197,1.7798285229126058,1.573411325161479,0.899777032379674,1.4843369954848202
3177,2607,2594,2603,1.3430789087913595,1.634902779865365,2.0147888921859396,1.78608666476872,0.9641129440662107,1.2323600626282245
3178,2654,2683,2565,2.17151671879419,1.8310946741294059,2.9132410492353262,2.3734197469138056,0.8604404135175654,1.5909833010794088
3179,2651,2529,2518,2.1599145487631644,1.9999999999999887,2.486971100759673,2.259698015276468,0.9692641738321864,1.2434855503798437
3180,2519,2434,2608,0.5611469570911193,1.0221611969140807,1.304610991648771,1.1565766216542719,0.9591837468903113,1.276326078105303
3181,2706,2570,2633,8.628898535254502,3.6534992072118992,5.308484237852963,4.614483226380936,0.9147141005883166,1.4529862843200219
3182,2580,2619,2660,4.425037570733677,2.760351435324856,3.8863055372066855,3.3006747256544258,0.9200858122983648,1.407902445852631
3183,2582,2606,2598,1.0578718215180802,1.2868921078349993,1.7714048178189348,1.6060072556163103,0.9288460921890466,1.3764983148424577
3184,2634,790,2598,1.1909684045536486,1.4320892562291307,2.0040313864858,1.7095983539350377,0.9237702461747281,1.3993760359341458
3185,2581,2599,2579,0.7525075293031767,1.1453116041565437,1.4581059344938936,1.3380724674500526,0.9604576068481098,1.2731084965891923
3186,2584,2605,2606,1.5884505455113902,1.637643672778086,2.516294910656435,2.031392163668279,0.8612449220448987,1.5365338336317154
3187,545,540,2600,1.2869428495934274,1.290193565117188,2.3018435835683064,1.8640123828951756,0.8132932450250712,1.7841071648495088
3188,2655,2595,2609,2.758115769233827,1.9944435264167324,3.3471942162233046,2.7031977716693554,0.8365236393963533,1.6782597109866322
3189,2616,1749,2615,0.7129255742594054,0.9999999999999943,1.5432645151561017,1.3422573634430854,0.8847879227950585,1.5432645151561104
3190,2668,2601,2626,2.317099521358729,2.1834983657348346,2.4882347506399323,2.3237071449248172,0.9881308881050486,1.1395633675239971
3191,2834,2726,7,8.900974759030145,4.0000000000000355,4.882321929372269,4.586153323861112,0.9694087152805774,1.2205804823430564
3192,2577,2654,2565,2.9042210556188848,2.133893683009149,2.934266756753535,2.660467162999337,0.9293609554672698,1.3750763592943982
3193,2664,2603,2683,1.9472279828398644,1.7977091271017962,2.603536664474923,2.1987543784284918,0.9098025668478316,1.4482524593243034
3194,2651,2604,2596,2.2246619885281946,1.9539549103244678,2.7623724483960483,2.3421968285207138,0.9182026576643086,1.413733978097446
3195,2635,794,795,8.314584512485412,3.7052419893988597,6.8031117281865905,5.0706313165162635,0.7013517424656953,1.8360775754056298
3196,2680,2584,2648,4.842724335951741,2.767351652020554,3.807394245893183,3.4324612772673126,0.9316587409924836,1.3758259609375094
3197,789,2625,2637,2.0987908730164473,1.5000333156850123,3.5050828185839764,2.623098215575761,0.639461120785997,2.336669980548618
3198,2584,2606,2599,1.0087149757316802,1.1633130694653793,1.9402379075703142,1.620792738203478,0.8510939468878597,1.6678553336136628
3199,2605,2598,2606,1.410004377918826,1.637643672778086,2.1116227899740654,1.8402237601903622,0.9503920127820534,1.2894275018886892
3200,2609,2607,2603,1.285889116934832,1.6349000077319775,1.9721262845187668,1.7473096907053698,0.9646796965101281,1.206267218295881
3201,2595,2549,2607,1.284586606417621,1.4241733069510685,2.1281245444974073,1.7934219874743071,0.8990999870955891,1.4942876222370631
3202,2433,2596,2608,0.5921328588816254,0.9594327620023893,1.353669183019229,1.2039282091863646,0.9240701015598439,1.4109057316263063
3203,2596,2604,2608,1.0960485785653018,1.2986826825374755,1.9539549103244678,1.6565361444740965,0.8983901188102571,1.5045668480822938
3204,2683,2603,2540,1.3580554168126315,1.736974437670646,1.7977091271017962,1.771504029228349,0.9991776304417019,1.0349657934589975
3205,3024,2898,2933,32.33969746398663,7.87256486849214,10.12421676596085,8.814104478855382,0.9501787449811718,1.2860124921269753
3206,2610,1509,1510,16.52490741506144,4.2115859217961695,8.284731790998972,6.832105904265052,0.7613532700147182,1.9671287597679297
3207,3599,1564,1565,26.355334503489132,7.517169157493158,8.05311553191189,7.810950483164819,0.9968045481817602,1.07129630359382
3208,2752,2571,2677,7.215586108342997,3.317087129676082,4.688502814704484,4.2101766226409865,0.9193722802402663,1.4134397534388319
3209,2752,2745,2657,10.34163964211576,4.2102109860381365,5.4388840418471975,4.969280737272755,0.9558071072408488,1.2918317062692524
3210,2658,2533,2407,2.1448519863686184,2.1418074362355823,2.4198764686414314,2.2374670824072154,0.9861464174591609,1.1298291469631743
3211,2685,2694,2658,3.3112864954614007,2.6486516386344197,2.894364590301815,2.7708066088825696,0.9947519377154909,1.0927690709051037
3212,11,86,2613,6.809282453437619,3.6491540245441305,4.769855731024879,4.070730971599893,0.9349930849403781,1.3071127441985
3213,2780,2613,86,9.590378606007462,3.6491540245441305,5.662265028843423,4.929868459420971,0.8813605300189601,1.5516651231378977
3214,2616,2615,2618,0.7758296291652157,1.2094122395360936,1.4835075751731597,1.3524792852106902,0.9728024547332089,1.226635159358238
3215,2564,90,2615,0.27697090443066863,0.5608045140229972,1.302717410126879,0.964189105482676,0.6249487810093757,2.3229438735820476
3216,2629,2616,2602,2.9321927711478946,2.082628545834131,3.1694079212975215,2.7123541234681334,0.8946952468875176,1.5218306344822117
3217,2630,1749,2616,1.5194700030430908,1.5432645151561017,2.302572719635903,1.9486124115973287,0.9010306100947416,1.49201429633273
3218,1749,2631,2617,1.573364878119468,1.6315957775924872,2.221280589793202,1.9509587891285591,0.9400147397817445,1.3614159954929697
3219,2617,2631,2636,3.0159030251430314,2.221280589793202,3.2855545186326593,2.7492045001284837,0.8990555045141637,1.479126290361426
3220,2591,2618,90,0.5255950627123606,0.8931081989798095,1.2922022511516733,1.138689567527192,0.9144277475862866,1.4468596891482417
3221,2602,2616,2618,1.0767259657100545,1.3645180409228173,2.082628545834131,1.675111387703349,0.8584394515337771,1.5262741007261866
3222,2817,2800,2770,21.146392527498897,6.89455089050276,7.159135568027439,6.991333829861524,0.9988252620160428,1.0383759118942968
3223,2620,2784,2719,6.974602128914689,3.849717305331924,4.155723325222909,4.0193199802537745,0.9960462067952808,1.0794879196628702
3224,2632,2791,2737,7.1659765870077266,3.6286731583424086,4.841332146516756,4.168561225607763,0.938646769822603,1.3341879897301894
3225,2633,2621,2590,2.7679561950808447,1.8929140782537772,3.3607150799335517,2.729258776259092,0.8165013774054157,1.7754187147436868
3226,2526,2468,2621,1.3632860458821094,1.6620059272334557,1.913871971693978,1.7834507257118224,0.9865461913431733,1.1515434092824048
3227,2660,2623,2622,4.136165632067192,2.563904677044383,3.904350469148375,3.2384418922570397,0.8855156624593199,1.5228142076051088
3228,2622,2580,2660,3.2954057005689363,2.14773375346504,3.2553672044317343,2.8833904961583783,0.8865246936581676,1.5157219553772423
3229,2637,2598,2605,2.218056967268375,2.1116227899740654,2.490391585140537,2.280314590436024,0.9804350996755788,1.179373322245269
3230,2638,789,2707,5.35421523872329,3.0010504943540672,4.04990533452321,3.5935433594489474,0.9434511598774578,1.3494958989001928
3231,2661,2506,2527,1.4097930616533516,1.6248584004135007,2.052138358254989,1.8304102160138331,0.962974187070761,1.2629644267665123
3232,2626,2506,2661,1.456286646101541,1.748605420698685,1.9581581354648199,1.8403324818455051,0.990769437526017,1.1198399091559517
3233,2519,2604,2627,1.7435266240833454,1.607129999539131,2.332550165204282,2.07856723827097,0.9085497365681643,1.4513761586636902
3234,2611,2635,795,5.447392980490283,3.174290424148351,3.8655193454676695,3.5816839196716272,0.9740230870329007,1.217758563003816
3235,2742,2614,149,1.6300830222595026,1.7219064321012902,2.302279066853352,1.9872835657551724,0.9395631614669768,1.3370523647117207
3236,2601,2668,2711,3.9530105333958216,2.4882347506399323,3.585879362126098,3.119031523156074,0.918178913382291,1.441133864561561
3237,2711,2915,2629,11.925775643595378,4.807787709583906,5.54260960131007,5.277990275742078,0.9847359965490774,1.1528399205857947
3238,2629,2630,2616,3.3132254860993386,2.302572719635903,3.562092816930839,2.9165638132798297,0.872347155512399,1.5470055675349523
3239,91,2631,7,5.259465362003951,3.1374000340002453,3.8132173976421493,3.5180635753465044,0.9750866930070743,1.2154068197609547
3240,2631,91,2636,6.152543481553617,3.2855545186326593,4.541391465304988,3.8800544605265994,0.927465629156798,1.3822298304746947
3241,7,2631,2630,1.6819317498412234,1.1216090280460118,3.603573294397118,2.616556523127692,0.4854071275417933,3.2128604569767147
3242,2736,2712,2837,27.291023838178145,7.415172870343072,9.240537004259181,8.080133176056,0.9554215359688374,1.2461660929331315
3243,2531,2649,2590,2.485854246590536,2.3387322300102054,2.4358343048304083,2.3970929496972957,0.9987849191381873,1.0415191074780628
3244,2637,2634,2598,1.7441733194822224,1.839833159039669,2.2389293961934684,2.0275979805729794,0.973421358545795,1.2169197979680473
3245,2625,2638,2634,1.021295412743018,1.4320892562291627,2.185422794565681,1.6870846426992825,0.7940152396983925,1.5260381188251648
3246,2627,2604,2635,2.157691321999662,1.972968224341882,2.477034395075608,2.2608509282072573,0.9663736403063866,1.255486208300119
3247,794,2635,2604,5.432650266019648,2.477034395075608,4.703540231963342,3.8785531927759913,0.7823951500532068,1.8988594753928612
3248,789,2638,2625,2.042590825486026,1.443741877303004,3.0010504943540672,2.436323628038455,0.7334574458765276,2.078661387837699
3249,790,2638,152,6.32191927575201,3.4013988665473534,5.435887990545263,4.199066955090588,0.7926751860617968,1.5981330634307678
3250,2849,308,309,20.750251249131686,5.9147755959839685,10.55037067433951,7.917113458177492,0.7210323122172193,1.7837313526320475
3251,2407,2686,2684,1.991711809970866,2.0,2.3024010148041976,2.1553102433086266,0.9869168769454513,1.1512005074020988
3252,2687,2686,2695,3.8188101217782804,1.922028102032254,4.204821105359807,3.37936195746452,0.7061972984528111,2.1877001178670823
3253,2619,2640,2736,10.599152046512877,3.705249702943001,6.384648909039678,5.292332103632613,0.8346269385865315,1.7231359343928931
3254,2642,2628,44,2.68492712228345,1.8547435238030965,3.2559656868711153,2.676278535824346,0.8246595871401402,1.7554802834382484
3255,2641,43,2765,7.044158369423425,3.6955866756059446,4.578054597380639,4.086207166386264,0.9664795033522691,1.2387896697430323
3256,87,2678,2647,3.3766321063444593,2.0051772628825137,3.525857431274193,3.0111887195287235,0.8145503139600935,1.7583769258412831
3257,2690,44,2665,3.777004252903005,2.3819845141804095,3.4649223277183263,3.0559968725149553,0.9114817846489671,1.4546367984724422
3258,2689,2739,2721,2.526321452581326,2.2312638737873036,2.6381555701564605,2.4326860476910994,0.9812846002325655,1.182359290243205
3259,2765,2642,2641,8.494848004675998,3.8844514235751024,5.053873679617848,4.505459900191196,0.9555903767791715,1.3010520993892243
3260,1758,155,2774,9.414610805782697,3.999999999999985,5.152303748967161,4.743534462557132,0.9545034357949779,1.2880759372417951
3261,2715,2648,2895,10.839281447882199,4.176197519216985,5.905909547787893,5.1493912829185104,0.9258051362446876,1.4141834816508438
3262,2647,2575,87,1.929397789665451,2.0,2.4159003701467836,2.140359211009766,0.9646359618748153,1.2079501850733918
3263,2558,2423,2646,1.1049844845299264,1.5613600652239816,1.6627502745677918,1.599409849503081,0.9967608687605516,1.064937109384353
3264,87,2613,2678,6.327445506894584,3.502531464429463,4.69021278052512,3.9472994231661986,0.9213083170262268,1.3390922617419287
3265,2689,2577,2643,2.512568062953159,2.3443289423304465,2.52689830270417,2.413061398015107,0.9953837078028893,1.077877023602428
3266,2679,2569,2644,6.452564531879963,3.335447529335804,4.406532093749978,3.9336027734139702,0.9508229822205984,1.3211216950630496
3267,2590,2649,2681,3.8825996659936015,2.4358343048304083,3.4132590279023507,3.0870310489763426,0.9204140361222126,1.40126897019787
3268,855,2592,2650,2.050068627356086,1.9215136912094226,2.4367634492254324,2.2061096030705283,0.963727958584512,1.2681478463427995
3269,2604,2651,794,5.358958213965217,2.7623724483960483,4.455084951289025,3.713166184537144,0.8662431266919381,1.6127749007473042
3270,2600,2652,545,3.178659688864865,2.3018435835683064,3.2379989846516852,2.789530314431776,0.9258968720969425,1.406698095285934
3271,2692,2777,2840,14.260224177078547,4.613643090117598,6.790015820186775,5.9478232235078,0.9075570481777103,1.4717254212253559
3272,541,2589,2653,6.200012664099554,3.271253043985859,4.989547373059085,4.017166276315834,0.8596822684039384,1.5252709912589244
3273,2558,2643,2577,2.1821178088836732,1.9444088050690076,2.52689830270417,2.2828915652841277,0.9557674982930502,1.2995715181481549
3274,2710,2655,2664,7.525075581638065,3.3406290187349437,5.4091380694326645,4.422764025151466,0.8569852919403884,1.6191974742173079
3275,2664,2609,2603,2.1288700491325843,1.9721262845187668,2.603536664474923,2.2652230120634473,0.9457000625214246,1.3201673163188083
3276,2602,2601,2711,3.671937791540721,2.328261664161806,3.458261338934787,3.023167819932928,0.9034600831498549,1.485340497662573
3277,2677,2714,2752,9.570283244460924,4.295815324356565,5.402877381099972,4.77454420966631,0.9604503790517475,1.2577070877480574
3278,2659,2744,2746,3.6149568423844656,2.4156177180101523,3.7076598212597376,3.0416277143835155,0.8759624326227022,1.5348702709110345
3279,489,2685,2684,2.3014675071634656,2.0,2.792004136295968,2.3771200022641126,0.9233930913498015,1.396002068147984
3280,2658,2684,2685,2.99261232493677,2.474701644008697,2.792004136295968,2.638452472979695,0.9903813488335892,1.1282184836525513
3281,2741,2690,2665,4.373484817838302,2.6905515133245204,3.823157095178512,3.2782641280497207,0.9213991762098601,1.4209566612067994
3282,2776,2641,2690,10.897420677537752,4.8487374294518775,5.277757995897923,5.026856618163744,0.9946212084842114,1.0884808824334593
3283,2655,2666,2595,3.4942765713253214,2.3601737808573255,3.3471942162233046,2.924804642092086,0.9246839531822544,1.418198203611705
3284,2661,2595,2666,2.2156739841330655,2.1641080428517063,2.3601737808573255,2.2662964548473306,0.9950100086136082,1.090598867581148
3285,2791,2632,2705,4.819585715811212,3.1960265506275585,3.6286731583424086,3.3542327537700665,0.9859619372033538,1.135370154428128
3286,2688,789,2696,4.992097013724969,2.795976371725868,4.018401093770659,3.50343476437841,0.9192385051173985,1.4372085309470004
3287,789,2637,2696,4.102357443829723,2.3529606427585907,4.018401093770659,3.292148185037742,0.8366888508351298,1.7078063358762856
3288,2714,2624,2730,7.328685069900207,3.9319386526547007,4.3275964554863675,4.1235939345396195,0.9938156416842518,1.1006266470013548
3289,2654,2689,2721,2.601756210094117,2.2312638737873036,2.7877765615798342,2.4850091923187043,0.964741774386258,1.2494159002574254
3290,2655,2609,2664,3.0515634638982228,2.2200060871966527,3.3406290187349437,2.776196892766542,0.8901904577308402,1.504783720189423
3291,2614,2665,2628,2.692727743843739,2.210086408110974,2.7158552910854614,2.5213566523836834,0.9706396766817922,1.2288457506088113
3292,2742,2743,2741,2.0421052792402326,1.9684659181864816,2.525674134844413,2.2117184369750476,0.9535165417255974,1.283067241098733
3293,2667,2666,2655,4.492249138917127,2.932202884268459,4.148915577973512,3.3827214638125334,0.8837282047355843,1.4149483312470736
3294,2668,2626,2661,2.087647119377287,1.9581581354648199,2.39814496683931,2.218563806901271,0.9724981654271881,1.2246942284209585
3295,2655,2710,2735,13.577380787279559,5.243808833578581,6.353400662028482,5.668782521679909,0.9685431508736371,1.2116003583778001
3296,2629,2602,2711,5.473288898779705,3.1694079212975215,4.807787709583906,3.8118189899387382,0.8404353684306917,1.516935600897864
3297,2666,2667,2668,3.4668355654675924,2.446659840154368,3.301591090429578,2.893484604950802,0.9424935672138107,1.3494279164778662
3298,2711,2668,2667,5.863697937451952,3.301591090429578,4.529232451385544,3.805567634647074,0.9176000792730403,1.3718332547342302
3299,2722,2669,2713,3.9379848296616986,2.3760951911672428,3.5277731890995576,3.139496177208516,0.8961879979907492,1.4846935435135322
3300,2824,2829,2713,5.387834615363257,3.232161514591566,4.0193677262800085,3.5761557967817432,0.9647654316941721,1.2435541070997247
3301,2803,2906,151,28.96503008337092,7.768479837886297,8.54993129090181,8.197628009688684,0.9938495136696187,1.1005925830179069
3302,2707,789,2818,5.363692821844808,3.0134704134859973,4.035466575416818,3.592870412790793,0.9461328681673886,1.3391425903360936
3303,2660,2731,2623,6.306271071243828,3.4359056742545393,4.231935285708884,3.857397143037266,0.9718063533363317,1.2316797045445822
3304,3384,3019,316,41.134905762550005,8.70220160999764,10.67105196446937,9.848278721353601,0.9724638385038415,1.2262473845940078
3305,2673,755,2875,14.409101333496896,4.946921102149374,6.834236716806931,5.922109998198404,0.9329733706744945,1.381513182783033
3306,334,4065,3437,42.38568804068601,8.98779818501571,11.88720820557787,10.156102664999375,0.9348619580786982,1.322594028134277
3307,2772,754,2802,10.471806945987808,4.45160642848713,6.447945389078835,5.2014913895194015,0.8685693014762518,1.4484536071779726
3308,2600,2682,2653,4.118639724802756,2.675128268772308,3.84621621552009,3.20758314487099,0.9039029613957067,1.4377688952033794
3309,2676,2777,2692,8.827850789606495,4.06181864382913,5.022084488668158,4.565848740871629,0.9707285194457419,1.2364127818207493
3310,2844,454,2795,9.455340236066831,3.8017891875464844,5.716588022572273,4.863006538251772,0.8992938939000221,1.5036572888623314
3311,2899,2752,2850,26.114811096813778,6.882769918116399,8.532849313803695,7.856184286817822,0.9693352544329028,1.2397406008508376
3312,2931,2933,2925,25.249976325536903,6.511659492145715,9.673656559839591,7.991617165857915,0.8895482865245368,1.4855900514312579
3313,2647,2678,2691,3.960049425648137,2.5238308978068296,3.525857431274193,3.1062936693459555,0.930381307773121,1.3970260187947257
3314,2648,2679,2895,11.771670781527844,4.619181464882179,5.905909547787893,5.2926538704994215,0.9609602003593369,1.2785619254597813
3315,540,2676,2682,3.4777593365533743,2.642524203436771,3.355631209232274,2.8964865580256642,0.9453946083571716,1.2698582684192872
3316,2692,2682,2676,4.94448118574421,2.642524203436771,4.06181864382913,3.531569207190062,0.8870974469961675,1.5370979908325821
3317,2565,2683,2540,1.3253519290872686,1.6895102803029407,1.8310946741294059,1.7525264640343308,0.9954332830924437,1.0838020315573802
3318,2664,2683,2654,2.527345078816483,2.1950173437087566,2.80986706404391,2.4602693083764504,0.9537812010218685,1.2801115545156867
3319,2658,2407,2684,2.2328176309815717,2.0,2.474701644008697,2.2981927042167096,0.9680514635172035,1.2373508220043485
3320,2639,2686,2407,2.6053592903361418,2.163529715121683,2.650457704544364,2.4813885957749062,0.9692236896661327,1.225061845011588
3321,2717,2693,490,6.1915439268804535,3.2949249188862644,4.964231446239242,4.005913647957345,0.8643722905329129,1.5066296102180163
3322,2685,2717,2694,4.161380915362158,2.894364590301815,3.3371987853243827,3.1159001635545494,0.9865298217294359,1.1529987605937337
3323,2639,383,2695,12.268440892870554,4.97045211291625,5.920253386506282,5.370855492198643,0.976737376349963,1.191089512988541
3324,489,2684,2687,2.1672144058784397,2.0,2.4974027034834694,2.2645553452898226,0.9680884180461778,1.2487013517417347
3325,2686,2639,2695,5.300915391137891,2.650457704544364,4.97045211291625,3.8773821608207037,0.7679957788785096,1.8753184042115145
3326,489,2698,2693,6.472092550451496,3.452462617803218,5.2795151904996835,4.163520795683175,0.8316059233187044,1.5292027097628673
3327,2637,2605,2696,2.6050618053254704,2.3529606427585907,2.524870545100972,2.4560742576667,0.9964088726680101,1.0730611040484024
3328,2691,2643,2647,2.926399467756555,2.5238308978068296,2.7648407120842036,2.607141099015727,0.992451505235474,1.0954936459834959
3329,2691,2739,2643,3.2908391705578652,2.5593405622642584,2.999500042559948,2.77456043896947,0.9830987625687584,1.1719815982232074
3330,2659,2751,2741,4.781265017070017,2.994148787348503,3.7890823809237153,3.372254623501503,0.9619876485847499,1.2654956884354347
3331,2741,2751,2690,6.248650996087012,3.333532702232293,4.553225963679425,3.903305253696743,0.9317938869044997,1.3658860945417954
3332,2749,2721,2739,3.8204179958732247,2.6381555701564605,3.2851351321909763,3.0057018961055655,0.9687071116898212,1.2452393518234202
3333,2710,2721,2749,5.999757038619337,3.0938149859692596,4.925323625358503,3.9660409467292985,0.8504514771855052,1.5919903574374379
3334,2676,2795,2777,8.150519041520202,3.3709930705682263,5.238868946303577,4.54398216851332,0.8818968813037331,1.5541025557256618
3335,2910,3032,2827,43.55245742708411,9.233859500818728,11.131306273616207,10.122349949770596,0.9758494163727107,1.2054879406199803
3336,2685,489,2693,4.056235144171871,2.339355870496369,3.758584578746623,3.226034282249845,0.8669009752781367,1.6066749938089238
3337,2687,2698,489,3.6864574878725387,2.4974027034834694,3.452462617803218,2.995228850480963,0.9330646841624309,1.3824212703011796
3338,2685,2693,2717,4.754141679460827,3.1161371150374517,3.5801623975065424,3.330408143810086,0.9866181885784656,1.1489104186814687
3339,384,2695,383,20.10831478050386,5.221860977173396,10.671193754851016,7.96435157734147,0.6791117860508711,2.0435614432284934
3340,2779,2693,2698,13.754630738211002,5.2795151904996835,5.867465202754366,5.654049527922299,0.9914506709340595,1.1113643944642264
3341,2605,2680,2696,3.321293904656352,2.524870545100972,3.2674574792525757,2.829303194682431,0.9462602943269988,1.2941089140559905
3342,2697,2864,2865,15.991754467965732,5.479743300017463,6.498996798517901,6.125688686821362,0.9787197018120259,1.1860038769511683
3343,2827,2695,384,41.33276249229769,7.7838966669949,12.578608273211415,10.344566231685777,0.8607600058088558,1.615978321827799
3344,2698,2827,2779,21.82622933735573,5.815168190512847,9.184728898357488,7.5082444393783865,0.8650902493136297,1.5794433793577818
3345,2828,1479,1480,22.040427641758026,6.725835631880214,8.0,7.206597791136272,0.9740822587479916,1.1894432807843673
3346,758,2700,757,22.00461906557081,6.012946084512391,7.999999999999903,7.2811186976312205,0.9441486243649466,1.3304626197473461
3347,776,777,2700,21.52482528652143,6.138053812164467,8.0,7.171971174468195,0.9552865243693331,1.3033447155750746
3348,2835,2734,2701,14.699816639323593,5.007743630765989,6.538917315483981,5.930464661526691,0.9533068092135509,1.305761196581819
3349,2835,2733,126,12.38988288297666,4.000000000000032,6.603337696685878,5.676987634541689,0.8505842069993917,1.6508344241714563
3350,1047,1048,3246,31.232008563163596,7.7054016281164985,9.89723077791607,8.652945690017527,0.952574820965493,1.28445358925896
3351,501,502,2923,26.739001509855445,7.618435941007822,7.999999999999886,7.863840228294428,0.9980744106437978,1.0500843036479728
3352,2704,2930,3413,40.52628071301995,8.987015711576854,10.56957132528995,9.740649231483756,0.9820666301330188,1.1760935625910263
3353,133,2784,2620,6.29351614877586,3.389397356193063,4.155723325222909,3.853134570307555,0.9717029453544482,1.2260950512720574
3354,2681,2781,2633,11.293596460800977,4.144299126526471,6.017475457737465,5.28006380002019,0.9137528562426074,1.4519886895280625
3355,2707,2803,151,20.609094661183033,5.634252676961411,8.274472900277944,7.144989289078154,0.9102869555821971,1.4686016717199166
3356,151,152,2707,17.091059841159367,4.638070435944186,7.999999999999963,6.721437575313085,0.832960402849991,1.7248552195329863
3357,2592,2708,2720,6.941326874388003,3.6615242484868626,4.590072218320541,4.064124753314297,0.9617174388516402,1.2535960181657693
3358,793,2709,156,8.309022778065673,3.140422358961152,5.749112956015408,4.752008424041363,0.802727300391268,1.8306814494586672
3359,794,2651,2709,6.019549773840192,3.2559510630547477,4.179379358361175,3.7857905251140935,0.9598127001995813,1.283612461435481
3360,2740,2760,2925,12.164513187739294,5.114207579045136,5.539121161026118,5.3090692874441885,0.9955988141237403,1.0830849306395025
3361,2664,2654,2710,6.089288796580518,2.80986706404391,4.597179900256687,3.9751906505291283,0.8532018231851767,1.636084482103758
3362,2836,2667,2735,12.44016637692288,5.083436145161061,6.078570285566482,5.424967617471446,0.9691444342880087,1.1957601338914607
3363,2870,2726,2834,9.215547140475229,4.302711398661396,4.882321929372269,4.631929397048984,0.9892407273735436,1.1347082053635282
3364,2619,2736,2660,11.199806692087359,3.8863055372066855,6.675003800331518,5.44946901215112,0.8330103584494599,1.717570514316595
3365,2829,2722,2713,6.094173213741927,3.4769381494736553,4.6670020600195325,3.8905711328642485,0.911616033930669,1.3422735347552937
3366,2722,0,2669,4.760402228080034,2.7474386931914174,4.083896857978122,3.4486519008427625,0.9016338563729804,1.4864378477665967
3367,2752,2714,2850,17.96686531199925,5.402877381099972,8.152933628533372,6.747360644532214,0.8868005724242813,1.5089984564620114
3368,2677,2624,2714,6.477329217100994,3.368769355332428,4.295815324356565,3.9252771250555942,0.9608450269258556,1.2751883169314382
3369,2680,2648,2715,6.633304217796168,3.7957058535995882,4.176197519216985,3.9264325395699182,0.9916412542887847,1.1002426637608298
3370,463,464,2716,22.745015168049132,6.069852412447231,9.218286417422068,7.605131879730003,0.882914175710842,1.5187002567835841
3371,3058,3012,799,17.48327702172621,5.513043496317323,7.748535924001346,6.564126649203243,0.919105655905326,1.4054915273527804
3372,2782,2718,2842,12.228689766105177,5.12873171685902,5.635280163063605,5.328397576720738,0.9929893805277684,1.0987668051614932
3373,494,378,2718,6.790862227013597,3.396336151949921,5.3068175054457924,4.234384552465251,0.8447156254700001,1.5625124451827352
3374,2819,134,2858,11.776398778794341,4.1649000118064965,6.63267947033441,5.498560727322743,0.8697549981907557,1.5925182961253208
3375,3393,340,341,33.21251910350731,7.531361438780242,9.750096499400536,8.908308691758329,0.9549237411379911,1.2945994663322962
3376,2739,2689,2643,2.7829688578645797,2.3443289423304465,2.999500042559948,2.590822561339976,0.9455553022291947,1.2794706358819297
3377,2723,2691,2678,5.843626140569121,3.2691926789568435,4.680352726403292,3.8443763961567217,0.8910636602429013,1.4316539849516399
3378,2829,2824,28,7.818956411476373,4.000000000000046,4.968687280793395,4.329351669024484,0.9529960919495507,1.2421718201983343
3379,2867,1,2831,11.2637379769966,4.268574615594804,6.2063216306547,5.282271382755456,0.9116882177907003,1.453956458434751
3380,2678,2613,2780,11.950018558170676,4.69021278052512,5.662265028843423,5.303788309890472,0.9744774535454137,1.2072512045411874
3381,2760,2755,2757,9.856214267159736,4.299393828439934,5.487389179070992,4.849411984567323,0.9581604634055505,1.2763169409540067
3382,3008,1673,1674,27.884716707524092,7.362019520168587,8.962682980111582,8.108234166760049,0.9731120754386229,1.217421789708368
3383,2724,3490,1695,20.712082989274595,6.705733860572268,7.0437017660287475,6.921065000335621,0.9980809981129836,1.0503998387773232
3384,2896,1625,1626,22.9505302318884,6.698971302421573,8.000000000000034,7.338982724592086,0.9789257813008198,1.1942132066020583
3385,2725,3023,1665,39.959655260961156,8.399206997841807,11.070308506065576,9.790521998425252,0.9508828837819215,1.3180182973118908
3386,2629,2834,7,9.770627120340947,4.521007987771537,4.879344295158769,4.758830108380446,0.9951290036534098,1.0792602685853385
3387,91,7,2726,6.258585257084734,3.1374000340002453,5.257994375463132,4.131798136487805,0.8106361157925959,1.6759081782628427
3388,3030,2924,18,31.583643228380346,7.1686976697383935,9.73373632210499,8.740474987592437,0.9392154834027024,1.3578109679802137
3389,12,2727,2897,14.441817329186142,5.237070982668832,7.1353650614672866,5.9777190177571145,0.915742686001214,1.3624724746104313
3390,308,2849,3010,41.70294318267853,7.905770868478389,13.130653803154331,10.528931781990744,0.8345034641910727,1.6608948098291605
3391,2730,2663,2787,9.369226083954834,3.954453234072784,5.183599403869291,4.742027384786028,0.9490675881736441,1.3108258201679581
3392,2769,2747,2768,6.913813762595559,3.6385257310534005,4.498638154486978,4.043988628072566,0.9689542002068842,1.2363903643975505
3393,2769,2799,2747,13.643214284265408,4.498638154486978,6.966264830314348,5.874823944328521,0.8858188138580844,1.548527485671667
3394,3011,754,753,44.1168707154616,7.824363448479889,11.94636021364808,10.565567162348767,0.8829619659283235,1.5268156051683681
3395,2701,127,2733,6.5809300879325425,3.3766526555930234,4.619250164003292,3.9986342731987823,0.9354681534294014,1.3679968404070384
3396,130,2701,2734,9.9967010874948,4.486026527184187,5.007743630765989,4.821710800855432,0.990600255017748,1.1162982653848186
3397,2835,2701,2733,13.803231392818603,4.619250164003292,6.603337696685878,5.82244029967309,0.920081003038473,1.4295258888864915
3398,2667,2836,2711,11.052636716178798,4.529232451385544,5.78590504085045,5.132857879132351,0.9592011381713713,1.2774581792728423
3399,2740,2898,2710,16.57692405744644,5.731815628624201,6.913676317631913,6.249278933459713,0.9741885448400006,1.2061930748619338
3400,342,3407,4054,33.0574492784924,8.254943011393951,9.026218519437386,8.758426391871819,0.993570236851302,1.0934319603392628
3401,2719,2805,2810,15.313048538178563,5.0698348056805544,6.801959878104417,6.072513634495258,0.9452373958470875,1.3416531581035112
3402,3393,2854,3191,47.02385560610564,9.57968545453563,11.216447314236733,10.485534750652421,0.983594558522072,1.1708575785153943
3403,2691,2723,2739,4.425198068544933,2.5593405622642584,3.8184096824380167,3.3204446759374346,0.9024542503363202,1.4919505980321177
3404,2723,2755,2749,7.302640412550583,3.9382890834260222,4.215077228871475,4.112102157530228,0.9964586502789028,1.0702813174914694
3405,2749,2755,2740,7.396829522533424,3.9382890834260222,4.471005604085215,4.153035572500914,0.9873942422058848,1.1352659770206022
3406,2710,2898,2735,18.955740247504124,6.353400662028482,6.913676317631913,6.628295888907066,0.9952196310395517,1.0881851602641646
3407,2748,852,2720,7.374035296647101,3.332325904852164,5.48022959994294,4.4131507077881045,0.8411796424122487,1.6445659147453846
3408,2665,2614,2742,1.9076424208940994,1.9376651983108748,2.210086408110974,2.1090088117947263,0.987172891916048,1.140592507951104
3409,2751,2659,148,6.91839280742405,3.7890823809237153,4.2410594574437805,4.010047279455862,0.9914839171680154,1.1192840458670315
3410,2741,2743,2659,2.500809749194781,1.9999999999999887,2.994148787348503,2.506607640730968,0.8956863564788928,1.4970743936742599
3411,2665,2742,2741,2.1167811415704176,1.9684659181864816,2.6905515133245204,2.2794307534911105,0.9244996564480723,1.366826567057501
3412,2742,149,2743,1.6157458361765273,1.7219064321012902,2.141015257894248,1.9543072299985067,0.9692877827917702,1.2433981417222002
3413,149,2657,2743,2.920508050325778,1.9999999999999813,3.342351829790426,2.7622616872306005,0.8487005965530502,1.6711759148952285
3414,2745,2744,2657,5.049327453986522,2.932288281102627,4.2102109860381365,3.541359703903595,0.909929263461089,1.4358107329252676
3415,2744,2745,2746,4.9706219911714635,3.0016056038806567,3.832375908464652,3.43852045230511,0.9614536041802595,1.2767753043604146
3416,2571,2752,2657,8.0505070122583,3.5059496910028884,5.258747183932931,4.484399896546767,0.9006491593441404,1.4999494138287675
3417,2756,148,2746,5.460378708002232,3.5410061255327565,3.556775213167031,3.5511065848028505,0.9999837615544364,1.0044532788352356
3418,2746,2745,2753,8.546347609208885,3.832375908464652,5.072913595315205,4.528181491686488,0.9501556205658789,1.3236993751345087
3419,148,2659,2746,6.039844774506534,3.5410061255327565,4.00000000000009,3.749555315597528,0.9895899537457162,1.1296224457669573
3420,2731,2660,2769,8.870366883485373,4.231935285708884,5.038666340518647,4.56733550956375,0.9764982165767342,1.190629345759154
3421,344,345,2909,31.85916099651712,8.0,8.938349920525507,8.608624608500905,0.9903292478165736,1.1172937400656884
3422,2723,2749,2739,5.976848319735315,3.2851351321909763,4.215077228871475,3.7728740145001556,0.9598875294551269,1.2830757516085147
3423,2710,2749,2740,10.870207932439833,4.471005604085215,6.102344854123024,5.166224694522248,0.9242052973650486,1.3648707683450976
3424,852,2748,2750,6.961652180022477,3.259949464528907,5.48022959994294,4.338245439596322,0.818430042587408,1.6810780840539454
3425,2759,2793,148,7.9771683942482685,4.00000000000009,4.492709792103599,4.308226283888444,0.9899806674669285,1.1231774480258747
3426,2690,2843,2776,12.623055506251266,5.277757995897923,5.61896087189769,5.405791801925481,0.996788774083307,1.0646492082935526
3427,2714,2807,2850,13.445550814133565,4.713448041152637,6.686270923963296,5.7451018996403915,0.9225231067472065,1.4185519529622777
3428,2753,2745,2899,14.473398246691115,5.072913595315205,6.403390764170306,5.860046313536832,0.964228762776808,1.2622708121982968
3429,2745,2752,2899,15.869638617747414,5.4388840418471975,6.882769918116399,6.1418295136961945,0.9626769338106513,1.2654746571465452
3430,2758,2901,147,15.736231351756171,5.888006556613845,6.168315339429318,6.031629898175873,0.9985599375509454,1.0476067375469564
3431,2708,2900,2738,15.718589686869562,5.731674921301059,6.313246494602443,6.039025631636991,0.9938066666483099,1.1014662522363305
3432,2780,2841,2678,11.313414739186298,4.689065673911616,5.558887120302872,5.1482634738890285,0.9810496936145991,1.1854999496446916
3433,2723,2757,2755,8.786116440929947,4.182940160293189,5.322413582923126,4.601582523885416,0.9465422314950909,1.2724096876753
3434,2758,2756,2753,10.253984451865659,4.245200493367183,5.858285709167698,5.007761794284243,0.9280955411404053,1.3799785706990384
3435,2759,148,2756,6.238619014404826,3.5555384157087646,4.00000000000009,3.8091089480402096,0.9905992615442551,1.1250054231808169
3436,2760,2757,2903,16.1013468534669,5.487389179070992,6.5940867251166955,6.150858292658203,0.97695902073452,1.2016801633583178
3437,2753,2902,2758,22.579649430292005,5.858285709167698,8.495829636261245,7.464916002435884,0.9140287980506927,1.4502245295011857
3438,146,147,2901,18.86667814074644,6.168315339429318,7.99999999999997,6.789628555453857,0.9303676779974592,1.2969505545318174
3439,2758,2759,2756,9.454867588388598,3.871788428411775,5.8827176087612605,4.891435072496961,0.8875864602938717,1.5193799241696628
3440,2793,2843,2751,10.280034337055966,4.41775203851319,5.269149145312265,4.910575975246062,0.9792580758968161,1.192721795921714
3441,2871,2903,2757,20.896231156196258,6.5069954193775565,8.147689744634492,7.082923963042915,0.951155720935549,1.2521431504886291
3442,2931,2925,2760,19.164728166174644,5.114207579045136,8.069634711368975,6.991125912000849,0.8738155314963597,1.5778856424274514
3443,805,806,2761,18.085996750596202,5.920244923697455,7.749614396851998,6.629198396873531,0.9367358107781308,1.3090023295880842
3444,2874,451,452,19.893790611102347,5.767873141958927,7.787267900789525,6.927292184714435,0.9431529123787774,1.350110813662028
3445,2796,2764,542,10.088791021878478,4.0,5.512094133015709,4.953555698892223,0.932081720485544,1.3780235332539272
3446,2762,2764,2796,10.704139981667094,4.3046289581249875,5.512094133015709,5.050201455278336,0.9585999513434023,1.28050389165636
3447,452,2845,2874,14.592316943767072,4.905508999373448,7.226735511394852,6.04518206810661,0.9000188469028828,1.4731876982221175
3448,2844,2845,453,9.800703492339416,4.096356477694452,5.2626205711531036,4.83654995620038,0.956291981701215,1.2847076663882189
3449,2762,541,2764,6.528618089743077,3.4757941407012436,4.3046289581249875,3.926807699608743,0.9704064884729171,1.2384591215337413
3450,2764,2813,2797,17.059941256416167,5.9235911485590655,6.8958567785421625,6.320465581223007,0.9819668309368496,1.1641344930126725
3451,799,3012,2814,17.541525939641467,5.68010425626007,7.29911420926794,6.4700063309396905,0.9577244533348391,1.2850317318073081
3452,2816,2798,42,10.126260164333079,4.0,5.4598555178358055,4.9626523306935,0.9320150572934908,1.3649638794589514
3453,160,2904,159,35.9894100769997,7.999999999999966,10.75283976300846,9.33156593237438,0.9407869678995365,1.3441049703760632
3454,2766,2904,2767,25.68335077035827,6.531207159440691,9.844128627167523,8.087941742796028,0.8817973417951873,1.50724489161825
3455,2766,159,2904,24.560261263891444,6.3163167388273385,9.241858034114712,7.81555473824064,0.9073373885422208,1.4631720377959572
3456,4213,4002,3101,61.802463980296544,9.58237534105319,14.78558014875065,12.493499419891002,0.8876514149916093,1.5429973907832315
3457,2769,2768,2731,6.573765568391628,3.4477866938268176,4.43140490246372,3.9579978649892857,0.9591719011636513,1.2852897513636932
3458,2747,2770,2768,7.177982178300478,3.6385257310534005,4.588778199034004,4.126701499055858,0.9648635016317475,1.2611641467505832
3459,2660,2736,2769,15.855286175019158,5.038666340518647,6.893998774072828,6.202556304974331,0.9351124535607834,1.3682189508430926
3460,2799,2769,2736,23.816865397368705,6.893998774072828,9.154983158882803,7.671748921089993,0.9173752393325546,1.327964140828275
3461,2817,2747,2799,17.087344358060825,5.6499881363048265,7.5307421267421475,6.446766370410404,0.93529406026041,1.3328775114326807
3462,3019,2673,2875,28.252226390662802,6.834236716806931,9.383610374269615,8.27532546854215,0.9371745039611735,1.3730297563725293
3463,753,754,2772,20.95374513616831,6.447945389078835,7.824363448479889,7.033294918900907,0.97161781942701,1.2134661471749362
3464,2847,2674,2801,19.09834185070024,5.334727756531726,8.325903196495727,6.9674902637457485,0.880797957892828,1.5606987978536804
3465,2847,4198,3985,53.36043691364092,10.433746199978934,11.503486617588068,11.13264136064785,0.9923531659068409,1.1025269732563836
3466,2792,2774,155,13.957776616746356,5.152303748967161,6.165906668963277,5.723101142128762,0.9787690602950647,1.1967280986101227
3467,3057,2906,2803,33.312719813877656,7.768479837886297,9.46170570553928,8.86650687858255,0.9711336768789428,1.2179610300840644
3468,2803,2707,2818,10.212852767584282,4.035466575416818,5.634252676961411,4.988785673047373,0.9299795721902476,1.3961837055680377
3469,2793,2751,148,8.235350980935324,4.2410594574437805,4.431969059561642,4.363593518506204,0.9984376211341094,1.0450146016658133
3470,2636,91,2839,8.416157798857652,3.99744429662018,4.796236698953706,4.445024153626291,0.9782103231267011,1.1998257744351561
3471,454,455,2777,16.785701938514016,4.4577149981861535,7.938823585914209,6.725007202228423,0.81097622880564,1.7809177098904978
3472,2777,455,2840,23.042266944622046,6.439810760219029,7.938823585914209,7.379751978686911,0.9691493503767763,1.232772806765551
3473,2693,2779,490,10.72895171707933,3.7585845787465275,6.194665385076326,5.273571722192407,0.8551027358426734,1.6481378176521497
3474,3033,3032,2910,37.648943517440344,8.506524196039708,10.001884074876852,9.387062626316144,0.9821697648449864,1.1757897637596002
3475,2695,2827,2698,19.677715898529847,5.51820792770435,7.7838966669949,6.942313607988026,0.923260228983492,1.4105841550325755
3476,2778,2692,2840,15.916349848489302,5.077940860404327,6.790015820186775,6.201831588512974,0.9402092509008506,1.337159294849709
3477,12,2897,86,10.740449531995832,4.685350443577928,5.237070982668832,4.995975588109923,0.9916476711775638,1.1177543805388412
3478,2871,2780,2924,24.202749097925377,6.965696022775964,7.924386844616481,7.507581054610739,0.9888381298566042,1.1376302983515005
3479,84,3009,83,47.50439543053664,8.000000000000014,14.089951026496292,11.32446924529267,0.8151717583840797,1.7612438783120334
3480,2716,2783,463,30.666521020241774,6.970593542952167,9.75912356183448,8.649334507402905,0.9285746534692103,1.4000419765834349
3481,493,2782,2783,15.10299215342908,5.631440404874074,6.490753460546117,5.946179110748226,0.9823226391582324,1.1525920535229845
3482,2783,2782,3398,28.079200978767933,6.490753460546117,9.870739280964065,8.3955696134692,0.8946523627037622,1.5207385923626753
3483,134,2819,2804,7.266687613998559,3.9999999999999774,4.1649000118064965,4.098367440150629,0.9988121285255608,1.0412250029516301
3484,2804,2819,2784,7.307186590252473,4.073452175253739,4.130202308645414,4.108170756087923,0.9998542676338108,1.013931704841518
3485,2872,2842,379,21.520072875523244,6.160642547455585,8.591126694804124,7.277949128201499,0.9208150947493418,1.3945179627979483
3486,3057,2729,2906,34.72524909451451,7.810633675116467,10.000386634545396,9.090908671733715,0.960269345143484,1.2803553527808071
3487,2730,2807,2714,8.753561912268715,4.3275964554863675,4.713448041152637,4.5047314512613985,0.994958518061308,1.0891607130274592
3488,145,3025,3987,37.09813563586257,8.72896244309112,9.719013619030717,9.283030286341015,0.9922344564868143,1.1134214040207278
3489,3396,314,315,33.50402842456651,8.0,9.723507001225142,8.880490380895543,0.9749914395134263,1.2154383751531428
3490,2705,2719,2791,5.397901786691824,3.1960265506275585,3.936893918386934,3.5696556488964326,0.9713242899390315,1.2318088902027118
3491,2810,2791,2719,8.013150795393678,3.5760464776748058,5.0698348056805544,4.4289313035993985,0.9248257370005771,1.4177206133453362
3492,155,156,2792,16.883669924354848,5.779482562973512,8.000000000000059,6.543525190476473,0.8886017403877444,1.3842069619263808
3493,147,2811,2759,7.541515865365731,3.9999999999999627,4.278571971630955,4.178913558578118,0.9963952933978301,1.0696429929077487
3494,2793,2759,2811,7.930518203663495,4.095330692996925,4.492709792103599,4.2888708189104925,0.994243621117304,1.0970322371734713
3495,2763,2762,2796,8.89918746997173,3.7587291687621724,5.333881274694313,4.6679874355512245,0.9243725040489873,1.4190650709880412
3496,451,2794,450,22.539392296760422,6.581668523994666,8.000000000000057,7.285020619867248,0.9746404621380722,1.2154972513177482
3497,2777,2795,454,10.352301174934512,4.4577149981861535,5.238868946303577,4.922408783042097,0.9821228582271435,1.1752364043989523
3498,2796,542,543,19.45376847981359,5.34857296366096,7.862733458600847,6.953417474545152,0.9049490660298388,1.4700619234366785
3499,542,2764,2797,12.839597261400513,4.0,6.8958567785421625,5.828183940527764,0.8316401115005905,1.7239641946355406
3500,2764,541,2813,10.388515566223305,4.0,6.14194881656779,5.128729579228207,0.8860969703822211,1.5354872041419474
3501,2765,43,2798,7.9275241194109185,3.9849802261722083,5.347394746242161,4.44412499080479,0.9082062424649776,1.3418873978651147
3502,2776,2815,43,11.911067627902531,5.0225353151816705,5.62380152051926,5.264713937058807,0.9900350992187555,1.119713683947654
3503,2816,2765,2798,13.136011212038174,5.347394746242161,5.73882291924702,5.515357727774995,0.9963894177956003,1.0731997900996428
3504,2837,3393,4048,33.49907363770194,7.767529024694848,10.563669637795641,9.03886058106246,0.9316756207093216,1.3599781351587086
3505,3407,343,2909,39.964813049022354,9.241968563359983,10.459054753796936,9.659809638123017,0.9857232123698609,1.1316912281288343
3506,2747,2817,2770,12.891617185164167,4.588778199034004,6.89455089050276,5.711105741947197,0.8885893489681967,1.502480745736229
3507,2771,3384,2846,31.244138615545154,7.82290824695039,9.191911218720666,8.549300996686098,0.982955557976578,1.1749992366718547
3508,2846,2801,2771,22.36784828984611,5.944073119112679,8.633083524387239,7.432037127114448,0.9145713876035196,1.4523851492721829
3509,2675,2802,2732,6.934569057605877,3.123480653526157,5.235235541714337,4.270926922002322,0.8428418427072355,1.6760902731394156
3510,3057,3482,3457,61.21591268789569,9.833935925788143,13.895513390967947,12.235655439797902,0.9255986664189921,1.413016466227818
3511,150,2906,2672,19.004172131697356,6.019632421963691,7.117255651598461,6.672634343643149,0.9808186163581643,1.1823405737582742
3512,2784,133,2804,7.081305925339411,3.9999999999999774,4.120857784364618,4.045046937957096,0.9992828218483317,1.0302144460911602
3513,133,2785,2804,6.957809566387227,3.546860340202149,4.801297415806487,4.116052585336204,0.9336165243303215,1.3536753509535826
3514,2805,2819,2858,15.45257214200598,5.487910547178443,7.283604446191577,6.156539231065781,0.9258203489237977,1.3272090322128836
3515,3585,338,3191,47.27339559340971,9.852217191929205,11.039240611504598,10.482281803367796,0.9914407261891448,1.1204828716674846
3516,461,3325,460,27.600018610415685,7.423854361056555,8.4660946751655,8.018606473051072,0.9883636954967063,1.1403907274334804
3517,2787,2849,2807,15.005091605453346,4.827418444220971,7.1729990036807445,6.113747219653026,0.9042847437667177,1.4858871437316004
3518,2849,2850,2807,18.281205052735316,5.835586733805241,7.92976683729712,6.702059260719909,0.9235429415726963,1.3588636754142316
3519,2851,2808,2788,19.40457814427175,5.524641943297297,8.157794155561247,6.946955907765674,0.9064449925426276,1.47661952381522
3520,2875,755,2808,11.801494818292106,4.5617309631666,5.985172175638907,5.316386080144798,0.9527724511162483,1.3120397112336943
3521,3191,2854,3394,41.40620972246604,8.547527818105328,10.660471483184903,9.909444713159921,0.9646493526385446,1.2471993902849838
3522,338,339,3191,38.298842994224884,7.9713078615525665,11.039240611504598,9.649687221958809,0.9337095591250306,1.384871943630401
3523,2855,147,146,25.369096603932668,7.073701116725299,7.99999999999997,7.689495836223606,0.9876844484366558,1.1309496779676622
3524,2859,2815,2918,30.314539365975136,7.816685774026367,10.335806517984668,8.657063843770485,0.9168946394138632,1.3222747871391924
3525,2908,2812,544,24.08488893966909,5.650422042183493,9.429719672407305,7.9192302037574835,0.8507151723589725,1.6688522736902283
3526,449,450,2812,20.63034666160178,6.01255679499469,7.5363184997981785,6.99931410377852,0.9629179039114788,1.2534299062375567
3527,541,2856,2813,10.128213759813292,4.304937105602617,5.244239921116829,4.885958221219409,0.9727864475027225,1.2181919950216615
3528,2856,2919,2813,11.206797265215387,4.304937105602617,6.306515961767725,5.2903798652941765,0.9031515167396731,1.4649496164671427
3529,798,799,2814,26.34577246186534,7.29911420926794,8.665062192065896,7.868593480447497,0.9773734081951391,1.187138869681415
3530,2918,2776,2843,20.130762915280506,5.61896087189769,7.8256451378528205,7.008182532917128,0.9281359163504348,1.3927210593317174
3531,2815,2859,2820,15.508775288716889,4.785775505196421,7.816685774026367,6.365665484578559,0.8515233236183479,1.6333164323188514
3532,41,2857,42,23.428790792586536,6.564840551470091,8.0,7.4295978006103764,0.9733914243497612,1.2186129940670878
3533,3144,2857,40,29.69522896868579,7.854971950794993,8.777390833183977,8.30706457766041,0.991741003484966,1.1174312127614443
3534,3407,342,343,32.75955244989449,7.999999999999964,9.241968563359983,8.745362069381356,0.9854833698051468,1.1552460704200032
3535,2909,343,344,33.72928955434778,7.735592270806113,10.459054753796936,9.044332315042853,0.9380153691842132,1.352069032033796
3536,2688,2775,2818,11.517552104994717,4.488674534127654,6.369460227805587,5.346548886621593,0.9112632649504236,1.4190069205014109
3537,2775,2803,2818,13.716330152855956,5.181511897931539,7.299595604330707,5.925915089675379,0.8783858775234996,1.4087771577335773
3538,2858,134,135,23.152045006506818,6.63267947033441,7.99999999999997,7.375733377761403,0.9771064962094204,1.2061490436528846
3539,2784,2819,2805,10.927186729018272,4.073452175253739,6.1076690434669105,5.223010588633031,0.9011111751893676,1.4993840066592798
3540,51,2822,2821,16.947694521101617,5.657914304895428,7.398378385274662,6.396689580352214,0.9440856612092084,1.3076158433282248
3541,2815,2776,2918,20.136067085599052,5.62380152051926,7.81869923930042,7.007480782940185,0.9287157004367049,1.3902871946623214
3542,42,2820,2860,10.388216587567342,4.2772878279309925,5.62681852932151,4.989869986259541,0.9518098286793938,1.3155108460501506
3543,2822,51,52,19.2837371168133,5.379956268387326,7.999999999999886,6.926111551220624,0.9046703083553043,1.4870009347488498
3544,2861,2822,52,9.636506144753138,4.147012303433444,5.379956268387326,4.7971499054141065,0.9564336042117917,1.297308972035865
3545,1708,1709,2823,26.082753907771767,6.548816362564458,9.85829398337746,8.135703448647305,0.8855000849134503,1.5053550806113976
3546,3203,3595,3596,45.6890755302831,9.426338829289618,11.08067606226901,10.33879320751994,0.9827970584757952,1.1755015667205828
3547,3961,3708,3913,42.41261495351276,9.455979612396197,10.172261899562491,9.912272628362468,0.995829643169062,1.07574913615796
3548,3975,3297,3961,54.98270301196345,10.590801491924738,11.817646079213583,11.303333556732719,0.9917309146982687,1.1158405799810607
3549,2879,2884,2865,20.42058386444718,6.601699837939697,7.338576904669944,6.890697344448733,0.9910578381026088,1.1116192927305548
3550,3397,464,465,27.23468188800609,7.401638704284534,9.815163739649936,8.210524183572394,0.9155116141698877,1.326079822562577
3551,2932,3033,2877,22.803736872555298,6.837510348811537,7.93005379457251,7.302693965647241,0.9835929472238034,1.159786733770849
3552,2828,1480,2911,25.08174925788607,6.893957741528604,9.179340832320642,7.821541413385017,0.9321570531328673,1.3315052363934707
3553,2828,2911,2912,24.70207210093683,7.002132756882794,8.53340791039614,7.642288777861579,0.969743797195401,1.218686963912269
3554,2829,28,2866,12.804404749853935,4.968687280793395,6.04666284700206,5.492295313024457,0.9740131465690238,1.2169537959000984
3555,2831,2830,2722,8.27684066843132,4.0588431066230495,4.681870799603081,4.394180808528513,0.986574764357589,1.1534988361494931
3556,1,2832,2830,9.320908273243981,3.9999999999999276,5.651726728655162,4.7936057406056305,0.9185113691126091,1.412931682163816
3557,2829,2868,2722,13.040242576391563,4.6670020600195325,6.13949606282162,5.594988167612972,0.9488435747180373,1.3155117533408427
3558,2829,2866,2868,15.28760699903286,5.461535811277919,6.531049249189301,5.990350480154994,0.9786612246167132,1.1958264991511849
3559,2832,1,2913,12.427326097320387,4.729090493161804,6.425212771351394,5.503517942673788,0.9324427889882304,1.3586571837950991
3560,5,2914,6,20.108935281994675,6.083069302062243,8.000000000000071,6.960132447502054,0.9464115920015577,1.315125572757812
3561,2833,6,2914,13.942115894859358,5.430067714470451,6.083069302062243,5.695871062697928,0.9900543416392629,1.120256619609296
3562,2836,3409,2915,20.178348109551287,6.291045257716574,7.190722759718508,6.860506430863363,0.9866573997988056,1.1430092242459062
3563,357,2835,356,32.967288030948374,7.999999999999964,9.222793183953787,8.77470488674521,0.9849504696115781,1.1528491479942287
3564,3024,2735,2898,25.179374673237753,6.6178106870608016,8.445531802113157,7.742093591259272,0.959791353694903,1.2761821396048592
3565,2880,2870,2881,16.986678387505,5.627416787852354,7.2991692643889685,6.3844311874011055,0.9512565789988824,1.2970728025948512
3566,2837,2737,2854,24.038672841729078,6.8939049687552,8.669481389980495,7.583987065909898,0.9551699584255627,1.2575574263458267
3567,4048,2799,2736,29.749465277685033,7.576311081913646,9.154983158882803,8.364309419436628,0.9762195737611676,1.208369490098922
3568,2838,796,797,15.187521695392311,5.174428003155952,7.840226428309158,6.294973525950316,0.85752982438022,1.5151870744993072
3569,91,92,2839,13.97378194642841,4.796236698953706,7.449514347991283,6.024929449588453,0.8607390904782477,1.553199897247854
3570,3411,2840,455,39.34171467130289,7.760621589927495,11.236983190035957,9.849098547042459,0.9152914275330173,1.4479488607743005
3571,455,456,3411,40.17761567571351,8.0,11.12127808520915,9.890322982124358,0.931031509381165,1.3901597606511438
3572,2871,2841,2780,15.452122716151782,5.196837627452597,7.632660296439773,6.263499974908172,0.8862340138541958,1.4687124831685718
3573,2757,2723,2841,9.989394372177445,4.44054361393394,5.322413582923126,4.845724189249387,0.9769748711493699,1.1985950472869975
3574,378,379,2842,15.080131392069234,4.2699278376080425,8.0,6.450668659984276,0.7891812295729658,1.8735679627975856
3575,2872,379,2786,34.02383412892315,8.505148103789663,9.638839658885493,8.91170481915976,0.9860775422368907,1.1332947458717018
3576,70,3388,4159,57.1924321458446,10.310702662306293,14.30888104577548,11.92874480105239,0.9093331640697947,1.387769729611704
3577,2811,2873,2793,10.67015188513553,4.095330692996925,5.927567830121369,5.128768567945936,0.9163428674423535,1.4473966266649958
3578,2811,2855,2873,14.743763955379201,5.363407180719513,6.6722636571700145,5.918971882235443,0.9634958937242623,1.2440345161850859
3579,454,2844,453,14.673329770624028,5.150672819753583,8.000000000000114,6.28908694744199,0.8251018043689609,1.553195141675267
3580,453,2845,452,15.73283198980687,5.2626205711531036,7.62005748188099,6.295326582195208,0.8949111950650365,1.447958745810045
3581,2816,42,2857,18.477428652265196,5.428101474244695,7.723952850361037,6.7296427829196785,0.923356559978246,1.4229566059163998
3582,320,3389,319,28.31263807220399,7.3960333973119,8.509605528584512,8.133675849252418,0.9842908761183574,1.1505634265628575
3583,2846,3389,2847,46.55594894496991,9.828532914543159,11.432247404225544,10.44536085894832,0.980964640067518,1.1631692647952971
3584,2846,319,3389,39.71528129895329,8.509605528584512,10.458377898024283,9.681095228228351,0.9712419687531998,1.229008543685565
3585,4335,2969,4242,35.748105812333634,8.894605151921782,9.265899283641359,9.089881062239733,0.9988821940520314,1.0417437452678104
3586,3390,458,459,39.2197922215892,7.862976632212722,11.15929841508193,9.800141464996491,0.9240309507757781,1.419220600168767
3587,2787,2729,3010,24.994164483069294,6.674941976922392,9.425857613815811,7.8833021147802,0.9095228501350191,1.412125775235844
3588,310,3391,309,30.748533001332973,7.8237629945469,12.186201076858163,9.336654690468336,0.7782995790590473,1.5575882200613498
3589,309,2850,2849,28.888908320423962,7.286194104208996,10.770858216302228,8.662273052602782,0.8627777442335632,1.4782557343730736
3590,3391,310,311,23.62630260377941,7.008433318378328,7.8237629945469,7.409285528728944,0.9918959657970213,1.1163355116799814
3591,3458,3818,3011,34.83173790813299,8.090828351923983,9.859956447784091,9.055599139766809,0.9745824336138366,1.2186584634982909
3592,4049,314,3396,36.2702122784725,8.91796414146148,9.58594071060322,9.167162567007951,0.9956832846259778,1.07490236095884
3593,3392,355,2876,35.9868306382691,8.556049323199817,10.646891781064502,9.285449575727624,0.953643290690918,1.2443700800316033
3594,2853,2852,2876,14.68022979366732,5.213175344628566,7.19861280848315,6.030281437367289,0.9142347770270972,1.3808499297650316
3595,2835,126,2853,11.15693951637673,3.6857802286391985,6.427625206939156,5.4523038529148025,0.8233591763858666,1.7438981187742317
3596,3058,2790,3012,13.483723254035123,5.2408099973936535,6.09248145213713,5.615444981949369,0.983574173601937,1.1625076000021042
3597,2737,2810,2854,18.35472704293954,5.588139923583917,7.188574838993994,6.62245681776763,0.9548354049572413,1.2863985042063244
3598,2810,2805,3394,25.865687571456288,6.801959878104417,8.781920207417237,7.8540845614907004,0.9580819579562256,1.291086740409383
3599,146,145,3015,37.89392688842361,7.999999999999955,10.35346904778761,9.523081369869466,0.952751757396764,1.2941836309734587
3600,2873,2843,2793,14.306276170983093,5.269149145312265,6.152485022001947,5.783067332478527,0.9837595386255575,1.1676429822593934
3601,2653,2856,541,9.584135482990513,4.170071079223534,5.108697636938781,4.7561053630738,0.9710015095088884,1.2250864649266409
3602,2778,2919,2856,11.979646194201631,4.976042312764038,5.59990413769038,5.278544326322202,0.9906091825764111,1.1253730948641805
3603,40,2857,41,24.86196941234422,6.564840551470091,8.777390833183977,7.736717470376317,0.9461936068667552,1.3370303154154173
3604,136,3016,135,28.46875982194382,7.918841911319586,8.43555790128125,8.11813327086693,0.9968193709195678,1.0652514592093378
3605,2858,135,3016,26.989858805869346,7.494520662949829,8.339408591826382,7.917590388698599,0.9924084837808836,1.1127340849233187
3606,3791,3395,118,51.999694140155235,10.32095691780783,11.868826317552879,11.016506266229868,0.9861476854758269,1.149973438710353
3607,2820,2859,2860,16.12855453025463,5.065503601526121,7.410357848974855,6.32346554167129,0.9103082713291635,1.4629064416699424
3608,3017,3791,3463,87.64302903790399,12.360375018242076,15.983581166777936,14.458858726667266,0.9573900011130908,1.2931307620673764
3609,2878,52,53,16.183351772291118,5.558279366978197,7.779385746552961,6.391508736469155,0.8935251119308127,1.3996032284325943
3610,2878,2862,2861,7.480838827842669,3.8550103305334513,4.335442773855491,4.173926705108209,0.9887673022034996,1.1246254619648601
3611,2864,2697,464,24.8342617472926,6.39832596192872,8.942690920077515,7.782338197311855,0.9300051770901807,1.397661040292142
3612,2864,3397,2879,19.858156813931632,6.325419559120516,7.360009552338924,6.8127600086039655,0.9842588622953148,1.1635606908836031
3613,3397,2864,464,25.246036594516504,6.325419559120516,9.815163739649936,8.048860336233261,0.8726095488136628,1.5517016140846525
3614,2865,2864,2879,16.67744770775143,5.479743300017463,6.752850914352456,6.278098017436538,0.969245496881188,1.2323297907642747
3615,30,2917,29,19.76898023664262,5.817537648209866,8.0,6.93302436887907,0.9343586947444839,1.3751522523385313
3616,2866,2928,2868,17.27395552191358,5.815150010944784,6.702290604518833,6.349496621550973,0.9858820259520522,1.152556785621067
3617,2831,2722,2868,11.711268123027978,4.441828519359407,6.13949606282162,5.337257791269643,0.9335544835337631,1.3822001538472377
3618,2868,2928,3031,21.948431135542343,6.702290604518833,8.033130433330047,7.199523502191421,0.9713102646328168,1.1985649246414252
3619,2917,2866,29,19.03794562678116,5.9433037956039465,7.147324141437022,6.6907211318227695,0.9759510998480684,1.2025843516065335
3620,2867,2831,2868,14.388813591198607,5.3719179020168655,6.984774128294458,5.929046940646408,0.9305010844057662,1.3002384354518992
3621,2834,2629,2915,12.222035839720263,4.879344295158769,5.602417585762753,5.341457160743865,0.9855805407314501,1.14819066802099
3622,5,6,2880,24.0754389952687,7.003175201511882,8.000000000000071,7.490175966909277,0.9881148349665967,1.142338977650165
3623,2897,2924,2780,14.371122608498766,5.2207135886607805,6.965696022775964,5.924583898120209,0.9305659740085305,1.3342421307894055
3624,2871,3030,3060,29.656940819138203,7.996907143789677,8.449149560520903,8.283181138275154,0.997630926349081,1.056552165555959
3625,2882,2786,2806,21.113950241062795,6.466874222662176,8.332558508951502,7.151886467844105,0.9403717732515222,1.28849861958832
3626,2786,2882,2872,31.500411745998306,8.332558508951502,8.766797799500829,8.534834804080665,0.998240990851171,1.0521135603287792
3627,2918,2873,3029,38.73413000791889,8.272925973658007,10.9856313813363,9.65266666649353,0.9475761884538477,1.3279015690840066
3628,119,3395,3029,53.198926183675454,10.593751642636127,12.193098919414975,11.161083391648257,0.9820436757083542,1.1509708109771082
3629,313,314,4049,30.22469498061593,7.842912838788261,9.58594071060322,8.476284516463837,0.9632076586733689,1.222242412690673
3630,316,3019,315,39.72203889623688,8.0,10.741340384476974,9.804130782982115,0.9384636864123724,1.3426675480596217
3631,3066,59,60,37.522824357942355,7.885361315507376,10.55919137637028,9.507084480926677,0.9445903324440771,1.3390878304592766
3632,2876,2852,3392,26.86324088147252,7.19861280848315,8.653407622918554,7.94340363702139,0.9777307389937606,1.2020937718335136
3633,356,2876,355,29.847052344468434,8.000000000000025,8.556049323199817,8.311919305582984,0.9969191267293942,1.0695061653999738
3634,2919,2877,2813,18.52850951686805,6.306515961767725,6.762248266214633,6.54936127459935,0.9967519227442603,1.0722637201284695
3635,52,2878,2861,8.89136841498284,4.147012303433444,5.558279366978197,4.678872893782441,0.9214485466391711,1.3403093505115284
3636,2883,2878,53,12.785574043953538,5.11593180342393,5.836861095876304,5.458339125553306,0.9881621794542782,1.140918471972179
3637,2921,469,470,49.9271741477919,8.0,13.65823198930227,11.459692814233216,0.8388290324175008,1.7072789986627837
3638,2865,2884,2826,13.334499827791142,4.662975674353797,6.731815290736557,5.740423179043636,0.9146170440845734,1.4436736884048753
3639,2881,2870,2834,13.195176363062739,4.302711398661396,6.931442987522072,5.8202872987151535,0.8679271321859774,1.6109476897935784
3640,3464,26,3020,34.50664059964428,7.924072667599744,11.452615122290267,9.366537398558018,0.8853007004110187,1.44529405555784
3641,3409,2836,3024,29.04745438277105,7.099751275155003,9.440874332866555,8.355139043111492,0.9483433889326807,1.329747193525514
3642,4056,3154,3410,33.70776261601363,7.529961969501466,10.516614652009768,9.074309301509293,0.9285473101773581,1.3966358255997988
3643,3390,2848,4057,55.356159311026914,11.192732780123677,11.462302266672681,11.308331611383856,0.9995962396672095,1.0240843314894208
3644,3325,459,460,32.3982283863769,8.0,12.136657431881734,9.434175938270966,0.8074739088412215,1.5170821789852167
3645,2920,53,54,30.98473871325121,8.000000000000028,8.791746037664272,8.479417435747713,0.9935743666734675,1.09896825470803
3646,2921,2879,3793,34.97003677928886,7.172188241564094,10.545346952304513,9.32259997393168,0.9049987331600498,1.4703109563121015
3647,376,2884,375,26.420866587506225,6.7379039990133265,9.38668998003355,8.04153132634896,0.926787417553441,1.393117204015982
3648,3399,4231,4050,39.32045230735609,8.72401422620175,11.080876449175015,9.701003704189409,0.9546898958852428,1.2701579985844882
3649,3828,3946,3485,54.80092421612539,10.6142892297952,12.176240667126981,11.307828853056584,0.9865024525385525,1.147155537550951
3650,3615,1063,1064,42.83504648713824,8.0,11.4813490853964,10.288124704205352,0.9120307312446762,1.43516863567455
3651,1337,4008,3124,40.97281770850067,9.00085850747519,11.205169706694805,9.879665438050342,0.9604666707990133,1.2449001056275844
3652,207,208,2887,27.942745663212474,7.942728631051587,8.161472903334825,8.034733844795513,0.99946536333889,1.027540192098226
3653,3523,3101,245,39.58380178083224,8.734567307471519,10.164069647428779,9.620319161675615,0.9834885977930927,1.1636603496929343
3654,399,400,2890,11.552151846720527,4.346168191157421,7.401538947266912,5.708052530999267,0.7802405802783642,1.7030033403506688
3655,400,395,2890,14.573167097891423,5.376450454573467,7.681230656866612,6.159728508221249,0.8607473312071507,1.4286806363727556
3656,3798,3403,409,46.66753408022745,8.486692943004266,12.95740060249747,10.854271215548705,0.889361535141754,1.5267903162654763
3657,485,3317,486,23.49895018110456,6.623868372405865,8.700046264751638,7.531644907088527,0.9441603267007511,1.3134388812728899
3658,1037,2892,1036,29.884213042858214,7.399047994477769,11.315616506410871,8.936521459717802,0.8337903758098308,1.5293341136395124
3659,1019,1020,2893,17.19438905672314,5.761498048456702,8.0,6.58201037336391,0.8956219332013682,1.3885277635636641
3660,502,503,3412,25.346305951085924,6.990909823065286,8.100846289150232,7.697252037405174,0.9837970408916238,1.1587685285859222
3661,3376,504,3782,45.7547565016962,9.818868946160245,10.693806153693092,10.298248201391315,0.9951129550201308,1.0891077386133154
3662,1626,1627,3022,33.00746621370941,7.4114440950946925,12.010964849034917,9.450993656429667,0.8198033991511529,1.6205971056280981
3663,2897,2727,2924,14.519119168586556,5.560721009135224,6.327707585227622,5.82525689242891,0.9844540387902413,1.137929339528522
3664,2780,86,2897,11.249389867027137,4.685350443577928,5.478186324875361,5.1280834523713565,0.9838318179346031,1.1692159190320865
3665,2898,2740,2925,13.968017460250222,5.27387912226131,6.129502450433841,5.711732400439783,0.9850867958453748,1.162237948261063
3666,2836,2735,3024,23.57530330831614,6.078570285566482,8.524791521312917,7.588766697161085,0.9266960831886805,1.4024336514714602
3667,3391,2850,309,50.14255583785216,9.754560583611687,12.186201076858163,10.903873292257359,0.9658891671616389,1.2492824225554346
3668,3391,312,2902,51.6740101233573,10.636610205844674,11.563788658827804,10.950892303177524,0.9935568219202104,1.0871686030643162
3669,3026,2758,2902,24.871868118851488,6.904745892016509,8.495829636261245,7.664880335800722,0.970668209453153,1.2304333525270494
3670,3026,2902,3059,32.87226463389242,7.5940654791244135,10.852483011194298,9.05577665496568,0.9055559323117968,1.4290741949785737
3671,2899,2902,2753,24.89389710661992,6.403390764170306,8.911586014284405,7.785203146777806,0.9319097199120847,1.391697983535304
3672,313,3059,312,32.525738256457046,7.437547183627088,9.807969590017585,8.830623422638068,0.9507886544570657,1.3187102344182382
3673,2965,19,20,20.873505115608044,5.406845202097403,8.401921467945995,7.2695888900144565,0.8827393490211695,1.5539415599852484
3674,3060,3042,2903,29.266938138356235,7.328193528988348,8.867483921063748,8.302369189364537,0.9737954388597059,1.2100504559529417
3675,3405,160,161,35.132411157105366,7.999999999999963,9.714279731840037,9.101349957142203,0.9723308750029163,1.2142849664800102
3676,242,243,4002,33.643436088416806,8.000000000000055,9.318408360431908,8.875715720381434,0.98148605881879,1.1648010450539805
3677,2773,2847,3985,39.94277833784968,9.059010038700038,10.433746199978934,9.65792610668998,0.9854467693049809,1.1517534648273964
3678,136,3461,3016,29.981465954385076,7.9764506732563545,8.586658955239232,8.332889176592278,0.9961852510292435,1.0765012293035046
3679,2803,2775,3057,33.55551128825337,7.299595604330707,10.710516071411368,9.126482256021383,0.9088906379381059,1.467275264544385
3680,2729,2672,2906,21.90979902814506,6.576263641208762,7.810633675116467,7.168050989307896,0.9799040847361064,1.187700813296594
3681,135,134,2907,20.700479687934475,5.885684747143361,7.99999999999997,7.073189187593177,0.9408898381723,1.3592301225244523
3682,543,3866,3590,77.28591294534809,12.552376852344457,14.841103832884134,13.475500313111406,0.9776737700568029,1.1823341513294514
3683,3590,3984,2908,74.50693521968682,12.84679861712532,13.368710795389298,13.122627741656956,0.9989387262264687,1.040625855033506
3684,2800,2817,2909,29.09882454242947,6.920315031054374,9.13309519495643,8.369568316761073,0.9451484274688156,1.3197513630481241
3685,2817,2799,3407,29.367007956030704,7.5307421267421475,9.206544167475712,8.323596973035286,0.9722716013762175,1.2225281403253319
3686,3459,487,3013,33.34761681214525,7.970948098553094,10.311802245927012,8.957648322733823,0.9481998733474499,1.293673239171992
3687,2919,2932,2877,18.795214607429823,6.372888449026162,6.837510348811537,6.596572797884463,0.9966657042948476,1.072906014831685
3688,1480,1481,2911,35.3822377466588,8.0,10.441025509117363,9.206788780479336,0.9528132805968375,1.3051281886396704
3689,3488,1482,3068,44.322387859056164,9.193245543815525,12.892646426368666,10.583051493357186,0.8923608232150083,1.4024042287265786
3690,1493,3408,1492,21.835035799300123,5.728139717808535,8.308810079591266,7.345649932466603,0.9121463511615113,1.4505250376068064
3691,3408,1493,1494,20.630356249644564,5.728139717808535,7.883752274724393,7.081460898306957,0.9328498578168014,1.376319828619779
3692,4,3028,5,33.645113050694846,7.999999999999888,10.151941338054142,8.958713347391301,0.9585753681165267,1.2689926672567855
3693,3018,3986,3,36.41080273352717,9.112033247327505,9.238302440635143,9.170347619191938,0.9998711954104251,1.013857411390007
3694,2836,2915,2711,14.688444697052274,5.4835735163322585,6.291045257716574,5.853507938299761,0.9868216677692805,1.1472528341198205
3695,2881,2834,2915,18.176915182690923,5.602417585762753,7.219914285002488,6.584591619429105,0.9572376028470106,1.2887140550447773
3696,2840,3411,2929,49.742878962932764,9.032285863537647,12.948164889399456,11.07247798099102,0.9177693564267009,1.4335424149571911
3697,2917,30,2927,23.543785055411274,5.817537648209866,8.889944716949211,7.693308034709169,0.8914782333744873,1.5281284375847168
3698,2866,2917,2928,13.401360123074124,5.049733927737882,5.9433037956039465,5.602729244762204,0.9810722569826641,1.1769538515599287
3699,2873,2855,3029,30.78333932765139,6.6722636571700145,9.935048054259005,8.768918118638434,0.8987362518541703,1.4890071143370964
3700,2778,2929,2919,22.8115607395423,5.59990413769038,8.682624151207328,7.611271479481857,0.8786452068782752,1.550495140223665
3701,2919,2929,2932,24.442716494293524,6.372888449026162,8.551286149547861,7.673878329940696,0.9444363259670334,1.341822662980172
3702,58,2920,54,46.13420458959571,8.791746037664272,12.703967632006503,10.705628815084816,0.909336500846981,1.4449880123449974
3703,3736,471,3326,45.40734633402432,9.368431693084585,13.363097846585509,10.80890611971535,0.8730485292403923,1.426396464677181
3704,375,2921,374,52.15615918554113,8.0,14.441992563069908,11.867809560065814,0.8105717547779466,1.8052490703837385
3705,2893,1020,2922,16.33420981131848,5.82282462286259,6.74274614148743,6.183367945328349,0.9824818254239519,1.1579854414664807
3706,3412,4058,2923,39.29649478715417,9.320347437878821,9.890509892562093,9.536611224978795,0.9971515536061428,1.0611739485554021
3707,521,3377,520,39.80203953464843,8.0,11.12006154147284,9.841123325102792,0.9319735582166216,1.390007692684105
3708,2727,18,2924,25.822135187695903,6.327707585227622,9.318990970933932,8.003631720317136,0.9088500142340127,1.4727278157874462
3709,2931,2760,2903,24.302294069644937,6.371098973786922,8.496690677356138,7.645808120837345,0.9464180402254134,1.3336303065318391
3710,2933,2898,2925,19.442923261015206,6.129502450433841,7.87256486849214,6.837908937023898,0.9489589689562478,1.2843725787131266
3711,2914,5,3028,25.061334052665316,6.797328040443848,8.724198704119871,7.732752224125974,0.9579719520516081,1.2834747200975465
3712,93,3155,94,30.271205858637824,7.403994011264096,9.7547996763999,8.532464782704338,0.9481875024426749,1.3175050738235872
3713,31,2927,30,34.40014492416388,7.806797100145994,12.57836584952824,9.758369222207813,0.7992528544226171,1.61120696339002
3714,3028,3986,4312,39.30658280367674,9.125199653849615,9.945634062345095,9.545210155347151,0.9950807638901538,1.0899086529191027
3715,2917,2927,2928,20.69246636713348,5.049733927737882,8.848951277195212,7.423708981300508,0.8243838371049691,1.7523599072395597
3716,3031,3018,2867,29.996732618736818,7.838371495351736,9.23718960823863,8.393560011747352,0.9781828995861144,1.1784577464485337
3717,2840,2929,2778,27.559158999351784,6.737538084947818,9.032285863537647,8.15081603323093,0.9435221533979247,1.3405914370586598
3718,2932,2929,3032,35.22454487046565,8.097460391248067,11.456929435022527,9.426088737261537,0.8941389255568336,1.414879342590605
3719,3412,2923,502,30.636832185411624,7.973084743875578,9.39897634449547,8.490969125840428,0.9757447834747168,1.1788381343513465
3720,524,3378,3933,56.8739217646446,10.01102258875111,13.211003103180522,11.681903926072957,0.9505087338854463,1.3196457191121584
3721,2931,2903,3042,34.09266036219893,8.496690677356138,9.312147681637851,8.892107426685913,0.9943536819371696,1.095973483706418
3722,22,3467,3414,53.5551441685456,9.006128982814628,12.75024718716539,11.480241414500439,0.9171199728168073,1.4157300224652831
3723,2916,3032,2929,60.87440487546271,11.456929435022527,12.431106633620294,11.878343187848762,0.9951974480398686,1.085029518958179
3724,2932,3032,3033,29.970105103724794,7.140517753557676,9.652779608031874,8.505724582367856,0.9426602083599989,1.3518318896724955
3725,3414,2933,2931,40.65871331628833,9.557113196810038,9.845976324093666,9.692248693581098,0.99939876550618,1.0302249352220756
3726,2934,3489,3068,40.733854060200414,9.016113589238964,11.844187055541578,9.999213543484219,0.9250862764056328,1.313668792912948
3727,1483,1484,2934,33.91038610997666,7.604524381920244,11.361584523866414,9.300834217057146,0.8806647687463077,1.4940559005739504
3728,3008,1674,3035,30.926538631263547,7.362019520168587,9.835750448373854,8.631644341214807,0.945641663316131,1.3360125467513864
3729,4151,2936,4290,36.24790937154909,8.436044476536685,11.156541163429514,9.42905265908467,0.9259008965184418,1.32248486769592
3730,4151,1686,3061,55.74350040827947,10.329415372285162,12.695146658592067,11.472251097542113,0.9712223824808526,1.229028575291337
3731,3034,1691,1692,14.074142390235645,5.09032066168704,8.516926332251554,6.436127631104898,0.7446106879219035,1.6731610635760745
3732,1691,3034,2937,13.141218339162913,5.09032066168704,5.809344984008451,5.535046831551391,0.9873415419954487,1.141253247115303
3733,1286,2938,1285,22.656092724895498,6.221923205619089,8.70789062264777,7.451679950970193,0.9251053256330757,1.3995496785919146
3734,1677,1678,2939,20.647280406795407,5.805217337932351,8.000000000000004,7.078274550316677,0.9355718157184764,1.3780707136882786
3735,2939,1678,3035,29.077861137570157,7.429606313017675,10.332791640394692,8.539946138236168,0.9005490631548689,1.3907589722877032
3736,1680,1681,2940,21.296743946854573,5.912837319439345,8.00000000000002,7.172068016808882,0.9411590608059461,1.3529883485376493
3737,4243,1472,2942,65.1310236818291,11.896240814027697,13.004049783537777,12.296325425950476,0.9931474820606538,1.09312260795896
3738,4232,1291,4050,32.41853622113167,8.128838834057952,10.168211784138622,8.826246092532628,0.9500514823292361,1.2508812133826752
3739,3494,1276,3075,63.328486337897864,11.08839856551174,13.335211814448513,12.198721189343763,0.9772828819953986,1.202627388947313
3740,1279,3492,3072,57.94985646360729,11.509306951902339,11.68437456685111,11.569332663020612,0.9998011382449701,1.0152109606321547
3741,3037,1299,1300,27.156629841656724,7.523627200054303,8.290275316567248,7.937967505540509,0.9937307467732439,1.1018987379528071
3742,1296,1297,2943,19.58287753436063,5.547488218567515,8.000000000000004,6.94325644497048,0.9179189722324527,1.4420940946253658
3743,3418,1264,1265,27.231645554618375,7.329431821387726,9.412306951103615,8.110970819141027,0.9436243456955737,1.2841796172573612
3744,2945,193,2946,14.825432205554453,5.35447992874604,6.197445324862158,5.885852628615848,0.9842471707906636,1.1574317968007644
3745,193,194,2946,19.964226461292515,6.197445324862158,7.495645108287731,6.852234362628807,0.9761049264451033,1.2094733741688068
3746,3038,2946,194,19.572522300779053,6.239499890742779,7.162548172260603,6.755220239246637,0.987329341205107,1.147936260546667
3747,1097,1098,4482,28.77675854150896,7.207356771283343,10.439281597175729,8.548879456153005,0.8863914337048959,1.4484202639682715
3748,1151,1152,3803,29.613203963314614,7.472060990133249,9.29339007496856,8.371238260853223,0.9682574297740518,1.2437519028873494
3749,1164,3542,1163,43.96250180378267,7.999999999999944,11.85716843726552,10.469012320651258,0.9011492326951948,1.4821460546582004
3750,1165,3116,4006,40.94292991672609,8.37785693446963,12.204799099634194,10.138328434998058,0.898171945334439,1.4567924942020787
3751,3537,1092,1093,28.449256126487956,7.2268381856002915,8.756350373758547,8.18568101001148,0.9737682625047954,1.2116433423410335
3752,3536,1157,3112,60.150349642105226,10.160947398647853,13.673875789348081,12.04366012750206,0.9440858278573231,1.3457284299264953
3753,2950,1056,203,41.653198372038275,8.145372398094123,12.49731919701574,10.30513580978331,0.8796650191447042,1.5342845711928281
3754,206,2950,205,24.736124721722298,6.186766846203726,10.257655252859992,8.148140699687934,0.8259303792729711,1.6579993246640952
3755,3128,3551,1055,78.17223718849633,11.544550073910838,15.841475754534176,13.77704506725612,0.9358869257715117,1.3722038237188494
3756,3421,201,202,27.27745179342983,7.47713508971793,9.294921630303504,8.089321043262807,0.9520987573113544,1.2431127054378457
3757,2952,2953,221,33.99913185572059,8.33984339052391,9.234059000155483,8.88597619152207,0.9924687485999619,1.107222110507209
3758,198,199,2953,21.93367588611039,6.509615560215072,8.246853415402919,7.240104126219506,0.9564463624796403,1.2668725732139012
3759,2955,4146,4282,47.71927601434645,9.542551068380728,12.126808607284529,10.674917394702858,0.9573044383442735,1.2708141167267888
3760,1245,1244,2955,30.770762664581646,6.623868372406021,10.523395018517125,8.863057543733174,0.8745481871787386,1.5887083539213895
3761,3140,1028,1029,32.93343898869855,8.000000000000064,10.999480550834072,9.087688772464885,0.9008752467381345,1.374935068854248
3762,2957,3471,3040,58.579018350860224,11.154199017467214,12.682012758986923,11.697481590362704,0.9851802280221376,1.1369720711569866
3763,813,812,2958,18.896450935621598,5.884661842305592,7.529413660311171,6.709053198757014,0.9599055027605842,1.2794981023686436
3764,274,275,2959,18.197729629416123,5.7133456986461075,7.438586580950053,6.597225763796217,0.9546911704640483,1.3019668287729862
3765,3859,4063,255,49.202966016179666,9.57766965214676,12.07269260504885,10.807733306369306,0.9642255474791182,1.2605041772706005
3766,268,269,2961,27.9750760015516,7.869343213994266,8.258766523612394,8.042703245868848,0.9983682634808826,1.049486125973716
3767,3151,269,270,39.91796575793467,8.000000000000114,11.315596119866218,9.88167902577577,0.925753893592678,1.414449514983257
3768,251,252,2962,31.907299455038014,8.0,10.589890945086363,8.877845674995447,0.9178488550158038,1.3237363681357954
3769,253,3428,252,36.25322960927576,8.0,10.175588454436902,9.282192217532506,0.9620758900525447,1.2719485568046127
3770,3457,308,3010,76.85320270738734,12.041434988857487,15.597525870572317,13.589871554194714,0.9496365570015111,1.2953211876329898
3771,3431,96,95,41.51514143818328,7.419924588031134,13.87824391290711,10.838708171886438,0.7700740648124548,1.870402286202976
3772,36,3432,35,43.102438048753754,7.74310475249002,12.135467234449395,10.462215799130723,0.8791778243472287,1.5672611468347866
3773,3042,3060,2965,28.222154073343315,7.387757831595514,8.711430118041518,8.127836794037632,0.982073350753915,1.1791710443979366
3774,271,272,2966,19.3638012877249,5.3705095975806545,8.000000000000025,6.943147276731686,0.9035433628462914,1.4896165540052144
3775,3433,274,2959,23.383413158013575,6.928193927027815,7.747769291642736,7.371516599873535,0.9917034233596248,1.1182956731937954
3776,3151,3568,3859,42.98765259746843,9.217525668546882,12.436767654879343,10.344726621726982,0.9090678008719396,1.3492522941723433
3777,4353,4352,4199,52.98680141617871,10.515364066460657,11.426874643932827,11.083505028672512,0.9947967225946425,1.0866836917591358
3778,140,141,2968,43.12153206139988,8.000000000000068,11.643363011447601,10.33642306753701,0.908754887990738,1.455420376430938
3779,3474,332,4072,25.140540917102417,6.7567634998824655,8.94670118370261,7.785791409921288,0.9451872748335952,1.3241104537487864
3780,3437,333,334,40.3134626978668,7.999999999999944,11.88720820557787,10.035795825145016,0.901671814583162,1.4859010256972442
3781,3043,330,331,27.06198212390941,7.1182674559152,8.902817927839015,8.007028461251421,0.9667973494177646,1.2507001152985442
3782,327,328,2970,20.211163547608795,6.089828446926143,7.596088832720734,6.914306452747745,0.968456508013824,1.2473403641698446
3783,3044,433,434,28.88482905182243,7.999999999999943,8.369380331894822,8.171680391814688,0.9986110074255272,1.0461725414868601
3784,437,3582,436,36.01798977214751,7.999999999999984,10.133120766017587,9.247155335393815,0.9634731052249336,1.2666400957522008
3785,2973,3045,3064,37.699739352954765,8.675997685503553,10.134778770652519,9.388494192863538,0.9837823254318095,1.1681398656417805
3786,3196,429,430,34.27506017082226,7.548383215104839,9.870869122064372,9.072699270154926,0.9482292005547196,1.3076799151256757
3787,3045,2973,414,40.838915189316836,8.675997685503553,11.451660009675715,9.928522830848012,0.9441140423458371,1.319924281308872
3788,4283,741,3449,62.17615196610224,10.696299348729118,13.159759344178457,12.111075517345563,0.9717986956437381,1.2303095598892373
3789,2976,365,366,21.5996990551796,5.603355708311565,8.453372133260123,7.352242613857224,0.8968579023474663,1.5086267182219173
3790,361,363,2976,30.54275536551755,7.506639279262499,9.272399170482219,8.491155576985456,0.9710275173453974,1.2352264209761254
3791,482,481,3202,24.33545177453356,6.623868372405865,9.214990212504784,7.754375353857152,0.9167508551889972,1.3911795486294958
3792,407,408,2977,25.913095940238822,6.512582719482005,10.821065318128793,8.444549345870234,0.8032385440941956,1.6615628214223244
3793,481,480,2978,16.103504459631864,5.602587840258601,7.260575862191724,6.243041718523571,0.9413902342472694,1.2959325349652338
3794,2979,2978,480,19.467267413763686,5.602587840258601,7.693181899156421,6.872211860873509,0.9355206560086288,1.3731479306536538
3795,3726,3317,2979,31.555868995439923,7.793682849614128,9.307292715120138,8.603385726587058,0.9794300602917667,1.1942098356723547
3796,3206,2980,1560,29.30641226739462,7.336853772490025,9.23864864655758,8.335728878096575,0.9655947754562516,1.2592112277333984
3797,1526,2982,3046,31.57326208432089,7.036253312610258,10.832805409134723,8.96523230219269,0.8808371364662639,1.5395701274313627
3798,1529,1530,3046,34.1085103660986,7.393547119112099,10.227867132751411,9.105755675408801,0.9329893838973391,1.3833505038890845
3799,1526,1527,2982,21.652122053576853,6.448537423473818,8.000000000000004,7.161596912028027,0.967231208652575,1.2405913891231501
3800,1738,3807,1737,33.2032124765096,8.000000000000032,10.538821645528175,8.99175082070123,0.9342043764856549,1.3173527056910166
3801,1733,1734,2983,30.107312503237065,7.470472061106427,10.564110165860056,8.706813891427807,0.8960437659987034,1.4141154775024272
3802,1551,2984,1545,53.877587283574584,9.388296702921753,12.828407277981889,11.421076620287009,0.938284571280795,1.3664254213428866
3803,1234,1235,2985,25.38727387918092,6.410457434921013,9.52247037929909,7.977642604740043,0.8984365792113639,1.485458795409102
3804,3048,1398,1399,37.67681112389858,8.000000000000025,11.129811023105955,9.591344477200424,0.9293262180137453,1.39122637788824
3805,1355,1356,3049,28.69894717619445,7.817991585261088,8.685214797010659,8.167735460757248,0.9914147291603607,1.110926598256323
3806,1352,1353,2987,25.298146462083004,6.519135789254676,9.011332191414319,7.843489326889665,0.9337649189733941,1.3822893835510324
3807,1395,1396,2988,19.430931972540286,5.3313030025859325,8.000000000000064,6.966477221273774,0.8992786798629341,1.5005712479894104
3808,4180,3330,3740,33.7736300468189,7.7730162025927845,10.72407551556295,9.104561901636897,0.9242870444573288,1.3796543370108767
3809,3923,3329,3440,38.17389385439604,8.735732572631719,9.850252110976413,9.426358188039709,0.9894499660816949,1.1275816915270949
3810,3808,952,3940,67.60872876835707,11.698503863472322,13.292794567748402,12.546179152176265,0.9892313474330535,1.1362815897556038
3811,3296,3707,4185,39.7616273190613,8.927968533618646,10.218992258267926,9.626068083473728,0.9879609550599576,1.1446044214636146
3812,3297,3810,889,59.15275207086974,10.593401615097827,13.501990819590095,11.886826374149287,0.9569135490365653,1.2745661224008458
3813,884,3445,883,25.21932464934003,6.960638308922804,8.87654343802462,7.7706277834549295,0.9541813526444933,1.2752484821177719
3814,841,842,2993,19.006602322492505,5.922038353123759,7.607089646365023,6.7355046407952175,0.9575044910929147,1.28453907130683
3815,842,843,3051,30.486729398045757,7.3918536552775596,11.061988778742096,8.90086902007573,0.8619421935538926,1.4965107934522177
3816,844,845,2994,20.418305545713167,5.658987768027951,8.000000000000064,7.068255656311558,0.9248134424034073,1.4136803838308898
3817,2994,845,3052,26.704968720374794,7.088320230531306,10.072066458710838,8.2353886300496,0.8868226716359409,1.4209384072869242
3818,816,817,2995,28.94294098626213,7.943542434908863,13.399430481753878,9.780990972220936,0.6539250156288624,1.6868331215640584
3819,3447,817,818,41.82711563870436,7.999999999999903,12.532800417425474,10.34879844625597,0.8738867499932682,1.566600052178203
3820,1039,1040,2996,18.100319042160045,4.772177782259608,8.000000000000064,6.893099267039744,0.8399588571203644,1.676383480460381
3821,2996,1040,2997,20.26592255941043,5.160312584936716,8.930582194909379,7.3326715995685525,0.8312663381156401,1.7306281446938547
3822,3053,1040,1041,43.400096006301034,7.999999999999984,11.676462003360262,10.37842455485456,0.9066485986204545,1.4595577504200357
3823,3811,3448,847,46.27201444618792,10.139686489955656,10.469574898531537,10.340309115878311,0.9992328950840796,1.03253437952965
3824,3054,2998,836,30.302465258377914,6.9621319963234995,9.702299179120923,8.590607822983872,0.9307966553583393,1.393581618998954
3825,834,3723,4125,57.94511155300966,10.6431780016349,12.371897626016656,11.63417411130429,0.9847984022397602,1.1624251350598673
3826,3984,3450,447,74.24325263668754,12.53178313838111,14.230399568671942,13.163676689240212,0.9861935584080453,1.1355446716188757
3827,3451,980,3813,58.18137105312928,10.98946252588875,12.18033119945429,11.622148806487749,0.992984004948687,1.1083645966088074
3828,735,736,3003,19.842110505186863,6.273383455116662,7.659233099321567,6.851216369282732,0.969073916234622,1.220909442905899
3829,3055,736,737,33.28666135368121,8.0,9.824496197738195,8.865854156474692,0.9710693614513841,1.2280620247172744
3830,3004,598,3453,23.44180210302622,6.975474563294204,8.228604972545961,7.428348916914229,0.9753901884886594,1.179648050878987
3831,711,3454,710,44.66673938225771,8.233905088768882,11.837588585710783,10.490428019504073,0.9158855448677178,1.4376639587280835
3832,3454,711,712,27.616265027605007,7.842262789940212,8.233905088768882,7.991766970135923,0.9981038339483104,1.049939961120795
3833,3006,704,3364,24.627471859543824,6.867768495122983,10.549778856002964,8.213977974867793,0.809966296666914,1.5361290735840458
3834,3456,610,611,29.742127466430706,8.000000000000146,8.839818035834213,8.314114551340907,0.9916561281042718,1.1049772544792564
3835,613,614,3772,30.86286529357996,7.928320479075802,9.883248586682377,8.603856355252688,0.9522899499477372,1.246575313493692
3836,1675,3035,1674,28.360570799101538,7.422200202830005,8.697163055101981,8.143917601607974,0.98329681415526,1.1717769418003365
3837,3008,3035,4069,42.96188095531344,9.56152402046838,10.569055783955246,9.988776750932493,0.992593361516725,1.1053735535600853
3838,81,82,3817,32.476482513873876,7.526536187508179,9.88857912158416,8.819018115125887,0.9526408287687727,1.313828682308905
3839,811,810,3457,37.88630406398616,7.6489460013736705,11.100810317730893,9.667225535210374,0.9151006145657227,1.4512862707799616
3840,2849,2787,3010,24.518255869318544,7.1729990036807445,7.905770868478389,7.542625541920509,0.9937131886190393,1.102156972895386
3841,753,2968,3434,45.42129129667516,8.205113567163362,12.144230901948932,10.626014932155279,0.905011226323675,1.4800807816420491
3842,3458,143,144,27.664057391618098,7.6896420688227085,8.327509113596427,8.005717060806363,0.9957616382806874,1.0829514610777426
3843,3058,799,800,26.510593418183177,7.511985017288405,8.272641773607186,7.844387571632313,0.9933179636141788,1.10125908858553
3844,3317,3726,486,26.745018947382956,7.271020084108077,8.728592681023557,7.9310985382485875,0.9762766757692947,1.2004632885145272
3845,58,59,3460,31.84420152099582,7.466350516448452,10.572903934488536,8.885343368752608,0.912489542877922,1.4160738785563727
3846,3164,145,144,30.06148031579016,7.551011730032794,10.45433087307007,8.668447534367644,0.9043085866694945,1.384494058125992
3847,136,137,3461,27.47551572857095,7.921190547895392,7.99999999999997,7.965880407050572,0.9999313532504299,1.0099491928174251
3848,338,3585,337,34.49333959840618,7.641604040008651,9.852217191929205,9.08299648302716,0.9535289737875162,1.2892865346524878
3849,2859,3017,2860,32.20244398174926,7.410357848974855,13.11454950617891,9.848086619426462,0.7237713551311203,1.7697592712062036
3850,3463,117,116,45.5448190359662,7.516516203662743,12.869012823420247,10.971999997978715,0.8323009162396359,1.7120980617522346
3851,3953,3565,3858,48.46016560663259,9.655724705886854,12.262873906880746,10.763432025979446,0.9560305610471895,1.270010722178562
3852,3028,2926,2914,29.205375991215877,7.658580913772825,10.20793102776327,8.5144139564501,0.9123165889885673,1.3328749989969833
3853,3019,2875,3396,32.86318174829583,8.415296517094752,9.165384963840832,8.729603598495162,0.994589472958542,1.089133929532056
3854,3384,316,317,23.13557016508824,6.288711867076126,10.171582589593795,7.95155369740186,0.8108223038436422,1.6174349858269101
3855,2881,3410,3822,32.69740795677555,8.224588099247633,9.051396056106702,8.710608298817638,0.993582177239553,1.1005287981454905
3856,26,4,3020,52.994530152866176,9.271322585917654,14.295469645206337,11.67313578447142,0.8711128440884407,1.541901871359749
3857,4233,4328,4375,79.82524189926754,12.355807132228803,14.488120393954668,13.669309143348103,0.981986562258619,1.1725757968626715
3858,1065,3614,4022,43.837986306990736,8.85158135054569,11.313631586779113,10.210888214940015,0.9613890796471919,1.2781480662866687
3859,1627,1628,3465,36.51414949396186,7.4785223596235095,10.597876493046952,9.467838546007277,0.9202773244537014,1.417108351546131
3860,2896,3022,3023,36.291546516444235,8.35951637060458,12.19733203526049,9.747335611369124,0.8549647320467316,1.4590954182650104
3861,3022,3466,3023,58.1039807593446,10.393033185852707,12.469383087354826,11.686582769489341,0.9764250519236146,1.199782860727175
3862,24,3467,23,38.42460544414092,7.001211401547922,12.029265206763258,10.067457073958565,0.8357526627873173,1.7181691162908845
3863,3409,2881,2915,24.523068063320245,7.190722759718508,8.353876757477366,7.588171267399454,0.978573355404834,1.1617575919175602
3864,2901,2758,3026,15.66290205984948,5.395105096195062,6.904745892016509,6.1128062622320085,0.9582222200150139,1.2798167540584395
3865,2851,2788,3818,33.18435425601327,8.157794155561247,9.745141145322822,8.834892249636015,0.9762241504789286,1.1945804171437038
3866,2902,312,3059,44.8700065349177,9.246353494269531,10.852483011194298,10.250371516774639,0.9814551429943839,1.1737041005321907
3867,3025,2901,3026,19.196824044109082,5.395105096195062,7.709689251128645,6.874792778295404,0.9166650944350822,1.4290155823963395
3868,2909,345,3027,37.563514160514515,8.741108655101122,10.76285303922453,9.463828533100953,0.9594947375498799,1.2312915287860609
3869,346,3027,345,33.110646555884294,7.697334106049688,10.57554560851487,9.004662789888561,0.9268648546565819,1.373923161293345
3870,3,3986,4,33.45190430074761,8.000000000000071,9.385976467460027,8.848894545691088,0.9819777697364562,1.173247058432493
3871,3145,3953,2927,77.74988097789848,12.828584865188892,13.836296993783852,13.420037187808013,0.9959711296431659,1.0785520881051693
3872,3015,3029,2855,44.32624076975485,9.571155368005417,11.023963262664841,10.176722228309755,0.984803883266542,1.1517902320879556
3873,2928,2927,3031,30.358824832038934,6.863149468725383,11.314461796217847,9.008854180712815,0.8299619217185343,1.648581580188018
3874,4200,2927,3953,86.13562210533003,13.595229704451294,14.790376652733883,14.13056912127473,0.9950125043197309,1.0879092868795943
3875,2916,2779,3032,43.51942871933315,9.294973651803245,11.746993494903462,10.220512211961578,0.9513667720007556,1.263800623321242
3876,2827,3032,2779,42.14352946188182,9.184728898357488,11.131306273616207,9.978534887050573,0.9706703286131231,1.2119362908584954
3877,3459,3819,3033,32.194663263798404,7.391402219956696,9.758232885130038,8.78708086877311,0.9503280814260866,1.3202140263430568
3878,3061,3034,2936,27.724341442538528,6.414199374778734,9.458830760175553,8.297694214197612,0.9061534775810189,1.4746705251116157
3879,3067,2937,3034,18.0707192780325,5.809344984008451,7.691820501003854,6.617987498767179,0.9394239641463704,1.3240426454578522
3880,3468,1678,1679,30.152002272475976,7.432493651392241,9.707457071297027,8.507198945011561,0.9507143224797446,1.3060834662776528
3881,3468,4069,3035,43.7359372435769,9.81680392594825,10.569055783955246,10.069336928451976,0.9949506700851763,1.076628998977825
3882,1684,3824,1683,26.924214831846157,7.3938384115034825,8.836781230644586,7.965107288180616,0.9740540897891683,1.1951547679073085
3883,1679,3469,3468,34.485342979756524,8.381646112345418,9.241451753427349,8.95021334387946,0.9921824712338266,1.102581954613368
3884,3062,1300,1301,30.09739471443347,8.0,8.891336351027842,8.364233882355316,0.9914539632128561,1.1114170438784803
3885,3037,3062,3484,29.162624612563,7.885421182608867,8.762303022003707,8.233995917525489,0.9912456378468196,1.1112029172682347
3886,195,3038,194,24.858972303148207,6.239499890742779,10.574295086246474,8.271264992329726,0.8020039939776055,1.6947343972126683
3887,3969,3977,223,32.34181306119703,7.430560368957427,11.17789960583829,9.107867068754668,0.8748920171343161,1.5043144865003832
3888,3472,1244,1243,43.31094220173338,7.260575862191751,12.835339675927733,10.763654511378943,0.8194497421363857,1.7678129007322467
3889,812,3041,2958,21.259197629897034,6.2671034202362055,7.529413660311171,7.071729002730575,0.9753831376317971,1.2014184473163505
3890,2931,3042,21,48.674428939929776,9.312147681637851,13.248775623733685,11.026832549781384,0.9043160850620438,1.422741141644292
3891,3474,331,332,29.297617453170115,7.863798411999244,8.94670118370261,8.270166531900571,0.9859000371456398,1.1377073412831873
3892,3580,2969,322,38.49968100917682,8.464019358103279,12.155057151822973,9.90841373159391,0.8823261557607138,1.4360856984791712
3893,434,435,3063,28.263969435969717,7.809042955282209,8.637807572011617,8.106651934400832,0.9910914777775034,1.1061288331329786
3894,1530,1552,3046,71.93235658143657,10.227867132751411,15.196896845057848,13.395144726093465,0.9004930921130958,1.4858324465708728
3895,3438,3046,1552,62.73183744461652,10.810948769174164,14.760670200471132,12.433078498617865,0.92023547004007,1.3653445701786155
3896,3622,1235,3231,43.941991655122415,8.186988270296407,13.280130820602244,10.736010390046923,0.8485967650519828,1.6221020944642737
3897,1230,1231,3047,27.978265271294603,7.151813950508196,11.790333912334082,8.980715954280768,0.762664424553414,1.6485795063917008
3898,1400,3475,1399,40.85653434645864,7.999999999999944,11.100641843337455,9.982794656451594,0.9283845659204571,1.3875802304171916
3899,3048,3475,3478,51.71489858841241,10.306477412712463,11.334287862110763,10.956602421489215,0.9930993734378121,1.0997247078939458
3900,3988,1357,1358,37.65708258713515,8.000000000000039,10.923395511300338,9.551251391261255,0.9384730203733994,1.3654244389125356
3901,3476,1352,2987,42.504279682439034,9.011332191414319,10.486957915033102,9.97345433046367,0.9822491339405969,1.1637522280029482
3902,3048,1399,3475,50.75132091068099,10.306477412712463,11.129811023105955,10.845643426385289,0.9951744823251091,1.0798850642585174
3903,840,3051,3479,40.17792825949644,8.661341126153278,10.709244784911624,9.740524856073696,0.9707483304516814,1.2364418660956114
3904,3480,3052,845,49.783097339762605,10.072066458710838,12.492208284339974,10.914994501671544,0.9550290249049033,1.240282551306646
3905,843,3052,3989,37.61444969758482,8.360327008350309,10.292099037438732,9.419733799177378,0.971982093488405,1.231064170953955
3906,3053,2997,1040,32.07721548460286,7.183679150876582,11.458811661203432,9.191024335663132,0.8460873918833426,1.5951174071861465
3907,3481,1042,1043,21.79495958077132,6.127807962879681,8.0,7.219012940621635,0.9542500744019596,1.3055239407731876
3908,2999,839,3054,21.609539597163618,5.805431495899375,9.570896662566293,7.607956916652121,0.8282041457047186,1.6486107310587725
3909,737,738,3055,33.28666135368121,8.0,13.616631671430806,10.12989931437223,0.7065911332885187,1.7020789589288507
3910,738,739,3337,39.404706718519265,8.0,11.083282962509557,9.786157360101631,0.9336059626994389,1.3854103703136946
3911,2724,3008,3056,35.842577512702704,7.65407177160972,10.308468825425269,9.302769172588032,0.9414523954047057,1.346795422491486
3912,3041,3482,2775,30.118157234083007,7.583270026226545,8.865062726808349,8.396308555623834,0.9819826227896381,1.1690290199542883
3913,3057,3010,2729,44.478734425318166,9.425857613815811,11.247345556157175,10.224529934839461,0.9771700386199345,1.1932437362168027
3914,3059,313,4049,36.44329947241978,7.842912838788261,10.417594538662199,9.356158989156015,0.9483640363578619,1.3282813098649364
3915,3025,3026,3059,33.17903667485606,7.709689251128645,10.670054756616201,9.033508494107723,0.9219131005973595,1.3839798737743132
3916,2965,3060,19,26.32009070683021,6.93867279072263,8.401921467945995,7.874972230381495,0.9732262737124266,1.2108830782710787
3917,2903,2871,3060,27.258601664568296,7.328193528988348,8.449149560520903,7.9750109447145805,0.986304951932203,1.1529648510370742
3918,2936,4151,3061,39.14480705086654,8.436044476536685,11.392191261749112,9.762355499487116,0.933836243436961,1.3504185869852168
3919,3485,1301,1302,36.041110631786935,8.000000000000028,10.246556918981701,9.260660944173965,0.9606945086314915,1.2808196148727082
3920,1303,1304,3828,28.276190856921513,7.301778171813975,9.71295410392596,8.297514202988989,0.9341297154123186,1.330217636769562
3921,3582,437,3187,53.40954968044804,10.133120766017587,12.960728523080608,11.316540748836019,0.9524432138098927,1.2790460927442688
3922,2972,3044,3063,38.89769479666857,8.476513821516248,10.445691911442275,9.580188608906882,0.9716155399684767,1.2323099013803989
3923,429,3487,428,41.279802541431316,7.39270345799834,11.916771994563543,10.312043619046467,0.861844003038782,1.6119640213176016
3924,1689,3067,1688,28.3658040432939,7.896448719591332,8.41295727538799,8.103135331659775,0.9969173038395595,1.0654102336554387
3925,1483,3068,1482,50.89917692756354,8.0,14.037173617847476,11.643273348072048,0.8253469004726387,1.7546467022309344
3926,1487,3489,2934,29.624196597732457,7.234279914238603,9.137339985672112,8.386077384197124,0.9634423523603497,1.2630614372119997
3927,3490,1694,1695,24.33785581743669,6.705733860572268,8.0,7.5657547513353505,0.975618939932464,1.1930088736503002
3928,3824,3070,3825,54.78079725868159,10.732594766747416,11.590235026724987,11.26643657494504,0.9955427805231031,1.0799098706898709
3929,1685,3070,1684,38.776863620516124,7.629785094757376,10.887698123853921,9.781405465475506,0.913870707174402,1.4269993176262779
3930,1496,3491,1495,21.83074868342068,6.530700145375301,7.536930277329734,7.138824139792798,0.98557952945694,1.1540769151171322
3931,3492,1279,1280,37.00641139954024,7.623587748442199,11.509306951902339,9.649269880284926,0.893599955746831,1.5096969211450535
3932,1289,1290,3416,40.37925713294742,7.579824159176856,11.59227890646048,10.081361389029643,0.88974189890659,1.5293598720790593
3933,1282,3073,3493,39.90768586980036,8.468521599342825,12.371604888853074,10.09200635040555,0.8810740567636615,1.460893113836202
3934,1288,3074,1287,29.95875553855755,7.6084347454854395,11.971290384131898,9.193241709872447,0.7826556936984741,1.5734235469700537
3935,3073,1283,3074,48.41580726194108,10.478641988788164,10.662253397771767,10.574897909685477,0.999797853788697,1.0175224431925494
3936,4074,3072,3492,55.734345077035734,10.551901349007164,12.134572052456129,11.400263290590559,0.98713839030501,1.1499891489790965
3937,4455,3417,4395,65.44253212948333,11.257672304831228,15.724745433923092,12.87600385996241,0.8896762203735359,1.3968025545720335
3938,3495,1310,1311,44.09664121970197,7.999999999999994,12.335939685881975,10.544062081220256,0.8886787016842389,1.541992460735248
3939,3076,4202,1274,48.45716495685875,9.568839887089224,12.272044043145426,10.769045679697598,0.9545443398460357,1.2825007198316178
3940,1726,3078,1725,41.36097531563466,7.9999999999999964,12.7370025702984,10.364185361511563,0.8593226979666335,1.5921253212873008
3941,1627,3465,3022,59.62211285429285,10.597876493046952,12.942171883285567,11.850337741789147,0.9740520399956643,1.221204256510883
3942,1470,2885,3992,53.85405747747363,8.536285147613203,13.391619241555942,11.726512341642865,0.8721450653485685,1.568787711514103
3943,3499,1309,1310,31.93510352484555,6.93122266416406,10.794059256389334,9.010928676751588,0.880842712702452,1.5573095511989516
3944,1308,3498,3081,73.23328924025483,12.23591558688649,14.192895215782498,13.085371165151749,0.9838655048397205,1.1599373267165514
3945,3500,1256,1257,30.0464942857303,7.744173914038681,10.44523152001082,8.661845711617891,0.9056511086086408,1.348785762813984
3946,1263,3082,1262,40.04235773323045,7.7718926697052835,11.111536212858793,9.934438828483026,0.9152430008058898,1.4297078826334526
3947,1253,1254,3083,31.604539305876468,7.920737126083119,10.854840827589639,8.925192651224252,0.8953124646904259,1.3704331623182477
3948,3082,3083,1254,51.961481050029704,10.806476646261876,11.215940486913825,10.95908598692178,0.9988759111631689,1.037890595987508
3949,3502,1268,1269,45.01910819849721,7.615688152253542,12.800619984207684,10.848451175687323,0.8453341760090671,1.680822498019418
3950,3504,173,174,33.97545007011463,7.999999999999911,9.82627190841563,8.95143509847353,0.9724359423813163,1.2282839885519672
3951,3837,176,3091,48.187875931967845,9.326850845968755,11.602051463062864,10.675930845292527,0.9683055487899797,1.2439409243986672
3952,167,3995,166,29.020689966676233,8.00000000000006,8.313516947668479,8.189959357247664,0.9989029073182021,1.039189618458552
3953,168,3507,167,37.85557751150716,7.999999999999964,10.407582450408217,9.51933645362732,0.9525046125882576,1.3009478063010331
3954,4391,4385,4489,34.268202705444196,7.472126593129162,9.940075220809087,9.093620573253949,0.9420257505209021,1.3302873147183127
3955,181,182,3508,25.5208105762234,7.1049578148294055,8.790406732574597,7.787704500634132,0.9634610582204394,1.2372215235715176
3956,3509,235,236,46.431129743200174,7.999999999999914,12.531982688066899,10.864457009203214,0.8776535080531506,1.5664978360083792
3957,4209,3997,3090,45.15108179308916,8.84503224856364,11.747483695489567,10.414353974888286,0.9488697172291561,1.3281448122924888
3958,178,179,3510,37.32764259806471,7.413284317146201,11.673932488661919,9.756682978457368,0.8768712528206545,1.5747315210427388
3959,237,3840,236,45.304242370472316,7.552241389283872,12.790986778794444,10.913060479519713,0.8385586744010386,1.6936676305055614
3960,1325,3511,1324,39.67949911891901,8.0,10.762118381854826,9.798125949853913,0.9386737666864282,1.3452647977318533
3961,1321,3835,1320,30.025090790233282,7.6902990108888325,10.146024633622392,8.579462868289175,0.9264883478843773,1.3193277165499617
3962,1316,3093,4000,33.78250798016888,7.293409594125944,10.44023359850459,9.10780444884316,0.9208993202372715,1.4314613026687923
3963,1327,3513,1326,23.496559825437885,6.34647044871289,8.114009620351295,7.486826689688062,0.9569355758511288,1.2785074295897612
3964,232,3096,3515,49.86251955446717,10.644046361864518,10.860227837737126,10.732124571262352,0.9997002134605817,1.0203100840153367
3965,182,183,3095,38.976281558454374,7.999999999999833,11.008821153952027,9.722895336410128,0.9362679818939734,1.376102644244032
3966,3838,235,3509,43.11539901978416,8.817028520272604,12.531982688066899,10.392709591480797,0.9013588507207976,1.421338567665134
3967,3095,4076,3508,41.98453197003397,9.391127436026048,10.74253048303069,9.904238324211837,0.9848446060026463,1.143902109327195
3968,228,3516,227,26.735987826006774,7.495681083570465,8.723990984843232,7.923388020132092,0.9784957355315707,1.1638690183824734
3969,230,3514,4079,45.53886626261635,9.77069630617154,11.040881306752745,10.299434694843443,0.9886963704272727,1.1299994351251004
3970,240,241,3517,30.65020652861122,7.41799485968512,9.322749876985226,8.522554114335245,0.9658687097809083,1.256774917390676
3971,4053,3405,161,33.20067904414269,8.232716128026981,9.589770139586605,8.814581655700078,0.9827128604687598,1.1648367307284833
3972,3519,190,191,22.184107443837522,6.254620921737734,7.999999999999874,7.264910084847107,0.9607589661344624,1.2790543344035656
3973,225,3520,224,39.274047934038805,7.999999999999903,11.430486939719197,9.827028492823015,0.9202762131913007,1.428810867464917
3974,226,227,3521,29.93155811400015,7.392490928276127,9.564991207104274,8.45870727956112,0.955580432645621,1.2938793297017623
3975,187,188,3100,45.25903904362773,7.9778094309699386,12.225468700328467,10.685091905031465,0.8868322542236771,1.5324342861423927
3976,243,3101,4002,42.586010259096035,9.318408360431908,11.181724390502536,10.027502697329211,0.9715459748051584,1.1999607613230059
3977,3842,4157,3525,43.68532110211802,9.72070660590637,10.228251572528029,10.052291965160505,0.9978567582102461,1.0522127646886565
3978,4150,3079,3823,57.13742760034924,9.858314477118542,13.843704722220961,11.839256198886323,0.9239420761622543,1.4042669012388107
3979,4295,4294,4150,80.70694234068607,13.0031696349636,14.751461603399934,13.716608944357896,0.9876965750493056,1.1344512159354927
3980,4156,3842,1659,32.0328748143054,7.705410132872886,9.482786913017788,8.692546110214577,0.9720194145920424,1.2306660838937362
3981,1633,1634,3526,26.827696787274,7.303444080551628,8.734530635796478,7.941371569394595,0.9769334241842685,1.1959468080348141
3982,3526,1635,3844,47.506094884063984,9.968589702101054,10.924645338391462,10.496424645703108,0.9943660565134378,1.0959068097755997
3983,1638,3105,3529,44.67548290239668,8.95460364581779,11.187771160999482,10.28459625665539,0.9669940911235503,1.2493876450047774
3984,1639,3105,1638,41.21792088036382,7.999999999999984,11.486692101742463,10.066035354963782,0.9191693239408806,1.4358365127178108
3985,1653,3530,4083,38.640522752121015,8.92133383833191,10.398318168572803,9.514569535288777,0.9813450406422906,1.1655564467159383
3986,1640,4084,4005,64.590573062671,11.607781494197438,13.062392697924214,12.259206112818648,0.9901311805388374,1.1253134549831003
3987,1645,3109,3106,42.009091414450495,8.043216645276543,11.481276376095135,10.157565418141433,0.919941282560596,1.4274483558561892
3988,1148,3534,1147,27.582924152226308,7.503715363536509,8.77896092806041,8.038853535821305,0.9812805131597025,1.1699485525158402
3989,4281,3802,4145,69.62641723465121,11.003152817048058,15.840765552194142,13.195148131096472,0.9027600656533588,1.439656961562034
3990,4087,1163,3542,42.19261161176885,8.9907302981364,11.85716843726552,10.131518836095275,0.9352281817790447,1.3188215021557566
3991,3112,3535,4477,36.36084053891028,7.606472122518244,11.731923428548827,9.644294147077881,0.8760728431897454,1.542360668596625
3992,3535,1159,1160,29.26684633891681,7.41253011454291,9.915995472452542,8.450293953591215,0.9317003298344265,1.337734257969218
3993,3538,3850,1092,42.33878659018234,8.975229477298756,12.329089636026735,10.265288492011885,0.9091310370500737,1.3736795997485045
3994,4086,1156,3536,37.86205086639187,8.591431282292692,11.136391095292971,9.573522768144391,0.941208061311502,1.2962207028583876
3995,4248,4339,4452,85.3105782361171,13.888558801004592,14.195669462752074,14.03793667882241,0.9996799292570514,1.0221124931785772
3996,3539,1460,1461,38.54245886260203,7.999999999999943,10.495378629895914,9.622622839804796,0.947783588497155,1.3119223287369985
3997,1462,1463,3540,42.632145538320536,8.000000000000025,12.22254730442303,10.356583464138213,0.8921974265690659,1.527818413052874
3998,1060,1061,4051,29.829439715312024,8.000000000000057,8.827467560029312,8.324284512204736,0.99228374661408,1.1034334450036563
3999,4087,1162,1163,31.052736679757007,8.000000000000064,8.9907302981364,8.497366344799174,0.9909407083856755,1.1238412872670411
4000,3541,3117,3115,92.75312049721028,13.877266372710361,16.05475381227514,14.733039050789516,0.9827626398713496,1.1569104015937035
4001,4512,3603,3971,57.84292998913581,10.444584634011049,12.658485449180844,11.66350872904168,0.9759139799597846,1.2119663818856516
4002,3119,1719,3544,62.18508275499104,11.257800570482434,13.059961208160724,12.056611634690489,0.984143796602705,1.160081059030615
4003,4197,3602,4409,67.94759628580545,10.150544487763646,14.406515870091644,12.929865394639362,0.9173889191351774,1.4192850331781233
4004,1457,3120,3545,52.042483611510576,9.63858482706407,13.498173998949794,11.348265428711224,0.9149241504087057,1.4004311048908786
4005,1425,3121,2543,24.152804929122276,6.461791172160161,10.471392088147041,8.153099240258664,0.8043152905468642,1.62050920699229
4006,3121,1426,3546,60.23189478854084,10.500714462780776,13.261229018594232,11.954056811868853,0.9647619659588089,1.2628882601843858
4007,3847,1096,2947,61.226143594564206,10.510001227510426,13.439184816051318,12.069306442284168,0.961116451507398,1.27870440023105
4008,3970,3850,3538,37.02536892838809,7.802800503328972,12.385296303156595,9.893214389731911,0.8427912266283127,1.5872886020695463
4009,1338,3124,3852,57.68900241661189,10.344098398968754,12.745726208034595,11.666675269437262,0.9717348023581964,1.2321737203607102
4010,3548,1085,1086,23.214500750309263,6.618407970181093,7.817871391381261,7.377822485569429,0.9796894678168535,1.1812314119353613
4011,1338,1337,3124,33.127600535069355,7.260575862191751,10.344098398968754,9.012547453713845,0.9228681702993088,1.4246939354816106
4012,3970,3978,3123,35.436820391233894,8.445940693086616,9.604118508840266,9.083767292070242,0.9890330928688879,1.1371283386706315
4013,3124,3548,3852,47.43561353755939,9.326819905801162,11.91020120130843,10.626640330757164,0.9606265224729954,1.276984151254002
4014,3400,1062,4052,34.83286740110091,8.284673003981574,10.829918264398383,9.216462556586157,0.9326166392837233,1.307223382165304
4015,1071,1072,3226,44.08330801933166,7.999999999999903,11.90049782997074,10.488889277023985,0.8998815362820152,1.4875622287463606
4016,1130,3127,1129,28.004628525174326,7.578211131789357,8.53165088481062,8.070191366291018,0.9907162466489571,1.1258133003211985
4017,3133,4088,4250,38.0454087700626,7.9937501776467075,10.48539850426228,9.551565765241902,0.9502530101114771,1.3116995491781922
4018,3127,3550,1129,33.47665779785612,8.100712082273082,11.451137789004724,9.272939267662375,0.8749126474679928,1.4135964434612398
4019,1139,3561,4089,33.396554314324675,8.11501303788963,10.623349829313666,9.029053942335741,0.9314309895070289,1.3090983070159488
4020,4010,3130,212,31.16794260161348,7.90370817932364,9.571863226576344,8.581065367058494,0.970756767631485,1.2110597974273205
4021,3553,3128,1054,43.99558591244184,8.592643134941001,11.406814331127578,10.281128700656398,0.9479711023448899,1.3275093765669228
4022,266,3131,265,30.256926419726334,7.407838244096099,10.793427766698297,8.792598410202407,0.8799325379466804,1.4570280034530245
4023,913,914,4012,33.4967774001613,8.000000000000064,9.744406520312788,8.881877404441752,0.9743359625184307,1.2180508150390887
4024,3128,3130,4010,45.50123769431029,9.571863226576344,10.730415998250624,10.287484176328842,0.9904554647758009,1.121037330376551
4025,873,3134,872,37.41916912177521,8.0,13.066061888050353,10.162630859226757,0.80140131355307,1.633257736006294
4026,4019,869,3180,40.343631767002314,9.006570988057572,11.055610929160919,9.790274023175922,0.9638382297751561,1.2275050009399036
4027,3949,224,3520,42.89421858163107,9.110033415839398,11.430486939719197,10.106025090011258,0.9609717594182943,1.2547140518546596
4028,3519,3099,189,38.98614153620166,7.630315274406652,11.032958015385187,9.81843338278876,0.9112334326614877,1.4459373719971396
4029,1143,3558,1142,20.46806182901924,6.089773517748432,7.65638857573488,6.9640563796188735,0.9661775784319098,1.2572534189359594
4030,3560,1125,1126,43.57839561127409,7.644372406300389,12.997359367226885,10.709773035471704,0.8402246647809183,1.700251986221215
4031,4448,4281,4449,96.88779491702469,13.523912521522343,16.139336031946804,15.078141888545892,0.978744770203495,1.193392519085154
4032,3110,1147,3534,45.31288263267661,8.77896092806041,13.005232042306234,10.714583994323071,0.8880146224376951,1.4814090356339653
4033,1110,3562,1109,30.88351806104159,7.436341113230929,10.909112076153948,8.8865110286499,0.8789618777862885,1.4669999546879546
4034,4240,3040,3471,74.78824945601463,12.550532557297949,14.474973265966646,13.235839527417172,0.9815752023921994,1.153335382373847
4035,1034,3139,1033,35.01701939991517,8.0,11.540431363414072,9.435952284990453,0.8852605052570615,1.442553920426759
4036,3564,3139,3856,32.24307254667081,8.296229798352,9.14623429476038,8.652406266902531,0.9929082395721431,1.1024567203499147
4037,3140,2956,1028,42.21785681409128,8.214081305787458,11.142385180973779,10.118649012531769,0.9356437673889743,1.356498038694005
4038,3134,873,3141,67.24475970478686,11.546243606608352,13.066061888050353,12.515925422085003,0.9883768043761164,1.1316288078810455
4039,1112,3142,4013,43.08205618855347,9.125157905904526,10.891120125381056,10.052333003262452,0.9795287432987809,1.1935267573105608
4040,47,46,3143,23.278154272049015,7.106065747744389,7.49992423418591,7.337712937814814,0.99792647559693,1.0554256744059172
4041,35,3565,34,28.877977205995705,7.800186524935348,8.831030875346755,8.205214611960526,0.9876168758317969,1.1321563717888081
4042,34,3565,3145,40.28169954562114,8.831030875346755,10.94342969755923,9.771118803272381,0.9665560133815551,1.2392018386108892
4043,3146,33,3147,46.219167928755304,9.761602539305937,11.746167579929077,10.462000033422656,0.9678849250017653,1.2033032007431277
4044,3147,33,32,38.96697745744268,8.0,11.63601457741773,9.838081519483564,0.9090663898375377,1.4545018221772164
4045,248,3148,247,47.50871385763314,7.999999999999964,12.931531293249623,11.051405446070257,0.8647766667939403,1.6164414116562102
4046,3566,3149,3939,25.87392241294936,6.551165976925428,8.616481764732368,7.88548760450876,0.9473541782859978,1.3152592675992967
4047,2960,3149,254,44.57818139293062,8.519875446578293,11.865082863781028,10.417088165982731,0.9318186322646987,1.3926357184653702
4048,786,3150,787,25.17807806849416,6.562881667825027,10.252006471813948,8.163800918217284,0.8422768343833035,1.562119658819251
4049,814,813,3150,31.597849265591087,7.999999999999924,9.264671381080761,8.590820943178784,0.9851481436632935,1.1580839226351063
4050,270,271,3568,24.551218139407254,7.393537528141747,7.730527557889553,7.533987405214411,0.9985407787680101,1.0455789976672376
4051,811,3152,810,27.337026159874718,7.4967676103929515,8.951575954832329,8.032429855532984,0.9720684795517517,1.1940580821022837
4052,3860,279,4158,52.29859654912108,10.53510441871019,11.932994235665577,11.046881754576427,0.986515427275711,1.132688748150683
4053,3464,25,26,25.893158577530244,7.193566860836958,8.722924405784044,7.821396064727115,0.9707178282215762,1.2126007270848036
4054,2881,3409,3410,32.332924094420655,8.353876757477366,9.051396056106702,8.656293484300834,0.9953728850355744,1.0834964794046074
4055,4369,3028,4312,34.419823805547466,7.827757785718879,9.689049207079862,9.027201247548495,0.9668773323010083,1.2377809166191576
4056,95,94,3155,31.315707912728797,7.496383590313244,12.04917955314118,9.328054601301147,0.7959308916797897,1.6073323100369377
4057,3157,534,535,29.545839400896806,7.64028639442101,9.545997382188462,8.395427925536495,0.9587800445379173,1.2494292608139683
4058,537,538,3157,23.93136579356336,7.2946524016172685,7.517169157493127,7.436196389834436,0.9992770994222621,1.0305040930842058
4059,112,3158,113,27.798338663186563,7.007986857364008,9.933083611890432,8.313690156418128,0.9094075522080006,1.4173947260549904
4060,113,114,3159,36.57017544964156,8.000000000000044,10.550936199766914,9.36445707271627,0.9511423627242965,1.318867024970857
4061,113,3160,112,37.337898081444806,7.999999999999944,13.378405370718065,10.282096896716983,0.77771191604388,1.67230067133977
4062,106,3161,107,33.95799615126389,7.4860557070992995,10.835571185310874,9.175776911162718,0.9112002059427545,1.447433950436023
4063,105,3162,106,29.092422718608596,7.698335823789551,9.233627182031949,8.286728411085342,0.9719225129497233,1.1994315905910482
4064,3163,143,142,40.13215384482152,7.999999999999984,11.506998288540524,9.938364011955949,0.9186431860386397,1.4383747860675684
4065,3164,144,143,30.061480315789726,7.551011730032794,11.521394112283478,9.024135280772075,0.8207432158281563,1.5258080008615533
4066,142,141,3165,31.457910060463675,7.999999999999955,9.857572803114559,8.662185894643505,0.9590527825382166,1.2321966003893268
4067,109,3167,3573,42.99210908338746,7.971393926820275,12.072746359454397,10.375954971068843,0.8967758473324384,1.5145088136762197
4068,3167,110,4016,28.117896484963698,7.613900128721846,9.081770449902839,8.146737853091274,0.9719526459318868,1.1927882289450789
4069,79,3574,78,33.01069198269964,7.999999999999886,9.484273448052885,8.794007078386274,0.981054607264422,1.1855341810066276
4070,3577,67,68,34.43631457460788,8.0,11.178587656683646,9.277153288559196,0.904290851690508,1.3973234570854558
4071,3172,281,3174,31.187412646143233,8.086254437023138,8.782893799342029,8.502198897208599,0.9951204066254025,1.0861510564309365
4072,3177,4018,300,38.27243784325464,8.024643462918334,10.462092626703393,9.575931159646991,0.951313686632763,1.3037454779204145
4073,300,301,3177,38.207839780559304,7.618238646844737,11.053802633159865,9.711377968902665,0.9138088255602866,1.4509656556555948
4074,296,297,3174,31.310096450263067,8.000000000000004,8.936742711737438,8.529826600345677,0.9917136436133926,1.1170928389671793
4075,292,293,3578,26.35747990086454,7.207202897314417,8.320481513416343,7.8425614702435675,0.986152449866597,1.1544675003553406
4076,287,288,3175,35.52825412225995,7.4059611019634435,10.28622967129825,9.324844998168865,0.9240396676895143,1.3889121924460552
4077,284,285,4017,26.816849102194926,7.338026880078917,8.373385061867701,7.903803980648881,0.9884675844768404,1.141094901764335
4078,3176,295,296,39.52808302944446,7.999999999999863,12.369684798283615,10.089185199194395,0.8694559838416709,1.5462105997854783
4079,300,4018,299,24.31197541992015,6.675484151350963,8.024643462918334,7.566709204756471,0.9738739400607799,1.2021065859761397
4080,136,3178,137,33.4617288082143,7.99999999999997,9.41314466323661,8.85129587960047,0.9816615503331542,1.1766430829045806
4081,302,3179,301,29.445704840846197,7.4861183227681884,9.913200709508613,8.466439677425614,0.9344626538685644,1.3242110640114686
4082,3141,4019,3134,52.73020766626027,9.804222788608692,12.935470771596302,11.270223535573471,0.9464008196923227,1.3193774815710775
4083,3181,774,775,38.25223907229429,8.0,12.573196796476413,10.04588138215658,0.8451842201209223,1.5716495995595516
4084,761,771,3181,80.9138001402315,12.893497278869251,14.909483518561819,13.752371135221159,0.9842657804130492,1.156356820503348
4085,758,759,3182,33.464717170702265,7.999999999999984,9.592618029496283,8.86288013875028,0.9784914624591375,1.1990772536870378
4086,764,765,3183,35.44424340167848,8.0,11.49775814675143,9.461454923866254,0.8924109661742335,1.4372197683439287
4087,3184,326,3580,26.460438800090287,6.8403133038343045,8.932314127006075,7.955280560163399,0.9544298600329827,1.3058340649395561
4088,3581,427,428,32.85667045953071,7.4041948042956625,10.603703330644583,9.008800046293992,0.9157006495840101,1.4321210625755922
4089,4020,421,422,36.68777022929764,8.000000000000057,10.836146958643518,9.42506509159463,0.939606964858163,1.3545183698304302
4090,3582,4093,2972,41.55254198596097,9.202340276719669,10.652093681745342,9.853077490959512,0.9847816678399376,1.1575418166934446
4091,437,438,3187,46.1410364472111,7.999999999999984,12.960728523080608,10.89464792802429,0.8653550023878883,1.6200910653850793
4092,4021,659,660,34.61037595535824,8.000000000000057,9.997023938886086,9.050849048389066,0.9678065766923176,1.2496279923607518
4093,657,3188,3583,35.705957551517045,8.34191909009857,11.072932551579777,9.358810705490603,0.925745589181566,1.3273843143267574
4094,347,348,3189,39.70950012173296,8.0,11.395179552040462,9.869952950118673,0.9226187350012667,1.4243974440050577
4095,348,3584,3189,42.54653728720138,8.687263259994978,11.378405085269232,10.09344921452659,0.9530993468715186,1.3097801626050654
4096,349,3584,348,29.872651450624012,7.5742910760810735,8.814639232868183,8.358731189648077,0.9830314634581059,1.163757656568549
4097,3393,3191,340,41.618517847498254,9.163776363521613,11.216447314236733,9.941230604950851,0.9644737199921164,1.2239983680621254
4098,2854,2810,3394,26.375925240188504,7.09065569072498,8.547527818105328,7.872185702593586,0.9772487430028007,1.2054636680901072
4099,3192,352,3392,41.333135446691166,8.876450231985205,10.483218940469296,9.84016490845651,0.9809295704377794,1.1810147825415949
4100,421,4020,3186,58.263184174854274,10.836146958643518,12.489106267790476,11.658817437908795,0.9865792211554097,1.1525412414076264
4101,423,3829,422,39.57550012523768,7.47911895037641,11.255159516138932,9.976064746222363,0.8904503642747693,1.504877725680841
4102,3192,3194,351,48.196025237829375,9.856857025275165,12.238930191441826,10.729625077509269,0.95726267609354,1.2416666042794877
4103,3195,743,742,43.72394381981674,8.000000000000146,12.156655225473706,10.47049458622967,0.8950317842319808,1.5195819031841855
4104,3864,744,3588,25.947661038048896,7.151201005274376,9.036743342002334,7.885533442226088,0.9532696557981887,1.263667925896262
4105,3487,2973,3064,61.63763584147684,10.134778770652519,13.3422047011178,12.166595307046896,0.948295872416603,1.3164771528859702
4106,3316,441,442,39.23352072927647,7.999999999999984,11.647552955215485,9.868429382373877,0.9096312294519926,1.4559441194019385
4107,3865,4228,3197,32.17471860846657,8.037393639802954,9.558997711704546,8.694360118844518,0.9776970231801763,1.1893156090260744
4108,742,743,3198,30.475213202625444,8.000000000000146,8.743248710923405,8.405880581457316,0.9947174872754757,1.0929060888654056
4109,407,2977,3199,57.94660634731186,10.821065318128793,12.702806059373597,11.651023885875224,0.9813791246597814,1.1738960708510167
4110,482,3202,3594,30.169006882206766,7.424267476660804,9.195166724363284,8.441985121875263,0.9700319851310991,1.2385284815329651
4111,3590,410,411,34.74899225567713,6.881330415670873,11.727123655769988,9.583286466117968,0.8367261907920088,1.704194239687107
4112,543,3385,3866,55.110570619493394,10.504515117787456,13.033020254105622,11.463582900320823,0.9593477503441314,1.2407065064846838
4113,392,393,3201,37.332148769373816,8.0,11.80380300547654,9.722942508904787,0.8887112941330411,1.4754753756845675
4114,3593,391,392,31.41781064911629,8.0,9.009047024034114,8.54799786049209,0.9906417069143613,1.1261308780042643
4115,482,3594,2977,39.50776836452979,9.195166724363284,10.018856202475847,9.570391468737663,0.9948873737778512,1.0895785256323993
4116,1714,1715,3595,34.013636844877276,7.470472061106417,10.491644190090167,9.114815528254036,0.9280956399773874,1.4044151566690015
4117,1710,3203,3596,38.32839401214629,9.30167480697035,9.500004399394657,9.409339345218207,0.9996980792960045,1.0213219228300354
4118,2588,3597,1743,23.100458902524178,6.664559410987486,8.110943524678646,7.376436659774025,0.9742056038613908,1.2170262165127657
4119,1731,3216,3597,59.724724845590906,11.177684360279834,12.509511201828301,11.78378796681996,0.9911462156461854,1.119150514419708
4120,1515,3207,3600,31.66203912972359,7.734188508216115,9.125215754406632,8.615424234650028,0.979942031653328,1.179854324046125
4121,2980,3206,1519,38.3112620736231,9.039165170930874,10.031981146704098,9.436598321397517,0.9915144799060024,1.1098349191544845
4122,1561,3206,1560,27.528584559087435,7.336853772490025,8.783262817597222,8.04003886336242,0.9781946520232125,1.197142956634981
4123,1510,3205,3600,23.14204679477906,6.750009466115389,8.306193226134376,7.405492102790412,0.9668796088179857,1.2305454189110294
4124,1562,3208,1561,28.35602259450066,7.58409760648782,8.854041626328556,8.146046410938808,0.9827109323380585,1.1674482694888264
4125,1517,1518,3208,29.391031202400796,7.893536991366643,8.95328760472793,8.282274865364853,0.9862340403457733,1.1342554819873982
4126,3208,3209,1517,29.1054383257637,7.800824363504987,9.110741903975248,8.26836775294896,0.9780855993609402,1.1679203991053198
4127,3209,1562,1563,26.648062213696917,7.2057872578926565,10.337494421432588,8.313198039642531,0.8647756029950915,1.4346099949189735
4128,3973,3979,1430,26.87791670825029,7.133213834967442,9.77028404439203,8.164941021059695,0.9129588167878352,1.3696889327076542
4129,3115,1462,3540,70.97994198242336,12.22254730442303,14.006790597255655,12.882395589600256,0.9839523563031333,1.1459796594272091
4130,1435,1436,3871,15.117345707804583,4.2007066228248,9.522946396307374,7.06776343161327,0.6375559383486818,2.266986783738682
4131,1449,3868,1448,35.481321474752704,7.507499820614979,10.586143520562729,9.311738506544415,0.9266310341204829,1.410075760707186
4132,1438,3606,1437,21.142886963179816,5.863274362595561,10.391454618567249,7.88199218061812,0.7435990727989629,1.7722954744978276
4133,3213,1520,1521,26.20286358371879,7.108886881764004,11.057430275523089,8.541559725511297,0.7947231290948648,1.5554376457850305
4134,1523,1524,3214,31.19444823218251,7.999999999999944,9.599117955600462,8.586533720418887,0.9703009020445755,1.1998897444500662
4135,3215,4097,2981,55.51872075201655,10.088235426996066,12.752495770724721,11.47868664619476,0.9643843545148799,1.2640957740338918
4136,3806,3215,2981,48.527581297801746,9.77351101086553,12.752495770724721,10.871140801470931,0.9341638344257688,1.3048019034866136
4137,1732,1733,3439,30.562559175198967,8.0,8.668680285112227,8.41650403272456,0.9951448099208899,1.0835850356390284
4138,1535,1536,3608,28.170204106245663,7.271137504936804,9.37698996863793,8.216042491191578,0.9529853246595117,1.2896180222518607
4139,3218,1532,3608,39.22375989170356,9.036252521054827,10.084861292426337,9.546686631772284,0.9919025710904826,1.116044651134772
4140,1538,3218,1537,25.471123165930074,6.372821425528603,10.027869362750753,8.133563596093076,0.8601074385755729,1.5735368517593409
4141,1538,1539,3219,34.66346302636791,8.000000000000094,9.880358953894207,9.045675935827923,0.9710809523550467,1.2350448692367615
4142,3609,1539,1540,21.036140685625792,6.065195653524115,7.635906012775717,7.069743713972034,0.9622157982717661,1.2589710949124877
4143,3610,1541,1542,29.567896848910095,7.401713300015375,10.616598472756777,8.672770590924051,0.8849010386303091,1.434343380029962
4144,3872,2984,1531,40.063537081349,9.26853711295865,10.261208136442255,9.64982066588474,0.9915660498368851,1.1071011543014395
4145,3232,4401,3624,59.955421555312306,10.915505483433837,12.526601625808308,11.823007407135279,0.9873372601828136,1.147597025609083
4146,1070,3619,1069,28.834655078978567,7.438328263710934,9.37668533466011,8.288160723919988,0.9602367128718807,1.260590417931104
4147,4162,4416,4510,91.88701891423953,13.556462148967741,15.696016736108884,14.645654420351953,0.98580817848893,1.1578254387929716
4148,4099,1076,1077,31.603310196532217,8.000000000000057,9.928818621322453,8.691876344923978,0.9563323092980658,1.2411023276652977
4149,3225,3223,4099,58.73704175511785,11.042324696348718,12.815745693798897,11.729222533721304,0.9816810069664502,1.1606021418693278
4150,1080,3616,3223,64.17060075239505,11.633193011899246,12.944178737865391,12.211276408443853,0.9918478109003392,1.1126935420589323
4151,3619,1070,1071,31.325793199942723,7.999999999999984,9.950983258350686,8.66681727724653,0.9526611392117931,1.2438729072938381
4152,1237,1238,3227,36.47575269970477,7.999999999999984,13.856151165531445,10.431320863332816,0.7323584663011323,1.7320188956914342
4153,3876,1224,1225,36.85158178744564,8.0,12.219493820527578,9.810809969313768,0.8562045484428257,1.5274367275659473
4154,1238,3228,4433,67.75308510634464,10.849123355787569,14.72466381208583,12.810344325551144,0.9391374025073302,1.357221531104706
4155,4433,1236,3227,67.70939180696497,11.381368486554178,13.696493621961308,12.611131738286078,0.9776408011297569,1.2034135998796798
4156,3876,4402,3230,72.36446715597127,12.69960832587043,13.079755779451753,12.930584692326436,0.9993489495011053,1.0299337935333739
4157,3876,1222,1223,32.65303088330248,8.000000000000025,11.985109761605777,9.395030626620835,0.8229944882318504,1.4981387202007175
4158,3230,3228,3620,52.77215023109978,9.506464299995644,12.43679642869915,11.237109335287805,0.9532818827061269,1.3082462665646206
4159,1235,3229,3231,73.30673641541907,12.79625686451198,13.280130820602244,13.015971795062127,0.9990506315739727,1.037813710776016
4160,3621,3623,3229,79.5142385245566,12.238660270881446,14.539802490116598,13.657836512226147,0.9790307093858839,1.1880223952870146
4161,3868,1449,3605,55.414485716292866,10.586143520562729,12.246649981221136,11.375014565442866,0.9855248483495638,1.156856598196785
4162,1440,3624,1439,36.12495431234835,7.999999999999924,10.529505267131148,9.307931416470572,0.9511934937837196,1.3161881583914061
4163,1442,3233,1441,39.40409480995061,7.786139991835653,11.637875369530175,9.916524788677696,0.9019374104336318,1.4946912567374018
4164,1205,3235,3234,52.110016941549574,9.950584072673022,11.839594858979689,11.05409738416165,0.979685224728969,1.189839186575429
4165,3638,1189,1190,51.563177346093795,7.999999999999944,13.534568402467174,11.665104317828245,0.8339403164099068,1.6918210503084086
4166,1206,1207,4025,37.36396673668264,8.000000000000025,10.283977492466173,9.44346171430545,0.9563141495001057,1.2854971865582676
4167,3877,3627,1186,33.18199405128878,7.8801059238443605,10.43484576006312,8.970095438772121,0.9388624471185955,1.3242012050229413
4168,3673,1404,1405,41.5140284565424,7.489905534370425,12.039027020620258,10.320296560625636,0.8670324071848865,1.60736700421312
4169,3631,1211,3239,57.92759882311477,11.17247716750184,12.166829173383674,11.58986622078343,0.9946137726530903,1.089000137657401
4170,1185,3627,3878,50.02704017147958,10.015376117960088,12.175893661357799,10.879300116904707,0.9689824572276332,1.2157200606299108
4171,1182,3630,1181,27.437562895600216,7.37349046688963,12.714112013358594,9.362534160082737,0.6788623827930075,1.7243003256667673
4172,1213,3240,3239,54.10070903651119,10.52228123854648,11.798630957218364,11.214244507028816,0.9913013983620018,1.121299715312323
4173,3879,3631,3238,72.58971084171921,12.748807348317682,13.2559789996177,12.953141221383651,0.9988510318835282,1.039781889979453
4174,3632,1214,1215,35.70725000792889,7.999999999999984,9.910256887842557,9.190639679386578,0.9680161479555287,1.238782110980322
4175,3633,1179,1180,31.89233508989839,7.741030876621991,9.313692669725722,8.656066656499437,0.9771716453368917,1.2031592197691896
4176,1198,3241,1197,41.96194482493975,7.999999999999984,13.681836199214223,10.73383610553728,0.8034156310902432,1.7102295249017812
4177,3634,3880,1193,46.30096874201941,9.691623690110733,11.24085596045722,10.40143397684058,0.9846153926898721,1.1598527057883306
4178,3635,1200,1201,44.21173234473907,7.428423193926616,13.220531490480234,10.889915795464653,0.8179915105356887,1.7797224451737177
4179,3244,3637,3957,41.058400567210526,8.381625654613615,11.464143048810541,9.979828891693954,0.9370788723831683,1.3677708264744768
4180,3626,4100,1202,32.139576794338154,7.598044105613332,10.15111244238445,8.813175417150033,0.9423254933315707,1.3360165196836573
4181,1047,3246,2702,33.55581824543208,7.684200237530521,9.89723077791607,8.941754962505168,0.958882148854482,1.2879975107333685
4182,3247,3476,3988,78.487917150183,12.150778373105078,14.432034491359389,13.570191465704937,0.9788694065043739,1.1877456775364874
4183,3882,1421,3639,26.18769963516895,6.8046931536123605,8.51559960642692,7.880421861676058,0.9647759013342058,1.2514303605161536
4184,1360,3249,3644,48.42798588596312,10.128425023575808,11.4455408609705,10.626222366698109,0.9874817977442338,1.1300415251461957
4185,1362,1363,3642,39.69178378042385,7.408088475857703,11.354470936880766,10.02803710383275,0.8814397681971986,1.5327126523777315
4186,3248,3884,3641,40.953426263354245,8.84847802058397,10.847814921922142,9.829317536210803,0.9721991873309023,1.225952632383464
4187,1576,3647,1575,44.95218715380194,8.0,13.03866618566896,10.787384697515412,0.8597836755011606,1.62983327320862
4188,1578,3667,1577,32.59583105629812,8.0,9.08302679674131,8.718503045650051,0.986972804949761,1.1353783495926637
4189,1364,3256,1363,35.97772539334065,7.999999999999974,10.551693879371133,9.29417773413991,0.9499174071387074,1.3189617349213958
4190,3893,3660,1366,18.789522576457955,6.329942033773045,6.830158206454454,6.596836849980086,0.9961437779723051,1.0790238157020293
4191,1368,3889,3653,39.37760353804825,8.3465633316181,12.837637190337281,10.208881113692783,0.8429880732637739,1.5380746158968548
4192,1371,3258,1370,39.024183128075144,7.999999999999974,10.577219741108252,9.696343207725107,0.9441005243288225,1.3221524676385357
4193,1372,3662,3258,36.98190585934272,8.547649269499285,11.001199429955362,9.459333387260221,0.9418309775214831,1.2870438506656
4194,3660,1365,1366,22.960234079822758,6.630410309712761,7.999999999999972,7.345775764790827,0.9769593262662376,1.206561830461823
4195,3642,3249,1362,60.12022175463156,11.354470936880766,12.59380706022384,11.823137790328134,0.991102194337431,1.1091496143001742
4196,4258,3650,4107,85.37410976147083,12.42855727641666,17.69951537912032,14.641652925309693,0.8987886728444773,1.4241005601434824
4197,1605,3671,1604,23.25402124617858,6.893925022297261,8.0,7.373909992399466,0.9837648878504043,1.160441979587147
4198,3662,1372,1373,28.681863468235655,7.913320311673648,8.547649269499285,8.153656527057626,0.9951464695604222,1.0801596463737075
4199,1370,3663,1369,34.4444453667212,7.4668018362814,10.016151395405918,9.124910591648925,0.9398024545930046,1.3414245636916675
4200,1599,1600,3666,42.75351751335231,7.773782333702827,12.567336154157976,10.490124118073645,0.8655147887868782,1.6166308258558961
4201,1578,1579,3259,51.48179769856073,8.0,14.007571645284164,11.704394998563847,0.8256986522939828,1.7509464556605205
4202,3261,1585,1586,36.047267516496596,7.423518601996008,10.441575389174867,9.40612269938422,0.9204548717213792,1.4065534080250537
4203,1597,3897,3669,29.96954082163017,7.67323879288824,9.553752793872828,8.444992919356446,0.9617532692103968,1.2450743488821823
4204,3669,4114,3261,37.0755077979715,8.802035729738527,10.229482891471838,9.32458894483028,0.9801004864829401,1.1621723889293636
4205,1588,1589,3262,23.794556716428065,7.132476585478348,7.7520255505354205,7.426080918298164,0.9952908203646939,1.086863091330502
4206,1698,3263,1706,65.76689736931087,11.85481855166568,13.383364934965169,12.387839924139866,0.9865363321404309,1.1289388257304636
4207,1605,3264,3671,35.600452529168535,7.227804954901137,11.494974274010914,9.553222990257266,0.8711834430601846,1.590382466839567
4208,1606,1607,3265,31.610596354510257,7.422200202830051,9.59397417520915,8.683114897575235,0.9574744893566067,1.292605145782919
4209,1609,3266,1608,28.28576214442905,7.562402044038635,9.642156541596155,8.276645288059411,0.9407703599121982,1.2750124213770107
4210,1610,1611,3267,43.02605426301408,8.000000000000025,11.497816568719132,10.31754681274487,0.9104508749446901,1.4372270710898871
4211,1612,3269,1611,43.88860853843465,7.999999999999944,12.577285770161117,10.56820411426646,0.8787987102704143,1.5721607212701507
4212,3268,1704,1705,37.52157811387991,8.0,13.718712817889307,10.437385239163723,0.7551685219172174,1.7148391022361633
4213,3269,3267,1611,55.34909386435946,10.212121750608647,12.577285770161117,11.429074696496299,0.9716081498468122,1.2316035861412937
4214,3672,1407,1408,34.9467179776713,7.585527109192331,10.14025303730103,9.176825687106268,0.9439405979547518,1.336789506033512
4215,4456,3672,3658,39.57898290936255,9.316431957592716,10.051436648127902,9.578718083665883,0.9949896168836799,1.0788933675339272
4216,1344,1345,3271,29.91401184674619,8.000000000000064,9.062842893064806,8.35899565672028,0.9852098829235428,1.1328553616330916
4217,1346,3271,1345,38.263405970987904,9.062842893064806,10.029800992640364,9.430632076194994,0.9915408636880925,1.1066947878259599
4218,1384,3273,1383,44.8070589989936,7.705344651899245,13.591839004567992,10.98222133520828,0.8173127898939888,1.7639495205730764
4219,4102,3236,3629,54.66155226799639,10.427693145403142,12.142474744838745,11.300773611793568,0.9846908114157281,1.16444496165401
4220,1390,3276,3898,65.63641846585166,11.632384003177975,13.370141643868815,12.379310851576369,0.985696702737087,1.1493896384624238
4221,4116,3674,1383,60.48100654223805,9.439874824368946,16.478691102693958,12.921857493925003,0.7970733444197525,1.7456472049983518
4222,3676,3273,1384,37.43498436510898,8.42383137641097,11.649480349157603,9.668639743267066,0.9053782052019972,1.3829194613011049
4223,3959,3274,3678,29.421045174042142,7.685196579587257,9.539263944523226,8.378910237028842,0.9584845120254984,1.2412517813611403
4224,3273,3274,3959,38.60523232205193,7.912270186976046,11.105403650418165,9.706407514050943,0.9287772215470518,1.4035672933285521
4225,3678,3274,3677,30.111986134810415,7.87366426239817,9.539263944523226,8.454830479182865,0.9648618944884124,1.2115406025221789
4226,3279,4170,4169,63.51855574946442,11.187323594664623,12.802845546476838,12.170212002252105,0.9870765184167852,1.1444064738220927
4227,4104,1179,3633,34.93651006982216,7.840686001262718,11.749675973050891,9.501279465821403,0.8676109764815392,1.4985520362833868
4228,1168,1169,3682,28.13521714321459,7.602888320166766,8.59447458181571,8.091420072349376,0.9899511422460991,1.1304223105604152
4229,1220,3278,3901,34.22946164664294,8.753490533032847,9.152578981600499,8.896639578930765,0.9983134493618641,1.0455919209670268
4230,3683,1171,1172,25.264592253245155,7.2616529944556705,8.0,7.656342658486808,0.9937718102814247,1.1016775389994624
4231,3682,3278,1168,27.533418168309957,7.432364885610484,8.524824156002605,8.011362118892913,0.9876166642872746,1.1469867649403476
4232,4373,3903,4372,29.26110906353987,7.575260331899364,9.173294808415921,8.30300907212614,0.9740528839325332,1.2109543971429266
4233,1174,3281,3280,51.33778950387001,9.888673852117007,11.925116998738106,10.983098633015267,0.9771558731666541,1.2059369311877073
4234,996,997,3685,29.90492450090951,7.404850613044904,9.104646751057679,8.399516656888268,0.9716796047664851,1.2295517123624742
4235,929,3695,3911,32.155162012459556,8.096337004184205,10.234268108926237,8.813955849289465,0.9436385945687688,1.264061526050255
4236,922,923,3284,37.97362188508737,7.999999999999984,10.59469026351861,9.548052610527968,0.948960005293962,1.3243362829398289
4237,923,924,3688,33.703318336281775,7.999999999999944,9.680178864653959,8.90182062727972,0.9763416973756937,1.2100223580817533
4238,3690,925,926,43.77595380931301,7.999999999999984,12.225515034644221,10.487623247073921,0.8927046909535782,1.5281893793305308
4239,1015,3285,4488,75.86286724241754,10.89398432338299,15.679538764434447,13.660654092443545,0.9186608072523015,1.4392841314063287
4240,4029,1006,1007,34.31221448931652,8.000000000000064,9.536712876983392,8.977362313239924,0.9773871104225398,1.1920891096229145
4241,958,959,3691,49.130865179132,7.999999999999984,13.808738957290572,11.402391523403365,0.8334636487566502,1.726092369661325
4242,4030,1011,1012,43.531136034171034,8.000000000000025,11.685118722482214,10.398056708985443,0.9056826377780434,1.4606398403102723
4243,3808,3442,951,62.22836214884991,10.136384686988315,13.440278812317196,12.237613036166936,0.945573089985802,1.3259440350137819
4244,3441,3289,4399,70.02571691934494,12.20818221403072,13.472612684351583,12.751041579410646,0.9929144856074226,1.1035723786025793
4245,4356,4301,4488,62.98956501843924,11.681164189393503,12.960933752925822,12.108425679443329,0.9897318276767086,1.1095583918505614
4246,938,939,3289,39.56100220300566,7.443411472376012,11.35326765890445,9.991337231454075,0.8863411499269632,1.525277448524604
4247,940,4031,939,34.36012212362046,8.000000000000105,9.703070349795025,8.991377614365243,0.975222404700792,1.2128837937243622
4248,962,3331,3743,40.47607103520025,8.630591949986924,10.555527758017131,9.767397353669764,0.9728881321663114,1.2230363594044236
4249,1001,1002,3290,44.790342912960924,7.999999999999984,12.138794571575806,10.605437326646529,0.8924458959589224,1.5173493214469789
4250,3286,1006,4029,47.51431736646406,9.536712876983392,11.882777332840355,10.614713397551716,0.9658656167028311,1.2460034695517705
4251,4224,4031,940,30.481897771800284,7.970019106594453,9.271062493300603,8.454421048234279,0.9802321627798569,1.1632421916817812
4252,3292,3700,3912,36.19887533063417,8.464888508216104,11.235212762378293,9.444574062342031,0.9205994773473454,1.3272723853921153
4253,904,3295,3706,55.328317727787315,10.695171042948896,11.683269322180275,11.329644675539589,0.9938727861762683,1.092387328380579
4254,3296,892,893,34.96094775900701,8.0,10.170528458449072,9.11602725768452,0.9624480852142521,1.271316057306134
4255,908,3788,907,25.472776374927395,7.082253556623971,8.96768743923413,7.815951315657814,0.9523693919556551,1.2662194833234584
4256,3704,891,892,33.4901123838865,7.629785094757363,9.944356755969377,8.94598597533213,0.9551467999122935,1.3033600071910834
4257,3707,894,895,34.6547118531983,7.999999999999903,9.896382446394947,9.045992384698545,0.970686457265361,1.2370478057993832
4258,3704,3296,3294,83.69238922274855,12.639764231287034,14.75642148045422,13.99623027643525,0.9820157230652551,1.1674601844176693
4259,3297,890,3708,45.27683383804265,8.61852525064257,11.359047196933219,10.443662061910613,0.9442521336361012,1.3179803813983517
4260,886,3298,885,26.497199665076174,6.6298120222746295,10.179868684359478,8.26989356887803,0.8676358711076652,1.5354686754552742
4261,3709,664,665,29.76401743318045,7.391753340647933,9.85090399041878,8.49243263833047,0.9395115316945379,1.3326884078027537
4262,666,667,3711,35.90902880283214,7.45691235254112,10.367166172138194,9.371020535626556,0.925034259160709,1.3902759858247946
4263,669,3301,668,46.53535947656508,7.393946948075137,13.933242703078683,11.33147155062876,0.7877707228079275,1.8844120468981616
4264,4038,671,672,38.30436483039584,8.000000000000057,11.366118213857302,9.708164372808744,0.9201354371614683,1.4207647767321527
4265,4176,3712,3302,40.85672307987452,8.16615127320171,11.999943853846377,10.096887257848314,0.9038037581099405,1.4694736176668386
4266,671,4038,3302,55.17253318071673,10.324169955902109,12.487096009564471,11.39246139310796,0.9758538184744444,1.2095012057047612
4267,3304,654,3303,52.0071530722105,9.960576501627108,11.692111863024035,11.03495319844413,0.9815984702909538,1.1738388697796833
4268,4039,676,677,36.81703323875432,8.000000000000114,10.265047452309219,9.365519114468924,0.95882454558826,1.2831309315386341
4269,4039,3915,3305,32.96834114556451,7.775103597581301,11.166450552950733,9.145803143582466,0.8876500671658232,1.4361802917229838
4270,888,3306,887,31.0846150979055,7.799605664291682,10.685706273712116,8.828437312667932,0.9010215974722965,1.3700316059097244
4271,828,829,3717,36.75065411778382,7.422200202830051,10.593254137282228,9.524423166405562,0.9133434666666452,1.4272390730235314
4272,3716,4040,820,40.42076568886829,7.707008749721815,11.281227913465413,10.021207758625792,0.905327127822413,1.4637621780139551
4273,3308,3307,3716,61.110233181913316,10.445579092789403,13.050296911478583,12.030862980392035,0.9664151648867892,1.2493607865634966
4274,3308,3309,826,38.02609871483824,8.427750740041065,11.262041559916472,9.623551147851588,0.9337362563817885,1.3363045381028436
4275,681,3310,680,26.796981456584493,7.336263072935913,8.671403377068351,7.927924348150602,0.9798033787221189,1.1819918793612898
4276,682,3311,681,28.259829513094516,7.442011455352093,9.053341183299176,8.165117546217084,0.9724024088756397,1.2165180391906356
4277,683,3312,682,27.717298701106788,7.337235769649278,9.800140315921256,8.257202710338849,0.9225199105030724,1.3356719919591333
4278,687,3721,686,42.516712262451904,7.999999999999904,12.072060288251683,10.314116185136198,0.898342158122236,1.5090075360314783
4279,4123,3721,687,43.51934453315043,9.330669305974974,12.072060288251683,10.29296571758465,0.9346456169576411,1.2938043233963115
4280,849,3446,848,33.1689212244103,7.999999999999823,9.737680006945629,8.840242748422838,0.9738802867986831,1.2172100008682305
4281,690,3725,689,26.258841833138845,7.0355655464307025,8.544597284530514,7.860054276987067,0.9754289363623319,1.2144862027282763
4282,3918,3725,690,20.974149156183945,6.543335078838731,7.37462152566725,6.984507383645561,0.9905501272416878,1.127043233582354
4283,445,446,4042,35.65295048250661,8.000000000000105,9.935475742876667,9.184066589292286,0.967929737613742,1.2419344678595672
4284,4228,3865,3316,36.3648893820494,8.486689005026056,10.046248038715925,9.232094344696074,0.9806375671627312,1.1837653097416736
4285,387,2979,3317,30.88213102050748,7.80791651420023,9.307292715120138,8.513937020705919,0.9787773887352447,1.1920328167178784
4286,3726,2979,2891,30.650280080541133,7.963933426401817,8.70918161502691,8.432410760161298,0.9939241194274109,1.0935779028682568
4287,4348,4126,4273,53.79671343491135,9.889169073826839,12.698431215916383,11.322991164962914,0.9591670897389603,1.2840746397515517
4288,4128,4274,643,59.16489987808525,10.77333158976734,12.392316181380693,11.74940835360412,0.986246190702727,1.1502770594336005
4289,3730,693,694,28.544475946637405,7.391609905909402,9.574659903907001,8.293915895345474,0.9463887273653806,1.2953416137737879
4290,3727,4127,3318,66.43065870251102,10.908657647004775,14.91452146832884,12.739311649952613,0.9296533656676189,1.3672187679685748
4291,3731,633,634,28.11738891255018,7.489172907371605,8.873951559767915,8.121041489046448,0.9797231475148472,1.1849040834713898
4292,4127,3728,4459,68.3368965052707,11.730599895291187,14.378512787707754,12.739928744147205,0.9642270838637708,1.2257269803805577
4293,3733,696,697,33.71907481449549,7.865356481420604,10.191103631312483,8.982852628975744,0.9543317044499022,1.2956950718490274
4294,3357,3921,699,41.946076549580624,9.158884461456989,11.083784162158617,9.9519403902748,0.9714616482611143,1.2101674836932506
4295,4304,3732,3322,57.42760309924794,10.27749538904059,13.626719372881409,11.783845379901742,0.9420264437379124,1.3258793954227666
4296,3921,4179,3733,50.551458287109604,10.702642745306658,10.887671858694794,10.805614379379714,0.9997975923586238,1.0172881705753727
4297,3323,3324,630,53.36723522416342,10.44525025822395,11.903641285828325,11.150213411077708,0.9884782363972006,1.1396224112922644
4298,629,3324,628,38.51899044289214,7.84095808092357,10.592046204392831,9.665945201443316,0.9354324373222276,1.350861220666699
4299,3325,462,463,33.20703192043324,7.604524381920184,13.169196061424591,9.930974777056841,0.7359666846077793,1.7317580166794464
4300,3398,3390,3325,67.13870888933879,11.534624575837308,13.62747528088226,12.541650710205941,0.9811682732488568,1.1814407301499044
4301,471,472,3326,50.2540834242709,8.0,13.363097846585509,11.463631332690149,0.8444676256684365,1.6703872308231886
4302,3327,3739,473,46.843960700313396,9.588598089214393,10.900929009987719,10.451981842423777,0.9869057945839442,1.1368636904543412
4303,475,476,3738,29.754703041276386,7.824363448479864,9.578968126231244,8.422609191974313,0.9595910314879961,1.2242488720398423
4304,371,3737,3922,38.45685706034135,8.60248594311213,11.385912263564828,9.68769551904537,0.9316245622073505,1.3235606938342448
4305,3922,370,371,41.281319518003,8.000000000000114,11.385912263564828,10.062734482711058,0.9216213714471767,1.4232390329455833
4306,3738,3327,475,37.30171148838643,8.849470098538664,9.578968126231244,9.297516139052135,0.9953578065109777,1.0824340914845336
4307,3440,988,989,30.900563186831075,7.999999999999984,9.006354622327054,8.478191726556787,0.9904513064998302,1.125794327790884
4308,993,994,3741,30.181354112571178,7.391153524296921,9.217850143329787,8.450133244104167,0.9680229413148208,1.2471463504347422
4309,3742,970,971,43.91317410162127,7.408346135722974,13.073835462196278,10.829312920703984,0.8223864994455138,1.7647441443312657
4310,4130,3290,3698,93.41594259255785,14.194712201252717,15.246567141799733,14.706869264430958,0.9965728232222839,1.0741018856623377
4311,974,3332,973,29.85191371065487,7.477609349757338,11.286952529424692,8.921520626394031,0.8362790668482145,1.5094332963236403
4312,975,3342,974,37.90627620367935,7.628059026973338,12.875816227544634,10.152721528437022,0.8129168533334824,1.687954456305971
4313,3342,975,976,34.78247606755034,7.393649917724405,10.280714641476255,9.209551296664584,0.9288218262936517,1.3904789590904003
4314,572,573,4132,44.65671338602672,8.000000000000146,12.139916910281285,10.587456359135045,0.893008426695391,1.517489613785133
4315,3345,574,575,43.761157654445924,8.0,13.187207762090631,10.715343713722369,0.8468929294936103,1.648400970261329
4316,722,3336,721,29.169617398844366,7.629883988083165,12.574604225497158,9.40149607119344,0.7208962847269225,1.6480727944405142
4317,609,3749,608,25.588579339569552,7.329298781855642,8.446185900962256,7.739490865345313,0.9824229175698447,1.1523866269269267
4318,3337,571,3745,60.03032306413402,10.770067962593487,12.489224108251525,11.844778373174348,0.9840306205014577,1.1596235187771329
4319,3055,738,3337,65.24228854341665,10.275189117795339,13.784265399015975,12.558695396080708,0.9397371729744574,1.3415096540795883
4320,4043,3342,3338,50.274907346876844,9.40959011282474,12.684540469014353,11.02864314947074,0.9407363410790871,1.3480438910645047
4321,723,3340,722,43.00971441980664,8.0,13.056958801459377,10.60856850014216,0.8502781439194542,1.6321198501824221
4322,3750,4327,3751,67.94301182471757,10.01496995520638,14.569661337149094,12.982042935850382,0.9072826839369668,1.4547883221132294
4323,3750,3926,3964,51.86478193076287,9.790429380802038,12.00834517961932,11.057763209308254,0.9726534455684293,1.2265391754080135
4324,3342,977,978,38.83649632841125,8.000000000000114,12.725148029082993,10.145631771935015,0.8401851694110153,1.5906435036353515
4325,974,3342,3333,68.74070664182581,11.990523537983169,13.0026175098905,12.622985758472767,0.9950320964938381,1.0844078216185686
4326,964,3343,963,29.661078489006243,7.747184641002903,9.387500909863665,8.378228516955572,0.9686719301969585,1.2117306279469824
4327,966,967,3343,27.69785507974196,7.539860929525263,9.022903842226683,8.08734913133545,0.9714242951298148,1.196693669361193
4328,858,3344,857,48.50662298136182,7.999999999999984,14.570683356175019,11.5658626482408,0.7937889278769049,1.821335419521881
4329,579,3751,578,50.865247554466144,7.474149903126052,14.251026524475467,11.906359149405226,0.7748839432719767,1.9067086838216873
4330,4181,3925,3748,35.36082600273983,6.469848032290757,11.723808429166796,9.783369689806229,0.8064803213150513,1.8120685942936727
4331,4446,3701,3755,73.4269155419128,12.711727141394723,13.31773237428449,13.0290577059587,0.9985527766114637,1.0476729264362794
4332,858,3347,3344,67.52700930151424,11.667467162425982,14.570683356175019,12.71714408576956,0.9540745562250481,1.2488300291170804
4333,582,583,3348,53.06772031655718,7.4593263285894125,14.86990776080773,12.299999776802586,0.7517723118238553,1.9934652414676817
4334,3764,4135,584,33.289598242121684,8.34841507491574,9.056945618265615,8.784166310534085,0.9950880124088801,1.0848700665924935
4335,728,3453,727,25.19323396238392,7.396730982221771,8.133006152805775,7.651480077032243,0.9918186173640691,1.0995406176530766
4336,603,3349,3943,35.996019255907285,8.19288292830321,11.017463385225545,9.377530109847202,0.9301546626792543,1.3447602610266178
4337,3764,584,585,34.24519533656894,8.0,10.122514540342848,9.023217592921249,0.9624410244472915,1.265314317542856
4338,595,3762,594,49.36611480173475,7.999999999999984,13.417756162166906,11.35288327080358,0.8469401833885095,1.6772195202708666
4339,3927,3965,3762,51.538838195086626,9.263386686704875,14.099509521300766,11.502244072463379,0.8734806694177518,1.5220685477306974
4340,3352,591,3354,38.37985616891753,8.595619466120713,10.615932093135545,9.52900480110274,0.9687464076938597,1.2350397938133268
4341,587,588,3352,38.837773111446594,8.000000000000114,11.284409368468078,9.750367378531756,0.9257004096684864,1.4105511710584897
4342,727,3453,3942,29.808313513131964,7.424703096069181,9.793136527088912,8.483540923137674,0.9438216819729583,1.3189936890908993
4343,3765,593,594,31.628413302034318,7.999999999999903,9.488264354869314,8.620578363720256,0.9776298347931324,1.1860330443586786
4344,4136,3763,3354,49.553973470627085,10.187054606233882,11.987965891688688,10.803729406554206,0.9746029288158735,1.1767842968420679
4345,725,726,4045,40.385323374384946,8.000000000000114,11.079050612429725,9.914922750343427,0.9310982766209279,1.384881326553696
4346,3766,712,713,27.359188607476426,7.226435476237988,8.88303269348971,8.036489389909233,0.9714055709252509,1.229241266001607
4347,3359,619,620,31.45210531967593,7.39117140116729,11.452442024173962,9.119561801737971,0.8436368239161718,1.5494759088343255
4348,699,700,3357,35.10881919087478,8.0,9.678763507441108,9.097305351549965,0.9726094666260958,1.2098454384301385
4349,701,3357,700,36.338090088754285,7.953990458819817,10.303270195988564,9.312008054083163,0.9568831126324113,1.2953586315361665
4350,622,3358,621,25.419961875515927,6.401637788483785,9.624890603642045,8.008842797375324,0.8911806521891341,1.5035044033507683
4351,705,706,3358,32.327091921384806,7.999999999999903,9.606841472909938,8.72064033974193,0.9759800091538193,1.2008551841137567
4352,707,3356,3359,53.00035787657904,10.562450504673881,12.26400933166899,11.153080001854137,0.9791213891939333,1.1610950816992864
4353,3359,3356,3928,89.89823966804201,12.26400933166899,16.225087127069663,14.694153624657366,0.948266632971186,1.3229839189026136
4354,3360,703,3006,25.241855542704293,7.07317992541425,8.817907223548364,7.758568516798403,0.9592072758307164,1.2466680215309145
4355,3944,716,717,29.61797978332063,7.507499820615008,9.535548223693702,8.407250692123712,0.9580678319357273,1.270136323881065
4356,619,3359,3928,68.3587627443,11.452442024173962,15.593364415233442,13.0226222500855,0.9128096226869544,1.3615754947563818
4357,4350,3456,4284,30.401378351537137,8.191240048609973,8.737298230320514,8.390236835813777,0.9964835664878577,1.0666636771074978
4358,3771,616,617,29.516133102767235,7.999999999999904,8.491212202698094,8.263548388615504,0.9976217170084729,1.0614015253372744
4359,4137,3362,3928,98.9947793132666,14.116450687172776,17.442238695807845,15.358706416853948,0.9602306924403394,1.2355966157737597
4360,705,3364,704,26.874759189826154,6.867768495122983,9.401877833184958,8.089882109436003,0.9330143637333504,1.3689858415963678
4361,566,3365,569,25.178068178185214,7.5621018228182395,7.73077635169279,7.626468341161716,0.9996166123310771,1.0223052443390255
4362,511,3366,510,40.77101314462958,7.999999999999886,12.634838391476048,10.280516690680114,0.8616717149799815,1.5793547989345285
4363,558,559,3367,39.37474462198655,7.803303376168897,11.696254547561995,9.922325042085157,0.8999796771093208,1.4988850213464824
4364,3373,3778,560,40.312664469882755,8.702591685984753,13.194912583928758,10.395965094242131,0.8308568094959077,1.5162049490588814
4365,4046,513,514,27.57908865012654,7.90384657983964,8.040012315340793,7.981286298393499,0.9997956298176813,1.0172277806920582
4366,3366,3368,508,68.35240366976106,12.083664236477572,12.91428751333635,12.578887093576986,0.9968233212275198,1.068739354272302
4367,3774,518,519,31.219525616910722,7.54990793935051,9.688133250819297,8.626297688399054,0.9590727233318497,1.2832121038621207
4368,3776,506,3370,40.207885161500464,8.87155980129311,11.819474600105602,9.948765074908144,0.9217302246436441,1.3322882181758846
4369,515,516,3370,42.49554342088201,7.464818016813484,12.018183369816251,10.476423440361472,0.8586773012713497,1.6099767392516378
4370,3369,3370,516,63.227794197164634,11.731960000112474,12.543938794498352,12.098027388142357,0.9968799994071816,1.0692108389713308
4371,3777,561,562,38.34291308625072,8.0,10.616957218602359,9.59992289279895,0.9473557807411783,1.3271196523252948
4372,549,3780,548,39.90998759724937,8.000000000000114,12.42778453571123,10.140915067465004,0.868557610135798,1.5534730669638819
4373,3777,3371,561,50.703984863528866,9.752370227809715,12.88474396862176,11.084690471677945,0.939660519606549,1.3211910199922288
4374,560,3371,3373,61.5454952708905,10.662535747019673,13.194912583928758,12.055621139622952,0.9705966653377995,1.2375023068613786
4375,550,3780,549,34.0189648884755,7.410645803526144,9.994960666683669,9.07236435437853,0.938697852869534,1.3487300475118986
4376,518,3774,3369,49.92921485792653,9.688133250819297,11.890028942837889,10.850048330042476,0.9727308602237175,1.227277601888102
4377,520,3377,4047,44.09239446024597,9.378214636106305,10.615969023873554,10.13249736460513,0.9890006447930484,1.1319818788324454
4378,4279,4139,3774,35.69416618470205,8.416194852700869,10.061091797335092,9.158744154174864,0.9773058942616067,1.1954442563917533
4379,3783,522,523,24.383455591834476,6.6804485531180875,8.056160270018337,7.578869607712136,0.9735113673382801,1.2059310398039274
4380,4058,3376,4309,57.413548197563074,10.660297455876538,12.14523589603639,11.567265466867491,0.9878385674655882,1.1392961543808773
4381,526,3784,525,18.726619212147764,5.410650147994926,7.999999999999984,6.824323125186287,0.9063253594121511,1.4785653814569062
4382,4474,3378,3380,56.84794978088766,11.055497619097304,11.834271231229197,11.471255861284211,0.996905914349964,1.0704422034144023
4383,3934,3785,3379,18.266668270296464,4.710626514183326,8.582909139555614,7.039221043424227,0.8057078340208981,1.8220313399317798
4384,3381,528,529,38.214473110540894,8.0,12.815657217659753,10.128216616271004,0.8278677226362554,1.6019571522074691
4385,528,3381,3380,65.05328021505932,10.955918411378457,13.367825672516167,12.37980043385146,0.9734981041274491,1.2201465153877726
4386,2702,3246,3382,31.71680894309964,7.759754809593798,9.243833872068915,8.624757996682638,0.9794482194989615,1.1912533448402611
4387,1051,3382,3246,40.218705465777695,8.8706853083852,10.448843089099634,9.701736740982675,0.9824290906398288,1.1779070867526602
4388,4476,2767,2904,51.48893007513946,9.844128627167523,11.784729890915726,10.994700726484076,0.9780589707894792,1.197132863379354
4389,2846,3384,318,26.970526580072693,7.256175014856442,9.191911218720666,8.036191656386597,0.9541986871792433,1.2667708813391294
4390,3019,3384,2771,31.043299010746882,7.82290824695039,9.004507227255896,8.509872361401309,0.9865459942884808,1.1510434410075217
4391,3385,2797,3819,38.38477820459997,8.15088133076303,10.746297125810083,9.591629148849364,0.9515137854644795,1.3184214920724515
4392,1709,1710,3596,32.53608098979597,8.0,9.500004399394657,8.733970148597592,0.9801860826564707,1.187500549924332
4393,3961,3297,3708,42.33548199299768,8.61852525064257,11.501553099059839,10.097446749754967,0.9460366046120172,1.3345152174616324
4394,3788,906,907,27.76351316360835,7.082253556623971,9.572354704241834,8.218202753621917,0.9347046013228012,1.3515972885902812
4395,3789,70,71,30.486908356696468,7.942886009761666,9.5559902955639,8.499625435108504,0.9670939491376183,1.2030879309887814
4396,320,321,3389,33.97556792285686,7.999999999999944,11.77807097825059,9.424486533370457,0.8562905684617986,1.472258872281334
4397,321,2969,4335,39.832443315560894,8.894605151921782,13.68594173592085,10.551425468697632,0.791300417488701,1.5386789522594877
4398,3325,3390,459,57.83772993421403,10.378149347694817,12.462852273898251,11.659219684491601,0.9765660704072866,1.2008742461069406
4399,2882,2848,3390,47.6598078064479,9.5105629202898,11.26995978735521,10.569672916736858,0.9801184479620407,1.1849939779391943
4400,3391,311,312,25.438026078378506,7.008433318378328,11.563788658827804,8.700025728041844,0.735841188732903,1.6499819765002106
4401,2899,2850,3391,35.71885956945903,8.532849313803695,9.754560583611687,9.12401655885587,0.9879272172807441,1.1431774106020618
4402,3392,354,355,30.161761593680048,7.421212899207316,10.646891781064502,8.738291904411561,0.8899757009155026,1.4346565616250857
4403,3392,2852,3192,34.342238302811154,7.978190479662468,10.483218940469296,9.099624579132854,0.9454791886342194,1.3139845391248177
4404,342,4054,341,31.231897847090636,8.000000000000004,9.026218519437386,8.523702564260507,0.9903572800914923,1.1282773149296728
4405,2837,2854,3393,39.1530554170256,8.669481389980495,10.563669637795641,9.604278827437255,0.9739299305070823,1.2184892224354158
4406,3790,2805,2858,33.874581743118966,7.283604446191577,10.550729968685417,9.13899788126873,0.9160558522680747,1.4485588895759078
4407,3820,3585,3790,58.427093888455325,10.875865379560445,12.803419828603943,11.704628292822662,0.980222648689842,1.177232282836642
4408,2859,2918,3395,51.185959694406954,10.335806517984668,11.41253250829419,10.89901015644804,0.9934951211668621,1.1041743562474762
4409,3029,3395,2918,50.86672744571361,10.593751642636127,10.9856313813363,10.84269148901256,0.9989498162220727,1.0369915920175998
4410,3019,3396,315,41.66702714485824,9.165384963840832,10.741340384476974,9.876744116514315,0.9821396930810384,1.1719464514424198
4411,2851,3396,2875,32.94378924487753,8.292321579946254,9.675008589733801,8.794208895591602,0.9787965606734881,1.1667430521666418
4412,465,468,3397,40.7788030095471,7.401638704284534,13.091949767092153,10.505812728109678,0.8125303214714519,1.7687907084026824
4413,3793,468,469,26.109274305326228,7.343757174507995,8.84995236912182,7.866952791714591,0.9667166585885789,1.2050987197455552
4414,3390,3398,2882,57.758312690893774,10.823422411255635,13.62747528088226,11.793131244901152,0.9476060727185445,1.2590726632558107
4415,3398,3325,463,67.87199050098383,11.534624575837308,13.169196061424591,12.582366048564566,0.9866315535911114,1.1417099858638986
4416,1294,3794,1293,28.416647495774,7.936994914464156,8.388492074677394,8.108495663047174,0.9975356102445291,1.0568851517581852
4417,4141,3794,1294,34.411963528219346,7.936994914464156,10.559004628506699,9.125187009920515,0.9410977651232793,1.330352953768972
4418,4052,1062,1063,28.95237279792557,8.000000000000057,8.284673003981574,8.179911765212509,0.9990340886418828,1.0355841254976894
4419,4008,4216,3021,65.60942386952317,11.802808238196592,13.034565380626251,12.34231528882461,0.992930354327913,1.1043613619378658
4420,1104,3796,1103,24.712968758031412,7.392942321485189,7.857262541202513,7.563475601496969,0.996898944698853,1.0628058761351253
4421,2888,4349,4280,55.2879240005886,9.814422837211524,14.218896776773507,11.785850964727198,0.897613551131175,1.448775645049891
4422,4082,4081,2889,29.50505069332104,7.724408054804703,9.250592237080669,8.33851249566605,0.9739235655073364,1.1975794354010927
4423,3481,3799,3827,32.81990634329945,7.987415119690231,9.342798363525482,8.759762361391418,0.9836069727629947,1.1696898462800585
4424,1044,3799,1043,27.122040091388044,7.846555873599824,8.0,7.915042495232128,0.9997400091018602,1.0195556023396772
4425,162,4235,4053,22.744239633804987,6.691556367513607,8.357602984514603,7.3629900887462085,0.9597486877872468,1.2489774464262715
4426,3517,4214,4247,68.62430204866821,10.037514594075528,15.730193496445857,13.208987625131385,0.8800108036010327,1.567140286473938
4427,3820,337,3585,46.80365017061934,9.755168217143623,10.875865379560445,10.429280831113042,0.991590209997115,1.1148824025860795
4428,3985,2905,2773,33.60947140949198,7.6663090933589935,9.662180867278789,8.936504014009584,0.9621247310349275,1.260343243354059
4429,2817,3407,2909,33.89191775213323,8.233504624888,9.278405597212132,8.881668472352189,0.9895372205128576,1.1269084089860877
4430,4048,4054,2799,28.168570585858816,7.576311081913646,9.153720550418198,8.165162971135812,0.9685556247933688,1.2082028379576681
4431,1494,3071,3408,32.63256212313364,7.883752274724393,10.229338870788034,8.867057724281134,0.9465943172155772,1.2975216006702393
4432,3071,2912,3408,29.599336694666757,7.143139012087238,9.841999618536462,8.491073552651558,0.9324046762987045,1.37782557526633
4433,3464,3822,3154,34.78328253449315,7.899350854599882,10.399707973834392,9.13948294949454,0.9498208768522894,1.316526910281308
4434,4055,3410,3409,32.934066062743156,8.563607639318432,8.87858105039541,8.723965388397751,0.9991309500611738,1.0367804579965605
4435,456,457,3411,41.466864939559585,7.539066524856644,12.485076340244532,10.381806983436775,0.8540220524584462,1.6560506926262912
4436,4057,457,458,31.78579001752198,7.953395147001649,11.042583756490998,8.998659634497598,0.8837186949159109,1.3884113076732951
4437,4058,3412,3376,47.62167400753884,9.890509892562093,11.896263048689546,10.615119887423214,0.9689127202981658,1.202795728219819
4438,3800,3413,2930,62.99669130986317,10.56957132528995,14.084593191163231,12.320974817464275,0.945529791602506,1.3325604944320535
4439,3381,3801,4474,46.17784897506238,9.244103382476112,11.841324215325548,10.495067885287433,0.9583728151610805,1.2809597345885315
4440,2941,3415,3416,105.44678530527813,14.199925651948638,18.085935097677915,15.878579117486966,0.9557786985081936,1.2736640698675774
4441,3415,3493,4073,42.97604918060984,8.680674933047364,11.66596338124856,10.187276300218215,0.9428366194013067,1.3439004998143855
4442,4396,2942,1471,64.40606686768743,11.296973082329494,13.98709539406231,12.375292836151155,0.9627378723010582,1.2381277083806328
4443,3080,3498,3499,67.9237248434849,12.067711891227518,13.492944955257524,12.577423953360864,0.9889708637543771,1.1181030071712321
4444,1264,3418,2944,40.28671135490297,9.412306951103615,10.00527602774056,9.6558149392869,0.9972046569911542,1.0629993347770514
4445,1336,3418,1265,36.51715442675558,7.329431821387726,10.884310123148909,9.535289151247335,0.9029684738953369,1.485014171410645
4446,1154,3848,1153,30.59225225936725,7.391038258977499,9.576001273158123,8.54573129930724,0.9568869821816983,1.2956232856089829
4447,3803,4145,3802,51.19254876933471,10.208467613913347,11.527611757573753,10.913077396178386,0.9902402395822599,1.1292205836909857
4448,3422,4059,220,37.987342080267574,8.483084693528166,11.058167188474517,9.572386056171833,0.9451987833713797,1.3035549670877278
4449,1055,3420,2951,44.98179933503349,9.251913671693965,14.91366495042841,11.368104618082022,0.7660959258665757,1.6119546160548877
4450,2951,3420,3421,38.194201359399436,8.845723960138084,9.938735232123694,9.423536721041383,0.9910297729916671,1.1235638006466289
4451,3420,219,4059,34.633300301337506,7.6912898667153335,10.932542517675438,9.250882308661213,0.9157856719521122,1.4214186056082585
4452,3421,3422,201,38.37712574874599,7.47713508971793,10.959566806771411,9.77584594109704,0.9024354676796987,1.4657441219488325
4453,3854,1124,3559,51.079603058453415,8.985792632371854,13.003023153679703,11.222754700055816,0.9162610226573078,1.4470646815101804
4454,3110,3534,4143,50.8927397972482,10.058878428113593,12.800263578876683,11.072900339864281,0.9469501956438369,1.2725338784392883
4455,2955,4333,3424,53.253901943703234,10.357860189160279,11.630610020049923,11.12969838658636,0.9903987729674574,1.1228776801043912
4456,4414,4282,3425,76.75089780921797,11.8884970664926,14.660922737099295,13.458444510439039,0.9713407200740881,1.2332023682304383
4457,275,4061,2959,28.726893935465654,6.639745011792491,10.039176798595967,8.489858480306522,0.89591968639063,1.5119822795553037
4458,4091,276,277,30.724308684265313,8.000000000000064,9.153020889004022,8.46908590560906,0.9858924585770482,1.1441276111254937
4459,267,268,3427,23.225399760524738,6.552853589160572,8.0,7.396982057375436,0.9735597192155142,1.2208421706893058
4460,3566,253,254,24.784793256379494,7.09697507135119,8.201306703017814,7.607557972948302,0.9854751656154187,1.1556059617744112
4461,3426,2959,4061,44.441765568109446,9.624339268449804,10.8463897730708,10.16996861337219,0.9898553545333195,1.1269750027024799
4462,115,3430,2964,51.37961541826153,10.430672614134183,12.000769181500123,10.970864299266443,0.9815163439289892,1.1505268764008916
4463,3158,3430,114,50.77678231978828,10.280458442021501,11.294140496078837,10.853235919715713,0.9939924402392702,1.09860280645792
4464,95,3155,4368,86.25867036077963,12.04917955314118,16.027198138452718,14.39743225232453,0.9477797331295035,1.3301485024575372
4465,3431,3858,3432,99.59755543327108,13.872232969643774,17.30381079839185,15.380528070472877,0.9639634004320624,1.2473702565590776
4466,36,3821,3432,39.95505418822027,7.0996693244772,12.198018143497828,10.268587626142592,0.8347086794835116,1.7181107437558094
4467,3431,3432,2964,89.34964322992994,13.343133573217107,17.30381079839185,14.750139675032658,0.9343666515739758,1.2968326145759927
4468,4063,3433,2959,32.327128288422244,7.747769291642736,9.669938847548645,8.746580442970847,0.9680373611854985,1.24809328770015
4469,256,3151,3859,52.964818156847755,9.852624466454042,12.436767654879343,11.209296576907207,0.964876179767492,1.2622796796146778
4470,142,3011,3434,43.284895810452944,9.274969544853018,12.94814487617784,10.520553227220416,0.8797217995011755,1.3960309857150082
4471,753,3434,3011,49.95318025581447,9.274969544853018,11.94636021364808,10.91667669528488,0.956959315109358,1.2880215030223472
4472,4351,4288,3435,28.844689377146153,6.499848131940756,9.465178614085488,8.467859830427507,0.9045732996751726,1.4562153487206675
4473,337,3820,336,42.48175023294925,8.0,12.786410222016922,10.48107303955066,0.8629634612278831,1.5983012777521153
4474,4064,3436,2968,36.276272430866115,8.634600586636784,9.823563759495809,9.192688528252011,0.9885854234310166,1.1376975299470258
4475,3435,139,3436,38.3906763803688,8.390840385509263,11.26398838224475,9.661720467641565,0.9354279498412177,1.3424148076630478
4476,4198,4311,3985,68.564781066609,11.46069126437655,13.50540346375762,12.670446972284877,0.9816270373554085,1.1784108961853534
4477,1554,3438,1553,46.870276472373135,9.393250646644507,11.320999165001975,10.494500791856426,0.9769893037170326,1.2052269859365572
4478,3046,3438,2981,57.37535136565385,11.362836159970472,11.727616526208294,11.514153942298952,0.9992673353332964,1.032102932850769
4479,2983,1737,3807,47.17579418350926,9.61239762507364,11.38879510559451,10.513338125398775,0.9810123312209491,1.1848027463915134
4480,3216,1732,3439,41.17946426385385,8.668680285112227,12.182287168961022,10.136281018888472,0.9059804464820511,1.4053220061516325
4481,4180,992,3330,49.36354384140075,9.50819099989277,12.426413795311012,10.886226770255577,0.9504579278284218,1.3069167200628544
4482,3329,988,3440,39.872468052028296,9.006354622327054,10.199170140856573,9.632871547898207,0.9897922210412737,1.1324415447258194
4483,938,3289,3441,50.82833538857796,9.58744118409795,12.20818221403072,10.990985320403476,0.9624411415632148,1.2733514583932593
4484,3442,4439,4511,82.91949648514567,12.536939458372148,14.813365001797878,13.940684380846882,0.980276128073046,1.1815774536508221
4485,4381,2990,4346,58.88970786865802,10.03445207531398,12.791595416448152,11.85482227224602,0.9564384246215416,1.2747677023558757
4486,898,3809,3443,39.26533032095004,8.535081825286582,10.40055017787519,9.615798169504197,0.9741321385281402,1.2185647883376878
4487,3445,882,883,33.26312053555042,7.5870520033391236,10.742182528939047,9.068592656767597,0.9154036365219161,1.4158572426037577
4488,2992,889,3810,46.62108337701374,8.803611774394692,13.501990819590095,10.968552777681738,0.8678873273714486,1.5336876688339027
4489,3298,3445,885,30.024438793598485,6.6298120222746295,11.02162865023892,8.905197300175947,0.840162356147807,1.6624345627310104
4490,3444,3445,2992,31.419671169697928,8.209913008267991,8.697381488303314,8.526902644646027,0.9972816441191498,1.0593755962510694
4491,3447,4066,817,62.63783521175709,10.405261442533794,13.8887444616427,12.275602107200655,0.9470359629887759,1.3347809219737048
4492,3446,4238,3811,54.49313673909709,9.957697365324485,12.200309857819615,11.339227242709198,0.9713997098458244,1.225213963652334
4493,4227,819,4040,26.23030229612346,6.788959802327229,9.227939766376128,7.979595267256883,0.9367412757746095,1.3592567985470803
4494,3307,3308,3718,59.36622798458689,11.039136626431818,13.050296911478583,11.815623553532859,0.9765818812240841,1.182184563259349
4495,847,848,3811,32.44566493699928,7.824363448480007,10.469574898531537,8.903528924726858,0.9301432195093176,1.3380736934664506
4496,4436,4492,3826,58.533715411306005,10.188616099843935,13.465591978690211,11.857577301813771,0.9493240911434281,1.3216311073784075
4497,740,3197,3449,54.654404341505554,10.450111663910022,11.974925432751165,11.286699759153796,0.9877205597029366,1.1459136340243294
4498,4228,3316,4042,37.00861539269641,8.500849626684273,10.376970602759547,9.347055406596686,0.971544910986635,1.220698054719861
4499,447,3450,3001,58.9630985910745,10.808428036780176,14.230399568671942,12.025621605460321,0.9259770166086406,1.3166021479022743
4500,972,3451,3002,51.652164531436014,10.065520672907923,11.786174264311004,10.989317988554637,0.9836637309112866,1.1709453139403256
4501,997,998,3452,42.718441802386096,7.999999999999984,12.055230633606998,10.33428992709753,0.8990904558230151,1.5069038292008778
4502,4067,998,999,30.134233527197843,8.000000000000064,8.653073152695862,8.355095255483768,0.9958743661963047,1.0816341440869741
4503,598,3814,3453,20.01109141220837,6.2467574354018796,7.294936055701375,6.839056018132486,0.9839994131888837,1.16779563335679
4504,3814,3942,3453,23.734951721077884,6.885796531980508,8.232783146254931,7.471171911312271,0.9764357309594817,1.1956181260974612
4505,3766,3454,712,28.519900988588926,7.226435476237988,10.497566570282627,8.541045026073098,0.8789016960359383,1.4526617728478715
4506,3356,3005,3454,45.608226101986126,9.227261219256548,11.305193398837524,10.367558534740622,0.9732158496987934,1.225194901304463
4507,3815,718,719,32.25713616505992,7.9808287649298215,9.432214715440477,8.69271617112353,0.9812932680182942,1.1818590516424166
4508,4350,3455,3007,33.37692936684421,7.653253600134867,9.638387015568119,8.903147392618939,0.9628438685413627,1.25938424611962
4509,3930,613,3772,24.469479661258575,7.058290947062036,7.928320479075802,7.542846300560633,0.9909557327963103,1.1232634838290294
4510,716,3944,3361,39.514860797899715,8.178704032062425,10.910245317264431,9.746949629415484,0.9473374299560315,1.3339821656944337
4511,72,3572,3935,43.927169190755706,8.896915146424378,11.062713648732926,10.193361326522988,0.9681978934000407,1.2434325231458423
4512,71,3935,3789,29.55248059423911,7.868052804934669,9.186325714489097,8.332421509728476,0.9778460834207094,1.1675475422238697
4513,810,3429,3457,52.34730026427347,10.215477632518734,14.28802474226296,11.585140887102753,0.8768566457768063,1.398664385185492
4514,3457,3429,2963,82.44808167022205,13.068527292944273,14.28802474226296,13.82960735936886,0.9940171985409865,1.093315598765065
4515,3987,144,145,30.893685744954347,8.000000000000068,8.72896244309112,8.465318546226834,0.9940838149453562,1.091120305386381
4516,3818,2788,3011,39.17173826664256,8.601741448023972,10.306865114902436,9.589521003570168,0.9781920473541735,1.1982300534353043
4517,3819,3459,3013,39.01468020034165,8.590194623721358,11.504221169993553,9.768674431649169,0.9288962954417718,1.3392270692244002
4518,3033,2910,3459,25.367256191954194,7.260586764162399,8.506524196039708,7.719504393386267,0.9779622907575106,1.1716028569518848
4519,4068,137,138,24.047633248308244,6.846292484070342,8.00000000000015,7.497495013437553,0.9838835727005609,1.1685156628371054
4520,4287,3820,4149,48.83468007245783,9.312803094163158,11.63128211274365,10.757562025275206,0.9657041294502468,1.248956087134883
4521,3791,3017,2859,71.53633066362434,11.256182939365221,15.032619994981783,13.134450813508638,0.9446235942035717,1.33549890544241
4522,3463,116,3432,86.15903539889541,12.530470966853159,15.495890484521201,14.265440295699202,0.9701607247678862,1.236656668812566
4523,3462,3017,3463,97.54816598268698,14.066743629090384,15.983581166777936,15.070256966600782,0.9892361128881606,1.1362673258452995
4524,3822,3464,3020,27.447151481695578,7.899350854599882,8.064269131579762,7.962564217926463,0.9996653159793256,1.0208774467694197
4525,3154,25,3464,32.4275423466118,7.193566860836958,10.732304875193341,9.015087252026548,0.8983240710681967,1.4919309270095056
4526,1630,4003,1629,31.912283726933154,8.000000000000004,9.063572520063126,8.619146661046225,0.9893249518554087,1.1329465650078903
4527,3842,4156,4294,40.316158273972356,7.705410132872886,11.981984146618236,10.10578402491709,0.8840948661009359,1.5550092649190204
4528,4150,3466,3022,71.35159186821811,12.469383087354826,13.609146390875727,12.869904702940998,0.9931957621931655,1.0914049472645309
4529,3024,2933,3467,54.984710686932814,10.12421676596085,12.682360037728767,11.414195260050226,0.9665611290421003,1.252675671699245
4530,2933,3414,3467,53.76291319255142,9.845976324093666,12.684348073521294,11.32211112469201,0.9584737751787229,1.288277328321618
4531,1679,1680,3469,33.00088947246874,7.4463895271572085,10.09456736012999,8.927469546904849,0.9418481205517284,1.3556324609819022
4532,4069,3056,3008,44.00258793053022,9.56152402046838,10.436283941480397,10.102092262458015,0.9943104923481134,1.0914874991831236
4533,3824,3036,1683,30.106502303578758,7.6647022223937835,10.981255459091676,8.833948343528041,0.8653119657819605,1.4327047731884477
4534,4069,4239,2935,44.11782189978012,9.761771948021336,10.529375906896593,10.109057053789268,0.9960099409205031,1.0786336705018853
4535,3825,4151,3470,60.580784714542375,10.532216066382144,14.109003092067852,12.128482999698212,0.9370365566511651,1.339604410234469
4536,3469,3036,3470,58.605314809153136,9.989033482636417,12.807896286961775,11.831881083119102,0.9551830820409498,1.2821957508927453
4537,2888,3936,4182,67.1757544138339,11.313070080950265,15.316194193493168,12.872621226103275,0.9192360896676108,1.3538494930110654
4538,4305,3472,4182,79.15839277028695,11.270174186037698,16.79727742741292,14.08839127624441,0.8979677599718175,1.4904186173291443
4539,4240,4467,3040,83.14982927721508,12.560517093862186,14.843045637199689,13.959511999009507,0.9803805604979604,1.1817224980691983
4540,4218,4241,3562,56.25574091874483,11.034797817904291,12.109113902207353,11.4299531863677,0.9926690448737959,1.0973571153755035
4541,332,333,4072,25.19234846957022,6.7567634998824655,8.396510383042344,7.7177579609749785,0.9688183947740275,1.2426822965149515
4542,3474,4242,3580,42.425302284082534,8.14415571122378,11.331500975046241,10.175927333407264,0.9275796238184035,1.3913659533092984
4543,1400,3236,3475,56.015468148025306,10.847742126017382,11.803751784368222,11.394633896290271,0.995097552306487,1.088129828976846
4544,3478,3475,4403,63.33562755049816,11.334287862110763,14.062048200884883,12.305868641481155,0.9561063839507146,1.2406644662601798
4545,3988,3049,1357,45.439793285179995,9.823491312155275,10.923395511300338,10.277315023001668,0.9914533156840208,1.111966729973495
4546,3247,3640,3883,42.577540059962956,7.845121000026316,11.603296182757633,10.3102137724065,0.8992816418836395,1.4790461718460062
4547,3275,1393,3680,81.60936471829243,11.476394696323602,15.483603627639877,14.052273990133685,0.9386002208141956,1.3491696684673942
4548,4403,3475,3236,78.7555886037348,11.53240777848521,15.923562633795383,13.839339537721825,0.9338303621609558,1.3807665267874316
4549,3477,3050,3478,36.883624669436045,8.38663717877288,10.562316779656145,9.36795019751761,0.9617135588632377,1.2594221682070676
4550,3051,843,3989,44.545145050105354,9.606775351743089,11.061988778742096,10.202719605907753,0.9845860960795911,1.1514778241103523
4551,3826,2998,3065,35.36193723012049,7.261678791263102,11.003859032817402,9.412409552134443,0.8965904242030569,1.5153326591719685
4552,846,3448,3480,56.189083839686106,11.092263920696826,12.063119427694625,11.419681852543944,0.9934691810420566,1.0875254604415154
4553,3826,4152,4291,53.67412554559469,10.222418366643522,12.39433035510636,11.243535681411943,0.9743999993496106,1.2124655742470825
4554,3799,3481,1043,28.653394032569853,7.529230858985224,9.342798363525482,8.256866944869088,0.9619697671732516,1.240870221475011
4555,3457,3482,811,39.029523187109106,7.034495208098703,12.977517002637615,10.370940842822405,0.7926772970372138,1.844839838357812
4556,2775,3482,3057,40.42227799602384,8.740592913836615,10.710516071411368,9.76168163701204,0.973018992439085,1.2253763762932268
4557,800,3483,3058,33.6321089750187,8.272641773607186,10.55071867064664,9.033513113690724,0.9385502908975507,1.2753747786236036
4558,1301,3485,3062,39.69774707353508,8.891336351027842,10.246556918981701,9.622778603058103,0.9867425374287466,1.1524203465542269
4559,3794,3399,1293,35.69378174534521,8.388492074677394,10.622147813357486,9.253338102088057,0.9520512799306525,1.2662761934797433
4560,3485,1303,3828,44.0870470650932,9.71295410392596,10.6142892297952,10.111686559406307,0.9944101648088045,1.0927972186654236
4561,3485,3946,4189,44.87526975498659,9.47893335003869,12.176240667126981,10.432512479018568,0.9390454857291491,1.284558105588672
4562,3581,3185,427,52.144313926475256,10.603703330644583,11.628651563162498,11.002167709478966,0.9931822611484291,1.0966594594886323
4563,3196,3487,429,54.349050622133795,9.870869122064372,12.60839168491915,11.368638737187013,0.9615831635366123,1.2773334879636473
4564,3486,3487,3064,82.7456661963078,12.745806534583108,16.19219019231158,14.093400476004163,0.95125213803069,1.270393532835872
4565,1491,3488,3068,45.742300998304245,9.193245543815525,12.062256261665867,10.495529555901513,0.9468850950767984,1.312078112585645
4566,2911,1481,3488,31.853723185805,7.921485521844233,10.441025509117363,8.834480260414614,0.9271104060968131,1.318064077795164
4567,1487,1488,3489,20.831744799722333,5.9996660804376996,7.999999999999989,7.07798199822543,0.9474548981851002,1.3334075418104532
4568,1489,3489,1488,22.44986580104089,5.9996660804376996,9.433071859952044,7.640286068869716,0.8590806969149828,1.5722661450625037
4569,2724,3056,3490,29.984163927804435,7.013759374405849,9.94576692072911,8.575135621470858,0.923470788598566,1.4180365179082919
4570,3056,3069,3490,35.255605600738605,8.295820273480388,10.492209651335415,9.184636831364474,0.9550738628367323,1.2647585537594541
4571,1280,3415,3492,62.81639534145427,9.81491494051024,14.201410254865566,12.443521475543939,0.9156777291029663,1.4469213784268709
4572,3492,4243,4074,55.01723092625674,10.551901349007164,13.167744600399251,11.481917696037053,0.953447226714751,1.2479025499644398
4573,4073,3493,3073,34.415634958114865,8.680674933047364,9.43589256302075,8.936886652620057,0.9935872460890013,1.086999874525686
4574,3415,1281,3493,49.36409646291274,9.670752259341672,13.819062315650095,11.235001720450164,0.8795505798974612,1.4289542266271245
4575,3072,3494,3075,78.61466900004179,12.220291557481898,15.539969936256604,13.698491102729006,0.9578027077475378,1.2716529604191176
4576,3417,3494,2942,94.75244896416717,14.462639651054722,15.110955818251792,14.799727551539618,0.9987178839427926,1.044826959866195
4577,1312,1313,3947,26.995121118843933,7.420410715779721,8.348920841190761,7.92311051899016,0.9907860521069829,1.1251292092817093
4578,4292,3495,3831,44.04335234091104,9.273642249130662,13.064680157611043,10.613927094039438,0.8793645623292531,1.4087970838896406
4579,3993,3085,1270,50.95168685966258,9.269609241492606,13.360306233345408,11.250129219666936,0.9095961031137788,1.4413019886040106
4580,1726,3497,3078,48.72138306530885,9.29165217947029,12.7370025702984,10.905600199330417,0.9304005537756778,1.370800620199768
4581,3992,3080,1470,64.65165517987776,10.568162717304803,13.405659495359258,12.408484949474504,0.9591357892253908,1.268494804059764
4582,3828,1304,4187,29.19579772873319,7.301778171813975,9.662626441513924,8.392964042259786,0.9445008751866166,1.3233251153552155
4583,4395,1310,3495,78.50142279251268,12.335939685881975,15.437322412701844,13.666570319947494,0.9618844957048556,1.251410334825914
4584,4396,3499,4395,77.05780668301216,12.669790229545976,14.736283044975666,13.441666560214552,0.9803368996174275,1.16310394868343
4585,1257,1258,3500,25.751248917955536,7.377432862370725,8.0,7.724521521058299,0.9955565194501362,1.0843880451701209
4586,1259,3500,1258,27.99267817271731,7.377432862370725,9.760208981058543,8.27565052158996,0.9287656071404958,1.3229817421777414
4587,1265,3501,1336,39.36123514818938,8.629981465382674,10.884310123148909,9.675079538337984,0.9622436334349275,1.2612205677160482
4588,3503,3836,4293,42.65478673832383,8.259998797392663,12.983079199943047,10.526194625362393,0.8600462991835657,1.5718015847703588
4589,1321,1322,3503,47.65364560954538,8.0,12.692628532355286,11.048082647055105,0.8684938149936541,1.5865785665444108
4590,1322,1323,3836,25.353012274324897,6.977842113617602,8.123823664775026,7.70055525946421,0.9830095445932285,1.1642315106157224
4591,3837,175,176,31.72464426705904,7.391471042558063,9.365135345627252,8.694485744718023,0.9584224550486888,1.26701914838134
4592,4075,3087,4315,53.69137545269799,9.931811420167094,11.994186709544078,11.243711562972615,0.9741323707726818,1.2076534885861019
4593,3505,3506,4075,50.30157354438869,10.358128413819738,11.655416033568908,10.828439297487373,0.9878172014571825,1.1252434385750942
4594,4053,4337,4246,25.779819850052764,6.686547655263022,9.267662042481126,7.939502997629755,0.9280899450728308,1.3860160011252582
4595,4075,3506,3087,44.6012159907168,8.843208517032235,11.994186709544078,10.398507880132017,0.9382202515962478,1.3563161703631643
4596,3505,164,3506,45.87722562209395,8.764281608415748,13.503733598771637,10.913262884086953,0.8617901868088915,1.540769021593842
4597,3994,168,169,26.50425875255355,7.540474543536609,8.00000000000006,7.831615639821455,0.997263330515884,1.060941185307407
4598,3504,175,3837,43.56547014545775,9.365135345627252,10.687297221664767,10.073984876519422,0.988495472537326,1.1411791530225837
4599,182,3095,3508,32.16303547747823,7.1049578148294055,10.159864855278526,8.88531670204466,0.9211873532464585,1.4299683573170476
4600,3095,3515,4076,54.957430875316575,10.74253048303069,12.217567635696161,11.32334085641754,0.9866979839862748,1.1373081654267119
4601,3840,237,3518,69.40101583589214,12.135222884894153,13.111431554998596,12.679213739562398,0.9959437798614513,1.0804442307623061
4602,3510,3089,4336,60.61905140776548,11.307833612149073,12.23257653505578,11.851160988480201,0.9956477793258447,1.0817789644440088
4603,179,3089,3510,58.07886469796572,10.182832129563987,12.78152184215189,11.732310168923883,0.9656555037639587,1.2552030397361735
4604,4245,3509,4336,55.2029860314904,10.037083653699773,12.64272628256523,11.439675396051955,0.9656727071706679,1.2596015654313084
4605,3092,1332,3512,78.4992783157309,12.570489578445905,14.592130376969388,13.54160688684705,0.9849335422502197,1.1608243486387282
4606,3836,3503,1322,41.74603119302519,8.123823664775026,12.451619408810034,10.303649650778844,0.8821546008614517,1.5327289122239778
4607,4211,3512,4210,60.555899335489016,10.807045123867487,12.608864316499144,11.899693605488475,0.9833391016205177,1.16672635044822
4608,3092,3512,4354,75.32720120070098,12.570489578445905,14.290649326102919,13.255479878021783,0.9869427592526638,1.1368411100396998
4609,4078,3513,3094,26.259661992876563,7.595616484050946,7.9407106917190164,7.791419347825407,0.9986323452635337,1.0454333375562983
4610,3839,3092,3511,61.21974692935507,10.877990257637844,14.91164558376911,12.366228052391913,0.9051616758277924,1.3708088746723306
4611,4001,3095,183,42.97648530433258,9.232133978706901,11.008821153952027,10.045987957696623,0.9782263645361234,1.1924459912890017
4612,230,4079,229,34.26410901589147,8.000000000000085,10.086726471606042,9.020148349480305,0.963938047969475,1.2608408089507417
4613,4076,3515,3096,55.63568070576078,10.692099514185406,12.59718331594024,11.433069093550472,0.9777460175517656,1.178176774283416
4614,3514,3515,3095,57.87122704173892,10.48248437936193,12.227117652821631,11.642389889293241,0.9811326339422496,1.1664331860960901
4615,229,3516,228,28.9379341755245,7.495681083570465,9.423440604520602,8.306373896030337,0.9593343110043356,1.2571827028734626
4616,186,3522,3097,40.570841160614584,8.678020078656656,11.77162518426826,9.974562869799243,0.9257215701972936,1.3564874334896087
4617,242,4002,4214,46.98917225573561,9.308738800712337,12.541571548373513,10.705782665116379,0.9318598145460092,1.3472900912649721
4618,3405,4080,2904,50.95376733235076,10.040733748057065,11.912686824652276,10.930717151339989,0.9800434675674674,1.1864358844250247
4619,4075,4244,3505,81.17815322057442,11.655416033568908,16.383639788072987,14.098202324931336,0.9258026636527114,1.4056675232257916
4620,3087,3995,4208,37.255502034679935,8.837184664857327,10.270340899743527,9.349279577392094,0.9795402503584021,1.1621733944958066
4621,3949,3841,3135,30.486907864243225,7.963037790399272,8.976585751379046,8.422984930017153,0.9899359793433956,1.127281571136303
4622,3100,3520,225,49.80876697629229,10.045380384656376,13.00306652793671,11.033015150447676,0.9301390785104204,1.2944324684606265
4623,3099,3841,3949,35.624099961881434,7.963037790399272,9.986808853088414,9.189058179423903,0.9654657452492075,1.2541456057296532
4624,227,3516,3521,32.50096199582157,8.418639703302958,8.866021585137876,8.669550757761355,0.9981622147834175,1.0531418254732285
4625,3097,3521,3516,45.18613348085757,8.866021585137876,11.20963265637462,10.366921479486717,0.96084731565196,1.2643362695129619
4626,3100,3521,3522,35.88841337402261,8.62883450027493,9.436117226247237,9.123876792514485,0.9941260597568121,1.0935564039322558
4627,3097,3522,3521,39.45902807673709,8.62883450027493,11.025110196947653,9.709329347898466,0.9566529493424153,1.2777056039951133
4628,246,247,4014,33.992425850054516,8.000000000000025,10.607691977258701,9.088252452229447,0.9365267899011616,1.3259614971573335
4629,3523,4081,4082,29.870669783438647,7.724408054804703,9.656844753371672,8.451798406228992,0.9558538101946225,1.2501727879801692
4630,3845,1632,1633,36.588412251268856,8.000000000000014,13.121701075559631,10.12550932354314,0.7876558387543466,1.640212634444951
4631,3843,1657,3525,43.75333479825314,8.749302980101865,12.505796435682647,10.444481781324079,0.9061746160444769,1.4293477393712393
4632,3524,3525,3102,62.01963152598958,10.512349380080373,14.465398308046392,12.32347117484612,0.926880868224059,1.3760385794879086
4633,1635,3526,1634,27.034767345182605,7.303444080551628,9.968589702101054,8.23396626547597,0.9008560634467412,1.3649162767804923
4634,3845,3526,3104,48.60881411296405,10.326127999376208,11.00161381541696,10.607062912159568,0.997024333280366,1.065415208496501
4635,3844,3104,3526,52.08426312279255,10.493446921685537,12.02588909628703,11.038458304863125,0.9832154188431423,1.1460380164914714
4636,3528,3527,3844,56.17147556461285,11.197946279110676,11.672669674652116,11.39502052018428,0.9987309533229575,1.0423937911210575
4637,3844,3529,3528,55.297383995212954,11.082897079448452,11.672669674652116,11.30971627244405,0.9978661602755459,1.0532146595764484
4638,1638,3529,1637,25.0044090315521,6.929963882910283,11.187771160999482,8.504505226266557,0.7601781569046656,1.614405406727907
4639,3528,3529,3105,47.64979473305022,8.95460364581779,12.149919123517757,10.729139949594666,0.941510275562926,1.3568349425708335
4640,1644,4083,3107,50.334209491598706,9.069276311964725,13.301769130623297,11.20214321650709,0.9047874944365106,1.4666847357020998
4641,3108,4084,1654,56.956072742382226,10.33674088080484,13.973538942245828,11.822571964034408,0.9250037355764488,1.3518321783797893
4642,3108,4005,4084,56.791766766948136,11.157436069052556,11.609110537399838,11.458109366883278,0.9986408228802058,1.0404819230468274
4643,3107,3531,3532,40.47142157115585,8.58889770336095,10.459640319213749,9.768853401765801,0.9722398833940906,1.2178093953920017
4644,3531,1654,4084,57.42690712372364,10.782378937594778,13.973538942245828,11.849606386332823,0.92957830887797,1.2959606616610806
4645,4418,3110,4458,85.15696662317632,12.457472249621874,15.795987330090718,14.220304396579833,0.96359197675545,1.2679929775135705
4646,3853,3558,1143,28.16540411930478,7.146007045373307,10.179671784729381,8.413326182527209,0.8978884237155071,1.424525853402317
4647,1149,3802,4144,58.37122332551215,11.097934442020385,12.465186725514283,11.65650395098064,0.989616857021535,1.1231988070065575
4648,1148,4144,3534,28.96303523028765,7.833884315866998,8.794245433960674,8.21189280525648,0.9893134902947066,1.1225906688650649
4649,4087,4249,3111,47.30022365202703,9.575864980192472,12.016309521099538,10.614284113656183,0.9605478070091239,1.2548536916461424
4650,3112,1159,3535,43.19851957984937,8.022356273778193,11.731923428548827,10.34614237887437,0.9087837392878327,1.4624036914061886
4651,4339,3112,4477,44.823669117307446,9.353969543926269,13.710869871582378,10.88644210189174,0.8449377960819929,1.465780897318095
4652,1093,3122,3847,34.31561472158117,8.056795925339154,10.202195265363533,9.040217298736431,0.9604880487988054,1.2662844336514665
4653,3848,1154,3113,50.9733916907539,9.576001273158123,12.00770231685465,10.98806960116107,0.9664844645008068,1.253937000876626
4654,4248,3113,4086,51.20468137502938,9.742539922611686,13.264058698947013,11.215776223583626,0.9236585417689065,1.3614579775200257
4655,3951,3970,3538,57.46137176887299,9.35144052836399,14.562339431417412,12.099692087645998,0.8789978851134248,1.557229539903309
4656,1461,3115,3539,57.84983224283946,10.37248988951853,12.76565504365648,11.681551725472607,0.9720600188959454,1.2307223414655972
4657,3117,3539,3115,68.7085034972047,11.906510243242806,14.267096967383049,12.746515021616922,0.9696977695046454,1.1982601682537437
4658,3540,1464,3849,55.447785961773924,10.977082384323976,11.962821161558377,11.342663142579,0.9937975944866885,1.0897997065816052
4659,4255,3540,3849,67.9099621430769,11.665069952081428,14.66660921415532,12.764833442598373,0.9518536898707823,1.2573100096616499
4660,3540,4447,3115,92.40993673398711,14.006790597255655,15.255286122347993,14.635286181316076,0.9951512541091417,1.0891350175062198
4661,4255,3849,4096,59.12186588271334,11.665069952081428,11.724591745901538,11.68496731837495,0.9999769622688811,1.0051025663853383
4662,3542,4006,4215,46.251377507485195,9.246390711938965,12.431560963835716,10.618273490955778,0.9325709605309174,1.3444771426091753
4663,4435,4249,4411,69.36836058087954,12.287856451452294,13.171115936127052,12.673422183346071,0.9965625664253099,1.0718806805861054
4664,3118,3120,3543,49.92194959910918,9.974798768436006,14.83525505555308,11.622339153473945,0.8220816443372886,1.487273618240538
4665,3596,4140,2823,48.31318073585843,10.349245528967693,10.741489600311338,10.56662513972581,0.9990544281784903,1.0379007407105907
4666,4499,4500,3118,65.2833546227431,10.687061121327057,14.746511993839837,12.629979362990708,0.9290567686966469,1.3798472588887656
4667,3971,3603,3954,50.82087941317842,8.92980497596847,12.642032135825554,11.153097738575724,0.9244458149369391,1.4157120082518353
4668,1427,3601,1426,29.882923435147283,7.844702145305271,8.63393403810484,8.32818926412927,0.9932829212516999,1.100606992869945
4669,3979,3980,3210,49.71746792462078,9.978517497845434,11.535415111737422,10.771747312315554,0.9861090565483767,1.1560249420044764
4670,3548,3125,3852,39.97307227114485,9.068584392452017,10.677055030399124,9.690819776217435,0.977803319075781,1.1773673341217261
4671,3124,1085,3548,31.4215760284176,7.817871391381261,10.642899885161897,8.847733583836039,0.9081370296555559,1.3613552017362505
4672,3126,3549,4420,65.49395942620868,11.747444937246986,13.268952048496573,12.353708287631832,0.9882660540375175,1.1295181309107845
4673,4217,1137,4011,43.89562246640953,9.395137763151773,12.279188081180946,10.375754378221957,0.9260446814120402,1.3069726480585064
4674,1129,3550,3129,52.898578411001594,9.950603309408082,12.062848518725433,11.154863205712745,0.97560722939145,1.2122730796956067
4675,3128,4010,4088,48.90065725950229,9.64061390297238,12.16176960452129,10.787518937217742,0.9614787082752624,1.2615140204683013
4676,4251,4509,4011,66.36526345995462,11.276426567863595,14.034351724915952,12.543143982747317,0.9662134240195375,1.2445743906950184
4677,208,3553,2887,30.52925210895859,8.161472903334825,8.753233916394882,8.408216832499157,0.9963678603658473,1.072506644336007
4678,3128,3553,3130,47.83964229224019,9.622111526659054,11.406814331127578,10.586447285345752,0.9810577088823117,1.1854793305527398
4679,266,3554,3131,46.213255631801914,9.106679975368937,11.512398327696355,10.470835356587864,0.9644836329687617,1.264170736078815
4680,214,3555,3133,50.18451892817337,8.46748210450375,13.154556628042897,11.264446860893758,0.8849711932772603,1.5535381670362374
4681,218,3551,3556,42.28377109565432,8.504288129116189,13.11737529498383,10.521965462217478,0.853396017730567,1.5424424826428191
4682,4088,3556,3551,42.54118080506383,9.458380106713937,10.399966308833203,9.934193126033184,0.9940167676002821,1.0995504718034002
4683,3841,3557,3135,26.54536266285548,7.018050936974902,8.34893507529367,7.8987724201805705,0.9765108161257745,1.1896372868009477
4684,3557,3841,3950,25.225635102949727,7.169831459076302,8.34893507529367,7.6823916462110615,0.9830145776042901,1.1644534635085098
4685,1143,1144,3853,31.500908701616282,7.914299717478942,10.680303672263648,8.864867796580873,0.9066894054991739,1.3494944661592627
4686,1141,3558,3136,37.75352799471764,8.266041494187052,10.446614464166485,9.46357002114257,0.9647400636840857,1.2637989382841694
4687,3952,3558,3853,35.51148834777128,7.834207839403387,10.179671784729381,9.2097285500136,0.9556277882548981,1.299387505847
4688,3854,4308,3423,69.94127807668036,11.136154213644197,16.354977289903076,13.35656452061753,0.8814812733953397,1.4686378238067763
4689,3129,3550,4217,48.041831514337694,8.699825589446691,12.062848518725433,10.81943839324917,0.9297636327339871,1.3865621091712748
4690,4192,3561,3136,52.58254188753729,8.915540027450755,13.486319918772935,11.478279288174372,0.8969428905382607,1.5126756065531475
4691,4251,3560,4509,72.90931084599262,11.276426567863595,14.667139401796005,13.196157528531264,0.9558425387273436,1.3006903661835139
4692,1111,4013,1110,27.6119784730972,7.429497095103056,8.674398206434756,8.03463176717928,0.9838450386113999,1.1675619621888327
4693,4071,4218,1117,40.5826536273596,8.526471054239902,11.73676247909356,9.975418860957708,0.9254131607628835,1.3765088046897547
4694,4241,4450,3138,67.13402152192896,10.349710994019349,14.410025923923817,12.786134184931457,0.9308151227115423,1.3923119140477207
4695,3139,1034,3856,45.68809621885623,9.14623429476038,11.540431363414072,10.410060164936796,0.9650475092432627,1.2617686133434458
4696,3856,3857,3564,38.55484512720567,8.296229798352,11.019499995655773,9.636445784273214,0.9462322745906604,1.3282539495042356
4697,35,3858,3565,37.4769698501334,7.984426435599472,10.995211753644098,9.545120965043475,0.9343933210345756,1.3770822290528844
4698,3145,3565,3953,48.73195214445441,9.538895836911157,12.828584865188892,10.913059389090265,0.9297496875950041,1.3448710505411061
4699,3428,253,3566,27.745947862050777,7.09697507135119,9.670988198160615,8.237472961451905,0.9286028835400564,1.3626915835170545
4700,3150,786,3567,35.57854017520586,8.424164968911457,10.252006471813948,9.17274779514001,0.9694906692719788,1.2169759863022576
4701,3149,3567,786,39.48308620855825,8.842071944694625,11.324229126508913,9.764207389752983,0.9442087424029408,1.2807212152694163
4702,271,2967,3568,29.928984554389615,7.393537528141747,9.459781003221607,8.442212473487482,0.9601993995717293,1.2794661509751177
4703,3859,2967,3433,35.712664573899296,8.28856863272395,10.222578718308789,9.189546555198332,0.9693815027732681,1.2333346288464342
4704,4015,3569,3153,76.05377617539477,11.513392942974063,15.332197345756818,13.524729422766216,0.9475051064944959,1.3316836680288189
4705,4061,4252,3429,67.77488689692194,11.82540336416703,13.377342300287477,12.560037768426659,0.9896307878327124,1.1312377166620027
4706,3569,3860,3153,76.70692732975785,11.59591646353155,15.332197345756818,13.568701844334369,0.9500631101118602,1.3222066055732329
4707,3177,304,3570,61.974463731781135,11.174126251811835,13.642410673276329,12.123462336367119,0.9660352574546154,1.2208928345573573
4708,3153,3570,3571,48.908901178613355,9.877411255552348,12.975400455281232,10.955998533643935,0.9252450441674714,1.313643840433132
4709,305,3571,3570,39.13415579985124,8.106317310840026,11.084926243130324,9.735475814689527,0.9385150805311895,1.3674429235957994
4710,73,74,3861,32.08862093963171,8.0,9.281062785822387,8.655987903779783,0.9854437879909046,1.1601328482277984
4711,3166,4397,103,42.217176387261944,8.62838298153821,10.83325080922328,10.008661187200538,0.9639943069199497,1.2555366205235365
4712,63,3575,62,29.188857774183816,8.0,8.380182995510284,8.21485939439344,0.9985120250478112,1.0475228744387854
4713,65,3576,64,24.460644188554276,6.797149711946622,8.616268626240332,7.633267116222757,0.960229731307856,1.267629667049475
4714,3577,68,3862,25.385528733673627,6.969386433115438,8.652872208993944,7.753864306113127,0.9673941628793732,1.2415543738368886
4715,293,294,4092,30.2721209933049,8.000000000000004,9.02530516880992,8.399015597761043,0.9882106822050388,1.1281631461012396
4716,3175,3578,4219,38.792001464733815,7.937696145459382,11.827474106991799,9.874149426754025,0.8956775122904674,1.4900386573448638
4717,765,3579,3183,44.40186352282841,8.782686225623213,11.49775814675143,10.306448090231974,0.9538166105620025,1.3091391234275318
4718,327,3580,326,29.48364533529974,7.3913035186203775,11.842849114093816,9.109122294121336,0.7844884775839307,1.6022680010716623
4719,3474,3580,3043,42.6777956646143,8.66718324925898,11.331500975046241,10.103961760680379,0.9541615447622861,1.3074029530891773
4720,3487,3581,428,52.96518969726069,9.018502003941729,13.677486916338788,11.537586971614687,0.8941005414809781,1.5166029691361993
4721,3581,3486,3829,84.54379549792321,12.898144063803839,15.03204741949914,14.054389012928697,0.9845931540073102,1.1654426671883509
4722,3582,3187,4093,40.803578376255174,9.202340276719669,10.855772957409863,9.800381629418306,0.9754069647496305,1.1796752381427464
4723,3063,436,3582,37.500561759879936,9.026387414942274,9.608345240163873,9.315230738801704,0.9973955890215971,1.0644729500816934
4724,3188,659,4021,47.958543027847895,9.997023938886086,10.828019750880445,10.544710641947773,0.9947418120301696,1.0831243195049258
4725,3976,3583,4021,42.940337719562706,8.693131165003797,11.637746852657235,10.177250915756728,0.9442460741275392,1.3387290070472728
4726,3194,3584,349,47.251307644657324,8.814639232868183,12.020103294948292,10.691955281794307,0.9392416354224915,1.3636523262492148
4727,3189,3584,3190,46.64031509016456,8.77072042979976,11.638447426578505,10.595857647215832,0.9452576426604804,1.3269659567571255
4728,3191,3394,3585,47.4118263971704,10.320501609012643,10.555387606669585,10.465408017957254,0.9996115800063988,1.0227591648696437
4729,3394,2805,3790,41.536652757072375,8.781920207417237,10.550729968685417,9.88206734672405,0.9761371035454324,1.201414920597233
4730,4153,3586,3193,31.85695826491777,7.490580195444689,9.551799591187752,8.703646028336108,0.961352187246813,1.275174865225603
4731,3486,417,3586,38.685518673204086,7.515264936763839,11.747894593478941,9.908128018505975,0.88185311681911,1.563204317123878
4732,3584,3587,3190,29.539706950034798,7.763521346726656,8.77072042979976,8.290095263923904,0.9901767743374137,1.1297348249706005
4733,3195,3863,3588,27.31265952530336,6.614479745711917,8.930075524752452,8.135792604833041,0.9365516683610793,1.3500798049221794
4734,3864,3196,744,34.684075334606845,8.818956491162584,9.036743342002334,8.951325621861672,0.9995532943016552,1.0246953084594523
4735,3197,740,4253,47.66810308392054,8.434714908319325,12.158080209118946,10.855906850063144,0.9113928934946539,1.4414334498878192
4736,439,4094,438,27.837054172743255,7.544923535425046,8.61935552550297,8.054759686976027,0.9879192586452886,1.1424046227948146
4737,543,3590,2908,74.06879385310278,11.790920295808005,14.841103832884134,13.261465980382797,0.9641056668127496,1.2586891829097133
4738,3200,3866,3591,44.37558617042233,9.457028545695044,11.962752385996383,10.341098348664607,0.9466477182393946,1.2649588957243842
4739,3591,3866,3798,49.82787154065086,9.457028545695044,12.790549098928505,11.004693348183261,0.9356730798657542,1.3524913282355397
4740,4095,403,404,22.835627525302744,6.8078978264494046,8.000000000000025,7.316564708505106,0.9805218116778318,1.1751057674395724
4741,3592,4095,4254,20.928968016238382,6.353610580309956,7.471532107781295,6.998335783921546,0.9823916636834267,1.1759505895649025
4742,3201,3593,392,48.971807844168225,9.009047024034114,11.80380300547654,10.848519841340524,0.9473333173407488,1.3102166049290946
4743,3593,3201,4254,48.50209983497205,9.283787981189493,11.732709494510917,10.728654067691892,0.9639424785653606,1.2637847307891292
4744,3593,3594,3202,35.92688283481125,8.706521164601698,9.445757251348585,9.124226317010171,0.9954692297731018,1.08490602305688
4745,3199,2977,3594,55.56496107187122,10.018856202475847,12.702806059373597,11.485231249932568,0.9637957862558879,1.2678898471698292
4746,1716,3544,3595,53.66360412039951,10.407780230344711,12.40197679257637,11.23519175514665,0.9762178735789943,1.1916063289285663
4747,3787,4140,3544,43.97552748404442,9.142341347278954,11.220254823901527,10.185075032409374,0.9722534968473387,1.2272846087989293
4748,4140,3787,3386,40.08285095094987,9.112967351663544,11.011647284001157,9.755651994314553,0.9646288645863075,1.2083492521226924
4749,2823,1709,3596,40.15139842231498,8.701906046398122,10.6091402898984,9.723113439891327,0.9744767662314006,1.219174308861875
4750,1731,3597,2588,26.767214831505328,6.664559410987486,12.509511201828301,9.240940439224191,0.6768562502933155,1.8770199844275632
4751,3598,3597,3216,43.47272421127691,9.119522269971476,11.177684360279834,10.127069672566215,0.9722216502209053,1.2256874899122094
4752,3597,3598,3204,32.64754325879705,7.696771296629882,9.533956583939736,8.78341671684703,0.9695095667171807,1.2386955798094568
4753,3216,1739,3598,48.03950025297731,9.552618803824892,14.38055904215386,11.339060077808696,0.8326095223736169,1.5054048881753608
4754,2610,3599,1565,25.868253217226588,7.125775582105177,8.122627419363209,7.767172844460092,0.9868622041994549,1.1398938018426241
4755,1563,3599,3207,34.72797656599216,8.3706476399925,10.26452214750576,9.084393784320506,0.963572833820473,1.2262518491956205
4756,3207,3599,3600,28.671100301379237,7.734188508216115,8.3706476399925,8.152762150891151,0.9948597237690361,1.0822916497445423
4757,2610,3600,3599,24.316307328421413,7.125775582105177,8.353450304464841,7.561378000380658,0.976811913266227,1.172286470183358
4758,4096,3601,3210,41.065679385034606,9.066456527897758,11.67011694750927,9.985073360699745,0.9378185672621887,1.2871750845106873
4759,3546,1426,3601,43.95154957984795,8.505931608977697,13.261229018594232,10.70111356663576,0.8576461125904375,1.5590566240383938
4760,3867,3955,1431,24.47462104054015,6.530063189429678,9.278714071391388,7.793183805825358,0.9113814699881411,1.4209225549931885
4761,4447,3541,3115,98.6006968821481,14.141440533820582,16.05475381227514,15.15049348948124,0.9893787377831823,1.1352983293235714
4762,3211,3604,3971,63.482877455276366,11.476267541312067,12.86660978707003,12.14856440778847,0.991187844296868,1.1211493406504365
4763,1431,3955,1430,25.96351588159256,6.725875166559626,9.278714071391388,7.9616415177988245,0.9299437086832862,1.3795549042486277
4764,3606,1436,1437,19.947506546135045,5.863274362595561,7.594484158256514,6.901095490961741,0.9560609439184572,1.2952633099868414
4765,3870,4463,4464,79.14674714997314,12.433046490164616,16.02404926156402,13.824176311050321,0.9441972914159521,1.2888272616241025
4766,1450,1451,3869,34.59308416225018,7.980828764929881,11.377719958690967,9.349722444765996,0.8920432101634366,1.4256313841349446
4767,4160,4296,4355,85.00908906388038,13.365386158571326,14.600285136103974,14.03890518631315,0.9947746625835371,1.0923953085142024
4768,3870,3606,3212,49.641154398315166,9.033925384804403,13.332656321823864,11.15214861588268,0.8994849024668011,1.475843086356478
4769,1436,3606,3871,14.840419792532789,4.2007066228248,7.5276143912599975,6.324616322039316,0.8108081988783916,1.791987650448674
4770,4097,3214,1524,39.46598022104818,9.154509964460535,9.934810637516412,9.562812852525804,0.9955570534460962,1.0852367495458681
4771,3608,1536,3218,34.8217191087404,7.271137504936804,10.424372493678192,9.260123763680445,0.9164665506284083,1.4336646070302577
4772,1541,3609,1540,23.882324567944167,6.065195653524115,9.149457524899908,7.738217726141346,0.8968148585079319,1.5085181167377044
4773,3220,3219,3609,37.79269803932248,8.800793918378448,10.844997037124523,9.50210061316462,0.9570829692455793,1.2322748535762467
4774,1541,3610,3220,49.612717801355075,9.711438873117453,12.288569538306104,10.872202294726778,0.9600423656159496,1.2653706313615884
4775,4296,3611,3956,40.13830914267271,8.542677459602226,11.043381265909897,9.791667097627103,0.9564218873769418,1.2927306828723593
4776,1454,3611,4478,58.186969716519165,9.444569231714405,13.798721557005926,11.994087044184147,0.9122967890304345,1.461021801891238
4777,3873,3956,3611,31.117653291265448,8.174485647737745,8.743600570129054,8.486921225823009,0.9969448400334272,1.0696208846545359
4778,4438,4472,4423,58.110203444792916,11.062924460374735,12.708100372960986,11.660412689530588,0.9830212588418307,1.1487107607467588
4779,1068,3614,1067,31.107644089246296,7.85247260724279,11.960309276576758,9.270927294606484,0.8020535907440807,1.5231265201161062
4780,3614,3222,4022,45.28712332692016,9.870284597854994,10.467451707495243,10.236584748460158,0.9974236947015357,1.0605015087173906
4781,4022,4220,3615,43.34836581640556,9.284344787019458,10.473978130216262,10.047171479353443,0.9888459052811024,1.128133257702799
4782,4510,4329,4162,95.40441979606666,13.556462148967741,16.5850634960102,15.002487757629176,0.9722626764492638,1.2234064694580415
4783,4297,3222,3875,36.8255677332215,8.802628695412462,10.324126487792906,9.311799877923315,0.9750404809939496,1.172845844693345
4784,4442,4161,3617,67.33547082681295,11.575536106018701,14.21518603449476,12.637841295961609,0.965813401294721,1.2280369482933557
4785,4442,3223,3616,60.4038953744715,11.156870608919938,12.944178737865391,11.888936970646318,0.982846408736148,1.160197979486873
4786,1075,3874,1074,32.718407675062956,7.999999999999943,10.70003744963294,8.984504978693282,0.9191806562242262,1.3375046812041271
4787,3226,3874,4161,72.2420542587738,11.704363306375676,14.850686690768113,13.124061063064447,0.959168806330437,1.2688162783428425
4788,3614,3875,3222,36.397593122326874,8.808644450564573,9.870284597854994,9.206502197465534,0.9891007873753569,1.1205225336598046
4789,4398,3619,3226,58.56595232580504,11.09777652339841,12.633913654097693,11.691408554336698,0.9862121973949041,1.138418459541018
4790,1069,3619,3618,38.17893327716118,9.322939870845184,9.471938690805759,9.39052129877035,0.9998274496851212,1.0159819565528387
4791,1239,1240,3620,26.737680677716526,7.397912951115354,8.163187755138738,7.879518811435912,0.9926695204397017,1.1034446889386562
4792,3620,1240,1241,32.103644251096284,7.999999999999943,11.992596019455371,9.35668391583632,0.8145255270616242,1.499074502431932
4793,4433,3229,1236,80.99516406397316,13.581563549406225,13.753523363728895,13.67719351169881,0.9998908548429277,1.0126612678795872
4794,3876,1223,1224,29.18626391515166,7.496983149780306,9.212936087413722,8.303300451816911,0.970649920343806,1.2288857935720052
4795,1235,3622,2985,35.782416585453575,7.739409112733301,10.740912079242115,9.334263857091502,0.932183860067738,1.3878206879606063
4796,1230,3622,3231,44.292706640921615,8.186988270296407,11.658054355730828,10.442991799077918,0.9165251858552492,1.4239735017122177
4797,3229,3623,3231,71.46844965425716,11.702309840788296,14.539802490116598,13.012789731805626,0.9669081171080134,1.2424728697097258
4798,1226,3623,3621,59.482170688951754,10.913674320044722,12.238660270881446,11.764853943136387,0.9898584288914607,1.1214060372319499
4799,4401,3232,3868,59.49643631177067,11.03381163628021,12.526601625808308,11.769646041567235,0.9892361300703347,1.1352923213424873
4800,3212,1439,3624,48.00499552952192,10.336096619375171,10.733053855249267,10.532885247251862,0.999052415623501,1.0384049463247076
4801,1447,3232,3625,39.80161453407939,8.527301510468552,11.232452205898008,9.789783065386606,0.9468679243225611,1.3172340853795863
4802,3625,3232,4024,40.4477392441245,8.902943581183424,10.766445196217225,9.759661419064633,0.974635377528033,1.2093129758760186
4803,3234,3628,4101,58.73707691840488,10.751041443530463,14.315395009205663,12.032006245289077,0.920336215080378,1.3315356548848654
4804,3635,4100,3638,68.29637795939647,10.37044422273768,15.083155634430057,12.988972741666133,0.914062315887229,1.4544367927228747
4805,3235,1206,4025,48.54983731834148,10.04640765045015,11.796406295188207,10.683452225921663,0.9770061868233136,1.174191482729615
4806,1185,3878,1184,42.22936875635876,7.506907094178327,12.175893661357799,10.429787184256057,0.8622395376440505,1.621958751933977
4807,4105,1189,3638,45.264312197254064,9.38248546384558,13.534568402467174,10.855450549614238,0.8607720155231122,1.4425355045442074
4808,3234,3235,3628,70.26774158429107,11.839594858979689,14.315395009205663,12.876611464876513,0.9722422463532682,1.2091118978068927
4809,1402,1403,3629,23.38753596472195,6.688537315382784,8.20620570425311,7.428923211844513,0.9718882708793527,1.2269058715393397
4810,1404,3629,1403,25.3806909446289,6.688537315382784,10.492592908325568,8.263615922118172,0.8265655029440014,1.5687425237493915
4811,3238,3631,3239,66.97298750881359,11.43029232146478,13.232653813495125,12.505861150391825,0.9851507538388109,1.1576828869586928
4812,3237,1210,3631,46.93446968597882,9.845184729395855,11.465998658581825,10.486553195661365,0.9812401005046956,1.1646301185539492
4813,1216,4028,1215,28.918091816396373,7.9503638658483755,8.618682590450394,8.189682152099598,0.9943443436455809,1.08406140094705
4814,4104,3632,4222,47.866567917577726,10.296846171312726,10.840697040068532,10.521737041020431,0.9980357016774248,1.052817227693562
4815,1180,1181,4103,44.028961469362834,8.000000000000025,12.60615550511795,10.58955977682952,0.8777743531683418,1.575769438139739
4816,4104,3240,3632,47.48962500573965,10.022961592134022,10.840697040068532,10.489040574068182,0.9957746102089902,1.0815862098659808
4817,4163,3880,3634,42.348370963826035,9.256950877852855,10.271822279953795,9.921437000732906,0.9913180157950364,1.1096334436135995
4818,4100,1201,1202,39.11154407328421,8.000000000000025,11.108946128976957,9.753352857120477,0.9329289405858471,1.3886182661221154
4819,3637,3880,3957,39.146974441165725,9.205837002682463,10.093717971657702,9.53413045378891,0.9928428321000458,1.0964476091328275
4820,1196,3241,3636,57.56035191538659,10.205261802544877,12.546007467879331,11.659070179079208,0.9702364919996905,1.2293665474364162
4821,3634,3636,3241,66.76713138149725,10.884222613574257,14.790393958722596,12.740208013392062,0.9352071873122987,1.358883815944444
4822,3880,1192,1193,27.436402980294545,6.9553474145472824,9.691623690110733,8.215657034886,0.9213809812210694,1.3934061251693137
4823,1192,3880,3637,23.69986283828903,6.857801919213827,9.205837002682463,7.672995445481191,0.9114296850574857,1.342388874909034
4824,3638,3244,3635,70.18307155729977,10.308519267230547,15.083155634430057,13.178021701604996,0.9109515648317418,1.46317383160717
4825,1189,4105,1188,34.649576373632286,8.000000000000064,9.64929778252996,9.029372197776786,0.9750571279943759,1.2061622228162354
4826,3247,3988,3881,85.09563280079438,12.865840163285059,15.41017110085682,14.134590932264075,0.978365263496654,1.1977586310167647
4827,1350,1351,3883,29.53864805616933,8.0,8.64645476310927,8.27320189813587,0.9955642525574019,1.0808068453886588
4828,3248,3644,3884,47.31676061371513,8.886499114157465,12.645728107202448,10.793347381094017,0.9193983915024668,1.4230269923794843
4829,4342,3642,3256,62.25017040675775,11.661038136209346,12.399672370116345,12.001715857867017,0.9974111304588255,1.0633420648555658
4830,3252,1418,3651,32.53212215201479,7.756613325131512,9.880026697739797,8.799967436821305,0.9608415219095856,1.2737552181089655
4831,3249,3642,3643,79.16392719075495,12.59380706022384,14.446464480920472,13.584472513868,0.9875918766975122,1.1471086075749126
4832,4342,3252,4343,41.72697818642439,9.24739684550607,11.236365845107542,9.954187230284498,0.9645044686454913,1.2150842050828656
4833,3249,3643,3884,58.57312569715385,10.59559513233529,13.713146000459686,11.880093604143946,0.9465519698685647,1.2942308411360826
4834,3881,3644,3248,71.15763853267313,12.583256726324255,13.262268296886653,12.830417710137786,0.9976808856496208,1.0539615129318551
4835,3250,3647,4106,74.89681926406786,12.319493414792749,14.163602627982632,13.217103946024546,0.9869164166116698,1.1496903444889668
4836,3886,1574,1575,28.24513990387242,7.28402627657711,9.405127617226803,8.229717964601305,0.9521909924182355,1.2911990237419126
4837,1624,3646,3250,52.9331996610725,9.806404523314567,12.678709405108535,11.24437204005057,0.9564439179710534,1.292900917452988
4838,3896,1577,3667,35.335227237125636,8.070687745146468,10.446532642731611,9.196567576028974,0.9541408933618515,1.294379484451486
4839,3259,3665,3666,81.87061548597777,11.49898068431856,16.155726686673923,14.136728585774653,0.9284043638270939,1.404970329996804
4840,3648,3251,4341,78.37241880702445,12.442180034297909,16.039113815704667,13.775920720613827,0.940888673250337,1.289091925329123
4841,3250,4106,4257,55.69459218062883,10.40632034762439,12.319493414792749,11.421349413765848,0.9813607157221399,1.1838472200795844
4842,3887,1601,3650,34.106247795150644,7.101776401025117,13.208237088065484,10.037964099095216,0.7361013780325066,1.85984975338831
4843,1602,1603,4107,35.78229130160532,8.000000000000014,11.530359868707462,9.501753999243974,0.8933647319685272,1.4412949835884301
4844,3251,4027,4221,35.01649006562852,7.990203514500781,10.8611263037669,9.252252201108746,0.9291011574318222,1.3593053398522217
4845,4343,3643,3642,55.72878390691218,10.493472736055251,14.446464480920472,11.861563256593262,0.8934941924511006,1.3767095835950345
4846,4108,3652,3252,41.33806450249045,8.58251759789367,12.028551812993824,10.11412256580522,0.9148830977743575,1.4015178734903944
4847,3888,4108,3253,57.53286710652552,10.350730041909644,14.869235786988572,12.115607616849049,0.881781509200868,1.4365398118571058
4848,3660,3256,1365,30.1915034523174,7.406916984659747,9.805338834691888,8.532150144477507,0.9451927819272652,1.3238083881592628
4849,4265,3253,4112,47.51112938904463,8.780569925725164,11.778488702498777,10.714180889860032,0.9404541367865002,1.3414264452231468
4850,4109,3655,3656,47.37637220897501,9.129785889818889,11.92224834205564,10.643692940463145,0.9545917516570134,1.3058628631533162
4851,4109,3656,3254,52.18547881402881,10.138601732225249,12.23939998020825,11.08568210064947,0.9746698428861834,1.2072078875833216
4852,3655,1412,3656,42.41542345497286,9.129785889818889,11.880118307323679,10.153560405307353,0.936442816073154,1.301248293300266
4853,1376,1377,3657,42.53011457358322,8.0,11.452936922212931,10.241724368499405,0.9144228265868438,1.4316171152766164
4854,3892,1377,1378,27.373540594884297,7.869752023792025,7.999999999999972,7.951513164604968,0.9997871499789213,1.0165504549335451
4855,4263,4345,4111,45.352049868395035,9.107287987692846,12.947404354751932,10.683025610121797,0.8965448618905367,1.421653116959564
4856,1408,3658,3672,37.35516477837003,8.776411407496125,9.804696914825445,9.3164646558662,0.991882327423386,1.11716468834301
4857,1411,3655,3659,39.838711135543655,8.802846540740966,11.67670711210026,9.88083601715638,0.9268469308458064,1.3264694616745405
4858,4111,3659,3655,41.88415843033184,8.802846540740966,11.346219302354914,10.006730663297033,0.9555960416750446,1.2889261728967802
4859,3893,1366,1367,24.546607170484418,6.830158206454454,7.999999999999957,7.5822176596680615,0.9812022221841936,1.1712759438632052
4860,3653,4259,3893,38.33503486429067,7.850694580667006,11.815194074419484,9.83514530634064,0.8911051385959212,1.5049871005701063
4861,4107,4115,4269,27.917774979512522,7.147274249327686,10.393342616716296,8.452741948655232,0.8783031608767178,1.4541687158141376
4862,1602,4107,3650,66.76369489018353,11.530359868707462,13.541090090245575,12.500002411789898,0.9825249157430568,1.1743857298847267
4863,1374,3894,1373,30.572833073959718,7.999999999999972,8.631686950338425,8.417752594921119,0.9951949145038107,1.078960868792307
4864,4166,3894,1374,24.106625033206146,6.934754791773817,8.621570834424961,7.582373562468576,0.9591440283375811,1.24324090660741
4865,3662,4344,3258,46.167381145455046,8.829151462326017,12.664969783362794,10.695668766507984,0.9124053292687684,1.4344492602040197
4866,4265,3254,3890,32.8477329107415,7.5807668033034785,10.376967784713615,8.941287858292792,0.933614578075222,1.3688546362079934
4867,3895,1580,1581,24.55213071555933,7.23642162210378,8.0,7.551794703249928,0.992388569561618,1.1055187795531227
4868,3897,3665,4167,54.600157515491475,9.772584266142548,12.304317989658024,11.389669196042844,0.9622565149061432,1.2590649161539342
4869,3664,4167,3259,49.48198411670725,9.83088600750304,13.48234506730772,11.138909671620281,0.9009742040656501,1.371427260678015
4870,3664,3895,4167,29.164559542800916,6.546110397636041,9.83088600750304,8.534401265848066,0.8995516449783889,1.5017904389533685
4871,1600,1601,3887,24.24089646348055,7.101776401025117,7.97947730831761,7.508738568019516,0.9906279501507811,1.1235889244789232
4872,3259,4113,3667,50.1855002568218,9.867772964644809,12.196069736960606,10.902880135003805,0.967355331103191,1.2359495684241864
4873,4113,3259,3666,76.20621806349729,12.196069736960606,16.155726686673923,13.666988857984785,0.9266683074846594,1.324666637294918
4874,1577,3896,1576,38.70537061557879,8.0,10.494815727750812,9.647116123494142,0.9466499679044557,1.3118519659688515
4875,3261,3668,1585,40.70840259324257,8.288027945013084,11.0310339167029,9.89077865623259,0.9478120950440523,1.3309600293203987
4876,1583,3668,3260,46.9848996017414,10.185165745051261,10.892363566873447,10.432387479209494,0.9960187716507317,1.0694341004873482
4877,3668,4114,3260,46.83192598348529,9.86831195494187,11.271520089470597,10.453155056705413,0.9865888520636233,1.1421933296125713
4878,1698,3670,3263,41.38727325301104,8.297315893204898,13.383364934965169,10.558749983368738,0.824268722170104,1.6129752208091173
4879,3661,4269,3264,57.21453608430441,10.960122952912027,12.093047724244107,11.522827574954398,0.9935469186725328,1.1033678888639722
4880,4258,3661,3257,66.65872680165354,10.68982825740269,14.344650349835876,12.67191763411419,0.9452882417598121,1.3418971759347236
4881,4110,3658,3255,60.2213831197025,10.246412639235405,13.910582063592969,12.08077199798307,0.9385392370821369,1.357605100767344
4882,3892,3657,1377,36.43601585281764,7.984787470022907,11.452936922212931,9.542015702658858,0.9036493052980109,1.434344616586279
4883,3270,3672,4117,67.89591320667782,10.831859525408976,14.136851456995252,12.740454751010018,0.9545143836953423,1.3051176876725135
4884,4417,4513,4116,104.43602029099114,14.170621851635907,16.41133134598669,15.62669028198379,0.9834010133228095,1.1581235825647345
4885,1382,1383,3674,28.804192840992528,7.446525509994952,9.439874824368946,8.2954667781213,0.9568441139988676,1.2676885094529602
4886,4116,1383,3273,96.32385038279892,13.591839004567992,16.478691102693958,15.05446730719707,0.9755453849066181,1.2123959897667815
4887,3958,4485,4116,84.61933746622604,11.552679531120756,17.670705832005435,14.655885488462749,0.8841042875269164,1.529576388265931
4888,3658,4110,4456,48.65130309995003,10.051436648127902,12.085321291120836,10.739547950624845,0.9665510534269628,1.2023476557822954
4889,1386,3676,1385,24.205948205406003,6.594020037828014,8.097696615865283,7.563905551231099,0.9690843975716311,1.2280363980411197
4890,3274,3273,3676,34.79496536447887,8.182559502421638,10.101548704758615,9.072238570470958,0.9689676297479999,1.234521875675826
4891,1386,3677,3274,37.712166190243025,7.87366426239817,10.67800616721842,9.545827070550787,0.9407339539494441,1.3561673207496023
4892,1389,3898,3678,31.08992618394269,8.105759686644584,9.022940338786151,8.500473809698972,0.9916124878892427,1.1131517202086259
4893,3678,3898,3959,31.050847256124783,7.685196579587257,9.771011307701418,8.609643096984952,0.9576615778931862,1.2714068152341502
4894,4168,3899,3679,36.14761297039235,8.230063710232692,10.29311963791942,9.254284329590533,0.9667414716537792,1.2506731418277681
4895,4403,3900,3477,44.937569973140526,8.17299870626734,12.250248209811847,10.58815227497715,0.9011463135251719,1.498868242866346
4896,4504,4102,4503,49.994155682954556,9.926974156549665,12.827638361269612,11.006827384233679,0.9399927859994093,1.2922002373508883
4897,3681,4222,4320,58.011809192100536,9.985730018226747,13.213907613415909,11.797046667709443,0.950261162075283,1.3232790781742383
4898,3684,3904,4171,27.899143805735513,7.710842337367958,8.495656313368691,8.047730797074614,0.9931486739422867,1.101780576189115
4899,3682,4169,3901,38.4476321701606,9.101229015196044,9.661975297007574,9.431876985620205,0.9974526261969977,1.0616121494004018
4900,3902,1172,1173,26.74239328955855,7.339128445741511,8.332062670052968,7.890397038598159,0.9892712839959428,1.1352932070411714
4901,3903,1218,1219,36.094267219066026,7.758294659912955,10.382412608678173,9.32160139651222,0.9454435894894992,1.3382338598614996
4902,3280,3281,3684,46.48694634630087,8.85277214373053,11.697459115755578,10.56191210255893,0.9494973332152401,1.3213329029415533
4903,997,3452,3685,41.32906522661868,8.689052606562223,10.947639147685608,9.898749935636763,0.9655735956507496,1.2599347297561112
4904,4400,3905,3452,95.21922036790782,14.23586690428266,15.455184317816581,14.85404725629481,0.995512330543295,1.0856510827006332
4905,3282,3905,4118,63.3057414693008,10.802345581842903,15.483915079374906,12.675652189381223,0.8873300732174173,1.4333845332073996
4906,3687,3960,3906,61.115050988988614,11.50512192441249,12.10780076302453,11.889386902945885,0.9979308288152501,1.052383524709393
4907,1013,3687,3906,42.92673333036334,8.229341499459657,11.50512192441249,10.233515024346863,0.9283905858707933,1.398061062986379
4908,3907,924,925,29.624592188750704,7.812515675297186,9.232874096961112,8.348463257419413,0.9760503268418261,1.181805513191485
4909,3689,3285,1016,35.676076819981745,7.93504189859805,11.739445473050676,9.558295518389452,0.8771569054899895,1.4794434135407377
4910,3284,3688,3689,27.20135673817739,7.279312502359382,8.672303341032245,7.986976712807059,0.9797769826336156,1.1913629670688497
4911,3285,3689,3688,32.6538005271854,7.93504189859805,9.73625997889464,8.781201739508312,0.9710848142931191,1.2269954088855948
4912,4175,928,3911,17.242508550605375,6.005346914782789,6.588992202392413,6.3239224820613105,0.9942488971971172,1.0971876056273984
4913,4356,4488,3690,68.73800667698009,11.627991856421449,13.40466500435148,12.664530204566253,0.9862281560969468,1.1527927753878568
4914,3908,959,960,33.192434577882835,7.999999999999984,9.356680075117612,8.810979899011654,0.9830629381793345,1.169585009389704
4915,1003,1004,3909,28.487166162270277,7.999999999999984,8.210008880918904,8.112372889164769,0.9995478308418833,1.026251110114865
4916,3691,4172,3286,52.96670452919132,9.316996174987327,14.945776031175694,11.879717037950973,0.8347593801486309,1.6041410504492368
4917,3698,4405,3908,56.952060623400364,10.373521575465022,13.56694487890695,11.727020935644603,0.9439085839030035,1.3078437038194308
4918,953,954,3693,43.26478615591962,7.788498624665013,12.025971593492278,10.457288885753716,0.8845803509196615,1.5440680127242778
4919,4321,4034,4029,32.98644172349633,7.317749551831605,11.250903164222855,9.20106560471502,0.8730933066669544,1.537481309592892
4920,4035,3910,4033,39.97082333376991,9.286339222210565,10.377989271639862,9.651147713526264,0.9882223054085431,1.1175544015039154
4921,4431,4306,4490,77.54489553937962,12.807787140272369,14.321569290792757,13.430735427048523,0.990485787929833,1.1181923258047055
4922,928,929,3911,23.560402765966565,6.3774283290087315,8.096337004184205,7.491255111064279,0.9589301292157725,1.269530065489995
4923,932,933,3696,29.567062303696744,7.62366651260562,9.426643243505005,8.377133969986849,0.9649560982671682,1.2364973242098392
4924,4120,933,934,24.024358370843252,6.499138356610085,9.817406626387276,7.90324738223165,0.8611648916737691,1.5105704922256775
4925,3743,3331,3742,68.36735454716145,10.555527758017131,14.338415819312406,12.859116731225086,0.9393508563623086,1.358379812740495
4926,4173,3909,4405,33.895598296949245,7.119635759890764,10.182059513242832,9.150214381403295,0.9124623569334334,1.4301377003869442
4927,4130,3698,3743,83.09855564948069,12.609733178131453,14.679328450240423,13.944012956269004,0.982486687947276,1.1641268092570098
4928,998,4067,3452,41.05263094036077,8.412212613755376,12.055230633606998,10.106254949852925,0.9082798443438869,1.4330629986568193
4929,943,944,3700,35.55133796512882,7.579681434050245,11.609538114046646,9.533013614094209,0.87723102564445,1.531665705882183
4930,3912,944,945,29.547744728768322,7.7964580778296595,9.213441639574198,8.336633239134613,0.9763464904697736,1.1817470892037416
4931,3755,947,948,42.457034886822555,7.999999999999903,11.765987305117326,10.258454953417871,0.9088695987719192,1.4707484131396835
4932,3701,947,3755,62.578367864916295,11.279717627056485,13.31773237428449,12.121145768819433,0.9786091706851707,1.180679589207043
4933,4445,3702,3293,50.85911715366444,10.182429021735624,12.715796935814382,11.050832161088218,0.9509852388597484,1.248797993943388
4934,4031,4428,3289,59.28810414469426,11.064477636273713,13.178044603281071,11.828155892921467,0.9722939619758323,1.1910227519533552
4935,3706,3294,903,58.885358385484984,10.314923822843703,12.706091372030315,11.794383427210404,0.9698214224546228,1.231816307154016
4936,3706,3974,3704,66.3971948982737,12.00957742493137,12.963288544700378,12.403485625280858,0.9956233425075249,1.079412546005919
4937,3296,4185,3294,52.04249152344371,9.731243458534616,14.592505117564496,11.673830643883955,0.8542478741368751,1.4995519513764088
4938,3296,894,3707,47.6772248315819,9.896382446394947,11.618351527396436,10.577908744019771,0.9791470879800993,1.1739998519993302
4939,3974,3706,3295,64.30491915978112,11.610493661489594,12.797383056547602,12.215155874749343,0.9937152856708571,1.1022255753857182
4940,3294,3706,3704,77.47394177024478,12.706091372030315,14.75642148045422,13.47526713239497,0.9808341852658377,1.1613659187857928
4941,4184,3941,3707,41.69231992620536,8.888221313453826,10.50065629068452,9.885268079482659,0.9802453670049853,1.1814125594273852
4942,3707,3941,4185,37.52121011613944,8.808358871799859,10.50065629068452,9.412327898701008,0.9715763447806607,1.1921240316743436
4943,3300,3709,665,30.820307605820155,7.7619771056920825,9.707967255010978,8.568194981542584,0.9605363025425125,1.250708050644963
4944,3976,3710,3299,45.77399752249506,9.058923342237131,11.753194366822813,10.45684247752567,0.9561322528257089,1.29741625166687
4945,3583,3188,4021,41.384910695306075,8.661580474793462,10.828019750880445,9.896824985094353,0.9675906456892344,1.250120550445921
4946,668,3711,667,40.58900247519563,7.999999999999903,11.942893553158937,10.077292211786398,0.8998802118707157,1.4928616941448851
4947,4037,655,3301,65.54675996947728,11.887254161590239,12.9929213243559,12.331966346013582,0.9938887806296985,1.0930128310319351
4948,3302,3915,4176,60.50259196992013,10.840145598428851,12.885373322300046,11.90848759152509,0.9804322481292925,1.1886716101089663
4949,3310,3714,680,29.414578148072824,7.336263072935913,9.646230441662764,8.41367101747342,0.947536638897122,1.3148697566815064
4950,678,3714,3304,59.85587171959704,11.473255866310192,12.28911080284753,11.774713205819024,0.9960637359536464,1.0711092776142992
4951,675,3715,674,31.94719683727754,7.392942321485184,9.613456868222073,8.738840189323549,0.954446785200519,1.30035599497154
4952,3715,3305,4038,30.268723826582722,7.566603294806256,10.335448018264003,8.655956041583275,0.915225851163281,1.3659296801456862
4953,3716,822,823,29.718825849721185,7.702335060432615,12.325592667835606,9.325764665968569,0.7502517764698644,1.6002410400390084
4954,3716,3307,4040,48.82220389449053,10.377188815141364,11.075386612690144,10.632718173540304,0.9964349057360348,1.0672819787696297
4955,4238,4410,3811,65.41209002862684,11.865158328572464,12.872165589078028,12.312544591823368,0.9953133487578236,1.0848709501061264
4956,828,3717,3718,44.72742182775455,9.933527975820937,10.593254137282228,10.176620780683608,0.9965494631550155,1.0664140840059164
4957,3718,3717,4226,60.28726647173592,10.00308022894766,13.21267015563249,12.038160350074767,0.9470966667734187,1.3208601603930636
4958,3312,683,3719,27.577219435379572,6.563243688533903,9.800140315921256,8.301156765148418,0.9010081875037826,1.4931855011024908
4959,683,684,3720,32.04544709184283,8.000000000000114,9.289120720605542,8.650961371855253,0.9852176119092858,1.1611400900756763
4960,651,3720,3313,46.85888427930598,9.217700624423422,12.457140159869514,10.680227946621988,0.9339776482083602,1.3514368352192738
4961,683,3720,3719,32.14837186502687,8.540086290990098,8.663763394960103,8.616985775026931,0.9998389041151674,1.0144819501531837
4962,4123,687,688,34.531759640977405,8.000000000000064,9.716818296391631,9.015829200788888,0.974600981985261,1.2146022870489441
4963,4123,4271,3721,51.94091983234409,9.476167558527292,12.099484866714848,11.123862830997195,0.9587516123809865,1.2768331492647487
4964,3724,4124,4271,46.64516323415631,8.557127087845624,12.981674622905071,10.848290349969252,0.8905575179141318,1.5170599302356966
4965,3448,3811,4410,55.419548872906226,10.139686489955656,12.248382292370088,11.417742370299402,0.9754579484392393,1.2079645957992193
4966,4125,829,3000,51.15734423638887,9.35416953041596,12.300830528869264,11.070056821213972,0.9519129101027678,1.3150104334619934
4967,4273,3315,3725,41.053561640755575,8.410170038159189,12.071819086698843,10.110764011282393,0.9072985167469207,1.4353834740469902
4968,647,3724,3917,35.722447491031744,8.06295991069983,11.245501303264199,9.4140658974027,0.9122990305148064,1.3947113005412597
4969,3918,690,691,24.776410593391944,7.372162699056905,7.999999999999903,7.582261408241352,0.9937602400846636,1.085163245382975
4970,3725,3918,4273,24.624227105727837,6.543335078838731,8.410170038159189,7.6602366502261345,0.9585320261568949,1.2853032798760127
4971,3937,3403,3798,47.00195475304439,9.060140648161346,12.95740060249747,10.824677327438062,0.9062684627734056,1.4301544651105422
4972,3013,486,3726,35.62773908948451,8.728592681023557,9.293255209403256,9.080922448223918,0.997002721247086,1.064691130519506
4973,3963,646,3917,30.210230049693095,7.692444077697037,9.361457082333809,8.442414337113972,0.972330294179942,1.2169678437410805
4974,4272,4460,3963,48.493099436819506,10.350772094652088,11.003313080389974,10.594809382304378,0.9969335978922265,1.0630427353409735
4975,4128,4303,4274,54.59963559560984,10.77333158976734,11.685064450507573,11.247581216347271,0.9956189775839728,1.0846286827007359
4976,4128,643,644,41.837235966865784,8.000000000000064,12.082577289664329,10.240758557182355,0.8968569855111174,1.510322161208029
4977,3920,694,695,30.733709057317164,7.423203296960805,9.897088369457276,8.613125420442849,0.9437057882868409,1.333263817994763
4978,4461,4127,4459,61.51731286924563,11.0073680606723,13.431489172708924,12.056485709557471,0.9704682417687571,1.2202271331961407
4979,3318,4127,4461,82.75080538269638,13.30839428145499,14.91452146832884,13.88480164083092,0.9885392107311958,1.120685272235431
4980,632,3321,3732,63.98744738920878,11.656374801779036,13.17367699996161,12.216289009027056,0.9871227410849549,1.1301693042635348
4981,4475,3920,3732,65.62414389303083,11.034968060287637,13.112388663410982,12.41919409641986,0.976532951439218,1.188257962485593
4982,697,698,3733,31.65500517238949,7.999999999999984,8.892097774194141,8.578231878257498,0.9911930652459463,1.11151222177427
4983,698,699,3921,33.45586985674969,7.540443318551761,10.322057445724386,9.007128408577712,0.9373231444067759,1.368892651222378
4984,3324,3734,628,31.481805426370293,6.615639886566798,10.564831319013544,8.970595891304924,0.8721672481601932,1.596947763203627
4985,3921,3733,698,42.400114456867605,8.842597860578369,10.826528534137694,9.997061280146816,0.9728646678303311,1.224360612666102
4986,374,2921,3735,48.772074558414985,9.273564834775433,14.441992563069908,11.417492672928676,0.8331002679444166,1.5573291199639985
4987,3736,2921,470,46.99449782220036,9.20285766832,13.65823198930227,11.024997835648543,0.8669299306303649,1.4841294390892832
4988,3326,3735,3736,36.70966795757768,8.504470334411085,9.695188819475959,9.251166501514133,0.9873193113322544,1.1400108928885255
4989,2921,3736,3735,40.21420022386077,8.504470334411085,10.53692062094069,9.751764934891712,0.9684910292854426,1.2389861104348654
4990,3739,3326,472,51.3343649744635,9.67969739292106,13.027796151484939,11.174309777490805,0.934965393815804,1.3458887837766917
4991,3922,3327,3738,43.416761955066036,8.849470098538664,11.580678416113999,10.202267268714289,0.9519308232940034,1.3086295887960961
4992,477,3738,476,28.049892682366533,7.864496001211832,8.299758357092104,8.054751452768016,0.9979411692792621,1.0553452320165466
4993,3922,3738,3328,33.11480118813237,8.02852274075461,10.176653291490206,8.903339799337145,0.9545347847180319,1.267562367337044
4994,3922,3739,3327,47.84652420000794,9.588598089214393,11.580678416113999,10.605912804782621,0.976571554476157,1.2077551179395423
4995,3326,3739,3737,43.65934963996898,9.711952126485746,10.815435788066411,10.083323805086954,0.9890674215064592,1.1136212006823347
4996,3923,3440,4180,32.42129119325669,8.292346570405558,8.971425444419042,8.666501529152105,0.9958272526966835,1.081892244643638
4997,3282,3741,994,46.142663227577664,8.741396064685791,11.655590285091861,10.539345607919403,0.9453214491763915,1.3333785815035966
4998,3002,3742,971,47.709032522383225,8.077875442664942,13.217727882030186,11.100453496295943,0.8605547302464509,1.6362876570512672
4999,4121,4275,4067,39.06429483479093,7.974015120539386,11.126580448908099,9.754679965857468,0.9310724980558016,1.3953548219702228
5000,4121,4130,4275,64.37956598648262,11.126580448908099,13.120069328487341,12.276955414793584,0.9818075995234038,1.1791645590245
5001,3698,961,3743,54.199413983107746,9.878447013179716,12.609733178131453,11.352557129549433,0.9617416937632796,1.276489428075859
5002,734,3055,3744,54.83130178038406,9.91780117264786,12.656476003199444,11.417682342429503,0.9618668148972361,1.2761372992740094
5003,3337,3744,3055,74.59256357672707,11.678769851441206,14.33225529499674,13.26509684848464,0.9717556083194709,1.227205902445974
5004,4132,573,3747,57.51994917938552,9.980236305006532,13.074643806445923,11.731599007244577,0.9535349023754047,1.310053530484754
5005,3745,3334,3744,68.82286726972288,11.290487991276802,14.832275937254897,12.880351355181539,0.9457329661555522,1.3136966222110624
5006,4131,3334,3745,51.5416775192932,9.678424342142554,14.832275937254897,11.72700105745704,0.8352548428564277,1.5325093644293977
5007,732,3746,4276,42.97718599364815,8.927450097596425,13.591988551899263,10.72352391122989,0.8326801726448357,1.5224939264077981
5008,4479,574,3345,65.65371813053322,10.65954187716306,13.680847342612424,12.509198993955371,0.9582224144678273,1.2834367086565128
5009,3746,4131,4276,36.356227630005485,8.45799269566574,9.65113308419398,9.207195961737483,0.9871237785595175,1.1410666137297163
5010,4181,3335,4276,73.99974386099389,11.867794337298227,14.730290963567727,13.234375169912076,0.968119626276565,1.2411987050764115
5011,3749,609,3815,28.85907709583568,7.329298781855642,9.415528191671575,8.30428449352317,0.9562580265971294,1.284642429229463
5012,3340,3749,3336,49.835736840672126,9.579993532630832,11.534562451168085,10.830076311545719,0.9747162265629701,1.2040261208819933
5013,581,3926,580,20.06352693081999,6.023116448668546,7.39152408157026,6.883224224324036,0.970304970129301,1.2271926243770717
5014,4327,4229,3341,50.454775735967914,10.055600595846903,11.76285566667607,10.86387846954114,0.9831796586429403,1.169781511761146
5015,4181,3339,3925,54.414910651665785,9.32244618530011,15.636258833156322,12.227504482541077,0.8040928761772994,1.6772699485047182
5016,3345,578,3751,81.03748045898087,11.851407466910244,16.30769686804327,14.051001785189223,0.9322813012486273,1.3760135168396852
5017,723,3752,3340,53.041598848896506,10.187698695460341,13.056958801459377,11.303567844704565,0.9470285284173969,1.2816396707214734
5018,3355,606,3752,42.71390899153191,8.410300145760846,11.266232848272942,10.144045069757167,0.9444269535708478,1.3395755981374349
5019,863,864,3753,24.700528021326456,6.818273319308878,8.699553371638832,7.678331949480287,0.9577530781274246,1.2759173714849916
5020,2408,3753,864,18.442075673560048,5.9117759094144535,6.994510131229175,6.574853119984169,0.9801269793308445,1.1831487252570714
5021,3754,3344,3347,52.55891488276555,9.953001262452263,11.682858266960052,11.101108897279433,0.9797074549276938,1.1738025504963694
5022,4225,4445,3293,70.77008984346874,11.838628919593305,14.117989101913654,12.890804985773778,0.9783449815138103,1.192535824697397
5023,4325,3293,3703,36.75489847920554,8.073572451983438,12.957381901250798,10.069243377943275,0.8025647902352367,1.6049130639891085
5024,3346,3755,3756,39.48966763809644,8.675020848209828,12.978966158319553,10.258787949703205,0.836860169731833,1.4961308318928
5025,948,3756,3755,38.053629862764645,8.675020848209828,11.009377555136385,9.562652616396571,0.9499752850734001,1.2690894636187848
5026,4229,3750,3964,61.09432617132413,11.292078679707812,12.41441418443555,11.90494601458756,0.9939995490533051,1.0993913996317266
5027,4481,4135,3764,37.08245923461989,8.34841507491574,10.63042762694763,9.403456140586677,0.958912541145794,1.2733468007464785
5028,4134,3761,729,38.381308911556225,8.110385124802134,11.779901141117008,9.806133579554617,0.900396382935022,1.4524465805074083
5029,3927,3759,3350,31.72179430994171,8.217067821191797,9.268053042742288,8.600518513290416,0.9873975313331607,1.1279027074402384
5030,595,596,3759,31.51002806716832,8.000000000000064,13.53409769815924,9.988468674490248,0.685944600058538,1.6917622122698914
5031,4277,3965,3761,67.22862179266086,11.271694456253003,13.227140246555244,12.552761194549715,0.9802056347505888,1.1734828599099802
5032,3350,3965,3927,38.09993212640037,8.31643467593716,11.143836009384497,9.610987969983396,0.9387206786138852,1.3399775797708318
5033,4136,3354,3765,39.50454275199831,8.855327074625839,10.187054606233882,9.59846999951183,0.9869499780043439,1.150387164741096
5034,587,3352,3763,43.142148297264505,8.872942151621807,11.284409368468078,10.126222466131951,0.9625019700062888,1.271777633127643
5035,3354,3763,3352,45.56153624490572,8.872942151621807,11.987965891688688,10.492280045482014,0.9418781680241533,1.3510699931135597
5036,4193,4136,3762,56.66265622002941,10.415292100537892,13.216521240144194,11.631871706650927,0.9574234515415972,1.2689534880602757
5037,584,4135,583,28.40724039059382,7.48976988370252,9.056945618265615,8.182238500656084,0.9737104049876185,1.2092421741785706
5038,594,3762,3765,43.17460916624722,9.128675626768583,12.640893650243854,10.419277877293917,0.8978556411055642,1.384745626537126
5039,4136,3351,3763,43.90339723720257,9.15768839268832,11.090735453801281,10.161530522743217,0.9760140624227285,1.211084607623944
5040,713,714,3769,29.117803464185556,7.609669577717331,10.1596618900854,8.49272087906958,0.9146784924958545,1.3350989535518032
5041,3734,4178,627,30.76916391699095,7.797058784343462,9.175189306767336,8.486124384752298,0.9824071270285795,1.1767500490301763
5042,3323,4178,3734,35.303289941025426,7.797058784343462,10.830063435506835,9.290351231515581,0.9281069868753834,1.3889934313761574
5043,701,3768,3357,41.96857851987673,9.47749850290655,10.303270195988564,9.862671167290065,0.9952233280765682,1.0871297096832846
5044,4137,3769,3361,74.75270200440416,12.239443672265374,14.336420475626413,13.225441479301331,0.9828125491971328,1.1713294214599637
5045,3769,4137,3928,94.74484548202683,13.10046029001221,17.442238695807845,15.130195121700778,0.9426954424080811,1.331421821041342
5046,3771,3929,4285,39.17320454088244,8.89157587042961,10.500776431463407,9.586593639485997,0.9795173841790855,1.1809803553929576
5047,617,3929,3771,37.25740109900262,8.491212202698094,11.262480882011333,9.548422985046345,0.9284995361304322,1.326369028727449
5048,3772,3363,4148,45.05837179538435,9.502133810621697,11.820802145948905,10.372381401006084,0.9577391163697079,1.2440155423548498
5049,613,3930,612,23.21721642226339,6.547201106337746,8.0,7.396376193960602,0.9733076768843568,1.2218961767122034
5050,3778,3367,559,34.97996643682171,7.970602231685037,11.696254547561995,9.482460901029556,0.8735460280295216,1.467424193000951
5051,4047,519,520,34.34596462658059,8.000000000000114,10.615969023873554,9.12681478968081,0.9386268505848306,1.3269961279841753
5052,3369,4139,3781,43.736338379282216,8.252870066624602,12.334506221186786,10.454422397992579,0.9008368209783401,1.4945717213056233
5053,515,3775,514,42.58962646732388,8.000000000000064,11.540528114113384,10.254551805458819,0.9131256373399669,1.4425660142641614
5054,3370,3369,3776,48.73025215533917,9.15526082332572,12.543938794498352,10.879561624443788,0.9356270108033427,1.3701345091708341
5055,3774,4139,3369,44.531307314629224,8.998945812488632,10.971982796470245,10.248939838375074,0.9717677918603205,1.219252012968392
5056,3931,562,563,31.80204642144215,8.0,9.065499284797088,8.603806534257856,0.9894762992512872,1.133187410599636
5057,3374,3779,3966,59.07368492548786,10.052468265972038,13.997204118296693,12.018508997655834,0.9278194216283012,1.3924146535908724
5058,3373,3773,3778,27.72391554824717,7.342345596097865,8.702591685984753,8.059070254093387,0.9810904572923427,1.1852604283037016
5059,3367,3778,3773,29.019680578962095,7.342345596097865,8.780525923841637,8.258601048026414,0.9765560801702626,1.1958747799215692
5060,3966,3931,3372,60.02100991324806,10.683845206026987,14.413144329200804,12.151424478269675,0.9222983801998715,1.3490596364191088
5061,3966,3779,3932,41.81830415038453,9.047616633856421,12.00585460869877,10.133655186144809,0.9245319207344778,1.3269632318164923
5062,548,3780,3372,76.47834717544016,12.42778453571123,15.77089229738847,13.590361142448403,0.9440899509349452,1.2690027134016382
5063,3369,3781,3776,41.569488961446694,7.69790726864881,12.334506221186786,10.323966248447631,0.8699118933303084,1.6023194084737038
5064,4279,3375,4139,45.866276258096946,8.416194852700869,12.265765482373142,10.64433762936767,0.913482469722227,1.457400368818326
5065,3933,523,524,30.33007903629857,7.770419956908111,11.823686086287239,9.15971274241202,0.8009558976487647,1.5216276793091041
5066,3783,523,3933,30.40842913764079,7.885032184040715,9.507261638684767,8.482818030914606,0.9687869526771934,1.2057352990806354
5067,3380,3784,526,31.169214196152936,7.062319227563949,9.661282735856833,8.696867125135453,0.9350063539544916,1.3680042525052158
5068,524,3784,3378,40.3812618841925,7.985119732223357,13.211003103180522,10.441101060378871,0.8207936602062292,1.654452725344681
5069,3934,3379,3374,29.74809063352063,7.6072277708154905,11.065649243047606,8.83233483013228,0.8532941788736933,1.4546231000864818
5070,3780,550,3785,28.382238468603713,6.510104034942448,9.811486592925778,8.423354839565226,0.8990316398753758,1.5071167127688636
5071,4476,4213,3383,67.72090121028855,10.083467423148763,14.371497663091542,12.925990820743484,0.9139391051574277,1.4252535422585575
5072,4082,3101,3523,45.62552632604375,9.656844753371672,11.469859718342287,10.363008333946837,0.9754451644164714,1.187744031438178
5073,2823,4140,3386,52.412316724019156,10.741489600311338,11.271616077971856,11.008250987428118,0.9984543732983665,1.049353162120564
5074,4196,3788,3387,37.722596579391706,8.066928183221817,11.180847188753534,9.59973241467223,0.9290246741338944,1.3860105029828171
5075,3295,906,3788,44.54057009187095,9.572354704241834,10.7346269846326,10.175300907799782,0.9913186119227062,1.1214196836934724
5076,3935,71,72,30.956564475132165,7.5390665248567945,9.186325714489097,8.54076912859009,0.9731926623609903,1.2184964390752067
5077,3016,3461,4149,34.18299377971724,8.586658955239232,9.149374003028235,8.893983498436196,0.9972861158625408,1.0655336436118332
5078,3585,3394,3790,49.10008844452359,10.313551864069494,11.434599670303601,10.689551047795247,0.9899404537276648,1.108696579123205
5079,3463,3791,117,59.49764497887894,10.35753212000456,12.869012823420247,11.862306653888963,0.9683860877987815,1.24247867873516
5080,2859,3395,3791,52.07067426220355,10.32095691780783,11.41253250829419,10.996557455155747,0.9925344790547169,1.1057630217022754
5081,2879,3397,3793,23.53819235013042,7.172188241564094,7.605737441484558,7.3793117451291925,0.9976759275121847,1.0604486643850157
5082,468,3793,3397,33.4555033685997,7.605737441484558,11.02384971295235,9.15984650785291,0.8994636323817025,1.4494123413758828
5083,4141,1294,1295,37.038441293790314,8.000000000000014,10.559004628506699,9.423239865446966,0.9511446392962384,1.319875578563335
5084,3484,3062,4189,28.61765698127473,7.836553166176632,8.762303022003707,8.164315187472527,0.988842122319602,1.1181322752741225
5085,4051,4233,3795,48.57735794128088,9.887283940171743,12.303167644105551,10.775237385125772,0.9565268607270068,1.2443425028099115
5086,3542,4411,4249,68.31448391220563,12.00635132622064,13.557984338377484,12.617397372016805,0.9881698553260088,1.1292343502199738
5087,1105,3796,1104,27.610603499736555,7.546182546003749,12.722608074226388,9.375351053810883,0.6818551492841253,1.6859661155379726
5088,3796,3401,4142,40.85664688467798,9.079442726814575,10.832619020684154,9.804928788308457,0.9757982349811276,1.1930929404611887
5089,3797,4142,4280,43.35785509695136,8.60229820870716,11.088758905764953,10.176571656002643,0.9553341427045353,1.2890460940474051
5090,3797,4280,4349,51.2317470007251,9.814422837211524,12.515436247803674,11.056172312850341,0.9581800684429206,1.2752085838762948
5091,3819,3798,3385,67.03954091646288,10.746297125810083,13.898673439769897,12.650146073637083,0.9562933855728917,1.293345352083049
5092,3937,3013,3726,33.08366742757051,7.701719239221464,9.5447202905461,8.846564913056941,0.968019691953538,1.239297356094084
5093,2892,3799,1044,34.329904067800825,7.846555873599824,9.669646778359116,9.009637549286621,0.9685716760092947,1.232342818190231
5094,3799,3404,3827,32.363902145826756,7.987415119690231,9.286828766652835,8.694120571348309,0.9850490575371544,1.1626826235385395
5095,2930,2923,4058,45.27256660691038,9.320347437878821,11.582449701119897,10.35807954947232,0.9666460502545086,1.242705787345187
5096,3967,3783,3933,45.01758218868102,9.507261638684767,10.659044025451367,10.23374034806198,0.990168735884655,1.1211476480335865
5097,4474,3413,3800,58.547215372662876,10.724250218796058,12.308759935939644,11.686527503166857,0.9865584286839492,1.147750162931341
5098,3381,531,3801,38.74625512905094,7.504766932206866,12.078417931234654,9.994320307167387,0.864923196911356,1.609432783235395
5099,2947,4281,4145,67.94112265480696,11.426446321440864,13.724510765815346,12.630827703767807,0.9780530688576257,1.2011180361528797
5100,4144,1148,1149,35.06470832568285,8.000000000000025,11.40639068540725,9.400212039789315,0.8949727270142026,1.4257988356759017
5101,4145,3803,3419,50.50174418305109,10.208467613913347,11.169214803749997,10.825042661060783,0.9936637018815645,1.0941127724720627
5102,1150,3803,3802,56.1682365131613,10.219398060092253,12.89839440338109,11.548468073682365,0.9639685605648693,1.2621481546697528
5103,4146,3804,3425,46.15114223718274,9.343543650809355,11.167949375280859,10.406842885821284,0.9786848033487692,1.1952584364834076
5104,3939,3428,3566,23.706274809622343,6.551165976925428,7.94445561484391,7.479737500624979,0.9710824992178484,1.2126781160523086
5105,2981,3438,3806,41.49169346112059,8.4952874421918,11.452009140718088,10.011570735244144,0.9422714827962944,1.3480425728553627
5106,2983,3807,3439,41.81645706333706,8.75478161270113,11.38879510559451,10.01065216906293,0.9525927930413519,1.3008656993878687
5107,4036,3287,4406,73.5732735353277,11.567084801785361,15.104732783286972,13.281818064043707,0.951886556712674,1.3058374726323074
5108,4030,3287,1011,58.828430793958375,10.849224869243479,12.642424788628306,11.725589460118,0.9842946234242478,1.1652836899406869
5109,899,900,3809,26.370622319059663,6.623527412935172,10.866977200081076,8.496834871005424,0.8085464857367783,1.6406631274536307
5110,3941,900,3705,35.40440487817058,7.736574672594644,11.435297313610663,9.455552054320217,0.8914259003301377,1.4780827171639725
5111,3975,3810,3297,56.167824198144785,10.593401615097827,11.88986529705666,11.433637663789357,0.9895645109818295,1.122384077283646
5112,881,3810,880,39.33723809837593,7.576675456160699,12.377666692285441,10.124009670111294,0.8539689789452276,1.6336540695063018
5113,848,3446,3811,34.88815625930626,8.416648427169031,9.957697365324485,9.05246467693886,0.9780470229364073,1.1830953201253995
5114,3446,4066,4238,58.317698636277825,10.81455590407486,12.284516117811432,11.652915508956596,0.9890360016496706,1.1359242327447492
5115,4283,3001,3450,53.51271882327873,11.038037210928843,11.237039500646425,11.117761265760302,0.9997599935502873,1.0180287750362491
5116,4400,3813,3905,81.44358298909849,12.506578843554436,14.871090546785187,13.81657694465863,0.9803173601307793,1.1890614318118946
5117,599,3814,598,22.41607780943456,6.2467574354018796,8.000000000000146,7.306345774644517,0.9593373098095894,1.2806644219386873
5118,3942,3814,3353,29.750509096750555,6.885796531980508,9.883056427072834,8.552994981163275,0.9196609185570911,1.4352815075455398
5119,3749,3815,719,38.79037853746224,8.665105033000295,10.641199970938997,9.573944398536957,0.9703083831549756,1.2280520467337577
5120,609,3007,3815,28.968296057320703,7.994848622566171,8.389128162654528,8.184001097420998,0.998440436672076,1.0493166986270968
5121,3772,4284,3930,25.55967721650969,7.058290947062036,9.35705039136843,7.915328454861669,0.9265898967309316,1.3256821603908573
5122,4278,3929,4138,43.13108598750163,9.025271122651572,12.971713191332704,10.519413632736663,0.8759519624056629,1.437265763548795
5123,82,83,3817,34.76250205063707,8.0,10.286967836635617,9.109635624306982,0.9573226829513604,1.285870979579452
5124,3987,3818,3458,28.12142322922648,7.338624635350391,9.014094076286538,8.147849021186971,0.9713823172728415,1.228308371689343
5125,3818,3987,4201,36.17953132837937,9.014094076286538,9.357904769947831,9.144587435052058,0.9988814654687987,1.038141458337534
5126,3819,3013,3798,71.01234377772015,11.504221169993553,13.898673439769897,12.92259599501783,0.9758943171355491,1.2081368425028016
5127,3819,2797,2877,32.41201794151565,7.341139399917463,9.877708989974979,8.839202746807365,0.9438009498447845,1.3455280511477599
5128,4286,4149,3461,32.90545162193,8.050323121760737,9.291986723519322,8.762742460773726,0.9861470305384582,1.1542377346820103
5129,336,3820,4289,54.24647151985446,9.827825882624337,12.786410222016922,11.386102930997552,0.9554754103394744,1.3010415909609654
5130,3432,3821,3463,66.93743513314638,11.047073009834776,15.495890484521201,12.913660545951268,0.907631386244605,1.402714589713114
5131,2880,3822,3020,28.51317084720085,8.064269131579762,8.152944437163518,8.11495588757465,0.9999156803955743,1.0109960746766873
5132,3154,3822,3410,39.53869557730827,8.224588099247633,10.516614652009768,9.713636908363931,0.9564770495380055,1.278679798319846
5133,4150,3823,3466,48.58317755335813,8.555488857671165,12.531184630592438,10.967474295194357,0.9101100967214442,1.4646953364162842
5134,3079,1662,3823,44.63364432878055,9.170517339157149,12.356347119232481,10.461726311836058,0.9259408110783596,1.347399133795012
5135,1684,3070,3824,45.11723730137838,8.836781230644586,11.476479931362716,10.379998113274175,0.9558583171404458,1.2987172174823185
5136,3824,3825,3470,53.987217111369254,10.732594766747416,11.744229840644643,11.189901598321645,0.9943293778473882,1.0942582009181558
5137,4291,4152,3479,42.56584032632002,9.354779379815412,11.113858322485948,10.014305258181919,0.9742588663426299,1.1880406657655722
5138,4415,3826,4291,65.62409153870776,11.152025742407567,13.830672146822353,12.45900941477876,0.9688507489801955,1.240193707070524
5139,3053,3827,1038,39.78667051664206,8.080375822728442,10.963905829117055,9.805931369393535,0.9404341107036678,1.3568559272054939
5140,1304,1305,4187,30.13246377757618,8.000000000000028,8.891973583447276,8.36882036563292,0.9915402102012091,1.1114966979309056
5141,3946,4190,4141,54.50370921232118,10.38422314323883,12.245748578106124,11.297274340274415,0.9817820870741212,1.179264775919163
5142,3829,423,3185,58.82838213809387,11.193915772151746,12.622193970406345,11.712287664169738,0.9873832059120634,1.1275941526921145
5143,3486,3586,4153,37.805355082947806,7.490580195444689,11.153121678054625,9.70164213292482,0.9033761104054534,1.4889529765447633
5144,3071,3491,3830,30.03793415881428,6.938652362452385,9.45351918151318,8.534401918553723,0.9359221628358569,1.362443121184406
5145,3830,3491,1497,26.699221679667346,6.938652362452385,9.401596350228171,8.062754788299294,0.933635115730136,1.3549599921021678
5146,3968,1313,1314,25.621279405086383,7.31273895390293,7.999999999999984,7.7082033246038035,0.9944423480276142,1.0939813454889227
5147,3947,3831,1312,24.03516734999426,7.00205099930404,8.348920841190761,7.525241850075552,0.9742015286882475,1.1923536178214913
5148,3500,1259,3832,37.102220303773265,8.873499990274421,9.760208981058543,9.278641927221488,0.993699768827446,1.099927761509661
5149,1260,3832,1259,32.502782117718084,8.000000000000052,9.257030227256491,8.710176739176987,0.985791236883555,1.1571287784070539
5150,3501,3084,3833,53.81439012462796,10.482846050669833,12.371170307225345,11.24260487357832,0.9781245768939442,1.1801346931384966
5151,3834,3084,3502,110.52008542594344,14.192548837867195,17.14429586262482,16.140837647349873,0.9726020017583934,1.2079786413615894
5152,4155,4293,4354,66.26679830809447,11.884468124736763,13.376705696233042,12.428542245189101,0.9878337049159555,1.1255619987225411
5153,4363,4385,4359,33.805946218135304,8.288972297354304,9.58113325575795,8.885088827941724,0.9854017954153294,1.1558891635837751
5154,1319,3998,3093,41.567018476337395,8.631385635923618,11.79848840737802,10.077117117163278,0.9296605101987211,1.3669286607092375
5155,3948,1323,1324,23.941899476833157,7.043130107894083,8.0,7.468667652502752,0.988420563319535,1.135858613634503
5156,3836,3948,4293,24.341755536275556,6.6398504256085715,8.259998797392663,7.587081893952148,0.968572128679817,1.2440037452553907
5157,4077,4314,3091,101.85590533538955,14.413636834278547,16.29923562515793,15.39485853571484,0.9900206531501017,1.130820473178223
5158,3504,4207,4206,39.70724073087527,8.864248181463743,10.411890904626322,9.638725831708227,0.982805800108658,1.1745937942485516
5159,4245,3838,3509,46.891322300944495,9.829117566102884,11.639216251890865,10.506770414204194,0.975226888707873,1.1841567845347953
5160,3096,234,3838,37.3108323544148,8.544681654417575,10.63876884764116,9.419606089188447,0.9625396200972977,1.2450749223806306
5161,3839,3513,4078,27.66499880775835,7.059303355868738,10.566525557121105,8.4879199268987,0.859815724980421,1.4968227067812074
5162,3511,1325,3839,49.71291485157153,10.632259467706914,10.877990257637844,10.716647416327135,0.9995429398744552,1.0231118127503642
5163,4075,4419,4244,69.25383628603387,11.668285206094481,14.255551153152112,12.793298846320026,0.9702371787107522,1.2217348908909316
5164,3510,4077,3091,82.78900476489939,12.068322930794926,16.29923562515793,14.15723813210691,0.9399287828580943,1.3505800034209325
5165,3099,3519,3841,31.010614549541543,7.630315274406652,9.617327894784022,8.582902556286827,0.9635175242863213,1.2604102909144714
5166,3841,3519,3950,30.466816585836952,7.528408404263212,9.476439518486975,8.50197080747333,0.964947602675666,1.2587573640559437
5167,3525,4157,3102,56.87166497531459,10.228251572528029,14.465398308046392,11.952335806359239,0.8985896133804343,1.414259143458974
5168,3525,3524,3843,45.901153430703566,8.749302980101865,11.992665836411591,10.546335160306766,0.9377587845205952,1.3706995704327485
5169,1632,3845,3524,51.76354113409527,10.257730871898845,13.121701075559631,11.214728849147699,0.9369406322121291,1.279201144914677
5170,3529,3844,1636,33.752566044804446,7.366750844893032,11.173582063231585,9.251779609117472,0.8856601113171539,1.516758513826706
5171,3527,3104,3844,49.69612527681954,9.315955585795956,12.02588909628703,10.88543009629101,0.957930498415007,1.2908916305508058
5172,1656,3845,3104,62.58018693719545,11.00161381541696,14.386049607561509,12.324761457963495,0.9379646262347489,1.3076308484307835
5173,3524,3845,3843,45.247531812817165,9.63011049748342,10.897036664406842,10.261626011263035,0.9898284587841224,1.1315588400833512
5174,4005,3846,3105,49.47427947607417,10.491357636771166,10.959794865110487,10.694520532911937,0.9986424738671904,1.0446498198381393
5175,3847,3122,1096,39.078660198216824,8.82656206617842,12.258733283290765,9.982318684991931,0.8827282184000015,1.3888457579949187
5176,3848,3419,1153,41.404327208661336,8.670154365786097,11.588929110493748,10.013207346572019,0.9401043202189002,1.336646225841795
5177,3537,3847,3848,60.94360077813333,11.140777871083587,12.41807566298144,11.90031002963041,0.9917184732711662,1.1146506829844565
5178,3419,3848,3847,64.89827593166852,11.588929110493748,13.154724258992013,12.295243308103986,0.9886722688675507,1.1351112888489794
5179,1465,3546,3849,40.043932414554114,7.819903816029997,11.089438548502274,9.918102048470287,0.9194429043495124,1.4181042132219155
5180,4096,3210,3980,56.67878008399197,11.137023927956477,11.67011694750927,11.447518662401057,0.9984524779687524,1.0478667391756793
5181,3538,4248,4452,89.75290724459609,13.888558801004592,15.344184044602295,14.441942207718283,0.991826031801329,1.1048075084286222
5182,1090,3851,3123,37.675288579736055,7.487496738027587,11.186573125352517,9.689537292620283,0.9024144620465584,1.4940337894957627
5183,3852,3982,3978,35.651336626962596,7.920399933883562,10.215529808492533,9.218175025293952,0.958502102890437,1.289774492925588
5184,1338,3852,3981,48.08954356327825,8.896502219569596,12.745726208034595,10.887974498896702,0.9176352383608889,1.4326671194436256
5185,4192,3559,3560,96.53617974064771,14.258116540976719,16.66656542648889,15.069079135376972,0.976297819854114,1.1689177444012662
5186,3558,3952,3136,30.641585972326325,7.834207839403387,9.372695493512794,8.490981609034412,0.9758283235864381,1.196380755482557
5187,3559,4191,4308,93.35378439097354,14.279964804483297,15.006538982083237,14.692395454657465,0.998296117878354,1.0508806700540205
5188,3423,1123,3854,43.79956176384939,8.616457124381267,11.136154213644197,10.23469573950949,0.9536763380794688,1.2924284369886962
5189,1127,3552,3855,44.67756615704216,7.801131135146546,13.248843570468305,10.853652391140356,0.839094025632694,1.6983234022022913
5190,4509,3552,3129,77.72824486960663,12.75545037169196,14.649496003767219,13.480376940643096,0.9840397377805105,1.1484891224443705
5191,1023,1024,3856,25.37307769735715,6.416704079528259,9.470273973920456,7.96232601781626,0.9021332040092725,1.4758782478584689
5192,1025,3857,1024,47.359582105031194,8.000000000000025,13.04712319129498,11.050654206739617,0.8617541145595417,1.6308903989118675
5193,1024,3857,3856,49.61757013666676,9.470273973920456,12.104839428923846,10.864871132833358,0.9611847220423996,1.278193161281135
5194,2956,3140,3857,58.12835103767553,11.142385180973779,12.007851022686582,11.602486448811044,0.9962718058997868,1.077673301331445
5195,3432,3858,35,65.79469367435726,10.995211753644098,14.965540443383007,12.698739810492166,0.9262542081571568,1.3610961551898297
5196,4312,4200,4368,69.79693076723603,10.919894929177799,16.33806055556557,13.354375264654996,0.878975644849582,1.4961737875252363
5197,2967,3859,3568,36.80128569536961,8.473318889099094,10.222578718308789,9.304474425318256,0.975908225916594,1.2064432900619513
5198,4063,3859,3433,39.796574843077835,8.822033189721163,12.07269260504885,9.984072703110755,0.9021728201639813,1.3684705492964067
5199,4158,279,3173,49.8647466044441,10.173820281021763,11.932994235665577,10.82404837856197,0.9777271665817837,1.172911837053518
5200,3153,3860,3570,78.54751951262885,12.975400455281232,13.777991723714738,13.48250595918128,0.9971964298392102,1.0618548360953928
5201,69,4159,3862,18.90834887262092,6.067856177230382,7.007448105549396,6.644765509523773,0.9851988155673499,1.1548474289560176
5202,2973,3487,3864,54.72871986622887,9.241444050043421,13.022802449370365,11.570528776608407,0.9249580388326868,1.4091739752846502
5203,3588,3863,3864,22.934627212014725,6.614479745711917,7.927448308372559,7.336861344495344,0.9785631503098454,1.1984991432639616
5204,3864,3863,2973,30.364954107691627,7.927448308372559,9.241444050043421,8.437042466442643,0.9805628252710528,1.165752672304793
5205,3316,3865,441,44.78027759561888,9.27240166645258,11.647552955215485,10.322067553461329,0.961796951276769,1.2561527610862855
5206,3197,3589,3865,35.83509866748576,8.24406817196182,9.685399127303942,9.162821670323435,0.9807494246178969,1.1748324886788428
5207,3866,3200,3590,66.81340241829007,11.962752385996383,12.793373314347122,12.436167517562653,0.996891976653213,1.0694339313854782
5208,3798,3866,3385,64.3197187831734,10.85321332906939,13.305467655331274,12.31641002777639,0.9720657730096557,1.2259473072084313
5209,1432,1433,3954,34.57047259743044,8.000000000000025,9.929839489270984,9.038389682993637,0.9697911838540483,1.2412299361588692
5210,3867,3603,3955,24.67792761238257,6.530063189429678,8.275616287540108,7.665946679492532,0.9592381845006192,1.2673102920253492
5211,4432,4401,3868,57.74557874902763,11.141708938177361,11.787201551112572,11.55914511730104,0.9974307645102162,1.057934794071259
5212,3232,1448,3868,47.11670729257214,9.84157217845554,11.03381163628021,10.465251106527104,0.9913581284282177,1.1211431909664429
5213,1451,3224,3869,49.00655152811547,8.690618610677138,12.810388220970069,11.026086935377776,0.9086393038381892,1.4740479124502663
5214,3870,3212,4401,70.66757032966612,11.113576670073424,14.569908786667195,13.005380592854829,0.9533558596307495,1.3110008793029666
5215,4463,4498,4355,48.4375725530951,9.1609487303166,11.67096696565681,10.739559989437621,0.9593830879318569,1.2739910798795033
5216,3606,3870,3871,39.00884198956904,7.5276143912599975,11.089864141019778,9.86106224618444,0.9011805583006154,1.4732242599854426
5217,3870,3604,3871,43.78205980459158,8.038861018191545,14.324593340252397,11.109720854905829,0.7776441679164953,1.7819182727299987
5218,3220,3610,3872,40.38105395015365,8.919966006564994,10.546099240698693,9.725834706793714,0.9813050304548974,1.1823026268190802
5219,4161,3874,3617,71.56247811455208,11.86850103504921,14.21518603449476,12.966940087197841,0.9774998461776423,1.1977237894250914
5220,4023,3226,1072,38.565103424793925,8.501413810787188,11.566170001101307,9.745612024668432,0.9209354668063368,1.3604995896594685
5221,1068,3875,3614,41.41692713058423,8.940577543977032,11.960309276576758,10.089189004391185,0.9234908721761257,1.3377557789467436
5222,4162,3222,4297,51.70557124924716,10.324126487792906,11.84276703761348,10.984879813991824,0.9862685013005953,1.1470962750811116
5223,4402,3876,3621,66.76038092510692,12.23243435935895,12.69960832587043,12.421712860263044,0.9989454625245696,1.0381914141361446
5224,1222,3876,3230,62.886204324165064,11.295079914850637,13.079755779451753,12.119981818636056,0.985048003140895,1.1580047133845104
5225,1187,3628,3877,40.42511285202096,8.769214075502038,11.92567312139167,9.997693000117822,0.9165390247371324,1.359947769402462
5226,3235,3877,3628,47.74744661197359,8.769214075502038,12.474844526444187,10.819882332666948,0.9232333765909065,1.4225726979678053
5227,3627,3235,4025,50.5703315924672,10.207542732126633,11.27422632477296,10.83473036372561,0.9930998044785905,1.1044995471132448
5228,3879,3878,3237,78.42922805136189,12.771189198569623,14.617057897695224,13.530656369780084,0.9859802214209283,1.1445338151698778
5229,3878,3879,1184,62.60289475971733,11.606560797232044,12.771189198569623,12.057652266616735,0.9926378105870237,1.1003422479478435
5230,3879,3237,3631,72.3098154293874,11.465998658581825,14.617057897695224,13.113011851964918,0.9618480426558698,1.2748176877515123
5231,4163,3634,3241,59.76721484182619,10.23553784439207,14.790393958722596,12.253913918073644,0.897730758687042,1.4450040812292124
5232,3957,3242,3635,66.92201917174413,11.24298460082497,13.19211710399975,12.524540252510343,0.9801123687676508,1.1733643309474746
5233,3644,3881,1359,52.765074231715126,8.792274602343538,13.007758653694236,11.461096660787343,0.9029822650553394,1.4794531838469969
5234,3882,3881,3248,51.49630463462164,9.05697704459029,13.262268296886653,11.302648673856366,0.9096471294610234,1.4643151055360322
5235,3881,3882,3639,38.05318470717431,6.8046931536123605,11.802801147081137,10.06539832692855,0.8241126844389982,1.7345089456113778
5236,3248,1420,3882,40.20993151859876,8.936401177045642,11.984260467567427,9.992546229734453,0.9118589637621161,1.3410611531575625
5237,1351,3476,3883,39.48228295944491,8.64645476310927,10.966002791556388,9.700478300242125,0.9596084812917672,1.2682657912400859
5238,3247,3883,3476,54.37110233741542,9.488977346060715,14.432034491359389,11.801078657285217,0.8756950526206135,1.5209262247159596
5239,3249,3884,3644,46.58812040989155,8.886499114157465,11.4455408609705,10.554526551588273,0.9538909775347779,1.2879696170493187
5240,3643,3641,3884,45.739923070832035,8.84847802058397,12.227235950893824,10.557103034604362,0.9318605399836989,1.3818462251304624
5241,4257,3885,3645,20.087249201958862,6.224883757857372,7.199815369113226,6.851971043670145,0.9839354090300161,1.156618444485047
5242,1575,3647,3886,39.80994733497607,8.672865253992768,11.323487906877272,9.800493592698947,0.9448948664412814,1.3056224875238578
5243,3250,3886,3647,48.53600095010027,8.672865253992768,14.163602627982632,11.343026744900348,0.8383610218645287,1.6330938176933012
5244,3650,4258,4341,109.77311404116794,13.999444620371445,17.69951537912032,16.13916174573399,0.9642024078857399,1.2643012533057687
5245,1600,3887,4389,31.57099985399227,7.444961994715821,11.60907176124612,9.182967803143848,0.8337003441711882,1.559319143534358
5246,3888,3652,4108,31.747907041478264,6.74176671721385,10.350730041909644,8.94126501521722,0.8894756970834632,1.535314180403332
5247,3253,1416,3888,49.59127393945707,8.92791299247742,13.868909915824892,11.307893309983747,0.8679264088706063,1.553432468205135
5248,3663,4268,1369,37.021874994601134,7.77944558974782,10.597249930695588,9.464282305283108,0.9390444315924216,1.3622114594722823
5249,4267,4268,3663,25.43000946896259,7.051909293173484,8.31393377247727,7.715096218466191,0.9822355629472326,1.178962097615957
5250,4265,3890,3654,21.162465134129583,6.295457280048048,7.5807668033034785,7.052113703084449,0.9767952621888518,1.2041646009304063
5251,3254,1414,3890,35.798497204361865,8.07856347558347,11.824730134237546,9.589807532227434,0.8742440822534352,1.4637169306122846
5252,4345,3255,4111,43.61835710102371,9.107287987692846,10.894056206580553,10.116828666486397,0.9788452911261756,1.1961910308867205
5253,1373,3894,3662,27.172462273702855,7.373474433965388,8.631686950338425,7.972827231992486,0.9830886134915023,1.1706403850235338
5254,4165,1378,1379,28.223442229096335,7.625568983617134,8.710683203477236,8.112084062364799,0.9874381681460644,1.1422994431223918
5255,4261,4110,4380,56.076787977141194,10.214929509920017,14.623538804573855,11.943966468982836,0.8848946067285131,1.4315848964373672
5256,1367,3653,3893,38.86155781952616,7.9164947725497745,12.212785385329202,9.989609140604802,0.8723465081269264,1.5427011241991462
5257,4108,4259,3653,70.83240868468626,11.815194074419484,14.772035306904932,12.997841945764641,0.958988552521526,1.250257525510069
5258,4166,1374,1375,24.892329136374517,6.934754791773817,8.000000000000028,7.626722705630812,0.984240981469584,1.153609643053253
5259,3891,4263,4379,50.49434421790064,9.952038092892264,11.91356327426952,10.89004846002675,0.9779736331894419,1.1970978369524303
5260,1581,3260,3895,29.966297520844172,7.23642162210378,9.57967169167274,8.481695810024092,0.9497571978925108,1.3238133696372059
5261,4167,3665,3259,77.76232236263404,12.304317989658024,14.755478386331479,13.514047147765742,0.9779615699924621,1.1992113986922066
5262,4113,3896,3667,37.39660514190755,8.070687745146468,10.382338726949369,9.440266478913548,0.9585255567982555,1.2864255259030528
5263,3647,1576,3896,54.81918968304642,10.494815727750812,13.03866618566896,11.440632978272747,0.9577860597519451,1.242391150441222
5264,1598,3665,3897,45.39626259486543,9.772584266142548,11.179594756215717,10.299776061960985,0.9846039924102596,1.1439752732496566
5265,4167,4114,3897,51.37753208016258,9.804154030280475,12.092105332327955,11.011845128790368,0.9714267172068645,1.233365499458807
5266,1390,3898,1389,32.12430373363623,7.999999999999984,12.13540690768232,9.413722198108964,0.8035619274115573,1.5169258634602931
5267,3276,3958,3898,72.59265053651615,11.632384003177975,16.283970265283383,13.484175648356151,0.9019090106307083,1.3998824540897714
5268,4168,3679,3275,55.50511406443025,10.29311963791942,12.262337445155593,11.408444107740506,0.979748981234481,1.1913139919195788
5269,3276,1391,3899,42.14088933769023,8.333920840591631,12.14033461633567,10.23862022539658,0.9074641241313715,1.4567374527010528
5270,3477,3478,4403,53.53353243735524,10.562316779656145,11.521269861447818,11.141598849985408,0.9945457035151375,1.0907900323193007
5271,4169,3682,3279,46.292546367775664,9.661975297007574,11.187323594664623,10.396872671731233,0.9854704370213245,1.1578712686348378
5272,1173,3280,3902,40.37479802211476,8.332062670052968,11.77795698310402,9.979690729965156,0.9178713910263518,1.4135703786093996
5273,4170,3903,4169,55.07530052277683,9.533897017168377,12.520466865614853,11.51027900376162,0.9460805125264723,1.3132580353100463
5274,4170,3683,3902,31.197406397211253,6.620785559840458,10.139053897635522,8.87147018179081,0.8867443463102047,1.531397415910242
5275,4300,4170,3280,51.198802780712505,10.10385824179439,13.848101857686045,11.369455038137412,0.893466961408159,1.3705756282687809
5276,1177,3681,3904,38.53951979802622,8.29980518257401,11.90411418238104,9.843271572673551,0.8973091889200743,1.4342642894045892
5277,3684,4171,3280,45.65819362237019,8.495656313368691,11.697459115755578,10.540264812873106,0.931479897808215,1.376875274173763
5278,3452,3905,3685,65.36385374159963,10.05955805266246,15.455184317816581,12.873352199103598,0.8848146578772169,1.5363681224272137
5279,3813,981,3905,61.97026384961095,9.800595418907001,14.072061443636263,12.343037399123341,0.9190346778294658,1.4358373998878562
5280,3960,3687,3283,52.23045236579084,9.38751706541012,12.10780076302453,11.180699735157006,0.9526494566956846,1.2897766979979988
5281,4306,3906,3960,82.79610691959562,12.05523802140063,16.086264151028594,14.120974508688262,0.9460419366719413,1.334379638334144
5282,925,3690,3907,39.614273241289325,8.806015471278293,11.237354706577555,9.758748091605653,0.9494438133988111,1.2760998141814899
5283,3285,3907,3690,47.99998431696531,8.806015471278293,13.71809393494744,11.145419828447054,0.8642088665316497,1.5578094292123816
5284,960,3698,3908,45.34899913660124,9.076259621917366,11.808753020590387,10.419511405990924,0.9537146927599167,1.3010594135137554
5285,4405,3290,4173,46.68849225936984,9.282249317305856,12.815411380976336,10.748869523119494,0.9153111641842943,1.380636410733252
5286,4172,3909,3692,21.794743929880376,6.880481930575371,7.449482031017511,7.107721782728586,0.9951083357210704,1.0826977101580089
5287,1003,4173,1002,28.003948014081573,7.630122068088813,8.583433021415603,8.071185029834828,0.9904180766180191,1.1249404589886953
5288,956,4032,955,24.93145926025533,6.560867205832017,8.617940058911362,7.726269088247815,0.9526585980440028,1.3135367305180012
5289,3910,4032,4033,38.03607873737944,9.289114646728363,9.500552354020348,9.373675767692378,0.9996178342347759,1.0227618793968114
5290,4382,3695,3288,61.28337430401216,10.726640401555523,12.74552578897473,11.992286215081599,0.9785816887984384,1.188212274471925
5291,4119,3690,926,52.318627637652256,9.860840072755774,12.225515034644221,11.118028547638053,0.9700609719971682,1.2398046154730507
5292,3292,3912,3701,58.41789712171159,10.844373137126444,13.218128869962667,11.765904923155801,0.9669852519806893,1.2188928491135655
5293,944,3912,3700,35.09507231725148,8.464888508216104,9.409821294185734,9.029383813992013,0.9920812160049428,1.1116296788850166
5294,3704,3913,891,31.753960973299872,6.855504167190726,11.510487893855032,9.20993604543847,0.8292183505689044,1.6790140612768152
5295,4196,2825,3975,62.79628490067063,11.354203568803888,13.02294039593386,12.103854018347993,0.9866654046307167,1.146970839215433
5296,656,3914,3709,34.99310279510647,8.4296673433265,10.782620590259242,9.21934270550493,0.9373087126351171,1.2791276513177594
5297,3303,3713,3915,48.74362828823614,9.122001760153857,12.217119622863464,10.831859082392667,0.9461256278605988,1.3393024847056598
5298,3721,3916,686,36.29220799258004,8.260667953678476,10.870288267157008,9.37087076379864,0.9414683747157889,1.3159091163223027
5299,3313,3720,3916,34.76477532676615,8.476766412429386,9.24778796758997,8.980751668147592,0.9938693247530285,1.0909570368755288
5300,4126,4272,4413,53.70498851666637,10.015765662937065,12.758477031358508,11.312836905820896,0.9596216582501516,1.2738394108570985
5301,691,3320,3918,35.75059650786052,7.372162699056905,11.45220360101685,9.535859631764898,0.8807821800940256,1.5534388033082733
5302,3320,4348,4273,53.19225952137636,9.889169073826839,11.948467286672614,11.190983920442385,0.9742190960014905,1.2082377394371804
5303,4303,3919,4177,27.431557376551034,7.463182545316438,8.268955665372294,7.983860892751291,0.991741629771762,1.1079664225232604
5304,4475,3732,3321,75.32482908178191,13.112388663410982,13.28327094795767,13.189778870443421,0.9998849164509414,1.0130321247282366
5305,3730,694,3920,32.69489053027154,7.915477876220021,10.113607724156596,8.849390065095692,0.9536962996053642,1.277700207405074
5306,3767,627,4178,27.676901820663776,7.279638427694648,9.175189306767336,8.11850111610737,0.9606874188918958,1.2603908007108233
5307,4178,4179,3921,46.26319360883457,9.771964512967747,10.887671858694794,10.366473651529125,0.9922575388142857,1.1141743141050569
5308,3922,3328,370,35.097614502125,8.02852274075461,10.802291184568231,9.244951756382934,0.9337046058091316,1.3454892678740686
5309,3739,3922,3737,39.48173453495952,8.60248594311213,10.648461909019476,9.657843784280102,0.9702624118446648,1.237835432622302
5310,4180,3440,2989,32.40545040425984,8.319473245474546,8.971425444419042,8.663149142644295,0.9962136352284076,1.0783646007034318
5311,3330,3924,984,35.73474483222397,7.44290883072533,11.677273532693928,9.585217595622057,0.8699205974035347,1.568912611758533
5312,3686,3924,3741,28.805939296220473,7.435232454627728,9.488556715254969,8.305331084305342,0.9540260926257947,1.2761614076166832
5313,3748,3335,4181,43.15700439068057,7.758313494086161,13.10504020887027,10.673268770305853,0.8389465374181441,1.6891609521656603
5314,582,3926,581,22.093992466959698,6.023116448668546,10.753326279792484,8.11326496903896,0.7319931714647459,1.7853425832684318
5315,579,3926,3750,58.91565121643606,9.790429380802038,13.931486394441958,12.024240502332626,0.9224789301777253,1.4229699079143638
5316,3965,3350,3761,49.4537494239888,9.372693224628534,13.159448880840896,11.064152279734984,0.9144955696788699,1.404020014894112
5317,595,3927,3762,56.69158426855498,9.263386686704875,13.417756162166906,11.829119298220766,0.9137484832993452,1.4484719915044162
5318,3769,3928,3766,71.05962499399452,11.01035476844948,14.84788637928228,13.092737953631449,0.9435248584826013,1.3485384160217406
5319,3362,4137,4278,86.24303119442442,13.284355591000951,15.118563690780935,14.173123322984887,0.988731114859605,1.1380727945149638
5320,3772,4148,4284,37.86839141225747,9.20293511547212,9.502133810621697,9.354039772487416,0.9993180363870552,1.0325112251032345
5321,3456,612,3930,26.08823907053289,6.547201106337746,9.274760144460181,7.997518155563367,0.9238368331192305,1.4165992450548273
5322,563,3372,3931,46.246643979559465,8.745920317976479,12.810149784934875,10.74663843631278,0.9032252215056842,1.464700033752277
5323,3780,3374,3966,80.33218554856074,13.334813888141225,13.997204118296693,13.62898879320151,0.9983534659977786,1.0496737514082997
5324,3371,3777,3932,38.3692227511646,9.115802583270543,9.752370227809715,9.424129599971508,0.996939434372609,1.069831223167054
5325,3966,3777,3931,42.50121953872123,7.9611231014146675,11.433750789537806,10.250719263511234,0.9113552356782408,1.4361982152375037
5326,3378,3800,3933,59.69168331281789,10.01102258875111,13.193781579923769,11.968040150805122,0.9494615949527176,1.3179254629541008
5327,3783,3967,3377,44.070504073942125,8.95769130645011,11.126466840758477,10.206357842419465,0.969229125723091,1.2421132253962257
5328,3374,3780,3934,31.451463216409135,7.6072277708154905,13.334813888141225,9.89655097249742,0.6979392387102562,1.7529137144150135
5329,3780,3785,3934,20.069715418895264,4.710626514183326,8.94847389082745,7.468903887848775,0.7777295361713917,1.8996356140492778
5330,1106,4090,1105,30.314196573051635,8.000000000000025,8.99474813541864,8.40130347544842,0.989293596508025,1.1243435169273264
5331,4305,4090,3563,41.64981510317154,7.286866538465661,12.561635810150223,10.48919622182345,0.8342338326236894,1.7238734569708791
5332,3013,3937,3798,49.60310326777923,9.5447202905461,13.364893375290032,11.122034799163835,0.9066114749107326,1.4002393960698623
5333,3726,2891,3937,27.536908136545435,7.701719239221464,8.624117239055169,8.01172515347008,0.9878603003136425,1.1197652071158786
5334,248,3938,3148,66.94495621937784,11.769222548089564,12.931531293249623,12.46326031964719,0.9936963149002015,1.0987583283781757
5335,785,3939,3149,36.00405600250563,8.482709882690918,12.007274606440006,9.65959985366647,0.8655489735556798,1.4154998547033903
5336,3428,3939,3805,24.259405174250595,6.264102083281161,8.958531571088802,7.722074854825188,0.9204752699850742,1.4301381829327227
5337,953,3693,3940,49.94232484679593,10.088329265392783,11.557396439103858,10.790744976372237,0.9874567611812689,1.145620462523026
5338,4036,4444,3693,59.55400961846471,10.91952371961701,14.884680112110322,12.24689942750774,0.8961887898373263,1.3631253976187514
5339,3443,3809,3941,38.59587393066096,8.535081825286582,10.493766214038736,9.542228946062544,0.9720624715910633,1.2294863047415936
5340,3941,3809,900,48.219706110913506,9.597838798862314,11.435297313610663,10.633371104184684,0.9797645300674782,1.1914450277041695
5341,3943,3942,3353,35.511621794170566,8.258186216855222,9.883056427072834,9.128410015230891,0.978943437486253,1.1967587273463511
5342,3942,3349,727,45.617384345022145,9.475086120708617,12.322293484306853,10.530172044034794,0.9363739060998189,1.3004940881091749
5343,3353,602,3943,34.572717923732625,7.525458476953025,11.261521999187876,9.34365595930184,0.8907464979570329,1.4964565991130871
5344,3455,3944,717,42.81644094462935,9.535548223693702,10.375074818505128,9.961561778819233,0.9952700287419101,1.088041775377465
5345,3944,3816,4186,45.884458250193,9.513108096204261,11.166394124914442,10.36015155814853,0.9830825755788165,1.1737903124815583
5346,3080,3992,3498,86.09229868200856,13.405659495359258,15.841195934434388,14.246600128350389,0.973478985706017,1.1816797181756153
5347,4190,3399,3794,37.44441689346304,8.74937441822929,10.770006881598638,9.453348713109746,0.9583326775887174,1.2309459358784973
5348,3828,3945,3946,52.80970568436457,10.415370653623652,11.692652646185874,11.080326654019032,0.9911567013859441,1.122634329112218
5349,4190,3946,4407,46.43713464994316,9.524504061104116,11.261851299478293,10.428264619133301,0.981581866403785,1.1824081576561138
5350,3968,3947,1313,24.969486246633124,7.420410715779721,7.811871019908494,7.598927550415632,0.9981776944991018,1.05275453328969
5351,1314,4195,3968,24.862016891832962,7.31273895390293,7.795659526380039,7.58531669520706,0.9971956901060988,1.0660382622053486
5352,1324,3511,3948,33.758268811955816,7.362872849614173,10.762118381854826,9.152165263281528,0.9096583862491932,1.4616738060903467
5353,3511,4354,4293,61.78926473225165,11.46360266591388,12.404331560581511,11.964129047030966,0.9958580136448447,1.0820622383803318
5354,3949,3135,3969,27.647038898189656,7.5824253541116615,8.976585751379046,8.073357184002232,0.9734717429835941,1.1838673421969639
5355,3099,3949,3520,37.47457851124982,8.92067354781753,9.986808853088414,9.339171938915115,0.9897983061943079,1.119512870811388
5356,191,3950,3519,30.578364506087386,7.540109332803712,9.476439518486975,8.515350088806501,0.9655645809034393,1.2568039931807273
5357,195,3950,3038,37.20292227168591,7.272433619226222,11.218050157265948,9.68825962091288,0.8871127102495754,1.5425441804801974
5358,3978,3981,3852,35.55584235134805,8.385644873729532,10.215529808492533,9.165892300597221,0.9705081323438948,1.2182163640742345
5359,3547,3970,3123,28.508650984537198,7.34225671373764,9.201242674283844,8.22452827428694,0.9650355909600725,1.25318999771119
5360,4191,3952,3853,47.91315094235361,9.615306025908028,12.139637327673741,10.691978984371035,0.9584355217023371,1.2625326011428042
5361,3559,4192,4191,92.05188750280593,13.41780439744561,16.66656542648889,14.788111542805934,0.9637690375549242,1.2421231471865664
5362,3858,3431,4368,104.94193833621237,13.872232969643774,16.951348813931798,15.72832712822553,0.9726770918377945,1.2219625240598229
5363,4200,3031,2927,63.702481718869365,11.314461796217847,14.790376652733883,12.49885062410253,0.9261354144400549,1.3072099158687294
5364,3603,3867,3954,27.783975088362958,7.126918257980486,8.92980497596847,8.110779840496354,0.9672034318163452,1.2529686258109065
5365,3954,3867,1432,27.51562023029617,7.126918257980486,9.929839489270984,8.276252601864506,0.908651218328022,1.3932865692898724
5366,3972,3955,3603,32.71883705140271,8.19216056150781,9.04623594116937,8.715934511889321,0.9928143133634727,1.104255205113358
5367,3973,3602,3979,29.136280538608318,7.133213834967442,9.20721103467256,8.334825387543374,0.9579577944017753,1.290752141697794
5368,3612,3221,3956,39.20220544200367,8.321177566643955,10.791771997884954,9.673188276575898,0.9568620097530203,1.2969044238575747
5369,4160,3605,3869,64.45628784285778,11.682263869243833,12.747705074909078,12.223866197280053,0.9949413490051702,1.0912016042087747
5370,3957,3880,4163,37.37391701021617,9.256950877852855,9.31166362104449,9.290483628641303,0.9999733868624417,1.0059104497705107
5371,3635,3244,3957,62.80332645268804,11.24298460082497,14.142390203154378,12.283172617596628,0.9503661857504804,1.257885757676539
5372,3899,4168,3276,46.59782407374426,9.239669640619487,12.547734151213934,10.676336337031954,0.9284789597779656,1.3580284403298917
5373,4484,4299,4485,53.76384012187905,10.107162075394664,12.095811875835818,11.232446775283629,0.9787246943472837,1.1967564965918982
5374,3898,3958,3959,47.19442023221256,9.771011307701418,12.536172676607096,10.710034106090598,0.9365673597840218,1.2829964352539645
5375,3273,3959,3958,54.50261222374751,9.822918333963278,14.537850542777777,11.822057509053073,0.875771072658917,1.479993017198602
5376,4119,4356,3690,54.268697926652656,10.74202328151084,11.627991856421449,11.212581891148815,0.9958193946612905,1.0824768809089753
5377,4302,3695,4174,49.02039307064277,9.648541367972534,11.740808020719813,10.742073423012192,0.9748680142733562,1.2168479745231098
5378,3961,3913,3974,48.21010299683404,9.455979612396197,11.874973538454336,10.690032871910253,0.9660157102343527,1.2558163220748688
5379,3975,880,3810,60.6353267745323,11.30562897456162,12.377666692285441,11.857720321301239,0.9945574135255101,1.0948233592430792
5380,4271,4413,3724,54.84479585654187,10.31762829612964,12.981674622905071,11.436863439723203,0.9589883119966319,1.2582033632452887
5381,3728,645,3963,48.73141168523638,9.94123078769827,11.263210285170747,10.649675282380104,0.9897021322342431,1.132979459556291
5382,3348,3964,582,81.01254049188078,12.107603643778665,14.86990776080773,13.831152912443814,0.9703509960094905,1.228146229286952
5383,4229,3757,4044,46.44703261807192,9.616756591883878,11.882190856058592,10.509360571219913,0.962730157042126,1.2355715508164824
5384,4134,4277,3761,43.897819945729395,9.528114472744702,11.271694456253003,10.167163110974238,0.9749144776720097,1.182993181756562
5385,3351,4193,3764,44.25411434060654,9.16420671002726,10.795247642059818,10.182790270101592,0.9806691100528866,1.1779795004239604
5386,3966,3932,3777,42.48320713294366,9.347494315879239,11.433750789537806,10.061820364750437,0.9601583152543027,1.2231888464606497
5387,3372,3780,3966,90.9320004007875,13.554948373166608,15.77089229738847,14.579661666585295,0.9840657963433925,1.163478595655041
5388,3933,3800,3967,63.14597933844789,10.659044025451367,13.193781579923769,12.219031082933753,0.9686649268639425,1.2378015841214303
5389,4309,4358,4058,55.14859521624967,10.660297455876538,11.822883484667116,11.316081347049986,0.9927520701580206,1.1090575599416972
5390,4195,1314,1315,25.385205121636528,7.36266866394991,8.000000000000004,7.670073423096042,0.9953587807946944,1.0865625447971985
5391,3093,3998,3999,47.24508316072276,9.75989853313452,12.707367848359507,10.756247896560742,0.9277831391135021,1.3019979465174183
5392,3969,3135,3977,30.278569236119427,7.661060446515985,8.854768751944508,8.410323476642928,0.9846217112142445,1.1558150224452786
5393,3850,3970,3547,24.2740356215541,7.34225671373764,7.802800503328972,7.496858975911416,0.9966006503338908,1.0627251004081124
5394,3978,3970,3951,38.208078354173466,9.23633998080178,9.604118508840266,9.397299672668678,0.9989238556325711,1.0398186434023577
5395,4464,3604,3870,92.46788118936838,13.785294394082877,16.02404926156402,14.71131233196643,0.9825732758725093,1.162401672643429
5396,3602,3973,3972,29.662689980061433,7.139845006980149,9.538940754821418,8.447612351597229,0.9468959340071447,1.3360151019379038
5397,3972,4512,4409,46.77432362861902,9.902890441205304,11.104627786304498,10.430608591976588,0.9905701129688572,1.1213521801775004
5398,4440,4197,4409,71.15451473249587,10.743731287923847,14.406515870091644,13.112046878131144,0.940402135940917,1.3409229516271348
5399,1430,3955,3973,21.68491784239332,6.725875166559626,7.591325183819618,7.105174970015631,0.9894321604363046,1.1286747071314855
5400,3972,3973,3955,24.448155874049267,6.998324559667649,8.909407032990778,7.682525533212858,0.944517966039657,1.2730771425402263
5401,3704,3974,3913,56.119004760792905,10.739145464880222,12.00957742493137,11.419736927888875,0.9917187798245701,1.1182991667452302
5402,3295,3788,4196,58.98590373898521,10.7346269846326,14.002239469991233,11.972571214459123,0.9366501387349924,1.3043992576580872
5403,4196,3961,3974,64.57168354557615,11.874973538454336,12.538835459291944,12.220579865955132,0.9980291126360191,1.0559042863285417
5404,2825,880,3975,55.413047389034126,11.277838038415771,11.354203568803888,11.312556860593759,0.9999688426160311,1.00677129163657
5405,3299,3962,3976,52.6480944379965,10.20279481791156,11.753194366822813,11.082162020111552,0.9866024106937952,1.1519583189293823
5406,196,3977,3135,47.9945506776066,8.854768751944508,12.095902832317464,10.779513001835895,0.9382470743025879,1.3660326058386563
5407,198,3977,197,29.985114906298534,7.643506016983294,9.926505081570959,8.523337032851385,0.9401891929679369,1.2986847998176507
5408,3981,3978,3951,35.462532452293324,8.385644873729532,9.66363900002113,9.09520795151748,0.9866542019921856,1.152402605349445
5409,3982,3852,3125,33.87885364931369,7.287551559648391,10.677055030399124,9.161067307851091,0.9107840374432569,1.4651086778608355
5410,3980,3979,3602,44.62576053200579,9.20721103467256,10.801309327363812,10.22390604548366,0.9810611927194716,1.1731358482702512
5411,3210,1429,3979,32.008522603689315,7.105534771341318,9.978517497845434,8.841111782509637,0.9272537736875512,1.4043302606992634
5412,4409,3602,3972,43.092340776608836,9.538940754821418,10.28430754841996,9.991264263668342,0.9958656948471578,1.0781393671222665
5413,4096,3546,3601,43.484206192206166,9.21864660669221,10.674853875252362,10.076560184759975,0.9852663330374455,1.1579632380639289
5414,3951,2949,3981,38.40816326167029,8.121545123826516,11.276621221564222,9.687268448470624,0.928769640629284,1.388482246867228
5415,1338,3981,2949,41.944338473625066,8.121545123826516,11.179338725966423,10.107526306292952,0.9301698721394969,1.3765039232706016
5416,1090,3982,3125,33.2140829630151,7.287551559648391,9.883080095523953,8.974486341903129,0.9357978043834249,1.35615920033378
5417,3123,3978,3982,27.53594603562194,7.6235008527288,8.445940693086616,7.996613826566326,0.9926644192978414,1.1078821733276814
5418,3125,3983,1089,33.685617314326805,7.99698220105696,9.531345604761551,8.888695213745805,0.9793698990539887,1.1918678027696241
5419,447,448,3984,47.62197786599998,8.000000000000064,12.587749970803468,11.039844369728215,0.8694000423859959,1.5734687463504209
5420,2908,3984,448,68.42783086825253,11.887950489442156,13.368710795389298,12.614803751878307,0.9907725160672323,1.124559763877064
5421,4198,2847,3389,53.192843314283316,10.411647761815662,11.503486617588068,11.115793927876425,0.9921975232504595,1.1048670566609722
5422,3437,4065,4311,54.15189933067247,9.593301604404546,12.676831821529115,11.396904810709595,0.9502109729719608,1.3214253386663914
5423,3018,3031,4200,48.194594963569195,9.23718960823863,11.431137407340705,10.686680146311732,0.965682855320167,1.237512478594712
5424,3028,4,3986,41.68997022381475,9.385976467460027,10.151941338054142,9.827850622619755,0.9957337877151009,1.0816073717262786
5425,3987,3025,4201,40.34756046863508,9.357904769947831,10.289310388295602,9.68277665171488,0.9918914893495363,1.0995314273061323
5426,3458,144,3987,26.57998675831279,7.338624635350391,8.666993195589313,7.898419966587471,0.9789943154190912,1.181010560730975
5427,3988,1358,3881,56.39390563480664,9.730358662483388,12.865840163285059,11.6357070587664,0.9488545357193633,1.3222369914164531
5428,3476,3049,3988,52.76290109919204,10.08505824554939,12.150778373105078,11.135140888413034,0.9771260386239253,1.2048297666964198
5429,3052,3480,3989,48.24573050950464,10.180708761963823,11.308464238589929,10.593757345997494,0.9905194285053418,1.1107737686043546
5430,3448,4415,3480,65.55786116823762,11.092263920696826,13.483523294819852,12.420552055855564,0.9751450697871825,1.2155790189648503
5431,3077,4202,3990,29.946629629927497,7.597855634155374,8.762892450181592,8.36634697987884,0.9838902426285743,1.1533375826185637
5432,4203,4204,4202,41.41948044287939,9.40932187983071,10.206824462779405,9.796682616436668,0.9955552330478449,1.0847566480490136
5433,4407,3992,4408,55.19503825923344,9.44030711624683,13.543168937389055,11.654756819555951,0.9190681638524152,1.4346110534985852
5434,4188,3992,3945,58.18448055041576,9.603234278449053,13.32095702416996,11.902439809258155,0.9308105291494901,1.3871323595701477
5435,4386,3496,4203,53.99780013014699,10.701412406738143,11.748069154886176,11.192153875339,0.9940498843281016,1.0978054772927923
5436,4206,3086,3504,48.61083890437464,10.122541066227488,11.379154543506523,10.637862171453444,0.9895031351213294,1.1241401214435731
5437,3507,168,3994,32.9819570334321,7.954372375927697,10.150426910473778,8.886539144049012,0.9541421152211812,1.2760814343054891
5438,167,3507,3995,34.356643583173685,8.256361124074456,10.407582450408217,9.07499741500171,0.9529699493951849,1.2605532018289614
5439,4208,3995,3507,36.73738750545778,8.561048670522455,10.504500320584961,9.335287386227614,0.9656965665511795,1.2270109334565789
5440,4209,3996,3088,56.628687113822124,10.311545779049336,13.24617488072803,11.639844354621394,0.9548655138607008,1.2845964285627456
5441,3090,3996,4209,56.85294422079534,11.282519181895717,11.747483695489567,11.463938427157364,0.9987305906839131,1.0412110545612852
5442,1332,4210,3512,65.79598574553484,10.807045123867487,14.592130376969388,12.628606087152908,0.9386565008052437,1.350242384455534
5443,1320,3835,3998,25.640802808012065,7.021175645460166,8.329911073105158,7.75105055964054,0.9807744590170867,1.186398331808037
5444,3999,3998,3835,39.75510811680855,8.329911073105158,11.433351999114484,9.841053868451388,0.9325135478083036,1.3725659132219823
5445,3999,4384,4363,52.344385593248916,10.338989747505085,11.766906027165026,11.041424097172646,0.9888022881484392,1.1381098457907373
5446,4205,4313,3993,37.34164633629522,6.875692020872074,11.94327152273086,9.949170074904314,0.8304094724490716,1.7370282855130041
5447,3999,4310,3093,57.79583625272651,10.850770781784272,12.707367848359507,11.636791735920449,0.9812090329817175,1.1711027819048576
5448,4000,4310,4195,24.933567153853566,7.288844963344642,8.310439997663552,7.636016465931306,0.9836916350809204,1.140158699966384
5449,184,185,4212,25.397378403939058,7.284914826548826,8.000000000000085,7.675358044683378,0.9941392172618009,1.098159716410854
5450,3514,3095,4001,50.94286694463441,9.89700874043094,12.227117652821631,10.978213324650307,0.9687696409324105,1.2354356728889009
5451,4082,4213,3101,68.80854077685609,11.469859718342287,14.78558014875065,12.86089520337184,0.9493908117862079,1.2890811667997957
5452,4214,241,242,44.19671211128394,8.000000000000034,12.541571548373513,10.594110242773318,0.880792766447513,1.5676964435466825
5453,4295,3102,4157,50.917831894911174,10.143342658351266,11.335126057846054,10.88060875156687,0.9909437914833278,1.1174941476036564
5454,3465,1629,4003,41.81143444245609,8.793867463075546,11.64038889207505,10.05611730939898,0.9417872959904434,1.3236939197630309
5455,4005,4004,3846,37.55682527848403,7.6355632895732874,10.959794865110487,9.608174785691292,0.9192613743915398,1.4353616687424477
5456,4005,3108,4004,37.90810154707135,7.523878153025289,11.609110537399838,9.787384964271743,0.8872324603228102,1.5429689717571928
5457,3105,1639,4005,57.30517460283145,10.491357636771166,12.942870969889096,11.640306902800909,0.969456021177447,1.233669789744429
5458,4215,4006,3116,46.1628001939381,9.832329270890352,11.094251870230673,10.367816646071224,0.9891733949545019,1.1283442167743891
5459,3542,1164,4006,42.33127599584536,9.246390711938965,11.549868524688312,10.071540067659535,0.9534427488141626,1.249121834076846
5460,3539,4007,3114,37.19391941428453,8.950386554312441,9.745133851791245,9.286693320598344,0.9946763705535601,1.0887947456410003
5461,4008,2886,4216,63.858387811151886,11.612147835534925,12.70347584215159,12.16839864177917,0.99464472382254,1.0939815805028796
5462,1084,3124,4008,43.91130160287729,9.527728025772534,11.205169706694805,10.15865814518869,0.9773998280286755,1.1760589383308158
5463,1083,4009,3126,46.98425766833945,9.589274613481162,11.82457077913458,10.551278951917434,0.9669799713940561,1.233103780604104
5464,4250,213,214,27.50566998818837,7.637443407080033,8.315953988098006,7.984465798392698,0.9951914885033559,1.08884001423683
5465,4088,3133,3556,37.95348664655638,8.470658320624402,10.48539850426228,9.471478977200206,0.9697329145349868,1.2378493037232277
5466,1139,4089,1138,31.03501281769893,8.000000000000004,9.185654614547028,8.511484524783652,0.9859600282503872,1.148206826818378
5467,4089,4251,4011,45.61909206742605,8.971821295820176,12.318653655462407,10.552836661613531,0.9302976173822145,1.3730382326274673
5468,914,917,4012,36.947092596851924,8.39433566293448,13.10921571040612,10.134925688784335,0.7960764361350458,1.561673995035769
5469,4218,3142,1116,43.70175118570118,9.859580600934828,10.376642633940044,10.054173165791346,0.9978815132639414,1.0524425991259903
5470,3562,1110,4013,33.57542645023001,8.314079896564824,9.578993583302069,8.855823895433883,0.9851399444449169,1.1521411512126407
5471,3402,4014,3148,50.41204066847136,9.833074685998755,12.035339086360233,10.904331181525174,0.9724934799916441,1.2239649825397205
5472,3523,246,4014,31.14238954984779,8.23134018785547,8.657065379429618,8.48645604852783,0.9981479654046735,1.0517200336589494
5473,4015,2963,4252,56.196013174294734,10.548957676282615,12.134766620957135,11.448359828216118,0.9868628454623669,1.1503284962683962
5474,4219,285,286,30.748821469157985,8.000000000000004,9.092655189455593,8.465949450747578,0.9878576586061139,1.1365818986819487
5475,4092,3578,293,27.249114633282247,7.207202897314417,9.02530516880992,8.043461990689856,0.9643012180533761,1.2522618410219828
5476,4158,3177,3570,73.11812714774206,12.411968689765823,13.642410673276329,13.02377213368751,0.9940430464391203,1.0991335068807462
5477,3173,299,4018,29.520990755522035,6.675484151350963,9.480147542403078,8.527625444762656,0.9158973931134279,1.4201438169072
5478,3134,4019,3180,48.82150846306763,9.006570988057572,12.777923176728882,10.951823737100625,0.9217494327796668,1.4187334107144665
5479,3141,868,4019,37.27891838766944,7.827432557095551,11.00159438359329,9.54441657643251,0.9276267291871488,1.405517620668653
5480,3829,4020,422,48.09009585848765,9.439048316140315,11.255159516138932,10.632782510136868,0.9761826219030375,1.1924040580333881
5481,3193,3186,4020,64.1221578713334,11.651199087292392,13.352724359665125,12.248965430452103,0.9829806939456511,1.1460386402828302
5482,661,4021,660,33.77453146362214,7.391036418561797,11.419427942933094,9.321995855925316,0.8703478671537924,1.5450374340267654
5483,4021,3710,3976,43.64016790259357,8.59856572999973,11.637746852657235,10.264907435391345,0.9423269319735228,1.3534521009770313
5484,4220,4022,3222,39.98925444018701,9.284344787019458,10.372017940030238,9.652469429668338,0.9884633322370465,1.1171513098621098
5485,3615,1064,4022,50.644425293674104,10.383191520824607,11.383025027219654,10.838781306406778,0.9941229708841524,1.096293466646529
5486,1074,3874,4023,28.560622804172002,7.792178596719357,8.350787528089214,8.132147870418512,0.9964759106669131,1.0716884147913448
5487,3874,3226,4023,35.47457929015478,8.350787528089214,11.704363306375676,9.518854881750693,0.8809086050211502,1.4015879660458577
5488,4024,1441,3233,41.92164409827462,7.42191934837585,12.206701710969353,10.422165476291793,0.855426237955192,1.6446826134860337
5489,3624,4024,3232,50.748690517629115,9.98749907448503,12.02691511216369,10.926953127621983,0.9758101388959416,1.2041968687525326
5490,4026,1207,1208,31.21084730652484,8.000000000000064,8.987077231696155,8.518521160437812,0.9910561811733558,1.1233846539620105
5491,3627,4025,3878,51.57949392656038,10.446630571396234,11.327435352048518,10.932162652573995,0.995588489144238,1.0843147246983158
5492,3878,4026,3237,50.660583976792644,9.168010008780566,13.203722013075405,11.197611971370337,0.9133054922964006,1.440194982382183
5493,4025,1207,4026,33.32000061289587,7.992019249837269,10.283977492466173,8.948160997306886,0.9497893063264738,1.2867808711391144
5494,1622,3649,4027,31.86189450229044,7.403725304932675,10.308306555434577,8.830447623369718,0.9269084136744565,1.392313481507309
5495,4221,4027,3649,36.59178623818282,8.779311009741901,10.06786869724296,9.25086883068114,0.9835900676043684,1.146772074263142
5496,4222,4028,3277,42.58733785627993,8.280145021356399,12.297079529705991,10.326254171962638,0.8996337144993144,1.485128521057179
5497,3632,1215,4028,30.32282309179599,7.798936106551719,9.910256887842557,8.553185620080884,0.945275677016415,1.270719076608047
5498,4223,1007,1008,29.826277556231812,8.000000000000064,8.58657412719747,8.30983542038534,0.9966659588768277,1.073321765899675
5499,3910,4035,3693,48.785342650394355,10.377989271639862,10.96095460069923,10.623124729143557,0.997814277136715,1.0561732445274779
5500,1012,3906,4030,59.62339477680985,10.939050161152425,13.090507238416691,11.846202934681068,0.9754429827719214,1.1966767722580414
5501,4306,4491,3906,67.97087604652086,11.397344447860837,16.086264151028594,13.142123386034756,0.8863519352202615,1.4114045797789168
5502,4224,940,941,27.564373455337247,7.821986982734819,8.122181544807782,7.981389509180876,0.9990492856866334,1.0383782998789914
5503,4445,4225,4446,63.39367099304808,11.838628919593305,12.426773966259464,12.107018302025315,0.9983807035295066,1.0496801657236474
5504,4033,4032,3291,39.34170886566416,9.059732713281885,10.127045368616008,9.562443478639414,0.9915279131806018,1.117808404410144
5505,3910,955,4032,34.74874121360044,8.617940058911362,9.331360302328422,8.972399607879504,0.9957808953262447,1.0827831521848832
5506,3291,3691,4034,71.36202381901056,12.192141643092889,14.364627595459964,12.96173323014522,0.9752053109588235,1.1781873944679635
5507,3694,3287,4036,62.582847312102075,10.45178446537464,15.104732783286972,12.53224514689505,0.8988868063249474,1.445182191933533
5508,3286,4029,4034,54.039799803339875,10.424649982831399,12.006345296258393,11.227299481104216,0.9867958640999054,1.1517264671746221
5509,1007,4223,4029,32.55142265507745,8.167914498196232,9.395374062736314,8.716620896043338,0.9860339949443425,1.150278209304364
5510,4034,4323,4033,33.33720784196102,8.049699276106356,10.359137584889874,8.9636863973277,0.9463629049569199,1.2868974640628557
5511,4223,4321,4029,25.526767561537397,7.317749551831605,8.167914498196232,7.702680746922542,0.9915325197903813,1.1161784699439234
5512,4030,4406,3287,63.150247368072186,10.849224869243479,13.173636607058786,12.190306860245604,0.9750694957365267,1.2142468024978257
5513,3693,4035,4036,62.82364719072512,10.96095460069923,14.884680112110322,12.467399589315654,0.9158435108998806,1.3579729735547656
5514,3302,3712,4037,41.21152040193516,8.935205259593372,10.38120053497267,9.8136574803543,0.9841707828017056,1.1618312320051956
5515,3715,4038,672,49.39536406072344,9.758374904568875,12.705279095061293,10.933034005964723,0.9415349937363651,1.301987187345372
5516,3915,4038,3305,29.345719760354246,7.566603294806256,11.216465030670037,8.85272397435253,0.8349106616602021,1.4823646217013993
5517,3304,4039,677,51.56515607517925,9.83150989109744,13.11021710503919,11.204807928546714,0.9341366793224752,1.3334896928609778
5518,3915,4039,3303,50.100823747393754,10.055415832050942,11.166450552950733,10.792774083054118,0.9909816813923025,1.1104911760444998
5519,3307,3718,4226,60.72885223027846,11.283121042679445,13.21267015563249,11.951076107000036,0.9764826819609498,1.1710120015246088
5520,819,4227,818,25.60988915741901,6.788959802327229,8.600164317687105,7.7963747066714655,0.9640196473629437,1.2667867490891611
5521,3314,3723,4041,35.286151330540136,8.200565494595761,11.553527867448022,9.457973864147597,0.8888682426054482,1.4088696535698533
5522,446,3001,4042,38.67853194981304,9.127368623045506,9.63507962455016,9.459724090865251,0.9975718256586388,1.0556251229103146
5523,3449,4042,3001,48.988194635449325,9.127368623045506,11.681398316579092,10.818635065681141,0.9549276997380719,1.2798210304648996
5524,3342,4043,3333,51.819977626779455,9.646647271491503,13.0026175098905,11.213687882651712,0.9375206886488445,1.347889805022395
5525,4229,4044,3341,42.97526917440035,9.257655142374427,10.773179146100448,10.019989518064046,0.9847603216748714,1.1637049534054382
5526,3757,731,4044,44.27406211751436,9.266281619082703,12.583152962478067,10.488730391148216,0.9110672815513563,1.3579506300094202
5527,726,3349,4045,44.97919326546977,9.172170045904915,11.079050612429725,10.283517401054267,0.9762079273177781,1.207898518778135
5528,604,4045,3349,48.05875521705968,9.172170045904915,12.495535216162342,10.8035810497451,0.936124758992726,1.3623313952559355
5529,514,3775,4046,32.80524119253055,7.90384657983964,11.223127302263011,9.145153168241222,0.8827821947461149,1.4199576356770218
5530,3775,507,4230,34.57568038890574,7.900750911642577,11.313253642379872,9.332370053238241,0.8953216085552469,1.431921315948414
5531,3377,4194,4047,53.07080364032265,9.378214636106305,12.614345334875969,11.311300942754881,0.9435854168015938,1.3450689522833588
5532,3774,519,4047,33.64391219733753,8.640851875027355,9.053977808819207,8.819768343005109,0.9984450861511555,1.0478107876129452
5533,2837,4048,2736,30.476263679710918,7.767529024694848,9.240537004259181,8.45656668215582,0.9791632905439399,1.1896366238067841
5534,3393,341,4054,36.30077120086947,8.54488917334413,9.750096499400536,9.195719384704903,0.988503985214967,1.1410442314238625
5535,3396,2851,4049,38.779473123968636,8.997582848959153,9.772545442346443,9.481712293679799,0.9948424929592056,1.0861300869796313
5536,2851,3818,4201,40.49828814663038,9.061763458921803,10.330349073534283,9.712417892592969,0.9886572218218873,1.1399932386629987
5537,4408,4231,3399,54.354939345910005,10.746295311196851,11.877354655152333,11.234842138508066,0.9927290259314709,1.105251094558792
5538,1291,4232,1290,37.46705235221561,8.000000000000014,10.20214206845132,9.456784617529985,0.9561770827025183,1.2752677585564127
5539,4233,4051,3400,43.52922818245135,9.07638782679635,11.686961457038779,10.216877741335622,0.9521826079361824,1.2876225300262287
5540,3795,1060,4051,40.35909502693866,8.14538597658484,11.59438068067699,9.958342409453953,0.9213033529513321,1.423429253568439
5541,1063,3615,4052,36.23831702254351,8.255062291655895,11.4813490853964,9.519249365717293,0.9038207985069785,1.3908252511918164
5542,4234,4052,3615,32.51304127473484,8.020866266630604,9.293574850596352,8.711925945775512,0.9857174797144832,1.158674704409501
5543,4235,162,163,25.68356967259229,7.039810914210414,8.208359521328653,7.749390145179709,0.9834465686689016,1.1659914763846044
5544,4080,3405,4246,43.27980473819349,9.596947769507544,10.838730881310626,10.047346638337729,0.9870251771728848,1.1293935469513139
5545,2799,4054,3407,33.84427368324812,8.254943011393951,9.206544167475712,8.87173590976262,0.990641407804786,1.1152765264119093
5546,3393,4054,4048,31.62461909940494,7.765457281075591,9.292172481370047,8.614337614380842,0.9788769641317977,1.1966033866434445
5547,3409,3024,4055,37.79073773920223,8.72970747547941,9.98077039991325,9.383784069419738,0.9881799441695557,1.1433109789701328
5548,3467,4055,3024,56.29419056835558,9.98077039991325,12.682360037728767,11.564972567901444,0.9624789668969704,1.270679469576717
5549,4055,4056,3410,28.19857054117412,7.529961969501466,8.87858105039541,8.130427405214467,0.980486047752397,1.1791003840864327
5550,3390,4057,458,42.07739702779935,7.953395147001649,11.462302266672681,10.191665276252087,0.9133691115616765,1.441183551780884
5551,3782,4357,4309,40.22229992513315,9.197557494908288,10.3762485673435,9.67920222789779,0.9887985424050353,1.1281526180279633
5552,4058,4358,2930,61.803991892040415,11.582449701119897,12.49272623023807,11.966019805341695,0.995787676136425,1.0785910193963681
5553,3422,3421,4059,36.97425062036863,8.268690052365313,10.890835926801783,9.445144088559971,0.9446355097045113,1.3171174463948359
5554,3420,4059,3421,34.44347655248271,8.268690052365313,9.48615097086237,8.96121852160685,0.9873304652048043,1.1472374597169468
5555,3472,4334,1244,61.31530784639389,11.065919013472504,12.835339675927733,11.96533529258331,0.9854559829087373,1.1598982118250638
5556,4070,4237,4332,24.568504940628166,7.323308614168824,7.666084120754335,7.537030863170291,0.9983904734590576,1.0468060988065317
5557,276,4061,275,34.58453882673871,8.000000000000025,10.764601775123092,9.185085135218072,0.9317776550085659,1.3455752218903823
5558,3429,3426,4061,60.76215378725879,10.8463897730708,13.377342300287477,11.991007725951016,0.968547198467767,1.2333451572522753
5559,3431,4062,96,41.694961574526914,8.786510768647645,11.217956014721073,9.967062855463963,0.9597354507346026,1.276724778480828
5560,2964,3430,4062,42.191848316659296,9.404177237873663,10.430672614134183,9.898108441138726,0.9927557781863934,1.1091531295397636
5561,4063,2959,3426,44.30396619881315,9.624339268449804,11.367170883219496,10.220482999739316,0.9733586052170395,1.1810858456001219
5562,255,4063,2960,43.47882798059347,9.601807517788876,10.772837661912307,10.0611765833939,0.9893819629142063,1.1219593437958335
5563,2968,752,4064,55.48604119555054,9.823563759495809,12.402197862202431,11.487601335604191,0.9608971898705873,1.2624947692953103
5564,4352,752,2905,45.468802966076396,9.419418591918042,12.013270423761888,10.450082393805825,0.9505586518288641,1.27537281696658
5565,335,3406,4065,46.96575263805852,9.718731900086228,12.622627530967453,10.712616343124369,0.9303302106070732,1.2987936760407457
5566,4311,3406,4199,76.83868929209838,12.636935506027703,13.795166988552067,13.349341674596124,0.994325538079981,1.0916544586281933
5567,817,4066,2995,65.4944130095876,10.394771503318454,13.8887444616427,12.560982148905012,0.9443600266116258,1.3361279232745829
5568,4331,4238,4066,43.386383265948766,8.811370321817034,12.284516117811432,10.350823822186204,0.9173180361430545,1.3941663633628991
5569,1000,4121,999,35.79254258372678,8.000000000000064,9.975548073304468,9.205740211432046,0.9668760983197002,1.2469435091630485
5570,4275,3452,4067,48.69298148929631,9.851321602196405,12.403221133121644,10.805995687814322,0.9524846994425871,1.2590413382054524
5571,138,3435,4068,32.777817730529286,7.646192556242166,10.51465666206449,8.9583714727528,0.9270523727305291,1.3751493419402026
5572,4287,4149,4286,36.599296130176,8.9867492539238,9.312803094163158,9.197179690535426,0.9989614379702948,1.0362816220889879
5573,4239,4069,3468,44.44526621047478,9.81680392594825,10.588719364688144,10.147182199028757,0.9958392869697588,1.0786320521997521
5574,2935,3056,4069,48.216558951415486,10.436283941480397,10.696242809109242,10.553967552495411,0.9995832645059062,1.024909140943895
5575,4332,4240,3471,54.46241128460197,10.077319362425687,12.550532557297949,11.350720756704211,0.9685395845046035,1.2454237189399682
5576,4071,3473,4241,48.508093879846946,9.732982953563008,12.479189718999214,10.808401811520199,0.9473084315345022,1.2821546876778291
5577,4218,4013,3142,44.28490111202403,9.125157905904526,11.134249151132659,10.212016563659077,0.9742789784562941,1.2201705730405092
5578,333,3437,4072,33.32524941387205,8.176029535368324,10.220179269857233,8.9309063960893,0.9548520754115662,1.2500174107305035
5579,3437,4335,4242,49.27248090326328,9.109138751156062,12.685958803055843,10.964918435801726,0.929878143312129,1.3926628136436983
5580,1289,4073,3073,52.50327428983543,8.694092461792057,13.973686646187687,11.620040174172251,0.86710269710138,1.6072622539497794
5581,3415,4073,3416,53.88839224300267,9.257540924312382,15.349876602834348,12.091126969465096,0.816215785735871,1.6580943825505674
5582,4243,3492,3415,79.52466565453685,13.167744600399251,14.252974473581116,13.578319435078791,0.9948669726493361,1.082415774767454
5583,2942,3494,4074,69.46909799154128,11.488749792366022,14.462639651054722,12.852325171207537,0.9624763346049078,1.2588523479434441
5584,3087,4208,4315,48.83568579619599,10.058493075314262,11.805136559206673,10.711323511421488,0.9778307565299821,1.1736486241839799
5585,4315,4419,4075,49.78242699287635,9.931811420167094,11.668285206094481,10.793026491982161,0.9826955303370504,1.1748395848919746
5586,3096,3838,4245,44.05999422408102,9.07536776550661,11.670707250685904,10.266017480270449,0.9550909998609688,1.285976232835829
5587,3089,3508,4076,47.36031406908893,9.57905705357877,13.113542125426099,10.875988829487545,0.9053265317400908,1.368980480237022
5588,3509,3840,4077,95.3920300647105,13.087802617143181,16.226613507387366,15.020983801048132,0.9681889245974585,1.2398271873486832
5589,3837,4314,4207,47.030297819141516,8.901553575898538,12.43046337489092,10.719327686987583,0.9284235514745767,1.3964375172157708
5590,1331,4078,3094,36.77714924197217,7.595616484050946,10.7886751991604,9.491938756398483,0.9234284879849737,1.4203817717513971
5591,4318,3514,4001,33.6221653448772,7.425937037832707,10.810513580698352,9.139545269483216,0.9087754151693421,1.4557777053080763
5592,3516,4079,3097,46.02250689891494,8.813760663336438,11.468828052945305,10.497407124218787,0.9521639166178814,1.3012411490424787
5593,3517,241,4214,42.325796682937934,8.82691760633539,11.240759179946412,10.035063793452442,0.9613825754623908,1.2734637028761344
5594,2767,4476,3383,48.82989436079119,10.083467423148763,11.35524366136898,10.659243421082424,0.9900922497414538,1.126124891850256
5595,3523,4014,4081,28.296745550923482,7.974142410510599,8.23134018785547,8.086010634345813,0.9992871294123813,1.0322539734186162
5596,4014,3402,4081,32.62332339494333,8.052549304671373,10.844579772216537,9.014550295983872,0.908392460507113,1.3467262803253468
5597,2889,3786,4082,36.11975163858218,8.257548278281945,10.203103558415831,9.237081357926149,0.9704537817597183,1.2356093133903756
5598,4082,3786,4213,58.69890901514165,10.203103558415831,12.875917982222585,11.802089094553667,0.9640263740532933,1.2619609228215796
5599,3106,1652,4083,41.40182893480317,8.579192930802112,11.322054679442386,9.970945552372529,0.9497287152196567,1.3197109297766814
5600,1641,3532,4084,37.539237306781324,8.133236123121392,10.500905938872654,9.460219074969466,0.9582420764855941,1.291110423933271
5601,3531,4084,3532,48.45177420137904,10.459640319213749,10.782378937594778,10.58097506522706,0.9992586071793692,1.0308556134371254
5602,4404,2948,1339,55.17090019777511,8.48515282830038,13.728240198515586,11.948045008279076,0.856531205841423,1.6179131332470558
5603,3536,4339,4248,72.09399915850955,11.096787319913753,14.195669462752074,13.118627789222602,0.9560638556652274,1.2792593976526176
5604,4248,4086,3536,44.43470466851172,8.992745926847508,11.096787319913753,10.243421098651147,0.9704298395981228,1.2339709595024482
5605,3113,1155,4086,43.2237673193861,9.06064317997547,11.886442007297193,10.229875036628115,0.9408205858591112,1.3118761848570417
5606,4249,4087,3542,47.16697716134521,9.546657772883906,12.00635132622064,10.601228979593694,0.9600868539820979,1.257649704415213
5607,3111,1162,4087,39.675009733065124,8.501368736261057,11.29570637549953,9.790980030651019,0.9427674736483044,1.328692675959311
5608,3128,4088,3551,61.33717763188077,10.399966308833203,13.94510937332335,12.168948428892614,0.9432282989967405,1.3408802451099366
5609,4010,213,4250,27.740282507601563,7.637443407080033,8.504469637253829,8.028643142076172,0.9918786385644347,1.1135230971885237
5610,4251,4089,3561,38.32158113970815,8.11501303788963,10.368035033558005,9.55919610190711,0.9575208804381958,1.2776362755239996
5611,4011,1138,4089,40.721800878686565,8.971821295820176,11.818447532486836,9.991974480951347,0.9263932137195822,1.3172852136491904
5612,4182,3936,4305,75.51970043096634,11.313070080950265,14.841678114730762,13.450823470321216,0.9515847743916303,1.311905434027339
5613,3936,1105,4090,45.410948171430476,8.209162290926596,13.21277574136987,10.84308344325889,0.8611598163190418,1.609515718305832
5614,4091,3569,4252,47.51491743284373,9.937483998149627,11.766029300301328,10.583589496047397,0.9735394916123213,1.1840048550007405
5615,4061,276,4091,37.6927294303418,8.25423682782309,10.764601775123092,9.50093261899058,0.9532343235460614,1.304130472588108
5616,3176,4092,294,47.621916149651334,8.171741624473205,13.073889654971374,11.038619830097483,0.871444399459495,1.5998902383081879
5617,4219,4017,285,27.745378402460105,7.338026880078917,9.092655189455593,8.110548381244657,0.9662092295790781,1.2391144565223788
5618,4253,4094,3589,28.33969550944196,7.079123571978168,8.755713861107315,8.195742736106743,0.9653964976244087,1.2368358557499577
5619,3187,438,4094,36.606391647965395,8.511106687855959,11.72321526099227,9.617892491450398,0.8924942406222692,1.3774019867145475
5620,404,3199,4095,33.024726953464615,7.141796299065888,10.77039508100405,9.100537322211098,0.8966724839859259,1.5080792884575502
5621,4254,3199,3594,50.11905569935766,9.66831371356401,11.734031487948256,10.859449142446287,0.9751962078076213,1.2136585381467484
5622,3980,4197,4255,86.15609279167894,12.834488259810229,15.489432632588079,14.22970314978143,0.9769260019329469,1.206860166064549
5623,3849,3546,4096,53.71267475085323,10.674853875252362,11.724591745901538,11.16296138988539,0.9939585670767173,1.098337446387233
5624,2981,4097,1525,38.606825505940996,8.857432584844416,10.088235426996066,9.48244495603849,0.9887901919207696,1.1389570657593968
5625,3214,4097,3607,34.618951890594566,8.046606205865038,9.934810637516412,9.040286949022297,0.971128429090824,1.2346584862417018
5626,4297,4416,4162,75.74709153637222,11.84276703761348,14.684484375979237,13.377388493498927,0.9700771046353582,1.2399538325241268
5627,3225,4099,1077,44.63054850026794,8.146810413449428,12.881153056420255,10.690096055406132,0.8729120665962666,1.5811283683679422
5628,3223,3617,4099,56.55521532582054,10.050223148155231,14.2545841716643,11.87813484361194,0.9058306143636526,1.418335091821399
5629,4100,3626,4101,35.02649255107292,7.598044105613332,10.30127205515958,9.198685954090587,0.9410461565291638,1.355779449549278
5630,3635,1201,4100,53.39356905425366,10.37044422273768,12.020792701987107,11.166727684567249,0.9852638317682687,1.1591396129040414
5631,4105,4101,3628,43.185664762306715,8.94799405946245,11.029582283131106,10.09454387633457,0.9716367040060032,1.2326318289703588
5632,4100,4101,3638,54.14721126563065,10.30127205515958,13.513318367830667,11.494028151347086,0.931982439664575,1.3118106477988098
5633,1404,3673,4102,57.593571570425716,11.386618264360576,11.793068298077117,11.537214563107971,0.9989955201276746,1.035695412305926
5634,4502,4503,3673,53.04097343987091,9.463340198072906,13.285491776922186,11.399587465020796,0.925265983216347,1.4038903282402988
5635,1181,3238,4103,65.46980060022666,10.525610254121453,15.058940113730781,12.730235290990061,0.9136166074374397,1.4306952043786951
5636,4103,3238,3239,65.57974387702996,10.525610254121453,13.862029925321687,12.540097997646088,0.9504281899864709,1.316981114695351
5637,3632,4028,4222,37.657043343732326,7.798936106551719,10.427667911680032,9.542713994352425,0.9393126741315366,1.3370628723217737
5638,4101,4105,3638,43.96626703391812,9.38248546384558,10.667494031051007,10.11867826043558,0.9888521268007825,1.1369582262777889
5639,3628,1188,4105,42.06246808059707,8.94799405946245,12.416128243158308,10.26764703780703,0.9013330595286574,1.3875878951918086
5640,4106,4388,4378,52.93592129450019,10.880947238529851,11.356584400545737,11.062750680360821,0.9985447866602373,1.043712845176901
5641,4389,4164,4378,65.79378657419701,11.752602354373217,13.149955726282485,12.368930549801442,0.9909658791418513,1.1188973581999313
5642,1604,4115,1603,22.03150934362797,6.031758115115058,8.000000000000014,7.281571677957703,0.9455743526088586,1.326313132476701
5643,3671,4269,4115,21.00739646736269,6.17162521245185,7.817608979921716,7.061389867138911,0.9640490616098701,1.2667018347369725
5644,4342,4259,4108,58.76910544393456,10.514766807177635,12.406296455969505,11.740594848980912,0.9792682129133837,1.17989268649312
5645,4108,3653,3253,104.2131774849203,14.772035306904932,17.340248285931015,15.660506459941507,0.9757006129138832,1.1738564067624193
5646,4260,4109,3254,72.8019768090682,12.23939998020825,14.925835087294448,13.163658397756166,0.9616393473434265,1.2194907521145077
5647,4166,4379,3894,28.324572085798266,7.190795061206952,8.928020641953262,8.18171883107904,0.9694600130377563,1.241590194958876
5648,4261,3657,3892,43.43955129244203,9.188322715740739,11.807849502515678,10.228459483487105,0.9472092867725153,1.2850930325169536
5649,4412,4110,4261,76.56328485240356,12.48902705480564,14.623538804573855,13.393263472184275,0.9812606490887918,1.1709109717195207
5650,3655,4109,4262,64.0942747429497,11.306969603000994,13.658776587147885,12.295998177401506,0.9726391618629701,1.2079962241627231
5651,3657,4263,3891,58.45164871879403,10.150465696003597,13.530925873696937,11.864984947990019,0.9460671678648873,1.3330349837076227
5652,4264,3653,3889,34.75056842487165,7.866672667450429,9.930520905826503,9.079878797466634,0.9643494042351995,1.262353389497896
5653,4267,4260,4266,27.388871397164486,7.035359452642808,9.081205268033994,8.084283597284804,0.9575701577730622,1.2907947815832879
5654,4389,4393,3666,55.900436344302584,10.349569784345752,13.259666475632738,11.578147996297057,0.9522672997986004,1.2811804501950077
5655,4113,4388,3896,48.008510913780356,10.097537539398907,11.2061982830047,10.562024849784324,0.9918904830439198,1.1097951593920778
5656,3261,4114,3668,46.30530991549794,9.86831195494187,11.0310339167029,10.376276254372202,0.9910505820326948,1.1178237946945688
5657,3897,4114,3669,32.603244273682286,7.67323879288824,9.804154030280475,8.80654701214973,0.9613475379490268,1.277707405556989
5658,3671,3264,4269,35.46623288177066,7.194935409043169,11.515312047707058,9.54904573286999,0.8679176082916458,1.6004746940790733
5659,4107,1603,4115,26.781429435507523,7.147274249327686,8.974902129024443,7.978377765703389,0.9630075585491361,1.2557097735362084
5660,3273,3958,4116,105.02255846476916,14.537850542777777,17.670705832005435,15.767142729704156,0.9683521880806316,1.215496457334542
5661,3276,4484,3958,72.07094243418237,11.303453398578723,16.283970265283383,13.464536491141095,0.896555084583124,1.4406190472135623
5662,3272,4116,4513,89.12407313228279,12.65765017215788,16.41133134598669,14.590954432125868,0.9562024577716511,1.2965543464051101
5663,3270,4117,4501,66.88684511030579,11.219140745781157,14.136851456995252,12.606151156669588,0.9633559729461179,1.2600654343614746
5664,3282,4118,3686,43.12759284647896,7.961350290546811,11.74069590692586,10.35620284333437,0.9042778980588936,1.47471163539514
5665,3905,982,4118,50.100861927919375,9.388117194031121,13.17436897748529,11.121610584453103,0.9173277775510948,1.403302569109537
5666,928,4175,927,22.201806063323755,6.588992202392413,8.000000000000025,7.23421341260223,0.9734197326315314,1.2141462236205538
5667,3911,4302,4175,23.3393485358173,6.005346914782789,8.71133086766055,7.586999994816078,0.9153026894206877,1.4505957759437174
5668,4270,935,2990,40.20853055271681,7.916581181863879,11.602797051221454,9.978891684549389,0.9109129371078628,1.4656322956432681
5669,3696,4120,4347,34.47792271241528,8.289679025509626,9.799808031511628,8.989892230828886,0.9805316938639626,1.1821697801995612
5670,4130,3699,3290,57.48496631584151,9.630623983119758,14.194712201252717,11.973892729962989,0.9040023875175537,1.47391407100233
5671,4067,999,4121,32.570806334047155,7.974015120539386,9.641672560991607,8.756253611408951,0.9750876527000949,1.2091364783290524
5672,4374,4225,4325,60.36605674893649,10.820081038137145,12.656780489391094,11.880631327787802,0.9834736088263708,1.1697491400277134
5673,688,3315,4123,52.33360840270315,9.716818296391631,13.756658222122477,11.435846990432987,0.9040959455767452,1.4157574838289455
5674,4271,4123,3315,62.5790493497136,10.834064452784855,14.312193779382753,12.314064766639016,0.9397442731125757,1.3210364255959228
5675,4271,4124,3722,40.7391317707974,7.968678216739252,11.006069339157062,9.972223239979366,0.9273553037630649,1.3811662411009862
5676,3724,648,4124,37.58619445955712,8.557127087845624,10.830118912089736,9.482984789186183,0.9551566453718588,1.2656255774759528
5677,4125,3723,4430,64.84303576819599,11.478124850861729,13.71974099373405,12.3617708502857,0.973889957488926,1.195294629741201
5678,3717,829,4125,57.77027120343401,10.557815159104404,12.300830528869264,11.621999174849387,0.9835111468314843,1.165092430914723
5679,3730,4497,3320,63.45440192424483,10.996891567659574,13.576526613426424,12.245906376075117,0.9699951311380004,1.2345785652150305
5680,3917,3724,4272,37.472359408515224,8.912117626480024,10.270473483593678,9.372109196105926,0.9807192885419517,1.1524167334907762
5681,4303,3727,3919,29.896856214643908,7.245272490525026,10.648044471112536,8.720757542336619,0.884230932119585,1.4696541068727877
5682,4126,4460,4272,63.220787442173396,10.430342971871074,13.732712333496957,12.307177445575514,0.9518606515045566,1.3166117711116339
5683,4127,4128,3728,73.98186251179935,11.50694618662394,14.378512787707754,13.236198193894957,0.9666764942920139,1.2495507108933748
5684,3729,3319,4274,41.04482618458173,9.171562939339996,10.953380550160965,9.840168753689943,0.972624430785296,1.1942763324643544
5685,636,3318,4129,40.2008218634879,8.427703179557026,11.968222528433293,10.003799696436397,0.9080522143055128,1.4201048937585343
5686,4496,4129,3318,42.48947199002058,9.054763673512115,11.685435496511253,10.11855751711408,0.9465594182322642,1.2905290428169471
5687,3742,4130,3743,100.1848666478411,14.338415819312406,17.366870131604358,15.416087730450633,0.9657777441321703,1.21121261584651
5688,4121,3699,4130,46.74012245449891,8.025385313504245,12.584216466985309,10.901981262002012,0.8773588080795593,1.568051373908485
5689,4132,4131,3745,46.661686255288316,10.099384175186572,10.67030289297367,10.38862330434287,0.9979875599138397,1.0565300525144694
5690,4276,3335,732,60.04672132783923,10.497781583047407,13.591988551899263,11.985854824081633,0.9546244301693737,1.2947486518340798
5691,4132,3747,4276,62.90848929976741,9.980236305006532,13.631266923137847,12.366431447975328,0.9326091006329406,1.365826069298559
5692,3745,572,4132,57.570344779631874,10.39618284486837,13.034075651155833,11.684236887715969,0.9656455124834799,1.2537366690880725
5693,3348,4133,3757,69.4242292856863,9.500667406199069,16.506376206745276,13.578496961045309,0.8297850845940299,1.7373912274810366
5694,4277,4134,3758,37.36883378029629,7.968188541854742,10.867465038358647,9.512444661379467,0.9390041685475686,1.3638564124424
5695,3764,4193,4481,51.89813307119851,10.63042762694763,11.473902324492048,10.96652586449983,0.9954789241724572,1.079345321481353
5696,3348,583,4135,47.82700757182542,7.48976988370252,14.570765241010621,11.613556390927663,0.7674955870987997,1.945422284964469
5697,3765,3762,4136,42.6074733688211,9.128675626768583,11.263801779270691,10.048501907905015,0.9668085069058355,1.2338922139199628
5698,4193,3762,3965,73.90800089059027,12.1050671564721,14.099509521300766,13.14036597263902,0.9847009184400968,1.1647609500259828
5699,3944,4186,3361,44.96290633455739,9.513108096204261,10.910245317264431,10.237776167029836,0.9876223475133694,1.146864432415903
5700,4284,3456,3930,27.839027377784447,7.3306440261545385,8.737298230320514,8.07951182412241,0.9798672508681305,1.1918868518437484
5701,4278,3770,3362,54.102738113535935,10.005741781190416,13.284355591000951,11.44811709139538,0.9399408044139881,1.3276732381774965
5702,4279,3774,4047,41.614314707264796,9.053977808819207,10.447412322572072,9.85416064290879,0.9861942959045202,1.1539030184495882
5703,3375,3781,4139,42.91284692531083,8.252870066624602,11.251052553028995,10.21051265154046,0.9334077771022888,1.3632896752524106
5704,3596,3595,4140,52.41890696486063,10.349245528967693,11.702211122182897,11.044044237806533,0.9900194381565312,1.1307308430772305
5705,3544,4140,3595,59.72530362594621,11.220254823901527,12.40197679257637,11.774814246220265,0.9931456010367633,1.1053204216144472
5706,1295,3484,4141,36.08741751880929,8.456197527129417,9.710714967834184,9.173295445406652,0.9871194910838563,1.1483547938278391
5707,4141,3484,4189,33.40754539782874,7.894089374237243,9.352973841256354,8.85741281756393,0.9776164136642223,1.184807189006531
5708,3796,4142,1102,43.25305763030554,8.556517059589615,11.134870695930406,10.174668925401392,0.9526967761645619,1.3013321446547146
5709,4280,4142,3401,31.994451155138364,8.177192246354434,9.079442726814575,8.619644393958723,0.9926636314049095,1.1103374426426607
5710,4349,4437,4422,73.33781695754381,12.603848066380781,13.347245512183047,13.025114460623788,0.9977367164712948,1.0589817841255313
5711,4308,3854,3559,71.37487311143656,11.679448314115888,15.006538982083237,13.088183118168146,0.9512792267975531,1.2848671083159122
5712,4448,3802,4281,90.89140125753269,13.523912521522343,15.840765552194142,14.58542475640789,0.9824789644632133,1.1713152925963322
5713,4143,3534,4144,39.14714085666751,8.007548665941773,11.290248724192008,9.785558606082457,0.9263854816115167,1.4099506846848684
5714,3419,2947,4145,62.218275467496284,11.097445565519,14.315591358571515,12.279827748510462,0.9398406536279329,1.2899897795445516
5715,1097,4482,2947,34.51687016768566,7.207356771283343,11.872977369464117,9.553492338393092,0.8399929958661794,1.647341424358269
5716,4282,4146,3425,48.49234359888194,9.542551068380728,11.8884970664926,10.713361255415657,0.9679748957658407,1.245840549482116
5717,3424,4146,2955,49.61995205793454,10.296553813184426,11.630610020049923,10.760852113892554,0.9863792790676914,1.129563369557422
5718,741,4147,2975,40.139849748827956,8.566067770749838,10.819681333145306,9.758574307638566,0.9647618232828344,1.2630861233774942
5719,3363,3771,4285,39.70318944449332,8.732855073943483,11.166372802066602,9.755552164191686,0.9527965946726337,1.2786623283585787
5720,3816,4307,4186,50.83282859544448,10.311034182585349,12.092088089698901,10.934691575203713,0.9763368719129407,1.1727328098787253
5721,4286,3461,4068,24.321015214709245,7.249222426023972,8.050323121760737,7.52359401994821,0.9898438916102672,1.1105084998993677
5722,3790,4149,3820,59.57204040828843,10.978670543923695,12.803419828603943,11.80445749509043,0.9832796606863413,1.1662085839428147
5723,3022,3465,4150,82.50479240787837,12.942171883285567,15.149689968663967,13.900336080941754,0.9817735857761114,1.17056782318193
5724,3102,4295,4003,46.39840434413077,9.802411331264446,11.335126057846054,10.41812991760419,0.9832820674262984,1.1563609886164508
5725,2936,1692,4290,31.2765953337677,8.08026143186025,8.77065002178732,8.515161263645128,0.9948583477793848,1.085441367924667
5726,4291,3479,3989,46.25804782382722,9.574278072244399,10.929027555759,10.383136287213352,0.9877799286957881,1.1414988653235367
5727,3065,4152,3826,42.702019631835,8.897684767944465,11.003859032817402,10.041320722468463,0.9707851366238701,1.236710371271054
5728,4020,4153,3193,44.21100663342346,9.545003597882824,11.742972844398789,10.279925344489788,0.9564748898097871,1.2302743235218367
5729,3486,4153,3829,58.1070893592832,10.424746266176896,15.03204741949914,12.203305121243554,0.877018507120638,1.4419581096444178
5730,4360,3968,4195,25.5796129226179,7.535090064587003,7.795659526380039,7.688323111468975,0.9991695917209702,1.0345808025596994
5731,4385,4391,4366,48.69657323753388,9.816249481723885,13.538066920476119,11.09813054100303,0.8914939956590934,1.379148619407198
5732,4211,4317,3512,73.62851161782297,12.608864316499144,14.006159805736466,13.090463730640096,0.9898585180823386,1.110818504677611
5733,4367,4154,4365,47.63891768614161,9.519355851948847,11.130024468060912,10.562038206563372,0.9814068196239207,1.1691993283119384
5734,1660,3103,4156,35.24320726359177,7.722830534193448,11.056644513239705,9.342014552559062,0.9131666032788509,1.4316829126685522
5735,4157,3842,4294,49.12831743714737,9.72070660590637,11.981984146618236,10.777193583659601,0.9696256352271917,1.2326248113833513
5736,4294,4156,3103,47.001227025819446,9.246568610244033,11.877027183567263,10.584517863023814,0.9589916230829731,1.2844794306083462
5737,4003,4295,3465,47.80999496745776,9.734095573046348,12.247217005162012,10.699388313970145,0.9543059957215014,1.2581771889598539
5738,4018,4158,3173,37.11374268645385,8.379092026900489,10.173820281021763,9.344353283441777,0.9755018313730783,1.2141912570430573
5739,3570,3860,4158,63.107640846384655,10.672546609353518,13.694125698547866,12.259546999222401,0.9598964552970563,1.283116972901876
5740,70,4159,69,27.55643146695154,7.007448105549396,11.166650695075399,8.697523814184253,0.8072560356078059,1.5935402627144983
5741,4160,4478,4296,74.12156289890423,12.100583750496584,13.991003238469778,13.152324382512562,0.9860282014160192,1.1562254786175596
5742,4463,4355,4464,73.12629267554907,11.386764272339455,15.846831516953124,13.4163429902383,0.920847727091708,1.3916887307000807
5743,4416,4443,4298,79.59817376590155,12.512589537496947,16.602406466083416,13.990389500814743,0.9229879084706609,1.3268561568594863
5744,3619,4398,3618,46.12090188624615,9.322939870845184,11.342535485513993,10.418619615240916,0.9750048926228632,1.2166264764813635
5745,4298,3616,4098,58.87398721224079,10.11946932620042,14.094223213430597,12.016461702605076,0.9246409775181881,1.3927828386157663
5746,4420,3021,4319,83.47628202403124,13.457092439728948,14.447687280009179,13.902988252954813,0.996478399417215,1.073611357335685
5747,3241,3242,4163,62.67711801223827,11.17237104101853,13.62582920193417,12.17800339801966,0.9688217915548664,1.2196004905232694
5748,3957,4163,3242,51.09911155325945,9.31166362104449,13.138519052706311,11.20751790492311,0.9215810602392723,1.4109744066584486
5749,4257,4340,3649,46.26535953640432,9.769446224283818,10.98704792094227,10.372605057953484,0.9907934151757027,1.12463364541911
5750,4164,4340,4378,56.250422443147436,11.077007032147353,11.752602354373217,11.407632750287526,0.9976540006237337,1.0609907821007218
5751,1379,3675,4165,46.01282484029612,8.710683203477236,12.761998019341963,10.716888328226588,0.9036813922593457,1.4650972514127794
5752,4261,4165,3675,55.767897054826506,10.445435212253019,14.917571014786907,12.013663329633497,0.8669635954875955,1.4281426012089806
5753,1375,3891,4166,27.089938555861764,7.166554808846898,8.91375763331252,8.008575255759338,0.9677248566939051,1.2437995481885873
5754,4379,4262,4344,60.89813425840341,11.16957716286835,12.560608952363799,11.899788611969882,0.9908993460170522,1.124537551351517
5755,3895,3260,4167,39.49780841737699,8.628994116295758,11.823412583996557,9.892871364232478,0.9140655089872474,1.3701959260428949
5756,4114,4167,3260,56.27041988624908,11.139276023762672,11.823412583996557,11.411402899076608,0.9972608063644008,1.0614166090125123
5757,4299,4168,3275,78.84528058077977,12.262337445155593,15.150838513187708,13.652487144129497,0.9696386793618332,1.2355587652803715
5758,3276,4168,4484,58.76894803198453,10.114505140752156,12.80618580956118,11.822808367175755,0.9608634007747795,1.2661208463836777
5759,4170,3279,3683,43.170905344002165,8.776976243159275,12.802845546476838,10.478130959177522,0.8847428073743813,1.4586852227673857
5760,1219,4169,3903,43.841378861897944,9.533897017168377,11.025013822206214,10.12766925344004,0.9831142004788861,1.156401606011967
5761,3902,3280,4170,49.792019493253086,9.829052536738478,13.848101857686045,11.272069430686683,0.8818668897017966,1.4088948864527269
5762,3280,4171,4300,39.36616986147243,7.9852837644804495,11.427679009495048,9.838940338589962,0.920026426328836,1.431092412811528
5763,3904,3681,4171,35.800877340205815,7.936693740487191,10.604603035080464,9.289064042877753,0.9451824315735868,1.3361487014401925
5764,4300,4171,4371,23.668932216098245,6.8986187334880755,7.9852837644804495,7.433558270583095,0.985687810109906,1.1575192184077892
5765,3286,4172,3692,27.454435770775895,6.993201386592877,9.316996174987327,8.13572031237255,0.9450386381868372,1.3322934175540189
5766,4405,3691,3908,61.1857600628248,11.240596352561836,13.517195193288066,12.037643320223076,0.9678145945668267,1.2025336351667295
5767,4405,3909,4172,33.5522437128934,7.449482031017511,10.182059513242832,9.012072067223095,0.9387753702811864,1.36681442694239
5768,3290,1002,4173,39.402266179364034,8.583433021415603,11.677517408363794,9.847733249028417,0.9216306933640175,1.3604716643362247
5769,3696,4347,3288,40.24669096400149,9.325991376989698,9.820533104386401,9.648777504295909,0.9977958073947132,1.0530283277568646
5770,4394,4382,4390,67.8654458019524,11.840942579733206,12.961286204806612,12.54832367104647,0.9937580941920394,1.0946160846173658
5771,3911,3695,4302,35.31694579670453,8.111262434757956,11.740808020719813,9.52113377437944,0.8753482525531444,1.4474698747766708
5772,4119,927,4175,25.235105600134723,7.113648035414253,8.577354968067155,7.715775005308351,0.9725329225137347,1.2057603813635496
5773,3713,4176,3915,56.70119092161533,10.840145598428851,12.217119622863464,11.48575502995387,0.9901962970167059,1.12702541787208
5774,4177,3729,4274,33.62653841401764,7.3885374092861245,11.049420673899121,9.203173674175082,0.8933033085282814,1.4954814548291917
5775,4179,4178,3323,49.31234202708153,9.771964512967747,11.66244082405348,10.75482292417602,0.9795060658826711,1.1934591871037807
5776,3767,4178,3921,35.82953113578712,7.900675613860125,10.439784582924828,9.270907285058714,0.9506028756777835,1.321378714069763
5777,4179,3323,4304,44.823987249164546,9.368671894965512,11.66244082405348,10.32470378354056,0.9625037918961455,1.2448339481629815
5778,4179,3322,3733,52.68022456004156,10.702642745306658,11.511782971303086,11.046135187301084,0.9961197091957864,1.0756019092902316
5779,992,4180,2989,34.96796990729917,8.698548738039296,9.50819099989277,9.008384406745506,0.9935626083209811,1.0930778554257974
5780,3740,3923,4180,26.662648069383355,7.534301439845377,8.292346570405558,7.866554737614574,0.9934162077399583,1.100612530121404
5781,4479,4181,3747,71.81045357291202,10.032238466632743,16.12152781825879,13.56909301583198,0.8692474258773717,1.6069721500220557
5782,3339,4181,3751,120.29984118764565,15.636258833156322,17.35827797165668,16.719163492135014,0.9917802397464491,1.110129869099433
5783,4305,3936,4090,63.82154344381973,11.107312297480199,14.841678114730762,12.52269224302181,0.9237809134891244,1.3362078707463496
5784,3472,1243,4182,53.37316057818113,10.128571290144347,12.195047996017342,11.197931157399795,0.9774165129541109,1.2040245012525892
5785,3808,3940,4183,79.74425318269871,11.698503863472322,16.354010457675802,13.981318006591701,0.9249994993506767,1.3979574352870832
5786,3940,3693,4444,51.76109410409245,10.726509224620067,11.167323222304747,10.937785388847274,0.9989088479206544,1.0410957552409408
5787,895,896,4184,30.58525231547122,8.000000000000023,9.485357236532284,8.498529767577006,0.9714170016739957,1.1856696545665322
5788,2991,4184,896,29.782399366330225,8.010232066198709,8.486260474309088,8.301017639075447,0.9975239315876752,1.059427542694937
5789,3941,3705,4185,30.294342552591498,7.391944255594732,9.194784176755341,8.46502910138331,0.9682305952155883,1.2438925212126832
5790,3294,4185,3705,34.774000406472496,7.391944255594732,10.697743355552754,9.258516312364364,0.9164045302592935,1.4472164542442223
5791,4307,3816,4148,59.4569035295133,11.103539012021951,12.092088089698901,11.743278105935739,0.9942079763835489,1.0890300900106384
5792,4137,3361,4186,61.18320105223539,10.28997508762081,14.336420475626413,12.245097705128098,0.9254385129656151,1.393241514537155
5793,1305,3081,4187,50.04165057813503,8.891973583447276,12.130944077267431,11.031971275630598,0.9320253191107506,1.3642577728581664
5794,4188,3498,3992,72.23773170698384,11.426701321564034,15.841195934434388,13.35034179371796,0.9184402121365115,1.3863314957344242
5795,4187,3081,4188,51.43550872937188,9.454470383238865,12.07299616617709,11.066307975431727,0.9595777233863332,1.276961656951236
5796,3081,3498,4188,64.6505365963993,11.426701321564034,14.192895215782498,12.430351304741919,0.9566054965436213,1.2420815786090609
5797,3485,4189,3062,34.34206395247122,7.836553166176632,9.730442539164763,9.015309685126695,0.9674133914373768,1.2416737732556133
5798,4141,4189,3946,44.32939860775636,9.325175237198192,12.245748578106124,10.404429078398115,0.9309794966684503,1.31319232793157
5799,3946,3945,4407,46.533721421804096,9.319125051427925,11.692652646185874,10.503405398143764,0.9658868095811808,1.2546942531256478
5800,4231,4408,2885,51.13575123999829,10.746295311196851,11.02521653878714,10.868937345102843,0.9995397954291337,1.0259551054119713
5801,4308,4191,4418,86.08031329271932,12.42593537886272,15.63654651703417,14.284388157767586,0.9655352337207519,1.2583798354233273
5802,4458,3110,4143,79.83804424612978,12.800263578876683,15.795987330090718,13.817505416705004,0.9559153003000528,1.2340360987689076
5803,3136,3952,4192,46.12410379414488,9.372695493512794,12.03297791829943,10.516088452814762,0.9524458804189277,1.2838332288324017
5804,4191,4192,3952,51.823681099755476,10.142591946632061,13.41780439744561,11.29379664786967,0.9219696455123748,1.3229167128133468
5805,4136,4193,3351,49.451373484247895,10.415292100537892,11.090735453801281,10.69831467085229,0.9970934639026258,1.064851119559912
5806,3965,4277,4481,68.00731737787834,11.713892424733688,13.227140246555244,12.57925744712565,0.9899973641570753,1.1291840292665107
5807,4309,4357,4194,48.66455059591273,9.197557494908288,12.67059694604652,10.894125308568716,0.9311529645641422,1.3776045382766986
5808,3377,3967,4194,61.32831953721043,11.126466840758477,12.614345334875969,11.94782603789202,0.9895214449252759,1.1337242554543097
5809,1315,4000,4195,21.97069598264203,6.761689249417201,7.36266866394991,7.137734292237251,0.9945174175791202,1.0888800701074082
5810,4000,3093,4310,34.80081778088245,7.3087644367857205,11.352236577617566,9.41692372276741,0.8791348715602524,1.5532360737309658
5811,2825,4196,3387,42.49350118651364,9.040173654164343,11.93441809030623,10.175337872170637,0.9334745149668683,1.3201536327577796
5812,3295,4196,3974,72.63480833083412,12.247930600119119,14.002239469991233,13.015851042219317,0.9870180530563379,1.1432330837876443
5813,4447,4466,3541,70.13572402193923,11.781562540086766,14.141440533820582,12.84395040533866,0.9761856054846375,1.2003026326689972
5814,3980,3602,4197,70.73251032872554,10.663197774414614,14.365188556945986,13.086974052474465,0.9376644010684415,1.3471745400253163
5815,4198,3389,321,60.47121017991238,10.411647761815662,14.373145262444234,12.187621334170162,0.9233968138319971,1.3804870843938095
5816,4335,4311,4198,65.18021345610654,10.830092875935952,13.50540346375762,12.419818625166412,0.967573828177608,1.2470256366652317
5817,4351,4353,4288,27.72115816114701,6.499848131940756,9.46952077535458,8.275628084842316,0.9129289467343298,1.4568833891396051
5818,2905,3985,4199,47.48957195217317,9.662180867278789,11.157629928989076,10.527634664814066,0.9859835494671587,1.154773449416028
5819,3858,4368,3953,91.49393633967959,12.262873906880746,16.361399601101017,14.848671324820495,0.9438831238325249,1.334222281444203
5820,3986,4200,4312,47.51093532416408,9.125199653849615,11.937598430924538,10.660897671317317,0.9540483691158803,1.308201341752393
5821,3025,3059,4201,46.40116291988924,10.119262914168184,10.670054756616201,10.359542686359996,0.998004554352572,1.0544300357763057
5822,4049,4201,3059,43.94768075178934,9.722259197842671,10.417594538662199,10.08637221689102,0.9968255879864847,1.0715199344792021
5823,1274,4202,3077,48.842082272437615,8.762892450181592,12.272044043145426,10.91961666029925,0.927492830089394,1.4004558555196138
5824,4202,3076,4203,43.5914093271964,9.40932187983071,11.62423805176445,10.200799939561461,0.9580903407884754,1.2353959403473602
5825,4203,4429,4386,65.31406290553045,10.701412406738143,14.577802361381446,12.595948212520346,0.9359061566902617,1.3622316202114158
5826,4386,4367,4313,62.87841267699465,9.867049223485884,14.650934031801198,12.5113088147705,0.904888518819161,1.4848343917174904
5827,1272,3496,4205,38.677379804276875,8.583539075035182,11.975511469410858,9.865985203447176,0.8968275811239763,1.3951717775994132
5828,4313,4205,3496,48.00827773338348,9.038905065895491,12.236635052645331,10.768028933216945,0.942065262750856,1.3537740427007172
5829,4207,3504,3837,40.38576841408249,8.901553575898538,10.687297221664767,9.742963068865976,0.9770048117262462,1.2006103350993957
5830,3507,3994,4206,34.09146406321527,8.290600752766967,10.14203296045132,8.995817286321282,0.9649186116292857,1.2233170143992815
5831,3837,3091,4314,69.18050758168732,11.602051463062864,14.413636834278547,12.81538389074411,0.9646183451535633,1.2423351922000045
5832,4206,4207,4370,35.65505907481658,8.698694416743193,9.776322503392679,9.113088367199872,0.9888192235605402,1.123883888204565
5833,4370,4314,4424,56.42822414879858,10.34903743370822,12.179311967434353,11.49802617656146,0.9807567497516406,1.1768545669537034
5834,4208,4370,4424,45.21921271866944,9.809497060746704,10.539955850560352,10.232830115005093,0.9964010432780589,1.074464448614458
5835,4209,4316,4211,74.273508649408,12.494071069024159,13.91790187677,13.13747947062136,0.9918277461709217,1.1139605177431608
5836,4209,4211,4210,65.96994788115975,12.256087940027099,12.494071069024159,12.344443461716684,0.9997012258059909,1.019417544175726
5837,1333,3997,4210,27.37128116976896,7.727256573632145,8.24849283816848,7.959522984204599,0.9970090520347213,1.067454245833503
5838,4209,4210,3997,40.74839902425507,7.727256573632145,12.256087940027099,10.211296831423631,0.8730715197873478,1.5860852843748925
5839,4316,4209,3088,70.36583934329906,11.444904441608944,13.91790187677,12.869660399702326,0.9747155494119027,1.2160784694864082
5840,4454,4495,4506,69.84715617544231,11.022702908549949,14.612932864905044,12.950499236068978,0.9494179670806684,1.3257123036102398
5841,185,3097,4212,33.51247578422189,7.7411593075012215,11.13829198445195,9.189596849283179,0.8947539818613216,1.4388403005295203
5842,4318,3097,4079,35.79891912394702,7.904573793934383,11.468828052945305,9.490941182370511,0.8959828372706939,1.4509103655589846
5843,3383,4213,3786,60.190932787722176,9.552884546271516,14.371497663091542,12.266766730528547,0.8995402890486933,1.504414461776441
5844,4247,4214,4480,75.62838610759118,12.294361306192993,15.730193496445857,13.525811681584434,0.9421102110848458,1.279464065247712
5845,4002,4213,4214,65.70158936190616,10.267037646263287,14.791225243996163,12.723601886709538,0.9174871046261132,1.4406517004814399
5846,4480,4214,4213,73.50475354997201,12.294361306192993,14.791225243996163,13.189933238708143,0.9685588196213072,1.2030901708204584
5847,3116,3795,4215,65.43437441235193,11.094251870230673,13.13304312226891,12.38933333515664,0.9790971762897394,1.1837700528062598
5848,3795,4233,4375,68.39784451137402,12.303167644105551,13.093287459672661,12.584087412002338,0.996647696770168,1.0642208444542862
5849,4085,4249,4435,80.15375383568751,13.171115936127052,14.385271095839451,13.637929131517476,0.9937137597381611,1.0921831654660403
5850,4234,3400,4052,32.32118226348601,8.020866266630604,9.597645055003328,8.717769241004147,0.9766057238926739,1.196584600211156
5851,3129,4217,4011,53.82964018134944,9.452937290333153,13.2605995607134,11.469725974207313,0.9277422569074029,1.4028020236920509
5852,3550,1136,4217,39.22326146200949,8.699825589446691,11.481260150920093,9.779224012747017,0.9327177346072714,1.319711531326262
5853,4218,4071,4241,45.800723345971406,9.663023049539666,11.145947838991457,10.340667883509832,0.9857244106790407,1.1534638572058913
5854,4219,286,3175,48.42609149069412,8.305193162787132,13.269604382477846,11.13409055075226,0.8715618661537433,1.5977478334802162
5855,4092,4017,4219,27.499841247464587,7.900963074199464,8.06678788979188,7.970140386393538,0.999686200660914,1.0209879243878404
5856,3222,4162,4220,44.557342595365256,9.30104556195532,10.787745916569088,10.202837399096778,0.9845411629819197,1.1598422827531258
5857,4234,3615,4329,57.73364298259896,9.293574850596352,15.147744350145759,12.2938712537091,0.8499843468017529,1.6299157852237833
5858,4340,4221,3649,48.848475558461125,10.06786869724296,10.98704792094227,10.644182953168363,0.9942188053815781,1.0912982927509796
5859,4341,4164,3650,90.01382827717678,13.087782690531354,16.718525237710207,14.673754806384196,0.9552279980808062,1.2774146418098455
5860,4320,4222,3277,52.24094008626756,9.985730018226747,12.297079529705991,11.107916134413026,0.9707660462621177,1.231465251640129
5861,4256,4222,3681,51.881837306956136,9.593940784626195,13.213907613415909,11.269064485541074,0.9272805257524184,1.377318029165922
5862,4036,4322,3694,47.53304169139115,9.874920393541407,12.040218192023534,10.632873470502451,0.9624953597702429,1.2192724307831706
5863,4323,4322,4035,28.455613167957278,7.618561776529703,9.613238152942147,8.28820477789972,0.9445640109050311,1.261817969706223
5864,941,3292,4224,35.367512401847065,7.821986982734819,11.004862252319837,9.333980106620826,0.9195435379808345,1.4069139052021513
5865,4324,4224,3292,39.19194073895205,8.96383858138027,10.711262889198517,9.616730851795536,0.972305327928324,1.1949415188542112
5866,4325,3703,4122,23.16022664699324,6.907505357258415,8.073572451983438,7.369098793961727,0.9803247046631651,1.1688116091722922
5867,4031,4224,4324,34.778360690932296,7.970019106594453,10.548166951015943,9.160674879663555,0.9444064602616159,1.3234807608288306
5868,4392,4125,4430,75.64797260495688,12.393767753182921,13.71974099373405,13.258160148482048,0.9917602078905844,1.1069870976249816
5869,4326,3447,4227,31.979709465086113,7.945776046974679,10.359192203717358,8.826547023034024,0.9337828722981699,1.3037357386458905
5870,4326,4227,4040,28.761952077739625,7.9218862330672914,8.372188050652433,8.156249034043254,0.9979644900156988,1.0568427523871153
5871,3447,818,4227,33.51595803628589,7.945776046974679,10.51359492134253,9.019845095334771,0.9376963528862267,1.3231677886699988
5872,4042,3449,4228,41.3802649309993,8.500849626684273,11.681398316579092,10.043444953688535,0.9317707031762226,1.3741448007633303
5873,3449,3197,4228,37.597669782085774,8.037393639802954,10.450111663910022,9.478530740505073,0.954963107844961,1.3001866192242661
5874,3341,3339,4327,58.748035797771685,10.520354048458861,13.090512327281168,11.791240680805368,0.9681596749257703,1.2443034014809429
5875,3964,3757,4229,64.83756465972955,11.292078679707812,14.134573171379493,12.436280902381966,0.9588548418094913,1.2517246445315444
5876,3775,4230,4046,26.15097972394246,7.219206267970881,8.308485622621015,7.809480934078157,0.9869780537709129,1.1508863044241981
5877,2885,2941,4231,65.50558630931788,11.02521653878714,13.345984231558873,12.414567711143128,0.9752112354012098,1.2104963367029737
5878,4232,2941,3416,68.17502049295538,10.344890234803032,14.199925651948638,12.887892711688417,0.9297898953435915,1.372651166870405
5879,4231,4232,4050,35.66703972688822,8.128838834057952,10.127387756369075,9.184782342539497,0.9686842812990224,1.2458590904690674
5880,3416,1290,4232,49.161032780685495,10.20214206845132,11.59227890646048,10.713103736571611,0.9858638958013437,1.136259309925507
5881,4330,3400,4234,45.505865356362975,9.597645055003328,12.208047801131777,10.492887426035146,0.9419102008105714,1.2719836721579556
5882,2886,4328,4216,83.95285583558997,12.70347584215159,15.333002942043086,14.047935485546466,0.976736157057717,1.2069927264447122
5883,4329,3615,4220,64.1108988287966,10.473978130216262,15.147744350145759,12.653912323828854,0.9038304922143577,1.4462264635101922
5884,4451,4319,4216,61.384614177676134,11.344386212079385,12.7030395267418,11.947635624210918,0.9908885275201313,1.1197643741373804
5885,163,3505,4235,34.73498894470533,8.208359521328653,11.881070760694644,9.517917572640457,0.8589105166858204,1.4474354747526343
5886,4338,4337,3505,32.194126312887036,7.375917740305272,11.616976683303994,9.242399374320115,0.8396404933898828,1.574987288676459
5887,3411,4057,4236,48.70604835862919,8.843201714945904,12.01886941254773,10.864512629073879,0.9366127042305805,1.3591083636862684
5888,2848,4236,4057,40.4278675663696,8.843201714945904,11.192732780123677,9.828578667585465,0.9566711314852273,1.2656878290141034
5889,4334,4240,4332,51.67872045628124,10.077319362425687,12.359099709682118,11.058321373787287,0.9686826841077754,1.2264273131765857
5890,4331,4066,3447,38.751188247308086,8.811370321817034,10.405261442533794,9.531445688437639,0.9803726829763124,1.1808902659294969
5891,4331,4376,4387,28.739778177429653,7.287488080436791,9.081569071427985,8.244689082778061,0.9686666585520461,1.2461864734718937
5892,3468,3469,4239,42.85041344314863,9.227542165865614,10.588719364688144,9.99516733616161,0.98734346677292,1.1475124333603997
5893,3470,4239,3469,55.364740826115266,10.16924047793107,12.698713479759116,11.449130105088038,0.9675365970771034,1.248737652267878
5894,4450,4467,4305,77.62535578550752,11.472885538093873,15.984095734365685,13.77001989218653,0.9288081272299351,1.3932062410361423
5895,3138,4450,4305,91.5291836031088,13.598665636851205,16.967132391554998,14.806292144168745,0.9539918893916146,1.2477056826498873
5896,3562,4241,3138,67.11134998185867,11.034797817904291,14.410025923923817,12.683443627915189,0.9521755909490033,1.3058713137945415
5897,3474,4072,4242,28.06197042161564,7.653909546178788,8.406049762190941,8.068038339864502,0.9941083266742157,1.0982687620586866
5898,3437,4242,4072,34.177414448978716,8.176029535368324,11.099657753193268,9.227245683584178,0.9082378126177493,1.3575853297958076
5899,4243,3415,2941,100.5917907703454,14.252974473581116,18.085935097677915,15.586044270063718,0.9441288763072843,1.268923559163139
5900,2942,4074,4243,62.316382837972704,10.72610713870474,13.004049783537777,12.111914330814793,0.9744616175731193,1.2123736613270595
5901,3518,3098,4244,102.83080687854569,13.904930870243952,17.210514467160486,15.587389898152528,0.9701292284674039,1.2377274384003134
5902,3098,3517,4247,70.97921416660222,10.352933144428915,16.047664088682755,13.41995067266148,0.8832031720126546,1.5500596656821133
5903,3509,4077,4336,73.19993307610639,11.746004506506601,15.748535278613847,13.37908868922856,0.9291355183146648,1.3407567883947327
5904,3096,4245,4076,56.3964698949904,10.310142244313967,12.59718331594024,11.526010936980038,0.9739096863523059,1.2218243955739383
5905,4337,4053,4235,18.87826298366382,6.439677948897937,6.691556367513607,6.605927323891522,0.9987487759808767,1.0391135116716164
5906,4247,4244,3098,115.64912765602635,15.870105653911523,17.210514467160486,16.37609473658492,0.9946015630377113,1.0844612406798055
5907,4080,4246,4247,62.7487466329311,9.706361264195019,13.836471875622356,12.442401347776789,0.9139441407072364,1.4255055523909415
5908,4338,4246,4337,25.69634257109378,7.375917740305272,7.902788849913353,7.714335295121248,0.9962174966596369,1.0714312615946116
5909,3112,4339,3536,76.52482266729682,12.29615719451025,14.063426585001984,13.356817883698204,0.987366218855853,1.1437253413839528
5910,3538,3113,4248,88.87932085923197,13.264058698947013,16.089562940842814,14.482235139112596,0.9721351054904375,1.213019582167569
5911,3542,4215,4411,67.62944472940757,11.714729780789403,13.557984338377484,12.5680916943342,0.9851828424069533,1.157345034164661
5912,4085,3111,4249,74.02279007214179,12.016309521099538,14.099554372083368,13.157754751922942,0.9831975012412663,1.1733681083468965
5913,3133,4250,214,42.309608881287325,8.315953988098006,13.154556628042897,10.548686409985875,0.8478342480879855,1.5818457686117573
5914,4010,4250,4088,30.587751419252132,7.944016381894652,9.64061390297238,8.526126820837913,0.9634882586722449,1.2135692374633658
5915,4192,4251,3561,61.43646358860061,10.194540234273695,13.486319918772935,12.142046934627222,0.9495654980975718,1.3228963355730736
5916,4509,3560,3855,52.625403822035736,9.885447334468513,13.64490661593419,11.420955422755254,0.9135717032472874,1.3803023934341565
5917,4015,4252,3569,67.12441294957377,11.766029300301328,13.728597979567764,12.54313130027541,0.9807771404171949,1.1667995743658546
5918,3429,4252,2963,66.17741580413677,11.661355187408597,13.068527292944273,12.402416707059446,0.9914203559651417,1.1206696891502863
5919,3197,4253,3589,34.360376020172694,8.434714908319325,9.685399127303942,8.957501603619336,0.9855103905551712,1.1482781851643904
5920,3199,4254,4095,33.46017602927276,7.169864663673387,11.176002225826599,9.245095825354447,0.8765373929063014,1.558746608210136
5921,3594,3593,4254,38.76735793240267,9.283787981189493,9.66831371356401,9.46595298203403,0.998887247948799,1.0414190557942113
5922,3980,4255,4096,60.42249292017946,11.137023927956477,12.834488259810229,11.878917481636199,0.9853686554691652,1.1524163315832274
5923,4197,4466,4447,78.61895652579861,11.781562540086766,16.381600693383792,13.900993962769126,0.9224360530357307,1.3904438089298763
5924,4222,4256,4104,40.583271886956645,8.308410850691171,10.999345058581117,9.868200693528339,0.9497664098889909,1.323880734384493
5925,3681,1178,4256,44.43999418516239,9.349910274584856,12.458949196770323,10.467600085327124,0.9199240168921325,1.3325207227535145
5926,3250,4257,3645,34.59113054977972,7.131214004039836,11.538234478880407,9.47035428673206,0.8593332008274899,1.6179902148980512
5927,4257,4106,4340,47.246115980680656,9.769446224283818,11.34545435517246,10.507073642360224,0.9845926336902582,1.1613201091143912
5928,3648,4258,3257,92.64846840363316,13.222154449274726,17.309910616549136,14.958905138553247,0.94363656734417,1.3091596141125577
5929,4221,4341,3251,56.878651178386654,10.8611263037669,12.442180034297909,11.522484461446032,0.9860227157038184,1.1455699608228165
5930,3893,4259,3660,22.560369592949506,6.329942033773045,7.850694580667006,7.3100021685981895,0.9662977763470868,1.240247468109514
5931,4342,4108,3252,60.59988389287312,11.236365845107542,12.300721283795594,11.855212980632322,0.9943128230318387,1.094724170907223
5932,3254,4265,4266,37.241145113766216,7.72857721099466,10.389322178539517,9.498289058082598,0.9370396384645739,1.3442735829512948
5933,3258,4260,3663,56.10226791742789,9.972436487432477,14.06091036036597,11.796551029528814,0.9121466197606898,1.4099774290952762
5934,4165,4261,3892,31.940537270485354,6.781421107555919,10.445435212253019,8.97202085067128,0.8888044317074753,1.5403018108718574
5935,4117,3672,4456,50.71381557808971,9.316431957592716,13.252653270625823,11.199104734373586,0.9148681445387797,1.422503092487587
5936,4344,4109,4260,74.36820716798123,12.325740125765805,14.323620349011733,13.188896743302337,0.9833774825575915,1.1620900816389554
5937,3894,4379,4344,45.55835312418978,8.928020641953262,11.16957716286835,10.402339701204488,0.9626375176249031,1.251069818362862
5938,4263,4380,4345,39.22024160994722,8.910558202721985,9.994384487920616,9.549784697493726,0.9908345830603255,1.1216339381372926
5939,4262,4263,4111,59.86800435117863,10.501132698562024,12.947404354751932,11.88615837166408,0.9713953336774848,1.2329531229069115
5940,4112,3253,4264,43.45614549916545,7.613563792796234,12.349644635022823,10.580565710105946,0.8621475078905894,1.6220583383970266
5941,3253,3653,4264,60.05465776183829,9.930520905826503,17.340248285931015,13.20680460892678,0.7540067725209146,1.7461569690424825
5942,3253,4265,3654,38.300609321848114,7.280117025901822,11.583484041356149,9.887963592149761,0.8733835152610699,1.5911123406592835
5943,4265,4112,4266,26.24606163485931,7.1282696710989875,8.780569925725164,7.879138935939604,0.9690713828348332,1.231795418925479
5944,4267,4266,4112,21.867489935475803,7.035359452642808,7.15724909313724,7.106959405626346,0.9997867729401206,1.0173252896763711
5945,3254,4266,4260,46.47429521275802,9.081205268033994,14.925835087294448,11.465454177955985,0.7792681600857742,1.64359626797928
5946,4268,4267,4112,24.7812989124336,7.051909293173484,9.048588400688134,7.752582262332953,0.9390550883170028,1.2831402141612218
5947,3663,4260,4267,33.78493714210556,8.13628607117761,11.356306240787996,9.268842028147626,0.88566406075795,1.3957604417348535
5948,4264,4268,4112,26.985401810789256,7.362752059275297,9.048588400688134,8.008301417586555,0.9634478205406122,1.2289682346819066
5949,4268,3889,1369,30.272772144345822,6.883730117573184,10.597249930695588,8.776681860335366,0.8812677636864861,1.539463306912965
5950,3661,4258,4269,61.28139160369473,10.960122952912027,12.981274295104003,11.982212676417495,0.9810666869219692,1.1844095500456928
5951,4107,4269,4258,60.44438078088311,10.393342616716296,13.796886120392095,12.065156506114947,0.9463719503088703,1.327473424978953
5952,4399,2990,3441,77.93027277153743,12.572329839849635,15.076882623727114,13.557722987722352,0.9728242137839529,1.199211507793804
5953,4120,4270,4347,30.899744247855846,8.178997749708884,8.880189635465404,8.464008761419295,0.9948405201012814,1.0857307835524808
5954,4271,3315,4413,65.45662524770411,10.31762829612964,14.312193779382753,12.615161370903664,0.9332245547353308,1.3871592742637915
5955,3722,3721,4271,59.839876931816086,10.941922164041786,12.365684641737113,11.80236389083125,0.9893790728825145,1.1301199603095522
5956,4421,4460,4126,82.93667890978496,13.362244669807344,14.497869057786513,13.86427535369694,0.9952834013821066,1.084987546332329
5957,3963,3917,4272,33.36341958076239,7.692444077697037,10.350772094652088,8.985111266276384,0.9406299922438571,1.3455765150977739
5958,3320,4273,3918,38.86347744979659,8.027204833680482,11.7353154008277,9.848577609909706,0.9039469763591005,1.4619429358011093
5959,3315,4273,4126,75.0209021151337,12.071819086698843,15.62593030308087,13.465393535232032,0.9430487368954638,1.2944138899743842
5960,3319,642,4274,56.92332747488953,10.953380550160965,11.94785675765527,11.487209797379725,0.9949690744556957,1.0907917152097568
5961,643,4274,642,45.90481058460753,8.000000000000064,12.392316181380693,10.780057646345341,0.8826519961068413,1.5490395226725742
5962,4130,3742,4275,100.11022667070597,13.120069328487341,17.366870131604358,15.49791414263995,0.9501643429490602,1.3236873751799485
5963,4400,3742,3002,79.4889776595398,12.607912304306709,15.287798702013689,13.704479629450196,0.9706217242860081,1.2125559198878282
5964,4132,4276,4131,47.96234779372179,9.512462105352729,13.487791115781606,11.033212465440302,0.8875225712663115,1.4179074740483784
5965,4181,4276,3747,93.82604223753908,13.631266923137847,16.12152781825879,14.827695234988122,0.9809102979042599,1.1826874133683019
5966,3758,3348,4277,73.90276875567683,10.867465038358647,14.865016401711154,13.39276438371156,0.9347540771451525,1.3678457992956443
5967,4481,3348,4135,57.96807103017361,9.23152571989666,14.31156256470852,12.107740777558343,0.8858355974210077,1.550292226761919
5968,4278,4307,4285,65.5187522459781,11.789788080059331,12.751785611291817,12.319890131927218,0.9958557116091504,1.0815958289241485
5969,4148,3363,4285,53.24396216032054,10.412992054951165,11.820802145948905,11.13338900098889,0.9893666043419838,1.1351974613606235
5970,4047,4194,4279,53.49571789808642,10.447412322572072,11.941342857282368,11.166033488925436,0.9879186993771643,1.1429952689320586
5971,4279,4194,4357,45.37788146577975,9.106373607477545,11.109345286921869,10.343313459716917,0.9724588840395089,1.2199527238592118
5972,3401,2888,4280,42.76413306486508,8.177192246354434,11.32423328019657,10.214093577868885,0.9281231161452989,1.3848559430952787
5973,4349,2888,2954,84.28225277405136,13.220855425373417,14.50992939439019,13.983227198845704,0.9939038609722785,1.0975030682615883
5974,3137,3797,4422,71.41890725065079,12.395668180281843,13.23906619479111,12.85674689722373,0.9970819648097549,1.0680397379344895
5975,4144,4448,4143,59.847614528895065,11.290248724192008,12.48763165300392,11.790374373980953,0.9923949363525421,1.1060546103157354
5976,4414,3425,3423,90.82659660434994,13.825913727725224,15.874708102880291,14.576288931653538,0.9832975711639184,1.1481850976002115
5977,2954,1245,4282,51.65642063355173,10.307720558002641,12.246166710451453,11.032365907807105,0.9741660232167795,1.1880576934096116
5978,3001,4283,3449,53.54116926562976,10.696299348729118,11.647138257418824,11.140548230617862,0.9950395578114563,1.0888941939347163
5979,3812,4147,4283,30.645211099348412,7.9404207098123285,9.368860635698233,8.487989324214864,0.9769538709277108,1.1798947408568312
5980,4148,3816,4284,46.71368473020304,9.20293511547212,12.034207216086363,10.584163571998085,0.9516396522726797,1.3076488169360514
5981,3456,4350,3007,29.932194064794743,7.653253600134867,9.313586519628734,8.403004116091482,0.9724628236511874,1.2169447147896166
5982,3929,4278,4285,60.601104206667266,10.500776431463407,12.971713191332704,11.963528775742207,0.9702269594699259,1.2353099102715532
5983,4307,4278,4137,81.74829364202553,12.751785611291817,15.118563690780935,13.846701045013688,0.9798070057234033,1.1856036598822142
5984,4068,3435,4286,30.899743461245453,7.249222426023972,10.114323578705083,8.6926037348936,0.9275985019246549,1.3952287547966093
5985,4287,4286,4288,27.859370607769026,7.192939346410821,8.9867492539238,8.120850340084942,0.9676931819409097,1.2493848232444873
5986,4286,3435,4288,32.61294208331294,7.192939346410821,10.114323578705083,8.924147179733797,0.9274366331641101,1.4061460957198246
5987,336,4289,3406,54.437939615005575,9.837446601129486,12.862891205383766,11.414803498288217,0.9536332097342529,1.3075436875974416
5988,4351,3435,4064,37.63865984715135,8.222448889294451,10.906033117039017,9.522344917196582,0.9460586055649699,1.3263728682143061
5989,4353,3406,4289,51.559349323571034,9.837446601129486,13.135165938487566,11.209873233890638,0.9329656594579174,1.3352210661026056
5990,3820,4287,4289,42.542386321413616,9.017221578191277,11.328600868918812,10.057882776578142,0.9624752338679311,1.2563294325957068
5991,4353,4287,4288,34.351421108211596,8.182862419920205,9.961456345876098,9.000611371009306,0.9728104407779414,1.2173559611152838
5992,2935,4239,4290,42.69529332179864,9.390838481480138,10.806705461049727,9.986438630183734,0.9851356171249372,1.150771092737017
5993,3470,4290,4239,54.07525361110717,10.806705461049727,11.47943635757393,11.185498331576417,0.9975002716565139,1.0622512475193209
5994,3480,4291,3989,58.60154196675795,10.646103233636659,13.64468048201977,11.866415984748786,0.9499417839072665,1.2816596065787735
5995,4291,3480,4415,68.94013551015243,11.152025742407567,13.64468048201977,12.760076506415729,0.970104391105973,1.2235158703170348
5996,4362,3947,3968,20.969398620951058,6.42177757386349,7.564500915558682,7.005731260038369,0.9823224471044177,1.1779450204482407
5997,3495,4292,4154,68.66172495751505,11.267281476211538,13.841875444379118,12.724612359400567,0.9723392025665872,1.228501788439677
5998,3511,4293,3948,36.41854506876902,7.861396458855209,11.46360266591388,9.55216789438156,0.900184220512026,1.4582145457123061
5999,3503,4293,4155,73.80384077744546,11.884468124736763,14.829783626627007,13.232443650435606,0.9652735709133086,1.247828970634349
6000,3103,3079,4294,71.793715273222,11.877027183567263,14.227924281577295,12.987266004764889,0.9776046690655505,1.1979364921604854
6001,4150,4294,3079,88.0484152090385,13.843704722220961,14.751461603399934,14.27436353573273,0.9972693666868424,1.0655718176162703
6002,4294,4295,4157,52.62242269607728,10.143342658351266,13.0031696349636,11.258467430589684,0.9470979391714826,1.2819412764546376
6003,4150,3465,4295,78.13137220543648,12.247217005162012,15.149689968663967,13.597367522845376,0.9684604584011567,1.2369904087008998
6004,3956,3221,4296,52.792165323096356,9.788942567369181,14.332665676727656,11.637793413993931,0.8756169003447898,1.4641689414446752
6005,4423,3221,3613,63.62684980741508,11.944933531206544,12.330246729806042,12.124991854931215,0.9993160126400061,1.0322574585779698
6006,4398,4297,3618,50.60765482716281,10.525658711391634,11.381531039350866,10.83252441336869,0.9947094341374901,1.081312946906871
6007,4416,4298,4510,110.31214105210242,15.640944131420337,16.602406466083416,15.979789111204212,0.9968968083377063,1.0614708630492224
6008,4098,3126,4298,58.46913008302908,9.990300834597802,14.313182594337075,12.046391999039693,0.9108031665328307,1.4327078664907198
6009,3549,3021,4420,64.08673809649683,11.396289294107197,13.804185039126317,12.315973090160165,0.9685287960583089,1.2112876992570025
6010,3275,4486,4299,75.19652400470675,11.921006739713322,15.150838513187708,13.39083832248844,0.9589367999607722,1.2709361586647385
6011,4504,3680,4403,99.097158952273,12.969944903843416,16.90461634757524,15.399499973848302,0.952958656510511,1.3033684007837112
6012,4371,3681,4320,38.37308178225779,7.841975454833543,12.19150237148567,9.94558443206026,0.8681496068345367,1.5546468414372834
6013,4170,4300,4372,38.42083606403847,7.8770432752695765,10.984970175773583,9.672806155324986,0.9311484705562368,1.394555011556369
6014,3960,3283,4301,63.348337409315384,11.370491093651445,13.049171052240903,12.155481174309571,0.9869489577667576,1.1476347806583944
6015,4301,3283,4488,62.07945658981874,11.396342733563644,13.049171052240903,12.042225991732684,0.9850941541131806,1.1450314681928153
6016,4302,4383,4356,56.967187732441765,10.869664609246637,12.074849293080534,11.501568643286944,0.9926824555621553,1.110875977057164
6017,4119,4175,4302,29.61162114591669,7.456322012443644,10.06473745832471,8.521793890924416,0.9257627986222524,1.3498260189846893
6018,4128,4127,4303,62.5082236977392,11.284347608766902,13.823135607353178,12.196607293196365,0.961822024992587,1.2249831436080425
6019,3727,4303,4127,56.68153647099889,10.648044471112536,12.394755834524231,11.508379656368595,0.9845715321876441,1.1640405774177982
6020,631,3732,4304,54.05441138163051,10.27749538904059,13.035647527090092,11.381159953002998,0.9532869750274813,1.2683681221585035
6021,3138,4305,3563,67.09013545793337,10.699791710246117,16.967132391554998,13.409519970650445,0.8297824277109422,1.585744176244784
6022,4450,4241,3473,60.24937034566026,10.349710994019349,13.03328551940149,11.95406207747335,0.9646570939051357,1.2592898030614443
6023,4301,4490,3960,63.36098440597346,11.370491093651445,13.209143702430422,12.172678843591536,0.9836045563649254,1.1617038871615284
6024,4383,4394,4490,57.81897988285024,11.044366759004678,12.344638775769294,11.595792493528952,0.9908249671973165,1.1177316948212064
6025,4285,4307,4148,52.95985821939257,10.412992054951165,11.789788080059331,11.102106382344148,0.9897457813283708,1.1322190603663747
6026,4137,4186,4307,60.202100918623515,10.311034182585349,13.669753832968308,12.029895189230244,0.9483575542228767,1.3257403273917578
6027,4191,3853,4418,62.604118450036445,11.555028688857155,12.42593537886272,12.040200465131205,0.9964178253482847,1.0753703615505001
6028,4418,4458,4308,88.61535688853981,12.457472249621874,15.63654651703417,14.507462471205029,0.9627118773719194,1.2551941681033076
6029,3782,4309,3376,52.25961339454409,10.3762485673435,12.14523589603639,11.071763539024326,0.97979719839726,1.1704842860318814
6030,4309,4194,4358,64.67037578705718,11.4650631006063,12.67059694604652,12.257867787239675,0.9918978785869967,1.1051484701707808
6031,4361,3999,4363,48.489568780143706,9.685319952451632,11.23111606657538,10.64493751195828,0.9841732645099478,1.1596019668645499
6032,4195,4310,4360,29.062682620548483,7.535090064587003,8.902209975792772,8.249246679347776,0.981773075615023,1.181433785062621
6033,3406,4311,4065,57.1558465247208,9.796489598319425,13.795166988552067,11.837412531022204,0.9243874225035145,1.4081745149730582
6034,4311,4199,3985,62.69835352810013,10.763093198174337,13.04524618872046,12.1484249643075,0.9745850310283379,1.212035048710089
6035,4200,3953,4368,101.7117891170166,14.006101006639014,16.33806055556557,15.421967342894769,0.9833590845342676,1.1664959825593995
6036,4369,2926,3028,40.28039240964755,9.128217238029688,10.20793102776327,9.67506582429094,0.9917089432552714,1.1182830953272356
6037,4362,4364,4292,30.08004401348589,7.437326973796,10.5030272717277,8.68762624049615,0.8998191804276627,1.4122045875800686
6038,3085,3993,4313,66.37229545701199,11.12047218416279,16.581425985099226,13.215056563997626,0.8495897950111535,1.4910721155090563
6039,4425,4077,3840,86.15990265272609,13.171451018730316,16.226613507387366,14.319950474077183,0.9616910109404975,1.2319533728146193
6040,4370,4208,3507,47.413811555403484,9.809497060746704,11.221823857181372,10.51194041283768,0.9879471675610074,1.1439754543671947
6041,4426,4315,4424,34.69113257222112,8.64119529911324,9.570547634573206,8.981353575626462,0.9910448442977334,1.1075490488631052
6042,4419,4426,4427,30.32567143755616,7.946246021092452,8.97821805521551,8.402684042372286,0.9893268751291395,1.129869127054939
6043,3088,3834,4316,78.21542495241954,11.444904441608944,15.148744828373232,13.705995425496093,0.948314780159123,1.3236235309487299
6044,3085,4495,3502,101.44340306239187,14.532687328544558,16.013508342825542,15.342150101204021,0.9937093008315143,1.101895883452499
6045,4316,4494,4211,73.07086963099155,12.436268579929958,13.614951842543528,13.017228629514468,0.9945191766386918,1.094777887357287
6046,4454,4317,4494,88.25551270408813,13.189981595501527,15.590095001779282,14.37805984780192,0.9813586326918189,1.1819648790940178
6047,3514,4318,4079,33.94624659058179,7.904573793934383,9.77069630617154,8.952485096674836,0.9707967297214865,1.2360813575640393
6048,4001,4212,4318,21.465607435611847,6.620626392529248,7.425937037832707,7.064035374216128,0.991215946980425,1.121636624324879
6049,3021,4216,4319,76.91356199003332,12.7030395267418,14.447687280009179,13.39509739579241,0.986796388257109,1.1373409686394058
6050,4328,4451,4216,68.90824625543604,11.795481133811567,14.107327672444724,12.739012708471064,0.9747239209647743,1.1959942551225218
6051,4320,4373,4372,30.60618926763253,8.160472076063135,8.585006068277181,8.413100300945132,0.9981417898005969,1.0520232148651447
6052,4372,4300,4371,24.27405695995561,6.8986187334880755,7.8770432752695765,7.524638599886561,0.9866477364098301,1.1418290500722874
6053,4322,4321,4223,24.523447578738406,6.792459877579335,8.43033927013627,7.615059112818464,0.9691666787750522,1.241131993721932
6054,4033,4323,4035,29.266247541381148,7.618561776529703,9.286339222210565,8.318200091615541,0.9698017936864133,1.2189097489264624
6055,3694,4322,4223,33.073980077374586,8.215472560468564,9.874920393541407,8.840244074715415,0.9706224751524131,1.2019905514696525
6056,4035,4322,4036,45.70144137047655,9.613238152942147,11.55656405513741,10.384428011340658,0.9723326384242196,1.202151020423904
6057,4034,4321,4323,25.37469918688717,6.2233452854125435,9.034544098090597,7.913370571496671,0.9141968735254529,1.4517182775102444
6058,4322,4323,4321,20.061872093148278,6.2233452854125435,7.63281440422731,6.882873189073062,0.97111198409813,1.2264809446004141
6059,4324,3292,3701,63.71233201698303,10.711262889198517,13.218128869962667,12.271440450361334,0.9691319659141089,1.2340401880428247
6060,4428,4225,4374,66.63329158045246,12.029418220710657,12.656780489391094,12.413935391211936,0.9980644276823718,1.0521523366442052
6061,3697,4325,4122,38.70845265857141,7.126218572643327,13.068606090774958,10.353124631271287,0.7896708475868296,1.833876684746062
6062,3293,4325,4225,66.7495794721958,10.820081038137145,14.117989101913654,12.631817347100531,0.9549215021666806,1.3047951352815652
6063,3307,4326,4040,40.565723988225585,8.372188050652433,10.752927990085595,9.834101618626464,0.95788258847803,1.284362931772374
6064,4326,4226,4376,38.45333414505977,7.598506954212785,11.150844929896762,9.761020968034199,0.9091406910348092,1.467504734428713
6065,3751,4327,3339,76.30973739707755,10.520354048458861,17.16295367159204,14.084323019066664,0.8561495812444372,1.6314045698971755
6066,3750,4229,4327,48.9452605001133,10.01496995520638,12.41441418443555,10.828328245162945,0.9537884763677604,1.2395857641072399
6067,4453,2886,2948,63.73923727267939,11.37006606505099,13.722569009425309,12.275156485500773,0.9700199574099025,1.2069031904401488
6068,4233,3400,4330,60.26898765175764,11.530621312577502,12.208047801131777,11.808543523582685,0.997560943868269,1.0587502156380197
6069,4162,4329,4220,64.05410528207692,10.519720718765921,14.865937627909586,12.575224279266683,0.9170206893519812,1.413149457607799
6070,4329,4319,4451,75.73435223378229,11.344386212079385,16.140142796368863,13.676341799101552,0.9162673860526706,1.4227427112083866
6071,4330,4234,4329,58.48918860265839,9.672969421970338,13.85220472463024,11.988489568995256,0.9205247731863666,1.4320529839748644
6072,4328,4233,4330,73.83204078303879,11.530621312577502,14.163999903860843,13.207941468296298,0.9695346172370529,1.2283813265475014
6073,4376,3447,4326,34.838598563267354,7.598506954212785,10.359192203717358,9.179811204617817,0.9396911671248468,1.3633194344810051
6074,4226,3717,4392,66.44390324965181,12.124408481485005,12.898730665644152,12.402689424539574,0.9967215262102613,1.063864739079156
6075,4237,4333,4332,31.649962096550308,7.666084120754335,9.872818184629455,8.699373679659695,0.9554502456513866,1.2878567504758844
6076,3424,4333,4060,30.856212475831832,7.032375155597586,10.357860189160279,8.766028408012732,0.9054966018533207,1.47288219982344
6077,4334,2955,1244,48.98959046728152,9.441909240276376,11.790972740250545,10.766266997999807,0.9679965408378238,1.2487911544366221
6078,4334,4333,2955,50.036704165785906,9.46040285480017,11.790972740250545,10.884000181866533,0.9669845541391157,1.2463499621760668
6079,3472,4240,4334,69.99349226190444,11.994747188349692,14.10853004559427,12.820792314542027,0.9783268205288588,1.176225711476242
6080,4311,4335,3437,70.50980722967284,12.676831821529115,12.923959535805661,12.76225005346354,0.999676523049166,1.0194944381810642
6081,321,4335,4198,69.94239154162844,10.830092875935952,14.373145262444234,12.963059958100345,0.9479479886939525,1.3271488460067418
6082,3510,4336,4077,64.26986171499334,11.307833612149073,14.104155840367868,12.38599798634118,0.9580683616691772,1.24729071227352
6083,3089,4245,4336,59.476224350442585,10.037083653699773,14.339243126082547,12.12979986600602,0.914333288495912,1.4286264437775165
6084,4235,3505,4337,25.651644497374942,6.439677948897937,8.734303699351083,7.879434694715698,0.9383193169613507,1.356326165479415
6085,4338,3505,4244,64.59067486978974,11.127789718853997,16.383639788072987,13.042802063410326,0.8488100349663128,1.472317522348029
6086,4244,4247,4338,72.82825631510269,11.127789718853997,15.870105653911523,13.42113303096284,0.9146350038568927,1.4261687230683864
6087,4247,4246,4338,51.0004229801012,7.902788849913353,13.784370903512992,11.65088782451645,0.8247225920184293,1.7442413261065586
6088,4404,4339,4085,105.08764091659052,14.499773186720308,16.78498031718073,15.66217354806914,0.9858421147932209,1.1576029570278616
6089,4452,2949,3951,59.3972897015925,11.148834389020244,13.005783522151786,11.810413044245417,0.9783822911449829,1.1665599351767508
6090,4378,4340,4106,53.550760204822566,10.95072040200688,11.34545435517246,11.124393929775565,0.9991190045969638,1.0360463913491245
6091,4221,4340,4164,56.44365565536378,10.87763224131986,12.076592921753752,11.449171342471873,0.9925860757296855,1.110222579127056
6092,4341,4221,4164,63.11215962160162,11.264147046273282,13.087782690531354,12.142840886186129,0.9847723828694783,1.161897357764112
6093,3648,4341,4258,105.49766208065995,13.999444620371445,17.309910616549136,15.78282301754175,0.9708298036648026,1.2364712376775597
6094,3252,3651,4343,29.582565184085553,7.11759864055509,9.378799000239878,8.41988664279586,0.9514298742517713,1.3176914678499547
6095,3256,4259,4342,51.953205981382524,10.514766807177635,11.661038136209346,10.98744229809086,0.9918795659369777,1.1090153828470297
6096,3643,4343,3651,33.48885962434451,7.11759864055509,10.493472736055251,9.113680307553382,0.9082862546990572,1.4742995869793638
6097,3642,4342,4343,47.17344247935338,9.24739684550607,11.94443706727536,10.612195488528497,0.9570491536782346,1.2916539937485176
6098,3894,4344,3662,37.5331494912398,7.373474433965388,11.109421298791851,9.691926928864124,0.8966908748441836,1.5066738751567494
6099,4109,4344,4262,68.1034208883554,11.306969603000994,14.323620349011733,12.730399634792176,0.9613918265221766,1.2667956890244128
6100,4380,4263,3657,52.0363179153012,9.744411401838574,13.530925873696937,11.350590404886612,0.9146237344206254,1.3885831904781774
6101,4110,3255,4345,52.45069237595392,9.667117179507303,13.910582063592969,11.490585149893606,0.8958458977738094,1.4389586683692128
6102,3442,3808,4439,86.2257713819905,13.136175609195298,14.813365001797878,14.16654250904598,0.9895473669414087,1.1276771445890652
6103,4382,3288,4347,53.66795391561351,9.820533104386401,12.504692454714544,11.292958427608852,0.9625300400119936,1.2733211447685306
6104,4381,4270,2990,45.38348229947504,8.78541240963439,12.738419324975933,10.647042851724384,0.9035985903809521,1.449951206730664
6105,4347,4270,4381,34.97412839191347,8.3328388990836,10.169526812777972,9.095926040498654,0.9690804908921632,1.2204156273675664
6106,3321,3731,4496,50.8563484658639,9.75000100901335,12.187412929302297,10.974929806513208,0.9671307574738328,1.2499909403122822
6107,4462,3321,4496,68.10923070001212,12.044487446505846,13.572075981539747,12.601325452449297,0.9875903789455912,1.1268288535994997
6108,4282,4414,2954,86.20720811728414,12.246166710451453,16.271232886641208,14.392774111397317,0.9485388994923798,1.328679681679866
6109,3797,4349,4422,72.27385306860067,12.515436247803674,13.347245512183047,12.932729358861652,0.9972426721137786,1.0664626664152714
6110,4284,3816,4350,36.03794996270492,8.191240048609973,10.51534838443577,9.278709945458155,0.9565575088109751,1.2837309518502256
6111,3455,4350,3816,42.54563516322675,9.129541403328725,12.140016836538859,10.229119934007137,0.9228024466732385,1.3297510028392536
6112,4352,4351,4064,32.34654589378391,8.222448889294451,9.541830116662837,8.70786600795328,0.9806157070956301,1.1604608608861293
6113,4353,4289,4287,41.675095783501995,9.017221578191277,10.657007162054862,9.87856169537408,0.9817105281108015,1.1818504258373235
6114,752,4352,4064,53.16722979108057,9.541830116662837,12.237042385114341,11.264047641846355,0.9564877457554118,1.282462822697385
6115,4199,4352,2905,45.857545733772255,9.419418591918042,11.157629928989076,10.364137529122592,0.9812204892220471,1.1845348861088345
6116,4352,4353,4351,38.91078406567664,8.359319017902552,11.426874643932827,9.751904812396653,0.9291967652814828,1.366962382876011
6117,3406,4353,4199,68.47586930516755,11.308276375624056,13.615922529208598,12.686454947773406,0.9765577710176105,1.2040670104737508
6118,4354,3511,3092,81.88003591654902,12.404331560581511,14.91164558376911,13.868875490151177,0.9773179323804936,1.202132135128937
6119,4317,4155,4354,75.18002814687527,12.905152296544964,13.376705696233042,13.18106254261768,0.9990801415527445,1.0365399329548652
6120,4423,4296,3221,79.37687528185907,12.330246729806042,14.332665676727656,13.627140388237194,0.9826899527150641,1.162398935787809
6121,3613,4438,4423,61.565008906646575,11.252650741273204,12.708100372960986,11.968561548480245,0.9901009442636299,1.12934282465103
6122,4119,4302,4356,51.07033066147702,10.06473745832471,12.074849293080534,10.960536677638695,0.9760922720461825,1.1997182582336738
6123,4383,4302,4174,46.07785338732197,9.648541367972534,11.560192027533663,10.42056162215001,0.9738937106762274,1.1981284617700538
6124,3782,3375,4357,46.67303633493595,9.463800621441578,11.48603833571342,10.480765071367891,0.9751979885294648,1.2136813522561092
6125,4279,4357,3375,46.57370662282069,9.106373607477545,12.265765482373142,10.621531782266453,0.9394567860454136,1.3469429227350518
6126,3967,4358,4194,66.08879306944745,12.102665938041607,12.637943315066208,12.360014996078226,0.9987409447478145,1.0442280551875842
6127,2930,4358,3800,74.84555624950752,12.49272623023807,14.084593191163231,13.198616524921169,0.9897297027491461,1.1274235048129142
6128,4359,4361,4363,39.69795873389257,9.462119498272706,9.685319952451632,9.576190902160763,0.9996375727472916,1.0235888433051041
6129,4292,4365,4154,55.78475285078383,11.036734299680361,11.786516358081657,11.363510711324517,0.996917588584999,1.0679351371558352
6130,4310,4361,4360,34.9246456810336,8.862386047343872,9.188577085549392,8.98439103622868,0.9989425584453652,1.036806232143688
6131,4364,4365,4292,46.81810506992325,9.342482315628967,11.786516358081657,10.544008648479442,0.96388842231257,1.2616043530919063
6132,3999,4361,4310,46.08560175203626,9.188577085549392,11.23111606657538,10.42348797796968,0.9725356917532781,1.2222911079712473
6133,4364,4361,4359,39.29170631778139,9.372308393320656,9.755710610736832,9.5300461674434,0.9988081527806423,1.040907981398629
6134,3968,4360,4362,21.525799086674127,6.42177757386349,7.734219743439883,7.111315970866236,0.9774201194848832,1.2043736573683286
6135,4360,4361,4364,32.80090200103833,8.030520128919465,9.372308393320656,8.755071523194664,0.9843203146481357,1.1670860968979022
6136,4384,3999,3835,53.987264543252216,10.424358516269958,11.766906027165026,11.208205514183156,0.9899056855642461,1.1287894606463955
6137,4366,4391,4507,64.35899707384635,11.627553046604106,13.538066920476119,12.293661429026406,0.9784152525492934,1.1643091943949453
6138,4364,4359,4365,40.23270642274033,9.342482315628967,9.841012556145976,9.646401827503926,0.9979913209140024,1.0533616466881637
6139,4360,4364,4362,24.503083323060434,7.177950595295331,8.030520128919465,7.548599232670266,0.9908728434731202,1.1187761774486071
6140,4366,4365,4359,52.5886702471804,9.841012556145976,12.522015366108466,11.184434327640153,0.9616657179226971,1.2724316013892423
6141,4365,4366,4367,50.51937417366791,9.519355851948847,12.522015366108466,11.012656152573172,0.9502213788373401,1.315426753748774
6142,4385,4366,4359,41.39226747492524,8.785160930712923,11.190275060666018,9.93056182436761,0.9598807783246905,1.2737700707957227
6143,4391,4506,4507,50.419828916407184,9.615731044630731,11.627553046604106,10.89736471181827,0.9737448619586596,1.2092219502225723
6144,4366,4313,4367,69.07497968841949,10.996597239662202,14.679151499077506,12.89723064258804,0.9461230112354515,1.334881252732725
6145,4386,4313,3496,66.467126764719,11.126980064392683,14.650934031801198,12.671516382946402,0.9432664400881601,1.3167035392366235
6146,95,4368,3431,103.56569070839004,13.87824391290711,16.951348813931798,15.618930288430542,0.973805436840607,1.2214332678046265
6147,4369,3155,2926,44.00739203355951,9.128217238029688,11.341298077643428,10.205079655711229,0.9682647899647232,1.24244392764818
6148,4312,4368,4369,47.025445007433184,7.827757785718879,12.805170309221618,11.039864593579656,0.8547572593508216,1.6358669570210298
6149,3155,4369,4368,62.88670935337683,10.145723651460575,15.115919065379689,12.582769467546242,0.8940139127978919,1.4898808192162425
6150,4206,4370,3507,46.14305083154074,9.776322503392679,11.221823857181372,10.380059773675123,0.9855773977074458,1.1478573720626606
6151,4207,4314,4370,45.75074115348605,8.698694416743193,12.179311967434353,10.56799083145028,0.9289750384671296,1.4001310293176514
6152,3681,4371,4171,35.0463801458887,7.416772313780762,10.604603035080464,9.274883606240929,0.9212282993981157,1.429813750029314
6153,4372,4371,4320,28.05849439804309,7.798253790902032,8.585006068277181,8.075078438004253,0.9917519253558602,1.1008882627406955
6154,4373,4320,3277,35.55343611573623,8.471214235961076,11.04093885530634,9.335325283254164,0.9266864242105148,1.3033478492890131
6155,4372,3903,4170,48.862494218184324,9.173294808415921,12.476473128501635,10.878246037563713,0.9391036386322663,1.360086358181278
6156,3277,1218,4373,38.29196442775207,8.471214235961076,10.577261392342356,9.522534812783901,0.9673323296437135,1.2486121939214945
6157,1218,3903,4373,34.62566396910301,7.575260331899364,10.382412608678173,9.158933916875268,0.9378433153085117,1.3705684232339728
6158,4325,3697,4374,73.04456601772,12.165032455835167,13.905229478806554,13.04628934180556,0.98815873686937,1.1430491064688175
6159,4374,3697,4399,88.08810126669877,13.536194240426466,15.622648119262339,14.354690612831787,0.9833097404334645,1.1541388843700677
6160,4453,4375,4328,83.47115883418539,12.972405996313073,14.488120393954668,13.932133108253149,0.9907469710238047,1.116841424641842
6161,4215,3795,4375,72.46271197094087,12.780308565760674,13.093287459672661,12.938100346134556,0.9996099123553283,1.0244891500312034
6162,4392,4387,4226,62.415209610986565,11.820690364958235,12.124408481485005,12.008120575975013,0.9995068940956355,1.0256937714422438
6163,3447,4376,4331,31.875614741888946,7.287488080436791,9.581734455923307,8.748975945774061,0.9483903799237224,1.314819914648698
6164,4377,4392,4430,71.59092113612611,12.393767753182921,13.445272302925817,12.880290783113777,0.9954416366067886,1.0848413953434664
6165,4331,4387,4238,44.46768967520291,9.081569071427985,12.204792377317458,10.414315491891864,0.9319824601846224,1.343907895356499
6166,4106,3647,4388,59.98152420138635,10.880947238529851,13.168215795298257,11.890749037054364,0.9734621704126736,1.2102085881520592
6167,4389,3887,3650,41.16221561139344,8.4948696534696,13.909472274959295,10.736073578874647,0.788330079827811,1.637396786809811
6168,3891,4379,4166,29.62574343742475,7.166554808846898,9.952038092892264,8.514977897272024,0.9270451878368646,1.3886781526608531
6169,4262,4379,4263,58.41322869616383,10.804544012918464,12.20993806167829,11.661220598424748,0.989285028420076,1.1300743508545539
6170,4261,4380,3657,53.98046761145069,10.776433939124324,11.807849502515678,11.19257151136488,0.993558353423794,1.0957102849808928
6171,4110,4345,4380,39.51808353673643,8.910558202721985,10.214929509920017,9.59753496404977,0.9877102372110087,1.1463849152345555
6172,4381,4390,4382,63.86611243249926,11.48867140885827,12.961286204806612,12.190181110774647,0.990119108041252,1.1281797297129494
6173,4382,4174,3695,55.22685210779699,10.678205938945709,12.74552578897473,11.420200869421555,0.9713451880143891,1.1936017962052092
6174,4347,4381,4382,54.26836775049816,10.169526812777972,12.120585718659061,11.281254085054215,0.9795932385217864,1.191853460028208
6175,4390,4381,4346,49.35414114369048,10.03445207531398,11.48867140885827,10.72669543880255,0.9875375372546712,1.1449226447672067
6176,4382,4394,4174,50.68899965947915,9.708397690716959,12.84274222859959,11.076448619420752,0.9409736560244677,1.3228487993317013
6177,4301,4356,4383,57.718866428196705,10.869664609246637,12.19812854551451,11.583657416923936,0.9911942786970656,1.1222175645730386
6178,3835,3503,4384,62.91222244252535,10.424358516269958,13.737883076529814,12.278621237876365,0.9516421913229842,1.3178636416896279
6179,4505,4454,4391,85.182140333066,13.095483498727287,15.029750992872463,14.0921532438738,0.9874789665732417,1.147704931576842
6180,4384,4489,4363,36.67086164999365,8.407185007364655,10.338989747505085,9.308715107666984,0.9702721953034648,1.2297802104328832
6181,4505,4155,4454,86.06066858551804,13.222502196358283,15.10997489185872,14.161234109412886,0.988138477435102,1.1427470131954511
6182,4203,3076,4429,61.87621033632389,11.62423805176445,12.50862986944145,11.973003920639217,0.995793380416829,1.076081702193182
6183,4154,4367,4386,50.89899007002386,9.867049223485884,11.782591894272132,10.926555195272975,0.9793731202224208,1.1941353111147768
6184,4226,4387,4376,42.83615731425235,8.36501009646941,11.820690364958235,10.239803827140232,0.9255177105949093,1.4131113087296034
6185,4238,4387,4377,65.80022683133835,11.434312431086607,13.668384784775782,12.435829864393282,0.9771762462657152,1.1953831826053112
6186,3896,4388,3647,54.22331828709628,10.788417021398473,11.623084077334987,11.205899793912721,0.9963010709242291,1.0773669625748596
6187,4393,4113,3666,50.52600320024228,10.0329437411305,12.649170150319833,11.010561225265363,0.9518166301843228,1.2607635881046553
6188,4393,4389,4378,50.51715664325032,9.555623490546104,12.204233568748625,10.961688262735803,0.9614574984882144,1.2771781538716898
6189,1600,4389,3666,66.83857432399546,11.60907176124612,13.259666475632738,12.478691463678944,0.988354970196876,1.142181455014922
6190,3808,4183,4465,77.80785423005621,11.592151483597592,16.354010457675802,13.85264278568546,0.9181702863885814,1.410783018218494
6191,4394,4383,4174,45.22391135863429,9.708397690716959,11.044366759004678,10.268571973555156,0.9874803126869919,1.1376096355802519
6192,4385,4363,4489,27.887729076944314,7.472126593129162,8.407185007364655,8.05609463261604,0.9897109029544925,1.1251395305715652
6193,4454,4155,4317,91.73510710058885,13.26132963507503,15.590095001779282,14.653799842904343,0.9819756700850774,1.175605722109861
6194,4392,3717,4125,68.18324880223511,12.00735183657449,13.660971698529176,12.617750887197744,0.9856370674906211,1.137717282250175
6195,4377,4387,4392,63.042849485740206,11.434312431086607,12.801832293232593,12.105135868600334,0.9914529040093273,1.1195979093966413
6196,4378,4388,4393,43.48539776778628,9.511797355828197,11.356584400545737,10.14133508230668,0.9694919553667776,1.1939472610386488
6197,4113,4393,4388,42.18749349427836,9.511797355828197,10.097537539398907,9.880759545452534,0.9972330266545193,1.0615803892428184
6198,4431,4394,4390,62.39768819179558,11.834331928061985,12.360619802993538,12.011964770262908,0.998290266241608,1.0444712788293187
6199,4394,4431,4490,65.61378348276506,11.834331928061985,12.807787140272369,12.328919281367883,0.995848011784592,1.0822568792330467
6200,4429,4395,3495,99.38242296590352,14.547088857559858,15.520917589870509,15.168442953377403,0.9966909594971126,1.0669432036777977
6201,4455,3076,1275,36.74529761733734,8.725758852489268,10.563650811692103,9.34441642040189,0.9636411904245422,1.2106283235960074
6202,4396,3417,2942,83.59313531718597,13.041539726834742,14.82558718531234,13.951407435403132,0.9891234865577053,1.1367973027607068
6203,3080,3499,4396,63.078692379893134,11.458420587974613,12.669790229545976,12.099941943706044,0.9933058678681495,1.1057187273124423
6204,3226,4161,4398,80.4151490501558,12.633913654097693,14.850686690768113,13.7187670292073,0.9824686479086756,1.175462101242985
6205,4398,4161,4416,92.36683546884794,13.671700742756098,15.760534425750304,14.681053239329694,0.9863549545110255,1.152785211020726
6206,4511,3697,3442,83.11463595271952,12.536939458372148,15.872960619736395,14.068607282300652,0.9606005965435864,1.2660953394918453
6207,2990,4399,4511,89.47492836214413,13.27307117836921,15.076882623727114,14.442623256778505,0.9873781865310625,1.1359000807814192
6208,4275,4400,3452,74.25838245897039,12.403221133121644,14.23586690428266,13.167961021066857,0.9855832430145232,1.1477556315002002
6209,3002,3813,4400,65.60932429911317,11.85326680889574,12.607912304306709,12.322585985585627,0.9971062863270973,1.063665612828745
6210,3868,3605,4432,60.674741523491846,11.292250194544733,12.532885886160944,11.870779210606083,0.9925404312521378,1.1098661179341882
6211,3212,3624,4401,50.25954172528487,10.336096619375171,11.113576670073424,10.788392924294143,0.9963191996726319,1.0752198899960799
6212,3229,4402,3621,77.75406562978407,12.333095895559756,14.195046775680398,13.470860018976254,0.985932484509718,1.1509718967474334
6213,3230,4402,3228,59.659159383884244,10.763357722992176,13.012389971657127,11.847938323939308,0.9756200740698138,1.2089526620359996
6214,4504,3236,4102,72.69590596367593,12.142474744838745,14.150448307556513,13.04018713788829,0.9832667167992145,1.1653677363892623
6215,3680,3900,4403,66.33120337958863,10.829423557546043,16.32393867012625,13.134536812494714,0.8608885529515886,1.5073691211155535
6216,1339,2949,4404,61.98186781587524,10.69146663369469,13.728240198515586,12.162039036660723,0.9577418082291098,1.2840371362381988
6217,4404,2949,4452,74.74798321212768,12.06641027777189,14.807827334876709,13.293340378266796,0.9697554751197542,1.2271940862275266
6218,4405,4172,3691,52.76866999238389,9.404674657408938,13.517195193288066,11.432749586128969,0.9126466420391155,1.437284721235871
6219,3698,3290,4405,81.96754418521672,12.815411380976336,15.246567141799733,13.876307800561007,0.9778447419221085,1.189705635546924
6220,4491,4030,3906,55.219447430118855,10.939050161152425,11.942761559214839,11.319778019212018,0.9936823514490144,1.0917548949201157
6221,4406,4183,4444,58.01957640572024,10.613374020714655,13.28788507776666,11.751699543019749,0.9613751930028414,1.2519944224929818
6222,3945,3992,4407,54.23384719619948,9.319125051427925,13.32095702416996,11.540292160209951,0.9213151614193048,1.429421426438403
6223,4408,3992,2885,66.79108601468903,10.835300185324538,13.543168937389055,12.590029454756513,0.9637318278128875,1.2499117427066846
6224,3399,4190,4408,51.744948087418784,10.329065388440196,11.877354655152333,10.992142308397055,0.9855543187270092,1.1498963563968634
6225,4407,4408,4190,41.070023815568746,9.44030711624683,10.329065388440196,9.764625521930382,0.993076712227276,1.0941450591860309
6226,4409,4512,4434,44.21583899771773,9.707819824891386,11.104627786304498,10.173550200524424,0.9824652169306682,1.1438848254920861
6227,4409,4434,4440,44.73526733518517,9.708202990377387,10.743731287923847,10.191356121557659,0.9929532248765605,1.1066652910505537
6228,4238,4377,4410,73.96091323796121,12.727756924375209,13.668384784775782,13.08943576607634,0.995924403977588,1.0739036631505081
6229,4430,4436,4377,83.16569332971359,13.445272302925817,14.131445284620149,13.868374969405659,0.998128291419363,1.0510345172812168
6230,4215,4375,4411,66.69757147599906,11.714729780789403,12.83014997127032,12.441729439273466,0.9933583281514048,1.095215187319989
6231,4453,4435,4411,72.67883489399699,12.561294162458873,13.301547012738503,12.966231213785704,0.9977866378223672,1.0589312566607967
6232,4261,3675,4412,86.52680102445316,12.48902705480564,15.507741788649554,14.304779952747367,0.9684579615400134,1.2417093597921502
6233,4457,4412,3675,74.45593221902477,11.226932391185704,15.507741788649554,13.459047080388055,0.9334025534203607,1.381298225401689
6234,4126,4413,3315,72.47293463445746,11.16426802316712,15.62593030308087,13.335286787815528,0.923901015279362,1.3996376896949532
6235,4272,3724,4413,46.889189404451706,10.015765662937065,11.011287400134899,10.432508848888547,0.9933073639907246,1.0993954701717634
6236,4471,4308,4458,96.9106113232294,14.700957035669537,15.428368646959042,14.970943602599833,0.9980848800374186,1.0494805616753082
6237,4414,4437,2954,100.52189569510617,14.39732925191564,16.271232886641208,15.294943441203728,0.9898591542377994,1.1301563367717131
6238,3448,4410,4415,65.53483833258653,12.002151620022797,12.685868952050013,12.312134288147632,0.9978745221212366,1.0569662301954754
6239,4377,4436,4410,83.11402452497349,12.727756924375209,14.977044715896938,13.945415641630765,0.9826374343967608,1.1767230317868553
6240,4398,4416,4297,73.17594097079044,11.381531039350866,14.61092454948268,13.199123218579203,0.9599814829531252,1.2837398148778407
6241,4161,4442,4443,52.5810382219664,9.17820968021239,12.590131610342322,11.29704767930869,0.9347696056040898,1.3717415540729918
6242,4299,4486,4487,68.1891030870022,11.877079145923298,14.390126468671058,12.72940411810256,0.9636447844831733,1.2115879916157957
6243,4457,4117,4412,65.21084238848682,11.226932391185704,12.987114836073324,12.344444068544469,0.984207890065435,1.1567821363447013
6244,3853,3533,4418,47.5467357930446,9.782321099330241,11.555028688857155,10.560432001861946,0.9797856261250172,1.181215436656264
6245,3110,4418,3533,54.60009134509159,10.343946217398436,14.407453610026904,11.774031894246932,0.8873335144510623,1.3928391841204357
6246,4424,4425,4426,36.169924102973454,8.537451416006377,10.890770355055023,9.35647235672488,0.9414855545504883,1.2756465395090324
6247,3518,4244,4419,81.12020096286352,12.45606017971348,15.646724357053149,13.888967939609214,0.9624262641067705,1.256153561503832
6248,4510,4420,4319,83.77811316898563,13.457092439728948,14.367859164432362,13.92450689182219,0.9971490747698112,1.0676793095375183
6249,4298,3126,4420,85.45897665019186,13.268952048496573,14.67372153241902,14.085285391750888,0.9930008767208911,1.1058689095256482
6250,4126,4348,4421,67.59350332270442,11.381373205145517,14.497869057786513,12.715706534963212,0.9552793838033347,1.2738242386456522
6251,4497,4348,3320,59.361175634982395,10.295658747960479,13.576526613426424,11.940217549353171,0.9496125066409669,1.3186651719702607
6252,4349,2954,4437,81.81053763450306,13.124249803307537,15.21626818505434,13.853791137911763,0.9796537990833102,1.159400987721186
6253,4422,4449,4483,65.33166348185955,11.447375683885673,14.14327159327775,12.47243832731506,0.9611131160023625,1.2355034012893502
6254,4438,3613,3545,63.43546782578623,11.252650741273204,12.901540247676467,12.160111420151253,0.9876139016995085,1.1465334297060654
6255,4296,4423,4355,86.75383800385507,13.688784129820654,14.600285136103974,14.169192674700838,0.997231026730053,1.066587433744217
6256,4425,4424,4314,61.697793461765706,10.890770355055023,13.341035594340525,12.065845025979117,0.97199465780695,1.2249854839835268
6257,4208,4424,4315,43.58664290610449,9.570547634573206,10.539955850560352,10.056332186815938,0.9938056399388979,1.1012907780203924
6258,4077,4425,4314,83.27121031174993,13.171451018730316,15.471703147708045,13.99472992025963,0.9764335698695861,1.1746392349412893
6259,4427,4426,4425,31.61724036584584,7.946246021092452,9.321365953058608,8.601687796719146,0.9826479440106378,1.173052775903999
6260,4425,3840,4427,49.83687108310218,9.321365953058608,13.561786896113869,11.20699765367762,0.8942502244986745,1.4549141149923266
6261,4419,4315,4426,35.44939225515737,8.283588050808895,10.778982849684912,9.264962897895582,0.9407905463820075,1.301245641812468
6262,3840,3518,4427,57.091432790842475,10.737840111860383,13.111431554998596,11.638853221082838,0.9654507923517811,1.2210492443928724
6263,4419,4427,3518,49.4520741544974,8.97821805521551,13.564119282061013,11.203208444555353,0.885127786397272,1.51078078062289
6264,4428,4324,4446,58.73645399759955,11.007862863423073,12.260379764420778,11.680462548455944,0.9922974056441675,1.1137838394734703
6265,3289,4428,4374,73.46047116589936,12.029418220710657,14.117437289272834,13.108300037754853,0.9831538862853847,1.1735760641331185
6266,4429,3076,4455,49.3116548496743,8.743839597024303,12.472682723131607,11.00088872028922,0.9210252264484139,1.4264537432018196
6267,4154,4429,3495,85.29970235909354,13.758176052627537,14.547088857559858,14.049046784855506,0.9974193453137099,1.0573413802755967
6268,3723,3314,4430,62.25717069192717,11.478124850861729,13.189615824306317,12.073756180872024,0.9820877988518605,1.1491089350989327
6269,4492,4436,3314,58.50620209269228,9.866451263396366,14.698483473922511,12.161152854742015,0.8899959484340975,1.4897436861065279
6270,4431,4390,4439,78.00216294036622,12.360619802993538,14.69706018643878,13.523783964528045,0.980063773937385,1.189022914763497
6271,4306,4431,4465,71.34981800358086,10.908969126771034,14.321569290792757,13.087556677550829,0.9487774815056349,1.312825173888069
6272,3605,4160,4498,54.680839627431375,9.828430528346296,12.747705074909078,11.42452882237609,0.9568299567919307,1.2970234706490795
6273,3870,4401,4432,74.20684230050256,11.141708938177361,14.569908786667195,13.341764210761939,0.9497855824810284,1.307690666441933
6274,3228,4402,4433,55.086887568660735,10.763357722992176,12.496152114877953,11.369544397885898,0.9793331684145293,1.1609901330496768
6275,3229,4433,4402,76.38742280684987,12.496152114877953,13.884437385688605,13.320717683324261,0.9921957742849028,1.1110970207507123
6276,4464,3971,3604,86.55380307189625,12.86660978707003,16.681805428996533,14.444569870049813,0.9460386741790445,1.2965191068248987
6277,4434,4493,4440,46.95548349100811,9.68834416750845,11.82499442371423,10.545157559198142,0.9677676511567771,1.2205382281289519
6278,4453,4411,4375,73.51924214017504,12.83014997127032,13.301547012738503,13.034700993440632,0.9990762210206612,1.0367413508434236
6279,4404,4435,2948,78.0500616150364,12.838932133440196,13.871011056502459,13.446895062654638,0.9957764374663758,1.0803866639635953
6280,4410,4436,4415,80.12418534917003,12.002151620022797,14.977044715896938,13.771229034615056,0.9673698929467807,1.2478633156834333
6281,4430,3314,4436,84.04094834554246,13.189615824306317,14.698483473922511,13.972168872966614,0.9922379597259151,1.1143981500079476
6282,4471,4469,4470,66.32798168258084,11.496638105522175,13.603197963229302,12.47030628560946,0.980270794739591,1.1832326840570275
6283,4448,4449,4469,86.22542954115133,13.382591552882458,15.571177112168527,14.216798732541966,0.9806852774596307,1.163539741210638
6284,4493,4438,3545,68.79805587549978,12.396870762299136,12.901540247676467,12.610325647657424,0.9988465121062158,1.04070942539081
6285,3971,4464,4473,111.63108740897833,15.295379879642333,16.681805428996533,16.087238959224905,0.9948362528762542,1.090643420448778
6286,4390,4346,4439,60.70719876064925,10.656962832235394,13.513671904151819,12.019013365704318,0.9614036531566853,1.268060339224924
6287,4439,4346,4511,66.27706398666558,11.46530530446284,14.47174868237062,12.607819782519734,0.9523190285289505,1.2622209612453608
6288,4500,3545,3120,71.76384339025523,11.805548614148998,13.531609465915341,12.94511069300471,0.9851753589564352,1.1462075934105809
6289,4197,4499,4466,57.49638430479243,9.411008244237859,13.539818654836816,11.89429609127979,0.9178511834021835,1.4387213679391824
6290,4501,4468,4502,64.28614700996773,10.788728510470094,13.099019111994085,12.31715610982709,0.9711010357871651,1.2141392842800645
6291,4441,4487,4486,58.76706431522264,11.417574005440732,11.877079145923298,11.65428564217926,0.9989625913867756,1.040245426941275
6292,3223,4442,3617,63.077405789036064,11.156870608919938,14.2545841716643,12.32899696220098,0.9466083779790477,1.2776507563211976
6293,4443,4442,3616,49.3221359597288,9.17820968021239,11.814301106677913,10.85275745068131,0.9556179841941396,1.2872119420140031
6294,4298,4443,3616,69.77934462596218,11.814301106677913,14.094223213430597,12.807037952535152,0.9770725746642167,1.1929798543448313
6295,4161,4443,4416,78.70472078090305,12.590131610342322,15.760534425750304,13.735612844985496,0.9529791336098897,1.2518164951352546
6296,4406,4444,4036,55.06443461903595,10.936494450795886,11.567084801785361,11.285806261053061,0.997864478159102,1.0576592759066032
6297,3940,4444,4183,58.21358152478818,10.613374020714655,13.89143969862698,11.890712313882128,0.9372348925742069,1.3088617881094513
6298,4445,3346,3702,43.84187405622921,9.289417936566947,10.909692667174289,10.127179875158953,0.9830058711682692,1.174421555975997
6299,4225,4428,4446,65.35483389877588,12.055652020223175,12.555607463534058,12.290546416059337,0.9988807274702289,1.0414706265967377
6300,3701,4446,4324,68.03377277692762,11.773145017523987,13.057713602196884,12.571929403881233,0.9920434058552113,1.1091100621593342
6301,3755,4445,4446,69.12163851568869,12.426773966259464,12.772903196792692,12.637134768148961,0.9994343954382771,1.027853506587713
6302,3540,4255,4447,85.31174614593596,12.986947385921344,14.66660921415532,14.099112808140417,0.9880419045696038,1.1293346140798903
6303,4197,4447,4255,94.27308544729223,12.986947385921344,16.381600693383792,14.952660237297737,0.9648461223028222,1.261389625027854
6304,3802,4448,4144,66.91561806082106,11.097934442020385,14.391596195507192,12.659054096843832,0.9534819891576174,1.296781511072541
6305,4281,4482,4483,57.75095203501886,9.791044403070627,12.821662241016222,11.77881636033454,0.9477846844191937,1.3095295775591769
6306,4422,4437,4449,84.3418041792234,12.603848066380781,15.607997953623949,14.118372537760827,0.9698562721034676,1.2383518010865562
6307,4471,3423,4308,101.60336578399578,14.783505125170919,16.354977289903076,15.368320799171196,0.9914031271188058,1.1062990239071593
6308,4467,3473,3040,84.78800831940177,13.146728399142146,14.843045637199689,14.044501339651333,0.990274713885925,1.1290296099954595
6309,3472,4467,4240,82.98234247204242,12.560517093862186,15.250288877067918,13.973112005508126,0.9754491530262448,1.2141449880690114
6310,4328,4330,4451,64.31809651299439,10.896435136018452,13.929203188450552,12.379955881208632,0.9595465283395348,1.2783266283490466
6311,4329,4451,4330,68.4474308920836,10.896435136018452,13.85220472463024,12.764378749835032,0.9598203192182512,1.2712602380242153
6312,3538,4452,3951,77.1566764299642,11.148834389020244,15.344184044602295,13.68511928834665,0.9348636895145291,1.3763038815711333
6313,4404,4452,4339,98.29237457212811,14.029581772710559,16.78498031718073,15.207463141589335,0.9758583381330436,1.1963991934406621
6314,2886,4453,4328,90.00320501340093,13.722569009425309,15.333002942043086,14.463814961986701,0.9914669979255208,1.117356592013613
6315,4435,4453,2948,67.6354435998035,11.732834382026022,13.035852466159735,12.535872993875318,0.9918740908076662,1.111057400258701
6316,4317,4211,4494,74.7215761585235,12.65636706968468,13.614951842543528,13.153766835909913,0.9964585223774169,1.0757393308507075
6317,4495,3085,4506,72.70651690582054,11.022702908549949,15.480254632241971,13.338345434165765,0.9264521960280536,1.404397338899014
6318,4429,4455,4395,69.4394351377307,11.257672304831228,15.520917589870509,13.083757539277782,0.9195122085456247,1.378696871751162
6319,4110,4412,4456,53.88695449736907,10.081885912625795,13.067224557173333,11.38092290288183,0.9493524206607682,1.2961091476753297
6320,4117,4456,4412,57.38573335821008,10.993658238846367,12.819284978374375,11.613724064040987,0.9772959020273706,1.1660618058033776
6321,4513,3675,3272,82.68782488138407,12.65765017215788,15.089676815313203,13.925208508262587,0.9797684203352052,1.1921388733356588
6322,4457,4513,4468,75.31560458591471,12.407367632146817,15.053176794432165,13.365845865023166,0.9658802158344526,1.2132450041562564
6323,4143,4469,4458,72.57582150721527,12.650370354416731,13.363986637689449,12.956874111084597,0.9978338928048109,1.0564107028711271
6324,4470,4469,4449,72.19154683531173,12.311082788076902,13.696627532574912,12.950478138592771,0.9921370047998265,1.1125445071200308
6325,3728,3963,4460,56.51364718622535,10.744584774271297,12.929530913130861,11.55914292259738,0.9698935221062583,1.2033532411686656
6326,4459,4421,4461,64.69019776786803,11.0073680606723,13.767807597316107,12.379989814778762,0.9667474704743354,1.2507810696824475
6327,4421,4459,4460,60.37730577436568,10.29093614853957,13.362244669807344,12.005991534898266,0.956476006935585,1.298447923195368
6328,4460,4459,3728,58.54363983142999,10.29093614853957,12.929530913130861,11.777046870371032,0.9663073274760486,1.2563998771837435
6329,4461,4421,4462,76.34661970130604,12.386002014461468,13.824455863692872,13.326088491823484,0.990383007127288,1.1161354444761042
6330,3318,4461,4496,65.32537501039802,11.685435496511253,13.30839428145499,12.344596078264502,0.9868391209723126,1.1388873170733158
6331,4497,4421,4348,60.24264172286912,10.295658747960479,13.442461898509968,12.00199932947602,0.954648063406569,1.3056436919272267
6332,4462,4497,4475,65.22307474505712,12.10219054473693,12.579342815065345,12.278657615846114,0.9987742639914029,1.0394269342037357
6333,3870,4432,4463,63.673799931237895,10.528037079106085,14.313674907441262,12.42491949223732,0.9380047207834072,1.3595767947899942
6334,4432,3605,4498,52.21190239931634,9.386534842167036,12.532885886160944,11.205623864066958,0.9469230705158993,1.3351983556125087
6335,4355,4472,4464,80.18663974299673,12.706813126940899,15.846831516953124,13.85185435249012,0.955151061051598,1.2471129746415157
6336,4438,4473,4472,67.38706258474149,11.210213235256044,13.497301773148509,12.585768082666709,0.9764259444839809,1.2040182902765477
6337,4306,4465,4183,75.88571909679709,11.592151483597592,14.636918258386116,13.420400452357468,0.9637658462640466,1.262657607528399
6338,4431,4439,4465,68.4217759830205,10.908969126771034,14.69706018643878,12.854841911382858,0.9425531557672601,1.347245556903413
6339,4499,4197,4440,63.68174748920135,10.35449783020126,14.185893476377942,12.424150893781297,0.9376052773952968,1.3700223525086404
6340,3118,3541,4466,76.09827476945044,12.416259294168539,15.484892361367192,13.503333265881453,0.9535127460593347,1.2471463421064248
6341,4305,4467,3472,110.4760114256988,15.250288877067918,16.79727742741292,16.01055401294884,0.9937537946752301,1.1014399506012789
6342,4467,4450,3473,70.33151495342813,11.472885538093873,14.143729982612165,12.88330034670251,0.9715521417874188,1.2327962251214117
6343,4487,4468,4417,89.60567965765165,13.112564856570156,15.660635219340021,14.497660068714902,0.9793956382680397,1.1943228034058595
6344,4502,3673,4501,56.94300980678712,10.788728510470094,13.285491776922186,11.658500302438563,0.9581624898848894,1.2314233103584975
6345,4448,4469,4143,69.85918867430512,11.59324274474693,13.382591552882458,12.779940311772947,0.9835508463215983,1.1543441164419943
6346,4470,4449,4437,73.79218757417978,11.71498274561832,15.607997953623949,13.388901598122922,0.9366734001959698,1.3323107931560298
6347,4437,4414,4470,75.1911585985365,11.71498274561832,14.39732925191564,13.320230134764644,0.9713559125361441,1.2289671751587155
6348,4471,4414,3423,105.32905456360389,14.966479982439598,16.008170302846708,15.616452796055531,0.9965554733409496,1.0696015577229476
6349,4469,4471,4458,79.77421160913867,12.650370354416731,14.700957035669537,13.651508451105189,0.9848448012171328,1.1620969682153903
6350,4414,4471,4470,77.78546919956085,11.496638105522175,16.008170302846708,13.784395605042953,0.9288221120277509,1.39242186767256
6351,4423,4472,4355,67.0500696564526,11.062924460374735,13.688784129820654,12.584542334590575,0.9701673859615986,1.2373567386138487
6352,4438,4493,4473,74.32090558219517,12.396870762299136,13.498041868007999,13.130738134485213,0.993926618404493,1.0888265375047468
6353,4473,4434,4512,55.39617057773857,9.707819824891386,13.153302914354654,11.568513914587209,0.9417348111409541,1.3549183185939297
6354,4464,4472,4473,81.22292266897955,12.706813126940899,16.28453156903585,14.01371131185744,0.9426796588148713,1.2815590664908336
6355,3378,4474,3800,62.917767460645045,11.523998733526133,12.699316283740481,12.08329579067716,0.9936027887524955,1.1019886913728185
6356,3381,4474,3380,65.3038251940778,11.834271231229197,13.367825672516167,12.347807039690304,0.9857777491267257,1.129585879123685
6357,4462,4475,3321,72.74634312461723,12.154439487736067,13.572075981539747,13.003262139077828,0.9913932299487016,1.1166352833657271
6358,3730,3920,4475,51.12415163983377,10.113607724156596,11.60171021178585,10.916761998743361,0.9875737258733167,1.1471386401585346
6359,2904,4080,4476,56.23171976056422,10.617717532043224,11.912686824652276,11.438378082537076,0.9899801026314002,1.121963057380361
6360,4476,4080,4480,49.18959998137404,10.617717532043224,10.72068402345184,10.65854203531339,0.9999296044739838,1.0096976107245152
6361,3535,4085,4477,36.80706459398685,7.606472122518244,11.646141220234968,9.665313986116727,0.8841403181457034,1.5310831398116433
6362,4339,4477,4085,45.035743987126764,9.353969543926269,14.499773186720308,11.199023782081184,0.7945977644449852,1.550119777344723
6363,4296,4478,3611,52.00753333198358,9.444569231714405,13.991003238469778,11.492984578698028,0.8855122308039214,1.4813807697537615
6364,3869,4478,4160,63.03504768930422,11.862963653968235,12.241629647687247,12.068392350717355,0.9993320332588157,1.0319200163436686
6365,574,4479,3747,60.49465072621412,10.032238466632743,13.680847342612424,12.097102935449898,0.9396805845458638,1.363688411924713
6366,3751,4479,3345,74.97250678151259,10.65954187716306,16.30769686804327,13.746267708621923,0.890578288022994,1.5298684555084665
6367,4476,4480,4213,64.87642802113486,10.72068402345184,14.32300737599015,12.509301521792421,0.9444042044464755,1.3360161855958175
6368,4247,4480,4080,63.75431088250352,10.637224550445108,13.836471875622356,12.342192222727306,0.9557082164534281,1.3007595928811504
6369,3965,4481,4193,63.28058340054045,11.473902324492048,12.796739670088026,12.12523638368406,0.9920376245583233,1.115290971474654
6370,3348,4481,4277,76.90689477539007,11.713892424733688,14.445811711064882,13.490422233502365,0.967513333912784,1.2332204520303425
6371,4483,4482,3137,50.22534179172624,9.791044403070627,11.853210784996005,10.867961829030351,0.9761407166500062,1.2106176110567581
6372,2947,4482,4281,69.90037139648497,11.872977369464117,13.724510765815346,12.773743524065415,0.985873169021727,1.15594516343585
6373,4422,4483,3137,57.799735815250955,10.959630299024427,12.395668180281843,11.600891387730648,0.989229031420971,1.1310297740048079
6374,4281,4483,4449,75.0243618391832,11.826667704781759,16.139336031946804,13.595888659248262,0.92038996057025,1.3646562527009487
6375,4168,4299,4484,56.71575910005116,10.114505140752156,13.544285474045193,11.717718996472586,0.9403332229033841,1.3390952187541214
6376,4485,4299,4417,69.71185823191155,11.802277479427035,14.975109086627219,12.957732813963355,0.9472824228443439,1.2688321480943707
6377,4116,4485,4417,83.97714221212402,11.802277479427035,16.298117648328766,14.28155541000595,0.9349121346856418,1.3809298821128877
6378,3958,4484,4485,51.78333752932535,10.107162075394664,11.552679531120756,10.987765001698046,0.9872816045678321,1.1430191229687634
6379,3275,3680,4486,80.34101475708445,12.796876535720866,15.483603627639877,13.79371662597501,0.9678147323591563,1.2099517866269438
6380,4441,4486,3680,71.38323668800248,11.417574005440732,15.230594021693038,13.148348187618211,0.9400590274758173,1.3339606132121689
6381,4487,4441,4502,64.66101780295325,11.668203775173748,12.934123614663052,12.253877176909555,0.9926819601374911,1.1084931206106274
6382,4417,4299,4487,86.0475333022659,13.112564856570156,14.975109086627219,14.159266803956143,0.9882072657379652,1.1420427086866853
6383,1015,4488,3283,70.43554967208901,11.396342733563644,15.679538764434447,13.186741751430908,0.9179966876041133,1.3758395242235264
6384,4488,3285,3690,67.62032499017613,10.89398432338299,13.71809393494744,12.672247754227302,0.9628759962419163,1.2592356963010076
6385,4505,4384,3503,73.02546088053106,11.21843820116318,14.702657706621254,13.219659661438081,0.9532441766300149,1.3105797298145132
6386,4391,4489,4505,47.454275470319175,9.667006660911976,13.095483498727287,10.877050021820954,0.9073772598699598,1.3546575437542805
6387,3960,4490,4306,78.95995108850244,13.162849850080445,14.221421353635558,13.531138302048808,0.9946538559995167,1.080421148581942
6388,4383,4490,4301,60.610929121525714,11.398371945812887,12.19812854551451,11.844967408673378,0.9968715797202085,1.0701641079536284
6389,4183,4491,4306,72.24110276309031,11.397344447860837,14.636918258386116,13.117205183929096,0.9597506131641358,1.2842393528900773
6390,4030,4491,4406,50.36600393222931,9.412680625737126,12.548059104434548,11.012754022480157,0.9462584683572715,1.3331015470900336
6391,3826,4492,2998,33.11323064172018,7.010679587999726,10.188616099843935,9.056995506722162,0.9089632804085003,1.4532993516468684
6392,4493,4434,4473,55.88676228396124,9.68834416750845,13.498041868007999,11.676935013344012,0.9299712671791702,1.3932248519077215
6393,4500,4493,3545,70.90870323851435,12.41730329536682,13.531609465915341,12.827159564759611,0.9937511456838348,1.0897381777703936
6394,3834,4508,4316,74.84696914245144,11.872867903936278,15.148744828373232,13.366617065305727,0.9576450548794032,1.2759128587079525
6395,4508,3502,4495,73.9298861042982,11.542335072984168,14.532687328544558,13.237734776643919,0.9656440637593661,1.2590768883983943
6396,4454,4494,4495,87.2781787301288,13.673434463565503,14.612932864905044,14.21349009153183,0.9969335479986021,1.0687097600711033
6397,4495,4494,4508,64.0852057742697,11.542335072984168,13.673434463565503,12.292677894638679,0.9732541160938948,1.184633297951067
6398,4496,3731,4129,33.54631225322984,7.892291597392959,9.75000100901335,8.899018759972806,0.971070961171159,1.2353827641434387
6399,4461,4462,4496,63.95959759709903,12.039958456827259,12.386002014461468,12.15681597259819,0.9992823598929661,1.028741258441634
6400,4475,4497,3730,57.67015049134485,10.996891567659574,12.10219054473693,11.566930774727451,0.9939208169761973,1.100510127819019
6401,4421,4497,4462,76.04426419700746,12.579342815065345,13.824455863692872,13.282086859089395,0.9939532515495924,1.098980770850473
6402,4355,4498,4160,56.77315569247466,9.828430528346296,14.151044264264144,11.883480586089084,0.9082679868337251,1.4398071211320003
6403,4432,4498,4463,40.18126833892876,9.1609487303166,10.528037079106085,9.691840217196573,0.9841425522806497,1.1492299966995054
6404,4500,4499,4440,50.14063679294655,10.35449783020126,11.307208566267098,10.782922505931806,0.994567870038919,1.09200936169855
6405,3118,4466,4499,54.16803437317455,9.411008244237859,12.45636497380523,11.427877504070542,0.9431894297182493,1.3235951611701084
6406,4500,4440,4493,60.53412071171086,11.307208566267098,12.41730329536682,11.849835428449383,0.9941210035700508,1.0981758426577075
6407,3118,4500,3120,80.05108652567145,11.805548614148998,14.83525505555308,13.795771887847303,0.9613371546477044,1.2566341082847237
6408,3270,4501,3673,61.73641101869819,10.901280619923412,12.681094342071177,12.014945409742316,0.9833580223728803,1.1632664807192412
6409,4117,4468,4501,72.21337755521552,11.219140745781157,15.705305033241716,13.32938882867999,0.9210629011723387,1.3998670120211778
6410,4487,4502,4468,79.01131943462399,12.934123614663052,14.719780130234525,13.584307618963889,0.9853454478984656,1.13805778951634
6411,4502,4441,4503,49.92426236733236,9.463340198072906,12.159304140891864,10.904710827959788,0.9596610259208181,1.2848850285830322
6412,4504,4503,4441,52.386894367410534,10.26586963488176,11.800355866454582,11.052571215416977,0.9871877078355347,1.1494745487862896
6413,3673,4503,4102,51.03866753461881,9.926974156549665,11.449930420067298,10.921174280325848,0.9841510601245078,1.153415959334679
6414,3680,4504,4441,87.28691365317272,11.800355866454582,16.90461634757524,14.645188745240953,0.9204792589880859,1.432551402592084
6415,4504,4403,3236,87.15396267205307,12.969944903843416,15.923562633795383,14.347985281731772,0.9707496542251719,1.2277278548096773
6416,4384,4505,4489,42.43429989872794,9.179970568131212,11.21843820116318,10.021805143402121,0.9684336966801012,1.2220560096465476
6417,3503,4155,4505,87.28767427493645,13.222502196358283,14.829783626627007,14.25164784320218,0.9898867429175487,1.1215565258678042
6418,4507,3085,4313,81.77182586298176,12.471680201787372,16.581425985099226,14.123515562033568,0.932039945639784,1.329526231976576
6419,4454,4506,4391,72.9723117935078,11.448810044219968,15.029750992872463,13.231474323948126,0.9509794767105171,1.3127784402764517
6420,3085,4507,4506,60.199380739241064,9.615731044630731,13.512078761705377,12.148416768516737,0.9219279460265746,1.4052055635697405
6421,4313,4366,4507,70.45177027327648,11.715364319998987,14.679151499077506,12.95539867362129,0.9603244883746623,1.2529829289234409
6422,4316,4508,4494,62.11346360441751,11.66226414736637,12.436268579929958,11.990466877077536,0.9969894081806372,1.0663682817318434
6423,3502,4508,3834,87.68314904470263,13.078238463607672,17.085668241557606,14.600696211189435,0.9360920770053626,1.3064196901670864
6424,3552,4509,3855,58.001779483600394,10.73251231786306,12.75545037169196,11.666315052453745,0.9791834247216935,1.188486907251152
6425,4011,4509,3129,78.01630401629593,13.036184446470104,14.034351724915952,13.443711910699818,0.9958805525599974,1.0765689748058243
6426,4420,4510,4298,95.66464980080364,14.367859164432362,15.640944131420337,14.89417494275724,0.9945850568362098,1.0886064480740107
6427,4329,4510,4319,103.17963667941277,13.94856907130526,16.5850634960102,15.557925121228108,0.9790700228552671,1.1890154044638663
6428,2990,4511,4346,71.16526482192835,11.46530530446284,14.977915968239195,13.07827222971673,0.9492339805053353,1.3063686984775784
6429,3697,4511,4399,94.76015476131634,13.27307117836921,15.872960619736395,14.922893305789314,0.9766810506271569,1.195877005888747
6430,3603,4512,3972,41.14510170122549,9.04623594116937,10.444584634011049,9.797903672128575,0.9864032241990202,1.154577959488963
6431,4473,4512,3971,79.463081142901,12.658485449180844,15.295379879642333,13.702389414392611,0.970629336495638,1.2083104207883042
6432,4468,4513,4417,96.44662250755137,14.170621851635907,15.660635219340021,14.961477955136031,0.9933720629520831,1.105148057954288
6433,3675,4513,4457,79.83590249179571,12.407367632146817,15.089676815313203,13.713170502929643,0.9742167133233032,1.2161868063147148
