element_id,node_0,node_1,node_2,area_um2,edge_min_um,edge_max_um,edge_mean_um,quality_equilateral_normalized,aspect_edge_ratio
0,1229,1230,1196,50.39886301461438,10.004316921493043,14.795800725198227,11.636580895786755,0.8289840899764155,1.4789416250310174
1,1204,1205,1227,43.72785681390707,7.500656265907806,12.811543588552247,10.725374510641016,0.838867525331632,1.7080563532531994
2,1196,1230,1231,7.338612994892742,2.594591506596188,10.004316921493043,6.866302809363077,0.29764617445752395,3.8558350692427807
3,1224,1221,1223,44.299032174413064,8.000000000000014,17.020932564220853,12.380501637548635,0.6130646811631666,2.1276165705276027
4,1207,1225,1206,39.07523983627116,7.684320878685642,13.321376052343007,10.405770414556097,0.7944048917806453,1.7335788370437688
5,1206,1226,1205,40.833333333333414,8.000000000000014,12.811543588552256,10.341052633730635,0.8510553847469754,1.6014429485690291
6,1207,1221,1224,103.0860627828935,12.164297997881702,21.81111028824178,16.998780283448113,0.7819091943186808,1.7930430750742856
7,1228,1196,1197,58.133194890328554,7.999999999999974,15.280649348254743,12.72646963849733,0.7753240713064549,1.910081168531849
8,1202,1198,1199,40.833333333333385,8.000000000000014,12.352097572745734,10.204611808547263,0.8789106513033845,1.544012196593214
9,1197,1198,1203,36.509680545822356,7.392023319759784,14.178789896277472,10.610850356311099,0.700715096358466,1.918120287631646
10,1199,1200,1201,40.833333333333314,8.0,12.352097572745727,10.204611808547256,0.8789106513033841,1.5440121965932159
11,1070,1431,1069,52.2861603565766,8.000000000000004,14.417562097592649,11.876315333583477,0.8114777291557307,1.8021952621990802
12,1203,1204,1197,52.52202191666326,7.422200202829998,16.397982174059738,12.666324091055737,0.6930832688712977,2.209315529889288
13,2050,2045,2049,113.65255678857379,15.530200671103888,17.327742478773143,16.25828057599456,0.99071769425952,1.1157449182877484
14,1457,2015,2018,75.40442232777546,11.986182442384155,14.145681751060884,13.290618490967086,0.9809614854657615,1.1801657299191908
15,1197,1204,1228,100.22522034297258,14.544186971799823,16.397982174059738,15.280309571032278,0.9885826698111726,1.1274595277037003
16,1208,1221,1207,86.62058069535223,8.000000000000009,22.317379708167408,17.376163332136397,0.5782721021426853,2.789672463520923
17,1191,1192,1195,20.41666666666667,5.170254227961588,8.806087945080737,7.325447391014109,0.8405746208751774,1.7032214581356484
18,1194,1195,1192,20.416666666666668,5.170254227961587,8.806087945080737,7.325447391014109,0.8405746208751774,1.7032214581356486
19,1192,1193,1194,17.418247559551787,5.170254227961587,7.648946001373663,6.577671771206691,0.907082828117832,1.4794139058011697
20,1217,1218,1216,48.374471984678365,7.391038258977454,14.45181016022017,11.664680469311923,0.7679203026099387,1.9553152958809836
21,1220,1221,1210,76.40517184434707,7.407148831513959,22.988568844527244,17.068799772654796,0.5207966700758313,3.1035651324733236
22,1220,1211,1986,125.20816085218478,13.422146606573712,20.79898878568426,17.783784315897165,0.8863312141552689,1.5496022652216912
23,1216,1218,1219,57.7470537969014,7.999999999999991,16.83459638511614,13.095468848445435,0.71923999169716,2.1043245481395196
24,1209,1210,1221,91.17585394947145,8.0,23.339155314037445,18.10924138618823,0.5554784914829874,2.9173944142546806
25,1440,2050,2051,119.22886290870474,15.353276707532146,17.723789878422096,16.67923363779389,0.9862962420687132,1.1543978667255441
26,2019,305,306,53.64445897043015,8.0,14.591056287114316,12.063304848785789,0.804758089425356,1.8238820358892895
27,1210,1211,1220,81.66666666666696,8.000000000000028,20.81068164192318,16.53655680920249,0.6085984426708849,2.601335205240388
28,1222,1223,1221,19.70096782558681,5.806216096198411,12.12057234842504,8.64226281487448,0.5579759419040302,2.087516576649794
29,1212,1214,1986,71.65995446211673,11.313832865234723,14.38339207280124,13.046944392494217,0.9628780352141544,1.2713102839797725
30,1219,1986,1216,99.37859697880083,13.375945809287964,16.83459638511614,15.347490556830545,0.9657005885062927,1.258572412384219
31,1214,1215,1986,55.0203895732107,7.999999999999984,14.38339207280124,12.217497441605408,0.8033743427456539,1.7979240091001585
32,1213,1214,1212,31.84995727366202,7.962577672909343,11.313832865234723,9.092136846048014,0.8639712682751891,1.420875667401924
33,1208,1209,1221,83.06283515144521,7.446389527157186,23.339155314037445,17.700974849787347,0.5240031984330158,3.1342914883674706
34,1431,1068,1069,76.14046448908513,11.315355771517224,14.79372146736909,13.508879778826321,0.9508957471245865,1.3074022387000448
35,1071,1072,994,21.975662941287055,7.769570143426973,14.569449954572054,10.113006699333008,0.4522756614163319,1.875193824834409
36,1431,1070,1071,49.555635391472606,7.517169157493107,14.77903465474645,11.835862571799112,0.7638613574256732,1.9660372601852016
37,997,1570,996,60.97459680059714,7.768272634730766,17.264616623986555,13.58069255908616,0.6980340858058535,2.222452459611044
38,998,1570,997,62.62673416787342,7.972771409948242,17.264616623986555,13.656193336387561,0.7123444114003834,2.1654473377280277
39,1570,995,996,49.31133306865816,7.999999999999986,15.709188418541157,12.052916410364025,0.7334925304043646,1.9636485523176481
40,995,1570,1431,106.79325051668916,12.449560812550931,18.509217174500385,16.325275284599957,0.8998884870218526,1.48673655666957
41,1431,1570,1066,151.426459967551,17.80262901292955,20.74257656043398,18.85408448003736,0.9788311601935566,1.1651412016376475
42,1994,1991,1993,93.59922204318471,13.43229680259731,17.05855118683109,14.961178621117918,0.9556482197837044,1.2699653259249448
43,1000,1993,1682,55.206568034332975,9.739516761882644,12.841755501656813,11.502854402218146,0.9513796006040893,1.3185208071015742
44,1065,1570,1682,150.08805728534253,14.450701260496245,22.20510344078888,19.484232917781267,0.8834714403528424,1.5366107872903563
45,1431,1071,994,94.78908964595608,14.569449954572054,15.049724217224984,14.799402942181162,0.9992926486464788,1.0329644745786861
46,1547,1335,1336,34.48101066281926,7.517169157493124,10.084166298294123,9.120356639941738,0.9425560403376754,1.3414845518332141
47,1337,1327,1547,37.85496131477234,6.997053796901371,11.670109828781985,9.933772912544205,0.8484315951018796,1.667860526376125
48,1328,1547,1327,42.97851262533187,7.936717720700455,11.670109828781985,10.338849204796178,0.9040553008654876,1.4703949717581792
49,1332,1333,1331,90.00892609467952,13.428835544326574,20.452218361623096,15.812449363465772,0.7970349627263299,1.5230075827582659
50,1330,1331,1333,78.70685561198191,7.770419956908024,20.85621041689145,16.359616245140856,0.5968309521413597,2.6840518958502306
51,823,2018,822,26.76799035384579,6.84311430768289,9.37792720908618,8.07368050558969,0.9329908696474589,1.3704180271484592
52,1333,1329,1330,74.51450198781694,7.999999999999974,20.85621041689145,15.845256128423463,0.608853766432464,2.6070263021114397
53,1334,1328,1329,59.17494917608083,7.488120266219388,16.334705518252587,13.327164182037157,0.7020173583218235,2.181416021313407
54,1064,1432,1992,59.894915980382486,10.101288330850796,13.380156221715271,11.988886138786961,0.9496938683907608,1.3245989801964506
55,1004,1433,1994,67.41117707855689,9.740084028491463,14.805853838704847,13.032177637053179,0.8882393262466571,1.520095082896114
56,1004,1005,1684,35.51175654102295,8.000000000000057,12.595164727653183,9.84070757533265,0.8137918191160752,1.5743955909566367
57,1683,1991,1433,68.55915582451655,10.811977447415146,14.618162472207711,12.86583244765984,0.9425022635943968,1.3520341254228683
58,1994,1993,1001,57.38362834759656,10.653740821472171,13.43229680259731,11.72497462634442,0.9536408921182593,1.2608056670127619
59,1683,1571,1061,66.8713615165525,10.909973653387189,14.784536166860772,12.745141998736875,0.9361745554472182,1.3551394931435659
60,2022,1468,59,126.30651066148596,14.63251489208778,19.128121722326927,17.39035410413229,0.9522687390070862,1.307234051247749
61,1968,1965,1623,85.2065838987792,12.240185233472742,15.986450442193982,14.274249170508414,0.9545519358931179,1.3060627872261672
62,1911,1041,1047,98.54916946243573,12.721756144278073,19.813458166865196,16.010890206885154,0.8592745266630591,1.55744678188764
63,1571,1684,1006,74.34131040414866,11.346496538214023,16.791420713094958,13.756364048144826,0.8832649487547921,1.479877128287388
64,2049,1531,1888,84.54022166182604,12.94462812678128,14.666842380449546,14.033902870507655,0.988298548360903,1.1330447067927087
65,821,2017,820,31.818937044970085,7.999999999999972,13.010121201242166,9.763093375637192,0.7304255103195678,1.6262651501552765
66,1905,1571,1007,87.03076949238266,11.875787760047627,16.926863858109588,14.616864681890327,0.9219766586211645,1.4253255615644063
67,1059,1010,1011,40.83333333333337,8.0,12.190497175523747,10.161995819963165,0.8879375044318746,1.5238121469404684
68,1010,1059,1009,40.83333333333337,8.0,13.834233589342295,10.709907957902681,0.7828301910521208,1.729279198667787
69,1984,434,435,46.862802595210724,8.0,13.4569433703765,11.084525084865248,0.8449580954443325,1.6821179212970625
70,1008,1060,1007,58.01047317349921,7.9973366965304935,16.18099321837619,12.9031834104213,0.7485186806192493,2.0232977342814684
71,1015,1995,1014,40.63959616106523,7.999999999999964,14.17441881328015,10.835831613357263,0.7575182282094776,1.7718023516600268
72,1012,1058,1011,40.83333333333308,7.999999999999943,12.190497175523717,10.161995819963137,0.8879375044318731,1.5238121469404755
73,1968,1967,1503,75.19548224591573,12.517196867323028,14.622680426899247,13.287259207606162,0.9786227657806881,1.1682072737125933
74,1012,1013,1057,37.838751743069494,7.436341113231042,13.582649575863163,10.438160324486654,0.7581439932266896,1.8265232012684784
75,626,1859,1496,118.17461276896731,15.637203822796652,17.632507205262296,16.581711631333857,0.9901685386720168,1.1275997553703814
76,1015,2071,1995,58.59231394927529,9.249854884965389,14.17441881328015,12.139699264058,0.8915095933546169,1.5323936417985424
77,1526,1884,1883,66.5581279379749,11.09403199062526,13.982874908589059,12.566057433618495,0.9649160355034011,1.2603961229249154
78,1909,1455,921,89.51646424075355,12.965116169306727,17.932782073158368,14.930183072162864,0.9084549454755524,1.3831562971731763
79,1995,1013,1014,40.639596161065555,8.000000000000023,11.85878457754602,10.06395353477924,0.9041633246503851,1.4823480721932483
80,1520,1934,1935,67.891551103506,11.40069462222006,15.528063496989121,12.9750778112558,0.9133116336169038,1.3620278422969756
81,1056,1013,1995,67.52425988601655,11.85878457754602,13.247397219883352,12.526772305832452,0.9917186315536041,1.1170956967180765
82,340,1939,1716,54.518002486824145,10.297872238721395,12.562871354183034,11.341317773153586,0.9722582742105388,1.2199482633844432
83,1432,1991,1992,71.03139599441143,10.101288330850796,15.557870968128759,13.379890908051385,0.8886742730157493,1.5401868017778257
84,1567,1939,1677,57.73710918844995,10.973143150307274,12.001375583801678,11.571316985882001,0.9944246385299685,1.0937044581857671
85,1024,1439,1023,63.65183982380145,7.463844175460655,19.29243364592012,14.627603377965288,0.6114497368739301,2.584785157941675
86,1111,1112,1113,43.43022475806367,8.0,13.4840841830284,10.780547052178903,0.8272960537130736,1.68551052287855
87,1109,1110,1113,89.31557357167422,11.84544034102973,16.67923155294854,14.775319315591707,0.926075996439539,1.4080718886553951
88,1572,899,900,46.86931688711542,7.999999999999979,14.700091869004826,11.483392538224715,0.7765503983736632,1.8375114836256081
89,1572,901,903,68.77518372565864,12.01859622261788,13.712633922918709,12.672084621515275,0.9856924422226016,1.1409513780912954
90,1572,903,904,49.0224155493361,8.00000000000002,14.188963743142518,11.49132915405059,0.8159483045874114,1.7736204678928102
91,906,1685,905,33.09335485300754,7.430231794098451,10.214982733349288,8.959531365759245,0.936554643141267,1.3747865499246819
92,1001,1993,1000,37.91047017025079,8.000000000000044,11.088886254963775,9.609467672282156,0.9319777325542854,1.386110781870464
93,903,901,902,20.529462030986068,5.87915838247859,12.01859622261788,8.632584868365491,0.5852911696192094,2.0442715505737015
94,1435,898,1572,101.79093259064183,14.159160015418713,16.0326797254067,15.404089939107422,0.987461832984491,1.1323185632444162
95,1108,1113,1114,55.76414746363904,7.622710091749149,16.373162476717187,12.876493980513231,0.7150191346894634,2.1479450588629314
96,1113,1108,1109,62.16855445950713,7.999999999999994,16.373162476717187,13.391482843171344,0.7403664269183241,2.04664530958965
97,1114,1106,1107,34.448554077905854,7.466350516448426,11.79503355605352,9.496614298212847,0.8522782033307111,1.5797588835494627
98,1114,1107,1108,43.461564017091675,7.418039413509931,14.633609373073359,11.282227447545603,0.7374870677669363,1.9727057996513526
99,1520,1935,1936,75.54451199000303,11.996475314558216,14.985258597038657,13.386400529910041,0.965447962737656,1.249138451429432
100,1881,1964,1503,81.2873920619593,13.428124133956379,13.97871786579336,13.70681391223318,0.9989245550069898,1.0410030266584047
101,1047,1048,1911,40.05923064585972,7.422200202830033,15.497456309512195,11.443283617541567,0.6523368243838608,2.087986834901479
102,1682,1993,1432,83.36016997502307,12.841755501656813,14.618248311083638,13.938026342682038,0.9878436237763912,1.1383372241589265
103,1049,1911,1048,39.61296360266499,7.459827247892174,11.410194340282477,9.995936994382074,0.886894496045085,1.5295520876179145
104,1991,1994,1433,71.05549301630154,9.740084028491463,17.05855118683109,13.805599229176755,0.8210883939315843,1.7513761828883425
105,2052,2050,831,48.7755783156337,8.858695587335216,11.979764187399901,10.867796920783443,0.9376320265894937,1.3523169488436542
106,1042,1044,1045,50.58758454562475,7.4747016034174925,14.614006365958838,11.922101728042803,0.7677283818203248,1.9551290661927159
107,1045,1046,1042,57.7470537969014,7.999999999999984,15.53263586588029,12.715547410613036,0.7711231309282464,1.94157948323504
108,305,2020,304,26.97739336956306,6.744382731202079,10.48004281977474,8.408141850325606,0.8522094281205936,1.5538920665474805
109,1041,1042,1046,57.254512527570725,7.491004035866541,18.40288234006137,13.8088407472694,0.6236532387989373,2.45666432055694
110,1046,1047,1041,73.56827116605774,7.999999999999984,19.813458166865196,15.405446835642186,0.6409341139700633,2.4766822708581544
111,1042,1043,1044,42.311977521172004,7.999999999999964,13.677597214752074,10.758946423642811,0.8066300621621898,1.709699651844017
112,1911,1437,1574,89.66434858989251,14.22542436131795,14.722391144771795,14.395613726805983,0.9989571278374618,1.034935111307133
113,1449,1893,2055,58.994327868696494,10.404500543086147,12.693949490792454,11.791379282904058,0.9729629210012762,1.2200440990151766
114,1632,1508,895,43.37051209395427,9.79288524754744,10.389779270930276,10.01872105207372,0.9971647146480185,1.0609518041204786
115,1689,1454,1514,73.34612356518174,10.959122147253893,15.60973655888252,13.42360508976828,0.9213921612966623,1.4243601220188942
116,905,1685,1572,70.2740522133618,10.214982733349288,16.094853657858078,13.398193739474612,0.8753930962002284,1.5756124193252452
117,1435,897,898,51.544153326827555,7.454567501857629,14.516297272214794,12.043341596497045,0.7650541670519856,1.947302411387036
118,896,897,1632,36.57315687737954,7.9999999999999964,10.521799298122428,9.360762028309606,0.9521819976828025,1.3152249122653041
119,891,892,1585,44.62295079684379,7.73239076841706,12.419618056916496,10.704987660449774,0.8656242268732611,1.6061808603419798
120,892,893,1585,47.26908906271512,8.00000000000002,12.534477074793262,10.984698377236592,0.8724686458785832,1.566809634349154
121,894,1508,1912,35.72666301000394,8.296619007901114,10.267717436663403,9.197275606456914,0.9678055447005928,1.2375785156441623
122,889,1514,888,47.195307249049655,8.0,12.463026095454962,10.972287196786505,0.8732820911013037,1.5578782619318703
123,890,1585,1689,86.44537131531818,12.178305094322495,15.485799657302678,14.357863170005494,0.9573795355454746,1.2715890706763564
124,1514,1867,888,85.3312439771522,12.463026095454962,16.095529134499124,14.275153250277862,0.9567182184872912,1.291462363251319
125,886,887,928,32.0,8.0,14.483019405395694,10.486728389481518,0.6256643360482913,1.8103774256744618
126,1435,1685,1509,102.4549119283769,13.804461528346279,20.610065766992204,16.42215837804343,0.8491600575416375,1.493000340844241
127,910,1573,2064,60.638965495808804,11.307002276286676,12.956012116306905,11.908153795009119,0.9837211241327365,1.1458397017818394
128,1984,1983,1965,108.1301077637556,12.66757638374243,18.32971732267239,16.363720246404565,0.9093425543435182,1.4469790248272554
129,309,2021,2019,66.98745374906784,10.31253377889166,14.959013806102801,12.860680418291622,0.9148671927790256,1.450566284371533
130,895,1508,894,34.63151100901942,7.406440092254847,10.267717436663403,9.182552055553899,0.9308166647184798,1.3863228904532268
131,911,912,1573,42.731767785619205,7.9132966592325955,11.580115092074198,10.3069896697777,0.9045120034481281,1.4633743167663826
132,1003,1994,1002,30.130087321761266,7.546913807486703,11.331796968890924,8.95957025879256,0.8371139661557034,1.5015140304967487
133,1906,1436,1766,64.83427377929668,11.464740407233407,13.540439574421383,12.336196478931377,0.9789032133279559,1.1810506905048075
134,974,1834,1451,75.13842363983193,12.84354453706941,13.576992262869496,13.183341158377182,0.9978904363253115,1.057106332576898
135,912,1906,1573,64.18635446838493,11.427557258026306,14.02682208279118,12.362949550030374,0.9610860059598547,1.2274558565820568
136,1487,1937,1933,63.16881260755296,11.244567644672161,14.141749306918765,12.31051501920932,0.9519811724783049,1.2576516726829716
137,1907,1906,1908,69.63309151966128,11.755874902154273,14.129557199884102,12.802238334822327,0.9753444821976637,1.2019145591022622
138,1910,1907,1909,71.986673623928,12.694100544788538,13.184512190695694,12.898749765047922,0.9989483454422673,1.0386330362026706
139,1910,1510,1767,109.2401677444612,15.489464094293929,16.223723043409123,15.891954061495356,0.9985465876110601,1.0474037671442542
140,800,2054,2053,61.72553800416493,10.681955369143523,14.529550183674017,12.306585709317247,0.925052032441723,1.3601957395969717
141,1455,1908,915,81.56729759453063,11.195813704969481,16.10017428651063,14.167248864970837,0.9177264811652639,1.4380530715122788
142,1906,913,1908,53.72872697898768,10.543602921590464,12.521282902428608,11.256073025010666,0.9731566428279121,1.1875715536278768
143,916,917,2008,43.047579531955776,7.999999999999984,15.152753843153961,11.413407183880908,0.7160030030611463,1.894094230394249
144,1496,1859,1860,99.77682161646925,13.894215493265579,16.300945059630443,15.277454791897556,0.9829116831349413,1.1732180969505899
145,918,2008,917,37.5681139406,7.521830538781953,11.08746770848878,9.653188610049693,0.9080429202024497,1.4740384872169998
146,2008,918,919,39.37036878774527,8.0,10.94986311717209,9.766710233350144,0.9372512133159632,1.3687328896465112
147,1807,703,1808,53.19261325939225,10.06408408573848,11.70881697187192,11.159617991990112,0.9816673656278436,1.1634259881099507
148,1455,915,916,61.94384216349337,8.000000000000025,16.10017428651063,13.332676109965114,0.7451237640517739,2.0125217858138225
149,634,1860,633,29.642099908634837,7.991781174153301,8.779626796606474,8.296238572604048,0.9928708280989268,1.0985819813236617
150,1879,1885,1499,121.60282128540821,14.379391695785714,18.68036561273295,17.05368044530971,0.9537114099261195,1.299106805624313
151,907,908,1509,51.07078244115172,7.999999999999954,15.52124314737196,12.105205829776319,0.755068249659201,1.9401553934215061
152,1465,2021,1640,71.04473531750482,11.420090312628554,13.907262441508172,12.93830009054877,0.9732434288236086,1.2177891821161217
153,925,1510,924,54.37410925417552,7.452698055520638,15.212590515937233,12.531157957666286,0.7389227327229776,2.041219220557098
154,1437,1027,1028,63.16465373723806,7.681353147971523,16.905439241223586,13.819705696068345,0.69521325488671,2.200841299125525
155,1487,1936,1935,62.926008846254945,9.865049099867784,14.347110950634983,12.463209242878674,0.9143458836980949,1.4543375106797258
156,334,1938,333,37.69582394833651,8.0,15.748276066018398,11.414198958320918,0.6186690849771481,1.9685345082522998
157,1829,1052,1438,76.73958114329227,10.62120134234182,16.950117628452684,14.042845712173758,0.8686964318624136,1.5958757472076535
158,1829,1025,1026,50.79901249675001,7.999999999999984,15.19512397930046,11.966504035599447,0.7713150845619221,1.8993904974125613
159,449,1938,448,46.33439809026567,7.999999999999984,13.580592076493572,11.066655405413911,0.8371900959403478,1.6975740095616998
160,1450,2005,2006,98.1907925253535,13.719019281799442,15.997174639930961,15.15651463601,0.9826613535277906,1.1660581788928506
161,1438,1053,1575,50.996803516921645,9.613920044855663,13.864848263202278,11.36998690364811,0.8884351912697765,1.4421638830480243
162,1829,1051,1052,64.69509509705257,7.999999999999994,16.950117628452684,13.795652621425655,0.7212195150002851,2.1187647035565873
163,1964,434,1984,67.61569791181547,11.786305043189602,13.4569433703765,12.55431985894836,0.9877697998577216,1.141744025889796
164,1574,1029,1040,86.07338572730448,12.007857765074492,17.89759240036606,14.766620291411952,0.8877827608411618,1.4904900399821677
165,2051,2050,2052,64.24460778955896,10.964710142343112,15.353276707532146,12.694305945830157,0.9003525384006587,1.4002446492626768
166,1465,2020,2019,95.9336537142816,12.665635276336932,18.448019101480266,15.470775181775801,0.9045325315261152,1.4565411603116742
167,1624,1924,1918,126.11402959884863,14.93537252277203,19.835303680496878,17.418698765922553,0.9474099211222136,1.3280755903646797
168,1038,1032,1037,44.4338564355509,7.400091435286347,12.699550066343756,10.848578277596728,0.8298983711865826,1.716134209610931
169,1032,1038,1031,40.833333333333314,8.0,12.446093331160075,10.230760537691138,0.8734507687095745,1.5557616663950093
170,1031,1039,1030,47.25339186871895,8.0,13.461992869947911,11.125304270830563,0.8455816783862513,1.682749108743489
171,1029,1030,1039,47.25339186871895,8.0,15.187419950872378,11.700446631138718,0.7498435460194801,1.8984274938590473
172,1037,1032,1033,49.96507900500072,7.8789815086633626,15.281676870393303,11.953402815133474,0.757667755835005,1.9395497823659416
173,729,1603,728,41.84181668272638,7.435576536542084,14.209105941481026,10.989028660990305,0.7522085182860663,1.9109622329419222
174,1995,1054,1055,36.181116357948596,8.000000000000004,16.94975391229827,11.997505532441926,0.5296928420416062,2.118719239037283
175,2069,1016,1017,48.99475545523594,8.000000000000023,13.7098119724659,11.365379295001189,0.8373516486890452,1.7137264965582326
176,1910,922,923,30.036128597620475,5.67417256289252,11.690403300664029,9.325245045103948,0.739350310176696,2.060283357809023
177,2069,1017,2070,64.99185864899032,11.993119603954854,12.386651873020613,12.255365796504371,0.9990939860066971,1.032813169722412
178,1018,1019,1020,21.060661188047938,7.406692854427749,13.505136600039158,9.460430498889536,0.49792589361813944,1.8233693316937987
179,678,1963,1878,64.65385716430762,11.447087517024729,13.735906135554208,12.349569227880727,0.9727016918700457,1.1999476823362645
180,1020,1021,2070,69.61944837927918,10.837062342160749,14.580422542390265,12.952579913958544,0.9445173113862335,1.345422041697247
181,1455,1907,1908,81.83443555772203,11.755874902154273,15.205758603432402,13.99451757408625,0.9527652736056494,1.2934603957588844
182,2070,1018,1020,78.9453675168917,12.635419813324388,14.580422542390265,13.573659651917938,0.986149861845948,1.1539325766615858
183,1025,1829,1438,76.20778922173872,10.62120134234182,15.413067145792935,13.743130822478406,0.9083355135655385,1.4511604336458779
184,1829,1027,1437,97.64597381984538,13.831656302796913,16.905439241223586,15.188832503033384,0.970576725723813,1.2222281172360479
185,730,1604,729,44.03099841387848,8.0,13.048809092828554,10.700412911240846,0.8558699959705851,1.6311011366035693
186,1024,1025,1438,61.15287067844278,7.999999999999964,16.438905068453014,13.28399073808197,0.7409572216083999,2.054863133556636
187,1007,1571,1006,65.50160833985274,8.0,16.926863858109588,13.906094857068183,0.7175171541197479,2.1158579822636985
188,1439,2069,1023,104.92411084915337,14.401247568173918,17.126532312515085,15.689455422679876,0.9794020337811502,1.1892394899427963
189,1640,1639,1465,70.17244591281393,11.317078446665027,13.907262441508172,12.867972560162785,0.9713640659650523,1.2288739100864352
190,2070,1022,2069,77.71478803048441,12.386651873020613,14.071949868986378,13.458363680817618,0.9877205454180119,1.1360575895118612
191,1466,1593,1594,97.20730584372077,14.530205351945764,15.805430858228425,15.015842775855369,0.9942331905088951,1.0877637635115662
192,1438,1575,1024,85.09969834103674,10.631192402886386,21.508907058771836,16.193001510037078,0.6970007441981088,2.023188579761959
193,1655,1654,1790,53.19939515841863,9.824263376731631,11.948146195542678,11.203249075104045,0.9714792360845851,1.2161874877908279
194,1593,1466,1595,92.46262141937261,13.99988959360855,15.805430858228425,14.681874273009734,0.9876734553013368,1.1289682502527854
195,1054,1439,1575,100.88425004931364,12.497663495656296,22.076336956242233,16.973378511075847,0.7674386624598747,1.7664371395433325
196,1145,1686,1577,55.765804834416215,10.782554330141448,12.736881361780213,11.464081955830677,0.9739033389815678,1.1812489853332488
197,1033,1034,1035,57.747053796901,7.999999999999944,15.717610696825815,12.754779020839976,0.7654891722993036,1.9647013371032407
198,347,348,1718,39.08752378535938,8.000000000000114,12.66296860047592,10.144998922111972,0.8466843031172006,1.5828710750594677
199,1744,1670,1780,52.75105633439218,9.80381653745343,12.366834965479363,11.184536016687256,0.9652556427603128,1.2614306804125166
200,1037,1033,1036,90.10862219506758,12.041330353115555,17.44050486367262,14.921170695727158,0.9144512697216759,1.4483868768835904
201,1965,1983,1974,120.99027942571422,15.689237376413098,18.32971732267239,16.8304819618117,0.9821571207068476,1.1682988078330014
202,1835,1837,1838,41.20495017319224,8.395842179721402,13.141474103727939,10.452946632823659,0.840499243969608,1.56523596113666
203,1934,1937,1935,53.09174163441145,10.713442494545747,11.40069462222006,11.083704922937878,0.9974088403882735,1.0641485804422057
204,1510,1910,923,77.10682436833963,10.611159271755296,15.489464094293929,13.85132129694633,0.9034133637639824,1.4597334464221707
205,1953,1463,1690,96.87204879531733,14.510950053302873,15.934170888293261,15.002579191241784,0.9920387963186175,1.098079094047081
206,1772,1773,1484,100.75377077201101,13.243390924938709,18.08253262098809,15.6443193648486,0.9357830378735379,1.3654005022940736
207,824,825,826,27.856902958121548,7.040828677775726,11.408139928897354,8.816322868891021,0.7918887914638757,1.6202836982679303
208,1465,2019,2021,99.54821796335095,13.487547517509581,18.448019101480266,15.631526808364216,0.9244986732040247,1.3677815835333282
209,2060,832,833,37.464800945535124,7.3934545925503965,11.65769271437844,9.772109371280294,0.8770856031026114,1.5767585461503566
210,228,1611,1706,62.19318762377724,10.902912602301319,14.852503087912527,12.416222665712612,0.9137380018643503,1.3622509534541765
211,1436,1907,1910,65.04738030247572,11.550052184655115,12.694100544788538,12.288653085663256,0.9929659658383615,1.0990513585430683
212,1387,1671,1386,41.8422229992684,7.885361315507442,12.937318539807123,10.482149490106819,0.8466020143574334,1.6406754265482348
213,359,1885,1526,124.89038584599008,16.14273405003468,18.24176526986568,17.053470753319292,0.9891228298120814,1.1300294741476269
214,833,834,2060,40.18044274951103,8.0,11.642479002335255,9.969219936415767,0.912951358124636,1.455309875291907
215,1862,1861,165,63.552437867123025,11.451717589363195,13.103786545096568,12.175699587919391,0.9868527054050314,1.1442638576127548
216,835,2051,2060,110.51122609117552,14.604524470079978,17.13828164201532,16.07930125153979,0.9827277285927316,1.1734912476695973
217,835,836,2061,36.661413523462215,8.0,12.991920281964372,10.078843873876265,0.7981004362316163,1.6239900352455465
218,2061,2057,1440,71.12389590801733,10.051274936977165,17.166858065327084,13.791433056257285,0.8266048672549738,1.7079284143519677
219,410,1754,409,31.246003832036465,7.674494622156638,10.466395796229829,8.785835920059647,0.9174531034896055,1.3637895798392818
220,1953,551,1742,58.80101754120528,10.597131710871468,13.842260417669433,11.925851818201144,0.9420158042973147,1.3062270806230356
221,2061,837,2057,55.06986613128152,10.051274936977165,12.938135747959215,11.465704522107524,0.9572862791736183,1.2872133962191914
222,953,1839,1838,83.4084207130369,13.32368037180034,15.170933638510222,13.962653813404614,0.9843474935817745,1.1386443696607738
223,2051,2052,2060,66.88602803229018,10.964710142343112,14.604524470079978,12.70599212426122,0.9438113923177969,1.3319571863264097
224,1443,1687,1577,68.78008621121785,11.717028989325039,13.787830419472344,12.691104056289078,0.9817936319610784,1.1767343438369862
225,407,408,1753,37.29210831237908,7.455008906116548,11.109180860590458,9.635861656198587,0.9034552161385799,1.4901633251538844
226,830,2050,2049,83.63263554733919,13.127247937438021,15.530200671103888,14.029634072327255,0.9755995317972326,1.18305076167662
227,404,405,1730,41.96966962918876,7.40665889439589,12.8447874932078,10.555268712276007,0.8304642253197083,1.7342215533817236
228,1594,1593,75,74.82119078522531,12.0013151741213,14.530205351945764,13.267177063470557,0.9757644016154751,1.2107177539406317
229,1474,1602,1604,80.81358972158179,12.789258084391683,14.493123407578427,13.714579900273359,0.9896420761483303,1.1332262834906883
230,1440,2046,2045,64.67921233124898,10.057128671390508,17.552020551291925,13.536338355350138,0.7749887629737522,1.745231777855455
231,1886,1654,1529,59.374024813128656,9.749355990981305,14.242908987555351,12.13337771019087,0.9103488270186452,1.4609076743869884
232,2057,2059,2047,57.28107101902029,9.068101701120465,13.917334949502456,12.008426701429238,0.8898886115325813,1.534757263229945
233,229,1708,1707,67.71340397904235,11.074860868602393,14.256571950650393,12.706841888330421,0.9584625458307171,1.2872912914931744
234,1773,405,406,37.235689223613434,7.703287626039157,14.363108651616185,10.72167501599018,0.7017440176357709,1.8645426925336483
235,149,150,1810,62.009066890760096,8.0,16.56555736574021,13.405892883292273,0.7363842366120088,2.0706946707175264
236,631,1859,630,43.41674504600273,7.999999999999984,12.3425704673392,10.46754980289604,0.8881950404099345,1.5428213084174032
237,1437,1050,1051,51.98369940182066,7.999999999999994,16.728172977507455,12.656196345034814,0.6937499798998201,2.0910216221884337
238,801,2054,800,41.044128447692046,7.71565604361884,12.605504234611244,10.33437188245787,0.8551361503975813,1.6337566324041242
239,826,1925,824,68.77031704576392,11.408139928897354,15.309419873072745,12.978095190253647,0.927365404211533,1.3419733601174777
240,1338,1543,1359,27.21668107929651,5.349010811244057,10.752864360936098,8.81652602730969,0.7503162403689537,2.010252874855422
241,1358,1359,1543,34.087396775972515,8.000000000000004,10.347702909748913,9.043930527639876,0.9513737037973963,1.2934628637186134
242,1543,1357,1358,33.31389012715962,7.622710091749137,12.188548309540465,9.531782358153437,0.8131914854866992,1.5989783374725763
243,1576,1354,1830,72.53658278459552,11.97686404131425,14.464545040560887,13.073330120457783,0.9740052029186768,1.2077072087205272
244,1355,1356,1543,60.27041806021095,7.824363448479872,16.90565166675942,13.386665868869812,0.7136581184416573,2.1606424315634105
245,1339,1999,1543,81.79437874547992,10.768953299611256,17.48645387889917,14.530571236299695,0.8626062578422838,1.6237839827507103
246,1999,2000,1998,103.55288205440135,14.871479828904485,16.249464532270093,15.49634971639186,0.9945254689258616,1.0926595550153206
247,1998,1996,1441,99.49389445979702,13.355068951188718,16.686445130089183,15.348657467621772,0.966863762601563,1.249446572763965
248,1345,2000,1343,62.18305932094931,11.551486461807233,12.918156914269167,12.034994540379516,0.9887998072334026,1.1183112196841996
249,1436,1906,1907,66.53239757535974,11.550052184655115,14.129557199884102,12.561006279892853,0.9660889878400337,1.2233327585009532
250,1996,1347,1348,44.606680130872775,7.6943048877289915,13.60629614126527,10.969848196360262,0.8152022497030151,1.7683593696637656
251,1342,1343,2000,37.51383274586026,7.401566809658951,11.551486461807233,9.753142742316902,0.8827001272123628,1.560681239373897
252,1350,1997,1996,73.10772169071522,11.758317527201836,16.797392896426683,13.666498503107926,0.880483112261743,1.4285541156349442
253,1353,1576,1997,77.85655517126274,12.607559174723807,15.287519637709575,13.586449260052946,0.9664207761529995,1.2125677481140578
254,1531,2045,2048,65.93572378431726,10.384032121143205,14.142930865555956,12.630067355574292,0.9391261290228871,1.361988358718494
255,2048,1511,1541,70.14703621969676,10.861542436234659,15.87550319294287,13.252088757395427,0.9008129533504668,1.4616251132050437
256,1150,1115,1892,33.964571951179124,7.011258173262837,10.328033106124991,9.206102755548523,0.8999146326741588,1.4730641563750353
257,1487,1935,1937,49.03453018763273,9.865049099867784,11.545228106037033,10.707906566816854,0.9835891128709391,1.1703163348869463
258,1535,1148,1892,81.92113576080993,13.055263834013935,14.979784490183315,13.833015322521305,0.9851646969393296,1.1474133867103682
259,1963,1522,1944,67.84502086073061,11.67516764092911,13.59044848154003,12.592072680345547,0.9843340197614846,1.1640473952508061
260,1999,1341,2000,73.6694344551132,11.27538224051004,15.368104788000998,13.364595704385906,0.9378441937535256,1.3629786077483634
261,1687,1142,1143,38.33431679426983,8.000000000000004,11.670636910513618,9.782470240354401,0.9038407896044132,1.4588296138142016
262,1440,2045,2050,133.09969052551546,17.327742478773143,17.723789878422096,17.534517636162388,0.9996584049829815,1.0228562607122145
263,1512,1142,1687,63.748335145007175,11.670636910513618,12.77862695538931,12.160319207254162,0.99415361869033,1.094938267154687
264,1145,1577,1144,45.41880267407265,7.435576536542014,12.803656303322564,10.99203806721493,0.824933958270352,1.7219453313941715
265,1512,1722,1721,80.5424303751405,11.591192650126287,16.259620990696064,14.033549247581968,0.9272594174211668,1.4027565136292437
266,1139,1140,1721,36.94991578796752,7.488120266219388,11.405096750198592,9.639962274082086,0.8929624879273199,1.5230920905009464
267,1967,1884,1503,64.12669583499509,10.797808415704546,14.622680426899247,12.504324668102328,0.9321067933676773,1.3542266971167716
268,1754,1752,1753,89.07193534465857,13.37834837959834,16.80434492988132,14.620312034244984,0.9516515382300585,1.2560851648554423
269,1138,1721,1137,50.44527855461253,7.738807721244753,13.623895333235867,11.645817501969317,0.8132077678385726,1.7604643795238943
270,1737,1778,1525,59.87270325855583,10.807603273456918,13.171837538236487,11.885262800184256,0.9722753000556519,1.2187565739562298
271,1721,1141,1512,55.7940774003545,9.00438722146974,16.259620990696064,12.583240640337742,0.7710277864008795,1.8057443100544592
272,879,1805,1806,70.93744579523764,12.071453498330337,14.179047180949969,12.903714682976002,0.9789576371164584,1.1745931989806484
273,950,1834,949,36.930849500310615,8.0,13.596702209386686,10.34654046444856,0.7569079464441429,1.6995877761733358
274,1535,1686,1146,44.292979695662034,8.638134793573695,12.291582478798858,10.450878734094701,0.9178469738118171,1.4229440466642325
275,1120,1921,1119,51.45222741610996,8.0,17.46230775968189,12.95924442141706,0.6494219340787778,2.1827884699602365
276,1535,1147,1148,43.51063193608827,7.397912951115311,13.055263834013935,10.78111108969872,0.8224109543240867,1.7647225535474462
277,1921,1120,1920,111.1401373055132,14.981320251408238,17.46230775968189,16.121460303420108,0.9835968754926275,1.1656053983653705
278,1117,1892,1116,36.93553014871619,7.489872899101718,11.296868091267251,9.61552325169513,0.8981434551875819,1.5082856870137433
279,1892,1148,1149,37.5226009938674,8.0,14.979784490183315,11.018682985692182,0.6667030140656015,1.8724730612729144
280,1118,1535,1892,100.44204192666274,13.463997643366666,17.48851364559295,15.49704393370004,0.9551272797307687,1.2989094404817465
281,1116,1892,1115,37.15756300426109,7.940685675480724,10.279016987257743,9.426510475818295,0.9537714239945824,1.294474735223096
282,943,1857,942,36.242567626286785,7.999999999999984,16.731388783908837,11.878322734393905,0.5425259310005838,2.0914235979886087
283,1121,1922,1920,93.42504705377286,14.320364245446001,14.963293814575374,14.69617113016126,0.9986283834996603,1.0448961742948564
284,1833,1832,1444,87.43068669267655,12.995185720032358,16.18276555015487,14.405737725253857,0.964768984781193,1.2452892862630496
285,1447,1833,1125,102.73303060883083,13.671169902283449,17.763013014593724,15.67997518232013,0.9541407181706816,1.2993045322058963
286,1124,1833,1123,37.24747918340538,8.0,12.715302606882782,10.016806690443,0.8249323943309583,1.5894128258603477
287,1771,378,1950,72.66563577500344,10.84381612631449,14.807314991810387,13.268006290480606,0.9372485942732843,1.36550775292821
288,1769,1642,1641,103.00657717708883,13.77680077787909,17.300943456047637,15.623089773904816,0.966357737020503,1.2558026885187406
289,1125,1579,1447,78.75188903298799,11.236979156537481,17.763013014593724,14.340109827075077,0.8546987759592934,1.580764079664552
290,1793,1792,1483,99.1387165909471,14.575413983216015,15.714885044924676,15.152565229369936,0.9962331585824236,1.0781776121776572
291,1804,1241,1242,40.14610054197131,7.400995054819087,14.222227413185163,10.873208980938552,0.7358844956365184,1.9216642232350223
292,1133,1579,1126,88.50448827113317,11.15650223361703,21.230015441943504,16.174789278561704,0.733806588620043,1.9029275482034802
293,433,434,1964,45.191274495170546,8.0,12.419711163278976,10.689806590792287,0.8845348848000786,1.552463895409872
294,1577,1686,1921,81.83034265147295,10.782554330141448,18.804417280991014,14.922863654343397,0.8095042631346643,1.7439668473012306
295,1806,622,623,32.980520448334204,7.887862129103448,11.35962277564572,9.204069805157301,0.874698483458429,1.4401396208147061
296,1346,2000,1345,47.08085819823762,8.000000000000004,12.918156914269167,10.996274777480167,0.8661796584170173,1.6147696142836452
297,1520,1710,1934,90.06211042733787,12.261801846802678,16.372272115270313,14.720712486354037,0.9460895445263398,1.3352256315852518
298,1476,2079,2078,88.74875165628377,13.35984374293301,17.100480970388492,14.665671330785736,0.9399461699553888,1.2799910911708212
299,1344,1345,1343,24.315656114741188,6.375246432674538,11.635340245062151,8.670195559245546,0.701859683871979,1.8250808604712876
300,2056,1440,2047,103.23830047076657,14.366189438467309,16.09369779646451,15.500414672246494,0.989672747252999,1.1202481956260146
301,1411,1412,1410,20.03319726277013,6.122010380010707,8.29751474248292,7.01446449829988,0.9240407829596297,1.3553578363041598
302,2045,1531,2049,95.50392911040413,14.142930865555956,15.91689857810666,14.908890608037387,0.9898041473037544,1.125431406645073
303,2014,513,514,41.91193542487825,8.0,12.074532433160698,10.247196140363181,0.8973794185493051,1.5093165541450873
304,1996,1349,1350,81.9479160473007,12.443785085695257,14.908761538653716,13.869875909121754,0.9782359307086257,1.1980889605520486
305,1960,958,959,35.95903685605799,8.0,13.156796038040605,10.096325588809998,0.7773262547186868,1.6445995047550757
306,1307,1308,1446,55.79552534920427,7.597820691966708,15.176363420777545,12.646346020639193,0.7462288798975834,1.9974626983266064
307,1578,2072,1305,89.50213492069386,12.945061188999478,16.771242069448714,14.656464798546637,0.9510570439283178,1.2955707064328648
308,497,1987,1988,103.73350444101183,14.576507075745427,17.621123380918714,15.677963694916684,0.9671556981634628,1.2088714593525205
309,1446,1831,1578,82.48316120351,13.356228351461294,14.61973098037367,13.836812339796287,0.9933125287075275,1.09460025657424
310,1840,1960,1453,99.4118145189006,14.122172714333272,16.986012906330895,15.308446681376834,0.9734798827561018,1.2027903389887715
311,2014,512,513,41.911935424878266,8.0,14.483709242447782,11.050255076792206,0.7492297238176784,1.8104636553059728
312,1988,459,460,28.942137123981013,7.444668206973368,10.6963335276525,8.638966524503125,0.8706803498258386,1.4367777354581526
313,1996,1348,1349,54.00934246390902,8.0,14.908761538653716,12.171685893306327,0.79377544342111,1.8635951923317144
314,2024,2078,1092,82.51150243328149,12.485202005024767,18.426857903667766,14.711429819306984,0.8528918016358955,1.4758958562506024
315,1288,1310,1311,55.20114550590014,7.648946001373661,15.47618659756415,12.568582034242548,0.7489913929230576,2.0233096945363203
316,1285,1286,1312,29.548372785292834,7.416837896198105,10.489132565631213,8.632029875854796,0.8944558002463315,1.4142324144643872
317,1287,1311,1286,40.83333333333322,7.999999999999993,11.638277957321442,10.042470174317566,0.914144626829555,1.4547847446651816
318,1288,1311,1287,40.83333333333326,8.0,14.580613503789836,11.023248689807033,0.7317376707556746,1.8225766879737295
319,2003,1310,1288,73.67268578529162,11.606580585307734,15.47618659756415,13.357753594504567,0.940036890031315,1.3333975914624485
320,2003,1288,1289,44.60550134672303,8.0,12.990493600641823,10.740565248782737,0.8610815164091318,1.623811700080228
321,2003,1290,1446,92.06344112600435,13.163690272445882,16.73035938585843,14.812671110040332,0.95956111384049,1.27094751088745
322,1308,2003,1446,89.4353243371294,13.163690272445882,15.176363420777545,14.454007982594453,0.9846833277640815,1.1528958146747477
323,555,2080,554,34.48785861604985,7.999999999999984,11.577333238501689,9.40121322722934,0.8770079503567875,1.447166654812714
324,1291,1446,1290,66.05372747110664,8.0,17.347569506628957,14.025976297495797,0.7096821738932121,2.1684461883286197
325,1578,1305,1306,44.89399959481675,7.859273561601891,12.945061188999478,10.788463591955752,0.8568431458667511,1.6471065789394654
326,211,1989,210,58.05806747311522,7.999999999999984,15.333333306313415,12.722048638869582,0.7748409327162747,1.9166666632891807
327,2054,1511,2056,74.25719016872652,12.614475195467767,13.904837017186459,13.132153519956631,0.9926266789924474,1.1022921526043592
328,1291,1831,1446,90.3571415145811,12.60111268868057,17.347569506628957,14.856137725227732,0.9295430912669088,1.3766696588795744
329,1308,1309,2003,41.590128923425084,8.000000000000025,15.02197025455993,11.26697942531532,0.709986174010509,1.8777462818199855
330,1293,1294,2001,44.80391751377014,7.5953089515067305,13.192756789826147,10.90214039006363,0.8304529530485605,1.7369611788087982
331,1253,1255,1256,57.74705379690145,8.000000000000004,15.658890192343792,12.741597243493546,0.7673746881665852,1.957361274042973
332,1257,1258,1252,40.06105114647846,8.0,12.939547660891229,10.318890415361844,0.8365651106121638,1.6174434576114036
333,1881,1884,1526,85.9414598187492,12.621265401641166,17.48748165778778,14.608989726600688,0.9114063167861526,1.3855569232791705
334,1833,1444,1922,92.2485538873023,14.039261905574342,15.344290749349687,14.62644849291361,0.9944615743820956,1.0929556591046412
335,1253,1256,1252,57.74705379690145,8.000000000000004,15.658890192343792,12.741597243493544,0.7673746881665852,1.957361274042973
336,1258,1251,1252,21.40456325585555,6.163720463568053,10.017123585194307,7.735267484169945,0.7901310844509779,1.6251748670957082
337,1252,1256,1257,48.34305683523838,7.517169157493103,15.658890192343792,12.038535670242709,0.7139235987420329,2.0830833874125387
338,1254,1255,1253,52.25287581969964,7.676514615012876,15.658890192343792,12.316413053288224,0.7396190783769618,2.039843728261765
339,1751,1932,598,55.69948967604957,10.843909548753853,11.982869421483004,11.371152237660787,0.9931254253449511,1.1050322180951828
340,1909,1907,1455,84.50971996831703,13.184512190695694,15.021919216672076,14.033027460463757,0.9881945790820531,1.1393610168810826
341,169,170,1962,38.95271246653587,7.70848230844316,14.47615723300455,10.8780742046425,0.7136201423374233,1.8779516711284014
342,2016,1457,1927,74.0827055240531,12.599520236191093,14.010021579906768,13.12727365512012,0.9905440552016871,1.1119488137067413
343,1881,1880,1882,52.57879624824247,8.488754555806091,14.679753325241325,11.857169964940207,0.8252968253238815,1.729317678905058
344,1858,945,946,33.21948818212148,7.999999999999886,9.45069981144164,8.819627254415328,0.9816103077995952,1.1813374764302218
345,2059,839,2058,46.409227044209445,9.487409115436213,11.00525786125345,10.413136947784004,0.9844265728236549,1.1599855900962113
346,1126,1127,1133,79.16881344759626,7.459827247892146,22.649176322302488,17.113006337379378,0.538086850426933,3.0361529254852724
347,1794,1775,1793,66.18518346708227,10.443235449640737,15.165693612964844,12.819874043364715,0.909449894433214,1.4522025943106136
348,1991,1432,1993,95.22931374790714,14.392687873925357,15.557870968128759,14.856269051045919,0.9952903832148224,1.080956601324921
349,915,1908,914,29.41036015524089,7.365928559406241,11.195813704969481,8.853914088125245,0.8364463015151217,1.5199460074415876
350,1302,1300,1301,42.91031107312224,7.999999999999984,13.569507490384632,10.76718463168182,0.8182893480786823,1.6961884362980824
351,1125,1833,1124,32.60383515406943,7.391482458539061,13.671169902283449,10.132589941756244,0.6872534534485366,1.849584299086002
352,2072,2073,1304,90.22850231222537,13.636254016656103,15.245993081285027,14.479938119969262,0.9917674033649865,1.1180484803717132
353,2001,1294,1295,52.087455043244745,8.0,14.28928298963808,11.827346593154743,0.8160244287540057,1.78616037370476
354,1295,1296,2001,52.311682919040926,7.772449309180007,14.28928298963808,11.949309361969902,0.7971471783067265,1.8384530308561895
355,1303,2073,1302,36.7774190119531,8.000000000000044,10.33211524980769,9.365405702049479,0.9575750871210003,1.291514406225954
356,1904,1568,181,122.45783734664201,16.087011485808095,17.352540107437548,16.842638261170745,0.9958893081761886,1.0786677266157172
357,2073,2072,1299,83.7345279183875,12.960157248106919,15.524426850749977,14.040279371837665,0.9751377014537379,1.1978579081683303
358,2073,1300,1302,63.48288207112682,10.33211524980769,13.569507490384632,12.338222739684449,0.9502765835993524,1.313332958673414
359,1749,1946,1750,98.4427989336456,10.990191067313711,19.028228891804304,16.169450650915365,0.8269703646198704,1.7313829009212391
360,587,1728,586,35.90962639306814,8.000000000000185,14.148890344024046,10.531406450837684,0.7039768865692259,1.768611293002965
361,121,1777,120,41.586705329835276,7.399047994477683,13.105661894539123,10.588415317487256,0.8155050069632193,1.7712632631009557
362,1802,1801,771,76.56971597164683,12.696352391754235,14.013815067073027,13.330794169114625,0.9934250014218663,1.1037670217923716
363,2001,1297,2002,69.16636810501234,9.923039129967439,15.679157707378488,13.270271347141055,0.8773519340134316,1.5800761744481742
364,1079,1856,1078,35.51349039175349,8.000000000000057,12.655895033595527,9.864192479612583,0.8092617384240546,1.5819868791994296
365,1883,1884,1967,57.49463510869692,11.09403199062526,12.092485161703186,11.545539149379593,0.9948152631155344,1.089999124927857
366,2001,1831,1292,70.29860157976546,10.049343744566055,15.83803551474852,13.374133467958002,0.8783961461954585,1.576026844868608
367,1751,1702,1932,71.01937478979903,11.982869421483004,13.400391527103272,12.850065606771402,0.9909548053647222,1.1182957149711505
368,912,913,1906,39.044594705816834,7.477976608407544,11.634469309273639,9.93859305623137,0.8844716389325737,1.5558311985347641
369,1858,934,935,34.37457045437441,8.0,12.44002100692127,9.697010622140267,0.811167529243118,1.5550026258651588
370,1517,1931,1668,93.71586688624532,13.702987176240134,16.880394922993286,14.927493189769178,0.9628501764752666,1.231877013813639
371,176,1962,175,50.749496533719906,7.999999999999984,15.153103376300379,11.94789535416591,0.7733186983812649,1.8941379220375512
372,1128,1133,1127,89.25764816347362,8.000000000000044,22.69162218575592,17.780266169352817,0.5663504090165975,2.8364527732194746
373,1752,1484,1753,118.1838767355753,15.008161227615709,18.213140807416373,16.675215654971137,0.9755197380066698,1.2135491171232458
374,1728,1727,731,87.1104262466748,12.64094937285706,15.524969986534972,14.33432799467093,0.9719174589419552,1.2281490518323368
375,1791,1774,1482,68.74152163284788,11.285505729608575,13.634943917851357,12.717009109208389,0.975288281375549,1.2081819144425945
376,1752,1933,1705,82.2610243469127,12.179831626318675,14.899830443362086,13.938743056834566,0.9700460047088298,1.2233199029751713
377,1447,1134,1135,44.11147661299512,7.4015668096589025,13.44882681699625,10.942485800048084,0.8061458625873508,1.817024308886301
378,302,1638,1515,70.85051000587428,10.190168413702736,16.52730063673397,13.559971231016208,0.858247059789526,1.6218868978170842
379,1669,1668,1931,59.721382263211126,10.260602635358477,14.199097470074113,12.09797020415744,0.9257600866507091,1.383846346523879
380,1579,1134,1447,69.54157273429033,11.236979156537481,13.744590550613976,12.810132174715903,0.9712606853194528,1.22315707443647
381,1686,1535,1921,76.07833033558018,10.42291892991155,15.881884245043912,13.82880750895106,0.8913222514040768,1.5237463086723526
382,1533,1542,1670,71.70156615059842,11.8483983092185,16.71249715922747,13.556128940953867,0.877233868686371,1.410527965305194
383,1429,1914,1626,77.33978325109894,12.767719854263877,14.202763605937362,13.405375747793007,0.9919387881048393,1.1123962436561639
384,1529,1654,1655,52.76156797092459,9.749355990981305,11.948146195542678,11.16437104225848,0.9697522865648456,1.2255318409334295
385,844,845,1580,59.428243795438654,8.000000000000025,16.22663586862687,13.052255811580237,0.74831255297749,2.0283294835783527
386,1606,1605,1474,61.98120267557496,11.658960055407993,12.406849672232374,11.976788610875744,0.9971887832665359,1.0641471978006711
387,848,1581,1448,80.30341758603431,11.76998608794697,15.42036536328132,13.862095641586237,0.9533815676710224,1.3101430407868122
388,1717,1502,1622,116.10975088316604,15.757859730821746,16.74917311431588,16.393220401887785,0.9970383428273824,1.062909138704615
389,1580,791,792,56.065863798364816,8.000000000000064,17.046323020449606,13.05522195920579,0.7012323130169706,2.130790377556184
390,1536,1688,795,78.706853218775,11.988146924215437,15.981819027718712,13.80412317272169,0.9404390926458142,1.3331350648894922
391,1580,846,1448,103.46267383899288,14.355816494355711,17.621405890278073,15.665369729407395,0.9658300258447777,1.2274750027075294
392,848,849,1581,39.672781093993535,8.0,15.42036536328132,11.348094841019503,0.6628664163434059,1.927545670410165
393,1709,1707,238,47.59605510359123,8.884559383120871,12.56089371304199,10.803310388200435,0.9238618508317723,1.4137891561516849
394,1448,1581,790,78.3147782276185,11.76998608794697,15.839980955104211,13.763941157173958,0.9409499681610438,1.3457943651543574
395,1582,851,1584,69.43693695433608,11.528530781194831,13.778384271346152,12.763006807276907,0.9792122206804231,1.1951552659096203
396,430,1778,429,34.703378262511805,8.000000000000064,10.11771789230033,9.077497754836598,0.9638589537262164,1.264714736537531
397,1712,1489,1711,92.8136034551104,12.187846877874295,17.230057455806755,15.066271856759203,0.9259504281260609,1.4137080674262525
398,1435,1572,1685,90.45029337836661,13.804461528346279,16.020430076496847,14.569878810686534,0.9791478287853236,1.1605255332560613
399,1594,75,76,39.39102095446128,7.999999999999943,13.270010664344609,10.386107181087814,0.8077292570269029,1.6587513330430879
400,1130,1131,1128,43.90298892943719,8.000000000000044,17.032269005157254,12.36777155306396,0.608570948240587,2.1290336256446447
401,1474,1976,1606,67.64685595674894,12.196335585645048,12.928279941630445,12.510488399835957,0.9975527340438823,1.0600134647694417
402,1006,1684,1005,35.511756541022564,7.999999999999972,11.346496538214023,9.424484845519567,0.9030923497652139,1.418312067276758
403,1131,1132,1128,95.3538067068684,11.348834762053452,21.953431667564068,16.77817847825826,0.7333434627405764,1.9344216501388047
404,1477,1668,1669,57.451890985140075,10.577006451153144,12.354290695205558,11.588502551132807,0.9839037844078992,1.1680328221657317
405,778,2004,854,76.33120999234463,12.580545065782658,14.688367419488007,13.381505718980797,0.9796937331466102,1.167546186805398
406,778,854,777,31.999999999999716,7.999999999999903,12.580545065782658,9.587036560260342,0.7666280319663523,1.5725681332228514
407,1584,851,852,39.30614093512369,7.824363448479874,11.528530781194831,9.877284568624164,0.90838838245835,1.4734145284923603
408,925,1637,1510,98.38888408016817,14.928185301540989,15.189828008285833,15.074979734915496,0.9997908233528835,1.017526759044037
409,779,2004,778,48.40976705279893,8.000000000000064,12.875604671671727,11.167894069460909,0.8616393130533276,1.609450583958953
410,1736,427,428,37.63399546473246,7.999999999999903,12.755849517331665,10.061442462898698,0.82613893903003,1.5944811896664774
411,781,782,2005,44.29942444598237,8.0,12.970954283162808,10.70529163500818,0.8610217066654905,1.621369285395351
412,781,2005,2004,95.84791807564253,12.970954283162808,16.468452086638933,15.093713268657973,0.9618168923602897,1.269640747097237
413,1541,1511,1896,87.36033638242456,12.711422221776782,15.87550319294287,14.378502031045763,0.9679773638702508,1.2489163616755246
414,1540,283,284,39.776026869454,7.971307861552639,13.752898202104234,10.604950730398087,0.7773552481485673,1.7253000939077348
415,781,2004,780,55.58921036383566,8.000000000000057,16.468452086638933,12.796958996712126,0.7279800376912209,2.058556510829852
416,1582,1450,1583,86.46137289509223,13.598873405426817,14.645189930630194,14.150000216455291,0.9963447000706408,1.0769414122780074
417,1584,852,853,35.79753355408161,8.0,10.278959476197793,9.233354419666943,0.9597482776980366,1.284869934524724
418,1777,1952,1951,45.89243495726945,9.678614267462038,11.007863600650321,10.337947844395105,0.9889550039561245,1.1373388066158405
419,445,1948,1947,42.97427584926335,8.830259952569854,10.994239332994054,10.081296465454939,0.9685242907904651,1.2450640628982186
420,1130,1128,1129,20.097011070563042,5.839365330585117,12.071045654034586,8.636803661539902,0.5710886771142445,2.0671845261692234
421,1536,1894,842,101.64893775159355,12.679733245107508,18.243492287009904,15.81403548283354,0.9188105950966001,1.4387914898800556
422,1671,1550,1377,62.34554876916316,10.419526387650402,13.567076813566104,12.204428982230722,0.9554873690760072,1.3020819093703042
423,843,1536,842,65.15791151852683,8.000000000000057,18.243492287009904,14.178127434369799,0.6816896840684905,2.280436535876222
424,1536,795,796,61.51538726619239,7.999999999999984,15.981819027718712,13.262739340694047,0.7486746203170053,1.997727378464843
425,1513,1514,1454,113.08954542912586,14.824258772578117,19.121765010129213,16.51858678052995,0.9450500279508635,1.289896871302639
426,797,1893,1536,72.02980549950237,12.074235422168659,14.350551723557457,13.013601360179761,0.9768007548267013,1.188526744907542
427,1651,657,658,31.5531833622963,7.9427761392017935,11.914145969504814,9.285640702902203,0.8125605172225814,1.4999977036621004
428,1688,843,844,44.954999866105425,7.8954122357088234,15.56617620778615,11.72296844273059,0.7051258776576211,1.971546987424485
429,373,1615,1614,108.64104179779919,14.427035465962897,17.17875426725403,15.959665599759347,0.979976984240686,1.1907334883721017
430,1893,798,2055,43.022268993129984,9.42841901111998,10.404500543086147,9.992696061807825,0.993314496627824,1.103525472384603
431,804,805,1897,23.41221561105033,6.969823049724178,13.157723339581075,9.375848796435099,0.567736263749741,1.8878131117118926
432,1889,2062,1887,67.48148923448464,10.266259220605646,15.613609051713818,13.05153910773276,0.8898470202211084,1.5208664340342568
433,1912,893,894,32.22548530317931,7.999999999999993,10.055848785169527,8.784155931023545,0.954310372075272,1.256981098146192
434,613,1607,612,45.62459525229684,7.476902494081874,12.988783721047502,11.013516238426428,0.8258783577401736,1.7371877901749286
435,317,300,1515,59.29182112062323,10.459281260902385,15.366925162437687,12.38806056069735,0.8664746527713894,1.4692142585246712
436,2056,2046,1440,55.429170772312816,8.547835294553861,16.04135678180766,12.529685973243167,0.7689917076260311,1.876657215427185
437,804,1897,803,23.41221561105023,6.969823049724178,8.000000000000025,7.394362481015641,0.9853895004530728,1.1478053234531707
438,1880,431,432,42.48216400224905,7.999999999999904,13.396509467845142,10.672778431296825,0.8260836822903557,1.6745636834806628
439,1533,721,1656,88.91040151588122,13.750507638377599,15.480567792203141,14.394887768568053,0.9880696177124791,1.1258179115509128
440,828,1887,1458,87.62006903020665,13.404817524181933,16.31074424617716,14.429569396526169,0.9636323323785835,1.2167822662824772
441,1511,2045,2046,57.04776348499495,10.057128671390508,14.95600957190969,12.120717718690413,0.8712829145084849,1.4871053220642405
442,1551,1473,1375,108.99716902570458,13.18886614926676,21.19690316519052,16.971545351912056,0.8423755052420883,1.6071816125276979
443,1541,1889,2048,51.0496942774633,9.221000690423633,13.019220643008753,11.188019471951614,0.9240415025283868,1.4119097351906413
444,1894,840,841,41.676613978346296,8.0,13.62129400710239,10.689715836339564,0.8049797337340352,1.7026617508877988
445,424,425,1712,45.71998081396286,7.3911535242970325,15.37152567294971,11.7516157037283,0.7086813325007449,2.0797194406013486
446,1580,794,1688,82.51383709351583,13.180480394486159,14.976185760457874,13.875062172213584,0.986642306095922,1.1362397509215916
447,1580,1448,791,112.3365787296949,15.0188868035884,17.046323020449606,16.172239706110894,0.9891895776171444,1.1349924427406164
448,77,1471,1594,95.16810206181324,13.833435464120878,17.070727083494674,15.053239381800031,0.9611504579207003,1.234019353165756
449,789,1581,1582,87.51234044016906,12.599823373568098,15.260212229889804,14.368524731626577,0.9715525666326539,1.211144932547441
450,1581,789,790,38.65167908856294,5.670252131298193,15.245538591421829,11.532549050396904,0.5927482063390418,2.688687952211288
451,2006,1583,1450,83.86518421631746,12.90594827192893,15.753349986299598,14.086057221218448,0.9689393547894783,1.2206270825185241
452,1953,1742,1779,53.01967123850222,9.62143792208959,13.842260417669433,11.518366366036068,0.9020913261915503,1.4386893653275437
453,790,791,1448,62.386579797110656,7.999999999999903,16.451509294294677,13.430496749799596,0.7381463964591107,2.0564386617868595
454,1871,1873,1497,81.2972507528419,12.48862925801866,15.783754513167471,13.923729518596561,0.9590223183526327,1.2638500340646341
455,1702,1703,1701,79.24898768365782,13.299567426195699,13.653305843871623,13.531350856180856,0.9994176372669216,1.0265977385835254
456,1863,166,167,45.08981382059606,7.41171073655136,14.08401620635535,11.222355283154451,0.7781877875965457,1.9002382455239462
457,890,1514,889,47.195307249049655,8.0,16.818710343314013,12.424181946072855,0.6513947263288405,2.1023387929142516
458,1536,843,1688,88.29686037106961,11.988146924215437,16.290890016099436,14.615071049367009,0.939092534434812,1.3589164463102033
459,1513,1454,1635,87.43120240712777,13.581799059389967,14.824258772578117,14.23680375654584,0.994912768375531,1.0914797596220627
460,2068,786,787,44.25521321281899,7.581417172832073,12.37282327448625,10.712550438204756,0.854064037439263,1.6319934640747813
461,788,2006,2068,103.54394788465702,14.662444436331537,16.33733307833506,15.50897919445953,0.9922337421636992,1.1142298372741573
462,532,1928,1590,68.27803984779614,12.13676144612326,13.329404390793005,12.591482212946547,0.9928145405551986,1.0982669841509245
463,1825,1822,1816,69.29656937009445,11.069791817574542,14.808733979725694,12.930443972782731,0.944003362982972,1.3377608381230044
464,1874,1524,1497,120.40294415317592,15.947596694800295,18.01535705984889,16.75216770076057,0.9879404164439903,1.1296596850685838
465,793,1580,792,56.065863798364184,7.999999999999984,15.366670326358733,12.495337727842141,0.7776639930579522,1.9208337907948454
466,1874,655,656,45.71775782168925,8.0,12.913312177975575,10.83822627066476,0.8669658086502134,1.6141640222469469
467,1827,680,1824,76.80055262192163,10.998583692168465,16.496518640507617,13.878556182127463,0.8971945681587009,1.499876629774973
468,1449,2053,2047,81.07967305037643,12.198599513156186,15.753803605947295,13.921001922401805,0.9557877714700624,1.2914436275210792
469,992,983,991,71.20707508517036,7.498812052112006,20.669882056980107,15.723905662387223,0.5841135389851065,2.756420872177818
470,1517,1658,1931,110.01430164189966,14.152753939522766,17.29457451720025,16.1092411265721,0.9717612916878583,1.2219935845068064
471,982,992,993,50.87493398221759,7.999999999999984,16.49268912775912,12.48490896397898,0.6993167568522828,2.061586140969894
472,1524,1874,1876,63.19353794433981,9.568642417453969,16.29354934763252,13.023562343044958,0.8237350705452774,1.7028067971180305
473,1509,1685,906,64.65160282504254,9.233379569830001,14.851947838791812,12.910188978099221,0.8608559504019007,1.6085061516717498
474,982,993,981,42.12984741619294,7.936717720700476,12.962037764177827,10.508987146858727,0.8485875668613673,1.633173588922075
475,1636,1434,1724,101.73577939933894,13.562970981856468,18.547666518299685,15.781991128356127,0.9273247368089852,1.3675223918941781
476,352,1624,351,48.29095778868353,7.816258543355699,14.843750880172465,11.674437650633207,0.770396846987605,1.8990864744092386
477,1752,1705,1484,103.7942701427169,14.736567100822935,17.023485540178743,15.589404622872463,0.9821054493640337,1.1551866471824432
478,983,992,982,65.67150066260616,8.000000000000057,19.00302287806955,14.498570668609576,0.6526610995136682,2.375377859758677
479,1974,1529,1655,61.7217059100934,11.704411530971566,12.348170852913983,11.949397774712336,0.9976983860154349,1.0550014257648868
480,989,990,984,81.66666666666733,8.000000000000057,20.96750537485977,16.54579581061331,0.6078152692921178,2.6209381718574525
481,985,989,984,76.26979106622827,7.705401628116561,20.96750537485977,16.161786726719054,0.5926946129092765,2.7211437361487514
482,1613,1486,240,95.66315053728009,13.667491843430877,17.066816891091474,15.089098769984423,0.9615390175243264,1.2487160838727291
483,999,1682,998,36.50663803237099,7.999999999999972,15.218638675848934,11.085424697051257,0.6381186632051481,1.9023298344811235
484,986,989,985,63.60702260395495,7.999999999999944,19.812453177180824,14.722053203377977,0.6086966441566795,2.4765566471476204
485,1602,1474,1605,66.17478871952227,11.732790100092258,13.861358208849968,12.486234804643027,0.974305430621194,1.181420454180031
486,984,990,983,81.66666666666616,7.999999999999943,20.967505374859744,16.54579581061326,0.607815269292111,2.6209381718574867
487,990,991,983,81.66666666666674,8.0,20.967505374859744,16.545795810613285,0.6078152692921145,2.620938171857468
488,988,986,987,40.979605605985896,8.000000000000025,13.954667574900038,10.768399530592092,0.7760077463172336,1.7443334468624994
489,617,1669,616,35.66857816285033,8.000000000000114,10.280807415970884,9.217515559523001,0.9595947586857442,1.2851009269963423
490,1667,1517,1668,71.66952407737422,11.477714691913489,13.78550680674243,12.98873622496535,0.9744697045441421,1.2010672138814247
491,1791,1482,1704,65.3379045085832,11.285505729608575,15.12549218606944,12.697957807843133,0.9188879467874823,1.340258252351625
492,1484,1773,1753,116.91066322509515,13.958274532530256,18.213140807416373,16.751315986978238,0.9489776787385192,1.304827524703716
493,948,976,947,36.16922608838463,7.555075240195278,12.081974343767005,9.737893291403545,0.850126888910885,1.599186501742201
494,1724,1766,1767,70.6023858823009,12.217971560536292,13.139101864692083,12.787976373318523,0.996038543594885,1.0753914264402953
495,751,1800,750,34.97564554076675,7.999999999999944,13.553469156881881,10.20304921272727,0.7349621742881368,1.694183644610247
496,1806,621,622,25.854802552494853,7.467369412043985,13.993095695881918,9.94172987288288,0.5570971765177039,1.8738989493827245
497,976,948,1834,57.74168128223763,11.021212930472805,12.081974343767005,11.571993110557605,0.9944019754147971,1.0962472479196257
498,972,973,1451,50.937381926173856,7.391370999363603,15.27000573264348,12.156195044662601,0.737608176445337,2.0659233224740348
499,1724,1434,1765,81.198766929474,12.731310819389183,15.122101587695916,13.80546112964719,0.9788472861783797,1.1877882648710196
500,972,1451,1837,74.32829614297847,12.190912969521234,15.27000573264348,13.339503163808834,0.9545436835278656,1.252572778660659
501,1065,1682,1432,112.63356341495248,14.354075215305661,21.796894052058676,17.28785830401586,0.8408652552007176,1.5185160816780996
502,1932,1516,1641,97.46324734890112,13.60794183330583,16.262348812009275,15.121888261803496,0.9789756084846051,1.1950630750204052
503,1451,1834,950,84.20754417506667,13.129486675192641,15.454732480363598,14.060307121647641,0.9787024747149194,1.1771010445948633
504,1834,948,949,36.930849500310615,8.0,11.021212930472805,9.488044038143935,0.9316497613898048,1.3776516163091006
505,1451,950,951,61.475845876128915,8.0,16.638306142931093,13.364346207764896,0.734742778421126,2.0797882678663866
506,1430,1681,882,66.36835792830777,9.767218201233565,14.608012072606858,12.887572289337305,0.896453894955101,1.4956164356768356
507,1834,975,976,36.882956551838014,7.999999999999903,11.612792057433008,9.627127842202077,0.8973496071450635,1.4515990071791436
508,1747,635,636,34.03444404168886,8.0,11.097086656069726,9.216896963454445,0.9058354205142883,1.3871358320087157
509,953,954,1839,47.25803356492342,7.43023179409848,15.170933638510222,11.783048321541719,0.7310346071570841,2.041784705903772
510,598,599,1751,40.13464089326823,7.630725534732601,11.286677742745505,10.005420736348817,0.9004513772179888,1.4791093836847085
511,1723,1636,1454,91.30447452983607,11.416520871057543,17.42931125937715,15.153339646404094,0.8907650605590126,1.5266744970933188
512,1475,1751,1607,91.13676233834022,13.867927052497459,14.908386423698428,14.529776024321672,0.9959136322694081,1.0750263083489175
513,1971,1628,1630,59.60830481717301,11.159924519651236,13.158212870303288,11.850810948774567,0.9742542231463261,1.179059306999193
514,1581,850,1582,59.269139245599916,10.76789899144091,12.599823373568098,11.771186975513706,0.9837625464692853,1.1701283029849492
515,1570,998,1682,98.81356335289787,14.450701260496245,15.731191975227889,15.133510637191023,0.9952032539867128,1.088610974073079
516,1836,970,971,39.14735277457416,7.999999999999984,11.873398602466223,9.914409878907293,0.8969204550506443,1.4841748253082807
517,1842,967,1840,63.50386463540992,10.41932794292487,13.499399560884852,12.318019190884394,0.95496502706706,1.2956113517908294
518,1758,369,370,44.739390181745215,7.438828101646729,13.62491326990319,11.045730313065986,0.8014725553455113,1.8315940473052539
519,1544,1960,959,79.33940304750378,12.339435653720484,16.02269936356277,13.839643685107953,0.9443207252275664,1.2984953131735597
520,851,1582,850,46.2246728150202,7.758294659912905,13.778384271346152,11.16083916426372,0.8154389745489932,1.775955267919771
521,1845,1592,1460,76.77115770507024,12.44382240983285,14.063985931976482,13.365813945332656,0.9898824791289036,1.1301982195489557
522,966,1842,965,33.633127674177324,8.000000000000105,12.94822625607478,9.852304169261208,0.7620765934349135,1.6185282820093263
523,1624,352,353,47.93981161124973,7.765871826189885,14.25083924239542,11.460004865652254,0.7979329334987105,1.835059805434261
524,805,1541,1897,80.42961301858108,12.23593941009312,17.593198240981096,14.328953663551763,0.8811890707877855,1.437829793964892
525,2068,785,786,41.456657726034415,7.73665073804733,12.37282327448625,10.312803059904255,0.8698149021440851,1.5992480071045643
526,1870,1523,1869,84.24601235646578,12.873760193123895,14.70780480988118,14.016129240488178,0.987031724317496,1.1424637859680562
527,1448,847,848,49.44666112905443,7.400995054819216,14.395935473530423,11.771517909566262,0.7702783033417197,1.9451351293845816
528,964,965,1843,59.365533664023836,7.552133953832009,16.525269100646096,13.330134783996067,0.7050681731776075,2.1881588967659997
529,1855,1854,1479,79.52748961924665,12.465604371373312,14.42389497236516,13.626786377343107,0.9853329444680544,1.1570955200125694
530,1636,1724,1767,99.00942637385188,13.139101864692083,18.603745136672703,15.659394295425672,0.9135735573010003,1.4159069111615175
531,1571,1683,1684,73.48999723021825,12.540916175962659,13.459980519689763,13.044023862925973,0.9966336631230559,1.073285263279942
532,1960,957,958,35.95903685605799,8.0,11.031417303562229,9.387866010650539,0.9258335151402355,1.3789271629452786
533,1836,971,1837,50.168005967219216,9.15097572800003,11.888419967165936,10.970931432544063,0.9495199719962267,1.2991423341655153
534,1841,1839,955,63.53546549290435,10.861189566767479,15.131389648570043,12.586783269350903,0.9068443545501689,1.393161361888785
535,1841,957,1960,63.06033179690012,11.031417303562229,15.155233366972446,12.556897695733243,0.9040639862016948,1.3738246818093418
536,1835,1836,1837,42.89629869301164,8.395842179721402,11.888419967165936,10.254250274231337,0.9240442596866444,1.4159889755765307
537,1000,1682,999,36.99754653017382,7.401359593075389,11.92729094311498,9.788761983831742,0.860749631248176,1.611499994443452
538,955,956,1841,27.0966774563405,7.403782934332277,11.76777059271519,8.903940011261435,0.750468731694615,1.5894267426650976
539,1709,238,239,28.875635346306943,7.750503161509421,8.884559383120871,8.211687514876731,0.9854712223184304,1.1463203353355695
540,1836,1835,1839,51.07542224888614,10.180031935743456,16.579515882042728,12.412678831197619,0.7246613169159447,1.6286310285363474
541,955,1839,954,43.17166059056051,8.000000000000025,12.747979532016455,10.536389699594652,0.8682801497169715,1.593497441502052
542,794,795,1688,48.14623389838633,7.4472799748316145,13.468520361696717,11.452734634253085,0.7988454543751857,1.8085153783950825
543,47,1985,1599,66.7777501192227,11.382663102033254,14.25671623435396,12.60786165077747,0.9613026559928546,1.2524939117109881
544,635,1781,634,27.507468679488184,7.753647853696361,8.430452285355496,7.989338139178774,0.9937242504680887,1.0872885181826366
545,1661,542,1539,57.56083588979947,10.08529511824899,12.552740704707038,11.681836980910864,0.9650636462338464,1.244657747495489
546,960,1544,959,42.35356962046808,8.0,12.339435653720484,10.352582903385688,0.8861227147185194,1.5424294567150605
547,961,1544,960,38.7599211891455,7.393838411503515,11.688353841011805,9.933501769650634,0.8770870897114761,1.5808235439425857
548,1601,1470,87,72.15215419604553,11.863014054619113,15.806474930704756,13.32058532695975,0.9228490375989202,1.3324164380088697
549,89,90,1697,34.98447126193335,7.421212899207243,10.791547980036325,9.295899013151548,0.914169535686201,1.4541488199575991
550,1841,1960,1840,109.72199048465964,15.155233366972446,16.986012906330895,15.974047485068432,0.9907901751790117,1.120801804566615
551,1739,439,440,37.15351542297788,8.000000000000064,13.357144269415297,10.260713187575591,0.7770925071496972,1.6696430336768988
552,1506,1864,1865,48.605379619807344,10.042515467298093,11.432116180240104,10.644460759341381,0.9877309026686011,1.138371777217275
553,1452,1840,968,69.37285200667716,11.884015422482017,13.482014058932391,12.707687550582788,0.9894856482453915,1.1344662203506823
554,1650,98,1735,68.10433959628456,11.738697685159325,13.853135529071755,12.640700470809286,0.9794470948882483,1.180125419413911
555,419,1616,418,40.236615651546344,8.0,11.475420509767998,9.945054473432242,0.9199955955447592,1.4344275637209998
556,1701,1516,1702,91.61704924510764,13.641179298475246,15.49305409762861,14.6045528055826,0.9893072650126732,1.1357562098286003
557,1465,1515,1638,85.20553318496272,12.207779537546182,18.348085972226936,14.83943671746168,0.8673133937773614,1.5029830704097875
558,1569,1430,1678,73.24784827276775,10.16807150122143,17.30293334703316,13.963445269910897,0.8309765898786691,1.7016927295362412
559,2062,806,807,48.17318502524452,7.999999999999984,14.649740104657809,11.56595525506286,0.7875778606142331,1.8312175130822297
560,887,1867,928,66.00975729785029,10.781071728912439,14.483019405395694,12.627710996924714,0.9425002849577733,1.3433747376483411
561,888,1867,887,49.675198026170456,8.0,16.095529134499124,12.238190330321709,0.7135711992891852,2.0119411418123905
562,1867,1514,1513,105.1542658628162,14.266904520879503,19.121765010129213,16.092236948089823,0.9212102412057885,1.3402882862322838
563,1513,1637,926,82.22306309781617,12.41674625367154,16.48116358510139,14.131996428676862,0.9369338140521422,1.3273335259007994
564,1997,1350,1351,22.692240738138906,6.5901995954574275,11.758317527201836,8.612212462959539,0.6612381735994628,1.7842126565190455
565,759,1799,758,40.2610778729819,8.000000000000044,13.914711685348225,10.70252766098458,0.7715802530042133,1.7393389606685186
566,800,2055,799,28.767182667161464,7.439315263443309,12.238943505407422,9.226086256283592,0.740538306088181,1.6451707007968084
567,921,1455,920,66.72069268670002,8.0,17.932782073158368,14.224300847825367,0.694267344105441,2.241597759144796
568,893,1912,1585,52.39185289715731,10.055848785169527,12.534477074793262,11.152932999328021,0.964460559818352,1.246486233293329
569,2008,920,1455,107.19679463556197,15.024512897005698,16.74012047031773,15.783895104215198,0.9916645317577684,1.1141872342266712
570,1862,1506,1904,94.56558776911125,13.56542560067542,17.728552612223975,15.159729960961466,0.9365685946575447,1.3068924731223526
571,1889,1887,1531,55.73672095680611,10.266259220605646,12.6315814996278,11.468607954030489,0.9717371566513404,1.2303976773034
572,817,818,816,40.8333333333333,8.000000000000028,11.170261080315962,9.983560861897779,0.9275699934197446,1.3962826350394903
573,1912,1508,1940,56.69498192414121,9.027490374806229,13.483974494481085,11.910487861808498,0.896623897477605,1.4936570336438064
574,1940,1723,1585,93.53158260007487,12.609058465430145,17.339715820172703,15.074246279944367,0.9351433663733966,1.3751792703406405
575,166,1862,165,45.64934277571,8.000000000000064,14.502565017974806,11.318094202446021,0.7800105221041431,1.8128206272468363
576,757,1799,756,42.66837360815807,7.758294659912905,11.743851706531277,10.363112569666718,0.8894100374514395,1.5137156064994204
577,759,742,1799,73.39667438569901,11.54664626296458,14.01124502842535,13.157534325579384,0.9718071825927401,1.2134471524745565
578,1852,2024,1096,96.24187379233945,13.429368846070654,18.383461070035597,15.424537819255114,0.9166491147638499,1.3688998552910012
579,741,742,759,43.044083664636275,8.0,14.01124502842535,10.938722886367167,0.7909008708235689,1.7514056285531687
580,1799,743,755,84.75513571393716,11.77322340100254,15.663726741853981,14.295762779634593,0.9430307580636866,1.3304535392168086
581,1463,1591,1690,104.6117180629369,13.84029567645142,17.49328517085214,15.755917245198939,0.9644756414594233,1.2639386888689164
582,1809,1808,1477,67.89836354409695,11.720381703439097,13.373512105850956,12.576536557249353,0.9885142621822308,1.1410474884044761
583,1799,742,743,43.04623584590083,7.782018421184097,15.663726741853981,11.664130475334218,0.6789795575029055,2.0128102882941543
584,128,1733,127,29.83710693970394,7.526446806031154,10.227157533949851,8.584534779993707,0.917756903667947,1.358829444692885
585,743,744,1800,51.32454942758113,8.0,13.893787323963315,11.666654144473823,0.8292428165526053,1.7367234154954143
586,1966,1968,1503,56.59238503165106,10.132214496261101,12.517196867323028,11.562276040116942,0.969924293505253,1.2353860917514143
587,1860,1781,1748,75.56119244600049,12.004247569120238,14.949324368977916,13.3818130149561,0.9665694285863354,1.245336226439848
588,739,1548,738,37.45417001091011,7.5171691574931145,11.058461451196127,9.635267925992999,0.9088655779457789,1.4710938678522423
589,2010,519,520,34.27034389973486,7.529280156484565,10.547270152733793,9.147462297074414,0.928724116418063,1.4008338026378253
590,523,524,2077,32.17753904200214,8.000000000000014,11.604694982556072,9.219103905264166,0.8460001504806708,1.4505868728195064
591,2009,2010,521,78.01697595734994,12.429113996447816,15.768443754328104,13.693083541027832,0.9498348090112325,1.2686699758997024
592,2011,523,2077,55.448926861932236,10.557650293039396,11.915177757929559,11.359174344508341,0.9898404854728505,1.1285823480803465
593,739,740,1548,39.358019710320676,8.000000000000014,10.9717020723796,9.767291747223124,0.9367538596877715,1.3714627590474475
594,740,735,1548,29.647010893675343,5.706860231783967,10.9717020723796,9.098365246489205,0.7731785663826802,1.922546133384073
595,754,1800,751,72.34092527797958,11.096622668818771,14.989800174535244,13.213297333411965,0.9429321298542155,1.3508434612863067
596,751,752,753,23.70478567883804,6.366007531946565,10.03494254563363,7.952313897581921,0.8344339804011905,1.5763321823411662
597,2056,1511,2046,47.66036185649228,8.547835294553861,12.87714834721567,10.924666184846856,0.8980492990049712,1.5064806355616343
598,1800,754,743,75.53114791767776,11.096622668818771,15.954102661603157,13.64817088479508,0.9169263505941183,1.4377439999319597
599,735,736,1548,36.691888125673444,7.632490702387915,10.61653343530405,9.453480905398484,0.9304642254962022,1.3909657868279541
600,699,2027,698,39.12504254994866,8.000000000000064,12.680819993469989,10.15411114455641,0.8458101299810767,1.585102499183736
601,1456,2011,2077,71.30585388658903,10.557650293039396,14.521791249632695,13.187763109263793,0.9283879395295223,1.3754756831836754
602,2075,2074,525,62.993565823938724,9.877561114271916,14.28726288574924,12.458505715515484,0.9164614246953865,1.446436293378719
603,1449,2055,2053,59.582767531985326,10.591442158521572,12.693949490792454,11.827997054156738,0.9779226524927466,1.1985100141041005
604,525,2074,2077,66.7181339451828,11.091452874472155,14.28726288574924,12.625455866153418,0.9563437192673695,1.2881326772466835
605,1054,1995,1439,141.75299788670563,16.91824949994198,22.076336956242233,18.64811345616083,0.9257296249869118,1.3048830469321275
606,2075,527,508,57.72683283131295,10.367961318485813,15.890222579938447,12.478590229273939,0.8247404380985099,1.5326274946267964
607,819,815,818,54.5248972381703,8.0,14.479425765893371,12.154163381793856,0.8051487316941556,1.8099282207366714
608,2017,819,820,31.8189370449702,8.0,9.789059779262375,8.68940623497727,0.9653102606530303,1.223632472407797
609,2015,2017,821,69.54963108315917,11.01406395140348,14.890777757056657,12.971654303234102,0.9405550280253354,1.3519785088190979
610,403,404,1730,44.67109870987606,7.999999999999984,12.511259651223172,10.641873133482497,0.8821935257929423,1.5639074564028996
611,2018,2015,821,75.34028394015868,11.563343293230947,14.890777757056657,13.398037443247944,0.9590970955160993,1.2877571286648173
612,1918,1924,1972,93.07383568388094,13.965493835225669,15.162539618758615,14.687801992252105,0.9951103170605888,1.0857145330953921
613,1143,1577,1687,53.833021363339945,9.676773810549584,12.568452760069851,11.337514040362919,0.9561378466403945,1.298826758394184
614,2015,814,2017,65.77800975612993,11.01406395140348,14.285899610686412,12.553211235646216,0.9530812830971317,1.2970598022418431
615,1521,1647,1733,62.69211627281989,10.417613822741185,16.36188824189645,12.944572647655031,0.832806501433208,1.5705984614422146
616,1925,2018,823,43.56326797604512,9.308987794548967,12.791912289676072,10.49294243110374,0.8923218079911275,1.3741464240791668
617,227,1755,226,44.226323355629575,7.405070292769207,14.389935912778164,11.251974895147635,0.7566234395093255,1.943254465366714
618,1501,1781,1747,71.84524033409801,10.882681635744511,14.701408141586283,13.169036681606462,0.9419845231631628,1.3508994045455711
619,2016,2015,1457,71.73292210440333,11.983075686110906,14.145681751060884,12.9670121954781,0.9805746424578844,1.1804717020569742
620,123,1732,1647,73.36574634726873,11.87182932236649,14.589562783816758,13.163184000661813,0.9708978221607812,1.2289228886006696
621,1709,1611,1707,66.48271669068204,12.055542408003356,12.577282591476504,12.397906237507284,0.9984946494993383,1.0432780347673762
622,1486,1611,1709,73.63667746710085,12.055542408003356,14.025336181909726,13.114763738121487,0.984951847189033,1.1633932101303608
623,813,2015,2016,63.41071024796955,11.568761050545676,12.863068645562036,12.138301794072873,0.9919470034343384,1.1118795339761391
624,1723,1689,1585,64.33545334098261,10.62779436866887,15.273964554230252,12.693354672407205,0.9012728337971001,1.4371716298217496
625,1660,812,1927,110.08157229567885,13.814414653054522,17.8816891687102,16.2078958777302,0.95675963616384,1.2944225012643846
626,127,1732,126,29.596456819678714,7.493507674623129,11.795043852998967,9.096183842540661,0.7908579727487794,1.5740350667742762
627,1659,1741,1537,63.588195541440626,10.991085564133176,16.132657588214375,12.899108609333675,0.8554167141201344,1.467794740936192
628,1783,1787,1756,96.40629254492492,13.485557342788356,17.124749837893752,15.157803055197789,0.959618460697987,1.2698585162334073
629,811,1659,810,21.122581723370235,6.266749722756702,12.540470760578149,8.935740161111632,0.5616950695634958,2.0011124291495843
630,808,809,1537,59.05397607619904,7.778211642133416,17.263709508115852,13.41087699242965,0.6942850463717427,2.2194959847326476
631,236,1708,235,37.867925694718934,7.999999999999823,11.967763082744879,9.819677035389248,0.8824302652244094,1.495970385343143
632,827,1458,1895,68.64040293419602,10.10654375854178,15.168768769702442,13.088952881458544,0.9006765934991992,1.5008858747464686
633,1627,1507,1629,108.5848202832459,13.186881663485675,19.165659667433776,16.388374363454407,0.9131164426600096,1.4533883109380794
634,1895,808,1537,99.73897043825906,12.866002416238095,17.263709508115852,15.50204324213366,0.9443190823566942,1.341808352711596
635,1616,421,1617,88.34430579988347,14.00040507450673,14.443025453308712,14.287934947740759,0.9991964583769393,1.0316148266029779
636,809,810,1537,50.93326026561034,7.427321811131766,15.190709827039685,12.120799803928238,0.7431621133828896,2.0452472928091616
637,1740,1475,1607,51.69388132242749,9.93877336200223,14.908386423698428,11.75865191619102,0.833286551273012,1.5000227775286583
638,828,1458,827,43.40775976079178,5.724267696103534,16.31074424617716,12.401260237327712,0.5686108082106966,2.8494027729136007
639,808,1458,807,65.88224312543427,7.999999999999984,17.13363412234851,13.97584631500572,0.7136459584897308,2.1417042652935683
640,1642,587,588,52.524164445407926,7.760451981704278,14.125006831225841,11.975026935900324,0.7965348708226258,1.8201268256702543
641,1925,1457,2018,74.54281482362431,11.986182442384155,15.351887468358582,13.376660733472937,0.9511323283678697,1.2807987482380552
642,1807,1809,1805,77.94253504572107,12.592412785920644,14.162281201529044,13.462915778599017,0.9907807117288365,1.1246678013417446
643,1477,618,1809,75.95906527700733,11.720381703439097,14.538297621315973,13.400358818766327,0.9689570537042884,1.2404286813500296
644,1777,1731,1619,80.61900955374855,11.4786537918949,16.949204632614837,14.205137988692835,0.9004115539860486,1.4765847058287187
645,1801,766,768,60.098158000731594,9.65792720433055,13.657677251487542,12.132652323231563,0.9233108611539864,1.4141416644105094
646,1628,1627,563,69.05793934382,11.731068807897907,13.595693145043553,12.697188926018065,0.9856744218283185,1.1589475236809021
647,1802,772,773,34.28522272810488,7.999999999999944,12.126873730556959,9.572563911701812,0.8338562994146448,1.5158592163196305
648,1552,1262,1745,64.90092495364281,11.940442966301767,12.525705541523465,12.249667662290866,0.9984696009226003,1.0490151476685934
649,1615,1616,1488,106.17903418134753,15.23664763177393,16.13675413954508,15.672210039123305,0.9977878512326435,1.0590751016578017
650,770,771,769,55.640874422932185,7.859273561601916,16.513610009186536,12.848856252539258,0.7200587924743025,2.101162388578398
651,1466,1594,1596,106.75340606323144,14.711892117391919,17.790557685711796,15.891202717831172,0.9692068844087561,1.2092637400923012
652,1925,1660,1457,111.89814912587724,15.351887468358582,17.08140615259491,16.124600869585503,0.9919371050413536,1.1126583742748895
653,1757,1979,366,61.89085478133531,10.549972205302279,16.16488255943684,12.820520773937163,0.8397971304049275,1.5322203930843137
654,890,1689,1514,82.34696168104918,10.959122147253893,16.818710343314013,14.395772416319739,0.8908423880005896,1.5346767849949003
655,748,749,744,63.71311883321658,7.999999999999984,16.792372799959892,13.64832923695578,0.7273424973737188,2.0990465999949905
656,748,745,747,50.298275263240654,7.552133953832056,15.182403945032664,12.019163983978084,0.7493457720303381,2.0103462197368605
657,1437,1911,1049,73.79172072706373,11.11778939497157,14.722391144771795,13.313103475825072,0.9482592771611199,1.3242192869232203
658,1886,1529,1983,71.11755978134734,12.407868152035952,13.551084142889625,12.846261325319801,0.9937029363565714,1.0921363748264916
659,1861,1505,1959,94.0759832846249,13.167575675230873,17.24796478801504,15.042928700956471,0.9482373675024125,1.3098815767931877
660,505,530,504,51.50094389642035,7.999999999999964,14.201427441957998,11.74408114057848,0.8193413895649883,1.7751784302447577
661,1636,1940,1434,155.59150925661774,17.711843708348443,21.145771113359036,19.13509378000239,0.975653783089905,1.1938774676174462
662,747,745,746,44.5886480383457,8.0,13.322954053069532,10.830760067839291,0.8434540317605504,1.6653692566336915
663,1374,2023,1373,45.984713018488655,8.000000000000114,15.022874135905768,11.546610982876393,0.7502615807101563,1.8778592669881944
664,509,2074,2075,70.21422351164418,9.877561114271916,16.001604234344686,13.44003653726069,0.8653404278422047,1.6199954674260884
665,2024,1476,2078,125.11988944032804,15.77880353067975,18.426857903667766,17.102047468245335,0.9840056514593132,1.1678235214627797
666,506,527,528,47.961740830921656,7.396312439602365,13.508848691465717,11.456298348509748,0.7940626999917241,1.8264302382812765
667,139,1812,138,50.743178402167814,8.0,13.790887278083586,11.57951386819442,0.8334134179604313,1.7238609097604483
668,527,506,507,49.58833518440299,7.430231794098434,14.500755277508897,11.798240328689497,0.7690122764155438,1.9515885478870694
669,951,1838,1451,91.13027279363658,12.806126117265718,16.638306142931093,14.760022651884038,0.9552792213418304,1.2992458445726753
670,527,507,508,57.74705379690148,8.000000000000025,15.890222579938447,12.796992619149123,0.759501312670764,1.9862778224922997
671,1836,1839,1452,100.27582891442933,13.401423600179083,16.579515882042728,15.401441588252004,0.968028210178988,1.2371458717132988
672,506,528,505,45.3856202367014,7.449067016542706,13.508848691465717,11.08348661539514,0.8081561097484532,1.8134953896193438
673,529,530,505,52.015702333436394,7.517169157493079,14.500755277508926,12.073117292320001,0.769276232179558,1.9290180882858863
674,1506,1862,1863,77.83992032462463,12.115338298548824,15.01508948413531,13.565284461119852,0.9695026285405529,1.2393454573145364
675,530,531,504,30.738312179717468,8.0,13.03081597977748,9.706402563876535,0.7117112897107589,1.628851997472185
676,748,744,745,56.792178753813914,7.531361438780124,16.152614910907456,12.955460098240081,0.7178316366583278,2.144713813326657
677,1756,1782,1783,83.47174277687988,12.19717036513167,17.124749837893752,14.380324246844092,0.9136089493441618,1.4039936579756782
678,969,1836,1452,76.02490199617196,12.412982583775626,14.096726972281207,13.30371105207864,0.9893274752159075,1.135643821067333
679,1780,1542,706,61.69521787231988,10.950940487283617,14.01819097405773,12.178433569767014,0.9494189661019882,1.2800901429731852
680,503,504,531,5.232361553719139,2.8676344922535293,8.088391711852129,5.544862172768806,0.3423398433156332,2.820579726496409
681,844,1580,1688,76.23537200121815,11.707316884696796,16.22663586862687,13.704811049269942,0.9200197013927731,1.386025169425242
682,1279,1552,1672,69.88443226159006,11.171141579548587,13.862307691066905,12.861208350427061,0.9672536331532092,1.2409034110215855
683,1713,1731,1492,110.28161615396898,15.278379755059193,17.18397838703139,16.026511133014598,0.9889198059375227,1.1247251778344618
684,1801,769,771,90.17768671263889,13.381916361430523,16.513610009186536,14.636447145896696,0.9639092188441154,1.2340243028855125
685,230,1708,229,48.752655000632345,7.999999999999984,12.867533482580491,11.218875442772983,0.8591676942281357,1.6084416853225645
686,499,500,452,76.61754023490062,7.396312439602468,21.68762539001647,16.608341606387402,0.555688260193955,2.9322213693804047
687,155,1812,154,51.340154931165216,8.0,14.265423845837628,11.74082280558738,0.8169622992231466,1.7831779807297035
688,1489,1617,1711,95.91337859940401,13.612298363608305,15.78091123659656,14.97207785124232,0.9840237202050237,1.159312763727389
689,953,1838,952,41.2950478896558,8.000000000000057,13.32368037180034,10.552029575215139,0.8214689509056781,1.6654600464750307
690,453,498,452,86.62058069535254,8.000000000000064,22.701742069346423,17.463122486454257,0.5716988683472024,2.8377177586682802
691,421,1616,420,37.25576760173156,7.999999999999984,14.00040507450673,10.543970732331161,0.7316671173295843,1.7500506343133448
692,1701,1606,1976,70.00599626148417,12.196335585645048,13.427770015671056,12.7465021251831,0.9934695805010121,1.1009675751686754
693,501,452,500,83.98204122136212,12.554924257747652,20.74108698954327,15.691364279379002,0.7482047172419342,1.6520280460269547
694,501,502,452,15.701876678553617,5.551451738380163,12.554924257747652,8.702125332042606,0.43092913297385166,2.2615569493198917
695,1811,140,141,60.73484691450944,8.000000000000114,17.137691165208658,13.440498424589252,0.7153158208882473,2.1422113956510516
696,732,1728,731,39.24084088066643,8.000000000000025,15.524969986534972,11.377228663591831,0.6511397922863316,1.9406212483168654
697,1506,1863,1864,63.94304754504368,10.042515467298093,15.01508948413531,12.65399857476431,0.8989142897772355,1.4951522388020848
698,1487,1752,1754,67.62513491552558,12.009182862005538,13.37834837959834,12.54179557200627,0.9906016313163677,1.1140098817151454
699,510,511,2076,33.014427539467036,8.000000000000025,9.86636759991732,8.839350914278269,0.9683899196092706,1.2332959499896612
700,764,1802,773,76.85679830674329,12.126873730556959,14.851284197901133,13.46385729111636,0.9724918250094724,1.2246589292407062
701,438,1886,437,39.89210816109354,7.999999999999984,12.991817666851826,10.323392959589675,0.8315825458325974,1.6239772083564816
702,1926,827,1895,64.13942995564773,11.367294494998198,13.991546116131413,12.353578825508038,0.962022927313955,1.23085982528982
703,1620,1735,1472,94.67716881483472,13.507789969313166,15.844558859763177,14.883078936741143,0.9826779624956953,1.1729941682361553
704,321,322,320,40.833333333333485,8.0,11.432289841342035,10.010639581280858,0.921355478136597,1.4290362301677544
705,2012,518,2009,97.22311883377209,13.963589579657889,15.83835319242424,15.044952197862349,0.9892030778878586,1.134260864806389
706,197,198,187,2.876936288896104,1.017150579460058,8.7488479502664,5.92199950990882,0.14078563844659056,8.601330153998065
707,319,320,322,5.9581535631005185,1.2901935651174443,10.599628902500543,7.306541153419466,0.1923423819319886,8.21553384629978
708,514,515,2014,45.50632525603747,7.7724493091800495,12.665355419682763,10.837445720674504,0.8599641427453888,1.6295192050623857
709,516,517,2014,42.331918391586456,7.560364922404302,11.959352435075276,10.40400531132771,0.8705503760836566,1.5818485691920854
710,1626,1914,578,68.51172720967475,11.778674150009584,14.202763605937362,12.72268639372565,0.9707420735152504,1.2058032529854648
711,2009,521,2011,74.9543006903939,10.402296748284055,15.768443754328104,13.709069713118666,0.8944980097287034,1.515861750139866
712,1889,1531,2048,45.43017348616855,9.221000690423633,11.50798314185802,10.371005317808287,0.9676005356201914,1.2480189003574749
713,1943,1942,1501,127.01322353171244,16.686883776151173,18.004506905606434,17.1591972502227,0.9950050596273469,1.0789616052422204
714,2013,2014,2012,105.70078852019147,15.155379548970329,16.5768375095274,15.665513052389423,0.9930030922299526,1.0937923036479575
715,2013,512,2014,65.36473966965504,9.31669008214735,15.155379548970329,12.985259624521822,0.8605189305270089,1.6266913909706067
716,2025,698,2027,79.19441759779542,12.680819993469989,14.551670235789247,13.589279011236712,0.9872518771926602,1.147533853747838
717,328,329,325,40.83333333333394,8.0,12.53253273174335,10.255642367745956,0.8683099321151603,1.5665665914679188
718,328,326,327,40.833333333333485,8.0,12.53253273174325,10.255642367745885,0.868309932115163,1.5665665914679063
719,2054,2056,2053,66.2382777149842,11.708251575134197,13.904837017186459,12.498251785804678,0.9730929634433019,1.1876100310927156
720,2066,1623,2065,51.90857829872443,9.35837546428505,12.82127408423543,11.217885578488707,0.9374795298125186,1.3700320245929494
721,2013,2076,511,45.10729750952748,8.651685142917458,11.706595800930726,10.434895050530146,0.9420978745678578,1.3531000732861984
722,195,187,188,72.06388283573904,7.999999999999964,20.528243547746932,15.545990931536977,0.6138320383437748,2.566030443468378
723,188,189,194,57.74705379690148,8.000000000000025,16.681540271369116,13.040912704281922,0.7263387056284814,2.085192533921133
724,195,196,197,91.80399506832275,13.470392706317668,20.62700927924561,15.958494525469817,0.7982784239322848,1.531284924571758
725,187,195,197,87.95220790083467,8.7488479502664,20.62700927924561,16.634700259086312,0.6598814321346469,2.357682908252797
726,194,189,190,57.74705379690149,8.000000000000025,16.334705518252523,12.925301119909724,0.7417593333781712,2.041838189781559
727,192,193,190,48.79949289961069,7.400995054819168,14.441197841476615,11.705407023747924,0.7692270917424759,1.9512508432326556
728,192,190,191,45.01496517516394,7.999999999999964,13.274028174947986,10.856230924569793,0.8480121928414623,1.6592535218685058
729,199,200,201,20.033197262770994,6.122010380010843,8.297514742483044,7.0144644983000175,0.9240407829596341,1.35535783630415
730,9,7,8,42.37789770704292,7.999999999999964,13.665182513500268,10.759477281323873,0.8079808519316852,1.7081478141875412
731,7,9,6,50.52861167500071,7.472060990133284,14.60684129988092,11.914694934504825,0.767822850924655,1.9548610910924014
732,9,10,5,44.230134460600894,7.4881202662193775,12.97980821998249,10.822796009624641,0.8314431687099086,1.7333867190324614
733,10,11,5,44.29686575849706,7.407148831513993,14.60684129988083,11.338149891355627,0.7444696009849536,1.9719924132934221
734,11,12,3,29.6859851286961,7.957697115199272,13.163253365103964,9.706983493434393,0.6842087491953286,1.6541536043087182
735,3,4,11,51.74081271719524,8.0,14.079676111714074,11.747643158939345,0.8231087350157146,1.7599595139642592
736,12,2,3,29.11339571922609,7.957697115199272,8.709146636067283,8.222281250422194,0.9927615986915376,1.0944305255640776
737,1727,1769,1975,58.0967232285956,10.937883623963728,13.156051400168616,11.727276204062887,0.9683528519495388,1.2027967980336818
738,2028,2026,702,64.7769893040519,10.640653430548833,15.145362089215086,12.690128335109483,0.9093777760958257,1.423348874960389
739,462,492,493,81.66666666666536,7.999999999999886,21.48074295809003,16.646743773009224,0.5993596217219296,2.685092869761292
740,1352,1997,1351,25.971652220696935,6.5901995954574275,9.454083998627175,8.014761198028213,0.9142649618482903,1.4345671723120192
741,491,463,490,77.47684119009223,7.665915577925658,21.48074295809007,16.45462606817125,0.5778459627752454,2.802110555449478
742,492,463,491,81.66666666666768,8.000000000000114,21.48074295809007,16.646743773009316,0.5993596217219431,2.6850928697612204
743,1725,312,313,40.02793121296253,7.999999999999943,12.500027537588046,10.173320295458005,0.864874025158399,1.562503442198517
744,1962,168,169,38.1021326588568,8.0,15.554235235513787,11.334606102664525,0.6358985800858908,1.9442794044392233
745,462,493,494,69.24425672678973,7.424883350079876,20.45948836093776,15.520737121127167,0.5832108167390436,2.75552993848956
746,1969,1968,1623,60.59204055699647,10.797411793624574,12.685827577773352,11.907808201623558,0.9823500052977249,1.1748952267675676
747,311,312,310,44.59712294882742,7.803303376169033,13.109215710406234,10.808799142455877,0.8457908031734888,1.679957202540816
748,323,324,329,18.514419978681158,5.706860231784078,9.705946015729142,7.358338961243043,0.749431200713753,1.7007506091830236
749,2047,2053,2056,81.65091170811837,11.881666765093376,15.753803605947295,14.000553269835995,0.9495594829111054,1.3258917218777502
750,2063,2025,1478,93.30207489596563,12.98571713726292,16.12774398655251,14.853118613604076,0.9686907955957997,1.2419602102893066
751,1970,1883,358,50.47996990142646,10.099019983965418,11.308419579138908,10.83426079263455,0.9908161214177471,1.119754154075712
752,1441,1830,1998,89.60790235312794,13.355068951188718,18.064211437794153,14.965939358291427,0.9045336364471137,1.3526108703606716
753,2027,2026,2025,101.23806349426222,14.551670235789247,16.33737320603725,15.345961552802743,0.990467558868699,1.1227146397157997
754,1999,1442,1543,88.79250553351214,12.5601219562947,17.48645387889917,14.788854280843855,0.9200977330599718,1.3922200707721282
755,731,1727,1941,82.62173006545451,13.088960791035767,14.837064624620766,13.87194806721817,0.9888569510651769,1.1335555863825508
756,1531,1887,1888,75.00541488288057,12.6315814996278,14.03576782464872,13.203992483685935,0.9914709542602476,1.1111647282695596
757,463,464,490,62.8347404170993,7.999999999999886,20.21721966849803,14.873890847718252,0.5868255302107662,2.5271524585622895
758,100,1735,99,34.06264690400854,8.0,11.076123620819883,9.213684311562963,0.9075306708155251,1.3845154526024854
759,461,495,496,55.76005914600303,7.63249070238791,19.050335244502342,13.999506775824294,0.5891307840586594,2.4959526303179422
760,576,1913,1459,66.40110330723432,10.126131701758386,16.29533718317362,13.181381417189948,0.851483204365898,1.6092361489179487
761,461,462,495,56.40030283476251,7.397303914444523,17.61909609994453,13.44403146499056,0.6515552422502453,2.381826717372012
762,315,1515,314,59.93742280256917,8.000000000000025,18.513905717462613,13.923767165585,0.6492952985652152,2.3142382146828195
763,465,489,464,57.75893907027907,7.994479280775919,16.390070263671127,12.945524575736442,0.7391215674897067,2.0501735870507325
764,463,492,462,81.66666666666652,8.0,21.48074295809003,16.646743773009266,0.5993596217219368,2.6850928697612537
765,496,1988,461,95.58194592489434,12.919439721239419,19.050335244502342,15.598328416424863,0.8834027878412541,1.4745480961673436
766,1712,1652,1783,100.82962352821521,14.450728528303252,16.95568101513618,15.390088049243287,0.9779894001823243,1.1733443737405154
767,1838,1837,1451,77.76899915583812,12.557590789261786,14.835635695455306,13.51156686281501,0.9787677593726803,1.1814077990295333
768,1725,314,1639,76.57427639979046,12.759683278943227,14.264482747386872,13.348811605810878,0.9900304627601988,1.117933920109675
769,1515,1639,314,98.17482075539851,12.759683278943227,18.513905717462613,15.619389903417135,0.9087741868647093,1.4509690650406142
770,1638,303,2020,39.429445497376,8.449947953473448,10.447109616805967,9.652150230901928,0.9696172120752506,1.23635194847698
771,1811,154,1812,84.17800546858977,12.957044570924513,15.60354638563411,14.084172477584362,0.9739119146453749,1.2042519650390275
772,835,2061,2051,79.40574772275045,12.373189048647701,16.495097642524065,13.953402324378713,0.9262006673578189,1.3331322731488418
773,1926,1660,1925,107.33955877403278,14.013298944384639,17.08140615259491,15.906646300015248,0.9726960555835008,1.2189425359714967
774,150,151,1813,51.24810337442295,8.0,14.28020142536764,11.734540928119012,0.8163381483351273,1.785025178170955
775,835,2060,834,40.18044274951103,8.0,17.13828164201532,12.260253548116857,0.564355005408476,2.142285205251915
776,315,316,1515,45.758348051276656,7.397912951115301,15.25739577929236,11.70683623900653,0.7157919221552539,2.0623919043264993
777,495,462,494,70.18585309313272,8.000000000000064,18.677839652363865,14.765645250769488,0.6722877443887212,2.3347299565454644
778,1796,1787,1528,78.22944642845412,12.375170458543092,14.718132400459446,13.543679387514814,0.980021213551768,1.1893276500526027
779,1341,1999,1340,35.84903308686884,7.999999999999943,13.450300084646674,10.213149775120437,0.7541175207742845,1.6812875105808462
780,16,19,15,70.23927359786404,8.000000000000025,19.22041325444249,14.927068080233164,0.6560100370102359,2.402551656805304
781,2061,1440,2051,98.37020501667247,12.373189048647701,17.166858065327084,15.500227147134074,0.9266701491471372,1.3874238886864252
782,17,18,16,44.45933446721623,7.6592330993215745,13.100524107818398,10.825783673451312,0.8379543774948776,1.7104224323684303
783,837,2061,836,36.661413523462215,8.0,11.407702881386193,9.550771407016873,0.9084372839345733,1.4259628601732741
784,19,16,18,49.143921292465166,8.0,17.560790986256976,12.887105031358459,0.6258747698501604,2.195098873282122
785,1,2,13,34.34735461207674,8.0,11.158514604285909,9.263242275302487,0.9047762691266233,1.3948143255357386
786,2,12,13,23.71538107807815,5.80621609619843,8.709146636067283,7.715524984629089,0.8926746145761352,1.4999694278980629
787,1,13,14,33.07236997573544,7.505599957095995,16.840190559982773,11.834768373788227,0.4933529455147439,2.2436834705081248
788,0,14,20,109.02255458684121,10.572566556599865,21.897273048282788,17.780791611973378,0.7355210260747879,2.071140714135636
789,1,14,0,63.660774260469225,8.0,20.872535231037478,15.237575263673415,0.5631051514858689,2.6090669038796848
790,20,21,0,27.648989448074644,6.912247362018661,10.572566556599865,8.494937972872842,0.856858343940688,1.5295411177982265
791,20,14,19,81.66666666666663,8.0,21.897273048282788,16.771371949339947,0.5891709399074685,2.7371591310353485
792,14,15,19,71.10134209829391,7.400995054819198,20.416842799737058,15.679417036332916,0.5857043073545298,2.758661862156295
793,203,204,206,40.833333333334046,8.000000000000114,12.216037485127403,10.168526402880184,0.8865437143016157,1.5270046856409036
794,389,2030,388,44.37909430955415,7.999999999999904,12.186873995507655,10.556364144476914,0.8928629316802599,1.5233592494384751
795,206,204,205,28.00801228268156,7.335457069369353,10.289541723513036,8.424648264752017,0.8893405934744701,1.4027130997029547
796,23,26,27,45.08527237041833,7.498812052111982,15.411287490326194,11.707922224847424,0.7052389205043346,2.0551638557184164
797,26,24,25,60.641804420524444,7.960599126020648,16.541862105965198,13.271113047978185,0.7352444107994154,2.077966977622972
798,401,2030,400,45.3556737177305,8.0,15.000719907432133,11.494973037100216,0.7465598297422236,1.8750899884290166
799,23,28,22,22.627416997969704,6.090984851770511,11.714671378852112,8.601885410207542,0.6577642811635751,1.923280333794776
800,24,26,23,61.25000000000012,8.000000000000028,16.541862105965198,13.317716532097139,0.737823350497312,2.067732763245642
801,29,22,28,22.38754817719463,6.090984851770511,8.000000000000064,7.335392805629312,0.9472068294378934,1.3134164990862924
802,27,28,23,45.014965175163745,7.999999999999984,12.213667132104101,10.642779503652065,0.8900297589358246,1.5267083915130157
803,207,202,203,29.266678751272693,7.53693027732973,10.289541723512993,8.544153004780837,0.9067680201702558,1.3652165198426767
804,1346,1996,1998,104.43571853409537,13.80884823234222,16.686445130089183,15.688092073452566,0.9729698490798331,1.2083879009552176
805,369,1758,1559,58.03542559700979,11.340422688751087,12.073449567648035,11.59243119404963,0.9964820573976179,1.0646384089037582
806,498,453,1987,132.2922283216547,15.078975359819378,21.68762539001628,18.155848252800528,0.9065284801800525,1.4382691709813937
807,1390,1551,1389,47.96311002091966,7.727168060055654,15.440263115699954,11.888806562265943,0.731393708306476,1.9981787629954497
808,774,775,762,46.63308078410448,7.648946001373684,14.870529009866257,11.581106728362172,0.7530005305305989,1.9441278585566744
809,760,761,776,38.91899437886933,7.86297663221267,12.223845173846525,10.003422065507673,0.8705786514346271,1.5546078470802591
810,53,1596,52,38.28427210959258,7.44086796600142,11.13019156041767,9.782392778131387,0.8979891235330947,1.4958189839241054
811,762,775,761,40.83333333333329,8.0,12.223845173846573,10.170538493043248,0.8861150552368828,1.5279806467308217
812,1655,1790,1788,60.674949110201496,9.824263376731631,14.654751259429915,12.327410527143746,0.898975405324197,1.4916895748274723
813,1766,1724,1765,71.4528555437883,12.217971560536292,13.729501381415623,12.89292792044703,0.9903485651895024,1.1237136470149867
814,774,762,763,53.41394212799684,7.423854361056588,14.870529009866257,12.381889189607994,0.7448822764651517,2.003073913716949
815,1722,1512,1720,62.60057558211034,11.44375543663188,13.329792383607538,12.121580156788568,0.9790312215182924,1.164809267151794
816,768,766,767,42.418073750433585,8.000000000000025,13.657677251487542,10.759846699247037,0.8087961667221858,1.7072096564359374
817,765,766,1801,36.011653159651324,7.486383010481265,12.728990609945997,9.957766941585938,0.801339653679656,1.7002857844869614
818,763,764,774,57.74705379690168,8.000000000000025,15.126515857043907,12.659266684981688,0.7793242089253213,1.8908144821304826
819,805,806,2062,48.17318502524467,8.000000000000004,14.272343140839409,11.4401562671234,0.8083998252314363,1.7840428926049252
820,268,1560,267,38.85905139022825,7.829119231926748,11.038193754363162,9.746042863706334,0.926150907941173,1.4098895964376135
821,1819,1523,1823,70.05390401719676,11.927804821014306,13.546742409187528,12.770720368206264,0.9893120691275886,1.1357280415354376
822,764,765,1802,39.30694050406473,7.407873457735822,13.413413944890987,10.487764081466791,0.7824382199522352,1.8106969593120894
823,1976,1941,1975,69.24505364027311,10.877326723662359,14.848081099275067,12.9542201415939,0.93815553735711,1.3650487363751604
824,1495,1944,1522,78.75377335310621,12.5106019185675,16.4881709299373,13.908638001884654,0.9242270984448543,1.3179358624996713
825,580,1626,579,37.7066698256139,8.000000000000064,13.050510479412035,10.177586402077472,0.8057255233524574,1.6313138099264912
826,258,1561,257,44.53108152392946,7.406913432443937,13.315924606720634,10.954871371422131,0.8127535394613593,1.7977697090928464
827,905,1572,904,52.844332795740286,7.449067016542693,16.094853657858078,12.577628139181096,0.7097207710559439,2.1606536257648172
828,580,1507,1626,100.70009968751707,13.050510479412035,16.951143873416083,15.524320172624462,0.9527568288224446,1.2988874190138027
829,1507,582,583,49.31760233523073,8.0,13.580745810139671,11.374642268261653,0.8420632797184784,1.697593226267459
830,1076,1077,1479,47.10273809059072,8.0,12.608587338243069,10.963839100929397,0.8729172069988728,1.5760734172803836
831,581,582,1507,47.95589474026299,7.659233099321469,15.068430498783593,11.75694819758345,0.7499064574938739,1.9673549953870062
832,1720,1512,1687,67.40857701674187,12.03169375585956,13.329792383607538,12.518701943780599,0.9912269660349752,1.107889932547177
833,580,581,1507,60.13326966595436,7.999999999999984,16.571306165045268,13.213245554609614,0.7365047059051884,2.0714132706306625
834,1795,1798,1489,59.098550587798506,9.022930328118312,14.042867727935196,12.250601617068398,0.8787878746110124,1.5563533372493377
835,574,1459,573,55.55392581678396,7.494575064379116,15.49190292172701,12.703921061808641,0.7332027438695723,2.067082227964906
836,1595,1467,1694,76.43026624023129,12.45830684045974,14.154136053674474,13.339571503585866,0.9892528972217642,1.136120360088366
837,1605,1606,1698,51.3210150578109,10.222606059739162,11.658960055407993,10.934329486213803,0.9884683153833492,1.1405076149149271
838,417,418,1615,49.059587727427704,7.620881206137637,13.694399545451867,11.508364464511464,0.8090545678468367,1.7969574875964205
839,1459,1844,576,89.85085349467832,13.658566291524819,16.29533718317362,14.572699747850711,0.9703177740767042,1.193048877559347
840,1914,1586,577,90.23466752369094,14.111761808550375,15.011898513493623,14.452573606183464,0.9969011982171639,1.0637862739716775
841,1266,1553,1265,30.138712117692386,7.434396231397504,8.939052563976997,8.42446999613802,0.9739764303667652,1.2023911943548171
842,1586,1459,1913,66.38446816028855,10.182370577522274,17.49280777656514,13.599284573575085,0.7904073669859968,1.7179504166918418
843,573,1459,1898,79.45043011138328,11.298646819428667,15.49190292172701,13.883784994999388,0.9353387388956357,1.371129053710025
844,1459,574,1844,81.99908300696858,12.71765793985867,15.125285199319794,13.869046302677388,0.9795507910144314,1.1893137298429242
845,1582,1584,1450,79.80392321118279,12.982105369289735,14.205937313308864,13.603240208274924,0.9946104345523009,1.0942706833141416
846,2004,1584,853,71.2561544303179,9.421103782803037,16.142713534098952,13.719044734095561,0.8332160539662068,1.7134630831225226
847,1429,1626,1507,93.94688539158903,12.767719854263877,16.951143873416083,15.022028226519106,0.9489570270322315,1.3276563134924297
848,1671,1377,1378,31.474752043830453,8.000000000000114,12.62668374547566,9.571898609344471,0.7548968665448132,1.578335468184435
849,164,1861,160,93.53929422641818,14.001454728414442,15.810514560026874,14.759909919181945,0.9889064034391587,1.129205133802357
850,1572,900,901,46.86931688711551,7.999999999999994,13.712633922918709,11.154239889529348,0.8324005383236498,1.71407924036484
851,460,461,1988,41.516142073836164,7.999999999999944,14.82521028353283,11.173847937061758,0.7223340469509195,1.8531512854416166
852,454,456,1987,92.36807542315941,13.55265289239667,15.65371957821662,14.680707619914253,0.9863319161115843,1.1550299194188536
853,458,1988,1987,59.62073638014793,10.892723150169731,14.576507075745427,12.163095705491228,0.9127134840731423,1.338187602382816
854,1629,583,584,26.86979892019872,7.054419813354266,12.175077951117299,9.076499254823855,0.7105393208592543,1.7258794164857394
855,457,1987,456,45.84464771034603,7.40175878472962,14.835750389129476,11.549477902092628,0.7405193882183643,2.004354751432421
856,1550,1389,1551,58.6714185731281,10.314319078363544,12.49898851104222,11.765457190592146,0.9714430777223719,1.2118093706506987
857,1941,1474,1604,76.06740009339218,12.789258084391683,13.915028451024714,13.279692064919308,0.9948926739685142,1.0880246812758394
858,457,458,1987,43.37513488024961,7.999999999999984,12.410924532418784,10.476993807659099,0.8852309719056304,1.5513655665523511
859,1879,1499,1525,109.374772796969,14.379391695785714,17.151525881124627,16.01921326870217,0.978937888555855,1.1927852195688755
860,454,455,456,21.193798315610778,7.423518601996115,13.55265289239667,9.493089643403177,0.49761146388795885,1.8256373586445231
861,1695,1466,1597,88.7327777442678,13.799094837602242,14.627449814176643,14.329474566181837,0.9972958451080028,1.0600296603743278
862,1858,944,945,33.21948818212242,8.000000000000114,15.0161283883414,10.822276066594384,0.6075804206270076,1.8770160485426484
863,466,487,488,52.53953440516213,7.472060990133294,14.6764770637002,12.195766615445676,0.7588036472789125,1.9641805765611646
864,1642,1768,587,66.75139533301555,11.60899852363556,14.125006831225841,12.576037406871093,0.9672147813996784,1.2167291435577123
865,487,466,467,52.34756883858443,7.501267584531348,14.6764770637002,12.14855386478502,0.7631375520337612,1.9565329323760063
866,1784,1782,1756,89.95705426421851,13.819052537506854,15.274696021637181,14.453007384340516,0.9927684473133256,1.1053359830697151
867,1954,1757,1756,103.3884564624539,14.350978811653851,17.707703006605925,15.67587946449263,0.963303677527937,1.233902107933308
868,468,486,467,41.84548434096302,8.0,14.52254128079335,11.062437170495455,0.7459676794871035,1.8153176600991687
869,1734,1493,1621,63.90817312819532,9.942885384354435,14.655212737645721,12.592482016778533,0.9085578589379784,1.4739396232713633
870,1596,1597,1466,83.30905014003184,12.332041100404798,15.171158350389804,14.021692832520408,0.971210136002709,1.2302228176884533
871,1956,1757,1954,96.17254807219203,14.748806826116883,14.995054118101018,14.90427250647867,0.9997814482174615,1.016696082258538
872,1540,1485,1666,118.32991423402574,14.805940992983256,17.70841398031015,16.67953888924227,0.9760807440430174,1.196034347881193
873,1473,1390,1391,62.348402334827576,7.859273561601906,16.65708945587134,13.541858814496214,0.7214601386624984,2.1194184583741897
874,1778,1737,1736,58.00635992133753,10.20729131746693,13.634717139782115,11.839452015369467,0.9424255570230224,1.3357821106222472
875,1847,1848,470,47.64823548108485,10.11359988917237,11.023623762392521,10.5110720674056,0.9946812826988146,1.0899802130984462
876,1588,469,1848,49.17849152914139,10.250056541775827,11.317336425170653,10.687365427505645,0.9925252196733182,1.1041242922948715
877,1658,1607,613,74.9534504757836,12.8749091750114,13.64676460789372,13.17015250131754,0.9972859244052399,1.0599503594464492
878,2063,930,929,40.09918492356483,7.26057586219183,12.563193104315642,10.314285669638275,0.8313246122494368,1.7303301201955974
879,1442,1355,1543,95.46542175538816,12.5601219562947,16.90565166675942,15.173309948696437,0.9431196756692574,1.3459783054325274
880,256,1564,1563,77.31117657592694,12.207290068473258,14.384804491293806,13.45244761262426,0.9820413600494226,1.1783781994698588
881,470,471,1847,30.52237873689506,7.688213841634278,10.395992550651906,8.694735464095395,0.914700239122782,1.352198672512735
882,365,1956,364,49.22979103219352,7.999999999999984,13.953571768536522,11.44775193237467,0.827434915956474,1.7441964710670688
883,1846,473,475,83.69044503981591,11.657340491928252,17.836095051166353,14.630705374254449,0.8767392967411711,1.5300312334118042
884,472,473,1846,68.28737343640887,8.0,17.836095051166353,14.380570760918834,0.6941041550111786,2.229511881395794
885,1177,1554,1176,32.73254638802407,7.486383010481292,11.017661808021131,9.094559104130413,0.8910130059844973,1.4716935792085284
886,476,477,1846,43.35690997727633,7.3959098538763115,13.866670052094442,10.995715633578124,0.7813392654176331,1.8749106365630868
887,1587,485,1588,48.13222268390814,9.87554191910309,11.036972877612346,10.577932073435315,0.9911681173399023,1.1176068076084615
888,1764,343,344,50.39734752570808,7.256520557329665,14.523169718782986,11.997841272025346,0.7499003593121365,2.0013957934858224
889,478,1846,477,54.96757966629175,7.999999999999944,16.91097523235511,12.925881761483167,0.7022878600538681,2.1138719040444034
890,1727,1768,1769,59.4999155436151,11.021170877294235,13.156051400168616,11.843047233012465,0.9735803156882129,1.1937072337089567
891,475,473,474,23.279462030986224,7.784640314089266,14.39868057966874,10.061106964586003,0.48591096478099327,1.8496269575369917
892,1024,1575,1439,119.42907762448631,12.497663495656296,21.508907058771836,17.766334733449415,0.8349243110361405,1.7210342610238705
893,1846,478,1845,86.47091850812684,11.382423500161508,16.91097523235511,14.664695423565632,0.9048955101343371,1.485709544379117
894,1931,614,615,39.173668297843506,8.0,13.073317492193558,10.296322754567477,0.8193088734948581,1.6341646865241948
895,470,1848,469,37.44737509733228,8.0,10.250056541775827,9.4545521436494,0.9561245630601682,1.2812570677219783
896,424,1711,423,33.68789358477718,7.999999999999984,11.912715625774421,9.448471072424757,0.8425163961346198,1.4890894532218055
897,764,773,774,57.74705379690168,8.000000000000025,15.126515857043907,12.659266684981688,0.7793242089253215,1.8908144821304826
898,1507,1627,1628,122.93468897847742,13.595693145043553,19.483179279675486,17.414844030717603,0.9140946407214374,1.433040527748177
899,1662,534,1538,92.25322580689648,11.178341136454899,18.93466752617874,15.575913890512922,0.8415101608072988,1.693870968423825
900,1629,585,559,23.38237896230394,5.264204376361573,10.025946255563086,8.065015205574731,0.7806050486128503,1.9045511037876262
901,1630,1628,564,54.958647140517975,10.087513458233158,13.145153163725663,11.488987359442667,0.9501008614524391,1.30311133840391
902,1627,560,561,36.55946906750517,7.999999999999886,12.570037915420524,9.910519760901954,0.8279139338145352,1.571254739427588
903,784,2068,2007,63.961889198819605,9.435609588782023,15.220648467328699,12.815186278314775,0.8674688191328805,1.6131070625711874
904,2049,1888,829,65.76145379224668,11.432617329067924,14.49023810429214,12.574043886572143,0.9493931808938341,1.2674471371879197
905,563,1627,562,42.090354563790775,7.999999999999903,12.764804825112734,10.438606586733478,0.8620793046644529,1.595600603139111
906,74,1593,73,36.813402384215436,7.971307861552728,10.87105532079648,9.448726432571268,0.9375344681139403,1.3637731109633633
907,559,560,1629,37.60359551311254,7.555075240195359,11.813065412512172,9.79802896942354,0.8767549768558118,1.563593351084444
908,1291,1292,1831,39.95541674556116,7.956567268930653,12.60111268868057,10.202341234059093,0.8568018807702655,1.5837373408361992
909,1996,1346,1347,44.40244424966478,7.650524275297866,13.80884823234222,11.022772022575538,0.8011543557362303,1.8049545018670743
910,1451,973,974,52.357480664642914,7.999999999999903,13.807208401980724,11.794733554950042,0.8263439196034705,1.7259010502476113
911,565,1919,1631,63.660092770104775,11.616544781928871,12.492272603402396,12.142341946334666,0.9961846919637943,1.075386256233079
912,1919,565,566,39.775627176599805,7.586288840551372,11.616544781928871,10.0012120665751,0.8913820212987956,1.5312552719894303
913,249,250,2041,35.08350102507103,7.999999999999904,16.476566171979744,11.69136987706087,0.5428175087993189,2.059570771497493
914,386,1483,1792,118.87184646334785,14.575413983216015,18.14844363735394,16.775624226265652,0.9669985228426222,1.2451408692921082
915,1627,561,562,34.01623794718153,7.610523291599645,10.551014935087796,9.107686531324296,0.9308546446633059,1.386371807932552
916,438,439,1530,53.283780992327415,7.999999999999904,14.150437899620961,11.952179614822668,0.8165611984190441,1.7688047374526414
917,2080,553,554,34.48785861605018,8.000000000000064,11.949547304739323,9.52528458264191,0.8496969340077479,1.4936934130924033
918,567,569,1919,63.73359368637715,10.810193994010092,13.604429144657118,12.291313529735014,0.9658422369747485,1.258481499240005
919,1932,1702,1516,93.60584550067986,13.400391527103272,15.49537414009538,14.79627325494242,0.9830357494340093,1.1563374181086317
920,568,569,567,42.710618295738335,7.999999999999984,13.604429144657118,10.763582107201366,0.8145496062237363,1.700553643082143
921,2002,1298,2072,78.81703454903763,11.784191740029586,14.98216128118077,13.686639496158529,0.9619865144769961,1.2713779283044113
922,1590,556,557,36.41729974375422,7.999999999999943,13.154421781413445,10.126877766532518,0.7831669070393725,1.6443027226766924
923,1447,1832,1833,97.55605755513415,13.591753493588536,16.18276555015487,15.12675389127554,0.979325462781463,1.1906311836650478
924,1922,1633,1920,95.91509058663996,14.769828088798572,15.080475798129111,14.885053072463363,0.9996493837068221,1.021032588020854
925,558,532,1590,40.200760216756464,7.284301158920299,12.308280801923377,10.26072728145384,0.844606310501354,1.68969960650937
926,1845,479,1464,86.02582979021287,13.321795310831575,15.519417079673435,14.196827634500048,0.9812953577549874,1.1649643848719875
927,2059,2057,837,53.329749316416695,9.068101701120465,12.938135747959215,11.443347161459647,0.9202429083179656,1.4267744423687445
928,846,847,1448,53.10752779669136,7.999999999999984,14.355816494355711,11.95781323156828,0.8125597753592587,1.7944770617944674
929,1121,1920,1120,57.71224077185027,7.999999999999972,14.981320251408238,12.648204688661195,0.7804232358429964,1.8726650314260365
930,1831,2001,1445,78.72822611073354,10.793869342018107,15.83803551474852,13.978445385772153,0.9067388960721359,1.46731769793568
931,556,1590,2080,95.66523601463712,13.154421781413445,16.580445960572437,15.05988797920159,0.9654714952048542,1.2604465810880259
932,558,1590,557,36.417299743754484,8.0,11.189599883517849,9.47193713390067,0.9197183654310014,1.398699985439731
933,1928,1662,1663,72.0534222651056,11.98270370857782,14.196526919894303,12.999491961545692,0.9798632501432447,1.1847515606792245
934,556,2080,555,40.976017665862756,7.397912951115354,15.44479619561889,11.47334746174531,0.6643728767514913,2.087723429253157
935,924,1510,923,59.18126830994385,8.000000000000064,15.453340524789757,12.888643680242351,0.7674988213446892,1.9316675655987041
936,536,1538,535,39.7468877892627,7.398389565682346,14.815024544212783,11.105780952488038,0.6927340928405437,2.002466133026128
937,1049,1050,1437,51.98369940182058,7.999999999999984,14.09912988773185,11.779848648442943,0.8220919883702235,1.7623912359664848
938,537,1538,536,36.578572214264156,8.000000000000064,11.103928747568983,9.468498735921356,0.9255245143989049,1.3879910934461117
939,2004,1450,1584,102.36161095465397,13.621677942226167,16.900688690684756,15.555026722336626,0.9691316580493806,1.2407200318760954
940,535,1538,534,56.212567610094084,8.0,18.93466752617874,13.91656402346384,0.6066169734760521,2.3668334407723424
941,552,2080,1589,97.55360388352402,13.493817218857856,16.933890000745716,15.208356378949205,0.9658068519368757,1.25493696306189
942,479,480,1464,53.876614493693864,7.430231794098535,15.519417079673435,12.525348915414853,0.7319095461724705,2.088685455546587
943,890,891,1585,47.148436378595065,8.000000000000057,15.485799657302678,11.816251271106168,0.7308965700372505,1.935724957162821
944,87,88,1601,40.47272821727555,7.999999999999984,12.292266995555378,10.15390613833143,0.880338520471896,1.5365333744444254
945,540,541,1661,30.33266343084526,8.000000000000064,13.159064702923908,9.742321053051574,0.6952836641969646,1.6448830878654754
946,1453,1960,1544,102.88710969065286,14.122172714333272,16.368693597627658,15.50452189184123,0.984430283839137,1.159077567505904
947,1719,572,1898,66.16161422117354,11.871258624932167,12.688838368570677,12.376357329156304,0.9966701852943501,1.0688705190805479
948,1919,570,1631,68.71414648452983,12.181231636457014,13.181637249922277,12.618380496593895,0.9955472795786326,1.0821268032102078
949,1890,361,1891,35.20028512254453,6.235456199184067,13.199504419440606,10.24712575249204,0.7152949586999701,2.1168466264213053
950,1680,1679,1569,78.22219758821109,12.782542892924296,13.820953910812145,13.46567641308319,0.9949797010220173,1.0812366542859524
951,1146,1147,1535,45.58268570491737,8.000000000000004,12.291582478798858,10.727246320921926,0.8859539775686756,1.5364478098498566
952,1118,1119,1921,50.99480269655478,7.773782333702848,14.030381156505005,11.739862998259044,0.8079971605495923,1.8048332914695826
953,1503,1884,1881,68.0728854049438,10.797808415704546,13.718222120373122,12.743210091009159,0.9569391725548325,1.2704635600332628
954,1690,550,1953,61.092844236337115,11.052199253773725,14.562616632129213,12.260510719634825,0.9223108651237494,1.3176216151873006
955,1587,1460,1592,72.42055420665574,12.435921104276904,14.160812214006103,13.01351857603862,0.9837555756690569,1.138702320098829
956,1461,1742,1589,127.43316849714249,15.839026092141895,18.030190201665604,17.236584105503177,0.9872917222414237,1.138339573202092
957,570,1719,1631,74.58684870118415,12.091064555701703,14.412283589603787,13.22832846507592,0.9793230372376932,1.1919780531489663
958,543,544,1539,37.04074219002729,8.000000000000025,11.603562395186445,9.639473602446747,0.899150227061356,1.4504452993983012
959,1692,545,1691,84.68925094574567,13.663057394548055,14.244681200363507,13.991329734819343,0.9987996515069737,1.0425690816498756
960,540,1538,539,60.24991300596969,7.403782934332282,18.335246287578848,14.015880073268411,0.6353789067437212,2.476469995163686
961,1703,1475,1656,100.33249318751275,14.412392008682577,16.919173957920854,15.352898508286023,0.9778580205396603,1.1739324012091883
962,540,1661,1538,107.57789729907459,13.159064702923908,18.335246287578848,16.184064467781653,0.9312868635236176,1.3933548243367788
963,1528,1736,1737,80.47693084811478,12.495557808069314,15.176085651571814,13.768786866474414,0.9741463935011947,1.2145184620546898
964,546,1691,545,34.630024174845296,8.000000000000064,13.663057394548055,10.231330207951316,0.7221469104445717,1.7078821743184933
965,1664,1461,1663,130.83316303915177,16.361041399185222,19.891344778673513,17.625292469077547,0.9646149261343427,1.2157749799266506
966,1279,1280,1552,43.74577678962026,7.648946001373689,13.550175780665688,10.881322044363458,0.81233228307379,1.7715088821691491
967,1507,1628,1429,103.88952446532795,13.604347771295984,19.483179279675486,16.14491600094961,0.8994738496056509,1.432128875798319
968,588,589,2067,44.61772862925591,8.0,14.364623517900522,11.189487532618449,0.7808672700996498,1.7955779397375653
969,549,1591,1693,70.53094916115167,12.494197410492607,13.15149791530567,12.771821806703642,0.9980857638178431,1.052608461609632
970,1339,1543,1338,40.70536708893514,8.0,15.336306530388661,11.363056963774918,0.6798387532267818,1.9170383162985827
971,56,1749,55,40.29003925339374,7.40009143528621,12.48858982143873,10.284438760760406,0.8434447614755418,1.6876264206532352
972,1275,1673,1274,29.28870474557245,5.765774877612073,11.304317960155982,9.087245262949962,0.7660138327946637,1.9605895478246156
973,1693,547,548,28.446901828255395,7.418974095212265,8.586545647362163,8.15290104165569,0.9843160679200936,1.1573764158178386
974,1691,546,1693,50.136565371587146,9.03093322930583,11.9877743213694,11.001212781775743,0.9415924050779533,1.3274125737602036
975,422,1617,421,56.255355551393386,7.999999999999984,14.864674695984927,12.428349670463914,0.790716149432307,1.8580843369981197
976,1628,1971,1429,70.8538734127205,11.80952624074764,13.604347771295984,12.857362294115637,0.9863532879397329,1.1519808241210798
977,1539,542,543,32.963727238126154,7.391275529106166,10.08529511824899,8.93047635316964,0.939404904288274,1.3644864243707355
978,539,1538,538,50.744923559924636,7.69029901088893,16.3086109978941,12.443622378167609,0.6991535146738362,2.1206731981165152
979,1749,1695,1597,73.55152446230153,11.245736125822884,14.627449814176643,13.257496830890801,0.9549498750945802,1.300710744989698
980,1527,1797,1885,87.96400161080322,13.289499483607207,16.944888527574076,14.582489342486049,0.9428927462278665,1.2750584435836614
981,560,1627,1629,67.50277967895627,11.813065412512172,13.186881663485675,12.523328330472792,0.9919922500656568,1.1162963382492053
982,43,1470,42,55.46716087274291,7.628059026973318,15.859330030692758,12.69615557306165,0.7349204295737771,2.0790780426073168
983,1475,1702,1751,88.74826434729447,13.16693587172793,15.201906824234696,14.393952430910586,0.9855334461172223,1.1545515959317658
984,303,1638,302,32.86587270664404,8.0,10.190168413702736,8.880038789058728,0.951765375091061,1.273771051712842
985,1520,417,1710,103.69314407896837,13.91611034875382,16.52321592676398,15.603866130262704,0.9777891236437001,1.1873444168430027
986,1264,1673,1277,88.5465147231226,11.246853250799054,18.183861108753252,15.107699843786483,0.8643899030612633,1.6167954452025366
987,317,318,300,8.883177368602446,3.1406774779107502,10.459281260902385,7.199986246271045,0.3358306081758768,3.330262764790524
988,98,1734,97,28.401020047844213,7.451603387002937,12.47816876268412,9.309924049895686,0.7149193783406798,1.6745615828733589
989,1778,1736,429,45.187903933373256,9.114775372209396,11.961634212464753,10.427900300713693,0.9476987759121707,1.3123345034848937
990,1783,1782,1712,82.35873020065497,12.19717036513167,15.23596814600657,13.961289013147164,0.9675593082807684,1.2491395700729064
991,1545,483,1464,77.81689024188435,12.301155443476922,15.297530293246425,13.593729804719764,0.9642646597302583,1.2435848293713274
992,1691,1463,1692,103.64677941795728,14.066250609546467,17.747055465473732,15.71033593098642,0.960715174780796,1.2616763313906252
993,1276,1673,1275,57.19814052119763,10.191642951081826,13.098330906665636,11.676657873407223,0.9589048802706669,1.285203079575631
994,1515,300,301,55.481890762368565,7.3912755291061165,15.565581842547983,12.774594178030595,0.7210995455267348,2.1059398721170997
995,307,308,306,22.38723347146888,7.604524381920266,13.971371792996107,9.780989172123348,0.49497565482036254,1.8372446574322259
996,305,2019,2020,73.17255346719475,10.48004281977474,15.298671167510205,13.456590091466419,0.9105117306753241,1.4597909026328806
997,1757,1786,1756,92.17564105223084,13.124011032600313,17.707703006605925,15.024170479906964,0.9274020472593222,1.3492599909143346
998,1465,1638,2020,57.14979917619458,10.059393122426368,12.665635276336932,11.644269312103162,0.9642163947587568,1.259085426147649
999,136,1814,1815,57.0561998867475,10.587033679976749,12.09497774107852,11.535336727525626,0.9868718152634403,1.142433103235871
1000,303,304,2020,26.977393369562677,6.744382731202079,10.447109616805967,8.397164116002644,0.8548959048094861,1.5490090098940656
1001,301,302,1515,61.70878473212789,8.000000000000114,16.52730063673397,13.36429415976069,0.7378360766981573,2.065912579591717
1002,1515,316,317,44.38976761987715,8.0,12.465199986611925,10.601058415121301,0.8839149871615066,1.5581499983264906
1003,957,1841,956,30.034802992275218,7.540266506736837,11.484042416665055,9.008102974467297,0.8233289806994605,1.5230287160811435
1004,1717,1760,1502,120.91569020600039,15.757859730821746,18.98996458936518,16.920477197564967,0.9680642777885984,1.2051106504153966
1005,370,1786,1758,70.4226177043298,12.29770559708713,13.62491326990319,12.795549962943445,0.9912200799909258,1.1079231944803123
1006,1509,1866,1435,141.00307848433854,15.094585416483174,20.610065766992204,18.483489004191256,0.937055721505764,1.3653946231929077
1007,482,1545,481,38.78850676951065,7.999999999999944,13.138176511669526,10.2912507804359,0.810924073747241,1.6422720639587023
1008,1815,1814,1957,71.45548853785908,12.09497774107852,14.450119794054443,12.983238688445672,0.9726685461569502,1.1947206603760077
1009,481,1464,480,54.65262819164363,7.999999999999984,14.626397872472593,12.189827304655301,0.8016336273062697,1.8282997340590776
1010,1592,1845,1464,83.91262219071587,13.321795310831575,14.445836351756949,13.943872531521668,0.9955742328885304,1.0843760930639317
1011,1843,1453,1546,79.26001748931418,12.803423731379263,14.691910849156057,13.602835019704811,0.9858337280507744,1.1474986032953356
1012,1526,1883,1970,62.92816309161569,10.099019983965418,13.982874908589059,12.366099907332929,0.9336984757195295,1.3845774075890709
1013,1083,2029,1082,41.540742364367844,8.000000000000146,12.362041724225866,10.275851961833306,0.8818915158954665,1.545255215528205
1014,1998,1442,1999,94.17894985157132,14.319987007337698,15.083001357694313,14.758156064645497,0.9981200425158377,1.0532831733691965
1015,2019,306,308,89.58419655116154,13.598858259243048,15.927638162548215,14.499289404929122,0.9792364421541203,1.171248192966664
1016,1471,52,1596,65.10693545112072,11.13019156041767,12.999044219310216,12.347165050101312,0.9814860844803867,1.167908400205685
1017,1713,1620,109,99.4431031262171,13.617658730068305,17.769992641540156,15.468352332528978,0.9480227692912685,1.3049227472783806
1018,75,1593,74,42.425485342340835,8.0,12.0013151741213,10.290790164972593,0.9010487550645759,1.5001643967651626
1019,1796,1737,1499,84.75623082920083,13.228414985472641,14.488263260125533,14.023584362339145,0.9936849656537408,1.0952380369104273
1020,1594,76,77,35.24521029838433,7.395033868786757,13.833435464120878,10.37226007060884,0.7101956785922537,1.8706385541396333
1021,1762,1500,1738,59.85604895222089,10.955512178548421,12.561923802888911,11.811930757739512,0.9876688208118414,1.1466304448536824
1022,55,1597,54,45.206142762678226,8.000000000000105,13.678400498606438,10.994591329681041,0.8265742615074297,1.7098000623257823
1023,1760,1653,1947,110.36062288992383,15.401305397602485,16.342735109436273,15.980285843985337,0.9973634250875703,1.0611266180060517
1024,1693,546,547,33.18456802312752,7.7506320370837445,11.984930794652,9.44070282636597,0.8286827371016491,1.5463165761590527
1025,1875,1868,1943,106.27463481373736,14.24523339012314,16.75854177288794,15.7750399938539,0.9815114190870173,1.1764315342497225
1026,1598,67,68,51.39120767111271,7.999999999999944,15.723265089512289,12.205014976547687,0.7457782196045564,1.9654081361890499
1027,65,1598,1696,76.34287444468588,10.480569907738149,16.16943224604777,13.874993750613577,0.8881290731183543,1.5428008580057604
1028,1534,1891,363,85.6704812837226,12.964471629498465,15.144045612460218,14.150202698886607,0.9841278965185983,1.1681189982322535
1029,70,1598,69,55.489687446981925,7.7816688039067525,15.00189592443783,12.461358443204082,0.7707588186028775,1.9278507351670113
1030,1940,1866,1434,117.6686729319005,15.699792515611614,17.711843708348443,16.552686067462375,0.9891927957773298,1.1281578206040672
1031,1598,70,1694,66.89976989997021,9.02470409417361,16.28342067032791,13.436673562979783,0.8107996459182446,1.8043162967349324
1032,1916,1518,380,64.18859537803746,11.517778206410668,13.34529855137061,12.255535772266741,0.9828962097028219,1.1586695204759858
1033,2047,2059,2058,66.72369000504875,10.746743866662348,13.917334949502456,12.61962426642649,0.9565227158204617,1.2950280682389437
1034,71,1694,70,25.99096344749084,7.208271154216875,9.02470409417361,7.887132814105715,0.9548468364739064,1.25199287056427
1035,1696,1598,1467,85.89983642582672,11.588244008275987,17.595332828215803,14.719518644848867,0.8907379271706976,1.5183778332290663
1036,31,32,30,18.20591633536378,5.444773208047115,8.0,6.738276809248938,0.9043230904273704,1.4692990312574234
1037,65,66,1598,56.68786135998836,7.4807095156288055,16.16943224604777,12.9726176132842,0.7134144233034315,2.1614837753379357
1038,1595,72,1593,87.74151018629551,13.741762612110927,15.07107065187804,14.270907619199173,0.9933344709378489,1.096734900557485
1039,1467,1750,1696,88.47672544618425,11.588244008275987,17.234244755689666,14.836912617139538,0.9048710127449809,1.4872179722295689
1040,56,1946,1749,51.74717359476462,10.84237813164927,10.990191067313711,10.932401408173085,0.9998612545109427,1.0136328888247286
1041,839,2059,838,29.176959825565064,7.5460942753228455,9.487409115436213,8.34450113025302,0.9582347641164032,1.2572608781819536
1042,1868,1944,1942,87.59019563055739,11.86952761989167,16.56703202799566,14.607074398980016,0.9306830488713392,1.3957616982357097
1043,1914,1429,1971,75.21312882842848,11.80952624074764,15.13625929516495,13.397143106363458,0.9578571324878364,1.2816991119371695
1044,61,2022,60,37.14078905480419,8.000000000000025,13.726106576010741,10.415932693535042,0.750050941911969,1.7157633220013373
1045,1441,1996,1997,86.68408496101179,11.285854444349065,16.797392896426683,14.695901887454385,0.9022021764211454,1.4883581016621474
1046,1889,1541,2062,70.85845184640804,11.323837082422463,14.289630975170759,12.962739036157346,0.9651620315240471,1.2619071495961363
1047,1468,58,59,66.85453793759552,8.0,18.41042569798216,14.375468542975554,0.6787862106541016,2.30130321224777
1048,1695,1467,1595,93.34258792255633,14.154136053674474,15.07898978842817,14.697756017478724,0.9971583715392477,1.0653415885820599
1049,59,60,2022,41.89446202281102,7.525897999628892,19.128121722326927,13.460042099322186,0.47510068280277273,2.541639778172671
1050,703,2028,702,27.459092395337887,5.7070969377475125,10.640653430548833,8.680290695480513,0.7934987443760264,1.8644599078333695
1051,30,32,33,1.4680722564342705,0.6450967825585963,7.260575862191751,4.891909954816683,0.10277393139945565,11.255017942260857
1052,840,2058,839,40.52361009978414,8.0,11.00525786125345,9.930350587343776,0.931354090445818,1.3756572326566812
1053,1449,2047,2058,78.60924947695848,13.194793983114668,13.810602648101938,13.480878198979882,0.9985811344421954,1.0466705782428523
1054,2059,837,838,29.17695982556506,7.5460942753228455,12.32380403529926,9.289966103540701,0.7409432626758807,1.6331367705808326
1055,1468,2022,63,98.45002871998533,14.63251489208778,15.790286091438858,15.103648883995499,0.9955937832090697,1.0791231861296187
1056,2022,61,62,36.72387109582954,7.943235055132728,10.847053240289876,9.437326600005655,0.937418191577349,1.3655712269625926
1057,702,2027,701,39.8746375010381,8.000000000000025,13.041156253419764,10.339389699347606,0.8280851520447137,1.6301445316774654
1058,883,2028,884,27.02815346820458,7.442950021904411,11.814506614133515,8.919493902993857,0.7453131633988616,1.5873419248233194
1059,1593,72,73,37.02311973961256,7.999999999999984,13.741762612110927,10.415192909158504,0.7474786508145704,1.7177203265138692
1060,77,78,1850,53.99924230228594,7.999999999999984,15.611843718029673,12.370862660907271,0.7635059351229894,1.9514804647537132
1061,1981,82,1982,61.35711301351532,10.050043938737348,13.866183073776611,12.20416200068928,0.9353644944994501,1.3797136767064433
1062,1517,1657,1658,105.8525183053389,14.59644273781256,17.29457451720025,15.763631162263332,0.978718049461116,1.1848485845388954
1063,1692,1539,544,74.87599136358469,11.603562395186445,15.102225245665442,13.382690216367576,0.9546225957617681,1.3015162698595357
1064,1849,84,85,55.5336122104189,7.999999999999984,16.243720024866295,12.711287584293588,0.7387715262467421,2.030465003108291
1065,86,1470,1849,88.3647407246039,12.008017515905044,15.981240353818178,14.600359690985144,0.9424307610922381,1.3308808329643473
1066,1664,1692,1463,139.60452539000588,17.20606691241581,19.07196668585065,18.008363021246733,0.9922665997925542,1.108444293686224
1067,86,1849,85,55.53361221041945,8.000000000000064,15.811821203232206,12.567321310415586,0.7589473076705128,1.97647765040401
1068,1796,1528,1737,78.13946379458851,12.495557808069314,14.488263260125533,13.507185457245583,0.9855222034984407,1.1594731089771262
1069,1469,1849,44,114.00894874754053,12.929094304612644,20.24475833981488,17.020417844963713,0.8806051882963758,1.5658295827103887
1070,1492,1620,1713,105.91119885803084,15.01740562597847,16.810784712026166,15.702190031021276,0.9895091471250692,1.1194200337071103
1071,1674,270,1675,82.73070503700457,13.12686657088955,15.34856226417008,13.938658999163934,0.9783429363375502,1.1692479832321458
1072,86,87,1470,61.51445882095704,7.999999999999903,15.981240353818178,13.262571761507614,0.7486844894061274,1.9976550442272965
1073,79,80,1850,46.42299375691164,8.0,12.956376861613686,10.925457240869376,0.8655685255092707,1.6195471077017107
1074,1525,1499,1737,92.0945532184152,13.171837538236487,17.151525881124627,14.892479420260125,0.947066627357267,1.3021361546052717
1075,1482,1774,1643,91.11136297291188,13.634943917851357,15.16591124256774,14.549048830472755,0.991999599145049,1.1122826271923263
1076,80,81,1961,41.28342733501748,7.779329032477899,11.808529142013905,10.172019630263675,0.8955338281540127,1.5179367131425485
1077,49,1961,1981,60.465290246352644,10.443911541572353,13.534699100207103,12.018884454747218,0.9561177801204783,1.2959415680927364
1078,1961,81,1981,51.67455827466227,10.443911541572353,11.473598624440474,10.948570294104016,0.9940788098782539,1.098592091552041
1079,45,46,1599,34.096051035479654,7.445074233958209,9.91695797112546,9.07315025447467,0.9413433988253218,1.332015996011508
1080,1982,84,1469,91.88402303636184,12.73213692602035,19.231897457231472,15.465817694862295,0.8599135029627843,1.5105003636842549
1081,1850,80,1961,63.947239029466516,11.805597464798883,12.956376861613686,12.190167822808824,0.9918471486562508,1.097477438159832
1082,583,1629,1507,81.72263168064441,12.175077951117299,16.812581759443773,14.189468506900248,0.9201389206390828,1.3809013648163866
1083,50,1850,1961,70.89283152138768,11.805597464798883,15.374307179538821,13.130361719806615,0.9358023118248899,1.3022896321326278
1084,89,1601,88,32.53258133207033,7.758294659912873,10.169451419438934,8.850316828675522,0.9471518471851351,1.3107843753324444
1085,1517,1533,1657,113.66897605787528,15.39987623177719,17.435032424899482,16.272272971993086,0.9886559019542321,1.1321540616620547
1086,265,1561,1562,57.78386458303167,11.0429815011719,12.718931966984888,11.633572718840902,0.9817228145560022,1.1517661209189867
1087,2064,1509,908,77.48683729439149,10.1664735438022,16.87723603084963,14.18831757400793,0.853343432403015,1.6600875375452604
1088,37,90,91,57.74705379690174,8.000000000000064,15.647909363215694,12.739204207296359,0.7677177968242055,1.9559886704019462
1089,89,1697,1601,42.317741192333564,8.62320440667476,10.791547980036325,10.021951485109414,0.9635932693270911,1.251454502421764
1090,469,1588,468,37.55040771174572,8.0,11.317336425170653,9.617967855988867,0.9191905284383478,1.4146670531463317
1091,92,36,91,57.747053796900914,7.999999999999984,15.647909363215694,12.739204207296302,0.7677177968242005,1.9559886704019658
1092,35,36,92,42.98934315694,7.453158974265449,14.569703258673222,11.216347213216233,0.7390655823761999,1.9548359707581775
1093,35,92,34,33.50325137629159,7.426988641656318,11.626179406710026,9.358562451473334,0.8542077215762042,1.565396147437386
1094,1508,1866,1940,84.99462435837555,13.265086706178568,15.699792515611614,14.149617905423758,0.9745085620990208,1.1835423969222167
1095,1596,1594,1471,91.60223057296915,12.999044219310216,17.790557685711796,15.015052500935516,0.9215026974519119,1.3686050593845767
1096,36,37,91,57.74705379690174,8.000000000000064,15.647909363215694,12.739204207296359,0.7677177968242055,1.9559886704019462
1097,1607,1658,1740,50.328683030510305,9.93877336200223,13.64676460789372,11.248068637344504,0.8981881114497288,1.373083388747733
1098,1657,1740,1658,50.279636241155,9.915165932521388,14.59644273781256,11.556758870823836,0.8402720398807495,1.4721329766087676
1099,1717,1716,1567,83.71297681895172,11.931066048195017,15.944450515121087,14.190099029695675,0.9468877743197186,1.3363810451399882
1100,1434,1509,1765,131.02339518525338,15.122101587695916,19.691756070288665,17.6925511353806,0.9555238750679322,1.3021838238615489
1101,1849,1470,43,86.62130518673447,12.008017515905044,15.859330030692758,14.426621557042736,0.9476886372865149,1.3207284224632847
1102,1597,55,1749,58.624886988595314,11.245736125822884,12.48858982143873,11.679899812566063,0.9900600477772193,1.1105177715100356
1103,39,1600,38,36.124628030626354,8.0,12.791256645546666,9.96140677835597,0.806574888921981,1.5989070806933332
1104,40,41,1600,43.58962717776681,7.78134645722898,12.581818782613068,10.584617126697035,0.8663179801692413,1.616920522915977
1105,335,1715,334,60.13387937924199,8.0,17.017850561023486,13.35044701578662,0.7187894064337443,2.127231320127936
1106,1500,1762,1764,82.88301497959212,11.918356291781206,15.614522527039616,14.084429789178868,0.9529987598651237,1.3101238245249687
1107,39,40,1600,36.124628030626354,8.0,11.390686140249056,9.494549943256766,0.9053974556474893,1.423835767531132
1108,37,38,1697,37.12506331429897,7.394808118109024,12.497720445298594,9.977827423967904,0.8251924813837591,1.690066901762215
1109,1528,1783,1652,97.3168021310087,13.352601664863062,16.95568101513618,15.206999110028335,0.9628202353306389,1.2698409973357105
1110,1460,1846,1845,96.5367311028729,13.589633494188643,15.797259005987952,15.029193346118959,0.9824940904038867,1.162449231080688
1111,1697,1600,1601,65.3362070582132,10.651102068617158,14.612695816475618,12.609530744614098,0.9336117767737461,1.371942144797491
1112,564,1628,563,33.84677101385419,5.771001614302315,13.145153163725663,10.21574119530863,0.682238516637787,2.277794054180809
1113,1792,1791,1704,61.70070347241002,11.682875507851389,12.107948263703248,11.941245002857348,0.9990466294013695,1.0363842579308657
1114,1759,1502,1760,94.42149576273897,13.718460574632248,16.013607272507983,14.856456175246455,0.9840458475743771,1.1673035167021473
1115,1471,51,52,50.236867575483885,7.999999999999984,13.51837310348254,11.476877491352859,0.8417752830402572,1.6897966379353209
1116,142,1813,141,50.83522995890922,7.999999999999886,13.888323445682266,11.607188600241711,0.8303506909695976,1.736040430710308
1117,1891,361,362,34.42232070672697,7.999999999999903,13.199504419440606,10.012124400926817,0.7539421142294956,1.6499380524300957
1118,48,1981,1985,77.48188661046947,12.983793676145618,13.754407791909829,13.387844171033377,0.9977846027062124,1.0593519994991922
1119,1815,184,185,35.618291263891024,8.0,11.222599577909834,9.401215740937982,0.9119191696172162,1.4028249472387293
1120,428,429,1736,37.63399546473281,7.999999999999984,11.961634212464753,9.796704027943088,0.8809335441885883,1.495204276558097
1121,178,1865,177,23.44457528882743,6.015188294803386,11.037383443430356,8.350857246077876,0.7316403410871378,1.8349190253887349
1122,447,1759,446,39.388243844935054,7.409863376440719,11.744837109609344,10.019185708802961,0.8754335497821559,1.585027484710643
1123,1596,54,1597,78.75431926852772,12.332041100404798,14.779470062975806,13.596637220662346,0.9785070732053568,1.1984609800311703
1124,54,1596,53,38.31334185074254,7.437547183627146,14.779470062975806,10.997712018192672,0.6808410508912248,1.9871430322500687
1125,1955,1797,1534,86.10601922660663,12.814200364396447,18.270888804250294,14.843774295193533,0.8788057809127032,1.4258313655696346
1126,1840,1452,1841,89.99393571160185,13.482014058932391,15.780896181901959,14.514151905333598,0.982337466446257,1.170514740076722
1127,104,105,103,24.492202279235244,6.2429492704142175,11.06601951621731,8.436322928877177,0.7527216831266506,1.7725627803288369
1128,1943,1501,1945,100.85286906200062,13.392476701695333,16.686883776151173,15.456600316751553,0.9661778582921677,1.2459893825343602
1129,1954,1955,1956,69.18960020575585,10.794939747950293,14.995054118101018,12.986226141446238,0.9311630811406943,1.3890817798170878
1130,728,1915,727,41.53791539865355,8.000000000000025,13.330429297267306,10.573697079185006,0.8230224110304609,1.6663036621584082
1131,1839,1841,1452,99.35960103681614,14.279545475166444,16.223385282534203,15.211440135423564,0.9889678129253905,1.1361275686784493
1132,356,1967,1969,49.48062123034326,9.231878191532024,11.851109619347124,10.86265295315061,0.9574659201185265,1.2837159864411556
1133,51,1471,1850,87.83433938824231,13.17069529422957,17.26883670070422,14.652635032805444,0.929874166538273,1.311156041114257
1134,117,115,116,21.47159124727753,5.978485497779568,11.910328452987919,8.62960465025585,0.6157311603130594,1.9921982678408203
1135,113,114,117,48.40892833536458,7.3911733512117035,14.446395929662943,11.666988219100388,0.7681739823139412,1.9545470310603135
1136,1957,155,156,48.66914544497086,7.730346639187773,15.144794922513125,11.828485600827113,0.752415274210864,1.9591352922958172
1137,112,118,1951,72.58288783475373,11.786678342008388,17.49170700758375,13.870260881151422,0.84236384700415,1.484023445794929
1138,1788,1790,1764,70.39941627576069,12.348516216056963,13.494669065271337,12.782134075532666,0.9935205303752798,1.0928170501751469
1139,1453,1842,1840,84.57356954835585,13.035330068843463,14.817154423466333,14.033148626333698,0.9890269318675592,1.1366919245782443
1140,1713,1619,1731,94.6227671971094,11.822686392903957,17.18397838703139,15.31862313751673,0.9075577278020949,1.4534749392782094
1141,118,112,117,61.52578762909154,7.392548206245471,17.49170700758375,13.883806040789203,0.6642227202740406,2.3661268779831794
1142,1819,1818,1523,82.18513346370479,12.75894465346877,15.472764800434296,13.926150621030198,0.972143203267631,1.2126994215174154
1143,360,1890,1527,53.31961632973831,8.62245233504081,14.105621619190082,11.743908273464747,0.8597777802852867,1.6359176103376303
1144,106,107,1851,36.535043235304556,8.000000000000064,10.798112350255838,9.400872643213859,0.9408210047704139,1.349764043781969
1145,1839,1835,1838,49.72278542883993,9.821523615021633,13.393347429903283,11.13163432688946,0.9078005862247424,1.363673087281355
1146,106,103,105,43.39004871467275,7.999999999999984,12.306315923838937,10.45744514668541,0.8896511359398859,1.5382894904798703
1147,103,106,1851,57.78071760794733,10.798112350255838,12.306315923838937,11.600696752860332,0.9887290452211696,1.1396728913963712
1148,1811,141,1813,93.02101570103025,13.772279880326845,17.137691165208658,14.932764830405924,0.9529868700258828,1.2443612324266782
1149,168,1962,1863,81.0072051098241,11.35648778693612,15.554235235513787,14.02704291224982,0.9337639262676397,1.3696343030814973
1150,370,1784,1786,71.35177862044671,12.19237397323722,14.417426816654352,12.969168795659568,0.973589117168734,1.182495455626707
1151,103,1851,102,37.57621132922577,8.0,11.69766198448622,9.715988163631948,0.8972650316821197,1.4622077480607776
1152,1851,108,1472,77.39353305108548,12.214191663000808,14.454273561869565,13.463451193649151,0.9813240378639543,1.1833999302347946
1153,109,1472,108,57.7362965269093,7.999999999999984,16.14632409567189,12.866865885847147,0.7495998004635487,2.0182905119589902
1154,1784,1756,1786,81.6362815078994,12.19237397323722,15.274696021637181,13.902622465129687,0.967204435464902,1.2528073741148187
1155,1951,119,120,46.98350447853085,7.999999999999984,12.821802595001737,10.970182364530714,0.8691045720075572,1.6027253243752202
1156,1506,1865,1568,66.58401575918582,11.432116180240104,15.395190185452858,12.851914028802481,0.9130078498386525,1.346661452939286
1157,1567,1949,1761,57.94810869845352,9.80927673187991,13.541883899987827,11.86323114979877,0.9350003790636309,1.38051808202913
1158,1653,1738,1739,75.58704817426329,12.238552867500264,15.648495857559027,13.505505655617354,0.9450004024929246,1.278623055109231
1159,79,1850,78,43.923188091126235,7.452264610539681,13.500744264692155,10.924334578742092,0.8060761929371844,1.8116297488414672
1160,1914,577,578,46.77409328126038,7.999999999999984,15.011898513493623,11.596857554501064,0.7569838074185608,1.8764873141867067
1161,511,512,2013,34.004707197428196,7.391275529106122,10.946404207742253,9.218123272998575,0.9017669774074865,1.4809898730789268
1162,261,1562,260,35.74289986460803,7.739870782802959,10.714112398017463,9.324809263680423,0.9332825142455197,1.384275357906866
1163,1636,1635,1454,102.91244175310364,14.304353437669437,16.61418680877759,15.50258101836535,0.9852547728614013,1.1614776495262888
1164,1473,2023,1374,116.60082142155892,15.022874135905768,20.80236938997673,17.130910686023793,0.8968242472223944,1.3847130184135368
1165,1551,1376,1550,75.79896232556106,10.314319078363544,16.309878626884746,13.89193159402146,0.8767884842571454,1.5812850565286611
1166,1374,1375,1473,82.36029158224525,7.999999999999886,21.19690316519052,16.666424185055714,0.6031504478086394,2.6496128956488527
1167,1373,2023,1372,45.98471301848735,7.999999999999886,13.123289100288588,10.913415971003923,0.8583334285296375,1.6404111375360968
1168,1393,1372,2023,75.2328744598631,11.879198083897482,15.224164193013697,13.408883792399925,0.9561876664350014,1.281581810951565
1169,210,1990,209,42.29449114712723,7.999999999999984,15.018572567188134,11.30767636341895,0.7173810478084413,1.8773215708985205
1170,2057,2047,1440,87.99289196347219,13.039843453664796,16.09369779646451,14.42990247219897,0.9685292072301578,1.2341940954775374
1171,1388,1550,1387,47.01089827832084,7.705401628116509,12.837983606008363,11.099479775890607,0.8418692326650964,1.6661018108599812
1172,1484,1770,1772,104.26419692864019,15.27341532644442,15.680589114619467,15.520346329894297,0.9994824232959328,1.0266589874937837
1173,1378,1425,1671,16.8729714319363,4.420930964031402,8.08901208255764,6.779951986680966,0.7991246396930451,1.8297078484983516
1174,2023,1473,1392,90.25300038217014,13.811590250233378,15.567488532188884,14.50070844047013,0.9884976022135392,1.1271322309844687
1175,1376,1377,1550,54.08252228583177,8.0,16.309878626884746,12.625651813483616,0.7288678254925085,2.0387348283605933
1176,1473,1551,1390,94.37818462344516,13.18886614926676,16.109213426015394,14.912780896994036,0.973233156293741,1.221425196351014
1177,1461,2080,1590,138.06592869172755,16.580445960572437,19.035216303905056,17.941443319927057,0.9873479198126186,1.1480521301519846
1178,1425,1379,1426,0.7517586140115471,3.29608597131471,6.913815084284994,4.613776363619247,0.07248671353299628,2.097583359310036
1179,1379,1425,1378,1.8246092378754142,3.631428035258038,8.0,5.3507863330964796,0.13068350352270794,2.202990097098687
1180,1424,1425,1426,17.418247559552185,5.170254227961613,7.648946001373669,6.5776717712067585,0.9070828281178344,1.4794139058011635
1181,525,2077,524,32.17753904200214,8.000000000000014,11.091452874472155,9.048023202569528,0.8851272013874893,1.386431609309017
1182,1423,1427,1380,12.004780594040582,4.70391402868529,7.524000830085502,5.799389695577463,0.7885882985393791,1.5995192055387981
1183,1428,1423,1424,20.416666666666664,6.011601853010985,8.0,7.011561757672832,0.9463931640188299,1.3307601194502097
1184,1382,1380,1381,21.73526898450673,6.009298111308912,11.881522960149287,8.630273690486066,0.6241087347447705,1.9771898048774486
1185,1671,1387,1550,61.1655219169638,10.419526387650402,12.937318539807123,12.037299673668157,0.9661106016073214,1.2416417079322242
1186,1424,1423,1385,40.83333333333334,8.0,12.368114467224993,10.208998901296333,0.8779904782486578,1.5460143084031241
1187,1671,1424,1386,42.47455541420598,9.030558864717165,10.623768615005895,9.971069905462356,0.9820204111395892,1.1764242694340301
1188,1383,1384,1380,54.34997724841159,7.391038258977416,15.381463867382035,12.586673372204274,0.7299662878250341,2.0810965020643972
1189,1383,1380,1382,43.47029714812142,7.4147701067827585,14.98751799025337,11.427937019061806,0.7157530323654129,2.021305822623326
1190,1384,1423,1380,46.03631784973079,7.524000830085502,15.381463867382035,11.757859721564179,0.7148592905994275,2.04431979936494
1191,2013,2012,1456,104.81292562904775,14.483761179447168,17.385994068963708,15.711359115693805,0.9746508759344907,1.2003783998893107
1192,1428,1424,1426,10.208333333333043,3.9999999999998863,7.023083420007511,5.39777921598967,0.7682932121853112,1.7557708550019278
1193,1853,1854,1476,81.25760130701323,12.678522844210054,15.219878018819001,13.824799551235722,0.9761951937107838,1.2004456832894785
1194,1491,2036,2044,72.04005210127507,11.615398776674866,13.869610850051629,13.005955013905217,0.9778347073859692,1.1940710014970382
1195,1425,1424,1671,28.376350109621082,7.648946001373669,9.030558864717165,8.169805926514897,0.9763226661045009,1.1806278751471606
1196,1692,1929,1539,85.43473867032885,13.442283008250836,15.289094432470199,14.123751166336737,0.9856979153755894,1.1373882266193767
1197,2018,821,822,26.767990353845693,6.84311430768289,11.563343293230947,8.802152533637935,0.7583820374658415,1.6897778954603417
1198,1172,1173,1174,39.008724095457865,8.0,14.451169113527003,10.853598051398663,0.7206158985660972,1.8063961391908754
1199,1931,615,616,39.17366829784378,8.000000000000057,12.238560776690708,10.018070516066546,0.8751287737888699,1.5298200970863276
1200,1803,931,930,40.66399385998772,6.623868372406118,13.810951985077649,10.905500756662539,0.7308931334679767,2.085028144975173
1201,1879,1880,1881,93.02294124679895,14.529556464382559,14.764542790657162,14.657950860093683,0.9998246177184077,1.0161729868940352
1202,1475,1703,1702,90.85328177199342,13.653305843871623,15.201906824234696,14.527447408786983,0.9921987964462088,1.1134231517312836
1203,1641,1642,1726,83.26496360837699,11.948439005395274,17.300943456047637,14.429937170793176,0.9024674569140455,1.4479668388678604
1204,1151,1172,1174,39.96996516265595,5.5372473620187534,15.70482467303851,11.897747049528087,0.5696315047995381,2.836215116695255
1205,1171,1151,1152,40.713008366843404,7.601136192730431,14.641614702429102,11.0720981536822,0.7185112882105407,1.926240279240364
1206,431,1880,1525,75.04136351404918,12.174742563635425,14.14200275548299,13.23775159565452,0.9852464694084548,1.1615853626115715
1207,1905,1007,1060,82.72082721692732,11.443770262091805,16.18099321837619,14.224235302660588,0.925522566098441,1.4139564887960683
1208,1170,1155,1169,70.87908469145363,7.394145676811452,20.41825180960294,15.662541993257541,0.5851108695956714,2.761407835611892
1209,1684,1683,1433,51.11248473599267,9.53470505376897,13.459980519689763,11.268887673624628,0.9103737909248916,1.4116829460151126
1210,314,1725,313,35.3324862014656,7.442950021904425,14.264482747386872,10.575788706025774,0.6813517879399156,1.916509274603059
1211,1155,1170,1154,74.92059448257551,7.501233163932287,20.41825180960294,16.053766262955012,0.5879062634932478,2.7219860206157502
1212,1154,1170,1153,74.51450198781708,8.000000000000044,20.241813815329817,15.62353894935976,0.628989618753834,2.530226726916213
1213,1171,1152,1153,40.539127425258016,7.391520397014218,13.404265857940112,10.589776606947133,0.7917718640661454,1.8134653140312953
1214,1077,1856,1479,56.60949354338606,10.86749165681805,12.282929964545115,11.481510319555241,0.98908638200037,1.130245170865997
1215,597,1932,1641,74.79682024503612,11.778092521594685,14.451095851496866,13.27904340213246,0.9727328238647668,1.2269470480896063
1216,1882,432,433,27.66934604713439,6.946715626488883,10.383713895322856,8.43391246112153,0.8728656169893583,1.494765937406186
1217,1578,1831,1445,60.88593409710778,10.793869342018107,13.5344776875539,12.029121029269186,0.963161289261377,1.2539041615843192
1218,1880,1879,1525,86.812365147018,12.174742563635425,16.526722229196174,14.488669194496254,0.9407288642644149,1.357459686955486
1219,1824,1828,1825,67.3308918277147,10.8258790886522,13.639506115225565,12.65305087481269,0.9611894474611268,1.2598982496971205
1220,1280,1260,1552,71.82083958569898,11.444844351050994,15.755323971702458,13.29902299142824,0.920735474515286,1.376630689630622
1221,1027,1829,1026,50.79901249675027,8.000000000000025,14.82940196507965,11.844596697525859,0.7903343642103322,1.8536752456349506
1222,651,1746,650,43.87499642811862,8.000000000000064,11.683658044473288,10.450238399074987,0.9029991937770726,1.4604572555591493
1223,692,1803,687,78.41220138011337,12.66643610347487,14.485840783060903,13.52014980694637,0.9876347230567039,1.1436398261296958
1224,1156,1157,1168,48.4279359533158,7.683396024538607,13.31820879093456,11.351442093882538,0.8248101550371106,1.7333752872297543
1225,1689,1723,1454,59.055681765681484,10.62779436866887,13.701956563168427,11.91542393429828,0.9492360596569448,1.289256838047441
1226,1770,1776,1729,63.58175262307077,11.469457022739693,13.104022327235976,12.177731675565122,0.9870236202209899,1.1425146195897107
1227,1155,1156,1168,48.51791137826285,8.0,17.649974234624857,12.9008985669331,0.6157628690922554,2.206246779328107
1228,1468,64,1750,107.82561901737434,14.106465480265978,18.55094497212987,16.120820406971323,0.945882620504671,1.3150668392505145
1229,1552,1745,1672,73.93545158905468,12.282854479047364,13.862307691066905,13.11461473493618,0.9903381646403515,1.1285900777147397
1230,1856,1855,1479,76.2653142534578,10.86749165681805,15.933890476531642,13.741759035238283,0.9109399499870963,1.4661976268033325
1231,1004,1684,1433,59.296151160365675,9.53470505376897,14.550595043963224,12.22682160846179,0.8906216333120353,1.5260666126438305
1232,914,1908,913,29.410360155240788,7.365928559406241,10.543602921590464,8.636510493665563,0.8881395942009637,1.4314017352403392
1233,1220,1986,1219,57.39553718104149,7.488120266219403,19.13021755543353,14.15008909924682,0.5911335459916657,2.5547422951704246
1234,81,82,1981,45.88664963870289,7.999999999999984,13.866183073776611,11.113260566072356,0.8195415111831508,1.73327288422208
1235,1261,1552,1260,46.88286013063769,7.787267900789535,12.696900651531271,11.032714862372233,0.8526079727764059,1.6304692240322127
1236,183,1958,1505,86.0506057416158,11.855800982730713,16.73838913359373,14.510509561757635,0.9259437585196898,1.4118311498291047
1237,1663,1929,1664,109.04995338674797,15.045362683032636,16.361041399185222,15.903083322839464,0.9943287814098372,1.0874474576565933
1238,1552,1261,1262,46.2644358677876,8.0,12.613976034795892,10.851473000365885,0.8765140440991768,1.5767470043494864
1239,1511,2048,2045,70.24916790041839,10.861542436234659,14.95600957190969,13.06026369605602,0.9355460518896987,1.3769692159021245
1240,1506,1568,1904,99.55135777038494,14.185211669985001,16.087011485808095,15.222471113748652,0.9895096718182413,1.1340691883961929
1241,1212,1986,1211,49.052235044173415,7.615736744175537,13.443608239446682,11.49383053006531,0.8113076602825176,1.7652406708685486
1242,432,1882,1880,40.75946418423374,8.488754555806091,10.621825826045423,9.831431425724789,0.9647636763332736,1.2512820056483276
1243,406,1753,1773,67.8591259742014,10.098628770315193,14.854457478789058,12.970453593878169,0.9085381494027326,1.4709380666069805
1244,749,1800,744,68.1989922135245,10.40740598452893,16.792372799959892,13.43531796464899,0.8406367930924945,1.6135022334021079
1245,1263,1264,1745,30.83848115934212,7.396730982221873,13.141196554166248,9.773762558736715,0.7015439193323832,1.7766222113189276
1246,1748,1781,1501,85.49242075642896,12.004247569120238,16.518047447372833,14.40790105269312,0.9355998688808019,1.3760168933756336
1247,1265,1553,1264,30.334686436443686,7.444239640056014,13.706588991785972,10.016929941627184,0.6516809042860183,1.8412342501755945
1248,1499,1885,1797,130.56582636778535,16.944888527574076,18.10128402741046,17.387592982845433,0.9964997892932442,1.0682445032290775
1249,1975,1769,1516,72.51332802436008,11.087893588056318,14.709466826520531,13.19468630043913,0.9490051858318902,1.3266240976884291
1250,1051,1829,1437,104.20894911144028,13.831656302796913,16.728172977507455,15.665556505376218,0.9739174373694419,1.209412134837737
1251,1087,1855,1480,112.64306949673272,14.027790455912886,19.72119581111127,16.671744183799586,0.9178154169945856,1.4058661535536798
1252,1553,1266,1267,30.020879450275,7.393838411503487,8.939052563976997,8.412955551395426,0.972410569413644,1.20898673550526
1253,1316,1317,1326,29.668379742925246,7.407148831513996,10.52940963142413,8.655938376321107,0.8927756558494613,1.4215199222980854
1254,1745,1278,1672,62.68777521296976,10.621184108734589,13.19868203469427,12.1771945865191,0.968148022847371,1.2426751951168997
1255,1987,453,454,57.57255248187005,7.765970453725618,15.65371957821662,12.83288846392054,0.7487438078281474,2.015681062848618
1256,2040,2039,249,105.03241292152288,13.517037518783482,18.610264472428895,16.003368453697266,0.9313596435977722,1.376800533886792
1257,1420,1421,1558,44.357699858598195,7.779385746553018,12.056057283621309,10.625818825461742,0.8758589687051205,1.5497441155894922
1258,1505,1958,1959,77.4326285876767,11.855800982730713,14.713245639623503,13.528684780374292,0.9692021036622283,1.2410165842910972
1259,458,459,1988,28.893818519115847,7.434010574626884,10.892723150169731,8.700877187893374,0.8540908112331399,1.46525526710277
1260,1319,1324,1318,57.74705379690174,8.000000000000034,15.210259122286125,12.666621814652201,0.7782443803030791,1.9012823902857576
1261,1819,1825,1816,65.57303359954284,11.069791817574542,13.397997846680951,12.418416251240329,0.9758091225256246,1.2103206697537094
1262,1321,1322,1323,26.83922573953026,6.832722870793334,11.459895238218389,8.764206036337228,0.7683299771910058,1.6772076747330165
1263,275,1930,1645,76.19825883403821,12.02150267206283,15.737397324339033,13.573154224240634,0.9424424167519448,1.30910400751411
1264,1318,1325,1317,41.31919852113065,7.705401628116497,11.55777976527363,10.171017148291847,0.8959446277905958,1.4999581232858858
1265,1320,1321,1323,44.74027914905655,7.859273561601876,13.137138875262245,10.818769225027504,0.8476488262352593,1.6715462023674152
1266,1675,1900,1563,115.56790014029681,15.695925458387604,16.75608591542451,16.356679861156653,0.996751531441211,1.0675436730282366
1267,159,1980,158,44.9597337255489,7.999999999999886,12.321066170073257,10.647476741396357,0.8877784134270901,1.540133271259179
1268,108,1851,107,36.53504323530427,7.999999999999984,13.721888356077082,10.375464645154247,0.7428712789522162,1.7152360445096386
1269,1456,2074,2076,77.9261614308989,11.834022823187192,14.846692123426173,13.58687880513989,0.9663077760690909,1.254576938480806
1270,1456,2077,2074,80.20730746915659,12.49765183823886,14.483847785119288,13.687140364054818,0.9848909109201792,1.1589255303786985
1271,119,1951,118,42.71763126294177,7.549907939350465,12.088744498590424,10.475110259983092,0.865206152537491,1.6011777356361308
1272,386,1704,385,40.54051169118563,7.398727169345453,15.559216645210688,11.502481077020564,0.6528567715447928,2.102958561531493
1273,1726,1642,2067,85.01833054956515,13.964813552631847,14.040429050936616,14.012310261504487,0.9999767988538593,1.0054147159229718
1274,656,1876,1874,47.355363622274375,9.568642417453969,11.601366634018705,10.558118789088518,0.9750236072473328,1.2124360100296865
1275,1489,1798,1617,102.75419241669,14.042867727935196,17.11054567360821,15.558812451688501,0.9739577454377417,1.2184509606660001
1276,1553,1274,1673,66.00401492090776,11.304317960155982,14.478331486114396,12.592901434303622,0.9500830247538976,1.280778861417891
1277,1553,1673,1264,79.79207566713931,11.996054856640495,15.892385171807137,13.865009673411201,0.9460452855386771,1.3248009751314036
1278,1553,1267,1268,33.61986882982245,7.629785094757344,12.535447183168632,9.690402652210588,0.7904682934857896,1.6429620267787248
1279,1495,1827,1823,74.65263019913155,11.810899383697675,16.15429946647931,13.575832181878587,0.9181190835266407,1.367745075263001
1280,1852,1075,1853,83.14638438617682,12.275454347245185,16.36146100183766,14.177979120132932,0.9420184855557008,1.332859912065857
1281,1076,1853,1075,48.680473257397004,7.999999999999943,13.748159540044991,11.341204629096707,0.8354454373886215,1.7185199425056361
1282,647,1902,646,38.97743708281317,8.000000000000064,14.138580348897017,10.71268828644358,0.7421040429376357,1.767322543612113
1283,1188,1189,1554,35.832823960854036,7.517169157493055,11.588469227251064,9.561465210220224,0.8786211797758452,1.5416001668260677
1284,1868,1875,1877,92.87090975115188,12.463111710490438,16.75854177288794,14.959522096626978,0.9443896615172973,1.3446514933170308
1285,1457,1660,1927,103.87999874286646,14.010021579906768,16.92758381142588,15.626038126378553,0.9766300309647127,1.2082482325154653
1286,1878,1877,1497,77.29313825786821,12.54429413973793,14.997885706313406,13.499028609918506,0.9734189552360103,1.195594231069803
1287,1269,1273,1268,57.7470537969015,8.000000000000044,15.460670270118248,12.702243454778069,0.7730490152186259,1.9325837837647704
1288,1852,1476,2024,119.5907693869942,15.77880353067975,18.383461070035597,16.748821152804197,0.9798083010337125,1.165073196728221
1289,826,1926,1925,86.66951084398944,13.339202130977357,15.309419873072745,14.220640316144914,0.9864934900965748,1.1477013184709144
1290,1315,1313,1314,20.0331972627705,6.1220103800107,8.297514742483012,7.014464498299951,0.9240407829596273,1.3553578363041765
1291,824,1925,823,36.55742639957991,7.854370336655695,12.216725768790845,9.793361299998503,0.8510753489022986,1.5554048568064582
1292,1985,1982,1469,83.60712520783224,12.73213692602035,15.186439457369456,14.003252828966994,0.9796218837350821,1.1927643839843811
1293,1463,1953,1779,55.678083322261884,9.62143792208959,14.510950053302873,11.9128918002693,0.881016128458178,1.508189334152184
1294,1304,2073,1303,36.7774190119525,7.999999999999933,14.557567261966653,10.773889706102432,0.6863145089696702,1.8196959077458468
1295,1497,1877,1875,99.69278262422176,12.954905983704187,18.397953003059413,15.66992393108872,0.9191415710355961,1.4201533400707012
1296,2011,521,522,33.3396573805061,7.975386221243963,10.402296748284055,8.975657347786068,0.9431575915983191,1.3043000626823003
1297,1270,1271,1272,44.52767163961249,7.767071341453544,13.097476931489293,10.806633031151199,0.8442773037239771,1.6862825582130172
1298,1787,1954,1756,89.79192421415826,14.024086837946504,14.86310198491126,14.412722544837203,0.9976894638562246,1.0598267221716384
1299,1974,1983,1529,73.3768467322011,11.704411530971566,16.47249118634961,13.585578132785,0.8972469684143757,1.4073745734897494
1300,84,1982,83,35.64621717534305,7.999999999999984,14.43341870133506,10.651718633488429,0.6803665138615691,1.8041773376668861
1301,1176,1554,1175,29.011121379811854,7.407873457735894,8.779632493888817,8.247554737679513,0.9797497503219708,1.1851758192117094
1302,1456,2012,2009,117.24468542346148,15.83835319242424,17.385994068963708,16.494895755733044,0.9936027996562801,1.0977147597188155
1303,111,1951,1952,41.555360320166805,8.100657523224895,13.834378381807026,10.754133856701626,0.7916732587696109,1.7078093157429919
1304,1177,1178,1554,43.84389806232612,7.999999999999964,14.25651154699926,11.091391118340118,0.781601961454404,1.7820639433749157
1305,249,2041,2040,94.8973042896426,11.66821575753822,18.610264472428895,15.58501546731562,0.8720120407911492,1.5949537494972856
1306,1190,1175,1554,16.539076950074953,3.870580695351966,9.22583226890483,7.217190408556874,0.6612461011377737,2.38357832972809
1307,2041,1618,273,57.269665984028045,10.427592804274653,13.233422204018764,11.686705448365634,0.9588644820138217,1.2690773846283965
1308,1189,1190,1554,34.00287906906294,8.0,9.57875724591655,8.934863171607127,0.9780389994684351,1.1973446557395688
1309,1903,640,641,40.232360293291094,8.0,14.294710624023235,10.860527303171201,0.7449730232149945,1.7868388280029044
1310,916,2008,1455,101.94191743087792,15.024512897005698,15.897854043384688,15.358373594514783,0.9974446829334416,1.0581277511201739
1311,1260,1280,1259,53.71169422772296,7.999999999999969,15.755323971702458,12.395139233459231,0.755435054726387,1.9694154964628148
1312,1187,1554,1178,85.31638940312611,12.149934607467396,17.06651960651534,14.490988586993998,0.9205060782782957,1.4046593794855646
1313,1776,1774,1729,66.5434414505163,11.959715676719702,13.129683035839827,12.428497156965554,0.9932318301106401,1.0978256833812141
1314,1160,1166,1167,81.66666666666697,8.0,21.836535853609927,16.75159588773766,0.5907695975560415,2.729566981701241
1315,1166,1161,1165,81.66666666666697,8.0,21.836535853609927,16.75159588773766,0.5907695975560415,2.729566981701241
1316,765,1801,1802,63.06051200181367,10.642004841773563,13.282215048516614,12.217736833412056,0.9672331844391869,1.248093310048057
1317,1164,1162,1163,89.6618688568901,13.453485411497448,20.418251809603053,15.784058762505145,0.7967892684241465,1.51769234403402
1318,1162,1164,1165,81.66666666666667,7.999999999999972,21.836535853609938,16.751595887737654,0.5907695975560395,2.729566981701252
1319,1159,1167,1158,66.64564486109137,7.4459786334126585,20.418251809603056,15.307409299697595,0.5782967054497801,2.742185119626769
1320,1158,1167,1157,66.44378284946094,8.000000000000044,18.057997456077068,14.231413206529846,0.6903081796743524,2.257249682009621
1321,1998,1830,1442,88.42014314019333,11.800875421668598,18.064211437794153,14.982696072385687,0.8838786586471404,1.5307518122447854
1322,1100,1101,1099,20.033197262770564,6.122010380010717,8.297514742483123,7.014464498299986,0.9240407829596196,1.3553578363041912
1323,722,1700,1656,62.23989744387116,11.29109039310226,13.548246939577917,12.12703854421464,0.9706347364516557,1.19990598497507
1324,1701,1703,1532,66.03034019004855,11.846330138815077,13.299567426195699,12.400993243775863,0.9889412310539465,1.1226740492921956
1325,1725,1639,1640,67.19576756069321,11.317078446665027,13.292576036518952,12.543974424762169,0.9814431877343869,1.1745589728978219
1326,1946,56,57,35.90087383159988,8.0,10.84237813164927,9.340014126174605,0.9358202065114583,1.3552972664561587
1327,1775,1791,1792,60.49625485172346,10.395585543981554,13.611646422516383,12.038393410067064,0.9526825844709915,1.3093679393939233
1328,1141,1721,1140,40.04845780837964,8.000000000000004,12.485713708847424,10.170794504891903,0.8659186685842093,1.5607142136059273
1329,1159,1160,1167,81.66666666666669,7.999999999999972,21.836535853609927,16.75159588773765,0.5907695975560399,2.7295669817012507
1330,1748,1942,1870,114.86101599917419,14.294450635908264,17.94218628391555,16.50132426212196,0.9652677118500819,1.2551854381058913
1331,405,1773,1730,76.1881001817349,12.777475670556289,14.363108651616185,13.328457271793425,0.987457334588578,1.1240959499311545
1332,1747,1746,1501,80.30618772110722,12.676956655072964,14.428448919633809,13.676141947398454,0.9887011422533557,1.1381634655869828
1333,1160,1161,1166,81.66666666666697,8.0,21.836535853609927,16.75159588773766,0.5907695975560415,2.729566981701241
1334,1555,1185,1186,28.66937063929928,7.269118438490146,9.871466533380007,8.380194990623366,0.9269261038356257,1.3580005081648372
1335,1633,1634,1722,69.67849484522041,11.708349847356331,15.002791908396214,12.96295471503793,0.9456979252060863,1.2813754375287776
1336,1183,1184,1180,75.0578271123075,7.859273561601876,20.84353785065703,15.936471849508274,0.6037684878235765,2.6520947117164226
1337,1912,1940,1585,71.81430918248262,10.868473138021269,17.339715820172703,13.80939589144405,0.8382403749420194,1.595414148792716
1338,679,1827,1522,68.77477729818605,10.197894945303188,14.477025649089146,13.012917038334919,0.9164930837394355,1.4196092160918743
1339,1670,1542,1780,58.210002690200334,11.382956547128979,11.8483983092185,11.599174701435723,0.9989057491457853,1.0408893559562005
1340,1721,1722,1634,79.10090202389492,11.708349847356331,15.302074485563585,13.753419478281158,0.954257814488617,1.3069369027283289
1341,603,1557,602,36.857037118181495,7.530635023498286,10.58515771475037,9.50398403234464,0.9223977325804162,1.4056128974144777
1342,339,1716,1622,58.17678089623634,10.401001323818242,12.562023269556128,11.697205645781212,0.975725637519384,1.2077705673192403
1343,99,1735,98,34.06264690400849,8.0,12.330268198196778,9.631732504021926,0.8154741467452448,1.5412835247745973
1344,1707,228,229,33.65732257450475,6.3385920123153845,14.235941080444741,10.54979798712084,0.6380018521477221,2.245915347254632
1345,1817,1826,623,66.9073206086788,11.669007663858403,12.924515841962638,12.467635203391103,0.991992955587161,1.1075933973368475
1346,1785,1796,1797,68.33599573444704,11.656382778897962,15.385436716113448,12.96291444078048,0.9230174376458388,1.3199151922126604
1347,377,1771,376,74.47709360221572,11.36869474282799,14.807920053528797,13.339962066046288,0.955262266814462,1.302517165646519
1348,1532,1606,1701,63.84810130846767,11.799954598683536,12.615400774233196,12.157479179744515,0.9968274015543609,1.0691058739870605
1349,1161,1162,1165,81.66666666666725,8.000000000000028,21.836535853609938,16.751595887737675,0.5907695975560431,2.7295669817012325
1350,1635,1636,1510,131.99206231453644,15.589202808649025,23.658327461131815,18.73565349539462,0.8386827978700052,1.5176098323646139
1351,129,1648,1521,58.63024387640117,9.910721459570865,12.86643445854348,11.85544854360171,0.9505566679838169,1.2982338885246603
1352,867,872,873,61.11622740848705,8.000000000000064,17.45899754972264,13.581539336558015,0.70281989378656,2.1823746937153126
1353,868,871,872,57.74705379690177,8.000000000000025,16.553371711211476,12.996824892158488,0.7321578842349997,2.0691714639014283
1354,864,874,875,88.16514506906182,7.999999999999984,22.547531620555485,17.60899242706645,0.5715251816862778,2.8184414525694415
1355,605,1557,604,37.08259264208475,7.999999999999886,13.193349845932172,10.189069870767497,0.7882453296077466,1.649168730741545
1356,874,865,873,86.62058069535071,7.999999999999903,22.20503552378411,17.359793752910008,0.579522608258798,2.7756294404730477
1357,864,865,874,85.48515358332321,7.849558539293837,22.547531620555485,17.42381196493178,0.5648660429590623,2.872458560272602
1358,875,876,864,78.98196999855932,7.397912951115374,22.27944566064388,17.0183632317498,0.542800915014893,3.0115852684215265
1359,1692,544,545,56.14553760981045,7.999999999999984,15.102225245665442,12.448968815342978,0.7858525403797504,1.887778155708184
1360,865,866,873,81.62877530964572,7.735592270806098,22.20503552378411,17.02058733979381,0.5661038475254931,2.870502315328236
1361,618,1477,617,56.0755769635615,8.000000000000114,14.619880383739124,12.386059335018404,0.7943173387421067,1.8274850479673646
1362,866,867,873,67.10996880705383,8.0,21.121134224791216,15.526710591504619,0.5705494117647504,2.640141778098902
1363,288,2044,2036,81.44432351056687,11.615398776674866,16.9739718061136,14.254075712765465,0.9044078349029733,1.4613335394217717
1364,869,870,871,56.69472674588044,7.999999999999944,16.270647565751908,12.814777584193697,0.7416395854079401,2.0338309457190027
1365,869,871,868,56.97347602650389,7.895412235708878,16.270647565751908,12.867720922241583,0.7371106495999101,2.0607723928795054
1366,872,867,868,58.6395089700448,7.697334106049617,16.553371711211476,13.178775425737475,0.7166289166141987,2.150533091476642
1367,58,1468,1946,84.13133297452391,12.800883398344302,16.715979930944506,14.297428004841784,0.9368205812855623,1.3058458085093245
1368,1983,435,436,48.2835907056321,7.395033868786624,14.809691541255507,11.756503143548974,0.7522306526802908,2.0026536462212956
1369,878,858,1556,27.623804267378677,7.180871043028201,8.559433378568292,8.05463030942656,0.9775147510117097,1.1919770355545538
1370,2080,1461,1589,138.33311501191875,16.933890000745716,19.035216303905056,17.936547442450934,0.990716291408569,1.1240899936793498
1371,1600,1470,1601,79.04756323112781,11.863014054619113,14.612695816475618,13.67916641207111,0.9670671820776299,1.2317860999908248
1372,1556,858,859,30.77487853699672,7.999999999999904,13.778008413208232,10.067198306630443,0.6564684849612135,1.7222510516510496
1373,878,1556,877,32.370772970507915,8.0,9.62590199485535,8.728445124474547,0.975423848764162,1.2032377493569189
1374,1556,859,863,81.8378050614994,12.375271550539503,15.729706909697988,13.960995624481908,0.9603397429603852,1.271059535579423
1375,1502,1714,1622,85.57372362826224,12.639422086330457,16.74917311431588,14.404017595597887,0.9390133392915346,1.32515339703942
1376,1546,1544,962,67.75993395241362,11.451032684683534,13.211336777800936,12.582085499294747,0.9844835509369558,1.1537244842093515
1377,1928,532,533,38.45920701754027,7.77489379010086,12.13676144612326,9.944270020940122,0.8702522763725435,1.5610195809460459
1378,1852,1097,1073,48.667965805000385,10.110458897695553,11.502224663869164,10.656242671372633,0.9865738732217266,1.1376560431387375
1379,876,1556,864,109.22908914075268,14.111604912068065,21.377731083490136,16.994316706987973,0.8444141723462627,1.5149043086664205
1380,1484,1705,1610,110.01201930806258,13.224286938309767,19.219571447905462,16.489114642131323,0.9138119259656636,1.4533540853705924
1381,1453,1544,1546,82.71655557937692,12.803423731379263,16.368693597627658,14.127818035602617,0.9450461167472455,1.2784622254991418
1382,862,860,861,43.3241285288021,8.000000000000057,13.50086607375066,10.77735462941851,0.8255447832568046,1.6876082592188204
1383,689,690,691,38.049288787155106,7.7659704537254575,11.22421187438148,9.684557427883703,0.9167016766741908,1.4453070535437138
1384,1499,1797,1796,97.33772442479865,13.228414985472641,17.116606393551766,15.243486031712619,0.9569942846747423,1.293927232578439
1385,812,1660,1741,96.09125981518035,13.603898190616832,17.8816891687102,15.285791275347712,0.9358570352366211,1.3144533219929517
1386,537,538,1538,36.57857221426329,7.999999999999904,13.331957125719795,10.211174861971573,0.7720209541777474,1.6664946407149943
1387,1556,876,877,32.370772970507915,8.0,15.493614125405713,11.03983870675369,0.5653279611944749,1.9367017656757142
1388,1126,1579,1125,51.98464678103617,7.4222002028300365,16.13785016012458,12.526795891016212,0.7033154627371694,2.174267699485029
1389,1536,1893,1894,90.88572253587374,12.616016934813166,16.51888091638321,14.7467028546646,0.9537568511470954,1.3093578584854557
1390,1534,1797,1527,95.91126159707494,13.289499483607207,18.270888804250294,15.381574506272834,0.9189003839411257,1.3748364885214603
1391,968,1840,967,48.12712196737555,7.705401628116493,13.499399560884852,11.320611453111766,0.8246207259985152,1.7519397706183737
1392,1075,1852,1074,43.46894220895987,8.000000000000057,16.36146100183766,12.007778104916255,0.6439251524918407,2.045182625229693
1393,1178,1179,1555,33.68698887277701,5.65686316629226,12.580298694703174,10.085010154940669,0.6973261414991234,2.223900123599563
1394,1179,1180,1184,57.747053796901554,7.999999999999964,19.106604136265922,14.077706664436619,0.6081460037917449,2.388325517033251
1395,1524,1876,1651,61.651293334171825,10.019739877013162,13.36772498114218,12.19865337406791,0.9417427200433711,1.3341389242858306
1396,1182,1183,1181,90.56832938854112,13.43247305416128,20.506848833669146,15.858104752446065,0.7974273347828267,1.5266621977191517
1397,930,1565,1901,88.44173999245058,11.7842201736079,18.649796398260765,15.153758241409273,0.8599877666247591,1.58260759927323
1398,1868,1942,1943,107.38960966076283,14.24523339012314,16.786201068910486,15.866155495676429,0.9800403929225405,1.1783731869601457
1399,1469,1599,1985,90.65434033903716,14.091182103511182,15.125381402566818,14.491093246810651,0.996002426725261,1.0733933669623033
1400,1183,1180,1181,76.0523386917077,7.488120266219404,20.84353785065703,16.279502316848525,0.5783465967540308,2.7835474203969346
1401,1537,1926,1895,75.14156194392065,11.701895865394498,16.86199483167216,13.809964371101584,0.8871851092831253,1.4409626461928615
1402,1806,1826,880,51.84422743265209,9.676878681470768,13.020844368068191,11.217487346635444,0.9373593018043632,1.3455624273765496
1403,711,714,715,45.97444045826455,8.0,12.945320803502426,10.87306768275856,0.8658715938682141,1.6181651004378033
1404,1613,1612,1486,96.24639812406905,14.454912671504317,15.871352799824596,14.953084348919942,0.9922067622889476,1.0979902238435917
1405,846,1580,845,59.42824379543839,7.999999999999984,17.621405890278073,13.517179152130623,0.6891785322911081,2.2026757362847635
1406,711,715,716,45.97444045826461,8.0,15.263607785319639,11.645830010030963,0.7351758508734468,1.9079509731649549
1407,1729,1794,1772,59.79825091453992,10.973966938603219,12.315626076693158,11.793708015254452,0.9904059060807138,1.1222583543030709
1408,1964,1966,1503,62.76117142751189,10.132214496261101,13.97871786579336,12.342601826607805,0.9352785290485535,1.3796310639645126
1409,1915,725,726,34.53823815240595,7.505599957095902,10.395221945990954,9.161434535931571,0.9338510593420837,1.3849954707702163
1410,1635,1510,1637,95.28556108498292,13.102579408883122,16.959430216403018,15.083945877857325,0.9567077208095873,1.2943581326364697
1411,1930,1485,1645,88.0286933150447,12.02150267206283,15.982287360251672,14.563691328163928,0.9440279471232956,1.3294750079283717
1412,1622,1716,1717,91.64245670541588,12.128592343969265,16.672628360525728,14.915223739872026,0.9346578635396494,1.3746548558717044
1413,714,712,713,35.83570325418617,7.484096884816888,10.319591596119405,9.349425457437247,0.9282867735283568,1.378869321835602
1414,1915,726,727,34.121795924651764,7.400995054819189,10.390661940287687,9.125046233271577,0.9285854992198006,1.403954720051024
1415,728,1603,1915,66.21153735784368,11.3224035049478,13.330429297267306,12.447870874382815,0.9823835143986626,1.177349781911766
1416,295,1486,1612,74.98865853131088,11.675100782371173,14.454912671504317,13.310647232602058,0.9697449078121937,1.2380974640776141
1417,729,1604,1603,67.30738463421518,11.052429640893983,14.209105941481026,12.666936802832012,0.958825902186066,1.2856092644921566
1418,1681,1478,2026,87.97492283696113,12.669086712838462,15.870343371078416,14.432125350277303,0.9672567470180481,1.2526825122284386
1419,1604,1602,1603,77.50287818826773,12.739274826121024,14.493123407578427,13.445522316365443,0.986943886461879,1.1376725602827293
1420,1787,1796,1785,57.78924094869666,10.788605260119462,12.375170458543092,11.606719499186838,0.9875817081908396,1.1470593427204567
1421,1691,1591,1463,111.11696397754974,15.317701717939064,17.49328517085214,16.11416356113961,0.9846091521542385,1.142030670982787
1422,1548,736,737,36.24409045017531,7.394145676811419,10.967725992225178,9.491096749180029,0.905850374153096,1.4832986083329096
1423,1680,1478,1679,78.38257087016095,12.34254901139263,16.738890586918206,13.954660830411711,0.9112770415568158,1.356193973503171
1424,723,1698,1699,47.3714282869965,9.258742492414532,11.29648776513591,10.574356179788966,0.9708430242375812,1.2200887727886216
1425,849,850,1581,39.67278109399343,8.0,10.76789899144091,9.797272717072698,0.9386841587699827,1.3459873739301138
1426,1521,1648,1649,76.35007943141395,12.86643445854348,14.118624555499991,13.316664151080362,0.9924923997743531,1.0973222302566537
1427,1533,1517,1542,124.37485415659799,16.71249715922747,17.435032424899482,16.95816130730377,0.9983956831634485,1.0432332319214832
1428,803,1897,802,26.910398220974933,7.213264393322721,10.775506263842402,8.490399183740584,0.8318439364302834,1.4938460142702144
1429,1654,1530,1500,73.85176399078804,11.24853190815214,15.374850324475757,13.383563973618685,0.9372717634613753,1.3668317296884898
1430,1698,1606,1532,55.42604174650139,10.921422343494251,11.799954598683536,11.331226039096121,0.9959067325415434,1.0804411941556875
1431,1744,720,1670,58.461859003101274,9.80381653745343,13.44951548352712,11.902451090186105,0.9373504833910072,1.3718652763590649
1432,1533,1656,1657,104.5262565490087,15.179977001677058,15.98191025930259,15.547485017727595,0.9981778275195899,1.0528283578780742
1433,1602,724,1603,67.99814065229404,11.705701143293576,13.104168715396877,12.575421376029704,0.99059880870328,1.119468928429333
1434,110,1952,1619,45.23917178754579,8.928235005010569,11.545880130502992,10.387273261912085,0.9577641634200315,1.2931873011881283
1435,1692,1664,1929,119.91462377508147,15.289094432470199,19.07196668585065,16.887969001540462,0.9623688077138532,1.247422911153363
1436,1646,412,413,36.40358407430763,7.999999999999903,16.37682845958059,11.690203874899241,0.5647904778668313,2.0471035574475986
1437,1547,1336,1337,38.02937034184188,8.0,11.134155111949253,9.631296525329072,0.9302786065737698,1.3917693889936567
1438,1462,1662,1538,84.06081529964506,12.062576758437565,16.614733008905123,14.312623179744174,0.9319459226431877,1.377378427646763
1439,1654,1500,1790,53.30402797809219,10.348826249108662,11.837337653037826,11.144898603432877,0.9880960645274415,1.1438338385531759
1440,710,716,709,64.16444082843441,7.406209931496077,20.541404207306773,15.216740364326233,0.5625835922483304,2.7735379360435366
1441,1933,1937,374,51.68107992706156,10.716460357323399,11.244567644672161,10.93199029286457,0.9982664536333092,1.0492800112854301
1442,1964,1882,433,35.27775712448707,6.946715626488883,11.649708609097885,9.609535008998908,0.8466809596294861,1.6770095733695756
1443,1972,1924,1974,93.13416063343752,13.965493835225669,15.382006811873854,14.699887221820243,0.9938160860299354,1.1014294942492662
1444,2038,1519,2043,76.78770967970263,12.041130511749488,14.973284575616649,13.480495351481357,0.9681996934519496,1.2435115258493399
1445,424,1712,1711,64.35109686885501,11.912715625774421,12.492167913938154,12.197576805862289,0.998492338158139,1.0486414942122875
1446,1509,1434,1866,145.9559028961158,16.24642197842707,19.745815829098394,18.56133129260471,0.970817670513624,1.2153947407815715
1447,692,693,1803,47.322276877575334,8.000000000000064,13.408172534303334,11.1196112193279,0.8480614673285929,1.6760215667879035
1448,1496,1869,626,93.84063739245397,12.418024755390453,17.632507205262296,15.175979001599549,0.9226357408829226,1.4199123896582928
1449,931,1803,694,83.62205912973727,12.28168191250385,15.292400461551015,14.064935872775708,0.968064501203452,1.2451389451783461
1450,931,694,695,57.650813752065766,7.990418602605817,15.491745838232301,12.700963228370126,0.771660495563014,1.9387902697838846
1451,931,695,696,56.828499337394305,8.0,15.491745838232301,12.605129844595984,0.7732709796843901,1.9364682297790377
1452,1762,1653,1763,80.19668198442638,11.549424420203366,15.127296901568982,13.877637398350165,0.9482976074278717,1.3097879471038278
1453,1803,693,694,47.32227687757445,7.999999999999944,15.292400461551015,11.747687195077086,0.7439898939974396,1.9115500576938902
1454,1747,1781,635,35.473582226288556,8.430452285355496,10.882681635744511,9.28891271846454,0.9356558404921136,1.2908775552468013
1455,1936,410,411,37.33580644589665,8.0,12.88444253164625,10.086651196327443,0.8136605140432657,1.6105553164557813
1456,717,718,708,81.66666666666652,8.0,21.208118715115624,16.583174307474128,0.6046627716740558,2.651014839389453
1457,1414,1558,1413,59.790919126495204,7.999999999999886,15.936711353345833,13.029227858048595,0.7565669246546286,1.9920889191682574
1458,708,718,707,81.66666666666652,8.0,21.208118715115624,16.583174307474128,0.6046627716740558,2.651014839389453
1459,240,241,1613,37.4900114645212,6.099222834977608,13.667491843430877,10.686912956374258,0.6923701281189186,2.2408579278414007
1460,1599,44,45,39.37649245163049,8.000000000000114,13.473728452800746,10.463562141308772,0.7933071442457628,1.6842160566000692
1461,719,1744,718,42.607212339589886,7.999999999999886,14.678783469639232,11.178526661545499,0.7429251192523644,1.83484793370493
1462,2071,1016,2069,57.328091061032055,10.051463877046718,13.7098119724659,11.809172350423447,0.9343403664660559,1.3639617214138626
1463,1744,707,718,91.06383395410094,12.522379722907779,20.541404207306762,15.914189133284589,0.7943693312223068,1.6403754447510805
1464,472,1846,1847,87.12277152118176,11.753323063550393,17.305617231590144,14.71703228060955,0.9071324286675453,1.472402071994313
1465,1670,720,1533,69.71194400898702,12.107491354415627,13.669054211688161,12.743522271893852,0.988622112242007,1.128974930607985
1466,932,930,931,20.033197262770305,6.122010380010643,8.297514742483054,7.014464498299939,0.9240407829596202,1.355357836304196
1467,2063,1565,930,94.72826428250514,12.563193104315642,18.649796398260765,15.458972224220865,0.89220030278341,1.4844790049318182
1468,929,930,932,17.589488749093064,4.873526898450845,8.297514742483054,6.810539167708576,0.8386108336696575,1.7025687793209054
1469,932,696,697,47.46558432724236,8.000000000000114,12.576585839462899,11.0156181573437,0.8707182252772158,1.57207322993284
1470,932,931,696,38.04990800058245,6.122010380010643,14.323643695555646,10.971974236044792,0.6621003589127635,2.3396960812619114
1471,2027,699,700,31.577127222704846,7.445954198532567,9.781513440199179,8.69701272689662,0.9524981768612095,1.3136682256421748
1472,1576,1830,1441,86.6909993118267,13.478537685891409,14.580328561781462,14.174470429411253,0.9952489547694793,1.0817440958037567
1473,698,2025,697,49.98928887414471,7.396872456050519,15.076768980701246,12.002996080400889,0.7444430058054575,2.038262667131525
1474,1898,1459,1899,94.64378356379416,14.102417062232789,15.486116180917557,14.816446162330946,0.9941927431633629,1.098117869623244
1475,883,1681,2026,80.74226762033291,12.193663677295767,14.75694596691503,13.787328303379452,0.9743237367174228,1.2102142848495991
1476,1679,1681,1430,72.74698053455417,12.413724351182198,14.287486594171485,13.055310944659276,0.9813157863787321,1.1509427944411252
1477,2027,700,701,31.807260570664916,7.432872514012547,9.97701284462303,8.757818633531231,0.9443581477639593,1.3422822503432201
1478,1574,1437,1028,87.42735457786439,12.577785517596684,16.872324699009923,14.55851152597485,0.9387447692650884,1.3414384173911262
1479,708,709,717,81.66666666666644,8.0,21.20811871511557,16.58317430747411,0.6046627716740567,2.6510148393894464
1480,709,716,717,81.66666666666761,8.000000000000114,21.20811871511557,16.583174307474152,0.6046627716740638,2.6510148393894086
1481,691,692,688,39.28155969273607,7.4235186019960855,14.053654830766186,10.738702296068688,0.7396632953204935,1.893125832134016
1482,730,1941,1604,78.7198759258935,13.048809092828554,14.398559698730713,13.527386150300265,0.9914102303457679,1.103438604726309
1483,101,1851,1472,72.36164923431375,12.214191663000808,13.657993126377185,12.967397987120956,0.9917465638054084,1.118206877967204
1484,1187,1178,1555,76.20854020587589,12.017868603826573,17.06651960651534,13.927001635592271,0.8845515908971789,1.4200953737405018
1485,930,1901,1803,89.9397250824976,13.810951985077649,15.027258152359153,14.437665186280677,0.9952728084831586,1.0880682351655186
1486,1414,1418,1558,107.58951185767044,14.146160691285955,17.87711328999051,15.986661778207434,0.9634452645105968,1.263743122966419
1487,1418,1414,1415,62.68846814445003,8.000000000000227,17.87711328999051,13.853582312512176,0.6898679127550796,2.2346391612487504
1488,1416,1417,1415,24.258838609295363,6.366007531946363,11.640047141640522,8.668684891195628,0.7002434807834078,1.8284689553425109
1489,1418,1419,1558,42.00776797639113,7.999999999999932,14.146160691285955,10.917175797597645,0.7728302881450336,1.7682700864107594
1490,2076,2074,509,73.2930758678672,11.834022823187192,16.001604234344686,13.446374235389504,0.9191874384403749,1.3521694586385007
1491,1409,1394,1408,50.30012669617767,10.109625040669037,11.654777027297408,10.835011880159174,0.9861062210720182,1.1528396929077516
1492,1415,1417,1418,44.538232837536206,7.922380501080521,15.683633647545792,11.748687096755612,0.6946156555900342,1.9796617500771045
1493,1394,1407,1408,33.92635828203476,7.960599126020678,10.74063357251108,9.114383508754662,0.92752449524888,1.3492242735101871
1494,1400,1396,1397,37.99657308782779,8.0,13.131828808958527,10.230238175432257,0.8030327911826604,1.641478601119816
1495,1398,1399,1397,15.36915608985823,4.048658066679589,8.0,6.597647294671354,0.7585951557196775,1.9759633607589417
1496,1399,1400,1397,29.885677906080584,7.744283817334472,9.558885717338244,8.43438984489092,0.9614937402448501,1.2343150048222722
1497,1985,1981,1982,80.5980512237186,12.696258989553879,15.186439457369456,13.769343163989339,0.9761166450207006,1.1961349772294678
1498,1957,156,1958,66.3796701429101,11.451171269542527,13.28658601797959,12.449357509434185,0.9854485794940308,1.1602818353890874
1499,1405,1406,1402,47.292985942973914,7.400995054819234,13.487278038332787,11.345660569910748,0.7999987059711771,1.8223600932621091
1500,1456,2009,2011,99.91654051701998,14.521791249632695,16.26034000581118,15.246199964062571,0.9903645853792769,1.1197199936490245
1501,1815,1957,184,64.17916140078023,11.222599577909834,13.116445658626713,12.247887922246868,0.9840301499575992,1.168752887204909
1502,1400,1401,1406,39.435809513776,7.738807721244767,13.199766137531967,10.383649249955825,0.8073485442143125,1.7056588835119448
1503,1403,1405,1402,49.96986272463485,7.470472061106424,14.564021086158641,11.840590395199285,0.7696351001068216,1.949544950711136
1504,1401,1402,1406,40.833333333333506,8.000000000000004,13.148708616580226,10.453694169223658,0.8291831415481956,1.6435885770725276
1505,290,2044,289,29.220090093150375,8.000000000000064,8.399181549809597,8.219627069874356,0.9983914366449274,1.0498976937261912
1506,1395,1407,1394,20.41666666666667,5.206355967537261,8.641917827732227,7.282757931756496,0.853198421148227,1.6598784027862148
1507,1405,1403,1404,48.355555557490135,7.407148831514059,14.564021086158641,11.687483973375478,0.7642541977102432,1.9662114826416526
1508,2075,525,526,29.760499774804323,7.991284323276104,13.210693146525292,9.73399248993379,0.6818728711276728,1.6531376700046434
1509,1797,1955,1785,56.972746643964584,10.19464428293568,12.814200364396447,11.618589491554053,0.9663014065275305,1.2569541426615065
1510,2038,2042,1519,75.66587158146315,11.612909868114208,15.49165879079216,13.510546541994765,0.9443221328602762,1.3340031884108485
1511,521,2010,520,42.12487243585656,8.0,12.881692872307573,10.476321008347123,0.8554053004742874,1.6102116090384466
1512,1456,2076,2013,78.66840975274857,11.706595800930726,14.846692123426173,13.679016367934688,0.9608332511118491,1.2682330863636546
1513,2076,509,510,36.97743006296921,7.496983149780379,12.503495648636632,9.955615466111444,0.8267105268128796,1.6678036216478511
1514,1247,1248,1246,57.7470537969014,7.999999999999964,15.658890192343904,12.741597243493581,0.7673746881665787,1.9573612740429969
1515,1246,1249,1250,30.023359247027226,7.726957014342713,10.576372726838384,8.69800938436121,0.8955803018350612,1.3687629822718839
1516,1090,1091,2078,78.60372711701379,12.753245237850853,14.316366824472741,13.518899075672573,0.9910419514566782,1.122566574818356
1517,1965,1966,1984,76.3947004335617,10.880682251802554,18.093867032798876,14.342269759345209,0.8228271101057516,1.662934971729493
1518,1497,1524,1871,93.8961020311254,13.498804784603553,18.01535705984889,15.192178251547096,0.9233665662412771,1.3345890504614761
1519,1089,1090,2078,49.56343284449548,7.424883350079905,14.316366824472741,11.760373626770837,0.774410572650704,1.9281605042749488
1520,1955,1954,1785,49.23324540161589,10.19464428293568,11.052893938488916,10.680825989791629,0.9955344251481789,1.0841863268333765
1521,1461,1928,1663,104.31428589471422,14.196526919894303,16.623491229373897,15.619813905717407,0.9830858210960777,1.170954792194883
1522,435,1983,1984,71.9699163490055,11.796631884219243,14.809691541255507,13.091299936405727,0.960819776867421,1.2554169432943767
1523,2078,1091,1092,46.11285479905342,7.676514615012754,12.753245237850853,10.971653952629458,0.8464048140635863,1.6613327632972488
1524,2079,1476,1854,73.72873232100376,12.678522844210054,13.35984374293301,13.057861277795856,0.9981306686981151,1.0537381923032223
1525,1092,1093,2024,41.92097695333325,8.000000000000044,13.222229549228418,10.567551903555037,0.8329933973000029,1.6527786936535431
1526,1964,1984,1966,60.00103397888913,10.880682251802554,12.916873117768958,11.861286804253703,0.9800720268838177,1.1871381609024634
1527,1955,1534,1956,83.66076109966679,13.168684558287406,15.438133777210373,14.017684017477213,0.9781745975708451,1.1723368198909998
1528,881,1821,1430,68.47053944780038,11.703939772038636,14.802279638994406,12.8333820585605,0.9488619585532192,1.2647262312779393
1529,1982,82,83,35.646217175343274,8.000000000000064,10.050043938737348,9.19059371262255,0.9659610737394493,1.2562554923421585
1530,1873,1878,1497,78.00857954428976,10.862496483251794,15.783754513167471,13.88137890091089,0.9128496208002689,1.4530503680717832
1531,1367,1365,1366,22.34513003541792,7.597820691966751,13.956813498531393,9.770976283470338,0.49506340116136666,1.8369495759867123
1532,1367,1368,1364,79.59928515841051,7.421212899207122,21.812810489552295,16.988190270789513,0.5497813137345484,2.939251411569497
1533,1363,1370,1362,77.30296217069116,7.574291076081005,22.313949369486792,16.78364508739389,0.5498648637218981,2.946011599679926
1534,1367,1364,1365,102.14000284507577,13.956813498531393,21.730547423609117,16.824852481218,0.7989954338597742,1.5569848680643126
1535,1284,1282,1283,40.833333333333314,8.0,11.432289841342001,10.010639581280833,0.9213554781365982,1.4290362301677502
1536,1281,1282,1284,5.958153563100614,1.2901935651174392,10.599628902500498,7.3065411534194515,0.1923423819319924,8.215533846299778
1537,1368,1369,1364,86.62058069535196,8.000000000000034,22.31394936948669,17.37558661967967,0.5783160870934071,2.7892436711858246
1538,1361,1362,1370,63.460750331302705,8.0,20.462694816613876,15.024765927196606,0.5795280944878053,2.5578368520767345
1539,1371,1360,1361,25.333258181514395,4.788720463568161,14.702199198422102,10.459531253659605,0.461389165044655,3.070172775854039
1540,1361,1370,1371,58.799380847922436,8.000000000000004,16.611602964975948,13.104600721132684,0.7325553854105423,2.0764503706219926
1541,1243,1244,1232,45.5262565861568,9.37726704813886,11.71969069327655,10.402194260694802,0.9631326398082694,1.249798116350179
1542,1244,1245,1232,19.568602317840032,4.892150579460008,9.37726704813886,7.423139209199623,0.770899674260795,1.916798531817456
1543,1369,1370,1363,86.62058069535252,8.00000000000005,22.313949369486792,17.37558661967974,0.5783160870934059,2.7892436711858317
1544,1645,2043,1519,66.88026906595441,11.697906341322964,13.912059100516052,12.550365317862834,0.9747249575355597,1.1892776959045717
1545,527,2075,526,29.593598422665877,7.442950021904398,10.367961318485813,8.600731887888772,0.9042027597003686,1.3929908555039583
1546,1240,1804,1239,46.39538268773476,7.424883350079826,13.057471987756843,11.16642858236738,0.8136257524860547,1.7586097144026458
1547,523,2011,522,32.54709904213139,7.638850142785601,11.915177757929559,9.367772324848449,0.8247311835950405,1.5598130000210402
1548,1804,1235,1236,51.10272555434767,8.0,15.763308277970687,12.199477359916079,0.7418975916100194,1.9704135347463358
1549,2037,2043,1485,80.63923698644595,12.84352518401142,14.420171039443705,13.692167528295448,0.991119126350854,1.1227580304350562
1550,1804,1240,1241,41.23271405102069,7.5055999570960035,13.057471987756843,10.519825473221418,0.8214710429976688,1.7396973010014936
1551,1094,1095,2024,42.7655254621406,7.824363448479777,12.578402096546375,10.483621332083894,0.8676151031227096,1.6075943019991328
1552,1305,2072,1304,60.86599947997742,8.000000000000025,16.771242069448714,13.339078383577922,0.7299310426830059,2.0964052586810826
1553,2024,1095,1096,49.2128010030919,8.000000000000025,13.429368846070654,11.335923647539017,0.8469613836722494,1.6786711057588264
1554,1439,2071,2069,69.74160151681444,11.666241201757725,14.401247568173918,12.854989784553249,0.9669788449780947,1.2344376666928605
1555,2032,2039,1491,84.51446287395848,13.36730977195356,14.717789659963062,14.003958856429009,0.9936868423575335,1.1010285473329116
1556,249,2039,248,43.166273978234734,8.000000000000064,13.517037518783482,10.769836108615152,0.823443895818048,1.6896296898479217
1557,782,2007,2005,58.6610076903208,11.144920621861734,12.09974050835495,11.658934681262934,0.995491138602417,1.0856730988841905
1558,1242,1234,1804,67.89594890669423,10.124130423012572,14.456794878103999,12.934384238100577,0.9155811631301954,1.4279542315301568
1559,509,2075,508,40.747581397999376,7.40378293433226,14.440944263165468,11.007437995631761,0.7270433378249572,1.9504818538373156
1560,1234,1242,1233,30.93800495710184,7.872460058915138,10.124130423012572,8.66553016064257,0.9381597892015211,1.2860186456643292
1561,1804,1236,1238,108.62958999060125,15.374091094749572,16.434298338188068,15.857232570302775,0.9969230945754998,1.0689606453418614
1562,1804,1234,1235,51.10272555434767,8.0,14.456794878103999,11.763972893293849,0.8088148611546084,1.8070993597629998
1563,1237,1238,1236,54.37788018531611,8.000000000000028,15.374091094749572,12.331088853117189,0.7754351735530541,1.9217613868436896
1564,1098,1073,1097,24.72937657830994,6.182344144577485,10.110458897695553,8.097601014091012,0.8380348033070482,1.635376268492495
1565,1852,1073,1074,43.468942208959405,7.999999999999972,11.661873312911045,10.388032658926727,0.9062932521188899,1.4577341641138857
1566,1479,1853,1076,65.07775226743259,10.90908408672527,13.748159540044991,12.421943655004442,0.9654717151133477,1.2602487459762504
1567,2072,1445,2002,65.50992257894943,10.161690022851833,14.293565467265234,12.650883978414333,0.9267382771261105,1.406613017630094
1568,1854,1853,1479,68.99492320640641,10.90908408672527,13.990859788290845,12.825313888564741,0.9578224264377517,1.282496282645363
1569,1016,2071,1015,34.953859495950624,8.000000000000004,10.051463877046718,9.100439587337371,0.9663823749944072,1.256432984630839
1570,1094,2024,1093,37.479245922871186,7.442950021904433,11.048098451225531,9.657158211522205,0.9038157245431906,1.4843709038366815
1571,1852,1853,1476,97.26516026118459,13.89702201131595,16.08419885769725,15.067032962610734,0.9859532739335116,1.1573845709246444
1572,826,827,1926,33.91612794952663,5.993791906132631,13.339202130977357,10.233429510702729,0.6849163112881842,2.225503043795893
1573,1105,1102,1103,5.958153563100008,1.2901935651173488,10.599628902500484,7.306541153419403,0.19234238193197406,8.215533846300342
1574,1662,1928,533,52.692093095539065,9.921154826596247,11.98270370857782,11.130634097125087,0.9761273580797989,1.2077932375830938
1575,1824,1825,1819,71.18917443083842,10.8258790886522,15.534959238628954,13.252945391320702,0.9166831194512098,1.4349836268643403
1576,1903,641,642,40.232360293291094,8.0,11.631882472924564,9.972917919471643,0.9135343253459987,1.4539853091155706
1577,1105,1103,1104,40.83333333333326,8.0,11.432289841341989,10.010639581280826,0.9213554781365989,1.4290362301677486
1578,1777,1619,1952,49.14029466742468,8.928235005010569,14.187555541568774,11.374551382409885,0.8465356980520234,1.5890660957744334
1579,1910,1767,1436,71.24821064971333,11.368578911298604,15.962675046783017,13.317686828542577,0.9084596709023014,1.4041046969308182
1580,1700,1532,1703,52.576188302565306,10.461452436985201,11.846330138815077,11.066120284970417,0.9888059134124566,1.1323791041608915
1581,1722,1720,1633,61.9680392020429,11.44375543663188,12.321059643125277,11.980845823039466,0.9959685834956822,1.0766622645294492
1582,732,733,1728,32.91964968176036,7.517169157493086,10.606716004240502,9.005279514235177,0.9193675317482597,1.4109987126826549
1583,734,586,1728,24.813022680502044,5.527882113592211,9.44532900848882,8.10575609352088,0.8301481057582529,1.7086704843549774
1584,1793,1730,1794,72.41692997227399,12.392884872923434,13.648084247517525,12.963887395976508,0.9935149674400272,1.101283872759644
1585,587,1768,1728,65.55730364151347,11.60899852363556,14.148890344024046,12.488759928275648,0.9621815967309583,1.2187864711342107
1586,1636,1767,1510,150.40086577807895,16.223723043409123,23.658327461131815,19.49526521373788,0.8913477310335833,1.4582551364955034
1587,733,734,1728,32.722738351928584,8.0,9.344057158481606,8.745336846484514,0.9840763712266217,1.1680071448102007
1588,720,1744,719,40.56699458443906,7.480188114570951,13.44951548352712,10.595500037698484,0.7923493401265599,1.798018348940755
1589,1726,596,1641,75.30508551821168,11.948439005395274,14.618628960738041,13.322092948754426,0.9733597012635293,1.223476050230248
1590,1587,1588,1848,55.21606645537682,10.494703315570453,12.73028038268662,11.420652191956473,0.9709008104457097,1.213019558523332
1591,680,1828,1824,97.67598230214291,13.639506115225565,16.496518640507617,15.153956660283399,0.9764321990941985,1.2094659807434534
1592,598,1932,597,39.20307760448382,7.393943588371768,11.778092521594685,10.005315219573435,0.8733783078546182,1.5929378390332507
1593,1772,1794,1730,67.53934547077402,10.973966938603219,15.569845848180643,12.97889921990243,0.9060759840472438,1.418798319266888
1594,590,2067,589,44.617728629255275,7.999999999999886,13.141902885352001,10.78191398843557,0.8533691144745369,1.6427378606690235
1595,1641,596,597,55.88224655191598,7.999999999999984,14.618628960738041,12.356574937411631,0.7957511559873597,1.8273286200922587
1596,2067,594,1726,41.463977123198276,6.954007586746428,13.964813552631847,10.949374807701462,0.7448376537529979,2.0081677188916562
1597,1898,1549,1719,71.71458695961937,12.688838368570677,13.139919608940954,12.87364445157401,0.999093865216854,1.0355494512001644
1598,596,1726,595,20.19073979890352,7.1701716664625454,13.399210880129967,9.364182422260539,0.48647683523365853,1.8687433862710516
1599,1118,1921,1535,105.502905088283,14.030381156505005,17.48851364559295,15.800259682380622,0.9682245258687932,1.246474593278218
1600,592,2067,590,74.46945697970315,13.057040784755849,13.143943138977326,13.114295603028394,0.9999619459424445,1.006655593380924
1601,661,1872,1524,77.32006553491331,11.460007639749566,15.32059188290136,13.638165931414486,0.9467493271399957,1.3368744912316792
1602,1873,1871,1498,72.68647477643961,12.48862925801866,14.006240267733007,13.016011198369322,0.9879623023815456,1.121519422056662
1603,402,1793,1483,107.09217468977475,14.93692375179775,16.672850932034986,15.77488657625247,0.9918496301851614,1.1162171816019553
1604,1700,1703,1656,61.87373482895898,10.89057827911097,14.412392008682577,12.281582862585763,0.9328438165072183,1.3233817010733706
1605,1656,1475,1657,100.44592614126029,14.023404386186066,16.919173957920854,15.374185115261326,0.9755571218942218,1.2064954765611198
1606,600,612,599,43.334552507298554,7.504369842823292,15.719828366115864,11.732624403169936,0.6719612601041177,2.0947566145276437
1607,1822,1821,1816,66.56197967693309,10.176560993014231,14.808733979725694,12.820324088850157,0.9141648661705633,1.4551805850612254
1608,599,1607,1751,73.38070901155118,11.098858931568348,14.924046915925956,13.296944299997255,0.9445688416714357,1.344646959470552
1609,600,601,611,58.53332522529778,8.000000000000114,15.769534506715377,12.852002853165418,0.763254298474719,1.9711918133393942
1610,472,1847,471,30.522378736895007,7.688213841634278,11.753323063550393,9.14717896839489,0.8094387065703594,1.5287455975667812
1611,1557,601,602,41.537257595349274,8.0,11.967044555710014,10.184067423486795,0.9014045634950776,1.4958805694637518
1612,1523,1870,1495,94.05310950741573,12.873760193123895,17.111978426749214,15.042138447652093,0.9474049456467664,1.3292137005852438
1613,1896,1511,2054,67.62350562880607,11.076223609280959,14.548580678417634,12.746426494388785,0.9494202718235909,1.3134964760215861
1614,1549,1899,1971,73.51105921159696,12.588976120837334,13.581228049902604,13.04886478468263,0.9960509578314105,1.0788191128127482
1615,2067,592,593,38.287732360149256,8.000000000000025,13.057040784755849,10.223130659033133,0.8114973749325677,1.632130098094476
1616,594,595,1726,22.240492566967912,6.954007586746428,7.396583435681302,7.173587562963426,0.9974599962255205,1.0636432795642006
1617,1899,1459,1586,109.25018122240832,15.018503055968612,17.49280777656514,15.999142337817105,0.9812463185675584,1.1647504222874727
1618,613,614,1658,50.28238858922022,8.000000000000057,13.610298216705846,11.495069130572434,0.8394305201028635,1.7012872770882188
1619,1866,1508,1632,63.980092183080544,10.389779270930276,13.47295159601706,12.375939191041967,0.9523808952361963,1.2967505126613459
1620,1573,910,911,42.861835287068374,7.999999999999994,11.580115092074198,10.295705789453622,0.9110535523446807,1.4475143865092759
1621,2025,2026,1478,112.35878684176325,15.870343371078416,16.33737320603725,16.11182018788939,0.9994387104680938,1.0294278342968894
1622,704,1477,1808,83.54326875919269,12.512285761022541,18.80353631856623,14.896444728479908,0.8400879868053559,1.5028058563961018
1623,1630,1631,1549,56.20691767756577,10.48146120298501,13.213027797958175,11.589986363875013,0.9565273002957547,1.2606093312824784
1624,1805,1809,619,71.83971273775533,11.674518335655897,15.25218884553528,13.173039989037273,0.943558680521283,1.3064512305362175
1625,1669,1931,616,46.843828893068476,9.371739262598005,12.238560776690708,10.623634224882396,0.9464896369546182,1.3059006907644133
1626,1807,2028,703,47.712553159347095,9.693121718145196,11.70881697187192,10.600779549548456,0.9744737216762578,1.2079510927788528
1627,882,883,880,38.695119382697534,7.824363448479894,11.43228984134194,9.788759443496884,0.9114831823686079,1.4611143662508401
1628,2026,2028,883,69.55182653044744,11.814506614133515,14.411375265927557,12.836750455208533,0.9672668960576384,1.2198033939637773
1629,885,883,884,23.325636462848273,6.279794515494475,10.029800992640418,7.9175151766797685,0.826917862823507,1.59715432852036
1630,883,882,1681,38.15961995760857,7.824363448479894,12.193663677295767,9.928415109003074,0.8659468613877341,1.5584224528405226
1631,1817,1820,1826,48.55302207093956,9.199056067110979,11.669007663858403,10.74617112676507,0.960893312000635,1.2685005481788665
1632,881,882,880,25.281247545178978,6.726335613541973,10.109625040668819,8.117709937234627,0.8587816550628165,1.5029914683881291
1633,884,2028,1807,34.83797653567656,7.501025072943643,10.400399958628253,9.203244982704733,0.9330444448254913,1.3865304884985274
1634,721,1533,720,49.26953024280566,7.411710736551307,13.953587875123416,11.678117607787629,0.7820518963891597,1.882640644124229
1635,2026,2027,702,89.14771114483891,13.041156253419764,15.148841216581738,14.445119853072194,0.9820210852650051,1.1616179518291776
1636,614,1931,1658,79.98014215784396,13.073317492193558,14.152753939522766,13.612123216140724,0.9958062665025282,1.08256790581073
1637,1668,1477,704,97.59558717284116,12.354290695205558,18.80353631856623,15.701361116652464,0.8891200307502206,1.5220247590469511
1638,1537,1741,1660,109.295773725062,13.603898190616832,20.15345376152239,16.630003180117864,0.8892917002931342,1.4814469705031352
1639,609,610,605,71.62936858064481,7.418363073766069,20.579096840812134,15.770423014063915,0.5827727849806592,2.7740751748302843
1640,1821,1820,1816,40.88189780565165,9.004297540869793,10.176560993014231,9.758557761118666,0.9884592101401629,1.1301893286870661
1641,1906,1766,1573,81.79684668320515,13.540439574421383,14.02682208279118,13.748764363444762,0.9991079774280317,1.0359207325357884
1642,1477,1669,617,54.36166384507019,10.280807415970884,14.619880383739124,11.82589808362105,0.8732224045893058,1.4220556608255923
1643,1805,619,620,59.06824618880954,7.856839322162281,15.942455088367712,13.01716108535509,0.7460731076479764,2.0291181268525915
1644,1805,621,1806,76.74418934325962,12.071453498330337,14.158731609891193,13.407760268034481,0.9810016135684446,1.1729102557409146
1645,1826,1806,623,58.74641276565696,10.954738990367376,12.924515841962638,11.746292535991913,0.9781697486570322,1.17981047776011
1646,1467,1695,1750,116.69265452461408,15.07898978842817,17.234244755689666,16.503822068393983,0.9857300190782978,1.1429309918967827
1647,1826,881,880,36.370873791563426,7.517169157493089,12.222609239776823,9.805552359580227,0.8412336630006925,1.6259590523639298
1648,1808,1809,1807,69.94372542750244,11.705952918359936,14.162281201529044,12.83464999411566,0.9745073168967159,1.209835824584305
1649,1587,1848,1460,71.87174951126453,12.041871143521934,14.160812214006103,12.977654580071553,0.9809824585545771,1.1759644365256374
1650,1765,1509,2064,103.03759601032039,12.647029525429383,18.263795748157225,15.929353768145411,0.9171466652054401,1.4441174278461364
1651,1774,1791,1775,66.68940131829119,10.395585543981554,14.695838852507885,12.774000692218223,0.9257713456391152,1.4136614806672367
1652,1748,1870,1496,100.71444896773644,14.294450635908264,15.813258351448633,15.298386102745711,0.9916663436744335,1.106251562527703
1653,621,1805,620,78.47834840231691,11.409876752532844,15.942455088367712,13.837021150263917,0.9297166349271807,1.3972504203280456
1654,1823,1827,1824,59.451989053827184,10.998583692168465,12.762297695458777,11.788253112560982,0.9842301449696355,1.1603582836348432
1655,1817,1818,1819,83.27626839764687,11.957117553853708,15.472764800434296,14.10170523481455,0.9557745513788017,1.2940212999283858
1656,386,1792,1704,91.60995956591012,12.032911237017405,17.60301505822701,15.06504764681837,0.9109376031113801,1.4629057516915804
1657,618,619,1809,46.67474179631891,7.999999999999943,13.94239713154391,11.205638489066581,0.8193172973955145,1.7427996414430011
1658,1644,1519,2042,71.39299361385058,11.612909868114208,14.234513059280493,12.973385568133395,0.972948764232617,1.2257490345606206
1659,601,1557,611,74.03435455713168,11.967044555710014,15.769534506715377,13.433991957450791,0.932968315731493,1.3177467864604067
1660,730,731,1941,52.55173030544694,7.824363448479887,14.398559698730713,11.97091397773619,0.7985279298218226,1.8402212261149573
1661,591,592,590,44.77334004403477,7.870381432800603,13.143943138977326,10.821604474474448,0.8479551001262983,1.6700516043858593
1662,288,2037,1665,77.74289708916334,12.394656248825914,14.495181463490514,13.481215347687176,0.9838797637451961,1.1694702275316085
1663,343,1761,1949,49.27790848210988,8.073139243286485,14.176651752810928,11.49610793787533,0.8208195906919267,1.7560271569204065
1664,403,1730,1793,74.07896841592188,12.511259651223172,13.648084247517525,13.10435984531376,0.9949819284533903,1.0908641198397007
1665,1855,1088,1854,77.64887940399056,12.465604371373312,14.487510110313366,13.467883593328677,0.9849340738434001,1.162198773417137
1666,1450,2004,2005,101.66134673149871,13.719019281799442,16.900688690684756,15.487147136218793,0.971751288107914,1.2319166803057364
1667,2007,2006,2005,78.43918740924475,11.732142913572119,15.997174639930961,13.807584654186725,0.9352559971013854,1.3635339049121977
1668,1897,1896,802,52.54290108412324,10.775506263842402,11.346621386891915,11.023453067127534,0.9980992896838905,1.0530012334516392
1669,1460,1848,1847,59.388429386413186,11.023623762392521,12.164728270618324,11.743407725510927,0.9926359675853348,1.1035144642833985
1670,443,1978,442,30.963908966785972,7.558084398959578,11.587271380232893,9.121175803276918,0.8285097957382849,1.5330963202564873
1671,446,1948,445,31.11555537408094,8.0,8.830259952569854,8.49900555983922,0.993038378316303,1.1037824940712317
1672,802,1896,801,41.24339519353243,8.000000000000057,11.346621386891915,10.053894426108814,0.9226093766453516,1.4183276733614794
1673,1516,1976,1975,72.1571197956918,10.877326723662359,15.06156908808926,13.241864766164051,0.9340091276542168,1.3846756166039005
1674,980,977,978,5.958153563099927,1.2901935651173086,10.599628902500484,7.306541153419407,0.1923423819319706,8.215533846300598
1675,2007,782,783,28.426104174699304,7.32920352703628,12.09974050835495,9.14298134513039,0.745650167893179,1.6508943248363765
1676,980,978,979,40.83333333333326,8.0,11.432289841341989,10.010639581280826,0.9213554781365989,1.4290362301677486
1677,1444,1633,1922,84.88565744431041,12.38258793019807,15.344290749349687,14.165568922782109,0.9689936604509504,1.2391828619224867
1678,1557,603,604,34.61971517780481,7.667799161931947,10.396159358785265,9.145939429029218,0.9415410475729326,1.3558205084972377
1679,1480,2029,1086,129.4336868101033,16.13272603474921,18.81484096873874,17.3963727786539,0.9837731863885669,1.1662530516053125
1680,1087,1480,1086,74.90758018106862,8.0,19.72119581111127,15.512012259950003,0.6431523470143268,2.4651494763889086
1681,1081,2029,1480,117.92147973312011,15.663960294912869,18.003143184543482,16.599943171401854,0.9846292513001802,1.1493353433990956
1682,1677,1949,1567,45.875224502984466,9.62958115843576,12.001375583801678,10.480077824705782,0.9544996409479503,1.2463029685655813
1683,1082,2029,1081,41.54074236436755,7.999999999999984,18.003143184543482,12.78839496958978,0.5320484749205671,2.2503928980679397
1684,1757,1956,1979,62.79890924795119,10.809414438002836,14.748806826116883,12.434976273730697,0.9210928089367679,1.3644408687175746
1685,1081,1480,1080,62.61831077648979,7.999999999999984,17.34031120226973,13.668090499060861,0.7111469482615256,2.167538900283721
1686,784,2007,783,28.426104174699503,7.32920352703628,9.435609588782023,8.254937705272768,0.9525696590485194,1.2873990405608935
1687,1855,1856,1480,99.40472605075105,13.634702795943797,16.266246284374606,15.278279852283347,0.9777272151165304,1.1930033626558894
1688,1856,1079,1480,85.24566259506182,12.655895033595527,17.111576352593676,14.467391394044334,0.9244250019424088,1.3520637068473136
1689,1085,2029,1084,43.789581772749855,7.464818016813533,12.523118546133576,10.706340119722539,0.84339811525495,1.677618733360529
1690,946,933,1858,14.234981253019328,3.413720463567931,9.008181951804461,6.9205901401758965,0.6074547267548098,2.6388165193787856
1691,944,1858,1481,91.38380586933185,12.917537474207943,16.199071208629924,14.710912357059755,0.9669629771420664,1.2540370980904154
1692,1875,1943,1977,68.58129605959452,11.287891823339978,16.321344818550614,13.255614509699683,0.8772825061794935,1.445916126233861
1693,1078,1856,1077,35.513490391753294,8.0,11.294109337302558,9.410263914181575,0.9065050207612221,1.4117636671628198
1694,609,605,606,68.00203434388143,8.000000000000057,19.313809127613542,14.784740208451979,0.6476940621091942,2.4142261409516754
1695,1760,1948,1759,58.55852154203818,9.598953350315659,13.718460574632248,11.988013338589319,0.9214853914268191,1.4291621256999982
1696,608,606,607,45.20211397979378,7.987652161886054,13.237169986287471,10.866127085782713,0.8501188828747391,1.6572041092938499
1697,1541,1896,1897,61.29783139958989,10.948231550648282,12.711422221776782,11.96519772750606,0.9849745453375819,1.1610479887068241
1698,1123,1922,1122,40.27728336068055,8.0,11.62907982536531,9.977398051083652,0.913748037370642,1.4536349781706637
1699,1922,1121,1122,40.27728336068063,8.000000000000028,14.320364245446001,10.874492857777225,0.7436810435690421,1.7900455306807437
1700,939,940,941,19.78173574573997,5.670710946331924,10.798504971166329,7.968264151346779,0.6716502134839069,1.9042594611794308
1701,808,1895,1458,79.7562909517346,10.10654375854178,16.79390482266867,14.42562212775249,0.8470230532394428,1.6616862523822655
1702,654,1977,653,26.10183333106705,7.166352519896248,9.350131309299853,7.972311071596618,0.9343346615433362,1.3047266769727959
1703,1739,1978,1653,85.25130121862496,12.366235719173677,15.648495857559027,14.223103778685612,0.9642194690898566,1.2654211202925925
1704,475,476,1846,43.93993675796901,8.0,11.72456699476362,10.46063582889729,0.9023762785104399,1.4655708743454525
1705,1870,1869,1496,86.1403619831251,12.418024755390453,15.787449320880237,14.304426295383957,0.9629338825734438,1.271333374820917
1706,628,630,1859,61.07967826424138,11.060078941348932,13.189851579442024,11.982307781279347,0.9770391285133095,1.1925639635473828
1707,842,1894,841,41.67661397834627,8.0,12.679733245107508,10.375862249007936,0.8646758818159566,1.5849666556384385
1708,631,632,1859,45.585236032158264,7.398872847685508,14.750205380758558,11.497216231927757,0.7437256384762653,1.9935746544654664
1709,1443,1921,1920,86.34834611477088,13.15393745349291,15.9207528991702,14.281115683911132,0.9710529774595147,1.2103412347412816
1710,633,1860,632,29.63966293827434,8.0,13.524706029650673,9.880671258901014,0.6564709768716689,1.6905882537063341
1711,1665,2037,1485,85.49095569647649,12.394656248825914,18.081684680398887,14.76304909688534,0.8822260276322024,1.4588290564421
1712,2004,853,854,55.45390086499289,7.622710091749126,15.593316885384695,12.634798132207274,0.7431177921793528,2.0456395032342907
1713,630,628,629,23.600170905348822,6.2626132503783625,11.696992823047088,8.653202024475105,0.6811648207776344,1.8677495089354914
1714,676,2035,675,40.8348377266422,7.999999999999984,15.558252572299697,11.476894719443584,0.6668223702003391,1.9447815715374661
1715,628,1859,627,48.896404206558955,7.999999999999863,13.189851579442024,11.262568033271904,0.8540029025819418,1.6487314474302812
1716,1727,1975,1941,65.17947942972711,10.937883623963728,13.137252601844276,12.388032338947923,0.9741796302531097,1.2010781110398694
1717,605,610,1557,107.78911360015971,13.193349845932172,20.579096840812134,16.70887834620528,0.8633119888585925,1.5598083186702705
1718,2068,2006,2007,97.00980576311613,13.693436409057092,16.33733307833506,15.08380598490695,0.9796189883518952,1.1930776607345432
1719,2044,288,289,29.220090093150375,8.000000000000064,14.172856555507934,10.190679368439199,0.603556938185002,1.7716070694384776
1720,943,1481,1857,98.52993236686612,12.977150060893383,16.731388783908837,15.339516466293441,0.955587178048577,1.2892960862284275
1721,936,1608,935,31.246945169471243,8.0,8.808517325113295,8.517673469914184,0.9927948648101467,1.1010646656391618
1722,1858,935,1608,52.62089305138498,8.808517325113295,13.08823793062084,11.445592087551802,0.9031878823649045,1.485861632275611
1723,1481,938,1857,88.39731039141954,12.977150060893383,15.374684189594069,14.392903370375585,0.9804857608605646,1.1847504357621363
1724,943,944,1481,58.54076093483815,7.397912951115354,16.310010554078108,13.302331571274463,0.6954959887007947,2.2046772734219737
1725,937,1481,1608,67.01075823704946,10.950539030336989,15.494599116275342,12.923109561879043,0.906973924258445,1.4149622291057682
1726,588,2067,1642,86.60985547762647,14.031688180944995,14.364623517900522,14.145311231205456,0.9995152972112733,1.0237273899378445
1727,1857,941,942,40.450667234168435,7.44295002190441,12.706989283094337,10.351172908090545,0.83469198600238,1.707251727567429
1728,934,1858,933,28.248434934890383,7.392548206245513,8.651010859499527,8.127809023633446,0.9832586152999904,1.1702339461500997
1729,1832,1923,1444,56.560438934577064,10.395179101702954,12.995185720032358,11.586482144813017,0.9647249324999404,1.25011657739533
1730,1767,1766,1436,61.02167824513134,11.368578911298604,13.006855694727191,11.946725004419735,0.9835004100067261,1.1441056790132664
1731,1820,1821,881,47.720659937288325,9.004297540869793,11.993926764648458,10.70903296367968,0.9479187734027382,1.3320224826211013
1732,1413,1558,1422,78.5359090227944,11.481665654380395,15.150972220800067,13.72921724400851,0.9492065239095664,1.3195796391283863
1733,1860,1859,632,93.88384416369976,13.524706029650673,16.300945059630443,14.858618823346559,0.9763426556526557,1.205271672736792
1734,1518,1916,1609,89.95392101206554,13.34529855137061,20.434466385293177,15.803330925419631,0.7975187450398246,1.531210883490837
1735,1900,251,252,38.108439080029044,7.53622934504591,12.844917774341987,10.167262079675965,0.8143479598784792,1.7044223558278317
1736,384,1609,383,43.57289842542628,8.0,11.63079657000732,10.403086187315857,0.9056378686300247,1.453849571250915
1737,1916,382,1609,63.32718893448731,11.479456799215457,13.630227839595108,12.22582222979887,0.9720166234249857,1.1873582590185487
1738,382,383,1609,42.471339803429075,7.772572929539047,11.63079657000732,10.32371718337747,0.8930147998898726,1.4963895064664365
1739,1595,1466,1695,88.29644371080214,13.799094837602242,14.860142210333526,14.299846471709335,0.9962715693849705,1.076892534272607
1740,277,1743,1666,63.58798179292902,11.655987453649832,13.010201193322004,12.165050594002034,0.9898859253523338,1.1161818117132691
1741,2038,2043,2036,93.96101753449446,13.423073814294316,16.18060223641211,14.858986875441024,0.9771701406690605,1.2054319644120026
1742,1704,1609,385,75.73571032931147,11.549499416505547,16.150731727841652,13.662019629499488,0.919337933344998,1.3983923584393987
1743,100,1472,1735,70.9708008184285,11.076123620819883,14.51030002943468,13.031404539855911,0.9534805925859084,1.3100521921008128
1744,1465,1639,1515,102.05645666444906,13.379576792315161,18.348085972226936,15.770747826129218,0.932137642607977,1.3713502494911156
1745,1661,1539,1929,77.1106071610973,12.552740704707038,13.95963006042393,13.384082274473379,0.9921059974324697,1.1120782615376843
1746,1592,1464,484,71.51329485270314,10.024050856851941,16.245119833258155,13.571669013955683,0.8645726129412857,1.62061426715067
1747,1080,1480,1079,65.05109354818237,7.75499629662848,17.34031120226973,14.068961283830626,0.6895117082848106,2.2360179862121288
1748,1904,1861,1862,101.12784006159028,11.971594629298416,18.13739970948251,15.945848983668299,0.8907281542733788,1.515036239624615
1749,388,2030,387,44.379094309555185,7.999999999999984,15.593677652496705,11.691965363473292,0.70037470823903,1.9492097065620921
1750,1492,1647,1521,111.9479073419383,15.556318533673704,16.36188824189645,16.09204519905205,0.9978201053925487,1.0517840841635497
1751,1704,1482,1609,91.19582118088624,13.28582774415126,15.381160075314256,14.597493335178319,0.9843417276013443,1.1577118393760155
1752,387,2030,1483,92.03107843974858,12.504269368155184,16.456433581321527,14.851460200657804,0.9511829340731965,1.316065185162388
1753,391,392,396,81.66666666666697,8.0,21.65537289770017,16.695656481563674,0.595328389043229,2.706921612212521
1754,1860,1748,1496,95.15096010090866,13.894215493265579,15.813258351448633,14.885599404564042,0.9889505295733817,1.1381181153490243
1755,1475,1740,1657,51.636022939674845,9.915165932521388,14.023404386186066,11.455788760526621,0.8861076798470072,1.41433885036556
1756,398,390,391,62.23447464537656,8.0,20.40808815025879,14.938278250087329,0.575149446283491,2.551011018782349
1757,399,389,390,59.12595071345393,7.901703218904947,16.47149739349547,13.124446000445152,0.7331287295603851,2.0845502465958425
1758,1734,98,1650,64.98666973615741,10.939981338978008,13.853135529071755,12.423761876911295,0.9634999005157276,1.2662851151047656
1759,1097,1852,1096,37.23566179754731,7.517169157493151,14.460783541659088,10.777999050568475,0.6918668856993097,1.9237006961915322
1760,389,399,2030,77.91476284671302,12.186873995507655,16.47149739349547,13.857207638247852,0.9202620223404595,1.3515769014734391
1761,1610,1771,1770,118.91417585586291,16.237797649441262,16.788823164337703,16.57692585378386,0.9991535709699144,1.0339347445258626
1762,1776,1950,1774,68.36800770779806,11.473057899903111,14.864582933174567,12.844577863804936,0.9448187343980359,1.295607767594383
1763,1999,1339,1340,35.849033086869355,8.000000000000057,10.768953299611256,9.319367513442002,0.9393314079692164,1.3461191624513975
1764,407,1753,406,43.6527445147359,8.000000000000064,14.854457478789058,11.321212779793193,0.7411374768840514,1.8568071848486174
1765,951,952,1838,41.295047889655216,7.999999999999943,12.806126117265718,10.379511490370227,0.8546549938898369,1.600765764658226
1766,1610,1705,375,75.90528415738964,12.956817673884812,13.559416945595368,13.246840519263316,0.9986110590014154,1.0465082774858465
1767,1694,72,1595,78.22561833687142,12.45830684045974,15.07107065187804,13.582559635863989,0.9728811664263627,1.209720618128706
1768,807,1458,2062,97.11577784688016,13.791410960058858,17.13363412234851,15.191595062355058,0.9634275054630995,1.2423409158039758
1769,387,1483,386,65.8116412151011,7.999999999999904,18.14844363735394,14.201625739558457,0.686495045403501,2.2685554546692694
1770,612,1607,599,87.67486943522988,12.574862500149909,15.719828366115864,14.406245927397244,0.9672944245173505,1.2500994238249892
1771,2064,908,909,29.008946480888643,7.30485973435482,10.1664735438022,8.490444426052361,0.910572454325052,1.3917411029795939
1772,1542,1667,705,52.9524412126128,10.45347684708369,12.638503865772808,11.209747156943545,0.9653312291704658,1.2090239497013566
1773,1667,1542,1517,71.88771833478195,10.45347684708369,16.72695433778436,13.655312663870157,0.8600366732427026,1.6001331023611387
1774,280,278,279,42.61776652781782,8.0,13.621061827989651,10.762197613621842,0.8127586387794102,1.7026327284987064
1775,1540,1743,282,76.20833642547186,11.855577655827506,16.55912795798605,13.782960051023082,0.9071123545972252,1.3967373365267068
1776,1524,1872,1871,73.3097307670422,11.363935194779879,14.133898271592534,13.186735458853752,0.9643947732157406,1.2437503408225226
1777,283,1540,282,39.86525726520233,8.000000000000114,11.855577655827506,9.982074594455003,0.90148944312134,1.4819472069784172
1778,109,1620,1472,118.16042028115511,15.844558859763177,17.769992641540156,16.586958532325074,0.9892606936108418,1.1215201886539463
1779,1652,1712,425,85.25937130518788,12.43968668625655,15.37152567294971,14.191688987832231,0.9699396927422042,1.2356843110793359
1780,281,1743,280,32.62194652741891,8.0,10.101774433874157,8.836093789906224,0.9547822445958883,1.2627218042342696
1781,178,1568,1865,57.163813800207905,11.037383443430356,11.744858297234982,11.503559153793274,0.9967804058551547,1.064098058876964
1782,1540,284,285,55.00287970591704,8.000000000000064,15.78689173945426,12.513263313852853,0.7585495247989086,1.9733614674317668
1783,1540,1666,1743,93.44379587980612,11.655987453649832,17.70841398031015,15.307843130648678,0.8946222822112273,1.5192547221527015
1784,1262,1263,1745,34.91221622389333,8.000000000000028,12.525705541523465,9.769688560448508,0.8115633781625687,1.5657131926904275
1785,1485,1540,1665,126.8280243381397,15.944790145620319,18.081684680398887,17.183578840150872,0.9892004357191146,1.1340183542876872
1786,2054,801,1896,56.39045110400404,10.815061891434471,12.605504234611244,11.498929911775557,0.9802720279501229,1.1655508180304361
1787,288,2036,2037,81.89457276196455,11.44660394989357,16.9739718061136,14.305252406499227,0.9016790948430957,1.4828827729530576
1788,1001,1002,1994,30.130087321761113,7.546913807486703,10.653740821472171,8.733551542986296,0.8903397535330222,1.4116685433591978
1789,1052,1053,1438,54.341236915359524,7.999999999999984,14.557218165726772,12.140688809643011,0.8042077387491606,1.81965227071585
1790,1665,1540,285,92.59333623919368,12.746543729228954,15.944790145620319,14.826075204767845,0.9633130133351285,1.2509108731222176
1791,286,1665,285,40.425767748185194,7.999999999999984,12.746543729228954,10.28521981116674,0.8521590956546203,1.5933179661536223
1792,1930,1666,1485,82.63422169367169,11.659226880128138,15.982287360251672,14.149151744454356,0.9376333108386565,1.370784488934829
1793,1894,2058,840,63.72481922041969,10.785793900777877,13.62129400710239,12.295132081241903,0.9648528353568284,1.2628921090472547
1794,1490,251,1900,99.36681977498209,12.844917774341987,17.469117146714883,15.497906610311274,0.9405546893922313,1.3600022556477425
1795,1833,1922,1123,70.6784250626919,11.62907982536531,14.495792823816803,12.946725085354965,0.9657465849282545,1.246512453392798
1796,1755,298,299,50.36312073631777,8.000000000000146,13.51258612752935,11.492702485335998,0.8414043220434734,1.6890732659411378
1797,225,1755,299,64.38162138760876,11.6430165546241,12.965521328478502,12.231621877345795,0.9917843487641943,1.1135878118569849
1798,1793,1775,1792,92.24460708198258,13.611646422516383,15.16739665996912,14.648245565150114,0.990337090949371,1.1142955223167723
1799,225,226,1755,44.378689866332905,8.000000000000064,11.960918479895536,10.534645011506568,0.8973834760405188,1.49511480998693
1800,1723,1940,1636,109.81414336122474,12.609058465430145,21.145771113359036,17.06138027938878,0.8361401597140397,1.6770301423642158
1801,225,299,224,31.99999999999923,7.999999999999903,12.086327748934782,9.385405389783228,0.8055979497720452,1.510790968616866
1802,800,2053,2055,63.554473876788,10.591442158521572,14.529550183674017,12.453311949201003,0.9307516146214114,1.371819811335509
1803,227,1706,1755,74.8737401096575,11.617635452055648,14.389935912778164,13.304735191770654,0.9688221325069067,1.2386286324926798
1804,1067,1431,1066,55.78527207901633,8.000000000000004,17.80262901292955,13.360590349979185,0.6608644500233417,2.225328626616193
1805,1063,1991,1062,53.38136821710866,8.000000000000004,14.027060413852132,11.956851995766328,0.817498494685499,1.7533825517315156
1806,294,295,1612,44.29461551128083,7.9223805010806325,12.078316178868578,10.558599154106794,0.8896221128574715,1.524581680622518
1807,1509,906,907,51.07078244115232,8.000000000000044,14.645239525675848,11.813204622544312,0.8001933954744681,1.8306549407094708
1808,1637,1513,1635,86.43334638026971,13.102579408883122,16.48116358510139,14.388514017791493,0.9538943524940653,1.2578564167241526
1809,1611,296,1706,70.5383409995584,10.902912602301319,14.362820348308892,13.007214200783862,0.9500665996715487,1.3173379327352654
1810,1706,297,1755,57.34972736176244,9.994249380064227,14.098700573264166,11.903528468461346,0.9162939669027471,1.4106812865193445
1811,295,296,1486,47.939753385881176,7.481869295633013,13.801928243930684,11.437847646036822,0.7979331182123023,1.8447165672870731
1812,296,1611,1486,79.9079045743035,13.029745398546769,14.025336181909726,13.603663744065955,0.996236939616045,1.0764090742305676
1813,441,442,1978,31.772623049421963,7.999999999999984,9.889727570815975,8.702633067151412,0.959807868214267,1.2362159463519993
1814,228,1706,227,44.22441870204265,7.696244330393795,13.90663421047815,11.03204361593198,0.7964092470837669,1.8069377235801176
1815,1994,1003,1004,42.63426845037711,7.657408720986843,14.805853838704847,11.265019842860871,0.727070646146973,1.9335331805034894
1816,1707,1611,228,82.37257791915185,12.577282591476504,14.852503087912527,13.888575586611259,0.9815065772778432,1.1808992109295466
1817,1765,1573,1766,85.29806504047127,13.679031433121724,14.783093250174769,14.06387535490404,0.9946266114646639,1.0807119877201046
1818,1375,1376,1551,60.04999160237427,8.0,16.52886674127889,13.193487939364994,0.7379788669991508,2.066108342659861
1819,398,399,390,58.92319545697822,7.878981508663206,16.406746600003196,13.095288499200478,0.7338817827359124,2.0823435848863743
1820,396,397,391,81.66666666666697,8.0,21.65537289770017,16.695656481563674,0.595328389043229,2.706921612212521
1821,570,571,1719,34.108321762915736,7.999999999999944,12.091064555701703,9.545774116030797,0.8343304465374547,1.5113830694627235
1822,400,2030,399,45.3556737177305,8.0,12.913251525740435,10.799150243202982,0.8665185349676364,1.6141564407175544
1823,396,392,395,81.66666666666697,8.0,21.65537289770017,16.695656481563674,0.595328389043229,2.706921612212521
1824,1518,1609,1482,122.08330730773858,15.381160075314256,20.434466385293177,17.29593805455691,0.9269616677848936,1.3285386983319383
1825,398,391,397,78.66003201635323,7.71061271974541,21.65537289770017,16.591357922568125,0.5767524480913039,2.8085151835268403
1826,37,1697,90,60.444706619268175,9.674936160211072,15.647909363215694,12.606855322908453,0.8465974414684614,1.6173656450126193
1827,1663,1462,1929,71.56657724886921,12.073234651595273,15.045362683032636,13.100805474665544,0.9524684028833188,1.2461749578473278
1828,393,394,395,21.097658344429675,7.411155510004432,13.518357545668815,9.469517338610189,0.4978380793587148,1.824055307896343
1829,1567,1761,1717,92.70010411099963,13.541883899987827,15.960580042509669,14.73241482275614,0.9819371903535418,1.178608542237171
1830,1462,1538,1661,93.25685988173888,13.491371527241606,17.0578824128422,14.936604570657883,0.9552754420882515,1.2643549529711744
1831,2030,401,1483,87.3982874102324,12.504269368155184,15.661833503448712,14.388940926345343,0.9662370383905934,1.2525188831372223
1832,1663,1662,1462,65.95348881068182,12.062576758437565,12.819245256164955,12.355213701323748,0.9970649649125307,1.0627285954634953
1833,1483,401,402,62.156434426453416,8.0,16.672850932034986,13.444894811827899,0.7332696825990946,2.0841063665043733
1834,1729,1774,1775,76.67126447528781,12.414585442005704,14.695838852507885,13.413369110117806,0.979199005707307,1.183755907207613
1835,417,1646,416,27.31980287741451,7.251909056378905,15.422584358760018,10.811715872138786,0.4907155027454017,2.1266930181914026
1836,1772,1730,1773,81.11614875439835,12.777475670556289,15.569845848180643,13.863570814558548,0.9671602766487918,1.218538485192262
1837,565,1631,564,41.52964499725102,7.391063026408953,12.318208453672726,10.396462435252063,0.8508592369289242,1.6666355583301922
1838,1430,1821,1822,77.95903143119787,11.703939772038636,16.463589045504513,13.881068703784564,0.9160317756267168,1.406670690910162
1839,1752,1487,1933,79.22914197669948,12.009182862005538,14.899830443362086,13.683587537428798,0.9694481569601374,1.240703103164657
1840,1567,1716,1939,54.860278037943615,10.297872238721395,11.931066048195017,11.322790170151157,0.9841339925105052,1.1585952681887617
1841,1770,1484,1610,122.39238859431593,15.680589114619467,19.219571447905462,17.0459860706554,0.9647534851187854,1.2256919244179736
1842,1492,1731,1647,108.53986056441939,15.56017110971829,16.357928821585986,15.845091729419162,0.9978626362763594,1.0512692120313154
1843,402,403,1793,49.811934086527,7.578958953018478,14.93692375179775,11.88987278067227,0.7608635180604069,1.9708410936635048
1844,1720,1687,1443,57.717335099087244,10.843561025802329,12.194619691874696,11.585069902334022,0.9908248601262063,1.1245954777086156
1845,1731,121,122,56.41854066815413,8.0,17.0772301762952,13.091821741012524,0.7014786708679336,2.1346537720369
1846,897,1435,1632,67.66378379717844,10.521799298122428,14.516297272214794,12.815618307956322,0.9352836734988433,1.3796401984977198
1847,685,686,1565,45.310751144789414,7.704389141197827,13.282687410488375,10.949655043258469,0.8338085836480011,1.7240416036959514
1848,44,1599,1469,99.3621043306301,13.473728452800746,17.887400890463606,15.495503581943723,0.9426563575193035,1.3275761756015947
1849,1644,275,1645,101.78840997331109,14.301793523868227,16.131469153763714,15.39022000065699,0.9898650169796286,1.1279332991936952
1850,1753,409,1754,47.287862058663876,8.216617341792473,13.678242793255295,11.144942069366452,0.8448647588832224,1.6647048565451823
1851,1734,1650,1493,48.19899921835197,9.942885384354435,10.939981338978008,10.578179795119462,0.9929512992110356,1.1002823542743987
1852,411,412,1936,49.91114919120644,7.760574871169515,15.421940450449936,12.022319284421902,0.7451319225082925,1.9872162444746644
1853,96,1621,95,47.27458520380742,8.0,14.348349673445046,11.389259537309458,0.7996794301023501,1.7935437091806308
1854,1444,1634,1633,80.7395022283756,12.38258793019807,15.002791908396214,13.779789047273562,0.9760151691744618,1.2116039064667663
1855,408,409,1753,39.64912828601554,7.856730336095538,11.53996607305159,9.913363870345293,0.9099403831663895,1.4688000706902795
1856,1646,417,1520,95.30963905745753,13.138664625852538,16.52321592676398,15.028154970458848,0.9660968193063716,1.25760238177111
1857,1136,1721,1634,77.67931520018698,12.585961867116135,15.302074485563585,13.576703187609157,0.9653786246808179,1.2158049298992357
1858,1646,413,414,31.637168536115528,7.647021058885412,10.693783165117232,8.887024713118548,0.9055109885767004,1.3984247045706317
1859,1698,1532,1699,56.20306492696272,11.272301175110572,11.619577438365116,11.396122126203865,0.9992205766473897,1.0308079297970973
1860,1430,1569,1679,85.18550556616844,12.464721888624146,17.30293334703316,14.520395890390146,0.9149799414198867,1.388152379302147
1861,1936,412,1520,115.33338503508625,14.985258597038657,20.833835219652016,17.080344755713536,0.8913597504903994,1.3902886683429767
1862,1742,1664,1779,63.142302121783096,11.091400758349181,16.46179083974251,12.988974131458859,0.8344018763650723,1.4841940344956615
1863,414,415,1646,28.423363077653498,7.9984108785429635,8.320269915352998,8.106226931298616,0.998587068548786,1.0402403729562673
1864,1578,1445,2072,73.74071033983302,11.759016058235556,14.253091137191715,13.169834546851066,0.9757180426665996,1.2120989602024914
1865,1545,1464,481,74.03620224985195,12.301155443476922,13.943084041493327,13.127471998879926,0.9895785634382994,1.1334775912361217
1866,1890,1534,1527,55.64572523340648,8.62245233504081,14.584335230961004,12.081115800843689,0.8435967247083801,1.6914370371978376
1867,1936,1754,410,46.56812239922901,9.37551105733608,11.646844423557408,10.496250425707773,0.9685938574584555,1.2422623526686656
1868,1770,1729,1772,77.48353380407022,12.315626076693158,15.27341532644442,13.564354576791184,0.9643492716594416,1.2401655613228435
1869,122,123,1647,57.76724038948532,8.0,15.611460881064152,12.733674554960304,0.7688127134413657,1.951432610133019
1870,1643,1518,1482,96.45185394663459,13.795431647453318,16.07218770306329,15.011176864361447,0.9846810366124358,1.1650369567109753
1871,418,1616,1615,74.21962456451165,11.475420509767998,15.643228346050904,13.442820499254596,0.9334058666803253,1.3631943450556103
1872,373,1710,1615,94.74363716246928,13.800749067178101,17.17875426725403,15.047667263671054,0.9566119573694576,1.2447696993570976
1873,653,1977,1945,37.46642281107296,7.166352519896248,11.067268289081305,9.757578636878895,0.8778230368861332,1.544337688992382
1874,1936,1487,1754,68.43328773567123,11.646844423557408,14.347110950634983,12.743936949535774,0.9651219732918819,1.2318453332832282
1875,1708,237,1707,94.29834744357542,13.866552131978674,16.643307725953427,14.922143936194166,0.9714322550062396,1.2002484516371645
1876,2038,2036,1491,99.00110703455131,13.869610850051629,16.18060223641211,15.211895867205941,0.9839542953676244,1.166622655195252
1877,230,231,1708,47.59742599354189,7.399375364302023,14.722123541804548,11.663010796229022,0.754497771789509,1.989644100612981
1878,231,233,1708,90.036621557754,13.808438753615977,14.789573151542145,14.440045148987558,0.9962415053012906,1.0710532461658087
1879,1441,1997,1576,77.87010510800782,11.285854444349065,15.287519637709575,13.717900881280036,0.940444598454106,1.3545735250346227
1880,1675,1563,1674,126.84024036878661,15.34856226417008,21.41725670267159,17.79461572549984,0.9055464385109666,1.3953917203481894
1881,236,237,1708,40.57382399879466,7.51128803874384,16.643307725953427,12.040786282480715,0.5897529982160772,2.2157727995659173
1882,234,235,1708,37.76025944246615,7.972771409948433,12.775424235046028,10.079821222805833,0.8256332747551332,1.6023818542075394
1883,1708,233,234,51.05770304628868,8.0,14.789573151542145,11.854999128862724,0.7932363374845283,1.8486966439427681
1884,231,232,233,21.918525044394606,7.530612067568695,13.808438753615977,9.668939364203998,0.49597331649439624,1.8336409616800402
1885,335,336,1714,32.308058090453414,8.0,10.617655674573088,8.923448361548424,0.9203779274467178,1.327206959321636
1886,1893,797,798,37.43323862233882,7.402949123341396,12.074235422168659,9.874117725575802,0.8544713103251664,1.6310034313350557
1887,1521,128,129,46.31941289236056,8.0,12.789189712690781,10.88369807922397,0.8714039046699961,1.5986487140863477
1888,1615,1488,1614,99.48241742507747,14.179400660068533,16.27320706606112,15.229751785967862,0.9874020880264401,1.1476653672597799
1889,1566,649,1676,76.92219707144027,12.374871824809752,15.306871373679497,13.52739537526599,0.9622167913130689,1.2369317105161064
1890,1549,1631,1719,79.49254649734667,13.139919608940954,14.412283589603787,13.588410332167639,0.9924048113935355,1.0968319455925029
1891,1710,417,1615,82.49714386469478,13.694399545451867,13.91611034875382,13.803752987127929,0.9998278642066921,1.0161898886158602
1892,584,585,1629,26.86979892019872,7.054419813354266,8.904894984799533,7.986438266051266,0.9642468940203847,1.2623142966261027
1893,368,369,1559,39.25208091428515,7.812728373185497,11.340422688751087,9.84042295689619,0.9152075327522693,1.451531673323392
1894,810,1659,1537,67.91278303463274,11.573582675653475,13.744367773613263,12.619473736614962,0.9799939011373591,1.1875637958267076
1895,1598,68,69,51.39120767111295,7.999999999999984,14.600510601267663,11.83076348046616,0.8030457729640009,1.8250638251584614
1896,379,1643,1950,66.3536047511414,11.382622321957461,13.101751890490519,12.445057193500721,0.98573701615677,1.1510310647149207
1897,251,1490,1618,84.04594434015003,12.116018127910902,17.469117146714883,14.513179281048231,0.9004073227350257,1.44181999088235
1898,1617,1798,1488,97.88888459282086,12.718146137763368,17.11054567360821,15.364048228915076,0.9432175478540984,1.3453647637215542
1899,1528,1787,1783,82.57435148227086,13.352601664863062,14.718132400459446,13.852097136036955,0.9918794062285787,1.1022670165612545
1900,1608,1481,1858,70.54953750513265,12.324190539024793,13.08823793062084,12.77665531461786,0.9974107045281891,1.0619957464286742
1901,1798,372,1488,92.37176078885176,12.718146137763368,18.248349730984447,15.196161398791572,0.9032035361391857,1.4348278069238816
1902,1489,1782,1784,83.17328802311468,12.211071514584512,15.786594585476607,14.087646564646212,0.9574902508959805,1.2928099361814076
1903,1555,1186,1187,23.296081922754638,7.269118438490146,12.696616696434901,9.12068252484248,0.6005590049780237,1.7466515099280855
1904,416,1646,415,30.284806968869404,7.7930695568764925,9.760654201277433,8.517378212232297,0.9538243170787007,1.2524787736129945
1905,1691,1693,1591,74.28985022074328,11.9877743213694,15.531503794627616,13.396349403436558,0.9436028619653711,1.2956119608409016
1906,419,420,1616,35.83825724783142,7.826824376406,10.359742910528723,9.272691469807164,0.9500490389989725,1.3236202081853552
1907,393,395,392,89.7981514815526,13.435685576360049,20.43159654699085,15.795213223006572,0.7968859561737353,1.5206962406845865
1908,1694,1467,1598,103.77807608940864,13.40627161662338,17.595332828215803,15.76167503838903,0.9529764320131782,1.312470262529823
1909,1644,1645,1519,71.97790326821521,11.697906341322964,14.301793523868227,13.02414454739889,0.97344973000867,1.2225942922236441
1910,1566,637,638,56.15709738127576,7.952622617641418,16.293316920039832,12.78996802222809,0.7365879456168442,2.0487979504894565
1911,2043,1645,1485,92.47853668190228,13.912059100516052,15.687283952177285,14.67317136404568,0.9893950895475784,1.1276033144220459
1912,1686,1145,1146,32.011032104156044,7.442950021904418,10.872810175570367,8.984631663682826,0.8934309469877252,1.4608199898658403
1913,385,1609,384,43.57289842542672,8.0,16.150731727841652,11.909731239927302,0.6578281654703207,2.0188414659802065
1914,1631,1630,564,50.83581565827104,10.087513458233158,11.480115825674506,10.881033124863174,0.9887255174997273,1.1380520951181228
1915,2040,2038,2039,113.92706085909494,15.882803369879428,16.8080963306629,16.236204668108773,0.9974310933023618,1.0582575342170528
1916,1618,1490,272,79.89540622037595,12.116018127910902,15.266753139594476,13.764652362156026,0.9653620898406283,1.2600470697898203
1917,1749,1750,1695,113.72416495500347,13.899304552672877,18.48993199362808,16.529156069121687,0.94831385862255,1.330277491478695
1918,340,1716,339,41.095719219637104,7.927712943038759,12.562871354183034,10.297195207013345,0.8657898571565893,1.5846778818113438
1919,625,1818,624,41.07886514648453,8.0,12.788329634209239,10.355016630378437,0.8542719951549695,1.5985412042761549
1920,1490,271,272,44.63374605366989,7.437170265628411,13.911185818962695,11.11935660565397,0.7867172638764907,1.870494465247698
1921,1500,1764,1790,63.774567788075075,10.348826249108662,15.614522527039616,12.770621664068415,0.8777224352364842,1.508820628656751
1922,2041,274,2040,69.1120609746572,11.66821575753822,14.532767959045783,12.828295536487095,0.9610220823552769,1.2455004484860444
1923,1764,344,1788,84.06974721849349,13.494669065271337,14.213833539963385,13.944615880919812,0.9979230616163969,1.053292486923064
1924,1930,276,1666,57.35772511117254,10.5973249714057,12.507812780831346,11.588121544121728,0.9819606616685241,1.180280194726559
1925,266,1674,1563,119.69319872180638,13.047350052743026,21.41725670267159,17.6402285845196,0.855294765514823,1.6415024212651448
1926,1900,1675,1490,96.48894690087755,12.716592823590474,16.75608591542451,15.217454549630645,0.9492157718074029,1.3176552987007963
1927,1900,253,254,44.89830918571857,8.000000000000064,14.266542573524392,11.173336820786657,0.789154023184712,1.7833178216905348
1928,290,291,2031,38.387452260131035,7.47047206110636,12.721805569721056,10.1564769932354,0.8227001729021916,1.7029453380804138
1929,994,995,1431,55.8922195810661,7.667767271427477,18.509217174500385,13.74223622105095,0.6167303817037786,2.413899185943159
1930,2032,248,2039,58.758576431462274,10.79247080706191,13.36730977195356,11.82155927385722,0.9624748840988836,1.2385773388617218
1931,1653,1762,1738,74.30606538857788,12.238552867500264,15.127296901568982,13.309257857319386,0.9597111838830252,1.2360364060476332
1932,2040,2042,2038,100.93159488015951,13.912413464472454,16.8080963306629,15.404056195309172,0.9765602488653191,1.2081366309005284
1933,250,251,1618,40.88747827338185,5.882840557810479,14.660433166776796,11.499225431035393,0.6376352250945284,2.492067058882389
1934,1530,439,1739,78.91735009433597,13.357144269415297,13.706100944847142,13.50252937198409,0.9995147856827598,1.0261250959331834
1935,1504,1789,1625,55.4427267616132,10.050719427042493,14.004780439258406,11.726547060657694,0.9126179412146587,1.3934107444664217
1936,1674,267,1560,68.67504861512556,11.038193754363162,14.039347732721685,12.773967118549463,0.9624495244398005,1.2718881408629226
1937,1560,269,1674,74.48400362241705,11.330461712127653,14.625409309837503,13.331739584895614,0.9567193753022748,1.2908043539111098
1938,266,267,1674,46.91417219620837,7.444668206973386,13.244359868563535,11.245459376093315,0.8104104706080779,1.779039642916202
1939,1759,1715,1502,98.23988070914494,14.705215335342933,15.704928289384329,15.082481434442132,0.9964748979963465,1.0679835644187172
1940,293,2034,292,49.498643638206374,7.705401628116555,14.580720352331676,11.71982479909552,0.7835081167917542,1.8922725973332122
1941,1563,1564,266,82.46494002176063,12.207290068473258,18.456078998144182,14.726364354188519,0.8497950715595963,1.5118899358186915
1942,1563,1900,254,105.33419925016696,14.266542573524392,17.26503361433335,15.742500548748447,0.9756664413529832,1.2101764338034857
1943,1563,254,255,64.61167873159314,8.000000000000064,17.26503361433335,13.843249828426863,0.7143741815071889,2.1581292017916516
1944,1973,2065,1623,54.02790978877835,10.030047067035966,12.82127408423543,11.351923796886046,0.9584912305939353,1.2782865323107915
1945,290,2031,2044,51.40477675893868,8.259699659813409,13.661342199286073,11.547615809606846,0.8546757492783392,1.6539756603685867
1946,1945,1977,1943,59.801821594362536,11.039115101659132,13.392476701695333,11.90649454223148,0.9665968574167784,1.2131838991046031
1947,567,1919,566,40.15144417716938,8.000000000000025,10.810193994010092,9.870332190418392,0.934994557399129,1.3512742492512573
1948,351,1918,1917,96.60893983023841,14.226005003190197,15.468749499947142,14.96468378107698,0.995014442822391,1.0873572374309062
1949,1647,1731,122,111.33259816639061,15.56017110971829,17.0772301762952,16.082954055692547,0.992110856415454,1.0974962971730697
1950,121,1731,1777,70.76981617183046,11.4786537918949,14.198235046742372,12.927516911058797,0.970699170327099,1.2369251049951324
1951,1445,2001,2002,74.30419707238019,10.161690022851833,15.679157707378488,13.714759676926718,0.8825691310893441,1.5429675252953843
1952,1972,1974,1655,76.78504504142279,12.348170852913983,14.752161018361207,13.432327419006391,0.9774503516957458,1.1946839085790524
1953,2034,1613,1494,123.55476293357668,16.12240628018847,18.05008466923269,16.951949680360176,0.9906726863306287,1.1195651787669554
1954,58,1946,57,35.90087383160045,8.000000000000114,13.375420685236543,10.184361644037068,0.7603322408153019,1.6719275856545441
1955,1894,1893,1449,77.47004442074095,12.275687814833573,15.105210712797428,13.538162317021145,0.968844884915061,1.2304981146999148
1956,1650,1620,1649,89.57666879854426,12.867051295966544,15.751323264963904,14.52983345021191,0.9730410155262003,1.2241595143015789
1957,101,1472,100,53.709334098759115,8.0,14.51030002943468,12.056097718603956,0.8070214456572791,1.813787503679335
1958,102,1851,101,37.57621132922577,8.0,13.030009171984874,10.160103892798167,0.8057697460083806,1.6287511464981093
1959,1493,1650,1649,55.52047181244944,10.677700480104745,12.867051295966544,11.465474812699078,0.968097336656044,1.2050395419820132
1960,1735,1620,1650,81.84302414731981,11.738697685159325,15.296887981147085,14.002237152003898,0.9515018838309219,1.3031162733227393
1961,1734,96,97,28.401020047844213,7.451603387002937,9.12951753404097,8.193706973681303,0.9699003812634696,1.2251749133568548
1962,124,125,1732,30.2009552050974,7.424883350079722,9.656913698743596,8.504897176063407,0.9532560591530611,1.3006148707561727
1963,1733,1647,1732,55.134767873614344,10.189118401746825,12.054215878327456,11.37172120081359,0.9792912493556327,1.1830479736363528
1964,1623,2066,1969,49.92156525900267,10.076719865026327,11.474007186945641,10.78271294853218,0.9888200956743274,1.1386648969739583
1965,120,1777,1951,52.65900956642544,9.678614267462038,12.821802595001737,11.25365097530291,0.9479269708181086,1.3247560281544226
1966,1732,127,1733,37.97088421549851,7.526446806031154,11.795043852998967,9.836869686925649,0.8781041976369547,1.5671463782282054
1967,1733,128,1521,50.10059396177845,10.227157533949851,11.861904524981133,10.835558627224055,0.9810101375528516,1.1598437283873462
1968,1648,130,1621,82.10264804933982,12.330915060624482,15.563096020095987,13.960096831161687,0.9643085104319742,1.26212012195207
1969,1621,130,131,56.91933562895218,7.824363448479874,15.563096020095987,12.705747367268268,0.7577842222566258,1.989055866662176
1970,1493,1648,1621,66.21224214124888,10.623737462882765,13.986279412764597,12.596454934660935,0.9513804108767235,1.3165121466555332
1971,94,95,1621,47.27458520380742,8.0,14.195867797083197,11.33843224518884,0.8082687691625103,1.7744834746353997
1972,1621,131,132,49.593145155782416,8.000000000000114,14.729782633228945,11.70938609888826,0.7904354364254426,1.841222829153592
1973,1621,96,1734,62.79664530195083,9.12951753404097,14.655212737645721,12.711026648377244,0.8632325893923929,1.605255993320704
1974,133,93,94,22.62741699796925,5.760114472436249,10.702868896690584,8.154327789708944,0.7404104548400589,1.858100033932796
1975,134,93,133,19.071050290138505,5.760114472436249,7.999999999999903,6.834249654896514,0.9262915301290936,1.388861287094576
1976,133,94,132,40.65200814999694,7.622710091749161,12.61466386933154,10.313414285923763,0.8488744169188385,1.654879133208238
1977,1732,125,126,26.150404767821257,7.493507674623129,8.4328944793669,7.810667370362009,0.9867915400176038,1.1253600910992614
1978,2031,1491,2044,79.59521478847233,13.481477187502767,13.661342199286073,13.55855826725933,0.9998751645813271,1.0133416397388588
1979,1746,1676,650,73.37935650589804,11.683658044473288,15.014427153354454,13.242176473008364,0.9561877492841363,1.2850793044612185
1980,2031,291,2033,54.09749395696807,10.277153348878782,11.735295517028236,11.235671244501491,0.9860524640023111,1.1418819121063843
1981,1427,1423,1428,10.208333333333332,4.0,6.011601853010985,5.060618693657527,0.8967238977852389,1.5029004632527463
1982,2033,246,2031,76.43772728212114,11.694564867597455,17.476910592344304,14.081389847293197,0.863767095879231,1.4944472744572308
1983,2031,246,2032,99.96042974770671,14.282884272546971,17.476910592344304,15.42277495261033,0.9619490050296755,1.2236261429308468
1984,245,2033,2034,71.13394834214111,12.059170652788994,14.623084944159382,12.98838593678743,0.9660919421967152,1.2126111625078808
1985,1613,2034,1612,114.49882191155282,15.871352799824596,16.836665236222615,16.27680810541189,0.9974424754041288,1.0608210559347333
1986,1761,343,1764,89.17653524232523,14.176651752810928,14.523169718782986,14.352854606964401,0.9996113148928193,1.0244428636616083
1987,243,1494,241,108.66644288056528,13.789220372472984,17.453213063301824,16.07104645848847,0.9618033320291517,1.265714274763725
1988,293,1612,2034,73.692472134289,10.169632008933661,16.836665236222615,13.86233919916265,0.8516482679460212,1.6555825443272876
1989,1760,1763,1653,96.80757602887915,13.870777591414862,16.342735109436273,15.056567858043095,0.9817490139816601,1.1782133338762057
1990,1569,1678,681,51.742661826902605,10.16807150122143,11.807334802514637,10.992875408707038,0.9851871533732586,1.1612167362411143
1991,1789,1788,344,47.97939221220432,7.911639037626331,14.125345037524717,11.394793152306418,0.8113945041074351,1.7853879544234916
1992,1817,1819,1816,83.15886003983877,12.787459089465493,14.875233350155643,13.937019962663934,0.9849111469196571,1.1632673266896385
1993,1787,1785,1954,58.69592409334743,10.788605260119462,14.024086837946504,11.955195345518293,0.9343385593543388,1.2998980405546152
1994,1843,963,964,73.86189118957367,8.945650334498135,19.08604112199962,14.852320185714618,0.7133260059188854,2.1335554608473726
1995,255,256,1563,54.35525287992988,7.557335876870625,16.26471587094717,12.735618746370534,0.7124492817669298,2.1521758640800464
1996,1564,257,1561,48.888339017296886,9.6083706307528,12.141776075101827,10.785045563342136,0.9616677477299522,1.2636664989005049
1997,1820,881,1826,49.010177125086905,9.199056067110979,12.222609239776823,10.850179964136197,0.9488239801752024,1.3286808070967013
1998,259,260,1562,34.964421472488944,7.415939778632464,11.232428135261783,9.389604174705033,0.8912377345971665,1.5146331376133555
1999,1842,1843,965,76.26902186814162,11.993653212877797,15.913001297510094,13.61829358882089,0.9356847646900065,1.3267851767153
2000,927,1867,1513,87.75057473159875,12.925982860420511,15.193088014442372,14.335704062707878,0.9812595608128405,1.1753913167379912
2001,258,259,1562,40.29412329806139,7.488696341819206,11.577432362229672,10.099518946436886,0.8826403878658444,1.5459876904846168
2002,1118,1892,1117,43.43640724837205,7.999999999999964,15.538620512140506,11.611829534469239,0.6948938446647362,1.9423275640175721
2003,649,650,1676,48.748408665525844,7.889086092798573,15.014427153354454,11.759461690320926,0.7661811123659521,1.9031896694675616
2004,243,244,1494,50.59296795064708,7.999999999999904,13.789220372472984,11.561224786676677,0.8337545390124368,1.7236525465591437
2005,72,1694,71,24.809654215770834,7.208271154216875,13.218301415254187,9.475524189823709,0.5913194936489008,1.8337686155884154
2006,448,1715,447,66.22598475831519,7.999999999999984,17.548659223808656,14.082815653147017,0.7049785570379096,2.1935824029760864
2007,1761,1762,1763,80.09604979484814,11.549424420203366,15.737766356589365,13.918126894944749,0.9399620531095835,1.362645079443037
2008,1758,367,1559,58.03980665779145,11.363421325749764,12.007731944176697,11.58909717162703,0.9973377934125669,1.056700407382318
2009,1717,1763,1760,101.48782773198344,13.870777591414862,18.98996458936518,15.866817910443617,0.9128260537355299,1.3690627266000408
2010,345,1789,344,31.345339580907577,7.911639037626331,10.448458120725492,8.78669905278399,0.9211185676320994,1.320643936235527
2011,1746,1945,1501,89.34976275237761,12.968680369173436,16.290440472408154,14.562523253738467,0.964609096418376,1.2561370940354537
2012,1504,1917,1918,88.61898000479903,14.226005003190197,14.438424448257162,14.306759581130871,0.9998269688052138,1.0149317707268717
2013,243,241,242,47.80281802408632,7.999999999999984,16.97070593969061,12.529597813628328,0.6478365388990917,2.1213382424613307
2014,1453,1843,1842,74.17548902080581,11.993653212877797,14.246961386691302,13.184595026049402,0.9806106332614947,1.1878750480624276
2015,1712,1782,1489,90.60089956860489,12.211071514584512,17.230057455806755,14.892365705465943,0.9256496826368398,1.4110192897673006
2016,2055,798,799,28.767182667161556,7.439315263443309,9.42841901111998,8.289244758187783,0.9570991488037892,1.2673772621858224
2017,1942,1495,1870,126.45950010356427,16.894850773293868,17.267335866542066,17.091388355528384,0.9996810202858957,1.0220472555955922
2018,1972,1788,1504,82.10881309255328,13.405148509557543,14.119615994745574,13.779626090920138,0.9982018369021634,1.0532979910426679
2019,1818,1817,624,58.32054025811831,10.276720256926072,13.08702509180892,11.773620967529567,0.962374266163795,1.273463202716725
2020,1504,1625,1917,93.41192514869296,14.004780439258406,16.079532496327786,14.780054075843815,0.9836792193205767,1.1481459895832
2021,1758,1786,1757,77.08037936738991,12.464031021840011,14.771216246593628,13.453086100344649,0.9784674798893237,1.1851074680984721
2022,1494,1613,241,97.686525876409,12.294024190714289,17.453213063301824,15.47686511522516,0.9219443868067263,1.4196501318489583
2023,1709,240,1486,85.207662960116,13.00789003185891,17.066816891091474,14.44603984913392,0.9276185061737107,1.3120357605492854
2024,653,1945,652,33.35535864783012,7.999999999999984,11.067268289081305,9.145810391997983,0.9007915007393943,1.3834085361351658
2025,2065,1973,1624,75.5392976913252,11.204450239386738,16.41648020762158,13.743244529688361,0.9019570534586467,1.4651749846603912
2026,261,262,263,38.329293676523925,8.000000000000064,14.644683707697238,10.90272455441383,0.6993014246274702,1.8305854634621401
2027,1562,1561,258,61.23389651569901,11.138804688365918,13.315924606720634,12.010720552438741,0.9743172524041647,1.195453639709532
2028,264,261,263,55.57573523991192,7.709500977748979,15.30623243527129,12.553472373572504,0.7576784213133019,1.9853726563428502
2029,910,2064,909,29.00894648088838,7.30485973435482,11.461446992433771,8.922102242262865,0.8080381000104935,1.5690167106878843
2030,1765,2064,1573,77.23945182097049,12.647029525429383,14.783093250174769,13.462044963970351,0.9794730016141718,1.1688984532257478
2031,1965,1973,1623,78.1813828835271,10.030047067035966,16.886175134435756,14.300890881221902,0.8446077046090379,1.6835589126927082
2032,2033,292,2034,58.56841402304452,10.206047601699783,12.873352416838328,11.787434077317343,0.9643916876228001,1.2613455197577477
2033,1914,1971,1899,90.08470850934347,12.976390183307958,15.526264107329215,14.546304528600707,0.977397890281003,1.1965010213164877
2034,1990,217,218,51.15306864164127,7.999999999999903,13.891916592974663,11.645527533075642,0.8296850496802388,1.736489574121854
2035,208,1990,218,60.74485013911117,10.934387698770964,13.044666006252356,11.940687005379104,0.9787704539004395,1.192994648225121
2036,2062,1458,1887,86.89310732679569,13.404817524181933,15.613609051713818,14.269945845318203,0.9809935339312595,1.164775948911448
2037,1989,1990,210,103.53962651281702,15.018572567188134,16.099116031922115,15.483673968474555,0.9965178942964077,1.0719471480994607
2038,209,1990,208,42.294491147127445,7.999999999999984,11.843007311113992,10.249154611394237,0.9067372461539475,1.4803759138892518
2039,2033,291,292,39.64266480149764,7.895412235708767,11.735295517028236,9.945585118145596,0.902814249788538,1.4863436090078666
2040,211,212,1989,54.544680102575384,7.4071488315139575,15.771797374864,12.670586272224435,0.7216894253380336,2.1292669735164997
2041,215,216,1989,55.420151063724006,7.597820691966645,15.218733089571915,12.588511123025226,0.7487432730957918,2.00303925383012
2042,1989,216,1990,99.36172960165939,14.530935591092792,16.099116031922115,15.19301040351734,0.9922119511586387,1.1079201288174858
2043,212,213,214,22.094078620214955,7.55808439895942,13.869689113568377,9.711058380214803,0.49559421357544775,1.835079946378731
2044,1989,212,214,88.69448084467754,13.605605643570758,15.771797374864,14.415697377334377,0.981257720368234,1.159213179335156
2045,575,1844,574,42.12752172935003,8.000000000000025,12.71765793985867,10.428506133432576,0.8650030561377474,1.5897072424823289
2046,256,257,1564,38.79431379951338,7.391907820730288,13.765248278105718,10.587382027669262,0.7537403363745622,1.8622050777610715
2047,441,1739,440,37.1535154229777,7.999999999999984,11.280415308130994,9.568470200480796,0.9190540653682372,1.4100519135163772
2048,1574,1028,1029,50.17116165810387,8.0,14.394410708795302,11.657398742130662,0.8094927995172538,1.7993013385994128
2049,533,534,1662,42.383532128958905,8.0,11.488043756201193,10.22212829755203,0.9149699417472188,1.4360054695251492
2050,683,1569,682,49.89749796376313,7.858055718856947,13.472691865359357,11.489154795244373,0.8313377815901029,1.7145070418664745
2051,1600,1697,38,58.43157926642154,10.040953708496096,12.791256645546666,11.799001567597427,0.9585963982115163,1.2739085366685254
2052,1923,1634,1444,56.298296539001996,10.022626681005828,13.953987303226407,11.781898532311992,0.9190034510860582,1.3922485339767283
2053,684,1565,1680,81.37995355873241,13.46604118106498,14.110145606210246,13.717877710181844,0.998299036066373,1.0478317581599974
2054,94,1621,132,73.08037607247547,12.398375663435719,14.195867797083197,13.06963577661682,0.9843373539201293,1.1449780344169194
2055,1828,1822,1825,84.4665690546563,12.912806121047954,16.231214069127198,14.212595870245153,0.9557827920348066,1.2569858105954381
2056,1929,1462,1661,74.35584919254933,12.073234651595273,13.95963006042393,13.174745413086937,0.9856521231980176,1.1562460652232416
2057,882,881,1430,48.12497759210739,6.726335613541973,14.802279638994406,12.045542441714412,0.6979027774064687,2.2006454166802687
2058,1649,1648,1493,54.7813324660995,10.623737462882765,12.964933439197617,11.42212379406171,0.9609324424682621,1.220374042985769
2059,1928,1461,1590,103.72659881514207,13.329404390793005,18.20866769530368,15.859165217993569,0.9375691197957304,1.3660526128144872
2060,124,1732,123,38.50150703766899,8.000000000000114,13.028159895802185,10.22835786484863,0.815765424920296,1.62851998697525
2061,1681,1679,1478,67.36341125530234,12.34254901139263,12.669086712838462,12.475120025137764,0.9994915394103455,1.0264562612750758
2062,1648,129,130,38.41223388443879,7.758294659912831,12.330915060624482,9.99997706003606,0.8571908623202358,1.589384729654368
2063,673,664,672,64.03143409005392,7.504976992944909,18.674974412086023,14.414626995175338,0.6371537549242037,2.4883453246614247
2064,1649,1492,1521,91.65338834484018,14.118624555499991,15.556318533673704,14.59817234716317,0.9910977056424913,1.1018296061717747
2065,1866,1632,1435,83.93889741676362,13.408758353531748,15.094585416483174,13.992098455343992,0.987073169357394,1.1257258143150437
2066,667,671,672,39.22764500531261,7.424542389708719,14.06901776708522,10.741236069484534,0.7381292431932098,1.8949339943949297
2067,625,1869,1818,54.845936939035376,10.679061670931725,12.788329634209239,11.395159769555796,0.9682074360847432,1.1975143536270527
2068,1633,1720,1920,85.26772373592354,12.321059643125277,15.221318390155993,14.207617943803461,0.9669911799657024,1.2353903666596533
2069,42,1470,1600,85.07535322457275,13.047850665423073,14.601077661518875,14.070239230686846,0.9898162627811248,1.1190408317756018
2070,1461,1664,1742,139.69108642657065,16.46179083974251,19.891344778673513,18.12777527336054,0.9758650626260241,1.2083341947615616
2071,1306,1446,1578,72.43094602423504,11.561056025265882,14.32214669772107,13.079810358149416,0.970310725501625,1.2388268568564167
2072,1761,1763,1717,97.58564657539293,14.467189908041515,15.960580042509669,15.055827167033998,0.9923592938624557,1.1032259992410869
2073,1498,1871,1872,66.64684853473497,11.363935194779879,13.604377898745986,12.507159054294057,0.97868347410171,1.1971537733685136
2074,1877,1878,1963,65.98160674929728,11.865714031063245,12.666593310066947,12.358867160289373,0.9968096394698227,1.0674952452846143
2075,634,1781,1860,32.76842093750761,7.753647853696361,13.19186710677014,9.908380585690992,0.7294573413009956,1.7013755790419656
2076,1678,1430,1822,83.80700928442391,11.947559852174448,16.463589045504513,14.276826619719019,0.9339257952502394,1.3779875764763925
2077,1523,1818,1869,66.00091190182232,10.679061670931725,14.466822718459461,12.634943014286653,0.9406440025826039,1.3546904366923898
2078,1873,677,1878,58.14021320488137,10.862496483251794,12.402089352269883,11.638604826466718,0.9883462467775902,1.1417347173729253
2079,1498,2035,676,107.53408088656751,13.911440364020203,19.671498489822287,16.380397142047396,0.9057360797622854,1.414051886438703
2080,1776,1770,1771,79.08406963655248,11.469457022739693,16.704156747572608,14.038176906929067,0.9057472944521997,1.4564034473867804
2081,1899,1586,1914,95.50825535375168,14.111761808550375,15.526264107329215,14.885509657282734,0.9938994288564268,1.1002356982755894
2082,676,677,1873,45.96832613024246,7.999999999999823,15.180835122105687,11.610687921994662,0.7402866781517369,1.897604390263253
2083,675,2035,674,40.8348377266425,7.999999999999984,11.06165964412143,9.978030410050827,0.928889837637473,1.3827074555151815
2084,784,785,2068,43.25882710843712,8.0,13.789300778833598,10.872745315337594,0.8069395517649184,1.7236625973541997
2085,1498,1872,662,73.08185750090453,11.272928017441133,14.808660826606607,13.22865558093124,0.952717530436799,1.313648131496546
2086,1653,1978,1947,83.39677635811994,12.159360569437453,15.401305397602485,14.071748575454691,0.963292940489294,1.2666213251635665
2087,1524,1651,660,81.01204486584106,12.863286657697818,15.132448737188673,13.78782012534289,0.9792667131182373,1.1764060881075764
2088,1774,1950,1643,78.09600987311121,11.382622321957461,14.864582933174567,13.697832195377066,0.9476868693504207,1.3059014445643415
2089,1498,663,2035,97.384473713732,13.911440364020203,16.976419102278864,15.17899305089589,0.9689451024102651,1.2203207330123598
2090,1661,541,542,29.49454301610376,7.568793931204537,12.407475119776558,9.348055835737282,0.7395118736056528,1.6392935562194608
2091,1728,1768,1727,59.609208721561245,11.021170877294235,12.64094937285706,11.79017038910621,0.9871840268530271,1.14696972886065
2092,669,670,668,24.54873753670759,6.558917145772821,10.065679446426959,8.037380817982969,0.8486931119929474,1.5346556790878543
2093,1779,1664,1463,65.77850483724261,11.413730796284886,17.20606691241581,13.408695044705377,0.8123069317286741,1.5074884119411947
2094,1522,1827,1495,79.01325383630542,10.197894945303188,16.4881709299373,14.280121780573268,0.8596171590865731,1.6168210222180417
2095,1729,1775,1794,57.8527354127275,10.443235449640737,12.414585442005704,11.649783974037808,0.9790596988201874,1.1887681266855652
2096,671,668,670,38.08520795514253,7.7693145287027585,11.2360516950872,9.690348556738973,0.9164136049008107,1.446208884139909
2097,1769,1768,1642,64.84477148289331,11.351919421574543,13.77680077787909,12.374275688401838,0.971315797082169,1.2136098104868516
2098,347,1718,1625,65.17824221544292,11.870152575562544,12.66296860047592,12.281576738620695,0.9972198989986725,1.0667907189790948
2099,1549,1898,1899,78.44951573463922,12.7921753772104,14.102417062232789,13.491940163115265,0.9936861261373926,1.1024252440563487
2100,1488,1616,1617,104.71863907476325,14.443025453308712,16.26345287537365,15.61441082274248,0.9891155406465248,1.1260419728504945
2101,1711,1617,422,73.53409571107889,11.327311409103423,14.864674695984927,13.268094822898886,0.953041775810537,1.3122862221337563
2102,371,1795,1784,45.34674256921016,9.521461258722411,12.061717941506034,10.44726229332529,0.9480880941397886,1.266792734198918
2103,426,427,1652,49.7139362908999,8.000000000000064,13.300505309689017,11.383422824044148,0.8483039681634895,1.6625631637111138
2104,1849,1469,84,103.8893800017817,12.929094304612644,19.231897457231472,16.13490392890347,0.898713322784331,1.4874899203396028
2105,51,1850,50,61.494865291516696,7.999999999999984,17.26883670070422,13.547714626747677,0.7117636251818246,2.158604587588032
2106,425,426,1652,45.613232052094226,7.5726571733182935,12.849763162443368,10.95403567400607,0.8377825553645414,1.6968631839981578
2107,1497,1875,1874,115.66298325067011,15.226517133784277,18.397953003059413,16.524022277214662,0.9717207574797432,1.2082837356310736
2108,1736,1652,427,75.80874810457124,12.755849517331665,13.687477224726642,13.247944017249106,0.9966909243710007,1.0730353322316286
2109,44,1849,43,53.233484168664624,7.797600378520074,20.24475833981488,14.484958614288454,0.5207754592133282,2.5962805680043304
2110,1876,656,657,31.64988357323864,7.987333882574036,10.504347315792883,8.83056039945564,0.92079414073666,1.3151256063941705
2111,1624,1973,1924,94.61595098615709,11.530211403632572,19.835303680496878,15.92733176391701,0.8236338429472488,1.7202896795324847
2112,676,1873,1498,105.84974584026773,14.006240267733007,19.671498489822287,16.286191293220327,0.9013621112281025,1.404481010877749
2113,2043,2037,2036,67.56628500528257,11.44660394989357,13.423073814294316,12.57106764939977,0.9831005518106508,1.1726686686332957
2114,253,1900,252,36.63409993503453,7.39425047052121,11.253467888835518,9.589452492998909,0.8945019060656365,1.5219213811731045
2115,666,672,665,52.78707443737333,7.550640111740407,14.487361934633766,12.17213102232673,0.7674806194444542,1.9186932127923204
2116,1771,1950,1776,73.54211801689324,11.473057899903111,14.152887753316943,13.188954201231653,0.9681356441460948,1.2335759025008026
2117,1525,430,431,54.68195822554017,7.999999999999984,14.354620330985012,12.16554102882266,0.8059708925195435,1.79432754137313
2118,1743,281,282,32.62194652741891,8.0,12.934174539255693,9.780227158366735,0.7484759779499509,1.6167718174069616
2119,1964,1881,1882,60.36678301015069,10.232180791409954,13.428124133956379,12.021102313046512,0.953028771142324,1.312342344970044
2120,1699,1532,1700,49.7542226381678,10.238345403428385,11.619577438365116,10.773125092926234,0.9869075989934024,1.1349077395332077
2121,1489,1784,1795,66.25658084775857,9.75860767974743,15.786594585476607,13.077069686791907,0.8632549114125769,1.6177097290466331
2122,1778,430,1525,54.57570465043527,10.11771789230033,14.354620330985012,11.759980498914087,0.8891980382356207,1.418760681389328
2123,1625,1789,345,49.65198938171231,10.050719427042493,11.910970765361741,10.80338277104324,0.9771078093400594,1.185086386285349
2124,1819,1823,1824,68.63012284364316,11.603877950055702,15.534959238628954,13.022214003232989,0.9174656737610727,1.3387730640991773
2125,1886,1530,1654,81.87690467282783,13.520879169268811,14.242908987555351,13.763699281684106,0.9975329807852317,1.0534010998284504
2126,1920,1720,1443,72.22695410571733,10.843561025802329,15.221318390155993,13.277845371676202,0.9286546617134416,1.4037195303218897
2127,1739,1738,1530,71.29450404622645,12.485079730559772,13.444342901689836,12.852963624680791,0.9955894177209379,1.0768327629323882
2128,1641,1516,1769,104.67593441037876,14.709466826520531,16.262348812009275,15.587780242105842,0.9931683251175076,1.105570242878482
2129,1471,77,1850,97.88194908855965,13.17069529422957,17.070727083494674,15.284422031917975,0.9570134316796809,1.2961143434070492
2130,1680,1565,2063,95.78271141297024,13.46604118106498,16.427541100626087,15.019169817259083,0.974247747111401,1.2199235751428834
2131,1652,1736,1528,93.21978150689297,13.687477224726642,15.312714650085763,14.725425842128073,0.9903483168737771,1.1187390049075738
2132,672,664,665,57.74705379690059,7.999999999999903,17.063929580495074,13.180773533700332,0.7083609465787403,2.13299119756191
2133,1526,1879,1881,113.61865145758716,14.529556464382559,17.48748165778778,16.34454944135869,0.9760541865797212,1.2035798684327506
2134,627,1859,626,48.89640420656,8.000000000000064,16.475423865942624,12.357758795438835,0.6855556501031633,2.0594279832428115
2135,1646,1520,412,107.57148964215416,13.138664625852538,20.833835219652016,16.783109435028383,0.851868257988984,1.5856889427452112
2136,1537,1660,1926,134.73586871443203,16.6252338030662,20.15345376152239,17.88022746542025,0.9654463370602042,1.2122207723662495
2137,1921,1443,1577,90.65086416147358,13.15393745349291,18.804417280991014,15.24872838465209,0.8762601819892298,1.4295656602805018
2138,1676,1746,1747,65.76459818138119,11.430807857559637,13.028444221197345,12.378736244609982,0.988118956500197,1.1397658313870729
2139,1676,1747,636,56.17524870969076,11.097086656069726,11.663194286204044,11.397029599944469,0.9983447981267117,1.0510140767283886
2140,1566,647,648,55.12419770687158,7.578255649693208,15.421721542795593,12.584890175726642,0.7445245728577915,2.0349962122774143
2141,445,1947,444,36.438691999781504,8.000000000000114,10.994239332994054,9.429606645760357,0.9306654564474011,1.3742799166242372
2142,637,1676,636,42.62312529456147,7.654520988651719,15.737274081614803,11.684996452156854,0.667674954109526,2.0559449905417
2143,638,639,1566,63.1682209395467,8.0,16.293316920039832,13.527178417222373,0.7358074796977465,2.036664615004979
2144,637,1566,1676,86.17319432119646,12.900442927308719,15.737274081614803,14.253893845975517,0.9730361574761274,1.2199018413779303
2145,1941,1976,1474,82.82789487105074,12.928279941630445,14.848081099275067,13.897129830643408,0.9872934770023923,1.1484962552104598
2146,652,1945,651,33.35535864783018,7.999999999999984,12.067925510392923,9.479362799101855,0.8262327019829243,1.5084906887991185
2147,1875,655,1874,92.05017591767741,12.913312177975575,16.13982111899969,14.759883476919848,0.9676040960241231,1.2498591295986106
2148,2039,2038,1491,98.72498555011477,13.926777137370406,16.017714303783993,15.176655318769496,0.9863828296599019,1.1501379066950725
2149,1651,1876,657,39.627147052706626,7.987333882574036,11.914145969504814,9.973739909697336,0.8967966266304358,1.4916298911077077
2150,1977,654,1875,55.06781768217717,9.350131309299853,13.376858710221496,11.628198968909935,0.9211641024012489,1.430659984092049
2151,1018,2070,1017,44.89431523906341,7.703434997102056,12.635419813324388,10.777324804793766,0.8572486143063974,1.6402318988967504
2152,1945,1746,651,64.41933098600899,11.667057152751608,12.968680369173436,12.23455434410599,0.9919289497662808,1.1115639701923332
2153,1877,1963,1868,77.79086040829417,12.463111710490438,16.194601978632804,13.774768999730062,0.9323815066007182,1.2994027779596566
2154,1875,654,655,53.3271769271164,8.0,16.13982111899969,12.50555994307373,0.7338824776114745,2.0174776398749614
2155,1902,1566,639,77.64286672038739,11.372504922705273,16.288218331627288,13.846924220157263,0.9159364925437566,1.4322454412930403
2156,1902,640,1903,67.70676266711516,11.569595436819087,14.294710624023235,12.680705229779788,0.9642191895102715,1.2355410958045896
2157,857,855,856,17.418247559551265,5.1702542279615225,7.648946001373649,6.5776717712066075,0.9070828281178268,1.4794139058011855
2158,780,2004,779,46.39225262343959,7.391152391791441,13.922424903497383,11.313884943999922,0.7879142460279928,1.8836609185543955
2159,644,1903,642,72.08323610990986,11.631882472924564,13.900728991881982,13.009067107960448,0.9780124658366965,1.1950541130585348
2160,1903,646,1902,53.71390588095232,9.999484510433655,12.16448309557316,11.2445210142753,0.9746502936321705,1.2165110194311022
2161,647,1566,1902,75.40541022443026,11.372504922705273,14.754693334691124,13.421926202097806,0.9551860409981323,1.2974004790477858
2162,1903,644,645,41.4689000902669,7.999999999999904,13.900728991881982,10.78142104398575,0.7843483310107755,1.7375911239852686
2163,644,642,643,43.363559791991975,8.0,13.494589859074797,10.778513315249207,0.8262008843842144,1.6868237323843496
2164,1902,639,640,48.463064438092715,8.0,13.880049406139229,11.352619678212092,0.8291343723981184,1.7350061757674036
2165,1938,449,450,46.33439809026618,8.000000000000064,14.614623828575834,11.411332656108025,0.7780329482521084,1.8268279785719646
2166,1947,1978,443,65.64936731348357,11.587271380232893,13.412872873028372,12.386501607566238,0.9844424343362419,1.1575523203771538
2167,1965,1968,1966,78.15347139642068,12.0374167567667,14.596111835858519,13.561929528686472,0.9748857361658505,1.2125618087995065
2168,1995,2071,1439,80.61907488958009,12.497480583728109,16.91824949994198,14.136851392532849,0.9137312912694144,1.3537328093127643
2169,443,444,1947,36.43869199978036,7.999999999999886,13.412872873028372,10.23581782577172,0.7643322845118072,1.6766091091285702
2170,1759,1948,446,39.798590682273165,8.666756726947806,10.902856640358822,9.72285557254076,0.9636797167427622,1.2580088473532716
2171,1714,1502,1715,100.06021646263349,13.823457586147327,16.413885208946812,15.314090361492822,0.980328223409904,1.1873936102205997
2172,1947,1948,1760,65.86704179069024,10.419390110800906,16.19681702491726,13.087611075512738,0.8596605544412423,1.5544880125111527
2173,250,1618,2041,55.23228592643337,10.427592804274653,14.660433166776796,11.895189810084801,0.8777202434401431,1.405926894341995
2174,1530,1738,1500,67.67300393488586,10.955512178548421,15.374850324475757,12.938480744527984,0.9152150949900997,1.4033894603833015
2175,1715,448,1938,92.37488083414658,13.580592076493572,17.548659223808656,14.986709637192144,0.9360971809999737,1.2921866090200402
2176,451,330,331,22.627416997969704,5.708497786127197,10.432877902130615,8.04712522941927,0.7631110478477363,1.8276047907883257
2177,450,331,332,45.25483399593895,8.0,15.85609941812185,11.863093842370242,0.6920020721866615,1.9820124272652313
2178,331,450,451,40.79434472951678,7.999999999999984,11.73318210898888,10.055353337039826,0.9102097581993627,1.4666477636236128
2179,1938,332,333,37.69582394833651,8.0,10.494320808944355,9.50232658933666,0.9518201710411006,1.3117901011180444
2180,1715,1938,334,94.95858212459609,13.830877611274202,15.748276066018398,14.870881387876326,0.9888549902744228,1.13863172740255
2181,335,1714,1715,84.01103268865361,10.617655674573088,17.017850561023486,14.683130481514462,0.8664518485311509,1.6027879489233612
2182,337,1622,1714,63.94166217137457,11.697204960297501,12.639422086330457,12.17009676945837,0.9960051021489789,1.080550621215155
2183,336,337,1714,32.308058090453414,8.0,12.17366326174715,9.442117557273113,0.8032485487679375,1.5217079077183937
2184,450,332,1938,71.48185583388313,10.012658959065623,15.85609941812185,13.494460735254435,0.8761347484431922,1.5836052623929113
2185,441,1978,1739,52.784885573126694,9.889727570815975,12.366235719173677,11.178792866040217,0.9675276248628413,1.2504121706714892
2186,1651,658,659,27.578529611248523,7.459854557039592,8.686065063306252,8.029565253182545,0.9839575993220563,1.1643745862457238
2187,1622,337,338,45.09331458130209,8.0,12.28408711201939,10.660430690772296,0.8882424305397332,1.5355108890024238
2188,1549,1971,1630,55.32056908650638,10.48146120298501,12.588976120837334,11.410120614491193,0.9755270291503518,1.201070716862657
2189,1820,1817,1816,56.865063027594836,10.094814749471976,14.148367448370664,11.871210615722823,0.9133085058028877,1.4015480025634661
2190,1516,1701,1976,89.04769183304319,13.427770015671056,15.06156908808926,14.389588041468087,0.9908440334810377,1.1216731497867076
2191,382,1916,381,24.435598282084776,6.346153985012572,11.479456799215457,8.608536928075978,0.7171940025299314,1.8088840621147828
2192,1894,1449,2058,73.52392573229311,12.478308335845442,13.437237965723044,13.049711575000307,0.9960760189677278,1.0768477267966654
2193,1890,1891,1534,70.01000703470288,11.30641663885145,14.342090854701139,12.895022443360615,0.963377154007343,1.268491274717262
2194,1944,1868,1963,79.08736428665298,11.86952761989167,16.194601978632804,13.884859360021501,0.9320954307090039,1.364384708241709
2195,1290,2003,1289,44.605501346723074,8.000000000000007,14.543963671816682,11.258388605841025,0.7693839600249386,1.8179954589770837
2196,220,221,219,57.74705379690059,7.999999999999903,15.65889019234372,12.741597243493475,0.7673746881665808,1.9573612740429887
2197,222,223,219,30.023359247027745,7.726957014342804,10.57637272683849,8.698009384361292,0.8955803018350599,1.3687629822718816
2198,479,1845,478,42.38245577229777,7.449067016542722,13.749270512995132,10.860253676566453,0.7849282072605517,1.8457708169977607
2199,1342,2000,1341,39.79334857626903,8.0,11.27538224051004,9.860585731998187,0.927160603133398,1.409422780063755
2200,1846,1460,1847,86.20379985239855,12.164728270618324,15.797259005987952,14.35138127443146,0.9551104627538252,1.2986117449202166
2201,359,360,1885,64.03168184125025,8.0,17.066848519021775,13.736527523018816,0.7203273032347848,2.133356064877722
2202,1527,1885,360,92.59325652199068,13.513080016276865,17.066848519021775,14.895183384829574,0.9534155473411101,1.2629873055191194
2203,1823,1523,1495,73.45271618314732,11.810899383697675,15.140676723083168,13.263063327065934,0.9538060149791089,1.2819241135845685
2204,288,1665,287,44.62109164549382,7.932762680237351,13.5538083307451,10.914194345326349,0.8280666636358124,1.7085861353839928
2205,1620,1492,1649,103.28068243794466,14.119573952315811,16.810784712026166,15.56056064310196,0.9801121847082058,1.1906014139519385
2206,1967,357,1883,63.128797431502655,11.450100295810337,13.075822685466436,12.135496730915321,0.9867773455383524,1.141983244483104
2207,286,287,1665,37.00959439285369,7.486383010481231,11.256012024996592,9.617170246583035,0.8998800776685486,1.5035314128648951
2208,1886,1983,436,73.72680915474469,12.583642503752955,13.551084142889625,13.066503555749122,0.9963442181601658,1.0768808903183749
2209,436,437,1886,39.89210816109348,7.999999999999984,12.583642503752955,10.187334571890053,0.8585495790354203,1.5729553129691225
2210,2035,664,673,91.30425913520328,12.999550867530084,18.674974412086023,15.246316465080882,0.8840382409966594,1.4365861253508267
2211,1965,1974,1924,113.16858477427812,15.382006811873854,17.7560069099623,16.275750366083084,0.9824830416707846,1.154336175189825
2212,594,2067,593,38.28773236014835,7.999999999999823,11.929303283726115,9.847218158689822,0.8880490209563062,1.4911629104657973
2213,1969,1967,1968,65.15710325044691,11.504971048572685,12.721900328596211,12.30423298498075,0.9918274287849218,1.1057742148924834
2214,1750,1946,1468,112.99074259920604,12.800883398344302,19.028228891804304,16.793352420759494,0.8997201673287214,1.4864777921706138
2215,1965,1924,1973,93.89611536954517,11.530211403632572,17.7560069099623,15.390797816010211,0.8870505717474018,1.5399550180292705
2216,626,1869,625,38.13968532115666,7.733479884407646,15.477405044145895,11.309657644026656,0.637898798302694,2.001350656559108
2217,1885,1879,1526,131.49827291224454,16.775912940057516,18.68036561273295,17.490962918232068,0.9903195223976674,1.1135230422022506
2218,146,147,148,20.057815157395197,5.659200381626429,10.549599481935017,7.872471276606795,0.7011044368907713,1.864150192699681
2219,149,145,148,54.68366919196251,8.0,16.480420837865214,12.734746040979132,0.7230869940309328,2.0600526047331518
2220,151,152,1811,57.52440011706646,7.5543749577424695,15.728798890202203,12.979166533262429,0.7252503400384747,2.0820781306442537
2221,2025,2063,929,69.48050398528147,11.119088042407355,15.445894716996795,13.076092627227718,0.9211706254430432,1.3891332326974415
2222,143,144,1810,40.07426644257386,8.000000000000114,11.809717365927641,9.993164028586099,0.9046866198859882,1.4762146707409343
2223,150,1813,1810,86.29173346283115,12.440495796466644,16.56555736574021,14.4287515291915,0.9443047236487994,1.3315833739074265
2224,1813,151,1811,84.69397949888481,12.923421358989394,15.728798890202203,14.141500043172814,0.9713475637847451,1.2170769994480926
2225,145,149,1810,86.10941118044693,11.511131808381485,16.480420837865214,14.547891310127769,0.9190943137690047,1.4316942167116435
2226,142,143,1810,40.07426644257349,8.0,13.97781139667841,10.715862038836319,0.7652700147631936,1.7472264245848013
2227,1810,1813,142,73.95455196900866,12.440495796466644,13.97781139667841,13.117183182729343,0.9902558879378457,1.1235734994298536
2228,1491,2031,2032,87.38721716629601,13.481477187502767,14.717789659963062,14.235932280135179,0.9943753961586016,1.0917045257923477
2229,1959,159,160,41.46357412814322,7.778994898943326,13.074882781266105,10.505438365861341,0.8322922217619831,1.6807933352729356
2230,1980,157,158,44.95973372554954,8.0,15.694060449395204,11.771808167837044,0.6994126708921219,1.9617575561744005
2231,1918,1972,1504,90.2887411296571,13.814113768457293,15.162539618758615,14.471692611824357,0.9941803927362132,1.0976121865580892
2232,1980,159,1959,60.19615285336408,10.662437417374592,12.662548382784248,11.882017323410698,0.9793695544479063,1.187584778894031
2233,805,2062,1541,98.96323084547457,14.272343140839409,17.593198240981096,15.385057452330422,0.9557067707233462,1.232677638659014
2234,1293,2001,1292,47.66579274588071,7.999999999999984,14.235021144559424,11.384458857805805,0.8080548508202061,1.7793776430699315
2235,1811,152,153,84.21357166217561,11.327516021648618,16.200042039747995,14.39396127107974,0.9176436346078535,1.4301495587194257
2236,1495,1942,1944,93.71947282268546,12.727141157149156,16.894850773293868,15.002218493165246,0.9491357688113164,1.3274662836440378
2237,140,1811,139,60.73484691450858,8.0,17.187069440137645,13.456957849565546,0.7132607300888704,2.1483836800172056
2238,139,1811,1812,92.14481954989617,13.69192647619447,17.187069440137645,14.889961064805235,0.9485111076940751,1.2552703573175055
2239,153,154,1811,59.238912719201885,7.702335060432714,16.200042039747995,13.168641161938273,0.7260998653560994,2.1032637391962385
2240,137,138,1814,39.21786166545452,7.999999999999886,13.45434326500764,10.444547435963576,0.7930342460371619,1.681792908125979
2241,1812,1814,138,71.14221664253844,12.1510597952632,13.45434326500764,12.851019128923504,0.9931058639482626,1.1072567736233587
2242,1957,1814,155,101.84413868524484,14.450119794054443,16.677018783917802,15.423977833495124,0.985066405382935,1.1541093791332875
2243,155,1814,1812,84.72529686396254,12.1510597952632,16.677018783917802,14.364500808339542,0.9328122828559463,1.3724744232119523
2244,1149,1150,1892,37.5226009938674,8.0,10.328033106124991,9.468099191006075,0.9550507119874919,1.2910041382656239
2245,2032,246,247,40.46466349583881,7.999999999999984,14.282884272546971,10.870416015091045,0.7482398154979585,1.785360534068375
2246,1680,2063,1478,99.04790963446271,12.98571713726292,16.738890586918206,15.384049608269072,0.9548349577339746,1.2890231944823007
2247,1918,351,1624,108.17001139694352,14.843750880172465,17.485420094498753,15.932640158206121,0.979179387205011,1.1779650733599212
2248,1886,438,1530,79.26025662674489,12.991817666851826,14.150437899620961,13.5543782452472,0.9950977742817204,1.0891807645765623
2249,346,347,1625,44.431345553585345,7.999999999999886,11.870152575562544,10.538258774014722,0.8978892388325825,1.4837690719453391
2250,1789,1504,1788,63.56481994734932,11.124141315672187,13.405148509557543,12.225561735665979,0.9764663809273157,1.2050501813269643
2251,345,346,1625,42.64732734582889,7.6191081819759665,11.910970765361741,10.424900897939814,0.8745365147490731,1.5633024864430665
2252,1624,354,355,55.164909575650135,7.6698503443044945,15.029274497821552,12.487096861510764,0.7603919547915449,1.9595264344345449
2253,1718,1917,1625,81.69036702224646,12.311609039823619,16.079532496327786,14.016472610955248,0.9485346317529207,1.30604638632662
2254,350,1917,1718,61.61436908680318,10.556244469874361,13.65827629671434,12.130543966829,0.9565550063315363,1.2938575206071272
2255,1718,348,349,31.5968815710156,7.444706713450944,9.77202816585988,8.698459315747941,0.9528311486422756,1.3126142562747272
2256,342,1677,1939,44.25523016442125,9.157954205502472,10.973143150307274,10.192152554325707,0.9783832966339235,1.1982089999657526
2257,341,342,1939,29.05444132488519,7.656939467346353,9.157954205502472,8.271631224282991,0.9748094314011154,1.1960332512170586
2258,1715,1759,447,84.278234944753,11.744837109609344,16.69978773563241,14.383280060194897,0.9223294037898441,1.4218832990002936
2259,171,172,170,29.14812847656232,7.588073431848368,10.504630137302135,8.59566948562651,0.8891187624145774,1.3843606327282638
2260,1762,1761,1764,96.1811299518891,14.358742349299291,15.737766356589365,14.938973084868145,0.9937679550752735,1.0960407237446788
2261,170,172,173,41.84548434096405,8.0,13.768981239537876,10.75787045894667,0.7966156896357544,1.7211226549422345
2262,1788,1972,1655,84.28940888554192,13.196650385743988,14.654751259429915,13.990339213306493,0.9926858984154834,1.1104902252514832
2263,1998,2000,1346,92.060943803157,12.070667418171327,16.568982857926294,14.963038269455906,0.9321030026187579,1.3726650137823488
2264,163,161,162,38.52519795599843,7.956567268930621,14.467760469104359,10.834248331193399,0.713287408946131,1.8183420035420446
2265,163,164,160,57.74705379690176,7.999999999999984,16.067710373801436,12.845156947635312,0.7527616221798161,2.0084637967251835
2266,1959,160,1861,77.68948969598301,13.074882781266105,14.001454728414442,13.414637728303807,0.9960587429633454,1.0708665586261275
2267,1861,164,165,41.73960375011957,6.515514993818178,15.810514560026874,11.809938699647207,0.6230544445075417,2.4265947626592297
2268,1505,182,183,53.00739731216267,7.396312439602495,14.937338568948455,12.339416496997062,0.7442160380652271,2.0195656539559654
2269,136,1815,135,36.67811887848393,8.0,10.587033679976749,9.382694451200278,0.9499605843017851,1.3233792099970936
2270,1814,136,137,39.21786166545563,8.000000000000114,11.92399876152161,9.934432601468309,0.8944211674409592,1.49049984519018
2271,1815,185,135,39.24181509104663,8.981047644904113,10.119150832572233,9.553749383700145,0.9905460334420266,1.126722764722653
2272,183,1957,1958,93.51364403863053,13.28658601797959,16.73838913359373,14.907697877276865,0.963046450058112,1.2597960914070112
2273,185,186,135,24.786194083754708,6.196548520938677,10.119150832572233,8.105233117836969,0.8385178850397919,1.6330301938859577
2274,184,1957,183,48.44287030491978,7.397912951115354,14.698118480257273,11.737492363333113,0.7579455713576121,1.9867925693882753
2275,1505,1904,182,89.41932969366395,12.821860315430868,16.19462023308893,14.567026343653346,0.9645214781651906,1.2630476260608618
2276,1980,1959,1958,83.93243804301342,12.662548382784248,15.540286780952552,14.073280960835154,0.9718942340372877,1.227263763278553
2277,1862,166,1863,78.37668067970587,12.115338298548824,14.502565017974806,13.567306507626327,0.9775760001068484,1.1970416888574975
2278,1962,1864,1863,76.81066015180674,12.408728007960729,15.170405714299553,13.494508165039937,0.96643697735289,1.22255929089324
2279,173,174,1962,48.622758940449934,8.0,13.311046586055514,11.245541117754692,0.8515831840218725,1.6638808232569393
2280,1962,170,173,82.78386474617436,13.311046586055514,14.47615723300455,13.852061686199313,0.9951685585358718,1.0875296047847651
2281,175,1962,174,44.45888715263911,7.415647173868953,12.690582686197368,10.843935542424964,0.8315034635965229,1.7113250386178138
2282,1865,176,177,22.818098113850425,6.015188294803386,9.347471568795841,7.656583169988089,0.8713681197125698,1.5539782149249202
2283,1962,176,1864,62.37310793523545,10.109955282372109,15.153103376300379,12.557262222211072,0.8895219656997879,1.4988299110206342
2284,181,1568,180,103.27514944145716,13.146291831946108,17.088363190266595,15.736613898931017,0.9502215439406441,1.2998618476383634
2285,1505,1861,1904,105.46368768863013,12.821860315430868,18.13739970948251,16.069074937642807,0.9239005944311292,1.414568499678201
2286,180,1568,179,48.00475813093608,7.999999999999984,13.146291831946108,11.144361683378797,0.8576458474882441,1.6432864789932669
2287,178,179,1568,42.99315089847529,7.55808439895952,12.286793218190297,10.5299119714616,0.8608036562429461,1.625649115519503
2288,176,1865,1864,42.7863233886736,9.347471568795841,10.458750630485946,9.972059160551298,0.991505751866261,1.1188855246588636
2289,168,1863,167,44.02179429223207,7.999999999999886,12.171338906556642,10.50927556449755,0.8941126617070495,1.5214173633196018
2290,339,1622,338,45.61058894667213,7.731491850440999,12.562023269556128,10.859200744005506,0.8575774083425963,1.6247864593997599
2291,422,423,1711,33.68789358477718,7.999999999999984,11.327311409103423,9.253336333534422,0.886029972030858,1.4159139261379308
2292,623,624,1817,47.56130436186688,7.699339079464286,13.08702509180892,11.198582091875158,0.8349951019008323,1.699759545168584
2293,1942,1748,1501,131.84105110490287,16.518047447372833,18.004506905606434,17.48824687896494,0.9940054066866525,1.0899900223055734
