  6836  1.278720E-03  1.278720E-03  1.536000E-03
     1 2.635733E-04 1.033916E-03 1.344874E-03  66	   -1	   66	   73	   80	  244	  322	  523	  531	  562	  678	  762	  870	  890	  931	 1004	 1072	 1230	 1245	 1246	 1381	 1508	 1667	 1689	 1691	 1749	 2213	 2321	 2517	 2549	 2852	 3042	 3051	 3125	 3507	 3588	 3592	 3653	 3664	 3676	 3710	 3802	 4229	 4254	 4348	 4362	 4633	 4804	 4834	 4907	 5113	 5160	 5458	 5550	 5564	 5624	 5638	 5679	 5784	 5873	 6156	 6322	 6362	 6383	 6450	 6463	 6496	    1	    0	  150	 3345	 2886	  215	 3173	 2988	  236	 2842	 2874	 3036	 1139	  231	  522	  572	 3164	  284	 3289	 3155	  409	 2980	 3244	10344	 2813	 3208	 3305	 3231	 3274	 3230	 1398	 3341	 3273	 2268	 1058	  739	  759	 3333	 3198	 2971	 2930	 3068	 3351	  440	 3035	 3183	  216	  740	 3156	 2989	 2962	10326	 3209	 3203	  805	 3323	 3243	 3197	 3204	 3224	 9888	  880	  609	 2833	 3326	 3024	  237	 3107
     2 6.267834E-04 1.108725E-03 2.893448E-04  81	    6	    9	   10	   11	   13	   15	   19	   22	   24	   34	   39	   47	   54	   89	   91	  128	  131	  133	  136	  163	  166	  170	  175	  231	  248	  295	  311	  332	  340	  420	  517	  596	  608	  613	  631	  797	  822	 1121	 1126	 1232	 1307	 1311	 1620	 1745	 1945	 1979	 2066	 2442	 2565	 2816	 2836	 2959	 2967	 3185	 3420	 3670	 3706	 3808	 4105	 4109	 4234	 4253	 4346	 4479	 4508	 4691	 4723	 4914	 5559	 5566	 5618	 5641	 5699	 5749	 5750	 5772	 5906	 5907	 6024	 6064	 6582	    0	    0	 3390	 3589	 3889	 6896	 3759	 3316	 5257	 3159	 4764	 5024	 5819	 5048	 3313	 2920	 3475	 3261	 3310	 3143	 3131	 3192	 7252	 3453	 3901	 3550	 7393	 7380	 2985	 3019	 3299	 7379	 3850	 5069	10198	 5719	 2928	 3699	 3009	 5475	 4841	 4314	 4474	 6604	 7304	 6419	 4548	 6670	 7628	 3132	 4341	 6953	 7038	 5405	 7079	10230	 5793	 3239	 3368	 7266	 5912	 2922	 4817	 4418	 3572	 5696	 3982	 6200	 6929	 4546	 3548	 4884	 3084	 3997	 3418	 3509	 3412	 5494	 6588	 2940	 4704	 5845	 5848
     3 1.277760E-03 1.191351E-03 5.141669E-04  19	    0	  384	  396	  398	 2448	 2674	 3164	 3538	 3590	 3703	 3940	 4606	 4614	 4671	 5542	 6470	 6543	 6763	 6801	    0	    1	 8985	 8612	 8188	 8185	 8666	 8101	 8039	 8074	10345	10532	 8168	 8389	 8399	 8111	 8088	 8836	 8127	 8604	10352
     4 4.145631E-04 1.037564E-03 8.615827E-04  23	    5	   38	   43	   70	  260	  957	  988	 1071	 1190	 1293	 1603	 1618	 1640	 2003	 2212	 2424	 2427	 2636	 2719	 3283	 5337	 5350	 6798	    0	    0	 2884	 3154	 3139	 3520	 3277	 3105	 2584	 3150	 2735	 3097	 2660	 3166	 3151	 3284	 2763	 2873	 2923	 3004	 3433	 2987	 3103	 3043	 3267
     5 5.161150E-04 9.968435E-04 7.801912E-04  15	    4	   42	   53	   65	   70	  260	  491	  565	  734	  780	 1146	 1924	 2069	 2468	 2487	    0	    0	 2884	 5407	 4650	 4050	 3500	 3259	 3335	 3700	 3951	 3336	 3424	 3456	 4154	 3519	 3328
     6 7.010887E-04 9.947610E-04 5.418974E-04  13	    2	   11	   13	   15	  146	  608	  797	 1979	 2836	 3185	 6447	 6490	 6582	    0	    0	 3390	 5137	 4266	 3582	 4933	 5913	 3814	 6799	 6976	 7040	 6440	10288	 5722
     7 1.222417E-03 6.468338E-05 1.285054E-03  16	    0	   75	  168	  169	  181	  192	  220	  306	  407	  421	  859	 2572	 3725	 6353	 6355	 6407	    0	    1	 9071	 8614	 8416	 8625	 8467	 8280	 8516	 8668	 8714	 8191	 8715	 8151	 8772	 8848	10916	 8812
     8 1.122510E-03 4.924109E-04 1.479937E-03  40	   32	   37	  196	  239	  256	  271	  298	  304	  544	  558	  920	 1153	 1270	 1393	 1408	 1748	 1764	 1794	 1853	 2015	 2239	 2307	 2715	 2718	 3112	 3212	 3308	 3831	 4225	 4412	 4574	 4798	 4888	 5263	 5633	 5974	 6465	 6584	 6607	 6707	    0	    0	 7731	 7795	 8009	 7721	 7843	 8757	 8343	 7684	 7622	 7551	 7859	 8507	11081	 8124	 8506	 8589	 8505	 8245	 7785	 7759	 8423	 7788	 8220	 7736	 8576	 8747	 8386	 7956	 8376	 8112	 9386	 8525	 8281	 8305	 8436	 7998	 7789	 7690	 7767	11067
     9 6.689597E-04 8.103300E-04 9.486662E-05   8	    2	   10	   14	   34	   54	  175	 4208	 4346	    0	    0	 3589	 3948	 4065	 4976	 3461	 3617	 3571	 3597
    10 7.610960E-04 7.826523E-04 9.268433E-05  13	    2	    9	   14	   34	   39	   47	  175	  381	 1074	 3180	 3627	 5616	 5751	    0	    0	 3889	 3948	 4083	 5375	 5103	 4744	 4793	 6058	 6007	 9811	 5430	 5520	 6420
    11 9.225320E-04 8.087595E-04 5.345658E-04  21	    2	    6	   13	   15	   19	  146	  153	  156	  166	  334	  608	 1036	 1710	 1946	 2630	 2836	 3185	 3328	 4632	 4732	 6536	    0	    0	 6896	 5137	 5214	 5183	 6954	 5215	 7457	 7708	 7438	 7219	 6839	 7119	 7318	 6495	 7645	10623	 7163	 6781	 7162	 7611	 7627
    12 3.013061E-04 2.471425E-04 2.466885E-04  31	   20	   68	   93	  184	  226	  241	  364	  391	  530	  727	 1028	 1137	 1418	 1582	 1980	 2107	 2130	 2594	 3092	 3119	 3207	 3314	 4245	 4377	 4763	 5612	 5719	 5877	 5939	 6016	 6046	    0	    0	 1585	 2805	 2027	 2324	 2042	 1766	 1592	 1292	 1751	 1561	 1769	 2993	 3058	 2032	 2110	 2327	 2927	 3063	 9294	 1840	 2866	 2766	 2630	 2015	 1272	 2835	 2965	 3072	 3010	 2802	 2418
    13 7.574406E-04 8.830508E-04 4.232250E-04  21	    2	    6	   11	   15	   19	   91	  128	  164	  608	  613	 1946	 3328	 3820	 3845	 3915	 3995	 4105	 4267	 4691	 4693	 5568	    0	    0	 3759	 4266	 5214	 3731	 6253	 3655	 3750	 5433	 5957	 6229	 6230	10603	 5524	 4475	 4316	 5406	10134	 6975	10178	 5592	 4978
    14 8.223046E-04 7.006305E-04 1.006812E-04   7	    9	   10	   27	   47	  381	  839	 5751	    0	    0	 4065	 4083	 6668	 4945	 9799	 6777	 9791
    15 6.577346E-04 7.726866E-04 4.979602E-04  12	    2	    6	   11	   13	   91	  131	 1553	 1723	 1917	 3570	 5593	 6446	    0	    0	 3316	 3582	 5183	 3731	 3525	 3381	 3485	 4423	 4613	 9665	 9638	 4034
    16 1.277760E-03 9.802617E-04 1.304406E-04  15	    0	   30	   46	  159	  430	  697	  719	  952	 1101	 1935	 2978	 4788	 5494	 5495	 5829	    0	    1	 8924	 8617	 8476	 8379	 8283	 8762	 8662	 8526	 8591	 8878	 8879	 8439	 8864	 8895	 8852
    17 1.191588E-03 1.083730E-04 8.191379E-04   9	    0	  253	  794	  899	  978	 1649	 2401	 3628	 5538	    0	    1	 9035	 8040	 8310	 7942	 8810	 8225	 8063	 8722	 8102
    18 5.709809E-04 1.235512E-03 1.056834E-03   9	   38	   43	   52	  106	  299	  370	  403	 1154	 1240	    0	    0	 3452	 3237	 5007	 4057	 4752	 3672	 4002	10325	 3375
    19 9.111825E-04 1.001650E-03 3.263519E-04  23	    2	   11	   13	   24	   34	   92	  156	  248	  420	  613	 1036	 1311	 1710	 2097	 2633	 2967	 3637	 3743	 3808	 4267	 4698	 4732	 6056	    0	    0	 5257	 6954	 6253	 6110	 6601	 7594	 7555	 7478	10296	 6009	 7250	10565	 7436	 7581	 7216	 7287	 7462	 7643	 7338	 6998	 7464	 7610	 7018
    20 2.890221E-04 3.239799E-04 1.874747E-04  15	   12	   57	   68	   93	  226	  391	  915	 1849	 3092	 3207	 4129	 4140	 4206	 4751	 5612	    0	    0	 1585	 2415	 2804	 1507	 2064	 1560	 2694	 1696	 1587	 2826	 1439	 1640	 1417	 2233	 2815
    21 3.319315E-04 1.045628E-03 4.537796E-04  40	   22	   51	  189	  278	  414	  429	  601	  800	  864	  997	 1140	 1747	 1893	 2187	 2264	 2378	 2437	 2503	 2678	 3144	 3635	 3665	 3748	 3799	 3807	 3848	 3938	 4066	 4487	 4495	 4568	 5264	 5701	 5740	 5790	 5811	 6015	 6423	 6506	 6559	    0	    0	 2638	 2292	 2104	 1989	 2437	 1774	 2670	 2074	 2149	 2970	 2785	 2860	 2907	 2960	 2102	 2897	 2851	 2033	 2829	 2791	 2935	 2347	10038	 2881	 1895	 1894	 2908	 2827	 2168	 2811	10525	 3014	 2820	10183	 2261	 2007	 2781	 2995	 2869	 2739
    22 3.602512E-04 1.118552E-03 4.628993E-04  15	    2	   21	   51	  388	  997	 1700	 2034	 2039	 2071	 3920	 4571	 5209	 5264	 5279	 6507	    0	    0	 3159	 2638	 2544	 2649	 2929	 2786	 2752	 2767	10303	 2807	10537	10676	 3021	 2899	 2952
    23 9.600000E-07 1.113055E-03 4.310400E-04  48	   -1	   58	   85	  176	  222	  272	  278	  350	  428	  429	  439	  469	  577	  699	  706	  782	  793	 1060	 1081	 1170	 1259	 1436	 1483	 1497	 1701	 2290	 2433	 2454	 2652	 2922	 3455	 3512	 3878	 4115	 4510	 4529	 4638	 4674	 4696	 4731	 5262	 5656	 5771	 6061	 6472	 6556	 6562	 6567	    1	    0	   70	  361	  465	  221	  415	  223	 1813	  848	  967	  950	  502	  419	  224	  428	  892	  706	 1016	 1070	 1595	  531	  405	  505	  294	 1256	  726	  504	 1284	 1255	 1190	 1384	  769	  626	  674	 1036	 1011	 1521	  820	 1522	 1171	10218	  362	10181	  934	  842	10632	  280	  859	 1034
    24 8.320045E-04 1.062095E-03 1.157350E-04  12	    2	   19	   34	   39	  175	  267	  415	  695	 1745	 2816	 5558	 5906	    0	    0	 4764	 6110	 5522	 5844	 5068	 7198	 6880	 6169	 6285	10202	 6421	 6492
    25 8.840512E-04 1.240761E-03 9.989500E-04   8	   28	   52	  230	  269	  299	  555	 1677	 5521	    0	    0	 6149	 5529	 7184	 7021	 5457	 7320	 7367	 7602
    26 9.476109E-05 1.239886E-03 8.172077E-04  12	   -1	   81	   86	  149	  178	  292	 2271	 5527	 6730	 6735	 6811	 6813	    1	    0	  132	  210	 1432	 1745	  247	 1907	  545	 1972	  919	  702	 1037	 1038
    27 9.211591E-04 7.084109E-04 1.002934E-04  19	   14	   34	   47	   67	  262	  381	  400	  617	  839	  922	 1157	 1334	 2691	 2704	 3435	 3633	 3680	 3714	 4820	    0	    0	 6668	 7199	 6822	 7509	 7316	 6821	 7389	 9847	 7115	 7706	 7335	 7541	 7698	 7552	 7272	 9910	 7450	 7819	 7566
    28 8.706985E-04 1.170502E-03 9.154570E-04  10	   25	   42	   52	   53	  109	  202	  269	 1481	 2366	 5654	    0	    0	 6149	 5918	 5498	 5497	 6542	 5991	 7254	 7229	10350	 5896
    29 1.277760E-03 5.945834E-04 7.458861E-05  18	    0	   35	   49	  346	  483	  736	  757	  979	 1761	 1947	 2575	 2793	 2850	 4829	 5007	 5535	 5768	 5827	    0	    1	 8919	 8272	 8862	 8510	 8702	 8740	 8728	 8911	 8494	 8472	 8876	 8842	 8473	 8652	 8851	 9583	 8701	 8877
    30 1.277760E-03 8.381206E-04 4.148429E-05  11	    0	   16	   49	  159	  719	  952	 1448	 3547	 3641	 5769	 5840	    0	    1	 8923	 8617	 8790	 8548	10380	 8661	 8511	 9919	 8628	 8577	 8748
    31 9.761631E-04 1.235238E-03 1.458242E-03   3	   55	   74	 1756	    0	    0	 6879	 7949	 7745
    32 1.064495E-03 3.650951E-04 1.405459E-03  11	    8	   36	   37	   50	 1567	 2040	 2825	 2896	 5685	 6573	 6753	    0	    0	 7731	 7817	 7621	 7842	 8109	 7629	11072	 7768	 8081	 8031	 9304
    33 6.742414E-04 1.245281E-03 7.731420E-04   6	   45	   56	   64	 1625	 2870	 4176	    0	    0	 3518	 3510	 3682	 5072	 5697	 4399
    34 8.131819E-04 8.716608E-04 1.536192E-04  13	    2	    9	   10	   19	   24	   27	   39	  262	  267	  415	 1157	 3447	 4747	    0	    0	 5024	 4976	 5375	 6601	 5522	 7199	 5521	 7056	 6973	 6561	 7076	 7432	 7016
    35 1.221839E-03 6.560770E-04 6.091984E-05  18	   29	   49	  341	  346	  376	  726	 1024	 2850	 3015	 3029	 3360	 4259	 4551	 4783	 4806	 5796	 5809	 6067	    0	    0	 8272	 8509	 8200	 8344	 8236	 8251	 8440	 8495	 8406	 8154	 8686	 8246	 8143	 8630	 8186	 8165	 8252	 8474
    36 1.070332E-03 2.736000E-04 1.367516E-03  18	   32	   50	   75	  256	  339	  485	 1046	 1211	 1452	 1859	 2152	 2311	 2825	 4441	 4484	 5172	 6314	 6753	    0	    0	 7817	 7816	 8017	 7955	 7349	 7869	 9252	 8263	11074	 7825	 7520	 8333	 8067	 7766	 8068	 8176	 7348	 8089
    37 1.024227E-03 4.218185E-04 1.359098E-03  17	    8	   32	   50	  514	  920	 1234	 1399	 2018	 2038	 2040	 2193	 2654	 3278	 4412	 4426	 6126	 6263	    0	    0	 7795	 7621	 7743	 7329	 7991	 7473	 7294	 7373	 7688	 9354	 7757	 7730	 7894	 8007	 7670	 7505	11062
    38 5.491008E-04 1.149601E-03 9.690868E-04   7	    4	   18	   43	   70	  370	  403	 1154	    0	    0	 3154	 3452	 3162	 3544	 3671	 3684	 3600
    39 8.363329E-04 9.397001E-04 6.929347E-05  18	    2	   10	   24	   34	  175	  267	  381	  415	  486	  629	  695	 1334	 1517	 2764	 3180	 3530	 5616	 5777	    0	    0	 5819	 5103	 5844	 5521	 5023	 7094	 6125	 6560	 6368	 7156	 6080	 7036	 6038	10363	 6559	 6727	 5646	 6521
    40 1.277760E-03 2.698528E-04 8.033979E-04   4	    0	   98	  238	  794	    0	    1	 9024	 8656	 8592	 8462
    41 9.527983E-04 9.736806E-04 1.218721E-03  39	   78	  198	  219	  236	  259	  263	  283	  309	  318	  320	  368	  380	  392	  445	  511	  976	 1006	 1231	 1471	 1511	 1861	 1908	 2054	 2215	 2354	 2527	 2840	 3066	 3382	 3571	 4397	 4423	 5095	 5099	 5128	 5141	 6090	 6365	 6378	    0	    0	 7087	 6898	 6787	 7167	 7413	 5925	 7235	 6849	 6410	 7572	 6706	 7682	 7487	 6507	 7482	10039	 6710	 7529	 6266	 6846	 7132	 6409	10203	10156	10150	 5881	10995	 7530	 7205	10106	 6965	 6571	 5883	 7439	10146	10206	 6139	 7023	 7170
    42 8.170449E-04 1.080428E-03 8.517183E-04   8	    5	   28	   53	  109	  202	  934	 1635	 3091	    0	    0	 5407	 5918	 5378	 6422	 6010	 6082	10228	 5723
    43 5.193600E-04 1.218090E-03 9.967561E-04   3	    4	   18	   38	    0	    0	 3139	 3237	 3162
    44 7.227097E-04 5.801263E-04 1.120110E-03  51	   76	   82	  191	  258	  274	  324	  401	  508	  524	  559	  622	  654	  720	  775	  971	 1092	 1356	 1363	 1427	 1447	 1703	 1774	 1788	 1824	 1905	 1927	 2050	 2253	 2653	 2667	 2726	 2774	 2776	 2828	 2997	 3104	 3302	 4123	 4192	 4988	 4996	 5093	 5094	 5163	 5690	 6087	 6101	 6107	 6129	 6147	 6244	    0	    0	 4909	 3538	 6301	 4575	 6019	 3631	 3690	10926	 5882	 5118	 4242	 3675	10896	 4281	10906	10845	 4660	 3783	 3956	10870	 5576	 4409	 4055	 4557	 4658	10850	 3634	 5389	 4303	 5011	10917	 9473	 4778	 4938	10892	 9591	 3767	 3673	10891	 5707	 5275	 3586	 5242	 4387	 6067	 4223	 5056	 3938	 4125	 9439	 5164
    45 6.091102E-04 1.247632E-03 8.258548E-04   3	   33	   56	 3133	    0	    0	 3518	 3337	 3493
    46 1.277760E-03 7.951654E-04 2.051337E-04  18	    0	   16	   83	  159	  376	  405	  624	  659	  719	 1101	 1719	 2382	 2493	 2978	 4112	 5478	 5494	 5495	    0	    1	 8941	 8476	 8590	 8482	 8483	 8381	 8891	 8672	 8843	 8580	 8853	 8579	 8599	 8863	 8704	 9743	 8889	 9884
    47 8.034907E-04 6.866791E-04 2.330723E-04  11	    2	   10	   14	   27	   67	  164	  542	  571	  596	 1819	 2649	    0	    0	 5048	 4744	 4945	 6822	 7510	 5431	 7366	 7160	 5317	 7434	 7161
    48 5.672981E-04 6.197405E-04 9.540013E-04  27	   60	   61	   62	   72	   79	   90	  197	  208	  252	  268	  401	  452	  597	  686	  883	 1011	 1642	 2428	 3243	 3272	 3381	 3959	 5024	 5385	 6243	 6257	 6258	    0	    0	 3853	 3426	 3268	 3290	 3543	 3502	 3815	 3379	 3732	 3501	 9673	 3906	 3503	 4067	 3761	 3645	 3623	 3653	10753	 4103	 3552	 9539	 3742	 4184	 3534	10798	 9662
    49 1.277760E-03 6.941634E-04 5.496962E-05  12	    0	   29	   30	   35	  341	  376	 1034	 1187	 1719	 2210	 5535	 5840	    0	    1	 8922	 8862	 8790	 8509	 9752	 8729	 8618	 8803	 8759	 8832	 9627	 8739
    50 1.099198E-03 3.346862E-04 1.298542E-03   9	   32	   36	   37	 1349	 1459	 2825	 3612	 4399	 5172	    0	    0	 7842	 7816	 7743	 8192	 8231	11057	 7880	11039	 8140
    51 2.775315E-04 1.104966E-03 5.030592E-04  15	   21	   22	  189	  204	  278	  590	  800	 1140	 1484	 1564	 1700	 3920	 5289	 5688	 6605	    0	    0	 2292	 2544	 2134	 2278	 2170	 2035	 2105	 2572	 2135	 2354	 2691	 2769	 2728	 2632	 2555
    52 7.883822E-04 1.202663E-03 9.423989E-04   5	   18	   25	   28	   53	 1338	    0	    0	 5007	 5529	 5498	 5074	 4935
    53 7.605612E-04 1.122890E-03 8.533202E-04   7	    5	   28	   42	   52	   70	 1289	 5229	    0	    0	 4650	 5497	 5378	 5074	 4317	 4819	 4843
    54 5.314197E-04 8.649103E-04 1.003180E-04  12	    2	    9	  136	  247	  348	  867	 1846	 2610	 3475	 3706	 3850	 5782	    0	    0	 3313	 3461	 3080	 3046	 3134	 9777	 3135	 3104	 3091	 3367	 3254	 3157
    55 8.531116E-04 1.250234E-03 1.505398E-03   2	   31	 2560	    0	    0	 6879	 7333
    56 5.635461E-04 1.250514E-03 7.142630E-04   5	   33	   45	   64	  254	 1150	    0	    0	 3510	 3337	 3644	 3532	10691
    57 3.254140E-04 3.945979E-04 1.622300E-04  10	   20	   68	  416	 1109	 1807	 2523	 3083	 3630	 4903	 5731	    0	    0	 2415	 2849	 2654	 3000	 2857	10397	 2951	 2917	 2389	 9316
    58 9.652061E-05 1.138942E-03 5.791981E-04  26	   23	  204	  350	  469	  499	  590	 1413	 1436	 1483	 2093	 2290	 2433	 2612	 3458	 3640	 4115	 5203	 5262	 5330	 5335	 5589	 6424	 6475	 6495	 6742	 6749	    0	    0	  361	 1480	  915	  727	  519	 1287	  957	  687	  339	 1301	  596	 1053	 1285	 1052	 1115	 1089	  628	  421	  993	 1349	10682	 1132	 1460	 1459	 1263	 1395
    59 7.619740E-04 4.684608E-04 9.926592E-04  25	   60	  102	  115	  174	  191	  205	  229	  261	  274	  326	  402	  479	  538	  579	  622	  801	 1092	 1703	 1777	 1890	 2266	 3225	 3280	 3669	 3897	    0	    0	 4675	 4403	 5765	 4404	 6407	 5138	 6387	 6013	 5901	 5629	 5652	 5897	 5295	 5157	 4771	 4907	 4936	 5923	 5162	 4597	 4525	 9485	 6011	 5649	 4801
    60 6.635187E-04 5.383741E-04 8.573718E-04  17	   48	   59	   79	  115	  174	  268	  308	  452	  538	  579	 1406	 3478	 3517	 4305	 5385	 5575	 6776	    0	    0	 3853	 4675	 3628	 3904	 3905	 3609	 4377	 4051	 4522	 4497	 4439	 4676	 4155	 4441	 9510	 4427	 4844
    61 5.348071E-04 7.414670E-04 1.162469E-03  19	   48	   62	   63	   71	   72	   82	   97	  129	  154	  290	  401	  508	 1212	 1363	 2751	 3662	 3892	 5159	 6157	    0	    0	 3426	 3271	 3288	 3321	 3505	 3449	 3339	 3325	 3291	 3506	 3445	 3666	 3527	 3605	 3523	 3585	 3536	 9684	 3576
    62 5.230167E-04 6.378670E-04 1.091794E-03  17	   48	   61	   63	   72	   82	  154	  157	  180	  208	  324	  401	  597	 1176	 1865	 2050	 6152	 6243	    0	    0	 3268	 3271	 3287	 3286	 3320	 3272	 3357	 3297	 3382	 3447	 3384	 3383	 3406	 3465	 9635	 3466	 3513
    63 5.732149E-04 7.933622E-04 1.053601E-03  15	   61	   62	   72	   90	  105	  129	  155	  401	  742	 1173	 1212	 2340	 3941	 5022	 5659	    0	    0	 3288	 3287	 3304	 3463	 3443	 3338	 3533	 3444	 3722	 3830	 3514	10836	 3780	 3873	 3925
    64 6.991314E-04 1.252749E-03 6.604608E-04   3	   33	   56	  254	    0	    0	 3682	 3644	 3903
    65 7.298842E-04 9.698096E-04 7.637489E-04   4	    5	 1779	 5225	 6719	    0	    0	 4050	 5648	 5451	 5263
    66 5.771679E-04 9.727262E-04 1.292812E-03  18	    1	   71	   84	   96	  103	  118	  145	  224	  227	  296	  481	  611	 1007	 1111	 2218	 2252	 3160	 3300	    0	    0	 3345	 3400	 3393	 3467	 3411	 3469	 3434	 4080	 3748	 3756	 3790	 3822	 3667	 3739	 3810	 3788	 3676	 3696
    67 1.041851E-03 8.296648E-04 1.948787E-04  13	   27	   47	   92	  262	  542	  922	 1263	 1819	 2532	 2608	 2890	 3714	 5914	    0	    0	 7509	 7510	 7739	 7433	 7713	 7790	 7812	 7553	10473	 9917	 7773	 7861	10481
    68 4.019659E-04 3.423675E-04 2.082566E-04  10	   12	   20	   57	  557	  973	 1418	 1807	 2594	 2921	 5939	    0	    0	 2805	 2804	 2849	 3121	 3127	 3070	 2858	 3083	 2902	 2994
    69 9.600000E-07 1.245889E-03 5.968605E-04   4	   -1	   81	   86	 5203	    1	    0	  121	  225	  714	  394
    70 6.227306E-04 1.098829E-03 8.897180E-04   5	    4	    5	   38	   53	 3133	    0	    0	 3520	 3500	 3544	 4317	10329
    71 5.660065E-04 8.020492E-04 1.249446E-03  27	   61	   66	   84	   97	  103	  120	  129	  154	  213	  481	  628	  806	 1486	 1492	 1514	 1897	 2143	 2288	 2302	 2439	 3265	 3527	 3662	 4432	 6315	 6351	 6404	    0	    0	 3321	 3400	 3362	 3340	 3429	 3436	 3344	 3363	 3562	 3678	 3606	 3725	 3944	 3915	 3587	 3848	11020	 3736	 4147	 9825	 3881	 3821	 9808	 4060	 9862	 3692	 3615
    72 5.579050E-04 7.245824E-04 1.009316E-03  10	   48	   61	   62	   63	   90	  401	 2340	 4047	 6110	 6258	    0	    0	 3290	 3505	 3286	 3304	 3442	 3558	 9756	 3556	10852	 9670
    73 3.801792E-04 1.162401E-03 1.426579E-03   5	    1	  678	 3653	 3676	 6764	    0	    0	 2886	 3037	 3077	 2944	 3088
    74 1.169945E-03 1.254448E-03 1.496571E-03   1	   31	    0	    0	 7949
    75 1.187553E-03 1.703640E-04 1.403126E-03   8	    0	    7	   36	  570	  576	  589	 2459	 2777	    0	    1	 9109	 8614	 8017	 8651	 8840	 8458	 8219	11091
    76 7.649946E-04 6.475436E-04 1.053295E-03  18	   44	   88	  252	  258	  536	  801	  986	 1426	 1774	 1927	 2094	 3230	 3994	 3997	 4127	 4954	 6220	 6221	    0	    0	 4909	 5139	 4616	 4600	 4709	 4803	 9614	 5731	 4731	 5355	10796	 9562	 4802	 4596	 5053	 6015	 9587	10791
    77 1.181949E-03 2.947212E-04 1.508141E-04   7	    0	  162	  190	  282	  882	 1253	 4913	    0	    1	 8954	 8255	 7951	 8804	 9268	 8793	10419
    78 8.149977E-04 1.164440E-03 1.139484E-03   9	   41	   87	  108	  130	  198	  283	  309	  503	  520	    0	    0	 7087	 5555	 5552	 5416	 6211	 6983	 6550	 5578	10308
    79 6.356249E-04 6.247839E-04 8.458431E-04  11	   48	   60	  115	  197	  252	  395	  452	  686	 2262	 2710	 3517	    0	    0	 3543	 3628	 3921	 3741	 4135	 4347	 4214	 4121	 3968	10717	 4156
    80 3.454080E-05 1.088659E-03 1.322861E-03   3	   -1	    1	  890	    1	    0	  170	  215	  461
    81 6.855910E-05 1.152921E-03 7.114011E-04   6	   -1	   26	   69	   86	 2271	 5203	    1	    0	  128	  210	  225	  701	  363	  395
    82 5.715867E-04 6.105408E-04 1.225798E-03  14	   44	   61	   62	   97	  113	  119	  154	  180	  182	  324	  508	  654	  921	 5093	    0	    0	 3538	 3449	 3320	 3358	 3470	 3399	 3317	 3350	 3489	 3446	 3637	 3569	 3638	10918
    83 1.277760E-03 6.832417E-04 1.833600E-04  10	    0	   46	  376	  659	  736	 1024	 1187	 2210	 4950	 6068	    0	    1	 8949	 8590	 8512	 8819	 9584	 8596	 8792	10400	 8854	 8816
    84 5.711978E-04 9.318217E-04 1.249841E-03   6	   66	   71	  145	  390	  502	 3160	    0	    0	 3393	 3362	 3392	 3577	 3664	 3694
    85 9.307184E-05 1.149509E-03 3.125609E-04  36	   23	  176	  218	  272	  428	  439	  636	  737	  782	 1170	 1365	 2012	 2033	 2255	 2431	 2652	 2660	 3349	 3625	 4297	 4392	 4494	 4497	 4570	 4859	 5691	 5706	 5739	 5741	 5746	 5747	 5946	 6009	 6027	 6029	 6061	    0	    0	  465	  435	  986	  563	  999	  592	 1445	 1569	10342	  694	 1516	 1490	 1360	 1338	 1110	 1254	10341	 1084	 1382	 1207	 1448	  623	 1424	 1491	10489	  672	 1279	  987	10215	  748	 1340	  814	 1447	 1168	 1358	10336
    86 1.640363E-04 1.255387E-03 7.072200E-04   5	   26	   69	   81	  149	  330	    0	    0	 1432	  714	  701	 1950	 1836
    87 8.285081E-04 1.174107E-03 1.194120E-03  12	   78	  118	  130	  309	  520	  533	  564	  949	 1218	 2578	 3728	 6343	    0	    0	 5555	 5122	 4965	 6348	 6219	 5865	 5144	 5363	 5758	10973	 6215	 5486
    88 8.077021E-04 6.839582E-04 1.074242E-03  27	   76	  246	  255	  258	  471	  473	  664	  718	  829	  958	  998	 1098	 1107	 1783	 2100	 2114	 2684	 3002	 3891	 4975	 5060	 5068	 5140	 5149	 5556	 6117	 6155	    0	    0	 5139	 5633	 5853	 5081	 6475	 5654	 6267	 6063	 5939	10881	 5655	 6501	 5653	 6568	 9634	 9703	10888	 9712	 9704	 5274	 5704	 6205	 5390	 5941	 6445	 6213	 5735
    89 4.328154E-04 9.687522E-04 1.833904E-04   6	    2	   95	  136	  247	  631	 5907	    0	    0	 2920	 2967	 3082	 2983	 2958	 2921
    90 6.017013E-04 7.662700E-04 9.758389E-04  15	   48	   63	   72	  155	  197	  212	  240	  252	  686	  742	 1009	 2057	 5072	 5659	 6690	    0	    0	 3502	 3463	 3442	 3713	 3840	 3621	 4035	 3685	 4012	 3715	 3924	 4036	 3704	 9859	 4351
    91 5.863061E-04 7.500499E-04 3.859008E-04   7	    2	   13	   15	  128	  131	 2410	 2631	    0	    0	 3475	 3655	 3525	 3441	 3403	 3440	 9700
    92 1.028253E-03 8.829875E-04 1.709250E-04   7	   19	   67	  267	  297	  922	 1647	 3714	    0	    0	 7594	 7739	 7608	 7651	 7693	 7844	10384
    93 1.422547E-04 3.143007E-04 1.025442E-04  11	   12	   20	  201	  225	  226	  391	  457	  851	 4129	 4377	 5984	    0	    0	 2027	 1507	  786	 1328	 1839	 1615	  774	 1121	 1353	 1781	 1141
    94 6.807752E-04 7.103808E-04 1.379609E-03  14	   97	  104	  107	  113	  120	  143	  628	 1193	 1872	 2052	 2486	 2533	 3159	 4408	    0	    0	 3539	 4700	 4260	 3811	 3563	 4791	 3718	 4079	 4177	 9738	 4472	 4516	 4128	 4927
    95 4.097259E-04 9.320861E-04 1.451091E-04   4	   89	  136	  247	  631	    0	    0	 2967	 2984	 2973	 2978
    96 6.094733E-04 1.049278E-03 1.296893E-03  19	   66	  118	  224	  227	  595	  903	 1007	 1111	 2673	 2998	 3300	 3611	 4327	 4416	 4424	 4434	 4453	 4458	 4461	    0	    0	 3467	 3515	 3945	 3824	 3747	 3726	 3677	 3772	 4336	 3898	 3837	 4369	 4585	 4032	10291	 4436	 4203	 4414	10211
    97 5.769851E-04 7.090117E-04 1.285088E-03  13	   61	   71	   82	   94	  113	  120	  154	  628	  921	 3626	 4330	 4415	 6409	    0	    0	 3339	 3340	 3358	 3539	 3471	 3484	 3359	 3596	 3639	 3806	 3791	 3847	 3665
    98 1.277760E-03 3.310692E-04 6.440561E-04   3	    0	   40	  238	    0	    1	 9023	 8656	 8531
    99 1.060794E-03 4.896000E-05 3.869046E-04   2	  127	 2225	    0	    0	 7830	 7700
   100 8.611123E-04 4.217438E-04 6.421943E-04   6	  139	  187	  378	  715	  996	 6722	    0	    0	 6605	 5959	 6955	 6319	 5799	 6840
   101 8.611876E-04 8.697408E-04 9.579449E-04  14	  117	  135	  199	  206	  207	 1437	 3804	 3874	 5018	 5029	 5076	 5369	 6187	 6680	    0	    0	 5627	 6232	 5651	 5825	 6625	 5595	10764	 6112	10769	 6471	 6544	 6500	 9871	 6294
   102 6.334943E-04 4.444352E-04 1.039869E-03   7	   59	  132	  174	  205	  270	  462	 3062	    0	    0	 4403	 3599	 3658	 4005	 3752	10846	 9418
   103 5.906405E-04 9.170658E-04 1.351938E-03  10	   66	   71	  120	  134	  167	  296	  481	 2288	 3829	 5161	    0	    0	 3411	 3429	 3417	 3540	 3679	 3711	 3710	 3616	 3980	 9946
   104 7.840296E-04 7.118122E-04 1.400434E-03  13	   94	  107	  143	  228	  250	  357	  449	  451	  535	 1203	 1626	 4445	 6341	    0	    0	 4700	 4839	 5134	 6076	 5789	 6034	 5713	 5691	 6106	 6164	 5586	 6075	 5401
   105 5.924538E-04 8.678592E-04 1.085726E-03  10	   63	  121	  129	  155	  172	  213	  221	  494	 4044	 5058	    0	    0	 3443	 3458	 3427	 3557	 3574	 3594	 3843	 3765	 3706	 3973
   106 6.560282E-04 1.257852E-03 1.180004E-03   6	   18	  418	  914	 1240	 1767	 1769	    0	    0	 4057	 3930	10348	 3448	 4532	 3482
   107 7.305684E-04 6.365400E-04 1.354780E-03  11	   94	  104	  113	  265	  397	  449	  451	 1067	 1163	 1953	 4408	    0	    0	 4260	 4839	 4371	 4566	 5315	 5205	 5690	 9605	 5017	 4900	 4996
   108 7.573731E-04 1.101974E-03 1.028311E-03  21	   78	  130	  137	  165	  172	  198	  206	  219	  313	  371	  425	  501	 1116	 2383	 3134	 3867	 4108	 4972	 5147	 6236	 6250	    0	    0	 5552	 4956	 4429	 4237	 4138	 6342	 6262	 6502	 5234	 5054	 6046	 4682	 5937	 4656	10245	10253	 4528	10828	 6503	 5458	10252
   109 9.066739E-04 1.084147E-03 8.755008E-04   2	   28	   42	    0	    0	 6542	 6422
   110 2.389837E-04 1.007111E-03 2.133575E-04  41	  140	  218	  360	  568	  636	  923	  946	 1094	 1284	 1606	 1679	 1757	 2072	 2083	 2162	 2373	 3057	 3254	 3371	 3383	 3773	 3813	 3961	 4153	 4190	 4285	 4291	 4839	 4870	 4878	 4891	 5720	 5855	 5869	 5890	 5920	 5949	 5954	 6028	 6048	 6059	    0	    0	 2113	 1276	 2435	 1512	 1700	 1333	 1864	 1911	 2469	 2631	 1722	10188	 1620	 1335	 1939	 2111	 1619	 2484	 2098	 1841	 2566	 2002	10067	 2376	10499	 1618	 2030	 1753	 2083	 2182	 1885	 2516	 2099	 1418	 1913	 2620	 2160	 1937	10514	 2629	10159
   111 4.243008E-04 3.302208E-04 1.515822E-03  12	  338	  760	 1043	 1052	 1593	 1650	 2725	 2869	 2947	 4339	 4915	 4921	    0	    0	 3089	 2925	 2844	 3253	 3169	 9344	 2845	 3180	 3216	 9361	11099	 2931
   112 7.228800E-04 7.552935E-04 1.247392E-03  33	  223	  228	  246	  389	  437	  449	  465	  507	  708	  873	  971	 1089	 1171	 1205	 1486	 1639	 1841	 2052	 2141	 2151	 2302	 2486	 2832	 3117	 3769	 3886	 3982	 4238	 4432	 4444	 4451	 6376	 6402	    0	    0	 4915	 5364	 4434	 4283	 9705	 5367	 9909	 4920	 4921	 5611	 9737	11018	 4633	 4113	 4116	 5040	 4634	 4310	 5286	 5089	 4451	 9730	 4788	 4785	 4364	 9783	 4564	 4990	 4307	 4877	 4492	 4718	 4199
   113 6.285443E-04 6.363309E-04 1.310218E-03  18	   82	   94	   97	  107	  182	  264	  265	  508	  921	 1193	 1258	 1465	 1872	 3275	 4405	 4415	 6296	 6334	    0	    0	 3470	 3811	 3471	 4371	 3695	 4030	 4078	 3883	 3771	 4029	 4391	 4045	 4232	 4333	 9663	 9690	 4230	 4204
   114 3.963494E-04 4.128293E-05 4.557872E-04   4	  123	  293	  444	 2698	    0	    0	 2821	 3048	 2898	 3064
   115 7.005390E-04 5.926755E-04 8.129971E-04  11	   59	   60	   79	  197	  235	  395	  411	 3156	 3428	 3517	 6776	    0	    0	 5765	 3904	 3921	 3984	 5027	 4592	 5917	 4865	 9574	 9547	10712
   116 4.406867E-04 7.590534E-05 9.769589E-04  14	  144	  372	  788	  943	 1906	 2420	 2558	 2880	 3718	 3796	 3957	 5019	 5450	 6224	    0	    0	 3153	 3114	 2954	 3250	 3051	 3172	 9137	 3050	 3049	 3229	 3185	 3178	 3054	 3270
   117 7.659971E-04 9.352446E-04 9.303217E-04  12	  101	  137	  148	  206	  328	  501	  539	 1437	 3130	 4092	 5373	 5584	    0	    0	 5627	 4748	 4767	 5747	 4500	10109	 5267	 5265	 4890	10029	 5266	10784
   118 6.140633E-04 1.062747E-03 1.209362E-03  28	   66	   87	   96	  121	  130	  145	  277	  319	  375	  448	  502	  564	  691	  700	  903	  917	  949	  963	 1007	 1202	 1739	 1753	 2203	 3248	 4453	 5090	 6356	 6388	    0	    0	 3469	 5122	 3515	 3537	 4832	 3468	10989	 3735	 4110	 3976	 3804	 4989	 4858	 4918	 3745	 3819	 5128	 4735	 3717	 4412	 4174	10954	 4916	10282	10250	 4562	 4095	 4144
   119 5.825528E-04 4.882951E-04 1.168618E-03  10	   82	  132	  180	  182	  324	  367	  462	  654	 1684	 2126	    0	    0	 3399	 3407	 3361	 3476	 3603	 3595	 9445	 9501	 3782	 9478
   120 6.622629E-04 7.878505E-04 1.397300E-03  10	   71	   94	   97	  103	  134	  143	 1089	 1942	 2143	 2439	    0	    0	 3436	 3563	 3484	 3417	 3564	 4701	 4130	 4289	 3964	11043
   121 6.057830E-04 9.978516E-04 1.147767E-03  17	  105	  118	  145	  165	  172	  319	  390	  463	  482	  494	  502	  990	 2051	 3168	 3438	 5168	 6374	    0	    0	 3458	 3537	 3460	 4326	 3568	 3708	 3635	 4431	 4559	 3766	10139	 4385	 3986	 3910	 4225	 3927	 3912
   122 1.153939E-03 2.236793E-04 3.184346E-04  15	  214	  243	  572	  814	 1047	 1177	 1458	 1472	 1659	 2367	 2534	 3238	 3259	 3542	 4862	    0	    0	 8070	 8037	 8357	 8427	 8485	 9222	 8294	 8299	 9229	 8132	10483	 8407	 8478	 8308	 9245
   123 3.645816E-04 3.183060E-05 4.147392E-04   2	  114	  615	    0	    0	 2821	 2708
   124 9.613078E-04 8.064192E-04 1.085123E-03  21	  135	  207	  234	  285	  336	  380	  387	  409	  441	  640	  658	  680	  718	  830	  853	 1330	 1372	 1404	 3826	 5020	 6177	    0	    0	 6882	 6804	 7041	 6732	 7340	 7560	 6827	 7143	 7122	 7545	 6752	 7368	 6323	 6296	 7182	 7004	 6917	 6805	 6592	 6675	 6258
   125 1.004481E-03 4.484859E-05 1.444237E-04  22	  662	  739	 1029	 1241	 1302	 1304	 1342	 1682	 2011	 2369	 2574	 2918	 2993	 2996	 3038	 3888	 4373	 4811	 5681	 5816	 5917	 6081	    0	    0	 7833	 7762	 7715	 7853	 7837	 7884	 7678	 7801	 9184	 7760	 7822	10373	 7677	 9208	 7832	 7771	 7753	 7845	 7716	 7737	 7722	 7791
   126 9.801613E-04 5.250052E-04 3.965361E-04   7	  203	  731	  756	  905	 1453	 1796	 1836	    0	    0	 7644	 7717	 7876	 7568	 6974	 7394	 7679
   127 1.084482E-03 1.296290E-04 3.985870E-04   5	   99	  243	  393	  657	 1952	    0	    0	 7830	 7897	 8214	 8161	 8048
   128 5.667199E-04 8.269134E-04 3.142260E-04   6	    2	   13	   91	  133	  311	 2442	    0	    0	 3261	 3750	 3441	 3219	 3240	 3258
   129 5.577619E-04 8.361246E-04 1.153602E-03   7	   61	   63	   71	  105	  213	  290	 6163	    0	    0	 3325	 3338	 3344	 3427	 3547	 3529	 3654
   130 7.587823E-04 1.181362E-03 1.137630E-03  10	   78	   87	  108	  118	  165	  375	  503	  963	 6109	 6343	    0	    0	 5416	 4965	 4956	 4832	 4602	 4628	 4852	10305	 4713	10310
   131 5.388774E-04 7.464714E-04 4.123607E-04   6	    2	   15	   91	  133	 1553	 4519	    0	    0	 3310	 3381	 3403	 3241	 3422	 9710
   132 5.789637E-04 4.674702E-04 1.053185E-03  10	  102	  119	  157	  180	  205	  208	  270	  367	  462	 2126	    0	    0	 3599	 3407	 3349	 3374	 4039	 3373	 3512	 3691	 3723	 3528
   133 5.004504E-04 7.685112E-04 3.690480E-04   5	    2	  128	  131	 2410	 2442	    0	    0	 3143	 3219	 3241	 3293	 3170
   134 6.613799E-04 8.699981E-04 1.416174E-03  11	  103	  120	  150	  167	  296	 1020	 1108	 2515	 4158	 4965	 5161	    0	    0	 3540	 3564	 4541	 3697	10003	 4178	 4454	 4011	 3774	 4312	 3864
   135 8.722477E-04 8.227252E-04 9.379808E-04  14	  101	  124	  199	  207	  251	  266	  387	 2415	 3826	 5343	 5369	 5384	 6616	 6633	    0	    0	 6232	 6882	 5919	 6751	 6060	 6496	 6696	 6131	 6499	 5898	 6443	 6469	 6083	 6061
   136 4.289527E-04 8.666162E-04 1.487620E-04   6	    2	   54	   89	   95	  311	  631	    0	    0	 3131	 3080	 3082	 2984	 3137	 9964
   137 7.352653E-04 1.005322E-03 9.566705E-04   8	  108	  117	  151	  172	  206	  313	  328	  501	    0	    0	 4429	 4748	10140	 4001	 5673	 5217	 4481	 5453
   138 8.991984E-04 9.186867E-04 1.473629E-03  15	  150	  276	  351	  363	  461	  489	  498	  632	 1385	 1531	 2059	 2355	 3864	 4336	 6598	    0	    0	 5970	 6714	 6334	 6418	 7209	 6123	 6283	 6621	 7175	 7430	 6317	 6107	 6794	10031	 6108
   139 9.375243E-04 4.398693E-04 5.763472E-04   7	  100	  378	  618	  715	  812	  815	 1796	    0	    0	 6605	 7201	 7499	 6563	 7019	 7558	 7458
   140 2.635825E-04 1.073963E-03 2.245035E-04  13	  110	  360	  636	  944	 1056	 1708	 1797	 2167	 3885	 4107	 4878	 5919	 6044	    0	    0	 2113	 2205	 2328	 2343	 2114	 2158	10316	 1956	 2112	 2143	 2325	 2308	 2309
   141 9.447738E-04 2.113920E-05 9.130679E-04   2	  152	 3039	    0	    0	 7253	 7290
   142 2.820025E-04 1.176158E-03 3.082285E-04  11	  179	  360	  388	  669	  737	  842	 1341	 1396	 1619	 2304	 4194	    0	    0	 2050	 2445	 2447	10340	 2236	 2502	 2166	 2185	 2213	 2016	 2419
   143 7.718592E-04 7.910592E-04 1.441536E-03  11	   94	  104	  120	  150	  250	  357	 1124	 1732	 4131	 6108	 6684	    0	    0	 4791	 5134	 4701	 5022	 5692	 5893	 5043	 6316	 9865	 5516	 5618
   144 4.880171E-04 1.199702E-04 1.002868E-03   9	  116	  943	 1906	 2420	 2880	 3796	 3981	 5071	 5450	    0	    0	 3153	 3205	 3161	 3201	 3102	 3264	 9221	 9224	 3123
   145 5.750130E-04 9.724052E-04 1.212599E-03   5	   66	   84	  118	  121	  390	    0	    0	 3434	 3392	 3468	 3460	 3636
   146 7.736486E-04 8.607548E-04 6.262471E-04   2	    6	   11	    0	    0	 4933	 5215
   147 1.126027E-03 1.147777E-03 9.897600E-04   1	 2964	    0	    0	 7908
   148 7.224881E-04 9.183721E-04 9.171162E-04  16	  117	  151	  155	  194	  199	  212	  240	 1437	 3081	 3218	 3506	 3912	 4092	 5386	 5397	 6661	    0	    0	 4767	 3952	 3854	 4705	 4747	 3828	 4593	 4980	 4157	 4352	 5030	 9846	 4269	 4318	 4677	 4425
   149 2.330457E-04 1.209400E-03 8.593986E-04   4	   26	   86	  292	  330	    0	    0	 1745	 1950	 2295	 2077
   150 7.747079E-04 8.608005E-04 1.469361E-03   7	  134	  138	  143	  167	  357	  489	 6598	    0	    0	 4541	 5970	 5022	 4569	 6318	 5404	 5894
   151 6.385219E-04 9.397346E-04 1.012399E-03   5	  137	  148	  155	  172	  328	    0	    0	10140	 3952	 3703	 3687	 4104
   152 9.881314E-04 3.406116E-05 9.476098E-04   2	  141	  173	    0	    0	 7253	 7570
   153 1.030080E-03 9.361809E-04 4.785995E-04   5	   11	  156	  751	 1200	 1710	    0	    0	 7457	 7667	 7856	 7892	10092
   154 5.270089E-04 6.921265E-04 1.185085E-03   6	   61	   62	   71	   82	   97	 5159	    0	    0	 3291	 3272	 3363	 3317	 3359	 9675
   155 6.306384E-04 8.742435E-04 9.915428E-04  11	   63	   90	  105	  148	  151	  212	 3218	 4015	 4092	 5025	 5659	    0	    0	 3533	 3713	 3557	 3854	 3703	 3702	 4217	 3970	 4270	 4159	 3936
   156 1.031914E-03 1.006099E-03 4.387272E-04   9	   11	   19	  153	  166	  248	  295	 1710	 2097	 3808	    0	    0	 7708	 7555	 7667	 7582	10243	 7597	 7598	 7647	 7596
   157 5.442247E-04 5.120726E-04 1.051320E-03   7	   62	  132	  180	  208	  270	  597	 1176	    0	    0	 3357	 3349	 3324	10790	 3464	 9500	 3398
   158 8.109919E-04 8.219947E-05 3.576199E-04   6	  185	  365	  743	 1225	 1624	 2968	    0	    0	 5260	 6289	 6825	 6997	 5895	 6287
   159 1.187103E-03 8.191625E-04 8.611753E-05  10	   16	   30	   46	  341	  405	  430	  719	  726	 1448	 5769	    0	    0	 8379	 8548	 8482	 8247	 8380	 8212	 8471	 8378	 9895	 8438
   160 7.398319E-04 1.076166E-03 1.460436E-03  13	  227	  277	  287	  288	  363	  424	  533	  550	  691	 2174	 3935	 4012	 5042	    0	    0	 4588	 4611	 5229	 4612	 5403	 4542	 5254	 5256	 5064	 5066	 5154	 4742	 5045
   161 1.277760E-03 2.202729E-04 4.739337E-05   4	    0	  186	  282	 2209	    0	    1	 8915	 8627	 8779	 8910
   162 1.205246E-03 3.082828E-04 2.201047E-04   4	    0	   77	  217	 1253	    0	    1	 8957	 8255	 8354	 8905
   163 4.452813E-04 1.020482E-03 2.729354E-05   9	    2	  247	  332	  340	  348	  412	 3670	 3983	 5836	    0	    0	 3192	 2992	 3027	 3233	 3165	 3292	 3218	 3222	10045
   164 8.209879E-04 6.560390E-04 3.941460E-04   6	   13	   47	  426	 1075	 2359	 5603	    0	    0	 5433	 5431	 5261	 5846	 5262	 5821
   165 6.835392E-04 1.104860E-03 1.098570E-03  11	  108	  121	  130	  172	  319	  371	  375	  503	 4108	 5008	 6089	    0	    0	 4237	 4326	 4602	 3858	 3940	 4732	 4169	 4530	 4462	 4529	 4657
   166 9.837971E-04 1.043188E-03 4.926526E-04   6	    2	   11	  156	  295	 1710	 3185	    0	    0	 7252	 7438	 7582	 7456	 7569	 7306
   167 6.789926E-04 9.467982E-04 1.448827E-03  20	  103	  134	  150	  227	  296	 1020	 1108	 1164	 1254	 1287	 1576	 1854	 2058	 2174	 3791	 4224	 5339	 5402	 5653	 6425	    0	    0	 3679	 3697	 4569	 3825	 3793	 4642	 4999	 4792	 4882	 4340	 4930	 4974	 4672	 4944	10151	 5135	 4881	10084	 5102	 4673
   168 1.276527E-03 1.889733E-05 1.118456E-03   5	    0	    7	  169	  181	 6355	    0	    1	 9062	 8416	 8900	 8624	 9124
   169 1.277760E-03 1.208674E-04 1.107737E-03   4	    0	    7	  168	  181	    0	    1	 9059	 8625	 8900	 8623
   170 6.033079E-04 9.918904E-04 4.370655E-05   6	    2	  175	  340	  412	 4208	 4346	    0	    0	 3453	 3649	 3377	 3376	 3508	 3517
   171 1.435452E-05 6.909888E-04 1.344811E-03  12	   -1	  382	  453	  510	  584	 1392	 2477	 3658	 4298	 5481	 6316	 6416	    1	    0	  174	  316	  234	  213	 9658	  381	  439	  269	  333	  232	  283	  250
   172 6.411081E-04 9.807400E-04 1.045538E-03  13	  105	  108	  121	  137	  151	  165	  328	  494	  501	  990	 1536	 3991	 4959	    0	    0	 3574	 4138	 3568	 4001	 3687	 3858	 4220	 4041	 4618	 4325	 4687	 4165	 4850
   173 1.000129E-03 3.082595E-05 9.974284E-04   2	  152	 1239	    0	    0	 7570	 7809
   174 6.796992E-04 4.659805E-04 9.779010E-04   9	   59	   60	  102	  208	  268	  270	  308	  911	 2266	    0	    0	 4404	 3905	 3658	 3545	 3969	 4190	 3796	 4407	 9466
   175 6.708722E-04 9.407808E-04 1.996878E-05   7	    2	    9	   10	   24	   39	  170	 4208	    0	    0	 3901	 3617	 4793	 5068	 5023	 3649	 3588
   176 9.600000E-07 1.174502E-03 3.091008E-04   7	   -1	   23	   85	  222	  272	 1802	 4380	    1	    0	   56	  221	  435	  324	  314	  301	  242
   177 1.730426E-04 1.260364E-03 1.722818E-05   6	  327	  761	 1244	 1845	 2556	 2576	    0	    0	  760	  942	 1203	 2026	 1822	 2041
   178 1.921920E-05 1.262175E-03 7.099042E-04   5	   -1	   26	 1328	 2271	 6723	    1	    0	  129	  247	  340	  263	  406
   179 2.384225E-04 1.224979E-03 3.089359E-04  19	  142	  653	  669	  782	  842	 1396	 1497	 1784	 2012	 2224	 2250	 2304	 2454	 2472	 2660	 3412	 3430	 6012	 6045	    0	    0	 2050	10454	 2117	 1446	 2207	10335	 1645	 1725	 1703	 1422	 1673	 2072	 1519	 1754	10526	 1960	 1917	 1985	 1701
   180 5.310695E-04 5.501201E-04 1.126083E-03   7	   62	   82	  119	  132	  157	  324	 2126	    0	    0	 3297	 3350	 3361	 3374	 3324	 3459	 3428
   181 1.229606E-03 2.011479E-05 1.032111E-03   5	    0	    7	  168	  169	  421	    0	    1	 9054	 8467	 8624	 8623	 8279
   182 6.363255E-04 5.138410E-04 1.256865E-03  17	   82	  113	  119	  264	  333	  356	  367	  654	  720	  722	 1216	 1419	 1684	 1762	 2286	 3862	 6349	    0	    0	 3489	 3695	 3476	 3994	 4464	 4366	 3648	 3928	 4058	 4143	 4200	 9443	 3896	 3802	 4198	 3991	 4114
   183 9.600000E-07 8.369101E-05 1.438997E-03   3	   -1	 1062	 1831	    1	    0	  188	  298	  286
   184 2.546870E-04 2.588028E-05 2.544828E-04  12	   12	  241	  302	  530	 1410	 1871	 1907	 1918	 1980	 3329	 4320	 5879	    0	    0	 2324	 1307	 1727	 1488	 2771	 1144	 2530	 1591	 1980	 1329	 1563	 9135
   185 7.568246E-04 5.616155E-05 3.876608E-04   5	  158	  211	  543	  644	 1429	    0	    0	 5260	 4549	 4725	10566	 4648
   186 1.206237E-03 2.260603E-04 2.178299E-05   2	  161	  310	    0	    0	 8627	 8271
   187 8.552774E-04 3.656345E-04 6.595535E-04   8	  100	  378	  408	  769	 1260	 2867	 6716	 6736	    0	    0	 5959	 6931	 6403	 6369	 6126	 6441	 6127	 5914
   188 6.249270E-04 5.097718E-04 2.327954E-04   7	  289	  627	  768	  795	  850	 1285	 2849	    0	    0	 3498	 3998	 3490	 3949	 3680	 3478	 3720
   189 2.682156E-04 9.741150E-04 5.132445E-04  30	   21	   51	  414	  429	  590	  601	  630	  800	  864	 1140	 1220	 1398	 1676	 1690	 2108	 2697	 2835	 3053	 3450	 3807	 4333	 4715	 5259	 5605	 6422	 6460	 6484	 6513	 6578	 6603	    0	    0	 2104	 2134	 2299	 1626	 1713	 2333	 2174	 1872	 2053	 2633	 2317	 1926	 1896	 1598	 1572	 1930	 2221	 2008	 2220	 1897	 2192	 1793	 1830	10021	 1902	 1683	 2398	 2440	 1599	10116
   190 1.045852E-03 2.236815E-04 4.896708E-05   6	   77	  237	  310	  329	  980	 2781	    0	    0	 7951	 7674	 7915	 7592	 7650	 7579
   191 8.833181E-04 5.040614E-04 1.067539E-03  12	   44	   59	  229	  274	  354	  361	  464	  492	  676	  750	 4034	 5690	    0	    0	 6301	 6407	 6545	 6325	 6375	 6179	 7321	 6344	 6959	 6704	 9480	 6184
   192 1.226053E-03 1.663273E-05 1.486428E-03   7	    7	  306	  407	  643	  759	  859	 1252	    0	    0	 8280	 8641	 8716	 8829	 8681	 8609	 8830
   193 1.277760E-03 1.164443E-03 2.987939E-04   3	    0	  586	 3508	    0	    1	 8974	 8807	 8906
   194 7.577979E-04 7.696685E-04 8.627717E-04  20	  148	  197	  199	  212	  235	  240	  251	  266	  395	  686	 1496	 2043	 2057	 3506	 3912	 5352	 5389	 6635	 6652	 6784	    0	    0	 4705	 4591	 4820	 4496	 5184	 4477	 5594	 5526	 4651	 4295	 5452	 5477	 4424	10738	 9835	 4934	10747	 4727	 5073	 5264
   195 7.137365E-04 6.002906E-04 2.988569E-04   7	  289	  426	  795	 1167	 2730	 4561	 4841	    0	    0	 3839	 4100	 4343	 4904	 4946	 4294	 9509
   196 1.140751E-03 2.608719E-04 1.501885E-03  10	    8	  256	  294	  995	 1569	 2676	 3353	 4484	 4586	 5974	    0	    0	 8009	 7999	 8069	 8353	 8032	 8321	 8508	 8117	 8270	 8076
   197 6.754646E-04 7.084992E-04 8.191404E-04   9	   48	   79	   90	  115	  194	  235	  240	  395	  686	    0	    0	 3815	 3741	 3840	 3984	 4591	 4885	 4519	 4346	 9729
   198 8.820019E-04 1.110313E-03 1.123014E-03  11	   41	   78	  108	  219	  283	  309	  425	  614	 1511	 1908	 5147	    0	    0	 6898	 6211	 6342	 6678	 7280	 6872	 6214	 6303	 6705	 6269	 6548
   199 7.878042E-04 8.432354E-04 8.899167E-04   8	  101	  135	  148	  194	  240	  251	  266	 3506	    0	    0	 5651	 5919	 4747	 4820	 4726	 5569	 9821	 5297
   200 9.600000E-07 5.000194E-04 1.496683E-03   4	   -1	 1851	 2142	 6197	    1	    0	  195	  251	  217	  463
   201 1.227376E-04 2.594234E-04 7.509629E-05   9	   93	  225	  391	  457	  556	  687	  851	 1809	 4077	    0	    0	  786	 1078	 1103	  637	  569	  486	 9276	  646	10362
   202 8.508373E-04 1.183685E-03 7.826161E-04   4	   28	   42	 2316	 5654	    0	    0	 5991	 6010	 6801	10703
   203 1.015381E-03 4.826563E-04 4.598393E-04   7	  126	  335	  618	  731	  756	 1529	 4649	    0	    0	 7644	 7748	 7680	 7742	 7902	 7599	 7774
   204 2.207808E-04 1.135230E-03 6.211200E-04  19	   51	   58	  590	 1000	 1332	 1564	 1700	 1770	 4279	 5240	 5589	 6475	 6495	 6512	 6726	 6728	 6729	 6749	 6766	    0	    0	 2278	 1480	 1527	10269	 2194	 2195	 2700	 2176	 2570	 2536	 1502	 1551	 1630	 1798	 2386	 2535	 2493	 1481	 1684
   205 7.067204E-04 4.171737E-04 1.111174E-03  15	   59	  102	  132	  274	  333	  356	  367	  462	  524	 1099	 1824	 1992	 2014	 3062	 6147	    0	    0	 5138	 4005	 4039	 5682	 5010	 4300	 3941	 4006	 5605	 4805	 4410	 5166	 4806	10866	 4558
   206 8.710835E-04 9.377000E-04 9.874949E-04  21	  101	  108	  117	  137	  207	  219	  234	  313	  539	 1116	 2416	 2614	 3804	 3874	 3948	 4004	 4961	 5029	 5055	 5648	 6237	    0	    0	 5825	 6262	 5747	 5673	 6729	 6389	 7003	 5698	 5770	 6151	 6388	 5994	10002	 5974	 6256	 6609	 6628	 9989	10817	10849	 6261
   207 9.079815E-04 8.574183E-04 1.001193E-03   8	  101	  124	  135	  206	  234	  285	 1330	 5029	    0	    0	 6625	 6804	 6751	 6729	 6897	10820	10831	 6626
   208 5.618153E-04 5.135375E-04 9.830592E-04  11	   48	   62	  132	  157	  174	  268	  270	  308	  597	 1642	 5024	    0	    0	 3379	 3382	 3373	10790	 3545	 3521	 3511	 3714	 3405	 3592	 3624
   209 9.762876E-04 8.126706E-04 1.347438E-03  14	  250	  320	  321	  392	  442	  461	  478	  493	  650	  668	  813	 1333	 1527	 1557	    0	    0	 7110	 7668	 7574	 7425	 9925	 7375	 7149	 7604	 7310	 7189	 7531	 7327	 7426	 7346
   210 9.716763E-04 2.578523E-05 2.794167E-04   2	  257	 2225	    0	    0	 7378	 7554
   211 6.708428E-04 5.838997E-05 3.792004E-04   6	  185	  359	  404	  543	 1429	 4196	    0	    0	 4549	 3730	 3867	 4422	 4373	 3642
   212 6.473115E-04 8.422325E-04 9.307096E-04   8	   90	  148	  155	  194	  240	  252	 3081	 5391	    0	    0	 3621	 3828	 3702	 4496	 4000	 4158	 4186	 4479
   213 6.302382E-04 8.486592E-04 1.135417E-03  12	   71	  105	  129	  221	  389	  390	  972	 1467	 1514	 1768	 6163	 6369	    0	    0	 3562	 3594	 3547	 3743	 9921	 3674	 4109	 4244	10931	 3709	 3800	 3734
   214 1.089666E-03 1.878427E-04 2.754516E-04  11	  122	  243	  286	  732	 1472	 1659	 2848	 3052	 4083	 5934	 5978	    0	    0	 8070	 7905	 7886	 7871	 8201	 8097	 8172	 7918	 9249	 9211	 8207
   215 1.111699E-03 5.079659E-04 2.853202E-04   4	  716	 1183	 2526	 3316	    0	    0	 8054	 7839	 8158	 8274
   216 8.822116E-04 8.268807E-04 1.297070E-03  17	  228	  242	  250	  443	  545	  648	  873	 1018	 1374	 1993	 2089	 3589	 4268	 5539	 6321	 6333	 6390	    0	    0	 6413	 6758	 6398	 6688	 6637	 6580	 6357	 6941	 7131	 6575	 6396	10964	10997	 6944	 7068	 6664	10980
   217 1.186541E-03 3.195039E-04 2.735662E-04   5	  162	  243	  480	  749	 2284	    0	    0	 8354	 7969	 8173	 7939	 7994
   218 1.363008E-04 1.099078E-03 2.239253E-04  16	   85	  110	  222	  279	  345	  439	  504	  636	 2072	 2167	 2461	 2510	 2584	 4190	 5869	 6029	    0	    0	  986	 1276	  634	  621	 1029	  575	  745	 1356	 1312	 1510	 1253	10461	10232	 1566	10248	 1567
   219 8.994537E-04 9.951223E-04 1.066074E-03  13	   41	  108	  198	  206	  234	  236	  368	  539	 1471	 4961	 5128	 5147	 5648	    0	    0	 6787	 6502	 6678	 6389	 7082	 6980	 6844	 6405	 6547	 6733	10882	 6593	 6391
   220 1.260414E-03 1.817912E-04 1.326337E-03   3	    0	    7	 6407	    0	    1	 9086	 8516	10961
   221 6.796608E-04 8.441897E-04 1.079059E-03  26	  105	  213	  255	  473	  526	  710	  729	  742	  766	  843	  910	 1009	 1173	 1467	 1477	 2363	 3814	 3954	 4044	 4982	 5025	 5058	 5659	 6093	 6229	 6265	    0	    0	 3843	 3743	 5055	 4620	 4957	 3974	 4443	 4017	 4555	 4193	 4382	 4018	 4054	 4139	 4955	 4625	 4071	 4383	 3832	 4107	 9959	 3972	 4004	 4166	 4090	 4053
   222 5.679409E-05 1.141655E-03 2.110097E-04  19	   23	  176	  218	  279	  345	  439	  645	  653	 1336	 1802	 2155	 2352	 2672	 2798	 2862	 4922	 5600	 5691	 5918	    0	    0	  415	  324	  634	  487	  945	  358	10270	 1163	  869	  413	  323	  963	  985	  998	  840	  313	 1064	  671	  527
   223 7.883865E-04 7.651170E-04 1.202887E-03  31	  112	  228	  242	  255	  331	  419	  548	  808	  958	 1003	 1171	 1201	 1639	 1841	 2027	 2141	 2176	 2872	 3886	 4463	 5100	 5125	 5647	 6091	 6145	 6146	 6150	 6165	 6169	 6345	 6408	    0	    0	 4915	 5340	 6327	 6185	 6756	 6685	 6136	 5739	 5943	 5656	 5035	 6302	 9706	 4987	 5337	 5245	 5783	 6153	 5420	 5887	 6789	 9693	 6024	 6373	 6408	 5880	 5942	 5857	 6615	 5243	10943
   224 7.058246E-04 1.020475E-03 1.296964E-03  25	   66	   96	  227	  288	  611	  616	  700	  818	  901	 1064	 1579	 1737	 1892	 2274	 2673	 2767	 2821	 3097	 3327	 4404	 4410	 4416	 4453	 5105	 6319	    0	    0	 4080	 3945	 4064	10212	 4286	 4696	10229	 4253	10223	10099	 5176	 4738	 5312	10227	 4586	10996	10191	 4670	11015	10098	 4287	 4129	 4229	10953	 4610
   225 1.814400E-04 2.675683E-04 4.333704E-05   6	   93	  201	  226	  391	 3176	 4077	    0	    0	 1328	 1078	 1861	 1436	 1614	 1185
   226 2.259534E-04 2.735955E-04 5.937004E-05   6	   12	   20	   93	  225	 2067	 3034	    0	    0	 2042	 2064	 1839	 1861	 2540	 2434
   227 6.519988E-04 1.014495E-03 1.416242E-03  13	   66	   96	  160	  167	  224	  288	  296	  424	  595	 1287	 2721	 4012	 4416	    0	    0	 3748	 3824	 4588	 3825	 4064	 4151	 3900	 4179	 3917	 4081	 4131	 4645	 4046
   228 8.324585E-04 7.150601E-04 1.258717E-03  26	  104	  112	  216	  223	  250	  321	  419	  449	  472	  535	  767	  873	  999	 1163	 1196	 1265	 1380	 1939	 2141	 2651	 4390	 4436	 4438	 4445	 4463	 6379	    0	    0	 6076	 5364	 6413	 5340	 6103	 6745	 6432	 5641	 6578	 6400	 6744	 6275	 6482	 5862	 6532	 6512	 9659	 6161	 5582	 6099	 6459	11001	11038	 9707	 5949	 6616
   229 8.825643E-04 5.215000E-04 1.022450E-03   7	   59	  191	  261	  326	  454	  676	 4034	    0	    0	 6387	 6545	 6472	 6386	 6956	 6979	 6700
   230 9.552185E-04 1.263498E-03 1.161357E-03   1	   25	    0	    0	 7184
   231 6.278592E-04 1.259539E-03 2.208192E-04   2	    2	 2565	    0	    0	 3550	 4342
   232 9.307662E-04 1.264187E-03 1.514821E-05   2	 1248	 5438	    0	    0	 7664	 7649
   233 2.201023E-04 8.389393E-05 3.781117E-04   1	  302	    0	    0	 1676
   234 9.373079E-04 8.947008E-04 1.072441E-03   9	  124	  206	  207	  219	  236	  380	  447	  511	 1330	    0	    0	 7041	 7003	 6897	 7082	 7083	 7466	 7407	 7395	 6932
   235 7.674275E-04 7.119371E-04 8.051328E-04   4	  115	  194	  197	  395	    0	    0	 5027	 5184	 4885	 5028
   236 9.320317E-04 9.592960E-04 1.110687E-03  11	   41	  219	  234	  285	  368	  380	  447	  511	 1194	 1401	 5128	    0	    0	 7167	 6980	 7083	 6918	 6658	 7584	 9930	 7168	 6570	 6847	 7084
   237 1.005283E-03 1.374250E-04 1.471735E-05   3	  190	  329	 2369	    0	    0	 7674	 7459	 7752
   238 1.239619E-03 3.124146E-04 7.318666E-04   3	    0	   40	   98	    0	    1	 9030	 8592	 8531
   239 1.076597E-03 6.278208E-04 1.521517E-03   3	    8	  304	 3831	    0	    0	 7721	 7624	 7923
   240 6.947425E-04 8.282142E-04 8.634645E-04   6	   90	  148	  194	  197	  199	  212	    0	    0	 4035	 4593	 4477	 4519	 4726	 4000
   241 2.135416E-04 8.477736E-05 2.427713E-04   7	   12	  184	  302	  530	 1980	 2107	 4320	    0	    0	 1766	 1307	 1310	 1842	 1883	 2345	 1380
   242 8.765472E-04 8.527938E-04 1.227489E-03  18	  216	  223	  331	  511	  545	  680	 1018	 1194	 1374	 1401	 1961	 2289	 3198	 3537	 3589	 5100	 5121	 6372	    0	    0	 6758	 6327	 7006	 6985	 6769	 7044	10977	 6530	 7063	 9922	 7101	 6617	 6790	 6886	 6709	 9792	 9817	 6963
   243 1.074272E-03 2.231252E-04 3.505376E-04  11	  122	  127	  214	  217	  730	  732	  749	  935	 1053	 1169	 2539	    0	    0	 8037	 7897	 7905	 7969	 7850	 7765	10478	 8062	 7786	 8073	 8047
   244 4.627008E-04 1.021421E-03 1.317101E-03   1	    1	    0	    0	 3173
   245 3.098422E-04 7.979041E-04 3.397529E-05   4	  314	 1204	 2557	 5813	    0	    0	 2606	 2757	 2405	 9856
   246 6.975579E-04 7.508557E-04 1.140244E-03  27	   88	  112	  255	  258	  389	  473	  599	  766	  958	  971	 1166	 1841	 1858	 1990	 2135	 2600	 2861	 2973	 3891	 4207	 5140	 5145	 5166	 5672	 6093	 6123	 6138	    0	    0	 5633	 4434	 5329	 4275	 4172	 4871	 4487	 4444	 5465	 4126	 9765	10909	 4008	 3909	 3926	 9715	 5440	 4753	 5483	 4276	 5083	 3818	10912	 3908	10879	 5086	 9815
   247 4.136185E-04 9.649031E-04 7.243271E-05   5	   54	   89	   95	  163	  332	    0	    0	 3046	 2983	 2973	 2992	 3011
   248 9.937293E-04 1.102512E-03 3.984000E-04   5	    2	   19	  156	  295	  420	    0	    0	 7393	 7478	10243	 7543	 7461
   249 1.411169E-04 3.644040E-04 2.719317E-04   7	  366	 1161	 1524	 2105	 4030	 4087	 4554	    0	    0	 1108	 1357	 1205	 1336	 1066	10458	 9380
   250 8.734298E-04 8.059935E-04 1.366213E-03  30	  104	  143	  209	  216	  228	  321	  357	  443	  478	  498	  535	  632	  650	  668	  733	 1203	 1312	 1333	 1626	 2314	 3012	 3183	 3745	 4131	 6099	 6108	 6122	 6323	 6329	 6684	    0	    0	 5789	 5692	 7110	 6398	 6103	 6945	 6690	 6077	 6725	 5715	 6583	 6746	 6911	 6991	 6774	 6666	 5666	 9864	 5587	 6364	 7172	 6031	 6910	 5817	 5616	 5665	 9891	 7030	 9883	 9830
   251 8.232506E-04 8.093353E-04 8.822982E-04   5	  135	  194	  199	  266	 6616	    0	    0	 6060	 5594	 5569	 5724	 9804
   252 6.498775E-04 6.999481E-04 9.917218E-04  36	   48	   76	   79	   90	  212	  452	  536	  883	  910	  986	 1009	 1162	 1166	 1173	 1788	 2057	 2379	 2428	 2681	 2995	 3391	 3694	 3870	 3895	 3976	 3997	 4047	 4048	 4127	 5061	 5072	 5233	 6182	 6199	 6256	 6690	    0	    0	 3732	 4616	 4135	 3685	 4158	 3922	 4219	 3855	 4573	 4823	 4013	 4321	 4459	 4068	 9607	 9750	 4296	 3875	 4426	 4160	 4322	 4215	 4378	 4350	 4037	 4320	 3686	 3751	 4707	 4069	 3797	 4136	 4161	 4769	 3817	 4376
   253 1.138202E-03 1.489829E-05 7.050001E-04   1	   17	    0	    0	 8040
   254 6.267414E-04 1.264351E-03 5.136406E-04   5	   56	   64	 2695	 6437	 6458	    0	    0	 3532	 3903	 3526	10642	 4049
   255 7.858816E-04 7.962997E-04 1.083385E-03  29	   88	  221	  223	  246	  285	  409	  473	  526	  587	  599	  612	  642	  718	  766	  910	  958	 1404	 1455	 2861	 3002	 3370	 5051	 5054	 5059	 5060	 6146	 6150	 6193	 6241	    0	    0	 5853	 5055	 6185	 5329	 9833	 6504	 5163	 5327	 5353	 5193	 9787	 6181	 5679	 4959	 5189	 5806	 6630	 6094	 5634	 9740	 6092	 5677	 5385	 6089	 5572	 5754	10878	 5531	 5978
   256 1.084204E-03 2.695557E-04 1.508617E-03   3	    8	   36	  196	    0	    0	 7843	 7955	 7999
   257 9.515604E-04 6.643340E-05 2.449739E-04   5	  210	  281	 1042	 1709	 4945	    0	    0	 7378	 7336	 7303	 7365	 7405
   258 7.081658E-04 6.978087E-04 1.135585E-03  17	   44	   76	   88	  246	  401	 1841	 2044	 2375	 2600	 2738	 3000	 3104	 4192	 4990	 5126	 5140	 5181	    0	    0	 4575	 4600	 5081	 4275	 4123	 4734	 4831	 4224	 4601	 4873	 4243	 5141	 4360	 9720	 9723	 5082	 9681
   259 9.763902E-04 1.035846E-03 1.312103E-03  12	   41	  284	  320	  455	  497	  625	  861	 1231	 1343	 2280	 3045	 4422	    0	    0	 7413	 6907	 7656	 7490	 7563	 7046	 7702	 7443	11041	10196	 7550	 7521
   260 5.117607E-04 1.082035E-03 6.539722E-04   4	    4	    5	 1146	 1400	    0	    0	 3277	 3259	 3356	 3269
   261 8.610773E-04 5.375808E-04 9.493866E-04   6	   59	  229	  326	  454	  479	 2406	    0	    0	 6013	 6472	 6372	 6766	 6292	 6338
   262 9.688313E-04 8.215058E-04 1.522342E-04  11	   27	   34	   67	  617	  839	  922	 1157	 3447	 4735	 4747	 6010	    0	    0	 7316	 7056	 7433	 9934	 9812	 7607	 7197	 7542	 7117	 7158	 7477
   263 8.022870E-04 9.513600E-04 1.139995E-03  21	   41	  482	  546	  548	  647	  787	 1003	 1471	 1479	 1536	 1545	 2006	 2137	 2248	 2350	 2414	 2527	 2749	 3887	 5010	 6135	    0	    0	 5925	 5057	 5279	 5753	 5307	 5884	 5836	 6138	 5387	 5116	 5732	 5165	 5328	10145	10865	 5305	 5858	 5904	10113	 5804	 5756
   264 7.039839E-04 5.470901E-04 1.317760E-03  16	  113	  182	  265	  333	  397	  474	  603	  722	 1067	 1216	 2091	 2286	 3105	 3620	 3862	 4430	    0	    0	 4030	 3994	 4148	 4781	 5016	 5201	 4923	10970	 4992	 4413	 4991	 4582	 4514	 9458	 4117	 4285
   265 7.161792E-04 5.808741E-04 1.340863E-03   7	  107	  113	  264	  397	 1067	 1258	 1465	    0	    0	 4566	 4078	 4148	 5093	 5177	11008	 4494
   266 8.392781E-04 7.667827E-04 8.780390E-04  16	  135	  194	  199	  251	  387	  411	 1496	 1532	 2043	 2415	 2540	 3749	 5650	 6616	 6633	 6662	    0	    0	 6496	 5526	 9821	 5724	 6543	 6370	 5766	 6672	10721	 6129	 5767	 6468	 5768	 5933	 5992	 6442
   267 9.629691E-04 9.246009E-04 1.466976E-04   8	   24	   34	   39	   92	  297	  415	 1157	 6010	    0	    0	 7198	 6973	 7094	 7608	 7401	 7055	 7177	 7402
   268 6.248336E-04 5.602189E-04 9.401126E-04   6	   48	   60	  174	  208	  308	 1642	    0	    0	 3501	 3609	 3969	 3521	 3794	 3622
   269 9.570473E-04 1.170679E-03 1.043211E-03   3	   25	   28	  555	    0	    0	 7021	 7254	10847
   270 6.278208E-04 5.117553E-04 1.039745E-03  15	  102	  132	  157	  174	  208	  308	  462	  597	  622	  911	 1176	 1490	 2126	 3246	 3972	    0	    0	 3752	 3512	 3464	 4190	 3511	 3779	 3763	 3566	 4070	 4163	 3488	 3907	 3535	 4016	 3841
   271 1.277760E-03 4.316216E-04 1.521441E-03   4	    0	    8	  394	 3292	    0	    1	 9118	 8757	 8802	 9416
   272 9.600000E-07 1.112282E-03 3.201691E-04  12	   -1	   23	   85	  176	  439	 3861	 4380	 4494	 4539	 4866	 5937	 5975	    1	    0	   57	  223	  563	  314	  414	  576	10485	  577	  352	10257	  474	  276
   273 3.522719E-04 7.183307E-04 1.444122E-05   2	  802	 1423	    0	    0	 2705	 2693
   274 8.459837E-04 4.572139E-04 1.116194E-03   9	   44	   59	  191	  205	  354	  524	 1703	 1992	 5690	    0	    0	 6019	 5901	 6325	 5682	 6345	 6069	 5734	10887	 6183
   275 1.219219E-03 8.030198E-04 4.905581E-04   3	 1314	 1530	 1996	    0	    0	 9878	 8318	 8675
   276 9.171722E-04 9.821408E-04 1.465871E-03   9	  138	  363	  432	  580	 1531	 2059	 3864	 4185	 6757	    0	    0	 6714	 6667	 7258	 6878	 7194	 6489	 6893	10165	10177
   277 6.979131E-04 1.145274E-03 1.349904E-03  11	  118	  160	  300	  424	  634	  691	  903	 1891	 2673	 3611	 4424	    0	    0	10989	 4611	 4567	 4210	 4473	 4467	 3963	 4309	 4311	 4490	 4061
   278 2.278848E-04 1.133532E-03 4.350446E-04  12	   21	   23	   51	  429	  635	  800	 1516	 3418	 4290	 4524	 6532	 6547	    0	    0	 1989	 1813	 2170	 1776	 1794	 1927	 2248	 2020	 1893	 2019	 1869	 1923
   279 7.172933E-05 1.096985E-03 1.732612E-04  12	  218	  222	  417	  504	  604	  807	 1336	 2535	 4770	 4789	 4791	 6073	    0	    0	  621	  487	  553	  587	  640	10224	  812	 1156	 1271	  658	 1230	10417
   280 1.216138E-03 1.170086E-03 1.219621E-03  10	 1280	 4409	 4428	 5082	 5098	 5120	 6336	 6396	 6401	 6412	    0	    0	 8431	 8417	10318	 8724	10315	 8755	 8649	 8565	 8694	 8365
   281 9.723133E-04 1.243884E-04 2.684515E-04   3	  257	  352	 4945	    0	    0	 7336	 7422	 9187
   282 1.277760E-03 2.611392E-04 1.069187E-04   3	    0	   77	  161	    0	    1	 8939	 8804	 8779
   283 9.499586E-04 1.106054E-03 1.220024E-03   5	   41	   78	  198	  309	 1231	    0	    0	 7235	 6983	 7280	 6938	 7370
   284 8.863857E-04 1.018605E-03 1.362995E-03  15	  259	  347	  351	  580	 1122	 1343	 1379	 1438	 1478	 1889	 2054	 2339	 3040	 3489	 4400	    0	    0	 6907	 7051	 6582	 6586	 7173	11054	 6460	11049	 7192	 6488	11035	 6599	 6876	 6946	 6687
   285 8.668873E-04 8.587761E-04 1.083701E-03  19	  124	  207	  236	  255	  447	  680	 1330	 1404	 1455	 1919	 1982	 2267	 3825	 5076	 6143	 6149	 6228	 6245	 6278	    0	    0	 6732	10820	 6918	 9833	 6934	 7005	 6653	 6784	 6237	 6679	 9880	 6447	 6091	 6627	 6737	 6611	 6629	 6473	10839
   286 1.056712E-03 1.873044E-04 2.390351E-04  11	  214	  487	  882	 2848	 3052	 4309	 4849	 5547	 5673	 5866	 6047	    0	    0	 7886	10426	 7959	 8079	 7838	 8012	 7872	 7913	 9204	 7937	 7803
   287 8.284750E-04 1.130039E-03 1.431683E-03   7	  160	  363	  533	  550	  588	 1005	 6669	    0	    0	 5229	 5619	 5348	 5717	 6197	 6363	 6315
   288 7.114920E-04 1.037564E-03 1.387061E-03  12	  160	  224	  227	  521	  595	  634	 1737	 2041	 2058	 4440	 5042	 6425	    0	    0	 4612	10212	 4151	 4972	 4261	 4943	10221	 4438	 4644	 4740	 5044	10197
   289 6.113826E-04 5.385622E-04 3.074087E-04   6	  188	  195	  426	  764	 1432	 2849	    0	    0	 3498	 3839	 3966	 3479	 3681	 3729
   290 6.058119E-04 7.463596E-04 1.150929E-03   9	   61	  129	  401	  806	 1858	 3302	 5145	 6097	 6124	    0	    0	 3506	 3529	 3663	 3744	 3769	 9702	10885	 3753	 9747
   291 1.187319E-05 8.311940E-05 3.540406E-04   4	   -1	  512	  583	  821	    1	    0	   68	  557	  327	  517
   292 2.806866E-04 1.265220E-03 9.311808E-04   3	   26	  149	 5527	    0	    0	 1907	 2295	 1973
   293 4.628785E-04 3.838080E-05 4.153660E-04   8	  114	  444	  551	  902	 1499	 2698	 2976	 5712	    0	    0	 3048	 3160	 3073	 3242	 3282	 3111	 3234	 3174
   294 1.093327E-03 1.884318E-04 1.519973E-03   3	  196	  485	 1569	    0	    0	 8069	 7903	 9253
   295 9.875439E-04 1.074166E-03 4.665408E-04   5	    2	  156	  166	  248	 2066	    0	    0	 7380	 7597	 7456	 7543	 7646
   296 6.489408E-04 9.566360E-04 1.371809E-03  16	   66	  103	  134	  167	  227	  774	 1020	 1111	 1287	 1971	 2218	 2721	 3317	 3605	 4053	 4410	    0	    0	 3756	 3711	10003	 3793	 3900	 4763	 4209	10161	10136	 4568	10055	 4119	11056	 4639	 4208	 4062
   297 9.996087E-04 9.144251E-04 1.138765E-04  10	   92	  267	  617	  629	 1647	 2666	 3049	 3447	 4820	 6010	    0	    0	 7651	 7401	 7578	 7391	 7800	 7593	10088	 7508	 9933	 7495
   298 1.222217E-03 3.048296E-04 1.522476E-03   7	    0	    8	  394	 2273	 3163	 3486	 5666	    0	    1	 9120	 8343	 8610	 8660	 8680	 8460	 8537
   299 7.583800E-04 1.265880E-03 1.060800E-03   2	   18	   25	    0	    0	 4752	 5457
   300 7.536039E-04 1.122601E-03 1.323874E-03  12	  277	  423	  521	  533	  634	  691	  700	  901	  949	 3751	 4327	 6335	    0	    0	 4567	 5759	 5178	 5585	 4739	 5149	 5174	 5223	 5345	 5422	 4761	 5788
   301 9.350592E-04 1.267392E-04 9.381607E-05   6	  315	  329	  626	  778	 2781	 3619	    0	    0	 7302	 7301	 6996	 7116	10396	 7356
   302 1.804608E-04 7.370408E-05 3.542798E-04  10	  184	  233	  241	  364	  741	 1604	 2102	 2157	 3396	 4517	    0	    0	 1727	 1676	 1310	  966	 1235	 1916	  841	  890	 1961	10553
   303 1.242833E-03 1.076525E-03 3.910801E-04   3	 3508	 4370	 6546	    0	    0	 8808	 8796	 8573
   304 9.532682E-04 5.730292E-04 1.518314E-03   4	    8	  239	  558	 1518	    0	    0	 7684	 7624	 7673	 7176
   305 8.601408E-04 1.555008E-04 5.395008E-04   5	  598	  809	 1175	 1197	 1323	    0	    0	 6201	 6826	 6671	 6764	 5798
   306 1.276485E-03 4.756497E-05 1.461948E-03   7	    0	    7	  192	  407	  643	  859	 1252	    0	    1	 9106	 8668	 8641	 8746	 9159	 8778	 8875
   307 1.198777E-03 4.752385E-04 3.332504E-04   2	  355	  711	    0	    0	 8477	 8284
   308 6.585408E-04 5.113905E-04 9.916739E-04  10	   60	  174	  208	  268	  270	 1890	 2266	 3246	 4305	 5031	    0	    0	 4377	 3796	 3714	 3794	 3779	 4187	 4189	 4015	 4428	 3890
   309 8.916025E-04 1.081976E-03 1.224002E-03  13	   41	   78	   87	  198	  283	  445	  520	  614	 1218	 2914	 3728	 5087	 6378	    0	    0	 6849	 6550	 6348	 6872	 6938	 6395	 6904	 6376	 6240	 6453	 6188	 6661	 7103
   310 1.127726E-03 2.144990E-04 1.644888E-05   2	  186	  190	    0	    0	 8271	 7915
   311 4.281792E-04 8.692368E-04 2.683360E-04   5	    2	  128	  136	  822	 4869	    0	    0	 2985	 3240	 3137	 2979	 9851
   312 1.266738E-03 4.043625E-04 9.584539E-04   7	    0	  752	 1063	 1830	 3026	 4276	 6201	    0	    1	 9040	 8635	 8859	 8634	 8647	 8691	10770
   313 7.983394E-04 1.041296E-03 9.898051E-04   7	  108	  137	  206	  501	 1116	 4985	 6236	    0	    0	 5234	 5217	 5698	 5270	 5750	 5417	 5481
   314 3.180782E-04 8.430903E-04 1.100951E-04   3	  245	 1281	 2087	    0	    0	 2606	 2778	 2905
   315 9.420920E-04 1.828819E-04 1.886027E-04   5	  301	  352	  980	 1103	 4945	    0	    0	 7302	 7377	 7496	 7525	 7404
   316 9.378834E-04 5.923343E-04 1.189579E-03   7	  343	  433	  656	  865	 1738	 2169	 5173	    0	    0	 7129	 7382	 6887	 6902	 7061	 6830	10902
   317 9.600000E-07 7.237257E-04 1.457596E-03   3	   -1	  453	  740	    1	    0	  190	  270	  238
   318 8.612252E-04 1.008514E-03 1.228079E-03  18	   41	  445	  488	  545	  663	  798	 1006	 1861	 1892	 2432	 3157	 4389	 4400	 4419	 4423	 4425	 5106	 6328	    0	    0	 6410	 6478	 5967	10064	 5948	10262	10958	 6943	 5909	 6638	 6479	 6662	 6554	 6481	 6574	 6480	 6572	 6456
   319 6.421582E-04 1.095324E-03 1.160722E-03  10	  118	  121	  165	  375	  448	  463	  503	  963	 3438	 3762	    0	    0	 3735	 3708	 3940	10299	10234	 4756	 4531	 4576	 4226	10278
   320 1.006314E-03 9.395901E-04 1.250605E-03  11	   41	  209	  259	  380	  392	  442	  493	  511	  813	  861	 6279	    0	    0	 7572	 7668	 7656	 7603	 7617	 7687	 7694	 7548	 7561	 7695	 7655
   321 9.378192E-04 7.362623E-04 1.268029E-03  19	  209	  228	  250	  331	  592	  650	  668	  733	  767	  786	 1013	 1196	 1249	 1527	 2202	 3138	 3537	 6323	 6379	    0	    0	 7574	 6745	 6945	 7267	 7309	 7147	 9776	 7029	 7026	 7169	10950	 6743	 7326	 7268	10959	 7486	 6873	 7091	 6832
   322 4.185792E-04 1.249901E-03 1.314500E-03   1	    1	    0	    0	 2988
   323 1.977792E-04 6.392459E-04 9.512976E-04  11	  532	  534	  560	  661	  785	  884	  982	 1022	 1362	 2185	 3452	    0	    0	 1669	 2255	 1482	 2368	10780	 2061	 1581	 1530	 1433	 2079	 1687
   324 6.018746E-04 5.655577E-04 1.154307E-03  23	   44	   62	   82	  119	  180	  401	  462	  654	  720	 1176	 1762	 2050	 2126	 2711	 2856	 3005	 4216	 4997	 5093	 5635	 6113	 6243	 6361	    0	    0	 3631	 3447	 3446	 3603	 3459	 3575	 3844	10904	 4072	 9511	10898	 3632	 3661	10863	 4007	 3781	 3530	 3612	 3633	 3613	 3601	10859	10897
   325 8.216481E-05 1.197027E-04 2.054208E-04  12	  666	 1152	 1296	 2102	 2228	 2733	 4785	 4828	 4896	 5900	 5925	 6043	    0	    0	  705	  962	  811	  635	  746	  743	  648	10445	  500	  790	  561	  619
   326 8.491598E-04 5.804341E-04 1.000636E-03  22	   59	  229	  261	  361	  402	  427	  454	  464	  471	  619	 1092	 1426	 1431	 1927	 2763	 2859	 3225	 3333	 4034	 4073	 4954	 6238	    0	    0	 5629	 6386	 6372	 5833	 5827	 6470	 6384	 6867	 6610	 5993	 5778	 6298	 5899	 5678	 9536	 9492	 5630	 5975	 6651	 5703	 9581	 5878
   327 5.285036E-05 1.266218E-03 1.249704E-05   4	  177	  528	  856	  871	    0	    0	  760	  431	  345	  346
   328 6.978659E-04 9.688153E-04 1.006762E-03  12	  117	  137	  151	  172	  501	 2842	 3130	 4092	 4106	 5075	 6173	 6262	    0	    0	 4500	 4481	 4104	 4220	 4751	10078	 4868	 4354	10835	 4406	 4355	 4869
   329 9.667063E-04 1.551366E-04 7.170357E-05   4	  190	  237	  301	 1547	    0	    0	 7592	 7459	 7301	 7632
   330 2.165752E-04 1.266223E-03 7.852608E-04   3	   86	  149	 4383	    0	    0	 1836	 2077	10714
   331 9.288374E-04 7.267972E-04 1.181718E-03  20	  223	  242	  321	  336	  419	  433	  640	  656	  786	 1013	 1249	 1721	 2202	 2992	 3359	 3650	 4184	 5100	 5152	 6131	    0	    0	 6756	 7006	 7267	 7232	 6768	 9696	10900	 7324	 7341	 7409	10956	 7411	 7410	 9736	 7281	 7007	 7166	 6903	10884	 7085
   332 4.310840E-04 1.085758E-03 4.896216E-05   3	    2	  163	  247	    0	    0	 3019	 3027	 3011
   333 7.311396E-04 4.424465E-04 1.229856E-03  12	  182	  205	  264	  356	  474	  524	  603	 1419	 1992	 2286	 3691	 6367	    0	    0	 4464	 5010	 4781	 4513	 5288	 5557	 5169	 4533	 5143	 4579	 4963	 9433
   334 9.475564E-04 6.828437E-04 4.694476E-04   5	   11	 2109	 4332	 4632	 6586	    0	    0	 7219	 7305	 7513	 9660	 7274
   335 1.047358E-03 4.195129E-04 4.631376E-04   7	  203	  490	  554	  731	 1630	 1887	 3154	    0	    0	 7748	 7874	 7808	 7793	 7887	 9379	 7783
   336 9.610000E-04 7.188446E-04 1.137350E-03  11	  124	  331	  433	  441	  640	  656	 1013	 1874	 2773	 5122	 5152	    0	    0	 7340	 7232	 7277	 7381	 7481	 7537	 7500	 7202	 7585	 7636	 7231
   337 1.225914E-03 4.674272E-04 9.988918E-04   0	    0	    0
   338 4.714929E-04 2.698036E-04 1.504046E-03   5	  111	  760	 2947	 4339	 5501	    0	    0	 3089	 3148	 3227	 9331	 3238
   339 9.306084E-04 3.097968E-04 1.305026E-03   8	   36	 1305	 2206	 2408	 2858	 3901	 3987	 6314	    0	    0	 7349	 7204	 7148	 7397	 6990	 6909	 7089	 7328
   340 5.213652E-04 9.753792E-04 9.312190E-05   7	    2	  163	  170	  412	 3706	 3850	 3983	    0	    0	 3299	 3233	 3377	 3312	 3329	 3298	 3281
   341 1.188858E-03 7.603392E-04 5.305390E-05   8	   35	   49	  159	  376	  719	  726	 1034	 1719	    0	    0	 8200	 9752	 8247	 8235	 8493	 8404	 8520	 8629
   342 9.600000E-07 6.330837E-04 1.170893E-03   5	   -1	  575	  959	  984	 1904	    1	    0	  155	  268	  226	 9646	 9564
   343 9.095497E-04 6.050971E-04 1.267181E-03   9	  316	  472	  516	  656	  999	 1051	 1738	 2169	 3493	    0	    0	 7129	 9595	 6771	 7186	 9585	 6988	 6852	 6940	 9600
   344 1.603200E-04 5.284409E-04 4.276990E-05   2	 1315	 1949	    0	    0	 1269	 1558
   345 1.318209E-04 1.142716E-03 2.092608E-04   7	  218	  222	 1336	 1969	 2352	 2862	 4929	    0	    0	 1029	  945	 1188	 1082	 1275	10450	 1332
   346 1.160487E-03 5.395008E-04 1.921920E-05   7	   29	   35	  483	  757	 1761	 2809	 5785	    0	    0	 8510	 8344	 8405	 8547	 8559	 8323	 9447
   347 9.309673E-04 1.078774E-03 1.423482E-03   9	  284	  432	  497	  588	  684	 1478	 2739	 3675	 4951	    0	    0	 7051	 7212	 7243	 6892	 6817	 7191	 6836	10231	 6947
   348 4.765471E-04 8.744023E-04 1.225809E-05   3	   54	  163	 5836	    0	    0	 3134	 3165	 3217
   349 1.215875E-03 2.199379E-04 2.046833E-04  14	    0	  758	 1047	 1472	 1706	 3238	 3711	 3854	 3913	 4212	 4775	 4847	 5496	 5945	    0	    1	 8969	 8703	 9269	10462	 8298	 8620	10412	 8395	 9240	10469	 8619	 8541	 8805	 8497
   350 1.371907E-04 1.114793E-03 4.961957E-04  15	   23	   58	  429	  590	  635	  706	  800	 1060	 2433	 3458	 3621	 3640	 5610	 6424	 6567	    0	    0	  848	  915	 1051	 1289	 1452	 1019	 1573	 1175	 1243	 1130	 1660	 1210	 1525	 1198	 1088
   351 8.471960E-04 9.498112E-04 1.379521E-03  23	  138	  284	  488	  498	  580	  632	  648	 1016	 1041	 1102	 1355	 1488	 1655	 1889	 2022	 2432	 2505	 2987	 3031	 3602	 4456	 6161	 6313	    0	    0	 6334	 6582	 6242	 6121	 5953	 6436	10035	 5714	 6792	 6585	 6053	 5760	 6533	 6248	 6537	10127	 7033	10041	 6104	 5842	 6246	 6534	10052
   352 9.682724E-04 2.017878E-04 2.364767E-04   5	  281	  315	  732	 1103	 1207	    0	    0	 7422	 7377	 7580	 7567	 7595
   353 9.361453E-04 1.929597E-04 4.582779E-04   3	  809	 1086	 2438	    0	    0	 7037	 7286	 7288
   354 8.766447E-04 4.924455E-04 1.168080E-03  10	  191	  274	  524	  750	 1010	 1015	 1738	 2393	 2774	 3082	    0	    0	 6375	 6345	 6238	 6613	 6508	 6450	 6888	 6393	 6216	 6048
   355 1.220064E-03 5.500329E-04 3.576674E-04   4	    0	  307	  655	 1658	    0	    1	 8997	 8477	 8500	 8622
   356 7.115096E-04 4.371210E-04 1.177966E-03   8	  182	  205	  333	  367	 1419	 1905	 1992	 3691	    0	    0	 4366	 4300	 4513	 4025	 4197	 4463	 5084	10894
   357 8.614940E-04 8.034785E-04 1.441002E-03   7	  104	  143	  150	  250	  478	 1203	 1732	    0	    0	 6034	 5893	 6318	 6690	 6726	 6226	 6437
   358 1.239734E-03 2.202874E-05 2.057840E-04   9	    0	 1944	 2624	 2723	 2846	 4906	 5713	 5867	 5895	    0	    1	 8952	 8513	 8598	 8540	10415	 8528	 8631	 9147	 8794
   359 6.539074E-04 6.425399E-05 2.836042E-04   7	  211	  505	  567	  776	 1347	 1805	 4864	    0	    0	 3730	 3918	 4233	 4292	 3650	 3669	 4293
   360 2.841408E-04 1.125306E-03 2.802221E-04  13	  110	  140	  142	  636	  737	  842	 1056	 2034	 2162	 4194	 4577	 5958	 6044	    0	    0	 2435	 2205	 2445	 2210	 2390	 2417	 2159	 2751	 2446	 2485	10274	 2541	 2359
   361 8.303470E-04 5.404311E-04 1.077551E-03  13	  191	  326	  492	 1192	 1426	 1703	 1823	 2346	 2859	 4034	 4073	 5690	 6238	    0	    0	 6179	 5833	 6300	 6264	 5780	 9454	 6735	 6017	 5852	 6546	 5802	 6182	 5779
   362 9.600000E-07 2.699600E-04 1.523798E-03   1	   -1	    1	    0	  199
   363 8.277618E-04 1.028398E-03 1.498232E-03  14	  138	  160	  276	  287	  489	  550	  582	  588	 1772	 2059	 2174	 2269	 2770	 4169	    0	    0	 6418	 5403	 6667	 5619	 5956	 5589	 5620	 6520	 5669	 6109	 5590	11089	 5990	 6490
   364 1.334248E-04 1.487453E-04 3.057995E-04   4	   12	  302	  741	  835	    0	    0	 1592	  966	 1169	 1294
   365 8.623283E-04 9.125271E-05 4.288244E-04   5	  158	  598	  644	 1801	 2261	    0	    0	 6289	 6254	 5796	 6466	 6040
   366 1.315181E-04 3.241357E-04 2.868764E-04   6	  249	  804	 1646	 2403	 3483	 5926	    0	    0	 1108	  964	  930	  856	 1295	 1049
   367 6.346406E-04 4.376289E-04 1.171181E-03   6	  119	  132	  182	  205	  356	 1419	    0	    0	 3595	 3691	 3648	 3941	 4025	 3955
   368 8.801407E-04 9.400746E-04 1.114077E-03   7	   41	  219	  236	  548	 1401	 1919	 6360	    0	    0	 6706	 6844	 6658	10880	 6707	 6703	 6595
   369 7.756608E-04 1.014852E-03 1.204789E-03  18	  448	  463	  488	  546	  647	  700	  787	 1726	 1892	 1951	 2414	 2508	 3731	 4372	 5105	 6338	 6395	 6413	    0	    0	 4663	 4777	 5838	 4966	 5123	 5361	10126	 5466	 5640	 4780	10915	 5200	 4508	 4661	10190	 5311	 5468	 4450
   370 6.404016E-04 1.176177E-03 1.032122E-03   3	   18	   38	  403	    0	    0	 3672	 3671	 3798
   371 7.454351E-04 1.112581E-03 1.092790E-03   6	  108	  165	  503	 5008	 6094	 6250	    0	    0	 5054	 4732	 4774	10259	 4962	10255
   372 4.778132E-04 1.492297E-05 9.459238E-04   3	  116	 3957	 5450	    0	    0	 3114	10765	 3124
   373 8.774208E-04 4.017192E-04 1.297684E-03   4	  466	  945	 1399	 1916	    0	    0	 6485	 6555	 7011	 6875
   374 8.488806E-04 1.316252E-04 2.411049E-04   3	  525	 2076	 4876	    0	    0	 6541	 6199	 6286
   375 6.996238E-04 1.168142E-03 1.176772E-03   5	  118	  130	  165	  319	 1739	    0	    0	 4110	 4628	 4169	10299	10933
   376 1.180038E-03 7.309379E-04 1.236379E-04   9	   35	   46	   49	   83	  341	  405	 1187	 3015	 6067	    0	    0	 8236	 8483	 8729	 8512	 8235	 8307	 9672	 8424	 8550
   377 8.301900E-04 1.701841E-04 7.720295E-04   4	 1929	 2301	 5249	 6732	    0	    0	 5764	 6290	 9243	 6081
   378 9.382129E-04 3.404144E-04 5.962897E-04   8	  100	  139	  187	  408	 1526	 3201	 3269	 5295	    0	    0	 6955	 7201	 6931	 6977	 7275	 7319	 7544	 7020
   379 1.158982E-03 6.403270E-05 4.569408E-04   4	  385	  393	  450	  606	    0	    0	 8162	 8250	 8655	 9141
   380 9.954573E-04 8.685284E-04 1.176941E-03  12	   41	  124	  234	  236	  320	  447	  493	  511	  640	  813	 1763	 3511	    0	    0	 7682	 7560	 7466	 7584	 7603	 7408	 7648	 7518	 7526	10937	 7517	10936
   381 8.750432E-04 8.137280E-04 4.292720E-05  10	   10	   14	   27	   39	  400	  486	 3180	 3679	 5818	 5851	    0	    0	 6058	 9799	 6821	 6125	 6761	 6692	 6491	 6463	 6916	 6915
   382 5.088000E-05 6.496205E-04 1.360322E-03   5	  171	  584	 1414	 1417	 3526	    0	    0	  316	  450	 9577	  482	 9636
   383 5.125463E-05 1.662040E-04 1.508615E-03   2	  585	 2422	    0	    0	  451	  567
   384 1.277760E-03 1.266658E-03 8.275008E-04   3	    0	    3	 6801	    0	    1	 9033	 8612	10693
   385 1.155859E-03 1.094185E-05 4.653635E-04   2	  379	  606	    0	    0	 8162	 8443
   386 8.169591E-04 2.768930E-05 1.525285E-03   0	    0	    0
   387 8.857062E-04 7.553142E-04 9.263928E-04   9	  124	  135	  266	  658	  853	 1532	 1559	 3826	 5351	    0	    0	 6827	 6696	 6543	 6722	 7001	 6646	 6749	 6674	 6565
   388 2.928185E-04 1.177760E-03 3.871758E-04   7	   22	  142	  669	 1420	 2034	 3355	 4703	    0	    0	 2649	 2447	 2421	 2422	 2727	 2517	 2505
   389 7.072598E-04 8.212947E-04 1.201542E-03  15	  112	  213	  246	  465	  599	  972	 1171	 3755	 4207	 5091	 5092	 5174	 5178	 6138	 6368	    0	    0	 4283	 9921	 4172	 9912	 4505	 4629	 4632	 4024	 4433	 4043	 9849	 4329	 4758	 4361	 4009
   390 6.368153E-04 9.094911E-04 1.212002E-03   9	   84	  121	  145	  213	  465	 1514	 1988	 2252	 5091	    0	    0	 3577	 3635	 3636	 3674	 3929	 3914	 3805	10019	 3957
   391 1.621791E-04 2.118605E-04 1.177636E-04  12	   12	   20	   93	  201	  225	  666	  727	  851	  852	 1296	 1370	 4377	    0	    0	 1292	 1560	 1615	 1103	 1436	  944	 1377	 1215	  925	  883	 1079	 1862
   392 9.667672E-04 8.995293E-04 1.287883E-03  13	   41	  209	  320	  442	  511	  813	 1041	 1159	 1266	 3464	 3740	 4395	 6279	    0	    0	 7487	 7425	 7617	 7619	10010	 7502	10053	 7347	 7470	 7444	 7361	 7344	10047
   393 1.177992E-03 1.081618E-04 4.633852E-04   5	  127	  379	  573	  657	  912	    0	    0	 8214	 8250	 8633	 8215	 8515
   394 1.274748E-03 3.699041E-04 1.525195E-03   4	    0	  271	  298	 5476	    0	    1	 9121	 8802	 8610	 8909
   395 7.364203E-04 6.950208E-04 8.474326E-04   8	   79	  115	  194	  197	  235	  686	 2710	 6645	    0	    0	 4347	 4592	 4651	 4346	 5028	 4267	 4550	 4866
   396 1.202363E-03 1.262605E-03 3.182852E-04   3	    3	  398	 3703	    0	    0	 8188	 8327	 8136
   397 7.976583E-04 5.660851E-04 1.323929E-03  14	  107	  264	  265	  451	  516	  603	  717	  940	 1067	 1500	 2091	 2492	 2720	 5684	    0	    0	 5315	 5016	 5093	 5952	 6160	 5686	 6101	 5812	 5203	 5888	 5219	 5639	 5840	 5561
   398 1.174519E-03 1.202108E-03 3.605534E-04   4	    3	  396	  681	 3590	    0	    0	 8185	 8327	 8266	 8179
   399 8.956778E-04 1.261308E-03 1.227403E-03   1	 2551	    0	    0	 6143
   400 9.105769E-04 8.264484E-04 1.095011E-05   7	   27	  381	  486	  629	 1334	 4523	 5818	    0	    0	 7389	 6761	 6837	 7226	 7247	 7334	 6951
   401 6.134400E-04 6.892608E-04 1.070270E-03  34	   44	   48	   61	   62	   63	   72	  258	  290	  324	  710	  971	 1173	 1363	 1788	 1865	 2135	 2375	 2711	 3000	 3381	 3892	 3976	 4031	 4048	 4085	 4123	 5144	 6096	 6097	 6100	 6115	 6124	 6243	 6258	    0	    0	 3690	 9673	 3445	 3384	 3444	 3558	 4123	 3663	 3575	 9732	 3911	 4222	 9685	 3831	 3546	 4042	 3939	 9575	 4038	 3593	 3614	10848	 3893	 3829	 3954	 3602	 3662	 3647	 9713	 3560	 4020	 3859	 3559	 3504
   402 7.995457E-04 5.574742E-04 9.713305E-04  12	   59	  326	  538	  619	  801	 1431	 2406	 3225	 3333	 3669	 5401	 6695	    0	    0	 5652	 5827	 5351	 6085	 5298	 5771	 6255	 9514	 5748	 5875	 9534	 5726
   403 6.456653E-04 1.197360E-03 9.984192E-04   3	   18	   38	  370	    0	    0	 4002	 3684	 3798
   404 6.502033E-04 1.030027E-04 4.463964E-04   5	  211	  543	 1168	 1198	 1513	    0	    0	 3867	 4265	 3657	 3643	 4153
   405 1.192301E-03 7.648346E-04 1.503408E-04   5	   46	  159	  376	  719	 1719	    0	    0	 8381	 8380	 8307	 8560	10386
   406 6.611623E-04 3.250737E-04 5.521172E-04   5	  763	 1521	 1571	 1869	 1913	    0	    0	 3777	 3919	 4398	 9281	 3983
   407 1.277760E-03 1.185366E-05 1.435200E-03   5	    0	    7	  192	  306	 1252	    0	    1	 9103	 8714	 8716	 8746	 8894
   408 8.942255E-04 3.260849E-04 6.372416E-04   4	  187	  378	  769	 1526	    0	    0	 6403	 6977	 6590	 9284
   409 9.091624E-04 7.788853E-04 1.109741E-03  13	  124	  255	  441	  612	  642	  680	 1404	 1874	 5152	 6091	 6143	 6145	 6169	    0	    0	 7143	 6504	 7058	 6843	 6736	 7042	 6870	 9727	 7220	 6505	 6828	 6429	 6738
   410 1.968405E-04 5.531154E-04 1.001605E-03   8	  532	  578	  735	  913	  982	 2900	 3992	 6200	    0	    0	 2001	 1533	 2109	 2203	 1532	 2243	 2062	 2157
   411 8.720568E-04 6.692280E-04 8.708886E-04   9	  115	  266	  454	  468	 1532	 1842	 2946	 3348	 6662	    0	    0	 5917	 6370	 6623	 6291	 6803	 6382	 6728	 6720	 6203
   412 5.481602E-04 9.856004E-04 1.971365E-05   3	  163	  170	  340	    0	    0	 3292	 3376	 3312
   413 9.418479E-04 3.714587E-04 3.447795E-04   5	  522	  834	 1136	 1178	 4546	    0	    0	 7141	 9335	 7140	 9348	 7249
   414 2.847921E-04 9.438435E-04 4.460712E-04  14	   21	  189	  601	  864	 1220	 1398	 2678	 3053	 3055	 3195	 4066	 4173	 5790	 6601	    0	    0	 2437	 2299	 2520	 2290	 2371	 2148	10026	 2189	 2187	 2411	 2768	10120	 2247	10037
   415 8.966208E-04 9.703773E-04 1.353630E-04   4	   24	   34	   39	  267	    0	    0	 6880	 6561	 6560	 7055
   416 3.464016E-04 4.703808E-04 1.735641E-04   2	   57	  602	    0	    0	 2654	 2797
   417 4.505127E-05 9.748729E-04 1.048030E-04   6	   -1	  279	  604	  807	 1172	 4754	    1	    0	   18	  553	  555	  570	  386	10383
   418 6.639405E-04 1.268188E-03 1.285173E-03   2	  106	 1093	    0	    0	 3930	 3607
   419 8.865671E-04 7.006683E-04 1.224384E-03  10	  223	  228	  331	  458	  767	  808	  999	 3359	 5664	 6363	    0	    0	 6685	 6432	 6768	 6634	 6874	 9716	 6757	 9694	 9676	 6531
   420 9.817130E-04 1.139581E-03 3.467197E-04   4	    2	   19	  248	 1620	    0	    0	 7379	10296	 7461	 7451
   421 1.160383E-03 1.342080E-05 1.093352E-03   3	    7	  181	 2572	    0	    0	 8191	 8279	 8175
   422 1.007034E-03 2.048667E-04 1.914811E-04   3	 1687	 2356	 6047	    0	    0	 7710	 7633	 7699
   423 8.244245E-04 1.083577E-03 1.315181E-03  15	  300	  500	  663	  798	 1343	 2578	 2914	 3028	 3044	 3580	 3722	 3751	 4427	 5607	 6121	    0	    0	 5759	 6276	10241	 6356	 6332	11004	 6241	 6313	 6415	 6032	 6029	 5537	10289	 5890	 6279
   424 6.806378E-04 1.091479E-03 1.401099E-03   5	  160	  227	  277	  595	 2041	    0	    0	 4542	 4179	 4210	 3996	10286
   425 8.242477E-04 1.093483E-03 1.132427E-03   6	  108	  198	  503	 1435	 3136	 3867	    0	    0	 6046	 6214	 5503	 5603	10260	 5733
   426 6.917677E-04 6.191974E-04 3.863965E-04   4	  164	  195	  289	  609	    0	    0	 5261	 4100	 3966	 4085
   427 8.751765E-04 6.522400E-04 9.968876E-04  17	  326	  454	  471	  600	  658	  853	  939	 1098	 1559	 2094	 2100	 3158	 3229	 3933	 4979	 5556	 6176	    0	    0	 6470	 6444	 6699	 7002	 6648	 6957	 6062	 9683	 6750	 9619	 6114	 6385	 6842	 6673	10832	 6676	 5976
   428 1.504619E-04 1.168104E-03 3.778625E-04  12	   23	   85	  849	 1341	 1497	 2237	 2304	 2652	 2660	 4529	 5771	 6009	    0	    0	  967	  999	 1771	 1494	10567	 1731	 1758	 1315	10339	10317	10547	 1621
   429 1.470328E-04 1.067707E-03 4.690563E-04  20	   21	   23	  189	  278	  350	  590	  800	 1690	 2431	 2582	 2922	 3807	 4290	 4720	 4731	 5610	 6471	 6472	 6532	 6551	    0	    0	 1774	  950	 1626	 1776	 1051	 1526	 1601	 1369	 1068	 1197	 1427	 1594	 1653	10287	 1003	 1544	 1549	 1131	 1708	 1406
   430 1.184621E-03 8.803643E-04 7.221007E-05   5	   16	  159	  518	  726	 1448	    0	    0	 8283	 8212	 8282	 8221	 8322
   431 9.283921E-04 2.350656E-04 3.731844E-04   3	  743	 1086	 2217	    0	    0	 7078	 7337	 7273
   432 9.746551E-04 1.034003E-03 1.407016E-03   7	  276	  347	  455	 1478	 1531	 2280	 3675	    0	    0	 7258	 7212	 7533	 7299	 7385	11061	 7285
   433 9.512295E-04 6.266818E-04 1.136908E-03  11	  316	  331	  336	  441	  458	  464	  471	  566	  656	 2736	 5173	    0	    0	 7382	 9696	 7277	 7423	 7060	 7230	 7098	 7043	 7233	 7100	 7279
   434 2.742195E-04 3.321254E-04 9.236425E-04  13	  974	 1083	 1964	 2000	 2200	 2920	 3311	 3753	 4172	 5039	 5353	 6641	 6657	    0	    0	 2478	 2615	 2429	 2755	 9364	 2602	 2724	 9322	 9346	 2616	 2736	 2560	 9334
   435 1.015991E-03 7.599001E-04 3.949614E-04   3	  889	 1494	 6536	    0	    0	 7634	 7756	10582
   436 7.541808E-04 3.476946E-05 1.162940E-04   2	  540	  721	    0	    0	 4863	 5002
   437 7.366079E-04 6.634869E-04 1.229822E-03  12	  112	  620	  971	 1163	 1841	 3723	 3982	 4160	 5089	 6298	 6376	 6405	    0	    0	 9705	 4584	 4666	 5091	 9698	 9649	 4535	 4637	10934	 4988	 4717	 4511
   438 8.261349E-04 5.808602E-04 1.178692E-03   6	  492	  610	  796	 1500	 2997	 6128	    0	    0	 6477	 9543	 5999	 5784	 6096	 6097
   439 5.605923E-05 1.080382E-03 2.644515E-04  13	   -1	   23	   85	  218	  222	  272	 2155	 3827	 3861	 4380	 4866	 5937	 5975	    1	    0	   45	  502	  592	  575	  358	  414	  272	  659	  673	  254	10271	  515	  388
   440 5.616000E-04 3.811840E-04 2.008215E-04   4	  529	  768	  791	 2513	    0	    0	 3462	 3401	 3354	 3395
   441 9.553480E-04 6.683914E-04 1.086044E-03  12	  124	  336	  409	  433	  464	  471	  566	  612	 1098	 1783	 1874	 2839	    0	    0	 7122	 7381	 7058	 7423	 7276	 7022	 7123	 6869	 6808	 6868	 7183	 7142
   442 1.012418E-03 8.939118E-04 1.301440E-03   5	  209	  320	  392	  461	 1266	    0	    0	 9925	 7687	 7619	 7659	 7657
   443 8.361696E-04 8.505408E-04 1.333302E-03  15	  216	  250	  498	  632	  648	  855	 1312	 1445	 2089	 3183	 4210	 4226	 5602	 6122	 6286	    0	    0	 6688	 6077	 6120	11068	 6359	 5951	 5689	 6005	 6245	 5969	 9894	 5688	 9941	 5987	 6355
   444 4.176024E-04 6.636880E-05 5.145792E-04   3	  114	  293	 1821	    0	    0	 2898	 3160	 2830
   445 8.361600E-04 1.056901E-03 1.204807E-03  11	   41	  309	  318	  614	  663	 1435	 1726	 3157	 3332	 3728	 4425	    0	    0	 6507	 6395	 6478	 6187	 5927	 5946	 5785	 6351	10237	10266	 6307
   446 1.932506E-04 5.210468E-04 8.774208E-04  18	  560	  908	  948	 1002	 1577	 1656	 1915	 2138	 2474	 2478	 2485	 2643	 2743	 5449	 5468	 6644	 6783	 6794	    0	    0	 1969	 2039	 1690	 1971	 2010	 1689	10725	 2036	 9487	 2198	 9491	 9495	 1877	 1668	 1765	 1503	 1609	 9419
   447 9.303579E-04 8.520978E-04 1.143113E-03   9	  234	  236	  285	  380	  511	  640	  680	 3441	 3443	    0	    0	 7407	 9930	 6934	 7408	 7185	 7359	 7165	 9857	 6937
   448 6.750414E-04 1.043955E-03 1.186579E-03  12	  118	  319	  369	  463	  917	 1202	 2051	 3404	 5090	 5105	 5167	 6356	    0	    0	 3976	10234	 4663	 4362	 4282	 4304	 4170	 4448	 4447	 4510	 4248	 4112
   449 7.908005E-04 6.669247E-04 1.309661E-03  21	  104	  107	  112	  228	  451	 1163	 1380	 1626	 1939	 2486	 2720	 3488	 4345	 4407	 4408	 4436	 4438	 4445	 6302	 6326	 6341	    0	    0	 5713	 5205	 5367	 5641	 6028	 5344	 5984	 5474	 9760	 5206	 9582	 5662	 6222	 9611	 5204	 5687	 5866	 6030	 5863	 5252	 5564
   450 1.258570E-03 7.968590E-05 4.838208E-04   4	    0	  379	  606	 4647	    0	    1	 9014	 8655	 8689	 8898
   451 8.393820E-04 6.386699E-04 1.344469E-03   9	  104	  107	  397	  449	  472	  516	  535	 4264	 4407	    0	    0	 5691	 5690	 5952	 6028	 6399	 6310	 6163	 6278	 6118
   452 6.650940E-04 6.251666E-04 9.503808E-04   8	   48	   60	   79	  252	  883	 2681	 3243	 3870	    0	    0	 3906	 4051	 4214	 3922	 3935	 4375	 4268	 4319
   453 2.963985E-05 7.053123E-04 1.405459E-03   5	   -1	  171	  317	  584	 3658	    1	    0	  185	  234	  270	  441	  235
   454 8.977210E-04 6.002759E-04 9.515440E-04  14	  229	  261	  326	  411	  427	  468	  479	  600	  619	  853	  939	 2406	 3348	 4204	    0	    0	 6956	 6766	 6384	 6623	 6444	 6606	 6841	 6978	 6425	 9644	 6426	 9558	 6497	 6607
   455 1.005190E-03 1.001339E-03 1.363015E-03  11	  259	  432	  705	  861	 1041	 1122	 1462	 1531	 2280	 2505	 4422	    0	    0	 7490	 7533	 7620	 7689	 7446	 7427	 7658	 7453	 7540	 7472	 7532
   456 1.277760E-03 1.755682E-04 3.182848E-04   6	    0	  814	  918	 4121	 5480	 5485	    0	    1	 8983	 8706	 9223	 8897	 8880	 8912
   457 8.805981E-05 3.456192E-04 9.793920E-05   7	   93	  201	  556	 2392	 3338	 3556	 4233	    0	    0	  774	  637	  559	  524	  601	 9372	  721
   458 8.937578E-04 6.796992E-04 1.169261E-03  14	  419	  433	  566	  656	  865	  999	 1874	 2992	 3652	 4124	 4986	 5135	 5173	 6131	    0	    0	 6634	 7060	 6829	 9615	 6848	10945	 6884	 6739	 7127	 6935	10876	 6594	 7086	 6936
   459 1.041872E-03 2.907208E-04 1.926322E-04   9	  730	  749	 1103	 2129	 2284	 3884	 4837	 4848	 4948	    0	    0	 7772	 7805	 7707	 9274	 7968	10438	 7979	 8156	 9279
   460 1.149341E-03 8.808773E-04 1.335448E-03   5	 4452	 4465	 5114	 6098	 6320	    0	    0	 8181	 8420	 8332	 8304	 8432
   461 9.752296E-04 8.664230E-04 1.395466E-03   9	  138	  209	  442	  478	  632	  705	 1159	 1385	 3012	    0	    0	 7209	 7375	 7659	 7113	 7284	 7311	 7271	 7332	 7298
   462 6.533038E-04 4.963184E-04 1.102593E-03  15	  102	  119	  132	  205	  270	  324	  622	  720	 1684	 1824	 3062	 3063	 3832	 3972	 6114	    0	    0	10846	 9445	 3723	 4006	 3763	 3844	 4241	 4124	 3975	 4358	 4122	10862	 3799	 9521	 9450
   463 7.364798E-04 1.047358E-03 1.179902E-03  14	  121	  319	  369	  448	  482	  963	 1435	 2051	 2414	 2527	 3413	 3762	 4118	 5167	    0	    0	 4431	 4756	 4777	 4362	 4560	10265	 5335	 4359	10908	 5283	10167	 4809	 4776	 4331
   464 9.473641E-04 6.112572E-04 1.079839E-03   9	  191	  326	  433	  441	  471	  600	  676	 1823	 6088	    0	    0	 7321	 6867	 7230	 7276	 6785	10801	 7144	 6883	 7124
   465 6.840963E-04 9.067429E-04 1.230172E-03  20	  112	  389	  390	  494	  546	  683	  972	 1486	 1514	 1551	 1746	 1879	 1988	 2252	 2385	 3779	 5091	 5101	 6374	 6385	    0	    0	 9909	 9912	 3929	 4278	 4759	 4506	 4630	 9932	 3960	 4251	 4583	 4853	 3990	10983	 4365	10972	 4073	 4604	 4246	 4077
   466 8.614884E-04 3.705408E-04 1.314240E-03   7	  373	  514	  639	  945	 1135	 2133	 3987	    0	    0	 6485	 6618	 6193	 6557	 6361	 6514	 6906
   467 3.144982E-05 4.504641E-04 1.386964E-03   6	   -1	  698	 1091	 1409	 2120	 2142	    1	    0	  183	  233	  425	  344	 9428	  297
   468 8.705604E-04 6.232707E-04 8.769200E-04   5	  411	  454	  479	 3428	 6625	    0	    0	 6291	 6606	 6525	 6202	 9596
   469 6.239992E-05 1.221814E-03 4.619987E-04   4	   23	   58	  793	 2290	    0	    0	  419	  727	  732	10624
   470 1.259052E-03 1.257837E-03 1.659156E-04   3	    0	  688	 1040	    0	    1	 8947	 8653	 8749
   471 8.840996E-04 6.442494E-04 1.086701E-03  18	   88	  326	  427	  433	  441	  464	  566	  664	  829	 1098	 1192	 1823	 3815	 4954	 4979	 5556	 6117	 6271	    0	    0	 6475	 6610	 6699	 7098	 7022	 6785	 6655	 6265	 6152	 6753	 6656	 6899	 9598	 6236	 9645	 6569	 6343	 6958
   472 8.823950E-04 6.422296E-04 1.335164E-03  13	  228	  343	  451	  516	  535	  592	  733	  767	  999	 1051	 1265	 3322	 4390	    0	    0	 6578	 9595	 6399	 6598	 6581	 6890	 6858	 7105	 6810	 6966	 6686	 6989	 9651
   473 7.385140E-04 7.685147E-04 1.056019E-03  15	   88	  221	  246	  255	  587	  843	  910	 1162	 1166	 1303	 2114	 2973	 4975	 5054	 5060	    0	    0	 5654	 4620	 4871	 5163	10811	 4484	 4804	10833	 4553	10810	 5354	10843	 4982	 9755	 5573
   474 7.987392E-04 4.729004E-04 1.245231E-03   8	  264	  333	  524	  603	 1015	 1500	 2774	 3082	    0	    0	 5201	 5288	 5757	 5248	 5966	 9474	 9453	 5981
   475 1.270831E-03 3.704077E-04 1.052054E-05   3	    0	  483	 1601	    0	    1	 8916	 9394	 8758
   476 1.055412E-05 2.377508E-05 2.764608E-04   3	   -1	  583	  846	    1	    0	   49	  255	  273
   477 1.277760E-03 5.788336E-05 3.785083E-04   9	    0	  857	  977	 1026	 1570	 1832	 2016	 3115	 4471	    0	    1	 8994	 8845	 8783	 8769	 8834	 9136	 8857	 8742	 8732
   478 9.132871E-04 8.014396E-04 1.404847E-03   6	  209	  250	  357	  461	  650	 1203	    0	    0	 7149	 6725	 6726	 7113	 6993	 6775
   479 8.407571E-04 5.608491E-04 8.571187E-04   7	   59	  261	  454	  468	 2406	 2941	 6660	    0	    0	 5897	 6292	 6841	 6525	10733	 5972	 6293
   480 1.236635E-03 2.925075E-04 3.408028E-04   7	    0	  217	  484	  713	  935	 1458	 1898	    0	    1	 8995	 8173	 8398	 8765	 8160	 8355	 8147
   481 6.748794E-04 8.543808E-04 1.320383E-03  17	   66	   71	  103	  738	 1064	 1089	 1108	 1551	 2218	 2252	 2288	 2515	 3829	 3918	 4158	 4451	 5161	    0	    0	 3790	 3678	 3710	 4536	 3946	 4258	 4517	 4335	11024	 3746	 3737	11046	 9983	 4308	 3792	 4471	 4118
   482 7.495348E-04 1.006661E-03 1.128979E-03  10	  121	  263	  463	  990	 1847	 2006	 2137	 2248	 2414	 4118	    0	    0	 4559	 5057	 4560	 4627	 5167	10141	10155	 5463	 5119	 4733
   483 1.230490E-03 4.569408E-04 1.153920E-05   7	    0	   29	  346	  475	  757	 1601	 5768	    0	    1	 8930	 8702	 8405	 9394	 8570	 8616	 8738
   484 1.227726E-03 2.564845E-04 4.070208E-04   3	  480	  713	  935	    0	    0	 8398	 8710	 8285
   485 1.068742E-03 1.561040E-04 1.473859E-03   7	   36	  294	  755	 1048	 2190	 2686	 4690	    0	    0	 7869	 7903	 7734	 7728	 9244	 7882	 7909
   486 8.878763E-04 9.010193E-04 1.051602E-05   8	   39	  381	  400	  629	 1352	 5777	 5799	 5817	    0	    0	 6368	 6692	 6837	 7075	 7035	 6539	10050	 6838
   487 1.062618E-03 2.275182E-04 1.546999E-04   9	  286	  882	 1156	 1674	 1687	 3263	 3720	 4309	 6031	    0	    0	10426	 7935	 7854	 7885	10418	 7986	 7927	 7993	10406
   488 8.037478E-04 9.627540E-04 1.278739E-03  22	  318	  351	  369	  616	  648	  779	  787	  907	 1147	 1488	 1579	 1892	 2056	 2432	 2508	 3571	 3602	 4039	 6284	 6308	 6347	 6395	    0	    0	 5967	 6242	 5838	 5365	10057	 5813	 5740	 5712	 5220	11034	 5421	 5583	 5471	 6484	 5287	 6156	 5986	 6397	 5446	 6273	 5947	10951
   489 7.939265E-04 9.297831E-04 1.502448E-03  17	  138	  150	  363	  582	 1164	 1254	 1355	 1576	 1948	 1991	 2059	 2174	 2269	 3301	 4139	 4336	 5252	    0	    0	 6123	 5404	 5956	 5843	 5316	 5155	10071	 5211	 5518	 5449	 6056	 5293	 5718	 5694	 5429	 5955	11076
   490 1.080979E-03 3.451029E-04 4.658743E-04   4	  335	  554	 1775	 3107	    0	    0	 7874	 7878	 8122	 9328
   491 5.179016E-04 9.071965E-04 6.421884E-04   3	    5	 2487	 2874	    0	    0	 3335	 3319	 9957
   492 8.457500E-04 5.683392E-04 1.133652E-03  10	  191	  361	  438	  750	  865	 1192	 1337	 2997	 6128	 6166	    0	    0	 6344	 6300	 6477	 9496	 6633	 6430	 6068	 6326	 9537	 6788
   493 1.001282E-03 8.058238E-04 1.227459E-03  12	  209	  320	  380	  640	  674	 1527	 1763	 2202	 2773	 3138	 3511	 3715	    0	    0	 7604	 7694	 7648	 7483	 7539	 7468	 7586	 7587	 7615	 7528	 7616	 7527
   494 6.513729E-04 9.323258E-04 1.131830E-03  12	  105	  121	  172	  465	  729	  972	 1536	 2051	 3413	 3991	 4957	 6374	    0	    0	 3765	 3766	 4041	 4278	 4486	 4140	 4461	 4093	 4445	 4240	10860	 4171
   495 3.262080E-05 9.193662E-04 5.558396E-04  16	   -1	  515	 1112	 2399	 2785	 2958	 3006	 3011	 3021	 3108	 4359	 4631	 4634	 5257	 5290	 6431	    1	    0	  110	  391	10122	  627	  605	  543	10633	 9968	  582	  471	  209	  390	  654	 9943	  662	  261
   496 1.229641E-03 8.721077E-04 1.368941E-03   0	    0	    0
   497 9.657792E-04 1.099206E-03 1.352644E-03  10	  259	  347	  500	  652	  684	 1319	 1478	 2509	 2739	 2935	    0	    0	 7563	 7243	 7188	 7136	 7137	 7187	11060	11032	 7190	 7418
   498 8.088131E-04 8.787204E-04 1.395153E-03  12	  138	  250	  351	  443	  632	  648	 1355	 1732	 2314	 2355	 4131	 4307	    0	    0	 6283	 5715	 6121	 6120	 6365	 5868	 5891	 6033	 6194	 6035	 9907	 5668
   499 5.857466E-05 1.046876E-03 6.172262E-04   9	   58	 1436	 1483	 2226	 2441	 2791	 3223	 3777	 5299	    0	    0	  519	10219	  422	  477	  756	  878	  729	10672	  376
   500 8.707208E-04 1.166774E-03 1.319991E-03  11	  423	  497	  520	  533	  652	  684	 1005	 1319	 2337	 2434	 2578	    0	    0	 6276	 7188	 6457	 6162	 6834	 7048	 6330	 7090	 6813	 6812	 6191
   501 7.552571E-04 9.878372E-04 1.007036E-03  13	  108	  117	  137	  172	  313	  328	  539	 2383	 3130	 4972	 5053	 6253	 6254	    0	    0	 4682	10109	 5453	 4618	 5270	 4751	 5268	10838	 5079	 4954	10800	10805	 4848
   502 6.331046E-04 9.661387E-04 1.218248E-03   5	   84	  118	  121	  917	 1007	    0	    0	 3664	 3804	10139	 3987	 3961
   503 7.607473E-04 1.110492E-03 1.125139E-03   8	   78	  130	  165	  319	  371	  425	  728	 5621	    0	    0	 5578	 4852	 4530	 4531	 4774	 5503	 5358	10280
   504 8.112430E-05 1.062571E-03 1.989478E-04   7	  218	  279	  645	  807	 1715	 5872	 5961	    0	    0	  745	  587	  539	  526	  762	  744	  641
   505 6.766592E-04 1.086713E-04 1.817329E-04   4	  359	  776	 1180	 1805	    0	    0	 3918	 4264	 4419	 3728
   506 2.547729E-04 4.403123E-04 4.582108E-04   2	 1507	 4646	    0	    0	 2218	 2395
   507 7.594261E-04 8.629353E-04 1.223021E-03  18	  112	  546	  708	  787	  855	 1765	 1879	 2151	 2176	 3365	 3657	 3717	 4398	 5085	 5092	 6375	 6406	 6408	    0	    0	 4920	 5034	 5014	 5607	 5926	 5558	 5218	 5487	 5661	 5443	10018	 9993	 5488	 5859	 5087	10957	 5445	 9850
   508 6.499179E-04 6.387253E-04 1.242757E-03  14	   44	   61	   82	  113	  620	  654	  722	  775	  921	 1363	 3275	 5676	 6381	 6384	    0	    0	10926	 3666	 3637	 3883	 9657	 3770	 4059	 4075	 3943	 3958	 4228	 9566	 3820	 3786
   509 6.653818E-05 5.710034E-04 1.350733E-03   6	  584	 1027	 1417	 3192	 4420	 5363	    0	    0	  510	11023	11040	  462	  645	 9502
   510 4.360251E-06 7.209082E-04 1.293394E-03   6	   -1	  171	  575	  836	 1392	 6316	    1	    0	  166	  213	  230	  408	  249	  214
   511 9.364192E-04 8.713461E-04 1.206474E-03  17	   41	  234	  236	  242	  320	  380	  392	  447	  640	  813	 1374	 1401	 1763	 1861	 4268	 5099	 6365	    0	    0	 7482	 7395	 7168	 6985	 7548	 7518	10010	 7185	 7323	 7416	 7024	 6984	 7441	 7307	 7325	10030	 7126
   512 6.974715E-05 4.341978E-05 3.712338E-04   3	  291	  583	  821	    0	    0	  557	  542	 9153
   513 1.033847E-03 1.470381E-04 2.944338E-04   5	 1053	 1207	 1595	 3052	 4322	    0	    0	 7764	 7733	 7755	 7868	 7807
   514 9.048628E-04 3.734342E-04 1.384662E-03  13	   37	  466	  969	 1044	 1399	 2140	 2206	 2641	 3415	 3901	 3987	 4084	 4964	    0	    0	 7329	 6618	 6992	 9377	 7108	 7241	 6969	 6948	 7152	 9318	 6923	 6814	 7174
   515 2.272792E-05 9.744097E-04 5.578803E-04  10	   -1	  495	 1259	 1327	 1436	 2226	 3647	 3777	 6434	 6481	    1	    0	  116	  391	  208	  332	  506	10153	10157	10164	  493	  375
   516 8.511868E-04 6.016400E-04 1.296335E-03  12	  343	  397	  451	  472	  717	 1380	 1614	 2169	 2720	 3505	 4407	 4418	    0	    0	 6771	 6160	 6310	 6598	 6158	10985	 9512	 9576	 6100	 6515	 6190	 6329
   517 6.806400E-04 1.236362E-03 8.948212E-06   2	    2	 4234	    0	    0	 3850	 4883
   518 1.169506E-03 8.762084E-04 8.760851E-06   4	  430	  726	  952	 1448	    0	    0	 8282	 8234	 8377	 8335
   519 2.484456E-04 6.193826E-04 9.418683E-06   2	  826	 1566	    0	    0	 1933	 2501
   520 8.910570E-04 1.135670E-03 1.269313E-03  10	   78	   87	  309	  500	 1231	 1319	 2434	 2578	 3155	 6378	    0	    0	10308	 6219	 6904	 6457	 7064	 6853	 6513	 6157	 7027	 7145
   521 7.906163E-04 1.060740E-03 1.380666E-03  14	  288	  300	  550	  634	  928	 1717	 1737	 1855	 2245	 3211	 3580	 5456	 6281	 6291	    0	    0	 4972	 5178	 5667	 4971	 5209	10246	 5019	 5617	 5347	10279	 5930	 5371	10214	 5424
   522 9.502134E-04 3.315833E-04 3.423393E-04   4	  413	  834	 1178	 2956	    0	    0	 7141	 7095	 7317	10494
   523 1.367840E-05 8.033175E-04 1.424876E-03   4	   -1	    1	  931	 5983	    1	    0	  189	  236	  485	11088
   524 8.123469E-04 4.426802E-04 1.181170E-03   9	   44	  205	  274	  333	  354	  474	 1992	 2466	 3082	    0	    0	 5882	 5605	 6069	 5557	 6238	 5757	 5579	 5658	 5980
   525 8.851008E-04 1.811717E-04 2.544610E-04   5	  374	  633	  703	 1225	 2455	    0	    0	 6541	 6602	 6763	 6928	 6748
   526 7.730735E-04 8.614915E-04 1.056185E-03  17	  221	  255	  587	  729	 1477	 1545	 1982	 2826	 3226	 4003	 4038	 4093	 4163	 4993	 5063	 6255	 6270	    0	    0	 4957	 5327	 5415	 4892	10827	 5706	 5803	 5438	 5236	 5302	 5705	 5386	 5631	 9940	 5632	 4870	 5938
   527 3.023866E-04 7.050184E-04 2.056242E-04   2	 2868	 4766	    0	    0	 2803	 9748
   528 5.643791E-05 1.269266E-03 6.041005E-05   3	  327	  761	  871	    0	    0	  431	  647	  432
   529 5.982067E-04 3.520552E-04 1.443783E-04   5	  440	  791	 1182	 2194	 2464	    0	    0	 3462	 3419	 3497	 3749	 3618
   530 1.840849E-04 7.698455E-05 1.642909E-04   5	   12	  184	  241	 1980	 3103	    0	    0	 1751	 1488	 1842	 1912	 1721
   531 3.609408E-04 1.073261E-03 1.148337E-03   4	    1	  562	 1689	 6362	    0	    0	 2842	 2894	 2853	10277
   532 2.079257E-04 6.099878E-04 1.017619E-03   9	  323	  410	  534	  578	  785	  884	  982	 3992	 5078	    0	    0	 1669	 2001	 2040	 1932	 2063	 2127	 1582	 2256	 9528
   533 8.126383E-04 1.178303E-03 1.340184E-03   8	   87	  160	  287	  300	  500	  564	  691	 1005	    0	    0	 5865	 5254	 5348	 5585	 6162	 5743	 5346	 6312
   534 2.444018E-04 6.218391E-04 9.299003E-04  14	  323	  532	  560	  661	  884	  982	 1022	 2185	 2457	 3174	 3241	 4150	 5414	 6643	    0	    0	 2255	 2040	 2093	 2338	 2202	 2000	 2225	 2224	 2200	 9552	 2228	 2156	 2511	 2579
   535 8.497284E-04 6.969792E-04 1.384953E-03   8	  104	  228	  250	  451	  472	  592	  733	 1203	    0	    0	 6106	 6400	 6583	 6163	 6581	 6908	 6835	 6225
   536 7.101928E-04 6.940056E-04 9.935374E-04  14	   76	  252	 1107	 1162	 2114	 2379	 3895	 3990	 3997	 4975	 5038	 6182	 6682	 6706	    0	    0	 4709	 4219	 5107	 4598	 5325	 4572	 9731	 4483	 9633	10819	 4480	 4357	 5006	 4800
   537 5.386330E-04 1.737577E-04 2.704068E-04   4	  563	 1321	 1347	 2222	    0	    0	 3330	 3369	 3396	10511
   538 7.633935E-04 5.510208E-04 9.533821E-04  12	   59	   60	  402	  579	  801	 3669	 3897	 4286	 4305	 5366	 5401	 6698	    0	    0	 5295	 4522	 5351	 4867	 4952	 5296	 4821	 4951	 9483	 5233	 5159	 5319
   539 7.996835E-04 9.647913E-04 1.002221E-03   7	  117	  206	  219	  501	 3928	 6237	 6253	    0	    0	 5267	 5770	 6405	 5268	 6044	10086	 5597
   540 7.094429E-04 1.113408E-04 7.592159E-05   5	  436	  704	  721	 2229	 2845	    0	    0	 4863	 4495	 5067	 4263	 4291
   541 1.055363E-03 6.719808E-04 2.745408E-04   2	 1558	 2898	    0	    0	 7824	 7904
   542 9.940695E-04 7.994599E-04 2.960794E-04   7	   47	   67	  571	 1819	 2890	 3065	 5977	    0	    0	 7366	 7713	 7392	 7642	 7725	 7754	 7511
   543 7.188037E-04 6.653091E-05 4.505336E-04   4	  185	  211	  404	 1139	    0	    0	 4725	 4422	 4265	 4746
   544 9.650077E-04 4.845160E-04 1.426541E-03   5	    8	 1270	 3242	 3816	 4240	    0	    0	 7622	 7491	 7386	 7313	 7363
   545 8.868536E-04 9.088704E-04 1.283527E-03  12	  216	  242	  318	 1006	 1041	 1655	 1861	 1993	 4268	 5539	 6386	 6390	    0	    0	 6637	 6769	10064	10001	 6855	 6577	 6986	 6597	 7088	 6811	 7025	 6920
   546 7.572795E-04 9.350208E-04 1.166396E-03  20	  263	  369	  465	  507	  599	  647	  683	  972	 1003	 1479	 1746	 1879	 2006	 2357	 3027	 3514	 4157	 5162	 6137	 6162	    0	    0	 5279	 4966	 4759	 5034	 5240	 5088	 4939	 4659	 5636	 4985	 4833	 4895	10083	 5124	 5033	 4779	 5304	 5306	 5554	 4874
   547 8.013581E-04 6.558445E-04 9.704135E-04  10	  619	  939	 1107	 2094	 2347	 2977	 3333	 4127	 5336	 6695	    0	    0	 5800	 5961	 9641	 5675	 5570	10760	 5727	 5409	 5769	10750
   548 8.362270E-04 9.263273E-04 1.108307E-03  10	  223	  263	  368	 1471	 1919	 2350	 2838	 3887	 4961	 5010	    0	    0	 6136	 5753	10880	 6116	10034	 5854	10883	 5855	 6631	10056
   549 3.102001E-04 8.168728E-05 9.509176E-05   6	  936	 1729	 1735	 1922	 2136	 5734	    0	    0	 2675	 2707	 2750	 2725	 2642	 2749
   550 8.017218E-04 1.085824E-03 1.422488E-03   9	  160	  287	  363	  521	  588	 1772	 3211	 3221	 3935	    0	    0	 5256	 5717	 5589	 5667	 6227	 5818	 5492	 5989	 5428
   551 4.339008E-04 2.591998E-05 3.578445E-04   4	  293	  904	 1301	 5712	    0	    0	 3073	 3057	 3013	 9140
   552 5.407687E-05 1.125540E-04 9.871731E-05   8	   -1	  833	 2125	 3215	 3341	 3803	 4750	 4810	    1	    0	   20	  499	  523	  309	10370	  453	  308	  320
   553 1.334408E-04 2.965715E-04 1.056802E-03   2	 3408	 3830	    0	    0	 1303	 1534
   554 1.096166E-03 4.014882E-04 4.761408E-04   7	  335	  490	  756	 1583	 3154	 4128	 6468	    0	    0	 7808	 7878	 9413	10634	 7798	 7984	 9402
   555 9.532123E-04 1.178362E-03 1.085537E-03   3	   25	  269	 2119	    0	    0	 7320	10847	 7516
   556 4.176806E-05 3.218027E-04 9.696000E-05   5	   -1	  201	  457	  687	 2392	    1	    0	   22	  569	  559	  369	  336
   557 4.300608E-04 2.909676E-04 8.395942E-05  12	   68	  894	  973	 1109	 1418	 1977	 2156	 2963	 3473	 3492	 3644	 5845	    0	    0	 3121	 3033	 3081	 9341	 3110	 3006	 2991	 9299	 3129	 3055	 3149	 9301
   558 9.690281E-04 4.996539E-04 1.514861E-03   2	    8	  304	    0	    0	 7551	 7673
   559 7.718208E-04 6.171757E-04 1.180332E-03  12	   44	  610	  796	  998	 1900	 2044	 2201	 2667	 2738	 3190	 3261	 5170	    0	    0	 5118	 5559	 5684	 5581	 9592	 5059	 9561	 9535	 9604	10942	 4967	 5580
   560 1.912037E-04 6.613823E-04 8.826348E-04  19	  323	  446	  534	  661	  982	 1022	 1362	 1915	 2185	 2457	 2474	 2485	 2722	 3452	 5432	 5687	 6777	 6782	 6789	    0	    0	 1482	 1969	 2093	10746	 1504	 9631	 1324	 2060	 2124	 2058	 1953	 1837	 2137	 1688	 1461	10726	10720	 2057	 1267
   561 2.321043E-06 4.366701E-04 1.012920E-03   5	   -1	  898	 1835	 2090	 3173	    1	    0	  144	  355	10818	  267	  265
   562 4.108608E-04 1.054061E-03 1.173139E-03   2	    1	  531	    0	    0	 2874	 2894
   563 5.364780E-04 2.010993E-04 3.099594E-04   4	  537	 1236	 1895	 2885	    0	    0	 3330	 3307	 3347	10512
   564 7.783380E-04 1.194825E-03 1.241576E-03   5	   87	  118	  533	  691	  949	    0	    0	 5144	 4989	 5743	 4970	 5608
   565 6.235297E-04 1.114261E-03 6.784326E-04   3	    5	 1141	 2463	    0	    0	 3700	 3778	 3652
   566 9.019271E-04 6.615984E-04 1.122432E-03   9	  433	  441	  458	  471	 1192	 1874	 5148	 6102	 6166	    0	    0	 7043	 7123	 6829	 6655	 6809	 9680	 6681	 6680	 9623
   567 7.094435E-04 5.664379E-05 2.668608E-04   3	  359	  776	 4864	    0	    0	 4233	 4420	 4547
   568 1.627236E-04 1.002957E-03 2.873345E-04  10	  110	  924	 2033	 2072	 2503	 3378	 3470	 4187	 5747	 6027	    0	    0	 1512	 1674	 1788	 1468	10519	 1167	 1889	 1469	 1218	10509
   569 1.497408E-04 1.010503E-03 1.221801E-04   5	  946	 1468	 1679	 4754	 4786	    0	    0	 1378	 1120	10193	  903	  961
   570 1.256638E-03 2.425503E-04 1.492850E-03   2	   75	 5887	    0	    0	 8651	 8727
   571 9.379783E-04 7.944608E-04 3.278182E-04   2	   47	  542	    0	    0	 7160	 7392
   572 1.214725E-03 1.600696E-04 4.077749E-04   7	  122	 1118	 3610	 4145	 4152	 4481	 4682	    0	    0	 8357	 8768	10550	 8300	 8674	 8267	 8479
   573 1.277760E-03 1.989467E-04 4.561268E-04   4	    0	  393	  713	 4647	    0	    1	 9010	 8633	 8835	 8720
   574 1.277760E-03 4.640748E-04 9.746259E-04   1	    0	    0	    1	 9047
   575 9.600000E-07 7.226341E-04 1.235597E-03   4	   -1	  342	  510	 1392	    1	    0	  157	  268	  230	  211
   576 1.277760E-03 2.850526E-04 1.391817E-03   3	    0	   75	  858	    0	    1	 9099	 8840	 9315
   577 9.600000E-07 1.019703E-03 3.774050E-04   2	   -1	   23	    1	    0	   67	  224
   578 1.903610E-04 5.702592E-04 1.036467E-03   5	  410	  532	  735	  785	  982	    0	    0	 1533	 1932	 1954	 1804	 1415
   579 7.273625E-04 5.505778E-04 9.100992E-04   6	   59	   60	  538	 3478	 3669	 5366	    0	    0	 5157	 4497	 4867	 9516	 5029	 9513
   580 8.590777E-04 1.009064E-03 1.419976E-03  17	  276	  284	  351	  588	 1016	 1855	 1889	 2059	 2160	 2269	 2770	 4169	 4185	 4952	 5300	 6533	 6757	    0	    0	 6878	 6586	 5953	10249	 5892	 6052	 6192	 6417	 5716	 5954	 6166	 6519	 7013	 6251	 6366	11085	 6949
   581 6.923013E-04 1.140448E-04 9.375316E-04   3	  667	 1474	 2951	    0	    0	 4348	 9202	 4216
   582 7.959442E-04 1.014396E-03 1.512368E-03   5	  363	  489	 2174	 3301	 4942	    0	    0	 5620	 5843	 5519	 5695	 5046
   583 3.014452E-05 4.175324E-05 3.286594E-04   4	  291	  476	  512	  846	    0	    0	  327	  255	  542	  501
   584 6.235131E-05 6.220992E-04 1.393939E-03   4	  171	  382	  453	  509	    0	    0	 9658	  450	  441	  510
   585 2.770417E-05 1.701200E-04 1.466123E-03   3	   -1	  383	 6610	    1	    0	  194	  451	  548
   586 1.257317E-03 1.189817E-03 2.337409E-04   3	    0	  193	  790	    0	    1	 8965	 8807	 8806
   587 7.651136E-04 7.763047E-04 1.011042E-03  18	  255	  473	  526	  830	  910	 1303	 3002	 3226	 4000	 4261	 5037	 5051	 5063	 5380	 5583	 6177	 6193	 6204	    0	    0	 5353	10811	 5415	 5551	 5238	 5077	 5749	 5382	 5324	 5413	 5548	10803	 5600	 5699	 5412	 5776	 5701	 5773
   588 8.713429E-04 1.097743E-03 1.446233E-03  12	  287	  347	  363	  550	  580	  684	 2111	 3221	 3859	 5224	 6533	 6669	    0	    0	 6197	 6892	 6520	 6227	10249	 6620	 6558	 6282	 6538	 6461	10242	 6584
   589 1.206921E-03 2.639977E-04 1.307833E-03   2	   75	 1881	    0	    0	 8458	 8532
   590 1.811514E-04 1.072320E-03 5.402787E-04  16	   51	   58	  189	  204	  350	  429	  800	 1484	 2093	 2433	 3772	 4115	 5610	 6460	 6471	 6495	    0	    0	 2035	 1287	 1713	 1527	 1289	 1526	 1659	 1763	10238	 1286	 1455	 1288	10629	 1661	 1430	 1528
   591 9.245401E-04 2.405967E-05 1.449588E-04   3	  701	  778	 1042	    0	    0	 7138	 7077	 7118
   592 9.222713E-04 6.826673E-04 1.337085E-03   6	  321	  472	  535	  733	 1051	 3322	    0	    0	 7309	 6890	 6908	 6924	 7133	11022
   593 4.484113E-05 4.795342E-04 1.085483E-03   3	 1476	 1780	 2116	    0	    0	  599	  546	  566
   594 1.249236E-03 7.744342E-04 4.100301E-04   4	    0	 1540	 1996	 2435	    0	    1	 9009	 8553	 8822	 8719
   595 6.421519E-04 1.085381E-03 1.362234E-03   6	   96	  227	  288	  424	  903	 4416	    0	    0	 3747	 3917	 4261	 3996	 3932	 4033
   596 7.674844E-04 7.395343E-04 3.251496E-04   2	    2	   47	    0	    0	 5069	 5317
   597 5.965303E-04 5.783946E-04 1.042541E-03   8	   48	   62	  157	  208	  270	  916	 2711	 6113	    0	    0	 3503	 3383	 9500	 3405	 3566	 3705	 3660	 3567
   598 8.390208E-04 9.108806E-05 5.003623E-04   3	  305	  365	  784	    0	    0	 6201	 6254	 5797
   599 7.382436E-04 7.989049E-04 1.151413E-03  13	  246	  255	  389	  546	  766	 1171	 3027	 3414	 5162	 5166	 6095	 6164	 6168	    0	    0	 4487	 5193	 4505	 5240	 4755	 5012	 9872	 5419	 5282	10903	 5032	 5391	 5392
   600 9.283734E-04 6.247648E-04 9.778203E-04   4	  427	  454	  464	  853	    0	    0	 7002	 6978	10801	 7121
   601 3.023300E-04 9.168155E-04 5.274218E-04  11	   21	  189	  414	 2502	 2678	 3227	 3450	 5605	 6506	 6517	 6581	    0	    0	 2670	 2333	 2520	 2644	 2722	 2774	 2319	 2397	 2812	 2699	 2710
   602 3.513408E-04 5.187166E-04 1.703165E-04   1	  416	    0	    0	 2797
   603 7.641408E-04 5.005450E-04 1.237763E-03  10	  264	  333	  397	  474	  927	 1216	 1500	 2466	 5108	 5684	    0	    0	 4923	 5169	 5686	 5248	 5013	 4876	 9470	 5660	 5244	 9467
   604 7.489920E-05 9.992739E-04 1.657554E-04  13	  279	  417	  807	  923	 1715	 4265	 4754	 4767	 4786	 4790	 4940	 5865	 5980	    0	    0	  640	  555	  489	  788	  787	  433	  775	  943	  884	  810	  488	10124	  809
   605 1.277760E-03 8.988398E-04 2.907894E-04   3	    0	  624	  697	    0	    1	 8977	 8867	 8866
   606 1.231482E-03 1.921920E-05 4.819008E-04   4	  379	  385	  450	 2541	    0	    0	 9141	 8443	 8689	 8753
   607 1.232621E-03 7.810089E-04 6.855918E-04   5	  992	 1014	 1678	 2353	 6738	    0	    0	 8490	 8372	 9848	 8413	 8445
   608 8.577250E-04 9.868608E-04 4.789567E-04  11	    2	    6	   11	   13	 1311	 1710	 1979	 2967	 3328	 4267	 6582	    0	    0	10198	 5913	 6839	 5957	 6494	 7251	 6693	10166	 6718	 6864	 5971
   609 6.888865E-04 6.153600E-04 4.251748E-04   2	  426	 6602	    0	    0	 4085	10598
   610 7.939200E-04 6.101695E-04 1.233988E-03   7	  438	  559	  717	  796	 2201	 3190	 6354	    0	    0	 9543	 5559	 6050	10927	 5467	 5508	 6349
   611 6.579772E-04 9.613756E-04 1.282712E-03  10	   66	  224	  818	 1007	 1064	 1988	 3160	 3300	 4404	 4410	    0	    0	 3822	 4286	10988	 3884	 4097	 3962	 3787	 3808	 4393	11014
   612 8.787246E-04 7.438628E-04 1.057128E-03   8	  255	  409	  441	  642	  718	 1372	 1404	 1783	    0	    0	 9787	 6843	 6869	 6474	 6446	 6731	 6701	 6806
   613 8.366209E-04 9.264018E-04 2.777641E-04   3	    2	   13	   19	    0	    0	 5719	 6229	 6009
   614 8.471178E-04 1.064309E-03 1.177762E-03   5	  198	  309	  445	 2527	 3728	    0	    0	 6303	 6376	 6187	 6022	 6023
   615 2.710969E-04 8.372834E-06 3.805370E-04   2	  123	 4683	    0	    0	 2708	 2506
   616 7.384661E-04 9.548739E-04 1.283519E-03  18	  224	  488	  648	  774	  818	 1147	 1488	 1579	 1730	 1879	 1951	 2056	 2357	 2508	 3934	 4404	 4464	 6319	    0	    0	 4696	 5365	 5313	 5130	 4638	 5015	11033	 5175	 4860	 5246	10114	 5221	10965	 5126	10048	 4697	 4993	 4786
   617 9.835314E-04 8.876739E-04 6.815863E-05  11	   27	  262	  297	  629	  922	 1334	 1647	 2691	 3633	 3898	 4820	    0	    0	 9847	 9934	 7578	 7357	 7676	 7460	 7746	 9841	 9942	 7476	 7640
   618 9.878900E-04 4.707971E-04 5.194077E-04   3	  139	  203	  815	    0	    0	 7499	 7680	 7557
   619 8.332992E-04 6.261172E-04 9.468410E-04  10	  326	  402	  454	  547	  939	 2406	 3333	 3754	 5592	 6638	    0	    0	 5993	 6085	 6425	 5800	 6132	 6321	10763	 9597	 6383	 6148
   620 6.841991E-04 6.781846E-04 1.248150E-03   9	  437	  508	  971	 1193	 1205	 3626	 4019	 4405	 6376	    0	    0	 4584	 9657	 4026	 4145	 4027	 3913	 4201	 9650	 4367
   621 3.156749E-04 8.996606E-04 2.624613E-05   4	  886	 1204	 3744	 4799	    0	    0	 2586	 9950	 2500	 2664
   622 6.927245E-04 5.711877E-04 1.050785E-03   9	   44	   59	  270	  462	  801	  911	 1927	 3972	 6231	    0	    0	 4242	 4771	 4070	 4241	 4574	 4730	 5008	 4088	 9542
   623 1.630346E-04 1.000736E-03 6.459162E-04  10	 1750	 1770	 2441	 3286	 3552	 3645	 3766	 5195	 5197	 5307	    0	    0	10675	 1664	 1074	10195	 1264	 1479	 1834	 1265	 1632	 1199
   624 1.274606E-03 8.721753E-04 3.142431E-04   3	    0	   46	  605	    0	    1	 8981	 8891	 8867
   625 9.110389E-04 1.045446E-03 1.317544E-03   8	  259	  652	  798	 2054	 3247	 3382	 4389	 4397	    0	    0	 7046	 7069	 6773	 6967	10220	 7010	 6854	 6987
   626 9.254592E-04 9.343556E-05 1.570506E-04   3	  301	  778	 1042	    0	    0	 6996	 7015	 7178
   627 6.964018E-04 4.661696E-04 1.601301E-04   5	  188	  850	  962	 1671	 3823	    0	    0	 3998	 4084	 4180	 4743	 4794
   628 6.159027E-04 7.415503E-04 1.279911E-03  10	   71	   94	   97	 1193	 1492	 3159	 4019	 4330	 4415	 6312	    0	    0	 3606	 3718	 3596	 4028	 9784	 3823	 3978	 3809	 3789	 3931
   629 9.555874E-04 8.851008E-04 2.998791E-05  11	   39	  297	  400	  486	  617	 1334	 1352	 2704	 3049	 3680	 3898	    0	    0	 7156	 7391	 7226	 7075	 7357	 7248	 7213	 7625	 7535	 7455	 7390
   630 2.216193E-04 9.686424E-04 5.730360E-04  13	  189	 1750	 2372	 2400	 2835	 3270	 3645	 4333	 5319	 6422	 6484	 6500	 6515	    0	    0	 2174	 1663	 1931	 1857	 2136	 1715	 1577	 1994	 1743	10651	 2335	 2265	 2251
   631 3.847337E-04 9.249652E-04 2.299252E-04   6	    2	   89	   95	  136	  822	 4109	    0	    0	 2928	 2958	 2978	 9964	 2974	 2968
   632 8.960820E-04 8.868032E-04 1.409848E-03  12	  138	  250	  351	  443	  461	  498	 1102	 1385	 2314	 2987	 5602	 6161	    0	    0	 6621	 6746	 6436	11068	 7284	 6365	 6644	 7224	 9905	 6250	11059	 9972
   633 8.997013E-04 2.452005E-04 2.626229E-04   5	  525	  703	 1695	 2217	 2956	    0	    0	 6602	 6716	 6493	 7159	 7139
   634 7.224906E-04 1.100141E-03 1.353105E-03   5	  277	  288	  300	  521	 3211	    0	    0	 4473	 4943	 4739	 4971	 5020
   635 1.818278E-04 1.134944E-03 4.771949E-04   9	  278	  350	  706	  800	 1060	 1081	 3621	 4658	 4720	    0	    0	 1794	 1452	 1451	10304	10324	 1680	10630	 1900	 1624
   636 1.914266E-04 1.112640E-03 2.927985E-04  13	   85	  110	  140	  218	  360	 1056	 2162	 2255	 2510	 3813	 4558	 4591	 6044	    0	    0	 1445	 1700	 2328	 1356	 2210	 2003	 2183	 1421	 1785	 2096	 1888	 1843	 2246
   637 2.380608E-04 4.703267E-05 7.226444E-05   0	    0	    0
   638 2.776159E-05 2.916071E-04 4.248129E-04   7	   -1	  888	 1394	 2070	 2154	 5551	 6529	    1	    0	   78	  279	  402	  359	  475	10540	  503
   639 8.440246E-04 3.283008E-04 1.412164E-03   3	  466	 1127	 3162	    0	    0	 6193	 6145	 6416
   640 9.749705E-04 7.931938E-04 1.168235E-03  13	  124	  331	  336	  380	  447	  493	  511	  786	 1763	 1961	 2773	 3441	 3715	    0	    0	 7545	10900	 7481	 7526	 7359	 7483	 7323	10928	 7480	 7415	 7546	 7322	10913
   641 1.087447E-04 3.143084E-04 4.721533E-04   9	 1394	 1877	 2154	 2865	 3009	 3077	 3960	 4710	 6537	    0	    0	  847	 1347	  725	 1241	 1148	 1018	  971	  991	  952
   642 8.689743E-04 7.363294E-04 1.096085E-03   6	  255	  409	  612	 1404	 1688	 1874	    0	    0	 6181	 6736	 6474	 6734	 6612	 6981
   643 1.277760E-03 6.614921E-05 1.514119E-03   4	    0	  192	  306	  759	    0	    1	 9114	 8829	 9159	 8801
   644 7.756992E-04 6.240000E-05 4.627392E-04   4	  185	  365	 1139	 2699	    0	    0	10566	 5796	 5156	 5568
   645 2.442798E-05 1.046221E-03 2.135997E-04   5	   -1	  222	  504	  807	 1932	    1	    0	   39	10270	  539	  454	  312
   646 3.712571E-05 4.809644E-04 1.271361E-03   6	 1027	 1397	 1409	 1470	 3576	 3939	    0	    0	 9441	  480	  430	  438	10967	  397
   647 7.743969E-04 9.746031E-04 1.184017E-03   7	  263	  369	  546	  787	 2357	 2414	 6395	    0	    0	 5307	 5123	 5088	 5505	 5198	 5308	10929
   648 7.941191E-04 8.955454E-04 1.322542E-03  21	  216	  351	  443	  488	  498	  616	  708	  774	 1159	 1312	 1355	 1488	 1655	 1730	 2987	 3419	 4226	 4255	 5602	 6293	 6313	    0	    0	 6580	10035	 6359	10057	 5868	 5313	 5096	 5473	 6793	 5540	 5790	 5491	11030	 5094	 5988	 5950	 5539	 5097	 6119	11007	 6311
   649 8.284811E-04 4.155808E-04 4.720121E-04   2	 1058	 2098	    0	    0	 5823	 6039
   650 9.308636E-04 7.385283E-04 1.364781E-03   8	  209	  250	  321	  478	  733	 1203	 1527	 6323	    0	    0	 7310	 6911	 7147	 6993	 7032	 6994	 7399	 7135
   651 2.807823E-04 6.303969E-04 1.235846E-04   4	  819	  847	 1114	 1158	    0	    0	 2550	 2607	 9671	 9551
   652 9.088329E-04 1.112229E-03 1.357624E-03  11	  497	  500	  625	  684	 1005	 1319	 2111	 2509	 2739	 3044	 4951	    0	    0	 7136	 6834	 7069	 7071	 6925	 7012	 6665	 7293	 7047	 6643	 6747
   653 1.830651E-04 1.192136E-03 2.097547E-04  10	  179	  222	 1718	 1784	 1797	 2117	 2167	 3885	 3932	 5600	    0	    0	10454	 1163	 1586	 1643	 1981	 1955	 1936	 1884	 2066	 1162
   654 6.204776E-04 5.719750E-04 1.208433E-03  10	   44	   82	  119	  182	  324	  508	  722	 1427	 3862	 6384	    0	    0	 3675	 3569	 9501	 3928	10904	 3770	 3977	 3879	 3836	 3807
   655 1.200902E-03 5.595396E-04 3.110208E-04   1	  355	    0	    0	 8500
   656 9.488104E-04 6.465855E-04 1.244494E-03  11	  316	  331	  336	  343	  433	  458	 1013	 1051	 1249	 2169	 3652	    0	    0	 6887	 7324	 7537	 7186	 7233	 9615	 7484	 7384	 7383	 6850	 7234
   657 1.147844E-03 1.593408E-04 4.425589E-04   3	  127	  393	  912	    0	    0	 8161	 8215	 9239
   658 8.721562E-04 7.108695E-04 9.954689E-04  13	  124	  387	  427	  881	 1372	 1559	 3229	 3933	 5020	 5035	 5068	 6207	 6666	    0	    0	 6752	 6722	 6648	 6257	 6866	 6881	 6649	 9669	 6767	 6341	 6404	 6566	 6591
   659 1.253490E-03 7.603008E-04 2.612962E-04   4	    0	   46	   83	 5478	    0	    1	 8973	 8672	 8819	 8896
   660 4.086909E-06 2.436551E-04 9.533101E-05   6	   -1	  687	 1809	 1950	 2053	 3584	    1	    0	   15	  411	  367	  240	  218	  368
   661 2.512901E-04 6.653964E-04 9.614949E-04   7	  323	  534	  560	  785	  884	 1022	 3916	    0	    0	 2368	 2338	10746	 2231	 2305	 2140	 2537
   662 1.066329E-03 6.337920E-05 8.160000E-05   8	  125	  820	 1029	 1241	 3038	 4086	 4815	 5839	    0	    0	 7833	 7944	 7883	 7896	 7888	10365	 7975	 7933
   663 8.188172E-04 1.053179E-03 1.275902E-03  10	  318	  423	  445	 1717	 1892	 2989	 4419	 4423	 4425	 6328	    0	    0	 5948	10241	 5927	 5711	 5536	 5742	 6308	 6271	 6270	 6223
   664 8.475101E-04 6.573120E-04 1.137057E-03  10	   88	  471	  808	  831	  998	 1192	 2244	 5148	 5149	 6125	    0	    0	 6267	 6265	 9674	10899	 6095	 6657	 6020	 6549	 5998	 9609
   665 9.550627E-04 2.565528E-04 1.498627E-03   3	  770	 1199	 2013	    0	    0	 7354	 7314	 9271
   666 9.126559E-05 2.153588E-04 2.054208E-04   4	  325	  391	  692	 2228	    0	    0	  705	  944	  777	  778
   667 6.646361E-04 7.940235E-05 9.165637E-04   3	  581	  967	 1623	    0	    0	 4348	 4102	 3934
   668 9.352748E-04 8.098338E-04 1.328327E-03   6	  209	  250	  321	 1333	 1527	 6323	    0	    0	 7189	 6991	 9776	 9868	 7269	 7134
   669 2.551249E-04 1.227906E-03 3.636717E-04   6	  142	  179	  388	 1420	 2276	 5837	    0	    0	10340	 2117	 2421	 2348	 2131	 2100
   670 9.695808E-04 6.386265E-04 1.445938E-03   4	 1354	 1628	 1811	 5665	    0	    0	 7421	 7696	 7522	 7353
   671 1.921920E-05 9.322174E-04 3.348761E-04   4	   -1	  897	 3504	 5474	    1	    0	   64	  326	  220	  222
   672 6.134953E-04 5.827163E-05 1.014490E-03   0	    0	    0
   673 2.854135E-04 6.210963E-05 1.429603E-03   2	 1672	 1760	    0	    0	 2468	 2809
   674 9.686249E-04 8.112000E-04 1.230053E-03   8	  493	  786	  813	 1374	 1763	 3511	 3715	 5086	    0	    0	 7539	 7369	 7417	 7342	 7547	10938	 7501	 9874
   675 6.028279E-04 5.566080E-05 2.649710E-05   3	  925	 2361	 2484	    0	    0	 3437	 3554	 3775
   676 9.188464E-04 5.501403E-04 1.056829E-03   3	  191	  229	  464	    0	    0	 6959	 6979	 7144
   677 1.111661E-03 5.477733E-04 1.057182E-03   7	 3388	 3810	 3985	 4955	 4980	 5651	 6246	    0	    0	 8139	 7985	 7996	 7980	 8198	 9461	 8142
   678 4.600818E-04 1.214399E-03 1.460392E-03   8	    1	   73	 1004	 1381	 3653	 3710	 4628	 5270	    0	    0	 3036	 3037	 3194	 3147	 3191	 3100	 3118	 3168
   679 1.534158E-04 1.558385E-04 4.850936E-04   3	  825	 2984	 4328	    0	    0	 1015	 1709	 1734
   680 9.275428E-04 8.169678E-04 1.123512E-03   7	  124	  242	  285	  409	  447	 3441	 6143	    0	    0	 7368	 7044	 7005	 7042	 7165	 7278	 6845
   681 1.172232E-03 1.168552E-03 3.255066E-04   2	  398	 1054	    0	    0	 8266	 8326
   682 1.084818E-04 2.531208E-04 1.504427E-03   4	 1030	 2132	 2270	 2747	    0	    0	  827	 1007	 1025	 9302
   683 7.056605E-04 9.588074E-04 1.180781E-03  12	  465	  546	  917	 2414	 3070	 3168	 3562	 3677	 3757	 4372	 5168	 5182	    0	    0	 4506	 4939	 4142	10128	 4411	 4094	10923	 4127	 4195	 4631	10914	 4561
   684 9.089927E-04 1.137314E-03 1.392957E-03   6	  347	  497	  500	  588	  652	 1005	    0	    0	 6817	 7137	 7048	 6620	 7071	 6815
   685 3.976461E-04 1.583987E-04 1.293418E-03   2	  993	 1817	    0	    0	 2936	 2904
   686 6.936652E-04 6.910154E-04 8.729253E-04   9	   48	   79	   90	  194	  197	  395	 2262	 2710	 2879	    0	    0	 4067	 4121	 4012	 4295	 9729	 4267	 4134	 4520	 4374
   687 3.523581E-05 2.870317E-04 9.195327E-05   5	  201	  556	  660	 1809	 5775	    0	    0	  486	  369	  411	  573	 9260
   688 1.238381E-03 1.251210E-03 1.271158E-04   2	  470	  866	    0	    0	 8653	 8683
   689 1.227199E-03 8.198018E-06 4.164334E-04   6	  857	 1570	 1997	 2010	 2564	 2915	    0	    0	 8766	 8602	 8514	 8501	 8708	 9130
   690 3.077473E-04 2.422313E-05 1.499705E-03   3	  965	 2617	 5275	    0	    0	 2605	 2737	 2790
   691 7.381770E-04 1.180077E-03 1.295375E-03   8	  118	  160	  277	  300	  533	  564	  949	 1891	    0	    0	 4858	 5064	 4467	 5149	 5346	 4970	 5129	 4466
   692 1.101007E-04 2.737261E-04 2.227008E-04   6	  666	  804	 1646	 2228	 5903	 5926	    0	    0	  777	  828	  908	  855	  670	 1048
   693 1.229591E-03 1.121947E-03 3.447620E-04   0	    0	    0
   694 1.277760E-03 7.178017E-04 1.390457E-03   4	    0	  983	 2327	 6739	    0	    1	 9101	 8639	 9761	 8893
   695 8.732093E-04 9.900417E-04 8.176451E-06   3	   24	   39	 5242	    0	    0	 6169	 6080	 6972
   696 1.277760E-03 4.562555E-04 1.356480E-03   2	    0	 1061	    0	    1	 9096	 8726
   697 1.277760E-03 9.419624E-04 2.838947E-04   3	    0	   16	  605	    0	    1	 8975	 8762	 8866
   698 9.600000E-07 4.039645E-04 1.379520E-03   3	   -1	  467	 4189	    1	    0	  182	  233	11045
   699 9.600000E-07 1.022604E-03 4.803119E-04   7	   -1	   23	 1259	 1681	 3647	 4341	 6574	    1	    0	   93	  428	  259	  457	  427	  330	  281
   700 7.477107E-04 1.091853E-03 1.258966E-03  11	  118	  224	  300	  369	  949	 1202	 1271	 1892	 2767	 3064	 3177	    0	    0	 4918	10229	 5174	 5361	 5342	 4875	 5339	 5396	10210	 4782	 5060
   701 9.317743E-04 3.399673E-05 8.172581E-05   5	  591	  778	 3607	 4802	 5738	    0	    0	 7138	 7157	 7093	 7364	 9125
   702 4.793712E-04 3.717534E-05 9.880711E-05   2	 1880	 3642	    0	    0	 3158	 3211
   703 9.109005E-04 2.062686E-04 2.775145E-04   3	  525	  633	 4532	    0	    0	 6763	 6716	 7179
   704 6.960024E-04 3.704408E-05 6.585323E-05   3	  540	  817	 1613	    0	    0	 4495	 4702	 4082
   705 9.715008E-04 9.100992E-04 1.377273E-03   8	  455	  461	 1159	 1266	 1462	 1531	 2505	 3464	    0	    0	 7620	 7311	 7297	 7419	 7638	 7454	 7428	 7398
   706 1.431102E-04 1.139512E-03 4.505634E-04   5	   23	  350	  635	 4696	 6562	    0	    0	  892	 1019	 1451	 1147	10297
   707 1.256897E-04 1.007431E-05 1.521262E-03   1	 1055	    0	    0	 1077
   708 7.573527E-04 8.839684E-04 1.279551E-03  17	  112	  507	  648	  738	  765	  855	 1551	 1730	 2151	 2689	 3934	 4052	 4226	 4255	 4398	 5101	 6280	    0	    0	 4921	 5014	 5096	 5099	 5222	 9945	 4736	 4941	 9893	 5447	 5090	 5202	 5150	10000	 5469	 4897	 4835
   709 9.516405E-04 7.200000E-05 1.028103E-03   0	    0	    0
   710 6.322584E-04 7.564992E-04 1.087235E-03   8	  221	  401	 1173	 1212	 2340	 3814	 4275	 5145	    0	    0	 3974	 9732	 3842	 3707	 3688	 4040	10868	10877
   711 1.170091E-03 4.101843E-04 3.558352E-04   3	  307	 1596	 4695	    0	    0	 8284	 8087	 8367
   712 3.233755E-04 2.967650E-04 2.350036E-05   2	  915	 1310	    0	    0	 2748	 2814
   713 1.264715E-03 2.406208E-04 4.229765E-04   4	    0	  480	  484	  573	    0	    1	 9002	 8765	 8710	 8835
   714 1.172094E-03 7.609478E-04 9.205164E-04   2	 1084	 3380	    0	    0	 8205	 8348
   715 8.192646E-04 5.157832E-04 6.112516E-04   7	  100	  139	  724	 2231	 2429	 5187	 6526	    0	    0	 6319	 6563	 5873	 5958	 5624	 5525	 6402
   716 1.106814E-03 4.618376E-04 3.099997E-04   1	  215	    0	    0	 8054
   717 8.629095E-04 5.827178E-04 1.242701E-03  11	  397	  516	  610	  831	  940	 1614	 2169	 3579	 6350	 6354	 6417	    0	    0	 6101	 6158	 6050	 9565	 5968	 6551	 6509	 9554	 6451	 6394	 6741
   718 8.249149E-04 7.649329E-04 1.039756E-03   9	   88	  124	  255	  612	  830	 3370	 5051	 5060	 6192	    0	    0	 6063	 6323	 5679	 6446	 6133	 6263	 5877	 9742	 6235
   719 1.231820E-03 7.846530E-04 9.158398E-05   7	   16	   30	   46	  159	  341	  405	 1719	    0	    0	 8662	10380	 8843	 8471	 8493	 8560	 8642
   720 6.787180E-04 5.228186E-04 1.169261E-03  12	   44	  182	  324	  462	 1419	 1905	 2776	 2856	 3691	 5669	 6340	 6349	    0	    0	10896	 4058	 4072	 4124	 4074	 4247	 4446	 9488	 9438	 4432	 4507	 9486
   721 7.651204E-04 6.548719E-05 6.696674E-05   2	  436	  540	    0	    0	 5002	 5067
   722 6.767413E-04 5.865599E-04 1.233932E-03   8	  182	  264	  508	  654	  775	  985	 1427	 5676	    0	    0	 4143	10970	 4059	 3977	 4227	 4388	10932	 9549
   723 1.112563E-03 7.622208E-04 7.805493E-04   4	  880	 1631	 5219	 5220	    0	    0	 8064	 8021	 8028	 8129
   724 8.184890E-04 5.057825E-04 5.559052E-04   2	  715	 5255	    0	    0	 5873	 9475
   725 1.237501E-03 9.695878E-05 2.873251E-04   7	    0	  918	  977	 3362	 3908	 5485	 5862	    0	    1	 8976	 8552	10503	10468	 8498	 8844	 8705
   726 1.176979E-03 8.355848E-04 9.619200E-06   7	   35	  159	  341	  430	  518	 1448	 5769	    0	    0	 8251	 8378	 8404	 8221	 8234	 9881	10356
   727 1.737617E-04 1.446945E-04 1.158314E-04   7	   12	  391	 1370	 2696	 3119	 4283	 5744	    0	    0	 1561	 1377	 1352	 9199	 1559	 1487	10381
   728 7.795008E-04 1.101187E-03 1.172010E-03   5	  503	  963	 1435	 2203	 3728	    0	    0	 5358	 5085	 5637	10285	 5907
   729 7.084608E-04 8.780217E-04 1.062796E-03  13	  221	  494	  526	  972	 1479	 1536	 2345	 3172	 4957	 4993	 6229	 6255	 6277	    0	    0	 4443	 4486	 4892	 4504	 4851	10023	 4684	 4527	10851	 5191	 4274	 4849	 9976
   730 1.033990E-03 2.702230E-04 2.818634E-04   3	  243	  459	  749	    0	    0	 7850	 7772	 7806
   731 1.024379E-03 4.248902E-04 3.964023E-04   3	  126	  203	  335	    0	    0	 7717	 7742	 7793
   732 1.007135E-03 2.211300E-04 2.726592E-04   5	  214	  243	  352	 1053	 1207	    0	    0	 7871	 7765	 7580	 7724	 7723
   733 9.183302E-04 7.112416E-04 1.354889E-03   6	  250	  321	  472	  535	  592	  650	    0	    0	 6774	 7029	 6858	 6835	 6924	 7032
   734 6.790598E-04 8.112607E-04 7.341970E-04   1	    5	    0	    0	 3951
   735 2.137032E-04 5.385586E-04 1.056768E-03   5	  410	  578	  913	 4953	 6248	    0	    0	 2109	 1954	 2142	 2179	 2232
   736 1.277760E-03 5.881567E-04 1.734704E-04   6	    0	   29	   83	 1024	 4783	 6068	    0	    1	 8948	 8740	 9584	 8687	 8791	10421
   737 2.273780E-04 1.133845E-03 3.292759E-04  12	   85	  142	  360	 1341	 1365	 1396	 2304	 4023	 4194	 4392	 5697	 6044	    0	    0	 1569	 2236	 2390	 1867	 1757	 2031	10523	 2329	 2311	 1941	 2047	 2184
   738 7.285700E-04 8.591221E-04 1.319598E-03   9	  481	  708	  765	 1124	 1551	 3565	 3918	 4435	 6280	    0	    0	 4536	 5099	 5063	 4880	 9916	 9904	 9898	 4926	 4924
   739 1.020476E-03 1.415127E-04 8.345634E-05   8	  125	 1156	 1547	 1925	 2165	 2918	 2993	 4811	    0	    0	 7762	 7834	 7738	 7796	 7818	 9190	 7705	 7846
   740 1.400587E-05 6.978427E-04 1.497581E-03   3	   -1	  317	  941	    1	    0	  198	  238	  334
   741 1.176909E-04 1.151808E-04 3.541820E-04   5	  302	  364	  835	 2046	 5850	    0	    0	 1235	 1169	  932	  858	  947
   742 6.426868E-04 7.958440E-04 1.041052E-03   7	   63	   90	  221	 1009	 2340	 4982	 5022	    0	    0	 3722	 3715	 4017	 3923	 9798	 4089	 3872
   743 9.284004E-04 1.775965E-04 3.906442E-04   4	  158	  431	 1225	 2585	    0	    0	 6825	 7078	 7181	 9220
   744 2.732728E-04 3.421794E-04 3.965643E-04   3	  837	 1818	 4472	    0	    0	 2274	 2552	 2488
   745 8.976744E-04 5.307981E-04 1.506386E-03   3	 1433	 2198	 3624	    0	    0	 6819	 9455	 9481
   746 1.208717E-03 1.070401E-03 1.318156E-03   5	  753	 1754	 4433	 5119	 6311	    0	    0	 8533	 8419	 8586	 8695	11042
   747 1.030003E-03 8.457600E-04 3.618537E-04   1	 1494	    0	    0	 7701
   748 8.092112E-04 3.484800E-04 4.536848E-04   4	 1058	 1443	 4616	 4670	    0	    0	 5847	 5871	 5872	 5870
   749 1.060874E-03 3.148608E-04 2.597532E-04   5	  217	  243	  459	  730	 2284	    0	    0	 7939	10478	 7805	 7806	 7938
   750 8.802514E-04 5.356608E-04 1.129376E-03   5	  191	  354	  492	 2997	 5138	    0	    0	 6704	 6613	 9496	 9472	 6901
   751 1.068481E-03 8.420042E-04 4.429578E-04   4	  153	 1594	 3310	 6570	    0	    0	 7856	 7914	 7947	 7877
   752 1.239441E-03 4.022393E-04 9.840016E-04   7	    0	  312	 1063	 1830	 3026	 4276	 6201	    0	    1	 9049	 8635	 8676	 8605	 9396	 8555	 8784
   753 1.238963E-03 1.087616E-03 1.343106E-03   5	    0	  746	 1754	 3929	 5119	    0	    1	 9094	 8533	 8451	 8735	 8659
   754 6.442337E-04 7.830785E-05 8.327937E-05   3	 1771	 2229	 2845	    0	    0	 9156	 3865	 9170
   755 1.024242E-03 1.815129E-04 1.446715E-03   5	  485	 1048	 1286	 1912	 3309	    0	    0	 7734	 7709	 7704	 7691	 7697
   756 1.079999E-03 4.621501E-04 4.252101E-04   5	  126	  203	  554	 1630	 2609	    0	    0	 7876	 7902	 9413	 7941	 7989
   757 1.277760E-03 4.243008E-04 6.874335E-05   5	    0	   29	  346	  483	 1761	    0	    1	 8929	 8728	 8547	 8570	 9434
   758 1.277760E-03 2.116612E-04 2.737410E-04   5	    0	  349	 2942	 4212	 5496	    0	    1	 8972	 8703	10487	 9265	10455
   759 1.255595E-03 4.418235E-05 1.528778E-03   3	    0	  192	  643	    0	    1	 9123	 8681	 8801
   760 4.017341E-04 2.415324E-04 1.528874E-03   3	  111	  338	 1043	    0	    0	 2925	 3148	 2887
   761 8.830080E-05 1.271692E-03 8.288210E-05   3	  177	  528	 1244	    0	    0	  942	  647	 1186
   762 1.459392E-04 1.178861E-03 1.486487E-03   1	    1	    0	    0	 1139
   763 6.130513E-04 3.635773E-04 5.180814E-04   6	  406	 1123	 1913	 1984	 2303	 3343	    0	    0	 3777	 3542	 3760	 3627	 3608	 9385
   764 5.708056E-04 4.808131E-04 3.671955E-04   3	  289	  876	 1038	    0	    0	 3479	 3439	 3454
   765 7.556259E-04 8.254177E-04 1.336992E-03  14	  708	  738	 1108	 1124	 1445	 1939	 2151	 3117	 4226	 4435	 4444	 5678	 6325	 6331	    0	    0	 5222	 5063	 5133	 4837	 5614	 5399	 5490	 9810	 9875	 5152	11010	 5398	 9806	 9887
   766 7.149960E-04 7.975037E-04 1.110727E-03   5	  221	  246	  255	  599	 6095	    0	    0	 4555	 4444	 4959	 4755	10871
   767 9.112481E-04 6.888129E-04 1.268809E-03   7	  228	  321	  419	  472	 1249	 1265	 5664	    0	    0	 6744	 7026	 6874	 7105	 7237	 6723	10975
   768 5.867651E-04 4.447678E-04 1.854772E-04   6	  188	  440	  850	 1023	 1285	 6077	    0	    0	 3490	 3401	 3757	 3640	 3438	 3719
   769 8.721304E-04 2.654337E-04 6.674065E-04   3	  187	  408	 1260	    0	    0	 6369	 6590	 6783
   770 9.451062E-04 3.401540E-04 1.528752E-03   1	  665	    0	    0	 7354
   771 1.126160E-04 4.627008E-04 1.156606E-03   4	  947	 1476	 1888	 1923	    0	    0	  997	  690	  921	 1250
   772 5.665739E-04 2.180589E-04 4.366675E-04   3	  824	 1077	 1313	    0	    0	 3431	 3451	 3499
   773 2.442997E-04 5.834977E-04 1.070463E-04   2	 1158	 2855	    0	    0	 2358	10401
   774 7.474501E-04 9.302400E-04 1.348454E-03  16	  296	  616	  648	 1064	 1312	 1488	 1730	 1854	 3097	 3386	 3595	 3605	 4255	 4464	 6144	 6319	    0	    0	 4763	 5130	 5473	 4515	 4997	 5179	11017	 5227	10118	 4929	11029	 4836	 4925	 4994	10044	 4737
   775 6.864066E-04 6.299402E-04 1.210901E-03   9	   44	  508	  722	 1356	 2653	 3275	 5102	 6394	 6405	    0	    0	 4281	 4075	 4227	 4716	 4249	10968	 4917	 4606	 4665
   776 7.186461E-04 7.870080E-05 2.257043E-04   4	  359	  505	  567	 4932	    0	    0	 4292	 4264	 4420	 4931
   777 7.929344E-04 4.836577E-04 4.473408E-04   3	 1308	 2098	 3344	    0	    0	 5932	 5593	 5744
   778 9.267824E-04 6.526080E-05 1.171008E-04   5	  301	  591	  626	  701	 1042	    0	    0	 7116	 7077	 7015	 7157	 7262
   779 8.072756E-04 9.001679E-04 1.262398E-03   7	  488	  787	  855	 1993	 6308	 6397	 6414	    0	    0	 5813	 5786	 5839	 6073	 6159	 5810	 5811
   780 5.476580E-04 7.821022E-04 6.876736E-04   1	    5	    0	    0	 3336
   781 8.362583E-04 4.003216E-04 1.501459E-03   5	  854	 1033	 1059	 1105	 1127	    0	    0	 6037	 6055	 9340	 6057	 6198
   782 1.105021E-04 1.225806E-03 3.200714E-04   9	   23	   85	  179	 2254	 2454	 2660	 4550	 5643	 5888	    0	    0	  706	10342	 1446	  889	 1208	 1423	  872	10482	10490
   783 5.139395E-04 3.792629E-05 1.420136E-03   2	 1367	 5271	    0	    0	 3252	 3352
   784 7.744655E-04 1.309430E-04 5.450965E-04   3	  598	 1139	 2525	    0	    0	 5797	 5026	 5318
   785 2.543053E-04 6.203432E-04 1.039828E-03  11	  323	  532	  578	  661	  884	  982	 1022	 2249	 3916	 5078	 6170	    0	    0	10780	 2063	 1804	 2231	 2242	 1556	 1612	 2414	 2499	 9531	 2466
   786 9.430982E-04 7.580283E-04 1.233213E-03   9	  321	  331	  640	  674	 1721	 1961	 3138	 3537	 5121	    0	    0	 7169	 7341	10928	 7369	 7442	 7412	 7485	 7045	 7255
   787 8.033794E-04 9.432960E-04 1.215816E-03  19	  263	  369	  488	  507	  647	  779	  855	  976	 1993	 2357	 3237	 3571	 3657	 3923	 5085	 5097	 5106	 6395	 6399	    0	    0	 5884	10126	 5740	 5607	 5505	 5786	 9971	 6377	10024	 5360	 6155	10102	 5886	10043	 5908	 6070	 6306	 5506	 6217
   788 3.849624E-04 8.208629E-05 9.990705E-04   2	  116	 1906	    0	    0	 2954	 3052
   789 1.025013E-03 2.061033E-04 1.229764E-03   3	  891	 1509	 2628	    0	    0	 7794	 7815	 7683
   790 1.245116E-03 1.237438E-03 2.430198E-04   3	    0	  586	 1040	    0	    1	 8971	 8806	 8888
   791 5.395392E-04 3.532608E-04 1.866187E-04   3	  440	  529	  792	    0	    0	 3354	 3419	 3342
   792 5.356992E-04 2.697498E-04 1.863047E-04   4	  791	 1182	 2164	 2819	    0	    0	 3342	 3386	 3314	 3387
   793 1.382038E-04 1.230662E-03 4.603468E-04   7	   23	  469	 1060	 1497	 2312	 3458	 6571	    0	    0	 1016	  732	 1407	 1345	 1654	10608	 1050
   794 1.207661E-03 2.265408E-04 8.426406E-04   4	   17	   40	 1649	 4393	    0	    0	 8310	 8462	 8311	 8583
   795 6.764704E-04 5.510208E-04 2.265792E-04   3	  188	  195	 4841	    0	    0	 3949	 4343	 4421
   796 8.211897E-04 6.220608E-04 1.179826E-03   5	  438	  559	  610	  831	  998	    0	    0	 5999	 5684	10927	 6001	 6047
   797 6.201792E-04 9.100608E-04 4.377792E-04   2	    2	    6	    0	    0	 3699	 3814
   798 8.672797E-04 1.069421E-03 1.302709E-03   8	  318	  423	  625	 2337	 3501	 4329	 4389	 4419	    0	    0	10262	 6356	 6773	10273	 6458	 6434	 6663	10235
   799 4.576435E-04 2.156695E-04 1.275534E-03   3	  993	 2246	 4447	    0	    0	 3152	 3184	 3246
   800 1.988425E-04 1.100141E-03 5.099907E-04  12	   21	   51	  189	  278	  350	  429	  590	  635	 1484	 3621	 3622	 5610	    0	    0	 2074	 2105	 1872	 1927	 1573	 1601	 1659	10304	 1777	 1796	 2054	 1817
   801 7.461455E-04 5.979384E-04 9.998571E-04  19	   59	   76	  402	  538	  622	  986	 1431	 1890	 2347	 2977	 2995	 3230	 3899	 3994	 4286	 5401	 6178	 6220	 6221	    0	    0	 4907	 4803	 5298	 4952	 4574	 5031	 5527	 4458	 5380	 9580	 4523	 5499	 4524	 4981	 5005	 5321	 5109	 4680	 5188
   802 2.699016E-04 7.095037E-04 6.981790E-06   2	  273	 2559	    0	    0	 2705	 2444
   803 1.943855E-04 4.334141E-04 9.208968E-04   5	 1964	 2709	 2979	 2988	 6636	    0	    0	 2226	 1908	 2013	 2014	 2178
   804 1.160970E-04 3.103090E-04 2.252694E-04   3	  366	  692	 3924	    0	    0	  964	  828	 1063
   805 2.888439E-04 6.002467E-04 1.892549E-04   1	  847	    0	    0	 2551
   806 6.387979E-04 7.804806E-04 1.212985E-03   7	   71	  290	 1205	 1858	 3755	 6402	 6404	    0	    0	 3725	 3744	 3835	 9770	 3897	 3959	 3693
   807 6.102714E-05 1.033918E-03 1.939008E-04  11	  279	  417	  504	  604	  645	  923	 1715	 4930	 4940	 5872	 5961	    0	    0	10224	  570	  526	  489	  454	  761	  669	  633	  538	  763	  540
   808 8.262640E-04 7.206251E-04 1.183800E-03   8	  223	  419	  664	  958	  998	 1351	 1688	 6363	    0	    0	 5739	 9716	 9674	 6021	 5659	 5738	 6141	 9668
   809 9.018355E-04 1.408955E-04 4.646208E-04   2	  305	  353	    0	    0	 6826	 7037
   810 1.227848E-03 1.175411E-03 1.911186E-04   1	 1138	    0	    0	 8717
   811 9.476399E-04 2.750268E-04 5.212825E-04   6	 1197	 1504	 2199	 2735	 3201	 3837	    0	    0	 7120	 7289	 7081	 7437	10658	 9313
   812 9.343170E-04 5.056736E-04 5.653024E-04   2	  139	 1796	    0	    0	 7019	 7228
   813 9.619008E-04 8.632712E-04 1.277756E-03  10	  209	  320	  380	  392	  511	  674	 1527	 1557	 3511	 6305	    0	    0	 7531	 7561	10937	 7502	 7416	 7417	 7372	 7308	 9897	 7343
   814 1.239531E-03 1.790674E-04 3.071808E-04   8	  122	  456	 2703	 4581	 4862	 5480	 5878	 6021	    0	    0	 8427	 8706	 8410	 9209	 8484	 8868	 9214	 8632
   815 9.860537E-04 4.195871E-04 5.097602E-04   3	  139	  618	 1191	    0	    0	 7558	 7557	10609
   816 1.185175E-03 1.464302E-04 2.633159E-05   2	 3702	 5639	    0	    0	 8366	 8437
   817 7.381706E-04 1.214254E-05 4.993920E-05   1	  704	    0	    0	 4702
   818 6.998400E-04 1.002221E-03 1.254657E-03  11	  224	  611	  616	  917	 1007	 1147	 1746	 1753	 2998	 4404	 6413	    0	    0	 4253	10988	 4638	 4250	 4096	 4694	10117	 4115	10981	10087	10160
   819 2.960493E-04 6.233681E-04 7.329556E-05   3	  651	 1087	 4748	    0	    0	 2550	 2641	 2726
   820 1.108871E-03 7.022675E-05 5.251789E-05   3	  662	 4815	 5839	    0	    0	 7944	 8024	 7982
   821 6.673537E-05 8.135959E-05 4.099871E-04   4	  291	  512	 2536	 5764	    0	    0	  517	 9153	  593	  468
   822 3.942235E-04 8.954308E-04 2.525901E-04   3	    2	  311	  631	    0	    0	 3009	 2979	 2974
   823 1.241429E-03 1.999565E-05 3.104172E-04   5	 1537	 2564	 2915	 5574	 5959	    0	    0	 8751	 8781	 8664	 8763	10480
   824 5.519992E-04 2.811328E-04 4.333540E-04   3	  772	 1123	 1223	    0	    0	 3431	 3423	10560
   825 1.239024E-04 1.313796E-04 4.531392E-04   3	  679	 2046	 6608	    0	    0	 1015	  816	 1224
   826 1.980913E-04 6.054896E-04 1.235978E-05   2	  519	 1949	    0	    0	 1933	 1695
   827 5.810206E-05 1.881792E-04 4.077169E-05   4	  833	 1809	 3341	 5775	    0	    0	  511	  452	  536	  317
   828 1.133523E-03 9.503808E-04 2.654195E-04   0	    0	    0
   829 8.184901E-04 6.270270E-04 1.096301E-03   5	   88	  471	 1337	 1426	 6112	    0	    0	 5939	 6152	 6018	 6066	 5781
   830 8.168419E-04 7.967808E-04 1.023923E-03  12	  124	  587	  718	  881	 1982	 3370	 3387	 4261	 5059	 5063	 6177	 6680	    0	    0	 6296	 5551	 6133	 6150	 5879	 6045	 9807	 5777	 6324	 5680	 5830	 6014
   831 8.480708E-04 6.438340E-04 1.206130E-03   9	  664	  717	  796	  998	  999	 1380	 2169	 3579	 6363	    0	    0	10899	 9565	 6001	 6049	 6350	 6218	 6635	10944	 9654
   832 8.052358E-04 5.553410E-04 2.558678E-04   1	 5859	    0	    0	 9435
   833 1.045349E-05 1.295977E-04 5.652870E-05   7	   -1	  552	  827	 1940	 3341	 3467	 3803	    1	    0	    6	  499	  511	  287	  549	  253	  319
   834 9.170374E-04 3.251731E-04 2.949619E-04   4	  413	  522	 1136	 2956	    0	    0	 9335	 7095	 7057	 7017
   835 1.344192E-04 1.820332E-04 3.532992E-04   3	  364	  741	 5850	    0	    0	 1294	  932	10542
   836 4.222080E-05 6.614348E-04 1.266252E-03   5	  510	  959	  984	 1392	 2477	    0	    0	  408	  509	 9630	  380	  424
   837 2.311944E-04 3.045686E-04 3.982649E-04   2	  744	 1582	    0	    0	 2274	 2018
   838 1.005050E-03 9.203720E-04 9.569904E-04   3	 2122	 2906	 4349	    0	    0	 7726	 7720	 7583
   839 9.032586E-04 7.804764E-04 7.870080E-05   7	   14	   27	  262	 3671	 4747	 5751	 5851	    0	    0	 6777	 7115	 9812	 6952	10392	 6715	10369
   840 1.113619E-03 7.978943E-04 3.796992E-04   3	 1069	 1306	 2182	    0	    0	 8061	 8049	 8126
   841 6.510483E-06 4.652084E-04 1.172227E-03   2	   -1	 1251	    1	    0	  156	  296
   842 2.487095E-04 1.187943E-03 2.484075E-04  10	  142	  179	  360	 1797	 2472	 2728	 3932	 4843	 4846	 5923	    0	    0	 2502	 2207	 2417	 2307	 2180	 2416	 2271	 2272	 2287	 2326
   843 6.940802E-04 7.589565E-04 1.074377E-03   5	  221	  473	 1166	 2973	 3391	    0	    0	 4193	 4484	 4621	 9757	 4299
   844 5.612094E-04 7.608277E-05 9.872736E-05   1	  925	    0	    0	 3450
   845 4.830762E-04 1.080898E-04 1.333732E-03   2	 1787	 1852	    0	    0	 3295	 3266
   846 5.025321E-05 6.749630E-06 2.603562E-04   4	  476	  583	 2544	 5882	    0	    0	  273	  501	  349	  371
   847 2.910099E-04 6.419991E-04 1.718383E-04   3	  651	  805	 1158	    0	    0	 2607	 2551	 2483
   848 1.099696E-03 6.551323E-04 1.400509E-03   5	 1090	 1510	 1554	 2188	 2602	    0	    0	 8008	11055	 8233	 8153	 8177
   849 2.116942E-04 1.191595E-03 3.964776E-04   9	  428	 1081	 1341	 1420	 1619	 2237	 2304	 4674	 6545	    0	    0	 1771	 1963	 1988	 2147	 2132	10338	10544	 1853	 2133
   850 6.291877E-04 4.901569E-04 1.758405E-04   4	  188	  627	  768	 6077	    0	    0	 3680	 4084	 3757	 9423
   851 1.247808E-04 2.595320E-04 1.392007E-04   6	   93	  201	  391	  852	 4763	 5702	    0	    0	 1121	 9276	 1215	  904	 1157	10390
   852 9.510269E-05 2.317627E-04 1.275576E-04   6	  391	  851	 1720	 2680	 5702	 5711	    0	    0	  925	  904	  719	  632	  853	  657
   853 9.245993E-04 6.686886E-04 9.858479E-04   5	  124	  387	  427	  454	  600	    0	    0	 7182	 7001	 6957	 9644	 7121
   854 8.326030E-04 4.734099E-04 1.466899E-03   5	  781	  877	 1033	 1105	 1712	    0	    0	 6037	 6167	 6036	 6079	 6367
   855 8.222682E-04 8.649604E-04 1.261999E-03   9	  443	  507	  708	  779	  787	 1445	 2289	 3237	 6286	    0	    0	 5951	 5926	 9945	 5839	 9971	 5985	 6220	 6025	10987
   856 9.600000E-07 1.271245E-03 7.120766E-06   2	   -1	  327	    1	    0	    3	  345
   857 1.274607E-03 1.021367E-05 4.174772E-04   4	    0	  477	  689	 2564	    0	    1	 9003	 8845	 8766	10552
   858 1.277760E-03 3.468972E-04 1.360209E-03   4	    0	  576	  970	 1189	    0	    1	 9095	 9315	 8774	 8799
   859 1.277760E-03 9.894838E-05 1.425711E-03   5	    0	    7	  192	  306	 6538	    0	    1	 9105	 8715	 8609	 8778	 8841
   860 2.714907E-04 8.217408E-04 4.644584E-04  15	 1220	 1921	 2325	 2376	 2419	 2430	 3277	 3838	 3958	 4026	 4602	 4605	 4611	 4685	 5646	    0	    0	 2453	 2668	 2425	 2508	 9827	 2554	 2363	 2351	 2471	 2621	 2622	 2396	 2291	 2519	 2438
   861 1.000773E-03 9.548813E-04 1.308488E-03   8	  259	  320	  455	 1041	 1462	 4421	 6279	 6288	    0	    0	 7702	 7695	 7689	 7589	 7703	 7575	 7637	 7605
   862 4.725089E-05 5.606208E-04 8.268866E-04   7	 1155	 1605	 2110	 2112	 4174	 5236	 5409	    0	    0	  630	  597	 9504	 9548	  715	 9519	  448
   863 2.477904E-05 5.697670E-04 1.231884E-03   6	   -1	  959	 1251	 1397	 1608	 1837	    1	    0	  161	  315	  364	  423	  379	  378
   864 2.414458E-04 9.857104E-04 4.497546E-04   4	   21	  189	  414	 1398	    0	    0	 2149	 2053	 2290	 2086
   865 8.921461E-04 5.961700E-04 1.169817E-03   8	  316	  458	  492	 1192	 2736	 6125	 6166	 6357	    0	    0	 6902	 6848	 6633	 6754	 6962	 6684	 6919	 6660
   866 1.256731E-03 1.271963E-03 9.487693E-05   2	    0	  688	    0	    1	 8937	 8683
   867 4.391521E-04 7.422499E-04 1.028138E-04   5	   54	 1185	 1846	 2799	 3596	    0	    0	 9777	 3040	 9768	 3109	 3053
   868 7.689599E-04 2.808572E-04 1.591811E-04   1	 1758	    0	    0	 9295
   869 1.216633E-04 8.956800E-04 1.202981E-04   7	 1275	 2579	 2629	 3427	 3578	 4102	 6008	    0	    0	10054	  639	  611	 1107	  838	 9951	  854
   870 1.823990E-05 8.212825E-04 1.313299E-03   3	   -1	    1	 4229	    1	    0	  172	  231	  398
   871 1.296687E-05 1.272163E-03 5.293100E-05   3	   -1	  327	  528	    1	    0	    4	  346	  432
   872 1.270368E-03 5.627890E-04 1.395530E-03   2	    0	 1073	    0	    1	 9100	 8787
   873 8.316800E-04 7.702461E-04 1.293120E-03  11	  112	  216	  228	 1037	 1445	 1792	 3183	 3886	 4318	 4463	 5678	    0	    0	 5611	 6357	 6275	 5510	 5612	11003	 6027	 5562	 5533	 5864	 5535
   874 1.202533E-04 9.119670E-05 1.045543E-04   5	 1106	 1134	 1152	 2696	 4816	    0	    0	  922	 1026	  924	 1119	 9180
   875 1.141116E-03 2.556275E-04 1.229970E-03   2	 1509	 2085	    0	    0	 8066	 9286
   876 5.575982E-04 4.252841E-04 3.602895E-04   4	  764	 1038	 1528	 5708	    0	    0	 3439	 3413	 3421	 9383
   877 8.306887E-04 4.401551E-04 1.431462E-03   3	  854	 1033	 1716	    0	    0	 6167	 6054	 6165
   878 4.329600E-04 3.364642E-04 1.252925E-03   3	 1782	 2049	 2281	    0	    0	 3016	 3176	 9358
   879 1.179061E-03 3.752750E-04 1.345443E-03   4	 1100	 1349	 1459	 1512	    0	    0	 8535	 8295	 9356	 8316
   880 1.126502E-03 8.156843E-04 7.441373E-04   7	  723	 1014	 1678	 2017	 3865	 5247	 5253	    0	    0	 8064	 8258	 8203	10690	 8050	 8103	 8276
   881 8.412871E-04 7.104192E-04 9.789693E-04  12	  658	  830	 1268	 2275	 3002	 3933	 5035	 5372	 5569	 6177	 6207	 6666	    0	    0	 6257	 6150	 5962	10755	 5922	 9688	 6233	 9687	10793	 5963	 6371	 6427
   882 1.131206E-03 2.112192E-04 1.568345E-04   9	   77	  286	  487	 1706	 2848	 3263	 3472	 3884	 4309	    0	    0	 9268	 7959	 7935	 8166	10449	10420	10414	 8053	 8019
   883 6.566208E-04 6.015178E-04 9.811392E-04   8	   48	  252	  452	  916	 1890	 2995	 3272	 3959	    0	    0	 3761	 3855	 3935	10797	 4235	 4105	 9533	 9540
   884 2.403588E-04 6.278208E-04 9.772608E-04   5	  323	  532	  534	  661	  785	    0	    0	 2061	 2127	 2202	 2305	 2242
   885 1.124246E-03 2.686080E-05 1.342080E-05   1	 4808	    0	    0	 8042
   886 2.943860E-04 9.304133E-04 1.290036E-05   3	  621	 3744	 4799	    0	    0	 2586	 2539	10360
   887 1.359661E-04 3.955008E-04 4.324186E-04   5	 1599	 2500	 3095	 3790	 4079	    0	    0	 1192	10571	 1365	 1344	 1014
   888 7.660800E-06 2.804950E-04 4.015957E-04   2	   -1	  638	    1	    0	   79	  279
   889 9.923128E-04 6.815808E-04 4.111981E-04   3	  435	 3956	 6536	    0	    0	 7634	10585	 9733
   890 6.718080E-05 1.048301E-03 1.319059E-03   3	    1	   80	 6322	    0	    0	  522	  461	  571
   891 1.050617E-03 1.750368E-04 1.264870E-03   4	  789	 1046	 1057	 1546	    0	    0	 7794	 7749	 7858	 7893
   892 9.062208E-04 4.350146E-04 2.885411E-04   4	  937	 1806	 4008	 4546	    0	    0	 6589	 6762	 6645	 9401
   893 4.676643E-04 7.436711E-04 7.167330E-04   0	    0	    0
   894 4.272058E-04 3.052608E-04 2.751247E-05   9	  557	 1440	 1977	 2963	 3473	 3520	 5153	 5526	 5845	    0	    0	 3033	 2998	 3028	 3090	 3079	 2956	 3025	 3030	 2976
   895 4.143035E-05 2.088622E-04 4.482077E-04   4	  926	 1962	 2518	 2621	    0	    0	  373	  581	  595	  403
   896 1.246872E-03 3.477480E-04 1.445741E-03   6	    0	  995	 1233	 4202	 5073	 6744	    0	    1	 9110	 8536	 8568	 8800	 8608	 8700
   897 1.150080E-05 8.885832E-04 3.444291E-04   7	   -1	  671	 2878	 5472	 5474	 5846	 6002	    1	    0	   71	  326	 9903	  243	  328	  491	10513
   898 6.372578E-05 3.937813E-04 1.103684E-03   5	  561	  947	  994	 1780	 1914	    0	    0	  355	  704	  608	  459	  535
   899 1.087617E-03 5.374080E-05 6.873408E-04   1	   17	    0	    0	 7942
   900 2.659209E-04 5.780996E-04 1.951735E-04   0	    0	    0
   901 7.614588E-04 1.071996E-03 1.318081E-03   7	  224	  300	 1892	 2274	 4327	 4434	 5607	    0	    0	10223	 5223	 5251	 4899	 4812	 4787	 5615
   902 5.295422E-04 5.672597E-05 4.769065E-04   2	  293	 2976	    0	    0	 3242	 3276
   903 6.386788E-04 1.110069E-03 1.303661E-03   5	   96	  118	  277	  595	 4424	    0	    0	 3726	 3745	 3963	 3932	 4010
   904 4.341832E-04 6.488272E-06 3.221481E-04   5	  551	 2161	 3266	 4540	 6072	    0	    0	 3057	 3002	 3193	 3042	10500
   905 9.809458E-04 5.960967E-04 4.588608E-04   1	  126	    0	    0	 7568
   906 1.041600E-03 6.982443E-04 1.029101E-03   2	 2933	 6181	    0	    0	 7799	 7787
   907 7.828194E-04 9.780717E-04 1.333249E-03   8	  488	  928	 1016	 1488	 1579	 2056	 3097	 3602	    0	    0	 5712	 5563	11051	 5425	11026	 5472	 5207	 5867
   908 2.161318E-04 5.328918E-04 9.391072E-04  10	  446	  966	 1002	 2474	 3174	 3241	 3795	 5388	 5447	 6709	    0	    0	 2039	 2322	 2126	 2012	 2154	10749	 2442	 1975	 2153	 2139
   909 1.682315E-04 2.181166E-04 3.929338E-04   0	    0	    0
   910 7.358974E-04 8.044608E-04 1.027020E-03  14	  221	  252	  255	  473	  587	 1009	 1166	 1477	 3954	 4000	 5027	 5367	 6175	 6189	    0	    0	 4382	 4573	 5189	 4804	 5238	 4273	 4526	 5112	10825	10794	 4501	10781	 4711	 9832
   911 7.042321E-04 4.970499E-04 1.049861E-03   7	  174	  270	  622	 1092	 1099	 3062	 6114	    0	    0	 4407	 4163	 4730	 4772	 4828	 4384	 9457
   912 1.189449E-03 2.013767E-04 4.540026E-04   2	  393	  657	    0	    0	 8515	 9239
   913 2.560279E-04 5.272809E-04 1.035110E-03   4	  410	  735	 2900	 5078	    0	    0	 2203	 2142	 2456	 2340
   914 5.843460E-04 1.230490E-03 1.221689E-03   2	  106	 1769	    0	    0	10348	 3507
   915 3.353689E-04 2.614521E-04 5.722334E-05   6	   20	  712	 1310	 3207	 4058	 4266	    0	    0	 2694	 2748	 2855	 9277	 2825	 2747
   916 6.398961E-04 5.887683E-04 1.034306E-03   5	  597	  883	 1011	 3959	 3972	    0	    0	 3705	10797	 3659	 3874	 9526
   917 6.707120E-04 9.712063E-04 1.220093E-03   9	  118	  448	  502	  683	  818	 1007	 1951	 3757	 6413	    0	    0	 3819	 4282	 3987	 4142	 4250	10952	 4605	10924	 4512
   918 1.241702E-03 1.143019E-04 3.209489E-04   9	    0	  456	  725	  977	 1326	 3610	 3908	 4581	 6071	    0	    1	 8989	 9223	 8552	 8600	 8764	 8795	 8409	 9200	 8663
   919 8.996035E-04 3.446363E-04 1.493219E-03   3	 1044	 1421	 4506	    0	    0	 6863	 6914	 6795
   920 1.120218E-03 5.149289E-04 1.327390E-03   3	    8	   37	 2715	    0	    0	 7859	 7991	 7972
   921 6.308706E-04 6.772267E-04 1.262464E-03   5	   82	   97	  113	  508	 4415	    0	    0	 3638	 3639	 3771	 3943	 9699
   922 1.018962E-03 8.486208E-04 1.113408E-04   8	   27	   67	   92	  262	  617	 1647	 3714	 4820	    0	    0	 7706	 7790	 7693	 7607	 7676	 7797	 7826	 7641
   923 1.343808E-04 9.879130E-04 2.311895E-04  14	  110	  604	  807	 1228	 1679	 1715	 2083	 2330	 3057	 3085	 4833	 5865	 5872	 5924	    0	    0	 1333	  788	  761	10463	 1061	  905	 1065	  927	 1309	10105	 1164	  649	10189	 1420
   924 1.966380E-04 9.890625E-04 3.254343E-04  13	  568	 2503	 3306	 3422	 3541	 3759	 3866	 4018	 4187	 4563	 4568	 5855	 6030	    0	    0	 1674	 1789	 2163	 2130	 1959	10520	 2162	 2146	 1489	 1517	 2115	10484	 1470
   925 5.596159E-04 1.203243E-04 8.100801E-05   2	  675	  844	    0	    0	 3437	 3450
   926 1.323786E-05 1.864710E-04 4.173616E-04   5	   -1	  895	 2536	 2546	 3204	    1	    0	   89	  373	 9225	  290	  207
   927 7.460943E-04 5.376192E-04 1.212471E-03   9	  603	  985	 1216	 1356	 2091	 2201	 2726	 3620	 6340	    0	    0	 5013	 4691	10941	 4810	 9484	 5038	 5285	 4580	 9497
   928 7.714257E-04 1.001572E-03 1.338910E-03  12	  521	  907	 1016	 1379	 1579	 1737	 1889	 2245	 3097	 3327	 3386	 6281	    0	    0	 5209	 5563	11052	 5929	11027	 5100	11044	 5511	 5289	 5224	 5226	 5663
   929 3.596021E-04 5.510208E-04 2.287115E-04   1	 1430	    0	    0	 2819
   930 8.628974E-04 5.663808E-04 3.254251E-04   4	  942	  955	 1075	 1580	    0	    0	 6465	 6562	 6288	10528
   931 7.294080E-05 8.017334E-04 1.496550E-03   4	    1	  523	 3125	 4020	    0	    0	  572	  485	  758	  568
   932 1.197226E-03 6.675249E-04 4.124776E-04   3	 1181	 1960	 2384	    0	    0	 8486	 8582	 8317
   933 6.679582E-04 2.879808E-04 3.331213E-04   5	 1299	 1556	 1860	 3529	 6078	    0	    0	 4048	 4066	 4099	10527	 4211
   934 8.113467E-04 9.427008E-04 8.190121E-04   1	   42	    0	    0	 6082
   935 1.148839E-03 2.692109E-04 3.852901E-04   5	  243	  480	  484	 1169	 1898	    0	    0	 8062	 8160	 8285	 8174	 8085
   936 2.889636E-04 3.262080E-05 9.174821E-05   3	  549	 1729	 2136	    0	    0	 2675	 2643	 2563
   937 8.897403E-04 4.886400E-04 3.006156E-04   3	  892	  955	 1662	    0	    0	 6589	 6779	 6523
   938 1.854156E-04 3.417408E-04 1.345055E-03   1	 4401	    0	    0	 9324
   939 8.401327E-04 6.536743E-04 9.748207E-04  15	  427	  454	  547	  619	 1107	 2094	 2275	 3158	 3933	 4111	 4186	 4204	 5336	 5372	 6624	    0	    0	 6062	 6426	 5961	 6132	 5935	 5920	 6170	10774	 6428	 9661	 6111	 6498	 6043	 6171	10742
   940 8.345245E-04 5.145792E-04 1.286135E-03   3	  397	  717	 1015	    0	    0	 5812	 5968	 6026
   941 2.564434E-05 6.652129E-04 1.511999E-03   2	   -1	  740	    1	    0	  206	  334
   942 8.441228E-04 5.369148E-04 3.084335E-04   3	  930	  955	 1662	    0	    0	 6465	 6464	 6439
   943 5.109503E-04 1.087998E-04 9.630555E-04   8	  116	  144	 1906	 3796	 3981	 5071	 5512	 6224	    0	    0	 3250	 3205	 3236	 3311	 3285	 3262	 3302	 3303
   944 2.403121E-04 1.113912E-03 1.507244E-04   1	  140	    0	    0	 2343
   945 8.849174E-04 4.638872E-04 1.322306E-03   5	  373	  466	 1135	 1382	 1698	    0	    0	 6555	 6557	 6517	 6857	 6760
   946 1.793694E-04 9.874260E-04 1.290104E-04   4	  110	  569	 1094	 1468	    0	    0	 1864	 1378	 1880	 1399
   947 1.198601E-04 4.143032E-04 1.158996E-03   4	  771	  898	  994	 3148	    0	    0	  997	  704	  716	 9370
   948 1.278126E-04 5.510208E-04 9.094458E-04  10	  446	  951	 1151	 2485	 3235	 3268	 3361	 3551	 5355	 6644	    0	    0	 1690	 1183	 1097	 1580	 1302	  879	 1098	 9479	 1411	 1213
   949 7.822924E-04 1.144891E-03 1.275505E-03   9	   87	  118	  300	  564	  691	  700	 1218	 3751	 6304	    0	    0	 5363	 5128	 5345	 5608	 5129	 5342	 5741	10998	10293
   950 7.478414E-04 1.503957E-04 1.668597E-04   0	    0	    0
   951 1.544504E-04 5.775060E-04 8.806517E-04   7	  948	  982	 1151	 2485	 5355	 6640	 6790	    0	    0	 1183	 1747	 1154	 1610	 1462	 9557	10724
   952 1.201717E-03 9.185662E-04 6.623390E-06   4	   16	   30	  518	 3547	    0	    0	 8526	 8661	 8377	 8615
   953 6.189619E-04 1.619981E-04 1.725700E-04   4	 1142	 1805	 1954	 5680	    0	    0	 3473	 3758	 3549	 3888
   954 3.459332E-04 8.380811E-05 1.367415E-03   2	 1434	 1519	    0	    0	 2949	 2770
   955 8.847420E-04 5.347852E-04 3.167808E-04   4	  930	  937	  942	 2023	    0	    0	 6562	 6779	 6464	 6824
   956 1.497408E-04 9.111760E-04 5.071946E-04   8	 1369	 1676	 2349	 2400	 5272	 5280	 5286	 6578	    0	    0	 1035	 1710	  914	10648	 1393	 1133	  937	10058
   957 4.325442E-04 1.191851E-03 6.377732E-04   2	    4	 1071	    0	    0	 3105	 3138
   958 7.977600E-04 7.363115E-04 1.149258E-03  11	   88	  223	  246	  255	  808	 1351	 1688	 2684	 4271	 5164	 6139	    0	    0	10881	 5943	 5465	 5806	 6021	 5418	 6268	 9714	 6137	10893	 5604
   959 4.030080E-05 6.195208E-04 1.241384E-03   8	   -1	  342	  836	  863	  984	 1588	 2477	 4367	    1	    0	  158	  226	  509	  315	  227	  212	 9594	 9593
   960 6.195240E-04 1.200954E-03 1.149746E-03   0	    0	    0
   961 2.696963E-04 4.287004E-04 8.450005E-04   8	  974	 1415	 1487	 1636	 2742	 3078	 5422	 6779	    0	    0	 2524	 2640	 2388	 2387	 2624	 2494	 2651	 2576
   962 6.844205E-04 4.252800E-04 1.449644E-04   2	  627	 3661	    0	    0	 4180	 4397
   963 7.257408E-04 1.095496E-03 1.176584E-03   8	  118	  130	  319	  463	  728	 2203	 3762	 5621	    0	    0	 4735	10305	 4576	10265	 5085	10922	 5036	 5196
   964 4.041592E-04 1.363008E-04 1.433643E-04   7	 1137	 1405	 2130	 2283	 2806	 2864	 6003	    0	    0	 3001	 9176	 2977	 9236	 3062	 3020	 3071
   965 2.621662E-04 4.121006E-05 1.529383E-03   2	  690	 1882	    0	    0	 2605	 2296
   966 2.492856E-04 4.827127E-04 9.643143E-04   7	  908	 1083	 1335	 1928	 2318	 3795	 6696	    0	    0	 2322	 2454	 2402	 2512	 2403	 2413	 2227
   967 6.537606E-04 6.529920E-05 8.841556E-04   4	  667	 1542	 1623	 6620	    0	    0	 4102	 3985	 3933	 3869
   968 1.248411E-03 3.711104E-05 6.623999E-05   1	 4822	    0	    0	 8760
   969 9.070628E-04 4.174411E-04 1.365430E-03   5	  514	 3953	 4964	 5169	 6659	    0	    0	 6992	 7050	 7150	 7171	 6926
   970 1.229098E-03 3.582158E-04 1.307105E-03   4	  858	 1189	 1262	 1581	    0	    0	 8774	 8813	 8543	 8556
   971 6.822357E-04 6.990600E-04 1.194007E-03  10	   44	  112	  246	  401	  437	  620	 1841	 1858	 2653	 6124	    0	    0	10906	 9737	 4126	 3911	 4666	 4026	 4635	 3880	 4196	 3894
   972 6.844800E-04 8.804525E-04 1.124083E-03  11	  213	  389	  465	  494	  546	  729	 1467	 1479	 3413	 5174	 5178	    0	    0	 4109	 4629	 4630	 4140	 4659	 4504	 4194	 4807	10090	 4168	 4808
   973 4.174286E-04 2.385519E-04 7.392127E-05   7	   68	  557	 1310	 1418	 2341	 2603	 3510	    0	    0	 3127	 3081	 2964	 3092	 3136	 3045	 3039
   974 2.745408E-04 3.735962E-04 8.556843E-04  19	  434	  961	 1002	 1083	 1415	 1487	 1578	 1636	 1964	 2200	 2234	 2496	 2742	 2948	 3311	 3998	 5404	 5422	 6641	    0	    0	 2478	 2524	 2302	 2497	 2734	 2239	 2787	 2301	 2356	 2253	 2559	 2577	 2558	 2795	 2600	 9355	 2612	 2594	 2525
   975 1.193144E-03 4.502419E-04 1.248793E-03   1	 1061	    0	    0	10974
   976 8.668804E-04 9.059777E-04 1.193565E-03  10	   41	  787	 1006	 1194	 1401	 2760	 2838	 3237	 3589	 3717	    0	    0	10039	 6377	 6708	 6347	 6755	 6117	 6392	10925	 6740	 6098
   977 1.235120E-03 1.028842E-04 3.532608E-04   7	  477	  725	  918	 1326	 2243	 3115	 5849	    0	    0	 8783	10503	 8600	 8731	 8688	 8718	 9171
   978 1.274599E-03 9.580800E-06 9.052782E-04   2	    0	   17	    0	    1	 9038	 8810
   979 1.276450E-03 4.831603E-04 1.100990E-04   3	    0	   29	 1761	    0	    1	 8940	 8911	 8761
   980 9.849792E-04 2.310537E-04 1.459596E-04   3	  190	  315	 2781	    0	    0	 7650	 7496	 7494
   981 2.303808E-04 5.047818E-04 5.374080E-05   2	 1522	 3879	    0	    0	 2406	 9424
   982 1.702144E-04 5.977473E-04 9.599808E-04  11	  323	  410	  532	  534	  560	  578	  785	  951	 1022	 2418	 2474	    0	    0	 1581	 1532	 1582	 2000	 1504	 1415	 1556	 1747	 1505	 1268	 1906
   983 1.260488E-03 7.007808E-04 1.349047E-03   4	    0	  694	 4364	 4403	    0	    1	 9092	 8639	 8872	 8775
   984 1.248727E-05 6.534727E-04 1.233843E-03   7	   -1	  342	  836	  959	 1392	 1588	 4367	    1	    0	  162	 9646	 9630	  227	  342	 9599	  229
   985 7.114674E-04 5.638458E-04 1.239287E-03   9	  722	  927	 1216	 1356	 2091	 2201	 3275	 6300	 6340	    0	    0	 4388	 4691	 4563	 4664	 4834	 4760	 4636	 4856	 4578
   986 7.616770E-04 6.463237E-04 9.940998E-04   9	   76	  252	  801	 1107	 1431	 2094	 2347	 2977	 4286	    0	    0	 9614	 4823	 5031	 5269	 5530	 5528	 5075	 5454	 9579
   987 1.486304E-04 3.604032E-04 8.607236E-04  13	 1487	 1656	 2480	 2687	 2985	 3059	 3220	 3335	 3397	 4304	 4387	 6821	 6833	    0	    0	 9381	 1434	 1410	 1552	 1578	 1997	10719	 1998	 1351	 1529	10710	 1951	 1717
   988 2.730880E-04 9.280214E-04 7.929408E-04   1	    4	    0	    0	 2584
   989 9.838559E-04 1.052777E-03 2.110080E-05   3	 1129	 1184	 5835	    0	    0	 7387	 7493	 7449
   990 7.103808E-04 1.006061E-03 1.109091E-03   8	  121	  172	  482	 1536	 2006	 2383	 5008	 6118	    0	    0	 4385	 4325	 4627	 4556	10144	10205	 4829	 4910
   991 9.888000E-05 2.851921E-04 1.102099E-03   2	 1886	 2857	    0	    0	 1136	  902
   992 1.237306E-03 7.317519E-04 6.903200E-04   2	  607	 2353	    0	    0	 8490	 8412
   993 3.747124E-04 1.913726E-04 1.277846E-03   7	  685	  799	 1095	 1345	 1661	 1817	 2246	    0	    0	 2936	 3152	 9264	 2810	 2808	 2840	 3125
   994 7.170241E-05 4.209524E-04 1.118696E-03   3	  898	  947	 1476	    0	    0	  608	  716	  667
   995 1.218241E-03 3.061109E-04 1.422701E-03   6	  196	  896	 1211	 1233	 1452	 4613	    0	    0	 8353	 8536	 8394	 9338	 8385	 8470
   996 8.131201E-04 4.770568E-04 6.644991E-04   1	  100	    0	    0	 5799
   997 3.773559E-04 1.113289E-03 6.054783E-04   5	   21	   22	 2071	 2187	 2677	    0	    0	 2970	 2929	 2872	 2948	 2900
   998 8.184796E-04 6.662208E-04 1.172150E-03  13	   88	  559	  664	  796	  808	  831	 1351	 1900	 2684	 2738	 3723	 5149	 5170	    0	    0	 5655	 5581	 6095	 6047	 5659	 6049	 5241	 5657	 5807	 5168	 5309	 9653	 9626
   999 8.697408E-04 6.762227E-04 1.251177E-03  11	  228	  343	  419	  458	  472	  831	 1265	 1380	 2169	 2980	 3493	    0	    0	 6482	 9585	 6757	10945	 6810	 6350	 6553	 9616	 6573	 6510	 6942
  1000 3.337017E-04 1.072036E-03 6.229634E-04   7	  204	 1140	 1700	 1747	 2103	 2187	 3240	    0	    0	10269	 2645	10679	 2848	10239	 2843	10225
  1001 1.591893E-04 2.275909E-04 1.406400E-03   1	 1816	    0	    0	 1750
  1002 2.476992E-04 4.682506E-04 8.979972E-04  12	  446	  908	  974	 1083	 1636	 1663	 1964	 2138	 2200	 2478	 2743	 3078	    0	    0	 1971	 2126	 2302	 2321	 2223	 2374	 2201	 2254	 2059	10728	 1970	 2495
  1003 8.032792E-04 8.665935E-04 1.151314E-03   9	  223	  263	  546	 1545	 3027	 3365	 4157	 6137	 6164	    0	    0	 5656	 5836	 5636	 5755	 5333	 5837	 5441	 5683	 5393
  1004 4.731949E-04 1.235381E-03 1.423517E-03   7	    1	  678	 1667	 2213	 4254	 4637	 5270	    0	    0	 3164	 3194	 3214	11069	 3116	11078	 3187
  1005 8.615300E-04 1.163539E-03 1.367021E-03   5	  287	  500	  533	  652	  684	    0	    0	 6363	 6330	 6312	 6925	 6815
  1006 8.868608E-04 9.187208E-04 1.222080E-03   6	   41	  318	  545	  976	 1861	 3923	    0	    0	 6710	10958	10001	 6708	10969	 6596
  1007 6.553521E-04 9.836122E-04 1.261421E-03  10	   66	   96	  118	  502	  611	  818	  917	 2998	 3300	 5111	    0	    0	 3667	 3677	 3717	 3961	 3884	 4096	10952	 3899	10991	10096
  1008 2.924035E-04 3.743808E-04 1.280603E-03   1	 1693	    0	    0	 2562
  1009 6.697020E-04 7.793485E-04 1.017581E-03  10	   90	  221	  252	  742	  910	 3391	 4982	 5022	 5233	 6216	    0	    0	 3924	 4018	 4013	 3923	 4273	 9786	10830	 9814	 4052	 9797
  1010 8.476806E-04 5.339902E-04 1.223858E-03   5	  354	 1015	 1500	 1614	 2393	    0	    0	 6508	 6239	 6154	 6433	 6142
  1011 6.133061E-04 6.144192E-04 1.034861E-03   6	   48	  916	 1788	 2428	 2711	 3381	    0	    0	 3645	 3659	 3857	 3762	 3733	 3583
  1012 8.554319E-04 2.658026E-04 1.387434E-03   3	 1125	 1357	 3901	    0	    0	 6689	 6518	 6724
  1013 9.788248E-04 6.994410E-04 1.205779E-03   6	  321	  331	  336	  656	 1249	 1721	    0	    0	10950	 7409	 7500	 7484	 7519	 7467
  1014 1.174086E-03 7.898701E-04 7.036782E-04   7	  607	  880	 1678	 2353	 4251	 5253	 6738	    0	    0	 8372	 8258	 8286	 8336	 8275	 8257	 8373
  1015 8.371392E-04 4.932377E-04 1.257830E-03   7	  354	  474	  940	 1010	 1500	 1614	 1738	    0	    0	 6450	 5966	 6026	 6239	 5983	 6272	 6831
  1016 7.814208E-04 1.016745E-03 1.374899E-03  10	  351	  580	  907	  928	 1488	 1948	 2160	 4224	 5252	 5341	    0	    0	 5714	 5892	11051	11052	 5515	 5402	11070	 5369	 5565	 5693
  1017 6.318108E-05 5.529408E-04 1.098903E-03   5	 1261	 1475	 1793	 2116	 2417	    0	    0	 9546	  617	  497	 9469	  479
  1018 9.247553E-04 8.167552E-04 1.279745E-03   4	  216	  242	 1374	 5121	    0	    0	 6941	10977	 7130	 7236
  1019 1.134158E-03 4.615880E-04 1.271751E-03   5	 1502	 1794	 2932	 4412	 6290	    0	    0	 8180	 8211	 8094	 8152	 9452
  1020 6.917076E-04 8.910595E-04 1.344019E-03   8	  134	  167	  296	 1064	 1108	 3565	 4965	 4995	    0	    0	 4178	 4642	 4209	 4337	 4540	 4640	 4416	 4721
  1021 1.298713E-04 3.429636E-04 1.075676E-03   1	 4060	    0	    0	 1006
  1022 2.131008E-04 6.806414E-04 9.492704E-04   8	  323	  534	  560	  661	  785	  982	 2185	 2418	    0	    0	 1530	 2225	 9631	 2140	 1612	 1505	 2138	 9613
  1023 6.233438E-04 4.204608E-04 1.586711E-04   2	  768	 6077	    0	    0	 3640	 9411
  1024 1.213421E-03 6.325618E-04 1.581145E-04   8	   35	   83	  736	 2850	 3015	 4783	 6067	 6068	    0	    0	 8440	 8596	 8687	10416	 8571	10404	 9648	 8817
  1025 5.348977E-04 2.909557E-04 3.705408E-04   4	 1223	 2181	 2899	 3558	    0	    0	 9292	 9309	10531	 3415
  1026 1.240301E-03 7.967623E-05 4.309730E-04   7	    0	  477	 1570	 2243	 2524	 3115	 4116	    0	    1	 9005	 8769	 9151	10581	 8562	10568	 8601
  1027 6.056803E-05 5.241408E-04 1.298667E-03   4	  509	  646	 1397	 3321	    0	    0	11023	 9441	  521	  481
  1028 1.699872E-04 2.216865E-04 3.494592E-04   2	   12	 5743	    0	    0	 1769	10534
  1029 1.038701E-03 8.439384E-06 5.671113E-05   2	  125	  662	    0	    0	 7715	 7883
  1030 1.122171E-04 3.732987E-04 1.473732E-03   6	  682	 1206	 1469	 1702	 2219	 2747	    0	    0	  827	 1138	 1041	11080	  941	  881
  1031 8.668800E-04 6.270899E-04 4.486471E-04   2	 1453	 4598	    0	    0	 6798	 6524
  1032 5.806500E-04 3.908903E-04 4.483202E-04   3	 1123	 1984	 2812	    0	    0	 3455	 3581	 3626
  1033 8.254216E-04 4.025669E-04 1.452486E-03   5	  781	  854	  877	 1127	 5023	    0	    0	 6055	 6036	 6054	 6168	 6281
  1034 1.228121E-03 7.325516E-04 8.359819E-05   3	   49	  341	 1719	    0	    0	 8618	 8520	 8682
  1035 2.858141E-04 1.343808E-04 1.343437E-03   3	 1120	 1324	 1519	    0	    0	 2482	 2619	 2653
  1036 9.420429E-04 8.025408E-04 3.907199E-04   3	   11	   19	 1634	    0	    0	 7119	 7250	 7264
  1037 7.603008E-04 7.805610E-04 1.301741E-03   6	  873	 1445	 1939	 3117	 4238	 4444	    0	    0	 5510	 5643	 5368	 5098	 9805	 9809
  1038 5.700611E-04 4.467978E-04 3.859008E-04   2	  764	  876	    0	    0	 3454	 3413
  1039 2.208472E-05 8.508746E-04 3.966159E-04   5	   -1	 3534	 4694	 5833	 6554	    1	    0	   76	  467	10562	  256	  303
  1040 1.252397E-03 1.255306E-03 1.990520E-04   3	    0	  470	  790	    0	    1	 8961	 8749	 8888
  1041 9.232971E-04 9.523392E-04 1.320090E-03  14	  351	  392	  455	  545	  861	 1102	 1462	 2215	 2432	 2505	 2593	 3045	 5539	 6288	    0	    0	 6792	10053	 7446	 6855	 7589	 7031	 7576	10097	 6772	 7330	 7206	10142	 7028	 7488
  1042 9.281537E-04 4.920315E-05 1.681408E-04   5	  257	  591	  626	  778	 1709	    0	    0	 7303	 7118	 7178	 7262	 7214
  1043 3.445325E-04 2.860608E-04 1.523438E-03   3	  111	  760	 2725	    0	    0	 2844	 2887	 2824
  1044 9.004608E-04 3.513408E-04 1.437198E-03   6	  514	  919	 1267	 1421	 2140	 2641	    0	    0	 9377	 6863	 9373	 6913	 7225	 6861
  1045 5.212814E-04 1.582841E-04 9.300669E-05   1	 2597	    0	    0	10376
  1046 1.015173E-03 1.948876E-04 1.312229E-03   3	   36	  891	 4441	    0	    0	 9252	 7749	 9257
  1047 1.222579E-03 2.457408E-04 2.893547E-04   7	  122	  349	 1458	 1472	 2942	 4212	 4857	    0	    0	 8485	 9269	 8499	 8408	 8621	 8673	 9280
  1048 9.911924E-04 1.950146E-04 1.486971E-03   4	  485	  755	 1286	 1803	    0	    0	 7728	 7709	 7661	 7672
  1049 3.290141E-04 2.628115E-04 5.386494E-04   7	 1331	 1974	 2305	 3927	 5276	 5577	 6433	    0	    0	 2698	 2742	 2893	 2916	 2697	 2806	 2711
  1050 7.437087E-04 5.779008E-04 4.912914E-04   0	    0	    0
  1051 9.379232E-04 6.540965E-04 1.290954E-03   6	  343	  472	  592	  656	 1249	 1265	    0	    0	 6988	 6966	 7133	 7384	 7360	 7067
  1052 5.044840E-04 4.195272E-04 1.521898E-03   3	  111	 2566	 4376	    0	    0	 3253	 3232	11094
  1053 1.025590E-03 1.792816E-04 3.071808E-04   4	  243	  513	  732	 1207	    0	    0	 7786	 7764	 7724	 7714
  1054 1.183449E-03 1.152900E-03 3.080529E-04   1	  681	    0	    0	 8326
  1055 1.312410E-04 4.484728E-05 1.529197E-03   1	  707	    0	    0	 1077
  1056 1.893338E-04 1.151238E-03 2.624133E-04  10	  140	  360	  636	 1784	 2255	 2461	 2510	 4843	 5927	 5957	    0	    0	 2114	 2159	 2003	 1767	 1514	 1590	 1808	 1982	 2095	 1787
  1057 1.061741E-03 1.394155E-04 1.314642E-03   2	  891	 2232	    0	    0	 7858	 7895
  1058 8.096077E-04 3.752201E-04 4.786440E-04   2	  649	  748	    0	    0	 5823	 5847
  1059 8.479121E-04 3.167808E-04 1.517929E-03   3	  781	 1489	 1607	    0	    0	 9340	 6147	 6380
  1060 1.657417E-04 1.199981E-03 4.742208E-04   9	   23	  350	  635	  793	 1081	 2312	 3458	 3640	 4630	    0	    0	 1070	 1175	10324	 1407	 1655	10607	 1240	 1408	 1574
  1061 1.223846E-03 4.723008E-04 1.294810E-03   3	  696	  975	 2293	    0	    0	 8726	10974	 8567
  1062 2.111692E-06 6.030046E-05 1.498560E-03   4	   -1	  183	 3614	 4578	    1	    0	  197	  298	  410	  382
  1063 1.276474E-03 3.640611E-04 9.497125E-04   4	    0	  312	  752	 1830	    0	    1	 9044	 8859	 8676	 8846
  1064 6.918152E-04 9.158592E-04 1.323836E-03   9	  224	  481	  611	  774	 1020	 2218	 3779	 4404	 4410	    0	    0	10099	 3946	 4097	 4515	 4337	11025	 4437	 4415	11037
  1065 2.508337E-04 5.427339E-04 1.396250E-03   1	 2171	    0	    0	 2433
  1066 1.162557E-03 6.746855E-04 9.396996E-04   4	 1520	 5400	 5442	 6646	    0	    0	 9618	 8227	 8189	 8196
  1067 7.537706E-04 6.231178E-04 1.295188E-03   8	  107	  264	  265	  397	 1163	 4411	 6298	 6306	    0	    0	 9605	 4992	 5177	 5203	 5061	 5173	10986	 5148
  1068 7.421602E-04 2.086585E-04 5.810422E-04   2	 1454	 3601	    0	    0	 4949	 9256
  1069 1.145685E-03 8.128733E-04 3.315387E-04   3	  840	 1070	 2182	    0	    0	 8061	 8135	 8116
  1070 1.145274E-03 7.554455E-04 3.217367E-04   5	 1069	 1540	 2182	 2952	 3721	    0	    0	 8135	 8356	 8150	 9718	 8347
  1071 4.746521E-04 1.197574E-03 6.617106E-04   2	    4	  957	    0	    0	 3150	 3138
  1072 1.303436E-05 8.843531E-04 1.333027E-03   4	   -1	    1	 4229	 5491	    1	    0	  176	  284	  366	  343
  1073 1.233754E-03 5.587008E-04 1.348725E-03   4	  872	 1554	 2134	 2146	    0	    0	 8787	 8557	 8677	 8638
  1074 8.228906E-04 8.282065E-04 1.849367E-05   2	   10	 1517	    0	    0	 6007	10366
  1075 8.057684E-04 6.115260E-04 3.238547E-04   4	  164	  930	 2409	 5603	    0	    0	 5846	 6288	 5720	 5869
  1076 5.088834E-05 8.768790E-04 4.307737E-04   7	 1868	 2078	 2096	 2336	 4607	 6539	 6604	    0	    0	  602	  676	  767	  652	 9965	 9906	10602
  1077 5.766883E-04 2.044029E-04 3.924006E-04   2	  772	 1080	    0	    0	 3451	 9227
  1078 1.910498E-04 6.609644E-06 3.905339E-04   2	 2562	 3396	    0	    0	 1593	 1919
  1079 1.332604E-04 1.775967E-04 3.980054E-04   1	 5850	    0	    0	  989
  1080 5.806986E-04 1.529210E-04 3.968086E-04   3	 1077	 1198	 1884	    0	    0	 9227	 3555	 3524
  1081 2.182510E-04 1.197317E-03 4.559982E-04   9	   23	  635	  849	 1060	 1272	 1516	 1619	 2312	 6545	    0	    0	 1595	 1680	 1963	 1655	 2217	 2361	10575	 1827	10332
  1082 6.035952E-04 7.227942E-04 7.307532E-04   0	    0	    0
  1083 2.755889E-04 4.233581E-04 9.267326E-04  10	  434	  966	  974	 1002	 1335	 1964	 2234	 2742	 3078	 3311	    0	    0	 2615	 2454	 2497	 2321	 2498	 2339	 2613	 2599	 2496	 2614
  1084 1.147119E-03 7.440000E-04 8.978385E-04   1	  714	    0	    0	 8205
  1085 1.112561E-03 9.457997E-04 3.616470E-04   1	 1364	    0	    0	 8072
  1086 9.571139E-04 2.486248E-04 4.435008E-04   2	  353	  431	    0	    0	 7286	 7337
  1087 2.910772E-04 5.674305E-04 5.681063E-05   2	  819	 4821	    0	    0	 2641	 9508
  1088 9.587687E-04 1.857001E-05 2.006185E-05   2	 1600	 4802	    0	    0	 7355	 9128
  1089 6.959111E-04 8.040679E-04 1.323697E-03   9	  112	  120	  481	 1124	 1942	 2143	 2302	 3117	 4451	    0	    0	11018	 4130	 4258	 4720	 4395	 4259	 4370	 4669	 4493
  1090 1.095362E-03 6.769738E-04 1.431457E-03   5	  848	 1482	 1602	 1609	 6606	    0	    0	 8008	 8141	 7997	 7922	 7932
  1091 4.911102E-05 4.811563E-04 1.381438E-03   3	  467	 2120	 6197	    0	    0	  425	  483	  484
  1092 7.462548E-04 4.958585E-04 1.063126E-03  11	   44	   59	  326	  911	 1099	 1447	 1703	 1777	 2828	 4966	 6191	    0	    0	10845	 4936	 5778	 4772	 4984	 5574	 5439	 5482	 4960	 5113	 5301
  1093 6.086208E-04 1.262402E-03 1.322000E-03   1	  418	    0	    0	 3607
  1094 2.008534E-04 9.185804E-04 1.584017E-04   5	  110	  946	 2373	 3432	 6052	    0	    0	 1911	 1880	 2044	 1697	 1882
  1095 3.698076E-04 2.641202E-04 1.262325E-03   4	  993	 1345	 1346	 2380	    0	    0	 9264	 9272	 2834	 2975
  1096 1.114481E-03 9.528248E-04 1.181491E-03   1	 6364	    0	    0	 8093
  1097 5.579320E-04 2.400486E-05 1.895139E-04   1	 2131	    0	    0	 3353
  1098 8.916918E-04 6.960797E-04 1.085263E-03   7	   88	  427	  441	  471	 1783	 1874	 4979	    0	    0	 6501	 9683	 6808	 6753	 6807	 6933	 6960
  1099 7.359828E-04 4.679737E-04 1.088226E-03   8	  205	  911	 1092	 1824	 1992	 2014	 2828	 3062	    0	    0	 4805	 4828	 4984	 4686	 5388	 4913	 9440	 4685
  1100 1.206324E-03 4.197681E-04 1.377671E-03   4	  879	 1512	 3543	 5387	    0	    0	 8535	 8435	 8481	 8469
  1101 1.233203E-03 8.684043E-04 2.177584E-04   3	   16	   46	 5494	    0	    0	 8591	 8580	 8730
  1102 8.923326E-04 9.073371E-04 1.368171E-03   7	  351	  632	 1041	 1159	 2022	 2505	 5190	    0	    0	 6585	 6644	 7031	 7111	 6816	 7049	 6818
  1103 9.954502E-04 2.672928E-04 2.059079E-04   4	  315	  352	  459	 1552	    0	    0	 7525	 7567	 7707	 7652
  1104 2.715080E-04 3.292849E-04 5.694772E-04   1	 2030	    0	    0	 2383
  1105 8.304848E-04 5.024101E-04 1.519821E-03   2	  781	  854	    0	    0	 6057	 6079
  1106 1.181665E-04 6.808703E-05 1.198244E-04   3	  874	 4739	 4812	    0	    0	  922	 9145	 9138
  1107 7.593721E-04 6.867372E-04 9.843320E-04  10	   88	  536	  547	  939	  986	 1268	 2094	 3158	 4127	 5035	    0	    0	 5653	 5107	 9641	 5935	 5269	 5299	 9640	 6113	 5076	 6174
  1108 7.267216E-04 8.594730E-04 1.392952E-03  14	  134	  167	  481	  765	 1020	 1124	 1312	 1854	 3565	 4131	 4995	 5131	 5653	 6672	    0	    0	 4454	 4999	 4517	 5133	 4540	 4998	 5291	 5210	 4671	 5517	 4741	 5253	 9973	 4587
  1109 3.964794E-04 3.771817E-04 9.504587E-05   8	   57	  557	 1440	 3008	 3083	 3208	 4796	 5745	    0	    0	 3000	 9341	10377	 3018	 2999	 3069	10375	 3034
  1110 3.795270E-04 6.308179E-04 1.065568E-04   1	 1795	    0	    0	 2890
  1111 6.402550E-04 1.004868E-03 1.331918E-03   6	   66	   96	  296	 1789	 3300	 4461	    0	    0	 3739	 3772	10161	 3947	 3838	 3916
  1112 8.368530E-05 9.819000E-04 5.519970E-04   2	  495	 3021	    0	    0	10122	10108
  1113 6.213667E-04 2.591763E-05 1.256261E-04   2	 1771	 2784	    0	    0	 3812	 3668
  1114 2.981642E-04 7.261254E-04 1.334361E-04   2	  651	 4766	    0	    0	 9671	 2582
  1115 1.718407E-04 3.928758E-04 1.185512E-03   2	 1446	 1773	    0	    0	 9371	 1749
  1116 8.114507E-04 1.030073E-03 1.041797E-03   3	  108	  206	  313	    0	    0	 5937	 6151	 5750
  1117 9.600000E-07 3.024798E-04 8.784000E-04   3	   -1	 1250	 2208	    1	    0	  136	 9305	 9308
  1118 1.277760E-03 1.696839E-04 3.982879E-04   5	    0	  572	 2243	 2966	 5841	    0	    1	 9000	 8768	 9218	 8907	 8767
  1119 1.277760E-03 1.445562E-04 6.583646E-05   5	    0	 1217	 1237	 1931	 2209	    0	    1	 8928	 8814	 9197	 9206	 8904
  1120 2.457792E-04 1.728192E-04 1.337165E-03   5	 1035	 1324	 1657	 4402	 6373	    0	    0	 2482	 2514	 2306	 2269	 2286
  1121 7.910592E-04 1.051900E-03 3.510841E-04   2	    2	 4479	    0	    0	 5475	 5721
  1122 9.361124E-04 9.827355E-04 1.372781E-03   7	  284	  455	 1531	 2280	 2505	 3489	 6674	    0	    0	 7173	 7427	 7362	 7295	10111	 7112	11065
  1123 5.709421E-04 3.595772E-04 4.506670E-04   6	  763	  824	 1032	 1528	 1984	 2181	    0	    0	 3542	 3423	 3455	 3409	 3580	 3416
  1124 7.353408E-04 8.140992E-04 1.357421E-03  14	  143	  738	  765	 1089	 1108	 1626	 1939	 1942	 2533	 5660	 6108	 6325	 6672	 6684	    0	    0	 5043	 4880	 4837	 4720	 4998	 9793	 5290	11053	 4838	 9826	 5426	 4995	 4862	 5370
  1125 8.918421E-04 1.820921E-04 1.400218E-03   2	 1012	 3847	    0	    0	 6689	 6860
  1126 7.260656E-04 9.379145E-04 1.161554E-04   1	    2	    0	    0	 4841
  1127 8.437183E-04 3.555127E-04 1.464418E-03   5	  639	  781	 1033	 1489	 4506	    0	    0	 6145	 6198	 6168	 6146	 6691
  1128 1.153610E-03 6.768913E-04 3.369571E-04   3	 1130	 1480	 2952	    0	    0	 8148	 8086	 9691
  1129 9.374915E-04 1.006784E-03 1.014060E-05   3	  989	 1184	 2553	    0	    0	 7387	 7388	10147
  1130 1.127993E-03 6.495943E-04 3.351345E-04   1	 1128	    0	    0	 8148
  1131 9.509391E-04 5.790177E-04 1.360319E-03   5	 1354	 1382	 1491	 1699	 2019	    0	    0	11058	 7350	 7257	 7577	 7471
  1132 1.297910E-05 2.235902E-04 1.387449E-03   1	   -1	    1	    0	  187
  1133 9.997867E-04 5.501967E-04 2.678375E-04   1	 1183	    0	    0	 7666
  1134 1.052847E-04 9.695470E-05 6.248651E-05   5	  874	 2125	 4142	 4816	 5831	    0	    0	 1026	  718	  785	 9179	 9174
  1135 8.492648E-04 4.311339E-04 1.352550E-03   5	  466	  945	 1698	 1704	 4417	    0	    0	 6361	 6517	 6486	 6379	 6579
  1136 9.109202E-04 3.510593E-04 2.640050E-04   3	  413	  834	 1320	    0	    0	 7140	 7057	 6823
  1137 4.234596E-04 1.682423E-04 1.850228E-04   4	   12	  964	 2130	 2283	    0	    0	 2993	 3001	 3047	 3101
  1138 1.260478E-03 1.183678E-03 1.851974E-04   1	  810	    0	    0	 8717
  1139 7.269719E-04 1.047379E-04 5.167365E-04   3	  543	  644	  784	    0	    0	 4746	 5156	 5026
  1140 3.167808E-04 1.022159E-03 6.133560E-04  10	   21	   51	  189	 1000	 1747	 2854	 3094	 5298	 6501	 6746	    0	    0	 2785	 2572	 2633	 2645	 2841	 2365	 2730	10678	 2762	 2522
  1141 6.442549E-04 1.093550E-03 6.531067E-04   1	  565	    0	    0	 3778
  1142 5.577456E-04 1.846313E-04 1.911585E-04   2	  953	 1321	    0	    0	 3473	 3394
  1143 5.515701E-04 6.363847E-04 1.487030E-03   1	 4585	    0	    0	 3360
  1144 2.428781E-04 3.154108E-04 9.967882E-04   7	 1325	 1485	 1862	 5627	 6195	 6212	 6213	    0	    0	 2481	 2128	 2479	 2467	 9290	 2443	10777
  1145 3.000675E-05 5.943451E-04 1.519474E-03   2	   -1	 1851	    1	    0	  205	  252
  1146 5.557441E-04 1.083193E-03 6.460786E-04   4	    5	  260	 1400	 1924	    0	    0	 3424	 3356	 3378	 3410
  1147 7.369717E-04 9.955064E-04 1.258648E-03   6	  488	  616	  818	 1579	 1951	 2767	    0	    0	 5220	 5015	 4694	10994	 4969	 4922
  1148 1.110965E-03 2.064001E-04 1.252797E-03   2	 1509	 1546	    0	    0	 8016	 8023
  1149 1.059123E-03 7.327248E-04 1.060802E-03   2	 2933	 4974	    0	    0	 7814	 7962
  1150 5.847478E-04 1.177832E-03 7.899834E-04   2	   56	 3133	    0	    0	10691	 3591
  1151 1.028373E-04 5.904888E-04 8.782751E-04  11	  948	  951	 1605	 2627	 3128	 3268	 3685	 3764	 4174	 6790	 6832	    0	    0	 1097	 1154	  835	10697	 1005	 9523	  899	  773	  939	 1290	 9498
  1152 1.197419E-04 1.298562E-04 1.373938E-04   6	  325	  874	 1370	 2696	 2778	 6023	    0	    0	  962	  924	 1045	 1102	 1104	  984
  1153 1.214158E-03 6.352239E-04 1.508808E-03   2	    8	 3308	    0	    0	 8507	11092
  1154 6.191024E-04 1.158808E-03 1.103981E-03   2	   18	   38	    0	    0	10325	 3600
  1155 8.510568E-05 5.120999E-04 8.514352E-04   4	  862	 1560	 1638	 5420	    0	    0	  630	  865	  826	  836
  1156 1.035588E-03 1.967028E-04 1.340263E-04   7	  487	  739	 1547	 2996	 3263	 4811	 6047	    0	    0	 7854	 7834	 7763	 7820	10389	 7835	 7770
  1157 9.343454E-04 8.650573E-04 1.321674E-04   8	   27	   34	  262	  267	 1334	 3447	 3530	 6010	    0	    0	 7335	 7076	 7197	 7177	10382	 7431	 7014	 7403
  1158 2.834503E-04 5.913792E-04 1.465497E-04   4	  651	  773	  847	 2855	    0	    0	 9551	 2358	 2483	 2342
  1159 9.227162E-04 9.062208E-04 1.345939E-03   8	  392	  461	  648	  705	 1102	 1333	 2505	 5539	    0	    0	 7347	 7271	 6793	 7297	 7111	 7270	 7109	 7070
  1160 2.503133E-04 7.548677E-04 5.386535E-04   3	 1955	 2504	 6580	    0	    0	 2382	 2250	 2264
  1161 1.639952E-04 3.878208E-04 3.110208E-04   6	  249	 2001	 3046	 3483	 4552	 4554	    0	    0	 1357	 1515	 1540	 1339	 1467	 9391
  1162 7.084992E-04 7.119408E-04 1.030288E-03  11	  252	  473	  536	 1166	 1173	 2600	 2973	 3391	 3990	 4031	 6182	    0	    0	 4321	10833	 4598	 4681	 4191	10853	 4599	 9746	 9682	 4238	 4408
  1163 7.787732E-04 6.521267E-04 1.264896E-03  12	  107	  228	  437	  449	 1067	 1953	 2651	 3190	 3639	 4405	 5125	 6307	    0	    0	 5017	 5862	 5091	 5344	 5061	 4942	10948	 9610	 5861	10993	 5560	 5092
  1164 7.449792E-04 9.580992E-04 1.461931E-03   4	  167	  489	 1576	 2174	    0	    0	 4792	 5316	10065	 5001
  1165 9.517089E-04 1.958592E-04 1.256357E-03   1	 2628	    0	    0	 7538
  1166 7.084992E-04 7.398820E-04 1.013386E-03  12	  246	  252	  473	  843	  910	 1162	 1303	 2114	 3391	 4973	 5038	 6199	    0	    0	 9765	 4459	 4553	 4621	 4526	 4681	 4847	 4891	 4460	 4655	 4708	 4846
  1167 7.564992E-04 5.798208E-04 2.548446E-04   2	  195	 2409	    0	    0	 4904	 5496
  1168 6.092746E-04 1.644457E-04 4.693038E-04   5	  404	 1543	 1884	 2802	 5671	    0	    0	 3657	10611	 3590	 3851	 3656
  1169 1.130072E-03 2.092608E-04 4.057963E-04   2	  243	  935	    0	    0	 8073	 8174
  1170 9.484460E-05 1.054482E-03 3.870255E-04   6	   23	   85	 1804	 1820	 2431	 5746	    0	    0	  531	  694	  695	  831	  948	  707
  1171 7.425694E-04 7.825665E-04 1.187114E-03   5	  112	  223	  389	  599	 2027	    0	    0	 4633	 5035	 4632	 5012	 9819
  1172 2.081708E-05 9.359918E-04 7.997471E-05   4	   -1	  417	 3347	 4749	    1	    0	   11	  386	  400	  513
  1173 6.551240E-04 7.380824E-04 1.058891E-03  10	   63	  221	  252	  401	  710	 1162	 2600	 3391	 3814	 4031	    0	    0	 3830	 4054	 4068	 4222	 3842	 4191	 4324	 4239	 4019	 4108
  1174 1.412310E-04 8.422086E-04 1.446853E-04   2	 2645	 3099	    0	    0	 1379	 1142
  1175 9.130772E-04 1.906360E-04 5.525597E-04   2	  305	 1197	    0	    0	 6671	 6865
  1176 5.656109E-04 5.539273E-04 1.074645E-03   5	   62	  157	  270	  324	 2126	    0	    0	 3406	 3398	 3488	 9511	 3494
  1177 1.151185E-03 1.178245E-04 3.363959E-04   7	  122	 1952	 3147	 3765	 4581	 5613	 6036	    0	    0	 9222	 8159	 8240	 8178	 8387	 8194	 9182
  1178 9.439622E-04 3.310694E-04 4.007319E-04   3	  413	  522	 2106	    0	    0	 9348	 7317	 7406
  1179 7.438657E-04 4.012608E-04 1.414039E-04   1	 2782	    0	    0	 5104
  1180 7.116398E-04 1.281655E-04 1.833708E-04   2	  505	 3058	    0	    0	 4419	 4703
  1181 1.210276E-03 6.422391E-04 3.868760E-04   2	  932	 1658	    0	    0	 8486	 8522
  1182 5.691329E-04 2.726592E-04 1.344192E-04   3	  529	  792	 2464	    0	    0	 3497	 3386	 3541
  1183 1.020489E-03 5.253942E-04 2.876271E-04   2	  215	 1133	    0	    0	 7839	 7666
  1184 9.554865E-04 9.857658E-04 3.602253E-05   4	  989	 1129	 2553	 5835	    0	    0	 7493	 7388	 7315	 7475
  1185 4.248698E-04 7.401510E-04 1.347721E-04   1	  867	    0	    0	 3040
  1186 2.021525E-04 3.077563E-04 5.425551E-04   5	 1290	 1791	 1877	 2030	 2388	    0	    0	 2222	 1993	 1739	 2076	 1875
  1187 1.259116E-03 6.481505E-04 1.352520E-04   5	    0	   49	   83	  376	 6068	    0	    1	 8942	 8803	 8792	 9672	 9572
  1188 3.331116E-04 5.270395E-04 1.322265E-03   0	    0	    0
  1189 1.269800E-03 3.694914E-04 1.338221E-03   3	    0	  858	  970	    0	    1	 9093	 8799	 8813
  1190 3.212746E-04 9.070829E-04 9.327135E-04   1	    4	    0	    0	 2735
  1191 9.734208E-04 3.983955E-04 4.368033E-04   4	  815	 1529	 1573	 2299	    0	    0	10609	 7512	 7498	 9357
  1192 8.671358E-04 6.019200E-04 1.100714E-03  10	  361	  471	  492	  566	  664	  865	 1823	 6088	 6127	 6166	    0	    0	 6264	 6656	 6430	 6809	 6657	 6754	 6702	 6885	 6506	 6786
  1193 6.650071E-04 7.134502E-04 1.304044E-03   9	   94	  113	  620	  628	 1872	 2052	 3159	 3982	 4019	    0	    0	 4079	 4029	 4145	 4028	 4150	 4176	 4149	11000	 4146
  1194 8.626385E-04 8.783944E-04 1.173925E-03   5	  236	  242	  976	 1401	 2872	    0	    0	 6570	 6530	 6347	 6659	 6304
  1195 1.001546E-03 1.181740E-03 1.183672E-03   0	    0	    0
  1196 8.985408E-04 7.699008E-04 1.274197E-03   4	  228	  321	 3537	 6379	    0	    0	 6532	 6743	 9788	 6636
  1197 9.052722E-04 2.087220E-04 5.886115E-04   4	  305	  811	 1175	 2199	    0	    0	 6764	 7120	 6865	 7000
  1198 6.207943E-04 1.334281E-04 4.072675E-04   4	  404	 1080	 2940	 5671	    0	    0	 3643	 3555	 3579	 3698
  1199 9.467856E-04 2.316316E-04 1.471524E-03   3	  665	 1286	 2013	    0	    0	 7314	 7523	11095
  1200 1.076480E-03 9.139392E-04 4.211615E-04   3	  153	 3310	 4527	    0	    0	 7892	 7948	10558
  1201 8.609771E-04 7.535994E-04 1.155152E-03   4	  223	 1688	 6151	 6169	    0	    0	 6302	 6431	 6476	 6683
  1202 7.072423E-04 1.057901E-03 1.233742E-03   6	  118	  448	  700	 3248	 5090	 5105	    0	    0	 4412	 4304	 4875	 4667	10939	 4693
  1203 8.640192E-04 7.514055E-04 1.422175E-03   6	  104	  250	  357	  478	  535	  650	    0	    0	 6164	 6666	 6226	 6775	 6225	 6994
  1204 3.371368E-04 8.701321E-04 4.127401E-05   2	  245	  621	    0	    0	 2757	 9950
  1205 6.573190E-04 7.411008E-04 1.231558E-03   8	  112	  620	  806	 1858	 3152	 3265	 4019	 6409	    0	    0	 4113	 4027	 3835	 3988	 3755	 3992	10963	 3785
  1206 1.333010E-04 3.679602E-04 1.426541E-03   3	 1030	 1469	 1702	    0	    0	 1138	 1184	 9351
  1207 1.000339E-03 1.670592E-04 2.764608E-04   4	  352	  513	  732	 1053	    0	    0	 7595	 7733	 7723	 7714
  1208 1.016352E-03 5.038546E-04 1.231572E-03   0	    0	    0
  1209 9.940189E-04 5.275876E-04 1.274052E-03   3	 1382	 1391	 1575	    0	    0	 7618	 7669	 7588
  1210 1.168114E-03 8.357481E-04 3.615883E-04   1	 1653	    0	    0	 8256
  1211 1.173806E-03 3.217449E-04 1.377397E-03   9	   36	  995	 1349	 1452	 1459	 1512	 2827	 3809	 5172	    0	    0	 8263	 8394	 8340	 8352	 8320	 8262	 8433	 8342	 9314
  1212 5.997515E-04 7.782699E-04 1.093449E-03   6	   61	   63	  710	 3892	 5145	 6110	    0	    0	 3527	 3514	 3707	 3561	 9769	 9745
  1213 1.166536E-03 9.046273E-04 3.616346E-04   0	    0	    0
  1214 3.515865E-04 5.275286E-04 4.250000E-04   2	 2147	 4513	    0	    0	 2896	 2895
  1215 4.354053E-05 6.517706E-06 1.638855E-04   7	   -1	 2569	 3469	 4217	 4776	 4934	 4936	    1	    0	   27	  722	  387	 9126	  299	  401	  289
  1216 7.007808E-04 5.289647E-04 1.241616E-03   8	  182	  264	  603	  927	  985	 2091	 3620	 5108	    0	    0	 4200	 4413	 4876	10941	 4563	 9476	 4389	 4940
  1217 1.247028E-03 1.622371E-04 9.477132E-05   5	 1119	 1931	 3711	 4823	 5823	    0	    0	 8814	 8815	10387	 8578	10374
  1218 8.151614E-04 1.117802E-03 1.241557E-03   6	   87	  309	  949	 1271	 2578	 3728	    0	    0	 5758	 6240	 5741	 5638	 5889	 6072
  1219 2.764608E-04 1.030661E-03 6.997313E-04   8	 2031	 3179	 3693	 5193	 5238	 5243	 5540	 6729	    0	    0	 2687	 2510	 2658	 2732	 2574	 2719	 2441	10233
  1220 2.425627E-04 8.973156E-04 4.544054E-04  11	  189	  414	  860	 3053	 3187	 3883	 3958	 4595	 5646	 6581	 6601	    0	    0	 2317	 2371	 2453	 2190	 2392	 2103	 2424	 1991	 2315	 2490	 2439
  1221 1.206613E-03 8.464922E-04 9.503808E-04   2	 2028	 4159	    0	    0	 8502	 8503
  1222 1.180115E-03 9.531377E-04 9.492835E-04   4	 1503	 1535	 2465	 3297	    0	    0	 8226	 8349	 8261	 8287
  1223 5.481612E-04 2.607479E-04 3.848228E-04   4	  824	 1025	 1350	 3558	    0	    0	10560	 9292	 3389	 3414
  1224 1.570645E-04 5.323865E-04 1.530017E-03   0	    0	    0
  1225 9.094548E-04 1.579933E-04 2.947130E-04   4	  158	  525	  743	 2455	    0	    0	 6997	 6928	 7181	 6895
  1226 1.045159E-03 5.829780E-04 1.309814E-03   3	 1391	 1967	 4375	    0	    0	 7750	 9550	 7758
  1227 1.212728E-03 5.884789E-04 9.734208E-04   0	    0	    0
  1228 1.353705E-04 1.005394E-03 2.553408E-04   2	  923	 4826	    0	    0	10463	  965
  1229 1.259292E-03 1.124442E-03 1.158868E-03   6	    0	 3439	 5165	 5645	 6134	 6337	    0	    1	 9074	 8415	 8771	10323	 8825	 8626
  1230 5.232020E-04 1.172406E-03 1.225336E-03   4	    1	 2321	 3042	 5564	    0	    0	 3289	 3322	10330	10321
  1231 9.569488E-04 1.065581E-03 1.273904E-03   8	   41	  259	  283	  520	 1319	 2509	 3382	 6378	    0	    0	 7529	 7443	 7370	 7064	 7065	10999	 7104	 7291
  1232 6.788965E-04 1.042179E-03 1.726080E-05   1	    2	    0	    0	 4314
  1233 1.201238E-03 3.576687E-04 1.428009E-03   2	  896	  995	    0	    0	 8568	 9338
  1234 9.421601E-04 4.389974E-04 1.398576E-03   6	   37	 1270	 1731	 2453	 3953	 5169	    0	    0	 7473	 7429	 7211	 7210	 7244	 7331
  1235 6.664354E-05 2.409599E-04 1.013533E-03   2	 1644	 2233	    0	    0	  757	  508
  1236 5.152459E-04 2.771930E-04 2.939879E-04   3	  563	 1895	 2903	    0	    0	 3307	 9287	 3308
  1237 1.277760E-03 1.200933E-04 6.590285E-05   2	    0	 1119	    0	    1	 8933	 9197
  1238 1.276117E-03 3.784079E-05 1.195881E-04   3	    0	 4822	 5713	    0	    1	 8935	 8831	 8685
  1239 1.046523E-03 5.220821E-06 9.494400E-04   1	  173	    0	    0	 7809
  1240 5.436004E-04 1.273368E-03 1.154880E-03   2	   18	  106	    0	    0	 3375	 3448
  1241 1.071379E-03 5.220711E-06 9.312448E-05   3	  125	  662	 1464	    0	    0	 7853	 7896	 7910
  1242 7.238634E-04 5.347531E-06 8.368502E-04   0	    0	    0
  1243 8.947392E-04 5.511941E-06 1.340192E-03   0	    0	    0
  1244 1.511451E-04 1.273618E-03 9.119340E-05   3	  177	  761	 2556	    0	    0	 1203	 1186	 1416
  1245 4.857792E-04 1.273211E-03 1.208649E-03   3	    1	 1508	 2205	    0	    0	 3155	10947	 3256
  1246 2.302080E-05 1.171273E-03 1.530772E-03   2	   -1	    1	    1	    0	  203	  409
  1247 9.372684E-04 1.273192E-03 1.308480E-03   0	    0	    0
  1248 1.018560E-03 1.273805E-03 8.637119E-06   1	  232	    0	    0	 7664
  1249 9.600192E-04 6.854208E-04 1.268228E-03   7	  321	  331	  656	  767	 1013	 1051	 3359	    0	    0	 7326	10956	 7383	 7237	 7519	 7360	10962
  1250 9.600000E-07 3.190921E-04 9.050000E-04   2	   -1	 1117	    1	    0	  138	 9305
  1251 9.600000E-07 5.208746E-04 1.153104E-03   3	   -1	  841	  863	    1	    0	  154	  296	  364
  1252 1.277760E-03 1.537920E-05 1.492913E-03   4	    0	  192	  306	  407	    0	    1	 9116	 8830	 8875	 8894
  1253 1.277760E-03 2.806260E-04 1.685554E-04   3	    0	   77	  162	    0	    1	 8956	 8793	 8905
  1254 7.507441E-04 9.055632E-04 1.443859E-03   6	  167	  489	 1355	 1854	 5402	 5653	    0	    0	 4882	 5155	 5373	11075	 5255	10004
  1255 6.191946E-04 1.415304E-04 9.875051E-04   1	 5045	    0	    0	 3795
  1256 2.615173E-04 7.536000E-04 4.819392E-04   6	 1955	 2325	 3356	 4602	 6585	 6599	    0	    0	 2332	 2459	 2298	 2507	 2316	 2393
  1257 2.504175E-04 3.841920E-05 4.588992E-04   1	 1848	    0	    0	 2426
  1258 7.104192E-04 6.191950E-04 1.288539E-03   9	  113	  265	 1465	 3275	 3545	 6299	 6306	 6334	 6394	    0	    0	 4391	11008	 4468	 4435	 4565	 4784	 9544	 4469	 4783
  1259 1.864998E-05 1.012787E-03 5.318208E-04  10	   -1	   23	  515	  699	 1327	 1436	 1483	 5299	 6421	 6434	    1	    0	  111	  405	  208	  259	  260	  420	  295	10663	  446	  494
  1260 8.549489E-04 2.188458E-04 6.710375E-04   2	  187	  769	    0	    0	 6126	 6783
  1261 5.642641E-05 6.067008E-04 1.077139E-03   5	 1017	 1475	 1493	 1793	 2259	    0	    0	 9546	  664	  665	 9541	  472
  1262 1.212500E-03 3.763392E-04 1.269343E-03   1	  970	    0	    0	 8543
  1263 1.029513E-03 8.409408E-04 2.620899E-04   2	   67	 2608	    0	    0	 7812	 7829
  1264 7.559236E-04 4.723392E-04 1.638276E-04   3	 1671	 1711	 3434	    0	    0	 5047	 9421	 9412
  1265 8.755392E-04 6.735206E-04 1.292712E-03   7	  228	  472	  767	  999	 1051	 2980	 4390	    0	    0	 6512	 6686	 6723	 6553	 7067	 6576	 6516
  1266 9.796806E-04 9.033509E-04 1.331807E-03   6	  392	  442	  705	 1462	 2505	 3464	    0	    0	 7470	 7657	 7419	 7504	 7452	 7445
  1267 9.338751E-04 4.041609E-04 1.464000E-03   3	 1044	 1270	 1421	    0	    0	 9373	 7352	 7052
  1268 7.877582E-04 7.248000E-04 9.834475E-04   8	  881	 1107	 1303	 3002	 3090	 4303	 5583	 6193	    0	    0	 5962	 5299	 5323	 5774	 5824	 5547	 5628	 5571
  1269 4.022396E-04 3.552739E-05 1.082816E-04   1	 4742	    0	    0	 2950
  1270 9.664404E-04 4.385216E-04 1.437127E-03   5	    8	  544	 1234	 1267	 4654	    0	    0	11081	 7491	 7429	 7352	 9388
  1271 7.789603E-04 1.091510E-03 1.239351E-03   3	  700	 1218	 6304	    0	    0	 5339	 5638	 5509
  1272 2.697481E-04 1.222080E-03 4.840612E-04   3	 1081	 1740	 2830	    0	    0	 2217	 2623	 2592
  1273 4.502395E-04 2.494080E-05 1.093108E-03   1	 5001	    0	    0	 3167
  1274 5.439192E-04 4.155435E-04 2.773022E-04   1	 1981	    0	    0	 3402
  1275 1.062344E-04 9.529433E-04 9.503582E-05   3	  869	 1468	 5703	    0	    0	10054	 1044	  923
  1276 6.176835E-04 1.153901E-03 7.895297E-04   0	    0	    0
  1277 1.175021E-03 7.554374E-04 4.749880E-04   3	 1813	 1989	 3900	    0	    0	 8368	 8488	 8241
  1278 1.089202E-03 3.677666E-04 3.942316E-04   1	 1630	    0	    0	 7906
  1279 9.996871E-04 3.225792E-04 1.218804E-03   0	    0	    0
  1280 1.237242E-03 1.199226E-03 1.266324E-03   9	  280	 2758	 3022	 3684	 4409	 4428	 5120	 6303	 6389	    0	    0	 8431	 8637	10940	 8607	 8418	 8613	 8773	 8350	 8574
  1281 3.336175E-04 7.981663E-04 1.125312E-04   1	  314	    0	    0	 2778
  1282 1.943311E-04 1.251082E-03 4.230263E-04   3	 1497	 2276	 4103	    0	    0	 1732	 1922	 1925
  1283 9.186408E-04 5.333058E-04 3.713170E-04   3	 1580	 1838	 2023	    0	    0	 6669	 9525	 6780
  1284 2.430830E-04 1.064725E-03 3.234417E-04   4	  110	 2162	 4153	 5720	    0	    0	 2469	10247	 2377	 2312
  1285 5.548992E-04 4.711586E-04 2.621654E-04   3	  188	  768	 2513	    0	    0	 3478	 3438	 3420
  1286 9.881678E-04 2.144841E-04 1.461745E-03   5	  755	 1048	 1199	 1912	 3426	    0	    0	 7704	 7661	 7523	 7565	 7631
  1287 6.806400E-04 9.877598E-04 1.398225E-03   6	  167	  227	  296	 2721	 3791	 4053	    0	    0	 4340	 4081	10136	 4339	 4641	10129
  1288 1.136014E-03 1.582528E-04 1.506792E-03   1	 2571	    0	    0	 8199
  1289 7.152077E-04 1.166068E-03 7.972066E-04   2	   53	 5229	    0	    0	 4819	10312
  1290 2.568211E-04 2.870458E-04 5.751164E-04   3	 1186	 2030	 2364	    0	    0	 2222	 2334	 2474
  1291 1.098259E-03 6.669976E-04 2.966375E-04   0	    0	    0
  1292 1.112647E-03 1.188075E-03 6.878284E-04   4	 1713	 3448	 5191	 6725	    0	    0	 8057	 8020	 8163	 8075
  1293 4.252758E-04 1.272941E-03 8.895061E-04   2	    4	 2636	    0	    0	 3097	10349
  1294 9.894343E-04 1.273472E-03 1.288301E-03   0	    0	    0
  1295 3.583562E-04 3.215977E-04 6.910080E-05   4	 1310	 1440	 2156	 5736	    0	    0	 2854	 9321	 2856	 2915
  1296 7.584001E-05 1.773905E-04 1.387928E-04   5	  325	  391	 1720	 2402	 4785	    0	    0	  811	  883	10395	  618	  692
  1297 3.676852E-04 8.641920E-05 1.420992E-04   5	 1405	 2489	 3736	 3770	 5715	    0	    0	 3012	 2846	 2901	 2966	 2946
  1298 7.654527E-04 6.080057E-04 3.488901E-04   0	    0	    0
  1299 6.681792E-04 2.995392E-04 2.803534E-04   4	  933	 2338	 2583	 6078	    0	    0	 4048	 4372	 4152	 4181
  1300 6.419106E-04 5.094250E-04 4.450382E-04   1	 2744	    0	    0	 3813
  1301 3.836110E-04 3.429776E-05 3.326303E-04   3	  551	 1410	 5581	    0	    0	 3013	 2867	 9127
  1302 1.059288E-03 2.996744E-05 2.865328E-04   5	  125	 1885	 2451	 2574	 5932	    0	    0	 7837	 7907	 7865	 7867	 7924
  1303 7.535964E-04 7.345983E-04 9.992742E-04   9	  473	  587	 1166	 1268	 2114	 5054	 5583	 6193	 6199	    0	    0	10810	 5077	 4847	 5323	 5108	 5271	 5381	 5436	 9775
  1304 1.079510E-03 8.016817E-05 1.234412E-04   5	  125	 1550	 2877	 3690	 4902	    0	    0	 7884	 7976	 7928	 7957	 7977
  1305 9.166501E-04 3.123967E-04 1.251066E-03   1	  339	    0	    0	 7204
  1306 1.116767E-03 8.303862E-04 3.475008E-04   1	  840	    0	    0	 8049
  1307 7.161408E-04 1.024235E-03 1.739016E-04   2	    2	 4253	    0	    0	 4474	 4722
  1308 8.395843E-04 4.761408E-04 4.909754E-04   1	  777	    0	    0	 5932
  1309 8.872352E-05 7.022447E-05 1.481765E-03   2	 1926	 2068	    0	    0	  717	  668
  1310 3.671111E-04 2.583894E-04 1.342080E-05   7	  712	  915	  973	 1295	 3207	 3510	 5845	    0	    0	 2814	 2855	 2964	 2854	 9278	 2972	 2990
  1311 8.819048E-04 1.007598E-03 4.392046E-04   4	    2	   19	  608	 6561	    0	    0	 6604	10565	 6494	 6603
  1312 7.539432E-04 8.899230E-04 1.351130E-03  10	  250	  443	  648	  774	 1108	 3565	 4435	 4995	 5131	 6122	    0	    0	 5666	 5689	 5540	 4997	 5291	 9978	 5132	 4814	 5427	 5664
  1313 5.866447E-04 2.265408E-04 4.732826E-04   1	  772	    0	    0	 3499
  1314 1.271021E-03 8.397229E-04 4.980332E-04   2	    0	  275	    0	    1	 9016	 9878
  1315 1.243297E-04 5.193597E-04 4.848821E-06   2	  344	 1949	    0	    0	 1269	 1463
  1316 4.737313E-05 1.810387E-04 7.763011E-04   3	 3050	 3074	 5553	    0	    0	  534	 9238	  629
  1317 6.460776E-04 1.622424E-04 1.372781E-03   1	 2444	    0	    0	 3995
  1318 1.192714E-03 5.729186E-04 1.316652E-03   2	 1554	 2146	    0	    0	 8452	 8504
  1319 9.098545E-04 1.124744E-03 1.302389E-03   8	  497	  500	  520	  652	 1231	 2434	 3155	 4389	    0	    0	 7187	 7090	 6853	 7012	 7065	 6759	 7106	 6770
  1320 8.882866E-04 3.461554E-04 2.419392E-04   2	 1136	 1541	    0	    0	 6823	 6797
  1321 5.485680E-04 1.771102E-04 2.313596E-04   4	  537	 1142	 1347	 2819	    0	    0	 3369	 3394	 3388	 9263
  1322 6.576096E-04 5.279808E-04 5.000796E-04   3	 1998	 2479	 2744	    0	    0	 4101	 4183	10627
  1323 7.925000E-04 1.776046E-04 5.851939E-04   1	  305	    0	    0	 5798
  1324 2.874429E-04 1.732039E-04 1.319663E-03   3	 1035	 1120	 1661	    0	    0	 2619	 2514	 2627
  1325 2.870323E-04 3.127323E-04 1.009170E-03   6	 1144	 1862	 2166	 3087	 5039	 6212	    0	    0	 2481	 2637	 2714	10785	 2625	 2604
  1326 1.277760E-03 1.339951E-04 3.828416E-04   6	    0	  918	  977	 2243	 5841	 5849	    0	    1	 8996	 8764	 8731	 8833	 8809	 8741
  1327 9.600000E-07 9.857216E-04 5.151138E-04   5	   -1	  515	 1259	 3647	 6574	    1	    0	  108	  332	  260	  293	10158
  1328 9.600000E-07 1.198639E-03 7.372992E-04   4	   -1	  178	 2271	 5218	    1	    0	  131	  340	  306	  248
  1329 3.254351E-04 1.344192E-04 9.845754E-05   1	 5734	    0	    0	 9191
  1330 8.889408E-04 8.610906E-04 1.054621E-03   7	  124	  207	  234	  285	 5076	 6228	 6278	    0	    0	 7004	10831	 6932	 6653	10821	 6677	 6650
  1331 2.827655E-04 2.787003E-04 5.225063E-04   4	 1049	 3298	 5276	 6433	    0	    0	 2698	 2568	 2657	 2671
  1332 2.563223E-04 1.196179E-03 5.327789E-04   4	  204	 1740	 5622	 5661	    0	    0	 2194	 2460	 2237	 2277
  1333 9.432569E-04 8.568516E-04 1.339903E-03   6	  209	  250	  668	 1159	 3012	 6329	    0	    0	 7327	 9864	 9868	 7270	 7256	 7207
  1334 9.594561E-04 8.455103E-04 7.627372E-05   8	   27	   39	  400	  617	  629	 1157	 3530	 5817	    0	    0	 7541	 7036	 7247	 7460	 7248	10382	 7054	 6995
  1335 2.563180E-04 4.278556E-04 9.704640E-04   6	  966	 1083	 2318	 2891	 3842	 3946	    0	    0	 2402	 2498	 2357	 2430	 2601	 2283
  1336 1.239370E-04 1.133324E-03 1.705688E-04   7	  222	  279	  345	 2352	 2535	 2672	 4146	    0	    0	  869	  812	 1188	 1274	10302	10311	 1273
  1337 8.250587E-04 6.015940E-04 1.114551E-03   5	  492	  829	 2346	 6128	 6155	    0	    0	 6068	 6018	 5708	 5944	 5903
  1338 7.249088E-04 1.165979E-03 9.764224E-04   1	   52	    0	    0	 4935
  1339 8.279658E-04 3.931336E-04 1.852776E-04   1	 2637	    0	    0	 5794
  1340 1.834489E-04 4.383867E-04 9.724721E-04   3	 1994	 5376	 5392	    0	    0	 1636	 9415	 1748
  1341 1.989738E-04 1.145773E-03 3.696000E-04   9	  142	  428	  737	  849	 2304	 2922	 4475	 4529	 5848	    0	    0	 2166	 1494	 1867	 1988	 1943	 1648	 1493	 1650	 2051
  1342 1.036253E-03 9.302771E-05 1.814400E-04  11	  125	 2011	 2118	 2356	 2993	 2996	 3019	 3126	 3888	 5681	 6040	    0	    0	 7678	 7665	 7741	 7711	 7732	 7836	 7889	 7828	 7827	10440	 7779
  1343 8.668804E-04 1.072414E-03 1.342387E-03   5	  259	  284	  423	 2739	 3970	    0	    0	11041	11054	 6332	 6712	10263
  1344 5.085545E-04 4.102158E-05 2.068238E-04   1	 2131	    0	    0	 3315
  1345 3.304985E-04 2.232534E-04 1.277661E-03   4	  993	 1095	 1346	 1661	    0	    0	 2810	 9272	 2764	 2789
  1346 3.250155E-04 2.659208E-04 1.271489E-03   3	 1095	 1345	 1449	    0	    0	 2834	 2764	 9298
  1347 5.705510E-04 1.333429E-04 2.309364E-04   5	  359	  537	 1321	 1805	 1954	    0	    0	 3650	 3396	 3388	 3641	 3474
  1348 8.975970E-04 1.251378E-03 7.864871E-04   0	    0	    0
  1349 1.170149E-03 3.220208E-04 1.332175E-03   4	   50	  879	 1211	 1459	    0	    0	 8192	 8295	 8340	 8319
  1350 5.482555E-04 2.596625E-04 3.503873E-04   2	 1223	 3558	    0	    0	 3389	 3430
  1351 7.663898E-04 7.087415E-04 1.170148E-03   6	  808	  958	  998	 1841	 2684	 6123	    0	    0	 5738	 5418	 5241	 9697	 5484	 5281
  1352 9.249035E-04 9.163795E-04 4.937951E-06   4	  486	  629	 5242	 5799	    0	    0	 7035	 7213	 7053	 7034
  1353 5.632558E-04 1.091947E-03 1.048619E-03   1	 3812	    0	    0	 3366
  1354 9.652239E-04 6.018182E-04 1.403501E-03   5	  670	 1131	 1491	 1628	 1699	    0	    0	 7421	11058	 7300	 7660	 7564
  1355 7.811369E-04 9.172213E-04 1.401899E-03  10	  351	  489	  498	  648	 1254	 1854	 2160	 2355	 4336	 5402	    0	    0	 6053	10071	 5891	 5790	 5373	 5292	 5761	10036	11077	 5372
  1356 7.229757E-04 5.787829E-04 1.200536E-03   8	   44	  775	  927	  985	 1427	 2201	 2653	 6340	    0	    0	 4660	 4716	 4810	 4664	 4488	 4986	 9570	 4690
  1357 8.688970E-04 2.352009E-04 1.424103E-03   2	 1012	 2483	    0	    0	 6518	11083
  1358 9.263047E-04 1.606459E-04 1.454849E-03   2	 2004	 4113	    0	    0	11079	 7260
  1359 6.979249E-04 3.638467E-04 1.264606E-04   1	 1727	    0	    0	 4544
  1360 9.067039E-04 2.489692E-04 1.348151E-03   0	    0	    0
  1361 3.081570E-04 4.790371E-04 4.425600E-04   2	 2757	 2759	    0	    0	 2759	10601
  1362 1.368597E-04 6.691143E-04 8.546587E-04   7	  323	  560	 1495	 3452	 3971	 4188	 5437	    0	    0	 1433	 1324	 1076	 1666	10704	  996	 1229
  1363 6.349777E-04 6.792240E-04 1.189865E-03   7	   44	   61	  401	  508	 2653	 3302	 6124	    0	    0	 3783	 3605	 9685	 3958	 4076	 3724	 3833
  1364 1.131416E-03 9.416702E-04 3.403000E-04   1	 1085	    0	    0	 8072
  1365 1.872000E-04 1.174071E-03 2.959918E-04   7	   85	  737	 1396	 2012	 2255	 4859	 6045	    0	    0	 1516	 1757	 1984	 1756	 1564	 1538	 1768
  1366 6.880880E-05 3.853764E-04 3.959684E-04   3	 1394	 4079	 4195	    0	    0	  614	  843	  750
  1367 4.827841E-04 2.374884E-05 1.437615E-03   1	  783	    0	    0	 3252
  1368 6.408064E-04 4.509138E-04 5.173454E-04   2	 1800	 2303	    0	    0	 3950	 3721
  1369 1.291050E-04 8.975134E-04 4.536612E-04   6	  956	 2096	 2336	 3926	 4057	 6587	    0	    0	 1035	 1002	  953	10589	  912	 1259
  1370 1.238409E-04 1.596680E-04 8.353113E-05  10	  391	  727	 1152	 2696	 3341	 4142	 4283	 4792	 4816	 5830	    0	    0	 1079	 1352	 1045	 1043	  867	  852	 1270	 1118	 9203	 9210
  1371 1.397052E-04 1.483342E-05 1.162564E-03   0	    0	    0
  1372 8.930615E-04 7.458239E-04 1.032652E-03   5	  124	  612	  658	 1404	 1783	    0	    0	 6917	 6731	 6866	 9782	 9741
  1373 7.229745E-04 3.842589E-04 4.220996E-04   4	 2086	 4514	 4669	 4672	    0	    0	 4864	 4724	 4842	 5003
  1374 9.340801E-04 8.335372E-04 1.230122E-03   8	  216	  242	  511	  674	 1018	 1961	 3198	 5121	    0	    0	 7131	 7063	 7024	 7342	 7130	 9840	 7062	 9834
  1375 1.259829E-03 1.041603E-03 1.159373E-03   2	    0	 1995	    0	    1	 9070	 8847
  1376 9.600000E-07 3.772800E-04 9.873377E-04   3	   -1	 1538	 3173	    1	    0	  143	 9362	  264
  1377 6.398781E-04 7.798410E-04 7.737792E-04   0	    0	    0
  1378 3.032678E-05 8.736192E-04 5.923127E-04   4	   -1	 2399	 5257	 6525	    1	    0	  120	  518	  392	  458
  1379 8.332992E-04 1.034861E-03 1.343040E-03   9	  284	  928	 1438	 1717	 1889	 2339	 3501	 3722	 6328	    0	    0	 6460	 5929	 6277	 6244	 6006	 6280	 6360	 6102	11021
  1380 8.390208E-04 6.393408E-04 1.244179E-03   9	  228	  449	  516	  831	  999	 2169	 2980	 3579	 6302	    0	    0	 9659	 5984	10985	 6218	 9616	 6378	10979	 6411	 6004
  1381 4.223504E-04 1.192301E-03 1.508140E-03   3	    1	  678	 3664	    0	    0	 2980	 3147	 2997
  1382 9.311808E-04 5.142546E-04 1.313261E-03   6	  945	 1131	 1209	 1575	 1698	 2019	    0	    0	 6857	 7350	 7618	 7371	 6859	 7469
  1383 1.117222E-03 1.246392E-05 2.041415E-04   3	 3793	 4293	 5517	    0	    0	 8092	 9132	 8078
  1384 9.810496E-04 5.363555E-04 1.364135E-03   0	    0	    0
  1385 9.180599E-04 9.315815E-04 1.421119E-03   8	  138	  461	  632	 1531	 2505	 3145	 3864	 5190	    0	    0	 7175	 7332	 7224	 7312	 7242	 7072	 7073	 6927
  1386 2.820171E-04 1.096619E-03 8.596208E-04   0	    0	    0
  1387 1.096295E-03 7.776192E-04 4.251567E-04   2	 4512	 4596	    0	    0	 7988	 9772
  1388 8.294615E-05 1.045181E-04 1.501459E-03   2	 2422	 3150	    0	    0	  631	  741
  1389 3.129792E-04 3.580721E-04 5.756012E-04   2	 2364	 6505	    0	    0	 2723	 2681
  1390 8.732197E-04 6.047808E-04 1.530508E-03   0	    0	    0
  1391 1.035859E-03 5.513354E-04 1.268911E-03   2	 1209	 1226	    0	    0	 7669	 7750
  1392 1.972099E-05 6.819145E-04 1.246057E-03   7	   -1	  171	  510	  575	  836	  984	 2477	    1	    0	  160	  381	  249	  211	  380	  342	  396
  1393 1.130570E-03 5.808025E-04 1.414090E-03   1	    8	    0	    0	 8124
  1394 5.516643E-05 3.225408E-04 4.240222E-04   9	  638	  641	 1366	 2154	 2925	 3846	 3960	 4728	 6537	    0	    0	  402	  847	  614	  578	  445	  860	  752	  845	  733
  1395 6.714680E-04 2.515392E-04 1.187401E-04   1	 1727	    0	    0	 4417
  1396 2.294503E-04 1.171514E-03 2.973074E-04   7	  142	  179	  737	 1365	 2012	 2472	 4023	    0	    0	 2185	10335	 2031	 1984	10334	 2029	 2211
  1397 5.214872E-05 5.395008E-04 1.274861E-03   4	  646	  863	 1027	 1608	    0	    0	  480	  423	  521	  429
  1398 2.035008E-04 9.558591E-04 4.387158E-04   6	  189	  414	  864	 2108	 3053	 3055	    0	    0	 1926	 2148	 2086	10596	 2021	10574
  1399 9.232990E-04 4.041348E-04 1.318080E-03   6	   37	  373	  514	 2018	 2408	 3987	    0	    0	 7294	 7011	 7108	 7282	 7222	 9360
  1400 5.251200E-04 1.056788E-03 6.025705E-04   2	  260	 1146	    0	    0	 3269	 3378
  1401 8.937619E-04 8.950280E-04 1.188461E-03   6	  236	  242	  368	  511	  976	 1194	    0	    0	 6847	 9922	 6707	 6984	 6755	 6659
  1402 6.059517E-05 7.997909E-04 3.890846E-04   1	 3629	    0	    0	10545
  1403 1.165663E-03 1.108625E-03 3.341880E-05   2	 1909	 3072	    0	    0	 8169	 8291
  1404 8.963310E-04 7.932668E-04 1.056309E-03   7	  124	  255	  285	  409	  612	  642	 1372	    0	    0	 6805	 6630	 6784	 6870	 6701	 6734	 9782
  1405 4.155632E-04 9.601920E-05 1.626600E-04   4	  964	 1297	 2130	 2755	    0	    0	 9176	 3012	 3008	 3056
  1406 7.069599E-04 6.005832E-04 9.263988E-04   3	   60	 2681	 3478	    0	    0	 4439	 4478	 4728
  1407 1.061466E-03 2.207942E-05 5.740800E-06   0	    0	    0
  1408 1.228490E-03 5.776086E-04 1.474869E-03   1	    8	    0	    0	 8506
  1409 1.942411E-05 4.156735E-04 1.324117E-03   3	  467	  646	 3939	    0	    0	  344	  430	  356
  1410 3.486566E-04 9.291573E-06 3.252580E-04   5	  184	 1301	 1907	 2161	 5581	    0	    0	 2771	 2867	 2779	 2906	 2879
  1411 1.852800E-04 2.070507E-04 5.438897E-04   3	 2388	 3324	 3482	    0	    0	 1373	 1454	 2151
  1412 8.976002E-04 3.168000E-05 1.530512E-03   2	 1548	 3890	    0	    0	 6820	 7155
  1413 1.411200E-04 1.024990E-03 5.998247E-04   9	   58	 1641	 1750	 2093	 2372	 3223	 3234	 4386	 5330	    0	    0	  957	 1800	 1501	 1227	 1833	  938	 1152	 1716	10670
  1414 1.758627E-05 6.083344E-04 1.362357E-03   3	   -1	  382	 6416	    1	    0	  184	 9577	  285
  1415 3.189426E-04 3.995841E-04 8.464113E-04   6	  961	  974	 2234	 2742	 3513	 5422	    0	    0	 2640	 2734	 2688	 2652	 2788	 2733
  1416 6.089473E-04 2.000577E-04 1.323837E-03   1	 1563	    0	    0	 3516
  1417 3.540145E-05 6.036656E-04 1.325170E-03   2	  382	  509	    0	    0	  482	11040
  1418 4.292360E-04 2.473795E-04 1.232513E-04   6	   12	   68	  557	  973	 2283	 2341	    0	    0	 3058	 3070	 3110	 3092	10410	 9254
  1419 6.681792E-04 4.772405E-04 1.200781E-03   8	  182	  333	  356	  367	  720	 1684	 1905	 2286	    0	    0	 9443	 4533	 4197	 3955	 4074	 3942	 4280	 4141
  1420 2.486362E-04 1.218895E-03 3.974208E-04   4	  388	  669	  849	 1619	    0	    0	 2422	 2348	 2147	 2314
  1421 8.873484E-04 3.778637E-04 1.474335E-03   5	  919	 1044	 1267	 4506	 6534	    0	    0	 6914	 6913	 7052	 6776	 9393
  1422 8.916606E-04 5.753558E-04 1.440377E-03   3	 1491	 1712	 2638	    0	    0	 6891	 6622	 7074
  1423 2.915330E-04 7.528638E-04 8.027013E-05   1	  273	    0	    0	 2693
  1424 9.828196E-04 6.879937E-04 1.495466E-03   3	 1668	 1850	 1883	    0	    0	 7663	 7639	 7727
  1425 1.157089E-03 6.403234E-04 8.439678E-04   6	 1520	 1973	 2507	 3017	 4035	 6786	    0	    0	 9586	 8312	 8195	 8204	10702	10715
  1426 8.176157E-04 6.021041E-04 1.054927E-03  10	   76	  326	  361	  829	 2100	 2763	 3815	 4954	 6112	 6238	    0	    0	 5731	 6298	 5780	 6066	10824	10822	 6135	 6180	 5979	 5730
  1427 6.555011E-04 5.888026E-04 1.192013E-03   4	   44	  654	  722	 1356	    0	    0	 3956	 3879	10932	 4488
  1428 1.242777E-03 4.850820E-04 6.716896E-04   4	 4242	 5241	 5246	 6715	    0	    0	 8563	 8444	 8530	10687
  1429 7.061830E-04 2.417211E-05 4.121211E-04   2	  185	  211	    0	    0	 4648	 4373
  1430 3.263808E-04 5.417362E-04 2.208707E-04   1	  929	    0	    0	 2819
  1431 7.902540E-04 6.070270E-04 9.945408E-04   9	  326	  402	  801	  986	 2094	 2763	 2977	 3230	 6176	    0	    0	 5899	 5771	 5527	 5530	 9608	 5876	 5435	 5480	 5775
  1432 6.076800E-04 5.315287E-04 3.942721E-04   1	  289	    0	    0	 3681
  1433 9.084703E-04 5.059225E-04 1.478381E-03   3	  745	 3816	 4562	    0	    0	 6819	 7259	 7195
  1434 3.734444E-04 5.161824E-05 1.393617E-03   4	  954	 2297	 2452	 2810	    0	    0	 2949	 2885	 3067	 3023
  1435 7.901924E-04 1.069421E-03 1.170063E-03   8	  425	  445	  463	  728	 1726	 2527	 3332	 6154	    0	    0	 5603	 5946	 5335	 5637	10911	 5336	10236	 5464
  1436 5.153304E-05 1.029789E-03 5.827089E-04   7	   23	   58	  499	  515	 1259	 2226	 5299	    0	    0	  505	  687	10219	  506	  420	  507	  447
  1437 7.689600E-04 8.825232E-04 9.350208E-04   4	  101	  117	  148	 3506	    0	    0	 5595	 5265	 4980	 9918
  1438 8.623048E-04 9.954120E-04 1.339211E-03   5	  284	 1379	 1889	 2432	 4400	    0	    0	11049	 6277	 6331	10133	 6414
  1439 7.478389E-04 4.311626E-04 3.332346E-04   1	 2688	    0	    0	 5213
  1440 3.763392E-04 3.747092E-04 4.703133E-05   8	  894	 1109	 1295	 1977	 2156	 3340	 5590	 5591	    0	    0	 2998	10377	 9321	 2981	 2878	 2877	 2889	 2937
  1441 8.041042E-04 3.505770E-04 3.916992E-04   4	 3267	 4503	 4670	 5716	    0	    0	 5432	 5591	 5795	 5622
  1442 7.391728E-05 4.579129E-04 1.439876E-05   1	 1501	    0	    0	  691
  1443 8.091660E-04 2.889600E-04 4.481936E-04   2	  748	 6552	    0	    0	 5871	 5745
  1444 1.205450E-03 1.183496E-03 2.458829E-05   0	    0	    0
  1445 8.150486E-04 8.379047E-04 1.304058E-03  11	  443	  765	  855	  873	 1037	 1792	 2089	 4226	 5678	 6317	 6331	    0	    0	 6005	 5614	 5985	 5612	 5643	 5928	 6144	 9882	 5642	11013	 5815
  1446 1.489096E-04 3.452937E-04 1.169589E-03   4	 1115	 1773	 2790	 3148	    0	    0	 9371	 1693	 1780	 1202
  1447 7.786866E-04 5.425163E-04 1.076748E-03   7	   44	 1092	 1777	 1927	 2859	 4966	 6244	    0	    0	10870	 5574	 5326	 5273	 5602	10842	 5356
  1448 1.193280E-03 8.611200E-04 3.286488E-05   6	   30	  159	  430	  518	  726	 5794	    0	    0	 8511	 9895	 8322	 8335	 9881	 9913
  1449 3.022893E-04 3.033408E-04 1.266247E-03   4	 1346	 1693	 2334	 4054	    0	    0	 9298	 9326	 2549	 2663
  1450 8.725379E-04 1.711832E-04 8.722195E-04   2	 2883	 5403	    0	    0	 6765	 6719
  1451 2.579545E-04 1.023733E-03 8.456567E-04   0	    0	    0
  1452 1.184944E-03 3.094271E-04 1.416424E-03   4	   36	  995	 1211	 1498	    0	    0	11074	 8385	 8352	 8297
  1453 8.944997E-04 6.019200E-04 4.105031E-04   3	  126	 1031	 1838	    0	    0	 6974	 6798	 6717
  1454 7.245107E-04 2.058142E-04 5.513474E-04   2	 1068	 4213	    0	    0	 4949	 9247
  1455 8.351808E-04 8.374192E-04 1.083664E-03   4	  255	  285	 1545	 1982	    0	    0	 6094	 6237	 5924	 6178
  1456 1.267987E-03 6.635399E-04 1.511345E-03   4	    0	 2084	 5116	 6053	    0	    1	 9115	 8789	11101	 8914
  1457 5.571066E-04 2.217622E-04 6.672016E-04   3	 1680	 3429	 3681	    0	    0	 3486	 3371	 3370
  1458 1.190419E-03 2.641309E-04 3.343909E-04   3	  122	  480	 1047	    0	    0	 8294	 8355	 8499
  1459 1.169964E-03 3.467334E-04 1.349457E-03   4	   50	  879	 1211	 1349	    0	    0	 8231	 9356	 8320	 8319
  1460 4.521600E-04 4.108992E-04 1.258558E-03   4	 4281	 4442	 4455	 4457	    0	    0	 3087	 3202	 3196	 9410
  1461 1.102922E-03 7.288099E-04 4.906657E-04   0	    0	    0
  1462 9.990724E-04 9.427008E-04 1.338618E-03   6	  455	  705	  861	 1041	 1266	 2505	    0	    0	 7658	 7638	 7703	 7576	 7504	 7503
  1463 1.731063E-04 8.572785E-04 4.905618E-04   8	 2247	 2683	 2724	 3171	 3604	 6457	 6588	 6609	    0	    0	 1966	 1737	 1600	 1854	 1370	 1602	 1815	 1762
  1464 1.062141E-03 7.968666E-06 1.558163E-04   2	 1241	 1682	    0	    0	 7910	 7901
  1465 6.806435E-04 5.994139E-04 1.294862E-03   6	  113	  265	 1258	 3545	 4430	 6295	    0	    0	 4045	 4494	 4468	 4334	 9538	 4252
  1466 9.461897E-04 1.628917E-04 1.521602E-03   2	 2371	 5214	    0	    0	 7448	 7376
  1467 6.991885E-04 8.394102E-04 1.122988E-03   6	  213	  221	  972	 2363	 4207	 5174	    0	    0	 4244	 4139	 4194	 4626	 4327	 4386
  1468 1.392065E-04 9.622256E-04 1.025458E-04   3	  569	  946	 1275	    0	    0	 1120	 1399	 1044
  1469 1.283325E-04 4.336099E-04 1.456320E-03   3	 1030	 1206	 6487	    0	    0	 1041	 1184	 1397
  1470 3.669527E-05 4.707750E-04 1.232241E-03   2	  646	 3576	    0	    0	  438	  365
  1471 8.444927E-04 9.992469E-04 1.107061E-03   7	   41	  219	  263	  548	 4198	 5147	 6090	    0	    0	 6266	 6547	 6138	 6116	10889	10199	10182
  1472 1.171219E-03 2.498938E-04 2.640056E-04   7	  122	  214	  349	 1047	 2534	 3854	 5967	    0	    0	 8299	 8201	10462	 8408	 8187	 8324	 8239
  1473 7.676255E-04 1.026121E-04 7.995706E-04   0	    0	    0
  1474 6.601047E-04 1.519879E-04 9.745223E-04   2	  581	 5045	    0	    0	 9202	 3870
  1475 7.793278E-05 5.785978E-04 1.108800E-03   4	 1017	 1261	 1493	 2256	    0	    0	  617	  664	  666	  837
  1476 8.286590E-05 4.489718E-04 1.122232E-03   3	  593	  771	  994	    0	    0	  599	  690	  667
  1477 7.388938E-04 8.332992E-04 1.032179E-03   5	  221	  526	  910	 6175	 6189	    0	    0	 4955	10827	 5112	 4750	10799
  1478 9.416487E-04 1.044174E-03 1.384629E-03   6	  284	  347	  432	  497	 2280	 3675	    0	    0	 7192	 7191	 7299	11060	 7283	 7193
  1479 7.580367E-04 9.231172E-04 1.105614E-03   8	  263	  546	  729	  972	 1536	 2826	 4157	 4993	    0	    0	 5387	 4985	 4851	 4807	 4961	 5115	 9977	10867
  1480 1.121960E-03 7.036917E-04 3.562804E-04   2	 1128	 1533	    0	    0	 8086	 8056
  1481 9.756689E-04 1.135686E-03 9.603043E-04   1	   28	    0	    0	 7229
  1482 1.164603E-03 6.787092E-04 1.447661E-03   1	 1090	    0	    0	 8141
  1483 5.977294E-06 1.078663E-03 5.660266E-04   6	   -1	   23	   58	  499	 1259	 5299	    1	    0	  119	  294	  339	  422	  295	  304
  1484 2.191898E-04 1.108792E-03 5.447529E-04   3	   51	  590	  800	    0	    0	 2135	 1763	 1777
  1485 2.161758E-04 3.279416E-04 9.769748E-04   4	 1144	 3084	 3906	 6681	    0	    0	 2128	 1909	 1976	 2141
  1486 6.691187E-04 8.553551E-04 1.254723E-03   4	   71	  112	  465	 1514	    0	    0	 3944	 4116	 9932	 4044
  1487 2.486286E-04 4.080000E-04 8.358673E-04   9	  961	  974	  987	 1636	 2200	 2743	 2985	 3335	 5427	    0	    0	 2388	 2239	 9381	 2197	 2090	 2037	 1778	 2009	10701
  1488 7.752745E-04 9.501769E-04 1.353377E-03  11	  351	  488	  616	  648	  774	  907	 1016	 3386	 6144	 6183	 6344	    0	    0	 5760	11034	11033	 5491	 5179	 5425	 5515	 5180	10060	10070	 5512
  1489 8.459333E-04 3.056499E-04 1.462733E-03   4	 1059	 1127	 1607	 2386	    0	    0	 6147	 6146	 6401	 9275
  1490 6.690056E-04 5.584127E-04 1.019210E-03   4	  270	 1890	 3959	 5031	    0	    0	 3907	 4137	 9520	 3953
  1491 9.187129E-04 5.756926E-04 1.397741E-03   4	 1131	 1354	 1422	 3980	    0	    0	 7257	 7300	 6891	 6970
  1492 6.550947E-04 7.785661E-04 1.279505E-03   6	   71	  628	 1897	 3265	 4330	 6312	    0	    0	 3915	 9784	 4031	10982	 9785	 9780
  1493 9.246910E-05 6.064156E-04 1.114855E-03   3	 1261	 1475	 3142	    0	    0	  665	  666	  866
  1494 9.904136E-04 8.214512E-04 3.798538E-04   3	  435	  747	 2630	    0	    0	 7756	 7701	 7718
  1495 1.071457E-04 6.697938E-04 8.785772E-04   3	 1362	 3363	 4188	    0	    0	 1076	  981	10718
  1496 7.868263E-04 7.334592E-04 8.682165E-04   3	  194	  266	 2043	    0	    0	 5452	 5766	 9721
  1497 1.701987E-04 1.237685E-03 3.743808E-04  12	   23	  179	  428	  793	 1282	 2237	 2454	 2660	 3430	 4385	 4674	 5837	    0	    0	 1256	 1645	10567	 1345	 1732	 1647	 1449	 1520	 1846	 1675	 1652	 2005
  1498 1.149705E-03 3.152565E-04 1.447902E-03   2	 1452	 5685	    0	    0	 8297	 9320
  1499 5.276925E-04 4.540917E-05 4.240123E-04   2	  293	 2999	    0	    0	 3282	 3334
  1500 8.156254E-04 5.539264E-04 1.235692E-03  10	  397	  438	  474	  603	 1010	 1015	 2492	 2726	 3738	 5684	    0	    0	 5888	 5784	 9474	 9470	 6154	 5983	 5709	 9489	 5606	 5444
  1501 8.609276E-05 4.841478E-04 1.055350E-05   1	 1442	    0	    0	  691
  1502 1.152019E-03 4.185792E-04 1.277763E-03   2	 1019	 4466	    0	    0	 8180	11005
  1503 1.165062E-03 9.148875E-04 9.664317E-04   9	 1222	 1535	 1590	 1615	 1901	 2926	 4067	 5683	 6632	    0	    0	 8226	 8288	 8210	 8190	 8277	 8278	 8361	 9969	 8209
  1504 9.487867E-04 2.340158E-04 5.379102E-04   2	  811	 2438	    0	    0	 7289	 7358
  1505 8.485394E-05 2.004608E-04 8.310551E-04   1	 2521	    0	    0	10709
  1506 7.515568E-04 2.065215E-04 3.171552E-04   5	 2037	 3750	 4499	 4544	 4565	    0	    0	 4674	 5070	 4344	 4795	 9258
  1507 2.159981E-04 4.150286E-04 4.745457E-04   4	  506	 1791	 2035	 4017	    0	    0	 2218	 9384	 2022	 1870
  1508 4.899057E-04 1.267219E-03 1.252797E-03   5	    1	 1245	 2205	 3615	 6411	    0	    0	 3244	10947	 3265	 3251	 3212
  1509 1.065889E-03 2.364688E-04 1.215583E-03   3	  789	  875	 1148	    0	    0	 7815	 8066	 8016
  1510 1.089598E-03 6.174577E-04 1.339210E-03   2	  848	 3182	    0	    0	11055	 7921
  1511 8.880031E-04 1.051855E-03 1.137600E-03   3	   41	  198	 5147	    0	    0	 6846	 6705	 6682
  1512 1.197855E-03 3.616315E-04 1.370861E-03   6	  879	 1100	 1211	 3315	 3809	 5073	    0	    0	 8316	 8435	 8262	 8468	 8334	 8546
  1513 6.679365E-04 1.321697E-04 5.032494E-04   2	  404	 4625	    0	    0	 4153	 4345
  1514 6.256095E-04 8.801413E-04 1.247981E-03   7	   71	  213	  390	  465	 1486	 2252	 5115	    0	    0	 3587	10931	 3914	 3960	 4044	 3882	 3834
  1515 2.812660E-05 5.406009E-04 1.206554E-04   0	    0	    0
  1516 2.534592E-04 1.160922E-03 4.175979E-04   3	  278	 1081	 1619	    0	    0	 2248	 2361	 2378
  1517 8.304013E-04 8.642248E-04 2.074702E-05   8	   39	 1074	 2764	 3627	 3679	 4151	 4897	 5777	    0	    0	 6038	10366	 6438	 5566	10358	 5762	 5911	 9979
  1518 9.281391E-04 6.127777E-04 1.492800E-03   1	  304	    0	    0	 7176
  1519 3.148608E-04 1.013856E-04 1.358399E-03   2	  954	 1035	    0	    0	 2770	 2653
  1520 1.170124E-03 6.358062E-04 8.797340E-04   5	 1066	 1425	 1752	 3017	 6786	    0	    0	 9618	 9586	 9569	 8242	 9617
  1521 6.536443E-04 2.511452E-04 5.482750E-04   3	  406	 1869	 2331	    0	    0	 3919	 3826	 9261
  1522 2.659163E-04 5.366400E-04 6.750800E-05   2	  981	 1873	    0	    0	 2406	 2587
  1523 4.204801E-06 9.622268E-04 1.778852E-04   4	   -1	 1933	 2875	 4265	    1	    0	   31	  219	  412	  348
  1524 1.375727E-04 3.663453E-04 1.980687E-04   3	  249	 2105	 4129	    0	    0	 1205	 1334	 1306
  1525 8.072454E-04 1.462949E-04 1.999007E-04   0	    0	    0
  1526 9.321675E-04 2.754115E-04 6.208419E-04   2	  378	  408	    0	    0	 7275	 9284
  1527 9.494438E-04 7.914121E-04 1.290917E-03   6	  209	  321	  493	  650	  668	  813	    0	    0	 7426	 7268	 7468	 7399	 7269	 7372
  1528 5.574754E-04 3.868800E-04 4.054281E-04   4	  876	 1123	 2181	 5708	    0	    0	 3421	 3409	 9345	 3397
  1529 9.727584E-04 4.364737E-04 4.323092E-04   3	  203	 1191	 1573	    0	    0	 7599	 7512	 7465
  1530 1.143646E-03 8.336510E-04 4.591860E-04   2	  275	 1799	    0	    0	 8318	 8224
  1531 9.619008E-04 9.469209E-04 1.404481E-03   9	  138	  276	  432	  455	  705	 1122	 1385	 2505	 3145	    0	    0	 7430	 7194	 7385	 7453	 7454	 7362	 7312	 7447	 7245
  1532 9.020030E-04 6.921714E-04 9.083854E-04   6	  266	  387	  411	 1559	 2946	 3749	    0	    0	 6672	 6646	 6803	 6647	 6721	 6695
  1533 1.096339E-03 7.020853E-04 3.548972E-04   1	 1480	    0	    0	 8056
  1534 8.781152E-04 2.185063E-04 1.340384E-03   0	    0	    0
  1535 1.185601E-03 9.552000E-04 9.760376E-04   4	 1222	 1503	 1901	 4067	    0	    0	 8349	 8288	 8339	 8400
  1536 7.164674E-04 9.616952E-04 1.102061E-03  13	  172	  263	  494	  729	  990	 1479	 2006	 2345	 2842	 3836	 4106	 4967	 6148	    0	    0	 4687	 5116	 4461	10023	 4556	 4961	 4830	 4683	10844	10858	10095	10861	 4775
  1537 1.277760E-03 4.852851E-06 3.280164E-04   4	    0	  823	 1832	 5574	    0	    1	 8986	 8751	10524	 9131
  1538 9.600000E-07 3.599994E-04 9.711502E-04   3	   -1	 1376	 4352	    1	    0	  141	 9362	 9337
  1539 4.833307E-04 4.833436E-04 1.290259E-03   1	 6287	    0	    0	 3179
  1540 1.198783E-03 7.663829E-04 3.782592E-04   2	  594	 1070	    0	    0	 8553	 8356
  1541 8.716608E-04 3.072192E-04 2.087883E-04   1	 1320	    0	    0	 6797
  1542 6.662208E-04 1.658185E-05 9.100992E-04   1	  967	    0	    0	 3985
  1543 6.412608E-04 1.804608E-04 4.991749E-04   2	 1168	 2802	    0	    0	10611	 3902
  1544 6.604992E-04 1.104963E-03 6.194544E-04   2	 5200	 5201	    0	    0	10268	 4133
  1545 7.929792E-04 8.674676E-04 1.113581E-03   8	  263	  526	 1003	 1455	 2826	 3825	 4038	 4157	    0	    0	 5732	 5706	 5755	 5924	 5502	 5997	10856	 5504
  1546 1.086739E-03 1.862208E-04 1.259501E-03   2	  891	 1148	    0	    0	 7893	 8023
  1547 1.008019E-03 1.719645E-04 1.113792E-04   4	  329	  739	 1156	 2993	    0	    0	 7632	 7738	 7763	 7685
  1548 8.749058E-04 2.881920E-05 1.511735E-03   1	 1412	    0	    0	 6820
  1549 6.198558E-04 4.873858E-06 2.881920E-05   0	    0	    0
  1550 1.103188E-03 4.716156E-05 1.363392E-04   7	 1304	 1956	 3690	 3708	 4902	 6019	 6063	    0	    0	 7976	 9164	 9163	10398	 8018	 8059	10409
  1551 7.084992E-04 8.812992E-04 1.263840E-03   8	  465	  481	  708	  738	 1730	 2252	 3779	 3918	    0	    0	 4251	 4335	 4736	 9916	 4859	 4255	 4390	11002
  1552 9.997842E-04 2.530690E-04 1.574208E-04   1	 1103	    0	    0	 7652
  1553 5.615982E-04 6.939397E-04 4.193797E-04   2	   15	  131	    0	    0	 3485	 3422
  1554 1.197011E-03 5.905822E-04 1.342904E-03   6	  848	 1073	 1318	 2134	 2188	 5142	    0	    0	 8233	 8557	 8452	 8587	 8232	 8303
  1555 2.687808E-04 3.938213E-04 1.010141E-03   4	 2082	 2891	 2920	 6188	    0	    0	 2455	 2464	 2526	 2662
  1556 6.873792E-04 3.275404E-04 3.539973E-04   2	  933	 3529	    0	    0	 4066	 4182
  1557 9.472639E-04 8.454208E-04 1.300797E-03   2	  209	  813	    0	    0	 7346	 7308
  1558 1.043663E-03 6.426457E-04 3.022314E-04   1	  541	    0	    0	 7824
  1559 8.878922E-04 7.153716E-04 9.607896E-04   6	  387	  427	  658	 1532	 2946	 4111	    0	    0	 6749	 6750	 6881	 6647	 6697	 9692
  1560 1.337889E-04 5.068608E-04 8.651699E-04   4	 1155	 1638	 3551	 6783	    0	    0	  865	  900	 1056	 1409
  1561 1.200860E-03 9.842646E-04 1.010771E-03   3	 1901	 2404	 5554	    0	    0	 8363	 8450	 8401
  1562 8.171155E-05 3.197875E-04 3.657657E-04   2	 3613	 3616	    0	    0	  764	 9310
  1563 5.616020E-04 1.977408E-04 1.307263E-03   3	 1416	 1565	 6285	    0	    0	 3516	 3346	 3385
  1564 2.428713E-04 1.067539E-03 5.924975E-04   3	   51	  204	 6499	    0	    0	 2354	 2195	 2152
  1565 5.183808E-04 1.565965E-04 1.306272E-03   2	 1563	 1852	    0	    0	 3346	 3275
  1566 2.791531E-04 6.574246E-04 2.966942E-05   1	  519	    0	    0	 2501
  1567 1.133879E-03 3.691929E-04 1.435115E-03   1	   32	    0	    0	 8109
  1568 9.394187E-04 4.127808E-04 1.530980E-03   0	    0	    0
  1569 1.097396E-03 2.230889E-04 1.481192E-03   5	  196	  294	 2686	 3217	 4315	    0	    0	 8032	 9253	 7866	 7981	 7881
  1570 1.237187E-03 5.102544E-05 4.234477E-04   5	  477	  689	 1026	 1997	 2524	    0	    0	 8834	 8602	 9151	 8554	 8603
  1571 7.056971E-04 3.494592E-04 5.817408E-04   2	  406	 2458	    0	    0	 4398	 4797
  1572 2.524806E-04 4.684992E-04 1.341123E-03   2	 2171	 4449	    0	    0	 9444	 2323
  1573 9.599808E-04 4.098388E-04 4.051008E-04   2	 1191	 1529	    0	    0	 7498	 7465
  1574 1.161581E-03 7.939130E-04 3.789458E-04   0	    0	    0
  1575 9.715008E-04 5.212911E-04 1.274125E-03   2	 1209	 1382	    0	    0	 7588	 7371
  1576 7.533461E-04 9.299065E-04 1.470118E-03   3	  167	  489	 1164	    0	    0	 4930	 5211	10065
  1577 2.253977E-04 5.212800E-04 8.342388E-04   4	  446	 2138	 2478	 2643	    0	    0	 2010	 2106	 2252	 9494
  1578 3.392187E-04 3.366758E-04 8.980091E-04   2	  974	 2948	    0	    0	 2787	 2796
  1579 7.728076E-04 9.900473E-04 1.303011E-03   9	  224	  488	  616	  907	  928	 1147	 2056	 3327	 6284	    0	    0	 5176	 5421	 5175	11026	11027	10994	 5366	 5538	10170
  1580 8.747043E-04 5.598013E-04 3.582797E-04   2	  930	 1283	    0	    0	10528	 6669
  1581 1.201297E-03 3.354552E-04 1.275436E-03   2	  970	 2425	    0	    0	 8556	 8384
  1582 2.138006E-04 2.751823E-04 3.582539E-04   3	   12	  837	 3036	    0	    0	 2032	 2018	 2004
  1583 1.089463E-03 4.403578E-04 5.287093E-04   2	  554	 6468	    0	    0	10634	 7990
  1584 1.192689E-03 8.726464E-04 1.012949E-03   5	 2095	 5034	 5046	 5683	 6171	    0	    0	 8466	 8480	 8362	 8391	 8448
  1585 9.702725E-04 4.673715E-04 1.264466E-03   1	 3079	    0	    0	 7292
  1586 1.316041E-04 6.177710E-04 8.079484E-04   5	 2627	 2937	 4014	 5428	 6831	    0	    0	 1075	 1212	 1323	 1055	 9602
  1587 9.270849E-05 2.582908E-05 4.222080E-05   0	    0	    0
  1588 1.083881E-05 6.158502E-04 1.264321E-03   4	   -1	  959	  984	 4367	    1	    0	  167	  212	 9599	  228
  1589 8.379866E-05 7.803633E-04 3.578316E-04   1	 4485	    0	    0	  749
  1590 1.137350E-03 8.824232E-04 9.743944E-04   4	 1503	 2241	 2926	 4067	    0	    0	 8210	 8104	10013	 8330
  1591 1.449630E-04 2.879808E-04 1.412276E-03   0	    0	    0
  1592 3.311926E-04 2.807885E-04 8.380813E-04   2	 2002	 3499	    0	    0	 2832	 2703
  1593 4.369380E-04 3.676783E-04 1.469020E-03   1	  111	    0	    0	 3169
  1594 1.080252E-03 8.514083E-04 4.135081E-04   2	  751	 3310	    0	    0	 7914	 7961
  1595 1.007702E-03 1.294161E-04 3.260352E-04   1	  513	    0	    0	 7755
  1596 1.106961E-03 4.141715E-04 3.368483E-04   1	  711	    0	    0	 8087
  1597 9.273408E-04 1.025651E-03 9.303223E-04   0	    0	    0
  1598 5.572709E-04 4.668171E-04 1.302716E-03   2	 2374	 2377	    0	    0	 3472	 3380
  1599 1.447006E-04 4.243008E-04 4.099264E-04   2	  887	 2500	    0	    0	 1192	 1170
  1600 9.292608E-04 5.009575E-06 1.844591E-05   2	 1088	 3607	    0	    0	 7355	 7196
  1601 1.239472E-03 4.101773E-04 2.804302E-05   2	  475	  483	    0	    0	 8758	 8616
  1602 1.078335E-03 6.995559E-04 1.459992E-03   3	 1090	 3673	 6606	    0	    0	 7997	 7899	11087
  1603 2.834035E-04 9.707002E-04 9.465408E-04   2	    4	 2501	    0	    0	 2660	10077
  1604 2.140747E-04 3.948047E-05 3.369596E-04   1	  302	    0	    0	 1916
  1605 8.735235E-05 5.614187E-04 8.534408E-04   7	  862	 1151	 3251	 3268	 3685	 4174	 6785	    0	    0	  597	  835	  688	  689	  825	10699	 9482
  1606 2.833155E-04 1.018677E-03 3.379392E-04   7	  110	 3665	 5720	 6013	 6014	 6028	 6059	    0	    0	 2631	 2470	 2487	 2504	 2665	 2715	 2648
  1607 8.532391E-04 2.918208E-04 1.487981E-03   2	 1059	 1489	    0	    0	 6380	 6401
  1608 2.004518E-05 5.460300E-04 1.271059E-03   2	  863	 1397	    0	    0	  379	  429
  1609 1.055034E-03 6.691200E-04 1.429440E-03   4	 1090	 1628	 1668	 6606	    0	    0	 7922	 7780	 7784	 9678
  1610 1.239080E-03 5.878249E-04 1.400793E-03   1	 2134	    0	    0	 8698
  1611 9.284066E-04 6.717405E-04 4.123315E-04   2	 2943	 5801	    0	    0	 7265	 7200
  1612 1.200682E-03 2.525952E-04 1.477189E-03   1	 4613	    0	    0	 8524
  1613 6.558963E-04 1.227688E-05 6.424302E-05   1	  704	    0	    0	 4082
  1614 8.779884E-04 5.425465E-04 1.265977E-03   6	  516	  717	 1010	 1015	 1738	 3505	    0	    0	 9512	 6551	 6433	 6272	 6791	 6552
  1615 1.155289E-03 8.902604E-04 9.388608E-04   1	 1503	    0	    0	 8190
  1616 1.180247E-03 6.797955E-05 3.921485E-04   3	 1997	 2949	 3586	    0	    0	 8454	 8411	10548
  1617 1.270413E-03 2.025506E-05 1.990609E-05   1	    0	    0	    1	 8926
  1618 4.256218E-04 8.275008E-04 9.320381E-04   1	    4	    0	    0	 3166
  1619 2.352097E-04 1.175059E-03 3.907261E-04   7	  142	  849	 1081	 1420	 1516	 4703	 6545	    0	    0	 2213	 2132	10575	 2314	 2378	 2360	 2215
  1620 9.648025E-04 1.133610E-03 2.951287E-04   2	    2	  420	    0	    0	 7304	 7451
  1621 7.589563E-04 1.274048E-03 1.310067E-03   1	 2398	    0	    0	 5095
  1622 3.257380E-04 3.177650E-04 8.515276E-04   4	 2002	 2948	 4252	 6820	    0	    0	 2776	10722	 2746	 2794
  1623 6.483404E-04 1.204138E-04 8.515185E-04   2	  667	  967	    0	    0	 3934	 3933
  1624 8.131204E-04 1.164544E-04 2.915299E-04   1	  158	    0	    0	 5895
  1625 7.747165E-04 1.274048E-03 8.494752E-04   1	   33	    0	    0	 5072
  1626 7.673197E-04 7.554371E-04 1.346289E-03   7	  104	  250	  449	 1124	 1939	 4408	 6326	    0	    0	 5586	 5587	 5474	 9793	 5208	 5400	 9764
  1627 1.270361E-03 6.037538E-04 3.888050E-04   1	    0	    0	    1	 8999
  1628 1.013741E-03 6.441550E-04 1.407341E-03   5	  670	 1354	 1609	 1668	 1699	    0	    0	 7696	 7660	 7780	 7744	 7671
  1629 1.001624E-03 1.085967E-04 1.400456E-03   1	 2186	    0	    0	 7590
  1630 1.060514E-03 3.664996E-04 3.983969E-04   3	  335	  756	 1278	    0	    0	 7887	 7941	 7906
  1631 1.093558E-03 7.882791E-04 8.288212E-04   1	  723	    0	    0	 8021
  1632 1.098915E-03 6.145920E-05 3.200865E-04   4	 1885	 2931	 2939	 3905	    0	    0	 7940	 8013	 8027	 8046
  1633 7.479249E-04 2.860608E-04 2.999900E-04   3	 4331	 4555	 5968	    0	    0	 4570	 4932	 9296
  1634 9.400131E-04 7.515652E-04 4.173105E-04   2	 1036	 2649	    0	    0	 7264	 7215
  1635 8.205400E-04 1.042018E-03 9.169076E-04   1	   42	    0	    0	10228
  1636 2.406732E-04 4.492608E-04 8.284803E-04   7	  961	  974	 1002	 1487	 2138	 2743	 3078	    0	    0	 2387	 2301	 2223	 2197	 2177	 2056	 2367
  1637 2.246592E-04 5.236142E-04 1.398878E-03   0	    0	    0
  1638 1.143392E-04 4.703808E-04 8.620608E-04   9	 1155	 1560	 1656	 5412	 5436	 5466	 5468	 6647	 6783	    0	    0	  826	  900	 1266	  979	10708	  958	 1554	  783	 9442
  1639 7.395054E-04 6.994303E-04 1.289932E-03   7	  112	  223	 1953	 2486	 4160	 6297	 6307	    0	    0	 5040	 9706	 4898	 4811	 4698	 9689	 9677
  1640 4.466776E-04 7.863583E-04 9.163947E-04   1	    4	    0	    0	 3151
  1641 2.124965E-04 1.043228E-03 5.924416E-04   5	 1413	 1750	 2093	 2372	 4386	    0	    0	 1800	 1831	 1799	 1905	 1876
  1642 6.114394E-04 5.350032E-04 9.803049E-04   4	   48	  208	  268	 5024	    0	    0	 3623	 3592	 3622	 3670
  1643 6.506227E-05 7.135399E-04 5.787710E-04   2	 2994	 3603	    0	    0	  544	  699
  1644 1.075008E-04 1.766208E-04 9.801530E-04   3	 1235	 3233	 5052	    0	    0	  757	  959	 9251
  1645 2.784080E-05 3.658991E-04 3.513408E-04   2	 2197	 2886	    0	    0	  418	  417
  1646 1.067709E-04 2.583532E-04 2.792577E-04   6	  366	  692	 2403	 2512	 3305	 5926	    0	    0	  930	  908	  791	  829	10504	 1010
  1647 1.031994E-03 8.861684E-04 6.414319E-05   4	   92	  297	  617	  922	    0	    0	 7844	 7800	 7746	 7797
  1648 2.624880E-04 1.108590E-03 9.235008E-04   0	    0	    0
  1649 1.164394E-03 2.207808E-04 8.169635E-04   2	   17	  794	    0	    0	 8225	 8311
  1650 3.791156E-04 3.693490E-04 1.479563E-03   3	  111	 1894	 4921	    0	    0	 9344	 2910	 9375
  1651 8.638080E-05 8.360394E-04 3.974208E-04   6	 1812	 3271	 3522	 3783	 3975	 6563	    0	    0	  650	  936	10551	  765	  935	10569
  1652 1.145930E-03 4.990080E-05 3.658584E-04   1	 1952	    0	    0	 8121
  1653 1.149467E-03 8.765810E-04 3.775340E-04   1	 1210	    0	    0	 8256
  1654 2.484952E-04 3.317911E-04 1.300514E-03   1	 1693	    0	    0	 2432
  1655 8.646714E-04 9.292992E-04 1.306839E-03   6	  351	  545	  648	 2432	 4039	 5539	    0	    0	 6533	 6577	11030	 6640	10080	 6856
  1656 1.585861E-04 4.584091E-04 8.568640E-04   5	  446	  987	 1638	 2985	 6794	    0	    0	 1689	 1434	 1266	 1553	 1579
  1657 2.717633E-04 2.195499E-04 1.301741E-03   2	 1120	 1661	    0	    0	 2306	 2618
  1658 1.209581E-03 5.968971E-04 3.871684E-04   2	  355	 1181	    0	    0	 8622	 8522
  1659 1.138339E-03 1.478208E-04 3.004822E-04   5	  122	  214	 2539	 5613	 5978	    0	    0	 9229	 8097	10506	 8222	10479
  1660 1.166110E-03 8.033503E-04 9.535277E-04   4	 1839	 2618	 3151	 5383	    0	    0	 8302	 8329	 8244	 8216
  1661 3.102862E-04 1.990605E-04 1.300913E-03   4	  993	 1324	 1345	 1657	    0	    0	 2808	 2627	 2789	 2618
  1662 8.647831E-04 5.154381E-04 2.803392E-04   2	  937	  942	    0	    0	 6523	 6439
  1663 2.764608E-04 5.071011E-04 8.620992E-04   6	 1002	 2138	 2478	 2742	 3078	 6778	    0	    0	 2374	 2373	 2428	 2659	 9437	 2672
  1664 2.660120E-04 8.830080E-05 7.486080E-05   0	    0	    0
  1665 4.444772E-04 2.376096E-04 9.580800E-06   1	 2963	    0	    0	 3128
  1666 6.604608E-04 3.598862E-04 7.036804E-04   1	 2965	    0	    0	 3701
  1667 4.627008E-04 1.206515E-03 1.417783E-03   4	    1	 1004	 3653	 5270	    0	    0	10344	 3214	 3186	 3177
  1668 1.020064E-03 6.675500E-04 1.443859E-03   5	 1424	 1609	 1628	 1811	 1883	    0	    0	 7663	 7784	 7744	 7662	 7735
  1669 1.314353E-04 2.158846E-05 7.699200E-06   0	    0	    0
  1670 1.153920E-05 8.034071E-04 1.511021E-03   3	   -1	 4020	 5983	    1	    0	  200	  383	11093
  1671 7.346449E-04 4.962269E-04 1.728192E-04   3	  627	 1264	 1711	    0	    0	 4743	 5047	 5376
  1672 2.486383E-04 7.568812E-05 1.447661E-03   1	  673	    0	    0	 2468
  1673 1.164167E-04 4.214427E-04 1.755713E-04   5	 1810	 2328	 4758	 4778	 6037	    0	    0	 1046	 1232	  926	10413	10424
  1674 1.049870E-03 1.821425E-04 1.755073E-04   4	  487	 2996	 4136	 6047	    0	    0	 7885	 7821	 7875	 7778
  1675 1.169960E-03 3.744000E-05 1.756847E-04   2	 4898	 5901	    0	    0	 8237	10428
  1676 1.932421E-04 9.191276E-04 4.740192E-04   9	  189	  956	 2697	 2831	 3053	 3468	 4595	 4609	 6603	    0	    0	 1896	 1710	 1871	 1898	 1990	 1818	 1828	 1899	10062
  1677 9.619008E-04 1.187607E-03 1.135564E-03   1	   25	    0	    0	 7367
  1678 1.168908E-03 8.247211E-04 7.065408E-04   3	  607	  880	 1014	    0	    0	 9848	 8203	 8286
  1679 1.447500E-04 1.023341E-03 1.727808E-04   7	  110	  569	  923	 3383	 4285	 4767	 4770	    0	    0	 1722	10193	 1061	 1670	10172	 1204	 1293
  1680 5.883738E-04 2.375322E-04 6.864863E-04   2	 1457	 2529	    0	    0	 3486	 3480
  1681 5.063065E-05 9.914974E-04 4.828825E-04   7	  699	 1701	 1804	 2351	 3455	 3647	 5656	    0	    0	  457	  753	  580	  565	  737	  476	  682
  1682 1.053372E-03 3.351086E-05 1.529260E-04   2	  125	 1464	    0	    0	 7801	 7901
  1683 1.196141E-03 1.489438E-04 1.545573E-04   2	 3116	 5994	    0	    0	 8549	 8370
  1684 6.501345E-04 4.982439E-04 1.148715E-03   4	  119	  182	  462	 1419	    0	    0	 3782	 3896	 3975	 3942
  1685 8.198592E-04 3.367104E-04 1.631808E-04   2	 1686	 1758	    0	    0	 6008	 5542
  1686 8.132030E-04 2.948350E-04 1.620336E-04   1	 1685	    0	    0	 6008
  1687 1.028503E-03 2.143697E-04 1.622435E-04   2	  422	  487	    0	    0	 7710	10418
  1688 8.563008E-04 7.249453E-04 1.152738E-03   4	  642	  808	  958	 1201	    0	    0	 6612	 6141	 6268	 6431
  1689 3.590208E-04 1.107859E-03 1.155821E-03   3	    1	  531	 6362	    0	    0	 2813	 2853	 2865
  1690 1.470565E-04 1.003024E-03 4.803023E-04  13	  189	  429	 1701	 2108	 2582	 2642	 3455	 4619	 4639	 5259	 6471	 6472	 6578	    0	    0	 1598	 1369	 1176	 1524	 1280	 1174	 1127	 1368	 1372	10641	 1476	 1226	 1283
  1691 4.865959E-04 1.139106E-03 1.152817E-03   2	    1	 5624	    0	    0	 3208	10314
  1692 1.946256E-04 1.389529E-04 1.427700E-03   2	 4478	 4601	    0	    0	11086	 1838
  1693 2.707392E-04 3.442253E-04 1.289981E-03   3	 1008	 1449	 1654	    0	    0	 2562	 9326	 2432
  1694 7.376492E-04 4.696141E-04 1.504180E-03   0	    0	    0
  1695 8.505408E-04 2.472039E-04 1.951683E-04   1	  633	    0	    0	 6493
  1696 1.252916E-03 7.403057E-04 1.111132E-03   3	 2295	 3250	 5156	    0	    0	 8811	 9735	 8770
  1697 1.135504E-03 1.373953E-04 1.909225E-04   1	 2362	    0	    0	 9196
  1698 8.729216E-04 4.790404E-04 1.347293E-03   5	  945	 1135	 1382	 1704	 3331	    0	    0	 6760	 6486	 6859	 6487	 6641
  1699 1.019501E-03 6.230335E-04 1.373849E-03   4	 1131	 1354	 1628	 4375	    0	    0	 7577	 7564	 7671	11048
  1700 3.213145E-04 1.095518E-03 5.980870E-04  10	   22	   51	  204	 1000	 2071	 2103	 2677	 3920	 5209	 6441	    0	    0	 2786	 2691	 2700	10679	10275	10267	 2817	10666	 2816	10264
  1701 1.064745E-04 1.003199E-03 4.636892E-04   8	   23	 1681	 1690	 1804	 1820	 3455	 3800	 4714	    0	    0	  726	  753	 1176	  766	10588	  797	  894	10595
  1702 1.315240E-04 3.159519E-04 1.427438E-03   2	 1030	 1206	    0	    0	11080	 9351
  1703 7.971022E-04 4.788592E-04 1.101331E-03   7	   44	   59	  274	  361	 1092	 1992	 5690	    0	    0	 5576	 5923	 5734	 9454	 5439	 9422	 6065
  1704 8.453478E-04 4.531008E-04 1.375683E-03   4	 1135	 1698	 1716	 3331	    0	    0	 6379	 6487	 9425	 9430
  1705 3.622091E-04 4.139019E-04 1.223267E-05   3	 4528	 4576	 5590	    0	    0	10357	 2911	 9382
  1706 1.155385E-03 2.351949E-04 1.970882E-04   5	  349	  882	 3854	 3884	 5967	    0	    0	 8298	 8166	 8265	 8145	 8248
  1707 1.103221E-03 1.096873E-03 1.056575E-05   0	    0	    0
  1708 2.410467E-04 1.135565E-03 1.948829E-04   3	  140	 1797	 2313	    0	    0	 2158	 2244	 2344
  1709 9.547839E-04 3.217154E-05 1.990026E-04   2	  257	 1042	    0	    0	 7365	 7214
  1710 9.531392E-04 9.796694E-04 4.691506E-04   9	   11	   19	  153	  156	  166	  608	 2633	 2967	 3808	    0	    0	 7318	 7436	10092	 7598	 7569	 7251	 7217	10163	 7556
  1711 7.900962E-04 4.675227E-04 1.811009E-04   3	 1264	 1671	 3881	    0	    0	 9421	 5376	 5763
  1712 8.568646E-04 5.267913E-04 1.446606E-03   5	  854	 1422	 1716	 2884	 5418	    0	    0	 6367	 6622	 6228	 6462	 6587
  1713 1.114696E-03 1.204796E-03 7.131068E-04   1	 1292	    0	    0	 8057
  1714 1.077910E-03 7.035668E-04 4.712620E-04   0	    0	    0
  1715 1.064617E-04 1.034861E-03 1.868574E-04   6	  504	  604	  807	  923	 2330	 5872	    0	    0	  762	  787	  669	  905	  886	10442
  1716 8.441203E-04 4.815488E-04 1.417429E-03   4	  877	 1704	 1712	 3331	    0	    0	 6165	 9425	 6228	 6362
  1717 8.179392E-04 1.028906E-03 1.319295E-03   6	  521	  663	 1379	 2245	 3722	 6328	    0	    0	10246	 5711	 6244	 5644	10226	 6243
  1718 1.689408E-04 1.173673E-03 1.833572E-04   2	  653	 2352	    0	    0	 1586	 1509
  1719 1.248954E-03 7.576390E-04 8.544183E-05   7	    0	   46	   49	  341	  405	  719	 1034	    0	    1	 8936	 8853	 8759	 8629	10386	 8642	 8682
  1720 8.311674E-05 1.862208E-04 1.143288E-04   3	  852	 1296	 2402	    0	    0	  719	10395	 9228
  1721 9.552831E-04 7.268556E-04 1.217261E-03   4	  331	  786	 1013	 2202	    0	    0	 7411	 7442	 7467	 9758
  1722 2.637122E-04 3.171733E-04 8.786837E-04   6	 1876	 2496	 3109	 5454	 5463	 6657	    0	    0	 2337	 9332	 9333	10727	 2578	10729
  1723 6.861116E-04 6.381142E-04 5.102515E-04   1	   15	    0	    0	 4423
  1724 1.113961E-03 1.037341E-03 6.156998E-04   0	    0	    0
  1725 7.751389E-04 3.820608E-04 1.519683E-03   0	    0	    0
  1726 7.767507E-04 1.079878E-03 1.207661E-03   5	  369	  445	 1435	 2203	 6338	    0	    0	 5466	 5785	10911	 5338	 5359
  1727 7.167774E-04 3.129408E-04 1.198051E-04   4	 1359	 1395	 1758	 6070	    0	    0	 4544	 4417	 5212	 4545
  1728 1.249146E-03 7.357917E-05 1.199952E-04   1	 5710	    0	    0	 8684
  1729 3.061535E-04 1.617196E-05 1.196667E-04   2	  549	  936	    0	    0	 2707	 2643
  1730 7.342492E-04 9.054918E-04 1.290795E-03   6	  616	  648	  708	  774	 1551	 4255	    0	    0	 4860	 5094	 4941	11017	 4859	11016
  1731 9.127530E-04 4.523286E-04 1.432943E-03   2	 1234	 2453	    0	    0	 7211	 7114
  1732 8.419263E-04 8.688824E-04 1.423345E-03   4	  143	  357	  498	 2314	    0	    0	 6316	 6437	 6033	 6333
  1733 6.097736E-04 2.816936E-04 5.156613E-04   2	 1869	 4645	    0	    0	 9288	 3620
  1734 6.831817E-05 6.182208E-04 5.157173E-04   1	 3471	    0	    0	  768
  1735 3.579349E-04 3.532305E-05 9.897181E-05   1	  549	    0	    0	 2750
  1736 4.981520E-04 8.440153E-04 6.038490E-04   1	 2874	    0	    0	 3296
  1737 7.372608E-04 1.020367E-03 1.351699E-03   6	  224	  288	  521	  928	 2245	 3327	    0	    0	 4738	10221	 5019	 5100	 5131	 5062
  1738 9.227346E-04 5.587008E-04 1.235426E-03   6	  316	  343	  354	 1015	 1614	 6417	    0	    0	 7061	 6852	 6888	 6831	 6791	 6851
  1739 6.916737E-04 1.174786E-03 1.242905E-03   3	  118	  375	 1891	    0	    0	 4174	10933	10320
  1740 2.811616E-04 1.197114E-03 5.135982E-04   2	 1272	 1332	    0	    0	 2623	 2460
  1741 5.443168E-04 7.406453E-05 1.238381E-03   0	    0	    0
  1742 1.022400E-03 9.918880E-04 9.483999E-05   1	 2666	    0	    0	 7675
  1743 5.772195E-04 4.081453E-04 1.291115E-03   2	 1903	 2368	    0	    0	 9399	 3483
  1744 7.987008E-04 5.374080E-05 3.956755E-05   0	    0	    0
  1745 8.774208E-04 1.133872E-03 9.290649E-05   2	    2	   24	    0	    0	 6419	 6285
  1746 7.174059E-04 9.305781E-04 1.243316E-03   7	  465	  546	  818	 1879	 1951	 3514	 3934	    0	    0	 4583	 4833	10117	 4919	10091	 4668	 4855
  1747 3.655541E-04 1.037904E-03 6.132888E-04   5	   21	 1000	 1140	 2187	 2615	    0	    0	 2860	 2848	 2841	 2914	 2871
  1748 1.249128E-03 4.616486E-04 1.425937E-03   2	    8	 2239	    0	    0	 8589	 8588
  1749 5.270447E-04 1.075978E-03 1.232943E-03   1	    1	    0	    0	 3305
  1750 1.851063E-04 9.993648E-04 6.094752E-04   8	  623	  630	 1413	 1641	 2093	 2372	 3645	 5319	    0	    0	10675	 1663	 1501	 1831	 1662	 1832	 1478	10665
  1751 9.859179E-04 1.449604E-04 1.521342E-03   2	 2104	 2371	    0	    0	 7606	 7492
  1752 1.178074E-03 6.039293E-04 8.820981E-04   3	 1520	 5408	 6654	    0	    0	 9569	 8430	10732
  1753 6.648615E-04 1.045088E-03 1.248965E-03   3	  118	  818	 3404	    0	    0	10954	 4115	10213
  1754 1.193529E-03 1.091610E-03 1.324259E-03   3	  746	  753	 6311	    0	    0	 8419	 8451	 8517
  1755 1.050502E-04 7.792990E-04 4.886387E-04   8	 2348	 2713	 4648	 4730	 5644	 6456	 6565	 6593	    0	    0	  833	 1087	 1129	 1125	10618	  799	  972	 1173
  1756 1.017902E-03 1.258646E-03 1.521316E-03   1	   31	    0	    0	 7745
  1757 2.172637E-04 1.038701E-03 1.407690E-04   3	  110	 3383	 4746	    0	    0	10188	 1934	 2081
  1758 7.653212E-04 3.372999E-04 1.410427E-04   3	  868	 1685	 1727	    0	    0	 9295	 5542	 5212
  1759 6.753694E-04 1.949672E-04 1.409785E-04   2	 2436	 3654	    0	    0	 4396	 3866
  1760 3.459732E-04 3.985125E-05 1.423683E-03   1	  673	    0	    0	 2809
  1761 1.242259E-03 5.011008E-04 9.148336E-05   4	   29	  346	  757	  979	    0	    0	 8494	 8559	 9434	 8761
  1762 6.500315E-04 5.440399E-04 1.198759E-03   3	  182	  324	 6361	    0	    0	 3802	10898	 3895
  1763 9.703897E-04 8.401782E-04 1.202739E-03   8	  380	  493	  511	  640	  674	 3511	 3715	 5086	    0	    0	 7517	 7586	 7441	 7480	 7547	 9873	 9853	 7424
  1764 1.202600E-03 4.319808E-04 1.423560E-03   1	    8	    0	    0	 8505
  1765 7.885656E-04 8.831808E-04 1.187857E-03   3	  507	 3365	 3717	    0	    0	 5558	 5556	 5885
  1766 1.252813E-03 9.173864E-04 1.187938E-03   0	    0	    0
  1767 7.213039E-04 1.274140E-03 1.188461E-03   1	  106	    0	    0	 4532
  1768 6.272271E-04 8.025408E-04 1.189650E-03   6	  213	 1990	 3755	 5096	 6132	 6369	    0	    0	 3709	 3754	 3878	 3876	 9837	 3768
  1769 5.698710E-04 1.208487E-03 1.191275E-03   2	  106	  914	    0	    0	 3482	 3507
  1770 2.043653E-04 1.067825E-03 6.426614E-04   6	  204	  623	 2779	 4386	 6750	 6766	    0	    0	 2176	 1664	 1685	 1631	 1949	 1860
  1771 6.499205E-04 2.975573E-05 1.316645E-04   2	  754	 1113	    0	    0	 9156	 3812
  1772 8.035234E-04 1.041780E-03 1.437300E-03   3	  363	  550	 1855	    0	    0	 5669	 5818	10207
  1773 2.195781E-04 3.545854E-04 1.191358E-03   3	 1115	 1446	 2790	    0	    0	 1749	 1693	 1910
  1774 7.135683E-04 6.163008E-04 1.050221E-03   5	   44	   76	 1788	 2251	 5057	    0	    0	 4409	 4731	 4323	 4485	 4430
  1775 1.140111E-03 3.388799E-04 4.492992E-04   1	  490	    0	    0	 8122
  1776 7.732127E-04 6.249595E-04 4.502345E-04   1	 2359	    0	    0	 5377
  1777 7.708785E-04 5.212854E-04 1.049141E-03   4	   59	 1092	 1447	 4966	    0	    0	 5162	 5482	 5326	 9464
  1778 3.582599E-04 4.003134E-04 8.009019E-05   0	    0	    0
  1779 8.035199E-04 9.463373E-04 7.814208E-04   1	   65	    0	    0	 5648
  1780 4.512205E-05 4.454208E-04 1.078084E-03   2	  593	  898	    0	    0	  546	  459
  1781 1.148141E-03 7.268754E-04 4.349662E-04   0	    0	    0
  1782 3.888952E-04 3.104151E-04 1.258565E-03   2	  878	 2380	    0	    0	 3016	 2955
  1783 8.823831E-04 7.130667E-04 1.046381E-03   6	   88	  441	  612	 1098	 1372	 3229	    0	    0	 6568	 6868	 6806	 6807	 9741	 6730
  1784 1.757624E-04 1.183820E-03 2.515008E-04   5	  179	  653	 1056	 2167	 2224	    0	    0	 1725	 1643	 1767	 1642	 1233
  1785 6.355008E-04 4.291312E-04 1.333434E-03   1	 3167	    0	    0	 3886
  1786 1.258655E-03 5.098731E-04 5.407345E-04   3	    0	 5261	 6442	    0	    1	 9022	 9448	 9468
  1787 5.506665E-04 1.219256E-04 1.341534E-03   2	  845	 1852	    0	    0	 3295	 3327
  1788 6.597769E-04 6.305626E-04 1.064354E-03  11	   44	  252	  401	 1011	 1774	 2428	 3976	 4085	 5057	 6107	 6231	    0	    0	 4055	 9607	 3831	 3857	 4323	10829	 4192	 3937	 4221	 4092	 9560
  1789 6.578174E-04 9.835910E-04 1.339198E-03   4	 1111	 2721	 2821	 3877	    0	    0	 3947	 4207	 4063	 4338
  1790 3.964761E-04 5.657889E-04 1.350723E-03   1	 1959	    0	    0	 3066
  1791 2.180381E-04 3.597472E-04 5.230982E-04   4	 1186	 1507	 2030	 2035	    0	    0	 1993	 9384	 2293	 1948
  1792 8.322330E-04 8.034151E-04 1.296304E-03   4	  873	 1445	 2089	 5567	    0	    0	11003	 5928	 6189	 6074
  1793 4.320100E-05 5.729216E-04 1.073261E-03   4	 1017	 1261	 2417	 2542	    0	    0	  497	 9541	  341	  282
  1794 1.152964E-03 4.370021E-04 1.317963E-03   3	    8	 1019	 4466	    0	    0	 8245	 8211	 8269
  1795 3.532608E-04 6.333792E-04 8.159812E-05   1	 1110	    0	    0	 2890
  1796 9.612209E-04 5.126208E-04 5.236184E-04   5	  126	  139	  812	 2391	 6436	    0	    0	 7394	 7458	 7228	 7097	 6930
  1797 2.421791E-04 1.178335E-03 2.092608E-04  12	  140	  653	  842	 1708	 2117	 2167	 2313	 2728	 3932	 4107	 4843	 4846	    0	    0	10316	 1981	 2307	 2244	 2129	 1957	 2407	 2408	10337	 2144	10453	 2082
  1798 2.559064E-04 3.252987E-04 7.957254E-04   3	 3059	 4155	 6797	    0	    0	 2294	 2475	 2238
  1799 1.170095E-03 8.669666E-04 4.557884E-04   2	 1530	 2808	    0	    0	 8224	 9938
  1800 6.536140E-04 4.233600E-04 5.440308E-04   4	 1368	 1815	 1913	 3343	    0	    0	 3950	 9407	 3920	 3852
  1801 8.572743E-04 1.429516E-04 4.274904E-04   1	  365	    0	    0	 6466
  1802 2.686080E-05 1.155859E-03 2.592192E-04   2	  176	  222	    0	    0	  301	  413
  1803 1.001280E-03 2.087260E-04 1.525432E-03   2	 1048	 4892	    0	    0	 7672	 7729
  1804 6.795127E-05 1.014631E-03 4.291185E-04   4	 1170	 1681	 1701	 1820	    0	    0	  695	  580	  766	  751
  1805 6.079307E-04 1.068527E-04 2.066819E-04   4	  359	  505	  953	 1347	    0	    0	 3669	 3728	 3758	 3641
  1806 9.069200E-04 4.137605E-04 2.572992E-04   2	  892	 3377	    0	    0	 6762	 6778
  1807 3.634914E-04 4.040165E-04 2.579565E-04   2	   57	   68	    0	    0	 2857	 2858
  1808 5.942382E-04 4.684992E-04 4.311853E-04   2	 2812	 6530	    0	    0	 3619	10584
  1809 6.038502E-05 2.196654E-04 5.643592E-05   4	  201	  660	  687	  827	    0	    0	  646	  367	  573	  452
  1810 1.214947E-04 4.403431E-04 2.088115E-04   2	 1673	 2144	    0	    0	 1046	  888
  1811 9.841444E-04 6.643008E-04 1.456034E-03   2	  670	 1668	    0	    0	 7522	 7662
  1812 4.798080E-05 8.228155E-04 4.274554E-04   3	 1651	 2078	 3962	    0	    0	  650	  594	  372
  1813 1.161822E-03 7.490606E-04 4.300608E-04   1	 1277	    0	    0	 8368
  1814 1.532925E-04 8.533486E-04 2.089712E-04   3	 4082	 4277	 4946	    0	    0	 1419	 1331	 1189
  1815 6.547008E-04 4.599630E-04 5.442068E-04   1	 1800	    0	    0	 9407
  1816 1.757636E-04 2.419008E-04 1.378541E-03   1	 1001	    0	    0	 1750
  1817 3.479886E-04 1.602146E-04 1.296666E-03   2	  685	  993	    0	    0	 2904	 2840
  1818 3.110208E-04 3.852222E-04 4.254599E-04   2	  744	 3849	    0	    0	 2552	 2690
  1819 9.688109E-04 7.979345E-04 2.520737E-04   4	   47	   67	  542	 4239	    0	    0	 7434	 7553	 7642	 7497
  1820 1.078889E-04 1.024489E-03 4.327797E-04   8	 1170	 1701	 1804	 1866	 2294	 4338	 4714	 4731	    0	    0	  831	10588	  751	  990	  949	  910	10186	  913
  1821 3.290009E-04 6.432270E-05 5.438285E-04   1	  444	    0	    0	 2830
  1822 7.553421E-04 3.715327E-05 1.024169E-03   0	    0	    0
  1823 8.955405E-04 5.990208E-04 1.087966E-03   6	  361	  464	  471	 1192	 4325	 6088	    0	    0	 6735	 6883	 6899	 6702	 6961	 9529
  1824 7.055146E-04 4.934208E-04 1.096301E-03   8	   44	  205	  462	 1099	 2828	 3062	 6114	 6147	    0	    0	 4557	 4410	 4358	 4686	 4754	 4503	 4554	10872
  1825 1.584044E-04 6.751396E-04 7.940659E-04   1	 3060	    0	    0	10698
  1826 1.212478E-03 9.119407E-05 2.121600E-04   3	 2522	 4904	 5863	    0	    0	 8496	10430	 9181
  1827 1.099351E-03 1.305792E-04 3.154853E-05   6	 1925	 2235	 2611	 3851	 4086	 5815	    0	    0	 7964	 8000	 9183	 9213	 7963	 7973
  1828 9.600000E-07 1.010876E-03 2.678400E-04   1	   -1	    1	    0	   51
  1829 1.277760E-03 8.960235E-04 4.772942E-04   1	    0	    0	    1	 9013
  1830 1.277760E-03 4.002046E-04 9.190071E-04   6	    0	  312	  752	 1063	 2343	 3026	    0	    1	 9039	 8634	 8605	 8846	10735	 8658
  1831 9.600000E-07 8.686846E-05 1.384301E-03   2	   -1	  183	    1	    0	  186	  286
  1832 1.277760E-03 2.110080E-05 3.695182E-04   3	    0	  477	 1537	    0	    1	 8993	 9136	10524
  1833 9.600000E-07 8.342454E-04 2.761111E-04   1	   -1	    1	    0	   53
  1834 9.004608E-04 6.751351E-04 3.781816E-04   0	    0	    0
  1835 2.419653E-05 4.631083E-04 1.057947E-03   1	  561	    0	    0	10818
  1836 1.015661E-03 5.587392E-04 4.319808E-04   1	  126	    0	    0	 7679
  1837 4.030080E-05 5.456634E-04 1.211501E-03   1	  863	    0	    0	  378
  1838 8.659008E-04 5.898279E-04 3.705792E-04   2	 1283	 1453	    0	    0	 9525	 6717
  1839 1.168655E-03 7.694626E-04 9.692051E-04   4	 1660	 2618	 3141	 6673	    0	    0	 8302	 8338	 8360	 8289
  1840 4.698546E-04 4.900748E-06 2.140833E-04   1	 2008	    0	    0	 3195
  1841 7.345178E-04 7.042403E-04 1.202767E-03  12	  112	  223	  246	  258	  437	  971	 1351	 2044	 2738	 3723	 5166	 5181	    0	    0	 4634	 4987	10909	 4734	 9698	 4635	 9697	 4894	 5142	 5120	 4714	 4689
  1842 8.284779E-04 6.842877E-04 8.112922E-04   2	  411	 6807	    0	    0	 6382	 5916
  1843 9.110438E-05 9.221483E-04 6.247599E-04   6	 2399	 3548	 3969	 5189	 5202	 5296	    0	    0	  644	 9981	  995	  823	  636	  772
  1844 2.793634E-04 4.396608E-04 1.033736E-03   2	 1928	 5079	    0	    0	 2626	 2674
  1845 2.446559E-04 1.274249E-03 9.142070E-05   2	  177	 2556	    0	    0	 2026	 1979
  1846 4.440550E-04 7.612800E-04 7.566454E-05   3	   54	  867	 3475	    0	    0	 3135	 9768	 3119
  1847 7.618417E-04 1.026097E-03 1.149459E-03   4	  482	 2358	 2527	 5621	    0	    0	 5167	 5332	 5280	 5195
  1848 2.699676E-04 4.798080E-05 4.697316E-04   2	 1257	 5571	    0	    0	 2426	 2556
  1849 1.858391E-04 3.987400E-04 1.278177E-04   4	   20	 2407	 3494	 4751	    0	    0	 1696	 9387	 1863	 2043
  1850 1.007044E-03 7.061603E-04 1.507181E-03   3	 1424	 1883	 2573	    0	    0	 7639	 7769	 7692
  1851 3.167855E-05 5.539199E-04 1.523324E-03   3	   -1	  200	 1145	    1	    0	  202	  251	  252
  1852 4.876608E-04 1.468797E-04 1.310400E-03   5	  845	 1565	 1787	 2246	 4447	    0	    0	 3266	 3275	 3327	 3145	 9232
  1853 1.020280E-03 5.694212E-04 1.468248E-03   3	    8	 3205	 6607	    0	    0	 7785	 7781	 7751
  1854 7.515971E-04 9.148805E-04 1.389268E-03   7	  167	  774	 1108	 1254	 1355	 5339	 5653	    0	    0	 4974	 5227	 5210	11075	 5292	10049	 5101
  1855 8.106348E-04 1.021421E-03 1.405459E-03   6	  521	  580	 1772	 5341	 5456	 6771	    0	    0	 5617	 6052	10207	 5791	 5541	10171
  1856 1.687982E-05 3.425137E-04 1.790339E-05   1	   -1	    1	    0	    1
  1857 2.219578E-04 6.978364E-04 3.452032E-04   2	 2953	 5596	    0	    0	 2049	 2017
  1858 6.489792E-04 7.435760E-04 1.196980E-03   6	  246	  290	  806	  971	 1205	 1990	    0	    0	 4008	 3769	 9770	 3880	 3988	10901
  1859 1.033771E-03 1.030049E-04 1.388709E-03   1	   36	    0	    0	 7825
  1860 6.785199E-04 2.713811E-04 3.609408E-04   3	  933	 2475	 3529	    0	    0	 4099	 9283	 4315
  1861 9.228468E-04 9.262422E-04 1.278261E-03   5	   41	  318	  511	  545	 1006	    0	    0	 7132	 6943	 7307	 6986	10969
  1862 2.984667E-04 3.110208E-04 9.768801E-04   4	 1144	 1325	 2166	 6212	    0	    0	 2479	 2637	 2704	 9319
  1863 1.159279E-03 7.879132E-04 7.994764E-04   0	    0	    0
  1864 2.399808E-04 3.888035E-04 1.313820E-03   0	    0	    0
  1865 5.751293E-04 6.236003E-04 1.099400E-03   4	   62	  401	 6100	 6152	    0	    0	 3465	 3546	 9620	10875
  1866 1.257600E-04 9.920982E-04 4.233627E-04   7	 1820	 2108	 2294	 2642	 4260	 4338	 4714	    0	    0	  990	 1319	 1069	 1195	10570	 1032	10174
  1867 1.083981E-04 7.097814E-04 1.531091E-03   1	 2550	    0	    0	 1059
  1868 8.584771E-05 8.947392E-04 4.252827E-04   6	 1076	 2096	 2336	 4057	 4607	 5759	    0	    0	  602	  844	  677	  734	  660	  675
  1869 6.305208E-04 2.342208E-04 5.250375E-04   3	  406	 1521	 1733	    0	    0	 9281	 3826	 9288
  1870 5.424004E-04 3.336212E-04 1.267869E-03   2	 2368	 4371	    0	    0	 3435	 3496
  1871 1.432197E-04 5.740800E-06 1.933915E-04   3	  184	 3329	 5879	    0	    0	 1144	 1252	 1161
  1872 6.975875E-04 6.808402E-04 1.310219E-03   4	   94	  113	 1193	 6334	    0	    0	 4177	 4232	 4150	 9637
  1873 2.926200E-04 5.157040E-04 6.866133E-05   1	 1522	    0	    0	 2587
  1874 9.146709E-04 7.056885E-04 1.106880E-03   9	  336	  409	  441	  458	  566	  642	 1098	 4124	 4986	    0	    0	 7202	 9727	 7183	 6884	 9680	 6981	 6933	 7099	 6871
  1875 6.867417E-04 2.476608E-04 3.060556E-04   3	 3020	 4544	 5630	    0	    0	10501	 4590	 4589
  1876 2.312797E-04 3.059834E-04 9.047179E-04   1	 1722	    0	    0	 2337
  1877 1.703440E-04 3.475008E-04 5.126208E-04   4	  641	 1186	 2035	 3095	    0	    0	 1347	 1739	 1681	 1546
  1878 1.843008E-04 3.974208E-04 8.072765E-04   1	 6833	    0	    0	 9367
  1879 7.401507E-04 8.981704E-04 1.224979E-03   9	  465	  507	  546	  616	 1746	 2357	 3934	 5124	 6375	    0	    0	 4853	 5218	 4895	 5246	 4919	10079	10040	 4854	 5362
  1880 4.373028E-04 4.938731E-05 8.502620E-05   1	  702	    0	    0	 3158
  1881 1.209581E-03 2.975808E-04 1.299821E-03   1	  589	    0	    0	 8532
  1882 2.271908E-04 6.390064E-05 1.531243E-03   1	  965	    0	    0	 2296
  1883 1.048773E-03 7.117830E-04 1.491821E-03   6	 1424	 1668	 1850	 2227	 2573	 3673	    0	    0	 7727	 7735	 7769	 7860	 7777	 7848
  1884 5.890460E-04 1.684264E-04 4.288729E-04   3	 1080	 1168	 5671	    0	    0	 3524	 3590	 3573
  1885 1.102620E-03 3.168000E-05 2.736060E-04   6	 1302	 1632	 2586	 3905	 5858	 5932	    0	    0	 7907	 7940	 8080	 8055	 8045	 7960
  1886 1.409419E-04 2.273819E-04 1.108687E-03   2	  991	 2007	    0	    0	 1136	 9270
  1887 1.051023E-03 3.736383E-04 4.291169E-04   1	  335	    0	    0	 9379
  1888 1.070693E-04 5.164608E-04 1.140461E-03   1	  771	    0	    0	  921
  1889 8.217792E-04 1.000301E-03 1.364076E-03   7	  284	  351	  580	  928	 1379	 1438	 4952	    0	    0	 6488	 6248	 6192	11044	 6006	 6331	 6105
  1890 6.784339E-04 5.771601E-04 9.920965E-04  11	   59	  308	  801	  883	 1490	 2266	 2995	 3272	 3897	 3899	 3959	    0	    0	 4597	 4187	 4458	 4235	 4137	 4272	 4297	10766	 4595	10786	 4014
  1891 6.777408E-04 1.160638E-03 1.274120E-03   3	  277	  691	 1739	    0	    0	 4309	 4466	10320
  1892 7.751293E-04 1.047107E-03 1.276343E-03  10	  224	  318	  369	  488	  663	  700	  901	 2767	 2989	 6284	    0	    0	 5312	 5909	 5640	 5583	 5536	 5396	 5251	 5247	 5532	 5489
  1893 3.840192E-04 9.970270E-04 4.408912E-04   2	   21	 2378	    0	    0	 2907	 2934
  1894 3.547388E-04 3.372955E-04 1.485295E-03   2	 1650	 2650	    0	    0	 2910	 2823
  1895 5.234845E-04 2.621923E-04 3.314130E-04   3	  563	 1236	 2903	    0	    0	 3347	 9287	 3309
  1896 1.071758E-03 1.173895E-03 9.446592E-04   2	 2964	 3264	    0	    0	 7840	 7898
  1897 6.515053E-04 7.769232E-04 1.308984E-03   6	   71	 1492	 2052	 2143	 2302	 4330	    0	    0	 3848	 4031	 4257	 3979	 4288	 3885
  1898 1.113053E-03 2.947155E-04 3.256954E-04   4	  480	  935	 2367	 4543	    0	    0	 8147	 8085	 8134	 8071
  1899 5.080402E-04 5.269518E-04 1.323578E-03   0	    0	    0
  1900 7.844047E-04 6.470208E-04 1.156299E-03   4	  559	  998	 2738	 5133	    0	    0	 9592	 5657	 5442	 5485
  1901 1.173793E-03 9.553994E-04 9.939367E-04   5	 1503	 1535	 1561	 2404	 4067	    0	    0	 8277	 8339	 8363	 8414	 8374
  1902 1.412582E-04 4.536950E-05 1.585877E-04   3	 2682	 3329	 4912	    0	    0	 1060	 1231	 1158
  1903 5.433408E-04 4.258500E-04 1.281755E-03   1	 1743	    0	    0	 9399
  1904 6.389924E-06 5.936810E-04 1.151380E-03   2	   -1	  342	    1	    0	  153	 9564
  1905 7.014735E-04 4.844631E-04 1.162972E-03   5	   44	  356	  720	 1419	 5669	    0	    0	 4658	 4463	 4247	 4280	 9446
  1906 4.295455E-04 1.305792E-04 9.963334E-04   7	  116	  144	  788	  943	 2420	 2880	 5071	    0	    0	 3051	 3161	 3052	 3236	 3140	 3098	 3206
  1907 2.918208E-04 4.467615E-06 3.213964E-04   2	  184	 1410	    0	    0	 2530	 2779
  1908 8.530978E-04 1.046941E-03 1.141442E-03   4	   41	  198	 3136	 5147	    0	    0	 6409	 6269	 5905	 6614
  1909 1.128565E-03 1.125101E-03 3.879493E-05   1	 1403	    0	    0	 8169
  1910 1.181724E-04 4.191906E-04 8.401859E-04   3	 5412	 5421	 5431	    0	    0	 1134	  824	 1096
  1911 2.701701E-04 1.627992E-04 5.054172E-05   2	 2817	 4817	    0	    0	 2375	 2529
  1912 9.763181E-04 1.804608E-04 1.443027E-03   3	  755	 1286	 3309	    0	    0	 7691	 7565	 7623
  1913 6.451392E-04 3.782208E-04 5.600265E-04   5	  406	  763	 1800	 2750	 3343	    0	    0	 3983	 3760	 3920	 3999	 9389
  1914 5.320797E-05 3.532608E-04 1.077662E-03   4	  898	 2090	 2537	 4998	    0	    0	  535	  520	  558	  616
  1915 2.303808E-04 5.674454E-04 8.827402E-04   6	  446	  560	 2478	 2485	 3174	 5447	    0	    0	10725	 2060	 2199	 2011	 2320	 2241
  1916 9.054151E-04 4.157920E-04 1.254719E-03   3	  373	 2411	 6380	    0	    0	 6875	 6939	 7221
  1917 7.253596E-04 6.585408E-04 4.929070E-04   1	   15	    0	    0	 4613
  1918 1.532053E-04 4.747250E-06 2.835352E-04   3	  184	 2908	 4320	    0	    0	 1591	 1277	 1404
  1919 8.597071E-04 9.100608E-04 1.079581E-03   3	  285	  368	  548	    0	    0	 6679	 6703	10034
  1920 1.245680E-03 7.731357E-04 9.629770E-04   0	    0	    0
  1921 3.103329E-04 8.474988E-04 4.708010E-04   2	  860	 3080	    0	    0	 2668	 2695
  1922 3.110208E-04 6.047786E-05 1.363008E-04   1	  549	    0	    0	 2725
  1923 1.604183E-04 4.595101E-04 1.185687E-03   3	  771	 2062	 2765	    0	    0	 1250	 9436	 1637
  1924 5.683527E-04 1.056671E-03 6.489792E-04   2	    5	 1146	    0	    0	 3456	 3410
  1925 1.052708E-03 1.478208E-04 5.814594E-05   8	  739	 1827	 2165	 2235	 2918	 3038	 5815	 5834	    0	    0	 7796	 7964	 7852	 7950	 9198	 7851	10367	 9185
  1926 6.529920E-05 5.443550E-05 1.515337E-03   2	 1309	 2068	    0	    0	  717	  656
  1927 7.683998E-04 5.577569E-04 1.049279E-03   9	   44	   76	  326	  622	 1447	 2859	 3225	 3230	 6178	    0	    0	10850	 5355	 5678	 5008	 5273	 5751	10806	 5550	 5272
  1928 2.880192E-04 4.684608E-04 1.002282E-03   7	  966	 1844	 2285	 2318	 3795	 3842	 6210	    0	    0	 2512	 2626	 2538	 2513	 9449	 2661	 9417
  1929 8.172929E-04 1.588205E-04 7.092560E-04   5	  377	 2301	 5249	 5677	 6732	    0	    0	 5764	 5915	10689	 5746	 5874
  1930 5.039957E-04 2.892944E-04 6.631787E-04   1	 5198	    0	    0	 3294
  1931 1.276626E-03 1.559726E-04 9.292946E-05   3	    0	 1119	 1217	    0	    1	 8938	 9206	 8815
  1932 9.600000E-07 1.077101E-03 2.066852E-04   2	   -1	  645	    1	    0	   36	  312
  1933 9.600000E-07 9.433381E-04 1.568950E-04   2	   -1	 1523	    1	    0	   23	  219
  1934 9.600000E-07 7.942555E-04 5.789607E-04   1	   -1	    1	    0	  123
  1935 1.277760E-03 1.061212E-03 1.497408E-04   2	    0	   16	    0	    1	 8946	 8878
  1936 9.600000E-07 7.968262E-05 8.201470E-05   3	   -1	 2548	 3467	    1	    0	   13	 9155	  239
  1937 9.600000E-07 4.923960E-04 4.903713E-06   1	   -1	    1	    0	    2
  1938 1.277760E-03 8.236608E-04 1.333785E-03   3	    0	 2876	 4355	    0	    1	 9090	 9863	11047
  1939 7.660992E-04 7.834492E-04 1.345939E-03   9	  228	  449	  765	 1037	 1124	 1626	 2832	 4436	 6283	    0	    0	 6161	 9760	 5399	 5368	 5290	 5208	 5314	 5841	 5225
  1940 1.150080E-05 1.747908E-04 7.873920E-05   3	   -1	  833	 1950	    1	    0	   14	  287	  443
  1941 1.172432E-03 2.399864E-05 2.994958E-04   3	 1952	 3400	 4344	    0	    0	 8223	 9146	 8249
  1942 7.089414E-04 7.795392E-04 1.351699E-03   7	  120	 1089	 1124	 2052	 2143	 2533	 5660	    0	    0	 4289	 4395	11053	 4394	 4205	 4538	 4452
  1943 7.660992E-04 7.678080E-05 8.889408E-04   0	    0	    0
  1944 1.206843E-03 4.524028E-06 2.112192E-04   3	  358	 2624	 2723	    0	    0	 8513	 8521	 9139
  1945 7.104192E-04 8.940903E-04 2.726208E-04   1	    2	    0	    0	 4548
  1946 8.524992E-04 6.691402E-04 5.200312E-04   2	   11	   13	    0	    0	 6495	 6230
  1947 1.234579E-03 5.510592E-04 1.286592E-04   2	   29	 2850	    0	    0	 8472	 8572
  1948 7.657791E-04 1.001952E-03 1.417001E-03   6	  489	 1016	 2058	 2159	 2174	 4224	    0	    0	 5518	 5402	 4975	 5349	 5181	10152
  1949 1.524544E-04 5.663637E-04 4.313507E-06   3	  344	  826	 1315	    0	    0	 1558	 1695	 1463
  1950 1.345920E-05 2.076507E-04 9.982080E-05   5	   -1	  660	 1940	 3584	 4810	    1	    0	   12	  240	  443	  357	  347
  1951 7.248265E-04 9.676608E-04 1.229112E-03   6	  369	  616	  917	 1147	 1746	 2508	    0	    0	 4780	10114	 4605	 4969	10091	 5039
  1952 1.135803E-03 8.351148E-05 3.432101E-04   5	  127	 1177	 1652	 1941	 3765	    0	    0	 8048	 8159	 8121	 8223	 8167
  1953 7.190371E-04 6.646104E-04 1.295188E-03   6	  107	 1163	 1639	 4160	 6297	 6307	    0	    0	 4900	 4942	 4898	 4609	 4857	 5041
  1954 5.721408E-04 1.555008E-04 1.951356E-04   2	  953	 1347	    0	    0	 3549	 3474
  1955 2.515392E-04 7.872192E-04 5.062559E-04   8	 1160	 1256	 2081	 3277	 4602	 4605	 6580	 6585	    0	    0	 2382	 2332	 2300	10622	 2534	 9845	 9767	 2263
  1956 1.110695E-03 9.246140E-05 1.774762E-04   6	 1550	 2362	 4137	 4203	 4902	 5606	    0	    0	 9164	 8114	 9195	 8025	 8026	 8052
  1957 8.275392E-04 1.010685E-04 9.913630E-04   1	 2620	    0	    0	10792
  1958 4.969019E-04 6.868784E-04 8.348925E-04   0	    0	    0
  1959 4.462506E-04 5.714573E-04 1.347861E-03   1	 1790	    0	    0	 3066
  1960 1.236012E-03 6.819765E-04 3.952148E-04   1	  932	    0	    0	 8582
  1961 9.385069E-04 8.006208E-04 1.198369E-03   8	  242	  640	  786	 1374	 3198	 3441	 5121	 6372	    0	    0	 7101	 7415	 7412	 9840	 7128	 9823	10935	 7102
  1962 7.518162E-05 1.925257E-04 4.636861E-04   4	  895	 2518	 2632	 3445	    0	    0	  581	  624	  679	10612
  1963 3.431547E-04 3.014208E-04 9.537088E-04   2	 2000	 2166	    0	    0	 2839	 9300
  1964 2.309246E-04 4.022321E-04 9.325962E-04   7	  434	  803	  974	 1002	 1083	 2200	 5396	    0	    0	 2429	 2226	 2356	 2201	 2339	 2125	 2369
  1965 1.126743E-03 5.824557E-04 3.168192E-04   1	 2526	    0	    0	 9493
  1966 7.435070E-04 3.894568E-04 9.894218E-06   0	    0	    0
  1967 1.052462E-03 6.179579E-04 1.349779E-03   3	 1226	 3182	 4375	    0	    0	 9550	11031	 7831
  1968 1.270278E-03 6.993551E-04 8.352192E-04   1	    0	    0	    1	 9034
  1969 1.368378E-04 1.175021E-03 2.326235E-04   3	  345	 2862	 4926	    0	    0	 1082	 1028	 1083
  1970 2.175589E-05 1.171008E-04 4.827643E-04   0	    0	    0
  1971 7.104192E-04 9.775741E-04 1.344303E-03   5	  296	 2721	 3097	 3386	 4391	    0	    0	 4568	 4539	 4790	 4815	 4762
  1972 2.995392E-04 3.463015E-04 4.288407E-06   1	 5788	    0	    0	 2628
  1973 1.182739E-03 6.204648E-04 8.471800E-04   4	 1425	 4035	 5408	 5634	    0	    0	 8312	10707	 8390	 9556
  1974 2.781165E-04 1.963169E-04 5.380608E-04   4	 1049	 2032	 3073	 5577	    0	    0	 2742	 2583	 2491	 2676
  1975 9.878456E-04 5.403508E-04 1.399218E-03   1	 2015	    0	    0	 7630
  1976 1.150369E-03 1.127508E-03 1.022175E-04   1	 2913	    0	    0	10379
  1977 4.142601E-04 3.743808E-04 3.924910E-05   7	  557	  894	 1440	 2020	 2156	 3473	 4796	    0	    0	 3006	 3028	 2981	 3031	 2963	 9347	10368
  1978 1.102061E-03 7.233095E-04 1.498448E-03   1	 4784	    0	    0	 8033
  1979 8.825086E-04 1.032663E-03 4.723392E-04   3	    2	    6	  608	    0	    0	 6670	 6799	 6693
  1980 2.222583E-04 6.337920E-05 1.909156E-04   4	   12	  184	  241	  530	    0	    0	 2110	 1980	 1883	 1912
  1981 5.430687E-04 3.945549E-04 2.995008E-04   2	 1274	 3695	    0	    0	 3402	 3355
  1982 8.121408E-04 8.387478E-04 1.060621E-03   9	  285	  526	  830	 1455	 4135	 5059	 5063	 6241	 6270	    0	    0	 9880	 5803	 5879	 6178	10812	 6206	 5832	10855	 5996
  1983 5.134537E-04 4.537214E-06 8.458904E-04   1	 6775	    0	    0	 3283
  1984 6.038329E-04 3.772748E-04 4.776110E-04   3	  763	 1032	 1123	    0	    0	 3627	 3581	 3580
  1985 6.079509E-04 4.543162E-06 1.697779E-04   1	 2784	    0	    0	10407
  1986 1.486736E-04 1.598294E-04 8.498665E-06   0	    0	    0
  1987 1.891200E-04 7.334208E-04 1.660847E-04   6	 3822	 4757	 4771	 4899	 4920	 5886	    0	    0	10431	 1187	 1782	 1508	10439	 1935
  1988 6.473417E-04 9.340752E-04 1.252792E-03   6	  390	  465	  611	 3160	 5111	 6385	    0	    0	 3805	 3990	 3962	10978	 3989	10046
  1989 1.210065E-03 7.369788E-04 4.780608E-04   2	 1277	 2387	    0	    0	 8488	 8489
  1990 6.463375E-04 7.842007E-04 1.149122E-03   4	  246	 1768	 1858	 3755	    0	    0	 3909	 3754	10901	 3860
  1991 7.569457E-04 9.462647E-04 1.510074E-03   1	  489	    0	    0	 5449
  1992 7.689673E-04 4.622069E-04 1.145767E-03   9	  205	  274	  333	  356	  524	 1099	 1703	 2014	 5180	    0	    0	 5166	10887	 5143	 5084	 5579	 5388	 9422	 5117	 5334
  1993 8.486592E-04 9.050239E-04 1.270080E-03   6	  216	  545	  779	  787	 3419	 6308	    0	    0	 6575	 6597	 6073	10024	 6221	 6328
  1994 1.609809E-04 4.406401E-04 9.454818E-04   7	 1340	 3410	 5376	 5379	 6678	 6685	 6710	    0	    0	 1636	 9432	10758	10754	 1412	 1325	 1214
  1995 1.264471E-03 1.052875E-03 1.122680E-03   2	    0	 1375	    0	    1	 9066	 8847
  1996 1.248839E-03 7.919947E-04 4.687832E-04   3	    0	  275	  594	    0	    1	 9012	 8675	 8822
  1997 1.188461E-03 3.910087E-05 3.996635E-04   6	  689	 1570	 1616	 2010	 2524	 5601	    0	    0	 8514	 8554	 8454	 8442	 8455	 8382
  1998 6.974311E-04 5.366378E-04 5.212779E-04   1	 1322	    0	    0	 4101
  1999 1.528378E-04 6.863946E-04 1.116468E-03   2	 2804	 4987	    0	    0	 9666	 1326
  2000 3.350425E-04 3.429845E-04 9.645314E-04   5	  434	 1963	 2166	 5370	 6202	    0	    0	 2755	 2839	 2799	 2800	10772
  2001 1.698027E-04 4.319808E-04 3.145792E-04   5	 1161	 2184	 3046	 3282	 4552	    0	    0	 1515	10518	 1568	 1565	 1466
  2002 3.427199E-04 2.995392E-04 8.386715E-04   2	 1592	 1622	    0	    0	 2832	 2776
  2003 5.136077E-04 8.703918E-04 9.604716E-04   1	    4	    0	    0	 3284
  2004 9.257430E-04 1.481324E-04 1.412160E-03   3	 1358	 2186	 4156	    0	    0	11079	 7506	 7351
  2005 7.727328E-05 6.915738E-04 5.651800E-04   1	 2994	    0	    0	  495
  2006 7.384940E-04 9.699016E-04 1.135023E-03   7	  263	  482	  546	  990	 1536	 6148	 6162	    0	    0	 5165	10141	10083	10144	 4830	10101	10082
  2007 1.579111E-04 2.486418E-04 1.135939E-03   2	 1886	 2223	    0	    0	 9270	 1435
  2008 4.654665E-04 1.082379E-05 1.734928E-04   1	 1840	    0	    0	 3195
  2009 2.611961E-05 5.718600E-04 1.738857E-04   0	    0	    0
  2010 1.199304E-03 4.317909E-06 3.983910E-04   2	  689	 1997	    0	    0	 8501	 8442
  2011 9.864104E-04 1.451510E-04 1.699164E-04   4	  125	 1342	 2118	 2356	    0	    0	 9184	 7665	 9186	 7609
  2012 2.039914E-04 1.195085E-03 3.219283E-04   8	   85	  179	 1365	 1396	 3412	 3430	 6009	 6011	    0	    0	 1490	 1703	 1756	10334	 1891	 1810	 1539	 1866
  2013 9.667161E-04 2.262623E-04 1.507889E-03   2	  665	 1199	    0	    0	 9271	11095
  2014 7.422729E-04 4.617539E-04 1.128979E-03   4	  205	 1099	 1992	 6147	    0	    0	 4806	 4913	 5117	 4688
  2015 1.007483E-03 5.288238E-04 1.398060E-03   3	    8	 1975	 2307	    0	    0	 7759	 7630	11066
  2016 1.264440E-03 6.529920E-05 3.196744E-04   3	    0	  477	 5574	    0	    1	 8987	 8857	 9144
  2017 1.107821E-03 8.035240E-04 7.145396E-04   5	  880	 2287	 3865	 5247	 6727	    0	    0	10690	 7919	 8005	 8123	 8004
  2018 9.489523E-04 3.944441E-04 1.295528E-03   3	   37	 1399	 4414	    0	    0	 7373	 7282	 7396
  2019 9.820808E-04 5.644608E-04 1.325102E-03   2	 1131	 1382	    0	    0	 7471	 7469
  2020 4.137692E-04 3.640911E-04 4.798030E-06   2	 1977	 5526	    0	    0	 3031	 9350
  2021 2.784401E-05 8.825682E-04 4.953408E-04   1	 4662	    0	    0	  492
  2022 8.769642E-04 9.477894E-04 1.401898E-03   4	  351	 1102	 3145	 5190	    0	    0	 6537	 6816	 6912	 6877
  2023 8.918434E-04 5.332896E-04 3.445194E-04   2	  955	 1283	    0	    0	 6824	 6780
  2024 7.676259E-04 6.239808E-04 4.964344E-04   1	 3423	    0	    0	 9601
  2025 1.189295E-03 7.553948E-04 8.592000E-04   0	    0	    0
  2026 2.797858E-04 6.290511E-04 1.516168E-03   0	    0	    0
  2027 7.593694E-04 8.209469E-04 1.189446E-03   3	  223	 1171	 5092	    0	    0	 5337	 9819	 5121
  2028 1.201455E-03 8.951641E-04 9.189809E-04   1	 1221	    0	    0	 8502
  2029 1.256635E-03 2.035392E-04 3.464422E-04   4	    0	 3608	 4121	 5732	    0	    1	 8991	 8782	 8820	 8707
  2030 2.361408E-04 3.287857E-04 5.513418E-04   4	 1104	 1186	 1290	 1791	    0	    0	 2383	 2076	 2334	 2293
  2031 3.305374E-04 1.009450E-03 6.615798E-04   5	 1219	 3240	 5193	 5244	 6770	    0	    0	 2687	 2909	 2718	 2702	 2745
  2032 2.696131E-04 1.624986E-04 5.518866E-04   2	 1974	 4369	    0	    0	 2583	 2219
  2033 2.022959E-04 1.051629E-03 3.429728E-04   8	   85	  568	 2503	 3470	 4190	 4291	 5658	 5720	    0	    0	 1360	 1788	10216	 2046	 1942	 2070	 1811	 2212
  2034 3.181932E-04 1.135874E-03 3.417792E-04   5	   22	  360	  388	 2039	 4571	    0	    0	 2752	 2751	 2727	 2758	 2782
  2035 1.963151E-04 3.859008E-04 5.001577E-04   4	 1507	 1791	 1877	 3095	    0	    0	 2022	 1948	 1681	 1682
  2036 7.478432E-04 3.019057E-04 9.103802E-04   1	 2214	    0	    0	 5051
  2037 7.252942E-04 2.155103E-04 3.543650E-04   3	 1506	 3651	 3750	    0	    0	 4674	 4818	 5105
  2038 9.935932E-04 4.174617E-04 1.283512E-03   1	   37	    0	    0	 7688
  2039 3.255873E-04 1.097021E-03 3.513408E-04   3	   22	 2034	 4571	    0	    0	 2767	 2758	 2772
  2040 9.744039E-04 3.484825E-04 1.344699E-03   3	   32	   37	 2113	    0	    0	 7629	 9354	 9330
  2041 6.920370E-04 1.075181E-03 1.360321E-03   3	  288	  424	 4416	    0	    0	 4438	10286	 4206
  2042 9.244765E-04 2.614231E-04 1.283262E-03   0	    0	    0
  2043 7.918508E-04 7.007808E-04 8.611200E-04   3	  194	  266	 1496	    0	    0	 5477	10721	 9721
  2044 7.260649E-04 6.460729E-04 1.159974E-03   8	  258	  559	 1841	 2738	 3261	 3723	 5170	 5181	    0	    0	 4831	 5059	 4894	 5058	10905	10907	 5284	 4757
  2045 2.166610E-04 2.454561E-04 1.160151E-03   0	    0	    0
  2046 9.471174E-05 1.372802E-04 3.935808E-04   4	  741	  825	 2889	 5850	    0	    0	  858	  816	  876	  933
  2047 1.705120E-04 8.745634E-04 3.295446E-04   0	    0	    0
  2048 4.944069E-04 2.277841E-04 9.398400E-04   0	    0	    0
  2049 4.651674E-04 3.481518E-04 1.252536E-03   2	  878	 4455	    0	    0	 3176	 3210
  2050 5.961600E-04 6.307167E-04 1.154880E-03   4	   44	   62	  324	 5093	    0	    0	 3634	 9635	 3632	 3625
  2051 6.766836E-04 1.009901E-03 1.155310E-03   8	  121	  448	  463	  494	 3168	 3413	 4372	 5167	    0	    0	 3986	 4170	 4359	 4093	10895	 4245	 4330	 4302
  2052 7.017576E-04 7.500145E-04 1.319743E-03  11	   94	  112	 1193	 1897	 1942	 2486	 2533	 2832	 3982	 4019	 6312	    0	    0	 9738	 4310	 4176	 4257	 4394	 4470	 4537	 4789	11006	 4175	 9766
  2053 1.883096E-05 2.447902E-04 1.459008E-04   3	   -1	  660	 5498	    1	    0	   25	  218	  322
  2054 9.074510E-04 1.015982E-03 1.306814E-03   8	   41	  284	  625	 2432	 2593	 2840	 3247	 4397	    0	    0	10203	11035	 6967	10176	 7066	 7107	 6711	 6921
  2055 1.062715E-03 9.568523E-04 1.439808E-04   0	    0	    0
  2056 7.670374E-04 9.662258E-04 1.306809E-03   4	  488	  616	  907	 1579	    0	    0	 5471	 5221	 5472	 5366
  2057 6.799858E-04 7.598481E-04 9.262841E-04   4	   90	  194	  252	 6690	    0	    0	 4036	 4424	 9750	 4349
  2058 7.368143E-04 1.014273E-03 1.400783E-03   5	  167	  288	 1948	 6425	 6675	    0	    0	 4672	 4644	 4975	10201	10200
  2059 8.409408E-04 9.860392E-04 1.464656E-03   8	  138	  276	  363	  489	  580	 2269	 2770	 4169	    0	    0	 6317	 6489	 6109	 6056	 6417	 6078	 6335	10192
  2060 1.734973E-04 7.881556E-04 1.449680E-04   4	 3705	 4756	 5988	 6084	    0	    0	 1437	 1536	 1639	 1402
  2061 1.647509E-04 3.148992E-04 1.168314E-03   2	 2223	 2498	    0	    0	 1485	 1304
  2062 1.508569E-04 5.135912E-04 1.168448E-03   1	 1923	    0	    0	 9436
  2063 2.614206E-04 8.364149E-04 2.851153E-04   2	 3047	 3984	    0	    0	 2436	10471
  2064 9.897716E-06 7.958446E-04 2.428858E-04   1	   -1	    1	    0	   47
  2065 2.227008E-04 2.888433E-04 1.314673E-03   0	    0	    0
  2066 9.856472E-04 1.116745E-03 4.365416E-04   2	    2	  295	    0	    0	 7628	 7646
  2067 2.718277E-04 1.963090E-04 5.922752E-05   2	  226	 2910	    0	    0	 2540	 2341
  2068 6.214077E-05 5.280716E-05 1.487040E-03   2	 1309	 1926	    0	    0	  668	  656
  2069 6.863974E-04 1.143619E-03 8.169533E-04   1	    5	    0	    0	 4154
  2070 2.207808E-05 2.548306E-04 4.348871E-04   1	  638	    0	    0	  359
  2071 3.599932E-04 1.087186E-03 5.946701E-04   4	   22	  997	 1700	 5332	    0	    0	10303	 2872	10275	10261
  2072 1.644118E-04 1.045176E-03 2.825399E-04   5	  110	  218	  568	 2584	 4297	    0	    0	 1620	 1312	 1468	 1166	10498
  2073 6.539071E-04 1.794116E-04 1.048301E-03   0	    0	    0
  2074 1.872012E-04 4.946581E-04 8.172870E-04   0	    0	    0
  2075 1.153901E-03 9.494400E-04 7.860884E-04   0	    0	    0
  2076 8.143807E-04 1.110570E-04 2.332796E-04   3	  374	 2381	 2423	    0	    0	 6199	 5495	 5670
  2077 8.796630E-04 3.689324E-04 1.259539E-03   0	    0	    0
  2078 6.796202E-05 8.402503E-04 4.428201E-04   4	 1076	 1812	 3818	 6563	    0	    0	  676	  594	  651	  731
  2079 4.020867E-04 1.631808E-04 3.426855E-05   3	 2528	 3465	 4809	    0	    0	 2982	 2957	 9205
  2080 1.228105E-03 7.284415E-04 1.065070E-03   2	 2295	 4999	    0	    0	 9726	 8584
  2081 2.323392E-04 8.551003E-04 5.233220E-04   6	 1955	 2504	 2683	 3171	 6419	 6508	    0	    0	 2300	 2024	 1903	 1992	 1873	 2025
  2082 2.524834E-04 3.900581E-04 9.933487E-04   6	 1555	 2891	 2960	 5396	 6174	 6681	    0	    0	 2455	 9397	 2404	 2304	 2285	 2230
  2083 1.351026E-04 1.022389E-03 2.311065E-04   4	  110	  923	 2330	 3811	    0	    0	 1335	 1065	 1047	 1355
  2084 1.247048E-03 6.688574E-04 1.484464E-03   3	 1456	 2863	 2990	    0	    0	 8789	 8756	11090
  2085 1.187784E-03 2.707008E-04 1.261145E-03   1	  875	    0	    0	 9286
  2086 7.435009E-04 3.443793E-04 4.451361E-04   4	 1373	 3256	 4231	 4669	    0	    0	 4864	 5004	 4905	 9342
  2087 3.809992E-04 8.025408E-04 7.968189E-05   1	  314	    0	    0	 2905
  2088 2.433692E-04 2.372394E-04 9.974382E-04   0	    0	    0
  2089 8.438337E-04 8.169612E-04 1.316011E-03   5	  216	  443	 1445	 1792	 6286	    0	    0	 6396	 6245	 6144	 6189	 9855
  2090 2.965295E-05 3.753620E-04 1.055698E-03   2	  561	 1914	    0	    0	  267	  520
  2091 7.477228E-04 5.433408E-04 1.261421E-03   7	  264	  397	  927	  985	 1216	 2492	 5108	    0	    0	 4991	 5219	 9484	 4834	 9476	 9490	 4968
  2092 2.102351E-04 4.274061E-04 1.350577E-03   1	 2847	    0	    0	 9398
  2093 1.682546E-04 1.045186E-03 5.747890E-04   9	   58	  590	 1413	 1641	 1750	 3234	 3772	 4386	 6521	    0	    0	 1301	10238	 1227	 1799	 1662	 1245	 1477	 1607	 1431
  2094 7.992513E-04 6.459561E-04 1.014716E-03  10	   76	  427	  547	  939	  986	 1107	 1431	 2100	 2347	 6176	    0	    0	10796	 9619	 5675	 5920	 5528	 9640	 9608	 5995	 9632	 5851
  2095 1.209901E-03 9.057048E-04 1.027181E-03   6	 1584	 3285	 4067	 4143	 5080	 6171	    0	    0	 8466	 8464	 8392	 8523	 8383	 8447
  2096 1.122083E-04 8.608651E-04 4.288662E-04   9	 1076	 1369	 1868	 2336	 3271	 4117	 4680	 4705	 6563	    0	    0	  767	 1002	  844	  794	 1012	 1033	 9866	 1086	  793
  2097 9.971824E-04 9.915666E-04 4.289947E-04   3	   19	  156	 4698	    0	    0	 7581	 7647	 7635
  2098 8.017510E-04 4.336166E-04 4.284630E-04   3	  649	  777	 3344	    0	    0	 6039	 5593	 5822
  2099 1.135420E-03 7.051349E-05 2.659191E-04   2	 4845	 5933	    0	    0	 8171	 8096
  2100 8.419208E-04 6.309708E-04 1.029824E-03   6	   88	  427	 1426	 2094	 3158	 4954	    0	    0	 9634	 6114	10824	 5995	 6234	 9588
  2101 2.851170E-04 3.535782E-04 8.032641E-04   4	 3998	 4155	 4193	 5422	    0	    0	 2546	 2547	 9336	10695
  2102 8.531169E-05 1.081517E-04 2.715296E-04   3	  302	  325	 4828	    0	    0	  841	  635	  642
  2103 3.136528E-04 1.071060E-03 5.929775E-04   4	 1000	 1700	 2615	 5332	    0	    0	10239	10267	 2793	 2836
  2104 9.894848E-04 1.255063E-04 1.491150E-03   2	 1751	 4113	    0	    0	 7606	 7524
  2105 1.565956E-04 4.195169E-04 2.553408E-04   4	  249	 1524	 2328	 4300	    0	    0	 1336	 1334	 1216	10472
  2106 9.607008E-04 3.216088E-04 4.332183E-04   2	 1178	 2299	    0	    0	 7406	 7435
  2107 2.557252E-04 1.101429E-04 2.812769E-04   2	   12	  241	    0	    0	 2327	 2345
  2108 1.694828E-04 9.772608E-04 4.336209E-04   8	  189	 1398	 1690	 1866	 2264	 2642	 4715	 4719	    0	    0	 1572	10596	 1524	 1319	 1826	 1225	 1571	 1678
  2109 9.343321E-04 6.344383E-04 4.336266E-04   1	  334	    0	    0	 7305
  2110 3.316237E-05 5.404830E-04 7.898248E-04   2	  862	 5232	    0	    0	 9504	 9503
  2111 8.668830E-04 1.100457E-03 1.385526E-03   6	  588	  652	 3044	 3970	 4951	 6669	    0	    0	 6558	 6665	 6642	 6249	 6713	 6619
  2112 5.638694E-05 6.134331E-04 8.111934E-04   1	  862	    0	    0	 9548
  2113 9.897616E-04 3.261000E-04 1.340632E-03   1	 2040	    0	    0	 9330
  2114 7.689587E-04 7.132741E-04 1.032979E-03   8	   88	  473	  536	 1166	 1303	 3002	 5054	 5060	    0	    0	 9703	 5354	 5325	 4891	 5108	 5598	 5384	 5599
  2115 7.036885E-04 6.969408E-04 4.315259E-04   1	 3951	    0	    0	 4649
  2116 5.830935E-05 5.116929E-04 1.099184E-03   2	  593	 1017	    0	    0	  566	 9469
  2117 2.144179E-04 1.193538E-03 2.035008E-04   3	  653	 1797	 3932	    0	    0	 1955	 2129	 2065
  2118 1.009624E-03 1.123205E-04 2.044857E-04   8	 1342	 2011	 2356	 2833	 5681	 5874	 6040	 6047	    0	    0	 7741	 9186	 7740	10436	 7712	 7792	 7802	 9216
  2119 9.852629E-04 1.162562E-03 1.101114E-03   1	  555	    0	    0	 7516
  2120 2.987798E-05 4.905588E-04 1.346552E-03   4	   -1	  467	 1091	 3192	    1	    0	  180	 9428	  483	 9462
  2121 5.271541E-04 3.393646E-04 9.727399E-04   0	    0	    0
  2122 9.992248E-04 9.590329E-04 9.727978E-04   4	  838	 2906	 4349	 6692	    0	    0	 7726	 7601	 7559	 7719
  2123 8.630394E-04 3.739343E-04 2.008921E-04   0	    0	    0
  2124 2.563208E-04 2.578071E-04 9.782374E-04   1	 6213	    0	    0	 9285
  2125 6.067210E-05 9.120094E-05 5.620641E-05   3	  552	 1134	 4825	    0	    0	  523	  718	  537
  2126 5.846334E-04 5.269273E-04 1.097535E-03   7	  119	  132	  180	  270	  324	 1176	 4997	    0	    0	 9478	 3528	 3428	 3535	 3661	 3494	 3553
  2127 6.250791E-04 1.295887E-04 3.064875E-04   0	    0	    0
  2128 9.480081E-04 1.216437E-03 8.316520E-04   0	    0	    0
  2129 1.077101E-03 2.448060E-04 1.934527E-04   1	  459	    0	    0	 9274
  2130 4.044230E-04 1.221827E-04 1.939008E-04   6	   12	  964	 1137	 1405	 4900	 5623	    0	    0	 2927	 2977	 3047	 3008	 2941	 2926
  2131 5.225420E-04 1.043806E-05 1.936148E-04   2	 1097	 1344	    0	    0	 3353	 3315
  2132 1.275534E-04 2.059194E-04 1.531001E-03   3	  682	 2270	 2470	    0	    0	 1007	11097	 1140
  2133 8.497283E-04 3.088186E-04 1.309911E-03   1	  466	    0	    0	 6514
  2134 1.230420E-03 5.887402E-04 1.373648E-03   3	 1073	 1554	 1610	    0	    0	 8677	 8587	 8698
  2135 6.597803E-04 7.402815E-04 1.113310E-03   3	  246	  401	 3814	    0	    0	 3926	 4042	 4056
  2136 2.774409E-04 6.240234E-05 8.523947E-05   2	  549	  936	    0	    0	 2642	 2563
  2137 7.595615E-04 9.795030E-04 1.113581E-03   4	  263	  482	 3887	 4978	    0	    0	 5328	10155	 5461	 5459
  2138 2.328468E-04 4.876992E-04 8.345885E-04   7	  446	 1002	 1577	 1636	 1663	 2478	 3078	    0	    0	 2036	 2254	 2106	 2177	 2373	 2355	 2336
  2139 2.350770E-05 1.257539E-04 1.531274E-03   0	    0	    0
  2140 9.443428E-04 3.792017E-04 1.396304E-03   4	  514	 1044	 3415	 6263	    0	    0	 7241	 7225	11071	 7420
  2141 7.756608E-04 7.358276E-04 1.256524E-03   4	  112	  223	  228	 3886	    0	    0	 5286	 5245	 5582	 5609
  2142 2.808750E-05 4.638039E-04 1.448646E-03   3	   -1	  200	  467	    1	    0	  192	  217	  297
  2143 6.670754E-04 7.960967E-04 1.336339E-03   5	   71	  120	 1089	 1897	 1942	    0	    0	11020	 3964	 4259	 3979	 4205
  2144 8.902402E-05 4.311666E-04 2.191823E-04   1	 1810	    0	    0	  888
  2145 2.719509E-04 8.186144E-05 5.273076E-04   1	 2450	    0	    0	 2352
  2146 1.217795E-03 5.363814E-04 1.319021E-03   2	 1073	 1318	    0	    0	 8638	 8504
  2147 3.782208E-04 5.057205E-04 4.100410E-04   1	 1214	    0	    0	 2896
  2148 1.408673E-04 6.211277E-04 4.466605E-04   3	 3855	 4617	 6613	    0	    0	 1258	 1223	10597
  2149 3.167477E-05 1.167497E-04 1.485120E-03   0	    0	    0
  2150 4.115642E-05 4.070208E-04 2.941317E-04   1	 3231	    0	    0	  490
  2151 7.676960E-04 8.437242E-04 1.266499E-03   5	  112	  507	  708	  765	 5678	    0	    0	 5089	 5487	 9893	 5490	 5584
  2152 9.480128E-04 2.063934E-04 1.319021E-03   1	   36	    0	    0	 7520
  2153 1.072198E-03 7.518238E-05 2.140912E-04   1	 3126	    0	    0	 7891
  2154 6.958572E-05 2.986797E-04 4.519093E-04   5	  638	  641	 1394	 3692	 6529	    0	    0	  475	  725	  578	  708	  564
  2155 6.983839E-06 1.121807E-03 2.139314E-04   3	   -1	  222	  439	    1	    0	   37	  323	  272
  2156 3.466916E-04 3.543543E-04 5.620536E-05   5	  557	 1295	 1440	 1977	 3340	    0	    0	 2991	 2856	 2878	 2963	10364
  2157 9.681853E-05 6.174276E-05 3.000555E-04   1	  302	    0	    0	  890
  2158 6.687933E-04 4.956663E-04 1.395540E-03   1	 5445	    0	    0	 4262
  2159 7.766241E-04 1.022991E-03 1.434221E-03   2	 1948	 5456	    0	    0	 5349	11073
  2160 7.952373E-04 9.509221E-04 1.416490E-03   3	  580	 1016	 1355	    0	    0	 5716	11070	 5761
  2161 3.830397E-04 8.144129E-06 3.021405E-04   3	  904	 1410	 5581	    0	    0	 3002	 2906	 2912
  2162 2.450562E-04 1.076038E-03 3.002271E-04   8	  110	  360	  636	 1284	 3813	 4291	 4558	 6044	    0	    0	 1939	 2446	 2183	10247	 2084	 2164	 2068	 2260
  2163 1.599817E-04 5.500879E-04 7.586978E-04   0	    0	    0
  2164 5.251270E-04 2.925408E-04 2.191777E-04   1	  792	    0	    0	 3314
  2165 1.058897E-03 1.797767E-04 7.347906E-05   4	  739	 1925	 2794	 3263	    0	    0	 7818	 7852	 7934	 7916
  2166 3.196748E-04 3.001536E-04 9.841195E-04   6	 1325	 1862	 1963	 2000	 3087	 5370	    0	    0	 2714	 2704	 9300	 2799	 2677	 2777
  2167 1.833607E-04 1.141183E-03 2.157430E-04   7	  140	  218	  653	 1784	 1797	 3885	 4929	    0	    0	 1956	 1510	 1936	 1642	 1957	10313	 1511
  2168 4.152490E-04 1.888650E-04 4.001866E-05   1	 2528	    0	    0	 2945
  2169 8.821211E-04 6.345600E-04 1.236008E-03   9	  316	  343	  516	  656	  717	  831	  999	 1380	 3493	    0	    0	 6830	 6940	 9576	 6850	 6509	 6635	 6573	 6378	 6905
  2170 1.264468E-03 6.021171E-04 1.423680E-03   2	    0	 2863	    0	    1	 9107	 8788
  2171 2.671725E-04 5.138054E-04 1.353970E-03   2	 1065	 1572	    0	    0	 2433	 9444
  2172 1.116665E-04 8.456326E-04 1.004737E-04   1	 3578	    0	    0	 9908
  2173 8.723118E-04 2.733455E-04 6.151065E-04   2	 2199	 5295	    0	    0	 6782	 6800
  2174 7.440060E-04 1.007039E-03 1.469498E-03  10	  160	  167	  363	  489	  582	 1164	 1948	 4012	 4139	 6425	    0	    0	 5066	 4944	 5590	 5293	 5519	 5001	 5181	 4840	 5374	 5000
  2175 8.656160E-04 5.750435E-04 1.531719E-03   0	    0	    0
  2176 8.121792E-04 8.570755E-04 1.210999E-03   4	  223	  507	 3717	 6397	    0	    0	 5783	 5661	 9944	 9937
  2177 9.961902E-04 1.239854E-03 1.235664E-03   0	    0	    0
  2178 6.865366E-04 4.386397E-05 8.822466E-04   1	 5451	    0	    0	 9133
  2179 1.353644E-04 8.233760E-04 5.083362E-04   2	 5588	 6565	    0	    0	 1211	 1177
  2180 1.187658E-03 3.307718E-04 1.239613E-03   1	 2425	    0	    0	 9329
  2181 5.406016E-04 3.191972E-04 3.801792E-04   3	 1025	 1123	 1528	    0	    0	 9309	 3416	 9345
  2182 1.131729E-03 7.711484E-04 3.586727E-04   3	  840	 1069	 1070	    0	    0	 8126	 8116	 8150
  2183 5.932608E-04 1.493888E-04 3.639525E-04   1	 2222	    0	    0	 9207
  2184 1.811749E-04 4.362142E-04 3.560155E-04   3	 2001	 3046	 3667	    0	    0	10518	 9400	 1791
  2185 2.231857E-04 6.924251E-04 8.808096E-04   4	  323	  534	  560	 1022	    0	    0	 2079	 2224	 2124	 2138
  2186 9.880968E-04 1.123151E-04 1.430105E-03   2	 1629	 2004	    0	    0	 7590	 7506
  2187 3.743808E-04 1.082407E-03 6.249581E-04   5	   21	  997	 1000	 1747	 2677	    0	    0	 2960	 2948	 2843	 2914	 2918
  2188 1.145021E-03 6.102581E-04 1.335681E-03   3	  848	 1554	 6332	    0	    0	 8153	 8232	11009
  2189 2.598959E-04 8.628400E-04 3.578856E-04   2	 3462	 4177	    0	    0	 2532	 2542
  2190 1.033932E-03 1.900608E-04 1.519683E-03   1	  485	    0	    0	 9244
  2191 1.109228E-03 1.172586E-03 1.197475E-04   2	 2440	 4781	    0	    0	 7992	 8144
  2192 2.678319E-04 2.467149E-04 5.187041E-04   1	 3073	    0	    0	 2521
  2193 1.036505E-03 3.229302E-04 1.220167E-03   1	   37	    0	    0	 7757
  2194 6.439075E-04 2.841792E-04 1.065578E-04   1	  529	    0	    0	 3749
  2195 6.959958E-04 2.294302E-04 1.121980E-04   0	    0	    0
  2196 3.313343E-04 3.708531E-04 1.531456E-03   2	 2650	 3284	    0	    0	 2765	 9378
  2197 3.886618E-05 3.752397E-04 3.638362E-04   2	 1645	 2886	    0	    0	  418	  466
  2198 8.966208E-04 4.696296E-04 1.519558E-03   1	  745	    0	    0	 9455
  2199 8.954241E-04 2.515008E-04 6.091651E-04   4	  811	 1197	 2173	 5295	    0	    0	 7081	 7000	 6782	 9289
  2200 2.195857E-04 3.888095E-04 9.007795E-04   8	  434	  974	 1002	 1487	 1964	 2743	 3109	 3525	    0	    0	 9364	 2253	 2059	 2090	 2125	 2078	 9365	 2092
  2201 7.353792E-04 5.899109E-04 1.229764E-03   8	  559	  610	  927	  985	 1356	 2492	 6300	 6387	    0	    0	 9561	 5467	 5038	 4760	 4986	 5199	10971	 5127
  2202 9.892559E-04 7.596138E-04 1.224655E-03   5	  321	  331	  493	 1721	 3138	    0	    0	10959	 7410	 7587	 9758	 7549
  2203 7.491037E-04 1.085766E-03 1.206734E-03   6	  118	  728	  963	 1726	 3177	 3762	    0	    0	 4916	10285	10922	 5338	10256	 5037
  2204 1.163155E-03 9.667168E-04 1.120674E-04   0	    0	    0
  2205 5.008290E-04 1.254463E-03 1.216754E-03   4	 1245	 1508	 3567	 3615	    0	    0	 3256	 3265	 3226	 3257
  2206 9.345704E-04 3.187008E-04 1.354559E-03   5	  339	  514	 2701	 4084	 5177	    0	    0	 7148	 6969	 7296	 6968	 7414
  2207 9.600000E-07 9.342037E-04 5.985743E-04   1	   -1	    1	    0	  126
  2208 9.600000E-07 3.074989E-04 8.517805E-04   2	   -1	 1117	    1	    0	  135	 9308
  2209 1.277760E-03 1.475403E-04 1.966570E-05   3	    0	  161	 1119	    0	    1	 8925	 8910	 8904
  2210 1.277760E-03 7.094401E-04 1.228608E-04   3	    0	   49	   83	    0	    1	 8943	 8832	10400
  2211 1.277760E-03 8.633005E-04 1.125418E-03   1	    0	    0	    1	 9063
  2212 3.359808E-04 1.050850E-03 7.987008E-04   1	    4	    0	    0	 2763
  2213 4.796861E-04 1.261808E-03 1.365101E-03   3	    1	 1004	 5638	    0	    0	 3231	11069	 3200
  2214 7.673466E-04 3.030591E-04 9.251471E-04   2	 2036	 6637	    0	    0	 5051	 5185
  2215 9.215808E-04 9.657792E-04 1.280679E-03   3	   41	 1041	 2354	    0	    0	10156	10097	 7345
  2216 1.708608E-04 1.105901E-03 1.478842E-04   3	 4733	 4773	 4791	    0	    0	 1638	10301	10284
  2217 9.414904E-04 2.457408E-04 3.282758E-04   4	  431	  633	 2956	 4532	    0	    0	 7273	 7159	 7180	 7263
  2218 6.480000E-04 9.247460E-04 1.330579E-03   4	   66	  296	  481	 1064	    0	    0	 3810	10055	11024	11025
  2219 1.075008E-04 4.252735E-04 1.531808E-03   1	 1030	    0	    0	  941
  2220 9.598080E-05 8.326462E-05 1.531817E-03   0	    0	    0
  2221 1.109247E-03 1.920192E-04 1.055808E-04   2	 2794	 3263	    0	    0	 8035	 8011
  2222 5.705378E-04 1.296000E-04 3.422665E-04   4	  537	 2183	 3402	 4196	    0	    0	10511	 9207	10530	 3531
  2223 1.587175E-04 2.760018E-04 1.150099E-03   2	 2007	 2061	    0	    0	 1435	 1485
  2224 1.366173E-04 1.230689E-03 2.761874E-04   7	  179	 1784	 2862	 4926	 5600	 5643	 5888	    0	    0	 1422	 1233	  907	  929	10459	  870	 1311
  2225 9.945792E-04 2.305920E-05 3.340608E-04   2	   99	  210	    0	    0	 7700	 7554
  2226 6.530163E-05 1.009939E-03 6.037035E-04   5	  499	  515	 1436	 2785	 3223	    0	    0	  477	10153	  507	  606	  713
  2227 1.081920E-03 7.365876E-04 1.530259E-03   3	 1883	 2282	 4784	    0	    0	 7860	 8082	 8034
  2228 8.833920E-05 2.006400E-04 2.569877E-04   5	  325	  666	  692	 2512	 2771	    0	    0	  746	  778	  855	 9259	  747
  2229 6.528192E-04 1.152192E-04 7.678080E-05   3	  540	  754	 2845	    0	    0	 4263	 3865	 9172
  2230 1.265261E-03 6.396510E-04 1.145868E-03   4	    0	 4236	 5176	 5483	    0	    1	 9064	 8901	 8902	 8908
  2231 8.395063E-04 4.665408E-04 5.858867E-04   2	  715	 5323	    0	    0	 5958	 9414
  2232 1.074240E-03 1.250922E-04 1.338259E-03   2	 1057	 5123	    0	    0	 7895	 8041
  2233 4.467480E-05 2.707392E-04 9.964992E-04   3	 1235	 3894	 3907	    0	    0	  508	 9293	  496
  2234 3.033792E-04 4.012992E-04 8.840395E-04   5	  974	 1083	 1415	 2742	 3311	    0	    0	 2559	 2613	 2688	 2689	 2692
  2235 1.112197E-03 1.536192E-04 3.649920E-05   2	 1827	 1925	    0	    0	 8000	 7950
  2236 1.148447E-03 3.750920E-04 3.863952E-04   0	    0	    0
  2237 1.977792E-04 1.203021E-03 3.724992E-04   5	  428	  849	 1497	 2304	 2660	    0	    0	 1731	10338	 1647	 1944	 1646
  2238 5.222592E-04 5.793260E-04 1.376621E-03   1	 2640	    0	    0	 3280
  2239 1.208041E-03 4.723392E-04 1.393901E-03   3	    8	 1748	 3543	    0	    0	 8423	 8588	 8393
  2240 8.630515E-04 2.757116E-04 1.290259E-03   1	 3968	    0	    0	 6639
  2241 1.119341E-03 9.023808E-04 9.860789E-04   2	 1590	 6665	    0	    0	 8104	 8058
  2242 4.237059E-04 7.678080E-05 6.651563E-05   0	    0	    0
  2243 1.253741E-03 1.050767E-04 4.036693E-04   6	  977	 1026	 1118	 1326	 2966	 5841	    0	    0	 8688	10581	 9218	 8833	 9219	 8752
  2244 8.275008E-04 6.278592E-04 1.149265E-03   3	  664	 6128	 6155	    0	    0	 6020	 6140	 5906
  2245 7.680192E-04 1.033925E-03 1.337015E-03   5	  521	  928	 1717	 1737	 6281	    0	    0	 5347	 5511	 5644	 5131	 5513
  2246 4.531008E-04 1.776005E-04 1.284461E-03   3	  799	  993	 1852	    0	    0	 3184	 3125	 3145
  2247 2.102400E-04 8.431728E-04 4.689305E-04   5	 1463	 4605	 4611	 4713	 6588	    0	    0	 1966	 9879	 2120	 9877	 1965
  2248 7.844443E-04 1.009219E-03 1.125139E-03   6	  263	  482	 2527	 3887	 3896	 5137	    0	    0	10145	 5463	 5635	10873	 5835	 5856
  2249 2.867099E-04 6.239808E-04 9.936030E-04   3	  785	 2912	 3916	    0	    0	 2414	 2580	 2603
  2250 1.871973E-04 1.254837E-03 3.174275E-04   2	  179	 6012	    0	    0	 1673	 1890
  2251 7.079525E-04 6.457505E-04 1.060685E-03   2	 1774	 3990	    0	    0	 4485	 4442
  2252 6.503481E-04 9.142836E-04 1.279526E-03   8	   66	  390	  465	  481	 1514	 1551	 3779	 6385	    0	    0	 3788	10019	10983	 3746	 3882	 4255	 4231	10984
  2253 7.881600E-04 6.135817E-04 1.127885E-03   1	   44	    0	    0	 5389
  2254 1.201473E-04 1.212044E-03 2.899008E-04   2	  782	 6061	    0	    0	  889	  946
  2255 1.563610E-04 1.154549E-03 2.899008E-04   4	   85	  636	 1056	 1365	    0	    0	 1338	 1421	 1514	 1564
  2256 1.101347E-04 5.593591E-04 1.141585E-03   2	 1475	 3477	    0	    0	  837	 1024
  2257 8.629190E-04 3.085925E-04 7.017594E-04   1	 5239	    0	    0	 6336
  2258 5.312158E-04 1.548890E-04 1.370043E-03   0	    0	    0
  2259 4.478932E-05 6.404665E-04 1.055161E-03   1	 1261	    0	    0	  472
  2260 1.814306E-04 9.038010E-04 2.871584E-04   3	 2954	 3950	 5696	    0	    0	 1672	 9980	 1644
  2261 8.150341E-04 6.197003E-05 4.767756E-04   1	  365	    0	    0	 6040
  2262 6.707064E-04 6.454870E-04 8.996374E-04   2	   79	  686	    0	    0	 3968	 4134
  2263 1.198924E-03 4.964405E-04 7.036881E-04   2	 4242	 5251	    0	    0	 9427	 8456
  2264 2.087626E-04 9.766521E-04 3.970735E-04   7	   21	 2108	 2732	 3055	 4222	 5811	 6553	    0	    0	 2102	 1826	 2167	10121	 1848	10131	 1773
  2265 2.159960E-04 2.783808E-04 4.774090E-04   2	 3298	 4328	    0	    0	 2318	 1947
  2266 6.926002E-04 5.441654E-04 9.980309E-04   6	   59	  174	  308	 1890	 3246	 3899	    0	    0	 4525	 9466	 4189	 4272	 4236	 9499
  2267 8.494538E-04 8.639808E-04 1.051202E-03   1	  285	    0	    0	 6447
  2268 1.242259E-03 1.135409E-03 2.851222E-04   0	    0	    0
  2269 8.054282E-04 9.897594E-04 1.458581E-03   4	  363	  489	  580	 2059	    0	    0	11089	 5718	 5954	 6078
  2270 1.283387E-04 2.227008E-04 1.487707E-03   2	  682	 2132	    0	    0	 1025	11097
  2271 2.964407E-05 1.199981E-03 6.980481E-04   5	   -1	   26	   81	  178	 1328	    1	    0	  130	  545	  363	  263	  306
  2272 2.213165E-04 4.160185E-04 1.659681E-04   0	    0	    0
  2273 1.244973E-03 2.636636E-04 1.526925E-03   2	  298	 5887	    0	    0	 8660	11098
  2274 7.250023E-04 1.056303E-03 1.273920E-03   4	  224	  901	 3064	 4453	    0	    0	10227	 4899	10272	 4607
  2275 8.342479E-04 6.958850E-04 9.531577E-04   2	  881	  939	    0	    0	10755	 6170
  2276 2.147485E-04 1.241423E-03 3.964804E-04   3	  669	 1282	 5837	    0	    0	 2131	 1922	10554
  2277 3.982784E-04 2.592866E-05 1.246889E-03   0	    0	    0
  2278 1.181942E-04 8.763587E-04 1.753510E-04   3	 4277	 4946	 6054	    0	    0	 1080	 1081	  885
  2279 1.545574E-04 8.517783E-04 1.123161E-04   1	 3099	    0	    0	 1251
  2280 9.592967E-04 1.010881E-03 1.369922E-03   5	  259	  432	  455	 1122	 1478	    0	    0	10196	11061	 7540	 7295	 7283
  2281 3.879225E-04 3.648192E-04 1.254459E-03   2	  878	 4281	    0	    0	 9358	 3022
  2282 1.125417E-03 7.345423E-04 1.528790E-03   1	 2227	    0	    0	 8082
  2283 4.425602E-04 2.054208E-04 1.759510E-04   4	  964	 1137	 1418	 3025	    0	    0	 9236	 3101	10410	 9248
  2284 1.114441E-03 3.148608E-04 2.349916E-04   3	  217	  459	  749	    0	    0	 7994	 7968	 7938
  2285 2.657975E-04 5.059183E-04 9.953658E-04   3	 1928	 2900	 3795	    0	    0	 2538	 2465	 2480
  2286 7.051575E-04 4.825439E-04 1.218045E-03   6	  182	  264	  333	 1419	 3620	 6367	    0	    0	 4198	 4582	 4579	 4141	 4534	 4715
  2287 1.076502E-03 8.229814E-04 7.058668E-04   2	 2017	 6727	    0	    0	 7919	 7970
  2288 6.117788E-04 8.631525E-04 1.316159E-03   5	   71	  103	  481	 4158	 6315	    0	    0	 3736	 3616	 3737	 3727	 3738
  2289 8.492641E-04 8.611157E-04 1.274185E-03   3	  242	  855	 6286	    0	    0	 6617	 6220	 6274
  2290 4.990080E-05 1.219219E-03 5.060038E-04   3	   23	   58	  469	    0	    0	  504	  596	10624
  2291 7.334208E-04 5.877292E-05 1.059549E-03   1	 2619	    0	    0	 4937
  2292 3.736987E-04 1.867687E-04 5.962987E-04   2	 2786	 6486	    0	    0	 2942	 2903
  2293 1.218120E-03 4.287714E-04 1.266355E-03   1	 1061	    0	    0	 8567
  2294 1.298592E-04 1.006774E-03 4.081457E-04   6	 1820	 1866	 3014	 4260	 4338	 4530	    0	    0	  949	 1069	 1220	 1221	  909	10559
  2295 1.239031E-03 7.109313E-04 1.102061E-03   4	 1696	 2080	 4999	 5156	    0	    0	 8811	 9726	 8606	 8723
  2296 2.827963E-05 3.848413E-04 2.180622E-04   1	 4388	    0	    0	  350
  2297 3.499567E-04 5.472061E-05 1.395219E-03   1	 1434	    0	    0	 2885
  2298 3.859200E-06 1.831691E-04 1.527090E-03   1	   -1	    1	    0	  204
  2299 9.632252E-04 3.256397E-04 4.607808E-04   2	 1191	 2106	    0	    0	 9357	 7435
  2300 1.774924E-04 3.753577E-04 4.495780E-04   1	 4080	    0	    0	 1543
  2301 8.476784E-04 1.411213E-04 7.415855E-04   4	  377	 1929	 4094	 5677	    0	    0	 6290	 5915	 6381	 6059
  2302 6.878834E-04 7.996730E-04 1.300916E-03   5	   71	  112	 1089	 1897	 4432	    0	    0	 4147	 4451	 4370	 4288	 4256
  2303 6.179446E-04 4.134104E-04 5.095716E-04   4	  763	 1368	 2812	 3343	    0	    0	 3608	 3721	 3712	10637
  2304 1.948826E-04 1.178861E-03 3.660172E-04   7	  142	  179	  428	  737	  849	 1341	 2237	    0	    0	 2016	 2072	 1758	10523	10544	 1943	 1944
  2305 4.084327E-04 2.292372E-04 5.922063E-04   5	 1049	 2786	 3593	 4191	 5577	    0	    0	 2893	 2969	 3093	 9273	 2882
  2306 5.606208E-04 3.062443E-04 9.744002E-04   0	    0	    0
  2307 1.024530E-03 5.271661E-04 1.379531E-03   2	    8	 2015	    0	    0	 7788	11066
  2308 1.153920E-05 6.832226E-04 9.863600E-04   1	   -1	    1	    0	  142
  2309 1.681225E-04 1.293344E-04 1.531797E-03   0	    0	    0
  2310 5.088401E-05 2.305920E-05 1.413749E-05   0	    0	    0
  2311 1.185473E-03 2.848624E-04 1.375408E-03   2	   36	 2827	    0	    0	 8333	 8434
  2312 1.853964E-04 1.243187E-03 4.607808E-04   3	  793	 1060	 1081	    0	    0	 1654	10607	 1827
  2313 2.606129E-04 1.163501E-03 1.968036E-04   2	 1708	 1797	    0	    0	 2344	 2407
  2314 8.611165E-04 8.436918E-04 1.394872E-03   4	  250	  498	  632	 1732	    0	    0	 6364	 6194	 9905	 6333
  2315 7.363235E-04 1.626762E-04 5.230791E-04   0	    0	    0
  2316 8.979387E-04 1.219714E-03 7.481102E-04   1	  202	    0	    0	 6801
  2317 1.097548E-03 2.365257E-04 2.145131E-04   3	 3884	 5655	 5866	    0	    0	 8036	 7953	 7966
  2318 2.582395E-04 4.641089E-04 9.830208E-04   6	  966	 1335	 1928	 2891	 3842	 5017	    0	    0	 2403	 2357	 2513	 2463	 2527	 2431
  2319 2.715706E-04 7.580357E-04 4.057402E-04   2	 2430	 2481	    0	    0	 2553	 2457
  2320 8.042362E-06 6.264415E-04 5.438755E-04   2	   -1	 5274	    1	    0	  118	 9568
  2321 5.158517E-04 1.209900E-03 1.225578E-03   2	    1	 1230	    0	    0	 3274	 3322
  2322 1.143368E-03 8.308110E-05 3.030594E-04   4	 2931	 4537	 4557	 4877	    0	    0	 8100	 8115	 9152	 9169
  2323 1.651392E-04 6.033366E-04 1.328659E-03   1	 3574	    0	    0	 1557
  2324 5.740800E-06 8.399995E-04 4.539586E-04   1	   -1	    1	    0	   99
  2325 2.660334E-04 7.766445E-04 4.545142E-04   7	  860	 1256	 2430	 2481	 2729	 3356	 4685	    0	    0	 2425	 2459	 9794	 2451	 2449	 2362	 2452
  2326 4.526411E-05 1.331061E-04 4.062011E-04   2	 2536	 3204	    0	    0	  329	  257
  2327 1.270514E-03 7.516839E-04 1.412168E-03   6	    0	  694	 4364	 5013	 6223	 6740	    0	    1	 9104	 9761	 8861	 8678	 8874	 9751
  2328 1.598867E-04 4.521575E-04 2.049123E-04   3	 1673	 2105	 3086	    0	    0	 1232	 1216	 1617
  2329 1.052972E-03 4.038685E-06 3.006032E-04   1	 2574	    0	    0	10474
  2330 1.161732E-04 1.028159E-03 2.073408E-04   4	  923	 1715	 2083	 5872	    0	    0	  927	  886	 1047	  887
  2331 6.527808E-04 2.073792E-04 5.362219E-04   1	 1521	    0	    0	 9261
  2332 7.456574E-04 8.615675E-04 9.820755E-04   2	 5389	 5397	    0	    0	10761	 4888
  2333 1.268276E-03 3.455808E-04 1.095482E-03   0	    0	    0
  2334 2.700954E-04 2.951607E-04 1.290765E-03   1	 1449	    0	    0	 2549
  2335 1.055039E-03 5.035631E-04 1.084781E-03   0	    0	    0
  2336 9.740115E-05 8.838923E-04 4.557346E-04   8	 1076	 1369	 1868	 2096	 3224	 4057	 4117	 4607	    0	    0	  652	  953	  677	  794	  893	  846	  992	  678
  2337 8.894790E-04 1.089476E-03 1.318424E-03   3	  500	  798	 4389	    0	    0	 6813	10273	 6833
  2338 6.883217E-04 3.648192E-04 3.047657E-04   1	 1299	    0	    0	 4372
  2339 8.475617E-04 1.047481E-03 1.372432E-03   3	  284	 1379	 3970	    0	    0	 6599	 6280	 6314
  2340 6.105408E-04 7.553266E-04 1.068475E-03   4	   63	   72	  710	  742	    0	    0	10836	 9756	 3688	 9798
  2341 4.505087E-04 2.063980E-04 9.312664E-05   4	  973	 1418	 3444	 3575	    0	    0	 3136	 9254	 3120	 3163
  2342 5.625408E-04 5.828418E-04 1.392691E-03   0	    0	    0
  2343 1.267896E-03 3.909816E-04 8.889408E-04   4	    0	 1830	 3585	 5473	    0	    1	 9037	10735	 8858	 8899
  2344 1.371300E-04 6.695529E-04 1.875360E-04   1	 4768	    0	    0	 1159
  2345 7.208370E-04 9.260637E-04 1.070274E-03   5	  729	 1536	 2842	 3836	 6232	    0	    0	 4684	 4683	10051	 4872	 4827
  2346 8.037955E-04 5.740608E-04 1.116916E-03   2	  361	 1337	    0	    0	 6017	 5708
  2347 7.708754E-04 6.393408E-04 9.626143E-04   8	  547	  801	  986	 2094	 2681	 3478	 4286	 6631	    0	    0	 5570	 5380	 5075	 9632	 4845	 9567	 5106	 5408
  2348 6.580485E-05 7.920060E-04 5.208444E-04   4	 1755	 2768	 2814	 6429	    0	    0	  833	  782	  684	 9822
  2349 9.629776E-05 8.977949E-04 5.079912E-04   6	  956	 2717	 3236	 4662	 5290	 6448	    0	    0	  914	  818	  862	  683	  755	  800
  2350 7.915496E-04 9.561408E-04 1.064522E-03   4	  263	  548	 4074	 5010	    0	    0	10865	 5854	 5681	10857
  2351 7.243440E-05 9.704367E-04 4.684992E-04   6	 1681	 3455	 3800	 4068	 4308	 5656	    0	    0	  565	10626	  735	10593	  781	  681
  2352 1.350271E-04 1.164599E-03 1.794011E-04   6	  222	  345	 1336	 1718	 2535	 2672	    0	    0	  963	 1275	 1274	 1509	10306	 1062
  2353 1.189317E-03 7.556689E-04 7.148684E-04   3	  607	  992	 1014	    0	    0	 8413	 8412	 8336
  2354 9.687637E-04 9.646489E-04 1.283256E-03   4	   41	 2215	 4421	 6288	    0	    0	10150	 7345	 7489	 7562
  2355 7.976496E-04 8.961162E-04 1.433405E-03   4	  138	  498	 1355	 4307	    0	    0	 6107	 6035	10036	 5645
  2356 9.916787E-04 1.581342E-04 1.862208E-04   6	  422	 1342	 2011	 2118	 6040	 6047	    0	    0	 7633	 7711	 7609	 7740	 7747	 9215
  2357 7.589202E-04 9.590365E-04 1.231799E-03   6	  546	  616	  647	  787	 1879	 2508	    0	    0	 5124	10965	 5198	 5360	10079	10946
  2358 7.688392E-04 1.036101E-03 1.122675E-03   2	 1847	 5155	    0	    0	 5332	 5276
  2359 7.611615E-04 6.482649E-04 4.684992E-04   3	  164	 1776	 3423	    0	    0	 5262	 5377	10610
  2360 6.096062E-04 7.200804E-05 1.529423E-03   1	 4927	    0	    0	 3740
  2361 6.060933E-04 3.744286E-05 8.179515E-05   1	  675	    0	    0	 3554
  2362 1.151160E-03 1.129827E-04 1.920192E-04   3	 1697	 1956	 3828	    0	    0	 9196	 8114	 8170
  2363 7.197025E-04 8.569399E-04 1.110720E-03   2	  221	 1467	    0	    0	 4625	 4626
  2364 2.921375E-04 3.033792E-04 5.855808E-04   3	 1290	 1389	 2589	    0	    0	 2474	 2723	 2775
  2365 1.028282E-03 6.422493E-04 3.675315E-04   1	 5727	    0	    0	 9625
  2366 9.465408E-04 1.250871E-03 8.342307E-04   1	   28	    0	    0	10350
  2367 1.141634E-03 2.755196E-04 3.105124E-04   4	  122	 1898	 2534	 4543	    0	    0	 8132	 8134	 8157	 8133
  2368 5.734462E-04 3.700392E-04 1.279792E-03   2	 1743	 1870	    0	    0	 3483	 3435
  2369 1.024445E-03 6.526080E-05 2.355823E-05   2	  125	  237	    0	    0	 7760	 7752
  2370 1.408579E-04 5.088521E-05 1.223660E-03   1	 6398	    0	    0	 1327
  2371 9.710060E-04 1.530003E-04 1.531654E-03   3	 1466	 1751	 5214	    0	    0	 7448	 7492	 7474
  2372 2.199905E-04 1.022845E-03 5.978179E-04   8	  630	 1413	 1641	 1750	 2854	 6491	 6515	 6750	    0	    0	 1931	 1833	 1905	 1832	 2279	10222	 2122	10209
  2373 2.179218E-04 9.283215E-04 1.920192E-04   2	  110	 1094	    0	    0	 2111	 2044
  2374 5.827200E-04 4.835421E-04 1.318204E-03   2	 1598	 4448	    0	    0	 3472	 3570
  2375 6.673137E-04 6.571627E-04 1.108679E-03   2	  258	  401	    0	    0	 4224	 3939
  2376 2.892986E-04 8.744436E-04 4.654548E-04  11	  860	 2679	 3080	 3187	 4610	 4653	 4659	 5646	 6558	 6581	 6601	    0	    0	 2508	 2686	 2667	 2543	 2679	 2685	 2669	 2472	 9914	 2567	 2609
  2377 5.203392E-04 4.623535E-04 1.287484E-03   1	 1598	    0	    0	 3380
  2378 3.771584E-04 9.782356E-04 4.463988E-04   2	   21	 1893	    0	    0	 2897	 2934
  2379 6.961192E-04 7.065408E-04 9.646844E-04   2	  252	  536	    0	    0	 4296	 4572
  2380 4.035013E-04 2.827104E-04 1.256761E-03   2	 1095	 1782	    0	    0	 2975	 2955
  2381 7.897442E-04 1.233967E-04 2.254887E-04   1	 2076	    0	    0	 5495
  2382 1.218236E-03 7.434036E-04 2.234109E-04   1	   46	    0	    0	 8579
  2383 7.304332E-04 1.008818E-03 1.071881E-03   6	  108	  501	  990	 4972	 5008	 5009	    0	    0	 4656	10838	10205	10841	 4893	 4983
  2384 1.171727E-03 6.866627E-04 4.020837E-04   1	  932	    0	    0	 8317
  2385 6.976598E-04 8.629149E-04 1.223021E-03   1	  465	    0	    0	 4365
  2386 8.623767E-04 2.557255E-04 1.481427E-03   1	 1489	    0	    0	 9275
  2387 1.208903E-03 7.345309E-04 4.915008E-04   1	 1989	    0	    0	 8489
  2388 1.900608E-04 2.908796E-04 5.389997E-04   3	 1186	 1411	 2865	    0	    0	 1875	 1373	 9297
  2389 1.243632E-03 8.362873E-04 9.062208E-04   0	    0	    0
  2390 3.201223E-04 9.284376E-04 6.649375E-04   0	    0	    0
  2391 9.092703E-04 5.711979E-04 4.908330E-04   1	 1796	    0	    0	 7097
  2392 4.445526E-05 3.619165E-04 1.389971E-04   3	  457	  556	 2753	    0	    0	  524	  336	  321
  2393 8.303976E-04 5.198484E-04 1.208374E-03   3	  354	 1010	 2774	    0	    0	 6393	 6142	 6071
  2394 3.698391E-05 5.889744E-04 9.651810E-05   1	 2476	    0	    0	  335
  2395 7.678080E-05 6.979237E-04 7.776221E-05   0	    0	    0
  2396 1.116606E-03 4.119586E-04 4.191833E-04   0	    0	    0
  2397 3.638379E-04 4.689861E-04 4.189236E-04   1	 4504	    0	    0	 2862
  2398 7.382454E-04 1.253246E-03 1.323399E-03   1	 1621	    0	    0	 5095
  2399 6.603628E-05 8.974755E-04 5.943911E-04   7	  495	 1378	 1843	 3108	 4025	 5296	 5324	    0	    0	  627	  518	  644	  604	  803	  700	 9948
  2400 1.876359E-04 9.420275E-04 5.559604E-04   9	  630	  956	 2697	 3270	 3645	 5258	 5284	 5322	 6520	    0	    0	 1857	10648	 1874	 1742	10093	 1244	 1797	 1457	10657
  2401 1.118833E-03 7.325985E-05 6.673235E-04   1	   17	    0	    0	 8063
  2402 9.327929E-05 1.541184E-04 9.715388E-05   3	 1296	 1720	 4142	    0	    0	  618	 9228	  868
  2403 8.477933E-05 2.737965E-04 2.753968E-04   2	  366	 1646	    0	    0	  856	  791
  2404 1.203043E-03 9.484608E-04 1.031555E-03   4	 1561	 1901	 4143	 5080	    0	    0	 8450	 8414	 8457	 8402
  2405 5.227683E-04 2.342208E-04 6.610038E-04   3	 2795	 3429	 3681	    0	    0	 3301	 3332	 3300
  2406 8.496122E-04 6.023495E-04 9.241400E-04   7	  261	  402	  454	  479	  619	 3280	 6660	    0	    0	 6338	 6255	 9558	10733	 6321	 6128	 6204
  2407 1.908470E-04 3.826009E-04 9.708908E-05   1	 1849	    0	    0	 9387
  2408 9.341987E-04 3.546766E-04 1.293782E-03   4	  339	 1399	 3987	 4414	    0	    0	 7397	 7222	 7146	10992
  2409 7.967808E-04 5.753790E-04 2.756447E-04   2	 1075	 1167	    0	    0	 5720	 5496
  2410 5.360428E-04 7.117959E-04 3.427269E-04   2	   91	  133	    0	    0	 3440	 3293
  2411 9.130842E-04 4.093296E-04 1.239356E-03   1	 1916	    0	    0	 6939
  2412 2.332787E-04 6.958526E-04 3.909879E-04   3	 4702	 5596	 5652	    0	    0	 2186	 2101	 2118
  2413 3.506639E-04 1.056630E-03 6.749872E-04   2	 3240	 3245	    0	    0	 2852	10251
  2414 7.514095E-04 9.974412E-04 1.168762E-03   6	  263	  369	  463	  482	  647	  683	    0	    0	 5305	10915	10908	 5119	 5308	10128
  2415 8.324439E-04 7.775808E-04 9.306889E-04   4	  135	  266	 6616	 6633	    0	    0	 6131	 6129	 6130	 6012
  2416 8.313408E-04 9.030962E-04 1.037641E-03   4	  206	 4135	 4981	 6278	    0	    0	 6388	 6177	 6297	 6448
  2417 1.413994E-05 5.252630E-04 1.039241E-03   3	   -1	 1017	 1793	    1	    0	  149	  479	  341
  2418 1.199981E-04 6.208621E-04 9.325959E-04   4	  982	 1022	 3363	 4183	    0	    0	 1268	 9613	 1155	 1099
  2419 2.690993E-04 8.205315E-04 4.333912E-04   4	  860	 3838	 4026	 4685	    0	    0	 9827	 2381	 2591	 2450
  2420 4.799808E-04 1.549956E-04 1.039535E-03   5	  116	  144	 1906	 3796	 5071	    0	    0	 3172	 3201	 3140	 3225	 9226
  2421 8.735415E-05 5.913792E-04 1.473203E-04   1	 2766	    0	    0	  720
  2422 5.663927E-05 1.179255E-04 1.514038E-03   2	  383	 1388	    0	    0	  567	  631
  2423 7.973254E-04 7.678080E-05 2.545274E-04   2	 2076	 2598	    0	    0	 5670	 5567
  2424 3.483432E-04 1.235641E-03 9.292992E-04   1	    4	    0	    0	 2873
  2425 1.179966E-03 3.395488E-04 1.271987E-03   2	 1581	 2180	    0	    0	 8384	 9329
  2426 1.915291E-04 4.789095E-04 2.572608E-04   0	    0	    0
  2427 3.657549E-04 8.549217E-04 8.556148E-04   1	    4	    0	    0	 2923
  2428 6.521689E-04 6.307259E-04 1.036274E-03   4	   48	  252	 1011	 1788	    0	    0	 3653	 3875	 3762	10829
  2429 7.910208E-04 5.324678E-04 6.082739E-04   1	  715	    0	    0	 5624
  2430 2.829363E-04 7.896467E-04 4.252833E-04   6	  860	 2319	 2325	 2729	 3778	 4685	    0	    0	 2554	 2553	 9794	 2489	 2655	 2518
  2431 1.507186E-04 1.089722E-03 3.840192E-04   7	   85	  429	 1170	 2922	 3625	 5706	 6551	    0	    0	 1110	 1068	  948	 1383	 1425	 1472	 1426
  2432 8.736192E-04 9.712174E-04 1.299229E-03   9	  318	  351	  488	 1041	 1438	 1655	 2054	 3923	 4039	    0	    0	 6638	10127	 6484	 6772	10133	 6640	10176	 6511	 6556
  2433 1.374213E-04 1.045564E-03 5.308886E-04   5	   23	   58	  350	  590	 6472	    0	    0	 1284	 1053	 1243	 1286	 1242
  2434 8.740663E-04 1.104701E-03 1.291861E-03   5	  500	  520	 1319	 2914	 4389	    0	    0	 6812	 6513	 6759	 6309	10281
  2435 1.261421E-03 8.137781E-04 4.246159E-04   2	    0	  594	    0	    1	 9006	 8719
  2436 7.113600E-04 2.155619E-04 1.277989E-04   1	 1759	    0	    0	 4396
  2437 3.779442E-04 9.491829E-04 5.745450E-04   2	   21	 5309	    0	    0	 2851	 2953
  2438 9.417555E-04 2.311650E-04 5.011008E-04   2	  353	 1504	    0	    0	 7288	 7358
  2439 6.409095E-04 8.214594E-04 1.325327E-03   4	   71	  120	 2515	 6315	    0	    0	 9825	11043	 4047	 3773
  2440 1.076491E-03 1.199476E-03 1.275546E-04   1	 2191	    0	    0	 7992
  2441 1.094592E-04 9.838823E-04 6.423598E-04   3	  499	  623	 5307	    0	    0	  756	 1074	  956
  2442 4.742592E-04 7.954924E-04 2.745408E-04   4	    2	  128	  133	 4869	    0	    0	 3132	 3258	 3170	 3189
  2443 3.273582E-04 8.652179E-04 4.251671E-04   2	 3917	 6558	    0	    0	 2684	 2717
  2444 6.709157E-04 1.598827E-04 1.389120E-03   2	 1317	 3490	    0	    0	 3995	 4313
  2445 1.324992E-04 5.728536E-04 8.019463E-04   2	 2627	 4174	    0	    0	 1022	  977
  2446 3.211588E-05 2.586772E-04 8.651149E-04   2	 2521	 5410	    0	    0	  449	  437
  2447 1.256270E-04 8.979384E-04 6.040986E-04   4	 3548	 3643	 3724	 4025	    0	    0	  976	 1092	 1117	  918
  2448 1.250555E-03 1.039565E-03 4.994955E-04   2	    3	 6470	    0	    0	 8666	10631
  2449 9.926208E-04 2.888670E-04 1.422750E-03   0	    0	    0
  2450 2.397019E-04 9.729268E-05 5.289473E-04   2	 2145	 5649	    0	    0	 2352	 2173
  2451 1.053124E-03 9.022080E-05 2.696378E-04   7	 1302	 3126	 4322	 4373	 4830	 5902	 5932	    0	    0	 7865	 7863	 9177	 7823	 7864	 7873	 7929
  2452 4.435008E-04 3.213307E-05 1.411181E-03   1	 1434	    0	    0	 3067
  2453 9.146105E-04 4.676377E-04 1.404809E-03   3	 1234	 1731	 3953	    0	    0	 7210	 7114	 7151
  2454 1.527772E-04 1.235507E-03 3.507352E-04   4	   23	  179	  782	 1497	    0	    0	 1255	 1519	 1208	 1449
  2455 8.899092E-04 1.353621E-04 2.682801E-04   2	  525	 1225	    0	    0	 6748	 6895
  2456 6.864041E-04 2.772796E-05 1.248623E-03   0	    0	    0
  2457 2.299335E-04 6.422482E-04 8.628919E-04   5	  534	  560	 2722	 4243	 5687	    0	    0	 2200	 2058	 2282	 2089	 2240
  2458 7.295808E-04 3.328556E-04 6.057626E-04   1	 1571	    0	    0	 4797
  2459 1.172155E-03 2.080635E-04 1.293117E-03   2	   75	 4460	    0	    0	 8219	 8331
  2460 3.403557E-05 8.150462E-04 2.732721E-04   1	 5894	    0	    0	  562
  2461 1.558916E-04 1.150767E-03 2.614182E-04   3	  218	 1056	 4929	    0	    0	 1253	 1590	10456
  2462 5.114227E-04 1.166525E-03 6.479919E-04   0	    0	    0
  2463 5.977455E-04 1.129258E-03 6.474056E-04   2	  565	 3197	    0	    0	 3652	 3651
  2464 6.114041E-04 2.347677E-04 1.350889E-04   2	  529	 1182	    0	    0	 3618	 3541
  2465 1.153901E-03 9.492401E-04 9.207598E-04   3	 1222	 3297	 6632	    0	    0	 8261	 8268	10740
  2466 7.825176E-04 4.928113E-04 1.183544E-03   3	  524	  603	 2774	    0	    0	 5658	 5660	 5809
  2467 2.105083E-04 8.421772E-04 4.292655E-04   2	 3394	 4726	    0	    0	 1924	10579
  2468 6.081740E-04 8.908608E-04 8.649660E-04   1	    5	    0	    0	 3519
  2469 3.672449E-04 4.126899E-05 5.132206E-05   1	 3307	    0	    0	10372
  2470 1.392022E-04 1.876339E-04 1.516781E-03   1	 2132	    0	    0	 1140
  2471 2.002082E-04 5.036625E-04 1.185605E-03   1	 2789	    0	    0	 2080
  2472 2.169408E-04 1.206844E-03 2.643515E-04   4	  179	  842	 1396	 5923	    0	    0	 1754	 2180	 2029	 2209
  2473 1.137963E-04 4.385811E-04 8.803224E-04   3	 5412	 5462	 5466	    0	    0	 1039	 9405	  980
  2474 1.958208E-04 5.655637E-04 9.177408E-04   7	  446	  560	  908	  982	 2485	 3174	 5355	    0	    0	 9487	 1953	 2012	 1906	 1878	 2094	 1691
  2475 6.805305E-04 2.604890E-04 3.868749E-04   2	 1860	 3354	    0	    0	 9283	 4456
  2476 1.505889E-05 5.942461E-04 6.882364E-05   2	   -1	 2394	    1	    0	    9	  335
  2477 5.811005E-05 6.363289E-04 1.314454E-03   6	  171	  836	  959	 1392	 3526	 4298	    0	    0	  439	  424	 9594	  396	  547	  460
  2478 2.561946E-04 5.420559E-04 8.601792E-04   6	  446	 1002	 1577	 1663	 1915	 2138	    0	    0	 2198	10728	 2252	 2428	 2199	 2355
  2479 6.870582E-04 5.015926E-04 4.989149E-04   1	 1322	    0	    0	 4183
  2480 1.819348E-04 3.302208E-04 8.798875E-04   3	  987	 2669	 5440	    0	    0	 1410	 1803	 1820
  2481 2.564385E-04 7.460395E-04 4.214359E-04   3	 2319	 2325	 2729	    0	    0	 2457	 2451	 9778
  2482 2.448025E-04 6.100346E-04 1.515699E-03   0	    0	    0
  2483 8.763646E-04 2.323008E-04 1.465911E-03   1	 1357	    0	    0	11083
  2484 6.387352E-04 5.122599E-05 4.044637E-06   1	  675	    0	    0	 3775
  2485 1.818929E-04 5.731112E-04 8.798837E-04   7	  446	  560	  948	  951	 1915	 2474	 5355	    0	    0	 9491	 1837	 1580	 1610	 2011	 1878	 1611
  2486 7.341322E-04 7.142592E-04 1.314241E-03   7	   94	  112	  449	 1639	 2052	 4408	 6326	    0	    0	 4472	 9730	 5206	 4811	 4470	 5018	 5151
  2487 5.252353E-04 9.388608E-04 6.484307E-04   2	    5	  491	    0	    0	 3328	 3319
  2488 1.868506E-04 1.091399E-03 3.475008E-04   3	 4591	 5714	 6029	    0	    0	 1823	10536	 1518
  2489 3.616568E-04 1.353609E-04 1.247808E-04   2	 1297	 3736	    0	    0	 2846	 2891
  2490 1.274861E-03 7.075242E-04 4.271917E-04   1	    0	    0	    1	 9008
  2491 1.199981E-03 1.227642E-03 1.440100E-05   0	    0	    0
  2492 7.787606E-04 5.654308E-04 1.237601E-03   5	  397	 1500	 2091	 2201	 5684	    0	    0	 5639	 5709	 9490	 5199	 5507
  2493 1.222087E-03 8.016009E-04 2.498973E-04   1	   46	    0	    0	 8599
  2494 1.871967E-04 8.151609E-04 4.810775E-04   1	 6592	    0	    0	 9829
  2495 1.266240E-03 1.210703E-03 1.322861E-03   2	    0	 2844	    0	    1	 9088	 8849
  2496 2.777795E-04 3.501447E-04 8.515167E-04   3	  974	 1722	 5404	    0	    0	 2577	 9332	 2477
  2497 6.804910E-04 7.584787E-05 8.697408E-04   1	 3001	    0	    0	 4213
  2498 1.393187E-04 3.129408E-04 1.150914E-03   1	 2061	    0	    0	 1304
  2499 1.196791E-03 7.049186E-04 8.474137E-04   0	    0	    0
  2500 1.273402E-04 4.273096E-04 3.927703E-04   5	  887	 1599	 2606	 4079	 4195	    0	    0	10571	 1170	10543	 1001	  968
  2501 2.833202E-04 9.246823E-04 9.417513E-04   1	 1603	    0	    0	10077
  2502 3.101919E-04 8.587690E-04 5.503525E-04   3	  601	 2731	 3200	    0	    0	 2644	 2569	 2712
  2503 1.996608E-04 1.010761E-03 3.580750E-04   6	   21	  568	  924	 2033	 5658	 5811	    0	    0	 2033	10519	 1789	10216	 1730	 1987
  2504 2.139692E-04 7.923335E-04 5.414208E-04   9	 1160	 2081	 2957	 3193	 3487	 5663	 6435	 6503	 6523	    0	    0	 2250	 2024	 2121	 1968	 2087	10656	10644	10654	10655
  2505 9.427008E-04 9.566896E-04 1.383953E-03  14	  351	  455	  705	 1041	 1102	 1122	 1159	 1266	 1385	 1462	 1531	 3145	 3489	 6674	    0	    0	 7033	 7472	 7428	 7330	 7049	10111	 7109	 7452	 7242	 7503	 7447	 7208	10103	10115
  2506 3.158375E-04 4.100647E-04 1.281596E-03   0	    0	    0
  2507 1.141002E-03 6.652910E-04 8.524608E-04   1	 1425	    0	    0	 8195
  2508 7.518281E-04 9.824036E-04 1.235640E-03   5	  369	  488	  616	 1951	 2357	    0	    0	 5200	 5287	 5126	 5039	10946
  2509 9.577065E-04 1.088130E-03 1.315181E-03   3	  497	  652	 1231	    0	    0	11032	 7293	10999
  2510 1.857154E-04 1.112976E-03 2.471566E-04   3	  218	  636	 1056	    0	    0	10461	 1785	 1808
  2511 7.065408E-04 1.527882E-04 1.444675E-03   1	 3490	    0	    0	 4518
  2512 9.524262E-05 2.342592E-04 2.852733E-04   2	 1646	 2228	    0	    0	  829	 9259
  2513 5.505228E-04 4.308352E-04 2.476608E-04   2	  440	 1285	    0	    0	 3395	 3420
  2514 3.934711E-05 4.462457E-04 8.842842E-04   1	 2950	    0	    0	  377
  2515 6.672028E-04 8.458704E-04 1.366071E-03   6	  134	  481	 2439	 5146	 5161	 5660	    0	    0	 4011	11046	 4047	 9899	 3981	 4453
  2516 6.593777E-04 2.057429E-04 1.367059E-03   0	    0	    0
  2517 4.908944E-04 1.182034E-03 1.151479E-03   1	    1	    0	    0	 3230
  2518 7.749508E-05 2.227008E-04 4.827561E-04   5	  895	 1962	 3445	 3692	 4219	    0	    0	  595	  624	  709	  696	 9267
  2519 1.244997E-03 9.224324E-04 8.472432E-04   1	 6795	    0	    0	 8690
  2520 9.686351E-04 2.928012E-04 4.814555E-04   1	 2735	    0	    0	 9312
  2521 5.652335E-05 2.311573E-04 8.497923E-04   2	 1505	 2446	    0	    0	10709	  449
  2522 1.210126E-03 4.414080E-05 2.496192E-04   5	 1826	 2624	 2723	 4925	 5642	    0	    0	 8496	 9129	 8551	 8645	 8581
  2523 4.137565E-04 4.449277E-04 9.921795E-05   2	   57	 3630	    0	    0	10397	 3007
  2524 1.206922E-03 6.021480E-05 4.176043E-04   3	 1026	 1570	 1997	    0	    0	 8562	 8603	 8455
  2525 7.644568E-04 1.466151E-04 5.057970E-04   1	  784	    0	    0	 5318
  2526 1.134099E-03 5.404800E-04 3.351567E-04   2	  215	 1965	    0	    0	 8158	 9493
  2527 7.756608E-04 1.043517E-03 1.153216E-03  10	   41	  263	  463	  614	 1435	 1847	 2248	 3332	 5095	 6167	    0	    0	 5881	 5858	 5283	 6022	 5336	 5280	 5635	 5945	10208	 5737
  2528 4.031808E-04 1.852800E-04 6.765557E-05   2	 2079	 2168	    0	    0	 2982	 2945
  2529 5.651025E-04 2.600336E-04 6.828218E-04   1	 1680	    0	    0	 3480
  2530 1.094021E-03 5.875392E-04 2.860992E-04   0	    0	    0
  2531 1.214398E-03 1.214736E-03 8.457645E-04   0	    0	    0
  2532 1.064301E-03 8.727538E-04 2.851141E-04   1	   67	    0	    0	10473
  2533 7.177160E-04 7.567768E-04 1.352522E-03   6	   94	 1124	 1942	 2052	 4408	 6326	    0	    0	 4516	 4838	 4538	 4537	 4878	 4879
  2534 1.149120E-03 2.633377E-04 2.836307E-04   3	  122	 1472	 2367	    0	    0	10483	 8187	 8157
  2535 1.445166E-04 1.108462E-03 1.564773E-04   6	  279	 1336	 2352	 3449	 4146	 6073	    0	    0	 1156	10302	10306	 1400	 1354	 1143
  2536 5.268450E-05 1.368421E-04 4.396608E-04   3	  821	  926	 2326	    0	    0	  593	 9225	  329
  2537 5.279834E-05 3.139136E-04 1.042541E-03   1	 1914	    0	    0	  558
  2538 1.076010E-03 7.138758E-04 3.274813E-04   1	 6007	    0	    0	 9725
  2539 1.121905E-03 1.574592E-04 3.349199E-04   3	  243	 1659	 4569	    0	    0	 8047	10506	 8149
  2540 7.817383E-04 7.438830E-04 9.033581E-04   3	  266	 5650	 6652	    0	    0	 5767	 5626	 5232
  2541 1.276683E-03 4.541402E-06 4.654441E-04   2	    0	  606	    0	    1	 9011	 8753
  2542 9.600000E-07 5.798592E-04 1.018708E-03   3	   -1	 1793	 5492	    1	    0	  148	  282	  266
  2543 9.600000E-07 3.881357E-04 1.243081E-03   2	   -1	 6377	    1	    0	  163	 9390
  2544 9.600000E-07 1.823708E-05 2.246208E-04   3	   -1	  846	 4936	    1	    0	   40	  349	  241
  2545 9.600000E-07 8.168115E-04 1.972395E-04   2	   -1	 4895	    1	    0	   34	  337
  2546 9.600000E-07 1.928408E-04 3.974208E-04   3	   -1	  926	 3204	    1	    0	   82	  290	10556
  2547 9.600000E-07 7.864987E-04 1.853955E-04   1	   -1	    1	    0	   33
  2548 9.600000E-07 6.240187E-05 1.047591E-04   2	   -1	 1936	    1	    0	   17	 9155
  2549 1.470223E-04 8.217940E-04 1.532248E-03   1	    1	    0	    0	 1398
  2550 1.358515E-04 6.854958E-04 1.532658E-03   1	 1867	    0	    0	 1059
  2551 8.256238E-04 1.274964E-03 1.282616E-03   1	  399	    0	    0	 6143
  2552 4.165980E-04 4.502400E-04 1.532473E-03   0	    0	    0
  2553 9.348458E-04 9.695808E-04 3.337590E-06   3	 1129	 1184	 5242	    0	    0	10147	 7315	10107
  2554 1.036608E-04 3.343325E-06 2.560488E-04   0	    0	    0
  2555 1.479873E-04 3.530065E-06 5.395008E-04   2	 3719	 5529	    0	    0	 1179	 1116
  2556 1.862126E-04 1.275194E-03 8.830080E-05   3	  177	 1244	 1845	    0	    0	 1822	 1416	 1979
  2557 2.361874E-04 7.821272E-04 3.184837E-06   2	  245	 4673	    0	    0	 2405	 2270
  2558 4.807849E-04 3.526556E-06 1.018558E-03   4	  116	 3957	 5019	 5512	    0	    0	 9137	10788	 3207	 3263
  2559 2.803392E-04 6.729573E-04 3.521115E-06   1	  802	    0	    0	 2444
  2560 9.481384E-04 1.238381E-03 1.532810E-03   1	   55	    0	    0	 7333
  2561 3.277887E-04 1.004141E-03 3.349543E-06   0	    0	    0
  2562 1.535808E-04 4.047031E-06 3.561600E-04   1	 1078	    0	    0	 1593
  2563 2.630208E-04 1.258419E-03 3.055386E-06   2	 2576	 5536	    0	    0	 2370	 2515
  2564 1.249901E-03 3.529687E-06 3.648192E-04   3	  689	  823	  857	    0	    0	 8708	 8781	10552
  2565 7.200192E-04 1.271059E-03 2.207808E-04   2	    2	  231	    0	    0	 4341	 4342
  2566 4.555637E-04 4.443337E-04 1.532814E-03   2	 1052	 2869	    0	    0	 3232	 3188
  2567 1.058338E-03 1.115624E-03 3.766253E-06   0	    0	    0
  2568 1.112921E-03 1.141722E-03 3.041059E-06   1	 2871	    0	    0	 8051
  2569 9.226254E-05 3.766419E-06 2.159968E-04   2	 1215	 4934	    0	    0	  722	  588
  2570 1.120007E-03 1.075008E-04 3.184521E-06   1	 2611	    0	    0	10355
  2571 1.158710E-03 1.736165E-04 1.532664E-03   1	 1288	    0	    0	 8199
  2572 1.130776E-03 3.329951E-06 1.113619E-03   2	    7	  421	    0	    0	 8151	 8175
  2573 9.907008E-04 7.109188E-04 1.532947E-03   2	 1850	 1883	    0	    0	 7692	 7777
  2574 1.035702E-03 3.185661E-06 2.758021E-04   3	  125	 1302	 2329	    0	    0	 7822	 7867	10474
  2575 1.274237E-03 4.694466E-04 3.347564E-06   3	    0	   29	 5827	    0	    1	 8918	 8876	10361
  2576 2.323008E-04 1.275540E-03 3.530079E-06   2	  177	 2563	    0	    0	 2041	 2370
  2577 2.332896E-04 3.071808E-04 8.246515E-04   1	 4040	    0	    0	 9323
  2578 8.174687E-04 1.144675E-03 1.273770E-03   6	   87	  423	  500	  520	 1218	 4427	    0	    0	10973	11004	 6191	 6157	 5889	 6051
  2579 8.494763E-05 9.127652E-04 1.027118E-04   3	  869	 4749	 6008	    0	    0	  639	  586	  808
  2580 1.170089E-03 6.019252E-04 4.121866E-04   0	    0	    0
  2581 5.328023E-04 1.039524E-03 1.067883E-03   0	    0	    0
  2582 1.545487E-04 1.018419E-03 4.315413E-04   7	  429	 1690	 3014	 3807	 4222	 4714	 4719	    0	    0	 1197	 1280	10576	 1523	 1496	 1196	10180
  2583 6.806472E-04 2.780365E-04 2.716839E-04   1	 1299	    0	    0	 4152
  2584 1.086841E-04 1.027998E-03 2.931546E-04   4	  218	 2072	 3861	 4297	    0	    0	10232	 1166	  724	 1030
  2585 9.281646E-04 1.467339E-04 4.081467E-04   1	  743	    0	    0	 9220
  2586 1.124379E-03 3.217091E-05 2.809366E-04   5	 1885	 3905	 4046	 4845	 6035	    0	    0	 8080	 8098	 8120	 9148	 8099
  2587 2.217667E-04 7.440083E-04 3.752141E-04   0	    0	    0
  2588 1.528446E-04 7.941241E-04 6.109131E-04   0	    0	    0
  2589 3.369659E-04 2.668608E-04 6.111729E-04   1	 2364	    0	    0	 2775
  2590 2.007882E-04 4.846344E-04 1.382381E-03   0	    0	    0
  2591 3.614230E-04 5.649791E-05 1.774767E-05   0	    0	    0
  2592 5.347270E-04 3.561548E-04 2.933975E-04   0	    0	    0
  2593 9.338599E-04 9.857653E-04 1.314229E-03   4	 1041	 2054	 2840	 3045	    0	    0	 7206	 7066	 7223	 7374
  2594 4.311837E-04 2.876386E-04 2.238834E-04   2	   12	   68	    0	    0	 3063	 3083
  2595 3.486400E-04 1.121661E-04 1.241272E-03   0	    0	    0
  2596 8.516829E-04 4.172527E-04 2.238319E-04   1	 4919	    0	    0	 6522
  2597 5.308904E-04 1.395381E-04 6.255099E-05   1	 1045	    0	    0	10376
  2598 7.766341E-04 8.254080E-05 2.633998E-04   1	 2423	    0	    0	 5567
  2599 4.562104E-05 4.100624E-04 2.598260E-04   1	 4854	    0	    0	  528
  2600 7.146905E-04 6.958550E-04 1.080504E-03   5	  246	  258	 1162	 1173	 3891	    0	    0	 9715	 4601	10853	 4324	 5192
  2601 2.332676E-04 7.073721E-04 2.639946E-04   1	 4885	    0	    0	 2258
  2602 1.149117E-03 6.654732E-04 1.407970E-03   1	  848	    0	    0	 8177
  2603 4.221075E-04 2.150208E-04 4.691642E-05   1	  973	    0	    0	 3045
  2604 4.022418E-04 1.194008E-04 7.568792E-05   0	    0	    0
  2605 1.643078E-04 7.726563E-04 4.483098E-04   8	 3356	 3975	 4280	 4727	 4730	 6531	 6544	 6593	    0	    0	 2052	 1257	 1475	 9802	 1296	 1733	10577	 1364
  2606 1.296075E-04 4.427063E-04 3.724992E-04   2	 2500	 5725	    0	    0	10543	  988
  2607 6.902445E-04 1.233748E-03 1.314243E-03   1	 4462	    0	    0	10346
  2608 1.008953E-03 8.846562E-04 2.745408E-04   2	   67	 1263	    0	    0	 9917	 7829
  2609 1.105461E-03 4.718517E-04 4.289718E-04   2	  756	 4667	    0	    0	 7989	 8038
  2610 4.195171E-04 8.075224E-04 2.833763E-05   1	   54	    0	    0	 3104
  2611 1.128000E-03 1.161577E-04 3.118368E-05   4	 1827	 2570	 4086	 5776	    0	    0	 9183	10355	 8010	 8119
  2612 1.719836E-04 1.214548E-03 5.387152E-04   4	   58	 3421	 5335	 5662	    0	    0	 1285	 1500	10653	 1499
  2613 1.294578E-04 3.633430E-04 4.100787E-04   0	    0	    0
  2614 8.265513E-04 9.302456E-04 9.899079E-04   3	  206	 3948	 6203	    0	    0	 5994	 6173	10027
  2615 3.363519E-04 1.047220E-03 5.732666E-04   2	 1747	 2103	    0	    0	 2871	 2793
  2616 1.237442E-03 4.784428E-04 5.135954E-04   0	    0	    0
  2617 3.310057E-04 1.632081E-05 1.485271E-03   1	  690	    0	    0	 2737
  2618 1.198099E-03 7.764680E-04 9.929489E-04   4	 1660	 1839	 3141	 5067	    0	    0	 8329	 8338	 8463	 8465
  2619 7.437966E-04 7.007312E-05 1.072167E-03   1	 2291	    0	    0	 4937
  2620 8.497593E-04 9.444156E-05 1.011038E-03   1	 1957	    0	    0	10792
  2621 2.399229E-05 2.254062E-04 4.347289E-04   2	  895	 2972	    0	    0	  403	  244
  2622 8.553657E-04 5.581008E-04 1.492946E-03   0	    0	    0
  2623 1.175841E-03 5.998219E-05 2.653254E-04   2	 3339	 4215	    0	    0	 9157	 8346
  2624 1.212817E-03 1.439252E-05 2.504137E-04   3	  358	 1944	 2522	    0	    0	 8598	 8521	 9129
  2625 9.361603E-04 1.117459E-03 1.024170E-03   0	    0	    0
  2626 1.222230E-03 8.284819E-04 1.386602E-03   6	 3320	 3594	 4165	 4446	 5562	 6366	    0	    0	 8492	 8736	 8640	 8696	 8459	 8558
  2627 1.083253E-04 5.979383E-04 7.939121E-04   7	 1151	 1586	 2445	 3128	 6805	 6815	 6818	    0	    0	10697	 1075	 1022	10700	  898	  703	  738
  2628 9.897669E-04 1.852884E-04 1.244620E-03   2	  789	 1165	    0	    0	 7683	 7538
  2629 5.089174E-05 8.672218E-04 6.624855E-05   3	  869	 2661	 4102	    0	    0	  611	  610	  638
  2630 1.001433E-03 7.945221E-04 4.254389E-04   2	   11	 1494	    0	    0	 7645	 7718
  2631 5.518498E-04 6.915568E-04 3.713579E-04   1	   91	    0	    0	 9700
  2632 7.214854E-05 1.636458E-04 4.694392E-04   2	 1962	 3445	    0	    0	  679	  680
  2633 9.219691E-04 9.857602E-04 4.694462E-04   4	   19	 1710	 2967	 4267	    0	    0	 7216	 7217	10162	 6999
  2634 6.650694E-04 3.600147E-04 6.268836E-04   1	 5205	    0	    0	 4212
  2635 1.186195E-03 7.907797E-05 3.465722E-04   1	 3147	    0	    0	 8397
  2636 3.963180E-04 1.254569E-03 9.009448E-04   2	    4	 1293	    0	    0	 3004	10349
  2637 8.035142E-04 4.353868E-04 1.796613E-04   2	 1339	 3434	    0	    0	 5794	 5543
  2638 9.321489E-04 6.158561E-04 1.446716E-03   1	 1422	    0	    0	 7074
  2639 1.043658E-03 1.170739E-03 8.481752E-06   0	    0	    0
  2640 4.924772E-04 5.899030E-04 1.371989E-03   1	 2238	    0	    0	 3280
  2641 8.958377E-04 3.732416E-04 1.417763E-03   2	  514	 1044	    0	    0	 6948	 6861
  2642 1.324992E-04 9.765127E-04 4.638207E-04   5	 1690	 1866	 2108	 4308	 4619	    0	    0	 1174	 1195	 1225	 1017	 1320
  2643 1.965919E-04 5.552421E-04 8.361589E-04   2	  446	 1577	    0	    0	 9495	 9494
  2644 4.193674E-04 2.853253E-04 5.807965E-04   4	 2904	 3319	 3927	 4191	    0	    0	 3085	 3075	 3015	 9282
  2645 1.713491E-04 8.324723E-04 1.505174E-04   4	 1174	 3099	 4787	 4889	    0	    0	 1379	 1305	 1616	 9876
  2646 7.174780E-04 4.323616E-04 1.295920E-04   1	 6005	    0	    0	 4765
  2647 1.254241E-04 8.574316E-04 6.436712E-04   0	    0	    0
  2648 1.248117E-05 8.168109E-04 5.295575E-04   2	   -1	 2901	    1	    0	  109	  331
  2649 9.264080E-04 7.630443E-04 3.867257E-04   2	   47	 1634	    0	    0	 7161	 7215
  2650 3.318035E-04 3.469029E-04 1.515835E-03   2	 1894	 2196	    0	    0	 2823	 2765
  2651 8.092748E-04 6.768079E-04 1.221922E-03   4	  228	 1163	 3639	 5125	    0	    0	 6099	10948	 5982	 5685
  2652 1.449747E-04 1.197279E-03 3.540918E-04   4	   23	   85	  428	 2660	    0	    0	 1190	 1254	 1315	 1471
  2653 7.113571E-04 6.676913E-04 1.189784E-03   5	   44	  775	  971	 1356	 1363	    0	    0	 4303	 4249	 4196	 9570	 4076
  2654 1.011024E-03 3.403060E-04 1.250878E-03   1	   37	    0	    0	 7730
  2655 4.065759E-04 3.254465E-04 6.230454E-04   7	 3068	 3244	 3299	 3563	 5212	 6743	 6756	    0	    0	 3112	 2996	 3003	 2986	 9306	 3095	 3026
  2656 2.236757E-04 6.921585E-04 3.193745E-06   0	    0	    0
  2657 1.047721E-03 5.714102E-04 3.254516E-04   0	    0	    0
  2658 6.902411E-04 1.646970E-05 1.176493E-03   0	    0	    0
  2659 8.096333E-04 3.715178E-04 1.654842E-04   0	    0	    0
  2660 1.659376E-04 1.214197E-03 3.556691E-04   7	   85	  179	  428	  782	 1497	 2237	 2652	    0	    0	10341	10526	10339	 1423	 1520	 1646	 1471
  2661 8.336324E-05 8.555071E-04 7.008051E-05   1	 2629	    0	    0	  610
  2662 4.944010E-04 9.358487E-04 6.233858E-04   0	    0	    0
  2663 1.472251E-04 6.518452E-04 4.808196E-04   5	 3785	 4603	 4617	 4655	 6611	    0	    0	 9621	 1282	 1128	 1150	10615
  2664 4.905564E-04 7.035177E-04 6.958406E-04   0	    0	    0
  2665 6.708846E-04 4.558483E-04 1.364153E-03   0	    0	    0
  2666 1.002707E-03 9.492828E-04 8.735951E-05   3	  297	 1742	 5807	    0	    0	 7593	 7675	10104
  2667 7.545408E-04 5.732697E-04 1.179682E-03   3	   44	  559	 2726	    0	    0	 5011	 9535	 5310
  2668 6.508992E-04 3.571392E-04 1.224075E-04   0	    0	    0
  2669 1.892721E-04 3.275118E-04 8.995258E-04   1	 2480	    0	    0	 1803
  2670 1.604749E-04 5.011008E-04 9.238882E-04   7	 2709	 3235	 3361	 3474	 3701	 3763	 5449	    0	    0	 1692	 1531	 1291	10745	 9460	 1247	 1483
  2671 1.090851E-05 7.097928E-04 1.201539E-04   1	   -1	    1	    0	   21
  2672 1.295948E-04 1.148964E-03 1.716863E-04   3	  222	 1336	 2352	    0	    0	  985	10311	 1062
  2673 6.998371E-04 1.089400E-03 1.329941E-03   4	   96	  224	  277	 4327	    0	    0	 4336	 4586	 4311	 4699
  2674 1.111661E-03 1.258422E-03 3.868841E-04   1	    3	    0	    0	 8101
  2675 6.710459E-04 1.217673E-04 8.448192E-04   1	 3001	    0	    0	 9173
  2676 1.185440E-03 1.993167E-04 1.512152E-03   1	  196	    0	    0	 8321
  2677 3.617137E-04 1.110126E-03 6.267247E-04   4	  997	 1700	 2187	 5209	    0	    0	 2900	 2817	 2918	 2831
  2678 3.422233E-04 9.129676E-04 4.752084E-04   7	   21	  414	  601	 2679	 4657	 4712	 6591	    0	    0	 2829	10026	 2722	 2798	10005	10599	 2868
  2679 3.237201E-04 8.858699E-04 4.761408E-04   7	 2376	 2678	 3686	 4610	 4653	 4657	 4659	    0	    0	 2686	 2798	 9974	 2721	 2760	 2783	10620
  2680 6.431687E-05 2.380608E-04 1.718555E-04   1	  852	    0	    0	  632
  2681 7.055988E-04 6.290146E-04 9.515783E-04   5	  252	  452	 1406	 2347	 3446	    0	    0	 4426	 4375	 4478	 4845	 4498
  2682 1.142500E-04 2.223650E-05 1.697641E-04   1	 1902	    0	    0	 1060
  2683 1.905430E-04 8.728029E-04 5.193522E-04   4	 1463	 2081	 5694	 6419	    0	    0	 1737	 1903	 9962	 1740
  2684 8.035142E-04 6.954018E-04 1.139516E-03   5	   88	  958	  998	 1351	 5149	    0	    0	10888	 9714	 5807	 5484	10890
  2685 2.735995E-04 8.576290E-04 3.964696E-04   0	    0	    0
  2686 1.047356E-03 2.044759E-04 1.483004E-03   3	  485	 1569	 4315	    0	    0	 7882	 7866	 9262
  2687 1.833558E-04 3.582262E-04 8.651188E-04   3	  987	 4304	 5454	    0	    0	 1552	10713	 1819
  2688 7.580384E-04 4.492608E-04 3.523139E-04   2	 1439	 5700	    0	    0	 5213	 5259
  2689 7.804721E-04 8.611211E-04 1.287353E-03   2	  708	 4226	    0	    0	 5447	 5470
  2690 9.695386E-05 7.614346E-04 5.692770E-04   2	 3041	 6510	    0	    0	  801	  896
  2691 1.012794E-03 8.067649E-04 4.702961E-05   2	   27	  617	    0	    0	 7698	 9841
  2692 7.115071E-04 5.325933E-04 1.527558E-03   0	    0	    0
  2693 1.174085E-03 8.970008E-04 3.848084E-04   1	 4467	    0	    0	10546
  2694 1.237580E-03 1.255559E-04 2.027036E-04   1	 5863	    0	    0	 8597
  2695 5.731142E-04 1.275672E-03 4.983888E-04   1	  254	    0	    0	 3526
  2696 1.488067E-04 1.255946E-04 8.927794E-05   8	  727	  874	 1152	 1370	 4142	 4283	 4792	 4816	    0	    0	 9199	 1119	 1102	 1043	  960	 1376	 9194	 1042
  2697 1.911867E-04 9.283201E-04 5.001599E-04   7	  189	 1676	 2400	 3468	 5284	 5694	 6422	    0	    0	 1930	 1871	 1874	 1795	 1855	 1929	10636
  2698 4.346781E-04 6.851489E-05 4.060804E-04   2	  114	  293	    0	    0	 3064	 3111
  2699 7.937702E-04 9.326165E-05 4.577751E-04   1	  644	    0	    0	 5568
  2700 5.214189E-04 2.549963E-04 1.271987E-03   0	    0	    0
  2701 9.417594E-04 3.425621E-04 1.377594E-03   1	 2206	    0	    0	 7296
  2702 5.404806E-04 5.579094E-04 1.352843E-03   0	    0	    0
  2703 1.189284E-03 1.430403E-04 3.542325E-04   3	  814	 3147	 4481	    0	    0	 8410	 8371	10538
  2704 9.974486E-04 8.572897E-04 2.590845E-05   2	   27	  629	    0	    0	 7552	 7625
  2705 2.507675E-04 5.116740E-04 1.193115E-03   0	    0	    0
  2706 9.600000E-07 3.176903E-06 1.267219E-03   1	   -1	    1	    0	  159
  2707 9.600000E-07 8.436902E-04 4.998182E-04   1	   -1	    1	    0	  107
  2708 1.689792E-04 3.937016E-04 8.967369E-04   2	 3220	 5448	    0	    0	 1635	 1746
  2709 1.920293E-04 4.748701E-04 9.314938E-04   4	  803	 2670	 3474	 6636	    0	    0	 1908	 1692	 1821	 2108
  2710 6.825665E-04 6.221282E-04 8.757962E-04   4	   79	  395	  686	 3732	    0	    0	10717	 4550	 4520	10731
  2711 6.234843E-04 5.972084E-04 1.070722E-03   6	  324	  401	  597	 1011	 3832	 6113	    0	    0	10863	 9575	 3660	 3733	 3764	 3646
  2712 1.599924E-04 3.641165E-05 1.187964E-03   2	 2762	 3113	    0	    0	 1613	 1694
  2713 1.451494E-04 7.555134E-04 4.468448E-04   6	 1755	 2829	 4597	 4677	 4730	 6593	    0	    0	 1087	 1238	 1126	 1387	 1172	 1239
  2714 1.026921E-04 7.401617E-04 4.065187E-04   1	 2741	    0	    0	  874
  2715 1.111645E-03 5.701949E-04 1.361299E-03   2	    8	  920	    0	    0	 8220	 7972
  2716 7.660608E-04 2.322892E-04 1.531198E-03   0	    0	    0
  2717 9.985920E-05 8.851503E-04 5.247922E-04   6	 2349	 4627	 4634	 4662	 5291	 6432	    0	    0	  818	  973	  728	  710	  821	 9924
  2718 1.023868E-03 3.564823E-04 1.519372E-03   1	    8	    0	    0	 7736
  2719 5.628563E-04 9.138963E-04 9.523935E-04   2	    4	 5349	    0	    0	 3433	 3481
  2720 8.039669E-04 6.047591E-04 1.299859E-03   7	  397	  449	  516	 3488	 3515	 4406	 4431	    0	    0	 5840	 9582	 6100	 5710	 9555	 5814	 5610
  2721 6.956803E-04 9.863629E-04 1.361300E-03   5	  227	  296	 1287	 1789	 1971	    0	    0	 4131	 4119	 4339	 4207	 4539
  2722 2.426643E-04 6.118540E-04 8.598713E-04   4	  560	 2457	 3174	 5414	    0	    0	 2137	 2282	 2303	 2400
  2723 1.215648E-03 4.701708E-05 2.164987E-04   3	  358	 1944	 2522	    0	    0	 8540	 9139	 8551
  2724 1.817798E-04 8.387457E-04 5.030951E-04   2	 1463	 3171	    0	    0	 1600	 1928
  2725 3.402698E-04 3.158318E-04 1.508832E-03   2	  111	 1043	    0	    0	 2845	 2824
  2726 7.766466E-04 5.517839E-04 1.202216E-03   4	   44	  927	 1500	 2667	    0	    0	10917	 5285	 9489	 5310
  2727 3.606824E-04 7.296215E-04 2.234687E-04   1	 2868	    0	    0	 2847
  2728 2.668608E-04 1.180191E-03 2.332895E-04   2	  842	 1797	    0	    0	 2416	 2408
  2729 2.476608E-04 7.800282E-04 4.192072E-04   6	 2325	 2430	 2481	 3356	 4685	 5774	    0	    0	 2449	 2489	 9778	 2380	 2379	 2330
  2730 7.360095E-04 5.500805E-04 2.186005E-04   1	  195	    0	    0	 4946
  2731 2.635497E-04 8.697320E-04 5.913792E-04   1	 2502	    0	    0	 2569
  2732 2.260383E-04 9.494348E-04 3.635055E-04   3	 2264	 3759	 4498	    0	    0	 2167	10529	 2071
  2733 1.010061E-04 7.678080E-05 1.759007E-04   4	  325	 4912	 5900	 5911	    0	    0	  743	 9154	  789	 1009
  2734 2.277206E-04 3.655437E-04 4.017933E-04   0	    0	    0
  2735 9.652506E-04 3.139253E-04 5.040074E-04   3	  811	 2520	 3837	    0	    0	 7437	 9312	 7479
  2736 9.125047E-04 5.985800E-04 1.147199E-03   4	  433	  865	 6088	 6166	    0	    0	 7100	 6962	 6900	 9563
  2737 3.964842E-04 7.089942E-04 1.632192E-04   1	 3401	    0	    0	 3060
  2738 7.512340E-04 6.537517E-04 1.143571E-03   8	  258	  559	  998	 1841	 1900	 2044	 3104	 5133	    0	    0	 4873	 9604	 5168	 5142	 5442	 5058	 5194	 5278
  2739 8.966592E-04 1.074688E-03 1.375677E-03   5	  347	  497	  652	 1343	 3859	    0	    0	 6836	 7190	 7047	 6712	11063
  2740 2.042657E-04 6.878635E-04 2.985631E-04   1	 5546	    0	    0	 1914
  2741 9.717538E-05 7.155278E-04 3.873282E-04   2	 2714	 5543	    0	    0	  874	  857
  2742 3.064537E-04 4.531392E-04 8.760298E-04  10	  961	  974	 1083	 1415	 1663	 2234	 3078	 6778	 6779	 6823	    0	    0	 2624	 2558	 2599	 2652	 2659	 2689	 2598	 2636	 2635	 2713
  2743 1.996992E-04 4.339392E-04 8.553432E-04   7	  446	 1002	 1487	 1636	 2200	 2985	 6794	    0	    0	 1877	 1970	 2037	 2056	 2078	 1802	 1779
  2744 6.201408E-04 4.896192E-04 4.646592E-04   3	 1300	 1322	 2812	    0	    0	 3813	10627	 3776
  2745 4.722916E-05 4.694564E-04 8.275392E-04   0	    0	    0
  2746 1.093704E-03 5.651004E-04 1.268666E-03   0	    0	    0
  2747 1.166049E-04 3.072192E-04 1.458452E-03   2	  682	 1030	    0	    0	 9302	  881
  2748 1.266591E-03 5.894592E-04 5.087808E-04   1	    0	    0	    1	 9019
  2749 8.248305E-04 8.865417E-04 1.141441E-03   2	  263	 2872	    0	    0	 5904	 6186
  2750 6.840279E-04 4.175973E-04 5.889787E-04   1	 1913	    0	    0	 3999
  2751 5.894208E-04 6.828302E-04 1.166385E-03   4	   61	 3302	 5159	 6157	    0	    0	 3523	 3604	 3522	 3584
  2752 5.462508E-04 1.850049E-05 1.457261E-03   1	 5271	    0	    0	11082
  2753 1.105229E-05 3.546812E-04 1.459392E-04   3	   -1	 2392	 4772	    1	    0	   26	  321	10411
  2754 7.439971E-04 2.695564E-04 4.329545E-04   0	    0	    0
  2755 4.332908E-04 8.477618E-05 1.447022E-04   2	 1405	 3440	    0	    0	 3056	 9158
  2756 5.515644E-04 3.585771E-04 6.751511E-04   3	 3491	 5196	 6762	    0	    0	 3425	 3343	 3391
  2757 3.309994E-04 4.903472E-04 4.334160E-04   1	 1361	    0	    0	 2759
  2758 1.258357E-03 1.212029E-03 1.238381E-03   3	 1280	 3022	 3684	    0	    0	 8637	 8636	 8725
  2759 3.179626E-04 4.585850E-04 4.886253E-04   2	 1361	 3784	    0	    0	10601	 2696
  2760 8.289926E-04 9.043008E-04 1.166131E-03   4	  976	 3717	 5085	 5179	    0	    0	 6117	10919	 9991	 5965
  2761 1.852856E-04 3.059741E-04 1.352428E-03   1	 4401	    0	    0	 1805
  2762 1.867575E-04 1.797150E-05 1.191868E-03   2	 2712	 3113	    0	    0	 1613	 1720
  2763 8.167615E-04 6.050863E-04 1.024526E-03   3	  326	 1426	 1431	    0	    0	 9536	10822	 5876
  2764 8.613307E-04 8.575491E-04 2.956683E-05   3	   39	 1517	 3679	    0	    0	10363	 6438	 6540
  2765 1.814400E-04 4.675085E-04 1.193718E-03   1	 1923	    0	    0	 1637
  2766 6.866590E-05 5.949089E-04 1.296051E-04   2	 2421	 3312	    0	    0	  720	 9545
  2767 7.500154E-04 1.022838E-03 1.262403E-03   4	  224	  700	 1147	 1892	    0	    0	10996	10210	 4922	 5247
  2768 9.888000E-05 7.670399E-04 5.198125E-04   4	 2348	 2814	 3041	 3581	    0	    0	  782	  711	10650	  954
  2769 1.114999E-03 2.872447E-04 2.636705E-04   0	    0	    0
  2770 8.294208E-04 1.017581E-03 1.454314E-03   5	  363	  580	 2059	 4169	 6533	    0	    0	 5990	 6166	 6335	 6252	 6196
  2771 7.776237E-05 1.718441E-04 2.695553E-04   2	 2228	 3357	    0	    0	  747	10477
  2772 1.857247E-04 8.995229E-04 6.355008E-04   0	    0	    0
  2773 9.890947E-04 7.539308E-04 1.194931E-03   4	  336	  493	  640	 5122	    0	    0	 7585	 7615	 7546	 7654
  2774 8.243664E-04 5.114180E-04 1.195692E-03   6	   44	  354	  474	 2393	 2466	 3082	    0	    0	 9473	 6216	 9453	 6071	 5809	 9451
  2775 9.437016E-05 5.876739E-05 2.675716E-04   0	    0	    0
  2776 7.030106E-04 5.113308E-04 1.197322E-03   3	   44	  720	 6367	    0	    0	 4778	 4446	10920
  2777 1.148843E-03 1.180733E-04 1.490679E-03   1	   75	    0	    0	11091
  2778 1.504557E-04 1.049089E-04 1.202014E-04   1	 1152	    0	    0	 1104
  2779 1.747008E-04 1.083405E-03 6.654800E-04   4	 1770	 3655	 6742	 6766	    0	    0	 1685	 1321	10258	10290
  2780 1.116489E-03 9.459535E-05 1.390014E-04   3	 3690	 5606	 6019	    0	    0	 8043	 8083	 8090
  2781 9.740736E-04 2.203388E-04 1.199906E-04   3	  190	  301	  980	    0	    0	 7579	10396	 7494
  2782 7.518839E-04 4.211827E-04 1.394765E-04   2	 1179	 3434	    0	    0	 5104	 5294
  2783 2.422119E-04 8.783975E-04 5.195767E-04   1	 5605	    0	    0	 9966
  2784 6.059538E-04 1.413460E-05 1.430435E-04   2	 1113	 1985	    0	    0	 3668	10407
  2785 7.423392E-05 9.797121E-04 5.937999E-04   2	  495	 2226	    0	    0	  605	  606
  2786 4.204608E-04 2.065933E-04 6.074187E-04   3	 2292	 2305	 3593	    0	    0	 2942	 2969	 3094
  2787 2.776361E-04 1.012610E-03 6.521047E-04   3	 3693	 6746	 6759	    0	    0	 2639	10683	 2399
  2788 6.801911E-04 1.113408E-04 1.433731E-03   1	 4125	    0	    0	 4098
  2789 2.219601E-04 4.947297E-04 1.186047E-03   1	 2471	    0	    0	 2080
  2790 1.913159E-04 3.297830E-04 1.180285E-03   3	 1446	 1773	 3409	    0	    0	 1780	 1910	 1977
  2791 1.214856E-04 1.053124E-03 6.612376E-04   2	  499	 5195	    0	    0	  878	 1094
  2792 2.846706E-04 8.977949E-04 6.573991E-04   2	 3566	 5213	    0	    0	 2650	10007
  2793 1.269818E-03 5.313182E-04 4.586496E-06   3	    0	   29	 5007	    0	    1	 8920	 8842	 9463
  2794 1.091320E-03 1.818899E-04 7.796227E-05   5	 2165	 2221	 3263	 3851	 5752	    0	    0	 7934	 8035	 7945	 7974	 9231
  2795 4.912266E-04 2.438208E-04 6.576004E-04   1	 2405	    0	    0	 3301
  2796 1.663455E-04 8.613179E-04 2.605973E-04   4	 2954	 3978	 4082	 5955	    0	    0	 1513	 1724	 1442	 1786
  2797 3.359808E-04 8.765154E-04 7.241289E-04   0	    0	    0
  2798 9.888328E-05 1.231939E-03 2.231835E-04   1	  222	    0	    0	  998
  2799 4.274148E-04 7.327431E-04 8.160444E-05   1	  867	    0	    0	 3109
  2800 5.803494E-04 3.103401E-06 1.521338E-03   0	    0	    0
  2801 1.100917E-03 9.662884E-05 2.234246E-04   3	 2991	 5547	 5933	    0	    0	 7965	 7967	10464
  2802 6.571012E-04 1.660831E-04 4.698883E-04   2	 1168	 1543	    0	    0	 3851	 3902
  2803 7.226112E-04 8.145689E-06 1.122030E-03   0	    0	    0
  2804 1.415752E-04 6.604992E-04 1.120117E-03   3	 1999	 3142	 5158	    0	    0	 9666	 1100	 1375
  2805 3.518286E-04 1.396330E-05 5.444652E-05   0	    0	    0
  2806 4.197153E-04 1.629102E-04 9.333391E-05   2	  964	 3575	    0	    0	 3062	 3130
  2807 1.701862E-04 7.288460E-04 4.442735E-04   5	 2829	 2986	 3466	 4247	 4621	    0	    0	 1388	10605	 1429	 1597	 9719
  2808 1.184175E-03 8.971597E-04 4.466032E-04   1	 1799	    0	    0	 9938
  2809 1.177925E-03 5.612749E-04 8.588105E-05   2	  346	 5709	    0	    0	 8323	 8345
  2810 4.118401E-04 6.048143E-05 1.374701E-03   1	 1434	    0	    0	 3023
  2811 1.353600E-04 8.671458E-04 5.215497E-04   4	 3604	 4117	 4627	 6420	    0	    0	 1260	 1178	 1071	 1300
  2812 6.140263E-04 4.492992E-04 4.695885E-04   4	 1032	 1808	 2303	 2744	    0	    0	 3626	 3619	 3712	 3776
  2813 5.877311E-05 6.427420E-04 4.459615E-04   0	    0	    0
  2814 7.391869E-05 7.634657E-04 5.212823E-04   2	 2348	 2768	    0	    0	  684	  711
  2815 9.676608E-04 9.933928E-04 7.463558E-04   0	    0	    0
  2816 8.940810E-04 1.037481E-03 2.140925E-04   2	    2	   24	    0	    0	 6953	10202
  2817 2.426811E-04 1.526246E-04 3.595847E-05   2	 1911	 2910	    0	    0	 2375	 9230
  2818 7.776000E-05 3.213953E-04 2.162676E-04   1	 5970	    0	    0	  612
  2819 5.419018E-04 2.412908E-04 2.064029E-04   2	  792	 1321	    0	    0	 3387	 9263
  2820 5.119528E-04 7.766441E-04 6.151563E-04   0	    0	    0
  2821 6.694478E-04 1.002939E-03 1.317762E-03   2	  224	 1789	    0	    0	10191	 4063
  2822 1.242928E-03 1.004862E-03 1.087472E-03   2	 4992	 5611	    0	    0	 8785	 8860
  2823 2.351900E-04 7.075175E-04 4.543342E-04   1	 4612	    0	    0	 2331
  2824 4.977322E-04 6.938179E-04 7.478212E-04   0	    0	    0
  2825 1.120058E-03 3.244608E-04 1.379528E-03   3	   32	   36	   50	    0	    0	11072	 8067	11057
  2826 7.666039E-04 8.781298E-04 1.103051E-03   5	  526	 1479	 1545	 4157	 4993	    0	    0	 5438	 5115	 5502	 9961	 5460
  2827 1.201300E-03 3.045816E-04 1.380461E-03   2	 1211	 2311	    0	    0	 8433	 8434
  2828 7.339555E-04 5.056045E-04 1.099530E-03   4	   44	 1092	 1099	 1824	    0	    0	 4938	 4960	 9440	 4754
  2829 1.372746E-04 7.161792E-04 4.473792E-04   6	 2713	 2807	 3801	 4597	 4621	 4686	    0	    0	 1238	 1388	 1497	 9728	 1346	 1237
  2830 2.815500E-04 1.193289E-03 4.572572E-04   1	 1272	    0	    0	 2592
  2831 1.771610E-04 9.089245E-04 4.577208E-04   5	 1676	 3053	 3926	 4609	 6596	    0	    0	 1898	 1964	 1428	 1792	 9995
  2832 7.363165E-04 7.572489E-04 1.317634E-03   4	  112	 1939	 2052	 3117	    0	    0	 4788	 5314	 4789	 9789
  2833 1.016429E-03 1.490718E-04 2.179200E-04   2	 2118	 6047	    0	    0	10436	10437
  2834 1.163002E-03 2.949219E-04 4.805186E-04   0	    0	    0
  2835 2.414588E-04 9.395817E-04 5.633159E-04   3	  189	  630	 3450	    0	    0	 2221	 2136	 2191
  2836 9.127007E-04 1.038262E-03 4.811679E-04   5	    2	    6	   11	 2967	 3185	    0	    0	 7038	 6976	10623	 7039	 7080
  2837 4.286773E-04 1.063537E-04 7.947609E-05   1	 3287	    0	    0	10378
  2838 8.460251E-04 9.201980E-04 1.152960E-03   4	  548	  976	 5097	 6360	    0	    0	10883	 6392	 6305	 6449
  2839 9.227621E-04 6.938105E-04 1.051652E-03   1	  441	    0	    0	 7142
  2840 9.323664E-04 9.974509E-04 1.293380E-03   3	   41	 2054	 2593	    0	    0	10995	 7107	 7223
  2841 6.093974E-04 6.252207E-04 1.528957E-03   0	    0	    0
  2842 7.110297E-04 9.364472E-04 1.051191E-03   5	  328	 1536	 2345	 4051	 4971	    0	    0	10078	10844	10051	 4953	 4619
  2843 8.569603E-05 6.842718E-04 1.622441E-04   0	    0	    0
  2844 1.262069E-03 1.231947E-03 1.334381E-03   2	 2495	 5471	    0	    0	 8849	 8883
  2845 6.811349E-04 9.861543E-05 8.927999E-05   3	  540	  754	 2229	    0	    0	 4291	 9170	 9172
  2846 1.202622E-03 5.620200E-05 1.529887E-04   4	  358	 4780	 4904	 4906	    0	    0	10415	 8539	 8425	 8527
  2847 2.164957E-04 4.029103E-04 1.336790E-03   1	 2092	    0	    0	 9398
  2848 1.150765E-03 1.793122E-04 2.524869E-04   6	  214	  286	  882	 3102	 4083	 5978	    0	    0	 8172	 8079	10449	 8238	 8184	 8213
  2849 6.239518E-04 5.567808E-04 2.544033E-04   2	  188	  289	    0	    0	 3720	 3729
  2850 1.225663E-03 5.869985E-04 1.492410E-04   4	   29	   35	 1024	 1947	    0	    0	 8473	 8495	10416	 8572
  2851 6.828375E-04 6.054529E-06 1.564729E-04   0	    0	    0
  2852 5.369108E-04 1.179836E-03 1.287691E-03   2	    1	 5564	    0	    0	 3341	10322
  2853 5.443150E-04 9.900342E-04 1.041813E-03   0	    0	    0
  2854 2.483122E-04 1.011151E-03 6.078895E-04   2	 1140	 2372	    0	    0	 2365	 2279
  2855 2.563212E-04 5.810573E-04 1.540629E-04   2	  773	 1158	    0	    0	10401	 2342
  2856 6.753173E-04 5.554008E-04 1.158728E-03   3	  324	  720	 5163	    0	    0	 4007	 9488	 4301
  2857 1.185380E-04 2.995392E-04 1.131840E-03   2	  991	 5151	    0	    0	  902	 1137
  2858 9.055397E-04 3.072192E-04 1.297075E-03   1	  339	    0	    0	 6990
  2859 7.956220E-04 5.551755E-04 1.058891E-03   4	  326	  361	 1447	 1927	    0	    0	 9492	 5852	 5602	 5751
  2860 1.216763E-03 1.754143E-04 2.347615E-04   2	 4831	 4847	    0	    0	 8453	 9241
  2861 7.730561E-04 7.749310E-04 1.126409E-03   3	  246	  255	 6168	    0	    0	 5440	 5634	 5577
  2862 1.046300E-04 1.190872E-03 2.311006E-04   5	  222	  345	 1969	 2224	 4926	    0	    0	  840	10450	 1028	  907	  928
  2863 1.256627E-03 6.360328E-04 1.446995E-03   2	 2084	 2170	    0	    0	 8756	 8788
  2864 4.020241E-04 1.161723E-04 1.125917E-04   1	  964	    0	    0	 3020
  2865 1.451646E-04 2.949246E-04 5.210179E-04   2	  641	 2388	    0	    0	 1241	 9297
  2866 1.001483E-03 4.195206E-04 1.234054E-03   1	 4429	    0	    0	 7686
  2867 8.740560E-04 3.311925E-04 7.014894E-04   1	  187	    0	    0	 6441
  2868 3.502029E-04 7.222179E-04 2.388357E-04   2	  527	 2727	    0	    0	 2803	 2847
  2869 4.617626E-04 4.219564E-04 1.510523E-03   2	  111	 2566	    0	    0	 3180	 3188
  2870 8.035283E-04 1.275438E-03 7.782967E-04   1	   33	    0	    0	 5697
  2871 1.123903E-03 1.168580E-03 1.407333E-05   1	 2568	    0	    0	 8051
  2872 8.380811E-04 8.740664E-04 1.144301E-03   3	  223	 1194	 2749	    0	    0	 6153	 6304	 6186
  2873 3.989096E-04 1.427810E-04 9.079525E-06   0	    0	    0
  2874 5.217798E-04 8.705189E-04 6.215678E-04   2	  491	 1736	    0	    0	 9957	 3296
  2875 3.552301E-05 9.585341E-04 1.682692E-04   3	 1523	 3303	 4265	    0	    0	  412	  554	  426
  2876 1.274600E-03 8.558581E-04 1.335800E-03   4	    0	 1938	 3594	 4355	    0	    1	 9089	 9863	 8903	 8885
  2877 1.066117E-03 7.968465E-05 1.701285E-04   3	 1304	 3690	 4902	    0	    0	 7928	 7958	 7911
  2878 4.369879E-05 8.213019E-04 3.446376E-04   2	  897	 3534	    0	    0	 9903	 9885
  2879 7.021985E-04 7.039536E-04 9.208976E-04   3	  686	 4200	 5356	    0	    0	 4374	10748	 4799
  2880 4.211788E-04 1.116580E-04 9.379157E-04   4	  116	  144	 1906	 5450	    0	    0	 3050	 3102	 3098	 3106
  2881 3.194164E-04 2.659417E-04 1.003397E-03   0	    0	    0
  2882 1.581415E-04 5.867698E-04 8.342410E-04   0	    0	    0
  2883 8.901856E-04 1.686647E-04 8.932651E-04   2	 1450	 5444	    0	    0	 6765	 6802
  2884 8.582592E-04 5.155162E-04 1.411948E-03   2	 1712	 5015	    0	    0	 6462	 6435
  2885 5.359704E-04 1.945423E-04 3.441873E-04   2	  563	 4500	    0	    0	10512	 3408
  2886 4.546001E-05 3.833072E-04 3.443049E-04   4	 1645	 2197	 3369	 4492	    0	    0	  417	  466	  444	  529
  2887 1.163002E-03 1.157245E-03 6.645171E-05   1	 2913	    0	    0	 8264
  2888 2.255826E-04 8.681330E-04 2.849302E-04   1	 4533	    0	    0	10488
  2889 1.097346E-04 1.718361E-04 4.161722E-04   1	 2046	    0	    0	  876
  2890 1.022397E-03 7.510146E-04 2.848483E-04   2	   67	  542	    0	    0	 7773	 7725
  2891 2.652534E-04 4.219379E-04 1.001943E-03   5	 1335	 1555	 2082	 2318	 3842	    0	    0	 2430	 2464	 9397	 2463	 2528
  2892 5.300288E-05 3.384323E-04 2.851150E-04   0	    0	    0
  2893 1.126079E-03 7.385708E-04 8.940196E-04   0	    0	    0
  2894 6.844884E-04 8.357224E-04 9.989189E-04   5	 3081	 3218	 4065	 5027	 6216	    0	    0	 4234	 4379	 4380	 4381	 4353
  2895 8.905840E-04 4.717990E-04 1.475531E-03   1	 4681	    0	    0	 6796
  2896 1.037764E-03 3.071808E-04 1.481489E-03   1	   32	    0	    0	 7768
  2897 9.052861E-04 1.970729E-04 4.214416E-04   0	    0	    0
  2898 1.074512E-03 7.034171E-04 2.738612E-04   1	  541	    0	    0	 7904
  2899 5.286932E-04 3.251184E-04 3.436608E-04   2	 1025	 3695	    0	    0	10531	 3331
  2900 2.580440E-04 5.251270E-04 1.012349E-03   5	  410	  913	 2285	 3795	 5377	    0	    0	 2243	 2456	 2465	 2462	 2548
  2901 1.204095E-05 8.414724E-04 5.345153E-04   2	   -1	 2648	    1	    0	  117	  331
  2902 1.262132E-03 8.916383E-04 8.877328E-04   0	    0	    0
  2903 5.152587E-04 2.491361E-04 3.115591E-04   2	 1236	 1895	    0	    0	 3308	 3309
  2904 4.327562E-04 2.981184E-04 5.812463E-04   5	 2644	 3927	 5310	 5326	 6498	    0	    0	 3085	 9307	10671	 3122	 3171
  2905 6.388073E-06 5.633120E-04 6.816150E-05   1	   -1	    1	    0	    8
  2906 9.986971E-04 9.375623E-04 9.861896E-04   4	  838	 2122	 4349	 6205	    0	    0	 7720	 7601	 7571	 7653
  2907 8.039610E-04 6.654847E-04 9.072015E-04   1	 3672	    0	    0	 5725
  2908 1.449679E-04 4.801521E-06 3.047562E-04   1	 1918	    0	    0	 1277
  2909 1.038425E-03 7.781169E-04 9.883387E-04   1	 4072	    0	    0	 7813
  2910 2.392404E-04 1.856108E-04 4.127265E-05   2	 2067	 2817	    0	    0	 2341	 9230
  2911 1.637160E-04 3.579309E-05 3.871474E-04   0	    0	    0
  2912 2.767738E-04 5.844485E-04 9.875764E-04   4	 2249	 5377	 5628	 6170	    0	    0	 2580	 9518	 9524	 2561
  2913 1.169967E-03 1.130861E-03 7.030028E-05   2	 1976	 2887	    0	    0	10379	 8264
  2914 8.403422E-04 1.107083E-03 1.265977E-03   3	  309	  423	 2434	    0	    0	 6453	 6241	 6309
  2915 1.214667E-03 1.534080E-05 3.525382E-04   3	  689	  823	 4471	    0	    0	 9130	 8664	 9143
  2916 1.141444E-03 1.228335E-03 9.530074E-04   0	    0	    0
  2917 7.848162E-04 7.996700E-04 9.849408E-04   3	 3912	 4261	 5041	    0	    0	 9831	 5596	 9836
  2918 1.024327E-03 1.135750E-04 6.207217E-05   4	  125	  739	 1925	 3038	    0	    0	10373	 9190	 9198	 9189
  2919 2.659135E-04 9.203769E-04 3.024000E-04   4	 3178	 4319	 4334	 4538	    0	    0	 2409	 2486	10015	 2310
  2920 2.855701E-04 3.820608E-04 9.836476E-04   5	  434	 1555	 2960	 4099	 5039	    0	    0	 2602	 2526	 2581	 2647	 9359
  2921 3.523297E-04 3.369558E-04 3.026043E-04   1	   68	    0	    0	 2902
  2922 1.651008E-04 1.112196E-03 3.907145E-04   7	   23	  429	 1341	 2431	 4524	 4529	 6551	    0	    0	 1384	 1427	 1648	 1383	 1770	 1649	 1473
  2923 4.703004E-05 2.757725E-05 1.527565E-03   0	    0	    0
  2924 9.361879E-05 4.307794E-04 3.235175E-04   0	    0	    0
  2925 3.194775E-05 3.364588E-04 3.919697E-04   1	 1394	    0	    0	  445
  2926 1.168313E-03 9.206400E-04 9.933306E-04   3	 1503	 1590	 4067	    0	    0	 8278	10013	 8314
  2927 7.126162E-04 2.925947E-04 3.235121E-04   2	 3529	 4331	    0	    0	 4455	 4647
  2928 4.690968E-04 5.040053E-04 1.300800E-03   0	    0	    0
  2929 4.310394E-04 2.445831E-05 1.437315E-03   1	 4675	    0	    0	 3142
  2930 6.748893E-04 7.419146E-05 1.479574E-03   0	    0	    0
  2931 1.107211E-03 8.977467E-05 3.078933E-04   2	 1632	 2322	    0	    0	 8013	 8100
  2932 1.107083E-03 4.854791E-04 1.265800E-03   1	 1019	    0	    0	 8094
  2933 1.035176E-03 7.190374E-04 9.959597E-04   6	  906	 1149	 3334	 4974	 5597	 6225	    0	    0	 7799	 7814	 7841	 7930	 7879	 7775
  2934 1.231478E-03 7.027008E-04 9.900300E-04   1	 6668	    0	    0	 8692
  2935 9.612908E-04 1.126269E-03 1.304898E-03   1	  497	    0	    0	 7418
  2936 7.723640E-04 8.423726E-04 9.747285E-04   4	 3835	 5041	 5390	 5625	    0	    0	 5322	10771	 9870	 5320
  2937 1.487968E-04 6.191910E-04 8.319860E-04   3	 1586	 5432	 6789	    0	    0	 1212	 1201	 1246
  2938 4.517207E-04 1.583970E-04 2.182042E-05   0	    0	    0
  2939 1.109008E-03 2.419667E-05 3.232571E-04   2	 1632	 3905	    0	    0	 8027	10496
  2940 5.865539E-04 1.049057E-04 3.830400E-04   2	 1198	 3402	    0	    0	 3579	 3491
  2941 8.185492E-04 5.440636E-04 8.325247E-04   1	  479	    0	    0	 5972
  2942 1.260213E-03 2.121685E-04 3.067349E-04   3	  758	 1047	 4121	    0	    0	10487	 8621	 8856
  2943 9.350208E-04 6.595120E-04 3.883490E-04   1	 1611	    0	    0	 7265
  2944 1.759466E-04 8.615600E-04 4.214367E-04   2	 3974	 4071	    0	    0	 1474	 9952
  2945 1.033825E-04 2.373411E-04 3.139200E-04   1	 4547	    0	    0	  815
  2946 8.711740E-04 6.745508E-04 9.264026E-04   7	  411	 1532	 1559	 3348	 3749	 4111	 6638	    0	    0	 6728	 6721	 6697	 6564	 9679	 6608	 6526
  2947 4.938993E-04 3.551808E-04 1.491821E-03   4	  111	  338	 4339	 4915	    0	    0	 3216	 3227	 3215	 3306
  2948 3.230745E-04 3.212805E-04 8.827359E-04   3	  974	 1578	 1622	    0	    0	 2795	 2796	10722
  2949 1.189174E-03 9.140157E-05 4.026775E-04   1	 1616	    0	    0	 8411
  2950 2.548191E-05 4.542756E-04 8.827339E-04   1	 2514	    0	    0	  377
  2951 6.669971E-04 8.140539E-05 9.641245E-04   1	  581	    0	    0	 4216
  2952 1.175555E-03 7.040108E-04 3.295363E-04   2	 1070	 1128	    0	    0	 9718	 9691
  2953 2.150208E-04 6.744424E-04 3.290823E-04   3	 1857	 5717	 6069	    0	    0	 2049	 1986	 2069
  2954 1.740201E-04 8.825631E-04 2.714108E-04   3	 2260	 2796	 3950	    0	    0	 1672	 1513	10476
  2955 9.600000E-07 4.148465E-05 1.147388E-04   1	   -1	    1	    0	   19
  2956 9.330936E-04 2.822592E-04 2.956608E-04   4	  522	  633	  834	 2217	    0	    0	10494	 7139	 7017	 7180
  2957 2.170217E-04 8.015989E-04 5.836992E-04   2	 2504	 5663	    0	    0	 2121	 1995
  2958 6.910080E-05 9.389900E-04 5.260992E-04   4	  495	 3021	 4631	 6448	    0	    0	  543	  661	  532	  653
  2959 7.843200E-04 9.935787E-04 3.724608E-04   1	    2	    0	    0	 5405
  2960 2.637003E-04 3.568302E-04 1.006061E-03   3	 2082	 2920	 5627	    0	    0	 2404	 2581	 9339
  2961 8.054538E-04 9.529600E-04 1.046677E-03   2	 3093	 6251	    0	    0	10063	10100
  2962 1.180559E-05 5.471896E-05 1.245107E-03   1	   -1	    1	    0	  165
  2963 4.358103E-04 2.725488E-04 2.908532E-05   5	  557	  894	 1665	 3510	 5153	    0	    0	 9299	 3090	 3128	 3032	 3061
  2964 1.051200E-03 1.183005E-03 9.810338E-04   2	  147	 1896	    0	    0	 7908	 7840
  2965 6.000200E-04 3.475990E-04 7.007808E-04   2	 1666	 3491	    0	    0	 3701	 3565
  2966 1.276594E-03 1.475598E-04 4.124449E-04   4	    0	 1118	 2243	 4152	    0	    1	 9004	 8907	 9219	 8913
  2967 9.138993E-04 1.015661E-03 4.685571E-04   9	    2	   19	  608	 1710	 2633	 2836	 3185	 3808	 4267	    0	    0	 7079	 7287	10166	10163	10162	 7039	 7218	 7339	 7096
  2968 8.525490E-04 1.360283E-04 2.870400E-04   1	  158	    0	    0	 6287
  2969 6.547392E-04 4.201992E-04 6.080104E-04   0	    0	    0
  2970 8.000405E-05 7.105920E-05 7.458792E-05   1	 4825	    0	    0	  600
  2971 3.441870E-04 3.001564E-04 9.177976E-04   0	    0	    0
  2972 2.610784E-06 2.246659E-04 4.171502E-04   2	   -1	 2621	    1	    0	   91	  244
  2973 7.091074E-04 7.267200E-04 1.080979E-03   5	  246	  473	  843	 1162	 4973	    0	    0	 4753	10843	 9757	 4599	 4622
  2974 9.529728E-04 3.670030E-04 4.070982E-04   1	 4509	    0	    0	 7463
  2975 1.080903E-03 7.391808E-04 3.705408E-04   0	    0	    0
  2976 4.953408E-04 4.705544E-05 4.585939E-04   2	  293	  902	    0	    0	 3234	 3276
  2977 7.843031E-04 6.281278E-04 9.858912E-04   4	  547	  801	  986	 1431	    0	    0	10760	 9580	 5454	 5435
  2978 1.273020E-03 8.719671E-04 1.609223E-04   3	    0	   16	   46	    0	    1	 8951	 8879	 8863
  2979 2.224396E-04 4.070208E-04 9.513601E-04   2	  803	 3946	    0	    0	 2013	10762
  2980 8.537815E-04 6.565932E-04 1.280352E-03   4	  999	 1265	 1380	 4345	    0	    0	 6510	 6576	10979	 6353
  2981 3.657043E-06 5.735659E-04 3.424172E-04   1	   -1	    1	    0	   66
  2982 1.249960E-03 8.784058E-04 8.009258E-04   1	 5230	    0	    0	 8721
  2983 7.065285E-04 8.250952E-04 9.939141E-04   5	 3912	 5027	 5048	 5367	 6216	    0	    0	 4653	 9852	 4889	 9824	 4402
  2984 1.923567E-04 2.092493E-04 4.819008E-04   2	  679	 4328	    0	    0	 1709	 1816
  2985 1.766758E-04 4.355596E-04 8.515147E-04   6	  987	 1487	 1656	 2743	 4387	 6794	    0	    0	 1578	 1778	 1553	 1802	 1633	 1744
  2986 1.708415E-04 7.397062E-04 4.972539E-04   6	 2807	 3257	 3466	 3617	 4247	 4636	    0	    0	10605	10621	 1389	 9739	 1658	10635
  2987 8.447633E-04 9.081408E-04 1.382906E-03   3	  351	  632	  648	    0	    0	10041	 6250	 5988
  2988 2.144111E-04 4.531008E-04 9.849792E-04   2	  803	 3946	    0	    0	 2014	 2229
  2989 7.916706E-04 1.071391E-03 1.261939E-03   2	  663	 1892	    0	    0	 5742	 5532
  2990 1.235074E-03 6.553481E-04 1.461101E-03   1	 2084	    0	    0	11090
  2991 1.076160E-03 1.031716E-04 2.131392E-04   4	 2801	 5547	 5874	 5898	    0	    0	 7965	 7912	 7870	 7936
  2992 8.908992E-04 7.202854E-04 1.170890E-03   2	  331	  458	    0	    0	 9736	 6739
  2993 1.003644E-03 1.324602E-04 1.151805E-04   4	  125	  739	 1342	 1547	    0	    0	 7677	 7705	 7732	 7685
  2994 3.484048E-05 7.075148E-04 5.766306E-04   3	 1643	 2005	 5560	    0	    0	  544	  495	  393
  2995 6.931392E-04 5.961600E-04 9.833870E-04   7	  252	  801	  883	 1890	 3243	 3897	 3997	    0	    0	 4160	 4523	 4105	 4297	 4401	 4499	 4405
  2996 1.049155E-03 1.670592E-04 1.407925E-04   6	  125	 1156	 1342	 1674	 4811	 6080	    0	    0	 9208	 7820	 7836	 7821	10388	 7849
  2997 8.404560E-04 5.446569E-04 1.158716E-03   4	   44	  438	  492	  750	    0	    0	10892	 6096	 6326	 9472
  2998 6.595001E-04 1.009939E-03 1.275155E-03   3	   96	  818	 1007	    0	    0	 3898	10981	 3899
  2999 5.203392E-04 4.003436E-05 3.724992E-04   1	 1499	    0	    0	 3334
  3000 6.937559E-04 6.742710E-04 1.074921E-03   3	  258	  401	 3990	    0	    0	 4243	 4038	10840
  3001 6.782596E-04 1.017792E-04 8.588687E-04   2	 2497	 2675	    0	    0	 4213	 9173
  3002 8.057803E-04 7.205205E-04 1.011859E-03   9	   88	  255	  587	  881	 1268	 2114	 5060	 5569	 6193	    0	    0	 9712	 9740	 5749	 5922	 5774	 5598	 9722	 5936	 5702
  3003 2.633228E-04 2.198400E-04 5.804627E-04   5	 3698	 5305	 5317	 5331	 6519	    0	    0	 2571	 2610	 9250	 2461	 2384
  3004 2.394877E-04 9.647941E-04 6.780444E-04   2	 5183	 5245	    0	    0	 2280	 2196
  3005 6.352355E-04 5.753844E-04 1.163501E-03   2	  324	 6358	    0	    0	 3781	10910
  3006 2.247026E-06 9.263811E-04 4.989042E-04   3	   -1	  495	 4631	    1	    0	  104	10633	  374
  3007 1.663977E-04 6.528192E-04 4.347533E-04   3	 4199	 6594	 6611	    0	    0	 1651	 9655	 1679
  3008 4.195110E-04 4.166208E-04 8.589206E-05   1	 1109	    0	    0	 3018
  3009 1.465242E-04 3.196874E-04 4.438051E-04   2	  641	 3960	    0	    0	 1148	 1124
  3010 1.076280E-03 5.580920E-04 1.061142E-03   4	 3810	 4033	 4955	 5651	    0	    0	 9477	 7943	 7971	 7931
  3011 6.948355E-05 8.789988E-04 5.353902E-04   4	  495	 3108	 4634	 5291	    0	    0	 9968	 9956	  685	  686
  3012 9.308405E-04 8.462119E-04 1.364509E-03   3	  250	  461	 1333	    0	    0	 7172	 7298	 7256
  3013 1.988003E-06 8.571605E-04 4.425696E-04   1	   -1	    1	    0	   95
  3014 1.420992E-04 1.024763E-03 4.041600E-04   4	 2294	 2582	 3349	 4260	    0	    0	 1220	10576	 1146	 1343
  3015 1.218243E-03 6.640302E-04 1.315261E-04   4	   35	  376	 1024	 6067	    0	    0	 8406	 8424	 8571	 8475
  3016 5.658881E-04 3.689316E-04 1.058540E-03   0	    0	    0
  3017 1.151032E-03 6.483392E-04 8.675497E-04   4	 1425	 1520	 6649	 6786	    0	    0	 8204	 8242	 8243	 8259
  3018 2.860992E-04 8.012747E-04 5.520015E-04   0	    0	    0
  3019 1.071988E-03 1.206808E-04 1.705153E-04   5	 1342	 3690	 4203	 4902	 5898	    0	    0	 7889	 7987	 7952	 7978	 9192
  3020 6.714871E-04 2.207808E-04 3.178888E-04   2	 1875	 4499	    0	    0	10501	10517
  3021 7.294080E-05 9.493168E-04 5.574280E-04   7	  495	 1112	 2958	 5202	 5286	 5302	 6448	    0	    0	  582	10108	  661	10674	  864	  849	  697
  3022 1.238381E-03 1.212145E-03 1.210562E-03   4	 1280	 2758	 5082	 5645	    0	    0	10940	 8636	 8744	10328
  3023 7.948608E-04 8.879985E-04 1.699085E-05   2	 4897	 5616	    0	    0	 5792	 5621
  3024 5.567808E-04 3.235200E-04 6.840312E-04   3	 3166	 3491	 5198	    0	    0	 3487	 3457	 3372
  3025 4.522874E-04 2.048120E-04 2.038787E-04   1	 2283	    0	    0	 9248
  3026 1.232927E-03 4.118400E-04 9.355447E-04   4	  312	  752	 1830	 4276	    0	    0	 8647	 9396	 8658	 8593
  3027 7.382513E-04 8.558070E-04 1.137930E-03   6	  546	  599	 1003	 4157	 5178	 6164	    0	    0	 5033	 9872	 5333	 9931	 4914	 5330
  3028 8.649600E-04 1.087677E-03 1.360447E-03   2	  423	 3970	    0	    0	 6313	 6535
  3029 1.129252E-03 7.158693E-04 2.825313E-06   2	   35	 5796	    0	    0	 8154	 8113
  3030 6.782212E-05 1.580739E-04 7.723547E-04   2	 3050	 6817	    0	    0	  607	  655
  3031 8.179008E-04 9.462733E-04 1.350050E-03   1	  351	    0	    0	 6104
  3032 2.255925E-04 7.228787E-04 8.317162E-04   0	    0	    0
  3033 2.325876E-06 7.068478E-04 5.716464E-04   2	   -1	 5560	    1	    0	  122	  262
  3034 2.734678E-04 2.342208E-04 4.083764E-05   1	  226	    0	    0	 2434
  3035 1.243870E-03 7.877140E-04 9.939416E-04   0	    0	    0
  3036 2.059552E-04 2.569954E-04 3.872120E-04   1	 1582	    0	    0	 2004
  3037 4.580470E-04 3.366280E-04 8.419200E-04   0	    0	    0
  3038 1.052766E-03 1.031722E-04 6.756163E-05   4	  125	  662	 1925	 2918	    0	    0	 7832	 7888	 7851	 9189
  3039 9.360000E-04 7.008398E-05 9.007723E-04   1	  141	    0	    0	 7290
  3040 9.014456E-04 1.024320E-03 1.408986E-03   3	  284	 3675	 6757	    0	    0	 6876	 7154	 6950
  3041 8.883284E-05 7.578840E-04 5.552413E-04   2	 2690	 2768	    0	    0	  801	10650
  3042 5.097600E-04 1.179840E-03 1.188991E-03   2	    1	 1230	    0	    0	 3273	10330
  3043 1.144924E-03 6.348977E-04 3.069105E-04   0	    0	    0
  3044 8.607745E-04 1.121299E-03 1.360444E-03   3	  423	  652	 2111	    0	    0	 6415	 6643	 6642
  3045 9.622801E-04 9.904303E-04 1.316160E-03   3	  259	 1041	 2593	    0	    0	 7550	10142	 7374
  3046 1.738845E-04 3.974208E-04 3.620758E-04   4	 1161	 2001	 2184	 3667	    0	    0	 1540	 1568	 9400	 1677
  3047 2.352000E-04 8.268960E-04 3.332533E-04   2	 2063	 4560	    0	    0	 2436	 2165
  3048 7.524012E-05 9.353293E-04 4.064120E-04   0	    0	    0
  3049 9.968423E-04 9.411618E-04 3.980611E-05   2	  297	  629	    0	    0	10088	 7535
  3050 5.890150E-05 1.563511E-04 7.600269E-04   3	 1316	 3030	 6733	    0	    0	  534	  607	  584
  3051 2.432120E-04 9.013143E-04 1.150442E-03   1	    1	    0	    0	 2268
  3052 1.060468E-03 1.449600E-04 2.707008E-04   5	  214	  286	  513	 4322	 4849	    0	    0	 7918	 7838	 7868	 9201	10470
  3053 2.213154E-04 9.263866E-04 4.492992E-04   7	  189	  414	 1220	 1398	 1676	 2831	 3195	    0	    0	 2008	 2189	 2190	 2021	 1990	 1964	 2216
  3054 2.287707E-04 7.567696E-04 2.153321E-04   0	    0	    0
  3055 2.217571E-04 9.565211E-04 4.060800E-04   5	  414	 1398	 2264	 4665	 6548	    0	    0	 2187	10574	10121	 2119	 2289
  3056 3.216045E-04 8.985792E-04 4.084555E-04   3	 3144	 4197	 6559	    0	    0	 2792	 2683	 2738
  3057 1.676567E-04 9.660532E-04 2.163320E-04   6	  110	  923	 3811	 4285	 4839	 5870	    0	    0	 1619	 1309	 1589	10148	 1641	10089
  3058 7.305600E-04 1.352259E-04 2.195209E-04   1	 1180	    0	    0	 4703
  3059 2.284992E-04 3.639952E-04 8.275008E-04   5	  987	 1798	 3335	 3998	 5407	    0	    0	 1997	 2294	 9374	 2372	 2281
  3060 2.000384E-04 6.618908E-04 8.304000E-04   4	 1825	 3452	 4243	 6777	    0	    0	10698	 1952	 1999	 2107
  3061 3.566024E-04 4.963200E-04 2.191678E-04   0	    0	    0
  3062 6.988992E-04 4.764437E-04 1.078207E-03   7	  102	  205	  462	  911	 1099	 1824	 6114	    0	    0	 9418	10866	 4122	 4384	 4685	 4503	 4623
  3063 6.095985E-04 5.294059E-04 1.077742E-03   1	  462	    0	    0	10862
  3064 7.061959E-04 1.093879E-03 1.272443E-03   3	  700	 2274	 4458	    0	    0	 4782	10272	 4465
  3065 1.031402E-03 7.825309E-04 3.024035E-04   1	  542	    0	    0	 7754
  3066 9.913480E-04 9.862561E-04 1.266364E-03   1	   41	    0	    0	 7530
  3067 6.849199E-05 8.457504E-04 5.020800E-04   1	 6428	    0	    0	10639
  3068 4.339008E-04 2.816120E-04 6.403155E-04   3	 2655	 3752	 5212	    0	    0	 3112	 3113	 3096
  3069 1.391946E-04 9.753408E-04 1.734280E-04   1	 4285	    0	    0	 1330
  3070 6.897923E-04 9.475160E-04 1.164480E-03   2	  683	 6374	    0	    0	 4411	10059
  3071 1.574592E-04 7.573093E-04 1.257600E-04   0	    0	    0
  3072 1.168324E-03 1.130861E-03 3.449893E-06   1	 1403	    0	    0	 8291
  3073 2.644410E-04 2.188992E-04 5.188753E-04   2	 1974	 2192	    0	    0	 2491	 2521
  3074 5.619187E-05 1.596525E-04 8.047702E-04   2	 1316	 5553	    0	    0	 9238	  663
  3075 1.366065E-04 2.751880E-04 4.736094E-04   0	    0	    0
  3076 7.731414E-04 8.980407E-04 1.018231E-03   2	 3839	 6172	    0	    0	 5456	 5300
  3077 1.387430E-04 3.622453E-04 4.732800E-04   1	  641	    0	    0	 1018
  3078 2.690860E-04 4.698819E-04 8.630400E-04   9	  961	 1002	 1083	 1636	 1663	 2138	 2742	 6778	 6779	    0	    0	 2494	 2495	 2496	 2367	 9437	 2336	 2598	 2595	10711
  3079 9.321600E-04 4.598400E-04 1.254720E-03   1	 1585	    0	    0	 7292
  3080 3.081554E-04 8.649600E-04 4.521600E-04   4	 1921	 2376	 4610	 6558	    0	    0	 2695	 2667	 2709	 2666
  3081 6.732864E-04 8.336343E-04 9.797096E-04   6	  148	  212	 2894	 4015	 5022	 5659	    0	    0	 4157	 4186	 4234	 4086	10776	10782
  3082 8.227200E-04 4.883159E-04 1.199707E-03   4	  354	  474	  524	 2774	    0	    0	 6048	 5981	 5980	 9451
  3083 3.980710E-04 3.827017E-04 1.257595E-04   3	   57	 1109	 3208	    0	    0	 2951	 2999	 3041
  3084 1.968000E-04 3.453163E-04 9.547488E-04   2	 1485	 3385	    0	    0	 1909	 1974
  3085 1.119824E-04 9.459285E-04 2.126048E-04   1	  923	    0	    0	10105
  3086 1.929696E-04 4.463907E-04 1.766208E-04   3	 2328	 3494	 4769	    0	    0	 1617	 1806	 2028
  3087 3.011488E-04 2.671706E-04 9.801581E-04   2	 1325	 2166	    0	    0	10785	 2677
  3088 6.770874E-05 2.467179E-05 2.155504E-04   1	 5899	    0	    0	10433
  3089 4.929290E-04 4.736120E-04 8.055725E-04   2	 5424	 5430	    0	    0	 3260	10696
  3090 8.092800E-04 7.574400E-04 9.552017E-04   2	 1268	 6687	    0	    0	 5824	 9763
  3091 7.814208E-04 1.010541E-03 8.637233E-04   1	   42	    0	    0	 5723
  3092 1.632192E-04 3.088283E-04 1.756850E-04   3	   12	   20	 4140	    0	    0	 9294	 1587	 1441
  3093 7.773275E-04 9.267212E-04 1.018572E-03   5	 2961	 3839	 3882	 4003	 6218	    0	    0	10063	10022	10804	10808	 5549
  3094 3.209277E-04 9.978908E-04 6.336192E-04   1	 1140	    0	    0	 2730
  3095 1.775962E-04 3.897408E-04 4.812889E-04   3	  887	 1877	 2035	    0	    0	 1365	 1546	 1682
  3096 1.809952E-04 7.987008E-04 3.883435E-04   2	 4311	 4323	    0	    0	10555	 1759
  3097 7.430592E-04 9.836572E-04 1.332187E-03   6	  224	  774	  907	  928	 1971	 3386	    0	    0	 4670	10118	 5207	 5289	 4790	 4928
  3098 3.071808E-04 9.514784E-04 3.200177E-04   3	 3866	 6057	 6059	    0	    0	 2564	10061	10125
  3099 1.257631E-04 8.220418E-04 1.247808E-04   5	 1174	 2279	 2645	 3436	 3729	    0	    0	 1142	 1251	 1305	 1105	 1027
  3100 3.289480E-04 1.785408E-04 5.788869E-04   1	 5577	    0	    0	 2743
  3101 2.784062E-05 9.616283E-04 6.032440E-04   0	    0	    0
  3102 1.174080E-03 1.840267E-04 2.256000E-04   3	 2848	 3854	 3914	    0	    0	 8238	 8293	 9233
  3103 1.760261E-04 8.065920E-05 1.291476E-04   1	  530	    0	    0	 1721
  3104 7.578798E-04 6.492508E-04 1.128332E-03   4	   44	  258	 2738	 5133	    0	    0	 9591	 5141	 5194	 5331
  3105 7.224306E-04 5.696120E-04 1.281155E-03   4	  264	 3545	 4430	 6300	    0	    0	 4514	 4608	 4491	10990
  3106 1.795167E-04 8.723080E-04 3.043262E-04   2	 5880	 5896	    0	    0	 1755	 1728
  3107 1.101452E-03 3.273587E-04 4.976374E-04   1	  490	    0	    0	 9328
  3108 4.862792E-05 8.854110E-04 5.526684E-04   4	  495	 2399	 3011	 6525	    0	    0	  471	  604	 9956	  583
  3109 2.366728E-04 3.590208E-04 8.806520E-04   4	 1722	 2200	 5417	 5454	    0	    0	 9333	 9365	10723	 2091
  3110 6.211200E-04 3.619200E-04 6.719198E-06   0	    0	    0
  3111 1.200358E-03 8.262280E-04 9.303585E-04   0	    0	    0
  3112 1.226899E-03 5.270400E-04 1.414085E-03   1	    8	    0	    0	 8576
  3113 1.846098E-04 3.156375E-05 1.208640E-03   3	 2712	 2762	 6398	    0	    0	 1694	 1720	 1583
  3114 6.311667E-04 2.870302E-04 7.079687E-04   0	    0	    0
  3115 1.241281E-03 6.179999E-05 3.919711E-04   4	  477	  977	 1026	 4471	    0	    0	 8742	 8718	10568	 8665
  3116 1.224000E-03 1.340372E-04 1.468827E-04   2	 1683	 5985	    0	    0	 8549	 8561
  3117 7.185964E-04 7.778904E-04 1.322519E-03   6	  112	  765	 1037	 1089	 2832	 6325	    0	    0	 4785	 9810	 5098	 4669	 9789	11028
  3118 6.860722E-04 4.769921E-04 5.543665E-04   0	    0	    0
  3119 1.830156E-04 1.535808E-04 8.205133E-05   2	   12	  727	    0	    0	 1840	 1559
  3120 1.648409E-04 3.836331E-04 9.920120E-04   0	    0	    0
  3121 1.274861E-03 6.227064E-04 9.292992E-04   3	    0	 4316	 6704	    0	    1	 9042	 8823	10751
  3122 1.296000E-04 9.416302E-04 5.784230E-04   3	 3969	 5322	 6520	    0	    0	  974	 1261	 1090
  3123 5.551724E-04 2.692344E-06 3.289480E-04   0	    0	    0
  3124 9.619008E-04 1.993867E-04 1.532559E-03   0	    0	    0
  3125 1.055808E-04 8.131235E-04 1.521157E-03   3	    1	  931	 5510	    0	    0	 1058	  758	  982
  3126 1.051528E-03 9.406080E-05 2.276488E-04   6	 1342	 2153	 2451	 4849	 5681	 5874	    0	    0	 7828	 7891	 7863	10457	 7782	 7862
  3127 1.184006E-03 8.114364E-05 3.936293E-05   0	    0	    0
  3128 1.065433E-04 5.968525E-04 8.412492E-04   3	 1151	 2627	 5657	    0	    0	 1005	10700	  920
  3129 1.641700E-04 5.408089E-04 1.163803E-03   0	    0	    0
  3130 7.375645E-04 9.657408E-04 9.852531E-04   3	  117	  328	  501	    0	    0	 4890	 4868	 5079
  3131 1.210560E-03 8.231686E-04 3.913900E-04   1	 5802	    0	    0	 9860
  3132 5.315593E-04 8.012440E-05 1.076501E-03   0	    0	    0
  3133 5.923200E-04 1.180290E-03 8.255808E-04   3	   45	   70	 1150	    0	    0	 3493	10329	 3591
  3134 7.990804E-04 1.045108E-03 1.076829E-03   1	  108	    0	    0	10245
  3135 5.866950E-04 2.278467E-04 1.488000E-04   0	    0	    0
  3136 8.067596E-04 1.065581E-03 1.128351E-03   3	  425	 1908	 3867	    0	    0	10260	 5905	 5805
  3137 1.234851E-03 9.695380E-05 5.987213E-05   0	    0	    0
  3138 9.903589E-04 7.510091E-04 1.258228E-03   4	  321	  493	  786	 2202	    0	    0	 7486	 7528	 7485	 7549
  3139 2.982280E-04 1.836266E-05 1.737600E-04   1	 4138	    0	    0	 2588
  3140 5.154710E-05 8.376241E-04 1.209408E-04   1	 5548	    0	    0	  552
  3141 1.183549E-03 7.283080E-04 9.887808E-04   3	 1839	 2618	 6688	    0	    0	 8360	 8463	 8337
  3142 1.099897E-04 6.451392E-04 1.117459E-03   2	 1493	 2804	    0	    0	  866	 1100
  3143 1.046432E-04 8.807628E-04 3.836404E-04   1	 3783	    0	    0	 9926
  3144 3.408000E-04 9.136331E-04 4.099242E-04   6	   21	 3056	 3938	 4066	 6559	 6591	    0	    0	 2791	 2792	 2880	10592	 2753	10025
  3145 9.210817E-04 9.487730E-04 1.405155E-03   4	 1385	 1531	 2022	 2505	    0	    0	 7072	 7245	 6912	 7208
  3146 6.441587E-04 5.190280E-04 6.281987E-04   1	 5308	    0	    0	 3868
  3147 1.179508E-03 1.066847E-04 3.504000E-04   3	 1177	 2635	 2703	    0	    0	 8240	 8397	 8371
  3148 1.310778E-04 3.622520E-04 1.164148E-03   2	  947	 1446	    0	    0	 9370	 1202
  3149 2.247442E-06 1.276763E-04 1.502845E-03   1	   -1	    1	    0	  201
  3150 8.306640E-05 1.142400E-04 1.532559E-03   1	 1388	    0	    0	  741
  3151 1.151390E-03 8.131054E-04 9.369792E-04   3	 1660	 3389	 5364	    0	    0	 8244	 8197	 8206
  3152 6.268800E-04 7.364460E-04 1.229314E-03   1	 1205	    0	    0	 3755
  3153 1.125737E-03 1.111391E-03 2.505600E-04   0	    0	    0
  3154 1.023069E-03 3.938922E-04 5.121243E-04   2	  335	  554	    0	    0	 7783	 7798
  3155 9.190603E-04 1.131833E-03 1.275840E-03   2	  520	 1319	    0	    0	 7027	 7106
  3156 7.436680E-04 5.443298E-04 7.881533E-04   1	  115	    0	    0	 4865
  3157 8.565984E-04 1.040925E-03 1.228437E-03   2	  318	  445	    0	    0	 6479	 6351
  3158 8.414760E-04 6.558030E-04 1.005117E-03   4	  427	  939	 1107	 2100	    0	    0	 6385	10774	 6113	 6234
  3159 6.626879E-04 7.420800E-04 1.327669E-03   4	   94	  628	 1193	 4330	    0	    0	 4128	 3823	 4149	 3849
  3160 6.237093E-04 9.454811E-04 1.275397E-03   4	   66	   84	  611	 1988	    0	    0	 3676	 3694	 3787	10978
  3161 4.545298E-04 4.256120E-04 7.296192E-04   0	    0	    0
  3162 8.437195E-04 2.845189E-04 1.421887E-03   1	  639	    0	    0	 6416
  3163 1.236461E-03 2.908779E-04 1.470701E-03   2	  298	 5666	    0	    0	 8680	 8569
  3164 1.105555E-03 1.255052E-03 4.802877E-04   1	    3	    0	    0	 8039
  3165 6.671964E-04 3.135983E-04 6.585408E-04   1	 3700	    0	    0	 4120
  3166 5.943639E-04 2.927924E-04 6.988608E-04   1	 3024	    0	    0	 3487
  3167 6.444920E-04 4.038280E-04 1.329158E-03   1	 1785	    0	    0	 3886
  3168 6.599655E-04 9.878529E-04 1.172828E-03   5	  121	  683	 2051	 5167	 6356	    0	    0	 3910	 4094	10895	 4279	 4022
  3169 1.203326E-05 2.601543E-04 2.790280E-04   0	    0	    0
  3170 1.981250E-04 6.764680E-04 2.550664E-04   2	 4873	 5546	    0	    0	 1807	 1887
  3171 2.086472E-04 8.675579E-04 4.816309E-04   6	 1463	 2081	 2724	 3883	 4595	 5646	    0	    0	 1854	 1992	 1928	 9928	 9955	 2171
  3172 6.998398E-04 8.914992E-04 1.038359E-03   4	  729	 3218	 6229	 6255	    0	    0	 4527	 4552	 9949	10815
  3173 1.598801E-05 3.663588E-04 1.007483E-03   3	   -1	  561	 1376	    1	    0	  147	  265	  264
  3174 2.403582E-04 5.740608E-04 9.222158E-04   6	  534	  908	 1915	 2474	 2722	 5447	    0	    0	 9552	 2154	 2320	 2094	 2303	 9505
  3175 2.547615E-05 6.431808E-04 3.159625E-04   1	 3833	    0	    0	  325
  3176 1.881408E-04 2.332800E-04 4.771843E-05   1	  225	    0	    0	 1614
  3177 7.549206E-04 1.068826E-03 1.230436E-03   2	  700	 2203	    0	    0	 5060	10256
  3178 2.483150E-04 9.129600E-04 2.786933E-04   2	 2919	 3986	    0	    0	 2409	 2346
  3179 2.620854E-04 9.992422E-04 6.903683E-04   1	 1219	    0	    0	 2510
  3180 8.541100E-04 7.977570E-04 1.059617E-04   4	   10	   39	  381	 5751	    0	    0	 9811	 6559	 6491	 6600
  3181 9.913480E-04 9.154526E-05 1.124612E-03   0	    0	    0
  3182 1.068148E-03 6.042896E-04 1.320007E-03   2	 1510	 1967	    0	    0	 7921	11031
  3183 8.165154E-04 7.926709E-04 1.329600E-03   5	  250	  443	  873	 5567	 6317	    0	    0	 6031	 5969	 6027	11019	 5816
  3184 5.347375E-05 2.275165E-04 9.377995E-04   1	 3393	    0	    0	  598
  3185 9.283265E-04 1.040928E-03 4.921480E-04   6	    2	    6	   11	  166	 2836	 2967	    0	    0	10230	 7040	 7163	 7306	 7080	 7218
  3186 6.618937E-04 1.414503E-04 1.045885E-03   0	    0	    0
  3187 2.759660E-04 8.924457E-04 4.166208E-04   6	 1220	 2376	 3188	 3917	 4197	 4470	    0	    0	 2392	 2543	 2391	 2589	 2590	 2423
  3188 2.406068E-04 8.886705E-04 4.156656E-04   2	 3187	 4700	    0	    0	 2391	 2349
  3189 1.894520E-04 6.867407E-04 4.622071E-04   3	 3480	 4716	 6594	    0	    0	 1657	 9695	 1656
  3190 7.606119E-04 6.176078E-04 1.253138E-03   8	  559	  610	 1163	 3515	 4411	 5102	 5107	 6298	    0	    0	10942	 5508	 9610	 9589	 5341	10955	 9559	 5145
  3191 2.079754E-04 2.236800E-04 1.337146E-03   1	 4454	    0	    0	 9255
  3192 3.996454E-05 5.232000E-04 1.367551E-03   3	  509	 2120	 3860	    0	    0	  462	 9462	  399
  3193 2.060680E-04 8.303999E-04 5.616000E-04   1	 2504	    0	    0	 1968
  3194 1.665199E-05 7.052618E-04 3.743318E-05   2	   -1	 3557	    1	    0	    5	  318
  3195 2.361408E-04 9.262706E-04 4.156813E-04   3	  414	 3053	 6548	    0	    0	 2411	 2216	 2350
  3196 1.392000E-04 7.227591E-04 2.837970E-04   0	    0	    0
  3197 6.137720E-04 1.113084E-03 6.157112E-04   1	 2463	    0	    0	 3651
  3198 9.014357E-04 8.268840E-04 1.225323E-03   4	  242	 1374	 1961	 6372	    0	    0	 6790	 7062	 7128	 6982
  3199 8.342400E-04 4.425600E-04 5.630753E-04   1	 5323	    0	    0	 6231
  3200 3.086070E-04 8.489329E-04 5.155200E-04   2	 2502	 3577	    0	    0	 2712	 2741
  3201 9.397097E-04 2.978923E-04 5.776344E-04   3	  378	  811	 5295	    0	    0	 7319	10658	 7164
  3202 1.475499E-04 2.833428E-06 6.153600E-04   1	 6758	    0	    0	 1228
  3203 1.133160E-03 1.000596E-03 1.143360E-03   1	 4130	    0	    0	 8108
  3204 1.181047E-05 1.612992E-04 3.998681E-04   4	   -1	  926	 2326	 2546	    1	    0	   87	  207	  257	10556
  3205 1.028492E-03 5.710716E-04 1.448311E-03   2	 1853	 6607	    0	    0	 7781	 9507
  3206 4.331930E-05 9.571200E-04 3.933112E-04   1	 5852	    0	    0	10072
  3207 3.480359E-04 2.995008E-04 1.065608E-04   7	   12	   20	  915	 1310	 4058	 5612	 5730	    0	    0	 2866	 2826	 9277	 9278	 2818	10393	 2932
  3208 4.317081E-04 3.892460E-04 1.062280E-04   2	 1109	 3083	    0	    0	 3069	 3041
  3209 6.390005E-04 1.870750E-04 1.058880E-03   0	    0	    0
  3210 3.118716E-04 6.432000E-05 1.108474E-03   0	    0	    0
  3211 7.737408E-04 1.114566E-03 1.383360E-03   4	  521	  550	  634	 5042	    0	    0	10279	 5492	 5020	 5021
  3212 1.254725E-03 4.649990E-04 1.481618E-03   1	    8	    0	    0	 8747
  3213 2.079759E-04 7.020990E-04 6.690943E-05   0	    0	    0
  3214 1.233726E-03 6.684241E-05 1.008000E-04   1	 5710	    0	    0	 9160
  3215 9.959182E-06 9.323996E-05 1.390740E-04   4	   -1	  552	 3433	 4750	    1	    0	   24	  309	  310	  288
  3216 1.536192E-04 9.776445E-04 3.124592E-04   2	 3378	 4563	    0	    0	 1234	10507
  3217 1.100792E-03 2.180563E-04 1.455379E-03   1	 1569	    0	    0	 7981
  3218 7.007808E-04 8.785365E-04 1.010195E-03  11	  148	  155	 2894	 3172	 4002	 4015	 4065	 4092	 5025	 6173	 6266	    0	    0	 4352	 4217	 4379	 4552	 4654	 4271	 9911	10778	 4218	 4356	 4482
  3219 1.249401E-03 8.738903E-04 1.009939E-03   0	    0	    0
  3220 1.790757E-04 3.964845E-04 8.764877E-04   2	  987	 2708	    0	    0	10719	 1635
  3221 8.316500E-04 1.087555E-03 1.405952E-03   3	  550	  588	 3970	    0	    0	 5989	 6282	 6195
  3222 9.766384E-04 6.075583E-04 2.732731E-04   0	    0	    0
  3223 9.763035E-05 1.014850E-03 6.076800E-04   5	  499	 1413	 2226	 3516	 6494	    0	    0	  729	  938	  713	10661	  897
  3224 1.009247E-04 8.614520E-04 4.662691E-04   3	 2336	 4117	 6604	    0	    0	  893	 9927	  796
  3225 7.862400E-04 5.559741E-04 1.013409E-03   5	   59	  326	  402	 1927	 3230	    0	    0	 9485	 5630	 9514	10806	 9522
  3226 7.479630E-04 8.505408E-04 1.012468E-03   4	  526	  587	 6189	 6222	    0	    0	 5236	 5382	 9867	 5080
  3227 3.321408E-04 9.059524E-04 6.099392E-04   6	  601	 3566	 3638	 5207	 6517	 6741	    0	    0	 2774	 2754	 2837	 2729	10668	 2744
  3228 1.197789E-03 9.144287E-04 8.744387E-04   0	    0	    0
  3229 8.865230E-04 6.873408E-04 1.025571E-03   3	  427	  658	 1783	    0	    0	 6842	 6649	 6730
  3230 7.747221E-04 5.919909E-04 1.014274E-03   6	   76	  801	 1431	 1927	 3225	 6178	    0	    0	 9562	 5499	 5480	 5550	 9522	 5383
  3231 4.030080E-05 4.041604E-04 3.152371E-04   2	 2150	 4292	    0	    0	  490	  416
  3232 9.085900E-05 6.530849E-04 7.915550E-04   0	    0	    0
  3233 1.126654E-04 1.948748E-04 1.037161E-03   2	 1644	 4984	    0	    0	  959	 1057
  3234 1.358050E-04 1.027492E-03 5.735672E-04   3	 1413	 2093	 5330	    0	    0	 1152	 1245	 1091
  3235 1.646029E-04 5.171026E-04 9.465408E-04   4	  948	 2670	 3474	 3701	    0	    0	 1302	 1531	 9456	10744
  3236 1.001973E-04 8.758832E-04 4.906801E-04   4	 2349	 4117	 4627	 4662	    0	    0	  862	 1004	  895	 9947
  3237 8.283482E-04 8.879834E-04 1.232659E-03   4	  787	  855	  976	 3717	    0	    0	 6155	 6025	10925	 6003
  3238 1.216991E-03 2.092608E-04 2.640086E-04   5	  122	  349	 4847	 4862	 5929	    0	    0	 8407	 8620	10465	 9242	 8542
  3239 7.541965E-04 2.117122E-04 1.574592E-04   0	    0	    0
  3240 3.545720E-04 1.050868E-03 6.588499E-04   3	 1000	 2031	 2413	    0	    0	10225	 2909	 2852
  3241 2.270787E-04 5.692800E-04 9.663898E-04   4	  534	  908	 4150	 6709	    0	    0	 2228	10749	 2155	 9506
  3242 9.395080E-04 4.747558E-04 1.475178E-03   2	  544	 6004	    0	    0	 7386	 7261
  3243 6.937541E-04 5.996615E-04 9.665900E-04   5	   48	  452	 2995	 3897	 5385	    0	    0	10753	 4268	 4401	 4457	 9527
  3244 3.682748E-04 3.148992E-04 6.121881E-04   3	 2655	 3299	 3563	    0	    0	 2996	 2961	 2943
  3245 3.507320E-04 1.077956E-03 6.667546E-04   1	 2413	    0	    0	10251
  3246 6.640324E-04 5.327941E-04 1.024917E-03   3	  270	  308	 2266	    0	    0	 4016	 4015	 4236
  3247 8.782765E-04 1.030749E-03 1.306682E-03   2	  625	 2054	    0	    0	10220	 6711
  3248 7.273890E-04 1.074908E-03 1.221731E-03   4	  118	 1202	 3762	 5090	    0	    0	10282	 4667	 4896	 4603
  3249 7.809199E-05 3.347048E-04 3.132413E-04   0	    0	    0
  3250 1.270072E-03 7.091157E-04 1.142128E-03   4	    0	 1696	 3479	 5157	    0	    1	 9069	 9735	 8871	10886
  3251 7.708848E-05 5.880322E-04 8.453137E-04   2	 1605	 3764	    0	    0	  688	  615
  3252 9.244795E-04 2.943880E-04 1.494722E-03   0	    0	    0
  3253 4.670801E-05 9.930039E-04 2.375622E-04   0	    0	    0
  3254 2.668992E-04 9.526841E-04 2.726208E-04   2	  110	 5905	    0	    0	 2484	 2503
  3255 7.263880E-04 2.835295E-04 3.749151E-04   3	 3651	 5766	 5808	    0	    0	 4947	 5025	 5050
  3256 7.370019E-04 3.139200E-04 4.388520E-04   3	 2086	 4231	 4706	    0	    0	 5004	 9325	 4796
  3257 1.462076E-04 7.267200E-04 4.942785E-04   7	 2986	 3290	 3466	 3480	 3617	 4597	 4621	    0	    0	10621	 1149	 9753	 1547	 1391	10617	 1366
  3258 1.124442E-04 1.883786E-05 6.850750E-05   0	    0	    0
  3259 1.222679E-03 2.106903E-04 3.740413E-04   2	  122	 3542	    0	    0	 8478	 8461
  3260 6.646768E-04 1.631958E-05 1.023871E-03   0	    0	    0
  3261 7.425304E-04 6.422400E-04 1.187520E-03   4	  559	 2044	 3723	 5170	    0	    0	 4967	10905	 4964	 5197
  3262 2.214280E-04 2.778831E-04 9.724817E-04   0	    0	    0
  3263 1.082587E-03 1.884526E-04 9.344903E-05   9	  487	  882	 1156	 2165	 2221	 2794	 3720	 4309	 6031	    0	    0	 7986	10420	10389	 7916	 8011	 7945	 7926	 7946	 8001
  3264 1.066104E-03 1.162434E-03 9.283260E-04   1	 1896	    0	    0	 7898
  3265 6.530923E-04 7.727959E-04 1.256308E-03   3	   71	 1205	 1492	    0	    0	 3881	 3992	10982
  3266 4.726742E-04 1.213596E-05 2.863724E-04   1	  904	    0	    0	 3193
  3267 7.440000E-04 3.491523E-04 3.958105E-04   6	 1441	 3451	 3716	 4514	 5632	 5843	    0	    0	 5432	 4723	 5071	 4745	 5182	 4977
  3268 9.651653E-05 5.558395E-04 8.956790E-04   3	  948	 1151	 1605	    0	    0	  879	 9523	  689
  3269 9.865890E-04 2.870400E-04 5.735665E-04   1	  378	    0	    0	 7544
  3270 1.660800E-04 9.616292E-04 5.545975E-04   7	  630	 2400	 3516	 5259	 5284	 5319	 5322	    0	    0	 1715	 1742	10135	 1550	 1741	 1714	 1456
  3271 1.213235E-04 8.454288E-04 4.042876E-04   4	 1651	 2096	 3869	 4507	    0	    0	  936	 1012	10572	 1111
  3272 6.691262E-04 5.673600E-04 9.698920E-04   4	   48	  883	 1890	 5385	    0	    0	 4103	 9533	10766	 4185
  3273 3.206208E-04 2.790134E-04 8.938870E-04   0	    0	    0
  3274 1.615700E-04 7.504293E-04 5.726728E-04   2	 3533	 6511	    0	    0	 1394	 1606
  3275 6.889915E-04 6.185228E-04 1.257317E-03   8	  113	  508	  775	  985	 1258	 5676	 6295	 6296	    0	    0	 4333	 4228	10968	 4636	 4435	 4284	 4305	 9590
  3276 1.268504E-03 7.394903E-04 9.724800E-04   1	    0	    0	    1	 9050
  3277 2.419008E-04 8.017185E-04 4.803599E-04   3	  860	 1955	 3356	    0	    0	 2363	10622	 2275
  3278 1.060802E-03 5.334746E-04 1.310732E-03   1	   37	    0	    0	 7894
  3279 1.272599E-03 4.213094E-04 3.859200E-06   2	    0	 5281	    0	    1	 8917	 8886
  3280 8.116409E-04 5.920026E-04 8.934280E-04   3	   59	 2406	 6660	    0	    0	 6011	 6128	 6042
  3281 1.785792E-04 1.042663E-05 1.247381E-03   0	    0	    0
  3282 1.507200E-04 4.694375E-04 2.899008E-04   2	 2001	 4078	    0	    0	 1565	 1465
  3283 3.833720E-04 1.270749E-03 9.356489E-04   1	    4	    0	    0	 2987
  3284 3.272351E-04 3.955008E-04 1.532814E-03   2	 2196	 4779	    0	    0	 9378	 2801
  3285 1.207970E-03 9.117100E-04 9.961888E-04   2	 2095	 4067	    0	    0	 8464	 8446
  3286 1.730874E-04 1.014710E-03 6.848120E-04   2	  623	 5197	    0	    0	10195	 1665
  3287 4.460680E-04 1.113792E-04 9.311614E-05   1	 2837	    0	    0	10378
  3288 1.660822E-04 4.812818E-04 7.843200E-04   0	    0	    0
  3289 4.333007E-04 4.703844E-05 1.358122E-04   1	 3440	    0	    0	 3059
  3290 1.302014E-04 7.430208E-04 4.905551E-04   3	 3257	 3466	 4597	    0	    0	 1149	10613	 1114
  3291 9.600000E-07 6.881869E-04 3.834904E-04   1	   -1	    1	    0	   80
  3292 1.277760E-03 4.598380E-04 1.490880E-03   3	    0	  271	 4365	    0	    1	 9117	 9416	 9420
  3293 1.277760E-03 1.829076E-04 1.430400E-04   2	    0	 4181	    0	    1	 8945	 8887
  3294 9.600000E-07 4.410893E-04 8.995200E-04   2	   -1	 6615	    1	    0	  137	 9409
  3295 1.277760E-03 4.844680E-04 6.876479E-04   3	    0	 5186	 5192	    0	    1	 9029	 8837	 8838
  3296 1.277760E-03 4.819008E-04 6.627575E-04   2	    0	 5186	    0	    1	 9027	 8881
  3297 1.165464E-03 9.638842E-04 9.198289E-04   2	 1222	 2465	    0	    0	 8287	 8268
  3298 2.571872E-04 2.975227E-04 5.068608E-04   2	 1331	 2265	    0	    0	 2568	 2318
  3299 3.955392E-04 3.494183E-04 6.124025E-04   3	 2655	 3244	 6756	    0	    0	 3003	 2961	 3029
  3300 6.288000E-04 9.831336E-04 1.301779E-03   5	   66	   96	  611	 1007	 1111	    0	    0	 3696	 3837	 3808	10991	 3838
  3301 7.795503E-04 9.787340E-04 1.509585E-03   2	  489	  582	    0	    0	 5694	 5695
  3302 6.182208E-04 6.750345E-04 1.169197E-03   4	   44	  290	 1363	 2751	    0	    0	 3767	 9702	 3724	 3604
  3303 5.559376E-05 9.297482E-04 1.444609E-04   3	 2875	 4743	 4765	    0	    0	  554	10032	  560
  3304 2.653108E-04 9.815851E-04 6.892608E-04   0	    0	    0
  3305 1.152192E-04 2.596701E-04 3.340568E-04   1	 1646	    0	    0	10504
  3306 2.429233E-04 1.006149E-03 3.165294E-04   2	  924	 3665	    0	    0	 2163	 2410
  3307 3.739459E-04 2.689920E-05 8.441162E-05   1	 2469	    0	    0	10372
  3308 1.206314E-03 6.017756E-04 1.468819E-03   2	    8	 1153	    0	    0	 8386	11092
  3309 9.945408E-04 1.669756E-04 1.430419E-03   3	  755	 1912	 5248	    0	    0	 7697	 7623	 7591
  3310 1.091009E-03 8.688192E-04 4.276852E-04   3	  751	 1200	 1594	    0	    0	 7947	 7948	 7961
  3311 3.015038E-04 3.724992E-04 9.042575E-04   4	  434	  974	 1083	 2234	    0	    0	 2724	 2600	 2614	 2692
  3312 6.718080E-05 6.163003E-04 1.190597E-04   1	 2766	    0	    0	 9545
  3313 1.266921E-03 8.428271E-04 7.766400E-04   0	    0	    0
  3314 3.340608E-04 2.703682E-04 3.014208E-04   1	   12	    0	    0	 2766
  3315 1.207954E-03 3.388800E-04 1.357463E-03   1	 1512	    0	    0	 8468
  3316 1.171667E-03 5.241408E-04 3.183588E-04   1	  215	    0	    0	 8274
  3317 7.238971E-04 9.599808E-04 1.380499E-03   2	  296	 6209	    0	    0	11056	 4902
  3318 1.093973E-04 4.511808E-04 2.827060E-04   0	    0	    0
  3319 4.320528E-04 2.626905E-04 5.890886E-04   4	 2644	 3593	 4191	 5310	    0	    0	 3075	 3133	 3076	 3175
  3320 1.230701E-03 8.495899E-04 1.397741E-03   3	 2626	 4165	 6621	    0	    0	 8492	 8650	 8679
  3321 3.300211E-05 5.030946E-04 1.315181E-03   1	 1027	    0	    0	  481
  3322 9.158906E-04 6.911808E-04 1.309421E-03   2	  472	  592	    0	    0	 6989	11022
  3323 1.106876E-03 6.931392E-04 3.120004E-04   0	    0	    0
  3324 1.593792E-04 1.900992E-04 5.276460E-04   2	 1411	 4624	    0	    0	 1454	 9237
  3325 7.565271E-04 2.689920E-05 1.086364E-03   0	    0	    0
  3326 1.497408E-04 6.787228E-04 2.550080E-04   0	    0	    0
  3327 7.535924E-04 1.023379E-03 1.319059E-03   5	  224	  928	 1579	 1737	 6284	    0	    0	11015	 5224	 5538	 5062	 5423
  3328 8.923364E-04 9.581205E-04 4.815720E-04   4	   11	   13	  608	 4267	    0	    0	 6781	10603	 6718	10606
  3329 1.329547E-04 3.649920E-05 1.881408E-04   4	  184	 1871	 1902	 4912	    0	    0	 1329	 1252	 1231	 1160
  3330 3.974021E-04 9.396829E-04 5.161241E-04   1	 6423	    0	    0	10640
  3331 8.659392E-04 5.011392E-04 1.368979E-03   4	 1698	 1704	 1716	 5015	    0	    0	 6641	 9430	 6362	 6536
  3332 8.214040E-04 1.044927E-03 1.180781E-03   3	  445	 1435	 2527	    0	    0	10237	10236	 5945
  3333 8.073676E-04 6.045274E-04 9.801600E-04   4	  326	  402	  547	  619	    0	    0	 5975	 5748	 5727	10763
  3334 1.043523E-03 6.801410E-04 9.873451E-04   3	 2933	 5597	 6225	    0	    0	 7841	 7847	 7810
  3335 2.231832E-04 3.916608E-04 8.275008E-04   3	  987	 1487	 3059	    0	    0	 1998	 2009	 9374
  3336 6.700608E-04 1.026959E-04 1.117797E-03   1	 4301	    0	    0	 4021
  3337 1.256930E-03 4.137600E-04 1.458240E-03   2	 3668	 5555	    0	    0	 8850	11084
  3338 7.249053E-05 3.158653E-04 1.329322E-04   1	  457	    0	    0	  601
  3339 1.171671E-03 6.526080E-05 2.289361E-04   3	 2623	 4088	 5892	    0	    0	 9157	 9166	10444
  3340 3.547367E-04 3.532608E-04 3.420920E-05   4	 1440	 2156	 5439	 5591	    0	    0	 2877	10364	 2876	 2888
  3341 7.678080E-05 1.401792E-04 5.807187E-05   5	  552	  827	  833	 1370	 4142	    0	    0	10370	  536	  549	  867	  742
  3342 9.020496E-04 4.439675E-04 1.491821E-03   0	    0	    0
  3343 6.340687E-04 4.031808E-04 5.329646E-04   4	  763	 1800	 1913	 2303	    0	    0	 9385	 3852	 9389	10637
  3344 8.020941E-04 4.377299E-04 4.036570E-04   3	  777	 2098	 5773	    0	    0	 5744	 5822	 5647
  3345 1.008000E-04 8.486592E-04 5.257968E-04   2	 6432	 6438	    0	    0	  955	  916
  3346 8.257920E-05 5.894592E-04 4.415808E-04   1	 4679	    0	    0	10591
  3347 3.458955E-05 9.072026E-04 6.529920E-05   1	 1172	    0	    0	  400
  3348 8.731393E-04 6.417531E-04 9.249891E-04   6	  411	  454	 2946	 4204	 6625	 6638	    0	    0	 6720	 6497	 6564	 6624	10737	 6527
  3349 1.291033E-04 1.029472E-03 3.720189E-04   4	   85	 3014	 5810	 5854	    0	    0	 1084	 1146	 1145	10194
  3350 1.276708E-03 7.375651E-04 5.039903E-04   1	    0	    0	    1	 9018
  3351 1.129929E-03 1.388654E-05 1.531266E-04   0	    0	    0
  3352 6.086208E-04 8.909071E-04 9.154746E-04   1	 3767	    0	    0	 3629
  3353 1.197611E-03 2.112267E-04 1.527349E-03   1	  196	    0	    0	 8508
  3354 7.123008E-04 2.553792E-04 3.974208E-04   1	 2475	    0	    0	 4456
  3355 2.798675E-04 1.226216E-03 4.070592E-04   1	  388	    0	    0	 2517
  3356 2.399808E-04 7.863973E-04 4.397047E-04   6	 1256	 2325	 2605	 2729	 3277	 6600	    0	    0	 2298	 2362	 2052	 2380	 2275	 2188
  3357 7.825245E-05 1.708992E-04 2.888008E-04   1	 2771	    0	    0	10477
  3358 7.411008E-04 2.065065E-05 8.678208E-04   0	    0	    0
  3359 9.302400E-04 6.796992E-04 1.234837E-03   4	  331	  419	 1249	 5664	    0	    0	 7281	 9694	10962	 7203
  3360 1.248960E-03 6.242854E-04 1.238400E-04   2	   35	 4783	    0	    0	 8686	 9571
  3361 1.322054E-04 5.121707E-04 9.043392E-04   3	  948	 2670	 3701	    0	    0	 1098	 1291	10736
  3362 1.258562E-03 1.094179E-04 2.397310E-04   2	    0	  725	    0	    1	 8970	10468
  3363 1.248192E-04 6.489792E-04 8.962872E-04   2	 1495	 2418	    0	    0	  981	 1155
  3364 1.519560E-04 9.408213E-04 3.801408E-04   1	 3733	    0	    0	 1361
  3365 7.872204E-04 8.611200E-04 1.184355E-03   3	  507	 1003	 1765	    0	    0	 5443	 5837	 5556
  3366 2.054208E-04 2.879794E-04 4.461168E-04   0	    0	    0
  3367 4.635838E-05 7.682023E-05 2.438602E-04   1	 4924	    0	    0	10451
  3368 1.345920E-05 9.340800E-04 2.668992E-04   2	 3407	 5935	    0	    0	  351	  300
  3369 4.655058E-05 3.928033E-04 3.359808E-04   2	 2886	 4492	    0	    0	  444	  530
  3370 8.303776E-04 7.849161E-04 1.068985E-03   3	  255	  718	  830	    0	    0	 6092	 6263	 6045
  3371 2.376165E-04 1.011491E-03 2.630592E-04   3	  110	 4878	 5949	    0	    0	 2098	 2288	 2206
  3372 2.193302E-04 2.749027E-04 8.908992E-04   0	    0	    0
  3373 1.700843E-04 2.683263E-04 4.252809E-04   1	 6527	    0	    0	 1760
  3374 1.286208E-04 7.795392E-04 3.110592E-04   1	 6074	    0	    0	 1109
  3375 5.764645E-04 1.250742E-04 3.734400E-04   1	 3402	    0	    0	 9188
  3376 1.171219E-03 5.033899E-04 1.248019E-03   2	 5109	 6415	    0	    0	 8230	 8229
  3377 8.894178E-04 4.214447E-04 2.342592E-04   1	 1806	    0	    0	 6778
  3378 1.171392E-04 9.868608E-04 3.244608E-04   2	  568	 3216	    0	    0	 1167	 1234
  3379 4.972608E-04 6.412992E-04 1.453459E-03   2	 4274	 4721	    0	    0	 3247	 3221
  3380 1.193280E-03 7.756992E-04 9.391569E-04   2	  714	 3659	    0	    0	 8348	 9801
  3381 6.057617E-04 6.551663E-04 1.060299E-03   4	   48	  401	 1011	 6257	    0	    0	 3552	 3593	 3583	 9656
  3382 9.177408E-04 1.057901E-03 1.269403E-03   5	   41	  625	 1231	 4389	 6378	    0	    0	 7205	 7010	 7104	 6964	 7008
  3383 1.920192E-04 1.038701E-03 1.627535E-04   3	  110	 1679	 1757	    0	    0	 1841	 1670	 1934
  3384 9.601920E-05 3.048900E-04 9.945408E-04   0	    0	    0
  3385 2.054208E-04 3.628608E-04 9.343617E-04   1	 3084	    0	    0	 1974
  3386 7.407646E-04 9.888192E-04 1.350881E-03   8	  774	  928	 1488	 1971	 3097	 3791	 4224	 4391	    0	    0	 4929	 5226	 5180	 4815	 4928	 4973	 5228	 4816
  3387 8.159808E-04 8.140992E-04 9.782373E-04   4	  830	 3805	 4162	 6680	    0	    0	 9807	 5826	 6087	 6088
  3388 1.115501E-03 5.289836E-04 9.987613E-04   5	  677	 3985	 5016	 6180	 6234	    0	    0	 8139	 7995	 8022	 8030	10809
  3389 1.142381E-03 8.476788E-04 9.196992E-04   2	 3151	 6653	    0	    0	 8197	10734
  3390 1.257600E-04 9.606773E-04 3.724992E-04   3	 3618	 3636	 5854	    0	    0	 1191	 1085	 1067
  3391 6.931392E-04 7.487808E-04 1.043520E-03   7	  252	  843	 1009	 1162	 1166	 1173	 4973	    0	    0	 4322	 4299	 9786	 9746	 4460	 4239	 4502
  3392 7.984394E-04 2.236800E-04 6.105408E-04   1	 5306	    0	    0	 5671
  3393 5.279537E-05 2.422804E-04 9.494416E-04   2	 3184	 3907	    0	    0	  598	  478
  3394 1.977408E-04 8.208153E-04 4.185792E-04   3	 2467	 4311	 4323	    0	    0	 1924	 1706	10564
  3395 7.296192E-04 8.663868E-04 1.020316E-03   2	 4016	 4065	    0	    0	 4826	 4617
  3396 2.146784E-04 7.222955E-06 3.609408E-04   2	  302	 1078	    0	    0	 1961	 1919
  3397 1.393400E-04 4.310340E-04 8.563008E-04   1	  987	    0	    0	 1351
  3398 1.230701E-03 7.699200E-06 1.070777E-04   1	 6017	    0	    0	10391
  3399 1.747392E-04 9.292608E-04 3.779570E-04   0	    0	    0
  3400 1.201901E-03 6.721920E-05 3.275163E-04   3	 1941	 4582	 6062	    0	    0	 9146	 8529	 8396
  3401 4.273544E-04 7.007808E-04 1.425294E-04   1	 2737	    0	    0	 3060
  3402 5.740992E-04 1.151808E-04 3.633373E-04   3	 2222	 2940	 3375	    0	    0	10530	 3491	 9188
  3403 1.298840E-04 6.489408E-04 7.862398E-04   1	 3988	    0	    0	 9639
  3404 6.748800E-04 1.027483E-03 1.229767E-03   3	  448	 1753	 5105	    0	    0	 4448	10213	 4449
  3405 1.005629E-03 1.198542E-03 1.212976E-03   0	    0	    0
  3406 5.692753E-04 9.580800E-06 9.000169E-04   0	    0	    0
  3407 2.689920E-05 8.966592E-04 2.841408E-04   1	 3368	    0	    0	  351
  3408 1.566421E-04 3.014208E-04 1.075219E-03   2	  553	 3830	    0	    0	 1303	 1484
  3409 2.092992E-04 3.235200E-04 1.184353E-03   1	 2790	    0	    0	 1977
  3410 1.497408E-04 4.772512E-04 9.417600E-04   1	 1994	    0	    0	 9432
  3411 8.796550E-05 4.565029E-04 8.490844E-04   1	 5412	    0	    0	  804
  3412 1.999628E-04 1.197111E-03 3.388799E-04   3	  179	 2012	 6011	    0	    0	 1960	 1891	 1845
  3413 6.835392E-04 9.770014E-04 1.152969E-03   4	  463	  494	  972	 2051	    0	    0	10167	 4445	10090	 4245
  3414 7.903528E-04 7.691237E-04 1.153120E-03   2	  599	 6139	    0	    0	 5419	 9781
  3415 9.292992E-04 3.650754E-04 1.403234E-03   2	  514	 2140	    0	    0	 7152	11071
  3416 1.096677E-03 1.137747E-03 9.379142E-04   0	    0	    0
  3417 4.584226E-04 7.982763E-05 1.367865E-03   0	    0	    0
  3418 2.142309E-04 1.115804E-03 3.887969E-04   3	  278	 4524	 5848	    0	    0	 2020	 2073	 2006
  3419 8.332608E-04 8.860843E-04 1.293619E-03   4	  648	 1993	 4210	 6293	    0	    0	 5950	 6221	 6455	 6412
  3420 8.113669E-04 1.188124E-03 1.563533E-04   2	    2	 6064	    0	    0	 5793	10331
  3421 1.762810E-04 1.189598E-03 5.326465E-04   2	 2612	 4630	    0	    0	 1500	10327
  3422 2.103913E-04 9.510835E-04 3.391569E-04   1	  924	    0	    0	 2130
  3423 7.596403E-04 6.470208E-04 4.819008E-04   2	 2024	 2359	    0	    0	 9601	10610
  3424 7.337968E-04 4.630741E-04 1.474579E-03   0	    0	    0
  3425 1.181753E-03 3.916992E-04 1.401619E-03   2	 3809	 5387	    0	    0	 8296	 8403
  3426 9.841682E-04 2.646067E-04 1.444808E-03   1	 1286	    0	    0	 7631
  3427 1.430287E-04 8.953980E-04 1.590078E-04   3	  869	 3432	 4277	    0	    0	 1107	 1401	10423
  3428 8.304000E-04 6.297792E-04 8.489263E-04   3	  115	  468	 6793	    0	    0	 9574	 6202	10716
  3429 5.361395E-04 2.404562E-04 6.691191E-04   3	 1457	 2405	 3681	    0	    0	 3371	 3332	 3348
  3430 1.966512E-04 1.216824E-03 3.393777E-04   4	  179	 1497	 2012	 6012	    0	    0	 1917	 1846	 1810	 1958
  3431 2.275287E-04 4.905546E-04 1.364031E-03   0	    0	    0
  3432 1.689408E-04 9.017145E-04 1.558752E-04   2	 1094	 3427	    0	    0	 1697	 1401
  3433 1.500787E-05 6.913920E-05 1.574592E-04   3	   -1	 3215	 4170	    1	    0	   28	  310	  311
  3434 7.718592E-04 4.387161E-04 1.583986E-04   3	 1264	 2637	 2782	    0	    0	 9412	 5543	 5294
  3435 9.542208E-04 7.876656E-04 7.102080E-05   1	   27	    0	    0	 7272
  3436 1.267008E-04 7.958442E-04 1.411306E-04   1	 3099	    0	    0	 1105
  3437 9.601920E-05 1.647591E-05 1.173579E-03   1	 6133	    0	    0	 9134
  3438 6.825594E-04 1.053125E-03 1.152951E-03   2	  121	  319	    0	    0	 4225	 4226
  3439 1.227840E-03 1.090579E-03 1.151036E-03   3	 1229	 6134	 6337	    0	    0	 8415	 8648	 8564
  3440 4.291186E-04 5.916787E-05 1.508798E-04   2	 2755	 3289	    0	    0	 9158	 3059
  3441 9.331392E-04 8.209250E-04 1.162555E-03   4	  447	  640	  680	 1961	    0	    0	 9857	 7322	 7278	 9823
  3442 2.216094E-04 7.939151E-04 3.363521E-04   0	    0	    0
  3443 8.969926E-04 8.606214E-04 1.168314E-03   1	  447	    0	    0	 6937
  3444 4.270449E-04 1.974047E-04 8.943801E-05   1	 2341	    0	    0	 3120
  3445 8.144610E-05 1.843392E-04 4.849350E-04   3	 1962	 2518	 2632	    0	    0	10612	  709	  680
  3446 7.127822E-04 6.475034E-04 9.342096E-04   2	 2681	 5362	    0	    0	 4498	 4950
  3447 9.704055E-04 8.840104E-04 1.487910E-04   4	   34	  262	  297	 1157	    0	    0	 7432	 7542	 7508	 7431
  3448 1.095360E-03 1.172161E-03 6.758208E-04   1	 1292	    0	    0	 8020
  3449 1.667568E-04 1.133767E-03 1.486732E-04   2	 2535	 4773	    0	    0	 1400	10309
  3450 2.430104E-04 9.033616E-04 5.495738E-04   5	  189	  601	 2835	 5605	 5694	    0	    0	 2220	 2319	 2191	 2364	10017
  3451 7.036777E-04 3.033408E-04 3.932432E-04   1	 3267	    0	    0	 4723
  3452 1.988503E-04 6.739008E-04 8.534400E-04   5	  323	  560	 1362	 3060	 6777	    0	    0	 1687	 1688	 1666	 1952	 2038
  3453 4.449784E-04 2.783922E-05 1.494056E-04   0	    0	    0
  3454 1.274075E-03 7.803168E-04 9.320286E-04   2	    0	 4175	    0	    1	 9043	 8869
  3455 1.190208E-04 9.923557E-04 4.857408E-04   8	   23	 1681	 1690	 1701	 2351	 4308	 4638	 5656	    0	    0	  769	  737	 1127	  797	10626	10137	 1020	  770
  3456 1.819424E-04 9.303916E-04 6.785851E-04   2	 3457	 5245	    0	    0	 1608	 1835
  3457 1.689408E-04 9.494375E-04 6.787211E-04   2	 3456	 5185	    0	    0	 1608	 1686
  3458 1.348452E-04 1.211075E-03 4.838592E-04   4	   58	  350	  793	 1060	    0	    0	 1052	 1130	10608	 1240
  3459 7.016112E-04 9.313120E-05 1.514524E-03   2	 4270	 4384	    0	    0	11096	 4543
  3460 6.115200E-04 1.276175E-03 9.299599E-04   0	    0	    0
  3461 6.316992E-04 1.101177E-04 1.514861E-03   1	 5609	    0	    0	 3887
  3462 2.733177E-04 8.995165E-04 3.345420E-04   3	 2189	 4319	 4470	    0	    0	 2532	10505	 2533
  3463 2.985566E-04 8.400013E-04 3.912199E-04   1	 3917	    0	    0	 9886
  3464 9.510771E-04 9.072000E-04 1.323851E-03   3	  392	  705	 1266	    0	    0	 7444	 7398	 7445
  3465 3.824341E-04 1.859552E-04 6.872238E-06   3	 2079	 5150	 5260	    0	    0	 2957	 9246	 9235
  3466 1.545600E-04 7.511675E-04 4.849571E-04   6	 2807	 2986	 3257	 3290	 4621	 6590	    0	    0	 1429	 1389	 9753	10613	 9749	 1736
  3467 1.440149E-05 8.446080E-05 6.913920E-05   3	   -1	  833	 1936	    1	    0	   10	  253	  239
  3468 1.699281E-04 9.361545E-04 4.857408E-04   3	 1676	 2697	 6578	    0	    0	 1818	 1795	 1390
  3469 3.744000E-05 4.414080E-05 1.497408E-04   3	 1215	 4217	 4737	    0	    0	  387	  473	  464
  3470 2.121600E-04 1.029476E-03 3.348863E-04   3	  568	 2033	 4568	    0	    0	 1889	 2046	 2116
  3471 1.104077E-04 6.137134E-04 4.872238E-04   3	 1734	 4635	 6613	    0	    0	  768	 9578	 1112
  3472 1.140762E-03 1.819438E-04 1.489518E-04   2	  882	 4741	    0	    0	10414	10405
  3473 4.289688E-04 3.371167E-04 3.838080E-05   3	  557	  894	 1977	    0	    0	 3129	 3079	 9347
  3474 1.800238E-04 4.937233E-04 9.379220E-04   3	 2670	 2709	 3235	    0	    0	10745	 1821	 9456
  3475 4.195115E-04 7.652843E-04 7.020497E-05   2	   54	 1846	    0	    0	 3091	 3119
  3476 9.188816E-04 2.588456E-04 1.402396E-03   0	    0	    0
  3477 1.295880E-04 5.699576E-04 1.156642E-03   1	 2256	    0	    0	 1024
  3478 7.349038E-04 5.779008E-04 9.281668E-04   8	   60	  579	 1406	 2347	 5345	 5366	 5682	 6631	    0	    0	 4676	 9516	 4728	 9567	 4729	 5158	 4798	 9573
  3479 1.268446E-03 6.940873E-04 1.156800E-03   2	    0	 3250	    0	    1	 9073	 8871
  3480 1.800148E-04 6.914848E-04 4.838208E-04   8	 3189	 3257	 3617	 3632	 4603	 4621	 4650	 6594	    0	    0	 1657	 1547	 1548	 1711	 1545	 9701	 2075	 1596
  3481 4.272006E-04 1.009533E-04 8.548576E-04   0	    0	    0
  3482 2.297168E-04 2.307521E-04 5.635250E-04   1	 1411	    0	    0	 2151
  3483 1.545581E-04 3.475008E-04 3.398208E-04   2	  366	 1161	    0	    0	 1295	 1339
  3484 5.595463E-04 2.174211E-04 3.317009E-04   0	    0	    0
  3485 2.622112E-04 1.184925E-03 4.812348E-04   1	 6605	    0	    0	10333
  3486 1.195196E-03 2.987185E-04 1.511849E-03   1	  298	    0	    0	 8460
  3487 2.031669E-04 7.459273E-04 5.637989E-04   3	 2504	 4439	 6503	    0	    0	 2087	 1904	 1856
  3488 7.881590E-04 6.308484E-04 1.303661E-03   2	  449	 2720	    0	    0	 5662	 5710
  3489 9.105447E-04 9.695808E-04 1.366230E-03   3	  284	 1122	 2505	    0	    0	 6946	 7112	10103
  3490 6.979187E-04 1.379567E-04 1.445741E-03   2	 2444	 2511	    0	    0	 4313	 4518
  3491 5.776363E-04 3.532608E-04 6.884807E-04   5	 2756	 2965	 3024	 3495	 6762	    0	    0	 3425	 3565	 3457	 3492	 3432
  3492 4.204608E-04 3.247658E-04 9.022080E-05   1	  557	    0	    0	 3055
  3493 9.052815E-04 6.479987E-04 1.251043E-03   4	  343	  999	 2169	 6410	    0	    0	 9600	 6942	 6905	 6889
  3494 1.950040E-04 4.292759E-04 1.452428E-04   2	 1849	 3086	    0	    0	 1863	 1806
  3495 5.859555E-04 3.970864E-04 6.841907E-04   1	 3491	    0	    0	 3492
  3496 2.126638E-04 1.026520E-03 6.846384E-04   0	    0	    0
  3497 1.142381E-03 5.458400E-05 9.297362E-04   0	    0	    0
  3498 1.060800E-03 5.318208E-04 1.160768E-03   0	    0	    0
  3499 2.928066E-04 3.033408E-04 8.512428E-04   4	 1592	 3712	 5435	 6774	    0	    0	 2703	 2596	 2585	 2682
  3500 1.105564E-03 1.534080E-05 1.550594E-04   0	    0	    0
  3501 8.474082E-04 1.056680E-03 1.329604E-03   2	  798	 1379	    0	    0	 6458	 6360
  3502 1.253476E-03 5.422117E-05 4.291979E-05   0	    0	    0
  3503 3.167604E-05 1.191486E-03 5.616000E-04   0	    0	    0
  3504 2.412790E-06 9.763260E-04 3.309158E-04   3	   -1	  671	 5474	    1	    0	   63	  220	10112
  3505 8.591971E-04 5.483240E-04 1.293120E-03   2	  516	 1614	    0	    0	 6515	 6552
  3506 7.526592E-04 8.534400E-04 9.361342E-04   4	  148	  194	  199	 1437	    0	    0	 5030	10738	 5297	 9918
  3507 1.007348E-04 9.023808E-04 1.418899E-03   2	    1	 5550	    0	    0	  739	  806
  3508 1.270215E-03 1.126073E-03 3.614215E-04   4	    0	  193	  303	 4370	    0	    1	 8992	 8906	 8808	 8821
  3509 2.745408E-04 5.995020E-04 8.712168E-04   0	    0	    0
  3510 4.051008E-04 2.646131E-04 4.896365E-05   4	  973	 1310	 2963	 5845	    0	    0	 3039	 2972	 3032	 3005
  3511 9.887808E-04 8.486208E-04 1.222764E-03   5	  380	  493	  674	  813	 1763	    0	    0	10936	 7616	10938	 9897	 9873
  3512 7.583194E-05 1.030202E-03 5.540788E-04   2	   23	 6421	    0	    0	  626	  603
  3513 3.195250E-04 4.151798E-04 8.961727E-04   1	 1415	    0	    0	 2788
  3514 7.132842E-04 9.512028E-04 1.222082E-03   3	  546	 1746	 3562	    0	    0	 4779	 4668	 4581
  3515 7.748804E-04 6.191994E-04 1.274195E-03   5	 2720	 3190	 4406	 4431	 6298	    0	    0	 9555	 9589	 5787	 5534	 5249
  3516 1.247808E-04 9.916770E-04 5.545951E-04   6	 3223	 3270	 4115	 5259	 5322	 6427	    0	    0	10661	10135	10184	10649	 1180	10643
  3517 6.921652E-04 6.014059E-04 8.956725E-04   3	   60	   79	  115	    0	    0	 4155	 4156	 9547
  3518 9.878372E-04 6.396410E-04 3.617697E-04   1	 3597	    0	    0	 7626
  3519 1.673246E-04 6.646754E-04 5.078359E-04   3	 3632	 4603	 4655	    0	    0	 1575	10628	 1371
  3520 3.734368E-04 3.148608E-04 2.525250E-06   1	  894	    0	    0	 2956
  3521 3.273541E-04 1.857826E-04 2.371808E-05   0	    0	    0
  3522 9.362089E-05 8.342374E-04 3.792000E-04   1	 1651	    0	    0	10551
  3523 1.247808E-04 3.771684E-05 1.124733E-04   0	    0	    0
  3524 3.600080E-04 4.143630E-04 1.533327E-03   2	 4779	 4921	    0	    0	 2875	11100
  3525 2.145822E-04 3.619125E-04 8.940346E-04   1	 2200	    0	    0	 2092
  3526 5.155520E-05 6.508608E-04 1.328283E-03   3	  382	 2477	 4298	    0	    0	 9636	  547	  498
  3527 6.421069E-04 8.244898E-04 1.225416E-03   2	   71	 5115	    0	    0	 3821	 3862
  3528 1.091359E-03 1.439804E-05 6.718080E-05   0	    0	    0
  3529 6.884474E-04 2.899008E-04 3.648192E-04   4	  933	 1556	 1860	 2927	    0	    0	10527	 4182	 4315	 4455
  3530 9.023808E-04 8.654532E-04 1.075008E-04   3	   39	 1157	 1334	    0	    0	 6727	 7014	 7054
  3531 1.276417E-03 1.007043E-03 1.245114E-03   2	    0	 5110	    0	    1	 9085	10187
  3532 4.439778E-04 7.486080E-05 2.339525E-05   0	    0	    0
  3533 1.586753E-04 7.300570E-04 5.587008E-04   2	 3274	 6511	    0	    0	 1394	 1605
  3534 7.102080E-05 8.567807E-04 3.644443E-04   2	 1039	 2878	    0	    0	  467	 9885
  3535 7.881589E-04 6.620450E-04 8.943667E-04   0	    0	    0
  3536 5.192066E-04 3.148992E-04 6.175571E-04   0	    0	    0
  3537 9.014457E-04 7.606802E-04 1.223991E-03   4	  242	  321	  786	 1196	    0	    0	 6886	 6873	 7045	 9788
  3538 1.107168E-03 1.270574E-03 6.019262E-04   1	    3	    0	    0	 8074
  3539 1.134440E-03 3.331640E-06 3.600048E-04   0	    0	    0
  3540 1.260420E-04 7.688126E-04 1.152192E-04   0	    0	    0
  3541 1.919808E-04 9.706853E-04 3.582308E-04   4	  924	 3663	 4498	 5811	    0	    0	 1959	 1962	 1918	10130
  3542 1.191348E-03 2.160063E-04 3.830400E-04   2	  122	 3259	    0	    0	 8308	 8461
  3543 1.198061E-03 4.267051E-04 1.358114E-03   2	 1100	 2239	    0	    0	 8481	 8393
  3544 3.280347E-04 8.006208E-04 5.049408E-04   0	    0	    0
  3545 7.017596E-04 5.955526E-04 1.284021E-03   4	 1258	 1465	 3105	 6295	    0	    0	 4565	 4334	 4608	 4368
  3546 2.678446E-04 8.572788E-04 5.040024E-04   1	 6579	    0	    0	 2473
  3547 1.215341E-03 8.880000E-04 2.522859E-06   2	   30	  952	    0	    0	 9919	 8615
  3548 8.860605E-05 8.670301E-04 6.263762E-04   4	 1843	 2447	 3724	 4025	    0	    0	 9981	  976	  850	  975
  3549 3.551453E-05 8.644632E-04 1.180753E-04   0	    0	    0
  3550 1.644502E-04 2.811163E-06 5.068608E-04   0	    0	    0
  3551 1.293216E-04 5.289600E-04 8.670356E-04   2	  948	 1560	    0	    0	 9479	 1056
  3552 1.497792E-04 9.412566E-04 6.248297E-04   2	  623	 3739	    0	    0	 1264	 1182
  3553 7.364491E-04 3.945628E-04 3.813952E-04   0	    0	    0
  3554 6.211216E-04 8.208037E-04 8.689602E-04   0	    0	    0
  3555 4.030080E-05 1.970878E-04 3.809527E-04   0	    0	    0
  3556 1.142278E-04 3.825398E-04 1.148410E-04   1	  457	    0	    0	 9372
  3557 2.043900E-05 7.209600E-04 4.320000E-05   1	 3194	    0	    0	  318
  3558 5.598083E-04 2.736000E-04 3.616476E-04   3	 1025	 1223	 1350	    0	    0	 3415	 3414	 3430
  3559 2.003555E-04 8.643805E-06 1.143701E-04   0	    0	    0
  3560 9.696408E-05 3.646080E-05 1.519547E-03   0	    0	    0
  3561 5.756452E-04 3.218376E-05 1.437121E-03   0	    0	    0
  3562 7.112110E-04 9.456022E-04 1.214246E-03   2	  683	 3514	    0	    0	10923	 4581
  3563 3.920349E-04 3.014208E-04 6.236437E-04   2	 2655	 3244	    0	    0	 2986	 2943
  3564 6.025235E-04 1.254781E-04 1.430046E-03   1	 6731	    0	    0	 3578
  3565 7.238208E-04 8.752354E-04 1.355539E-03   6	  738	 1020	 1108	 1312	 4435	 4995	    0	    0	 9904	 4640	 4671	 9978	 4901	 4813
  3566 3.041733E-04 8.860766E-04 6.239808E-04   5	 2792	 3227	 5207	 5213	 6741	    0	    0	 2650	 2754	 2701	10006	 2731
  3567 4.739538E-04 1.246061E-03 1.226524E-03   3	 2205	 3615	 6411	    0	    0	 3226	 3213	 3223
  3568 8.141082E-06 8.502805E-04 5.886325E-04   1	   -1	    1	    0	  125
  3569 5.443093E-04 6.033383E-04 1.408322E-03   0	    0	    0
  3570 7.537617E-04 6.585408E-04 5.150169E-04   2	   15	 5593	    0	    0	 9665	 9642
  3571 8.351808E-04 9.708412E-04 1.236939E-03   3	   41	  488	  787	    0	    0	10106	 6156	10102
  3572 7.118606E-04 1.234541E-03 5.142065E-04   1	 6458	    0	    0	 4476
  3573 5.882048E-04 8.159808E-04 8.822407E-04   1	 6658	    0	    0	 3551
  3574 1.700443E-04 5.918162E-04 1.304638E-03   1	 2323	    0	    0	 1557
  3575 4.385791E-04 1.766208E-04 9.948133E-05   2	 2341	 2806	    0	    0	 3163	 3130
  3576 2.784083E-05 4.521638E-04 1.238753E-03   2	  646	 1470	    0	    0	10967	  365
  3577 3.291183E-04 8.438411E-04 5.155191E-04   1	 3200	    0	    0	 2741
  3578 1.197135E-04 8.727970E-04 9.756739E-05   3	  869	 2172	 4102	    0	    0	  838	 9908	  807
  3579 8.534377E-04 6.112455E-04 1.238757E-03   3	  717	  831	 1380	    0	    0	 9554	10944	 6411
  3580 8.187268E-04 1.079021E-03 1.353581E-03   2	  423	  521	    0	    0	 6032	 5930
  3581 1.175762E-04 7.705971E-04 5.155200E-04   2	 2768	 6430	    0	    0	  954	 1151
  3582 7.579355E-04 2.428752E-04 6.094435E-04   1	 3601	    0	    0	 5350
  3583 7.342457E-04 1.260289E-05 8.870208E-04   0	    0	    0
  3584 3.003939E-05 2.179200E-04 1.010803E-04   2	  660	 1950	    0	    0	  368	  357
  3585 1.264594E-03 4.163547E-04 8.755392E-04   2	 2343	 5473	    0	    0	 8858	 8882
  3586 1.212978E-03 6.190809E-05 3.712433E-04   1	 1616	    0	    0	10548
  3587 2.158669E-04 5.966638E-04 8.840075E-04   0	    0	    0
  3588 8.110042E-05 1.116759E-03 1.533337E-03   1	    1	    0	    0	  759
  3589 8.764800E-04 8.947392E-04 1.235672E-03   3	  216	  242	  976	    0	    0	10964	 6709	 6740
  3590 1.123181E-03 1.223833E-03 3.693094E-04   2	    3	  398	    0	    0	10345	 8179
  3591 1.238381E-03 7.401600E-04 8.836647E-04   0	    0	    0
  3592 5.353256E-04 1.108808E-03 1.241287E-03   2	    1	 3802	    0	    0	 3333	10300
  3593 4.415808E-04 2.342592E-04 6.058925E-04   3	 2305	 2786	 3319	    0	    0	 3093	 3094	 3133
  3594 1.259985E-03 8.414234E-04 1.353244E-03   4	 2626	 2876	 4165	 4355	    0	    0	 8736	 8903	 8776	 8884
  3595 7.131241E-04 9.572418E-04 1.335084E-03   2	  774	 6319	    0	    0	11029	10075
  3596 4.100810E-04 7.555234E-04 9.564343E-05   1	  867	    0	    0	 3053
  3597 9.915143E-04 6.310009E-04 3.740447E-04   1	 3518	    0	    0	 7626
  3598 9.469146E-04 6.537601E-04 3.735908E-04   0	    0	    0
  3599 6.047342E-05 1.755625E-04 9.554302E-05   0	    0	    0
  3600 7.193203E-04 5.606592E-04 5.174399E-04   0	    0	    0
  3601 7.747200E-04 2.308606E-04 6.076696E-04   2	 1068	 3582	    0	    0	 9256	 5350
  3602 8.193838E-04 9.785237E-04 1.352138E-03   3	  351	  488	  907	    0	    0	 5842	 5986	 5867
  3603 9.453811E-05 7.326326E-04 5.559758E-04   1	 1643	    0	    0	  699
  3604 1.532467E-04 8.460360E-04 5.172887E-04   3	 1463	 2811	 5588	    0	    0	 1370	 1260	 1299
  3605 7.193177E-04 9.284695E-04 1.352481E-03   3	  296	  774	 6209	    0	    0	 4639	 4836	 4861
  3606 1.199043E-03 8.638080E-05 9.790080E-05   0	    0	    0
  3607 9.311808E-04 3.820800E-06 4.030080E-05   3	  701	 1600	 4802	    0	    0	 7093	 7196	 7246
  3608 1.261421E-03 1.934583E-04 3.763008E-04   2	    0	 2029	    0	    1	 8998	 8782
  3609 1.987278E-04 8.937625E-04 3.697265E-04   0	    0	    0
  3610 1.250887E-03 1.583988E-04 3.739419E-04   3	  572	  918	 5841	    0	    0	10550	 8795	 9217
  3611 6.883200E-04 1.122084E-03 1.283668E-03   4	   96	  277	 3734	 4458	    0	    0	 4369	 4490	 4254	 4392
  3612 1.058882E-03 3.729382E-04 1.230365E-03   1	   50	    0	    0	 7880
  3613 8.221556E-05 3.547378E-04 3.777752E-04   1	 1562	    0	    0	  764
  3614 2.608028E-05 8.570924E-05 1.522098E-03   1	 1062	    0	    0	  410
  3615 4.883591E-04 1.237443E-03 1.229615E-03   3	 1508	 2205	 3567	    0	    0	 3251	 3257	 3213
  3616 6.673799E-05 2.966276E-04 3.671750E-04   1	 1562	    0	    0	 9310
  3617 1.648348E-04 7.187551E-04 5.111781E-04   5	 2986	 3257	 3480	 3632	 4636	    0	    0	 9739	 1391	 1548	 1712	 1576
  3618 1.475543E-04 9.705600E-04 3.778822E-04   1	 3390	    0	    0	 1191
  3619 9.501154E-04 7.726457E-05 6.529920E-05   1	  301	    0	    0	 7356
  3620 6.953259E-04 5.232000E-04 1.227974E-03   4	  264	  927	 1216	 2286	    0	    0	 9458	 4580	 4389	 4534
  3621 1.862208E-04 1.146221E-03 5.098903E-04   4	  350	  635	  800	 4658	    0	    0	 1660	10630	 1796	 1901
  3622 2.001408E-04 1.160035E-03 5.097519E-04   2	  800	 4658	    0	    0	 2054	 1967
  3623 1.118684E-03 1.439371E-05 1.070591E-04   0	    0	    0
  3624 8.969238E-04 5.499238E-04 1.533168E-03   2	  745	 4853	    0	    0	 9481	 6971
  3625 1.641631E-04 1.099704E-03 3.664360E-04   2	   85	 2431	    0	    0	 1382	 1425
  3626 6.403200E-04 6.923304E-04 1.232659E-03   3	   97	  620	 6409	    0	    0	 3806	 3913	 3784
  3627 7.750086E-04 8.577796E-04 2.192165E-05   2	   10	 1517	    0	    0	 5430	 5566
  3628 1.251486E-03 1.797925E-04 8.764800E-04   1	   17	    0	    0	 8722
  3629 5.950080E-05 7.925030E-04 3.696060E-04   1	 1402	    0	    0	10545
  3630 3.913252E-04 4.377792E-04 1.008027E-04   2	   57	 2523	    0	    0	 2917	 3007
  3631 1.539558E-04 4.243008E-04 8.859243E-04   0	    0	    0
  3632 1.790217E-04 6.774043E-04 5.134406E-04   3	 3480	 3519	 3617	    0	    0	 1711	 1575	 1712
  3633 9.619008E-04 8.668896E-04 9.312000E-05   4	   27	  617	 4820	 6010	    0	    0	 9910	 9942	 7507	10385
  3634 9.553701E-05 6.912192E-04 9.837614E-05   0	    0	    0
  3635 3.809735E-04 9.991957E-04 6.105792E-04   1	   21	    0	    0	 2935
  3636 1.240036E-04 9.763200E-04 3.686208E-04   4	 3390	 4530	 5735	 5854	    0	    0	 1085	10149	10535	 1031
  3637 9.849408E-04 9.964608E-04 3.675470E-04   2	   19	 3743	    0	    0	 7462	10179
  3638 3.483283E-04 9.358496E-04 6.109121E-04   2	 3227	 6752	    0	    0	 2837	 2838
  3639 8.079617E-04 6.412608E-04 1.231526E-03   2	 1163	 2651	    0	    0	 5861	 5982
  3640 1.430400E-04 1.191351E-03 5.116774E-04   5	   58	  350	 1060	 5662	 6424	    0	    0	 1115	 1210	 1408	 1298	10638
  3641 1.222073E-03 8.515107E-04 2.208241E-05   1	   30	    0	    0	 8628
  3642 4.631808E-04 2.663056E-06 1.027109E-04   1	  702	    0	    0	 3211
  3643 1.411170E-04 9.204757E-04 6.105792E-04   3	 2447	 3724	 3739	    0	    0	 1092	 1181	 1153
  3644 4.489971E-04 3.095793E-04 1.030022E-04   1	  557	    0	    0	 3149
  3645 1.474811E-04 9.726087E-04 5.875008E-04   7	  623	  630	 1750	 2400	 3937	 5319	 5322	    0	    0	 1479	 1577	 1478	10093	 1262	 1458	 1374
  3646 5.135994E-04 8.470032E-04 6.513367E-04   0	    0	    0
  3647 3.693809E-05 9.859177E-04 4.945532E-04   5	  515	  699	 1327	 1681	 6574	    0	    0	10157	  427	  293	  476	  353
  3648 6.038256E-04 1.171219E-03 6.519769E-04   0	    0	    0
  3649 7.707318E-04 1.835101E-04 9.200321E-04   0	    0	    0
  3650 9.148836E-04 6.981928E-04 1.187525E-03   2	  331	 3652	    0	    0	 7007	 9686
  3651 7.487808E-04 2.457408E-04 3.464143E-04   4	 2037	 3255	 4573	 5808	    0	    0	 4818	 4947	 5258	 5049
  3652 9.266773E-04 6.748800E-04 1.186844E-03   3	  458	  656	 3650	    0	    0	 7127	 7234	 9686
  3653 4.492608E-04 1.170104E-03 1.440019E-03   7	    1	   73	  678	 1667	 4628	 5679	 6764	    0	    0	 3198	 3077	 3191	 3186	 3115	 3190	 3126
  3654 6.359764E-04 2.219163E-04 1.334452E-04   1	 1759	    0	    0	 3866
  3655 1.436423E-04 1.115059E-03 6.508608E-04   1	 2779	    0	    0	 1321
  3656 7.080217E-04 7.228649E-05 8.590464E-04   0	    0	    0
  3657 8.036704E-04 9.238029E-04 1.184184E-03   5	  507	  787	 5085	 5097	 6137	    0	    0	10018	 5886	 5860	 6000	 9999
  3658 1.234465E-05 7.564992E-04 1.363181E-03   3	   -1	  171	  453	    1	    0	  179	  269	  235
  3659 1.187671E-03 8.092762E-04 9.205177E-04   2	 3380	 3746	    0	    0	 9801	 8359
  3660 6.995558E-04 7.295808E-04 9.211437E-04   1	 6691	    0	    0	 4594
  3661 6.719808E-04 3.988920E-04 1.348610E-04   1	  962	    0	    0	 4397
  3662 5.983692E-04 7.833792E-04 1.184621E-03   2	   61	   71	    0	    0	 3585	 9808
  3663 2.111808E-04 9.416349E-04 3.867273E-04   2	 3541	 4498	    0	    0	 1962	10541
  3664 4.031808E-04 1.217299E-03 1.521607E-03   3	    1	 1381	 5113	    0	    0	 2971	 2997	 3017
  3665 2.553408E-04 1.022557E-03 3.470603E-04   6	   21	 1606	 3306	 4568	 5720	 6013	    0	    0	 2347	 2470	 2410	 2273	 2420	10173
  3666 4.478191E-04 3.336229E-06 1.315309E-04   0	    0	    0
  3667 1.859557E-04 4.147008E-04 3.862715E-04   2	 2184	 3046	    0	    0	 1791	 1677
  3668 1.265261E-03 4.262592E-04 1.472998E-03   2	    0	 3337	    0	    1	 9112	 8850
  3669 7.967808E-04 5.663808E-04 9.174752E-04   5	   59	  402	  538	  579	 6698	    0	    0	 5649	 5875	 5296	 5029	 9517
  3670 4.847990E-04 1.059152E-03 4.895881E-05   2	    2	  163	    0	    0	 3239	 3218
  3671 8.881560E-04 7.958278E-04 1.297350E-04   2	  839	 4747	    0	    0	 6952	 6894
  3672 7.906879E-04 6.844896E-04 9.184470E-04   2	 2907	 6623	    0	    0	 5725	 5546
  3673 1.054541E-03 7.007808E-04 1.473880E-03   2	 1602	 1883	    0	    0	 7899	 7848
  3674 3.638453E-04 1.056957E-03 5.591776E-04   3	 5264	 5320	 5332	    0	    0	 2959	 2913	10244
  3675 9.340800E-04 1.017581E-03 1.401957E-03   5	  347	  432	 1478	 3040	 4185	    0	    0	10231	 7285	 7193	 7154	 7153
  3676 3.993792E-04 1.125101E-03 1.438099E-03   2	    1	   73	    0	    0	 2930	 2944
  3677 6.709078E-04 9.554767E-04 1.186579E-03   2	  683	 6374	    0	    0	 4127	 4111
  3678 1.074967E-04 9.704325E-04 3.494208E-04   2	 5722	 5735	    0	    0	  931	 1000
  3679 8.501016E-04 8.417587E-04 2.415292E-05   3	  381	 1517	 2764	    0	    0	 6463	10358	 6540
  3680 9.615641E-04 8.413171E-04 4.348403E-05   3	   27	  629	 4523	    0	    0	 7450	 7455	 7400
  3681 5.011008E-04 2.035008E-04 6.477240E-04   3	 1457	 2405	 3429	    0	    0	 3370	 3300	 3348
  3682 3.295547E-04 1.083836E-03 5.273146E-04   2	 5279	 5289	    0	    0	 2822	 2784
  3683 6.305688E-04 1.230044E-03 1.248969E-03   0	    0	    0
  3684 1.234541E-03 1.198435E-03 1.249244E-03   2	 1280	 2758	    0	    0	 8607	 8725
  3685 1.006480E-04 5.832238E-04 8.567794E-04   2	 1151	 1605	    0	    0	  899	  825
  3686 3.556562E-04 8.784006E-04 4.905766E-04   3	 2679	 4640	 4657	    0	    0	 9974	 2850	 2828
  3687 5.614448E-04 3.585714E-04 9.244771E-04   0	    0	    0
  3688 1.643200E-04 8.812608E-04 6.611597E-04   2	 5188	 5211	    0	    0	 9975	10684
  3689 9.399953E-04 1.451186E-04 1.326255E-03   0	    0	    0
  3690 1.096782E-03 8.833920E-05 1.394894E-04   8	 1304	 1550	 2780	 2877	 3019	 4203	 4902	 6019	    0	    0	 7957	 9163	 8043	 7958	 7987	 8002	10408	10399
  3691 7.304430E-04 4.753558E-04 1.175496E-03   3	  333	  356	  720	    0	    0	 4963	10894	 9438
  3692 8.707968E-05 2.438208E-04 4.904105E-04   4	 2154	 2518	 4219	 6453	    0	    0	  708	  696	10614	  817
  3693 2.764608E-04 1.013779E-03 6.651303E-04   4	 1219	 2787	 5540	 6759	    0	    0	 2658	 2639	 2492	 2573
  3694 6.861315E-04 6.566592E-04 9.264065E-04   3	  252	 3732	 5365	    0	    0	 4215	 9612	 4614
  3695 5.299008E-04 3.446569E-04 3.398592E-04   2	 1981	 2899	    0	    0	 3355	 3331
  3696 7.708879E-04 2.714050E-04 1.175859E-03   0	    0	    0
  3697 7.145930E-04 4.528315E-05 1.178861E-03   0	    0	    0
  3698 2.691546E-04 2.449417E-04 5.844817E-04   2	 3003	 6519	    0	    0	 2571	 2427
  3699 1.089471E-03 5.150186E-04 4.915008E-04   1	 4128	    0	    0	 8014
  3700 6.688344E-04 2.928000E-04 6.581077E-04   1	 3165	    0	    0	 4120
  3701 1.550601E-04 5.207869E-04 9.219507E-04   3	 2670	 3235	 3361	    0	    0	 9460	10744	10736
  3702 1.177918E-03 1.699194E-04 5.037857E-05   1	  816	    0	    0	 8366
  3703 1.120921E-03 1.276173E-03 3.417792E-04   2	    3	  396	    0	    0	10532	 8136
  3704 3.133140E-04 5.499446E-04 4.806254E-06   0	    0	    0
  3705 1.544383E-04 7.919965E-04 1.352055E-04   1	 2060	    0	    0	 1437
  3706 5.366447E-04 9.192238E-04 8.955256E-05   4	    2	   54	  340	 3850	    0	    0	 3368	 3367	 3329	 3318
  3707 1.075008E-04 4.041642E-04 1.374068E-04   0	    0	    0
  3708 1.111001E-03 1.965825E-05 1.367762E-04   1	 1550	    0	    0	10398
  3709 2.419008E-04 7.161408E-04 4.927580E-04   3	 4247	 4612	 4650	    0	    0	 2276	 9734	 9708
  3710 4.315422E-04 1.254226E-03 1.463992E-03   4	    1	  678	 4637	 6450	    0	    0	 3068	 3100	 3117	 3078
  3711 1.222080E-03 1.889851E-04 1.382208E-04   4	  349	 1217	 4764	 6022	    0	    0	10412	10387	10403	 8538
  3712 2.831986E-04 3.151625E-04 8.649608E-04   2	 3499	 5463	    0	    0	 2596	 2597
  3713 1.027332E-04 6.958491E-04 5.020872E-04   0	    0	    0
  3714 1.047354E-03 8.401641E-04 9.169999E-05   4	   27	   67	   92	  922	    0	    0	 7819	 7861	10384	 7826
  3715 9.641247E-04 8.068654E-04 1.202881E-03   5	  493	  640	  674	 1763	 5086	    0	    0	 7527	10913	 7501	 9853	 7440
  3716 7.346766E-04 3.217620E-04 3.547438E-04   3	 3267	 5748	 5843	    0	    0	 5071	 9317	 4948
  3717 8.131279E-04 8.860835E-04 1.203032E-03   7	  507	  976	 1765	 2176	 2760	 3237	 5085	    0	    0	 9993	 6098	 5885	 9944	10919	 6003	 9992
  3718 4.233578E-04 8.351535E-05 9.086162E-04   2	  116	 5450	    0	    0	 3049	 3065
  3719 1.228992E-04 2.537895E-06 5.602855E-04   1	 2555	    0	    0	 1179
  3720 1.081763E-03 2.069028E-04 1.220727E-04   2	  487	 3263	    0	    0	 7927	 7926
  3721 1.185609E-03 7.171179E-04 3.537466E-04   1	 1070	    0	    0	 8347
  3722 8.188847E-04 1.050699E-03 1.340518E-03   3	  423	 1379	 1717	    0	    0	 6029	 6102	10226
  3723 7.457629E-04 6.762993E-04 1.201237E-03   6	  437	  998	 1841	 2044	 3261	 5089	    0	    0	 9649	 5309	 5120	10907	 4964	 5170
  3724 1.353486E-04 8.893171E-04 6.326561E-04   4	 2447	 3548	 3643	 3775	    0	    0	 1117	  850	 1181	 9939
  3725 1.260330E-03 2.641798E-05 1.203161E-03   2	    0	    7	    0	    1	 9082	 8772
  3726 9.597154E-04 4.097982E-04 1.202730E-03   0	    0	    0
  3727 8.254080E-05 9.074804E-04 3.839808E-04   2	 4518	 5759	    0	    0	  792	  643
  3728 8.253775E-04 1.103322E-03 1.201939E-03   6	   87	  309	  445	  614	  728	 1218	    0	    0	 6215	 6188	10266	 6023	 5907	 6072
  3729 1.140841E-04 8.149139E-04 1.202809E-04   1	 3099	    0	    0	 1027
  3730 2.131008E-04 7.976308E-04 3.561600E-04   0	    0	    0
  3731 6.996911E-04 9.837308E-04 1.206562E-03   3	  369	 3757	 4372	    0	    0	 4508	 4332	 4577
  3732 6.982007E-04 6.201408E-04 9.062208E-04   2	 2710	 3694	    0	    0	10731	 9612
  3733 1.507186E-04 9.902585E-04 3.555522E-04   3	 3364	 4563	 5705	    0	    0	 1361	 1314	 1381
  3734 6.888238E-04 1.128277E-03 1.271993E-03   1	 3611	    0	    0	 4254
  3735 1.066952E-04 2.016000E-05 1.212450E-04   1	 4812	    0	    0	  882
  3736 3.767883E-04 1.180836E-04 1.219320E-04   3	 1297	 2489	 5742	    0	    0	 2901	 2891	 9175
  3737 1.847805E-04 5.068608E-04 9.062592E-04   1	 5449	    0	    0	 1667
  3738 7.900879E-04 5.772349E-04 1.206711E-03   1	 1500	    0	    0	 5606
  3739 1.256339E-04 9.316642E-04 6.297408E-04   3	 3552	 3643	 5307	    0	    0	 1182	 1153	10094
  3740 9.321600E-04 9.091155E-04 1.288782E-03   2	  392	 4395	    0	    0	 7361	 7238
  3741 1.716867E-04 4.804575E-04 1.423514E-03   0	    0	    0
  3742 4.123472E-04 1.308622E-05 1.205779E-03   0	    0	    0
  3743 9.998619E-04 1.020477E-03 3.830452E-04   2	   19	 3637	    0	    0	 7643	10179
  3744 2.611008E-04 9.241942E-04 2.545290E-06   2	  621	  886	    0	    0	 2500	 2539
  3745 9.033574E-04 8.631932E-04 1.358273E-03   1	  250	    0	    0	 6910
  3746 1.181762E-03 7.944217E-04 9.150329E-04   1	 3659	    0	    0	 8359
  3747 2.796416E-04 4.074962E-04 1.196141E-03   0	    0	    0
  3748 3.828838E-04 9.147168E-04 5.591627E-04   2	   21	 6506	    0	    0	10038	 2883
  3749 8.697408E-04 6.934765E-04 9.148740E-04   4	  266	 1532	 2946	 6662	    0	    0	 6468	 6695	 9679	 6423
  3750 7.682844E-04 2.179223E-04 3.504000E-04   2	 1506	 2037	    0	    0	 5070	 5105
  3751 7.787062E-04 1.110566E-03 1.291197E-03   3	  300	  423	  949	    0	    0	 5422	 5537	10998
  3752 4.492608E-04 2.491424E-04 6.404512E-04   1	 3068	    0	    0	 3113
  3753 3.082878E-04 3.120000E-04 9.150349E-04   1	  434	    0	    0	 9322
  3754 7.929408E-04 6.310086E-04 9.139392E-04   1	  619	    0	    0	 9597
  3755 6.556775E-04 7.987392E-04 1.195201E-03   4	  389	  806	 1768	 1990	    0	    0	 4024	 3897	 3878	 3860
  3756 1.181157E-03 8.612121E-05 1.291044E-04   0	    0	    0
  3757 6.854208E-04 9.887808E-04 1.192301E-03   4	  683	  917	 3731	 4372	    0	    0	 4195	10924	 4332	 4489
  3758 5.444234E-05 9.085135E-04 1.274106E-04   2	 4743	 6020	    0	    0	  514	  551
  3759 2.339547E-04 9.820896E-04 3.490834E-04   3	  924	 2732	 6013	    0	    0	10520	10529	 2313
  3760 9.665589E-04 1.374134E-04 1.330541E-03   0	    0	    0
  3761 5.480337E-04 2.216041E-04 3.518162E-04   0	    0	    0
  3762 7.400078E-04 1.078080E-03 1.198061E-03   6	  319	  463	  963	 2203	 3248	 5090	    0	    0	10278	 4809	 5036	 5037	 4896	 4662
  3763 1.352346E-04 4.636762E-04 9.126908E-04   1	 2670	    0	    0	 1247
  3764 7.489920E-05 6.019155E-04 8.637161E-04   2	 1151	 3251	    0	    0	  773	  615
  3765 1.141434E-03 1.220804E-04 3.521759E-04   2	 1177	 1952	    0	    0	 8178	 8167
  3766 2.006391E-04 9.723271E-04 6.344026E-04   3	  623	 6492	 6748	    0	    0	 1834	 2088	 1801
  3767 5.925960E-04 8.739566E-04 9.115393E-04   1	 3352	    0	    0	 3629
  3768 1.232659E-03 7.761463E-04 8.636470E-04   0	    0	    0
  3769 6.825564E-04 7.914962E-04 1.199981E-03   1	  112	    0	    0	 4364
  3770 3.970829E-04 6.651634E-05 1.263638E-04   2	 1297	 5715	    0	    0	 2966	 9161
  3771 2.204428E-04 8.532935E-04 3.525959E-04   0	    0	    0
  3772 1.773288E-04 1.038701E-03 5.526042E-04   3	  590	 2093	 5283	    0	    0	 1455	 1477	 1604
  3773 2.864362E-04 1.050926E-03 3.510031E-04   2	  110	 5720	    0	    0	 2566	 2531
  3774 1.249249E-03 6.206182E-04 1.525940E-03   0	    0	    0
  3775 1.525077E-04 8.517932E-04 6.374592E-04   2	 3724	 5211	    0	    0	 9939	 1322
  3776 1.120168E-03 2.927944E-04 1.197282E-03   0	    0	    0
  3777 2.497920E-05 1.011046E-03 5.887671E-04   3	  499	  515	 6481	    0	    0	10672	10164	  305
  3778 2.868961E-04 8.209266E-04 3.859008E-04   1	 2430	    0	    0	 2655
  3779 6.955015E-04 9.167944E-04 1.272941E-03   5	  465	 1064	 1551	 2252	 3934	    0	    0	10972	 4437	 4390	 4231	 4695
  3780 1.234541E-03 6.531577E-04 9.131168E-04   0	    0	    0
  3781 1.546875E-04 4.166592E-04 1.407379E-03   1	 5047	    0	    0	 1506
  3782 3.161194E-04 1.128499E-03 2.537445E-06   0	    0	    0
  3783 1.046400E-04 8.649587E-04 3.850921E-04   2	 1651	 3143	    0	    0	  765	 9926
  3784 3.043214E-04 4.444814E-04 4.992192E-04   2	 2759	 6452	    0	    0	 2696	 2656
  3785 1.309139E-04 6.327931E-04 4.999982E-04   1	 2663	    0	    0	 9621
  3786 1.804992E-04 8.798162E-04 2.139148E-04   0	    0	    0
  3787 8.446080E-05 7.756992E-04 2.139508E-04   0	    0	    0
  3788 5.620953E-04 8.860363E-05 1.011379E-03   0	    0	    0
  3789 6.500458E-04 5.962869E-04 2.139241E-04   1	 3797	    0	    0	 3965
  3790 1.617362E-04 3.945662E-04 4.310422E-04   1	  887	    0	    0	 1344
  3791 7.209638E-04 9.876927E-04 1.378541E-03   3	  167	 1287	 3386	    0	    0	10151	 4641	 4973
  3792 2.377981E-04 2.670219E-06 5.437171E-04   0	    0	    0
  3793 1.132340E-03 5.103055E-05 2.142044E-04   3	 1383	 4293	 4947	    0	    0	 8092	10443	 8183
  3794 2.608579E-05 5.251283E-04 8.284775E-04   0	    0	    0
  3795 2.653158E-04 5.164608E-04 9.830208E-04   5	  908	  966	 1928	 2285	 2900	    0	    0	 2442	 2413	 9449	 2480	 2462
  3796 5.164608E-04 1.459392E-04 1.033237E-03   6	  116	  144	  943	 2420	 3981	 5071	    0	    0	 3229	 3264	 3311	 3225	 3279	 3228
  3797 6.555259E-04 6.076844E-04 2.150592E-04   1	 3789	    0	    0	 3965
  3798 3.998162E-04 5.260608E-04 2.162811E-04   0	    0	    0
  3799 3.756394E-04 8.889408E-04 5.248403E-04   2	   21	 6506	    0	    0	 2881	 2863
  3800 8.543054E-05 9.753408E-04 4.499556E-04   4	 1701	 2351	 4308	 4711	    0	    0	  894	  735	  795	  891
  3801 1.693177E-04 6.854208E-04 4.185792E-04   3	 2829	 4502	 6594	    0	    0	 1497	 1707	10587
  3802 5.406003E-04 1.110719E-03 1.266742E-03   3	    1	 3592	 5564	    0	    0	 3351	10300	 3364
  3803 2.524619E-05 1.353653E-04 7.486080E-05   2	  552	  833	    0	    0	  453	  319
  3804 7.939177E-04 8.981038E-04 9.822111E-04   3	  101	  206	 5563	    0	    0	10764	10002	 5729
  3805 7.977547E-04 8.244841E-04 9.827555E-04   2	 3387	 4049	    0	    0	 5826	 5772
  3806 1.146699E-03 1.699250E-04 7.363522E-05   0	    0	    0
  3807 1.852868E-04 1.019501E-03 4.502382E-04   5	   21	  189	  429	 2582	 4719	    0	    0	 1895	 1897	 1594	 1523	 1761
  3808 9.627589E-04 1.015040E-03 4.512192E-04   7	    2	   19	  156	 1710	 2967	 4698	 4723	    0	    0	 7266	 7338	 7596	 7556	 7339	10580	 7227
  3809 1.176602E-03 3.686208E-04 1.395485E-03   3	 1211	 1512	 3425	    0	    0	 8342	 8334	 8296
  3810 1.076166E-03 5.571528E-04 1.033914E-03   4	  677	 3010	 3985	 4955	    0	    0	 7985	 9477	 7920	10826
  3811 1.605961E-04 1.008797E-03 2.103885E-04   4	 2083	 3057	 4285	 5869	    0	    0	 1355	 1589	 1588	 1537
  3812 5.238079E-04 1.124029E-03 1.087004E-03   1	 1353	    0	    0	 3366
  3813 2.142122E-04 1.088177E-03 2.582369E-04   4	  110	  636	 2162	 5919	    0	    0	 2002	 2096	 2084	 2208
  3814 6.692767E-04 7.475548E-04 1.087680E-03   4	  221	  710	 1173	 2135	    0	    0	 4071	 4040	 4019	 4056
  3815 8.437119E-04 6.249630E-04 1.090541E-03   3	  471	 1426	 4954	    0	    0	 9598	 6135	 6208
  3816 9.376467E-04 5.193499E-04 1.451165E-03   3	  544	 1433	 5670	    0	    0	 7313	 7259	 9471
  3817 2.411662E-06 9.729772E-04 4.060825E-04   1	   -1	    1	    0	   88
  3818 8.337356E-05 8.438375E-04 4.531392E-04   3	 2078	 4302	 6604	    0	    0	  651	  780	  736
  3819 9.261621E-05 6.647774E-04 4.550208E-04   0	    0	    0
  3820 7.733012E-04 6.731167E-04 4.550208E-04   1	   13	    0	    0	 5524
  3821 1.545704E-04 1.252960E-03 2.576351E-04   0	    0	    0
  3822 1.685100E-04 6.984227E-04 2.112192E-04   3	 1987	 4873	 4899	    0	    0	10431	 1562	 1698
  3823 7.223762E-04 5.289540E-04 2.116562E-04   1	  627	    0	    0	 4794
  3824 1.243202E-03 6.892608E-04 4.518854E-04   0	    0	    0
  3825 8.252428E-04 8.751669E-04 1.085593E-03   2	  285	 1545	    0	    0	 6091	 5997
  3826 8.668798E-04 7.768059E-04 9.803171E-04   6	  124	  135	  387	 5020	 5369	 5384	    0	    0	 6592	 6499	 6674	 6698	 6528	10756
  3827 7.870080E-05 1.028320E-03 2.583985E-04   1	  439	    0	    0	  659
  3828 1.142381E-03 1.120330E-04 2.131008E-04   2	 2362	 5871	    0	    0	 8170	 8131
  3829 6.609389E-04 9.004608E-04 1.343036E-03   2	  103	  481	    0	    0	 3980	 9983
  3830 1.640283E-04 2.860608E-04 1.077101E-03   2	  553	 3408	    0	    0	 1534	 1484
  3831 1.076035E-03 5.999897E-04 1.499501E-03   2	    8	  239	    0	    0	 7956	 7923
  3832 6.333165E-04 5.852464E-04 1.076319E-03   3	  462	 2711	 3972	    0	    0	 3799	 3764	 3892
  3833 2.016000E-05 6.524452E-04 2.966365E-04   2	 3175	 4358	    0	    0	  325	  302
  3834 8.642263E-06 7.157038E-04 2.967935E-04   0	    0	    0
  3835 7.611236E-04 8.398504E-04 9.854222E-04   2	 2936	 5041	    0	    0	 5322	 5411
  3836 7.360403E-04 9.227176E-04 1.075660E-03   2	 1536	 2345	    0	    0	10858	 4872
  3837 9.727669E-04 3.379392E-04 5.227031E-04   2	  811	 2735	    0	    0	 9313	 7479
  3838 2.389185E-04 8.386823E-04 4.488238E-04   4	  860	 2419	 3958	 4611	    0	    0	 2351	 2381	 2412	 2262
  3839 7.824007E-04 9.062208E-04 1.008957E-03   3	 3076	 3093	 4076	    0	    0	 5456	10022	 9987
  3840 6.438914E-04 1.782060E-04 9.878375E-04   0	    0	    0
  3841 2.300003E-06 1.199947E-04 2.966318E-04   1	   -1	    1	    0	   60
  3842 2.879808E-04 4.281792E-04 9.888192E-04   5	 1335	 1928	 2318	 2891	 4099	    0	    0	 2601	 2661	 2527	 2528	 2673
  3843 2.812817E-04 1.008960E-03 5.425554E-04   1	 5580	    0	    0	10652
  3844 9.693169E-04 1.194964E-04 1.452207E-03   1	 4113	    0	    0	 7534
  3845 7.046592E-04 8.736192E-04 4.300608E-04   1	   13	    0	    0	 4475
  3846 1.083200E-04 3.763392E-04 4.502328E-04   1	 1394	    0	    0	  860
  3847 8.974467E-04 1.862208E-04 1.378579E-03   1	 1125	    0	    0	 6860
  3848 1.790202E-04 1.023341E-03 4.073969E-04   2	   21	 4222	    0	    0	 1894	 1705
  3849 2.960357E-04 4.062308E-04 4.502472E-04   1	 1818	    0	    0	 2690
  3850 5.102556E-04 9.177792E-04 8.092707E-05   3	   54	  340	 3706	    0	    0	 3254	 3298	 3318
  3851 1.083556E-03 1.612608E-04 6.240063E-05   2	 1827	 2794	    0	    0	 9213	 7974
  3852 1.224504E-03 8.630504E-04 4.081455E-04   0	    0	    0
  3853 1.718395E-04 5.341121E-04 9.838437E-04   0	    0	    0
  3854 1.173101E-03 2.131008E-04 2.176397E-04   6	  349	 1472	 1706	 3102	 5860	 5945	    0	    0	 8395	 8324	 8265	 8293	 8273	 8441
  3855 1.593792E-04 6.113871E-04 4.308898E-04   2	 2148	 4679	    0	    0	 1258	 1194
  3856 1.031850E-03 9.627264E-04 8.175074E-05   1	 5807	    0	    0	 7761
  3857 7.933191E-04 8.873214E-04 1.033425E-03   2	 3882	 4135	    0	    0	 5676	10802
  3858 7.776000E-05 7.526592E-04 7.827497E-05   2	 4814	 5847	    0	    0	  585	  550
  3859 8.774592E-04 1.069156E-03 1.393117E-03   2	  588	 2739	    0	    0	 6538	11063
  3860 2.031602E-05 5.232000E-04 1.378841E-03   2	 3192	 6197	    0	    0	  399	11064
  3861 7.611101E-05 1.041097E-03 2.966420E-04   4	  272	  439	 2584	 5667	    0	    0	  576	  673	  724	  622
  3862 6.624192E-04 5.721792E-04 1.258829E-03   5	  182	  264	  654	 4069	 4430	    0	    0	 3991	 4117	 3836	 3993	 4202
  3863 9.406080E-05 9.031942E-04 2.011372E-04   0	    0	    0
  3864 9.062208E-04 9.527770E-04 1.433435E-03   4	  138	  276	 1385	 5190	    0	    0	 6794	 6893	 7073	 6862
  3865 1.103314E-03 7.996768E-04 7.403224E-04   2	  880	 2017	    0	    0	 8050	 8005
  3866 2.495808E-04 9.699553E-04 3.056386E-04   4	  924	 3098	 4018	 6059	    0	    0	 2162	 2564	 2161	 2565
  3867 7.958454E-04 1.060642E-03 1.099357E-03   4	  108	  425	 3136	 4994	    0	    0	10253	 5733	 5805	 5462
  3868 5.437167E-04 3.235639E-05 1.012189E-03   0	    0	    0
  3869 1.508650E-04 8.414162E-04 4.291279E-04   3	 3271	 3966	 4323	    0	    0	10572	 1318	 1362
  3870 6.977588E-04 6.211264E-04 9.719731E-04   2	  252	  452	    0	    0	 4378	 4319
  3871 1.245109E-03 1.243375E-04 1.248000E-05   1	 4807	    0	    0	10359
  3872 2.241743E-04 4.749138E-04 2.000367E-04   0	    0	    0
  3873 1.239360E-03 1.045712E-03 1.098916E-03   1	 5004	    0	    0	 8711
  3874 8.214724E-04 9.001206E-04 9.734208E-04   6	  101	  206	 3948	 5029	 5563	 6203	    0	    0	 6112	 5974	 9986	 6340	 5934	 9998
  3875 3.763392E-04 5.740608E-04 3.063688E-04   0	    0	    0
  3876 1.168349E-04 6.044458E-04 7.426852E-04   0	    0	    0
  3877 6.977724E-04 9.878399E-04 1.331528E-03   1	 1789	    0	    0	 4338
  3878 7.634379E-05 1.238046E-03 4.040063E-04   1	   23	    0	    0	  674
  3879 2.179194E-04 4.723008E-04 3.501621E-05   1	  981	    0	    0	 9424
  3880 4.511668E-05 5.041274E-04 2.025544E-04   0	    0	    0
  3881 8.079679E-04 4.905544E-04 2.024242E-04   1	 1711	    0	    0	 5763
  3882 7.959983E-04 9.062592E-04 1.030758E-03   3	 3093	 3857	 3928	    0	    0	10804	 5676	 5831
  3883 2.083200E-04 8.822267E-04 4.577624E-04   4	 1220	 3171	 4595	 6588	    0	    0	 2103	 9928	 9954	 1945
  3884 1.114763E-03 2.419392E-04 2.007586E-04   4	  459	  882	 1706	 2317	    0	    0	10438	 8053	 8145	 8036
  3885 1.973038E-04 1.156296E-03 1.969614E-04   3	  140	  653	 2167	    0	    0	 2112	 1884	10313
  3886 7.852992E-04 7.684613E-04 1.267887E-03   6	  112	  223	  873	 2141	 4238	 4318	    0	    0	 9783	 5420	 5562	 5609	 9790	 5397
  3887 7.967808E-04 9.910042E-04 1.102892E-03   4	  263	  548	 2137	 2248	    0	    0	10113	 5855	 5461	10873
  3888 1.032941E-03 6.684503E-05 1.987190E-04   2	  125	 1342	    0	    0	 7771	 7827
  3889 9.545921E-04 1.108809E-03 9.715008E-04   0	    0	    0
  3890 9.278246E-04 5.329323E-05 1.533358E-03   1	 1412	    0	    0	 7155
  3891 7.680192E-04 7.152004E-04 1.104800E-03   4	   88	  246	 2600	 5140	    0	    0	 9704	 5483	 5192	 5303
  3892 5.924817E-04 7.396562E-04 1.105457E-03   3	   61	  401	 1212	    0	    0	 3536	 3614	 3561
  3893 2.295991E-04 8.860800E-04 1.967971E-04   1	 3921	    0	    0	 2204
  3894 5.713827E-05 2.908669E-04 1.029930E-03   1	 2233	    0	    0	 9293
  3895 7.049964E-04 7.307116E-04 9.705594E-04   5	  252	  536	 5374	 6690	 6703	    0	    0	 4350	 9731	 4768	 9762	 4906
  3896 8.014486E-04 1.016640E-03 1.101116E-03   2	 2248	 4960	    0	    0	 5835	 5575
  3897 7.134373E-04 5.734051E-04 9.715392E-04   7	   59	  538	 1890	 2995	 3243	 4286	 5385	    0	    0	 4801	 4821	 4595	 4499	 4457	 4886	10759
  3898 9.612315E-04 9.154830E-04 5.377920E-05   2	  617	  629	    0	    0	 7476	 7390
  3899 6.988608E-04 5.606592E-04 1.012932E-03   3	  801	 1890	 2266	    0	    0	 4524	10786	 9499
  3900 1.158586E-03 7.426862E-04 4.598370E-04   1	 1277	    0	    0	 8241
  3901 8.899238E-04 2.726208E-04 1.372781E-03   3	  339	  514	 1012	    0	    0	 6909	 9318	 6724
  3902 7.803765E-05 1.564746E-04 3.091008E-04   1	 4580	    0	    0	10502
  3903 1.249084E-03 3.583569E-04 1.094117E-03   0	    0	    0
  3904 1.603283E-04 4.715122E-04 9.782400E-04   2	 4101	 5379	    0	    0	 1555	 1414
  3905 1.116204E-03 3.343764E-05 3.044727E-04   4	 1632	 1885	 2586	 2939	    0	    0	 8046	 8055	 8098	10496
  3906 2.015808E-04 3.134248E-04 9.782317E-04   1	 1485	    0	    0	 1976
  3907 5.155861E-05 2.472238E-04 9.782429E-04   2	 2233	 3393	    0	    0	  496	  478
  3908 1.196847E-03 1.055808E-04 3.033792E-04   2	  725	  918	    0	    0	 8498	 8409
  3909 5.710738E-04 9.833946E-04 9.753792E-04   1	 4262	    0	    0	 3404
  3910 1.248192E-04 6.270172E-04 4.062299E-04   0	    0	    0
  3911 1.584015E-04 2.891137E-04 4.557223E-04   0	    0	    0
  3912 7.200192E-04 8.255808E-04 9.785200E-04   8	  148	  194	 2917	 2983	 4000	 5048	 5397	 6206	    0	    0	 9846	 9835	 9831	 4653	 5186	 4887	 4749	 4679
  3913 1.253299E-03 1.815989E-04 2.097391E-04   2	  349	 4944	    0	    0	 9240	 8818
  3914 1.160648E-03 1.736341E-04 2.099658E-04   1	 3102	    0	    0	 9233
  3915 7.104192E-04 8.685700E-04 4.540748E-04   1	   13	    0	    0	 4316
  3916 2.899392E-04 6.278208E-04 9.772992E-04   3	  661	  785	 2249	    0	    0	 2537	 2499	 2603
  3917 2.976192E-04 8.646872E-04 4.059304E-04   4	 2443	 3187	 3463	 6558	    0	    0	 2684	 2589	 9886	 2678
  3918 7.093126E-04 8.470728E-04 1.300947E-03   3	  481	  738	 1551	    0	    0	 4308	 9898	11002
  3919 1.158571E-03 5.613621E-05 4.732585E-05   0	    0	    0
  3920 3.350396E-04 1.112638E-03 5.721792E-04   4	   22	   51	 1700	 6509	    0	    0	 2807	 2769	10666	10298
  3921 2.385371E-04 8.996705E-04 2.046346E-04   1	 3893	    0	    0	 2204
  3922 1.040621E-03 1.214681E-03 1.095360E-03   0	    0	    0
  3923 8.570005E-04 9.399913E-04 1.256640E-03   5	  787	 1006	 2432	 5106	 6308	    0	    0	10043	 6596	 6511	10074	 6352
  3924 1.296075E-04 3.134162E-04 2.047617E-04   1	  804	    0	    0	 1063
  3925 1.257602E-04 7.881567E-04 2.598875E-04   1	 4209	    0	    0	 1165
  3926 1.632192E-04 9.119808E-04 4.292781E-04   5	 1369	 2831	 4664	 5791	 6587	    0	    0	10589	 1428	 1542	 1222	 9984
  3927 3.935808E-04 3.110592E-04 5.686044E-04   4	 1049	 2644	 2904	 5326	    0	    0	 2916	 3015	 9307	 3074
  3928 8.150373E-04 9.148894E-04 1.010600E-03   4	  539	 3882	 5029	 5563	    0	    0	 6044	 5831	10009	 5828
  3929 1.257314E-03 1.091533E-03 1.319021E-03   1	  753	    0	    0	 8735
  3930 2.303808E-04 7.110864E-04 3.041868E-04   2	 4885	 5604	    0	    0	 2234	 9724
  3931 1.428878E-04 8.644562E-04 4.558451E-04   0	    0	    0
  3932 2.316417E-04 1.204947E-03 2.044736E-04   4	  653	  842	 1797	 2117	    0	    0	 2066	 2271	10337	 2065
  3933 8.582208E-04 6.769617E-04 9.763208E-04   6	  427	  658	  881	  939	 4111	 5372	    0	    0	 6673	 9669	 9688	 6428	 6424	 6339
  3934 7.305600E-04 9.285920E-04 1.262407E-03   6	  616	  708	 1746	 1879	 3779	 4052	    0	    0	10048	 5090	 4855	10040	 4695	 5146
  3935 7.595136E-04 1.093309E-03 1.414229E-03   2	  160	  550	    0	    0	 5154	 5428
  3936 1.699276E-04 7.151994E-04 7.996322E-05   0	    0	    0
  3937 1.360373E-04 9.628772E-04 5.923194E-04   4	 3645	 3969	 5307	 6522	    0	    0	 1262	  994	10673	 1073
  3938 3.671800E-04 9.384238E-04 4.390004E-04   3	   21	 3144	 6591	    0	    0	 2908	 2880	 2892
  3939 2.223413E-05 4.022391E-04 1.301079E-03   2	  646	 1409	    0	    0	  397	  356
  3940 1.141943E-03 1.178596E-03 4.136294E-04   1	    3	    0	    0	 8168
  3941 6.249628E-04 7.248026E-04 1.053250E-03   2	   63	 4031	    0	    0	 3780	 3856
  3942 9.551989E-04 4.540778E-04 1.301304E-03   0	    0	    0
  3943 2.305920E-05 1.049280E-03 2.519820E-04   3	   -1	 4310	 5916	    1	    0	   48	  274	10460
  3944 1.048068E-04 4.953408E-04 8.195630E-04   1	 5420	    0	    0	  940
  3945 1.242702E-03 9.995064E-04 1.040621E-03   2	 5056	 6275	    0	    0	10143	10175
  3946 2.208192E-04 4.092469E-04 9.984192E-04   4	 1335	 2979	 2988	 5396	    0	    0	 2283	10762	 2229	 2266
  3947 1.632000E-05 2.166085E-04 2.869076E-04   0	    0	    0
  3948 8.401299E-04 9.161962E-04 1.000035E-03   5	  206	 2614	 3874	 5029	 6203	    0	    0	 6256	 6173	 9986	 6295	 6172
  3949 1.210407E-03 3.696058E-04 4.161781E-04   0	    0	    0
  3950 1.719918E-04 8.785491E-04 2.851265E-04   3	 2260	 2954	 5896	    0	    0	 9980	10476	 1702
  3951 7.190400E-04 6.739008E-04 4.385875E-04   1	 2115	    0	    0	 4649
  3952 1.276495E-03 3.151323E-05 2.814004E-04   1	    0	    0	    1	 8978
  3953 9.297362E-04 4.409133E-04 1.383360E-03   5	  969	 1234	 2453	 5169	 6659	    0	    0	 7050	 7244	 7151	 7240	 7092
  3954 6.881623E-04 8.054340E-04 1.051475E-03   2	  221	  910	    0	    0	 4383	10825
  3955 8.641920E-05 2.592000E-05 2.383662E-04   1	 5971	    0	    0	  730
  3956 9.839992E-04 7.061010E-04 4.406400E-04   2	  889	 4332	    0	    0	10585	10594
  3957 4.861218E-04 2.534469E-06 9.968353E-04   4	  116	  372	 2558	 5019	    0	    0	 3185	10765	10788	 3199
  3958 2.678375E-04 8.475265E-04 4.405042E-04   3	  860	 1220	 3838	    0	    0	 2471	 2424	 2412
  3959 6.444431E-04 5.803006E-04 1.006538E-03   6	   48	  883	  916	 1490	 1890	 5031	    0	    0	 9539	 9540	 3874	 9520	 4014	 3871
  3960 1.105611E-04 3.158356E-04 4.406282E-04   5	  641	 1394	 3009	 4728	 6537	    0	    0	  971	  752	 1124	 9327	  911
  3961 2.088204E-04 9.235008E-04 2.389059E-04   2	  110	 5954	    0	    0	10067	 1886
  3962 1.773621E-05 8.148813E-04 4.177570E-04   2	 1812	 4694	    0	    0	  372	  292
  3963 1.241962E-03 8.355519E-04 4.169937E-04   0	    0	    0
  3964 1.261085E-03 9.782408E-04 1.053113E-03   0	    0	    0
  3965 1.212630E-03 7.318053E-04 7.785600E-04   0	    0	    0
  3966 1.417964E-04 8.264098E-04 4.329604E-04   1	 3869	    0	    0	 1318
  3967 1.194523E-03 5.774565E-04 8.188806E-04   2	 4241	 5634	    0	    0	 8429	10705
  3968 8.708532E-04 2.697551E-04 1.267181E-03   2	 2240	 4114	    0	    0	 6639	 6742
  3969 1.199998E-04 9.454438E-04 5.929978E-04   5	 1843	 3122	 3937	 5302	 5307	    0	    0	  995	  974	  994	  917	10677
  3970 8.420726E-04 1.082080E-03 1.382116E-03   8	 1343	 2111	 2339	 3028	 3221	 5224	 6121	 6669	    0	    0	10263	 6249	 6314	 6535	 6195	10283	 6247	10295
  3971 1.283548E-04 6.799629E-04 8.194822E-04   1	 1362	    0	    0	10704
  3972 6.499225E-04 5.765128E-04 1.059821E-03   5	  270	  462	  622	  916	 3832	    0	    0	 3841	 9521	 4088	 9526	 3892
  3973 1.125476E-03 1.094683E-03 5.367980E-04   0	    0	    0
  3974 1.536192E-04 8.604449E-04 4.169243E-04   1	 2944	    0	    0	 1474
  3975 1.439808E-04 7.910208E-04 4.147392E-04   9	 1651	 2605	 4311	 4323	 4485	 4701	 4705	 4730	 6544	    0	    0	  935	 1257	 1386	 1316	 9803	 1317	 1013	10583	 1236
  3976 6.662208E-04 6.761275E-04 1.055040E-03   4	  252	  401	 1788	 3990	    0	    0	 4037	10848	 4192	 4164
  3977 7.001286E-04 1.622400E-04 1.045440E-03   0	    0	    0
  3978 1.923555E-04 8.421895E-04 2.486390E-04   2	 2796	 4872	    0	    0	 1724	 1784
  3979 1.267889E-03 1.715649E-04 2.481362E-04   1	 5497	    0	    0	 8865
  3980 8.977559E-04 5.537718E-04 1.391981E-03   1	 1491	    0	    0	 6970
  3981 5.102610E-04 1.701926E-04 1.003704E-03   4	  144	  943	 3796	 5071	    0	    0	 9221	 3285	 3279	 3255
  3982 6.958452E-04 7.241957E-04 1.278260E-03   6	  112	  437	 1193	 2052	 4019	 6376	    0	    0	 4564	 4535	11000	11006	 4306	10976
  3983 4.923570E-04 1.026229E-03 7.681920E-05   2	  163	  340	    0	    0	 3222	 3281
  3984 2.404619E-04 8.166812E-04 2.499556E-04   2	 2063	 5964	    0	    0	10471	 9842
  3985 1.077101E-03 5.452608E-04 1.005426E-03   4	  677	 3388	 3810	 5016	    0	    0	 7996	 7995	 7920	 8029
  3986 2.388787E-04 9.342255E-04 2.812800E-04   3	 3178	 4538	 5881	    0	    0	 2346	 2245	10068
  3987 9.073928E-04 3.468184E-04 1.294099E-03   6	  339	  466	  514	 1399	 2408	 4084	    0	    0	 7089	 6906	 6923	 9360	 7146	 6922
  3988 1.315164E-04 6.747291E-04 7.876562E-04   1	 3403	    0	    0	 9639
  3989 1.910400E-04 4.737838E-04 1.005110E-03   1	 5069	    0	    0	 1879
  3990 6.892608E-04 6.692746E-04 1.044023E-03   7	  536	 1162	 2251	 3000	 3976	 5057	 6182	    0	    0	 4483	 9682	 4442	10840	 4164	 9606	10823
  3991 6.815808E-04 9.353263E-04 1.044193E-03   5	  172	  494	 4324	 5058	 5075	    0	    0	 4165	 4240	10816	 4162	10814
  3992 2.291688E-04 5.713547E-04 1.005398E-03   4	  410	  532	 5078	 6200	    0	    0	 2062	 2256	 2267	 2284
  3993 6.014152E-04 1.009584E-04 1.049123E-03   0	    0	    0
  3994 7.321987E-04 6.192058E-04 1.001276E-03   3	   76	  801	 6220	    0	    0	 4802	 4981	 4825
  3995 7.688344E-04 6.835392E-04 4.159571E-04   1	   13	    0	    0	 5406
  3996 4.754021E-05 1.950381E-04 2.803392E-04   0	    0	    0
  3997 6.985195E-04 6.460800E-04 1.001952E-03   4	   76	  252	  536	 2995	    0	    0	 4596	 4320	 9633	 4405
  3998 2.673362E-04 3.599886E-04 8.150318E-04   4	  974	 2101	 3059	 4155	    0	    0	 9355	 2546	 2372	 9343
  3999 1.343808E-04 2.223392E-05 2.519822E-04   1	 4320	    0	    0	 1206
  4000 7.540978E-04 8.006208E-04 1.005718E-03   4	  587	  910	 3912	 5048	    0	    0	 5324	10794	 5186	 5078
  4001 3.455808E-04 1.918080E-05 2.446721E-04   0	    0	    0
  4002 7.353408E-04 8.842870E-04 1.004517E-03   2	 3218	 4089	    0	    0	 4654	 4908
  4003 7.782844E-04 8.995153E-04 1.048603E-03   5	  526	 3093	 4074	 6233	 6269	    0	    0	 5302	10808	 5601	 5752	 5500
  4004 8.685174E-04 9.023808E-04 1.049782E-03   4	  206	 4961	 6228	 6278	    0	    0	 6609	 6654	 6652	 9970
  4005 1.098915E-03 8.840016E-04 1.005618E-03   0	    0	    0
  4006 7.377366E-04 9.154829E-04 1.005122E-03   2	 4092	 6172	    0	    0	 4824	 5187
  4007 1.259539E-03 6.960000E-04 1.005407E-03   1	 5368	    0	    0	 8870
  4008 8.657020E-04 4.462567E-04 2.419392E-04   1	  892	    0	    0	 6645
  4009 9.007641E-04 9.915240E-04 1.332499E-03   0	    0	    0
  4010 1.204799E-03 7.786927E-04 7.844759E-04   0	    0	    0
  4011 1.699198E-04 9.647969E-04 2.467193E-04   1	 5924	    0	    0	 1464
  4012 7.185405E-04 1.028163E-03 1.454896E-03   3	  160	  227	 2174	    0	    0	 4742	 4645	 4840
  4013 1.181261E-03 1.198409E-04 2.857235E-04   0	    0	    0
  4014 1.604803E-04 6.134498E-04 8.166785E-04   1	 1586	    0	    0	 1323
  4015 6.615720E-04 8.501034E-04 1.001007E-03   4	  155	 3081	 3218	 5659	    0	    0	 3970	 4086	 4271	 4003
  4016 7.291407E-04 8.486208E-04 1.001416E-03   3	 3395	 4065	 6175	    0	    0	 4826	 4710	 4770
  4017 1.982172E-04 4.354879E-04 4.462712E-04   1	 1507	    0	    0	 1870
  4018 2.140800E-04 9.476746E-04 2.928025E-04   4	  924	 3866	 4334	 5695	    0	    0	 2146	 2161	 2067	 1729
  4019 6.691235E-04 7.228834E-04 1.267181E-03   7	  620	  628	 1193	 1205	 2052	 3982	 6312	    0	    0	 4201	 3978	 4146	10963	 4175	 4306	 9759
  4020 4.033920E-05 8.143652E-04 1.528301E-03   2	  931	 1670	    0	    0	  568	  383
  4021 1.744355E-04 1.420992E-04 1.486061E-03   1	 4478	    0	    0	 9212
  4022 3.321792E-04 5.827648E-05 2.265792E-04   0	    0	    0
  4023 2.388885E-04 1.154609E-03 2.930805E-04   2	  737	 1396	    0	    0	 2329	 2211
  4024 2.923843E-06 4.523116E-04 2.275252E-04   1	   -1	    1	    0	   42
  4025 1.098994E-04 8.707200E-04 5.958829E-04   4	 2399	 2447	 3548	 5324	    0	    0	  803	  918	  975	  877
  4026 3.057441E-04 8.126213E-04 4.443496E-04   2	  860	 2419	    0	    0	 2621	 2591
  4027 1.248624E-05 6.425142E-04 2.292902E-04   2	   -1	 5976	    1	    0	   46	 9624
  4028 4.143298E-05 3.214669E-04 2.297136E-04   1	 5970	    0	    0	  541
  4029 5.257226E-04 2.630208E-04 2.301191E-04   0	    0	    0
  4030 1.328327E-04 4.181013E-04 2.929427E-04   1	  249	    0	    0	 1066
  4031 6.508608E-04 7.065408E-04 1.066693E-03   5	  401	 1162	 1173	 3941	 5061	    0	    0	 3893	 4238	 4108	 3856	 3971
  4032 1.267008E-04 7.118560E-04 5.414592E-04   1	 5288	    0	    0	10647
  4033 1.083841E-03 5.329548E-04 1.067061E-03   1	 3010	    0	    0	 7943
  4034 8.675611E-04 5.472192E-04 1.067445E-03   4	  191	  229	  326	  361	    0	    0	 9480	 6700	 6651	 6546
  4035 1.178424E-03 6.345622E-04 8.217792E-04   3	 1425	 1973	 5231	    0	    0	10702	10707	 8301
  4036 9.945408E-04 3.427200E-04 1.485272E-03   0	    0	    0
  4037 8.304067E-04 1.241203E-04 7.689605E-04   2	 4094	 5677	    0	    0	 6337	 6041
  4038 7.998388E-04 8.767533E-04 1.066562E-03   3	  526	 1545	 6270	    0	    0	 5705	10856	 5900
  4039 8.592001E-04 9.554741E-04 1.314105E-03   3	  488	 1655	 2432	    0	    0	 6397	10080	 6556
  4040 2.222600E-04 3.280379E-04 8.246462E-04   3	 2577	 6797	 6821	    0	    0	 9323	10694	 2055
  4041 2.275264E-04 5.587008E-04 7.442191E-05   0	    0	    0
  4042 9.887153E-05 1.214548E-03 2.236752E-04   1	 4926	    0	    0	  906
  4043 1.260327E-03 8.860723E-04 7.657249E-04   1	 5216	    0	    0	 9935
  4044 6.319648E-04 8.496030E-04 1.071379E-03   2	  105	  221	    0	    0	 3706	 3832
  4045 4.557267E-04 2.659208E-04 1.452475E-03   0	    0	    0
  4046 1.129924E-03 1.537920E-05 2.956992E-04   2	 2586	 4344	    0	    0	 8120	 8202
  4047 6.014215E-04 7.075110E-04 1.008284E-03   4	   72	  252	 6257	 6258	    0	    0	 3556	 3686	 3610	 3598
  4048 6.228950E-04 6.864032E-04 1.035686E-03   3	  252	  401	 6257	    0	    0	 3751	 3829	 3716
  4049 8.073653E-04 8.337367E-04 9.887808E-04   2	 3805	 5012	    0	    0	 5772	 5829
  4050 3.693833E-05 8.086035E-04 2.231762E-04   1	 4895	    0	    0	10434
  4051 7.459109E-04 9.208056E-04 1.036342E-03   1	 2842	    0	    0	 4953
  4052 7.675414E-04 9.092657E-04 1.258562E-03   3	  708	 3934	 6375	    0	    0	 5202	 5146	 5395
  4053 6.916656E-04 9.648000E-04 1.379244E-03   2	  296	 1287	    0	    0	 4208	10129
  4054 2.953223E-04 2.870308E-04 1.280621E-03   1	 1449	    0	    0	 2663
  4055 9.302330E-04 1.176005E-03 8.227192E-04   0	    0	    0
  4056 1.615538E-04 7.302756E-04 2.947114E-04   0	    0	    0
  4057 1.017408E-04 9.096144E-04 4.462422E-04   3	 1369	 1868	 2336	    0	    0	  912	  734	  846
  4058 3.436608E-04 2.984141E-04 8.227799E-05   2	  915	 3207	    0	    0	 2825	 2818
  4059 8.687903E-04 3.464046E-04 2.558177E-04   0	    0	    0
  4060 1.236833E-04 3.712448E-04 1.059859E-03   1	 1021	    0	    0	 1006
  4061 2.140834E-04 4.988479E-04 9.956667E-04   0	    0	    0
  4062 4.444264E-05 5.886448E-04 7.748759E-04   1	 5236	    0	    0	  436
  4063 1.258834E-03 6.595127E-04 4.416192E-04   0	    0	    0
  4064 1.252788E-03 8.543808E-04 1.060116E-03   0	    0	    0
  4065 6.969408E-04 8.471800E-04 1.006761E-03   5	 2894	 3218	 3395	 4016	 6206	    0	    0	 4380	 9911	 4617	 4710	10783
  4066 3.325143E-04 9.340839E-04 4.430620E-04   5	   21	  414	 3144	 6559	 6591	    0	    0	 2827	 2768	10592	10586	10028
  4067 1.188839E-03 9.235008E-04 9.934637E-04   8	 1503	 1535	 1590	 1901	 2095	 2926	 3285	 5683	    0	    0	 8361	 8400	 8330	 8374	 8392	 8314	 8446	 9963
  4068 5.714348E-05 9.687746E-04 4.424052E-04   1	 2351	    0	    0	10593
  4069 6.500706E-04 5.889728E-04 1.262111E-03   2	 3862	 6384	    0	    0	 3993	 3846
  4070 2.486400E-04 6.294749E-04 1.382116E-03   0	    0	    0
  4071 1.747008E-04 8.793792E-04 4.422800E-04   3	 2944	 6596	 6609	    0	    0	 9952	 9953	 1775
  4072 1.045601E-03 7.573146E-04 9.955259E-04   1	 2909	    0	    0	 7813
  4073 7.920000E-04 5.230768E-04 1.058874E-03   2	  326	  361	    0	    0	 5703	 5802
  4074 7.910208E-04 9.254208E-04 1.057901E-03   4	 2350	 4003	 4097	 4976	    0	    0	 5681	 5601	 5977	 5553
  4075 5.726235E-04 4.225920E-05 1.039812E-03   0	    0	    0
  4076 7.862464E-04 8.902028E-04 9.958118E-04   4	 3839	 5018	 5021	 6198	    0	    0	 9987	 5700	 9985	 5434
  4077 1.312478E-04 2.120085E-04 3.140351E-05   2	  201	  225	    0	    0	10362	 1185
  4078 1.542849E-04 4.617652E-04 2.346963E-04   1	 3282	    0	    0	 1465
  4079 1.086376E-04 3.859008E-04 4.147008E-04   4	  887	 1366	 2500	 4195	    0	    0	 1014	  843	 1001	  875
  4080 1.507157E-04 3.574044E-04 4.426876E-04   1	 2300	    0	    0	 1543
  4081 5.856309E-05 2.626838E-04 4.137562E-04   0	    0	    0
  4082 1.502182E-04 8.649516E-04 2.358022E-04   3	 1814	 2796	 4946	    0	    0	 1419	 1442	 1308
  4083 1.165421E-03 1.908756E-04 2.537929E-04   2	  214	 2848	    0	    0	 9249	 8184
  4084 8.939072E-04 3.372400E-04 1.332023E-03   3	  514	 2206	 3987	    0	    0	 6814	 6968	 6922
  4085 6.574728E-04 6.508608E-04 1.064493E-03   2	  401	 1788	    0	    0	 3954	 3937
  4086 1.083719E-03 1.151808E-04 1.918080E-05   5	  662	 1827	 2611	 5834	 5839	    0	    0	10365	 7963	 8010	 7900	 7925
  4087 1.237107E-04 3.811278E-04 2.308562E-04   1	  249	    0	    0	10458
  4088 1.158851E-03 7.681920E-05 2.265792E-04   2	 3339	 4845	    0	    0	 9166	 8146
  4089 7.363200E-04 8.918413E-04 9.926208E-04   3	 4002	 4092	 6676	    0	    0	 4908	10011	 4678
  4090 1.191355E-03 5.003152E-04 1.350593E-03   0	    0	    0
  4091 2.349280E-05 1.689408E-04 2.316322E-04   0	    0	    0
  4092 6.985256E-04 9.165226E-04 9.907392E-04   8	  117	  148	  155	  328	 3218	 4006	 4089	 6173	    0	    0	10029	 4269	 4270	 4354	10778	 4824	10011	10787
  4093 7.665396E-04 8.894137E-04 1.062708E-03   2	  526	 4993	    0	    0	 5386	10854
  4094 8.649623E-04 1.398764E-04 7.737408E-04   4	 2301	 4037	 5677	 6816	    0	    0	 6381	 6337	 6320	 6467
  4095 3.523876E-05 3.071808E-04 2.908791E-04   0	    0	    0
  4096 1.209619E-03 7.940757E-05 1.795976E-05   0	    0	    0
  4097 8.363159E-04 9.358525E-04 1.063004E-03   4	 4074	 4981	 6233	 6237	    0	    0	 5977	 6115	10837	 6207
  4098 4.400338E-04 7.070255E-04 9.929962E-04   0	    0	    0
  4099 3.074792E-04 4.166208E-04 9.929973E-04   2	 2920	 3842	    0	    0	 2647	 2673
  4100 2.084757E-04 8.937582E-04 2.913838E-04   1	 4533	    0	    0	 1983
  4101 1.660800E-04 4.449803E-04 9.929202E-04   1	 3904	    0	    0	 1555
  4102 9.022080E-05 8.798235E-04 7.681920E-05   3	  869	 2629	 3578	    0	    0	 9951	  638	  807
  4103 2.089269E-04 1.244443E-03 4.425533E-04   1	 1282	    0	    0	 1925
  4104 1.488011E-04 3.628608E-04 8.131272E-04   1	 6833	    0	    0	 9352
  4105 8.227259E-04 1.001783E-03 4.117147E-04   2	    2	   13	    0	    0	 5912	10134
  4106 7.039556E-04 9.630359E-04 1.062596E-03   3	  328	 1536	 4971	    0	    0	10835	10095	 4712
  4107 2.337761E-04 1.144339E-03 2.316442E-04   3	  140	 1797	 4843	    0	    0	 2143	 2144	 2145
  4108 7.049239E-04 1.056957E-03 1.063661E-03   3	  108	  165	 5008	    0	    0	 4528	 4462	 4624
  4109 3.758589E-04 9.792192E-04 2.323008E-04   2	    2	  631	    0	    0	 2922	 2968
  4110 2.270104E-04 8.443371E-04 5.654459E-04   1	 6482	    0	    0	10662
  4111 8.630247E-04 6.849804E-04 9.526759E-04   4	  939	 1559	 2946	 3933	    0	    0	 9661	 9692	 6608	 6424
  4112 1.235368E-03 8.002837E-04 2.665957E-04   1	   46	    0	    0	 8704
  4113 9.427392E-04 1.507200E-04 1.486099E-03   3	 1358	 2104	 3844	    0	    0	 7260	 7524	 7534
  4114 8.893121E-04 2.580773E-04 1.254579E-03   1	 3968	    0	    0	 6742
  4115 1.302046E-04 1.012795E-03 5.395008E-04   6	   23	   58	  590	 3516	 5330	 6427	    0	    0	 1036	 1089	 1288	10184	 1021	10169
  4116 1.217637E-03 8.723457E-05 3.984000E-04   1	 1026	    0	    0	 8601
  4117 1.231657E-04 8.640192E-04 4.723392E-04   7	 2096	 2336	 2811	 3224	 3236	 4627	 6609	    0	    0	 1033	  992	 1178	 9927	 1004	10625	 1281
  4118 7.364528E-04 1.063661E-03 1.132781E-03   3	  463	  482	 5621	    0	    0	 4776	 4733	 5009
  4119 2.179195E-04 4.079906E-04 8.017272E-04   0	    0	    0
  4120 1.780953E-04 8.150440E-04 2.722855E-04   2	 4860	 4872	    0	    0	 1726	 1699
  4121 1.276715E-03 2.049787E-04 3.195474E-04   5	    0	  456	 2029	 2942	 5480	    0	    1	 8988	 8897	 8820	 8856	10493
  4122 6.595112E-04 1.762879E-04 1.024179E-03   0	    0	    0
  4123 6.067008E-04 6.689742E-04 1.129635E-03   2	   44	  401	    0	    0	 3673	 3602
  4124 9.123571E-04 6.974174E-04 1.128979E-03   2	  458	 1874	    0	    0	 6935	 7099
  4125 6.499242E-04 8.611476E-05 1.427802E-03   1	 2788	    0	    0	 4098
  4126 1.873490E-04 6.628562E-04 4.745972E-04   1	 6611	    0	    0	 1735
  4127 7.411008E-04 6.615726E-04 9.523008E-04   5	   76	  252	  547	 1107	 5336	    0	    0	 5053	 4707	 5409	 5076	 5672
  4128 1.089319E-03 4.761408E-04 4.746979E-04   2	  554	 3699	    0	    0	 7984	 8014
  4129 1.546895E-04 3.562828E-04 1.712327E-04   4	   20	   93	 1524	 4206	    0	    0	 1439	 1353	 1306	 9368
  4130 1.114433E-03 9.801589E-04 1.135077E-03   2	 3203	 6142	    0	    0	 8108	 8065
  4131 7.900792E-04 8.586991E-04 1.398870E-03   5	  143	  250	  498	 1108	 6684	    0	    0	 9865	 5817	 9907	 5517	 9869
  4132 1.156648E-04 7.857437E-04 6.000053E-04   1	 5316	    0	    0	 1054
  4133 1.260983E-03 6.751580E-04 1.133157E-03   0	    0	    0
  4134 2.142377E-04 7.425832E-04 3.221021E-04   0	    0	    0
  4135 8.217408E-04 8.635376E-04 1.016361E-03   9	 1982	 2416	 3857	 5012	 5018	 5029	 5074	 6187	 6214	    0	    0	10812	 6177	10802	 5850	10795	 6260	 9982	 6176	 6175
  4136 1.064480E-03 1.593408E-04 1.821153E-04   3	 1674	 6079	 6080	    0	    0	 7875	 7917	 7890
  4137 1.110726E-03 1.475546E-04 1.823808E-04   3	 1956	 4203	 5547	    0	    0	 9195	 8077	10435
  4138 2.806768E-04 6.447286E-06 1.823808E-04   1	 3139	    0	    0	 2588
  4139 7.849228E-04 9.758220E-04 1.479964E-03   2	  489	 2174	    0	    0	 5429	 5374
  4140 1.689408E-04 3.383801E-04 1.811668E-04   2	   20	 3092	    0	    0	 1640	 1441
  4141 8.451581E-04 2.852632E-04 1.823808E-04   1	 6049	    0	    0	 9291
  4142 1.043624E-04 1.334324E-04 7.199988E-05   6	 1134	 1370	 2402	 2696	 3341	 4816	    0	    0	  785	  852	  868	  960	  742	  983
  4143 1.204194E-03 9.216192E-04 1.024163E-03   3	 2095	 2404	 5080	    0	    0	 8523	 8457	 8449
  4144 1.417249E-04 9.438073E-04 4.219438E-04   2	 4511	 4699	    0	    0	 1363	 1193
  4145 1.179695E-03 1.257619E-04 4.001684E-04   2	  572	 6550	    0	    0	 8300	 8388
  4146 1.509903E-04 1.108650E-03 1.815907E-04   3	 1336	 2535	 4770	    0	    0	 1273	 1354	 1440
  4147 1.098974E-04 5.059251E-04 7.177328E-04   0	    0	    0
  4148 2.078219E-04 8.547561E-04 5.806536E-04   0	    0	    0
  4149 2.807779E-04 8.464355E-04 3.158386E-04   0	    0	    0
  4150 2.102363E-04 5.787282E-04 9.587626E-04   2	  534	 3241	    0	    0	 2156	 2155
  4151 7.996759E-04 8.611315E-04 1.604163E-05   2	 1517	 5506	    0	    0	 5762	 9900
  4152 1.274899E-03 1.390411E-04 4.281408E-04   3	    0	  572	 2966	    0	    1	 9007	 8674	 8913
  4153 2.395437E-04 1.034861E-03 3.170860E-04   3	  110	 1284	 4291	    0	    0	 2376	 2377	 2235
  4154 2.686080E-05 6.451008E-04 5.980511E-05   2	 4793	 4794	    0	    0	 9647	  385
  4155 2.718334E-04 3.317013E-04 8.067554E-04   6	 1798	 2101	 3998	 4193	 5435	 6824	    0	    0	 2475	 2547	 9343	 2575	 2523	 2476
  4156 9.411579E-04 1.346793E-04 1.372781E-03   1	 2004	    0	    0	 7351
  4157 7.526208E-04 8.774208E-04 1.128129E-03   7	  546	 1003	 1479	 1545	 2826	 3027	 6164	    0	    0	 5304	 5441	 9977	 5504	 9961	 9931	 9902
  4158 6.348398E-04 8.585958E-04 1.341121E-03   4	  134	  481	 2288	 5161	    0	    0	 3774	 3792	 3727	 3863
  4159 1.191201E-03 8.286380E-04 9.553591E-04   1	 1221	    0	    0	 8503
  4160 7.057317E-04 6.844925E-04 1.284938E-03   4	  437	 1639	 1953	 4405	    0	    0	 4637	 4698	 4609	 4719
  4161 7.132747E-04 7.596447E-04 9.577277E-04   2	 5391	 6691	    0	    0	 4615	 4706
  4162 8.343951E-04 8.111971E-04 9.577239E-04   2	 3387	 5343	    0	    0	 6087	 9828
  4163 7.956826E-04 8.486592E-04 1.024170E-03   1	  526	    0	    0	 5631
  4164 7.766400E-04 8.105837E-04 9.566134E-04   1	 5343	    0	    0	 5650
  4165 1.241004E-03 8.265670E-04 1.387050E-03   4	 2626	 3320	 3594	 6621	    0	    0	 8640	 8650	 8776	 8777
  4166 1.632000E-05 7.860760E-04 4.713570E-04   1	   -1	    1	    0	  101
  4167 1.833596E-04 2.083268E-04 1.128276E-03   0	    0	    0
  4168 6.006077E-04 8.636906E-06 1.127996E-03   0	    0	    0
  4169 8.482879E-04 1.026244E-03 1.461920E-03   5	  363	  580	 2059	 2770	 6533	    0	    0	 6490	 6519	10192	 6252	 6284
  4170 2.302080E-05 6.876679E-05 1.789157E-04   1	 3433	    0	    0	  311
  4171 2.212611E-04 1.177923E-03 5.484366E-04   2	 5622	 5661	    0	    0	 2150	 2193
  4172 2.353426E-04 3.375685E-04 9.456089E-04   1	  434	    0	    0	 9346
  4173 2.544010E-04 9.516378E-04 3.945626E-04   4	  414	 5790	 5853	 6548	    0	    0	10120	10563	 2448	10073
  4174 9.409920E-05 5.712009E-04 8.063808E-04   4	  862	 1151	 1605	 2445	    0	    0	  715	  939	10699	  977
  4175 1.266243E-03 7.689731E-04 9.431762E-04   1	 3454	    0	    0	 8869
  4176 7.007808E-04 1.233593E-03 8.467008E-04   1	   33	    0	    0	 4399
  4177 2.619320E-04 8.712238E-04 3.253072E-04   1	 2189	    0	    0	 2542
  4178 1.228341E-03 8.220524E-05 1.667592E-04   2	 4762	 4894	    0	    0	 8671	10422
  4179 7.419323E-04 2.308609E-04 1.464941E-03   0	    0	    0
  4180 8.018287E-05 9.583641E-04 3.261182E-04   0	    0	    0
  4181 1.270574E-03 1.862208E-04 1.660704E-04   3	    0	 3293	 4764	    0	    1	 8953	 8887	 8780
  4182 1.167077E-03 9.724871E-04 6.974219E-04   1	 6714	    0	    0	 8309
  4183 1.320228E-04 6.116665E-04 9.453202E-04   1	 2418	    0	    0	 1099
  4184 9.139008E-04 7.516762E-04 1.144996E-03   2	  331	 5152	    0	    0	 7166	 7125
  4185 9.206400E-04 1.001284E-03 1.409563E-03   3	  276	  580	 3675	    0	    0	10165	 7013	 7153
  4186 8.179392E-04 6.861191E-04 9.453215E-04   3	  939	 5336	 6634	    0	    0	 6111	 5973	 6084
  4187 1.574208E-04 1.003039E-03 3.251607E-04   3	  568	  924	 4563	    0	    0	 1469	 1489	 1405
  4188 1.142343E-04 6.859032E-04 8.486208E-04   2	 1362	 1495	    0	    0	  996	10718
  4189 1.187216E-05 3.849689E-04 1.331524E-03   2	   -1	  698	    1	    0	  178	11045
  4190 1.900992E-04 1.074367E-03 3.283008E-04   3	  110	  218	 2033	    0	    0	10499	 1566	 1942
  4191 4.140424E-04 2.599983E-04 5.829947E-04   3	 2305	 2644	 3319	    0	    0	 9273	 9282	 3076
  4192 6.843217E-04 6.676985E-04 1.150891E-03   3	   44	  258	 6129	    0	    0	10891	 4360	 4277
  4193 2.870419E-04 3.307060E-04 8.051640E-04   2	 2101	 4155	    0	    0	 9336	 2575
  4194 2.563110E-04 1.126353E-03 3.266824E-04   3	  142	  360	  737	    0	    0	 2419	 2485	 2311
  4195 1.080324E-04 4.051392E-04 3.945612E-04   3	 1366	 2500	 4079	    0	    0	  750	  968	  875
  4196 6.067392E-04 1.046400E-04 3.290014E-04   2	  211	 2222	    0	    0	 3642	 3531
  4197 2.899008E-04 9.054350E-04 4.243008E-04   4	 3056	 3187	 4712	 6559	    0	    0	 2683	 2590	 2740	 2716
  4198 8.497536E-04 9.724729E-04 1.150536E-03   1	 1471	    0	    0	10889
  4199 1.985521E-04 6.477221E-04 3.939523E-04   4	 3007	 4220	 4502	 4522	    0	    0	 1651	 1772	 9652	 1824
  4200 7.310607E-04 7.003372E-04 9.417603E-04   2	 2879	 6706	    0	    0	10748	10752
  4201 1.094121E-03 5.952192E-04 9.434014E-04   0	    0	    0
  4202 1.276752E-03 3.897408E-04 1.464601E-03   2	    0	  896	    0	    1	 9111	 8800
  4203 1.097279E-03 1.214162E-04 1.621133E-04   5	 1956	 3019	 3690	 4137	 5606	    0	    0	 8025	 7952	 8002	 8077	 8044
  4204 8.649630E-04 6.534824E-04 9.436800E-04   3	  454	  939	 3348	    0	    0	 6607	 6498	 6624
  4205 1.324992E-04 4.617492E-04 3.272345E-04   0	    0	    0
  4206 1.543940E-04 3.912226E-04 1.617364E-04   2	   20	 4129	    0	    0	 1417	 9368
  4207 6.865272E-04 8.098877E-04 1.148617E-03   4	  246	  389	 1467	 6138	    0	    0	 4276	 4433	 4327	 4328
  4208 5.923184E-04 9.535506E-04 1.659091E-05   3	    9	  170	  175	    0	    0	 3571	 3508	 3588
  4209 1.425362E-04 7.958443E-04 2.703653E-04   1	 3925	    0	    0	 1165
  4210 8.456046E-04 8.693050E-04 1.299821E-03   3	  443	 3419	 6286	    0	    0	 9894	 6455	 6354
  4211 1.194592E-03 8.489927E-04 3.945555E-04   1	 5802	    0	    0	 8487
  4212 1.254879E-03 2.350455E-04 2.697700E-04   3	  349	  758	 1047	    0	    0	10469	 9265	 8673
  4213 6.974162E-04 1.689408E-04 5.493902E-04   1	 1454	    0	    0	 9247
  4214 5.683008E-04 1.165421E-03 7.019233E-04   0	    0	    0
  4215 1.180781E-03 7.968073E-05 2.678421E-04   2	 2623	 4879	    0	    0	 8346	 9168
  4216 5.809558E-04 6.059116E-04 1.140461E-03   1	  324	    0	    0	 3530
  4217 4.801920E-05 3.457920E-05 1.700435E-04   5	 1215	 3469	 4934	 4941	 5899	    0	    0	 9126	  473	10425	  620	  589
  4218 3.081570E-04 4.238638E-04 4.769934E-04   0	    0	    0
  4219 7.760171E-05 2.404600E-04 4.771184E-04   2	 2518	 3692	    0	    0	 9267	10614
  4220 1.809379E-04 6.259008E-04 3.967671E-04   1	 4199	    0	    0	 1772
  4221 7.977550E-04 3.855654E-04 4.243008E-04   1	 6555	    0	    0	 9363
  4222 1.724469E-04 1.000301E-03 3.966134E-04   5	 2264	 2582	 3848	 5706	 5811	    0	    0	 1848	 1496	 1705	 1495	 1847
  4223 1.217743E-03 7.107538E-04 1.530221E-03   0	    0	    0
  4224 7.618876E-04 9.772608E-04 1.387802E-03   5	  167	 1016	 1948	 3386	 5252	    0	    0	 5135	 5369	10152	 5228	 5493
  4225 1.195701E-03 5.663808E-04 1.414206E-03   1	    8	    0	    0	 8376
  4226 7.676478E-04 8.716608E-04 1.322861E-03   7	  443	  648	  708	  765	 1445	 2689	 6331	    0	    0	 5688	 5539	 5150	 9875	 9882	 5470	 5613
  4227 7.267441E-05 2.655035E-06 1.510080E-03   0	    0	    0
  4228 1.135535E-03 3.561631E-04 4.258898E-04   0	    0	    0
  4229 3.196135E-05 8.716992E-04 1.321315E-03   3	    1	  870	 1072	    0	    0	  440	  398	  366
  4230 1.152960E-03 6.190660E-04 3.244608E-04   0	    0	    0
  4231 7.398795E-04 3.275124E-04 4.254366E-04   3	 2086	 3256	 4514	    0	    0	 4905	 9325	10573
  4232 1.168311E-03 1.950463E-04 1.479078E-03   0	    0	    0
  4233 9.790080E-05 3.702830E-04 1.694191E-04   1	  457	    0	    0	  721
  4234 7.545408E-04 1.268836E-03 3.524240E-05   2	    2	  517	    0	    0	 4817	 4883
  4235 4.409170E-04 9.120000E-05 3.744287E-05   0	    0	    0
  4236 1.276717E-03 6.166055E-04 1.143359E-03   2	    0	 2230	    0	    1	 9067	 8901
  4237 1.973024E-04 7.955535E-04 2.683430E-04   0	    0	    0
  4238 7.478356E-04 7.925038E-04 1.270092E-03   5	  112	 1037	 3886	 4318	 4444	    0	    0	 4990	 9805	 9790	 5250	 9818
  4239 9.745597E-04 8.187161E-04 2.684497E-04   1	 1819	    0	    0	 7497
  4240 9.369408E-04 4.930821E-04 1.414210E-03   1	  544	    0	    0	 7363
  4241 1.189438E-03 5.897948E-04 8.044608E-04   1	 3967	    0	    0	 8429
  4242 1.228819E-03 4.618934E-04 6.998400E-04   4	 1428	 2263	 5192	 6715	    0	    0	 8563	 9427	 8743	 8428
  4243 2.083197E-04 6.401715E-04 8.457612E-04   2	 2457	 3060	    0	    0	 2089	 1999
  4244 6.187032E-04 7.843521E-05 1.419165E-03   0	    0	    0
  4245 3.026669E-04 2.966427E-04 3.249407E-04   1	   12	    0	    0	 2630
  4246 1.179969E-03 7.049921E-04 8.033883E-04   0	    0	    0
  4247 1.996992E-04 7.306877E-04 4.772793E-04   4	 2807	 2986	 3709	 4612	    0	    0	 1597	 1658	 2276	 2394
  4248 1.156800E-03 1.205302E-03 9.473896E-04   0	    0	    0
  4249 5.936354E-04 9.534364E-04 9.481243E-04   0	    0	    0
  4250 3.537537E-05 8.517917E-04 4.772553E-04   0	    0	    0
  4251 1.156650E-03 7.753247E-04 7.018816E-04   1	 1014	    0	    0	 8275
  4252 3.120000E-04 3.427235E-04 8.448192E-04   3	 1622	 5404	 6820	    0	    0	 2746	 2646	10706
  4253 7.084608E-04 1.059006E-03 1.689408E-04   3	    2	 1307	 4914	    0	    0	 4418	 4722	 4646
  4254 4.156784E-04 1.273911E-03 1.418067E-03   2	    1	 1004	    0	    0	 3035	 3116
  4255 7.383941E-04 9.054060E-04 1.321920E-03   4	  648	  708	  774	 1730	    0	    0	 5097	10000	 4925	11016
  4256 9.890820E-04 8.744275E-04 9.473734E-04   4	 5361	 5608	 5693	 6693	    0	    0	 7613	 7600	 7614	 7514
  4257 1.379416E-05 8.806034E-04 4.765141E-04   2	   -1	 4604	    1	    0	  103	 9967
  4258 1.247030E-03 8.574345E-04 1.025565E-03   0	    0	    0
  4259 1.158713E-03 5.620985E-04 5.471743E-05   1	   35	    0	    0	 8246
  4260 1.500410E-04 9.859188E-04 4.022400E-04   7	 1866	 2294	 3014	 4338	 5705	 5781	 6553	    0	    0	10570	 1221	 1343	 1123	 1385	10132	 1541
  4261 7.825464E-04 8.133997E-04 1.013304E-03   4	  587	  830	 2917	 5041	    0	    0	 5413	 5777	 5596	 5478
  4262 5.387259E-04 9.763124E-04 9.631608E-04   1	 3909	    0	    0	 3404
  4263 3.244608E-04 6.224267E-05 1.870732E-04   0	    0	    0
  4264 8.417602E-04 6.787315E-04 1.344964E-03   2	  451	 4445	    0	    0	 6278	 6224
  4265 2.384761E-05 9.916800E-04 1.874785E-04   4	   -1	  604	 1523	 2875	    1	    0	   35	  433	  348	  426
  4266 3.134250E-04 2.217574E-04 2.949048E-05   1	  915	    0	    0	 2747
  4267 9.051241E-04 9.907392E-04 4.627008E-04   6	   13	   19	  608	 2633	 2967	 3328	    0	    0	 6975	 6998	 6864	 6999	 7096	10606
  4268 9.379148E-04 8.917200E-04 1.268001E-03   3	  216	  511	  545	    0	    0	10997	 7325	 7088
  4269 4.771200E-04 1.059008E-03 1.025299E-03   0	    0	    0
  4270 6.999941E-04 9.916610E-05 1.488456E-03   1	 3459	    0	    0	11096
  4271 8.394962E-04 7.326356E-04 1.116477E-03   1	  958	    0	    0	 6137
  4272 5.039934E-04 7.042864E-04 7.228784E-04   0	    0	    0
  4273 1.207395E-03 4.414080E-05 3.102074E-04   0	    0	    0
  4274 4.991808E-04 6.211225E-04 1.417245E-03   1	 3379	    0	    0	 3247
  4275 6.297408E-04 7.315008E-04 1.108633E-03   3	  710	 6096	 6097	    0	    0	10868	 3689	 3845
  4276 1.227336E-03 4.144355E-04 9.665666E-04   3	  312	  752	 3026	    0	    0	 8691	 8555	 8593
  4277 1.461954E-04 8.774208E-04 1.919808E-04   4	 1814	 2278	 3427	 4946	    0	    0	 1331	 1080	10423	 1122
  4278 5.872126E-05 7.951638E-04 5.668563E-04   0	    0	    0
  4279 2.832078E-04 1.166400E-03 5.790511E-04   1	  204	    0	    0	 2570
  4280 1.598164E-04 7.883072E-04 4.619109E-04   3	 2605	 4730	 6593	    0	    0	 1475	 9796	 1297
  4281 4.128192E-04 3.888006E-04 1.256794E-03   2	 1460	 2281	    0	    0	 3087	 3022
  4282 6.502000E-04 3.836479E-04 1.116605E-05   0	    0	    0
  4283 1.526506E-04 1.535808E-04 8.572315E-05   4	  727	 1370	 2696	 5744	    0	    0	 1487	 1270	 1376	 1486
  4284 1.131842E-03 7.395521E-04 4.675180E-04   0	    0	    0
  4285 1.651008E-04 9.955228E-04 1.855593E-04   5	  110	 1679	 3057	 3069	 3811	    0	    0	 1618	10172	10148	 1330	 1588
  4286 7.481204E-04 6.028992E-04 9.638208E-04   6	  538	  801	  986	 2347	 3897	 5401	    0	    0	 4951	 5005	 9579	 5106	 4886	 5160
  4287 7.476834E-04 4.008386E-04 4.669082E-04   0	    0	    0
  4288 9.676608E-04 5.425532E-04 1.463021E-03   0	    0	    0
  4289 1.268664E-03 6.479917E-04 8.086756E-04   0	    0	    0
  4290 1.871900E-04 1.097960E-03 4.262592E-04   4	  278	  429	 4720	 6547	    0	    0	 1893	 1653	 1622	 1852
  4291 2.217644E-04 1.041604E-03 3.117207E-04   4	  110	 2033	 2162	 4153	    0	    0	 2030	 2070	 2164	 2235
  4292 2.756037E-05 3.921362E-04 3.100813E-04   1	 3231	    0	    0	  416
  4293 1.107821E-03 4.222080E-05 1.945994E-04   5	 1383	 3793	 4898	 5912	 6063	    0	    0	 9132	10443	 8125	 7983	 8095
  4294 7.171200E-04 3.662617E-04 7.246696E-04   0	    0	    0
  4295 1.535808E-04 6.988608E-04 3.103601E-04   0	    0	    0
  4296 5.500785E-04 6.226655E-05 5.462445E-04   0	    0	    0
  4297 1.256106E-04 1.052141E-03 3.121573E-04   4	   85	 2072	 2584	 6027	    0	    0	 1207	10498	 1030	10217
  4298 4.067605E-05 6.465753E-04 1.319728E-03   3	  171	 2477	 3526	    0	    0	  333	  460	  498
  4299 3.344604E-05 9.513568E-04 3.119878E-04   0	    0	    0
  4300 1.641599E-04 4.387200E-04 2.738788E-04   2	 2105	 4552	    0	    0	10472	 1443
  4301 6.513449E-04 1.064078E-04 1.115501E-03   1	 3336	    0	    0	 4021
  4302 9.873515E-05 8.367617E-04 4.655994E-04   3	 3818	 6565	 6604	    0	    0	  780	 9844	  754
  4303 7.679808E-04 7.331559E-04 9.683554E-04   3	 1268	 5336	 6703	    0	    0	 5547	 9711	 5216
  4304 1.689408E-04 3.494208E-04 8.383652E-04   2	  987	 2687	    0	    0	 1529	10713
  4305 6.998380E-04 5.406331E-04 9.650734E-04   4	   60	  308	  538	 5575	    0	    0	 4441	 4428	 9483	 4440
  4306 8.521975E-04 1.159007E-03 7.233790E-04   0	    0	    0
  4307 7.784124E-04 9.139392E-04 1.432674E-03   2	  498	 2355	    0	    0	 5668	 5645
  4308 9.982080E-05 9.647974E-04 4.653186E-04   5	 2351	 2642	 3455	 3800	 6540	    0	    0	  781	 1017	10137	  795	  861
  4309 1.099206E-03 1.811633E-04 1.892759E-04   4	  286	  487	  882	 3263	    0	    0	 8012	 7993	 8019	 7946
  4310 8.646409E-06 1.039672E-03 2.619151E-04   1	 3943	    0	    0	  274
  4311 1.641547E-04 8.078638E-04 4.027438E-04   4	 3096	 3394	 3975	 4323	    0	    0	10555	 1706	 1386	 1450
  4312 9.790080E-05 7.012643E-04 5.268838E-04   2	 4337	 5288	    0	    0	  771	  863
  4313 1.190856E-03 5.471891E-05 1.888362E-04   2	 4904	 5892	    0	    0	 9149	10429
  4314 3.036089E-05 5.229698E-05 1.891194E-04   0	    0	    0
  4315 1.053796E-03 2.448035E-04 1.480778E-03   2	 1569	 2686	    0	    0	 7881	 9262
  4316 1.258436E-03 6.094504E-04 9.650791E-04   2	 3121	 6704	    0	    0	 8823	 8824
  4317 4.749184E-04 2.054208E-04 7.189052E-04   0	    0	    0
  4318 7.688100E-04 7.856321E-04 1.268293E-03   3	  873	 3886	 4238	    0	    0	 5533	 5397	 5250
  4319 2.702537E-04 8.969982E-04 3.075567E-04   3	 2919	 3462	 5599	    0	    0	 2486	10505	 2608
  4320 1.636562E-04 2.370862E-05 2.730993E-04   4	  184	  241	 1918	 3999	    0	    0	 1563	 1380	 1404	 1206
  4321 8.270534E-04 7.795392E-04 9.607998E-04   1	 6677	    0	    0	 6086
  4322 1.047201E-03 1.237132E-04 2.729225E-04   3	  513	 2451	 3052	    0	    0	 7807	 9177	 9201
  4323 1.737581E-04 8.239644E-04 3.997159E-04   6	 3096	 3394	 3869	 3975	 4311	 4701	    0	    0	 1759	10564	 1362	 1316	 1450	 9838
  4324 6.792209E-04 9.091164E-04 1.028312E-03   3	 3991	 5058	 6265	    0	    0	10816	 4106	 4087
  4325 9.112008E-04 5.901185E-04 1.110219E-03   2	 1823	 6088	    0	    0	 6961	 7059
  4326 1.531379E-04 5.998328E-04 3.072192E-04   1	 5904	    0	    0	 1337
  4327 7.230323E-04 1.088621E-03 1.309421E-03   5	   96	  300	  901	 2673	 4434	    0	    0	 4585	 4761	 4812	 4699	11011
  4328 1.917201E-04 2.553408E-04 4.692885E-04   3	  679	 2265	 2984	    0	    0	 1734	 1947	 1816
  4329 8.529394E-04 1.035844E-03 1.295171E-03   2	  798	 4419	    0	    0	 6434	 6483
  4330 6.420779E-04 7.575931E-04 1.314241E-03   5	   97	  628	 1492	 1897	 3159	    0	    0	 3791	 3809	 9785	 3885	 3849
  4331 7.191920E-04 2.948515E-04 3.156821E-04   2	 1633	 2927	    0	    0	 4570	 4647
  4332 9.819445E-04 7.108562E-04 4.636811E-04   2	  334	 3956	    0	    0	 7513	10594
  4333 2.217583E-04 1.008950E-03 5.462336E-04   2	  189	  630	    0	    0	 2192	 1994
  4334 2.275210E-04 9.065894E-04 3.100769E-04   4	 2919	 4018	 4533	 4538	    0	    0	10015	 2067	 2045	10020
  4335 1.264351E-04 2.255989E-04 4.635258E-04   0	    0	    0
  4336 8.169529E-04 9.359947E-04 1.446112E-03   4	  138	  489	 1355	 6598	    0	    0	10031	 5955	11077	 6122
  4337 7.803700E-05 7.293158E-04 5.222208E-04   2	 4312	 5287	    0	    0	  771	 9754
  4338 1.105476E-04 9.896105E-04 4.001688E-04   6	 1820	 1866	 2294	 4260	 4530	 5854	    0	    0	  910	 1032	  909	 1123	10168	  969
  4339 4.716402E-04 3.532992E-04 1.481885E-03   3	  111	  338	 2947	    0	    0	 9361	 9331	 3215
  4340 1.430400E-04 6.363181E-04 1.852777E-04   0	    0	    0
  4341 1.071587E-05 9.833921E-04 4.673857E-04   3	   -1	  699	 6528	    1	    0	   94	  330	  258
  4342 2.430409E-04 5.467438E-04 7.995271E-04   0	    0	    0
  4343 2.107567E-04 8.404928E-04 3.998271E-04   0	    0	    0
  4344 1.148179E-03 2.031787E-05 3.160025E-04   2	 1941	 4046	    0	    0	 8249	 8202
  4345 8.441179E-04 6.692825E-04 1.295542E-03   3	  449	 2980	 4390	    0	    0	 6222	 6353	11012
  4346 5.942449E-04 9.278225E-04 3.601757E-05   3	    2	    9	  170	    0	    0	 3572	 3597	 3517
  4347 7.792376E-04 4.190171E-04 4.044415E-04   1	 5773	    0	    0	10557
  4348 4.675200E-04 1.174584E-03 1.104835E-03   1	    1	    0	    0	 3183
  4349 9.686319E-04 9.235008E-04 9.609592E-04   5	  838	 2122	 2906	 6205	 6693	    0	    0	 7583	 7559	 7571	 7536	10012
  4350 9.600000E-07 2.371200E-04 3.938750E-04   1	   -1	    1	    0	   83
  4351 1.277760E-03 4.059180E-04 1.032287E-03   3	    0	 4361	 5490	    0	    1	 9055	 9392	 8892
  4352 9.600000E-07 3.118371E-04 9.388608E-04   2	   -1	 1538	    1	    0	  140	 9337
  4353 9.600000E-07 3.167808E-04 7.944255E-04   1	   -1	    1	    0	  134
  4354 9.600000E-07 6.144192E-04 3.521907E-04   1	   -1	    1	    0	   74
  4355 1.277760E-03 8.412370E-04 1.347859E-03   4	    0	 1938	 2876	 3594	    0	    1	 9097	11047	 8885	 8884
  4356 9.600000E-07 3.273513E-04 1.577874E-04   2	   -1	 4909	    1	    0	   29	  271
  4357 1.277760E-03 1.537920E-05 6.253141E-05   1	    0	    0	    1	 8934
  4358 9.600000E-07 6.700608E-04 3.001949E-04   2	   -1	 3833	    1	    0	   62	  302
  4359 9.600000E-07 8.969870E-04 5.366400E-04   3	   -1	  495	 6431	    1	    0	  114	  209	 9988
  4360 9.600000E-07 3.754970E-04 1.277255E-03   1	   -1	    1	    0	  168
  4361 1.277760E-03 3.921354E-04 1.048339E-03   2	    0	 4351	    0	    1	 9057	 9392
  4362 9.600000E-07 1.232659E-03 1.455379E-03   2	   -1	    1	    1	    0	  193	  216
  4363 9.600000E-07 5.443200E-04 1.115975E-03   1	   -1	    1	    0	  151
  4364 1.277760E-03 7.542130E-04 1.360318E-03   6	    0	  983	 2327	 4403	 6223	 6371	    0	    1	 9098	 8872	 8861	 8839	 8873	 8828
  4365 1.277760E-03 4.737855E-04 1.483070E-03   2	    0	 3292	    0	    1	 9113	 9420
  4366 1.277760E-03 6.640203E-05 2.792278E-04   2	    0	 5862	    0	    1	 8979	 8890
  4367 9.600000E-07 6.374592E-04 1.257877E-03   4	   -1	  959	  984	 1588	    1	    0	  164	 9593	  229	  228
  4368 1.277760E-03 9.328203E-05 2.099527E-04   1	    0	    0	    1	 8962
  4369 2.227008E-04 1.490657E-04 5.289603E-04   1	 2032	    0	    0	 2219
  4370 1.275342E-03 1.107859E-03 3.943397E-04   3	    0	  303	 3508	    0	    1	 9001	 8796	 8821
  4371 5.939112E-04 3.206647E-04 1.287629E-03   1	 1870	    0	    0	 3496
  4372 6.979200E-04 9.945408E-04 1.180781E-03   6	  369	  683	 2051	 3731	 3757	 5167	    0	    0	 4661	 4631	 4330	 4577	 4489	 4363
  4373 1.029139E-03 6.145920E-05 2.515008E-04   2	  125	 2451	    0	    0	 7753	 7823
  4374 1.729920E-05 8.256192E-04 3.838080E-05   0	    0	    0
  4375 1.025299E-03 6.057654E-04 1.340141E-03   3	 1226	 1699	 1967	    0	    0	 7758	11048	 7831
  4376 5.068992E-04 4.204992E-04 1.475527E-03   1	 1052	    0	    0	11094
  4377 1.996608E-04 1.939008E-04 1.017408E-04   3	   12	   93	  391	    0	    0	 2015	 1781	 1862
  4378 2.219802E-04 4.867200E-04 1.048301E-03   0	    0	    0
  4379 5.299392E-04 2.564353E-06 1.501421E-03   0	    0	    0
  4380 9.619200E-06 1.122010E-03 2.803392E-04   4	   -1	  176	  272	  439	    1	    0	   54	  242	10485	  254
  4381 1.248000E-05 8.611196E-04 7.968013E-05   1	   -1	    1	    0	   16
  4382 5.685699E-05 4.876992E-04 1.055915E-05   0	    0	    0
  4383 2.361408E-04 1.276298E-03 8.640192E-04   1	  330	    0	    0	10714
  4384 7.123008E-04 1.084704E-04 1.508378E-03   1	 3459	    0	    0	 4543
  4385 1.785408E-04 1.255661E-03 3.571008E-04   1	 1497	    0	    0	 1675
  4386 1.804992E-04 1.059821E-03 6.047808E-04   6	 1413	 1641	 1770	 2093	 5297	 6495	    0	    0	 1716	 1876	 1631	 1607	 1859	10254
  4387 1.612608E-04 4.214243E-04 8.378556E-04   2	  987	 2985	    0	    0	10710	 1633
  4388 2.113920E-05 3.865083E-04 2.505600E-04   1	 2296	    0	    0	  350
  4389 8.908992E-04 1.061779E-03 1.281596E-03   7	  318	  625	  798	 1319	 2337	 2434	 3382	    0	    0	 6662	 6854	 6663	 6770	 6833	10281	 6964
  4390 8.515206E-04 6.700608E-04 1.315219E-03   5	  228	  472	 1265	 4345	 4418	    0	    0	 6459	 9651	 6516	11012	 9629
  4391 7.284200E-04 1.008019E-03 1.368941E-03   2	 1971	 3386	    0	    0	 4762	 4816
  4392 1.785408E-04 1.120305E-03 3.484800E-04   7	   85	  737	 4475	 4570	 4591	 5697	 6029	    0	    0	 1448	 1941	10533	 1492	10515	 1892	10294
  4393 1.241494E-03 2.131392E-04 8.716992E-04   1	  794	    0	    0	 8583
  4394 1.145495E-03 2.139142E-04 1.264481E-03   0	    0	    0
  4395 9.359905E-04 9.273408E-04 1.306553E-03   2	  392	 3740	    0	    0	 7344	 7238
  4396 5.980799E-04 1.174298E-03 1.279892E-03   0	    0	    0
  4397 9.052849E-04 1.032006E-03 1.294061E-03   3	   41	  625	 2054	    0	    0	 6965	 6987	 6921
  4398 7.789143E-04 8.687918E-04 1.253741E-03   2	  507	  708	    0	    0	 5488	 5469
  4399 1.137811E-03 3.540805E-04 1.343040E-03   1	   50	    0	    0	11039
  4400 8.611166E-04 1.005128E-03 1.321920E-03   4	  284	  318	 1438	 6328	    0	    0	 6687	 6554	 6414	 6358
  4401 1.910400E-04 3.122109E-04 1.339200E-03   2	  938	 2761	    0	    0	 9324	 1805
  4402 2.342208E-04 2.350408E-04 1.324001E-03   1	 1120	    0	    0	 2269
  4403 1.258400E-03 7.497600E-04 1.352640E-03   3	  983	 4364	 6371	    0	    0	 8775	 8839	 8713
  4404 7.056000E-04 9.465408E-04 1.294099E-03   5	  224	  611	  616	  818	 1064	    0	    0	10098	 4393	 4697	10087	 4415
  4405 7.027392E-04 6.691195E-04 1.271994E-03   4	  113	  620	 1163	 4160	    0	    0	 9663	 9650	10993	 4719
  4406 8.110382E-04 6.078291E-04 1.271789E-03   2	 2720	 3515	    0	    0	 5814	 5787
  4407 8.282599E-04 6.247563E-04 1.302939E-03   3	  449	  451	  516	    0	    0	 9611	 6118	 6190
  4408 7.446890E-04 7.171200E-04 1.343978E-03   8	   94	  107	  449	 1626	 2486	 2533	 6326	 6341	    0	    0	 4927	 4996	 5204	 5400	 5018	 4878	 5042	 5514
  4409 1.185443E-03 1.151043E-03 1.248959E-03   4	  280	 1280	 6389	 6412	    0	    0	 8417	 8418	 8369	 8315
  4410 6.710405E-04 9.542208E-04 1.323842E-03   4	  224	  296	  611	 1064	    0	    0	 4287	 4062	11014	11037
  4411 7.609226E-04 6.056021E-04 1.270080E-03   4	 1067	 3190	 4431	 6298	    0	    0	 5173	 5341	 5343	 5172
  4412 1.116638E-03 4.791939E-04 1.305581E-03   3	    8	   37	 1019	    0	    0	 8112	 8007	 8152
  4413 6.042004E-04 4.043692E-04 1.295207E-03   0	    0	    0
  4414 9.558679E-04 3.686592E-04 1.269743E-03   2	 2018	 2408	    0	    0	 7396	10992
  4415 6.406774E-04 7.111945E-04 1.302366E-03   4	   97	  113	  628	  921	    0	    0	 3847	 9690	 3789	 9699
  4416 6.574388E-04 1.079059E-03 1.329961E-03   5	   96	  224	  227	  595	 2041	    0	    0	 4032	 4129	 4046	 4033	 4206
  4417 8.755392E-04 4.166592E-04 1.349741E-03   1	 1135	    0	    0	 6579
  4418 8.455910E-04 6.439491E-04 1.293120E-03   2	  516	 4390	    0	    0	 6329	 9629
  4419 8.476785E-04 1.035836E-03 1.269101E-03   5	  318	  663	  798	 4329	 4423	    0	    0	 6481	 6308	10235	 6483	 6454
  4420 6.831149E-05 5.212806E-04 1.348575E-03   1	  509	    0	    0	  645
  4421 9.753408E-04 9.688007E-04 1.306714E-03   3	  861	 2354	 6288	    0	    0	 7575	 7489	10110
  4422 9.820879E-04 1.007042E-03 1.335149E-03   2	  259	  455	    0	    0	 7521	 7532
  4423 8.551406E-04 1.035826E-03 1.252590E-03   5	   41	  318	  663	 4419	 4425	    0	    0	 6571	 6574	 6271	 6454	 6452
  4424 6.654955E-04 1.106672E-03 1.306357E-03   3	   96	  277	  903	    0	    0	10291	 4061	 4010
  4425 8.476800E-04 1.051363E-03 1.252806E-03   4	  318	  445	  663	 4423	    0	    0	 6480	 6307	 6270	 6452
  4426 9.839929E-04 4.542430E-04 1.314236E-03   1	   37	    0	    0	 7670
  4427 8.209733E-04 1.110718E-03 1.269883E-03   2	  423	 2578	    0	    0	10289	 6051
  4428 1.241489E-03 1.139359E-03 1.250884E-03   4	  280	 1280	 6389	 6401	    0	    0	10318	 8613	 8566	10966
  4429 9.939581E-04 4.081540E-04 1.246825E-03   1	 2866	    0	    0	 7686
  4430 6.823504E-04 5.827200E-04 1.278701E-03   4	  264	 1465	 3105	 3862	    0	    0	 4285	 9538	 4491	 4202
  4431 7.691242E-04 5.979120E-04 1.277757E-03   4	 2720	 3515	 4411	 6387	    0	    0	 5610	 5534	 5343	 9532
  4432 6.725995E-04 8.091214E-04 1.273704E-03   3	   71	  112	 2302	    0	    0	 4060	 4307	 4256
  4433 1.229761E-03 1.066914E-03 1.296965E-03   1	  746	    0	    0	 8586
  4434 7.027008E-04 1.072320E-03 1.297122E-03   3	   96	  901	 4327	    0	    0	 4436	 4787	11011
  4435 7.411392E-04 8.726330E-04 1.343981E-03   4	  738	  765	 1312	 3565	    0	    0	 4926	 5152	 5132	 4901
  4436 7.987392E-04 7.516727E-04 1.304433E-03   3	  228	  449	 1939	    0	    0	11001	 5687	 5841
  4437 1.211644E-05 5.030592E-04 1.333282E-03   0	    0	    0
  4438 8.111980E-04 7.380277E-04 1.327470E-03   2	  228	  449	    0	    0	11038	 5866
  4439 1.793121E-04 7.633569E-04 5.708440E-04   3	 3487	 6503	 6511	    0	    0	 1904	 1858	 9771
  4440 7.228888E-04 1.063661E-03 1.345901E-03   1	  288	    0	    0	 4740
  4441 1.046419E-03 2.256039E-04 1.313261E-03   2	   36	 1046	    0	    0	 7766	 9257
  4442 4.848016E-04 4.041582E-04 1.266239E-03   2	 1460	 6294	    0	    0	 3202	 3245
  4443 2.031440E-05 5.786763E-04 1.340179E-03   1	 6416	    0	    0	  307
  4444 7.417263E-04 8.112000E-04 1.291360E-03   4	  112	  765	 1037	 4238	    0	    0	 4877	11010	 9809	 9818
  4445 8.288406E-04 6.892608E-04 1.343395E-03   4	  104	  228	  449	 4264	    0	    0	 6075	 9707	 6030	 6224
  4446 1.226131E-03 8.343955E-04 1.337280E-03   4	 2626	 4465	 5562	 6366	    0	    0	 8696	 8544	 8545	 8575
  4447 5.022971E-04 1.874104E-04 1.283522E-03   2	  799	 1852	    0	    0	 3246	 9232
  4448 6.078937E-04 4.646592E-04 1.320004E-03   1	 2374	    0	    0	 3570
  4449 2.323008E-04 4.504567E-04 1.345312E-03   1	 1572	    0	    0	 2323
  4450 1.030277E-03 1.216480E-03 1.276781E-03   0	    0	    0
  4451 7.016089E-04 8.171771E-04 1.307501E-03   3	  112	  481	 1089	    0	    0	 4492	 4471	 4493
  4452 1.147415E-03 8.626825E-04 1.295038E-03   1	  460	    0	    0	 8181
  4453 6.961639E-04 1.064477E-03 1.267181E-03   4	   96	  118	  224	 2274	    0	    0	 4203	10250	 4229	 4607
  4454 2.138620E-04 2.083261E-04 1.342834E-03   1	 3191	    0	    0	 9255
  4455 4.750346E-04 3.763392E-04 1.258387E-03   2	 1460	 2049	    0	    0	 3196	 3210
  4456 8.409408E-04 9.244784E-04 1.339046E-03   2	  351	 6313	    0	    0	 6246	11036
  4457 4.329575E-04 4.521589E-04 1.277592E-03   1	 1460	    0	    0	 9410
  4458 6.931008E-04 1.107044E-03 1.271059E-03   3	   96	 3064	 3611	    0	    0	 4414	 4465	 4392
  4459 9.311808E-04 2.207808E-04 1.343255E-03   1	 6314	    0	    0	 9266
  4460 1.175790E-03 2.371165E-04 1.268323E-03   1	 2459	    0	    0	 8331
  4461 6.554691E-04 1.026398E-03 1.331874E-03   2	   96	 1111	    0	    0	10211	 3916
  4462 6.996834E-04 1.246061E-03 1.329439E-03   1	 2607	    0	    0	10346
  4463 8.091222E-04 7.536052E-04 1.264111E-03   3	  223	  228	  873	    0	    0	 5887	 5949	 5864
  4464 7.478336E-04 9.457525E-04 1.312313E-03   2	  616	  774	    0	    0	 4993	 4994
  4465 1.199036E-03 8.536475E-04 1.335363E-03   5	  460	 4446	 5114	 5562	 6320	    0	    0	 8420	 8544	 8421	 8534	 9923
  4466 1.150099E-03 4.080402E-04 1.309421E-03   2	 1502	 1794	    0	    0	11005	 8269
  4467 1.175059E-03 8.862879E-04 3.705408E-04   1	 2693	    0	    0	10546
  4468 2.762906E-05 7.921589E-04 3.694405E-04   1	 5822	    0	    0	  338
  4469 7.898674E-04 4.178098E-04 3.695965E-04   0	    0	    0
  4470 2.419008E-04 9.147197E-04 3.696038E-04   3	 3187	 3462	 5620	    0	    0	 2423	 2533	 2214
  4471 1.229919E-03 4.918438E-05 3.693876E-04   3	  477	 2915	 3115	    0	    0	 8732	 9143	 8665
  4472 2.716805E-04 3.233601E-04 3.667008E-04   1	  744	    0	    0	 2488
  4473 1.186579E-03 1.342080E-05 3.659301E-04   0	    0	    0
  4474 4.268426E-04 4.800000E-06 1.840288E-05   0	    0	    0
  4475 1.718401E-04 1.120335E-03 3.638328E-04   3	 1341	 4392	 5848	    0	    0	 1493	10533	 1790
  4476 6.387578E-04 1.163155E-04 1.469971E-03   0	    0	    0
  4477 1.999748E-06 1.547821E-04 3.674691E-04   1	   -1	    1	    0	   75
  4478 1.719961E-04 1.466691E-04 1.470701E-03   2	 1692	 4021	    0	    0	11086	 9212
  4479 8.217408E-04 1.061779E-03 3.724608E-04   2	    2	 1121	    0	    0	 5696	 5721
  4480 2.793554E-04 9.611227E-04 3.657612E-04   0	    0	    0
  4481 1.197331E-03 1.372793E-04 3.772777E-04   2	  572	 2703	    0	    0	 8267	10538
  4482 2.738109E-04 7.898659E-04 3.752055E-04   0	    0	    0
  4483 7.092754E-04 3.924291E-04 3.751961E-04   0	    0	    0
  4484 1.122078E-03 2.885974E-04 1.468781E-03   2	   36	  196	    0	    0	 8068	 8117
  4485 9.482906E-05 7.768045E-04 3.769170E-04   2	 1589	 3975	    0	    0	  749	 9803
  4486 2.292812E-04 6.808491E-04 3.734396E-04   0	    0	    0
  4487 2.277415E-04 9.791808E-04 3.743808E-04   1	   21	    0	    0	 2168
  4488 1.647443E-05 9.668750E-04 3.734400E-04   1	 5474	    0	    0	  278
  4489 7.356454E-04 6.508608E-04 3.524880E-04   0	    0	    0
  4490 1.142400E-04 6.324805E-04 3.521605E-04   0	    0	    0
  4491 1.067501E-03 8.659008E-04 3.544512E-04   0	    0	    0
  4492 5.648416E-05 3.964873E-04 3.542337E-04   2	 2886	 3369	    0	    0	  529	  530
  4493 1.382208E-04 2.503523E-04 3.540807E-04   0	    0	    0
  4494 6.624912E-05 1.066917E-03 3.502394E-04   2	   85	  272	    0	    0	  623	  577
  4495 3.346023E-04 1.038739E-03 3.551808E-04   3	   21	 5701	 6028	    0	    0	 2811	10185	10522
  4496 1.484337E-04 7.631973E-04 3.513408E-04   0	    0	    0
  4497 1.697174E-04 1.068479E-03 3.559942E-04   1	   85	    0	    0	 1424
  4498 2.027701E-04 9.358375E-04 3.559445E-04   4	 2732	 3541	 3663	 5758	    0	    0	 2071	 1918	10541	 2048
  4499 6.823379E-04 2.198371E-04 3.558039E-04   2	 1506	 3020	    0	    0	 4344	10517
  4500 5.635200E-04 1.945207E-04 3.559527E-04   1	 2885	    0	    0	 3408
  4501 1.211501E-03 7.192060E-04 3.964835E-04   0	    0	    0
  4502 1.854962E-04 6.789236E-04 4.005383E-04   6	 3801	 4199	 5596	 5652	 5760	 6549	    0	    0	 1707	 9652	 1849	 1920	 1850	10561
  4503 7.824023E-04 3.177675E-04 4.003134E-04   2	 1441	 4526	    0	    0	 5591	 9311
  4504 3.513408E-04 4.406368E-04 3.974208E-04   1	 2397	    0	    0	 2862
  4505 1.095564E-03 9.862777E-04 3.945645E-04   0	    0	    0
  4506 8.820271E-04 3.561527E-04 1.464001E-03   3	  919	 1127	 1421	    0	    0	 6795	 6691	 6776
  4507 1.353477E-04 8.402109E-04 3.945665E-04   1	 3271	    0	    0	 1111
  4508 6.652842E-04 1.276124E-03 3.926367E-04   1	    2	    0	    0	 3982
  4509 9.561408E-04 3.840192E-04 3.964860E-04   1	 2974	    0	    0	 7463
  4510 1.094208E-04 1.218236E-03 4.040067E-04   1	   23	    0	    0	 1011
  4511 1.524271E-04 9.356351E-04 4.070208E-04   1	 4144	    0	    0	 1363
  4512 1.099555E-03 7.405174E-04 4.070208E-04   1	 1387	    0	    0	 7988
  4513 3.676756E-04 5.443153E-04 4.059247E-04   1	 1214	    0	    0	 2895
  4514 7.199808E-04 3.354065E-04 4.060797E-04   4	 1373	 3267	 4231	 4669	    0	    0	 4724	 4745	10573	 4571
  4515 8.845205E-04 6.261094E-05 1.648636E-05   0	    0	    0
  4516 1.077349E-05 9.072000E-04 4.020821E-04   0	    0	    0
  4517 1.832035E-04 4.993920E-05 4.040022E-04   1	  302	    0	    0	10553
  4518 1.008030E-04 9.089623E-04 3.831972E-04   1	 3727	    0	    0	  792
  4519 5.222208E-04 6.979301E-04 3.859008E-04   1	  131	    0	    0	 9710
  4520 1.034081E-03 5.997886E-04 3.851824E-04   0	    0	    0
  4521 2.086828E-04 5.654438E-04 1.465914E-03   0	    0	    0
  4522 1.966367E-04 6.366374E-04 3.792029E-04   1	 4199	    0	    0	 1824
  4523 9.571208E-04 8.415590E-04 1.648781E-05   2	  400	 3680	    0	    0	 7334	 7400
  4524 2.119496E-04 1.097115E-03 3.820608E-04   3	  278	 2922	 3418	    0	    0	 2019	 1770	 2073
  4525 9.886680E-05 6.286444E-04 3.905152E-04   0	    0	    0
  4526 8.018164E-04 2.847677E-04 3.905559E-04   2	 4503	 5804	    0	    0	 9311	 5623
  4527 1.083625E-03 9.436762E-04 3.878208E-04   1	 1200	    0	    0	10558
  4528 3.263808E-04 3.907163E-04 1.345920E-05   2	 1705	 5788	    0	    0	10357	 2706
  4529 1.795200E-04 1.147411E-03 3.889688E-04   4	   23	  428	 1341	 2922	    0	    0	 1521	10317	 1650	 1649
  4530 1.027194E-04 1.006874E-03 3.888000E-04   4	 2294	 3636	 4338	 5854	    0	    0	10559	10149	10168	  873
  4531 5.558400E-04 4.195294E-04 3.078061E-04   0	    0	    0
  4532 9.388608E-04 2.246208E-04 3.052608E-04   2	  703	 2217	    0	    0	 7179	 7263
  4533 2.062406E-04 8.774208E-04 3.100748E-04   4	 2888	 4100	 4334	 5896	    0	    0	10488	 1983	 2045	 1915
  4534 5.288005E-04 3.348291E-04 3.041616E-04   0	    0	    0
  4535 7.355665E-05 3.867180E-04 3.052608E-04   1	 6041	    0	    0	 9369
  4536 4.496011E-05 3.235200E-04 3.043200E-04   0	    0	    0
  4537 1.118558E-03 1.084791E-04 3.044817E-04   2	 2322	 4852	    0	    0	 8115	 9178
  4538 2.380608E-04 9.286780E-04 3.023970E-04   4	 2919	 3986	 4334	 6066	    0	    0	 2310	 2245	10020	10495
  4539 2.000227E-05 1.037971E-03 3.140735E-04   2	  272	 5667	    0	    0	  352	10491
  4540 4.062376E-04 3.151177E-05 3.167808E-04   1	  904	    0	    0	 3042
  4541 8.527301E-05 9.945408E-04 3.158286E-04   0	    0	    0
  4542 4.414080E-05 8.056000E-04 3.156287E-04   1	 4549	    0	    0	  516
  4543 1.122240E-03 2.793639E-04 3.158400E-04   2	 1898	 2367	    0	    0	 8071	 8133
  4544 7.171269E-04 2.284608E-04 3.160087E-04   4	 1506	 1875	 4565	 5630	    0	    0	 4795	 4590	10508	 4766
  4545 1.005891E-04 7.611180E-04 3.120000E-04   0	    0	    0
  4546 9.182313E-04 4.035044E-04 3.076471E-04   2	  413	  892	    0	    0	 7249	 9401
  4547 9.022080E-05 2.470844E-04 3.118358E-04   1	 2945	    0	    0	  815
  4548 1.106710E-03 1.391924E-04 3.118381E-04   0	    0	    0
  4549 5.876612E-05 8.150397E-04 3.118431E-04   1	 4542	    0	    0	  516
  4550 1.182909E-04 1.256273E-03 2.887996E-04   2	  782	 5643	    0	    0	  872	  871
  4551 1.135679E-03 5.827229E-04 2.016664E-05   1	   35	    0	    0	 8143
  4552 1.601651E-04 4.070208E-04 2.870372E-04   4	 1161	 2001	 4300	 4554	    0	    0	 1467	 1466	 1443	 1444
  4553 1.153124E-03 1.005891E-04 2.868785E-04   1	 6036	    0	    0	10486
  4554 1.620769E-04 3.966909E-04 2.889650E-04   3	  249	 1161	 4552	    0	    0	 9380	 9391	 1444
  4555 7.265117E-04 2.697553E-04 2.886057E-04   2	 1633	 5968	    0	    0	 4932	10475
  4556 3.102369E-04 9.148800E-04 2.985601E-04   1	 6057	    0	    0	10492
  4557 1.150876E-03 6.240294E-05 2.985600E-04   1	 2322	    0	    0	 9152
  4558 2.081613E-04 1.100967E-03 3.160501E-04   4	  636	 2162	 4591	 5697	    0	    0	 1888	 2068	 1940	10510
  4559 1.428254E-04 8.515266E-04 2.975808E-04   0	    0	    0
  4560 2.198328E-04 8.179392E-04 3.369621E-04   1	 3047	    0	    0	 2165
  4561 6.996744E-04 5.414208E-04 3.390342E-04   1	  195	    0	    0	 4294
  4562 9.223443E-04 5.364786E-04 1.475167E-03   1	 1433	    0	    0	 7195
  4563 1.547676E-04 9.876291E-04 3.331144E-04   5	  924	 3216	 3733	 4187	 6030	    0	    0	 1517	10507	 1314	 1405	 1313
  4564 6.509060E-06 1.695661E-04 3.350431E-04   1	   -1	    1	    0	   69
  4565 7.150466E-04 2.256000E-04 3.331276E-04   2	 1506	 4544	    0	    0	 9258	10508
  4566 1.004388E-04 2.217561E-04 3.332835E-04   0	    0	    0
  4567 1.088621E-03 8.977570E-04 3.348698E-04   0	    0	    0
  4568 2.292324E-04 9.993700E-04 3.390353E-04   4	   21	  924	 3470	 3665	    0	    0	10525	 2115	 2116	 2273
  4569 1.139522E-03 1.468827E-04 3.447921E-04   1	 2539	    0	    0	 8149
  4570 1.624017E-04 1.110509E-03 3.428777E-04   2	   85	 4392	    0	    0	 1491	 1492
  4571 3.379008E-04 1.083683E-03 3.436608E-04   3	   22	 2034	 2039	    0	    0	10537	 2782	 2772
  4572 1.804608E-04 8.014001E-04 3.428679E-04   0	    0	    0
  4573 7.691612E-04 2.484824E-04 3.407907E-04   1	 3651	    0	    0	 5258
  4574 1.156797E-03 3.830456E-04 1.474579E-03   1	    8	    0	    0	 9386
  4575 1.074399E-03 1.076318E-03 3.388800E-04   0	    0	    0
  4576 3.782208E-04 4.408520E-04 1.823954E-05   1	 1705	    0	    0	 2911
  4577 2.803008E-04 1.097280E-03 3.406401E-04   1	  360	    0	    0	10274
  4578 4.512278E-05 9.696337E-05 1.479361E-03   1	 1062	    0	    0	  382
  4579 9.098601E-05 3.897408E-04 3.254397E-04   0	    0	    0
  4580 9.135357E-05 1.760426E-04 3.250845E-04   1	 3902	    0	    0	10502
  4581 1.210781E-03 1.332291E-04 3.196859E-04   3	  814	  918	 1177	    0	    0	 9209	 9200	 8387
  4582 1.218022E-03 7.029388E-05 3.198428E-04   1	 3400	    0	    0	 8529
  4583 3.216000E-04 1.014559E-03 3.213823E-04   2	 6014	 6015	    0	    0	 2720	 2780
  4584 7.668291E-04 3.312000E-04 3.218109E-04   0	    0	    0
  4585 5.270478E-04 6.441600E-04 1.479364E-03   1	 1143	    0	    0	 3360
  4586 1.175021E-03 2.354160E-04 1.477796E-03   1	  196	    0	    0	 8270
  4587 1.447491E-04 8.447808E-04 3.294909E-04   1	 5704	    0	    0	 1341
  4588 1.601594E-04 7.494026E-04 3.308433E-04   1	 5998	    0	    0	 1359
  4589 1.239527E-03 2.505664E-04 3.311987E-04   0	    0	    0
  4590 5.072254E-05 2.649408E-04 3.275280E-04   0	    0	    0
  4591 1.965907E-04 1.099202E-03 3.250832E-04   5	  636	 2488	 4392	 4558	 5697	    0	    0	 1843	 1823	10515	 1940	10516
  4592 1.574592E-04 2.236643E-04 4.771245E-04   0	    0	    0
  4593 7.294080E-05 6.460814E-04 4.774811E-04   0	    0	    0
  4594 3.380960E-05 7.132800E-04 4.799808E-04   1	 4660	    0	    0	10619
  4595 2.008561E-04 8.916829E-04 4.731235E-04   5	 1220	 1676	 3171	 3883	 4609	    0	    0	 1991	 1828	 9955	 9954	 1946
  4596 1.083831E-03 7.499291E-04 4.734823E-04   1	 1387	    0	    0	 9772
  4597 1.190592E-04 7.286488E-04 4.730746E-04   5	 2713	 2829	 3257	 3290	 4621	    0	    0	 1126	 9728	10617	 1114	 1209
  4598 8.515215E-04 6.288011E-04 4.732800E-04   1	 1031	    0	    0	 6524
  4599 9.903678E-05 9.206449E-04 4.754092E-04   0	    0	    0
  4600 5.740800E-06 5.347116E-04 4.847930E-04   2	   -1	 4661	    1	    0	  102	  245
  4601 2.025620E-04 1.276885E-04 1.443859E-03   1	 1692	    0	    0	 1838
  4602 2.774400E-04 7.748799E-04 4.828878E-04   3	  860	 1256	 1955	    0	    0	 2622	 2507	 2534
  4603 1.651008E-04 6.750980E-04 4.830413E-04   4	 2663	 3480	 3519	 6611	    0	    0	 1282	 1545	10628	10616
  4604 1.455707E-05 8.993612E-04 4.851561E-04   2	 4257	 4608	    0	    0	 9967	  360
  4605 2.255957E-04 8.300445E-04 4.857408E-04   4	  860	 1955	 2247	 4726	    0	    0	 2396	 9845	 9879	 2169
  4606 1.183903E-03 1.097271E-03 4.819008E-04   1	    3	    0	    0	 8389
  4607 5.855114E-05 9.014287E-04 4.636819E-04   5	 1076	 1868	 2336	 4608	 5619	    0	    0	 9965	  660	  678	  455	  579
  4608 2.305920E-05 8.956958E-04 4.636744E-04   4	   -1	 4604	 4607	 6539	    1	    0	  100	  360	  455	  404
  4609 1.952341E-04 8.956800E-04 4.617529E-04   4	 1676	 2831	 4595	 6596	    0	    0	 1899	 1792	 1946	 1814
  4610 3.117956E-04 8.782429E-04 4.619152E-04   3	 2376	 2679	 3080	    0	    0	 2679	 2721	 2709
  4611 2.284608E-04 8.417582E-04 4.615446E-04   4	  860	 2247	 3838	 4713	    0	    0	 2291	 2120	 2262	 9889
  4612 2.561179E-04 7.190451E-04 4.608192E-04   4	 2823	 3709	 4247	 6599	    0	    0	 2331	 9734	 2394	 2458
  4613 1.212259E-03 2.795214E-04 1.448646E-03   2	  995	 1612	    0	    0	 8470	 8524
  4614 1.203821E-03 1.151981E-03 4.703808E-04   1	    3	    0	    0	 8399
  4615 4.216509E-04 6.422344E-04 1.446720E-03   1	 4721	    0	    0	 3108
  4616 8.050828E-04 3.371160E-04 4.730733E-04   1	  748	    0	    0	 5872
  4617 1.316831E-04 6.345528E-04 4.703808E-04   3	 2148	 2663	 4655	    0	    0	 1223	 1128	 1113
  4618 3.793539E-04 3.791935E-04 1.446720E-03   0	    0	    0
  4619 1.566909E-04 9.723244E-04 4.711952E-04   3	 1690	 2642	 6578	    0	    0	 1368	 1320	 1367
  4620 1.246884E-03 8.786110E-04 4.675200E-04   0	    0	    0
  4621 1.507200E-04 7.134377E-04 4.678774E-04   7	 2807	 2829	 3257	 3466	 3480	 4597	 4716	    0	    0	 9719	 1346	 1366	 9749	 9701	 1209	10604
  4622 1.451219E-04 7.615010E-04 5.107392E-04   1	 6466	    0	    0	 1348
  4623 1.240301E-03 5.310881E-04 5.118939E-04   0	    0	    0
  4624 1.315075E-04 1.785408E-04 5.115095E-04   1	 3324	    0	    0	 9237
  4625 6.961274E-04 1.132608E-04 5.107392E-04   1	 1513	    0	    0	 4345
  4626 2.041236E-04 9.909546E-05 5.153688E-04   1	 5649	    0	    0	 2023
  4627 1.190592E-04 8.841595E-04 5.137979E-04   4	 2717	 2811	 3236	 4117	    0	    0	  973	 1071	  895	10625
  4628 4.363594E-04 1.186541E-03 1.443821E-03   2	  678	 3653	    0	    0	 3118	 3115
  4629 1.887640E-04 7.858852E-04 5.059200E-04   2	 6454	 6590	    0	    0	 1627	 1829
  4630 1.785408E-04 1.175994E-03 5.087808E-04   2	 1060	 3421	    0	    0	 1574	10327
  4631 4.030080E-05 9.284803E-04 5.097669E-04   3	  495	 2958	 3006	    0	    0	  390	  532	  374
  4632 9.360003E-04 6.710395E-04 5.155200E-04   2	   11	  334	    0	    0	 7162	 9660
  4633 9.214080E-05 9.326885E-04 1.436179E-03   2	    1	 5550	    0	    0	  740	  784
  4634 7.562906E-05 8.918338E-04 5.249157E-04   6	  495	 2717	 3011	 4662	 5290	 5291	    0	    0	  654	  728	  685	  625	 9996	  698
  4635 1.008000E-04 6.307093E-04 5.195102E-04   1	 3471	    0	    0	 9578
  4636 1.625958E-04 7.245970E-04 5.229891E-04   2	 2986	 3617	    0	    0	10635	 1576
  4637 4.454208E-04 1.268151E-03 1.437114E-03   4	 1004	 3710	 6450	 6496	    0	    0	11078	 3117	 3099	 3146
  4638 1.140098E-04 9.945792E-04 5.164608E-04   3	   23	 3455	 5656	    0	    0	  820	 1020	  819
  4639 1.660772E-04 9.772608E-04 5.155230E-04   1	 1690	    0	    0	 1372
  4640 3.513408E-04 8.659008E-04 5.153526E-04   1	 3686	    0	    0	 2850
  4641 2.591296E-05 8.089239E-04 5.155200E-04   2	 6429	 6473	    0	    0	  469	 9820
  4642 9.717143E-05 9.495954E-04 4.926354E-04   0	    0	    0
  4643 2.592000E-05 7.590054E-04 4.924829E-04   0	    0	    0
  4644 1.708992E-04 1.660751E-04 1.445779E-03   1	 5293	    0	    0	 1584
  4645 5.963340E-04 2.660850E-04 4.953792E-04   1	 1733	    0	    0	 3620
  4646 2.476608E-04 4.270409E-04 4.972608E-04   2	  506	 6452	    0	    0	 2395	 2545
  4647 1.265261E-03 1.261998E-04 4.907551E-04   3	    0	  450	  573	    0	    1	 9015	 8898	 8720
  4648 1.394253E-04 7.756992E-04 4.941826E-04   1	 1755	    0	    0	 1129
  4649 1.039470E-03 4.961565E-04 4.942497E-04   1	  203	    0	    0	 7774
  4650 2.294434E-04 6.996326E-04 4.886449E-04   2	 3480	 3709	    0	    0	 2075	 9708
  4651 3.177630E-04 8.396432E-04 4.888509E-04   0	    0	    0
  4652 2.774354E-04 3.971517E-05 4.886378E-04   0	    0	    0
  4653 3.079928E-04 8.594068E-04 4.867200E-04   2	 2376	 2679	    0	    0	 2685	 2760
  4654 9.572719E-04 3.897408E-04 1.442882E-03   1	 1270	    0	    0	 9388
  4655 1.351491E-04 6.652676E-04 4.961091E-04   3	 2663	 3519	 4617	    0	    0	 1150	 1371	 1113
  4656 2.228812E-05 7.457579E-04 5.038400E-04   0	    0	    0
  4657 3.312121E-04 8.882092E-04 5.030592E-04   4	 2678	 2679	 3686	 4659	    0	    0	10005	 2783	 2828	 2761
  4658 2.015808E-04 1.143719E-03 4.963229E-04   4	  635	 3621	 3622	 6449	    0	    0	 1900	 1901	 1967	 2249
  4659 3.175436E-04 8.820854E-04 4.964820E-04   4	 2376	 2679	 4657	 6581	    0	    0	 2669	10620	 2761	 2680
  4660 3.168874E-05 7.213172E-04 5.001657E-04   1	 4594	    0	    0	10619
  4661 1.971790E-06 5.575481E-04 5.003138E-04   2	   -1	 4600	    1	    0	  106	  245
  4662 6.608403E-05 8.845169E-04 4.980858E-04   5	 2021	 2349	 2717	 3236	 4634	    0	    0	  492	  683	  710	 9947	  625
  4663 3.935999E-05 5.768005E-04 4.982404E-04   0	    0	    0
  4664 1.689408E-04 9.283160E-04 4.231984E-04   2	 3926	 6603	    0	    0	 1542	 1498
  4665 2.092608E-04 9.242746E-04 4.233573E-04   1	 3055	    0	    0	 2119
  4666 1.201901E-03 7.315008E-04 4.232046E-04   0	    0	    0
  4667 1.103211E-03 5.019154E-04 4.235753E-04   1	 2609	    0	    0	 8038
  4668 8.524608E-04 6.097691E-04 4.214372E-04   0	    0	    0
  4669 7.209601E-04 3.486354E-04 4.224192E-04   3	 1373	 2086	 4514	    0	    0	 4842	 9342	 4571
  4670 8.108351E-04 3.405891E-04 4.232063E-04   2	  748	 1441	    0	    0	 5870	 5795
  4671 1.122245E-03 1.216481E-03 4.291215E-04   2	    3	 6543	    0	    0	 8111	10343
  4672 7.532387E-04 3.717309E-04 4.313929E-04   1	 1373	    0	    0	 5003
  4673 2.342208E-04 7.975536E-04 1.440361E-05   1	 2557	    0	    0	 2270
  4674 1.785408E-04 1.212470E-03 4.300992E-04   3	   23	  849	 1497	    0	    0	 1522	 1853	 1652
  4675 4.492992E-04 1.631596E-05 1.455379E-03   1	 2929	    0	    0	 3142
  4676 1.210402E-03 7.016084E-04 4.319808E-04   0	    0	    0
  4677 1.631808E-04 7.480006E-04 4.271946E-04   1	 2713	    0	    0	 1387
  4678 2.100276E-04 6.633637E-04 4.274265E-04   0	    0	    0
  4679 1.107529E-04 5.942400E-04 4.281408E-04   2	 3346	 3855	    0	    0	10591	 1194
  4680 1.017408E-04 8.256192E-04 4.268436E-04   3	 2096	 4705	 6563	    0	    0	 9866	  951	  832
  4681 8.841601E-04 4.540800E-04 1.460371E-03   1	 2895	    0	    0	 6796
  4682 1.200749E-03 1.432509E-04 4.118389E-04   1	  572	    0	    0	 8479
  4683 2.757309E-04 3.343092E-05 4.120541E-04   1	  615	    0	    0	 2506
  4684 4.030080E-05 1.011821E-03 4.139669E-04   0	    0	    0
  4685 2.572608E-04 8.071578E-04 4.147008E-04   5	  860	 2325	 2419	 2430	 2729	    0	    0	 2519	 2452	 2450	 2518	 2379
  4686 1.261174E-04 6.692795E-04 4.137600E-04   1	 2829	    0	    0	 1237
  4687 3.868800E-04 5.326405E-04 4.136041E-04   0	    0	    0
  4688 3.360543E-05 2.566889E-06 1.460171E-03   0	    0	    0
  4689 3.847422E-04 8.638632E-06 1.460314E-03   1	 4718	    0	    0	 2924
  4690 1.072156E-03 1.203602E-04 1.460002E-03   1	  485	    0	    0	 7909
  4691 8.475118E-04 1.014360E-03 4.079919E-04   2	    2	   13	    0	    0	 6200	10178
  4692 3.070080E-05 9.532832E-04 4.089408E-04   1	 5780	    0	    0	  291
  4693 7.898629E-04 8.284839E-04 4.099252E-04   1	   13	    0	    0	 5592
  4694 6.880694E-06 8.262032E-04 4.097091E-04   3	   -1	 1039	 3962	    1	    0	   90	10562	  292
  4695 1.194259E-03 3.870268E-04 4.108608E-04   1	  711	    0	    0	 8367
  4696 1.355193E-04 1.118611E-03 4.076434E-04   2	   23	  706	    0	    0	 1171	 1147
  4697 8.169650E-04 3.734456E-04 4.195254E-04   0	    0	    0
  4698 9.741891E-04 1.012439E-03 4.196734E-04   3	   19	 2097	 3808	    0	    0	 7464	 7635	10580
  4699 1.276705E-04 9.455966E-04 4.195179E-04   3	 4144	 5792	 6540	    0	    0	 1193	10081	  970
  4700 2.584476E-04 8.555708E-04 4.195138E-04   2	 3188	 6535	    0	    0	 2349	10578
  4701 1.574208E-04 8.110532E-04 4.197376E-04   2	 3975	 4323	    0	    0	 1317	 9838
  4702 2.092992E-04 7.211790E-04 4.166208E-04   3	 2412	 5652	 6549	    0	    0	 2186	 9709	 2034
  4703 2.620736E-04 1.197112E-03 4.135508E-04   2	  388	 1619	    0	    0	 2505	 2360
  4704 3.638400E-04 9.648030E-04 4.177562E-04   0	    0	    0
  4705 1.198434E-04 8.050836E-04 4.178093E-04   3	 2096	 3975	 4680	    0	    0	 1086	 1013	  951
  4706 7.075346E-04 2.987783E-04 4.175926E-04   1	 3256	    0	    0	 4796
  4707 1.084800E-04 7.305583E-04 4.521611E-04   0	    0	    0
  4708 5.301027E-05 9.379188E-04 4.520009E-04   1	 6541	    0	    0	  456
  4709 7.215861E-05 2.599976E-04 4.521644E-04   0	    0	    0
  4710 1.180818E-04 2.776077E-04 4.540752E-04   2	  641	 6537	    0	    0	  991	10590
  4711 1.113408E-04 9.859256E-04 4.483307E-04   1	 3800	    0	    0	  891
  4712 3.196864E-04 9.145227E-04 4.483244E-04   3	 2678	 4197	 6559	    0	    0	10599	 2740	 2773
  4713 2.181309E-04 8.553561E-04 4.484840E-04   2	 2247	 4611	    0	    0	 9877	 9889
  4714 1.144507E-04 1.007040E-03 4.460389E-04   4	 1701	 1820	 1866	 2582	    0	    0	10595	10186	10174	 1196
  4715 1.643195E-04 9.592063E-04 4.579201E-04   3	  189	 2108	 6603	    0	    0	 1793	 1571	 1625
  4716 1.843008E-04 7.038501E-04 4.588608E-04   3	 3189	 4621	 6594	    0	    0	 9695	10604	 1623
  4717 2.219723E-04 7.468608E-04 4.594719E-04   0	    0	    0
  4718 3.683535E-04 1.379745E-05 1.453459E-03   1	 4689	    0	    0	 2924
  4719 1.793660E-04 9.955185E-04 4.371625E-04   3	 2108	 2582	 3807	    0	    0	 1678	10180	 1761
  4720 1.701335E-04 1.113581E-03 4.385101E-04   3	  429	  635	 4290	    0	    0	10287	 1624	 1622
  4721 4.511808E-04 6.459259E-04 1.455341E-03   2	 3379	 4615	    0	    0	 3221	 3108
  4722 8.805661E-06 6.401606E-04 4.388880E-04   1	   -1	    1	    0	   98
  4723 9.187243E-04 1.018549E-03 4.331650E-04   2	    2	 3808	    0	    0	 6929	 7227
  4724 1.353583E-04 3.442819E-04 4.329648E-04   0	    0	    0
  4725 1.735581E-04 8.283268E-04 4.345222E-04   0	    0	    0
  4726 2.177606E-04 8.173130E-04 4.350997E-04   2	 2467	 4605	    0	    0	10579	 2169
  4727 1.889118E-04 8.092821E-04 4.350455E-04   1	 2605	    0	    0	 9802
  4728 1.025696E-04 3.427131E-04 4.350909E-04   2	 1394	 3960	    0	    0	  845	 9327
  4729 2.954906E-05 6.057606E-04 4.443173E-04   0	    0	    0
  4730 1.293874E-04 7.730227E-04 4.435008E-04   6	 1755	 2605	 2713	 3975	 4280	 6593	    0	    0	 1125	 1296	 1172	10583	 9796	 9795
  4731 1.151808E-04 1.034276E-03 4.427161E-04   3	   23	  429	 1820	    0	    0	10218	 1003	  913
  4732 1.001276E-03 9.490872E-04 4.423484E-04   2	   11	   19	    0	    0	 7611	 7610
  4733 1.891200E-04 1.101130E-03 1.296058E-04   1	 2216	    0	    0	 1638
  4734 1.141451E-03 1.708608E-04 1.296034E-04   2	 4741	 6006	    0	    0	 8155	 8193
  4735 9.127966E-04 8.108399E-04 1.313143E-04   2	  262	 4747	    0	    0	 7117	 9816
  4736 1.200962E-03 8.944411E-05 1.315200E-04   0	    0	    0
  4737 4.417920E-05 6.624293E-05 1.286208E-04   3	 3469	 4744	 4782	    0	    0	  464	 9162	  525
  4738 4.934208E-04 2.008018E-04 1.518701E-03   0	    0	    0
  4739 9.695771E-05 3.957174E-05 1.332304E-04   1	 1106	    0	    0	 9145
  4740 1.641561E-04 8.764877E-04 1.374913E-04   0	    0	    0
  4741 1.124161E-03 1.624509E-04 1.372872E-04   3	 3472	 4734	 6031	    0	    0	10405	 8155	 8091
  4742 3.693915E-04 2.378641E-05 1.394180E-04   1	 1269	    0	    0	 2950
  4743 4.414080E-05 9.192175E-04 1.331661E-04   2	 3303	 3758	    0	    0	10032	  514
  4744 4.688582E-05 8.062080E-05 1.353635E-04   1	 4737	    0	    0	 9162
  4745 1.718479E-04 9.580800E-06 1.515622E-03   0	    0	    0
  4746 2.121552E-04 1.059048E-03 1.332798E-04   1	 1757	    0	    0	 2081
  4747 9.072165E-04 7.852608E-04 1.351326E-04   5	   34	  262	  839	 3671	 4735	    0	    0	 7016	 7158	10392	 6894	 9816
  4748 3.309893E-04 5.906156E-04 1.161688E-04   2	  819	 6000	    0	    0	 2726	10394
  4749 5.487127E-05 9.202873E-04 1.094208E-04   2	 1172	 2579	    0	    0	  513	  586
  4750 1.056673E-05 1.008000E-04 1.222799E-04   2	  552	 3215	    0	    0	  308	  288
  4751 2.227008E-04 4.059222E-04 1.238392E-04   2	   20	 1849	    0	    0	 2233	 2043
  4752 1.225921E-03 1.209408E-04 1.247808E-04   2	 5985	 6018	    0	    0	 8594	 8643
  4753 2.215530E-04 1.056170E-05 1.240509E-04   0	    0	    0
  4754 9.489448E-05 1.021421E-03 1.152192E-04   3	  417	  569	  604	    0	    0	10383	  903	  775
  4755 2.177603E-04 7.968282E-05 1.209408E-04   0	    0	    0
  4756 1.804992E-04 7.958391E-04 1.582473E-04   2	 2060	 5988	    0	    0	 1536	 1881
  4757 1.843008E-04 7.019198E-04 1.574592E-04   1	 1987	    0	    0	 1187
  4758 1.104000E-04 4.156800E-04 1.583948E-04   2	 1673	 4778	    0	    0	  926	 1106
  4759 6.787208E-04 6.624157E-05 1.512211E-03   0	    0	    0
  4760 6.334080E-05 8.918435E-04 1.601088E-04   0	    0	    0
  4761 9.680234E-05 2.601657E-04 1.601122E-04   0	    0	    0
  4762 1.237222E-03 1.006410E-04 1.566900E-04   3	 4178	 4780	 5987	    0	    0	 8671	 8611	 8644
  4763 1.355673E-04 2.699800E-04 1.562692E-04   2	   12	  851	    0	    0	 1272	 1157
  4764 1.247040E-03 1.927463E-04 1.563180E-04   4	 3711	 4181	 4775	 6022	    0	    0	10403	 8780	 8670	10402
  4765 5.280281E-05 9.183628E-04 1.564801E-04   1	 3303	    0	    0	  560
  4766 2.860608E-04 7.449792E-04 1.558650E-04   2	  527	 1114	    0	    0	 9748	 2582
  4767 1.298109E-04 1.010883E-03 1.641600E-04   2	  604	 1679	    0	    0	  943	 1204
  4768 1.428737E-04 6.596748E-04 1.651008E-04   1	 2344	    0	    0	 1159
  4769 2.188992E-04 4.427205E-04 1.662509E-04   1	 3086	    0	    0	 2028
  4770 1.650474E-04 1.071379E-03 1.670208E-04   4	  279	 1679	 4146	 4791	    0	    0	 1271	 1293	 1440	 1438
  4771 1.701329E-04 7.670393E-04 1.660862E-04   1	 1987	    0	    0	 1782
  4772 2.017424E-05 3.448065E-04 1.660736E-04   1	 2753	    0	    0	10411
  4773 1.814355E-04 1.130861E-03 1.603193E-04   2	 2216	 3449	    0	    0	10301	10309
  4774 1.372753E-04 9.321514E-04 1.605396E-04   0	    0	    0
  4775 1.226861E-03 2.051548E-04 1.670208E-04   2	  349	 4764	    0	    0	 8619	 8670
  4776 1.808571E-05 3.957094E-05 1.643239E-04   1	 1215	    0	    0	  299
  4777 3.315605E-04 7.113654E-04 1.612992E-04   0	    0	    0
  4778 1.353631E-04 4.121999E-04 1.449577E-04   2	 1673	 4758	    0	    0	10413	 1106
  4779 3.448023E-04 3.849645E-04 1.513931E-03   3	 3284	 3524	 4921	    0	    0	 2801	 2875	 2861
  4780 1.209581E-03 8.145003E-05 1.448076E-04   3	 2846	 4762	 5987	    0	    0	 8539	 8611	 8595
  4781 1.144339E-03 1.179670E-03 1.428740E-04   1	 2191	    0	    0	 8144
  4782 5.663822E-05 5.871879E-05 1.478208E-04   1	 4737	    0	    0	  525
  4783 1.243045E-03 6.134348E-04 1.413284E-04   4	   35	  736	 1024	 3360	    0	    0	 8630	 8791	10404	 9571
  4784 1.112466E-03 7.268796E-04 1.512979E-03   2	 1978	 2227	    0	    0	 8033	 8034
  4785 7.392210E-05 1.468789E-04 1.407610E-04   2	  325	 1296	    0	    0	  648	  692
  4786 9.909097E-05 9.800027E-04 1.390359E-04   3	  569	  604	 4790	    0	    0	  961	  884	  776
  4787 1.816493E-04 8.345966E-04 1.392014E-04   1	 2645	    0	    0	 1616
  4788 1.196141E-03 9.455948E-04 1.413315E-04   1	   16	    0	    0	 8439
  4789 7.008368E-05 1.127021E-03 1.528695E-04   1	  279	    0	    0	  658
  4790 8.720486E-05 9.724865E-04 1.529967E-04   3	  604	 4786	 5572	    0	    0	  810	  776	10119
  4791 1.732567E-04 1.083681E-03 1.459392E-04   3	  279	 2216	 4770	    0	    0	 1230	10284	 1438
  4792 1.369230E-04 1.316765E-04 5.840621E-05   4	 1370	 2696	 4816	 5830	    0	    0	 1118	 9194	 9193	 1101
  4793 3.183602E-05 6.719808E-04 5.280577E-05   2	 4154	 4794	    0	    0	 9647	  384
  4794 2.208000E-05 6.632005E-04 5.679858E-05   3	   -1	 4154	 4793	    1	    0	    7	  385	  384
  4795 2.215491E-04 1.143991E-04 6.529920E-05   1	 4824	    0	    0	 1978
  4796 4.214433E-04 3.851244E-04 6.718080E-05   2	 1109	 1977	    0	    0	10375	10368
  4797 1.116480E-03 4.112217E-05 3.935667E-05   0	    0	    0
  4798 1.218085E-03 4.792481E-04 1.529270E-03   2	    8	 5633	    0	    0	 8525	 8519
  4799 2.772316E-04 9.244805E-04 4.149290E-05   2	  621	  886	    0	    0	 2664	10360
  4800 4.108608E-04 4.191592E-04 4.127302E-05   1	 5615	    0	    0	 9403
  4801 1.175843E-03 3.568760E-05 3.573491E-05   0	    0	    0
  4802 9.400537E-04 2.954833E-05 3.760159E-05   3	  701	 1088	 3607	    0	    0	 7364	 9128	 7246
  4803 8.190888E-04 1.268326E-03 4.111922E-05   2	 5534	 5779	    0	    0	 6124	 5931
  4804 4.521669E-04 1.101115E-03 1.527716E-03   1	    1	    0	    0	 3156
  4805 2.062324E-04 2.160020E-04 5.088668E-05   0	    0	    0
  4806 1.139875E-03 6.019205E-04 4.284429E-05   1	   35	    0	    0	 8186
  4807 1.237441E-03 1.420608E-04 4.297979E-05   1	 3871	    0	    0	10359
  4808 1.103981E-03 1.603937E-05 3.454080E-05   2	  885	 5825	    0	    0	 8042	 8118
  4809 4.006792E-04 1.276873E-04 3.183555E-05   1	 2079	    0	    0	 9205
  4810 1.668309E-05 1.708608E-04 1.044787E-04   2	  552	 1950	    0	    0	  320	  347
  4811 1.053116E-03 1.351476E-04 1.046400E-04   4	  125	  739	 1156	 2996	    0	    0	 7845	 7846	 7835	10388
  4812 1.107548E-04 9.580800E-06 1.007868E-04   2	 1106	 3735	    0	    0	 9138	  882
  4813 1.218243E-03 1.125309E-04 1.027200E-04   0	    0	    0
  4814 6.972915E-05 7.257064E-04 7.707877E-05   2	 3858	 5814	    0	    0	  585	10371
  4815 1.097058E-03 9.695751E-05 7.776000E-05   2	  662	  820	    0	    0	 7975	 8024
  4816 1.221309E-04 1.201547E-04 7.412897E-05   6	  874	 1134	 1370	 2696	 4142	 4792	    0	    0	 9180	 9179	 9203	 1042	  983	 9193
  4817 2.851242E-04 1.583965E-04 7.178677E-05   1	 1911	    0	    0	 2529
  4818 1.124361E-03 1.451762E-04 8.449920E-05   0	    0	    0
  4819 7.427901E-05 1.394047E-04 8.565923E-05   0	    0	    0
  4820 9.791808E-04 8.639808E-04 8.735706E-05   5	   27	  297	  617	  922	 3633	    0	    0	 7566	 9933	 7640	 7641	 7507
  4821 3.072192E-04 5.460817E-04 8.144240E-05   1	 1087	    0	    0	 9508
  4822 1.257581E-03 2.959480E-05 8.159996E-05   2	  968	 1238	    0	    0	 8760	 8831
  4823 1.218240E-03 1.680000E-04 8.351269E-05   1	 1217	    0	    0	 8578
  4824 2.198313E-04 1.140320E-04 8.372866E-05   1	 4795	    0	    0	 1978
  4825 4.030080E-05 5.856000E-05 8.380468E-05   2	 2125	 2970	    0	    0	  537	  600
  4826 1.065586E-04 1.014355E-03 2.484783E-04   1	 1228	    0	    0	  965
  4827 5.402765E-04 2.111808E-04 2.505712E-04   0	    0	    0
  4828 8.323748E-05 7.297920E-05 2.476608E-04   2	  325	 2102	    0	    0	10445	  642
  4829 1.237605E-03 5.606208E-04 2.192028E-05   1	   29	    0	    0	 8652
  4830 1.036781E-03 9.867714E-05 2.467284E-04   1	 2451	    0	    0	 7864
  4831 1.197281E-03 1.566337E-04 2.563200E-04   1	 2860	    0	    0	 8453
  4832 8.714906E-05 1.549258E-04 2.243889E-05   0	    0	    0
  4833 1.324992E-04 9.707820E-04 2.561009E-04   2	  923	 5930	    0	    0	 1164	 1217
  4834 3.983954E-04 1.235519E-03 1.490724E-03   2	    1	 4907	    0	    0	 2989	 3038
  4835 3.151796E-05 7.768508E-04 2.523230E-04   0	    0	    0
  4836 3.550624E-05 8.768397E-04 2.334894E-04   0	    0	    0
  4837 1.102061E-03 2.649408E-04 2.332841E-04   1	  459	    0	    0	 7979
  4838 7.688009E-04 3.214327E-04 1.496640E-03   0	    0	    0
  4839 1.795185E-04 9.402014E-04 2.353616E-04   5	  110	 3057	 5870	 5954	 5962	    0	    0	 1753	 1641	10448	 1671	10066
  4840 1.116638E-03 6.142080E-05 2.313607E-04   0	    0	    0
  4841 7.008192E-04 5.481599E-04 2.294318E-04   2	  195	  795	    0	    0	 9509	 4421
  4842 2.060426E-04 8.958393E-04 2.313603E-04   0	    0	    0
  4843 2.196291E-04 1.162560E-03 2.408029E-04   4	  842	 1056	 1797	 4107	    0	    0	 2272	 1982	10453	 2145
  4844 6.218845E-05 1.043161E-03 2.408025E-04   1	 5916	    0	    0	  556
  4845 1.143360E-03 5.103490E-05 2.428833E-04   3	 2099	 2586	 4088	    0	    0	 8171	 9148	 8146
  4846 2.252427E-04 1.185434E-03 2.369091E-04   3	  842	 1797	 4880	    0	    0	 2287	 2082	10466
  4847 1.219181E-03 2.004263E-04 2.399808E-04   3	  349	 2860	 3238	    0	    0	 8541	 9241	10465
  4848 1.143584E-03 2.707008E-04 2.380992E-04   1	  459	    0	    0	 8156
  4849 1.052767E-03 1.238436E-04 2.388856E-04   5	  286	 3052	 3126	 5673	 5874	    0	    0	 7872	10470	10457	 7804	 7855
  4850 1.135510E-03 1.802131E-05 2.399808E-04   1	 5505	    0	    0	10452
  4851 4.476260E-05 1.180836E-04 2.774386E-04   0	    0	    0
  4852 1.101321E-03 1.008000E-04 2.776552E-04   1	 4537	    0	    0	 9178
  4853 9.091179E-04 5.635153E-04 1.531557E-03   1	 3624	    0	    0	 6971
  4854 5.566080E-05 4.212804E-04 2.772717E-04   1	 2599	    0	    0	  528
  4855 1.259501E-03 6.080471E-04 2.736019E-04   0	    0	    0
  4856 1.305792E-04 4.596398E-04 2.733863E-04   0	    0	    0
  4857 1.222087E-03 2.735930E-04 2.849520E-04   1	 1047	    0	    0	 9280
  4858 1.065639E-04 1.247790E-05 2.870397E-04   0	    0	    0
  4859 1.601612E-04 1.191353E-03 2.860608E-04   2	   85	 1365	    0	    0	10489	 1538
  4860 1.908291E-04 8.171147E-04 2.851200E-04   1	 4120	    0	    0	 1726
  4861 5.066906E-05 6.401549E-04 1.487033E-03   0	    0	    0
  4862 1.219997E-03 1.682109E-04 2.814436E-04   4	  122	  814	 3238	 5929	    0	    0	 9245	 8484	 9242	 9234
  4863 4.606080E-05 8.336262E-05 2.811185E-04   1	 4865	    0	    0	  434
  4864 6.921650E-04 9.598080E-05 2.852720E-04   2	  359	  567	    0	    0	 4293	 4547
  4865 2.037094E-05 8.160000E-05 2.852784E-04   1	 4863	    0	    0	  434
  4866 4.790966E-06 1.078289E-03 2.619205E-04   4	   -1	  272	  439	 5975	    1	    0	   52	10257	10271	  275
  4867 7.787763E-04 5.875771E-05 2.643583E-04   0	    0	    0
  4868 1.233435E-03 6.558421E-06 2.649408E-04   1	 5959	    0	    0	 8646
  4869 4.761408E-04 8.159808E-04 2.620749E-04   2	  311	 2442	    0	    0	 9851	 3189
  4870 2.284608E-04 9.686394E-04 2.638444E-04   2	  110	 5949	    0	    0	 2083	 2297
  4871 1.171219E-03 1.276268E-03 2.638387E-04   1	 5972	    0	    0	 8325
  4872 1.831491E-04 8.246373E-04 2.641593E-04   2	 3978	 4120	    0	    0	 1784	 1699
  4873 1.720531E-04 6.883189E-04 2.649408E-04   3	 3170	 3822	 5546	    0	    0	 1807	 1562	 9667
  4874 1.263965E-03 5.865581E-04 2.649408E-04   0	    0	    0
  4875 1.235729E-03 1.497408E-04 2.600014E-04   0	    0	    0
  4876 8.476771E-04 1.009650E-04 2.707008E-04   1	  374	    0	    0	 6286
  4877 1.137601E-03 8.927761E-05 2.697538E-04   3	 2322	 5933	 5936	    0	    0	 9169	 8060	10467
  4878 2.304192E-04 1.048339E-03 2.680534E-04   4	  110	  140	 3371	 5919	    0	    0	 2182	 2325	 2288	 2259
  4879 1.176208E-03 1.027242E-04 2.716883E-04   1	 4215	    0	    0	 9168
  4880 2.120009E-04 1.176941E-03 2.668608E-04   3	 4846	 5952	 5957	    0	    0	10466	 2097	 1938
  4881 1.217113E-04 8.727994E-04 2.657026E-04   0	    0	    0
  4882 3.774913E-04 6.720192E-04 2.659104E-04   1	 4886	    0	    0	 2947
  4883 3.150937E-05 7.864065E-04 2.680509E-04   0	    0	    0
  4884 2.960833E-05 8.467008E-04 2.707392E-04   1	 6055	    0	    0	  389
  4885 2.334384E-04 7.296192E-04 2.674883E-04   2	 2601	 3930	    0	    0	 2258	 2234
  4886 3.870870E-04 6.835392E-04 2.676772E-04   1	 4882	    0	    0	 2947
  4887 6.836734E-05 5.212775E-04 2.678268E-04   0	    0	    0
  4888 1.172000E-03 3.494208E-04 1.506244E-03   2	    8	 5951	    0	    0	 8281	 8306
  4889 1.755154E-04 8.534289E-04 1.850691E-04   1	 2645	    0	    0	 9876
  4890 2.816374E-04 1.135680E-03 1.831974E-04   0	    0	    0
  4891 2.046944E-04 1.043529E-03 1.872007E-04   1	  110	    0	    0	 1885
  4892 1.014931E-03 2.213957E-04 1.506596E-03   1	 1803	    0	    0	 7729
  4893 1.251821E-03 1.660830E-04 1.843008E-04   0	    0	    0
  4894 1.237439E-03 7.966447E-05 1.833556E-04   1	 4178	    0	    0	10422
  4895 3.324123E-05 8.286864E-04 1.931188E-04   2	 2545	 4050	    0	    0	  337	10434
  4896 4.964565E-05 2.131008E-04 1.996608E-04   1	  325	    0	    0	  500
  4897 8.091239E-04 8.839976E-04 2.378671E-05   2	 1517	 3023	    0	    0	 5911	 5792
  4898 1.136621E-03 4.319308E-05 1.908308E-04   5	 1675	 4293	 4947	 5892	 5901	    0	    0	 8237	 8125	 8182	 8254	 8253
  4899 1.737661E-04 6.883318E-04 1.891291E-04   2	 1987	 3822	    0	    0	 1508	 1698
  4900 3.830396E-04 1.028778E-04 1.927491E-04   2	 2130	 5623	    0	    0	 2941	 2933
  4901 1.254716E-03 1.255577E-04 1.714826E-04   0	    0	    0
  4902 1.097288E-03 6.718080E-05 1.719941E-04   7	 1304	 1550	 1956	 2877	 3019	 3690	 6063	    0	    0	 7977	 8018	 8026	 7911	 7978	10408	 8003
  4903 2.380992E-04 4.396608E-04 1.740226E-04   1	   57	    0	    0	 2389
  4904 1.181919E-03 7.370759E-05 1.737586E-04   5	 1826	 2846	 4313	 4906	 5892	    0	    0	10430	 8425	 9149	 8426	 9165
  4905 9.519223E-05 8.476794E-04 1.678449E-04   1	 5993	    0	    0	  839
  4906 1.204447E-03 7.391512E-05 1.678353E-04   3	  358	 2846	 4904	    0	    0	 8528	 8527	 8426
  4907 3.985671E-04 1.229924E-03 1.507949E-03   3	    1	 4834	 6032	    0	    0	 2962	 3038	 3044
  4908 1.006061E-03 1.236786E-04 1.507803E-03   0	    0	    0
  4909 6.881257E-06 3.139219E-04 1.774322E-04   2	   -1	 4356	    1	    0	   32	  271
  4910 8.532782E-04 2.985654E-04 1.793571E-04   0	    0	    0
  4911 3.216029E-04 2.051957E-05 1.760339E-04   0	    0	    0
  4912 1.292483E-04 5.663340E-05 1.778085E-04   3	 1902	 2733	 3329	    0	    0	 1158	 9154	 1160
  4913 1.262554E-03 2.496192E-04 1.772341E-04   1	   77	    0	    0	10419
  4914 7.238592E-04 1.083906E-03 1.785408E-04   2	    2	 4253	    0	    0	 4546	 4646
  4915 5.211179E-04 3.596435E-04 1.508318E-03   2	  111	 2947	    0	    0	11099	 3306
  4916 2.369658E-04 8.033091E-04 2.179294E-04   0	    0	    0
  4917 9.333888E-05 7.267283E-04 2.177644E-04   0	    0	    0
  4918 3.915475E-05 9.571271E-04 2.194698E-04   0	    0	    0
  4919 8.678208E-04 4.099176E-04 2.196722E-04   1	 2596	    0	    0	 6522
  4920 1.893251E-04 7.228813E-04 2.139143E-04   3	 1987	 5885	 5886	    0	    0	10439	 1723	10441
  4921 3.648192E-04 3.955008E-04 1.502400E-03   4	  111	 1650	 3524	 4779	    0	    0	 2931	 9375	11100	 2861
  4922 1.824604E-05 1.153109E-03 2.112192E-04   1	  222	    0	    0	  313
  4923 5.182080E-05 4.576089E-06 1.500314E-03   0	    0	    0
  4924 3.167963E-05 7.584023E-05 2.162127E-04   2	   -1	 3367	    1	    0	   41	10451
  4925 1.239201E-03 7.760182E-05 2.275200E-04   3	 2522	 5642	 5867	    0	    0	 8645	 9150	10447
  4926 1.272430E-04 1.195202E-03 2.303808E-04   4	 1969	 2224	 2862	 4042	    0	    0	 1083	  929	  928	  906
  4927 6.193614E-04 7.776138E-05 1.498771E-03   1	 2360	    0	    0	 3740
  4928 2.031452E-05 8.190909E-04 2.271626E-04   0	    0	    0
  4929 1.620215E-04 1.158732E-03 2.215993E-04   3	  345	 2167	 2461	    0	    0	 1332	 1511	10456
  4930 6.831619E-05 1.011036E-03 2.217643E-04   2	  807	 5961	    0	    0	  633	  574
  4931 1.449586E-04 5.011008E-04 1.498356E-03   0	    0	    0
  4932 7.437830E-04 9.675453E-05 2.227392E-04   2	  776	 4935	    0	    0	 4931	10446
  4933 3.705408E-04 2.302080E-05 2.025562E-04   0	    0	    0
  4934 3.375981E-05 9.580800E-06 2.025558E-04   4	 1215	 2569	 4217	 5882	    0	    0	  401	  588	10425	  370
  4935 7.439939E-04 1.036992E-04 2.073408E-04   1	 4932	    0	    0	10446
  4936 6.730054E-06 2.302080E-05 2.067641E-04   3	   -1	 1215	 2544	    1	    0	   38	  289	  241
  4937 5.280201E-04 4.779731E-04 1.499548E-03   0	    0	    0
  4938 5.855439E-05 2.793486E-04 2.044800E-04   1	 5903	    0	    0	  590
  4939 1.276747E-03 1.641532E-04 2.041197E-04   1	    0	    0	    1	 8959
  4940 4.128872E-05 9.916909E-04 1.965891E-04   2	  604	  807	    0	    0	  488	  538
  4941 6.526080E-05 4.512530E-05 2.131008E-04   3	 4217	 5899	 5956	    0	    0	  620	10432	  591
  4942 7.315008E-04 1.006099E-03 1.500261E-03   1	  582	    0	    0	 5046
  4943 4.038038E-04 4.558325E-04 1.500321E-03   0	    0	    0
  4944 1.272209E-03 1.852856E-04 2.121603E-04   3	    0	 3913	 5496	    0	    1	 8963	 8818	 8855
  4945 9.542592E-04 1.190208E-04 2.131008E-04   3	  257	  281	  315	    0	    0	 7405	 9187	 7404
  4946 1.286208E-04 8.697408E-04 2.063957E-04   4	 1814	 2278	 4082	 4277	    0	    0	 1189	 1081	 1308	 1122
  4947 1.152019E-03 5.856708E-05 2.086701E-04   2	 3793	 4898	    0	    0	 8183	 8182
  4948 1.037760E-03 2.546102E-04 2.066243E-04   1	  459	    0	    0	 9279
  4949 1.064640E-03 2.336367E-04 2.103998E-04   0	    0	    0
  4950 1.266029E-03 6.516827E-04 2.092608E-04   2	    0	   83	    0	    1	 8968	 8854
  4951 8.889408E-04 1.104019E-03 1.376930E-03   4	  347	  652	 2111	 6392	    0	    0	 6947	 6747	 6713	10292
  4952 8.324839E-04 1.012794E-03 1.378579E-03   2	  580	 1889	    0	    0	 6251	 6105
  4953 2.332817E-04 5.575974E-04 1.070397E-03   2	  735	 6248	    0	    0	 2179	 2257
  4954 8.323185E-04 6.316608E-04 1.068682E-03   7	   76	  326	  471	 1426	 2100	 3815	 5000	    0	    0	 6015	 9581	 6236	 6180	 9588	 6208	 6299
  4955 1.099045E-03 5.729145E-04 1.064793E-03   3	  677	 3010	 3810	    0	    0	 7980	 7971	10826
  4956 8.075222E-04 9.957334E-04 1.062722E-03   1	 4960	    0	    0	 5834
  4957 6.765931E-04 9.148691E-04 1.062727E-03   3	  494	  729	 5058	    0	    0	10860	10851	 4091
  4958 1.093231E-03 7.501128E-04 1.062354E-03   1	 4974	    0	    0	 8006
  4959 7.439920E-04 9.734208E-04 1.064638E-03   2	  172	 4967	    0	    0	 4850	10123
  4960 7.940776E-04 1.010882E-03 1.064424E-03   5	 3896	 4956	 4978	 5557	 6276	    0	    0	 5575	 5834	 5501	 5801	10154
  4961 8.707210E-04 9.312192E-04 1.063699E-03   5	  206	  219	  548	 4004	 6228	    0	    0	 6628	 6733	 6631	 6654	10016
  4962 6.750909E-04 4.896561E-05 1.077723E-03   0	    0	    0
  4963 6.329974E-04 1.247194E-05 1.079789E-03   0	    0	    0
  4964 9.304526E-04 4.037980E-04 1.380461E-03   2	  514	  969	    0	    0	 7174	 7150
  4965 6.835392E-04 8.781840E-04 1.379529E-03   3	  134	 1020	 5146	    0	    0	 4312	 4416	 4290
  4966 7.538143E-04 5.193603E-04 1.072112E-03   3	 1092	 1447	 1777	    0	    0	 5113	10842	 9464
  4967 7.372608E-04 9.609555E-04 1.070401E-03   4	 1536	 4959	 4970	 6240	    0	    0	10861	10123	 4958	 5114
  4968 1.583906E-04 1.833614E-04 1.074029E-03   0	    0	    0
  4969 1.262757E-03 1.010874E-03 1.051360E-03   0	    0	    0
  4970 7.315008E-04 9.551940E-04 1.053115E-03   5	 4967	 4971	 6252	 6254	 6269	    0	    0	 4958	 4773	 5237	 5111	 5239
  4971 7.180608E-04 9.561408E-04 1.049272E-03   3	 2842	 4106	 4970	    0	    0	 4619	 4712	 4773
  4972 7.545792E-04 1.011859E-03 1.048301E-03   3	  108	  501	 2383	    0	    0	10828	 4954	10841
  4973 7.073583E-04 7.411392E-04 1.051405E-03   3	 1166	 2973	 3391	    0	    0	 4655	 4622	 4502
  4974 1.095155E-03 7.289935E-04 1.051193E-03   3	 1149	 2933	 4958	    0	    0	 7962	 7930	 8006
  4975 7.443563E-04 7.054305E-04 1.050839E-03   3	   88	  473	  536	    0	    0	 5274	 4982	10819
  4976 7.622208E-04 9.187162E-04 1.058876E-03   2	 4074	 6227	    0	    0	 5553	 5190
  4977 8.544020E-05 2.563127E-04 1.062720E-03   0	    0	    0
  4978 7.731529E-04 9.935987E-04 1.060639E-03   2	 2137	 4960	    0	    0	 5459	 5501
  4979 9.071913E-04 6.710439E-04 1.061006E-03   3	  427	  471	 1098	    0	    0	10832	 9645	 6960
  4980 1.158359E-03 5.347133E-04 1.057901E-03   3	  677	 6190	 6246	    0	    0	 8198	 8217	 8228
  4981 8.457600E-04 9.110390E-04 1.055397E-03   4	 2416	 4097	 5055	 6233	    0	    0	 6297	 6115	 6406	 6090
  4982 6.777408E-04 7.806415E-04 1.055044E-03   3	  221	  742	 1009	    0	    0	 4107	 4089	10830
  4983 6.270788E-04 4.798080E-05 1.058896E-03   0	    0	    0
  4984 1.274692E-04 2.061891E-04 1.059821E-03   1	 3233	    0	    0	 1057
  4985 7.784036E-04 1.050995E-03 1.057901E-03   2	  313	 6236	    0	    0	 5417	10240
  4986 8.899124E-04 7.036727E-04 1.105901E-03   2	  458	 1874	    0	    0	10876	 6871
  4987 1.472286E-04 7.001975E-04 1.105113E-03   1	 1999	    0	    0	 1326
  4988 8.052746E-04 5.462395E-04 1.105116E-03   1	   44	    0	    0	 5707
  4989 6.903936E-04 4.275574E-04 1.376621E-03   0	    0	    0
  4990 7.123008E-04 7.188865E-04 1.101276E-03   1	  258	    0	    0	 9720
  4991 1.574208E-04 3.792060E-04 2.447573E-06   0	    0	    0
  4992 1.265261E-03 1.000301E-03 1.098841E-03   2	 2822	 5004	    0	    0	 8785	 8797
  4993 7.653267E-04 8.882153E-04 1.087680E-03   5	  526	  729	 1479	 2826	 4093	    0	    0	 9940	 5191	10867	 5460	10854
  4994 7.749231E-04 1.055031E-03 1.086111E-03   1	 3867	    0	    0	 5462
  4995 7.334592E-04 8.870208E-04 1.377442E-03   4	 1020	 1108	 1312	 3565	    0	    0	 4721	 4741	 4814	 4813
  4996 7.670439E-04 5.652205E-04 1.089751E-03   1	   44	    0	    0	 5275
  4997 5.938910E-04 5.445382E-04 1.089756E-03   3	  324	 2126	 5635	    0	    0	 3612	 3553	 9515
  4998 6.832646E-05 3.213914E-04 1.082082E-03   1	 1914	    0	    0	  616
  4999 1.226073E-03 7.007808E-04 1.080000E-03   2	 2080	 2295	    0	    0	 8584	 8606
  5000 8.476747E-04 6.612273E-04 1.083838E-03   1	 4954	    0	    0	 6299
  5001 4.492608E-04 4.512662E-05 1.092461E-03   1	 1273	    0	    0	 3167
  5002 1.795228E-04 1.645148E-04 1.083489E-03   0	    0	    0
  5003 1.258925E-03 8.321625E-04 1.082131E-03   0	    0	    0
  5004 1.258186E-03 1.033926E-03 1.094419E-03   2	 3873	 4992	    0	    0	 8711	 8797
  5005 8.448192E-04 1.020629E-03 1.095365E-03   2	 5006	 5579	    0	    0	 6209	 6210
  5006 8.275008E-04 1.007031E-03 1.095196E-03   2	 5005	 6106	    0	    0	 6209	 6093
  5007 1.258764E-03 5.078446E-04 2.790851E-06   3	   29	 2793	 5768	    0	    0	 8851	 9463	 8737
  5008 7.245864E-04 1.052141E-03 1.097282E-03   8	  165	  371	  990	 2383	 4108	 6094	 6116	 6118	    0	    0	 4529	10259	 4829	 4893	 4624	 4912	10869	 4911
  5009 7.476396E-04 9.976474E-04 1.093286E-03   1	 2383	    0	    0	 4983
  5010 8.031619E-04 9.396826E-04 1.093231E-03   3	  263	  548	 2350	    0	    0	 5804	10056	10857
  5011 1.737600E-04 5.109101E-05 1.003362E-03   0	    0	    0
  5012 8.033583E-04 8.582208E-04 1.001286E-03   3	 4049	 4135	 5018	    0	    0	 5829	 5850	 5849
  5013 1.237434E-03 7.649558E-04 1.390099E-03   2	 2327	 6371	    0	    0	 8678	 8697
  5014 5.076706E-04 8.576491E-04 1.004141E-03   0	    0	    0
  5015 8.630340E-04 5.087808E-04 1.390099E-03   2	 2884	 3331	    0	    0	 6435	 6536
  5016 1.113581E-03 5.692791E-04 1.003196E-03   3	 3388	 3985	 6190	    0	    0	 8022	 8029	 8138
  5017 2.582398E-04 4.464000E-04 1.002840E-03   1	 2318	    0	    0	 2431
  5018 8.033608E-04 8.804801E-04 9.975986E-04   4	  101	 4076	 4135	 5012	    0	    0	10769	 5700	10795	 5849
  5019 4.658162E-04 1.091586E-05 9.993573E-04   3	  116	 2558	 3957	    0	    0	 3178	 3207	 3199
  5020 8.805296E-04 7.727998E-04 9.972250E-04   3	  124	  658	 3826	    0	    0	 6675	 6767	 6698
  5021 7.572281E-04 8.803206E-04 9.995123E-04   2	 4076	 6222	    0	    0	 9985	 9920
  5022 6.674135E-04 8.115530E-04 9.993561E-04   6	   63	  742	 1009	 3081	 5233	 6216	    0	    0	 3873	 3872	 9814	10776	10773	 4188
  5023 8.457628E-04 4.121964E-04 1.391251E-03   1	 1033	    0	    0	 6281
  5024 6.115151E-04 5.520004E-04 9.991528E-04   3	   48	  208	 1642	    0	    0	 3742	 3624	 3670
  5025 6.748774E-04 8.883631E-04 1.008958E-03   4	  155	  221	 3218	 6265	    0	    0	 4159	 9959	 4218	 9960
  5026 7.824090E-04 8.536475E-04 1.008958E-03   2	 5598	 6219	    0	    0	 9929	 5479
  5027 6.999937E-04 8.304000E-04 1.008749E-03   3	  910	 2894	 2983	    0	    0	 4501	 4381	 9852
  5028 5.326403E-04 9.899798E-04 1.009324E-03   1	 6217	    0	    0	 3365
  5029 8.563008E-04 8.824025E-04 1.010664E-03  10	  101	  206	  207	 3874	 3928	 3948	 4135	 5050	 5076	 6278	    0	    0	 6471	 9989	 6626	 6340	10009	 6295	 6260	10807	 9915	 6567
  5030 8.493891E-04 8.607626E-04 1.010883E-03   1	 6187	    0	    0	 9892
  5031 6.441560E-04 5.577604E-04 1.004959E-03   3	  308	 1490	 3959	    0	    0	 3890	 3953	 3871
  5032 2.697635E-04 2.541891E-04 1.005120E-03   0	    0	    0
  5033 1.247040E-03 6.541206E-04 1.007981E-03   0	    0	    0
  5034 1.210561E-03 8.762640E-04 1.007040E-03   2	 1584	 6171	    0	    0	 8480	 9958
  5035 8.359491E-04 7.071626E-04 1.006886E-03   4	  658	  881	 1107	 5068	    0	    0	 6341	 6233	 6174	 6259
  5036 2.100757E-04 4.896004E-05 9.897633E-04   0	    0	    0
  5037 7.756992E-04 7.708816E-04 9.879963E-04   3	  587	 5380	 5381	    0	    0	 5548	 5674	 5352
  5038 7.199808E-04 7.211260E-04 9.887808E-04   3	  536	 1166	 5374	    0	    0	 4480	 4708	10767
  5039 2.849628E-04 3.417408E-04 9.918402E-04   5	  434	 1325	 2920	 5627	 6212	    0	    0	 2616	 2625	 9359	10789	 2617
  5040 6.789259E-04 2.044900E-04 9.920406E-04   0	    0	    0
  5041 7.775808E-04 8.229406E-04 9.896023E-04   6	 2917	 2936	 3835	 4261	 5375	 6219	    0	    0	 9836	10771	 5411	 5478	 9896	 5455
  5042 7.392192E-04 1.088176E-03 1.395859E-03   3	  160	  288	 3211	    0	    0	 5045	 5044	 5021
  5043 1.039680E-03 9.283200E-04 9.838406E-04   1	 6215	    0	    0	10008
  5044 1.150080E-05 6.460767E-04 9.956716E-04   1	   -1	    1	    0	  145
  5045 6.422335E-04 1.490139E-04 9.970785E-04   2	 1255	 1474	    0	    0	 3795	 3870
  5046 1.171181E-03 8.620608E-04 9.956800E-04   1	 1584	    0	    0	 8362
  5047 1.766208E-04 4.435008E-04 1.390375E-03   1	 3781	    0	    0	 1506
  5048 7.478389E-04 7.939228E-04 9.935985E-04   4	 2983	 3912	 4000	 6199	    0	    0	 4889	 4887	 5078	 9813
  5049 1.264320E-03 6.366409E-04 9.935924E-04   2	    0	 6663	    0	    1	 9053	10768
  5050 8.576433E-04 8.782368E-04 1.037595E-03   2	 5029	 6278	    0	    0	10807	 6529
  5051 7.975456E-04 7.708856E-04 1.035679E-03   3	  255	  587	  718	    0	    0	 5677	10803	 5877
  5052 9.680607E-05 2.150208E-04 1.039473E-03   1	 1644	    0	    0	 9251
  5053 7.706665E-04 9.780791E-04 1.037401E-03   1	  501	    0	    0	10800
  5054 7.672012E-04 7.418760E-04 1.031792E-03   5	  255	  473	 1303	 2114	 6193	    0	    0	 5385	 9755	 5271	 5384	 5437
  5055 8.436832E-04 9.244800E-04 1.047723E-03   2	  206	 4981	    0	    0	10817	 6406
  5056 1.246683E-03 9.841595E-04 1.045083E-03   1	 3945	    0	    0	10143
  5057 6.883165E-04 6.132291E-04 1.045650E-03   4	 1774	 1788	 3990	 6231	    0	    0	 4430	 4221	 9606	 4298
  5058 6.668463E-04 9.112509E-04 1.039668E-03   6	  105	  221	 3991	 4324	 4957	 6265	    0	    0	 3973	 3972	 4162	 4106	 4091	10813
  5059 8.371392E-04 8.265666E-04 1.039514E-03   4	  255	  830	 1982	 6245	    0	    0	 6089	 6324	 6206	 6390
  5060 7.956350E-04 7.186847E-04 1.043523E-03   6	   88	  255	  473	  718	 2114	 3002	    0	    0	 5704	 5572	 5573	 9742	 5599	 9722
  5061 6.558381E-04 7.134381E-04 1.043309E-03   3	  252	 4031	 6256	    0	    0	 4069	 3971	 3891
  5062 1.276720E-03 6.117257E-04 1.043147E-03   1	    0	    0	    1	 9056
  5063 7.940816E-04 8.436829E-04 1.041769E-03   4	  526	  587	  830	 1982	    0	    0	 5632	 5600	 5680	 5832
  5064 1.251236E-03 6.171218E-04 1.016642E-03   0	    0	    0
  5065 7.094416E-04 3.598371E-04 1.389119E-03   0	    0	    0
  5066 8.820753E-04 6.145920E-05 1.019807E-03   0	    0	    0
  5067 1.192922E-03 7.916380E-04 1.018560E-03   1	 2618	    0	    0	 8465
  5068 8.448192E-04 7.027392E-04 1.018928E-03   3	   88	  658	 5035	    0	    0	 6205	 6404	 6259
  5069 1.996608E-04 4.684608E-04 1.014510E-03   1	 3989	    0	    0	 1879
  5070 7.576509E-04 3.332746E-04 1.014363E-03   0	    0	    0
  5071 4.838592E-04 1.682171E-04 1.013779E-03   6	  144	  943	 1906	 2420	 3796	 3981	    0	    0	 9224	 3262	 3206	 9226	 3228	 3255
  5072 6.265229E-04 7.364841E-04 1.012791E-03   3	   90	  252	 6256	    0	    0	 3704	 3797	 3816
  5073 1.216326E-03 3.659709E-04 1.389115E-03   2	  896	 1512	    0	    0	 8608	 8546
  5074 8.246415E-04 9.004608E-04 1.014719E-03   1	 4135	    0	    0	 9982
  5075 6.903983E-04 9.323180E-04 1.028319E-03   2	  328	 3991	    0	    0	 4406	10814
  5076 8.686436E-04 8.436291E-04 1.024109E-03   4	  101	  285	 1330	 5029	    0	    0	 6544	 6627	10821	 9915
  5077 2.937408E-04 2.521219E-04 1.025261E-03   0	    0	    0
  5078 2.407439E-04 5.671540E-04 1.022406E-03   4	  532	  785	  913	 3992	    0	    0	 9528	 9531	 2340	 2267
  5079 2.937408E-04 4.166592E-04 1.021459E-03   1	 1844	    0	    0	 2674
  5080 1.191716E-03 9.225616E-04 1.024320E-03   3	 2095	 2404	 4143	    0	    0	 8383	 8402	 8449
  5081 1.269931E-03 5.522245E-04 1.533404E-03   0	    0	    0
  5082 1.248960E-03 1.167379E-03 1.202712E-03   6	    0	  280	 3022	 5083	 5165	 5645	    0	    1	 9079	 8724	 8744	 8754	 8798	 8667
  5083 1.262612E-03 1.137389E-03 1.196967E-03   4	    0	 5082	 6336	 6401	    0	    1	 9080	 8754	 8712	 8734
  5084 1.137597E-03 9.169631E-04 1.197281E-03   0	    0	    0
  5085 8.150323E-04 9.052818E-04 1.196960E-03   5	  507	  787	 2760	 3657	 3717	    0	    0	 5859	 5908	 9991	 5860	 9992
  5086 9.532855E-04 8.340705E-04 1.199039E-03   3	  674	 1763	 3715	    0	    0	 9874	 7424	 7440
  5087 8.831808E-04 1.041602E-03 1.210410E-03   1	  309	    0	    0	 6661
  5088 6.691250E-04 2.572992E-04 1.358400E-03   0	    0	    0
  5089 7.609218E-04 6.710399E-04 1.204591E-03   2	  437	 3723	    0	    0	10934	 5170
  5090 7.076754E-04 1.054061E-03 1.205779E-03   6	  118	  448	 1202	 3248	 3762	 5105	    0	    0	 4562	 4447	10939	 4603	 4662	 4509
  5091 6.585408E-04 8.668801E-04 1.207661E-03   3	  389	  390	  465	    0	    0	 4043	 3957	 4073
  5092 7.478491E-04 8.256192E-04 1.206938E-03   4	  389	  507	 2027	 6345	    0	    0	 9849	 5087	 5121	 5171
  5093 6.020821E-04 6.038422E-04 1.185602E-03   4	   44	   82	  324	 2050	    0	    0	 3586	10918	 3633	 3625
  5094 7.459201E-04 5.266771E-04 1.185962E-03   1	   44	    0	    0	 5242
  5095 7.977646E-04 1.028157E-03 1.183680E-03   3	   41	 2527	 6135	    0	    0	 5883	10208	 5808
  5096 6.576040E-04 8.167552E-04 1.183516E-03   3	 1768	 6359	 6369	    0	    0	 3876	 4023	 3877
  5097 8.359432E-04 9.323689E-04 1.181606E-03   3	  787	 2838	 3657	    0	    0	 6070	 6305	 6000
  5098 1.197331E-03 1.141439E-03 1.189597E-03   4	  280	 5645	 6336	 6337	    0	    0	10315	 8491	10307	 8375
  5099 9.571233E-04 9.340692E-04 1.189237E-03   2	   41	  511	    0	    0	 7439	10030
  5100 8.958952E-04 7.612842E-04 1.191357E-03   3	  223	  242	  331	    0	    0	 6789	 9792	 6903
  5101 7.169574E-04 9.031458E-04 1.233953E-03   3	  465	  708	 5124	    0	    0	 4604	 4897	 4692
  5102 7.572340E-04 6.324792E-04 1.235307E-03   2	  775	 3190	    0	    0	 4917	10955
  5103 4.212181E-04 2.590652E-06 1.231845E-03   0	    0	    0
  5104 7.727968E-04 1.116647E-03 1.229607E-03   0	    0	    0
  5105 7.169594E-04 1.036058E-03 1.228819E-03   6	  224	  369	  448	 1202	 3404	 5090	    0	    0	10953	10190	 4510	 4693	 4449	 4509
  5106 8.551378E-04 9.396403E-04 1.240339E-03   3	  318	  787	 3923	    0	    0	 6572	 6306	10074
  5107 7.603008E-04 5.979182E-04 1.243558E-03   2	 3190	 6298	    0	    0	 9559	 5125
  5108 7.497703E-04 5.216399E-04 1.243555E-03   3	  603	 1216	 2091	    0	    0	 5244	 4940	 4968
  5109 1.151198E-03 5.176469E-04 1.244141E-03   2	 3376	 6415	    0	    0	 8230	 8218
  5110 1.276748E-03 1.024528E-03 1.241273E-03   2	    0	 3531	    0	    1	 9083	10187
  5111 6.615942E-04 9.465408E-04 1.237226E-03   2	 1007	 1988	    0	    0	10096	 3989
  5112 9.415501E-04 2.159961E-04 1.237440E-03   1	 5626	    0	    0	10960
  5113 3.926468E-04 1.184621E-03 1.533415E-03   2	    1	 3664	    0	    0	10326	 3017
  5114 1.186836E-03 8.592000E-04 1.351735E-03   4	  460	 4465	 5562	 6098	    0	    0	 8332	 8421	 8422	 8341
  5115 6.405316E-04 8.492415E-04 1.217299E-03   4	 1514	 3527	 6369	 6400	    0	    0	 3834	 3862	 3801	 3803
  5116 1.266406E-03 6.777408E-04 1.533407E-03   1	 1456	    0	    0	11101
  5117 1.178131E-03 9.145245E-04 1.356270E-03   0	    0	    0
  5118 1.083670E-03 1.129917E-03 1.214189E-03   0	    0	    0
  5119 1.239718E-03 1.049120E-03 1.355501E-03   2	  746	  753	    0	    0	 8695	 8659
  5120 1.260637E-03 1.168323E-03 1.224151E-03   3	  280	 1280	 6401	    0	    0	 8755	 8773	 8826
  5121 9.358364E-04 7.981174E-04 1.223021E-03   5	  242	  786	 1018	 1374	 1961	    0	    0	 9817	 7255	 7236	 9834	10935
  5122 9.956849E-04 7.230460E-04 1.221139E-03   2	  336	 2773	    0	    0	 7636	 7654
  5123 1.116845E-03 1.257679E-04 1.356483E-03   1	 2232	    0	    0	 8041
  5124 7.209632E-04 9.168064E-04 1.223646E-03   2	 1879	 5101	    0	    0	 4854	 4692
  5125 7.823906E-04 6.842725E-04 1.224005E-03   3	  223	 1163	 2651	    0	    0	 9693	 5560	 5685
  5126 7.553091E-04 7.188773E-04 1.139518E-03   2	  258	 5140	    0	    0	 9723	 5357
  5127 3.080004E-04 8.751817E-05 1.139516E-03   0	    0	    0
  5128 9.035653E-04 9.916664E-04 1.132066E-03   3	   41	  219	  236	    0	    0	10146	10882	 7084
  5129 6.105408E-04 1.145280E-03 1.130281E-03   0	    0	    0
  5130 6.086208E-04 2.575922E-05 1.135689E-03   0	    0	    0
  5131 7.668291E-04 8.436809E-04 1.369924E-03   3	 1108	 1312	 6099	    0	    0	 5253	 5427	 5448
  5132 1.721994E-04 6.673655E-04 1.134701E-03   1	 5158	    0	    0	 1535
  5133 7.727933E-04 6.355008E-04 1.145279E-03   3	 1900	 2738	 3104	    0	    0	 5485	 5278	 5331
  5134 2.733879E-04 9.504040E-05 2.794124E-06   0	    0	    0
  5135 8.590417E-04 6.921534E-04 1.143360E-03   1	  458	    0	    0	 6594
  5136 4.503947E-04 1.351487E-04 1.147412E-03   0	    0	    0
  5137 8.092840E-04 1.020483E-03 1.141442E-03   1	 2248	    0	    0	 5856
  5138 9.089091E-04 5.481606E-04 1.143571E-03   1	  750	    0	    0	 6901
  5139 8.774208E-04 8.401556E-04 1.122405E-03   0	    0	    0
  5140 7.651214E-04 7.228852E-04 1.123181E-03   5	   88	  246	  258	 3891	 5126	    0	    0	 5390	 5083	 5082	 5303	 5357
  5141 8.380800E-04 1.035842E-03 1.123797E-03   2	   41	 6085	    0	    0	10206	10874
  5142 1.179675E-03 6.249666E-04 1.370899E-03   1	 1554	    0	    0	 8303
  5143 1.102390E-04 3.216063E-04 1.125101E-03   0	    0	    0
  5144 6.172800E-04 6.846909E-04 1.120320E-03   1	  401	    0	    0	 3662
  5145 6.153546E-04 7.622208E-04 1.118404E-03   4	  246	  290	  710	 1212	    0	    0	 3818	10885	10877	 9769
  5146 6.841249E-04 8.572800E-04 1.372202E-03   2	 2515	 4965	    0	    0	 9899	 4290
  5147 8.764797E-04 1.032979E-03 1.120683E-03   6	  108	  198	  219	 1471	 1511	 1908	    0	    0	 6503	 6548	 6593	10199	 6682	 6614
  5148 8.708818E-04 6.689529E-04 1.130128E-03   2	  566	  664	    0	    0	 6681	 6549
  5149 8.129171E-04 6.693254E-04 1.129926E-03   4	   88	  664	  998	 2684	    0	    0	 5941	 5998	 9653	10890
  5150 3.849590E-04 2.035008E-04 2.799842E-06   2	 3465	 5260	    0	    0	 9246	 2919
  5151 1.353636E-04 2.715277E-04 1.130861E-03   1	 2857	    0	    0	 1137
  5152 9.158592E-04 7.372992E-04 1.123181E-03   4	  331	  336	  409	 4184	    0	    0	10884	 7231	 7220	 7125
  5153 4.116749E-04 2.889637E-04 2.599867E-06   2	  894	 2963	    0	    0	 3025	 3061
  5154 2.733860E-04 2.715148E-04 2.460292E-06   1	 5761	    0	    0	10354
  5155 7.593600E-04 1.056600E-03 1.124325E-03   1	 2358	    0	    0	 5276
  5156 1.255699E-03 7.199808E-04 1.127870E-03   3	 1696	 2295	 5157	    0	    0	 8770	 8723	 8786
  5157 1.263341E-03 7.034668E-04 1.127622E-03   3	    0	 3250	 5156	    0	    1	 9068	10886	 8786
  5158 1.586116E-04 6.595251E-04 1.128354E-03   2	 2804	 5132	    0	    0	 1375	 1535
  5159 5.734709E-04 6.808439E-04 1.170233E-03   3	   61	  154	 2751	    0	    0	 9684	 9675	 3522
  5160 4.886383E-04 1.255661E-03 1.170461E-03   1	    1	    0	    0	 3209
  5161 6.585792E-04 8.659008E-04 1.362241E-03   5	  103	  134	  481	 2515	 4158	    0	    0	 9946	 3864	 4118	 3981	 3863
  5162 7.783875E-04 8.611215E-04 1.166563E-03   2	  546	  599	    0	    0	 5306	 5282
  5163 6.923169E-04 5.637326E-04 1.166398E-03   2	   44	 2856	    0	    0	 4387	 4301
  5164 8.148369E-04 7.478435E-04 1.168321E-03   1	  958	    0	    0	10893
  5165 1.268317E-03 1.151042E-03 1.175838E-03   3	    0	 1229	 5082	    0	    1	 9076	 8771	 8798
  5166 7.171070E-04 7.710872E-04 1.180046E-03   3	  246	  599	 1841	    0	    0	10912	10903	 4714
  5167 6.854208E-04 1.012795E-03 1.178080E-03   6	  448	  463	 2051	 3168	 4372	 6356	    0	    0	 4248	 4331	 4302	 4279	 4363	 4173
  5168 6.556710E-04 9.667186E-04 1.177920E-03   2	  121	  683	    0	    0	 3927	10914
  5169 9.321600E-04 4.272053E-04 1.364324E-03   3	  969	 1234	 3953	    0	    0	 7171	 7331	 7240
  5170 7.726412E-04 6.500820E-04 1.175841E-03   4	  559	  998	 2044	 3261	    0	    0	 5580	 9626	 5284	 5197
  5171 3.550617E-05 2.110080E-05 1.171219E-03   0	    0	    0
  5172 1.135680E-03 3.046752E-04 1.364160E-03   3	   36	   50	 1211	    0	    0	 8176	 8140	 9314
  5173 9.261957E-04 6.209142E-04 1.155237E-03   3	  316	  433	  458	    0	    0	10902	 7279	 7086
  5174 6.750909E-04 8.570793E-04 1.150883E-03   4	  389	  972	 1467	 6132	    0	    0	 4329	 4168	 4386	 4167
  5175 9.273408E-04 2.849607E-04 1.151041E-03   0	    0	    0
  5176 1.265261E-03 6.614488E-04 1.164493E-03   2	    0	 2230	    0	    1	 9075	 8902
  5177 9.638208E-04 3.254394E-04 1.366286E-03   1	 2206	    0	    0	 7414
  5178 7.305673E-04 8.601408E-04 1.156812E-03   3	  389	  972	 3027	    0	    0	 4758	 4808	 4914
  5179 8.092764E-04 9.035159E-04 1.156787E-03   2	 2760	 6137	    0	    0	 5965	 5782
  5180 7.708829E-04 4.945562E-04 1.156634E-03   1	 1992	    0	    0	 5334
  5181 7.075200E-04 6.708182E-04 1.160641E-03   4	  258	 1841	 2044	 6129	    0	    0	 9681	 4689	 4757	 9628
  5182 7.171200E-04 9.839970E-04 1.156797E-03   1	  683	    0	    0	 4561
  5183 2.430944E-04 9.477210E-04 6.578164E-04   2	 3004	 5245	    0	    0	 2280	 2123
  5184 1.582309E-04 1.823808E-04 1.055915E-05   0	    0	    0
  5185 2.061071E-04 9.234721E-04 6.681193E-04   1	 3457	    0	    0	 1686
  5186 1.264479E-03 4.982430E-04 6.643392E-04   3	    0	 3295	 3296	    0	    1	 9028	 8837	 8881
  5187 8.018169E-04 5.078331E-04 6.499200E-04   1	  715	    0	    0	 5525
  5188 1.891123E-04 8.806767E-04 6.537600E-04   1	 3688	    0	    0	 9975
  5189 9.119079E-05 9.304563E-04 6.518388E-04   2	 1843	 6769	    0	    0	  823	  834
  5190 8.899191E-04 9.321623E-04 1.420199E-03   4	 1102	 1385	 2022	 3864	    0	    0	 6818	 6927	 6877	 6862
  5191 1.137605E-03 1.168472E-03 6.806400E-04   2	 1292	 6725	    0	    0	 8163	 8137
  5192 1.260130E-03 4.627008E-04 6.881559E-04   2	 3295	 4242	    0	    0	 8838	 8743
  5193 3.280397E-04 1.019501E-03 6.835392E-04   3	 1219	 2031	 6760	    0	    0	 2732	 2718	10686
  5194 2.930172E-04 9.594024E-04 6.883306E-04   0	    0	    0
  5195 1.315292E-04 1.026457E-03 6.731272E-04   2	  623	 2791	    0	    0	 1265	 1094
  5196 5.251232E-04 3.638400E-04 6.691203E-04   1	 2756	    0	    0	 3343
  5197 1.843008E-04 1.026594E-03 6.785034E-04   2	  623	 3286	    0	    0	 1632	 1665
  5198 5.319236E-04 3.167261E-04 6.758208E-04   2	 1930	 3024	    0	    0	 3294	 3372
  5199 3.045369E-04 9.668847E-04 6.232566E-04   0	    0	    0
  5200 6.633600E-04 1.076157E-03 6.232458E-04   2	 1544	 5201	    0	    0	10268	 4132
  5201 6.844742E-04 1.080941E-03 6.211227E-04   2	 1544	 5200	    0	    0	 4133	 4132
  5202 7.391859E-05 9.266130E-04 6.211192E-04   3	 1843	 3021	 5296	    0	    0	  636	10674	10042
  5203 6.334080E-05 1.170444E-03 6.201408E-04   3	   58	   69	   81	    0	    0	  628	  394	  395
  5204 4.481091E-04 3.580714E-04 6.268782E-04   2	 5210	 6743	    0	    0	 3182	 3144
  5205 6.885369E-04 3.271460E-04 6.268871E-04   1	 2634	    0	    0	 4212
  5206 1.274861E-03 1.423788E-05 6.249707E-04   1	    0	    0	    1	 9025
  5207 3.052608E-04 8.972326E-04 6.176341E-04   3	 3227	 3566	 6741	    0	    0	 2729	 2701	10681
  5208 4.884291E-04 8.129639E-04 6.195625E-04   0	    0	    0
  5209 3.369694E-04 1.134701E-03 6.171166E-04   3	   22	 1700	 2677	    0	    0	10676	 2816	 2831
  5210 4.788731E-04 3.686592E-04 6.403199E-04   1	 5204	    0	    0	 3182
  5211 1.641537E-04 8.768374E-04 6.462296E-04   2	 3688	 3775	    0	    0	10684	 1322
  5212 4.083603E-04 2.928074E-04 6.347149E-04   2	 2655	 3068	    0	    0	 9306	 3096
  5213 2.926430E-04 9.167946E-04 6.355008E-04   2	 2792	 3566	    0	    0	10007	10006
  5214 9.492319E-04 1.737701E-04 1.533425E-03   2	 1466	 2371	    0	    0	 7376	 7474
  5215 1.142492E-04 8.303958E-04 6.326400E-04   1	 6754	    0	    0	 1093
  5216 1.258349E-03 8.649568E-04 7.630526E-04   1	 4043	    0	    0	 9935
  5217 1.146996E-03 7.370617E-05 8.646161E-06   0	    0	    0
  5218 1.971790E-06 1.206557E-03 7.631961E-04   2	   -1	 1328	    1	    0	  133	  248
  5219 1.107821E-03 8.400002E-04 7.673929E-04   1	  723	    0	    0	 8028
  5220 1.131838E-03 7.228819E-04 7.737408E-04   2	  723	 6734	    0	    0	 8129	 8128
  5221 1.785408E-04 5.040062E-04 7.731553E-04   0	    0	    0
  5222 1.186541E-03 7.612832E-04 7.707103E-04   0	    0	    0
  5223 4.867167E-04 6.981396E-04 7.679808E-04   0	    0	    0
  5224 8.440039E-04 1.094381E-03 1.416360E-03   2	  588	 3970	    0	    0	 6461	10283
  5225 7.899206E-04 9.876305E-04 7.418695E-04   1	   65	    0	    0	 5451
  5226 6.326400E-04 1.152961E-03 7.537556E-04   2	 5250	 6810	    0	    0	 3683	 3827
  5227 1.274861E-03 8.246393E-04 7.942774E-04   1	    0	    0	    1	 9032
  5228 2.432374E-04 3.753602E-04 7.937652E-04   0	    0	    0
  5229 7.270737E-04 1.125101E-03 7.939262E-04   2	   53	 1289	    0	    0	 4843	10312
  5230 1.241080E-03 8.863104E-04 7.922167E-04   1	 2982	    0	    0	 8721
  5231 1.181771E-03 6.172722E-04 7.929408E-04   1	 4035	    0	    0	 8301
  5232 2.223753E-05 5.654372E-04 7.902981E-04   2	 2110	 5236	    0	    0	 9503	  407
  5233 6.623808E-04 7.987008E-04 9.840001E-04   3	  252	 1009	 5022	    0	    0	 4136	 4052	10773
  5234 3.052608E-04 3.237233E-04 7.956883E-04   0	    0	    0
  5235 1.172314E-03 8.351808E-04 7.764778E-04   1	 5614	    0	    0	 8358
  5236 3.744717E-05 5.804437E-04 7.843167E-04   3	  862	 4062	 5232	    0	    0	 9519	  436	  407
  5237 2.737584E-04 1.908806E-04 7.007808E-04   0	    0	    0
  5238 2.841792E-04 1.060637E-03 6.958385E-04   1	 1219	    0	    0	 2574
  5239 8.478909E-04 2.947200E-04 7.092816E-04   1	 2257	    0	    0	 6336
  5240 2.849622E-04 1.083629E-03 7.035201E-04   2	  204	 6728	    0	    0	 2536	 2557
  5241 1.174303E-03 4.849727E-04 7.036867E-04   3	 1428	 5246	 6715	    0	    0	 8444	 8328	 9431
  5242 9.165948E-04 9.529112E-04 8.650981E-06   3	  695	 1352	 2553	    0	    0	 6972	 7053	10107
  5243 3.091008E-04 1.087680E-03 6.942343E-04   2	 1219	 6728	    0	    0	 2719	 2634
  5244 2.956992E-04 9.974400E-04 6.940845E-04   1	 2031	    0	    0	 2702
  5245 2.208192E-04 9.638208E-04 6.939051E-04   3	 3004	 3456	 5183	    0	    0	 2196	 1835	 2123
  5246 1.171995E-03 5.037899E-04 6.939271E-04   2	 1428	 5241	    0	    0	 8530	 8328
  5247 1.114770E-03 8.281189E-04 7.232469E-04   2	  880	 2017	    0	    0	 8103	 8123
  5248 9.734208E-04 1.699229E-04 1.418087E-03   1	 3309	    0	    0	 7591
  5249 8.304063E-04 1.804992E-04 7.304081E-04   2	  377	 1929	    0	    0	 9243	10689
  5250 6.086592E-04 1.160637E-03 7.276608E-04   1	 5226	    0	    0	 3683
  5251 1.210204E-03 5.039960E-04 7.132801E-04   1	 2263	    0	    0	 8456
  5252 7.708836E-04 9.607443E-04 1.417714E-03   4	  489	 1016	 4224	 5402	    0	    0	11076	 5565	 5493	10076
  5253 1.166761E-03 7.577974E-04 7.207996E-04   2	  880	 1014	    0	    0	 8276	 8257
  5254 4.319928E-05 7.551626E-04 5.537604E-04   1	 6443	    0	    0	  470
  5255 7.883191E-04 5.499190E-04 5.517910E-04   1	  724	    0	    0	 9475
  5256 7.988887E-05 8.646024E-04 5.558484E-04   2	 5329	 6438	    0	    0	10659	  802
  5257 2.805372E-05 8.685976E-04 5.541241E-04   2	  495	 1378	    0	    0	 9943	  392
  5258 1.413322E-04 9.033689E-04 5.481687E-04   2	 2400	 6520	    0	    0	 1244	10033
  5259 1.758343E-04 9.820717E-04 5.471808E-04   4	  189	 1690	 3270	 3516	    0	    0	 1830	10641	 1550	10649
  5260 3.620786E-04 1.996608E-04 1.247789E-05   2	 3465	 5150	    0	    0	 9235	 2919
  5261 1.260647E-03 4.886364E-04 5.500809E-04   1	 1786	    0	    0	 9448
  5262 2.497920E-05 1.128160E-03 5.644608E-04   2	   23	   58	    0	    0	  362	  421
  5263 1.183461E-03 5.080502E-04 1.431520E-03   1	    8	    0	    0	 8305
  5264 3.945624E-04 1.080211E-03 5.558389E-04   3	   21	   22	 3674	    0	    0	 3014	 3021	 2959
  5265 9.327686E-05 8.073601E-04 5.614415E-04   1	 5692	    0	    0	  822
  5266 2.161590E-04 8.881598E-04 5.598909E-04   0	    0	    0
  5267 1.336509E-04 8.401619E-04 5.598383E-04   0	    0	    0
  5268 6.633600E-04 1.216315E-03 5.576020E-04   1	 6437	    0	    0	 3967
  5269 7.221018E-05 6.614299E-04 5.327904E-04   0	    0	    0
  5270 4.557743E-04 1.237596E-03 1.436141E-03   4	  678	 1004	 1667	 6496	    0	    0	 3168	 3187	 3177	10347
  5271 5.464493E-04 3.183701E-05 1.436958E-03   2	  783	 2752	    0	    0	 3352	11082
  5272 1.643264E-04 8.918309E-04 5.347161E-04   3	  956	 6419	 6420	    0	    0	 1393	 1603	 1453
  5273 1.113408E-04 6.712629E-04 5.337399E-04   0	    0	    0
  5274 1.040074E-05 5.979250E-04 5.307219E-04   2	   -1	 2320	    1	    0	  115	 9568
  5275 3.405812E-04 2.419884E-06 1.532179E-03   1	  690	    0	    0	 2790
  5276 3.110592E-04 3.206612E-04 5.337408E-04   2	 1049	 1331	    0	    0	 2697	 2657
  5277 1.989328E-04 2.452511E-06 5.299392E-04   0	    0	    0
  5278 7.328382E-04 4.281408E-04 1.436960E-03   0	    0	    0
  5279 3.494592E-04 1.083685E-03 5.270489E-04   3	   22	 3682	 6444	    0	    0	 2899	 2822	 2859
  5280 1.393589E-04 9.396291E-04 5.425601E-04   1	  956	    0	    0	 1133
  5281 1.270238E-03 4.147008E-04 1.248838E-05   2	    0	 3279	    0	    1	 8927	 8886
  5282 2.975730E-05 1.200786E-03 5.406441E-04   0	    0	    0
  5283 1.843392E-04 1.025261E-03 5.404801E-04   2	 3772	 6521	    0	    0	 1604	 1629
  5284 1.830039E-04 9.552000E-04 5.406312E-04   4	 2400	 2697	 3270	 6578	    0	    0	 1797	 1855	 1741	 1392
  5285 3.079986E-04 2.199995E-04 1.248635E-05   0	    0	    0
  5286 1.065563E-04 9.436782E-04 5.445230E-04   3	  956	 3021	 6520	    0	    0	  937	  864	10069
  5287 7.989047E-05 7.420764E-04 5.366305E-04   1	 4337	    0	    0	 9754
  5288 1.017408E-04 7.199808E-04 5.366367E-04   2	 4032	 4312	    0	    0	10647	  863
  5289 3.273600E-04 1.106669E-03 5.347200E-04   2	   51	 3682	    0	    0	 2728	 2784
  5290 8.254080E-05 9.128004E-04 5.406380E-04   4	  495	 2349	 4634	 5291	    0	    0	  662	  755	 9996	 9997
  5291 8.565746E-05 8.900771E-04 5.403241E-04   4	 2717	 3011	 4634	 5290	    0	    0	  821	  686	  698	 9997
  5292 1.653090E-05 6.977044E-04 5.404753E-04   0	    0	    0
  5293 1.831482E-04 1.697108E-04 1.431578E-03   1	 4644	    0	    0	 1584
  5294 1.142460E-04 9.111985E-04 5.387794E-04   0	    0	    0
  5295 8.995200E-04 2.847637E-04 5.978691E-04   4	  378	 2173	 2199	 3201	    0	    0	 7020	 6800	 9289	 7164
  5296 8.195273E-05 9.169639E-04 6.009408E-04   3	 1843	 2399	 5202	    0	    0	  772	  700	10042
  5297 1.950364E-04 1.074451E-03 5.979129E-04   3	 4386	 6495	 6499	    0	    0	 1859	10276	 1996
  5298 2.737649E-04 1.055197E-03 5.978669E-04   1	 1140	    0	    0	10678
  5299 2.416202E-05 1.038701E-03 5.904000E-04   6	   -1	  499	 1259	 1436	 1483	 6481	    1	    0	  127	  376	10663	  447	  304	  246
  5300 8.371392E-04 1.047146E-03 1.427725E-03   1	  580	    0	    0	 6366
  5301 4.828800E-04 6.623818E-05 5.940291E-04   1	 6514	    0	    0	 3248
  5302 9.695023E-05 9.465408E-04 5.925347E-04   2	 3021	 3969	    0	    0	  849	  917
  5303 3.628992E-04 9.012864E-04 5.924743E-04   0	    0	    0
  5304 1.158019E-04 7.631888E-04 5.921573E-04   0	    0	    0
  5305 2.982027E-04 2.215491E-04 5.924826E-04   1	 3003	    0	    0	 2610
  5306 7.922231E-04 2.311999E-04 6.132306E-04   1	 3392	    0	    0	 5671
  5307 1.240446E-04 9.638208E-04 6.132262E-04   5	  623	 2441	 3739	 3937	 3969	    0	    0	 1199	  956	10094	10673	10677
  5308 6.443195E-04 5.081955E-04 6.117309E-04   1	 3146	    0	    0	 3868
  5309 3.770732E-04 9.550448E-04 6.015639E-04   1	 2437	    0	    0	 2953
  5310 4.636766E-04 2.793700E-04 6.017662E-04   3	 2904	 3319	 6498	    0	    0	10671	 3175	 3181
  5311 1.180892E-04 2.428660E-06 6.019299E-04   0	    0	    0
  5312 1.823893E-05 8.256192E-04 6.067008E-04   0	    0	    0
  5313 5.099747E-04 1.123943E-03 6.036291E-04   0	    0	    0
  5314 1.566909E-04 8.307574E-04 5.731173E-04   0	    0	    0
  5315 2.918208E-04 1.036819E-03 5.731230E-04   1	 6516	    0	    0	10204
  5316 1.295931E-04 8.128985E-04 5.750394E-04   1	 4132	    0	    0	 1054
  5317 2.486424E-04 1.987104E-04 5.694491E-04   3	 3003	 5331	 6519	    0	    0	 9250	10664	10660
  5318 6.886760E-04 4.931616E-05 1.342080E-05   0	    0	    0
  5319 1.739701E-04 9.801550E-04 5.675156E-04   4	  630	 1750	 3270	 3645	    0	    0	 1743	10665	 1714	 1458
  5320 3.657601E-04 1.076160E-03 5.696414E-04   2	 3674	 5332	    0	    0	 2913	 2870
  5321 1.136919E-03 2.822723E-04 5.759808E-04   0	    0	    0
  5322 1.466624E-04 9.542208E-04 5.702208E-04   6	 2400	 3122	 3270	 3516	 3645	 6522	    0	    0	 1457	 1261	 1456	 1180	 1374	 1072
  5323 8.399999E-04 4.427661E-04 5.863491E-04   2	 2231	 3199	    0	    0	 9414	 6231
  5324 9.867656E-05 8.707077E-04 5.846480E-04   2	 2399	 4025	    0	    0	 9948	  877
  5325 9.424160E-04 3.340992E-04 1.429447E-03   0	    0	    0
  5326 4.348839E-04 3.235200E-04 5.844829E-04   2	 2904	 3927	    0	    0	 3122	 3074
  5327 1.020683E-03 1.313126E-04 1.533551E-03   0	    0	    0
  5328 1.776000E-04 8.247950E-04 5.865596E-04   1	 5663	    0	    0	 1764
  5329 7.989530E-05 8.574425E-04 5.798208E-04   1	 5256	    0	    0	10659
  5330 1.257647E-04 1.014874E-03 5.771132E-04   4	   58	 1413	 3234	 4115	    0	    0	  993	10670	 1091	 1021
  5331 2.810585E-04 1.889215E-04 5.855808E-04   2	 3003	 5317	    0	    0	 2461	10664
  5332 3.571392E-04 1.066067E-03 5.830008E-04   4	 2071	 2103	 3674	 5320	    0	    0	10261	 2836	10244	 2870
  5333 1.854473E-04 8.735808E-04 5.828832E-04   0	    0	    0
  5334 1.027161E-04 5.116818E-04 8.000415E-04   1	 6832	    0	    0	 9465
  5335 1.612992E-04 1.183521E-03 5.806433E-04   2	   58	 2612	    0	    0	 1349	10653
  5336 8.079672E-04 6.662592E-04 9.379200E-04   5	  547	  939	 4127	 4186	 4303	    0	    0	 5769	 6043	 5672	 5973	 9711
  5337 4.320192E-04 1.015699E-03 9.369792E-04   1	    4	    0	    0	 3103
  5338 1.269926E-03 6.669891E-04 9.350208E-04   1	    0	    0	    1	 9041
  5339 7.386087E-04 9.427008E-04 1.400286E-03   4	  167	 1854	 5402	 6209	    0	    0	 4881	10049	 5065	 4903
  5340 6.151495E-04 1.276917E-04 9.337187E-04   0	    0	    0
  5341 7.939229E-04 1.006876E-03 1.401581E-03   2	 1016	 1855	    0	    0	 5693	 5791
  5342 1.241280E-03 7.616322E-04 9.321548E-04   0	    0	    0
  5343 8.091240E-04 8.052291E-04 9.369408E-04   4	  135	 4162	 4164	 6633	    0	    0	 5898	 9828	 5650	 5960
  5344 2.438208E-04 3.046861E-04 9.492797E-04   0	    0	    0
  5345 7.171203E-04 5.750406E-04 9.475200E-04   1	 3478	    0	    0	 4729
  5346 7.132731E-04 1.156966E-03 9.515229E-04   0	    0	    0
  5347 1.273915E-03 1.028333E-03 9.512055E-04   1	    0	    0	    1	 9045
  5348 1.716755E-04 4.703581E-05 9.513637E-04   0	    0	    0
  5349 5.798592E-04 9.183612E-04 9.438762E-04   1	 2719	    0	    0	 3481
  5350 4.041589E-04 8.382404E-04 9.438339E-04   1	    4	    0	    0	 3043
  5351 8.428992E-04 7.535947E-04 9.438516E-04   2	  387	 5384	    0	    0	 6565	 9779
  5352 7.468608E-04 7.976017E-04 9.446592E-04   2	  194	 5360	    0	    0	 4934	 9800
  5353 3.236791E-04 3.332781E-04 9.187200E-04   1	  434	    0	    0	 2736
  5354 8.080539E-04 6.019200E-04 9.158208E-04   1	 6651	    0	    0	 9553
  5355 1.677830E-04 5.500876E-04 9.131709E-04   4	  948	  951	 2474	 2485	    0	    0	 1411	 1462	 1691	 1611
  5356 7.537501E-04 7.076807E-04 9.119808E-04   2	 2879	 6703	    0	    0	 4799	 9744
  5357 3.944044E-04 8.745595E-04 9.260475E-04   0	    0	    0
  5358 8.035211E-04 7.154022E-04 9.305964E-04   1	 6623	    0	    0	10741
  5359 5.806335E-04 3.262080E-05 9.227709E-04   0	    0	    0
  5360 7.649129E-04 7.833408E-04 9.225568E-04   1	 5352	    0	    0	 9800
  5361 1.001281E-03 8.763176E-04 9.206494E-04   2	 4256	 5608	    0	    0	 7613	 7612
  5362 7.553096E-04 6.479976E-04 9.210059E-04   2	 3446	 5365	    0	    0	 4950	 9643
  5363 7.759934E-05 5.615944E-04 1.402565E-03   1	  509	    0	    0	 9502
  5364 1.156588E-03 8.246396E-04 9.244800E-04   1	 3151	    0	    0	 8206
  5365 7.361521E-04 6.729553E-04 9.246351E-04   2	 3694	 5362	    0	    0	 4614	 9643
  5366 7.572802E-04 5.715566E-04 9.246339E-04   4	  538	  579	 3478	 5682	    0	    0	 5233	 9513	 5158	 4979
  5367 7.021282E-04 8.038786E-04 9.772608E-04   2	  910	 2983	    0	    0	10781	 9824
  5368 1.276748E-03 7.094481E-04 9.763270E-04   2	    0	 4007	    0	    1	 9051	 8870
  5369 8.570641E-04 8.090658E-04 9.765399E-04   4	  101	  135	 3826	 6680	    0	    0	 6500	 6443	 6528	 6322
  5370 3.331236E-04 3.302208E-04 9.763181E-04   2	 2000	 2166	    0	    0	 2800	 2777
  5371 6.585408E-04 9.296427E-05 9.765350E-04   0	    0	    0
  5372 8.402060E-04 6.796608E-04 9.780835E-04   3	  881	  939	 3933	    0	    0	 9687	 6171	 6339
  5373 7.553666E-04 8.899229E-04 9.753792E-04   2	  117	 6676	    0	    0	 5266	 5052
  5374 7.267203E-04 7.347595E-04 9.724800E-04   3	 3895	 5038	 5382	    0	    0	 4768	10767	 4822
  5375 7.977581E-04 8.639808E-04 9.742479E-04   2	 5041	 6198	    0	    0	 9896	10775
  5376 1.810777E-04 4.619725E-04 9.742399E-04   2	 1340	 1994	    0	    0	 9415	10758
  5377 2.755250E-04 5.491008E-04 9.830208E-04   2	 2900	 2912	    0	    0	 2548	 9518
  5378 1.584000E-04 1.468745E-04 9.840090E-04   0	    0	    0
  5379 1.535808E-04 4.865023E-04 9.819164E-04   4	 1994	 3904	 6670	 6678	    0	    0	10754	 1414	 1249	 1413
  5380 7.954862E-04 7.787137E-04 9.803731E-04   3	  587	 5037	 6204	    0	    0	 5699	 5674	 5728
  5381 7.730090E-04 7.595255E-04 9.799545E-04   1	 5037	    0	    0	 5352
  5382 7.353408E-04 7.478416E-04 9.799912E-04   1	 5374	    0	    0	 4822
  5383 1.164119E-03 8.263464E-04 9.561792E-04   2	 1660	 5399	    0	    0	 8216	 8313
  5384 8.505408E-04 7.747169E-04 9.571105E-04   3	  135	 3826	 5351	    0	    0	 6469	10756	 9779
  5385 6.892608E-04 5.672024E-04 9.571206E-04   6	   48	   60	 3243	 3272	 3897	 5575	    0	    0	 4184	 9510	 9527	 4185	10759	 4400
  5386 7.016139E-04 8.793408E-04 9.600192E-04   1	  148	    0	    0	 4318
  5387 1.199035E-03 3.955392E-04 1.399661E-03   2	 1100	 3425	    0	    0	 8469	 8403
  5388 2.046406E-04 4.889974E-04 9.569091E-04   1	  908	    0	    0	 1975
  5389 7.353408E-04 8.419197E-04 9.552000E-04   3	  194	 2332	 5397	    0	    0	10747	10761	 9890
  5390 7.766294E-04 8.321091E-04 9.550463E-04   2	 2936	 6708	    0	    0	 9870	 5410
  5391 7.046208E-04 7.729670E-04 9.550430E-04   5	  212	 4161	 6635	 6690	 6711	    0	    0	 4479	 4615	10743	 4551	 4652
  5392 1.772463E-04 4.212291E-04 9.687959E-04   2	 1340	 6664	    0	    0	 1748	 1718
  5393 1.363392E-04 4.424008E-04 9.686495E-04   1	 6710	    0	    0	10757
  5394 7.538140E-04 8.365164E-04 9.689947E-04   2	 5625	 6708	    0	    0	 5161	 5379
  5395 2.196384E-04 3.866726E-04 9.684214E-04   0	    0	    0
  5396 2.489953E-04 3.963183E-04 9.705549E-04   3	 1964	 2082	 3946	    0	    0	 2369	 2304	 2266
  5397 7.315008E-04 8.532327E-04 9.688444E-04   4	  148	 2332	 3912	 5389	    0	    0	 4677	 4888	 4749	 9890
  5398 3.027555E-04 2.829765E-04 9.638592E-04   0	    0	    0
  5399 1.177920E-03 8.265595E-04 9.668777E-04   1	 5383	    0	    0	 8313
  5400 1.152960E-03 6.979149E-04 9.668752E-04   1	 1066	    0	    0	 8227
  5401 7.718208E-04 5.867249E-04 9.648029E-04   4	  402	  538	  801	 4286	    0	    0	 9534	 5159	 5321	 5160
  5402 7.552990E-04 9.342866E-04 1.410594E-03   5	  167	 1254	 1355	 5252	 5339	    0	    0	10084	 5255	 5372	10076	 5065
  5403 8.620992E-04 1.889586E-04 8.420804E-04   1	 1450	    0	    0	 6719
  5404 2.831987E-04 3.407967E-04 8.428608E-04   5	  974	 2496	 4252	 5407	 5422	    0	    0	 2612	 2477	 2646	 9349	 2611
  5405 7.689583E-04 1.248000E-05 1.412162E-03   0	    0	    0
  5406 7.029860E-05 4.884702E-04 8.400018E-04   0	    0	    0
  5407 2.430901E-04 3.659696E-04 8.457600E-04   3	 3059	 5404	 5417	    0	    0	 2281	 9349	 9353
  5408 1.198099E-03 6.239808E-04 8.436777E-04   2	 1752	 1973	    0	    0	 8430	 8390
  5409 2.955399E-05 5.652844E-04 8.436311E-04   1	  862	    0	    0	  448
  5410 3.012470E-05 2.582400E-04 8.436797E-04   1	 2446	    0	    0	  437
  5411 1.220755E-04 6.028608E-04 8.609558E-04   1	 6789	    0	    0	 1135
  5412 1.236760E-04 4.396608E-04 8.614742E-04   6	 1638	 1910	 2473	 3411	 5462	 5466	    0	    0	  979	 1134	 1039	  804	 1023	 1040
  5413 1.241494E-03 7.400029E-04 8.595524E-04   0	    0	    0
  5414 2.687808E-04 6.297792E-04 8.593731E-04   3	  534	 2722	 6787	    0	    0	 2511	 2400	 2401
  5415 7.305600E-04 6.259008E-04 8.590349E-04   0	    0	    0
  5416 1.237283E-03 1.258403E-03 8.646030E-04   0	    0	    0
  5417 2.411663E-04 3.486432E-04 8.555738E-04   2	 3109	 5407	    0	    0	10723	 9353
  5418 8.716608E-04 5.385499E-04 1.410447E-03   1	 1712	    0	    0	 6587
  5419 2.044755E-04 5.596806E-04 8.131200E-04   0	    0	    0
  5420 8.964992E-05 5.120333E-04 8.227177E-04   2	 1155	 3944	    0	    0	  836	  940
  5421 1.028729E-04 4.653895E-04 8.225578E-04   2	 1910	 5436	    0	    0	  824	  978
  5422 3.052608E-04 3.622854E-04 8.206428E-04   5	  961	  974	 1415	 2101	 5404	    0	    0	 2651	 2594	 2733	10695	 2611
  5423 9.408192E-04 1.156969E-03 8.188792E-04   0	    0	    0
  5424 4.982416E-04 4.519491E-04 8.056509E-04   2	 3089	 6806	    0	    0	 3260	 9408
  5425 2.503463E-04 2.851121E-04 8.016063E-04   0	    0	    0
  5426 4.963189E-04 4.273577E-04 8.102592E-04   3	 6806	 6825	 6826	    0	    0	 9406	 3235	 3278
  5427 2.348429E-04 4.041635E-04 8.132845E-04   1	 1487	    0	    0	10701
  5428 1.113408E-04 6.247567E-04 8.112013E-04   2	 1586	 6831	    0	    0	 1055	 9603
  5429 9.598080E-05 4.353758E-04 8.091282E-04   0	    0	    0
  5430 4.905599E-04 4.771221E-04 8.340282E-04   2	 3089	 6826	    0	    0	10696	 3249
  5431 1.411129E-04 3.966856E-04 8.332992E-04   1	 1910	    0	    0	 1096
  5432 1.542033E-04 6.343542E-04 8.323201E-04   2	  560	 2937	    0	    0	 1461	 1201
  5433 7.324765E-04 1.086326E-04 8.284780E-04   0	    0	    0
  5434 2.351977E-04 5.483697E-04 8.265564E-04   0	    0	    0
  5435 2.783808E-04 3.148608E-04 8.267712E-04   2	 3499	 4155	    0	    0	 2585	 2523
  5436 1.159503E-04 4.723392E-04 8.304032E-04   2	 1638	 5421	    0	    0	10708	  978
  5437 1.453305E-04 6.604992E-04 8.304057E-04   1	 1362	    0	    0	 1229
  5438 1.001120E-03 1.254560E-03 3.820800E-06   1	  232	    0	    0	 7649
  5439 3.582911E-04 3.598424E-04 4.589060E-06   2	 3340	 5590	    0	    0	 2876	 9366
  5440 1.939008E-04 3.484823E-04 8.953123E-04   2	 2480	 5454	    0	    0	 1820	10730
  5441 3.350399E-04 2.642109E-04 8.995266E-04   0	    0	    0
  5442 1.137440E-03 6.835392E-04 8.975987E-04   2	 1066	 6646	    0	    0	 8189	 8164
  5443 3.118357E-04 6.002081E-04 8.918486E-04   0	    0	    0
  5444 8.831808E-04 1.966400E-04 8.947392E-04   1	 2883	    0	    0	 6802
  5445 6.942379E-04 4.799808E-04 1.406607E-03   2	 2158	 6830	    0	    0	 4262	 9426
  5446 1.191363E-03 7.411008E-04 8.939164E-04   0	    0	    0
  5447 2.311493E-04 5.452608E-04 9.108728E-04   3	  908	 1915	 3174	    0	    0	 2153	 2241	 9505
  5448 1.894866E-04 3.775018E-04 9.112569E-04   1	 2708	    0	    0	 1746
  5449 1.708608E-04 5.006589E-04 9.015975E-04   3	  446	 2670	 3737	    0	    0	 1668	 1483	 1667
  5450 4.425509E-04 6.748550E-05 9.043008E-04   5	  116	  144	  372	 2880	 3718	    0	    0	 3054	 3123	 3124	 3106	 3065
  5451 6.959978E-04 1.247788E-05 9.024192E-04   1	 2178	    0	    0	 9133
  5452 2.448009E-04 6.267187E-04 9.035637E-04   0	    0	    0
  5453 6.124608E-04 7.199798E-05 8.803135E-04   0	    0	    0
  5454 1.950367E-04 3.590208E-04 8.784049E-04   4	 1722	 2687	 3109	 5440	    0	    0	10727	 1819	 2091	10730
  5455 7.921610E-04 6.362664E-04 8.766452E-04   1	 5457	    0	    0	 5625
  5456 7.610771E-04 1.032003E-03 1.408317E-03   4	  521	 1855	 2159	 6675	    0	    0	 5371	 5541	11073	 5153
  5457 7.826034E-04 6.518336E-04 8.666638E-04   2	 5455	 5459	    0	    0	 5625	 9622
  5458 4.800192E-04 1.094419E-03 1.408149E-03   1	    1	    0	    0	 3203
  5459 7.731585E-04 6.326478E-04 8.705094E-04   1	 5457	    0	    0	 9622
  5460 1.228819E-03 7.161383E-04 8.889255E-04   1	 5467	    0	    0	 8657
  5461 1.239352E-03 6.729536E-04 8.870208E-04   0	    0	    0
  5462 1.104028E-04 4.233600E-04 8.881570E-04   2	 2473	 5412	    0	    0	 9405	 1023
  5463 2.814929E-04 3.217535E-04 8.793792E-04   2	 1722	 3712	    0	    0	 2578	 2597
  5464 1.235881E-03 7.747205E-04 8.889408E-04   0	    0	    0
  5465 2.851185E-04 2.925807E-04 8.831808E-04   0	    0	    0
  5466 1.161516E-04 4.542937E-04 8.820236E-04   4	 1638	 2473	 5412	 6647	    0	    0	  958	  980	 1040	  901
  5467 1.243194E-03 7.190386E-04 8.800987E-04   1	 5460	    0	    0	 8657
  5468 1.812791E-04 4.749828E-04 8.801100E-04   3	  446	 1638	 6783	    0	    0	 1765	 1554	 1634
  5469 1.173863E-03 9.283200E-04 8.841690E-04   0	    0	    0
  5470 1.277760E-03 7.987008E-04 4.963200E-04   1	    0	    0	    1	 9017
  5471 1.277760E-03 1.226083E-03 1.335142E-03   2	    0	 2844	    0	    1	 9091	 8883
  5472 9.600000E-07 8.563008E-04 3.233062E-04   3	   -1	  897	 5997	    1	    0	   65	  243	  277
  5473 1.277760E-03 4.156828E-04 8.859190E-04   3	    0	 2343	 3585	    0	    1	 9036	 8899	 8882
  5474 9.600000E-07 9.331008E-04 3.763392E-04   5	   -1	  671	  897	 3504	 4488	    1	    0	   72	  222	  328	10112	  278
  5475 9.600000E-07 7.019220E-04 3.981817E-04   1	   -1	    1	    0	   86
  5476 1.277760E-03 3.484815E-04 1.491043E-03   2	    0	  394	    0	    1	 9119	 8909
  5477 9.600000E-07 9.092820E-04 2.772767E-04   1	   -1	    1	    0	   55
  5478 1.277760E-03 7.380217E-04 2.793704E-04   3	    0	   46	  659	    0	    1	 8980	 9743	 8896
  5479 9.600000E-07 7.954726E-04 2.926391E-04   1	   -1	    1	    0	   59
  5480 1.277760E-03 1.900608E-04 2.985652E-04   4	    0	  456	  814	 4121	    0	    1	 8984	 8880	 8868	10493
  5481 9.600000E-07 6.384000E-04 1.310400E-03   2	   -1	  171	    1	    0	  173	  232
  5482 1.277760E-03 8.361575E-04 6.931008E-04   1	    0	    0	    1	 9026
  5483 1.277760E-03 6.424033E-04 1.130083E-03   2	    0	 2230	    0	    1	 9065	 8908
  5484 9.600000E-07 4.888014E-04 1.297939E-03   1	   -1	    1	    0	  171
  5485 1.277760E-03 1.507199E-04 2.889600E-04   3	    0	  456	  725	    0	    1	 8982	 8912	 8844
  5486 9.600000E-07 5.059111E-04 1.138541E-03   1	   -1	    1	    0	  152
  5487 1.277760E-03 5.481669E-04 9.899783E-04   1	    0	    0	    1	 9052
  5488 1.277760E-03 5.095414E-04 1.428217E-04   1	    0	    0	    1	 8944
  5489 1.277760E-03 7.985465E-05 1.622400E-04   1	    0	    0	    1	 8955
  5490 1.277760E-03 4.272000E-04 1.039846E-03   2	    0	 4351	    0	    1	 9058	 8892
  5491 9.600000E-07 9.131233E-04 1.329600E-03   2	   -1	 1072	    1	    0	  177	  343
  5492 9.600000E-07 5.529408E-04 1.016273E-03   2	   -1	 2542	    1	    0	  146	  266
  5493 1.277760E-03 1.316814E-04 2.046396E-04   1	    0	    0	    1	 8958
  5494 1.277760E-03 8.862002E-04 2.150208E-04   4	    0	   16	   46	 1101	    0	    1	 8964	 8864	 8889	 8730
  5495 1.277760E-03 8.678592E-04 2.044807E-04   3	    0	   16	   46	    0	    1	 8960	 8895	 9884
  5496 1.277760E-03 1.966367E-04 2.313600E-04   4	    0	  349	  758	 4944	    0	    1	 8966	 8805	10455	 8855
  5497 1.277760E-03 1.467201E-04 2.329127E-04   2	    0	 3979	    0	    1	 8967	 8865
  5498 9.600000E-07 2.484217E-04 1.659111E-04   2	   -1	 2053	    1	    0	   30	  322
  5499 1.277760E-03 9.874726E-04 9.686400E-04   1	    0	    0	    1	 9048
  5500 1.277760E-03 7.438368E-04 9.572859E-04   1	    0	    0	    1	 9046
  5501 5.011008E-04 2.492365E-04 1.535040E-03   1	  338	    0	    0	 3238
  5502 7.720601E-04 3.142408E-06 9.600000E-07   0	    0	    0
  5503 5.020800E-04 9.600000E-07 1.485120E-03   0	    0	    0
  5504 1.747008E-04 4.752000E-04 9.600000E-07   0	    0	    0
  5505 1.109736E-03 9.600000E-07 2.459645E-04   1	 4850	    0	    0	10452
  5506 8.073574E-04 8.496000E-04 9.600000E-07   3	 4151	 5507	 5795	    0	    0	 9900	 5910	 5820
  5507 8.158969E-04 8.674926E-04 9.600000E-07   1	 5506	    0	    0	 5910
  5508 1.159661E-03 9.600000E-07 1.418856E-04   0	    0	    0
  5509 2.294423E-04 1.228992E-04 9.600000E-07   0	    0	    0
  5510 1.177884E-04 8.188800E-04 1.535040E-03   1	 3125	    0	    0	  982
  5511 1.178208E-03 5.182080E-05 9.600000E-07   0	    0	    0
  5512 5.042916E-04 9.600000E-07 1.004495E-03   2	  943	 2558	    0	    0	 3302	 3263
  5513 1.996992E-04 9.600000E-07 6.623808E-04   0	    0	    0
  5514 7.250916E-04 3.614545E-05 9.600000E-07   1	 5541	    0	    0	 9142
  5515 2.256000E-04 9.600000E-07 6.468456E-04   0	    0	    0
  5516 6.048192E-04 1.067539E-03 9.600000E-07   0	    0	    0
  5517 1.110737E-03 9.600000E-07 1.817274E-04   1	 1383	    0	    0	 8078
  5518 1.141148E-03 1.277760E-03 2.593944E-04   0	    0	    0
  5519 2.003486E-04 9.600000E-07 1.288988E-03   0	    0	    0
  5520 7.250898E-04 9.600000E-07 2.112714E-06   1	 5765	    0	    0	10353
  5521 9.909144E-04 1.277760E-03 1.064640E-03   1	   25	    0	    0	 7602
  5522 1.430400E-04 1.277760E-03 7.612835E-04   1	 6813	    0	    0	 1200
  5523 4.649745E-04 9.600000E-07 1.160640E-03   0	    0	    0
  5524 1.276815E-05 9.600000E-07 1.326052E-03   0	    0	    0
  5525 2.803392E-04 3.213112E-04 9.600000E-07   0	    0	    0
  5526 4.264349E-04 3.398208E-04 9.600000E-07   2	  894	 2020	    0	    0	 3030	 9350
  5527 2.047666E-04 1.277760E-03 9.254592E-04   2	   26	  292	    0	    0	 1972	 1973
  5528 1.111661E-03 9.600000E-07 7.968000E-05   0	    0	    0
  5529 1.180800E-04 9.600000E-07 5.318208E-04   1	 2555	    0	    0	 1116
  5530 1.143365E-03 8.217792E-04 9.600000E-07   0	    0	    0
  5531 8.320284E-04 8.457600E-04 9.600000E-07   0	    0	    0
  5532 4.895679E-05 9.600000E-07 4.225920E-05   1	 5778	    0	    0	  442
  5533 1.174080E-03 9.600000E-07 2.544033E-04   0	    0	    0
  5534 8.496000E-04 1.277760E-03 4.588557E-05   1	 4803	    0	    0	 6124
  5535 1.277760E-03 6.355008E-04 9.600000E-07   3	    0	   29	   49	    0	    1	 8921	 9583	 9627
  5536 2.803008E-04 1.277760E-03 9.600000E-07   1	 2563	    0	    0	 2515
  5537 1.051497E-03 9.600000E-07 9.600000E-07   0	    0	    0
  5538 1.130844E-03 8.641920E-05 7.200192E-04   1	   17	    0	    0	 8102
  5539 9.062592E-04 9.234425E-04 1.322963E-03   6	  216	  545	 1041	 1159	 1655	 6324	    0	    0	 6944	 6811	 7028	 7070	 6856	 7239
  5540 2.634875E-04 1.019637E-03 6.701517E-04   3	 1219	 3693	 6713	    0	    0	 2441	 2492	10685
  5541 7.103808E-04 5.664000E-05 9.619200E-06   1	 5514	    0	    0	 9142
  5542 1.134739E-03 1.216357E-03 5.760192E-04   1	    3	    0	    0	 8088
  5543 1.007819E-04 7.211696E-04 3.673658E-04   1	 2741	    0	    0	  857
  5544 1.989466E-04 3.770584E-06 1.224890E-03   0	    0	    0
  5545 1.237655E-03 4.012992E-04 1.458201E-03   0	    0	    0
  5546 1.900606E-04 6.662592E-04 2.803392E-04   3	 2740	 3170	 4873	    0	    0	 1914	 1887	 9667
  5547 1.085760E-03 1.209792E-04 2.304192E-04   5	  286	 2801	 2991	 4137	 5871	    0	    0	 7913	 7967	 7912	10435	 8110
  5548 5.945577E-05 8.620608E-04 1.199864E-04   1	 3140	    0	    0	  552
  5549 7.603693E-04 4.108992E-04 3.821259E-04   0	    0	    0
  5550 9.409920E-05 9.220444E-04 1.438061E-03   3	    1	 3507	 4633	    0	    0	  805	  806	  784
  5551 1.918080E-05 3.321408E-04 3.551808E-04   2	   -1	  638	    1	    0	   73	10540
  5552 1.825301E-05 6.892608E-04 5.548992E-04   0	    0	    0
  5553 9.022080E-05 1.746767E-04 7.919885E-04   2	 1316	 3074	    0	    0	  629	  663
  5554 1.194221E-03 1.004141E-03 1.009939E-03   1	 1561	    0	    0	 8401
  5555 1.255731E-03 4.070592E-04 1.438061E-03   2	 3337	 6744	    0	    0	11084	 9395
  5556 8.678208E-04 6.691076E-04 1.044499E-03   3	   88	  427	  471	    0	    0	 6445	 6676	 6569
  5557 8.015796E-04 1.031021E-03 1.060448E-03   1	 4960	    0	    0	 5801
  5558 8.630554E-04 1.070400E-03 1.765886E-04   2	   24	 5906	    0	    0	 6421	10427
  5559 5.937304E-04 1.271992E-03 6.045596E-05   1	    2	    0	    0	 3548
  5560 2.451289E-05 7.334872E-04 5.837101E-04   2	 2994	 3033	    0	    0	  393	  262
  5561 1.435297E-04 6.835008E-04 1.482221E-03   0	    0	    0
  5562 1.201878E-03 8.501152E-04 1.355564E-03   5	 2626	 4446	 4465	 5114	 6366	    0	    0	 8459	 8545	 8534	 8422	 8518
  5563 8.111853E-04 9.033493E-04 9.926208E-04   3	 3804	 3874	 3928	    0	    0	 5729	 5934	 5828
  5564 5.347295E-04 1.158059E-03 1.264319E-03   4	    1	 1230	 2852	 3802	    0	    0	 3323	10321	10322	 3364
  5565 2.121686E-04 5.587625E-04 7.737792E-04   0	    0	    0
  5566 7.526208E-04 1.015082E-03 2.837244E-04   1	    2	    0	    0	 4884
  5567 8.202902E-04 8.044383E-04 1.305641E-03   2	 1792	 3183	    0	    0	 6074	11019
  5568 7.449408E-04 8.044992E-04 4.953792E-04   1	   13	    0	    0	 4978
  5569 8.255590E-04 7.199808E-04 1.020270E-03   2	  881	 3002	    0	    0	10793	 5936
  5570 7.607687E-04 2.529914E-04 3.898004E-04   1	 5844	    0	    0	 5136
  5571 2.842013E-04 6.910080E-05 4.741998E-04   1	 1848	    0	    0	 2556
  5572 7.873920E-05 9.551947E-04 1.664278E-04   1	 4790	    0	    0	10119
  5573 3.091008E-04 3.711820E-04 3.705408E-04   0	    0	    0
  5574 1.263992E-03 3.459632E-05 3.194722E-04   4	    0	  823	 1537	 2016	    0	    1	 8990	 8763	 9131	 9144
  5575 6.873273E-04 5.529792E-04 9.571250E-04   3	   60	 4305	 5385	    0	    0	 4427	 4440	 4400
  5576 1.094419E-03 8.748770E-04 9.350208E-04   0	    0	    0
  5577 3.398592E-04 2.111808E-04 5.641813E-04   5	 1049	 1974	 2305	 3100	 6486	    0	    0	 2806	 2676	 2882	 2743	 2864
  5578 7.257933E-04 1.468808E-04 9.119808E-04   0	    0	    0
  5579 8.274864E-04 1.040659E-03 1.102099E-03   2	 5005	 6085	    0	    0	 6210	 6212
  5580 2.764479E-04 1.012280E-03 5.593290E-04   1	 3843	    0	    0	10652
  5581 3.686083E-04 1.284150E-05 3.086733E-04   3	 1301	 1410	 2161	    0	    0	 9127	 2879	 2912
  5582 7.459614E-05 3.018963E-04 3.244608E-04   0	    0	    0
  5583 7.838043E-04 7.440000E-04 9.836752E-04   3	  587	 1268	 1303	    0	    0	 5412	 5628	 5381
  5584 7.492403E-04 9.302232E-04 1.007017E-03   1	  117	    0	    0	10784
  5585 6.349021E-04 7.637206E-04 1.050259E-03   0	    0	    0
  5586 2.805649E-05 5.923274E-04 1.302733E-03   0	    0	    0
  5587 3.916608E-04 4.656224E-04 1.283182E-03   0	    0	    0
  5588 1.430156E-04 8.390127E-04 5.222208E-04   2	 2179	 3604	    0	    0	 1211	 1299
  5589 1.488200E-04 1.133245E-03 6.355475E-04   3	   58	  204	 6749	    0	    0	10682	 1502	 1396
  5590 3.561509E-04 3.859008E-04 2.883778E-06   3	 1440	 1705	 5439	    0	    0	 2889	 9382	 9366
  5591 3.753468E-04 3.336268E-04 2.348096E-05   2	 1440	 3340	    0	    0	 2937	 2888
  5592 8.539678E-04 5.923200E-04 9.542151E-04   1	  619	    0	    0	 6383
  5593 7.718664E-04 6.535557E-04 5.260536E-04   2	   15	 3570	    0	    0	 9638	 9642
  5594 3.859008E-04 2.572536E-04 1.464210E-03   0	    0	    0
  5595 9.158662E-04 2.484067E-04 1.459821E-03   0	    0	    0
  5596 2.111743E-04 7.055995E-04 3.724608E-04   5	 1857	 2412	 4502	 5652	 5760	    0	    0	 2017	 2101	 1849	 2085	 1825
  5597 1.052179E-03 6.700544E-04 9.979590E-04   4	 2933	 3334	 6194	 6225	    0	    0	 7879	 7847	 7857	 7811
  5598 7.785350E-04 8.793853E-04 1.007555E-03   1	 5026	    0	    0	 9929
  5599 2.949448E-04 8.908608E-04 3.155030E-04   1	 4319	    0	    0	 2608
  5600 1.228545E-04 1.243200E-03 2.273056E-04   3	  222	  653	 2224	    0	    0	 1064	 1162	10459
  5601 1.173096E-03 2.592000E-05 3.825280E-04   1	 1997	    0	    0	 8382
  5602 8.400172E-04 8.860717E-04 1.372343E-03   3	  443	  632	  648	    0	    0	 9941	11059	 6119
  5603 8.021176E-04 6.316608E-04 3.456192E-04   2	  164	 1075	    0	    0	 5821	 5869
  5604 2.318695E-04 7.283120E-04 2.989078E-04   1	 3930	    0	    0	 9724
  5605 2.603696E-04 8.995084E-04 5.366353E-04   4	  189	  601	 2783	 3450	    0	    0	10021	 2397	 9966	 2364
  5606 1.114336E-03 1.008018E-04 1.593824E-04   3	 1956	 2780	 4203	    0	    0	 8052	 8083	 8044
  5607 7.968192E-04 1.069459E-03 1.316665E-03   2	  423	  901	    0	    0	 5890	 5615
  5608 9.894305E-04 8.846693E-04 9.187120E-04   2	 4256	 5361	    0	    0	 7600	 7612
  5609 6.485159E-04 1.219200E-04 1.490896E-03   1	 3461	    0	    0	 3887
  5610 1.804603E-04 1.080979E-03 4.838592E-04   4	  350	  429	  590	  800	    0	    0	 1525	 1544	10629	 1817
  5611 1.271642E-03 1.000301E-03 1.078584E-03   2	    0	 2822	    0	    1	 9061	 8860
  5612 3.494208E-04 2.603788E-04 1.344196E-04   3	   12	   20	 3207	    0	    0	 2835	 2815	10393
  5613 1.147221E-03 1.391844E-04 3.252220E-04   2	 1177	 1659	    0	    0	 8194	 8222
  5614 1.196750E-03 8.313408E-04 7.699392E-04   1	 5235	    0	    0	 8358
  5615 4.012608E-04 4.335646E-04 3.116502E-05   1	 4800	    0	    0	 9403
  5616 7.862400E-04 8.858677E-04 3.454080E-05   3	   10	   39	 3023	    0	    0	 5520	 5646	 5621
  5617 6.916478E-04 7.689474E-04 7.161792E-04   0	    0	    0
  5618 4.377408E-04 9.926592E-04 4.161918E-04   1	    2	    0	    0	 3084
  5619 5.854501E-05 9.050678E-04 4.416192E-04   1	 4607	    0	    0	  579
  5620 2.231635E-04 9.081792E-04 3.851628E-04   1	 4470	    0	    0	 2214
  5621 7.553048E-04 1.079059E-03 1.141433E-03   5	  503	  963	 1847	 4118	 6154	    0	    0	10280	 5196	 5195	 5009	 5277
  5622 2.150592E-04 1.180819E-03 5.631822E-04   3	 1332	 4171	 5661	    0	    0	 2237	 2150	 2175
  5623 3.715163E-04 7.797880E-05 2.246208E-04   2	 2130	 4900	    0	    0	 2926	 2933
  5624 4.902239E-04 1.152952E-03 1.133538E-03   2	    1	 1691	    0	    0	 3243	10314
  5625 7.545792E-04 8.438309E-04 9.657792E-04   2	 2936	 5394	    0	    0	 5320	 5161
  5626 9.273792E-04 2.067509E-04 1.249165E-03   1	 5112	    0	    0	10960
  5627 2.716777E-04 3.383675E-04 1.016634E-03   3	 1144	 2960	 5039	    0	    0	 2467	 9339	10789
  5628 2.680523E-04 5.687679E-04 1.002221E-03   1	 2912	    0	    0	 9524
  5629 3.820800E-06 7.353408E-04 4.003071E-04   1	   -1	    1	    0	   81
  5630 7.238592E-04 2.442753E-04 3.078273E-04   2	 1875	 4544	    0	    0	 4589	 4766
  5631 8.830080E-05 5.702208E-04 4.562175E-04   0	    0	    0
  5632 7.747200E-04 3.705408E-04 4.198680E-04   3	 3267	 5787	 6555	    0	    0	 5182	 5476	 5545
  5633 1.201939E-03 4.579209E-04 1.528750E-03   2	    8	 4798	    0	    0	 8436	 8519
  5634 1.192298E-03 5.875008E-04 8.486119E-04   2	 1973	 3967	    0	    0	 9556	10705
  5635 6.118566E-04 5.755465E-04 1.088659E-03   3	  324	 4997	 6113	    0	    0	 3613	 9515	 3630
  5636 6.918107E-04 2.707008E-04 2.570664E-05   0	    0	    0
  5637 1.208636E-03 1.132992E-04 2.813077E-04   0	    0	    0
  5638 4.752000E-04 1.244601E-03 1.350720E-03   2	    1	 2213	    0	    0	 3197	 3200
  5639 1.208992E-03 1.406125E-04 1.633137E-05   1	  816	    0	    0	 8437
  5640 8.000320E-04 5.659537E-04 3.167808E-04   0	    0	    0
  5641 6.594872E-04 1.218752E-03 7.873920E-05   1	    2	    0	    0	 3997
  5642 1.234579E-03 4.222080E-05 2.615503E-04   3	 2522	 4925	 5959	    0	    0	 8581	 9150	 8654
  5643 9.409920E-05 1.241280E-03 2.790307E-04   5	  782	 2224	 4550	 5938	 5947	    0	    0	10482	  870	  871	  813	  723
  5644 9.644642E-05 7.507008E-04 4.934208E-04   3	 1755	 6456	 6583	    0	    0	10618	 9773	  798
  5645 1.187503E-03 1.159222E-03 1.171219E-03   4	 1229	 3022	 5082	 5098	    0	    0	10323	10328	 8667	 8491
  5646 2.414757E-04 8.726400E-04 4.780608E-04   5	  860	 1220	 2376	 3171	 6535	    0	    0	 2438	 2315	 2472	 2171	10600
  5647 8.357989E-04 7.651012E-04 1.203100E-03   1	  223	    0	    0	 6024
  5648 8.371392E-04 9.984192E-04 1.071341E-03   2	  206	  219	    0	    0	10849	 6391
  5649 2.160406E-04 9.888427E-05 5.218072E-04   2	 2450	 4626	    0	    0	 2173	 2023
  5650 7.944263E-04 7.272444E-04 9.093292E-04   3	  266	 2540	 6623	    0	    0	 5768	 5626	 9717
  5651 1.096766E-03 5.049792E-04 1.055981E-03   5	  677	 3010	 6180	 6234	 6246	    0	    0	 9461	 7931	 8015	 8106	 9459
  5652 2.165147E-04 6.937430E-04 4.003150E-04   6	 2412	 4502	 4702	 5596	 5760	 6549	    0	    0	 2118	 1920	 9709	 2085	 1851	 1921
  5653 7.521983E-04 8.966592E-04 1.418861E-03   4	  167	 1108	 1254	 1854	    0	    0	 5102	 9973	10004	 5101
  5654 8.083008E-04 1.203859E-03 8.371392E-04   2	   28	  202	    0	    0	 5896	10703
  5655 1.081912E-03 2.376422E-04 2.256182E-04   1	 2317	    0	    0	 7953
  5656 9.467153E-05 9.955032E-04 5.073311E-04   5	   23	 1681	 2351	 3455	 4638	    0	    0	10181	  682	  681	  770	  819
  5657 1.125316E-04 6.096176E-04 8.471561E-04   1	 3128	    0	    0	  920
  5658 1.797273E-04 1.017619E-03 3.638307E-04   3	 2033	 2503	 5741	    0	    0	 1811	 1730	 1570
  5659 6.585408E-04 8.454041E-04 1.012472E-03   6	   63	   90	  155	  221	 3081	 4015	    0	    0	 3925	 9859	 3936	 4004	10782	 4003
  5660 7.056064E-04 8.136280E-04 1.391040E-03   4	 1124	 1942	 2515	 6672	    0	    0	 9826	 4452	 4453	 4643
  5661 2.327716E-04 1.192301E-03 5.510592E-04   3	 1332	 4171	 5622	    0	    0	 2277	 2193	 2175
  5662 1.526640E-04 1.198099E-03 5.176598E-04   2	 2612	 3640	    0	    0	 1499	 1298
  5663 1.986971E-04 8.131249E-04 5.745271E-04   3	 2504	 2957	 5328	    0	    0	10656	 1995	 1764
  5664 9.209676E-04 6.669895E-04 1.248019E-03   3	  419	  767	 3359	    0	    0	 9676	10975	 7203
  5665 9.408192E-04 6.343552E-04 1.457261E-03   1	  670	    0	    0	 7353
  5666 1.202859E-03 3.018847E-04 1.481289E-03   2	  298	 3163	    0	    0	 8537	 8569
  5667 3.935591E-05 1.021459E-03 2.999748E-04   2	 3861	 4539	    0	    0	  622	10491
  5668 1.136659E-03 8.764800E-04 9.441925E-04   1	 6627	    0	    0	 8130
  5669 7.017601E-04 5.073350E-04 1.149124E-03   2	  720	 1905	    0	    0	 4432	 9446
  5670 9.398478E-04 5.325734E-04 1.444468E-03   1	 3816	    0	    0	 9471
  5671 6.066866E-04 1.612992E-04 4.070208E-04   3	 1168	 1198	 1884	    0	    0	 3656	 3698	 3573
  5672 6.508992E-04 7.780579E-04 1.114219E-03   1	  246	    0	    0	 3908
  5673 1.024329E-03 1.330831E-04 2.349917E-04   2	  286	 4849	    0	    0	 9204	 7804
  5674 6.145920E-05 8.417125E-04 5.438001E-04   2	 6428	 6438	    0	    0	10645	  712
  5675 4.003281E-04 1.497408E-04 9.099450E-05   0	    0	    0
  5676 6.710563E-04 6.040549E-04 1.258536E-03   3	  508	  722	 3275	    0	    0	 9566	 9549	 4284
  5677 8.275008E-04 1.324608E-04 7.560253E-04   4	 1929	 2301	 4037	 4094	    0	    0	 5746	 6059	 6041	 6320
  5678 7.790623E-04 8.275008E-04 1.295380E-03   4	  765	  873	 1445	 2151	    0	    0	 5398	 5535	 5642	 5584
  5679 4.627008E-04 1.155859E-03 1.415982E-03   3	    1	 3653	 6764	    0	    0	 3204	 3190	 3141
  5680 6.518546E-04 1.708992E-04 1.685167E-04   1	  953	    0	    0	 3888
  5681 1.018560E-03 9.601920E-05 2.208192E-04   4	  125	 1342	 2118	 3126	    0	    0	 7716	10440	 7712	 7782
  5682 7.300333E-04 5.807825E-04 8.908992E-04   2	 3478	 5366	    0	    0	 4798	 4979
  5683 1.193281E-03 8.808425E-04 9.801600E-04   3	 1503	 1584	 4067	    0	    0	 9969	 8391	 9963
  5684 7.712235E-04 5.303583E-04 1.235168E-03   4	  397	  603	 1500	 2492	    0	    0	 5561	 9467	 5444	 5507
  5685 1.121299E-03 2.976192E-04 1.434259E-03   2	   32	 1498	    0	    0	 8081	 9320
  5686 1.153901E-03 1.392009E-04 4.354137E-05   0	    0	    0
  5687 2.355351E-04 6.666824E-04 8.678208E-04   2	  560	 2457	    0	    0	10726	 2240
  5688 3.001309E-04 1.049276E-03 5.383417E-04   1	   51	    0	    0	 2632
  5689 3.763008E-04 5.975673E-04 3.340608E-04   0	    0	    0
  5690 8.290003E-04 5.116815E-04 1.091531E-03   5	   44	  191	  274	  361	 1703	    0	    0	 6067	 6184	 6183	 6182	 6065
  5691 8.211906E-05 1.164463E-03 2.643362E-04   3	   85	  222	 5946	    0	    0	  672	  671	  779
  5692 9.886536E-05 8.241294E-04 5.404918E-04   1	 5265	    0	    0	  822
  5693 9.792192E-04 8.736192E-04 9.688441E-04   3	 4256	 6215	 6693	    0	    0	 7614	 7681	 7515
  5694 1.967845E-04 8.927808E-04 5.053993E-04   3	 2683	 2697	 3450	    0	    0	 9962	 1929	10017
  5695 1.627478E-04 9.475174E-04 3.235295E-04   1	 4018	    0	    0	 1729
  5696 1.737375E-04 9.189288E-04 2.678400E-04   2	 2260	 5930	    0	    0	 1644	 1403
  5697 2.046927E-04 1.105311E-03 3.427200E-04   4	  737	 4392	 4558	 4591	    0	    0	 2047	 1892	10510	10516
  5698 1.180781E-03 1.065584E-04 8.510155E-05   0	    0	    0
  5699 5.591505E-04 1.138109E-03 1.151808E-04   2	    2	 5750	    0	    0	 3418	10319
  5700 7.694719E-04 4.334707E-04 3.619223E-04   2	 2688	 5755	    0	    0	 5259	 9404
  5701 3.556416E-04 9.993577E-04 3.614130E-04   2	   21	 4495	    0	    0	 2820	10185
  5702 1.032436E-04 2.547387E-04 1.163727E-04   2	  851	  852	    0	    0	10390	  853
  5703 9.790080E-05 9.686340E-04 1.178656E-04   1	 1275	    0	    0	  923
  5704 1.526400E-04 8.462713E-04 3.402847E-04   1	 4587	    0	    0	 1341
  5705 1.559663E-04 9.969197E-04 3.661019E-04   2	 3733	 4260	    0	    0	 1381	 1385
  5706 1.622165E-04 1.041090E-03 3.655475E-04   4	   85	 2431	 4222	 5741	    0	    0	 1279	 1472	 1495	 1278
  5707 5.996471E-05 2.399808E-04 3.661019E-04   0	    0	    0
  5708 5.414208E-04 3.806091E-04 3.660975E-04   2	  876	 1528	    0	    0	 9383	 3397
  5709 1.187183E-03 5.750391E-04 7.827934E-05   1	 2809	    0	    0	 8345
  5710 1.232194E-03 8.329215E-05 1.200030E-04   3	 1728	 3214	 5987	    0	    0	 8684	 9160	 9167
  5711 7.148371E-05 2.596496E-04 1.197965E-04   1	  852	    0	    0	  657
  5712 4.540719E-04 4.844034E-05 3.676867E-04   2	  293	  551	    0	    0	 3174	 9140
  5713 1.233600E-03 3.745024E-05 1.353600E-04   2	  358	 1238	    0	    0	 8631	 8685
  5714 1.830181E-04 1.097271E-03 3.667008E-04   1	 2488	    0	    0	10536
  5715 3.891419E-04 7.870080E-05 1.199992E-04   2	 1297	 3770	    0	    0	 2946	 9161
  5716 7.876438E-04 3.076512E-04 3.638400E-04   2	 1441	 5724	    0	    0	 5622	 5523
  5717 1.958592E-04 6.575974E-04 3.427200E-04   2	 2953	 6069	    0	    0	 1986	 1844
  5718 2.428800E-04 8.287126E-04 3.633274E-04   0	    0	    0
  5719 3.989070E-04 2.414867E-04 1.180786E-04   1	   12	    0	    0	 2965
  5720 2.457408E-04 1.054061E-03 3.417792E-04   6	  110	 1284	 1606	 2033	 3665	 3773	    0	    0	 2516	 2312	 2487	 2212	 2420	 2531
  5721 1.123169E-04 7.209592E-04 1.175695E-04   0	    0	    0
  5722 1.367567E-04 9.475227E-04 3.636262E-04   1	 3678	    0	    0	  931
  5723 9.744000E-04 6.823518E-04 3.551808E-04   0	    0	    0
  5724 7.764312E-04 3.081621E-04 3.513408E-04   1	 5716	    0	    0	 5523
  5725 1.041303E-04 4.296378E-04 3.547492E-04   1	 2606	    0	    0	  988
  5726 2.036805E-05 2.296653E-04 3.561600E-04   0	    0	    0
  5727 1.030587E-03 6.547008E-04 3.561600E-04   1	 2365	    0	    0	 9625
  5728 3.715200E-04 6.600344E-04 1.521962E-03   0	    0	    0
  5729 1.896348E-04 4.823676E-04 9.696836E-05   0	    0	    0
  5730 3.792000E-04 2.795706E-04 9.748304E-05   2	 3207	 5736	    0	    0	 2932	 2938
  5731 3.748413E-04 2.995392E-04 1.008000E-04   2	   57	 5736	    0	    0	 9316	 2939
  5732 1.239368E-03 2.039693E-04 3.518060E-04   1	 2029	    0	    0	 8707
  5733 1.136659E-03 1.102014E-04 1.086905E-04   0	    0	    0
  5734 3.297998E-04 1.137257E-04 1.007934E-04   2	  549	 1329	    0	    0	 2749	 9191
  5735 1.247808E-04 9.772608E-04 3.523179E-04   2	 3636	 3678	    0	    0	10535	 1000
  5736 3.873923E-04 2.908791E-04 1.013156E-04   3	 1295	 5730	 5731	    0	    0	 2915	 2938	 2939
  5737 2.016000E-05 1.001280E-03 3.523269E-04   0	    0	    0
  5738 9.350208E-04 9.600000E-07 1.070758E-04   1	  701	    0	    0	 9125
  5739 1.118090E-04 1.029571E-03 3.506106E-04   3	   85	 5746	 6027	    0	    0	  987	  830	10521
  5740 2.371088E-04 1.001282E-03 3.597796E-04   1	   21	    0	    0	10183
  5741 1.545600E-04 1.026582E-03 3.597747E-04   4	   85	 5658	 5706	 5747	    0	    0	10215	 1570	 1278	 1342
  5742 3.801792E-04 1.041305E-04 1.147480E-04   1	 3736	    0	    0	 9175
  5743 1.677955E-04 2.572992E-04 3.596490E-04   1	 1028	    0	    0	10534
  5744 1.674830E-04 1.718366E-04 8.928697E-05   2	  727	 4283	    0	    0	10381	 1486
  5745 4.247658E-04 4.116113E-04 1.147548E-04   1	 1109	    0	    0	 3034
  5746 8.491114E-05 1.044033E-03 3.455808E-04   3	   85	 1170	 5739	    0	    0	  748	  707	  830
  5747 1.505089E-04 1.018560E-03 3.449819E-04   4	   85	  568	 5741	 6027	    0	    0	 1340	 1218	 1342	 1219
  5748 7.459200E-04 3.043200E-04 3.619175E-04   2	 3716	 5819	    0	    0	 9317	10539
  5749 5.884973E-04 1.155821E-03 1.151808E-04   2	    2	 5750	    0	    0	 3509	 3477
  5750 5.567808E-04 1.165459E-03 1.143111E-04   3	    2	 5699	 5749	    0	    0	 3412	10319	 3477
  5751 8.577966E-04 7.804768E-04 1.098848E-04   4	   10	   14	  839	 3180	    0	    0	 6420	 9791	 6715	 6600
  5752 1.103034E-03 1.564800E-04 9.555892E-05   1	 2794	    0	    0	 9231
  5753 5.472000E-05 6.079016E-04 9.098619E-05   0	    0	    0
  5754 3.062400E-04 2.160000E-04 9.142214E-05   0	    0	    0
  5755 7.710983E-04 4.214362E-04 3.622563E-04   1	 5700	    0	    0	 9404
  5756 4.460581E-04 3.350400E-04 1.128349E-04   0	    0	    0
  5757 1.737730E-04 9.146692E-04 3.584205E-04   0	    0	    0
  5758 2.212472E-04 9.222228E-04 3.585915E-04   1	 4498	    0	    0	 2048
  5759 6.764946E-05 9.047595E-04 3.974208E-04   2	 1868	 3727	    0	    0	  675	  643
  5760 1.713254E-04 6.940861E-04 3.970034E-04   4	 4502	 5596	 5652	 6549	    0	    0	 1850	 1825	 1851	 1812
  5761 2.947200E-04 2.697519E-04 1.195907E-05   1	 5154	    0	    0	10354
  5762 3.830478E-04 4.800000E-06 1.282186E-05   0	    0	    0
  5763 8.260495E-04 4.809582E-04 1.004389E-05   0	    0	    0
  5764 2.607601E-05 1.144482E-04 4.012992E-04   1	  821	    0	    0	  468
  5765 7.305600E-04 9.600000E-07 1.388415E-05   1	 5520	    0	    0	10353
  5766 7.579517E-04 2.812834E-04 3.983851E-04   4	 3255	 5808	 5819	 5843	    0	    0	 5025	10549	 5231	 9303
  5767 1.254203E-03 3.312000E-04 1.440016E-05   0	    0	    0
  5768 1.241280E-03 5.018596E-04 1.299668E-05   3	   29	  483	 5007	    0	    0	 8701	 8738	 8737
  5769 1.216320E-03 8.114143E-04 3.262080E-05   3	   30	  159	  726	    0	    0	 8577	 8438	10356
  5770 9.888000E-05 1.329254E-04 3.219395E-05   0	    0	    0
  5771 1.257600E-04 1.193269E-03 3.907348E-04   2	   23	  428	    0	    0	  934	10547
  5772 7.900800E-04 1.158206E-03 2.749814E-05   1	    2	    0	    0	 5494
  5773 7.864572E-04 4.214368E-04 3.926375E-04   2	 3344	 4347	    0	    0	 5647	10557
  5774 2.255955E-04 7.806886E-04 3.928561E-04   1	 2729	    0	    0	 2330
  5775 2.207998E-05 2.064000E-04 3.574059E-05   2	  687	  827	    0	    0	 9260	  317
  5776 1.133757E-03 1.276742E-04 3.500458E-05   1	 2611	    0	    0	 8119
  5777 8.476908E-04 8.976000E-04 2.761816E-05   3	   39	  486	 1517	    0	    0	 6521	 6539	 9979
  5778 1.875378E-05 4.799898E-06 2.540676E-05   1	 5532	    0	    0	  442
  5779 8.188800E-04 1.262052E-03 2.377638E-05   1	 4803	    0	    0	 5931
  5780 9.600000E-07 9.628800E-04 3.940425E-04   2	   -1	 4692	    1	    0	   85	  291
  5781 1.463666E-04 9.642816E-04 3.945541E-04   1	 4260	    0	    0	10132
  5782 4.601776E-04 8.016193E-04 2.733105E-05   1	   54	    0	    0	 3157
  5783 1.256298E-03 2.880000E-06 2.805102E-05   0	    0	    0
  5784 4.847953E-04 1.161581E-03 1.460165E-03   1	    1	    0	    0	 3224
  5785 1.188924E-03 4.900437E-04 9.600000E-07   1	  346	    0	    0	 9447
  5786 7.670400E-04 2.983402E-04 4.041600E-04   1	 6552	    0	    0	 5450
  5787 7.809926E-04 3.835491E-04 4.041669E-04   1	 5632	    0	    0	 5476
  5788 2.976192E-04 3.984000E-04 9.600000E-07   2	 1972	 4528	    0	    0	 2628	 2706
  5789 1.948758E-04 7.595869E-04 4.080000E-04   0	    0	    0
  5790 2.447855E-04 9.688625E-04 4.085144E-04   4	   21	  414	 4173	 6548	    0	    0	 2261	 2247	10563	10085
  5791 1.190592E-04 8.937669E-04 4.060891E-04   1	 3926	    0	    0	 1222
  5792 1.295934E-04 9.511383E-04 4.060926E-04   1	 4699	    0	    0	10081
  5793 6.998400E-04 5.556196E-04 1.535040E-03   0	    0	    0
  5794 1.204800E-03 8.691418E-04 8.647694E-06   1	 1448	    0	    0	 9913
  5795 7.972445E-04 8.361693E-04 8.120901E-06   1	 5506	    0	    0	 5820
  5796 1.125854E-03 7.065792E-04 8.640000E-06   2	   35	 3029	    0	    0	 8165	 8113
  5797 2.290996E-04 2.020457E-04 8.640000E-06   0	    0	    0
  5798 1.222080E-03 1.332352E-04 8.298137E-06   0	    0	    0
  5799 9.033600E-04 9.412461E-04 9.600000E-07   2	  486	 1352	    0	    0	10050	 7034
  5800 1.118917E-03 5.182080E-05 4.039505E-04   0	    0	    0
  5801 9.258871E-04 7.132791E-04 4.022400E-04   1	 1611	    0	    0	 7200
  5802 1.216320E-03 8.452413E-04 4.018981E-04   2	 3131	 4211	    0	    0	 9860	 8487
  5803 1.094845E-03 6.628444E-04 1.466899E-03   0	    0	    0
  5804 7.979648E-04 2.716800E-04 3.753600E-04   2	 4526	 5819	    0	    0	 5623	 5544
  5805 3.964785E-04 8.129067E-04 5.997009E-05   0	    0	    0
  5806 1.163071E-03 4.371740E-05 6.432185E-05   0	    0	    0
  5807 1.016640E-03 9.653083E-04 6.291213E-05   2	 2666	 3856	    0	    0	10104	 7761
  5808 7.555200E-04 2.733869E-04 3.734337E-04   4	 3255	 3651	 5766	 5819	    0	    0	 5050	 5049	10549	 5230
  5809 1.166912E-03 6.153674E-04 6.240240E-05   1	   35	    0	    0	 8252
  5810 1.353600E-04 1.012578E-03 3.731040E-04   1	 3349	    0	    0	 1145
  5811 2.025527E-04 9.855782E-04 3.772854E-04   5	   21	 2264	 2503	 3541	 4222	    0	    0	 2007	10131	 1987	10130	 1847
  5812 3.547546E-04 2.739419E-04 1.467840E-03   0	    0	    0
  5813 2.832000E-04 8.433224E-04 5.663647E-05   1	  245	    0	    0	 9856
  5814 5.472000E-05 7.233971E-04 5.664245E-05   2	 4814	 5847	    0	    0	10371	  512
  5815 1.089388E-03 1.315169E-04 5.698133E-05   2	 1827	 1925	    0	    0	 7973	10367
  5816 1.022612E-03 8.875227E-05 5.804665E-05   1	  125	    0	    0	 7737
  5817 9.000272E-04 8.577955E-04 7.059285E-05   2	  486	 1334	    0	    0	 6838	 6995
  5818 8.855694E-04 8.323252E-04 6.955428E-05   2	  381	  400	    0	    0	 6916	 6951
  5819 7.718208E-04 2.870403E-04 3.705408E-04   4	 5748	 5766	 5804	 5808	    0	    0	10539	 5231	 5544	 5230
  5820 1.823808E-04 2.777819E-04 3.711781E-04   0	    0	    0
  5821 2.207808E-04 7.860307E-04 3.699331E-04   0	    0	    0
  5822 1.197157E-05 7.843200E-04 3.786759E-04   2	   -1	 4468	    1	    0	   84	  338
  5823 1.233592E-03 1.526454E-04 6.867497E-05   1	 1217	    0	    0	10374
  5824 2.121600E-04 5.312132E-06 6.867509E-05   0	    0	    0
  5825 1.132819E-03 1.342080E-05 4.357181E-05   1	 4808	    0	    0	 8118
  5826 1.779399E-04 9.475225E-04 3.868794E-04   0	    0	    0
  5827 1.277760E-03 4.473408E-04 4.670066E-05   3	    0	   29	 2575	    0	    1	 8931	 8877	10361
  5828 1.862208E-04 8.651795E-04 3.853019E-04   0	    0	    0
  5829 1.269564E-03 1.017619E-03 4.534060E-05   1	   16	    0	    0	 8852
  5830 1.196591E-04 1.343808E-04 4.460238E-05   3	 1370	 4792	 5831	    0	    0	 9210	 1101	 1008
  5831 1.142400E-04 1.194903E-04 4.490369E-05   2	 1134	 5830	    0	    0	 9174	 1008
  5832 1.277760E-03 9.160229E-06 4.512000E-05   1	    0	    0	    1	 8932
  5833 8.640000E-06 8.769925E-04 3.893270E-04   2	   -1	 1039	    1	    0	   77	  256
  5834 1.054061E-03 1.165019E-04 3.692811E-05   2	 1925	 4086	    0	    0	 9185	 7900
  5835 9.648000E-04 1.002680E-03 3.499870E-05   2	  989	 1184	    0	    0	 7449	 7475
  5836 4.865000E-04 9.206400E-04 3.551186E-05   2	  163	  348	    0	    0	10045	 3217
  5837 1.924310E-04 1.227322E-03 3.882814E-04   3	  669	 1497	 2276	    0	    0	 2100	 2005	10554
  5838 3.659672E-04 1.536192E-04 4.127419E-05   0	    0	    0
  5839 1.083322E-03 8.544000E-05 4.149592E-05   3	  662	  820	 4086	    0	    0	 7933	 7982	 7925
  5840 1.248445E-03 7.763021E-04 4.704000E-05   2	   30	   49	    0	    0	 8748	 8739
  5841 1.249474E-03 1.444468E-04 3.878592E-04   5	 1118	 1326	 2243	 3610	 5849	    0	    0	 8767	 8809	 8752	 9217	 8709
  5842 6.675327E-05 2.030726E-04 3.893154E-04   0	    0	    0
  5843 7.382365E-04 3.263808E-04 3.816366E-04   3	 3267	 3716	 5766	    0	    0	 4977	 4948	 9303
  5844 7.550048E-04 2.433895E-04 3.806083E-04   1	 5570	    0	    0	 5136
  5845 4.101241E-04 2.870400E-04 5.278863E-05   4	  557	  894	 1310	 3510	    0	    0	 9301	 2976	 2990	 3005
  5846 3.552000E-05 8.899312E-04 3.797190E-04   1	  897	    0	    0	  491
  5847 4.125903E-05 7.382419E-04 5.420788E-05   2	 3858	 5814	    0	    0	  550	  512
  5848 2.049918E-04 1.122235E-03 3.791944E-04   3	 1341	 3418	 4475	    0	    0	 2051	 2006	 1790
  5849 1.233768E-03 1.228608E-04 3.801792E-04   3	  977	 1326	 5841	    0	    0	 9171	 8741	 8709
  5850 1.161534E-04 1.531506E-04 3.807781E-04   4	  741	  835	 1079	 2046	    0	    0	  947	10542	  989	  933
  5851 9.091106E-04 7.823949E-04 4.844667E-05   2	  381	  839	    0	    0	 6915	10369
  5852 3.412178E-05 9.283291E-04 3.830400E-04   1	 3206	    0	    0	10072
  5853 2.779600E-04 9.453871E-04 3.828378E-04   1	 4173	    0	    0	 2448
  5854 1.175624E-04 1.002221E-03 3.828190E-04   5	 3349	 3390	 3636	 4338	 4530	    0	    0	10194	 1067	 1031	  969	  873
  5855 2.212511E-04 9.842077E-04 2.837166E-04   3	  110	  924	 5949	    0	    0	 2099	10484	 2181
  5856 2.259672E-05 8.457691E-04 2.079781E-04   0	    0	    0
  5857 1.258037E-03 3.202187E-05 2.847807E-04   0	    0	    0
  5858 1.097792E-03 6.274952E-05 2.849128E-04   1	 1885	    0	    0	 8045
  5859 8.188800E-04 4.748494E-04 2.135728E-04   1	  832	    0	    0	 9435
  5860 1.159699E-03 2.107501E-04 2.140698E-04   1	 3854	    0	    0	 8273
  5861 1.176518E-03 1.559631E-04 2.145983E-04   0	    0	    0
  5862 1.263341E-03 6.573138E-05 2.835417E-04   2	  725	 4366	    0	    0	 8705	 8890
  5863 1.224339E-03 1.202081E-04 2.150208E-04   2	 1826	 2694	    0	    0	 9181	 8597
  5864 4.126604E-05 4.126604E-05 2.140839E-04   0	    0	    0
  5865 7.583448E-05 9.686400E-04 2.126781E-04   2	  604	  923	    0	    0	10124	  649
  5866 1.083833E-03 2.140860E-04 2.116501E-04   2	  286	 2317	    0	    0	 7937	 7966
  5867 1.248962E-03 6.573098E-05 2.131008E-04   3	  358	 4925	 5948	    0	    0	 9147	10447	 8750
  5868 1.875670E-05 3.795812E-05 2.066120E-04   0	    0	    0
  5869 1.658636E-04 1.055551E-03 2.069252E-04   3	  110	  218	 3811	    0	    0	 1418	10248	 1537
  5870 1.704302E-04 9.441955E-04 2.064000E-04   3	 3057	 4839	 5954	    0	    0	10089	10448	 1752
  5871 1.122023E-03 1.214082E-04 2.212453E-04   2	 3828	 5547	    0	    0	 8131	 8110
  5872 1.027158E-04 1.026219E-03 2.207808E-04   6	  504	  807	  923	 1715	 2330	 5961	    0	    0	  744	  763	10189	10442	  887	  693
  5873 3.987378E-04 8.592017E-04 1.499069E-03   1	    1	    0	    0	 9888
  5874 1.047360E-03 1.051608E-04 2.198468E-04   4	 2118	 2991	 3126	 4849	    0	    0	 7792	 7870	 7862	 7855
  5875 1.461300E-05 1.357019E-04 2.240219E-04   1	   -1	    1	    0	   43
  5876 5.566080E-05 5.111672E-04 2.214181E-04   0	    0	    0
  5877 4.296337E-04 2.313600E-04 2.177149E-04   1	   12	    0	    0	 3072
  5878 1.204792E-03 1.397166E-04 2.816219E-04   1	  814	    0	    0	 9214
  5879 1.389778E-04 2.208000E-05 2.173993E-04   2	  184	 1871	    0	    0	 9135	 1161
  5880 1.896354E-04 8.688000E-04 2.870409E-04   3	 3106	 5896	 5955	    0	    0	 1755	 1809	 1865
  5881 2.406285E-04 9.517018E-04 2.793621E-04   1	 3986	    0	    0	10068
  5882 2.976000E-05 9.600000E-07 2.198400E-04   2	  846	 4934	    0	    0	  371	  370
  5883 3.551969E-05 9.765214E-04 2.179212E-04   0	    0	    0
  5884 6.291564E-05 8.133370E-04 2.179200E-04   0	    0	    0
  5885 1.814400E-04 7.118759E-04 2.177002E-04   2	 4920	 5886	    0	    0	 1723	 1783
  5886 1.958592E-04 7.050909E-04 2.184287E-04   3	 1987	 4920	 5885	    0	    0	 1935	10441	 1783
  5887 1.242987E-03 2.678417E-04 1.504662E-03   2	  570	 2273	    0	    0	 8727	11098
  5888 1.451703E-04 1.245105E-03 2.928102E-04   2	  782	 2224	    0	    0	10490	 1311
  5889 1.097792E-03 1.116994E-03 1.934783E-04   0	    0	    0
  5890 1.856157E-04 9.604458E-04 1.929600E-04   1	  110	    0	    0	 1913
  5891 1.261892E-03 9.730187E-05 1.977408E-04   0	    0	    0
  5892 1.174591E-03 6.292034E-05 1.962866E-04   5	 3339	 4313	 4898	 4904	 5901	    0	    0	10444	10429	 8254	 9165	 8292
  5893 2.332888E-04 8.106824E-04 2.928000E-04   0	    0	    0
  5894 5.877662E-05 8.438399E-04 2.930113E-04   1	 2460	    0	    0	  562
  5895 1.268160E-03 1.418681E-05 1.973088E-04   1	  358	    0	    0	 8794
  5896 1.862208E-04 8.789108E-04 2.928000E-04   4	 3106	 3950	 4533	 5880	    0	    0	 1728	 1702	 1915	 1809
  5897 1.472219E-04 6.844828E-04 1.929600E-04   0	    0	    0
  5898 1.076163E-03 1.142400E-04 1.929600E-04   2	 2991	 3019	    0	    0	 7936	 9192
  5899 6.069497E-05 3.360000E-05 1.939008E-04   3	 3088	 4217	 4941	    0	    0	10433	  589	10432
  5900 8.787868E-05 6.240440E-05 2.025578E-04   2	  325	 2733	    0	    0	  790	  789
  5901 1.161156E-03 3.603554E-05 2.029019E-04   3	 1675	 4898	 5892	    0	    0	10428	 8253	 8292
  5902 1.071341E-03 1.041262E-04 2.903663E-04   1	 2451	    0	    0	 7873
  5903 6.763451E-05 2.769231E-04 2.044760E-04   2	  692	 4938	    0	    0	  670	  590
  5904 1.454815E-04 5.888456E-04 2.886190E-04   1	 4326	    0	    0	 1337
  5905 2.735966E-04 9.511355E-04 2.913882E-04   1	 3254	    0	    0	 2503
  5906 8.688079E-04 1.080979E-03 1.977408E-04   3	    2	   24	 5558	    0	    0	 6588	 6492	10427
  5907 3.791851E-04 1.000938E-03 1.968000E-04   2	    2	   89	    0	    0	 2940	 2921
  5908 5.663888E-05 7.977607E-04 1.964581E-04   0	    0	    0
  5909 9.600000E-07 5.534027E-04 2.927941E-04   1	   -1	    1	    0	   61
  5910 4.652923E-05 1.416285E-04 2.011557E-04   0	    0	    0
  5911 1.159457E-04 8.019873E-05 2.006471E-04   1	 2733	    0	    0	 1009
  5912 1.087680E-03 5.854965E-05 2.006400E-04   1	 4293	    0	    0	 7983
  5913 1.982041E-04 8.476800E-04 1.987270E-04   0	    0	    0
  5914 1.050679E-03 7.958400E-04 2.906658E-04   1	   67	    0	    0	10481
  5915 5.228443E-05 9.086056E-04 2.903629E-04   0	    0	    0
  5916 3.070080E-05 1.030087E-03 2.444581E-04   2	 3943	 4844	    0	    0	10460	  556
  5917 1.018349E-03 2.494080E-05 2.448000E-04   1	  125	    0	    0	 7722
  5918 5.566080E-05 1.206720E-03 2.469463E-04   1	  222	    0	    0	  527
  5919 2.385212E-04 1.081404E-03 2.634825E-04   3	  140	 3813	 4878	    0	    0	 2308	 2208	 2259
  5920 2.943531E-04 9.684312E-04 2.659200E-04   1	  110	    0	    0	 2620
  5921 5.747012E-04 1.033845E-05 2.425381E-04   0	    0	    0
  5922 1.397166E-04 6.057703E-04 2.680586E-04   0	    0	    0
  5923 2.371232E-04 1.197635E-03 2.681819E-04   2	  842	 2472	    0	    0	 2326	 2209
  5924 1.540469E-04 9.653109E-04 2.428836E-04   2	  923	 4011	    0	    0	 1420	 1464
  5925 4.222080E-05 1.468925E-04 2.438208E-04   1	  325	    0	    0	  561
  5926 1.219189E-04 2.812800E-04 2.678400E-04   3	  366	  692	 1646	    0	    0	 1049	 1048	 1010
  5927 2.231624E-04 1.137604E-03 2.582422E-04   1	 1056	    0	    0	 2095
  5928 1.187862E-03 1.817819E-04 2.601694E-04   0	    0	    0
  5929 1.216327E-03 1.869977E-04 2.599539E-04   2	 3238	 4862	    0	    0	 8542	 9234
  5930 1.337858E-04 9.523008E-04 2.558123E-04   2	 4833	 5696	    0	    0	 1217	 1403
  5931 2.184397E-04 8.399960E-04 2.563200E-04   1	 5964	    0	    0	 9854
  5932 1.084363E-03 4.896370E-05 2.587506E-04   3	 1302	 1885	 2451	    0	    0	 7924	 7960	 7929
  5933 1.118063E-03 8.787301E-05 2.577241E-04   3	 2099	 2801	 4877	    0	    0	 8096	10464	 8060
  5934 1.127782E-03 1.296068E-04 2.582400E-04   1	  214	    0	    0	 9211
  5935 1.055097E-05 9.171347E-04 2.549141E-04   2	   -1	 3368	    1	    0	   50	  300
  5936 1.137391E-03 1.070772E-04 2.502207E-04   1	 4877	    0	    0	10467
  5937 5.330854E-05 1.049796E-03 2.620800E-04   2	  272	  439	    0	    0	  474	  515
  5938 9.120000E-05 1.220165E-03 2.618687E-04   1	 5643	    0	    0	  813
  5939 4.027490E-04 3.014208E-04 2.640060E-04   2	   12	   68	    0	    0	 3010	 2994
  5940 9.576353E-04 4.708453E-04 1.490364E-03   0	    0	    0
  5941 1.804608E-04 7.705362E-04 2.611008E-04   0	    0	    0
  5942 4.458809E-04 4.247645E-04 1.492803E-03   0	    0	    0
  5943 2.222749E-04 8.057818E-04 2.280297E-04   0	    0	    0
  5944 1.493254E-04 6.201408E-04 2.269972E-04   0	    0	    0
  5945 1.201473E-03 2.020438E-04 2.270146E-04   2	  349	 3854	    0	    0	 8497	 8441
  5946 9.482495E-05 1.164487E-03 2.711611E-04   2	   85	 5691	    0	    0	  814	  779
  5947 7.966720E-05 1.242686E-03 2.711703E-04   1	 5643	    0	    0	  723
  5948 1.260476E-03 7.635647E-05 2.256000E-04   1	 5867	    0	    0	 8750
  5949 2.361792E-04 9.873296E-04 2.755117E-04   4	  110	 3371	 4870	 5855	    0	    0	 2160	 2206	 2297	 2181
  5950 5.996212E-05 1.072834E-03 2.238813E-04   0	    0	    0
  5951 1.170759E-03 3.696000E-04 1.498052E-03   1	 4888	    0	    0	 8306
  5952 2.261125E-04 1.177929E-03 2.755124E-04   1	 4880	    0	    0	 2097
  5953 2.612731E-05 9.936000E-04 2.246208E-04   0	    0	    0
  5954 1.933076E-04 9.365121E-04 2.239017E-04   4	  110	 3961	 4839	 5870	    0	    0	 1937	 1886	 1671	 1752
  5955 1.929854E-04 8.534565E-04 2.738154E-04   2	 2796	 5880	    0	    0	 1786	 1865
  5956 5.716180E-05 4.370846E-05 2.284608E-04   2	 4941	 5971	    0	    0	  591	  613
  5957 1.929600E-04 1.173738E-03 2.735968E-04   2	 1056	 4880	    0	    0	 1787	 1938
  5958 2.832020E-04 1.154538E-03 2.253856E-04   1	  360	    0	    0	 2541
  5959 1.238840E-03 1.726080E-05 2.758619E-04   3	  823	 4868	 5642	    0	    0	10480	 8646	 8654
  5960 1.063661E-03 1.124676E-03 2.261088E-04   0	    0	    0
  5961 6.047040E-05 1.032004E-03 2.258174E-04   4	  504	  807	 4930	 5872	    0	    0	  641	  540	  574	  693
  5962 1.473861E-04 9.517018E-04 2.261082E-04   1	 4839	    0	    0	10066
  5963 2.788439E-04 9.206400E-04 2.697582E-04   0	    0	    0
  5964 2.346865E-04 8.284800E-04 2.707008E-04   2	 3984	 5931	    0	    0	 9842	 9854
  5965 2.462090E-04 8.644484E-04 2.371219E-04   0	    0	    0
  5966 6.432000E-05 7.937022E-04 2.369067E-04   0	    0	    0
  5967 1.149339E-03 2.380608E-04 2.376348E-04   2	 1472	 1706	    0	    0	 8239	 8248
  5968 7.209813E-04 2.817976E-04 2.701011E-04   2	 1633	 4555	    0	    0	 9296	10475
  5969 2.236800E-04 5.001467E-04 2.385241E-04   0	    0	    0
  5970 6.253003E-05 3.091008E-04 2.361792E-04   2	 2818	 4028	    0	    0	  612	  541
  5971 7.827275E-05 4.149011E-05 2.388283E-04   2	 3955	 5956	    0	    0	  730	  613
  5972 1.180355E-03 1.276182E-03 2.371225E-04   1	 4871	    0	    0	 8325
  5973 6.380263E-05 9.530721E-04 2.329381E-04   0	    0	    0
  5974 1.110720E-03 3.043206E-04 1.489901E-03   2	    8	  196	    0	    0	 7998	 8076
  5975 2.302080E-05 1.074759E-03 2.697546E-04   3	  272	  439	 4866	    0	    0	  276	  388	  275
  5976 9.600000E-07 6.609202E-04 2.349806E-04   2	   -1	 4027	    1	    0	   44	 9624
  5977 9.619008E-04 8.098023E-04 2.966440E-04   1	  542	    0	    0	 7511
  5978 1.154665E-03 1.550732E-04 2.716800E-04   3	  214	 1659	 2848	    0	    0	 8207	10479	 8213
  5979 1.076155E-03 7.598811E-04 3.249251E-04   0	    0	    0
  5980 1.109166E-04 1.039680E-03 1.454784E-04   1	  604	    0	    0	  809
  5981 9.067515E-05 8.787418E-04 1.453133E-04   0	    0	    0
  5982 1.388616E-05 2.720215E-04 1.454739E-04   0	    0	    0
  5983 9.600000E-07 8.068420E-04 1.477782E-03   3	   -1	  523	 1670	    1	    0	  196	11088	11093
  5984 1.377911E-04 3.264192E-04 1.389788E-04   1	   93	    0	    0	 1141
  5985 1.217898E-03 1.186015E-04 1.394116E-04   2	 3116	 4752	    0	    0	 8561	 8594
  5986 2.349842E-04 5.849804E-04 1.477440E-03   0	    0	    0
  5987 1.231166E-03 1.046400E-04 1.397219E-04   4	 4762	 4780	 5710	 6018	    0	    0	 8644	 8595	 9167	 8669
  5988 1.852784E-04 7.977601E-04 1.372708E-04   2	 2060	 4756	    0	    0	 1639	 1881
  5989 3.942181E-04 4.853154E-04 1.416373E-04   0	    0	    0
  5990 7.276608E-04 8.757866E-05 3.216000E-04   0	    0	    0
  5991 1.982091E-04 1.092033E-03 1.555008E-04   0	    0	    0
  5992 2.162210E-04 8.639808E-04 1.545608E-04   0	    0	    0
  5993 1.065507E-04 8.380871E-04 1.545642E-04   1	 4905	    0	    0	  839
  5994 1.178899E-03 1.355191E-04 1.566500E-04   1	 1683	    0	    0	 8370
  5995 5.258366E-05 2.058853E-04 1.581837E-04   0	    0	    0
  5996 1.824000E-05 3.774952E-04 3.206208E-04   0	    0	    0
  5997 1.875807E-05 8.366763E-04 3.196789E-04   2	 5472	 6082	    0	    0	  277	10497
  5998 1.420608E-04 7.353792E-04 3.244992E-04   1	 4588	    0	    0	 1359
  5999 7.115675E-04 3.432364E-04 3.231781E-04   0	    0	    0
  6000 3.345258E-04 5.928329E-04 1.468675E-04   1	 4748	    0	    0	10394
  6001 1.096766E-03 6.537633E-04 3.233086E-04   0	    0	    0
  6002 2.208710E-05 8.611153E-04 3.235259E-04   1	  897	    0	    0	10513
  6003 4.350936E-04 1.222804E-04 1.478208E-04   1	  964	    0	    0	 3071
  6004 9.436726E-04 4.949099E-04 1.479582E-03   1	 3242	    0	    0	 7261
  6005 7.324800E-04 4.387162E-04 1.482902E-04   1	 2646	    0	    0	 4765
  6006 1.152744E-03 1.608336E-04 1.274705E-04   1	 4734	    0	    0	 8193
  6007 1.095363E-03 7.329891E-04 3.398208E-04   1	 2538	    0	    0	 9725
  6008 9.836554E-05 9.056176E-04 1.194821E-04   2	  869	 2579	    0	    0	  854	  808
  6009 1.737620E-04 1.181245E-03 3.393977E-04   4	   85	  428	 2012	 6011	    0	    0	 1447	 1621	 1539	 1704
  6010 9.628720E-04 8.913246E-04 1.203419E-04   5	  262	  267	  297	 1157	 3633	    0	    0	 7477	 7402	 7495	 7403	10385
  6011 1.866826E-04 1.183687E-03 3.393986E-04   3	 2012	 3412	 6009	    0	    0	 1866	 1845	 1704
  6012 2.083179E-04 1.243709E-03 3.386665E-04   3	  179	 2250	 3430	    0	    0	 1985	 1890	 1958
  6013 2.639944E-04 9.900933E-04 3.364417E-04   3	 1606	 3665	 3759	    0	    0	 2504	10173	 2313
  6014 3.081552E-04 1.014200E-03 3.364443E-04   2	 1606	 4583	    0	    0	 2665	 2720
  6015 3.328993E-04 1.020480E-03 3.369600E-04   2	   21	 4583	    0	    0	 2781	 2780
  6016 3.390780E-04 2.323008E-04 1.241800E-04   1	   12	    0	    0	 2802
  6017 1.219181E-03 6.205887E-06 1.320357E-04   1	 3398	    0	    0	10391
  6018 1.240339E-03 1.175633E-04 1.243605E-04   2	 4752	 5987	    0	    0	 8643	 8669
  6019 1.118909E-03 6.625323E-05 1.242003E-04   3	 1550	 2780	 3690	    0	    0	 8059	 8090	10399
  6020 5.493861E-05 8.860814E-04 1.224352E-04   1	 3758	    0	    0	  551
  6021 1.225711E-03 1.992315E-04 3.315493E-04   1	  814	    0	    0	 8632
  6022 1.227840E-03 2.025533E-04 1.377983E-04   2	 3711	 4764	    0	    0	 8538	10402
  6023 1.257600E-04 9.730187E-05 1.372783E-04   1	 1152	    0	    0	  984
  6024 7.163556E-04 9.043008E-04 3.340608E-04   1	    2	    0	    0	 4704
  6025 1.079647E-04 9.441970E-04 3.290540E-04   0	    0	    0
  6026 9.866641E-05 7.977600E-04 3.326047E-04   0	    0	    0
  6027 1.109101E-04 1.030084E-03 3.334566E-04   5	   85	  568	 4297	 5739	 5747	    0	    0	 1168	10509	10217	10521	 1219
  6028 3.345252E-04 1.041093E-03 3.336338E-04   3	  110	 1606	 4495	    0	    0	10514	 2715	10522
  6029 1.612608E-04 1.095564E-03 3.326092E-04   4	   85	  218	 2488	 4392	    0	    0	 1358	 1567	 1518	10294
  6030 1.406098E-04 9.738888E-04 3.321408E-04   2	  924	 4563	    0	    0	 1470	 1313
  6031 1.103397E-03 1.627491E-04 1.334366E-04   3	  487	 3263	 4741	    0	    0	10406	 8001	 8091
  6032 4.118400E-04 1.243417E-03 1.506239E-03   1	 4907	    0	    0	 3044
  6033 3.748531E-04 8.638002E-06 1.484141E-03   0	    0	    0
  6034 1.192767E-03 1.493103E-04 1.804608E-04   0	    0	    0
  6035 1.126069E-03 6.026836E-05 3.043200E-04   1	 2586	    0	    0	 8099
  6036 1.159247E-03 1.027200E-04 3.033792E-04   2	 1177	 4553	    0	    0	 9182	10486
  6037 1.411214E-04 4.348800E-04 1.737558E-04   1	 1673	    0	    0	10424
  6038 9.260958E-05 7.961815E-04 1.779474E-04   0	    0	    0
  6039 3.348303E-04 2.399808E-04 1.508675E-03   0	    0	    0
  6040 1.037760E-03 1.487929E-04 1.775966E-04   3	 1342	 2118	 2356	    0	    0	 7779	 7802	 7747
  6041 8.351141E-05 3.624372E-04 2.983448E-04   1	 4535	    0	    0	 9369
  6042 1.734181E-04 9.705573E-04 1.847505E-04   0	    0	    0
  6043 6.099410E-05 1.896400E-04 1.896307E-04   1	  325	    0	    0	  619
  6044 2.395510E-04 1.117890E-03 2.966399E-04   5	  140	  360	  636	  737	 2162	    0	    0	 2309	 2359	 2246	 2184	 2260
  6045 1.838744E-04 1.197120E-03 2.961236E-04   2	  179	 1365	    0	    0	 1701	 1768
  6046 2.582464E-04 1.350181E-04 2.983517E-04   1	   12	    0	    0	 2418
  6047 1.017619E-03 1.680000E-04 1.838694E-04   7	  286	  422	 1156	 1674	 2118	 2356	 2833	    0	    0	 7803	 7699	 7770	 7778	 9216	 9215	10437
  6048 2.726208E-04 9.801600E-04 3.002695E-04   1	  110	    0	    0	 2629
  6049 8.448192E-04 2.673238E-04 1.852780E-04   1	 4141	    0	    0	 9291
  6050 9.600000E-07 7.440000E-04 3.008219E-04   1	   -1	    1	    0	   58
  6051 1.704364E-04 7.591450E-04 3.002636E-04   0	    0	    0
  6052 1.891200E-04 9.148782E-04 1.837016E-04   1	 1094	    0	    0	 1882
  6053 1.277760E-03 6.153600E-04 1.506240E-03   2	    0	 1456	    0	    1	 9122	 8914
  6054 9.601920E-05 8.784000E-04 1.830181E-04   1	 2278	    0	    0	  885
  6055 3.646080E-05 8.630498E-04 3.002607E-04   1	 4884	    0	    0	  389
  6056 9.183782E-04 9.148800E-04 2.995392E-04   1	   19	    0	    0	 7018
  6057 3.065819E-04 9.297243E-04 3.141396E-04   2	 3098	 4556	    0	    0	10061	10492
  6058 7.363174E-04 4.584386E-04 1.636424E-04   0	    0	    0
  6059 3.014208E-04 9.765431E-04 3.144331E-04   4	  110	 1606	 3098	 3866	    0	    0	10159	 2648	10125	 2565
  6060 5.472000E-05 3.038050E-04 1.646757E-04   0	    0	    0
  6061 1.156488E-04 1.198526E-03 3.133971E-04   3	   23	   85	 2254	    0	    0	  842	10336	  946
  6062 1.199382E-03 6.099609E-05 3.137092E-04   1	 3400	    0	    0	 8396
  6063 1.106365E-03 4.929944E-05 1.664219E-04   4	 1550	 4293	 4902	 6075	    0	    0	10409	 8095	 8003	 8084
  6064 8.164472E-04 1.169732E-03 1.643796E-04   2	    2	 3420	    0	    0	 5845	10331
  6065 2.179200E-04 6.938681E-04 3.172468E-04   0	    0	    0
  6066 2.327702E-04 9.269334E-04 3.179666E-04   1	 4538	    0	    0	10495
  6067 1.217729E-03 6.768000E-04 1.589155E-04   4	   35	  376	 1024	 3015	    0	    0	 8474	 8550	 9648	 8475
  6068 1.267649E-03 6.151522E-04 1.617317E-04   5	    0	   83	  736	 1024	 1187	    0	    1	 8950	 8816	10421	 8817	 9572
  6069 2.078040E-04 6.685953E-04 3.153237E-04   2	 2953	 5717	    0	    0	 2069	 1844
  6070 6.940836E-04 2.884486E-04 1.622381E-04   1	 1727	    0	    0	 4545
  6071 1.234110E-03 1.386884E-04 3.172519E-04   1	  918	    0	    0	 8663
  6072 4.327462E-04 2.835643E-05 3.097381E-04   1	  904	    0	    0	10500
  6073 1.262784E-04 1.104444E-03 1.699121E-04   2	  279	 2535	    0	    0	10417	 1143
  6074 1.243582E-04 7.541180E-04 3.100795E-04   1	 3374	    0	    0	 1109
  6075 1.128000E-03 2.258709E-05 1.732461E-04   1	 6063	    0	    0	 8084
  6076 1.189782E-03 4.563224E-05 1.683327E-04   0	    0	    0
  6077 6.355392E-04 4.561279E-04 1.651392E-04   3	  768	  850	 1023	    0	    0	 3719	 9423	 9411
  6078 6.827682E-04 2.985695E-04 3.125189E-04   2	  933	 1299	    0	    0	 4211	 4181
  6079 1.077857E-03 1.699200E-04 1.674910E-04   1	 4136	    0	    0	 7917
  6080 1.050990E-03 1.561159E-04 1.682177E-04   2	 2996	 4136	    0	    0	 7849	 7890
  6081 1.037555E-03 4.706402E-05 1.679994E-04   1	  125	    0	    0	 7791
  6082 5.472000E-05 8.509916E-04 3.114760E-04   1	 5997	    0	    0	10497
  6083 1.166751E-03 8.640000E-06 1.704318E-04   0	    0	    0
  6084 1.487787E-04 7.809917E-04 1.674850E-04   1	 2060	    0	    0	 1402
  6085 8.424336E-04 1.036182E-03 1.108282E-03   2	 5141	 5579	    0	    0	10874	 6212
  6086 7.838032E-04 8.438400E-04 1.109317E-03   1	 6164	    0	    0	 9861
  6087 6.904599E-04 6.474834E-04 1.108458E-03   1	   44	    0	    0	 4223
  6088 9.150908E-04 5.798592E-04 1.109313E-03   5	  464	 1192	 1823	 2736	 4325	    0	    0	 7124	 6885	 9529	 6900	 7059
  6089 7.204489E-04 1.079484E-03 1.110201E-03   1	  165	    0	    0	 4657
  6090 8.284796E-04 1.022400E-03 1.111237E-03   2	   41	 1471	    0	    0	 6139	10182
  6091 8.438425E-04 8.117087E-04 1.110719E-03   2	  223	  409	    0	    0	 6373	 6505
  6092 1.215781E-04 6.864000E-04 1.103554E-03   0	    0	    0
  6093 6.825531E-04 7.939381E-04 1.101129E-03   2	  221	  246	    0	    0	 4166	10879
  6094 7.380205E-04 1.068822E-03 1.103554E-03   2	  371	 5008	    0	    0	 4962	 4912
  6095 7.382597E-04 8.192212E-04 1.119810E-03   2	  599	  766	    0	    0	 5032	10871
  6096 6.134327E-04 7.251479E-04 1.119811E-03   2	  401	 4275	    0	    0	 3647	 3689
  6097 6.389101E-04 7.113619E-04 1.119809E-03   3	  290	  401	 4275	    0	    0	 3753	 9713	 3845
  6098 1.173101E-03 8.611200E-04 1.371823E-03   2	  460	 5114	    0	    0	 8304	 8341
  6099 7.780470E-04 8.347500E-04 1.371849E-03   2	  250	 5131	    0	    0	 5616	 5448
  6100 5.829383E-04 6.532522E-04 1.117421E-03   3	  401	 1865	 6152	    0	    0	 3560	 9620	 3495
  6101 7.553079E-04 4.929956E-04 1.116267E-03   1	   44	    0	    0	 5056
  6102 8.693155E-04 6.771418E-04 1.114560E-03   1	  566	    0	    0	 6680
  6103 1.246524E-03 1.033920E-03 1.116990E-03   0	    0	    0
  6104 8.498126E-04 7.574395E-04 1.116476E-03   1	 6151	    0	    0	 6374
  6105 9.129630E-04 6.823494E-04 1.083322E-03   0	    0	    0
  6106 8.241215E-04 1.005119E-03 1.081407E-03   1	 5006	    0	    0	 6093
  6107 6.633561E-04 5.882692E-04 1.081919E-03   2	   44	 1788	    0	    0	 3938	 4092
  6108 7.785600E-04 8.010895E-04 1.378119E-03   3	  143	  250	 1124	    0	    0	 5516	 5665	 5426
  6109 7.078618E-04 1.158717E-03 1.080218E-03   1	  130	    0	    0	 4713
  6110 6.211048E-04 7.263799E-04 1.078299E-03   2	   72	 1212	    0	    0	10852	 9745
  6111 1.199555E-03 6.235594E-04 1.379749E-03   0	    0	    0
  6112 8.131234E-04 5.999976E-04 1.075947E-03   2	  829	 1426	    0	    0	 5781	 5979
  6113 6.024491E-04 5.846462E-04 1.076686E-03   4	  324	  597	 2711	 5635	    0	    0	 3601	 3567	 3646	 3630
  6114 6.979200E-04 5.001600E-04 1.076152E-03   4	  462	  911	 1824	 3062	    0	    0	 9450	 9457	 4554	 4623
  6115 6.551674E-04 6.830829E-04 1.101468E-03   1	  401	    0	    0	 4020
  6116 7.569260E-04 1.048765E-03 1.100141E-03   2	 5008	 6118	    0	    0	10869	 5140
  6117 8.342474E-04 6.612338E-04 1.099719E-03   2	   88	  471	    0	    0	 6213	 6343
  6118 7.551779E-04 1.023341E-03 1.090541E-03   3	  990	 5008	 6116	    0	    0	 4910	 4911	 5140
  6119 1.108792E-03 5.561760E-04 1.091304E-03   1	 6246	    0	    0	10864
  6120 2.720245E-04 6.192032E-04 1.157017E-03   0	    0	    0
  6121 8.375665E-04 1.102534E-03 1.365742E-03   2	  423	 3970	    0	    0	 6279	 6247
  6122 7.972404E-04 8.611181E-04 1.365565E-03   3	  250	  443	 1312	    0	    0	 9891	 5987	 5664
  6123 7.530839E-04 7.286400E-04 1.156807E-03   2	  246	 1351	    0	    0	 5086	 5281
  6124 6.441548E-04 7.262022E-04 1.157319E-03   4	  290	  401	  971	 1363	    0	    0	 9747	 3859	 3894	 3833
  6125 8.654751E-04 6.302077E-04 1.156800E-03   2	  664	  865	    0	    0	 9609	 6684
  6126 9.768353E-04 3.753671E-04 1.367646E-03   1	   37	    0	    0	 7505
  6127 8.517278E-04 6.096000E-04 1.151382E-03   2	 1192	 6128	    0	    0	 6506	 6346
  6128 8.323169E-04 6.014084E-04 1.150527E-03   5	  438	  492	 1337	 2244	 6127	    0	    0	 6097	 9537	 5944	 6140	 6346
  6129 6.727543E-04 6.515054E-04 1.148782E-03   3	   44	 4192	 5181	    0	    0	 4125	 4277	 9628
  6130 7.991677E-04 6.019200E-04 1.152445E-03   0	    0	    0
  6131 9.100608E-04 6.940844E-04 1.153472E-03   2	  331	  458	    0	    0	 7085	 6936
  6132 6.657912E-04 8.318076E-04 1.151555E-03   2	 1768	 5174	    0	    0	 9837	 4167
  6133 1.065737E-04 3.500840E-05 1.168320E-03   1	 3437	    0	    0	 9134
  6134 1.259539E-03 1.101343E-03 1.164474E-03   2	 1229	 3439	    0	    0	 8825	 8648
  6135 7.883735E-04 1.015235E-03 1.168830E-03   2	  263	 5095	    0	    0	 5756	 5808
  6136 8.424324E-04 9.496557E-04 1.167976E-03   0	    0	    0
  6137 7.900861E-04 8.841582E-04 1.161153E-03   4	  546	 1003	 3657	 5179	    0	    0	 5554	 5683	 9999	 5782
  6138 6.808645E-04 8.049282E-04 1.160640E-03   3	  246	  389	 4207	    0	    0	 9815	 4361	 4328
  6139 7.804800E-04 7.535989E-04 1.163071E-03   2	  958	 3414	    0	    0	 5604	 9781
  6140 1.263379E-03 9.715392E-04 1.128941E-03   0	    0	    0
  6141 1.247808E-04 6.177899E-04 1.136197E-03   0	    0	    0
  6142 1.104445E-03 9.686400E-04 1.133974E-03   1	 4130	    0	    0	 8065
  6143 8.862881E-04 8.127622E-04 1.129920E-03   4	  285	  409	  680	 6169	    0	    0	 6737	 6828	 6845	 6632
  6144 7.818905E-04 9.278048E-04 1.370436E-03   4	  774	 1488	 6183	 6344	    0	    0	10044	10060	 5588	11050
  6145 8.548501E-04 7.963568E-04 1.125101E-03   2	  223	  409	    0	    0	 6408	 6429
  6146 8.198208E-04 8.193864E-04 1.126090E-03   4	  223	  255	 6150	 6165	    0	    0	 5880	 5754	 5940	 5964
  6147 7.154177E-04 4.670070E-04 1.126592E-03   4	   44	  205	 1824	 2014	    0	    0	 9439	 4558	10872	 4688
  6148 7.250111E-04 9.551972E-04 1.124371E-03   2	 1536	 2006	    0	    0	 4775	10101
  6149 8.625179E-04 8.970918E-04 1.123647E-03   1	  285	    0	    0	 6611
  6150 8.089371E-04 7.824000E-04 1.123648E-03   4	  223	  255	 6146	 6165	    0	    0	 5942	10878	 5940	 5902
  6151 8.520343E-04 7.502746E-04 1.125101E-03   2	 1201	 6104	    0	    0	 6476	 6374
  6152 5.692879E-04 6.345702E-04 1.124683E-03   3	   62	 1865	 6100	    0	    0	 3466	10875	 3495
  6153 7.574400E-04 7.776022E-05 1.129926E-03   0	    0	    0
  6154 7.699008E-04 1.073726E-03 1.128511E-03   2	 1435	 5621	    0	    0	 5464	 5277
  6155 8.083008E-04 6.342234E-04 1.135689E-03   3	   88	 1337	 2244	    0	    0	 5735	 5903	 5906
  6156 1.132608E-04 9.849792E-04 1.132781E-03   1	    1	    0	    0	  880
  6157 5.966757E-04 6.835008E-04 1.145622E-03   2	   61	 2751	    0	    0	 3576	 3584
  6158 1.908240E-04 2.346795E-04 1.147717E-03   0	    0	    0
  6159 4.446944E-04 2.116458E-04 1.146681E-03   0	    0	    0
  6160 1.233600E-03 1.012801E-03 1.145280E-03   0	    0	    0
  6161 8.649618E-04 8.961919E-04 1.368510E-03   2	  351	  632	    0	    0	 6534	 9972
  6162 7.272326E-04 9.436703E-04 1.138111E-03   2	  546	 2006	    0	    0	 4874	10082
  6163 6.249545E-04 7.876492E-04 1.137605E-03   2	  129	  213	    0	    0	 3654	 3800
  6164 7.801392E-04 8.361417E-04 1.135884E-03   6	  599	 1003	 3027	 4157	 6086	 6168	    0	    0	 5391	 5393	 5330	 9902	 9861	 9839
  6165 8.021196E-04 7.963542E-04 1.135471E-03   4	  223	 6146	 6150	 6168	    0	    0	 5857	 5964	 5902	 5736
  6166 8.939764E-04 6.302078E-04 1.142850E-03   5	  492	  566	  865	 1192	 2736	    0	    0	 6788	 9623	 6919	 6786	 9563
  6167 7.982754E-04 1.043862E-03 1.140926E-03   1	 2527	    0	    0	 5737
  6168 7.857239E-04 8.145198E-04 1.141440E-03   4	  599	 2861	 6164	 6165	    0	    0	 5392	 5577	 9839	 5736
  6169 8.764800E-04 7.939152E-04 1.139743E-03   4	  223	  409	 1201	 6143	    0	    0	 6615	 6738	 6683	 6632
  6170 2.730831E-04 5.978722E-04 1.010366E-03   2	  785	 2912	    0	    0	 2466	 2561
  6171 1.208123E-03 8.874864E-04 1.008960E-03   3	 1584	 2095	 5034	    0	    0	 8448	 8447	 9958
  6172 7.612815E-04 9.085949E-04 1.013779E-03   3	 3076	 4006	 6184	    0	    0	 5300	 5187	10014
  6173 6.904554E-04 9.004608E-04 1.015661E-03   3	  328	 3218	 4092	    0	    0	 4355	 4356	10787
  6174 2.311447E-04 3.797160E-04 1.007556E-03   2	 2082	 6681	    0	    0	 2285	10779
  6175 7.190400E-04 8.377382E-04 1.005129E-03   3	  910	 1477	 4016	    0	    0	 4711	 4750	 4770
  6176 8.054425E-04 6.273942E-04 1.008960E-03   3	  427	 1431	 2094	    0	    0	 5976	 5775	 5851
  6177 8.121792E-04 7.593637E-04 1.007556E-03   5	  124	  587	  830	  881	 6204	    0	    0	 6258	 5776	 5830	 5963	 5921
  6178 7.569186E-04 5.772971E-04 1.024318E-03   4	  801	 1927	 3230	 6191	    0	    0	 5109	 5272	 5383	 5235
  6179 5.587008E-04 1.025728E-03 1.022742E-03   0	    0	    0
  6180 1.106880E-03 5.003783E-04 1.026231E-03   3	 3388	 5651	 6234	    0	    0	 8030	 8015	 8105
  6181 1.019969E-03 6.921596E-04 1.026468E-03   1	  906	    0	    0	 7787
  6182 6.861718E-04 6.844815E-04 1.026753E-03   4	  252	  536	 1162	 3990	    0	    0	 4161	 4357	 4408	10823
  6183 7.876495E-04 9.356654E-04 1.388141E-03   2	 1488	 6144	    0	    0	10070	 5588
  6184 7.593557E-04 9.321600E-04 1.024838E-03   1	 6172	    0	    0	10014
  6185 3.057286E-04 3.575733E-04 1.019968E-03   1	 6202	    0	    0	 2756
  6186 5.073341E-04 1.056443E-03 1.017619E-03   0	    0	    0
  6187 8.409408E-04 8.438494E-04 1.018029E-03   3	  101	 4135	 5030	    0	    0	 9871	 6176	 9892
  6188 3.043200E-04 3.989161E-04 1.019081E-03   1	 1555	    0	    0	 2662
  6189 7.422972E-04 8.323225E-04 1.016855E-03   3	  910	 1477	 3226	    0	    0	 9832	10799	 9867
  6190 1.135893E-03 5.750378E-04 1.016640E-03   2	 4980	 5016	    0	    0	 8217	 8138
  6191 7.637129E-04 5.673600E-04 1.016126E-03   2	 1092	 6178	    0	    0	 5301	 5235
  6192 8.443522E-04 7.502701E-04 1.022407E-03   1	  718	    0	    0	 6235
  6193 7.818851E-04 7.329972E-04 1.020491E-03   6	  255	  587	 1268	 1303	 3002	 5054	    0	    0	 5531	 5701	 5571	 5436	 5702	 5437
  6194 1.066336E-03 6.748800E-04 1.019963E-03   1	 5597	    0	    0	 7857
  6195 2.273096E-04 2.640000E-04 9.918979E-04   1	 1144	    0	    0	 9290
  6196 7.449408E-04 1.597924E-05 9.913450E-04   0	    0	    0
  6197 3.168245E-05 5.189097E-04 1.397741E-03   3	  200	 1091	 3860	    0	    0	  463	  484	11064
  6198 7.718208E-04 8.768166E-04 9.892470E-04   2	 4076	 5375	    0	    0	 5434	10775
  6199 7.305600E-04 7.838146E-04 9.901018E-04   4	  252	 1166	 1303	 5048	    0	    0	 4769	 4846	 9775	 9813
  6200 2.376316E-04 5.652285E-04 9.892492E-04   2	  410	 3992	    0	    0	 2157	 2284
  6201 1.261886E-03 4.134128E-04 9.936143E-04   2	  312	  752	    0	    0	10770	 8784
  6202 3.235181E-04 3.643592E-04 9.939435E-04   2	 2000	 6185	    0	    0	10772	 2756
  6203 8.294208E-04 9.050644E-04 9.914691E-04   4	 2614	 3874	 3948	 6214	    0	    0	10027	 9998	 6172	 9990
  6204 8.038583E-04 7.631955E-04 9.918892E-04   3	  587	 5380	 6177	    0	    0	 5773	 5728	 5921
  6205 9.738864E-04 9.153885E-04 9.864330E-04   2	 2906	 4349	    0	    0	 7653	 7536
  6206 7.137957E-04 8.397827E-04 9.859127E-04   2	 3912	 4065	    0	    0	 4679	10783
  6207 8.627029E-04 7.598726E-04 9.859200E-04   3	  658	  881	 6666	    0	    0	 6566	 6371	 9774
  6208 3.764926E-05 7.193818E-04 9.859200E-04   0	    0	    0
  6209 7.228801E-04 9.362112E-04 1.392443E-03   3	 3317	 3605	 5339	    0	    0	 4902	 4861	 4903
  6210 2.933142E-04 4.467419E-04 9.864361E-04   1	 1928	    0	    0	 9417
  6211 2.411747E-04 5.865600E-04 9.887808E-04   0	    0	    0
  6212 2.783808E-04 3.306853E-04 9.873305E-04   4	 1144	 1325	 1862	 5039	    0	    0	 2443	 2604	 9319	 2617
  6213 2.577225E-04 2.760350E-04 9.873232E-04   2	 1144	 2124	    0	    0	10777	 9285
  6214 8.260457E-04 8.805338E-04 9.993659E-04   2	 4135	 6203	    0	    0	 6175	 9990
  6215 1.008960E-03 8.707129E-04 9.988439E-04   2	 5043	 5693	    0	    0	10008	 7681
  6216 6.823424E-04 7.967808E-04 9.996991E-04   4	 1009	 2894	 2983	 5022	    0	    0	 9797	 4353	 4402	 4188
  6217 5.500800E-04 9.930851E-04 9.993632E-04   1	 5028	    0	    0	 3365
  6218 7.783499E-04 9.374051E-04 9.979557E-04   1	 3093	    0	    0	 5549
  6219 7.710966E-04 8.438400E-04 1.003199E-03   2	 5026	 5041	    0	    0	 5479	 5455
  6220 7.204479E-04 6.191946E-04 1.002989E-03   3	   76	  801	 3994	    0	    0	 9587	 4680	 4825
  6221 7.603392E-04 6.137818E-04 1.003200E-03   2	   76	  801	    0	    0	10791	 5188
  6222 7.511668E-04 8.606040E-04 1.001280E-03   2	 3226	 5021	    0	    0	 5080	 9920
  6223 1.277760E-03 7.617933E-04 1.390524E-03   3	    0	 2327	 4364	    0	    1	 9102	 8874	 8873
  6224 4.985818E-04 4.755653E-05 9.950073E-04   2	  116	  943	    0	    0	 3270	 3303
  6225 1.025299E-03 6.873792E-04 9.964608E-04   3	 2933	 3334	 5597	    0	    0	 7775	 7810	 7811
  6226 1.810981E-04 3.010186E-05 9.976583E-04   0	    0	    0
  6227 7.499733E-04 9.305818E-04 1.059859E-03   1	 4976	    0	    0	 5190
  6228 8.745665E-04 8.918400E-04 1.060804E-03   5	  285	 1330	 4004	 4961	 6278	    0	    0	 6629	 6677	 6652	10016	10834
  6229 6.758208E-04 8.759623E-04 1.060574E-03   3	  221	  729	 3172	    0	    0	 4090	 4274	 9949
  6230 7.776000E-05 6.773163E-04 1.060284E-03   0	    0	    0
  6231 6.801231E-04 5.980865E-04 1.060284E-03   3	  622	 1788	 5057	    0	    0	 9542	 9560	 4298
  6232 7.207473E-04 9.096349E-04 1.058369E-03   1	 2345	    0	    0	 4827
  6233 8.092723E-04 8.918400E-04 1.051193E-03   4	 4003	 4097	 4981	 6270	    0	    0	 5752	10837	 6090	 9936
  6234 1.128342E-03 5.054061E-04 1.053120E-03   4	 3388	 5651	 6180	 6246	    0	    0	10809	 8106	 8105	 8107
  6235 4.678619E-04 5.990208E-04 1.383874E-03   0	    0	    0
  6236 7.827386E-04 1.070923E-03 1.053460E-03   3	  108	  313	 4985	    0	    0	 5458	 5481	10240
  6237 8.307418E-04 9.700505E-04 1.053647E-03   5	  206	  539	 4097	 6239	 6251	    0	    0	 6261	10086	 6207	 6134	 6064
  6238 7.994697E-04 5.836992E-04 1.052773E-03   3	  326	  361	 1426	    0	    0	 5878	 5779	 5730
  6239 8.284800E-04 9.777261E-04 1.068480E-03   2	 6237	 6251	    0	    0	 6134	 6016
  6240 7.579533E-04 9.546842E-04 1.068472E-03   1	 4967	    0	    0	 5114
  6241 8.089500E-04 8.230535E-04 1.074751E-03   2	  255	 1982	    0	    0	 5978	10855
  6242 1.277760E-03 7.843200E-04 1.074240E-03   1	    0	    0	    1	 9060
  6243 5.879603E-04 6.211196E-04 1.071809E-03   4	   48	   62	  324	  401	    0	    0	 3534	 3513	10859	 3559
  6244 7.530879E-04 5.443174E-04 1.072316E-03   2	   44	 1447	    0	    0	 5164	 5356
  6245 8.513064E-04 8.092881E-04 1.064123E-03   2	  285	 5059	    0	    0	 6473	 6390
  6246 1.138579E-03 5.141139E-04 1.064124E-03   5	  677	 4980	 5651	 6119	 6234	    0	    0	 8142	 8228	 9459	10864	 8107
  6247 9.436892E-04 4.675235E-04 1.381959E-03   0	    0	    0
  6248 2.395609E-04 5.443200E-04 1.066553E-03   2	  735	 4953	    0	    0	 2232	 2257
  6249 8.010875E-04 3.270181E-04 1.066556E-03   0	    0	    0
  6250 7.550126E-04 1.056739E-03 1.065151E-03   2	  108	  371	    0	    0	10252	10255
  6251 8.150400E-04 9.648054E-04 1.064854E-03   3	 2961	 6237	 6239	    0	    0	10100	 6064	 6016
  6252 7.742095E-04 9.532818E-04 1.035840E-03   2	 4970	 6269	    0	    0	 5237	 5414
  6253 7.843263E-04 1.005458E-03 1.033912E-03   2	  501	  539	    0	    0	10805	 5597
  6254 7.442131E-04 9.753792E-04 1.033920E-03   3	  501	 4970	 6262	    0	    0	 4848	 5111	 5110
  6255 7.319623E-04 8.793792E-04 1.033586E-03   3	  526	  729	 3172	    0	    0	 4870	 4849	10815
  6256 6.370859E-04 7.180992E-04 1.034417E-03   3	  252	 5061	 5072	    0	    0	 3817	 3891	 3816
  6257 6.148342E-04 6.888339E-04 1.033712E-03   5	   48	 3381	 4047	 4048	 6258	    0	    0	10798	 9656	 3610	 3716	 3611
  6258 5.956442E-04 6.823514E-04 1.040022E-03   5	   48	   72	  401	 4047	 6257	    0	    0	 9662	 9670	 3504	 3598	 3611
  6259 1.254378E-03 6.743673E-04 1.037760E-03   0	    0	    0
  6260 6.485141E-04 1.002821E-04 1.037243E-03   0	    0	    0
  6261 7.487808E-04 1.441124E-05 1.030589E-03   0	    0	    0
  6262 7.415679E-04 9.571200E-04 1.027646E-03   2	  328	 6254	    0	    0	 4869	 5110
  6263 9.686379E-04 4.020240E-04 1.387191E-03   2	   37	 2140	    0	    0	11062	 7420
  6264 1.252800E-03 9.667170E-04 1.039686E-03   0	    0	    0
  6265 6.691189E-04 8.951676E-04 1.029563E-03   4	  221	 4324	 5025	 5058	    0	    0	 4053	 4087	 9960	10813
  6266 6.858822E-04 8.726400E-04 1.030084E-03   1	 3218	    0	    0	 4482
  6267 1.029572E-03 8.511790E-04 1.029139E-03   0	    0	    0
  6268 2.346849E-04 2.803392E-04 1.047876E-03   0	    0	    0
  6269 7.670404E-04 9.517025E-04 1.045234E-03   3	 4003	 4970	 6252	    0	    0	 5500	 5239	 5414
  6270 8.202904E-04 8.682787E-04 1.045948E-03   4	  526	 1982	 4038	 6233	    0	    0	 5938	 5996	 5900	 9936
  6271 9.110400E-04 6.460746E-04 1.049062E-03   1	  471	    0	    0	 6958
  6272 2.714674E-04 4.371719E-05 1.044928E-03   0	    0	    0
  6273 2.774362E-04 3.100800E-04 1.049278E-03   0	    0	    0
  6274 4.195070E-04 2.451734E-05 1.041083E-03   0	    0	    0
  6275 1.242982E-03 1.009167E-03 1.039683E-03   1	 3945	    0	    0	10175
  6276 7.920000E-04 9.780343E-04 1.043011E-03   1	 4960	    0	    0	10154
  6277 7.338687E-04 9.033600E-04 1.043004E-03   1	  729	    0	    0	 9976
  6278 8.625258E-04 8.870592E-04 1.041089E-03   7	  285	 1330	 2416	 4004	 5029	 5050	 6228	    0	    0	10839	 6650	 6448	 9970	 6567	 6529	10834
  6279 9.864341E-04 9.400494E-04 1.285224E-03   4	  320	  392	  861	 6288	    0	    0	 7655	10047	 7637	 7573
  6280 7.324661E-04 8.496000E-04 1.286381E-03   2	  708	  738	    0	    0	 4835	 4924
  6281 7.886739E-04 1.024323E-03 1.344756E-03   3	  521	  928	 2245	    0	    0	10214	 5663	 5513
  6282 1.260822E-03 5.640353E-04 1.289791E-03   2	    0	 6330	    0	    1	 9087	 8827
  6283 7.478400E-04 7.728023E-04 1.344445E-03   1	 1939	    0	    0	 5225
  6284 7.680192E-04 1.009889E-03 1.283000E-03   4	  488	 1579	 1892	 3327	    0	    0	 5446	10170	 5489	 5423
  6285 5.389018E-04 2.273111E-04 1.281600E-03   1	 1563	    0	    0	 3385
  6286 8.394915E-04 8.467008E-04 1.283005E-03   5	  443	  855	 2089	 2289	 4210	    0	    0	 6355	10987	 9855	 6274	 6354
  6287 4.469165E-04 4.814785E-04 1.283737E-03   1	 1539	    0	    0	 3179
  6288 9.785798E-04 9.546865E-04 1.294700E-03   5	  861	 1041	 2354	 4421	 6279	    0	    0	 7605	 7488	 7562	10110	 7573
  6289 1.174086E-03 1.097794E-03 1.291200E-03   0	    0	    0
  6290 1.129719E-03 5.040000E-04 1.291200E-03   1	 1019	    0	    0	 9452
  6291 7.790734E-04 1.082126E-03 1.343396E-03   1	  521	    0	    0	 5424
  6292 1.139178E-03 1.133766E-03 1.292912E-03   0	    0	    0
  6293 8.539502E-04 9.014341E-04 1.293120E-03   2	  648	 3419	    0	    0	11007	 6412
  6294 4.924800E-04 3.893367E-04 1.268165E-03   1	 4442	    0	    0	 3245
  6295 6.918178E-04 5.980800E-04 1.266754E-03   3	 1465	 3275	 3545	    0	    0	 4252	 4305	 4368
  6296 6.808563E-04 6.350729E-04 1.269573E-03   2	  113	 3275	    0	    0	 4230	 9590
  6297 7.300454E-04 6.839646E-04 1.263814E-03   2	 1639	 1953	    0	    0	 9689	 4857
  6298 7.430208E-04 6.163734E-04 1.261421E-03   7	  437	 1067	 3190	 3515	 4411	 5107	 6306	    0	    0	 4988	10986	 5145	 5249	 5172	 5125	 5147
  6299 7.206182E-04 6.115200E-04 1.264537E-03   1	 1258	    0	    0	 4784
  6300 7.328187E-04 5.788875E-04 1.263811E-03   4	  985	 2201	 3105	 6306	    0	    0	 4856	10971	10990	 9530
  6301 9.302400E-04 3.873951E-04 1.265261E-03   0	    0	    0
  6302 8.164509E-04 6.273949E-04 1.261894E-03   2	  449	 1380	    0	    0	 5863	 6004
  6303 1.164993E-03 1.188930E-03 1.264320E-03   2	 1280	 6412	    0	    0	 8350	 8290
  6304 7.867534E-04 1.089942E-03 1.264110E-03   2	  949	 1271	    0	    0	10293	 5509
  6305 9.422799E-04 8.403408E-04 1.275840E-03   1	  813	    0	    0	 7343
  6306 7.464336E-04 5.971008E-04 1.275851E-03   4	 1067	 1258	 6298	 6300	    0	    0	 5148	 9544	 5147	 9530
  6307 7.516792E-04 6.706982E-04 1.279166E-03   3	 1163	 1639	 1953	    0	    0	 5092	 9677	 5041
  6308 8.438402E-04 9.258860E-04 1.272000E-03   4	  488	  779	 1993	 3923	    0	    0	 6273	 6159	 6328	 6352
  6309 1.199251E-03 4.800192E-04 1.275326E-03   0	    0	    0
  6310 1.213814E-05 4.214509E-04 1.276359E-03   1	   -1	    1	    0	  169
  6311 1.193795E-03 1.037766E-03 1.347222E-03   3	  746	 1754	 6391	    0	    0	11042	 8517	 8351
  6312 6.614400E-04 7.526592E-04 1.272979E-03   4	  628	 1492	 2052	 4019	    0	    0	 3931	 9780	 9766	 9759
  6313 8.476800E-04 9.209802E-04 1.324054E-03   3	  351	  648	 4456	    0	    0	10052	 6311	11036
  6314 9.283254E-04 2.448060E-04 1.338977E-03   3	   36	  339	 4459	    0	    0	 7348	 7328	 9266
  6315 6.263682E-04 8.471507E-04 1.323845E-03   3	   71	 2288	 2439	    0	    0	 9862	 3738	 3773
  6316 4.792858E-06 7.516757E-04 1.323320E-03   3	   -1	  171	  510	    1	    0	  175	  283	  214
  6317 7.953346E-04 7.944324E-04 1.325404E-03   2	 1445	 3183	    0	    0	11013	 5816
  6318 1.231683E-03 8.707154E-04 1.325760E-03   0	    0	    0
  6319 7.132775E-04 9.609642E-04 1.318422E-03   4	  224	  616	  774	 3595	    0	    0	 4610	 4786	 4737	10075
  6320 1.193283E-03 8.904369E-04 1.318078E-03   2	  460	 4465	    0	    0	 8432	 9923
  6321 9.248218E-04 8.743501E-04 1.321920E-03   1	  216	    0	    0	 7068
  6322 7.105920E-05 1.022415E-03 1.331532E-03   2	    1	  890	    0	    0	  609	  571
  6323 9.145382E-04 7.560357E-04 1.335875E-03   4	  250	  321	  650	  668	    0	    0	 7030	 7091	 7135	 7134
  6324 9.354935E-04 9.203044E-04 1.327468E-03   1	 5539	    0	    0	 7239
  6325 7.366618E-04 7.867540E-04 1.327680E-03   3	  765	 1124	 3117	    0	    0	 9806	 4995	11028
  6326 7.449408E-04 7.473108E-04 1.336339E-03   5	  449	 1626	 2486	 2533	 4408	    0	    0	 5252	 9764	 5151	 4879	 5042
  6327 1.150702E-03 8.021267E-04 1.337280E-03   0	    0	    0
  6328 8.457600E-04 1.021884E-03 1.305581E-03   5	  318	  663	 1379	 1717	 4400	    0	    0	 6456	 6223	11021	 6243	 6358
  6329 9.158592E-04 8.532286E-04 1.341120E-03   2	  250	 1333	    0	    0	 9883	 7207
  6330 1.266240E-03 5.832369E-04 1.308995E-03   1	 6282	    0	    0	 8827
  6331 7.919962E-04 8.553600E-04 1.300292E-03   3	  765	 1445	 4226	    0	    0	 9887	 5815	 5613
  6332 1.162033E-03 5.846393E-04 1.304420E-03   1	 2188	    0	    0	11009
  6333 8.644536E-04 8.620608E-04 1.310400E-03   1	  216	    0	    0	 6664
  6334 6.907460E-04 6.446758E-04 1.309889E-03   3	  113	 1258	 1872	    0	    0	 4204	 4469	 9637
  6335 8.087574E-04 1.123642E-03 1.311803E-03   1	  300	    0	    0	 5788
  6336 1.236461E-03 1.135688E-03 1.201178E-03   6	  280	 5083	 5098	 6337	 6396	 6401	    0	    0	 8649	 8712	10307	10930	 8585	 8693
  6337 1.202878E-03 1.097282E-03 1.200442E-03   5	 1229	 3439	 5098	 6336	 6396	    0	    0	 8626	 8564	 8375	10930	 8364
  6338 7.653325E-04 1.051200E-03 1.200960E-03   2	  369	 1726	    0	    0	 5311	 5359
  6339 8.265600E-04 1.205283E-04 1.206206E-03   1	 6348	    0	    0	 6002
  6340 7.127671E-04 5.558400E-04 1.206720E-03   4	  720	  927	  985	 1356	    0	    0	 4507	 9497	 4578	 4690
  6341 7.809882E-04 7.061163E-04 1.360320E-03   3	  104	  449	 4408	    0	    0	 5401	 5564	 5514
  6342 3.882853E-04 3.722513E-05 1.199048E-03   0	    0	    0
  6343 7.629891E-04 1.126597E-03 1.197462E-03   2	   87	  130	    0	    0	 5486	10310
  6344 7.802606E-04 9.230771E-04 1.356476E-03   2	 1488	 6144	    0	    0	 5512	11050
  6345 7.660608E-04 8.037357E-04 1.214397E-03   2	  223	 5092	    0	    0	 5243	 5171
  6346 7.570982E-04 3.603240E-05 1.214178E-03   0	    0	    0
  6347 8.016000E-04 9.914746E-04 1.212136E-03   1	  488	    0	    0	 5947
  6348 8.183685E-04 1.236249E-04 1.218250E-03   1	 6339	    0	    0	 6002
  6349 6.743676E-04 5.361281E-04 1.212480E-03   2	  182	  720	    0	    0	 4114	 9486
  6350 8.433229E-04 5.671442E-04 1.216836E-03   1	  717	    0	    0	 6451
  6351 6.235607E-04 8.145165E-04 1.208638E-03   1	   71	    0	    0	 3692
  6352 3.219913E-05 5.064381E-04 1.210560E-03   0	    0	    0
  6353 1.277760E-03 5.088000E-05 1.212138E-03   2	    0	    7	    0	    1	 9081	 8848
  6354 8.553697E-04 5.901848E-04 1.211501E-03   3	  610	  717	 6357	    0	    0	 6349	 6394	10921
  6355 1.266757E-03 2.924299E-05 1.180356E-03   3	    0	    7	  168	    0	    1	 9072	10916	 9124
  6356 6.623808E-04 1.010357E-03 1.175059E-03   4	  118	  448	 3168	 5167	    0	    0	 4095	 4112	 4022	 4173
  6357 8.668855E-04 6.071491E-04 1.184188E-03   2	  865	 6354	    0	    0	 6660	10921
  6358 6.284582E-04 5.863501E-04 1.184191E-03   1	 3005	    0	    0	10910
  6359 6.696265E-04 8.223782E-04 1.179839E-03   1	 5096	    0	    0	 4023
  6360 8.611279E-04 9.225600E-04 1.171642E-03   2	  368	 2838	    0	    0	 6595	 6449
  6361 6.364814E-04 5.481600E-04 1.170240E-03   2	  324	 1762	    0	    0	10897	 3895
  6362 3.743808E-04 1.110517E-03 1.174432E-03   3	    1	  531	 1689	    0	    0	 2833	10277	 2865
  6363 8.457646E-04 6.802982E-04 1.184190E-03   3	  419	  808	  831	    0	    0	 6531	 9668	 9654
  6364 1.121898E-03 9.331008E-04 1.188925E-03   1	 1096	    0	    0	 8093
  6365 9.108324E-04 9.187362E-04 1.189440E-03   2	   41	  511	    0	    0	 7023	 7126
  6366 1.219645E-03 8.298824E-04 1.359803E-03   3	 2626	 4446	 5562	    0	    0	 8558	 8575	 8518
  6367 7.242895E-04 4.922597E-04 1.193792E-03   3	  333	 2286	 2776	    0	    0	 9433	 4715	10920
  6368 6.464264E-04 8.476801E-04 1.186541E-03   2	  389	 6369	    0	    0	 4009	 3861
  6369 6.305125E-04 8.375606E-04 1.185600E-03   5	  213	 1768	 5096	 5115	 6368	    0	    0	 3734	 3768	 3877	 3801	 3861
  6370 1.277760E-03 1.119978E-03 1.183680E-03   1	    0	    0	    1	 9077
  6371 1.245131E-03 7.572202E-04 1.362240E-03   3	 4364	 4403	 5013	    0	    0	 8828	 8713	 8697
  6372 9.124419E-04 8.321012E-04 1.183168E-03   3	  242	 1961	 3198	    0	    0	 6963	 7102	 6982
  6373 2.222764E-04 1.727808E-04 1.362240E-03   1	 1120	    0	    0	 2286
  6374 6.681792E-04 9.119808E-04 1.186579E-03   5	  121	  465	  494	 3070	 3677	    0	    0	 3912	 4246	 4171	10059	 4111
  6375 7.710903E-04 9.150913E-04 1.248968E-03   3	  507	 1879	 4052	    0	    0	10957	 5362	 5395
  6376 6.984392E-04 7.080474E-04 1.248966E-03   4	  112	  437	  620	 3982	    0	    0	 4718	 4717	 4367	10976
  6377 1.440479E-05 4.000999E-04 1.248019E-03   1	 2543	    0	    0	 9390
  6378 9.269100E-04 1.069421E-03 1.246698E-03   5	   41	  309	  520	 1231	 3382	    0	    0	 7170	 7103	 7145	 7291	 7008
  6379 8.789115E-04 7.382405E-04 1.250667E-03   3	  228	  321	 1196	    0	    0	 6616	 6832	 6636
  6380 9.475205E-04 4.020178E-04 1.250880E-03   1	 1916	    0	    0	 7221
  6381 6.263457E-04 6.782075E-04 1.241280E-03   1	  508	    0	    0	 3820
  6382 1.092461E-03 8.649574E-04 1.247550E-03   0	    0	    0
  6383 5.352439E-04 1.081708E-03 1.256640E-03   1	    1	    0	    0	 3326
  6384 6.312376E-04 5.990208E-04 1.258776E-03   3	  508	  654	 4069	    0	    0	 3786	 3807	 3846
  6385 6.576000E-04 9.168143E-04 1.260271E-03   3	  465	 1988	 2252	    0	    0	 4077	10046	10984
  6386 9.225600E-04 9.087833E-04 1.260478E-03   2	  545	 6390	    0	    0	 7025	 7009
  6387 7.564608E-04 5.752518E-04 1.260144E-03   2	 2201	 4431	    0	    0	 5127	 9532
  6388 6.801228E-04 1.114560E-03 1.258045E-03   1	  118	    0	    0	 4144
  6389 1.211073E-03 1.130436E-03 1.252281E-03   4	 1280	 4409	 4428	 6396	    0	    0	 8574	 8369	 8566	10949
  6390 9.066877E-04 8.894078E-04 1.252290E-03   3	  216	  545	 6386	    0	    0	10980	 6920	 7009
  6391 1.181758E-03 1.052784E-03 1.350196E-03   1	 6311	    0	    0	 8351
  6392 8.880000E-04 1.093656E-03 1.351231E-03   1	 4951	    0	    0	10292
  6393 8.745625E-04 3.317197E-04 1.256855E-03   0	    0	    0
  6394 7.132874E-04 6.427533E-04 1.254205E-03   2	  775	 1258	    0	    0	 4606	 4783
  6395 7.967808E-04 9.753408E-04 1.226861E-03   4	  369	  488	  647	  787	    0	    0	 5468	10951	10929	 5506
  6396 1.208652E-03 1.122237E-03 1.223997E-03   4	  280	 6336	 6337	 6389	    0	    0	 8565	 8585	 8364	10949
  6397 8.089337E-04 8.860760E-04 1.228351E-03   3	  779	 2176	 6414	    0	    0	 5810	 9937	 9994
  6398 1.550740E-04 4.371682E-05 1.228353E-03   2	 2370	 3113	    0	    0	 1327	 1583
  6399 8.319821E-04 9.148752E-04 1.220670E-03   1	  787	    0	    0	 6217
  6400 6.268800E-04 8.478936E-04 1.219944E-03   1	 5115	    0	    0	 3803
  6401 1.262918E-03 1.141453E-03 1.219181E-03   6	    0	  280	 4428	 5083	 5120	 6336	    0	    1	 9078	 8694	10966	 8734	 8826	 8693
  6402 6.604608E-04 8.031622E-04 1.222080E-03   2	  112	  806	    0	    0	 4199	 3959
  6403 1.226435E-03 9.014351E-04 1.222422E-03   0	    0	    0
  6404 6.071732E-04 7.860336E-04 1.221568E-03   2	   71	  806	    0	    0	 3615	 3693
  6405 7.017592E-04 6.576000E-04 1.221139E-03   2	  437	  775	    0	    0	 4511	 4665
  6406 7.603392E-04 8.198597E-04 1.232668E-03   2	  507	 6408	    0	    0	 5445	 5394
  6407 1.274861E-03 1.948800E-04 1.237968E-03   3	    0	    7	  220	    0	    1	 9084	 8812	10961
  6408 7.785604E-04 8.131200E-04 1.235857E-03   3	  223	  507	 6406	    0	    0	10943	 9850	 5394
  6409 6.249471E-04 7.017683E-04 1.235862E-03   3	   97	 1205	 3626	    0	    0	 3665	 3785	 3784
  6410 8.923535E-04 6.598611E-04 1.239878E-03   1	 3493	    0	    0	 6889
  6411 4.757102E-04 1.262398E-03 1.236921E-03   2	 1508	 3567	    0	    0	 3212	 3223
  6412 1.176517E-03 1.171818E-03 1.236923E-03   3	  280	 4409	 6303	    0	    0	 8365	 8315	 8290
  6413 7.055968E-04 9.902769E-04 1.237440E-03   3	  369	  818	  917	    0	    0	 4450	10160	 4512
  6414 8.049271E-04 9.028489E-04 1.237437E-03   2	  779	 6397	    0	    0	 5811	 9994
  6415 1.148604E-03 5.015713E-04 1.232192E-03   2	 3376	 5109	    0	    0	 8229	 8218
  6416 4.289296E-06 5.942400E-04 1.354218E-03   4	   -1	  171	 1414	 4443	    1	    0	  181	  250	  285	  307
  6417 8.846794E-04 5.678727E-04 1.233601E-03   2	  717	 1738	    0	    0	 6741	 6851
  6418 9.499568E-04 4.331785E-04 1.233609E-03   0	    0	    0
  6419 1.804608E-04 8.862984E-04 5.328000E-04   3	 2081	 2683	 5272	    0	    0	 1873	 1740	 1603
  6420 1.599751E-04 8.803124E-04 5.322821E-04   2	 2811	 5272	    0	    0	 1300	 1453
  6421 5.715000E-05 1.018546E-03 5.347181E-04   3	 1259	 3512	 6434	    0	    0	  446	  603	  533
  6422 2.092608E-04 9.604459E-04 5.342074E-04   3	  189	  630	 2697	    0	    0	 1902	10651	10636
  6423 4.041562E-04 9.436876E-04 5.347200E-04   2	   21	 3330	    0	    0	 2995	10640
  6424 1.377962E-04 1.179323E-03 5.322849E-04   3	   58	  350	 3640	    0	    0	 1132	 1198	10638
  6425 7.401496E-04 1.016856E-03 1.436141E-03   4	  167	  288	 2058	 2174	    0	    0	 4673	10197	10201	 5000
  6426 3.268430E-04 1.051203E-03 5.330150E-04   0	    0	    0
  6427 1.386836E-04 9.936000E-04 5.327971E-04   2	 3516	 4115	    0	    0	10643	10169
  6428 7.967838E-05 8.342336E-04 5.268270E-04   3	 3067	 5674	 6438	    0	    0	10639	10645	10646
  6429 4.755693E-05 8.112000E-04 5.265236E-04   2	 2348	 4641	    0	    0	 9822	  469
  6430 1.329208E-04 7.914818E-04 5.270431E-04   1	 3581	    0	    0	 1151
  6431 9.600000E-07 8.914982E-04 5.226850E-04   3	   -1	  495	 4359	    1	    0	  113	  261	 9988
  6432 1.185931E-04 8.613350E-04 5.294753E-04   2	 2717	 3345	    0	    0	 9924	  955
  6433 2.964316E-04 2.538909E-04 5.312218E-04   2	 1049	 1331	    0	    0	 2711	 2671
  6434 5.122187E-05 1.005119E-03 5.289600E-04   3	  515	 1259	 6421	    0	    0	  493	  494	  533
  6435 2.255952E-04 7.617954E-04 5.286182E-04   1	 2504	    0	    0	10644
  6436 8.904315E-04 5.483721E-04 5.438057E-04   2	 1796	 6526	    0	    0	 6930	 6694
  6437 6.518410E-04 1.230273E-03 5.424000E-04   2	  254	 5268	    0	    0	10642	 3967
  6438 9.504000E-05 8.433272E-04 5.424080E-04   4	 3345	 5256	 5674	 6428	    0	    0	  916	  802	  712	10646
  6439 1.348419E-04 7.553069E-04 5.423960E-04   0	    0	    0
  6440 3.489898E-04 1.055041E-03 5.404800E-04   0	    0	    0
  6441 3.125143E-04 1.070404E-03 5.462400E-04   1	 1700	    0	    0	10264
  6442 1.277760E-03 5.395392E-04 5.433408E-04   2	    0	 1786	    0	    1	 9021	 9468
  6443 3.360000E-05 7.530765E-04 5.385600E-04   1	 5254	    0	    0	  470
  6444 3.619200E-04 1.073730E-03 5.388954E-04   1	 5279	    0	    0	 2859
  6445 9.469813E-05 8.294592E-04 5.039964E-04   0	    0	    0
  6446 6.705343E-04 6.578297E-04 5.078400E-04   1	   15	    0	    0	 4034
  6447 8.597151E-04 1.033410E-03 5.083605E-04   1	    6	    0	    0	 6440
  6448 9.120000E-05 9.374057E-04 5.083551E-04   3	 2349	 2958	 3021	    0	    0	  800	  653	  697
  6449 2.409632E-04 1.167379E-03 5.059200E-04   1	 4658	    0	    0	 2249
  6450 4.209226E-04 1.258560E-03 1.439040E-03   3	    1	 3710	 4637	    0	    0	 3024	 3078	 3099
  6451 1.075646E-03 4.922694E-04 5.064332E-04   0	    0	    0
  6452 2.828599E-04 4.343636E-04 4.982400E-04   2	 3784	 4646	    0	    0	 2656	 2545
  6453 1.029326E-04 2.390374E-04 4.980279E-04   1	 3692	    0	    0	  817
  6454 1.704376E-04 7.656369E-04 5.022960E-04   2	 4629	 6467	    0	    0	 1627	 1738
  6455 5.092402E-04 6.624330E-05 5.025926E-04   0	    0	    0
  6456 8.543967E-05 7.660608E-04 5.001656E-04   2	 1755	 5644	    0	    0	  799	 9773
  6457 1.564837E-04 8.673991E-04 5.179540E-04   1	 1463	    0	    0	 1602
  6458 6.873792E-04 1.238381E-03 5.160290E-04   2	  254	 3572	    0	    0	 4049	 4476
  6459 4.650840E-04 5.857468E-05 5.241408E-04   0	    0	    0
  6460 1.814352E-04 1.016644E-03 5.212777E-04   3	  189	  590	 6471	    0	    0	 1683	 1661	 1628
  6461 2.918592E-04 8.263557E-04 5.241408E-04   0	    0	    0
  6462 1.082446E-03 3.993408E-04 5.212720E-04   1	 6468	    0	    0	 7954
  6463 9.600000E-07 9.653198E-04 1.436770E-03   2	   -1	    1	    1	    0	  191	  237
  6464 1.253309E-03 8.270691E-04 5.107392E-04   0	    0	    0
  6465 1.028370E-03 5.375808E-04 1.438533E-03   2	    8	 6607	    0	    0	 7789	 7776
  6466 1.545633E-04 7.654618E-04 5.150067E-04   1	 4622	    0	    0	 1348
  6467 1.857911E-04 7.555200E-04 5.155205E-04   1	 6454	    0	    0	 1738
  6468 1.097278E-03 4.181082E-04 5.160300E-04   3	  554	 1583	 6462	    0	    0	 9402	 7990	 7954
  6469 3.765277E-05 7.987392E-04 5.484949E-04   0	    0	    0
  6470 1.269566E-03 1.049325E-03 5.126592E-04   3	    0	    3	 2448	    0	    1	 9020	 8836	10631
  6471 1.641600E-04 1.014211E-03 5.138104E-04   4	  429	  590	 1690	 6460	    0	    0	 1549	 1430	 1476	 1628
  6472 1.317292E-04 1.015236E-03 5.130808E-04   4	   23	  429	 1690	 2433	    0	    0	10632	 1131	 1226	 1242
  6473 7.238193E-06 7.925135E-04 5.136040E-04   2	   -1	 4641	    1	    0	  112	 9820
  6474 8.688000E-04 3.210866E-04 5.923200E-04   0	    0	    0
  6475 1.694074E-04 1.160420E-03 5.913408E-04   2	   58	  204	    0	    0	 1460	 1551
  6476 1.426981E-04 7.670371E-04 5.909104E-04   1	 6518	    0	    0	10667
  6477 9.120000E-05 7.591361E-04 5.898820E-04   0	    0	    0
  6478 6.892608E-04 5.053957E-04 1.427497E-03   0	    0	    0
  6479 2.227392E-04 5.491392E-04 1.427009E-03   0	    0	    0
  6480 1.430400E-04 8.843865E-04 5.940284E-04   0	    0	    0
  6481 9.153724E-06 1.006527E-03 5.822128E-04   4	   -1	  515	 3777	 5299	    1	    0	  124	  375	  305	  246
  6482 2.334876E-04 8.371392E-04 5.827331E-04   1	 4110	    0	    0	10662
  6483 3.081484E-04 1.526417E-04 5.829432E-04   0	    0	    0
  6484 2.505536E-04 9.843418E-04 5.807925E-04   4	  189	  630	 6500	 6513	    0	    0	 2398	 2335	10669	 2385
  6485 2.755235E-04 8.995154E-04 5.813196E-04   0	    0	    0
  6486 3.652503E-04 2.006442E-04 5.865608E-04   2	 2292	 5577	    0	    0	 2903	 2864
  6487 1.627546E-04 4.526780E-04 1.428038E-03   1	 1469	    0	    0	 1397
  6488 8.386187E-05 8.548339E-04 6.057600E-04   1	 6497	    0	    0	 9858
  6489 6.048000E-05 8.515200E-04 6.059818E-04   0	    0	    0
  6490 7.132800E-04 1.110720E-03 6.033166E-04   1	    6	    0	    0	10288
  6491 2.432201E-04 1.045781E-03 6.129278E-04   1	 2372	    0	    0	10222
  6492 2.270061E-04 9.782400E-04 6.132345E-04   3	 3766	 6500	 6746	    0	    0	 2088	10680	 2366
  6493 1.781152E-04 7.996737E-04 6.134400E-04   0	    0	    0
  6494 9.887448E-05 1.030074E-03 6.110047E-04   1	 3223	    0	    0	  897
  6495 1.704360E-04 1.087680E-03 5.985946E-04   5	   58	  204	  590	 4386	 5297	    0	    0	 1459	 1630	 1528	10254	10276
  6496 4.439646E-04 1.250367E-03 1.425087E-03   3	    1	 4637	 5270	    0	    0	 3107	 3146	10347
  6497 9.644310E-05 8.185382E-04 5.975629E-04   1	 6488	    0	    0	 9858
  6498 4.631621E-04 3.004800E-04 5.982883E-04   2	 2904	 5310	    0	    0	 3171	 3181
  6499 2.154848E-04 1.086278E-03 5.961712E-04   2	 1564	 5297	    0	    0	 2152	 1996
  6500 2.462007E-04 9.758072E-04 5.961551E-04   3	  630	 6484	 6492	    0	    0	 2265	10669	10680
  6501 3.215962E-04 9.648016E-04 6.043551E-04   1	 1140	    0	    0	 2762
  6502 1.603188E-04 8.438411E-04 6.038400E-04   0	    0	    0
  6503 1.891071E-04 7.730116E-04 5.553251E-04   3	 2504	 3487	 4439	    0	    0	10654	 1856	 1858
  6504 1.274607E-04 7.737408E-04 5.556300E-04   0	    0	    0
  6505 2.980436E-04 3.788581E-04 5.553281E-04   1	 1389	    0	    0	 2681
  6506 3.413122E-04 9.094664E-04 5.577600E-04   4	   21	  601	 3748	 3799	    0	    0	 2869	 2812	 2883	 2863
  6507 3.904997E-04 1.108803E-03 5.520000E-04   1	   22	    0	    0	 2952
  6508 2.146027E-04 8.577956E-04 5.476509E-04   1	 2081	    0	    0	 2025
  6509 3.326096E-04 1.110207E-03 5.517841E-04   1	 3920	    0	    0	10298
  6510 1.113792E-04 7.790687E-04 5.750400E-04   1	 2690	    0	    0	  896
  6511 1.809203E-04 7.516825E-04 5.750402E-04   3	 3274	 3533	 4439	    0	    0	 1606	 1605	 9771
  6512 1.934751E-04 1.104443E-03 5.714235E-04   1	  204	    0	    0	 1798
  6513 2.538807E-04 9.974384E-04 5.767444E-04   3	  189	 6484	 6515	    0	    0	 2440	 2385	 2353
  6514 5.034812E-04 6.431895E-05 5.813185E-04   1	 5301	    0	    0	 3248
  6515 2.409600E-04 1.004904E-03 5.783593E-04   3	  630	 2372	 6513	    0	    0	 2251	 2122	 2353
  6516 2.999677E-04 1.024315E-03 5.774788E-04   1	 5315	    0	    0	10204
  6517 3.158200E-04 9.089054E-04 5.769600E-04   2	  601	 3227	    0	    0	 2699	10668
  6518 1.416330E-04 7.737408E-04 5.767499E-04   1	 6476	    0	    0	10667
  6519 2.505668E-04 2.399808E-04 5.752156E-04   3	 3003	 3698	 5317	    0	    0	 2384	 2427	10660
  6520 1.161742E-04 9.263970E-04 5.654406E-04   4	 2400	 3122	 5258	 5286	    0	    0	10657	 1090	10033	10069
  6521 1.674846E-04 1.022395E-03 5.616000E-04   2	 2093	 5283	    0	    0	 1431	 1629
  6522 1.219144E-04 9.515871E-04 5.692794E-04   2	 3937	 5322	    0	    0	 1073	 1072
  6523 1.564795E-04 8.040384E-04 5.692828E-04   1	 2504	    0	    0	10655
  6524 3.744000E-05 7.862510E-04 5.687672E-04   0	    0	    0
  6525 4.801920E-05 8.728548E-04 5.678735E-04   2	 1378	 3108	    0	    0	  458	  583
  6526 8.707200E-04 5.423988E-04 5.673600E-04   2	  715	 6436	    0	    0	 6402	 6694
  6527 1.929547E-04 2.733797E-04 4.411523E-04   1	 3373	    0	    0	 1760
  6528 1.824000E-05 9.590400E-04 4.392348E-04   2	   -1	 4341	    1	    0	   96	  258
  6529 5.566080E-05 2.868800E-04 4.358208E-04   2	  638	 2154	    0	    0	  503	  564
  6530 5.994901E-04 5.059369E-04 4.401253E-04   1	 1808	    0	    0	10584
  6531 1.900608E-04 7.598787E-04 4.348644E-04   1	 2605	    0	    0	 1733
  6532 1.872000E-04 1.080008E-03 4.329635E-04   3	  278	  429	 6547	    0	    0	 1869	 1708	 1868
  6533 8.419200E-04 1.044461E-03 1.454922E-03   4	  580	  588	 2770	 4169	    0	    0	11085	10242	 6196	 6284
  6534 8.918411E-04 4.118400E-04 1.454742E-03   1	 1421	    0	    0	 9393
  6535 2.489819E-04 8.597176E-04 4.368000E-04   2	 4700	 5646	    0	    0	10578	10600
  6536 9.972252E-04 7.377289E-04 4.362857E-04   3	   11	  435	  889	    0	    0	 7627	10582	 9733
  6537 1.002913E-04 3.004917E-04 4.370158E-04   4	  641	 1394	 3960	 4710	    0	    0	  952	  733	  911	10590
  6538 1.259078E-03 1.233237E-04 1.451965E-03   1	  859	    0	    0	 8841
  6539 4.755226E-05 8.651728E-04 4.502400E-04   2	 1076	 4608	    0	    0	 9906	  404
  6540 1.008000E-04 9.508394E-04 4.423366E-04   2	 4308	 4699	    0	    0	  861	  970
  6541 3.500199E-05 9.192389E-04 4.427754E-04   2	   -1	 4708	    1	    0	   97	  456
  6542 5.366400E-04 6.287982E-04 1.452138E-03   0	    0	    0
  6543 1.122032E-03 1.205779E-03 4.444832E-04   2	    3	 4671	    0	    0	 8127	10343
  6544 1.386908E-04 7.577882E-04 4.147392E-04   2	 2605	 3975	    0	    0	10577	 1236
  6545 2.390400E-04 1.177406E-03 4.173887E-04   3	  849	 1081	 1619	    0	    0	 2133	10332	 2215
  6546 1.212480E-03 1.048759E-03 4.176000E-04   1	  303	    0	    0	 8573
  6547 1.954043E-04 1.075649E-03 4.156800E-04   3	  278	 4290	 6532	    0	    0	 1923	 1852	 1868
  6548 2.543906E-04 9.379161E-04 4.104352E-04   4	 3055	 3195	 4173	 5790	    0	    0	 2289	 2350	10073	10085
  6549 2.121760E-04 6.897346E-04 4.127808E-04   4	 4502	 4702	 5652	 5760	    0	    0	10561	 2034	 1921	 1812
  6550 1.200963E-03 1.194830E-04 4.123526E-04   1	 4145	    0	    0	 8388
  6551 1.732482E-04 1.083854E-03 4.108608E-04   3	  429	 2431	 2922	    0	    0	 1406	 1426	 1473
  6552 7.795392E-04 2.942338E-04 4.108608E-04   2	 1443	 5786	    0	    0	 5745	 5450
  6553 1.790052E-04 9.791808E-04 4.113193E-04   2	 2264	 4260	    0	    0	 1773	 1541
  6554 1.150080E-05 8.601792E-04 4.118381E-04   2	   -1	 1039	    1	    0	   92	  303
  6555 7.862413E-04 3.590208E-04 4.269848E-04   2	 4221	 5632	    0	    0	 9363	 5545
  6556 1.683510E-05 1.216837E-03 4.312448E-04   1	   23	    0	    0	  280
  6557 1.172160E-03 8.918421E-04 4.255022E-04   0	    0	    0
  6558 2.947048E-04 8.613247E-04 4.286067E-04   4	 2376	 2443	 3080	 3917	    0	    0	 9914	 2717	 2666	 2678
  6559 3.182845E-04 9.206400E-04 4.219588E-04   6	   21	 3056	 3144	 4066	 4197	 4712	    0	    0	 2739	 2738	 2753	10586	 2716	 2773
  6560 1.104000E-04 6.455677E-04 4.212273E-04   0	    0	    0
  6561 8.616349E-04 9.998776E-04 4.195200E-04   1	 1311	    0	    0	 6603
  6562 1.166789E-04 1.103043E-03 4.235800E-04   2	   23	  706	    0	    0	  859	10297
  6563 9.406080E-05 8.419252E-04 4.233600E-04   4	 1651	 2078	 2096	 4680	    0	    0	10569	  731	  793	  832
  6564 1.584127E-04 3.585999E-04 4.238740E-04   0	    0	    0
  6565 1.257481E-04 8.097996E-04 4.767790E-04   3	 1755	 2179	 4302	    0	    0	  972	 1177	 9844
  6566 8.577956E-05 5.863487E-04 4.814750E-04   0	    0	    0
  6567 1.271725E-04 1.110209E-03 4.713535E-04   2	   23	  350	    0	    0	 1034	 1088
  6568 4.844175E-05 5.535783E-04 4.708516E-04   0	    0	    0
  6569 2.592804E-05 5.369818E-04 4.718776E-04   0	    0	    0
  6570 1.049294E-03 8.223782E-04 4.752011E-04   1	  751	    0	    0	 7877
  6571 1.276706E-04 1.243417E-03 4.737967E-04   1	  793	    0	    0	 1050
  6572 1.146677E-03 3.018803E-04 4.919698E-04   0	    0	    0
  6573 1.113151E-03 3.469076E-04 1.442880E-03   1	   32	    0	    0	 8031
  6574 8.633765E-06 9.977818E-04 4.886404E-04   4	   -1	  699	 1327	 3647	    1	    0	  105	  281	10158	  353
  6575 3.501119E-05 9.511484E-04 4.895808E-04   0	    0	    0
  6576 1.372776E-04 8.342413E-04 4.965316E-04   0	    0	    0
  6577 4.178877E-05 8.010814E-04 4.959782E-04   0	    0	    0
  6578 1.593408E-04 9.523392E-04 4.991808E-04   6	  189	  956	 1690	 3468	 4619	 5284	    0	    0	 1599	10058	 1283	 1390	 1367	 1392
  6579 2.697600E-04 8.490831E-04 4.941921E-04   1	 3546	    0	    0	 2473
  6580 2.371152E-04 7.363184E-04 4.943977E-04   3	 1160	 1955	 6585	    0	    0	 2264	 9767	 2172
  6581 2.961275E-04 9.038731E-04 4.919687E-04   4	  601	 1220	 2376	 4659	    0	    0	 2710	 2490	 2567	 2680
  6582 8.059628E-04 1.001492E-03 4.833911E-04   3	    2	    6	  608	    0	    0	 5848	 5722	 5971
  6583 1.007971E-04 7.401579E-04 4.807426E-04   1	 5644	    0	    0	  798
  6584 9.897600E-04 5.022841E-04 1.446720E-03   1	    8	    0	    0	 7690
  6585 2.290983E-04 7.449408E-04 4.850176E-04   3	 1256	 1955	 6580	    0	    0	 2316	 2263	 2172
  6586 9.321599E-04 6.282873E-04 4.838592E-04   1	  334	    0	    0	 7274
  6587 1.526400E-04 8.841734E-04 4.574019E-04   2	 1369	 3926	    0	    0	 1259	 9984
  6588 1.953913E-04 8.582208E-04 4.579282E-04   4	 1463	 2247	 3883	 6609	    0	    0	 1815	 1965	 1945	 9901
  6589 1.716269E-04 8.279643E-04 4.584312E-04   1	 6592	    0	    0	 9843
  6590 1.943668E-04 7.689657E-04 4.584371E-04   2	 3466	 4629	    0	    0	 1736	 1829
  6591 3.513408E-04 9.129600E-04 4.582758E-04   4	 2678	 3144	 3938	 4066	    0	    0	 2868	10025	 2892	10028
  6592 1.773825E-04 8.164438E-04 4.565089E-04   2	 2494	 6589	    0	    0	 9829	 9843
  6593 1.430400E-04 7.718592E-04 4.557844E-04   5	 1755	 2605	 2713	 4280	 4730	    0	    0	 1173	 1364	 1239	 1297	 9795
  6594 1.758875E-04 6.806443E-04 4.521500E-04   6	 3007	 3189	 3480	 3801	 4716	 6611	    0	    0	 9655	 1656	 1596	10587	 1623	 9664
  6595 7.722854E-04 3.926452E-04 4.535627E-04   0	    0	    0
  6596 1.885993E-04 8.913271E-04 4.524954E-04   3	 2831	 4071	 4609	    0	    0	 9995	 9953	 1814
  6597 1.259767E-04 3.429288E-04 4.525019E-04   0	    0	    0
  6598 8.174678E-04 9.148908E-04 1.451075E-03   3	  138	  150	 4336	    0	    0	 6108	 5894	 6122
  6599 2.528219E-04 7.434870E-04 4.554866E-04   2	 1256	 4612	    0	    0	 2393	 2458
  6600 2.246208E-04 7.763074E-04 4.535580E-04   1	 3356	    0	    0	 2188
  6601 2.697623E-04 9.096301E-04 4.684608E-04   3	  414	 1220	 2376	    0	    0	10037	 2439	 2609
  6602 7.363148E-04 6.244405E-04 4.675151E-04   1	  609	    0	    0	10598
  6603 1.810981E-04 9.518735E-04 4.661101E-04   4	  189	 1676	 4664	 4715	    0	    0	10116	10062	 1498	 1625
  6604 8.757050E-05 8.495993E-04 4.650910E-04   4	 1076	 3224	 3818	 4302	    0	    0	10602	  796	  736	  754
  6605 2.620674E-04 1.168315E-03 4.703808E-04   2	   51	 3485	    0	    0	 2555	10333
  6606 1.068486E-03 6.861828E-04 1.447233E-03   3	 1090	 1602	 1609	    0	    0	 7932	11087	 9678
  6607 1.018779E-03 5.502961E-04 1.448642E-03   4	    8	 1853	 3205	 6465	    0	    0	 7767	 7751	 9507	 7776
  6608 1.372683E-04 9.601920E-05 4.641921E-04   1	  825	    0	    0	 1224
  6609 1.790081E-04 8.496000E-04 4.617600E-04   4	 1463	 4071	 4117	 6588	    0	    0	 1762	 1775	 1281	 9901
  6610 6.240607E-05 1.535808E-04 1.449153E-03   1	  585	    0	    0	  548
  6611 1.713268E-04 6.612230E-04 4.650932E-04   5	 2663	 3007	 4126	 4603	 6594	    0	    0	10615	 1679	 1735	10616	 9664
  6612 1.002802E-04 6.422435E-04 4.656054E-04   0	    0	    0
  6613 1.274584E-04 6.090904E-04 4.652581E-04   2	 2148	 3471	    0	    0	10597	 1112
  6614 6.326358E-04 9.244800E-04 9.150946E-04   0	    0	    0
  6615 1.194787E-05 4.526726E-04 9.204221E-04   2	   -1	 3294	    1	    0	  139	 9409
  6616 8.188837E-04 7.881600E-04 9.148800E-04   5	  135	  251	  266	 2415	 6633	    0	    0	 6083	 9804	 5933	 6130	10739
  6617 7.253158E-04 6.342182E-04 9.112562E-04   0	    0	    0
  6618 1.632548E-05 2.927953E-04 9.119808E-04   1	 6619	    0	    0	  354
  6619 2.348709E-05 2.779580E-04 9.108295E-04   1	 6618	    0	    0	  354
  6620 6.359707E-04 3.743759E-05 9.105123E-04   1	  967	    0	    0	 3869
  6621 1.248960E-03 8.481944E-04 1.403957E-03   2	 3320	 4165	    0	    0	 8679	 8777
  6622 2.894798E-04 1.122251E-03 9.077174E-04   0	    0	    0
  6623 7.944355E-04 7.036731E-04 9.148800E-04   3	 3672	 5358	 5650	    0	    0	 5546	10741	 9717
  6624 8.263450E-04 6.729553E-04 9.143602E-04   1	  939	    0	    0	10742
  6625 8.428992E-04 6.263632E-04 9.148721E-04   2	  468	 3348	    0	    0	 9596	10737
  6626 1.242221E-03 6.984298E-04 1.403973E-03   2	 6739	 6740	    0	    0	 8745	 8699
  6627 1.120320E-03 8.836268E-04 9.304649E-04   1	 5668	    0	    0	 8130
  6628 1.245110E-03 8.496000E-04 9.297221E-04   0	    0	    0
  6629 3.091008E-04 7.885018E-04 9.350208E-04   0	    0	    0
  6630 1.062738E-03 7.560283E-04 9.335718E-04   0	    0	    0
  6631 7.747200E-04 6.427492E-04 9.331392E-04   2	 2347	 3478	    0	    0	 5408	 9573
  6632 1.150523E-03 9.335659E-04 9.283200E-04   2	 1503	 2465	    0	    0	 8209	10740
  6633 8.167481E-04 7.886729E-04 9.321600E-04   5	  135	  266	 2415	 5343	 6616	    0	    0	 6061	 5992	 6012	 5960	10739
  6634 8.251556E-04 6.919523E-04 9.321600E-04   1	 4186	    0	    0	 6084
  6635 7.437864E-04 7.536000E-04 9.254208E-04   2	  194	 5391	    0	    0	 4727	10743
  6636 2.317019E-04 4.523785E-04 9.220498E-04   2	  803	 2709	    0	    0	 2178	 2108
  6637 7.637094E-04 3.221142E-04 9.235008E-04   1	 2214	    0	    0	 5185
  6638 8.462744E-04 6.614400E-04 9.288347E-04   3	  619	 2946	 3348	    0	    0	 6148	 6526	 6527
  6639 1.005337E-03 9.552000E-04 8.831808E-04   0	    0	    0
  6640 1.583875E-04 6.110037E-04 8.899200E-04   1	  951	    0	    0	 9557
  6641 2.899008E-04 3.429357E-04 8.908608E-04   2	  434	  974	    0	    0	 2560	 2525
  6642 1.141440E-03 7.173357E-04 8.874837E-04   0	    0	    0
  6643 2.831950E-04 6.802982E-04 8.880000E-04   1	  534	    0	    0	 2579
  6644 1.521325E-04 5.246064E-04 8.870592E-04   2	  446	  948	    0	    0	 1503	 1213
  6645 7.481752E-04 6.748800E-04 8.860830E-04   1	  395	    0	    0	 4866
  6646 1.145788E-03 6.638798E-04 8.860746E-04   3	 1066	 5442	 6649	    0	    0	 8196	 8164	 8208
  6647 9.694414E-05 4.661094E-04 8.822538E-04   2	 1638	 5466	    0	    0	  783	  901
  6648 3.374737E-04 2.121600E-04 8.798030E-04   0	    0	    0
  6649 1.161151E-03 6.558963E-04 8.789151E-04   3	 3017	 6646	 6786	    0	    0	 8243	 8208	 8260
  6650 1.208124E-03 6.326400E-04 9.010982E-04   0	    0	    0
  6651 7.914904E-04 6.109999E-04 8.990077E-04   1	 5354	    0	    0	 9553
  6652 7.549970E-04 7.533871E-04 9.009233E-04   2	  194	 2540	    0	    0	 5073	 5232
  6653 1.129931E-03 8.298841E-04 8.978171E-04   1	 3389	    0	    0	10734
  6654 1.190829E-03 6.153600E-04 8.979418E-04   1	 1752	    0	    0	10732
  6655 1.215781E-04 3.882869E-04 8.939766E-04   1	 6656	    0	    0	 9376
  6656 1.273381E-04 3.774977E-04 8.932427E-04   1	 6655	    0	    0	 9376
  6657 2.509019E-04 3.405812E-04 8.932523E-04   2	  434	 1722	    0	    0	 9334	10729
  6658 5.903997E-04 8.284717E-04 8.895782E-04   1	 3573	    0	    0	 3551
  6659 9.148692E-04 4.277240E-04 1.406400E-03   2	  969	 3953	    0	    0	 6926	 7092
  6660 8.313408E-04 5.928299E-04 8.956666E-04   3	  479	 2406	 3280	    0	    0	 6293	 6204	 6042
  6661 7.003573E-04 8.913358E-04 9.337390E-04   1	  148	    0	    0	 4425
  6662 8.492643E-04 6.945912E-04 8.937600E-04   3	  266	  411	 3749	    0	    0	 6442	 6203	 6423
  6663 1.255661E-03 6.521818E-04 9.729935E-04   1	 5049	    0	    0	10768
  6664 1.913844E-04 4.085165E-04 9.730015E-04   2	 5392	 6685	    0	    0	 1718	 1719
  6665 1.107401E-03 8.860800E-04 9.705600E-04   1	 2241	    0	    0	 8058
  6666 8.574991E-04 7.457095E-04 9.705676E-04   3	  658	  881	 6207	    0	    0	 6591	 6427	 9774
  6667 1.256640E-03 7.176367E-04 9.705600E-04   1	 6668	    0	    0	 8733
  6668 1.233085E-03 7.157198E-04 9.705579E-04   2	 2934	 6667	    0	    0	 8692	 8733
  6669 8.436281E-04 1.124667E-03 1.394663E-03   4	  287	  588	 2111	 3970	    0	    0	 6315	 6584	 6619	10295
  6670 1.394123E-04 4.929927E-04 9.749084E-04   2	 5379	 6678	    0	    0	 1249	 1248
  6671 5.805882E-04 1.035625E-03 9.719692E-04   0	    0	    0
  6672 7.142208E-04 8.323200E-04 1.398548E-03   3	 1108	 1124	 5660	    0	    0	 4587	 4862	 4643
  6673 1.163963E-03 7.541152E-04 9.670618E-04   1	 1839	    0	    0	 8289
  6674 9.278053E-04 9.705600E-04 1.396278E-03   2	 1122	 2505	    0	    0	11065	10115
  6675 7.521958E-04 1.028672E-03 1.397741E-03   2	 2058	 5456	    0	    0	10200	 5153
  6676 7.406752E-04 8.899224E-04 9.689768E-04   2	 4089	 5373	    0	    0	 4678	 5052
  6677 8.173018E-04 7.555266E-04 9.688574E-04   1	 4321	    0	    0	 6086
  6678 1.454815E-04 4.944000E-04 9.686354E-04   3	 1994	 5379	 6670	    0	    0	 1412	 1413	 1248
  6679 5.542722E-04 3.667008E-04 9.691561E-04   0	    0	    0
  6680 8.366709E-04 8.136377E-04 9.820800E-04   4	  101	  830	 3387	 5369	    0	    0	 6294	 6014	 6088	 6322
  6681 2.256073E-04 3.638400E-04 9.815682E-04   3	 1485	 2082	 6174	    0	    0	 2141	 2230	10779
  6682 7.459200E-04 7.108467E-04 9.792192E-04   1	  536	    0	    0	 5006
  6683 1.180361E-03 6.441600E-04 9.761058E-04   0	    0	    0
  6684 7.804800E-04 8.205879E-04 1.395400E-03   4	  143	  250	 1124	 4131	    0	    0	 5618	 9830	 5370	 9869
  6685 1.497408E-04 4.212225E-04 9.817192E-04   2	 1994	 6664	    0	    0	 1325	 1719
  6686 5.313946E-04 2.928013E-04 9.792192E-04   0	    0	    0
  6687 8.241043E-04 7.334592E-04 9.638208E-04   1	 3090	    0	    0	 9763
  6688 1.170025E-03 7.132800E-04 9.784503E-04   1	 3141	    0	    0	 8337
  6689 1.254208E-04 4.980324E-04 9.459418E-04   0	    0	    0
  6690 7.012431E-04 7.579540E-04 9.475117E-04   6	   90	  252	 2057	 3895	 5391	 6691	    0	    0	 4351	 4376	 4349	 9762	 4551	 4521
  6691 7.132800E-04 7.492441E-04 9.475200E-04   3	 3660	 4161	 6690	    0	    0	 4594	 4706	 4521
  6692 1.005120E-03 9.604495E-04 9.458065E-04   1	 2122	    0	    0	 7719
  6693 9.681260E-04 9.028461E-04 9.456001E-04   3	 4256	 4349	 5693	    0	    0	 7514	10012	 7515
  6694 1.240339E-03 8.454054E-04 9.456037E-04   0	    0	    0
  6695 7.920077E-04 5.923200E-04 9.360000E-04   2	  402	  547	    0	    0	 5726	10750
  6696 2.297819E-04 4.910733E-04 9.384339E-04   1	  966	    0	    0	 2227
  6697 7.637158E-04 7.001818E-04 9.365180E-04   0	    0	    0
  6698 7.675519E-04 5.774675E-04 9.419730E-04   2	  538	 3669	    0	    0	 5319	 9517
  6699 7.766432E-04 7.555200E-04 9.403555E-04   0	    0	    0
  6700 1.526435E-04 3.893143E-04 9.503808E-04   0	    0	    0
  6701 1.201901E-03 6.420293E-04 1.400129E-03   0	    0	    0
  6702 1.042579E-03 1.147408E-03 9.379318E-04   0	    0	    0
  6703 7.572216E-04 7.272391E-04 9.590363E-04   3	 3895	 4303	 5356	    0	    0	 4906	 5216	 9744
  6704 1.245634E-03 6.455672E-04 9.585269E-04   2	 3121	 4316	    0	    0	10751	 8824
  6705 6.919422E-04 1.929588E-04 1.398939E-03   0	    0	    0
  6706 7.295808E-04 6.975840E-04 9.569111E-04   2	  536	 4200	    0	    0	 4800	10752
  6707 1.187007E-03 4.381907E-04 1.397779E-03   1	    8	    0	    0	11067
  6708 7.593600E-04 8.227200E-04 9.614724E-04   2	 5390	 5394	    0	    0	 5410	 5379
  6709 2.217602E-04 5.500800E-04 9.518753E-04   2	  908	 3241	    0	    0	 2139	 9506
  6710 1.257600E-04 4.466117E-04 9.561408E-04   2	 1994	 5393	    0	    0	 1214	10757
  6711 7.228948E-04 7.801429E-04 9.534926E-04   1	 5391	    0	    0	 4652
  6712 1.225408E-03 6.823469E-04 9.530631E-04   0	    0	    0
  6713 2.376293E-04 1.028385E-03 6.979228E-04   1	 5540	    0	    0	10685
  6714 1.178262E-03 9.574618E-04 6.988992E-04   2	 4182	 6724	    0	    0	 8309	10688
  6715 1.181551E-03 4.708450E-04 7.017561E-04   3	 1428	 4242	 5241	    0	    0	10687	 8428	 9431
  6716 8.478976E-04 4.118400E-04 6.977034E-04   1	  187	    0	    0	 6127
  6717 2.409600E-04 1.115079E-03 6.969408E-04   0	    0	    0
  6718 1.241279E-03 1.024835E-03 6.954805E-04   0	    0	    0
  6719 7.689600E-04 9.801600E-04 7.061091E-04   1	   65	    0	    0	 5263
  6720 6.768000E-04 2.371193E-04 7.040218E-04   0	    0	    0
  6721 5.593382E-04 2.828581E-04 6.842656E-04   0	    0	    0
  6722 8.937600E-04 3.753600E-04 6.825729E-04   1	  100	    0	    0	 6840
  6723 3.936000E-05 1.250880E-03 6.806381E-04   1	  178	    0	    0	  406
  6724 1.202363E-03 9.705613E-04 6.931008E-04   2	 6714	 6737	    0	    0	10688	10138
  6725 1.114559E-03 1.170456E-03 6.945922E-04   2	 1292	 5191	    0	    0	 8075	 8137
  6726 2.510774E-04 1.095360E-03 6.942888E-04   1	  204	    0	    0	 2386
  6727 1.095360E-03 8.150452E-04 6.944353E-04   2	 2017	 2287	    0	    0	 8004	 7970
  6728 2.810664E-04 1.076164E-03 6.897220E-04   3	  204	 5240	 5243	    0	    0	 2535	 2557	 2634
  6729 2.620674E-04 1.062724E-03 6.904560E-04   2	  204	 1219	    0	    0	 2493	10233
  6730 1.161616E-04 1.274262E-03 7.363211E-04   3	   26	 6735	 6811	    0	    0	  919	  851	 1095
  6731 5.884800E-04 1.161627E-04 1.418429E-03   1	 3564	    0	    0	 3578
  6732 8.188800E-04 1.981993E-04 7.262181E-04   2	  377	 1929	    0	    0	 6081	 5874
  6733 6.069680E-05 1.694053E-04 7.555244E-04   1	 3050	    0	    0	  584
  6734 1.133544E-03 7.155420E-04 7.536000E-04   1	 5220	    0	    0	 8128
  6735 8.386187E-05 1.277760E-03 7.130631E-04   2	   26	 6730	    0	    0	  702	  851
  6736 8.035200E-04 2.943781E-04 7.171219E-04   1	  187	    0	    0	 5914
  6737 1.198698E-03 9.837857E-04 7.113600E-04   1	 6724	    0	    0	10138
  6738 1.197120E-03 7.914934E-04 7.092237E-04   2	  607	 1014	    0	    0	 8445	 8373
  6739 1.258565E-03 6.904633E-04 1.418440E-03   3	    0	  694	 6626	    0	    1	 9108	 8893	 8745
  6740 1.246061E-03 7.209600E-04 1.417574E-03   2	 2327	 6626	    0	    0	 9751	 8699
  6741 3.156236E-04 9.168000E-04 6.284619E-04   3	 3227	 3566	 5207	    0	    0	 2744	 2731	10681
  6742 1.463665E-04 1.067964E-03 6.268800E-04   2	   58	 2779	    0	    0	 1263	10258
  6743 4.348800E-04 3.427148E-04 6.263674E-04   3	 2655	 5204	 6756	    0	    0	 3095	 3144	 3086
  6744 1.254200E-03 3.945628E-04 1.423473E-03   2	  896	 5555	    0	    0	 8700	 9395
  6745 1.987200E-04 9.600000E-07 6.374592E-04   0	    0	    0
  6746 2.675016E-04 1.019071E-03 6.359688E-04   4	 1140	 2787	 6492	 6755	    0	    0	 2522	10683	 2366	 2509
  6747 4.771200E-04 3.603764E-05 6.328488E-04   0	    0	    0
  6748 2.060585E-04 9.508472E-04 6.307132E-04   1	 3766	    0	    0	 1801
  6749 1.559672E-04 1.143360E-03 6.282843E-04   3	   58	  204	 5589	    0	    0	 1395	 1481	 1396
  6750 1.943672E-04 1.046850E-03 6.293096E-04   2	 1770	 2372	    0	    0	 1949	10209
  6751 1.958208E-04 8.073599E-04 6.172719E-04   0	    0	    0
  6752 3.523219E-04 9.431624E-04 6.158732E-04   1	 3638	    0	    0	 2838
  6753 1.123946E-03 2.814936E-04 1.425803E-03   2	   32	   36	    0	    0	 9304	 8089
  6754 1.397123E-04 8.225046E-04 6.158811E-04   1	 5215	    0	    0	 1093
  6755 2.668608E-04 9.815574E-04 6.226753E-04   1	 6746	    0	    0	 2509
  6756 4.190041E-04 3.451542E-04 6.232531E-04   3	 2655	 3299	 6743	    0	    0	 3026	 3029	 3086
  6757 9.035759E-04 1.012800E-03 1.423165E-03   3	  276	  580	 3040	    0	    0	10177	 6949	 6950
  6758 1.276800E-04 9.600000E-07 6.207782E-04   1	 3202	    0	    0	 1228
  6759 2.716800E-04 9.964608E-04 6.628389E-04   3	 2787	 3693	 6770	    0	    0	 2399	 2573	 2593
  6760 3.326019E-04 1.056741E-03 6.637018E-04   1	 5193	    0	    0	10686
  6761 8.961852E-04 2.659200E-04 6.710391E-04   0	    0	    0
  6762 5.437986E-04 3.893104E-04 6.638766E-04   2	 2756	 3491	    0	    0	 3391	 3432
  6763 1.229418E-03 1.115074E-03 6.590072E-04   1	    3	    0	    0	 8604
  6764 4.315506E-04 1.168319E-03 1.420358E-03   3	   73	 3653	 5679	    0	    0	 3088	 3126	 3141
  6765 3.004805E-04 1.033406E-03 6.476642E-04   0	    0	    0
  6766 1.891200E-04 1.103247E-03 6.460607E-04   3	  204	 1770	 2779	    0	    0	 1684	 1860	10290
  6767 5.427418E-04 7.920075E-04 6.399782E-04   0	    0	    0
  6768 2.579004E-04 9.323793E-04 6.556800E-04   0	    0	    0
  6769 1.065588E-04 9.225616E-04 6.556816E-04   1	 5189	    0	    0	  834
  6770 2.961255E-04 9.830592E-04 6.520609E-04   2	 2031	 6759	    0	    0	 2745	 2593
  6771 7.956288E-04 9.902701E-04 1.410756E-03   1	 1855	    0	    0	10171
  6772 1.155821E-03 9.038786E-04 8.452479E-04   0	    0	    0
  6773 1.180800E-04 1.737600E-04 8.467008E-04   0	    0	    0
  6774 3.067581E-04 2.990752E-04 8.570685E-04   1	 3499	    0	    0	 2682
  6775 4.963232E-04 3.744286E-05 8.572663E-04   1	 1983	    0	    0	 3283
  6776 7.349068E-04 5.832359E-04 8.548470E-04   2	   60	  115	    0	    0	 4844	10712
  6777 2.157842E-04 6.566592E-04 8.532345E-04   3	  560	 3060	 3452	    0	    0	10720	 2107	 2038
  6778 2.947266E-04 4.872264E-04 8.510015E-04   4	 1663	 2742	 3078	 6779	    0	    0	 2672	 2636	 2595	 9429
  6779 2.788402E-04 4.636792E-04 8.390208E-04   4	  961	 2742	 3078	 6778	    0	    0	 2576	 2635	10711	 9429
  6780 2.620839E-04 2.598213E-04 8.377382E-04   0	    0	    0
  6781 1.194860E-03 8.947392E-04 8.417128E-04   0	    0	    0
  6782 2.250833E-04 6.232543E-04 8.380692E-04   1	  560	    0	    0	 2057
  6783 1.670208E-04 5.025879E-04 8.682865E-04   4	  446	 1560	 1638	 5468	    0	    0	 1609	 1409	 9442	 1634
  6784 7.569226E-04 7.310725E-04 8.721315E-04   1	  194	    0	    0	 5264
  6785 1.041287E-04 5.361264E-04 8.726430E-04   1	 1605	    0	    0	 9482
  6786 1.168831E-03 6.501328E-04 8.707200E-04   4	 1425	 1520	 3017	 6649	    0	    0	10715	 9617	 8259	 8260
  6787 2.481213E-04 6.342182E-04 8.707200E-04   1	 5414	    0	    0	 2401
  6788 1.205002E-03 8.112092E-04 8.591912E-04   0	    0	    0
  6789 1.411110E-04 6.111782E-04 8.592016E-04   4	  560	 2937	 5411	 6790	    0	    0	 1267	 1246	 1135	 1350
  6790 1.507140E-04 5.926618E-04 8.567713E-04   3	  951	 1151	 6789	    0	    0	10724	 1290	 1350
  6791 7.617387E-05 4.886539E-04 8.654880E-04   0	    0	    0
  6792 7.305600E-04 6.595230E-04 8.628289E-04   0	    0	    0
  6793 8.241268E-04 6.038400E-04 8.625149E-04   1	 3428	    0	    0	10716
  6794 1.791781E-04 4.535642E-04 8.630508E-04   4	  446	 1656	 2743	 2985	    0	    0	 9419	 1579	 1779	 1744
  6795 1.249467E-03 9.206389E-04 8.616354E-04   1	 2519	    0	    0	 8690
  6796 1.833574E-04 6.397977E-04 7.919882E-04   0	    0	    0
  6797 2.265408E-04 3.371659E-04 7.925160E-04   2	 1798	 4040	    0	    0	 2238	10694
  6798 5.130847E-04 1.172153E-03 7.900748E-04   1	    4	    0	    0	 3267
  6799 1.929663E-04 5.553218E-04 7.935782E-04   0	    0	    0
  6800 7.678080E-05 4.944043E-04 7.881600E-04   0	    0	    0
  6801 1.277760E-03 1.277760E-03 7.862400E-04   3	    0	    3	  384	    0	    1	 9031	10352	10693
  6802 1.089599E-03 1.050682E-03 7.867547E-04   0	    0	    0
  6803 1.334400E-04 4.694416E-04 8.018171E-04   0	    0	    0
  6804 2.922853E-04 5.284441E-04 8.351808E-04   0	    0	    0
  6805 1.029344E-04 6.150096E-04 7.996800E-04   2	 2627	 6815	    0	    0	  898	10692
  6806 5.001600E-04 4.381960E-04 8.001953E-04   2	 5424	 5426	    0	    0	 9408	 9406
  6807 8.083008E-04 6.844628E-04 7.972458E-04   1	 1842	    0	    0	 5916
  6808 2.145884E-04 2.990730E-04 7.963560E-04   0	    0	    0
  6809 1.145790E-03 7.036859E-04 7.733099E-04   0	    0	    0
  6810 6.425818E-04 1.147204E-03 7.634143E-04   1	 5226	    0	    0	 3827
  6811 1.290893E-04 1.261421E-03 7.609412E-04   3	   26	 6730	 6813	    0	    0	 1037	 1095	10351
  6812 4.545952E-04 1.249173E-03 7.616218E-04   0	    0	    0
  6813 1.276800E-04 1.272534E-03 7.593702E-04   3	   26	 5522	 6811	    0	    0	 1038	 1200	10351
  6814 1.196141E-03 8.188800E-04 7.593550E-04   0	    0	    0
  6815 1.041123E-04 6.153558E-04 7.829141E-04   2	 2627	 6805	    0	    0	  703	10692
  6816 8.553705E-04 1.377988E-04 7.823980E-04   1	 4094	    0	    0	 6467
  6817 8.701737E-05 1.561340E-04 7.790825E-04   1	 3030	    0	    0	  655
  6818 7.443064E-05 6.249730E-04 7.769725E-04   1	 2627	    0	    0	  738
  6819 1.113408E-04 1.797422E-04 8.265600E-04   0	    0	    0
  6820 3.345239E-04 3.364394E-04 8.251545E-04   2	 1622	 4252	    0	    0	 2794	10706
  6821 2.061895E-04 3.340992E-04 8.246400E-04   2	  987	 4040	    0	    0	 1951	 2055
  6822 1.232194E-03 7.886713E-04 8.227200E-04   0	    0	    0
  6823 3.091392E-04 4.441381E-04 8.227499E-04   1	 2742	    0	    0	 2713
  6824 2.587540E-04 3.367467E-04 8.205758E-04   1	 4155	    0	    0	 2476
  6825 4.886400E-04 4.291220E-04 8.193899E-04   2	 5426	 6826	    0	    0	 3235	 3220
  6826 4.749816E-04 4.483246E-04 8.337223E-04   3	 5426	 5430	 6825	    0	    0	 3278	 3249	 3220
  6827 9.916879E-04 8.083008E-04 8.328345E-04   0	    0	    0
  6828 1.164681E-03 8.921736E-04 8.102208E-04   0	    0	    0
  6829 4.946200E-04 2.426654E-04 8.054400E-04   0	    0	    0
  6830 7.050867E-04 4.658086E-04 1.414080E-03   1	 5445	    0	    0	 9426
  6831 1.190208E-04 6.438102E-04 8.030117E-04   2	 1586	 5428	    0	    0	 9602	 9603
  6832 9.747855E-05 5.284429E-04 8.033128E-04   2	 1151	 5334	    0	    0	 9498	 9465
  6833 1.646697E-04 3.489902E-04 8.035197E-04   3	  987	 1878	 4104	    0	    0	 1717	 9367	 9352
  6834 1.045435E-03 5.851567E-04 1.414085E-03   0	    0	    0
  6835 1.720558E-04 5.495644E-04 8.169649E-04   0	    0	    0
  6836 7.151974E-04 3.317165E-04 8.112000E-04   0	    0	    0
