 11101
     1     -1   1856 6.752279E-06 1.635974E-02 3.509893E-05
     2     -1   1937 6.673969E-06 5.492160E-02 5.779200E-06
     3     -1    856 1.009529E-05 5.712016E-02 5.779200E-06
     4     -1    871 7.495004E-06 4.378869E-02 1.317670E-05
     5     -1   3194 9.500525E-07 1.562500E-02 1.692867E-05
     6     -1    833 8.254102E-06 2.008859E-02 2.105633E-05
     7     -1   4794 4.257253E-06 2.731392E-02 2.461183E-05
     8     -1   2905 5.987167E-06 4.313771E-02 6.523885E-06
     9     -1   2476 4.759308E-06 3.746634E-02 1.739440E-05
    10     -1   3467 2.620251E-06 3.581623E-02 1.671018E-05
    11     -1   1172 6.720084E-06 2.734443E-02 3.768689E-05
    12     -1   1950 6.662809E-06 3.237199E-02 1.526451E-05
    13     -1   1936 6.941176E-06 3.439379E-02 5.779200E-06
    14     -1   1940 5.659772E-06 4.259565E-02 1.154924E-05
    15     -1    660 1.099165E-05 2.269634E-02 5.779200E-06
    16     -1   4381 9.549209E-07 1.250000E-02 1.279571E-05
    17     -1   2548 5.940907E-06 4.787106E-02 5.779200E-06
    18     -1    417 1.734246E-06 1.456903E-02 4.886596E-05
    19     -1   2955 5.812911E-06 1.863029E-02 5.779200E-06
    20     -1    552 4.326403E-06 4.231266E-02 6.042497E-05
    21     -1   2671 9.633128E-07 3.604818E-02 1.191853E-05
    22     -1    556 2.852615E-06 3.361112E-02 5.501415E-05
    23     -1   1933 7.057988E-06 2.047460E-02 5.779200E-06
    24     -1   3215 3.744969E-06 4.323260E-02 1.045486E-05
    25     -1   2053 3.018450E-06 6.178819E-02 2.126849E-05
    26     -1   2753 5.626607E-06 2.439765E-02 1.267354E-05
    27     -1   1215 4.566051E-06 1.936851E-02 4.847384E-05
    28     -1   3433 4.198211E-06 3.230459E-02 2.322150E-05
    29     -1   4356 5.305228E-06 5.613927E-02 5.779200E-06
    30     -1   5498 4.672466E-06 3.896245E-02 5.779200E-06
    31     -1   1523 7.444712E-06 1.833494E-02 5.779200E-06
    32     -1   4909 9.358495E-07 3.125000E-02 9.998929E-06
    33     -1   2547 6.096877E-06 3.453262E-02 5.779200E-06
    34     -1   2545 6.268485E-06 1.889921E-02 5.779200E-06
    35     -1   4265 3.807049E-06 2.184248E-02 2.671332E-05
    36     -1   1932 7.333255E-06 2.989312E-02 1.091379E-05
    37     -1   2155 4.855831E-06 2.050077E-02 8.879095E-06
    38     -1   4936 3.082957E-06 2.929880E-02 7.305959E-06
    39     -1    645 4.568418E-06 1.505710E-02 2.757011E-05
    40     -1   2544 6.721489E-06 2.974619E-02 5.779200E-06
    41     -1   4924 9.503666E-07 1.562500E-02 3.226153E-05
    42     -1   4024 4.573942E-06 2.728447E-02 5.779200E-06
    43     -1   5875 9.568628E-07 2.918436E-02 1.566133E-05
    44     -1   5976 4.250205E-06 2.500122E-02 5.779200E-06
    45     -1    439 4.725625E-06 1.514454E-02 5.934178E-05
    46     -1   4027 4.327742E-06 5.773479E-02 1.595503E-05
    47     -1   2064 4.013184E-06 3.413232E-02 1.011367E-05
    48     -1   3943 2.854272E-06 4.604123E-02 2.419713E-05
    49     -1    476 1.093050E-05 1.691539E-02 1.177554E-05
    50     -1   5935 3.774545E-06 4.830998E-02 1.067021E-05
    51     -1   1828 6.775707E-06 2.731127E-02 5.779200E-06
    52     -1   4866 4.568546E-06 3.724860E-02 5.779200E-06
    53     -1   1833 7.333278E-06 2.762867E-02 5.779200E-06
    54     -1   4380 3.006643E-06 4.087051E-02 1.098382E-05
    55     -1   5477 4.628776E-06 3.725678E-02 5.779200E-06
    56     -1    176 1.991716E-05 2.459093E-02 9.788802E-06
    57     -1    272 1.667123E-05 2.050822E-02 9.366925E-06
    58     -1   6050 4.038991E-06 1.580466E-02 5.779200E-06
    59     -1   5479 4.791283E-06 1.970671E-02 5.779200E-06
    60     -1   3841 5.203447E-06 3.010163E-02 5.779200E-06
    61     -1   5909 4.205718E-06 4.442772E-02 5.779200E-06
    62     -1   4358 5.656810E-06 4.173278E-02 5.779200E-06
    63     -1   3504 5.531185E-06 1.460259E-02 5.779200E-06
    64     -1    671 9.519332E-06 2.806121E-02 1.925883E-05
    65     -1   5472 5.326799E-06 2.710266E-02 5.779200E-06
    66     -1   2981 5.449406E-06 1.706687E-02 1.393560E-05
    67     -1    577 1.167824E-05 1.842419E-02 5.779200E-06
    68     -1    291 1.583466E-05 4.315773E-02 1.336641E-05
    69     -1   4564 4.099911E-06 4.071255E-02 7.076181E-06
    70     -1     23 4.159788E-05 1.899161E-02 5.779200E-06
    71     -1    897 7.409068E-06 2.034294E-02 1.212304E-05
    72     -1   5474 7.440959E-06 1.133107E-02 5.779200E-06
    73     -1   5551 4.198211E-06 3.075193E-02 2.824703E-05
    74     -1   4354 5.625361E-06 4.990797E-02 5.779200E-06
    75     -1   4477 5.304017E-06 3.289420E-02 5.779200E-06
    76     -1   1039 4.004369E-06 2.471457E-02 2.448814E-05
    77     -1   5833 3.178810E-06 2.141493E-02 8.848198E-06
    78     -1    638 3.777603E-06 3.337122E-02 5.380100E-05
    79     -1    888 9.356762E-06 3.451916E-02 1.188710E-05
    80     -1   3291 5.465352E-06 4.710916E-02 5.779200E-06
    81     -1   5629 4.572025E-06 2.444143E-02 5.779200E-06
    82     -1   2546 6.728625E-06 5.482797E-02 5.779200E-06
    83     -1   4350 5.373949E-06 3.497330E-02 5.779200E-06
    84     -1   5822 3.081447E-06 5.366186E-02 1.997057E-05
    85     -1   5780 4.205839E-06 2.499203E-02 5.779200E-06
    86     -1   5475 4.668506E-06 3.889643E-02 5.779200E-06
    87     -1   3204 5.334585E-06 2.270491E-02 1.690900E-05
    88     -1   3817 5.368300E-06 3.102206E-02 5.779200E-06
    89     -1    926 7.394403E-06 4.166331E-02 1.565839E-05
    90     -1   4694 9.478173E-07 2.083333E-02 7.913564E-06
    91     -1   2972 5.737520E-06 2.976629E-02 5.779200E-06
    92     -1   6554 2.682221E-06 2.121284E-02 1.893012E-05
    93     -1    699 1.068752E-05 1.312923E-02 5.779200E-06
    94     -1   4341 4.009512E-06 3.280756E-02 1.149093E-05
    95     -1   3013 5.445555E-06 3.591152E-02 5.779200E-06
    96     -1   6528 3.087383E-06 3.802504E-02 1.854453E-05
    97     -1   6541 3.744974E-06 4.323270E-02 3.619937E-05
    98     -1   4722 9.312000E-07 6.250000E-02 1.059587E-05
    99     -1   2324 5.829685E-06 2.400803E-02 9.631302E-06
   100     -1   4608 9.507238E-07 1.041667E-02 2.681698E-05
   101     -1   4166 3.080862E-06 5.851797E-02 1.681176E-05
   102     -1   4600 5.304023E-06 2.765026E-02 1.008268E-05
   103     -1   4257 4.115168E-06 4.417121E-02 1.394854E-05
   104     -1   3006 5.550244E-06 2.942411E-02 5.779200E-06
   105     -1   6574 4.245081E-06 1.702086E-02 9.340288E-06
   106     -1   4661 5.304018E-06 3.468845E-02 5.779200E-06
   107     -1   2707 5.924289E-06 4.175757E-02 5.779200E-06
   108     -1   1327 7.837838E-06 2.997197E-02 5.779200E-06
   109     -1   2648 5.317130E-06 3.687133E-02 1.380836E-05
   110     -1    495 5.733040E-06 1.438056E-02 3.395567E-05
   111     -1   1259 3.089233E-06 1.348335E-02 2.072858E-05
   112     -1   6473 1.732356E-06 2.261358E-02 7.258750E-06
   113     -1   6431 4.301473E-06 2.669771E-02 5.779200E-06
   114     -1   4359 5.305570E-06 2.615042E-02 5.779200E-06
   115     -1   5274 9.611419E-07 1.252975E-02 1.141975E-05
   116     -1    515 1.083642E-05 2.123625E-02 2.435703E-05
   117     -1   2901 9.590964E-07 2.083333E-02 1.242016E-05
   118     -1   2320 5.304018E-06 3.468845E-02 8.211850E-06
   119     -1   1483 7.037581E-06 2.181040E-02 6.576612E-06
   120     -1   1378 3.307572E-06 1.301611E-02 3.377228E-05
   121     -1     69 2.814159E-05 2.777017E-02 5.779200E-06
   122     -1   3033 5.656713E-06 2.893374E-02 5.779200E-06
   123     -1   1934 6.874994E-06 2.739658E-02 5.779200E-06
   124     -1   6481 3.634642E-06 2.635008E-02 2.035793E-05
   125     -1   3568 4.327909E-06 1.649693E-02 1.124697E-05
   126     -1   2207 6.560040E-06 2.084599E-02 5.779200E-06
   127     -1   5299 2.620259E-06 5.173488E-02 2.547403E-05
   128     -1     81 2.276947E-05 2.259612E-02 7.778390E-05
   129     -1    178 1.913580E-05 2.581401E-02 2.025811E-05
   130     -1   2271 9.420267E-07 1.562500E-02 3.736330E-05
   131     -1   1328 8.380061E-06 4.177602E-02 5.779200E-06
   132     -1     26 2.053485E-05 2.289592E-02 1.030149E-04
   133     -1   5218 5.317436E-06 3.550981E-02 5.779200E-06
   134     -1   4353 5.737609E-06 3.434678E-02 5.779200E-06
   135     -1   2208 6.751037E-06 3.636299E-02 5.779200E-06
   136     -1   1117 8.447017E-06 3.269509E-02 5.779200E-06
   137     -1   3294 5.446065E-06 2.052472E-02 5.779200E-06
   138     -1   1250 8.228458E-06 2.654167E-02 5.779200E-06
   139     -1   6615 3.776360E-06 3.022278E-02 1.196779E-05
   140     -1   4352 5.217666E-06 1.086028E-02 1.019138E-05
   141     -1   1538 7.550405E-06 1.259330E-02 5.779200E-06
   142     -1   2308 5.966969E-06 2.235740E-02 1.463422E-05
   143     -1   1376 7.679022E-06 3.808554E-02 5.779200E-06
   144     -1    561 1.176365E-05 1.558535E-02 5.779200E-06
   145     -1   5044 4.568418E-06 4.043908E-02 1.355737E-05
   146     -1   5492 4.417091E-06 1.336519E-02 5.779200E-06
   147     -1   3173 3.744960E-06 5.283959E-02 2.257950E-05
   148     -1   2542 6.732548E-06 3.270157E-02 5.779200E-06
   149     -1   2417 4.561563E-06 1.318807E-02 1.428390E-05
   150     -1      1 1.068918E-04 2.444219E-02 3.092949E-04
   151     -1   4363 5.203391E-06 2.040178E-02 5.779200E-06
   152     -1   5486 5.674218E-06 2.218474E-02 5.779200E-06
   153     -1   1904 6.737351E-06 1.948313E-02 6.858568E-06
   154     -1   1251 8.040047E-06 2.520390E-02 5.779200E-06
   155     -1    342 1.515223E-05 1.791722E-02 5.779200E-06
   156     -1    841 9.071158E-06 2.179832E-02 7.295519E-06
   157     -1    575 1.117535E-05 1.753527E-02 5.779200E-06
   158     -1    959 4.667113E-06 1.623278E-02 4.787747E-05
   159     -1   2706 6.581226E-06 1.461353E-02 5.779200E-06
   160     -1   1392 4.572993E-06 1.337928E-02 2.370053E-05
   161     -1    863 3.802640E-06 3.922545E-02 4.449680E-05
   162     -1    984 6.909881E-06 2.453041E-02 1.336808E-05
   163     -1   2543 6.468916E-06 4.112931E-02 5.779200E-06
   164     -1   4367 5.827657E-06 3.903674E-02 5.779200E-06
   165     -1   2962 3.744960E-06 5.005856E-02 1.597123E-05
   166     -1    510 1.219447E-05 1.875067E-02 5.779200E-06
   167     -1   1588 5.826606E-06 3.837229E-02 1.730201E-05
   168     -1   4360 5.220718E-06 4.298625E-02 5.779200E-06
   169     -1   6310 9.488667E-07 3.125000E-02 1.277633E-05
   170     -1     80 2.744620E-05 6.687435E-02 5.465343E-05
   171     -1   5484 5.369062E-06 3.092363E-02 5.779200E-06
   172     -1    870 5.728809E-06 2.203661E-02 2.890795E-05
   173     -1   5481 4.410250E-06 1.832026E-02 5.779200E-06
   174     -1    171 1.837697E-05 1.892779E-02 2.033816E-05
   175     -1   6316 3.776355E-06 2.763218E-02 5.779200E-06
   176     -1   1072 5.449831E-06 1.561399E-02 3.749436E-05
   177     -1   5491 4.565368E-06 3.007400E-02 5.779200E-06
   178     -1   4189 3.081797E-06 4.954529E-02 1.429965E-05
   179     -1   3658 5.318441E-06 1.668048E-02 1.556567E-05
   180     -1   2120 3.087840E-06 3.803629E-02 3.630461E-05
   181     -1   6416 4.257253E-06 1.480875E-02 1.823416E-05
   182     -1    698 1.022783E-05 1.627115E-02 5.779200E-06
   183     -1    467 7.907811E-06 1.232797E-02 4.634655E-05
   184     -1   1414 9.536987E-07 2.358454E-02 2.718976E-05
   185     -1    453 1.093978E-05 1.462384E-02 3.495376E-05
   186     -1   1831 7.780139E-06 2.012251E-02 5.779200E-06
   187     -1   1132 1.729633E-06 1.690691E-02 1.379093E-05
   188     -1    183 1.914825E-05 1.768522E-02 5.779200E-06
   189     -1    523 1.099317E-05 2.257755E-02 1.521397E-05
   190     -1    317 1.584521E-05 2.715600E-02 5.779200E-06
   191     -1   6463 5.916338E-06 3.072088E-02 5.779200E-06
   192     -1   2142 1.734751E-06 1.133807E-02 3.486152E-05
   193     -1   4362 1.205116E-05 5.517065E-02 6.390580E-06
   194     -1    585 7.055495E-06 2.910278E-02 2.912675E-05
   195     -1    200 1.844186E-05 2.089190E-02 5.779200E-06
   196     -1   5983 4.303833E-06 2.563612E-02 5.779200E-06
   197     -1   1062 9.264959E-06 4.645923E-02 5.779200E-06
   198     -1    740 9.449065E-06 4.693810E-02 1.888268E-05
   199     -1    362 1.428206E-05 2.294044E-02 5.779200E-06
   200     -1   1670 7.440959E-06 3.236961E-02 1.317604E-05
   201     -1   3149 5.591680E-06 5.171759E-02 5.779200E-06
   202     -1   1851 3.714220E-06 2.175727E-02 3.399093E-05
   203     -1   1246 6.880683E-06 2.469774E-02 2.462528E-05
   204     -1   2298 6.178580E-06 5.076269E-02 5.779200E-06
   205     -1   1145 2.620250E-06 2.586727E-02 3.182326E-05
   206     -1    941 6.975919E-06 4.231027E-02 3.271613E-05
   207    926   3204 3.999270E-06 4.598400E-02 3.874840E-05
   208    515   1259 5.665134E-06 2.163771E-02 6.263326E-05
   209    495   4359 4.716014E-06 4.578440E-02 4.854508E-05
   210     26     81 2.342310E-05 2.724862E-02 1.584521E-04
   211    575   1392 8.020587E-06 4.371039E-02 4.715927E-05
   212    959   1588 4.028923E-06 7.349669E-02 3.905539E-05
   213    171    510 6.027889E-06 3.157422E-02 7.069149E-05
   214    510   6316 2.188574E-06 4.101867E-02 4.368544E-05
   215      1     80 3.809773E-05 5.216721E-02 2.490215E-04
   216      1   4362 1.287617E-05 5.973643E-02 3.479506E-04
   217    200   2142 3.995966E-06 3.200575E-02 6.958217E-05
   218    660   2053 3.689745E-06 5.632340E-02 5.993185E-05
   219   1523   1933 3.882933E-06 3.939163E-02 4.600729E-05
   220    671   3504 2.972682E-06 4.892560E-02 4.914638E-05
   221     23    176 1.758258E-05 3.814371E-02 1.446831E-04
   222    671   5474 4.609641E-06 3.499523E-02 5.394046E-05
   223     23    272 1.472286E-05 2.745382E-02 1.418182E-04
   224     23    577 6.270694E-06 4.748771E-02 1.121327E-04
   225     69     81 1.740859E-05 2.881217E-02 1.674509E-04
   226    342    959 3.873044E-06 5.482483E-02 8.891635E-05
   227    959    984 4.290682E-06 3.252660E-02 4.959265E-05
   228   1588   4367 4.082442E-06 5.680350E-02 3.295240E-05
   229    984   4367 3.917731E-06 8.893874E-02 3.868679E-05
   230    510    575 6.575294E-06 4.411870E-02 7.333866E-05
   231      1    870 8.292494E-06 4.826492E-02 3.458859E-04
   232    171   5481 2.620292E-06 4.656190E-02 7.017927E-05
   233    467    698 9.090170E-06 3.809578E-02 5.693298E-05
   234    171    453 1.074661E-05 3.708094E-02 7.484760E-05
   235    453   3658 3.742479E-06 2.206579E-02 9.701416E-05
   236      1    523 8.837924E-06 1.572873E-02 3.712679E-04
   237      1   6463 7.284917E-06 2.835659E-02 2.890471E-04
   238    317    740 8.432000E-06 3.585276E-02 5.190397E-05
   239   1936   3467 4.444313E-06 7.380972E-02 1.978812E-05
   240    660   1950 3.904811E-06 5.028646E-02 4.470192E-05
   241   2544   4936 3.817799E-06 5.534771E-02 2.331935E-05
   242    176   4380 4.083109E-06 5.474253E-02 6.325311E-05
   243    897   5472 3.888728E-06 6.886607E-02 4.426823E-05
   244   2621   2972 3.584556E-06 8.641041E-02 2.969197E-05
   245   4600   4661 4.069601E-06 8.040275E-02 2.799739E-05
   246   5299   6481 4.125495E-06 6.742610E-02 4.035149E-05
   247     26    178 1.610761E-05 2.478595E-02 1.372783E-04
   248   1328   5218 4.456115E-06 6.062125E-02 3.287064E-05
   249    510   1392 5.440326E-06 4.740093E-02 6.858428E-05
   250    171   6416 2.806841E-06 5.063876E-02 1.011603E-04
   251    200   1851 4.405680E-06 2.725143E-02 6.771041E-05
   252   1145   1851 4.513582E-06 1.560555E-02 4.106901E-05
   253    833   3467 4.089675E-06 4.767560E-02 4.856743E-05
   254    439   4380 3.875987E-06 7.203201E-02 7.583841E-05
   255    476    583 1.138362E-05 3.532358E-02 6.124554E-05
   256   1039   5833 3.349457E-06 6.428082E-02 4.186275E-05
   257   2326   3204 5.179683E-06 3.857480E-02 4.966420E-05
   258   4341   6528 4.396263E-06 3.064143E-02 3.844241E-05
   259    699   1259 3.962041E-06 3.336937E-02 6.141260E-05
   260   1259   1327 4.370971E-06 3.829096E-02 4.058491E-05
   261    495   6431 3.494860E-06 1.774946E-02 5.410360E-05
   262   3033   5560 9.629602E-07 2.795085E-02 4.216906E-05
   263    178   2271 4.715122E-06 2.400817E-02 7.938419E-05
   264   1376   3173 4.480698E-06 4.905652E-02 3.403028E-05
   265    561   3173 1.986859E-06 5.655537E-02 7.295018E-05
   266   2542   5492 3.956800E-06 4.163320E-02 3.162027E-05
   267    561   2090 3.713044E-06 4.017301E-02 8.073739E-05
   268    342    575 3.430815E-06 7.345499E-02 1.108036E-04
   269    171   3658 5.252519E-06 3.807581E-02 7.713159E-05
   270    317    453 1.005344E-05 3.178536E-02 6.488749E-05
   271   4356   4909 2.249633E-06 6.233364E-02 2.944196E-05
   272    439   2155 3.684175E-06 7.460427E-02 9.099193E-05
   273    476    846 5.838473E-06 2.144262E-02 6.284745E-05
   274   3943   4310 3.288121E-06 4.896068E-02 2.274133E-05
   275   4866   5975 3.475693E-06 5.564850E-02 2.133865E-05
   276    272   5975 3.060278E-06 4.050394E-02 7.320518E-05
   277   5472   5997 1.988253E-06 4.918690E-02 2.708688E-05
   278   4488   5474 2.990468E-06 6.064777E-02 3.909003E-05
   279    638    888 8.561960E-06 3.885341E-02 3.748720E-05
   280     23   6556 2.810764E-06 6.651872E-02 1.090363E-04
   281    699   6574 3.158477E-06 4.572857E-02 3.171718E-05
   282   1793   2542 3.070953E-06 5.071919E-02 7.439477E-05
   283    171   6316 4.063663E-06 5.348873E-02 8.447774E-05
   284      1   1072 6.231387E-06 3.067135E-02 3.037528E-04
   285   1414   6416 3.146819E-06 4.194888E-02 4.096806E-05
   286    183   1831 7.518987E-06 5.041039E-02 5.480159E-05
   287    833   1940 4.455711E-06 4.114050E-02 5.114568E-05
   288   3215   4750 3.017495E-06 6.576699E-02 1.886651E-05
   289   1215   4936 3.639103E-06 4.162363E-02 6.026262E-05
   290    926   2546 5.838629E-06 5.716004E-02 2.520444E-05
   291   4692   5780 2.855936E-06 3.432919E-02 5.108961E-05
   292   3962   4694 3.773811E-06 6.751990E-02 1.809872E-05
   293   1327   3647 2.805363E-06 7.522450E-02 4.448413E-05
   294     23   1483 5.553107E-06 6.343011E-02 1.516308E-04
   295   1259   1483 3.258623E-06 4.666775E-02 7.659168E-05
   296    841   1251 2.999470E-06 6.366086E-02 8.444989E-05
   297    467   2142 5.560797E-06 5.555496E-02 7.296042E-05
   298    183   1062 2.615359E-06 5.336211E-02 7.216481E-05
   299   1215   4776 3.475418E-06 5.251139E-02 4.755942E-05
   300   3368   5935 9.609350E-07 2.799756E-02 2.461792E-05
   301    176   1802 5.618175E-06 2.714590E-02 6.046941E-05
   302   3833   4358 1.788497E-06 6.174148E-02 2.691306E-05
   303   1039   6554 4.290976E-06 6.682713E-02 2.093698E-05
   304   1483   5299 3.491314E-06 2.555817E-02 5.456869E-05
   305   3777   6481 4.168629E-06 3.226448E-02 2.135352E-05
   306   1328   2271 2.805366E-06 5.487333E-02 4.876598E-05
   307   4443   6416 9.698593E-07 1.295815E-02 2.699567E-05
   308    552   4750 1.795869E-06 6.223255E-02 5.413642E-05
   309    552   3215 3.003186E-06 4.121211E-02 6.293290E-05
   310   3215   3433 3.264296E-06 7.954491E-02 4.927283E-05
   311   3433   4170 1.791683E-06 2.172441E-02 2.304726E-05
   312    645   1932 1.389797E-06 7.900000E-02 4.278780E-05
   313    222   4922 4.831516E-06 5.441379E-02 4.103995E-05
   314    176    272 6.364653E-06 5.050270E-02 8.006835E-05
   315    863    959 4.135191E-06 6.664706E-02 6.338297E-05
   316    171    382 1.138707E-05 3.141525E-02 6.636196E-05
   317    827   5775 2.238992E-06 3.581676E-02 4.478208E-05
   318   3194   3557 3.987464E-06 4.076507E-02 1.927286E-05
   319    833   3803 4.710453E-06 4.841190E-02 2.971538E-05
   320    552   4810 4.066571E-06 4.505293E-02 7.055393E-05
   321   2392   2753 2.366437E-06 1.999470E-02 3.759782E-05
   322   2053   5498 2.839234E-06 7.580942E-02 3.720015E-05
   323    222   2155 4.077692E-06 2.827945E-02 5.682600E-05
   324    176    222 3.651375E-06 2.808418E-02 1.340278E-04
   325   3175   3833 9.596285E-07 1.733438E-02 2.581079E-05
   326    671    897 6.982666E-06 2.828168E-02 4.872388E-05
   327    291    583 1.152809E-05 5.601170E-02 5.749269E-05
   328    897   5474 2.806087E-06 8.260565E-02 6.443762E-05
   329   2326   2536 5.502079E-06 2.270106E-02 4.038060E-05
   330    699   4341 3.285932E-06 5.503063E-02 5.704048E-05
   331   2648   2901 3.295745E-06 5.227356E-02 2.624281E-05
   332    515   1327 3.956333E-06 4.999011E-02 6.580090E-05
   333    171   4298 9.520554E-07 2.795085E-02 7.695167E-05
   334    740    941 7.804633E-06 3.196634E-02 4.550364E-05
   335   2394   2476 6.100956E-06 5.780407E-02 3.659646E-05
   336    556   2392 2.900863E-06 6.186165E-02 7.525439E-05
   337   2545   4895 3.596016E-06 7.087583E-02 4.050346E-05
   338   4468   5822 9.680536E-07 1.791856E-02 1.998609E-05
   339     58   1483 2.730847E-06 4.383063E-02 1.112877E-04
   340    178   1328 9.454942E-07 6.250000E-02 7.788397E-05
   341   1793   2417 4.745073E-06 4.092263E-02 6.576735E-05
   342    984   1392 4.715075E-06 6.747501E-02 3.310894E-05
   343   1072   5491 4.198220E-06 4.537183E-02 4.484910E-05
   344    467   1409 4.278767E-06 4.638552E-02 7.581899E-05
   345    327    856 8.633117E-06 5.748763E-02 5.342577E-05
   346    327    871 7.370940E-06 6.725056E-02 5.842723E-05
   347   1950   4810 5.010532E-06 6.918354E-02 3.728510E-05
   348   1523   4265 2.180483E-06 6.865111E-02 4.080410E-05
   349    846   2544 3.141250E-06 7.130714E-02 6.651135E-05
   350   2296   4388 4.456384E-06 3.488518E-02 4.370936E-05
   351   3368   3407 2.840010E-06 4.919174E-02 4.460021E-05
   352    272   4539 2.840202E-06 4.811072E-02 7.795702E-05
   353   3647   6574 3.294868E-06 8.543381E-02 3.215362E-05
   354   6618   6619 3.008036E-06 7.350525E-02 1.704217E-05
   355    561    898 2.620262E-06 3.840325E-02 1.195284E-04
   356   1409   3939 4.150090E-06 4.914995E-02 3.264873E-05
   357   1950   3584 3.145334E-06 5.417234E-02 2.023550E-05
   358    222    439 1.024661E-05 3.726878E-02 8.508652E-05
   359    638   2070 4.362186E-06 6.246025E-02 3.926215E-05
   360   4604   4608 3.266975E-06 5.005488E-02 2.696579E-05
   361     23     58 1.810922E-05 1.939521E-02 1.786816E-04
   362     23   5262 3.926182E-06 4.508540E-02 1.393402E-04
   363     81   2271 2.932930E-06 2.103830E-02 7.260608E-05
   364    863   1251 4.431861E-06 4.590736E-02 9.964190E-05
   365   1470   3576 3.116899E-06 3.165806E-02 2.226955E-05
   366   1072   4229 3.780557E-06 6.167135E-02 2.626335E-05
   367    660   1809 4.021047E-06 6.570704E-02 8.285343E-05
   368    660   3584 3.275948E-06 4.802899E-02 3.972673E-05
   369    556    687 8.183529E-06 2.621413E-02 4.035340E-05
   370   4934   5882 3.557410E-06 5.380926E-02 2.433518E-05
   371    846   5882 3.517324E-06 4.707845E-02 4.597570E-05
   372   1812   3962 4.000359E-06 5.317039E-02 3.301434E-05
   373    895    926 6.175372E-06 6.102661E-02 6.465175E-05
   374   3006   4631 2.620284E-06 4.360949E-02 4.388348E-05
   375    515   6481 3.432571E-06 7.981336E-02 6.423326E-05
   376    499   5299 3.567109E-06 3.832391E-02 5.065698E-05
   377   2514   2950 5.193128E-06 4.050293E-02 1.822034E-05
   378    863   1837 5.910544E-06 3.916928E-02 3.816075E-05
   379    863   1608 3.276966E-06 4.590781E-02 4.782570E-05
   380    836   1392 4.750844E-06 4.374402E-02 4.014220E-05
   381    171   1392 2.673329E-06 5.068253E-02 1.070715E-04
   382   1062   4578 3.146536E-06 7.481309E-02 6.359421E-05
   383   1670   4020 5.451058E-06 3.477515E-02 3.760745E-05
   384   4793   4794 3.565540E-06 6.493388E-02 1.374096E-05
   385   4154   4794 2.993995E-06 5.107441E-02 2.446682E-05
   386    417   1172 7.673696E-06 2.677302E-02 6.231371E-05
   387   1215   3469 4.434275E-06 6.108300E-02 7.546076E-05
   388    439   5975 4.384850E-06 3.463122E-02 3.500203E-05
   389   4884   6055 4.237024E-06 6.151809E-02 3.590547E-05
   390    495   4631 4.720409E-06 3.444258E-02 5.711170E-05
   391    495    515 8.381167E-06 2.975611E-02 7.162252E-05
   392   1378   5257 1.731512E-06 3.344038E-02 3.869968E-05
   393   2994   5560 4.253146E-06 6.884467E-02 2.904413E-05
   394     69   5203 4.000803E-06 3.196809E-02 1.183758E-04
   395     81   5203 6.405291E-06 2.711419E-02 1.101346E-04
   396   1392   2477 2.695581E-06 6.219302E-02 9.354246E-05
   397    646   3939 2.806501E-06 8.651118E-02 8.742276E-05
   398    870   4229 3.152589E-06 7.537486E-02 5.350311E-05
   399   3192   3860 3.673480E-06 8.095774E-02 2.272902E-05
   400   1172   3347 4.665361E-06 4.630732E-02 4.005471E-05
   401   1215   4934 3.554227E-06 4.672438E-02 5.855274E-05
   402    638   1394 4.064599E-06 2.859809E-02 5.840517E-05
   403    895   2621 3.679798E-06 4.071034E-02 3.355424E-05
   404   4608   6539 3.170963E-06 4.087806E-02 4.420212E-05
   405     23   1259 3.912618E-06 5.422674E-02 1.482837E-04
   406    178   6723 3.467402E-06 6.733558E-02 4.367844E-05
   407   5232   5236 2.805580E-06 6.617243E-02 3.885547E-05
   408    510    836 3.866045E-06 4.656775E-02 8.421890E-05
   409      1   1246 8.869647E-06 4.847311E-02 3.584379E-04
   410   1062   3614 3.297185E-06 8.514338E-02 4.820812E-05
   411    660    687 9.575229E-07 2.795085E-02 8.059689E-05
   412   1523   2875 9.668388E-07 1.281223E-02 3.787138E-05
   413    222   1802 7.867578E-06 4.945817E-02 7.190038E-05
   414    272    439 9.714657E-06 3.928534E-02 1.001246E-04
   415     23    222 5.820038E-06 3.144873E-02 2.290144E-04
   416   3231   4292 4.300569E-06 4.167950E-02 2.174638E-05
   417   1645   2886 4.286233E-06 5.507064E-02 2.682659E-05
   418   1645   2197 5.361128E-06 5.458589E-02 1.959016E-05
   419     23    469 1.234711E-05 2.452074E-02 1.331835E-04
   420   1259   1436 5.608444E-06 2.172731E-02 6.709096E-05
   421     58   5262 4.722800E-06 5.245037E-02 8.166844E-05
   422    499   1483 6.431932E-06 5.548077E-02 8.100177E-05
   423    863   1397 3.605385E-06 6.549465E-02 6.306679E-05
   424    836   2477 3.902484E-06 2.721257E-02 5.702442E-05
   425    467   1091 6.943745E-06 3.457766E-02 3.649122E-05
   426   2875   4265 2.806783E-06 6.474054E-02 4.187491E-05
   427    699   3647 9.543551E-07 4.423604E-02 5.542124E-05
   428     23    699 9.097215E-06 3.763734E-02 1.522960E-04
   429   1397   1608 5.791584E-06 5.970985E-02 3.411990E-05
   430    646   1409 5.007796E-06 4.357143E-02 9.825394E-05
   431    327    528 1.095986E-05 5.302065E-02 4.925700E-05
   432    528    871 6.643355E-06 4.819282E-02 4.971777E-05
   433    604   4265 1.585894E-06 7.862008E-02 5.887561E-05
   434   4863   4865 3.904376E-06 5.771177E-02 2.619850E-05
   435     85    176 1.014999E-05 5.813543E-02 1.031242E-04
   436   4062   5236 3.745153E-06 6.268574E-02 1.684120E-05
   437   2446   5410 3.778215E-06 5.774174E-02 3.123335E-05
   438    646   1470 5.769998E-06 5.773591E-02 4.209741E-05
   439    171   2477 2.441365E-06 5.227394E-02 9.950562E-05
   440      1   4229 4.660383E-06 2.631517E-02 3.089299E-04
   441    453    584 7.610057E-06 2.761517E-02 9.015597E-05
   442   5532   5778 1.980000E-06 1.032547E-02 3.587988E-05
   443   1940   1950 1.795914E-06 2.717560E-02 3.933944E-05
   444   2886   3369 4.509931E-06 4.308013E-02 1.292554E-05
   445   1394   2925 2.990463E-06 5.631001E-02 4.576588E-05
   446   1259   6421 3.600742E-06 5.026383E-02 4.312118E-05
   447   1436   5299 3.264373E-06 4.864088E-02 2.992809E-05
   448    862   5409 4.970923E-06 7.899814E-02 2.628716E-05
   449   2446   2521 5.233766E-06 5.339872E-02 3.987568E-05
   450    382    584 1.044450E-05 3.200103E-02 4.800320E-05
   451    383    585 5.033736E-06 4.344641E-02 4.901173E-05
   452    827   1809 6.125050E-06 4.310462E-02 4.652624E-05
   453    552   3803 2.928307E-06 7.142441E-02 5.266587E-05
   454    645    807 9.738425E-06 3.284650E-02 4.462852E-05
   455   4607   4608 2.241880E-06 7.770360E-02 4.756951E-05
   456   4708   6541 4.383330E-06 4.225978E-02 2.916457E-05
   457    699   1681 6.035576E-06 4.146277E-02 7.748188E-05
   458   1378   6525 3.001145E-06 4.766030E-02 3.374182E-05
   459    898   1780 6.076721E-06 4.005323E-02 6.671616E-05
   460   2477   4298 4.061992E-06 3.502512E-02 3.482847E-05
   461     80    890 2.302226E-05 4.051173E-02 6.809616E-05
   462    509   3192 3.999011E-06 4.578886E-02 6.405156E-05
   463    200   6197 6.021337E-06 2.543770E-02 1.204168E-04
   464   3469   4737 4.545963E-06 6.073087E-02 3.218252E-05
   465     23     85 2.196833E-05 2.140594E-02 1.762298E-04
   466   2197   2886 4.187913E-06 6.760044E-02 2.279716E-05
   467   1039   3534 2.840301E-06 6.283219E-02 6.506229E-05
   468    821   5764 2.826126E-06 5.093295E-02 5.469006E-05
   469   4641   6429 1.793505E-06 1.417293E-02 2.761610E-05
   470   5254   6443 2.242719E-06 5.148317E-02 2.820064E-05
   471    495   3108 5.486319E-06 2.688571E-02 5.370010E-05
   472   1261   2259 5.304765E-06 3.499878E-02 5.480745E-05
   473   3469   4217 3.116421E-06 4.832548E-02 2.642771E-05
   474    272   5937 4.097777E-06 6.771188E-02 1.016892E-04
   475    638   2154 3.752900E-06 5.281735E-02 6.507726E-05
   476   1681   3647 4.388108E-06 5.570611E-02 1.961929E-05
   477    499   2226 4.405648E-06 3.710830E-02 4.044374E-05
   478   3393   3907 4.220963E-06 6.530026E-02 3.905493E-05
   479   1017   2417 2.998707E-06 6.679869E-02 8.206054E-05
   480    646   1397 3.865131E-06 6.860983E-02 6.160754E-05
   481   1027   3321 4.017585E-06 3.763118E-02 5.530683E-05
   482    382   1417 5.919058E-06 7.027868E-02 6.141594E-05
   483   1091   2120 4.615336E-06 8.716585E-02 5.529327E-05
   484   1091   6197 5.099488E-06 3.881890E-02 4.594267E-05
   485    523    931 5.766447E-06 3.967659E-02 9.395822E-05
   486    201    687 4.302215E-06 2.505701E-02 1.267877E-04
   487    222    279 1.088944E-05 3.744276E-02 6.676370E-05
   488    604   4940 3.447144E-06 4.476950E-02 5.794644E-05
   489    604    807 6.196834E-06 1.804251E-02 4.905974E-05
   490   2150   3231 4.487924E-06 7.914548E-02 2.815301E-05
   491    897   5846 2.196496E-06 2.189233E-02 5.460165E-05
   492   2021   4662 4.001111E-06 6.256112E-02 3.846815E-05
   493    515   6434 3.132493E-06 7.421630E-02 5.561085E-05
   494   1259   6434 2.952609E-06 7.664168E-02 3.721061E-05
   495   2005   2994 2.188304E-06 1.732189E-02 4.694342E-05
   496   2233   3907 3.643326E-06 7.857633E-02 3.765276E-05
   497   1017   1793 5.012422E-06 4.291225E-02 4.119165E-05
   498   3526   4298 3.677485E-06 3.850870E-02 1.461871E-05
   499    552    833 1.792720E-06 3.352002E-02 7.332276E-05
   500    325   4896 4.670963E-06 4.032220E-02 1.122107E-04
   501    583    846 2.706371E-06 3.098147E-02 8.405241E-05
   502     23    439 1.065963E-05 4.844030E-02 1.847485E-04
   503    638   6529 3.437570E-06 3.696373E-02 3.188826E-05
   504     23   2290 2.805362E-06 6.617204E-02 1.403640E-04
   505     23   1436 4.298790E-06 2.156073E-02 1.926449E-04
   506    515   1436 2.996399E-06 4.584851E-02 7.040478E-05
   507   1436   2226 5.110153E-06 5.053019E-02 3.885053E-05
   508   1235   2233 5.335583E-06 6.042117E-02 4.664931E-05
   509    836    959 6.240915E-06 4.505702E-02 5.186403E-05
   510    509    584 5.827051E-06 3.508810E-02 7.874067E-05
   511    827    833 4.279008E-06 4.070327E-02 9.631862E-05
   512   5814   5847 3.709232E-06 7.337189E-02 2.353706E-05
   513   1172   4749 2.884346E-06 7.935564E-02 4.820781E-05
   514   3758   4743 3.935650E-06 5.667441E-02 1.658152E-05
   515    439   5937 3.635131E-06 3.179730E-02 3.364789E-05
   516   4542   4549 1.984115E-06 5.268134E-02 1.844303E-05
   517    291    821 3.673805E-06 7.216772E-02 7.887487E-05
   518   1378   2399 5.345298E-06 1.518452E-02 5.303302E-05
   519     58    499 6.855242E-06 1.937152E-02 1.300004E-04
   520   1914   2090 4.289185E-06 4.510320E-02 4.180930E-05
   521   1027   1397 4.713517E-06 6.095191E-02 3.221652E-05
   522      1    890 3.075239E-05 2.718946E-02 2.082353E-04
   523    552   2125 4.173366E-06 4.634790E-02 4.878649E-05
   524    457   2392 3.157065E-06 5.107447E-02 6.697697E-05
   525   4737   4782 1.361825E-06 2.858435E-02 2.596277E-05
   526    504    807 8.410098E-06 3.563703E-02 4.544580E-05
   527    222   5918 2.997348E-06 8.072669E-02 7.619884E-05
   528   2599   4854 3.430093E-06 5.743727E-02 2.308922E-05
   529   2886   4492 3.737970E-06 6.540808E-02 2.006028E-05
   530   3369   4492 3.327259E-06 4.018609E-02 2.163272E-05
   531     23   1170 3.984559E-06 2.664759E-02 1.253659E-04
   532   2958   4631 2.247136E-06 6.520754E-02 3.880146E-05
   533   6421   6434 3.611378E-06 3.674792E-02 1.768419E-05
   534   1316   3050 2.620607E-06 8.505443E-02 3.444749E-05
   535    898   1914 6.540972E-06 3.090194E-02 6.328521E-05
   536    827   3341 3.971861E-06 2.339765E-02 6.694420E-05
   537   2125   4825 3.553230E-06 2.349295E-02 4.954238E-05
   538    807   4940 1.980311E-06 2.228820E-02 4.824648E-05
   539    504    645 8.141777E-06 5.749695E-02 6.090623E-05
   540    807   5961 2.812993E-06 5.868215E-02 4.627433E-05
   541   4028   5970 1.404207E-06 5.849431E-02 2.923160E-05
   542    512    583 6.334382E-06 3.402374E-02 7.623500E-05
   543    495   2958 4.524933E-06 2.499712E-02 5.740512E-05
   544   1643   2994 2.178001E-06 5.177186E-02 3.405404E-05
   545     26   2271 3.371360E-06 6.900534E-02 1.450439E-04
   546    593   1780 4.043530E-06 6.810177E-02 5.001900E-05
   547   2477   3526 3.963319E-06 3.253012E-02 2.295730E-05
   548    585   6610 3.417248E-06 3.388261E-02 4.498793E-05
   549    833   3341 3.975218E-06 4.805053E-02 6.822151E-05
   550   3858   5847 3.930105E-06 5.158357E-02 4.802053E-05
   551   3758   6020 4.177460E-06 7.818655E-02 2.336104E-05
   552   3140   5548 2.929815E-06 2.242422E-02 4.432087E-05
   553    279    417 4.940143E-06 2.359128E-02 1.427353E-04
   554   2875   3303 4.093203E-06 8.228341E-02 4.726503E-05
   555    417    604 3.869454E-06 5.699349E-02 1.070989E-04
   556   4844   5916 3.831554E-06 5.767450E-02 4.141939E-05
   557    291    512 9.374614E-07 6.250000E-02 8.604619E-05
   558   1914   2537 4.331170E-06 5.435035E-02 5.756650E-05
   559    457    556 6.940579E-06 3.478569E-02 5.310274E-05
   560   3303   4765 4.110990E-06 6.267184E-02 2.259840E-05
   561    325   5925 1.351954E-06 2.088781E-02 6.417540E-05
   562   2460   5894 3.159816E-06 5.622304E-02 4.584191E-05
   563     85    272 4.760497E-06 4.286194E-02 1.070247E-04
   564   2154   6529 2.998930E-06 6.388316E-02 2.498742E-05
   565   1681   2351 3.748641E-06 3.373288E-02 4.108539E-05
   566    593   2116 4.252776E-06 5.095605E-02 4.062611E-05
   567    383   2422 3.637347E-06 6.590905E-02 5.827861E-05
   568    931   4020 5.005725E-06 4.218595E-02 5.812033E-05
   569    201    556 4.409655E-06 7.781636E-02 1.188026E-04
   570    417    807 4.243970E-06 8.370095E-02 1.096894E-04
   571    890   6322 1.562543E-05 1.337797E-02 3.939470E-05
   572      1    931 7.208428E-06 2.126436E-02 3.571658E-04
   573    687   1809 3.606286E-06 4.011816E-02 8.606744E-05
   574   4930   5961 3.186287E-06 7.710930E-02 2.299290E-05
   575    218    439 6.893299E-06 2.200808E-02 9.321640E-05
   576    272   3861 4.287652E-06 8.159370E-02 1.097143E-04
   577    272   4494 4.416388E-06 7.668906E-02 8.537440E-05
   578   1394   2154 5.724499E-06 3.427823E-02 4.030598E-05
   579   4607   5619 3.617867E-06 7.744928E-02 2.496101E-05
   580   1681   1804 5.783189E-06 2.583946E-02 6.282950E-05
   581    895   1962 5.160105E-06 7.285221E-02 4.673924E-05
   582    495   3021 4.629248E-06 1.887135E-02 5.843122E-05
   583   3108   6525 3.142436E-06 7.370977E-02 2.313553E-05
   584   3050   6733 3.400526E-06 6.909629E-02 1.472058E-05
   585   3858   4814 9.621812E-07 1.211235E-02 4.308035E-05
   586   2579   4749 1.349493E-06 2.557783E-02 3.279017E-05
   587    279    504 8.292865E-06 3.484430E-02 6.430819E-05
   588   2569   4934 3.487777E-06 6.069221E-02 6.895636E-05
   589   4217   5899 3.147979E-06 6.471119E-02 3.196740E-05
   590   4938   5903 4.439813E-06 3.539116E-02 1.064998E-05
   591   4941   5956 2.016948E-06 3.376107E-02 1.870155E-05
   592     85    439 8.540220E-06 4.408072E-02 9.720307E-05
   593    821   2536 5.709738E-06 7.205937E-02 6.905397E-05
   594   1812   2078 5.160107E-06 7.914740E-02 3.503051E-05
   595    895   2518 4.388815E-06 4.568301E-02 5.502173E-05
   596     58   2290 3.772804E-06 4.103994E-02 1.463638E-04
   597    862   1605 5.720582E-06 1.733360E-02 6.594752E-05
   598   3184   3393 3.007308E-06 4.114085E-02 3.041292E-05
   599    593   1476 4.537686E-06 5.667447E-02 6.592847E-05
   600   2970   4825 9.540153E-07 3.125000E-02 4.346083E-05
   601    457   3338 4.763419E-06 3.292816E-02 5.755065E-05
   602   1076   1868 5.143786E-06 5.393736E-02 4.186880E-05
   603   3512   6421 4.406503E-06 4.437519E-02 3.231902E-05
   604   2399   3108 3.871853E-06 5.596932E-02 4.983698E-05
   605    495   2785 3.528501E-06 5.809078E-02 8.325342E-05
   606   2226   2785 4.710493E-06 6.815228E-02 3.413926E-05
   607   3030   3050 4.138137E-06 6.551424E-02 1.604004E-05
   608    898    994 5.395222E-06 4.270659E-02 4.397267E-05
   609      1   6322 2.038596E-05 2.740994E-02 1.950237E-04
   610   2629   2661 5.005782E-06 4.935240E-02 3.530582E-05
   611    869   2629 1.855688E-06 4.670294E-02 9.723485E-05
   612   2818   5970 5.049050E-06 4.535960E-02 3.420831E-05
   613   5956   5971 3.152620E-06 5.740100E-02 2.428411E-05
   614   1366   1394 5.275651E-06 4.884119E-02 8.060336E-05
   615   3251   3764 3.125699E-06 4.365219E-02 2.519474E-05
   616   1914   4998 3.605946E-06 5.505361E-02 3.596799E-05
   617   1017   1475 4.845496E-06 4.646668E-02 4.568538E-05
   618   1296   2402 2.738476E-06 3.052764E-02 6.396791E-05
   619    325   6043 2.954802E-06 8.147276E-02 7.659513E-05
   620   4217   4941 3.150402E-06 5.495086E-02 4.765274E-05
   621    218    279 3.329342E-06 2.560397E-02 9.693497E-05
   622   3861   5667 2.696648E-06 4.278128E-02 5.025727E-05
   623     85   4494 2.690175E-06 4.428002E-02 1.023612E-04
   624   1962   2518 4.170611E-06 6.331626E-02 4.598608E-05
   625   4634   4662 3.586411E-06 5.746870E-02 3.232424E-05
   626     23   3512 4.396481E-06 3.083158E-02 1.858756E-04
   627    495   2399 4.072878E-06 5.552646E-02 7.077717E-05
   628     58   5203 4.656399E-06 3.743712E-02 6.206686E-05
   629   1316   5553 3.150465E-06 2.669022E-02 5.913791E-05
   630    862   1155 6.013938E-06 3.360631E-02 6.813654E-05
   631   1388   2422 4.663675E-06 5.053654E-02 3.271990E-05
   632    852   2680 2.811454E-06 7.765154E-02 5.945750E-05
   633    807   4930 4.570874E-06 4.219524E-02 3.771399E-05
   634    218    222 5.860395E-06 2.333143E-02 9.796806E-05
   635    325   2102 3.764935E-06 3.439274E-02 7.479918E-05
   636   1843   5202 4.072018E-06 4.464486E-02 2.066064E-05
   637    201    457 9.189860E-06 6.855587E-02 9.895563E-05
   638   2629   4102 9.590660E-07 3.126605E-02 4.603070E-05
   639    869   2579 3.522241E-06 4.305911E-02 7.406837E-05
   640    279    604 1.793457E-06 7.900000E-02 1.002174E-04
   641    504   5961 3.301695E-06 3.095818E-02 5.226272E-05
   642   2102   4828 2.622318E-06 4.647625E-02 5.047633E-05
   643   3727   5759 3.151595E-06 4.555609E-02 2.215833E-05
   644   1843   2399 4.676609E-06 2.455652E-02 4.922369E-05
   645    509   4420 4.173629E-06 7.735285E-02 5.076542E-05
   646    201   1809 1.348892E-06 3.386773E-02 8.300680E-05
   647    528    761 5.680810E-06 4.657290E-02 4.052223E-05
   648    325   4785 3.583022E-06 4.503250E-02 7.284291E-05
   649    923   5865 2.947418E-06 4.656317E-02 7.525463E-05
   650   1651   1812 2.183331E-06 8.650440E-02 5.241040E-05
   651   2078   3818 4.070802E-06 4.554785E-02 2.635074E-05
   652   1076   2336 5.168916E-06 4.741231E-02 5.490248E-05
   653   2958   6448 4.221912E-06 5.458133E-02 3.836435E-05
   654    495   4634 2.305905E-06 4.062334E-02 6.439019E-05
   655   3030   6817 3.347450E-06 5.376123E-02 2.279393E-05
   656   1926   2068 4.544311E-06 4.223902E-02 2.924164E-05
   657    852   5711 2.241828E-06 5.550288E-02 3.957142E-05
   658    279   4789 3.321170E-06 5.918652E-02 3.816348E-05
   659    439   3827 4.264412E-06 3.828377E-02 6.232020E-05
   660   1868   4607 4.205770E-06 4.367827E-02 5.132362E-05
   661   2958   3021 3.121187E-06 2.641305E-02 3.808835E-05
   662    495   5290 3.499333E-06 3.536050E-02 5.358297E-05
   663   3074   5553 3.175668E-06 2.757823E-02 4.680764E-05
   664   1261   1475 2.814162E-06 6.214489E-02 5.819775E-05
   665   1261   1493 2.991719E-06 3.827603E-02 5.396235E-05
   666   1475   1493 3.520828E-06 5.323246E-02 3.560299E-05
   667    994   1476 5.796901E-06 6.048481E-02 3.185790E-05
   668   1309   2068 4.248626E-06 4.157958E-02 3.246046E-05
   669    807   1715 4.330045E-06 2.359786E-02 5.502195E-05
   670    692   5903 2.021842E-06 5.820175E-02 4.864994E-05
   671    222   5691 4.095411E-06 4.377932E-02 6.884530E-05
   672     85   5691 3.298065E-06 5.145986E-02 5.921475E-05
   673    439   3861 4.070105E-06 4.722744E-02 5.674252E-05
   674     23   3878 4.077841E-06 4.974272E-02 1.603292E-04
   675   1868   5759 2.482793E-06 5.560841E-02 3.503797E-05
   676   1076   2078 3.070078E-06 4.099440E-02 5.834810E-05
   677   1868   2336 6.105824E-06 4.090228E-02 3.806619E-05
   678   2336   4607 3.594329E-06 7.513071E-02 4.598766E-05
   679   1962   2632 3.645384E-06 4.958825E-02 2.987111E-05
   680   2632   3445 4.590065E-06 6.322151E-02 2.834189E-05
   681   2351   5656 3.659653E-06 2.784352E-02 6.326200E-05
   682   1681   5656 3.941056E-06 4.196719E-02 5.771511E-05
   683   2349   4662 1.791014E-06 6.584956E-02 3.694701E-05
   684   2348   2814 3.135660E-06 6.344720E-02 3.264925E-05
   685   3011   4634 4.209022E-06 6.207975E-02 1.996328E-05
   686   3011   5291 3.612958E-06 5.906888E-02 2.140631E-05
   687     58   1436 5.835208E-06 2.927256E-02 1.312297E-04
   688   1605   3251 4.225891E-06 4.064009E-02 4.101204E-05
   689   1605   3268 3.467695E-06 5.546138E-02 5.608199E-05
   690    771   1476 6.717573E-06 5.726479E-02 6.705395E-05
   691   1442   1501 4.395457E-06 6.823513E-02 2.967231E-05
   692   1296   4785 3.898144E-06 6.127716E-02 3.176305E-05
   693   5872   5961 1.788802E-06 2.083333E-02 4.446564E-05
   694     85   1170 7.311813E-06 3.248528E-02 1.263110E-04
   695   1170   1804 3.584002E-06 7.104871E-02 6.411711E-05
   696   2518   3692 4.662329E-06 4.592611E-02 2.589190E-05
   697   3021   6448 2.240134E-06 4.641055E-02 5.378128E-05
   698   4634   5291 3.149999E-06 8.360379E-02 1.987842E-05
   699   1643   3603 1.798705E-06 2.457454E-02 4.225983E-05
   700   2399   5296 3.695931E-06 5.619573E-02 3.761328E-05
   701     81     86 1.726214E-05 2.459916E-02 1.432521E-04
   702     26   6735 3.718104E-06 8.445336E-02 1.202417E-04
   703   2627   6815 4.234123E-06 2.750397E-02 5.159971E-05
   704    898    947 3.626586E-06 5.515993E-02 1.175940E-04
   705    325    666 9.948818E-06 4.276770E-02 9.621339E-05
   706     23    782 8.311452E-06 1.809566E-02 2.213215E-04
   707   1170   5746 2.998284E-06 4.093048E-02 4.554312E-05
   708   2154   3692 3.143263E-06 4.774910E-02 7.502809E-05
   709   2518   3445 5.177990E-06 4.299647E-02 4.038533E-05
   710   2717   4662 2.668092E-06 7.301939E-02 5.069314E-05
   711   2768   2814 3.532375E-06 2.712148E-02 2.544335E-05
   712   5674   6438 2.484156E-06 5.183382E-02 3.508507E-05
   713   2226   3223 1.793373E-06 2.003251E-02 4.036297E-05
   714     69     86 2.114267E-05 3.225378E-02 1.983938E-04
   715    862   4174 3.150707E-06 4.740605E-02 5.243178E-05
   716    947    994 4.747159E-06 4.083493E-02 6.424603E-05
   717   1309   1926 4.535417E-06 5.327679E-02 4.504386E-05
   718   1134   2125 3.183048E-06 6.992725E-02 4.903097E-05
   719    852   1720 3.624067E-06 7.760572E-02 5.281225E-05
   720   2421   2766 1.412824E-06 6.505526E-02 2.868525E-05
   721    457   4233 9.542044E-07 3.125000E-02 8.715912E-05
   722   1215   2569 4.178944E-06 5.531272E-02 8.138918E-05
   723   5643   5947 3.945803E-06 4.753377E-02 1.928049E-05
   724   2584   3861 3.636804E-06 7.686401E-02 4.731304E-05
   725    641   2154 5.380295E-06 3.985288E-02 4.874032E-05
   726     23   1701 3.890010E-06 2.583067E-02 2.088411E-04
   727     58    469 6.047116E-06 2.606393E-02 1.832014E-04
   728   2717   4634 1.862716E-06 5.907662E-02 3.014963E-05
   729    499   3223 1.978099E-06 2.795085E-02 5.195289E-05
   730   3955   5971 3.312324E-06 4.065238E-02 1.785492E-05
   731   2078   6563 2.808114E-06 4.695720E-02 3.444632E-05
   732    469    793 7.878976E-06 3.557583E-02 7.796308E-05
   733   1394   6537 2.489780E-06 5.554226E-02 5.531045E-05
   734   1868   4057 3.145118E-06 8.456701E-02 4.715960E-05
   735   2351   3800 1.396612E-06 6.250000E-02 2.766918E-05
   736   3818   6604 4.616111E-06 5.949164E-02 1.512196E-05
   737   1681   3455 2.925385E-06 6.395750E-02 6.908271E-05
   738   2627   6818 2.178198E-06 2.023759E-02 5.407072E-05
   739      1   3507 1.383213E-05 2.140157E-02 2.233233E-04
   740      1   4633 1.009564E-05 4.507093E-02 2.209310E-04
   741   1388   3150 3.428488E-06 5.807319E-02 3.327919E-05
   742   3341   4142 4.252142E-06 7.595428E-02 3.326982E-05
   743    325   2733 4.631179E-06 2.171082E-02 8.631046E-05
   744    504   5872 2.809888E-06 7.900000E-02 5.144802E-05
   745    218    504 9.690111E-06 3.726231E-02 7.216486E-05
   746    325   2228 4.549765E-06 4.865933E-02 9.703799E-05
   747   2228   2771 4.031413E-06 6.651730E-02 3.862460E-05
   748     85   5746 2.811102E-06 7.341736E-02 1.137101E-04
   749   1589   4485 3.887640E-06 3.556021E-02 2.234041E-05
   750   1366   4195 3.845240E-06 6.591722E-02 5.040019E-05
   751   1804   1820 4.924125E-06 3.422311E-02 4.171867E-05
   752   1394   3960 3.741153E-06 4.818200E-02 6.041582E-05
   753   1681   1701 2.995617E-06 6.706168E-02 6.285118E-05
   754   4302   6604 3.455455E-06 4.150123E-02 1.802515E-05
   755   2349   5290 9.495902E-07 3.125000E-02 3.955403E-05
   756    499   2441 2.194302E-06 2.111059E-02 9.898625E-05
   757   1235   1644 1.403898E-06 2.795085E-02 8.806686E-05
   758    931   3125 4.001101E-06 4.597194E-02 5.770121E-05
   759      1   3588 4.567781E-06 5.228270E-02 2.784470E-04
   760    177    327 1.312745E-05 7.385377E-02 1.208370E-04
   761    807    923 4.707412E-06 3.904555E-02 9.489019E-05
   762    504   1715 4.288157E-06 4.561590E-02 4.107820E-05
   763    807   5872 2.246600E-06 7.900000E-02 5.084940E-05
   764   1562   3613 3.700937E-06 5.917220E-02 4.205765E-05
   765   1651   3783 3.271243E-06 3.083249E-02 3.913733E-05
   766   1701   1804 3.151693E-06 3.193527E-02 5.415955E-05
   767   1076   2096 3.342963E-06 4.977836E-02 6.996815E-05
   768   1734   3471 4.149087E-06 4.627098E-02 6.080940E-05
   769     23   3455 3.571967E-06 2.550308E-02 1.792099E-04
   770   3455   5656 3.113677E-06 5.246162E-02 6.604208E-05
   771   4312   4337 3.913222E-06 4.948770E-02 4.057201E-05
   772   1843   5296 4.037418E-06 7.052330E-02 2.973923E-05
   773   1151   3764 1.412574E-06 1.380559E-02 3.393568E-05
   774     93    457 9.994016E-06 1.507739E-02 7.361981E-05
   775    604   4754 3.652785E-06 4.019989E-02 6.302473E-05
   776   4786   4790 3.610150E-06 4.317808E-02 2.391212E-05
   777    666    692 7.080726E-06 2.175618E-02 6.580156E-05
   778    666   2228 6.235820E-06 3.964474E-02 6.026874E-05
   779   5691   5946 2.627742E-06 4.618029E-02 1.651752E-05
   780   3818   4302 2.388964E-06 3.867295E-02 2.154578E-05
   781   2351   4308 2.180235E-06 2.267812E-02 3.808417E-05
   782   2348   2768 1.749510E-06 1.900035E-02 4.912186E-05
   783   1638   6647 3.734670E-06 2.233354E-02 5.264837E-05
   784   4633   5550 4.760737E-06 8.200562E-02 1.361354E-05
   785   1134   4142 4.223043E-06 3.733408E-02 5.158055E-05
   786     93    201 1.424870E-05 1.860125E-02 6.443505E-05
   787    604   1715 3.702900E-06 7.816215E-02 5.347228E-05
   788    604    923 5.375738E-06 5.965786E-02 9.307595E-05
   789   2733   5900 2.992351E-06 5.292060E-02 3.349297E-05
   790    325   5900 3.674600E-06 5.251679E-02 5.820799E-05
   791   1646   2403 4.238939E-06 4.507910E-02 2.796637E-05
   792   3727   4518 9.475136E-07 6.250000E-02 1.967327E-05
   793   2096   6563 3.260906E-06 4.467250E-02 3.057966E-05
   794   2096   2336 3.449948E-06 5.764012E-02 4.686988E-05
   795   3800   4308 9.941201E-07 7.182691E-02 3.046013E-05
   796   3224   6604 2.239595E-06 5.820347E-02 1.793335E-05
   797   1701   3455 5.152284E-06 3.067785E-02 3.801875E-05
   798   5644   6583 2.809594E-06 5.544723E-02 1.993552E-05
   799   1755   6456 1.350049E-06 1.202813E-02 2.878029E-05
   800   2349   6448 1.789770E-06 7.760296E-02 4.187529E-05
   801   2690   3041 4.058363E-06 5.257219E-02 1.693809E-05
   802   5256   6438 3.767219E-06 7.064721E-02 4.421966E-05
   803   2399   4025 1.993476E-06 4.996571E-02 5.247334E-05
   804   3411   5412 3.290766E-06 4.635049E-02 4.652880E-05
   805      1   5550 1.214136E-05 3.327914E-02 2.243707E-04
   806   3507   5550 9.564357E-07 1.433848E-02 3.459282E-05
   807   3578   4102 2.846635E-06 6.127244E-02 3.792843E-05
   808   2579   6008 3.715297E-06 5.729758E-02 2.525572E-05
   809    604   5980 3.145074E-06 8.333365E-02 5.992328E-05
   810    604   4790 2.130799E-06 7.900000E-02 4.412985E-05
   811    325   1296 5.564964E-06 4.411803E-02 1.101662E-04
   812    279   1336 2.620266E-06 8.960763E-02 7.465037E-05
   813   5643   5938 3.288518E-06 8.781518E-02 2.867692E-05
   814     85   5946 4.179868E-06 5.942800E-02 4.445165E-05
   815   2945   4547 3.791219E-06 4.518620E-02 1.995955E-05
   816    825   2046 6.628029E-06 4.025190E-02 6.744118E-05
   817   3692   6453 9.495184E-07 6.250000E-02 1.988292E-05
   818   2349   2717 6.202338E-06 4.676783E-02 2.242369E-05
   819   4638   5656 4.033399E-06 4.598251E-02 2.522000E-05
   820     23   4638 2.993736E-06 2.712841E-02 1.966553E-04
   821   2717   5291 9.649091E-07 1.739751E-02 2.276468E-05
   822   5265   5692 3.602681E-06 5.993819E-02 2.767443E-05
   823   1843   5189 4.037935E-06 6.047979E-02 2.869773E-05
   824   1910   5421 2.178036E-06 3.730504E-02 6.129089E-05
   825   1605   3685 4.782887E-06 6.344641E-02 2.810108E-05
   826   1155   1638 3.033649E-06 3.554404E-02 5.326572E-05
   827    682   1030 5.798380E-06 8.369179E-02 1.295012E-04
   828    692    804 7.133544E-06 2.814610E-02 3.828255E-05
   829   1646   2512 4.025835E-06 4.834807E-02 2.963784E-05
   830   5739   5746 2.620524E-06 6.398314E-02 3.122905E-05
   831   1170   1820 3.506273E-06 3.860067E-02 5.632304E-05
   832   4680   6563 2.245060E-06 2.522396E-02 2.151462E-05
   833   1755   2348 2.990970E-06 5.181483E-02 6.469194E-05
   834   5189   6769 3.290850E-06 6.938000E-02 1.879736E-05
   835   1151   1605 5.054723E-06 4.336718E-02 5.631162E-05
   836   1155   5420 3.265950E-06 3.699483E-02 3.457933E-05
   837   1475   2256 5.143449E-06 4.893066E-02 5.169978E-05
   838    869   3578 1.357629E-06 4.236162E-02 5.392094E-05
   839   4905   5993 3.481757E-06 5.515051E-02 2.132380E-05
   840    222   2862 2.620698E-06 4.504238E-02 7.723650E-05
   841    302   2102 9.425217E-07 6.250000E-02 1.331938E-04
   842     23   6061 3.126740E-06 6.589024E-02 1.885979E-04
   843   1366   4079 1.799317E-06 3.490183E-02 5.237172E-05
   844   1868   2096 3.040190E-06 4.926404E-02 4.600874E-05
   845   1394   4728 3.067743E-06 6.402047E-02 5.732798E-05
   846   2336   4057 4.412706E-06 3.142969E-02 2.852455E-05
   847    641   1394 3.162217E-06 4.072992E-02 1.028702E-04
   848     23    350 1.007977E-05 2.678193E-02 1.523035E-04
   849   3021   5302 3.293271E-06 5.108054E-02 5.189994E-05
   850   3548   3724 9.385068E-07 6.250000E-02 6.739604E-05
   851   6730   6735 3.152630E-06 2.682901E-02 4.890334E-05
   852   1370   4142 3.928808E-06 4.366063E-02 4.832483E-05
   853    852   5702 2.863263E-06 2.402774E-02 2.696366E-05
   854    869   6008 3.787848E-06 5.035548E-02 3.417991E-05
   855    692   2228 4.192369E-06 4.707686E-02 8.391731E-05
   856    366   2403 3.306670E-06 5.290721E-02 7.452211E-05
   857   2741   5543 4.375355E-06 2.805443E-02 2.276786E-05
   858    741   2046 6.496869E-06 4.348429E-02 5.210762E-05
   859     23   6562 3.791268E-06 3.385786E-02 1.171648E-04
   860   1394   3846 3.978303E-06 5.217114E-02 8.043375E-05
   861   4308   6540 4.227343E-06 5.799252E-02 2.788926E-05
   862   2349   3236 3.940150E-06 5.060982E-02 2.824342E-05
   863   4312   5288 3.936031E-06 4.823612E-02 2.212770E-05
   864   3021   5286 3.934373E-06 5.928713E-02 4.568492E-05
   865   1155   1560 1.736561E-06 4.785164E-02 5.837118E-05
   866   1493   3142 4.929662E-06 6.793911E-02 4.282294E-05
   867   1370   3341 3.736710E-06 4.700369E-02 5.838023E-05
   868   2402   4142 2.990464E-06 6.465070E-02 3.760044E-05
   869    222   1336 1.796955E-06 3.223918E-02 7.934534E-05
   870   2224   5643 3.689813E-06 6.675574E-02 4.797448E-05
   871   4550   5643 3.117388E-06 5.586183E-02 3.038274E-05
   872    782   4550 3.941022E-06 8.533738E-02 5.454444E-05
   873   4530   5854 3.148984E-06 3.419891E-02 2.205203E-05
   874   2714   2741 9.646978E-07 2.815297E-02 3.428413E-05
   875   4079   4195 3.285698E-06 5.020249E-02 3.680527E-05
   876   2046   2889 1.456616E-06 7.595220E-02 4.632800E-05
   877   4025   5324 3.690828E-06 6.538289E-02 1.650428E-05
   878    499   2791 2.957095E-06 6.903722E-02 8.126601E-05
   879    948   3268 4.698788E-06 5.610383E-02 3.620297E-05
   880      1   6156 1.783530E-05 2.637938E-02 2.659324E-04
   881   1030   2747 5.419620E-06 3.342497E-02 6.824825E-05
   882   3735   4812 3.503283E-06 4.810866E-02 3.077030E-05
   883    391   1296 4.933250E-06 5.218850E-02 1.097830E-04
   884    604   4786 3.987256E-06 4.470121E-02 6.424517E-05
   885   2278   6054 2.925393E-06 5.817719E-02 2.611715E-05
   886   1715   2330 5.349493E-06 2.309368E-02 3.062199E-05
   887   2330   5872 3.705942E-06 3.723444E-02 2.412342E-05
   888   1810   2144 9.970957E-07 6.250000E-02 3.884503E-05
   889    782   2254 3.382446E-06 6.334404E-02 4.582334E-05
   890    302   2157 3.120230E-06 7.502513E-02 1.029052E-04
   891   3800   4711 3.575666E-06 6.975090E-02 2.833406E-05
   892     23    706 6.192589E-06 1.808859E-02 1.555752E-04
   893   2336   3224 2.805384E-06 8.492417E-02 2.823643E-05
   894   1701   3800 3.450255E-06 8.271297E-02 4.591836E-05
   895   3236   4627 2.851554E-06 3.368825E-02 6.048004E-05
   896   2690   6510 2.377479E-06 2.059106E-02 2.418721E-05
   897   3223   6494 3.587529E-06 4.986056E-02 1.644928E-05
   898   2627   6805 3.482406E-06 2.282653E-02 2.166968E-05
   899   1151   3685 3.016191E-06 8.239858E-02 3.751001E-05
   900   1560   1638 5.764872E-06 2.620999E-02 4.575840E-05
   901   5466   6647 2.425521E-06 7.580936E-02 2.275826E-05
   902    991   2857 4.237928E-06 3.109779E-02 6.329458E-05
   903    569   4754 2.186992E-06 2.684812E-02 6.855004E-05
   904    851    852 6.977422E-06 4.374491E-02 4.341073E-05
   905    923   1715 3.110483E-06 3.052826E-02 7.826699E-05
   906   4042   4926 2.926125E-06 4.886461E-02 3.502845E-05
   907   2224   2862 4.399238E-06 7.900000E-02 7.165165E-05
   908    692   1646 5.726446E-06 4.463275E-02 6.011195E-05
   909   2294   4338 4.625163E-06 7.301925E-02 3.272319E-05
   910   1820   4338 1.430398E-06 2.945523E-02 4.835087E-05
   911   3960   6537 3.415663E-06 8.621762E-02 1.917828E-05
   912   1369   4057 3.672832E-06 3.508591E-02 4.516907E-05
   913   1820   4731 4.340546E-06 2.570613E-02 1.666160E-05
   914    956   2349 4.275818E-06 8.100647E-02 6.696349E-05
   915     58    350 1.173587E-05 2.696679E-02 1.216326E-04
   916   3345   6438 3.359496E-06 7.242093E-02 2.905054E-05
   917   3969   5302 2.805936E-06 5.412616E-02 3.499118E-05
   918   2447   4025 3.142130E-06 6.156257E-02 3.834544E-05
   919     26   6730 3.001643E-06 7.120223E-02 1.126798E-04
   920   3128   5657 3.814906E-06 6.114270E-02 1.569618E-05
   921    771   1888 5.182402E-06 4.471763E-02 5.828607E-05
   922    874   1106 5.970152E-06 4.925276E-02 3.292313E-05
   923   1275   5703 3.597499E-06 8.253735E-02 3.605935E-05
   924    874   1152 5.163349E-06 8.088824E-02 5.380172E-05
   925    391    852 5.774865E-06 3.889426E-02 7.187479E-05
   926   1673   4758 4.459398E-06 3.814166E-02 2.090530E-05
   927    923   2330 4.655486E-06 2.556085E-02 5.154129E-05
   928   2862   4926 4.074261E-06 3.755208E-02 5.627635E-05
   929   2224   4926 4.046352E-06 6.509359E-02 7.114584E-05
   930    366   1646 5.960106E-06 3.308426E-02 7.137629E-05
   931   3678   5722 2.987636E-06 2.665862E-02 4.812240E-05
   932    741    835 6.280420E-06 3.213308E-02 7.337477E-05
   933   2046   5850 4.236796E-06 4.745655E-02 3.026214E-05
   934     23   5771 4.697059E-06 4.207047E-02 1.553693E-04
   935   1651   3975 9.559918E-07 1.976424E-02 8.223004E-05
   936   1651   3271 3.062064E-06 7.722849E-02 4.660247E-05
   937    956   5286 4.294383E-06 3.466443E-02 6.585340E-05
   938   1413   3223 3.744472E-06 3.676359E-02 5.469360E-05
   939   1151   4174 3.664677E-06 6.252323E-02 7.996870E-05
   940   3944   5420 9.577666E-07 3.125000E-02 3.862234E-05
   941   1030   2219 5.520179E-06 3.880963E-02 7.865545E-05
   942    177    761 7.340989E-06 5.787823E-02 1.124532E-04
   943    604   4767 1.804192E-06 6.197999E-02 5.869363E-05
   944    391    666 4.240497E-06 5.177684E-02 1.150085E-04
   945    222    345 3.870238E-06 6.690330E-02 8.351443E-05
   946   2254   6061 3.855019E-06 3.852994E-02 2.810877E-05
   947    741   5850 3.736233E-06 2.910945E-02 4.745454E-05
   948   1170   2431 1.791684E-06 1.976424E-02 6.614885E-05
   949   1820   2294 3.701363E-06 7.725447E-02 5.606990E-05
   950     23    429 7.656001E-06 1.167634E-02 1.591637E-04
   951   4680   4705 4.565526E-06 3.322697E-02 2.912159E-05
   952    641   6537 3.266184E-06 7.900000E-02 4.277042E-05
   953   1369   2336 3.299724E-06 3.487743E-02 3.603744E-05
   954   2768   3581 4.262529E-06 3.472457E-02 2.050902E-05
   955   3345   6432 3.712182E-06 4.404631E-02 3.140977E-05
   956   2441   5307 2.995087E-06 7.944342E-02 4.668315E-05
   957     58   1413 8.415175E-06 2.381971E-02 1.370891E-04
   958   1638   5466 4.850276E-06 2.952848E-02 2.947240E-05
   959   1644   3233 4.430918E-06 5.606993E-02 6.047727E-05
   960   2696   4142 3.136472E-06 5.280788E-02 5.835918E-05
   961    569   4786 1.407690E-06 2.795085E-02 6.327358E-05
   962    325   1152 6.147680E-06 2.277440E-02 8.274163E-05
   963    222   2352 3.903566E-06 6.205543E-02 9.221827E-05
   964    366    804 5.973138E-06 2.325390E-02 6.941085E-05
   965   1228   4826 3.617307E-06 4.999634E-02 3.137404E-05
   966    302    364 6.379958E-06 3.816789E-02 1.162580E-04
   967     23    428 1.029782E-05 3.415102E-02 1.784610E-04
   968   2500   4195 4.060111E-06 3.204167E-02 3.226428E-05
   969   4338   5854 4.353077E-06 6.426855E-02 2.509760E-05
   970   4699   6540 4.178270E-06 6.519696E-02 3.572932E-05
   971    641   3960 3.200629E-06 5.165465E-02 4.392853E-05
   972   1755   6565 4.533435E-06 7.839022E-02 4.146514E-05
   973   2717   4627 2.845027E-06 6.075214E-02 2.269753E-05
   974   3122   3969 2.963558E-06 4.273416E-02 2.908631E-05
   975   3548   4025 4.483830E-06 3.843155E-02 4.857094E-05
   976   2447   3548 2.239997E-06 7.760528E-02 5.559108E-05
   977   2445   4174 2.185545E-06 1.977221E-02 3.881730E-05
   978   5421   5436 2.805988E-06 7.760417E-02 1.946004E-05
   979   1638   5412 3.110479E-06 4.815595E-02 3.410968E-05
   980   2473   5466 5.042715E-06 3.892380E-02 1.657141E-05
   981   1495   3363 2.370036E-06 5.332456E-02 3.506547E-05
   982   3125   5510 4.222274E-06 6.176073E-02 2.186841E-05
   983   4142   4816 9.557064E-07 3.125000E-02 2.241779E-05
   984   1152   6023 4.494509E-06 3.896876E-02 4.146412E-05
   985    222   2672 1.402666E-06 5.499958E-02 8.864114E-05
   986     85    218 8.470988E-06 1.849579E-02 1.203054E-04
   987     85   5739 2.843345E-06 4.870334E-02 1.308676E-04
   988   2606   5725 2.999450E-06 6.678626E-02 3.587308E-05
   989   1079   5850 4.457003E-06 6.186981E-02 3.755290E-05
   990   1820   1866 2.987940E-06 4.671748E-02 3.970432E-05
   991    641   4710 2.423906E-06 8.032961E-02 4.233255E-05
   992   2336   4117 4.612912E-06 8.572389E-02 4.087609E-05
   993     58   5330 4.244855E-06 4.599527E-02 1.318687E-04
   994   3937   3969 9.506126E-07 6.250000E-02 4.333950E-05
   995   1843   3969 1.751779E-06 7.900000E-02 5.715681E-05
   996   1362   4188 4.389991E-06 5.049166E-02 3.174555E-05
   997    771    947 7.230557E-06 3.160794E-02 4.933016E-05
   998    222   2798 3.186371E-06 5.157374E-02 1.256439E-04
   999     85    428 1.045585E-05 5.198348E-02 9.444190E-05
  1000   3678   5735 2.656550E-06 6.686371E-02 2.054179E-05
  1001   2500   4079 2.617204E-06 5.138362E-02 5.100448E-05
  1002   1369   2096 5.346407E-06 4.320217E-02 5.605471E-05
  1003    429   4731 4.274859E-06 8.180704E-02 7.203250E-05
  1004   3236   4117 2.816797E-06 7.325774E-02 3.536986E-05
  1005   1151   3128 2.987997E-06 6.079194E-02 5.437773E-05
  1006   1021   4060 3.498332E-06 4.703956E-02 3.570252E-05
  1007    682   2132 4.569867E-06 5.533094E-02 6.281374E-05
  1008   5830   5831 4.178393E-06 4.565487E-02 1.962365E-05
  1009   2733   5911 3.147781E-06 5.424987E-02 3.266537E-05
  1010   1646   5926 4.108489E-06 5.047076E-02 3.114434E-05
  1011     23   4510 3.553509E-06 3.307778E-02 1.736047E-04
  1012   2096   3271 2.175862E-06 3.342187E-02 3.824828E-05
  1013   3975   4705 4.635752E-06 4.268194E-02 3.514940E-05
  1014    887   4079 5.241888E-06 3.995057E-02 3.887914E-05
  1015    679    825 5.675933E-06 2.250849E-02 9.875818E-05
  1016     23    793 4.056302E-06 6.239642E-02 1.832840E-04
  1017   2642   4308 3.894962E-06 3.290523E-02 3.526120E-05
  1018    641   3077 3.753611E-06 6.609345E-02 6.164860E-05
  1019    350    706 6.495446E-06 3.766525E-02 6.457670E-05
  1020   3455   4638 5.532458E-06 4.468191E-02 3.317165E-05
  1021   4115   5330 9.634259E-07 2.580177E-02 4.591004E-05
  1022   2445   2627 3.817219E-06 5.612748E-02 3.805290E-05
  1023   5412   5462 3.136021E-06 5.131572E-02 3.477609E-05
  1024   2256   3477 3.844631E-06 6.230946E-02 2.706338E-05
  1025    682   2270 5.395567E-06 5.731000E-02 4.059035E-05
  1026    874   1134 4.629140E-06 4.085935E-02 4.849643E-05
  1027   3099   3729 4.031626E-06 7.008050E-02 1.479411E-05
  1028   1969   2862 9.612433E-07 2.829162E-02 3.920095E-05
  1029    218    345 1.022211E-05 4.328763E-02 4.718806E-05
  1030   2584   4297 2.821697E-06 4.760483E-02 4.035668E-05
  1031   3636   5854 3.861627E-06 4.000820E-02 3.817999E-05
  1032   1866   4338 2.043531E-06 4.580618E-02 2.794733E-05
  1033   2096   4117 3.452758E-06 7.124886E-02 4.819902E-05
  1034     23   6567 3.418451E-06 3.589743E-02 1.359408E-04
  1035    956   1369 3.332127E-06 4.259442E-02 7.726842E-05
  1036     23   4115 2.908537E-06 5.110914E-02 1.975353E-04
  1037     26   6811 1.452033E-06 7.900000E-02 9.616633E-05
  1038     26   6813 1.850634E-06 7.900000E-02 7.912185E-05
  1039   2473   5412 3.904351E-06 5.134154E-02 2.510349E-05
  1040   5412   5466 3.911561E-06 5.294592E-02 2.646786E-05
  1041   1030   1469 5.958494E-06 5.464828E-02 7.195495E-05
  1042   2696   4816 4.703993E-06 2.175303E-02 3.761978E-05
  1043   1370   2696 5.205406E-06 7.847308E-02 4.944283E-05
  1044   1275   1468 7.807513E-06 5.926897E-02 3.788352E-05
  1045   1152   1370 5.425026E-06 2.693241E-02 7.085407E-05
  1046   1673   1810 5.694936E-06 3.989578E-02 4.254226E-05
  1047   2083   2330 6.001956E-06 4.360902E-02 3.190885E-05
  1048    692   5926 4.137496E-06 2.623644E-02 4.941303E-05
  1049    366   5926 3.847664E-06 6.602692E-02 5.951684E-05
  1050    793   6571 3.647265E-06 2.066726E-02 2.224698E-05
  1051    350    429 6.051389E-06 1.811075E-02 7.058434E-05
  1052     58   3458 2.811080E-06 8.166479E-02 1.256237E-04
  1053     58   2433 4.482925E-06 3.080723E-02 1.282968E-04
  1054   4132   5316 4.073658E-06 4.620749E-02 4.009443E-05
  1055   1586   5428 2.805369E-06 3.292444E-02 2.917429E-05
  1056   1560   3551 4.588279E-06 4.492265E-02 3.776440E-05
  1057   3233   4984 9.592259E-07 4.419417E-02 3.104444E-05
  1058      1   3125 4.083715E-06 7.013318E-02 3.306391E-04
  1059   1867   2550 4.858716E-06 7.417162E-02 3.713785E-05
  1060   1902   2682 3.314725E-06 4.606637E-02 3.827772E-05
  1061    923   1679 3.325143E-06 5.954224E-02 8.367909E-05
  1062   2352   2672 4.072291E-06 3.439277E-02 2.270422E-05
  1063    804   3924 2.964601E-06 3.862261E-02 4.276302E-05
  1064    222   5600 2.620253E-06 5.646369E-02 1.317007E-04
  1065    923   2083 3.753002E-06 6.540246E-02 4.853250E-05
  1066    249   4030 4.238637E-06 4.602706E-02 5.853202E-05
  1067   3390   5854 3.266303E-06 6.941178E-02 4.851579E-05
  1068    429   2431 4.967464E-06 1.783707E-02 9.552269E-05
  1069   1866   2294 4.274793E-06 6.671767E-02 2.418787E-05
  1070     23   1060 4.590566E-06 2.617879E-02 1.934934E-04
  1071   2811   4627 4.043392E-06 3.238764E-02 6.522152E-05
  1072   5322   6522 3.087285E-06 2.649044E-02 2.498654E-05
  1073   3937   6522 2.814084E-06 5.050419E-02 3.790554E-05
  1074    623   2441 2.670813E-06 2.443575E-02 6.277883E-05
  1075   1586   2627 5.705754E-06 6.282481E-02 3.827963E-05
  1076   1362   1495 1.982525E-06 3.227957E-02 3.842131E-05
  1077    707   1055 7.474510E-06 5.988054E-02 3.880941E-05
  1078    201    225 1.133389E-05 2.249537E-02 7.884108E-05
  1079    391   1370 5.893742E-06 2.674803E-02 7.879013E-05
  1080   2278   4277 3.492602E-06 4.052991E-02 3.266329E-05
  1081   2278   4946 3.198906E-06 7.235198E-02 3.488108E-05
  1082    345   1969 4.126336E-06 5.579179E-02 5.238401E-05
  1083   1969   4926 4.814802E-06 3.960212E-02 2.786763E-05
  1084     85   3349 3.890007E-06 7.235725E-02 1.395201E-04
  1085   3390   3636 3.905711E-06 5.061313E-02 3.468453E-05
  1086   2096   4705 3.828851E-06 6.987309E-02 6.625391E-05
  1087   1755   2713 3.311998E-06 6.574616E-02 6.758447E-05
  1088    350   6567 4.012728E-06 2.497713E-02 2.799710E-05
  1089     58   4115 4.156693E-06 3.485459E-02 1.376906E-04
  1090   3122   6520 2.996511E-06 5.614292E-02 2.427650E-05
  1091   3234   5330 3.141618E-06 4.634579E-02 1.662406E-05
  1092   2447   3643 2.518553E-06 1.972393E-02 2.867351E-05
  1093   5215   6754 3.134782E-06 8.267724E-02 3.174779E-05
  1094   2791   5195 3.729103E-06 8.636725E-02 3.115281E-05
  1095   6730   6811 3.871501E-06 4.389496E-02 3.270226E-05
  1096   1910   5431 3.116291E-06 5.674806E-02 4.536064E-05
  1097    948   1151 2.734835E-06 2.532946E-02 7.126943E-05
  1098    948   3361 2.424077E-06 5.360655E-02 4.016356E-05
  1099   2418   4183 4.403507E-06 4.685897E-02 2.130998E-05
  1100   2804   3142 3.961193E-06 1.988818E-02 3.662329E-05
  1101   4792   5830 3.063460E-06 5.459133E-02 2.231634E-05
  1102   1152   2696 5.496001E-06 4.203419E-02 6.588145E-05
  1103    201    391 9.388748E-06 3.605407E-02 8.942277E-05
  1104   1152   2778 9.416994E-07 6.250000E-02 4.989571E-05
  1105   3099   3436 4.716961E-06 5.524336E-02 3.184053E-05
  1106   4758   4778 4.052878E-06 8.937118E-02 3.451951E-05
  1107    869   3427 3.569692E-06 4.993257E-02 5.112624E-05
  1108    249    366 1.178200E-05 4.098623E-02 4.401691E-05
  1109   3374   6074 3.832021E-06 3.742456E-02 3.181940E-05
  1110     85   2431 4.994882E-06 2.871784E-02 1.411293E-04
  1111   3271   4507 4.407181E-06 7.907710E-02 1.801725E-05
  1112   3471   6613 1.791997E-06 5.205691E-02 3.409068E-05
  1113   4617   4655 1.795563E-06 6.778307E-02 4.424656E-05
  1114   3290   4597 2.620294E-06 8.105584E-02 2.805394E-05
  1115     58   3640 2.855766E-06 1.436867E-02 1.101430E-04
  1116   2555   5529 3.111908E-06 5.641448E-02 3.103330E-05
  1117   2447   3724 3.571518E-06 6.552340E-02 3.501762E-05
  1118   1370   4792 3.068097E-06 4.925199E-02 4.855989E-05
  1119    874   2696 3.874124E-06 4.537950E-02 6.331609E-05
  1120    569   1468 5.382181E-06 4.308744E-02 6.581533E-05
  1121     93    851 3.230559E-06 4.549700E-02 7.578296E-05
  1122   4277   4946 3.799526E-06 5.076586E-02 3.188481E-05
  1123   4260   4338 3.111021E-06 7.527794E-02 4.192539E-05
  1124   3009   3960 4.094087E-06 5.136527E-02 3.711755E-05
  1125   1755   4730 3.760607E-06 4.767505E-02 5.218261E-05
  1126   2713   4597 3.440440E-06 4.377442E-02 4.587436E-05
  1127   1690   3455 5.020765E-06 3.682573E-02 3.668037E-05
  1128   2663   4617 4.590233E-06 3.442062E-02 3.140907E-05
  1129   1755   4648 1.865721E-06 3.513069E-02 3.608535E-05
  1130    350   3458 3.460120E-06 5.325606E-02 9.766051E-05
  1131    429   6472 2.991242E-06 6.989230E-02 7.232527E-05
  1132     58   6424 3.146220E-06 6.597441E-02 7.717592E-05
  1133    956   5280 4.300410E-06 4.322555E-02 5.281238E-05
  1134   1910   5412 3.605145E-06 5.521512E-02 4.338471E-05
  1135   5411   6789 3.005446E-06 7.636748E-02 2.266446E-05
  1136    991   1886 2.619355E-06 4.948722E-02 7.212995E-05
  1137   2857   5151 3.712452E-06 5.543633E-02 3.333080E-05
  1138   1030   1206 3.730356E-06 4.242308E-02 5.543637E-05
  1139      1    762 1.385939E-05 5.496280E-02 2.343091E-04
  1140   2132   2470 4.795065E-06 6.740265E-02 2.732245E-05
  1141     93   5984 2.809208E-06 4.408965E-02 4.687708E-05
  1142   1174   3099 3.716246E-06 5.643070E-02 3.265837E-05
  1143   2535   6073 3.520993E-06 3.407676E-02 3.219346E-05
  1144    184   1871 5.843338E-06 1.890213E-02 1.365088E-04
  1145   3349   5810 3.971902E-06 2.963515E-02 2.523311E-05
  1146   3014   3349 3.767199E-06 2.667789E-02 4.025362E-05
  1147    706   4696 3.608016E-06 4.704437E-02 5.198678E-05
  1148    641   3009 3.901744E-06 5.315549E-02 5.501619E-05
  1149   3257   3290 4.069970E-06 4.378964E-02 2.514384E-05
  1150   2663   4655 3.758041E-06 3.141462E-02 3.909389E-05
  1151   3581   6430 1.352063E-06 2.565765E-02 2.947347E-05
  1152   1413   3234 3.154712E-06 5.883254E-02 3.044781E-05
  1153   3643   3739 3.065095E-06 5.711397E-02 2.965831E-05
  1154    951   1151 5.317146E-06 4.872924E-02 5.373505E-05
  1155   2418   3363 1.409652E-06 7.415346E-02 5.347314E-05
  1156    279   2535 6.009863E-06 3.451074E-02 8.626473E-05
  1157    851   4763 4.286963E-06 5.176642E-02 2.323900E-05
  1158   1902   4912 4.444591E-06 2.901995E-02 2.531430E-05
  1159   2344   4768 3.729348E-06 6.984266E-02 2.877563E-05
  1160   3329   4912 3.324058E-06 5.148516E-02 2.585769E-05
  1161   1871   5879 3.957403E-06 6.393064E-02 3.258483E-05
  1162    653   5600 2.847648E-06 4.631246E-02 8.160242E-05
  1163    222    653 4.357031E-06 1.928299E-02 1.408237E-04
  1164    923   4833 2.994564E-06 4.934825E-02 3.125290E-05
  1165   3925   4209 2.997500E-06 6.744648E-02 2.160502E-05
  1166   2072   2584 1.408941E-06 4.675257E-02 6.545749E-05
  1167    568   3378 9.649432E-07 1.168307E-02 6.451704E-05
  1168     85   6027 2.436665E-06 2.509650E-02 1.508414E-04
  1169    364    741 3.702227E-06 3.794068E-02 6.577873E-05
  1170   1599   2500 3.958750E-06 2.689248E-02 3.345065E-05
  1171     23   4696 3.567104E-06 4.166085E-02 1.422950E-04
  1172   2713   4730 1.349721E-06 1.671598E-02 2.467116E-05
  1173   1755   6593 1.792932E-06 1.264503E-02 5.350236E-05
  1174   1690   2642 4.589474E-06 2.650944E-02 3.452784E-05
  1175    350   1060 5.181645E-06 3.955037E-02 1.011057E-04
  1176   1690   1701 4.626229E-06 5.066114E-02 4.763724E-05
  1177   2179   6565 4.638697E-06 4.805077E-02 3.724067E-05
  1178   2811   4117 3.303853E-06 5.994944E-02 5.343288E-05
  1179   2555   3719 5.074446E-06 4.224967E-02 4.549410E-05
  1180   3516   5322 3.397884E-06 4.818814E-02 5.059618E-05
  1181   3643   3724 3.451066E-06 5.213640E-02 4.135520E-05
  1182   3552   3739 3.574322E-06 5.208734E-02 3.517491E-05
  1183    948    951 7.785493E-06 4.479215E-02 4.815025E-05
  1184   1206   1469 3.806412E-06 7.998833E-02 7.247703E-05
  1185    225   4077 3.720247E-06 4.029814E-02 7.622652E-05
  1186    761   1244 6.411609E-06 6.683478E-02 7.605493E-05
  1187   1987   4757 4.205961E-06 2.007923E-02 6.308830E-05
  1188    345   1336 2.957680E-06 3.531052E-02 4.356928E-05
  1189   1814   4946 4.285056E-06 3.777452E-02 2.982263E-05
  1190     23   2652 4.235890E-06 2.965504E-02 1.993644E-04
  1191   3390   3618 4.186822E-06 5.341200E-02 2.623250E-05
  1192    887   1599 4.370396E-06 4.873388E-02 4.081305E-05
  1193   4144   4699 3.760124E-06 8.054836E-02 1.498911E-05
  1194   3855   4679 3.297822E-06 6.947804E-02 5.240797E-05
  1195   1866   2642 4.903440E-06 3.065424E-02 5.385460E-05
  1196   2582   4714 3.760762E-06 6.846275E-02 4.480015E-05
  1197    429   2582 4.251977E-06 2.275570E-02 7.037308E-05
  1198    350   6424 2.812253E-06 6.398879E-02 7.708903E-05
  1199    623   5307 3.175742E-06 5.411440E-02 6.939696E-05
  1200   5522   6813 3.612690E-06 4.941837E-02 1.806770E-05
  1201   2937   5432 3.834364E-06 3.274731E-02 1.619650E-05
  1202   1446   3148 3.820663E-06 4.745785E-02 2.808709E-05
  1203    177   1244 6.847981E-06 5.044502E-02 8.664235E-05
  1204   1679   4767 2.664730E-06 3.627901E-02 2.372787E-05
  1205    249   1524 4.713647E-06 2.632526E-02 7.788232E-05
  1206   3999   4320 4.011148E-06 4.523175E-02 3.748337E-05
  1207     85   4297 1.794481E-06 1.388642E-02 1.343824E-04
  1208    782   2454 4.550441E-06 3.439982E-02 5.614766E-05
  1209   4597   4621 1.794677E-06 5.853215E-02 3.558868E-05
  1210    350   3640 3.603109E-06 2.906666E-02 7.855493E-05
  1211   2179   5588 3.146677E-06 5.198434E-02 2.624017E-05
  1212   1586   2937 3.792828E-06 5.396704E-02 3.239379E-05
  1213    948   6644 2.364088E-06 2.712432E-02 5.171534E-05
  1214   1994   6710 4.133071E-06 6.773095E-02 5.203293E-05
  1215    391    851 4.273943E-06 3.833833E-02 7.286340E-05
  1216   2105   2328 4.630518E-06 5.239547E-02 7.592110E-05
  1217   4833   5930 3.151726E-06 6.117214E-02 1.859779E-05
  1218    568   5747 2.369218E-06 5.200611E-02 7.186432E-05
  1219   5747   6027 3.329256E-06 4.571736E-02 4.877401E-05
  1220   2294   3014 3.467663E-06 7.089190E-02 2.886106E-05
  1221   2294   4260 3.297782E-06 7.467290E-02 2.964231E-05
  1222   3926   5791 2.236429E-06 7.758491E-02 5.791164E-05
  1223   2148   4617 2.955054E-06 4.827268E-02 3.052092E-05
  1224    825   6608 4.211694E-06 7.667898E-02 4.157125E-05
  1225   2108   2642 3.172041E-06 6.089941E-02 5.097840E-05
  1226   1690   6472 9.474327E-07 6.250000E-02 3.938065E-05
  1227   1413   2093 4.711488E-06 3.725735E-02 4.621247E-05
  1228   3202   6758 2.175635E-06 4.543868E-02 2.557160E-05
  1229   1362   5437 2.537666E-06 1.786685E-02 2.794419E-05
  1230    279   4791 5.928108E-06 2.844665E-02 1.062545E-04
  1231   1902   3329 3.568970E-06 4.000450E-02 3.351804E-05
  1232   1673   2328 4.793557E-06 5.017275E-02 6.277429E-05
  1233   1784   2224 3.727943E-06 8.550207E-02 8.564830E-05
  1234   3216   3378 2.918407E-06 4.508209E-02 4.076897E-05
  1235    302    741 6.520678E-06 5.361886E-02 7.549209E-05
  1236   3975   6544 3.608485E-06 2.095854E-02 3.543269E-05
  1237   2829   4686 4.299634E-06 6.192042E-02 6.556442E-05
  1238   2713   2829 4.223459E-06 8.699993E-02 4.114644E-05
  1239   2713   6593 4.329283E-06 6.987890E-02 1.962781E-05
  1240   1060   3458 3.295030E-06 4.198197E-02 3.647124E-05
  1241    641   2865 2.988666E-06 4.406124E-02 7.870036E-05
  1242   2433   6472 2.620317E-06 5.080665E-02 3.902825E-05
  1243    350   2433 3.280745E-06 7.710850E-02 8.108657E-05
  1244   2400   5258 1.735811E-06 3.228424E-02 7.643817E-05
  1245   2093   3234 3.144966E-06 5.833768E-02 3.947082E-05
  1246   2937   6789 1.349607E-06 4.967466E-02 3.548609E-05
  1247   2670   3763 4.209743E-06 3.910068E-02 4.733005E-05
  1248   6670   6678 4.710493E-06 6.479692E-02 8.997174E-06
  1249   5379   6670 2.997748E-06 8.620636E-02 1.973904E-05
  1250    771   1923 4.857230E-06 5.482484E-02 5.872099E-05
  1251   2279   3099 1.413668E-06 5.888599E-02 4.393990E-05
  1252   1871   3329 4.118645E-06 3.451282E-02 4.356734E-05
  1253    218   2461 3.233504E-06 2.682918E-02 6.753834E-05
  1254     85   2652 3.964452E-06 4.511543E-02 8.631565E-05
  1255     23   2454 4.087839E-06 4.954959E-02 2.131926E-04
  1256     23   1497 6.783065E-06 2.486970E-02 2.263428E-04
  1257   2605   3975 3.274197E-06 1.526306E-02 7.052979E-05
  1258   2148   3855 2.621932E-06 5.186744E-02 3.404872E-05
  1259   1369   6587 3.139829E-06 3.325510E-02 3.580772E-05
  1260   2811   3604 3.002680E-06 2.240644E-02 3.910493E-05
  1261   3122   5322 1.728620E-06 2.778896E-02 2.757540E-05
  1262   3645   3937 4.215006E-06 5.438259E-02 3.878863E-05
  1263     58   6742 2.815956E-06 8.511891E-02 9.991853E-05
  1264    623   3552 2.805420E-06 6.941613E-02 6.859330E-05
  1265    623   5195 2.985902E-06 2.391466E-02 5.679093E-05
  1266   1638   1656 4.222738E-06 3.067087E-02 5.780034E-05
  1267    560   6789 2.975764E-06 1.493156E-02 7.518039E-05
  1268    982   2418 2.992472E-06 6.617214E-02 7.558863E-05
  1269    344   1315 2.818202E-06 3.678678E-02 8.230217E-05
  1270   1370   4283 3.842361E-06 4.476974E-02 2.978980E-05
  1271    279   4770 3.115204E-06 5.016633E-02 1.091504E-04
  1272     12   4763 2.994127E-06 4.878170E-02 1.903877E-04
  1273   1336   4146 1.349242E-06 7.270319E-02 3.986253E-05
  1274   1336   2352 3.295505E-06 7.037808E-02 5.290992E-05
  1275    345   2352 1.344607E-06 1.733438E-02 4.375321E-05
  1276    110    218 5.867984E-06 3.680325E-02 2.245699E-04
  1277   1918   2908 3.837657E-06 4.238338E-02 2.338508E-05
  1278   5706   5741 3.970648E-06 6.333481E-02 3.104744E-05
  1279     85   5706 4.528593E-06 5.610352E-02 1.467618E-04
  1280   1690   2582 4.045028E-06 5.946750E-02 5.699450E-05
  1281   4117   6609 2.173883E-06 3.523078E-02 6.718037E-05
  1282   2663   4603 3.086277E-06 5.939975E-02 4.645565E-05
  1283   1690   6578 3.916630E-06 3.799333E-02 5.963835E-05
  1284     23   2433 1.802423E-06 4.963976E-02 1.975488E-04
  1285     58   2612 5.567250E-06 4.827415E-02 1.188164E-04
  1286    590   2433 4.016460E-06 2.008028E-02 5.294999E-05
  1287     58    590 5.210873E-06 1.447339E-02 1.171048E-04
  1288    590   4115 3.267950E-06 7.900000E-02 7.944501E-05
  1289    350    590 4.422253E-06 3.133536E-02 9.630428E-05
  1290   1151   6790 2.426481E-06 4.733865E-02 5.453511E-05
  1291   2670   3361 4.069186E-06 4.776911E-02 3.881929E-05
  1292     12    391 7.666725E-06 2.273175E-02 2.225333E-04
  1293   1679   4770 4.182008E-06 4.984883E-02 5.644421E-05
  1294    364    835 7.729003E-06 4.823809E-02 6.940477E-05
  1295    366   3483 4.657813E-06 6.809074E-02 6.290898E-05
  1296   2605   4730 9.567287E-07 4.448790E-02 3.714468E-05
  1297   4280   6593 3.194850E-06 6.569491E-02 2.632976E-05
  1298   3640   5662 4.249911E-06 5.571053E-02 1.376243E-05
  1299   3604   5588 3.452454E-06 8.836906E-02 1.345827E-05
  1300   2811   6420 1.798331E-06 5.142744E-02 3.124207E-05
  1301     58   2093 5.641156E-06 3.850586E-02 1.348905E-04
  1302    948   3235 5.500285E-06 3.537243E-02 6.439593E-05
  1303    553   3408 4.112677E-06 2.029802E-02 4.481733E-05
  1304   2061   2498 2.184206E-06 4.064405E-02 3.730673E-05
  1305   2645   3099 9.534856E-07 4.419417E-02 6.004042E-05
  1306   1524   4129 1.414500E-06 2.873825E-02 3.912881E-05
  1307    184    241 1.162851E-05 1.455565E-02 8.304145E-05
  1308   4082   4946 2.810340E-06 6.583117E-02 3.997708E-05
  1309    923   3057 1.350260E-06 5.445363E-02 4.346567E-05
  1310    241    302 9.840092E-06 3.321899E-02 1.379409E-04
  1311   2224   5888 3.760675E-06 3.925663E-02 2.678617E-05
  1312    218   2072 2.344384E-06 1.143790E-02 1.310583E-04
  1313   4563   6030 3.845087E-06 5.502199E-02 2.402587E-05
  1314   3733   4563 4.068051E-06 3.776333E-02 2.359849E-05
  1315    428   2652 4.170084E-06 2.764340E-02 4.710975E-05
  1316   3975   4323 3.394881E-06 4.884726E-02 6.006862E-05
  1317   3975   4701 3.099920E-06 6.399011E-02 3.195945E-05
  1318   3869   3966 1.859508E-06 5.507582E-02 1.802073E-05
  1319   1866   2108 5.347939E-06 6.478748E-02 5.513837E-05
  1320   2642   4619 3.514277E-06 5.283349E-02 2.805708E-05
  1321   2779   3655 3.598862E-06 3.853303E-02 6.426318E-05
  1322   3775   5211 3.146356E-06 4.573489E-02 3.993917E-05
  1323   1586   4014 9.573339E-07 1.562500E-02 3.070779E-05
  1324    560   1362 4.659577E-06 2.780032E-02 6.812393E-05
  1325   1994   6685 2.808071E-06 8.974281E-02 5.207111E-05
  1326   1999   4987 3.129413E-06 6.543309E-02 2.097203E-05
  1327   2370   6398 1.799943E-06 6.516869E-02 1.801949E-05
  1328     93    225 1.444489E-05 4.186788E-02 8.822622E-05
  1329    184   3329 3.981409E-06 6.554981E-02 1.443397E-04
  1330   3069   4285 3.958863E-06 4.756578E-02 3.553123E-05
  1331   1814   4277 3.885104E-06 2.019872E-02 3.129880E-05
  1332    345   4929 3.471460E-06 3.056403E-02 3.770402E-05
  1333    110    923 2.959218E-06 3.421032E-02 1.118648E-04
  1334   1524   2105 4.421906E-06 7.976921E-02 8.162301E-05
  1335    110   2083 4.488870E-06 4.027928E-02 1.102391E-04
  1336    249   2105 3.857937E-06 5.154258E-02 7.669837E-05
  1337   4326   5904 2.995910E-06 5.523878E-02 2.352264E-05
  1338     85   2255 5.885530E-06 2.791004E-02 7.895042E-05
  1339   1161   3483 5.402755E-06 8.549126E-02 5.071992E-05
  1340     85   5747 3.775602E-06 6.081496E-02 1.485624E-04
  1341   4587   5704 1.795320E-06 1.009701E-02 1.424889E-05
  1342   5741   5747 2.534851E-06 4.238297E-02 1.803909E-05
  1343   3014   4260 2.806837E-06 4.745121E-02 3.991538E-05
  1344    887   3790 2.994761E-06 6.111308E-02 3.904624E-05
  1345    793   1497 3.850843E-06 3.802051E-02 9.998880E-05
  1346   2829   4621 2.808900E-06 2.783988E-02 3.631985E-05
  1347    641   1877 2.786297E-06 2.671251E-02 8.191261E-05
  1348   4622   6466 4.233698E-06 7.572664E-02 1.154830E-05
  1349     58   5335 4.094357E-06 3.286653E-02 8.101883E-05
  1350   6789   6790 3.638028E-06 4.670753E-02 2.189987E-05
  1351    987   3397 9.577738E-07 2.795085E-02 7.742556E-05
  1352    727   1370 9.737885E-07 2.915555E-02 7.163283E-05
  1353     93   4129 3.112287E-06 5.877501E-02 8.858221E-05
  1354   2535   4146 9.567332E-07 4.419417E-02 2.993749E-05
  1355   2083   3811 3.698906E-06 3.185557E-02 4.419249E-05
  1356    218    636 2.238194E-06 6.456870E-02 1.018482E-04
  1357    249   1161 5.937112E-06 7.392604E-02 5.275857E-05
  1358     85   6029 2.365265E-06 3.806932E-02 9.532613E-05
  1359   4588   5998 3.458141E-06 5.128608E-02 2.421699E-05
  1360     85   2033 2.994602E-06 5.061799E-02 1.816486E-04
  1361   3364   3733 3.774242E-06 7.977678E-02 5.779575E-05
  1362   3869   4323 4.014842E-06 4.332064E-02 4.477208E-05
  1363   4144   4511 2.787457E-06 6.908432E-02 2.513835E-05
  1364   2605   6593 2.240489E-06 4.666161E-02 2.265038E-05
  1365    887   3095 3.706349E-06 8.546711E-02 6.826010E-05
  1366   3257   4621 2.952939E-06 4.895588E-02 3.433069E-05
  1367   4619   6578 3.304931E-06 6.866275E-02 3.917567E-05
  1368   1690   4619 3.151594E-06 5.324331E-02 5.306825E-05
  1369    429   1690 2.954529E-06 2.989217E-02 8.343059E-05
  1370   1463   3604 3.066865E-06 6.533094E-02 4.027997E-05
  1371   3519   4655 1.796683E-06 2.238247E-02 4.480329E-05
  1372   1690   4639 4.905736E-06 5.786704E-02 5.553523E-05
  1373   1411   2388 5.270002E-06 1.908620E-02 1.029131E-04
  1374   3645   5322 3.483876E-06 6.056125E-02 2.901500E-05
  1375   2804   5158 3.688200E-06 6.265181E-02 1.903705E-05
  1376   2696   4283 2.963889E-06 6.685330E-02 3.063746E-05
  1377    391    727 8.445104E-06 2.658013E-02 7.636636E-05
  1378    569    946 7.857434E-06 3.768659E-02 4.154242E-05
  1379   1174   2645 3.691613E-06 5.763856E-02 3.249550E-05
  1380    241   4320 4.862744E-06 4.450782E-02 1.030852E-04
  1381   3733   5705 3.457001E-06 5.088339E-02 1.542565E-05
  1382     85   3625 3.744961E-06 5.367444E-02 1.026546E-04
  1383   2431   2922 3.266822E-06 8.588141E-02 3.645046E-05
  1384     23   2922 4.039700E-06 3.968735E-02 1.923159E-04
  1385   4260   5705 4.011236E-06 5.693310E-02 3.885095E-05
  1386   3975   4311 3.930064E-06 4.008462E-02 2.926177E-05
  1387   2713   4677 4.094043E-06 4.698243E-02 2.918854E-05
  1388   2807   2829 4.197340E-06 5.110720E-02 3.909805E-05
  1389   2986   3466 4.589908E-06 3.383154E-02 3.873067E-05
  1390   3468   6578 2.362052E-06 1.571835E-02 3.346020E-05
  1391   3257   3617 4.299693E-06 3.121117E-02 3.292505E-05
  1392   5284   6578 3.754702E-06 5.428086E-02 6.247293E-05
  1393    956   5272 2.823898E-06 5.079484E-02 4.250740E-05
  1394   3274   3533 4.250097E-06 3.275876E-02 2.517056E-05
  1395     58   6749 4.246023E-06 7.701195E-02 8.533015E-05
  1396   5589   6749 3.281881E-06 2.706947E-02 2.550454E-05
  1397   1469   6487 3.459261E-06 4.601154E-02 5.742375E-05
  1398      1   2549 5.896609E-06 4.737557E-02 3.244086E-04
  1399    946   1468 6.024650E-06 5.519725E-02 6.402447E-05
  1400   2535   3449 2.950864E-06 7.654726E-02 3.475381E-05
  1401   3427   3432 3.792261E-06 4.321408E-02 2.691843E-05
  1402   2060   6084 1.794348E-06 1.917617E-02 3.434425E-05
  1403   5696   5930 9.591066E-07 2.083333E-02 5.344456E-05
  1404   1918   4320 3.521992E-06 2.390116E-02 2.474752E-05
  1405   4187   4563 3.873871E-06 5.841672E-02 1.893916E-05
  1406    429   6551 3.111212E-06 4.597349E-02 6.609412E-05
  1407    793   1060 7.539432E-06 5.942903E-02 5.004471E-05
  1408   1060   3640 9.474240E-07 3.125000E-02 6.359530E-05
  1409   1560   6783 3.402160E-06 8.134322E-02 3.547481E-05
  1410    987   2480 4.097070E-06 6.159019E-02 6.234628E-05
  1411    948   5355 2.995077E-06 5.722153E-02 5.341750E-05
  1412   1994   6678 1.354536E-06 6.530964E-02 6.317370E-05
  1413   5379   6678 1.408962E-06 4.787067E-02 3.423090E-05
  1414   3904   5379 4.530545E-06 4.204116E-02 1.793248E-05
  1415    578    982 8.483271E-06 4.530806E-02 9.328346E-05
  1416   1244   2556 5.114963E-06 3.881188E-02 3.602678E-05
  1417     20   4206 3.875143E-06 6.882465E-02 1.584499E-04
  1418    110   5869 2.620284E-06 7.019690E-02 1.047755E-04
  1419   1814   4082 5.031702E-06 4.356407E-02 3.344510E-05
  1420    923   5924 3.296689E-06 6.126060E-02 3.487655E-05
  1421    636   2255 5.097019E-06 5.505822E-02 5.497838E-05
  1422    179   2224 4.826890E-06 5.910620E-02 1.084527E-04
  1423    782   2660 3.760940E-06 6.514428E-02 7.284235E-05
  1424     85   4497 4.514952E-06 6.780842E-02 1.270357E-04
  1425   2431   3625 3.712636E-06 8.736167E-02 2.635379E-05
  1426   2431   6551 4.437697E-06 4.785275E-02 3.582431E-05
  1427    429   2922 9.631174E-07 2.798470E-02 9.228314E-05
  1428   2831   3926 9.624243E-07 2.823185E-02 4.072877E-05
  1429   2807   3466 2.810219E-06 5.663124E-02 5.002772E-05
  1430    590   6471 2.366525E-06 7.900000E-02 8.052809E-05
  1431   2093   6521 3.702654E-06 4.977777E-02 2.959739E-05
  1432     26     86 1.028633E-05 4.866932E-02 2.280417E-04
  1433    323   1362 3.903955E-06 5.531050E-02 1.356991E-04
  1434    987   1656 5.019614E-06 7.245592E-02 9.921294E-05
  1435   2007   2223 5.562401E-06 6.236017E-02 3.185399E-05
  1436    225    391 7.967666E-06 2.757791E-02 9.503329E-05
  1437   2060   3705 2.809837E-06 6.936786E-02 2.448681E-05
  1438   4770   4791 5.587477E-06 5.013750E-02 3.236809E-05
  1439     20   4129 9.633590E-07 4.419417E-02 1.581496E-04
  1440   4146   4770 3.143724E-06 6.814828E-02 4.723306E-05
  1441   3092   4140 3.604869E-06 6.446141E-02 3.242438E-05
  1442   2796   4082 3.164942E-06 7.084806E-02 4.361272E-05
  1443   4300   4552 3.930064E-06 5.333576E-02 3.571435E-05
  1444   4552   4554 4.406739E-06 3.934539E-02 1.098289E-05
  1445     85    636 3.750636E-06 3.574236E-02 1.128566E-04
  1446    179    782 4.058183E-06 6.363206E-02 1.312299E-04
  1447     85   6009 4.232413E-06 5.791188E-02 1.120976E-04
  1448     85   4392 4.177135E-06 4.614776E-02 1.031999E-04
  1449   1497   2454 4.592250E-06 4.881384E-02 3.078762E-05
  1450   4311   4323 3.118676E-06 6.309254E-02 3.420275E-05
  1451    635    706 6.424162E-06 5.135929E-02 5.442294E-05
  1452    350    635 7.080717E-06 5.087189E-02 5.444535E-05
  1453   5272   6420 3.447299E-06 3.917988E-02 1.278235E-05
  1454   1411   3324 3.872668E-06 1.277372E-02 5.645963E-05
  1455    590   3772 4.312481E-06 2.473430E-02 4.934351E-05
  1456   3270   5322 9.641418E-07 2.212956E-02 2.870949E-05
  1457   2400   5322 2.925388E-06 5.020899E-02 5.217164E-05
  1458   3645   5319 3.691556E-06 5.099072E-02 3.516428E-05
  1459     58   6495 3.146737E-06 3.926734E-02 1.071717E-04
  1460     58   6475 4.079921E-06 6.121756E-02 7.847888E-05
  1461    560   5432 2.178100E-06 3.046487E-02 6.890773E-05
  1462    951   5355 9.672540E-07 2.563692E-02 4.951919E-05
  1463   1315   1949 3.760322E-06 7.458473E-02 7.143278E-05
  1464   4011   5924 2.810648E-06 5.200162E-02 1.672177E-05
  1465   3282   4078 9.579476E-07 1.515848E-02 6.585395E-05
  1466   2001   4552 4.021573E-06 6.572713E-02 3.881718E-05
  1467   1161   4552 4.449389E-06 7.043302E-02 3.899357E-05
  1468    568   2072 3.154999E-06 3.264149E-02 5.818359E-05
  1469    568   4187 3.063875E-06 4.007154E-02 4.151108E-05
  1470    924   6030 2.991189E-06 5.216009E-02 6.033815E-05
  1471   2652   2660 3.158326E-06 4.516785E-02 3.216847E-05
  1472   2431   5706 4.074150E-06 4.697640E-02 6.623605E-05
  1473   2922   6551 4.661702E-06 6.005780E-02 4.095126E-05
  1474   2944   3974 2.817848E-06 5.450044E-02 2.540972E-05
  1475   2605   4280 4.139955E-06 2.758206E-02 4.759056E-05
  1476   1690   6471 2.422478E-06 7.900000E-02 4.030454E-05
  1477   2093   3772 4.649180E-06 3.296515E-02 2.559010E-05
  1478   1750   3645 3.941983E-06 5.627686E-02 5.118600E-05
  1479    623   3645 4.077712E-06 7.712968E-02 7.189787E-05
  1480     58    204 3.849224E-06 1.662389E-02 1.356223E-04
  1481    204   6749 3.988900E-06 4.547627E-02 6.900691E-05
  1482    323    560 1.081349E-05 2.383317E-02 7.285297E-05
  1483   2670   5449 2.998182E-06 6.106576E-02 3.027783E-05
  1484   3408   3830 4.395807E-06 3.020321E-02 1.803674E-05
  1485   2061   2223 3.338527E-06 5.686317E-02 4.459173E-05
  1486   4283   5744 2.807103E-06 4.930586E-02 2.446275E-05
  1487    727   4283 2.999248E-06 3.898579E-02 4.215882E-05
  1488    184    530 5.853195E-06 4.835171E-02 1.292785E-04
  1489    924   4187 2.997609E-06 2.973073E-02 4.237106E-05
  1490     85   2012 3.984102E-06 6.357345E-02 1.281208E-04
  1491     85   4570 3.768513E-06 6.877582E-02 9.334958E-05
  1492   4392   4570 3.431245E-06 5.273426E-02 3.168268E-05
  1493   1341   4475 3.218540E-06 7.468782E-02 4.827722E-05
  1494    428   1341 3.930064E-06 6.244360E-02 5.893097E-05
  1495   4222   5706 2.764004E-06 4.881433E-02 5.407616E-05
  1496   2582   4222 4.313885E-06 5.942937E-02 4.427452E-05
  1497   2829   3801 1.009799E-06 6.250000E-02 5.293927E-05
  1498   4664   6603 1.348928E-06 4.959894E-02 5.512252E-05
  1499   2612   5662 9.594137E-07 1.160596E-02 3.492582E-05
  1500   2612   3421 3.748286E-06 2.326021E-02 3.198483E-05
  1501   1413   1750 6.406097E-06 3.095149E-02 6.430384E-05
  1502    204   5589 9.624833E-07 3.142205E-02 8.327889E-05
  1503    446   6644 4.483828E-06 4.131872E-02 5.041829E-05
  1504    560    982 6.329580E-06 2.304740E-02 1.099354E-04
  1505    982   1022 4.773731E-06 1.379310E-02 1.157430E-04
  1506   3781   5047 4.580474E-06 5.587270E-02 3.974599E-05
  1507     20     93 1.685169E-05 2.376250E-02 1.919066E-04
  1508   1987   4899 3.612178E-06 4.552486E-02 6.056052E-05
  1509   1718   2352 2.364819E-06 8.050503E-02 5.383122E-05
  1510    218   2167 2.994381E-06 5.278694E-02 6.709969E-05
  1511   2167   4929 2.363824E-06 2.157227E-02 3.525688E-05
  1512    110    568 4.616505E-06 3.117677E-02 1.097942E-04
  1513   2796   2954 4.590468E-06 4.300259E-02 2.545882E-05
  1514   1056   2255 3.154906E-06 7.605682E-02 4.709542E-05
  1515   1161   2001 5.049821E-06 2.478631E-02 4.692549E-05
  1516     85   1365 4.792327E-06 3.109762E-02 1.071267E-04
  1517    924   4563 9.651807E-07 4.419417E-02 4.548943E-05
  1518   2488   6029 2.925770E-06 6.483968E-02 3.127902E-05
  1519    179   2454 2.430327E-06 6.482607E-02 9.619987E-05
  1520   1497   2660 4.154143E-06 3.681742E-02 3.157207E-05
  1521     23   4529 4.425392E-06 4.556408E-02 1.918670E-04
  1522     23   4674 2.177426E-06 3.111295E-02 2.051515E-04
  1523   2582   3807 3.769699E-06 4.297703E-02 3.660131E-05
  1524   1690   2108 4.554735E-06 3.362974E-02 7.009009E-05
  1525    350   5610 2.806133E-06 7.879587E-02 5.706739E-05
  1526    429    590 5.335649E-06 3.989459E-02 8.231967E-05
  1527    204    590 4.274971E-06 3.151296E-02 1.272995E-04
  1528    590   6495 2.805358E-06 7.147388E-02 6.242485E-05
  1529    987   4304 4.842424E-06 2.421636E-02 5.742690E-05
  1530    323   1022 6.383072E-06 2.052813E-02 1.179367E-04
  1531   2670   3235 2.620983E-06 5.340984E-02 2.929343E-05
  1532    410    982 7.667889E-06 3.049247E-02 7.557903E-05
  1533    410    578 9.109620E-06 2.022421E-02 5.196664E-05
  1534    553   3830 3.418297E-06 3.493308E-02 4.419633E-05
  1535   5132   5158 4.005643E-06 5.149978E-02 1.999114E-05
  1536   2060   4756 9.633355E-07 2.554311E-02 2.999417E-05
  1537   3811   5869 3.417802E-06 7.692965E-02 5.227007E-05
  1538   1365   4859 2.187318E-06 3.855618E-02 3.918138E-05
  1539   2012   6009 3.941390E-06 8.031701E-02 6.282839E-05
  1540   1161   3046 3.942023E-06 1.280092E-02 6.360762E-05
  1541   4260   6553 1.404066E-06 2.083333E-02 3.229259E-05
  1542   3926   4664 3.868983E-06 8.825518E-02 2.342564E-05
  1543   2300   4080 3.717721E-06 5.618925E-02 3.533997E-05
  1544    429   5610 4.939071E-06 4.047825E-02 4.455232E-05
  1545   3480   4603 4.765247E-06 3.735011E-02 2.491603E-05
  1546   1877   3095 4.405964E-06 4.218840E-02 5.360054E-05
  1547   3257   3480 4.538021E-06 6.372161E-02 5.140211E-05
  1548   3480   3617 1.428653E-06 7.900000E-02 4.326202E-05
  1549    429   6471 1.794902E-06 1.238666E-02 7.556585E-05
  1550   3270   5259 2.845757E-06 4.903059E-02 2.698829E-05
  1551    204   6475 1.981638E-06 6.639715E-02 7.206611E-05
  1552    987   2687 4.419518E-06 7.128409E-02 4.167419E-05
  1553   1656   2985 2.219959E-06 7.036415E-02 3.675340E-05
  1554   1638   5468 2.806744E-06 5.913364E-02 8.356606E-05
  1555   3904   4101 3.325382E-06 7.311297E-02 3.420812E-05
  1556    785    982 4.289147E-06 3.378464E-02 1.476403E-04
  1557   2323   3574 4.309690E-06 3.077706E-02 2.927586E-05
  1558    344   1949 4.995425E-06 6.498585E-02 7.856350E-05
  1559    727   3119 3.956393E-06 5.019605E-02 4.002435E-05
  1560     20    391 4.368776E-06 2.475389E-02 1.910720E-04
  1561     12    727 1.044560E-05 4.116099E-02 2.237691E-04
  1562   3822   4873 2.953609E-06 6.686877E-02 6.058581E-05
  1563    184   4320 2.622024E-06 8.646208E-02 1.139673E-04
  1564   1365   2255 2.620325E-06 7.986073E-02 5.085509E-05
  1565   2001   3282 3.624114E-06 7.587253E-02 6.709430E-05
  1566    218   4190 3.174787E-06 5.781115E-02 1.284993E-04
  1567    218   6029 2.925394E-06 5.897878E-02 1.232431E-04
  1568   2001   3046 3.770278E-06 4.377920E-02 6.216680E-05
  1569     85    737 7.516927E-06 5.651367E-02 1.372097E-04
  1570   5658   5741 9.525752E-07 6.250000E-02 3.344034E-05
  1571   2108   4715 3.124487E-06 4.819662E-02 3.641296E-05
  1572    189   2108 5.601237E-06 2.800739E-02 1.338928E-04
  1573    350    800 5.705188E-06 3.438955E-02 7.079771E-05
  1574   1060   4630 4.761429E-06 4.482559E-02 4.605666E-05
  1575   3519   3632 4.118592E-06 6.194496E-02 1.910611E-05
  1576   3617   4636 4.064126E-06 3.609864E-02 1.351818E-05
  1577    630   3645 2.248908E-06 4.364664E-02 8.356360E-05
  1578    987   2985 2.030403E-06 5.745209E-02 8.481912E-05
  1579   1656   6794 4.028979E-06 5.949253E-02 2.377761E-05
  1580    948   2485 1.419288E-06 1.414417E-02 7.356284E-05
  1581    323    982 2.961184E-06 3.284170E-02 6.574044E-05
  1582    532    982 5.091548E-06 2.841566E-02 8.070761E-05
  1583   3113   6398 3.440183E-06 8.858641E-02 3.780674E-05
  1584   4644   5293 4.463017E-06 6.159910E-02 1.960728E-05
  1585     12     20 3.783246E-05 2.154844E-02 1.029161E-04
  1586    653   1718 4.873796E-06 4.188106E-02 4.402500E-05
  1587     20   3092 4.605311E-06 3.762844E-02 1.307342E-04
  1588   3811   4285 4.185446E-06 5.100453E-02 3.618188E-05
  1589   3057   3811 2.989351E-06 6.689758E-02 4.668743E-05
  1590   1056   2461 2.808405E-06 8.022398E-02 4.024709E-05
  1591    184   1918 4.227265E-06 5.032488E-02 1.186085E-04
  1592     12    364 8.213459E-06 3.965336E-02 2.114967E-04
  1593   1078   2562 4.434647E-06 5.604124E-02 5.114037E-05
  1594    429   3807 3.757025E-06 1.296786E-02 7.954079E-05
  1595     23   1081 3.419668E-06 5.703302E-02 2.345721E-04
  1596   3480   6594 3.603372E-06 3.761136E-02 3.919128E-05
  1597   2807   4247 2.428672E-06 7.985615E-02 5.124837E-05
  1598    189   1690 1.886345E-06 8.068778E-02 1.376931E-04
  1599    189   6578 1.798667E-06 4.673183E-02 1.263841E-04
  1600   1463   2724 4.819638E-06 2.619217E-02 2.943519E-05
  1601    429    800 4.644784E-06 6.039931E-02 9.269424E-05
  1602   1463   6457 2.925559E-06 5.365460E-02 4.134847E-05
  1603   5272   6419 3.874845E-06 5.289773E-02 1.776441E-05
  1604   3772   5283 3.146532E-06 6.476171E-02 2.036773E-05
  1605   3533   6511 3.520691E-06 7.452431E-02 3.523700E-05
  1606   3274   6511 3.533117E-06 7.900000E-02 3.344348E-05
  1607   2093   4386 4.005352E-06 5.692468E-02 4.127629E-05
  1608   3456   3457 2.179840E-06 4.542006E-02 3.510804E-05
  1609    446   6783 4.268112E-06 7.628631E-02 5.896685E-05
  1610    951   2485 3.661834E-06 4.657262E-02 2.817984E-05
  1611   2485   5355 2.242702E-06 6.584742E-02 4.505327E-05
  1612    785   1022 6.317299E-06 1.555556E-02 1.180106E-04
  1613   2712   2762 2.794158E-06 2.734948E-02 4.486806E-05
  1614    225   3176 3.761667E-06 3.964207E-02 3.883290E-05
  1615     93    391 4.460553E-06 2.625196E-02 1.214334E-04
  1616   2645   4787 4.351090E-06 5.853050E-02 1.618261E-05
  1617   2328   3086 2.808162E-06 4.293747E-02 4.403175E-05
  1618    110   4285 2.787936E-06 1.374080E-02 8.872172E-05
  1619    110   3057 3.760844E-06 3.472622E-02 8.306235E-05
  1620    110   2072 3.133471E-06 5.204705E-02 1.381130E-04
  1621    428   6009 2.621345E-06 5.205939E-02 4.825610E-05
  1622   4290   4720 9.517078E-07 4.419417E-02 3.008764E-05
  1623   4716   6594 3.202103E-06 3.789639E-02 3.993148E-05
  1624    635   4720 3.554284E-06 6.810712E-02 4.798005E-05
  1625   4715   6603 3.372702E-06 4.264489E-02 3.178646E-05
  1626    189    429 4.712441E-06 2.487211E-02 1.606472E-04
  1627   4629   6454 2.979673E-06 3.557062E-02 3.246131E-05
  1628   6460   6471 3.877865E-06 4.345201E-02 2.265769E-05
  1629   5283   6521 3.451322E-06 5.085055E-02 2.748860E-05
  1630    204   6495 3.477727E-06 6.124138E-02 7.455068E-05
  1631   1770   4386 1.798007E-06 4.950509E-02 6.272016E-05
  1632    623   5197 2.672522E-06 5.309832E-02 4.744528E-05
  1633   2985   4387 2.238082E-06 5.820137E-02 2.996925E-05
  1634   5468   6783 2.808636E-06 7.555350E-02 3.330173E-05
  1635   2708   3220 4.442087E-06 3.158344E-02 2.421494E-05
  1636   1340   1994 3.694592E-06 5.716157E-02 4.088376E-05
  1637   1923   2765 2.210549E-06 2.536632E-02 2.552950E-05
  1638   2216   4733 2.805430E-06 8.501327E-02 3.216308E-05
  1639   2060   5988 3.945166E-06 8.894273E-02 2.126281E-05
  1640     20   4140 4.448211E-06 4.577914E-02 1.222116E-04
  1641   3057   4839 3.557675E-06 8.841317E-02 3.565684E-05
  1642   1784   2167 4.445205E-06 4.802205E-02 5.886522E-05
  1643    653   1784 4.793352E-06 3.983152E-02 9.106088E-05
  1644   2260   5696 3.001841E-06 4.566132E-02 2.678817E-05
  1645    179   1497 4.433217E-06 5.216599E-02 1.028057E-04
  1646   2237   2660 4.100054E-06 8.785582E-02 3.946983E-05
  1647   1497   2237 4.009431E-06 7.459994E-02 5.124343E-05
  1648   1341   2922 3.309463E-06 5.864159E-02 5.309014E-05
  1649   2922   4529 4.252641E-06 5.821409E-02 4.040363E-05
  1650   1341   4529 3.886761E-06 3.829983E-02 4.746387E-05
  1651   3007   4199 2.580855E-06 2.035805E-02 5.672168E-05
  1652   1497   4674 3.650809E-06 3.922582E-02 6.231645E-05
  1653    429   4290 2.935568E-06 3.457704E-02 6.624980E-05
  1654    793   2312 4.713995E-06 5.935226E-02 5.795409E-05
  1655   1060   1081 3.873473E-06 2.601746E-02 7.053384E-05
  1656   3189   6594 3.451230E-06 6.077092E-02 2.716452E-05
  1657   3189   3480 4.404684E-06 5.064784E-02 2.562436E-05
  1658   2986   4247 3.856569E-06 3.277014E-02 3.651306E-05
  1659    590    800 6.846034E-06 2.915278E-02 5.685490E-05
  1660    350   3621 9.480817E-07 6.250000E-02 6.229702E-05
  1661    590   6460 2.999296E-06 6.706928E-02 6.177007E-05
  1662   1750   2093 3.631284E-06 8.801060E-02 6.155021E-05
  1663    630   1750 4.201403E-06 2.818061E-02 7.143213E-05
  1664    623   1770 2.811215E-06 6.465055E-02 8.454453E-05
  1665   3286   5197 2.365620E-06 5.714854E-02 2.381726E-05
  1666   1362   3452 2.925378E-06 5.487297E-02 7.609803E-05
  1667   3737   5449 4.458116E-06 5.094903E-02 1.614839E-05
  1668    446   5449 1.410493E-06 7.415615E-02 6.717891E-05
  1669    323    532 1.002621E-05 2.900529E-02 7.440285E-05
  1670   1679   3383 3.713345E-06 4.549692E-02 5.408251E-05
  1671   4839   5954 2.805377E-06 4.571489E-02 3.314209E-05
  1672   2260   2954 3.894492E-06 6.719244E-02 2.837079E-05
  1673    179   2250 4.482638E-06 3.187780E-02 6.105546E-05
  1674    568    924 2.425993E-06 8.620908E-02 7.807961E-05
  1675   1497   4385 3.860634E-06 7.949023E-02 2.996272E-05
  1676    233    302 9.828413E-06 3.264458E-02 4.818790E-05
  1677   3046   3667 5.348988E-06 7.178387E-02 3.240680E-05
  1678   2108   4719 4.013265E-06 2.676981E-02 3.906411E-05
  1679   3007   6611 1.412921E-06 1.524430E-02 3.918793E-05
  1680    635   1081 7.643369E-06 5.665908E-02 7.845269E-05
  1681   1877   2035 4.624792E-06 2.750946E-02 4.804651E-05
  1682   2035   3095 4.536648E-06 3.719349E-02 2.742056E-05
  1683    189   6460 4.397252E-06 4.613520E-02 1.120590E-04
  1684    204   6766 3.688326E-06 3.726869E-02 6.154578E-05
  1685   1770   2779 3.306459E-06 2.857936E-02 4.829199E-05
  1686   3457   5185 9.587563E-07 1.225726E-02 6.495406E-05
  1687    323   3452 3.535221E-06 8.908218E-02 1.244756E-04
  1688    560   3452 3.707202E-06 5.815455E-02 3.306483E-05
  1689    446   1656 1.353543E-06 1.484408E-02 7.702959E-05
  1690    446    948 9.377380E-07 6.250000E-02 8.368538E-05
  1691   2474   5355 4.257207E-06 4.528484E-02 3.387648E-05
  1692   2670   2709 5.066713E-06 6.304775E-02 4.462483E-05
  1693   1446   1773 5.909718E-06 5.390832E-02 7.899444E-05
  1694   2712   3113 9.577097E-07 3.125000E-02 3.388783E-05
  1695    826   1949 3.945776E-06 4.720930E-02 6.531106E-05
  1696     20   1849 2.806745E-06 4.148210E-02 1.569497E-04
  1697   1094   3432 4.265546E-06 7.587827E-02 3.651707E-05
  1698   3822   4899 1.417100E-06 1.483552E-02 2.891238E-05
  1699   4120   4872 3.861278E-06 5.033045E-02 1.374560E-05
  1700    110    636 5.856742E-06 3.195368E-02 1.488080E-04
  1701    179   6045 3.300186E-06 4.660030E-02 8.695206E-05
  1702   3950   5896 2.992934E-06 4.535361E-02 1.786892E-05
  1703    179   2012 5.300967E-06 1.898783E-02 6.439931E-05
  1704   6009   6011 2.825782E-06 2.680997E-02 1.478059E-05
  1705   3848   4222 3.140539E-06 2.568508E-02 2.815844E-05
  1706   3394   4311 1.405368E-06 8.231567E-02 3.932721E-05
  1707   3801   4502 3.605008E-06 5.420850E-02 2.755939E-05
  1708    429   6532 3.001569E-06 2.405504E-02 5.938145E-05
  1709    679   2984 3.988022E-06 4.628151E-02 8.279934E-05
  1710    956   1676 2.131236E-06 1.682114E-02 5.550228E-05
  1711   3480   3632 2.844959E-06 4.294394E-02 3.550415E-05
  1712   3617   3632 2.822191E-06 5.094157E-02 4.757543E-05
  1713    189    590 3.914309E-06 3.628853E-02 1.374379E-04
  1714   3270   5319 3.188283E-06 8.061630E-02 3.063205E-05
  1715    630   3270 2.962202E-06 4.626868E-02 6.317319E-05
  1716   1413   4386 4.304079E-06 3.874889E-02 6.135497E-05
  1717    987   6833 2.249653E-06 8.646930E-02 8.354988E-05
  1718   5392   6664 4.256776E-06 3.082368E-02 3.954060E-05
  1719   6664   6685 1.794838E-06 4.506378E-02 5.206583E-05
  1720   2762   3113 1.350450E-06 1.388731E-02 2.396605E-05
  1721    530   3103 4.327462E-06 8.750718E-02 3.727118E-05
  1722    110   1679 3.141510E-06 6.163679E-02 1.053836E-04
  1723   4920   5885 2.815658E-06 4.711397E-02 1.846338E-05
  1724   2796   3978 3.157925E-06 7.054862E-02 3.469766E-05
  1725    179   1784 2.627166E-06 4.681435E-02 1.135786E-04
  1726   4120   4860 3.792586E-06 6.305681E-02 2.067237E-05
  1727    184    302 4.015468E-06 2.425349E-02 1.688950E-04
  1728   3106   5896 3.637805E-06 6.192461E-02 1.528506E-05
  1729   4018   5695 2.179011E-06 3.461489E-02 6.041948E-05
  1730   2503   5658 3.999713E-06 6.169020E-02 2.346752E-05
  1731    428   2237 3.490842E-06 6.478620E-02 6.244830E-05
  1732   1282   1497 3.417748E-06 4.315912E-02 6.516103E-05
  1733   2605   6531 3.920138E-06 3.608807E-02 4.647970E-05
  1734    679   4328 4.471465E-06 4.276278E-02 1.083451E-04
  1735   4126   6611 1.407928E-06 5.838922E-02 2.082803E-05
  1736   3466   6590 1.797338E-06 5.671622E-02 5.680348E-05
  1737   1463   2683 3.285428E-06 4.987458E-02 3.772158E-05
  1738   6454   6467 3.135703E-06 6.237484E-02 2.558460E-05
  1739   1186   1877 5.989878E-06 5.932741E-02 5.905822E-05
  1740   2683   6419 4.383322E-06 5.187041E-02 2.732909E-05
  1741   3270   5284 3.258632E-06 7.460363E-02 2.645159E-05
  1742   2400   3270 2.823628E-06 4.060920E-02 3.194298E-05
  1743    630   5319 2.953994E-06 6.051867E-02 5.331146E-05
  1744   2985   6794 2.809110E-06 7.026452E-02 2.665698E-05
  1745     26    149 6.046405E-06 2.231499E-02 1.940282E-04
  1746   2708   5448 2.521354E-06 3.392698E-02 3.075790E-05
  1747    951    982 4.274355E-06 7.589978E-02 9.671439E-05
  1748   1340   5392 1.980231E-06 1.161629E-02 2.196541E-05
  1749   1115   1773 3.263226E-06 4.280697E-02 6.725278E-05
  1750   1001   1816 6.135438E-06 6.294966E-02 5.881438E-05
  1751     12    530 6.535413E-06 5.228347E-02 2.268552E-04
  1752   5870   5954 3.325540E-06 7.302514E-02 3.231792E-05
  1753    110   4839 3.706867E-06 4.170766E-02 9.245916E-05
  1754    179   2472 5.410057E-06 3.759471E-02 9.843133E-05
  1755   3106   5880 3.826530E-06 6.641278E-02 2.548388E-05
  1756   1365   2012 2.954514E-06 5.379937E-02 3.986862E-05
  1757    737   1365 4.679281E-06 2.865047E-02 8.152274E-05
  1758    428   2304 1.411667E-06 3.125000E-02 4.928556E-05
  1759   3096   4323 2.813625E-06 4.847727E-02 3.157799E-05
  1760   3373   6527 4.211569E-06 7.130538E-02 2.865925E-05
  1761   3807   4719 2.995205E-06 6.196920E-02 3.015195E-05
  1762   1463   6609 3.875009E-06 4.107988E-02 3.349073E-05
  1763    590   1484 5.801880E-06 2.611045E-02 6.026659E-05
  1764   5328   5663 2.240615E-06 3.288689E-02 3.374229E-05
  1765    446   5468 4.169625E-06 4.338210E-02 5.402533E-05
  1766     12    241 1.504459E-05 2.942473E-02 1.846526E-04
  1767   1056   1784 3.414486E-06 2.447447E-02 4.780515E-05
  1768   1365   6045 9.508981E-07 3.125000E-02 2.451812E-05
  1769     12   1028 7.119222E-06 3.235887E-02 1.709770E-04
  1770   2922   4524 2.960354E-06 7.243840E-02 5.521677E-05
  1771    428    849 1.862334E-06 2.180303E-02 6.913159E-05
  1772   4199   4220 4.327835E-06 4.928982E-02 2.871428E-05
  1773   2264   6553 2.805563E-06 6.539822E-02 4.194892E-05
  1774     21    429 8.227016E-06 3.745444E-02 1.939109E-04
  1775   4071   6609 3.697618E-06 5.479020E-02 4.002834E-05
  1776    278    429 3.981013E-06 3.562587E-02 1.106791E-04
  1777    800   1484 4.210193E-06 3.481246E-02 5.099592E-05
  1778   1487   2985 3.043687E-06 5.209564E-02 8.767044E-05
  1779   2743   6794 9.436528E-07 6.250000E-02 4.535150E-05
  1780   1446   2790 3.144864E-06 8.515883E-02 4.785534E-05
  1781     93   4377 2.180955E-06 3.021644E-02 1.341569E-04
  1782   1987   4771 2.620280E-06 3.404996E-02 5.598545E-05
  1783   5885   5886 3.725820E-06 6.389902E-02 1.754932E-05
  1784   3978   4872 1.411775E-06 2.798617E-02 2.831685E-05
  1785    636   2510 3.625323E-06 6.417450E-02 4.685908E-05
  1786   2796   5955 3.321510E-06 4.919057E-02 3.254099E-05
  1787   1056   5957 1.796107E-06 1.712212E-02 2.937556E-05
  1788    568   2033 5.933174E-06 5.654970E-02 8.891591E-05
  1789    924   2503 6.635473E-06 3.997574E-02 4.148055E-05
  1790   4475   5848 2.233992E-06 7.900000E-02 3.719611E-05
  1791   2184   3667 4.407228E-06 4.707464E-02 4.237656E-05
  1792   2831   4609 3.129550E-06 5.217241E-02 2.986499E-05
  1793    189   4715 3.231151E-06 6.381589E-02 1.207045E-04
  1794    278    635 4.042420E-06 2.574059E-02 7.523693E-05
  1795   2697   3468 3.321697E-06 6.166551E-02 3.251161E-05
  1796    800   3621 4.112950E-06 4.538934E-02 4.788698E-05
  1797   2400   5284 3.789925E-06 3.537963E-02 2.196037E-05
  1798    204   6512 2.997615E-06 6.071456E-02 7.237293E-05
  1799   1641   2093 9.592926E-07 2.795085E-02 4.775783E-05
  1800   1413   1641 3.886553E-06 3.092860E-02 7.867146E-05
  1801   3766   6748 3.849359E-06 1.969521E-02 2.452490E-05
  1802   2743   2985 2.960527E-06 5.507299E-02 2.657744E-05
  1803   2480   2669 3.341260E-06 6.843611E-02 2.522498E-05
  1804    578    785 8.702111E-06 1.778133E-02 9.659764E-05
  1805   2761   4401 3.739516E-06 3.975588E-02 1.700851E-05
  1806   3086   3494 4.632424E-06 4.221068E-02 3.666353E-05
  1807   3170   4873 4.489228E-06 4.189968E-02 3.780432E-05
  1808   1056   2510 4.713595E-06 2.857637E-02 6.350167E-05
  1809   5880   5896 2.776397E-06 4.764664E-02 1.225657E-05
  1810   2012   3430 1.806131E-06 4.759479E-02 3.148851E-05
  1811   2033   5658 2.620272E-06 7.271652E-02 4.746278E-05
  1812   5760   6549 3.578214E-06 5.434358E-02 4.596732E-05
  1813     23    278 2.622654E-06 5.487448E-02 2.359370E-04
  1814   4609   6596 4.472006E-06 8.186342E-02 1.405310E-05
  1815   1463   6588 3.053548E-06 4.913088E-02 3.989707E-05
  1816   2984   4328 3.956414E-06 6.390342E-02 5.279513E-05
  1817    800   5610 2.366624E-06 1.694615E-02 4.422920E-05
  1818   1676   3468 2.255069E-06 8.000696E-02 3.633549E-05
  1819   2687   5454 3.154771E-06 5.696813E-02 2.072087E-05
  1820   2480   5440 3.306191E-06 5.287065E-02 2.698625E-05
  1821   2709   3474 2.426017E-06 5.699897E-02 2.406395E-05
  1822    177   2556 3.744960E-06 5.663793E-02 8.952087E-05
  1823   2488   4591 3.478287E-06 5.481879E-02 2.736689E-05
  1824   4199   4522 4.496242E-06 7.862785E-02 2.198143E-05
  1825   5596   5760 1.795352E-06 6.523800E-02 4.982357E-05
  1826   2108   2264 2.809534E-06 4.577186E-02 5.518831E-05
  1827   1081   2312 2.366559E-06 4.600711E-02 6.157727E-05
  1828   1676   4595 9.514657E-07 3.608439E-02 3.420125E-05
  1829   4629   6590 4.067463E-06 4.358726E-02 6.274874E-05
  1830    189   5259 3.945366E-06 8.259255E-02 1.032595E-04
  1831   1641   1750 1.408103E-06 2.795085E-02 6.503550E-05
  1832   1750   2372 4.167522E-06 8.918149E-02 6.025247E-05
  1833   1413   2372 3.008624E-06 6.782658E-02 7.997678E-05
  1834    623   3766 4.292523E-06 4.004198E-02 4.996901E-05
  1835   3456   5245 2.811985E-06 6.906407E-02 5.499477E-05
  1836     86    330 1.347488E-05 2.810995E-02 9.475368E-05
  1837    560   2485 4.495863E-06 3.830327E-02 9.392441E-05
  1838   1692   4601 3.926006E-06 8.473766E-02 2.992844E-05
  1839     93    226 1.379865E-05 4.898335E-02 1.124091E-04
  1840     12   3119 4.543969E-06 5.390418E-02 2.273599E-04
  1841    110   3383 3.412961E-06 4.918087E-02 8.920688E-05
  1842    241    530 6.418575E-06 2.607768E-02 9.019324E-05
  1843    636   4591 3.141065E-06 6.521115E-02 3.656084E-05
  1844   5717   6069 3.326289E-06 4.539777E-02 4.396153E-05
  1845   3412   6011 3.832014E-06 6.290823E-02 1.976577E-05
  1846   1497   3430 3.558495E-06 6.776667E-02 4.881660E-05
  1847   4222   5811 3.147924E-06 5.860232E-02 3.995074E-05
  1848   2264   4222 3.300735E-06 7.102754E-02 4.712042E-05
  1849   4502   5596 2.620281E-06 6.222245E-02 4.981302E-05
  1850   4502   5760 2.695084E-06 4.800020E-02 4.306362E-05
  1851   5652   5760 3.465845E-06 7.417992E-02 4.738036E-05
  1852   4290   6547 3.988159E-06 6.546075E-02 3.004335E-05
  1853    849   4674 3.449226E-06 8.516118E-02 5.776263E-05
  1854   1463   3171 4.032889E-06 4.097576E-02 3.864065E-05
  1855   2697   5284 3.560959E-06 6.705511E-02 5.257634E-05
  1856   3487   6503 3.119971E-06 2.277482E-02 3.258810E-05
  1857    630   2400 4.189911E-06 3.348450E-02 4.752914E-05
  1858   4439   6503 4.065916E-06 5.922176E-02 5.267287E-05
  1859   4386   5297 2.991743E-06 7.906105E-02 2.532939E-05
  1860   1770   6766 3.103836E-06 4.906743E-02 3.944387E-05
  1861    225    226 1.389708E-05 3.449419E-02 4.875956E-05
  1862    391   4377 1.797689E-06 1.788380E-02 5.044431E-05
  1863   1849   3494 2.990466E-06 4.571504E-02 3.737981E-05
  1864    110    946 7.599367E-06 2.530333E-02 1.068752E-04
  1865   5880   5955 2.999264E-06 7.729693E-02 2.100019E-05
  1866   2012   6011 2.434672E-06 5.328847E-02 2.738314E-05
  1867    737   1341 4.546703E-06 1.660070E-02 5.145417E-05
  1868   6532   6547 1.793561E-06 1.911480E-02 2.344037E-05
  1869    278   6532 2.994146E-06 7.368467E-02 6.755683E-05
  1870   1507   4017 3.142339E-06 6.769623E-02 4.604486E-05
  1871   1676   2697 3.231806E-06 4.776077E-02 3.090731E-05
  1872    189    800 4.166172E-06 2.537429E-02 1.621850E-04
  1873   2081   6419 2.432136E-06 7.149394E-02 6.189953E-05
  1874   2400   2697 3.934891E-06 2.907712E-02 6.601168E-05
  1875   1186   2388 6.032487E-06 3.889995E-02 3.165690E-05
  1876   1641   4386 3.155492E-06 7.219262E-02 3.853228E-05
  1877    446   2743 5.761109E-06 3.033527E-02 9.039587E-05
  1878   2474   2485 1.734202E-06 2.648201E-02 4.447906E-05
  1879   3989   5069 2.856813E-06 5.151581E-02 1.398418E-05
  1880    946   1094 3.408518E-06 5.685134E-02 8.407290E-05
  1881   4756   5988 9.566291E-07 2.795085E-02 3.737611E-05
  1882   1094   6052 3.042179E-06 6.115068E-02 3.373763E-05
  1883    241   1980 6.727383E-06 7.525156E-02 8.064020E-05
  1884    653   3885 4.085930E-06 4.841895E-02 4.341376E-05
  1885    110   4891 3.892224E-06 5.371459E-02 5.848605E-05
  1886   3961   5954 4.058367E-06 5.705697E-02 2.534965E-05
  1887   3170   5546 2.176641E-06 5.080320E-02 3.386937E-05
  1888    636   4558 2.841857E-06 5.067498E-02 3.299174E-05
  1889    568   3470 3.432891E-06 3.329659E-02 8.012116E-05
  1890   2250   6012 3.945729E-06 7.337187E-02 3.277042E-05
  1891   2012   3412 4.027565E-06 5.510299E-02 1.804087E-05
  1892   4392   5697 2.523258E-06 2.403927E-02 3.346198E-05
  1893    278   4290 3.588779E-06 7.873345E-02 6.933137E-05
  1894     21   3848 9.653933E-07 2.388080E-02 1.615598E-04
  1895     21   3807 2.240810E-06 6.457439E-02 1.503788E-04
  1896    189   1676 3.332336E-06 5.896085E-02 1.013777E-04
  1897    189   3807 3.298910E-06 6.153452E-02 1.158398E-04
  1898   1676   2831 3.628922E-06 3.898274E-02 4.038163E-05
  1899   1676   4609 3.301775E-06 2.371084E-02 3.299580E-05
  1900    635   4658 3.567967E-06 3.893582E-02 3.077469E-05
  1901   3621   4658 2.624038E-06 4.506163E-02 2.388396E-05
  1902    189   6422 3.645455E-06 3.831157E-02 9.488484E-05
  1903   2081   2683 4.056898E-06 4.055926E-02 4.629387E-05
  1904   3487   4439 2.805359E-06 4.651450E-02 3.485385E-05
  1905   1641   2372 4.860243E-06 1.457980E-02 3.682726E-05
  1906    982   2474 3.296493E-06 4.874052E-02 7.859961E-05
  1907     26    292 5.782939E-06 2.012598E-02 2.319550E-04
  1908    803   2709 4.757221E-06 3.317414E-02 4.328801E-05
  1909   1485   3084 4.391715E-06 2.194495E-02 5.056356E-05
  1910   1773   2790 3.938804E-06 2.683275E-02 4.365121E-05
  1911    110   1094 3.172104E-06 4.767168E-02 1.189375E-04
  1912    530   1980 6.219522E-06 4.509910E-02 5.917400E-05
  1913    110   5890 3.000244E-06 5.706851E-02 7.448508E-05
  1914   2740   5546 2.245457E-06 3.849717E-02 3.593582E-05
  1915   4533   5896 1.855738E-06 5.218389E-02 2.920341E-05
  1916    302   1604 6.468896E-06 3.918962E-02 5.513567E-05
  1917    179   3430 3.045916E-06 5.745881E-02 5.447139E-05
  1918   3541   4498 3.510166E-06 4.862400E-02 3.788897E-05
  1919   1078   3396 4.015903E-06 2.830054E-02 4.111406E-05
  1920   4502   5652 3.615503E-06 7.900000E-02 4.345418E-05
  1921   5652   6549 3.870208E-06 2.316893E-02 1.459140E-05
  1922   1282   2276 4.254370E-06 3.915492E-02 3.834392E-05
  1923    278   6547 3.942114E-06 3.633802E-02 7.210910E-05
  1924   2467   3394 4.767351E-06 4.546299E-02 2.724967E-05
  1925   1282   4103 4.497164E-06 3.475167E-02 2.864437E-05
  1926    189   1398 4.069614E-06 3.024272E-02 1.134378E-04
  1927    278    800 1.036833E-05 3.938916E-02 1.143400E-04
  1928   2724   3171 2.991472E-06 8.330578E-02 4.928508E-05
  1929   2697   5694 2.846270E-06 6.066677E-02 3.889454E-05
  1930    189   2697 4.285176E-06 5.241318E-02 9.491406E-05
  1931    630   2372 4.508508E-06 3.060498E-02 7.207345E-05
  1932    532    578 4.855271E-06 1.745208E-02 5.446085E-05
  1933    519    826 4.935271E-06 2.161232E-02 5.264529E-05
  1934   1757   3383 3.814335E-06 2.066660E-02 4.611826E-05
  1935   1987   5886 3.458750E-06 2.825231E-02 6.115194E-05
  1936    653   2167 4.223598E-06 8.626877E-02 6.541384E-05
  1937    110   5954 2.820184E-06 2.901879E-02 8.749494E-05
  1938   4880   5957 2.620262E-06 4.232844E-02 2.082837E-05
  1939    110   2162 4.486021E-06 2.207388E-02 1.390798E-04
  1940   4558   4591 3.314236E-06 3.661363E-02 1.606192E-05
  1941    737   4392 3.779541E-06 8.669606E-02 6.091921E-05
  1942   2033   4190 1.857900E-06 5.885147E-02 3.587763E-05
  1943   1341   2304 5.620313E-06 2.308389E-02 3.987430E-05
  1944   2237   2304 4.448255E-06 5.962137E-02 2.521332E-05
  1945   3883   6588 4.852489E-06 5.717952E-02 2.798455E-05
  1946   4595   4609 3.605302E-06 5.348871E-02 1.416300E-05
  1947   2265   4328 4.597731E-06 5.812902E-02 3.621749E-05
  1948   1791   2035 5.919134E-06 2.482592E-02 4.603310E-05
  1949   1770   6750 4.081252E-06 2.476715E-02 2.728275E-05
  1950     86    149 4.618401E-06 5.149406E-02 1.740159E-04
  1951    987   6821 2.949678E-06 6.950550E-02 8.268631E-05
  1952   3060   3452 4.235068E-06 3.493819E-02 3.279631E-05
  1953    560   2474 3.227186E-06 3.071124E-02 1.073019E-04
  1954    578    735 8.405040E-06 4.292878E-02 4.666033E-05
  1955    653   2117 5.021569E-06 7.138338E-02 5.173734E-05
  1956    140   2167 3.148922E-06 4.594381E-02 1.055533E-04
  1957   1797   2167 4.392055E-06 6.218617E-02 7.282420E-05
  1958   3430   6012 1.412538E-06 1.750789E-02 2.969955E-05
  1959    924   3541 3.476517E-06 5.480106E-02 4.940585E-05
  1960    179   3412 3.956001E-06 4.573829E-02 7.096433E-05
  1961    302   3396 3.742631E-06 4.583916E-02 7.877419E-05
  1962   3541   3663 4.404999E-06 8.115549E-02 4.567917E-05
  1963    849   1081 3.709055E-06 2.697374E-02 6.168262E-05
  1964   2831   3053 1.844356E-06 5.001755E-02 4.867223E-05
  1965   2247   6588 3.281623E-06 4.789807E-02 2.482831E-05
  1966   1463   2247 9.616976E-07 1.562500E-02 4.970680E-05
  1967   3622   4658 4.616673E-06 5.847333E-02 2.198730E-05
  1968   2504   3193 1.976606E-06 2.178722E-02 5.038554E-05
  1969    446    560 1.858894E-06 5.252777E-02 1.438512E-04
  1970   1002   2743 5.080277E-06 2.296725E-02 7.914438E-05
  1971    446   1002 4.552708E-06 1.108595E-02 9.412050E-05
  1972     26   5527 3.548874E-06 3.957884E-02 1.637229E-04
  1973    292   5527 4.262243E-06 5.181905E-02 8.437387E-05
  1974   3084   3385 2.766554E-06 2.257199E-02 4.275786E-05
  1975    908   5388 3.734394E-06 3.895262E-02 6.215996E-05
  1976   1485   3906 4.625250E-06 3.909740E-02 2.079115E-05
  1977   2790   3409 3.416963E-06 5.392392E-02 1.956614E-05
  1978   4795   4824 3.780631E-06 2.182464E-02 3.474846E-05
  1979   1845   2556 4.912830E-06 5.768840E-02 5.885342E-05
  1980    184   1980 7.705256E-06 2.948230E-02 8.604346E-05
  1981    653   1797 5.597638E-06 3.571990E-02 7.598549E-05
  1982   1056   4843 2.620273E-06 6.651816E-02 4.674651E-05
  1983   4100   4533 4.467127E-06 8.474495E-02 2.595736E-05
  1984   1365   1396 4.004048E-06 2.404809E-02 4.944138E-05
  1985    179   6012 2.176486E-06 2.585755E-02 6.012535E-05
  1986   2953   5717 1.732966E-06 2.231960E-02 3.072204E-05
  1987   2503   5811 3.137220E-06 5.386051E-02 4.420792E-05
  1988    849   1341 3.186936E-06 4.861044E-02 5.503791E-05
  1989     21    278 1.107802E-05 2.476813E-02 1.710326E-04
  1990   1676   3053 4.432600E-06 6.230784E-02 4.149515E-05
  1991   1220   4595 3.463993E-06 4.210568E-02 4.793714E-05
  1992   2081   3171 4.279651E-06 6.383800E-02 5.670243E-05
  1993   1186   1791 5.850035E-06 6.317765E-02 5.871983E-05
  1994    630   4333 2.993129E-06 5.967335E-02 5.067504E-05
  1995   2957   5663 4.530800E-06 8.624738E-02 2.487995E-05
  1996   5297   6499 9.420717E-07 6.250000E-02 2.943277E-05
  1997    987   3059 4.392233E-06 3.092546E-02 9.469898E-05
  1998    987   3335 9.534046E-07 3.125000E-02 8.994868E-05
  1999   3060   4243 5.282758E-06 5.022241E-02 2.919547E-05
  2000    534    982 5.631920E-06 2.030912E-02 8.505046E-05
  2001    410    532 2.239344E-06 2.570935E-02 8.190795E-05
  2002    110   3813 4.058566E-06 6.163084E-02 1.087842E-04
  2003    636   1056 5.489261E-06 7.870014E-02 6.251176E-05
  2004   1582   3036 5.568036E-06 4.676340E-02 4.278581E-05
  2005   1497   5837 3.741932E-06 7.120504E-02 2.899245E-05
  2006   3418   5848 3.916478E-06 7.827215E-02 1.499988E-05
  2007     21   5811 4.239337E-06 3.414391E-02 1.657626E-04
  2008    189   3053 4.693861E-06 2.211777E-02 9.299767E-05
  2009   1487   3335 2.238185E-06 6.479946E-02 6.613266E-05
  2010    446   1577 6.125074E-06 2.580280E-02 6.301149E-05
  2011   1915   2485 2.621710E-06 4.633022E-02 5.079336E-05
  2012    908   2474 5.536152E-06 4.189495E-02 4.679072E-05
  2013    803   2979 3.342402E-06 4.990513E-02 5.129161E-05
  2014    803   2988 3.256411E-06 6.425789E-02 7.604526E-05
  2015     12   4377 3.262499E-06 3.896042E-02 1.937569E-04
  2016    142   2304 4.412339E-06 3.616519E-02 1.097149E-04
  2017   1857   5596 4.052821E-06 4.893709E-02 3.054060E-05
  2018    837   1582 6.651297E-06 4.444787E-02 5.360125E-05
  2019    278   4524 4.225534E-06 3.052451E-02 7.453133E-05
  2020    278   3418 1.354184E-06 8.459072E-02 5.983015E-05
  2021   1398   3053 3.298161E-06 6.101394E-02 4.361005E-05
  2022   1507   2035 5.316444E-06 5.977714E-02 4.825699E-05
  2023   4626   5649 3.300193E-06 3.866957E-02 1.690399E-05
  2024   2081   2504 2.241689E-06 7.760185E-02 8.228105E-05
  2025   2081   6508 4.011851E-06 4.714434E-02 3.807573E-05
  2026    177   1845 4.156689E-06 7.231175E-02 1.135115E-04
  2027     12     93 8.733329E-06 3.764026E-02 2.680614E-04
  2028   3086   4769 4.262693E-06 7.011479E-02 2.841185E-05
  2029   1396   2472 3.291307E-06 8.199296E-02 5.716241E-05
  2030    110   4291 3.799462E-06 6.274877E-02 1.259327E-04
  2031    737   1396 4.052563E-06 2.999312E-02 7.514844E-05
  2032     12   1582 5.743818E-06 4.840887E-02 1.580803E-04
  2033     21   2503 3.440671E-06 4.377556E-02 1.732133E-04
  2034   4702   6549 3.866652E-06 5.282964E-02 3.357604E-05
  2035     51    590 3.785512E-06 4.898409E-02 1.122691E-04
  2036    446   2138 3.391854E-06 2.056783E-02 6.986086E-05
  2037   1487   2743 4.928799E-06 1.915738E-02 6.535238E-05
  2038   3452   6777 3.981372E-06 6.652882E-02 4.322061E-05
  2039    446    908 3.750776E-06 5.752106E-02 6.874630E-05
  2040    532    534 4.439811E-06 3.055713E-02 1.043779E-04
  2041    177   2576 2.478494E-06 7.760179E-02 6.610186E-05
  2042     12    226 6.011133E-06 1.979406E-02 2.193104E-04
  2043   1849   4751 2.620251E-06 4.656111E-02 4.284220E-05
  2044   1094   2373 3.172418E-06 3.373110E-02 3.912080E-05
  2045   4334   4533 1.797849E-06 4.567283E-02 4.077579E-05
  2046   2033   3470 4.179445E-06 4.185778E-02 2.948232E-05
  2047    737   5697 4.040307E-06 4.873178E-02 4.137124E-05
  2048   4498   5758 3.288659E-06 4.416150E-02 2.603424E-05
  2049   1857   2953 5.675065E-06 4.872229E-02 4.873019E-05
  2050    142    179 1.313721E-05 1.958285E-02 6.585267E-05
  2051   1341   5848 2.688734E-06 3.777517E-02 4.088205E-05
  2052   2605   3356 3.998625E-06 8.966681E-02 9.130323E-05
  2053    189    864 7.441535E-06 3.315200E-02 7.579546E-05
  2054    800   3622 1.803257E-06 5.460487E-02 7.156028E-05
  2055   4040   6821 2.239895E-06 5.846509E-02 1.812812E-05
  2056   1636   2743 3.613340E-06 2.462271E-02 5.896551E-05
  2057    560   6782 1.409615E-06 1.733438E-02 7.353531E-05
  2058    560   2457 6.169828E-06 5.228116E-02 5.452883E-05
  2059   1002   2200 4.299860E-06 1.969594E-02 1.065146E-04
  2060    560   1915 1.594134E-06 5.957782E-02 1.087594E-04
  2061    323    884 2.233436E-06 5.781202E-02 6.666389E-05
  2062    410   3992 4.038707E-06 3.110577E-02 4.848057E-05
  2063    532    785 5.450591E-06 4.023483E-02 5.635572E-05
  2064     20    226 9.884498E-06 3.651679E-02 1.657475E-04
  2065   2117   3932 3.297933E-06 4.291460E-02 2.206480E-05
  2066    653   3932 2.953877E-06 4.294544E-02 7.454177E-05
  2067   4018   4334 4.051296E-06 5.665299E-02 4.790503E-05
  2068   2162   4558 2.942583E-06 2.951011E-02 5.929418E-05
  2069   2953   6069 2.991660E-06 4.628667E-02 1.739022E-05
  2070   2033   4291 2.829133E-06 2.255971E-02 4.146346E-05
  2071   2732   4498 9.652011E-07 1.759456E-02 2.971094E-05
  2072    179   2304 3.405198E-06 8.817355E-02 9.625678E-05
  2073   3418   4524 2.926711E-06 3.822145E-02 2.300311E-05
  2074     21    800 1.081497E-05 4.859531E-02 1.675284E-04
  2075   3480   4650 1.978786E-06 2.981057E-02 5.159758E-05
  2076   1186   2030 4.056145E-06 2.453555E-02 5.041415E-05
  2077    149    330 1.046289E-05 5.001806E-02 9.798865E-05
  2078   2200   2743 3.542837E-06 7.900000E-02 7.210317E-05
  2079    323   2185 4.161883E-06 5.452509E-02 1.036917E-04
  2080   2471   2789 4.116081E-06 3.625017E-02 3.056268E-05
  2081   1757   4746 9.551321E-07 3.608439E-02 2.298889E-05
  2082   1797   4846 2.849174E-06 2.994520E-02 3.352854E-05
  2083    110   4870 3.265514E-06 5.981762E-02 7.866105E-05
  2084   2162   3813 4.855179E-06 5.287202E-02 5.910038E-05
  2085   5596   5652 3.147721E-06 8.560310E-02 3.718527E-05
  2086    864   1398 4.576785E-06 4.644370E-02 5.419984E-05
  2087   2504   3487 2.239025E-06 7.361985E-02 5.396931E-05
  2088   3766   6492 4.068102E-06 4.244686E-02 5.203580E-05
  2089   2457   4243 3.627761E-06 4.018385E-02 2.796073E-05
  2090   1487   2200 3.416331E-06 2.307498E-02 8.251617E-05
  2091   3109   5454 4.262620E-06 6.876055E-02 5.754559E-05
  2092   2200   3525 4.126669E-06 6.950744E-02 2.926710E-05
  2093    534    560 6.255053E-06 2.930979E-02 9.067431E-05
  2094   2474   3174 4.900895E-06 4.914772E-02 4.901031E-05
  2095   1056   5927 2.796946E-06 2.815879E-02 5.091720E-05
  2096    636   3813 4.859432E-06 3.147178E-02 5.075611E-05
  2097   4880   5952 4.231950E-06 4.903144E-02 1.773994E-05
  2098    110   3371 4.845560E-06 1.827904E-02 7.998230E-05
  2099    110   5855 3.152803E-06 5.366292E-02 7.626595E-05
  2100    669   5837 2.239351E-06 5.205700E-02 6.871975E-05
  2101   2412   5596 3.534724E-06 4.997731E-02 4.041505E-05
  2102     21   2264 2.817288E-06 5.415538E-02 1.562713E-04
  2103   1220   3883 9.656870E-07 1.913890E-02 3.765665E-05
  2104     21    189 1.143976E-05 1.171579E-02 1.146157E-04
  2105     51    800 8.759186E-06 3.093513E-02 1.281072E-04
  2106   1577   2138 5.863230E-06 2.946958E-02 3.638425E-05
  2107   3060   6777 4.084004E-06 8.213056E-02 4.518793E-05
  2108   2709   6636 3.759711E-06 7.524601E-02 4.722049E-05
  2109    410    735 6.225135E-06 8.092937E-02 6.479008E-05
  2110     12   1980 8.061224E-06 3.999396E-02 2.228517E-04
  2111    110   2373 3.865885E-06 3.311640E-02 8.604687E-05
  2112    140   3885 9.535452E-07 4.419417E-02 1.138783E-04
  2113    110    140 1.054923E-05 1.332900E-02 7.483694E-05
  2114    140   1056 2.960303E-06 7.566032E-02 1.165855E-04
  2115    924   4568 3.086437E-06 2.892999E-02 4.030473E-05
  2116   3470   4568 4.363628E-06 5.526535E-02 3.525533E-05
  2117    179    669 5.961689E-06 2.884980E-02 6.279275E-05
  2118   2412   5652 3.420703E-06 3.876602E-02 1.933666E-05
  2119   3055   4665 1.412225E-06 1.757772E-02 3.969204E-05
  2120   2247   4611 4.141362E-06 6.440368E-02 2.050257E-05
  2121   2504   2957 2.244323E-06 5.341053E-02 4.530452E-05
  2122   2372   6515 3.818399E-06 4.848912E-02 4.251553E-05
  2123   5183   5245 1.983214E-06 1.419690E-02 5.444195E-05
  2124    560   2185 2.807830E-06 5.648485E-02 4.920299E-05
  2125   1964   2200 4.969168E-06 1.530253E-02 6.056899E-05
  2126    908   1002 6.253217E-06 3.490572E-02 9.582962E-05
  2127    532    884 4.657054E-06 3.729098E-02 5.974392E-05
  2128   1144   1485 3.688253E-06 5.874811E-02 4.052647E-05
  2129   1797   2117 3.291096E-06 3.369789E-02 4.801913E-05
  2130    924   3422 3.946190E-06 7.105238E-02 5.282474E-05
  2131    669   2276 9.524328E-07 6.250000E-02 6.431966E-05
  2132    849   1619 4.874182E-06 2.658646E-02 3.039025E-05
  2133    849   6545 3.301700E-06 7.053498E-02 5.801161E-05
  2134     51    189 8.480213E-06 3.022998E-02 1.536328E-04
  2135     51   1484 4.302223E-06 1.668339E-02 7.776305E-05
  2136    630   2835 2.362096E-06 1.988969E-02 3.955203E-05
  2137    560   2722 9.556480E-07 2.083333E-02 8.431835E-05
  2138   1022   2185 3.295581E-06 4.968436E-02 7.048067E-05
  2139    908   6709 4.048616E-06 5.200790E-02 2.465460E-05
  2140    661   1022 8.261726E-06 2.768315E-02 4.740944E-05
  2141   1485   6681 2.692723E-06 4.654675E-02 4.176496E-05
  2142    735    913 5.485138E-06 5.943739E-02 5.403867E-05
  2143    140   4107 4.073883E-06 5.695675E-02 8.152653E-05
  2144   1797   4107 9.587613E-07 6.250000E-02 5.183342E-05
  2145   4107   4843 9.648070E-07 2.816294E-02 3.225496E-05
  2146    924   4018 3.452262E-06 3.261790E-02 5.596990E-05
  2147    849   1420 2.371779E-06 4.267105E-02 4.596697E-05
  2148    414   1398 3.870268E-06 3.395826E-02 8.323594E-05
  2149     21    864 5.505900E-06 4.042531E-02 1.223743E-04
  2150   4171   5622 3.755920E-06 5.891311E-02 1.777372E-05
  2151   1411   3482 9.578208E-07 2.807822E-02 5.708517E-05
  2152   1564   6499 1.729553E-06 2.201376E-02 3.419146E-05
  2153    908   5447 3.552454E-06 4.790890E-02 4.458923E-05
  2154    908   3174 4.395750E-06 6.110374E-02 5.898903E-05
  2155   3241   4150 1.412740E-06 8.366729E-02 2.550526E-05
  2156    534   4150 2.427781E-06 7.900000E-02 6.649690E-05
  2157    410   6200 3.627745E-06 4.773140E-02 5.336598E-05
  2158    140   1708 4.310850E-06 1.931442E-02 8.028510E-05
  2159    360   1056 3.152095E-06 5.149612E-02 1.275775E-04
  2160    110   5949 3.775823E-06 5.346523E-02 6.854755E-05
  2161   3866   4018 2.847567E-06 6.781907E-02 4.738534E-05
  2162    924   3866 5.947308E-06 5.320756E-02 6.058946E-05
  2163    924   3306 3.683730E-06 5.847179E-02 5.185165E-05
  2164   2162   4291 2.238964E-06 5.487446E-02 5.086918E-05
  2165   3047   4560 3.010601E-06 4.857109E-02 1.875192E-05
  2166    142   1341 4.299814E-06 4.317373E-02 1.092250E-04
  2167   2264   2732 1.380903E-06 4.929129E-02 4.935674E-05
  2168     21   4487 3.397781E-06 5.495333E-02 1.518407E-04
  2169   4605   4726 3.044518E-06 5.331327E-02 5.480035E-05
  2170     51    278 9.967144E-06 2.088548E-02 9.426600E-05
  2171   3171   5646 4.231376E-06 7.248963E-02 3.355443E-05
  2172   6580   6585 3.654922E-06 2.753081E-02 2.197276E-05
  2173   2450   5649 3.328057E-06 6.959701E-02 2.546929E-05
  2174    189    630 8.319920E-06 4.077282E-02 8.093412E-05
  2175   5622   5661 3.762067E-06 6.342081E-02 2.568105E-05
  2176    204   1770 3.070282E-06 5.638326E-02 8.621799E-05
  2177   1636   2138 5.783896E-06 2.436202E-02 3.998014E-05
  2178    803   6636 3.582440E-06 7.579423E-02 4.624200E-05
  2179    735   4953 3.259808E-06 5.947377E-02 3.155699E-05
  2180    842   2472 5.730943E-06 6.150406E-02 4.437350E-05
  2181   5855   5949 3.417001E-06 4.761699E-02 1.845742E-05
  2182    110   4878 4.663192E-06 4.984255E-02 7.520731E-05
  2183    636   2162 3.142638E-06 4.521767E-02 7.549329E-05
  2184    737   6044 4.275331E-06 3.979270E-02 4.113358E-05
  2185    142   1396 6.075857E-06 4.030492E-02 5.763553E-05
  2186   2412   4702 2.244178E-06 6.222068E-02 4.574673E-05
  2187    414   3055 3.296875E-06 8.678929E-02 7.976262E-05
  2188   3356   6600 4.126051E-06 4.988556E-02 2.407437E-05
  2189    414   3053 3.874928E-06 4.221871E-02 7.937506E-05
  2190   1220   3053 4.522374E-06 3.859959E-02 4.226701E-05
  2191   2835   3450 3.292822E-06 8.899539E-02 6.179826E-05
  2192    189   4333 3.702326E-06 3.937692E-02 7.156039E-05
  2193   4171   5661 3.642737E-06 4.540082E-02 2.027577E-05
  2194    204   1332 5.853880E-06 4.960391E-02 1.139041E-04
  2195    204   1564 4.029194E-06 4.600170E-02 8.462170E-05
  2196   3004   5245 2.969528E-06 3.811802E-02 2.672777E-05
  2197   1487   1636 5.697594E-06 2.776396E-02 4.935810E-05
  2198    446   2478 1.353486E-06 5.131201E-02 7.329383E-05
  2199   1915   2478 3.904764E-06 2.742869E-02 4.950693E-05
  2200    534   2457 3.941588E-06 2.711963E-02 7.600987E-05
  2201   1002   1964 2.962110E-06 3.552193E-02 8.974726E-05
  2202    534    884 8.053312E-06 5.503908E-02 5.173507E-05
  2203    410    913 5.956285E-06 6.259345E-02 7.908273E-05
  2204   3893   3921 4.538971E-06 5.349679E-02 1.931005E-05
  2205    140    360 9.942471E-06 1.663460E-02 8.116016E-05
  2206   3371   5949 4.610264E-06 3.514720E-02 2.952124E-05
  2207    179    842 2.805743E-06 7.275946E-02 9.825472E-05
  2208   3813   5919 1.787818E-06 2.083333E-02 2.614373E-05
  2209   2472   5923 2.852281E-06 3.787542E-02 2.253287E-05
  2210    360    636 4.903691E-06 2.420825E-02 9.520122E-05
  2211   1396   4023 3.884044E-06 2.499698E-02 2.165676E-05
  2212   2033   5720 3.821695E-06 2.321442E-02 4.713017E-05
  2213    142   1619 5.920849E-06 2.942310E-02 1.009598E-04
  2214   4470   5620 3.604475E-06 5.690325E-02 2.697527E-05
  2215   1619   6545 3.320414E-06 4.912573E-02 6.073429E-05
  2216   3053   3195 2.427951E-06 2.136593E-02 3.800087E-05
  2217   1081   1272 3.886343E-06 6.210802E-02 6.570972E-05
  2218    506   1507 3.127210E-06 3.409029E-02 4.956188E-05
  2219   2032   4369 4.341130E-06 2.726039E-02 5.456062E-05
  2220    189   3450 4.365257E-06 3.792285E-02 8.758497E-05
  2221    189   2835 2.178562E-06 2.864718E-02 7.517207E-05
  2222   1186   1290 5.045202E-06 4.381660E-02 6.900418E-05
  2223   1002   1636 4.167734E-06 2.249031E-02 8.244787E-05
  2224    534   2185 1.359473E-06 1.617636E-02 9.263595E-05
  2225    534   1022 1.984114E-06 6.776185E-02 1.229201E-04
  2226    803   1964 2.232790E-06 7.900000E-02 5.943293E-05
  2227    966   6696 3.808195E-06 2.146782E-02 3.497993E-05
  2228    534   3241 3.984413E-06 3.337754E-02 6.633534E-05
  2229   2988   3946 4.682380E-06 5.360900E-02 5.086007E-05
  2230   2082   6681 4.011838E-06 5.665960E-02 4.345015E-05
  2231    661    785 7.258755E-06 5.105894E-02 9.881139E-05
  2232    735   6248 4.382298E-06 5.035357E-02 2.862933E-05
  2233     20   4751 4.693134E-06 3.321984E-02 1.300770E-04
  2234   3930   4885 1.351543E-06 1.567664E-02 4.125467E-05
  2235   4153   4291 3.582652E-06 5.401803E-02 2.254796E-05
  2236    142    737 4.250637E-06 1.606929E-02 8.869597E-05
  2237   1332   5622 9.510131E-07 2.551552E-02 5.993710E-05
  2238   1798   6797 3.174299E-06 2.197360E-02 5.118383E-05
  2239    974   1487 5.010366E-06 1.900464E-02 5.858742E-05
  2240   2457   5687 3.086303E-06 2.777540E-02 2.774205E-05
  2241   1915   5447 4.442603E-06 4.712046E-02 3.673898E-05
  2242    785    884 7.224715E-06 4.087963E-02 7.140325E-05
  2243    410   2900 9.596791E-07 1.477124E-02 7.609518E-05
  2244   1708   1797 3.515408E-06 4.793868E-02 4.674869E-05
  2245   3986   4538 2.992760E-06 8.271416E-02 2.639069E-05
  2246    636   6044 4.224704E-06 4.761890E-02 5.061560E-05
  2247    414   5790 4.012947E-06 3.666746E-02 6.492386E-05
  2248    278   1516 4.211068E-06 7.287735E-02 4.220731E-05
  2249   4658   6449 3.299869E-06 1.577774E-02 5.879962E-05
  2250   1160   2504 3.299505E-06 5.875041E-02 5.271014E-05
  2251    630   6515 2.950557E-06 4.963804E-02 4.370835E-05
  2252   1577   2478 4.074932E-06 4.355681E-02 5.021762E-05
  2253    974   2200 5.302038E-06 1.896191E-02 7.502836E-05
  2254   1002   2138 3.483210E-06 2.439101E-02 7.504771E-05
  2255    323    534 9.539109E-07 6.250000E-02 7.626604E-05
  2256    532   3992 3.113043E-06 5.246389E-02 4.891777E-05
  2257   4953   6248 3.264362E-06 5.290414E-02 1.628651E-05
  2258   2601   4885 3.539875E-06 6.990556E-02 2.254348E-05
  2259   4878   5919 2.808198E-06 7.303220E-02 3.543733E-05
  2260   2162   6044 3.383258E-06 6.252546E-02 4.269381E-05
  2261     21   5790 4.001379E-06 7.040490E-02 1.339771E-04
  2262   3838   4611 4.128490E-06 6.857480E-02 1.724403E-05
  2263   1955   6585 2.430514E-06 5.969289E-02 5.458568E-05
  2264   1160   6580 1.406287E-06 5.222270E-02 5.256461E-05
  2265    630   6500 2.238575E-06 5.497845E-02 3.716359E-05
  2266   3946   5396 2.808210E-06 4.752346E-02 4.528008E-05
  2267   3992   5078 3.187568E-06 6.742506E-02 2.263729E-05
  2268      1   3051 9.198112E-06 2.744687E-02 2.371777E-04
  2269   1120   4402 4.269774E-06 5.674822E-02 6.568725E-05
  2270   2557   4673 3.879208E-06 6.082571E-02 2.040358E-05
  2271    842   3932 2.181080E-06 3.776650E-02 5.196903E-05
  2272    842   4843 3.495674E-06 5.393535E-02 4.639103E-05
  2273   3665   4568 3.281369E-06 5.585520E-02 4.553965E-05
  2274    744    837 5.769098E-06 2.836962E-02 6.490668E-05
  2275   3277   3356 3.154820E-06 4.098282E-02 4.368838E-05
  2276   3709   4247 3.443254E-06 2.231623E-02 5.096514E-05
  2277   1332   5661 2.673335E-06 5.345198E-02 3.053712E-05
  2278     51    204 5.008423E-06 1.592421E-02 1.672369E-04
  2279   2372   2854 3.888941E-06 4.398297E-02 3.303022E-05
  2280   3004   5183 2.620264E-06 6.941044E-02 3.495165E-05
  2281   3059   5407 3.650737E-06 8.351943E-02 2.430360E-05
  2282   2457   2722 2.623879E-06 6.555277E-02 3.331408E-05
  2283   1335   3946 2.805461E-06 6.396701E-02 5.199716E-05
  2284   3992   6200 3.492853E-06 3.473591E-02 2.296373E-05
  2285   2082   6174 3.681893E-06 3.455009E-02 4.091037E-05
  2286   1120   6373 3.336651E-06 3.182758E-02 3.814711E-05
  2287    842   4846 9.617381E-07 2.833071E-02 3.641675E-05
  2288   3371   4878 4.494594E-06 4.441334E-02 3.857934E-05
  2289   3055   6548 3.549732E-06 4.880111E-02 3.874268E-05
  2290    414    864 4.817333E-06 2.248986E-02 6.211756E-05
  2291    860   4611 4.246171E-06 5.889954E-02 4.867568E-05
  2292     21     51 2.118477E-05 4.805021E-02 9.643234E-05
  2293   1791   2030 6.127843E-06 2.889820E-02 6.975221E-05
  2294   1798   3059 2.852507E-06 5.161730E-02 5.848796E-05
  2295    149    292 3.204528E-06 6.488950E-02 1.141072E-04
  2296    965   1882 2.955534E-06 5.101342E-02 4.525257E-05
  2297   4870   5949 2.961593E-06 4.444953E-02 2.677363E-05
  2298   1256   3356 3.152266E-06 5.028510E-02 5.796118E-05
  2299    189    414 7.074710E-06 2.685037E-02 8.486065E-05
  2300   1955   2081 3.265838E-06 8.227370E-02 7.552452E-05
  2301    974   1636 4.905496E-06 5.262244E-02 1.113614E-04
  2302    974   1002 5.406642E-06 3.268354E-02 1.203010E-04
  2303   2722   3174 3.720862E-06 4.851670E-02 7.303790E-05
  2304   2082   5396 3.152787E-06 4.056757E-02 4.275119E-05
  2305    661    884 5.079422E-06 4.019250E-02 4.426087E-05
  2306   1120   1657 6.558293E-06 3.392364E-02 6.663043E-05
  2307    842   1797 5.360889E-06 6.516638E-02 4.867026E-05
  2308    140   5919 3.057741E-06 2.923310E-02 4.978215E-05
  2309    140   6044 3.111331E-06 8.988887E-02 9.541816E-05
  2310   2919   4538 3.751026E-06 8.612131E-02 3.167007E-05
  2311    737   4194 4.529697E-06 2.885370E-02 4.399203E-05
  2312   1284   5720 3.716101E-06 3.209702E-02 2.268676E-05
  2313   3759   6013 3.178316E-06 7.354680E-02 3.365321E-05
  2314   1420   1619 4.109096E-06 5.564554E-02 4.816964E-05
  2315   1220   5646 4.326266E-06 2.830529E-02 6.140055E-05
  2316   1256   6585 3.295581E-06 7.864258E-02 3.471340E-05
  2317    189   1220 3.832058E-06 2.516558E-02 1.084249E-04
  2318   2265   3298 3.508421E-06 8.139163E-02 5.520062E-05
  2319    601   3450 4.118565E-06 7.198292E-02 8.202247E-05
  2320   1915   3174 4.538273E-06 4.294246E-02 4.772029E-05
  2321   1002   1083 6.024450E-06 1.890473E-02 8.253220E-05
  2322    908    966 5.578137E-06 2.199068E-02 7.042935E-05
  2323   1572   4449 3.389108E-06 6.448624E-02 2.987427E-05
  2324     12    184 1.391085E-05 2.781636E-02 2.292438E-04
  2325    140   4878 3.993557E-06 6.558632E-02 6.059291E-05
  2326    842   5923 3.701980E-06 8.261115E-02 3.103871E-05
  2327     12   2107 2.242676E-06 3.729743E-02 1.601911E-04
  2328    140    636 9.666172E-07 4.490701E-02 1.303658E-04
  2329    737   4023 3.479450E-06 6.863171E-02 4.654521E-05
  2330   2729   5774 3.297472E-06 6.482197E-02 4.113920E-05
  2331   2823   4612 3.484024E-06 3.738316E-02 2.604336E-05
  2332   1256   1955 5.844115E-06 2.457936E-02 4.408414E-05
  2333    189    601 7.077290E-06 1.956183E-02 8.227003E-05
  2334   1290   2030 4.340716E-06 7.436557E-02 5.342640E-05
  2335    630   6484 3.137666E-06 5.629891E-02 3.566509E-05
  2336   2138   3078 3.990310E-06 4.436028E-02 5.146184E-05
  2337   1722   1876 4.456741E-06 4.965178E-02 4.911707E-05
  2338    534    661 8.730253E-06 1.857574E-02 7.242956E-05
  2339   1083   1964 4.226467E-06 2.436814E-02 6.989819E-05
  2340    913   5078 2.807696E-06 2.885364E-02 4.679462E-05
  2341   2067   2910 1.852559E-06 7.386380E-02 4.057896E-05
  2342   1158   2855 4.106562E-06 3.291102E-02 3.475634E-05
  2343    140    944 3.476524E-06 5.597148E-02 8.725689E-05
  2344   1708   2313 2.232363E-06 7.900000E-02 3.585159E-05
  2345    241   2107 4.244115E-06 7.675816E-02 6.251212E-05
  2346   3178   3986 3.412408E-06 6.602633E-02 2.455311E-05
  2347     21   3665 1.414201E-06 7.862728E-02 1.460245E-04
  2348    669   1420 3.419073E-06 2.677963E-02 4.220814E-05
  2349   3188   4700 3.176094E-06 3.432446E-02 3.990495E-05
  2350   3195   6548 2.953725E-06 4.853024E-02 2.239146E-05
  2351    860   3838 3.120801E-06 3.664760E-02 4.297807E-05
  2352   2145   2450 2.850373E-06 8.049253E-02 4.089997E-05
  2353   6513   6515 1.861387E-06 6.555054E-02 1.521058E-05
  2354     51   1564 4.995488E-06 2.178451E-02 1.075756E-04
  2355   2138   2478 5.677976E-06 3.639992E-02 6.647796E-05
  2356    974   1964 5.539546E-06 4.355013E-02 9.745154E-05
  2357   1335   2318 4.777982E-06 2.889992E-02 4.093567E-05
  2358    773   1158 6.278800E-06 3.977023E-02 5.842610E-05
  2359    360   6044 3.150510E-06 6.626343E-02 5.020785E-05
  2360   1619   4703 3.418453E-06 7.884209E-02 4.178215E-05
  2361   1081   1516 3.140159E-06 4.885297E-02 7.064005E-05
  2362   2325   3356 5.857928E-06 4.425094E-02 3.307916E-05
  2363    860   3277 4.450303E-06 4.004270E-02 4.110766E-05
  2364   3450   5605 3.986754E-06 3.506415E-02 2.812415E-05
  2365   1140   2854 4.405585E-06 5.798468E-02 7.693369E-05
  2366   6492   6746 3.819461E-06 6.653506E-02 6.588306E-05
  2367   1636   3078 5.031291E-06 4.214627E-02 5.347098E-05
  2368    323    661 3.742234E-06 7.900000E-02 8.245522E-05
  2369   1964   5396 3.431588E-06 5.684397E-02 5.398128E-05
  2370   2563   2576 2.175870E-06 5.082962E-02 3.704463E-05
  2371    414   1220 5.010733E-06 4.677509E-02 6.877433E-05
  2372   3059   3998 9.607519E-07 1.999066E-02 4.120994E-05
  2373   1663   2138 4.697221E-06 2.603537E-02 6.173142E-05
  2374   1002   1663 6.038804E-06 2.297860E-02 7.096001E-05
  2375   1911   2817 5.491607E-06 4.449259E-02 3.747639E-05
  2376    110   4153 4.450616E-06 2.932814E-02 1.252363E-04
  2377   1284   4153 4.072697E-06 3.416873E-02 3.102782E-05
  2378   1516   1619 2.993275E-06 8.951464E-02 4.633793E-05
  2379   2729   4685 3.137725E-06 3.289876E-02 4.062654E-05
  2380   2729   3356 3.518317E-06 3.466561E-02 2.907238E-05
  2381   2419   3838 2.243516E-06 5.421830E-02 3.845533E-05
  2382   1160   1955 3.648065E-06 2.691302E-02 5.501927E-05
  2383   1104   2030 5.797997E-06 3.310446E-02 4.093027E-05
  2384   3003   6519 2.628685E-06 3.557657E-02 2.598982E-05
  2385   6484   6513 2.999354E-06 4.904717E-02 1.603205E-05
  2386    204   6726 3.450188E-06 2.295089E-02 9.831712E-05
  2387    961   1636 4.346045E-06 4.075813E-02 4.325675E-05
  2388    961   1487 5.306932E-06 5.120617E-02 3.722001E-05
  2389     57   4903 4.448748E-06 2.578751E-02 1.091093E-04
  2390    360    737 2.493085E-06 3.139103E-02 7.675942E-05
  2391   3187   3188 2.426960E-06 6.643273E-02 3.643104E-05
  2392   1220   3187 2.805380E-06 7.553494E-02 5.278490E-05
  2393   1256   6599 2.996522E-06 3.437308E-02 3.206821E-05
  2394   4247   4612 1.405676E-06 4.419417E-02 7.238899E-05
  2395    506   4646 3.160043E-06 7.465368E-02 4.330892E-05
  2396    860   4605 9.440433E-07 6.250000E-02 6.475540E-05
  2397    601   5605 2.768986E-06 4.003682E-02 6.626586E-05
  2398    189   6484 4.396073E-06 5.418067E-02 7.240424E-05
  2399   2787   6759 3.538783E-06 5.307787E-02 5.287805E-05
  2400   2722   5414 4.364590E-06 6.805956E-02 3.183411E-05
  2401   5414   6787 3.332176E-06 7.070528E-02 2.941064E-05
  2402    966   1335 3.411477E-06 5.267134E-02 7.974154E-05
  2403    966   2318 3.780060E-06 2.647353E-02 6.048250E-05
  2404   2082   2960 3.281549E-06 5.728323E-02 4.041608E-05
  2405    245   2557 5.162722E-06 4.588361E-02 8.398814E-05
  2406    981   1522 4.600768E-06 5.540987E-02 5.699875E-05
  2407   1797   2313 3.323920E-06 7.393269E-02 3.171164E-05
  2408   1797   2728 4.597230E-06 6.990494E-02 4.247723E-05
  2409   2919   3178 4.482316E-06 4.603864E-02 3.836108E-05
  2410   3306   3665 3.064781E-06 6.431163E-02 3.996323E-05
  2411    414   3195 3.143840E-06 5.170369E-02 6.128237E-05
  2412   3838   3958 2.862349E-06 4.622878E-02 3.467521E-05
  2413    966   3795 4.655941E-06 3.210200E-02 4.474796E-05
  2414    785   2249 2.817396E-06 5.609524E-02 6.937843E-05
  2415     20     57 2.356069E-05 2.009105E-02 8.509381E-05
  2416    842   2728 4.766245E-06 3.559323E-02 4.634339E-05
  2417    360    842 1.350392E-06 6.850294E-02 7.939060E-05
  2418     12   6046 3.889122E-06 4.864715E-02 1.312309E-04
  2419    142   4194 3.476790E-06 3.713244E-02 6.489670E-05
  2420   3665   5720 4.759753E-06 5.688686E-02 3.748356E-05
  2421    388    669 2.798959E-06 2.357756E-02 7.418777E-05
  2422    388   1420 2.665353E-06 2.900688E-02 6.675805E-05
  2423   3187   4470 2.848992E-06 4.193926E-02 6.236434E-05
  2424   1220   3958 3.832546E-06 6.105607E-02 5.921845E-05
  2425    860   2325 5.949019E-06 3.648209E-02 5.257144E-05
  2426   1257   1848 3.888993E-06 3.049616E-02 2.439637E-05
  2427   3698   6519 4.178219E-06 5.166981E-02 2.194593E-05
  2428   1663   2478 5.758796E-06 1.693239E-02 4.273168E-05
  2429    434   1964 5.120220E-06 3.321053E-02 9.268268E-05
  2430   1335   2891 3.156270E-06 6.138190E-02 3.897578E-05
  2431   2318   5017 3.006332E-06 3.392912E-02 3.039751E-05
  2432   1654   1693 4.094133E-06 4.861699E-02 2.898829E-05
  2433   1065   2171 2.426993E-06 1.962575E-02 6.123830E-05
  2434    226   3034 4.192667E-06 4.347018E-02 6.957949E-05
  2435    110    360 5.692993E-06 1.897961E-02 1.988047E-04
  2436   2063   3047 1.808427E-06 4.050123E-02 7.175766E-05
  2437     21    414 8.019382E-06 1.494344E-02 1.464173E-04
  2438    860   5646 3.294973E-06 4.384709E-02 7.235695E-05
  2439   1220   6601 4.299785E-06 7.900000E-02 5.042833E-05
  2440    189   6513 1.794876E-06 1.249779E-02 7.046422E-05
  2441   1219   5540 4.240975E-06 6.109798E-02 3.801900E-05
  2442    908   3795 9.488614E-07 4.419417E-02 6.914199E-05
  2443   1144   6212 1.791035E-06 8.646362E-02 4.201512E-05
  2444    802   2559 4.642995E-06 7.988043E-02 4.637767E-05
  2445    142    360 1.042868E-05 2.178749E-02 6.253541E-05
  2446    360   2162 4.536393E-06 3.079875E-02 8.325480E-05
  2447    142    388 1.158912E-05 4.313506E-02 8.015203E-05
  2448   4173   5853 3.411866E-06 5.382758E-02 3.053126E-05
  2449   2325   2729 1.986004E-06 1.484231E-02 5.579296E-05
  2450   2419   4685 1.026977E-06 8.167132E-02 2.723329E-05
  2451   2325   2481 4.410534E-06 4.636205E-02 4.744404E-05
  2452   2325   4685 4.236426E-06 6.023060E-02 5.247988E-05
  2453    860   1220 1.414436E-06 6.817099E-02 8.278346E-05
  2454    966   1083 9.617436E-07 4.419417E-02 7.537405E-05
  2455   1555   2082 3.872637E-06 2.848747E-02 2.525458E-05
  2456    913   2900 4.496026E-06 2.720583E-02 2.472819E-05
  2457   2319   2481 4.377147E-06 4.103763E-02 2.863702E-05
  2458   4612   6599 9.490636E-07 4.419417E-02 3.233667E-05
  2459   1256   2325 5.410985E-06 4.951020E-02 3.683137E-05
  2460   1332   1740 4.959718E-06 4.261963E-02 3.181224E-05
  2461   3003   5331 4.448862E-06 4.251108E-02 3.632826E-05
  2462   2900   3795 3.515993E-06 4.754182E-02 3.179284E-05
  2463   2318   2891 4.440250E-06 7.031875E-02 4.731368E-05
  2464   1555   2891 2.958578E-06 2.889043E-02 3.869374E-05
  2465   2285   2900 3.814256E-06 4.726649E-02 4.846947E-05
  2466    785   6170 2.809610E-06 8.760408E-02 4.306458E-05
  2467   1144   5627 3.702013E-06 3.988363E-02 4.342504E-05
  2468    673   1672 6.214092E-06 3.548624E-02 4.464884E-05
  2469    110   1284 3.141184E-06 2.335734E-02 1.422252E-04
  2470   1606   3665 4.160896E-06 2.165754E-02 3.414360E-05
  2471    860   3958 3.298591E-06 2.757006E-02 3.568105E-05
  2472   2376   5646 2.951177E-06 6.584922E-02 5.017317E-05
  2473   3546   6579 3.321877E-06 4.523511E-02 1.505132E-05
  2474   1290   2364 3.923242E-06 1.948136E-02 4.114596E-05
  2475   1798   4155 1.351756E-06 1.261619E-02 2.402598E-05
  2476   4155   6824 2.622741E-06 8.134968E-02 2.030870E-05
  2477   2496   5404 4.711127E-06 3.411932E-02 1.442910E-05
  2478    434    974 6.800945E-06 3.311669E-02 1.083059E-04
  2479   1144   1862 1.404584E-06 3.125000E-02 6.134540E-05
  2480   2285   3795 6.417130E-06 4.346688E-02 1.713636E-05
  2481   1144   1325 4.084562E-06 3.638365E-02 4.850469E-05
  2482   1035   1120 4.905181E-06 3.570242E-02 5.867009E-05
  2483    847   1158 5.996526E-06 3.259039E-02 5.734212E-05
  2484    110   3254 4.622309E-06 3.584730E-02 9.089874E-05
  2485    360   4194 2.176713E-06 3.493639E-02 5.641544E-05
  2486   2919   4319 3.956390E-06 4.531711E-02 2.853837E-05
  2487   1606   5720 2.176062E-06 5.646602E-02 5.313043E-05
  2488    744   4472 2.239026E-06 3.277507E-02 4.140719E-05
  2489   2430   2729 9.586281E-07 1.567876E-02 3.743766E-05
  2490   1220   6581 3.820609E-06 6.952588E-02 6.920835E-05
  2491   1974   3073 4.712032E-06 5.684638E-02 3.289283E-05
  2492   3693   5540 4.241548E-06 6.799215E-02 1.511756E-05
  2493    204   6729 3.869061E-06 3.657200E-02 1.151944E-04
  2494    961   3078 3.123749E-06 4.307286E-02 4.760270E-05
  2495   1002   3078 4.710192E-06 4.310150E-02 4.266991E-05
  2496   1083   3078 4.005510E-06 5.026635E-02 7.959204E-05
  2497    974   1083 4.835919E-06 1.817805E-02 9.757491E-05
  2498   1083   1335 4.975093E-06 3.641012E-02 4.918942E-05
  2499    785   3916 2.772832E-06 4.524751E-02 8.493121E-05
  2500    621   3744 4.056017E-06 6.345609E-02 6.459313E-05
  2501    519   1566 1.794422E-06 7.900000E-02 5.884223E-05
  2502    142    842 3.525070E-06 3.873093E-02 7.817141E-05
  2503   3254   5905 4.387819E-06 4.455735E-02 2.173248E-05
  2504   1606   6013 9.583385E-07 1.733438E-02 3.454513E-05
  2505    388   4703 9.619061E-07 2.812215E-02 4.894802E-05
  2506    615   4683 4.105973E-06 5.250940E-02 5.655166E-05
  2507   1256   4602 2.808384E-06 3.614014E-02 5.068700E-05
  2508    860   2376 2.177028E-06 8.500922E-02 7.779925E-05
  2509   6746   6755 3.418700E-06 5.726326E-02 4.826339E-05
  2510   1219   3179 3.734792E-06 3.604377E-02 4.252877E-05
  2511    534   5414 3.303525E-06 2.398159E-02 7.802120E-05
  2512    966   1928 4.383216E-06 2.963891E-02 5.988939E-05
  2513   1928   2318 2.175590E-06 2.271694E-02 3.881101E-05
  2514   1120   1324 8.055120E-06 5.694774E-02 4.643296E-05
  2515   2563   5536 2.487802E-06 6.627421E-02 2.610997E-05
  2516    110   5720 1.423542E-06 1.957032E-02 1.690153E-04
  2517    388   3355 4.692477E-06 2.734313E-02 6.273679E-05
  2518   2430   4685 4.388134E-06 3.827254E-02 4.051077E-05
  2519    860   4685 3.464300E-06 3.908264E-02 6.007472E-05
  2520    414    601 4.980639E-06 4.014704E-02 9.150383E-05
  2521   2192   3073 5.837211E-06 7.328183E-02 3.005629E-05
  2522   1140   6746 3.148817E-06 7.440272E-02 5.786932E-05
  2523   4155   5435 3.410834E-06 6.506337E-02 3.210877E-05
  2524    961    974 5.728746E-06 2.682387E-02 7.656608E-05
  2525    974   6641 4.291187E-06 2.171727E-02 5.822896E-05
  2526   1555   2920 4.100336E-06 2.426225E-02 3.861316E-05
  2527   2318   3842 3.000207E-06 8.773173E-02 5.241997E-05
  2528   2891   3842 5.518850E-06 6.003574E-02 2.775211E-05
  2529   1911   4817 3.720258E-06 5.638806E-02 2.695027E-05
  2530    184   1907 6.080195E-06 2.609262E-02 8.162800E-05
  2531   3773   5720 3.147655E-06 5.114974E-02 4.224079E-05
  2532   2189   3462 3.777941E-06 2.909317E-02 6.066236E-05
  2533   3462   4470 9.687294E-07 1.510035E-02 6.677218E-05
  2534   1955   4602 2.598555E-06 5.250562E-02 4.127670E-05
  2535    204   6728 3.392461E-06 2.852255E-02 1.150048E-04
  2536    204   5240 2.652973E-06 7.900000E-02 1.181568E-04
  2537    661   3916 3.262787E-06 5.413423E-02 5.775985E-05
  2538   1928   2285 3.147616E-06 6.442654E-02 4.455710E-05
  2539    886   3744 4.313544E-06 7.521559E-02 3.716978E-05
  2540    226   2067 3.146132E-06 8.653234E-02 1.156753E-04
  2541    360   5958 3.986537E-06 1.960765E-02 7.014279E-05
  2542   2189   4177 3.301686E-06 8.228349E-02 5.360582E-05
  2543   2376   3187 2.952978E-06 5.910323E-02 5.630257E-05
  2544     22     51 2.734837E-05 3.260364E-02 9.812693E-05
  2545   4646   6452 1.791520E-06 1.571517E-02 3.657662E-05
  2546   2101   3998 4.231019E-06 4.985780E-02 3.260711E-05
  2547   2101   4155 3.708704E-06 6.167996E-02 2.948032E-05
  2548   2900   5377 3.275736E-06 8.763428E-02 4.420481E-05
  2549   1449   2334 6.424355E-06 5.135858E-02 4.851916E-05
  2550    651    819 5.970481E-06 1.748899E-02 7.309616E-05
  2551    805    847 7.020167E-06 3.902047E-02 4.858258E-05
  2552    744   1818 5.758625E-06 8.415555E-02 6.750614E-05
  2553   2319   2430 3.576780E-06 6.573494E-02 3.961515E-05
  2554    860   2430 4.449089E-06 7.803176E-02 5.270663E-05
  2555     51   6605 1.735815E-06 3.483877E-02 8.147871E-05
  2556   1848   5571 9.529963E-07 4.419417E-02 3.060825E-05
  2557   5240   6728 2.993880E-06 5.079409E-02 2.402612E-05
  2558    974   2742 3.578043E-06 3.771585E-02 1.002045E-04
  2559    974   2234 4.324012E-06 2.412845E-02 6.929066E-05
  2560    434   6641 4.092350E-06 2.810683E-02 3.872008E-05
  2561   2912   6170 3.398610E-06 7.531199E-02 2.931882E-05
  2562   1008   1693 6.657991E-06 4.734677E-02 3.906308E-05
  2563    936   2136 5.675466E-06 4.659166E-02 3.825143E-05
  2564   3098   3866 3.779873E-06 8.005892E-02 6.227796E-05
  2565   3866   6059 4.663597E-06 8.526858E-02 5.411424E-05
  2566    110   3773 3.474997E-06 6.573390E-02 1.549964E-04
  2567   2376   6581 2.962441E-06 6.954049E-02 5.009104E-05
  2568   1331   3298 4.384131E-06 7.242841E-02 5.591994E-05
  2569   2502   2731 4.223705E-06 5.115097E-02 7.324642E-05
  2570    204   4279 3.160129E-06 4.783092E-02 9.550472E-05
  2571   3003   3698 2.925402E-06 3.097319E-02 2.757256E-05
  2572     51   1140 2.857332E-06 4.371769E-02 1.738024E-04
  2573   3693   6759 2.370651E-06 1.622103E-02 1.982078E-05
  2574   1219   5238 4.140181E-06 2.015965E-02 3.180151E-05
  2575   4155   4193 3.230552E-06 5.030048E-02 1.584382E-05
  2576    961   6779 4.166472E-06 5.618926E-02 4.108363E-05
  2577    974   2496 6.122938E-06 5.340554E-02 2.666963E-05
  2578   1722   5463 1.859839E-06 4.695783E-02 2.905318E-05
  2579    534   6643 3.294510E-06 5.187311E-02 8.725151E-05
  2580   2249   2912 3.549490E-06 3.320416E-02 4.332117E-05
  2581   2920   2960 3.570441E-06 8.026704E-02 4.328899E-05
  2582   1114   4766 4.417365E-06 5.392650E-02 3.605304E-05
  2583   1974   2032 4.552148E-06 3.963044E-02 5.688815E-05
  2584      4    988 5.928417E-06 4.210231E-02 1.936937E-04
  2585   3499   5435 2.805460E-06 8.331758E-02 3.164304E-05
  2586    621    886 4.832107E-06 2.087097E-02 4.576994E-05
  2587   1522   1873 2.990790E-06 6.064797E-02 3.429473E-05
  2588   3139   4138 4.539620E-06 4.722198E-02 2.291860E-05
  2589   3187   3917 3.830697E-06 4.955792E-02 4.574904E-05
  2590   3187   4197 5.347785E-06 4.825815E-02 2.751588E-05
  2591   2419   4026 3.003548E-06 5.205329E-02 4.265961E-05
  2592   1272   2830 2.361926E-06 7.536972E-02 5.350448E-05
  2593   6759   6770 2.570592E-06 4.370128E-02 3.005596E-05
  2594    974   5422 4.276146E-06 2.732827E-02 5.661013E-05
  2595   3078   6778 2.805394E-06 4.919186E-02 3.465047E-05
  2596   3499   3712 4.469613E-06 6.237023E-02 2.180243E-05
  2597   3712   5463 4.505833E-06 6.565946E-02 1.840503E-05
  2598   2742   3078 3.883900E-06 3.163870E-02 4.792684E-05
  2599   1083   2742 3.244012E-06 3.221735E-02 8.418745E-05
  2600    974   3311 3.766177E-06 5.300723E-02 7.041860E-05
  2601   1335   3842 3.078348E-06 3.162210E-02 4.789672E-05
  2602    434   2920 4.792513E-06 2.590394E-02 8.773732E-05
  2603   2249   3916 3.766153E-06 1.507840E-02 4.201858E-05
  2604   1325   6212 3.823309E-06 8.985639E-02 3.116762E-05
  2605    690    965 6.661413E-06 8.505495E-02 7.577805E-05
  2606    245    314 7.185477E-06 4.527492E-02 9.828992E-05
  2607    651    847 6.461800E-06 3.878065E-02 6.633003E-05
  2608   4319   5599 3.065903E-06 4.091508E-02 3.154816E-05
  2609   2376   6601 3.144314E-06 5.617937E-02 5.027865E-05
  2610   3003   5305 4.126249E-06 4.253524E-02 4.215755E-05
  2611   5404   5422 2.805878E-06 5.634760E-02 4.184113E-05
  2612    974   5404 2.932153E-06 8.977498E-02 3.867530E-05
  2613   1083   2234 4.760405E-06 2.808162E-02 5.935177E-05
  2614   1083   3311 4.865620E-06 2.844259E-02 6.186005E-05
  2615    434   1083 4.521345E-06 2.981236E-02 1.010214E-04
  2616    434   5039 2.810450E-06 5.503146E-02 7.922515E-05
  2617   5039   6212 3.609237E-06 7.916582E-02 2.440045E-05
  2618   1657   1661 6.039912E-06 3.057750E-02 4.729641E-05
  2619   1035   1324 8.021376E-06 6.235286E-02 4.696891E-05
  2620    110   5920 2.808819E-06 6.395721E-02 8.788154E-05
  2621    860   4026 3.289530E-06 3.626782E-02 4.790181E-05
  2622    860   4602 9.566144E-07 3.608439E-02 7.948640E-05
  2623   1272   1740 2.807357E-06 7.892020E-02 5.219572E-05
  2624    961   2742 3.872066E-06 4.701953E-02 6.350911E-05
  2625   1325   5039 3.528343E-06 4.994352E-02 3.388712E-05
  2626   1844   1928 2.979175E-06 3.282038E-02 4.565447E-05
  2627   1324   1661 5.910969E-06 5.687822E-02 4.490215E-05
  2628   1972   5788 3.742933E-06 6.720652E-02 5.509781E-05
  2629    110   6048 1.790945E-06 1.478130E-02 1.116028E-04
  2630     12   4245 2.958319E-06 3.998533E-02 1.123190E-04
  2631    110   1606 5.521169E-06 3.776189E-02 1.527101E-04
  2632     51   5688 3.987548E-06 6.410284E-02 7.870461E-05
  2633    189   1140 4.262307E-06 2.110326E-02 1.312739E-04
  2634   5243   6728 1.597722E-06 3.036475E-02 3.505497E-05
  2635   2742   6779 3.758745E-06 3.350729E-02 5.182649E-05
  2636   2742   6778 2.662842E-06 2.167031E-02 5.147509E-05
  2637   1325   1862 4.376151E-06 6.267319E-02 3.687237E-05
  2638     21     22 3.521672E-05 2.886891E-02 8.096273E-05
  2639   2787   3693 4.530335E-06 4.699891E-02 1.362187E-05
  2640    961   1415 4.066101E-06 1.292075E-02 5.995803E-05
  2641    819   1087 6.794412E-06 4.950002E-02 6.038124E-05
  2642    549   2136 2.997425E-06 8.821811E-02 4.119778E-05
  2643    936   1729 3.975458E-06 5.773427E-02 4.836068E-05
  2644    601   2502 6.636994E-06 4.056891E-02 8.073162E-05
  2645   1000   1140 7.294702E-06 2.377212E-02 5.397172E-05
  2646   4252   5404 2.930130E-06 5.857512E-02 2.962340E-05
  2647   2920   4099 5.716559E-06 7.835665E-02 4.419731E-05
  2648   1606   6059 3.002189E-06 4.653458E-02 5.211357E-05
  2649     22    388 6.011878E-06 2.277901E-02 1.248719E-04
  2650   2792   3566 3.606739E-06 3.825183E-02 4.272104E-05
  2651    961   5422 3.830894E-06 5.745462E-02 8.367584E-05
  2652   1415   2742 4.740905E-06 3.583298E-02 6.605510E-05
  2653   1035   1519 5.743817E-06 5.291315E-02 4.830296E-05
  2654     57    416 1.166126E-05 2.208567E-02 8.917277E-05
  2655   2430   3778 2.367081E-06 1.468428E-02 5.063836E-05
  2656   3784   6452 9.567669E-07 3.125000E-02 2.532652E-05
  2657   1331   5276 3.574253E-06 7.667060E-02 5.213689E-05
  2658   1219   3693 9.423471E-07 6.250000E-02 6.174782E-05
  2659   1663   2742 5.947681E-06 3.871472E-02 6.521651E-05
  2660      4   1603 4.423780E-06 8.391264E-02 1.708425E-04
  2661   1928   3842 2.954438E-06 5.634840E-02 5.233965E-05
  2662   1555   6188 2.625229E-06 3.560707E-02 3.706233E-05
  2663   1449   4054 3.458249E-06 8.814589E-02 2.340568E-05
  2664    621   4799 2.239932E-06 5.527694E-02 5.146939E-05
  2665   1606   6014 3.904500E-06 4.497232E-02 2.734493E-05
  2666   3080   6558 2.665990E-06 5.592449E-02 2.738235E-05
  2667   2376   3080 2.620543E-06 8.108776E-02 2.841557E-05
  2668    860   1921 2.808424E-06 5.425010E-02 4.956804E-05
  2669   2376   4659 4.729375E-06 5.704406E-02 5.091051E-05
  2670     21    601 7.996610E-06 1.811198E-02 1.582749E-04
  2671   1331   6433 4.553161E-06 3.227070E-02 3.695002E-05
  2672   1663   6778 2.839884E-06 2.981978E-02 4.288991E-05
  2673   3842   4099 2.810063E-06 6.954285E-02 3.146685E-05
  2674   1844   5079 3.266942E-06 7.502726E-02 3.528734E-05
  2675    549    936 6.020863E-06 3.941518E-02 5.612811E-05
  2676   1974   5577 4.447482E-06 3.139489E-02 7.899086E-05
  2677   2166   3087 1.860363E-06 7.868576E-02 5.550882E-05
  2678   3917   6558 3.776547E-06 5.033903E-02 3.700382E-05
  2679   2376   4610 3.894229E-06 5.879130E-02 2.407080E-05
  2680   4659   6581 3.110507E-06 8.330576E-02 3.414936E-05
  2681   1389   6505 4.084750E-06 3.145369E-02 3.288143E-05
  2682   3499   6774 2.626570E-06 4.204445E-02 1.573662E-05
  2683   3056   4197 4.021348E-06 4.004685E-02 4.398734E-05
  2684   2443   3917 3.893676E-06 3.289516E-02 3.768779E-05
  2685   2376   4653 1.603946E-06 5.347925E-02 3.757139E-05
  2686   2376   2679 3.565941E-06 6.446447E-02 4.718662E-05
  2687   1219   2031 1.791933E-06 8.105703E-02 7.228908E-05
  2688   1415   2234 5.993595E-06 2.094595E-02 4.283086E-05
  2689   2234   2742 2.181102E-06 3.517190E-02 5.341622E-05
  2690   1818   3849 4.013998E-06 4.778156E-02 3.581045E-05
  2691     51   1700 3.542162E-06 6.895525E-02 1.218775E-04
  2692   2234   3311 2.365141E-06 1.614626E-02 3.623239E-05
  2693    273   1423 3.629131E-06 7.277081E-02 1.136308E-04
  2694     20    915 3.415604E-06 6.748098E-02 1.564079E-04
  2695   1921   3080 3.488379E-06 2.163202E-02 3.234883E-05
  2696   2759   3784 4.586553E-06 5.566587E-02 2.354273E-05
  2697   1049   5276 4.230319E-06 1.353930E-02 8.106920E-05
  2698   1049   1331 3.238399E-06 7.900000E-02 5.470353E-05
  2699    601   6517 3.952644E-06 3.291966E-02 7.275855E-05
  2700    204   1700 2.996646E-06 3.479501E-02 1.122416E-04
  2701   3566   5207 3.958727E-06 4.729605E-02 1.322896E-05
  2702   2031   5244 3.004735E-06 6.083631E-02 5.518293E-05
  2703   1592   3499 2.814085E-06 5.228956E-02 4.937678E-05
  2704   1862   2166 1.602986E-06 6.040070E-02 2.577024E-05
  2705    273    802 5.120978E-06 7.957180E-02 8.494542E-05
  2706   4528   5788 3.257583E-06 6.976144E-02 5.182968E-05
  2707    549   1729 5.945899E-06 7.164525E-02 7.072079E-05
  2708    123    615 5.953470E-06 2.309140E-02 1.078751E-04
  2709   3080   4610 4.046733E-06 3.647188E-02 1.850256E-05
  2710    601   6581 2.367254E-06 3.647879E-02 4.647037E-05
  2711   1049   6433 2.629673E-06 8.687260E-02 3.514654E-05
  2712   2502   3200 4.192260E-06 6.277821E-02 3.660617E-05
  2713   2742   6823 2.807366E-06 4.080290E-02 5.648144E-05
  2714   1325   2166 3.767661E-06 4.515787E-02 7.012834E-05
  2715   1606   6028 3.856967E-06 7.975751E-02 6.343528E-05
  2716   4197   6559 2.812856E-06 5.427976E-02 3.356091E-05
  2717   2443   6558 3.534201E-06 5.820543E-02 3.467497E-05
  2718   2031   5193 3.475515E-06 2.024979E-02 2.484576E-05
  2719   1219   5243 3.496595E-06 2.919235E-02 9.701437E-05
  2720   4583   6014 4.495797E-06 7.502053E-02 2.030609E-05
  2721   2679   4610 4.238917E-06 2.625840E-02 3.471811E-05
  2722    601   2678 2.620301E-06 4.656246E-02 7.162356E-05
  2723   1389   2364 3.716082E-06 6.631319E-02 6.491361E-05
  2724    434   3311 3.775404E-06 2.191545E-02 7.121649E-05
  2725    549   1922 5.880740E-06 5.804972E-02 5.383748E-05
  2726    819   4748 2.177422E-06 4.452657E-02 8.406007E-05
  2727    388   2034 6.155966E-06 4.623293E-02 6.732862E-05
  2728     51   5289 3.447069E-06 5.464363E-02 6.098614E-05
  2729   3227   5207 3.632272E-06 5.256593E-02 3.008781E-05
  2730   1140   3094 2.427594E-06 3.515108E-02 3.506688E-05
  2731   3566   6741 2.824166E-06 7.622844E-02 3.708877E-05
  2732   1219   5193 5.774409E-06 3.396176E-02 6.860670E-05
  2733   1415   5422 3.138616E-06 4.638016E-02 6.028409E-05
  2734    974   1415 2.966298E-06 3.671726E-02 7.203374E-05
  2735      4   1190 7.182681E-06 3.844772E-02 1.851200E-04
  2736    434   5353 2.851938E-06 3.844156E-02 5.222695E-05
  2737    690   2617 6.149615E-06 4.977734E-02 4.841757E-05
  2738   3056   6559 3.713363E-06 7.900000E-02 4.653272E-05
  2739     21   6559 3.403638E-06 3.874894E-02 1.380036E-04
  2740   4197   4712 9.562782E-07 4.419417E-02 4.635611E-05
  2741   3200   3577 3.695872E-06 4.656129E-02 2.335940E-05
  2742   1049   1974 4.461183E-06 5.138269E-02 8.563994E-05
  2743   3100   5577 3.970232E-06 2.302311E-02 4.260463E-05
  2744   3227   6741 3.332625E-06 4.712087E-02 3.957304E-05
  2745   2031   6770 2.809141E-06 8.294900E-02 4.933930E-05
  2746   1622   4252 4.319942E-06 3.114373E-02 3.429884E-05
  2747    915   4266 3.827182E-06 3.966474E-02 5.542096E-05
  2748    712    915 7.879279E-06 4.751206E-02 5.156887E-05
  2749    549   5734 3.052411E-06 4.981190E-02 4.349348E-05
  2750    549   1735 6.512911E-06 5.466768E-02 7.744860E-05
  2751    360   2034 3.871277E-06 4.574823E-02 1.078907E-04
  2752     22   2034 4.198942E-06 4.971465E-02 1.371070E-04
  2753   3144   6559 3.822486E-06 2.184701E-02 4.635828E-05
  2754   3227   3566 3.814693E-06 8.710661E-02 3.991591E-05
  2755    434   2000 2.181665E-06 5.913528E-02 7.935318E-05
  2756   6185   6202 4.026535E-06 4.501036E-02 3.402500E-05
  2757    245   1204 5.983906E-06 5.065944E-02 8.162231E-05
  2758   2034   2039 4.710458E-06 6.942866E-02 4.695152E-05
  2759   1361   2757 3.446800E-06 4.469488E-02 3.150478E-05
  2760   2679   4653 3.708034E-06 4.926158E-02 3.575610E-05
  2761   4657   4659 2.807893E-06 8.521195E-02 2.304451E-05
  2762   1140   6501 3.726750E-06 6.730452E-02 6.095969E-05
  2763      4   2212 1.486246E-05 5.397274E-02 1.022425E-04
  2764   1345   1346 5.610757E-06 4.576868E-02 4.530528E-05
  2765   2196   2650 3.776227E-06 6.554239E-02 3.991876E-05
  2766     12   3314 9.618105E-06 1.756100E-02 6.884252E-05
  2767     22   2039 5.748360E-06 3.340110E-02 1.221116E-04
  2768    414   4066 1.808145E-06 7.990144E-02 5.953372E-05
  2769     51   3920 1.804465E-06 7.900000E-02 1.179796E-04
  2770    954   1519 5.905419E-06 2.135165E-02 4.243482E-05
  2771    184   1410 3.744960E-06 5.283959E-02 1.328439E-04
  2772   2039   4571 4.057920E-06 3.836540E-02 2.154979E-05
  2773   4712   6559 2.806670E-06 5.918628E-02 3.095769E-05
  2774    601   3227 4.350204E-06 5.781556E-02 8.869298E-05
  2775   2364   2589 2.993962E-06 5.918675E-02 6.362621E-05
  2776   1622   2002 5.877544E-06 3.272366E-02 2.921052E-05
  2777   2166   5370 9.629768E-07 3.653794E-02 4.248649E-05
  2778    314   1281 6.312000E-06 2.243539E-02 6.740391E-05
  2779   1410   1907 4.914083E-06 6.387941E-02 6.196142E-05
  2780   4583   6015 4.030380E-06 4.815042E-02 2.169122E-05
  2781     21   6015 3.711635E-06 6.005269E-02 1.499531E-04
  2782   2034   4571 9.610166E-07 4.458288E-02 6.026176E-05
  2783   2679   4657 1.734568E-06 3.184403E-02 4.861192E-05
  2784   3682   5289 3.391591E-06 5.005255E-02 2.435064E-05
  2785     21   1140 6.240270E-06 1.320729E-02 2.108627E-04
  2786     22   1700 3.605289E-06 2.982786E-02 1.653026E-04
  2787    974   1578 3.071255E-06 5.575568E-02 8.589263E-05
  2788   1415   3513 9.571442E-07 1.976424E-02 7.140564E-05
  2789   1345   1661 3.570672E-06 6.414905E-02 4.335438E-05
  2790    690   5275 9.666598E-07 1.414464E-02 5.414203E-05
  2791     21   3144 3.299899E-06 5.278022E-02 1.593719E-04
  2792   3056   3144 3.971125E-06 4.703410E-02 4.828880E-05
  2793   2103   2615 4.445807E-06 3.219165E-02 4.809232E-05
  2794   1622   6820 2.370927E-06 1.435198E-02 3.513751E-05
  2795    974   2948 3.465287E-06 3.598999E-02 8.802573E-05
  2796   1578   2948 1.604881E-06 2.253071E-02 2.768174E-05
  2797    416    602 5.549561E-06 2.591120E-02 4.998030E-05
  2798   2678   2679 3.744961E-06 6.326708E-02 3.886183E-05
  2799   2000   2166 2.812259E-06 6.352620E-02 5.059776E-05
  2800   2000   5370 3.307137E-06 4.051067E-02 1.780443E-05
  2801   3284   4779 4.129185E-06 4.766460E-02 3.301938E-05
  2802     12   6016 4.109609E-06 3.575778E-02 1.319972E-04
  2803    527   2868 9.633144E-07 2.809929E-02 6.289034E-05
  2804     20     68 1.441963E-05 3.933463E-02 1.512487E-04
  2805     12     68 2.324715E-05 2.611552E-02 1.494864E-04
  2806   1049   5577 5.953476E-06 1.999630E-02 6.047851E-05
  2807     22   3920 4.045707E-06 3.222021E-02 1.148399E-04
  2808    993   1661 2.965011E-06 4.709824E-02 7.506035E-05
  2809    673   1760 3.663447E-06 6.782209E-02 7.301942E-05
  2810    993   1345 4.024600E-06 8.002802E-02 6.040793E-05
  2811     21   4495 5.284863E-06 2.868568E-02 1.015784E-04
  2812    601   6506 4.064812E-06 6.255480E-02 5.572162E-05
  2813      1   1689 2.715267E-05 2.007822E-02 2.356524E-04
  2814    712   1310 5.916081E-06 2.989569E-02 6.453053E-05
  2815     20   5612 3.271592E-06 2.755783E-02 1.091188E-04
  2816   1700   5209 3.494897E-06 7.935839E-02 5.116532E-05
  2817   1700   2677 3.857937E-06 6.865794E-02 5.446005E-05
  2818   3207   4058 5.232475E-06 4.041508E-02 2.683552E-05
  2819    929   1430 7.773258E-06 5.947458E-02 4.126053E-05
  2820     21   5701 2.986018E-06 5.142806E-02 1.111982E-04
  2821    114    123 2.032124E-05 4.142652E-02 5.439823E-05
  2822   3682   5279 1.344970E-06 2.083333E-02 2.567277E-05
  2823   1894   2650 4.853391E-06 5.059842E-02 4.133563E-05
  2824   1043   2725 4.212790E-06 4.699668E-02 3.441176E-05
  2825    915   4058 2.422565E-06 6.234595E-02 4.555017E-05
  2826     20   3207 3.147088E-06 7.264796E-02 1.357978E-04
  2827     21   4066 3.487817E-06 4.720445E-02 1.315618E-04
  2828   3686   4657 2.990463E-06 7.522434E-02 3.149237E-05
  2829     21   2678 1.403736E-06 5.615545E-02 1.567396E-04
  2830    444   1821 2.425210E-06 6.195107E-02 9.634898E-05
  2831   2677   5209 4.037212E-06 6.350680E-02 3.944948E-05
  2832   1592   2002 2.958952E-06 7.298566E-02 2.377541E-05
  2833      1   6362 2.316534E-05 3.219112E-02 2.301565E-04
  2834   1095   1346 6.294217E-06 5.585043E-02 4.586986E-05
  2835     12   5612 4.389588E-06 3.149822E-02 1.368553E-04
  2836   2103   5332 3.142774E-06 8.299620E-02 4.669647E-05
  2837   3227   3638 9.633586E-07 2.808869E-02 3.419608E-05
  2838   3638   6752 4.719444E-06 4.245852E-02 1.080316E-05
  2839   1963   2000 1.981271E-06 4.750676E-02 4.506195E-05
  2840    993   1817 6.444966E-06 3.306076E-02 5.127800E-05
  2841   1140   1747 5.019691E-06 3.372469E-02 5.157583E-05
  2842      1    531 2.124966E-05 3.269703E-02 2.280600E-04
  2843   1000   2187 3.852829E-06 8.924329E-02 5.042841E-05
  2844    111   1043 6.236351E-06 3.920937E-02 9.688183E-05
  2845    111   2725 3.716057E-06 6.375961E-02 8.783124E-05
  2846   1297   2489 5.759263E-06 6.356677E-02 6.089162E-05
  2847   2727   2868 3.578394E-06 3.588379E-02 2.027191E-05
  2848   1000   1747 2.953015E-06 3.346463E-02 4.974384E-05
  2849     57     68 2.260189E-05 3.257120E-02 1.137447E-04
  2850   3686   4640 4.420311E-06 4.290575E-02 2.836156E-05
  2851     21   2437 5.541644E-06 2.467590E-02 1.670919E-04
  2852   2413   3240 4.483828E-06 5.601525E-02 1.889150E-05
  2853    531   1689 1.014879E-05 4.587490E-02 4.150047E-05
  2854   1295   1310 3.932902E-06 3.889598E-02 8.726432E-05
  2855    915   1310 5.016018E-06 3.443667E-02 8.825422E-05
  2856   1295   2156 4.792854E-06 2.687886E-02 6.129394E-05
  2857     57   1807 5.402190E-06 4.294820E-02 1.037163E-04
  2858     68   1807 5.350840E-06 2.682716E-02 9.207732E-05
  2859   5279   6444 2.842290E-06 7.240484E-02 2.141330E-05
  2860     21   1747 4.353553E-06 2.830171E-02 1.859274E-04
  2861   4779   4921 1.212970E-06 7.318580E-02 2.560922E-05
  2862   2397   4504 3.647273E-06 6.504388E-02 3.844666E-05
  2863   3799   6506 4.148985E-06 7.141108E-02 5.416034E-05
  2864   5577   6486 9.681825E-07 1.000439E-02 3.746581E-05
  2865   1689   6362 1.826439E-05 1.507905E-02 5.670970E-05
  2866     12   3207 4.855909E-06 2.535777E-02 1.889031E-04
  2867   1301   1410 4.829783E-06 4.429279E-02 4.808404E-05
  2868   2678   6591 3.577902E-06 4.189485E-02 2.925634E-05
  2869     21   6506 4.018380E-06 5.649416E-02 1.918558E-04
  2870   5320   5332 3.158001E-06 4.555906E-02 1.910668E-05
  2871   1747   2615 9.492731E-07 6.250000E-02 5.399442E-05
  2872    997   2071 3.504489E-06 5.350133E-02 3.961413E-05
  2873      4   2424 3.282096E-06 6.102448E-02 2.205742E-04
  2874      1    562 2.278923E-05 3.544005E-02 2.497561E-04
  2875   3524   4779 2.426899E-06 6.061757E-02 4.249403E-05
  2876   3340   5439 4.041735E-06 4.737124E-02 3.096909E-05
  2877   1440   3340 4.124854E-06 4.440078E-02 3.568890E-05
  2878   1440   2156 4.976023E-06 3.122729E-02 3.945542E-05
  2879   1410   5581 4.438228E-06 5.874583E-02 2.622729E-05
  2880   3144   3938 4.577788E-06 6.298327E-02 5.135170E-05
  2881     21   3799 4.457363E-06 3.713073E-02 1.883974E-04
  2882   2305   5577 5.054856E-06 4.751765E-02 8.887609E-05
  2883   3748   6506 9.593560E-07 2.229770E-02 4.973162E-05
  2884      4      5 6.699291E-05 2.729371E-02 1.998591E-04
  2885   1434   2297 1.406971E-06 5.254303E-02 2.612017E-05
  2886      1     73 4.719236E-05 6.397003E-02 1.953959E-04
  2887    760   1043 5.708595E-06 4.936814E-02 7.383501E-05
  2888   3340   5591 3.115295E-06 4.795593E-02 3.595840E-05
  2889   1440   5590 4.404077E-06 7.335563E-02 5.172748E-05
  2890   1110   1795 6.691275E-06 3.763471E-02 4.499517E-05
  2891   2489   3736 2.220408E-06 2.630707E-02 2.447427E-05
  2892   3938   6591 3.762721E-06 6.081577E-02 4.030771E-05
  2893   1049   2305 4.311419E-06 3.785914E-02 1.019990E-04
  2894    531    562 9.987722E-06 5.992256E-02 7.223802E-05
  2895   1214   4513 4.106835E-06 7.689483E-02 3.013698E-05
  2896   1214   2147 3.285232E-06 5.715598E-02 3.852121E-05
  2897     21   2378 4.991916E-06 2.581643E-02 9.676625E-05
  2898    114    444 1.242267E-05 2.702324E-02 7.096387E-05
  2899     22   5279 3.559198E-06 8.476934E-02 8.192880E-05
  2900    997   2677 4.507609E-06 3.037184E-02 3.002337E-05
  2901   1297   3736 2.996816E-06 5.815574E-02 4.204063E-05
  2902     68   2921 4.459904E-06 3.148377E-02 1.069820E-04
  2903   2292   6486 4.263699E-06 8.114131E-02 1.918110E-05
  2904    685   1817 3.432177E-06 6.500533E-02 5.039881E-05
  2905    314   2087 3.688198E-06 7.682048E-02 8.261093E-05
  2906   1410   2161 3.111968E-06 4.666705E-02 5.196184E-05
  2907     21   1893 3.408308E-06 4.208337E-02 7.697474E-05
  2908     21   3938 2.806540E-06 7.534266E-02 1.182338E-04
  2909   2031   3240 4.211022E-06 7.574810E-02 7.749332E-05
  2910   1650   1894 5.164091E-06 4.023824E-02 4.112146E-05
  2911   1705   4576 4.406421E-06 5.932686E-02 3.655011E-05
  2912   2161   5581 3.503195E-06 4.315214E-02 1.776794E-05
  2913   3674   5320 4.290813E-06 6.646875E-02 2.282298E-05
  2914   1747   2187 6.030043E-06 3.504269E-02 4.892391E-05
  2915   1295   5736 1.863700E-06 4.025833E-02 5.825733E-05
  2916   1049   3927 5.872938E-06 5.053843E-02 9.233794E-05
  2917     57   3630 1.917653E-06 8.335163E-02 1.023373E-04
  2918   2187   2677 5.315240E-06 4.530199E-02 3.272984E-05
  2919   5150   5260 4.035096E-06 6.676337E-02 2.750544E-05
  2920      2     89 1.635599E-05 1.739795E-02 3.052559E-04
  2921     89   5907 3.976105E-06 7.376629E-02 7.628663E-05
  2922      2   4109 3.825771E-06 2.651723E-02 2.941185E-04
  2923      4   2427 3.627645E-06 3.924835E-02 1.905945E-04
  2924   4689   4718 4.084221E-06 4.882198E-02 1.903473E-05
  2925    111    760 6.839866E-06 3.461994E-02 1.135758E-04
  2926   2130   5623 5.624541E-06 6.536144E-02 7.263876E-05
  2927     12   2130 5.681356E-06 6.850098E-02 1.967628E-04
  2928      2    631 6.820409E-06 2.796464E-02 3.235544E-04
  2929     22    997 3.845222E-06 4.302702E-02 1.441957E-04
  2930      1   3676 3.341596E-05 1.993714E-02 1.900089E-04
  2931    111   4921 1.807987E-06 2.470527E-02 8.952544E-05
  2932   3207   5730 4.067610E-06 6.330629E-02 4.487769E-05
  2933   4900   5623 2.373172E-06 6.576567E-02 4.365513E-05
  2934   1893   2378 4.353965E-06 5.296070E-02 2.077889E-05
  2935     21   3635 4.968732E-06 5.224220E-02 1.710435E-04
  2936    685    993 5.671684E-06 2.076665E-02 5.307758E-05
  2937   1440   5591 3.335058E-06 4.329288E-02 4.872757E-05
  2938   5730   5736 3.969630E-06 4.656259E-02 3.318820E-05
  2939   5731   5736 3.141850E-06 4.810392E-02 1.564485E-05
  2940      2   5907 4.826945E-06 6.733911E-02 2.869449E-04
  2941   2130   4900 3.501783E-06 4.291747E-02 5.295790E-05
  2942   2292   2786 3.561104E-06 7.610176E-02 5.237728E-05
  2943   3244   3563 4.385426E-06 3.888404E-02 3.031277E-05
  2944     73   3676 3.142176E-05 3.016295E-02 6.225360E-05
  2945   2168   2528 3.449065E-06 4.736450E-02 4.925257E-05
  2946   1297   5715 9.672156E-07 2.228291E-02 3.365819E-05
  2947   4882   4886 4.443700E-06 7.118912E-02 1.520126E-05
  2948    997   2187 3.004119E-06 4.342278E-02 5.353511E-05
  2949    954   1434 2.425767E-06 3.255485E-02 8.172507E-05
  2950   1269   4742 3.651637E-06 7.721413E-02 5.317907E-05
  2951     57   3083 2.236342E-06 2.801534E-02 8.414910E-05
  2952     22   6507 3.179234E-06 6.400802E-02 1.186184E-04
  2953   2437   5309 3.565380E-06 3.157689E-02 3.292502E-05
  2954    116    788 7.372103E-06 3.575307E-02 9.748055E-05
  2955   1782   2380 3.760221E-06 3.156306E-02 3.684329E-05
  2956    894   3520 2.186784E-06 5.264506E-02 6.444675E-05
  2957   2079   3465 3.804691E-06 5.029220E-02 4.119507E-05
  2958     89    631 9.423365E-06 4.197161E-02 8.126361E-05
  2959   3674   5264 9.489627E-07 6.250000E-02 4.077804E-05
  2960     21   2187 3.589735E-06 6.062274E-02 1.959336E-04
  2961   3244   3299 4.797586E-06 3.326142E-02 4.458501E-05
  2962      1   4907 6.455555E-06 3.976020E-02 2.892170E-04
  2963   1977   2156 2.627319E-06 3.194155E-02 8.626450E-05
  2964    973   1310 2.245566E-06 5.086354E-02 9.032374E-05
  2965     12   5719 3.268851E-06 3.597980E-02 1.657789E-04
  2966   1297   3770 1.788362E-06 8.135825E-02 4.024194E-05
  2967     89     95 1.635118E-05 2.660276E-02 6.296979E-05
  2968    631   4109 3.328793E-06 1.932736E-02 6.508941E-05
  2969   2305   2786 4.981023E-06 2.602234E-02 3.015313E-05
  2970     21    997 5.708827E-06 2.633532E-02 2.134060E-04
  2971      1   3664 4.803780E-06 6.870700E-02 2.907529E-04
  2972   1310   3510 4.038227E-06 2.212348E-02 5.812909E-05
  2973     95    247 6.824757E-06 2.126912E-02 8.301878E-05
  2974    631    822 8.821298E-06 4.137152E-02 5.219909E-05
  2975   1095   2380 5.612422E-06 4.838907E-02 4.480753E-05
  2976    894   5845 3.597433E-06 6.340264E-02 5.787121E-05
  2977    964   2130 4.542176E-06 1.410592E-02 5.603014E-05
  2978     95    631 9.602731E-07 2.563089E-02 9.008448E-05
  2979    311    822 7.422917E-06 1.636509E-02 4.673799E-05
  2980      1   1381 5.949071E-06 3.081321E-02 3.052068E-04
  2981   1440   1977 4.011281E-06 3.490615E-02 4.110493E-05
  2982   2079   2528 1.798418E-06 7.664174E-02 4.684695E-05
  2983     89    247 1.427692E-05 2.622683E-02 1.238475E-04
  2984     95    136 1.975316E-05 3.769071E-02 6.992610E-05
  2985      2    311 1.256029E-05 1.156296E-02 3.321832E-04
  2986   2655   3563 4.124432E-06 6.554209E-02 2.859682E-05
  2987      4   3283 4.992493E-06 6.595679E-02 2.681978E-04
  2988      1    322 2.679652E-05 3.917164E-02 2.695540E-04
  2989      1   4834 4.569114E-06 5.226155E-02 2.891850E-04
  2990   1310   5845 2.240664E-06 4.963629E-02 6.928549E-05
  2991    557   2156 2.586611E-06 4.675432E-02 1.205075E-04
  2992    163    247 8.310137E-06 2.128722E-02 1.146144E-04
  2993     12   1137 9.529130E-07 2.795085E-02 1.665053E-04
  2994     68   5939 2.616249E-06 5.662923E-02 7.581652E-05
  2995     21   6423 2.990087E-06 6.885561E-02 1.635262E-04
  2996   2655   3244 4.156690E-06 6.370464E-02 4.836622E-05
  2997   1381   3664 3.373881E-06 5.717023E-02 5.076060E-05
  2998    894   1440 3.699849E-06 6.240152E-02 9.507483E-05
  2999   1109   3083 5.229310E-06 3.837123E-02 4.152751E-05
  3000     57   1109 3.342075E-06 3.756905E-02 1.250580E-04
  3001    964   1137 6.881736E-06 2.246129E-02 6.345673E-05
  3002    904   2161 1.413433E-06 2.503518E-02 5.706087E-05
  3003   2655   3299 4.126648E-06 4.872718E-02 3.161025E-05
  3004      4   2636 4.666682E-06 7.879230E-02 2.222534E-04
  3005   3510   5845 1.796545E-06 4.752215E-02 3.000065E-05
  3006    557   1977 4.134146E-06 3.820295E-02 1.074915E-04
  3007   2523   3630 1.409039E-06 5.259529E-02 2.363373E-05
  3008   1405   2130 4.908522E-06 3.247071E-02 4.748986E-05
  3009      2    822 3.960074E-06 4.352087E-02 3.196485E-04
  3010     12   5939 3.582941E-06 6.121008E-02 1.218182E-04
  3011    247    332 3.448203E-06 7.721658E-02 1.319420E-04
  3012   1297   1405 3.335963E-06 6.391834E-02 5.724900E-05
  3013    551   1301 3.147086E-06 6.062400E-02 5.957758E-05
  3014     21   5264 2.993371E-06 7.900000E-02 1.421870E-04
  3015   2644   3927 4.973973E-06 4.177762E-02 3.963319E-05
  3016    878   1782 5.197809E-06 8.308158E-02 5.324751E-05
  3017   3664   5113 1.526848E-06 4.511183E-02 3.781228E-05
  3018   1109   3008 3.522030E-06 6.285132E-02 5.181625E-05
  3019      2    332 1.391189E-05 2.255281E-02 3.194055E-04
  3020    964   2864 2.805372E-06 4.752220E-02 3.741184E-05
  3021     22   5264 3.541886E-06 2.832652E-02 1.193798E-04
  3022   2281   4281 5.155247E-06 4.871047E-02 3.649370E-05
  3023   1434   2810 4.848055E-06 6.538667E-02 4.416489E-05
  3024      1   6450 3.006515E-06 5.764165E-02 2.944955E-04
  3025    894   5153 3.580298E-06 6.439461E-02 3.668238E-05
  3026   2655   6756 3.091653E-06 2.250455E-02 2.371875E-05
  3027    163    332 1.117775E-05 2.169231E-02 7.101542E-05
  3028    894   1977 9.591645E-07 2.795085E-02 8.847552E-05
  3029   3299   6756 4.103605E-06 4.566700E-02 4.473849E-05
  3030    894   5526 3.328017E-06 6.838664E-02 4.711361E-05
  3031   1977   2020 3.596922E-06 2.796562E-02 4.142628E-05
  3032   2963   3510 3.468743E-06 4.278160E-02 3.960794E-05
  3033    557    894 5.898891E-06 2.926983E-02 6.596680E-05
  3034   1109   5745 3.114838E-06 7.300251E-02 5.068855E-05
  3035      1   4254 3.890997E-06 3.160820E-02 2.943281E-04
  3036      1    678 5.589065E-06 2.830180E-02 3.078748E-04
  3037     73    678 4.503982E-06 7.238840E-02 1.118507E-04
  3038   4834   4907 3.159970E-06 5.740699E-02 2.724663E-05
  3039    973   3510 4.472346E-06 4.124011E-02 3.921619E-05
  3040    867   1185 4.341795E-06 2.996415E-02 3.577611E-05
  3041   3083   3208 2.814282E-06 7.388536E-02 4.220320E-05
  3042    904   4540 4.077383E-06 4.612968E-02 4.222865E-05
  3043      4   5350 3.832449E-06 6.501827E-02 2.180352E-04
  3044   4907   6032 2.621316E-06 7.655213E-02 1.992964E-05
  3045    973   2603 5.721228E-06 5.182620E-02 3.619062E-05
  3046     54    247 1.286325E-05 4.288618E-02 1.692812E-04
  3047   1137   2130 1.794647E-06 3.284714E-02 6.499692E-05
  3048    114    293 1.010354E-05 1.631474E-02 7.843098E-05
  3049    116   3718 4.238699E-06 6.240787E-02 7.844312E-05
  3050    116   2880 4.396890E-06 4.048882E-02 6.345924E-05
  3051    116   1906 6.639687E-06 1.073605E-02 6.983233E-05
  3052    788   1906 6.704060E-06 3.219508E-02 7.210035E-05
  3053    867   3596 3.150141E-06 6.089325E-02 3.512912E-05
  3054    116   5450 6.485657E-06 1.518404E-02 8.753482E-05
  3055    557   3492 4.018590E-06 1.811867E-02 4.296298E-05
  3056   1405   2755 4.399254E-06 4.600942E-02 3.142235E-05
  3057    551    904 7.137979E-06 2.663366E-02 4.230221E-05
  3058     12   1418 3.933824E-06 6.804144E-02 1.816642E-04
  3059   3289   3440 4.026640E-06 4.530073E-02 2.806368E-05
  3060   2737   3401 2.625849E-06 7.045700E-02 3.918315E-05
  3061   2963   5153 1.406901E-06 1.733438E-02 5.331296E-05
  3062    964   2806 3.002464E-06 4.924928E-02 6.258552E-05
  3063     12   2594 6.590350E-06 7.453169E-02 1.385895E-04
  3064    114   2698 4.012973E-06 4.919549E-02 7.734564E-05
  3065   3718   5450 4.054632E-06 4.746962E-02 2.914115E-05
  3066   1790   1959 1.983000E-06 1.030591E-02 5.478401E-05
  3067   1434   2452 5.069052E-06 5.638731E-02 7.713161E-05
  3068      1   3710 1.467559E-06 3.957084E-02 3.074283E-04
  3069   1109   3208 3.000939E-06 4.480114E-02 4.504125E-05
  3070     68   1418 6.983147E-06 3.304921E-02 1.383746E-04
  3071    964   6003 4.557069E-06 3.908096E-02 3.894734E-05
  3072     12   5877 4.003504E-06 2.581624E-02 1.499038E-04
  3073    293    551 9.025139E-06 2.263614E-02 6.980540E-05
  3074   3927   5326 9.603100E-07 2.795085E-02 5.446966E-05
  3075   2644   3319 3.938902E-06 4.530498E-02 2.776551E-05
  3076   3319   4191 4.188203E-06 6.304549E-02 2.072242E-05
  3077     73   3653 4.129350E-06 7.061818E-02 7.262232E-05
  3078   3710   6450 4.247108E-06 4.250262E-02 3.376219E-05
  3079    894   3473 4.412836E-06 8.091120E-02 3.798863E-05
  3080     54    136 1.779840E-05 2.307149E-02 1.387533E-04
  3081    557    973 6.429806E-06 3.067677E-02 6.368240E-05
  3082     89    136 1.453012E-05 5.303756E-02 1.112472E-04
  3083     68   2594 4.974616E-06 2.665970E-02 6.729473E-05
  3084      2   5618 1.106557E-05 2.126164E-02 2.578183E-04
  3085   2644   2904 4.196818E-06 6.783721E-02 1.890652E-05
  3086   6743   6756 3.760471E-06 4.641038E-02 1.758471E-05
  3087   1460   4281 5.520712E-06 6.610452E-02 4.587602E-05
  3088     73   6764 3.912951E-06 5.561379E-02 5.300028E-05
  3089    111    338 1.053819E-05 1.755409E-02 1.262735E-04
  3090    894   2963 4.236212E-06 1.629042E-02 4.667913E-05
  3091     54   3475 4.637154E-06 6.404190E-02 1.574888E-04
  3092    973   1418 6.212612E-06 4.635938E-02 6.022203E-05
  3093   2305   3593 4.062845E-06 8.798863E-02 4.200504E-05
  3094   2786   3593 4.406509E-06 4.137157E-02 3.511051E-05
  3095   2655   6743 3.487793E-06 6.579089E-02 3.362026E-05
  3096   3068   5212 3.289662E-06 5.121437E-02 3.278489E-05
  3097      4   1293 7.060914E-06 4.045785E-02 2.597194E-04
  3098   1906   2880 4.725536E-06 4.365714E-02 7.426795E-05
  3099   4637   6450 2.428053E-06 5.071171E-02 2.750600E-05
  3100    678   3710 2.237726E-06 3.690505E-02 5.399054E-05
  3101   1137   2283 6.370540E-06 4.297458E-02 4.328844E-05
  3102    144   2880 3.664699E-06 2.617744E-02 1.138908E-04
  3103      4   5337 1.212417E-05 7.147652E-02 8.132087E-05
  3104     54   2610 2.665986E-06 5.091641E-02 1.467454E-04
  3105      4    957 2.816463E-06 8.092568E-02 2.728328E-04
  3106   2880   5450 1.982739E-06 2.865540E-02 6.524213E-05
  3107      1   6496 2.177268E-06 5.308303E-02 2.966731E-04
  3108   4615   4721 3.641636E-06 5.572457E-02 4.460636E-05
  3109    867   2799 1.359630E-06 2.015942E-02 2.653039E-05
  3110    557   1418 5.437262E-06 7.900000E-02 5.952648E-05
  3111    293   2698 3.765868E-06 5.709968E-02 5.146339E-05
  3112   2655   3068 3.667937E-06 6.324900E-02 6.724475E-05
  3113   3068   3752 3.971587E-06 4.478618E-02 3.711729E-05
  3114    116    372 9.971226E-06 1.286774E-02 8.016338E-05
  3115   3653   4628 4.262432E-06 3.441188E-02 5.386766E-05
  3116   1004   4254 9.328749E-07 6.250000E-02 7.835196E-05
  3117   3710   4637 9.588633E-07 4.419417E-02 3.686508E-05
  3118    678   4628 3.265343E-06 2.838660E-02 4.503474E-05
  3119   1846   3475 3.705525E-06 6.580628E-02 2.793983E-05
  3120   2341   3444 2.948725E-06 5.196906E-02 2.565658E-05
  3121     68    557 5.211978E-06 5.801546E-02 1.690946E-04
  3122   2904   5326 4.009712E-06 2.977450E-02 2.666975E-05
  3123    144   5450 4.769683E-06 2.432006E-02 1.236541E-04
  3124    372   5450 6.337803E-06 3.719299E-02 7.869396E-05
  3125    993   2246 6.156716E-06 8.189155E-02 8.212514E-05
  3126   3653   6764 1.397546E-06 7.900000E-02 2.758232E-05
  3127     68    973 4.105636E-06 7.900000E-02 1.770232E-04
  3128   1665   2963 5.476271E-06 4.825896E-02 4.096535E-05
  3129    557   3473 3.895258E-06 3.199120E-02 6.913066E-05
  3130   2806   3575 2.369797E-06 8.641063E-02 3.742466E-05
  3131      2    136 7.826679E-06 2.884081E-02 3.659574E-04
  3132      2   2442 5.416271E-06 3.665309E-02 4.012337E-04
  3133   3319   3593 4.460831E-06 5.706635E-02 3.439872E-05
  3134     54    348 1.057369E-05 2.436439E-02 1.131718E-04
  3135     54   1846 4.260461E-06 4.103651E-02 1.381725E-04
  3136    973   2341 3.010500E-06 3.146941E-02 5.930349E-05
  3137    136    311 5.363885E-06 6.205253E-02 1.287915E-04
  3138    957   1071 8.359683E-06 4.341591E-02 5.070348E-05
  3139      4     43 1.447406E-05 4.962305E-02 2.745007E-04
  3140   1906   2420 4.274337E-06 1.664684E-02 7.905734E-05
  3141   5679   6764 2.683883E-06 2.979495E-02 4.062782E-05
  3142   2929   4675 2.809127E-06 4.656226E-02 2.758473E-05
  3143      2    133 8.844000E-06 1.633570E-02 4.122482E-04
  3144   5204   6743 2.992491E-06 5.540879E-02 2.078778E-05
  3145   1852   2246 3.009716E-06 3.714452E-02 5.713132E-05
  3146   4637   6496 3.340042E-06 3.931286E-02 2.424638E-05
  3147    678   1381 3.879109E-06 2.984864E-02 6.827850E-05
  3148    338    760 5.771124E-06 4.488063E-02 8.506417E-05
  3149    557   3644 2.988457E-06 6.284759E-02 3.278172E-05
  3150      4   1071 7.433521E-06 3.611987E-02 2.736670E-04
  3151      4   1640 3.568191E-06 5.004429E-02 2.623827E-04
  3152    799    993 2.989488E-06 7.714104E-02 9.132512E-05
  3153    116    144 1.142164E-05 1.389946E-02 8.034396E-05
  3154      4     38 2.967813E-05 2.071558E-02 2.551777E-04
  3155      1   1245 8.105711E-06 4.093464E-02 3.699566E-04
  3156      1   4804 4.362423E-06 5.222739E-02 2.772780E-04
  3157     54   5782 2.695768E-06 2.336505E-02 1.220376E-04
  3158    702   1880 3.662743E-06 4.965844E-02 4.797162E-05
  3159      2     22 5.746282E-06 6.448210E-02 3.385699E-04
  3160    293    444 9.576589E-07 4.419417E-02 1.138010E-04
  3161    144   1906 7.321089E-06 1.853046E-02 8.235256E-05
  3162     38     43 2.950858E-05 3.059379E-02 8.948847E-05
  3163   2341   3575 4.254568E-06 4.120839E-02 4.799175E-05
  3164      1   1004 5.769254E-06 4.703086E-02 3.161261E-04
  3165    163    348 5.942748E-06 3.756695E-02 1.547719E-04
  3166      4   1618 3.972580E-06 2.138545E-02 2.231652E-04
  3167   1273   5001 4.399553E-06 3.102778E-02 2.181111E-05
  3168    678   5270 4.539186E-06 4.750246E-02 3.568471E-05
  3169    111   1593 4.703868E-06 2.807485E-02 7.440792E-05
  3170    133   2442 5.896234E-06 2.582663E-02 1.094832E-04
  3171   2904   6498 2.963387E-06 1.689480E-02 3.783711E-05
  3172    116   2420 6.899518E-06 2.288270E-02 1.180270E-04
  3173      1    244 2.495974E-05 6.714978E-02 2.023953E-04
  3174    293   5712 3.477768E-06 7.670939E-02 5.461369E-05
  3175   3319   5310 2.999286E-06 6.042606E-02 3.797224E-05
  3176    878   2049 4.136799E-06 6.721163E-02 3.690882E-05
  3177   1667   5270 2.980501E-06 5.870647E-02 3.733123E-05
  3178    116   5019 4.299229E-06 3.541038E-02 7.340626E-05
  3179   1539   6287 2.958989E-06 5.487285E-02 3.789265E-05
  3180    111   2869 2.173823E-06 7.553261E-02 1.180687E-04
  3181   5310   6498 3.750633E-06 6.540233E-02 2.664727E-05
  3182   5204   5210 1.501532E-06 2.976119E-02 3.751174E-05
  3183      1   4348 2.992151E-06 5.137053E-02 3.566480E-04
  3184    799   2246 5.165487E-06 6.152425E-02 4.428160E-05
  3185    116   3957 2.425494E-06 7.545582E-02 1.048928E-04
  3186   1667   3653 3.330149E-06 2.582568E-02 5.097497E-05
  3187   1004   5270 3.726750E-06 8.595002E-02 2.699246E-05
  3188   2566   2869 5.961005E-06 6.518250E-02 3.287261E-05
  3189   2442   4869 3.556451E-06 1.947069E-02 3.913940E-05
  3190   3653   5679 4.303426E-06 6.429678E-02 3.676102E-05
  3191    678   3653 3.016691E-06 5.378449E-02 5.280341E-05
  3192      2    163 1.676203E-05 3.881307E-02 3.882461E-04
  3193    904   3266 2.426685E-06 7.385760E-02 5.593739E-05
  3194    678   1004 3.753127E-06 4.030619E-02 4.611600E-05
  3195   1840   2008 6.114618E-06 7.580748E-02 4.210268E-05
  3196   1460   4455 1.976968E-06 2.987426E-02 4.451210E-05
  3197      1   5638 7.975785E-06 2.368357E-02 3.040147E-04
  3198      1   3653 7.156065E-06 2.016261E-02 3.066450E-04
  3199   3957   5019 3.876192E-06 7.687607E-02 2.283449E-05
  3200   2213   5638 4.052371E-06 4.606239E-02 3.767544E-05
  3201    144   2420 3.292283E-06 7.694718E-02 5.971564E-05
  3202   1460   4442 3.330953E-06 6.307627E-02 3.561139E-05
  3203      1   5458 6.755777E-06 3.138074E-02 2.340549E-04
  3204      1   5679 2.921307E-06 5.461025E-02 2.648222E-04
  3205    144    943 8.447457E-06 1.209510E-02 5.303713E-05
  3206   1906   5071 5.270860E-06 2.734285E-02 7.484063E-05
  3207   2558   5019 3.136085E-06 6.641508E-02 3.214052E-05
  3208      1   1691 6.075074E-06 4.666025E-02 3.239698E-04
  3209      1   5160 5.763724E-06 4.536939E-02 3.694609E-04
  3210   2049   4455 3.002989E-06 4.031456E-02 3.167108E-05
  3211    702   3642 1.797853E-06 8.309048E-02 4.160244E-05
  3212   1508   6411 3.323201E-06 6.213802E-02 2.302671E-05
  3213   3567   3615 4.350826E-06 4.669335E-02 1.917547E-05
  3214   1004   1667 2.043961E-06 5.252593E-02 3.961464E-05
  3215   2947   4339 4.275114E-06 2.774859E-02 2.801885E-05
  3216    111   2947 9.431370E-06 3.932639E-02 8.360307E-05
  3217    348   5836 4.240023E-06 2.661005E-02 5.767069E-05
  3218    163   3670 3.649433E-06 6.011051E-02 8.023246E-05
  3219    128    133 1.500232E-05 2.423194E-02 1.112011E-04
  3220   6825   6826 3.035027E-06 2.751281E-02 3.020986E-05
  3221   3379   4721 1.355923E-06 1.586729E-02 7.165990E-05
  3222    163   3983 3.361463E-06 5.359485E-02 8.180081E-05
  3223   3567   6411 2.855525E-06 4.981515E-02 1.973379E-05
  3224      1   5784 4.481835E-06 4.442887E-02 2.864778E-04
  3225   2420   3796 4.207198E-06 1.848453E-02 5.234325E-05
  3226   2205   3567 3.144881E-06 5.918597E-02 3.290763E-05
  3227    338   2947 4.711351E-06 2.776977E-02 9.179605E-05
  3228   3796   5071 2.971603E-06 6.230277E-02 4.737962E-05
  3229    116   3796 5.914778E-06 3.269824E-02 1.359068E-04
  3230      1   2517 6.218229E-06 4.779943E-02 3.387794E-04
  3231      1   2213 5.385708E-06 3.389586E-02 3.367476E-04
  3232   1052   2566 3.832348E-06 7.442731E-02 5.801168E-05
  3233    163    340 8.540330E-06 5.537554E-02 1.110710E-04
  3234    293   2976 5.569379E-06 2.863833E-02 5.623089E-05
  3235   5426   6825 4.053230E-06 5.273066E-02 1.214801E-05
  3236    943   1906 5.764589E-06 2.846022E-02 1.208976E-04
  3237     18     43 3.169942E-05 4.257436E-02 9.421318E-05
  3238    338   5501 6.064610E-06 3.034929E-02 4.811561E-05
  3239      2   3670 3.516597E-06 3.389434E-02 2.900936E-04
  3240    128    311 2.189061E-06 7.654892E-02 1.629151E-04
  3241    131    133 1.296946E-05 2.394432E-02 6.474509E-05
  3242    293    902 4.442514E-06 5.167540E-02 1.211157E-04
  3243      1   5624 4.461234E-06 5.796536E-02 3.422735E-04
  3244      1   1508 4.478561E-06 1.977382E-02 3.535665E-04
  3245   4442   6294 4.336896E-06 5.122698E-02 1.699063E-05
  3246    799   4447 3.119714E-06 7.042953E-02 5.348231E-05
  3247   3379   4274 2.805430E-06 6.357600E-02 4.886754E-05
  3248   5301   6514 2.996942E-06 4.324154E-02 2.433297E-05
  3249   5430   6826 1.358760E-06 4.705116E-02 6.146853E-05
  3250    116    943 8.014942E-06 3.474691E-02 8.262978E-05
  3251   1508   3615 3.005153E-06 8.346433E-02 3.964639E-05
  3252    783   1367 4.852667E-06 4.410513E-02 4.321706E-05
  3253    111   1052 4.469375E-06 3.938533E-02 1.235321E-04
  3254     54   3850 4.999877E-06 2.526847E-02 7.435571E-05
  3255   3981   5071 4.420909E-06 5.275541E-02 3.260788E-05
  3256   1245   2205 3.898425E-06 5.004272E-02 2.548183E-05
  3257   2205   3615 2.809692E-06 6.528343E-02 2.774582E-05
  3258    128   2442 5.350544E-06 5.531227E-02 1.065911E-04
  3259      5    260 9.996588E-06 3.005770E-02 1.568441E-04
  3260   3089   5424 4.410622E-06 4.016137E-02 2.588422E-05
  3261      2    128 1.234997E-05 1.017797E-02 3.230161E-04
  3262    943   5071 1.010856E-06 6.250000E-02 9.114434E-05
  3263   2558   5512 3.535204E-06 6.780133E-02 4.198375E-05
  3264    144   3796 1.804386E-06 4.830940E-02 6.171396E-05
  3265   1508   2205 5.752361E-06 6.126723E-02 4.602981E-05
  3266    845   1852 4.917645E-06 5.232987E-02 5.701529E-05
  3267      4   6798 3.151977E-06 3.002773E-02 1.846399E-04
  3268     48     62 1.948189E-05 2.886594E-02 1.559358E-04
  3269    260   1400 4.826485E-06 3.901905E-02 5.931294E-05
  3270    116   6224 3.063314E-06 4.107894E-02 7.697943E-05
  3271     61     62 1.719429E-05 3.488323E-02 1.483701E-04
  3272     62    154 1.775352E-05 2.632031E-02 1.083266E-04
  3273      1   3042 3.756407E-06 4.473418E-02 3.272283E-04
  3274      1   2321 5.803033E-06 5.121532E-02 3.319838E-04
  3275   1565   1852 6.069077E-06 3.751841E-02 3.448729E-05
  3276    902   2976 3.804151E-06 2.285253E-02 4.329233E-05
  3277      4    260 4.725286E-06 4.147911E-02 2.412730E-04
  3278   5426   6826 2.175676E-06 2.457089E-02 6.584397E-05
  3279   3796   3981 4.222925E-06 3.592025E-02 4.422559E-05
  3280   2238   2640 4.718419E-06 3.537613E-02 3.201948E-05
  3281    340   3983 2.812815E-06 5.615909E-02 7.703653E-05
  3282    293   1499 4.819266E-06 2.942843E-02 7.874289E-05
  3283   1983   6775 2.938249E-06 2.603410E-02 3.968329E-05
  3284      4   2003 1.134181E-06 5.809581E-02 2.197762E-04
  3285    943   3981 3.874861E-06 2.303938E-02 7.501020E-05
  3286     62     72 1.657886E-05 4.632657E-02 1.386718E-04
  3287     62     63 8.920673E-06 5.789966E-02 1.688365E-04
  3288     61     63 2.204401E-05 3.019111E-02 1.565599E-04
  3289      1   1230 5.124369E-06 4.464905E-02 3.419599E-04
  3290     48     72 2.101216E-05 2.211129E-02 1.342156E-04
  3291     61    154 1.554141E-05 1.924956E-02 7.233203E-05
  3292    163    412 1.004364E-05 4.814412E-02 1.151413E-04
  3293    133   2410 6.202767E-06 4.597540E-02 8.191473E-05
  3294   1930   5198 4.481812E-06 5.810143E-02 4.143735E-05
  3295    845   1787 4.614470E-06 4.176312E-02 7.076483E-05
  3296   1736   2874 9.547668E-07 6.250000E-02 4.018375E-05
  3297     62    180 1.514557E-05 2.976276E-02 1.024761E-04
  3298    340   3850 4.248731E-06 6.206570E-02 6.030379E-05
  3299      2    340 1.292609E-05 2.080581E-02 2.688912E-04
  3300   2405   3681 9.645400E-07 3.011974E-02 4.664167E-05
  3301   2405   2795 1.404225E-06 1.976424E-02 5.136519E-05
  3302    943   5512 2.174360E-06 3.899142E-02 1.229714E-04
  3303    943   6224 1.736007E-06 1.642680E-02 8.076188E-05
  3304     63     72 2.505254E-05 3.677537E-02 8.981354E-05
  3305      1   1749 6.195011E-06 3.926364E-02 3.099277E-04
  3306   2947   4915 2.240101E-06 4.566012E-02 3.475236E-05
  3307    563   1236 5.748448E-06 7.235712E-02 9.496770E-05
  3308   1236   2903 3.930065E-06 4.310061E-02 3.882629E-05
  3309   1895   2903 2.808383E-06 8.520018E-02 2.663374E-05
  3310      2    131 1.119960E-05 3.013331E-02 4.199042E-04
  3311    943   3796 4.914166E-06 2.297811E-02 8.470430E-05
  3312    340    412 7.077462E-06 3.894804E-02 7.903430E-05
  3313      2     54 2.307954E-05 3.137663E-02 3.290863E-04
  3314    792   2164 6.116999E-06 3.420600E-02 6.031214E-05
  3315   1344   2131 2.809785E-06 3.889283E-02 3.871571E-05
  3316      2     15 3.646396E-05 3.349638E-02 4.396042E-04
  3317     82    154 1.448730E-05 2.530029E-02 1.116508E-04
  3318   3706   3850 3.299387E-06 5.654285E-02 3.596228E-05
  3319    491   2487 5.824263E-06 5.825315E-02 3.375554E-05
  3320     62     82 1.515323E-05 2.828137E-02 1.526783E-04
  3321     61     71 1.571797E-05 2.472334E-02 1.298843E-04
  3322   1230   2321 4.577732E-06 6.679608E-02 3.937648E-05
  3323      1   5564 6.166150E-06 4.281480E-02 3.510375E-04
  3324    157    180 1.015117E-05 3.504820E-02 8.726600E-05
  3325     61    129 2.105005E-05 3.032376E-02 1.077073E-04
  3326      1   6383 4.404431E-06 6.904885E-02 2.948678E-04
  3327   1787   1852 6.036756E-06 3.347978E-02 7.507391E-05
  3328      5   2487 3.174624E-06 4.274959E-02 1.452936E-04
  3329    340   3706 3.907787E-06 4.971120E-02 5.929636E-05
  3330    537    563 1.048458E-05 3.705405E-02 4.916003E-05
  3331   2899   3695 4.645694E-06 3.655690E-02 2.073911E-05
  3332   2405   3429 4.406799E-06 4.311288E-02 1.690215E-05
  3333      1   3592 3.115915E-06 4.713147E-02 3.050313E-04
  3334   1499   2999 2.998608E-06 5.445718E-02 5.517727E-05
  3335      5    491 1.032637E-05 5.320968E-02 1.721912E-04
  3336      5    780 7.539311E-06 3.973101E-02 2.410291E-04
  3337     45     56 2.107064E-05 3.704285E-02 1.331051E-04
  3338     63    129 1.929996E-05 7.423899E-02 1.183353E-04
  3339     61     97 8.637813E-06 5.166943E-02 1.421905E-04
  3340     71     97 1.471355E-05 2.361111E-02 1.114542E-04
  3341      1   2852 5.339472E-06 3.964429E-02 3.201006E-04
  3342    791    792 6.199773E-06 5.520681E-02 8.473261E-05
  3343   2756   5196 4.257414E-06 3.524117E-02 2.813077E-05
  3344     71    129 1.590849E-05 2.824598E-02 1.051061E-04
  3345      1     66 5.036531E-06 3.996102E-02 3.422013E-04
  3346   1563   1565 3.999059E-06 6.073376E-02 6.086887E-05
  3347    563   1895 3.555165E-06 2.720049E-02 7.538873E-05
  3348   3429   3681 2.816213E-06 7.596946E-02 6.370669E-05
  3349    132    157 1.847824E-05 3.427253E-02 5.871789E-05
  3350     82    180 1.521275E-05 6.823835E-02 1.237250E-04
  3351      1   3802 4.550948E-06 8.561109E-02 3.175307E-04
  3352    783   5271 3.566623E-06 8.442272E-02 3.786744E-05
  3353   1097   2131 4.650998E-06 4.473549E-02 5.650424E-05
  3354    440    791 1.068862E-05 3.656366E-02 4.167024E-05
  3355   1981   3695 4.077349E-06 5.574297E-02 7.106816E-05
  3356    260   1146 6.842918E-06 3.212970E-02 4.649848E-05
  3357     62    157 6.188805E-06 2.167822E-02 1.402623E-04
  3358     82     97 1.401931E-05 2.470919E-02 1.162964E-04
  3359     97    154 8.227202E-06 4.742394E-02 1.248121E-04
  3360   1143   4585 3.463465E-06 5.760162E-02 2.896011E-05
  3361    119    180 1.631562E-05 3.347440E-02 9.224621E-05
  3362     71     84 1.873490E-05 2.614420E-02 1.327661E-04
  3363     71    154 7.442200E-06 4.528354E-02 1.387008E-04
  3364   3802   5564 4.377592E-06 5.857318E-02 4.832413E-05
  3365   5028   6217 2.620278E-06 8.646358E-02 2.799145E-05
  3366   1353   3812 3.327201E-06 7.919010E-02 6.537684E-05
  3367     54   3706 3.607478E-06 2.995669E-02 5.639159E-05
  3368      2   3706 3.804702E-06 6.942468E-02 2.911888E-04
  3369    537   1321 5.821455E-06 3.029348E-02 4.105317E-05
  3370   1457   3681 2.810110E-06 5.122001E-02 6.277128E-05
  3371   1457   3429 4.193871E-06 2.447364E-02 3.408907E-05
  3372   3024   5198 4.597206E-06 6.835305E-02 2.722179E-05
  3373    132    208 1.746542E-05 4.123587E-02 8.616828E-05
  3374    132    180 1.028472E-05 5.580862E-02 1.206326E-04
  3375     18   1240 1.741728E-06 6.189576E-02 1.113172E-04
  3376    170    412 1.272540E-05 4.139507E-02 6.563777E-05
  3377    170    340 8.333386E-06 8.302813E-02 9.915543E-05
  3378   1146   1400 6.878295E-06 2.198131E-02 5.981576E-05
  3379     48    208 8.155524E-06 1.681302E-02 1.155776E-04
  3380   1598   2377 3.740519E-06 7.778307E-02 4.208161E-05
  3381     15    131 1.041738E-05 2.454871E-02 1.551368E-04
  3382     62    208 4.855941E-06 5.115506E-02 1.712714E-04
  3383     62    597 7.203223E-06 2.854849E-02 1.266087E-04
  3384     62    401 5.177762E-06 2.378446E-02 1.126333E-04
  3385   1563   6285 4.553103E-06 7.547434E-02 4.529769E-05
  3386    792   1182 6.070556E-06 3.273573E-02 7.332031E-05
  3387    792   2819 3.000636E-06 8.399321E-02 4.130451E-05
  3388   1321   1347 4.115169E-06 4.627245E-02 6.313193E-05
  3389   1223   1350 5.012224E-06 3.566204E-02 3.478594E-05
  3390      2      6 6.167916E-05 2.138589E-02 2.923409E-04
  3391   2756   6762 3.421902E-06 4.545185E-02 3.626518E-05
  3392     84    145 1.909677E-05 3.739651E-02 6.084108E-05
  3393     66     84 1.979231E-05 2.958617E-02 7.163226E-05
  3394   1142   1321 6.034068E-06 5.439737E-02 5.745301E-05
  3395    440   2513 4.574019E-06 2.892906E-02 7.198928E-05
  3396    537   1347 6.039494E-06 2.293184E-02 8.766321E-05
  3397   1528   5708 4.174067E-06 4.581040E-02 4.299455E-05
  3398    157   1176 4.156708E-06 4.915008E-02 5.739859E-05
  3399     82    119 1.418664E-05 5.731897E-02 1.442141E-04
  3400     66     71 1.687668E-05 5.295609E-02 1.766905E-04
  3401    440    768 6.450456E-06 3.188026E-02 7.839816E-05
  3402   1274   1981 5.244199E-06 4.400724E-02 3.792675E-05
  3403     91    131 1.648070E-05 3.531440E-02 5.597499E-05
  3404   3909   4262 3.941054E-06 4.819762E-02 3.783245E-05
  3405    208    597 6.863557E-06 2.395222E-02 1.057364E-04
  3406     62   1176 7.112726E-06 6.689120E-02 1.001869E-04
  3407    119    132 2.052041E-05 3.229016E-02 1.209707E-04
  3408   2885   4500 2.423245E-06 7.387587E-02 3.220092E-05
  3409   1123   1528 6.952542E-06 4.248294E-02 7.185305E-05
  3410   1146   1924 5.174118E-06 3.240920E-02 3.313262E-05
  3411     66    103 1.952528E-05 2.541506E-02 8.564450E-05
  3412      2   5750 6.884767E-06 5.387406E-02 1.976507E-04
  3413    876   1038 5.834995E-06 4.126569E-02 5.655597E-05
  3414   1223   3558 3.721291E-06 7.559055E-02 3.295860E-05
  3415   1025   3558 1.402508E-06 5.102906E-02 3.244838E-05
  3416   1123   2181 2.175987E-06 8.105290E-02 8.697603E-05
  3417    103    120 1.239281E-05 2.812104E-02 2.255377E-04
  3418      2   5699 5.471867E-06 3.521427E-02 1.899495E-04
  3419    529    791 5.972084E-06 4.655418E-02 7.236709E-05
  3420   1285   2513 4.213021E-06 6.015888E-02 4.476805E-05
  3421    876   1528 1.801100E-06 7.093439E-02 7.300084E-05
  3422    131   1553 3.930065E-06 3.356099E-02 6.099570E-05
  3423    824   1123 4.253688E-06 7.353947E-02 8.367950E-05
  3424      5   1146 4.285663E-06 5.122542E-02 1.651800E-04
  3425   2756   3491 5.354038E-06 6.062826E-02 3.504476E-05
  3426     48     61 4.587168E-06 3.369733E-02 2.438166E-04
  3427    105    129 1.208306E-05 4.102657E-02 1.073200E-04
  3428    180   2126 3.201936E-06 4.564894E-02 8.523465E-05
  3429     71    103 1.036031E-05 4.167331E-02 1.587820E-04
  3430   1350   3558 4.233424E-06 4.196648E-02 2.355412E-05
  3431    772    824 5.537415E-06 1.736820E-02 7.208518E-05
  3432   3491   6762 4.176779E-06 6.152399E-02 5.732048E-05
  3433      4   2719 4.258493E-06 6.174187E-02 2.222348E-04
  3434     66    145 1.522434E-05 4.161875E-02 8.778188E-05
  3435   1870   2368 4.314781E-06 3.682775E-02 5.477522E-05
  3436     71    120 1.003265E-05 4.488834E-02 1.904837E-04
  3437    675    925 6.755291E-06 3.152796E-02 9.912472E-05
  3438    768   1285 5.964704E-06 4.503859E-02 9.056399E-05
  3439    764    876 3.152658E-06 4.105623E-02 7.562223E-05
  3440     91   2410 2.848054E-06 6.066930E-02 8.212630E-05
  3441     91    128 1.604951E-05 3.453979E-02 1.081436E-04
  3442     72     90 1.993471E-05 3.631316E-02 7.269157E-05
  3443     63    105 1.491698E-05 2.457760E-02 8.928857E-05
  3444     63    401 7.090631E-06 6.170778E-02 1.616463E-04
  3445     61    401 7.324374E-06 3.141035E-02 1.489989E-04
  3446     82    324 8.255566E-06 4.729788E-02 1.116342E-04
  3447     62    324 7.029449E-06 4.324626E-02 1.443679E-04
  3448    106   1240 6.643711E-06 3.253784E-02 1.177008E-04
  3449     61     82 7.059963E-06 5.247490E-02 1.575462E-04
  3450    844    925 2.368271E-06 4.777217E-02 4.769223E-05
  3451    772   1077 5.753340E-06 5.214404E-02 4.921817E-05
  3452     18     38 1.693228E-05 4.077702E-02 1.477384E-04
  3453      2    170 1.853670E-05 3.271420E-02 2.850992E-04
  3454    764   1038 8.411043E-06 4.300345E-02 4.115828E-05
  3455   1032   1123 4.473243E-06 1.851665E-02 3.299960E-05
  3456      5   1924 6.695566E-06 4.696397E-02 1.548959E-04
  3457   3024   3491 5.311911E-06 4.115129E-02 3.662502E-05
  3458    105    121 1.330652E-05 1.827797E-02 1.451378E-04
  3459    180    324 4.000335E-06 3.307876E-02 7.817954E-05
  3460    121    145 1.576232E-05 2.955817E-02 8.144785E-05
  3461      9     54 2.283210E-05 3.417392E-02 1.566568E-04
  3462    440    529 8.811641E-06 3.132795E-02 8.391506E-05
  3463     63     90 2.148922E-05 2.610684E-02 8.771550E-05
  3464    157    270 4.457813E-06 1.691173E-02 8.846519E-05
  3465     62   1865 4.577847E-06 5.606083E-02 6.513694E-05
  3466     62   6152 4.865950E-06 3.952202E-02 6.970871E-05
  3467     66     96 1.871049E-05 2.047411E-02 9.097496E-05
  3468    118    145 1.115619E-05 2.406278E-02 9.905739E-05
  3469     66    118 6.262228E-06 6.179494E-02 1.418939E-04
  3470     82    113 1.678612E-05 3.072863E-02 1.253315E-04
  3471     97    113 1.736082E-05 3.156733E-02 9.883942E-05
  3472   1598   2374 3.135421E-06 6.005002E-02 3.700240E-05
  3473    953   1142 5.904632E-06 5.899242E-02 6.958317E-05
  3474   1347   1954 4.792953E-06 7.439154E-02 4.230771E-05
  3475      2     91 5.469462E-06 2.121182E-02 3.880706E-04
  3476    119    182 1.375984E-05 2.381016E-02 1.102855E-04
  3477   5749   5750 9.459787E-07 6.250000E-02 3.666098E-05
  3478    188   1285 7.454148E-06 4.863697E-02 9.293842E-05
  3479    289    764 6.314120E-06 4.826422E-02 9.478649E-05
  3480   1680   2529 5.033503E-06 6.438989E-02 3.626095E-05
  3481   2719   5349 3.138814E-06 5.631421E-02 2.099390E-05
  3482    106   1769 5.878458E-06 6.184858E-02 1.212060E-04
  3483   1743   2368 4.178225E-06 6.285810E-02 4.373794E-05
  3484     97    120 1.509371E-05 5.575518E-02 1.651892E-04
  3485     15   1553 3.139607E-06 4.753144E-02 1.499679E-04
  3486   1457   1680 5.872088E-06 4.566027E-02 4.160178E-05
  3487   3024   3166 4.029424E-06 6.223803E-02 5.419081E-05
  3488    270   1176 3.912455E-06 3.435778E-02 9.264241E-05
  3489     82    182 1.616599E-05 3.130594E-02 1.336665E-04
  3490    188    768 8.359137E-06 3.226480E-02 1.039859E-04
  3491   2940   3402 3.003633E-06 7.753521E-02 2.850144E-05
  3492   3491   3495 4.221774E-06 7.419560E-02 4.951438E-05
  3493     45   3133 5.130540E-06 2.392662E-02 8.776070E-05
  3494   1176   2126 4.465959E-06 3.235810E-02 4.614823E-05
  3495   6100   6152 3.358065E-06 8.842167E-02 2.609755E-05
  3496   1870   4371 3.176778E-06 6.189871E-02 6.007475E-05
  3497    529   1182 6.230233E-06 3.580712E-02 8.609482E-05
  3498    188    289 3.691096E-06 2.808616E-02 8.709303E-05
  3499    772   1313 7.126662E-06 4.832313E-02 4.687446E-05
  3500      5     70 2.658036E-05 3.808116E-02 1.937140E-04
  3501     48    268 1.191800E-05 1.596803E-02 1.158541E-04
  3502     48     90 1.971183E-05 2.775568E-02 2.100198E-04
  3503     48    597 3.559242E-06 3.061362E-02 1.135666E-04
  3504    401   6258 4.361663E-06 4.226244E-02 6.467922E-05
  3505     61     72 4.048100E-06 7.388302E-02 1.732629E-04
  3506     61    290 1.064165E-05 2.802697E-02 8.976151E-05
  3507    914   1769 4.581886E-06 4.947244E-02 4.024918E-05
  3508    170   4208 2.363505E-06 7.328744E-02 8.498886E-05
  3509      2   5749 1.126110E-05 7.877449E-02 1.845713E-04
  3510     33     56 1.871628E-05 3.622850E-02 1.295529E-04
  3511    208    270 5.975601E-06 5.876719E-02 9.212068E-05
  3512    132    270 1.566528E-05 3.733433E-02 6.877028E-05
  3513     62   6243 3.042681E-06 4.943246E-02 9.200838E-05
  3514     63   1212 5.486791E-06 3.135308E-02 5.102482E-05
  3515     96    118 1.483167E-05 1.898741E-02 9.331611E-05
  3516   1416   1563 1.407865E-06 1.250000E-02 5.487092E-05
  3517    170   4346 2.959346E-06 3.405305E-02 7.386691E-05
  3518     33     45 2.882665E-05 3.183859E-02 9.599201E-05
  3519      5   2468 3.134506E-06 8.001344E-02 1.688631E-04
  3520      4     70 2.306452E-05 4.712794E-02 2.322920E-04
  3521    208    268 1.115704E-05 3.254012E-02 1.354316E-04
  3522   2751   5159 3.956634E-06 7.603790E-02 1.672818E-05
  3523     61   2751 4.570977E-06 3.449588E-02 8.128854E-05
  3524   1080   1884 4.911080E-06 5.203982E-02 3.826823E-05
  3525     15     91 1.302634E-05 2.379861E-02 1.549310E-04
  3526    254   2695 3.774781E-06 4.902119E-02 5.909345E-05
  3527     61   1212 2.964325E-06 4.116160E-02 1.086257E-04
  3528    132   2126 4.488496E-06 2.548522E-02 8.387173E-05
  3529    129    290 8.159337E-06 5.712931E-02 1.021759E-04
  3530    324   4216 3.145117E-06 3.999893E-02 5.836269E-05
  3531   2222   4196 3.007180E-06 4.773202E-02 4.822930E-05
  3532     56    254 9.229144E-06 3.914658E-02 2.212156E-04
  3533     63    155 1.131519E-05 4.314278E-02 1.213005E-04
  3534     48   6243 3.651550E-06 5.023079E-02 1.301821E-04
  3535    270   2126 3.960872E-06 3.332429E-02 7.648506E-05
  3536     61   3892 1.367691E-06 5.721455E-02 8.624697E-05
  3537    118    121 1.913403E-05 3.092324E-02 9.456158E-05
  3538     44     82 4.000557E-06 5.367600E-02 2.025246E-04
  3539     94     97 1.673759E-05 2.516636E-02 1.448536E-04
  3540    103    134 1.579135E-05 2.603971E-02 1.170019E-04
  3541   1182   2464 4.145085E-06 4.662016E-02 6.329819E-05
  3542    763   1123 4.546381E-06 2.782750E-02 9.168322E-05
  3543     48     79 2.389140E-05 2.927357E-02 1.594401E-04
  3544     38     70 2.155062E-05 7.788938E-02 1.215141E-04
  3545    174    208 1.517280E-05 2.954816E-02 1.321026E-04
  3546    401   1865 2.623487E-06 4.987801E-02 8.172976E-05
  3547    129    213 3.774814E-06 2.586953E-02 8.927280E-05
  3548      2   5559 5.283458E-06 2.779776E-02 2.882179E-04
  3549    953   1954 5.381685E-06 4.588934E-02 5.421139E-05
  3550      2    231 4.231729E-05 3.268986E-02 1.727755E-04
  3551   3573   6658 4.393466E-06 6.204261E-02 1.474814E-05
  3552     48   3381 3.591267E-06 5.422802E-02 1.396401E-04
  3553   2126   4997 2.977149E-06 3.954064E-02 2.160517E-05
  3554    675   2361 2.950782E-06 7.316846E-02 6.463007E-05
  3555   1080   1198 3.265224E-06 3.834039E-02 4.974594E-05
  3556     72   4047 5.685357E-06 5.741676E-02 4.923622E-05
  3557    105    155 8.277892E-06 6.607751E-02 1.101128E-04
  3558     72    401 4.024920E-06 4.687465E-02 9.707588E-05
  3559    401   6243 1.799404E-06 5.870035E-02 7.701069E-05
  3560    401   6100 3.160941E-06 7.564140E-02 7.047106E-05
  3561   1212   3892 3.644973E-06 2.898243E-02 4.316648E-05
  3562     71    213 9.554598E-07 4.419417E-02 1.519621E-04
  3563     94    120 1.954036E-05 1.984464E-02 1.026756E-04
  3564    120    134 1.532817E-05 1.540965E-02 8.940774E-05
  3565   2965   3491 4.815773E-06 6.397211E-02 2.723789E-05
  3566    270    597 4.198937E-06 2.893857E-02 7.786807E-05
  3567    597   6113 3.735020E-06 4.497594E-02 4.875065E-05
  3568    121    172 1.460587E-05 1.674632E-02 1.103762E-04
  3569     82    654 9.015721E-06 2.781863E-02 6.636819E-05
  3570   2374   4448 4.206713E-06 4.101401E-02 3.231920E-05
  3571      9   4208 3.906593E-06 3.912735E-02 1.879322E-04
  3572      2   4346 1.351657E-06 4.548643E-02 3.130406E-04
  3573   1884   5671 4.051256E-06 4.822218E-02 3.079435E-05
  3574    105    172 9.091815E-06 3.027610E-02 1.324254E-04
  3575    324    401 3.332011E-06 4.620685E-02 1.590817E-04
  3576     61   6157 1.410754E-06 4.619905E-02 9.342959E-05
  3577     84    390 1.183782E-05 2.545560E-02 7.943768E-05
  3578   3564   6731 3.151558E-06 6.666429E-02 2.481607E-05
  3579   1198   2940 3.221268E-06 5.816546E-02 5.107286E-05
  3580   1123   1984 1.396825E-06 6.250000E-02 4.701220E-05
  3581   1032   1984 4.864129E-06 3.911186E-02 5.673919E-05
  3582      6     15 3.425485E-05 1.994533E-02 2.523201E-04
  3583   1011   3381 3.088913E-06 4.619602E-02 4.862726E-05
  3584   2751   6157 3.332232E-06 4.009154E-02 2.210896E-05
  3585     61   3662 4.070108E-06 6.148622E-02 8.593681E-05
  3586     44   5093 4.098441E-06 3.670996E-02 1.658815E-04
  3587     71   1514 5.222932E-06 4.822472E-02 1.507286E-04
  3588    175   4208 4.093766E-06 2.084395E-02 7.977557E-05
  3589      2      9 3.153172E-05 2.514073E-02 3.799736E-04
  3590   1168   1884 4.593016E-06 6.215483E-02 4.622362E-05
  3591   1150   3133 3.760402E-06 4.841036E-02 3.949071E-05
  3592    208   1642 5.073074E-06 5.138967E-02 6.202278E-05
  3593    401   3381 5.602287E-06 4.323683E-02 6.250497E-05
  3594    105    213 1.393382E-05 4.381055E-02 6.897525E-05
  3595    119    367 1.087541E-05 3.102031E-02 7.798849E-05
  3596     97    628 7.324774E-06 2.560908E-02 6.975821E-05
  3597      9   4346 3.324689E-06 7.277313E-02 1.606150E-04
  3598   4047   6258 2.587821E-06 7.900000E-02 4.096735E-05
  3599    102    132 1.788721E-05 2.598937E-02 1.379324E-04
  3600     38   1154 6.185088E-06 5.172260E-02 1.562968E-04
  3601    324   6113 1.410701E-06 5.562876E-02 8.067380E-05
  3602    401   4123 4.383353E-06 4.849013E-02 7.446112E-05
  3603    119    324 4.752289E-06 3.097483E-02 8.349943E-05
  3604   2751   3302 1.977654E-06 1.214965E-02 3.800842E-05
  3605     61   1363 4.369672E-06 4.018248E-02 1.319788E-04
  3606     71    628 3.076038E-06 3.873588E-02 9.334899E-05
  3607    418   1093 6.344857E-06 3.785028E-02 7.146450E-05
  3608    763   2303 5.678944E-06 4.378084E-02 5.493083E-05
  3609     60    268 1.358465E-05 1.951546E-02 1.013396E-04
  3610   4047   6257 4.412531E-06 6.934360E-02 3.700236E-05
  3611   6257   6258 3.775150E-06 4.327590E-02 3.700610E-05
  3612    324   4997 1.731876E-06 4.941532E-02 8.313734E-05
  3613    324   5635 3.221892E-06 4.576868E-02 6.915716E-05
  3614    401   3892 3.371203E-06 3.651823E-02 6.942162E-05
  3615     71   6404 4.521189E-06 3.543897E-02 6.708995E-05
  3616    103   2288 4.468990E-06 3.162934E-02 7.028894E-05
  3617      9    175 1.409137E-05 1.784573E-02 1.794778E-04
  3618    529   2464 3.776201E-06 6.506670E-02 1.218323E-04
  3619   1808   2812 4.193971E-06 3.462171E-02 4.868982E-05
  3620   1733   4645 4.353465E-06 4.672291E-02 2.961405E-05
  3621     90    212 1.511134E-05 2.306846E-02 1.070236E-04
  3622    268   1642 4.888707E-06 2.756415E-02 5.195608E-05
  3623     48   1642 4.475244E-06 4.704240E-02 1.011036E-04
  3624    208   5024 2.424789E-06 3.906070E-02 6.737743E-05
  3625   2050   5093 3.177457E-06 3.161224E-02 4.447776E-05
  3626   1032   2812 4.209821E-06 4.059866E-02 7.293460E-05
  3627    763   1984 5.042606E-06 5.879531E-02 5.063160E-05
  3628     60     79 1.378123E-05 2.575627E-02 1.034901E-04
  3629   3352   3767 2.995379E-06 8.576851E-02 2.931571E-05
  3630   5635   6113 3.477873E-06 7.979661E-02 1.857856E-05
  3631     44    324 7.193608E-06 3.351650E-02 1.782812E-04
  3632    324   2050 2.663213E-06 2.443098E-02 6.822055E-05
  3633    324   5093 2.850479E-06 4.707150E-02 5.397204E-05
  3634     44   2050 3.001069E-06 6.575884E-02 1.585797E-04
  3635    121    390 6.507122E-06 1.903115E-02 1.266951E-04
  3636    145    390 5.176058E-06 4.989027E-02 1.033570E-04
  3637     82    508 5.121996E-06 4.146665E-02 8.521461E-05
  3638     82    921 1.411243E-06 4.671572E-02 1.014181E-04
  3639     97    921 5.415339E-06 2.804669E-02 6.742941E-05
  3640    768   1023 5.307304E-06 4.262499E-02 5.873759E-05
  3641   1347   1805 5.439608E-06 6.381179E-02 5.715587E-05
  3642    211   4196 5.341665E-06 5.049829E-02 1.036369E-04
  3643    404   1198 4.895384E-06 4.395357E-02 7.938278E-05
  3644     56     64 2.179835E-05 2.718629E-02 1.511162E-04
  3645     48   1011 2.620269E-06 6.113844E-02 1.171336E-04
  3646   2711   6113 3.454679E-06 7.148028E-02 2.605969E-05
  3647    401   6096 3.706820E-06 4.861375E-02 6.892851E-05
  3648    182    367 8.238179E-06 5.752851E-02 1.201661E-04
  3649    170    175 1.638636E-05 2.793902E-02 9.177272E-05
  3650    359   1347 4.791389E-06 5.684105E-02 1.312294E-04
  3651   2463   3197 3.223341E-06 8.571895E-02 3.955521E-05
  3652    565   2463 9.547987E-07 4.419417E-02 4.410072E-05
  3653     48   2428 9.684258E-07 2.571672E-02 1.361183E-04
  3654    129   6163 3.429385E-06 7.741425E-02 8.668309E-05
  3655     13     91 1.873118E-05 3.364976E-02 2.210943E-04
  3656   1168   5671 4.765215E-06 5.027806E-02 6.367493E-05
  3657    404   1168 5.894414E-06 3.576490E-02 9.829957E-05
  3658    102    174 1.737678E-05 2.697592E-02 9.864396E-05
  3659    916   1011 6.705752E-06 4.413119E-02 4.409324E-05
  3660    597   2711 9.611770E-07 1.515848E-02 4.567160E-05
  3661    324   2126 3.264576E-06 7.912883E-02 8.649417E-05
  3662    401   5144 3.000349E-06 6.690182E-02 5.423416E-05
  3663    290    401 3.485209E-06 5.468820E-02 1.200562E-04
  3664     84    502 5.889193E-06 7.173639E-02 7.909646E-05
  3665     97   6409 3.672833E-06 4.767497E-02 7.006227E-05
  3666     61    508 3.859027E-06 7.048482E-02 1.778215E-04
  3667     66   1007 3.930064E-06 5.898550E-02 1.116826E-04
  3668   1113   2784 3.987186E-06 4.537587E-02 2.635431E-05
  3669    359   1805 4.028473E-06 7.707144E-02 1.016135E-04
  3670   1642   5024 3.153167E-06 5.274485E-02 3.416208E-05
  3671     38    370 5.719666E-06 6.216616E-02 1.194590E-04
  3672     18    370 9.116384E-06 5.310268E-02 9.768233E-05
  3673     44   4123 4.227455E-06 4.239029E-02 1.481428E-04
  3674    213    390 6.941114E-06 2.803866E-02 1.071361E-04
  3675     44    654 9.647918E-07 1.895314E-02 1.793065E-04
  3676     66   3160 3.842261E-06 8.831377E-02 6.209699E-05
  3677     96   1007 8.291442E-06 3.865489E-02 9.338752E-05
  3678     71    481 7.228413E-06 2.437868E-02 1.565422E-04
  3679    103    167 7.898704E-06 7.502123E-02 1.371175E-04
  3680    188    850 4.093858E-06 2.714827E-02 7.087363E-05
  3681    289   1432 5.531358E-06 1.847525E-02 1.004248E-04
  3682     33     64 2.529989E-05 2.682543E-02 1.199624E-04
  3683   5226   5250 3.387030E-06 3.364492E-02 3.786562E-05
  3684     38    403 2.624637E-06 6.459714E-02 1.301458E-04
  3685     90    252 9.330696E-06 2.074676E-02 1.013565E-04
  3686    252   4047 3.874190E-06 5.220904E-02 5.982576E-05
  3687    151    172 1.403965E-05 1.796053E-02 6.540827E-05
  3688    710   2340 5.537054E-06 5.335646E-02 3.275056E-05
  3689   4275   6096 3.927101E-06 4.481831E-02 2.277053E-05
  3690     44    401 3.427141E-06 1.922673E-02 1.875596E-04
  3691    132    367 1.173541E-05 2.383881E-02 1.358928E-04
  3692     71   6351 9.573923E-07 6.250000E-02 7.254698E-05
  3693    806   6404 2.439399E-06 6.085037E-02 4.602633E-05
  3694     84   3160 4.250911E-06 8.731310E-02 6.065569E-05
  3695    113    182 1.641469E-05 4.068868E-02 1.410855E-04
  3696     66   3300 3.330314E-06 2.802604E-02 5.441703E-05
  3697    134    167 1.482321E-05 1.927959E-02 1.122903E-04
  3698   1198   5671 2.505222E-06 2.844990E-02 3.129316E-05
  3699      2    797 1.478287E-05 7.589532E-02 2.517984E-04
  3700      5    565 6.631721E-06 3.719421E-02 1.951795E-04
  3701   1666   2965 4.180699E-06 6.351089E-02 6.945268E-05
  3702    155    212 1.667407E-05 3.603201E-02 7.797487E-05
  3703    151    155 1.390118E-05 2.747152E-02 7.805587E-05
  3704     90   5072 4.055702E-06 3.557598E-02 5.659171E-05
  3705    597    916 9.547726E-07 2.083333E-02 4.654122E-05
  3706    105   4044 4.444200E-06 4.659205E-02 5.290239E-05
  3707    710   1212 3.565030E-06 6.089382E-02 5.079873E-05
  3708    121    319 9.093247E-06 3.099319E-02 1.102389E-04
  3709    213   1768 3.729926E-06 5.354932E-02 7.232132E-05
  3710    103    481 5.342943E-06 4.140370E-02 1.171095E-04
  3711    103    296 6.078143E-06 3.793840E-02 7.565237E-05
  3712   2303   2812 5.748649E-06 3.456967E-02 5.708527E-05
  3713     90    155 1.262893E-05 5.151594E-02 1.139213E-04
  3714    208    308 5.799488E-06 4.348224E-02 1.079598E-04
  3715     90    742 7.785908E-06 3.535030E-02 8.538621E-05
  3716   4048   6257 4.469180E-06 7.135823E-02 8.893213E-06
  3717    118   1007 4.624888E-06 2.716526E-02 1.123069E-04
  3718     94    628 3.999547E-06 6.080905E-02 1.384600E-04
  3719    768   6077 3.804385E-06 2.816410E-02 5.639898E-05
  3720    188   2849 3.174071E-06 8.228504E-02 5.293147E-05
  3721   1368   2303 4.986064E-06 5.299472E-02 5.405960E-05
  3722     63    742 7.136892E-06 4.984169E-02 8.976694E-05
  3723    132    462 5.713814E-06 2.736839E-02 1.203329E-04
  3724   1363   3302 4.167109E-06 3.929920E-02 3.270920E-05
  3725     71    806 4.118213E-06 4.934853E-02 9.296807E-05
  3726     96    903 8.198516E-06 2.463716E-02 8.402037E-05
  3727   2288   4158 4.382601E-06 6.328616E-02 3.889660E-05
  3728    505   1805 5.586951E-06 2.457855E-02 7.478091E-05
  3729    289   2849 5.752042E-06 4.657211E-02 6.169169E-05
  3730    211    359 7.826105E-06 1.947906E-02 1.106134E-04
  3731     13     15 2.392618E-05 1.136391E-02 2.397184E-04
  3732     48    252 5.830856E-06 2.371918E-02 2.135352E-04
  3733   1011   2711 3.868939E-06 5.549795E-02 4.512343E-05
  3734    213   6369 2.239955E-06 4.787271E-02 5.354109E-05
  3735    118    319 1.228369E-05 1.918855E-02 8.701216E-05
  3736     71   2288 2.630424E-06 4.185315E-02 1.051298E-04
  3737    481   2288 2.620304E-06 7.553258E-02 7.056301E-05
  3738   2288   6315 3.821309E-06 7.435600E-02 2.605901E-05
  3739     66   1111 4.011638E-06 2.399725E-02 8.956179E-05
  3740   2360   4927 3.147344E-06 7.970894E-02 3.710169E-05
  3741     79    197 1.912272E-05 3.064127E-02 9.922113E-05
  3742     48   5024 3.930066E-06 8.608011E-02 1.020310E-04
  3743    213    221 1.386787E-05 2.689985E-02 1.027131E-04
  3744    290    806 3.144565E-06 4.707690E-02 9.123836E-05
  3745    118    903 6.392652E-06 3.930388E-02 1.123212E-04
  3746    481   2252 5.692730E-06 4.892625E-02 1.082860E-04
  3747     96    595 8.032227E-06 4.819527E-02 8.635319E-05
  3748     66    227 1.012443E-05 2.516772E-02 1.863400E-04
  3749    529   2194 4.902967E-06 3.566704E-02 9.029597E-05
  3750     13    128 4.844120E-06 4.202519E-02 2.331590E-04
  3751    252   4048 5.118739E-06 4.545764E-02 5.347698E-05
  3752    102    270 1.404505E-05 3.381841E-02 7.213761E-05
  3753    290   6097 1.979654E-06 2.085484E-02 5.741774E-05
  3754   1768   1990 2.486830E-06 1.721759E-02 5.824417E-05
  3755   1205   3152 3.694097E-06 2.928778E-02 3.418350E-05
  3756     66    296 6.343727E-06 3.700325E-02 1.271309E-04
  3757    768    850 3.773513E-06 6.703040E-02 7.103645E-05
  3758    953   1805 5.666787E-06 6.877999E-02 7.478311E-05
  3759      2     13 4.827458E-05 2.169577E-02 2.966538E-04
  3760    763   1913 5.752643E-06 6.402836E-02 6.128630E-05
  3761     48    883 4.447308E-06 3.160126E-02 9.820411E-05
  3762   1011   2428 3.775571E-06 4.688314E-02 4.636174E-05
  3763    270    462 2.678070E-06 2.175303E-02 1.258878E-04
  3764   2711   3832 3.924261E-06 4.827467E-02 1.797697E-05
  3765    105    494 1.112907E-05 2.753880E-02 9.977217E-05
  3766    121    494 1.104187E-05 3.723733E-02 1.106554E-04
  3767     44   3302 2.242063E-06 5.141136E-02 1.505486E-04
  3768   1768   6369 4.417569E-06 3.319519E-02 3.637929E-05
  3769    290   1858 5.918226E-06 4.464392E-02 6.386166E-05
  3770    508    654 2.621634E-06 2.446806E-02 8.990300E-05
  3771    113    921 6.349458E-06 2.067706E-02 7.104966E-05
  3772     96   1111 4.167712E-06 3.241955E-02 6.495067E-05
  3773   2439   6315 1.975257E-06 7.148012E-02 3.456743E-05
  3774    134   4158 3.750130E-06 5.949444E-02 8.341216E-05
  3775    675   2484 3.288904E-06 6.884795E-02 4.670258E-05
  3776   2744   2812 5.710481E-06 6.020205E-02 5.351434E-05
  3777    406    763 6.120477E-06 4.479493E-02 7.493377E-05
  3778    565   1141 7.901396E-06 4.225850E-02 4.699574E-05
  3779    270    308 1.032007E-05 3.392127E-02 5.755662E-05
  3780     63   3941 3.281396E-06 2.403116E-02 9.509280E-05
  3781    324   3005 2.996766E-06 4.748707E-02 4.579352E-05
  3782    119   1684 2.620276E-06 5.449612E-02 7.511863E-05
  3783     44   1363 4.540106E-06 7.638813E-02 1.664586E-04
  3784   3626   6409 3.913953E-06 4.418960E-02 1.942876E-05
  3785   1205   6409 3.670367E-06 5.706370E-02 5.258962E-05
  3786    508   6384 3.250462E-06 3.115794E-02 5.060262E-05
  3787    611   3160 4.588422E-06 7.330756E-02 3.852160E-05
  3788     66   2252 3.792602E-06 5.708811E-02 9.552767E-05
  3789    628   4415 3.607292E-06 3.493275E-02 4.696874E-05
  3790     66    481 6.229762E-06 3.069960E-02 1.600037E-04
  3791     97   4330 2.427384E-06 5.053964E-02 8.874705E-05
  3792    481   4158 3.727299E-06 4.555528E-02 6.979625E-05
  3793    167    296 1.117396E-05 3.926473E-02 8.464898E-05
  3794    268    308 2.810257E-06 2.499400E-02 9.423191E-05
  3795   1255   5045 3.255613E-06 4.815602E-02 2.636320E-05
  3796    174    308 9.924987E-06 2.412002E-02 5.670243E-05
  3797    252   5072 3.785159E-06 3.932778E-02 4.936371E-05
  3798    370    403 9.901046E-06 2.658062E-02 4.159383E-05
  3799    462   3832 3.960959E-06 4.883361E-02 9.617221E-05
  3800    213   6163 2.179981E-06 1.322994E-02 6.286064E-05
  3801   5115   6369 2.681444E-06 2.557614E-02 4.066649E-05
  3802    182   1762 3.291225E-06 3.683298E-02 7.442126E-05
  3803   5115   6400 2.514335E-06 8.177625E-02 1.398726E-05
  3804    118    502 2.832424E-06 3.123659E-02 1.110942E-04
  3805    390   1988 4.840188E-06 6.860403E-02 5.521503E-05
  3806     97   3626 9.564824E-07 3.125000E-02 8.708565E-05
  3807    654   6384 3.110523E-06 3.999153E-02 5.923271E-05
  3808    611   3300 4.759125E-06 3.546738E-02 5.003753E-05
  3809    628   4330 3.010354E-06 7.508090E-02 4.977644E-05
  3810     66   2218 3.746091E-06 3.316894E-02 9.782005E-05
  3811     94    113 1.018635E-05 3.951211E-02 1.181881E-04
  3812   1113   1771 1.980895E-06 1.264127E-02 3.263851E-05
  3813   1300   2744 2.805403E-06 4.881292E-02 3.601403E-05
  3814      6    797 1.028122E-05 7.900000E-02 1.571284E-04
  3815     48    197 1.514108E-05 7.900000E-02 1.986590E-04
  3816   5072   6256 3.636917E-06 7.314518E-02 3.139082E-05
  3817    252   6256 3.509616E-06 1.691866E-02 5.278000E-05
  3818    246   5145 3.928525E-06 4.199557E-02 8.650948E-05
  3819    118    917 9.571960E-07 6.254058E-02 1.123433E-04
  3820    508   6381 9.574096E-07 3.132471E-02 4.630411E-05
  3821     71   3527 2.947819E-06 6.226069E-02 9.598002E-05
  3822     66    611 2.814883E-06 7.900000E-02 9.003163E-05
  3823    628   3159 2.238801E-06 5.820179E-02 7.276548E-05
  3824     96    227 5.318607E-06 6.620804E-02 1.407556E-04
  3825    167    227 1.388784E-05 3.047651E-02 8.643173E-05
  3826   1521   1869 5.851301E-06 3.772056E-02 3.699072E-05
  3827   5226   6810 3.926013E-06 7.630915E-02 1.555112E-05
  3828    148    212 1.689726E-05 3.291477E-02 1.341761E-04
  3829    401   4048 3.277625E-06 4.280538E-02 6.315547E-05
  3830     63   1173 1.793056E-06 1.581578E-02 1.078854E-04
  3831    401   1788 3.261543E-06 5.219835E-02 8.973941E-05
  3832    221   4044 4.443987E-06 4.872610E-02 5.298535E-05
  3833   1363   6124 3.484449E-06 4.861497E-02 6.302013E-05
  3834   1514   5115 2.805396E-06 8.646728E-02 4.670115E-05
  3835    806   1205 4.383316E-06 7.006796E-02 5.385827E-05
  3836    654   3862 2.990458E-06 7.963414E-02 7.252502E-05
  3837     96   3300 3.457879E-06 4.762773E-02 7.475436E-05
  3838   1111   3300 2.980467E-06 4.637789E-02 4.242444E-05
  3839    195    289 7.858970E-06 1.968389E-02 1.361129E-04
  3840     90    197 1.533682E-05 2.133058E-02 1.949118E-04
  3841    270   3972 5.542578E-06 5.036986E-02 7.510849E-05
  3842    710   1173 5.551960E-06 4.417646E-02 4.662185E-05
  3843    105    221 4.824294E-06 2.599852E-02 1.115115E-04
  3844    324    462 4.261994E-06 5.785951E-02 1.116568E-04
  3845   4275   6097 1.412402E-06 2.083333E-02 2.845498E-05
  3846   4069   6384 3.448190E-06 5.376656E-02 2.249151E-05
  3847     97   4415 4.129889E-06 6.485816E-02 8.660795E-05
  3848     71   1897 9.507719E-07 6.250000E-02 1.085173E-04
  3849   3159   4330 4.285654E-06 4.696227E-02 2.950320E-05
  3850      2    517 8.262781E-06 1.410175E-02 3.561851E-04
  3851   1168   2802 3.956757E-06 4.821094E-02 5.719310E-05
  3852   1800   3343 3.988215E-06 5.073638E-02 3.104078E-05
  3853     48     60 1.257722E-05 4.274786E-02 1.773768E-04
  3854    148    155 1.758178E-05 6.736458E-02 1.303876E-04
  3855    252    883 8.264048E-06 3.840878E-02 1.102791E-04
  3856   3941   4031 4.180542E-06 6.656094E-02 4.614381E-05
  3857   1011   1788 9.500613E-07 6.250000E-02 5.771390E-05
  3858    165    172 1.495608E-05 3.223216E-02 1.441371E-04
  3859    401   6124 3.882003E-06 4.619730E-02 1.103175E-04
  3860   1990   3755 3.290579E-06 6.259602E-02 5.145216E-05
  3861   6368   6369 4.178080E-06 4.755489E-02 2.156719E-05
  3862   3527   5115 3.281375E-06 4.299324E-02 3.477017E-05
  3863   4158   5161 4.182849E-06 3.934926E-02 3.316220E-05
  3864    134   5161 2.622311E-06 3.775489E-02 7.535461E-05
  3865    754   2229 4.710466E-06 4.629063E-02 3.986524E-05
  3866   1759   3654 4.274239E-06 5.721008E-02 4.847350E-05
  3867    211    404 9.914475E-06 3.163011E-02 8.366876E-05
  3868   3146   5308 4.429048E-06 4.208741E-02 3.119988E-05
  3869    967   6620 2.240501E-06 7.900000E-02 4.272703E-05
  3870   1474   5045 3.489922E-06 3.554603E-02 3.028269E-05
  3871   3959   5031 3.537520E-06 4.336091E-02 2.857943E-05
  3872    742   5022 3.303281E-06 6.450603E-02 5.996937E-05
  3873     63   5022 4.292509E-06 6.311567E-02 1.133948E-04
  3874    916   3959 1.413932E-06 1.155148E-02 3.086919E-05
  3875    252   2428 4.782739E-06 5.078311E-02 8.737508E-05
  3876   1768   5096 3.679693E-06 4.355089E-02 3.931223E-05
  3877   5096   6369 9.597558E-07 3.608708E-02 3.471805E-05
  3878   1768   3755 2.999792E-06 5.574826E-02 3.070327E-05
  3879    654   1427 4.050682E-06 5.661445E-02 4.518432E-05
  3880    971   1858 6.024668E-06 2.920972E-02 5.654561E-05
  3881     71   3265 3.692735E-06 3.337118E-02 9.279335E-05
  3882   1514   2252 2.959902E-06 6.292120E-02 5.431653E-05
  3883    113    508 4.108233E-06 4.315182E-02 7.178220E-05
  3884    611   1007 7.453686E-06 3.698352E-02 3.916088E-05
  3885   1897   4330 4.102347E-06 4.166284E-02 3.053442E-05
  3886   1785   3167 1.993177E-06 7.574224E-02 3.021205E-05
  3887   3461   5609 3.454481E-06 4.335959E-02 3.202796E-05
  3888    953   5680 4.000166E-06 6.918953E-02 3.690587E-05
  3889      2     10 2.395115E-05 3.563830E-02 5.334323E-04
  3890    308   5031 4.495594E-06 3.206018E-02 5.530954E-05
  3891   5061   6256 3.069135E-06 7.027083E-02 2.599520E-05
  3892   3832   3972 4.362717E-06 7.617602E-02 2.729489E-05
  3893    401   4031 3.283421E-06 3.013534E-02 5.725315E-05
  3894    971   6124 3.560561E-06 8.653825E-02 6.883666E-05
  3895   1762   6361 3.431488E-06 2.068668E-02 3.395246E-05
  3896    182   1684 9.586602E-07 4.441673E-02 1.102441E-04
  3897    806   3755 4.517577E-06 5.499188E-02 3.391492E-05
  3898     96   2998 4.385105E-06 5.436086E-02 6.969163E-05
  3899   1007   2998 3.278800E-06 6.325331E-02 3.835688E-05
  3900    227    296 3.518106E-06 3.051511E-02 7.530876E-05
  3901      2    175 1.044047E-05 2.266218E-02 3.266026E-04
  3902   1543   2802 3.147211E-06 4.589761E-02 3.857064E-05
  3903     64    254 1.064442E-05 3.886630E-02 1.794992E-04
  3904     60    115 1.802188E-05 2.328744E-02 8.178713E-05
  3905     60    174 8.030447E-06 2.138543E-02 1.426953E-04
  3906     48    452 8.080334E-06 3.798863E-02 1.309797E-04
  3907    270   1490 1.794975E-06 5.694593E-02 7.274982E-05
  3908    246   5672 3.115420E-06 6.183638E-02 7.184627E-05
  3909    246   1990 5.198227E-06 3.730322E-02 6.526694E-05
  3910    121   3168 1.403923E-06 2.795085E-02 6.068337E-05
  3911    401    971 3.628439E-06 6.612385E-02 1.499444E-04
  3912    121   6374 3.321175E-06 7.418408E-02 1.143319E-04
  3913    620   3626 4.398628E-06 3.505714E-02 4.866422E-05
  3914    390   1514 4.590677E-06 3.918768E-02 6.270744E-05
  3915     71   1492 3.390646E-06 3.375361E-02 1.110218E-04
  3916   1111   4461 1.353064E-06 1.421445E-02 3.146715E-05
  3917    227    595 7.315439E-06 2.071044E-02 9.300857E-05
  3918    359    505 6.289870E-06 2.581539E-02 1.159664E-04
  3919    406   1521 4.447899E-06 6.990004E-02 7.525923E-05
  3920   1800   1913 5.148796E-06 6.738653E-02 4.960205E-05
  3921     79    115 1.663039E-05 3.612029E-02 8.093403E-05
  3922    252    452 8.529803E-06 1.975602E-02 8.689569E-05
  3923    742   1009 5.529237E-06 3.060019E-02 5.411764E-05
  3924     90   1009 3.731286E-06 3.908042E-02 8.541716E-05
  3925     63   5659 1.795748E-06 1.245256E-02 1.099478E-04
  3926    246   2135 3.805871E-06 3.420461E-02 5.780962E-05
  3927    121   5168 4.578559E-06 6.836828E-02 7.388094E-05
  3928    182    654 4.589496E-06 4.556478E-02 9.659027E-05
  3929    390    465 9.320544E-06 3.913425E-02 5.253151E-05
  3930    106    418 5.398653E-06 6.721547E-02 1.106109E-04
  3931    628   6312 3.433121E-06 2.403181E-02 4.968261E-05
  3932    595    903 3.157278E-06 7.010656E-02 6.675343E-05
  3933    967   1623 4.765919E-06 4.084958E-02 6.478973E-05
  3934    667   1623 1.808571E-06 4.844921E-02 7.967398E-05
  3935    452    883 3.906670E-06 3.262530E-02 4.472323E-05
  3936    155   5659 3.459505E-06 3.211049E-02 4.548544E-05
  3937   1788   4085 3.971854E-06 5.948546E-02 2.049515E-05
  3938     44   6107 4.211226E-06 3.120539E-02 7.636664E-05
  3939    401   2375 5.344570E-06 5.965585E-02 7.467106E-05
  3940    165    319 6.534644E-06 1.941249E-02 7.709607E-05
  3941    205    367 6.926483E-06 2.032637E-02 1.198049E-04
  3942   1419   1684 2.808441E-06 4.629995E-02 5.992654E-05
  3943    508    921 2.996653E-06 7.733982E-02 5.315073E-05
  3944     71   1486 9.652107E-07 3.557036E-02 1.588926E-04
  3945     96    224 9.059713E-06 3.180649E-02 1.006784E-04
  3946    481   1064 3.124939E-06 2.000142E-02 1.336722E-04
  3947   1111   1789 2.992386E-06 5.157286E-02 3.343211E-05
  3948      9     10 4.764423E-05 2.638565E-02 9.783462E-05
  3949    188    795 3.780866E-06 3.374829E-02 6.893663E-05
  3950   1368   1800 3.941270E-06 3.753751E-02 4.186416E-05
  3951      5    734 4.001023E-06 4.813270E-02 2.683533E-04
  3952    148    151 1.056550E-05 3.886612E-02 1.367222E-04
  3953   1490   5031 3.560148E-06 4.779061E-02 3.062964E-05
  3954    401   4085 1.798044E-06 4.982992E-02 5.886083E-05
  3955    367   1419 4.887504E-06 2.907947E-02 7.805390E-05
  3956     44   1427 4.284050E-06 2.921957E-02 1.022419E-04
  3957    390   5091 3.748296E-06 5.929072E-02 5.350189E-05
  3958    508   1363 2.429885E-06 2.290880E-02 7.713535E-05
  3959    806   6402 4.278446E-06 3.705700E-02 3.428564E-05
  3960    465   1514 3.809772E-06 6.017518E-02 6.737749E-05
  3961    502   1007 2.429162E-06 5.416477E-02 7.028927E-05
  3962    611   1988 4.587968E-06 4.958988E-02 4.286934E-05
  3963    277    903 6.191883E-06 2.764232E-02 9.142455E-05
  3964    120   2143 2.949117E-06 7.985748E-02 7.289041E-05
  3965   3789   3797 4.201782E-06 2.299272E-02 1.905051E-05
  3966    289    426 3.957433E-06 1.501195E-02 1.462612E-04
  3967   5268   6437 1.354112E-06 4.967393E-02 2.583001E-05
  3968     79   2262 4.830896E-06 3.046463E-02 7.701877E-05
  3969    174    268 3.114629E-06 5.055346E-02 1.267665E-04
  3970    155   4015 3.291432E-06 5.672467E-02 4.395548E-05
  3971   4031   5061 3.581019E-06 4.703413E-02 2.514034E-05
  3972    221   5058 2.846339E-06 2.557404E-02 9.441226E-05
  3973    105   5058 2.175004E-06 4.565847E-02 1.108321E-04
  3974    221    710 3.760264E-06 6.427069E-02 1.113135E-04
  3975    462   1684 4.111122E-06 4.774040E-02 4.890560E-05
  3976    118    448 1.036947E-05 4.297859E-02 7.028047E-05
  3977    654    722 1.260190E-06 6.250000E-02 7.392871E-05
  3978    628   4019 3.616948E-06 7.244150E-02 5.845528E-05
  3979   1897   2143 4.518365E-06 2.502219E-02 3.856315E-05
  3980    103   3829 3.830589E-06 6.472039E-02 7.372542E-05
  3981   2515   5161 5.550220E-06 5.717251E-02 2.798234E-05
  3982      2   4508 5.734504E-06 4.816070E-02 2.048857E-04
  3983    406   1913 6.647393E-06 4.314519E-02 6.442568E-05
  3984    115    197 1.685770E-05 2.814101E-02 1.194072E-04
  3985    967   1542 5.155427E-06 3.114646E-02 5.663411E-05
  3986    121   2051 2.239839E-06 4.144870E-02 7.820496E-05
  3987    502    917 7.433441E-06 5.716148E-02 4.132323E-05
  3988   1205   1858 4.074670E-06 7.464241E-02 3.670147E-05
  3989   1988   5111 3.266192E-06 4.973383E-02 2.477959E-05
  3990    465   1988 3.144974E-06 5.628218E-02 5.245355E-05
  3991    182   3862 5.497545E-06 5.491553E-02 6.563782E-05
  3992   1205   3265 4.126498E-06 6.806683E-02 4.154935E-05
  3993   3862   4069 4.410876E-06 8.729791E-02 2.120112E-05
  3994    182    264 9.450646E-06 1.525944E-02 1.002767E-04
  3995   1317   2444 1.804961E-06 7.137558E-02 3.741210E-05
  3996    424    595 9.127147E-06 4.228309E-02 5.964270E-05
  3997      2   5641 7.003239E-06 4.774218E-02 2.405658E-04
  3998    188    627 4.000214E-06 5.348592E-02 1.144366E-04
  3999   1913   2750 9.558533E-07 6.250000E-02 6.540649E-05
  4000    212    240 1.521926E-05 3.559924E-02 8.656415E-05
  4001    137    172 1.160046E-05 2.918687E-02 1.386103E-04
  4002     18    403 4.460795E-06 3.610527E-02 1.531557E-04
  4003   4015   5659 3.803270E-06 2.319236E-02 1.333248E-05
  4004    221   5659 2.175142E-06 2.498468E-02 7.384586E-05
  4005    102    205 9.647554E-06 2.205358E-02 1.406603E-04
  4006    205    462 3.266310E-06 1.963850E-02 1.027687E-04
  4007    324   2856 2.242014E-06 5.205702E-02 7.592956E-05
  4008    246   1858 3.058719E-06 4.062926E-02 9.186736E-05
  4009    389   6368 2.423286E-06 4.672791E-02 7.376437E-05
  4010    903   4424 3.654176E-06 7.062898E-02 2.893441E-05
  4011    134   2515 3.941096E-06 4.115867E-02 6.052786E-05
  4012     90    686 3.914456E-06 3.144609E-02 1.574915E-04
  4013    252   1009 3.729189E-06 3.364641E-02 1.114744E-04
  4014   1890   3959 4.123733E-06 2.884350E-02 3.788473E-05
  4015    308   3246 4.715099E-06 4.397333E-02 4.026521E-05
  4016    270   3246 4.011346E-06 3.054395E-02 4.966239E-05
  4017    221    742 2.623196E-06 5.043290E-02 7.487191E-05
  4018    221   1009 2.428181E-06 7.147513E-02 9.363903E-05
  4019   1173   3814 3.804430E-06 8.782343E-02 4.008799E-05
  4020    401   6115 3.443334E-06 4.884729E-02 7.238916E-05
  4021   3336   4301 4.122824E-06 6.683936E-02 1.986793E-05
  4022   3168   6356 2.992941E-06 4.337792E-02 2.677254E-05
  4023   5096   6359 4.066141E-06 4.160844E-02 1.458104E-05
  4024    389   3755 3.775919E-06 6.611179E-02 7.173500E-05
  4025    356    367 9.293778E-06 1.956841E-02 9.640283E-05
  4026    620    971 7.305798E-06 3.560692E-02 6.065439E-05
  4027    620   1205 2.929684E-06 6.628639E-02 7.417494E-05
  4028    628   1193 2.240844E-06 3.715317E-02 8.737177E-05
  4029    113   1193 5.630192E-06 4.144537E-02 1.014266E-04
  4030    113    264 8.751017E-06 7.262624E-02 1.247491E-04
  4031   1492   1897 3.569933E-06 5.712770E-02 3.494738E-05
  4032     96   4416 4.506360E-06 7.064208E-02 7.362792E-05
  4033    595   4416 4.854655E-06 5.934373E-02 4.513273E-05
  4034     15   6446 2.180335E-06 4.220207E-02 1.196483E-04
  4035     90    240 1.556782E-05 2.952242E-02 1.996945E-04
  4036     90   2057 4.236346E-06 4.040910E-02 1.156966E-04
  4037    252   3976 1.350495E-06 1.976424E-02 7.452492E-05
  4038    401   3000 2.239784E-06 6.457214E-02 8.796326E-05
  4039    132    205 1.281525E-05 4.185439E-02 1.527917E-04
  4040    710   3814 3.723178E-06 5.689622E-02 4.413450E-05
  4041    172    494 4.078332E-06 2.827201E-02 1.079025E-04
  4042    401   2135 3.979077E-06 5.558309E-02 1.194718E-04
  4043    389   5091 3.909677E-06 4.181506E-02 8.933566E-05
  4044   1486   1514 2.489697E-06 4.304574E-02 6.043822E-05
  4045    113   1465 5.076946E-06 3.108546E-02 6.937217E-05
  4046    227   4416 3.282111E-06 8.787797E-02 1.094227E-04
  4047   2439   2515 3.430093E-06 7.682055E-02 5.896844E-05
  4048    933   1299 5.002106E-06 5.736577E-02 5.431801E-05
  4049    254   6458 2.179907E-06 1.659637E-02 6.640327E-05
  4050      5     65 2.243630E-05 1.935276E-02 2.185719E-04
  4051     60    452 3.226443E-06 2.582191E-02 1.284317E-04
  4052   1009   5233 4.050921E-06 4.997577E-02 5.294187E-05
  4053    221   6265 3.327530E-06 7.837280E-02 8.189203E-05
  4054    221   1173 1.796768E-06 2.682445E-02 1.139612E-04
  4055     44   1788 3.626617E-06 3.145277E-02 1.060871E-04
  4056   2135   3814 4.712001E-06 7.107967E-02 3.244904E-05
  4057     18    106 6.509132E-06 2.889240E-02 2.152605E-04
  4058    182    720 5.969984E-06 4.122808E-02 9.778255E-05
  4059    508    722 6.587858E-06 3.834299E-02 5.975391E-05
  4060     71   4432 4.076985E-06 6.997715E-02 1.276007E-04
  4061    277   4424 3.011705E-06 4.082547E-02 6.859343E-05
  4062    296   4410 3.230521E-06 5.526601E-02 5.305168E-05
  4063   1789   2821 5.199603E-06 3.584438E-02 3.279842E-05
  4064    224    227 4.909118E-06 4.661405E-02 1.488934E-04
  4065      9     14 2.680388E-05 5.713649E-02 2.368924E-04
  4066    933   1556 7.367958E-06 4.442571E-02 5.279609E-05
  4067     48    686 8.943521E-06 4.286706E-02 1.762863E-04
  4068    252   1173 3.329085E-06 4.705218E-02 8.272038E-05
  4069    252   5061 3.065730E-06 8.289227E-02 6.030282E-05
  4070    270    622 8.193484E-06 7.122270E-02 9.047728E-05
  4071    221   3814 3.300130E-06 7.900000E-02 1.004181E-04
  4072    324    720 9.590076E-07 4.438881E-02 9.494672E-05
  4073    465   5091 4.511504E-06 3.831161E-02 6.489050E-05
  4074    720   1419 3.661137E-06 4.455289E-02 5.818436E-05
  4075    508    775 4.854506E-06 5.435377E-02 6.890048E-05
  4076   1363   2653 4.080432E-06 5.426282E-02 8.195093E-05
  4077    465   6385 2.806192E-06 7.985276E-02 4.409897E-05
  4078    113    265 6.898113E-06 3.884306E-02 1.209564E-04
  4079     94   1193 4.331969E-06 5.011233E-02 8.140897E-05
  4080     66    224 4.222224E-06 7.425657E-02 1.838049E-04
  4081    227   1287 6.260656E-06 3.214258E-02 5.252166E-05
  4082    704   1613 5.746960E-06 3.874891E-02 4.824605E-05
  4083     10     14 4.043160E-05 1.900418E-02 1.044440E-04
  4084    627    850 5.523048E-06 2.592909E-02 8.856123E-05
  4085    426    609 8.408969E-06 1.946522E-02 4.191656E-05
  4086   3081   4015 3.874294E-06 1.776387E-02 3.090547E-05
  4087   4324   6265 2.811930E-06 6.493287E-02 2.415420E-05
  4088    622   3972 2.907867E-06 4.539284E-02 4.959237E-05
  4089    742   4982 2.365817E-06 4.597317E-02 4.382662E-05
  4090    221   6229 3.706997E-06 2.252186E-02 4.224445E-05
  4091   4957   5058 2.992793E-06 8.492347E-02 3.008665E-05
  4092   1788   6107 3.926130E-06 6.319236E-02 4.752184E-05
  4093    494   2051 3.360782E-06 5.187907E-02 9.411022E-05
  4094    683   3168 2.925438E-06 4.964882E-02 5.765356E-05
  4095    118   6356 3.308245E-06 6.301149E-02 9.080073E-05
  4096    818   1007 3.430321E-06 2.107892E-02 7.263233E-05
  4097    611   1064 3.153676E-06 3.631585E-02 7.616637E-05
  4098   2788   4125 2.620316E-06 8.646577E-02 4.205810E-05
  4099    933   1860 4.705085E-06 3.631258E-02 3.640736E-05
  4100    195    426 5.320816E-06 2.216905E-02 1.229987E-04
  4101   1322   1998 6.139939E-06 6.999880E-02 4.738349E-05
  4102    667    967 4.435813E-06 3.267610E-02 3.953920E-05
  4103     48   3272 2.769335E-06 4.832304E-02 1.302534E-04
  4104    151    328 1.112122E-05 3.667495E-02 6.949360E-05
  4105    883   2995 4.575516E-06 4.188626E-02 7.009083E-05
  4106   4324   5058 4.353267E-06 6.628068E-02 1.702128E-05
  4107    221   4982 3.151183E-06 8.058900E-02 7.600245E-05
  4108   1173   4031 4.521000E-06 2.778582E-02 6.265404E-05
  4109    213    972 9.596912E-07 3.608439E-02 7.208117E-05
  4110    118    375 6.236220E-06 1.843943E-02 1.543607E-04
  4111   3677   6374 3.440477E-06 5.004516E-02 4.700759E-05
  4112    448   6356 4.229900E-06 5.261176E-02 4.903163E-05
  4113    112   1205 6.236711E-06 3.186901E-02 7.863428E-05
  4114    182   6349 3.267255E-06 4.666975E-02 6.325399E-05
  4115    818   1753 3.774579E-06 4.631704E-02 5.948951E-05
  4116    112   1486 6.045303E-06 3.389604E-02 1.165191E-04
  4117    264   3862 5.771587E-06 3.409265E-02 8.015003E-05
  4118    481   5161 1.684181E-06 6.787403E-02 5.399249E-05
  4119    296   2721 9.517311E-07 6.250000E-02 6.640734E-05
  4120   3165   3700 4.156748E-06 5.939366E-02 2.139511E-05
  4121     79    686 7.055235E-06 4.473132E-02 1.035939E-04
  4122    462   3062 3.813652E-06 6.759269E-02 5.699180E-05
  4123    258    401 1.986343E-06 1.054605E-02 1.216987E-04
  4124    462    720 3.565293E-06 5.515398E-02 7.904272E-05
  4125     44   6129 9.660963E-07 2.252847E-02 1.052169E-04
  4126    246    971 4.003299E-06 5.227120E-02 7.630100E-05
  4127    683   3677 4.995390E-06 7.371561E-02 3.574395E-05
  4128     94   3159 3.141837E-06 8.030381E-02 6.477639E-05
  4129    224   4416 3.902711E-06 5.744111E-02 1.018012E-04
  4130    120   1089 3.011086E-06 7.590905E-02 9.701980E-05
  4131    227   2721 3.139349E-06 8.966356E-02 8.274432E-05
  4132   5200   5201 4.119653E-06 8.122338E-02 2.447111E-05
  4133   1544   5201 4.497332E-06 5.775108E-02 3.401084E-05
  4134    686   2262 3.153407E-06 6.257911E-02 6.345057E-05
  4135     79    252 5.852818E-06 7.994060E-02 1.845508E-04
  4136    252   5233 4.281361E-06 3.526900E-02 1.093544E-04
  4137   1490   1890 4.477223E-06 3.632837E-02 3.545430E-05
  4138    108    172 1.050972E-05 4.047331E-02 1.815655E-04
  4139    221   1467 5.838315E-06 3.418958E-02 6.626259E-05
  4140    494    972 7.533386E-06 3.773827E-02 6.864308E-05
  4141   1419   2286 2.819942E-06 2.085632E-02 4.200550E-05
  4142    683    917 4.115168E-06 6.887955E-02 5.463752E-05
  4143    182    722 9.563817E-07 2.209709E-02 8.871441E-05
  4144    118   6388 4.598731E-06 3.054407E-02 1.005713E-04
  4145    620   1193 2.995280E-06 4.692058E-02 6.959060E-05
  4146   1193   4019 2.572505E-06 5.538086E-02 4.441189E-05
  4147     71   2302 3.600355E-06 5.111391E-02 1.333360E-04
  4148    264    265 1.204203E-05 1.840895E-02 7.630645E-05
  4149   1193   3159 3.136127E-06 7.333491E-02 4.041673E-05
  4150   1193   1872 3.316432E-06 5.855328E-02 5.458109E-05
  4151    227    288 8.002705E-06 2.713964E-02 1.146001E-04
  4152   1299   2583 4.033677E-06 4.022555E-02 2.752157E-05
  4153    404   1513 4.711879E-06 6.218769E-02 7.205407E-05
  4154      5   2069 6.075970E-06 3.129089E-02 2.330701E-04
  4155     60   3517 3.752342E-06 2.856169E-02 8.146563E-05
  4156     79   3517 2.962994E-06 8.112172E-02 8.527256E-05
  4157    148   3081 2.620280E-06 5.487477E-02 1.195544E-04
  4158    212    252 2.130332E-06 1.113929E-02 1.715434E-04
  4159    155   5025 4.238235E-06 6.821822E-02 6.718013E-05
  4160    252   2995 3.753558E-06 4.354962E-02 1.148564E-04
  4161    252   6182 1.395968E-06 6.250000E-02 6.800815E-05
  4162   3991   5058 2.825391E-06 3.347832E-02 3.104084E-05
  4163    270    911 4.864850E-06 4.174073E-02 7.917003E-05
  4164   3976   3990 2.954361E-06 7.654717E-02 2.673120E-05
  4165    172   3991 3.154358E-06 7.465407E-02 6.525939E-05
  4166    221   6093 4.231983E-06 3.709815E-02 6.102267E-05
  4167   5174   6132 2.973651E-06 1.700800E-02 3.273057E-05
  4168    972   5174 3.312165E-06 6.858784E-02 3.853805E-05
  4169    165    375 9.761809E-06 4.292834E-02 1.045888E-04
  4170    448   2051 3.791256E-06 6.913849E-02 4.973382E-05
  4171    494   6374 3.058740E-06 1.410707E-02 6.562661E-05
  4172    246    389 9.510609E-07 6.250000E-02 1.103638E-04
  4173   5167   6356 1.259765E-06 4.145999E-02 2.915252E-05
  4174    118   1739 6.126997E-06 5.196318E-02 1.512099E-04
  4175   2052   4019 2.242007E-06 6.457987E-02 7.012744E-05
  4176   1193   2052 3.553376E-06 3.168799E-02 5.974717E-05
  4177     94   1872 4.298734E-06 4.491212E-02 8.019747E-05
  4178    134   1020 6.001154E-06 4.461542E-02 8.915835E-05
  4179    227    424 1.054756E-05 2.570805E-02 1.211347E-04
  4180    627    962 7.175400E-06 6.836539E-02 5.418176E-05
  4181   1299   6078 3.073472E-06 2.519290E-02 3.907201E-05
  4182   1556   3529 3.154462E-06 1.377785E-02 5.335408E-05
  4183   1322   2479 2.837080E-06 4.825129E-02 4.237273E-05
  4184     48   5385 4.067727E-06 4.413180E-02 1.338760E-04
  4185   3272   5385 2.449303E-06 6.071472E-02 2.672193E-05
  4186    212   3081 1.734027E-06 3.776049E-02 6.898394E-05
  4187    308   1890 1.236062E-06 3.608439E-02 6.961368E-05
  4188   5022   6216 4.305687E-06 4.601095E-02 2.243858E-05
  4189    308   2266 4.649757E-06 2.279083E-02 6.396022E-05
  4190    174    270 1.321895E-06 7.900000E-02 1.153153E-04
  4191   1162   1173 4.827252E-06 3.109442E-02 6.840044E-05
  4192   1788   3976 9.617113E-07 4.419417E-02 5.349009E-05
  4193    221    843 4.492505E-06 4.175661E-02 9.179255E-05
  4194    972   1467 4.074616E-06 2.352968E-02 5.657029E-05
  4195    683   3757 3.928237E-06 8.653477E-02 4.882734E-05
  4196    971   2653 2.847405E-06 4.620143E-02 6.300833E-05
  4197    356   1419 5.858030E-06 2.689757E-02 6.448247E-05
  4198    182   2286 3.032722E-06 1.685233E-02 8.580355E-05
  4199    112   6402 4.065554E-06 5.006194E-02 8.661159E-05
  4200    182   1216 4.764902E-06 2.821838E-02 6.835140E-05
  4201    620   4019 3.441426E-06 4.740631E-02 7.362636E-05
  4202   3862   4430 1.738000E-06 4.486588E-02 3.252714E-05
  4203     96   4453 4.333386E-06 5.506292E-02 9.393903E-05
  4204    113   6334 3.930064E-06 4.866145E-02 6.407601E-05
  4205   1942   2143 3.281764E-06 7.730597E-02 4.827446E-05
  4206   2041   4416 4.156745E-06 5.468819E-02 4.669830E-05
  4207   1789   2721 4.415435E-06 6.595900E-02 4.620435E-05
  4208    296   4053 2.994704E-06 6.065076E-02 4.791221E-05
  4209    296   1020 8.174814E-06 3.278067E-02 1.151799E-04
  4210    277    424 6.510457E-06 2.744947E-02 7.861389E-05
  4211    933   6078 2.811339E-06 6.113336E-02 2.826641E-05
  4212   2634   5205 2.188801E-06 1.762006E-02 4.367005E-05
  4213   2497   3001 3.708474E-06 4.543356E-02 2.896582E-05
  4214     79    452 3.533064E-06 3.164616E-02 1.208509E-04
  4215    252   3694 2.620259E-06 6.222013E-02 8.772284E-05
  4216    581   2951 2.991797E-06 8.330576E-02 5.022532E-05
  4217    155   3218 3.798456E-06 5.000260E-02 8.213141E-05
  4218   3218   5025 4.478847E-06 3.237671E-02 2.806141E-05
  4219    252    536 6.813972E-06 2.290128E-02 8.984910E-05
  4220    172    328 8.513310E-06 2.554306E-02 7.138982E-05
  4221   1788   5057 3.582628E-06 7.900000E-02 4.571963E-05
  4222    401   1173 1.981243E-06 1.036214E-02 1.122437E-04
  4223     44   6087 4.334309E-06 5.653022E-02 1.195382E-04
  4224    258   2375 4.652566E-06 3.977231E-02 6.462259E-05
  4225    121   3438 4.293089E-06 4.322018E-02 1.002679E-04
  4226    319   3438 3.145057E-06 6.108830E-02 6.211002E-05
  4227    722    775 7.622195E-06 2.274117E-02 5.300959E-05
  4228    508   3275 9.606791E-07 3.125000E-02 4.642748E-05
  4229    224   4453 2.670274E-06 3.066981E-02 7.057383E-05
  4230    113   6296 4.233127E-06 4.628055E-02 6.660376E-05
  4231   2252   3779 1.987489E-06 2.966323E-02 4.676966E-05
  4232    113   1872 3.388259E-06 6.040636E-02 8.330329E-05
  4233    359    567 9.835686E-06 4.000253E-02 6.252802E-05
  4234   2894   3081 3.727775E-06 4.877228E-02 2.685551E-05
  4235    883   1890 3.196140E-06 6.731059E-02 4.887597E-05
  4236   2266   3246 2.946339E-06 4.579289E-02 4.327115E-05
  4237    108    165 1.487610E-05 3.012818E-02 1.125977E-04
  4238   1162   4031 3.157083E-06 7.900000E-02 6.867933E-05
  4239   1173   3391 4.168583E-06 5.635387E-02 4.514717E-05
  4240    494   3991 1.410232E-06 1.733438E-02 9.375574E-05
  4241    462    622 3.098324E-06 5.671455E-02 1.005293E-04
  4242     44    622 3.644218E-06 1.780482E-02 9.717747E-05
  4243    258   3000 4.710453E-06 3.015089E-02 7.250287E-05
  4244    213   1467 9.589372E-07 2.551552E-02 8.125635E-05
  4245   2051   3413 4.213048E-06 4.843480E-02 3.417720E-05
  4246    465   6374 3.582675E-06 6.853861E-02 7.682634E-05
  4247    720   1905 3.911913E-06 5.757555E-02 5.915152E-05
  4248    448   5167 3.279201E-06 4.566747E-02 3.549659E-05
  4249    775   2653 2.809871E-06 5.640021E-02 7.016129E-05
  4250    818    917 3.468151E-06 2.623707E-02 6.742720E-05
  4251    465   1551 5.020365E-06 4.683585E-02 6.693738E-05
  4252   1465   6295 1.038303E-06 6.024269E-02 3.059508E-05
  4253    224    818 7.622056E-06 2.284374E-02 5.780798E-05
  4254   3611   3734 4.587024E-06 5.222295E-02 1.424435E-05
  4255   1551   2252 1.352491E-06 6.828721E-02 7.070843E-05
  4256   2302   4432 3.646933E-06 4.653899E-02 3.389845E-05
  4257   1897   2052 3.300862E-06 6.028590E-02 5.969722E-05
  4258    481   1089 3.142738E-06 2.757997E-02 5.561818E-05
  4259   1089   2143 3.408760E-06 7.762151E-02 3.655080E-05
  4260     94    107 1.490876E-05 3.529923E-02 9.797490E-05
  4261    288    595 9.633577E-07 3.608439E-02 8.831008E-05
  4262   2158   5445 4.125710E-06 7.061052E-02 3.711297E-05
  4263    540   2229 3.291938E-06 5.269295E-02 5.736582E-05
  4264    505    776 1.006710E-05 5.045443E-02 7.520384E-05
  4265    404    543 6.443462E-06 3.734404E-02 9.276060E-05
  4266      6     13 4.058430E-05 3.591569E-02 2.169262E-04
  4267    395    686 8.125515E-06 2.482136E-02 5.319120E-05
  4268    452   3243 4.615104E-06 4.801308E-02 4.166481E-05
  4269    148   4092 4.720341E-06 2.058466E-02 9.768968E-05
  4270    155   4092 2.148458E-06 2.443677E-02 9.454912E-05
  4271   3218   4015 3.035928E-06 4.677282E-02 6.779262E-05
  4272   1890   2266 4.049637E-06 3.910946E-02 3.739861E-05
  4273    910   1009 5.699987E-06 6.642774E-02 7.241002E-05
  4274    729   6229 1.362854E-06 1.614716E-02 3.507117E-05
  4275    246    258 1.415675E-05 3.326275E-02 6.022294E-05
  4276    246   4207 3.299567E-06 6.575758E-02 6.759095E-05
  4277   4192   6129 3.829831E-06 5.364369E-02 2.197341E-05
  4278    465    494 3.761894E-06 5.982755E-02 1.134482E-04
  4279   3168   5167 9.535343E-07 2.209709E-02 4.454374E-05
  4280   1419   1905 2.369457E-06 3.080615E-02 5.184734E-05
  4281     44    775 2.824259E-06 7.274957E-02 1.143186E-04
  4282    448    917 9.552592E-07 2.551552E-02 8.817924E-05
  4283    112    389 1.173592E-05 3.163395E-02 1.024795E-04
  4284   3275   5676 1.986988E-06 1.065207E-02 2.550219E-05
  4285    264   4430 3.753009E-06 5.208524E-02 6.146277E-05
  4286    224    611 2.825340E-06 3.741456E-02 9.494449E-05
  4287    224   4410 4.261838E-06 6.083884E-02 8.336513E-05
  4288   1897   2302 4.554652E-06 5.008514E-02 6.426457E-05
  4289    120   1942 3.897595E-06 4.768696E-02 7.053323E-05
  4290   4965   5146 4.845896E-06 3.398203E-02 2.513119E-05
  4291    540   2845 5.044543E-06 4.729604E-02 3.480919E-05
  4292    359    776 4.344943E-06 8.013614E-02 9.985354E-05
  4293    359   4864 1.980280E-06 1.687653E-02 5.093920E-05
  4294    195   4561 3.574612E-06 2.506783E-02 7.748721E-05
  4295    194    686 7.252868E-06 3.666409E-02 1.029821E-04
  4296    252   2379 4.291123E-06 4.895219E-02 5.428563E-05
  4297   1890   2995 4.098289E-06 3.004417E-02 2.859074E-05
  4298   5057   6231 3.598327E-06 4.807658E-02 2.429150E-05
  4299    843   3391 4.002647E-06 7.397828E-02 4.065770E-05
  4300    205    356 7.459580E-06 3.182561E-02 7.713788E-05
  4301   2856   5163 3.150045E-06 4.348088E-02 2.186729E-05
  4302   2051   5167 2.378490E-06 1.802875E-02 3.051606E-05
  4303     44   2653 1.235861E-06 5.519468E-02 1.383713E-04
  4304    448   1202 2.805356E-06 5.605316E-02 7.341361E-05
  4305   3275   6295 3.073828E-06 2.261979E-02 2.357379E-05
  4306   3982   4019 9.519950E-07 2.795085E-02 3.609230E-05
  4307    112   4432 2.180407E-06 4.107203E-02 9.044125E-05
  4308    481   3918 3.298109E-06 4.773498E-02 5.596913E-05
  4309    277   1891 5.532776E-06 3.853051E-02 9.446777E-05
  4310    112   2052 2.805764E-06 7.304572E-02 9.349827E-05
  4311    277   2673 2.960587E-06 3.969717E-02 5.996394E-05
  4312    134   4965 4.428528E-06 3.689258E-02 5.132167E-05
  4313   2444   3490 2.832673E-06 5.308859E-02 6.719654E-05
  4314      2   1232 6.594614E-06 7.972522E-02 3.271149E-04
  4315   1860   3529 4.126213E-06 4.453504E-02 2.157768E-05
  4316     13   3915 1.529682E-05 2.673180E-02 6.447549E-05
  4317     53     70 5.910751E-06 3.695884E-02 1.537926E-04
  4318    148   5386 4.995747E-06 3.610858E-02 7.091311E-05
  4319    452   3870 3.260998E-06 7.459632E-02 3.944616E-05
  4320    252   3997 2.996004E-06 2.806294E-02 7.632111E-05
  4321    252   1162 3.119242E-06 6.328668E-02 7.400052E-05
  4322    252   3391 4.486515E-06 5.361143E-02 9.213078E-05
  4323   1774   1788 1.799650E-06 4.643962E-02 6.013126E-05
  4324   1173   2600 2.429802E-06 4.520418E-02 7.905279E-05
  4325    172    990 6.105244E-06 3.566554E-02 1.010910E-04
  4326    121    165 5.536009E-06 3.047687E-02 1.635585E-04
  4327   1467   4207 9.544498E-07 3.608439E-02 4.395099E-05
  4328   4207   6138 4.323598E-06 8.315593E-02 1.449077E-05
  4329    389   5174 9.600841E-07 4.451431E-02 7.745334E-05
  4330   2051   4372 3.980781E-06 7.106147E-02 4.004343E-05
  4331    463   5167 9.670682E-07 6.340632E-02 6.999921E-05
  4332   3731   3757 4.303608E-06 2.658623E-02 2.712317E-05
  4333    113   3275 2.622191E-06 6.871099E-02 8.885712E-05
  4334   1465   3545 4.571944E-06 5.029309E-02 3.088609E-05
  4335    481   1551 3.227252E-06 7.154875E-02 8.894974E-05
  4336     96   2673 2.422647E-06 7.354589E-02 1.089158E-04
  4337   1020   1064 2.132138E-06 1.689648E-02 3.373705E-05
  4338   1789   3877 3.789709E-06 4.549791E-02 4.168347E-05
  4339   1287   2721 5.069176E-06 3.241586E-02 4.142626E-05
  4340    167   1287 5.753947E-06 2.756615E-02 7.956344E-05
  4341      2   2565 2.317948E-05 1.362275E-02 1.994399E-04
  4342    231   2565 1.036352E-05 7.900000E-02 9.395716E-05
  4343    195    795 4.382560E-06 3.883838E-02 9.783132E-05
  4344   1506   4499 2.471670E-06 5.571633E-02 8.124693E-05
  4345   1513   4625 4.040671E-06 2.452143E-02 5.193525E-05
  4346    197    395 5.215040E-06 1.376276E-02 1.218845E-04
  4347     79    395 2.669764E-06 4.541253E-02 1.314630E-04
  4348    581    667 2.620334E-06 5.646500E-02 5.805517E-05
  4349   2057   6690 9.550476E-07 2.795085E-02 3.284776E-05
  4350    252   3895 4.240206E-06 4.304006E-02 9.523780E-05
  4351     90   6690 3.150222E-06 4.545507E-02 1.040847E-04
  4352    148   3218 3.570023E-06 4.004352E-02 1.223342E-04
  4353   2894   6216 9.555690E-07 4.419417E-02 3.958649E-05
  4354    328   4092 4.286710E-06 1.649825E-02 5.706734E-05
  4355    328   6173 9.610518E-07 6.318362E-02 7.588214E-05
  4356   3218   6173 2.571188E-06 4.798994E-02 2.796079E-05
  4357    536   6182 2.368872E-06 2.190907E-02 4.484682E-05
  4358    462   1824 1.693546E-06 7.900000E-02 5.967989E-05
  4359    463   2051 3.327829E-06 5.627601E-02 7.712740E-05
  4360    258   4192 3.752997E-06 4.839858E-02 4.667573E-05
  4361    389   6138 3.902665E-06 5.869517E-02 5.433388E-05
  4362    448    463 4.178821E-06 5.151399E-02 8.374438E-05
  4363   4372   5167 3.534861E-06 5.588806E-02 2.341378E-05
  4364    112   3769 3.587949E-06 5.150960E-02 7.206930E-05
  4365    465   2385 3.866191E-06 5.291364E-02 4.977484E-05
  4366    182    356 6.396299E-06 6.002413E-02 1.561344E-04
  4367    620   6376 9.536894E-07 6.250000E-02 4.061613E-05
  4368   3545   6295 3.139831E-06 4.944761E-02 2.881482E-05
  4369     96   3611 3.859664E-06 3.303675E-02 1.157663E-04
  4370   1089   2302 2.429984E-06 2.461168E-02 3.127086E-05
  4371    107    113 5.173087E-06 8.811185E-02 1.159323E-04
  4372   1299   2338 3.716575E-06 7.008309E-02 7.279133E-05
  4373    211   1429 5.832297E-06 3.842196E-02 6.152776E-05
  4374    686   2879 2.954752E-06 5.923291E-02 5.914032E-05
  4375    452   2681 2.179447E-06 7.760213E-02 4.727167E-05
  4376    252   6690 1.791293E-06 7.900000E-02 9.197251E-05
  4377     60    308 3.611559E-06 5.803559E-02 1.612581E-04
  4378    252   3870 3.054310E-06 6.690610E-02 9.447963E-05
  4379   2894   3218 1.278770E-06 7.900000E-02 5.463744E-05
  4380   2894   4065 4.236796E-06 4.236600E-02 2.131123E-05
  4381   2894   5027 2.838233E-06 4.919161E-02 2.659937E-05
  4382    221    910 3.911667E-06 3.421671E-02 9.605721E-05
  4383    221   3954 3.470518E-06 5.735226E-02 5.007156E-05
  4384    911   3062 2.620290E-06 7.760452E-02 4.748453E-05
  4385    121    990 7.204471E-06 3.973060E-02 1.174444E-04
  4386   1467   5174 2.990460E-06 4.735773E-02 4.298086E-05
  4387     44   5163 4.254293E-06 4.044758E-02 7.158225E-05
  4388    722    985 3.581788E-06 3.683842E-02 5.525226E-05
  4389   1216   3620 5.317825E-06 4.319249E-02 1.785858E-05
  4390   1551   3779 3.521003E-06 3.075870E-02 4.878998E-05
  4391    113   1258 4.197830E-06 5.496820E-02 8.992737E-05
  4392   3611   4458 3.859543E-06 5.425632E-02 2.558419E-05
  4393    611   4404 1.412426E-06 5.330279E-02 5.620305E-05
  4394   1942   2052 3.930069E-06 4.478639E-02 5.509077E-05
  4395   1089   1942 3.551310E-06 3.395895E-02 4.436406E-05
  4396   1759   2436 5.775920E-06 5.934506E-02 4.365748E-05
  4397    962   3661 3.283150E-06 3.361681E-02 5.504264E-05
  4398    406   1571 3.504972E-06 8.455469E-02 6.105736E-05
  4399     33   4176 4.871011E-06 4.489179E-02 7.933492E-05
  4400   5385   5575 3.444052E-06 7.435577E-02 1.496924E-05
  4401   2995   3243 4.833947E-06 2.961615E-02 2.087682E-05
  4402   2983   6216 2.997881E-06 4.952493E-02 4.007094E-05
  4403     59    102 2.110761E-05 4.423488E-02 1.505682E-04
  4404     59    174 1.772053E-05 2.364554E-02 9.548457E-05
  4405   2995   3997 1.419333E-06 6.524341E-02 6.551876E-05
  4406    328   5075 4.275688E-06 8.683510E-02 4.316978E-05
  4407    174    911 5.174364E-06 4.454104E-02 8.277099E-05
  4408   1162   6182 3.649552E-06 6.946721E-02 3.980356E-05
  4409     44   1774 9.691339E-07 2.921516E-02 1.236436E-04
  4410    205   1824 4.338131E-06 4.927739E-02 9.352797E-05
  4411    683   3070 4.239018E-06 3.728659E-02 3.212581E-05
  4412    118   1202 3.503237E-06 8.648097E-02 1.014728E-04
  4413    264   1216 5.282396E-06 2.810809E-02 1.126806E-04
  4414     96   4458 4.017051E-06 8.605616E-02 1.097978E-04
  4415   1064   4404 4.613066E-06 2.287504E-02 5.154390E-05
  4416   1020   4965 2.965861E-06 7.924132E-02 4.053056E-05
  4417   1395   1727 5.314915E-06 2.998153E-02 7.935825E-05
  4418      2   4253 2.074631E-05 1.603463E-02 1.538356E-04
  4419    505   1180 3.663852E-06 2.612474E-02 4.061026E-05
  4420    567    776 7.889941E-06 2.860065E-02 5.237279E-05
  4421    795   4841 4.031256E-06 4.557972E-02 2.737485E-05
  4422    211    543 9.051901E-06 3.942361E-02 9.046477E-05
  4423     15   1723 4.156933E-06 7.235668E-02 1.465758E-04
  4424    194   2057 2.241006E-06 2.732552E-02 1.225550E-04
  4425    148   6661 4.641234E-06 3.864791E-02 4.062646E-05
  4426    252   2681 4.671703E-06 3.631623E-02 1.090976E-04
  4427     60   5575 4.253058E-06 4.438300E-02 1.118876E-04
  4428    308   4305 4.123238E-06 5.988006E-02 5.789898E-05
  4429    108    137 1.740466E-05 3.280537E-02 1.323249E-04
  4430   1774   5057 4.005819E-06 3.145520E-02 3.393150E-05
  4431    121    463 1.887555E-06 1.507455E-02 1.464299E-04
  4432    720   5669 3.279018E-06 7.158379E-02 3.484163E-05
  4433    389   4207 2.949881E-06 4.629997E-02 6.855778E-05
  4434    112    246 3.381975E-06 2.989510E-02 1.193452E-04
  4435   1258   3275 4.145739E-06 3.768627E-02 3.797730E-05
  4436     96   4434 9.910336E-07 3.544208E-02 9.630787E-05
  4437   1064   3779 3.622509E-06 5.469666E-02 5.120104E-05
  4438    288   2041 1.405692E-06 1.515848E-02 5.967189E-05
  4439     60   1406 4.978330E-06 3.924500E-02 1.104319E-04
  4440   4305   5575 2.585494E-06 7.200467E-02 1.983236E-05
  4441     60   4305 3.752651E-06 2.661424E-02 1.185202E-04
  4442   2251   3990 2.839299E-06 5.179848E-02 3.913510E-05
  4443    221    729 4.164659E-06 1.688833E-02 4.874766E-05
  4444    246    766 6.377841E-06 3.885772E-02 6.304270E-05
  4445    494   3413 3.246230E-06 2.821570E-02 7.144573E-05
  4446    720   2776 4.059069E-06 6.948112E-02 4.557521E-05
  4447    448   5090 4.361396E-06 3.318930E-02 4.053042E-05
  4448    448   3404 4.412466E-06 6.130638E-02 4.659940E-05
  4449   3404   5105 3.869604E-06 5.807562E-02 4.850163E-05
  4450    369   6413 1.795102E-06 4.543985E-02 1.021517E-04
  4451    112   2302 4.693672E-06 3.632717E-02 8.318467E-05
  4452   1942   5660 3.290882E-06 8.796820E-02 5.814091E-05
  4453   2515   5660 1.348401E-06 2.213847E-02 6.031501E-05
  4454    134   1108 6.655374E-06 3.475190E-02 7.024992E-05
  4455   2927   3529 2.249012E-06 7.553691E-02 4.966705E-05
  4456   2475   3354 2.620261E-06 7.760247E-02 3.478107E-05
  4457   3243   3897 3.308690E-06 5.044299E-02 3.688564E-05
  4458    801   1890 2.620279E-06 4.963542E-02 7.565597E-05
  4459    252   1166 3.635547E-06 3.419277E-02 9.421495E-05
  4460   1166   3391 1.864273E-06 5.687136E-02 3.630004E-05
  4461    494   1536 3.110978E-06 3.512351E-02 7.930102E-05
  4462    165   4108 4.395062E-06 3.111772E-02 7.490122E-05
  4463    356   1905 5.537642E-06 5.060009E-02 5.419821E-05
  4464    182    333 8.844391E-06 5.547958E-02 1.252826E-04
  4465   3064   4458 3.605350E-06 4.262346E-02 1.869873E-05
  4466    691   1891 4.606213E-06 7.295680E-02 6.936946E-05
  4467    277    691 5.813949E-06 1.812183E-02 9.179922E-05
  4468   1258   1465 5.353645E-06 6.513710E-02 3.837570E-05
  4469   1258   6334 2.805361E-06 6.222020E-02 3.899080E-05
  4470   2052   2486 3.744977E-06 4.549820E-02 6.572446E-05
  4471    481   4451 3.134122E-06 6.765031E-02 5.297843E-05
  4472     94   2486 2.128423E-06 4.077424E-02 9.889189E-05
  4473    277    634 4.586024E-06 4.909276E-02 6.395052E-05
  4474      2   1307 1.761237E-05 1.864499E-02 1.745211E-04
  4475     13   3845 6.207270E-06 7.900000E-02 5.841749E-05
  4476   3572   6458 3.108802E-06 7.328667E-02 2.563409E-05
  4477    194    240 9.484658E-06 2.886787E-02 1.010179E-04
  4478   1406   2681 3.829981E-06 4.497075E-02 4.149534E-05
  4479    212   5391 3.147886E-06 5.064188E-02 9.558569E-05
  4480    536   5038 3.598315E-06 5.935364E-02 3.377471E-05
  4481    137    328 1.012049E-05 4.411278E-02 7.681363E-05
  4482   3218   6266 3.886439E-06 8.316339E-02 2.938360E-05
  4483    536   3990 1.444464E-06 7.803199E-02 6.942816E-05
  4484    473    843 6.678297E-06 6.166442E-02 5.381294E-05
  4485   1774   2251 5.386036E-06 6.491612E-02 3.674522E-05
  4486    494    729 3.000363E-06 5.171603E-02 1.119885E-04
  4487    246    599 8.303611E-06 2.656832E-02 7.328256E-05
  4488   1356   1427 2.961601E-06 7.361712E-02 7.054041E-05
  4489   3757   4372 3.957452E-06 5.437870E-02 4.020034E-05
  4490    277   3611 1.801160E-06 2.418491E-02 7.928615E-05
  4491   3105   4430 3.896232E-06 5.503513E-02 4.388736E-05
  4492    112   4451 4.071161E-06 5.424399E-02 8.921317E-05
  4493   1089   4451 4.100166E-06 8.168866E-02 2.314447E-05
  4494    265   1465 3.298410E-06 7.490602E-02 7.039845E-05
  4495    540    704 5.646542E-06 3.345715E-02 7.687892E-05
  4496    194    212 7.611699E-06 3.510749E-02 1.601241E-04
  4497     60    579 5.946996E-06 4.957286E-02 1.060225E-04
  4498   2681   3446 3.769720E-06 5.909408E-02 3.351820E-05
  4499   2995   3897 3.120557E-06 7.900000E-02 3.789351E-05
  4500    117    328 9.517033E-06 4.240386E-02 1.089754E-04
  4501    910   5027 9.596221E-07 6.250000E-02 5.480309E-05
  4502   3391   4973 3.340112E-06 3.103942E-02 1.889654E-05
  4503   1824   3062 4.012461E-06 4.505654E-02 3.920219E-05
  4504    729    972 6.402635E-06 6.204621E-02 8.846554E-05
  4505    389    599 2.840110E-06 5.132128E-02 8.495736E-05
  4506    465    683 9.474915E-06 3.896232E-02 9.067730E-05
  4507    720   6340 2.809306E-06 7.390890E-02 6.176537E-05
  4508    369   3731 3.916026E-06 7.490815E-02 8.459504E-05
  4509   5090   5105 4.442946E-06 6.432088E-02 3.596390E-05
  4510    448   5105 3.780947E-06 5.073053E-02 7.051553E-05
  4511    437   6405 3.713991E-06 4.599914E-02 5.302674E-05
  4512    917   6413 1.732983E-06 2.139799E-02 4.557302E-05
  4513    333    356 9.684717E-06 1.582848E-02 7.242533E-05
  4514    264   3105 4.104261E-06 5.046846E-02 5.425886E-05
  4515    774   1064 6.262050E-06 4.337580E-02 6.704414E-05
  4516     94   2533 6.515684E-06 3.583001E-02 7.049481E-05
  4517    481   1108 4.338392E-06 8.375631E-02 9.400293E-05
  4518   2511   3490 4.852635E-06 6.275176E-02 3.153695E-05
  4519    197    240 1.375574E-05 7.869835E-02 1.340452E-04
  4520    686   2710 4.251781E-06 3.290336E-02 8.045600E-05
  4521   6690   6691 3.807221E-06 7.562674E-02 1.646873E-05
  4522     60    538 6.049211E-06 4.849543E-02 1.622240E-04
  4523    801   2995 3.461043E-06 6.765995E-02 6.658770E-05
  4524    801   3899 3.798971E-06 2.621858E-02 6.398051E-05
  4525     59   2266 3.198277E-06 5.591336E-02 1.128066E-04
  4526    910   1166 4.541260E-06 3.020485E-02 7.306606E-05
  4527    729   3172 3.470188E-06 5.211287E-02 3.273221E-05
  4528    108   4108 4.232861E-06 8.234302E-02 8.689917E-05
  4529    165   5008 4.051831E-06 2.087209E-02 7.116921E-05
  4530    165    503 6.035674E-06 4.631807E-02 9.626894E-05
  4531    319    503 5.822312E-06 6.247109E-02 1.260597E-04
  4532    106   1767 4.387504E-06 5.647932E-02 7.228423E-05
  4533    333   1419 1.801360E-06 7.227532E-02 8.627519E-05
  4534   2286   3620 3.295581E-06 4.651451E-02 4.392246E-05
  4535    437   3982 2.805374E-06 8.330583E-02 9.158188E-05
  4536    481    738 2.286630E-06 7.609535E-02 7.732376E-05
  4537   2052   2533 3.076852E-06 6.386392E-02 4.218765E-05
  4538   1942   2533 3.502993E-06 4.556972E-02 2.535827E-05
  4539   1971   2721 3.899562E-06 4.666855E-02 2.687563E-05
  4540   1020   1108 3.986793E-06 6.126209E-02 6.989323E-05
  4541    134    150 4.507800E-06 7.900000E-02 1.299312E-04
  4542    160    424 9.605826E-06 5.227022E-02 8.688550E-05
  4543   3459   4384 3.383535E-06 4.028218E-02 2.019033E-05
  4544   1359   1727 5.281892E-06 2.842570E-02 5.999132E-05
  4545   1727   6070 2.180082E-06 3.940653E-02 5.763042E-05
  4546      2   4914 1.714682E-05 2.538142E-02 1.562621E-04
  4547    567   4864 4.239186E-06 4.557948E-02 5.920603E-05
  4548      2   1945 7.942495E-06 3.985146E-02 2.309602E-04
  4549    185    211 8.399383E-06 2.316922E-02 1.106402E-04
  4550    395   2710 3.672842E-06 7.179055E-02 1.005068E-04
  4551   5391   6690 1.977884E-06 3.796713E-02 3.429789E-05
  4552   3172   3218 2.810771E-06 6.665141E-02 3.834508E-05
  4553    473   1166 7.797319E-06 3.783768E-02 6.023615E-05
  4554   1824   6114 1.327199E-06 6.844502E-02 4.088068E-05
  4555    221    766 3.962717E-06 2.134080E-02 8.533756E-05
  4556    990   1536 5.532481E-06 2.983069E-02 4.618640E-05
  4557     44   1824 3.774130E-06 4.368090E-02 1.175070E-04
  4558    205   6147 3.656044E-06 5.645035E-02 5.864134E-05
  4559    121    482 3.903971E-06 8.451873E-02 1.607140E-04
  4560    463    482 7.997831E-06 3.882486E-02 7.660632E-05
  4561    683   5182 2.662853E-06 4.256337E-02 4.218431E-05
  4562    118   5090 3.265689E-06 7.676636E-02 1.271935E-04
  4563    985   1216 5.741660E-06 4.223674E-02 3.691370E-05
  4564    112   3982 2.809047E-06 6.423691E-02 6.070043E-05
  4565   1258   3545 4.447694E-06 5.759969E-02 2.714997E-05
  4566    107    265 1.286818E-05 3.043340E-02 5.984833E-05
  4567    277    300 9.016412E-06 2.970703E-02 6.671518E-05
  4568    296   1971 5.783305E-06 6.409472E-02 7.692914E-05
  4569    150    167 1.491333E-05 4.332347E-02 1.422793E-04
  4570   1633   4331 3.112176E-06 6.047478E-02 8.069407E-05
  4571   4514   4669 4.719588E-06 7.281051E-02 3.210479E-05
  4572    536   2379 3.180433E-06 6.780601E-02 4.523677E-05
  4573    252    910 3.475076E-06 8.582337E-02 1.401968E-04
  4574    622    801 2.972137E-06 3.645804E-02 7.886389E-05
  4575     44    258 1.790883E-06 7.362124E-02 1.412069E-04
  4576    319    963 7.808945E-06 3.365937E-02 9.142974E-05
  4577   3731   4372 4.179769E-06 6.086401E-02 3.149119E-05
  4578    985   6340 9.551113E-07 3.125000E-02 3.658403E-05
  4579    333   2286 4.168339E-06 2.983886E-02 4.971527E-05
  4580    927   3620 3.279309E-06 5.279023E-02 6.287146E-05
  4581   3514   3562 4.682140E-06 4.202203E-02 1.013559E-05
  4582    264   2286 4.334541E-06 5.286588E-02 1.227258E-04
  4583    465   1746 3.149472E-06 6.685273E-02 4.322219E-05
  4584    437    620 3.123497E-06 6.856298E-02 6.683259E-05
  4585     96   4327 3.450436E-06 7.657577E-02 1.347617E-04
  4586    224   2673 4.223837E-06 5.916281E-02 8.681276E-05
  4587   1108   6672 4.378351E-06 4.813474E-02 3.109973E-05
  4588    160    227 6.049190E-06 4.839690E-02 1.217884E-04
  4589   1875   5630 3.491090E-06 6.280598E-02 3.937058E-05
  4590   1875   4544 1.409093E-06 1.225726E-02 3.914061E-05
  4591    194    197 1.576995E-05 3.339622E-02 1.250824E-04
  4592    115    395 9.025084E-06 2.759638E-02 1.187605E-04
  4593    148    240 1.091461E-05 6.587923E-02 1.180495E-04
  4594   3660   6691 3.830868E-06 5.097151E-02 3.622333E-05
  4595   1890   3897 1.991070E-06 6.187393E-02 4.587183E-05
  4596     76   3997 4.711429E-06 7.807394E-02 1.066765E-04
  4597     59   1890 3.789858E-06 6.626718E-02 1.426173E-04
  4598    536   1162 5.173715E-06 2.578390E-02 4.242192E-05
  4599   1162   2973 2.241420E-06 5.881756E-02 5.348098E-05
  4600     76    258 1.049851E-05 4.077582E-02 1.144440E-04
  4601    258   2600 3.991878E-06 3.472839E-02 5.863728E-05
  4602    130    165 8.026640E-06 3.611234E-02 1.215162E-04
  4603   3248   5090 4.717702E-06 3.223565E-02 4.901355E-05
  4604    465   5101 3.261258E-06 3.857048E-02 3.387728E-05
  4605    917   1951 3.284343E-06 6.331998E-02 5.520984E-05
  4606    775   6394 1.740581E-06 7.900000E-02 5.374935E-05
  4607   2274   4453 1.790695E-06 5.487292E-02 3.156911E-05
  4608   3105   3545 2.810170E-06 4.936309E-02 3.391909E-05
  4609   1953   4160 2.811373E-06 4.299422E-02 2.920097E-05
  4610    224   6319 2.971527E-06 4.431745E-02 6.429181E-05
  4611    160    277 1.005824E-05 2.969947E-02 1.417220E-04
  4612    160    288 1.317473E-05 4.833073E-02 8.764533E-05
  4613     15   1917 3.469143E-06 1.874195E-02 1.444563E-04
  4614   3694   5365 2.502003E-06 5.419992E-02 5.638756E-05
  4615   4161   5391 3.580713E-06 6.263459E-02 1.614942E-05
  4616     76    252 3.274689E-06 3.998332E-02 1.696927E-04
  4617   3395   4065 3.137223E-06 7.158736E-02 4.378854E-05
  4618    172    501 9.757680E-07 6.751578E-02 1.255969E-04
  4619   2842   4971 4.272499E-06 5.443775E-02 2.177339E-05
  4620    221    473 3.476868E-06 5.538972E-02 1.031730E-04
  4621    843   1166 1.405975E-06 4.419417E-02 7.115755E-05
  4622   2973   4973 4.577029E-06 6.917389E-02 3.324665E-05
  4623   3062   6114 3.060742E-06 3.003787E-02 2.786488E-05
  4624   4108   5008 9.523210E-07 3.125000E-02 4.387736E-05
  4625    221   2363 4.489602E-06 6.106199E-02 6.330584E-05
  4626   1467   2363 1.609534E-06 7.900000E-02 3.704429E-05
  4627    482    990 4.436798E-06 3.604201E-02 6.754206E-05
  4628    130    375 7.303087E-06 2.273804E-02 7.501630E-05
  4629    389    972 3.936633E-06 5.469893E-02 1.063836E-04
  4630    465    972 4.432313E-06 4.665233E-02 1.294513E-04
  4631    683   4372 3.776207E-06 4.164191E-02 3.847633E-05
  4632    389   1171 3.711353E-06 3.845614E-02 5.982137E-05
  4633    112   1171 5.017090E-06 4.383260E-02 8.687329E-05
  4634    112   1841 5.125017E-06 4.625428E-02 8.147560E-05
  4635    971   1841 1.653635E-06 7.120731E-02 6.261580E-05
  4636    985   3275 1.978755E-06 7.565179E-02 7.988143E-05
  4637    437   4160 4.350455E-06 7.827869E-02 6.799849E-05
  4638    616    818 3.860896E-06 7.251177E-02 7.790301E-05
  4639    296   3605 3.302122E-06 6.203021E-02 8.262475E-05
  4640   1020   3565 3.188641E-06 2.699377E-02 5.365958E-05
  4641   1287   3791 3.794525E-06 5.118727E-02 4.506818E-05
  4642    167   1020 3.265688E-06 4.967502E-02 1.308206E-04
  4643   5660   6672 2.998052E-06 8.104387E-02 2.719189E-05
  4644    288   2058 2.949100E-06 5.341003E-02 4.325022E-05
  4645    227   4012 4.210848E-06 6.109917E-02 7.844979E-05
  4646   4253   4914 6.357798E-06 4.854661E-02 3.418112E-05
  4647   2927   4331 4.580993E-06 5.002541E-02 1.107391E-05
  4648    185   1429 6.705337E-06 3.693488E-02 6.674702E-05
  4649   2115   3951 3.441313E-06 7.727418E-02 2.932209E-05
  4650      5     53 1.818692E-05 3.106526E-02 3.071943E-04
  4651    194    395 1.190547E-05 4.066758E-02 8.913123E-05
  4652   5391   6711 1.792601E-06 1.262908E-02 2.319955E-05
  4653   2983   3912 4.269003E-06 4.532077E-02 2.227930E-05
  4654   3218   4002 2.805696E-06 8.492349E-02 4.060297E-05
  4655   1166   4973 3.154306E-06 4.762961E-02 5.030888E-05
  4656    108   2383 4.429064E-06 4.191402E-02 1.221328E-04
  4657    165   6089 1.329676E-06 1.105655E-02 4.932545E-05
  4658     44   1905 9.529739E-07 6.250000E-02 1.212902E-04
  4659    546    972 4.027882E-06 2.534589E-02 1.013103E-04
  4660     44   1356 4.553602E-06 5.074716E-02 8.415269E-05
  4661    369   4372 2.620252E-06 5.205691E-02 9.460149E-05
  4662   3762   5090 3.595150E-06 7.964601E-02 4.838633E-05
  4663    369    448 1.794699E-06 7.796588E-02 1.108846E-04
  4664    985   1356 4.012239E-06 6.830144E-02 4.583229E-05
  4665    775   6405 2.962384E-06 5.104036E-02 4.722734E-05
  4666    437    971 9.628281E-07 2.795085E-02 8.349294E-05
  4667   1202   3248 1.793153E-06 1.379911E-02 3.132606E-05
  4668   1746   3514 4.717379E-06 5.322747E-02 3.456681E-05
  4669   1089   3117 4.446891E-06 7.349787E-02 3.509750E-05
  4670    224   3097 9.589523E-07 2.808082E-02 7.391393E-05
  4671   1108   3565 2.241990E-06 4.039761E-02 4.791053E-05
  4672    167   2058 3.604885E-06 3.519563E-02 1.130511E-04
  4673    167   6425 4.447548E-06 8.566212E-02 1.082282E-04
  4674   1506   2037 3.721742E-06 1.333872E-02 4.792272E-05
  4675     59     60 1.194140E-05 4.399749E-02 2.004977E-04
  4676     60   3478 1.977623E-06 6.780618E-02 1.339769E-04
  4677    148   5397 1.591726E-06 3.954004E-02 1.036180E-04
  4678   4089   6676 4.495092E-06 3.089178E-02 3.991686E-05
  4679   3912   6206 3.455970E-06 6.024075E-02 1.849502E-05
  4680    801   6220 9.619910E-07 1.758204E-02 4.943454E-05
  4681   1162   1166 3.295765E-06 4.696585E-02 3.730376E-05
  4682    108    501 1.116420E-05 4.533594E-02 1.171034E-04
  4683   1536   2345 3.383443E-06 7.917340E-02 5.253021E-05
  4684    729   2345 3.999814E-06 4.759417E-02 5.197070E-05
  4685   1099   3062 4.405281E-06 6.410886E-02 4.589467E-05
  4686   1099   1824 4.388780E-06 6.285636E-02 4.999809E-05
  4687    172   1536 4.165496E-06 7.712561E-02 1.071745E-04
  4688   2014   6147 3.641293E-06 5.207327E-02 4.500869E-05
  4689   1841   5181 3.285866E-06 4.987399E-02 6.081734E-05
  4690   1356   6340 3.299790E-06 3.630295E-02 3.638522E-05
  4691    927    985 2.727993E-06 5.133396E-02 6.058557E-05
  4692   5101   5124 3.000017E-06 5.313768E-02 2.205857E-05
  4693   1202   5105 3.200498E-06 3.138709E-02 3.632818E-05
  4694    818   1147 5.823419E-06 3.087568E-02 3.857027E-05
  4695   3779   3934 2.183983E-06 6.476539E-02 3.901685E-05
  4696    224    616 4.394095E-06 4.743816E-02 8.722881E-05
  4697    616   4404 4.084485E-06 3.477528E-02 4.083022E-05
  4698   1639   4160 1.405759E-06 7.377598E-02 4.360680E-05
  4699   2673   4327 2.508257E-06 5.200053E-02 3.794570E-05
  4700     94    104 1.779227E-05 2.866573E-02 1.101734E-04
  4701    120    143 6.664036E-06 2.813980E-02 1.245442E-04
  4702    704    817 3.427652E-06 5.296483E-02 5.179158E-05
  4703   1180   3058 2.808165E-06 8.007763E-02 4.773674E-05
  4704      2   6024 8.412715E-06 7.900000E-02 2.276222E-04
  4705    148    194 5.333359E-06 3.246607E-02 1.683588E-04
  4706   4161   6691 3.115183E-06 5.189754E-02 2.421515E-05
  4707    252   4127 4.287349E-06 8.880926E-02 1.105450E-04
  4708   1166   5038 4.276072E-06 3.100310E-02 3.493518E-05
  4709     76    536 3.651810E-06 2.826436E-02 1.169536E-04
  4710   4016   4065 3.294732E-06 7.237624E-02 3.560976E-05
  4711    910   6175 3.138662E-06 4.697837E-02 4.617575E-05
  4712   4106   4971 1.351379E-06 1.906558E-02 2.615183E-05
  4713    130   6109 3.151237E-06 5.661265E-02 8.279807E-05
  4714   1841   5166 3.161743E-06 6.554104E-02 7.358077E-05
  4715   2286   6367 3.261801E-06 4.823928E-02 3.413466E-05
  4716    775   1356 7.147437E-06 5.315253E-02 7.481263E-05
  4717    437   6376 1.798881E-06 4.789365E-02 6.511894E-05
  4718    112   6376 2.244215E-06 5.428964E-02 6.439925E-05
  4719   4160   4405 2.994766E-06 6.561748E-02 3.080748E-05
  4720   1089   1124 4.250450E-06 6.261025E-02 5.702830E-05
  4721   1020   4995 3.553716E-06 4.928694E-02 5.947657E-05
  4722   1307   4253 2.770447E-06 5.223597E-02 3.689271E-05
  4723   3267   3451 4.306897E-06 6.786983E-02 6.997578E-05
  4724   1373   4514 2.674372E-06 2.633399E-02 5.858638E-05
  4725    185    543 7.834091E-06 2.189420E-02 7.611449E-05
  4726    199    240 1.511821E-05 4.507326E-02 1.030303E-04
  4727    194   6635 4.108086E-06 6.985622E-02 9.649263E-05
  4728   1406   3478 5.523750E-06 3.963755E-02 3.739156E-05
  4729   3478   5345 3.081003E-06 4.037004E-02 3.849195E-05
  4730    622    911 3.414178E-06 2.710927E-02 9.761509E-05
  4731     76   1774 7.482613E-06 4.876131E-02 7.725942E-05
  4732    165    371 1.057248E-05 3.777550E-02 7.231703E-05
  4733    482   4118 3.230498E-06 8.988361E-02 8.988353E-05
  4734    258   1841 4.432672E-06 4.353391E-02 7.330584E-05
  4735    118    963 5.062843E-06 8.357433E-02 1.322106E-04
  4736    708   1551 1.743015E-06 2.627127E-02 7.141741E-05
  4737    774   6319 3.942154E-06 4.111695E-02 5.794915E-05
  4738    224   1737 3.757023E-06 3.741760E-02 6.362429E-05
  4739    300    634 5.382623E-06 4.096014E-02 5.175853E-05
  4740    288   4440 4.262436E-06 5.770974E-02 5.051265E-05
  4741   1108   4995 3.140993E-06 3.939484E-02 3.864178E-05
  4742    160   4012 9.562859E-07 1.976424E-02 5.477563E-05
  4743    627   1671 5.015707E-06 2.597147E-02 9.607286E-05
  4744     10     47 2.007440E-05 5.229732E-02 2.074926E-04
  4745   3267   4514 3.985639E-06 2.516107E-02 2.994529E-05
  4746    543   1139 6.268830E-06 4.200185E-02 7.888387E-05
  4747    148    199 1.319482E-05 5.579348E-02 1.432793E-04
  4748    117    137 1.315488E-05 2.317298E-02 8.488742E-05
  4749   3912   5397 2.990537E-06 5.947194E-02 3.475843E-05
  4750   1477   6175 1.796560E-06 7.823274E-02 3.896723E-05
  4751    328    501 4.221581E-06 3.486565E-02 6.108808E-05
  4752     18    299 9.875630E-06 3.219768E-02 2.269836E-04
  4753    246   2973 9.581617E-07 2.551552E-02 8.707648E-05
  4754   1824   2828 3.915863E-06 4.693742E-02 3.480826E-05
  4755    599    766 3.758952E-06 3.391034E-02 4.770219E-05
  4756    319    463 2.620315E-06 7.760306E-02 1.215839E-04
  4757   2044   5181 2.620313E-06 4.565747E-02 3.655315E-05
  4758    389   5178 4.241249E-06 3.349528E-02 7.268148E-05
  4759    465    546 6.685566E-06 3.043244E-02 1.104949E-04
  4760    985   2201 2.987046E-06 2.463307E-02 3.938886E-05
  4761    300   4327 4.834072E-06 4.466324E-02 5.308795E-05
  4762   1971   4391 3.512615E-06 7.820788E-02 4.469494E-05
  4763    296    774 2.806621E-06 8.678562E-02 1.156739E-04
  4764      2     24 3.301411E-05 1.583815E-02 3.750037E-04
  4765   2646   6005 2.625286E-06 6.222094E-02 2.539776E-05
  4766   4544   5630 2.628300E-06 7.313339E-02 1.964244E-05
  4767    117    148 1.593955E-05 2.710633E-02 5.339826E-05
  4768   3895   5374 4.065242E-06 7.360113E-02 3.304916E-05
  4769    252   6199 3.790205E-06 8.263242E-02 1.192258E-04
  4770   4016   6175 1.598977E-06 4.715956E-02 1.567882E-05
  4771     59    622 4.598302E-06 3.032994E-02 1.478406E-04
  4772    911   1092 5.690739E-06 3.036979E-02 4.988897E-05
  4773   4970   4971 4.568459E-06 4.347299E-02 1.538106E-05
  4774    371    503 1.158012E-05 3.976314E-02 4.112825E-05
  4775   1536   6148 2.824378E-06 6.781078E-02 2.504836E-05
  4776    463   4118 4.263841E-06 3.318944E-02 5.206991E-05
  4777    369    463 8.314373E-06 2.724757E-02 7.150352E-05
  4778     44   2776 9.581924E-07 3.608439E-02 1.122419E-04
  4779    546   3514 2.178460E-06 4.573545E-02 7.859994E-05
  4780    369   1951 5.936315E-06 2.266470E-02 7.826426E-05
  4781    264    333 7.739270E-06 3.138983E-02 1.459599E-04
  4782    700   3064 2.806067E-06 6.588961E-02 4.611381E-05
  4783   1258   6394 3.175496E-06 7.423026E-02 4.923581E-05
  4784   1258   6299 3.733709E-06 3.615928E-02 3.432332E-05
  4785    112   3117 2.424616E-06 5.239330E-02 8.899625E-05
  4786    616   6319 9.495414E-07 6.250000E-02 4.397869E-05
  4787    901   4434 1.787925E-06 2.083333E-02 6.322097E-05
  4788    112   2832 4.492175E-06 3.757450E-02 7.360637E-05
  4789   2052   2832 3.222881E-06 5.181044E-02 4.174197E-05
  4790   1971   3097 2.439787E-06 3.652455E-02 4.705109E-05
  4791     94    143 1.551590E-05 4.824517E-02 1.434650E-04
  4792    167   1164 5.508908E-06 2.677115E-02 7.171992E-05
  4793     10    175 9.027001E-06 5.003218E-02 2.116536E-04
  4794    627   3823 4.705940E-06 6.559612E-02 8.552713E-05
  4795   1506   4544 3.476021E-06 3.104152E-02 4.813023E-05
  4796   3256   4706 2.773837E-06 3.804584E-02 3.997570E-05
  4797   1571   2458 3.453832E-06 7.237697E-02 3.880418E-05
  4798   3478   5682 3.976541E-06 4.596900E-02 4.057267E-05
  4799   2879   5356 2.428704E-06 7.664925E-02 5.934732E-05
  4800    536   6706 1.408007E-06 1.981358E-02 4.294106E-05
  4801     59   3897 9.628314E-07 2.219680E-02 1.203805E-04
  4802     76   3994 4.169480E-06 4.120046E-02 7.765135E-05
  4803     76    801 7.732733E-06 3.010771E-02 8.312943E-05
  4804    473    910 3.228007E-06 3.275125E-02 5.346069E-05
  4805    205   1099 2.961703E-06 7.316728E-02 6.494095E-05
  4806    205   2014 3.121832E-06 6.114485E-02 7.862683E-05
  4807    972   1479 3.583263E-06 3.661723E-02 9.415288E-05
  4808    972   5178 3.699353E-06 5.188712E-02 6.176188E-05
  4809    463   3762 3.943694E-06 6.077056E-02 5.930396E-05
  4810    927   1356 4.710453E-06 6.342414E-02 5.185198E-05
  4811   1639   2486 3.008550E-06 4.324960E-02 3.181596E-05
  4812    901   4327 3.805090E-06 4.299304E-02 5.835273E-05
  4813   3565   4995 3.022721E-06 5.881855E-02 4.804598E-05
  4814   1312   4995 3.315791E-06 2.618385E-02 6.082478E-05
  4815   1971   3386 3.168483E-06 5.114999E-02 4.058002E-05
  4816   3386   4391 4.328201E-06 7.194079E-02 3.969736E-05
  4817      2   4234 5.185072E-06 2.684413E-02 3.305870E-04
  4818   2037   3651 2.996186E-06 4.677148E-02 5.427923E-05
  4819     53   1289 2.251072E-06 5.492325E-02 8.460172E-05
  4820    194    199 1.347182E-05 2.241548E-02 1.072085E-04
  4821    538   3897 3.266899E-06 4.935901E-02 7.214008E-05
  4822   5374   5382 4.494691E-06 4.081487E-02 2.261139E-05
  4823    252    986 3.804526E-06 8.377870E-02 1.361357E-04
  4824   4006   4092 3.266071E-06 5.569781E-02 4.684392E-05
  4825   3994   6220 4.173358E-06 4.201285E-02 1.949885E-05
  4826   3395   4016 3.059287E-06 3.733978E-02 3.595481E-05
  4827   2345   6232 3.689790E-06 7.697544E-02 2.203365E-05
  4828    911   1099 9.603740E-07 4.479256E-02 6.293873E-05
  4829    990   5008 4.273526E-06 5.548901E-02 5.886448E-05
  4830   1536   2006 4.931519E-06 3.433129E-02 4.606745E-05
  4831    258   2044 2.806441E-06 8.108801E-02 6.187089E-05
  4832    118    130 2.991735E-06 7.367148E-02 2.142093E-04
  4833    546   1746 4.912755E-06 4.476565E-02 9.146425E-05
  4834    985   2091 3.983429E-06 5.493789E-02 5.278741E-05
  4835    708   6280 4.242882E-06 5.896140E-02 4.740097E-05
  4836    774   3605 2.417738E-06 6.090765E-02 2.880416E-05
  4837    765   1124 8.211412E-06 4.063264E-02 3.167509E-05
  4838   1124   2533 2.614306E-06 5.121396E-02 6.598570E-05
  4839    104    107 1.391131E-05 2.785201E-02 1.042293E-04
  4840   2174   4012 3.926222E-06 2.212077E-02 4.019441E-05
  4841      2   1126 3.753191E-06 5.558419E-02 2.649725E-04
  4842   1373   4669 4.056075E-06 3.399801E-02 4.277543E-05
  4843     53   5229 4.568438E-06 6.046255E-02 7.255842E-05
  4844     60   6776 4.470016E-06 5.411376E-02 8.440514E-05
  4845   2347   2681 3.581025E-06 5.640047E-02 6.815428E-05
  4846   1166   6199 3.289825E-06 6.065831E-02 5.867110E-05
  4847   1166   1303 2.957466E-06 7.734992E-02 6.859546E-05
  4848    501   6254 1.785390E-06 7.362512E-02 5.656394E-05
  4849    729   6255 1.798154E-06 4.797597E-02 4.378128E-05
  4850    172   4959 1.152899E-06 2.314151E-02 1.084971E-04
  4851    729   1479 3.481888E-06 5.015977E-02 8.668829E-05
  4852    130    503 6.103348E-06 1.958955E-02 7.355313E-05
  4853    465   1879 2.428554E-06 8.483060E-02 7.775223E-05
  4854   1879   5124 2.825016E-06 3.705442E-02 3.438550E-05
  4855   1746   3934 3.746166E-06 4.919959E-02 3.221548E-05
  4856    985   6300 2.967120E-06 5.343210E-02 3.790884E-05
  4857   1953   6297 2.961757E-06 5.040794E-02 4.184071E-05
  4858    118    691 4.511515E-06 3.766589E-02 2.016532E-04
  4859   1551   1730 3.001061E-06 4.953266E-02 6.622705E-05
  4860    616   1730 3.147472E-06 5.733900E-02 5.829733E-05
  4861   3605   6209 2.990471E-06 6.617187E-02 4.486710E-05
  4862   1124   6672 2.178398E-06 2.702752E-02 5.606842E-05
  4863    436    540 4.791217E-06 5.742780E-02 9.998970E-05
  4864   1373   2086 4.301129E-06 3.692349E-02 5.162164E-05
  4865    115   3156 9.554969E-07 1.976424E-02 7.093730E-05
  4866    395   6645 3.263030E-06 8.562042E-02 7.270491E-05
  4867    538    579 4.420518E-06 6.603107E-02 6.255604E-05
  4868    328   3130 5.759107E-06 5.752212E-02 4.799039E-05
  4869    328   6262 2.849307E-06 5.910460E-02 5.302972E-05
  4870    526   6255 3.157962E-06 6.140100E-02 5.520674E-05
  4871    246    473 9.177813E-06 3.888458E-02 1.023088E-04
  4872   2345   3836 3.597805E-06 7.438595E-02 1.742036E-05
  4873    258   2738 4.036367E-06 3.201630E-02 6.397292E-05
  4874    546   6162 2.991271E-06 8.330619E-02 5.247999E-05
  4875    700   1202 2.807553E-06 4.581031E-02 6.807751E-05
  4876    603   1216 2.612872E-06 5.632493E-02 7.423543E-05
  4877    112   4444 4.304116E-06 6.141283E-02 8.162245E-05
  4878   2533   4408 2.622838E-06 3.595756E-02 5.175016E-05
  4879   2533   6326 1.806760E-06 3.896682E-02 3.776825E-05
  4880    738   1124 2.620259E-06 6.720522E-02 6.275455E-05
  4881    167   5339 2.998478E-06 4.229959E-02 7.897560E-05
  4882    167   1254 3.994020E-06 3.223106E-02 8.601118E-05
  4883    517   4234 4.095606E-06 2.879378E-02 1.076048E-04
  4884      2   5566 2.138327E-05 2.554539E-02 1.593086E-04
  4885    197    235 1.079197E-05 2.485739E-02 1.127701E-04
  4886   3897   4286 3.859683E-06 5.686889E-02 4.681637E-05
  4887   3912   5048 2.811115E-06 8.316761E-02 4.633052E-05
  4888   2332   5397 4.416244E-06 5.386976E-02 2.539952E-05
  4889   2983   5048 1.421471E-06 6.517165E-02 5.702012E-05
  4890    117   3130 5.277892E-06 4.430643E-02 8.009609E-05
  4891   1166   2114 3.295293E-06 4.305736E-02 7.243654E-05
  4892    526    729 2.482118E-06 5.117753E-02 6.976418E-05
  4893   2383   5008 3.144943E-06 7.655407E-02 5.449933E-05
  4894   1841   2044 4.450191E-06 4.895193E-02 7.724632E-05
  4895    546   1879 5.852379E-06 3.455115E-02 8.456955E-05
  4896   3248   3762 4.169660E-06 7.996252E-02 5.361577E-05
  4897    708   5101 3.294391E-06 6.093087E-02 6.398015E-05
  4898   1639   1953 4.393060E-06 3.921659E-02 4.879474E-05
  4899    901   2274 4.392064E-06 7.148986E-02 6.021168E-05
  4900    107   1953 3.144559E-06 8.118809E-02 7.024566E-05
  4901   3565   4435 3.561444E-06 2.628831E-02 2.114082E-05
  4902   3317   6209 3.727682E-06 5.373838E-02 5.121522E-05
  4903   5339   6209 2.805357E-06 7.985160E-02 3.301181E-05
  4904    195   1167 5.732082E-06 2.704655E-02 6.898000E-05
  4905   2086   4231 4.230375E-06 3.742432E-02 2.929705E-05
  4906   3895   6703 2.182625E-06 7.985528E-02 6.850520E-05
  4907     59    801 4.489401E-06 2.276494E-02 1.338044E-04
  4908   4002   4089 4.341793E-06 5.419877E-02 1.422238E-05
  4909     44     76 1.392435E-05 3.745161E-02 1.058294E-04
  4910    990   6118 3.762079E-06 6.429865E-02 5.857608E-05
  4911   5008   6118 3.393666E-06 4.795515E-02 4.568424E-05
  4912   5008   6094 3.063258E-06 8.672001E-02 2.360062E-05
  4913   1099   2014 3.490945E-06 5.634393E-02 4.450343E-05
  4914   3027   5178 2.816374E-06 3.641276E-02 3.526465E-05
  4915    112    223 1.121672E-05 3.236840E-02 8.009279E-05
  4916    118   2203 3.717836E-06 6.166715E-02 1.396306E-04
  4917    775   5102 2.789519E-06 5.877966E-02 7.693475E-05
  4918    118    700 5.307606E-06 3.056561E-02 1.570526E-04
  4919   1746   1879 3.610492E-06 6.632057E-02 4.772090E-05
  4920    112    507 3.151682E-06 4.916157E-02 1.485102E-04
  4921    112    708 2.626005E-06 5.487417E-02 1.475162E-04
  4922   1147   2767 3.302125E-06 4.056153E-02 4.028462E-05
  4923    264    603 4.855880E-06 1.897584E-02 1.106868E-04
  4924    738   6280 3.193385E-06 4.297159E-02 4.520180E-05
  4925    774   4255 4.095219E-06 7.234590E-02 3.995125E-05
  4926    738   4435 3.627237E-06 6.860372E-02 3.142008E-05
  4927     94   4408 3.299671E-06 3.879679E-02 8.120890E-05
  4928   3097   3386 4.561823E-06 3.774655E-02 2.012429E-05
  4929    774   3386 3.906395E-06 4.085754E-02 6.640839E-05
  4930    167   1576 3.831993E-06 3.561490E-02 8.213727E-05
  4931    776   4932 3.860691E-06 6.962034E-02 3.138838E-05
  4932   1633   4555 2.176073E-06 5.020991E-02 3.745965E-05
  4933      6    146 1.721741E-05 2.123151E-02 1.751136E-04
  4934    194   5352 3.743829E-06 5.026341E-02 9.910083E-05
  4935     52   1338 4.514605E-06 5.239789E-02 1.032832E-04
  4936     59   1092 3.565717E-06 2.984574E-02 8.570424E-05
  4937   2291   2619 4.705164E-06 6.598365E-02 2.213438E-05
  4938     44   2828 5.110614E-06 4.658508E-02 7.977501E-05
  4939    546    683 9.487629E-07 6.250000E-02 6.199914E-05
  4940   1216   5108 2.992586E-06 7.900000E-02 5.097531E-05
  4941    708   1730 4.000976E-06 3.303170E-02 6.028672E-05
  4942   1163   1953 4.288044E-06 6.042831E-02 8.098375E-05
  4943    288    634 2.626098E-06 3.070171E-02 7.785349E-05
  4944    167   2174 3.148117E-06 7.206612E-02 9.639195E-05
  4945     14     47 2.931276E-05 2.206957E-02 1.487618E-04
  4946    195   2730 3.564866E-06 7.216967E-02 9.979348E-05
  4947   3255   3651 4.221652E-06 4.751390E-02 5.421081E-05
  4948   3716   5843 3.867177E-06 2.148652E-02 3.170529E-05
  4949   1068   1454 9.500491E-07 6.250000E-02 3.930609E-05
  4950   3446   5362 3.540537E-06 5.589352E-02 4.939341E-05
  4951    538   4286 3.448988E-06 5.181046E-02 7.213262E-05
  4952    538    801 3.146801E-06 5.693288E-02 7.533645E-05
  4953   2842   4051 3.820388E-06 4.469674E-02 4.123782E-05
  4954    501   4972 2.999173E-06 7.836422E-02 6.238674E-05
  4955    221   1477 4.297196E-06 2.783301E-02 8.330209E-05
  4956    108    130 7.663933E-06 6.722897E-02 1.506075E-04
  4957    221    526 3.299581E-06 5.798070E-02 1.058040E-04
  4958   4967   4970 4.709073E-06 3.988010E-02 3.439310E-05
  4959    255    766 2.732663E-06 5.011113E-02 7.888280E-05
  4960   1092   2828 1.613263E-06 5.638602E-02 4.436604E-05
  4961   1479   1536 2.655572E-06 3.135094E-02 6.297847E-05
  4962    371   6094 1.348034E-06 2.824986E-02 4.791236E-05
  4963    333   3691 2.950996E-06 5.015797E-02 6.536692E-05
  4964   3261   3723 2.428752E-06 5.284663E-02 4.119672E-05
  4965     87    130 1.586671E-05 2.323251E-02 1.066089E-04
  4966    369    546 3.161975E-06 6.303567E-02 1.105946E-04
  4967    559   3261 4.394636E-06 2.435666E-02 5.982018E-05
  4968   2091   5108 4.275590E-06 6.409612E-02 4.453008E-05
  4969   1147   1951 3.941545E-06 8.906785E-02 4.463111E-05
  4970    564    691 6.172311E-06 3.125726E-02 7.081335E-05
  4971    521    634 3.475199E-06 3.667662E-02 8.615439E-05
  4972    288    521 2.424797E-06 2.475716E-02 9.111884E-05
  4973   3386   3791 2.361021E-06 4.735776E-02 4.405005E-05
  4974    167   1854 3.141198E-06 4.178823E-02 1.061978E-04
  4975   1948   2058 4.521786E-06 2.221609E-02 4.120615E-05
  4976      9     34 2.266489E-05 4.396523E-02 1.757179E-04
  4977   3267   5843 3.945816E-06 6.165347E-02 2.759770E-05
  4978     13   5568 6.020236E-06 7.900000E-02 1.109351E-04
  4979   5366   5682 9.619171E-07 2.795085E-02 4.518227E-05
  4980    148   1437 4.335911E-06 2.997834E-02 6.873811E-05
  4981    801   3994 1.412593E-06 1.373374E-02 2.854163E-05
  4982    473   4975 3.688441E-06 3.601427E-02 8.422012E-05
  4983   2383   5009 3.613337E-06 5.371522E-02 3.842224E-05
  4984   1092   1099 6.737818E-06 4.731322E-02 4.133539E-05
  4985    546   1479 5.595244E-06 3.313244E-02 6.562670E-05
  4986   1356   2201 1.796638E-06 1.715837E-02 4.210751E-05
  4987    223   1841 2.623819E-06 5.731358E-02 1.058391E-04
  4988    437   6298 2.961768E-06 5.487281E-02 5.925267E-05
  4989    118    564 6.936300E-06 3.806306E-02 2.150321E-04
  4990    112   4238 4.127586E-06 4.288482E-02 5.510562E-05
  4991    264   2091 3.741177E-06 5.747597E-02 8.311918E-05
  4992    264   1067 3.985947E-06 7.900000E-02 9.816569E-05
  4993    616   4464 3.654115E-06 4.375421E-02 4.139536E-05
  4994    774   4464 3.226402E-06 3.402971E-02 5.094052E-05
  4995   1124   6325 4.001113E-06 4.287739E-02 4.307403E-05
  4996    107   4408 4.531679E-06 4.848100E-02 8.573476E-05
  4997    774   1312 6.205588E-06 3.573137E-02 4.412287E-05
  4998   1108   1124 4.397180E-06 2.555717E-02 7.317491E-05
  4999    167   1108 4.615658E-06 3.999593E-02 1.321264E-04
  5000   2174   6425 3.086045E-06 4.536201E-02 3.678572E-05
  5001   1164   2174 4.048239E-06 4.297218E-02 4.998118E-05
  5002    436    721 5.885944E-06 7.126091E-02 6.732220E-05
  5003   1373   4672 2.956784E-06 6.627883E-02 3.611015E-05
  5004   2086   3256 5.339117E-06 3.526035E-02 4.206037E-05
  5005    801   4286 2.887055E-06 2.028474E-02 3.924683E-05
  5006    536   6682 3.145991E-06 5.890624E-02 4.492310E-05
  5007     18     52 6.589244E-06 4.525552E-02 2.706111E-04
  5008    622   1927 2.179396E-06 1.895016E-02 7.730051E-05
  5009   4118   5621 3.751707E-06 4.599012E-02 4.120146E-05
  5010    205    333 8.778840E-06 2.816230E-02 1.375503E-04
  5011     44   2667 4.001000E-06 3.176715E-02 7.256091E-05
  5012    599   1171 4.457490E-06 2.242732E-02 5.218580E-05
  5013    603    927 3.626703E-06 5.637099E-02 5.394128E-05
  5014    507    708 5.233635E-06 2.777938E-02 6.559048E-05
  5015    616   1147 3.617321E-06 6.771560E-02 5.006639E-05
  5016    264    397 6.454783E-06 2.037829E-02 1.357258E-04
  5017    107   1163 4.289079E-06 8.049967E-02 1.051323E-04
  5018   2486   4408 4.441562E-06 4.644315E-02 3.614604E-05
  5019    521   1737 1.730291E-06 2.141042E-02 7.593949E-05
  5020    634   3211 1.414695E-06 1.480214E-02 6.597542E-05
  5021   3211   5042 4.357451E-06 5.403453E-02 5.098512E-05
  5022    143    150 1.650496E-05 2.119799E-02 1.241289E-04
  5023     39    175 1.300338E-05 2.534844E-02 1.793322E-04
  5024      2     34 1.181936E-05 4.887501E-02 3.384736E-04
  5025   3255   5766 2.238803E-06 6.252186E-02 4.070369E-05
  5026    784   1139 5.044257E-06 3.740696E-02 6.486388E-05
  5027    115    235 1.320580E-05 2.653318E-02 1.441695E-04
  5028    235    395 9.975700E-06 4.389387E-02 6.005335E-05
  5029    579   3669 1.575084E-06 7.900000E-02 8.508383E-05
  5030    148   3506 1.397029E-06 6.250000E-02 7.554312E-05
  5031    801    986 3.332486E-06 4.503111E-02 5.461434E-05
  5032    599   6095 2.843986E-06 6.995617E-02 5.298371E-05
  5033    546   3027 9.628500E-07 3.628404E-02 8.769788E-05
  5034    507    546 3.150423E-06 4.037007E-02 1.114884E-04
  5035    223   1171 5.596596E-06 4.753886E-02 5.213451E-05
  5036    963   3762 3.918482E-06 3.126159E-02 3.635472E-05
  5037   2203   3762 5.607871E-06 4.944428E-02 1.543427E-05
  5038    927   2201 2.626257E-06 4.079710E-02 5.624212E-05
  5039   1951   2508 4.086423E-06 5.198074E-02 3.529983E-05
  5040    112   1639 5.391183E-06 3.475864E-02 7.844201E-05
  5041   1953   6307 4.260276E-06 6.389509E-02 3.834008E-05
  5042   4408   6326 4.500589E-06 3.757811E-02 4.419570E-05
  5043    143   1124 4.667223E-06 3.528493E-02 1.120905E-04
  5044    288   5042 4.302414E-06 3.405059E-02 6.383268E-05
  5045    160   5042 2.812009E-06 5.820171E-02 8.212904E-05
  5046    582   4942 2.184542E-06 7.019537E-02 6.717208E-05
  5047   1264   1671 4.224662E-06 8.803493E-02 3.563940E-05
  5048      2     47 1.571046E-05 3.421909E-02 4.692894E-04
  5049   3651   5808 1.088237E-06 4.915745E-02 4.421534E-05
  5050   3255   5808 1.789692E-06 2.083333E-02 3.457678E-05
  5051   2036   2214 4.712678E-06 1.669617E-02 3.117157E-05
  5052   5373   6676 3.683664E-06 6.305255E-02 1.655002E-05
  5053     76   4127 1.406963E-06 7.379318E-02 1.049579E-04
  5054    108    371 9.778288E-06 3.809216E-02 7.181570E-05
  5055    221    255 4.037437E-06 5.423027E-02 1.243208E-04
  5056     44   6101 4.093530E-06 3.376827E-02 1.232354E-04
  5057    263    482 2.959111E-06 5.033904E-02 9.141068E-05
  5058   2044   2738 4.923919E-06 4.226426E-02 4.628576E-05
  5059    559   2044 3.181128E-06 4.464528E-02 6.275098E-05
  5060    700   3177 4.587746E-06 4.181207E-02 4.406289E-05
  5061   1067   1163 3.790995E-06 3.925115E-02 5.244956E-05
  5062   1737   3327 5.431180E-06 6.859709E-02 3.736983E-05
  5063    738    765 5.304192E-06 3.061052E-02 6.811502E-05
  5064    160    691 3.532797E-06 4.237582E-02 1.992343E-04
  5065   5339   5402 3.430901E-06 5.680040E-02 2.319677E-05
  5066    160   2174 2.808943E-06 3.962706E-02 6.996664E-05
  5067    540    721 3.974204E-06 4.046303E-02 8.140563E-05
  5068     24    175 5.873632E-06 3.464428E-02 2.242247E-04
  5069      2    596 9.585445E-06 2.141452E-02 4.014161E-04
  5070   1506   3750 4.227517E-06 6.083769E-02 4.084885E-05
  5071   3267   3716 3.726683E-06 6.328724E-02 6.354969E-05
  5072     33   1625 6.889153E-06 5.425230E-02 1.308290E-04
  5073    194   6652 2.582177E-06 8.204086E-02 6.537586E-05
  5074     52     53 1.352557E-05 4.416218E-02 1.413805E-04
  5075    986   2347 4.394133E-06 3.129907E-02 7.043636E-05
  5076   1107   4127 4.003163E-06 7.613904E-02 4.693084E-05
  5077    587   1303 5.048840E-06 3.447688E-02 4.719986E-05
  5078   4000   5048 3.068717E-06 5.273420E-02 1.627176E-05
  5079    501   3130 2.366178E-06 4.115382E-02 4.535180E-05
  5080   3226   6222 2.808937E-06 6.189828E-02 1.546655E-05
  5081     88    258 1.179710E-05 4.724770E-02 1.285410E-04
  5082    258   5140 9.603157E-07 3.126144E-02 7.342705E-05
  5083    246   5140 3.264131E-06 3.955096E-02 7.544118E-05
  5084    356   1992 3.450743E-06 4.558704E-02 7.383510E-05
  5085    728    963 5.726817E-06 4.254736E-02 5.908078E-05
  5086    246   6123 2.423710E-06 4.919601E-02 7.111295E-05
  5087    507   5092 2.850611E-06 3.752916E-02 7.070043E-05
  5088    546    647 6.658545E-06 2.930668E-02 4.697786E-05
  5089    112   2151 4.244659E-06 6.440201E-02 1.099938E-04
  5090    708   3934 3.492489E-06 6.742580E-02 6.490214E-05
  5091    437   1163 4.901680E-06 2.512291E-02 5.862105E-05
  5092   1163   6307 3.845459E-06 4.610467E-02 5.789113E-05
  5093    265    397 9.917176E-06 2.560047E-02 8.646163E-05
  5094    648   1730 3.836597E-06 5.378029E-02 7.277265E-05
  5095   1621   2398 4.483967E-06 5.959017E-02 3.823098E-05
  5096    648    708 7.171398E-06 3.864242E-02 6.107976E-05
  5097    648   4255 3.237261E-06 7.900000E-02 6.247047E-05
  5098   1037   3117 2.424532E-06 4.346178E-02 5.126698E-05
  5099    708    738 2.984401E-06 2.850222E-02 7.480568E-05
  5100    928   1737 2.810293E-06 5.490731E-02 4.181096E-05
  5101   1854   5653 1.407885E-06 3.125000E-02 3.838310E-05
  5102    167   5653 2.816897E-06 4.385511E-02 1.155963E-04
  5103     10     39 1.463491E-05 4.179763E-02 1.801286E-04
  5104   1179   2782 6.063057E-06 6.056749E-02 2.170486E-05
  5105   2037   3750 3.230499E-06 3.699440E-02 5.431457E-05
  5106   2347   4286 5.186938E-06 8.930182E-02 4.640807E-05
  5107    536   1107 4.911627E-06 1.755167E-02 7.475491E-05
  5108   1303   2114 3.316270E-06 5.786523E-02 4.739189E-05
  5109    801   6178 2.823160E-06 6.880548E-02 3.569349E-05
  5110   6254   6262 2.916243E-06 8.365461E-02 2.192751E-05
  5111   4970   6254 3.900911E-06 6.083793E-02 4.081000E-05
  5112    910   1477 2.484743E-06 1.262088E-02 3.254526E-05
  5113   1092   4966 4.864978E-06 7.371407E-02 2.882636E-05
  5114   4967   6240 3.157924E-06 4.506159E-02 2.626934E-05
  5115   1479   2826 4.588726E-06 4.891304E-02 5.015164E-05
  5116    263   1536 2.935009E-06 3.222768E-02 9.502738E-05
  5117   1992   2014 4.073227E-06 4.650712E-02 3.985037E-05
  5118     44    559 6.067460E-06 3.885116E-02 8.630868E-05
  5119    482   2414 3.170327E-06 3.315096E-02 4.157855E-05
  5120   1841   3723 1.406657E-06 2.795085E-02 6.997712E-05
  5121   2027   5092 3.930064E-06 4.154955E-02 2.466108E-05
  5122     87    118 7.082227E-06 4.942133E-02 2.615055E-04
  5123    369    647 4.506759E-06 3.636511E-02 5.326388E-05
  5124    546   2357 3.148683E-06 2.670626E-02 7.189816E-05
  5125   5107   6298 3.760476E-06 4.625505E-02 3.193195E-05
  5126    616   2508 4.015218E-06 5.094821E-02 5.844157E-05
  5127   2201   6387 2.853662E-06 2.053093E-02 4.159224E-05
  5128    118    949 4.351607E-06 8.051257E-02 2.057781E-04
  5129    691    949 3.450244E-06 3.893391E-02 6.935790E-05
  5130    616    774 4.417405E-06 5.282722E-02 7.630674E-05
  5131   1737   2245 5.012902E-06 6.817246E-02 4.139348E-05
  5132   1312   4435 4.284787E-06 6.494584E-02 2.588834E-05
  5133    765   1108 3.951916E-06 4.566496E-02 7.196845E-05
  5134    104    143 1.924013E-05 3.982465E-02 9.039396E-05
  5135    167   4224 3.423412E-06 6.582956E-02 1.095045E-04
  5136   5570   5844 4.053346E-06 4.453035E-02 1.511678E-05
  5137      6     11 2.898370E-05 1.759290E-02 3.301340E-04
  5138     59    205 1.265526E-05 2.730994E-02 1.795489E-04
  5139     76     88 2.331004E-05 3.490660E-02 6.041410E-05
  5140   6116   6118 2.805385E-06 4.752309E-02 3.881683E-05
  5141    258   3104 4.298860E-06 3.625877E-02 7.386143E-05
  5142   1841   2738 1.347902E-06 6.425948E-02 9.080391E-05
  5143    333   1992 3.888705E-06 1.731614E-02 9.668547E-05
  5144     87    564 9.453291E-06 2.117690E-02 8.530976E-05
  5145   3190   6298 3.065280E-06 3.134380E-02 2.042160E-05
  5146   3934   4052 2.244489E-06 3.841527E-02 4.516538E-05
  5147   6298   6306 2.805622E-06 6.222092E-02 3.104497E-05
  5148   1067   6306 2.853226E-06 5.280109E-02 4.889889E-05
  5149    300    691 4.003719E-06 6.008240E-02 7.212178E-05
  5150    708   4226 9.501432E-07 4.419417E-02 5.577931E-05
  5151   2486   6326 3.464282E-06 7.675131E-02 4.731373E-05
  5152    765   4435 3.471209E-06 8.488958E-02 5.126346E-05
  5153   5456   6675 4.710453E-06 6.304549E-02 1.646447E-05
  5154    160   3935 4.429834E-06 3.335793E-02 5.628182E-05
  5155    489   1254 7.290624E-06 6.037453E-02 7.699271E-05
  5156    644   1139 4.854086E-06 4.134018E-02 8.464181E-05
  5157     59    579 3.832806E-06 3.650740E-02 1.669013E-04
  5158   3478   5366 2.812565E-06 7.351855E-02 2.708544E-05
  5159    538   5401 2.821088E-06 4.501126E-02 4.842384E-05
  5160   4286   5401 4.150670E-06 6.106206E-02 2.963321E-05
  5161   5394   5625 4.545984E-06 4.428168E-02 9.325443E-06
  5162     59   1777 4.254264E-06 6.340483E-02 7.793014E-05
  5163    255    473 3.742420E-06 4.589895E-02 7.389146E-05
  5164     44   6244 9.547612E-07 4.419417E-02 7.571927E-05
  5165    263   2006 3.144301E-06 6.962710E-02 6.773688E-05
  5166    205   1992 4.631817E-06 3.718298E-02 1.025146E-04
  5167    482   1847 5.705781E-06 5.116566E-02 3.266487E-05
  5168    998   2738 4.252407E-06 2.863748E-02 1.003185E-04
  5169    333    603 4.415543E-06 5.286520E-02 1.375570E-04
  5170   3723   5089 2.809112E-06 5.059316E-02 1.793177E-05
  5171   5092   6345 3.138179E-06 6.766518E-02 3.070907E-05
  5172   4411   6298 1.287486E-06 6.313862E-02 2.881411E-05
  5173   1067   4411 2.815157E-06 5.284474E-02 3.279430E-05
  5174    300    700 2.177094E-06 3.184143E-02 7.546551E-05
  5175    616   1579 9.428771E-07 6.250000E-02 5.374744E-05
  5176    224   1579 2.990459E-06 7.354595E-02 8.277961E-05
  5177    265   1067 4.126371E-06 2.642390E-02 8.822543E-05
  5178    300    521 3.423517E-06 5.630942E-02 9.289263E-05
  5179    774   1488 5.517049E-06 2.808453E-02 3.527113E-05
  5180   1488   3386 3.625888E-06 7.959453E-02 6.242739E-05
  5181   1948   2174 2.927038E-06 5.612672E-02 5.712435E-05
  5182   3267   5632 2.683604E-06 3.063494E-02 6.207478E-05
  5183     11     15 9.682496E-06 1.360220E-02 3.190654E-04
  5184    194    235 1.225404E-05 4.530045E-02 8.274059E-05
  5185   2214   6637 4.249187E-06 4.716068E-02 2.473995E-05
  5186   3912   4000 3.427023E-06 3.304057E-02 6.332380E-05
  5187   4006   6172 1.190026E-06 6.955615E-02 3.252075E-05
  5188    801   6221 3.590648E-06 7.264391E-02 2.218057E-05
  5189    255    910 9.579245E-07 1.976424E-02 8.763263E-05
  5190   4976   6227 9.485074E-07 6.250000E-02 2.042233E-05
  5191    729   4993 4.224189E-06 6.084040E-02 6.504551E-05
  5192   2600   3891 2.425968E-06 5.241738E-02 6.521898E-05
  5193    255    599 1.349237E-06 8.375807E-02 9.213755E-05
  5194   2738   3104 4.587305E-06 4.741589E-02 1.892285E-05
  5195   1847   5621 2.818149E-06 7.918030E-02 5.403452E-05
  5196    963   5621 3.540212E-06 4.884078E-02 4.891287E-05
  5197   3261   5170 1.146994E-06 6.250000E-02 3.356709E-05
  5198    647   2357 3.050128E-06 6.477132E-02 5.909305E-05
  5199   2201   2492 3.191162E-06 7.443925E-02 6.071148E-05
  5200    369   2508 2.239731E-06 6.457256E-02 5.245554E-05
  5201    264    474 7.137266E-06 3.512342E-02 1.455283E-04
  5202    708   4052 1.731935E-06 3.990129E-02 4.359279E-05
  5203    397   1067 3.605308E-06 2.575170E-02 9.686760E-05
  5204    449   4408 4.040437E-06 3.007174E-02 8.113112E-05
  5205    107    449 9.526435E-06 3.332134E-02 8.361977E-05
  5206    449   2486 2.042691E-06 7.900000E-02 9.961555E-05
  5207    907   3097 4.730373E-06 7.466886E-02 4.044968E-05
  5208   1626   1939 4.661375E-06 2.656261E-02 3.123760E-05
  5209    521    928 2.810759E-06 5.897466E-02 9.185009E-05
  5210   1108   1854 2.807548E-06 4.637789E-02 6.852448E-05
  5211    489   1576 5.185413E-06 2.588554E-02 6.350321E-05
  5212   1727   1758 4.248838E-06 4.236573E-02 6.571803E-05
  5213   1439   2688 1.797185E-06 2.986792E-02 2.858125E-05
  5214     11     13 3.515375E-05 2.224547E-02 2.247688E-04
  5215     11    146 1.649493E-05 2.486790E-02 2.069842E-04
  5216   4303   6703 3.284061E-06 5.929774E-02 1.694008E-05
  5217    137    313 1.430529E-05 4.655963E-02 8.467464E-05
  5218    507   1879 4.568645E-06 4.165760E-02 5.980769E-05
  5219    397   2091 1.126474E-06 6.271381E-02 8.401031E-05
  5220    488   1147 2.997244E-06 7.989436E-02 7.854131E-05
  5221    616   2056 4.259403E-06 2.839759E-02 4.663898E-05
  5222    708    765 9.533672E-07 4.419417E-02 8.397606E-05
  5223    300    901 7.428470E-06 4.151084E-02 5.277604E-05
  5224    928   3327 2.805376E-06 6.465225E-02 3.711584E-05
  5225   1939   6283 1.574152E-06 5.507919E-02 2.471711E-05
  5226    928   3386 2.809145E-06 8.276211E-02 5.696161E-05
  5227    774   1854 9.524125E-07 6.250000E-02 4.524486E-05
  5228   3386   4224 2.974562E-06 4.171837E-02 4.587685E-05
  5229    160    287 9.807400E-06 2.709593E-02 1.248416E-04
  5230   5808   5819 3.942579E-06 2.374660E-02 2.381622E-05
  5231   5766   5819 1.597734E-06 3.147161E-02 3.340768E-05
  5232   2540   6652 1.799892E-06 6.812602E-02 3.053491E-05
  5233    538   5366 1.351109E-06 2.112467E-02 3.611709E-05
  5234    108    313 1.281371E-05 2.363255E-02 1.054128E-04
  5235   6178   6191 3.003432E-06 4.765393E-02 1.546474E-05
  5236    526   3226 2.807499E-06 7.896028E-02 5.420738E-05
  5237   4970   6252 9.479081E-07 3.125000E-02 4.768567E-05
  5238    587    910 4.007571E-06 2.456722E-02 7.158036E-05
  5239   4970   6269 3.986678E-06 7.770124E-02 3.736558E-05
  5240    546    599 3.329705E-06 6.974642E-02 1.402057E-04
  5241    998   1351 3.722540E-06 3.488546E-02 7.028756E-05
  5242     44   5094 2.242098E-06 3.679695E-02 1.020595E-04
  5243    223   6345 3.481164E-06 5.232313E-02 5.096549E-05
  5244    603   5108 1.789931E-06 2.926926E-02 3.004597E-05
  5245    223   2141 3.307093E-06 4.548333E-02 7.015447E-05
  5246    616   1879 3.443941E-06 6.783566E-02 9.932893E-05
  5247   1892   2767 3.112465E-06 7.984454E-02 4.067252E-05
  5248    474    603 6.762724E-06 1.877173E-02 4.785569E-05
  5249   3515   6298 2.849705E-06 4.941106E-02 3.845490E-05
  5250   4238   4318 1.410886E-06 2.551552E-02 2.225993E-05
  5251    901   1892 3.451671E-06 6.929645E-02 5.561571E-05
  5252    449   6326 9.526015E-07 3.125000E-02 9.681281E-05
  5253   1108   5131 3.532285E-06 4.222142E-02 5.421645E-05
  5254    160    533 6.283398E-06 2.563107E-02 1.856981E-04
  5255   1254   5402 4.012361E-06 8.630192E-02 4.529379E-05
  5256    160    550 7.681483E-06 3.793106E-02 7.601125E-05
  5257      2     19 4.198006E-05 2.501888E-02 3.413676E-04
  5258   3651   4573 2.426990E-06 2.746969E-02 3.411765E-05
  5259   2688   5700 4.245932E-06 5.664893E-02 2.388397E-05
  5260    158    185 1.249150E-05 3.299851E-02 6.966378E-05
  5261    164    426 5.168368E-06 2.779507E-02 1.451784E-04
  5262    164   2359 3.369968E-06 3.206074E-02 1.031066E-04
  5263     65   6719 3.517221E-06 3.897533E-02 7.234833E-05
  5264    194   6784 2.752404E-06 4.555051E-02 4.489664E-05
  5265    117   1437 4.202007E-06 4.383858E-02 5.672141E-05
  5266    117   5373 4.577658E-06 5.711977E-02 6.773385E-05
  5267    117    539 7.003304E-06 2.980525E-02 9.312955E-05
  5268    501    539 8.350091E-06 2.058407E-02 5.072688E-05
  5269    986   1107 6.781577E-06 5.633545E-02 4.225795E-05
  5270    313    501 1.051052E-05 7.986087E-02 8.445675E-05
  5271   1303   5054 2.655661E-06 5.780506E-02 4.047219E-05
  5272   1927   6178 2.626253E-06 4.168721E-02 4.803862E-05
  5273   1447   1927 3.871122E-06 3.578359E-02 3.415975E-05
  5274     88   4975 3.157088E-06 6.813058E-02 7.600812E-05
  5275     44   4996 1.791804E-06 1.034684E-02 6.087255E-05
  5276   2358   5155 4.196632E-06 5.629970E-02 2.327137E-05
  5277   5621   6154 1.679795E-06 6.692072E-02 2.041106E-05
  5278   2738   5133 1.792678E-06 3.158310E-02 3.198420E-05
  5279    263    546 5.560425E-06 1.745819E-02 5.758130E-05
  5280   1847   2527 5.037725E-06 4.645724E-02 2.275649E-05
  5281   1351   6123 3.454247E-06 3.785738E-02 2.778703E-05
  5282    599   5162 2.992685E-06 4.571478E-02 7.867212E-05
  5283    463   2527 2.997131E-06 4.769539E-02 5.622425E-05
  5284   2044   5170 3.293687E-06 6.526158E-02 5.135599E-05
  5285    927   2726 1.348639E-06 2.102740E-02 3.673381E-05
  5286    112   2141 2.942253E-06 4.907204E-02 5.986183E-05
  5287    488   2508 3.558193E-06 4.621925E-02 7.285890E-05
  5288    333    474 7.941903E-06 2.727825E-02 9.297323E-05
  5289    928   3097 2.621696E-06 5.487606E-02 3.965200E-05
  5290   1124   1939 3.621499E-06 4.063487E-02 5.493324E-05
  5291   1108   1312 5.258235E-06 2.944491E-02 9.219934E-05
  5292   1355   1854 5.733731E-06 5.765164E-02 3.370198E-05
  5293    489   2174 2.792977E-06 3.214080E-02 1.005097E-04
  5294   2782   3434 4.911130E-06 7.741261E-02 3.652886E-05
  5295     59    538 7.335672E-06 2.084923E-02 1.041359E-04
  5296    538   3669 5.490721E-06 2.944419E-02 7.330762E-05
  5297    199   3506 9.561388E-07 4.419417E-02 6.606749E-05
  5298    402    801 4.289739E-06 4.175365E-02 7.552734E-05
  5299   1107   1268 5.517648E-06 2.682211E-02 5.461370E-05
  5300   3076   6172 3.566556E-06 7.123936E-02 2.907901E-05
  5301   1092   6191 1.351299E-06 3.048991E-02 8.775066E-05
  5302    526   4003 2.240090E-06 7.760623E-02 5.096183E-05
  5303   3891   5140 3.684089E-06 4.929455E-02 2.077576E-05
  5304    546   4157 4.892384E-06 5.676511E-02 8.186226E-05
  5305    263   2414 4.010306E-06 7.523804E-02 8.047095E-05
  5306    546   5162 2.992475E-06 4.712654E-02 7.995343E-05
  5307    263    647 8.152862E-06 3.503916E-02 6.286563E-05
  5308    647   2414 3.154963E-06 6.537265E-02 3.982969E-05
  5309    998   3723 2.957113E-06 7.466273E-02 8.601618E-05
  5310   2667   2726 3.022117E-06 2.043269E-02 4.205311E-05
  5311    369   6338 2.962710E-06 3.844747E-02 5.538754E-05
  5312    224   1892 3.318163E-06 5.039812E-02 7.744867E-05
  5313    616    648 7.002894E-06 3.234939E-02 9.231619E-05
  5314   1939   2832 2.993891E-06 4.624430E-02 6.847769E-05
  5315    107    397 6.215915E-06 1.345665E-02 1.028398E-04
  5316    489   1164 2.620933E-06 4.656199E-02 7.192531E-05
  5317     47    596 9.011736E-06 2.669383E-02 1.140228E-04
  5318    784   2525 3.616058E-06 5.560725E-02 4.700166E-05
  5319    538   6698 3.832760E-06 5.198068E-02 2.916279E-05
  5320   2936   5625 3.136111E-06 4.798967E-02 2.032430E-05
  5321    801   5401 1.790840E-06 1.520025E-02 4.539099E-05
  5322   2936   3835 4.028499E-06 6.517390E-02 1.655112E-05
  5323   1268   1303 2.807037E-06 6.795795E-02 4.190526E-05
  5324    587   4000 3.940412E-06 6.156240E-02 4.030839E-05
  5325    536   2114 3.121554E-06 4.298366E-02 8.685766E-05
  5326   1447   1777 7.128880E-06 4.571891E-02 3.581299E-05
  5327    255    526 8.355101E-06 5.481688E-02 7.222127E-05
  5328    263   2137 3.971589E-06 2.139091E-02 7.037915E-05
  5329    246    255 4.099920E-06 2.432497E-02 1.148481E-04
  5330   3027   6164 3.009491E-06 7.214213E-02 5.028740E-05
  5331   3104   5133 2.620261E-06 3.423249E-02 2.749617E-05
  5332   1847   2358 3.284749E-06 4.752083E-02 3.705718E-05
  5333   1003   3027 4.238502E-06 7.457589E-02 6.855493E-05
  5334   1992   5180 3.113535E-06 5.741009E-02 3.586465E-05
  5335    463   1435 1.219070E-06 2.137170E-02 5.916687E-05
  5336   1435   2527 4.409014E-06 4.848662E-02 4.585063E-05
  5337    223   2027 3.449693E-06 3.755862E-02 7.007269E-05
  5338   1726   2203 1.792593E-06 1.262848E-02 2.966041E-05
  5339    700   1271 3.148603E-06 6.685644E-02 4.190183E-05
  5340    223    228 4.854754E-06 3.336996E-02 1.382857E-04
  5341   3190   4411 3.294404E-06 5.191318E-02 2.564295E-05
  5342    700    949 1.008740E-06 3.138126E-02 6.697288E-05
  5343   4411   4431 3.260660E-06 7.919274E-02 1.733328E-05
  5344    449   1163 4.308885E-06 1.737271E-02 6.384625E-05
  5345    300    949 3.220671E-06 2.295339E-02 6.927462E-05
  5346    533    691 7.098306E-06 3.820159E-02 8.733503E-05
  5347    521   2245 2.805374E-06 7.362178E-02 6.827702E-05
  5348    287    533 6.659255E-06 1.392708E-02 1.135156E-04
  5349   1948   2159 5.676015E-06 8.239865E-02 3.064363E-05
  5350   3582   3601 3.387062E-06 6.395432E-02 2.087285E-05
  5351    402    538 9.411515E-06 5.191281E-02 4.276175E-05
  5352   5037   5381 3.903682E-06 6.948890E-02 1.462974E-05
  5353    255    587 5.986787E-06 4.667237E-02 8.639396E-05
  5354    473   2114 4.351956E-06 2.729729E-02 6.800690E-05
  5355     76   1927 3.664773E-06 7.683543E-02 9.153867E-05
  5356   1447   6244 9.589265E-07 2.803932E-02 2.632988E-05
  5357   5126   5140 1.283979E-06 6.175222E-02 2.613408E-05
  5358    503    728 7.184945E-06 3.877028E-02 5.374427E-05
  5359   1726   6338 3.150277E-06 7.468457E-02 3.507474E-05
  5360    787   2357 2.623779E-06 6.687441E-02 5.336222E-05
  5361    369    700 7.302920E-06 4.441598E-02 1.003065E-04
  5362   1879   6375 4.080784E-06 4.856271E-02 4.396836E-05
  5363     87    949 5.981816E-06 4.679704E-02 1.106594E-04
  5364    112    228 2.666140E-06 5.205384E-02 1.262310E-04
  5365    488    616 5.722291E-06 5.111946E-02 8.440440E-05
  5366   1579   2056 4.137792E-06 5.223147E-02 2.816275E-05
  5367    112    449 3.899787E-06 3.811903E-02 1.515372E-04
  5368   1037   1939 2.859548E-06 4.353545E-02 4.798508E-05
  5369   1016   4224 4.676558E-06 3.433518E-02 4.635792E-05
  5370   1124   6684 2.222301E-06 3.224408E-02 6.194092E-05
  5371    521   5456 3.318463E-06 6.039638E-02 5.120885E-05
  5372   1355   5402 3.143254E-06 4.810652E-02 3.715797E-05
  5373   1254   1355 9.531004E-07 4.419417E-02 5.333620E-05
  5374   2174   4139 2.672985E-06 7.900000E-02 5.865796E-05
  5375     10     34 2.720762E-05 2.281998E-02 1.204697E-04
  5376   1671   1711 5.068845E-06 3.496947E-02 1.067749E-04
  5377   1776   2359 4.193626E-06 3.326113E-02 3.212939E-05
  5378     42     53 2.804740E-05 3.460632E-02 9.452722E-05
  5379   5394   6708 3.144415E-06 4.991220E-02 2.845441E-05
  5380    801   2347 3.744817E-06 4.154919E-02 6.723186E-05
  5381   1303   5583 9.633140E-07 2.836820E-02 3.641259E-05
  5382    587   3226 1.795757E-06 3.643762E-02 9.175140E-05
  5383   3230   6178 2.807589E-06 6.946326E-02 2.955132E-05
  5384   2114   5054 3.460156E-06 6.500330E-02 2.869842E-05
  5385    255   5054 4.363792E-06 5.777868E-02 8.048288E-05
  5386    526   4093 4.114491E-06 6.222221E-02 2.945850E-05
  5387    263   1479 3.525046E-06 2.141883E-02 7.016200E-05
  5388   1099   1992 2.670487E-06 3.784860E-02 7.071220E-05
  5389     44   2253 3.403808E-06 6.441642E-02 8.157933E-05
  5390     88   5140 4.001677E-06 3.616054E-02 9.364057E-05
  5391    599   6164 2.916739E-06 8.528187E-02 6.973571E-05
  5392    599   6168 3.333674E-06 5.972220E-02 6.222635E-05
  5393   1003   6164 2.915771E-06 4.275415E-02 6.438903E-05
  5394   6406   6408 2.995907E-06 4.985228E-02 2.060307E-05
  5395   4052   6375 5.009997E-06 4.591874E-02 1.244138E-05
  5396    700   1892 2.808898E-06 8.070697E-02 6.438583E-05
  5397   3886   4318 4.748430E-06 4.164708E-02 2.411540E-05
  5398    765   5678 3.856048E-06 3.965125E-02 5.711859E-05
  5399    765   1939 5.834307E-06 6.438633E-02 5.157036E-05
  5400   1626   4408 3.585799E-06 6.551620E-02 5.573286E-05
  5401    104   6341 4.167818E-06 3.136160E-02 4.289021E-05
  5402   1016   1948 2.657158E-06 5.780026E-02 5.096616E-05
  5403    160    363 8.031912E-06 3.965905E-02 1.124438E-04
  5404    150    489 8.041573E-06 2.789219E-02 1.002731E-04
  5405      2   2959 2.124020E-05 2.543878E-02 2.142822E-04
  5406     13   3995 3.285409E-06 3.461875E-02 2.070023E-04
  5407      5     42 8.578830E-06 6.003808E-02 3.238304E-04
  5408   2347   6631 1.349036E-06 4.558986E-02 3.099182E-05
  5409    547   4127 3.042653E-06 3.949305E-02 8.488306E-05
  5410   5390   6708 3.650446E-06 4.901359E-02 2.242811E-05
  5411   3835   5041 3.572309E-06 5.468164E-02 3.185481E-05
  5412    587   5583 3.286072E-06 5.573786E-02 5.082867E-05
  5413    587   4261 3.613084E-06 5.225486E-02 4.623605E-05
  5414   6252   6269 2.996079E-06 6.196590E-02 1.270050E-05
  5415    526    587 3.301710E-06 6.047862E-02 9.749255E-05
  5416     78    130 2.083578E-05 3.035062E-02 7.919507E-05
  5417    313   4985 1.800101E-06 4.809567E-02 7.889019E-05
  5418    958   1351 3.859666E-06 8.120789E-02 5.764244E-05
  5419    599   3414 9.603326E-07 1.976424E-02 6.794468E-05
  5420    223   3886 3.716404E-06 7.130507E-02 8.119735E-05
  5421    488   1579 4.384638E-06 4.939582E-02 5.238266E-05
  5422    300   3751 2.241924E-06 5.205731E-02 4.320786E-05
  5423   3327   6284 4.457894E-06 8.711002E-02 4.386652E-05
  5424    521   6291 3.874881E-06 7.263444E-02 5.217951E-05
  5425    907   1488 6.944181E-06 5.436428E-02 3.625751E-05
  5426   1124   6108 3.293073E-06 2.913654E-02 5.294625E-05
  5427   1312   5131 4.173684E-06 5.727338E-02 6.454740E-05
  5428    550   3935 3.232598E-06 3.811012E-02 4.527356E-05
  5429    489   4139 4.172505E-06 3.547246E-02 6.608918E-05
  5430     10   3627 3.760816E-06 5.426415E-02 1.183555E-04
  5431     47    164 1.678761E-05 2.235618E-02 1.768459E-04
  5432   1441   3267 1.344614E-06 2.088889E-02 7.741278E-05
  5433     13    164 1.209011E-05 1.859622E-02 2.505172E-04
  5434   4076   6198 2.805373E-06 7.702276E-02 3.040241E-05
  5435   1431   2977 4.075703E-06 4.127058E-02 4.427538E-05
  5436   1303   6193 2.818056E-06 4.505720E-02 3.951526E-05
  5437   5054   6193 2.252307E-06 5.377693E-02 2.526770E-05
  5438    526   2826 3.349225E-06 5.354726E-02 7.452574E-05
  5439   1092   1703 3.939677E-06 2.984621E-02 8.247070E-05
  5440    246   2861 3.945167E-06 2.742513E-02 8.621655E-05
  5441   1003   4157 3.072711E-06 4.312270E-02 6.057365E-05
  5442   1900   2738 1.410301E-06 5.862256E-02 4.109822E-05
  5443    507   3365 4.219637E-06 3.578850E-02 5.187099E-05
  5444   1500   5684 3.410615E-06 4.880629E-02 5.181105E-05
  5445    507   6406 3.042698E-06 4.821196E-02 5.405626E-05
  5446    488   6284 3.143319E-06 5.607194E-02 5.961209E-05
  5447    708   2689 2.805929E-06 6.962043E-02 3.536187E-05
  5448   5131   6099 3.716838E-06 5.101929E-02 1.607825E-05
  5449    489   1991 2.613359E-06 8.410293E-02 4.266925E-05
  5450   5786   6552 2.235970E-06 5.775216E-02 2.277928E-05
  5451     65   5225 6.173660E-06 4.599381E-02 6.677938E-05
  5452    194   1496 6.437215E-06 5.515486E-02 5.008821E-05
  5453    137    501 3.503200E-06 1.535020E-02 7.727487E-05
  5454    986   2977 4.886205E-06 5.358562E-02 3.583398E-05
  5455   5041   6219 4.122318E-06 6.557767E-02 2.584722E-05
  5456   3076   3839 4.002155E-06 4.624515E-02 1.648756E-05
  5457     25    299 1.447629E-05 2.855034E-02 1.429975E-04
  5458    108   6236 4.982563E-06 3.939186E-02 4.787700E-05
  5459   2137   4978 1.800966E-06 4.623989E-02 5.944341E-05
  5460   2826   4993 3.876584E-06 3.189655E-02 3.270868E-05
  5461   2137   3887 2.175406E-06 6.667846E-02 5.855990E-05
  5462   3867   4994 2.370980E-06 5.512245E-02 3.733172E-05
  5463    482   2248 2.620580E-06 7.760502E-02 3.649124E-05
  5464   1435   6154 3.652458E-06 7.817078E-02 4.833395E-05
  5465    246    958 4.383314E-06 2.540828E-02 1.114156E-04
  5466    369   1726 4.274474E-06 3.192958E-02 7.664855E-05
  5467    610   2201 4.900294E-06 4.794458E-02 6.703852E-05
  5468    369   6395 4.336995E-06 3.501224E-02 6.761023E-05
  5469    708   4398 3.305102E-06 4.783063E-02 3.814192E-05
  5470   2689   4226 3.645261E-06 2.806234E-02 3.926955E-05
  5471    488   2056 4.744419E-06 8.116724E-02 5.162105E-05
  5472    907   2056 4.231748E-06 7.784089E-02 3.459906E-05
  5473    648    774 2.126051E-06 7.897252E-02 7.101769E-05
  5474    449   1626 1.799598E-06 6.545223E-02 1.042102E-04
  5475      2   1121 2.984122E-05 4.888085E-02 1.885752E-04
  5476   5632   5787 3.709634E-06 4.780901E-02 3.208456E-05
  5477    194   2043 4.493633E-06 4.633984E-02 8.989038E-05
  5478   4261   5041 1.407414E-06 3.125000E-02 2.687309E-05
  5479   5026   6219 2.834844E-06 7.453626E-02 1.818473E-05
  5480   1431   3230 3.796546E-06 5.330409E-02 3.053109E-05
  5481    313   6236 3.558805E-06 4.789330E-02 7.539246E-05
  5482   1092   1777 2.486507E-06 3.005123E-02 6.104096E-05
  5483    246   3891 3.470693E-06 1.983018E-02 1.111595E-04
  5484   1351   2684 4.938100E-06 3.778464E-02 5.213854E-05
  5485   1900   5133 4.162317E-06 4.748598E-02 2.128075E-05
  5486     87   6343 3.707342E-06 7.730525E-02 8.830645E-05
  5487    507   2151 2.493324E-06 3.705985E-02 7.538127E-05
  5488    507   4398 3.264545E-06 7.502531E-02 3.830563E-05
  5489   1892   6284 9.517520E-07 4.419417E-02 3.993352E-05
  5490    765   2151 3.331596E-06 6.092156E-02 7.951181E-05
  5491    648   1488 3.752710E-06 4.461056E-02 6.779667E-05
  5492    550   3211 3.470385E-06 3.237587E-02 5.997440E-05
  5493   4224   5252 3.145383E-06 5.235340E-02 4.147943E-05
  5494      2   5772 4.092681E-06 6.515072E-02 3.163839E-04
  5495   2076   2381 4.448906E-06 2.308515E-02 4.587435E-05
  5496   1167   2409 4.624203E-06 7.971561E-02 4.934719E-05
  5497     28     53 2.616441E-05 8.046400E-02 1.558182E-04
  5498     28     52 2.405465E-05 2.460325E-02 9.502934E-05
  5499    801   3230 2.815855E-06 6.638533E-02 4.574571E-05
  5500   4003   6269 3.738212E-06 5.743022E-02 5.687597E-05
  5501   4960   4978 3.614392E-06 5.615134E-02 2.899620E-05
  5502   1545   2826 2.236422E-06 5.820556E-02 3.470368E-05
  5503    425    503 6.145950E-06 5.469112E-02 6.974669E-05
  5504   1545   4157 2.669319E-06 4.759525E-02 4.649898E-05
  5505    647    787 4.083555E-06 5.239524E-02 5.898095E-05
  5506    787   6395 2.465353E-06 7.900000E-02 6.227475E-05
  5507   2492   5684 2.967965E-06 7.900000E-02 3.754497E-05
  5508    610   3190 2.997674E-06 5.633681E-02 5.964710E-05
  5509   1271   6304 4.041172E-06 3.539086E-02 3.111926E-05
  5510    873   1037 7.701052E-06 5.139376E-02 7.562726E-05
  5511    928   2245 3.110727E-06 6.257389E-02 4.017765E-05
  5512   1488   6344 4.710458E-06 5.699605E-02 2.790971E-05
  5513   2245   6281 1.793200E-06 5.825029E-02 2.530177E-05
  5514   4408   6341 2.916926E-06 7.513763E-02 4.947154E-05
  5515   1016   1488 6.362538E-06 3.232985E-02 7.142128E-05
  5516    143   6108 4.332438E-06 5.649650E-02 6.511359E-05
  5517   1108   4131 3.492428E-06 2.802974E-02 6.374483E-05
  5518    489   1948 3.186213E-06 3.784989E-02 1.157040E-04
  5519    582   2174 4.058135E-06 4.213897E-02 8.400917E-05
  5520     10   5616 1.450207E-06 5.833483E-02 1.254263E-04
  5521     34     39 3.352024E-05 3.686950E-02 1.112824E-04
  5522     24     34 1.293366E-05 1.918756E-02 2.107509E-04
  5523   5716   5724 4.615414E-06 6.564792E-02 1.758208E-05
  5524     13   3820 2.805752E-06 4.966419E-02 2.169784E-04
  5525    715   5187 3.913551E-06 3.483671E-02 7.820382E-05
  5526    194    266 6.924654E-06 3.075685E-02 1.105860E-04
  5527    801   1431 3.146949E-06 5.316903E-02 7.290933E-05
  5528    986   2094 3.661207E-06 4.327279E-02 4.390959E-05
  5529     25     52 1.329994E-05 2.961488E-02 1.552173E-04
  5530    986   1431 3.418296E-06 7.436085E-02 5.946213E-05
  5531    255   6193 3.956529E-06 5.740683E-02 9.449895E-05
  5532   1892   2989 5.044471E-06 3.893865E-02 3.404293E-05
  5533    873   4318 9.703032E-07 6.387800E-02 6.954365E-05
  5534   3515   4431 3.432700E-06 6.791840E-02 2.962239E-05
  5535    873   5678 3.489737E-06 7.503060E-02 8.398614E-05
  5536    663   1892 3.775068E-06 3.512918E-02 5.087171E-05
  5537    423   3751 3.747505E-06 5.603881E-02 6.356137E-05
  5538   1579   3327 2.913790E-06 3.411720E-02 5.766140E-05
  5539    648   4226 4.000131E-06 2.899869E-02 5.390508E-05
  5540    648   1312 6.307018E-06 3.982618E-02 5.814963E-05
  5541   1855   5456 3.143209E-06 7.189633E-02 5.452287E-05
  5542   1685   1758 4.422111E-06 4.666388E-02 6.116430E-05
  5543   2637   3434 4.774113E-06 2.705410E-02 4.222508E-05
  5544   5804   5819 3.425326E-06 6.197744E-02 3.887868E-05
  5545   5632   6555 3.144966E-06 7.239377E-02 2.228899E-05
  5546   3672   6623 3.602160E-06 3.390410E-02 2.104221E-05
  5547   1268   4303 5.225298E-06 4.539189E-02 4.284828E-05
  5548    587   5037 4.068512E-06 5.542951E-02 3.543720E-05
  5549   3093   6218 2.948649E-06 4.963746E-02 3.535388E-05
  5550   1927   3230 4.493829E-06 4.953854E-02 5.984635E-05
  5551    587    830 5.899665E-06 4.323508E-02 1.031559E-04
  5552     78    108 5.208094E-06 4.507433E-02 1.460443E-04
  5553   4074   4976 2.804243E-06 4.781601E-02 3.681953E-05
  5554    546   6137 4.431625E-06 5.119981E-02 6.451434E-05
  5555     78     87 2.301600E-05 2.770583E-02 6.080514E-05
  5556   1765   3365 5.520529E-06 4.795766E-02 2.593456E-05
  5557    333    524 5.582608E-06 2.474439E-02 9.716155E-05
  5558    507   1765 2.796790E-06 3.131730E-02 6.477343E-05
  5559    559    610 6.680587E-06 4.493928E-02 6.146704E-05
  5560   1163   5125 4.126430E-06 6.817965E-02 5.608989E-05
  5561    397   5684 3.122238E-06 8.540017E-02 1.021985E-04
  5562    873   3886 3.666946E-06 5.087760E-02 6.762807E-05
  5563    907    928 4.843835E-06 2.214906E-02 3.208950E-05
  5564    449   6341 3.591882E-06 4.840976E-02 7.874954E-05
  5565   1016   5252 2.439115E-06 8.427448E-02 7.605786E-05
  5566   1517   3627 2.915339E-06 5.545526E-02 7.134833E-05
  5567   2423   2598 3.039567E-06 6.874295E-02 2.594196E-05
  5568    644   2699 4.806161E-06 4.120922E-02 4.617780E-05
  5569    199    251 1.479261E-05 3.392807E-02 5.047736E-05
  5570    547   2347 3.553450E-06 4.838727E-02 5.159529E-05
  5571   1268   6193 3.775483E-06 5.019872E-02 4.030710E-05
  5572    255   5060 4.036823E-06 5.803110E-02 9.784718E-05
  5573    473   5060 3.261570E-06 7.315678E-02 8.385268E-05
  5574   1092   1447 2.805799E-06 6.701024E-02 6.904527E-05
  5575   3896   4960 2.237424E-06 7.363707E-02 5.349047E-05
  5576     44   1703 5.304924E-06 2.648460E-02 1.426300E-04
  5577   2861   6168 3.140483E-06 4.748871E-02 4.699820E-05
  5578     78    503 3.000164E-06 5.646549E-02 8.588848E-05
  5579    524   1992 2.991096E-06 4.739816E-02 5.987705E-05
  5580    559   5170 9.553197E-07 4.419417E-02 4.873342E-05
  5581    559    998 9.628262E-07 3.131796E-02 7.762367E-05
  5582    228   2141 2.177776E-06 2.373137E-02 6.691310E-05
  5583    488   1892 6.950982E-06 5.291301E-02 9.168447E-05
  5584   2151   5678 9.602055E-07 2.811788E-02 5.514443E-05
  5585    300    533 4.074765E-06 4.620330E-02 8.357804E-05
  5586    104   1626 2.999604E-06 4.883010E-02 8.336451E-05
  5587    250   1626 2.826238E-06 7.170066E-02 1.376186E-04
  5588   6144   6183 2.816017E-06 5.210064E-02 2.048498E-05
  5589    363    550 2.954688E-06 8.739543E-02 1.171299E-04
  5590    363   2174 9.643818E-07 3.677226E-02 1.036235E-04
  5591   1441   4503 4.168314E-06 3.801226E-02 5.271985E-05
  5592     13   4693 4.991896E-06 5.052461E-02 6.485079E-05
  5593    777   2098 9.570412E-07 2.801420E-02 6.065464E-05
  5594    194    251 1.169791E-05 4.822683E-02 9.482142E-05
  5595    101   1437 2.522378E-06 4.859890E-02 1.035005E-04
  5596   2917   4261 3.009846E-06 4.988149E-02 3.291337E-05
  5597    539   6253 3.654393E-06 5.696641E-02 5.685218E-05
  5598   2114   3002 3.675608E-06 7.734368E-02 4.931173E-05
  5599   2114   5060 3.170295E-06 7.900000E-02 3.164464E-05
  5600    587   5063 2.809274E-06 7.900000E-02 8.133348E-05
  5601   4003   4074 4.710509E-06 4.729488E-02 3.196499E-05
  5602   1447   2859 4.397957E-06 5.517186E-02 2.802695E-05
  5603    425   1435 6.729321E-06 2.616976E-02 6.363090E-05
  5604    958   6139 3.203122E-06 4.510254E-02 3.026974E-05
  5605    205    524 9.235637E-06 4.038888E-02 1.327931E-04
  5606   1500   3738 4.383336E-06 3.282488E-02 4.708481E-05
  5607    507    787 1.816115E-06 7.900000E-02 9.213377E-05
  5608    564    949 5.891246E-06 6.967068E-02 6.786530E-05
  5609   2141   3886 3.652148E-06 6.629263E-02 3.588489E-05
  5610   2720   4431 1.964576E-06 6.553259E-02 4.658129E-05
  5611    112    873 9.583743E-07 2.083333E-02 1.225038E-04
  5612    873   1445 3.715488E-06 4.562663E-02 1.026618E-04
  5613   4226   6331 4.410735E-06 4.747575E-02 3.925371E-05
  5614    765   1445 3.606087E-06 8.114343E-02 7.861312E-05
  5615    901   5607 1.495091E-06 8.672401E-02 3.583502E-05
  5616    250   6099 2.181432E-06 3.256161E-02 1.024710E-04
  5617    521   1855 3.147492E-06 6.388796E-02 5.712261E-05
  5618    143   6684 4.087267E-06 3.803582E-02 7.571074E-05
  5619    287    363 9.248016E-06 3.838952E-02 1.380648E-04
  5620    363    582 9.463001E-06 3.576534E-02 4.292582E-05
  5621   3023   5616 4.366131E-06 5.009287E-02 2.036694E-05
  5622   1441   5716 9.530017E-07 2.795085E-02 5.467009E-05
  5623   4526   5804 3.907934E-06 4.671405E-02 4.976014E-05
  5624    715   2429 6.791878E-06 2.952236E-02 3.655971E-05
  5625   5455   5457 3.066346E-06 6.769209E-02 2.193051E-05
  5626   2540   5650 3.718052E-06 7.528758E-02 2.231138E-05
  5627    101    117 1.530605E-05 3.919860E-02 1.214440E-04
  5628   1268   5583 2.956124E-06 3.451387E-02 2.223898E-05
  5629     59    326 5.467543E-06 3.283246E-02 1.533750E-04
  5630    326   3225 2.580083E-06 5.315978E-02 9.375876E-05
  5631    526   4163 3.006545E-06 7.540803E-02 5.086268E-05
  5632    526   5063 9.586163E-07 2.795085E-02 3.218378E-05
  5633     88    246 3.971647E-06 6.400322E-02 1.796595E-04
  5634    255   2861 9.573406E-07 4.419417E-02 6.902267E-05
  5635   2248   2527 2.620716E-06 5.649895E-02 5.043031E-05
  5636    546   1003 2.479823E-06 3.529810E-02 9.606233E-05
  5637    728   1435 5.949814E-06 7.341185E-02 3.640599E-05
  5638   1218   1271 4.626822E-06 6.327968E-02 4.690812E-05
  5639    397   2492 3.857542E-06 6.265083E-02 9.552384E-05
  5640    369   1892 3.293337E-06 5.776781E-02 8.431033E-05
  5641    228    449 2.623217E-06 4.984138E-02 9.330105E-05
  5642   1445   5678 4.240818E-06 5.389804E-02 6.307745E-05
  5643   1037   1445 9.500325E-07 6.250000E-02 8.557191E-05
  5644   1717   2245 4.415654E-06 3.035829E-02 5.620075E-05
  5645   2355   4307 4.168550E-06 3.081548E-02 2.761300E-05
  5646     39   5616 2.992270E-06 8.664041E-02 1.001140E-04
  5647   3344   5773 3.003659E-06 7.466213E-02 2.561464E-05
  5648     65   1779 3.141229E-06 3.299019E-02 8.074187E-05
  5649     59   3669 4.395645E-06 1.683886E-02 1.301321E-04
  5650   4164   5343 3.298489E-06 3.821303E-02 5.643107E-05
  5651    101    199 1.377174E-05 4.538628E-02 1.127848E-04
  5652     59    402 3.598342E-06 2.219348E-02 9.919179E-05
  5653     88   1107 3.463701E-06 2.575749E-02 1.247802E-04
  5654     88    473 2.574278E-06 7.900000E-02 1.172286E-04
  5655     88    998 4.412285E-06 6.725692E-02 1.144752E-04
  5656    223   1003 4.013621E-06 1.752597E-02 1.178811E-04
  5657    998   1900 4.243250E-06 6.170247E-02 4.384750E-05
  5658    524   2466 3.534539E-06 6.762668E-02 5.844987E-05
  5659    808    998 3.571754E-06 2.728430E-02 7.944786E-05
  5660    603   2466 3.444933E-06 4.003495E-02 6.307097E-05
  5661    507   2176 4.138279E-06 5.423348E-02 6.572768E-05
  5662    449   3488 3.584370E-06 2.454832E-02 3.839891E-05
  5663    928   6281 4.115169E-06 6.755597E-02 3.171299E-05
  5664   1312   6122 3.757820E-06 8.612312E-02 6.089202E-05
  5665    250   6108 2.997872E-06 5.970147E-02 9.882568E-05
  5666    250   1312 1.661064E-06 5.670259E-02 1.557381E-04
  5667    521    550 5.848307E-06 3.509376E-02 5.355349E-05
  5668    498   4307 1.347058E-06 4.546831E-02 6.011708E-05
  5669    363   1772 2.237953E-06 6.241195E-02 9.241697E-05
  5670   2076   2423 4.589480E-06 2.795887E-02 4.696013E-05
  5671   3392   5306 5.260992E-06 3.615634E-02 1.160644E-05
  5672   4127   5336 3.617719E-06 4.534389E-02 7.305462E-05
  5673    137    206 7.883764E-06 5.972596E-02 1.660426E-04
  5674   5037   5380 3.521828E-06 8.004081E-02 3.084199E-05
  5675    547   2094 3.299960E-06 3.095245E-02 5.321454E-05
  5676   3857   3882 3.547009E-06 7.577868E-02 2.178634E-05
  5677    255   5051 2.808696E-06 4.440188E-02 7.040349E-05
  5678    326   1927 3.140080E-06 5.325465E-02 1.020659E-04
  5679    255    718 8.704945E-06 3.316900E-02 7.806621E-05
  5680    830   5063 3.227907E-06 4.454347E-02 5.849988E-05
  5681   2350   4074 2.814738E-06 4.299803E-02 4.893135E-05
  5682    205    274 1.054615E-05 3.233407E-02 1.498715E-04
  5683   1003   6137 3.742937E-06 7.468630E-02 2.967010E-05
  5684    559    796 7.375362E-06 3.486017E-02 6.128865E-05
  5685   2651   5125 9.505412E-07 3.125000E-02 2.829372E-05
  5686    397    603 5.705538E-06 4.635697E-02 1.232287E-04
  5687    449   4436 3.597246E-06 5.853406E-02 8.801245E-05
  5688    443   4226 1.496622E-06 5.337634E-02 7.270813E-05
  5689    443   1312 3.129488E-06 5.139326E-02 9.362222E-05
  5690    107    451 6.187159E-06 2.410254E-02 1.161554E-04
  5691    104    451 9.630808E-06 2.374418E-02 1.103168E-04
  5692    143    250 4.574948E-06 2.069708E-02 1.331117E-04
  5693   1016   5341 4.564425E-06 3.423059E-02 4.439509E-05
  5694    489   3301 1.398563E-06 7.900000E-02 5.897124E-05
  5695    582   3301 2.958181E-06 5.828153E-02 3.954719E-05
  5696      2   4479 2.183058E-05 1.808608E-02 2.209558E-04
  5697     33   2870 3.775456E-06 6.449412E-02 1.361820E-04
  5698    206    313 1.261359E-05 2.177901E-02 1.438528E-04
  5699    587   5380 2.587374E-06 7.900000E-02 4.568396E-05
  5700   4076   5018 4.099896E-06 8.170585E-02 2.062337E-05
  5701    587   6193 4.235430E-06 7.018613E-02 6.666440E-05
  5702   3002   6193 3.990905E-06 7.653170E-02 3.411110E-05
  5703    326   4073 4.280262E-06 4.757291E-02 1.080159E-04
  5704     88   5060 3.719669E-06 5.571305E-02 4.861814E-05
  5705    526   4038 4.056359E-06 8.996788E-02 3.452950E-05
  5706    526   1545 3.663577E-06 2.664229E-02 7.052340E-05
  5707     44   4988 3.394980E-06 4.029790E-02 9.328128E-05
  5708   1337   2346 3.565302E-06 3.612167E-02 5.336514E-05
  5709   1500   2492 3.387347E-06 5.470094E-02 6.204199E-05
  5710   2720   3488 1.798058E-06 1.506706E-02 3.870132E-05
  5711    663   1717 6.415233E-06 2.454191E-02 7.080178E-05
  5712    488    907 2.621272E-06 6.338811E-02 6.280702E-05
  5713    104    449 2.995370E-06 7.027186E-02 1.062000E-04
  5714    351   1016 8.370146E-06 5.881521E-02 1.110296E-04
  5715    250    498 1.794174E-06 2.517110E-02 1.137769E-04
  5716    580   2160 4.217967E-06 4.774801E-02 8.781971E-05
  5717    287    550 5.933515E-06 1.937311E-02 6.795995E-05
  5718    489   2269 4.746587E-06 3.605221E-02 8.821100E-05
  5719      2    613 1.028791E-05 3.004129E-02 3.050061E-04
  5720   1075   2409 4.059126E-06 2.397568E-02 6.813915E-05
  5721   1121   4479 1.665233E-05 4.331281E-02 4.544474E-05
  5722      6   6582 3.066018E-06 2.944241E-02 1.280593E-04
  5723     42   3091 6.127063E-06 7.569095E-02 8.826193E-05
  5724    251    266 1.409285E-05 3.487177E-02 4.602989E-05
  5725   2907   3672 2.990821E-06 5.632401E-02 2.653305E-05
  5726    402   6695 2.178713E-06 4.011930E-02 5.973014E-05
  5727    547   3333 9.466005E-07 6.250000E-02 5.621850E-05
  5728   5380   6204 3.442927E-06 5.419197E-02 2.151701E-05
  5729   3804   5563 3.176802E-06 6.738619E-02 3.219631E-05
  5730   1426   6238 3.425738E-06 6.059350E-02 2.968749E-05
  5731     76   1426 9.661878E-07 1.001215E-02 7.711961E-05
  5732    263   1545 2.960424E-06 4.411520E-02 9.784383E-05
  5733    425   3867 4.210051E-06 4.710115E-02 5.806357E-05
  5734    274   1703 3.007292E-06 4.363824E-02 5.598508E-05
  5735     88   6155 3.137229E-06 4.970582E-02 9.976100E-05
  5736   6165   6168 3.292681E-06 8.955947E-02 2.984335E-05
  5737   2527   6167 3.133281E-06 4.970916E-02 2.966232E-05
  5738    808   1351 3.323372E-06 5.650373E-02 6.435058E-05
  5739    223    808 6.947544E-06 4.161169E-02 6.401523E-05
  5740    488    787 6.813937E-06 7.008671E-02 8.136332E-05
  5741    949   1218 4.403317E-06 4.134356E-02 6.449257E-05
  5742    663   2989 4.588206E-06 7.879307E-02 3.936615E-05
  5743    533    564 5.709854E-06 6.856048E-02 1.073768E-04
  5744    777   3344 3.532238E-06 7.309255E-02 8.593254E-05
  5745   1443   6552 2.621847E-06 4.667407E-02 5.039010E-05
  5746   1929   5677 2.920833E-06 5.732826E-02 7.992533E-05
  5747    117    206 1.010878E-05 1.747638E-02 1.247200E-04
  5748    402   3333 4.531368E-06 5.642224E-02 5.278971E-05
  5749    587   3002 2.860312E-06 7.321438E-02 7.091333E-05
  5750    313   1116 7.276451E-06 4.752495E-02 6.204634E-05
  5751   1927   2859 2.806620E-06 5.592383E-02 4.495116E-05
  5752   4003   6233 9.594725E-07 2.804788E-02 3.519782E-05
  5753    263    548 8.436519E-06 4.029327E-02 5.522845E-05
  5754    255   6146 3.137416E-06 7.109281E-02 6.446248E-05
  5755   1003   1545 5.655434E-06 3.229889E-02 4.001668E-05
  5756    263   6135 2.620291E-06 4.544078E-02 7.789829E-05
  5757    474    524 8.178309E-06 3.446402E-02 7.464679E-05
  5758     87   1218 3.000114E-06 4.801276E-02 7.950067E-05
  5759    300    423 5.314533E-06 1.826137E-02 8.884124E-05
  5760    351   1488 1.853141E-06 7.771306E-02 8.361287E-05
  5761   1355   2160 4.305450E-06 6.337068E-02 5.002935E-05
  5762   1517   4151 4.210613E-06 5.421901E-02 3.701167E-05
  5763   1711   3881 4.224529E-06 3.706091E-02 5.544206E-05
  5764    377   1929 4.417475E-06 3.366234E-02 8.185144E-05
  5765     59    115 4.847872E-06 4.491256E-02 2.878961E-04
  5766    266   1496 3.693678E-06 7.404870E-02 6.954185E-05
  5767    266   2540 2.997536E-06 5.424478E-02 6.961582E-05
  5768    266   5650 9.566688E-07 2.795085E-02 6.832239E-05
  5769    547   5336 3.005414E-06 3.328539E-02 4.599363E-05
  5770    206    539 9.955082E-06 1.902993E-02 8.820539E-05
  5771    402   1431 2.816295E-06 3.677849E-02 5.610553E-05
  5772   3805   4049 4.485281E-06 5.616884E-02 1.627841E-05
  5773    587   6204 4.712014E-06 4.891302E-02 5.253690E-05
  5774   1268   3002 2.805698E-06 5.838341E-02 3.533566E-05
  5775   1431   6176 2.827180E-06 4.825188E-02 2.934158E-05
  5776    587   6177 4.287346E-06 6.632433E-02 5.127589E-05
  5777    830   4261 1.410460E-06 5.852317E-02 4.363387E-05
  5778    326   1092 1.978454E-06 1.515848E-02 1.571689E-04
  5779    361   6238 2.430220E-06 7.104759E-02 6.301274E-05
  5780    361   1426 2.626152E-06 5.775204E-02 7.386829E-05
  5781    829   6112 3.379972E-06 3.494834E-02 4.833312E-05
  5782   5179   6137 2.817890E-06 6.264748E-02 2.973695E-05
  5783    223   2176 5.216945E-06 4.050069E-02 1.031292E-04
  5784    438   1500 2.796136E-06 3.366510E-02 8.008146E-05
  5785    445   1726 1.790478E-06 5.820210E-02 6.544151E-05
  5786    779    787 7.883942E-06 4.201039E-02 7.582758E-05
  5787   3515   4406 3.280768E-06 8.612732E-02 3.917837E-05
  5788    300   6335 3.829834E-06 4.130680E-02 5.866460E-05
  5789    104    250 8.022063E-06 3.880961E-02 1.360518E-04
  5790    648   1355 3.464155E-06 4.967289E-02 8.977116E-05
  5791   1855   5341 1.413576E-06 1.751996E-02 2.787176E-05
  5792   3023   4897 4.460262E-06 4.593374E-02 1.670017E-05
  5793      2   3420 3.160491E-06 4.323649E-02 2.680702E-04
  5794   1339   2637 4.793643E-06 7.605886E-02 5.775842E-05
  5795   1441   4670 3.335058E-06 3.986545E-02 4.374391E-05
  5796    365    644 5.826947E-06 2.786140E-02 9.973170E-05
  5797    598    784 6.287339E-06 4.997251E-02 8.842202E-05
  5798    305   1323 2.623627E-06 6.336419E-02 8.579479E-05
  5799    100    996 8.031198E-06 2.683928E-02 8.199920E-05
  5800    547    619 6.203900E-06 2.357992E-02 5.941486E-05
  5801   4960   5557 3.585995E-06 8.859383E-02 2.417227E-05
  5802    361   4073 3.342379E-06 5.273232E-02 5.418515E-05
  5803    526   1982 2.421156E-06 7.528774E-02 5.171503E-05
  5804    263   5010 1.411421E-06 1.041667E-02 5.703669E-05
  5805   3136   3867 2.846640E-06 6.095106E-02 3.179203E-05
  5806    255    958 2.915737E-06 5.877749E-02 9.067134E-05
  5807    998   2684 3.289063E-06 6.400479E-02 6.126477E-05
  5808   5095   6135 2.805581E-06 5.279872E-02 3.123736E-05
  5809   2466   2774 9.593679E-07 2.795085E-02 4.853768E-05
  5810    779   6397 3.139309E-06 4.739731E-02 4.097072E-05
  5811    779   6414 2.990867E-06 4.736144E-02 3.088236E-05
  5812    397    940 4.020417E-06 3.312084E-02 1.207129E-04
  5813    488    779 7.882928E-06 3.033677E-02 6.783639E-05
  5814   2720   4406 2.504000E-06 8.466477E-02 3.500810E-05
  5815   1445   6331 9.519077E-07 6.250000E-02 2.988022E-05
  5816   3183   6317 3.153000E-06 5.459564E-02 2.263466E-05
  5817    250   4131 1.598010E-06 7.900000E-02 1.097178E-04
  5818    550   1772 5.978721E-06 5.345419E-02 4.742014E-05
  5819      2     39 4.733141E-06 3.689792E-02 4.656004E-04
  5820   5506   5795 4.119847E-06 6.992793E-02 2.102414E-05
  5821    164   5603 3.293436E-06 7.768909E-02 5.755448E-05
  5822   2098   3344 3.313653E-06 2.982800E-02 2.772042E-05
  5823    649   1058 4.428561E-06 3.514718E-02 4.546316E-05
  5824   1268   3090 4.823176E-06 7.063836E-02 5.002199E-05
  5825    101    206 1.539707E-05 3.396953E-02 8.288140E-05
  5826   3387   3805 1.804853E-06 4.639293E-02 2.323421E-05
  5827    326    402 1.130742E-05 4.503255E-02 7.032421E-05
  5828   3928   5563 4.014159E-06 6.920281E-02 2.858308E-05
  5829   4049   5012 9.670941E-07 2.599167E-02 3.120464E-05
  5830    830   6177 2.428279E-06 5.004402E-02 4.674693E-05
  5831   3882   3928 3.446759E-06 6.774988E-02 3.094549E-05
  5832   1982   5063 4.046346E-06 2.770558E-02 3.069870E-05
  5833    326    361 3.980006E-06 3.262706E-02 9.815723E-05
  5834   4956   4960 4.222238E-06 4.516605E-02 2.512162E-05
  5835   2248   3896 4.077268E-06 8.615764E-02 3.900898E-05
  5836    263   1003 3.143576E-06 5.557514E-02 8.655818E-05
  5837   1003   3365 1.349388E-06 4.670717E-02 4.292283E-05
  5838    369    488 9.630008E-07 2.592179E-02 9.728983E-05
  5839    779    855 7.114946E-06 4.653962E-02 4.017429E-05
  5840    397   2720 3.752636E-06 2.906872E-02 5.154763E-05
  5841   1939   4436 4.205701E-06 3.433927E-02 7.638073E-05
  5842    351   3602 4.999993E-06 3.303944E-02 6.409510E-05
  5843    489    582 7.854562E-06 7.429657E-02 9.270284E-05
  5844     24     39 1.858700E-05 2.686801E-02 1.728238E-04
  5845      2   6064 2.904599E-06 7.405384E-02 2.356946E-04
  5846    164   1075 3.546113E-06 6.525573E-02 1.014713E-04
  5847    748   1058 6.400365E-06 4.421469E-02 3.719958E-05
  5848      2   6582 3.005556E-06 4.660707E-02 2.918112E-04
  5849   5012   5018 2.625184E-06 8.105328E-02 3.240963E-05
  5850   4135   5012 3.837803E-06 6.466073E-02 2.488620E-05
  5851   2094   6176 3.300371E-06 4.959366E-02 2.055003E-05
  5852    361   2859 5.080908E-06 8.758726E-02 4.317636E-05
  5853     88    255 7.476254E-06 5.476824E-02 1.196321E-04
  5854    548   2350 4.287177E-06 7.480399E-02 8.784070E-05
  5855    548   3887 2.808996E-06 5.852477E-02 7.633353E-05
  5856   2248   5137 3.625800E-06 8.863773E-02 3.688972E-05
  5857    223   6165 3.894987E-06 7.729458E-02 8.966079E-05
  5858    263   2527 3.746274E-06 2.586981E-02 1.090758E-04
  5859    507   5085 2.821876E-06 8.780718E-02 8.567165E-05
  5860   3657   5085 2.834176E-06 5.855615E-02 3.598483E-05
  5861   1163   3639 1.791318E-06 2.220510E-02 4.661457E-05
  5862    228   1163 3.314562E-06 3.228369E-02 8.586254E-05
  5863    449   6302 1.041880E-06 8.756918E-02 7.297026E-05
  5864    873   4463 2.624113E-06 8.516316E-02 4.454781E-05
  5865     87    533 7.825433E-06 2.903620E-02 1.547675E-04
  5866    449   4438 3.776944E-06 4.264571E-02 7.852554E-05
  5867    907   3602 3.979359E-06 4.175734E-02 4.611751E-05
  5868    498    648 2.935923E-06 4.508034E-02 7.643080E-05
  5869   1075   5603 4.044668E-06 8.494464E-02 3.266247E-05
  5870    748   4670 2.731176E-06 5.111373E-02 4.675678E-05
  5871    748   1443 7.666848E-06 5.547671E-02 6.000488E-05
  5872    748   4616 4.058383E-06 5.296114E-02 2.478874E-05
  5873    715    724 3.957590E-06 2.420125E-02 5.960904E-05
  5874   1929   6732 3.996590E-06 5.497166E-02 5.092274E-05
  5875    402   3669 2.424654E-06 4.985194E-02 5.949483E-05
  5876   1431   2763 3.064075E-06 4.501659E-02 4.087014E-05
  5877    718   5051 2.231727E-06 4.607992E-02 2.922369E-05
  5878    326   6238 2.805789E-06 7.900000E-02 8.520657E-05
  5879    830   1982 4.615708E-06 5.345344E-02 5.699426E-05
  5880    223   6146 3.941804E-06 3.550246E-02 1.041607E-04
  5881     41   2527 1.808134E-06 7.231159E-02 2.081608E-04
  5882     44    524 5.112968E-06 6.942725E-02 1.960074E-04
  5883     41   5095 3.385375E-06 7.798199E-02 1.693077E-04
  5884    263    787 2.623544E-06 4.588655E-02 7.764420E-05
  5885   1765   3717 3.639875E-06 8.012655E-02 3.922530E-05
  5886    787   3657 4.042085E-06 3.628509E-02 4.762687E-05
  5887    223   4463 2.966464E-06 4.343671E-02 6.812260E-05
  5888    397   1500 2.966752E-06 7.177656E-02 1.025168E-04
  5889   1218   2578 4.135857E-06 2.145847E-02 4.263817E-05
  5890    423   5607 2.238119E-06 5.831233E-02 3.341677E-05
  5891    498   1355 3.144181E-06 5.025219E-02 6.400223E-05
  5892    580   1016 2.925374E-06 6.584731E-02 9.765551E-05
  5893    143    357 1.132374E-05 1.851843E-02 9.722703E-05
  5894    150   6598 3.353763E-06 4.513892E-02 8.094622E-05
  5895    158   1624 5.535879E-06 3.315070E-02 7.753594E-05
  5896     28   5654 4.653573E-06 3.728999E-02 1.063220E-04
  5897     59    479 1.153482E-05 3.855735E-02 1.869114E-04
  5898    135   5343 3.455052E-06 2.546224E-02 7.950928E-05
  5899    326   1431 3.404046E-06 7.778467E-02 6.739815E-05
  5900   4038   6270 4.275920E-06 5.998617E-02 3.590635E-05
  5901     59    274 1.056361E-05 2.620902E-02 1.598036E-04
  5902   6150   6165 3.746227E-06 5.743082E-02 2.550121E-05
  5903   1337   6155 3.451971E-06 7.157407E-02 5.015836E-05
  5904    263   2749 9.527114E-07 4.419417E-02 7.084571E-05
  5905   1908   3136 2.655286E-06 6.539460E-02 6.171904E-05
  5906   2244   6155 2.696134E-06 3.124027E-02 2.916889E-05
  5907    728   3728 2.360681E-06 2.250354E-02 5.524239E-05
  5908    787   5085 3.900793E-06 6.838531E-02 4.434428E-05
  5909    318   1892 9.642011E-07 1.529678E-02 1.278731E-04
  5910   5506   5507 3.230500E-06 5.740578E-02 2.040389E-05
  5911   1517   4897 4.001135E-06 5.077608E-02 3.085709E-05
  5912      2   4105 3.000839E-06 7.444966E-02 2.571710E-04
  5913      6    608 1.063665E-05 3.062449E-02 1.739681E-04
  5914    187   6736 2.812697E-06 7.903007E-02 1.079697E-04
  5915   1929   2301 4.820449E-06 2.512091E-02 5.105176E-05
  5916   1842   6807 3.946693E-06 7.519553E-02 2.730212E-05
  5917    115    411 6.117762E-06 3.354112E-02 2.102888E-04
  5918     28     42 2.845673E-05 4.986723E-02 1.418038E-04
  5919    135    199 4.263120E-06 3.201950E-02 1.088839E-04
  5920    939   2094 4.261651E-06 5.940427E-02 6.765282E-05
  5921   6177   6204 9.537636E-07 2.795085E-02 1.974386E-05
  5922    881   3002 3.517736E-06 7.864296E-02 5.240900E-05
  5923     59   1703 4.123215E-06 4.056139E-02 1.340181E-04
  5924   1455   1545 3.147935E-06 3.968006E-02 6.493297E-05
  5925     41    263 4.266879E-06 3.680078E-02 1.885374E-04
  5926    507    855 1.402137E-06 1.976424E-02 8.649920E-05
  5927    445    663 5.736076E-06 2.576096E-02 7.772924E-05
  5928   1445   1792 4.287389E-06 5.090258E-02 5.277621E-05
  5929    928   1379 1.404736E-06 1.976424E-02 7.817367E-05
  5930    521   3580 2.825267E-06 4.113725E-02 4.405932E-05
  5931   4803   5779 2.993581E-06 4.751890E-02 1.952460E-05
  5932    777   1308 6.516638E-06 5.585430E-02 6.609711E-05
  5933    266   6616 5.528975E-06 2.712676E-02 5.089634E-05
  5934   3874   5563 4.304299E-06 5.500284E-02 2.304541E-05
  5935    939   1107 2.670435E-06 5.396607E-02 9.801708E-05
  5936   3002   5569 1.982890E-06 2.955586E-02 2.544462E-05
  5937    108   1116 4.013544E-06 5.406764E-02 1.339386E-04
  5938    526   6270 2.433551E-06 5.939990E-02 6.226610E-05
  5939     88    829 3.641353E-06 3.817799E-02 6.460982E-05
  5940   6146   6150 4.209413E-06 7.029586E-02 3.876465E-05
  5941     88   5149 3.946039E-06 4.785214E-02 9.212628E-05
  5942    223   6150 2.571623E-06 4.522391E-02 8.506284E-05
  5943    223    958 7.416177E-06 4.852870E-02 1.030751E-04
  5944   1337   6128 3.465216E-06 6.621748E-02 5.624429E-05
  5945   2527   3332 2.999749E-06 1.947709E-02 5.450361E-05
  5946    445   1435 1.409937E-06 1.743219E-02 5.961087E-05
  5947    488   6347 1.800726E-06 7.882292E-02 7.640854E-05
  5948    318    663 1.867978E-06 4.760847E-02 9.969666E-05
  5949    228   4463 2.654494E-06 3.208599E-02 6.156152E-05
  5950    648   3419 2.236881E-06 5.824619E-02 6.172829E-05
  5951    443    855 9.618037E-07 3.152093E-02 8.342148E-05
  5952    397    451 3.337374E-06 3.894010E-02 8.974985E-05
  5953    351    580 6.672112E-06 2.702283E-02 9.860334E-05
  5954    580   2269 1.734559E-06 4.030997E-02 1.072473E-04
  5955    489   4336 3.855323E-06 4.209680E-02 6.689707E-05
  5956    363    489 8.426527E-06 3.550128E-02 1.056158E-04
  5957     13    608 4.586480E-06 3.227516E-02 1.763849E-04
  5958    715   2231 5.310786E-06 3.999692E-02 6.020484E-05
  5959    100    187 1.593240E-05 2.008315E-02 8.174372E-05
  5960   5343   6633 2.989455E-06 2.974525E-02 2.006038E-05
  5961    547    939 5.216335E-06 3.491259E-02 4.408918E-05
  5962    881   1268 1.793346E-06 1.583515E-02 7.351084E-05
  5963    881   6177 3.111553E-06 5.428151E-02 7.328787E-05
  5964   6146   6165 3.278780E-06 5.540009E-02 3.808675E-05
  5965   2760   5179 2.992898E-06 2.997337E-02 2.379945E-05
  5966    474   1015 7.629052E-06 4.182961E-02 4.644195E-05
  5967    318    488 4.036418E-06 5.581129E-02 9.799188E-05
  5968    717    940 4.392151E-06 5.974169E-02 9.525715E-05
  5969    443   3183 3.140549E-06 7.088286E-02 6.458534E-05
  5970    138    150 9.756606E-06 2.634932E-02 1.398100E-04
  5971    608   6582 3.139812E-06 7.379332E-02 5.743647E-05
  5972    479   2941 4.211599E-06 4.214626E-02 3.963760E-05
  5973   4186   5336 4.282011E-06 5.475036E-02 2.461745E-05
  5974    206   3874 1.352645E-06 5.034531E-02 7.472977E-05
  5975    326   3333 3.704848E-06 5.920304E-02 6.734999E-05
  5976    427   6176 1.123693E-06 3.723054E-02 7.613761E-05
  5977   4074   4097 2.129870E-06 8.128972E-02 4.787346E-05
  5978    255   6241 3.005646E-06 4.749847E-02 5.270909E-05
  5979   1426   6112 4.059367E-06 5.187997E-02 2.346891E-05
  5980    524   3082 4.383224E-06 5.482119E-02 6.472571E-05
  5981    474   3082 1.410625E-06 2.795085E-02 5.521495E-05
  5982   2651   3639 3.564854E-06 5.449492E-02 4.238441E-05
  5983   1015   1500 2.673522E-06 6.206181E-02 7.095908E-05
  5984    449   1380 1.126764E-06 3.125000E-02 9.129199E-05
  5985    855   1445 2.996772E-06 5.270834E-02 5.389768E-05
  5986    488   3602 3.154131E-06 4.751846E-02 7.868956E-05
  5987    443   6122 3.769705E-06 5.999082E-02 6.002368E-05
  5988    648   2987 4.382102E-06 4.238750E-02 8.682880E-05
  5989    550   3221 4.204841E-06 6.946377E-02 4.505600E-05
  5990    363   2770 3.935241E-06 3.054963E-02 5.196367E-05
  5991     28    202 1.513789E-05 2.241952E-02 1.399798E-04
  5992    266   6633 4.287675E-06 5.816213E-02 6.579231E-05
  5993    326    619 3.390573E-06 4.894385E-02 8.249262E-05
  5994    206   2614 3.959685E-06 2.975451E-02 4.614619E-05
  5995   2094   2100 4.669817E-06 4.783117E-02 5.025456E-05
  5996   1982   6270 9.459106E-07 6.250000E-02 4.352655E-05
  5997   1545   3825 4.302513E-06 6.243937E-02 5.024075E-05
  5998    664   5149 3.245817E-06 5.405707E-02 4.072725E-05
  5999    438    796 7.582887E-06 4.555930E-02 4.159411E-05
  6000   3657   5097 3.130823E-06 8.494668E-02 3.395678E-05
  6001    796    831 6.038361E-06 5.490499E-02 5.166529E-05
  6002   6339   6348 3.661883E-06 2.723377E-02 3.684364E-05
  6003   3237   3717 2.663649E-06 3.544859E-02 3.342506E-05
  6004   1380   6302 2.240939E-06 2.732100E-02 3.511108E-05
  6005    443   1445 4.885432E-06 1.650838E-02 4.179131E-05
  6006   1379   1889 5.750723E-06 5.635056E-02 4.684414E-05
  6007     10   1074 4.890633E-06 3.997865E-02 1.130131E-04
  6008   1685   1686 4.550342E-06 2.666913E-02 4.528055E-05
  6009     19    613 9.122955E-06 2.672377E-02 1.346766E-04
  6010     42    202 1.104869E-05 8.122162E-02 1.298798E-04
  6011     59   3280 3.971263E-06 3.812246E-02 1.853835E-04
  6012   2415   6633 3.157055E-06 6.709989E-02 2.335002E-05
  6013     59    261 1.148944E-05 1.918448E-02 1.483769E-04
  6014    830   6680 3.594084E-06 5.318090E-02 6.080006E-05
  6015     76   4954 2.966166E-06 3.603606E-02 9.531036E-05
  6016   6239   6251 9.494579E-07 6.250000E-02 2.214790E-05
  6017    361   2346 3.845414E-06 6.177600E-02 7.460388E-05
  6018    829   1337 7.148551E-06 5.371976E-02 3.450560E-05
  6019     44    274 6.089896E-06 3.350610E-02 1.900774E-04
  6020    664   2244 5.325194E-06 4.348214E-02 4.598540E-05
  6021    808    958 4.127365E-06 4.918724E-02 6.641737E-05
  6022    614   2527 1.187344E-06 3.125000E-02 8.132255E-05
  6023    614   3728 6.115101E-06 4.118115E-02 5.945939E-05
  6024    223   5647 4.363422E-06 4.159605E-02 4.778668E-05
  6025    855   3237 5.702760E-06 5.055682E-02 4.840124E-05
  6026    940   1015 7.856719E-06 4.868336E-02 3.819429E-05
  6027    873   3183 2.993638E-06 5.140084E-02 4.561939E-05
  6028    449    451 3.930065E-06 3.341871E-02 7.317448E-05
  6029    423   3722 4.416341E-06 3.642119E-02 4.820992E-05
  6030    449   4445 9.612569E-07 2.795085E-02 5.724809E-05
  6031    250   3183 4.298566E-06 3.282373E-02 8.001210E-05
  6032    423   3580 3.829233E-06 7.658446E-02 4.091821E-05
  6033    498   1732 3.825625E-06 3.120531E-02 5.863515E-05
  6034    104    357 5.525099E-06 4.267555E-02 1.276944E-04
  6035    498   2355 3.279990E-06 3.560207E-02 6.100130E-05
  6036    854   1033 3.606626E-06 4.735168E-02 8.177256E-05
  6037    781    854 5.071507E-06 4.252767E-02 8.398969E-05
  6038     39   1517 2.809636E-06 6.654889E-02 1.308787E-04
  6039    649   2098 3.333902E-06 3.207345E-02 5.913424E-05
  6040    365   2261 2.995717E-06 4.985199E-02 8.277950E-05
  6041   4037   5677 4.253277E-06 3.858179E-02 2.325272E-05
  6042   3280   6660 9.389034E-07 6.250000E-02 2.416106E-05
  6043    939   5336 3.948296E-06 6.130777E-02 5.366333E-05
  6044    539   3928 2.174967E-06 4.427210E-02 6.165597E-05
  6045    830   3370 9.574958E-07 2.795085E-02 4.976567E-05
  6046    108    425 4.211418E-06 5.501681E-02 1.321030E-04
  6047    796    998 3.330233E-06 4.683753E-02 4.810481E-05
  6048    354   3082 4.262080E-06 5.472806E-02 6.332148E-05
  6049    831    998 5.762506E-06 5.282047E-02 5.156792E-05
  6050    610    717 3.155636E-06 5.499861E-02 8.122993E-05
  6051   2578   4427 3.350099E-06 5.439177E-02 4.506507E-05
  6052    580   1855 2.569903E-06 6.491939E-02 5.721721E-05
  6053    351   1355 1.970086E-06 6.651614E-02 1.044281E-04
  6054    877   1033 4.498044E-06 2.271025E-02 4.538910E-05
  6055    781   1033 5.984500E-06 3.622056E-02 5.467767E-05
  6056    489   2059 4.998770E-06 5.485884E-02 8.291174E-05
  6057    781   1105 4.082138E-06 7.674496E-02 1.082756E-04
  6058     10    381 8.797152E-06 2.152574E-02 1.567865E-04
  6059   2301   5677 4.132601E-06 5.059744E-02 4.692583E-05
  6060    135    251 1.402399E-05 3.914610E-02 7.629707E-05
  6061    135   6633 3.857937E-06 7.900000E-02 7.593141E-05
  6062    427    939 1.610729E-06 3.075046E-02 8.125009E-05
  6063     88    718 3.141496E-06 4.632438E-02 9.850539E-05
  6064   6237   6251 1.404562E-06 2.795085E-02 2.691663E-05
  6065   1703   5690 3.458960E-06 3.361631E-02 5.029960E-05
  6066    829   1426 1.793384E-06 1.156436E-02 5.668420E-05
  6067     44   5690 2.996856E-06 6.958792E-02 1.328283E-04
  6068    492   1337 6.669220E-06 3.651926E-02 4.510062E-05
  6069    274    524 1.023445E-05 3.368735E-02 7.679775E-05
  6070    787   5097 3.158482E-06 3.450952E-02 5.220419E-05
  6071   2393   2774 4.734814E-06 4.530634E-02 1.742644E-05
  6072   1218   3728 2.990871E-06 5.200514E-02 4.530750E-05
  6073    779   1993 3.299866E-06 6.879266E-02 4.628006E-05
  6074   1792   5567 3.441406E-06 6.116529E-02 1.535722E-05
  6075    104   4445 4.472821E-06 5.180927E-02 8.623883E-05
  6076    104    228 9.665683E-07 1.727681E-02 1.559977E-04
  6077    250    443 1.104564E-05 3.494347E-02 6.841775E-05
  6078   2059   2269 4.007877E-06 3.861428E-02 8.634262E-05
  6079    854   1105 5.363546E-06 2.323040E-02 6.426479E-05
  6080     39    695 7.719358E-06 3.490324E-02 1.559475E-04
  6081    377   6732 3.137512E-06 4.133917E-02 6.813826E-05
  6082     42    934 8.082447E-06 3.617440E-02 1.481758E-04
  6083    135   6616 3.775395E-06 4.940249E-02 7.272849E-05
  6084   4186   6634 2.954182E-06 4.601158E-02 1.712338E-05
  6085    402    619 4.303341E-06 3.423392E-02 8.070865E-05
  6086   4321   6677 1.409744E-06 7.402567E-02 3.366395E-05
  6087   3387   4162 3.682711E-06 5.815424E-02 2.836232E-05
  6088   3387   6680 2.234111E-06 5.178609E-02 2.159846E-05
  6089    255   5059 3.599744E-06 6.677346E-02 7.550011E-05
  6090   4981   6233 1.983762E-06 6.099404E-02 4.504290E-05
  6091    285   3825 3.142093E-06 7.017101E-02 5.194381E-05
  6092    255   3370 4.267688E-06 5.690788E-02 5.111441E-05
  6093   5006   6106 3.813179E-06 5.163526E-02 1.535510E-05
  6094    255   1455 4.036335E-06 3.955796E-02 7.239557E-05
  6095    664    998 9.619742E-07 2.084592E-02 4.986973E-05
  6096    438   2997 2.971763E-06 3.067318E-02 4.645902E-05
  6097    438   6128 4.178104E-06 8.046809E-02 3.815221E-05
  6098    976   3717 1.403309E-06 7.772215E-02 5.811851E-05
  6099    228   2651 4.403112E-06 2.650961E-02 6.568009E-05
  6100    516   2720 3.854221E-06 5.419982E-02 4.826940E-05
  6101    397    717 9.550694E-07 2.083333E-02 1.070916E-04
  6102   1379   3722 2.246442E-06 4.578209E-02 2.957946E-05
  6103    228    250 9.603411E-06 2.303187E-02 1.640063E-04
  6104    351   3031 2.132217E-06 5.828458E-02 4.715437E-05
  6105   1889   4952 4.311247E-06 6.078338E-02 2.264688E-05
  6106    104    535 9.229025E-06 2.535167E-02 7.691422E-05
  6107    138   2355 2.992537E-06 6.881434E-02 1.160394E-04
  6108    138   6598 3.687314E-06 6.522766E-02 8.688938E-05
  6109    363   2059 5.011468E-06 5.191202E-02 7.088533E-05
  6110     19     24 1.480989E-05 2.278209E-02 2.875822E-04
  6111    939   4186 1.399414E-06 6.250000E-02 5.185273E-05
  6112    101   3874 3.415629E-06 7.912869E-02 5.355231E-05
  6113   1107   3158 1.803515E-06 3.767615E-02 9.041340E-05
  6114    427   2100 4.167803E-06 4.754538E-02 7.888143E-05
  6115   4097   4981 4.226556E-06 3.406527E-02 3.196541E-05
  6116    548   1471 4.421269E-06 3.180079E-02 7.607379E-05
  6117    976   2760 1.354595E-06 2.250251E-02 7.288623E-05
  6118    451   4407 4.288499E-06 5.089687E-02 4.538460E-05
  6119    648   5602 2.814856E-06 5.108600E-02 6.953554E-05
  6120    443    498 3.743231E-06 5.008421E-02 1.021745E-04
  6121    351    498 4.673975E-06 2.841835E-02 1.038203E-04
  6122   4336   6598 3.761771E-06 4.600372E-02 2.277178E-05
  6123    138    489 6.797351E-06 1.767852E-02 1.465596E-04
  6124   4803   5534 3.368173E-06 6.650603E-02 3.434083E-05
  6125     39    381 7.432384E-06 2.097353E-02 1.470012E-04
  6126    187   1260 3.753635E-06 1.862281E-02 1.663413E-04
  6127    187   6716 2.813725E-06 8.802160E-02 8.446772E-05
  6128   2406   3280 2.238123E-06 7.760295E-02 5.903903E-05
  6129    266   2415 4.635394E-06 3.829523E-02 5.937238E-05
  6130   2415   6616 2.148989E-06 2.778174E-02 2.344931E-05
  6131    135   2415 5.535547E-06 4.344696E-02 6.162251E-05
  6132    619    939 6.224110E-06 5.707762E-02 4.105011E-05
  6133    718    830 3.651200E-06 5.141914E-02 5.374749E-05
  6134   6237   6239 3.558812E-06 4.372719E-02 1.784479E-05
  6135   1426   3815 4.180430E-06 5.279415E-02 5.086350E-05
  6136    223    548 4.087771E-06 6.954182E-02 2.010980E-04
  6137    958   4271 3.289776E-06 5.033234E-02 5.809989E-05
  6138    263   1471 1.798508E-06 6.158161E-02 7.564332E-05
  6139     41   6090 3.295581E-06 5.145424E-02 1.747168E-04
  6140   2244   6128 3.110478E-06 6.160127E-02 2.818736E-05
  6141    808   1688 3.966503E-06 3.313474E-02 5.597266E-05
  6142   1010   2393 3.606815E-06 3.382279E-02 3.143321E-05
  6143    399   2551 4.550679E-06 6.947324E-02 9.474030E-05
  6144   1445   2089 9.504445E-07 6.250000E-02 4.780207E-05
  6145    639   1127 8.137112E-06 4.611118E-02 6.369570E-05
  6146   1127   1489 5.026803E-06 2.191431E-02 5.289324E-05
  6147   1059   1489 6.380700E-06 4.590129E-02 7.434273E-05
  6148    619   6638 4.448535E-06 4.718979E-02 5.158616E-05
  6149     25     28 3.602467E-05 2.933456E-02 1.215704E-04
  6150    830    881 5.390869E-06 5.105137E-02 1.102394E-04
  6151    206   1116 5.354760E-06 2.236448E-02 1.355182E-04
  6152    471    829 3.140171E-06 6.175032E-02 7.570306E-05
  6153    223   2872 4.056529E-06 6.142470E-02 1.352679E-04
  6154   1010   1500 1.855128E-06 6.395816E-02 4.317644E-05
  6155    787   3237 3.001028E-06 3.177055E-02 6.840411E-05
  6156    488   3571 3.281119E-06 8.611575E-02 5.927230E-05
  6157    520   2578 5.510109E-06 2.762387E-02 7.457628E-05
  6158    516    717 4.223598E-06 3.986281E-02 7.567276E-05
  6159    779   6308 2.238275E-06 5.820162E-02 6.490802E-05
  6160    397    516 4.432496E-06 3.752385E-02 8.244962E-05
  6161    228   1939 2.994414E-06 4.533259E-02 1.495487E-04
  6162    500    533 7.751533E-06 2.953795E-02 8.117720E-05
  6163    451    535 1.005819E-05 5.259727E-02 7.768908E-05
  6164    104   1203 5.002033E-06 3.068506E-02 9.651128E-05
  6165    877   1716 5.436882E-06 2.917922E-02 5.810816E-05
  6166    580   2770 3.000135E-06 7.454841E-02 5.935267E-05
  6167    854    877 5.945451E-06 5.137841E-02 4.994769E-05
  6168   1033   1127 5.629060E-06 3.442684E-02 6.038124E-05
  6169     24    695 6.815150E-06 3.985992E-02 1.650819E-04
  6170    939   2275 4.256169E-06 2.632093E-02 5.104656E-05
  6171    939   5372 3.538920E-06 2.721829E-02 2.794018E-05
  6172   3948   6203 2.365325E-06 4.679098E-02 2.077669E-05
  6173   2614   3948 4.082420E-06 4.867995E-02 2.375504E-05
  6174   1107   5035 3.092071E-06 6.410830E-02 9.173435E-05
  6175   4135   6214 2.955663E-06 7.920472E-02 3.399951E-05
  6176   4135   6187 2.992828E-06 5.201875E-02 2.764295E-05
  6177   2416   4135 3.513525E-06 8.549756E-02 5.770262E-05
  6178   1455   1982 3.993501E-06 6.041270E-02 4.127500E-05
  6179    191    361 9.477626E-06 3.623950E-02 6.508621E-05
  6180   1426   4954 3.874359E-06 3.493900E-02 4.348440E-05
  6181    255    642 3.956757E-06 8.556404E-02 1.126212E-04
  6182    361   5690 2.359605E-06 3.425720E-02 3.286254E-05
  6183    274   5690 2.851951E-06 4.965219E-02 6.366685E-05
  6184    191   5690 9.682354E-07 2.292760E-02 6.647099E-05
  6185    223    255 2.200115E-06 2.699223E-02 1.853433E-04
  6186   2749   2872 4.340230E-06 7.048939E-02 2.231601E-05
  6187    445    614 9.489952E-06 4.172294E-02 3.307635E-05
  6188    309   3728 4.879382E-06 3.757849E-02 7.424742E-05
  6189   1792   2089 2.623047E-06 6.076416E-02 4.126257E-05
  6190    516   4407 3.389039E-06 3.972341E-02 3.341275E-05
  6191    500   2578 2.806393E-06 7.301136E-02 7.994692E-05
  6192    580   1889 4.001165E-06 4.882645E-02 7.628415E-05
  6193    466    639 4.995336E-06 2.979328E-02 1.122736E-04
  6194    498   2314 2.805943E-06 6.619876E-02 6.609407E-05
  6195   3221   3970 3.650296E-06 4.776583E-02 3.046512E-05
  6196   2770   6533 3.563672E-06 7.197752E-02 3.083876E-05
  6197    287    588 1.129212E-05 2.735633E-02 5.879457E-05
  6198    781   1127 6.305446E-06 5.733980E-02 5.939350E-05
  6199    374   2076 3.799052E-06 7.448601E-02 6.139934E-05
  6200      2   4691 2.959802E-06 7.007241E-02 2.755720E-04
  6201    305    598 8.207803E-06 2.705951E-02 8.670127E-05
  6202    468   3428 3.389322E-06 6.622846E-02 5.489391E-05
  6203    411   6662 3.900328E-06 3.638628E-02 4.581861E-05
  6204   2406   6660 4.043784E-06 7.171087E-02 4.582387E-05
  6205     88   5068 3.462279E-06 3.395598E-02 6.934821E-05
  6206   1982   5059 2.240225E-06 7.271667E-02 3.737026E-05
  6207   4097   6237 3.410982E-06 6.130397E-02 4.027461E-05
  6208   3815   4954 4.272027E-06 3.231391E-02 2.968050E-05
  6209   5005   5006 2.241192E-06 5.131529E-02 2.499069E-05
  6210   5005   5579 9.554144E-07 6.250000E-02 3.531301E-05
  6211     78    198 1.717886E-05 2.213176E-02 1.185513E-04
  6212   5579   6085 2.815471E-06 8.803091E-02 1.767654E-05
  6213     88   6117 4.239348E-06 2.634210E-02 5.272681E-05
  6214    198    425 7.222143E-06 4.523532E-02 6.093742E-05
  6215     87   3728 3.130344E-06 2.564953E-02 8.378812E-05
  6216    354   2774 3.443844E-06 5.115345E-02 6.231142E-05
  6217    787   6399 3.713917E-06 4.899430E-02 4.743773E-05
  6218    831   1380 5.933854E-06 4.354315E-02 4.187551E-05
  6219     87    520 7.443158E-06 3.092182E-02 1.133096E-04
  6220    855   2289 1.979064E-06 7.098253E-02 5.256973E-05
  6221   1993   3419 9.554021E-07 4.419417E-02 3.604339E-05
  6222    449   4345 3.501411E-06 6.923886E-02 5.785892E-05
  6223    663   6328 3.144604E-06 7.900000E-02 5.778313E-05
  6224   4264   4445 3.298209E-06 5.217227E-02 1.718122E-05
  6225    535   1203 5.808143E-06 3.167329E-02 7.242763E-05
  6226    357   1203 8.275904E-06 2.482566E-02 6.573464E-05
  6227    550    588 4.040455E-06 5.917473E-02 7.729094E-05
  6228   1712   1716 6.564514E-06 4.694653E-02 6.200783E-05
  6229     13    613 6.158730E-06 4.863112E-02 1.836455E-04
  6230     13   1946 4.036914E-06 3.729651E-02 2.553157E-04
  6231   3199   5323 4.187364E-06 5.156836E-02 2.511237E-05
  6232    101    135 1.674143E-05 3.002767E-02 5.659790E-05
  6233    881   5035 2.997302E-06 6.061974E-02 3.672605E-05
  6234   2100   3158 1.798108E-06 6.801299E-02 3.569365E-05
  6235    718   6192 3.476749E-06 4.296539E-02 3.538871E-05
  6236    471   4954 4.137457E-06 4.639853E-02 6.896489E-05
  6237    285   1455 2.962482E-06 4.528094E-02 5.776566E-05
  6238    354    524 5.881469E-06 1.629712E-02 8.398854E-05
  6239   1010   1015 6.715768E-06 4.601487E-02 6.269402E-05
  6240    309   1218 1.412363E-06 7.423398E-02 8.938062E-05
  6241    423   2914 2.960107E-06 8.254818E-02 6.445335E-05
  6242    351    488 3.258390E-06 6.061336E-02 1.272564E-04
  6243   1717   6328 2.527276E-06 5.168416E-02 3.223646E-05
  6244   1379   1717 2.425405E-06 7.900000E-02 4.744313E-05
  6245    443   2089 4.061752E-06 5.972863E-02 4.616473E-05
  6246    351   4456 1.801024E-06 6.812682E-02 5.890430E-05
  6247   3970   6121 4.535438E-06 6.944817E-02 2.688601E-05
  6248    351   1889 3.562734E-06 5.143645E-02 6.246229E-05
  6249   2111   3970 3.801841E-06 2.066380E-02 3.609329E-05
  6250    632   2987 2.236241E-06 7.357456E-02 6.952144E-05
  6251    580   4952 3.149244E-06 5.534500E-02 5.204928E-05
  6252   2770   4169 4.110214E-06 7.660577E-02 2.937724E-05
  6253     13     19 3.526090E-05 2.985095E-02 2.316029E-04
  6254    365    598 2.814013E-06 5.576277E-02 7.777138E-05
  6255    402   2406 3.309390E-06 6.225955E-02 8.344196E-05
  6256    206   3948 3.557003E-06 2.855698E-02 5.034974E-05
  6257    658    881 7.769583E-06 3.691884E-02 3.531150E-05
  6258    124   6177 2.830762E-06 2.061170E-02 1.786311E-04
  6259   5035   5068 3.306515E-06 3.224002E-02 1.747977E-05
  6260   4135   5029 3.140664E-06 5.016562E-02 4.444507E-05
  6261    206   6237 1.796924E-06 5.820713E-02 9.024656E-05
  6262    108    206 5.327244E-06 5.668240E-02 2.353358E-04
  6263    718   3370 2.653982E-06 4.307211E-02 4.209207E-05
  6264    361   1192 4.227818E-06 1.437097E-02 7.542369E-05
  6265    471    664 7.621194E-06 2.908875E-02 7.123592E-05
  6266     41   1471 7.981894E-06 2.530761E-02 1.621831E-04
  6267     88    664 4.200159E-06 4.676507E-02 8.087056E-05
  6268    958   1688 3.607684E-06 7.203322E-02 6.271524E-05
  6269    198   1908 4.405524E-06 3.544636E-02 8.450676E-05
  6270    663   4425 1.790065E-06 1.473139E-02 4.723806E-05
  6271    663   4423 3.780390E-06 4.745124E-02 4.920680E-05
  6272   1015   1614 5.913518E-06 2.931913E-02 7.050001E-05
  6273    488   6308 9.601524E-07 1.981912E-02 5.776066E-05
  6274   2289   6286 3.291074E-06 3.174675E-02 2.555279E-05
  6275    228    873 4.305284E-06 7.250706E-02 7.717572E-05
  6276    423    500 8.356930E-06 4.452324E-02 9.661302E-05
  6277   1379   1438 4.196366E-06 6.464439E-02 5.268954E-05
  6278    451   4264 3.822695E-06 4.439483E-02 4.165244E-05
  6279    423   6121 3.042527E-06 5.407612E-02 6.051790E-05
  6280   1379   2339 4.716639E-06 5.803056E-02 3.526204E-05
  6281   1033   5023 1.403806E-06 2.795085E-02 6.631316E-05
  6282    588   3221 1.793680E-06 7.760209E-02 7.142378E-05
  6283    138    498 5.089510E-06 5.344218E-02 1.271267E-04
  6284   4169   6533 3.987778E-06 5.421856E-02 2.189658E-05
  6285     24   1745 7.248882E-06 2.825689E-02 9.134200E-05
  6286    374   4876 4.408200E-06 4.558595E-02 4.397362E-05
  6287    158   2968 4.171971E-06 7.041722E-02 9.882383E-05
  6288    930   1075 9.457116E-07 6.250000E-02 7.287722E-05
  6289    158    365 5.733956E-06 1.712708E-02 8.873593E-05
  6290    377   2301 9.570543E-07 6.260991E-02 4.626731E-05
  6291    411    468 9.812754E-06 2.604260E-02 5.135365E-05
  6292    261    479 8.465843E-06 2.681513E-02 1.069244E-04
  6293    479   6660 4.411037E-06 4.712444E-02 6.760326E-05
  6294    101   6680 1.789293E-06 7.900000E-02 9.095559E-05
  6295   3948   5029 4.417951E-06 6.196659E-02 3.983813E-05
  6296    124    830 9.611323E-07 1.254118E-02 1.706435E-04
  6297   2416   4981 2.987832E-06 4.532399E-02 2.499745E-05
  6298    326   1426 1.403739E-06 1.976424E-02 8.841036E-05
  6299   4954   5000 3.972120E-06 4.692649E-02 3.929996E-05
  6300    361    492 7.801414E-06 3.101569E-02 6.838575E-05
  6301     44    191 3.719023E-06 5.065159E-02 2.103579E-04
  6302    223   1201 3.728307E-06 6.247867E-02 8.836951E-05
  6303    198    614 5.073906E-06 4.226778E-02 8.398300E-05
  6304   1194   2872 1.796193E-06 4.770059E-02 4.849840E-05
  6305   2838   5097 3.440270E-06 4.761809E-02 3.887590E-05
  6306    787   5106 3.437352E-06 4.637833E-02 7.383444E-05
  6307    445   4425 1.280877E-06 4.196892E-02 5.047260E-05
  6308    663   4419 2.581043E-06 7.900000E-02 4.191135E-05
  6309   2434   2914 3.776091E-06 6.706461E-02 5.443193E-05
  6310    451    516 7.794751E-06 4.774650E-02 6.939026E-05
  6311    648   6313 2.359713E-06 1.835400E-02 6.277090E-05
  6312    533   1005 6.037683E-06 4.427909E-02 7.814067E-05
  6313    423   3028 2.240395E-06 5.646378E-02 6.800756E-05
  6314   2339   3970 4.313986E-06 6.101572E-02 4.363909E-05
  6315    287   6669 3.557661E-06 4.046029E-02 4.613649E-05
  6316    143   1732 3.288682E-06 5.274925E-02 1.168995E-04
  6317    138   2059 6.514435E-06 3.474441E-02 1.033962E-04
  6318    150    357 4.534402E-06 4.541740E-02 1.186461E-04
  6319    100    715 5.754386E-06 2.335594E-02 1.242123E-04
  6320   4094   5677 3.971674E-06 6.490221E-02 4.676315E-05
  6321    619   2406 4.089469E-06 7.463820E-02 3.963147E-05
  6322   5369   6680 3.427829E-06 4.639374E-02 2.998670E-05
  6323    124    718 3.458142E-06 4.487279E-02 1.616908E-04
  6324    830   5059 4.279945E-06 8.357705E-02 5.279240E-05
  6325    191    274 8.383010E-06 2.289852E-02 1.120023E-04
  6326    492   2997 3.072472E-06 2.365470E-02 4.546467E-05
  6327    223    242 1.283724E-05 3.072550E-02 1.441109E-04
  6328   1993   6308 3.625564E-06 2.541800E-02 2.243768E-05
  6329    516   4418 3.376084E-06 5.182527E-02 4.394578E-05
  6330    500   1005 7.164051E-06 1.585952E-02 1.064269E-04
  6331   1438   1889 9.427241E-07 6.250000E-02 4.928038E-05
  6332    423   1343 1.411474E-06 2.209709E-02 6.839594E-05
  6333   1732   2314 4.701117E-06 4.591173E-02 4.677499E-05
  6334    138    351 6.384208E-06 4.021775E-02 1.199317E-04
  6335   2059   2770 5.593198E-06 4.649733E-02 4.400457E-05
  6336   2257   5239 3.893616E-06 3.504250E-02 3.980572E-05
  6337   4037   4094 2.993603E-06 8.505125E-02 3.896328E-05
  6338    261   2406 6.275715E-06 2.933606E-02 8.072904E-05
  6339   3933   5372 3.708517E-06 2.941399E-02 1.917635E-05
  6340   3874   5029 1.814486E-06 5.347517E-02 5.556060E-05
  6341    658   5035 3.749579E-06 5.576772E-02 4.225468E-05
  6342    108    198 1.292910E-05 2.551889E-02 1.671705E-04
  6343    471   6117 9.729240E-07 2.290619E-02 5.845990E-05
  6344    191    492 1.623681E-06 1.050323E-02 1.133763E-04
  6345    274    354 7.556483E-06 4.650512E-02 8.055614E-05
  6346   6127   6128 2.956682E-06 6.113788E-02 2.697266E-05
  6347    976   1194 2.807204E-06 6.584834E-02 6.139725E-05
  6348     87    309 3.478341E-06 3.376544E-02 1.213849E-04
  6349    610   6354 2.176203E-06 5.775192E-02 6.893594E-05
  6350    831    999 2.177372E-06 8.646392E-02 7.192484E-05
  6351    445   3157 2.805362E-06 7.985199E-02 4.491295E-05
  6352   3923   6308 9.457808E-07 6.250000E-02 2.757446E-05
  6353   2980   4345 3.284940E-06 4.760353E-02 2.594444E-05
  6354   4210   6286 2.805358E-06 7.900000E-02 3.346835E-05
  6355    443   6286 1.794003E-06 7.900000E-02 5.355002E-05
  6356    423    798 4.167564E-06 4.930333E-02 5.176787E-05
  6357    216    873 4.561344E-06 6.127136E-02 8.984647E-05
  6358   4400   6328 4.004205E-06 8.506973E-02 2.995498E-05
  6359    443    648 3.265037E-06 4.931127E-02 6.873763E-05
  6360   1379   3501 3.452181E-06 6.665652E-02 2.969718E-05
  6361    466   1135 5.695954E-06 2.328223E-02 8.877597E-05
  6362   1716   3331 3.434371E-06 3.973408E-02 6.820679E-05
  6363    287   1005 4.302316E-06 6.207291E-02 8.333898E-05
  6364    250   2314 5.029973E-06 2.719755E-02 5.919114E-05
  6365    498    632 4.108243E-06 6.057141E-02 9.329606E-05
  6366    580   5300 3.193368E-06 4.609694E-02 4.971043E-05
  6367    854   1712 4.015994E-06 2.397866E-02 6.733749E-05
  6368     39    486 5.628192E-06 1.742910E-02 1.068205E-04
  6369    187    769 8.121141E-06 2.888083E-02 1.060558E-04
  6370    266    411 9.940311E-06 2.057232E-02 1.059213E-04
  6371    881   6207 1.410659E-06 2.795085E-02 6.487522E-05
  6372    261    326 8.868751E-06 4.631296E-02 9.527699E-05
  6373    223   6091 2.573240E-06 5.571925E-02 1.237327E-04
  6374   6104   6151 3.235241E-06 4.818271E-02 1.257688E-05
  6375    191    354 9.660731E-06 2.953147E-02 1.036649E-04
  6376    309    614 4.970370E-06 5.310089E-02 7.316757E-05
  6377    787    976 3.568814E-06 3.832140E-02 7.701145E-05
  6378   1380   2169 2.925450E-06 4.656144E-02 5.281537E-05
  6379   1135   1704 6.113421E-06 4.750413E-02 3.842737E-05
  6380   1059   1607 4.654431E-06 4.716570E-02 4.092163E-05
  6381   2301   4094 4.194052E-06 2.472032E-02 4.411033E-05
  6382    411   1842 3.449282E-06 6.201765E-02 8.130024E-05
  6383    619   5592 4.106622E-06 5.340868E-02 4.068762E-05
  6384    326    454 3.601845E-06 5.706705E-02 9.347916E-05
  6385    427   3158 2.995714E-06 4.418449E-02 4.583206E-05
  6386    229    326 9.602915E-06 5.425048E-02 8.501341E-05
  6387     59    229 8.862418E-06 2.372406E-02 1.417028E-04
  6388    206   2416 3.339410E-06 8.121921E-02 7.492066E-05
  6389    206    219 1.536267E-05 2.450673E-02 1.014137E-04
  6390   5059   6245 4.002529E-06 7.560030E-02 3.474898E-05
  6391    219   5648 2.244157E-06 6.336164E-02 6.581070E-05
  6392    976   2838 3.938319E-06 4.556867E-02 4.942844E-05
  6393    354   2393 1.349010E-06 2.795085E-02 6.918146E-05
  6394    717   6354 4.012073E-06 3.003955E-02 3.638265E-05
  6395    309    445 5.710718E-06 3.580242E-02 6.449804E-05
  6396    216   2089 3.465523E-06 7.327104E-02 6.059604E-05
  6397    488   4039 2.806344E-06 5.731305E-02 6.849885E-05
  6398    216    250 3.856201E-06 2.818353E-02 1.369444E-04
  6399    451    472 1.096620E-05 2.777134E-02 4.798915E-05
  6400    228    535 9.754464E-06 4.742854E-02 1.337472E-04
  6401   1489   1607 4.265067E-06 3.096592E-02 3.639428E-05
  6402    715   6526 3.047983E-06 2.142392E-02 7.375620E-05
  6403    187    408 1.300164E-05 2.139011E-02 6.319957E-05
  6404    658   5068 1.795091E-06 2.604374E-02 4.004835E-05
  6405    219    539 9.575887E-07 6.250000E-02 1.242222E-04
  6406   4981   5055 4.459048E-06 5.080893E-02 2.751944E-05
  6407     59    191 1.389034E-05 4.382567E-02 1.662246E-04
  6408    223   6145 3.503164E-06 7.502090E-02 1.341523E-04
  6409     41   1908 5.483497E-06 5.683325E-02 1.533433E-04
  6410     41    318 1.380248E-05 2.222835E-02 1.173472E-04
  6411   1380   3579 3.811944E-06 5.713798E-02 3.436732E-05
  6412   3419   6293 4.173430E-06 5.048853E-02 2.741502E-05
  6413    216    228 1.008098E-05 4.642620E-02 1.402889E-04
  6414   1438   4400 2.932946E-06 3.087261E-02 2.104726E-05
  6415    423   3044 3.976520E-06 5.928193E-02 6.949130E-05
  6416    639   3162 3.135165E-06 7.075352E-02 4.823815E-05
  6417    580   2059 3.149480E-06 2.262884E-02 7.053165E-05
  6418    138    363 6.522790E-06 2.692876E-02 1.408111E-04
  6419      2   1745 6.237640E-06 3.520490E-02 3.488318E-04
  6420     10   5751 3.110506E-06 7.077688E-02 1.088874E-04
  6421     24   5558 7.697242E-06 3.528483E-02 7.012170E-05
  6422     42    109 2.170768E-05 7.439734E-02 9.542661E-05
  6423   3749   6662 3.447247E-06 5.361023E-02 3.254202E-05
  6424   3933   4111 2.429883E-06 5.389512E-02 2.880352E-05
  6425    454    619 5.488620E-06 2.917708E-02 7.222323E-05
  6426    454    939 9.646057E-07 6.250000E-02 8.361685E-05
  6427    881   6666 2.976685E-06 3.614467E-02 4.884705E-05
  6428    939   3933 4.169671E-06 4.065389E-02 3.124082E-05
  6429    409   6145 3.704926E-06 4.339020E-02 7.468914E-05
  6430    492   1192 2.362597E-06 1.876215E-02 5.639440E-05
  6431   1201   1688 5.023774E-06 4.495100E-02 2.980553E-05
  6432    228    419 5.351636E-06 3.658964E-02 6.816403E-05
  6433   1010   1614 4.502418E-06 4.378693E-02 6.035881E-05
  6434    798   4329 4.315745E-06 4.947495E-02 4.260943E-05
  6435   2884   5015 3.775977E-06 3.152934E-02 2.850062E-05
  6436    351    632 4.007120E-06 4.230261E-02 9.824996E-05
  6437    357   1732 3.751573E-06 2.978948E-02 7.458271E-05
  6438   1517   2764 4.109044E-06 6.305450E-02 4.324848E-05
  6439    942   1662 3.662910E-06 4.544229E-02 4.178870E-05
  6440      6   6447 3.764725E-06 3.946531E-02 1.728589E-04
  6441    187   2867 2.925647E-06 5.732512E-02 6.393023E-05
  6442    266   6662 4.027056E-06 3.033789E-02 7.760261E-05
  6443    135   5369 3.853401E-06 2.505531E-02 4.847275E-05
  6444    427    454 4.393045E-06 1.329721E-02 8.990920E-05
  6445     88   5556 2.244147E-06 4.641116E-02 7.605814E-05
  6446    612    718 4.211537E-06 4.179201E-02 6.218769E-05
  6447    285   2267 4.438534E-06 6.249626E-02 5.324838E-05
  6448   2416   6278 2.811986E-06 4.333738E-02 4.309262E-05
  6449   2838   6360 3.466490E-06 7.128902E-02 2.999066E-05
  6450    354   1015 5.654728E-06 1.965287E-02 1.075628E-04
  6451    717   6350 3.327079E-06 5.848509E-02 4.181803E-05
  6452   4423   4425 3.107630E-06 6.368470E-02 1.914596E-05
  6453    309   2914 2.179670E-06 2.108223E-02 7.384638E-05
  6454   4419   4423 3.656457E-06 3.272036E-02 1.936448E-05
  6455   3419   4210 4.022864E-06 3.309644E-02 3.697875E-05
  6456    318   6328 4.275087E-06 7.898568E-02 8.454311E-05
  6457    500    520 5.352055E-06 1.885446E-02 6.986977E-05
  6458    798   3501 2.994746E-06 8.945509E-02 4.178250E-05
  6459    228   4390 4.027918E-06 6.007043E-02 8.025167E-05
  6460    284   1379 5.437211E-06 6.041599E-02 6.156382E-05
  6461    588   5224 2.178654E-06 6.865194E-02 4.390633E-05
  6462   1712   2884 4.517136E-06 4.937237E-02 3.899119E-05
  6463    381   3679 3.621380E-06 3.099869E-02 4.710807E-05
  6464    942    955 4.211554E-06 3.176796E-02 4.195979E-05
  6465    930    942 1.805118E-06 6.587727E-02 4.137926E-05
  6466    365   1801 3.834528E-06 6.939348E-02 5.780567E-05
  6467   4094   6816 4.406475E-06 4.238633E-02 1.338776E-05
  6468    266   3749 2.956081E-06 4.940342E-02 9.071875E-05
  6469    135   5384 4.126144E-06 3.718250E-02 5.679400E-05
  6470    326    427 3.344614E-06 2.880083E-02 7.830788E-05
  6471    101   5029 4.172494E-06 3.785089E-02 5.806483E-05
  6472    229    261 1.463970E-05 2.992072E-02 7.821835E-05
  6473    285   6245 2.620263E-06 6.519878E-02 5.782082E-05
  6474    612    642 9.119949E-06 3.469922E-02 4.880485E-05
  6475     88    471 2.175665E-06 4.332690E-02 1.064291E-04
  6476   1201   6151 2.925387E-06 5.877595E-02 3.230396E-05
  6477    438    492 2.810042E-06 8.065922E-02 7.795897E-05
  6478    318    445 2.948206E-06 5.080247E-02 7.335346E-05
  6479    318   3157 5.047426E-06 4.483770E-02 3.289811E-05
  6480    318   4425 3.143598E-06 5.683203E-02 5.861617E-05
  6481    318   4419 1.799939E-06 1.016332E-02 5.452931E-05
  6482    228    999 4.661458E-06 4.208115E-02 7.054943E-05
  6483   4329   4419 1.349880E-06 5.662430E-02 3.654154E-05
  6484    488   2432 9.588383E-07 1.670383E-02 7.542424E-05
  6485    373    466 1.127117E-05 4.216414E-02 5.028039E-05
  6486   1135   1698 3.148412E-06 5.239572E-02 5.552018E-05
  6487   1698   1704 6.091712E-06 6.097648E-02 4.913032E-05
  6488    284   1889 2.992709E-06 6.578201E-02 6.880449E-05
  6489    276   2059 4.448113E-06 1.326940E-02 8.040916E-05
  6490    363   4169 9.588467E-07 2.551552E-02 5.332150E-05
  6491    381   3180 3.331072E-06 4.188088E-02 8.365816E-05
  6492     24   5906 2.176720E-06 2.526815E-02 9.494123E-05
  6493    633   1695 4.016616E-06 5.805202E-02 8.810491E-05
  6494    608   1311 4.222587E-06 4.557533E-02 5.939264E-05
  6495     11   1946 4.723632E-06 2.293344E-02 1.595662E-04
  6496    135    266 5.045802E-06 4.157291E-02 1.014053E-04
  6497    454   3348 4.568432E-06 5.124013E-02 5.897678E-05
  6498    939   4204 3.296390E-06 7.309001E-02 4.143146E-05
  6499    135   3826 3.717533E-06 8.574885E-02 6.568919E-05
  6500    101   5369 2.999662E-06 7.981789E-02 8.203243E-05
  6501     88   1098 2.809823E-06 5.066180E-02 8.622911E-05
  6502    108    219 5.955303E-06 3.767128E-02 1.924950E-04
  6503    108   5147 3.300488E-06 4.895128E-02 1.687307E-04
  6504    255    409 2.999872E-06 3.662422E-02 1.273900E-04
  6505    409   6091 1.399475E-06 3.125000E-02 7.401535E-05
  6506   1192   6127 3.136235E-06 5.544082E-02 5.705190E-05
  6507     41    445 2.669822E-06 7.900000E-02 1.473971E-04
  6508    354   1010 3.539194E-06 5.999389E-02 7.665123E-05
  6509    717   2169 3.415626E-06 8.234960E-02 6.461277E-05
  6510    999   2980 6.333077E-06 3.661157E-02 4.809002E-05
  6511   2432   3923 3.281223E-06 6.661372E-02 5.743953E-05
  6512    228   1265 4.088364E-06 2.801058E-02 7.057120E-05
  6513    520   2434 4.228075E-06 3.835815E-02 6.395238E-05
  6514    466   2133 3.556029E-06 4.157511E-02 6.306455E-05
  6515    516   3505 4.348999E-06 3.144667E-02 5.511213E-05
  6516   1265   4390 1.083674E-06 6.250000E-02 3.572256E-05
  6517    945   1135 5.179138E-06 3.660128E-02 8.171785E-05
  6518   1012   1357 5.912960E-06 2.743120E-02 5.010041E-05
  6519    580   4169 9.596387E-07 1.165129E-02 4.877151E-05
  6520    363    588 6.576856E-06 4.165729E-02 1.016408E-04
  6521     39   5777 3.744962E-06 4.424986E-02 6.262045E-05
  6522   2596   4919 4.207456E-06 6.116034E-02 1.892364E-05
  6523    937   1662 7.424435E-06 5.197191E-02 6.825948E-05
  6524   1031   4598 4.301777E-06 6.945268E-02 3.375237E-05
  6525    468    479 8.248536E-06 2.919181E-02 8.796431E-05
  6526   2946   6638 3.209974E-06 7.195983E-02 3.225793E-05
  6527   3348   6638 3.000383E-06 7.900000E-02 3.739507E-05
  6528   3826   5369 4.127594E-06 2.594978E-02 3.910136E-05
  6529   5050   6278 3.910096E-06 5.991451E-02 1.486763E-05
  6530    242   1194 3.161826E-06 8.219774E-02 6.159178E-05
  6531    419   6363 1.792324E-06 6.940953E-02 6.198051E-05
  6532    228   1196 3.152878E-06 6.104823E-02 9.205848E-05
  6533    351   1655 3.119306E-06 7.890785E-02 7.777841E-05
  6534    351   6161 3.629291E-06 2.165325E-02 6.927674E-05
  6535   3028   3970 3.596183E-06 8.235080E-02 3.587523E-05
  6536   3331   5015 3.141696E-06 6.560864E-02 2.393159E-05
  6537    351   2022 4.243483E-06 2.800930E-02 5.027755E-05
  6538    588   3859 2.925382E-06 4.955248E-02 6.690491E-05
  6539    486   5777 9.500238E-07 6.250000E-02 4.484787E-05
  6540   2764   3679 3.596375E-06 5.034918E-02 2.987670E-05
  6541    374    525 1.036035E-05 4.821092E-02 6.524073E-05
  6542     28    109 2.060236E-05 3.029817E-02 1.343851E-04
  6543    266    387 6.623843E-06 1.790706E-02 7.010480E-05
  6544    101   5076 2.787926E-06 1.187958E-02 8.066261E-05
  6545    191    229 1.571372E-05 3.886780E-02 5.258337E-05
  6546    361   4034 1.793433E-06 1.757321E-02 5.143269E-05
  6547    219   1471 4.172428E-06 8.263990E-02 1.004855E-04
  6548    198   5147 4.710756E-06 2.816823E-02 9.573197E-05
  6549    664   5148 1.471545E-06 8.161842E-02 2.705120E-05
  6550     78    309 7.002072E-06 2.164010E-02 1.410728E-04
  6551    717   1614 3.998525E-06 6.001703E-02 8.966719E-05
  6552   1614   3505 4.638489E-06 6.176250E-02 4.303031E-05
  6553    999   1265 5.642612E-06 5.202553E-02 5.141187E-05
  6554    318   4400 2.810432E-06 6.584993E-02 9.424996E-05
  6555    373    945 5.316024E-06 2.388879E-02 7.280456E-05
  6556   2432   4039 3.527667E-06 2.713694E-02 2.775786E-05
  6557    466    945 5.040666E-06 8.953656E-02 1.005515E-04
  6558    588   2111 4.240079E-06 6.898108E-02 6.769221E-05
  6559     39   3180 4.292540E-06 7.082411E-02 1.523554E-04
  6560     39    415 1.379926E-05 4.683486E-02 1.023625E-04
  6561     34    415 4.563275E-06 3.859837E-02 1.423501E-04
  6562    930    955 7.461476E-06 4.708500E-02 4.337793E-05
  6563    139    715 2.181119E-06 4.721151E-02 1.539383E-04
  6564   2946   3348 3.909289E-06 3.321934E-02 3.534597E-05
  6565    387   5351 2.372974E-06 1.853705E-02 6.758406E-05
  6566    658   6207 3.121418E-06 4.687164E-02 5.320993E-05
  6567   5029   6278 2.183022E-06 6.385167E-02 3.335861E-05
  6568     88   1783 3.143924E-06 4.502108E-02 8.707052E-05
  6569    471   5556 3.781883E-06 4.522912E-02 5.376707E-05
  6570    236   1194 4.827015E-06 4.995148E-02 1.301177E-04
  6571     41   4423 3.136160E-06 4.923729E-02 1.217743E-04
  6572    318   5106 1.234635E-06 7.773922E-02 8.008039E-05
  6573    999   2169 3.942793E-06 5.551620E-02 6.113398E-05
  6574    318   4423 2.248348E-06 5.702046E-02 5.233752E-05
  6575    216   1993 4.136747E-06 5.364190E-02 9.839140E-05
  6576   1265   2980 2.821374E-06 8.070231E-02 3.037248E-05
  6577    545   1655 6.708049E-06 3.475757E-02 4.251371E-05
  6578    228    472 3.790328E-06 4.826059E-02 1.325533E-04
  6579   1135   4417 3.600743E-06 8.881863E-02 3.130587E-05
  6580    216    648 2.621205E-06 5.057618E-02 1.395579E-04
  6581    472    535 9.429016E-06 2.966761E-02 9.333085E-05
  6582    284    351 2.807604E-06 7.294096E-02 8.354306E-05
  6583    250    535 3.889305E-06 4.390174E-02 1.217082E-04
  6584    588   6669 3.564156E-06 7.000918E-02 8.253477E-05
  6585    351   1102 3.884532E-06 5.141176E-02 7.760762E-05
  6586    284    580 3.892083E-06 3.953301E-02 6.966673E-05
  6587   1712   5418 4.710504E-06 6.606659E-02 4.161310E-05
  6588      2   5906 5.521093E-06 5.851362E-02 2.602632E-04
  6589    892    937 5.342212E-06 4.838836E-02 8.956437E-05
  6590    408    769 8.531832E-06 3.769124E-02 7.127807E-05
  6591    658   6666 3.287235E-06 5.467055E-02 4.608428E-05
  6592    124   3826 2.814360E-06 8.202078E-02 1.458895E-04
  6593    219   5147 4.578081E-06 4.240633E-02 9.894134E-05
  6594    458   5135 9.570827E-07 6.250000E-02 5.363038E-05
  6595    368   6360 3.455435E-06 6.755688E-02 6.429095E-05
  6596   1006   3923 2.917678E-06 8.151852E-02 5.356673E-05
  6597    545   1993 3.487790E-06 7.566668E-02 4.079441E-05
  6598    472    516 5.896674E-06 2.205074E-02 7.651086E-05
  6599    284   2339 2.433028E-06 3.307012E-02 5.701902E-05
  6600   3180   5751 3.442017E-06 7.900000E-02 3.395365E-05
  6601     19     34 3.650998E-06 3.897349E-02 2.695778E-04
  6602    525    633 8.310036E-06 6.629363E-02 6.879541E-05
  6603   1311   6561 2.990947E-06 6.865072E-02 3.576959E-05
  6604      2   1311 4.302904E-06 2.520675E-02 3.228370E-04
  6605    100    139 1.459968E-05 1.923018E-02 1.049656E-04
  6606    454    468 7.288095E-06 4.699432E-02 8.899953E-05
  6607    454   4204 4.278300E-06 4.601317E-02 6.320464E-05
  6608   2946   4111 3.072438E-06 4.371426E-02 3.594561E-05
  6609    206   4004 5.388901E-06 3.564286E-02 7.725178E-05
  6610    326    471 4.199361E-06 7.190440E-02 1.130529E-04
  6611    285   6149 2.673930E-06 3.804310E-02 5.588249E-05
  6612    642   1688 2.949518E-06 5.218591E-02 6.599383E-05
  6613    354    750 9.927131E-06 4.199573E-02 5.900769E-05
  6614   1908   5147 1.791747E-06 5.820154E-02 3.588018E-05
  6615    223   6169 3.299260E-06 6.307257E-02 1.134264E-04
  6616    228   6379 4.131677E-06 5.846814E-02 5.511598E-05
  6617    242   2289 3.295584E-06 5.468416E-02 7.174098E-05
  6618    466    514 7.100213E-06 3.053658E-02 8.693454E-05
  6619   2111   6669 3.145285E-06 7.900000E-02 4.847617E-05
  6620    588    684 5.168832E-06 2.476927E-02 8.139693E-05
  6621    138    632 8.594951E-06 4.217200E-02 9.158422E-05
  6622   1422   1712 4.056149E-06 5.846293E-02 6.215759E-05
  6623    411    454 6.801562E-06 1.979789E-02 1.217595E-04
  6624   3348   4204 3.017663E-06 7.900000E-02 3.404114E-05
  6625    101    207 1.658603E-05 3.656229E-02 7.590443E-05
  6626    207   5029 4.265825E-06 3.131383E-02 6.160168E-05
  6627    285   5076 4.353062E-06 6.260045E-02 7.591119E-05
  6628    206   4961 4.479602E-06 2.654960E-02 7.901377E-05
  6629    285   6228 2.127082E-06 1.157804E-02 4.488947E-05
  6630    255   1404 1.444419E-06 5.857053E-02 1.221805E-04
  6631    548   4961 1.792411E-06 6.761015E-02 6.317347E-05
  6632   6143   6169 3.196102E-06 4.164674E-02 2.444395E-05
  6633    492    865 4.560853E-06 2.722821E-02 7.484674E-05
  6634    419    458 1.146913E-05 2.827038E-02 6.162767E-05
  6635    831   2169 2.843123E-06 4.702093E-02 4.812868E-05
  6636   1196   6379 3.383465E-06 6.451111E-02 5.923599E-05
  6637    216    545 9.706002E-06 4.032159E-02 9.203513E-05
  6638    318   2432 3.516164E-06 3.027508E-02 1.157809E-04
  6639   2240   3968 4.504850E-06 4.880430E-02 2.782997E-05
  6640   1655   2432 3.141234E-06 8.164884E-02 5.143217E-05
  6641   1698   3331 5.711327E-06 4.558203E-02 3.940365E-05
  6642   2111   3044 2.825148E-06 7.331238E-02 3.649286E-05
  6643    652   3044 2.434271E-06 7.900000E-02 5.950613E-05
  6644    632   1102 6.119659E-06 3.565399E-02 6.851592E-05
  6645    892   4008 5.676273E-06 5.906968E-02 6.299001E-05
  6646    387   1532 4.876738E-06 2.947954E-02 6.789492E-05
  6647   1532   1559 3.263701E-06 5.603430E-02 7.324610E-05
  6648    427    658 4.169009E-06 4.619749E-02 7.572982E-05
  6649    658   3229 4.778121E-06 2.984998E-02 4.214026E-05
  6650   1330   6278 3.280515E-06 7.900000E-02 4.189665E-05
  6651    326   4034 5.275036E-06 2.677931E-02 8.936163E-05
  6652   4004   6228 4.287402E-06 4.805635E-02 3.424209E-05
  6653    285   1330 8.244567E-06 5.018307E-02 5.043420E-05
  6654   4004   4961 4.042672E-06 8.906687E-02 3.829576E-05
  6655    471    566 9.557433E-06 4.487548E-02 4.363335E-05
  6656    471   1192 3.073147E-06 2.215495E-02 7.370002E-05
  6657    664   1192 4.763367E-06 5.302931E-02 8.074282E-05
  6658    236    368 7.032421E-06 1.406453E-02 5.813858E-05
  6659   1194   1401 4.404682E-06 5.375050E-02 4.329564E-05
  6660    865   6357 3.068230E-06 5.289240E-02 3.149694E-05
  6661    309   5087 3.452308E-06 6.312654E-02 4.902454E-05
  6662    318   4389 3.778376E-06 3.832967E-02 1.062159E-04
  6663    798   4389 3.148666E-06 7.214437E-02 5.327832E-05
  6664    216   6333 3.139818E-06 8.202890E-02 4.605756E-05
  6665    652   2111 3.263798E-06 5.979422E-02 6.311468E-05
  6666    250   1203 5.993532E-06 1.941449E-02 1.011463E-04
  6667    276    363 7.986292E-06 5.069373E-02 1.106759E-04
  6668     14     27 3.465007E-05 2.567863E-02 1.148143E-04
  6669   1283   1580 5.751747E-06 3.290094E-02 5.386749E-05
  6670      2   1979 2.370557E-06 1.004839E-02 3.430180E-04
  6671    305   1175 5.390274E-06 4.566952E-02 8.174947E-05
  6672    266   1532 6.590166E-06 4.021840E-02 1.033265E-04
  6673    427   3933 1.796323E-06 4.617232E-02 5.824268E-05
  6674    387   3826 3.991205E-06 7.281105E-02 6.303047E-05
  6675    124   5020 3.466288E-06 5.019774E-02 1.315130E-04
  6676    427   5556 4.253197E-06 5.463557E-02 5.909415E-05
  6677   1330   6228 4.224151E-06 4.830995E-02 3.706603E-05
  6678    198    219 4.935861E-06 3.152681E-02 1.365577E-04
  6679    285   1919 2.966334E-06 4.084409E-02 5.217716E-05
  6680    566   6102 3.566082E-06 7.047251E-02 3.723700E-05
  6681    566   5148 3.587656E-06 7.832253E-02 3.617753E-05
  6682   1511   5147 4.579448E-06 3.190358E-02 3.461822E-05
  6683   1201   6169 2.991616E-06 7.704559E-02 4.904977E-05
  6684    865   6125 4.124850E-06 5.271044E-02 4.612014E-05
  6685    223    419 2.709711E-06 1.747275E-02 1.369353E-04
  6686    472   1265 8.058298E-06 6.719186E-02 5.830258E-05
  6687    284   4400 2.184345E-06 4.666818E-02 6.840190E-05
  6688    216    443 9.515566E-07 6.250000E-02 7.876859E-05
  6689   1012   1125 4.576735E-06 6.592024E-02 9.322988E-05
  6690    250    357 2.987248E-06 4.807903E-02 7.757564E-05
  6691   1127   4506 3.325203E-06 8.569119E-02 3.947453E-05
  6692    381    486 5.681082E-06 4.054085E-02 9.829099E-05
  6693    608   1979 4.125591E-06 4.287089E-02 5.616569E-05
  6694   6436   6526 3.144795E-06 5.103855E-02 3.206217E-05
  6695   1532   3749 3.162753E-06 5.992736E-02 3.580499E-05
  6696    135    387 1.109118E-05 3.101048E-02 7.022087E-05
  6697   1559   2946 9.736855E-07 2.646015E-02 5.820760E-05
  6698   3826   5020 2.626366E-06 7.760181E-02 3.101799E-05
  6699    427    471 1.798628E-06 5.405444E-02 9.162979E-05
  6700    229   4034 4.663987E-06 6.138731E-02 5.918925E-05
  6701    612   1404 3.735309E-06 8.629144E-02 7.038770E-05
  6702   1192   1823 6.056302E-06 3.253195E-02 5.142908E-05
  6703    368   1919 4.015551E-06 6.205596E-02 5.538245E-05
  6704    191    750 8.055860E-06 5.025385E-02 7.925597E-05
  6705    198   1511 5.363145E-06 3.811706E-02 6.492200E-05
  6706     41    368 3.286673E-06 4.960711E-02 1.410726E-04
  6707    368   1401 5.863441E-06 5.381816E-02 9.384088E-05
  6708    976   1006 5.695099E-06 6.022248E-02 3.830716E-05
  6709    242   3589 3.477214E-06 6.427717E-02 4.406348E-05
  6710     41   1006 6.438657E-06 2.015754E-02 9.563782E-05
  6711   2054   3247 4.405667E-06 4.837681E-02 4.029536E-05
  6712   1343   2739 4.710740E-06 2.127857E-02 4.640952E-05
  6713   2111   4951 4.224783E-06 5.925563E-02 2.579705E-05
  6714    138    276 1.050458E-05 1.610343E-02 7.894766E-05
  6715    839   5751 9.460678E-07 6.250000E-02 5.612613E-05
  6716    633    703 9.960888E-06 4.455179E-02 7.252555E-05
  6717   1453   1838 7.016495E-06 5.110259E-02 5.308973E-05
  6718    608   3328 3.459437E-06 3.184904E-02 5.460609E-05
  6719   1450   5403 9.590342E-07 2.551552E-02 4.440846E-05
  6720    411   3348 3.946526E-06 5.664893E-02 6.785034E-05
  6721   1532   2946 3.733659E-06 4.940316E-02 5.693908E-05
  6722    387    658 3.000653E-06 6.964255E-02 1.041709E-04
  6723    767   1265 6.551630E-06 3.041911E-02 4.778324E-05
  6724   1012   3901 3.140425E-06 6.365012E-02 4.685048E-05
  6725    250    478 6.381302E-06 4.131187E-02 8.331194E-05
  6726    357    478 7.346853E-06 2.015774E-02 6.329754E-05
  6727     39   3530 3.457797E-06 4.643995E-02 1.221952E-04
  6728    411   2946 2.425608E-06 5.449621E-02 6.073961E-05
  6729    206    207 1.090612E-05 4.138095E-02 1.436615E-04
  6730   1783   3229 2.615901E-06 4.679612E-02 3.424055E-05
  6731    612   1372 4.472352E-06 4.283173E-02 3.447619E-05
  6732    124    285 3.551430E-06 4.794619E-02 1.595121E-04
  6733    219   4961 3.453204E-06 4.146395E-02 7.513463E-05
  6734    642   1404 3.225666E-06 5.777167E-02 7.966737E-05
  6735    361   1823 3.748146E-06 5.691769E-02 9.966036E-05
  6736    409    642 9.589627E-07 1.515848E-02 7.845782E-05
  6737    285   6143 2.995185E-06 4.046206E-02 7.806304E-05
  6738    409   6169 3.000016E-06 3.904066E-02 4.723363E-05
  6739    458   2992 5.003546E-06 2.149204E-02 4.234102E-05
  6740    976   3589 3.901425E-06 5.760024E-02 4.848225E-05
  6741    717   6417 3.894153E-06 8.739746E-02 2.904538E-05
  6742   3968   4114 3.129292E-06 7.722127E-02 2.528393E-05
  6743    321   1196 2.671958E-06 3.941639E-02 8.901209E-05
  6744    228    767 2.811190E-06 7.361231E-02 9.307234E-05
  6745    228    321 3.660222E-06 2.725532E-02 1.366613E-04
  6746    250    632 1.792573E-06 7.781031E-02 1.118592E-04
  6747    652   4951 6.120917E-06 3.895013E-02 3.009690E-05
  6748    525   2455 4.479084E-06 2.482720E-02 5.454776E-05
  6749    387   1559 4.616494E-06 3.663828E-02 7.472423E-05
  6750    427   1559 3.007139E-06 7.205645E-02 7.722310E-05
  6751    135    207 1.243929E-05 4.086161E-02 8.766543E-05
  6752    124    658 6.874836E-06 3.803069E-02 1.656037E-04
  6753    471   1098 4.168896E-06 6.079943E-02 5.642808E-05
  6754    865   1192 1.800423E-06 8.409922E-02 9.172684E-05
  6755    976   1401 1.857398E-06 5.802093E-02 3.350017E-05
  6756    223    331 1.223865E-06 2.880149E-02 1.501913E-04
  6757    419    999 3.150400E-06 2.969041E-02 5.268805E-05
  6758    216    242 5.342470E-06 2.719388E-02 8.947933E-05
  6759   1319   2434 6.009230E-06 3.040027E-02 4.352296E-05
  6760    945   1698 6.575848E-06 4.396237E-02 4.608880E-05
  6761    381    400 1.125498E-05 3.844296E-02 5.287539E-05
  6762    892   1806 4.388589E-06 3.600853E-02 5.655608E-05
  6763    525    703 8.860038E-06 2.692423E-02 5.787917E-05
  6764    305   1197 2.811582E-06 4.678816E-02 1.007158E-04
  6765   1450   2883 3.157376E-06 7.869998E-02 2.885032E-05
  6766    261    454 6.138051E-06 3.059867E-02 8.133550E-05
  6767    658   5020 2.962598E-06 3.132254E-02 6.467652E-05
  6768    331    419 9.442773E-06 2.448370E-02 7.002431E-05
  6769    242    545 5.718617E-06 7.073973E-02 8.123923E-05
  6770   1319   4389 2.958844E-06 3.739994E-02 7.618091E-05
  6771    343    516 4.237222E-06 2.987751E-02 7.341342E-05
  6772   1041   2432 3.842073E-06 5.216380E-02 6.871169E-05
  6773    625    798 1.409514E-06 4.590564E-02 5.338637E-05
  6774    250    733 8.617095E-06 3.023043E-02 1.170610E-04
  6775    478   1203 4.868090E-06 2.666072E-02 8.346391E-05
  6776   1421   4506 2.928857E-06 6.337516E-02 2.465827E-05
  6777     14    839 5.732661E-06 4.336149E-02 1.220653E-04
  6778   1806   3377 4.189240E-06 5.768608E-02 3.045136E-05
  6779    937    955 3.953698E-06 4.488136E-02 5.318703E-05
  6780   1283   2023 5.911534E-06 3.681207E-02 4.511960E-05
  6781     11   3328 2.838381E-06 8.272039E-02 1.649439E-04
  6782   2173   2199 5.520761E-06 4.872033E-02 3.548146E-05
  6783    769   1260 4.754712E-06 3.732247E-02 5.204966E-05
  6784    285   1404 3.245345E-06 2.401364E-02 9.710651E-05
  6785    464    471 4.349305E-06 6.187966E-02 9.661396E-05
  6786   1192   6166 3.343266E-06 3.241859E-02 6.859294E-05
  6787     41    219 1.338341E-05 3.959697E-02 1.796315E-04
  6788    492   6166 2.805367E-06 7.900000E-02 8.276610E-05
  6789    223   5100 4.304894E-06 6.076157E-02 1.118843E-04
  6790    242   3198 5.282717E-06 2.108353E-02 3.812471E-05
  6791   1614   1738 5.573811E-06 5.460949E-02 5.749597E-05
  6792    351   1041 9.571690E-07 4.421681E-02 1.028979E-04
  6793    648   1159 2.376326E-06 4.718130E-02 1.329201E-04
  6794    138   3864 2.240561E-06 3.913987E-02 7.086190E-05
  6795    919   4506 3.483189E-06 6.481088E-02 3.709781E-05
  6796   2895   4681 4.042396E-06 5.954107E-02 2.601911E-05
  6797   1320   1541 4.773333E-06 3.824075E-02 6.199201E-05
  6798   1031   1453 5.029951E-06 5.433629E-02 6.560265E-05
  6799      6   1979 3.074962E-06 5.664879E-02 2.317643E-04
  6800   2173   5295 2.996984E-06 4.755450E-02 3.845617E-05
  6801    202   2316 3.950027E-06 7.014474E-02 6.869403E-05
  6802   2883   5444 4.287052E-06 6.644083E-02 2.980792E-05
  6803    411   1532 5.536147E-06 3.282639E-02 5.432215E-05
  6804    124    207 1.636622E-05 2.178856E-02 1.358809E-04
  6805    124   1404 4.971153E-06 3.536075E-02 1.050470E-04
  6806    612   1783 2.997800E-06 4.684631E-02 3.545150E-05
  6807   1098   1783 6.268409E-06 5.056616E-02 4.585915E-05
  6808    441   1098 3.268349E-06 3.580439E-02 8.436712E-05
  6809    566   1192 3.392143E-06 5.137363E-02 8.906276E-05
  6810    472    999 4.582804E-06 5.858777E-02 1.030917E-04
  6811    545   5539 3.580413E-06 4.904298E-02 5.179507E-05
  6812    500   2434 9.562010E-07 4.419417E-02 8.508959E-05
  6813    500   2337 2.423379E-06 7.900000E-02 8.129136E-05
  6814    514   4084 5.530546E-06 3.204648E-02 7.053478E-05
  6815    684   1005 7.749918E-06 4.910133E-02 6.295915E-05
  6816   1102   2022 4.033666E-06 3.320625E-02 7.106180E-05
  6817    347    684 5.837650E-06 3.328271E-02 7.941898E-05
  6818   1102   5190 2.995264E-06 4.740960E-02 5.935836E-05
  6819    745   1433 4.268070E-06 2.518211E-02 5.058091E-05
  6820   1412   1548 6.431563E-06 6.295489E-02 3.094449E-05
  6821     27    381 3.116391E-06 4.171527E-02 1.463607E-04
  6822     27     47 1.931082E-05 3.456411E-02 2.433650E-04
  6823   1136   1320 1.406900E-06 2.083333E-02 4.339302E-05
  6824    955   2023 4.392199E-06 4.226448E-02 3.397008E-05
  6825    158    743 5.580494E-06 7.595882E-02 1.598293E-04
  6826    305    809 5.355173E-06 4.133131E-02 8.908762E-05
  6827    124    387 8.036400E-06 2.255882E-02 1.879447E-04
  6828    409   6143 4.505016E-06 3.993129E-02 4.631621E-05
  6829    458    566 8.309498E-06 5.766798E-02 5.255097E-05
  6830    316   2169 9.554305E-07 4.419417E-02 8.593431E-05
  6831   1015   1738 3.752181E-06 5.282409E-02 1.111665E-04
  6832    321   6379 1.836954E-06 5.238866E-02 6.162783E-05
  6833   2337   4389 3.280431E-06 4.115599E-02 4.773432E-05
  6834    500    652 5.490239E-06 2.662066E-02 9.446817E-05
  6835    535    733 7.979273E-06 4.825087E-02 8.214598E-05
  6836    347   2739 2.836218E-06 4.854379E-02 6.553177E-05
  6837    400    486 6.935608E-06 1.658498E-02 8.082344E-05
  6838    486   5817 4.104634E-06 4.245704E-02 7.624652E-05
  6839     11    608 3.446450E-06 7.253186E-02 2.625306E-04
  6840    100   6722 3.137914E-06 7.900000E-02 7.556905E-05
  6841    454    479 4.594393E-06 6.231491E-02 1.222416E-04
  6842    427   3229 4.239469E-06 5.228646E-02 6.086064E-05
  6843    409    612 4.516829E-06 5.295476E-02 7.547716E-05
  6844    219    368 4.841260E-06 3.088714E-02 9.052255E-05
  6845    680   6143 1.352272E-06 1.786560E-02 4.532722E-05
  6846     41   1511 6.113572E-06 2.727520E-02 1.310340E-04
  6847    236   1401 4.280064E-06 7.267428E-02 1.192485E-04
  6848    458    865 3.315519E-06 7.324528E-02 8.399290E-05
  6849     41    309 4.802014E-06 2.621172E-02 1.328843E-04
  6850    656   2169 1.395651E-06 7.900000E-02 7.491154E-05
  6851   1738   6417 4.412938E-06 4.840656E-02 3.926527E-05
  6852    343   1738 7.152721E-06 2.366060E-02 6.642905E-05
  6853    520   1319 4.834287E-06 3.794151E-02 4.297975E-05
  6854    625   4389 4.180602E-06 5.017116E-02 4.901831E-05
  6855    545   1041 9.484579E-07 6.250000E-02 7.553543E-05
  6856   1655   5539 1.188780E-06 6.827637E-02 4.725048E-05
  6857    945   1382 6.319901E-06 5.593592E-02 7.587283E-05
  6858    472    733 3.288887E-06 4.059844E-02 1.003955E-04
  6859   1382   1698 3.452222E-06 7.900000E-02 7.648484E-05
  6860   1125   3847 3.970799E-06 5.197772E-02 2.570369E-05
  6861   1044   2641 5.710586E-06 5.066407E-02 3.192366E-05
  6862   3864   5190 3.268427E-06 6.244605E-02 3.449241E-05
  6863    919   1044 5.816226E-06 5.375029E-02 5.942229E-05
  6864    608   4267 2.991007E-06 6.035324E-02 5.800557E-05
  6865   1175   1197 6.962745E-06 4.076059E-02 4.427043E-05
  6866    658   1372 3.858068E-06 6.196015E-02 6.050079E-05
  6867    326    464 3.339569E-06 5.229529E-02 1.364223E-04
  6868    441   1783 3.467105E-06 6.956967E-02 9.898268E-05
  6869    441    612 3.259784E-06 5.148090E-02 1.127618E-04
  6870    409   1404 4.602155E-06 5.193615E-02 6.337666E-05
  6871   1874   4986 4.338977E-06 5.330477E-02 2.774384E-05
  6872    198    309 3.939012E-06 6.138731E-02 1.113144E-04
  6873    321   3537 9.603410E-07 1.363862E-02 7.670204E-05
  6874    419    767 4.575535E-06 3.628405E-02 5.272638E-05
  6875    373   1916 6.164849E-06 4.693661E-02 7.673504E-05
  6876    284   3040 4.181907E-06 5.808951E-02 5.418078E-05
  6877   2022   5190 3.386016E-06 6.638202E-02 3.393080E-05
  6878    276    580 4.244391E-06 8.689108E-02 8.457424E-05
  6879     31     55 2.883207E-05 2.614884E-02 1.585040E-04
  6880     24    415 9.513351E-06 3.316337E-02 1.331268E-04
  6881    658   1559 4.672209E-06 3.140037E-02 3.907843E-05
  6882    124    135 6.811170E-06 4.982471E-02 1.767698E-04
  6883    464   1823 2.971945E-06 4.461297E-02 7.079149E-05
  6884    458   1874 3.474646E-06 8.253006E-02 7.883924E-05
  6885   1192   6088 1.406713E-06 5.849014E-02 6.786248E-05
  6886    242   3537 3.722056E-06 6.526955E-02 1.074456E-04
  6887    316    656 8.144705E-06 1.725957E-02 7.973702E-05
  6888    354   1738 4.210411E-06 6.444479E-02 1.308790E-04
  6889   3493   6410 4.316319E-06 4.797267E-02 2.144668E-05
  6890    472    592 8.481887E-06 5.475555E-02 6.117014E-05
  6891   1422   1491 4.762794E-06 4.027173E-02 6.112311E-05
  6892    347    588 6.466200E-06 2.051927E-02 7.770354E-05
  6893    276   3864 4.447622E-06 5.797572E-02 5.571063E-05
  6894   3671   4747 3.263391E-06 3.370916E-02 2.279744E-05
  6895   1225   2455 4.697295E-06 5.876736E-02 4.444086E-05
  6896      2     11 1.171403E-05 3.747835E-02 6.386923E-04
  6897    207    234 1.298754E-05 3.108915E-02 8.826146E-05
  6898     41    198 1.454129E-05 2.320123E-02 1.981956E-04
  6899    471   1823 3.854765E-06 3.822097E-02 5.049247E-05
  6900   2736   6088 3.814815E-06 2.522398E-02 4.767402E-05
  6901    750   5138 4.100061E-06 5.902666E-02 3.830250E-05
  6902    316    865 6.468863E-06 2.805692E-02 5.672241E-05
  6903    331   5100 3.973871E-06 7.270613E-02 5.361078E-05
  6904    309    520 6.838150E-06 3.171914E-02 7.539571E-05
  6905   2169   3493 3.688022E-06 4.998673E-02 4.583617E-05
  6906    466   3987 3.004430E-06 6.878438E-02 6.037584E-05
  6907    259    284 6.321179E-06 2.997703E-02 1.193636E-04
  6908    535    592 9.196360E-06 3.609795E-02 8.851813E-05
  6909    339   3901 5.003907E-06 4.886677E-02 8.771563E-05
  6910    250   3745 3.569733E-06 5.942659E-02 6.564143E-05
  6911    250    650 8.408951E-06 3.401494E-02 1.110541E-04
  6912   2022   3145 9.563317E-07 2.209709E-02 4.576596E-05
  6913   1044   1421 4.740412E-06 3.311662E-02 5.022568E-05
  6914    919   1421 2.976277E-06 3.916296E-02 5.079686E-05
  6915    381   5851 2.952489E-06 6.764432E-02 4.962932E-05
  6916    381   5818 4.089106E-06 6.572336E-02 5.096236E-05
  6917    124   1372 4.444854E-06 2.709804E-02 1.114808E-04
  6918    236    285 3.376601E-06 5.133706E-02 1.383077E-04
  6919    865   6166 3.138051E-06 4.148760E-02 4.592297E-05
  6920    545   6390 4.405552E-06 3.521474E-02 4.238781E-05
  6921   2054   4397 2.364342E-06 2.072191E-02 2.078515E-05
  6922   3987   4084 3.769855E-06 7.292739E-02 4.373151E-05
  6923    514   3987 3.970528E-06 3.576959E-02 9.573706E-05
  6924    592    733 7.844309E-06 2.701795E-02 4.407591E-05
  6925    652   1005 3.871757E-06 5.155920E-02 7.099055E-05
  6926    969   6659 3.585741E-06 4.511186E-02 5.690528E-05
  6927   1385   5190 4.290178E-06 6.671732E-02 2.829028E-05
  6928    525   1225 5.483248E-06 2.811548E-02 5.739876E-05
  6929      2   4723 2.926605E-06 7.460318E-02 3.449538E-04
  6930   1796   6436 3.455734E-06 6.793865E-02 8.901037E-05
  6931    187    378 4.850819E-06 5.713670E-02 1.127690E-04
  6932    234   1330 7.345451E-06 7.285231E-02 6.392571E-05
  6933   1098   1874 1.798939E-06 4.361698E-02 4.165034E-05
  6934    285    447 2.994842E-06 6.399538E-02 8.792800E-05
  6935    458   4124 1.980384E-06 6.090335E-02 5.432498E-05
  6936    458   6131 3.261149E-06 5.864767E-02 2.781512E-05
  6937    447   3443 3.619316E-06 3.178540E-02 4.874262E-05
  6938    283    309 8.534213E-06 5.075812E-02 6.432399E-05
  6939   1916   2411 4.450286E-06 4.345229E-02 1.921158E-05
  6940    343   2169 4.712099E-06 7.398324E-02 5.446836E-05
  6941    216   1018 7.371710E-06 4.657315E-02 5.252008E-05
  6942    999   3493 1.204456E-06 7.160074E-02 6.692676E-05
  6943    318   1861 3.279197E-06 5.811135E-02 1.182347E-04
  6944    216   5539 1.796327E-06 1.264810E-02 1.028476E-04
  6945    250    321 2.948107E-06 8.294127E-02 1.558476E-04
  6946    284   3489 2.848127E-06 8.227507E-02 5.677659E-05
  6947    347   4951 3.363788E-06 5.999427E-02 6.776323E-05
  6948    514   2641 3.733973E-06 3.280394E-02 5.513318E-05
  6949    580   6757 1.413069E-06 2.217344E-02 4.843079E-05
  6950   3040   6757 2.805363E-06 8.330595E-02 2.021033E-05
  6951    400   5818 3.243084E-06 3.487486E-02 6.645179E-05
  6952    839   3671 1.728768E-06 1.824067E-02 6.211609E-05
  6953      2   2816 4.464203E-06 1.734568E-02 3.265899E-04
  6954     11     19 1.409195E-05 2.777132E-02 2.926458E-04
  6955    100    378 4.251771E-06 6.301882E-02 1.211240E-04
  6956    229    454 5.830737E-06 5.754124E-02 1.103832E-04
  6957    427    853 5.948520E-06 2.990985E-02 6.953945E-05
  6958    471   6271 1.856618E-06 7.796877E-02 5.066874E-05
  6959    191    676 7.828973E-06 5.379477E-02 6.222545E-05
  6960   1098   4979 3.143854E-06 8.495835E-02 3.832987E-05
  6961   1823   4325 2.431484E-06 4.657555E-02 3.013755E-05
  6962    865   2736 4.656224E-06 2.414968E-02 3.284587E-05
  6963    242   6372 3.758311E-06 5.132339E-02 6.998750E-05
  6964   3382   4389 2.806704E-06 7.654868E-02 5.508897E-05
  6965     41   4397 4.081348E-06 8.281830E-02 1.094944E-04
  6966    472   1051 7.069308E-06 3.755099E-02 7.846788E-05
  6967    625   2054 2.857136E-06 4.011698E-02 3.421374E-05
  6968   2206   4084 1.729648E-06 2.860676E-02 5.526007E-05
  6969    514   2206 1.851649E-06 5.166153E-02 7.690838E-05
  6970   1491   3980 2.838103E-06 4.079808E-02 3.989006E-05
  6971   3624   4853 9.926835E-07 2.327041E-02 1.885558E-05
  6972    695   5242 2.177885E-06 2.269266E-02 6.246541E-05
  6973     34    267 1.189492E-05 3.470421E-02 1.590531E-04
  6974    126   1453 4.514482E-06 6.691415E-02 1.181619E-04
  6975     13   4267 3.550908E-06 7.900000E-02 2.018612E-04
  6976      6   2836 3.408981E-06 5.993112E-02 2.417843E-04
  6977    378    408 1.157834E-05 2.915739E-02 6.754203E-05
  6978    454    600 7.490067E-06 1.424777E-02 7.245653E-05
  6979    229    676 6.512813E-06 3.799091E-02 5.810540E-05
  6980    219    236 1.132220E-05 3.311753E-02 7.005143E-05
  6981    642   1874 1.595975E-06 1.733438E-02 6.130549E-05
  6982   3198   6372 4.048496E-06 3.151791E-02 4.643379E-05
  6983     78    283 1.419974E-05 2.751901E-02 1.693859E-04
  6984    511   1401 2.967558E-06 5.179530E-02 6.889560E-05
  6985    242    511 3.244865E-06 2.198055E-02 7.215666E-05
  6986    545   1861 4.550575E-06 5.312443E-02 4.683397E-05
  6987    625   4397 2.990934E-06 5.022391E-02 2.918023E-05
  6988    343   1051 8.167960E-06 1.895623E-02 6.321204E-05
  6989    472   3322 4.572521E-06 4.494661E-02 7.323208E-05
  6990    339   2858 5.757146E-06 3.736427E-02 3.015104E-05
  6991    250    668 4.069276E-06 1.834058E-02 8.374311E-05
  6992    514    969 6.798816E-06 5.070924E-02 5.796524E-05
  6993    478    650 9.840313E-06 3.953122E-02 7.919670E-05
  6994    650   1203 4.076674E-06 6.643784E-02 8.924926E-05
  6995   1334   5817 1.598667E-06 3.864961E-02 6.203725E-05
  6996    301    626 7.952358E-06 3.053946E-02 7.762358E-05
  6997    158   1225 2.617954E-06 5.008621E-02 1.544059E-04
  6998     19   4267 3.564963E-06 6.436349E-02 1.372405E-04
  6999   2633   4267 2.918121E-06 6.911456E-02 2.138680E-05
  7000   1197   2199 3.873767E-06 5.223107E-02 5.176161E-05
  7001    387    853 3.154053E-06 6.506977E-02 1.202369E-04
  7002    427    600 5.472209E-06 2.903062E-02 8.446502E-05
  7003    206    234 1.213107E-05 3.346485E-02 1.469740E-04
  7004    124   1330 6.287890E-06 7.965370E-02 1.010271E-04
  7005    285    680 7.775017E-06 4.601021E-02 8.768538E-05
  7006    242    331 4.810173E-06 3.710530E-02 1.477786E-04
  7007    331   3650 3.633871E-06 3.856932E-02 3.320559E-05
  7008   3382   6378 4.719161E-06 3.994099E-02 5.367564E-05
  7009   6386   6390 2.966479E-06 4.930380E-02 3.501662E-05
  7010    625   3382 9.611372E-07 3.155972E-02 5.466515E-05
  7011    373   1399 9.600953E-07 1.976424E-02 5.900206E-05
  7012    652   1319 4.559003E-06 2.123611E-02 5.801263E-05
  7013    580   4185 9.466525E-07 6.250000E-02 6.448635E-05
  7014   1157   3530 4.596962E-06 3.516220E-02 4.039486E-05
  7015    626    778 8.238541E-06 3.822645E-02 5.690210E-05
  7016     34   4747 3.975348E-06 1.994281E-02 1.413574E-04
  7017    834   2956 6.742568E-06 3.729518E-02 4.923979E-05
  7018     19   6056 3.942098E-06 3.751197E-02 9.868466E-05
  7019    139    812 8.014450E-06 2.030969E-02 7.815671E-05
  7020    378   5295 2.812701E-06 6.004462E-02 6.912430E-05
  7021     25    269 1.385022E-05 3.447222E-02 1.124945E-04
  7022    441    471 2.979207E-06 3.738542E-02 8.632014E-05
  7023     41   6365 3.985564E-06 3.919968E-02 8.151704E-05
  7024    511   1374 1.984387E-06 4.512569E-02 8.117550E-05
  7025    545   6386 4.254792E-06 5.632016E-02 5.518792E-05
  7026    321    767 3.039650E-06 2.725419E-02 9.715233E-05
  7027    520   3155 4.572712E-06 4.432584E-02 2.948800E-05
  7028   1041   5539 4.353932E-06 3.767826E-02 3.589133E-05
  7029    321    733 3.938381E-06 1.905734E-02 9.999347E-05
  7030    250   6323 3.075014E-06 3.284085E-02 7.197699E-05
  7031   1041   1102 9.643583E-07 4.503740E-02 7.840835E-05
  7032    650    733 7.888851E-06 3.364625E-02 3.231660E-05
  7033    351   2505 2.732998E-06 7.184776E-02 1.037749E-04
  7034   1352   5799 2.805405E-06 4.656136E-02 3.325090E-05
  7035    486   1352 4.728330E-06 1.427353E-02 5.799230E-05
  7036     39   1334 4.523487E-06 1.996428E-02 1.592145E-04
  7037    353    809 6.399417E-06 3.104920E-02 7.175593E-05
  7038      2   2836 5.042547E-06 4.555323E-02 3.572269E-04
  7039   2836   2967 3.935444E-06 5.270180E-02 2.999821E-05
  7040      6   3185 2.622511E-06 7.361972E-02 2.460877E-04
  7041    124    234 1.550941E-05 2.124487E-02 1.143229E-04
  7042    409    680 3.584845E-06 6.797163E-02 7.996726E-05
  7043    433    566 3.616496E-06 2.020739E-02 8.632109E-05
  7044    242    680 1.355022E-06 2.809161E-02 1.338577E-04
  7045    786   3537 3.635709E-06 5.617169E-02 4.481621E-05
  7046    259    625 6.887738E-06 5.682017E-02 7.537717E-05
  7047    652   2739 3.823473E-06 5.438478E-02 4.694045E-05
  7048    500    684 3.448661E-06 5.808349E-02 1.080761E-04
  7049   1102   2505 2.429590E-06 5.743818E-02 7.509635E-05
  7050    969   3953 1.745601E-06 5.171115E-02 5.296111E-05
  7051    284    347 3.296976E-06 6.445641E-02 9.678896E-05
  7052   1267   1421 2.343043E-06 1.640230E-02 6.286258E-05
  7053   1352   5242 4.420462E-06 5.928585E-02 3.861456E-05
  7054   1334   3530 4.094266E-06 5.935043E-02 7.579017E-05
  7055    267    415 1.026067E-05 2.317463E-02 8.767870E-05
  7056     34    262 6.941045E-06 3.097412E-02 1.857051E-04
  7057    834   1136 4.821278E-06 2.884693E-02 5.416880E-05
  7058    409    441 4.303350E-06 2.791225E-02 1.350811E-04
  7059   4325   6088 4.382829E-06 4.061128E-02 1.198019E-05
  7060    433    458 3.148646E-06 7.484707E-02 9.469927E-05
  7061    316   1738 7.239494E-06 7.091987E-02 6.738651E-05
  7062   1374   3198 2.620265E-06 7.760354E-02 4.732783E-05
  7063    242   1374 9.510031E-07 6.250000E-02 6.159022E-05
  7064    520   1231 4.080087E-06 6.691469E-02 1.007281E-04
  7065   1231   1319 1.791926E-06 5.173456E-02 8.612592E-05
  7066   2054   2593 4.236863E-06 7.222230E-02 4.944006E-05
  7067   1051   1265 2.805458E-06 6.065399E-02 7.350138E-05
  7068    216   6321 3.006187E-06 7.818194E-02 7.589602E-05
  7069    625    652 3.379286E-06 4.600015E-02 8.414299E-05
  7070   1159   5539 3.295774E-06 5.784003E-02 3.643985E-05
  7071    652    684 3.588743E-06 6.254339E-02 4.559127E-05
  7072   1385   3145 2.950409E-06 4.526255E-02 3.136937E-05
  7073   1385   3864 2.807309E-06 5.209419E-02 2.785497E-05
  7074   1422   2638 4.539467E-06 3.893113E-02 5.786480E-05
  7075    486    629 4.254716E-06 3.833057E-02 8.335647E-05
  7076     34   1157 3.980838E-06 2.635960E-02 1.292187E-04
  7077    591    778 5.829394E-06 2.807945E-02 5.260295E-05
  7078    431    743 7.178560E-06 2.755045E-02 8.240298E-05
  7079      2   2967 3.735552E-06 2.361617E-02 4.133795E-04
  7080   2836   3185 3.308545E-06 2.743775E-02 2.088424E-05
  7081    811   2199 3.298900E-06 5.973396E-02 1.072654E-04
  7082    219    234 9.504972E-06 5.324558E-02 1.115727E-04
  7083    234    236 1.642759E-05 2.254969E-02 7.633533E-05
  7084    236   5128 1.410071E-06 2.209709E-02 5.254777E-05
  7085    331   6131 3.408289E-06 5.764674E-02 6.173236E-05
  7086    458   5173 2.430276E-06 6.222104E-02 7.122405E-05
  7087     41     78 1.532428E-05 6.673048E-02 2.715011E-04
  7088    545   4268 2.959641E-06 7.019485E-02 5.696412E-05
  7089    339   3987 4.294480E-06 3.539734E-02 4.660329E-05
  7090    500   1319 6.308748E-06 5.086387E-02 7.869940E-05
  7091    321   6323 4.246312E-06 7.058316E-02 8.153263E-05
  7092   3953   6659 4.498610E-06 5.168245E-02 3.584709E-05
  7093    701   3607 5.671505E-06 6.174903E-02 6.071556E-05
  7094     39    267 7.993733E-06 2.681273E-02 1.625270E-04
  7095    522    834 6.776240E-06 4.245042E-02 6.581242E-05
  7096   2967   4267 3.215884E-06 3.080238E-02 3.070693E-05
  7097   1796   2391 3.993621E-06 4.673723E-02 8.805423E-05
  7098    433    471 9.643650E-07 2.216063E-02 1.060005E-04
  7099   1874   4124 4.868493E-06 6.060958E-02 2.392173E-05
  7100    433   2736 1.353122E-06 6.815093E-02 5.279200E-05
  7101    242   1961 4.430461E-06 4.080606E-02 9.187582E-05
  7102   1961   6372 3.663862E-06 3.640948E-02 5.572016E-05
  7103    309   6378 3.298093E-06 7.416211E-02 5.958481E-05
  7104   1231   3382 4.538378E-06 7.900000E-02 7.899373E-05
  7105    472    767 3.341897E-06 6.661163E-02 9.224479E-05
  7106   1319   3155 2.966788E-06 5.486808E-02 2.934461E-05
  7107   2054   2840 4.028311E-06 6.921046E-02 4.029796E-05
  7108    514   1399 5.354305E-06 3.631041E-02 7.643871E-05
  7109   1159   2505 4.037608E-06 4.495077E-02 6.734884E-05
  7110    209    250 2.818347E-06 3.750153E-02 1.074181E-04
  7111   1102   1159 2.807508E-06 8.601528E-02 4.419748E-05
  7112   1122   3489 4.396312E-06 8.488811E-02 3.005102E-05
  7113    461    478 8.166268E-06 2.516478E-02 9.459924E-05
  7114   1731   2453 4.100909E-06 4.713299E-02 3.826231E-05
  7115     27    839 2.426207E-06 2.813880E-02 8.163795E-05
  7116    301    778 9.370525E-06 4.534361E-02 6.654814E-05
  7117    262   4735 3.555256E-06 5.626361E-02 6.669029E-05
  7118    591   1042 7.205751E-06 3.124873E-02 3.581845E-05
  7119     11   1036 7.523086E-06 5.612267E-02 1.457463E-04
  7120    811   1197 6.981898E-06 4.030127E-02 1.073552E-04
  7121    600    853 9.025302E-06 4.210440E-02 4.647235E-05
  7122    124    441 5.658144E-06 2.682990E-02 1.542395E-04
  7123    441    566 2.177263E-06 2.701660E-02 7.394101E-05
  7124    464   6088 9.571595E-07 4.419417E-02 6.037986E-05
  7125   4184   5152 4.492830E-06 4.690838E-02 2.658145E-05
  7126    511   6365 3.001831E-06 7.114605E-02 6.100192E-05
  7127    458   3652 1.348186E-06 1.691486E-02 4.566697E-05
  7128   1961   3198 3.307397E-06 5.280071E-02 6.180686E-05
  7129    316    343 8.058863E-06 3.783917E-02 8.919331E-05
  7130   1018   1374 4.885995E-06 3.618793E-02 5.901684E-05
  7131    216   1374 3.886274E-06 7.002238E-02 1.023816E-04
  7132     41   1861 2.629031E-06 4.501457E-02 8.840378E-05
  7133    592   1051 5.735946E-06 4.793536E-02 5.961145E-05
  7134    668   6323 2.849472E-06 4.600708E-02 5.999986E-05
  7135    650   6323 4.135947E-06 7.900000E-02 5.250203E-05
  7136    497    652 8.498864E-06 3.264355E-02 6.529858E-05
  7137    497    684 5.298999E-06 3.011049E-02 8.147065E-05
  7138    591    701 3.755647E-06 4.613574E-02 7.105661E-05
  7139    633   2956 4.426888E-06 4.886871E-02 6.049396E-05
  7140    413   1136 6.056738E-06 5.060055E-02 9.044260E-05
  7141    413    522 1.026556E-05 2.315797E-02 4.426745E-05
  7142    441   2839 4.669553E-06 2.288319E-02 5.455067E-05
  7143    124    409 5.020636E-06 4.370729E-02 1.209797E-04
  7144    464    676 5.353921E-06 7.572547E-02 7.523822E-05
  7145    520   6378 3.144057E-06 7.900000E-02 8.114254E-05
  7146   2408   3987 3.977320E-06 1.984725E-02 2.993085E-05
  7147    321    650 5.882381E-06 2.391389E-02 1.101213E-04
  7148    339   2206 3.368076E-06 5.638931E-02 7.061222E-05
  7149    209    478 1.034040E-05 4.756598E-02 8.960014E-05
  7150    969   4964 3.572103E-06 5.412343E-02 3.432215E-05
  7151   2453   3953 3.592397E-06 4.901467E-02 4.161425E-05
  7152    514   3415 2.372381E-06 8.091922E-02 3.465697E-05
  7153   3675   4185 4.568426E-06 4.582453E-02 2.262993E-05
  7154   3040   3675 2.807194E-06 5.644827E-02 4.351579E-05
  7155   1412   3890 3.394901E-06 6.553546E-02 3.775479E-05
  7156     39    629 6.390990E-06 3.583392E-02 1.513123E-04
  7157    701    778 9.902585E-06 4.528861E-02 4.807790E-05
  7158    262   4747 4.602143E-06 4.946059E-02 7.403202E-05
  7159    633   2217 4.365659E-06 6.125884E-02 8.334225E-05
  7160     47    571 6.330258E-06 3.322997E-02 2.136509E-04
  7161     47   2649 3.584873E-06 6.025785E-02 2.115782E-04
  7162     11   4632 3.592869E-06 3.931056E-02 1.467627E-04
  7163     11   3185 4.308517E-06 6.874372E-02 2.547016E-04
  7164   3201   5295 9.633305E-07 2.831435E-02 4.964762E-05
  7165    447    680 8.798967E-06 5.873927E-02 4.182388E-05
  7166    331   4184 3.153885E-06 3.073648E-02 5.220059E-05
  7167     41    236 1.570032E-05 1.968752E-02 1.309549E-04
  7168    236    511 3.364094E-06 4.974850E-02 1.349700E-04
  7169    321    786 8.151674E-06 3.779936E-02 4.686278E-05
  7170     41   6378 4.331442E-06 2.787117E-02 1.031381E-04
  7171    969   5169 3.316020E-06 4.200655E-02 2.814738E-05
  7172    250   3012 4.348601E-06 7.601000E-02 7.119377E-05
  7173    284   1122 3.294539E-06 6.346414E-02 6.467907E-05
  7174    514   4964 3.562345E-06 6.491598E-02 4.358042E-05
  7175    138   1385 4.659876E-06 2.590911E-02 1.080142E-04
  7176    304   1518 5.072661E-06 2.550024E-02 6.772162E-05
  7177    267   1157 5.909311E-06 3.491179E-02 7.641485E-05
  7178    626   1042 7.744977E-06 7.746670E-02 5.906448E-05
  7179    703   4532 4.754831E-06 5.632131E-02 4.693776E-05
  7180   2217   2956 3.999744E-06 4.821285E-02 5.943668E-05
  7181    743   1225 5.956919E-06 3.931942E-02 1.053980E-04
  7182    124    853 7.307598E-06 4.214505E-02 1.851242E-04
  7183    441   1874 3.971586E-06 3.061740E-02 5.929279E-05
  7184     25    230 1.010727E-05 2.447362E-02 1.824709E-04
  7185    447    511 4.171610E-06 4.729735E-02 7.749825E-05
  7186    343    656 8.820295E-06 2.260298E-02 7.760847E-05
  7187    497   1319 5.690263E-06 4.981056E-02 8.096676E-05
  7188    497    500 8.245255E-06 2.463731E-02 1.234376E-04
  7189    209    668 7.916614E-06 2.624346E-02 4.599771E-05
  7190    497   2739 4.069002E-06 3.576169E-02 7.773266E-05
  7191    347   1478 3.588222E-06 2.774513E-02 6.582750E-05
  7192    284   1478 2.569495E-06 5.271441E-02 8.171169E-05
  7193   1478   3675 5.192861E-06 3.761029E-02 4.428650E-05
  7194    276   1531 3.168114E-06 5.227442E-02 9.656463E-05
  7195   1433   4562 3.684093E-06 4.697847E-02 3.455091E-05
  7196   1600   3607 3.409527E-06 5.082531E-02 2.431960E-05
  7197    262   1157 4.282603E-06 2.269441E-02 7.330604E-05
  7198     24    267 9.022132E-06 1.239128E-02 2.085878E-04
  7199     27     34 3.281167E-06 5.122812E-02 2.402374E-04
  7200   1611   5801 4.258183E-06 8.873891E-02 4.708569E-05
  7201    139    378 9.525930E-06 2.271508E-02 1.030755E-04
  7202    336   1874 5.298848E-06 3.754875E-02 6.021281E-05
  7203   3359   5664 3.299172E-06 6.495997E-02 2.369265E-05
  7204    339   1305 3.572977E-06 2.580649E-02 5.843370E-05
  7205     41   3382 3.848177E-06 4.893197E-02 1.215350E-04
  7206   1041   2593 2.805381E-06 8.492448E-02 3.800935E-05
  7207   1333   6329 2.810408E-06 5.087724E-02 2.876733E-05
  7208   2505   3145 4.302646E-06 4.638951E-02 3.443902E-05
  7209    138    461 1.247716E-05 2.235478E-02 1.227428E-04
  7210   1234   2453 2.177406E-06 2.903870E-02 4.233505E-05
  7211   1234   1731 1.355353E-06 4.608672E-02 4.798460E-05
  7212    347    432 9.135743E-06 2.998797E-02 7.281933E-05
  7213    629   1352 6.744695E-06 3.670636E-02 6.027486E-05
  7214   1042   1709 6.291714E-06 3.759137E-02 4.423423E-05
  7215   1634   2649 4.433242E-06 4.847498E-02 4.106264E-05
  7216     19   2633 3.651772E-06 7.617255E-02 1.456024E-04
  7217   1710   2633 4.565849E-06 3.797004E-02 3.910142E-05
  7218   2967   3185 9.555260E-07 4.419417E-02 5.783658E-05
  7219     11    334 1.302524E-05 2.880965E-02 1.447786E-04
  7220    409   5152 2.998024E-06 5.279620E-02 5.524362E-05
  7221   1916   6380 3.060190E-06 8.623356E-02 4.585870E-05
  7222   1399   2408 3.146753E-06 2.715855E-02 6.737061E-05
  7223   2593   2840 4.144320E-06 6.309190E-02 2.425489E-05
  7224    632   1385 4.615858E-06 3.990211E-02 7.497479E-05
  7225   1044   2140 3.518710E-06 6.780450E-02 7.555685E-05
  7226    400    629 5.345386E-06 2.252624E-02 8.275812E-05
  7227   3808   4723 1.852476E-06 7.752195E-02 4.814922E-05
  7228    812   1796 6.336654E-06 5.586075E-02 6.186304E-05
  7229     28   1481 5.536278E-06 7.291020E-02 1.258252E-04
  7230    433    464 8.071296E-06 2.579312E-02 6.400283E-05
  7231    336   5152 3.065732E-06 6.206283E-02 5.193384E-05
  7232    331    336 9.016208E-06 1.923305E-02 5.699935E-05
  7233    433    656 4.476746E-06 1.946622E-02 1.119883E-04
  7234    656   3652 3.234138E-06 4.127716E-02 6.913480E-05
  7235     41    283 1.463576E-05 2.236467E-02 1.640404E-04
  7236   1018   5121 3.150780E-06 3.809966E-02 6.291880E-05
  7237    767   1249 2.237044E-06 8.646176E-02 5.213844E-05
  7238   3740   4395 3.775403E-06 8.617390E-02 2.836092E-05
  7239   5539   6324 3.254025E-06 5.620425E-02 3.378854E-05
  7240   3953   5169 3.453016E-06 8.656962E-02 2.370584E-05
  7241    514   2140 4.495378E-06 1.898806E-02 4.974721E-05
  7242   1385   2505 3.259505E-06 5.709741E-02 9.338710E-05
  7243    347    497 8.228937E-06 2.266468E-02 8.187829E-05
  7244   1234   3953 3.775380E-06 2.656372E-02 2.650225E-05
  7245   1531   3145 3.600706E-06 5.145426E-02 4.652891E-05
  7246   3607   4802 2.848546E-06 4.732521E-02 3.788475E-05
  7247    400   1334 3.973208E-06 6.561781E-02 8.895668E-05
  7248    629   1334 6.760604E-06 3.203072E-02 7.264729E-05
  7249    413   4546 5.993782E-06 4.314130E-02 5.974859E-05
  7250     19   1036 3.982189E-06 2.133376E-02 2.124347E-04
  7251    608   1710 1.354167E-06 2.815957E-02 1.072718E-04
  7252      2    166 7.694844E-06 2.900828E-02 4.232426E-04
  7253    141    152 9.946633E-06 4.017547E-02 5.901026E-05
  7254     28    269 1.074652E-05 7.900000E-02 1.635932E-04
  7255    786   5121 4.684807E-06 7.247149E-02 5.047632E-05
  7256   1333   3012 4.819923E-06 3.132586E-02 3.247579E-05
  7257   1131   1491 4.943993E-06 4.438746E-02 5.126298E-05
  7258    276    432 7.947567E-06 1.854170E-02 1.029923E-04
  7259   1433   3816 3.587722E-06 3.549022E-02 5.150920E-05
  7260   1358   4113 2.801690E-06 4.418957E-02 3.739729E-05
  7261   3242   6004 2.174876E-06 2.950990E-02 2.468478E-05
  7262    778   1042 7.715727E-06 4.752162E-02 5.465268E-05
  7263   2217   4532 4.533642E-06 5.247540E-02 4.610998E-05
  7264   1036   1634 5.039221E-06 3.524943E-02 5.854195E-05
  7265   1611   2943 6.038309E-06 3.899613E-02 4.991732E-05
  7266      2   3808 3.553305E-06 5.283959E-02 3.864863E-04
  7267    321    331 3.041597E-06 4.658337E-02 9.315594E-05
  7268    321   1527 6.147438E-06 2.040872E-02 1.131975E-04
  7269    668   1527 5.337736E-06 2.714328E-02 6.536104E-05
  7270   1159   1333 6.143855E-06 6.049479E-02 5.505031E-05
  7271    461   1159 3.622164E-06 5.276478E-02 8.685228E-05
  7272     27   3435 4.505078E-06 3.244087E-02 1.197446E-04
  7273    431   2217 3.001410E-06 5.879481E-02 4.910609E-05
  7274    334   6586 5.361908E-06 4.795008E-02 5.880772E-05
  7275    378   1526 5.812025E-06 4.233905E-02 7.392277E-05
  7276    441    464 1.196922E-05 2.914722E-02 6.626049E-05
  7277    336    433 6.712566E-06 1.611059E-02 9.314888E-05
  7278    680   3441 2.810284E-06 8.287724E-02 4.160232E-05
  7279    433   5173 4.287934E-06 5.244176E-02 4.697166E-05
  7280    198    283 1.045125E-05 7.900000E-02 1.239579E-04
  7281    331   3359 5.689192E-06 5.651997E-02 8.069308E-05
  7282   1399   2018 2.993685E-06 2.529931E-02 3.917587E-05
  7283   1478   2280 6.236492E-06 3.601288E-02 4.673428E-05
  7284    461    632 3.958174E-06 7.592290E-02 9.122285E-05
  7285    432   3675 5.570738E-06 4.096640E-02 4.519875E-05
  7286    353   1086 9.516176E-06 4.139797E-02 6.428989E-05
  7287     19   2967 2.733744E-06 4.684373E-02 1.649761E-04
  7288    353   2438 6.052506E-06 4.428456E-02 5.844921E-05
  7289    811   1504 4.415865E-06 2.580626E-02 4.492584E-05
  7290    141   3039 5.096124E-06 4.254320E-02 5.251246E-05
  7291   1231   6378 4.650244E-06 4.437114E-02 4.376508E-05
  7292   1585   3079 4.710454E-06 5.019683E-02 4.148251E-05
  7293    652   2509 4.680502E-06 4.288996E-02 7.751910E-05
  7294     37   1399 6.009706E-06 3.505053E-02 1.118946E-04
  7295   1122   2280 3.975719E-06 5.724319E-02 6.786655E-05
  7296   2206   2701 2.367624E-06 2.223874E-02 4.091381E-05
  7297    705   1159 4.457623E-06 2.617728E-02 8.248340E-05
  7298    461   3012 3.941269E-06 1.935439E-02 6.399637E-05
  7299    432   1478 4.598257E-06 2.680894E-02 7.846857E-05
  7300   1354   1491 5.025680E-06 4.011446E-02 6.275326E-05
  7301    301    329 1.231209E-05 3.288799E-02 4.910796E-05
  7302    301    315 6.541742E-06 2.260050E-02 1.230289E-04
  7303    257   1042 5.158663E-06 3.314041E-02 8.779465E-05
  7304      2   1620 6.080466E-06 2.533182E-02 3.449163E-04
  7305    334   2109 4.681512E-06 3.943968E-02 6.651842E-05
  7306    166   3185 2.994478E-06 7.900000E-02 5.842004E-05
  7307    511   1861 2.997526E-06 4.161100E-02 1.035010E-04
  7308    813   1557 5.984703E-06 4.223277E-02 4.044115E-05
  7309    321    592 5.408025E-06 5.694144E-02 1.016886E-04
  7310    209    650 9.029880E-06 4.432316E-02 9.120129E-05
  7311    461    705 8.084953E-06 2.156277E-02 4.924090E-05
  7312   1385   1531 5.696615E-06 3.875260E-02 6.348746E-05
  7313    544   3816 2.515535E-06 2.243809E-02 5.910225E-05
  7314    665   1199 5.173108E-06 4.897634E-02 4.586987E-05
  7315   1184   2553 3.136837E-06 7.134139E-02 4.556616E-05
  7316     27    262 8.309015E-06 3.904384E-02 1.573040E-04
  7317    522   1178 4.783001E-06 3.968950E-02 6.006080E-05
  7318     11   1710 3.751932E-06 1.960226E-02 2.209473E-04
  7319    378   3201 2.988737E-06 3.545008E-02 4.934040E-05
  7320     25    555 7.600498E-06 2.864661E-02 1.415981E-04
  7321    191    464 2.364094E-06 7.936315E-02 1.541915E-04
  7322    640   3441 3.113654E-06 3.674430E-02 5.404679E-05
  7323    511    640 2.984650E-06 6.806369E-02 1.016999E-04
  7324    331    656 3.311634E-06 1.904610E-02 1.059972E-04
  7325    511   4268 3.460721E-06 7.542701E-02 6.488006E-05
  7326    321   1249 7.212242E-06 1.248245E-02 8.420062E-05
  7327    209   1333 3.845656E-06 5.047878E-02 7.577718E-05
  7328    339   6314 9.583297E-07 2.795085E-02 8.226706E-05
  7329     37    514 2.808927E-06 5.994090E-02 1.477978E-04
  7330   1041   2505 3.145363E-06 4.259049E-02 6.848200E-05
  7331   1234   5169 1.410556E-06 1.141089E-02 4.076775E-05
  7332    461   1385 3.476364E-06 4.859511E-02 9.129739E-05
  7333     55   2560 4.276612E-06 4.424694E-02 1.026997E-04
  7334    400   4523 3.259314E-06 5.560684E-02 5.440141E-05
  7335     27   1157 5.760951E-06 4.566037E-02 1.724938E-04
  7336    257    281 1.061286E-05 2.512790E-02 6.618421E-05
  7337    431   1086 4.637098E-06 7.645212E-02 7.964136E-05
  7338     19   3808 2.813348E-06 4.927612E-02 1.377355E-04
  7339   2967   3808 3.616480E-06 7.501879E-02 5.819118E-05
  7340    124    336 1.258872E-05 1.948977E-02 1.081161E-04
  7341    331    786 3.062476E-06 6.022307E-02 6.808846E-05
  7342    674   1374 1.792883E-06 2.729086E-02 4.354066E-05
  7343    813   6305 3.868331E-06 5.602266E-02 3.563901E-05
  7344    392   4395 3.310217E-06 3.876500E-02 4.698970E-05
  7345   2215   2354 3.268733E-06 5.789331E-02 5.843418E-05
  7346    209   1557 3.618412E-06 4.853605E-02 7.302486E-05
  7347    392   1159 3.520804E-06 8.189170E-02 8.079632E-05
  7348     36   6314 9.529998E-07 6.250000E-02 1.506207E-04
  7349     36    339 7.302631E-06 3.791061E-02 1.793170E-04
  7350   1131   1382 3.155205E-06 2.777684E-02 8.317873E-05
  7351   2004   4156 5.025731E-06 3.417746E-02 5.651559E-05
  7352   1267   1270 5.623033E-06 8.399910E-02 6.172226E-05
  7353    670   5665 3.774468E-06 5.475371E-02 3.188132E-05
  7354    665    770 4.552899E-06 5.152302E-02 9.074893E-05
  7355   1088   1600 4.878487E-06 3.559096E-02 3.448606E-05
  7356    301   3619 4.383321E-06 4.587233E-02 6.004671E-05
  7357    617    629 5.100729E-06 2.352317E-02 9.590125E-05
  7358   1504   2438 2.995710E-06 4.928194E-02 3.900217E-05
  7359    447    640 9.630764E-07 2.092704E-02 7.842743E-05
  7360   1051   1249 6.228179E-06 3.222244E-02 4.738236E-05
  7361    392   3740 2.813292E-06 4.391507E-02 3.859457E-05
  7362   1122   1531 2.808116E-06 4.749561E-02 5.888443E-05
  7363    544   4240 3.574175E-06 6.062434E-02 3.494913E-05
  7364    701   4802 2.622410E-06 6.341428E-02 5.150497E-05
  7365    257   1709 6.898783E-06 5.036557E-02 5.868967E-05
  7366     47    542 4.187946E-06 2.106735E-02 2.429560E-04
  7367     25   1677 6.764623E-06 6.073340E-02 1.685210E-04
  7368    124    680 4.051628E-06 5.890062E-02 7.857454E-05
  7369    674    786 5.371067E-06 4.705946E-02 6.498713E-05
  7370    283   1231 5.016444E-06 2.383006E-02 6.866244E-05
  7371   1382   1575 5.517137E-06 6.164155E-02 6.313075E-05
  7372    813   1527 3.864321E-06 5.878565E-02 7.553511E-05
  7373     37   2018 2.807483E-06 6.520077E-02 1.162489E-04
  7374   2593   3045 9.537626E-07 4.419417E-02 3.031243E-05
  7375    209    461 1.148911E-05 2.268958E-02 7.598267E-05
  7376   1466   5214 3.747413E-06 4.879672E-02 1.671552E-05
  7377    315    352 1.192220E-05 2.561325E-02 7.111892E-05
  7378    210    257 8.163657E-06 2.304911E-02 5.974433E-05
  7379      2    420 8.233986E-06 2.114129E-02 3.813718E-04
  7380      2    295 5.869726E-06 2.977816E-02 4.385753E-04
  7381    336    441 9.694285E-06 2.576745E-02 8.255593E-05
  7382    316    433 6.337238E-06 4.414896E-02 7.060412E-05
  7383    656   1249 6.960364E-06 2.940602E-02 4.691587E-05
  7384    656   1051 4.653933E-06 7.578834E-02 4.846807E-05
  7385    432   1531 7.771891E-06 3.933430E-02 9.709445E-05
  7386    544   3242 3.513453E-06 4.728111E-02 6.132845E-05
  7387    989   1129 5.942250E-06 3.812776E-02 7.226650E-05
  7388   1129   1184 3.624295E-06 6.701770E-02 4.370254E-05
  7389     27    400 3.619625E-06 4.594349E-02 1.891016E-04
  7390    629   3898 4.348144E-06 5.061344E-02 4.219460E-05
  7391    297    629 2.431027E-06 4.120026E-02 1.537486E-04
  7392    542    571 2.989988E-06 8.024513E-02 7.032920E-05
  7393      2    248 1.463197E-05 3.653175E-02 3.893256E-04
  7394    126   1796 2.853605E-06 5.088314E-02 1.501438E-04
  7395    234    511 3.612561E-06 6.294518E-02 1.421031E-04
  7396   2018   4414 3.511279E-06 5.208232E-02 3.960740E-05
  7397    339   2408 1.792961E-06 1.490596E-02 5.827430E-05
  7398    705   3464 3.145531E-06 8.932342E-02 5.886660E-05
  7399    650   1527 6.244759E-06 4.871824E-02 9.968289E-05
  7400   3680   4523 3.982018E-06 2.751607E-02 3.009968E-05
  7401    267    297 1.282528E-05 3.614537E-02 5.209538E-05
  7402    267   6010 3.385257E-06 7.119106E-02 4.979532E-05
  7403   1157   6010 3.605843E-06 4.919425E-02 4.066903E-05
  7404    315   4945 5.002987E-06 5.200565E-02 7.073811E-05
  7405    257   4945 4.280801E-06 5.040842E-02 6.373790E-05
  7406   1178   2106 3.531907E-06 7.223651E-02 3.807498E-05
  7407    234    447 2.362413E-06 1.862180E-02 1.081201E-04
  7408    380    447 2.997843E-06 3.330801E-02 7.664865E-05
  7409    331   1013 8.359603E-06 3.159225E-02 7.086428E-05
  7410    331   2202 9.451528E-07 6.250000E-02 9.089207E-05
  7411    331   1721 4.702882E-06 3.440826E-02 4.657920E-05
  7412    786   1961 3.813352E-06 5.570923E-02 6.088311E-05
  7413     41    259 5.026067E-06 1.982227E-02 1.168185E-04
  7414   2206   5177 3.070088E-06 4.965741E-02 3.324395E-05
  7415    640   1961 3.735958E-06 4.196281E-02 7.990479E-05
  7416    511    813 6.045048E-06 4.041701E-02 8.805725E-05
  7417    674    813 3.266686E-06 2.292319E-02 8.574216E-05
  7418    497   2935 3.864510E-06 2.802629E-02 5.941073E-05
  7419    705   1266 4.448083E-06 2.731086E-02 4.938172E-05
  7420   2140   6263 2.240375E-06 3.353451E-02 4.075252E-05
  7421    670   1354 7.207532E-06 3.054643E-02 5.750594E-05
  7422    281    352 1.003780E-05 3.956061E-02 8.520284E-05
  7423    433    441 6.121289E-06 6.429256E-02 6.645871E-05
  7424   1763   5086 2.244186E-06 2.197269E-02 1.923900E-05
  7425    209    392 1.988614E-06 1.056659E-02 1.111082E-04
  7426    209   1527 5.029257E-06 3.460784E-02 1.087785E-04
  7427    455   1122 7.637481E-06 4.795404E-02 7.774490E-05
  7428    705   2505 4.540370E-06 2.644418E-02 5.616279E-05
  7429   1234   1270 3.962283E-06 5.630999E-02 5.290251E-05
  7430    138   1531 4.569939E-06 4.658117E-02 1.168736E-04
  7431   1157   3447 3.264478E-06 7.192261E-02 4.448491E-05
  7432     34   3447 4.410389E-06 2.001797E-02 1.725951E-04
  7433     67    262 8.028272E-06 1.883599E-02 1.017334E-04
  7434     47   1819 6.176249E-06 2.607026E-02 2.217941E-04
  7435   2106   2299 4.198214E-06 3.776011E-02 3.620837E-05
  7436     19   1710 9.637094E-07 2.551552E-02 1.540911E-04
  7437    811   2735 2.783453E-06 3.010163E-02 4.629947E-05
  7438     11    166 1.284297E-05 2.884667E-02 2.618818E-04
  7439     41   5099 4.184814E-06 5.332748E-02 6.716027E-05
  7440   3715   5086 3.000541E-06 5.238919E-02 3.042713E-05
  7441    511   1763 1.976873E-06 1.112437E-02 4.665770E-05
  7442    786   1721 3.001382E-06 8.712791E-02 4.619420E-05
  7443    259   1231 5.788031E-06 4.169624E-02 5.639999E-05
  7444    392   3464 3.720034E-06 4.194633E-02 5.963504E-05
  7445   1266   3464 3.777494E-06 6.426802E-02 3.680740E-05
  7446    455   1041 4.239763E-06 3.373517E-02 1.062624E-04
  7447   1531   2505 3.444617E-06 7.484681E-02 3.449398E-05
  7448   1466   2371 3.684712E-06 5.637625E-02 2.954941E-05
  7449    989   5835 9.560275E-07 6.250000E-02 6.051460E-05
  7450     27   3680 4.589431E-06 5.887751E-02 1.522293E-04
  7451    420   1620 6.906857E-06 3.686047E-02 5.581223E-05
  7452   1266   2505 1.978153E-06 5.631017E-02 8.378708E-05
  7453    455   1531 4.956622E-06 3.013197E-02 9.780900E-05
  7454    705   1531 4.451482E-06 2.500088E-02 5.041160E-05
  7455    629   3680 3.164897E-06 2.953574E-02 5.128596E-05
  7456    166    295 1.230025E-05 2.189251E-02 4.101903E-05
  7457     11    153 2.059151E-05 2.986698E-02 1.765457E-04
  7458    139   1796 6.964125E-06 4.084114E-02 9.913582E-05
  7459    237    329 7.038736E-06 2.960810E-02 8.095020E-05
  7460    617   1334 2.821628E-06 3.117112E-02 4.999456E-05
  7461    248    420 7.913126E-06 3.579027E-02 6.624254E-05
  7462     19   3637 2.318598E-06 1.975047E-02 1.009637E-04
  7463   2974   4509 4.577787E-06 5.392140E-02 4.205826E-05
  7464     19   4698 3.613051E-06 8.798434E-02 1.164291E-04
  7465   1529   1573 8.016943E-06 4.853877E-02 4.032891E-05
  7466    234    380 1.217466E-05 3.420424E-02 1.235515E-04
  7467   1013   1721 3.301985E-06 5.989899E-02 5.175902E-05
  7468    493   1527 3.767098E-06 5.938506E-02 8.434417E-05
  7469   1382   2019 2.918236E-06 7.050138E-02 7.334591E-05
  7470    392   1266 5.176309E-06 2.496472E-02 5.123531E-05
  7471   1131   2019 4.763420E-06 6.141479E-02 5.068796E-05
  7472    455   2505 2.679553E-06 3.567247E-02 1.114739E-04
  7473     37   1234 2.816711E-06 4.741367E-02 9.891726E-05
  7474   2371   5214 1.400492E-06 3.125000E-02 3.229768E-05
  7475   1184   5835 2.620429E-06 7.655105E-02 2.043779E-05
  7476    617   3898 2.436274E-06 2.347151E-02 3.953403E-05
  7477    262   6010 9.502976E-07 2.795085E-02 7.986329E-05
  7478     19    248 3.697522E-06 2.946451E-02 1.561102E-04
  7479   2735   3837 3.374146E-06 4.004308E-02 3.239166E-05
  7480    640   1763 4.018197E-06 4.536437E-02 6.775579E-05
  7481    336    640 6.031606E-06 4.914476E-02 8.944507E-05
  7482     41    511 3.296697E-06 5.802036E-02 1.149394E-04
  7483    493    640 6.226922E-06 2.433993E-02 7.303737E-05
  7484    656   1013 7.965571E-06 3.998335E-02 7.271115E-05
  7485    786   3138 3.707628E-06 6.420043E-02 5.534060E-05
  7486    321   3138 5.230498E-06 2.709061E-02 6.715904E-05
  7487     41    392 3.275982E-06 6.921765E-02 1.042289E-04
  7488   1041   6288 4.586511E-06 6.295315E-02 6.313916E-05
  7489   2354   4421 4.598106E-06 6.825772E-02 2.937737E-05
  7490    259    455 6.829395E-06 2.480091E-02 8.057950E-05
  7491    544   1270 5.301341E-06 2.041856E-02 7.117489E-05
  7492   1751   2371 4.341718E-06 5.352988E-02 2.142622E-05
  7493    989   1184 3.331856E-06 5.774873E-02 8.428095E-05
  7494    980   2781 4.036815E-06 4.037332E-02 3.209284E-05
  7495    297   6010 2.669691E-06 5.656981E-02 4.774196E-05
  7496    315    980 6.687662E-06 3.224671E-02 8.289572E-05
  7497   1819   4239 2.933326E-06 4.302116E-02 2.798123E-05
  7498   1191   1573 7.523991E-06 7.099905E-02 3.940247E-05
  7499    139    618 9.485274E-06 3.555078E-02 8.336241E-05
  7500    336   1013 8.522122E-06 4.632544E-02 8.563496E-05
  7501    674   3715 4.496689E-06 4.618614E-02 4.219160E-05
  7502    392    813 5.354957E-06 3.823588E-02 4.348346E-05
  7503   1462   2505 2.675921E-06 6.072175E-02 7.621445E-05
  7504   1266   1462 3.281005E-06 6.046646E-02 6.911217E-05
  7505     37   6126 2.814002E-06 5.730542E-02 7.549238E-05
  7506   2004   2186 2.486611E-06 3.792865E-02 9.122047E-05
  7507   3633   4820 4.615030E-06 5.598202E-02 2.085579E-05
  7508    297   3447 4.422689E-06 6.507867E-02 5.668110E-05
  7509     27     67 1.677855E-05 1.715084E-02 2.237376E-04
  7510     47     67 1.073248E-05 2.824046E-02 2.918607E-04
  7511    542   5977 3.330767E-06 4.760799E-02 3.400293E-05
  7512   1191   1529 4.350555E-06 7.900000E-02 4.414645E-05
  7513    334   4332 2.806303E-06 1.372013E-02 4.998197E-05
  7514   4256   6693 2.873825E-06 4.283943E-02 4.091099E-05
  7515   5693   6693 3.231399E-06 6.005329E-02 3.960658E-05
  7516    555   2119 6.245193E-06 6.529139E-02 3.933098E-05
  7517    380   1763 6.070324E-06 2.065715E-02 5.828958E-05
  7518    380    511 6.076499E-06 2.175109E-02 7.918338E-05
  7519   1013   1249 5.215065E-06 1.707258E-02 6.779475E-05
  7520     36   2152 6.275153E-06 6.016413E-02 1.725511E-04
  7521    259   4422 4.249944E-06 8.367420E-02 5.195083E-05
  7522    670   1811 6.225140E-06 3.029556E-02 4.323036E-05
  7523   1199   1286 3.299605E-06 5.216047E-02 4.855107E-05
  7524   2104   4113 3.434191E-06 7.087799E-02 5.810981E-05
  7525    315   1103 4.228848E-06 3.858924E-02 1.027124E-04
  7526    380    640 4.535675E-06 3.584813E-02 9.136034E-05
  7527    493   3715 5.096966E-06 4.903312E-02 6.093834E-05
  7528    493   3138 5.864591E-06 3.885563E-02 6.611512E-05
  7529     41   1231 4.608260E-06 3.555688E-02 1.158376E-04
  7530     41   3066 4.760525E-06 3.950395E-02 6.597621E-05
  7531    209    813 4.430462E-06 3.594086E-02 8.759162E-05
  7532    455   4422 4.264674E-06 3.112284E-02 3.693358E-05
  7533    432    455 9.885113E-06 3.784385E-02 6.419511E-05
  7534   3844   4113 3.943555E-06 4.540954E-02 5.724340E-05
  7535    629   3049 3.180234E-06 4.147598E-02 7.223817E-05
  7536   4349   6205 1.798372E-06 3.142039E-02 3.779657E-05
  7537    336    656 5.479422E-06 5.182720E-02 1.378395E-04
  7538   1165   2628 2.808868E-06 6.747507E-02 5.196822E-05
  7539    493    674 5.032169E-06 1.214556E-02 6.352622E-05
  7540    455   2280 3.857676E-06 5.612484E-02 4.864381E-05
  7541     27   1334 2.526781E-06 2.363140E-02 1.551037E-04
  7542    262   3447 3.804860E-06 4.133038E-02 6.867699E-05
  7543    248    295 8.127953E-06 2.696468E-02 7.670494E-05
  7544    378   3269 3.432258E-06 2.814484E-02 9.505687E-05
  7545    124    640 6.345153E-06 3.312329E-02 1.166595E-04
  7546    640   2773 5.473924E-06 4.220181E-02 5.857120E-05
  7547    674   1763 4.547255E-06 6.098963E-02 4.187944E-05
  7548    320    511 3.709409E-06 5.196837E-02 1.113863E-04
  7549   2202   3138 5.356965E-06 2.629220E-02 3.575751E-05
  7550    259   3045 2.995450E-06 7.009666E-02 5.508169E-05
  7551      8    558 1.089676E-05 3.557011E-02 1.588814E-04
  7552     27   2704 3.787183E-06 3.131010E-02 1.969207E-04
  7553     67   1819 6.091801E-06 3.080336E-02 1.150109E-04
  7554    210   2225 6.591389E-06 4.808299E-02 6.078212E-05
  7555     19    156 7.092524E-06 2.933461E-02 1.904634E-04
  7556   1710   3808 3.721360E-06 4.659064E-02 5.781729E-05
  7557    618    815 6.054492E-06 2.753270E-02 5.244530E-05
  7558    139    815 5.578864E-06 4.523722E-02 9.071575E-05
  7559   2122   4349 1.807813E-06 4.502327E-02 5.760557E-05
  7560    124    380 5.685148E-06 3.655413E-02 1.160443E-04
  7561    320    813 6.443969E-06 1.627172E-02 1.227808E-04
  7562   2354   6288 2.968013E-06 4.041197E-02 1.840111E-05
  7563    259    497 9.878882E-06 5.215980E-02 8.409771E-05
  7564   1354   1699 5.069592E-06 4.257623E-02 6.911123E-05
  7565   1286   1912 4.221990E-06 3.849618E-02 4.378245E-05
  7566     27   4820 2.582777E-06 3.524796E-02 1.701376E-04
  7567    352   1103 4.691338E-06 5.156249E-02 7.780441E-05
  7568    126    905 3.585863E-06 8.638085E-02 9.543791E-05
  7569    166   1710 2.245199E-06 5.646362E-02 8.341065E-05
  7570    152    173 1.253401E-05 4.280721E-02 5.173318E-05
  7571   2906   4349 3.867968E-06 7.848613E-02 4.491628E-05
  7572     41    320 1.111584E-05 1.939099E-02 7.358998E-05
  7573   6279   6288 3.847511E-06 5.994544E-02 2.489968E-05
  7574    209    321 6.022965E-06 5.037325E-02 1.258744E-04
  7575    861   4421 3.765233E-06 5.960751E-02 3.084895E-05
  7576   1041   1462 3.230524E-06 5.798201E-02 8.274450E-05
  7577   1131   1699 1.793466E-06 5.860088E-02 8.480625E-05
  7578    297    617 1.071037E-05 3.712406E-02 6.339645E-05
  7579    190   2781 3.761329E-06 6.051680E-02 1.015443E-04
  7580    352    732 9.183981E-06 2.752388E-02 5.924169E-05
  7581     19   2097 4.577551E-06 3.426829E-02 1.434999E-04
  7582    156    166 7.724458E-06 2.852646E-02 9.347919E-05
  7583    838   4349 1.796701E-06 4.436522E-02 3.774088E-05
  7584    236    380 7.838472E-06 5.608238E-02 1.324354E-04
  7585    336   2773 5.169421E-06 3.870466E-02 7.323439E-05
  7586    493   1763 2.380735E-06 5.122754E-02 5.240067E-05
  7587    493   2202 4.147501E-06 2.841693E-02 4.972132E-05
  7588   1209   1575 2.813408E-06 6.099748E-02 2.428868E-05
  7589    861   1041 3.135835E-06 5.203417E-02 8.140325E-05
  7590   1629   2186 5.733066E-06 5.909581E-02 4.074956E-05
  7591   3309   5248 3.729096E-06 4.793875E-02 2.614362E-05
  7592    190    329 1.099873E-05 4.227726E-02 1.089196E-04
  7593    297   2666 4.307903E-06 1.519986E-02 6.715009E-05
  7594     19     92 4.627311E-06 2.559518E-02 2.298691E-04
  7595    352   1207 7.549307E-06 4.065720E-02 6.237717E-05
  7596    156   3808 3.930064E-06 7.590706E-02 7.385178E-05
  7597    156    295 6.222216E-06 2.519530E-02 8.891278E-05
  7598    156   1710 3.791145E-06 2.779689E-02 9.603396E-05
  7599    203   1529 5.913912E-06 3.126549E-02 7.634884E-05
  7600   4256   5608 4.269498E-06 4.454487E-02 3.527569E-05
  7601   2122   2906 2.820135E-06 1.460415E-02 5.900671E-05
  7602     25   5521 4.847879E-06 4.724375E-02 1.352582E-04
  7603    320    380 8.239351E-06 2.578539E-02 1.058313E-04
  7604    209    493 6.397648E-06 2.386896E-02 1.273556E-04
  7605    861   6288 4.198234E-06 6.855460E-02 2.664329E-05
  7606   1751   2104 4.984476E-06 7.191341E-02 3.638439E-05
  7607    262    922 3.336259E-06 2.931288E-02 7.879590E-05
  7608     92    267 3.652831E-06 2.998580E-02 8.239912E-05
  7609   2011   2356 4.255678E-06 3.931053E-02 2.203399E-05
  7610     19   4732 3.903027E-06 8.295046E-02 1.584463E-04
  7611     11   4732 3.471498E-06 4.820330E-02 1.876322E-04
  7612   5361   5608 4.245387E-06 4.776897E-02 3.454697E-05
  7613   4256   5361 3.931438E-06 3.611277E-02 3.833949E-05
  7614   4256   5693 2.817820E-06 1.815711E-02 2.584238E-05
  7615    493   2773 5.759668E-06 4.436759E-02 6.487573E-05
  7616    493   3511 4.410982E-06 4.817058E-02 4.592278E-05
  7617    320    392 5.516639E-06 4.676032E-02 6.826170E-05
  7618   1209   1382 9.658612E-07 6.353157E-02 8.934245E-05
  7619    392    442 5.510726E-06 2.791932E-02 5.897958E-05
  7620    455    705 4.289836E-06 5.996633E-02 9.891621E-05
  7621     32     37 3.294221E-05 4.404827E-02 8.565987E-05
  7622      8    544 3.977509E-06 3.400270E-02 1.975955E-04
  7623   1912   3309 4.395363E-06 5.726047E-02 2.733773E-05
  7624    239    304 7.114122E-06 4.886077E-02 1.398140E-04
  7625    629   2704 4.135977E-06 3.757349E-02 6.555235E-05
  7626   3518   3597 4.081249E-06 4.017749E-02 1.668872E-05
  7627     11   6536 1.347516E-06 8.319393E-02 1.440779E-04
  7628      2   2066 3.333866E-06 4.458387E-02 4.101109E-04
  7629     32   2040 4.655589E-06 4.924928E-02 1.112951E-04
  7630   1975   2015 3.153396E-06 5.346728E-02 5.966525E-05
  7631   1286   3426 4.411924E-06 7.430050E-02 5.431079E-05
  7632    329   1547 3.552572E-06 6.507211E-02 7.495931E-05
  7633    422   2356 3.482672E-06 5.558303E-02 6.422639E-05
  7634    435    889 5.412085E-06 1.498691E-02 8.809292E-05
  7635   2097   4698 1.796849E-06 5.233482E-02 3.908328E-05
  7636    336   5122 3.820865E-06 6.128170E-02 9.569504E-05
  7637    861   6279 3.265200E-06 5.961150E-02 3.264534E-05
  7638    705   1462 4.540558E-06 5.163097E-02 5.788820E-05
  7639   1424   1850 5.807930E-06 3.460552E-02 5.650817E-05
  7640    617   4820 3.552694E-06 4.961126E-02 4.716658E-05
  7641    922   4820 3.151134E-06 6.564937E-02 5.115705E-05
  7642    542   1819 4.568982E-06 6.074581E-02 6.159032E-05
  7643     19   3743 2.667563E-06 7.983697E-02 1.150700E-04
  7644    126    203 1.394360E-05 1.869156E-02 8.424161E-05
  7645     11   2630 7.356391E-06 5.057848E-02 1.436087E-04
  7646    295   2066 3.261299E-06 4.697570E-02 5.389226E-05
  7647    156   2097 5.335552E-06 2.712473E-02 6.241960E-05
  7648    380    493 6.878419E-06 2.408123E-02 8.595737E-05
  7649    232   5438 2.046773E-06 4.450501E-02 7.255717E-05
  7650    190    980 5.668499E-06 6.266594E-02 1.154299E-04
  7651     92    297 1.185261E-05 2.202382E-02 7.134897E-05
  7652   1103   1552 6.083690E-06 4.193401E-02 5.078890E-05
  7653   2906   6205 2.620255E-06 3.669538E-02 4.468592E-05
  7654   2773   5122 3.548609E-06 7.900000E-02 5.045047E-05
  7655    320   6279 2.805635E-06 5.300771E-02 4.329801E-05
  7656    259    320 2.997551E-06 7.027738E-02 1.188121E-04
  7657    442   1266 5.317771E-06 3.923973E-02 6.566526E-05
  7658    455   1462 4.419469E-06 5.994400E-02 6.800656E-05
  7659    442    461 4.686937E-06 2.998035E-02 1.175161E-04
  7660   1354   1628 4.615382E-06 2.879472E-02 6.516193E-05
  7661   1048   1286 3.752465E-06 2.419890E-02 4.584120E-05
  7662   1668   1811 5.943108E-06 4.732434E-02 4.091927E-05
  7663   1424   1668 6.041536E-06 4.905951E-02 7.296522E-05
  7664    232   1248 6.060495E-06 4.723942E-02 9.515568E-05
  7665   1342   2011 1.414157E-06 2.023726E-02 8.162005E-05
  7666   1133   1183 5.392229E-06 7.145774E-02 5.225086E-05
  7667    153    156 1.489317E-05 3.694778E-02 8.069184E-05
  7668    209    320 9.193589E-06 3.582059E-02 1.816982E-04
  7669   1209   1391 6.216995E-06 5.898992E-02 6.087049E-05
  7670     37   4426 2.806409E-06 5.955365E-02 9.089379E-05
  7671   1628   1699 3.152834E-06 7.669339E-02 4.166620E-05
  7672   1048   1803 5.511456E-06 3.705319E-02 4.510427E-05
  7673    304    558 5.050024E-06 6.000791E-02 1.088344E-04
  7674    190    237 1.302519E-05 3.098211E-02 1.086783E-04
  7675   1742   2666 2.993190E-06 5.628303E-02 6.674344E-05
  7676    617    922 5.077492E-06 1.974351E-02 7.223485E-05
  7677    125   2993 4.381270E-06 3.667279E-02 1.031848E-04
  7678    125   1342 4.619810E-06 2.555260E-02 1.237243E-04
  7679    126   1836 3.643149E-06 1.332664E-02 6.599838E-05
  7680    203    618 8.164659E-06 4.890293E-02 6.961156E-05
  7681   5693   6215 2.620259E-06 4.565716E-02 4.557766E-05
  7682     41    380 1.008301E-05 3.023530E-02 1.298485E-04
  7683    789   2628 4.184790E-06 6.508312E-02 4.631013E-05
  7684      8    304 1.115221E-05 2.381648E-02 1.993329E-04
  7685   1547   2993 5.881384E-06 6.458622E-02 4.524349E-05
  7686   2866   4429 3.279695E-06 8.962449E-02 1.921501E-05
  7687    320    442 8.355087E-06 2.713292E-02 7.153586E-05
  7688     37   2038 3.672885E-06 4.032760E-02 9.056551E-05
  7689    455    861 4.631941E-06 5.048065E-02 7.718871E-05
  7690      8   6584 3.313172E-06 3.326718E-02 1.479631E-04
  7691    755   1912 9.514095E-07 6.250000E-02 5.244853E-05
  7692   1850   2573 5.724598E-06 2.595107E-02 3.283115E-05
  7693     92    922 8.501475E-06 3.185240E-02 7.172967E-05
  7694    320    493 6.272358E-06 2.743813E-02 1.376942E-04
  7695    320    861 5.916573E-06 5.449002E-02 6.975826E-05
  7696    670   1628 3.452581E-06 3.331758E-02 5.974731E-05
  7697    755   3309 1.350795E-06 1.473139E-02 4.339557E-05
  7698     27   2691 4.894251E-06 2.842650E-02 1.733499E-04
  7699    422   6047 1.791543E-06 3.394629E-02 6.732031E-05
  7700     99   2225 3.602834E-06 7.287525E-02 8.889149E-05
  7701    747   1494 6.000096E-06 4.199280E-02 5.108151E-05
  7702    259    861 6.359052E-06 4.587180E-02 9.056191E-05
  7703    861   1462 7.215967E-06 4.794718E-02 3.839251E-05
  7704    755   1286 3.765430E-06 5.283178E-02 5.536564E-05
  7705    739   2993 5.708053E-06 6.104271E-02 3.747863E-05
  7706     27    922 8.693996E-06 3.117934E-02 1.779654E-04
  7707    459   1103 6.749410E-06 2.076793E-02 5.772522E-05
  7708     11    156 5.846154E-06 3.235304E-02 2.925623E-04
  7709    755   1048 5.537952E-06 6.014145E-02 6.438806E-05
  7710    422   1687 4.388214E-06 2.230672E-02 5.168371E-05
  7711   1342   2356 3.291837E-06 7.388658E-02 7.919343E-05
  7712   2118   5681 4.576935E-06 5.032040E-02 3.685601E-05
  7713     67    542 1.009514E-05 5.036362E-02 1.243595E-04
  7714   1053   1207 7.415734E-06 5.662913E-02 5.026522E-05
  7715    125   1029 5.536264E-06 2.267591E-02 1.212904E-04
  7716    125   5681 1.793172E-06 4.565743E-02 9.616561E-05
  7717    126    731 9.576752E-06 3.013907E-02 1.110806E-04
  7718   1494   2630 2.365655E-06 2.538909E-02 5.628560E-05
  7719   2122   6692 2.184062E-06 1.727705E-02 3.527942E-05
  7720    838   2906 1.799390E-06 6.803654E-02 3.954987E-05
  7721      8    239 1.752482E-05 2.466633E-02 1.626639E-04
  7722    125   5917 3.824241E-06 3.410411E-02 1.057291E-04
  7723    732   1207 8.399765E-06 6.035041E-02 5.719543E-05
  7724    732   1053 5.494473E-06 6.727137E-02 6.046612E-05
  7725    542   2890 4.907684E-06 3.194823E-02 5.965960E-05
  7726    838   2122 1.799677E-06 6.458783E-02 4.588287E-05
  7727   1424   1883 5.413263E-06 6.150924E-02 7.289166E-05
  7728    485   1048 4.531470E-06 7.635072E-02 8.830508E-05
  7729   1803   4892 3.600706E-06 5.110544E-02 3.311535E-05
  7730     37   2654 4.196447E-06 4.306536E-02 1.395337E-04
  7731      8     32 2.901042E-05 2.475313E-02 1.774439E-04
  7732   1342   2993 2.809239E-06 6.113792E-02 9.795266E-05
  7733    513   1207 7.229999E-06 4.823921E-02 4.617207E-05
  7734    485    755 5.963179E-06 2.322678E-02 7.711636E-05
  7735   1668   1883 5.918768E-06 8.852903E-02 8.427889E-05
  7736      8   2718 2.819572E-06 3.296743E-02 1.861764E-04
  7737    125   5816 4.078530E-06 4.616584E-02 1.013849E-04
  7738    739   1547 3.152188E-06 4.753295E-02 4.488789E-05
  7739     67     92 2.138056E-05 2.483507E-02 6.255956E-05
  7740   2118   2356 9.517467E-07 4.419417E-02 6.608761E-05
  7741   1342   2118 4.389414E-06 1.258622E-02 4.039751E-05
  7742    203    731 4.607905E-06 5.594990E-02 8.698056E-05
  7743     37     50 2.344755E-05 4.118010E-02 1.309644E-04
  7744   1628   1668 5.705388E-06 5.847591E-02 4.429566E-05
  7745     31   1756 6.542630E-06 4.999003E-02 8.304655E-05
  7746    617   1647 4.375548E-06 4.808026E-02 5.243012E-05
  7747   2356   6040 9.553092E-07 3.125000E-02 5.230911E-05
  7748    203    335 1.074358E-05 4.616729E-02 7.611409E-05
  7749    891   1046 4.711489E-06 4.890382E-02 7.064742E-05
  7750   1226   1391 5.664407E-06 5.494098E-02 6.053090E-05
  7751   1853   6607 1.935992E-06 3.794072E-02 2.831726E-05
  7752    237   2369 2.811728E-06 7.947006E-02 8.091975E-05
  7753    125   4373 3.294520E-06 8.090025E-02 1.154402E-04
  7754    542   3065 4.956283E-06 7.219298E-02 4.408523E-05
  7755    513   1595 5.970656E-06 6.917772E-02 4.518551E-05
  7756    435   1494 6.570282E-06 2.618677E-02 8.639719E-05
  7757     37   2193 6.646220E-06 4.849175E-02 1.745822E-04
  7758   1226   4375 3.765273E-06 2.572272E-02 4.532012E-05
  7759      8   2015 3.289148E-06 7.027673E-02 1.476695E-04
  7760    125   2369 4.617978E-06 3.576235E-02 1.252999E-04
  7761   3856   5807 9.540138E-07 6.250000E-02 2.757791E-05
  7762    125    739 6.985150E-06 3.673606E-02 1.161491E-04
  7763   1156   1547 3.491328E-06 3.733676E-02 4.394134E-05
  7764    513   1053 6.597225E-06 5.154894E-02 3.650769E-05
  7765    243    732 8.416455E-06 5.151461E-02 1.044214E-04
  7766     36   4441 3.144144E-06 4.521231E-02 1.186368E-04
  7767      8   6607 2.525127E-06 4.936623E-02 1.280000E-04
  7768     32   2896 3.134471E-06 6.306086E-02 1.149968E-04
  7769   1850   1883 6.390002E-06 4.188695E-02 4.795859E-05
  7770   1156   6047 3.001659E-06 6.432091E-02 6.343309E-05
  7771    125   3888 3.767629E-06 2.134013E-02 8.590203E-05
  7772    459    730 5.923036E-06 4.584195E-02 9.385719E-05
  7773     67   2890 2.814056E-06 4.863914E-02 1.220943E-04
  7774    203   4649 3.417081E-06 5.576857E-02 4.877560E-05
  7775   2933   6225 4.183048E-06 3.677835E-02 3.359675E-05
  7776   6465   6607 2.597662E-06 1.270062E-02 3.083489E-05
  7777   1883   2573 4.052905E-06 4.719470E-02 8.878840E-05
  7778   1674   6047 3.930065E-06 7.050121E-02 4.890648E-05
  7779   1342   6040 1.798199E-06 3.332711E-02 6.742758E-05
  7780   1609   1628 3.153396E-06 5.733704E-02 6.306435E-05
  7781   1853   3205 3.179053E-06 3.582327E-02 2.516415E-05
  7782   3126   5681 3.063352E-06 6.686731E-02 3.429448E-05
  7783    335   3154 4.195881E-06 3.143806E-02 6.183580E-05
  7784   1609   1668 5.726474E-06 3.176699E-02 3.985396E-05
  7785      8   1853 6.444681E-06 4.712078E-02 1.293758E-04
  7786    243   1053 8.823503E-06 4.568314E-02 7.869141E-05
  7787    906   6181 2.373719E-06 4.845202E-02 2.597729E-05
  7788      8   2307 4.538338E-06 7.021752E-02 1.497619E-04
  7789      8   6465 4.864268E-06 3.931927E-02 1.148366E-04
  7790     67    922 4.225965E-06 5.939328E-02 1.148431E-04
  7791    125   6081 9.603596E-07 2.795085E-02 4.357892E-05
  7792   2118   5874 2.372841E-06 2.382896E-02 5.684332E-05
  7793    335    731 6.398592E-06 6.294399E-02 7.507130E-05
  7794    789    891 4.211306E-06 4.072729E-02 5.436984E-05
  7795      8     37 2.881078E-05 3.439197E-02 1.722579E-04
  7796    739   1925 3.956858E-06 4.421740E-02 5.127407E-05
  7797    922   1647 4.736841E-06 5.049234E-02 6.408655E-05
  7798    554   3154 2.938748E-06 3.601434E-02 8.362566E-05
  7799    906   2933 2.931545E-06 8.778558E-02 4.695284E-05
  7800    297   1647 5.185678E-06 2.765376E-02 8.289984E-05
  7801    125   1682 3.636604E-06 2.994752E-02 5.225323E-05
  7802   2118   6040 3.594715E-06 4.840190E-02 6.083955E-05
  7803    286   6047 1.352459E-06 1.502533E-02 7.126530E-05
  7804   4849   5673 3.672939E-06 4.671983E-02 4.126240E-05
  7805    459    749 6.354716E-06 4.268168E-02 8.241064E-05
  7806    730    749 5.222224E-06 2.009374E-02 5.907156E-05
  7807    513   4322 3.629924E-06 2.424154E-02 3.812625E-05
  7808    335    554 8.645352E-06 1.934768E-02 6.155738E-05
  7809    173   1239 3.609450E-06 6.402200E-02 7.457267E-05
  7810   3334   6225 3.883542E-06 3.520953E-02 2.483136E-05
  7811   5597   6225 3.281896E-06 4.853431E-02 4.819712E-05
  7812     67   1263 6.605508E-06 3.250132E-02 9.215488E-05
  7813   2909   4072 3.626611E-06 2.850798E-02 3.132225E-05
  7814   1149   2933 3.726453E-06 5.088822E-02 8.157963E-05
  7815    789   1509 4.994278E-06 3.255536E-02 5.380349E-05
  7816     36     50 2.332855E-05 2.413268E-02 9.911264E-05
  7817     32     36 2.757511E-05 2.778996E-02 1.062704E-04
  7818    739   2165 4.714438E-06 6.314045E-02 5.845303E-05
  7819     27   3714 2.960152E-06 5.383241E-02 1.899431E-04
  7820   1156   2996 2.996859E-06 2.009806E-02 4.151970E-05
  7821   1674   2996 2.811665E-06 7.167133E-02 4.720732E-05
  7822    125   2574 4.634125E-06 5.958627E-02 1.491965E-04
  7823   2451   4373 2.805391E-06 6.336516E-02 4.171738E-05
  7824    541   1558 5.446569E-06 3.462851E-02 5.194664E-05
  7825     36   1859 4.223867E-06 4.659024E-02 1.771862E-04
  7826    922   3714 2.846407E-06 7.827593E-02 4.064553E-05
  7827   1342   3888 2.935827E-06 5.920072E-02 3.634043E-05
  7828   1342   3126 4.762017E-06 7.635203E-02 4.914724E-05
  7829   1263   2608 3.749040E-06 8.933925E-02 7.544125E-05
  7830     99    127 1.128157E-05 1.839648E-02 8.535358E-05
  7831   1967   4375 9.530299E-07 6.250000E-02 3.630521E-05
  7832    125   3038 3.921599E-06 6.100996E-02 1.106512E-04
  7833    125    662 8.131467E-06 4.481927E-02 9.101135E-05
  7834    739   1156 9.606220E-07 4.419417E-02 8.346113E-05
  7835   1156   4811 1.407983E-06 1.515848E-02 7.266184E-05
  7836   1342   2996 4.328447E-06 5.433138E-02 1.024384E-04
  7837    125   1302 5.708834E-06 4.716376E-02 1.544532E-04
  7838    286   3052 4.711471E-06 3.088783E-02 5.691427E-05
  7839    215   1183 4.663161E-06 4.309333E-02 9.774714E-05
  7840   1896   2964 6.143934E-06 3.578561E-02 5.213601E-05
  7841   2933   3334 4.080951E-06 5.739571E-02 4.526905E-05
  7842     32     50 2.775434E-05 6.076474E-02 1.202651E-04
  7843      8    256 1.474222E-05 2.184621E-02 2.365752E-04
  7844     92   1647 1.347935E-06 1.372993E-02 1.138479E-04
  7845    125   4811 2.620340E-06 4.752597E-02 1.168697E-04
  7846    739   4811 9.618047E-07 1.808643E-02 6.467140E-05
  7847   3334   5597 4.245021E-06 5.599812E-02 1.861810E-05
  7848   1883   3673 3.758468E-06 4.443944E-02 3.143670E-05
  7849   2996   6080 2.805648E-06 5.487358E-02 3.069843E-05
  7850    243    730 7.252366E-06 4.451613E-02 9.902761E-05
  7851   1925   3038 3.451959E-06 4.257904E-02 4.628665E-05
  7852   1925   2165 4.001307E-06 5.715819E-02 3.859555E-05
  7853    125   1241 2.531052E-06 3.715325E-02 1.025333E-04
  7854    487   1156 2.508883E-06 5.204455E-02 4.732166E-05
  7855   4849   5874 1.796086E-06 3.539760E-02 2.815927E-05
  7856    153    751 6.766709E-06 6.078144E-02 1.117457E-04
  7857   5597   6194 3.079248E-06 2.983023E-02 3.913274E-05
  7858    891   1057 4.816180E-06 3.286363E-02 6.278048E-05
  7859      8    920 6.087135E-06 1.120067E-02 1.733440E-04
  7860   1883   2227 5.864455E-06 4.293308E-02 7.038410E-05
  7861     67   3714 4.617089E-06 7.028145E-02 1.060883E-04
  7862   3126   5874 4.448112E-06 6.834736E-02 1.470290E-05
  7863   2451   3126 5.933177E-06 6.129537E-02 4.697572E-05
  7864   2451   4830 2.950145E-06 8.646261E-02 3.452408E-05
  7865   1302   2451 1.800181E-06 3.304940E-02 6.765840E-05
  7866   1569   2686 3.147911E-06 8.246590E-02 6.225686E-05
  7867   1302   2574 2.927439E-06 6.874503E-02 4.248977E-05
  7868    513   3052 3.000140E-06 5.674363E-02 4.222462E-05
  7869     36    485 1.222045E-05 2.953897E-02 1.895834E-04
  7870   2991   5874 9.644267E-07 1.481418E-02 3.777907E-05
  7871    214    732 9.558020E-07 4.419417E-02 1.221207E-04
  7872    286   4849 3.158437E-06 2.483120E-02 6.502147E-05
  7873   2451   5902 9.609365E-07 1.987023E-02 3.955140E-05
  7874    335    490 2.363850E-06 5.053978E-02 8.430856E-05
  7875   1674   4136 3.957519E-06 4.575466E-02 2.799859E-05
  7876    126    756 5.557885E-06 4.865313E-02 1.252554E-04
  7877    751   6570 3.503930E-06 5.217156E-02 4.430479E-05
  7878    490    554 1.069568E-05 3.030370E-02 6.010265E-05
  7879   2933   5597 3.579100E-06 4.807543E-02 5.722191E-05
  7880     50   3612 3.445917E-06 2.267712E-02 1.069716E-04
  7881   1569   4315 1.792988E-06 7.760245E-02 6.154005E-05
  7882    485   2686 3.134886E-06 8.772054E-02 6.293579E-05
  7883    662   1029 4.577027E-06 8.947871E-02 6.918103E-05
  7884    125   1304 7.625305E-06 5.551278E-02 8.858787E-05
  7885    487   1674 3.727662E-06 4.507121E-02 5.411768E-05
  7886    214    286 1.468920E-05 3.789549E-02 5.427875E-05
  7887    335   1630 3.630017E-06 3.376382E-02 1.194414E-04
  7888    662   3038 3.086452E-06 6.769569E-02 5.471765E-05
  7889   1342   3019 3.824317E-06 4.925790E-02 4.902491E-05
  7890   4136   6080 3.277043E-06 7.164503E-02 2.019254E-05
  7891   2153   3126 2.797814E-06 2.776702E-02 3.312302E-05
  7892    153   1200 7.421271E-06 7.913557E-02 7.911552E-05
  7893    891   1546 6.236819E-06 3.794355E-02 3.985109E-05
  7894     37   3278 4.616115E-06 4.655350E-02 1.294064E-04
  7895   1057   2232 4.625918E-06 4.574233E-02 3.440875E-05
  7896    662   1241 4.743207E-06 5.437705E-02 6.194337E-05
  7897    127    243 1.190281E-05 2.333309E-02 1.058784E-04
  7898   1896   3264 3.980740E-06 4.207657E-02 2.273582E-05
  7899   1602   3673 3.006279E-06 5.873326E-02 2.780308E-05
  7900   4086   5834 2.424695E-06 4.997673E-02 4.349885E-05
  7901   1464   1682 5.093287E-06 5.304067E-02 2.765895E-05
  7902    203    756 9.702554E-07 2.137462E-02 8.428396E-05
  7903    294    485 6.572607E-06 6.914457E-02 7.026996E-05
  7904    541   2898 2.626653E-06 4.948478E-02 3.695522E-05
  7905    214    243 1.118682E-05 4.498213E-02 8.913490E-05
  7906   1278   1630 7.145925E-06 2.412967E-02 3.441403E-05
  7907   1302   1885 4.015983E-06 5.287980E-02 6.074793E-05
  7908    147   2964 3.699244E-06 6.793662E-02 8.574665E-05
  7909    485   4690 4.935456E-06 7.005524E-02 4.028984E-05
  7910   1241   1464 4.156689E-06 4.666329E-02 6.878256E-05
  7911   2877   4902 2.485630E-06 3.971753E-02 4.386823E-05
  7912   2991   5547 3.553092E-06 3.640458E-02 3.151189E-05
  7913    286   5547 4.017244E-06 5.525945E-02 7.521585E-05
  7914    751   1594 4.188045E-06 2.967542E-02 4.483849E-05
  7915    190    310 8.352198E-06 1.910361E-02 1.111543E-04
  7916   2165   3263 3.601758E-06 5.448750E-02 3.270399E-05
  7917   4136   6079 2.366133E-06 7.702273E-02 2.727708E-05
  7918    214   3052 1.975776E-06 7.900000E-02 5.738170E-05
  7919   2017   2287 5.089161E-06 2.589285E-02 4.402994E-05
  7920   3810   3985 3.315371E-06 3.703299E-02 3.543631E-05
  7921   1510   3182 3.516102E-06 7.900000E-02 3.225203E-05
  7922   1090   1609 3.148665E-06 6.009015E-02 4.230535E-05
  7923    239   3831 3.650944E-06 4.395939E-02 4.686587E-05
  7924   1302   5932 3.335023E-06 6.608452E-02 4.829461E-05
  7925   4086   5839 2.244370E-06 5.047038E-02 4.318504E-05
  7926   3263   3720 3.983310E-06 5.144365E-02 3.648461E-05
  7927    487   3720 2.630318E-06 2.253820E-02 5.591060E-05
  7928   1304   2877 4.758030E-06 6.370779E-02 5.510723E-05
  7929   2451   5932 2.237797E-06 7.654760E-02 5.380315E-05
  7930   2933   4974 3.452582E-06 8.128260E-02 8.791120E-05
  7931   3010   5651 2.258387E-06 7.783018E-02 6.354195E-05
  7932   1090   6606 2.926769E-06 7.815730E-02 3.286276E-05
  7933    662   5839 2.809476E-06 3.604193E-02 5.917526E-05
  7934   2165   2794 2.429369E-06 5.053968E-02 3.632734E-05
  7935    487    882 3.819962E-06 1.571419E-02 8.028711E-05
  7936   2991   5898 1.346227E-06 5.115887E-02 3.072055E-05
  7937    286   5866 3.146086E-06 7.277804E-02 5.256160E-05
  7938    749   2284 3.846537E-06 3.493244E-02 5.933995E-05
  7939    217    749 6.047426E-06 3.797689E-02 1.278494E-04
  7940   1632   1885 4.088284E-06 3.724781E-02 6.613243E-05
  7941    756   1630 4.443275E-06 2.860857E-02 1.017377E-04
  7942     17    899 7.008300E-06 4.483776E-02 1.824142E-04
  7943   3010   4033 9.667195E-07 2.815228E-02 2.912575E-05
  7944    662    820 2.993392E-06 3.905451E-02 8.036494E-05
  7945   2794   3263 4.055078E-06 2.819953E-02 2.024675E-05
  7946   3263   4309 3.235356E-06 3.243022E-02 1.023009E-04
  7947    751   3310 4.505250E-06 7.394745E-02 3.894417E-05
  7948   1200   3310 3.906196E-06 4.512502E-02 5.382087E-05
  7949     31     74 1.598157E-05 2.156880E-02 2.834818E-04
  7950   1925   2235 2.959605E-06 7.894968E-02 6.672673E-05
  7951     77    190 6.582247E-06 3.620833E-02 1.845674E-04
  7952   3019   4203 4.586589E-06 2.833254E-02 3.450927E-05
  7953   2317   5655 3.998264E-06 8.150009E-02 2.370323E-05
  7954   6462   6468 4.266091E-06 4.904373E-02 2.636686E-05
  7955     36    256 4.879184E-06 3.271568E-02 1.430082E-04
  7956      8   3831 2.816231E-06 3.567356E-02 1.203830E-04
  7957   1304   3690 4.407859E-06 4.451370E-02 2.703232E-05
  7958   2877   3690 1.860357E-06 4.684796E-02 4.608389E-05
  7959    286    882 4.233080E-06 4.839462E-02 1.170728E-04
  7960   1885   5932 9.529046E-07 1.670383E-02 3.369250E-05
  7961   1594   3310 3.113270E-06 6.563897E-02 2.652962E-05
  7962   1149   4974 2.425300E-06 3.498028E-02 3.768290E-05
  7963   1827   4086 4.396694E-06 5.147643E-02 2.652602E-05
  7964   1827   1925 2.805575E-06 5.537772E-02 6.631547E-05
  7965   2801   2991 1.407028E-06 2.086891E-02 3.717881E-05
  7966   2317   5866 2.825542E-06 3.806352E-02 2.701027E-05
  7967   2801   5547 9.466233E-07 6.250000E-02 3.680214E-05
  7968    459   2284 5.357599E-06 4.135709E-02 9.342462E-05
  7969    217    243 6.238772E-06 4.190917E-02 2.105758E-04
  7970   2287   6727 2.240678E-06 5.252440E-02 2.356220E-05
  7971   3010   4955 2.666993E-06 6.139863E-02 2.899437E-05
  7972    920   2715 4.818143E-06 2.147768E-02 6.614470E-05
  7973   1827   5815 3.663861E-06 4.752065E-02 2.751003E-05
  7974   2794   3851 2.809888E-06 6.041354E-02 3.148750E-05
  7975    662   4815 1.862992E-06 7.900000E-02 4.573680E-05
  7976   1304   1550 3.148123E-06 7.334386E-02 4.521569E-05
  7977   1304   4902 2.997431E-06 4.547237E-02 5.354429E-05
  7978   3019   4902 9.582428E-07 3.146720E-02 5.973319E-05
  7979    459   4837 4.599595E-06 5.920860E-02 9.636731E-05
  7980    677   4955 3.730215E-06 3.206062E-02 5.838900E-05
  7981   1569   3217 4.347296E-06 2.572295E-02 2.797965E-05
  7982    820   5839 3.961451E-06 6.133441E-02 3.480188E-05
  7983   4293   5912 1.353448E-06 5.452055E-02 2.799687E-05
  7984    554   4128 3.857883E-06 3.615759E-02 7.517042E-05
  7985    677   3810 3.656390E-06 7.967575E-02 5.929021E-05
  7986    487   3263 1.797133E-06 1.005597E-02 1.123217E-04
  7987   3019   3690 3.153400E-06 6.859583E-02 5.484410E-05
  7988   1387   4512 4.194998E-06 3.940091E-02 4.198964E-05
  7989    756   2609 4.188567E-06 3.794305E-02 2.841855E-05
  7990   1583   6468 3.804924E-06 7.853155E-02 3.152826E-05
  7991     37    920 5.865720E-06 7.794632E-02 1.389034E-04
  7992   2191   2440 3.999859E-06 6.376568E-02 4.660860E-05
  7993    487   4309 3.114582E-06 6.305406E-02 8.209841E-05
  7994    217   2284 6.165412E-06 4.387206E-02 1.080356E-04
  7995   3388   3985 4.644000E-06 4.967124E-02 4.602023E-05
  7996    677   3985 2.950700E-06 6.001313E-02 6.258068E-05
  7997   1090   1602 9.628404E-07 2.564822E-02 4.419191E-05
  7998      8   5974 3.603190E-06 4.946817E-02 1.968368E-04
  7999    196    256 1.391035E-05 2.375666E-02 5.793448E-05
  8000   1827   2235 6.086602E-06 5.107920E-02 3.137114E-05
  8001   3263   6031 2.621012E-06 6.464285E-02 8.105283E-05
  8002   3690   4203 2.613460E-06 5.363279E-02 4.154969E-05
  8003   4902   6063 4.221606E-06 5.097711E-02 2.114055E-05
  8004   2017   6727 3.476044E-06 5.327432E-02 2.890836E-05
  8005   2017   3865 3.539884E-06 3.589886E-02 3.691631E-05
  8006   4958   4974 3.299479E-06 4.560739E-02 2.473375E-05
  8007     37   4412 9.425154E-07 6.250000E-02 1.283415E-04
  8008    848   1090 5.810800E-06 2.573197E-02 5.124639E-05
  8009      8    196 7.562524E-06 7.351763E-02 2.378524E-04
  8010   2611   4086 3.368754E-06 7.589181E-02 4.773020E-05
  8011   2221   3263 4.042300E-06 5.708130E-02 3.036286E-05
  8012    286   4309 3.947531E-06 4.196766E-02 7.097549E-05
  8013   1632   2931 3.986620E-06 4.802256E-02 3.366594E-05
  8014   3699   4128 3.116771E-06 3.005805E-02 4.612660E-05
  8015   5651   6180 2.925663E-06 3.597089E-02 3.597381E-05
  8016   1148   1509 5.040780E-06 3.435329E-02 7.497688E-05
  8017     36     75 1.372086E-05 1.800566E-02 2.122169E-04
  8018   1550   4902 3.205148E-06 7.900000E-02 5.420659E-05
  8019    882   4309 3.817917E-06 4.485291E-02 5.619462E-05
  8020   1292   3448 4.805320E-06 6.917470E-02 2.869877E-05
  8021    723   1631 3.764700E-06 3.900261E-02 6.819859E-05
  8022   3388   5016 4.458386E-06 4.570994E-02 4.312073E-05
  8023   1148   1546 5.731161E-06 4.034777E-02 3.464737E-05
  8024    820   4815 2.664609E-06 5.908462E-02 4.167902E-05
  8025   1956   4203 2.805361E-06 6.428622E-02 3.671756E-05
  8026   1956   4902 9.609740E-07 1.670383E-02 4.232128E-05
  8027   1632   2939 2.694234E-06 2.297001E-02 3.920820E-05
  8028    723   5219 3.753283E-06 3.037885E-02 9.421110E-05
  8029   3985   5016 4.232670E-06 2.390928E-02 4.885859E-05
  8030   3388   6180 2.692209E-06 2.467015E-02 4.064544E-05
  8031     32   6573 5.866742E-06 2.923066E-02 6.418301E-05
  8032    196   1569 3.423405E-06 5.582285E-02 6.478730E-05
  8033   1978   4784 4.341798E-06 5.856859E-02 1.848296E-05
  8034   2227   4784 3.451414E-06 6.468681E-02 3.688682E-05
  8035   2221   2794 1.791592E-06 1.111571E-02 3.650150E-05
  8036   2317   3884 3.612267E-06 4.459886E-02 2.436083E-05
  8037    122    243 2.364658E-06 2.849936E-02 8.830686E-05
  8038   2609   4667 4.994695E-06 5.600918E-02 3.220946E-05
  8039      3   3164 5.478761E-06 2.090970E-02 1.932507E-04
  8040     17    253 7.556681E-06 2.917513E-02 1.665418E-04
  8041   2232   5123 9.478401E-07 6.250000E-02 4.928901E-05
  8042    885   4808 4.568420E-06 4.453573E-02 3.288633E-05
  8043   2780   3690 3.744964E-06 4.037253E-02 2.188888E-05
  8044   4203   5606 1.856990E-06 7.900000E-02 2.856413E-05
  8045   1885   5858 9.567704E-07 6.250000E-02 3.815783E-05
  8046   1632   3905 2.818538E-06 4.062479E-02 4.122618E-05
  8047    243   2539 6.090341E-06 5.579320E-02 8.277933E-05
  8048    127   1952 4.836781E-06 8.551247E-02 9.706513E-05
  8049    840   1306 4.720451E-06 6.822843E-02 4.787433E-05
  8050    880   3865 4.402665E-06 5.413237E-02 3.122448E-05
  8051   2568   2871 4.156689E-06 6.397876E-02 3.765460E-05
  8052   1956   5606 2.851366E-06 1.792716E-02 2.438573E-05
  8053    882   3884 4.211791E-06 4.767460E-02 6.044850E-05
  8054    215    716 4.626162E-06 2.533418E-02 5.367109E-05
  8055   1885   3905 3.275572E-06 4.849388E-02 3.529039E-05
  8056   1480   1533 3.727627E-06 4.644870E-02 2.631493E-05
  8057   1292   1713 4.715049E-06 3.252131E-02 3.640416E-05
  8058   2241   6665 2.805834E-06 2.635914E-02 2.864638E-05
  8059   1550   6019 3.145065E-06 6.076774E-02 2.880286E-05
  8060   4877   5933 2.950802E-06 4.793521E-02 2.517457E-05
  8061    840   1069 2.967411E-06 4.265202E-02 8.483547E-05
  8062    243    935 4.243319E-06 5.174600E-02 9.474931E-05
  8063     17   2401 2.629098E-06 2.966479E-02 1.889456E-04
  8064    723    880 4.049182E-06 3.595722E-02 7.232196E-05
  8065   4130   6142 1.861717E-06 7.796517E-02 1.563977E-05
  8066    875   1509 5.551219E-06 7.949412E-02 7.978432E-05
  8067     36   2825 3.727629E-06 2.322869E-02 8.488916E-05
  8068     36   4484 3.605414E-06 6.063280E-02 1.194505E-04
  8069    196    294 7.530317E-06 2.676372E-02 8.874656E-05
  8070    122    214 1.492223E-05 3.248485E-02 8.571707E-05
  8071   1898   4543 4.168038E-06 5.146557E-02 2.188432E-05
  8072   1085   1364 3.745005E-06 3.150051E-02 3.019865E-05
  8073    243   1169 3.971477E-06 1.917729E-02 8.010538E-05
  8074      3   3538 5.157067E-06 7.586685E-02 2.077640E-04
  8075   1292   6725 3.660804E-06 2.917370E-02 2.445017E-05
  8076    196   5974 3.578797E-06 5.621670E-02 5.678290E-05
  8077   4137   4203 9.529433E-07 4.419417E-02 4.297870E-05
  8078   1383   5517 3.860202E-06 5.902647E-02 2.633017E-05
  8079    286   2848 2.360319E-06 7.963412E-02 1.026239E-04
  8080   1885   2586 3.286043E-06 5.204968E-02 4.153560E-05
  8081     32   5685 4.447042E-06 6.107786E-02 9.365574E-05
  8082   2227   2282 4.136828E-06 7.252950E-02 4.411890E-05
  8083   2780   5606 4.021080E-06 6.228109E-02 2.177858E-05
  8084   6063   6075 2.728949E-06 6.618238E-02 3.545044E-05
  8085    935   1898 5.876639E-06 2.800694E-02 7.574786E-05
  8086   1128   1480 4.735973E-06 2.297392E-02 5.336381E-05
  8087    711   1596 1.176768E-06 6.270981E-02 8.426681E-05
  8088      3   5542 1.061461E-05 1.274328E-02 1.591375E-04
  8089     36   6753 3.744520E-06 6.547323E-02 8.279424E-05
  8090   2780   6019 3.194240E-06 4.637826E-02 3.227350E-05
  8091   4741   6031 3.552491E-06 5.820568E-02 4.153290E-05
  8092   1383   3793 3.057209E-06 7.900000E-02 4.986018E-05
  8093   1096   6364 4.598134E-06 6.405998E-02 2.270624E-05
  8094   1019   2932 3.142814E-06 6.434911E-02 4.592087E-05
  8095   4293   6063 3.462704E-06 4.828750E-02 3.852424E-05
  8096   2099   5933 3.628850E-06 8.388259E-02 3.211389E-05
  8097    214   1659 6.961046E-06 3.717642E-02 6.850455E-05
  8098   2586   3905 1.351278E-06 4.705707E-02 2.553291E-05
  8099   2586   6035 2.826390E-06 6.476607E-02 4.372597E-05
  8100   2322   2931 1.634041E-06 7.900000E-02 3.795439E-05
  8101      3   2674 4.768687E-06 4.913984E-02 2.259748E-04
  8102     17   5538 1.378957E-05 1.823446E-02 1.227365E-04
  8103    880   5247 3.906583E-06 1.902054E-02 5.048215E-05
  8104   1590   2241 4.293734E-06 2.403252E-02 4.035163E-05
  8105   6180   6234 2.427811E-06 3.001250E-02 3.721994E-05
  8106   5651   6234 3.258893E-06 5.526576E-02 4.712320E-05
  8107   6234   6246 3.496038E-06 2.683799E-02 1.760056E-05
  8108   3203   4130 3.141757E-06 8.085630E-02 2.894037E-05
  8109     32   1567 3.067566E-06 4.521946E-02 7.622833E-05
  8110   5547   5871 2.296984E-06 3.172588E-02 4.336032E-05
  8111      3   4671 4.292222E-06 8.865020E-02 1.827239E-04
  8112      8   4412 5.012864E-06 3.021429E-02 1.909235E-04
  8113   3029   5796 4.559009E-06 4.740581E-02 1.306558E-05
  8114   1956   2362 9.646672E-07 1.884446E-02 5.178422E-05
  8115   2322   4537 3.999877E-06 4.871742E-02 3.589587E-05
  8116   1069   2182 2.968289E-06 3.869250E-02 6.508787E-05
  8117    196   4484 4.391470E-06 4.849622E-02 5.287802E-05
  8118   4808   5825 3.628816E-06 8.030040E-02 3.449019E-05
  8119   2611   5776 3.631772E-06 3.818539E-02 2.367506E-05
  8120   2586   4046 4.306990E-06 4.744327E-02 2.723362E-05
  8121   1652   1952 5.649678E-06 2.627661E-02 4.275772E-05
  8122    490   1775 2.805366E-06 6.064750E-02 6.486450E-05
  8123   2017   5247 3.396064E-06 4.916875E-02 4.369112E-05
  8124      8   1393 5.038698E-06 6.702580E-02 1.130769E-04
  8125   4293   4898 2.961893E-06 4.223907E-02 3.186155E-05
  8126    840   2182 5.663890E-06 5.759930E-02 4.302843E-05
  8127      3   6543 3.152900E-06 3.381114E-02 1.809956E-04
  8128   5220   6734 3.781422E-06 6.480836E-02 2.370051E-05
  8129    723   5220 3.320520E-06 4.083315E-02 5.052412E-05
  8130   5668   6627 3.134979E-06 7.900000E-02 2.264875E-05
  8131   3828   5871 1.741766E-06 3.822556E-02 2.433680E-05
  8132    122   2367 3.079207E-06 1.621547E-02 6.240216E-05
  8133   2367   4543 2.696931E-06 2.702989E-02 2.340679E-05
  8134   1898   2367 9.554610E-07 6.250000E-02 3.875428E-05
  8135   1069   1070 2.996303E-06 4.925066E-02 6.307342E-05
  8136    396   3703 3.790671E-06 5.458216E-02 9.502177E-05
  8137   5191   6725 3.327104E-06 6.576746E-02 2.907104E-05
  8138   5016   6190 2.656750E-06 5.243539E-02 3.441312E-05
  8139    677   3388 2.809554E-06 4.543937E-02 9.089100E-05
  8140     50   5172 5.425504E-06 5.254692E-02 8.587511E-05
  8141   1090   1482 4.263822E-06 5.736599E-02 7.730661E-05
  8142    677   6246 3.986562E-06 2.310072E-02 7.470915E-05
  8143     35   4551 3.314249E-06 4.632416E-02 1.230780E-04
  8144   2191   4781 1.181613E-06 5.871662E-02 4.596347E-05
  8145   1706   3884 4.057322E-06 4.283356E-02 4.287751E-05
  8146   4088   4845 3.917628E-06 3.276087E-02 3.475584E-05
  8147    480   1898 4.289865E-06 6.365922E-02 1.275655E-04
  8148   1128   1130 5.695819E-06 4.833438E-02 4.151371E-05
  8149   2539   4569 2.624893E-06 4.555570E-02 2.359019E-05
  8150   1070   2182 4.713857E-06 4.186325E-02 4.486975E-05
  8151      7   2572 4.727449E-06 4.078681E-02 2.062816E-04
  8152   1019   4412 9.568705E-07 4.419417E-02 5.005042E-05
  8153    848   2188 3.266093E-06 3.832066E-02 9.185414E-05
  8154     35   3029 6.062769E-06 3.839615E-02 1.256929E-04
  8155   4734   4741 1.410171E-06 8.300447E-02 2.356521E-05
  8156    459   4848 4.230984E-06 6.801856E-02 1.146595E-04
  8157   2367   2534 5.232482E-06 5.624710E-02 3.429852E-05
  8158    215   2526 4.538681E-06 7.273494E-02 6.796001E-05
  8159   1177   1952 2.621100E-06 4.073286E-02 4.242087E-05
  8160    480    935 6.042370E-06 3.814291E-02 1.046492E-04
  8161    127    657 8.428872E-06 4.281549E-02 1.077720E-04
  8162    379    385 8.158588E-06 4.156298E-02 5.772251E-05
  8163   1292   5191 3.332735E-06 6.841442E-02 3.982433E-05
  8164   5442   6646 2.994149E-06 6.688903E-02 3.216440E-05
  8165     35   5796 4.229415E-06 7.619522E-02 1.217161E-04
  8166    882   1706 4.018827E-06 2.821793E-02 5.470321E-05
  8167   1952   3765 1.213101E-06 3.529932E-02 4.280421E-05
  8168      3   3940 4.856336E-06 7.958718E-02 1.700785E-04
  8169   1403   1909 6.255364E-06 7.134470E-02 4.282413E-05
  8170   2362   3828 4.438978E-06 2.350445E-02 2.338099E-05
  8171   2099   4845 3.153737E-06 5.571196E-02 3.140734E-05
  8172    214   2848 5.583631E-06 3.492806E-02 7.205791E-05
  8173    217    480 8.133607E-06 1.969131E-02 8.811303E-05
  8174    935   1169 5.711061E-06 4.810641E-02 6.750144E-05
  8175    421   2572 3.060250E-06 3.430975E-02 3.918295E-05
  8176     36   5172 3.597571E-06 7.900000E-02 8.046932E-05
  8177    848   2602 4.029205E-06 8.088746E-02 5.190828E-05
  8178   1177   3765 4.433561E-06 7.117191E-02 1.933996E-05
  8179    398   3590 2.620258E-06 8.960796E-02 6.318568E-05
  8180   1019   1502 5.732651E-06 6.246584E-02 4.899484E-05
  8181    460   4452 4.274292E-06 8.177360E-02 4.788976E-05
  8182   4898   4947 4.249017E-06 7.947619E-02 3.174543E-05
  8183   3793   4947 2.812567E-06 6.941129E-02 2.389805E-05
  8184   2848   4083 4.590818E-06 4.459571E-02 1.967487E-05
  8185      3    398 9.863575E-06 2.461982E-02 2.038226E-04
  8186     35   4806 2.830711E-06 2.091765E-02 1.060663E-04
  8187   1472   2534 2.959821E-06 4.273317E-02 3.715562E-05
  8188      3    396 1.164561E-05 2.143861E-02 2.320069E-04
  8189   1066   5442 3.263310E-06 4.316141E-02 5.194734E-05
  8190   1503   1615 4.249440E-06 6.660489E-02 6.398474E-05
  8191      7    421 6.887220E-06 2.671366E-02 2.190760E-04
  8192     50   1349 5.341704E-06 3.557077E-02 9.555539E-05
  8193   4734   6006 2.372923E-06 7.526843E-02 1.649577E-05
  8194   1177   5613 3.280970E-06 8.306874E-02 2.819648E-05
  8195   1425   2507 3.759120E-06 7.478301E-02 3.159983E-05
  8196   1066   6646 4.079348E-06 4.650912E-02 5.752047E-05
  8197   3151   3389 4.885052E-06 4.920260E-02 4.788322E-05
  8198    677   4980 3.306760E-06 5.671866E-02 5.155619E-05
  8199   1288   2571 3.763168E-06 8.261349E-02 4.243948E-05
  8200     35    341 1.051986E-05 2.597673E-02 1.149024E-04
  8201    214   1472 4.292381E-06 2.666353E-02 1.233517E-04
  8202   4046   4344 2.920353E-06 6.449309E-02 4.791551E-05
  8203    880   1678 5.394612E-06 2.689399E-02 6.506085E-05
  8204   1425   3017 3.026727E-06 2.359349E-02 2.592742E-05
  8205    714   1084 7.312522E-06 3.279643E-02 4.069204E-05
  8206   3151   5364 4.457135E-06 7.236887E-02 1.997123E-05
  8207    214   5978 3.653784E-06 7.008900E-02 7.577581E-05
  8208   6646   6649 3.197991E-06 5.789556E-02 1.933124E-05
  8209   1503   6632 3.763136E-06 4.501943E-02 4.512508E-05
  8210   1503   1590 3.892188E-06 6.377065E-02 4.420641E-05
  8211   1019   1794 2.182336E-06 3.904171E-02 8.089185E-05
  8212    159    430 5.363806E-06 1.606181E-02 7.219195E-05
  8213   2848   5978 3.459077E-06 5.641289E-02 3.192691E-05
  8214    127    393 3.290312E-06 7.294098E-02 1.178963E-04
  8215    393    657 8.717965E-06 2.269421E-02 8.649999E-05
  8216   1660   5383 3.737816E-06 4.621267E-02 3.333453E-05
  8217   4980   6190 2.994594E-06 4.851776E-02 6.899156E-05
  8218   5109   6415 2.805403E-06 7.900000E-02 2.354494E-05
  8219     75   2459 3.723345E-06 2.328570E-02 1.276802E-04
  8220      8   2715 1.348433E-06 1.744012E-02 1.772687E-04
  8221    430    726 4.749568E-06 4.371076E-02 8.967478E-05
  8222   1659   5613 1.399578E-06 5.214557E-02 3.314492E-05
  8223   1941   1952 4.037498E-06 7.079768E-02 8.665116E-05
  8224   1530   1799 3.794498E-06 7.122118E-02 4.425137E-05
  8225     17   1649 6.001662E-06 3.064374E-02 1.546266E-04
  8226   1222   1503 5.050050E-06 2.765818E-02 5.076089E-05
  8227   1066   5400 2.990808E-06 6.738617E-02 4.249267E-05
  8228   4980   6246 3.526028E-06 3.828471E-02 3.363112E-05
  8229   3376   6415 2.616085E-06 7.900000E-02 2.836701E-05
  8230   3376   5109 3.817731E-06 4.191410E-02 2.544891E-05
  8231     50   1459 2.248957E-06 3.761905E-02 8.873792E-05
  8232   1554   2188 1.792324E-06 7.900000E-02 6.961076E-05
  8233    848   1554 3.828031E-06 6.015383E-02 1.351835E-04
  8234    518    726 6.642924E-06 5.282244E-02 4.631628E-05
  8235    341    376 8.202880E-06 3.067585E-02 9.099830E-05
  8236     35    376 1.032105E-05 3.937803E-02 1.192461E-04
  8237   1675   4898 4.052518E-06 7.732992E-02 4.681674E-05
  8238   2848   3102 3.029559E-06 4.907231E-02 4.706579E-05
  8239   1472   5967 3.286453E-06 6.309640E-02 3.682658E-05
  8240   1177   3147 3.040738E-06 4.222260E-02 3.853326E-05
  8241   1277   3900 4.010723E-06 3.581846E-02 3.088450E-05
  8242   1520   3017 2.997466E-06 3.088362E-02 2.933072E-05
  8243   3017   6649 3.142199E-06 4.770442E-02 1.723188E-05
  8244   1660   3151 3.606505E-06 5.181203E-02 2.451946E-05
  8245      8   1794 6.103362E-06 5.014317E-02 2.012565E-04
  8246     35   4259 1.800266E-06 6.113769E-02 1.169796E-04
  8247    159    341 1.536109E-05 4.021493E-02 7.908304E-05
  8248   1706   5967 2.363091E-06 4.801004E-02 4.446111E-05
  8249   1941   4344 1.528966E-06 7.900000E-02 3.250448E-05
  8250    379    393 1.269884E-05 4.146743E-02 4.848544E-05
  8251     35    726 5.408125E-06 3.649178E-02 2.045909E-04
  8252     35   5809 3.266621E-06 7.043204E-02 7.881143E-05
  8253   4898   5901 4.015715E-06 7.140540E-02 3.663860E-05
  8254   4898   5892 2.805461E-06 5.835814E-02 4.366956E-05
  8255     77    162 1.558534E-05 3.087434E-02 7.462878E-05
  8256   1210   1653 5.394113E-06 4.482593E-02 4.966068E-05
  8257   1014   5253 4.462158E-06 2.415477E-02 5.114716E-05
  8258    880   1014 6.427402E-06 3.367544E-02 7.419608E-05
  8259   3017   6786 1.788157E-06 7.760215E-02 1.889329E-05
  8260   6649   6786 3.125082E-06 5.065769E-02 1.388314E-05
  8261   1222   2465 4.730146E-06 4.847878E-02 4.556868E-05
  8262   1211   1512 3.718750E-06 3.983119E-02 4.808590E-05
  8263     36   1211 3.842755E-06 4.596785E-02 1.360211E-04
  8264   2887   2913 5.691086E-06 5.900422E-02 2.939126E-05
  8265   1706   3854 4.114543E-06 2.725125E-02 4.670755E-05
  8266    398    681 5.266093E-06 3.637869E-02 5.199586E-05
  8267    572   4481 3.832248E-06 3.917499E-02 5.285933E-05
  8268   2465   3297 4.213232E-06 5.882022E-02 2.017881E-05
  8269   1794   4466 3.178380E-06 4.239564E-02 3.574588E-05
  8270    196   4586 3.536453E-06 6.932786E-02 4.981429E-05
  8271    186    310 1.455477E-05 5.308154E-02 8.366447E-05
  8272     29     35 3.010475E-05 4.163733E-02 8.482432E-05
  8273   3854   5860 3.615195E-06 5.231488E-02 1.473547E-05
  8274    215   3316 3.610006E-06 7.135480E-02 7.108442E-05
  8275   1014   4251 2.622467E-06 5.360384E-02 3.192774E-05
  8276    880   5253 1.977152E-06 7.900000E-02 7.610746E-05
  8277   1503   1901 5.475134E-06 3.987542E-02 5.024723E-05
  8278   1503   2926 4.521680E-06 3.406997E-02 3.402838E-05
  8279    181    421 9.545669E-06 2.592090E-02 9.706851E-05
  8280      7    192 1.268157E-05 1.625066E-02 2.166971E-04
  8281      8   4888 4.360398E-06 6.287454E-02 1.598378E-04
  8282    430    518 5.218105E-06 3.678543E-02 6.664959E-05
  8283     16    430 7.359500E-06 2.045623E-02 1.517492E-04
  8284    307    711 5.543423E-06 3.932862E-02 8.253642E-05
  8285    484    935 4.917002E-06 2.558126E-02 8.820122E-05
  8286   1014   1678 4.455570E-06 2.319113E-02 4.158877E-05
  8287   1222   3297 3.679021E-06 2.155808E-02 3.656205E-05
  8288   1503   1535 4.783119E-06 3.851896E-02 5.122072E-05
  8289   1839   6673 3.154802E-06 4.507190E-02 1.794107E-05
  8290   6303   6412 3.146271E-06 5.182054E-02 3.864607E-05
  8291   1403   3072 2.810867E-06 4.796903E-02 4.251549E-05
  8292   5892   5901 2.603060E-06 5.023009E-02 3.090296E-05
  8293   3102   3854 3.602165E-06 4.453109E-02 3.370295E-05
  8294    122   1458 6.825105E-06 3.376169E-02 5.947883E-05
  8295    879   1349 5.863316E-06 4.625102E-02 5.994115E-05
  8296   3425   3809 4.667870E-06 3.251872E-02 2.450065E-05
  8297   1452   1498 6.092803E-06 4.355653E-02 4.851972E-05
  8298    349   1706 3.760508E-06 3.342347E-02 6.378693E-05
  8299    122   1472 3.079015E-06 3.613000E-02 6.532290E-05
  8300    572   4145 3.141433E-06 7.318915E-02 6.921603E-05
  8301   4035   5231 3.487763E-06 4.163321E-02 3.822902E-05
  8302   1660   1839 4.411942E-06 3.080820E-02 4.803245E-05
  8303   1554   5142 4.680838E-06 5.023194E-02 5.893327E-05
  8304    460   6098 3.816309E-06 6.308167E-02 4.817998E-05
  8305      8   5263 1.976653E-06 1.888233E-02 9.218222E-05
  8306   4888   5951 4.208094E-06 5.383740E-02 2.422405E-05
  8307    376    405 1.263128E-05 3.248157E-02 5.477919E-05
  8308    122   3542 3.396750E-06 1.827840E-02 8.792118E-05
  8309   4182   6714 2.427383E-06 7.900000E-02 2.233268E-05
  8310     17    794 3.030191E-06 6.376471E-02 2.179214E-04
  8311    794   1649 5.207385E-06 8.705033E-02 5.154037E-05
  8312   1425   1973 5.520978E-06 3.444291E-02 3.524070E-05
  8313   5383   5399 2.621085E-06 7.280824E-02 1.793514E-05
  8314   2926   4067 3.748532E-06 5.648238E-02 2.713510E-05
  8315   4409   6412 4.126038E-06 7.399831E-02 3.704826E-05
  8316    879   1512 4.313077E-06 1.874848E-02 4.400101E-05
  8317    932   2384 3.233524E-06 4.339605E-02 3.511489E-05
  8318    275   1530 5.747780E-06 8.555864E-02 9.554722E-05
  8319   1349   1459 6.338736E-06 3.109744E-02 3.718647E-05
  8320   1211   1459 5.782424E-06 4.175635E-02 4.385302E-05
  8321    196   2676 1.330483E-06 2.083333E-02 7.723249E-05
  8322    430   1448 4.550200E-06 2.405041E-02 4.659521E-05
  8323    346   2809 9.529453E-07 4.419417E-02 7.341079E-05
  8324   1472   3854 3.009820E-06 3.079291E-02 6.685963E-05
  8325   4871   5972 2.823271E-06 8.102465E-02 2.920963E-05
  8326    681   1054 7.445221E-06 4.865893E-02 2.881274E-05
  8327    396    398 3.829880E-06 5.336997E-02 1.092509E-04
  8328   5241   5246 3.751036E-06 2.782362E-02 2.204880E-05
  8329   1660   2618 4.245627E-06 3.613720E-02 6.372640E-05
  8330   1590   4067 2.611014E-06 7.050184E-02 7.847989E-05
  8331   2459   4460 2.619397E-06 5.951289E-02 3.865639E-05
  8332    460   5114 1.045670E-06 6.250000E-02 4.977410E-05
  8333     36   2311 2.184472E-06 4.659351E-02 1.259339E-04
  8334   1512   3809 3.061971E-06 4.846741E-02 4.298976E-05
  8335    518   1448 2.810470E-06 5.293498E-02 4.464419E-05
  8336   1014   2353 4.552194E-06 4.999008E-02 4.074970E-05
  8337   3141   6688 2.990737E-06 6.697396E-02 3.580514E-05
  8338   1839   2618 3.258695E-06 5.960300E-02 4.682267E-05
  8339   1535   1901 4.133725E-06 5.361087E-02 2.164019E-05
  8340   1211   1349 2.963746E-06 3.933718E-02 5.640514E-05
  8341   5114   6098 9.525292E-07 2.795085E-02 4.443107E-05
  8342   1211   3809 2.997850E-06 5.165517E-02 5.056210E-05
  8343      8    298 4.819909E-06 5.678427E-02 2.246247E-04
  8344     35    346 3.829518E-06 6.178214E-02 1.428624E-04
  8345   2809   5709 4.207224E-06 4.879093E-02 1.877843E-05
  8346   2623   4215 9.486081E-07 2.795085E-02 2.155995E-05
  8347   1070   3721 2.175333E-06 4.658119E-02 6.519103E-05
  8348    714   3380 3.539982E-06 2.501294E-02 4.092553E-05
  8349   1222   1535 4.512800E-06 2.200885E-02 2.742439E-05
  8350   1280   6303 2.241726E-06 4.610240E-02 7.361945E-05
  8351   6311   6391 4.388261E-06 5.907016E-02 2.151668E-05
  8352   1211   1452 4.960773E-06 4.098569E-02 4.565594E-05
  8353    196    995 9.561457E-07 2.083333E-02 1.272659E-04
  8354    162    217 1.571603E-05 3.710706E-02 6.010826E-05
  8355    480   1458 4.594922E-06 3.995275E-02 7.572914E-05
  8356   1070   1540 2.366933E-06 5.971802E-02 8.004036E-05
  8357    122    572 5.609753E-06 1.896679E-02 1.306413E-04
  8358   5235   5614 3.110478E-06 8.778490E-02 2.626341E-05
  8359   3659   3746 3.174688E-06 8.621489E-02 1.756691E-05
  8360   1839   3141 5.531634E-06 7.302816E-02 5.379937E-05
  8361   1503   4067 5.818680E-06 5.116504E-02 5.236726E-05
  8362   1584   5046 2.809644E-06 4.735773E-02 4.683888E-05
  8363   1561   1901 5.673860E-06 7.582632E-02 4.965046E-05
  8364   6337   6396 3.559570E-06 2.385371E-02 4.583086E-05
  8365    280   6412 3.007619E-06 3.805846E-02 4.379514E-05
  8366    816   3702 2.997878E-06 4.951375E-02 3.719047E-05
  8367    711   4695 6.472950E-06 6.160461E-02 6.505107E-05
  8368   1277   1813 5.368849E-06 2.967596E-02 8.481562E-05
  8369   4409   6389 2.183353E-06 4.221929E-02 5.797218E-05
  8370   1683   5994 1.857979E-06 5.511839E-02 2.303423E-05
  8371   2703   3147 2.805417E-06 8.942009E-02 3.784587E-05
  8372    607   1014 6.120100E-06 3.778214E-02 6.688589E-05
  8373   1014   6738 4.417689E-06 5.462466E-02 2.966417E-05
  8374   1901   4067 4.301707E-06 5.473025E-02 3.999720E-05
  8375   5098   6337 3.473295E-06 2.622781E-02 7.020963E-05
  8376      8   4225 1.395601E-06 1.733438E-02 1.263644E-04
  8377    518    952 4.315083E-06 5.365173E-02 5.410994E-05
  8378    159    726 2.856583E-06 3.162372E-02 8.411186E-05
  8379     16    159 3.858531E-06 1.199472E-02 2.061097E-04
  8380    159    405 9.484514E-06 3.353134E-02 9.023874E-05
  8381     46    405 1.268814E-05 2.149157E-02 1.270141E-04
  8382   1997   5601 9.565697E-07 1.733438E-02 3.095723E-05
  8383   2095   5080 3.001058E-06 5.648867E-02 3.303974E-05
  8384   1581   2425 5.060587E-06 4.800428E-02 3.450991E-05
  8385    995   1452 6.302451E-06 5.120472E-02 3.504534E-05
  8386      8   3308 6.725947E-06 2.366588E-02 1.416969E-04
  8387   1177   4581 3.554807E-06 5.760178E-02 6.738749E-05
  8388   4145   6550 2.807652E-06 6.208844E-02 2.615953E-05
  8389      3   4606 4.407085E-06 5.999444E-02 1.388141E-04
  8390   1973   5408 4.037047E-06 2.668891E-02 1.636272E-05
  8391   1584   5683 2.801523E-06 3.720453E-02 4.759891E-05
  8392   2095   4067 4.043908E-06 7.195439E-02 5.734741E-05
  8393   2239   3543 3.236781E-06 1.967558E-02 7.037997E-05
  8394    995   1211 4.842970E-06 4.562476E-02 7.536104E-05
  8395    349   3854 3.079758E-06 4.128201E-02 4.589153E-05
  8396   3400   6062 4.227743E-06 7.217752E-02 1.788340E-05
  8397   2635   3147 3.804987E-06 6.297334E-02 3.852833E-05
  8398    480    484 7.822999E-06 3.248396E-02 8.352696E-05
  8399      3   4614 9.769448E-06 7.112821E-02 9.731940E-05
  8400   1535   4067 4.383795E-06 4.770433E-02 3.757074E-05
  8401   1561   5554 4.237276E-06 3.512158E-02 2.112366E-05
  8402   2404   5080 2.620261E-06 6.222056E-02 3.232416E-05
  8403   3425   5387 4.166009E-06 5.133353E-02 2.131778E-05
  8404    341    726 3.945855E-06 3.158086E-02 9.355790E-05
  8405    346    483 3.499777E-06 2.807930E-02 1.423397E-04
  8406     35   3015 3.742263E-06 5.958322E-02 1.254244E-04
  8407    122   3238 3.409251E-06 5.107259E-02 9.872929E-05
  8408   1047   1472 3.176576E-06 6.921749E-02 6.201512E-05
  8409    918   3908 2.809500E-06 3.711291E-02 5.936828E-05
  8410    814   2703 3.788113E-06 6.728697E-02 8.288173E-05
  8411   1616   2949 4.307932E-06 4.075708E-02 3.680438E-05
  8412    992   2353 4.259443E-06 5.142660E-02 6.457277E-05
  8413    607   2353 3.306897E-06 7.120170E-02 5.911726E-05
  8414   1901   2404 5.965363E-06 5.591282E-02 4.886026E-05
  8415   1229   3439 3.393806E-06 2.472108E-02 7.031402E-05
  8416      7    168 1.071473E-05 1.946687E-02 1.998924E-04
  8417    280   4409 2.960129E-06 4.935838E-02 5.101256E-05
  8418   1280   4409 1.790293E-06 7.760217E-02 7.689705E-05
  8419    746   1754 4.720491E-06 3.092665E-02 4.956731E-05
  8420    460   4465 4.245674E-06 5.172342E-02 6.849392E-05
  8421   4465   5114 9.645184E-07 2.259751E-02 2.418901E-05
  8422   5114   5562 3.576333E-06 2.111389E-02 3.253304E-05
  8423      8   2239 4.004689E-06 2.574156E-02 1.413279E-04
  8424    376   3015 3.502977E-06 4.502163E-02 8.415155E-05
  8425   2846   4904 3.284628E-06 5.937802E-02 3.464181E-05
  8426   4904   4906 3.315441E-06 8.001847E-02 2.478726E-05
  8427    122    814 5.143169E-06 3.664786E-02 1.025260E-04
  8428   4242   6715 4.075858E-06 6.329950E-02 5.726852E-05
  8429   3967   4241 3.575819E-06 3.612771E-02 1.971174E-05
  8430   1752   5408 1.407093E-06 7.838231E-02 4.876147E-05
  8431    280   1280 4.222274E-06 1.949899E-02 9.184237E-05
  8432    460   6320 3.419907E-06 8.151643E-02 7.276912E-05
  8433   1211   2827 1.347969E-06 2.099243E-02 3.892972E-05
  8434   2311   2827 2.245043E-06 4.356914E-02 2.603540E-05
  8435   1100   1512 4.102224E-06 5.256321E-02 6.485446E-05
  8436      8   5633 2.816746E-06 2.595406E-02 1.179795E-04
  8437    816   5639 4.304434E-06 4.045192E-02 3.424390E-05
  8438    159   5769 3.256037E-06 4.801853E-02 6.164361E-05
  8439     16   4788 5.439976E-06 5.557413E-02 1.016716E-04
  8440     35   1024 3.776907E-06 2.906462E-02 1.288192E-04
  8441   3854   5945 3.603192E-06 8.128685E-02 4.157170E-05
  8442   1997   2010 1.413281E-06 2.241831E-02 4.222640E-05
  8443    385    606 3.063322E-06 5.634524E-02 8.362568E-05
  8444   1428   5241 9.546192E-07 4.419417E-02 8.779223E-05
  8445    607   6738 3.912724E-06 4.686029E-02 4.760582E-05
  8446   3285   4067 3.437241E-06 3.391095E-02 3.751406E-05
  8447   2095   6171 2.790672E-06 1.617311E-02 2.955562E-05
  8448   1584   6171 9.925255E-07 7.310303E-02 2.806824E-05
  8449   4143   5080 4.667617E-06 5.664007E-02 1.451779E-05
  8450   1561   2404 4.101478E-06 8.248319E-02 5.962293E-05
  8451    753   1754 7.238411E-06 1.964584E-02 5.056964E-05
  8452   1318   1554 4.549614E-06 4.819543E-02 3.283916E-05
  8453   2860   4831 2.623497E-06 4.721527E-02 3.951359E-05
  8454   1616   1997 4.498969E-06 4.883063E-02 4.586192E-05
  8455   1997   2524 3.090583E-06 5.277628E-02 3.565439E-05
  8456   2263   5251 4.784122E-06 2.210457E-02 2.225770E-05
  8457   2404   4143 3.415619E-06 5.163152E-02 3.879042E-05
  8458     75    589 9.728740E-06 2.329208E-02 1.482470E-04
  8459   2626   5562 3.473706E-06 6.818368E-02 5.039770E-05
  8460    298   3486 4.240204E-06 4.426234E-02 3.277867E-05
  8461   3259   3542 1.653853E-06 4.467197E-02 3.679432E-05
  8462     40    794 9.642016E-07 1.445514E-02 1.292957E-04
  8463   2618   3141 2.811694E-06 4.636537E-02 5.229176E-05
  8464   2095   3285 3.934850E-06 4.944838E-02 3.671832E-05
  8465   2618   5067 3.857802E-06 7.237523E-02 4.262504E-05
  8466   1584   2095 2.918818E-06 6.766492E-02 4.590971E-05
  8467      7    181 4.075918E-06 3.656624E-02 2.674593E-04
  8468   1512   3315 4.433408E-06 4.254043E-02 3.062639E-05
  8469   1100   5387 3.930064E-06 6.708631E-02 3.362220E-05
  8470    995   4613 3.997724E-06 8.098349E-02 4.424987E-05
  8471    159    719 8.123698E-06 3.064202E-02 6.159957E-05
  8472     29   1947 7.532261E-06 4.498940E-02 9.091000E-05
  8473     29   2850 3.758784E-06 3.971021E-02 1.111303E-04
  8474     35   6067 1.864750E-06 5.268362E-02 1.154765E-04
  8475   3015   6067 2.809615E-06 4.691609E-02 4.548481E-05
  8476     16     46 1.164256E-05 2.276519E-02 2.260810E-04
  8477    307    355 8.413480E-06 1.795617E-02 8.581266E-05
  8478    122   3259 2.243433E-06 3.341654E-02 1.191799E-04
  8479    572   4682 4.798011E-06 6.392824E-02 2.272614E-05
  8480   1584   5034 4.045052E-06 4.976808E-02 3.400497E-05
  8481   1100   3543 3.650117E-06 5.401194E-02 3.063746E-05
  8482     46    159 5.805724E-06 3.037023E-02 1.597943E-04
  8483     46    376 1.112899E-05 4.098485E-02 1.452283E-04
  8484    814   4862 4.585954E-06 4.696466E-02 6.027037E-05
  8485    122   1047 7.866859E-06 4.632802E-02 9.551175E-05
  8486    932   1181 6.253056E-06 3.521104E-02 4.236149E-05
  8487   4211   5802 2.812096E-06 6.164476E-02 2.474122E-05
  8488   1277   1989 4.525382E-06 7.234327E-02 5.285000E-05
  8489   1989   2387 5.358361E-06 5.048687E-02 1.409542E-05
  8490    607    992 4.269398E-06 1.206079E-02 5.932303E-05
  8491   5098   5645 3.450359E-06 3.189451E-02 8.069882E-05
  8492   2626   3320 4.025651E-06 4.709739E-02 2.596565E-05
  8493    341    719 3.577170E-06 4.097651E-02 6.696462E-05
  8494     29   1761 4.577596E-06 5.388813E-02 1.263394E-04
  8495     35   2850 5.507054E-06 3.670946E-02 1.220357E-04
  8496   1826   2522 6.405634E-06 4.071720E-02 6.205192E-05
  8497    349   5945 2.958738E-06 5.051029E-02 3.277583E-05
  8498    725   3908 2.948914E-06 5.909042E-02 5.806673E-05
  8499   1047   1458 4.704405E-06 3.141224E-02 5.934200E-05
  8500    355    655 9.754738E-06 3.592460E-02 5.280767E-05
  8501    689   2010 4.937578E-06 6.137952E-02 3.488824E-05
  8502   1221   2028 3.280729E-06 5.662415E-02 5.986169E-05
  8503   1221   4159 2.729231E-06 6.873493E-02 3.864029E-05
  8504   1318   2146 3.432664E-06 2.577121E-02 5.799191E-05
  8505      8   1764 4.124701E-06 2.895774E-02 1.248138E-04
  8506      8   1408 7.873504E-06 6.417210E-02 1.414985E-04
  8507      8   1153 4.375250E-06 3.992520E-02 1.789723E-04
  8508    196   3353 3.686104E-06 4.217323E-02 9.552848E-05
  8509     35     49 2.874607E-05 4.216687E-02 6.985200E-05
  8510     29    346 2.180545E-06 1.640208E-02 1.443047E-04
  8511     30   1448 4.703367E-06 4.156458E-02 9.742917E-05
  8512     83    376 8.448937E-06 3.968190E-02 1.267810E-04
  8513    358   1944 3.525118E-06 2.574196E-02 4.182947E-05
  8514    689   1997 6.650093E-06 4.979447E-02 5.294451E-05
  8515    393    912 4.720529E-06 7.593706E-02 1.101661E-04
  8516      7    220 1.622430E-05 1.721288E-02 1.361761E-04
  8517   1754   6311 2.992585E-06 4.735808E-02 6.972616E-05
  8518   5562   6366 3.957225E-06 5.262542E-02 3.282600E-05
  8519   4798   5633 3.308296E-06 4.698552E-02 2.675915E-05
  8520    341   1034 2.964760E-06 6.058929E-02 6.840636E-05
  8521   1944   2624 1.803284E-06 6.163949E-02 4.102838E-05
  8522   1181   1658 3.451583E-06 4.496328E-02 5.084781E-05
  8523   2095   4143 4.253513E-06 4.753881E-02 1.829181E-05
  8524   1612   4613 3.230527E-06 6.907116E-02 4.097789E-05
  8525      8   4798 3.400661E-06 4.811450E-02 1.161842E-04
  8526     16    952 4.633366E-06 5.133270E-02 1.800564E-04
  8527   2846   4906 3.440701E-06 7.722498E-02 2.503591E-05
  8528    358   4906 2.999220E-06 4.492924E-02 7.353761E-05
  8529   3400   4582 2.798225E-06 2.050005E-02 2.288313E-05
  8530   1428   5246 1.349074E-06 5.650778E-02 7.854834E-05
  8531     98    238 1.061098E-05 2.477804E-02 1.121291E-04
  8532    589   1881 7.001774E-06 2.901346E-02 3.715102E-05
  8533    746    753 4.965749E-06 2.366997E-02 5.887842E-05
  8534   4465   5562 3.271360E-06 5.960586E-02 2.911971E-05
  8535    879   1100 3.533800E-06 3.123819E-02 7.167195E-05
  8536    896    995 7.239930E-06 3.133846E-02 5.887936E-05
  8537    298   5666 3.298080E-06 2.524258E-02 4.891894E-05
  8538   3711   6022 3.807507E-06 4.129331E-02 2.921079E-05
  8539   2846   4780 3.869714E-06 4.770701E-02 3.149437E-05
  8540    358   2723 4.259717E-06 3.282784E-02 3.919489E-05
  8541    349   4847 3.971651E-06 5.240246E-02 4.105549E-05
  8542   3238   5929 4.124760E-06 4.621459E-02 2.356621E-05
  8543    970   1262 4.169358E-06 4.287500E-02 4.793091E-05
  8544   4446   4465 3.946210E-06 2.872582E-02 4.554871E-05
  8545   4446   5562 3.752496E-06 5.526319E-02 3.465473E-05
  8546   1512   5073 2.431413E-06 6.212825E-02 3.537579E-05
  8547    346    757 2.185869E-06 4.588295E-02 1.817920E-04
  8548     30    159 3.708262E-06 5.716370E-02 1.425731E-04
  8549   1683   3116 3.602583E-06 8.144708E-02 3.505963E-05
  8550    376   6067 2.807211E-06 8.254383E-02 7.566908E-05
  8551   2522   2723 3.683597E-06 4.890907E-02 3.441462E-05
  8552    725    918 7.196880E-06 3.442694E-02 3.898266E-05
  8553    594   1540 6.422338E-06 5.370331E-02 6.327998E-05
  8554   1570   1997 6.211276E-06 7.900000E-02 6.147084E-05
  8555    752   4276 4.056864E-06 1.062379E-02 4.096686E-05
  8556    970   1581 4.763324E-06 6.560753E-02 6.098969E-05
  8557   1073   1554 2.823351E-06 4.709072E-02 5.286971E-05
  8558   2626   6366 3.621356E-06 3.755334E-02 5.886069E-05
  8559    346   1761 6.038724E-06 2.907566E-02 1.190463E-04
  8560    405    719 4.841087E-06 2.391500E-02 9.932573E-05
  8561   3116   5985 4.000687E-06 8.121066E-02 1.835824E-05
  8562   1026   2524 5.046700E-06 4.688639E-02 4.110986E-05
  8563   1428   4242 3.288848E-06 5.432708E-02 6.624922E-05
  8564   3439   6337 2.956793E-06 5.910790E-02 6.421686E-05
  8565    280   6396 1.799731E-06 7.088336E-02 6.367774E-05
  8566   4428   6389 2.359891E-06 2.868129E-02 3.504711E-05
  8567   1061   2293 4.891253E-06 5.137212E-02 5.319856E-05
  8568    896   1233 9.531553E-07 3.125000E-02 5.015901E-05
  8569   3163   5666 4.286109E-06 6.812109E-02 4.366307E-05
  8570    483    757 4.200801E-06 1.488880E-02 1.293627E-04
  8571   1024   3015 3.755652E-06 4.530243E-02 4.755764E-05
  8572   1947   2850 4.598562E-06 6.335939E-02 4.468964E-05
  8573    303   6546 1.997508E-06 3.371980E-02 5.106669E-05
  8574   1280   6389 2.196816E-06 2.399357E-02 7.782445E-05
  8575   4446   6366 4.063288E-06 2.629327E-02 3.414925E-05
  8576      8   3112 1.409521E-06 1.473139E-02 1.288860E-04
  8577     30   5769 3.946077E-06 3.955477E-02 7.291467E-05
  8578   1217   4823 3.110892E-06 8.582745E-02 4.688879E-05
  8579     46   2382 5.007730E-06 4.623193E-02 8.327371E-05
  8580     46   1101 3.757399E-06 2.052194E-02 9.759716E-05
  8581   2522   5642 4.623940E-06 3.767865E-02 2.989374E-05
  8582    932   1960 3.772391E-06 2.183415E-02 5.964545E-05
  8583    794   4393 3.535271E-06 7.215625E-02 5.122505E-05
  8584   2080   4999 3.872083E-06 3.712201E-02 3.452743E-05
  8585   6336   6396 4.047033E-06 2.771938E-02 4.873286E-05
  8586    746   4433 4.192550E-06 1.831381E-02 3.405793E-05
  8587   1554   2134 9.670449E-07 2.250959E-02 4.740006E-05
  8588   1748   2239 3.387063E-06 2.262293E-02 6.716105E-05
  8589      8   1748 9.564147E-07 3.608439E-02 1.415507E-04
  8590     46     83 9.841374E-06 2.323520E-02 1.252862E-04
  8591     16   1101 8.236923E-06 4.593963E-02 1.490726E-04
  8592     40    238 1.399075E-05 2.405835E-02 1.016073E-04
  8593   3026   4276 2.626016E-06 5.067685E-02 3.794621E-05
  8594   4752   5985 9.636278E-07 1.884446E-02 1.808358E-05
  8595   4780   5987 4.619947E-06 7.227961E-02 3.463475E-05
  8596     83   1024 7.091782E-06 2.824085E-02 1.077509E-04
  8597   2694   5863 1.534205E-06 5.898275E-02 2.629653E-05
  8598    358   2624 4.056525E-06 5.204596E-02 5.886861E-05
  8599     46   2493 3.778997E-06 6.716817E-02 7.312233E-05
  8600    918    977 5.590472E-06 5.179192E-02 5.505579E-05
  8601   1026   4116 4.111366E-06 4.206544E-02 4.053493E-05
  8602    689   1570 6.741435E-06 2.830196E-02 4.528951E-05
  8603   1570   2524 2.805363E-06 5.278693E-02 3.300033E-05
  8604      3   6763 3.305094E-06 5.856123E-02 1.866674E-04
  8605    752   1830 3.265210E-06 5.071966E-02 1.013610E-04
  8606   2295   4999 4.383349E-06 5.256877E-02 3.118992E-05
  8607   1280   3684 4.274847E-06 4.265868E-02 1.831023E-05
  8608    896   5073 2.423637E-06 5.630983E-02 7.212518E-05
  8609    192    859 6.181163E-06 4.284606E-02 1.525637E-04
  8610    298    394 1.034778E-05 2.922794E-02 8.445409E-05
  8611   4762   4780 1.419165E-06 3.169551E-02 3.614831E-05
  8612      3    384 1.467562E-05 4.102951E-02 3.470758E-04
  8613   1280   4428 4.027794E-06 6.385136E-02 7.616257E-05
  8614      7     75 5.175883E-06 5.759781E-02 1.880948E-04
  8615    952   3547 3.911411E-06 5.926657E-02 5.016347E-05
  8616    483   1601 4.120443E-06 5.638705E-02 5.702441E-05
  8617     16     30 2.360811E-05 5.784374E-02 1.907772E-04
  8618     49   1034 5.207575E-06 3.688634E-02 8.186891E-05
  8619    349   4775 4.058796E-06 7.487878E-02 4.785037E-05
  8620    349   3238 3.007770E-06 6.220350E-02 7.172976E-05
  8621   1047   2942 3.561533E-06 6.719340E-02 5.611574E-05
  8622    355   1658 4.901821E-06 4.207760E-02 7.173587E-05
  8623    169    181 1.206441E-05 3.517143E-02 1.369500E-04
  8624    168    181 5.017741E-06 2.729953E-02 1.063229E-04
  8625      7    169 1.248671E-05 2.016251E-02 2.061475E-04
  8626   1229   6337 9.457839E-07 6.250000E-02 7.617916E-05
  8627    161    186 1.275074E-05 2.173275E-02 9.359233E-05
  8628     30   3641 3.536901E-06 3.037723E-02 6.786182E-05
  8629    341   1719 1.423447E-06 7.900000E-02 7.143462E-05
  8630     35   4783 2.890482E-06 6.780634E-02 1.031884E-04
  8631    358   5713 2.955022E-06 6.109626E-02 7.303602E-05
  8632    814   6021 2.844899E-06 8.325016E-02 3.619914E-05
  8633    393    573 4.982799E-06 2.927798E-02 1.444765E-04
  8634    312   1830 6.199125E-06 2.382906E-02 5.608181E-05
  8635    312    752 6.845045E-06 1.920257E-02 5.634334E-05
  8636   2758   3022 4.186366E-06 2.576815E-02 5.071166E-05
  8637   1280   2758 6.095199E-06 2.904994E-02 4.129454E-05
  8638   1073   2146 3.139828E-06 5.681960E-02 4.103031E-05
  8639    694    983 3.387897E-06 3.201079E-02 7.387051E-05
  8640   2626   4165 4.916655E-06 3.183215E-02 2.240577E-05
  8641    192    306 1.040094E-05 1.609688E-02 7.102367E-05
  8642    719   1719 5.749721E-06 3.971369E-02 4.092559E-05
  8643   4752   6018 4.080416E-06 7.026506E-02 1.497172E-05
  8644   4762   5987 4.623834E-06 2.594225E-02 2.018991E-05
  8645   2522   4925 2.622265E-06 5.157437E-02 5.557688E-05
  8646   4868   5959 3.228825E-06 4.505057E-02 1.744030E-05
  8647    312   3026 3.945908E-06 5.746785E-02 4.435261E-05
  8648   3439   6134 2.840599E-06 2.203173E-02 4.722853E-05
  8649    280   6336 3.149109E-06 4.007994E-02 5.883982E-05
  8650   3320   4165 3.155727E-06 5.685160E-02 2.821247E-05
  8651     75    570 7.233375E-06 4.630021E-02 1.346079E-04
  8652     29   4829 2.842939E-06 3.832208E-02 7.510736E-05
  8653    470    688 6.249641E-06 2.766109E-02 6.319462E-05
  8654   5642   5959 3.564970E-06 7.077567E-02 3.063330E-05
  8655    379    450 6.109585E-06 5.450733E-02 1.080974E-04
  8656     40     98 1.815847E-05 5.196826E-02 1.954830E-04
  8657   5460   5467 2.997870E-06 8.340294E-02 2.137640E-05
  8658   1830   3026 4.536147E-06 4.018287E-02 5.283770E-05
  8659    753   5119 4.663658E-06 4.447040E-02 5.027462E-05
  8660    298   2273 3.760665E-06 4.674820E-02 5.161266E-05
  8661     30    952 1.478440E-06 1.390583E-02 1.199164E-04
  8662     16    719 1.352758E-06 2.083333E-02 2.107175E-04
  8663    918   6071 4.448819E-06 3.425947E-02 3.798874E-05
  8664    823   2915 1.801989E-06 6.838300E-02 5.545101E-05
  8665   3115   4471 3.283082E-06 2.735356E-02 3.485051E-05
  8666      3   2448 4.525397E-06 5.085435E-02 1.689577E-04
  8667   5082   5645 9.462749E-07 4.419417E-02 7.720666E-05
  8668      7    306 7.069139E-06 3.638425E-02 1.970117E-04
  8669   5987   6018 3.281931E-06 5.441835E-02 3.036055E-05
  8670   4764   4775 1.735149E-06 3.056696E-02 2.622320E-05
  8671   4178   4762 3.146179E-06 8.414883E-02 3.238315E-05
  8672     46    659 9.136210E-06 2.258000E-02 8.882130E-05
  8673   1047   4212 3.980436E-06 5.441014E-02 4.096732E-05
  8674    572   4152 3.949235E-06 4.754670E-02 7.140838E-05
  8675    275   1996 5.689281E-06 5.729427E-02 3.900584E-05
  8676    752   1063 6.540974E-06 1.552951E-02 7.656511E-05
  8677   1073   2134 6.287444E-06 4.771793E-02 5.553820E-05
  8678   2327   5013 3.984716E-06 2.700177E-02 4.304523E-05
  8679   3320   6621 3.322679E-06 5.380560E-02 2.043359E-05
  8680    298   3163 3.390217E-06 7.642540E-02 5.974472E-05
  8681    192    759 7.111980E-06 3.240959E-02 5.996561E-05
  8682   1034   1719 4.395328E-06 5.547224E-02 3.522910E-05
  8683    688    866 6.056440E-06 3.346381E-02 4.700751E-05
  8684   1728   5710 4.352657E-06 6.634756E-02 2.044454E-05
  8685   1238   5713 3.280697E-06 6.775891E-02 5.066589E-05
  8686     35   3360 2.998338E-06 5.588378E-02 9.455270E-05
  8687    736   1024 5.157334E-06 2.039972E-02 8.099170E-05
  8688    977   2243 5.525313E-06 3.687626E-02 6.338910E-05
  8689    450    606 1.000293E-05 4.539607E-02 7.009775E-05
  8690   2519   6795 3.990971E-06 3.152798E-02 1.637301E-05
  8691    312   4276 2.851324E-06 5.004626E-02 4.739895E-05
  8692   2934   6668 2.921704E-06 4.298402E-02 3.224168E-05
  8693   6336   6401 1.859950E-06 5.763059E-02 4.304882E-05
  8694    280   6401 2.912481E-06 3.845279E-02 7.097773E-05
  8695    746   5119 2.806326E-06 7.354705E-02 5.308082E-05
  8696   2626   4446 3.873931E-06 5.602894E-02 6.072216E-05
  8697   5013   6371 3.452236E-06 2.048248E-02 4.324652E-05
  8698   1610   2134 5.935786E-06 4.787283E-02 3.650287E-05
  8699   6626   6740 2.620334E-06 7.554169E-02 3.320948E-05
  8700    896   6744 2.996726E-06 3.459735E-02 6.750508E-05
  8701     29   5768 4.275396E-06 7.932074E-02 1.350070E-04
  8702     29    483 9.297336E-06 3.465361E-02 1.645778E-04
  8703    349    758 3.701583E-06 3.441531E-02 9.537655E-05
  8704     46   4112 2.966383E-06 6.143074E-02 8.236696E-05
  8705    725   5862 9.360690E-07 6.250000E-02 5.900076E-05
  8706    456    814 4.708594E-06 2.482118E-02 4.887169E-05
  8707   2029   5732 4.072968E-06 6.233487E-02 1.817962E-05
  8708    689   2564 6.073545E-06 5.105828E-02 6.009304E-05
  8709   5841   5849 4.586814E-06 6.002260E-02 2.809841E-05
  8710    484    713 8.322874E-06 3.899476E-02 4.751724E-05
  8711   3873   5004 4.197336E-06 3.743773E-02 2.299662E-05
  8712   5083   6336 2.620275E-06 3.669555E-02 3.643064E-05
  8713   4403   6371 4.064935E-06 2.716110E-02 1.817334E-05
  8714      7    407 1.066014E-05 3.806339E-02 1.710064E-04
  8715      7    859 6.670849E-06 1.807061E-02 1.933951E-04
  8716    192    407 7.393053E-06 4.613889E-02 7.406964E-05
  8717    810   1138 9.551678E-07 1.733438E-02 3.420052E-05
  8718    977   3115 3.717538E-06 5.677339E-02 6.506114E-05
  8719    594   2435 6.827885E-06 4.980034E-02 4.962701E-05
  8720    573   4647 4.658376E-06 3.841503E-02 1.029188E-04
  8721   2982   5230 3.457672E-06 7.682594E-02 1.619800E-05
  8722     17   3628 3.824098E-06 2.687076E-02 1.098107E-04
  8723   2295   5156 5.697332E-06 5.433761E-02 3.208539E-05
  8724    280   5082 2.624488E-06 4.656475E-02 3.722196E-05
  8725   2758   3684 9.610217E-07 6.304499E-02 3.059748E-05
  8726    696   1061 7.103773E-06 2.272308E-02 9.873555E-05
  8727    570   5887 3.132668E-06 5.677709E-02 3.231423E-05
  8728     29    757 7.212987E-06 2.817751E-02 1.767892E-04
  8729     49    376 9.492107E-07 4.419417E-02 1.460213E-04
  8730   1101   5494 3.717335E-06 6.304687E-02 4.937534E-05
  8731    977   1326 3.744512E-06 5.301824E-02 6.460137E-05
  8732    477   4471 2.623127E-06 5.845396E-02 5.249587E-05
  8733   6667   6668 1.489998E-06 7.409757E-02 2.395531E-05
  8734   5083   6401 4.589598E-06 3.657288E-02 3.120360E-05
  8735    753   3929 3.681340E-06 3.232036E-02 3.062284E-05
  8736   2626   3594 3.585760E-06 5.649195E-02 5.320990E-05
  8737   5007   5768 4.239288E-06 6.157107E-02 2.146384E-05
  8738    483   5768 4.081238E-06 5.762182E-02 5.043213E-05
  8739     49   5840 4.967948E-06 4.067243E-02 8.857296E-05
  8740     29    736 3.712752E-06 5.440035E-02 1.039831E-04
  8741   1326   5849 3.472083E-06 4.320924E-02 4.562158E-05
  8742    477   3115 2.992192E-06 6.263650E-02 6.600103E-05
  8743   4242   5192 2.807733E-06 2.186051E-02 3.639417E-05
  8744   3022   5082 1.793961E-06 7.654602E-02 4.838607E-05
  8745   6626   6739 1.732914E-06 2.359183E-02 2.470316E-05
  8746    306    407 1.071973E-05 2.250004E-02 6.553904E-05
  8747      8   3212 4.242971E-06 8.046483E-02 1.387452E-04
  8748     30   5840 4.262737E-06 5.490076E-02 7.186945E-05
  8749    470   1040 5.673208E-06 7.617417E-02 3.460495E-05
  8750   5867   5948 4.449722E-06 3.906780E-02 2.111841E-05
  8751    823   1537 2.854238E-06 4.804984E-02 5.823016E-05
  8752   2243   5841 3.761181E-06 4.763509E-02 5.481849E-05
  8753    606   2541 3.930064E-06 4.755563E-02 5.521374E-05
  8754   5082   5083 3.532473E-06 7.647486E-02 3.537928E-05
  8755    280   5120 1.421731E-06 5.917693E-02 4.802455E-05
  8756   2084   2863 3.139924E-06 6.675260E-02 5.083065E-05
  8757      8    271 3.298262E-06 4.859929E-02 1.754035E-04
  8758    475   1601 1.792889E-06 3.637500E-02 6.587179E-05
  8759     49   1719 5.156469E-06 4.589993E-02 7.688224E-05
  8760    968   4822 4.226327E-06 4.232741E-02 2.224379E-05
  8761    979   1761 5.709555E-06 4.693408E-02 4.899633E-05
  8762     16    697 6.828192E-06 3.116009E-02 1.894478E-04
  8763    823   5574 9.459012E-07 6.250000E-02 3.433968E-05
  8764    918   1326 6.361766E-06 2.289565E-02 7.644340E-05
  8765    480    713 7.238324E-06 8.187967E-02 1.017289E-04
  8766    689    857 7.803539E-06 3.668545E-02 4.946818E-05
  8767   1118   5841 2.178390E-06 3.494859E-02 4.823624E-05
  8768    572   1118 3.151205E-06 4.078528E-02 6.732939E-05
  8769    477   1026 5.696115E-06 3.196386E-02 7.522444E-05
  8770   1696   5156 4.481028E-06 3.532742E-02 2.968935E-05
  8771   1229   5165 4.034498E-06 3.543005E-02 4.502975E-05
  8772      7   3725 2.969703E-06 3.175487E-02 1.198960E-04
  8773   1280   5120 3.768618E-06 4.436938E-02 5.787416E-05
  8774    858    970 6.374457E-06 5.019110E-02 7.991388E-05
  8775    983   4403 2.987273E-06 4.552014E-02 5.538343E-05
  8776   3594   4165 3.147271E-06 6.095774E-02 4.214194E-05
  8777   4165   6621 4.447795E-06 5.023605E-02 3.087302E-05
  8778    306    859 6.320337E-06 4.869922E-02 6.310346E-05
  8779    161    282 1.286027E-05 5.157722E-02 7.540533E-05
  8780   4181   4764 3.877823E-06 6.308609E-02 3.884687E-05
  8781    823   2564 2.960447E-06 2.986915E-02 6.075379E-05
  8782   2029   3608 2.237086E-06 4.051375E-02 3.375567E-05
  8783    477    977 3.595063E-06 4.805064E-02 9.122550E-05
  8784    752   6201 4.016051E-06 3.379814E-02 3.004929E-05
  8785   2822   4992 1.129338E-06 6.250000E-02 3.101268E-05
  8786   5156   5157 4.528197E-06 6.412524E-02 2.115657E-05
  8787    872   1073 1.044314E-06 2.069217E-02 6.482323E-05
  8788   2170   2863 4.388150E-06 6.773277E-02 4.431533E-05
  8789   1456   2084 5.315359E-06 5.250185E-02 3.600522E-05
  8790     30     49 5.325783E-06 2.843684E-02 1.502302E-04
  8791    736   4783 3.592393E-06 4.283217E-02 5.809992E-05
  8792     83   1187 2.811764E-06 3.499750E-02 6.688356E-05
  8793     77   1253 6.175439E-06 3.367388E-02 9.900737E-05
  8794    358   5895 3.056489E-06 3.854500E-02 3.378251E-05
  8795    918   3610 2.993706E-06 5.367990E-02 7.142162E-05
  8796    303   4370 4.590917E-06 3.419042E-02 5.373064E-05
  8797   4992   5004 2.620254E-06 5.487286E-02 4.220572E-05
  8798   5082   5165 2.824577E-06 2.132963E-02 3.953204E-05
  8799    858   1189 6.627531E-06 2.499817E-02 3.956536E-05
  8800    896   4202 1.985367E-06 4.101056E-02 6.623394E-05
  8801    643    759 5.664419E-06 2.176080E-02 3.856359E-05
  8802    271    394 1.140596E-05 8.374016E-02 6.246123E-05
  8803     49   1187 4.385207E-06 4.473549E-02 9.822702E-05
  8804     77    282 7.639644E-06 3.975895E-02 1.215659E-04
  8805    349   5496 3.318026E-06 2.066466E-02 7.214614E-05
  8806    586    790 5.286068E-06 2.410142E-02 8.339497E-05
  8807    193    586 8.399400E-06 4.559072E-02 7.884766E-05
  8808    303   3508 2.922593E-06 7.399454E-02 7.194296E-05
  8809   1326   5841 2.927587E-06 4.325985E-02 3.323767E-05
  8810     17    978 7.953318E-06 2.706811E-02 1.557241E-04
  8811   1696   2295 3.604529E-06 6.738172E-02 3.692301E-05
  8812      7   6407 4.359420E-06 6.761956E-02 1.531185E-04
  8813    970   1189 3.296639E-06 8.419407E-02 7.032247E-05
  8814   1119   1217 9.551175E-07 4.419417E-02 4.972944E-05
  8815   1217   1931 4.535749E-06 6.119873E-02 3.087793E-05
  8816     83   6068 2.966223E-06 8.838148E-02 7.827233E-05
  8817   1024   6068 2.055055E-06 6.729066E-02 5.881101E-05
  8818   3913   4944 3.871204E-06 4.091592E-02 2.380047E-05
  8819     83    659 9.519216E-07 6.250000E-02 1.154338E-04
  8820   2029   4121 3.300462E-06 6.740787E-02 3.578893E-05
  8821   3508   4370 3.499016E-06 2.173916E-02 4.067540E-05
  8822    594   1996 5.540560E-06 5.563536E-02 7.449584E-05
  8823   3121   4316 2.181249E-06 2.801304E-02 4.518527E-05
  8824   4316   6704 2.620284E-06 4.198485E-02 4.041991E-05
  8825   1229   6134 3.562991E-06 2.939654E-02 2.480368E-05
  8826   5120   6401 2.997041E-06 3.670610E-02 3.457316E-05
  8827   6282   6330 3.661645E-06 5.015943E-02 2.879474E-05
  8828   4364   6371 3.326121E-06 7.900000E-02 3.306834E-05
  8829    192    643 3.688102E-06 4.528733E-02 8.530207E-05
  8830    192   1252 5.789946E-06 6.876550E-02 6.553724E-05
  8831   1238   4822 3.672833E-06 5.652038E-02 4.322707E-05
  8832     49   2210 2.175388E-06 1.686293E-02 7.822603E-05
  8833   1326   2243 3.945587E-06 6.784105E-02 5.735830E-05
  8834    477   1570 2.807281E-06 5.066977E-02 7.951960E-05
  8835    573    713 6.703373E-06 5.021269E-02 5.590050E-05
  8836      3   6470 1.037107E-05 1.669976E-02 1.511993E-04
  8837   3295   5186 3.872193E-06 3.287803E-02 4.092051E-05
  8838   3295   5192 1.798945E-06 7.801318E-02 4.168010E-05
  8839   4364   4403 2.817647E-06 5.263474E-02 2.809863E-05
  8840     75    576 4.435941E-06 2.931571E-02 1.645424E-04
  8841    859   6538 3.936437E-06 3.522027E-02 4.393806E-05
  8842     29   2793 4.052233E-06 6.821174E-02 9.665248E-05
  8843     46    719 2.952280E-06 5.703413E-02 1.321422E-04
  8844    725   5485 2.657572E-06 5.047410E-02 7.088058E-05
  8845    477    857 8.040566E-06 8.392483E-02 6.273297E-05
  8846   1063   1830 5.972526E-06 4.571546E-02 4.872654E-05
  8847   1375   1995 4.383324E-06 2.928402E-02 4.116157E-05
  8848      7   6353 3.292475E-06 4.932793E-02 1.086817E-04
  8849   2495   2844 3.904932E-06 7.752687E-02 2.523100E-05
  8850   3337   3668 3.449855E-06 7.131675E-02 2.152935E-05
  8851     29   5007 3.485763E-06 5.087426E-02 1.235271E-04
  8852     16   5829 4.822854E-06 7.439054E-02 9.945719E-05
  8853     46   1719 2.811376E-06 5.605102E-02 1.355144E-04
  8854     83   4950 4.462000E-06 6.329788E-02 5.467980E-05
  8855   4944   5496 3.160410E-06 6.843040E-02 3.559873E-05
  8856   2942   4121 4.185020E-06 6.989260E-02 2.216114E-05
  8857    477   2016 4.275628E-06 4.003375E-02 6.891190E-05
  8858   2343   3585 4.538595E-06 5.529471E-02 3.319626E-05
  8859    312   1063 2.966907E-06 4.653239E-02 4.379467E-05
  8860   2822   5611 4.236118E-06 4.755697E-02 4.008295E-05
  8861   2327   4364 1.351647E-06 2.587386E-02 6.170723E-05
  8862     29     49 2.145353E-05 7.900000E-02 1.053907E-04
  8863     46   2978 9.653231E-07 3.635502E-02 9.034735E-05
  8864     16   5494 3.112747E-06 5.800055E-02 1.321036E-04
  8865   3979   5497 3.796943E-06 5.438170E-02 3.151746E-05
  8866    605    697 3.760884E-06 3.426554E-02 4.649700E-05
  8867    605    624 6.014110E-06 3.663065E-02 4.191393E-05
  8868    814   5480 3.057285E-06 3.452144E-02 4.158399E-05
  8869   3454   4175 3.148925E-06 5.241568E-02 1.797914E-05
  8870   4007   5368 9.631462E-07 1.397542E-02 3.758328E-05
  8871   3250   3479 2.623147E-06 6.520339E-02 2.192052E-05
  8872    983   4364 3.990589E-06 5.632550E-02 6.238588E-05
  8873   4364   6223 4.327789E-06 7.864442E-02 3.495329E-05
  8874   2327   6223 2.628122E-06 4.377171E-02 2.670594E-05
  8875    306   1252 3.852204E-06 3.160942E-02 4.726066E-05
  8876     29   2575 3.185660E-06 2.313916E-02 1.669860E-04
  8877     29   5827 4.442201E-06 5.781134E-02 1.524326E-04
  8878     16   1935 3.911690E-06 5.762946E-02 8.862551E-05
  8879     16   2978 3.789599E-06 6.462595E-02 1.218958E-04
  8880    456   5480 4.972739E-06 7.252758E-02 2.485888E-05
  8881   3296   5186 4.156262E-06 5.998250E-02 2.208250E-05
  8882   3585   5473 3.323726E-06 4.772086E-02 2.054396E-05
  8883   2844   5471 3.384645E-06 6.404436E-02 1.891759E-05
  8884   3594   4355 3.973263E-06 3.182112E-02 2.115437E-05
  8885   2876   4355 3.618983E-06 7.435093E-02 3.355283E-05
  8886   3279   5281 5.024610E-06 7.546746E-02 1.150542E-05
  8887   3293   4181 4.383317E-06 6.407068E-02 2.568467E-05
  8888    790   1040 3.153652E-06 7.776686E-02 6.677482E-05
  8889     46   5494 4.096399E-06 5.380421E-02 1.043022E-04
  8890   4366   5862 1.931730E-06 6.875878E-02 1.799257E-05
  8891     46    624 9.548782E-07 3.608439E-02 1.615389E-04
  8892   4351   5490 1.353713E-06 6.788994E-02 2.307996E-05
  8893    694   6739 4.131139E-06 3.892975E-02 5.669672E-05
  8894    407   1252 7.610634E-06 5.336298E-02 6.389496E-05
  8895     16   5495 9.654269E-07 2.124308E-02 1.368187E-04
  8896    659   5478 3.772495E-06 5.346885E-02 3.988112E-05
  8897    456   4121 5.236143E-06 8.220008E-02 2.950086E-05
  8898    450   4647 6.349463E-06 7.070722E-02 5.741111E-05
  8899   2343   5473 3.874487E-06 5.949158E-02 3.700338E-05
  8900    168    169 4.383333E-06 6.702859E-02 1.067153E-04
  8901   2230   4236 2.033141E-06 2.008580E-02 2.750925E-05
  8902   2230   5176 3.129143E-06 8.968841E-02 3.551898E-05
  8903   2876   3594 3.155489E-06 7.900000E-02 3.596835E-05
  8904   1119   2209 5.802063E-06 4.800884E-02 4.758960E-05
  8905    162   1253 4.416452E-06 7.631920E-02 9.759426E-05
  8906    193   3508 2.925413E-06 7.007803E-02 7.755162E-05
  8907   1118   2966 4.568418E-06 5.411794E-02 2.650594E-05
  8908   2230   5483 1.405921E-06 8.277508E-02 2.037429E-05
  8909    394   5476 9.614832E-07 6.272936E-02 4.324989E-05
  8910    161   2209 4.341793E-06 6.989253E-02 9.197855E-05
  8911     29    979 3.300657E-06 8.503397E-02 1.198354E-04
  8912    456   5485 3.255672E-06 6.906981E-02 4.241627E-05
  8913   2966   4152 3.230363E-06 4.141597E-02 1.850043E-05
  8914   1456   6053 2.236174E-06 7.361964E-02 5.023276E-05
  8915      0    161 2.057887E-05 1.813116E-02 5.779200E-06
  8916      0    475 1.119812E-05 2.806632E-02 8.169083E-06
  8917      0   3279 5.640548E-06 5.678015E-02 6.365139E-06
  8918      0   2575 6.094330E-06 1.085679E-02 7.773202E-06
  8919      0     29 3.800778E-05 1.843923E-02 5.779200E-06
  8920      0   2793 4.716941E-06 4.715291E-02 1.170471E-05
  8921      0   5535 4.647461E-06 2.989324E-02 5.779200E-06
  8922      0     49 3.218090E-05 2.900942E-02 5.779200E-06
  8923      0     30 3.740406E-05 2.203438E-02 5.779200E-06
  8924      0     16 4.855477E-05 1.793613E-02 5.779200E-06
  8925      0   2209 6.859529E-06 1.405725E-02 5.779200E-06
  8926      0   1617 5.940929E-06 2.883820E-02 8.683183E-06
  8927      0   5281 1.734996E-06 2.551787E-02 9.451525E-06
  8928      0   1119 8.451602E-06 1.353108E-02 1.437341E-05
  8929      0    757 1.066000E-05 1.792188E-02 5.779200E-06
  8930      0    483 4.412720E-06 2.539493E-02 6.515677E-05
  8931      0   5827 4.733737E-06 3.207455E-02 5.779200E-06
  8932      0   5832 4.208438E-06 4.141727E-02 5.779200E-06
  8933      0   1237 8.138847E-06 2.389491E-02 5.779200E-06
  8934      0   4357 5.625636E-06 6.132151E-02 5.779200E-06
  8935      0   1238 8.231143E-06 2.177586E-02 1.732762E-05
  8936      0   1719 4.565404E-06 2.718271E-02 3.239323E-05
  8937      0    866 7.040783E-06 3.576446E-02 2.348446E-05
  8938      0   1931 7.588273E-06 3.905335E-02 5.779200E-06
  8939      0    282 1.656144E-05 4.346002E-02 5.779200E-06
  8940      0    979 9.533553E-06 2.108548E-02 5.779200E-06
  8941      0     46 3.362776E-05 1.546774E-02 5.779200E-06
  8942      0   1187 6.982961E-06 1.266999E-02 2.214661E-05
  8943      0   2210 6.969743E-06 2.196240E-02 5.779200E-06
  8944      0   5488 4.703710E-06 2.381651E-02 5.779200E-06
  8945      0   3293 5.449005E-06 3.532622E-02 5.779200E-06
  8946      0   1935 7.460963E-06 4.339184E-02 5.779200E-06
  8947      0    470 1.004213E-05 2.382908E-02 2.232781E-05
  8948      0    736 1.029916E-05 2.714534E-02 5.779200E-06
  8949      0     83 2.549984E-05 2.683953E-02 5.779200E-06
  8950      0   6068 4.115168E-06 4.785214E-02 1.694247E-05
  8951      0   2978 5.735211E-06 3.431808E-02 5.800796E-06
  8952      0    358 4.724410E-06 2.266592E-02 4.594846E-05
  8953      0   4181 4.198211E-06 2.915293E-02 1.452927E-05
  8954      0     77 3.083529E-06 3.582294E-02 1.101430E-04
  8955      0   5489 4.617662E-06 2.731099E-02 5.779200E-06
  8956      0   1253 8.424973E-06 3.592277E-02 5.779200E-06
  8957      0    162 1.697220E-05 3.597611E-02 7.439748E-05
  8958      0   5493 4.625906E-06 2.459683E-02 5.779200E-06
  8959      0   4939 5.317874E-06 4.261879E-02 5.779200E-06
  8960      0   5495 5.304011E-06 1.630649E-02 5.779200E-06
  8961      0   1040 3.746543E-06 3.282471E-02 3.421657E-05
  8962      0   4368 5.036591E-06 1.670220E-02 5.779200E-06
  8963      0   4944 4.007824E-06 3.513931E-02 7.496940E-06
  8964      0   5494 6.728755E-06 2.741504E-02 5.779200E-06
  8965      0    586 1.083168E-05 1.584986E-02 2.483742E-05
  8966      0   5496 4.565368E-06 3.072778E-02 5.779200E-06
  8967      0   5497 4.790855E-06 1.441252E-02 5.779200E-06
  8968      0   4950 3.800307E-06 1.998844E-02 1.538610E-05
  8969      0    349 5.302617E-06 4.145340E-02 6.632928E-05
  8970      0   3362 9.615003E-07 1.044925E-02 3.431774E-05
  8971      0    790 6.255944E-06 4.656380E-02 3.644432E-05
  8972      0    758 1.022171E-05 2.293116E-02 5.779200E-06
  8973      0    659 4.198217E-06 3.515511E-02 2.755198E-05
  8974      0    193 1.895112E-05 2.170773E-02 5.779200E-06
  8975      0    697 1.070773E-05 1.623294E-02 5.779200E-06
  8976      0    725 9.485178E-07 1.562500E-02 6.697294E-05
  8977      0    605 1.143909E-05 2.030670E-02 5.779200E-06
  8978      0   3952 4.634203E-06 2.912846E-02 5.779200E-06
  8979      0   4366 4.921881E-06 4.563492E-02 5.779200E-06
  8980      0   5478 4.617890E-06 3.708174E-02 5.779200E-06
  8981      0    624 1.106658E-05 1.552424E-02 5.779200E-06
  8982      0   5485 4.410386E-06 2.638280E-02 5.779200E-06
  8983      0    456 1.303983E-05 4.335107E-02 5.779200E-06
  8984      0   5480 5.304024E-06 3.179781E-02 5.779200E-06
  8985      0      3 8.553720E-05 2.201471E-02 5.779200E-06
  8986      0   1537 7.615374E-06 1.899983E-02 5.779200E-06
  8987      0   2016 5.790010E-06 1.722353E-02 1.588800E-05
  8988      0   4121 5.626656E-06 2.862708E-02 5.779200E-06
  8989      0    918 6.095725E-06 1.020214E-02 6.815699E-05
  8990      0   5574 9.467703E-07 2.083333E-02 2.112517E-05
  8991      0   2029 9.340909E-07 3.125000E-02 2.588306E-05
  8992      0   3508 5.369214E-06 1.188422E-02 1.120559E-05
  8993      0   1832 7.668875E-06 1.668795E-02 5.779200E-06
  8994      0    477 1.319643E-05 1.374857E-02 5.779200E-06
  8995      0    480 3.796157E-06 1.357355E-02 5.618592E-05
  8996      0   1326 7.968417E-06 3.011242E-02 5.779200E-06
  8997      0    355 9.543623E-07 1.562500E-02 7.145257E-05
  8998      0   3608 3.607060E-06 1.696840E-02 1.990461E-05
  8999      0   1627 5.626395E-06 3.766372E-02 8.908924E-06
  9000      0   1118 8.619559E-06 2.783743E-02 5.779200E-06
  9001      0   4370 4.669987E-06 1.848753E-02 7.172864E-06
  9002      0    713 8.990209E-06 3.887389E-02 1.497489E-05
  9003      0    857 9.516148E-06 4.835665E-02 5.779200E-06
  9004      0   2966 6.283161E-06 5.044904E-02 5.779200E-06
  9005      0   1026 4.414430E-06 2.648467E-02 3.881699E-05
  9006      0   2435 5.894553E-06 3.570223E-02 2.498144E-05
  9007      0   4152 5.788627E-06 2.737856E-02 5.779200E-06
  9008      0   2490 5.944046E-06 2.722821E-02 5.779200E-06
  9009      0    594 6.721509E-06 1.951513E-02 4.354929E-05
  9010      0    573 1.117723E-05 1.849866E-02 5.779200E-06
  9011      0   2541 6.313259E-06 4.581342E-02 5.779200E-06
  9012      0   1996 2.620258E-06 4.656137E-02 3.287586E-05
  9013      0   1829 7.137621E-06 3.796672E-02 5.779200E-06
  9014      0    450 1.312735E-05 2.524125E-02 3.295911E-05
  9015      0   4647 5.830823E-06 3.293816E-02 1.368138E-05
  9016      0   1314 7.061516E-06 2.601298E-02 8.068510E-06
  9017      0   5470 6.721485E-06 2.946013E-02 5.779200E-06
  9018      0   3350 5.370881E-06 3.762056E-02 5.779200E-06
  9019      0   2748 5.826935E-06 1.934955E-02 2.072453E-05
  9020      0   6470 7.091692E-06 6.606896E-02 1.220005E-05
  9021      0   6442 5.674218E-06 1.834859E-02 5.779200E-06
  9022      0   1786 3.804985E-06 5.167611E-02 2.154039E-05
  9023      0     98 2.381338E-05 2.062057E-02 5.779200E-06
  9024      0     40 3.424432E-05 1.532903E-02 5.779200E-06
  9025      0   5206 4.565246E-06 4.711342E-02 5.779200E-06
  9026      0   5482 5.203391E-06 3.601123E-02 2.813484E-05
  9027      0   3296 6.011687E-06 3.770656E-02 5.779200E-06
  9028      0   5186 2.626409E-06 3.341444E-02 1.457979E-05
  9029      0   3295 5.731351E-06 3.651924E-02 5.779200E-06
  9030      0    238 1.656127E-05 4.115156E-02 4.223994E-05
  9031      0   6801 3.714220E-06 4.677813E-02 5.779200E-06
  9032      0   5227 4.629619E-06 5.383496E-02 5.779200E-06
  9033      0    384 1.447520E-05 2.519461E-02 5.779200E-06
  9034      0   1968 5.445493E-06 3.467241E-02 1.150163E-05
  9035      0     17 1.201961E-05 1.787877E-02 1.162775E-04
  9036      0   5473 4.563208E-06 1.623151E-02 5.779200E-06
  9037      0   2343 6.728569E-06 1.582637E-02 1.887914E-05
  9038      0    978 9.264959E-06 5.106457E-02 5.779200E-06
  9039      0   1830 7.065669E-06 2.604358E-02 5.779200E-06
  9040      0    312 1.384345E-05 3.146850E-02 1.245413E-05
  9041      0   5338 3.369545E-06 2.406191E-02 2.091168E-05
  9042      0   3121 4.856855E-06 3.720312E-02 5.779200E-06
  9043      0   3454 4.327358E-06 5.291417E-02 5.779200E-06
  9044      0   1063 9.216083E-06 2.482224E-02 5.779200E-06
  9045      0   5347 3.746831E-06 4.533635E-02 5.779200E-06
  9046      0   5500 4.631416E-06 5.387674E-02 5.779200E-06
  9047      0    574 1.136263E-05 3.019236E-02 5.779200E-06
  9048      0   5499 4.759273E-06 4.800305E-02 5.779200E-06
  9049      0    752 7.972901E-06 3.035861E-02 4.479515E-05
  9050      0   3276 9.666698E-07 3.421427E-02 1.057185E-05
  9051      0   5368 5.316090E-06 3.029066E-02 5.779200E-06
  9052      0   5487 4.617760E-06 1.954198E-02 5.779200E-06
  9053      0   5049 2.688016E-06 3.062536E-02 1.459296E-05
  9054      0    181 1.290625E-05 1.754090E-02 5.358366E-05
  9055      0   4351 5.036510E-06 3.308214E-02 5.779200E-06
  9056      0   5062 5.317879E-06 2.154887E-02 5.779200E-06
  9057      0   4361 5.616959E-06 1.485859E-02 5.779200E-06
  9058      0   5490 4.567693E-06 2.947747E-02 5.779200E-06
  9059      0    169 2.086260E-05 2.437420E-02 5.779200E-06
  9060      0   6242 3.714220E-06 2.673036E-02 5.779200E-06
  9061      0   5611 3.744960E-06 4.529107E-02 1.411442E-05
  9062      0    168 2.038349E-05 3.096374E-02 5.779200E-06
  9063      0   2211 6.752085E-06 2.736118E-02 5.779200E-06
  9064      0   2230 4.223046E-06 1.889771E-02 1.463221E-05
  9065      0   5483 4.629619E-06 4.275129E-02 5.779200E-06
  9066      0   1995 3.744960E-06 3.170375E-02 1.620751E-05
  9067      0   4236 5.625449E-06 1.625841E-02 5.779200E-06
  9068      0   5157 2.620310E-06 5.820403E-02 1.669522E-05
  9069      0   3250 3.775990E-06 3.453355E-02 1.407978E-05
  9070      0   1375 5.791028E-06 4.459424E-02 2.613877E-05
  9071      0      7 4.477048E-05 2.011420E-02 6.016905E-05
  9072      0   6355 3.810209E-06 3.308310E-02 1.574688E-05
  9073      0   3479 3.883308E-06 2.556708E-02 1.694248E-05
  9074      0   1229 4.327650E-06 3.432734E-02 2.135147E-05
  9075      0   5176 9.565220E-07 3.125000E-02 1.613213E-05
  9076      0   5165 9.597011E-07 1.041667E-02 1.549992E-05
  9077      0   6370 4.038991E-06 4.255102E-02 5.779200E-06
  9078      0   6401 3.843289E-06 3.741533E-02 1.784139E-05
  9079      0   5082 9.473828E-07 2.083333E-02 3.663316E-05
  9080      0   5083 3.634643E-06 2.185130E-02 1.802480E-05
  9081      0   6353 4.038991E-06 2.353886E-02 5.779200E-06
  9082      0   3725 2.833526E-06 2.367359E-02 1.945953E-05
  9083      0   5110 5.304016E-06 3.077198E-02 5.779200E-06
  9084      0   6407 4.248562E-06 2.550236E-02 5.779200E-06
  9085      0   3531 5.317479E-06 4.168610E-02 5.779200E-06
  9086      0    220 1.448226E-05 1.104319E-02 1.915500E-05
  9087      0   6282 9.352368E-07 6.250000E-02 2.069914E-05
  9088      0   2495 3.083547E-06 4.298802E-02 1.266386E-05
  9089      0   2876 5.448140E-06 1.973485E-02 7.018610E-06
  9090      0   1938 7.444593E-06 3.613983E-02 5.779200E-06
  9091      0   5471 4.669246E-06 3.890876E-02 5.779200E-06
  9092      0    983 7.045254E-06 1.839415E-02 2.104394E-05
  9093      0   1189 6.963323E-06 2.299506E-02 1.020550E-05
  9094      0    753 9.517912E-07 2.468433E-02 4.514746E-05
  9095      0    858 9.411099E-06 1.641108E-02 5.779200E-06
  9096      0    696 1.028486E-05 2.415338E-02 5.779200E-06
  9097      0   4355 5.625993E-06 3.765833E-02 5.779200E-06
  9098      0   4364 5.305571E-06 3.817964E-02 5.779200E-06
  9099      0    576 1.167153E-05 3.335132E-02 5.779200E-06
  9100      0    872 9.050432E-06 1.955950E-02 8.748980E-06
  9101      0    694 1.104721E-05 3.123179E-02 5.779200E-06
  9102      0   6223 4.245136E-06 2.305924E-02 5.779200E-06
  9103      0    407 1.361712E-05 2.186956E-02 5.779200E-06
  9104      0   2327 5.921202E-06 1.710577E-02 1.951592E-05
  9105      0    859 9.197835E-06 2.805474E-02 5.779200E-06
  9106      0    306 1.577270E-05 2.185407E-02 5.779200E-06
  9107      0   2170 3.720094E-06 2.085609E-02 1.683188E-05
  9108      0   6739 9.800512E-07 2.171270E-02 2.936888E-05
  9109      0     75 7.766162E-06 3.146351E-02 1.190838E-04
  9110      0    896 3.744961E-06 7.925942E-02 3.341381E-05
  9111      0   4202 5.590707E-06 2.616893E-02 5.779200E-06
  9112      0   3668 9.586275E-07 3.066905E-02 1.617756E-05
  9113      0   4365 5.219112E-06 1.793468E-02 5.779200E-06
  9114      0    643 1.070265E-05 1.598394E-02 5.779200E-06
  9115      0   1456 6.011638E-06 1.172673E-02 1.441726E-05
  9116      0   1252 8.518838E-06 2.940933E-02 5.779200E-06
  9117      0   3292 5.021121E-06 2.630423E-02 5.779200E-06
  9118      0    271 1.664047E-05 2.980768E-02 5.779200E-06
  9119      0   5476 4.565375E-06 3.072788E-02 5.779200E-06
  9120      0    298 1.042776E-05 2.221167E-02 5.742478E-05
  9121      0    394 1.339270E-05 4.109435E-02 5.779200E-06
  9122      0   6053 3.714220E-06 1.871125E-02 5.779200E-06
  9123      0    759 7.691287E-06 3.581934E-02 2.336200E-05
  9124    168   6355 2.426759E-06 4.690292E-02 7.455194E-05
  9125    701   5738 2.620276E-06 7.760444E-02 4.928253E-05
  9126   1215   4217 2.815135E-06 6.395717E-02 3.110964E-05
  9127   1301   5581 3.028053E-06 5.172845E-02 3.740410E-05
  9128   1088   4802 1.799610E-06 3.046093E-02 3.336985E-05
  9129   2522   2624 3.698357E-06 8.221421E-02 3.095260E-05
  9130    689   2915 9.479338E-07 6.250000E-02 7.369361E-05
  9131   1537   5574 2.424850E-06 7.406751E-02 3.572607E-05
  9132   1383   4293 2.622112E-06 5.494243E-02 3.713160E-05
  9133   2178   5451 2.622475E-06 8.437616E-02 3.874495E-05
  9134   3437   6133 2.807907E-06 6.651825E-02 2.208007E-05
  9135    184   5879 9.495174E-07 6.250000E-02 1.269569E-04
  9136    477   1832 2.242372E-06 7.900000E-02 3.955556E-05
  9137    116   2558 1.790084E-06 7.760201E-02 9.826436E-05
  9138   1106   4812 9.587633E-07 2.083333E-02 7.284584E-05
  9139   1944   2723 1.857535E-06 5.858825E-02 4.535982E-05
  9140    551   5712 3.143057E-06 5.038734E-02 3.654784E-05
  9141    379    606 4.257360E-06 7.708244E-02 9.454943E-05
  9142   5514   5541 2.620270E-06 5.820259E-02 2.913511E-05
  9143   2915   4471 3.781981E-06 5.427416E-02 5.318623E-05
  9144   2016   5574 2.622649E-06 3.584128E-02 3.409098E-05
  9145   1106   4739 2.922060E-06 4.034115E-02 3.960504E-05
  9146   1941   3400 9.562568E-07 3.125000E-02 7.020278E-05
  9147    358   5867 1.413356E-06 3.274317E-02 4.905314E-05
  9148   2586   4845 9.505384E-07 4.419417E-02 6.281215E-05
  9149   4313   4904 9.514289E-07 4.419417E-02 3.396530E-05
  9150   4925   5642 3.601009E-06 4.884418E-02 5.922713E-05
  9151   1026   1570 5.850065E-06 7.866436E-02 3.041404E-05
  9152   2322   4557 2.990458E-06 3.298789E-02 5.157257E-05
  9153    512    821 3.902471E-06 6.252841E-02 5.675518E-05
  9154   2733   4912 2.810696E-06 5.231435E-02 4.419197E-05
  9155   1936   2548 1.794623E-06 1.423742E-02 3.696483E-05
  9156    754   1771 2.620252E-06 7.760190E-02 7.759885E-05
  9157   2623   3339 3.280184E-06 2.521372E-02 4.155060E-05
  9158   2755   3440 9.568940E-07 2.083333E-02 2.785308E-05
  9159    306    643 3.557369E-06 4.547987E-02 6.670602E-05
  9160   3214   5710 2.851265E-06 2.311405E-02 2.629667E-05
  9161   3770   5715 3.000740E-06 5.028693E-02 1.681905E-05
  9162   4737   4744 2.952318E-06 4.309513E-02 1.666180E-05
  9163   1550   3690 2.964271E-06 4.718335E-02 5.055703E-05
  9164   1550   1956 2.847223E-06 5.836198E-02 6.637290E-05
  9165   4904   5892 2.914915E-06 5.734169E-02 3.472507E-05
  9166   3339   4088 2.620280E-06 6.456969E-02 3.902708E-05
  9167   5710   5987 3.885833E-06 3.686452E-02 2.929156E-05
  9168   4215   4879 2.234280E-06 5.791908E-02 2.520521E-05
  9169   2322   4877 3.244096E-06 5.579799E-02 3.724546E-05
  9170    754   2845 2.178406E-06 4.070998E-02 4.784663E-05
  9171    977   5849 2.359272E-06 5.946987E-02 4.240983E-05
  9172   2229   2845 9.550250E-07 6.250000E-02 4.084180E-05
  9173   2675   3001 4.332738E-06 6.253013E-02 2.620421E-05
  9174   1134   5831 3.941688E-06 8.406849E-02 3.210909E-05
  9175   3736   5742 3.573169E-06 6.418636E-02 1.677875E-05
  9176    964   1405 1.731885E-06 2.244357E-02 5.724279E-05
  9177   2451   4322 1.731794E-06 3.394266E-02 3.509348E-05
  9178   4537   4852 9.521971E-07 4.419417E-02 3.890530E-05
  9179   1134   4816 1.354888E-06 4.056856E-02 3.597917E-05
  9180    874   4816 3.759117E-06 7.900000E-02 4.211020E-05
  9181   1826   5863 9.539935E-07 6.250000E-02 3.329382E-05
  9182   1177   6036 2.992257E-06 6.062211E-02 4.869957E-05
  9183   1827   2611 9.540736E-07 2.083333E-02 4.368047E-05
  9184    125   2011 1.591098E-06 3.911144E-02 1.175648E-04
  9185   1925   5834 9.568022E-07 4.419417E-02 4.556596E-05
  9186   2011   2118 2.805842E-06 4.656204E-02 5.424350E-05
  9187    281   4945 3.698113E-06 4.903260E-02 6.077628E-05
  9188   3375   3402 4.834349E-06 4.866132E-02 1.751493E-05
  9189   2918   3038 9.482223E-07 6.250000E-02 3.857962E-05
  9190    739   2918 3.563539E-06 2.742745E-02 3.881009E-05
  9191   1329   5734 3.227871E-06 5.926796E-02 2.418673E-05
  9192   3019   5898 2.244925E-06 3.886525E-02 2.464406E-05
  9193   4792   4816 4.147210E-06 7.900000E-02 2.558832E-05
  9194   2696   4792 4.136776E-06 4.956301E-02 4.013476E-05
  9195   1956   4137 9.556112E-07 3.125000E-02 5.747670E-05
  9196   1697   2362 2.809985E-06 5.085301E-02 3.672121E-05
  9197   1119   1237 5.233044E-06 3.319302E-02 2.879240E-05
  9198   1925   2918 2.846548E-06 7.177391E-02 4.521470E-05
  9199    727   2696 2.993259E-06 6.780882E-02 4.284580E-05
  9200    918   4581 1.791682E-06 1.233584E-02 3.678035E-05
  9201   3052   4322 3.634880E-06 8.454039E-02 2.900388E-05
  9202    581   1474 2.993469E-06 5.074336E-02 6.287996E-05
  9203   1370   4816 1.789338E-06 7.900000E-02 4.138699E-05
  9204    286   5673 4.234604E-06 7.698050E-02 7.002594E-05
  9205   2079   4809 9.552847E-07 6.250000E-02 3.784551E-05
  9206   1119   1931 2.663787E-06 6.027859E-02 3.944149E-05
  9207   2183   2222 4.795535E-06 5.791094E-02 4.205097E-05
  9208    125   2996 2.489919E-06 4.419575E-02 1.379983E-04
  9209    814   4581 2.620287E-06 3.880129E-02 7.531597E-05
  9210   1370   5830 9.586684E-07 2.083333E-02 5.070160E-05
  9211    214   5934 2.424725E-06 7.411171E-02 7.593449E-05
  9212   4021   4478 3.845773E-06 6.764139E-02 1.653881E-05
  9213   1827   3851 2.965962E-06 4.559068E-02 4.731417E-05
  9214    814   5878 9.566224E-07 2.083333E-02 6.009217E-05
  9215   2356   6047 9.554000E-07 2.083333E-02 3.676179E-05
  9216   2118   6047 9.582286E-07 3.125000E-02 7.031140E-05
  9217   3610   5841 2.995757E-06 7.989200E-02 2.257490E-05
  9218   1118   2243 2.244922E-06 5.925844E-02 7.686899E-05
  9219   2243   2966 9.598958E-07 3.149515E-02 6.891299E-05
  9220    743   2585 3.466061E-06 7.791818E-02 3.580822E-05
  9221    144   3981 1.429533E-06 5.311797E-02 6.020339E-05
  9222    122   1177 9.534601E-07 3.125000E-02 1.141490E-04
  9223    456    918 2.623344E-06 4.703496E-02 7.444504E-05
  9224    144   5071 4.051708E-06 3.049740E-02 6.850958E-05
  9225    926   2536 3.932315E-06 6.112648E-02 6.740411E-05
  9226   2420   5071 4.010332E-06 7.032503E-02 2.947969E-05
  9227   1077   1080 4.301985E-06 8.366476E-02 5.268616E-05
  9228   1720   2402 2.425129E-06 1.792889E-02 4.126821E-05
  9229    122   1659 3.573037E-06 6.228556E-02 9.122089E-05
  9230   2817   2910 2.620529E-06 7.762948E-02 3.378850E-05
  9231   2794   5752 9.616889E-07 1.996130E-02 3.968615E-05
  9232   1852   4447 3.625038E-06 4.768409E-02 5.133632E-05
  9233   3102   3914 2.424434E-06 7.900000E-02 2.893015E-05
  9234   4862   5929 1.247844E-06 6.250000E-02 3.243256E-05
  9235   3465   5260 3.350403E-06 6.434285E-02 3.491865E-05
  9236    964   2283 3.352366E-06 4.785863E-02 9.753222E-05
  9237   3324   4624 9.521497E-07 6.250000E-02 3.533915E-05
  9238   1316   3074 2.990507E-06 8.410325E-02 6.618174E-05
  9239    657    912 9.545431E-07 3.125000E-02 6.213653E-05
  9240    349   3913 9.588733E-07 1.976424E-02 5.469885E-05
  9241   2860   4847 9.429593E-07 6.250000E-02 2.708838E-05
  9242   3238   4862 2.668645E-06 4.888231E-02 5.921748E-05
  9243    377   5249 3.775141E-06 5.226766E-02 5.626306E-05
  9244    485   2190 9.610719E-07 1.229355E-02 7.216602E-05
  9245    122   4862 2.247258E-06 5.955684E-02 1.050928E-04
  9246   3465   5150 2.232365E-06 7.900000E-02 1.880764E-05
  9247   1454   4213 1.416679E-06 1.188124E-02 4.629652E-05
  9248   2283   3025 2.427115E-06 5.242824E-02 3.097310E-05
  9249    214   4083 1.804605E-06 1.960120E-02 9.585337E-05
  9250   3003   5317 9.527091E-07 6.250000E-02 2.958010E-05
  9251   1644   5052 3.256284E-06 8.340881E-02 7.302502E-05
  9252     36   1046 9.425075E-07 6.250000E-02 1.202703E-04
  9253    294   1569 9.550776E-07 4.419417E-02 5.573017E-05
  9254   1418   2341 1.001889E-06 1.573813E-02 6.199789E-05
  9255   3191   4454 2.959104E-06 8.103125E-02 1.740301E-05
  9256   1068   3601 2.993492E-06 6.064754E-02 5.180348E-05
  9257   1046   4441 9.562946E-07 2.086380E-02 4.975995E-05
  9258   1506   4565 3.281791E-06 5.274725E-02 4.862715E-05
  9259   2228   2512 9.564561E-07 4.419417E-02 4.656055E-05
  9260    687   5775 9.407561E-07 6.250000E-02 1.032003E-04
  9261   1521   2331 4.231346E-06 3.031967E-02 4.755233E-05
  9262   2686   4315 9.427966E-07 6.250000E-02 4.579512E-05
  9263   1321   2819 2.360940E-06 8.663928E-02 6.972129E-05
  9264    993   1095 4.387101E-06 5.967630E-02 8.109100E-05
  9265    758   4212 2.238734E-06 5.673026E-02 4.038694E-05
  9266   4459   6314 9.493579E-07 3.125000E-02 2.588206E-05
  9267   2518   4219 4.001557E-06 5.345959E-02 1.863952E-05
  9268     77    882 3.759857E-06 8.618674E-02 1.008413E-04
  9269    349   1047 3.464873E-06 2.173820E-02 9.256496E-05
  9270   1886   2007 3.509749E-06 6.746880E-02 3.995812E-05
  9271    665   2013 4.643612E-06 6.366003E-02 3.595122E-05
  9272   1095   1345 9.541779E-07 6.250000E-02 6.168519E-05
  9273   2305   4191 1.980339E-06 5.059678E-02 3.278296E-05
  9274    459   2129 2.812997E-06 4.843515E-02 6.081486E-05
  9275   1489   2386 1.597510E-06 1.760565E-02 6.482001E-05
  9276    201    851 3.227962E-06 6.470752E-02 6.595199E-05
  9277    915   3207 1.737612E-06 4.588792E-02 8.516483E-05
  9278   1310   3207 9.587823E-07 6.250000E-02 1.154794E-04
  9279    459   4948 1.798016E-06 4.015059E-02 3.903253E-05
  9280   1047   4857 4.126381E-06 5.130957E-02 4.206398E-05
  9281    406   1869 1.406221E-06 3.125000E-02 1.004873E-04
  9282   2644   4191 2.622294E-06 5.205702E-02 3.086271E-05
  9283   1860   2475 3.379302E-06 5.086980E-02 2.935904E-05
  9284    408   1526 2.175287E-06 5.820160E-02 8.259550E-05
  9285   2124   6213 1.793161E-06 4.656113E-02 2.874154E-05
  9286    875   2085 3.341618E-06 5.191629E-02 6.126902E-05
  9287   1236   1895 3.612526E-06 4.976565E-02 4.658020E-05
  9288   1733   1869 9.514626E-07 6.250000E-02 5.818487E-05
  9289   2199   5295 3.872223E-06 4.364658E-02 3.590321E-05
  9290   1144   6195 2.544404E-06 5.469974E-02 5.436485E-05
  9291   4141   6049 1.843902E-06 7.900000E-02 1.929863E-05
  9292   1025   1223 1.858338E-06 3.904352E-02 4.462808E-05
  9293   2233   3894 1.861332E-06 7.458117E-02 4.291422E-05
  9294     12   3092 5.033473E-06 4.087300E-02 1.976353E-04
  9295    868   1758 2.847647E-06 4.103397E-02 7.132720E-05
  9296   1633   5968 1.403671E-06 1.515848E-02 4.075280E-05
  9297   2388   2865 1.346092E-06 4.533693E-02 5.046336E-05
  9298   1346   1449 1.398936E-06 3.125000E-02 6.280666E-05
  9299    557   2963 2.620578E-06 7.275217E-02 6.360232E-05
  9300   1963   2166 2.630928E-06 3.147642E-02 4.210476E-05
  9301    557   5845 4.365439E-06 4.910819E-02 6.637609E-05
  9302    682   2747 2.952586E-06 5.065902E-02 8.442806E-05
  9303   5766   5843 1.407141E-06 1.515848E-02 5.600962E-05
  9304     32   6753 9.588365E-07 1.250000E-02 1.180560E-04
  9305   1117   1250 5.332650E-06 8.809689E-02 3.316963E-05
  9306   2655   5212 3.130035E-06 7.558824E-02 4.046187E-05
  9307   2904   3927 1.732540E-06 5.090446E-02 4.378383E-05
  9308   1117   2208 4.156689E-06 5.042039E-02 2.923053E-05
  9309   1025   2181 4.452607E-06 2.988665E-02 3.337756E-05
  9310   1562   3616 9.583975E-07 2.801533E-02 3.084509E-05
  9311   4503   4526 9.501840E-07 6.250000E-02 4.572840E-05
  9312   2520   2735 9.513406E-07 4.419417E-02 3.234684E-05
  9313    811   3837 2.419478E-06 5.605284E-02 6.875521E-05
  9314   1211   5172 1.793765E-06 1.178222E-02 4.627010E-05
  9315    576    858 4.141319E-06 5.526082E-02 7.001730E-05
  9316     57   5731 9.612966E-07 2.105084E-02 1.236750E-04
  9317   3716   5748 3.429242E-06 5.353098E-02 2.605094E-05
  9318    514   3901 3.137481E-06 7.308523E-02 1.029025E-04
  9319   1862   6212 1.346489E-06 3.209040E-02 4.700554E-05
  9320   1498   5685 9.514549E-07 2.083333E-02 4.278257E-05
  9321   1295   1440 2.177467E-06 5.449661E-02 9.444162E-05
  9322    434   3753 1.797769E-06 3.262510E-02 4.784593E-05
  9323   2577   4040 1.789873E-06 1.562500E-02 2.652680E-05
  9324    938   4401 2.621335E-06 6.651667E-02 3.196824E-05
  9325   3256   4231 1.410691E-06 2.811086E-02 2.544823E-05
  9326   1449   1693 4.400274E-06 5.430759E-02 5.724234E-05
  9327   3960   4728 2.424063E-06 5.850782E-02 3.215331E-05
  9328    490   3107 1.301286E-06 8.213129E-02 7.245917E-05
  9329   2180   2425 2.992282E-06 7.985184E-02 3.547040E-05
  9330   2040   2113 4.459475E-06 6.112162E-02 2.867252E-05
  9331    338   4339 3.573887E-06 5.374531E-02 9.005448E-05
  9332   1722   2496 9.505198E-07 4.419417E-02 5.637566E-05
  9333   1722   3109 9.531807E-07 6.250000E-02 7.232659E-05
  9334    434   6657 2.182270E-06 1.441112E-02 4.582902E-05
  9335    413    834 2.456916E-06 5.336676E-02 7.376899E-05
  9336   2101   4193 4.228894E-06 3.517148E-02 2.313952E-05
  9337   1538   4352 4.568418E-06 7.148686E-02 6.227666E-05
  9338    995   1233 2.178007E-06 2.375057E-02 6.189445E-05
  9339   2960   5627 3.182606E-06 7.089181E-02 3.149560E-05
  9340    781   1059 4.103785E-06 5.257406E-02 1.017976E-04
  9341    557   1109 3.291089E-06 3.290063E-02 1.038766E-04
  9342   2086   4669 3.323341E-06 7.277270E-02 3.336566E-05
  9343   3998   4155 9.737995E-07 2.133301E-02 3.077684E-05
  9344    111   1650 9.579723E-07 3.125000E-02 8.153974E-05
  9345   1528   2181 2.996801E-06 6.064750E-02 7.805356E-05
  9346    434   4172 9.534888E-07 4.419417E-02 5.581711E-05
  9347   1977   3473 9.595956E-07 1.515848E-02 4.126751E-05
  9348    413   1178 3.683876E-06 5.004633E-02 7.169737E-05
  9349   5404   5407 9.477592E-07 6.250000E-02 4.941663E-05
  9350   2020   5526 2.664742E-06 6.762211E-02 2.948166E-05
  9351   1206   1702 3.683889E-06 6.724034E-02 5.228979E-05
  9352   4104   6833 2.858251E-06 5.812922E-02 2.352845E-05
  9353   5407   5417 3.625461E-06 6.096525E-02 2.069770E-05
  9354     37   2040 2.620459E-06 5.451299E-02 9.421769E-05
  9355    974   3998 2.426575E-06 5.798691E-02 4.523151E-05
  9356    879   1459 2.636034E-06 7.845108E-02 4.890759E-05
  9357   1191   2299 2.694659E-06 6.136504E-02 7.742797E-05
  9358    878   2281 9.484012E-07 6.250000E-02 5.551643E-05
  9359   2920   5039 1.606746E-06 2.884212E-02 4.302207E-05
  9360   1399   3987 1.410946E-06 5.901473E-02 7.201655E-05
  9361    111   4339 4.431719E-06 3.219973E-02 6.725333E-05
  9362   1376   1538 4.293099E-06 7.437211E-02 3.915937E-05
  9363   4221   6555 9.543687E-07 2.795085E-02 3.307523E-05
  9364    434   2200 1.460397E-06 7.727016E-02 8.199996E-05
  9365   2200   3109 3.654338E-06 4.339655E-02 4.077410E-05
  9366   5439   5590 9.553794E-07 2.083333E-02 2.861462E-05
  9367   1878   6833 9.447164E-07 6.250000E-02 5.311902E-05
  9368   4129   4206 9.544501E-07 6.250000E-02 3.671178E-05
  9369   4535   6041 1.406864E-06 5.844895E-02 2.886446E-05
  9370    947   3148 1.851896E-06 7.900000E-02 5.481518E-05
  9371   1115   1446 1.860088E-06 7.871918E-02 6.114448E-05
  9372    457   3556 4.008023E-06 4.155373E-02 5.125161E-05
  9373   1044   1267 2.236901E-06 5.824878E-02 6.869550E-05
  9374   3059   3335 3.917540E-06 2.846419E-02 2.834929E-05
  9375   1650   4921 2.950123E-06 3.889499E-02 4.220907E-05
  9376   6655   6656 2.513128E-06 4.602851E-02 1.251951E-05
  9377    514   1044 3.716345E-06 4.567766E-02 9.006996E-05
  9378   2196   3284 2.993167E-06 6.076487E-02 2.580742E-05
  9379    335   1887 3.713514E-06 8.189660E-02 6.798070E-05
  9380    249   4554 2.620253E-06 5.646378E-02 4.238973E-05
  9381    987   1487 9.553925E-07 6.250000E-02 1.206407E-04
  9382   1705   5590 3.929092E-06 6.560692E-02 3.026196E-05
  9383    876   5708 2.179781E-06 4.958932E-02 4.943883E-05
  9384   1507   1791 1.352221E-06 3.180232E-02 9.617446E-05
  9385    763   3343 2.807200E-06 4.656108E-02 4.793554E-05
  9386      8   4574 2.620310E-06 5.646473E-02 1.181732E-04
  9387   1849   2407 5.244165E-06 4.981349E-02 3.687068E-05
  9388   1270   4654 2.935557E-06 4.760879E-02 5.021778E-05
  9389   1913   3343 1.978670E-06 3.026123E-02 3.983735E-05
  9390   2543   6377 2.807967E-06 7.760640E-02 1.920671E-05
  9391   1161   4554 2.646676E-06 4.353168E-02 2.388480E-05
  9392   4351   4361 3.119460E-06 6.543316E-02 2.189868E-05
  9393   1421   6534 4.012987E-06 6.336254E-02 4.035407E-05
  9394    475    483 9.606603E-07 1.562500E-02 1.050261E-04
  9395   5555   6744 3.337503E-06 4.429732E-02 2.996239E-05
  9396    752   3026 3.552480E-06 4.882960E-02 5.399514E-05
  9397   2082   2891 3.432593E-06 4.837553E-02 4.239897E-05
  9398   2092   2847 3.116214E-06 5.532834E-02 3.526746E-05
  9399   1743   1903 2.922041E-06 6.086051E-02 4.267007E-05
  9400   2184   3046 3.230570E-06 4.389509E-02 4.225550E-05
  9401    892   4546 3.614086E-06 5.168289E-02 4.456478E-05
  9402    554   6468 3.753800E-06 3.949325E-02 4.624134E-05
  9403   4800   5615 2.367025E-06 5.649009E-02 2.019720E-05
  9404   5700   5755 3.432152E-06 4.028605E-02 1.306969E-05
  9405   2473   5462 3.724937E-06 4.893452E-02 1.768573E-05
  9406   5426   6806 2.971945E-06 6.082586E-02 1.761269E-05
  9407   1800   1815 4.732697E-06 7.533956E-02 3.771961E-05
  9408   5424   6806 4.004074E-06 2.305917E-02 4.054544E-05
  9409   3294   6615 2.958353E-06 7.226127E-02 2.960643E-05
  9410   1460   4457 9.550727E-07 3.125000E-02 5.045022E-05
  9411   1023   6077 3.072261E-06 4.812465E-02 4.242227E-05
  9412   1264   3434 3.701590E-06 6.433259E-02 3.775661E-05
  9413    554    756 2.992996E-06 5.218154E-02 8.453769E-05
  9414   2231   5323 4.389911E-06 4.304029E-02 2.471517E-05
  9415   1340   5376 2.805369E-06 8.576863E-02 2.592405E-05
  9416    271   3292 9.630421E-07 2.830885E-02 4.252759E-05
  9417   1928   6210 3.304517E-06 5.316271E-02 3.032809E-05
  9418    102   3062 3.640049E-06 7.638711E-02 8.443629E-05
  9419    446   6794 9.431046E-07 3.125000E-02 7.342457E-05
  9420   3292   4365 3.114341E-06 6.331893E-02 1.686479E-05
  9421   1264   1711 2.817904E-06 5.069083E-02 4.035187E-05
  9422   1703   1992 2.428508E-06 5.076433E-02 5.975826E-05
  9423    850   6077 4.322531E-06 5.587542E-02 3.643966E-05
  9424    981   3879 2.954065E-06 3.491678E-02 5.179960E-05
  9425   1704   1716 1.794933E-06 6.457042E-02 5.906197E-05
  9426   5445   6830 9.553854E-07 2.795085E-02 2.073040E-05
  9427   2263   4242 1.135405E-06 6.250000E-02 4.976754E-05
  9428    467   2120 2.175057E-06 2.536607E-02 5.854571E-05
  9429   6778   6779 3.151845E-06 6.837584E-02 3.093515E-05
  9430   1704   3331 9.680967E-07 4.458373E-02 5.313011E-05
  9431   5241   6715 3.520416E-06 3.904388E-02 1.827931E-05
  9432   1994   3410 9.577361E-07 4.428464E-02 5.427764E-05
  9433    333   6367 9.597282E-07 3.153451E-02 6.316507E-05
  9434    757   1761 4.210623E-06 5.238474E-02 8.920740E-05
  9435    832   5859 1.796061E-06 7.198031E-02 9.407030E-05
  9436   1923   2062 2.518049E-06 8.210167E-02 6.489971E-05
  9437   1663   3078 3.971585E-06 5.691762E-02 3.897203E-05
  9438    720   3691 1.731000E-06 5.080317E-02 7.069899E-05
  9439     44   6147 2.808518E-06 8.347316E-02 1.151413E-04
  9440   1099   2828 2.194110E-06 5.097078E-02 4.169064E-05
  9441    646   1027 2.669214E-06 8.002697E-02 6.555331E-05
  9442   1638   6783 2.671937E-06 3.088755E-02 7.071693E-05
  9443    182   1419 1.791304E-06 4.188270E-02 7.903010E-05
  9444   1572   2171 1.411659E-06 3.125000E-02 5.547124E-05
  9445    119    462 1.422891E-06 7.900000E-02 9.720373E-05
  9446   1905   5669 3.503732E-06 5.444218E-02 4.141690E-05
  9447    346   5785 3.848832E-06 7.696675E-02 6.041978E-05
  9448   1786   5261 2.677186E-06 4.649897E-02 2.333402E-05
  9449   1928   3795 3.672849E-06 7.900000E-02 6.537705E-05
  9450    462   6114 2.570193E-06 5.269969E-02 5.240072E-05
  9451   2774   3082 2.809448E-06 6.098010E-02 2.574398E-05
  9452   1019   6290 9.497800E-07 6.250000E-02 5.283801E-05
  9453    474   2774 1.531412E-06 4.924375E-02 7.543716E-05
  9454    361   1703 2.174129E-06 6.651602E-02 8.636014E-05
  9455    745   2198 9.507710E-07 3.125000E-02 6.718014E-05
  9456   3235   3474 1.417781E-06 5.929942E-02 3.173339E-05
  9457    911   6114 9.590476E-07 4.419417E-02 3.069015E-05
  9458    264   3620 9.623091E-07 6.263652E-02 1.158749E-04
  9459   5651   6246 2.430015E-06 7.900000E-02 5.132248E-05
  9460   2670   3701 3.466970E-06 8.220530E-02 2.137633E-05
  9461    677   5651 2.517334E-06 2.542370E-02 5.464833E-05
  9462   2120   3192 4.335684E-06 5.191923E-02 4.154644E-05
  9463   2793   5007 3.229582E-06 4.040100E-02 2.778164E-05
  9464   1777   4966 2.424793E-06 8.273089E-02 2.873504E-05
  9465   5334   6832 2.805955E-06 5.820168E-02 1.828508E-05
  9466    174   2266 3.455267E-06 6.997999E-02 9.248700E-05
  9467    603   5684 3.144642E-06 6.069938E-02 3.144716E-05
  9468   1786   6442 1.400202E-06 3.125000E-02 3.783102E-05
  9469   1017   2116 4.224063E-06 5.500803E-02 4.180290E-05
  9470    603   1500 9.575713E-07 3.125000E-02 8.543863E-05
  9471   3816   5670 2.960858E-06 4.093046E-02 1.520538E-05
  9472    750   2997 9.566294E-07 3.125000E-02 5.541063E-05
  9473     44   2774 9.593398E-07 2.801339E-02 1.462408E-04
  9474    474   1500 9.532609E-07 3.125000E-02 8.336957E-05
  9475    724   5255 1.792757E-06 1.263716E-02 5.791916E-05
  9476   1216   2091 2.810503E-06 7.900000E-02 7.386629E-05
  9477   3010   3810 2.806608E-06 4.339233E-02 4.058157E-05
  9478    119   2126 3.868788E-06 7.860544E-02 9.935686E-05
  9479    948   3551 2.237875E-06 3.891415E-02 5.537755E-05
  9480    191   4034 4.614176E-06 5.557918E-02 4.830483E-05
  9481    745   3624 1.404314E-06 2.795085E-02 3.307936E-05
  9482   1605   6785 2.805368E-06 6.064760E-02 4.051828E-05
  9483    538   4305 3.285087E-06 7.289237E-02 6.732863E-05
  9484    927   2091 9.597645E-07 6.263065E-02 8.363474E-05
  9485     59   3225 3.111258E-06 5.782069E-02 9.795992E-05
  9486    720   6349 2.422689E-06 7.900000E-02 4.994243E-05
  9487    446   2474 3.300350E-06 5.802313E-02 6.141461E-05
  9488    720   2856 2.808848E-06 6.784205E-02 3.828889E-05
  9489   1500   2726 2.954732E-06 4.550240E-02 5.444235E-05
  9490   2091   2492 1.974233E-06 7.900000E-02 4.749373E-05
  9491    446   2485 2.362097E-06 8.663937E-02 6.802131E-05
  9492    326   2859 1.351150E-06 1.515933E-02 9.027333E-05
  9493   1965   2526 4.615055E-06 8.438679E-02 4.664466E-05
  9494   1577   2643 9.653366E-07 6.293104E-02 4.665928E-05
  9495    446   2643 2.242420E-06 5.894329E-02 6.077818E-05
  9496    492    750 1.791967E-06 6.457005E-02 5.175892E-05
  9497    927   6340 2.176206E-06 2.260851E-02 4.006072E-05
  9498   1151   6832 9.634966E-07 2.213569E-02 9.976306E-05
  9499   2266   3899 2.233943E-06 7.900000E-02 2.386324E-05
  9500    157    597 9.528688E-07 6.250000E-02 1.042734E-04
  9501    119    654 3.288899E-06 4.843029E-02 1.093375E-04
  9502    509   5363 2.621469E-06 7.375319E-02 6.104614E-05
  9503   2110   5232 3.894673E-06 6.081762E-02 2.868688E-05
  9504    862   2110 2.234665E-06 5.796685E-02 4.934869E-05
  9505   3174   5447 3.145216E-06 8.472917E-02 3.768311E-05
  9506   3241   6709 2.810199E-06 4.656284E-02 2.722823E-05
  9507   3205   6607 1.791003E-06 1.045457E-02 3.133690E-05
  9508   1087   4821 1.411926E-06 7.217280E-02 3.900592E-05
  9509    195   4841 3.141525E-06 8.609671E-02 8.862420E-05
  9510     60   5385 1.982395E-06 1.983445E-02 1.138198E-04
  9511    324   1176 3.415607E-06 8.163647E-02 8.925501E-05
  9512    516   1614 5.181002E-06 6.152549E-02 7.368875E-05
  9513    579   5366 2.953583E-06 4.663379E-02 3.978524E-05
  9514    402   3225 4.071346E-06 5.170581E-02 4.701670E-05
  9515   4997   5635 9.576354E-07 3.125000E-02 3.612273E-05
  9516    579   3478 1.407100E-06 7.776212E-02 3.904549E-05
  9517   3669   6698 1.353940E-06 1.998037E-02 4.664055E-05
  9518   2912   5377 2.994548E-06 7.078556E-02 3.771421E-05
  9519    862   5236 3.603203E-06 5.416192E-02 5.347871E-05
  9520   1490   3959 1.260419E-06 7.900000E-02 3.782461E-05
  9521    462   3972 9.538390E-07 6.250000E-02 9.432211E-05
  9522   3225   3230 2.363513E-06 8.663927E-02 3.872801E-05
  9523   1151   3268 1.793480E-06 5.630845E-02 4.422575E-05
  9524   2912   5628 9.519690E-07 4.419417E-02 2.453593E-05
  9525   1283   1838 9.517089E-07 6.250000E-02 8.015381E-05
  9526    916   3972 9.635250E-07 2.216541E-02 3.466600E-05
  9527   3243   5385 9.622430E-07 3.125000E-02 3.763738E-05
  9528    532   5078 1.982682E-06 7.900000E-02 5.602746E-05
  9529   1823   6088 9.560093E-07 2.795085E-02 4.803195E-05
  9530   6300   6306 9.538650E-07 2.795085E-02 2.981527E-05
  9531    785   5078 2.953261E-06 6.061298E-02 5.950523E-05
  9532   4431   6387 9.570494E-07 3.125000E-02 3.200453E-05
  9533    883   3272 2.805355E-06 5.820148E-02 4.019469E-05
  9534    402   5401 1.801048E-06 5.698545E-02 4.783786E-05
  9535    559   2667 2.960507E-06 3.329520E-02 4.796276E-05
  9536    326   2763 1.043837E-06 8.582713E-02 6.972083E-05
  9537    492   6128 2.957303E-06 5.775224E-02 4.669710E-05
  9538   1465   4430 4.430868E-06 5.583657E-02 2.650453E-05
  9539     48   3959 9.457686E-07 6.250000E-02 1.035745E-04
  9540    883   3959 2.998765E-06 5.013289E-02 5.333755E-05
  9541   1261   1793 2.808978E-06 6.126021E-02 3.721439E-05
  9542    622   6231 1.406163E-06 1.518493E-02 4.067467E-05
  9543    438    610 3.649385E-06 4.602207E-02 8.212374E-05
  9544   1258   6306 1.732981E-06 6.773456E-02 5.936634E-05
  9545   2766   3312 2.766162E-06 3.247875E-02 2.728577E-05
  9546   1017   1261 4.326308E-06 4.233408E-02 6.403200E-05
  9547    115   3517 1.789900E-06 5.646517E-02 8.659963E-05
  9548    862   2112 2.233587E-06 5.779373E-02 5.922673E-05
  9549    722   5676 2.805758E-06 4.164616E-02 3.253904E-05
  9550   1226   1967 1.406934E-06 5.900011E-02 5.362737E-05
  9551    651   1158 3.297664E-06 7.900000E-02 4.581210E-05
  9552    534   3174 9.445816E-07 6.250000E-02 8.441493E-05
  9553   5354   6651 2.178203E-06 5.829270E-02 2.786997E-05
  9554    717   3579 4.208911E-06 4.583658E-02 3.563536E-05
  9555   2720   3515 1.346555E-06 4.438269E-02 5.222672E-05
  9556   1973   5634 2.620776E-06 5.173661E-02 3.463105E-05
  9557    951   6640 3.403265E-06 6.140685E-02 3.620205E-05
  9558    454   2406 9.465950E-07 6.250000E-02 5.632812E-05
  9559   3190   5107 2.963319E-06 6.883584E-02 2.404352E-05
  9560   1788   6231 3.148633E-06 4.584363E-02 4.003384E-05
  9561    559   2201 1.407215E-06 7.809113E-02 7.139765E-05
  9562     76   3230 2.234756E-06 5.820275E-02 7.339047E-05
  9563   2736   6166 9.475849E-07 6.250000E-02 3.990736E-05
  9564    342   1904 4.220640E-06 4.955426E-02 4.470999E-05
  9565    717    831 9.675668E-07 3.177792E-02 7.327540E-05
  9566    508   5676 9.627272E-07 1.980751E-02 4.666657E-05
  9567   2347   3478 2.430436E-06 6.823483E-02 8.442255E-05
  9568   2320   5274 3.759594E-06 6.460347E-02 3.970602E-05
  9569   1520   1752 2.174934E-06 5.179199E-02 3.449910E-05
  9570   1356   2653 1.794715E-06 1.592517E-02 9.602911E-05
  9571   3360   4783 2.506255E-06 2.459852E-02 2.244089E-05
  9572   1187   6068 3.958504E-06 7.280325E-02 5.303481E-05
  9573   3478   6631 3.147168E-06 4.817367E-02 7.748224E-05
  9574    115   3428 3.448803E-06 5.145444E-02 1.456015E-04
  9575    401   2711 9.471865E-07 6.250000E-02 9.698384E-05
  9576    516   2169 3.252643E-06 5.237346E-02 7.592834E-05
  9577    382   1414 1.395396E-06 1.574183E-02 5.374792E-05
  9578   3471   4635 9.610952E-07 2.795085E-02 3.785919E-05
  9579    986   4286 4.386837E-06 5.883952E-02 5.993136E-05
  9580    801   2977 2.238742E-06 7.900000E-02 5.225716E-05
  9581    326   4954 2.517279E-06 4.605413E-02 9.336906E-05
  9582    449   2720 2.046769E-06 5.714173E-02 7.085783E-05
  9583     29   5535 4.403096E-06 7.900000E-02 8.846303E-05
  9584     83    736 1.854029E-06 7.790908E-02 9.977669E-05
  9585    343    999 9.454543E-07 6.250000E-02 8.694818E-05
  9586   1425   1520 1.977984E-06 5.002911E-02 4.405180E-05
  9587     76   6220 4.000191E-06 6.050753E-02 7.643921E-05
  9588   2100   4954 3.395294E-06 6.951086E-02 5.285932E-05
  9589   3190   3515 3.147206E-06 6.123469E-02 3.434203E-05
  9590   3275   6296 3.247633E-06 3.219230E-02 2.246726E-05
  9591     44   3104 2.810270E-06 8.649788E-02 8.260678E-05
  9592    559   1900 9.477690E-07 6.250000E-02 5.489516E-05
  9593    959   4367 3.639525E-06 7.900000E-02 5.376794E-05
  9594    959   2477 2.183037E-06 2.694938E-02 7.989663E-05
  9595    343    472 3.725355E-06 4.954063E-02 8.305265E-05
  9596    468   6625 1.248567E-06 2.795085E-02 5.932260E-05
  9597    619   3754 9.525056E-07 6.250000E-02 5.330399E-05
  9598    471   3815 2.242635E-06 4.717548E-02 5.143681E-05
  9599    984   1588 4.251075E-06 7.900000E-02 5.101558E-05
  9600    343   3493 3.516148E-06 4.833486E-02 4.757122E-05
  9601   2024   3423 1.405376E-06 5.658073E-02 2.873658E-05
  9602   1586   6831 2.177209E-06 4.565734E-02 2.935697E-05
  9603   5428   6831 1.350248E-06 1.414336E-02 2.555029E-05
  9604    559   2738 3.359727E-06 7.106609E-02 5.790366E-05
  9605    107   1067 9.478082E-07 6.250000E-02 6.622400E-05
  9606   3990   5057 1.843134E-06 7.900000E-02 6.143465E-05
  9607    252   1788 3.828042E-06 6.038031E-02 1.238192E-04
  9608   1431   2094 1.184052E-06 2.177374E-02 5.269951E-05
  9609    664   6125 9.627973E-07 4.489190E-02 3.836419E-05
  9610   1163   3190 9.610529E-07 1.738674E-02 4.334745E-05
  9611    449   4407 2.236317E-06 4.656199E-02 5.946998E-05
  9612   3694   3732 3.793169E-06 6.645399E-02 4.474681E-05
  9613   1022   2418 9.459829E-07 6.250000E-02 1.118999E-04
  9614     76    986 6.086997E-06 3.565727E-02 6.034822E-05
  9615    458    656 2.990458E-06 6.064751E-02 1.193790E-04
  9616    999   1380 9.499607E-07 6.250000E-02 6.197713E-05
  9617   1520   6786 3.742019E-06 6.506926E-02 1.721270E-05
  9618   1066   1520 2.808564E-06 5.205698E-02 7.438901E-05
  9619    427   2094 9.606277E-07 6.278307E-02 7.884863E-05
  9620   1865   6100 2.812553E-06 4.286861E-02 4.089859E-05
  9621   2663   3785 9.491178E-07 6.250000E-02 3.266027E-05
  9622   5457   5459 9.522692E-07 6.250000E-02 2.452977E-05
  9623    566   6166 2.438468E-06 7.900000E-02 4.178904E-05
  9624   4027   5976 3.405741E-06 8.408264E-02 2.610245E-05
  9625   2365   5727 4.568433E-06 6.865628E-02 1.881495E-05
  9626    998   5170 9.587018E-07 1.250000E-02 5.692566E-05
  9627     49   5535 3.521692E-06 5.761408E-02 7.978018E-05
  9628   5181   6129 9.494707E-07 6.250000E-02 5.591514E-05
  9629   4390   4418 3.058634E-06 3.565475E-02 3.983554E-05
  9630    836    984 4.281715E-06 4.857685E-02 4.772372E-05
  9631    560   1022 3.648603E-06 6.900380E-02 1.213168E-04
  9632   2094   2347 2.999050E-06 5.846110E-02 6.488202E-05
  9633    536   3997 3.089131E-06 5.392538E-02 5.013435E-05
  9634     88   2100 3.139642E-06 5.066617E-02 9.384997E-05
  9635     62   2050 9.457908E-07 6.250000E-02 1.091284E-04
  9636    382   3526 3.775081E-06 6.429129E-02 3.347170E-05
  9637   1872   6334 9.570251E-07 6.250000E-02 4.134182E-05
  9638     15   5593 3.045166E-06 5.791244E-02 1.757927E-04
  9639   3403   3988 3.963512E-06 4.928681E-02 3.072013E-05
  9640   1107   2094 2.807018E-06 7.362866E-02 7.039128E-05
  9641    547   1107 4.013798E-06 3.221772E-02 6.241459E-05
  9642   3570   5593 9.553697E-07 4.419417E-02 2.506831E-05
  9643   5362   5365 2.819752E-06 3.097548E-02 3.405192E-05
  9644    454    853 4.237630E-06 6.645265E-02 1.003123E-04
  9645    471   4979 1.306256E-06 6.250000E-02 5.266772E-05
  9646    342    984 3.610764E-06 4.144837E-02 7.437644E-05
  9647   4154   4793 2.995039E-06 6.085328E-02 2.915408E-05
  9648   1024   6067 9.649198E-07 1.775683E-02 5.324192E-05
  9649    437   3723 9.550056E-07 1.515848E-02 4.120737E-05
  9650    620   4405 3.593529E-06 7.086302E-02 3.795238E-05
  9651    472   4390 9.502278E-07 4.419417E-02 5.081831E-05
  9652   4199   4502 9.497939E-07 3.125000E-02 3.680593E-05
  9653    998   5149 4.221888E-06 6.652800E-02 6.316017E-05
  9654    831   6363 9.587877E-07 1.473139E-02 4.265455E-05
  9655   3007   6594 2.622475E-06 4.565886E-02 3.689110E-05
  9656   3381   6257 9.550461E-07 2.083333E-02 4.554457E-05
  9657    508    620 2.237766E-06 4.656174E-02 5.600066E-05
  9658    171    584 1.495781E-06 7.900000E-02 1.031939E-04
  9659    228   1380 9.524934E-07 4.419417E-02 9.146495E-05
  9660    334   4632 2.995778E-06 6.718180E-02 5.351021E-05
  9661    939   4111 9.449387E-07 6.250000E-02 5.099772E-05
  9662     48   6258 3.559930E-06 6.126880E-02 1.142253E-04
  9663    113   4405 9.625716E-07 2.846941E-02 9.104471E-05
  9664   6594   6611 9.469670E-07 6.250000E-02 3.932300E-05
  9665     15   3570 3.179031E-06 6.738611E-02 1.598669E-04
  9666   1999   2804 3.122485E-06 5.898477E-02 2.924395E-05
  9667   4873   5546 1.416429E-06 7.510633E-02 3.397494E-05
  9668    808   6363 2.990462E-06 4.520401E-02 7.208849E-05
  9669    658   3933 3.601574E-06 1.992840E-02 4.725883E-05
  9670     72   6258 2.429606E-06 7.900000E-02 7.286116E-05
  9671    651   1114 1.404630E-06 5.827788E-02 1.102727E-04
  9672    376   1187 9.572403E-07 6.250000E-02 1.195262E-04
  9673     48    401 2.351542E-06 5.957044E-02 1.547127E-04
  9674    664    808 2.621735E-06 5.415361E-02 9.130145E-05
  9675    154   5159 9.445947E-07 6.250000E-02 5.442375E-05
  9676    419   5664 1.400962E-06 7.900000E-02 5.660283E-05
  9677   1639   6307 1.347264E-06 1.253712E-02 3.456488E-05
  9678   1609   6606 4.126228E-06 6.938050E-02 3.202359E-05
  9679   2946   3749 1.794040E-06 2.893252E-02 2.544605E-05
  9680    566   1874 1.796676E-06 3.907505E-02 5.284607E-05
  9681    258   5181 2.240445E-06 5.820212E-02 4.192643E-05
  9682   1162   3990 2.239326E-06 4.349184E-02 4.942039E-05
  9683    427   1098 3.231825E-06 6.969524E-02 1.013274E-04
  9684     61   5159 4.236890E-06 4.373237E-02 7.257591E-05
  9685    401   1363 2.805355E-06 5.141816E-02 1.466787E-04
  9686   3650   3652 1.456165E-06 2.502934E-02 2.843457E-05
  9687    881   5372 3.181398E-06 4.907987E-02 3.233552E-05
  9688    881   3933 9.565985E-07 4.419417E-02 3.987101E-05
  9689   1639   6297 2.954187E-06 8.197627E-02 3.318745E-05
  9690    113   4415 4.244715E-06 5.812966E-02 8.400327E-05
  9691   1128   2952 2.808817E-06 5.157323E-02 3.658646E-05
  9692   1559   4111 1.409703E-06 8.314130E-02 4.197235E-05
  9693    223   5125 1.406215E-06 2.083333E-02 8.610848E-05
  9694    419   3359 1.789435E-06 7.760644E-02 5.936618E-05
  9695   3189   4716 2.620260E-06 7.760227E-02 1.872622E-05
  9696    331    433 9.515866E-07 6.250000E-02 1.130843E-04
  9697   1351   1841 2.240907E-06 6.395664E-02 5.744545E-05
  9698    437   1841 9.580838E-07 1.515848E-02 5.614858E-05
  9699    921   4415 3.590770E-06 7.645824E-02 5.482390E-05
  9700     91   2631 9.490934E-07 6.250000E-02 7.443929E-05
  9701   3480   4621 3.719282E-06 6.048606E-02 4.286064E-05
  9702    290   3302 1.794224E-06 7.760754E-02 7.614889E-05
  9703     88   2114 3.090060E-06 7.975906E-02 7.426593E-05
  9704     88   3891 2.838955E-06 7.583631E-02 7.298128E-05
  9705    112    437 2.239819E-06 7.760216E-02 1.010554E-04
  9706    223   1639 9.609055E-07 2.083333E-02 1.349673E-04
  9707    228   4445 1.872529E-06 7.543851E-02 9.718232E-05
  9708   3709   4650 9.575854E-07 3.125000E-02 2.388683E-05
  9709   4702   5652 3.444646E-06 7.900000E-02 3.496274E-05
  9710    131   4519 9.501796E-07 3.125000E-02 5.982326E-05
  9711   4303   5336 9.536488E-07 6.250000E-02 8.874551E-05
  9712     88   3002 1.659799E-06 5.862532E-02 7.305800E-05
  9713    401   6097 1.409002E-06 4.135326E-02 6.838409E-05
  9714    958   2684 2.955742E-06 8.151119E-02 5.139044E-05
  9715    246   2600 3.608521E-06 3.326795E-02 1.002128E-04
  9716    419    808 2.176401E-06 7.900000E-02 7.543751E-05
  9717   5650   6623 1.030900E-06 8.083930E-02 3.433809E-05
  9718   1070   2952 3.682225E-06 8.543717E-02 6.035090E-05
  9719   2807   4621 1.410278E-06 4.588894E-02 3.607261E-05
  9720    258   4990 2.917235E-06 4.743555E-02 4.301881E-05
  9721   1496   2043 9.416627E-07 3.125000E-02 3.748847E-05
  9722   3002   5060 3.818053E-06 4.363990E-02 4.379290E-05
  9723    258   5126 9.414326E-07 6.250000E-02 5.214076E-05
  9724   3930   5604 1.979390E-06 1.052459E-02 2.072760E-05
  9725   2538   6007 3.112998E-06 6.600151E-02 5.449034E-05
  9726   2080   2295 3.760873E-06 6.139114E-02 4.358724E-05
  9727    409   1874 9.563113E-07 2.083333E-02 8.825217E-05
  9728   2829   4597 9.616692E-07 1.742923E-02 3.554953E-05
  9729    197    686 9.616589E-07 2.795085E-02 7.492182E-05
  9730    112   2486 3.547055E-06 8.687102E-02 8.945733E-05
  9731    536   3895 3.466750E-06 7.308723E-02 4.514191E-05
  9732    401    710 9.625269E-07 4.430669E-02 8.113337E-05
  9733    889   6536 1.862755E-06 7.423957E-02 6.314008E-05
  9734   3709   4612 1.792942E-06 1.413763E-02 3.844319E-05
  9735   1696   3250 9.598634E-07 2.806302E-02 5.057335E-05
  9736    331   2992 9.569188E-07 2.795085E-02 4.018381E-05
  9737    112    971 3.394742E-06 5.452880E-02 9.473485E-05
  9738     94   2052 2.427636E-06 2.557991E-02 8.617803E-05
  9739   2986   3617 2.243655E-06 3.377188E-02 2.798891E-05
  9740    255   3002 2.581868E-06 7.900000E-02 1.141646E-04
  9741   1372   1783 2.624642E-06 8.038371E-02 3.820405E-05
  9742    718   5060 1.397159E-06 5.773908E-02 5.501373E-05
  9743     46   5478 1.325633E-06 6.940276E-02 1.059722E-04
  9744   5356   6703 9.456210E-07 6.250000E-02 6.026624E-05
  9745   1212   6110 1.790826E-06 7.362088E-02 6.499202E-05
  9746   1162   3391 9.491140E-07 6.250000E-02 4.575518E-05
  9747    290   6124 1.544566E-06 7.900000E-02 4.651571E-05
  9748    527   4766 4.752730E-06 5.719152E-02 6.785358E-05
  9749   3466   4621 9.605118E-07 4.455185E-02 4.657613E-05
  9750    252   2057 4.081709E-06 5.034305E-02 1.053981E-04
  9751   2327   6740 9.421907E-07 6.250000E-02 3.993670E-05
  9752     49    341 9.556518E-07 2.083333E-02 1.142078E-04
  9753   3257   3466 1.353824E-06 4.564583E-02 3.669039E-05
  9754   4337   5287 1.863077E-06 3.682610E-02 2.020074E-05
  9755    473   5054 1.790451E-06 1.399304E-02 5.471794E-05
  9756     72   2340 3.296987E-06 3.538769E-02 9.016689E-05
  9757    843   2973 9.474274E-07 6.250000E-02 3.748720E-05
  9758   1721   2202 1.405204E-06 5.834067E-02 4.935829E-05
  9759   4019   6312 4.017583E-06 4.399653E-02 3.216914E-05
  9760    449   1939 1.398881E-06 7.900000E-02 1.252574E-04
  9761    694   2327 2.805354E-06 8.576850E-02 4.428929E-05
  9762   3895   6690 2.813641E-06 5.659241E-02 4.694993E-05
  9763   3090   6687 9.583455E-07 2.795085E-02 3.240554E-05
  9764   1626   6326 9.485071E-07 6.250000E-02 4.143395E-05
  9765    246   1166 9.536079E-07 6.250000E-02 1.333808E-04
  9766   2052   6312 1.350985E-06 1.513487E-02 6.494061E-05
  9767   1955   6580 9.596885E-07 6.269663E-02 5.538910E-05
  9768    867   1846 4.483828E-06 7.117918E-02 3.715014E-05
  9769   1212   5145 2.429477E-06 3.743613E-02 4.516492E-05
  9770    806   1858 2.241042E-06 7.388704E-02 4.448927E-05
  9771   4439   6511 3.280807E-06 6.874286E-02 1.417122E-05
  9772   1387   4596 1.559412E-06 5.342466E-02 5.874273E-05
  9773   5644   6456 9.555049E-07 4.419417E-02 2.187932E-05
  9774   6207   6666 9.507593E-07 6.250000E-02 2.474083E-05
  9775   1303   6199 2.965529E-06 8.628519E-02 6.091301E-05
  9776    321    668 3.612560E-06 6.805255E-02 1.097270E-04
  9777     54    867 3.296852E-06 3.490788E-02 1.567643E-04
  9778   2481   2729 1.418764E-06 2.099019E-02 4.062197E-05
  9779   5351   5384 2.241870E-06 4.709955E-02 3.905676E-05
  9780   1492   6312 2.964938E-06 7.779505E-02 2.905289E-05
  9781   3414   6139 1.288962E-06 7.900000E-02 2.674123E-05
  9782   1372   1404 9.555835E-07 2.795085E-02 5.579065E-05
  9783    112   3886 1.859297E-06 4.603752E-02 7.189826E-05
  9784    628   1492 1.793194E-06 5.205710E-02 5.828430E-05
  9785   1492   4330 2.431296E-06 8.353081E-02 4.538863E-05
  9786   1009   3391 3.314590E-06 4.247282E-02 5.507986E-05
  9787    255    612 9.476569E-07 6.250000E-02 1.137123E-04
  9788   1196   3537 9.555703E-07 3.125000E-02 5.439844E-05
  9789   2832   3117 3.325040E-06 8.186263E-02 2.892186E-05
  9790   3886   4238 1.348359E-06 5.111630E-02 5.342405E-05
  9791     14   5751 3.031799E-06 6.865782E-02 9.888003E-05
  9792    242   5100 2.496610E-06 4.021827E-02 1.034212E-04
  9793   1124   1626 2.174608E-06 2.866800E-02 8.188353E-05
  9794   2325   2430 3.334049E-06 5.991467E-02 3.838895E-05
  9795   4730   6593 2.960561E-06 5.646377E-02 2.817269E-05
  9796   4280   4730 2.429174E-06 6.090666E-02 4.215537E-05
  9797   1009   6216 1.408076E-06 2.795085E-02 3.021281E-05
  9798    742   2340 9.630490E-07 2.828295E-02 6.339249E-05
  9799     14    381 2.620262E-06 7.271658E-02 1.803236E-04
  9800   5352   5360 2.808171E-06 4.794606E-02 3.413003E-05
  9801   3380   3659 3.564318E-06 3.897460E-02 3.941038E-05
  9802   2605   4727 1.398931E-06 5.808124E-02 4.775605E-05
  9803   3975   4485 2.177286E-06 4.656288E-02 6.691011E-05
  9804    251   6616 3.172801E-06 3.894137E-02 3.944728E-05
  9805   1037   4238 2.366835E-06 5.698666E-02 4.137706E-05
  9806    765   6325 9.500853E-07 3.125000E-02 4.436474E-05
  9807    830   3387 2.781238E-06 6.584828E-02 5.131490E-05
  9808     71   3662 1.849256E-06 5.194724E-02 8.365197E-05
  9809   1037   4444 2.991755E-06 5.053960E-02 3.903190E-05
  9810    765   3117 1.406451E-06 1.562500E-02 6.751928E-05
  9811     10   3180 2.809243E-06 6.600963E-02 1.009453E-04
  9812    262    839 9.621240E-07 2.254374E-02 1.106779E-04
  9813   5048   6199 2.429033E-06 5.824397E-02 3.074778E-05
  9814   1009   5022 1.604201E-06 6.135553E-02 4.572111E-05
  9815    246   6138 2.663524E-06 4.565720E-02 6.192081E-05
  9816   4735   4747 4.037479E-06 4.663224E-02 3.007794E-05
  9817    242   5121 9.600896E-07 2.795085E-02 8.500722E-05
  9818   4238   4444 2.361176E-06 5.946978E-02 3.722340E-05
  9819   1171   2027 9.428968E-07 6.250000E-02 4.215070E-05
  9820   4641   6473 1.738646E-06 2.895982E-02 2.738376E-05
  9821    199    266 2.622018E-06 7.760494E-02 1.136530E-04
  9822   2348   6429 2.805556E-06 8.663933E-02 2.879116E-05
  9823   1961   3441 2.991444E-06 3.734498E-02 5.156766E-05
  9824   2983   5367 1.862956E-06 5.263241E-02 3.274348E-05
  9825     71   2439 9.610754E-07 2.087931E-02 1.138265E-04
  9826   1124   5660 1.614379E-06 5.238355E-02 4.693181E-05
  9827    860   2419 2.175205E-06 5.646384E-02 3.153645E-05
  9828   4162   5343 1.786259E-06 2.083333E-02 4.478372E-05
  9829   2494   6592 2.839450E-06 6.434311E-02 2.738613E-05
  9830    250   6684 3.534722E-06 7.996238E-02 1.015080E-04
  9831   2917   3912 1.736116E-06 3.804568E-02 7.599815E-05
  9832    910   6189 3.281462E-06 5.273753E-02 3.770621E-05
  9833    255    285 2.240196E-06 7.765508E-02 1.122502E-04
  9834   1374   5121 2.844118E-06 4.442527E-02 4.857720E-05
  9835    194   3912 2.961451E-06 5.475193E-02 1.363988E-04
  9836   2917   5041 1.790102E-06 1.515848E-02 3.051860E-05
  9837   1768   6132 9.465284E-07 6.250000E-02 6.180668E-05
  9838   4323   4701 1.788909E-06 1.976424E-02 3.141942E-05
  9839   6164   6168 9.523582E-07 6.250000E-02 2.555178E-05
  9840   1374   1961 1.407395E-06 5.680175E-02 4.852566E-05
  9841    617   2691 2.426838E-06 7.580940E-02 1.053706E-04
  9842   3984   5964 3.487223E-06 7.203105E-02 2.563663E-05
  9843   6589   6592 3.067797E-06 7.337370E-02 1.382714E-05
  9844   4302   6565 3.137805E-06 7.362232E-02 3.982460E-05
  9845   1955   4605 9.560302E-07 4.419417E-02 5.901820E-05
  9846    148   3912 9.530415E-07 4.419417E-02 1.281567E-04
  9847     27    617 2.243645E-06 7.985183E-02 2.380948E-04
  9848    607   1678 1.404845E-06 2.083333E-02 9.681301E-05
  9849    389   5092 1.792214E-06 1.576129E-02 4.795222E-05
  9850    507   6408 2.914761E-06 4.054312E-02 7.939106E-05
  9851    311   4869 3.198547E-06 4.629443E-02 7.410455E-05
  9852   2983   5027 2.480424E-06 2.061467E-02 2.000654E-05
  9853   1763   3715 3.322717E-06 7.900000E-02 3.554357E-05
  9854   5931   5964 1.346697E-06 3.125000E-02 2.790594E-05
  9855   2089   6286 3.598556E-06 5.355923E-02 4.936044E-05
  9856    245   5813 9.517776E-07 4.419417E-02 5.938222E-05
  9857    447   3441 9.528539E-07 6.250000E-02 4.054612E-05
  9858   6488   6497 3.808069E-06 4.190032E-02 4.183114E-05
  9859     90   5659 9.728240E-07 2.007915E-02 1.126350E-04
  9860   3131   5802 3.535058E-06 8.186481E-02 3.031517E-05
  9861   6086   6164 2.975532E-06 4.459642E-02 3.038894E-05
  9862     71   6315 3.296706E-06 5.770657E-02 1.097444E-04
  9863   1938   2876 3.675092E-06 3.086849E-02 3.434223E-05
  9864    250   1333 1.400557E-06 5.719433E-02 9.289678E-05
  9865    143   4131 3.014107E-06 7.225638E-02 8.455591E-05
  9866   2096   4680 9.517070E-07 6.250000E-02 4.058905E-05
  9867   3226   6189 2.232885E-06 5.820367E-02 2.013168E-05
  9868    668   1333 9.603386E-07 2.795085E-02 6.054080E-05
  9869   4131   6684 3.150974E-06 6.508577E-02 4.063839E-05
  9870   2936   5390 9.583202E-07 2.795085E-02 2.546465E-05
  9871    101   6187 9.584098E-07 4.419417E-02 7.102859E-05
  9872    599   3027 2.621120E-06 7.760292E-02 6.737104E-05
  9873   1763   3511 2.808793E-06 2.892816E-02 3.183344E-05
  9874    674   5086 9.596275E-07 6.250000E-02 6.492672E-05
  9875    765   4226 2.806615E-06 8.000548E-02 7.049188E-05
  9876   2645   4889 4.223812E-06 8.251805E-02 4.458597E-05
  9877   2247   4713 3.249833E-06 6.997895E-02 2.636026E-05
  9878    275   1314 1.377259E-06 7.900000E-02 8.249589E-05
  9879   2247   4605 9.572665E-07 1.515848E-02 3.842869E-05
  9880    285   1982 3.112897E-06 7.790262E-02 6.503894E-05
  9881    726   1448 2.807306E-06 4.706975E-02 4.044287E-05
  9882   1445   4226 2.225449E-06 3.787850E-02 6.207970E-05
  9883    250   6329 1.790949E-06 5.820186E-02 7.791097E-05
  9884     46   5495 3.659195E-06 4.458892E-02 7.315519E-05
  9885   2878   3534 3.258156E-06 4.946630E-02 4.943030E-05
  9886   3463   3917 1.791162E-06 1.522362E-02 3.441426E-05
  9887    765   6331 9.562191E-07 3.125000E-02 6.376988E-05
  9888      1   5873 1.740728E-06 4.136581E-02 2.896598E-04
  9889   4611   4713 2.580609E-06 7.900000E-02 2.587160E-05
  9890   5389   5397 3.467604E-06 5.028524E-02 2.441329E-05
  9891    250   6122 2.572999E-06 5.233141E-02 9.558891E-05
  9892   5030   6187 1.428729E-06 7.900000E-02 2.225047E-05
  9893    708   2151 9.465151E-07 6.250000E-02 5.959870E-05
  9894    443   4210 1.979245E-06 6.065885E-02 5.729237E-05
  9895    159   1448 2.237137E-06 7.761421E-02 7.405032E-05
  9896   5041   5375 1.517776E-06 4.740212E-02 5.493063E-05
  9897    813   3511 3.097095E-06 6.434142E-02 6.410394E-05
  9898    738   3918 2.620264E-06 5.775243E-02 3.213791E-05
  9899   2515   5146 1.793218E-06 1.580719E-02 2.251317E-05
  9900   4151   5506 2.239027E-06 3.832531E-02 2.197030E-05
  9901   6588   6609 9.515658E-07 6.250000E-02 2.247979E-05
  9902   4157   6164 2.992764E-06 7.900000E-02 5.243623E-05
  9903    897   2878 2.361602E-06 7.590772E-02 8.425106E-05
  9904    738   3565 2.232789E-06 5.772745E-02 4.606595E-05
  9905    632   2314 9.633982E-07 1.976424E-02 6.242108E-05
  9906   1076   6539 2.363714E-06 2.204607E-02 2.874632E-05
  9907    498   4131 1.026317E-06 3.629160E-02 4.787194E-05
  9908   2172   3578 1.424310E-06 3.335688E-02 3.040447E-05
  9909    112    465 1.403437E-06 2.083333E-02 1.579793E-04
  9910     27   3633 2.774987E-06 5.830822E-02 1.717318E-04
  9911   3218   4065 9.664748E-07 6.403497E-02 3.553344E-05
  9912    389    465 2.443591E-06 2.936841E-02 1.039419E-04
  9913   1448   5794 3.453806E-06 6.712688E-02 3.107197E-05
  9914   2376   6558 9.633007E-07 2.828967E-02 4.917515E-05
  9915   5029   5076 2.238485E-06 7.792130E-02 4.642322E-05
  9916    738   1551 9.588145E-07 2.088389E-02 6.622815E-05
  9917     67   2608 1.792873E-06 1.753296E-02 1.027299E-04
  9918   1437   3506 4.281176E-06 5.150467E-02 3.712427E-05
  9919     30   3547 1.844350E-06 5.772835E-02 9.501176E-05
  9920   5021   6222 2.842416E-06 6.928738E-02 2.191057E-05
  9921    213    389 3.179056E-06 4.795268E-02 1.208349E-04
  9922    242   1401 9.480733E-07 6.250000E-02 6.676621E-05
  9923   4465   6320 3.960702E-06 8.923526E-02 4.379948E-05
  9924   2717   6432 9.523067E-07 3.125000E-02 3.152824E-05
  9925    209    442 4.646352E-06 3.325563E-02 1.041965E-04
  9926   3143   3783 4.115170E-06 6.370465E-02 2.082475E-05
  9927   3224   4117 2.369010E-06 3.267158E-02 2.467028E-05
  9928   3171   3883 4.156691E-06 4.119734E-02 3.010480E-05
  9929   5026   5598 9.502964E-07 6.250000E-02 2.867272E-05
  9930    236    447 4.342966E-06 7.076844E-02 1.133556E-04
  9931   3027   4157 2.990458E-06 4.520397E-02 4.044412E-05
  9932    465   1486 4.007818E-06 4.711632E-02 6.539224E-05
  9933    297   4820 9.458744E-07 6.250000E-02 6.332339E-05
  9934    262    617 1.978149E-06 7.620540E-02 1.208201E-04
  9935   4043   5216 3.458433E-06 5.370945E-02 2.167927E-05
  9936   6233   6270 9.567643E-07 2.795085E-02 3.209096E-05
  9937   2176   6397 3.570240E-06 2.262688E-02 3.405321E-05
  9938   1799   2808 3.361428E-06 6.679008E-02 3.554215E-05
  9939   3724   3775 2.620410E-06 5.173702E-02 4.216426E-05
  9940    526   4993 1.405834E-06 5.230306E-02 4.228136E-05
  9941    443   5602 3.777865E-06 4.968214E-02 5.344064E-05
  9942    617   3633 2.810695E-06 4.246576E-02 4.395429E-05
  9943    495   5257 2.620268E-06 7.760232E-02 5.241792E-05
  9944   2176   3717 1.412113E-06 2.223776E-02 3.640290E-05
  9945    708    855 9.540167E-07 4.419417E-02 7.294520E-05
  9946    103   5161 2.623068E-06 7.760265E-02 9.882358E-05
  9947   3236   4662 9.560596E-07 2.083333E-02 3.825573E-05
  9948   2399   5324 2.244508E-06 5.246727E-02 4.405999E-05
  9949   3172   6229 9.564878E-07 6.253003E-02 3.692616E-05
  9950    621   1204 2.182975E-06 7.781510E-02 4.125976E-05
  9951    869   4102 3.150867E-06 3.576307E-02 6.584991E-05
  9952   2944   4071 3.559747E-06 7.363563E-02 4.023327E-05
  9953   4071   6596 9.560004E-07 4.419417E-02 2.321358E-05
  9954   3883   4595 3.414302E-06 5.112031E-02 2.156725E-05
  9955   3171   4595 3.983844E-06 7.129069E-02 2.744310E-05
  9956   3011   3108 9.562925E-07 6.250000E-02 3.034265E-05
  9957    491   2874 2.623687E-06 5.675943E-02 4.302415E-05
  9958   5034   6171 3.940956E-06 8.901720E-02 1.251708E-05
  9959    221   5025 1.631922E-06 6.687559E-02 8.736359E-05
  9960   5025   6265 4.409955E-06 3.865188E-02 3.162784E-05
  9961   2826   4157 3.574580E-06 3.660527E-02 3.236708E-05
  9962   2683   5694 2.624276E-06 4.684743E-02 2.583149E-05
  9963   4067   5683 1.348251E-06 1.034826E-02 5.387507E-05
  9964    136    631 9.568773E-07 3.140576E-02 1.123498E-04
  9965   1076   4607 1.793939E-06 2.645882E-02 4.254896E-05
  9966   2783   5605 1.801506E-06 8.397726E-02 3.554973E-05
  9967   4257   4604 2.233799E-06 5.785566E-02 2.088874E-05
  9968    495   3011 1.413399E-06 6.250000E-02 6.138453E-05
  9969   1503   5683 3.819678E-06 7.561772E-02 4.706557E-05
  9970   4004   6278 1.403432E-06 7.900000E-02 2.536608E-05
  9971    787    855 2.807100E-06 5.065769E-02 9.664677E-05
  9972    632   6161 4.244241E-06 6.440375E-02 5.683629E-05
  9973   1108   5653 9.626866E-07 4.457646E-02 5.478410E-05
  9974   2679   3686 9.540071E-07 3.125000E-02 4.427705E-05
  9975   3688   5188 9.529465E-07 2.795085E-02 2.948594E-05
  9976    729   6277 2.728719E-06 5.068536E-02 5.391444E-05
  9977   1479   4157 9.419584E-07 6.250000E-02 5.225358E-05
  9978   1312   3565 3.490955E-06 5.453501E-02 4.695841E-05
  9979   1517   5777 2.177447E-06 4.081131E-02 5.549463E-05
  9980   2260   3950 1.409691E-06 4.346182E-02 2.945953E-05
  9981   1843   3548 3.236599E-06 5.684774E-02 6.089559E-05
  9982   4135   5074 1.854336E-06 5.852979E-02 3.730536E-05
  9983    481   3829 2.248499E-06 2.531535E-02 5.460282E-05
  9984   3926   6587 3.157296E-06 7.042472E-02 4.363739E-05
  9985   4076   5021 1.822537E-06 7.900000E-02 3.692785E-05
  9986   3874   3948 1.811006E-06 7.900000E-02 5.126494E-05
  9987   3839   4076 3.262334E-06 7.357543E-02 2.243274E-05
  9988   4359   6431 3.477347E-06 4.591508E-02 2.066283E-05
  9989    206   5029 2.382000E-06 7.442975E-02 7.022826E-05
  9990   6203   6214 9.433374E-07 6.250000E-02 2.774534E-05
  9991   2760   5085 3.349539E-06 5.553728E-02 3.845370E-05
  9992   3717   5085 3.788451E-06 6.793664E-02 2.534542E-05
  9993    507   3717 9.544823E-07 3.125000E-02 7.428409E-05
  9994   6397   6414 3.592370E-06 4.575580E-02 2.148233E-05
  9995   2831   6596 2.184154E-06 6.727808E-02 2.279308E-05
  9996   4634   5290 9.500064E-07 6.250000E-02 2.903565E-05
  9997   5290   5291 1.789519E-06 1.041667E-02 2.798834E-05
  9998   3874   6203 2.622220E-06 6.119432E-02 2.289913E-05
  9999   3657   6137 4.115169E-06 6.293481E-02 4.909424E-05
 10000    708   4255 3.543826E-06 7.900000E-02 5.169240E-05
 10001    545   1006 9.573272E-07 1.397542E-02 6.795911E-05
 10002    206   3804 3.024575E-06 6.959408E-02 8.957023E-05
 10003    134    296 1.984078E-06 7.900000E-02 1.082564E-04
 10004   1254   5653 2.998977E-06 4.574145E-02 2.743345E-05
 10005   2678   4657 3.999234E-06 6.558469E-02 4.065747E-05
 10006   3566   5213 1.357374E-06 5.178428E-02 4.400226E-05
 10007   2792   5213 2.856732E-06 3.773325E-02 3.909993E-05
 10008   5043   6215 2.627578E-06 4.656245E-02 7.915013E-05
 10009   3928   5029 9.551200E-07 1.562500E-02 5.632551E-05
 10010    392    511 1.349061E-06 1.515848E-02 9.603745E-05
 10011   4089   4092 9.657507E-07 2.261199E-02 5.037369E-05
 10012   4349   6693 3.493398E-06 2.819776E-02 2.708009E-05
 10013   1590   2926 1.404905E-06 5.820357E-02 5.387624E-05
 10014   6172   6184 1.398947E-06 6.250000E-02 3.740479E-05
 10015   2919   4334 2.620860E-06 6.651622E-02 4.560639E-05
 10016   4961   6228 3.935572E-06 8.538662E-02 4.051829E-05
 10017   3450   5694 1.348621E-06 2.209709E-02 7.913362E-05
 10018    507   3657 3.008011E-06 6.654644E-02 9.079350E-05
 10019    390   2252 9.610486E-07 1.976424E-02 6.993147E-05
 10020   4334   4538 3.276914E-06 6.043411E-02 2.815506E-05
 10021    189   5605 9.567095E-07 6.250000E-02 8.499041E-05
 10022   3093   3839 4.039058E-06 4.617122E-02 2.882721E-05
 10023    729   1536 3.140580E-06 4.303964E-02 9.307321E-05
 10024    787   1993 1.255771E-06 5.803832E-02 8.126253E-05
 10025   3144   6591 4.000359E-06 8.274858E-02 5.665119E-05
 10026    414   2678 1.590487E-06 3.943767E-02 7.548875E-05
 10027   2614   6203 2.180834E-06 4.113007E-02 2.683339E-05
 10028   4066   6591 9.554733E-07 4.419417E-02 3.266972E-05
 10029    117   4092 1.409646E-06 5.843808E-02 9.416075E-05
 10030    511   5099 3.444811E-06 6.280578E-02 7.385620E-05
 10031    138   4336 1.396381E-06 6.250000E-02 9.920958E-05
 10032   3303   4743 2.920354E-06 5.719348E-02 2.004161E-05
 10033   5258   6520 9.652107E-07 1.976424E-02 4.809010E-05
 10034    548   1919 1.614224E-06 7.900000E-02 4.841863E-05
 10035    351    648 9.578238E-07 4.419417E-02 1.096122E-04
 10036   1355   2355 9.540104E-07 4.419417E-02 6.008664E-05
 10037    414   6601 3.669602E-06 6.121588E-02 5.502328E-05
 10038     21   3748 2.512115E-06 2.153815E-02 1.757091E-04
 10039     41    976 1.350915E-06 5.145511E-02 1.229115E-04
 10040   1879   3934 2.224051E-06 5.024232E-02 5.905513E-05
 10041    351   2987 3.706032E-06 6.121588E-02 4.262370E-05
 10042   5202   5296 9.427229E-07 6.250000E-02 2.644564E-05
 10043    787   3923 2.182484E-06 7.205123E-02 8.297175E-05
 10044    774   6144 1.398633E-06 3.125000E-02 4.400781E-05
 10045    163   5836 1.792766E-06 5.834351E-02 1.085630E-04
 10046   1988   6385 3.119277E-06 5.055326E-02 2.180812E-05
 10047    392   6279 3.118147E-06 4.107304E-02 6.059001E-05
 10048    616   3934 9.601885E-07 2.230246E-02 5.246208E-05
 10049   1854   5339 9.398319E-07 6.250000E-02 3.338539E-05
 10050    486   5799 3.179219E-06 8.329420E-02 5.066938E-05
 10051   2345   2842 1.791060E-06 6.456866E-02 3.530724E-05
 10052    351   6313 9.488977E-07 6.250000E-02 6.937746E-05
 10053    392   1041 1.570355E-06 5.002816E-02 8.823463E-05
 10054    869   1275 1.393721E-06 6.250000E-02 7.156635E-05
 10055    296   2218 1.349703E-06 5.653568E-02 5.351794E-05
 10056    548   5010 2.238782E-06 7.797133E-02 4.133456E-05
 10057    488    648 1.405948E-06 5.808590E-02 8.927641E-05
 10058    956   6578 1.408675E-06 5.869063E-02 4.942240E-05
 10059   3070   6374 1.299994E-06 7.900000E-02 4.995716E-05
 10060   1488   6144 9.458241E-07 6.250000E-02 2.923911E-05
 10061   3098   6057 9.542661E-07 3.125000E-02 2.395408E-05
 10062   1676   6603 9.377862E-07 6.250000E-02 3.712006E-05
 10063   2961   3093 1.721026E-06 7.900000E-02 5.017836E-05
 10064    318    545 9.477753E-07 4.419417E-02 1.230444E-04
 10065   1164   1576 3.307441E-06 7.331256E-02 3.184226E-05
 10066   4839   5962 9.440096E-07 6.250000E-02 3.685710E-05
 10067    110   3961 1.299234E-06 6.513318E-02 9.419398E-05
 10068   3986   5881 3.144803E-06 6.767616E-02 2.193740E-05
 10069   5286   6520 9.567448E-07 2.795085E-02 3.508391E-05
 10070   1488   6183 1.608296E-06 7.660803E-02 4.066030E-05
 10071    489   1355 3.001705E-06 6.230029E-02 1.119910E-04
 10072   3206   5852 2.961299E-06 6.723337E-02 3.269506E-05
 10073   4173   6548 3.745133E-06 4.013978E-02 3.069730E-05
 10074   3923   5106 4.110072E-06 2.288855E-02 1.686512E-05
 10075   3595   6319 2.787032E-06 4.134732E-02 3.196124E-05
 10076   5252   5402 3.279340E-06 4.773012E-02 4.079934E-05
 10077   1603   2501 1.985102E-06 5.065231E-02 4.630075E-05
 10078    328   2842 2.809462E-06 5.820138E-02 7.340121E-05
 10079   1879   2357 3.869409E-06 7.108330E-02 7.052802E-05
 10080   1655   4039 1.055645E-06 6.304799E-02 3.446454E-05
 10081   4699   5792 3.268447E-06 5.166706E-02 1.744961E-05
 10082   2006   6162 9.437291E-07 6.250000E-02 3.330799E-05
 10083    546   2006 3.553023E-06 6.108723E-02 5.535747E-05
 10084    167   5402 1.857422E-06 5.679058E-02 9.614161E-05
 10085   5790   6548 2.960753E-06 7.246818E-02 3.653147E-05
 10086    539   6237 2.838917E-06 7.113110E-02 7.956022E-05
 10087    818   4404 9.567060E-07 4.419417E-02 7.554769E-05
 10088    297   3049 3.344315E-06 7.159984E-02 1.063049E-04
 10089   3057   5870 1.521083E-06 5.826242E-02 2.450502E-05
 10090    972   3413 1.794442E-06 7.900000E-02 1.019517E-04
 10091   1746   1951 1.082648E-06 1.642032E-02 4.610024E-05
 10092    153   1710 2.956428E-06 7.314674E-02 1.058066E-04
 10093   2400   3645 9.535125E-07 3.125000E-02 7.394341E-05
 10094   3739   5307 2.174304E-06 6.651588E-02 4.573114E-05
 10095   1536   4106 2.369069E-06 3.424388E-02 4.460672E-05
 10096   1007   5111 9.500985E-07 6.250000E-02 4.536695E-05
 10097   1041   2215 4.029909E-06 5.819720E-02 4.678305E-05
 10098    224   4404 4.423298E-06 6.392704E-02 7.698237E-05
 10099    224   1064 2.424835E-06 5.820426E-02 1.149231E-04
 10100   2961   6251 2.989298E-06 6.412432E-02 2.624308E-05
 10101   2006   6148 9.465696E-07 6.250000E-02 2.350601E-05
 10102    787   3571 9.536850E-07 2.795085E-02 4.804895E-05
 10103   2505   3489 1.785118E-06 7.900000E-02 4.212699E-05
 10104   2666   5807 2.819450E-06 4.608800E-02 3.606966E-05
 10105    923   3085 3.594797E-06 4.978075E-02 7.470175E-05
 10106     41   3571 3.358776E-06 7.210080E-02 1.241365E-04
 10107   2553   5242 1.790049E-06 6.756944E-02 2.782626E-05
 10108   1112   3021 3.293231E-06 6.707606E-02 4.244624E-05
 10109    117    501 3.000065E-06 6.157843E-02 9.626894E-05
 10110   4421   6288 3.451540E-06 5.629366E-02 2.247301E-05
 10111   1122   2505 4.182094E-06 5.379095E-02 3.395131E-05
 10112   3504   5474 4.568418E-06 7.900000E-02 6.360327E-05
 10113    263   3887 9.510896E-07 3.125000E-02 6.412285E-05
 10114    616   1951 4.180826E-06 7.132617E-02 5.790741E-05
 10115   2505   6674 3.143375E-06 4.816168E-02 2.476942E-05
 10116    189   6603 3.373337E-06 7.585439E-02 1.147806E-04
 10117    818   1746 1.797883E-06 1.232920E-02 7.641346E-05
 10118    774   3097 1.795069E-06 4.656113E-02 5.732112E-05
 10119   4790   5572 2.620276E-06 7.760221E-02 2.835510E-05
 10120    414   4173 9.541213E-07 6.319072E-02 7.770404E-05
 10121   2264   3055 4.136966E-06 3.868873E-02 2.658495E-05
 10122    495   1112 9.571019E-07 2.083333E-02 9.555259E-05
 10123   4959   4967 2.809482E-06 4.656164E-02 1.608657E-05
 10124    604   5865 9.612609E-07 2.813875E-02 6.056106E-05
 10125   3098   6059 2.029741E-06 5.061845E-02 3.995932E-05
 10126    369    787 3.761633E-06 8.014478E-02 8.995518E-05
 10127    351   2432 9.546419E-07 6.250000E-02 9.326218E-05
 10128    683   2414 2.789593E-06 3.075075E-02 7.310963E-05
 10129   1287   4053 9.336471E-07 6.250000E-02 4.979881E-05
 10130   3541   5811 9.607405E-07 6.274383E-02 3.044795E-05
 10131   2264   5811 2.589939E-06 4.226139E-02 3.801224E-05
 10132   4260   5781 9.611790E-07 4.419417E-02 3.512995E-05
 10133   1438   2432 1.354871E-06 4.639752E-02 6.043109E-05
 10134     13   4105 2.180212E-06 6.653827E-02 1.396615E-04
 10135   3270   3516 1.788644E-06 7.761352E-02 5.408042E-05
 10136    296   1287 9.406252E-07 6.250000E-02 5.318898E-05
 10137   3455   4308 9.544827E-07 2.795085E-02 4.472314E-05
 10138   6724   6737 4.067328E-06 6.869364E-02 2.309671E-05
 10139    121    502 3.329632E-06 4.816363E-02 8.597333E-05
 10140    137    151 7.351155E-06 6.782366E-02 1.361831E-04
 10141    482   2006 3.530859E-06 5.107639E-02 4.170474E-05
 10142   1041   3045 3.241437E-06 3.577616E-02 7.187820E-05
 10143   3945   5056 2.764112E-06 3.687592E-02 2.089901E-05
 10144    990   2006 9.741623E-07 2.142506E-02 5.376122E-05
 10145    263   2248 3.962139E-06 3.860397E-02 6.446300E-05
 10146     41   5128 9.560345E-07 2.795085E-02 1.035780E-04
 10147   1129   2553 1.233164E-06 3.855624E-02 4.138448E-05
 10148   3057   4285 2.960989E-06 6.571325E-02 4.713953E-05
 10149   3636   4530 9.537693E-07 6.250000E-02 5.416000E-05
 10150     41   2354 3.842569E-06 5.084823E-02 9.075493E-05
 10151    167   3791 3.297711E-06 3.558978E-02 9.283647E-05
 10152   1948   4224 3.517480E-06 7.863850E-02 3.939479E-05
 10153    515   2226 9.555634E-07 4.419417E-02 7.358834E-05
 10154   4960   6276 2.925399E-06 5.775408E-02 4.100940E-05
 10155    482   2137 1.069420E-06 6.384961E-02 3.308098E-05
 10156     41   2215 1.004706E-06 3.171677E-02 8.496429E-05
 10157    515   3647 9.514201E-07 4.419417E-02 6.909583E-05
 10158   1327   6574 1.800075E-06 8.353658E-02 3.146649E-05
 10159    110   6059 9.565101E-07 2.795085E-02 1.363588E-04
 10160    818   6413 3.524946E-06 3.964515E-02 2.277412E-05
 10161    296   1111 1.414994E-06 5.888357E-02 6.700748E-05
 10162   2633   2967 3.477000E-06 5.209905E-02 3.257678E-05
 10163   1710   2967 2.176216E-06 3.989677E-02 6.189891E-05
 10164    515   3777 3.001550E-06 6.873188E-02 4.951473E-05
 10165    276   4185 9.517446E-07 4.419417E-02 5.975274E-05
 10166    608   2967 1.415113E-06 1.531600E-02 8.297665E-05
 10167    463   3413 2.925375E-06 7.815739E-02 9.705288E-05
 10168   4338   4530 3.387155E-06 5.637658E-02 2.267622E-05
 10169   4115   6427 2.806899E-06 8.594482E-02 3.089299E-05
 10170   1579   6284 2.509442E-06 2.514295E-02 3.063742E-05
 10171   1855   6771 1.420604E-06 2.228522E-02 4.103627E-05
 10172   1679   4285 9.532923E-07 6.250000E-02 4.630583E-05
 10173   3665   6013 2.176710E-06 5.173495E-02 3.742569E-05
 10174   1866   4714 2.953136E-06 5.024525E-02 3.773897E-05
 10175   3945   6275 4.793168E-06 3.286208E-02 1.110552E-05
 10176   2054   2432 1.347929E-06 1.578777E-02 7.016520E-05
 10177    276   6757 1.853953E-06 7.715443E-02 5.751101E-05
 10178     13   4691 2.361444E-06 2.261552E-02 1.643593E-04
 10179   3637   3743 9.519191E-07 3.125000E-02 3.381117E-05
 10180   2582   4719 1.413346E-06 1.741536E-02 3.519169E-05
 10181     23   5656 3.321372E-06 7.099970E-02 1.789411E-04
 10182   1471   6090 9.371099E-07 6.250000E-02 3.748024E-05
 10183     21   5740 2.809656E-06 3.571143E-02 1.515284E-04
 10184   3516   4115 1.158587E-06 4.459792E-02 3.042151E-05
 10185   4495   5701 2.805355E-06 7.147376E-02 4.643244E-05
 10186   1820   4714 1.566932E-06 6.455906E-02 2.542876E-05
 10187   3531   5110 3.760494E-06 4.755578E-02 1.837885E-05
 10188    110   1757 2.934674E-06 4.008856E-02 9.771963E-05
 10189    923   5872 3.913102E-06 4.881979E-02 5.225689E-05
 10190    369   5105 2.945860E-06 5.232838E-02 8.748363E-05
 10191    224   2821 9.522782E-07 4.419417E-02 4.610936E-05
 10192   2059   4169 3.884289E-06 6.858621E-02 4.413821E-05
 10193    569   1679 1.406020E-06 5.235994E-02 5.397475E-05
 10194   3349   5854 9.463498E-07 6.250000E-02 3.717814E-05
 10195    623   3286 3.149100E-06 5.648379E-02 6.150751E-05
 10196    259   2280 9.522206E-07 6.250000E-02 7.718950E-05
 10197    288   6425 3.535586E-06 8.785540E-02 6.924699E-05
 10198      2    608 2.999006E-06 3.211581E-02 3.281202E-04
 10199   1471   5147 1.474429E-06 7.900000E-02 5.004120E-05
 10200   2058   6675 2.368094E-06 5.996780E-02 2.232184E-05
 10201   2058   6425 3.444456E-06 8.056808E-02 3.715129E-05
 10202     24   2816 2.861876E-06 3.665577E-02 1.250242E-04
 10203     41   2054 2.240827E-06 7.362038E-02 1.175792E-04
 10204   5315   6516 9.596624E-07 1.041667E-02 1.954306E-05
 10205    990   2383 2.540869E-06 1.828897E-02 5.940843E-05
 10206     41   5141 3.421144E-06 5.446059E-02 1.670287E-04
 10207   1772   1855 2.996183E-06 7.122012E-02 4.256968E-05
 10208   2527   5095 3.369081E-06 6.108423E-02 4.227309E-05
 10209   2372   6750 9.492551E-07 6.250000E-02 5.000361E-05
 10210    700   2767 3.432239E-06 3.245517E-02 7.140399E-05
 10211     96   4461 3.030012E-06 7.676631E-02 6.596981E-05
 10212    224    288 3.113666E-06 3.204047E-02 1.005225E-04
 10213   1753   3404 2.828875E-06 2.805329E-02 2.865791E-05
 10214    521   6281 2.239061E-06 6.492217E-02 5.228769E-05
 10215     85   5741 3.395679E-06 6.501685E-02 1.460170E-04
 10216   2033   2503 2.428662E-06 3.324367E-02 4.931146E-05
 10217   4297   6027 3.571414E-06 4.552030E-02 4.327251E-05
 10218     23   4731 2.241138E-06 5.257603E-02 1.465490E-04
 10219    499   1436 3.416080E-06 2.685062E-02 4.017122E-05
 10220    625   3247 9.535052E-07 6.250000E-02 4.194865E-05
 10221    288   1737 2.825848E-06 8.210323E-02 5.597067E-05
 10222   2372   6491 2.238804E-06 4.588069E-02 3.941648E-05
 10223    224    901 1.410733E-06 7.807465E-02 9.159484E-05
 10224    279    807 7.726440E-06 6.892779E-02 6.741198E-05
 10225   1000   3240 9.527355E-07 2.795085E-02 5.669271E-05
 10226   1717   3722 1.409046E-06 2.414260E-02 3.451456E-05
 10227    224   2274 1.408080E-06 7.790589E-02 4.784231E-05
 10228     42   1635 3.189504E-06 4.764311E-02 7.712438E-05
 10229    224    700 2.808869E-06 6.651726E-02 1.082868E-04
 10230      2   3185 3.956818E-06 7.239118E-02 3.826267E-04
 10231    347   3675 1.798354E-06 4.083201E-02 6.570486E-05
 10232    218   2584 1.177207E-06 4.422510E-02 1.177027E-04
 10233   1219   6729 4.440572E-06 6.462267E-02 4.197058E-05
 10234    319    448 2.621204E-06 4.656218E-02 7.254619E-05
 10235    798   4419 9.429579E-07 6.250000E-02 5.442819E-05
 10236   1435   3332 9.530075E-07 6.250000E-02 4.518046E-05
 10237    445   3332 4.188706E-06 8.116513E-02 4.419160E-05
 10238    590   2093 2.925404E-06 4.217920E-02 4.749208E-05
 10239   1000   2103 1.410046E-06 3.314250E-02 3.912229E-05
 10240   4985   6236 3.643044E-06 7.364621E-02 2.210216E-05
 10241    423    663 1.350232E-06 5.132550E-02 6.749297E-05
 10242    588   6533 9.579159E-07 2.083333E-02 6.463462E-05
 10243    156    248 2.620264E-06 4.232885E-02 1.122673E-04
 10244   3674   5332 1.737676E-06 5.652678E-02 2.751405E-05
 10245    108   3134 1.404359E-06 7.782524E-02 9.029182E-05
 10246    521   1717 1.856042E-06 6.503957E-02 8.690436E-05
 10247   1284   2162 3.628460E-06 3.624996E-02 2.594668E-05
 10248    218   5869 1.409711E-06 4.694705E-02 5.877031E-05
 10249    580    588 2.003723E-06 6.738865E-02 9.849106E-05
 10250    118   4453 1.404776E-06 2.087905E-02 1.026934E-04
 10251   2413   3245 1.975952E-06 3.208729E-02 2.514063E-05
 10252    108   6250 3.774435E-06 6.028022E-02 6.500220E-05
 10253    108   3867 9.481061E-07 6.250000E-02 1.272648E-04
 10254   4386   6495 3.278380E-06 6.269727E-02 3.259202E-05
 10255    371   6250 9.507376E-07 6.250000E-02 6.396102E-05
 10256   2203   3177 4.132043E-06 8.189386E-02 2.981374E-05
 10257    272   4866 2.623340E-06 5.205969E-02 7.452885E-05
 10258   2779   6742 1.408400E-06 2.088829E-02 5.069597E-05
 10259    371   5008 9.461825E-07 6.250000E-02 6.991632E-05
 10260    425   3136 1.536517E-06 4.653981E-02 4.306947E-05
 10261   2071   5332 9.568825E-07 2.209709E-02 2.552334E-05
 10262    318    798 2.818691E-06 7.647614E-02 1.132402E-04
 10263   1343   3970 1.791608E-06 1.257695E-02 5.793567E-05
 10264   1700   6441 9.426979E-07 6.250000E-02 5.950002E-05
 10265    463    963 4.467536E-06 4.693354E-02 5.394294E-05
 10266    445   3728 9.465531E-07 6.250000E-02 5.028578E-05
 10267   1700   2103 1.793197E-06 1.052207E-02 2.950927E-05
 10268   1544   5200 3.522391E-06 5.865536E-02 3.887084E-05
 10269    204   1000 2.236896E-06 5.820173E-02 1.326437E-04
 10270    222    645 3.937093E-06 4.110985E-02 1.020331E-04
 10271    439   4866 3.035880E-06 6.512626E-02 6.051454E-05
 10272   2274   3064 1.455817E-06 5.864223E-02 5.378373E-05
 10273    798   2337 9.554028E-07 3.125000E-02 3.799206E-05
 10274    360   4577 3.651303E-06 3.209008E-02 7.348288E-05
 10275   1700   2071 1.796867E-06 2.873809E-02 8.847540E-05
 10276   5297   6495 9.512572E-07 3.125000E-02 3.417132E-05
 10277    531   6362 2.587096E-06 7.900000E-02 6.557641E-05
 10278    319   3762 9.544473E-07 2.083333E-02 1.075707E-04
 10279    521   3211 3.134473E-06 7.963405E-02 6.370325E-05
 10280    503   5621 3.602856E-06 8.788837E-02 4.514296E-05
 10281   2434   4389 9.619025E-07 2.801950E-02 4.800393E-05
 10282    118   3248 2.620313E-06 4.565816E-02 1.281734E-04
 10283   3970   5224 1.390774E-06 6.250000E-02 3.684486E-05
 10284   2216   4791 3.112133E-06 5.524340E-02 2.377690E-05
 10285    728   2203 1.730491E-06 7.900000E-02 5.245087E-05
 10286    424   2041 2.991689E-06 4.743575E-02 6.059007E-05
 10287    429   4720 2.367075E-06 5.630983E-02 6.006635E-05
 10288      6   6490 2.177379E-06 3.354123E-02 1.411664E-04
 10289    423   4427 3.717006E-06 3.324062E-02 6.301093E-05
 10290   2779   6766 2.179209E-06 7.985611E-02 3.438488E-05
 10291     96   4424 2.569273E-06 5.232377E-02 8.447620E-05
 10292   4951   6392 1.404813E-06 4.419417E-02 3.065289E-05
 10293    949   6304 1.400288E-06 5.795499E-02 5.795133E-05
 10294   4392   6029 9.528153E-07 6.250000E-02 4.119538E-05
 10295   3970   6669 9.586687E-07 1.562500E-02 4.900503E-05
 10296     19    420 1.800472E-06 4.691129E-02 1.564384E-04
 10297    706   6562 1.407889E-06 6.250000E-02 5.383310E-05
 10298   3920   6509 2.841312E-06 7.770500E-02 4.057254E-05
 10299    319    375 9.395883E-07 6.250000E-02 1.114121E-04
 10300   3592   3802 2.620272E-06 5.646499E-02 2.982313E-05
 10301   2216   4773 3.516105E-06 5.299557E-02 3.276905E-05
 10302   1336   2535 1.360199E-06 5.782350E-02 3.541915E-05
 10303     22   2071 3.476619E-06 6.730577E-02 1.591022E-04
 10304    635    800 3.114480E-06 3.781336E-02 7.382306E-05
 10305    130    963 5.373143E-06 6.094672E-02 1.006505E-04
 10306   2352   2535 9.571484E-07 2.083333E-02 7.287298E-05
 10307   5098   6336 9.542120E-07 4.419417E-02 4.233309E-05
 10308     78    520 1.801071E-06 4.589413E-02 1.628171E-04
 10309   3449   4773 2.626924E-06 7.272151E-02 2.313060E-05
 10310    130   6343 3.189250E-06 8.623059E-02 8.329260E-05
 10311   1336   2672 4.668041E-06 5.698381E-02 1.706091E-05
 10312   1289   5229 1.792321E-06 6.410022E-02 4.287771E-05
 10313   2167   3885 1.792585E-06 8.230962E-02 4.071692E-05
 10314   1691   5624 3.982583E-06 5.993351E-02 3.333435E-05
 10315    280   5098 1.796722E-06 5.669297E-02 6.003408E-05
 10316    140   1797 2.238437E-06 4.675361E-02 1.251076E-04
 10317    428   4529 1.414676E-06 7.900000E-02 4.588960E-05
 10318    280   4428 9.471527E-07 6.250000E-02 5.113587E-05
 10319   5699   5750 9.577267E-07 2.795085E-02 3.047724E-05
 10320   1739   1891 6.201373E-06 6.361817E-02 4.168458E-05
 10321   1230   5564 9.542839E-07 6.250000E-02 5.196380E-05
 10322   2852   5564 3.792556E-06 3.497712E-02 3.201987E-05
 10323   1229   5645 2.174252E-06 3.972477E-02 9.604586E-05
 10324    635   1060 2.487784E-06 5.057773E-02 8.376198E-05
 10325     18   1154 4.393736E-06 4.774524E-02 1.060166E-04
 10326      1   5113 9.543020E-07 6.250000E-02 2.832092E-04
 10327   3421   4630 4.374762E-06 6.111587E-02 5.823378E-05
 10328   3022   5645 2.571487E-06 5.198288E-02 9.186790E-05
 10329     70   3133 1.410097E-06 3.127726E-02 1.196763E-04
 10330   1230   3042 1.793857E-06 1.760374E-02 3.947660E-05
 10331   3420   6064 2.676110E-06 6.855417E-02 2.105539E-05
 10332   1081   6545 1.422441E-06 1.809295E-02 6.961679E-05
 10333   3485   6605 1.788089E-06 7.900000E-02 2.772360E-05
 10334   1396   2012 1.860505E-06 7.854206E-02 4.333043E-05
 10335    179   1396 2.486712E-06 1.577729E-02 6.208615E-05
 10336     85   6061 2.805860E-06 8.669687E-02 5.897830E-05
 10337   1797   3932 2.810281E-06 5.227594E-02 3.601352E-05
 10338    849   2237 1.393878E-06 6.250000E-02 3.562848E-05
 10339    428   2660 1.425157E-06 6.523259E-02 5.399559E-05
 10340    142    669 9.635513E-07 1.574288E-02 9.648158E-05
 10341     85   2660 2.232692E-06 5.771909E-02 1.120023E-04
 10342     85    782 4.223643E-06 3.855735E-02 1.341204E-04
 10343   4671   6543 2.666438E-06 5.890606E-02 1.880022E-05
 10344      1   1667 2.994713E-06 4.049834E-02 3.459035E-04
 10345      3   3590 3.102727E-06 6.551805E-02 2.258684E-04
 10346   2607   4462 2.240605E-06 7.420291E-02 2.194604E-05
 10347   5270   6496 2.838967E-06 7.301628E-02 2.451788E-05
 10348    106    914 5.799091E-06 5.885854E-02 1.001409E-04
 10349   1293   2636 9.582840E-07 3.125000E-02 3.831673E-05
 10350     28   2366 1.351265E-06 3.125000E-02 1.537468E-04
 10351   6811   6813 3.145569E-06 6.659828E-02 1.212092E-05
 10352      3   6801 3.409230E-06 7.900000E-02 2.857887E-04
 10353   5520   5765 4.041116E-06 6.394112E-02 1.368250E-05
 10354   5154   5761 1.351932E-06 2.083333E-02 2.609657E-05
 10355   2570   2611 2.806124E-06 6.745552E-02 3.372999E-05
 10356    726   5769 2.176607E-06 7.760249E-02 6.467177E-05
 10357   1705   4528 9.469298E-07 6.250000E-02 4.351985E-05
 10358   1517   3679 9.519670E-07 6.250000E-02 3.176072E-05
 10359   3871   4807 9.517138E-07 6.250000E-02 3.642401E-05
 10360    886   4799 1.789680E-06 1.562500E-02 3.406887E-05
 10361   2575   5827 2.925374E-06 4.656110E-02 5.113866E-05
 10362    201   4077 2.933388E-06 3.927433E-02 6.865455E-05
 10363     39   2764 1.593925E-06 7.900000E-02 9.857891E-05
 10364   2156   3340 4.405162E-06 4.710788E-02 2.794752E-05
 10365    662   4086 9.456648E-07 6.250000E-02 8.348590E-05
 10366   1074   1517 9.459725E-07 6.250000E-02 7.125078E-05
 10367   1925   5815 9.484265E-07 6.250000E-02 4.319415E-05
 10368   1977   4796 1.346957E-06 2.896614E-02 3.962486E-05
 10369    839   5851 4.088736E-06 4.605469E-02 3.381364E-05
 10370    552   3341 2.923453E-06 6.081300E-02 5.764585E-05
 10371   4814   5814 9.402640E-07 6.250000E-02 2.881804E-05
 10372   2469   3307 2.177549E-06 7.760261E-02 4.091291E-05
 10373    125   2918 1.591682E-06 5.618483E-02 1.176347E-04
 10374   1217   5823 4.288915E-06 5.048834E-02 3.358726E-05
 10375   1109   4796 2.424953E-06 7.638953E-02 3.936103E-05
 10376   1045   2597 3.301554E-06 5.715007E-02 3.828958E-05
 10377   1109   1440 1.857414E-06 4.672946E-02 5.407995E-05
 10378   2837   3287 2.236731E-06 7.763473E-02 2.969539E-05
 10379   1976   2913 2.997809E-06 6.100601E-02 3.911274E-05
 10380     30    719 2.808147E-06 5.057466E-02 9.782733E-05
 10381    727   5744 9.423779E-07 6.250000E-02 4.294200E-05
 10382   1157   1334 3.265531E-06 4.925168E-02 6.687066E-05
 10383    417   4754 1.347317E-06 1.253425E-02 7.706617E-05
 10384     92   3714 1.350697E-06 6.852514E-02 9.551413E-05
 10385   3633   6010 9.450679E-07 6.250000E-02 3.673879E-05
 10386    405   1719 9.588633E-07 2.083333E-02 1.009993E-04
 10387   1217   3711 1.406225E-06 5.814485E-02 5.681608E-05
 10388   2996   4811 2.625364E-06 6.651855E-02 5.112472E-05
 10389   1156   3263 9.560897E-07 3.125000E-02 7.263093E-05
 10390    851   5702 3.159560E-06 7.725340E-02 3.297674E-05
 10391   3398   6017 9.530697E-07 3.125000E-02 3.260067E-05
 10392    839   4747 2.421946E-06 5.791594E-02 5.702806E-05
 10393   3207   5612 3.149126E-06 6.150072E-02 5.000418E-05
 10394   4748   6000 2.174428E-06 2.533011E-02 3.269403E-05
 10395   1296   1720 3.644896E-06 6.290973E-02 3.068981E-05
 10396    301   2781 9.507817E-07 3.125000E-02 1.126437E-04
 10397     57   2523 1.410863E-06 5.879296E-02 1.370771E-04
 10398   1550   3708 9.586171E-07 3.135329E-02 3.363344E-05
 10399   3690   6019 9.510606E-07 6.250000E-02 3.490319E-05
 10400     83   2210 3.151713E-06 6.707318E-02 8.063111E-05
 10401    773   2855 3.143300E-06 5.053957E-02 5.021075E-05
 10402   4764   6022 2.506070E-06 7.900000E-02 3.181370E-05
 10403   3711   4764 2.242374E-06 7.820038E-02 3.709843E-05
 10404   1024   4783 2.178377E-06 3.408203E-02 4.448308E-05
 10405   3472   4741 9.516794E-07 6.250000E-02 2.996506E-05
 10406    487   6031 2.623807E-06 6.659232E-02 8.240559E-05
 10407   1985   2784 9.466390E-07 6.250000E-02 3.206206E-05
 10408   3690   4902 3.502823E-06 8.054175E-02 3.993603E-05
 10409   1550   6063 9.521527E-07 6.250000E-02 3.658629E-05
 10410   1418   2283 2.813343E-06 5.173455E-02 7.419101E-05
 10411   2753   4772 1.790492E-06 2.086510E-02 2.711193E-05
 10412    349   3711 9.579507E-07 2.083333E-02 7.415040E-05
 10413   1673   4778 3.834230E-06 5.370540E-02 3.777785E-05
 10414    882   3472 1.399753E-06 7.900000E-02 4.199442E-05
 10415    358   2846 1.793407E-06 3.167855E-02 8.020875E-05
 10416   1024   2850 1.354148E-06 2.126309E-02 6.941011E-05
 10417    279   6073 2.810127E-06 6.082901E-02 6.685884E-05
 10418    487   1687 9.513027E-07 3.125000E-02 4.223514E-05
 10419     77   4913 1.856457E-06 3.901996E-02 1.014095E-04
 10420    882   3263 2.241342E-06 7.841033E-02 1.308986E-04
 10421    736   6068 2.362474E-06 5.072281E-02 4.139231E-05
 10422   4178   4894 3.385193E-06 5.373998E-02 1.920663E-05
 10423   3427   4277 2.849467E-06 4.915582E-02 5.029286E-05
 10424   1673   6037 1.789812E-06 5.820220E-02 3.839240E-05
 10425   4217   4934 9.483564E-07 3.125000E-02 4.751472E-05
 10426    286    487 4.052044E-06 5.903309E-02 9.567579E-05
 10427   5558   5906 1.349341E-06 1.267096E-02 2.842490E-05
 10428   1675   5901 4.363619E-06 4.536204E-02 3.287402E-05
 10429   4313   5892 9.547091E-07 3.125000E-02 3.378669E-05
 10430   1826   4904 3.094940E-06 6.268667E-02 5.337479E-05
 10431   1987   3822 2.426738E-06 6.070410E-02 6.239231E-05
 10432   4941   5899 1.361794E-06 5.111114E-02 2.373027E-05
 10433   3088   5899 3.986495E-06 6.650736E-02 2.678505E-05
 10434   4050   4895 4.043478E-06 3.984287E-02 4.956399E-05
 10435   4137   5547 1.344785E-06 7.900000E-02 7.399493E-05
 10436   2118   2833 1.409713E-06 2.083333E-02 4.575832E-05
 10437   2833   6047 9.434837E-07 6.250000E-02 4.437543E-05
 10438    459   3884 9.555448E-07 6.277326E-02 9.061560E-05
 10439   1987   4920 9.541306E-07 3.125000E-02 5.824893E-05
 10440   1342   5681 1.788947E-06 1.562500E-02 4.420166E-05
 10441   4920   5886 9.420069E-07 6.250000E-02 4.067652E-05
 10442   1715   5872 1.808617E-06 7.915690E-02 4.595218E-05
 10443   3793   4293 9.549137E-07 6.250000E-02 3.637337E-05
 10444   3339   5892 2.807295E-06 8.686417E-02 3.991922E-05
 10445    325   4828 2.806102E-06 8.672483E-02 7.098134E-05
 10446   4932   4935 3.299413E-06 4.618132E-02 1.695382E-05
 10447   4925   5867 3.830504E-06 3.866923E-02 3.115429E-05
 10448   4839   5870 1.407150E-06 7.900000E-02 3.343351E-05
 10449    882   2848 9.451024E-07 6.250000E-02 1.061628E-04
 10450    345   2862 1.787869E-06 7.900000E-02 5.976144E-05
 10451   3367   4924 1.406493E-06 2.083333E-02 3.478155E-05
 10452   4850   5505 1.403826E-06 3.125000E-02 5.130163E-05
 10453   1797   4843 3.002026E-06 3.390639E-02 4.428660E-05
 10454    179    653 9.549082E-07 3.125000E-02 1.300267E-04
 10455    758   5496 1.208973E-06 2.083333E-02 4.941581E-05
 10456   2461   4929 9.501829E-07 6.250000E-02 4.232661E-05
 10457   3126   4849 9.503708E-07 6.250000E-02 3.638506E-05
 10458    249   4087 3.987128E-06 3.223214E-02 6.317202E-05
 10459   2224   5600 1.975348E-06 7.581408E-02 5.731754E-05
 10460   3943   5916 1.349803E-06 5.094768E-02 2.890376E-05
 10461    218   2510 9.454342E-07 6.250000E-02 5.682765E-05
 10462    349   1472 9.545548E-07 3.125000E-02 8.250283E-05
 10463    923   1228 2.959539E-06 7.330949E-02 4.462198E-05
 10464   2801   5933 2.805355E-06 4.656117E-02 4.439950E-05
 10465   3238   4847 3.295016E-06 6.120132E-02 2.852276E-05
 10466   4846   4880 9.564833E-07 3.125000E-02 3.721960E-05
 10467   4877   5936 1.195683E-06 3.125000E-02 2.897640E-05
 10468    725   3362 9.514549E-07 3.125000E-02 5.415998E-05
 10469    349   4212 9.555203E-07 3.125000E-02 7.879812E-05
 10470   3052   4849 9.622117E-07 6.272603E-02 4.849608E-05
 10471   2063   3984 1.732503E-06 3.393996E-02 5.314061E-05
 10472   2105   4300 3.242875E-06 6.272881E-02 4.130654E-05
 10473     67   2532 4.406002E-06 6.792214E-02 1.027568E-04
 10474   2329   2574 2.238621E-06 7.900000E-02 4.381331E-05
 10475   4555   5968 9.491742E-07 6.250000E-02 3.115242E-05
 10476   2954   3950 4.421104E-06 6.693515E-02 1.809755E-05
 10477   2771   3357 2.620264E-06 4.656178E-02 2.059728E-05
 10478    243    749 3.330404E-06 4.680446E-02 1.411628E-04
 10479   1659   5978 2.663033E-06 4.486497E-02 3.580337E-05
 10480    823   5959 4.000171E-06 7.874359E-02 4.104645E-05
 10481     67   5914 1.788671E-06 7.760185E-02 1.045161E-04
 10482    782   5643 9.707878E-07 3.187345E-02 5.276231E-05
 10483    122   2534 9.411927E-07 6.250000E-02 5.341930E-05
 10484    924   5855 2.360577E-06 2.539158E-02 5.090908E-05
 10485    272   4380 2.620327E-06 5.173738E-02 4.317794E-05
 10486   4553   6036 9.556284E-07 3.125000E-02 2.260720E-05
 10487    758   2942 9.519149E-07 6.250000E-02 3.879847E-05
 10488   2888   4533 3.761691E-06 4.762015E-02 3.437946E-05
 10489     85   4859 3.149252E-06 4.794557E-02 9.185752E-05
 10490    782   5888 2.744594E-06 3.181653E-02 4.923130E-05
 10491   4539   5667 9.574047E-07 3.125000E-02 3.693069E-05
 10492   4556   6057 3.143315E-06 5.527095E-02 2.269765E-05
 10493   4121   5480 2.821065E-06 7.900000E-02 2.877754E-05
 10494    522   2956 1.409047E-06 5.861034E-02 8.245645E-05
 10495   4538   6066 1.646432E-06 7.042478E-02 1.813367E-05
 10496   2939   3905 3.987295E-06 3.119770E-02 2.283815E-05
 10497   5997   6082 9.594209E-07 1.575053E-02 4.304085E-05
 10498   2072   4297 9.555439E-07 3.125000E-02 5.841469E-05
 10499    110   4190 9.639863E-07 3.125000E-02 1.533010E-04
 10500    904   6072 2.620473E-06 7.762761E-02 2.548037E-05
 10501   1875   3020 9.413062E-07 6.250000E-02 3.590222E-05
 10502   3902   4580 9.414013E-07 6.250000E-02 2.925518E-05
 10503    725    977 9.449563E-07 6.250000E-02 7.386818E-05
 10504   1646   3305 1.559074E-06 5.474854E-02 5.578021E-05
 10505   3462   4319 2.360094E-06 8.675345E-02 3.265571E-05
 10506   1659   2539 2.218983E-06 5.464971E-02 5.330495E-05
 10507   3216   4563 1.405211E-06 3.125000E-02 2.515668E-05
 10508   4544   4565 2.807577E-06 5.068950E-02 1.816666E-05
 10509    568   6027 2.998717E-06 5.092202E-02 8.218265E-05
 10510   4558   5697 1.400900E-06 3.125000E-02 3.048765E-05
 10511    537   2222 2.958325E-06 5.173641E-02 1.006360E-04
 10512    563   2885 9.522614E-07 6.250000E-02 3.713246E-05
 10513    897   6002 2.964802E-06 6.708805E-02 4.058606E-05
 10514    110   6028 9.455605E-07 6.250000E-02 1.648776E-04
 10515   4392   4591 1.001222E-06 6.287818E-02 3.774747E-05
 10516   4591   5697 1.056729E-06 2.114387E-02 2.044869E-05
 10517   3020   4499 3.809150E-06 5.288363E-02 4.059529E-05
 10518   2001   2184 5.220994E-06 4.658881E-02 4.354110E-05
 10519    568   2503 9.575405E-07 6.261505E-02 8.019422E-05
 10520    924   3759 3.104352E-06 7.077496E-02 4.986639E-05
 10521   5739   6027 1.985144E-06 4.049293E-02 1.831632E-05
 10522   4495   6028 3.437854E-06 6.021549E-02 3.981582E-05
 10523    737   2304 1.846752E-06 5.757746E-02 7.086642E-05
 10524   1537   1832 2.805430E-06 6.065364E-02 4.523154E-05
 10525     21   4568 1.736856E-06 5.145718E-02 1.667110E-04
 10526    179   2660 1.405391E-06 7.900000E-02 8.756043E-05
 10527    933   3529 9.537933E-07 6.250000E-02 3.881444E-05
 10528    930   1580 2.960251E-06 3.880186E-02 3.595665E-05
 10529   2732   3759 9.535391E-07 3.125000E-02 3.963353E-05
 10530   2222   3402 2.992167E-06 6.064762E-02 2.614188E-05
 10531   1025   2899 9.458284E-07 6.250000E-02 4.424477E-05
 10532      3   3703 9.501455E-07 6.250000E-02 2.570043E-04
 10533   4392   4475 2.580352E-06 4.696011E-02 1.927747E-05
 10534   1028   5743 9.435951E-07 6.250000E-02 3.744410E-05
 10535   3636   5735 1.626997E-06 7.900000E-02 1.897195E-05
 10536   2488   5714 2.633337E-06 5.843609E-02 2.051783E-05
 10537     22   4571 2.627903E-06 4.249738E-02 1.302992E-04
 10538   2703   4481 9.541593E-07 2.083333E-02 2.740768E-05
 10539   5748   5819 9.473351E-07 6.250000E-02 3.425782E-05
 10540    638   5551 4.223579E-06 7.652090E-02 8.291937E-05
 10541   3663   4498 1.597357E-06 2.083333E-02 4.004044E-05
 10542    835   5850 1.050836E-06 6.250000E-02 4.414965E-05
 10543   2500   2606 1.409347E-06 7.894814E-02 3.609466E-05
 10544    849   2304 2.622894E-06 3.116149E-02 4.104596E-05
 10545   1402   3629 2.993259E-06 4.682689E-02 2.141758E-05
 10546   2693   4467 2.967335E-06 5.656815E-02 1.915635E-05
 10547    428   5771 3.148208E-06 6.064810E-02 4.445513E-05
 10548   1616   3586 1.789313E-06 7.900000E-02 4.495647E-05
 10549   5766   5808 4.012317E-06 5.393401E-02 2.832703E-05
 10550    572   3610 3.558651E-06 3.326538E-02 4.955750E-05
 10551   1651   3522 4.257444E-06 6.922815E-02 2.013254E-05
 10552    857   2564 9.408191E-07 3.125000E-02 5.997401E-05
 10553    302   4517 2.180341E-06 4.656226E-02 5.592672E-05
 10554   2276   5837 9.566396E-07 3.156551E-02 2.891885E-05
 10555   3096   4311 2.177190E-06 3.398783E-02 2.461683E-05
 10556   2546   3204 9.486771E-07 6.250000E-02 3.368355E-05
 10557   4347   5773 2.242861E-06 4.656359E-02 1.449914E-05
 10558   1200   4527 2.957789E-06 6.662532E-02 4.803022E-05
 10559   2294   4530 9.531793E-07 3.125000E-02 3.385320E-05
 10560    824   1223 3.111240E-06 7.077443E-02 5.438174E-05
 10561   4502   6549 2.600648E-06 7.458263E-02 3.903532E-05
 10562   1039   4694 1.352162E-06 5.135478E-02 3.477132E-05
 10563   4173   5790 2.080634E-06 7.900000E-02 3.502276E-05
 10564   3394   4323 1.595250E-06 7.900000E-02 3.686095E-05
 10565     19   1311 1.857209E-06 7.765516E-02 1.207607E-04
 10566    185    644 3.523082E-06 7.316254E-02 9.504821E-05
 10567    428   1497 9.539995E-07 6.250000E-02 9.975985E-05
 10568   1026   3115 2.994980E-06 4.932003E-02 4.830884E-05
 10569   1651   6563 1.402379E-06 3.125000E-02 2.827305E-05
 10570   1866   4260 9.445473E-07 6.250000E-02 3.498453E-05
 10571    887   2500 2.650204E-06 3.385116E-02 5.181278E-05
 10572   3271   3869 9.506184E-07 6.250000E-02 4.352550E-05
 10573   4231   4514 2.808903E-06 3.880271E-02 3.175465E-05
 10574   1398   3055 1.487406E-06 4.172994E-02 3.911657E-05
 10575   1081   1619 2.427287E-06 7.900000E-02 7.910382E-05
 10576   2582   3014 9.394476E-07 6.250000E-02 3.093848E-05
 10577   2605   6544 9.556194E-07 3.125000E-02 4.597119E-05
 10578   4700   6535 9.423877E-07 6.250000E-02 2.248779E-05
 10579   2467   4726 3.300868E-06 6.160677E-02 2.979069E-05
 10580   3808   4698 2.236738E-06 5.822228E-02 3.408758E-05
 10581   1026   2243 1.731758E-06 5.093749E-02 7.239384E-05
 10582    435   6536 2.972758E-06 3.805465E-02 5.100130E-05
 10583   3975   4730 1.792467E-06 1.051808E-02 5.550320E-05
 10584   1808   6530 9.502424E-07 6.250000E-02 4.547117E-05
 10585    889   3956 4.091366E-06 5.861840E-02 4.183051E-05
 10586   4066   6559 9.557584E-07 3.125000E-02 3.467515E-05
 10587   3801   6594 9.547072E-07 3.125000E-02 3.877021E-05
 10588   1701   1820 2.515400E-06 2.943777E-02 6.152506E-05
 10589   1369   3926 3.143170E-06 7.900000E-02 4.565782E-05
 10590   4710   6537 9.394874E-07 6.250000E-02 3.504788E-05
 10591   3346   4679 9.572104E-07 2.084534E-02 3.474129E-05
 10592   3144   4066 2.838463E-06 6.064759E-02 5.296272E-05
 10593   2351   4068 1.506872E-06 7.900000E-02 3.438655E-05
 10594   3956   4332 2.624141E-06 5.191862E-02 2.498638E-05
 10595   1701   4714 3.007499E-06 5.598912E-02 3.230957E-05
 10596   1398   2108 9.612023E-07 3.125000E-02 5.480987E-05
 10597   2148   6613 2.365486E-06 2.904101E-02 3.128564E-05
 10598    609   6602 2.806228E-06 6.660463E-02 6.633289E-05
 10599   2678   4712 2.178449E-06 4.069914E-02 3.852519E-05
 10600   5646   6535 9.515008E-07 2.083333E-02 4.921073E-05
 10601   1361   2759 3.288015E-06 8.096662E-02 5.346254E-05
 10602   1076   6604 3.146671E-06 6.749748E-02 6.391716E-05
 10603     13   3328 2.426288E-06 6.064767E-02 1.681159E-04
 10604   4621   4716 9.520434E-07 6.250000E-02 4.118920E-05
 10605   2807   2986 3.431956E-06 5.869728E-02 5.956687E-05
 10606   3328   4267 1.791932E-06 7.760364E-02 4.030038E-05
 10607   1060   2312 3.263551E-06 4.018962E-02 5.111938E-05
 10608    793   3458 3.327818E-06 5.460464E-02 4.029183E-05
 10609    815   1191 6.145635E-06 5.401719E-02 7.853385E-05
 10610   2359   3423 5.378036E-06 7.628802E-02 1.364869E-05
 10611   1168   1543 1.790422E-06 3.128821E-02 5.852718E-05
 10612   1962   3445 3.757824E-06 5.740148E-02 2.537906E-05
 10613   3290   3466 1.734427E-06 2.551679E-02 3.851651E-05
 10614   3692   4219 2.190353E-06 5.239769E-02 1.764594E-05
 10615   2663   6611 1.985371E-06 1.286948E-02 4.212900E-05
 10616   4603   6611 2.840764E-06 6.987884E-02 4.983785E-05
 10617   3257   4597 1.738936E-06 7.851084E-02 3.565339E-05
 10618   1755   5644 2.243584E-06 4.680856E-02 3.286183E-05
 10619   4594   4660 1.410921E-06 1.571345E-02 2.205966E-05
 10620   2679   4659 2.424736E-06 7.705289E-02 2.373500E-05
 10621   2986   3257 9.398996E-07 6.250000E-02 2.983517E-05
 10622   1955   3277 3.759531E-06 6.793661E-02 3.133062E-05
 10623     11   2836 9.470105E-07 6.250000E-02 2.364350E-04
 10624    469   2290 1.408539E-06 7.804316E-02 6.715303E-05
 10625   4117   4627 4.198216E-06 4.980312E-02 5.550860E-05
 10626   2351   3455 2.424193E-06 5.852370E-02 6.569069E-05
 10627   1322   2744 9.562968E-07 2.083333E-02 6.590282E-05
 10628   3519   4603 1.407580E-06 5.868919E-02 3.126993E-05
 10629    590   5610 4.002692E-06 8.552715E-02 5.912037E-05
 10630    635   3621 2.959717E-06 7.760182E-02 4.447108E-05
 10631   2448   6470 2.620270E-06 5.820260E-02 2.764478E-05
 10632     23   6472 2.237559E-06 7.760265E-02 1.837997E-04
 10633    495   3006 2.364671E-06 4.073456E-02 6.593687E-05
 10634    554   1583 3.577489E-06 6.045523E-02 6.581429E-05
 10635   2986   4636 9.608033E-07 1.584261E-02 3.210272E-05
 10636   2697   6422 3.453510E-06 5.762479E-02 5.238839E-05
 10637   2303   3343 3.569757E-06 3.397867E-02 3.848461E-05
 10638   3640   6424 3.142157E-06 7.611665E-02 2.499487E-05
 10639   3067   6428 1.790567E-06 5.846887E-02 3.862608E-05
 10640   3330   6423 1.791389E-06 5.820252E-02 2.380851E-05
 10641   1690   5259 2.177625E-06 5.820338E-02 1.012013E-04
 10642    254   6437 1.398063E-06 3.125000E-02 5.459643E-05
 10643   3516   6427 3.390132E-06 6.100596E-02 3.380084E-05
 10644   2504   6435 9.455627E-07 6.250000E-02 3.780729E-05
 10645   5674   6428 2.238724E-06 3.341606E-02 3.103772E-05
 10646   6428   6438 1.410928E-06 7.900000E-02 2.816279E-05
 10647   4032   5288 9.465060E-07 6.250000E-02 2.701708E-05
 10648    956   2400 2.993070E-06 7.580936E-02 7.138765E-05
 10649   3516   5259 2.239637E-06 7.760211E-02 5.671401E-05
 10650   2768   3041 1.855631E-06 7.811644E-02 3.892620E-05
 10651    630   6422 3.687902E-06 7.993188E-02 5.592894E-05
 10652   3843   5580 4.077122E-06 5.032752E-02 1.894989E-05
 10653   2612   5335 9.465541E-07 6.250000E-02 5.861956E-05
 10654   2504   6503 3.113929E-06 5.444400E-02 4.362565E-05
 10655   2504   6523 9.500299E-07 6.250000E-02 6.554480E-05
 10656   2504   5663 2.806834E-06 5.063966E-02 4.254420E-05
 10657   2400   6520 9.563774E-07 3.125000E-02 7.630090E-05
 10658    811   3201 2.807846E-06 7.606208E-02 6.213580E-05
 10659   5256   5329 9.458778E-07 6.250000E-02 3.150624E-05
 10660   5317   6519 9.442303E-07 6.250000E-02 4.292769E-05
 10661   3223   3516 9.548910E-07 6.250000E-02 7.498089E-05
 10662   4110   6482 3.324636E-06 6.956101E-02 2.139805E-05
 10663   1259   5299 2.040036E-06 4.122975E-02 6.724013E-05
 10664   5317   5331 1.109347E-06 5.474720E-02 4.242108E-05
 10665   1750   5319 9.506788E-07 3.125000E-02 5.707209E-05
 10666   1700   3920 9.555837E-07 6.250000E-02 3.960776E-05
 10667   6476   6518 2.240190E-06 4.692771E-02 1.638253E-05
 10668   3227   6517 4.443906E-06 4.528398E-02 3.880649E-05
 10669   6484   6500 1.412292E-06 3.125000E-02 2.017574E-05
 10670   1413   5330 2.420047E-06 6.096065E-02 3.083303E-05
 10671   2904   5310 1.986057E-06 7.900000E-02 4.239572E-05
 10672    499   3777 3.624260E-06 3.895308E-02 6.816370E-05
 10673   3937   5307 2.805873E-06 6.651730E-02 2.892226E-05
 10674   3021   5202 1.349534E-06 3.402106E-02 7.689035E-05
 10675    623   1750 2.243901E-06 7.900000E-02 7.434339E-05
 10676     22   5209 2.993598E-06 7.900000E-02 1.640314E-04
 10677   3969   5307 9.565372E-07 3.125000E-02 3.418660E-05
 10678   1140   5298 9.398871E-07 6.250000E-02 6.273079E-05
 10679   1000   1700 1.409163E-06 3.950385E-02 5.009085E-05
 10680   6492   6500 2.155608E-06 2.102170E-02 4.220918E-05
 10681   5207   6741 9.506382E-07 6.250000E-02 2.688448E-05
 10682     58   5589 1.732269E-06 2.899391E-02 8.331052E-05
 10683   2787   6746 3.293769E-06 5.286368E-02 2.079922E-05
 10684   3688   5211 2.239893E-06 4.690000E-02 1.603217E-05
 10685   5540   6713 1.240124E-06 3.125000E-02 5.259606E-05
 10686   5193   6760 3.111670E-06 5.062019E-02 4.614887E-05
 10687   1428   6715 9.629729E-07 6.326311E-02 7.333846E-05
 10688   6714   6724 1.787108E-06 3.125000E-02 3.144899E-05
 10689   1929   5249 2.519082E-06 3.538770E-02 4.894614E-05
 10690    880   2017 9.512068E-07 6.250000E-02 5.267528E-05
 10691     56   1150 1.742258E-06 5.084662E-02 1.102434E-04
 10692   6805   6815 3.877645E-06 4.195787E-02 1.682741E-05
 10693    384   6801 3.304451E-06 6.170990E-02 4.287286E-05
 10694   4040   6797 9.561573E-07 2.083333E-02 3.373899E-05
 10695   2101   5422 2.423372E-06 4.662186E-02 2.830150E-05
 10696   3089   5430 2.624940E-06 4.232949E-02 3.938390E-05
 10697   1151   2627 1.599773E-06 7.900000E-02 9.110903E-05
 10698   1825   3060 1.348130E-06 5.080665E-02 5.720880E-05
 10699   1605   4174 2.960827E-06 4.619681E-02 4.946668E-05
 10700   2627   3128 1.851492E-06 5.815904E-02 4.871339E-05
 10701   1487   5427 3.110481E-06 7.077460E-02 2.928490E-05
 10702   1425   4035 3.146206E-06 1.687332E-02 5.524601E-05
 10703    202   5654 2.920174E-06 5.063103E-02 7.300481E-05
 10704   1362   3971 2.239543E-06 4.656159E-02 3.997578E-05
 10705   3967   5634 1.794883E-06 1.062392E-02 3.288364E-05
 10706   4252   6820 2.185791E-06 6.715271E-02 3.632758E-05
 10707   1973   4035 1.400223E-06 5.814703E-02 3.076259E-05
 10708   1638   5436 9.565747E-07 3.125000E-02 3.639145E-05
 10709   1505   2521 9.484900E-07 6.250000E-02 5.046498E-05
 10710    987   4387 1.173754E-06 6.561999E-02 6.980949E-05
 10711   3078   6779 2.239582E-06 5.820276E-02 2.694925E-05
 10712    115   6776 2.620293E-06 7.900000E-02 5.790343E-05
 10713   2687   4304 3.141906E-06 6.109508E-02 3.425192E-05
 10714    330   4383 2.234209E-06 7.721459E-02 9.002038E-05
 10715   1425   6786 1.557872E-06 5.517695E-02 3.114989E-05
 10716   3428   6793 1.348584E-06 2.083333E-02 4.059852E-05
 10717     79   2710 3.651132E-06 7.177829E-02 5.967917E-05
 10718   1495   4188 2.425643E-06 6.064751E-02 3.770196E-05
 10719    987   3220 9.600133E-07 2.083696E-02 6.661523E-05
 10720    560   6777 3.753131E-06 4.581179E-02 4.703363E-05
 10721    266   2043 1.732564E-06 3.400448E-02 8.307497E-05
 10722   1622   2948 1.789700E-06 7.760299E-02 3.909550E-05
 10723   3109   5417 1.766883E-06 5.805554E-02 2.960631E-05
 10724    951   6790 1.854272E-06 5.829615E-02 2.910529E-05
 10725    446   1915 1.792832E-06 1.253060E-02 7.543264E-05
 10726    560   5687 3.643640E-06 2.941501E-02 5.650854E-05
 10727   1722   5454 1.353034E-06 1.250000E-02 8.150486E-05
 10728   1002   2478 1.349747E-06 2.104119E-02 9.082708E-05
 10729   1722   6657 1.605812E-06 6.082644E-02 3.188526E-05
 10730   5440   5454 3.412253E-06 6.064763E-02 2.024120E-05
 10731   2710   3732 2.731725E-06 5.173634E-02 4.454955E-05
 10732   1752   6654 2.841834E-06 7.580961E-02 2.570379E-05
 10733    479   2406 3.820083E-06 6.648164E-02 7.963002E-05
 10734   3389   6653 2.805368E-06 7.760333E-02 3.125010E-05
 10735   1830   2343 2.241175E-06 4.674060E-02 3.356929E-05
 10736   3361   3701 9.548023E-07 3.125000E-02 3.362904E-05
 10737   3348   6625 9.532904E-07 6.250000E-02 3.549150E-05
 10738    194   3506 9.551340E-07 6.250000E-02 1.130975E-04
 10739   6616   6633 3.829147E-06 3.090810E-02 2.023134E-05
 10740   2465   6632 2.808389E-06 6.088978E-02 1.782472E-05
 10741   5358   6623 3.767164E-06 8.524645E-02 2.407797E-05
 10742    939   6624 9.606562E-07 2.090041E-02 7.578231E-05
 10743   5391   6635 9.533223E-07 3.125000E-02 6.159985E-05
 10744   3235   3701 9.579156E-07 1.041667E-02 2.735572E-05
 10745   2670   3474 2.289252E-06 2.567061E-02 2.892244E-05
 10746    560    661 3.820451E-06 6.231590E-02 1.116772E-04
 10747    194   5389 9.603948E-07 1.250000E-02 1.251817E-04
 10748   2879   4200 1.978307E-06 1.572730E-02 4.745772E-05
 10749    908   3241 9.569572E-07 2.083333E-02 5.785131E-05
 10750    547   6695 9.559007E-07 3.146906E-02 7.308718E-05
 10751   3121   6704 9.567284E-07 3.135134E-02 4.895282E-05
 10752   4200   6706 3.984891E-06 7.116723E-02 2.048453E-05
 10753     48   3243 9.499669E-07 3.125000E-02 1.313364E-04
 10754   1994   5379 2.428752E-06 1.951514E-02 7.014617E-05
 10755    881   2275 3.149800E-06 6.788377E-02 3.076103E-05
 10756   3826   5384 2.511179E-06 4.574949E-02 3.675383E-05
 10757   5393   6710 9.536341E-07 6.250000E-02 1.991462E-05
 10758   1994   5376 2.994286E-06 6.083097E-02 4.336912E-05
 10759   3897   5385 9.595938E-07 3.125000E-02 3.238248E-05
 10760    547   2977 9.611244E-07 2.085769E-02 4.499163E-05
 10761   2332   5389 2.124261E-06 7.900000E-02 3.518330E-05
 10762   2979   3946 3.083118E-06 5.870602E-02 4.852630E-05
 10763    619   3333 1.615191E-06 7.900000E-02 4.847517E-05
 10764    101   3804 1.978898E-06 1.051693E-02 8.136028E-05
 10765    372   3957 9.542360E-07 3.125000E-02 5.651753E-05
 10766   1890   3272 3.415169E-06 3.544556E-02 3.458452E-05
 10767   5038   5374 1.854379E-06 7.782745E-02 2.296380E-05
 10768   5049   6663 9.563912E-07 6.250000E-02 2.760110E-05
 10769    101   5018 9.572782E-07 3.125000E-02 7.260494E-05
 10770    312   6201 1.406171E-06 2.083333E-02 3.729355E-05
 10771   2936   5041 3.120029E-06 4.705562E-02 3.053707E-05
 10772   2000   6202 1.737922E-06 7.900000E-02 4.080302E-05
 10773   5022   5233 9.608647E-07 1.060771E-02 2.099751E-05
 10774    939   3158 2.245192E-06 3.358197E-02 3.149178E-05
 10775   5375   6198 9.449326E-07 6.250000E-02 3.802049E-05
 10776   3081   5022 2.238048E-06 4.656889E-02 3.666449E-05
 10777   1144   6213 3.231392E-06 6.850147E-02 4.658625E-05
 10778   3218   4092 9.506022E-07 6.250000E-02 4.874177E-05
 10779   6174   6681 9.658743E-07 3.189519E-02 3.258818E-05
 10780    323    785 3.423402E-06 8.793100E-02 1.128978E-04
 10781    910   5367 3.535644E-06 8.050338E-02 6.289594E-05
 10782   3081   5659 2.481996E-06 5.845737E-02 4.184485E-05
 10783   4065   6206 9.600316E-07 3.125000E-02 4.555506E-05
 10784    117   5584 2.235854E-06 5.811675E-02 8.766197E-05
 10785   1325   3087 1.978431E-06 7.617686E-02 5.780985E-05
 10786   1890   3899 2.241057E-06 2.350651E-02 3.420181E-05
 10787   4092   6173 3.157110E-06 3.943133E-02 3.131452E-05
 10788   2558   3957 9.443538E-07 6.250000E-02 2.878322E-05
 10789   5039   5627 3.282875E-06 6.586852E-02 3.498080E-05
 10790    157    208 7.532509E-06 7.900000E-02 7.240173E-05
 10791     76   6221 1.772029E-06 5.889035E-02 6.202171E-05
 10792   1957   2620 9.493287E-07 6.250000E-02 3.570137E-05
 10793    881   5569 3.496652E-06 4.713425E-02 5.331324E-05
 10794    910   4000 3.587449E-06 4.898664E-02 3.274823E-05
 10795   4135   5018 2.948427E-06 5.194059E-02 3.882011E-05
 10796     76   2094 9.540186E-07 6.250000E-02 5.663284E-05
 10797    883    916 2.863736E-06 2.772608E-02 6.932745E-05
 10798     48   6257 2.806506E-06 4.656109E-02 1.160917E-04
 10799   1477   6189 1.834907E-06 5.890949E-02 1.621648E-05
 10800    501   5053 2.806635E-06 3.583078E-02 3.662398E-05
 10801    464    600 4.517147E-06 5.282122E-02 1.068028E-04
 10802   3857   4135 9.557407E-07 2.083333E-02 4.174624E-05
 10803    587   5051 1.791086E-06 1.568485E-02 4.663793E-05
 10804   3093   3882 2.920954E-06 4.986326E-02 3.500377E-05
 10805    501   6253 3.783373E-06 5.695196E-02 4.557754E-05
 10806   1927   3225 1.119035E-06 5.567608E-02 4.210936E-05
 10807   5029   5050 1.702993E-06 7.900000E-02 3.316955E-05
 10808   3093   4003 3.742216E-06 6.639632E-02 5.639790E-05
 10809   3388   6234 2.990459E-06 6.064757E-02 6.637991E-05
 10810    473   1303 9.547409E-07 6.250000E-02 7.080442E-05
 10811    473    587 1.398006E-06 6.250000E-02 5.616147E-05
 10812   1982   4135 2.620262E-06 7.760239E-02 5.877814E-05
 10813   5058   6265 2.623996E-06 7.803960E-02 2.182658E-05
 10814   3991   5075 3.739419E-06 7.114434E-02 1.987351E-05
 10815   3172   6255 1.346870E-06 7.900000E-02 3.849246E-05
 10816   3991   4324 3.149863E-06 6.115488E-02 3.180167E-05
 10817    206   5055 9.907635E-07 7.217905E-02 6.840057E-05
 10818    561   1835 2.240523E-06 3.913527E-02 5.854837E-05
 10819    536   4975 9.453530E-07 6.250000E-02 8.533704E-05
 10820    207    285 3.393242E-06 4.096819E-02 1.086047E-04
 10821   1330   5076 2.994318E-06 7.619441E-02 4.952403E-05
 10822   1426   2763 1.981194E-06 6.099061E-02 3.311785E-05
 10823   3990   6182 9.566045E-07 6.250000E-02 2.914700E-05
 10824   1426   2100 9.612322E-07 1.564539E-02 4.538749E-05
 10825    910   3954 1.438312E-06 2.321717E-02 6.126407E-05
 10826   3810   4955 3.594908E-06 7.900000E-02 4.766733E-05
 10827    526   1477 9.735650E-07 6.410852E-02 5.879365E-05
 10828    108   4972 9.584607E-07 1.041667E-02 9.494568E-05
 10829   1788   2428 1.857919E-06 3.907095E-02 2.944624E-05
 10830   1009   4982 1.413549E-06 2.114251E-02 3.944773E-05
 10831    207   1330 2.426679E-06 7.900000E-02 6.696608E-05
 10832    427   4979 3.414787E-06 5.377203E-02 7.518401E-05
 10833    473   1162 2.845321E-06 4.377646E-02 8.371028E-05
 10834   6228   6278 3.298668E-06 8.699731E-02 2.608902E-05
 10835    328   4106 1.412351E-06 6.250000E-02 5.866770E-05
 10836     63   2340 3.134971E-06 7.580945E-02 7.075181E-05
 10837   4097   6233 9.501168E-07 6.250000E-02 5.831339E-05
 10838    501   2383 9.588224E-07 1.567591E-02 7.433137E-05
 10839    285   6278 1.981308E-06 1.053606E-02 5.550909E-05
 10840   3000   3990 2.963152E-06 7.374738E-02 3.615958E-05
 10841   2383   4972 2.832499E-06 7.580938E-02 3.592874E-05
 10842   1447   4966 9.593507E-07 3.125000E-02 4.544268E-05
 10843    473   2973 9.486834E-07 6.250000E-02 8.496090E-05
 10844   1536   2842 9.612497E-07 1.567000E-02 6.126954E-05
 10845     44   1092 2.242283E-06 4.714047E-02 1.153596E-04
 10846    102    462 2.809729E-06 7.625316E-02 8.716555E-05
 10847    269    555 1.852588E-06 7.780162E-02 4.537039E-05
 10848    401   3976 9.547148E-07 2.083333E-02 6.955570E-05
 10849    206   5648 1.411697E-06 2.083333E-02 1.221034E-04
 10850     44   1927 9.614056E-07 1.250000E-02 8.902707E-05
 10851    729   4957 9.451016E-07 6.250000E-02 5.235476E-05
 10852     72   6110 2.992219E-06 4.656338E-02 9.559693E-05
 10853   1162   2600 1.258883E-06 7.900000E-02 6.935289E-05
 10854   4093   4993 9.558553E-07 3.125000E-02 2.623387E-05
 10855   1982   6241 9.533824E-07 3.125000E-02 3.620089E-05
 10856   1545   4038 9.516122E-07 6.250000E-02 5.162603E-05
 10857   2350   5010 9.488589E-07 3.125000E-02 3.753946E-05
 10858   1536   3836 4.027481E-06 4.649478E-02 5.628918E-05
 10859    324   6243 2.987922E-06 4.092836E-02 1.037751E-04
 10860    494   4957 2.808786E-06 4.686630E-02 8.333668E-05
 10861   1536   4967 1.847825E-06 5.807535E-02 3.812564E-05
 10862    462   3063 9.550887E-07 6.250000E-02 6.072011E-05
 10863    324   2711 9.467085E-07 6.250000E-02 1.168506E-04
 10864   6119   6246 9.541097E-07 3.125000E-02 6.102240E-05
 10865    263   2350 9.537738E-07 6.250000E-02 8.103735E-05
 10866    205   3062 9.428575E-07 6.250000E-02 6.958984E-05
 10867   1479   4993 1.796103E-06 7.807648E-02 4.000112E-05
 10868    710   4275 2.223444E-06 5.656718E-02 3.408828E-05
 10869   5008   6116 9.548383E-07 3.125000E-02 5.414637E-05
 10870     44   1447 1.788115E-06 7.900000E-02 1.053506E-04
 10871    766   6095 2.238874E-06 5.826651E-02 5.289238E-05
 10872   1824   6147 1.481787E-06 8.457846E-02 4.483948E-05
 10873   2248   3887 9.543411E-07 6.250000E-02 4.071273E-05
 10874   5141   6085 1.782392E-06 4.935818E-02 1.684493E-05
 10875   1865   6152 3.632106E-06 5.687300E-02 2.943772E-05
 10876    458   4986 2.445247E-06 7.675019E-02 6.848856E-05
 10877    710   5145 2.232911E-06 7.900000E-02 5.938934E-05
 10878    255   6150 2.421575E-06 5.674518E-02 4.843804E-05
 10879    246   6093 9.582637E-07 2.083333E-02 7.491747E-05
 10880    368    548 9.464218E-07 6.250000E-02 5.535696E-05
 10881     88    958 2.240426E-06 7.900000E-02 9.501520E-05
 10882    219   5128 1.400190E-06 6.250000E-02 7.208502E-05
 10883    548   2838 1.349953E-06 3.766339E-02 4.621789E-05
 10884    331   5152 3.145328E-06 7.900000E-02 6.717979E-05
 10885    290   5145 3.323143E-06 5.530206E-02 3.758541E-05
 10886   3250   5157 3.198150E-06 4.233020E-02 3.097742E-05
 10887    274   1992 1.398703E-06 6.250000E-02 8.396622E-05
 10888     88   2684 9.518718E-07 6.250000E-02 9.810734E-05
 10889   1471   4198 2.173915E-06 2.891443E-02 5.437393E-05
 10890   2684   5149 2.237315E-06 4.656260E-02 3.292846E-05
 10891     44   4192 9.575246E-07 2.083333E-02 1.098408E-04
 10892     44   2997 1.401078E-06 3.125000E-02 1.398999E-04
 10893    958   5164 1.736088E-06 2.560513E-02 3.741675E-05
 10894    356   3691 1.412384E-06 1.250000E-02 6.672118E-05
 10895   2051   3168 1.406144E-06 6.256950E-02 3.518943E-05
 10896     44    720 9.492780E-07 6.250000E-02 1.172537E-04
 10897    324   6361 3.058041E-06 4.600912E-02 5.732567E-05
 10898    324   1762 1.418046E-06 7.900000E-02 8.779710E-05
 10899    664    831 4.048653E-06 5.944682E-02 7.063609E-05
 10900    331    640 9.560332E-07 3.125000E-02 8.384809E-05
 10901   1858   1990 9.561467E-07 3.125000E-02 6.307723E-05
 10902    316   5173 9.437354E-07 6.250000E-02 4.830925E-05
 10903    599   5166 1.851355E-06 7.900000E-02 4.856920E-05
 10904    324    654 2.951956E-06 6.651754E-02 6.353511E-05
 10905   2044   3261 2.237035E-06 5.826546E-02 4.124844E-05
 10906     44    971 1.425644E-06 5.864633E-02 1.465080E-04
 10907   2044   3723 1.475739E-06 8.089583E-02 5.912700E-05
 10908    463   2414 1.796150E-06 4.090385E-02 6.313042E-05
 10909    246   1841 2.955678E-06 3.885374E-02 9.507528E-05
 10910   3005   6358 3.643259E-06 3.404194E-02 2.455138E-05
 10911   1435   1726 3.759889E-06 6.039620E-02 5.558991E-05
 10912    246   5166 2.426733E-06 7.825794E-02 7.235265E-05
 10913    640   3715 2.806536E-06 7.760194E-02 6.164293E-05
 10914    683   5168 9.464442E-07 3.125000E-02 5.261807E-05
 10915    369   2414 1.789844E-06 2.301750E-02 4.881724E-05
 10916      7   6355 9.487584E-07 6.250000E-02 1.402731E-04
 10917     44   2726 9.553626E-07 3.125000E-02 1.210098E-04
 10918     82   5093 9.578404E-07 3.128489E-02 5.156742E-05
 10919   2760   3717 3.445064E-06 4.607390E-02 4.449080E-05
 10920   2776   6367 9.573080E-07 6.250000E-02 4.304499E-05
 10921   6354   6357 1.853443E-06 7.900000E-02 4.067637E-05
 10922    963   2203 3.008523E-06 7.646768E-02 4.112982E-05
 10923    683   3562 9.505289E-07 3.125000E-02 3.870936E-05
 10924    917   3757 1.404900E-06 7.804701E-02 3.659016E-05
 10925    976   3237 1.402051E-06 2.083333E-02 7.012757E-05
 10926     44    508 2.267047E-06 7.900000E-02 2.080615E-04
 10927    610    796 9.569146E-07 3.125000E-02 6.602030E-05
 10928    640    786 2.583617E-06 7.911215E-02 8.067138E-05
 10929    647   6395 2.551729E-06 4.795901E-02 5.440373E-05
 10930   6336   6337 9.578527E-07 2.092747E-02 5.901282E-05
 10931    213   1514 9.616666E-07 3.128155E-02 1.190900E-04
 10932    722   1427 1.855495E-06 5.819950E-02 5.254561E-05
 10933    375   1739 3.582695E-06 5.283959E-02 7.641674E-05
 10934    437   5089 9.482647E-07 3.125000E-02 3.843747E-05
 10935   1961   5121 9.562925E-07 6.250000E-02 3.219123E-05
 10936    380   3511 1.072247E-06 4.754009E-02 5.330786E-05
 10937    380    813 2.421677E-06 5.817561E-02 1.066009E-04
 10938    674   3511 9.642511E-07 6.250000E-02 4.552880E-05
 10939   1202   5090 1.407164E-06 1.562500E-02 2.857801E-05
 10940   1280   3022 1.983859E-06 2.106206E-02 7.608036E-05
 10941    927   1216 2.239213E-06 5.820369E-02 6.119364E-05
 10942    559   3190 1.399915E-06 6.250000E-02 7.376938E-05
 10943    223   6408 9.524064E-07 6.250000E-02 7.305524E-05
 10944    831   3579 3.110490E-06 5.897953E-02 4.850300E-05
 10945    458    999 9.517633E-07 6.250000E-02 9.133173E-05
 10946   2357   2508 9.542444E-07 6.279683E-02 2.627109E-05
 10947   1245   1508 1.123008E-06 5.682395E-02 5.038685E-05
 10948   1163   2651 9.472147E-07 6.250000E-02 5.858529E-05
 10949   6389   6396 2.620260E-06 5.173506E-02 3.619614E-05
 10950    321   1013 9.469788E-07 6.250000E-02 9.532013E-05
 10951    488   6395 9.480173E-07 6.250000E-02 5.387487E-05
 10952    917   1007 1.464942E-06 7.900000E-02 5.114374E-05
 10953    224   5105 2.950933E-06 5.173645E-02 7.818486E-05
 10954    118   1753 2.175900E-06 4.656196E-02 6.706789E-05
 10955   3190   5102 3.768398E-06 6.377410E-02 2.467389E-05
 10956    331   1249 9.566441E-07 2.083333E-02 1.018755E-04
 10957    507   6375 4.202695E-06 5.418606E-02 6.724667E-05
 10958    318   1006 9.508675E-07 6.250000E-02 1.007126E-04
 10959    321   2202 2.808880E-06 7.594855E-02 8.332711E-05
 10960   5112   5626 9.504665E-07 6.250000E-02 2.168392E-05
 10961    220   6407 1.261806E-06 1.251680E-02 9.495591E-05
 10962   1249   3359 9.973297E-07 2.393050E-02 5.848733E-05
 10963   1205   4019 9.597836E-07 6.309578E-02 5.207187E-05
 10964    216   3589 2.246709E-06 2.930568E-02 9.781894E-05
 10965    616   2357 2.788578E-06 6.434287E-02 5.798604E-05
 10966   4428   6401 2.364779E-06 8.663996E-02 4.937086E-05
 10967    646   3576 2.805779E-06 8.668443E-02 5.939777E-05
 10968    775   3275 1.093074E-06 6.250000E-02 7.114883E-05
 10969   1006   1861 3.102776E-06 3.646284E-02 6.752100E-05
 10970    264    722 1.407578E-06 1.250000E-02 1.037539E-04
 10971   2201   6300 2.370837E-06 1.353398E-02 4.034989E-05
 10972    465   3779 3.971125E-06 6.106979E-02 4.624960E-05
 10973     87   2578 3.600717E-06 7.900000E-02 9.108447E-05
 10974    975   1061 9.523330E-07 6.250000E-02 6.298294E-05
 10975    767   5664 9.523084E-07 6.250000E-02 3.555329E-05
 10976   3982   6376 2.242421E-06 5.894468E-02 3.732691E-05
 10977    242   1018 2.367982E-06 4.083435E-02 8.200658E-05
 10978   1988   3160 1.399425E-06 7.900000E-02 3.945713E-05
 10979   1380   2980 9.433966E-07 6.250000E-02 4.334999E-05
 10980    216   6390 9.474974E-07 6.250000E-02 8.141603E-05
 10981    818   2998 1.822511E-06 7.900000E-02 6.518553E-05
 10982   1492   3265 1.393900E-06 7.900000E-02 2.660077E-05
 10983    465   2252 9.570678E-07 3.125000E-02 6.616612E-05
 10984   2252   6385 2.425573E-06 5.067808E-02 2.346100E-05
 10985    516   1380 9.539791E-07 3.125000E-02 8.288864E-05
 10986   1067   6298 9.611586E-07 1.591238E-02 3.757009E-05
 10987    855   6286 1.409323E-06 5.881730E-02 4.122095E-05
 10988    611    818 1.113800E-06 5.499873E-02 6.910589E-05
 10989    118    277 2.237159E-06 4.662499E-02 2.142144E-04
 10990   3105   6300 2.362167E-06 2.548497E-02 2.465024E-05
 10991   1007   3300 1.417173E-06 6.567006E-02 6.323613E-05
 10992   2408   4414 4.965976E-06 4.341709E-02 4.024691E-05
 10993   1163   4405 9.554760E-07 3.125000E-02 8.195288E-05
 10994   1147   1579 2.240183E-06 7.760188E-02 5.747756E-05
 10995     41   2840 2.997872E-06 7.580938E-02 8.429748E-05
 10996    224   2767 9.452764E-07 6.250000E-02 6.356381E-05
 10997    216   4268 9.529207E-07 3.125000E-02 9.418618E-05
 10998    949   3751 1.134170E-06 5.825538E-02 4.322236E-05
 10999   1231   2509 2.360349E-06 3.383751E-02 5.691013E-05
 11000   1193   3982 2.238009E-06 5.838814E-02 5.661056E-05
 11001    228   4436 9.577959E-07 2.083333E-02 6.933766E-05
 11002   1551   3918 9.600668E-07 1.253171E-02 5.076829E-05
 11003    873   1792 9.534179E-07 3.125000E-02 3.430463E-05
 11004    423   2578 9.592504E-07 2.083333E-02 7.441911E-05
 11005   1502   4466 1.408589E-06 2.767521E-02 3.389825E-05
 11006   2052   3982 3.177684E-06 4.787747E-02 4.931830E-05
 11007    648   6293 2.234350E-06 7.900000E-02 6.981404E-05
 11008    265   1258 2.624838E-06 3.884012E-02 6.942480E-05
 11009   2188   6332 9.550056E-07 3.125000E-02 5.023519E-05
 11010    765   4444 9.544002E-07 6.250000E-02 5.437451E-05
 11011   4327   4434 9.611684E-07 6.250000E-02 3.386161E-05
 11012   4345   4390 1.789898E-06 3.125000E-02 2.397745E-05
 11013   1445   6317 9.522128E-07 6.250000E-02 6.537198E-05
 11014    611   4410 3.260208E-06 5.897880E-02 5.556600E-05
 11015    224   3327 1.737774E-06 5.096412E-02 5.589507E-05
 11016   1730   4255 3.656117E-06 7.900000E-02 3.818724E-05
 11017    774   1730 9.591022E-07 1.564174E-02 6.476292E-05
 11018    112   1089 1.790303E-06 7.760292E-02 9.457395E-05
 11019   3183   5567 3.119432E-06 6.819532E-02 2.763451E-05
 11020     71   2143 1.790077E-06 7.900000E-02 1.363512E-04
 11021   1379   6328 9.580866E-07 6.288754E-02 4.301024E-05
 11022    592   3322 2.959838E-06 7.900000E-02 3.682435E-05
 11023    509   1027 1.254175E-06 3.125000E-02 7.329118E-05
 11024    481   2218 2.417761E-06 2.523775E-02 8.858848E-05
 11025   1064   2218 9.457942E-07 6.250000E-02 4.706393E-05
 11026    907   1579 9.578126E-07 6.250000E-02 3.507427E-05
 11027    928   1579 3.748394E-06 5.270589E-02 4.170796E-05
 11028   3117   6325 4.261302E-06 7.378268E-02 2.410957E-05
 11029    774   3595 9.591092E-07 6.302712E-02 5.850328E-05
 11030    648   1655 2.621569E-06 4.656265E-02 1.150174E-04
 11031   1967   3182 2.620273E-06 6.651614E-02 4.432454E-05
 11032    497   2509 2.621670E-06 7.776710E-02 4.061338E-05
 11033    616   1488 2.383222E-06 2.997750E-02 8.556753E-05
 11034    488   1488 1.789288E-06 2.083333E-02 8.536317E-05
 11035    284   2054 9.549672E-07 2.083333E-02 6.273489E-05
 11036   4456   6313 1.605897E-06 5.820494E-02 1.739254E-05
 11037   1064   4410 3.971589E-06 8.537652E-02 5.465209E-05
 11038    228   4438 9.565761E-07 3.125000E-02 9.261635E-05
 11039     50   4399 3.477032E-06 8.234060E-02 6.376503E-05
 11040    509   1417 9.531370E-07 6.250000E-02 5.351521E-05
 11041    259   1343 2.173812E-06 6.651586E-02 1.199462E-04
 11042    746   6311 1.758019E-06 7.900000E-02 4.710743E-05
 11043    120   2439 2.179104E-06 6.651641E-02 8.608050E-05
 11044    928   1889 9.534638E-07 2.083333E-02 6.040568E-05
 11045    698   4189 4.126523E-06 3.591474E-02 5.289944E-05
 11046    481   2515 1.793179E-06 5.820179E-02 4.775083E-05
 11047   1938   4355 1.735301E-06 4.113525E-02 3.397940E-05
 11048   1699   4375 3.762052E-06 5.277910E-02 3.892835E-05
 11049    284   1438 2.013235E-06 7.825849E-02 5.352850E-05
 11050   6144   6344 1.401424E-06 7.900000E-02 1.602297E-05
 11051    907   1016 9.496680E-07 6.250000E-02 7.405350E-05
 11052    928   1016 9.528508E-07 6.268005E-02 4.465550E-05
 11053   1124   1942 2.991833E-06 5.063234E-02 6.497321E-05
 11054    284   1343 9.538125E-07 3.125000E-02 6.659176E-05
 11055    848   1510 9.558988E-07 6.250000E-02 7.456052E-05
 11056    296   3317 1.396401E-06 3.125000E-02 8.176806E-05
 11057     50   2825 3.181137E-06 6.389898E-02 9.882252E-05
 11058   1131   1354 1.349417E-06 1.564642E-02 6.114099E-05
 11059    632   5602 1.482373E-06 3.422329E-02 6.859346E-05
 11060    497   1478 2.426747E-06 3.892547E-02 8.014224E-05
 11061    432   2280 3.719620E-06 5.280390E-02 5.432061E-05
 11062     37   6263 9.542378E-07 6.250000E-02 6.557170E-05
 11063   2739   3859 3.198946E-06 8.052402E-02 3.055778E-05
 11064   3860   6197 9.561329E-07 6.250000E-02 2.282005E-05
 11065   1122   6674 1.480136E-06 7.900000E-02 2.813809E-05
 11066   2015   2307 2.991940E-06 6.751442E-02 2.779095E-05
 11067      8   6707 1.287725E-06 7.900000E-02 1.311126E-04
 11068    443    632 2.140714E-06 7.900000E-02 1.193655E-04
 11069   1004   2213 9.583787E-07 3.125000E-02 7.567244E-05
 11070   1016   2160 9.583999E-07 3.125000E-02 8.757020E-05
 11071   2140   3415 9.550760E-07 6.250000E-02 2.220732E-05
 11072     32   2825 2.962717E-06 4.664403E-02 9.658278E-05
 11073   2159   5456 9.508365E-07 6.250000E-02 3.888434E-05
 11074     36   1452 1.802055E-06 5.181826E-02 1.469214E-04
 11075   1254   1854 2.506102E-06 3.395704E-02 5.993974E-05
 11076    489   5252 9.536165E-07 3.125000E-02 9.399511E-05
 11077   1355   4336 2.240438E-06 4.695538E-02 7.202484E-05
 11078   1004   4637 1.451432E-06 7.835895E-02 4.569891E-05
 11079   1358   2004 2.174881E-06 3.380871E-02 4.652065E-05
 11080   1030   1702 3.415653E-06 4.959152E-02 7.738738E-05
 11081      8   1270 9.478777E-07 6.250000E-02 1.716077E-04
 11082   2752   5271 1.404220E-06 3.125000E-02 2.555757E-05
 11083   1357   2483 3.287046E-06 5.642000E-02 4.289660E-05
 11084   3337   5555 3.284565E-06 3.896167E-02 2.248285E-05
 11085    580   6533 9.484975E-07 6.250000E-02 6.403068E-05
 11086   1692   4478 2.652438E-06 6.109503E-02 5.007263E-05
 11087   1602   6606 2.805554E-06 6.652269E-02 2.197758E-05
 11088    523   5983 3.649939E-06 5.860691E-02 5.606221E-05
 11089    363   2269 3.846650E-06 8.637652E-02 5.984724E-05
 11090   2084   2990 1.680787E-06 7.715503E-02 3.333990E-05
 11091     75   2777 9.604166E-07 6.325854E-02 1.113856E-04
 11092   1153   3308 1.359279E-06 3.451652E-02 5.355916E-05
 11093   1670   5983 4.395964E-06 6.611419E-02 3.536760E-05
 11094   1052   4376 9.392087E-07 6.250000E-02 5.873890E-05
 11095   1199   2013 9.494995E-07 6.250000E-02 4.693187E-05
 11096   3459   4270 2.371400E-06 6.776082E-02 2.716600E-05
 11097   2132   2270 2.620270E-06 5.820288E-02 4.799160E-05
 11098   2273   5887 9.358142E-07 6.250000E-02 2.277534E-05
 11099    111   4915 2.805611E-06 8.664035E-02 1.159113E-04
 11100   3524   4921 1.348179E-06 1.261150E-02 3.959475E-05
 11101   1456   5116 2.235531E-06 5.798880E-02 2.662025E-05
