element_id,node_0,node_1,node_2,area_um2,edge_min_um,edge_max_um,edge_mean_um,quality_equilateral_normalized,aspect_edge_ratio
0,618,882,741,129.21531077853314,16.005446850572632,18.648154422603103,17.375191279229934,0.9846371342469481,1.165113014132181
1,578,663,691,99.07359059643889,13.33761971554799,20.396384920780463,16.201312973101402,0.842190790856785,1.5292372519066424
2,766,946,620,111.36396820868947,15.645840014517697,16.606181915877208,16.05260882465566,0.9974145229413465,1.0613800154206112
3,939,691,868,185.85233260013297,18.980674464606103,25.591789965116984,21.43846885258667,0.9164643215017735,1.3483077228282296
4,766,621,614,161.11494865781685,18.317034809216487,21.518218020251048,19.46602150599625,0.9764782237634667,1.1747653615542533
5,691,690,868,217.76769174653828,20.18740032601202,25.591789965116984,22.763144106074407,0.9614811906134764,1.2677110252844819
6,579,663,578,59.21204488906369,8.878994355841753,16.0,12.738871357129915,0.8000978457405271,1.8020058757524862
7,573,765,572,177.90286474227042,15.999999999999988,24.883787181861386,21.213657371400462,0.8847562901232476,1.5552366988663378
8,511,889,510,115.08707954778268,15.09394266859457,18.27918565695423,16.475352520982607,0.9727865154803542,1.2110278976338689
9,890,889,512,222.35543283815764,20.359934467406184,24.121496133914363,22.852161649980445,0.9775009316540764,1.1847531323114024
10,512,889,511,127.3619108003075,15.999999999999979,24.075054348620792,18.709327862006596,0.8070843727911984,1.5046908967888015
11,508,509,768,95.84427585286538,13.746460893956565,16.4877188426577,15.010319622659672,0.9768650219129823,1.199415541923688
12,767,889,890,124.70142761112709,15.815803373630777,24.121496133914363,18.631257348791756,0.7951045719260817,1.52515149335578
13,515,769,514,144.07533694901397,14.840482784791156,21.115392037575198,18.815003144899244,0.9192183614427726,1.4228237951405935
14,564,663,579,16.1022999124551,3.7009678255868628,8.914289149402851,7.164750443610488,0.648611269290435,2.408637299620218
15,614,612,613,98.91986982055984,13.013041990992662,20.997062070196094,16.42804421545325,0.8124805604009419,1.613539869058272
16,697,741,766,117.68527218578801,15.775219904269651,16.914936886399044,16.50975713629867,0.9961138172126103,1.0722472960152474
17,615,616,697,73.85035116135472,11.703608822222018,16.113684303851493,13.51643606332217,0.9157387459269187,1.3768133016592219
18,697,617,741,115.89377670891466,15.775219904269651,16.90767447187654,16.37956008595634,0.9967917988485081,1.0717869275026957
19,616,617,697,113.44796006441345,16.000000000000007,16.455785881722818,16.18982339519144,0.9994237509479424,1.0284866176076757
20,614,611,612,167.54264153741602,16.0,25.46794477987091,20.82166895002233,0.8627095195975537,1.5917465487419318
21,893,566,770,217.37985212188104,19.99275444381279,24.91980481526625,22.674205251966512,0.9686580935387135,1.2464417989677379
22,570,893,770,189.16995184745372,19.99275444381279,22.903853332140617,21.03503959670334,0.9834373120519704,1.1456076948531089
23,770,568,569,121.23678457734502,16.0,17.498933768706532,16.766251776004776,0.9946786398764068,1.0936833605441583
24,516,894,515,117.9860481027804,15.48620804778766,18.56529537810173,16.683834475296454,0.9725619164143128,1.1988277130729847
25,938,990,777,186.40723195815573,18.427304275686875,24.726766458659473,21.273120714949318,0.9371817525761197,1.3418547872617568
26,754,928,332,163.05985427631464,17.803140293889665,20.77939209230197,19.522907392061022,0.9839129148298482,1.1671756639155286
27,972,989,973,126.7875164458287,15.978439367980007,18.392673155129955,17.196660650589365,0.9868769131364306,1.1510932157734974
28,517,771,516,175.60737774853806,16.0,23.65028536601727,20.91697556325261,0.9019018409298581,1.4781428353760793
29,884,465,948,81.5694371562129,12.043697673059851,14.950335180799042,13.898854654426726,0.9664836091274125,1.241340955796404
30,968,970,693,169.67309199808537,18.47843538665547,21.661357820224705,19.929965733631175,0.982232592032827,1.1722506460621573
31,737,988,755,117.5714035477028,15.960448250452846,17.589074145315124,16.53114270229833,0.9915281621145978,1.1020413630811445
32,567,568,770,125.37562673764677,15.099815878701095,20.81927527720023,17.572970905069706,0.920467963876918,1.3787767641966193
33,520,521,772,140.1513833123913,16.00000000000003,20.717733981396858,18.306657733364414,0.9551926359620463,1.2948583738373014
34,949,778,607,224.0552813012576,21.349012592312278,24.32087964324059,22.844290103639707,0.9887256346962296,1.1392039579384798
35,522,772,521,128.91595593850965,15.41696461688629,18.639877253555923,17.41969369637952,0.9745830005501432,1.2090497524486472
36,895,519,984,126.81891656473785,15.904862537929947,18.935444740326478,17.257976100873208,0.9781400233650012,1.190544381956725
37,828,925,955,142.05894507384315,16.608031776771984,19.35359982332986,18.221357229790083,0.9840461403770566,1.1653156787908987
38,895,771,517,202.3826118188152,19.438797016968095,23.65028536601727,21.825696450077118,0.9747794976186813,1.2166537541069529
39,894,769,515,142.55118170044554,15.48620804778766,20.489134612331377,18.498984307743978,0.9489805530509415,1.3230569129063476
40,123,692,869,151.43218128640058,16.55576210564686,20.420628556494005,18.913540347928663,0.9698931326165786,1.2334453966047816
41,564,671,663,39.69543964395913,8.914289149402851,11.551881529227296,9.835761500113417,0.9333648957240918,1.2958836465385613
42,994,895,984,157.97115119882454,15.904862537929947,23.08855853367776,19.761381564268927,0.9137528031300963,1.4516666509135883
43,129,693,128,174.12874694294948,15.771087084968077,25.14808342714285,21.10507769867026,0.8724720811350297,1.5945688012281847
44,679,127,693,101.61035396630444,14.181400700262717,19.083793576547126,15.893976149567246,0.9105364484982285,1.345691725373333
45,679,693,667,75.64727447492898,10.697361073150349,17.125443749932433,14.001401841115166,0.8608358960777299,1.6009035904112965
46,428,775,432,137.11336201318866,16.024985933859316,19.170102573516136,17.9442958148536,0.9776554493924375,1.1962633011122636
47,972,133,989,119.45270257925783,15.978439367980007,16.953885833425513,16.627710658437287,0.9970098833990773,1.0610476682347496
48,976,788,991,163.8789678047313,17.507280221309074,21.06134508861793,19.6241352064895,0.9768208249047465,1.2030049683549937
49,989,990,938,144.28432278122347,14.945583838286431,20.742419760040956,18.784431669609663,0.9250081824354472,1.3878627950889844
50,346,686,345,101.59986748813604,13.765217209267494,18.59967845323554,15.776211417922994,0.9269918776935678,1.3512084967837068
51,139,140,345,182.56390035746574,16.0,26.56441026808394,21.837003337607097,0.8499043292122636,1.6602756417552462
52,769,891,890,260.2375749716021,23.639097207414668,25.84485243925177,24.569817371417503,0.9941226005588387,1.0933096222957805
53,135,136,777,159.12465550026343,14.885776787640452,24.417516194786273,20.301630858377788,0.8583165123036273,1.6403252946168017
54,897,899,986,98.94975664590504,12.77090358143116,16.86050448505469,15.43156507790762,0.9455287583168964,1.3202279993382608
55,986,772,897,140.96859256038786,16.663287167237016,23.36133424485865,18.98446112752285,0.8798729789490856,1.4019643309509293
56,429,775,428,113.83943935438579,15.999999999999979,16.642618246397237,16.222534726752176,0.9986399389678806,1.0401636403998287
57,774,525,776,144.89492857561495,16.05330537382642,22.95349093710956,19.05191094751156,0.9011686116045886,1.4298295835406782
58,708,743,871,225.03713164053238,20.085321143406624,25.156682175570786,23.087402950840158,0.9664366299932413,1.2524909109471187
59,993,952,199,173.534989223699,17.410549922612255,21.9090547647041,20.306984795997348,0.9620192196294272,1.2583781019029923
60,196,197,908,106.26980272784294,15.467652914048207,16.0,15.671215977541124,0.9990942685930246,1.0344167980048413
61,997,788,207,247.09408480050283,20.621118097396828,27.244358418481326,24.341932407258778,0.9507870399976502,1.3211872552109871
62,972,973,971,100.45171095953499,14.38786918572793,17.218869428658127,15.406968090447341,0.9705411001028212,1.1967629957143628
63,929,987,992,186.84583630703682,19.632922057275454,23.63342857285096,21.037926807258902,0.9675575461612805,1.2037652115107857
64,774,524,525,166.08101711901114,16.000000000000057,22.95349093710956,20.207333420594427,0.9187599361818491,1.4345931835693424
65,163,974,162,158.18316675556858,15.886423006946462,22.74591688704001,19.713171479258804,0.9207138527076858,1.4317834088324466
66,951,788,976,158.60840188751266,17.724754994904032,20.30378030954149,19.229279721842108,0.9873955994800625,1.1455041446484842
67,900,775,429,118.56150690380608,16.278728838860328,16.730207103075088,16.550518062777552,0.999445937541254,1.0277342456332952
68,865,971,973,120.28251074031259,14.614165656955961,19.181527470136402,16.97772274248287,0.9521751504102257,1.312529768745744
69,137,777,136,153.9335684282989,15.648383756160298,21.60159959270664,19.34762064936442,0.9323668978270298,1.3804364673893392
70,754,734,975,143.06046367096496,16.903703745080023,21.392547560051693,18.549629323400254,0.9489336333822598,1.2655538621988798
71,863,929,836,314.65281724302423,24.690328592749538,29.501092043309132,27.170357242799735,0.9791979361233055,1.1948440431842735
72,232,233,854,117.24160064623086,15.65549962452124,18.51623996334252,16.630095570355873,0.972761205557493,1.1827306957575787
73,188,907,187,101.48278777175598,12.700096274908546,19.942736653424213,16.214277642777592,0.8626857670967369,1.5702823208375891
74,341,928,887,155.0476765425621,18.375832157008173,19.265354587554135,18.934961102241292,0.998261690038115,1.0484071917367137
75,318,669,317,92.59914058028426,13.58130332347178,16.0,14.726511823253022,0.981616816312759,1.1780901743316583
76,509,889,768,170.72349435636733,16.4877188426577,24.14389342684886,20.579346100944125,0.909674074487845,1.4643562070201483
77,952,799,977,189.23997382040164,18.532542762875522,23.751013748823855,21.229124055890647,0.9600230233435946,1.28158418694719
78,699,698,316,66.56006989665987,11.082231561208612,14.446322747557886,12.641145210290356,0.9505230805094922,1.3035572003498537
79,906,940,806,206.02151598347226,18.839141407397637,24.819974443504893,22.218739895674798,0.9516924301325412,1.3174684507521526
80,316,698,315,65.4436757202133,11.082231561208612,14.795825902230602,12.628773506886832,0.9330694346198918,1.3350944546241723
81,331,928,834,129.71198933261135,16.541238290738782,18.726869434533896,17.3908360571317,0.987477917026904,1.1321322566895622
82,768,889,888,147.20120359837364,16.790878557244895,21.106426033325818,18.713688419574595,0.9618865494673674,1.257017371745498
83,863,116,117,151.70713714985868,16.0,21.28706385403842,19.092904759671736,0.9479193478489636,1.3304414908774012
84,301,689,300,74.46975820288745,11.823882814821577,15.999999999999968,13.523902003234255,0.9241111738227772,1.3531933841515673
85,906,806,914,171.72554267947982,17.581231655318145,24.819974443504893,20.689278657628932,0.9068854017127437,1.4117312671889573
86,635,636,782,139.5469834660092,14.801990109638373,23.540948958766883,19.070455789663804,0.8561197614091489,1.5903908045066253
87,995,75,841,137.4890362560401,16.35843468324413,19.482241551461488,17.95557285282668,0.9798966649277305,1.1909600110710505
88,772,522,897,118.48453242350509,14.74078392050109,18.639877253555923,16.7698077148433,0.9642509960037123,1.2645105819394094
89,607,778,606,154.19016759316733,15.318466198642982,22.86297807536626,19.60181324002022,0.9032234940221351,1.4925109197545916
90,828,955,926,184.60624272703376,19.25791142832867,25.368292346988323,21.32660119954895,0.9208125900524475,1.3172919836816361
91,779,605,901,174.29648205569993,17.479460959716928,22.488991420579353,20.377601865227376,0.9589786963197806,1.2865952486983072
92,971,970,969,100.0921984437846,14.26392931329634,16.583091341391743,15.298397707903291,0.98376095754247,1.1625892821786183
93,867,608,609,98.38010973517703,13.269404823241619,16.509494511180336,15.259633111473983,0.9672980493199437,1.2441774692308458
94,962,465,466,91.00248649782682,13.96088849745714,14.826730689844414,14.51239473787359,0.997146398347736,1.062019132417323
95,609,687,867,99.49275214152775,13.269404823241619,17.441155523644667,15.442751538103229,0.9518390250870342,1.3143886825350408
96,600,687,610,68.04594201540121,9.953914028685412,14.917675419037788,13.037722101367429,0.8989324899932704,1.4986743281133128
97,687,600,601,102.5508221633832,14.241576856379083,17.509045784350583,15.591934392863797,0.9664660710382712,1.2294316816826316
98,604,779,780,174.9389006701152,19.411628205781042,21.18290124248515,20.143602160619118,0.9942639715675394,1.091248040500621
99,610,687,609,111.0974798669946,14.917675419037788,17.441155523644667,16.119610314227486,0.9833595093105207,1.1691604109703606
100,928,341,834,166.82010586294842,18.726869434533896,21.149141183916075,19.71378840200137,0.9885624032213531,1.1293473934791958
101,780,981,602,116.72574175618175,14.772507294375293,18.732512384066982,16.66543118613303,0.9614830637826206,1.2680658747211775
102,340,887,835,139.15796231344996,15.94072911878107,20.891993098924726,18.28485209758512,0.949521707053972,1.3106046118248236
103,969,132,972,107.58589264215028,15.635578218198921,16.01726385951254,15.765627841334839,0.999486226722805,1.0244113544115279
104,949,608,867,130.3327696800573,16.104675470936336,20.667015770993736,17.7603952510368,0.9415279349734349,1.2832929051126134
105,749,884,948,92.76507764220577,12.043697673059851,16.711345042373956,15.04481517698641,0.9279397843117273,1.3875593273779208
106,672,970,865,168.82509485332307,18.977393248396385,20.380880717829626,19.771291870565523,0.9965126896164547,1.0739557562549766
107,949,779,901,180.52149283344903,17.479460959716928,23.494125234098057,20.854554357211963,0.9448887334506417,1.3440989563832941
108,765,575,939,154.22084266890857,13.743583406044841,23.643993910662704,20.232787961041016,0.8274289655074212,1.7203660218821362
109,555,556,700,149.81519240637468,15.034338314986206,22.11691523140928,19.270435084688472,0.9088665118220952,1.4710933576214107
110,552,700,557,118.5856117634551,11.413720463568035,21.94296469014538,18.196452659159622,0.7731889197978488,1.9225076310731555
111,918,452,453,153.06670724482908,15.535880635161254,22.99609739997581,19.525929785046465,0.9048296883866425,1.4801927190358541
112,279,280,852,112.50093207859591,14.84242579841448,18.07628778866974,16.29340883575142,0.9720755700247585,1.217879613088631
113,553,700,552,146.76546638814614,15.264981404775884,21.232672823765444,18.90677948780677,0.9304705137514311,1.3909399730498508
114,833,339,835,127.54239632871504,15.163697224684205,19.8501898109861,17.486790325965213,0.9518414103526875,1.3090600212376304
115,950,904,785,120.69123405846351,14.431263183011211,19.24204097651992,17.03598059032535,0.9475223523312905,1.3333580527567441
116,274,275,851,119.91196829138909,16.00000000000005,17.970610833009598,16.716107219955273,0.9882393817347747,1.1231631770630963
117,819,884,749,157.70932121514238,16.711345042373956,23.07838464386098,19.65786054588379,0.9260456318137931,1.3810010256710337
118,528,670,551,42.008441005351415,6.64898944807505,14.117667631494081,11.1358751650848,0.7216329932556899,2.123280197952681
119,341,342,834,131.75660012393018,14.79262487920473,21.149141183916075,18.025274238473017,0.917467941030086,1.429708476799628
120,145,146,794,123.01816759853077,15.353311786828412,18.5504843785759,17.00608469795664,0.9765631928955164,1.2082399313020098
121,670,550,551,73.477271187307,11.741438333590805,16.0,13.460802249758693,0.9194625673740828,1.3626950587668614
122,550,670,549,87.85265685456444,11.741438333590805,19.946705638426902,15.574160762334627,0.7990155034243964,1.6988298257600893
123,632,633,781,136.7842926240053,16.0,20.560676984780354,18.087235078162706,0.9552465472542526,1.2850423115487721
124,757,549,670,159.00401202521928,16.532665397960326,22.28470130943563,19.588024115274283,0.9433161157459321,1.3479194535797565
125,757,670,738,98.20709356441918,12.729601184467594,16.858535791145343,15.373600791191087,0.9455471404207513,1.3243569493532754
126,146,147,795,117.10315631678591,15.494417054324776,18.80149672011971,16.671605492920364,0.9650955500198891,1.2134368562689404
127,738,670,528,76.0092392458272,12.729601184467594,14.117667631494081,13.290809744813652,0.991716417554315,1.1090424143625315
128,784,904,544,155.7052390653015,15.322663807921248,24.460374826778466,20.0594984257775,0.8636495447418501,1.5963526403374693
129,572,765,868,263.9465000894149,22.329325716953587,27.767413155147633,24.993508684654202,0.9681517859757233,1.2435401546435936
130,697,766,614,137.45978219476504,16.914936886399044,18.562811688521208,17.85661577289997,0.9940838242375538,1.0974212799722112
131,158,806,870,147.49655392076195,15.681894932970932,21.61824399319354,18.923911512951367,0.9354390559167417,1.3785479424263665
132,280,853,852,126.05981305702656,15.961512920170039,17.900361209149008,17.121527827289867,0.9907324926292964,1.1214702076598835
133,990,989,134,112.47827517580643,14.945583838286431,18.253200972418966,16.314486772961164,0.9687084995628876,1.2213106674132956
134,561,562,701,149.81519240637385,15.034338314986142,22.116915231409273,19.27043508468843,0.9088665118220941,1.4710933576214165
135,950,785,963,123.55643737658568,15.453118607064054,19.24204097651992,17.125692183290838,0.9647066373483173,1.2451882021874758
136,563,701,562,157.42903578615858,16.000000000000057,21.94296469014529,19.53433879927174,0.936761063551253,1.3714352931340756
137,905,793,145,142.93957103603387,16.964075267308047,19.9494746689932,18.30009727260581,0.9812046264050692,1.1759836215439579
138,280,281,853,128.311009163806,16.00000000000005,17.946405923104027,17.28225571075103,0.9893915338712951,1.1216503701939982
139,701,563,558,118.5856117634545,11.413720463568016,21.94296469014529,18.196452659159565,0.7731889197978498,1.9225076310731506
140,782,902,635,188.5972991924802,19.169296096254108,23.540948958766883,21.118345617751498,0.9694288418294142,1.228054949986768
141,634,902,633,126.50000211594919,15.116168797918819,19.060378601835286,17.31845219799283,0.9653425200723584,1.2609265520016886
142,559,701,558,146.7654663881456,15.264981404775858,21.23267282376539,18.906779487806734,0.930470513751431,1.39093997304985
143,148,912,147,123.69201219968564,14.91212099777591,20.209066590307785,17.34989642500918,0.9341708494290493,1.3552107438855878
144,982,869,692,175.46327363075667,19.290256315421846,20.76577477463753,20.15888654885113,0.99615822860463,1.0764903501067564
145,980,949,867,122.38828397156787,15.566662699587942,19.83351401043159,17.168284060318623,0.9473560786357573,1.2741018671238116
146,918,454,953,127.96975704488266,16.467975303703753,18.100300171885703,17.23085418500702,0.9938840173529327,1.0991211632321813
147,906,796,940,125.99121319382195,15.24014156254064,18.839141407397637,17.24709788726717,0.9708281395456075,1.2361526518692665
148,420,927,829,246.706869883595,19.995460004390726,28.422970270231065,24.596024657861147,0.9232609744937451,1.4214711871589738
149,530,546,756,183.44276071560427,16.652129418351585,25.369949285856016,21.475972928898567,0.8931650821686673,1.5235258295492768
150,576,939,575,92.60907871508631,13.743583406044841,15.493804790714252,14.67667102532129,0.9905038147618872,1.127348256488887
151,410,752,401,264.8321482359336,21.00354556505866,28.394884595018922,25.280163274144808,0.9425717049601292,1.3519091101578793
152,779,949,980,177.75747267121963,18.51720035167816,23.494125234098057,20.61494653206927,0.9559946134646786,1.2687730751894604
153,530,756,529,127.75674294388719,14.844400405659975,25.369949285856016,19.280034335070123,0.7535170939699192,1.7090585400931915
154,376,377,702,81.28504890762999,11.337046284113239,16.00000000000009,14.096798775395513,0.9260489341446213,1.4113023444581956
155,530,531,545,163.3333333333333,16.0,22.40584008248805,19.971958466166967,0.9270119428020005,1.4003650051555032
156,529,756,738,108.31614544962626,14.893803323803015,17.625753313694382,15.960077740332544,0.9765673251233447,1.1834286334052238
157,946,766,741,122.22043658883294,16.606181915877208,16.96193902069495,16.80241185159982,0.9996925596593927,1.0214231728051588
158,635,902,634,137.47534952181653,16.00000000000003,20.6447917982335,18.141200330819302,0.9540853217850073,1.2902994873895914
159,302,739,301,115.17338139318451,15.719674001534784,17.352737618148087,16.357470539894283,0.9921899276390761,1.1038866083643883
160,699,317,669,89.46923655685161,13.124250780241516,15.761193637488958,14.494558854672585,0.9780543082883112,1.2009214012595175
161,200,876,199,118.43916996796081,15.525403549775863,17.777347521133716,16.616257359641693,0.9876361588546557,1.1450489814411533
162,534,784,533,170.15292501158183,15.085208563645903,25.14660169907962,21.04605630625333,0.8513939872843058,1.6669707676220558
163,536,785,535,138.76387337281915,15.899959286716282,19.75789322966725,18.111162702465794,0.9691741353146017,1.2426379761974675
164,785,534,535,137.24129373366213,16.0,19.19859366271181,17.958076417908554,0.9768537184188734,1.1999121039194882
165,782,636,637,125.24885741125979,15.353029230025683,18.868428300586157,17.187737414884776,0.9723015635216706,1.2289710400398028
166,838,979,992,167.0356655725442,17.47110701783205,21.486471899153404,19.853421799378435,0.9713594793555911,1.2298288755957498
167,700,556,557,157.4290357861587,16.0,21.94296469014538,19.534338799271772,0.9367610635512499,1.3714352931340863
168,198,908,197,118.19769210437369,15.290473313362229,20.630786882002823,17.155751737980072,0.9087695795290897,1.3492575709853099
169,888,889,767,98.13658340713896,12.648143106395606,18.243760668153072,15.56923571605982,0.915149373955523,1.4424062500469346
170,871,743,193,228.23208873267592,20.085321143406624,25.585519012122,23.29212709956859,0.9618547123502605,1.2738416692192605
171,708,181,907,157.88022793484652,16.524059179320993,21.556867737141943,19.426840425183737,0.9546675724489488,1.304574590492828
172,456,457,921,124.55573137841697,15.343429012399955,19.170411174148995,17.182255497103235,0.966296658242361,1.249421570540472
173,375,742,374,143.61509559358322,15.999999999999968,19.947629497100163,18.44271313633364,0.9664719645092293,1.2467268435687626
174,195,196,908,118.66328128102099,15.467652914048207,19.919264628134428,16.992493162386353,0.9351970588855736,1.2878013709528695
175,655,503,504,38.892472188417436,6.813990029398901,12.559589030989153,10.299138431725227,0.799634750051569,1.8432062531352285
176,784,534,785,207.4936161233035,19.19859366271181,24.53973726554923,22.214896528098503,0.96126474589527,1.2782049402509714
177,503,655,507,8.752612781497579,2.5803871302347376,7.509132358558475,5.634503172730704,0.5539106359427125,2.910079759185347
178,546,547,756,129.23234830139944,15.844761002161102,20.54963742902491,17.682175949845867,0.941839562408981,1.2969357774612125
179,112,113,837,109.57829535485271,14.4777517379713,17.812902436380615,16.086842554647465,0.9708917563294415,1.2303638547456301
180,963,537,816,130.48608002520064,16.00430730013161,21.17398900877535,17.89159419320939,0.9256861372451954,1.3230181482831955
181,513,514,890,150.31417480912273,16.000000000000007,21.44672608391938,19.02328352476346,0.9458489113536933,1.3404203802449606
182,993,199,876,135.7828736459926,16.546021008015508,19.61259984533022,17.856390258652663,0.9783466876266471,1.1853363316672418
183,941,709,155,125.48715523711999,13.685842433676122,20.953695731476326,17.772648114150122,0.891471105484989,1.5310490262489456
184,958,113,836,248.52282393236197,21.86369285651214,27.217083504521703,24.279458258958897,0.9655691664252363,1.2448529936430681
185,689,669,300,72.04163466268716,12.455923489008507,13.57187416680888,12.92520695023287,0.9945527680290078,1.0895919663271152
186,803,739,302,156.6120800621056,17.352737618148087,21.51160843799695,19.259549738845518,0.9673887576406952,1.2396665535643998
187,936,248,755,163.1833542439743,17.52812426493789,21.161888840542954,19.584244347246866,0.9766701890908757,1.2073105211191255
188,314,740,739,84.01242897464824,12.155701954533438,15.959279461462229,14.185182048995467,0.9526433529335444,1.3129048014796263
189,198,952,908,193.2375347165905,20.551906906380168,22.34309463820185,21.175262808861614,0.9937388215563953,1.0871543326846047
190,37,932,36,122.60988544215216,15.999999999999886,17.78434194061874,16.874839304462416,0.9925127552804232,1.1115213712886793
191,922,817,954,155.89967779313142,17.166006461165484,21.13061134378085,19.181523788377714,0.9716157558955785,1.2309567395063294
192,381,786,380,102.28776387185454,14.795825902230602,15.909906980470147,15.389839050130185,0.9964849315108432,1.0752969848118845
193,875,983,993,146.61493001513173,17.819785419152034,18.846154253369754,18.416081043989287,0.9977935176180257,1.0575971489036349
194,382,786,381,125.48878847338574,15.909906980470147,24.37663198249862,18.76217965432292,0.7879779869806878,1.532166844999258
195,33,856,933,241.81176508706258,22.669758300047324,25.327232096237683,23.719462311373537,0.9902379097742555,1.1172255019668564
196,463,464,923,109.30806044301198,15.153350912321407,16.30831316149051,15.914767147008249,0.9955292464988247,1.0762182738228536
197,965,966,967,106.2019680452573,13.746867920699863,17.642353317575846,15.900609521388546,0.9601459667606868,1.2833725776189506
198,897,522,523,91.14500854329913,13.190136132824732,16.0,14.643640017775274,0.9755909444701871,1.2130276624046883
199,382,673,965,144.81941858564542,16.97677851863419,21.390160882152166,18.63588220570938,0.9524522668301459,1.2599658326621699
200,769,890,514,211.92381093714476,21.115392037575198,24.225502467586068,22.262540196360217,0.9836232121966023,1.1472911525619025
201,771,894,516,176.83614819346096,18.56529537810173,23.100641323740557,20.49796273737168,0.9635845393112822,1.244291612563751
202,861,674,244,112.4232907347732,14.802465606735078,17.163213199383986,16.204351704252627,0.9849111723544397,1.1594834033307786
203,56,811,915,118.77438292735599,14.134053854756512,18.895730929920724,16.90436537551506,0.9463766418767242,1.3368939388582965
204,737,250,988,108.15745726990679,14.911065872286484,16.595098198002567,15.850023260472028,0.9923097652041455,1.1129384270809242
205,766,620,621,112.64273222175443,15.034338314986206,18.317034809216487,16.332404379573465,0.9678476265590739,1.2183465893512648
206,371,673,383,44.98645090014441,7.741161390704174,13.184381000786562,10.882257094192722,0.8397766234673367,1.7031528391358401
207,424,425,729,104.58376209485142,11.48066179434227,19.370164240779253,16.57270512926549,0.8396192828406529,1.6871992736799346
208,371,372,673,82.13422800463036,11.721228891087428,15.627876816526673,14.054950874361944,0.9466308644985147,1.3332967866884484
209,926,956,878,181.53736417846972,19.791819876511898,20.96066376828981,20.493759599967586,0.9976039985159025,1.059056918417343
210,382,383,673,100.95753589258993,13.184381000786562,17.54070721634178,15.575029405709449,0.9484071006619068,1.3304156801366196
211,784,785,904,175.34007647709726,17.434637611444927,24.53973726554923,20.78994383987565,0.9188071871688255,1.4075278082889533
212,864,140,937,152.12967503538354,16.643757569007025,21.05408043283298,19.000337149892832,0.9643918788942071,1.2649836039452163
213,692,124,666,86.00476891613258,11.999083452253387,15.93111279984436,14.376210345265411,0.9476561858380895,1.3276941412431422
214,862,45,46,137.03575282310393,14.911983230331076,21.743758282018586,18.442583584922556,0.9095703648497581,1.4581399365975434
215,141,142,991,138.18184797295038,16.000000000000007,19.475550477182047,18.0379505514275,0.9742222029130896,1.2172219048238775
216,63,64,715,81.0744963276233,11.68287479617291,16.000000000000007,14.017535795427145,0.9377637535416257,1.369525932541989
217,372,964,673,121.44730800856472,15.627876816526673,17.879952344807926,16.822749255856998,0.9880605358456159,1.1441063014970565
218,820,954,920,179.57660915933687,18.55091528153402,22.46302785332799,20.551922647952683,0.9759448155154675,1.2108851510786731
219,702,742,376,124.1021629072135,14.953350042073211,21.163533645850183,17.605122505641432,0.904736770815843,1.4153038340106936
220,375,376,742,196.5436191242034,19.947629497100163,23.192338285419765,21.43450047612337,0.9841051573852714,1.1626613723094914
221,742,787,374,151.50111463706293,16.36580379860977,21.352280989674224,19.032864900061597,0.9547619277390061,1.3046888043157427
222,871,193,194,148.3890329424584,15.999999999999888,24.205541143177147,19.58652866396459,0.8667200731901986,1.5128463214485823
223,738,756,757,129.2351265826371,15.360676583500235,22.099122860752956,18.106111745132846,0.8877927113486831,1.4386816062835972
224,965,786,382,179.1567845295311,17.151003942020512,24.37663198249862,20.972598935557098,0.9222228697201885,1.4212947571410142
225,644,716,717,91.17936604186312,12.15914690605261,17.24846654566711,14.946872993674432,0.9241836160687065,1.4185589399434861
226,191,192,704,70.04234904109384,9.719741062106648,15.999999999999948,13.465374664164926,0.8575609011655656,1.6461343875072454
227,394,880,393,113.15019741847206,14.144553448988871,21.244264499877087,17.129605982955308,0.8639394431384234,1.5019395682226886
228,571,572,868,151.3571112322417,14.783707310554988,22.329325716953587,19.472011036041774,0.8955214108338044,1.5104009601848194
229,930,841,85,211.73758243977665,21.87684348751784,22.48655907085878,22.11785331071817,0.9994225142880745,1.0278703636422148
230,656,355,356,38.89247218841725,6.813990029398856,12.559589030989182,10.299138431725227,0.7996347500515644,1.8432062531352447
231,359,355,656,8.7526127814978,2.5803871302348185,7.509132358558455,5.63450317273071,0.553910635942729,2.9100797591852485
232,671,690,691,99.16282133159196,13.163694762056359,20.18740032601202,16.139891708450772,0.850402905137014,1.533566425757692
233,930,987,995,200.14069053015453,19.10825668787033,24.15307663401184,21.791749792790387,0.9645873287997253,1.2640125694639581
234,548,756,547,227.14237698257642,20.54963742902491,26.437224688358466,23.30221753127337,0.9557599082739127,1.2865056514825783
235,739,689,301,81.85902947543838,11.823882814821577,15.719674001534784,14.022236343634544,0.9486507999886946,1.329484928743519
236,803,302,303,118.12482697036155,15.345683106338928,18.914303160391512,16.75332875557685,0.9636757392149604,1.232548791039382
237,662,666,349,14.278462783130141,4.000000000000013,8.528327862732704,6.5661596695828175,0.7058774170425923,2.132081965683169
238,662,349,125,4.990979020558651,2.883205154315874,4.000000000000013,3.4851124965319866,0.9327142578932279,1.3873449116211545
239,666,676,692,80.75630840283658,10.88241148199148,16.678201601655747,14.253015955781903,0.8915111919745644,1.5325832541119495
240,688,694,223,70.95147043557165,11.336875871700135,14.045733696594352,12.94935549859821,0.9693178506597802,1.238942179093294
241,694,869,696,125.86730957128255,16.544896445726373,17.418455068398448,17.06139450787702,0.998101244631916,1.0527992801609658
242,124,349,666,49.93303464144188,8.528327862732704,13.11679484568424,11.21473538689011,0.8898693298992022,1.5380265694289652
243,122,869,694,111.42326654837933,14.749628086002328,17.22083200950624,16.13748626306946,0.9840845140720912,1.1675434735774206
244,694,696,223,111.8349759488592,14.045733696594352,18.572204222837076,16.387611455052603,0.9495950558019892,1.322266577454779
245,681,682,676,90.55139602351369,10.650930992576162,18.949135802884445,15.585559914420587,0.8180858188640946,1.7791060533668126
246,903,532,533,105.26354505859052,13.751186184771424,17.811248919922736,15.854145034898062,0.9566483948536088,1.2952518190501687
247,207,788,951,213.58398641246578,17.724754994904032,27.244358418481326,23.195407693435612,0.8901177926134072,1.537079549269608
248,688,224,120,53.868662584513785,10.245129267792235,12.85528047535421,11.331995841780232,0.9595780732190933,1.2547699633002725
249,208,222,789,145.50368292683092,15.359808972036896,22.24543018145515,18.969845660607415,0.9135795086207062,1.4482882060547615
250,123,124,692,123.91750059454544,15.93111279984436,19.764230381645127,17.2317810604965,0.9534669490754172,1.2406057649556166
251,443,444,747,110.20706316795587,14.803883102996826,16.935581520864748,16.026723117381824,0.9877739597804596,1.1439958964169605
252,347,680,686,90.15947229635736,12.450895978859577,16.939132763741476,14.776317584583834,0.9391287362641279,1.3604750045701524
253,119,120,224,81.66666666666667,10.245129267792235,18.253815712579502,14.832981660123913,0.8150853219320282,1.7817067247715745
254,119,224,225,81.66666666666666,10.245129267792231,18.253815712579502,14.832981660123911,0.815085321932028,1.7817067247715752
255,121,688,120,66.06413983806713,10.295233533251167,16.0,13.050171336201792,0.8681000030499028,1.5541172473964566
256,260,261,259,80.1221022929571,12.707233832974545,16.0,13.879288762730354,0.9494200418028905,1.2591253305248005
257,221,208,790,288.71238823405054,23.79115988014008,27.59481877489692,25.96486404516916,0.9852517973573118,1.1598769843050816
258,165,166,744,113.6539915003982,15.883823076748028,16.76227631703987,16.21536646459597,0.9976537909476301,1.055304899585402
259,790,791,220,266.10080470193424,22.153608629247238,27.52538608816592,25.07833877841492,0.9695304562682864,1.2424786656123756
260,212,792,211,112.7005868807789,15.311013026064273,16.637031705347095,16.165850981356215,0.9945337242690541,1.0866055483739392
261,209,790,208,168.42708417982155,15.999999999999963,27.59481877489692,21.576122376704063,0.7970059148294983,1.7246761734310614
262,400,401,752,142.08942592206813,14.782145806466124,21.00354556505866,18.67435798259938,0.9207005140647377,1.4208725742558377
263,793,143,144,117.5384170801491,15.51627142473847,18.382017390689576,16.62867900689624,0.9761090521382502,1.184692951515535
264,905,951,793,129.1629375805989,15.981010016921674,19.459651516186888,17.468245600138868,0.970729001502924,1.2176734446434747
265,531,532,783,106.26713118619668,14.582787092127965,16.94448587574781,15.75514521163412,0.9849855272193466,1.161951125576998
266,479,818,817,225.50843951332098,20.98612070444675,24.00194301780448,22.93981083672271,0.9860668090868682,1.1437055640644773
267,145,793,144,118.9450085631222,15.987748205260663,17.986741881516178,16.658163362258946,0.9867616170993813,1.125032847064589
268,146,206,794,156.97869820700203,17.11445792846562,21.95367476972479,19.365441926285932,0.9565849681650306,1.2827560686693058
269,761,386,751,117.09433251426964,13.874523707280016,19.803585306037732,16.9732171132792,0.9198351008810477,1.4273344241465178
270,68,55,714,220.4075902029851,18.39328340983271,25.898061465458525,23.248796028858536,0.9215723929011593,1.4080173119941108
271,739,740,689,65.71723098354133,9.622735858242576,14.52315221454727,12.86215093459353,0.8891774343981566,1.50925396150276
272,386,387,728,153.72022514122395,16.00000000000005,22.811855304527114,19.460282138435286,0.9186413636089137,1.4257409565329402
273,912,709,873,173.83668923844638,17.434145393657626,23.82402963848493,20.55994616837978,0.9346549212246053,1.366515484444215
274,150,913,149,120.60730691519639,15.411098933841783,22.872821158122814,17.995725153584594,0.8295691392534059,1.4841784649046388
275,889,509,510,146.2224034658006,16.000000000000007,24.14389342684886,19.47435969460103,0.8636061191348919,1.508993339178053
276,805,912,148,182.50184079385284,19.16801006015133,22.724196762495925,20.700424470985013,0.9784877856084552,1.1855271721574063
277,212,213,218,163.33333333333303,16.0,22.298520881141886,19.96433443050689,0.9278918566524103,1.393657555071368
278,216,214,215,91.52219048131113,12.358830705094583,20.06449789026269,15.76028478564752,0.8170443985208397,1.6234948409797103
279,179,800,178,120.31273936321593,15.70428832273467,18.918615053968516,16.87430112556775,0.9686387621959145,1.2046782805547802
280,213,214,217,163.33333333333303,16.0,22.298520881141876,19.964334430506888,0.9278918566524106,1.3936575550713672
281,818,953,456,233.72980652959674,20.60778220920776,27.210659092639286,23.726007557986478,0.9465485951856374,1.3204069616225513
282,466,467,821,166.73372298381742,15.999999999999927,23.57237650552793,20.33416623342632,0.9089296488841998,1.4732735315955023
283,792,212,219,128.05517978304488,15.54682839711683,21.594482410378788,17.896939673384296,0.9035356750687499,1.3889959970474428
284,38,39,857,146.70732522315117,16.000000000000128,22.28548179054795,18.975027668840458,0.9239514736253944,1.3928426119092359
285,31,32,933,124.43331056588434,15.561624755674524,22.662358294394792,18.074661016689735,0.8520900617705224,1.4562976970724728
286,709,872,942,120.05603959095701,13.68439614327136,19.487137710696143,17.158052401799917,0.9221454236482564,1.4240407473352779
287,305,910,802,279.5233220565905,22.75555596441823,28.42986941502606,25.721648483205442,0.9678092871531457,1.2493594733295237
288,890,891,767,131.84085194054617,15.956472538830125,23.639097207414668,18.71591593745569,0.8400111918609018,1.4814738752496113
289,205,796,204,97.81835437639339,13.818877664524173,17.028163376771314,15.219820301429273,0.967697868505867,1.2322392447605222
290,912,795,147,113.6972109731046,15.494417054324776,16.92850168694385,16.235767868828628,0.9948032743582219,1.0925549265642618
291,834,839,321,128.5397609072678,15.865725109803941,20.72386103673756,17.686207244827422,0.9350301071193986,1.3062032080671573
292,203,204,202,149.53657705905903,15.402654459191155,21.9956023544778,19.15532120797324,0.9219217106808056,1.42803971956616
293,976,143,793,138.14120766893558,16.640824135067874,18.76777234574282,17.930204623833422,0.9896855780221193,1.1278150765497692
294,864,682,346,159.43380197722504,16.854719062601674,21.929536903449296,19.520534983185076,0.9554203170480212,1.3010918082940908
295,89,931,735,106.99053905968498,14.360516136354263,17.906134817986256,15.937367449757959,0.9645251642956398,1.246900504687022
296,258,259,262,170.63177028483423,15.999999999999886,24.725650158961546,20.77956657664126,0.8858657208358143,1.5453531349351075
297,190,191,704,52.23690804481526,9.719741062106648,12.400005958015758,11.145113521459438,0.9618145995653237,1.275754763299033
298,708,907,188,210.74185657894685,19.942736653424213,26.326470327289645,22.6086915726186,0.938648493726273,1.3201031926964413
299,189,705,743,149.6357630310841,17.481419274261047,20.106219233681912,18.68637012022998,0.9863486091329514,1.1501479896020523
300,800,708,178,169.82374184387817,15.70428832273467,23.029730075134804,20.57412968239472,0.9012722773594557,1.4664612366926104
301,259,261,262,100.89723369079908,12.707233832974545,21.613049570962342,16.773427801312298,0.7902310142360471,1.7008461365429284
302,797,181,182,95.69161184348475,14.083005052531927,15.841617758622649,14.91883412280658,0.9905844015695682,1.1248748189417532
303,47,48,706,76.78960436874321,12.566620495221468,14.795825902230636,13.43127482359688,0.9778645074652714,1.1773910024462693
304,48,707,706,84.61322319920816,12.93137807333853,16.215804534241226,14.219014432805686,0.9567944309600682,1.25398889756958
305,182,185,797,117.7436743240462,14.865761892418549,21.622394604216744,17.44325808508598,0.8683057195222506,1.4545096820933234
306,49,50,677,87.06580023051811,12.159993933401047,16.0,14.445147495907094,0.951195048649576,1.315790130129196
307,50,44,677,47.780209246167274,8.287247362018695,12.351652582885444,10.932964626101729,0.896842330988475,1.4904409200447348
308,677,44,45,91.03186898941047,12.351652582885444,18.126347612847663,15.10925563196424,0.8988715855285906,1.4675240815924249
309,184,182,183,151.09527511893322,15.479741565605796,22.264390202150388,19.280379019262835,0.9188947555567949,1.4382921128101582
310,797,186,907,107.23256888454769,13.828510391122816,18.500501115193877,16.094306777002497,0.9427752842652013,1.3378520601228485
311,177,871,194,153.02118101277242,17.10054429615726,21.6624336056167,19.105674250163563,0.9586050848274464,1.2667686613042233
312,943,974,711,205.75950358752243,19.779232835927576,26.51523495255609,22.455590961321718,0.9266899710924232,1.3405593216129719
313,195,798,194,144.63143234179722,14.487723489670408,21.295176452641424,18.989285999091834,0.9009647249562991,1.4698773391019408
314,455,456,953,138.17344842488,16.0,20.60778220920776,18.17433275556004,0.9557304873515319,1.287986388075485
315,871,177,178,122.5668051281875,14.49860114750263,20.695910204084065,17.43168521591465,0.9121432453874591,1.4274418610135307
316,38,932,37,125.41677831084904,15.195641383933463,20.32704562991849,17.454287662206855,0.936643666638858,1.3376892173442922
317,708,871,178,218.10983649193983,20.695910204084065,24.020205533543056,22.568162128980603,0.9852343644714081,1.160625712842675
318,887,754,975,185.4264131101614,20.337979988523834,21.392547560051693,20.710839047749662,0.9977912298433245,1.0518521294702288
319,954,923,819,160.43214173066886,16.944603008614145,22.524982468557088,19.663804970684982,0.9454831969048847,1.3293307879273442
320,798,177,194,190.7646723681611,20.103229052822325,21.6624336056167,21.020279703693486,0.9960592158599256,1.0775599058587793
321,180,800,179,161.01637463862022,18.918615053968516,20.069322424775038,19.306681673972808,0.9968169286982489,1.0608240808073919
322,820,923,954,132.9401159662183,16.944603008614145,18.55091528153402,17.56574847216048,0.993399915630697,1.0947978699827474
323,930,992,987,184.57066159481639,19.847429791650296,22.11391605648899,20.72086961697931,0.9904776332361953,1.1141954544558808
324,90,845,931,140.1061742715974,16.106886334387024,20.638285844398773,18.282498928698843,0.9581658176447716,1.2813330532008251
325,892,891,769,200.2343689764955,19.51077314436428,25.84485243925177,22.07697245045132,0.9345595674776964,1.3246452228223002
326,908,952,798,207.867512414783,20.551906906380168,24.68171817422868,22.15115704350274,0.9718584295566014,1.200945405536381
327,198,199,952,162.9170460351135,15.766486466106485,22.34309463820185,20.006211956337477,0.9193027892262607,1.4171257931329992
328,326,840,325,102.56526042777618,15.152123669797174,15.663303670373736,15.39468969918076,0.9992573494944579,1.0337365251047614
329,804,310,910,227.39404263111422,19.829200446878108,25.752070175763865,23.303663972531464,0.9557911584807458,1.2986943293428783
330,943,806,159,200.43469138411214,18.871278778359127,27.245003698885952,22.478545706983187,0.8942141843756743,1.4437285368350077
331,908,798,195,186.41986905278608,19.919264628134428,21.21984604989937,20.77468957766582,0.996676590196725,1.0652926423763642
332,983,799,993,190.10271827206964,17.819785419152034,23.82202464459073,21.389307136498534,0.945859073985914,1.3368300506574964
333,5,0,801,173.08100062340068,18.66773789694745,23.118326053601837,20.31872217468849,0.9589791131087684,1.2384106837809281
334,678,995,987,153.06924277093083,16.785960856880987,21.34191561008063,19.07871105161065,0.9620123505011784,1.2714145941387707
335,176,799,909,191.07454499233756,18.640463712058157,23.601069212859375,21.295969618968865,0.9641382910343601,1.2661202842068944
336,0,1,801,115.27320003194782,14.989765024357194,18.66773789694745,16.55250097376818,0.9631667078737454,1.245365612243677
337,708,188,743,238.2934953883096,20.154013139420147,26.326470327289645,23.879055214093526,0.9531326348425915,1.3062644221361803
338,796,201,204,136.99791969536747,16.14860548350267,22.45489035291842,18.54388640439747,0.8997036021516205,1.3905157554228578
339,223,224,688,61.672508604966765,10.895577782194255,15.297892002747332,12.510115218880573,0.8878282797549536,1.4040459632849775
340,802,803,304,241.9378908353841,22.39289358284945,25.004581899267134,23.70963728308757,0.9919182299701184,1.116630229441092
341,911,910,311,172.60977507134234,18.82361480844018,20.9278799489375,20.02277787623069,0.9923631750671145,1.111788578437857
342,694,688,121,64.14066070820934,10.295233533251167,13.498050119298505,12.419580193349939,0.9464797127499023,1.3110970310389753
343,700,553,554,144.97601369424032,14.788291353622967,21.935606306695085,18.982193965065672,0.9058477209620802,1.483309043767325
344,690,565,566,104.16265358627444,14.11952010713903,21.322353167577013,16.75038767273703,0.8263421703140045,1.510132993599133
345,312,802,911,209.58694054387416,20.166083876279874,25.403624075493006,22.362347479358636,0.9584492582319718,1.2597202427276288
346,701,559,560,144.97601369423984,14.788291353622917,21.935606306695103,18.982193965065658,0.9058477209620784,1.4833090437673313
347,306,307,804,153.0951802860839,14.989150128758206,21.84319409359469,19.5031075950542,0.9052509470058795,1.4572670168728448
348,567,770,566,156.5304462173402,15.388609775457903,23.110056496820505,19.772647183159545,0.9004825291019903,1.5017637612513208
349,308,804,307,143.13692649281845,15.233106028411536,21.6769785628097,18.73930274419463,0.922725539446238,1.4230176381874835
350,644,645,716,71.92554803064165,9.632154064436552,15.999999999999982,13.688386531246705,0.8489814746037172,1.6611029986609676
351,517,518,895,119.4020649414947,15.340699199768313,19.438797016968095,16.926498738912134,0.9517235135816259,1.2671389200605456
352,308,309,804,135.02320085178692,14.785096412491008,20.156279536601147,18.083066530151605,0.9376559766914453,1.3632836049396582
353,49,677,707,101.96772724784371,14.319759972892129,16.88897032415019,15.461392950454183,0.9803855132226267,1.1794171380052234
354,156,157,703,134.16730536072933,16.00000000000011,19.447469069467648,17.77062723933034,0.9750320957723113,1.2154668168417195
355,412,417,881,222.16443194644657,19.654714150147026,28.933293515262427,23.750365809768493,0.886095650187008,1.4720790795650414
356,663,671,691,64.49440983000862,9.041113821710105,15.068580037283942,12.993209380656602,0.8432053887237702,1.6666729713213317
357,805,154,709,177.47214691533952,16.909649815364894,24.924071485894828,21.03645690048013,0.9042242521286142,1.4739555081293083
358,805,913,153,185.7190709076085,17.997560651830387,23.244235039491908,21.04477168694848,0.9577297715386134,1.2915214172165006
359,346,345,864,110.1421214425321,14.963738591265951,16.854719062601674,16.005296091126098,0.9905695235014821,1.126370857109162
360,913,152,153,111.69250390221058,14.831209259797689,21.892519369523143,17.274189127930658,0.8345663491401336,1.4761115554391266
361,870,703,157,123.12873924476925,14.737707154986916,19.447469069467648,17.188971427262842,0.9504551272494214,1.3195722282273095
362,796,205,940,101.98139760067723,13.818877664524173,17.840959031445575,15.633326086170129,0.9528332091424658,1.2910570210232695
363,130,131,968,96.51112886967118,13.307157220848598,16.000000000000046,15.074798113433323,0.9740834081793008,1.2023604842462157
364,159,806,158,156.23614175792844,15.629638070517139,21.61824399319354,19.522412235805053,0.9282139725369626,1.3831570440503653
365,589,721,588,140.15192907470842,15.999999999999988,22.116372506597237,18.604335120884752,0.9175060871915695,1.3822732816623284
366,677,862,707,126.1403480619271,16.48166977834536,17.933595041685567,17.10141171472704,0.9947972233914291,1.0880933353759967
367,640,641,720,79.56011849520831,12.065106096969236,16.000000000000057,13.863948347645342,0.9429794146654367,1.3261383589506328
368,874,806,943,256.1328889209728,22.84271313315769,27.245003698885952,24.56460065002747,0.9743119629773582,1.192721877653756
369,759,747,762,75.46520255582172,12.167863463576818,16.19182329920434,13.62933367160281,0.9218033003394193,1.3307038945393175
370,163,711,974,207.93912802534592,20.50717454378994,25.09523273015461,22.224904123142014,0.9640565014266176,1.2237294160913086
371,592,826,591,132.1790882614415,16.0,21.67955277870541,18.106079979757112,0.913162061418794,1.3549720486690882
372,209,210,790,147.36833513510246,14.891957266825353,21.1584748793089,19.061326833783188,0.9148083610215135,1.4207987909314916
373,711,874,943,262.4707532236875,22.84271313315769,26.51523495255609,24.756467238928554,0.9853816929161817,1.1607743264992236
374,160,943,159,138.60650158444787,16.0,19.307627090535345,18.05963528963149,0.9750072352646252,1.206726693158459
375,869,982,696,153.9820354222591,17.418455068398448,20.168116447359207,18.958942610393166,0.9857238407887856,1.157859084985634
376,913,150,151,92.90984588814977,13.643040835881123,15.703255368789183,14.72022094685119,0.9869793257008185,1.1510084560833174
377,287,288,291,117.06671500509029,15.07386055465946,20.579083447026,17.088306009561652,0.9067680201702538,1.3652165198426776
378,289,290,288,163.33333333333465,16.000000000000114,24.432074970254746,20.33705280576029,0.8865437143016136,1.5270046856409107
379,738,528,529,90.89144765963073,13.02516041847928,15.999999999999948,14.639654580760748,0.9725616928418751,1.2283917806724403
380,870,157,158,103.30701808950808,14.737707154986916,15.999999999999908,15.473200695985918,0.9952861611977956,1.0856505582407274
381,127,128,693,149.76314898649582,15.999999999999824,22.396062583899855,19.159952053482268,0.924953507415359,1.3997539114937563
382,676,682,692,157.02291321667943,16.678201601655747,23.798788225271235,19.808708543270473,0.9038497584257148,1.426939714106141
383,808,268,263,173.08100062340273,18.667737896947777,23.11832605360199,20.318722174688606,0.9589791131087685,1.2384106837809146
384,126,127,679,74.17512707165476,10.824717830695944,15.104482778567009,13.448644927051618,0.9290230070705633,1.3953696544158243
385,285,286,807,118.36583237232026,15.461552703385722,18.74646142445819,16.736004709281303,0.9687806074477733,1.2124565872580926
386,448,917,447,168.15081899382832,15.660470914183248,23.33691771709688,20.480463806962998,0.9005776475813806,1.4901798193029618
387,283,284,807,117.57411568188526,15.124203645636644,19.24821268676109,16.790805444132577,0.9524600271647449,1.2726761115990546
388,733,337,753,94.4911069732953,12.928210631231133,16.62025666938393,15.001327915132691,0.9595585514410099,1.285580591426457
389,831,408,409,124.87947374326666,15.03831989099967,19.331838961728053,17.252278997769434,0.9590128657401312,1.2855052360801305
390,639,640,746,75.34715187931883,9.457613546292729,17.830122584084243,14.429245376792323,0.7869340888360312,1.8852665629453043
391,868,690,893,189.8102824170021,18.962387673503738,22.510242027094215,21.096404581141034,0.9797337744697225,1.1870995580660928
392,707,48,49,103.2993153674197,14.319759972892129,16.215804534241226,15.51185483571112,0.9884957158297546,1.1324075658347894
393,717,758,644,117.17874158396867,15.250302087734108,17.24846654566711,16.520886945456393,0.9885302837785386,1.131024582099271
394,263,264,808,115.27320003194967,14.989765024357174,18.667737896947777,16.552500973768346,0.96316670787374,1.2453656122437002
395,924,593,827,155.62092864783637,17.14354828097742,21.775924853643616,19.260814426711296,0.9593111320487853,1.2702110728037734
396,22,15,844,186.81391092827917,18.80321691533317,22.511278292013266,20.93982763746314,0.9784557487406877,1.1972035632720026
397,696,982,997,176.58102550537666,19.45011686626987,21.061072058446083,20.226435124025056,0.9957354960165211,1.082824962094182
398,169,710,914,93.52865946545701,14.04325899344207,15.383131188270879,14.72726825599969,0.9944894429828887,1.0954103456650983
399,72,73,51,115.64933070949778,14.923829483727637,20.435852186858657,16.980359498130472,0.9072808127712365,1.3693437203327146
400,266,267,265,161.7887689596232,16.0,28.157828237111087,21.56601511423715,0.7621247302102104,1.759864264819443
401,429,430,900,107.95055848962384,15.407937837839254,16.278728838860328,15.801737933301133,0.9979040286204927,1.0565157394964666
402,759,762,748,65.50010837870963,11.492948600975026,13.020222357941325,12.347161736981207,0.9895880125981419,1.1328878958735384
403,758,640,720,85.72002516294722,12.967303829962958,16.641889165405797,14.378643980445164,0.9455633571470391,1.2833731193181532
404,305,306,804,170.81097975340668,15.902452246377226,24.581639470100974,20.775761936690962,0.8869367369162802,1.5457766569115763
405,838,87,842,200.03330392868511,19.769494095419972,24.292767269977748,21.75524536030848,0.9687622790014371,1.2288006538116567
406,824,631,622,108.41849533071448,12.931074035408134,20.463548492346792,16.735444154538598,0.864774007570857,1.5825095762589465
407,149,913,805,203.93894917943757,17.997560651830387,27.12571922848198,22.66536701281173,0.8926311560232801,1.5071886547982403
408,149,805,148,181.5633555996133,16.00000000000011,27.12571922848198,21.949971996992673,0.8340492172310766,1.695357451780112
409,72,51,52,163.3333333333342,16.000000000000114,25.402639230129115,20.612830472329293,0.8579808693552002,1.5876649518830583
410,153,154,805,164.91896718179652,15.999999999999988,23.244235039491908,20.17329481322419,0.9148438344477416,1.4527646899682454
411,760,748,762,108.20129426575741,13.020222357941325,18.418399146001516,16.273021679590126,0.9245194870688642,1.4145994315348787
412,959,858,934,119.95277416841097,16.008705009600913,17.851425593978092,16.706581845786406,0.9901469736319484,1.1151074108287986
413,875,876,712,129.39545968775525,17.092422788826582,17.42497157228036,17.28832596028207,0.9997310604389255,1.0194559184243421
414,705,193,743,192.9653434611914,17.481419274261047,25.585519012122,21.86913566208936,0.9105161247649562,1.463583626175771
415,769,894,773,224.06272053498748,19.521610263112898,27.221363947924385,23.404532664905858,0.9279040747947613,1.3944220574549926
416,170,171,712,106.3914933048469,13.707771743620699,18.373132828559154,16.02696819072665,0.9432187496621084,1.340344234803123
417,518,519,895,110.9841849839478,14.803133619317792,18.935444740326478,16.359759186470864,0.9457579794888031,1.27915110592639
418,710,170,200,160.8366669214882,17.47546815539045,22.964945584144886,19.741454135457335,0.939855536274988,1.3141247707896835
419,906,914,710,120.37122367126553,14.755414586286122,18.26265796550502,16.8664347357031,0.9693259203518311,1.2376919576681076
420,425,728,956,152.88552018320254,17.737183088601267,19.5263367647064,18.837933882325427,0.9932140975043086,1.1008702265273975
421,252,934,858,126.04202917701909,16.008705009600913,18.673717008152792,17.174426833862515,0.9827188285562225,1.1664726782680792
422,978,164,809,109.07400066052438,14.357280952028095,17.22075701175672,16.00280406682167,0.9780541101716735,1.1994441753488243
423,171,172,712,75.29230847512308,11.58586505939129,14.872835528579285,13.388824110530424,0.9600687663391168,1.28370522635456
424,16,844,15,165.21316462057655,16.0,22.946323431014367,20.15043704535245,0.9193831204440128,1.434145214438398
425,163,164,711,141.17983159780798,12.20312473633996,25.09523273015461,20.190004592453963,0.7408577306655638,2.0564595767363545
426,874,914,806,161.2698784328139,16.6191696673855,23.606085118038763,19.963961553162672,0.9156628637385169,1.4204130284778802
427,519,520,984,112.19446587017612,15.46147046074187,16.933621024363195,16.13169716170169,0.9942459675946893,1.0952141368027868
428,773,896,527,227.87570184812284,19.86481827479569,25.003537314945934,23.288507468286213,0.9599445417496123,1.2586844223322295
429,388,389,878,115.34484364665828,15.21003239853285,18.23020678510143,16.48007972787811,0.9749257416205089,1.1985646254678528
430,810,714,915,184.6100972982842,19.07910870005201,22.948818271273584,20.84052042869192,0.9758643183531102,1.2028244417524088
431,256,257,255,80.13278905108044,12.244020760021263,16.59502948496603,14.028928996599808,0.9240407829596206,1.3553578363041923
432,226,843,229,100.7122727127421,15.124203645636532,15.461552703385689,15.252936682323528,0.9996166123310773,1.022305244339029
433,828,957,927,153.73954496834136,16.826448254578807,20.274299630069446,19.022201286936568,0.9746770905092599,1.2049066638024701
434,173,712,172,104.70481029683592,14.872835528579285,16.00000000000011,15.573484743198259,0.9959743842203513,1.0757867905723084
435,937,991,996,168.57438050372895,18.326303178827636,20.681659927288084,19.811612635893965,0.9890551861417928,1.1285232883837473
436,2,3,4,161.7887689596239,16.0,28.15782823711099,21.566015114237132,0.7621247302102155,1.759864264819437
437,983,875,174,136.86798244596355,16.379317876450855,18.639986956477497,17.86720276412481,0.9866976791289481,1.1380197329998027
438,712,173,875,120.06130303251052,15.84761870101538,17.42497157228036,16.688843214176377,0.9940202356903863,1.0995324850391508
439,167,713,166,103.22003595173938,14.4126408547857,16.068649790817204,15.493763548534318,0.9905858237391038,1.1148997572836645
440,297,935,850,162.14703146513563,18.289209914848765,20.638878564084656,19.423348431631926,0.9901440934042238,1.1284729444396735
441,788,996,991,186.76897480329302,20.57166104680025,21.06134508861793,20.77155535423542,0.9995896978764334,1.0238038163619192
442,714,66,67,107.94150642365989,11.341421892663847,20.325412930069508,17.054237337213696,0.8112482733276859,1.7921397442429083
443,67,68,714,137.0539612142801,16.00000000000009,19.495877188907727,17.96305353291351,0.9744823978698591,1.2184923243067263
444,168,744,713,117.0825704631545,15.374196041928291,17.882381656627107,16.54280081575068,0.9842143138122826,1.1631425544372225
445,713,744,166,103.01358823437387,14.4126408547857,16.76227631703987,15.516371071251287,0.9843255871591315,1.1630260190292592
446,164,978,711,153.16541781423018,17.22075701175672,23.271656310867318,19.472795163128726,0.9152162415826933,1.3513724335683739
447,876,170,712,152.2021204944785,17.34758351973927,21.20259636959364,18.974437572630688,0.9691436956529631,1.222221893064695
448,53,54,70,163.33333333333186,15.999999999999886,25.402639230129115,20.612830472329215,0.8579808693551929,1.587664951883081
449,53,71,52,163.33333333333303,16.0,25.402639230129182,20.612830472329275,0.8579808693551945,1.5876649518830739
450,245,246,936,150.25341727696303,16.000000000000114,20.8933156611991,18.96136646639083,0.9531426112776815,1.3058322288249344
451,69,54,55,154.15696141107958,15.190617903013356,26.8477739550697,20.82474801498057,0.780050308367103,1.7673918287250132
452,826,596,597,137.28560505775633,16.00000000000005,23.414820508450845,18.85855466706701,0.8656600541287489,1.4634262817781734
453,55,56,915,100.27690250997269,14.134053854756512,17.016916029582,15.370448704493418,0.9741698741017092,1.203965699045028
454,860,960,935,119.0398209159203,16.186182689354037,17.303711008814226,16.603498116807824,0.9963264580570393,1.0690421170270867
455,60,883,947,166.48406923786737,18.9200864536787,20.20644952366426,19.62962372540505,0.9970741346882537,1.0679892807643832
456,861,934,674,107.990406063184,14.802465606735078,17.786728490476587,15.965705354045468,0.9718974759839352,1.2016057975087393
457,930,995,841,189.33847824077915,18.02604232377443,24.15307663401184,21.351987481768038,0.9458289464682723,1.3398990305351999
458,952,977,798,194.63860579620936,18.789319679937186,24.68171817422868,21.624951170046145,0.9494115532791806,1.3136036107035458
459,917,719,447,212.15764929253763,20.587621712210765,23.33691771709688,22.226057579996393,0.98901996581972,1.1335412143917272
460,883,60,61,115.73896279351038,14.959927211528674,18.9200864536787,16.62667122173579,0.9571408900507906,1.264717814876678
461,810,916,65,253.64724382203664,23.569453441799777,25.199937045691616,24.233718738162775,0.9966167022336151,1.069177828324191
462,57,58,811,133.205437117408,15.44800694928329,19.419093881067063,17.768166493350375,0.9656731728712826,1.2570614413122083
463,63,745,62,148.98737744692983,15.999999999999888,23.352359367652276,19.357855983912145,0.896162690917832,1.4595224604782775
464,62,883,61,111.96242770621302,14.959927211528674,21.42217451549685,17.11828924932936,0.8553365228644446,1.4319705044412334
465,745,63,715,104.54612615648063,14.36973259010852,18.72120858408427,15.956859113436265,0.9341075454827148,1.3028223362326945
466,6,7,10,117.06671500509032,15.073860554659491,20.57908344702593,17.088306009561634,0.9067680201702565,1.36521651984267
467,8,9,7,163.33333333333303,16.0,24.432074970254696,20.337052805760212,0.886543714301611,1.5270046856409185
468,252,253,934,109.04225379476489,14.009118675262906,18.673717008152792,16.227611894471938,0.9431981108184416,1.3329687213747832
469,878,387,388,111.95274804584687,14.787094238223952,20.18641102421352,16.727845886990107,0.9045322768923689,1.365137105303122
470,973,989,938,165.93389337600937,18.392673155129955,20.742419760040956,19.64615870499334,0.990446683043475,1.1277544914266922
471,135,990,134,118.05963185029464,15.7446755081781,18.11893137025796,16.62120229281203,0.9828772877900462,1.150797382953153
472,878,389,926,173.80427668072986,18.23020678510143,21.314640655715717,20.168503736368987,0.9821758948110438,1.1691935756392533
473,486,487,760,151.00703802161317,16.000000000000068,20.658730444709633,19.002949944464905,0.9537764895317696,1.2911706527943465
474,440,748,760,89.8108462240916,12.509294668093808,17.38044353482754,14.834503773007043,0.9257625182756047,1.3894023600833447
475,683,973,938,190.85885843273493,19.803383199809108,23.00485012249593,21.133550006894335,0.9828043615804318,1.1616626255415632
476,957,828,926,173.5042679588325,17.18571629147726,25.368292346988323,20.942769422845007,0.890459721326158,1.476126564452188
477,760,487,439,192.65902042165655,20.658730444709633,21.89220531854507,21.11548561781132,0.9972173090836874,1.0597071962934348
478,487,438,439,122.43730519079256,14.94617457206192,21.89220531854507,17.742559094782532,0.8733659554908485,1.4647363586577524
479,440,760,439,115.2157450490517,14.613773116099784,20.795521090179264,17.07090021469637,0.8911257307635345,1.4230083445916604
480,811,59,947,198.11142658632255,20.89873419301951,22.443727775628872,21.427121503016934,0.9953880998320803,1.0739276153445414
481,972,132,133,113.17956641212238,15.635578218198921,16.953885833425513,16.196488017208182,0.9952094341162192,1.084314605883405
482,950,816,543,173.87495670524794,17.613022107508716,23.052059731313403,20.406443585081217,0.9529685630919578,1.3088077441000847
483,989,133,134,125.0156320555335,16.00000000000015,18.253200972418966,17.068002582108484,0.9881627138302801,1.1408250607761747
484,748,440,441,84.64045885610444,12.509294668093808,16.000000000000007,14.204260109158236,0.9591350377220751,1.2790489331752324
485,443,718,442,76.80670241174472,11.848427005649496,16.00000000000011,13.682307270447245,0.9326077428870465,1.350390224151365
486,718,441,442,60.62744760838618,11.07091930584178,12.762385557244698,11.89391062291199,0.9864037347134214,1.1527846247158882
487,397,886,396,128.82502895896397,16.000000000000007,20.101063996173263,17.562046020933856,0.9544533432179009,1.2563164997608283
488,445,813,444,177.5171648014992,16.00000000000003,25.611249263296965,21.344011397937894,0.8693983632695959,1.6007030789560575
489,940,703,870,122.08841341372884,15.386174652199099,17.907420978861285,16.891777896131448,0.9840825846467468,1.1638644031836616
490,813,485,763,181.22974297811646,16.864788721255852,23.4994704114127,21.027358767666588,0.9281838750438236,1.3934043764090982
491,339,340,835,119.62375261039834,14.871153073084027,18.021834075049572,16.779823696786313,0.9746684857505004,1.2118652794764184
492,337,338,753,121.23220193653086,15.999999999999968,17.714812630077013,16.778356433153636,0.9927590530407309,1.1071757893798155
493,482,483,877,126.03754400756804,15.999999999999968,18.335299753803316,17.14152075080797,0.9875457304899761,1.1459562346127095
494,877,483,719,125.55926445622589,16.404412463397595,17.661027733831148,17.051567565283126,0.9963811860659072,1.0766022722994426
495,761,426,427,111.14381281738466,14.14311500200213,19.268774360848145,16.47062978761673,0.9307560513284898,1.3624137510103267
496,484,446,719,166.48499792383035,16.661804809157555,24.33795733506182,20.391630328647228,0.9032521400475242,1.4607035440533636
497,890,512,513,140.6716119254254,15.240114963762215,20.359934467406184,18.40772464051313,0.944513975854548,1.3359436274475502
498,484,445,446,194.07164551304965,16.0,28.029189557040738,22.789048964034183,0.8228831963697604,1.751824347315046
499,719,483,484,104.28651942585313,11.881522960149281,20.175128841722316,16.57255984523425,0.8400218789345172,1.6980254896102
500,781,633,902,154.1795765456173,17.38739525908346,20.560676984780354,19.002816948566366,0.9814642894807621,1.182504721288781
501,444,813,747,168.10308132004621,16.935581520864748,22.420784930516692,20.083383396191113,0.9499179316858786,1.323886333805198
502,954,819,922,166.31612271671108,17.166006461165484,22.524982468557088,19.96137953258865,0.9524404556573152,1.3121853658575262
503,450,814,449,124.92516535505008,15.236730807003713,19.53348764652784,17.269046309847024,0.9574490797416751,1.2819999180893238
504,638,902,782,228.16075273365865,19.169296096254108,26.548331773177768,23.550266965577688,0.9331765257158534,1.3849403566970624
505,448,449,917,162.88848757814475,15.999999999999972,22.444002789608867,19.944992902918877,0.9270664195541084,1.4027501743505566
506,760,762,764,129.75544880949735,16.08719605236062,18.418399146001516,17.39010341726441,0.9877973659109412,1.144910467060468
507,853,271,272,177.93054256864264,17.353295963240992,22.80454359750449,20.650450007144595,0.9510838568418096,1.3141332716165695
508,720,641,642,65.26159339221655,12.065106096969236,12.488297346288276,12.280258068879037,0.9992082854645772,1.0350756343058884
509,720,642,643,75.98364334003998,12.348613354030839,15.99999999999997,13.612303566773027,0.9326495163344066,1.2956920377442416
510,929,863,987,232.85042697914983,20.26042184894124,27.31965109234054,23.73783383804425,0.9404496498407913,1.3484245933293928
511,717,746,758,96.03846249549248,14.524855893234713,15.250302087734108,14.901503358674333,0.9984173545312713,1.0499451560712068
512,758,720,643,72.44946829747663,12.348613354030839,13.57665933529624,12.964192173096679,0.9940188737717931,1.0994480874943373
513,588,721,587,104.93727779107911,12.244020760021444,18.85063442574816,16.263762680608878,0.8883152815753037,1.5395787703413815
514,581,721,589,214.18085511275893,19.800188626721106,26.444332033069383,22.78696438879591,0.9388822658992368,1.3355596015576212
515,992,930,838,216.08287794392865,20.201263002798648,28.08694256117343,23.25822582104183,0.9025887740093409,1.390355769205238
516,947,883,916,213.60821279034081,19.762335198872186,24.186970548440602,22.444257957127075,0.9721318885754515,1.2238923338280854
517,917,449,814,171.36578475921664,17.036920476009524,22.36177372814944,20.263223374435587,0.9514196250437117,1.3125478727002389
518,741,882,946,111.79391250483911,15.35934385905099,16.96193902069495,16.10890991010619,0.993254344729208,1.1043400796512266
519,946,882,619,132.43939180372615,15.35934385905099,18.95553924535113,17.70570828751953,0.9671364326364575,1.2341373055582037
520,131,132,969,106.20131587079997,15.0252876764086,16.01726385951254,15.680850511973738,0.9965763639358459,1.066020445296462
521,480,450,451,172.26699886149774,15.570153744810366,25.187653724359112,21.055563768912506,0.8654792437282569,1.617688183249592
522,947,810,811,242.89936467006004,20.89873419301951,25.651249032782566,23.958626234607404,0.9693064246403948,1.2274068274120864
523,827,825,924,177.880595312231,18.862970145512854,23.23640403179223,20.56252067480956,0.9632289658941076,1.2318528764315377
524,452,815,451,173.10590170951244,14.859040855755978,25.387458754575896,21.343641059782783,0.8380866557607556,1.708552994841622
525,453,454,918,113.3276134538819,15.535880635161254,17.1242870794316,16.220055904864267,0.9931090002084361,1.1022411591316825
526,814,450,481,201.6191092965539,19.53348764652784,25.57766681957988,22.074970349391222,0.9428261749051534,1.309426523436352
527,533,784,903,140.06600851664,13.751186184771424,25.14660169907962,19.7644649799059,0.7842122337579286,1.8286860028793666
528,585,586,723,83.77073176301683,12.523700090194636,15.999999999999988,14.138830473223079,0.9579566785044294,1.2775777034557945
529,129,968,693,206.07186914662668,19.650103994013357,25.14808342714285,22.184297414776008,0.95702424882517,1.2797939102411122
530,980,867,687,111.17596006360765,15.566662699587942,17.018073848091255,16.067476938367534,0.9927839573570076,1.0932384273054065
531,953,818,815,264.8232652758217,23.359581372112387,26.581127971227943,24.83962980005801,0.9883834595179419,1.1379111443735703
532,749,948,885,133.44636689221656,16.379079826690933,21.956160860547165,18.23821450092117,0.9076324584342673,1.3405002657577847
533,722,583,750,143.2962669886498,16.722524687557613,19.12423394237929,18.28704389244568,0.9859573743827262,1.1436212114913886
534,826,924,825,196.49199643734687,19.588187847123596,25.621156529612556,21.867133809368866,0.9349987758969134,1.3079901382186747
535,812,18,844,134.43957073621365,16.78575934083552,19.11860436224555,17.71161604162855,0.9864985723591218,1.1389776282407913
536,829,393,961,204.47383716482494,19.281504377117734,23.77088584056301,21.97309294709818,0.9704809530886853,1.232833568151095
537,918,953,815,171.28513275361075,16.467975303703753,24.578180056833705,20.706934793243843,0.8994076428280039,1.4924834172726695
538,539,724,538,143.70716559664962,14.868792462795025,24.973936822136675,19.7319362799622,0.8165471633847338,1.6796210509109557
539,293,294,860,108.59509840532705,15.6229271636,16.27524413192314,15.845259405231099,0.9985066064526981,1.0417538250989853
540,348,676,666,43.85087681821698,8.955053279151214,10.88241148199148,10.165885740910733,0.9729334924713321,1.2152257661411645
541,724,541,542,146.91103638886585,16.000000000000007,20.67428431507522,18.718522803292903,0.9575548283316894,1.2921427696922005
542,816,537,538,162.20485233049686,16.000000000000046,22.562478962540823,19.912155990438738,0.9261456697883085,1.4101549351587974
543,491,492,657,56.587960264396315,7.509132358558475,16.0,12.910628720494126,0.7205274423623063,2.1307388438511308
544,292,293,665,69.86384855828275,9.620387747628481,15.871843027355277,13.456335023242872,0.8555022912738138,1.649813234530785
545,506,507,655,56.587960264396315,7.509132358558475,16.0,12.910628720494126,0.7205274423623063,2.1307388438511308
546,490,491,657,101.19936416289849,13.718358236050907,22.864579682684028,17.268563907219615,0.7437349215298713,1.666713996620782
547,505,506,655,101.19936416289869,13.71835823605092,22.864579682684003,17.26856390721961,0.7437349215298733,1.6667139966207787
548,494,654,493,53.37403138281848,6.81294731433881,16.070515258715954,12.961154191018244,0.6595342187932551,2.3588198348302627
549,540,541,539,178.35843307892094,15.599646480584457,26.215714696971713,21.616870196158974,0.8456566866203755,1.680532615248696
550,352,353,660,101.19936416289771,13.718358236050921,22.864579682684028,17.268563907219583,0.7437349215298679,1.6667139966207802
551,488,489,657,38.89247218841731,6.813990029398856,12.559589030989128,10.29913843172522,0.7996347500515665,1.843206253135237
552,657,492,488,8.75261278149765,2.580387130234778,7.509132358558475,5.634503172730703,0.553910635942719,2.910079759185302
553,676,348,675,41.25245958225702,7.99999999999992,11.596172968032892,10.085455143207438,0.9157174437347453,1.449521621004126
554,691,577,578,140.64114725568766,15.034338314986202,20.396384920780463,18.458660754696826,0.9370425543742156,1.3566533154604736
555,662,668,348,17.837512076800635,5.886651762886604,8.704681167795306,6.88748398977647,0.8390799996781825,1.4787151539480297
556,658,437,433,8.7526127814976,2.580387130234778,7.50913235855849,5.634503172730699,0.5539106359427166,2.9100797591853076
557,671,564,565,72.92218510335238,11.551881529227296,16.00000000000003,13.4313612275415,0.9155687809365107,1.385055755594324
558,435,436,658,101.19936416289927,13.718358236050879,22.864579682683978,17.26856390721962,0.7437349215298771,1.6667139966207818
559,357,358,656,101.19936416290003,13.718358236050987,22.86457968268408,17.268563907219693,0.7437349215298766,1.666713996620776
560,725,474,475,117.15847319566257,16.000000000000007,16.791325218683433,16.45899686690736,0.9983577708623574,1.049457826167714
561,353,354,660,56.587960264395406,7.509132358558387,16.0,12.910628720494065,0.7205274423623005,2.130738843851156
562,241,242,659,56.587960264396315,7.509132358558455,16.0,12.910628720494136,0.7205274423623046,2.1307388438511365
563,859,40,41,118.98168824959096,14.997624104223855,21.999563511961792,17.62192064168676,0.8580317985182276,1.4668699094655897
564,658,433,434,38.89247218841697,6.813990029398829,12.559589030989152,10.299138431725195,0.7996347500515634,1.8432062531352478
565,885,725,749,174.59921734924217,18.889093030650397,21.956160860547165,20.209487419286067,0.9832657012738794,1.162372424389037
566,240,241,659,101.19936416289849,13.718358236050852,22.864579682684003,17.268563907219605,0.7437349215298722,1.666713996620787
567,820,459,460,124.09341111179852,15.108749915485161,19.367179673721548,17.20117335304819,0.9587696187069071,1.28185189258258
568,477,922,819,167.8271968331338,16.870623905057826,23.997590690341106,20.353788087814106,0.9167960749763245,1.422448323511415
569,819,464,884,145.13043060513564,15.161003677315565,23.685065143047687,19.34330692392656,0.8676582185142567,1.5622359605707457
570,884,464,465,99.86337287817622,14.950335180799042,15.460693278375736,15.190677378830115,0.9992376554072525,1.0341369000363387
571,676,675,681,52.81671848143019,10.650930992576162,11.596172968032892,11.06579674643301,0.9948416168408415,1.0887473570259327
572,962,948,465,81.05865522963077,12.068771103091018,14.749565026319212,13.840289079610505,0.9693140667896489,1.2221265032146973
573,920,457,458,149.62960736447675,15.857641146834254,21.877746986841075,19.068449715846015,0.934622288353138,1.3796343847274313
574,923,820,463,138.17104970107494,16.282637367212832,21.672482819857144,18.385615771134415,0.9287458478590201,1.331017962943611
575,574,575,765,168.5794580391376,15.999999999999982,23.643993910662704,20.455674671970396,0.9075506209996989,1.4777496194164206
576,460,461,462,119.86411997144836,14.9850092862019,22.099174200248545,17.694727828816777,0.8570775211060333,1.474752119145987
577,460,463,820,207.376511574019,19.367179673721548,26.755000697638874,22.59822106373919,0.9206289400212814,1.3814608605062682
578,162,974,161,117.87332521800187,15.886423006946462,17.840980772469155,16.575801259805264,0.9878687157095121,1.1230332192884482
579,614,615,697,92.17912877758698,11.703608822222018,18.092098743779655,15.265235855333886,0.8866265040625804,1.5458564122057468
580,749,725,475,139.29603758945402,16.585665382038634,18.889093030650397,18.018776864373425,0.9876317732669994,1.1388806294805784
581,459,820,920,147.2880389335686,17.127590469937868,20.641824808996045,18.6308377453878,0.9738096509733297,1.2051797271324485
582,668,662,125,15.522493128958999,3.5721323352800725,9.593314703537764,7.290042735537714,0.5955971817303711,2.685598909309613
583,822,473,821,261.79151587952225,23.18000094200113,27.3982912659812,24.811243318421514,0.9766750264629472,1.181979730481232
584,471,472,822,161.33690568090987,15.368641757371371,22.40744281560643,20.028242873148127,0.9043747650156972,1.45799760117767
585,379,786,967,128.7409149068315,15.495650991464327,22.390934494411038,18.170041231027415,0.8763346768746637,1.4449818537307617
586,130,968,129,97.65720890737056,13.307157220848598,21.754704823171814,16.664903755511766,0.7747164319088597,1.6348123391138918
587,964,372,373,118.30415529402123,15.940051719054123,17.879952344807926,16.60666802128737,0.98777659268849,1.1216997698592734
588,823,500,501,141.24454260641298,15.034338314986206,20.4103928981576,18.50603910266322,0.9359332443004974,1.3575850476779914
589,822,468,469,156.1161856132785,16.0,27.096938915264793,20.937089167259597,0.78439739166621,1.6935586822040496
590,982,692,682,226.53850898220054,20.76577477463753,24.553180027174815,23.039247675694526,0.9806595765000262,1.1823868983286414
591,866,938,777,237.1338111916221,20.59946132522486,25.77172614528572,23.699317976390017,0.9664566604868218,1.2510873822572834
592,249,250,736,71.68282914321215,9.692198210151576,16.00000000000005,13.638057229281065,0.8538392743854987,1.6508122980029136
593,362,363,361,163.33333333333394,16.0,24.432074970254728,20.337052805760266,0.8865437143016112,1.5270046856409205
594,361,364,360,117.06671500509098,15.073860554659506,20.579083447026065,17.088306009561705,0.9067680201702537,1.3652165198426776
595,652,695,651,86.10731762802834,13.48549228297501,15.407974883262288,14.18630430260797,0.9844233179172305,1.142559319300071
596,822,821,468,312.8007099584596,26.180576738171073,27.3982912659812,26.891935639805684,0.9985319432732874,1.0465121353126918
597,682,681,346,121.8848565401035,14.215706343921386,21.929536903449296,17.767285398390612,0.8640215576316486,1.5426273146691956
598,654,823,501,113.93590605774494,14.573188750208018,20.073386094845855,16.802842906159004,0.9138801028398557,1.377418932734219
599,819,749,476,204.13822388491494,20.362444705146988,23.07838464386098,21.797318647746568,0.9896564819351238,1.1333798558101174
600,921,818,456,189.98468799285587,19.170411174148995,27.210659092639286,22.06956725101361,0.8768822545434702,1.4194092576028021
601,580,581,589,172.17633465854396,16.0,26.444332033069383,21.32523974249163,0.8407004280956613,1.6527707520668364
602,646,647,650,117.06671500509088,15.073860554659444,20.579083447026072,17.088306009561702,0.9067680201702529,1.3652165198426838
603,648,649,647,163.33333333333394,16.0,24.432074970254728,20.337052805760266,0.8865437143016112,1.5270046856409205
604,630,631,824,100.47254905618718,12.931074035408134,18.018687222549726,15.649920419319287,0.9307494159715518,1.3934408830396132
605,730,880,944,125.91339796965642,15.678306520422103,18.23688242039903,17.15101205439262,0.984631915563949,1.1631921085765355
606,623,824,622,152.63489662128194,15.999999999999988,20.92872181976001,19.130756770702263,0.9503197257144269,1.3080451137350018
607,623,628,824,204.56032356154063,19.55483647938343,29.010115444935654,23.16455791469303,0.8527341583416262,1.4835263631849276
608,419,829,945,139.13121578346818,15.950302828060817,22.52512148967312,18.667926098756585,0.9016805153416786,1.4122065099632748
609,626,624,625,144.73706321839177,15.116168797918865,21.05187529610808,18.783436077053953,0.9293459304775238,1.392672679006232
610,623,624,627,169.9072009696361,14.783707310554947,26.029484822077794,21.31402885191152,0.8225859487250459,1.7606872400330758
611,824,629,630,165.0887924395976,18.018687222549726,20.78685367789094,19.627543681367356,0.9861299853749149,1.1536275324140681
612,464,819,923,157.72268785862357,16.30831316149051,23.685065143047687,19.838402579807305,0.9045479617062281,1.4523307780829353
613,965,967,786,114.7308078664371,15.495650991464327,17.151003942020512,16.319754086458257,0.993134528590014,1.1068269381820761
614,943,161,974,168.20108009666257,17.840980772469155,22.279270246065256,19.966494618153998,0.9663705257384138,1.2487693658885015
615,949,901,778,205.3473976762197,21.349012592312278,22.437077990839736,21.792055820324304,0.9981437875659386,1.050965607604694
616,584,726,583,84.08732060257202,12.539375898556347,16.00000000000003,14.160989398461007,0.9587175729099467,1.275980569482896
617,366,832,365,113.92671644414527,14.260120707353261,20.871734968410607,17.04395189192129,0.881927109639149,1.4636436392609253
618,345,866,139,173.43385269900844,15.120440924082228,27.183389435973833,21.750143368264464,0.8042140854027521,1.7977907901269616
619,297,298,935,110.91534750376923,14.090391273666908,19.341956815962355,16.477449363209754,0.9273440893525386,1.3727054444619955
620,866,685,938,172.5152288906526,17.40914694572103,23.0618576442485,20.356821971731463,0.9491410531770466,1.3246977417188637
621,879,423,424,102.45421915046037,13.443489880365734,17.490085418534008,15.644525099633249,0.9558234469507829,1.301007816733536
622,898,985,986,150.8802776518297,16.547530169872125,21.266167101758885,18.96405509359613,0.9589661196665625,1.285156569194714
623,103,104,849,162.8238822114152,15.120729844808622,23.130265924961883,20.26690359214675,0.8867586091280406,1.5297056532560935
624,944,396,886,109.2823941511651,14.51793031063391,16.846257224602628,15.983087200621611,0.9837575114799054,1.160375953331536
625,385,761,384,104.47001338521643,14.152257198229139,19.804975863568597,16.250521339949955,0.8920302398953339,1.399421702571006
626,427,384,761,120.70838719276945,14.14311500200213,19.804975863568597,17.16770358753016,0.9287559332455393,1.400326297337253
627,817,920,954,218.27000275834317,21.13061134378085,24.049049817526313,22.547563004878384,0.9887356584971099,1.138114246969216
628,986,985,994,237.43567051979934,21.266167101758885,25.376890943037242,23.599186725695954,0.9793568271315252,1.19329876519866
629,653,695,652,88.68207247882583,12.286446355012044,16.0,14.564807079424776,0.9535121377187757,1.3022479842980046
630,599,590,598,19.286194083755277,2.4107742604694096,16.180600499825147,11.530458253431519,0.2551807358304953,6.711785821321391
631,826,590,591,132.17908826144128,15.999999999999986,24.406737024225347,19.01514139493042,0.8114624813320089,1.5254210640140855
632,924,826,592,150.0448973063475,15.380559498824837,21.67955277870541,19.150723109633564,0.9261769220117524,1.4095425319450734
633,598,590,826,163.62659692019008,16.180600499825147,24.406737024225347,20.322882702649135,0.8905960277118151,1.5083950082377409
634,593,594,827,161.91668871284992,16.0,21.775924853643616,19.842209740996225,0.9322750779929413,1.360995303352726
635,827,594,595,238.07266967993127,21.750704369345062,25.414467665949044,23.591275370383105,0.9839288303148596,1.1684434321937456
636,985,896,994,224.62521700772214,20.22063705177837,24.678438466890636,23.017859216986917,0.9718421307780418,1.2204580104819305
637,826,597,598,126.29530590045741,15.034338314986199,20.3813105838969,17.525497463877745,0.9349047867664959,1.3556506549796643
638,879,729,422,167.86305457284863,18.263118635554825,21.060906606525148,19.788723190818164,0.9865951776262605,1.15319333060256
639,828,421,925,204.58147838908863,18.702440089268407,25.267246930230282,22.223746811811868,0.9426743137671362,1.3510133870033787
640,502,654,501,51.88563913171538,7.12491333721072,16.0,12.56603402913958,0.692438870319597,2.2456413492692
641,386,728,751,119.97650134212796,14.346707089702502,19.568991110778693,17.05241350900035,0.9381265459421653,1.3640057602364057
642,823,494,830,183.50794903745617,17.71238311934001,24.946360763096855,21.242997239932098,0.9212869319870547,1.4084135711731598
643,981,980,687,105.71502326255255,14.588309444099833,17.018073848091255,15.72285340524227,0.983615968620494,1.1665555843397692
644,730,881,961,145.05625264076684,17.92261552376331,18.976451466116206,18.321098175877058,0.9973572207024697,1.0587992272085307
645,699,316,317,89.50481238542488,13.124250780241516,16.0,14.523524509266467,0.9735695496555234,1.2191172104153867
646,416,412,413,165.66361009424256,14.787676823006988,26.792343210742544,21.328620038745854,0.7978657263291373,1.8118020518989457
647,418,945,881,115.51866292121441,15.211167222239798,18.76655376080688,16.577820287687352,0.9621670252006368,1.2337352871493554
648,789,207,208,129.46799717921897,13.718159761741404,21.208996354344595,18.0771513148054,0.8875149403564885,1.5460525845087763
649,956,728,878,165.4497630946356,19.33141718787218,19.791819876511898,19.54985794303016,0.9996266942351625,1.0238162926269347
650,875,173,174,116.19968433767555,16.00000000000011,16.793939369233392,16.39108574856145,0.9984330939663617,1.0496212105770797
651,169,170,710,98.42155788608083,13.26114850161235,17.47546815539045,15.373249281757893,0.9498444357869941,1.3177944695563664
652,497,495,496,163.33333333333348,16.0,24.319068856563185,20.30837076053621,0.889609494542483,1.519941803535199
653,602,603,780,126.32308859115518,15.331831155851239,18.732512384066982,17.25015580071603,0.9737652722564263,1.2218052882038104
654,885,948,962,94.29530708246763,12.068771103091018,17.188765707665574,15.212205545815841,0.9209367932359032,1.4242349582107194
655,830,499,823,192.21284384870057,20.856569245815326,21.28631576207167,21.071044281748808,0.9997226716794974,1.020604851698827
656,830,495,498,166.97344013201186,18.85004404028125,20.606043425045442,19.677021515225466,0.9945946895739806,1.0931562483892208
657,736,250,737,88.59121655576274,12.124531822514111,16.595098198002567,14.647201166069417,0.9383405269116251,1.3687207424526724
658,347,346,681,69.52511747868053,9.93686433262506,15.84476100216109,13.332443892902512,0.8727995676380854,1.5945433561107418
659,415,413,414,146.90514571661336,15.259570189514745,21.510035316012807,18.947096191430564,0.9266030323283306,1.4096095138245062
660,539,541,724,197.98965527208333,19.35307955495489,26.215714696971713,22.081026189000607,0.9210875847140465,1.3546017119668075
661,750,723,586,101.70617188317254,13.892791329474614,18.4449776669985,15.740558888516475,0.9335991665838773,1.3276653502932905
662,915,811,810,179.5658195435852,18.895730929920724,25.651249032782566,21.208696220918434,0.9021214925326427,1.3575155747039516
663,406,407,408,180.85863181019303,16.0,26.506122878788574,21.738873218798858,0.8498883062303634,1.6566326799242859
664,143,976,142,137.66705896789713,16.000000000000227,19.197595318672196,17.988455888138414,0.9764617886215914,1.1998497074169951
665,404,405,732,108.28695550415927,15.641166999802898,15.999999999999968,15.815897336323788,0.9996558218551975,1.0229415746409198
666,502,493,654,3.738119325043888,1.1205806953520645,7.12491333721072,5.019480448967198,0.2630984632999436,6.358233161398709
667,957,391,927,130.8151791115446,15.72645048955632,21.239511246588687,17.93080333024127,0.9233335438745143,1.3505597630370247
668,780,980,981,117.58311378667325,14.588309444099833,19.577597933385547,16.885727085814064,0.9384566503808904,1.3420059403321476
669,392,927,391,149.75314281287902,15.999999999999943,21.239511246588687,18.961978653375414,0.9491549783952473,1.3274694529117976
670,393,880,961,172.1938543333297,16.99914895539637,22.866888623613796,20.370100692962417,0.9444337541527414,1.345178437086094
671,466,821,962,129.49058517639736,13.96088849745714,21.430122194751107,18.073589952299347,0.88938487828366,1.5350113424839993
672,829,927,392,189.71411427357418,19.64642471353762,24.13011339627226,21.25733270473354,0.96075848411737,1.2282190652045253
673,886,752,411,214.2909665182823,21.015771879563065,25.78646834578312,22.618874143743483,0.957906565914411,1.2270055315388797
674,961,880,730,140.55087381864018,16.99914895539637,18.976451466116206,18.070827613970536,0.9919568561564299,1.1163177354294633
675,138,139,866,98.12941487219669,14.516524831523515,15.581259867509669,15.072741874371806,0.996668747503798,1.0733464137142532
676,394,395,880,95.0688691858871,14.144553448988871,15.618491491596423,14.854409270386,0.9933721016744496,1.1042053429203815
677,617,618,741,121.64264715761124,15.999999999999998,17.471972564514058,16.793215678796866,0.9948363858673612,1.0919982852821288
678,703,940,205,136.54332092838078,17.53125658921328,17.907420978861285,17.759878866506714,0.9996611869412231,1.0214567842147408
679,245,861,244,126.98403029078781,16.0,18.483998137989968,17.215737112457983,0.9860317981626381,1.155249883624373
680,816,538,919,156.16553639182925,15.55884438748723,22.562478962540823,19.624291358591815,0.9155306164450739,1.4501384807657098
681,821,885,962,161.57463060055903,17.188765707665574,24.77198120715496,20.263502026503442,0.885853668950404,1.441172776943928
682,395,944,880,121.22252037042531,15.618491491596423,17.53784722235673,16.79246652776356,0.9903027327440052,1.1228899559085475
683,752,398,731,133.53935204106966,13.935327768236979,22.927786763106823,18.69208703331558,0.8495585655634476,1.6452994249167574
684,996,682,937,225.52976787933363,20.426874801566175,24.439281913266942,23.029246004328616,0.9758280364060676,1.1964278505977393
685,398,752,397,172.75437205113207,16.00000000000005,23.132611561791908,20.686799441632925,0.9089279900418772,1.4457882226119898
686,886,397,752,196.68546676525386,20.101063996173263,23.132611561791908,21.42935258794981,0.9856917009705883,1.150815278544249
687,378,966,787,155.44907585197214,18.214768595646,20.68258984728366,19.057926343396534,0.984827670878344,1.135484633728894
688,398,399,731,88.94770786002262,13.46730678478156,15.999999999999888,14.467544851006144,0.9757523060214457,1.188062339092204
689,402,403,831,111.52563557879199,14.949403206834958,19.91789824873927,16.630174490397163,0.9134272773838409,1.3323540728122636
690,402,409,401,175.22621324429267,14.826730689844391,27.801575061443387,22.08853151326211,0.7824800068355378,1.8750981347820765
691,986,774,898,182.31765505618134,19.078468009157373,24.215272174770327,20.954717758650727,0.9473253985224906,1.2692461555690617
692,452,918,815,205.13737613345805,20.04581132000233,25.387458754575896,22.169306364590767,0.9535289600338697,1.266472000025437
693,457,920,921,150.09866069131797,17.032926304760753,21.877746986841075,18.999753903694355,0.9488669904130866,1.2844385395318818
694,921,817,818,200.29440489369566,19.827631486252542,23.831368787916897,21.701092869597616,0.9766026980255789,1.2019271592999063
695,404,732,831,119.9515632396016,15.641166999802898,17.638224269437192,16.70364172766192,0.9904597435436453,1.1276795567529878
696,602,981,601,95.32058449550777,13.956515183135181,16.0,14.909674159170159,0.9871289071459564,1.1464179840060742
697,829,961,945,132.24731338491802,16.069182748715328,19.281504377117734,17.626347034789628,0.9775916370001225,1.1999057250537037
698,831,409,402,169.56343595865965,17.38667814058057,23.63728878849855,20.313955059272796,0.9340319304267324,1.3595057432695572
699,370,832,369,132.57352754105477,16.0,21.84999890032302,18.171599904746746,0.9083787842402696,1.3656249312701887
700,365,832,370,112.71900161170618,14.260120707353261,21.84999890032302,17.313502245970337,0.8384812170398789,1.5322450173269586
701,832,366,367,221.92432186792328,20.871734968410607,24.951523079843227,22.826982197710844,0.9783390601461917,1.1954695245798868
702,537,963,536,106.62521390167518,15.120196364554312,16.00430730013161,15.70816788822863,0.9972500622954851,1.058472186092099
703,832,368,369,111.66664398099424,15.034338314986206,16.664800813917214,16.11052130583825,0.9913692983273341,1.1084492356611242
704,412,881,730,156.10006191231156,17.752849990400325,22.663089763896032,19.44618509268655,0.9404290902897818,1.2765888167900292
705,955,729,956,159.2612149053332,17.195399687919352,21.39749208152802,19.406256764506747,0.9689864002473191,1.2443730573218867
706,728,387,878,183.8987207014867,19.33141718787218,22.811855304527114,20.77656117220427,0.978881048728813,1.180040505195782
707,337,733,336,82.23205551703079,12.928210631231133,15.999999999999968,14.01725811998852,0.9569237435592426,1.2376035985481397
708,679,664,126,53.6481940604792,10.365097012902574,12.609523836338594,11.266446226645705,0.9689156772393783,1.216536981819093
709,446,447,719,127.0125682879738,15.505780073019599,20.587621712210765,17.58506886479597,0.9342535750211526,1.327738534614823
710,833,338,339,111.5909475638846,15.163697224684205,17.194004318827744,16.119233847837332,0.9891926270630894,1.1338926162966712
711,62,745,883,194.87215442742956,19.416524917155826,23.352359367652276,21.397019600101647,0.9774624859299198,1.2027054000285535
712,193,705,192,117.09121486420798,14.680887021094854,22.54046869988503,17.740451906993297,0.8281245015531974,1.5353614987634467
713,928,331,332,117.30432784458284,15.023970034576799,17.803140293889665,16.577170258196293,0.9810219248208304,1.1849824149620085
714,320,839,343,113.1949481418628,13.548866050744593,20.42322862527923,16.92615632897742,0.8880162895324604,1.5073754917044773
715,30,661,29,45.820674613592345,5.728737908827206,16.886080571161415,12.871606159996245,0.5530977181166595,2.947609201171913
716,436,437,658,56.5879602643967,7.50913235855849,16.0,12.910628720494167,0.7205274423623068,2.1307388438511268
717,358,359,656,56.587960264396514,7.509132358558455,16.000000000000057,12.910628720494174,0.7205274423623026,2.130738843851144
718,734,754,334,103.96101618048195,12.574161616567785,18.080357422553114,16.00238523472998,0.9162219813229893,1.4378976486774542
719,333,334,754,118.21045382508504,15.79507451145347,18.080357422553114,16.625143978002182,0.98390447187705,1.1446832624589722
720,666,662,348,21.67156181132021,6.071119038647499,8.955053279151214,7.398774487938151,0.8912663356629108,1.4750251514004553
721,968,969,970,131.95096713153222,16.583091341391743,18.47843538665547,17.508325422425408,0.9921421090578915,1.114293771061425
722,443,759,718,59.11400977444547,9.34714382840231,13.823509891083331,12.123049508392592,0.904773935233479,1.4789020202170313
723,524,774,899,139.59746711080302,15.480618128104384,21.66850932467366,18.50500425427703,0.9242030553139956,1.3997186123553704
724,115,836,114,146.72376210160033,15.31846619864305,21.842915430168354,18.971928708990294,0.9224388031909685,1.4259205293088193
725,864,937,682,163.31949102825217,16.643757569007025,24.221581298152735,20.214229283554676,0.9017147527572346,1.4552952479466934
726,304,803,303,118.12482697036047,15.345683106338928,25.004581899267134,18.783421668535343,0.732854666339931,1.6294212337108898
727,111,112,837,108.02146719061443,14.4777517379713,20.18226413713499,16.536300513412026,0.8905238269049344,1.394019216685576
728,802,313,803,218.3655055450555,21.590044928923238,23.512298063066453,22.498412191613046,0.9950544048068852,1.0890342350130109
729,836,115,116,156.9103423164961,16.0,26.861232962151906,20.871879153437124,0.7948067540790704,1.6788270601344941
730,704,192,705,81.20059916206118,12.154406163052895,14.680887021094854,13.837225371511977,0.9722113931767804,1.207865429552781
731,671,565,690,76.63452079322695,12.742202153397173,14.11952010713903,13.341805674197522,0.9923965745649006,1.1080910455791704
732,734,334,335,86.26578254973845,12.574161616567785,16.00000000000005,14.32219553143571,0.96203700729258,1.272450640281127
733,685,684,683,87.49716264893995,12.592155351200999,17.56885722639848,14.726610405385209,0.9132867939750736,1.3952224012803989
734,838,86,87,178.41281233621146,15.345243479363363,24.695030055235016,21.44434693485871,0.8611041837014309,1.6092954203330472
735,117,678,863,150.47883037228874,16.766352639012165,21.28706385403842,18.925450843333806,0.9610525799025391,1.269629973337636
736,678,74,995,131.2598010232063,15.935662600357398,20.808783169481206,17.843468875573198,0.9387596540290953,1.3057996828456016
737,822,469,470,141.51213513611702,15.128278258945846,20.722119367150704,18.521575404203514,0.9364797821443995,1.3697605908918973
738,441,718,748,63.82949426808277,11.07091930584178,14.10348565938089,12.358959701597314,0.9548330234712177,1.273921818935029
739,340,341,887,113.51736687343436,14.88590004380885,18.375832157008173,16.40082043986603,0.9669317182928073,1.2344454888806546
740,207,789,997,198.71167488778988,19.252378458078496,25.160320705898176,21.873898506107086,0.9471609517994405,1.3068681753106015
741,320,321,839,96.53385183506678,13.548866050744593,16.469035587940763,15.072865314947421,0.9751322169214051,1.2155287037497642
742,123,869,122,115.43379836541746,15.999999999999886,16.55576210564686,16.33258693311552,0.9991457553811874,1.034735131602936
743,834,321,330,212.11319746943784,20.72386103673756,22.986589521955228,22.203782718472596,0.9913989242007917,1.1091846968673689
744,346,347,686,102.06857360406866,13.765217209267494,16.939132763741476,15.516370325056684,0.9720675751578157,1.2305750433300195
745,834,330,331,122.58019041591868,14.856846387853532,22.986589521955228,18.128224733515847,0.8303925031440258,1.5472051687058102
746,323,329,322,163.33333333333303,16.0,21.978498061985874,19.952295104436956,0.9292843962098287,1.3736561288741171
747,321,322,330,163.1290162385106,15.523213698320841,22.900897596725002,20.134203119010575,0.9052567233171519,1.475267817720129
748,154,155,709,95.85710168904563,11.524212370928215,18.678406177297923,15.704089454530342,0.8651569585628139,1.6207967691065273
749,928,754,887,169.95071298058343,19.163696562161576,20.337979988523834,19.829288780225614,0.9975638988171432,1.0612764568961535
750,328,323,324,163.33333333333303,16.0,21.978498061985913,19.952295104436956,0.9292843962098287,1.3736561288741196
751,750,586,722,116.84782011868512,14.739076115596804,18.4449776669985,16.635526156717642,0.9670828575893844,1.251433775247292
752,324,325,840,117.46118868703304,15.663303670373736,18.537457605140585,16.64630798084693,0.9726638961786912,1.1834960232689065
753,17,18,812,117.01456074926989,15.410803256233054,17.23048442180458,16.49259754207915,0.9912579464971363,1.1180782815351002
754,931,89,90,129.02419563537478,16.0,18.102324607310738,17.336153141765664,0.9884798220618666,1.1313952879569211
755,840,326,327,119.32716030487427,15.152123669797174,20.00756451129177,17.053229393696313,0.9332121301766249,1.3204462257111178
756,969,968,131,111.3736280262184,15.0252876764086,17.463449539229007,16.135324778362975,0.9840953829643238,1.1622705611586124
757,763,762,747,115.14917671848971,15.801435125066158,16.998083636486033,16.330447353585512,0.9962306936393527,1.0757303689157705
758,938,685,683,187.04118285846155,17.56885722639848,23.0618576442485,21.211854997714305,0.9460642327957554,1.3126555328593819
759,760,764,486,156.54920896340798,17.664715053431088,20.350119388685016,19.108741569151366,0.9868123147289938,1.1520208125141724
760,476,749,475,132.22037574892434,14.78767682300704,20.362444705146988,17.910564569528425,0.9361015235349526,1.3769874030156368
761,582,721,581,149.43496777572454,16.0,20.9259638675021,18.908717498074402,0.9533791490247538,1.3078727417188813
762,121,122,694,92.8323462028472,13.498050119298505,16.000000000000114,14.749226068433648,0.9808043518847029,1.1853563928559214
763,582,583,722,107.38644676797223,14.715005462087085,19.12423394237929,16.207970689707,0.9290019030782728,1.2996416475449157
764,887,975,835,195.78977384203915,20.401989594673463,22.715636865018272,21.336539852872153,0.9910533936320134,1.1134030217792512
765,332,333,754,116.51042540067685,14.79841225324642,20.77939209230197,17.124292952333953,0.8966381262975223,1.4041636181437953
766,118,74,678,66.14393892387471,8.52251634652547,16.281995308204067,13.580058085028979,0.7745015944299435,1.910468064381249
767,109,838,842,211.68261874593134,20.754376682109395,25.301645577279125,22.419832324972077,0.9645350946547028,1.219099275532064
768,842,87,88,133.1506957084548,16.0,19.769494095419972,17.74880584539306,0.9687268423770184,1.2355933809637483
769,211,790,210,164.93994232126144,15.66542319127249,25.070029978095896,20.631309349559096,0.8646667225175788,1.6003416998056519
770,75,995,74,128.89280135940578,16.00000000000005,20.808783169481206,17.722405950908463,0.9335061007163428,1.3005489480925714
771,118,678,117,115.61501650987884,16.0,16.766352639012165,16.34944931573874,0.9984921464193854,1.0478970399382603
772,907,181,797,92.91460761245281,13.828510391122816,16.524059179320993,14.81185820765858,0.9715184346795881,1.1949269091144177
773,76,84,841,195.9375668569393,18.785962508998715,26.691966384808072,22.148898226767482,0.9019527079483995,1.420846356529365
774,77,78,83,163.33333333333303,16.0,25.892633106827716,20.76981318284735,0.8424239295874141,1.6182895691767323
775,726,750,583,106.16569004481394,13.943592296826646,19.014373047400138,16.133003296423297,0.925907824218624,1.3636638710189144
776,718,759,748,50.069081456252555,9.34714382840231,11.90247413956927,10.914188856315535,0.9605758385326718,1.2733808699297333
777,76,77,83,163.33333333333186,15.999999999999886,25.985833089436664,20.80087984371696,0.8394025277961544,1.624114568089803
778,386,761,385,106.08459167932058,14.152257198229139,19.803585306037732,16.332243230873097,0.8977386188287426,1.3993234456278636
779,841,75,76,140.52911404916395,15.04358624270847,20.968765786495652,18.498197860221868,0.9311925188686759,1.39386748932018
780,526,776,525,114.82985836252469,15.999999999999943,16.842408025776045,16.298571133200802,0.9977291422949408,1.0526505016110066
781,84,76,83,186.74656465915382,14.791561269779693,26.691966384808072,22.48978691467481,0.8053570945000079,1.804540163001037
782,761,727,426,92.4919373490356,12.65577744008145,19.268774360848145,15.513817001069782,0.8600133729349843,1.5225279088602663
783,593,924,592,112.57584926040055,15.380559498824837,17.14354828097742,16.17470259326742,0.9917167154245177,1.1146244895894253
784,930,86,838,253.23205764770768,21.23465873759153,28.08694256117343,24.672210451333324,0.9485365493284188,1.3226933810549713
785,777,138,866,138.89464784004423,14.516524831523515,25.77172614528572,19.873445197136938,0.7706702389684713,1.7753371722494389
786,790,211,791,270.19260898415325,24.356388401933447,25.556021617831608,24.99414666595365,0.998452679843861,1.049253329192391
787,79,82,78,163.33333333333303,16.0,25.89263310682781,20.769813182847383,0.842423929587411,1.618289569176738
788,320,344,319,163.33333333333303,16.0,25.62308717710448,20.682105267461235,0.8510553847469748,1.60144294856903
789,857,933,932,230.64533278421902,21.76484962091907,25.591382740308802,23.270822770901066,0.9785950595703697,1.175812522762018
790,659,242,238,8.752612781497195,2.5803871302346977,7.509132358558455,5.634503172730633,0.5539106359427013,2.910079759185385
791,771,773,894,230.64114285373552,19.827951510272754,28.650650890718453,23.983075394890495,0.9054048146063253,1.4449627272829826
792,566,893,690,196.3055955923695,18.962387673503738,24.91980481526625,21.734848552115665,0.9476268841805714,1.3141702007330462
793,229,843,228,118.36583237232026,15.461552703385689,18.74646142445826,16.736004709281318,0.9687806074477715,1.2124565872581
794,152,913,151,91.2765174927097,13.643040835881123,15.098838754471148,14.560991946368548,0.9922152088861725,1.1067062641021554
795,170,876,200,178.80777657335835,17.777347521133716,22.964945584144886,20.64829649162408,0.9581149086835228,1.2918094533981603
796,896,771,994,287.20981083560906,24.678438466890636,26.668079107108085,25.793714615068776,0.9959131436431704,1.0806226310828706
797,238,239,659,38.89247218841664,6.813990029398748,12.559589030989176,10.299138431725185,0.799634750051556,1.8432062531352733
798,39,40,859,106.65535252915984,15.314294527195672,15.92119825204141,15.70135569603724,0.9987917889389153,1.0396298846001673
799,859,661,30,93.9400205918969,11.620212565646876,23.094691608406066,17.200328248404784,0.6825510836044646,1.9874586181565628
800,494,823,654,123.30881626189327,15.76195387342314,24.946360763096855,18.926276631745313,0.7566804434401322,1.5826946940353575
801,875,993,876,147.06799816254468,17.092422788826582,19.61259984533022,18.51705896250885,0.9873393788766095,1.14744410945364
802,141,991,937,152.90792303380476,18.326303178827636,19.46672672321341,18.810443693047162,0.9973489359256912,1.0622287830370123
803,868,893,571,193.4309129871893,20.363095446820868,21.816584042825152,21.160893190087588,0.9967955863076506,1.071378568145503
804,856,932,933,220.61864849507015,22.456235951475332,22.669758300047324,22.572555253287433,0.9999389874137098,1.0095083766056512
805,804,910,305,269.14396189635664,24.329721294952417,25.979520070172036,24.963626945075145,0.996556229786293,1.0678100153807308
806,226,227,843,117.57411568188435,15.124203645636532,19.248212686761,16.790805444132513,0.952460027164745,1.2726761115990581
807,85,86,930,162.25458986224345,15.999999999999888,22.48655907085878,19.907072602816733,0.9270769417710156,1.4054099419286836
808,19,21,844,198.63450450666534,20.182264137135,22.933062515115836,21.507590165515026,0.9889706994936344,1.1362978087735665
809,20,21,19,87.14470095754253,11.881522960149212,20.182264137135,15.621925735640845,0.7865574265212998,1.698626026716153
810,925,729,955,158.1214151160755,16.608031776771984,22.430226218682304,19.55471217317572,0.9410543923734576,1.3505649868790142
811,952,993,799,228.89763583506416,21.60134970067569,23.82202464459073,23.058129364696757,0.9922610791867338,1.1028026014432597
812,21,22,844,140.5788879997451,15.353029230025733,21.407443844294246,18.521229996551053,0.9297449679205249,1.3943465829158956
813,15,22,14,148.73645943032844,15.999999999999943,22.511278292013266,19.13176291665769,0.9205914052697858,1.4069548932508342
814,812,844,16,170.42582909862884,18.430426073842973,22.946323431014367,20.16511795570096,0.9586026207707653,1.2450240346630126
815,18,19,844,134.2534679305899,16.00000000000005,22.933062515115836,18.572940618650467,0.8744444995413223,1.4333164071947353
816,910,911,802,203.76385984462718,20.9278799489375,22.75555596441823,21.73359013321959,0.9950170554372937,1.087332114860183
817,101,99,100,148.6928643958653,15.358917926242487,21.84505660307178,19.088018417558754,0.9235010566677634,1.4223044037332195
818,956,729,425,158.64966795967285,17.737183088601267,21.39749208152802,19.333988174268075,0.9740545105723358,1.2063636020805941
819,857,31,933,234.07755474688122,21.996671367257136,25.591382740308802,23.41680413398691,0.9814700617683645,1.1634206972970704
820,14,23,13,105.10654189488233,15.379213007104982,16.000000000000057,15.588205753599292,0.9985856691626865,1.0403653290066455
821,14,22,23,96.15273824274921,12.559589030989104,18.884010457959857,15.609667914213935,0.8869676144250648,1.5035532143102843
822,13,24,12,195.61620988675963,16.000000000000057,27.544374944604815,22.740238170279895,0.8347233921044966,1.7215234340377947
823,24,13,23,119.54271162432096,15.379213007104982,24.67633956623481,18.685184191113226,0.751938146214936,1.6045255082190932
824,951,976,793,147.27336332349057,16.640824135067874,19.659303861080804,18.58659317077852,0.9791345836212261,1.1813900382284535
825,994,772,986,250.7985956972464,23.36133424485865,25.376890943037242,24.118211358462943,0.9943405947800664,1.0862774650220235
826,709,912,805,214.43063425700834,19.16801006015133,24.924071485894828,22.63870372817703,0.9546414105292734,1.3002952005805684
827,955,956,926,154.62234945855158,17.195399687919352,20.728795155101047,19.06070209044969,0.9772157595062265,1.205484928022004
828,373,374,787,128.8934391894649,15.865525360474702,21.387414310826166,17.872914489970213,0.9140449867983945,1.3480432462771121
829,304,305,802,189.83184875100886,15.999999999999968,28.42986941502606,22.72043526072405,0.8081371982663338,1.7768668384391324
830,640,758,746,115.60120182859005,14.929352095054178,17.830122584084243,16.46712128151474,0.9794036641754683,1.1942998243032288
831,84,85,841,146.98444303153352,16.000000000000128,21.99015737377789,18.92537329425891,0.9321348163540664,1.3743848358611073
832,959,988,858,122.51434580434989,15.98868432553569,17.851425593978092,16.873277755086225,0.9917437847312518,1.1165037241661842
833,848,106,845,243.24835512981088,21.905874533977087,27.842486747100683,24.17931238915915,0.9497518491468225,1.2710054877706716
834,468,821,467,177.35946184544835,15.2006943061568,26.180576738171073,21.651215849951935,0.8346909005936072,1.7223276918059622
835,2,801,1,114.61260293312765,14.989765024357194,24.099493720482982,18.269268622681366,0.7544139159609768,1.6077299198034922
836,735,931,108,77.27473301041321,11.972804182525037,14.360516136354263,13.478714536154897,0.9761386723942502,1.199427963360014
837,773,892,769,204.97890979833238,19.51077314436428,27.221363947924385,22.619781362721763,0.9056803220549896,1.3951965791672034
838,848,91,92,166.4633294417299,16.0,25.261749755763056,20.712342515970263,0.8671802134693416,1.578859359735191
839,283,807,286,100.71227271274273,15.124203645636644,15.461552703385722,15.252936682323577,0.9996166123310771,1.0223052443390237
840,88,89,735,113.17560442888225,15.54545139493336,17.07201720393024,16.205822866287864,0.993649539842142,1.098200159661779
841,91,845,90,153.52863554696614,16.0,20.95206051281898,19.196782119072584,0.9489261488548839,1.3095037820511863
842,524,899,523,95.30164962307686,13.389962969160855,16.0,14.956860365755078,0.9782626083305535,1.194924887906745
843,424,729,879,124.36014398506963,13.443489880365734,20.042144330374512,17.618599483839834,0.8997242557312883,1.4908438589034934
844,987,863,678,173.6041900446275,18.72293603695083,21.34191561008063,20.10842449865757,0.9887010591002441,1.1398808161263323
845,745,916,883,212.7486461906036,19.416524917155826,24.186970548440602,22.45431417970113,0.9655711211621073,1.2456899806550739
846,836,116,863,236.08313495144066,19.99165042497678,26.861232962151906,23.847737326626074,0.9450126663073568,1.3436225819851542
847,931,845,107,160.9107635696147,16.106886334387024,21.748321278669973,19.734352925901494,0.9382826925416414,1.3502498761811523
848,896,773,771,302.2818243248296,24.997166815117016,28.650650890718453,26.560814659014355,0.9862257008079021,1.1461559264945176
849,848,845,91,224.92427076709737,20.95206051281898,25.261749755763056,23.001128718327237,0.9760799747063932,1.2056928596739829
850,98,101,102,162.6103261632302,14.803133619317759,27.288257029363937,21.36819142527067,0.7778424142147127,1.8434108433469365
851,934,861,959,127.61992843473836,16.259614933780217,17.786728490476587,17.206061529668304,0.9940016690738329,1.093920647131914
852,849,97,102,269.2684412585548,22.34332154559218,28.925245911749837,25.39810366780942,0.9531776492844262,1.2945812847354434
853,174,175,983,120.35739389150855,15.852244965594934,18.639986956477497,16.830743974024166,0.9755689086512064,1.1758578672568436
854,24,846,12,195.24358882229313,18.168373464801178,27.544374944604815,22.40868605823709,0.8717987923489224,1.516061688073971
855,24,25,846,114.5233197866753,14.792624879204778,21.513309765305284,17.263478414497342,0.8611121909806402,1.454326729771153
856,846,11,12,132.9076239691503,15.999999999999886,18.72853938005009,17.632304281617053,0.9828820125899863,1.1705337112531389
857,846,27,11,136.59806777686444,16.774742525016205,18.72853938005009,17.814913994535257,0.9919637123338233,1.116472539123637
858,991,142,976,150.90877042629026,17.507280221309074,19.475550477182047,18.726808672387772,0.9916318434899098,1.1124258154888778
859,102,103,849,180.1120707864494,16.000000000000128,24.925743546086235,21.35200315701608,0.8835596955186108,1.5578589716303772
860,94,95,847,180.85638463903007,15.999999999999968,24.549620173975974,21.35100711565671,0.8879706378354172,1.5343512608735015
861,836,929,958,279.7743194512304,21.433060330284746,29.501092043309132,26.05041195937186,0.9361848146931738,1.3764292914168827
862,848,94,847,285.5108583306373,24.549620173975974,27.199107014741728,25.74956468094472,0.992650093666082,1.1079237406521818
863,93,94,848,176.40941746095265,16.000000000000128,27.199107014741728,21.7501397248074,0.8246677368842845,1.6999441884213444
864,27,28,11,64.94107593802892,8.117634492253615,17.94146007853947,14.019698190264362,0.698867004278457,2.2101832862344817
865,849,847,96,257.80708021588094,23.3033941285345,26.76445572518388,24.560030811368506,0.983057931285607,1.1485217808856172
866,105,847,104,174.85773350621997,14.783399953163341,26.60708792614656,21.729785529416343,0.8114893686534258,1.7997949058026528
867,992,979,929,163.0337054580626,17.47110701783205,21.85767620509905,19.65390176006885,0.9666921141082397,1.2510756291968108
868,788,997,996,191.89812389909272,20.57166104680025,22.068285166014938,21.087021436737338,0.9955641666217626,1.0727517391915942
869,849,104,847,248.30375374771114,22.549715006669746,26.60708792614656,24.15339902045027,0.9777342190424715,1.179930119661234
870,959,936,755,157.02786895420772,17.381725940748026,20.062719936259754,19.1603691346107,0.9835603805884372,1.1542421048778975
871,794,905,145,141.44764492056802,16.276597306810608,19.9494746689932,18.25885211812657,0.9731372356149536,1.2256538816405904
872,318,300,669,41.4830489608053,6.28135495582138,13.58130332347178,11.14484414870068,0.7042413360096211,2.1621614156488667
873,92,93,848,148.54686777099948,14.791819707752477,22.051312159680343,19.23946988652685,0.9021132933512351,1.4907775104994772
874,404,831,403,109.47393968065292,15.02322201561726,16.831533913745666,15.951585309787644,0.991450914419493,1.1203677810424815
875,949,607,608,163.74184417577095,16.000000000000057,24.32087964324059,20.32929847141146,0.8900121025446487,1.5200549777025316
876,970,672,693,196.56323976835557,18.977393248396385,24.270625410601532,21.636458826407544,0.9601041322474771,1.278923037159091
877,762,763,764,118.42464709489539,15.801435125066158,17.996406660746576,16.628345946057788,0.985722588367487,1.1389096318345469
878,296,297,850,132.03030717648818,14.795825902230641,20.638878564084656,17.94109293122861,0.9305337870544163,1.394912234062791
879,494,495,830,127.43098195313888,15.058560312969162,19.574977080349708,17.448640170886293,0.9558275050574236,1.2999235433875302
880,848,105,106,186.35936817446543,14.815746915471752,27.842486747100683,22.660032819056763,0.7892474144984912,1.8792496190674934
881,60,947,59,151.46900237011505,16.0,20.938902540402427,19.04845068802223,0.9516383776195401,1.3086814087751517
882,59,811,58,151.94825939139963,16.000000000000114,22.443727775628872,19.287607218898682,0.9260273878119043,1.4027329859767945
883,660,354,350,8.752612781497055,2.5803871302346173,7.509132358558387,5.634503172730608,0.5539106359426947,2.910079759185449
884,350,351,660,38.89247218841768,6.813990029398821,12.559589030989304,10.29913843172532,0.7996347500515564,1.8432062531352724
885,799,983,909,166.8634739130551,18.580264193365334,22.52611134575284,19.915613083725443,0.9632913521741899,1.2123676558806142
886,966,965,964,129.50397645509412,16.158272506106115,18.280722671085655,17.36044949825587,0.989743987712587,1.1313537795687922
887,724,919,538,165.76812237250124,16.052097019367583,24.973936822136675,20.592528189083882,0.875366098295545,1.5558052503672566
888,897,523,899,74.41672527470648,12.77090358143116,13.389962969160855,13.11700089447225,0.9984650806297364,1.048474204176892
889,292,665,299,20.390360179088916,4.247053796901405,10.274039462915715,8.0471603358152,0.6535817154239092,2.4190980275341745
890,709,941,872,125.25606563324156,13.90248998680909,20.953695731476326,17.71960302323922,0.8971148464909671,1.5071901329443527
891,156,941,155,104.14546991911259,13.685842433676122,17.555157003556356,15.746999812410868,0.9601524890978032,1.2827238870118212
892,860,935,665,101.69656157287179,14.213766331933167,17.303711008814226,15.504459830091095,0.9700517626365679,1.2173909859443148
893,431,900,430,118.81851634383088,15.407937837839254,19.03133380990789,16.813090549249047,0.9621347246737968,1.2351642387322068
894,408,831,732,161.7796766854434,17.638224269437192,21.67120490230807,19.547089377824438,0.9708735156355603,1.2286500370595166
895,298,299,665,74.99061835624434,10.274039462915715,16.0,13.77992084917151,0.8827902876043722,1.5573231987040947
896,443,747,759,82.1454610804137,12.167863463576818,16.340704728283903,14.110692694314684,0.9388870823102672,1.3429395207464345
897,165,809,164,116.96150914510679,16.000000000000128,16.9129638875227,16.447779374734342,0.9979403594578272,1.0570602429701603
898,135,777,990,165.97786535005147,18.11893137025796,24.417516194786273,20.32125061357704,0.9096985444188762,1.3476245202223887
899,81,79,80,119.89645102713729,15.55030453602651,20.41680644171445,17.179796987137525,0.9217815246324853,1.3129521929563093
900,105,848,847,267.1654556637567,23.79886870893912,25.49996685411645,24.873566785884474,0.9963103619140579,1.071478109568224
901,811,56,57,128.38597743724256,15.836945283855888,18.437398649700775,17.31921842514154,0.9845459925367092,1.1642017017319481
902,265,808,264,114.61260293312647,14.989765024357174,24.099493720482894,18.269268622681285,0.7544139159609755,1.6077299198034882
903,791,211,792,149.63750716915484,16.637031705347095,24.356388401933447,19.661067954080423,0.8685235663829589,1.4639864149627948
904,937,140,141,134.31087149369807,15.034529108566987,19.46672672321341,17.934809759872966,0.951851615345171,1.2948012260737094
905,865,973,683,170.44534424032918,19.181527470136402,20.59241669837797,19.865306355122623,0.9966162866080949,1.0735545816378895
906,850,960,295,165.32223837918391,19.09246620462137,20.526423780750747,19.57545576949818,0.9951640359097499,1.0751059376384955
907,953,454,455,126.13772059789042,15.527473010291551,18.100300171885703,17.180996413216537,0.9822739428958398,1.1656951623673015
908,298,665,935,93.54104931963282,14.090391273666908,15.065723084598817,14.71733883593054,0.9964316616105311,1.069219639965192
909,253,674,934,96.7210612100201,14.009118675262906,15.666791723492002,14.994610787893215,0.9912237321709476,1.1183281465918473
910,865,970,971,126.25606775976156,15.048172469021793,20.380880717829626,17.52217609573589,0.9350167876514298,1.354375806084477
911,850,935,960,136.1830065693403,16.186182689354037,19.09246620462137,17.855952936274722,0.981783301351973,1.1795533617187486
912,945,961,881,115.1968745186869,15.211167222239798,18.06422753775167,16.448192502902263,0.9781751647209099,1.1875635363038082
913,293,860,665,102.41893886395482,14.213766331933167,16.27524413192314,15.453617830403862,0.9871306132498547,1.1450338884042708
914,986,899,774,154.57871928948688,16.86050448505469,24.215272174770327,19.813887323292686,0.8865783807923068,1.4362127892575796
915,373,787,964,152.7885475346273,15.940051719054123,21.387414310826166,19.185421546428934,0.944534387111161,1.3417405845214716
916,763,747,813,169.68644516077288,16.998083636486033,22.717817170331212,20.203228181336385,0.9468726468151983,1.336492845673961
917,816,950,963,117.16840541706505,15.453118607064054,17.613022107508716,16.52087566176466,0.9885709798547366,1.1397713662443067
918,175,909,983,135.30573637388073,15.852244965594934,19.077382132053106,17.83663043033779,0.9760108659610182,1.203449869306075
919,709,942,873,153.36296474161634,17.019951823297625,20.42166347299678,18.976251002330184,0.9779636699904882,1.1998661150757637
920,459,920,458,135.58983943268504,16.0,19.469961013862715,17.86435299036407,0.9749543900635953,1.2168725633664197
921,160,161,943,144.7600628602015,15.259829770335353,22.279270246065256,18.94890903564532,0.910086688239673,1.4599946776192407
922,940,870,806,148.20886934117945,15.386174652199099,22.99710383612186,19.284958033670197,0.8969874452428398,1.4946602619537375
923,817,921,920,186.79884071134452,18.088588419481244,24.049049817526313,21.19397219054365,0.947832136300145,1.3295150102274265
924,478,817,922,157.83286643970706,16.728014705643563,22.87802356009227,19.617997275307545,0.93165629053644,1.3676472649425557
925,270,281,282,154.11594581563017,15.999999999999968,23.093588548721762,19.544239637051792,0.9117533870028577,1.443349284295113
926,270,282,269,90.50966799187881,11.31392258617692,19.539130362433657,15.617684316203524,0.8188609784493911,1.7269987675455813
927,964,787,966,153.99321485296232,18.276420587259942,20.22879860940651,18.9286472892507,0.9902355552816091,1.1068249667830212
928,997,789,696,157.4576091060075,18.54043756602021,19.45011686626987,19.08097763012286,0.998342988305803,1.0490646079419865
929,275,276,851,152.71044019752824,17.970610833009598,20.069885091267288,18.845290450833136,0.990810183762919,1.1168170786048968
930,984,772,994,176.4008360194557,17.91332113850266,23.616408887492945,20.60681788239822,0.9471498100789072,1.318371322933085
931,851,277,278,117.18384021153348,14.844478133131979,19.98309637634127,16.942524836491085,0.9271320381296257,1.3461636170112443
932,243,674,254,35.40007209035711,6.827440927136022,11.235571307312798,9.576901951425034,0.8555989527966992,1.6456489960471763
933,278,274,851,151.92982195897693,16.177710826856178,20.983768499019156,19.048191900738868,0.9557272092049661,1.297078970170772
934,780,779,980,158.8314458583696,18.51720035167816,19.577597933385547,19.16880883028158,0.9976755496885766,1.0572655456315396
935,673,964,965,120.55540452815134,16.158272506106115,16.97677851863419,16.69848987699223,0.9979398746408209,1.050655539583131
936,853,281,270,179.68641031525368,17.946405923104027,23.093588548721762,20.69195282572592,0.9591716370814664,1.2868085480553686
937,520,772,984,134.5719298350859,15.46147046074187,20.717733981396858,18.030841860213794,0.9425507817291227,1.3399588372917788
938,853,272,852,169.82859355152587,17.502709352550553,21.793510460688303,20.043930168840507,0.9680638506049213,1.245150680486646
939,273,279,852,156.0438649807354,18.07628778866974,20.445858194999982,19.06640917334487,0.9885562827719868,1.1310872251002495
940,279,274,278,167.54264153741505,16.0,25.5811420400055,20.854970179674883,0.859375125312407,1.5988213775003437
941,271,853,270,135.83636480514704,16.0,21.035864005351964,18.129719989530987,0.94143666430524,1.3147415003344978
942,972,971,969,93.87674347264999,14.26392931329634,15.644041446293052,14.765279981772439,0.992659818518409,1.0967553962644936
943,244,674,243,77.6417886640644,10.667693619826279,16.647376306638808,14.033388779652038,0.8825072570284326,1.560541284734601
944,596,826,825,230.62993814215858,20.917181313462713,25.621156529612556,23.317719450508704,0.9729788261621838,1.2248857121643952
945,393,829,392,169.2768491796221,14.875094367254349,24.13011339627226,20.92536453469654,0.8569315839467044,1.6221822060767341
946,107,108,931,93.99645322309892,11.972804182525037,21.748321278669973,16.57370848706499,0.746530462227827,1.8164768208948776
947,947,916,810,252.9882733633856,23.383468124068436,25.325895478020136,24.21370977636184,0.9953644598428604,1.0830684030121422
948,771,895,994,245.50526850694558,22.388006967245982,26.668079107108085,24.04821486934394,0.974459653872913,1.1911770058908735
949,236,232,854,168.71639838740114,18.51623996334252,22.034489933217607,19.92590640115466,0.9756724816878167,1.1900088774416584
950,926,389,390,153.6183064862389,16.0,21.314640655715717,19.22278107838112,0.9463907535984311,1.3321650409822323
951,45,862,677,145.9401831040256,16.48166977834536,21.743758282018586,18.78392522440387,0.9423134777096389,1.3192691380449137
952,345,140,864,170.51100328558655,16.197430619510666,26.56441026808394,21.271973773475864,0.8370550265389083,1.6400385278443914
953,27,846,26,103.15925297921737,14.742690407372416,16.774742525016205,15.517257082458277,0.9861170263660405,1.1378345513263721
954,231,232,236,163.33333333333394,16.0,22.034489933217607,19.953134338372365,0.9291872043380839,1.3771556208261004
955,944,395,396,103.26260460887562,14.51793031063391,17.221060869337524,15.585480555733993,0.9762099599925268,1.186192556436482
956,996,982,682,232.61519793245054,21.027422162705165,24.553180027174815,23.33996136771564,0.9813161659465957,1.167674279671002
957,231,237,230,126.92859159078336,14.849766700159591,22.034489933217607,18.001837096200116,0.880116097240402,1.4838273474680785
958,390,391,957,115.49457748534496,15.72645048955632,17.428114976625764,16.38485515539403,0.9914621860856203,1.1082039770003722
959,235,236,854,116.7278687050285,15.297892002747389,19.22698930690385,16.734967233890632,0.9519151231381292,1.2568391320484433
960,235,854,234,149.633510451225,15.680020392020669,21.348975285720208,19.023421580228597,0.9396327132331301,1.361540020482651
961,926,390,957,142.45164895362728,17.18571629147726,20.353702579427647,18.322511282510224,0.9739211752186749,1.1843383327305046
962,714,55,915,173.68772817143537,17.016916029582,25.45504321128438,20.988531185205517,0.8864256854580737,1.495867004751839
963,113,958,837,121.37960554525519,13.647094925146053,21.86369285651214,17.774563406012934,0.8567375965216097,1.602076703975015
964,982,996,997,197.72595073555664,21.027422162705165,22.068285166014938,21.385593129055394,0.9979275766524613,1.0495002666164128
965,936,959,861,152.045342391817,17.571841164748108,20.036661526824325,18.819562580696367,0.9885827427827845,1.1402710358559942
966,981,687,601,103.58831387635377,13.956515183135181,17.509045784350583,15.675912630340497,0.9652315597491627,1.254542810622828
967,674,253,254,83.12503915850868,11.235571307312798,15.999999999999886,14.300787676934895,0.9175077577116008,1.4240486364575076
968,988,959,755,128.69990339988917,16.779723345744888,17.589074145315124,17.250174477269343,0.9984324048108311,1.0482338583833373
969,245,936,861,161.58725150171492,18.483998137989968,20.8933156611991,19.409166283235248,0.9876411478660684,1.1303461245355402
970,855,246,247,109.32491145716827,15.631444962085945,16.046612191319745,15.892685717801859,0.9994581547935032,1.026559747370815
971,35,36,856,133.46351613355822,16.000000000000114,21.47934550515392,18.114748541981637,0.9230128110262044,1.3424590940721104
972,932,856,36,178.93000623930206,17.78434194061874,22.591671508339644,20.618452984704103,0.9624501573276871,1.2703124795830174
973,857,932,38,198.5298578206885,20.32704562991849,22.28548179054795,21.459125680461838,0.9941563247217235,1.09634632579104
974,856,34,35,116.87848006410857,14.91198323033108,17.924053603071204,16.566978984731055,0.9778930869374349,1.201989924895674
975,30,31,857,161.68516286411523,16.0,21.996671367257136,19.830425494843052,0.9320360571649176,1.374791960453571
976,42,661,859,82.02794598640247,11.620212565646876,15.662416991146387,14.068979081991914,0.9423466554266898,1.3478597661328142
977,30,857,859,217.6609303236558,21.494605117272023,23.094691608406066,22.451310732125364,0.9962921150294256,1.0744413066629586
978,661,43,29,6.903956434736455,2.410774260469225,6.2597568584921115,4.79975634259618,0.6146902258879288,2.596575283358855
979,42,43,661,46.68782049411414,6.2597568584921115,16.00000000000005,12.394688182558212,0.6245424217732937,2.556009819821377
980,41,42,859,102.5368694146885,13.24773674481206,21.999563511961792,16.969905749306747,0.7851464262447871,1.6606280707213652
981,39,859,857,141.8340079319649,15.314294527195672,22.764635470698,18.90617707128899,0.8931675055941053,1.4864958637351362
982,251,252,858,107.68768343842197,14.795825902230641,16.840858483833845,15.836234791264056,0.9889060657725617,1.1382168589382287
983,110,929,979,219.82628110070584,20.294423306842024,31.741925722529345,24.631341744823473,0.8027746415522389,1.5640713334203455
984,25,26,846,99.58764995814197,14.742690407372416,15.484500598981967,15.175027669700581,0.9982945609810314,1.0503171518299395
985,765,939,868,218.72830908041573,18.980674464606103,27.767413155147633,23.352958062056413,0.9048814891883885,1.4629307934724056
986,963,785,536,122.70592212384057,15.120196364554312,19.75789322966725,17.186668853503367,0.9474529509822465,1.306721999721175
