element_id,node_0,node_1,node_2,area_um2,edge_min_um,edge_max_um,edge_mean_um,quality_equilateral_normalized,aspect_edge_ratio
0,3089,2975,2083,46.9111580358006,9.22894404597374,12.701463906633979,10.74130875181818,0.9221264800640115,1.3762640496422962
1,1981,2717,2977,53.946593497073664,10.297949046698472,12.337153482384466,11.258187886789969,0.9775390339750547,1.1980204433367014
2,3219,1506,1507,34.46281236398926,8.000000000000028,9.733145351226554,9.007360971807538,0.9744790206524979,1.216643168903315
3,2847,314,2003,45.07724002614002,9.246207561914822,10.836843864420167,10.276299637583294,0.9808465946512537,1.1720312129977684
4,2326,2735,2918,59.29099390268712,10.330893461494632,12.700368376048141,11.836641555182133,0.9694067763373838,1.2293581792692985
5,2330,2918,930,46.254400475855846,9.148157781845732,11.19369238333964,10.449774632970529,0.9706434289232102,1.2236007128728381
6,2896,2657,1459,20.539719453991662,6.595358866667428,7.412190426255542,6.916068640408464,0.9890709427566288,1.1238494486958601
7,29,2947,28,23.807291232315492,6.7480663677579305,8.0,7.468948338179383,0.9806678492170154,1.1855247954026908
8,1926,2041,3059,63.131439830787926,11.426932806557058,13.531014876539228,12.194823967159607,0.9744857926461326,1.1841335820907948
9,2852,3220,2507,51.493005678160436,9.628274485468507,12.369723878051236,11.075407304655997,0.9595662445920818,1.2847290443080186
10,2403,2803,2939,68.8885840386984,11.80942568499303,14.043261945901122,12.727900523032119,0.976560588320515,1.1891570615281288
11,1662,1663,1664,20.416666666666632,6.231063070801967,7.999999999999986,6.995644940380945,0.9527363707573833,1.2838900696555378
12,3004,1754,1755,30.52871030749423,7.633218956761949,10.965796545049935,8.866338500603957,0.8721495526687792,1.4365887585781612
13,1660,1661,1666,20.416666666666668,6.231063070801967,8.0,6.995644940380952,0.9527363707573828,1.28389006965554
14,1659,1660,1667,20.416666666666597,6.231063070801951,7.999999999999972,6.995644940380938,0.9527363707573838,1.2838900696555386
15,2095,3227,3309,52.16251953644171,9.68452839339097,13.278142871667152,11.301676479390979,0.9270412346968371,1.3710675762723334
16,1662,1665,1661,20.416666666666703,6.231063070801975,8.000000000000014,6.99564494038096,0.9527363707573824,1.2838900696555406
17,1664,1665,1662,20.416666666666668,6.231063070801967,8.0,6.995644940380952,0.9527363707573828,1.28389006965554
18,1746,2960,1745,30.555199743260502,7.669672121757527,10.896676968081563,8.845885650463929,0.8780167319448949,1.420748735421112
19,3128,2738,3127,34.505929450516575,8.45731826469056,9.710582605393189,8.976835348212557,0.9854050582485478,1.1481869667758664
20,2314,2728,2917,68.27484177040408,11.355021158044357,13.740606638794166,12.669874499801168,0.9762852508226434,1.2100908001443718
21,1659,1667,1668,20.416666666666668,6.231063070801951,8.0,6.995644940380953,0.9527363707573825,1.2838900696555433
22,1666,1667,1660,20.416666666666668,6.231063070801967,8.0,6.995644940380952,0.9527363707573828,1.28389006965554
23,1296,2977,2967,50.71208675607457,9.96348771869098,12.100485941297825,10.93439275965108,0.9731881061218333,1.2144829484356114
24,1665,1666,1661,20.416666666666703,6.231063070801975,8.000000000000014,6.99564494038096,0.9527363707573824,1.2838900696555406
25,2488,2788,2846,58.37629999861823,10.49110522875598,12.46214717830646,11.701970259856514,0.9791489609238693,1.187877435844212
26,2874,784,785,25.3321276127524,6.810677436654649,8.384254202224334,7.731643879626328,0.9713588257254337,1.23104555753893
27,2961,2228,3210,72.69032811193898,11.554005488607762,14.110739542450057,13.089065953254275,0.9729126173212809,1.22128551491197
28,963,3003,2090,48.075997494860474,9.817896158659117,11.3666812152012,10.59395395585928,0.9857509438719034,1.157751215893244
29,2538,3308,2084,67.07073648056922,11.879587358156016,12.97992892312688,12.470034133967957,0.994775073676343,1.092624561089272
30,1794,1795,2053,44.012277820362584,8.0,12.303625165273406,10.528630862482762,0.8898564722259906,1.5379531456591757
31,2962,2896,2659,60.93972061388463,10.506535802164013,13.255462877153935,12.021031034246624,0.9652301209624247,1.2616397190045963
32,2402,2802,2941,48.27673628666771,9.864355232094791,11.441043556709252,10.618995684135053,0.9850740078255994,1.1598369368820505
33,1795,2496,2053,44.00813143786284,8.962637348618111,12.303625165273406,10.402754230793715,0.9223898387958837,1.37276838130357
34,2937,3271,2396,48.28556215402754,9.251468728866282,12.442121773633009,10.807582919482904,0.940989947760605,1.344880703623988
35,1768,1769,1889,21.615282692148796,6.52839885753927,8.0,7.152429014690546,0.9684768281287831,1.2254153238142402
36,2743,3057,2465,46.65608086114058,8.537894577060817,11.851572375198085,10.67062496483321,0.9276969547629786,1.3881141618965747
37,1832,1795,1796,22.893593980817762,6.513316621585623,7.790698411902528,7.336465447158574,0.9761235989638636,1.1961184853325824
38,2011,2039,1889,28.131014660678368,6.758543504236649,10.033953506867352,8.399013928126035,0.8981673781774022,1.4846325248298669
39,3288,3185,2927,36.15407782807213,8.281712214980585,10.506479133912373,9.28437373770604,0.9591683455737621,1.2686361058172804
40,1796,1768,1832,10.171844495813158,3.2396882891548984,6.513316621585623,5.403861967123351,0.744700525394658,2.010476329895516
41,2742,912,3057,51.21998774726388,9.38435444945039,13.364833517471268,11.264248364412998,0.9130760731002039,1.4241612025059436
42,2820,784,2874,38.44242731742188,8.384254202224334,11.041730097366788,9.62142705585137,0.9468176968745458,1.3169603200291122
43,2615,2820,2874,38.49285119976908,8.324530877352705,11.268899710903764,9.677242485406486,0.9345367788986272,1.353697869217034
44,2611,2873,2187,45.56802697000575,9.684939312854805,11.494065691354027,10.360587651945208,0.9744683136096928,1.1867979054962143
45,2610,2187,2873,38.3117115705023,8.98375917225972,9.902757951626791,9.428903373737203,0.9936180546954462,1.1022955715692802
46,2055,1523,1524,29.32647022534428,7.5171153403471305,9.69292385351943,8.40334639795552,0.9474024952946143,1.2894472699512713
47,2846,2788,3144,77.71263214362355,12.152658372507098,15.71079020575327,13.668803277187754,0.9491504985913218,1.292786296148645
48,2847,2489,2938,41.0308767927983,8.334942219676384,11.316914646874125,9.958497572952615,0.9410848506916447,1.3577676183715068
49,3244,2514,2856,42.74336848627245,8.382171632223749,11.290326468089438,10.155872448186807,0.9423034035994761,1.3469452742635108
50,1524,2499,2055,42.00885923008782,9.69292385351943,10.024023134100455,9.852435572861268,0.9992426933902013,1.0341588653315177
51,3417,3418,3137,53.663746901542424,9.556055822704847,12.361167181528295,11.32574204846886,0.9543922041947365,1.2935427974540086
52,2327,2329,2736,57.130261175145876,10.882797968230353,12.40562116667655,11.541492973276135,0.9874490887117597,1.1399293823970365
53,1522,2055,2498,36.211495262481144,8.970368772339716,9.50025456973164,9.154824314549124,0.9970943916571362,1.0590706815784245
54,2056,1526,1527,40.86694308135756,7.999999999999972,11.006776197737933,9.981476100122938,0.9289757450492477,1.3758470247172465
55,2131,2820,2443,77.45409767895988,11.81892035094971,15.09924906785804,13.573091417065248,0.9614312100162213,1.2775489316707966
56,2792,444,445,30.528001589914716,7.4637713412475755,10.759421528154865,8.805755992863693,0.8863793159206417,1.4415529410305352
57,1889,1832,1768,17.697241649843246,5.912317132629172,6.92888818653237,6.433262103263691,0.9834119667024702,1.1719412255971347
58,1793,1794,2053,39.2173334024294,7.648946001373674,11.282267422174879,9.8665676345696,0.9068565712529214,1.4750094222326444
59,2470,3058,3239,43.84002135289471,9.588868454412292,10.680421384934991,10.092681806863668,0.9919645124839492,1.1138354265377812
60,1657,1658,1669,20.416666666666597,6.231063070801951,7.999999999999972,6.995644940380938,0.9527363707573838,1.2838900696555386
61,1668,1658,1659,20.416666666666742,6.231063070801967,8.000000000000028,6.995644940380967,0.9527363707573817,1.2838900696555446
62,2551,3006,2954,49.45072669398578,9.92027250520301,12.4235020045225,10.874631487492108,0.9558320393350356,1.252334751692213
63,1669,1658,1668,20.416666666666668,6.231063070801967,8.0,6.995644940380953,0.9527363707573828,1.28389006965554
64,2099,2954,3006,47.27256460834546,8.563729339493799,12.4235020045225,10.797830301991878,0.9153966727857806,1.4507116598405774
65,2805,3192,2941,78.62863852642121,12.631180999778325,14.246393468065161,13.524256303226979,0.9903472762521717,1.1278750156707582
66,2895,2657,2896,29.63504310123215,7.412190426255542,10.45119347362443,8.629589632731419,0.8982511925785234,1.410000670868371
67,2338,2746,2919,47.76832985176621,9.65699082119167,11.776716604951034,10.617499718017678,0.9719499068946944,1.2195016877418747
68,3300,3211,2824,28.77295544471767,7.373559638701846,9.456526429383468,8.29832702618023,0.9545440419150558,1.2824913464792072
69,1508,2059,2992,53.86426396820061,10.363202416956682,12.098326832722359,11.221158684754194,0.9840038611593812,1.1674312964230629
70,2057,1511,2503,40.67292328872823,8.823845462021062,11.690784297334094,9.959089704751868,0.9324823010162485,1.324908096776252
71,2400,2792,446,30.19912461714115,7.266284464074971,10.134661037867376,8.613902135875435,0.9226879864456164,1.3947514837843005
72,2664,1470,2897,37.17855762503528,8.630740516613187,11.182998361741628,9.519626348178631,0.9331730818811067,1.2957171334505582
73,1505,2058,1504,35.30813889587907,7.708425070760503,10.231758903994853,9.209334659126894,0.9482847371448302,1.3273475204170857
74,3363,2992,2059,69.15292437204309,11.201946804583539,13.662742589032522,12.773671911572308,0.9713694593198352,1.2196757248875785
75,3008,1072,3087,54.004919743804564,8.5230370088478,13.67444611330374,11.771541895525248,0.86672211373604,1.6044100358954492
76,1502,1503,2506,34.00713025701803,8.0,9.768321274798724,8.949579138874586,0.9740949972337761,1.2210401593498406
77,1069,3008,2115,58.3066475925216,10.899317361452626,13.098065279738517,11.735609679966709,0.9710441343012236,1.2017326264911006
78,1504,2058,1503,36.410753683937884,8.000000000000028,10.237192720749775,9.308337574458376,0.96043132389153,1.2796490900937174
79,3230,3311,1500,117.69560960483845,15.284691074337646,18.628159165327034,16.681781259273013,0.9697125454217613,1.2187462000198963
80,1508,2992,1507,39.49069777862115,8.000000000000057,10.999382108936208,9.78752817529765,0.9357594949175149,1.3749227636170163
81,3321,3341,3192,62.910706492888025,10.718286156791176,13.281357998130725,12.191243463576578,0.9699018657409593,1.23913075316762
82,3283,2619,3168,41.630627530167665,8.313125788553233,12.024285840428341,10.163201281952727,0.9105530948988092,1.4464217366932175
83,2058,2506,1503,41.80548792486436,9.51352167937407,10.237192720749775,9.839678558307524,0.9962494284117521,1.07606762939792
84,2450,2822,2823,44.206612767815585,7.78846737374258,12.536711942197638,10.647405578314965,0.8681561269196164,1.609650697705034
85,2975,3255,2978,51.90093940541158,9.204092687576876,13.871532444129436,11.469881909823142,0.8865505518223354,1.507104819017347
86,2261,1383,2898,36.64411346540452,8.053947407423024,11.777400183897687,9.649764834656537,0.8854860522483742,1.4623140167320803
87,2619,2877,3168,37.81889101692822,8.207375053303773,12.024285840428341,9.820062648264386,0.8818848771058005,1.4650586530206293
88,1098,3229,3007,39.947934726795296,9.113894727666588,10.85457855080733,9.715013309547464,0.9707924119505531,1.190992311756316
89,1512,3063,2503,29.21653465000481,7.464153877376009,9.458238729549622,8.34747749829733,0.9588415624562446,1.267154842321475
90,2620,2619,2875,41.73703594274056,8.40689981796609,11.049138911139798,10.001377546284248,0.9511250278506101,1.3142941096463492
91,2950,3294,2849,22.662135475975354,6.564305303696387,8.913639887000437,7.481519227178542,0.9177627122401801,1.357895386428954
92,2059,1508,1509,40.406254713028325,7.450907169616475,12.098326832722359,10.198286637954064,0.8643105693688219,1.623738768623674
93,2057,2505,1510,46.29450106630344,9.725028949463404,11.754974794476835,10.470837881143423,0.9677962356777725,1.2087341698993541
94,3063,1514,3240,24.443377056705053,6.639765058334586,8.311048383814851,7.607481781363177,0.9670293247123943,1.2517082021422403
95,255,2821,1952,31.491035497525917,7.887738291769744,9.210294612492342,8.57894986495107,0.9842165302909577,1.1676724393990843
96,2933,2791,2388,35.31097057386103,7.5204437453514155,10.55665431795744,9.282527187943648,0.9285636434988076,1.4037275824957518
97,2853,3161,1575,48.68481822947736,9.419998198151188,12.370411871458584,10.818259369226205,0.9488205744860846,1.3132074562271634
98,2993,1518,1519,22.790921582746922,6.101646488892148,8.142503939189854,7.41471680936067,0.9425159834887722,1.3344765144970332
99,3159,2498,2499,56.559430527262855,11.051048897882875,12.276973724293327,11.473321055148737,0.9898310800125694,1.1109328931342717
100,2792,2793,2388,48.06919991232213,9.90312701385602,11.118723473339811,10.57154983526211,0.9910702426561949,1.1227487497416706
101,2639,2888,3210,87.54818062679833,13.699539004736993,15.149330688739296,14.26323134313349,0.9918652956730591,1.1058277715404143
102,2855,2061,3163,48.537532448860816,9.992377037286087,11.032384712795036,10.614991037313635,0.9930303287701076,1.1040801074287139
103,2791,2792,2388,40.601742167422195,8.646422892934865,11.118723473339811,9.84520995559892,0.9572846339026038,1.2859333404135371
104,3260,2898,2676,32.197590998660736,7.407864578016686,10.212642781401108,8.850402805150383,0.9336191854090486,1.3786216896712422
105,2502,1520,2848,53.15705234388394,9.08892610397904,14.565366896424134,11.786190460386072,0.8530029794454338,1.6025399183350786
106,257,2821,256,34.732710820183854,7.531955782415939,10.533438990035075,9.202105803202842,0.9301247817241189,1.3984998444396581
107,2934,450,2389,27.207713701648302,6.8616934223202835,9.828083516679206,8.230050580603516,0.9076488646323618,1.4323116629940946
108,1959,3340,1645,44.951035264117664,9.255607572679926,11.247337296569981,10.285560364024379,0.975142168544716,1.215191677936855
109,2973,2921,2747,19.539551235369796,6.202822682796665,7.327614603366603,6.764750667646131,0.9815531688116854,1.1813354948368127
110,2990,1516,2060,61.57488413612128,10.525306691788767,14.020392367740003,12.19217497043197,0.9436158668497608,1.3320649723848805
111,2794,48,2391,41.692020780441226,8.345972659545863,10.976861483092465,10.0039169504523,0.9489194778411257,1.3152285456551878
112,721,1940,2819,52.438763939329014,9.333824306485056,12.209376385459745,11.22284266418302,0.9480541855355779,1.3080786593526066
113,3167,215,216,34.6517180731993,8.000000000000044,9.85588380502828,9.041996777723211,0.9716716660691195,1.2319854756285282
114,3189,3289,2798,41.42588440363313,9.050410145506522,13.053002969933228,10.420473143844722,0.8537810567604733,1.4422554072219558
115,2217,191,3055,48.7539126280615,9.453712577171425,12.256304375703158,10.802084728270119,0.9541745975439407,1.2964540941618383
116,2063,1773,1775,62.997353855899256,11.3171739019044,12.696150075040602,12.102298198845972,0.9910444203268062,1.1218481031650627
117,3054,3055,3053,26.99829519229639,7.193802723886036,9.544805219253142,8.11865199951108,0.9311601412326563,1.3268094199415454
118,1773,2063,1772,45.80835085242877,8.0,12.293570619592918,10.75911276051879,0.8846721701526306,1.5366963274491148
119,1774,1775,1773,31.207913510047092,7.804490961371799,11.3171739019044,9.040554954425401,0.8546426557818722,1.4500848239710402
120,1207,3040,1206,38.55412123872452,8.000000000000105,11.085135389287872,9.682945730030971,0.933446019623142,1.3856419236609658
121,2847,2938,2799,42.816786989593304,8.59209854330726,11.798145224468337,10.204626540027645,0.9341830604102813,1.373138956100358
122,3209,2959,2631,46.632133672586875,9.984752336137372,10.720673377197878,10.390775204063706,0.9965846221737426,1.0737044862291696
123,2516,2998,2068,56.04022054867696,10.36294073406836,12.541285002814426,11.480195064301796,0.9761065068786696,1.2102052230777234
124,2969,2459,2976,50.25560123064104,8.336847459687304,12.8346131856949,11.28457409071777,0.88131457021788,1.5395043807334214
125,1772,2512,1771,35.94765506685349,7.999999999999986,11.539903312788319,9.51965675848075,0.8942229482366724,1.4424879140985425
126,2538,3250,3080,60.39138218026109,11.129756953160323,13.110458464097615,11.909941294293995,0.9781120310035263,1.17796448918634
127,2269,1271,2681,30.239034346099224,6.210749141726024,10.330375519814307,8.887619863431135,0.8456548379559827,1.6633058724608867
128,2217,2627,2209,63.72508199332211,11.489473421997635,13.448814044120354,12.230621260386824,0.9788818076277416,1.17053354406751
129,1530,1531,1529,25.95496730694854,6.6624073547255875,11.513809210357255,8.725405521694286,0.7462843036268894,1.7281755073397922
130,3099,2654,2894,39.87593588737263,7.632312580193785,11.9994659980089,10.074590507363894,0.8786338982113523,1.5721926836628894
131,1015,2089,2541,48.38442368325698,9.440864855784783,11.50875797641918,10.676516313120374,0.9734886535217999,1.219036407386694
132,3337,2515,2064,73.80471351685608,11.447243093022431,15.45032530286527,13.37413214689406,0.9388339837543906,1.3496983664374949
133,1791,2064,2515,47.443092908633574,9.825616194646683,11.447243093022431,10.535640647003936,0.9830143697593262,1.1650407329424555
134,996,2541,2089,47.9778657579626,9.440864855784783,11.60802639834103,10.637229434716112,0.9722819220134762,1.2295511667268855
135,2169,2597,368,39.055483149184745,8.599178372798974,10.789434471013351,9.629024311234911,0.9643800785267131,1.2547052756973411
136,1787,2066,1786,34.13333363908129,7.799823240292202,10.77356178856001,9.15210597249762,0.9244343628378864,1.3812571716889834
137,2976,2979,3346,47.38526770189445,9.898128977167461,11.466884177693592,10.529947769258555,0.982890378336855,1.158490074653994
138,1909,2068,1780,28.706240945367334,7.420937386971696,9.802475471004543,8.361958540471035,0.9338216047748122,1.3209214631313169
139,25,26,3191,30.429497046598932,8.000000000000114,8.748768827248043,8.399719416560096,0.9946765866927636,1.0935961034059898
140,1786,2066,2516,47.96334869737243,9.100398458577791,12.584058701156847,10.81933964943155,0.9301723957914436,1.3828030452112183
141,2068,1909,1785,31.237403387276718,7.647192206504309,9.802475471004543,8.639401323501504,0.9564039260095707,1.281839818628733
142,3098,1365,1366,26.988640079521744,7.040676748175795,9.021298921636816,8.020658556604241,0.9591075816128932,1.2813113347341492
143,1779,1780,2068,26.71570897388365,7.420937386971696,8.824814539932627,7.936630352125737,0.9733282506291203,1.189177873327108
144,1980,1194,3410,51.66817055110381,9.810458030701472,14.142959972318728,11.497763314175828,0.8787557816047101,1.4416207610346885
145,2069,1783,1784,38.25879190651638,9.06908993295681,10.03058188946199,9.430110898858516,0.991529070608515,1.1060185711700956
146,2916,2723,3181,42.96537342892645,9.10046726599192,11.668747404926453,10.158280969839877,0.9504927511314324,1.2822140955917827
147,803,2958,2188,40.47686608892386,8.96442116060829,11.569779027823637,9.909780165263593,0.9386176378413541,1.2906331396681676
148,1909,1782,2069,36.06278851047554,8.300720081983446,10.285021536358872,9.238051994757509,0.968368694298592,1.2390517250042337
149,2212,2881,2959,47.10631464364904,9.40116194530551,11.479788146888481,10.533031929490045,0.9740814486544292,1.2211031161548
150,2679,2484,1435,43.424826379990535,8.424656255856101,11.1808535104544,10.232815983633964,0.9430052769090492,1.3271584229543403
151,2918,2734,929,41.80743132693523,9.34019838691564,11.119698633792268,9.941073758500854,0.9701617818307253,1.190520604933774
152,2326,863,2735,47.66346486266299,8.76855667384731,12.478662828003626,10.811738185801623,0.9229862088203988,1.4231148057948815
153,3185,2762,2927,30.88747541493578,8.281712214980585,8.760039632253624,8.454347512695607,0.9973238278888699,1.0577570682072006
154,1246,2707,2708,36.409115657556264,8.968017156253465,9.518722099609207,9.179517240571528,0.9971657996884661,1.0614076594369282
155,3336,3217,3304,35.39223126719081,7.559653013479014,10.381699151049627,9.265678466441381,0.9356720228876643,1.3733036599085762
156,2067,1788,1789,38.064199193459345,9.070370399287983,10.035841534382072,9.408761428809377,0.9907991576126685,1.1064423052855568
157,927,2738,2845,38.13425881317126,8.017045733309697,12.38322694968213,9.971330295448867,0.857441559132629,1.5446122376764755
158,2956,3204,2872,27.22933121796347,7.630145075622654,8.565085588197965,7.965798831127988,0.9881991323204795,1.1225324686895308
159,1759,2094,1758,36.21143625133005,7.377448315899234,10.674487642860132,9.457509572594251,0.912669725980729,1.4469078176875068
160,2819,2490,2440,77.64506535972029,12.213193591338767,14.866710609535138,13.523598956591925,0.9742032743697641,1.2172664339062116
161,1753,3004,1761,47.020929661846694,8.762087269019354,12.174672222591512,10.695001539606196,0.9326912015288007,1.389471691937861
162,40,2789,2788,43.48238522043493,9.104072959197358,11.821823583084125,10.238265251519737,0.9459672041260905,1.2985203036121507
163,2357,2763,156,51.687937477654884,8.995374178455357,13.347249872879395,11.348254885314779,0.9042908396300614,1.483790402499001
164,2894,1368,1369,32.5611985808385,7.999999999999886,9.538690443474355,8.74129181123058,0.9790449078581851,1.1923363054343112
165,2894,3285,3099,51.69524890772912,9.467971473325122,11.9994659980089,11.09201450322678,0.9600140981355237,1.267374540767889
166,2066,1787,2067,32.58406040064104,7.770123205392707,9.685167774481148,8.779407956171502,0.9685315150022441,1.2464625744620548
167,3162,3297,3379,36.97393887329269,8.688578788568666,9.731887608423735,9.270463653158757,0.9913791754268958,1.120078190604397
168,1132,1133,2680,40.650942272918655,8.0,13.223048339750726,10.465393015450836,0.8226811846697911,1.6528810424688407
169,1529,1531,2070,54.51493952143182,10.44947714617748,11.832965484077867,11.265417280204202,0.9892925668105844,1.132397852882666
170,2517,2070,1531,39.03206121253261,8.422935452943744,11.832965484077867,9.861687578978108,0.9074621137331365,1.4048505476724682
171,2070,1528,1529,35.97514972295165,7.984860475972674,10.44947714617748,9.27973051225733,0.9534902115186935,1.3086612067450785
172,2573,769,770,26.988843800287547,7.549910105089548,8.173033236078295,7.907647780389276,0.9956580311681061,1.0825338477300128
173,1527,2500,2056,49.90310232305053,10.41629136444281,10.937652102630908,10.742675852293566,0.9981574144186565,1.0500524342058848
174,1537,1538,2501,47.81315531802397,8.0,12.920366924304705,11.089316905559494,0.8640072360790111,1.6150458655380882
175,2626,2625,252,36.250948121902745,8.182525717125873,12.123476058780426,9.72235223426363,0.8587907009721077,1.4816300587245594
176,2849,2501,1538,58.0028100900112,10.270290991000962,12.920366924304705,11.724099588391757,0.9660574854004664,1.2580331887018386
177,2950,1540,3199,16.042311609697247,5.810716932374434,6.343637276923273,6.09845522356956,0.9948639354176116,1.091713354952755
178,3101,3098,2242,48.44091570771336,8.834409979595426,14.541324192910144,11.455141417330175,0.8180182502318476,1.645987024203745
179,2861,539,540,29.680105000929192,7.538360622595895,10.011381154802203,8.513355249396616,0.930873166615691,1.3280581357163441
180,2132,2566,2565,45.027271258137134,9.149007613019698,11.021610179648397,10.289498698325511,0.9760132990578501,1.2046782171176522
181,3450,2070,2858,39.38023622238058,8.189060287654671,12.211750512031921,10.013825476475207,0.8825875398892905,1.4912273304962247
182,2517,2857,2858,44.02073057285122,8.20868051935089,12.895273262597199,10.626863395309407,0.8718667447406961,1.5709313125536166
183,2849,3200,2501,58.71411078508755,10.084898054555847,13.722080324389587,11.929539742938346,0.9382390914475177,1.3606563249482373
184,1545,2951,1544,32.62553506315976,7.999999999999972,9.11032838530835,8.723044596531283,0.9867995253787687,1.1387910481635477
185,2850,1544,2951,40.0765663592667,8.927831603905553,11.84051419389724,9.942383734029441,0.9195031238522178,1.3262474830638058
186,285,2171,2598,68.82088407854383,11.05450492197048,14.177186884307211,12.798788177295323,0.9603260582225147,1.2824804895722195
187,2518,1568,2071,55.46323478503667,10.587328751059438,12.065423643326755,11.365651925738723,0.9887421416270191,1.1396098040423472
188,1271,1146,2681,35.97147014951146,7.1111054455368885,12.190457858705384,9.807766077665116,0.8262510899501263,1.7142845021875506
189,2997,3476,2060,79.1539863474211,13.096589939516234,14.368977891404946,13.558449494719701,0.9925942177714648,1.0971541414799548
190,2993,2996,2060,48.41561504974983,8.982568823728686,12.297221580366987,10.82900293843206,0.9382486404566236,1.3690094472621452
191,2605,2445,218,58.99209762682836,11.20970747437216,11.961913854297375,11.686375381153804,0.9967115503101138,1.0671031230426775
192,3149,480,3141,33.14363085338597,7.919582517947358,11.147579946480823,9.151901840633217,0.8922497540247972,1.4075969182994403
193,3378,3475,3491,54.8755611495415,10.347445687302473,12.306263040890736,11.34254855653404,0.9801713412244278,1.1893044344259724
194,2349,637,2753,42.76069218314378,9.105344953512374,11.879759632830147,10.184806307027097,0.9386801959015517,1.3047017651151753
195,145,2361,144,30.226282631133937,7.6116429630555915,11.6859185671079,9.099187176721186,0.8101184144207482,1.5352688800338508
196,3459,1548,2072,61.419316988021414,11.180578753097329,12.445646219697457,11.946431694006982,0.9917656404732416,1.113148656660521
197,3063,3241,2503,33.12854015722799,7.464153877376009,9.948641257138272,8.924602397821696,0.9471918520978634,1.332855862912043
198,3070,2063,3243,83.07456278031525,12.944519513808915,16.179364229085145,14.109042907453015,0.953449416926046,1.2499007175836363
199,2523,1554,1555,45.10622046250478,8.0,12.399322031145031,10.676342491551686,0.8853004274723454,1.549915253893129
200,2848,1521,2498,34.26126147720216,8.429459051493907,9.716815363447795,8.94948901754727,0.9841150579441843,1.152721106311767
201,1534,1535,2857,21.418246310720782,5.355827650475188,9.723582545937768,7.693136732137653,0.7925419397472222,1.8155144602300743
202,2680,1133,2740,58.87733539394541,10.44794424160309,13.223048339750726,11.827413983501659,0.9631653101252672,1.2656124529357018
203,2748,893,894,24.60356013647721,6.35968571628541,9.119303730454483,7.788927061046389,0.9173085813619807,1.4339236461170475
204,3253,2425,2869,35.5779673320359,7.755598294059484,10.954843976887082,9.351442657811631,0.921579884772778,1.4125079151247566
205,1550,2072,1549,32.30675546750268,7.534113152027146,9.967909664852353,8.807431351330498,0.9496568028476517,1.3230368941526136
206,768,769,2567,27.872155410532436,7.685390411329111,8.850598608094208,8.081930545522463,0.9810230006744999,1.1516134034059546
207,2857,1533,1534,30.190301798276764,6.562459980716447,9.815063145512568,8.700368557388927,0.8940589020154749,1.4956377904556795
208,1552,2072,1551,30.895740346183086,7.940358339240269,12.510352696571807,9.483570345270692,0.7548783869877768,1.5755400653327183
209,1552,1553,2519,45.48167096484298,7.999999999999972,12.728440709328034,10.77501815796478,0.8740941272410517,1.5910550886660098
210,3123,1211,1212,25.268840352767434,6.647383037856017,8.665130487237773,7.77083784169795,0.9552331078580943,1.3035401206596546
211,2711,1319,2909,20.509358467866484,6.294402743398066,7.367584280055289,6.9258508627736965,0.9831243431569553,1.1704977549749003
212,1554,3072,1553,33.63448502528002,8.000000000000028,9.366258898080828,8.87482649069186,0.9814063379897996,1.1707823622600992
213,2747,890,891,23.01929308636156,6.996440770645579,7.729203231410118,7.311188777760132,0.9927631092687427,1.104733604526309
214,1551,2072,1550,28.56280666502874,7.6726217396817065,8.920271237111995,8.17775043867799,0.9821294821442716,1.1626105834173506
215,1555,1556,2074,42.622954856730345,7.526536187508146,12.464383996023908,10.517549840813293,0.8542517916237942,1.6560584690619238
216,1562,2073,2521,52.71521235797714,10.77326188264455,11.209856618943107,11.038458911072135,0.9988253128497097,1.0405257702870754
217,1563,1564,2473,27.536351995205564,7.76994083597891,8.168515029393848,7.979485288457586,0.9983297687862566,1.0512969405853556
218,3376,2645,3172,68.60072795884582,11.438053565264843,14.332531656959786,12.764153629253164,0.9639626939245663,1.2530568750337832
219,3221,2065,2515,66.39901118610972,11.550026868039746,13.064136980693174,12.431453693046143,0.9895961561426294,1.1310914796954408
220,2473,2989,2073,38.57065425472825,8.520610405378948,10.936607688002473,9.606544582322636,0.9548364956829279,1.2835474417535084
221,1019,2119,2429,34.091160934447764,8.07481036301843,9.594926790433137,8.93904161691333,0.9802880585631109,1.1882541334192367
222,2073,1562,1563,42.2088044887617,8.0,11.363586246515904,10.19114762181967,0.9173103339169962,1.420448280814488
223,2999,1556,1558,37.01935243435125,7.235315084847326,11.343319302631576,9.691962619718948,0.8807216381171277,1.567771295321679
224,2260,1424,2262,52.215149781463744,9.934240671643364,12.154176497770242,11.092587848911704,0.973474006155463,1.223463060691044
225,1558,1559,2999,26.52511546497771,7.235315084847326,8.369222177400674,7.868179087416009,0.9859315304807481,1.156718412295278
226,1558,1556,1557,29.68329060699534,7.443390036094809,11.343319302631576,8.928903112908802,0.8289908815902857,1.5239453055160432
227,3059,2560,2118,47.83384153195743,9.025772174174573,13.041475006793455,10.920779428197001,0.9056456999090169,1.444915155748004
228,2836,2009,716,41.05857513728098,9.485094134380159,10.149089593946181,9.750580276458484,0.996474979730714,1.0700040980256875
229,2698,1688,1689,28.384476445066056,7.3985501812154295,9.095213137624599,8.189478474702527,0.9703527960703554,1.2293237073280812
230,1560,2522,1559,34.15629954430394,7.999999999999964,9.779788554901348,8.970082080132894,0.9737963482133342,1.222473569362674
231,1552,2519,2072,64.75188112452673,11.596613764566339,12.657139374629818,12.254701945255988,0.9942832503743927,1.091451317737591
232,2630,2882,3169,41.326547518467734,9.574566708091538,10.177922316494351,9.781710708588045,0.9966495827986912,1.0630164922129492
233,2074,2999,2522,39.13398138564522,8.553906604532637,11.361724611561886,9.74817959800477,0.9372302644467432,1.3282497853719155
234,2625,2626,2207,31.718386972520186,7.446887447971088,9.881158944768876,8.729700439874852,0.9487923252761499,1.3268844216869435
235,1564,2014,2473,30.834959212135757,7.76994083597891,9.569063965419717,8.546035738010625,0.9674694519458692,1.2315491414181587
236,942,2428,1911,36.864074013638884,8.74823567193708,9.600430613900121,9.247647993602671,0.9939656045200677,1.0974133498365557
237,2512,1772,2063,57.31304377093446,11.047590803185223,11.983767661963453,11.523753925979,0.9956048782587671,1.0847403633476642
238,3056,2452,3238,41.4635068087031,8.963423899335831,10.313476555045483,9.84134237914158,0.9847564243431312,1.1506179637236267
239,2962,1926,3059,86.35330854577884,13.531014876539228,15.44277661690657,14.207915892088904,0.9841817411720953,1.1412873873697422
240,2622,2203,3168,35.659356257553476,7.795786565793781,11.31941713633587,9.444352901973955,0.9020818392433829,1.4519916676532698
241,3246,517,518,24.89766890912082,7.331332393505556,8.000000000000044,7.599759970003947,0.9941068901535184,1.0912068326197877
242,1339,1340,1338,40.833333333333,7.999999999999943,12.216037485127366,10.168526402880094,0.8865437143016067,1.5270046856409316
243,3300,1481,2230,30.520718128976398,6.798516060502197,9.654542809201915,8.667231672458707,0.916946251123583,1.4200956095834754
244,120,2001,2765,27.35800958246401,6.838457749220111,9.034914322419237,8.099836743158127,0.9505896074519522,1.3211918028519838
245,3295,3162,3379,45.771497742696596,9.390924562483868,12.49493607224522,10.586732337113203,0.9277353472243336,1.3305331108889615
246,3144,2936,2794,60.79938942993795,10.397781659714965,13.690645456487601,12.078091482475736,0.9507103733614197,1.316689069316628
247,3138,148,2362,59.410774610357706,10.883539784088779,12.470835097315742,11.76774733305507,0.9876696137948761,1.1458436634326925
248,1341,1337,1338,29.266678751272746,7.536930277329773,10.289541723513008,8.544153004780846,0.9067680201702556,1.3652165198426707
249,2950,2849,1539,23.417910487055714,6.9666124908388,8.176876355401474,7.417626104271011,0.9777364871712446,1.1737234367713416
250,3074,2526,516,37.88178667684177,8.108870308513396,10.964466238524569,9.570931528204191,0.9410535061819921,1.3521570602767097
251,2250,2897,1470,28.351114270259917,7.2944058515793895,8.745140166181077,8.159894457877847,0.9776058573579527,1.1988831364911747
252,2972,2341,2742,51.03478642736164,9.285079804035938,13.974191420078716,11.423925295598766,0.8778779227095209,1.505015758077229
253,2962,2659,3258,87.80753090380499,13.255462877153935,16.29397046704075,14.441314507376417,0.9641969819073275,1.2292268190138986
254,2812,2414,3249,72.88858432597969,11.432030445442898,15.263386668929,13.268415160476877,0.9429668304731438,1.3351422340738586
255,2525,508,509,27.71737587152152,7.895511495244228,8.110813595568187,8.002108363604064,0.9995170529810194,1.0272689236731076
256,511,2527,510,49.82903364722945,7.571074012725931,14.511036329184615,11.775397773753879,0.7787682221409986,1.916641721477503
257,2299,3304,3217,50.049049819668916,9.65291404891927,14.51139164264994,11.515334947539612,0.8425691388586009,1.5033171920011679
258,2526,515,516,41.3039737155504,7.999999999999959,11.190567401892425,10.051677880138984,0.9247499722968935,1.3988209252365602
259,1544,2850,1543,43.73689011047596,8.0,11.84051419389724,10.436051495112883,0.9026331729439006,1.480064274237155
260,514,3000,513,21.908513596418707,6.179264410221519,8.000000000000014,7.229973593821679,0.9570811976798287,1.294652481089286
261,2076,512,513,36.00406801457949,7.900621147402849,10.437812693527206,9.292350184243535,0.9507935533302171,1.321138236954749
262,2340,2747,2921,21.209543086257465,6.81945726485614,7.327614603366603,7.0099472296247365,0.9957483061344178,1.0745158036445563
263,2414,2812,545,42.68502689018603,8.556246736852737,11.432030445442898,10.13337478407712,0.9469218240274025,1.336103410412866
264,513,3000,2076,30.54951041269068,7.510656371243505,9.53861671180055,8.52285921920503,0.962175019478436,1.2700110669849864
265,1684,2899,1683,42.70517831556265,8.00000000000013,12.78695105005301,10.502188881139523,0.8640656867565288,1.5983688812566004
266,2975,554,555,39.419153740826765,8.000000000000055,13.447712113203218,10.456461063289042,0.7955706599568466,1.6809640141503908
267,2076,2527,511,71.50561759444854,11.510052503232954,14.224144837709442,12.992760106764495,0.9709770658194262,1.2358019073947883
268,521,2528,520,21.17065384604415,6.569668068965812,7.670754726494702,7.040415120339357,0.9821077882165343,1.1676015661628734
269,3076,2530,541,53.476918054470424,10.238523125598466,11.915828527187426,11.176971131306843,0.9847397444133602,1.1638229831600755
270,3210,2944,2822,90.23250575689862,13.45380815318468,16.602615654285636,14.65437821025983,0.9616962856807468,1.2340458155229153
271,2001,2987,3268,22.823840941561357,6.5312039405442555,7.864019705446383,7.324109337654666,0.976630921372254,1.2040689246630785
272,1317,2710,1316,22.60693588291788,6.734852328627692,7.597757496705025,7.2533171787217015,0.9897370106528917,1.1281253286593087
273,2651,3101,2257,100.51743108187719,14.110461645508549,16.76270901412842,15.355584121226691,0.9795576181247829,1.1879631889622901
274,3126,871,872,28.889360158911558,8.000000000000025,8.365417643739976,8.172204299778377,0.9986486622726028,1.0456772054674937
275,526,527,2077,38.9649709778934,8.000000000000044,11.418648004672963,9.790561962509324,0.9199476271709355,1.4273310005841124
276,2602,1841,96,56.263288762343464,9.955713658339521,12.772738214665546,11.573433993420522,0.9599568929654619,1.2829555623032922
277,525,2077,524,35.19109885912069,7.392203252669169,11.004983623190105,9.36695886897972,0.9032852811407829,1.4887284950148574
278,1460,2896,1459,23.23426178778131,6.595358866667428,11.296549805417563,8.427823652251385,0.7130655486585482,1.7128029018268724
279,525,526,2077,34.47032636050917,7.61218726580395,9.953037882854963,9.089638293246265,0.9508200487217708,1.3075135352445624
280,524,2077,523,43.52310333406423,8.000000000000094,14.542685102691728,11.182556241960642,0.7603060914164607,1.8178356378364446
281,275,276,3018,34.79387322190111,8.000000000000025,10.153294767844503,9.093348627811709,0.9627458436628136,1.269161845980559
282,2959,2881,197,26.528004934639462,7.185025932242618,9.40116194530551,8.03193952526073,0.9357967244682919,1.3084381370313556
283,105,1841,2601,45.659111349104194,9.373951058000088,12.428641956527343,10.561334620643755,0.9304415781100241,1.3258701565249016
284,2528,522,2078,54.88875167101151,9.456447286316033,12.714084933855055,11.513386369137763,0.9411017806265991,1.3444885324167135
285,2213,2631,2222,64.86851146430398,10.786878810326845,14.364495418662072,12.510380735142434,0.9442553274582627,1.331663743631771
286,2414,545,546,28.828935027545995,7.404862920512259,8.689869378823241,8.216993012062746,0.9812214944541643,1.173535482304659
287,545,2812,544,36.10234733664849,7.999999999999944,10.411847169935728,9.288160823000611,0.9555526966455247,1.301480896241975
288,747,746,1892,28.840827401811076,7.495331839888071,9.349728312162963,8.281686717350345,0.9625125140117677,1.2474068542777932
289,522,2528,521,23.647328685481273,6.569668068965812,12.369626887242198,8.979764985402655,0.629721441870167,1.88283894367123
290,519,2528,3075,48.72578646997562,10.248801338085268,11.226886433093002,10.634339268232944,0.9934434905543872,1.0954340964121434
291,2899,2683,1683,42.87789730933682,9.4861956611046,10.719615593365427,9.99446058809859,0.9885784459482722,1.1300226114160925
292,2480,1735,2842,26.33285156875179,6.862213907985755,9.110120049072952,7.963953579431073,0.946246609501484,1.3275773928398305
293,2539,2084,538,43.37104226668416,9.256368575895532,11.07471894851854,10.09481659557497,0.9775022685194038,1.1964431685832138
294,1107,1108,1967,29.912002854384447,7.999999999999984,8.842761178636184,8.336221986983068,0.9921485090181603,1.1053451473295253
295,544,2942,543,20.46802390715962,5.983599745408384,7.999999999999974,7.022423688060647,0.945491837294824,1.3369878234484032
296,3225,3367,3393,67.18050841744798,10.768806025738337,14.060550523483384,12.673953478390535,0.9543411461774355,1.3056740450034576
297,2531,503,2079,31.88223812176082,7.464017463511407,10.191965551700966,8.802959173647958,0.9351642739852295,1.3654798640980417
298,543,2942,3195,14.944949936299752,5.653567442112282,6.006828265542115,5.881331817687593,0.9970473643598593,1.0624845864220995
299,2078,522,2529,43.71557391890556,9.064424296160634,12.714084933855055,10.485206530633539,0.897504854899026,1.4026356797133037
300,528,3001,527,23.79761640302692,7.113461296979741,8.000000000000004,7.4463630149166375,0.9883922234627075,1.124628316090884
301,3128,2845,2738,37.359250478412356,8.017045733309697,10.716870130655893,9.48149948978626,0.9466488328177972,1.3367605084412586
302,3304,2299,2708,37.49711930622618,8.636988990433407,9.743024668110653,9.34430923582111,0.9889030707266746,1.1280580163876932
303,1824,2414,546,29.444309022281917,7.681988404781005,8.689869378823241,8.278797470367524,0.989431483156753,1.1312005331087152
304,2943,554,2975,36.82383246482685,7.96610122521223,10.223832272793413,9.370534858223168,0.9575787785054796,1.2834173184286937
305,2619,242,2877,36.178310279197014,7.944023723492314,11.166188271626357,9.446246348726573,0.9182790693952283,1.4056086260927643
306,2899,2700,2283,72.13301927980255,12.535057902664757,13.756831046886553,12.946552468884875,0.991917120790069,1.0974684882757555
307,947,3078,2534,29.680335604900314,7.650554608200248,9.834941605575626,8.469725816383692,0.9430825177933538,1.2855200843915344
308,2747,2920,2973,19.97428979363826,6.202822682796665,7.148804764469011,6.833101146432294,0.9837651465876427,1.1525083224281096
309,1910,2426,2427,41.35887885982427,8.685886908088795,10.737171719413853,9.883154681544925,0.9703087868855977,1.2361629656281599
310,945,2080,2533,69.36685354919673,11.950077749224029,13.183969508608397,12.689400721831417,0.9931266379650623,1.103253868742778
311,2079,505,2532,40.668494833287355,9.370315625595431,10.215849454057146,9.712302839653125,0.9942710133823244,1.0902353626330474
312,945,946,947,20.478491928353314,5.7011358993761405,10.350531016876147,7.815270864354578,0.7301697068987915,1.81552083647204
313,2427,2426,507,44.042534223326456,8.984883062927839,10.8318025402467,10.184619107529464,0.9738072958123578,1.2055585436542142
314,1911,2080,943,52.15904971030287,8.833809181815052,12.695587912079452,11.351291509130869,0.9123700590512005,1.437158948170865
315,3010,3009,2103,30.336460589139996,7.636677111304725,9.369840674679551,8.462657389438666,0.9714165225664123,1.2269525787346947
316,504,505,2079,35.870606252666164,7.795383108319743,10.215849454057146,9.26954820733418,0.9517387818708587,1.3104999859665811
317,1094,2123,3010,38.19298241873371,7.741176113887958,11.734925262283568,9.813656794990884,0.8911398854564896,1.5159098681698606
318,500,2424,1894,36.372825293053246,9.119601379855453,9.22970736198661,9.165480477076843,0.9998954941049022,1.0120735520715165
319,731,730,1895,18.96365190644498,6.156296371734438,7.999999999999966,6.802114674321899,0.9320457085753394,1.2994825974802922
320,3230,2103,3007,63.504635664252575,9.460177907894671,15.094060700512454,12.7407395006812,0.8727211193824251,1.5955366640532433
321,2079,503,504,36.59283919659821,8.0,10.191965551700966,9.329792537108872,0.9608026805051899,1.2739956939626207
322,3010,2103,3011,43.44630802056186,9.287208992375945,13.544277047503584,10.733775571519693,0.8419866722752051,1.4583796982088324
323,731,1895,1904,23.154714366150323,6.250047651231294,8.32237653429098,7.459892348406427,0.9476738595725825,1.3315700933338364
324,2424,3151,1904,44.21872084454073,9.907752660026631,10.397737398262716,10.111912680036513,0.9982856762323665,1.049454680092384
325,1840,1894,1847,13.330620402505069,4.423315228568103,6.863013365613888,5.806960704826505,0.8855010893158283,1.5515542101293003
326,730,731,732,29.41961286976543,7.383139657137555,11.350431697417319,8.91119045151828,0.8240581498616428,1.5373448457587329
327,944,943,2080,47.62964523299648,8.000000000000025,12.599120109649188,11.041199181049103,0.8693033372514504,1.5748900137061437
328,3151,2424,2815,38.180794633289814,8.808134206953058,10.03024798182019,9.429846012348778,0.9888261882014313,1.1387483144730477
329,3032,2269,2681,22.171666758817,6.210749141726024,8.152123144883014,7.285565042294888,0.952986022561757,1.3125829040677475
330,2436,3153,1930,55.35412719947223,10.335078577899916,13.805797629709362,11.658470462351715,0.9245508007051321,1.3358193191903815
331,2976,1980,2979,48.14933802062207,9.947422189115121,11.748479873941456,10.640244071990397,0.9767608908057238,1.1810577303934204
332,1855,547,1897,14.168684974683813,5.190055051246912,6.1034006592742,5.7609786323801835,0.9810266224511098,1.1759799460716427
333,1906,549,941,28.50772180637248,7.14683323560272,10.278704235224607,8.476989431507352,0.8944432103940922,1.4382180045870014
334,1873,1876,1864,14.885463325897634,5.318628681345471,6.574354832361972,5.931564063852161,0.9698081702661776,1.2360996087996945
335,941,549,550,40.83333333333273,7.999999999999886,13.742744735007037,10.673816323410511,0.7890933287768173,1.717843091875904
336,2149,2580,2871,35.84460573045439,8.41666281073892,9.992039485735319,9.168286578541617,0.9799447166099851,1.1871735520860307
337,1824,546,1855,17.990089002354402,5.206446116381381,7.681988404781005,6.680959310903432,0.9077455702756809,1.4754764061824561
338,2082,2535,949,53.49041642380339,9.993728053227212,12.59521986820033,11.269253709548073,0.9641406845651757,1.2603124480791765
339,2428,942,550,39.931988502006305,8.74823567193708,12.93930127610271,10.27547159926825,0.8448152984876158,1.479075525778288
340,943,1912,942,13.663588233940692,4.990506910021889,6.488073760921875,5.719643651779276,0.9536347399897613,1.3000831133792414
341,1851,1850,1901,15.45916077422515,5.010871768822513,7.499088074438946,6.241830105045953,0.8926988969126367,1.4965635562853628
342,943,942,1911,24.476485108900086,5.680350284394065,9.394277694970814,7.969479053726644,0.8540608310836143,1.6538201386594455
343,551,2428,550,32.40074984763931,7.470994157868958,9.814565878136143,8.808145961923353,0.9525522371271137,1.3136894060877797
344,942,941,550,47.1327060160319,7.397912951115349,13.742744735007037,11.359986320741697,0.7944791496042789,1.8576515871189194
345,551,2816,3152,54.58050091266165,9.655795968715342,13.541842685860743,11.571713625616075,0.9239522848343135,1.4024574182942704
346,2975,2978,2943,37.376420964796274,8.655991974112391,10.223832272793413,9.36130564482756,0.9802518855800629,1.1811277440378856
347,1847,1836,1840,8.437773353979537,4.361019583914927,4.460324453627322,4.414886422036784,0.9996563698309205,1.0227710212718761
348,556,557,2536,24.656128731255386,7.376810448854893,7.677483674574885,7.549071630211415,0.9988839302797428,1.0407592451784722
349,2005,758,759,33.30379905348548,7.609669577717406,10.06926147150152,8.93972661170227,0.950149500666037,1.3232192762989707
350,2536,555,556,27.318604006483163,7.4011817803120366,11.778074751272847,8.92405909959645,0.7535998129075663,1.591377580078337
351,2816,3274,3152,49.208423695027925,9.655795968715342,11.537456852773966,10.74541348220893,0.9788428642340021,1.194873720421929
352,2418,854,855,33.19346738255379,7.999999999999944,10.49882936458946,8.981384327373775,0.9365591924265143,1.3123536705736916
353,1911,3371,2080,93.77253116777965,12.695587912079452,17.206930007392113,15.0580112545733,0.940909662553888,1.3553472376824913
354,724,1835,1862,7.486543451618763,4.000000000000043,4.508968989520451,4.178839410710762,0.9869907839818229,1.1272422473801007
355,546,547,1855,18.22717205842423,5.190055051246912,8.0,6.781499487598275,0.8885387340143194,1.5414094688799107
356,2953,2537,2862,28.755032282653406,7.235507033223631,8.922048920836652,8.23976982511014,0.9705814088637681,1.2330924259860219
357,1735,2480,1734,34.21033619225089,7.999999999999989,9.8379310155585,8.98268368821048,0.9722576291109792,1.229741376944814
358,3219,2992,3392,46.38124820149585,9.461380313532493,10.984908647522296,10.412345995508227,0.9838118119453221,1.1610260113749704
359,194,2630,3169,58.92732579769155,9.574566708091538,14.417093128754411,12.15780823687246,0.8966464598938884,1.5057697719699856
360,2629,2882,2212,40.09615377808515,9.07857875115938,10.621596501265579,9.696088285187242,0.9803058630055382,1.1699624789738314
361,2656,2243,2662,58.16651883541062,10.332194160838908,13.114386266703674,11.756598854860387,0.9628692166094904,1.2692740827896782
362,2177,272,2600,48.79533629788716,9.885127542551711,12.063614711415307,10.751059919715493,0.967478356438885,1.220380279312132
363,1628,1629,2544,28.84852494161937,7.615006467383083,9.408348001225573,8.289752816414603,0.9606125080721662,1.235500986312199
364,2600,2173,282,27.38259928134039,6.7684132560153385,9.31271439895147,8.151734095788006,0.9360960398574933,1.3759080668833155
365,1532,2857,2517,28.339254877077174,7.733771674865181,8.36661316452329,8.103021786246453,0.9956704596171918,1.0818283130487094
366,2133,3084,3087,120.13705894205953,14.899652522218835,19.849828704947793,17.07164670184638,0.9382357420749954,1.3322343373677406
367,1914,2014,1565,24.893319064575856,6.808255546580459,9.094565502502931,7.7828499445928765,0.9347630567183034,1.3358143565969411
368,3031,3030,2270,58.73269072635027,8.981503635267421,14.597822576060844,12.298057852180364,0.8638422437898974,1.6253205664516996
369,2530,2861,540,55.26309968452303,10.011381154802203,12.415047022745325,11.428712385189842,0.9692672630693826,1.2400933328554917
370,3053,3055,2446,25.391641400514864,7.3676161846986,8.032868478847366,7.672610906313342,0.994829669607542,1.0902941029325592
371,2084,537,538,30.720513141051907,6.733630583810626,9.95336226231084,8.739647752008144,0.9046568195294857,1.4781568632887694
372,530,531,2538,39.74914594735075,7.999999999999984,11.263658473811098,9.853488243896832,0.9275699611877894,1.4079573092263902
373,3308,2538,3226,39.453641979132435,8.851560488303592,12.550586120620968,10.105556103404432,0.8668303710443649,1.4178953120418993
374,81,2046,80,24.219933270572103,6.901984553049466,8.327156780784268,7.550998564963453,0.9750603694698623,1.2064873105381155
375,2489,2407,321,43.85008383737086,8.831901526177335,11.082532877117483,10.195554332383436,0.9653052276050879,1.2548297605299814
376,2605,220,2628,32.94053323687024,7.871709663089762,10.036238214578695,8.865437269208917,0.9581872885439511,1.2749756589268466
377,149,2356,2362,54.48617368519872,9.989674831050714,13.15831887317361,11.456451567880338,0.9464399950277657,1.317191910218525
378,2572,3333,3298,56.98292810491165,10.464930207485592,13.801483547622603,11.778794057074743,0.9343242953635604,1.3188318769436576
379,531,532,3226,23.987182939938652,6.60608473553585,8.000000000000025,7.520807892443574,0.9721802735025021,1.2110047509632962
380,1168,1169,2693,32.902188633603785,7.45460936935019,9.935346364047913,8.893308280877415,0.9474915689138728,1.3327789387459166
381,533,2087,3002,35.36355893953787,7.383513777972936,11.16061515708565,9.421776131449127,0.8955637057681728,1.511558790664257
382,3254,2136,3203,53.452574056511885,9.945290823195009,14.024152717243872,11.586542153175856,0.8988300182357308,1.4101299767459685
383,3080,530,2538,51.64374155828919,10.14559531577961,11.489608465624052,10.966287418404919,0.9889007340519458,1.132472576326209
384,1494,1497,1493,29.266678751272977,7.536930277329777,10.289541723512993,8.544153004780865,0.9067680201702595,1.365216519842668
385,2545,3165,2096,51.96537304192681,8.980337872901773,12.902806247241616,11.303632053253615,0.918914292819537,1.4367840531007097
386,2863,2542,2089,29.362630204372753,7.519465629101103,9.164047237952246,8.318339631478995,0.9736303756324776,1.2187099043961906
387,1626,2096,2543,51.171083445081344,10.323654688090771,11.700560312725273,10.918407231451305,0.9885348850922229,1.1333738551157548
388,282,2599,281,32.252146863041254,7.470472061106424,10.379444038402369,8.88409339811709,0.9270897845337434,1.3893960051655836
389,1495,1496,1494,40.83333333333337,8.0,12.216037485127403,10.168526402880133,0.8865437143016085,1.5270046856409254
390,2037,317,2409,63.27675386325299,11.493896365175523,12.443218440218992,12.111406193849227,0.9949224914275228,1.0825935822703037
391,2440,2490,741,54.89226188986939,10.359571999730418,12.213193591338767,11.335008996700894,0.9822441903406551,1.1789283950781542
392,2085,1023,1024,35.8115403191783,7.960599126020664,10.420942101894745,9.258627464004126,0.9534580308126657,1.3090650511256123
393,3053,1955,207,24.122730140914,6.944932188604365,8.05490747232555,7.505126490402488,0.9854373610064084,1.1598252155064228
394,477,2833,476,27.782365420156566,7.279308356010094,9.062439993160643,8.113916116390245,0.9666813818777436,1.2449589370229555
395,2120,2119,1020,25.00480549185248,6.584793455863094,9.091103351378823,7.811613735511782,0.9303443058694568,1.380620882388363
396,2540,1022,2085,57.646064120513756,10.95432515183513,12.276439233046396,11.576930653802515,0.9911276634701139,1.1206933391957767
397,1777,1778,3222,27.269385895351363,7.7044057423059895,8.119866500319318,7.941424080875106,0.9980862581951322,1.0539250880482547
398,1453,2560,1452,28.634304850066734,7.8271014606556095,8.638332611642063,8.155144690765878,0.9924955378240818,1.1036438782688915
399,1915,1018,2429,28.441716133854648,7.8527382103609895,8.562037603485695,8.123290627636186,0.9939091889964072,1.0903251036929829
400,1214,2320,1213,35.07900006944376,7.391134204924806,11.4619710966859,9.464790625400296,0.8772494985346854,1.5507729637825605
401,1017,1018,1915,25.284610804648473,7.14966032182385,7.999999999999964,7.667466177394935,0.9909141908904365,1.118934276581016
402,534,535,2087,36.72649916446744,8.0,10.258451315224702,9.352657910751825,0.9592190708208377,1.2823064144030878
403,1712,2906,2284,52.46666874370375,9.686817219651287,12.64663469583846,11.205896918049847,0.9538025994888207,1.3055510813379136
404,2233,1491,1492,34.99535202518765,7.622710091749184,10.070772469444451,9.171589631143426,0.9471493124522252,1.3211538085837802
405,3002,532,533,24.175256050088958,7.117271036395386,8.000000000000025,7.50026160478945,0.9900649196237804,1.1240263240068635
406,2715,1303,1304,32.578163266886726,7.712600396896915,9.878452927178234,8.809318323765346,0.9598112886658611,1.2808200112575168
407,895,896,2366,33.01351819001002,8.0,9.557693828856705,8.80084925261128,0.9792081120680555,1.194711728607088
408,997,998,2088,37.81659760810629,7.6113304583508565,10.769056103893087,9.634197836415268,0.9205236940989162,1.4148717051271498
409,225,2179,2211,47.50204532252397,8.957338377219052,11.636351932684764,10.66351780219003,0.9524689600668172,1.29908589389446
410,3105,1444,2658,39.513762710726596,7.285485015951989,11.668732578488267,10.068208716243715,0.866850262210407,1.6016411471492846
411,1428,1429,2265,40.006624864207424,8.0,11.528158333933986,9.927852298344725,0.9175771446829317,1.4410197917417482
412,2533,946,945,36.35551234821804,7.394145676811446,11.950077749224029,9.732118330850945,0.8551519601859073,1.6161539509155605
413,536,2087,535,35.863908828032365,7.624496402262472,10.598242251869754,9.340753690387666,0.932402254012657,1.3900252151374695
414,2088,1014,2541,50.9750617996236,9.54451665387496,12.470862401928846,11.046644437769329,0.9535328132080538,1.306599679604082
415,30,2470,2835,32.24877795405977,8.325298510982973,8.90251027774255,8.639684913819314,0.9969792772237942,1.0693322606988929
416,1225,2375,2829,47.268414944525844,10.144743734487548,10.72651655532535,10.45620899764653,0.9979172131253794,1.057347217047981
417,1790,2065,2066,51.794275593594904,10.033272665046026,12.16672563092881,11.044312445918157,0.9745164956977502,1.2126377939787603
418,2025,180,181,32.89372154430305,8.0,9.175617938321656,8.763252279190455,0.9854487937746528,1.146952242290207
419,964,951,3003,41.88697196109754,8.861477048028924,10.96416586699248,9.947149325875943,0.9703947318402689,1.23728423687914
420,2041,1451,2491,36.124146210736676,8.792235575500799,9.410073736359399,9.14461687311171,0.996818381075362,1.0702708833894512
421,533,534,2087,38.73181393257916,7.821974885354445,11.16061515708565,9.747013785888266,0.9222053483634908,1.4268283036784408
422,3003,951,952,34.28509832361686,8.000000000000025,10.321730675878038,9.061069241302329,0.9537075799431849,1.2902163344847508
423,964,965,951,32.200386809066565,7.790698411902454,10.96416586699248,9.014037213637897,0.8938421261635395,1.4073405601533329
424,944,2080,945,45.92144997975084,7.536930277329723,12.934154907661824,11.023401764880246,0.8310439623376885,1.7161038289774784
425,2077,527,3001,37.6943572251528,7.225627747770165,11.418648004672963,9.797821835752714,0.8759438706409441,1.580298404965128
426,2998,1779,2068,40.688376139079665,8.824814539932627,10.36294073406836,9.75935829637482,0.9819386263570932,1.17429558289023
427,2015,957,958,30.871954644362322,8.000000000000114,8.961278191643602,8.471236507872192,0.9913745412434667,1.1201597739554343
428,2015,2040,1916,48.091839764660605,9.323246878350542,11.491079159090182,10.65888691409212,0.9698004963214615,1.2325190257241339
429,2091,845,839,77.98184750449279,12.612150166667176,14.12138164873026,13.463198094428796,0.9913871867402209,1.1196648836335499
430,1864,727,1863,11.021283086780032,3.9999999999999116,5.959452891422181,5.245200028594005,0.8996068451277126,1.4898632228555782
431,2091,839,840,44.22281267252776,8.000000000000044,13.65606246788895,10.903925835218265,0.8220304805473797,1.7070078084861091
432,840,841,2091,36.22028955935504,7.424883350079788,11.055715037765802,9.495840093315907,0.9043061307021968,1.489008583232085
433,839,846,838,31.084277229753674,8.000000000000025,12.68638153273497,9.572546066253391,0.7440374580261575,1.5857976915918663
434,2423,757,2579,67.73439294036956,11.673226157770864,14.526316120262003,12.723435552617483,0.956582519863639,1.2444131488527563
435,1819,1830,1828,2.9757657808388807,2.3989181524718948,3.080593408677463,2.675226022154274,0.9488619924122382,1.284159447250485
436,1908,2472,3197,69.30989006729773,10.967585989584737,13.994261013980486,12.846401230271786,0.9594804539664498,1.2759654701836851
437,1949,2024,2046,38.28048499693322,8.397403669229497,11.48668109237997,9.703243211861015,0.9222535024595263,1.3678848302208542
438,1001,1002,2125,28.797573993020038,7.746211853755675,8.846670268007866,8.197627373921174,0.9863946037765167,1.1420640740310561
439,753,2143,754,38.11517369427029,7.820802456916551,11.36287119199702,9.709994897784618,0.913075887329492,1.4529034909899736
440,2085,1024,2121,30.0255654936787,7.830893667699894,9.394341164096971,8.420600545541378,0.9713315128653942,1.199651222803067
441,2551,2954,2104,51.21309411138154,10.280119952750807,11.322934193946022,10.902212698345886,0.9933799143208586,1.1014398903892335
442,577,2183,2607,43.18904622904911,9.196972071895821,10.776945465919086,10.049341003069413,0.9835104081192537,1.1717927793704364
443,954,1916,953,28.61227521507682,5.717293712035241,10.863864881617022,8.900318569035038,0.7831488565042523,1.9001761023310635
444,751,2578,752,37.32092344176093,7.5151935690514495,10.686479876410004,9.585459755087411,0.9166414055724197,1.4219833166265108
445,957,2015,1917,22.234921630357725,6.660903932283702,8.45243133197286,7.317014406230782,0.9476061555487706,1.2689616030950517
446,2677,1420,2260,52.7101892869737,10.765728749469332,11.38011160339066,11.04199665460578,0.997856015243703,1.057068394366857
447,1917,956,957,19.084957328128553,6.0073354478325,7.5125902689307615,6.726943216348988,0.965884224933477,1.2505694636448794
448,1917,955,956,14.857279874972097,5.751352024104149,6.0073354478325,5.860607169727936,0.9986343453364345,1.0445083908367137
449,2040,2015,958,38.59562267986904,8.961278191643602,10.163452240486144,9.48265910349343,0.988448743416708,1.1341520733017272
450,844,842,843,44.740279149056654,7.859273561601871,13.137138875262242,10.818769225027514,0.8476488262352597,1.671546202367416
451,1928,819,1929,26.21243829776616,6.791808269110748,9.787312336698127,8.11223130947088,0.8985899170366559,1.4410466180576649
452,633,634,1896,31.789447492030938,7.391372920133289,10.25660892077578,8.812364475533974,0.9289892534854687,1.3876459801991456
453,728,2007,1838,19.312663596830664,6.306747780539809,7.7721144598391545,6.79650424341531,0.9556938979727891,1.2323490220777342
454,2040,2093,2092,56.476801657583145,9.533543574157804,13.369812838124295,11.737598991135686,0.9290537424018779,1.4023969926948583
455,2092,962,1916,90.12082088690038,13.996497906434378,15.247157420234297,14.460246702485856,0.9938564912921801,1.089355174570131
456,1875,1871,1865,12.470933537144072,5.039071773925722,5.740900953051614,5.389600584207265,0.9886885442215608,1.1392774722434897
457,177,178,1951,18.85108720324451,5.459778751755993,7.999999999999904,6.836610145691829,0.9100548218952721,1.4652608399977594
458,3003,952,2090,48.01953145108158,9.817896158659117,11.758010530927477,10.63254578848821,0.9751129980060388,1.1976099910730091
459,745,1850,1849,17.785522077992297,5.807887618162765,6.834782071584171,6.4554257225826035,0.9806530976527742,1.1768103174396904
460,2120,991,992,23.31461068826929,7.143564383339482,7.473411178561053,7.3418631760531525,0.9985066041978751,1.0461739794759677
461,3100,1385,1386,26.586943276846444,6.9986592237692,8.82718507156259,7.9419480984439375,0.9648996022590667,1.2612680213923346
462,2628,2211,2880,36.77197500758564,8.5116634530761,9.7676602768543,9.260801345164952,0.9868284521597119,1.1475618521223705
463,1830,1845,1829,6.25020576724752,3.5858322468107424,4.09729464833128,3.817390957662193,0.9874798962275431,1.1426342244469008
464,1760,2094,1759,27.01397162702894,7.377448315899234,8.964234193535427,7.996876170269452,0.9682740528896143,1.2150860039529507
465,1096,2103,3009,34.77484706919505,8.326146924335553,11.318845539233564,9.342148948633614,0.9000239820090388,1.3594337983816969
466,1753,1754,3004,30.52871030749426,7.633218956761949,11.148245127207717,8.927154694656553,0.8578771980817558,1.4604906777018303
467,2956,2183,584,27.14824736990739,7.51651986609344,8.542645932495992,7.954766294300474,0.987886246523848,1.1365161118021312
468,1968,2677,2455,36.9256031275624,8.10268267534725,10.12406488107837,9.353937896274209,0.9658311528021765,1.2494707353999261
469,1756,1757,3004,35.714310600568346,7.999999999999994,11.5413095027037,9.498755344042864,0.8920049832131073,1.4426636878379635
470,1755,1756,3004,31.368189276118148,7.024958403747496,10.965796545049935,8.981903826074111,0.8700316541924824,1.5609767225383402
471,979,2818,978,41.0782295979522,7.999999999999944,11.92873100053364,10.12609517354147,0.902089752158937,1.4910913750667154
472,2927,114,115,32.559672106308504,7.999999999999984,9.726633386335218,8.765004796286197,0.9722248159864093,1.2158291732919047
473,2036,2788,2488,49.17393847703599,8.391556668042604,12.46214717830646,11.096079266499865,0.8957411009076174,1.4850816923832264
474,1622,1918,1621,13.489677659315689,5.0708278393762205,6.181791783819165,5.636695131010984,0.9741956393579132,1.2190892650340122
475,1183,3455,2722,48.22431412237199,8.766750226026083,12.63473396954259,10.898548904896439,0.9177513323822971,1.4412106702930263
476,3158,2844,2668,54.987293467118,10.954854616775462,11.484777227262512,11.275831743277555,0.9983510260219242,1.0483733129306496
477,2094,3004,1757,41.70603158641801,8.286668799018134,11.5413095027037,10.07810602510528,0.931601203031435,1.392756218768053
478,3123,2319,1211,34.81618556676715,6.647383037856017,11.21282436682225,9.554921928687527,0.8414811398700078,1.6868028069041028
479,2734,2325,3125,50.165857717407555,9.966651912976246,12.266846533772007,10.90850995815777,0.9657310343068158,1.2307890995772597
480,2651,2241,3101,76.6429441362714,12.11753747831844,15.193581704043105,13.497185246758685,0.9629932481449802,1.2538506054739704
481,2475,1620,2016,43.14593419806779,7.831840936088611,12.48681575659826,10.503019599824585,0.8728125249912352,1.5943653425160653
482,3400,2783,3382,70.50252721027069,11.71600946502375,15.953873636924737,13.256390555723835,0.9076005003151153,1.3617156664607044
483,3351,585,2613,35.30127696137393,8.033881635629404,9.96964748906036,9.133333339037605,0.9696453817787847,1.2409502580727654
484,243,2877,242,24.221475900966198,6.69594935358029,8.0,7.546657692357535,0.9759691463897353,1.1947521669533598
485,71,72,2405,35.2873023883909,7.394145676811523,10.26979943657211,9.288740606057358,0.9252502689915355,1.3889095353880851
486,2869,1635,2558,27.991354418191538,7.374676004245501,8.733821206351559,8.097217465817709,0.9812795377333333,1.1842989714156413
487,2016,1919,2474,35.116197658698574,7.713633312929438,10.202279463526711,9.17921219287213,0.9497507485330424,1.3226295637395487
488,2474,1919,1623,41.219437106105914,8.619523691707336,10.824035030956198,9.881946062063415,0.9662796574050291,1.2557579070604303
489,175,2444,2195,34.791880864859245,8.408630703902066,9.669240905579388,9.00904787104194,0.986722524553992,1.1499186069727536
490,1369,1370,3173,30.385990386925506,8.000000000000114,9.216114268248566,8.435307288211616,0.9819880544243113,1.1520142835310543
491,2382,488,2383,36.20180040577422,8.074993404116702,9.95094412903518,9.249509917234619,0.9693062632981956,1.2323160690090598
492,1628,2544,1627,27.039761505001962,7.450881674836897,8.897887628952528,7.987925257057502,0.9722882333294444,1.194206003700536
493,2358,3185,3288,45.73401722292416,9.064929864225167,12.575350116442886,10.616822794440681,0.9195909602903902,1.3872528861002693
494,3282,2543,3165,66.79718759954335,10.930561925293883,13.628522106076097,12.575721109129807,0.9669301718955396,1.2468272170471855
495,3124,867,868,30.60371556464974,8.000000000000057,9.159605163606455,8.454863782529378,0.9851714452566509,1.1449506454507987
496,1920,2097,1653,42.002242015788276,8.350584849226525,11.13861478073668,10.054334387489828,0.9456310388324409,1.3338724151480714
497,1652,1920,1653,22.761798749839674,5.701135899376118,8.623850394144888,7.558523714249177,0.8929388332314232,1.5126547667612353
498,1626,2544,2096,51.960629107707064,8.9446995912855,13.860669090514634,11.501976331508468,0.8801182253595796,1.5495958191841999
499,2788,2385,3144,83.18776597221277,12.080861406444683,15.71079020575327,14.095425620594407,0.9559962510909638,1.3004693686306308
500,1627,2544,1626,33.42197040772817,7.999999999999994,13.860669090514634,10.252852239822385,0.6906075999840618,1.7325836363143305
501,1655,1900,1654,21.66817414162309,6.506825372846806,7.5580843989594095,7.114182897541224,0.9848719474234401,1.161562507962722
502,1653,2097,1654,41.12252356767204,7.999999999999984,11.489344452771899,10.054382661759389,0.9192414290977288,1.4361680565964903
503,2097,1655,1654,42.99078077041696,7.5580843989594095,12.837676026275744,10.628368292669018,0.841534067073861,1.6985356802899985
504,2544,1630,2545,63.18069396465378,11.33279354720553,13.153589591971697,12.152224949939843,0.9842416435702417,1.1606661267746419
505,2818,2438,970,40.54900306266981,9.08565031767075,11.57154322241573,9.915887770499813,0.9392999237543443,1.2736064913163287
506,2318,2316,2368,91.00166564997025,13.886175510464115,16.037618328823626,14.609673973456438,0.9799367763491368,1.1549341513607012
507,1319,2711,1318,26.619025146012063,7.367584280055289,8.227769947006951,7.8651180756874135,0.9916361901245748,1.1167527420460275
508,1178,1179,2281,39.96436678938766,7.463345651757563,12.578466576005516,10.262092362456166,0.8406571481991049,1.68536567417903
509,1619,2430,2866,57.19410997758183,10.998685975747119,12.274977315733537,11.532384604678642,0.9909590538975542,1.1160403472560931
510,147,148,2766,40.66419136938211,7.845903980635212,11.26192764653658,10.010159645910788,0.9156183986407744,1.4353894305019017
511,1652,1653,1651,20.478491928353346,5.701135899376118,10.35053101687619,7.815270864354601,0.7301697068987876,1.8155208364720545
512,2099,2867,2954,38.88442732374779,8.143474789320983,11.406259561959336,9.762653483969991,0.9249695368521601,1.4006624760375062
513,2548,2099,1617,58.22660448191311,9.716268690822924,14.641947077501898,12.138171652391433,0.8882716167689108,1.5069516440329926
514,2099,3006,1617,55.780223303974594,8.563729339493799,14.641947077501898,12.122539958929147,0.8383721524243848,1.7097629428778027
515,2547,1652,1651,22.99771976457203,6.84436678694015,7.70062359750046,7.313045353750701,0.9907630290620243,1.1251038755249276
516,2547,2866,1652,32.84410545429257,6.84436678694015,10.996240362162498,9.183676605875936,0.8683317088762461,1.6066117881269317
517,1615,1616,2101,31.227789564726113,7.980828764929881,8.886674018061441,8.51798065306882,0.9918927691754634,1.1135026549012192
518,2096,2544,2545,54.70441217132209,8.9446995912855,13.153589591971697,11.667031810166272,0.9034492966757541,1.4705457078499056
519,3354,2475,2474,97.96787590278406,14.185115403013294,16.410433076918284,15.133014308553124,0.9841634216218343,1.1568769524026765
520,1243,2723,2916,37.41059494110418,8.425073677635966,10.96859061551888,9.498043853048921,0.9455615366197915,1.3018984800850562
521,2339,2333,2740,66.21015737702187,11.531317801604832,13.515222334518391,12.448608613428755,0.98246425200229,1.1720449099614145
522,1104,1879,1103,26.657919794493345,7.294955650017951,9.168847073482832,7.993657293664629,0.9530399486846695,1.2568749576236655
523,2921,2741,885,38.120004315901085,8.321600702792026,10.714309282068188,9.535392183250357,0.9581609471646094,1.2875298472892807
524,2031,2365,1237,62.43452741208909,10.651036299305447,13.731583779687352,12.206023782054528,0.957609400346788,1.2892251414618487
525,1102,1879,2416,35.36360350842962,8.474950765143255,10.863491524953824,9.273735650385072,0.9358614937848693,1.281835355272438
526,1105,1879,1104,27.509157347421933,7.294955650017951,8.848112810104437,8.047689486707464,0.9748526461567443,1.2129083759519037
527,2343,2749,2344,45.357256925882105,9.821057466447293,10.720635265170047,10.25464021424253,0.9948244768649613,1.09159683687791
528,1312,2303,1311,40.72026445338899,7.738807721244815,11.267702650878917,10.055232418469284,0.9060322872183855,1.4559998202237885
529,1047,1879,1105,21.17465618755221,4.812709911643299,9.61943311638876,7.760085279378832,0.7562569011970488,1.9987560632143329
530,1460,1461,2245,43.995478655223906,8.0,12.012827621381643,10.48642872062784,0.8982704737179039,1.5016034526727053
531,2624,2878,2627,37.25954403731902,8.493870010573227,10.292413998699379,9.365061534582802,0.9750937937143519,1.211746116421291
532,3040,2917,1206,43.925101788880276,9.96370180080493,10.14647931995681,10.072692259231774,0.9997571627577775,1.0183443385607058
533,2102,2550,1100,46.68525178908295,9.821160400020513,11.689584368349346,10.495273600485541,0.972463314518646,1.1902447259007123
534,2798,3319,3383,73.4585099218605,11.661045678967112,14.139427058312135,13.148956258877208,0.9747340969882246,1.2125350888398672
535,3009,2123,1095,32.00891932333049,7.922107196356282,10.870678623126121,8.96662256246321,0.8990825568193227,1.3721953457188782
536,2524,3202,3078,60.184903189565055,10.87558592047511,13.182571428248307,11.91090524902509,0.9734317058550794,1.2121251695901654
537,1921,2432,1099,43.2381040907388,9.19822371419341,12.850763396982472,10.486849934693177,0.8854227277006993,1.397091851240036
538,1279,1278,2322,28.341211989478957,7.44295002190434,9.908067391758543,8.34877243804599,0.9227799289607954,1.3312016556069097
539,3131,2830,3132,36.8938957035503,7.459780716107119,11.795647214049788,9.733562833815524,0.870322702885595,1.5812324333583545
540,3011,2103,3230,91.87007070073454,13.544277047503584,15.231783013868782,14.62337358729494,0.9894435608662129,1.124591808071161
541,2106,1921,2868,56.85108557200955,10.850623587871072,12.11912128978763,11.493346472633265,0.9918907803872862,1.1169055116181983
542,1096,1097,2103,43.281556353149334,7.999999999999984,11.788334977459334,10.369060172230961,0.905709849369293,1.4735418721824196
543,2553,3050,1049,57.999755212609266,10.61099501340189,12.323304117086323,11.641199944839258,0.9844040330611987,1.161371209912148
544,444,2792,2791,34.15033087973146,8.012347554168311,10.759421528154865,9.139397325086014,0.9288520237886346,1.3428550690561878
545,2263,1425,1426,39.48868842932847,7.870312175692639,11.022124139888255,9.81978239569784,0.927130434592503,1.4004684812795543
546,2587,562,563,34.43684039804281,7.999999999999972,10.1284121922463,9.046851715522726,0.9628010621965333,1.266051524030792
547,2605,218,219,39.387885933578765,7.83023545709169,11.20970747437216,9.835396395658274,0.9203232042332042,1.431592643133068
548,1051,1052,2105,28.76153445412912,7.634232045446127,12.22949314831792,9.21969806571859,0.7418410315996772,1.601928402950877
549,2226,1749,2227,43.58751091644016,9.000246428653838,11.186415558284896,10.151061728310259,0.9693181055556833,1.242901030206352
550,2193,260,2194,38.165699389274316,9.076499223922934,10.017526234786965,9.418392536036727,0.9915973383554431,1.1036773085799165
551,1052,1053,1054,43.258208342931994,8.0,13.511461659750431,10.775491086634416,0.8244341483379138,1.6889327074688039
552,211,2210,251,32.76790194606806,8.088099732962014,10.994515903243022,9.07064409949966,0.8995182318717115,1.359344749229078
553,1571,2062,2511,41.638281906013844,8.993280322895435,10.491230329443146,9.865333768866384,0.9839393804816846,1.1665632508678923
554,1054,2105,1052,64.92449010365134,11.302151085227313,13.511461659750431,12.347701964431886,0.9781483843895786,1.1954769988352782
555,173,2194,172,31.017335444443617,7.4424905919927715,11.86049916242184,9.23246772359263,0.8062724189787549,1.5936196379182954
556,2105,1054,1055,29.013098974873273,7.283940354609937,11.302151085227313,8.862030479945744,0.8211325132921248,1.55165343687559
557,1413,2673,1412,30.55977141582533,7.660860130070337,10.66006980301386,8.773643311028087,0.8958998458353233,1.391497772054479
558,1058,2106,1057,38.941655952943236,7.999999999999903,11.893024938520943,9.899448302719408,0.8945826780637535,1.4866281173151359
559,1295,1294,2494,32.60520685623384,7.999999999999944,9.630079052309103,8.757530958521683,0.976079448798302,1.2037598815386463
560,1050,2105,2552,36.03907280239842,8.403882845494637,10.858353153015265,9.338228785194188,0.9417335404207859,1.292063841517791
561,2469,124,125,47.010467602917515,7.999999999999984,13.077525480736918,11.01542952169684,0.8610133575968627,1.6346906850921181
562,343,2477,342,32.81229225218878,7.427676496506418,11.047732997249545,9.115415469978695,0.8883052833216197,1.487374012915857
563,1922,1501,1500,30.951087206172048,6.122010380010673,12.008706298950935,9.416134907125546,0.7549063812743738,1.961562551112499
564,2108,1061,1062,35.95000414173384,7.710463768416977,10.800473200308048,9.368721184909255,0.9287730833083087,1.4007553273965356
565,1499,1500,1501,20.03319726277014,6.122010380010673,8.297514742482974,7.014464498299897,0.9240407829596249,1.3553578363041763
566,1064,1065,2433,25.741083366300455,6.805888912879328,9.078774615195924,7.885626980173799,0.9428385647691949,1.3339586836357895
567,2105,1056,2552,43.65522435773807,9.165718914020237,10.858353153015265,10.11259953380114,0.9810730864575963,1.1846701011533214
568,2107,1059,1060,36.667547480495216,7.485277894429973,11.367242967710004,9.599917872207909,0.8939065190098483,1.5186133538433786
569,1062,1063,2108,38.599711594391145,7.561834099006666,10.978273030941747,9.78019344341882,0.9085204030773406,1.4518003023081225
570,2553,2552,2106,59.901252772756074,11.443829950201167,12.051913304392269,11.769557846273472,0.9982029636582492,1.053136350053892
571,2101,1614,1615,35.93006577381173,8.686439176215137,10.094062248641427,9.182538503863425,0.9792459765623402,1.1620483426949662
572,2103,1097,3007,43.82235586358414,9.460177907894671,11.788334977459334,10.25469208652938,0.9517389066580151,1.2461007702214328
573,1650,1923,2434,54.206866302554594,10.52687297564032,11.771845216219752,11.2238985471021,0.9916041142198254,1.1182661027125869
574,2415,1857,2545,54.605484285211986,9.484565675019981,13.359785892554422,11.55783434203809,0.9264103151272005,1.4085817263874107
575,2878,2624,2207,30.41695399920166,7.9565653920047605,8.750871401084037,8.400435601220677,0.993889219460284,1.099830262172852
576,1655,1656,1826,18.525794175001472,6.199191730765144,7.391853655277474,6.615868521931741,0.9707780105372424,1.1923899076380275
577,1632,2813,2415,33.36947126844284,7.82616935194532,10.044388003302645,8.920805620809661,0.9584859649408659,1.2834360657945576
578,3263,3120,3416,120.30286929362964,15.80711580393949,17.5761548642545,16.715000258655177,0.9925465197078676,1.1119140950352326
579,3216,2970,2914,49.23633821549526,10.34308295832499,10.965650459615489,10.672444240583856,0.9977198038956203,1.0601916762921644
580,1907,1858,1898,43.13337103704705,9.14786203909939,12.204571541234627,10.295374399363148,0.9236864749142875,1.334144687476744
581,2554,1599,1600,22.377395355910327,6.559432029604352,7.999999999999984,7.2621315212758075,0.9735016820336104,1.2196177906705932
582,1430,2484,2679,42.583846745097816,8.424656255856101,10.96504389095162,10.109464096305837,0.9490691643241831,1.301541992687198
583,1924,1608,1923,85.1184994727991,12.539183664402676,16.822367562978194,14.39525105948443,0.9340861997954273,1.3415839510138918
584,1650,1899,1649,41.18446301999559,8.0,11.380819949930881,10.049433390585708,0.9220344104975291,1.4226024937413602
585,1125,1966,1281,46.42194942098368,9.414525175441682,12.999906655575986,10.773773333979063,0.9039944607607081,1.380835083375949
586,1609,1923,1608,37.9710238295091,6.111847643645811,13.190242588425619,10.613757965491368,0.7137644885611948,2.158143225664152
587,1218,1219,2032,33.07178137614298,8.000000000000025,9.486378742948292,8.802272837125019,0.9810006086657055,1.1857973428685327
588,1648,2110,1924,55.32836794018603,8.994515958413423,13.327857456559203,11.739651138716134,0.9022520343961385,1.4817759530564172
589,1649,1648,1924,42.296725838546045,7.779385746553072,12.896580001175778,10.52761693869995,0.8474252988988507,1.6577889850609422
590,2004,329,2352,25.243915389518722,6.410926387193599,9.301341228253516,7.907348677629263,0.9119968189160751,1.4508575931918015
591,1924,2110,1601,44.66943256867414,8.852923442895097,13.327857456559203,10.757767981089662,0.8647921863578754,1.5054752865004677
592,1605,1606,2109,42.94698244623096,7.999999999999984,13.623003710928158,10.788883480110487,0.815165747249061,1.702875463866023
593,1605,2109,1604,36.00455653067549,7.391196048386685,10.743646729403322,9.429742403268465,0.9131654228605876,1.4535735027280725
594,2109,1602,1603,43.07945615165244,8.000000000000004,12.49580086352884,10.464444182757232,0.8806790755768542,1.5619751079411044
595,2046,79,80,27.59249661651198,6.901984553049466,10.739198012277548,8.547060855109006,0.8422624438667509,1.5559579900150178
596,1602,1924,1601,27.842288506193068,5.716337108376599,10.215724400737447,8.674861517642912,0.8074500365652598,1.7871102083478494
597,2110,1600,1601,33.118392572192974,7.999999999999944,9.603584968708855,8.818836137201298,0.9780388946843832,1.2004481210886153
598,2109,1606,1607,76.56385029011238,13.094604826598543,13.623003710928158,13.303271955485519,0.9987962004651695,1.0403524116479101
599,1610,2549,1609,35.353676525924875,7.619186218132827,10.228404818921502,9.23438046370873,0.9427773520603863,1.342453711733547
600,3260,3110,2261,50.71458613332399,10.06002712403018,11.823402208581413,10.896071877715348,0.982167423123882,1.1752853210841843
601,2893,2241,2651,46.6628871967127,9.123978786527946,13.180436557914511,10.855057932971278,0.8924398668788015,1.4445930735148296
602,366,2596,365,29.66648657671763,7.918149823677439,9.073333028745001,8.330494284140826,0.9833174836769897,1.1458905465028266
603,1638,2555,2111,28.30877423285339,7.4586118360685365,9.02906100627254,8.167233819586327,0.9739271024472393,1.2105551548626767
604,1637,2111,2556,25.880539265319406,7.220111862440767,8.680950490124314,7.812533658850214,0.9729625018651473,1.202329085132721
605,1592,2555,1591,28.638645592928597,7.324976570671992,9.638280408206294,8.32108565962609,0.9423544322171881,1.3158104077487964
606,2763,2358,155,50.35666022117852,10.539603537821932,10.945873072251795,10.788300229658377,0.9989232225574965,1.0385469465689048
607,3125,2325,2733,32.70788906554658,7.996765908396703,9.966651912976246,8.820580410095864,0.9622213779789422,1.2463353344520363
608,930,2918,929,31.87909534070981,7.560364922404326,9.34019838691564,8.682907030388565,0.9683350810895994,1.2354163433615446
609,1591,2112,1590,29.828880810042556,7.392208968927748,8.95960299404409,8.382906144236777,0.9734143823719902,1.2120332409033203
610,1427,2264,1426,29.94025107881377,7.49980034604401,10.617345100029327,8.705715148691107,0.890362161048258,1.4156836995840507
611,1591,2555,2112,28.250157866134597,7.324976570671992,8.95960299404409,8.15970873976489,0.9733562870251007,1.223157904684211
612,2627,2217,3054,57.19596545445691,10.315581948447974,13.448814044120354,11.726372296224914,0.9489618063935435,1.3037377931105272
613,2111,2555,1592,31.24842957299648,8.014028616417907,9.638280408206294,8.599044724066319,0.9688363363118936,1.2026760658753914
614,3253,1898,2425,55.822158366162306,10.356208070540461,13.67228022310998,11.661110756845842,0.9337415649811105,1.320201383554904
615,2047,2025,181,25.8898487433249,7.1568474826965325,9.175617938321656,7.908023719932747,0.9438135775864464,1.2820753775326366
616,2063,1775,2513,45.36602276619716,9.22581888575487,12.696150075040602,10.609680119069042,0.9124624863506934,1.376154272293823
617,1596,1925,1595,44.138796345474404,8.000000000000028,12.214120585864341,10.529872424834048,0.8926282930296126,1.5267650732330373
618,3170,2639,2640,55.613770264117875,9.908956851383397,13.796150602464799,11.695914183572128,0.921590033414594,1.3922909151167318
619,2556,2111,1593,43.00412281782455,8.680950490124314,11.51589504395105,10.165221163373102,0.9487356111252986,1.3265707547867998
620,1461,1462,2660,30.107183903272215,7.802710507102701,9.590441826116308,8.464384111073041,0.961863782332455,1.2291167046869493
621,175,176,2444,29.433138165061848,7.911466907145427,8.949272003644364,8.286912970263286,0.986636323260295,1.1311773288922713
622,1596,1597,1598,44.9490449892935,8.0,13.281223518294599,10.852049612077119,0.8473565842467711,1.6601529397868249
623,2880,232,2178,56.633957930289256,9.72588802607089,13.424735201958013,11.72963732662951,0.9348038143545258,1.3803094551337745
624,1486,1487,2639,40.26402694987567,7.394145676811493,12.028047233395489,10.18362763836116,0.8631238629924778,1.6266987099153596
625,1593,1594,2113,45.796275933322725,7.637945465013685,12.883976082373218,10.955240772361348,0.8422674370976188,1.6868379253805177
626,78,2045,94,29.022937893615563,7.36502406923888,9.787386829646486,8.395647459795326,0.9370269309014331,1.3289008613732798
627,2436,2817,3153,36.62650906194364,8.562937586404386,10.335078577899916,9.29600371598643,0.9724021973762826,1.2069547948485817
628,1636,1637,2556,28.996079778121604,7.5365386239855585,9.370710052497964,8.302416225494527,0.9629984097286273,1.2433705338781158
629,2385,2788,2789,46.41457654820391,9.555384622854723,14.494625249585269,11.279636361572573,0.8095461757040527,1.5169065214723845
630,1612,1613,2104,39.82361285375009,8.0,11.281624093498236,9.865181195818947,0.9269418786267567,1.4102030116872795
631,3009,1095,1096,28.698188381180096,8.000000000000025,8.326146924335553,8.144409597414269,0.9988815969187385,1.0407683655419409
632,555,2083,2975,56.66767985609249,9.22894404597374,13.447712113203218,11.838842049066862,0.9111777589125288,1.4571235935783982
633,2493,162,163,24.879199049664958,6.752786646139882,10.632762333680814,8.270144109966791,0.806269968936106,1.574574007866642
634,857,2323,856,39.11235219677956,8.000000000000057,14.665385915175749,10.957664829145793,0.7070189719370922,1.8331732393969555
635,566,2161,565,38.93654372346623,7.6480239698808425,11.511474191088398,9.86443388599212,0.8995890903837288,1.5051566569904133
636,3007,1097,1098,33.606139383322144,8.000000000000025,9.515563374234135,8.876486033966918,0.9798877166602221,1.1894454217792632
637,31,2002,2470,31.14676308956465,8.334248490440055,8.600953870403652,8.483346666374688,0.9993171171741495,1.0320011312681072
638,2108,1063,1064,42.7658591355646,8.0,12.026406154538616,10.334893061826788,0.9001498739437761,1.503300769317327
639,1239,1981,2031,90.19043943319996,13.686860668021671,15.616163721894582,14.503863539621774,0.9870152117505353,1.1409602319091758
640,2453,1442,1965,33.19631866169778,8.098471662257127,9.28438152183624,8.798044161244801,0.9871354140067163,1.1464362547696545
641,1922,1064,2433,31.159139765404166,6.965935692986117,10.459803259757729,8.834837855979924,0.8981550243592015,1.5015647173271391
642,2008,725,2051,27.77271974253338,7.078183980924534,11.190989094886811,8.722687611153697,0.8093800774396656,1.5810537173159314
643,949,2535,950,31.026296423937293,7.991505021064117,12.59521986820033,9.52890829642149,0.7502746913247658,1.5760760751575178
644,2834,3267,2469,64.89203340253539,11.772982322028193,13.242107235544706,12.299377554950814,0.9877449792245503,1.1247878297385754
645,1880,1065,2417,37.62593712908853,8.442587735981393,10.112734960264461,9.397668741986521,0.9784201910943096,1.1978240885984617
646,1902,606,2013,22.932425970188568,6.2698451166077795,8.590794386209112,7.461930662442131,0.936019334522922,1.370176491832872
647,1880,2417,2115,44.656944463003974,8.442587735981393,11.42800940448192,10.407842263706796,0.935382321958805,1.3536145269508997
648,999,2122,998,29.130461345069193,7.491004035866551,10.308472321117046,8.536888994748038,0.9034323079607165,1.376113571927154
649,1068,1069,2115,43.19221305167556,7.41962717409343,13.098065279738517,10.748847498825393,0.8217025390878384,1.7653266090609074
650,2116,1584,1585,34.12125032407708,7.517169157493151,10.165781040008092,9.075361419699638,0.9421199919274809,1.3523416630680436
651,2954,1612,2104,58.655469498498434,11.281624093498236,12.424632346862289,11.676396878102182,0.9915132095252629,1.1013159314555416
652,161,2044,168,51.27805818867529,9.428618293766801,14.121381648730287,11.478443351199592,0.8733099138561683,1.4977148516093648
653,1586,1577,1816,1.0411945537681588,0.5602903476760523,3.8683830898834386,2.726826849335584,0.24574220361737958,6.904247245965503
654,1776,1777,3071,40.41681617859918,8.000000000000027,11.095380700173756,9.920473183311023,0.9306816483772281,1.3869225875217148
655,91,1949,2841,49.5138086907176,9.667475724485096,11.535850278070061,10.77891576935915,0.9787517747898697,1.1932639508835672
656,1585,1586,1816,13.546785497362634,3.8683830898834386,8.0,6.290744159479104,0.7331364925995412,2.0680475056675562
657,1585,1816,2116,29.096279458731754,7.003849388553872,10.165781040008092,8.519001112383245,0.9050030569238501,1.4514562601277015
658,1926,1448,2017,31.14794907408429,7.93148293771342,10.042143251971234,8.668102164064736,0.9454727443007714,1.2661116881714305
659,314,315,2003,26.472337055758622,6.795570393973433,9.246207561914822,8.013925985296048,0.9373114603700581,1.3606227330254288
660,1453,2118,2560,37.81175521213253,8.638332611642063,10.869047301609273,9.511050695808636,0.9553134368595821,1.2582344059038464
661,1776,2513,1775,29.68755900588045,7.54628804078603,9.22581888575487,8.366662410246152,0.9728764557840678,1.222563840114682
662,2017,1450,2041,34.089590634273044,8.653001633782507,9.125385273314386,8.879149749830583,0.9980963227608365,1.0545918814677704
663,1454,2118,1453,38.31189811730116,7.751711776956253,10.869047301609273,9.673495060620448,0.9268561142895226,1.402148017670112
664,2022,2493,165,34.79503657232483,8.125194314608647,10.203355259886324,9.091103618490214,0.963744079359075,1.2557675379579858
665,79,2046,2045,34.701421498452746,7.381145205025804,10.739198012277548,9.258454064339134,0.9140308048272381,1.4549501078728615
666,2117,2114,2116,73.45886076641997,12.509779589442623,14.138110702830051,13.091632438726847,0.9866540227664243,1.1301646525220657
667,1580,1581,2117,31.274887310286175,7.424883350079852,9.5655003023946,8.632647691670261,0.9588731529345506,1.2883031088012618
668,83,2606,82,34.12713929225414,7.999999999999944,14.49199553278496,10.599086439156316,0.6556736239105944,1.8114994415981327
669,2542,995,2089,31.641920288215307,7.700184746187088,10.644733183365052,8.872141318978592,0.9095541586376527,1.3823997130245504
670,1578,2116,1816,31.106240286671927,7.615149533770274,12.540366992018074,9.514296478125374,0.7545898432717942,1.646765692046669
671,1442,1443,1965,25.030182942202185,6.360759543231579,9.28438152183624,7.881713688355906,0.9095515674822745,1.459634098527692
672,760,1936,1865,22.765112995005747,5.8653494123417556,8.958479011824124,7.570168138597275,0.8918048398738863,1.5273564082940847
673,1876,1902,1903,18.0859710686737,5.943247060387479,7.2708765102414175,6.536603774175543,0.9706461257957295,1.2233845297636645
674,3082,3252,2554,23.227649928635334,6.44886757174721,8.566537934196463,7.481211843343079,0.9457768139220258,1.3283786399532942
675,1924,1602,2109,63.55692140320207,10.215724400737447,15.396481943846899,12.702669069371062,0.884993338520684,1.507135601929068
676,823,2443,822,25.013356277173393,7.10319035886495,8.47746333748204,7.672076744296343,0.9757171976169975,1.1934726382352918
677,1878,1936,717,25.464678999957037,7.14717951997849,8.704624843790622,7.764753913316703,0.9680735372925766,1.217910480555107
678,1066,2417,1065,29.968282537363166,7.5887741670816125,10.112734960264461,8.567169709115358,0.9274958702254911,1.332591369516729
679,2052,2043,2020,20.14494036672856,6.583671743843789,7.063134183211817,6.829175802663344,0.9967161756717206,1.07282599406879
680,1874,1903,1877,31.90136683040337,7.403998650774438,9.781707069373157,8.746324416267507,0.9507727808378158,1.3211384186773205
681,1455,2118,1454,38.58597053593144,8.0,10.487202587300843,9.628976230198885,0.9475278232725095,1.3109003234126053
682,2401,2799,2938,33.08311614166632,8.185623233231539,9.6508527321609,8.809524836233232,0.9796510603153555,1.1790003591884004
683,1498,1499,1501,17.589488749092318,4.8735268984506845,8.297514742482974,6.81053916770847,0.8386108336696453,1.7025687793209452
684,2864,2429,2119,34.59019220587563,8.242171307872548,9.594926790433137,8.989122320832825,0.9847552210328423,1.164126106098826
685,2119,992,993,31.529398242146385,8.0,9.136882024441018,8.57102092641363,0.9882759362668799,1.1421102530551273
686,2120,992,2119,28.78254669129468,7.143564383339482,9.091103351378823,8.270282829839392,0.9622726793807658,1.272628461581654
687,990,2086,2540,46.271510742719904,9.425377982239404,11.56347238370863,10.450845426414455,0.9715745345657986,1.2268444199795614
688,1076,1077,2572,42.04690790472684,7.440867966001488,12.053787843490417,10.418052899023607,0.8594564598863118,1.6199437886233294
689,984,985,1026,30.22599366707349,7.39119604838665,10.684725029632748,8.757032838003141,0.887511009154388,1.4456016265412157
690,2006,2038,2490,69.17035181941594,11.778055171247042,13.950746201618959,12.739959232944983,0.9792660438439603,1.184469422055006
691,991,2120,2086,25.3244614836515,7.473411178561053,8.03774279673726,7.661830513466327,0.99506649413063,1.0755119188136073
692,2121,1025,986,30.453230488367822,7.6111862311525265,10.684725029632748,8.771915242060695,0.8924540187845588,1.4038186302550648
693,2196,2193,2194,46.88625572369156,9.984685884546185,11.421183375008507,10.474465164780552,0.9829019457652555,1.1438700733375764
694,2355,2761,3136,81.47385535785305,12.296315925376486,15.69747017442199,13.934139993205868,0.9595081255885737,1.2765994522006694
695,2955,3298,2134,47.26288928362861,9.406524398281976,11.692821343951627,10.57232512081874,0.968953171934784,1.2430543789465134
696,2864,2863,2429,30.501156143518728,8.242171307872548,8.61174050423352,8.397259394096354,0.9985952375990402,1.0448388152291832
697,2541,996,997,40.24080051386272,8.0,10.862797050022518,9.884419524184834,0.9341966803451776,1.3578496312528148
698,997,2088,2541,46.12784042647168,9.54451665387496,10.79046152253198,10.368011426766676,0.9878784523061728,1.1305403839545067
699,2516,2068,1785,39.73539432377714,7.647192206504309,11.536359456022605,9.968443486258037,0.8981194812750514,1.5085745387974387
700,2882,2630,2212,46.712368013935944,9.388089603136768,12.313954070616159,10.626655330082427,0.942547102744376,1.3116570666839178
701,994,995,2542,24.89687188559997,7.1244663823361245,7.999999999999943,7.608217042841051,0.9910355049100046,1.1228911150222496
702,2088,998,2122,39.498541359124154,7.811190627260514,11.240660325443894,9.858019299902088,0.918043027491243,1.4390457053006451
703,2178,233,2180,43.55104783051488,9.00608250295468,10.965799536787625,10.125658596477809,0.9745053980133164,1.2175992761769625
704,999,1000,2124,32.17066148387756,7.943235055132808,10.292331574551834,8.830316693268205,0.939735044285151,1.2957354910328471
705,2122,999,1013,55.390709912345116,10.308472321117046,12.261723333352387,11.394772142751824,0.980219356423258,1.189480162665236
706,986,1025,985,40.83333333333326,8.0,11.299789347173872,9.994838125602207,0.9249728224093047,1.412473668396734
707,320,321,2408,25.422930686657082,6.832722870793406,8.496410920394537,7.752147131225011,0.9692815406928684,1.2434882961099731
708,1955,2447,2448,51.95882695552325,9.138610038432972,13.29082351552491,11.340922114748226,0.912348567348352,1.4543594112922593
709,3314,2946,3196,25.43218172385002,5.944003498614679,9.18924288700552,8.025110459046099,0.8821688154497541,1.5459686201643694
710,2816,551,552,41.267026601870356,8.000000000000025,11.517502222272135,10.076208879146058,0.9181880297868292,1.4396877777840125
711,2630,194,195,43.61278856855324,8.000000000000025,12.481764873771429,10.517820155956924,0.882531107321792,1.5602206092214237
712,918,2343,2344,45.21802248069597,9.821057466447293,10.998247462010422,10.261224435759486,0.9891898655253253,1.1198638740873768
713,1094,3010,3011,41.91046319169999,9.287208992375945,10.348732256742057,9.866936752639708,0.9921990756315117,1.1142994914012958
714,2323,858,859,35.35035769216406,8.000000000000064,10.33559196336087,9.186429717154816,0.9570670434859307,1.2919489954200982
715,857,858,2323,33.313031110059626,7.498153317288075,10.207608572261575,8.976486359217722,0.9401423004905045,1.3613496737558646
716,988,2085,987,41.22161638629327,8.000000000000057,11.39463550970895,10.055763985284754,0.9215970878847288,1.4243294387136085
717,1001,2124,1000,27.737765413251186,7.776966983907219,8.255383450119972,8.010783478009058,0.9976136151986161,1.0615171013587603
718,2697,2698,2282,37.91234721267765,8.914993049276053,10.19634191079521,9.410422767704775,0.9851800641263965,1.1437296534542123
719,2540,2085,988,54.081762128693136,10.95432515183513,11.39463550970895,11.180046819775798,0.9989654827158904,1.0401951148766162
720,2409,2407,2037,69.78297770204736,12.443218440218992,13.12539965657115,12.705606158980734,0.9977371916799631,1.054823534572632
721,2121,986,987,28.291558546888094,8.0,8.235907653255813,8.08524737288421,0.9992951624904354,1.0294884566569766
722,1131,2680,1130,34.88882272307033,8.000000000000025,11.646531457702007,9.45776677104745,0.8764265443362677,1.4558164322127465
723,1003,2127,1002,29.474411702120822,7.44874180939479,10.1019086861274,8.516883498507411,0.9217829715421239,1.3561899371228414
724,2888,3170,1346,57.998043696111964,10.649490973470275,12.261931563136866,11.63461329424924,0.9858619231585992,1.1514101090543631
725,1429,1430,2679,40.59420401210917,7.999999999999943,10.96504389095162,9.939541239973693,0.9311746406599073,1.3706304863689622
726,2880,2178,2605,54.3655371823881,9.72588802607089,12.721116469943171,11.403051902526185,0.9541188308651166,1.3079645206528567
727,1004,2126,2127,60.51994760198568,11.337069405566238,12.524688326410269,11.854331615113912,0.992845607240426,1.1047553718124843
728,2066,2065,2516,73.76658228697629,12.16672563092881,14.983932441033163,13.244905591039606,0.9626372568243408,1.2315501224867589
729,3058,2396,3372,66.67810753174138,11.164952680374247,13.433328465780882,12.517850440048255,0.9767627893764771,1.2031693147606426
730,182,2047,181,25.934549852022183,7.1568474826965325,8.4741843842985,7.7960467026590505,0.980758368138816,1.1840666445368522
731,1228,2462,1227,36.49400380572871,7.590329690911347,11.17962482851657,9.523147593701273,0.9074418370357087,1.4728773694643384
732,1940,601,2439,44.16366232770069,9.57000197154691,10.46882061506804,10.121440375449218,0.994079752148488,1.093920424070283
733,572,573,1938,27.323593300262132,6.362972788963291,9.232598144899388,8.22813110635199,0.9086491578306314,1.450988154611241
734,1006,2128,1005,27.747097509168206,6.942725004448142,10.807387967709127,8.583370990719091,0.8394612944242141,1.556649292717907
735,1007,2128,1006,27.74709750916801,6.942725004448142,10.373197495960225,8.438640833469437,0.8745835207136156,1.4941103801913818
736,1007,1010,2128,60.44337276832459,10.373197495960225,13.253061439394346,11.989196680005671,0.9614484174236276,1.277625480914218
737,3334,740,2588,80.08893087721557,12.062666391971222,15.026484816741782,13.762821873466054,0.9684926514634598,1.24570176513737
738,2591,560,561,37.25410486593015,7.649869600786055,10.962094335013427,9.5659639865583,0.9204392268801043,1.4329779338836086
739,1005,2128,2561,30.10396433118252,6.799221687026997,10.807387967709127,8.827424768126159,0.8625343240707899,1.5895036910371318
740,2415,2813,1898,40.52186387342568,8.89185950718102,11.797628640212526,9.970305507589087,0.9256794161019446,1.3267898160879423
741,1847,1894,1895,16.250608567994405,5.182607965582977,6.863013365613888,6.252821248529028,0.9459337083223783,1.3242393426611203
742,503,2531,502,25.64683315358202,7.464017463511407,8.0,7.70575918493958,0.9966487480740345,1.071808853490603
743,817,818,1928,13.676265122821258,5.183820829908923,6.137338338982868,5.660552917130919,0.9810703222485886,1.183941062077699
744,820,3085,819,32.67088109590833,7.999999999999903,12.128932257400836,9.451215175070717,0.81199962776975,1.5161165321751229
745,1432,1433,1970,20.466251857729183,6.1235525346773585,7.696244330394091,6.963937123715382,0.9662737315483604,1.2568267009731133
746,2563,814,2129,49.749461345234366,9.98648947552484,11.203907781951138,10.758938056779039,0.9899709300166581,1.1219065327620863
747,725,2038,2051,45.90330433166639,9.77981252591893,11.190989094886811,10.35215303510654,0.9858152930148008,1.1442948487231135
748,1128,1129,2456,25.371710172328726,7.497981267356009,7.999999999999863,7.665899128146226,0.9961176508434089,1.0669538526095679
749,1783,2069,1782,30.916294510821558,8.000000000000004,9.190660874156746,8.497126985380065,0.9853897651661118,1.1488326092695929
750,1008,1009,1007,28.913702941842097,7.267994755129233,11.35524838880402,8.874414381311105,0.8150862526951045,1.562363316345309
751,2495,1222,1223,31.602798859567077,7.39939062200419,11.308171251133167,9.083189647807295,0.8566424335651384,1.5282570996461666
752,2736,1277,2327,48.41350005038514,9.487561695622071,11.336059784921499,10.666275737418607,0.9767425428546603,1.1948338412547448
753,1779,2998,1778,38.16205604974148,8.000000000000028,10.641892730393627,9.577404115172376,0.9474316709598504,1.3302365912991987
754,1278,1279,1987,15.249186021068102,5.422316669947782,7.44295002190434,6.172159057458646,0.9050351320040471,1.3726512992418087
755,1869,1877,2007,32.05831252507826,7.425724083714929,9.656392865086513,8.752291526121828,0.9550360419876743,1.3003974772323657
756,763,826,827,31.249852019514783,7.790698411902627,10.792983965035287,8.875431835340777,0.8951416552956799,1.3853679598925006
757,763,764,2130,39.18978643977853,8.000000000000064,11.391335125771725,9.810084133011332,0.921819157988528,1.4239168907214543
758,1877,2981,3362,71.73335852327462,12.39980565057919,13.649109248413655,12.905666996300441,0.9929066076823048,1.1007518692662825
759,818,819,1928,19.26335474673965,5.183820829908923,7.999999999999984,6.980464717504224,0.8835400233351618,1.5432632150097942
760,2130,825,763,47.99733395379435,8.462774298328387,13.55246403536283,11.135524486487647,0.8636150763748024,1.601420947506515
761,549,1906,548,20.338862516248017,5.3995287685558875,8.005430823694729,7.134986530750243,0.8961468444062828,1.482616570230034
762,1622,1623,1918,18.488748227302487,5.0708278393762205,7.999999999999994,6.859112912182972,0.8769884121550972,1.5776516682104713
763,2419,1884,686,38.95757063568504,9.218705143642323,10.03950805955685,9.508398314206142,0.993568158010036,1.0890366817383885
764,3086,2131,2564,44.75711575640065,8.249990048344495,13.784894697367726,10.962683440990297,0.8249680318565223,1.670898342493626
765,2412,1330,1331,25.943101547435113,7.150144134315235,9.067926077533066,7.89135394233795,0.9512840191005165,1.2682158439315847
766,1950,2820,2615,59.87322913759225,11.033057676302098,13.484003683022548,11.928653690076137,0.9634851409406898,1.2221456715471393
767,2820,783,784,42.31752388733794,7.844702145305235,12.107568556442196,10.33133359970474,0.888296618612908,1.5434070449300779
768,767,2132,766,43.81926908905203,7.999999999999943,12.05699915342557,10.468554650724352,0.8977576595480524,1.507124894178207
769,2131,2566,783,55.52209365295665,9.377479385498159,14.618122483048438,11.95486571507324,0.8693076440354001,1.5588541314902482
770,2186,821,2609,50.15019895812443,9.347581867183605,13.032631153704001,11.095389500545329,0.9236618720092538,1.3942248742915464
771,1004,2127,1003,29.474411702120697,7.44874180939479,11.701237113365229,9.04999297425334,0.7964218425169504,1.5709011552269059
772,1986,1120,1121,27.448872940435486,6.912228920129713,10.719405578786576,8.526312106061381,0.8420468391478945,1.5507885665605847
773,585,2010,584,25.84675293922932,5.744929802269194,9.869223566232769,8.256582908031366,0.8358817933248759,1.7179015072272106
774,2540,988,989,37.644026298537554,7.999999999999943,11.191179797783319,9.600288799726187,0.9261933239437719,1.3988974747229248
775,2317,2321,1230,29.309082046330204,7.733403422124362,8.732333249995904,8.257413321218309,0.9902569000316699,1.1291707897991872
776,2133,2870,1092,68.55685718170969,11.726307360139264,14.495770841958079,12.778007632647638,0.9608421307410773,1.2361752422789918
777,2559,1498,2115,47.7729909433944,9.073852554422247,11.644283237164236,10.672994318111757,0.9576074133951098,1.283278868300462
778,3084,1930,1499,67.38868573808334,12.004534943987583,13.49026056403336,12.533246192554065,0.9878484674257912,1.123763696551185
779,1091,2568,2134,42.861327184898286,8.297109758284863,11.223975097885315,10.189434487834818,0.9371689145991859,1.3527572160507948
780,2356,151,2760,48.70309213873091,10.05072015806849,11.284693754994413,10.64191397147757,0.990921387876377,1.122774644753721
781,2136,1073,1074,38.44129783427527,7.627094023539727,11.06514059802417,9.74254962603457,0.9133219864438923,1.4507675615212685
782,2713,2303,2301,79.57950921123587,12.530175759806149,15.864510784736508,13.81735877304154,0.9519315983757759,1.2661044097742125
783,1087,1088,1931,18.986843563833208,6.026533760696907,7.999999999999984,6.807488148394628,0.9314414032790832,1.3274629028336955
784,3302,3212,2282,48.201242018327335,9.54340034001389,11.696015675528947,10.659798406545287,0.9729840514191958,1.225560623972726
785,1131,1132,2680,31.789328863288596,7.464818016813524,10.173130706601784,8.788239192951874,0.9357203824483056,1.3628102766454775
786,236,2180,235,25.115252373948962,6.550409627756909,9.902596172507582,8.042196779910293,0.870657025812551,1.5117522010449567
787,1932,2018,1089,35.26459616787529,7.5878645435068375,10.800440724614976,9.304953022569881,0.9220314271449532,1.4233834384744304
788,1399,3027,2663,35.90741122240675,8.484895394872888,10.122383335648236,9.18827854636107,0.9767561094377055,1.1929885831904095
789,1088,2018,1931,15.517799522333716,5.770814931075128,6.395930684486991,6.006486563105728,0.9912042412624141,1.1083236528771165
790,2516,1785,1786,33.33005285036815,7.4343962313975425,10.721778796247195,9.08552449540751,0.9125580663191565,1.442185547088022
791,2569,2135,1090,38.56942220848396,8.3688605422425,11.413375611190787,9.714667384751353,0.9280112826385564,1.3637908713594702
792,1921,2106,1058,47.59051025225409,9.805319969637376,11.510294540241093,10.558561156925924,0.9814101647223628,1.1738826041254389
793,3008,1071,1072,30.74880962628489,8.000000000000064,8.8174623360149,8.446833114954254,0.9936760064646053,1.1021827920018537
794,2660,3102,3103,27.891388122831316,7.6106051045466065,9.060001460740624,8.116059919125945,0.9712849487676622,1.190444299274987
795,1070,1071,1069,25.65382857600871,6.606780666245107,11.53404683828864,8.713609168177923,0.7384582902222006,1.7457892763441611
796,1074,1075,2136,39.62838383751523,8.0,10.846769597403657,9.794061284647823,0.9381717741132294,1.3558461996754572
797,2136,1075,2570,48.48351525750623,10.211388088113546,10.846769597403657,10.591933516172142,0.9973601600229937,1.0622228343304
798,1077,1078,2137,39.907654371645975,8.000000000000025,10.935663963272404,9.838694675410904,0.9355549857590646,1.3669579954090463
799,3014,2137,1079,36.4473081023632,8.528626542441165,10.909521272874352,9.38742758170869,0.9426903100884291,1.2791650822773275
800,501,2424,500,32.61115748860146,8.0,9.119601379855453,8.721013118249315,0.9868348493884506,1.1399501724819316
801,722,1941,3299,43.05993557029614,9.235433110469755,10.508076722441464,10.016905004851798,0.9880000711107247,1.1378001006286296
802,2137,1078,1079,38.46490989193383,7.671714506199894,10.909521272874352,9.720551947344845,0.9195170009656076,1.4220447416360222
803,1081,2138,3051,89.40851690661543,13.678896903988614,15.950382897319539,14.48919116046605,0.9785396709113198,1.1660576879315894
804,495,1875,1878,23.816798617056193,5.689141795625977,10.202200536495068,8.088412949908596,0.7987845610549414,1.7932758407144815
805,1076,2572,2570,46.988491053372215,9.31311715730404,11.759502887578918,10.56050965380013,0.9643830091924348,1.2626817303974578
806,1082,1083,2138,31.673064524655487,7.39214044106435,10.021456620667179,8.753333272355965,0.9404507892285747,1.355690777328393
807,1294,3060,2494,40.64132208266058,9.091550174252204,10.503529112852313,9.741719446471206,0.9854840088779976,1.1553067311445868
808,1410,1411,2483,25.671103318303054,7.394797863602852,8.110083737771557,7.71708735974589,0.9940253438504929,1.0967282523960984
809,2012,2490,2038,47.86440571339778,9.056981551793811,11.778055171247042,10.695841051908921,0.9546431143099493,1.3004393465849888
810,1084,1085,2138,38.774052049254536,8.000000000000025,11.936596634290188,9.895051689349387,0.8909439684947025,1.4920745792862689
811,2032,1219,2049,37.81209918986312,8.662070271622657,10.036785307690725,9.395078107420558,0.9857390276955494,1.1587051354884175
812,1952,2821,2444,32.74236196951895,7.887738291769744,9.376911045641128,8.76183837824932,0.979815220396429,1.188795913199253
813,854,1881,940,27.881402659182584,5.20338738955447,11.163595364360932,9.094291452390705,0.713171376964313,2.1454476725625446
814,2455,1416,1968,35.079267624719044,8.10268267534725,9.81225663408064,9.083086819799648,0.9758009290268426,1.2109886351510273
815,1083,1084,2138,32.055608464207594,7.611330458350969,9.74855843375795,8.735430549148427,0.9604809541375725,1.2807955832560214
816,1869,1861,1870,10.383996462728252,4.367871357855487,5.969180613185757,5.050657240921435,0.9236074906354313,1.3666109013147476
817,940,1881,939,36.18347278881129,8.0,10.915891603256707,9.385715704813556,0.9334554412729399,1.3644864504070884
818,1867,1860,724,7.097714815395736,3.742893135220341,4.2911119405013505,4.068289646622578,0.9870614540648881,1.1464692646771857
819,1073,2571,1072,31.97019552199623,7.976727742887767,9.98530559053588,8.743042548099753,0.9560455035415684,1.2518047390346256
820,1565,1566,1914,19.680236043488062,6.079980483597006,7.595308951506673,6.827848327228046,0.9669623352270285,1.2492324559261045
821,990,991,2086,29.734638693929778,7.474337565100669,10.363685913295333,8.612674492798648,0.9064375935439006,1.38656915385862
822,1933,2139,973,25.97028375732268,7.433833820612833,8.106375062085322,7.759148614860081,0.9949533636641977,1.0904703088206842
823,1933,975,2139,29.89474885281014,7.737236961882088,8.768784759039173,8.342617932165362,0.9892006426903062,1.1333225028830136
824,1682,2683,1976,37.916884688263266,8.031560926313338,10.521895276679825,9.528330617541071,0.9523212870486244,1.3100685375127452
825,2140,972,2139,32.06091467650894,8.178572862010904,9.248658583423236,8.641017520083437,0.9889531598617461,1.1308401526118121
826,2818,1934,2438,35.64298424299339,7.997402501014916,10.865351338574548,9.317741203667476,0.9330850361150707,1.3586100408470967
827,973,2139,972,29.060721725943424,8.000000000000025,8.495821114816176,8.200732058967175,0.9972574142482683,1.0619776393520186
828,972,2140,971,33.93446117120524,7.999999999999944,9.518744488338193,8.922467690587125,0.9790153620368379,1.1898430610422823
829,959,2093,2040,40.74043461429827,9.533543574157804,9.967260074001418,9.705357547617256,0.9984784871777174,1.0454937344618922
830,979,1934,2818,43.77788067111537,8.319863718462692,11.92873100053364,10.371315352523625,0.9202945900246856,1.4337651918579477
831,980,981,1934,20.0622232801269,5.790172578139058,8.000266329647433,6.982740208465391,0.9343320578462802,1.3816973884081867
832,3204,3205,3206,30.255149857271473,8.09291215458426,8.831071177948898,8.378350945183897,0.9938793177457734,1.0912105567519974
833,1432,2029,1431,37.85802134658816,7.999999999999943,10.815692760404268,9.55863196096674,0.9427944332978154,1.351961595050543
834,2567,2132,767,48.755416079658424,9.171135624228084,12.05699915342557,10.805764358192285,0.95237714508835,1.3146680681042031
835,2643,2232,3352,71.14833942226082,12.120011809620406,13.768644744634624,12.873794472742539,0.9886431471843047,1.1360256871784231
836,770,2141,2573,38.754670930019316,8.173033236078295,11.900548133059335,9.869339234523727,0.8970131040105903,1.4560748487509676
837,2573,3257,2567,28.564508230868377,7.664283695857139,8.720333041363872,8.157439228062914,0.9885330515523999,1.1377883945080962
838,2546,1655,2097,54.55063303136659,9.78989583878976,12.837676026275744,11.427997401958649,0.9531366796668186,1.3113189596369346
839,782,783,2566,23.785708549969065,6.7883102476281945,9.377479385498159,7.7319156340835,0.8983509763186465,1.38141585216654
840,3061,2499,1525,33.36480513828037,7.694720199176564,10.595859111449473,9.036751672801403,0.9273492583407803,1.3770298122839304
841,903,2035,902,31.423044312219645,8.0,9.83997289904249,8.65500574200847,0.9597243960835832,1.2299966123803112
842,772,2141,771,40.779521415903695,8.000000000000227,11.213591844163592,9.979511170312579,0.9270260339889433,1.4016989805204092
843,2075,508,2525,35.08042242934029,8.110813595568187,10.485291224137587,9.172702772081697,0.9518876021528366,1.2927545554575233
844,2094,1760,3004,37.192412609574404,8.721370037295024,10.406339773594006,9.363981334808152,0.9734235231353843,1.1932001198313542
845,2617,2199,781,40.01203269808998,8.337464595421238,11.48328049705196,9.877298537874628,0.9313721825395599,1.37731085579162
846,1527,1528,2500,31.80075995818413,8.0,10.41629136444281,8.822423972170204,0.9283858461515857,1.3020364205553512
847,2141,770,771,41.87080506970343,7.717716353747969,11.900548133059335,10.277285443656966,0.8873113732214839,1.5419779099914768
848,1595,2435,1594,34.24470246483157,7.999999999999972,9.674775556030314,8.973781481486684,0.9759520675537621,1.2093469445037934
849,1050,2553,1049,40.70547297459557,7.999999999999944,11.335812820687254,9.982269278029696,0.9243574499932665,1.4169766025859167
850,939,1881,938,32.38164954526982,7.517169157493103,9.573303501028507,8.77724272323519,0.9605657918177705,1.2735250864330827
851,2144,752,753,42.40786012581507,8.000000000000037,14.318431118138422,11.014670878481503,0.7650202146717847,1.7898038897672943
852,1788,2067,1787,29.243881280624514,7.770123205392707,9.070370399287983,8.280164534893558,0.9804551137000873,1.1673393277719024
853,2012,742,2490,47.59522942765517,9.283411124326689,11.25852160224311,10.598139719751904,0.9711237519997828,1.2127569760150716
854,1445,1963,2027,44.508472604988114,9.382532077072439,15.474777327441364,11.587180527316653,0.7245483087033733,1.6493178174425005
855,855,856,2142,38.78008976285866,7.688377478446302,11.551069358519834,9.845312939573306,0.8999191251803078,1.5024066379287766
856,2455,1969,1416,24.81828950324837,6.640745516201501,9.81225663408064,7.977644991259374,0.8758049575680732,1.477583595116176
857,380,381,1993,27.584809976901568,7.953439325170319,7.999999999999944,7.981579606326457,0.9999743869820954,1.0058541560356504
858,937,1881,2418,45.50362102129794,9.748634121325548,11.418989391330413,10.34246218816219,0.977108588275594,1.1713424926216989
859,1448,1449,1927,18.664710769077814,5.270053970272563,8.000000000000025,6.840438677018766,0.8958024528991726,1.5180110194557024
860,2457,1154,1155,20.88725436330431,5.286375166806959,10.253019750674236,7.846464972493769,0.7343127498345067,1.9395179924142987
861,979,980,1934,28.427008587841208,8.000000000000025,8.319863718462692,8.106710016036716,0.9985990530449435,1.0399829648078331
862,2818,971,2140,49.744878389457085,9.518744488338193,12.839085055798165,11.003777827095496,0.9341281995042967,1.3488212727558617
863,970,2438,969,27.85609434078986,7.3146325525875255,9.08565031767075,8.124799618733256,0.9667063040837368,1.242119853916207
864,3223,3000,514,17.974473938321374,6.179264410221519,6.704568413164373,6.453548586342616,0.9955802085209532,1.0850107663420123
865,1935,969,982,42.614171865370764,9.079027279654557,11.376601923362752,10.070162023028354,0.9616518016104136,1.2530639652176059
866,982,1934,981,27.201924669071946,7.157781717609684,8.916402589654233,8.024728102421314,0.9677737577914854,1.245693560019854
867,983,966,967,31.311120959002082,7.399206126623127,11.169531265851322,9.010942588333643,0.8637545837790108,1.5095580626767737
868,2031,1981,2494,74.0741611302742,11.97873660974796,14.20856622894907,13.17380446859095,0.9809409765097388,1.186148981469927
869,1935,967,968,29.811590912651308,7.666813905143224,9.683698651896059,8.451742030186603,0.9534286252839191,1.2630668712853228
870,2151,2837,3500,50.03514642759396,9.518150526810588,11.696075745062034,10.869645307042193,0.9703859147168847,1.2288181104214204
871,3086,2564,2130,30.229201866475307,8.201330662754572,8.635370731247631,8.362230480782232,0.9978096822783629,1.0529231275193187
872,3320,2452,3275,50.10571891202073,10.0353061032087,11.586973121976468,10.813113965768828,0.9862729810861485,1.154620796098251
873,983,1935,982,25.966425757657493,6.623868372406069,9.079027279654557,7.935220670968932,0.9371818751361269,1.3706533356665525
874,2435,1925,3083,49.38732187760155,9.073689512930121,11.830655332562126,10.88705104883457,0.9490917366166032,1.303841763122189
875,2578,2143,752,57.54262326779449,10.554705819800779,12.629500525145922,11.62076841991111,0.9788425217869084,1.1965753229666334
876,1050,1051,2105,28.607575014426025,7.795369003391725,8.752450357072657,8.16241177006524,0.9889804660440801,1.1227756316942163
877,1004,1005,2561,27.09541747943486,6.799221687026997,10.041957557990537,8.280393081672512,0.8893839387333338,1.4769275102694066
878,2092,2093,961,52.44986741575294,9.382529981175027,12.30944056112496,11.21554283751892,0.9501011850395886,1.3119532349827225
879,1212,1213,3041,39.46633960583659,8.000000000000057,11.164038214213797,9.804602317988019,0.9310073721810864,1.3955047767767146
880,2615,2874,2197,36.31340426844534,8.324530877352705,10.339183582612938,9.273077347297663,0.9675663878594878,1.2420139627016333
881,3015,936,2142,39.7520147532132,8.671361599028783,11.903090843496994,9.935492778123896,0.9116326237383634,1.3726899412002578
882,2131,824,2564,41.78903516545924,7.976322286224596,11.674776420453627,10.168088094645633,0.9112709662733323,1.4636791244777556
883,3055,3054,2217,47.4570483552258,9.544805219253142,11.414720896106411,10.55192111576511,0.9791054369741756,1.1959092547097139
884,2199,773,774,26.572259651115708,7.294879654160725,11.305892599386016,8.67004753528933,0.7802838192807753,1.5498394950131305
885,3095,2141,2617,39.232051338883444,7.607293160027059,11.25576140195119,9.877816583160252,0.9043238208945128,1.4796013726794714
886,3084,3013,2436,64.81435604530066,9.538788236131332,14.755892854134903,12.800900315134593,0.8843667806437908,1.5469357835455506
887,1093,2436,3013,51.1543708286986,9.538788236131332,13.175734521470565,11.201552555184563,0.9249038063321913,1.3812796966770988
888,3231,3014,2437,35.01408704493811,8.018878482177492,9.649121773227288,9.079440611704639,0.9742396282489307,1.2033006603944834
889,856,3015,2142,47.604146793891296,8.671361599028783,12.099209319320373,10.773880092289664,0.929017952750441,1.3953067440614537
890,1080,2437,3014,31.189102781127204,7.910129040794388,10.191274620811278,8.706760714594386,0.9365063268167417,1.2883828529537873
891,2163,3016,2164,45.32710963554409,9.175951186498658,10.987657732745374,10.321799002574473,0.9764621401772827,1.1974407349629792
892,2176,2172,3017,46.27982440223098,8.485751374642104,12.644088757683894,10.745354153420182,0.9026174957694649,1.4900376171128595
893,3018,2599,275,35.33817742187126,8.415773724857733,9.694096879220776,9.07887390655637,0.9868267052852878,1.1518960937111762
894,281,3018,2172,65.74421569948835,11.312133560324602,13.585556306066728,12.428041391246332,0.9775382542234334,1.200972056563739
895,1831,1827,1830,2.1277881976458843,1.9564765801477644,2.9068988104265863,2.346226195397154,0.8666618346358057,1.485782574615353
896,1827,1828,1830,2.3364491358798993,1.8583318877207742,2.9068988104265863,2.4371324011536086,0.8803993770751277,1.5642516977911136
897,1827,1831,497,2.6186182284892756,1.9564765801477644,4.034494919797483,2.9569438133992723,0.6388468302319291,2.0621227776172892
898,394,3019,2215,30.249721388940824,8.058794061562457,8.702264099336631,8.370641625254391,0.9960348011058587,1.0798469389909457
899,405,3019,404,28.700533387383494,8.000000000000025,8.430967330586506,8.14882973772617,0.9975584531176606,1.05387091632331
900,3017,2172,3018,42.3037659131373,8.097089241019642,11.312133560324602,10.17181504309293,0.9249348259923629,1.3970617370767793
901,2323,935,3015,44.21266163166141,9.405951494072818,11.839249327008716,10.300784325988902,0.9515811913112903,1.2586976803430514
902,2145,753,754,26.710964665513654,7.1845643204638225,8.829011868528491,7.944792881969621,0.9702446152956781,1.228886189157049
903,754,2143,755,34.52276466196253,7.4416760625643485,10.048311441190314,9.145432849398315,0.9369487691130929,1.3502753085072798
904,2143,753,752,44.668032373949046,8.000000000000037,12.629500525145922,10.664123905714327,0.8776302362275636,1.5786875656432329
905,2144,753,733,73.4087941595684,11.570483156919055,14.318431118138422,13.168126966155214,0.9700854470935393,1.2374963883488406
906,752,2144,751,37.68121085634024,7.5151935690514495,10.725581517306054,9.644390361794208,0.9133075511117889,1.4271863284367554
907,2537,2574,3089,55.91374641308397,11.04187182047221,12.041286340939369,11.39235658514849,0.9933111530739969,1.0905113314768056
908,2148,756,2143,56.667928726597395,9.611207018989884,13.10917171651059,11.711897349028751,0.9384300339225228,1.3639464523664306
909,1844,759,760,21.23255313189611,5.4103345601520925,8.747913706940357,7.386082755697484,0.8663452498279826,1.6168896044562613
910,749,2149,750,51.605869563411034,8.0,13.512028518527115,11.671556450382056,0.8336187918817547,1.6890035648158894
911,751,2144,750,41.73546920867413,7.999999999999986,11.871593348206705,10.187996449077271,0.9056879851031098,1.4839491685258408
912,1892,2871,2580,30.508278595691078,7.333819505647004,10.29359667458767,8.681359663657865,0.916664808621182,1.4035792218040888
913,749,748,2580,24.269626717715436,6.914081095703613,11.898828865329346,8.777356635510936,0.6837259661266059,1.7209559304595425
914,748,749,2150,30.730025676585516,7.5191599454998475,9.336080097942313,8.521635925415609,0.9696909586716767,1.2416387157091766
915,1908,2981,1877,68.85516088303817,11.696052399777578,13.649109248413655,12.68565791479353,0.9842301121532551,1.1669842765643919
916,750,734,749,46.30716104695966,8.0,14.557285444756436,11.387827456602595,0.7813226315716607,1.8196606805945545
917,2007,1893,1838,29.3204408893634,6.306747780539809,10.528121545171526,8.744384817622675,0.8501482573894804,1.6693424109423318
918,1849,1892,746,27.209907187354215,7.495331839888071,8.236592741858074,7.946200654093896,0.9935495270029098,1.0988963421239362
919,1844,2005,759,31.681254283186085,7.452305303150547,10.06926147150152,8.756493493864141,0.9402076035055462,1.351160622370721
920,2209,188,3020,20.00377057103341,5.782387940887303,8.27426704321894,7.0288472520334295,0.9158820687781324,1.4309429128252609
921,761,1871,497,5.7325053227061975,2.822346277550781,5.127468825899269,4.007861074285738,0.7810083292128459,1.8167398049926258
922,2226,3021,2636,49.5159303859321,8.965127171004166,12.102951983399102,10.940992102921513,0.9397967945002513,1.3500033800461386
923,1878,2009,495,39.717023482746995,8.372380062548924,10.553320406989167,9.709300335344388,0.9636265046559176,1.2604922767655948
924,1875,496,1871,11.39157007052055,4.4246366209152646,5.878203672289504,5.23055643961641,0.9489353748324371,1.328516706773891
925,1744,2636,3021,31.813296754269984,8.344894605919693,8.965127171004166,8.584751117876204,0.9959025397897343,1.0743247931069726
926,1936,759,1882,40.18100144914838,7.486050759754523,11.928756057469865,10.13002572503146,0.8732386663055474,1.5934644901954984
927,1830,1819,1845,5.3276515373439555,3.080593408677463,3.8039796269413024,3.551206337821107,0.9671180908690499,1.2348204135690852
928,2471,494,2009,31.843093224485774,7.822897617893681,10.500985434309758,8.850466301569112,0.9224578360594792,1.3423396223785877
929,717,2009,1878,29.44209130162779,7.442457376180997,9.204777196468555,8.339871545066158,0.9703443829401617,1.236792732723969
930,718,716,717,20.033197262770532,6.122010380010703,8.297514742483006,7.0144644982999536,0.9240407829596287,1.355357836304175
931,493,494,2471,27.409452810558466,7.822897617893681,8.050727629755107,7.957875082549596,0.9994017059935668,1.0291234812200916
932,1936,718,717,20.35479038643659,6.122010380010703,7.515571482549314,6.9282537941795015,0.9722646326215532,1.2276312871158794
933,1829,1871,761,7.9084968381739795,4.00000000000001,4.975865350423436,4.34987782327687,0.9553106571377498,1.2439663376058558
934,1865,1871,1829,11.759736581127036,4.975865350423436,5.724528939143652,5.2464886878309365,0.9825393506522673,1.150458972660204
935,3172,3022,2234,56.09496337248092,9.754633640709683,12.642326202392589,11.583083306551705,0.95356993747975,1.2960329078512494
936,1359,2238,3023,25.623753710663046,6.719451474819458,9.718472386053424,8.032119547320997,0.8954620839557846,1.446319304852863
937,492,2151,491,40.37747934432954,8.0,11.000081322617945,9.908988924574984,0.9322670621173378,1.375010165327243
938,1404,3025,3024,20.88671253356874,6.4850499080694295,7.261066576318537,6.9698364430574244,0.9905144911206848,1.1196624049544324
939,1519,2994,2993,19.550407575224316,5.102595474564419,8.142503939189854,7.08670059958087,0.8650638223911873,1.5957572924953327
940,3025,3026,3024,32.74090561802006,6.4850499080694295,10.630518865367454,9.232012393413392,0.849539530572839,1.6392347038285342
941,2152,490,491,37.66329518664503,8.0,10.975092453809708,9.560828577919764,0.9363184140711166,1.3718865567262135
942,2238,2237,3023,31.889657706409142,7.658434781090109,13.27724730519774,9.894985974247723,0.7093015407197957,1.7336763561637127
943,2822,2944,2823,49.13978534656116,8.538560489205262,13.45380815318468,11.203135353798208,0.8754920263204039,1.5756529651799553
944,358,359,357,25.351010551924446,6.552112239024532,11.555350820510654,8.702487686511729,0.7304318822487647,1.7636069711514888
945,2682,2693,3399,58.99512296916417,11.487744228753185,12.024229169038396,11.680128274020587,0.9982307611804477,1.0467006341368934
946,357,359,2153,52.7765121614724,10.017928688521165,11.782409289864233,11.118562932965352,0.9810474881169945,1.1761322780591223
947,2342,2922,2748,41.86894283244412,8.798258256780587,11.059390472925081,9.962619828807979,0.9658767578776772,1.2569977091092885
948,1708,2702,2980,34.308487753968876,7.954392833898035,11.076788059368877,9.238641796468821,0.9093462104683772,1.392537216940632
949,359,360,2583,37.26128534496821,8.000000000000002,12.964715530107805,10.11180067626136,0.8069987833615241,1.6205894412634752
950,618,2152,2582,51.63569158068092,9.712896575477409,13.072881155911164,11.208300422534059,0.9347195164254887,1.3459302335120977
951,2645,1725,3022,48.55621470363707,9.646262781351787,12.628444431813596,10.847721745716774,0.9397660481323168,1.309154096053342
952,2981,3197,1882,94.98561677334659,13.829291510355901,15.39258120588637,14.862454636891618,0.9906672936065717,1.1130419222387362
953,758,1882,759,38.630863117141864,7.609669577717406,10.97527035786999,9.768515302181827,0.9125366942636561,1.4422794900330125
954,2949,615,2019,35.749550936708175,8.787306238539616,9.733464323550692,9.11894254099854,0.9905899264090167,1.1076732799935194
955,2742,2922,911,52.873334817665906,9.316739748082435,12.437354633289717,11.289115547956806,0.9435807438999356,1.3349470919641782
956,2592,607,608,37.374576983756434,7.407873457735745,10.844572742287504,9.637159836728879,0.9050750757098414,1.46392521472717
957,715,716,718,17.589488749092432,4.873526898450684,8.297514742483006,6.810539167708497,0.8386108336696436,1.702568779320952
958,2165,608,609,45.75802808044887,8.000000000000055,13.107545928802013,10.8861871941076,0.8585914511411684,1.6384432411002403
959,614,615,2154,33.01271088361679,7.391853655277508,9.7952348931081,8.911472258144206,0.9461447744793682,1.3251391802264196
960,2585,614,2154,41.19054068091026,9.547328226047009,10.03196249928093,9.759602179891564,0.998265247181547,1.0507612456343276
961,3258,1445,2027,100.08646983682326,13.373819529585525,17.698004953002144,15.515533936676343,0.9478806564516719,1.3233321201808255
962,2342,895,2366,39.73074032942117,8.844853928977134,11.795272373485334,9.901354849387141,0.919028312053189,1.3335745811292785
963,2013,2472,1908,55.277183866937236,10.967585989584737,11.55688527378135,11.30664055620103,0.9980863835668143,1.0537309928325373
964,3096,1721,1722,31.72860244603543,8.000000000000057,9.778815454368901,8.677479038513189,0.9652013910999083,1.222351931796104
965,2520,3452,1547,49.86465470506186,9.716865691328593,14.547237107397281,11.514904933107395,0.8390741117020464,1.497112090411968
966,617,1937,616,18.1656714551324,5.924982171944981,7.455991615165538,6.579906252965386,0.9597699689408841,1.258398995775877
967,2887,2638,2961,46.681429433712374,10.016639037827808,10.632056400721124,10.393239655829419,0.9973550095315646,1.0614395068614526
968,2845,3128,2485,45.7778378575939,8.85777637138349,11.964913039004305,10.51318651368123,0.9426027576026559,1.3507806629278802
969,616,2019,615,25.566128207250642,7.14087764536573,8.836057060905318,7.800606018783618,0.9616193460212292,1.2373909062340147
970,186,2878,2207,38.135594347836026,7.9565653920047605,11.055510397827096,9.635297373785049,0.9322285831985565,1.3894827545735178
971,2909,1319,1320,25.56594807685633,7.115565564867735,8.03704296735719,7.717536177408308,0.9882870971352538,1.1295016389194894
972,2244,2895,2118,56.78289314405874,10.474452525709468,12.489413687720337,11.539471934706176,0.979765521511729,1.1923691149551885
973,2283,1714,2684,38.73734887375081,8.723014796168895,11.403126042634335,9.715232522993121,0.9335786752862164,1.3072459819330504
974,1725,2645,1724,48.320783439277385,7.999999999999943,12.82921458709252,11.15255300630202,0.8626777431375084,1.6036518233865764
975,2684,2271,2899,34.61593057620896,7.271594665115046,10.295965724300821,9.220464184525854,0.9196902649166254,1.4159157926795587
976,1937,2019,616,19.128264230968686,6.358744971785637,7.14087764536573,6.673147865689955,0.9894773809824327,1.123001107459175
977,360,361,2583,28.218916314991084,7.4522646105396655,9.370686498676273,8.21304742827986,0.9563073737319067,1.257428042131435
978,98,100,3093,35.72211412032802,6.702906409139047,11.318037466944824,9.688713069636167,0.8388832158333697,1.688526853293565
979,1861,1869,728,10.450908352728131,4.000000000000012,5.969180613185757,5.104059373205346,0.9030575613706727,1.4922951532964346
980,2683,2271,2900,26.664425503112533,7.084618003358417,8.706622543179142,7.930461841302839,0.9723007078151065,1.2289473531320707
981,2217,2209,3020,25.37061087331395,7.029886771994048,11.75357631504248,8.780952868915362,0.7182890559220064,1.6719439012683477
982,1839,729,1846,16.019696611892833,5.330569925787009,6.756897588022002,6.167684331565828,0.9631810284983419,1.2675750777294998
983,746,747,2155,39.75417720046977,8.000000000000004,13.848906099668389,10.640865534348102,0.7709124986313936,1.731113262458548
984,747,748,2155,39.75417720046973,7.999999999999974,11.796875881273905,9.95685546154993,0.9040835987645904,1.4746094851592428
985,748,2150,2155,46.4492328539017,8.709667732804668,11.796875881273905,10.595450479709282,0.940252988156691,1.3544576260746863
986,2157,3016,2163,49.359868631377104,9.279646857962597,12.963187516506242,11.014874154316075,0.9221769137900293,1.3969483661312936
987,2536,557,2862,26.480098067045052,7.376810448854893,8.359095812057548,7.851324680528624,0.9894587352575951,1.1331585473170367
988,745,746,2156,46.64859610985903,7.999999999999974,12.472345810612454,10.89034643099289,0.8773600428099122,1.559043226326562
989,736,2164,3016,44.812514005476075,9.175951186498658,13.154050859155136,10.701404733347267,0.8801114908039191,1.4335354005053762
990,2574,734,2146,50.09937612615221,9.28888109328322,11.793685224294862,10.926210732834042,0.9583799712544905,1.2696561734246834
991,1837,729,1833,2.964078095543381,1.9999999999999458,3.3020904933865616,2.7719310075799997,0.8561477654081611,1.6510452466933254
992,1834,723,1835,7.139444581486397,3.999999999999922,4.1053791383810445,4.061254611089816,0.9995183299791092,1.0263447845952811
993,1873,1864,1868,13.07346696503146,4.977247924595155,6.574354832361972,5.634613529828776,0.9372324872054549,1.320881525687054
994,728,1838,1837,7.410147033010927,3.740330897171131,6.310650489866965,4.727595865115943,0.7242453294750683,1.6871904286970454
995,723,1834,1818,6.981077415713742,3.902871005636875,4.1053791383810445,4.017896035868772,0.9982294852702481,1.0518869653779714
996,2586,2159,744,25.833537997536233,7.239359189326967,8.786056867064675,7.823063484920284,0.9673920422432003,1.2136511861461459
997,742,743,2159,26.002135758468693,6.801883587441901,8.844824690138134,7.882236092526672,0.9557102586747548,1.300349318895732
998,727,1860,1863,7.127853831642041,3.9999999999999116,4.137705219899548,4.058484632182257,0.9991745122680175,1.0344263049749098
999,2163,558,559,37.6735307936392,8.0,10.716462732269646,9.52252076196865,0.9460762108825137,1.3395578415337057
1000,1846,1892,1839,25.69633470949965,6.415585480888473,9.383316380145535,7.984716282547677,0.9096388098699918,1.4625814601173501
1001,1830,761,1831,2.1277881976458843,1.9564765801477644,2.9443893270078787,2.3587230342575847,0.8556271952056399,1.5049448364904534
1002,562,2160,561,47.50643605147934,8.0,12.875518346794966,11.04398145242874,0.8661451370554063,1.6094397933493707
1003,761,497,1831,2.618618228489276,1.9564765801477644,2.8798599402525697,2.552894265983705,0.9031856430124758,1.471962388650247
1004,1840,1823,499,13.358243928645011,4.339658229756412,7.08295872191949,5.878544065651106,0.8600974137815837,1.6321466684525203
1005,2160,562,2587,53.08746419402815,10.1284121922463,12.875518346794966,11.272401646880011,0.9546060345861967,1.2712277208318679
1006,564,565,2161,45.402748901351124,7.999999999999984,12.877797269236398,10.79642382010826,0.8681054100640249,1.6097246586545528
1007,749,2580,2149,53.100865139457625,9.096157439150613,13.512028518527115,11.502338274335692,0.9041439823599232,1.4854655505818566
1008,2161,567,568,42.26821151322478,8.000000000000044,13.392609515078211,10.65404034678339,0.8247313104875267,1.674076189384767
1009,567,2161,566,36.34234241442018,7.396177959679678,10.569511525271915,9.466497660652905,0.9146507221877896,1.4290504613182229
1010,497,1871,496,15.049487582059923,5.127468825899269,8.0,6.3352241660629245,0.8351681213435626,1.5602240153253273
1011,2161,2589,564,74.10775970950154,12.536621498992735,13.964208189685333,13.126208985971488,0.991177607994626,1.1138733183264167
1012,727,1864,1870,10.67697449252739,4.574339380611698,5.959452891422181,5.0941178777453535,0.9364939742677993,1.302800775272879
1013,547,548,1897,20.034091256114266,6.1034006592742,8.0,6.948190241621721,0.9461834110603036,1.3107446891666683
1014,571,2161,568,72.6145315203743,12.382663042536738,13.392609515078211,12.970563148875428,0.9957060523128118,1.0815613304724614
1015,2587,563,2589,46.15307703334384,9.012142954321904,11.953555049767179,10.532352892402601,0.9484649044015816,1.326383204344831
1016,741,739,740,26.28594470397386,6.954515808112451,10.189932486402162,8.234937738973,0.8698658869172748,1.4652252964204342
1017,2158,2157,3350,55.132301730765704,10.65510133276515,12.339746634893249,11.355266187314813,0.9835240992803874,1.1581069245158373
1018,2440,741,740,38.37296063299407,7.56036492240439,11.541743868925664,9.820560263686824,0.8930570406894093,1.5266120071430485
1019,739,2158,3350,54.00492006711644,10.65510133276515,12.532677502769623,11.281278434729439,0.9739850354509036,1.1762138257879162
1020,738,741,742,40.83333333333303,8.0,11.702164316698696,10.053927554562911,0.911573575563071,1.462770539587337
1021,339,340,1842,17.746729424873138,5.45314407092192,8.0,6.670381460242363,0.8991459571566759,1.4670435799888015
1022,2872,2162,2607,45.77779737318479,9.162653053519389,11.324165539571576,10.39649343242139,0.97067980189485,1.2359046526619217
1023,2581,750,2149,67.06916767243791,11.516771188645592,13.502640832619049,12.524609576674843,0.9832789406389212,1.1724328469711485
1024,2590,574,575,20.972955327930254,6.269765207601603,7.4069134324439325,7.015486795557973,0.9785763750039592,1.1813701450037755
1025,3206,3208,2957,40.287739220725875,7.896571397286034,11.841146298820481,10.03830156419511,0.8996535396793562,1.4995300748993614
1026,2305,1328,1324,38.13490913926053,7.873029753550022,10.761111329803015,9.610847389823663,0.9375887001405258,1.3668322954007293
1027,1769,1770,2011,26.44766840272198,7.2551256227839165,8.297726457540692,7.850950693441535,0.9878467772085268,1.143705414484155
1028,1938,3092,2589,87.0588890112841,13.228848415035724,15.778384606660204,14.30867230930726,0.9764757982785226,1.1927254823425684
1029,2440,1941,2819,66.28718433427771,11.839504603142576,13.490892668901873,12.44355729420863,0.9851270083108352,1.1394811794169974
1030,568,569,570,26.820495242675044,6.829010884608016,11.460951474087716,8.763320786231892,0.7678778647698192,1.6782740088933936
1031,2163,559,560,41.03879596927105,7.959268566233099,11.479527949350699,10.051753082617815,0.91726038104588,1.4422842820070387
1032,558,2164,557,36.68526951302146,7.537632848485705,10.839264301648939,9.498983773373128,0.9184808935451199,1.4380196700382568
1033,1863,726,1868,8.758256290409248,4.000000000000032,5.374488410641711,4.613995143146325,0.9357735811202578,1.3436221026604172
1034,296,2411,2181,58.19712678898668,10.188260555280833,13.704777036503605,11.871191356146236,0.939880026522364,1.345153764191874
1035,2052,1872,2043,24.125580095712223,6.583671743843789,9.586423096966746,7.836714312502447,0.8838115380522373,1.4560906846442865
1036,603,2020,602,25.208118735147618,7.396730982221892,7.840987831661577,7.636450549306651,0.9977166084309493,1.0600612419875024
1037,909,2366,908,30.52166259413238,7.76551022589099,10.061219696445816,8.608909974112237,0.9376095023551911,1.2956289289145098
1038,603,604,1939,22.51328686279707,6.58331478866117,7.661016322674889,7.255596802176098,0.9833438713498318,1.1637019599715797
1039,2020,2043,2051,24.44247298203342,7.056565869568926,8.958097942850022,7.692599331876923,0.9411545872197566,1.2694698963246918
1040,603,1939,2020,22.93625652609536,6.58331478866117,7.840987831661577,7.335277517364862,0.9790902139126874,1.1910394813820193
1041,1863,1867,726,6.576304060581207,3.6702460046221743,4.05291713551555,3.907721046712586,0.9927038117697287,1.104263074031401
1042,293,2181,2411,48.11173752424149,9.8873357563553,11.914004805646751,10.663200372427626,0.9703767951494586,1.2049762543958078
1043,2866,1920,1652,42.0070391767959,8.623850394144888,10.996240362162498,9.993299107246346,0.9617321169937261,1.2750963733819327
1044,2822,2450,1958,54.7956600268807,9.36043658964898,12.683415423565947,11.526854651804188,0.9358557967343719,1.3550025473802798
1045,610,611,2165,36.51777308221343,7.391038258977318,10.606243453300975,9.49773443812127,0.9124304158226143,1.435014010436003
1046,2165,609,610,38.863933054703956,7.583043410605615,11.55101565352074,9.876660222070624,0.8942663349842387,1.5232690923759626
1047,607,2592,3407,42.92701351637258,9.175405985123247,10.844572742287504,10.026509443829731,0.9815824089982444,1.1819174824384446
1048,1630,2544,1629,37.56259632959296,7.999999999999984,11.970291710642304,9.792879903955955,0.8797734755821345,1.4962864638302908
1049,3051,2492,2042,76.36859736260104,12.477143800824228,14.906647075800437,13.417690848482225,0.9734897106130564,1.1947162999608707
1050,611,612,2165,42.41633540045133,8.000000000000014,13.155532314337966,10.587258589212986,0.8406815135780901,1.644441539292243
1051,2857,1536,2858,57.65819541882091,10.312527497021614,12.895273262597199,11.682435659323206,0.9676788327269897,1.2504474064502145
1052,623,624,625,40.833333333333556,8.000000000000014,12.802965833975493,10.33831668803579,0.8515989113810313,1.6003707292469338
1053,1724,2884,1723,34.397641752668186,8.0,9.798601393143203,9.003499018193416,0.9732196059434136,1.2248251741429004
1054,3171,2889,1738,32.30756918414079,8.001972066301388,9.783645699380738,8.744049605359274,0.9685767477551269,1.2226543180002454
1055,493,2837,492,34.89975503700402,8.0,10.080092470893554,9.096949731478263,0.9654468525468877,1.2600115588616942
1056,3231,2137,3014,40.51458954058799,8.528626542441165,11.708988447954178,9.962245587874209,0.9265535420866928,1.3729043462844244
1057,993,994,2864,28.452988516892674,7.937834668411514,8.404913397608489,8.114249355340002,0.9973503832435389,1.0588420833524925
1058,720,600,1940,47.41372930691087,9.671446437191486,12.27148242797724,10.67072935165689,0.9507282485734928,1.268836311886848
1059,720,721,722,20.033197262770713,6.122010380010743,8.297514742483116,7.014464498300003,0.9240407829596227,1.355357836304184
1060,2365,2048,1236,45.24301107556095,9.064939172168545,11.203755628832084,10.337954527263202,0.9699738157450566,1.2359438288599
1061,677,678,2345,48.024657037693835,7.999999999999903,12.867298715954922,11.112656460888973,0.8640289321133843,1.6084123394943848
1062,2593,599,720,30.829266891170512,7.319061581384939,10.964342073101298,8.90439093687369,0.8723484091739874,1.4980529882393183
1063,1940,721,720,29.460407425763588,6.6238683724061485,9.671446437191486,8.543046372027563,0.9090329070120375,1.4600903721881013
1064,2490,2819,2006,85.75971604592723,13.506809163514657,14.866710609535138,14.108088658222917,0.9934530828468745,1.1006826578770301
1065,720,719,2593,24.558996974849116,7.2605758621918,8.106866193172744,7.562167878916494,0.9892086170140811,1.116559670616191
1066,719,2166,2593,32.638112622455765,8.106866193172744,10.012171586723605,8.818243190577064,0.9603941623352381,1.2350236636637013
1067,2166,2594,597,56.36715423305916,10.856654857881107,12.052037199919226,11.440945946008533,0.9926838590100834,1.1101059541531213
1068,719,720,722,17.589488749092755,4.8735268984507645,8.297514742483116,6.810539167708559,0.8386108336696437,1.7025687793209465
1069,2819,1940,2439,52.56551401264949,9.57000197154691,12.125327300604255,11.181063729070608,0.9609590086505323,1.267014085958887
1070,1306,1307,2304,26.57879711196278,7.255309368093927,8.368168911660648,7.874492759918186,0.9864867724757864,1.1533855397621846
1071,1989,2324,860,30.446775963719077,7.5908435432704255,9.762055848638163,8.542413033335066,0.9528334597322655,1.286030438249857
1072,2167,622,625,39.03120274534147,8.62318851281115,10.211984230131867,9.56368063707434,0.9805424173131041,1.184246896024632
1073,625,626,2167,29.20454288363669,7.622710091749092,8.62318851281115,8.246927954982754,0.9887935440658672,1.131249701093183
1074,2492,2138,1085,75.49928207573478,11.936596634290188,15.108170184779361,13.406059393939683,0.9610428017972563,1.265701660838418
1075,626,619,620,33.4451611777435,7.424883350079917,11.615455346556454,9.349918982330324,0.8543513363812468,1.5643956677691686
1076,481,2782,3141,30.972615832191952,7.523813217441322,9.45845887208851,8.566908952883383,0.9662417600674893,1.2571363215347227
1077,621,2167,620,29.071069699975627,7.455991615165645,9.951097761485036,8.436181303469514,0.9279478266017297,1.3346444410216733
1078,677,3042,676,32.33889952184785,8.000000000000064,9.72332942051787,8.73842185247531,0.9713614951835912,1.215416177564724
1079,44,2787,2385,36.48535601616742,7.797547079107016,11.154145447515447,9.489350476437174,0.9166001488087455,1.4304684966125056
1080,1327,1328,2305,29.78469380462582,7.873029753550022,9.223336705663641,8.365455486404562,0.9777302790438441,1.1715104596810082
1081,1711,2285,2701,34.1409450076387,7.310868118376223,10.854876322692235,9.22450699733528,0.9039283572429281,1.484758874997071
1082,1349,2450,2823,29.53392103708721,7.78846737374258,9.028924337265998,8.311016821961488,0.9835199189303516,1.1592684290757123
1083,586,2189,2613,51.44144677311284,10.761919994730883,11.048456095296837,10.901382268682921,0.9995379569811881,1.02662499820722
1084,2010,585,3351,35.1226193596427,8.531382080097865,9.396470892423048,9.027816109371015,0.9936038905933697,1.1014007817494513
1085,2601,2602,2174,50.497198545596504,9.851500543947449,11.598313059531685,10.872186150560472,0.9819960112504139,1.1773143601618579
1086,725,2008,726,19.03131321970333,6.122010380010683,7.078183980924534,6.6646953761696714,0.985913667082902,1.156186210339647
1087,727,1870,1861,7.98703417665631,4.000000000000012,4.574339380611698,4.314070246155732,0.9880883809327241,1.143584845152921
1088,497,762,1827,2.676871530239796,1.9999999999999616,5.687816727488098,3.9074372157618478,0.35239351811182607,2.8439083637441036
1089,3293,2592,2165,96.4962174005455,13.217244024387792,17.42173658688733,15.235162494331206,0.9480061802194112,1.3181066003428266
1090,2255,2672,3026,66.69476714239177,11.218501352012163,13.600613510568902,12.524535622184066,0.9758533903308142,1.212337823369739
1091,2153,2584,356,32.72517932482079,8.276511974394491,9.007624822617451,8.70993479140165,0.9949224243528952,1.0883358654569515
1092,354,370,371,27.667245023514493,7.4440092435369465,11.775074037279948,8.947264457522023,0.760135103860955,1.581818836066509
1093,370,354,355,47.086279536431846,8.0,14.39612192139691,11.390398652892287,0.7958593825230631,1.7995152401746137
1094,357,2153,356,33.79757574080518,8.0,10.017928688521165,8.95453208857139,0.9651768674572806,1.2522410860651456
1095,2255,3026,3025,46.06196769896276,8.667255188256009,13.600613510568902,10.966129188064121,0.8553245775078381,1.5691950006269013
1096,2328,2737,3127,32.22445396847121,7.798683885882299,9.166060669370157,8.691571904107052,0.9799403378538605,1.175334300440511
1097,2597,364,2170,23.075954789776937,6.668606590807021,8.136544100908495,7.375662959508769,0.9731678002503829,1.2201265721875232
1098,2597,2169,363,43.332105527142815,9.498460089892408,10.838786547863396,10.05447157223218,0.986721658145826,1.1411098688930923
1099,2686,2685,1167,15.400617521451652,5.118752994919876,6.539267308198142,6.065592951686292,0.9550622192532364,1.2775117913851401
1100,365,2596,2170,22.019542111846565,6.656674586279703,7.918149823677439,7.193656115560458,0.9773303734513255,1.189505318466041
1101,1315,2710,2300,46.50791445014319,8.576387193058936,12.211826669139215,10.677144004725962,0.9230096483385141,1.4238893830519361
1102,369,2595,2169,54.929870926407744,10.560243963926673,12.213057684870064,11.326075800930015,0.9853387529119395,1.1565128349865144
1103,362,363,2169,41.32974029126474,7.999999999999966,11.361903112556007,10.066896553473123,0.9219785255826677,1.4202378890695069
1104,2759,3235,3355,79.5054655854399,12.196117920554107,14.634249761402666,13.666721014039,0.9771866748626961,1.1999104843631905
1105,1193,1980,2945,36.440597654255384,8.418398427853035,10.585565780989135,9.322879340272328,0.958900126124541,1.2574322624082308
1106,2597,363,364,31.44017185633551,8.000000000000004,9.826168078940734,8.654237393283077,0.96060526642037,1.2282710098675913
1107,371,353,354,22.627416997969902,6.48025080410526,8.000000000000114,7.30808668254744,0.9712553808353661,1.2345201199515436
1108,3026,3027,2254,65.34932060258853,11.091206780242475,13.476880806320704,12.400210455254333,0.9752942260621875,1.2150959830924795
1109,3212,2700,2282,65.55397314587091,11.696015675528947,13.580676632219186,12.396159481394614,0.9806725725037463,1.1611370067358435
1110,670,2759,2924,37.84795577924704,8.040440690077281,10.798933448453312,9.54908959556262,0.9450656185775882,1.3430773094042334
1111,2677,2825,2455,40.71170865936267,9.064605369694094,10.309392156819754,9.736354552970285,0.9890589077281456,1.1373238807822108
1112,2888,1347,2944,46.192849319542994,9.885002075715148,10.88145863362308,10.353100583653342,0.9937014085329389,1.1008048911143846
1113,2851,1547,3452,49.56520643027321,9.34604815334846,14.547237107397281,11.505823867608434,0.8338054557696666,1.556512107439267
1114,1692,2980,2702,33.74316850287309,7.954392833898035,10.137679164006572,8.970206867116033,0.9588527765989974,1.2744755477507164
1115,2800,59,60,31.508322292913824,7.999999999999886,9.2184599989945,8.574993161140764,0.9862437602017833,1.152307499874329
1116,2596,366,367,35.74707936946679,8.35200824953716,10.0911320685675,9.17215778228322,0.9753878475866637,1.2082282209343742
1117,2627,2878,2209,41.054102511098506,9.032569639560739,11.489473421997635,9.943647885344724,0.9473114780676813,1.272004964310065
1118,3175,2300,2711,34.583863290334634,7.673697856070541,10.00100867598361,9.095825789181331,0.9534157483146724,1.3032841354409033
1119,1471,3026,2672,77.81829436781624,12.718162308189529,15.263811701746503,13.578822004635724,0.9672205008433956,1.2001585867415585
1120,290,263,2983,42.397312178877826,7.67372665711987,12.049368883890649,10.379825730468662,0.8783819449983534,1.5702108535115662
1121,3130,2266,2680,45.12945525456993,9.032667420142948,12.702691328710436,10.599486145783528,0.9083493458777229,1.4063056612029459
1122,287,288,2171,44.559575763145205,7.960599126020655,12.316340209055546,10.607721415170088,0.8861558145740341,1.5471624703217834
1123,288,2598,2171,53.49963821073664,10.271839561189871,12.316340209055546,11.214228230738632,0.9769411661885488,1.1990393868290563
1124,264,2982,2983,36.63894074603756,8.586680041363213,9.758136518048449,9.236271557293659,0.989110151547474,1.1364271722065071
1125,2989,2518,2073,60.52374992541371,10.936607688002473,13.595126906363838,12.003423207233384,0.9613181192827214,1.2430844457626269
1126,265,1942,2982,30.313648912548445,8.029413175288946,8.628973430600341,8.378350783415291,0.9963688024731776,1.0746704948696104
1127,265,2982,264,30.48752070816781,8.000000000000034,8.628973430600341,8.405217823987863,0.9954450446461334,1.0786216788250382
1128,1886,2451,1351,29.319537870553464,7.90541157723767,8.621937278992265,8.244534907274215,0.9948855245055356,1.090637368434771
1129,2989,2014,1567,39.88367703401322,9.144936896135361,9.923329411172135,9.614576095753359,0.995174801293168,1.0851173194388823
1130,263,290,262,31.084277229754083,7.864487335680637,12.049368883890649,9.304618739857114,0.7945698599211002,1.5321238841880378
1131,2865,1857,1656,24.136324188335944,6.804767740856457,8.18115672289332,7.528961356201016,0.9778410628807745,1.2022683263343281
1132,2171,285,286,41.59469177140678,8.000000000000044,14.177186884307211,10.901276551501867,0.766828906848975,1.7721483605383916
1133,3029,2825,2262,35.031645986306756,8.111995135343097,10.171396219531992,9.114852365566106,0.9655478030427358,1.2538710945740468
1134,279,280,2172,35.88198436589763,7.738807721244787,10.602240041142231,9.323907322204432,0.9379397843262333,1.370009492810717
1135,2058,2852,2506,43.029352867853454,9.3681477732098,11.485763163945117,10.122477538842995,0.961069467630059,1.2260441916587914
1136,2797,3048,3147,49.92180710861851,9.430823922893726,11.946061902802407,10.886077130534034,0.963642998770429,1.2667039487189273
1137,2767,2362,2928,48.22007265859708,8.947667195586716,13.447783954159199,11.070562204927645,0.8840519842731412,1.5029374316461042
1138,2207,2626,2879,23.22489798679428,6.794929726843602,7.84112173514016,7.360979636651616,0.9864902571252797,1.15396656777237
1139,3258,2659,3107,51.234482023549376,9.793522415449605,13.774510177934564,11.354730287437556,0.8967796147079542,1.4064919232946074
1140,2303,1314,2712,47.75381946884471,8.961937064700411,13.989425684682967,11.202956478593938,0.8491935118163143,1.560982361702249
1141,1153,2685,2272,28.85484806649943,6.552721396478339,9.608384468251918,8.458642435829976,0.9079815817796655,1.4663196993871583
1142,3018,281,2599,43.22115355140349,8.415773724857733,12.386434307347667,10.393884023535923,0.9019918586617665,1.4718117088583031
1143,2339,2740,1134,62.790828137147315,10.935440773126087,13.211529922717823,12.14875213333565,0.9767104192107694,1.208138766128681
1144,282,2173,2599,25.895442806097122,6.534879518675135,8.802364094842474,7.903772748638272,0.9427123125101357,1.3469818486610818
1145,283,2177,2600,42.30574471869565,8.70947273810084,11.05413530440387,10.022681849228055,0.9634242235947584,1.2692083248674706
1146,2686,2682,2901,40.82757869084583,9.095320930172882,11.506725023820481,9.926045383960114,0.9449823254536203,1.2651257841433599
1147,2909,2301,3175,39.537991349829866,8.302871389966628,12.058074190739793,9.976004593703836,0.8955862059616623,1.4522776066736425
1148,679,680,2923,25.4860842377928,6.406519611677057,10.75840742764156,8.388309013106173,0.7997432456031901,1.6792904852788384
1149,2974,2923,680,61.59981495834828,10.75840742764156,12.887360687440168,12.026895227941841,0.9778246477931769,1.1978873986802816
1150,2274,2903,1974,53.74562849449437,10.63480090948182,11.43392944837105,11.15886619533776,0.9956880503260045,1.075142783178643
1151,1192,2945,2828,40.65211722414362,7.7815207530467445,11.400854022787788,10.038518494892253,0.9083425779367426,1.46511901524184
1152,2993,2994,2996,32.405257415624185,8.015002384988337,9.067724912026142,8.68843204024772,0.9883767257140688,1.131344006710403
1153,3031,2901,2682,72.76711800305009,11.506725023820481,14.412813926619455,13.125444692468518,0.9672424248056817,1.2525556921524565
1154,2283,2700,2964,54.355983809723725,9.939012704171377,13.756831046886553,11.583171880326182,0.9180222938769522,1.384124505758288
1155,2507,1576,2852,51.02065992563454,10.450964463561542,11.22822355044825,10.868832608415474,0.9965597545564243,1.0743719959623543
1156,3147,2395,2796,42.64810353973209,8.665184181331155,11.572087328472545,10.137855217156599,0.9453509819363314,1.335469285627444
1157,1841,107,108,30.39955451676269,8.0,8.795878744391002,8.397750805429682,0.9940104988669541,1.0994848430488753
1158,95,1841,108,15.287940640546381,3.870580695352177,8.397373671898047,6.744461560036682,0.7111195678281725,2.169538457622567
1159,2740,2333,3130,40.984209741577885,9.035170870548397,11.531317801604832,9.946325693119993,0.9446488363109288,1.276270030397879
1160,1841,106,107,33.02107137264372,7.517169157493085,11.289610687682766,9.200886196522283,0.8754300946625133,1.5018433736361148
1161,253,2879,2626,20.66054673925102,6.538727907509788,7.501310804446339,6.944989479599909,0.9858451054780218,1.147212563445409
1162,3417,3267,3136,64.2794321424386,10.56026218608192,14.544096188644657,12.517742889901749,0.9316284182793777,1.377247641428193
1163,2752,2346,3235,55.18638197054583,10.08633017262854,13.722012183756828,11.633109780166428,0.9256842665432647,1.3604563750049057
1164,3213,2908,2295,53.03343167836481,10.473605979143523,12.287896021135264,11.160310365443635,0.9782516302335948,1.1732249662250618
1165,2174,2603,103,48.21397068083402,9.296085032062406,11.804894704305726,10.700316273106615,0.9632730835625212,1.2698780899260689
1166,1882,2423,2981,97.08699659650635,14.454880410681708,15.39258120588637,14.989029116285773,0.9972723170341499,1.0648708788010262
1167,2601,2174,104,45.43675956935296,9.234424902763589,13.184180795418422,10.75670208070982,0.8838852517857024,1.4277208309391078
1168,2502,2995,2996,60.30622426202075,9.968606122147063,13.390867891382495,12.059011359721367,0.9431924331843209,1.3433039411229477
1169,3362,1893,2007,51.996510552753456,10.528121545171526,11.716574247612904,10.996196013850948,0.9909000756526515,1.1128836419053723
1170,101,102,2175,42.66117944323847,8.0,13.53777331538558,10.736141249695601,0.818436508354535,1.6922216644231975
1171,2262,2263,3029,44.565692212503734,9.06116574182323,12.869125546310016,10.598831839605907,0.8947985449440724,1.4202505409332213
1172,2602,96,97,37.004430520373624,7.999999999999884,10.210589913018595,9.388767857119333,0.9588657372939974,1.276323739127343
1173,2674,2259,3028,39.023999091614414,8.402052979260755,11.109296078977206,9.694375313378723,0.9465613664784691,1.3222120958293033
1174,1130,2826,1129,30.88382943726664,8.000000000000025,8.792315630271128,8.465007008169477,0.9937675958775006,1.0990394537838877
1175,2257,3028,1390,43.3376528539436,7.7946138153854765,13.08448335133738,10.678421136976178,0.8424114062513595,1.6786570394944316
1176,2172,2176,278,59.970720896549444,11.12261804928413,12.644088757683894,11.819816937236288,0.9885404102338797,1.1367906999645365
1177,2972,2920,2341,31.52834029997911,7.626751161615105,9.285079804035938,8.617300058572807,0.9738296880692383,1.217435787175945
1178,1045,3044,1044,30.63434922507122,8.000000000000064,9.029954377838656,8.445465448885303,0.9892976204194345,1.128744297229823
1179,2715,1304,3039,45.99795240228465,8.83690164722089,12.525146709907375,10.646513794299649,0.9187832097189671,1.4173685766714852
1180,3176,2301,2714,50.60862855940871,9.627349082211653,13.588449032568919,11.259510331674832,0.9015789352243263,1.4114424351430392
1181,2966,3176,2715,47.84442281429777,9.526394208358468,11.93879876405818,10.656491931613855,0.9646384791202406,1.2532337527648254
1182,3102,1463,1464,25.974580934864452,7.427607041954953,8.000000000000064,7.7560958445734975,0.9961889946885025,1.0770629026026741
1183,1168,2686,1167,18.54355435844447,5.118752994919876,10.9084379891045,7.960961212832679,0.6209222806302767,2.131073329760318
1184,2270,1150,2687,41.15941387033039,9.353737722815143,10.649769289315163,9.807501429129891,0.9845777049319706,1.1385576124653152
1185,276,3017,3018,31.987656426404328,8.086143344713253,10.153294767844503,8.778842451192466,0.9469275058248464,1.2556412043428293
1186,98,99,100,31.114688289154657,7.781820176526055,11.318037466944824,9.03328588115697,0.8532154207458005,1.4544203297174365
1187,2742,2743,2335,86.68188665357097,12.937662708037866,15.397343998757995,14.254918962628706,0.9802028769439912,1.1901179019910595
1188,668,2751,2926,44.17984906186046,9.08535419095386,10.978531103489692,10.192265797165007,0.9760640361585348,1.2083767867212967
1189,101,2175,2604,45.289557596157614,9.442655602377497,10.71249207615745,10.275266037412058,0.9873852912718729,1.1344787448840377
1190,232,2880,2179,65.51518079767561,11.115197335373782,13.424735201958013,12.409258540862348,0.976654235920036,1.2077819940482923
1191,1543,2850,2854,41.09923378530642,8.816078238093285,11.467640291441409,9.949921874592055,0.9468129909222232,1.3007643514200025
1192,2604,100,101,39.40280403003413,7.665915577925713,11.283907955100725,9.88743853639463,0.9073968341800759,1.4719582860517215
1193,3280,3484,3436,64.61697199633997,10.68361814186605,14.46000127625539,12.517060842564701,0.9381794998447499,1.353474177403512
1194,2269,2963,2902,32.8503667622832,7.016238639797357,10.772612924810039,9.101442430110088,0.8896609461914136,1.5353829135323103
1195,3286,2354,3182,30.80995352309059,6.919935181700613,10.20643816397615,8.746093667427326,0.9080067206688923,1.4749326252313046
1196,3176,2966,2910,32.03212433592576,7.421311380077049,10.504282822424916,8.892245365003056,0.9170521571638136,1.415421383695648
1197,2211,2179,2880,50.10532606726208,9.7676602768543,11.636351932684764,10.83973651497095,0.9796263292670625,1.1913141533247797
1198,1971,2456,2827,34.39548564774628,7.790088008755585,10.175531242163885,9.069931070239504,0.9544109699639132,1.3062151840553287
1199,1817,313,2799,25.301923582567248,6.368465182984439,11.938025975541338,8.882957897258455,0.6937802348936535,1.8745530724479598
1200,2940,28,2947,26.477296168276904,7.278062194628177,8.764719837240868,7.900520226216421,0.9734286340622543,1.2042655864784957
1201,2827,2826,2266,41.11033313177287,9.455911695286138,9.976263220775417,9.750955222204594,0.9980191118841805,1.055029228514124
1202,2599,2173,274,22.60218481255398,6.534879518675135,8.254403648071518,7.332894285282144,0.9617803427665932,1.2631301961241046
1203,2441,3052,266,35.89780651714995,7.6561775496777775,10.179885319936941,9.305051712412277,0.9426614777806025,1.3296302565978735
1204,2663,3027,2248,46.61507259795117,9.982363998442695,11.143590402796743,10.416112578962556,0.989790837867382,1.1163277961548193
1205,3298,2955,3203,38.43982176277552,8.948941807200228,9.999712618899332,9.451726274793845,0.9916532186729671,1.1174184427988643
1206,1330,2412,1852,30.52737604397398,7.932342996110133,9.067926077533066,8.43745114411562,0.9872095378774033,1.1431585953834573
1207,2493,164,165,24.584006488632316,6.147703310374374,10.203355259886324,8.11701952342022,0.8272013000818235,1.6597019642551643
1208,342,352,341,32.00000000000054,8.000000000000034,12.399874227248084,9.511511707314083,0.7808362078984519,1.549984278406004
1209,346,2478,2840,36.24225083054273,7.656127310772698,11.271669677304137,9.506538935189369,0.9042886624170753,1.4722416725547554
1210,1043,1044,2770,42.10228682241557,7.4212128992072905,12.214080334129958,10.44883377791568,0.8543766317170687,1.6458334372046686
1211,2021,2478,350,24.11802836888898,7.121027916957942,8.101989699498178,7.502060610079343,0.9864155121587436,1.1377556434239198
1212,1059,2431,1921,60.10279370149201,11.235094070667413,12.54523486652414,11.819997700199513,0.9913804088908557,1.1166114665009563
1213,2415,2545,1631,55.72815944121297,10.040464364912834,13.359785892554422,11.60098555594836,0.943270056292991,1.3305944234253955
1214,1232,2368,2316,71.64911631907333,12.285275647740413,13.886175510464115,12.921993131962163,0.988103790117338,1.1303104552658654
1215,1944,2441,268,30.27093424361158,8.099152793266336,8.863469732485758,8.382826024829972,0.9931692552979426,1.0943699864330103
1216,2600,272,273,32.426196863304924,8.000000000000055,9.885127542551711,8.774509984639122,0.9645070608016596,1.2356409428189554
1217,269,1944,268,27.787294976573943,7.935625943455594,8.099152793266336,8.011592912240651,0.9997174630374684,1.0206066731189114
1218,1944,270,271,27.24745971588027,7.077978734795913,9.128890805907304,8.06895651356774,0.956144974905528,1.2897595694981312
1219,2173,2600,273,23.779607661047123,6.7684132560153385,8.438402411365603,7.513120763835975,0.9646668992307852,1.2467327410698634
1220,2450,2451,1958,34.8299432607096,8.689931710784474,9.36043658964898,8.982030791603352,0.9960470501814238,1.0771588202508413
1221,347,348,349,25.011784812394268,6.492421211544431,11.580345156278137,8.690922122607532,0.7212589108814811,1.7836712651493816
1222,3060,1294,1293,29.416461298038183,7.818563017992105,9.091550174252204,8.303371064081444,0.9808313073036391,1.1628159999901129
1223,1944,269,270,19.972808242257216,5.839365330585027,7.935625943455594,6.9509900029455105,0.9402429352070615,1.3589877485299502
1224,1553,3072,2519,46.07760936762935,9.258220573994722,12.728440709328034,10.67612106223882,0.9158587306106665,1.3748258218302511
1225,3282,3165,2546,53.05474000688826,10.259011301986414,12.336399797704953,11.17532434166175,0.9752269649723979,1.2024940254541197
1226,2838,1624,1625,29.836573219410795,8.0,8.93497007816011,8.335145703730621,0.9892217677250891,1.1168712597700137
1227,3095,3257,2141,44.05774468024872,8.598259365297487,11.25576140195119,10.278178971732038,0.9503323333710747,1.30907442119964
1228,3229,2431,2107,63.60313671995046,11.72245909001676,12.41043799948042,12.130194170734862,0.9976670906442624,1.0586889580232843
1229,52,2392,51,29.45323335140251,8.000000000000064,8.704895433498772,8.265790303845401,0.9941276543421625,1.0881119291873378
1230,346,347,349,44.498581946269994,7.747365951976987,13.093471963036736,10.807061023763952,0.8433388062895634,1.6900546642818026
1231,2840,345,346,28.636306773035095,7.418039413509801,9.59181981749127,8.307089186193238,0.9464626112648881,1.293039748484291
1232,673,2347,2346,62.37632474465391,11.33983417638258,13.110019092014603,12.07630487880994,0.9839373871374365,1.156103245258981
1233,345,343,344,44.5489406752967,7.779329032477927,13.100838579660921,10.806954023841953,0.844819006417679,1.6840576513689318
1234,3302,3038,3335,53.964390645758456,9.563409320092113,13.379824658844704,11.49209606577289,0.9266063815974471,1.3990643097053836
1235,1194,1195,2912,28.258417375383388,7.434314639537665,12.502523469883245,9.312279369806937,0.7104236420510154,1.6817318174013642
1236,1802,1803,2268,30.352245608639695,7.999999999999969,8.690128974952408,8.386887799860645,0.9953529753810831,1.0862661218690552
1237,231,232,2179,44.43180377215635,7.392023319759823,12.687843085255254,10.851768276134784,0.8291564415926249,1.7164235739542417
1238,2770,2367,1043,57.32100038478109,10.73201051246741,12.218704764254456,11.553974459043886,0.9888113320581424,1.13852895970051
1239,2605,2628,2880,40.708821240489684,8.688363929958292,11.762151211564495,9.984531815695746,0.9273193355754786,1.3537820591293945
1240,1945,229,2442,38.47366160256727,8.691007298026074,10.06368529736519,9.477315759827478,0.9855532345861575,1.1579423365172967
1241,229,1945,228,26.999172753901185,7.206672517798386,8.691007298026074,7.965893271941501,0.9769468490300038,1.2059667310484572
1242,2073,1563,2473,37.71394469377147,8.168515029393848,11.363586246515904,9.631505643165413,0.9216230823419906,1.3911446824330749
1243,162,2493,2044,38.29112621127978,7.752839232099466,10.632762333680814,9.65860589977067,0.9298104324352128,1.3714668930135245
1244,2824,3154,1480,37.69614750931891,8.582998790870025,11.518134125475546,9.652581782177,0.9170983902924413,1.3419708433056878
1245,231,2442,230,37.821463173723366,7.609669577717429,11.335616711100114,9.705964701059218,0.9039259640876325,1.4896332351003745
1246,2547,2434,2098,36.53564628037777,7.984573489565723,11.91725768317212,9.686707369320567,0.8739081167567697,1.4925352867934207
1247,2477,2478,2021,28.62030358465013,7.283164213781907,9.801400985205232,8.357435141615891,0.9312937459207418,1.3457613610658503
1248,297,1820,2810,19.698567981298954,6.3635828534612,7.306924957667419,6.780246549525265,0.9862503797374005,1.148240720036061
1249,2838,3354,2474,57.589202936601616,10.001238995546256,14.803494445727795,12.114130996318522,0.8821627535932657,1.4801660526580833
1250,2499,2498,2055,41.9250177278945,8.970368772339716,11.051048897882875,9.953925800395503,0.9700732811763345,1.2319503443335542
1251,2442,226,2984,49.13920308226404,9.61087734039193,12.460130594743044,10.865283243983336,0.9499165130914146,1.2964613066464254
1252,2474,2475,2016,53.67557243054436,9.62172380216024,14.185115403013294,11.665747103986805,0.8874877711864576,1.4742800453104354
1253,235,2180,234,23.256755776529268,6.550409627756909,8.388574496089316,7.446474450150159,0.9588495969962791,1.2806183082876694
1254,2431,2432,1921,43.43958434083111,9.411562692903647,11.679664163406986,10.198009015167484,0.9545283068176738,1.2409909538416501
1255,3235,2346,3042,60.380035673873245,10.00295231302068,13.722012183756828,12.09631804114476,0.9375146934349469,1.3717962211911285
1256,3107,2245,3106,38.74794518825977,7.684684841971024,11.086722965914284,9.771740825560178,0.9157807141641991,1.4427036624016816
1257,1751,2634,2225,43.429569372330526,7.75719604344105,12.731047447131479,10.604548192914157,0.8584111678928343,1.6411919172644829
1258,2715,3176,2302,50.1336437106224,10.06352359213384,11.93879876405818,10.852657396868452,0.977774770658611,1.186343794472758
1259,2022,167,2044,34.2752397161972,8.245980168805712,9.641999429322421,8.951685653886104,0.983813455513026,1.169296946140837
1260,2769,2364,130,37.549216540154944,8.32002978545781,11.560509010887204,9.657724497705898,0.9110622439482483,1.389479281804168
1261,1946,2022,165,23.868338199166544,6.764708170984828,8.94476128097567,7.626416034134535,0.9333370473371223,1.3222686115775875
1262,2301,1321,2714,43.88613194254673,8.43942264691968,12.314458542601306,10.438871356588303,0.9091348779387087,1.4591588853647453
1263,161,169,160,31.084277229753717,8.000000000000025,12.686381532734984,9.5725460662534,0.7440374580261571,1.5857976915918681
1264,3220,3392,2507,57.71533558904373,10.221106202217099,12.422306728159077,11.671045602809137,0.9710263188675862,1.2153583459943413
1265,3189,441,2932,28.04811088220182,7.314097618260621,9.062966258709448,8.146459680720556,0.9685432921729622,1.2391092834312936
1266,90,1947,89,18.21116679827888,5.899891419941049,7.481869295632972,6.592599013069118,0.9580421006289133,1.268136777965946
1267,2688,2902,2903,26.294170758278113,7.068034938904203,9.074310680677016,7.938287483668833,0.9529398231485642,1.2838519841957454
1268,2470,3239,2835,37.36917729401265,8.691245952732414,9.681867878613469,9.320660761919392,0.9911130807299754,1.1139792765350998
1269,90,2023,1947,19.579329078412954,6.396036323633333,7.310440542682994,6.7609373847673915,0.9858253173782808,1.1429642004487905
1270,3316,3317,2386,30.840815500357657,8.201386667704243,8.626985854626152,8.445049577182504,0.9982180472073311,1.051893564364896
1271,2364,2769,2768,37.74337466074145,8.510951768186699,11.00111356444436,9.534900009801246,0.9469718094240336,1.2925832344116552
1272,2921,885,2340,25.064395490560663,6.81945726485614,9.570266564890856,7.924333481006467,0.9015795315279778,1.4033765728265395
1273,91,92,1949,27.189251579817203,5.658347319667407,10.65821590196116,8.66134631537122,0.7879243633613771,1.8836270203695522
1274,2363,2768,2769,28.64041227341211,7.509826080705073,8.510951768186699,8.171029263769787,0.9874273206450745,1.133308771298154
1275,3057,912,913,33.10627241165575,8.000000000000064,9.38435444945039,8.800246784347411,0.9828834543963831,1.1730443061812894
1276,3460,2696,3262,59.22043380724498,10.77657046012055,13.378292575654752,11.862524525397953,0.9635318898293627,1.2414239414257122
1277,162,2044,161,39.83257819480789,8.000000000000025,10.885330111101691,9.825182081544481,0.9366185967495901,1.3606662638877072
1278,2901,2270,2687,43.522666482253015,9.353737722815143,10.493472474485284,10.06204802433743,0.9902625301287348,1.1218480553383658
1279,3165,2545,2865,45.48080238259655,9.547728126417784,12.027752039617457,10.451522751013105,0.9506533932373832,1.259750160495003
1280,2504,1546,2851,45.43766851172941,9.035528458986178,12.032546469003018,10.471705678489547,0.9439768779822828,1.331692609195004
1281,2493,2022,2044,29.349838433741606,7.752839232099466,8.967077363530182,8.281703636746098,0.9845442722196415,1.1566185103391988
1282,2175,2603,2174,53.29121289455878,9.296085032062406,13.701482198138681,11.534138581558942,0.9031164423683702,1.473898114193444
1283,2567,769,2573,27.379071781141583,7.549910105089548,8.850598608094208,8.021597469680298,0.9773917381742855,1.172278674169622
1284,163,164,2493,19.558739299615596,6.147703310374374,7.4559916151656624,6.78549385722664,0.9749667679998968,1.212809278317567
1285,1820,2411,2810,20.59595407200133,6.670231837447176,7.130744990935889,6.904369962214936,0.9970363794891521,1.0690400520868493
1286,2227,1750,2637,30.864493157853655,7.602049044067906,9.278090022261015,8.525534884145289,0.9741819178324038,1.220472265895334
1287,2434,2547,1651,26.220983432401617,7.671607999514588,7.984573489565723,7.785601695526924,0.9986680813177913,1.040795292208744
1288,3089,2574,2146,49.01847986296091,9.28888109328322,12.0771765008678,10.819989729394969,0.9560651223801653,1.3001755948411047
1289,1222,2495,2049,43.30096306664578,9.471919676956727,11.308171251133167,10.115804067440614,0.9704723176363058,1.1938626631984297
1290,78,79,2045,28.974614017598043,7.381145205025804,9.787386829646486,8.389510678224084,0.9368462083387256,1.3259984132248581
1291,2841,1949,2182,57.88725680426879,10.342109077202062,13.506196642765639,11.794718666012587,0.9493487799129323,1.3059421963106566
1292,82,2046,81,31.219205392182182,7.767071341453558,12.78324926419556,9.625825795477795,0.737998857528161,1.645826168219958
1293,2982,2598,2983,38.22560786380561,8.8013214035438,9.758136518048449,9.425473156457539,0.9915049941212437,1.1087126660457363
1294,2868,3166,2106,43.89154446545494,8.371627063759163,12.11912128978763,10.408272525237294,0.9154429667221894,1.4476422799877693
1295,2024,2045,2046,32.08389420236252,8.038649964740015,9.655018975714048,8.697024203227853,0.9734101915359277,1.2010746851851895
1296,2046,82,1949,69.68871299208297,11.48668109237997,14.245760212818904,12.838563523131477,0.9689353493852222,1.2401981127750863
1297,2656,2662,2247,71.95908216026889,11.687783014808486,14.251562224777771,13.017910502096646,0.9742987691725605,1.2193554762884427
1298,2182,2606,87,58.632913956913974,10.211708965865679,12.570948432214092,11.78217750827337,0.9668269186779092,1.2310327756337907
1299,2479,2841,88,53.75644893481208,8.779441241063648,14.315487677883853,11.805596522400366,0.858462984080463,1.6305693363407603
1300,2243,1397,2662,44.36623155499783,9.482803301981665,10.657437058274319,10.157478173698296,0.9907158446565416,1.1238698851896658
1301,2967,2911,3178,32.55415055211756,8.129938231423797,9.773685603094737,8.767135386923604,0.9715615522383071,1.2021844846640453
1302,84,2606,83,27.86429163800139,7.486383010481246,9.305263784684046,8.158339293669258,0.9572635311543694,1.2429585517674278
1303,86,2606,85,34.50336075353772,7.7355922708061495,10.651334342158595,9.17031956609832,0.931815331329158,1.3769255112315515
1304,3198,2949,2839,39.66054845404126,8.679580055022614,10.451482850799982,9.652171488569403,0.9774757038043055,1.2041461435397467
1305,2901,2687,2272,37.10147714302763,8.372473324519728,10.493472474485284,9.38225412282869,0.9650894048261428,1.253330057649031
1306,2494,2048,2031,63.55667147865033,10.133561068080192,13.741636499954929,12.403102711703644,0.9382370385859974,1.3560520736624215
1307,3375,2502,3159,65.62948368984611,11.034169067499143,14.202602628584375,12.525002305329219,0.9558450570634085,1.2871474545752404
1308,291,1820,298,5.105102468061581,2.1235268984507627,5.067556403165842,4.009190066060019,0.6601056619557725,2.386386726187891
1309,267,268,2441,26.818854262738515,7.474473156820991,8.18585554873782,7.886776235186251,0.9942769140194772,1.0951749209598327
1310,2071,3502,2518,66.92698437659872,11.791199126397116,13.719275335223562,12.525299368315812,0.9806660300831368,1.1635182468007037
1311,2263,1438,3029,38.70234350598362,8.106173029935926,11.081955793950845,9.684777684857083,0.9379977604142464,1.3671008197117698
1312,730,1847,1895,12.714409362963844,5.120417841433525,6.156296371734438,5.486440726250314,0.9682332612400097,1.2023035155292923
1313,1405,3025,1404,25.796217159144412,7.163392844784305,8.088333457729695,7.750575434171334,0.9888571865631829,1.1291204646997466
1314,1901,1850,744,17.87855559546049,5.701157029496434,7.499088074438946,6.5568716348395055,0.9484022671890986,1.3153624844291156
1315,1862,1851,1901,12.7613326693245,4.573786918579634,6.2155304718763995,5.554626306783575,0.9399368121195236,1.3589462260753067
1316,1865,1878,1875,15.596379489806814,5.689141795625977,6.779412510631615,6.069818419769735,0.9709769177671069,1.1916406294959776
1317,1835,1859,1862,5.536655072867439,3.1149714853893635,4.027549242611793,3.6338319352419375,0.9576816708114597,1.2929650436618234
1318,95,96,1841,31.598236737767635,7.96543031285982,11.991850107256504,9.319093473372119,0.8070670915096639,1.5054867893196195
1319,2601,1841,2602,50.858832152500405,9.373951058000088,12.772738214665546,11.104478040289303,0.9378518915387762,1.3625778645136837
1320,808,804,807,50.92835448694968,8.000000000000028,14.555430662190284,11.774212775480528,0.8039927512836376,1.819428832773779
1321,1869,2007,728,18.964624664623415,5.342997506430268,7.7721144598391545,6.846945349994784,0.9118358675250566,1.454635614275593
1322,1840,499,1894,18.9555228261179,6.1345535202975245,8.269023490816101,6.872197418797012,0.9081443644547802,1.3479421873908528
1323,805,806,807,40.833333333333485,8.0,11.84524723993821,10.08201975294834,0.9053235416742701,1.4806559049922763
1324,2419,686,687,31.643727403849653,8.0,9.266981739419254,8.596916148885073,0.9851824380447123,1.1583727174274068
1325,1904,1895,1894,26.144402573926694,6.712842414390221,9.946095614756008,8.155396962947746,0.8838367184518343,1.4816518846673221
1326,582,578,579,40.83333333333289,7.999999999999972,12.546220112293524,10.259653512156271,0.8674861024799281,1.568277514036696
1327,577,578,583,47.18470261637496,7.3910417637195165,13.416792242223375,11.32929791854094,0.8005480057879399,1.8152775577703433
1328,1903,2013,1908,46.602873338771786,9.649248159697919,11.55688527378135,10.471686969282958,0.975769692226071,1.1976980053276143
1329,1500,1499,1930,38.956070450905884,6.62386837240604,12.349993687776381,10.359601709941225,0.7870336333892511,1.8644684636585547
1330,351,352,1943,26.416777945357737,6.643924522664497,9.825159292475734,8.156361271713413,0.8941999255364036,1.4788186197719517
1331,1972,2267,2030,31.81363584411348,7.51508201927848,9.737820362350623,8.713658390901776,0.9570641316543926,1.2957703372192269
1332,579,580,581,40.83333333333303,8.0,12.546220112293542,10.259653512156286,0.8674861024799286,1.5682775140366927
1333,1624,2474,1623,36.65105534488454,7.494575064379105,10.824035030956198,9.502770838681824,0.9161762262072528,1.444249332080434
1334,2183,577,583,51.18296910072438,9.639080503552869,13.180059749679929,11.198695239717296,0.9264244656485018,1.3673565382944868
1335,812,795,2184,33.31250544973048,7.7488545536305375,12.036067472162081,9.469775660129272,0.8263601707275311,1.5532705368076465
1336,2562,2563,2129,49.769516851002166,10.253765695385944,11.203907781951138,10.74192125042758,0.9947905305120002,1.0926627460380478
1337,810,811,2185,27.296633665720304,7.9084468716334495,7.992997589623137,7.939972367728186,0.999909451213666,1.010691191249316
1338,1837,1818,728,7.075497711574344,3.740330897171131,4.313163677934499,4.062901864462076,0.986458164637019,1.1531502951240518
1339,2184,796,2608,34.46367918544371,8.01048541373444,10.348088293778842,9.085204164489438,0.9535289262986814,1.2918178811032408
1340,811,812,2184,26.687039298158844,7.013066184142155,8.624404954595198,7.934035843722641,0.9719725545835344,1.2297623789857537
1341,1890,1843,300,19.99024005964482,5.802154641628022,7.6380856050692145,6.924224635922417,0.9501029625561801,1.3164222735928408
1342,2415,1631,1632,36.845689734969966,8.0,10.044388003302645,9.361617456071826,0.960759493123998,1.2555485004128306
1343,794,795,812,44.42455772369866,7.392776061444841,13.779441075922112,11.069428203176344,0.7904156502136909,1.8639061918546824
1344,809,2187,808,39.59888714347512,7.670179795537239,11.114173342704024,9.901856030790995,0.9095568882661599,1.4490107975266255
1345,1956,373,374,36.244003423559946,7.394145676811442,10.967803153347434,9.491096982532811,0.9058477209620818,1.4833090437673186
1346,2958,2873,2611,33.65379447665491,7.778967288708409,9.684939312854805,8.923562160379683,0.9677652536281032,1.2450160739090672
1347,1280,1988,1279,20.335931593055193,5.6144409351752875,8.0,7.063707762174726,0.9212924343648162,1.424896991947825
1348,1874,1869,1870,12.113893217653844,4.814919751723061,5.843915760676266,5.339185407272391,0.9753264369903677,1.2137098979863516
1349,797,3094,2608,49.12871285245757,10.047838561137416,11.598883828050328,10.713938871388466,0.984763167035453,1.1543660616634484
1350,2188,801,802,33.73569450696103,7.425928112498587,10.331513288942983,9.061048562584235,0.9321946631448048,1.3912756940851612
1351,2188,800,801,35.02248307159311,7.773782333702868,10.308013091643524,9.169166570552507,0.9495643957711144,1.325997133590121
1352,3022,1726,2234,44.33374077444367,9.136486999393496,12.673913415528002,10.521678018543726,0.9053718904550057,1.3871757729605843
1353,2611,2187,3094,48.78269080030721,9.577558334483719,11.494065691354027,10.703672800588379,0.9776258404657868,1.2001039607318267
1354,729,1837,1838,3.9622949074452927,1.9999999999999458,4.131806208309736,3.393274967482723,0.7328576197992668,2.065903104154924
1355,1865,1829,760,10.870999393248239,4.00000000000001,5.8653494123417556,5.196626117161806,0.9055450182741676,1.4663373530854353
1356,2129,815,2562,49.06592673261348,10.253765695385944,11.195029756136046,10.667051724742128,0.994494230980628,1.0917969152712022
1357,1801,1972,1800,23.0440578487603,5.9638208962162915,8.654166576001256,7.539329157405866,0.9151227014898939,1.451111079055348
1358,3197,2948,715,70.40442824112074,12.068124793015468,13.996070790595185,12.837473702940025,0.9824532194284842,1.1597552254924919
1359,587,588,2189,41.86222810864358,8.000000000000025,11.602602536460335,10.16237025692696,0.914653148411458,1.4503253170575374
1360,2756,635,636,30.164037485108565,8.0,8.744382097923282,8.363025095797887,0.9946903820745602,1.0930477622404102
1361,695,696,1884,30.33725658998895,7.517169157493165,10.745256996438462,8.78167206343254,0.8857381105247566,1.429428654765274
1362,352,342,2477,52.2381515742169,8.870836916180119,12.791681975372912,11.35413103960037,0.9137558277957295,1.441992688653908
1363,1160,1161,1973,24.343068458798946,7.269518424487927,7.999999999999914,7.521765265433822,0.9916475308766008,1.1004855525300417
1364,590,591,2190,36.59067083648981,7.5476969275605015,10.818687751308135,9.481402517370576,0.919924870508972,1.4333760159080544
1365,2614,588,589,36.02952506155176,7.403994011264006,10.74691050000513,9.430314425267808,0.9139045699271109,1.4515017818295648
1366,17,2050,16,20.428875996065017,6.010974196096636,8.0,7.013488949662425,0.9464365767464978,1.3308990754269057
1367,1088,1089,2018,15.25098021419644,5.7079774909299,9.526553799587832,7.001782073864287,0.6745587060223008,1.6689893775379692
1368,2168,2189,2612,70.59202980180682,11.353140223391842,14.865456452543507,13.02050484617074,0.9500011802081503,1.3093695805777983
1369,2733,866,867,24.93480394354674,7.379982015335946,8.0,7.6045373534845995,0.9944186951576813,1.0840134817910976
1370,595,2191,2192,63.12476866906527,11.256466278062902,12.84268510471555,12.1263228231198,0.9884836010866009,1.1409162331649267
1371,201,2222,200,31.71456955230451,8.0,9.906786677540266,8.699575006034209,0.9584418833481103,1.2383483346925332
1372,2254,3027,1400,47.461842743301546,10.032812833261422,11.091206780242475,10.498009181891911,0.9928022137646695,1.1054932414838037
1373,2189,588,2614,51.44366970979406,10.140038764534285,11.602602536460335,10.949191075993335,0.9879474365941394,1.144236506968938
1374,1695,1696,2288,31.440561957825743,8.000000000000004,8.856130995031226,8.546460183233876,0.9920304504706101,1.1070163743789028
1375,590,2190,589,38.28812085386892,7.691289843198914,10.818687751308135,9.683251480643632,0.9233554954455219,1.4066155315775348
1376,295,2181,294,38.72850002531775,7.632490702388007,11.005143289972798,9.777503309012408,0.9134308821505549,1.4418809952208098
1377,1064,1922,2108,60.857691552191504,10.459803259757729,13.802102953352227,12.096104122549525,0.9484736553684252,1.3195375295875222
1378,2192,593,594,30.719649260041123,7.489872899101687,9.395480879936725,8.529602453843522,0.9668759008855293,1.2544246086023156
1379,591,592,2190,38.25735156602616,8.0,10.712100019249778,9.596640964164289,0.9455716640054883,1.3390125024062223
1380,3056,1479,2452,49.6202889385844,10.247126683043428,11.108300676541635,10.722427690591195,0.9956132274263761,1.0840405335208012
1381,2324,933,934,52.197907891633804,10.210511558437027,11.551280940447528,11.023924642073709,0.9891559673497403,1.1313126550356445
1382,266,1942,265,29.668703747139368,7.422200202830009,10.414937884317274,8.622183754145409,0.9014142456604862,1.4032143568892368
1383,996,2089,995,41.22783370038287,8.000000000000057,11.60802639834103,10.084253193902045,0.9153300748113916,1.4510032997926186
1384,2194,261,171,49.421885578745915,9.106073316876595,12.739404680812129,10.990178170260847,0.927977055011391,1.3990008906695006
1385,259,260,2193,28.523298525772972,7.648946001373649,9.161152149400284,8.207780339712505,0.9711782820917333,1.197701245080703
1386,261,170,171,31.084277229753834,7.771167219219053,11.125056513093815,8.96540791077097,0.8678271797991677,1.4315811511017522
1387,2494,1981,1295,44.945225271977854,8.642513823256001,11.97873660974796,10.455672459522418,0.9332692469022699,1.3860245820509502
1388,2693,1169,2278,48.33178377107585,9.935346364047913,11.470605143428084,10.624252090965893,0.9853240558240671,1.1545249378457167
1389,2447,1955,2446,34.29811659093006,8.557160497442634,9.138610038432972,8.910462333825253,0.996823445622331,1.067948888087831
1390,2194,173,2196,57.46821259636103,11.302091858596128,11.86049916242184,11.52792479867549,0.9982432229625178,1.0494074292451445
1391,3340,1959,3320,52.275124951822306,10.551958527192907,11.247337296569981,11.00089670078489,0.9967256419326505,1.065900445645711
1392,2749,3132,916,28.260217287900495,7.281783688109298,9.636616588530094,8.27920269531789,0.938591003874453,1.323386824064287
1393,2194,171,172,31.006442656808517,7.999999999999944,9.106073316876595,8.500162244413273,0.9881878186770379,1.1382591646095823
1394,2162,1938,573,47.03875513782604,9.08882238519329,11.962201599984677,10.61802895590611,0.9517735744649296,1.316144280635569
1395,267,2441,266,27.80933111779973,7.459827247892214,10.179885319936941,8.371395241550049,0.8955218708602349,1.364627488232155
1396,2471,2009,2836,33.20701818521473,8.227515852503899,9.617557101049115,8.81878684556751,0.9817416685076144,1.168950297205709
1397,2108,1922,3311,72.00833693044515,11.34371509364275,14.01203690474417,13.052618317246383,0.9677473969777635,1.2352246851295483
1398,3230,1930,3153,68.56787104872335,10.83453517944587,14.938188377785975,12.919390853051462,0.9330142500607171,1.378756737633297
1399,258,259,2193,38.51008510999868,7.813242868363582,10.67448764286016,9.674401430369635,0.9329273074951018,1.3662045097922115
1400,174,175,2195,28.230943284342572,7.846663636954607,8.408630703902066,8.085098113618885,0.9965075155297469,1.0716186003310786
1401,2444,176,1952,25.75913925454821,6.615142815029476,9.376911045641128,7.967840255938678,0.918604569194385,1.417491852834525
1402,2126,1012,2127,47.02209471431717,9.894242906666317,11.337069405566238,10.478799606670771,0.9855087806562184,1.1458248511291154
1403,873,1990,2464,57.78304234667451,11.00849939311404,11.962865207083347,11.572939398205014,0.9951100949435927,1.086693542860735
1404,2196,174,2195,32.53666749445463,7.846663636954607,9.73413228228256,8.772644292822731,0.968880138107364,1.2405441003535236
1405,2108,1060,1061,38.03661127347277,8.0,13.28855714846773,10.294594578156824,0.792190307661069,1.6610696435584662
1406,2988,1770,1771,23.875593339263155,6.35933217879827,8.326951295914084,7.5620944915707895,0.9518684652194538,1.3094065637388417
1407,3066,1570,2511,30.63837724048787,7.926223605412802,9.65811362525351,8.535069396874833,0.9629391219687857,1.2185012820806624
1408,2451,1646,1958,34.92937291200496,8.689931710784474,9.224883131390747,8.989625064807248,0.9975613255564671,1.0615599107576854
1409,1694,1695,2286,25.02974592832652,6.849797834605206,9.076115581652365,7.793338286477106,0.9380714396160238,1.3250194824436705
1410,2198,2197,786,53.04268172553106,8.7869684965369,13.975155869772825,11.653682075675134,0.8722163681409999,1.590441103240632
1411,2197,785,786,30.71598936223574,7.4291244709211695,9.393767432344706,8.536620133267592,0.96447263576155,1.2644514799978754
1412,787,2198,786,40.601540983780694,8.000000000000064,12.19892186071567,10.141333522346116,0.8863450723365088,1.5248652325894465
1413,606,1902,605,17.93299650892268,6.2698451166077795,6.6830403692527485,6.442710639511684,0.9969963421048001,1.0659019872038757
1414,1058,1059,1921,29.620127321140867,5.759489358232124,11.235094070667413,9.11821746326628,0.769370510049997,1.9507101015142818
1415,1782,1909,1781,32.125423870286724,7.912088872724751,10.285021536358872,8.824633213064567,0.939563889526533,1.299912286351371
1416,787,788,2198,35.789373970664485,7.404428551269826,10.489872867413476,9.373126708335306,0.9203490716433903,1.4167025577705805
1417,1906,1897,548,16.020713549168025,5.3995287685558875,6.741170065590965,6.156632957575702,0.9680586733313267,1.2484737751279547
1418,788,789,2198,38.8118635111791,7.4951695701212016,11.883586187320104,9.956209541618259,0.8746460560030651,1.5854993107418034
1419,793,2616,792,22.29007137974254,6.467941730597784,8.657458495285434,7.375537209143748,0.9314084377139441,1.3385183194106
1420,2107,2431,1059,62.626936891628084,11.367242967710004,12.54523486652414,12.056721085647185,0.9932337194880917,1.1036303967602665
1421,791,792,2616,28.8084727066692,6.467941730597784,10.474116213679128,8.633854649864995,0.8609956386883579,1.6193893900016758
1422,793,2198,2616,41.56459165283116,8.657458495285434,11.682529615517351,10.049566156030197,0.9360431085639493,1.3494179177271564
1423,1082,2138,1081,39.51048670184877,7.999999999999984,13.838293680089995,10.619916766919053,0.7690788830529911,1.729786710011253
1424,1732,1733,1960,19.796405960786345,6.484309109181988,7.420541957062173,6.806069870771616,0.982935957914588,1.1443843641806726
1425,1168,2693,2682,48.73182458427627,9.289969109234145,11.528411424270178,10.746137950935855,0.9656747257642951,1.2409526112213918
1426,2177,271,272,45.340301903106976,7.999999999999964,12.063614711415307,10.680507057955994,0.8898750647380055,1.5079518389269202
1427,829,832,828,29.266678751272195,7.536930277329635,10.289541723513022,8.544153004780798,0.906768020170247,1.3652165198426975
1428,227,2984,226,25.743462607313486,6.4933586285465115,9.61087734039193,8.034745322979495,0.898370737752233,1.4801088142798684
1429,140,141,1994,23.995801384029843,7.072312908152152,7.999999999999903,7.475556169353397,0.9889570398422849,1.1311716695649057
1430,391,1885,390,36.3590906106948,7.393838411503536,11.726391612695458,9.668899868840015,0.8688731415334353,1.5859680669314085
1431,3134,3287,2755,60.900572848142744,10.119361437644459,15.072679394987077,12.424642955319305,0.8872325093335286,1.4894891824810272
1432,2442,229,230,37.17222133909509,8.000000000000004,10.17260781436011,9.412097703908435,0.9582414808822027,1.271575976795013
1433,1872,726,2008,23.19865034490245,6.793891767573798,9.094071111731953,7.58753768695813,0.9125882723373484,1.3385657915742135
1434,774,775,776,24.975377096947547,6.48611395629553,11.583098284408056,8.68973741356783,0.7202632532567237,1.7858302155122185
1435,2534,2082,948,33.59288125999669,7.831794491950831,10.491477002842368,9.029011924437654,0.9376606618815783,1.3396006513737102
1436,1583,1584,2116,37.965592117223906,7.999999999999984,13.074750844754071,10.205961635450576,0.806799952554332,1.6343438555942622
1437,777,778,779,40.86964013776001,7.9446665252281985,11.263864087626297,10.010609727327816,0.9219141761852793,1.4177894127913393
1438,780,2200,777,44.21187853447488,8.69805916903616,11.411379055694388,10.288527209301945,0.9525405782082762,1.3119454390833827
1439,767,768,2567,29.229647934553668,7.70980261714407,9.171135624228084,8.293646080457385,0.9757079030440318,1.1895422074534683
1440,2200,2199,774,50.45527999832802,9.519408975393976,11.983383709856149,10.936228428212047,0.9655306772138414,1.2588369446917473
1441,2500,3450,3062,38.6761252830213,7.574018880038385,12.527598432573773,10.106477336569574,0.8407513719474178,1.6540226042465693
1442,1565,2014,1564,33.6648661060575,8.0,9.569063965419717,8.88787648930755,0.9788437434836282,1.1961329956774647
1443,2040,958,959,36.09218712195792,7.999999999999886,10.163452240486144,9.259573745059527,0.9626749441439207,1.270431530060786
1444,954,2015,1916,42.407071226575766,8.323302953686099,11.16233470483564,10.11650084671292,0.9419880768047553,1.3410943668573585
1445,40,41,2789,19.157562107548312,5.178289381274658,9.104072959197358,7.2275406078672875,0.8070371658395427,1.7581236367590471
1446,830,831,829,40.833333333333485,8.0,12.216037485127364,10.168526402880133,0.8865437143016112,1.5270046856409205
1447,950,2535,1856,29.257262380987484,7.991505021064117,8.62673082918096,8.234630021784758,0.9952756058327776,1.0794876317342612
1448,2543,1625,1626,39.48458703040182,7.694304887728948,12.191419079481536,10.06979288510042,0.8700629237264512,1.5844730950192378
1449,3008,1069,1071,45.35335492797541,8.8174623360149,11.53404683828864,10.416942178585389,0.9533956026571659,1.3080914211765735
1450,1582,2114,2117,60.49830989341601,10.839558390911327,12.509779589442623,11.886770399080739,0.9849463591305945,1.1540857236335136
1451,685,1884,697,21.051527293905743,5.433817246126777,8.415299527483915,7.296777916240579,0.8839091572207806,1.5486902018065363
1452,2990,1515,1516,42.47480692802318,8.00000000000002,12.03082585176714,10.301760901769196,0.8999356878718499,1.5038532314708888
1453,3091,2579,2581,78.6229888405345,13.014430317421777,14.011859284431663,13.493529543798658,0.9963240908693758,1.0766402326250637
1454,1884,685,686,31.155754869977784,7.583043410605496,10.03950805955685,8.679283665882087,0.9421324028196277,1.3239417890600218
1455,795,796,2184,28.892659362467953,7.7488545536305375,8.897038785955031,8.215297779861856,0.9850994112282114,1.148174704322788
1456,1780,1781,1909,27.996317700013236,7.862462763436865,8.276789230110078,8.046417331182314,0.9981506002678501,1.0526967795128992
1457,692,693,2201,29.995191641674598,7.442950021904355,9.263042643329126,8.42146419569177,0.9690605659770166,1.2445391432252397
1458,1220,2049,1219,27.446592228840398,7.378630297278158,8.662070271622657,8.01356685630028,0.9828398169207532,1.1739401382961194
1459,2872,2957,2162,46.140728616853806,9.687622899124866,10.70266170417321,10.353582244361359,0.9919833180150789,1.1047768699935705
1460,2523,1555,2074,57.707285121607,11.443557198858796,11.629705443510028,11.544997327092217,0.9998228557959634,1.0162666416933535
1461,2618,691,2201,54.42156605377279,10.614349612305114,11.83674753764087,11.244007206009869,0.9921359385840319,1.1151646563364224
1462,816,2562,815,31.131582541966274,7.8318240926165705,10.552359722704395,8.794727938440317,0.9112600679492332,1.3473693481768316
1463,690,1953,689,30.764184603995464,8.000000000000064,8.669512401861846,8.446024252439988,0.9945691228953805,1.083689050232722
1464,2033,2486,923,35.288274434522734,8.058383436480463,9.951371975122441,9.126950062936004,0.9710052822760397,1.2349092164158362
1465,13,14,1995,19.498009939844298,5.56376519366743,8.0,6.925851510403587,0.9189895855179477,1.4378752016899357
1466,1916,2090,953,55.27712306184905,10.119797113452849,12.136381590404788,11.400736381471932,0.9759471986175663,1.199271235810763
1467,2020,2051,602,33.66708059998712,7.6716328340364806,10.56439470211201,9.064708492999504,0.930375039499068,1.3770725125479555
1468,1951,179,180,19.654507812210312,6.200256367015967,7.461843745616201,6.798172206512368,0.9764980127625713,1.2034734217300445
1469,1603,1604,2109,37.001103581507145,7.5711436749630305,10.897531684742852,9.541019930573755,0.9181962950229993,1.4393507972619557
1470,177,2025,1952,25.456384839214877,6.500282475825674,9.193053694963073,7.901796532516723,0.9235861733356461,1.4142544926550071
1471,1973,1161,2273,25.33223619017705,7.295777371813626,8.057151512318747,7.667765916578609,0.9933928037200864,1.1043581926508064
1472,408,409,1885,33.99936647860228,7.517169157493151,10.79057449183256,9.166650531371983,0.9149844243739866,1.4354571868422652
1473,860,861,1989,25.331536594481168,7.393138639248707,7.999999999999943,7.661327394173026,0.9955901202557766,1.0820844015462567
1474,1572,2510,2062,37.58272694718163,8.687571376220765,9.83241015127121,9.352972678750843,0.9895085901428938,1.1317789201921318
1475,2814,1884,2419,37.25236769411297,8.899458287242858,9.77174588219936,9.296636437694847,0.9939156846589594,1.0980158080191131
1476,495,2009,494,38.94958601052851,8.0,10.553320406989167,9.684768613766309,0.9447120904674476,1.3191650508736459
1477,695,1884,2814,44.05887168020335,9.77174588219936,10.745256996438462,10.117727437890714,0.9920403305985621,1.0996250952465405
1478,2520,1547,1548,34.89373103434796,7.780666228211651,10.280612000596316,9.148215595016053,0.9507368816639871,1.3213022765737201
1479,697,1884,696,27.997993569589877,8.0,8.08259003636599,8.041269003825677,0.9999296732478617,1.0103237545457489
1480,2474,1624,2838,40.43595751832305,8.93497007816011,10.189702420710168,9.708637164805511,0.9875216105724214,1.1404293838226744
1481,2037,316,317,38.458436986341056,7.999999999999984,12.397103776153164,10.004428663850595,0.8590682359611586,1.5496379720191487
1482,689,1953,2985,32.76072974841874,8.159204702591424,9.40320003831591,8.74397238092306,0.9861820585752128,1.1524652684996841
1483,713,1853,712,25.9026011289481,6.93646881169403,9.632132889467124,8.028590286218085,0.9091089507642708,1.3886219560633701
1484,2545,1630,1631,40.37886765910629,7.529280156484644,11.402706410377824,10.088260038022666,0.8876990095722881,1.5144484165006353
1485,3087,1072,2571,49.74370255013986,8.26709431087561,13.67444611330374,11.368543497161953,0.8545354044418412,1.6540813010097872
1486,2559,1499,1498,26.809997693964544,7.260575862191751,9.073852554422247,7.994177194271603,0.9597036249704906,1.2497428202179988
1487,748,747,2580,23.222140879447853,6.914081095703613,7.999999999999974,7.368673165032189,0.9838512310759238,1.1570590349267305
1488,698,699,705,35.52387891373128,7.632490702387918,11.695226511254969,9.550894815185812,0.8727904494801221,1.5322948913119507
1489,2413,711,1853,44.64872248612884,8.525164024814382,11.756035392966774,10.410035670594889,0.935222350389017,1.3789805520161518
1490,3370,3465,3225,81.83682948389887,12.961442943004489,14.222732405042937,13.782982777461344,0.993092400527024,1.0973108833317966
1491,529,3080,3251,26.982317867086717,7.628090324724466,8.377975686968803,7.915363042231731,0.9928448571759303,1.0983057790773372
1492,704,699,700,40.83333333333326,8.0,11.695226511254969,10.05264962787063,0.9118597084382326,1.4619033139068711
1493,2012,2038,1866,33.093603331174315,8.10346582294167,9.179710570514922,8.7800526484168,0.9884336745321998,1.1328128940244682
1494,390,1885,389,33.43873780159286,7.539066524856818,9.88646958232105,8.949052759664735,0.9520174522921184,1.311365213415306
1495,1857,2865,2545,37.01220567850999,7.60095960485327,11.829151458539863,9.73639971679907,0.8741847342402171,1.556270796517174
1496,2117,1579,1580,38.26147650785851,7.999999999999943,12.502012421899607,10.022504241431383,0.8501733202483169,1.562751552737462
1497,1885,410,389,23.570289707178144,5.160774260469435,9.569331344308207,8.050575925531325,0.7889919330789466,1.854243348252508
1498,522,523,2529,32.01207187524543,7.509358120618178,9.608866974125528,8.727549796968114,0.9605931574861725,1.2795856609558682
1499,2489,321,322,32.50030714891618,7.536930277329667,10.301021185276367,8.889950996261122,0.9346248427200033,1.3667396149677555
1500,2189,586,587,38.94640538393478,7.569566904678091,11.048456095296837,9.834177078098483,0.9059538538814756,1.4595889348000541
1501,701,702,703,21.51373371717518,5.884661842305538,10.122076278792038,7.801016853566689,0.777155514341313,1.7200778141614224
1502,3091,2423,2579,87.04263384812809,13.454299029542533,14.641105925915294,14.207240358573278,0.9944838700426051,1.0882102362796313
1503,630,627,2219,38.01950195251901,8.014144077095965,10.576372726838377,9.549917728493533,0.9499861307495838,1.3197133249781643
1504,2136,2571,1073,44.07501044719455,9.42956917535607,11.06514059802417,10.160005121305375,0.9816762000128569,1.1734513414401395
1505,796,797,2608,40.37125663194953,8.0,11.598883828050328,9.982324040609724,0.915198553700344,1.449860478506291
1506,701,703,700,36.05630882159621,7.536930277329705,10.462722372356923,9.373909642826222,0.9295767169044649,1.3881941304177503
1507,688,689,2985,24.862513951242626,6.782439298828845,8.159204702591424,7.647214667140098,0.9755255462267092,1.202989712565553
1508,3309,3310,2430,36.5269175633808,8.765496265634871,9.559239834033855,9.201898556290544,0.9949546007993592,1.090553180829117
1509,180,2025,1951,23.31285264360259,6.7324165069049355,9.114138899249708,7.606343029572859,0.9124777546751649,1.35376931743632
1510,627,630,631,30.02335924702682,7.726957014342683,10.576372726838377,8.698009384361173,0.8955803018350564,1.3687629822718883
1511,1885,409,410,33.903118886154516,8.0,9.569331344308207,8.920513096366149,0.9784183045636693,1.1961664180385259
1512,240,2202,239,30.1769440999907,7.51519356905146,8.922053488466632,8.41659174889425,0.9781520331700273,1.1872020868775495
1513,1802,2267,1801,32.28165945671542,8.000000000000004,9.982440780338802,8.775963536472847,0.958671500408724,1.2478050975423498
1514,241,2619,2202,60.496724522960506,11.222789485807652,12.293021683380333,11.845450807955991,0.994237642038853,1.09536240512451
1515,1240,1241,2716,27.997922594186807,7.345843898831388,9.26687561661329,8.171075712868003,0.9590657700362194,1.2615127334910436
1516,2163,2164,558,45.7962390513501,9.851099553636306,10.987657732745374,10.319603818788808,0.9909346153160801,1.1153737380198878
1517,245,246,2203,36.16476655156627,7.999999999999964,9.999446196229597,9.259754067099477,0.9650397001844319,1.2499307745287054
1518,754,1848,2145,28.638269847749918,7.1845643204638225,9.957511840714048,8.402263655035506,0.9193832192758163,1.3859590361453134
1519,2858,1536,3164,32.24773033668567,7.0562710657720595,11.839506218350808,9.349323210081897,0.8162089476608846,1.6778700971084919
1520,2203,2622,244,33.566560065967316,7.406879506645357,10.721731600993195,9.115488703810255,0.912749239347025,1.4475369271734198
1521,2622,243,244,23.741326324270176,6.925746794014404,8.0,7.444208766886587,0.9859549877722512,1.1551100896316369
1522,2517,1531,1532,26.521044939120042,7.42490257432773,8.422935452943744,7.860536567378884,0.9884711480756809,1.1344169662329042
1523,246,2205,2203,35.65276829977157,7.441840936264316,10.620829154896617,9.35403876246351,0.921086789454523,1.4271776628738455
1524,236,237,1954,36.50952226375854,6.271097818101647,12.062980261781982,10.129400244515745,0.766166776764432,1.923583495534379
1525,2620,238,2202,37.73454640303204,8.668219273480442,10.93541310699467,9.516155630716172,0.95159364459064,1.2615524321645257
1526,2203,213,2621,35.72265301411534,7.889305735837344,11.095066019209204,9.386781848043297,0.9182076155398292,1.4063425085441452
1527,2876,215,3167,32.46222352517241,8.122985332437214,9.270106528141307,8.69650148949455,0.9883958251876416,1.1412191637381564
1528,247,248,2204,26.07684209173476,6.790386341990783,8.928188133206023,7.906191491732268,0.9517641068723365,1.3148277113476412
1529,246,247,2205,23.51474547478546,7.236777139831567,7.441840936264316,7.371004769164464,0.9993421039063393,1.0283363426108658
1530,1968,1419,2677,34.63085552840868,7.795311822654601,10.12406488107837,9.092965969205586,0.9564122438512801,1.2987376401872708
1531,244,245,2203,36.12622055888872,7.656388575734867,10.721731600993195,9.385978727265643,0.9296828824914356,1.400364087446295
1532,2205,247,2204,23.617868989461204,6.790386341990783,8.448805631927316,7.491989704583221,0.9633043990725866,1.244230476207385
1533,194,2447,193,36.84524882058138,7.471488438773946,11.110476782124405,9.574133484310046,0.9049151565006677,1.4870499865148166
1534,285,2598,2982,53.545954839122054,9.716961547780366,13.164672725608279,11.395489670102728,0.9379309982431971,1.354813710116561
1535,1987,1279,1988,12.65331739355884,5.018170466254871,5.651210480523814,5.427940627317991,0.9889958763695331,1.1261495635761831
1536,2206,254,182,39.82784011601761,8.306370083157685,10.941078938419484,9.769062813640618,0.9518250640827601,1.3171913638430386
1537,3198,3293,2154,51.458024108958796,8.782261508512475,13.292639192665854,11.352958002796422,0.8970245867318278,1.513578157491844
1538,183,2206,182,30.54997362494667,7.999999999999984,8.98584237130461,8.43073748482076,0.9902465147417797,1.1232302964130785
1539,403,2214,396,39.5382768108582,8.806036372467924,10.932398414185442,9.692982212791692,0.963491959499838,1.2414664159650295
1540,2208,2206,183,37.57159474630707,8.98584237130461,9.63399233459205,9.326216511016844,0.9967721488626762,1.0721301283179907
1541,177,1952,176,17.125877502634864,5.832652286896415,6.615142815029476,6.316025859250522,0.9884860624871434,1.1341568963215924
1542,216,217,1954,46.89256650693117,7.999999999999944,12.752448847334865,10.949533729922125,0.8711310571685671,1.5940561059168692
1543,3085,2186,2563,76.8247225025488,11.984578841038697,14.979292182333936,13.488910249376291,0.9671487300208748,1.249880565768441
1544,722,721,1941,29.45471680844576,6.122010380010743,10.307205181644177,8.7844684810461,0.8425364874953447,1.6836307914959936
1545,1918,1623,1919,23.779544673064986,6.55014837588719,8.619523691707336,7.55872765492241,0.9493004650067766,1.3159280060644212
1546,210,251,252,52.192873996493375,7.999999999999943,14.068205591174005,11.800395728920476,0.8224175078960138,1.758525698896763
1547,2554,1600,2110,27.788881643109875,6.559432029604352,9.603584968708855,8.29258851466127,0.911578346611035,1.4640878852567543
1548,2623,250,2210,39.11437313712618,8.71563243086558,11.720659915782454,9.829663064169834,0.9177238571892452,1.3447859359321825
1549,186,2207,2879,38.882643310474016,7.84112173514016,11.055510397827096,9.748463150362555,0.9263510722929204,1.4099399003437967
1550,187,188,2209,29.586246245160872,7.706506636224575,8.962575139606958,8.314449606350157,0.9846193534318439,1.1629880518727136
1551,1949,82,2182,87.43051319351548,13.506196642765639,14.993786922704793,14.248581259429779,0.9927294120089443,1.1101413165590148
1552,1400,1401,2254,35.71179827083597,8.0,10.370007932171834,9.234825050222812,0.9565052954972807,1.2962509915214793
1553,2879,185,186,19.603488271004196,5.236818791977022,10.348757318120414,7.770535262389174,0.6993210645988994,1.9761534109171486
1554,2626,252,253,23.241616867633947,6.538727907509788,8.182525717125873,7.417538354471941,0.9675091826024376,1.2513941293884043
1555,2879,2208,185,21.30086615050024,5.236818791977022,8.57758802753534,7.4433338833658,0.850514557928143,1.6379386738904325
1556,250,251,2210,29.492438915954793,7.971307861552649,8.71563243086558,8.272085651570725,0.9938704322764467,1.093375463881275
1557,2008,2051,2043,20.54472578890889,6.071383716048166,7.898889757649746,7.008946447755612,0.9549729736429129,1.3010032188825476
1558,177,1951,2025,23.04995859135206,6.972473682563933,8.012053426761424,7.344859598214981,0.9826669588608963,1.1490976935197572
1559,187,2209,186,35.510166710556405,8.0,11.16338030010523,9.375318479904061,0.9147526962377966,1.3954225375131537
1560,221,2628,220,26.92408601464328,7.5204435941761885,8.326633752082582,7.906262336449512,0.9929829717819161,1.1071998144538582
1561,221,2211,2628,35.27390439013011,8.326633752082582,11.322883931751644,9.387060378970109,0.9051658704769583,1.359839314287081
1562,3151,3324,3273,47.880352986635316,8.94694773843493,12.335866319370686,10.7832220632596,0.9352351675209556,1.378779297701427
1563,2445,2605,2178,66.22733733169606,11.887504814791878,12.721116469943171,12.382303879289273,0.9967158616438763,1.070125031967517
1564,2098,3081,2548,54.7186634615922,10.359858881421705,12.514087185127906,11.350191932090476,0.9749410238959688,1.2079399274028115
1565,2875,3283,3167,31.655178617979665,8.067883067109111,9.870549370945819,8.685582630925436,0.9601094622861143,1.2234373365159146
1566,2099,2548,2549,44.047221909388064,9.341041046489162,11.746971252685247,10.268093663332444,0.9546877795990657,1.2575655319596692
1567,236,2445,2180,56.85696667686253,9.902596172507582,12.642791855234544,11.640237280799766,0.9583174642465949,1.276714877087942
1568,2445,1954,217,64.49309334694932,11.61521766821694,13.031775993881594,12.247715334843368,0.9906084876007493,1.1219571054222102
1569,2074,2522,3387,72.87196805135788,11.361724611561886,15.023485217632478,13.230903898720031,0.9492150147279099,1.322289153386478
1570,218,2445,217,43.947240595027814,7.445074233958191,13.031775993881594,10.812921360712386,0.8266068215924627,1.750388993361752
1571,2859,1560,1561,31.182782602046355,7.474197695333543,9.516919091582286,8.60798287835622,0.9625151153673212,1.2733030994783696
1572,2636,2960,2885,34.51785137904489,8.487654759565878,9.271514458335036,8.946588585599304,0.9945445565039697,1.0923529197374247
1573,2147,3090,3256,76.67427265734898,12.836622229967585,14.336848810864202,13.363085243926449,0.9889663083278936,1.1168708211568523
1574,1560,2859,2522,38.23060607786627,8.832831848152829,9.779788554901348,9.42342891548612,0.992266644119586,1.1072087324912172
1575,1195,1196,2912,21.41682448434191,6.405479665728867,7.434314639537665,7.0781973896231385,0.9827653451970543,1.1606179439321862
1576,292,2411,1820,27.314940677192062,6.9121330582617455,9.30839230766945,8.123942724980816,0.9421308638874663,1.3466743520719078
1577,2182,82,2606,70.53127936618898,10.211708965865679,14.993786922704793,13.232497140451812,0.906409658676632,1.4682936002998126
1578,1820,297,298,18.126677499703874,5.067556403165842,8.0,6.791493786944421,0.877781378626338,1.5786701446484503
1579,222,223,224,28.939447084322524,7.272794473217097,11.347371952518293,8.873388808578504,0.8161740512201809,1.5602492266633268
1580,2338,882,3353,47.25635887233578,9.553200986810738,11.984873608389629,10.605625719366342,0.9613778013521974,1.254540088179458
1581,1463,3102,2660,25.805501901762966,7.427607041954953,8.183503158807783,7.740571768436449,0.9929211593359901,1.101768458210449
1582,2689,3174,2904,28.415792825837496,6.463118451030428,9.518049994917714,8.405164338812023,0.9045775760818575,1.4726714459952737
1583,293,294,2181,42.67709684216853,8.0,11.914004805646751,10.306382698539851,0.9040500006152816,1.489250600705844
1584,3139,2773,2369,29.316378760461806,7.4272443460893,9.049329650449156,8.307622936617923,0.9746423307743668,1.2183966527523684
1585,84,85,2606,28.89738053034277,7.683371085842482,9.124032085330208,8.246721950470013,0.9756155646965413,1.1875037640889576
1586,224,221,222,45.18891381006824,8.0,13.255694218162644,10.867688723560313,0.8496557203417995,1.6569617772703304
1587,1536,2857,1535,19.03250361753262,5.355827650475188,10.312527497021614,7.694672909950472,0.6939135821106199,1.925477847687397
1588,220,2605,219,37.69998982064887,8.000000000000004,10.466246255510972,9.500828156696558,0.9523269998021928,1.3082807819388709
1589,236,1954,2445,63.238775145000496,11.61521766821694,12.642791855234544,12.106996595077822,0.9951441638495335,1.0884679234061523
1590,3242,2988,2512,31.23819975017056,7.227258106450799,10.998149881701162,8.96018116106234,0.8723142577755117,1.521759665935356
1591,2625,2207,2624,38.50707602189439,8.750871401084037,9.881158944768876,9.469598751540223,0.9888237463247751,1.1291628561179428
1592,3161,3280,2061,60.12005978798476,10.022084437964093,14.2197553783764,12.158311839332839,0.9209178191201086,1.4188421047932251
1593,3073,2073,2518,76.86052868791187,13.119599365351078,13.595126906363838,13.327462400436778,0.9991053612613024,1.0362455840129257
1594,2428,551,3152,43.39380179097249,8.853751175793239,13.541842685860743,10.736719913263377,0.8395541415163401,1.5295034180410523
1595,2840,343,345,39.98216981903871,7.911408327578642,13.100838579660921,10.37619605656335,0.8230400658578315,1.6559426637090986
1596,1107,2454,1106,29.971430998260608,7.999999999999984,8.52633099583915,8.329277156345102,0.9968931348055906,1.065791374479896
1597,1609,2549,3081,48.5898943335003,9.667444517984466,12.70971746093204,10.868522265946003,0.9361097361730669,1.3146925681640063
1598,1955,2448,206,42.7457223716834,7.988583556305738,11.5933327902868,10.283594508915893,0.9106450285531386,1.4512375953225995
1599,2054,2496,2039,50.97110557031796,9.155228992121257,13.509305451190663,11.300243601237492,0.8995508691942552,1.4755835668137198
1600,1618,2098,2548,54.17689898023713,10.359858881421705,11.844790513712407,11.237548285295778,0.9876042332652133,1.1433351215771506
1601,1981,1239,2717,57.540178454269956,9.612418548619056,13.686860668021671,11.878810899675065,0.9229418306953754,1.4238727328397451
1602,205,206,2448,39.80902219464411,7.999999999999984,11.268867180155144,9.861529728210334,0.9273827041687959,1.408608397519396
1603,2959,198,2631,49.72431707952545,10.224532894970135,11.62005591410012,10.770496235975372,0.9867594093017329,1.1364877039826924
1604,2337,2745,2744,49.88504580513546,10.509179953730538,10.858852425893833,10.736919363618645,0.9991081675855429,1.033273050200189
1605,2688,1270,2902,18.667109481675375,6.264041346593037,7.068034938904203,6.5939008113626185,0.9888107082905303,1.1283506202826155
1606,2803,2404,2806,44.36582703744228,9.571088398313158,11.045632800727654,10.183262136877802,0.9843022470048345,1.154062353313378
1607,3328,2779,3186,61.232805604037694,11.471962368619677,12.313169335312756,11.906505530855071,0.9966726604591282,1.0733272076444489
1608,2947,29,2835,23.23550063326832,6.7480663677579305,8.255933097399325,7.410581251061701,0.9701281545341801,1.2234516745190798
1609,2462,2829,2375,58.995516486194326,10.49736670312669,13.530831291856094,11.884204978484897,0.9540802825629462,1.288973861209009
1610,2338,2744,2745,50.80398477680726,9.89214264356397,12.819360193725995,11.073560930340166,0.9445755083814362,1.2959133987080678
1611,2977,2717,3179,42.627703311544764,9.576042208060613,10.297949046698472,9.935069623980676,0.9964773615060389,1.075386764485039
1612,2446,1955,3053,25.04604769485731,6.944932188604365,9.035616465600153,7.782721612967706,0.942265822281803,1.3010373924782592
1613,2744,2338,2919,47.035352683034525,9.124717749897073,12.819360193725995,10.787623223844468,0.914986930303064,1.404904846933002
1614,3169,2882,204,53.78408857700813,9.59264310117825,14.79369472773097,11.86669757119214,0.8534347169276454,1.542191716265758
1615,3104,3103,2661,39.0009986667163,8.331648665115209,10.514125191756618,9.61904641167562,0.9643678675286828,1.2619501390858552
1616,3209,2212,2959,46.19798689809453,9.984752336137372,10.718145696276144,10.342167947985699,0.9966317337629524,1.0734513321361445
1617,2434,1923,3081,53.0718265915745,10.059682712372243,12.047919829687116,11.160193330501862,0.9787012840862245,1.1976441180266622
1618,190,2217,189,35.46713753582951,7.696244330393959,10.614076598830625,9.28085697617872,0.9351826656347446,1.3791241731910175
1619,2325,2734,2735,57.99417030057689,10.942450914022807,12.266846533772007,11.610772878328413,0.9913350222844306,1.121032813412211
1620,396,2214,395,29.09518447760072,7.588073431848065,8.806036372467924,8.242226029427586,0.9854344724852933,1.1605101679047964
1621,2585,612,613,35.10080233943668,8.000000000000115,10.323154332544057,9.154975211059664,0.9568976651627192,1.2903942915679885
1622,3019,2214,404,28.993800340842878,8.015521882591973,8.352710453401738,8.186278391196398,0.9988692491843303,1.0420669515658199
1623,1148,3030,1147,24.71903338640248,7.112780761824308,8.000000000000105,7.581535289169321,0.9908704554684272,1.124735918044554
1624,2216,2215,406,35.8952085981434,8.28722639024239,9.925943135814096,9.178181117017452,0.9787430908959207,1.1977400722998441
1625,2006,2051,2038,54.71658001047002,10.085657484513877,12.491076325968946,11.368597556476098,0.9703607006286754,1.2384989620308335
1626,2214,3019,395,30.208408062481624,8.190602837595485,8.54570353808307,8.356291553215108,0.9987748427010809,1.0433546477015887
1627,393,394,2215,28.885411046979723,7.876052304006155,8.702264099336631,8.19277213444759,0.9918834791968261,1.1049017659405618
1628,2183,2956,2872,27.611118445838585,7.51651986609344,9.15139483751031,8.099353259742134,0.9638739094102435,1.2175042440573716
1629,405,2215,3019,30.048097325447493,8.213270693764581,8.430967330586506,8.331701579738391,0.9995358296017786,1.0265054744862114
1630,406,407,2216,32.684105043505305,7.396312439602261,9.887594242926639,8.86842683584159,0.9460396259602589,1.3368275507109793
1631,552,2943,2816,40.63929615771889,8.253646136609532,10.711124415166013,9.869649751048414,0.95072724089152,1.297744564993669
1632,952,953,2090,44.61419258699744,8.000000000000004,11.94603044055816,10.56801365716188,0.8960388962148245,1.4932538050697692
1633,772,2199,2141,62.719516565042085,10.724941666773915,13.71846041030182,12.222641452154589,0.9599568362354833,1.2791174848812359
1634,1114,2329,1113,44.04718812093422,7.393838411503462,13.034723970006734,10.842685183741786,0.8226200741351551,1.7629170729139934
1635,191,2217,190,41.938532182543526,7.999999999999886,12.256304375703158,10.290126991511222,0.8888967462082688,1.5320380469629165
1636,2370,3044,1045,44.66224061888373,9.029954377838656,11.507548405202385,10.306337427644202,0.9617379691514875,1.2743750326628724
1637,1065,1880,2433,24.732462419719543,6.805888912879328,9.637683529713708,7.909044146510822,0.891270688519534,1.4160800525961492
1638,192,193,2446,32.16658968716047,8.0,9.063781874881347,8.655340148762475,0.9887076292401827,1.1329727343601683
1639,1190,2828,2913,37.798659515080594,7.521153039621114,10.889629241750256,9.66657252909418,0.9115818675884583,1.447866993848437
1640,2446,193,2447,36.009992628274354,8.557160497442634,10.140435232031786,9.199944766960167,0.9772085695792345,1.1850233772128411
1641,402,396,2218,42.14828671067649,8.749260083980808,11.629806525595269,10.08993229330362,0.9431040710245236,1.329233148170839
1642,2535,3079,3249,98.5062460177403,13.753895742163214,17.033778211325952,15.27095133221909,0.9679410238411302,1.2384693421157835
1643,401,397,398,40.833333333333485,8.0,12.701319615064603,10.306415236164662,0.857980869355195,1.5876649518830754
1644,2218,397,401,38.27167599677124,8.278219227793333,10.217926093429384,9.514285882466863,0.968169703235883,1.2343145080192695
1645,1955,206,207,22.79782593672928,6.155408375854207,8.05490747232555,7.399633134828498,0.9481350409162087,1.3085902641200053
1646,1475,2642,1474,41.46994706007362,7.343701929584674,12.178356604227528,10.385007453918506,0.8511235431279847,1.658340265032554
1647,2903,2274,2688,35.3546696385717,7.672516831425279,11.407868228160407,9.448346145228847,0.8912226982747891,1.4868482505552527
1648,2216,393,2215,35.772986390242586,7.876052304006155,9.925943135814096,9.226031269938376,0.9602805508852488,1.2602688190332691
1649,398,399,400,29.277850943391236,7.616574231489809,10.217926093429384,8.524436015387987,0.9124434746671357,1.3415383061829291
1650,2665,2483,2844,44.22392213669665,9.876207355747217,10.515740863877122,10.118191066619422,0.9968056719582151,1.0647549697058298
1651,683,2348,682,36.83078736107018,8.0,13.142961350036323,10.151090379297443,0.7889794420691872,1.6428701687545404
1652,1474,2642,3352,57.91093736055917,10.842983452630651,12.178356604227528,11.60425258250523,0.9908588218545804,1.1231555094989005
1653,240,241,2202,35.414318712261775,8.0,11.222789485807652,9.381614324758095,0.9102352730917617,1.4028486857259566
1654,391,392,2216,28.717313305948075,7.281926370931502,11.683988374246109,8.988638248392546,0.7847195121923388,1.6045188840259446
1655,3456,3327,2706,54.529221609282445,10.447367644116968,12.544387549684055,11.332947597478354,0.9745254419239262,1.2007223232684785
1656,1168,2682,2686,46.62411072336175,9.176090197886976,11.420033319303247,10.50152050209824,0.9682550293416227,1.24454240019709
1657,2721,1185,1186,22.198812963734564,6.414399484834557,7.688021551677577,7.22449834974599,0.9760523092237968,1.1985567113264806
1658,377,372,1956,29.646402940864043,5.706860231784038,10.971482345072745,9.098226329579854,0.7731889197978478,1.9225076310731581
1659,2216,1885,391,59.91999215920421,11.683988374246109,11.882852343826098,11.764410776922555,0.999787727241736,1.01702021289394
1660,1277,1276,2327,39.38542568831622,7.3979129511153205,11.376040859864572,9.98305318089738,0.8829933342757131,1.5377365123158826
1661,1028,1029,2376,33.44107480354203,7.999999999999886,10.882589677161384,9.102152342661102,0.9143393985758639,1.3603237096451923
1662,1127,2454,1966,38.784912679371665,8.280182720914752,10.532018101605862,9.600492878131718,0.962184530819932,1.2719547933408817
1663,1832,2039,2496,32.50562999279236,7.758086316643659,9.316194358212467,8.74316988899246,0.9757710312739615,1.2008366468192229
1664,376,1956,375,37.45379810159361,7.517169157493103,11.058457615704594,9.635217542344224,0.9088665118220969,1.4710933576214045
1665,2453,2028,2483,40.943738215235015,8.843590897706838,10.296885980951316,9.788807327829836,0.9822081462485546,1.1643331425045138
1666,2076,3000,3306,32.4350812244502,7.616016518654188,11.540363157298456,9.225228083507893,0.8519674182403334,1.5152754893627427
1667,2348,1905,2974,81.32240189662569,12.120774393797028,15.390610833262865,13.897098253196653,0.9633484870888079,1.269771248373307
1668,311,299,1821,4.09795606919874,2.3073441445773164,3.7585131347387346,3.2593992077915637,0.8543483438268855,1.6289347835570747
1669,2369,2771,2770,48.74261362037351,8.73515767697489,13.24670430487484,11.085301469434079,0.8913027440489077,1.5164814185085624
1670,2476,2839,2949,41.832643736755685,8.794226476246793,10.510233281231699,9.918647536092825,0.975720663499914,1.195128793830798
1671,2402,2800,60,37.31781598039302,8.09665078195929,12.32389833419352,9.879669705049103,0.8549379910363397,1.5220982929945865
1672,377,1956,376,39.35725894653979,8.0,10.971482345072745,9.767169399635906,0.9367610635512484,1.3714352931340932
1673,373,1956,372,36.69136659703626,7.6324907023878055,10.616336411882783,9.453389743903381,0.9304705137514218,1.3909399730498837
1674,2461,2495,1223,29.090568448259635,7.307016304357823,9.008731812808486,8.285918395816944,0.9712298736098222,1.232887876195894
1675,56,57,2395,33.09897971006716,8.0,9.256174283292196,8.794531758472885,0.9842475122735034,1.1570217854115246
1676,56,3047,55,24.467868012433083,7.192310351779418,8.000000000000114,7.540644744838391,0.9917493227592101,1.1122990539501496
1677,310,311,1821,13.521353524555707,3.7585131347387346,8.0,6.31943577016456,0.7208078887374109,2.128501275160797
1678,63,2801,62,25.516549237222605,7.187644699748967,8.685421152016565,7.767276244186085,0.9698195292698567,1.2083820938338685
1679,2745,2337,879,29.10022150497676,7.068555050616809,10.858852425893833,8.720375459509638,0.8554735361604384,1.5362195453151741
1680,111,112,2220,29.591458093079837,7.73077635169279,9.373230712229084,8.368002354640625,0.9687806074477718,1.2124565872581023
1681,200,2631,199,37.00753022978893,8.0,10.40713704598584,9.4026939655433,0.9553919445405082,1.30089213074823
1682,195,196,2881,23.033954260748633,6.551499707738872,11.28812532033794,8.41045945624156,0.7093187877283351,1.7229834120276297
1683,2881,2630,195,42.77569219592593,8.233383135377705,11.28812532033794,10.197734683271655,0.9325531459251641,1.371019073779578
1684,2547,2098,2866,42.20342980794068,9.158290935223857,11.052604908315335,9.973772837354785,0.9735863031452937,1.2068414277827455
1685,3174,2689,2275,39.946653973931674,8.397815629549475,12.498756810843373,10.138207478436854,0.8721322790969767,1.488334271934225
1686,3152,3274,3371,74.60392198859597,11.04298762513748,15.548511076839333,13.503984560213771,0.9271516483743201,1.407998596452811
1687,196,197,2881,21.5994669124985,6.551499707738872,7.559544000359155,7.098689880113549,0.9864993834315604,1.1538646626862463
1688,109,110,2220,29.393528920471226,7.56210182281824,9.624106343380692,8.39540272206631,0.9524600271647348,1.272676111599088
1689,1191,1192,2828,30.707784842161086,7.831928408795313,10.933180708842231,8.86990119423744,0.87764001604125,1.395975567979425
1690,2799,313,2847,58.11592577900375,11.073226961847997,11.938025975541338,11.603132720619223,0.9958199749307386,1.0780981927556388
1691,1225,2829,1224,31.523966050397576,8.0,10.144743734487548,8.729639743754982,0.9429242735703972,1.2680929668109435
1692,1533,2857,1532,31.372251205859822,7.770482163240064,9.815063145512568,8.650719491091975,0.9587027899843696,1.263121507690325
1693,3162,2854,2850,42.65515933757366,8.816078238093285,11.474897590654988,10.107877514287201,0.9531460572885101,1.3015875404863404
1694,3361,3391,2974,80.73700397678813,13.007919202752928,14.071932724103648,13.67903555867136,0.9952532072211676,1.0817973654945163
1695,2903,2902,2963,46.97546088818753,9.074310680677016,12.01621781290052,10.621047139462526,0.949453983513435,1.3242017201910496
1696,2715,3039,3214,43.338344402080565,9.271104815346684,12.525146709907375,10.397371840139755,0.9068055138579997,1.3509874992648339
1697,197,198,2959,29.775905514750484,7.509630698234062,10.224532894970135,8.578054531068075,0.9171225043712562,1.3615227307215654
1698,3357,2928,3358,55.08791344395195,10.629026368165412,12.913720518204908,11.437892038680852,0.9643893407528588,1.2149485823915438
1699,2631,200,2222,46.36956268907147,9.906786677540266,10.786878810326845,10.366934177950982,0.9951924482670812,1.0888372952232677
1700,2772,2773,3139,29.48861484020324,7.4272443460893,9.48410527316514,8.387418828573084,0.9583161852758012,1.2769345979789728
1701,2174,2604,2175,58.66525798712295,9.442655602377497,13.701482198138681,12.03336057357958,0.913870849481741,1.451020006987111
1702,1461,2660,2245,44.613716667837906,9.590441826116308,11.44645854050188,10.262969923968633,0.9716856703855025,1.1935277589955595
1703,3097,2635,2224,66.94776347188315,11.235158092318043,13.761799076680495,12.561577607788301,0.9732103430171503,1.2248869987944384
1704,3093,97,98,24.53876560253477,6.702906409139047,8.106514442411134,7.603140283850092,0.9734605166234199,1.2094028989213312
1705,198,199,2631,36.05407506799642,7.401359593075395,11.62005591410012,9.607453452606524,0.8738059336856777,1.5699893739755162
1706,2537,735,2574,44.6750003843723,8.19528474067146,12.041286340939369,10.522320201939532,0.9089206804328627,1.4692944445457787
1707,2724,2716,1241,32.885260643497716,7.345843898831388,10.341533403212846,8.966720321789213,0.9269751453811136,1.4078074004346903
1708,1300,1299,3178,32.29258367198713,8.000000000000057,10.656161034657469,8.9322010945593,0.9175992999266758,1.332020129332174
1709,2902,1270,1271,22.815849329846497,6.264041346593037,10.48713873287422,8.049164173023199,0.7751566756945513,1.6741809564488417
1710,1821,299,1843,8.53709237446727,3.712340344058639,5.287009288621874,4.5765012806182765,0.922606181019192,1.4241714925420002
1711,1992,2743,2465,64.04044194899323,11.622407942240736,12.641413741953246,12.182863633421016,0.9952533429981665,1.0876759622254364
1712,2945,1192,1193,35.67788369665706,8.000000000000025,11.400854022787788,9.455175944920875,0.9009960638005192,1.425106752848469
1713,115,116,3184,27.220725771011907,7.790782745024375,8.000656570007793,7.930479771677411,0.9993848599340779,1.026938734123661
1714,2061,2855,1574,45.71559474550369,9.052057818810217,11.10478103739893,10.396407856334728,0.9686744596928655,1.2267686817381065
1715,2212,2630,2881,45.71372814132392,8.233383135377705,12.313954070616159,10.675708450960782,0.901785725123835,1.4956129051865454
1716,3269,3044,2370,56.72402952678332,10.381509499891562,13.87365468547597,11.778631575145475,0.9289871919224739,1.3363812541539246
1717,2277,1262,2904,37.23028101789931,7.9013157741374895,11.452489107626192,9.626699966034625,0.9071478298797785,1.4494407558184637
1718,3478,3408,3409,66.05522030848368,10.992617636203912,14.12544651153262,12.551745196093556,0.9583233117613895,1.2849938912648808
1719,2762,3185,2763,35.04597072050237,8.205992109442656,10.590919317449975,9.185650353048752,0.9475556257753801,1.2906324032730885
1720,4,5,3,14.316829038837467,3.636147419683188,8.183277871043618,6.606475096908916,0.6879225253152716,2.250535230432603
1721,1296,2967,1297,31.131318934549178,7.8850431732836075,12.100485941297825,9.328509704860485,0.7912235278009825,1.5346125157940966
1722,2988,3242,2011,27.91454167780017,7.236027355612418,8.655135495035061,8.096052400083444,0.9778373092749111,1.1961170224601145
1723,59,2800,3365,32.70811851493748,7.811531122319154,10.490083157567527,8.936044588104862,0.9309257437016449,1.3428971853667968
1724,264,2983,263,29.40629463350354,7.67372665711987,9.363998112469314,8.345908256529729,0.967527480620572,1.2202673526012513
1725,1890,300,301,29.402430420930443,7.6380856050692145,9.440744265248005,8.359609956772442,0.963294728160265,1.2360092244819054
1726,3072,3245,2519,50.591773862201386,10.041701903393706,12.278206021466993,10.94692173702547,0.9675154190239493,1.222721620258159
1727,2508,2854,3162,48.43726937093392,10.032656714113328,11.477424316773668,10.632403015323908,0.986203476637303,1.14400648241337
1728,2941,3193,2402,48.745548674960475,9.561926325182956,11.441043556709252,10.698746211350175,0.9777946978812013,1.1965207812339362
1729,188,189,3020,17.48001850896679,5.782387940887303,8.000000000000064,6.6175715789786835,0.9018522618821242,1.3835114630466094
1730,713,714,1853,24.83307644106162,6.93646881169403,8.0,7.6164307790587,0.984668828835032,1.1533245830375518
1731,576,2607,2590,33.93948347094877,8.522580335096825,9.559365270502736,8.89296286115839,0.9883003057747771,1.1216515297762966
1732,1936,760,759,28.24392679530365,7.486050759754523,8.958479011824124,8.148176590526216,0.9769558383360795,1.196689589654597
1733,2901,3031,2270,66.99815128798213,10.338933875711867,14.597822576060844,12.797850526246108,0.9263613600116517,1.4119272597684296
1734,2557,1641,1642,38.034174233158296,8.0,10.401138134903892,9.545035238667017,0.951576678098879,1.3001422668629865
1735,2132,2567,3257,44.23052303943226,8.720333041363872,11.189158296923198,10.271154128706838,0.9572059507226724,1.2831113495148343
1736,1720,2223,1719,31.664800846354904,7.999999999999943,9.560951018470744,8.635096184466981,0.9748507644434133,1.1951188773088515
1737,1720,2632,2223,22.753220051438184,6.768310563510768,8.344337534930258,7.359913351889752,0.9613398122374713,1.2328538202599844
1738,1721,3096,2632,23.304684412251873,6.808439666353544,8.253621661170605,7.417353583506792,0.9716342784104716,1.2122633181225018
1739,266,3052,1942,34.36608150910449,7.167556324799592,10.414937884317274,9.220528825579658,0.9107315904028775,1.4530667653467628
1740,2540,2086,1021,44.86430817146805,9.425377982239404,11.299625658878004,10.271076996551493,0.9765542795331905,1.1988511951637713
1741,2634,2635,2225,32.12432205429783,7.75719604344105,9.607604707904747,8.71213205313129,0.970110794043667,1.2385409178911075
1742,2623,2210,212,37.97535583848811,8.564263716685229,11.142859227697736,9.586606596748142,0.9414578505454692,1.30108782217773
1743,2632,2883,2223,23.651750192117312,6.768310563510768,8.011211873624449,7.4427262850547065,0.9813883182790718,1.1836353841111242
1744,2177,3052,2441,37.693559472169724,7.6561775496777775,11.075225826342372,9.637307563261858,0.9165661936441887,1.4465737967124979
1745,2131,2565,2566,53.728408494037524,9.149007613019698,13.902893664731018,11.640298851474613,0.8908111521788484,1.5196067434621212
1746,370,2584,2595,42.73112784472881,8.18129023693118,11.71322792297357,10.24364175794376,0.9206651165719413,1.4317091294596618
1747,2557,1588,1589,35.00188135767988,7.491640898336077,10.936869271992425,9.315375688956975,0.9105427862605305,1.4598763368945709
1748,1910,946,2426,42.196426582040715,8.420566086103443,14.481995651323778,11.042989051519783,0.7589178980030267,1.71983635105288
1749,766,2132,2565,49.42770323377004,9.848871977146631,11.348664798747542,10.739715651847524,0.986111059356921,1.1522806698148822
1750,250,2623,249,40.46484427662759,7.641604040008656,11.720659915782454,10.090771255805299,0.8905692086099578,1.5337957651845537
1751,990,2540,989,35.500012097116205,7.422841151988615,11.56347238370863,9.532000045697513,0.8747779729079699,1.5578229611731245
1752,2226,2885,1747,48.14745667965181,9.52434681135489,11.2456346133089,10.625950245650507,0.9794842910768691,1.1807250235682196
1753,2226,2636,2885,47.511442573082576,9.080596538897002,11.754897154361272,10.647787668515335,0.9568319034555921,1.2945071509353847
1754,1748,1749,2226,39.08992100228777,7.885361315507451,11.204856787660582,9.785580433720025,0.9239027790933254,1.4209693556622407
1755,3070,3244,2856,71.07860905477649,11.290326468089438,14.867132578720534,13.065185803764734,0.9497621821689511,1.3168027178612105
1756,2595,2584,2153,33.66893236855668,8.18129023693118,11.009418362351065,9.155740191225577,0.9089147649215435,1.3456824099276452
1757,2401,2938,322,33.382398399177,8.185623233231539,9.290162451184026,8.815967549702968,0.9891776063960052,1.1349364839403235
1758,2112,1640,2557,50.23149801084769,10.27328615028238,11.830373010230602,10.843207910091044,0.982538497942729,1.151566581244836
1759,1081,3051,2437,66.64162668891944,11.00013581739633,15.950382897319539,13.02774438682539,0.8834455719193641,1.4500169054362553
1760,3277,3156,3374,57.41257869567629,10.293843389721351,13.129628955828217,11.6919192659185,0.960494858055459,1.2754836516104826
1761,322,2938,2489,35.747215428152046,8.334942219676384,10.301021185276367,9.2026934565487,0.9671307019847308,1.2358839346190835
1762,1741,1742,2637,24.269249163741534,7.241003707202551,7.819379125833321,7.498259688144461,0.9958377140295426,1.0798750341828256
1763,2884,2633,1723,36.89111388912651,8.289975484884723,10.685825399799183,9.395898848706985,0.9545114673179836,1.2890056694718652
1764,1740,2449,1739,30.095887328324352,7.999999999999964,9.037387936791058,8.378340738180974,0.9870499937880826,1.1296734920988873
1765,3050,1048,1049,31.271726420037393,7.893514824332737,11.989300704029562,9.29427184278744,0.8022816063906792,1.518879861613873
1766,1740,1741,2886,28.321182724623803,7.342227371976958,9.317196336499707,8.219807902825563,0.9584622651158365,1.2689877150986366
1767,3097,3376,3499,64.58420369545021,10.97866121130461,14.239266532069944,12.449821762892887,0.9510918374076377,1.2969948027367786
1768,2262,2677,2260,63.497556574976485,11.38011160339066,12.946895047855069,12.160394383005324,0.9889197986114705,1.1376773356069365
1769,2832,433,3049,33.15786878695946,7.391708760165572,9.766783519444408,8.933410045918668,0.9454049747280111,1.3213160632191405
1770,2449,1740,2886,33.38168119565874,8.097634277751897,9.317196336499707,8.825215440375409,0.9863308794598314,1.15060720414338
1771,2102,2416,3050,45.358566197786416,8.970525310120369,12.044846447470245,10.471823888314185,0.9416939227315895,1.3427136127559318
1772,2886,2637,1750,32.42170035146974,6.990633056027193,11.49094874493929,9.253223941075833,0.8413083837099389,1.6437636838958396
1773,2998,3222,1778,33.1918397200086,7.7044057423059895,10.641892730393627,9.028409709881245,0.923619961972553,1.3812736616345993
1774,1770,2988,2011,22.215491005095725,6.35933217879827,8.297726457540692,7.29769533065046,0.9521196429976143,1.30481098081414
1775,430,2808,2410,31.514770509621872,7.921515163998704,10.183362040561533,8.738098793333117,0.9402567769953553,1.2855321020961186
1776,3454,2529,523,47.36166813423044,9.608866974125528,13.42074223894241,10.966761196881597,0.887136499041165,1.396703927224863
1777,2226,2227,3021,47.03184850890129,8.767275062448467,12.102951983399102,10.685547534710821,0.9350433661861899,1.3804690621876152
1778,3168,2203,2621,39.12058857464476,8.700724170889767,11.31941713633587,9.732038365436328,0.9409960958047178,1.3009741389351854
1779,3021,1743,1744,29.750677707994775,8.000000000000004,8.445875449727307,8.29670234214402,0.9974877902997177,1.055734431215913
1780,532,3002,3226,19.643989552848616,6.529937869825541,7.117271036395386,6.751097880585593,0.9938771447889055,1.0899446791498395
1781,3086,765,2565,38.792715510163504,8.883830316622644,10.146501830298057,9.507451065278232,0.9882025267159216,1.1421314307762962
1782,2036,39,2788,43.82331677417907,7.9324183550944385,12.434533953150531,10.54621152295145,0.8810915359566213,1.567559021286957
1783,2166,1883,3461,58.0411052558962,11.149503347942463,11.988473502389414,11.592804246217895,0.9964957247105487,1.0752473117649475
1784,3021,2227,1742,41.61287944447031,8.767275062448467,10.821703538281342,9.91045607881196,0.9712306601996009,1.2343291913621253
1785,1742,2227,2637,29.718151347594056,7.602049044067906,10.821703538281342,8.74771056939419,0.8722703015365996,1.4235245623317603
1786,2180,2445,2178,52.29163182156116,9.00608250295468,12.538290353132767,11.30656555691487,0.9254602750644647,1.3922024752737114
1787,2876,3168,2621,29.29952501785631,7.135808323656683,9.251496973448733,8.362676489331728,0.9565553801253867,1.2964889965973587
1788,3022,1725,1726,35.00252674403563,8.000000000000114,10.268458023984932,9.134981674459516,0.9588322593284696,1.2835572529980983
1789,2492,3051,2138,91.3535092052804,13.678896903988614,15.108170184779361,14.56457138818947,0.9926887651427814,1.104487466410686
1790,2899,2271,2683,38.85475868724954,8.706622543179142,10.093832164161697,9.526008405722196,0.985005231922205,1.1593280992833792
1791,2112,2557,1590,42.864174965204846,8.796906469738497,11.212768711907042,10.094320443975972,0.9621566273128566,1.2746263417121861
1792,1486,2228,1485,39.726874484776815,8.000000000000025,11.282899298360613,9.853687110477717,0.9268934893919463,1.4103624122950722
1793,2748,2922,2341,37.84433043756129,8.74596691451392,11.232023370288191,9.592082847194233,0.9362049363057544,1.284251756275074
1794,1491,2229,1490,33.51797458604055,7.999999999999943,9.29466072881355,8.85684887557497,0.9821791314028333,1.161832591101702
1795,2360,139,2361,51.51310553330396,10.862028841962973,10.951393507992815,10.907264345410965,0.999955234551081,1.0082272536125667
1796,1489,1490,2229,34.51223420313487,7.779385746553081,10.221341235022331,9.092204293162277,0.9524812704211092,1.3139008101701655
1797,1488,2229,2640,39.224547561210976,8.723726606214502,10.874508211893048,9.653906300179498,0.9635591379822588,1.2465439029401033
1798,2787,44,45,28.266531682060016,7.797547079107016,8.489036542327588,8.095527873811529,0.9947720354540324,1.0886803832288965
1799,319,320,2406,27.10143124761685,7.680044888880632,8.152517068422338,7.918314152794513,0.9976275884007202,1.0615194554690381
1800,2228,1486,2639,55.64975623991671,10.278162033072514,12.028047233395489,11.417141078879661,0.9810437653257745,1.1702527353326684
1801,2123,3009,3010,26.10153699286299,7.636677111304725,7.922107196356282,7.766653473849655,0.9990736444823352,1.0373762149284835
1802,2124,1001,2125,30.498950695893306,7.776966983907219,8.846670268007866,8.429846934651877,0.9881232969729286,1.137547618025661
1803,1483,1484,2230,26.339130772983992,7.147143517392915,8.403524590029413,7.850222702474096,0.9826708684119205,1.1757878612034354
1804,2037,2003,316,37.500268222911224,8.171275881012736,10.600539043027286,9.462665713146217,0.9565459092584652,1.297293005081291
1805,2230,1482,1483,35.635402014333884,8.403524590029413,10.046417514064322,9.150678904195907,0.9774409588795918,1.1955004601264763
1806,572,2161,571,45.91338140502198,7.455520419466303,13.779330200412486,11.205837887471843,0.797665864833812,1.8482050112068322
1807,3275,2452,3154,39.774361384416245,8.864201821114829,10.817062672121315,9.69650929162695,0.9699629372992769,1.2203087080389692
1808,1950,2609,2443,42.798807542915,9.044278796336856,10.93345109471896,10.030981632815797,0.976492977402216,1.2088803696705217
1809,2887,2230,1484,26.509435994039233,7.147143517392915,9.858068027230775,8.150745231947134,0.9015391570584705,1.3793018152273977
1810,2228,2638,1485,48.16468425905871,9.622345525238034,11.282899298360613,10.615946712296632,0.9825134538528365,1.1725726610801062
1811,1127,1966,1126,28.380716537218383,7.160954428120726,9.989277811874535,8.383410746665083,0.9142697662645005,1.3949645835821993
1812,3056,3238,2642,46.522957631742145,8.963423899335831,12.307110957228243,10.638110020560095,0.933996146839584,1.3730368099784025
1813,2045,1948,94,26.763993012546507,7.36502406923888,8.625621247645908,7.9168973156703055,0.981802376091154,1.1711599536615365
1814,1343,1344,2233,34.38825623414769,8.000000000000085,11.760071863143322,9.452390110916815,0.862565989960467,1.4700089828928995
1815,1343,1492,1342,30.552933970945702,7.496363580464413,10.912380836936823,8.854572994478593,0.8754971263493786,1.4556899114891624
1816,1345,3170,2233,64.07077121440813,11.726931140155353,12.46587459913789,12.176625092185573,0.9972436690803866,1.0630125179512864
1817,2536,2537,2083,39.424507914074866,7.17532716612925,12.106997741772956,10.156301380052865,0.8451033266838882,1.6873095067948112
1818,2062,3067,2511,36.13576542780937,8.479503551938295,10.11149065426057,9.213220852420378,0.9778664250775465,1.1924625766504013
1819,3170,2640,2229,51.777406368801145,9.363484082430945,12.91524894694303,11.22045604208072,0.9340738258506442,1.3793208631791658
1820,2186,813,2563,59.09843233016763,9.84645934086369,13.502859724756242,11.966616372897574,0.9373853000502774,1.3713416424438134
1821,2823,2944,1348,33.86634425871733,8.311631054067892,9.980687312367069,8.943626285213407,0.9711452642278108,1.2008097144160779
1822,1349,1350,2450,32.513669520852446,7.999999999999884,9.090130467888395,8.706351601718092,0.9873302136941673,1.1362663084860658
1823,2487,2035,905,43.75423663521201,8.8287820017184,11.526015214103143,10.231693377980102,0.9541114082760777,1.3055045658460889
1824,1351,2451,1350,30.24045076083351,7.999999999999944,8.959602472833168,8.38861944614194,0.9900522073161082,1.1199503091041538
1825,3067,3068,3069,48.4405114992094,8.614235547784629,13.48627035466384,11.135994408822937,0.874101615042325,1.5655794736344515
1826,2450,1350,2451,34.923920964230796,8.895724074376599,9.090130467888395,8.98181900503272,0.9996742954203017,1.0218539145196475
1827,2512,2063,3070,72.44407743083775,11.047590803185223,16.179364229085145,13.478613664253265,0.8989989343857322,1.4645151614794003
1828,1646,1645,1958,24.48818781810958,6.1220103800106935,9.224883131390747,7.8305683168831886,0.8980692525528626,1.5068388582795305
1829,2823,1348,1349,28.686744006063797,8.000000000000144,8.311631054067892,8.142429936314642,0.9989970434967028,1.0389538817584678
1830,1476,2641,1475,38.59652080729361,8.000000000000028,12.216051365768124,9.95951942732389,0.8721724451017563,1.5270064207210101
1831,2231,2641,1478,45.470597566275856,9.652617061772467,11.108580135514385,10.302622132158527,0.9859201161610236,1.1508360959959771
1832,1477,2641,1476,31.267256797880385,7.539066524856731,9.66250691620352,8.629735785355178,0.9598955337454967,1.2816582642354577
1833,1903,1902,2013,30.08329539871322,7.2708765102414175,9.649248159697919,8.503639685382817,0.9483463574342169,1.327109344534519
1834,954,1917,2015,23.059029137644,6.837707954435782,8.323302953686099,7.3949474360410905,0.9660861647320325,1.2172650556516642
1835,1646,1644,1645,20.033197262770315,6.1220103800106935,8.297514742482962,7.0144644982999145,0.9240407829596288,1.3553578363041698
1836,1644,1646,1643,17.589488749092077,4.873526898450604,8.297514742482962,6.810539167708445,0.838610833669638,1.702568779320971
1837,1395,2232,1394,35.758574463615375,7.440830848064455,11.718120627349975,9.59955082818808,0.8674337220071843,1.5748403460076168
1838,2642,1475,2231,60.74284492045402,11.329495421133267,12.707531436825471,11.889996895300685,0.9898253663636126,1.1216326027301895
1839,1645,1644,1959,30.68305756731228,6.623868372406089,10.35373622282323,8.818543508924323,0.8824034539450502,1.5630951040565868
1840,2233,1492,1343,50.96050800036927,10.070772469444451,11.760071863143322,10.914408389841533,0.9840160231940567,1.1677427822765676
1841,477,2468,2833,40.61342614357123,9.062439993160643,10.554215159299165,9.745018324185741,0.9837262731040215,1.1646107634659488
1842,2481,2843,1728,23.82861212320686,6.845390751701743,8.778655110597517,7.581765984742787,0.9453325627791782,1.2824184080967433
1843,2294,2678,1380,40.00332310935816,8.040088094684032,12.311427871866517,10.11128989487795,0.8774447447817892,1.5312553453247137
1844,2026,2481,1729,30.95673820329416,8.059945568863096,9.402321420548263,8.52809109198766,0.9778474955226234,1.1665489971633292
1845,2395,3048,3047,33.58761719596571,7.8380391780412575,10.912165805649591,9.129613466231277,0.9120689229393478,1.3922060808551056
1846,1734,2480,2026,39.82190619567611,8.226105237470353,11.650565896411495,9.904867383146781,0.9190673546447387,1.4162918611036652
1847,2026,1729,1730,32.219105787351,7.999999999999943,9.402321420548263,8.683689068123366,0.9824654010709072,1.1752901775685414
1848,1737,2644,1736,45.540966899724715,7.999999999999999,12.45431240160221,10.738645105623725,0.8826993850670758,1.5567890502002766
1849,1731,1732,1960,19.206182064201258,5.967901862398669,8.132125169118996,6.871128525862783,0.9229608754176315,1.3626439168439115
1850,2395,3147,3048,54.75946448436642,10.912165805649591,11.572087328472545,11.255199566676033,0.9977051677957514,1.0604757602272952
1851,2026,1960,1734,40.28566899847489,7.633000394216853,11.650565896411495,10.059862058006468,0.8925103839719314,1.5263415819077584
1852,1730,1731,1960,29.26004722455962,8.0,8.560805650430044,8.23097693984968,0.9965622682430136,1.0701007063037555
1853,2651,1391,2893,37.89473243323884,8.517051003501981,11.020576116632364,9.553868635554098,0.9469851968978287,1.293942717039149
1854,2028,2668,2844,57.50737352976671,10.929817743190963,12.409167343625029,11.575616157536894,0.9883189276927008,1.1353498873625472
1855,2723,2915,3180,48.39742525707804,9.2902278113663,12.978827029809402,10.934290998911251,0.9168422746360845,1.397040771586916
1856,2026,1730,1960,29.43127893488104,7.633000394216853,8.648745783821894,8.280850609489598,0.9881512009770186,1.133072885778261
1857,2393,3047,3048,29.862942330341685,7.8380391780412575,8.921664834364455,8.34117002676041,0.9884153355738554,1.1382521357330084
1858,2149,2871,1893,43.257016676315146,8.744636718925625,14.170603621325514,10.969093275328818,0.7946991775647968,1.620490830757636
1859,154,2358,2761,46.588544655775706,9.26206365505855,11.312916787934594,10.477906482278257,0.9731511900115967,1.2214250742874084
1860,1726,1727,2234,42.390809208273716,7.999999999999943,12.673913415528002,10.441134464707881,0.868809567611912,1.5842391769410116
1861,2013,3407,2472,42.9369777193441,9.242712756435072,11.395450405237,10.09941074582724,0.9639506768776354,1.2329118848038552
1862,3144,2787,2936,41.54705880916249,8.070070494879676,12.145847331224648,10.213460882171926,0.8958329834298616,1.5050484799272799
1863,2862,557,2164,32.45308315430535,7.80544222493016,10.839264301648939,9.001267446212216,0.9055636763934698,1.3886803577930429
1864,1982,2731,1294,43.4323198004535,9.09911844982341,10.963634767877014,10.101340597483036,0.977358340421605,1.204911753631451
1865,1961,1677,1678,18.292884178562506,5.923825937835767,7.397912951115263,6.589756405217048,0.9645741266178895,1.248840365795428
1866,1678,1962,1961,15.994624483437462,5.384298848000166,6.602350991843125,6.144726722181134,0.9707553045414903,1.226222982458592
1867,1671,2649,1887,40.95984995620769,9.084506012947399,10.471455811042588,9.775502480182615,0.9865630990180928,1.152672010576963
1868,3331,3109,3260,57.595090808047466,9.994116626303448,13.140877400914512,11.744910194950393,0.9524113402060741,1.3148613221431822
1869,2356,2760,3358,62.15105393898365,11.284693754994413,12.80893885486412,12.029409012602983,0.9892291108956482,1.1350719065100994
1870,2611,2188,2958,42.6504458349292,9.195140307358852,12.54692958054649,10.349616589160393,0.8992634566406581,1.3645174691358661
1871,2481,2026,2480,31.223523859566253,8.122006286551619,9.28045848944027,8.542856671154082,0.9843477334628846,1.1426312861647019
1872,3271,2797,3147,56.4536373694676,10.480109246309025,12.014831063825358,11.480334070978932,0.9854496913137611,1.1464413949746606
1873,2936,45,46,28.12723729520867,7.490454041580096,9.070137645015844,8.148779143111428,0.9716389680360903,1.210892903776834
1874,2428,3152,1911,39.07907458994494,8.853751175793239,10.185077856630784,9.546419882108047,0.987075068866809,1.1503686578043308
1875,2753,2786,2349,51.40806206279464,9.105344953512374,13.147842343722902,11.263712768386569,0.9158341540859446,1.4439697134869274
1876,1846,1893,2871,30.405307590956077,8.132883292444193,8.744636718925625,8.391827695849003,0.9961483514149194,1.0752197473495995
1877,2396,33,2937,40.55869741645702,7.6187328183135135,12.368460582881356,10.238783885714762,0.8615931218658321,1.6234275276264702
1878,2241,2893,2652,35.9879650526492,7.797563744308152,10.260758454471375,9.288871895568644,0.9506044484811239,1.315892859735996
1879,2235,1767,1762,38.47285437038901,7.64028639442118,11.157996602581772,9.753734259053873,0.9117495585080604,1.4604160140815101
1880,2234,1727,2843,33.56539255094793,7.92058463336027,10.6494899785957,9.057506808604396,0.9296359990796729,1.3445333231768908
1881,2480,3157,2481,30.780500739247646,7.745509626242773,9.28045848944027,8.501730889253352,0.9781507323266642,1.19817273972482
1882,1765,1766,2235,23.931365793563156,7.29465240161722,7.517169157493158,7.436196389834405,0.9992770994222617,1.0305040930842169
1883,1293,1294,2731,33.396891075254246,8.000000000000025,10.241268574748686,8.947694572171152,0.9526737362121799,1.2801585718435817
1884,2162,2957,3414,45.465766544369174,9.478409619186246,10.730455852880182,10.293109200617478,0.9879387695579799,1.1320945479249531
1885,1764,2235,1763,39.110818587003614,8.951575954832244,10.122076278792102,9.53988320527098,0.9899694039115319,1.130759134465926
1886,237,2875,1954,49.78197752696984,10.206246693792004,12.05412265366361,10.834670192419162,0.9731889626644197,1.18105342887661
1887,2165,2585,3293,94.00592998010805,13.349073799987622,17.42173658688733,15.063692926231845,0.9443686808824009,1.3050895401374951
1888,1670,1887,1680,27.1597481800899,5.433817246126828,10.372207783237911,8.717473147587269,0.770685665961039,1.9088252904771725
1889,3401,3385,3303,44.793205657777506,9.458951679594154,11.596507439737032,10.307514018286264,0.9658471801077086,1.2259823109948047
1890,1004,2561,2126,42.783806911643495,8.56456156314545,12.524688326410269,10.377069149182086,0.8953498208131309,1.4623852294209454
1891,1371,2292,3108,30.52481386723806,7.760841887534868,9.629915408552616,8.520202386243351,0.962540708195249,1.240833861596868
1892,2622,2877,243,19.287456265191526,6.428141461763917,6.925746794014404,6.683279203119537,0.996307170827661,1.0774104514050227
1893,2082,3202,3079,77.19751417659599,12.098990428262022,14.185985707466788,13.448275559804465,0.9808051481428355,1.1724933407939355
1894,2980,1692,1693,28.092080108285604,7.512266572172926,8.818548603443494,8.110271725205488,0.9819712852136475,1.1738865385993251
1895,2643,2236,2647,83.03325093555353,13.235569400310263,15.004150411751278,13.916374768538143,0.9870667723742451,1.1336233416145705
1896,1887,1670,1671,36.74931818113038,7.583043410605572,10.471455811042588,9.466964545015076,0.9285377930756745,1.3809041098719428
1897,2943,2978,2816,32.29324050826789,8.253646136609532,9.053543581011999,8.65439389724464,0.994305327227431,1.0969144340771377
1898,2118,2895,3059,68.08305797977972,12.13693882636635,13.041475006793455,12.555942506960045,0.9964561683199512,1.0745275388932574
1899,2420,1886,1352,30.34149726847636,7.939378464895769,8.70091736363435,8.389326914849303,0.994093268229671,1.0959192085508647
1900,2082,3079,2535,64.81967101719943,9.993728053227212,14.059850543684583,12.602491446358338,0.9226670164948219,1.4068674341347844
1901,1354,1355,2236,41.61898699684408,7.73990633882309,11.688034521409445,10.2125549205696,0.8949965275257136,1.5101002531235665
1902,2166,598,2593,33.639068148644355,8.124837554469234,10.951832029837998,9.13745379204736,0.9123820759052709,1.3479447381460221
1903,1354,2236,1353,41.15679479959783,8.0,11.209723901476263,10.031522892535541,0.9253739061816144,1.4012154876845329
1904,555,2536,2083,41.77796700035878,7.17532716612925,12.839869988023626,10.597757301808574,0.8151793605343959,1.7894473228528935
1905,1357,2237,1356,34.142466072801994,8.0,9.650954160348542,8.95828236232036,0.9765702789929799,1.2063692700435678
1906,901,2487,900,33.84717705962089,7.463844175460683,10.615519029599058,9.118572551960321,0.9215998205421967,1.4222589298555188
1907,2820,2131,783,82.08214435459489,12.107568556442196,15.09924906785804,13.941646702449559,0.9667019148158574,1.2470917672255533
1908,2237,1357,1358,34.05399938935284,7.607966927457045,10.447376662845361,9.093078838971646,0.9358372392637656,1.3732153100115259
1909,2186,3085,821,68.5256093844705,10.77872065556978,14.979292182333936,12.930214663869238,0.9301538459137317,1.3897096567386742
1910,1359,1360,2238,37.19536825553521,7.8102656767828265,11.19323546349685,9.573991175444366,0.9179290009179207,1.4331440090150074
1911,3085,1929,819,48.99063297116899,9.787312336698127,12.128932257400836,10.783327749982595,0.9648961443670374,1.2392505562454221
1912,2646,2236,1355,45.472285025263,8.466399370885354,11.688034521409445,10.522858709175331,0.9304980011801206,1.3805201018041744
1913,1577,1578,1816,13.892921907254149,3.7518071104472615,7.665915577925612,6.344290740714382,0.7356944988850742,2.043259515282421
1914,2647,2232,2643,70.89035286960178,11.652224032664906,13.768644744634624,12.885479392536597,0.9812450305526691,1.1816323395462287
1915,1473,1395,1396,41.37883928845541,7.81842293939109,12.121094301425854,10.231956298909282,0.885507295425621,1.5503247132304487
1916,312,313,1817,11.899618792395982,2.982033584806717,8.34238253324959,6.441472039352141,0.5785964587081047,2.7975481482681914
1917,762,1828,1827,1.7640760654764602,1.8583318877207742,2.261881192339291,2.0400710266866757,0.9723436629050558,1.217156745404324
1918,2116,1578,1579,47.97877178270345,8.000000000000057,12.75606133163973,11.098809441219286,0.865692211267531,1.594507666454955
1919,2236,2890,2647,76.79495655363952,12.160990966000247,14.620682201950867,13.430359220501336,0.9777509625561189,1.2022607567777523
1920,2237,1358,3023,25.737493987360978,5.884485561552924,10.447376662845361,8.36037935361787,0.8093264509077067,1.7754103657088902
1921,1861,1834,727,7.297318867738914,4.000000000000012,4.192138572767496,4.107491423627842,0.9984913083100894,1.0480346431918706
1922,2919,2746,919,39.201380013205736,8.252783255425868,11.521992037723201,9.810588704780246,0.9234091279851804,1.3961340896900403
1923,2847,313,314,40.776854150877625,8.0,11.073226961847997,9.970023608756055,0.9291466640340457,1.3841533702309996
1924,2238,1360,1361,44.136577947047954,8.0,12.617486493060692,10.60357398551918,0.8774645852767496,1.5771858116325865
1925,1904,1894,2424,40.29541652793182,9.147132689388467,9.946095614756008,9.666993654723703,0.9943596268665346,1.0873457237910644
1926,1353,2420,1352,28.820174722983403,7.693276133719474,8.70091736363435,8.189576876673337,0.9898694439601946,1.130976870243667
1927,1680,1887,1679,36.09832022391191,8.0,10.372207783237911,9.282472091332837,0.9568959534641951,1.296525972904739
1928,23,24,3190,28.104842629118536,7.84487960850224,8.349549360217837,8.064809656240064,0.9972290427758059,1.0643311021839823
1929,1672,2239,2649,29.355229877244167,7.2459280607779615,9.05617678396549,8.337984933268226,0.9665652576960874,1.24982979516266
1930,2510,3067,2062,35.629361186415764,8.686470899800064,9.538936508760555,9.091358586540963,0.9940520159646726,1.0981371628125884
1931,1672,1673,1676,43.666712757672514,7.415647173868936,12.483558066945598,10.707683471553716,0.8397750868565373,1.6834077693090408
1932,1674,1675,1673,35.811626177133256,7.470472061106459,10.291094882607089,9.34977908299891,0.9273318011989461,1.3775695563049686
1933,3078,947,1910,28.89709593698108,7.565632368005036,9.834941605575626,8.38723481336629,0.934663579861137,1.2999497103728526
1934,573,2590,2162,46.08832440943746,9.844334072481557,10.803062882540367,10.339036714681583,0.9942744330986081,1.0973888942614007
1935,2987,2001,123,26.23669078070063,6.966851583202402,8.88090514213424,7.903925476927675,0.9604905402296895,1.2747372376277921
1936,2652,2240,1362,29.823457249731103,7.328173147933308,9.25438614009694,8.410447949090903,0.964863962992135,1.2628503657431815
1937,2765,119,120,25.407603082989326,6.838457749220111,9.514508202671992,7.945875698162315,0.9106024591332302,1.3913236802197206
1938,1363,1364,2241,38.29493003146979,8.0,11.052320040308976,9.647145452441242,0.9343777183795909,1.381540005038622
1939,3142,421,422,31.462581434939867,7.999999999999984,9.001143594880372,8.553787795783443,0.9907243223101194,1.1251429493600487
1940,421,2383,420,30.018301986367504,7.999999999999903,13.414556226014884,9.847155597407449,0.6708868174624378,1.6768195282518807
1941,1292,2316,2318,59.42660693849176,10.948692540774587,13.90522808108157,11.980635889563375,0.9439371530545373,1.2700354886482013
1942,1363,2241,2652,41.50238210199004,9.676350019956201,9.88911631701475,9.791253274965785,0.9996799535347465,1.0219882803556863
1943,468,469,2381,40.851377152406414,7.73780582779596,11.557875731904186,10.094256974958473,0.9008587790824396,1.4936890365464672
1944,25,3191,2939,36.572669089919145,8.45038942243213,11.34209085036603,9.506876026924322,0.9172806524139264,1.3421974164004424
1945,2654,1367,1368,29.2522163371845,8.0,8.61798475628421,8.233311366772037,0.9954699260122517,1.0772480945355263
1946,2894,2654,1368,29.629252414872287,7.632312580193785,8.685184990217502,8.311827442231833,0.9871278801642082,1.1379493304239099
1947,2806,76,77,30.04398074075042,7.790698411902503,9.265206742860867,8.404483184014607,0.9768459821041197,1.1892652305351257
1948,2242,1367,2654,40.380621193761456,8.081949344031905,12.220377413918348,10.116628197944097,0.8864297167180918,1.5120581549972785
1949,2815,501,502,30.90905029148302,8.0,9.141502345317724,8.491085250480685,0.9869069496987365,1.1426877931647155
1950,2359,117,118,38.77097747749641,8.000000000000064,11.82344461822656,9.86460398349127,0.8976096653939096,1.4779305772783082
1951,1366,1367,2242,42.47626293445967,8.0,12.220377413918348,10.339146528306003,0.892002235069543,1.5275471767397935
1952,2562,1929,3085,44.74432459824636,9.083415985692353,11.35591955468488,10.291024732075352,0.9677503224002234,1.2501816026671064
1953,3173,2894,1369,30.207606279111417,7.772945878218864,9.538690443474355,8.467147972693128,0.9651102401170157,1.2271654264573502
1954,3049,2398,3277,50.34745827913438,9.672607940124532,12.836319341268199,11.047183006594352,0.9392388573004389,1.3270794619949142
1955,1473,1396,2243,39.004474864961814,8.34151826885925,10.756351655910903,9.642509001990362,0.9585982013566285,1.2894956660428072
1956,1457,2244,1456,28.06097907624598,7.402154487432666,8.756490614227925,8.106766752670993,0.9814799262677458,1.1829651257744813
1957,2454,1282,1966,32.3522324867728,8.280182720914752,8.873070081191983,8.655744671574027,0.9962831130159749,1.0716031735362155
1958,1458,2244,1457,30.769649209098766,7.458886563122233,9.410024631394203,8.541800602914789,0.9652209169637306,1.2615857007289353
1959,1066,1067,2417,25.76131360718741,7.5887741670816125,7.976779475458186,7.719753619239121,0.9977455794027612,1.05112885162134
1960,1595,1925,2435,41.690447020306806,9.073689512930121,12.214120585864341,10.178126329074743,0.9111219515978669,1.3461029902399753
1961,2244,2657,2895,34.270670103404726,8.025384998314287,10.474452525709468,9.087572596498141,0.9462958217029633,1.3051651139365403
1962,1834,1861,1818,7.586699304046437,4.045437963588398,4.408068564314503,4.194614075339639,0.9944355718369137,1.0896393923204406
1963,1867,1863,1860,6.361710395618568,3.6702460046221743,4.137705219899548,3.8502814532473546,0.9882212972477418,1.1273645457794035
1964,2896,1460,2659,56.832302938883686,10.506535802164013,13.025877962917228,11.6096545234996,0.9658375957750606,1.2397880907838634
1965,1868,1872,1873,18.592453358057945,5.3522378325292035,7.482386738725115,6.747905348709698,0.9232056374914448,1.397992199309519
1966,1475,2641,2231,55.37876652575696,9.652617061772467,12.707531436825471,11.525399954788687,0.9499588520779051,1.3164856075303628
1967,1923,1649,1924,63.235376121297776,10.906885068371,13.824201951072416,12.2697275299286,0.9608694101924803,1.2674747982044274
1968,2027,1447,2482,53.536802976085525,9.724233815860114,12.619728710402052,11.305242863255925,0.9566439205403999,1.2977607232992916
1969,2429,1018,1019,27.778746637113596,7.955096069061869,8.07481036301843,8.009968810693435,0.9998477101461257,1.0150487552780338
1970,1465,2661,1464,39.79571086747465,7.578211131789313,12.099698782248918,10.09909912423967,0.8708459416874569,1.5966431354086625
1971,2661,1465,1466,37.92890322577377,8.0,10.619387458680777,9.54435958378829,0.9485057204231604,1.327423432335097
1972,1467,3158,2667,53.51361060670977,10.588825001296641,11.983936450219446,11.166438420167955,0.9883390161461011,1.1317531877948657
1973,1860,1834,1835,7.155441864573257,3.963051261087194,4.161031632507655,4.06748919616111,0.9984124718287394,1.0499565507427093
1974,2027,2482,3258,73.64474173059166,12.619728710402052,13.373819529585525,13.052733596907336,0.9976556845694551,1.0597549152195245
1975,2660,1462,1463,27.30549489654089,7.802710507102701,8.183503158807783,7.946480037721369,0.9981682492443088,1.0488026117793876
1976,2657,2244,1458,27.490053052026546,6.513642700069615,9.410024631394203,8.228849198978162,0.9166964133675933,1.4446639253475837
1977,2243,2656,1472,61.54105719788488,11.028233497668364,13.241507919494204,12.030985851400382,0.9762358228363286,1.2006916540435764
1978,1473,2243,1472,37.22140763983116,7.787267900789567,11.028233497668364,9.54838615988629,0.9246710673405332,1.4161877616346277
1979,1859,1835,723,4.750937408184513,3.0956591121570023,3.999999999999922,3.4035435325154295,0.9328152089619289,1.2921319354225635
1980,2662,2663,2247,53.92475711701568,10.095167510405423,11.950129899185422,11.244360141466444,0.9797530662211165,1.1837475591037026
1981,299,300,1843,15.326453023585028,5.287009288621874,7.999999999999984,6.3630546434166275,0.8453026874259325,1.5131427926969436
1982,1861,728,1818,7.747650101330994,4.000000000000012,4.408068564314503,4.240410747416338,0.9933902366849067,1.1020171410786224
1983,1398,2662,1397,35.14356664650805,7.999999999999924,9.840387278882059,9.107730193621215,0.9709877902758887,1.230048409860269
1984,1396,1397,2243,32.98931533888974,7.999999999999903,10.657437058274319,8.999651775711158,0.9247245986879513,1.332179632284306
1985,292,293,2411,34.80697628128935,7.999999999999886,9.8873357563553,9.065242688008212,0.9707906306715542,1.23591696954443
1986,1854,1905,1822,20.674791279455626,5.213398589062296,8.688833672884234,7.335529879255681,0.8508112952680282,1.666635213949188
1987,1467,2664,2249,44.13658533429764,8.837628602875176,12.197047818197786,10.396875896243401,0.9265858588354172,1.3801267700058903
1988,2661,1466,2667,52.18142985259328,10.013691292684094,13.491888586386136,11.34245753458193,0.9198763737108568,1.3473441703004345
1989,1470,1471,2250,31.000397765959413,7.409202145155818,10.47970210919396,8.776347203407619,0.9102406218286169,1.4144170861967444
1990,2665,1409,1410,31.247102059818296,7.5327650663528685,9.613192552256514,8.621095263625152,0.9615294645013588,1.2761837741623507
1991,2897,2250,1409,27.633891141869494,7.2944058515793895,9.00152513165638,8.08470683155987,0.9690468115608686,1.2340312994385092
1992,1407,2672,2255,49.14937029741967,10.308560572723133,11.218501352012163,10.676117944443412,0.994504939960657,1.0882704013688167
1993,2665,2664,2897,36.544979613446074,8.630740516613187,10.590748940457496,9.3297491032724,0.9607775741980504,1.2270962057162438
1994,1466,1467,2667,37.61631547772411,7.4987026445035925,10.92655380898778,9.64901639272231,0.9101913137104843,1.4571258959037052
1995,291,292,1820,17.724024503153288,4.8364868965634535,8.151302809011252,6.808725617649052,0.8459042414375307,1.6853768000081066
1996,499,500,1894,30.900669908173583,8.000000000000114,9.22970736198661,8.499576950934276,0.9840133365459269,1.15371342024831
1997,2664,1467,1468,28.48015368222475,7.370010288297048,12.197047818197786,9.189019368831593,0.738777066093732,1.654956688129142
1998,1901,743,2012,23.47420600976843,6.5644023860662815,8.960677076169304,7.5904899120898115,0.9246073338638646,1.365040798716026
1999,1333,1334,2811,26.55078772300677,6.645618783872735,10.147611481909369,8.264410088594042,0.8712264961644609,1.5269626218306562
2000,744,743,1901,21.385155264949944,6.470369800583135,7.480188114570875,7.065649396395952,0.9855758451789501,1.1560680989047536
2001,3050,2416,1879,41.21113616098694,8.474950765143255,10.841018311020763,9.905356327838653,0.9596812322670122,1.2791836332086954
2002,301,302,2421,36.275833974831656,7.999999999999863,10.580146219797617,9.333670927359593,0.9495041046162841,1.3225182774747248
2003,1336,1329,1852,11.917674214972529,4.143623681009347,6.356494597129321,5.476540976154098,0.8903785691052469,1.5340424436373863
2004,725,726,1867,10.554851914788369,4.05291713551555,6.122010380010683,5.150023327025721,0.8947035653876784,1.510519503683841
2005,1672,2649,1671,30.61113030697346,7.39103825897744,9.084506012947399,8.510573685296777,0.9676511337647947,1.2291244740768332
2006,1852,2811,1335,31.856535618237203,8.263383256948197,9.203954868583635,8.60985649069888,0.9900654208249756,1.1138240333757443
2007,1865,1936,1878,25.477694959140074,6.779412510631615,8.704624843790622,7.790237782016061,0.959680782253375,1.2839792283092155
2008,1835,724,1860,7.30890961758335,4.000000000000043,4.1708638641460425,4.110631832217913,0.998566791903953,1.0427159660364995
2009,1330,1852,1329,21.36555708375861,5.929504650323627,8.312084358703663,7.222157453035732,0.9287624665781425,1.4018176641871758
2010,1874,1870,1864,12.379803481067267,4.748561361202181,6.286668895775048,5.464650322131692,0.9447372648703207,1.323910215658131
2011,1852,2412,2811,28.790172077457846,7.932342996110133,8.280238906356088,8.158655053138139,0.9984794284725588,1.043857900549252
2012,760,1845,1844,10.654906301551618,4.718557458635349,5.4103345601520925,4.9894721979544,0.9848161110100966,1.1466077519625695
2013,1864,1863,1868,12.375449709316014,4.977247924595155,5.776147194359924,5.375961176532264,0.9852638602582081,1.1605102421796178
2014,1854,1896,1905,35.39323570260353,8.104357375820511,11.83575705984116,9.558423867789053,0.8693325729289951,1.4604189463748656
2015,707,708,2413,39.61076000329093,7.999999999999886,10.962879465323207,9.799963534973337,0.9362554862253167,1.3703599331654204
2016,1849,1839,1892,25.334663471960738,6.25852144732828,9.383316380145535,7.959476856443963,0.8998576725621121,1.4992864463460789
2017,2415,1825,1857,33.98415340816849,7.624176101840727,9.93557473701004,9.014772171290248,0.9540051079730603,1.303167005102527
2018,1891,1843,1890,18.57114171466359,5.0664303073573285,8.992974297001735,7.130612755143024,0.8026145794457662,1.7750119416312486
2019,1335,1336,1852,23.920370412372222,6.356494597129321,8.362231346564808,7.572908647898043,0.950630106786659,1.3155413284456037
2020,1281,2252,1124,39.92126089300643,8.20129033059589,10.838317665198105,9.788030732849535,0.9493945086532392,1.3215381029451512
2021,1048,3050,1047,31.271726420037254,7.893514824332737,10.434166051596,8.775893625309573,0.9212408838802568,1.3218656433546423
2022,1351,1352,1886,28.896122318218143,7.939378464895769,8.621937278992265,8.187105247962698,0.9941733330049336,1.0859713159052
2023,2558,1635,1636,31.055947636218832,8.0,8.733821206351559,8.489208788997594,0.9935487843501511,1.0917276507939448
2024,1876,1874,1864,14.734119761018155,5.40983622560093,6.286668895775048,5.866071266408338,0.9851597925782987,1.1620811857528492
2025,1411,1412,1964,18.365300576239807,5.696347472063151,7.300118103043679,6.611242797224402,0.9603759093789833,1.2815436801996316
2026,1411,1964,2453,24.784694479525104,7.300118103043679,8.022232743267269,7.585736686298937,0.992993071311594,1.0989182133810294
2027,1500,1930,3230,91.96450601087173,12.349993687776381,18.628159165327034,15.305447076963128,0.8816470263636438,1.508353739788918
2028,947,946,1910,21.43979439619932,5.7011358993761405,8.420566086103443,7.294277483999262,0.9076973532640313,1.4769979587795623
2029,2453,1964,1442,28.648820124879258,7.576444053013338,9.011279299641037,8.20331869864055,0.9779415266615604,1.189381091787648
2030,2844,2249,2665,39.13929777695774,8.759422387442934,10.515740863877122,9.591008840153862,0.9771089050364503,1.2005061976406068
2031,2943,552,553,23.56562783501667,6.475736361774209,10.644178701369695,8.1705720967477,0.7779366789470062,1.643701674484695
2032,2454,1107,1967,32.38000478648693,8.461500473196173,8.842761178636184,8.651655935696775,0.9987050538439429,1.0450582856607697
2033,1274,1280,1281,37.86602627225112,7.803303376168984,12.532532731743162,10.01392737454704,0.8404101294772518,1.6060547857228107
2034,2252,1281,1280,24.491992053253025,6.289669938031952,10.32448420275461,8.139152505651849,0.8195527414484015,1.641498568998862
2035,1281,1966,1282,28.272001337908957,6.662210636215752,9.414525175441682,8.316601964283139,0.9250268786795564,1.413123314394228
2036,1127,1106,2454,40.443424630249,8.52633099583915,10.532018101605862,9.778421430191216,0.9687576095767727,1.235234487934551
2037,1734,1960,1733,25.74288470034545,6.484309109181988,10.896019883391059,8.460109664191029,0.7934881106647774,1.6803671293155884
2038,1108,2253,1967,42.10319538609116,8.165904782313035,11.333833033067862,10.12585392273151,0.9305653138925962,1.3879457739473535
2039,2018,1932,2042,29.70732729432566,7.5878645435068375,8.857105571922967,8.333618168093741,0.9837078316629481,1.167272494275383
2040,1108,1109,2253,33.79815402114796,7.999999999999984,11.333833033067862,9.265046870621031,0.8868052481873961,1.4167291291334856
2041,1809,1810,2458,30.815632544114973,7.947224157577821,9.325338289878916,8.502309471223862,0.979680522401899,1.1734082372632006
2042,1109,1110,2253,31.251129087793615,7.496983149780323,10.301964570804424,8.753418433126667,0.9255552493879711,1.3741480226091067
2043,1902,1876,1873,15.016462758183543,5.318628681345471,6.625020722034777,5.962298821255909,0.9677789621214847,1.2456257277879423
2044,1124,2252,1123,31.583331355224125,7.999999999999984,9.786843992208127,8.662711440934666,0.9637613898717778,1.2233554990260183
2045,1402,2254,1401,33.44149815633614,7.6536418784174005,9.771501510587688,8.919870202500562,0.9605989055765789,1.2767126638290285
2046,2254,1402,1403,35.30639275845011,7.830341563505945,9.89262891499342,9.164823996362351,0.9605328293512254,1.2633713146178658
2047,310,1821,1891,18.41926144924675,5.170030262164487,9.446733873493454,7.272186103804295,0.7604710404636096,1.827210556701554
2048,2652,1362,1363,28.111191769496756,7.328173147933308,9.676350019956201,8.269671752041903,0.9352494161266877,1.320431412388929
2049,2892,2238,1361,45.77398745265585,9.528338486700505,12.617486493060692,10.616050031629447,0.9215581543764316,1.3242063672141757
2050,1405,2255,3025,33.37718215000581,8.088333457729695,9.885493785834646,8.880360810606783,0.9705306112334644,1.2221916711887635
2051,1439,2256,1415,59.498908691020404,10.924029518752143,13.330142992292384,11.873091844234315,0.9672163121763292,1.2202587854060551
2052,1829,761,1830,5.549345265644219,2.9443893270078787,4.09729464833128,3.680561325113056,0.9273888160040034,1.3915600803019472
2053,1854,1822,632,12.209175775943775,4.707310812321966,6.666004253985986,5.528904551790082,0.9020381965809245,1.4160960513881724
2054,760,1829,1845,7.041667321052745,3.5858322468107424,4.8395245750757585,4.141785607295503,0.9331839558538177,1.349623808916342
2055,745,1849,746,21.809437510121565,5.807887618162765,8.106677380535542,7.304854999566094,0.9244443059165057,1.3958047940156189
2056,1860,727,1834,7.1408030685680455,3.963051261087194,4.192138572767496,4.064312836834,0.9977758481462061,1.057805790687011
2057,1846,729,1838,12.365185224626973,4.048018694138488,6.756897588022002,5.674526498898739,0.8506127015505781,1.6691863596889902
2058,1406,2255,1405,35.371919859239426,7.797497984664289,9.885493785834646,9.182428502688877,0.9579233193003635,1.2677776647428338
2059,3024,2254,1403,32.82174296471621,7.928155616254795,9.89262891499342,8.824644678070838,0.9651903141583079,1.247784402050704
2060,1415,1416,1969,27.68199669946288,7.4799328234959805,9.343377220790677,8.145165770030184,0.9532440684438105,1.2491258198791895
2061,1413,2256,2673,46.77890453118468,9.162882412211552,11.893804523382258,10.572252246202558,0.95586499370392,1.2980418156988627
2062,1634,2425,1633,29.448258390422122,8.0,8.529631949639876,8.255267221036592,0.9972354646281221,1.0662039937049845
2063,2257,2674,3028,43.5962854653924,8.402052979260755,11.23593002735447,10.264716416940301,0.9400663007095277,1.3372838822950448
2064,2257,2655,3100,61.467561045376584,10.938177483900194,16.536053325141737,12.925425502718127,0.8176700555478418,1.5117740912031283
2065,717,716,2009,29.806279284463507,6.62386837240615,10.149089593946181,8.659245054273628,0.8916114267318154,1.5321997695826008
2066,2674,1386,1387,26.997181581500648,7.477414379973314,8.63345137122673,7.945360234044851,0.9837729976272133,1.154603841984419
2067,1900,1655,1826,20.070556077819624,6.199191730765144,7.2776389208174574,6.85416755922646,0.9820067131963309,1.1739657743928504
2068,1384,2655,3099,71.70120515550309,11.303610884195871,14.97792335870104,13.133560245069987,0.9476151315081025,1.3250565250474433
2069,2039,1832,1889,24.39654503239855,5.912317132629172,9.316194358212467,7.877685421371915,0.878580331067931,1.5757264282725665
2070,1903,1874,1876,16.868708533791413,5.40983622560093,7.403998650774438,6.4031742094243675,0.9350309432295192,1.368617891931099
2071,2655,1385,3100,45.53333455037479,8.82718507156259,11.549642643074721,10.43833506617917,0.9531873785674003,1.3084174116030174
2072,1419,1420,2677,34.045525001972884,7.413088251078097,10.765728749469332,9.17944606814374,0.9126305305781519,1.4522596230934732
2073,1419,1968,1418,25.946283821183126,7.456099438949034,7.999999999999903,7.750470420534513,0.9966778839085636,1.0729470637434972
2074,1869,1874,1877,25.21959052989781,5.843915760676266,9.174757629564043,8.023980306298412,0.8723708734369322,1.5699674679263904
2075,2867,1610,1611,29.112563993128006,7.771282323922131,8.9891580561904,8.253480126704167,0.9829431321233774,1.1567149000003918
2076,1422,2260,1421,30.196118435223937,7.4093477689847935,10.035246894781611,8.580821502868776,0.9320392779702896,1.3544035463942883
2077,2011,1889,1769,20.179596500058416,6.52839885753927,7.2551256227839165,6.847355994853278,0.9920076199174517,1.111317764294593
2078,1912,944,1913,25.815136721844425,7.230458761396909,8.717231782311082,7.809523220677053,0.9707940689871981,1.2056263744773688
2079,1417,1968,1416,27.43979553574952,7.060264607466903,9.334321149971053,8.13152858581266,0.9459221022078466,1.3220922541768647
2080,3099,2655,2242,85.99184859577265,12.426602396715133,15.376439854402474,14.260321869939547,0.9684253272390315,1.2373808514600182
2081,2260,1422,1423,29.76512900011808,7.714593852537739,9.016314852201264,8.342926183192974,0.9835704721641247,1.1687348711475356
2082,1964,1412,2673,23.104436687384343,6.837262816566374,7.660860130070337,7.329553284613531,0.9908827245832965,1.1204571676707271
2083,1439,1440,2256,39.12592199392582,8.000000000000064,10.924029518752143,9.73199034480539,0.9384627440701214,1.365503689844007
2084,1825,1898,1858,29.48938289493654,6.716762675572715,9.712790525690231,8.525805080120778,0.9156205466324786,1.446052361059795
2085,1425,2263,2262,53.222670294405155,10.393211214141392,12.869125546310016,11.276415877321346,0.9570317452440781,1.2382241908833531
2086,1913,944,2081,24.72081932243759,6.766057642647514,8.717231782311082,7.68757975031043,0.9556580392832685,1.2883768130151616
2087,2825,2677,2262,51.362226202092,10.171396219531992,12.946895047855069,11.142561141402274,0.94298587852111,1.2728729437354258
2088,745,744,1850,18.857205592122128,5.701157029496434,8.000000000000034,6.808254835832447,0.92192837945062,1.4032239348276028
2089,1969,1439,1415,31.984483127206286,7.159586159244019,13.330142992292384,9.944368790775693,0.7006932481564256,1.8618594281572154
2090,1902,1873,605,19.51022763903901,6.625020722034777,6.834555404001363,6.714205498429629,0.9993031936579514,1.031627777596178
2091,495,496,1875,17.37593984846509,4.4246366209152646,8.373896517604743,6.932844379506669,0.7832426375411491,1.8925614090027916
2092,2265,2679,1436,49.45112540764624,9.58195369720985,12.022390633109127,10.825710827429473,0.9662638847246801,1.2546909547903475
2093,1434,2484,2029,47.57705057942152,8.982857982640098,12.02382198365605,10.699952945445864,0.946316512697692,1.3385296758440124
2094,2264,1427,2265,45.313622892878406,9.82382929257193,10.617345100029327,10.24515750037817,0.9959828965808563,1.0807745924552452
2095,2466,475,476,37.266280079313646,7.45226461053979,12.21870738193885,9.893890253572593,0.8463883827113912,1.6395965549395344
2096,2264,2263,1426,38.99149042821454,7.49980034604401,11.085617743368582,9.869180743100282,0.8985973829841266,1.4781217141621665
2097,2556,2558,1636,37.54993104835972,8.733805160641225,9.951490127146476,9.352001780095222,0.9887194349035668,1.1394220438982006
2098,1649,1923,1650,44.90344680523351,8.0,12.07809557034238,10.616646928854044,0.8927943594688489,1.5097619462927976
2099,2011,3242,2039,40.19480049595519,8.396994349602853,10.987937966149673,9.806295274206626,0.9539375065285933,1.308556074789947
2100,93,94,1948,21.4687333198519,5.510281612069595,8.625621247645908,7.378634286571842,0.88134475891339,1.5653684974561997
2101,1935,983,967,38.26292995458084,8.10276636084617,11.169531265851322,9.651998759531184,0.9328122051308623,1.3784836892032626
2102,1970,2029,1432,27.17546505261832,7.072014506074699,9.860203122496007,8.223158985651503,0.9091026842724245,1.394256631406273
2103,2265,1437,2264,39.701621422969055,8.607461994879525,10.604276072032624,9.678522453161358,0.9717863047802217,1.2319863948677299
2104,2265,1429,2679,48.33313345496957,9.58195369720985,11.528158333933986,10.654563953371117,0.9776630174036469,1.203111463301148
2105,1445,1446,1963,20.927354103775734,5.247849230674658,9.90423217743615,7.71736046937029,0.7645736719821534,1.8872935829680597
2106,2831,470,471,43.646953218405535,7.999999999999903,12.404170180050508,10.505449654711828,0.8858951731412427,1.5505212725063324
2107,2484,1431,2029,43.99700190966291,8.982857982640098,10.815692760404268,10.178752634403295,0.9739618816809135,1.2040369313759864
2108,2008,2043,1872,19.451257706118355,6.071383716048166,7.340048096696802,6.76202733143787,0.9765465030586509,1.2089580299949159
2109,2036,38,39,24.686052853238944,7.32466393749242,7.9324183550944385,7.564750852738367,0.9950230044162177,1.082973693098892
2110,1926,2017,2041,42.24852594725884,8.653001633782507,11.626524218382533,10.107223034712092,0.9414954842801084,1.3436405897568522
2111,1888,847,1999,22.63160622578468,6.241153870643903,8.40258532046691,7.388746725813244,0.9437408172605742,1.3463192054901236
2112,1679,1887,1962,30.07992067905933,7.5261882447921185,9.475208490760599,8.452819532601834,0.9636380512366801,1.2589651205332446
2113,1140,1971,2827,49.94161748692295,10.175531242163885,11.875477425660394,10.823194939255204,0.9798664714282114,1.167062155580882
2114,2456,2826,2827,29.634761365175592,7.790088008755585,9.455911695286138,8.386381088984814,0.9652030224124283,1.2138388789264345
2115,1923,1609,3081,69.00125682011168,12.047919829687116,13.190242588425619,12.649293293014926,0.994555413147364,1.094814936925769
2116,1141,1142,1971,32.3474404882368,7.517169157493119,9.918926254498244,8.807494929376217,0.9510351183090555,1.3195028669284437
2117,507,2426,506,41.261527317000144,7.619108181976118,13.170132919941818,10.540347880721546,0.8195031928731299,1.7285662055694773
2118,1971,1128,2456,34.226382557434064,7.499716117082804,10.942082072041757,9.228657382974534,0.9070406913282502,1.4589995009435028
2119,2826,1130,2680,48.13791732753518,8.792315630271128,11.96593041796213,10.801592501978424,0.9364818308378138,1.3609532370249018
2120,2085,2121,987,32.84030302099214,8.03656680482727,10.772656446145255,9.01504363474278,0.9157133987838662,1.34045503605775
2121,1143,1971,1142,34.50307200860834,8.0,10.219210940387658,9.068533438841648,0.9592950180387906,1.2774013675484572
2122,1128,1971,1143,33.533163304601885,6.724010811244085,10.942082072041757,9.295101274557833,0.8624617919627905,1.627314764834121
2123,2740,1133,1134,39.58731576409127,8.0,10.935440773126087,9.794461671576393,0.9368920543211298,1.366930096640761
2124,945,2081,944,23.482147404857265,6.766057642647514,7.9272866745605555,7.410091531512598,0.9834510506387777,1.1716256486781365
2125,1427,1428,2265,36.04741413036838,7.543319964733567,10.294298108533253,9.364338878122338,0.9317149321418233,1.3646906344502188
2126,1420,1421,2260,36.41080795414483,7.475237169227702,10.980149610957346,9.496877891655553,0.9102015309597569,1.4688697311381427
2127,1908,1877,1903,47.37236562396662,9.781707069373157,11.696052399777578,10.562228981173448,0.9747662093714938,1.195706671323076
2128,2140,977,2818,44.89062568983013,9.499190376914438,10.653503937150125,10.218927435660182,0.9902688136956231,1.1215170466570474
2129,3026,2254,3024,45.75874612842793,8.653149502964297,13.476880806320704,10.903499572029432,0.8604321237842402,1.5574538266909579
2130,1823,498,499,12.402579529831495,3.503809963280607,7.999999999999773,6.195589561733289,0.6795650232670208,2.2832288519750072
2131,2568,2955,2134,40.07247641885017,8.297109758284863,10.617629620222617,9.775886320905215,0.9573292753564742,1.279678096293792
2132,1872,1868,726,16.433309706668442,4.467497018797233,9.094071111731953,6.990219868467986,0.7226244541390157,2.0356076508765786
2133,2030,1798,1972,26.83519639415309,7.51508201927848,8.45771790465488,7.90429607420135,0.9893638820846045,1.125432547902771
2134,2060,2996,2997,67.61895746339108,12.07208318427865,13.209780653237917,12.526361805961185,0.9936849213580844,1.0942420170232823
2135,1805,1806,2267,26.911102369949468,7.648946001373675,8.415140733863947,7.908901596979464,0.9915383659886748,1.100169975360353
2136,2721,2914,2970,42.00132097526025,9.217898080080323,10.34308295832499,9.882850921648044,0.9907580837750154,1.1220652331442205
2137,45,2936,2787,31.3811604602716,8.070070494879676,9.070137645015844,8.543081560741037,0.9906946818764601,1.1239229757374107
2138,1972,1798,1799,27.696548891965683,7.604134307115596,8.45771790465488,8.020617403923536,0.9924050334699429,1.112252567230505
2139,2133,3087,3254,121.62336857301165,15.636643337335183,19.849828704947793,17.13009753903356,0.9452349447861819,1.2694430816588944
2140,2267,1972,1801,32.17983961264896,8.345449829079739,8.888072791076219,8.629229732052403,0.9973583972384873,1.065020217377104
2141,2425,1634,2869,26.026741883165407,7.344364657520745,8.236169713469897,7.778710888350042,0.9911779864503915,1.1214271210016689
2142,2618,694,2814,50.47425527527592,9.428803398081584,12.864825316809462,11.081149849533405,0.9342547776533081,1.3644176014346616
2143,2891,2892,2650,29.394217779576156,7.582442009003394,8.744904629902535,8.283169260913283,0.9857454737757136,1.1533097937997856
2144,2030,1797,1798,29.08904159168654,7.74008829867069,9.028115366510352,8.25606788839366,0.9811064125553808,1.1664098674508496
2145,2969,3216,2308,69.40319826903519,11.137321548432661,13.881689309472197,12.818919940948128,0.9668723314765612,1.246411827934136
2146,1802,2268,2267,37.48098526778531,8.470534424629557,9.982440780338802,9.368224491967878,0.9815596547482959,1.1784900786558536
2147,2353,2221,2758,54.77531149529574,10.279992393222566,12.499807802405448,11.358675537547697,0.9742414523548497,1.2159355108712309
2148,2754,2786,662,58.09713694100145,10.85745832122373,12.977230655214502,11.699874014762036,0.9741455029502765,1.1952365158839362
2149,2315,1285,2729,37.84849101894037,8.733172700277684,10.961412268984462,9.531783224319897,0.951305249869115,1.2551466282850363
2150,1356,2237,2646,29.5331770190005,6.131816000483173,11.112037485095218,8.964935881975645,0.8048693894922304,1.8121935629215904
2151,3043,2364,3236,69.61832508015992,10.997871268836253,14.645619211947082,12.938450245172993,0.9477049189780489,1.331677635966439
2152,2268,1803,1804,38.2883066844952,8.690128974952408,10.14441023841205,9.459313838017048,0.9842868408824932,1.167348639778687
2153,2371,2785,641,36.76486335668804,8.10629703569705,10.376430621119278,9.352651358027423,0.9609424513601846,1.2800456947759775
2154,1145,1273,1144,29.260181322092578,7.488068699463873,10.340575374557735,8.558863041751748,0.9026290729952283,1.380940238341843
2155,1147,2681,1146,20.664651176703927,6.581619691407947,7.1111054455368885,6.920312602204195,0.9952986552528575,1.0804491567357144
2156,3266,3135,2758,22.834557381953616,6.8770753131971,7.569830875362335,7.2791599772655715,0.993627377450141,1.1007340374527872
2157,3143,3142,422,35.002352152260436,8.098295111237652,12.209121679393343,9.655878861033656,0.837245164970013,1.5076162959844814
2158,1736,2644,2842,35.69813240821777,8.349593431307786,11.761622915268966,9.555488666380592,0.8793933706246639,1.4086461828389598
2159,1145,1146,1272,40.99978422574775,7.936600640574095,12.022981915224653,10.148325610979844,0.8947025634440243,1.514878026463855
2160,3144,2794,2390,71.00118124070188,12.228527245844296,13.690645456487601,12.851043323184244,0.9905818926974922,1.1195661735259401
2161,2267,2268,1805,32.01186849333027,8.000974711737083,9.651698270935276,8.689271238845434,0.9728020442054983,1.206315307655785
2162,1150,2270,1149,40.130728548476895,8.000000000000114,10.966189852516937,9.871986380610737,0.9340184132027274,1.3707737315645976
2163,502,2531,2815,26.13380010836935,7.41217287050051,8.331753406124326,7.799062122644056,0.9897746412304829,1.1240635575680686
2164,2687,1152,2272,35.69351197250752,8.372473324519728,9.679367097694836,9.12766478695732,0.9857809071492317,1.1560941101296462
2165,3030,1149,2270,46.4106038947357,8.981503635267421,11.620840656654476,10.522844714812946,0.9570597776533305,1.2938636033083863
2166,3028,2259,1389,41.41602039680228,9.01080060225738,11.16862539544997,9.917067626535184,0.964332149768358,1.2394709292148818
2167,2648,2890,2237,65.51628324560923,11.61223451941702,13.65745579302718,12.404877518625744,0.9781455202078699,1.1761264182350357
2168,2079,3248,2531,36.520810301389375,8.5785010348047,10.742146329616421,9.357847290050875,0.9526578686544352,1.2522171747760333
2169,1976,2900,1715,34.502477904305394,7.893438002807932,11.192855544478974,9.291648616685379,0.9026283958500466,1.4179949903321392
2170,576,2590,575,27.1246543328811,7.3697817466283855,9.559365270502736,8.13303288815874,0.9326524959644761,1.2971028992651061
2171,2232,2647,1394,43.26488083060517,9.244473859604021,11.652224032664906,10.178799633806245,0.9541296122168138,1.2604529159395577
2172,1541,1542,2508,46.24411735760674,8.0,13.389062818438363,11.005699171424604,0.8465181040820208,1.6736328523047954
2173,1158,1973,1157,22.392846101275158,6.108152089902258,8.856567445804743,7.461663138422708,0.9082802925929823,1.4499585661015302
2174,1976,2683,2900,33.657285988215136,8.000144977370956,10.031535649630055,8.940110976590079,0.9640726028368745,1.2539192324645425
2175,2774,2384,2785,27.758085567750324,7.497040724504553,8.472440006961405,8.036542998849983,0.9900323488165135,1.130104573030889
2176,1387,2259,2674,39.05343256712007,7.725214950934506,11.109296078977206,9.80537689408323,0.916981436087968,1.4380565653559367
2177,1152,1153,2272,34.17615669014866,7.999999999999823,9.679367097694836,8.964729513484777,0.9759948537522006,1.2099208872118812
2178,1166,2685,1153,28.98430324999371,6.033344807371944,11.388890070822479,9.010206448815447,0.7770376047958533,1.8876577478062868
2179,2687,1151,1152,29.239451100631523,7.571991374428613,9.331153938657392,8.323833145569402,0.9669363273761499,1.2323249561759473
2180,2161,572,2589,78.52670283108463,12.748713470272703,13.964208189685333,13.497417286790174,0.9938805302541854,1.0953425396411103
2181,1154,1166,1153,44.74268920276391,7.918587955870836,13.038588604252167,10.78202221031516,0.8553340566247216,1.646580006045821
2182,2141,2199,2617,52.49136600092292,9.811150521150688,13.71846041030182,11.433335372985004,0.9081412957849,1.3982519563559674
2183,2681,1147,3032,22.02337340473526,6.581619691407947,7.493822840275626,7.1659178738384215,0.987167965564614,1.13859858084151
2184,2273,1157,1973,32.97421641868954,8.057151512318747,9.425774623962052,8.779831194028514,0.9838518327256272,1.169864388121632
2185,2115,3008,3087,73.39531396103932,11.209446398708982,16.755070397329767,13.693886453487652,0.8790792010453662,1.4947277324292738
2186,1156,1163,2457,46.86808382742021,9.691549299951163,12.713858254463227,10.727966028903785,0.9246111842297358,1.3118499283212948
2187,1162,2273,1161,26.030786514292345,7.627127375870402,7.999999999999995,7.759165413824616,0.9980374422437152,1.0488876880841447
2188,2644,3172,2234,79.899417338907,12.642326202392589,14.33289821092313,13.639338207249684,0.9890963066919207,1.1337231757404422
2189,2457,1975,1154,40.48353686925005,8.301628157889303,11.02435406476286,9.859667324442134,0.9489147887487525,1.327974929145202
2190,1938,2589,572,55.969572241379026,9.232598144899388,13.228848415035724,11.736720010069272,0.9172027936176366,1.4328413527176087
2191,1973,1158,1159,20.960992480902615,6.108152089902258,7.56318976247571,7.044700586182377,0.9668309361264211,1.2382124169728614
2192,1271,2269,2902,34.37015024128854,7.016238639797357,10.48713873287422,9.277917630828627,0.895455392631299,1.4946952735315042
2193,2730,2315,3122,33.9134006080254,7.991551477745553,9.520074746416311,8.920680453859898,0.9787227360165454,1.191267399443939
2194,3157,2843,2481,25.550241871934208,7.121252091929099,8.317362264145677,7.7280413274391835,0.9840652708710819,1.1679634643986545
2195,2588,3092,3453,60.53220859337914,10.411243227521306,15.708446377384885,12.58296500927146,0.855199773643963,1.50879640731674
2196,1156,2273,1163,44.2934418982755,8.443929710662857,12.713858254463227,10.574878623769655,0.8905211763366261,1.5056802567184298
2197,1377,1378,3109,48.475363413830905,8.000000000000057,12.925704004779941,11.18038208246517,0.8606540138346142,1.6157130005974811
2198,1264,1265,2275,36.72501694781245,8.000000000000044,10.710937402990456,9.407407812222324,0.9452043911559251,1.3388671753737997
2199,2238,2648,2237,68.35036034297964,11.61223451941702,13.27724730519774,12.623745829684202,0.9872615193153266,1.1433843575064404
2200,2202,2619,2620,44.85762138501549,8.668219273480442,12.293021683380333,10.503111622202542,0.9207866828911138,1.418171517763702
2201,2160,2591,561,56.81140064993653,10.085928023875418,12.432114058780142,11.591489364382275,0.9682599120299814,1.2326197479647714
2202,3302,3335,3212,49.29324343912464,9.563409320092113,12.21388525007011,10.839091258085082,0.9593484616502728,1.2771475988599084
2203,1011,2126,2561,36.82149097819782,8.56456156314545,10.891424709754652,9.41920330475453,0.9467916022618038,1.2716850278269973
2204,2157,2163,2591,64.80528992592163,11.265644614665234,12.963187516506242,12.297551140020305,0.986060415515295,1.1506831575026966
2205,1267,2690,1266,50.44564994993489,7.999999999999944,13.5135280666198,11.503751516492033,0.8410357053788666,1.6891910083274868
2206,1268,1269,2274,36.77864300065888,7.4355765365419675,10.635432393069397,9.524925677734617,0.914183954924483,1.4303440144556125
2207,2750,3389,2345,76.12704090718543,12.299095833408867,14.033426091566911,13.318851620749088,0.988019407357512,1.141012825792199
2208,2689,1263,2275,32.483223810944565,8.045739357034225,9.906050159179712,8.78320171525447,0.9642795842761387,1.2312168863038118
2209,2524,2952,3202,65.96462905253809,11.504152898747492,13.182571428248307,12.399487621889081,0.9877818384493081,1.1458967508753775
2210,2464,2486,2485,50.87878245823172,10.02299043875129,13.753096772655365,11.318606807849301,0.896406896882628,1.3721550326420136
2211,3322,2519,3245,64.33450852188675,11.453226101705651,12.978676024473996,12.236702715882215,0.9896659569993325,1.133189540590766
2212,883,2743,1992,53.61697859173536,9.614998360335477,12.284769216069071,11.304271268785081,0.9581927675832528,1.2776673230384663
2213,2491,1452,2560,28.90707953488529,7.761737893207833,9.175050735639553,8.254630029834333,0.9736713702876018,1.1820871642249717
2214,2692,1254,2905,49.85411071244869,10.545739900631,11.006155831456448,10.735481456206744,0.9986466146663099,1.043658949980162
2215,2692,2905,2277,61.159978353734566,11.006155831456448,14.005536142977315,12.133176233993217,0.947995612264127,1.2725184303631614
2216,2657,1458,1459,20.367644116400168,6.513642700069615,7.422841151988527,6.8923801601201875,0.9870498544283073,1.139583715869032
2217,2276,1260,2691,23.638136670412145,6.726100460579415,8.178559416052183,7.459953596792907,0.9747745454979606,1.2159436904020977
2218,2691,1256,2276,27.528869198357896,6.726100460579415,9.150743606514617,8.158808552314781,0.939862126373959,1.3604827433288638
2219,2274,1269,2688,32.850369966109874,7.216779437817264,10.635432393069397,9.038955068995838,0.9066475517197388,1.4737089424318217
2220,1877,3362,2007,50.02345752037897,9.656392865086513,12.39980565057919,10.933363588144706,0.956241088451134,1.2841032695978756
2221,2272,2686,2901,37.025273817132806,9.095320930172882,9.371105275846896,9.249080925166945,0.9993867310219868,1.0303215628993503
2222,231,2179,2442,60.56709772623634,11.335616711100114,12.475438423389274,11.855417041398907,0.9936156059405328,1.100552245311278
2223,2486,2464,1990,44.121037059577226,9.309174131822463,11.00849939311404,10.165802245692586,0.9813941942561023,1.1825430738783376
2224,1170,1171,2278,36.437131292219114,7.702425493083857,10.458060213026481,9.387717293920085,0.93931997067549,1.3577619442624869
2225,1174,1175,2695,26.71298505340274,7.160731245626376,8.598368415485988,7.919699887037422,0.978145629177862,1.2007668100569602
2226,2937,2797,3271,35.99632573702374,8.09544473588466,10.480109246309025,9.27567423701999,0.9556683352490042,1.2945686850104563
2227,1170,2278,1169,37.61937318276853,7.999999999999903,10.46680476542168,9.489823647023835,0.9525865418555365,1.3083505956777257
2228,2058,1505,2991,32.41232738791365,8.021895437482403,10.231758903994853,8.840363462283612,0.9459497301055448,1.2754789667522761
2229,506,2426,2532,45.65840029459372,7.924961568026119,13.170132919941818,10.907046605215905,0.8516737859533026,1.661854484326808
2230,2558,2113,3253,65.23486238413867,11.411669611718805,15.025901749233725,12.663563879434593,0.9233508123172475,1.3167137027699622
2231,1164,1165,1975,27.152180334468543,7.845287612544593,7.9999999999999645,7.919427069893003,0.9997439367351503,1.0197204226404635
2232,1166,1167,2685,17.96158151894211,6.033344807371944,6.821808262796775,6.464806792788953,0.9899853300150807,1.130684302090846
2233,1171,1172,3034,26.51040127856614,7.4070731705438115,8.120622732119292,7.8425653008877205,0.9938325665048774,1.0963335375723167
2234,1265,3033,2275,38.3981735640223,8.76480535508715,10.710937402990456,9.538818863879353,0.9670362159915762,1.2220393915278174
2235,3077,2532,2426,61.49972793044155,10.960153800101526,13.737617169579822,12.107938765787042,0.9596195328259224,1.253414634514761
2236,2280,2695,1175,37.053256983982955,8.598368415485988,10.654478004119474,9.394027544055609,0.9608183155603063,1.239127877438975
2237,1177,3035,2280,40.63621522467757,8.889175010077272,10.927211256267059,9.803203066341682,0.969305192598311,1.2292716977536557
2238,3017,276,277,30.366942942055484,8.000000000000025,9.21086156644082,8.4323349703847,0.9820874289519834,1.151357695805099
2239,1635,2869,1634,24.710157148184148,7.344364657520745,7.999999999999943,7.573013553922063,0.9934510704210724,1.0892705323132092
2240,3034,3233,3313,27.912675617830125,6.110163422485464,9.686240083632642,8.46001982457738,0.8671811172142376,1.5852669419588974
2241,1176,1177,2280,38.96049911950604,8.0,10.927211256267059,9.710919429141228,0.9386873842399825,1.3659014070333824
2242,3206,3207,3208,37.41628408903445,7.5046853317454545,10.99449002683822,9.625454118354163,0.9099373730279818,1.4650167916209085
2243,3097,2225,2635,52.75669265867318,8.771595408048073,12.927857771806787,11.462409611407075,0.9023800743838046,1.473831973593456
2244,1471,2672,2250,46.965493121365924,9.080742285024987,12.718162308189529,10.759535567469491,0.9190781919519126,1.4005641729490546
2245,1251,2703,2295,49.984167092097096,10.277155101082517,11.075737489700742,10.760373880875589,0.9959231333028402,1.0777046157972363
2246,3303,2703,3380,51.486169898511044,10.498751837677398,11.270725235707689,10.91804078134871,0.9966226086637207,1.0735300167073072
2247,1175,1176,2280,36.7853055551529,7.585409487363442,10.654478004119474,9.481811507546515,0.9260437814469128,1.4046015606499296
2248,2587,3092,2160,75.00088609241429,10.813274401598768,16.512847418800536,13.773889790973016,0.8875189420015064,1.5270903896010513
2249,1685,2282,2700,63.1519746088722,11.911786136435712,12.29994167978252,12.079870985525654,0.9992702493764588,1.0325858388407025
2250,1164,2457,1163,27.82717383679811,7.398375250241096,9.691549299951163,8.240628317645017,0.9317738973851327,1.3099564393730012
2251,1180,2696,1179,39.37680228656548,7.999999999999823,10.727357241739094,9.75240755817933,0.9408742238894657,1.3409196552174163
2252,2587,2589,3092,72.87087983455805,10.631360673118717,15.778384606660204,13.468430944099554,0.9050039981212307,1.4841359532233425
2253,1542,1543,2854,32.80368071381188,7.999999999999972,9.566047094241467,8.77485485404427,0.9786827160139742,1.1957558867801876
2254,1718,1681,1976,28.656064937844683,6.281354955821427,9.863291440071922,8.538153364034557,0.8768545216823562,1.5702490162462213
2255,3361,1905,1896,69.41806627256088,11.83575705984116,13.580696797685228,12.721573174513763,0.9874829729354015,1.1474294993570513
2256,1976,1681,1682,36.41390615908246,7.753911989201055,10.521895276679825,9.379699568650933,0.9409401454109508,1.3569789406087875
2257,1717,1718,1976,32.97750954725964,8.0,9.469813696210318,8.788459709963176,0.981385694782161,1.1837267120262898
2258,2913,1189,1190,24.536574099524596,6.214729872035167,10.889629241750256,8.368119704595122,0.7684858735091783,1.7522288926427914
2259,3089,3255,2975,68.5753159929479,11.512956518193496,13.871532444129436,12.695317622985636,0.9769871268948656,1.2048627493909814
2260,343,2840,2477,44.45435616567364,9.431375936208996,11.047732997249545,10.198483398636341,0.9829107641254327,1.1713808326561368
2261,1921,1099,2868,50.717254351010176,9.566754553871125,12.850763396982472,11.089380512908223,0.938511107630095,1.3432730321049677
2262,1684,1685,2700,48.10935129018932,7.999999999999859,13.194134828806071,11.164692169529483,0.8560190694261869,1.649266853600788
2263,2419,2985,3218,25.648039832988534,7.09888975540174,8.177390209262665,7.735975551129909,0.9862348625436894,1.15192522929945
2264,2841,2023,91,40.75427168104137,9.090849539374263,11.13342130552229,9.84325055765705,0.9630452464287992,1.2246843661091569
2265,2891,2238,2892,40.95912510635271,8.744904629902535,11.2435176693014,9.896915804777025,0.9553841958372775,1.2857221599484399
2266,2683,1682,1683,28.86498174114512,7.419924588031048,9.4861956611046,8.312560391816328,0.9543462727865486,1.27847602068714
2267,2684,2899,2283,44.48102828485857,8.723014796168895,12.547768457103313,10.52224965919101,0.9076091739279902,1.4384669463835176
2268,2697,1686,1687,22.102411153786807,6.872139599614115,7.429865013775098,7.155335985614822,0.9959535890092481,1.0811574628362177
2269,2699,1713,2283,50.79646687982111,9.791412479598177,12.471013158286741,11.009480073539429,0.958136285334432,1.2736684502130717
2270,2426,946,2533,63.42323871000868,9.85213156651736,14.481995651323778,12.535377209283395,0.9098649588563243,1.4699352676674653
2271,3087,2559,2115,72.15895197789936,11.644283237164236,16.755070397329767,13.599580256394786,0.8769711408929114,1.4389095538189756
2272,1685,1686,2697,26.614896217063965,6.872139599614115,10.896695205535812,8.518324932328602,0.813781888388268,1.5856335639845973
2273,2702,2287,3037,46.547861021525094,9.680556126295384,11.184302605281708,10.422999844056385,0.9860726949609585,1.1553367863754938
2274,2697,1688,2698,32.43594202772378,8.074672105267556,9.119933343043064,8.68811921936255,0.9897676262353906,1.1294493725749712
2275,2478,2477,2840,33.73023261360407,7.656127310772698,9.801400985205232,8.962968077395642,0.9591819379418697,1.2802035007194807
2276,3155,3276,2381,49.93677575591456,9.937101186134011,12.64438092306216,10.961346337177636,0.948469044488358,1.2724415990355236
2277,1898,2813,2425,35.07213101322505,7.9166487418571965,10.356208070540461,9.164761729257124,0.9530424207651886,1.3081555602921646
2278,1691,3037,1690,31.378008755599723,8.000000000000025,9.029576779165803,8.543664561234136,0.9903223811206526,1.1286970973957218
2279,3270,3272,3140,35.981736512424035,7.832375964137795,10.843322634905684,9.364938536495002,0.9314209406755443,1.3844231539132124
2280,1690,3037,3038,47.92906469428865,9.029576779165803,12.644715264157492,10.835950888025446,0.9255108668124766,1.4003663265074617
2281,2868,2550,3166,34.79560695559791,8.371627063759163,9.361201031033415,8.995703754532473,0.9906025482126268,1.1182056916460272
2282,2702,1691,1692,39.6934632901819,8.000000000000055,11.558405687136922,9.898694950381183,0.9155542797178731,1.4448007108921053
2283,2382,3142,2784,26.44230295709903,7.2250702900077775,8.473950985764123,7.8642304538950265,0.9832445640869314,1.1728537779741104
2284,1716,1717,1976,32.825827104595284,7.517169157493158,10.499111027292319,8.970615206154896,0.9249756829410954,1.3966841516166686
2285,1815,1807,1814,19.258243386384603,5.772955806657032,7.999999999999962,6.860591017594582,0.9285809696802729,1.3857719109463533
2286,3237,3046,3315,29.769691373440672,8.153206807329553,8.559938874228633,8.2979351453422,0.9979675048170954,1.0498861462134674
2287,2391,2935,2794,37.53261919696416,8.5240688941676,10.976861483092465,9.508367474079654,0.9469992740824861,1.2877490338684536
2288,2913,2459,2969,52.285540452540864,8.325885321032713,14.173145070639965,11.727097339481261,0.8404008682699191,1.702298857616499
2289,2240,2650,2892,31.517255684531204,7.582442009003394,9.574257240248238,8.646465648058467,0.9649235140987298,1.2626878291821768
2290,3204,2956,2010,29.464271323706658,7.702165829563346,9.325541260973866,8.345784221164491,0.9700202633791476,1.210768693810706
2291,1809,1977,1808,32.5401971243219,8.0,9.182272712765654,8.712155759353875,0.9866663287064413,1.1477840890957067
2292,1812,2458,1811,45.840664369291005,8.794382184360476,11.580345156278126,10.484798832287275,0.9502963736239266,1.316788935653954
2293,2770,1044,3044,44.72158194475032,8.30644196881719,12.214080334129958,10.528098340637664,0.9097219730999205,1.4704346794912002
2294,2458,1812,1978,39.126142390080204,8.65544120129161,11.079669156223222,9.683945651342404,0.9528845795351375,1.2800813844786856
2295,2374,2777,3045,43.46402068025,8.93033727902927,11.401082544675296,10.17188030709818,0.960675571812439,1.276668751520502
2296,3045,2777,3046,35.18717614149451,7.182073987186997,10.74370655548672,9.370000546754563,0.9004761550667988,1.4959058587608212
2297,2113,3083,3253,85.02736432457,13.570818333631689,15.025901749233725,14.064737156412136,0.9903339078415365,1.1072214939312832
2298,1813,1978,1812,29.533581403928057,7.738665236717272,9.316726596512376,8.351797277743206,0.9711722053278249,1.2039190624641254
2299,584,2010,2956,30.48297033494051,7.805133084311989,9.869223566232769,8.561334074500339,0.9492804620216101,1.2644529516184062
2300,2890,2646,2237,54.37664933875091,9.914691370650408,13.65745579302718,11.561394882924269,0.9226751188463407,1.377496815831923
2301,88,2841,2182,64.82325330621882,10.342109077202062,14.315487677883853,12.551327126581803,0.9340893260050596,1.384194226827546
2302,1611,1612,2954,43.56777803941547,8.000000000000028,12.424632346862289,10.500887517866145,0.8849355491536263,1.5530790433577806
2303,2348,2974,680,71.90991101134453,12.315451748497773,14.179909532530063,12.976759616590542,0.9819442794172369,1.1513917493330859
2304,3000,3223,3306,21.663878538092813,6.476812935641956,7.616016518654188,7.119669608265824,0.9825962701931277,1.1758895299790404
2305,2768,3356,2364,53.825385186795344,10.284938653059575,12.535555858743617,11.273869358749183,0.9712682109680594,1.2188265075372644
2306,2388,2934,456,44.85676819538051,9.833281170099246,10.913555326360003,10.215712443914576,0.9903183145482853,1.1098589715450853
2307,127,3196,2946,17.745698537988236,5.944003498614679,6.785208448466274,6.430333347655296,0.9880935419356677,1.1415216108213342
2308,3076,3195,3292,23.307037543065004,6.6918260515374985,9.677455575464576,7.7783844644186315,0.8637058150736338,1.446160659427348
2309,3139,2770,3269,56.4818013789821,10.339932444420187,13.588027022167132,11.694776617110994,0.9406367926068984,1.3141311217656686
2310,2473,2014,2989,33.44141195839445,8.299102412633246,9.775461979952583,8.865058265988258,0.9774436328699024,1.1778938846533524
2311,3273,3324,3090,60.87581591819385,11.066852131973189,13.815335780847706,12.070867616595521,0.9548194974809159,1.2483527941006718
2312,1588,2557,1587,35.07105914086032,7.944666525228015,9.859968256101139,9.107417225957192,0.9683474750541302,1.2410801919490453
2313,1712,2284,3036,40.249203322003325,7.976755659222051,12.64663469583846,10.240414188682239,0.8566105022360128,1.585435888489011
2314,501,2815,2424,35.030848705211525,8.808134206953058,9.141502345317724,8.997691509054425,0.9990399675511071,1.0378477587343649
2315,2926,3183,2757,69.2957329545008,10.878518756534486,14.439467311071954,12.898630082911618,0.9491630223132378,1.3273376306308693
2316,1633,2425,2813,26.961485747897868,7.357730229556729,8.529631949639876,7.934670307017934,0.9853902223322708,1.159274896404261
2317,3390,3287,3183,76.88910969633051,12.633275119425612,15.13135759429615,13.490379104858155,0.9685289118591835,1.1977383102366979
2318,2286,1693,1694,25.873745222037453,6.849797834605206,8.897609518633091,7.867259229964598,0.9546286614485613,1.2989594340554595
2319,481,3141,480,29.031158295690542,7.919582517947358,8.718454769120317,8.212679095689246,0.9921202271022821,1.1008730257387376
2320,1693,1707,2980,31.276579385949045,7.512266572172926,11.063018085792306,8.968406268907245,0.8730046008110076,1.472660478632659
2321,2288,1696,1706,42.02816017808795,8.856130995031226,11.554553893203156,10.056291387052612,0.947970630706317,1.3046954589635016
2322,1203,2728,2727,48.08536534342924,9.977552180228818,11.867623502665035,10.652046057146082,0.9723357815361691,1.1894323666060618
2323,2755,635,2756,38.00598889571092,8.34469318947038,11.539431950525552,9.693320073549247,0.9163317257378176,1.3828467612310065
2324,2287,2702,1709,58.79019680929641,11.184302605281708,11.979800815361976,11.667116914981904,0.9965398587426622,1.0711263132047768
2325,3121,2729,2314,43.59856063338776,9.407322007131482,11.334865256819691,10.149779359069596,0.9706111830062734,1.2048981897533626
2326,3134,2756,2349,35.975903071874995,8.484666448628785,9.998216049852912,9.18089591583312,0.9811616045425129,1.1783864587238706
2327,2906,2964,3212,42.955418826980626,8.749874125982005,11.353607454899201,10.128164855919646,0.9564215038324625,1.2975738040831504
2328,3022,3172,2645,58.722590757026424,9.646262781351787,14.332531656959786,12.110361504954804,0.9019869495933027,1.4858118612181623
2329,2780,2781,2380,50.68195252990118,9.147919231220724,12.575360674761217,11.085674989920223,0.936730847269846,1.3746689664511966
2330,1441,2673,2256,45.190473294206164,9.162882412211552,11.394355644542722,10.336632289835793,0.9691715996745545,1.2435339811146373
2331,1697,2289,1696,27.796829622355865,6.927398096896824,9.914359257556058,8.314257057538322,0.9087927740636935,1.4311808154922212
2332,1625,2543,2838,43.22063800785297,8.070467033031754,12.191419079481536,10.40197449992718,0.8977806874567718,1.5106212601554614
2333,1697,1698,1699,30.43729008835683,7.619344993955892,11.327191080912021,8.982178691622638,0.8422911187104325,1.4866358052952595
2334,3383,436,2399,69.17953771367188,11.29941051628264,15.689713373865212,13.10806838955709,0.9112009626944747,1.3885426457651107
2335,2099,2549,2867,32.86032723462133,7.50354826480958,9.738226100629653,8.860938470642798,0.9549970772950532,1.2978161473686187
2336,2648,2238,2891,52.72518647051136,9.64903975221623,12.981755664437845,11.291437695318493,0.941358000793261,1.3453935311496819
2337,1701,2290,1700,29.90960073442095,7.769926022292829,9.517400575896001,8.429108866062943,0.9640252344795184,1.2249023412307225
2338,2291,2289,1699,28.827363407059494,7.280608847857758,10.079739753106224,8.449284414986407,0.9144410401256551,1.3844638496232469
2339,1194,2912,2718,65.80328733368434,10.67695473379714,15.021128291347743,12.73353549834271,0.9192526935159898,1.4068738386423454
2340,2291,1700,1704,29.13360410211747,7.616348262338144,10.538599516988901,8.604695318207652,0.8863156367802769,1.3836814118783027
2341,455,456,2934,29.78050659662048,7.610173065683546,9.833281170099246,8.481151411927646,0.9438138490788648,1.2921231994631412
2342,3355,3235,2345,92.18796627478756,14.169795360160226,15.525647071334715,14.633695262669908,0.9923369611337033,1.0956860474489702
2343,1297,2967,1298,23.5532661119233,6.92048713420137,7.8850431732836075,7.4067668047559145,0.9887058702772058,1.1393768993970608
2344,2476,2949,2019,32.03542577016092,8.254903066870368,8.794226476246793,8.612145260552259,0.9966292801033714,1.0653337059208978
2345,2570,3203,2136,42.35428801314243,8.931926854883223,10.790182919088682,9.977832620695152,0.9765684876075633,1.2080464937069566
2346,3249,1856,2535,57.56087474510784,8.62673082918096,15.025180043168096,12.369115528571692,0.8287042740790147,1.7417003428858133
2347,2920,2972,2973,20.96027805053441,6.28883996264902,7.626751161615105,7.021465296244379,0.9757752298591652,1.2127437185414593
2348,2865,2546,3165,35.648001308927824,7.878864671469937,10.259011301986414,9.228534699958045,0.9554851231688914,1.3020925894482231
2349,2133,3254,2870,80.49370972635094,11.726307360139264,15.636643337335183,13.9106292692258,0.9476607244395233,1.3334669523065852
2350,2512,3070,3242,60.78958485109875,10.998149881701162,13.208885960489422,11.962045634381028,0.975285089364032,1.2010098155205637
2351,3121,2315,2729,40.11720064407897,8.900764703697543,10.94639472196806,9.751493810932361,0.9665973601349559,1.2298263223856174
2352,2933,2387,442,45.17970017801862,8.585879308099452,11.846135126315737,10.472294294969574,0.9351645616407005,1.379722996471746
2353,2321,1289,3041,40.83772142922001,8.283585385008605,11.078332482366893,9.912748904535773,0.9462121275611228,1.3373837496039023
2354,2335,2973,2972,27.046944315725774,6.28883996264902,9.761123953383965,8.270999581097273,0.8854875674407209,1.5521342586800906
2355,2290,1702,1703,29.88205305271766,7.695220072298173,9.67883563358281,8.458018568626995,0.9545066651349455,1.257772427903057
2356,3354,2838,2543,60.88410940273078,10.944037387268247,13.640701990025073,12.040799641658277,0.9609511659956231,1.2464049150539263
2357,2289,1705,1696,44.48425047584393,9.198626492345715,11.95076761002142,10.354584453307732,0.9461696425597123,1.2991904410909383
2358,1197,2912,1196,24.171584874231748,6.405479665728867,10.695900209824597,8.246414769362607,0.7833938510294314,1.6698047247032406
2359,2346,676,3042,40.80010719154007,8.491936136907999,11.179086163633372,9.89132487118735,0.9512944321375109,1.3164354963818408
2360,694,2618,2201,61.07878032662766,10.614349612305114,12.864825316809462,11.991330260597808,0.9743894523342652,1.212022006689453
2361,530,3080,529,32.58809089360342,8.000000000000044,10.14559531577961,8.841190334249484,0.9521487307113533,1.2681994144724442
2362,2910,2713,3176,35.761902817053894,8.35287060141166,10.778873412724305,9.294295302214389,0.9437362707939551,1.2904394102433054
2363,1372,1373,1374,25.439570372749046,6.76243195832762,10.120873568728996,8.135700704843819,0.8607239454064805,1.4966322221202701
2364,823,2131,2443,42.501778644595596,7.10319035886495,13.801104832387994,10.957809886001698,0.7664541901200206,1.9429445270552108
2365,2292,1374,1375,25.210848160915248,6.672394359414777,8.5719760709898,7.748123476801525,0.9597046379948871,1.2846926619219838
2366,1372,2292,1371,33.592724083104486,7.947342254940622,9.629915408552616,8.888450515191844,0.975882529939255,1.2117151998287212
2367,226,2442,2179,61.2960227373379,11.538066324720628,12.460130594743044,11.917797636390333,0.995557177728693,1.0799149739715803
2368,489,2383,488,30.73942121324163,7.622710091749092,10.82850567817754,8.842069724681112,0.8852763763136253,1.4205585084363155
2369,1258,2293,1257,22.763431097854603,5.946927992085535,9.818292498404908,7.807791207013385,0.8282543621559244,1.6509856032344052
2370,1882,758,2423,61.14385999335733,10.720605970958085,15.11962573228924,12.424932374661926,0.893172238065567,1.4103331260609722
2371,437,2399,436,34.81193837200408,8.0,11.29941051628264,9.346162423570663,0.899779358287773,1.41242631453533
2372,67,68,2803,38.52566760607865,7.438387147372376,11.95431716450088,9.951764490470694,0.8674446636192026,1.607111451401634
2373,1258,1259,2293,26.91237683393077,7.658153130549714,8.007577129638824,7.888576753396166,0.9983177860658153,1.045627711163831
2374,2359,2764,117,51.219211504000434,10.057612524971988,11.82344461822656,10.94765964953549,0.9826756916638125,1.1755716964508423
2375,1990,923,2486,34.903758696167316,8.058383436480463,9.831782257579853,9.066446608627592,0.9740521311513551,1.2200688059929212
2376,2033,2485,2486,43.51168521191059,9.371094777205107,10.844008785824457,10.079364667260284,0.9855740049395608,1.1571763004896896
2377,1370,3108,2675,63.89981773758778,10.03027807075268,14.048408578202704,12.489152310952834,0.9276806092654503,1.4006001108948818
2378,2675,3259,3109,52.48171223762412,9.128652978564785,13.661143814540388,11.473573974288792,0.8972612382895807,1.4965125573968532
2379,1190,1191,2828,24.98209218008426,7.450388711489588,7.831928408795313,7.601156719968672,0.9980732601448993,1.051210710216681
2380,3051,2042,1932,48.35465016834635,8.55588438885142,12.869281668822014,10.993692018288227,0.8996946017208162,1.504143941635196
2381,2258,3285,3331,51.41934430034672,10.533595947914526,11.134661722623582,10.906684658772873,0.9976591501638724,1.057061783808791
2382,1948,2045,2024,24.206691462188296,6.794338565249295,8.038649964740015,7.531011720038481,0.9807464831593722,1.1831394458108027
2383,1379,1380,2678,30.336973433325056,8.0,9.270538743907109,8.436875612863714,0.9794712153555692,1.1588173429883886
2384,2694,1173,3115,47.11463272787193,8.698284779448516,11.983075845440391,10.696463349845445,0.9342363466197786,1.377636643232568
2385,3021,1742,1743,32.11323707349341,7.799823240292224,10.142389635706065,8.796029441908532,0.946599771691727,1.3003358311137927
2386,189,2217,3020,22.93065715791519,6.070326796048682,9.532249999311574,7.7206574383566045,0.859411066453797,1.5703026080105504
2387,2294,1381,1382,35.04058795071539,7.42388454749357,10.192254187296657,9.237476353894673,0.9303921036185274,1.3729004164993024
2388,2678,3110,1379,34.13500047540945,7.804857427586032,9.9459429985269,9.007113056673347,0.9622173005424866,1.2743273135743989
2389,1381,2294,1380,40.564579518064754,7.999999999999886,12.311427871866517,10.16789401972102,0.8797519054870201,1.5389284839833364
2390,882,2338,881,44.36757386897297,7.999999999999984,11.984873608389629,10.534681535188533,0.8971091474164608,1.4981092010487065
2391,772,773,2199,28.045435931859004,7.294879654160725,12.22452227938803,9.173133977849547,0.7286758263057608,1.6757675052823693
2392,2316,2317,1231,36.086639807718214,8.047595992198502,10.007647079719229,9.240524529880881,0.9677220077631525,1.243557341772728
2393,3099,3285,2258,55.672270249402295,11.05179630578051,11.808606038346321,11.353380251093428,0.9966133077398627,1.068478436593151
2394,1424,1425,2262,35.199901765718984,7.460313685275476,10.393211214141392,9.262588523686745,0.9295171361564996,1.3931332719500276
2395,3115,1173,1174,29.7488189513658,7.5220351574858775,11.40802942464743,8.956877598690278,0.8251602502923654,1.5166147439890967
2396,3035,1177,1178,30.842845189987074,8.000000000000085,8.889175010077272,8.463067257021194,0.9926492165599944,1.1111468762596473
2397,2299,3217,2709,66.66664541012157,10.761952374815799,14.51139164264994,12.690291608854366,0.9422722021652342,1.348397682618282
2398,2636,1744,1745,28.662280028323543,7.50371536353652,8.691929675760765,8.180179881738992,0.9855352012842823,1.1583501311894429
2399,185,2208,184,26.591357580404306,7.230420716006216,8.515594830585037,7.888996928158289,0.9823721580262691,1.1777454127577653
2400,2704,2296,1250,53.25821522222303,10.450292587124249,12.064574720936939,11.154236523612644,0.9849604332914559,1.1544724341786983
2401,1455,2244,2118,52.64919971904364,10.487202587300843,11.654549590688726,11.057831403529383,0.9925310158055377,1.11131157176285
2402,2297,1249,2705,39.10927750911809,8.75421888855523,10.527218726243756,9.58930529691548,0.9765907945246388,1.2025309008444427
2403,2196,173,174,34.08772492098901,7.823082729046365,11.302091858596128,9.287437182291173,0.8902696109161794,1.4447107681262954
2404,1944,271,2177,47.62915589177047,9.128890805907304,11.977906462452717,10.67847578671316,0.953046188022339,1.3120878228384347
2405,1247,1248,2298,48.572540427230706,7.489872899101775,13.91269437169387,11.534430059502638,0.7938293942651362,1.8575341076031282
2406,2708,2299,1245,44.9198634778821,9.743024668110653,11.061683106012914,10.238477437322866,0.986384321143733,1.135343846784899
2407,1024,1025,2121,25.64130078163555,7.6111862311525265,7.830893667699894,7.697008633408696,0.999373965642829,1.028866385590213
2408,2706,2298,1248,69.30718571356314,11.505010845882756,13.91269437169387,12.765195298949772,0.9764240890939734,1.2092725993972218
2409,2160,3350,2591,71.17064606984303,12.432114058780142,13.653453065996189,12.858926012460566,0.9921129689124369,1.098240653314589
2410,186,2209,2878,42.526903640919556,9.032569639560739,11.16338030010523,10.029922090396418,0.9688882944857163,1.2359030426083837
2411,2602,2604,2174,63.01354008595197,11.598313059531685,12.955943920222566,12.110484704336784,0.9897771109912858,1.1170541658707132
2412,744,2159,743,24.65846472570444,6.801883587441901,8.786056867064675,7.689376189692484,0.9522066696980247,1.291709385218837
2413,3114,2280,3261,83.51491226259729,13.615078861772641,14.105745090483039,13.892258481855746,0.9991319209261109,1.036038441913697
2414,2227,1749,1750,29.923738952443728,7.466350516448443,9.000246428653838,8.387687510403076,0.9761671985563564,1.2054411869394837
2415,2190,2192,2191,73.23559972713895,12.279817086580946,14.891416028201778,13.188161106809345,0.9643637026310582,1.2126740914141723
2416,2477,1943,352,45.766634715987685,9.376274754187289,12.791681975372912,10.664372007345312,0.9109535931674216,1.3642605737060296
2417,2139,976,2140,26.930030454091252,7.57900859485675,8.178572862010904,7.897636550743255,0.9961391592657629,1.0791085350610408
2418,1318,2300,2710,49.67863121613977,8.576387193058936,13.138213435659091,11.180477300602185,0.891572777387104,1.5319053512756682
2419,2302,2714,1322,28.625131201580448,7.582402256150495,8.77824742254094,8.174834719358653,0.9856945328141471,1.1577132320328205
2420,2860,2952,2525,33.82628114856324,8.015359539603669,9.965947998370707,8.949326783498773,0.9676748064883208,1.2433563272026957
2421,1323,1303,2302,27.219594715014487,7.557344144577319,8.532583639179649,7.96234371313576,0.9888294560934021,1.1290452672189213
2422,737,2157,2158,45.04169276231114,9.164811797044495,11.070950594286044,10.291518468062781,0.9759631252232283,1.2079844997860456
2423,1323,2302,1322,28.81474722312646,7.797103355650315,8.77824742254094,8.191783592730419,0.9890116578959743,1.125834431344253
2424,1050,2552,2553,45.2435879323914,8.403882845494637,11.81293028422698,10.517541983469622,0.9255488879653638,1.405651471041145
2425,1318,2711,2300,39.42194800604484,8.227769947006951,13.138213435659091,10.326251406051961,0.8208944982169546,1.5968134160628096
2426,3065,1573,2509,50.94285426575476,10.322339643489551,11.875336211696656,10.91520456088339,0.9835833218003872,1.150450055108059
2427,1322,2714,1321,27.603434633181223,7.582402256150495,8.43942264691968,8.007274967690059,0.9923490088874531,1.1130275553600455
2428,2224,2633,3097,73.43251307055802,12.078178375311687,13.761799076680495,13.080384418012981,0.9881411777637705,1.1393935947170808
2429,2653,2241,1364,34.70173311156911,7.4424750164593,11.052320040308976,9.31386867106007,0.9011726777677864,1.4850328709020015
2430,2224,2883,3096,42.20293840929503,8.89786053046843,11.074012742155956,9.992688066540374,0.9684065263113446,1.2445702766677287
2431,2712,2300,3175,37.90325015095562,8.738422757357744,10.00100867598361,9.398387089571592,0.9879995447300477,1.1444867058603647
2432,1172,3233,3034,20.737857323317243,6.110163422485464,7.481463796599011,6.999566796542762,0.9696631831705936,1.2244294103603102
2433,2655,1384,1385,42.79428750806447,7.999999999999984,11.549642643074721,10.284417842423524,0.9118039548107844,1.443705330384343
2434,2303,2713,1311,45.9768981947495,8.304346774322235,13.057389774581964,10.84030781072944,0.8751383889030926,1.5723560358722677
2435,1312,1313,2303,58.89893970447193,11.267702650878917,12.510205917870584,11.706443487137859,0.9902197092023364,1.1102712154810677
2436,2721,2970,2309,42.220087734816104,9.023464426997961,10.733139225394481,9.948058459643754,0.9803173875236124,1.1894698884478583
2437,2715,2302,1303,39.48199081739732,8.532583639179649,10.555649834413334,9.655562133590406,0.9706494216366772,1.2370989000265094
2438,2710,1317,1318,30.05046241900459,7.597757496705025,11.826831273088526,9.141529589931183,0.7958555988419422,1.5566213159892974
2439,1306,3039,1305,38.13632531136508,7.719817353333137,10.854205463541179,9.6557899117968,0.9256744959322406,1.4060184285130435
2440,976,977,2140,27.538468748250235,7.412530114542964,9.499190376914438,8.163576362104717,0.9416178525032095,1.2815044566601577
2441,2304,1307,1308,30.227465513675437,7.255309368093927,10.153767545772372,8.622433417648862,0.9214272122654219,1.3994947741890584
2442,2663,1398,1399,29.52346722261163,7.42948777230833,8.95755690856209,8.330545971463968,0.976466984968873,1.2056762435156403
2443,3113,1252,3111,35.96530111707986,7.2931282657607515,10.716747629833545,9.449558690677845,0.9063239756732827,1.4694308449428695
2444,2304,3039,1306,37.728488356410764,8.368168911660648,10.854205463541179,9.511581942490125,0.9520336521503217,1.2970825013362668
2445,2625,2624,209,39.0812535055515,8.915297007688098,9.895413606318826,9.529158840924895,0.991853029687791,1.1099365055124384
2446,1361,2240,2892,39.182713635126056,8.78269769492377,10.45020416440644,9.587080115343573,0.9795549358738252,1.1898626740217253
2447,1751,2225,3499,54.50780471022599,8.710876572359684,14.044942468347314,11.82895549594616,0.8677030324992134,1.6123454800074946
2448,1370,1371,3108,30.345516646240526,8.0,13.388770283903119,9.852873382181896,0.6781809595292991,1.6735962854878899
2449,2914,1187,2308,50.94438532269947,10.101487191670593,11.864520006412194,10.921265619929308,0.9820642723670893,1.174532005168046
2450,1181,3119,2696,37.78963595813334,8.641726792036474,11.37162226030817,9.622143757148388,0.9272018988058235,1.3158969884106206
2451,2305,1324,1325,29.21588264438217,7.357086406063956,10.198401086117952,8.518495830727323,0.9112224006366753,1.3862010751582434
2452,1305,3039,1304,38.7596195325011,8.000000000000114,10.57749302577068,9.656946648095627,0.9458604230026244,1.3221866282213162
2453,425,426,3140,27.092380210175563,7.563750356356218,8.206164621341362,7.923304992565882,0.9954922588758585,1.0849332982606028
2454,2745,880,881,21.84352459770279,6.317367380210778,11.303779674777498,8.339241951150287,0.6804878555331473,1.789318080532519
2455,851,852,2379,39.55151978523509,8.0,10.877915625188,9.7852022152926,0.9380711894584585,1.3597394531485
2456,2317,1290,2321,33.6786993827209,8.502502887621763,9.277852994114788,8.837563043910817,0.9944938390423531,1.0911908077822363
2457,2760,151,152,36.90190618976409,7.505599957095939,11.230753115255258,9.595691076806562,0.901873727862003,1.4963165076014326
2458,1326,1327,2305,38.484380541918966,9.105765187264547,10.038545071830722,9.455882321586303,0.9920758345547641,1.1024383855044686
2459,2778,2377,1032,24.89722979558572,6.6701906300247105,11.01392469828025,8.428215691560363,0.7715530053234646,1.6512158811028537
2460,2337,878,879,31.32033873821872,7.999999999999903,9.542144371402939,8.591954424473704,0.9737354174114905,1.1927680464253818
2461,2799,325,1817,22.075407281382944,6.368465182984439,8.036602163537314,7.236815742006278,0.9648609650783466,1.2619370496065332
2462,1292,1293,2731,29.893357346906324,7.770419956908111,8.637199399905546,8.3364781661928,0.9910772266296008,1.1115485968331538
2463,2213,203,3209,67.75479678976825,11.209762008031252,13.845867139731942,12.646752362728469,0.9711170845995576,1.2351615609512538
2464,325,2799,324,30.215945838758138,7.622710091749184,11.948989136579101,9.202767130621867,0.7885689734811098,1.567551302982476
2465,1183,2309,3455,51.02796619464489,8.922866021812526,12.63473396954259,11.178264498757708,0.9237665656926123,1.4159950332837188
2466,1896,634,2755,51.84940598739695,10.25660892077578,12.19946663932705,11.04413699476555,0.9761257869382076,1.1894249584398036
2467,2313,2728,2314,85.28961973236488,13.546829545109079,14.943389861863368,14.076942015255538,0.9920722986617525,1.103091303548475
2468,3140,424,425,28.098719728805953,7.436341113230929,10.382962114249692,8.461017861278947,0.8836134417191855,1.396246078031044
2469,2721,2309,1184,45.607006991209175,9.023464426997961,11.473781368592128,10.408703729869652,0.9628114409722388,1.271549465442883
2470,2119,993,2864,34.079181854854625,8.404913397608489,9.136882024441018,8.890688095414099,0.994191285765101,1.0870881819009344
2471,1188,2720,1187,16.382272949785204,4.571342673626185,9.62880890121582,7.201520272068426,0.6738431183444283,2.106341525602113
2472,1656,2546,2865,31.260423918216873,7.878864671469937,9.881226671861308,8.647082688741522,0.955578817476407,1.2541434691272335
2473,2720,1188,1189,14.562024871499766,4.571342673626185,7.693220201611438,6.213610870974526,0.8355887004951309,1.6829235414786454
2474,1333,2811,1332,57.07301910051279,10.147611481909369,13.613834352508,11.759984231324879,0.9392545146904255,1.3415801715288402
2475,1184,1185,2721,23.207026605648686,6.414399484834557,10.728865394018868,8.1781543490171,0.7624279117914923,1.6726219530581032
2476,1298,2967,1299,27.55686416808047,6.92048713420137,11.063793311295594,8.661426815165635,0.8148485437016655,1.5987015215472062
2477,2308,2913,2969,69.57817185883617,11.017457141303062,14.173145070639965,12.87611705896085,0.958666829893287,1.286426158855352
2478,2591,2163,560,54.606207315002166,10.962094335013427,11.479527949350699,11.235755633009786,0.9985775267172274,1.0472020764029155
2479,3181,1301,2311,57.30179373453157,9.628666973510137,14.063702296821631,11.928352108579238,0.9090207381171905,1.460607406561357
2480,592,2192,2190,58.82916032448028,10.712100019249778,12.393250205645307,11.720625873403243,0.9852037993932444,1.156939366078965
2481,2310,1302,1301,44.98002003752459,7.571921554269016,12.778594506154551,10.85739446712335,0.8422551459543076,1.6876290139258028
2482,2190,2191,2614,69.78321661898964,11.234726707720043,14.891416028201778,12.970495522410635,0.945318796717097,1.3254809320790162
2483,3410,1194,2718,73.71925706497875,10.943291848437708,15.021128291347743,13.369126704034727,0.9364312224277805,1.372633436025212
2484,2916,2724,1242,33.772206270527235,7.945146353025029,10.171216439748859,8.979836976095536,0.9572623664637148,1.280179871812717
2485,2724,2916,3181,40.96560345922604,8.82314813551272,11.055667167396544,9.861481180503505,0.9644654999811296,1.2530297573604197
2486,1284,1300,1301,40.833333333333485,8.0,11.917492083121333,10.097396719511023,0.9019344196745875,1.4896865103901666
2487,1194,1980,1193,30.080921970762972,6.245322749840521,10.585565780989135,8.88044885384371,0.8427170283021803,1.6949589644921788
2488,1920,2866,2430,51.62972884683506,10.35980656543165,11.323490522555272,10.942765797996648,0.994282804046552,1.09302142381106
2489,1179,2696,2281,60.93422765737941,10.529865432799077,12.858726641700635,11.98901955016841,0.9717384494884971,1.2211672336901358
2490,2976,2945,1980,40.0457897592398,8.418398427853035,10.9961088942426,9.787309837070252,0.9542893741471422,1.3061996279317187
2491,2647,2890,1393,46.98714658225547,9.458263216978866,12.160990966000247,10.617195992028122,0.9517244789831928,1.2857530697781405
2492,2350,2757,3287,99.34867719144967,13.70452472986044,16.92970450443299,15.319669268044906,0.9704348469736576,1.2353368568517584
2493,2828,2945,2459,31.31966406197085,7.7815207530467445,9.09306831152138,8.557783053595708,0.9833896698075512,1.168546432001883
2494,2931,423,2781,38.61637562443888,8.597220655974048,11.330852493973623,9.689810675678599,0.9359041023482012,1.3179669276139871
2495,3481,2307,2709,47.46321223519651,10.014915470804741,11.024045033966825,10.494315564376377,0.9937439195624436,1.1007626640588106
2496,2151,492,2837,44.547167944849114,9.518150526810588,11.000081322617945,10.199441440107362,0.9853980416122063,1.1556952468479118
2497,2913,2828,2459,36.51746098138717,8.325885321032713,10.588935305911173,9.335962979488421,0.9578638339397297,1.2718089305363816
2498,2968,2718,2912,58.27411721847874,10.67695473379714,12.657345504331316,11.685173347970796,0.9809087401102469,1.185482735471884
2499,2757,2350,666,76.75994950501862,12.182288241291069,14.317844919889954,13.401552630347155,0.982605504772698,1.1753001272257337
2500,1199,1200,2312,27.706929576476643,7.777058472748595,8.18418730980129,8.004485535108246,0.9982193572695905,1.052349977627056
2501,3143,485,2784,29.62338478152073,7.419064837234903,10.149737003235686,8.54585562334203,0.9196654891880386,1.3680615045033773
2502,2864,2542,2863,25.251599994475967,7.045802379253969,8.61174050423352,7.725669504196198,0.9700603317425655,1.2222512129477803
2503,1200,1201,2312,31.400241597908007,8.0,10.007546313299782,8.68658571202488,0.9500333074402041,1.2509432891624728
2504,2412,1332,2811,42.31907166003816,8.280238906356088,11.518506859557263,10.147779991414048,0.932122389149779,1.3910838793208504
2505,2312,2725,2726,55.74821494602078,9.471777769761621,13.588327320252782,11.71120694052324,0.9193290764796048,1.4346121341268296
2506,3301,3211,2961,48.03668343208194,9.509812855381147,12.371759748862583,10.752681007859636,0.9477167433080763,1.300946710203871
2507,1198,2312,2726,50.28657087245955,9.319361611283314,12.073515731555322,10.956602146790935,0.956237048798599,1.2955303415780588
2508,1199,2312,1198,30.77342011344899,7.983459629749651,9.319361611283314,8.495669516944751,0.9799485180384653,1.1673337178978827
2509,296,2810,2411,30.146531575972645,7.130744990935889,11.72053647665427,9.121305579157534,0.8012065610774006,1.6436622669233871
2510,2727,1202,1203,31.17572317902043,7.398082323841227,9.977552180228818,8.683750700411933,0.9409375161782881,1.3486673631726067
2511,1283,1301,1302,27.616666273013585,7.297089041052473,10.374698075411732,8.414569556911074,0.8768101108798082,1.4217584597152415
2512,1204,1205,2728,39.25527523283185,7.545565620840969,11.996258839765755,10.021731853806779,0.8728490427450812,1.5898422255625082
2513,1201,1202,2725,35.089012991188156,8.0,9.990169279673202,9.111544980907327,0.9680685444408346,1.2487711599591502
2514,2917,1205,1206,34.81536277046214,7.393012460527226,10.14647931995681,9.209758796966542,0.9298276080015381,1.3724417988108224
2515,2836,3500,2837,49.040245744444555,9.82939407714064,11.39470964925396,10.700098189784883,0.9855339688748892,1.159248429743359
2516,2781,3140,3272,52.47618355807658,10.196949026647108,12.327693496665654,11.122655052739482,0.9733305331808846,1.208959019452818
2517,2729,1284,2314,39.81001568457725,8.302408032436144,11.755497406285938,9.921685417326566,0.9152528429647819,1.4159141974664629
2518,1016,2863,2089,45.349397322192004,9.164047237952246,11.551472377551676,10.373171425077183,0.9647805639641511,1.2605208242175006
2519,2313,2727,2728,72.05610077256252,11.867623502665035,14.943389861863368,13.119473625811787,0.9571237542338098,1.2591728966214364
2520,715,2948,716,38.08090045995799,7.2605758621918,12.068124793015468,9.965980887265362,0.8508946987052409,1.662144301233481
2521,3211,3300,2887,28.27880847396146,7.373559638701846,8.760895923396964,8.140924879369349,0.9804944388363955,1.1881501408645778
2522,2727,2313,3464,68.52074823557516,11.899689980089077,13.434874661009431,12.627324051335158,0.9899689581813707,1.1290104770367186
2523,1208,2319,1207,49.57838183091296,7.999999999999984,14.17879441872026,11.541127415757943,0.8180143261761391,1.772349302340036
2524,1240,2716,2306,42.848671963614,9.26687561661329,10.69089077759847,9.998409309282758,0.9865198539474342,1.1536672358515594
2525,799,800,2188,40.405064669453,8.000000000000064,11.721290134209925,10.00976774195117,0.9099306442081189,1.4651612667762288
2526,2717,2306,3179,46.60857966322277,9.93121761718294,10.644049706894245,10.389693994216062,0.9961744258033619,1.0717769076450372
2527,2716,3179,2306,44.16950404112929,9.172150573890216,10.69089077759847,10.16903035279431,0.9817015320786899,1.165581691171922
2528,2977,1296,1981,48.94963403665277,10.095264779968836,11.139461131286968,10.657976843406747,0.9935562286356298,1.1034342708266593
2529,2911,2967,2977,33.48804413692464,8.129938231423797,9.96348771869098,8.903406797677306,0.968265266260774,1.2255305557156826
2530,2724,3177,2716,42.63370575634971,9.577524407185916,10.341533403212846,9.937609322753234,0.9959941159293885,1.079771030962208
2531,1286,1298,1299,40.833333333333194,7.999999999999943,11.917492083121303,10.097396719510993,0.901934419674586,1.4896865103901735
2532,1286,2315,2730,42.47671462877474,9.25041513741783,10.941455540595793,9.983818576190108,0.9792110212887966,1.1828069743959622
2533,1982,1294,1295,30.390324884387155,7.999999999999944,9.09911844982341,8.421651749424765,0.9863004930636483,1.1373898062279342
2534,1287,2460,1298,34.61220900255476,7.672918388730037,12.571058148979795,9.77682010274714,0.800751077490763,1.6383672433482588
2535,1285,1299,1300,40.83333333333377,8.000000000000057,11.917492083121333,10.097396719511044,0.9019344196745908,1.489686510390156
2536,1296,1295,1981,28.68432901282112,5.765774877611995,10.745766945563293,8.868935534381375,0.7929251512694153,1.8637160093239464
2537,1979,1239,2031,48.112328535710716,9.699959062968091,15.616163721894582,11.837740032081792,0.7542564296107819,1.6099205801303857
2538,2048,1235,1236,28.568752007968243,6.5827260591669,9.5442617254337,8.397308985589715,0.9138118195722948,1.4498950191224587
2539,1296,1982,1295,22.996919189585252,5.765774877611995,8.932736366070026,7.621449347377653,0.8865366540611076,1.5492690151249346
2540,1291,2317,2316,40.41244630649707,8.834070997024181,10.32210429560498,9.72127412411613,0.9833040233804701,1.1684425333554658
2541,3060,2048,2494,44.35661575380945,9.766571711732722,10.503529112852313,10.134553964221743,0.9964738607471719,1.0754571228135532
2542,1291,1290,2317,30.734374463054742,7.999999999999984,8.834070997024181,8.445524628215308,0.99347104313763,1.1042588746280249
2543,2318,1293,1292,40.25825802675051,7.770419956908111,11.087987046833975,9.967813410389214,0.913537843758168,1.4269482355295942
2544,1288,1289,1290,29.019799171102584,7.288004536560126,11.322913605312635,8.870306047290901,0.8195511744415166,1.5536370138782805
2545,3119,3262,2696,40.87838194479325,8.853082219100521,11.432710540418556,9.919782401440889,0.9477351079133732,1.2913819455728637
2546,1208,1209,1210,27.61258173262773,6.989742971820959,11.419552525454225,8.803098499091709,0.786415625661059,1.6337585761725395
2547,2537,2536,2862,34.84586954057168,7.818067780673432,12.106997741772956,9.61570481442768,0.8402904807560674,1.5485920666615256
2548,3187,3186,2779,55.01470161493694,10.429601180366506,12.098711985914282,11.333425178300155,0.9854993269347102,1.1600359186015512
2549,1211,2319,1210,41.0528716469123,7.8703121756925585,11.594165114811346,10.089678557296072,0.9083939063493928,1.4731518719956116
2550,2836,2837,2471,30.884767316198523,7.418130835111369,9.82939407714064,8.619604165133842,0.9476351373146834,1.3250499749365865
2551,2319,3123,2732,54.425072765100786,9.752683966516562,14.136757520960712,11.700755284766508,0.89630796167925,1.4495248251143773
2552,2429,2863,1915,30.353306312571924,8.227934003373857,8.562037603485695,8.375945992347516,0.9988907541324934,1.0406060136086215
2553,1217,1218,1983,21.054507615334675,6.590281038138689,8.000000000000025,7.074060356125443,0.9633851685958764,1.2139087777445507
2554,2944,1347,1348,36.364725413989824,7.999999999999924,9.980687312367069,9.288563129360712,0.9640865148007189,1.2475859140458956
2555,457,2933,2388,56.50381087381074,10.55665431795744,12.281211002437809,11.488192065670832,0.9849500760051552,1.1633620494276113
2556,663,2350,2754,59.673241725275965,10.56050895171988,15.859613665206789,12.578505807891915,0.8418588619615476,1.5017849743523866
2557,3175,2301,2303,69.5555992020856,11.595778903035237,15.864510784736508,13.172787959503845,0.9065988724284503,1.368128085003752
2558,1611,2954,2867,36.08966681993037,8.143474789320983,11.078030206736118,9.403554350749166,0.9265970014163109,1.3603566651011667
2559,1983,1218,2032,25.207465847572887,6.590281038138689,8.92043976842674,7.806069483606756,0.9412941010974543,1.3535750170293441
2560,3041,2320,2321,42.63240311391152,9.53965037286165,10.37632884623182,9.940338122568363,0.995225809427622,1.0877053603295932
2561,1213,2320,3041,44.41598016508462,9.541266574590178,11.164038214213797,10.203446645805196,0.98069259600567,1.1700792685056407
2562,2327,1276,2671,49.8968739341394,10.385680475385472,11.376040859864572,10.762362641808304,0.9932071389278215,1.095358256671414
2563,2461,1215,2495,39.92031645946318,9.008731812808486,10.262500801884206,9.642579759388331,0.9887452496564749,1.1391726399595035
2564,1289,2321,1290,31.024439397777844,7.999999999999944,9.277852994114788,8.52047945970778,0.9828404914947766,1.1597316242643567
2565,1203,1204,2728,37.99022499606387,7.999999999999903,10.523371100813613,9.544777863119304,0.9502879085081374,1.3154213876017176
2566,1221,1985,1220,19.754809752341163,6.261482518800721,7.999999999999984,6.9043043699340485,0.9450256052602491,1.2776526926297713
2567,2551,2101,3006,34.4285217175612,7.970897775084806,9.92027250520301,9.022327955025547,0.9690635496517221,1.2445615017434426
2568,3043,3314,3196,34.05819220259657,7.422746349672271,11.507245548778364,9.373078261818717,0.8676478375319281,1.550267920617607
2569,1771,2512,2988,28.36012505283626,7.227258106450799,9.019066962653943,8.191092121672943,0.9683106808665471,1.2479237395166276
2570,2495,1216,2032,46.41725384106485,9.842628543266322,10.7867103997389,10.375678502957529,0.9942988864547964,1.0959176557687382
2571,1220,1985,2049,20.94117068507139,6.451430591001437,7.378630297278158,6.9861804454275225,0.9877744808107788,1.1437200157698346
2572,1230,1231,2317,27.80383315825114,7.71771635374814,8.30650329153466,8.023938545827102,0.9964084448298138,1.076290305421833
2573,2973,2335,2921,29.116281174882836,6.763814716775124,10.022055114152334,8.516301552728763,0.9046645625969961,1.4817163884303866
2574,3264,3122,2315,41.71046500611152,8.925693740095895,11.74579772987281,10.063855405461673,0.9374398466941419,1.3159534790117746
2575,1208,1210,2319,60.222166507777686,11.419552525454225,12.444587828553589,11.819435156273054,0.994121490477316,1.0897614246105138
2576,2049,2495,2032,43.775296127089845,9.471919676956727,10.7867103997389,10.098471794795449,0.9885162665558394,1.1388093192957276
2577,2469,3137,3268,39.87029136324724,8.21273150642525,12.648837663148203,10.19051094654167,0.8585876049351372,1.5401499066726283
2578,1180,1181,2696,39.8287137973037,7.7209458171576415,11.37162226030817,9.939975106401635,0.9076931220414144,1.4728276210717504
2579,2266,2826,2680,55.40279616994055,9.820690750552227,12.702691328710436,11.496437499074931,0.9572406139633889,1.293462104790964
2580,1556,2999,2074,47.83254803556673,9.328907577919786,12.464383996023908,10.763515015207213,0.9399058410978139,1.3361032781078628
2581,2943,553,554,22.79773160322177,6.475736361774209,7.96610122521223,7.333557377728071,0.9718046227796618,1.2301460065971084
2582,56,2395,3047,30.13316661614668,7.42962388273564,9.256174283292196,8.441477860343605,0.9687548608788188,1.2458469539489
2583,954,955,1917,19.66676499138125,5.751352024104149,8.000000000000044,6.925061141368528,0.9306279879696019,1.3909772809022507
2584,2751,668,669,38.654203039633956,7.827937918717488,10.741447780684702,9.694099265484553,0.9325416602911033,1.3721937874597447
2585,1846,1838,1893,25.350685488460677,6.218663214535727,9.398285127156692,7.971637139289871,0.8967555048378374,1.5113031214150336
2586,1121,1122,1986,61.716549883534306,10.719405578786576,13.739665097529919,12.138913720869885,0.957272396028605,1.2817562500592716
2587,2659,1460,2245,62.073942944113014,11.112229967929677,13.025877962917228,12.05031185074285,0.9830790627427515,1.1722109784004122
2588,165,166,1946,20.34059843528761,5.876673740564299,8.000000000000025,7.01548413033581,0.9398615511932117,1.3613143000910983
2589,2322,1278,1986,28.306786014292875,7.483227454029826,9.702767788392906,8.293765047632604,0.9367363974300303,1.2966020140371153
2590,2670,1123,2252,44.66610568195848,9.786843992208127,10.628448347731934,10.174379179329465,0.99530769633818,1.0859934373321838
2591,573,574,2590,24.050494849237296,6.269765207601603,10.369713189022825,8.114622512607408,0.8080888096231718,1.6539236870386076
2592,2821,255,256,25.562137768365773,6.91222892012981,9.210294612492342,7.884826438346031,0.9353586884016764,1.3324637709364775
2593,733,2147,2577,38.02198089428268,8.590369835639086,10.433543163020277,9.46424007098972,0.9741009838716054,1.2145627444041316
2594,861,2463,1989,21.25016683934871,6.631184757152341,7.393138639248707,7.026034584053907,0.9921728078812522,1.1149046377081453
2595,860,2324,859,28.853855933401306,7.39133486466491,9.08796634132624,8.251213638029254,0.9718880413221559,1.2295433108804559
2596,1060,2108,2107,61.135713140848495,9.947232754483753,13.28855714846773,12.155933009713033,0.9399523867588032,1.3359049171215844
2597,859,2324,2323,46.707684040028646,9.08796634132624,13.030227080913496,10.817928461866869,0.9008857327344076,1.43378909995082
2598,866,2325,865,33.94904278124282,7.706506636224744,10.100185721781774,9.013918885614729,0.9534455313903637,1.3106049470333867
2599,2438,982,969,34.389556440713534,7.3146325525875255,11.376601923362752,9.379390731384138,0.8753829410273667,1.555321041976103
2600,852,853,1888,26.33991763202558,7.770177927439909,7.837551370664753,7.799475903335747,0.9999476386528288,1.008670772259528
2601,2100,1650,1651,32.312135048153095,8.0,9.34877005231742,8.690884840273126,0.9839976584943602,1.1685962565396775
2602,2735,864,2325,42.21182156925943,9.181369102628105,10.942450914022807,9.95873586572285,0.9776303075316886,1.1918103707311585
2603,862,863,2326,40.6850120547615,8.0,11.18799505555393,9.964519601855974,0.9278877051376909,1.3984993819442413
2604,864,865,2325,34.36762327474236,7.999999999999984,9.752387580517638,8.99581729311843,0.9742646728364981,1.2190484475647072
2605,943,944,1912,18.184078370788235,4.990506910021889,8.000000000000025,6.823795342781694,0.8696356108574015,1.6030435673647703
2606,2023,90,91,26.532914927874785,7.310440542682994,9.305480828074597,8.008594915732777,0.9429817939064972,1.2729028809882648
2607,2322,1986,1122,44.67214382109703,9.438829352390439,11.95767048629316,10.366422542358835,0.948736009524691,1.2668594843559504
2608,2671,1275,2253,56.59987425932485,11.10412600933313,11.951401637170232,11.45060887186623,0.9959147204677324,1.0763027749437424
2609,2671,1112,2327,58.260236080776025,10.525366590174873,12.821387441210561,11.712448369777889,0.9745271099199748,1.2181416515391452
2610,1277,1986,1278,21.238780377965767,5.6803502843941045,9.224027233596377,7.462534990673436,0.8488520102955371,1.6238483142382933
2611,1278,1987,1277,13.579451950765222,5.422316669947782,5.710612291987073,5.604426415442987,0.99790210628073,1.0531683484362169
2612,2736,1986,1277,38.89545086649602,9.224027233596377,9.74252942453712,9.484706117918522,0.9980082595305079,1.056212127068773
2613,2671,1111,1112,41.93741266152763,8.000000000000057,11.79059107794823,10.197979973615695,0.9087372744013688,1.4738238847435183
2614,1113,2327,1112,47.13879814680581,8.0,12.821387441210561,10.989851247247929,0.8686616416170656,1.6026734301513201
2615,3277,2832,3049,51.370159794618495,9.766783519444408,13.349479198373473,11.2496281520694,0.9204751330999541,1.3668245202523819
2616,1118,1114,1115,43.23490426801542,7.401566809658891,12.69744575587353,10.67706286463767,0.8358053000023102,1.7155078218443731
2617,1114,1119,2329,67.05278716934751,11.392750931101833,14.573965732918632,12.68873661124521,0.950802303853859,1.2792314886066882
2618,2093,959,960,31.409185132230732,8.0,9.967260074001418,8.679021800737745,0.9524711905767322,1.2459075092501772
2619,2059,2505,3064,61.91983474866791,9.806992016524257,14.664689580318948,12.438775959288796,0.9008390393239731,1.4953300212348222
2620,1117,1115,1116,35.89751660392767,7.503715363536497,10.369668622159057,9.354438824032577,0.929147195972113,1.3819378960653752
2621,1238,1239,1979,21.757465209667508,5.4394566154443265,9.699959062968091,7.713138559470828,0.8031896599497045,1.7832588342421667
2622,2733,2325,866,30.74616266069314,7.379982015335946,10.100185721781774,8.659497048677453,0.9314221009935768,1.3685921863756738
2623,2328,869,870,35.929344303172265,8.000000000000064,10.025075025056744,9.227590352302828,0.9656774952282775,1.253134378132083
2624,1678,1679,1962,23.135004812520663,6.602350991843125,8.0,7.376179745545081,0.9759457855468102,1.2116895950978068
2625,975,976,2139,28.686332070958105,7.9353281953621115,8.521832075574826,8.152386756978975,0.995759744986824,1.0739104755056639
2626,2155,2156,746,78.21204804996677,12.472345810612454,14.171720786832664,13.497657565704502,0.9884705584029203,1.1362514319298498
2627,868,869,2328,35.45512588924436,7.935295517273477,9.904803911168706,9.165931820097953,0.9657755201628788,1.2481959732448553
2628,2072,1548,1549,39.81543589462683,8.0,12.445646219697457,10.137851961516605,0.8667605427899779,1.555705777462182
2629,2733,867,3124,24.730102985162574,7.155389883501584,8.204986183981617,7.598002037533686,0.9859300535697973,1.1466861090127487
2630,973,974,1933,24.881520616494186,7.357601941622282,7.999999999999944,7.597145254078353,0.9941638851169202,1.0873107927657226
2631,1275,1988,1280,26.81857828792694,7.081674693466064,10.234394371494357,8.297583805436437,0.8752019941387293,1.4451940839554749
2632,3126,2737,871,27.561396885839667,7.217832991778015,8.798260725331263,8.055762990901469,0.9744956948966438,1.2189615270058958
2633,606,607,2013,28.828446919108732,7.5251524845094995,11.348343454813863,8.860659415922187,0.8157761250365295,1.508054950138803
2634,1525,2499,1524,37.91222296250597,8.0,10.595859111449473,9.539960748516643,0.9490893657672704,1.324482388931184
2635,3330,3467,3387,57.74474128466122,10.366640938021632,16.0178897140808,12.527820637432056,0.8173711715476989,1.5451378908410085
2636,741,2490,742,42.45746013081907,8.0,11.432261399033496,10.230261000425536,0.9150819109817449,1.429032674879187
2637,933,2324,1989,35.57434676226505,7.372867997907076,11.309981427336574,9.481635091293937,0.8879345691927167,1.5340002602172071
2638,2326,2330,931,60.47253032403885,10.921477213831706,12.613076385099486,11.879218798685143,0.986142332832486,1.1548873964710034
2639,2054,2039,2497,76.54606330893999,13.034746693355832,13.509305451190663,13.30007466469506,0.9991209411606621,1.0364072098214787
2640,2034,1995,14,19.26241930755131,5.460972464379448,8.086973078869867,6.920578293597548,0.9062464727845372,1.4808668477307223
2641,933,1989,932,19.8271467544037,5.7657748776121505,7.547579471669488,6.895407449062906,0.9501775534157053,1.3090312459086606
2642,1639,1640,2112,33.40736251379548,7.999999999999964,10.42596456976015,8.987023860449712,0.9425947401788213,1.3032455712200248
2643,693,694,2201,36.16729148261389,7.824363448479887,12.494815852678848,9.86074064816262,0.8265823549979816,1.5969114848705468
2644,2167,626,620,41.282708927968976,8.494885260388017,11.615455346556454,10.02047945614317,0.9343651773358257,1.367346937659038
2645,707,1853,706,31.379765847876786,7.424883350079888,10.714815321205842,8.877976044468696,0.8980424905018745,1.443095442178301
2646,2235,1762,1763,29.545839400897616,7.64028639442118,9.545997382188594,8.395427925536609,0.958780044537918,1.2494292608139579
2647,2272,2685,2686,21.41674924825773,6.53875855194086,9.371105275846896,7.487528408088697,0.8551588989378656,1.4331627634522959
2648,1853,707,2413,42.46073505666986,8.525164024814382,10.962879465323207,10.067619603781145,0.9561419858943164,1.2859435235982923
2649,3054,208,2627,45.80255381583406,9.953171511676906,10.617738651802037,10.295497370642305,0.9972225326477742,1.0667693849488549
2650,765,3086,764,37.112499626806155,7.999999999999944,11.047129558140568,9.513050202351502,0.9311408524571186,1.3808911947675806
2651,833,836,837,30.023359247027592,7.726957014342804,10.576372726838434,8.69800938436126,0.8955803018350623,1.3687629822718743
2652,836,833,2331,38.0195019525204,8.014144077096194,10.576372726838434,9.54991772849368,0.9499861307495915,1.3197133249781337
2653,1280,1279,2252,25.158520112772067,6.289669938031952,10.194039785219651,8.1612365744172,0.8401035695969751,1.6207590995481367
2654,1593,2111,1592,32.00919569270592,7.999999999999964,10.298817956043944,8.814547701206223,0.9380821575315598,1.2873522445054988
2655,2557,1640,1641,38.6014408332358,7.517169157493151,11.830373010230602,9.916226767542549,0.8778575450150177,1.5737803370352559
2656,743,742,2012,25.732007312452378,6.5644023860662815,9.283411124326689,7.949271170130985,0.922407595549495,1.4142050682377156
2657,714,706,1853,16.282516865952587,4.143623681009428,8.494229462120357,6.850225556203952,0.7424825435844165,2.049951954143451
2658,2735,863,864,30.390594894862286,7.45650698345373,9.181369102628105,8.468810919976383,0.9712507124249058,1.2313230743298316
2659,926,2485,2033,55.81417183633989,10.844008785824457,11.813281899330798,11.3742221237707,0.9950873265490734,1.089383283677656
2660,17,1995,2034,15.546923520139543,5.460972464379448,6.336940481278205,6.030226388100158,0.9829738009118963,1.160405133446923
2661,3125,3265,2734,45.60090183495505,10.129429172820872,10.492031427725058,10.265946246129724,0.999005790653773,1.0357969090575325
2662,1562,2521,1561,32.479902155307514,8.0,10.77326188264455,8.981722532275207,0.9116206147371771,1.3466577353305687
2663,873,874,1990,39.210044157996826,7.999999999999984,11.962865207083347,9.943922958392191,0.8921193233590663,1.4953581508854212
2664,2492,1085,1086,41.46906077125955,8.000000000000025,13.173411362749496,10.513820767542507,0.8326861765670787,1.646676420343682
2665,916,917,2749,32.93658053854599,7.999999999999984,9.636616588530094,8.799360551206583,0.9767308120652574,1.2045770735662642
2666,2033,923,924,31.9184339852682,7.432493651392163,9.951371975122441,8.767839147237416,0.945710768440989,1.3389008375753504
2667,922,923,1990,25.642982873182188,5.6672518025637055,9.831782257579853,8.243523648813515,0.8301744887419046,1.7348412599440581
2668,874,2332,1990,38.37838544378811,8.999485289811219,9.868903668093244,9.43449977884091,0.9943380419037242,1.0966075670201205
2669,872,873,2464,44.05821704603868,7.999999999999984,11.747453594417653,10.47909829392333,0.9013427583690964,1.4684316993022095
2670,2735,2734,2918,52.266150480923436,10.330893461494632,11.62302118719043,11.024537760825778,0.9908086319205391,1.1250741507026303
2671,924,1991,2033,23.701759759066746,6.569692987614558,8.919651815197637,7.608549027420462,0.9301483492248237,1.3576969018207263
2672,3055,192,2446,33.18344334230316,8.032868478847366,9.316493213928853,8.804381189219189,0.984689981765445,1.1597965581612104
2673,2249,2844,3158,39.51510951460921,8.759422387442934,10.954854616775462,9.696310015123439,0.961872975464671,1.2506366438590506
2674,1767,2235,1766,29.114390707290852,7.29465240161722,10.462919780158671,8.585857393925297,0.8898283191948726,1.4343273954820726
2675,777,2200,776,38.6512629144054,8.000000000000025,10.756143403175287,9.652968169802701,0.9435952759063568,1.3445179253969066
2676,925,1991,924,19.430386024248374,6.259161205459203,7.446389527157244,6.7584145734103345,0.9770005440704922,1.189678502075094
2677,774,776,2200,46.14278567589296,9.519408975393976,11.583098284408056,10.43508945534494,0.9720355493504927,1.2167875457760413
2678,1702,2290,1701,25.980663252939998,7.695220072298173,7.7734627132396765,7.74620293594356,0.9999135080778435,1.0101676937379827
2679,2110,3082,2554,31.673332380861666,7.428230024085566,10.220277216540959,8.78775192876571,0.9314871391788607,1.375869781011406
2680,1301,1300,2311,40.87449617820221,8.0,12.092687055405946,10.141922771041836,0.8933178881793308,1.5115858819257433
2681,1792,2054,2497,69.55033456562705,11.936495432658885,13.15186189350959,12.707701339841435,0.9927946432694026,1.1018193713311695
2682,2328,870,2737,38.816460851318105,9.109971157068703,10.025075025056744,9.492589132225623,0.993161189915835,1.1004507975064206
2683,1113,2329,2327,67.79431347290847,12.148166300533227,13.034723970006734,12.529503812405503,0.9964177026549216,1.0729787234995782
2684,3015,856,2323,58.09793414901036,9.657152156885177,14.665385915175749,12.140582463793764,0.8851818062257493,1.5186035879863293
2685,2332,874,875,32.70852326238582,7.424222175199209,9.697689775654382,8.85234077649062,0.9514064884934414,1.3062230017913183
2686,2549,1610,2867,28.742922285826385,7.50354826480958,9.855550354071863,8.376793647601191,0.9312946128999158,1.3134519838158154
2687,876,877,2334,37.11845671626473,7.999999999999903,10.780175445030414,9.464729726627619,0.9432322876496038,1.347521930628818
2688,994,2542,2864,23.292994395245223,7.045802379253969,7.937834668411514,7.369367810000536,0.987565231603695,1.1266047841171494
2689,2426,2533,3077,81.60709470859392,13.272004410009046,14.22465298038569,13.744758186658187,0.9967940532262852,1.071778801524373
2690,2502,2994,1520,50.82659248456658,10.056368744752188,14.565366896424134,11.579743871064991,0.8472077098413424,1.4483723962513726
2691,2336,2334,877,40.44945922989271,9.096970622127351,10.780175445030414,9.754559172785273,0.9762014149628897,1.1850291589168
2692,2592,608,2165,64.13814835683567,10.659033310163387,13.217244024387792,12.327941087784396,0.9657562747187034,1.2400040078479866
2693,3014,1079,1080,29.017003474130185,7.910129040794388,8.724134929810555,8.211421323535,0.9918839102946904,1.102906777477099
2694,878,2336,877,32.98159805074652,7.999999999999984,9.234050109494973,8.77700691054077,0.9848318981072405,1.1542562636868738
2695,921,2332,2334,50.66715361238622,9.382020306918696,12.39433031106259,11.02362706613532,0.9507708250522372,1.321072637406518
2696,2744,920,2337,44.79206470141861,9.363333289631543,10.842725711231562,10.226611384007878,0.9853680119230641,1.157998479370399
2697,2496,2054,2053,54.22434057426202,9.942000178489627,13.095874416290497,11.42469031839356,0.9472509117676445,1.3172273366705975
2698,1542,2854,2508,45.468348392043076,8.758517467891366,13.389062818438363,10.844902767138151,0.8657296306666262,1.5286905423803205
2699,479,480,1998,34.647491108565006,6.096749914361207,11.913892202156052,9.8845417481167,0.7628457572024756,1.9541382489861143
2700,1809,2458,1977,37.23726998681665,9.182272712765654,9.325338289878916,9.274071828357462,0.9998041030308884,1.0155806281939725
2701,2465,913,914,38.39243259303957,7.999999999999903,10.7575821100887,9.618941979831442,0.9441654600683218,1.3446977637611037
2702,2338,2745,881,51.11307695666683,9.89214264356397,11.619170997175981,10.938364438505815,0.9819394407307476,1.174585872428321
2703,2335,2743,884,79.82463173422187,12.937662708037866,14.541585883545489,13.629119121897695,0.9900165342894317,1.1239731790589302
2704,879,880,2745,20.719724242381343,6.317367380210778,7.52318707185122,6.969703167559602,0.980054307226114,1.1908737641913443
2705,882,1992,3353,47.298766960244926,9.553200986810738,11.376621870222392,10.530492805003938,0.9800617235160285,1.1908701477053703
2706,2600,282,283,30.32315145084691,7.40714883151397,9.31271439895147,8.476445322855428,0.9661414107571823,1.257260331982288
2707,2496,1795,1832,28.23448346573872,7.7053813079875715,8.962637348618111,8.142034991083113,0.9786110356185678,1.1631659732824955
2708,2135,2569,3088,43.504854861974145,8.3688605422425,12.07452573138294,10.35881621520422,0.9164364911562188,1.4427920826778982
2709,2208,183,184,26.769677808359162,7.230420716006216,9.63399233459205,8.115225554460105,0.9224302878401636,1.332424863364447
2710,2653,1365,3098,22.00851896552197,6.569964080932033,8.018444881157494,7.209695236755107,0.9710151322219279,1.2204701247042398
2711,1723,2633,1722,37.900153240271116,8.0,10.685825399799183,9.547505025532631,0.9468396257378249,1.335728174974898
2712,1136,2339,1135,37.395112491027504,7.391038258977423,10.803108522758281,9.645713865939946,0.9035189789472721,1.4616496551937659
2713,3470,3430,3381,65.77528297195488,12.086248786039004,12.547579487416593,12.329170259064979,0.9990614480843114,1.0381698829425454
2714,1137,1138,2339,70.49244899295346,12.169516666093656,13.098330906665787,12.780395341528582,0.9955367247388889,1.0763230180833694
2715,1136,1137,2339,42.9194085768857,8.000000000000023,13.0733384518263,10.60544442263682,0.8487979321227133,1.634167306478283
2716,1365,2653,1364,26.391872342631892,7.4424750164593,8.018444881157494,7.820306632538894,0.9954398377942648,1.0773895597129204
2717,3108,3259,2675,43.93964462703461,9.079086484634884,11.630925129761202,10.246763228382923,0.9563579039434812,1.2810677758654416
2718,889,887,888,24.430808832868227,6.5319322072995565,10.059984415213313,8.024957098565231,0.8468837742862501,1.5401238249183131
2719,1019,1020,2119,29.335466287416004,7.758944399293432,9.147387697288428,8.302110698860629,0.9777085889289867,1.17894744781538
2720,2340,886,890,28.806644850058607,7.347539492999287,10.907419953643439,8.699878018194736,0.8510907748628652,1.4844996701325655
2721,2340,885,886,24.62409950310623,7.383276613272406,7.844674607941478,7.5499316501841145,0.9968756219034633,1.0624923077972792
2722,890,886,889,40.86975110661858,7.92489141954049,11.204568093682154,10.012293155622027,0.921370977782199,1.413844998059523
2723,3368,3051,1932,47.635606068810404,8.762753651350994,11.903827700928442,10.740830449823562,0.9375135354359089,1.3584574181305638
2724,2340,890,2747,22.063898248172357,6.882769820651467,7.347539492999287,7.146077214958486,0.9970659355772943,1.0675265459195362
2725,592,593,2192,37.542139243461065,8.0,12.056527395314644,9.817336091750457,0.8738879691831152,1.5070659244143305
2726,2747,891,2920,19.275961482318223,6.027815399695218,7.147675992031203,6.723977387457334,0.9792758506926158,1.1857821645288953
2727,2599,274,275,31.60937946187188,7.999999999999984,9.694096879220776,8.649500175764093,0.9685353714505819,1.2117621099025995
2728,2341,892,893,40.67075236302277,7.703434997102027,12.169360026083911,10.18688021023973,0.8759862541792232,1.5797316431776123
2729,2203,2205,213,43.24410199658468,8.708062316709164,11.095066019209204,10.141319163604996,0.9610919284597655,1.274114219178223
2730,2335,884,2741,60.97789092123941,10.259394006141074,14.541585883545489,12.278847277525701,0.9152877873117357,1.4173922821212617
2731,894,895,2342,41.448595141059286,8.0,11.795272373485334,10.141286929058571,0.908473655133105,1.4744090466856667
2732,3059,2041,2491,48.05229609342544,9.410073736359399,11.426932806557058,10.637432852483142,0.9740472355046277,1.214329783878819
2733,2748,2341,893,38.22752233519934,8.74596691451392,10.687845607533253,9.517705417500553,0.9670092144594497,1.2220313330704222
2734,2562,816,1929,29.47509964453446,7.8318240926165705,9.083415985692353,8.30931380593623,0.9815437166963444,1.1598084786219494
2735,2746,3353,3131,54.81840169999196,10.321765899002676,13.41961153516169,11.524290473678674,0.9402072205771635,1.300127484625314
2736,3459,2519,3322,65.88670477213302,11.42903632144483,12.978676024473996,12.389703685029957,0.9882107446452812,1.1355879585509328
2737,577,2607,576,31.23878640763574,7.415939778632513,10.174105471393334,8.728996075967153,0.9312123447623241,1.3719239604274973
2738,2565,765,766,34.40885813599973,7.418345793929599,10.146501830298057,9.13790653379143,0.9349288789479753,1.3677580032196526
2739,1637,1638,2111,26.92883132862567,7.220111862440767,9.02906100627254,8.00248917620872,0.9624613775730442,1.2505430910623394
2740,1883,3205,3461,48.01523926330265,9.841519782525847,11.149503347942463,10.571451597464424,0.989595798969897,1.132904632040573
2741,2577,2147,3256,46.48586645292469,9.368807214309793,12.915784690947564,10.756375816720228,0.9090572695323911,1.3785943498997573
2742,2354,2759,671,52.577258138474406,10.236762940008868,12.786443576004652,11.20832443749486,0.9568774251139844,1.2490709857147064
2743,2644,1737,2889,56.54971440528246,10.925527488629866,12.45431240160221,11.492661445699694,0.985268438419524,1.1399277897166378
2744,2229,1491,2233,45.311226524628225,9.29466072881355,12.683971824612357,10.599972961887518,0.913286572722494,1.3646514052193326
2745,1885,2216,407,51.83888306499209,9.887594242926639,11.882852343826098,11.034143099451518,0.977597575009373,1.201794091856755
2746,675,676,2346,38.873380564129846,7.391853655277456,11.179086163633372,9.89641832940009,0.888184222489611,1.5123522035169081
2747,674,675,2347,37.18830615276206,7.607089646365135,11.073753870198235,9.583409006741888,0.9140078636895699,1.455714916609345
2748,2345,3042,677,51.13645303150551,9.72332942051787,12.867298715954922,11.119986031425432,0.9420210611182618,1.3233428756206433
2749,1409,2250,1408,29.11974469055282,7.4404547353036,9.00152513165638,8.274310803090634,0.9763794198447571,1.2098084662683029
2750,682,2348,681,30.25250505675291,7.397912951115354,9.310309787856005,8.467453210322867,0.9658823432653291,1.2585049120444605
2751,1345,2233,1344,34.38825623414732,8.0,11.726931140155353,9.44134320325413,0.8650036271560462,1.465866392519419
2752,678,2923,2750,60.67435989046941,10.279030988322475,13.51713414463992,12.055498463263538,0.9523508461811895,1.3150202737978027
2753,406,2215,405,28.861642749922016,8.000000000000064,8.28722639024239,8.166832361335679,0.9991175487820964,1.0359032987802905
2754,1822,1905,683,31.08448813765676,7.346965795435267,12.588293505964632,9.541364324761377,0.7479353198739095,1.7134003146966938
2755,2248,3027,3026,66.0366317450651,11.143590402796743,13.650131563400768,12.475421915132443,0.9732567387762212,1.224931199909766
2756,678,2750,2345,75.15342246668197,12.470670666712094,13.624032937271489,13.203945916207834,0.9939550198036176,1.0924859858289786
2757,2348,683,1905,68.70628634869456,12.120774393797028,13.142961350036323,12.617343083265993,0.9955980881696012,1.0843334693831455
2758,842,2091,841,39.92115799650014,8.0,12.347671167142744,10.118197686414959,0.8735908569024378,1.543458895892843
2759,2570,1075,1076,36.157254175879416,8.0,10.717642862999227,9.343586673434423,0.9431585100109164,1.3397053578749034
2760,2040,2092,1916,71.63514472584427,11.491079159090182,14.1370847807889,12.999325592667793,0.9718965842769722,1.23026606857943
2761,1561,2521,2859,35.59606520767451,8.171905714181069,9.733436436097305,9.140753747286887,0.978282483833146,1.1910852592445411
2762,1655,2546,1656,33.68482132284721,7.391853655277474,9.881226671861308,9.020992055309513,0.9405735061288556,1.3367724974920905
2763,356,2584,355,28.38723260316651,7.508687440870598,9.007624822617451,8.17210408782935,0.975956575519102,1.1996270844339552
2764,882,883,1992,28.366608226997986,5.9015517008438,11.376621870222392,8.964390643800556,0.7655883933296788,1.927734000635082
2765,2437,1080,1081,36.98275902175876,7.508725243615301,11.00013581739633,9.56671189394097,0.9110318056844054,1.464980467456815
2766,2830,914,915,35.583955876462056,7.999999999999984,10.781202731427648,9.293264110694032,0.9373208475360317,1.3476503414284586
2767,2742,3057,2743,65.13436923053177,11.043557126317333,15.397343998757995,12.764157833424472,0.9034351194488036,1.3942377281741383
2768,362,2169,2583,59.21362259360842,11.10344486501406,12.861651618513632,11.7756665320279,0.9819114990785407,1.1583478618459682
2769,2341,2922,2742,66.49188055968506,11.232023370288191,13.974191420078716,12.547856474552207,0.9675401826629746,1.2441383853459849
2770,2465,914,2830,43.20404582983036,9.259106314360535,10.781202731427648,10.046517625064636,0.9847555715326869,1.164389128430937
2771,281,2172,280,37.889774300701546,8.0,13.585556306066728,10.405410170097667,0.7691028664311179,1.698194538258341
2772,1854,632,633,19.736786812017836,6.059855014240815,7.999999999999984,6.908619756075595,0.9420147912344297,1.320163598171867
2773,602,2051,2006,48.569375863753805,9.877951695120469,11.529058858945474,10.657135085392651,0.9836274081128689,1.167150763112217
2774,903,904,1996,19.0885031569155,5.825482880181961,7.59358724148516,6.755949183964385,0.9548351290860148,1.3035120688995951
2775,1448,1927,2017,21.389308492267688,6.213356643442479,7.93148293771342,7.132033880646535,0.9616759353598541,1.2765214348486233
2776,3134,2755,2756,36.58751717561409,8.484666448628785,10.119361437644459,9.266620988975019,0.9788817324556104,1.1926646143266904
2777,1854,633,1896,24.90983355080995,6.059855014240815,8.789111585692854,7.86137458921305,0.907013190483717,1.450383146962793
2778,2991,1506,3219,28.139430890738023,7.472333683144604,9.288937564196035,8.187706365721189,0.9604251110192678,1.2431106476346414
2779,2753,637,638,33.63070410685103,8.0,9.569314334738774,8.883272210036367,0.9788808007751828,1.1961642918423467
2780,2530,540,541,44.777294073856794,7.999999999999954,11.915828527187426,10.591845835069792,0.8949529537359466,1.4894785658984369
2781,664,2350,663,39.12681344882837,7.841065365586879,11.315394806749074,9.815606494197217,0.9176287748408947,1.443094054082299
2782,2349,636,637,44.57787847184818,8.0,11.879759632830147,10.560710174025095,0.8966971551901316,1.4849699541037684
2783,2572,1077,2137,57.297720256414635,10.935663963272404,12.053787843490417,11.530391275159722,0.9937112366229911,1.1022456326358645
2784,639,640,3133,30.070058956925152,8.000000000000064,8.907959023187937,8.362154995121136,0.9909236257991203,1.1134948778984832
2785,636,2349,2756,39.31782012203625,8.744382097923282,11.80237088924514,9.86885274539536,0.9145904563835111,1.349708962517558
2786,1579,2117,2116,69.04093060525435,12.502012421899607,12.75606133163973,12.62836025914907,0.9997301266978634,1.0203206412829273
2787,1822,684,632,5.452771281119025,2.3445915065962666,4.925722672048205,3.9925416636554787,0.727636859272972,2.10088736489499
2788,3309,2430,3228,26.70509953395728,6.689676246505902,9.559239834033855,8.12014255100509,0.9162615224078142,1.428954030327964
2789,683,684,1822,17.740864453758604,4.925722672048205,8.0,6.757562822494491,0.8641152455923374,1.6241271652172522
2790,3057,913,2465,37.26986875277335,8.537894577060817,10.7575821100887,9.437287530247099,0.9566413712569439,1.2599806677153906
2791,2350,664,665,37.41040382594043,7.449067016542645,11.316199907889963,9.685208744896103,0.8954879687322409,1.5191432541497232
2792,2259,1387,1388,38.70188133518654,7.911974201536231,10.581619652337972,9.672608238124669,0.9397365171089672,1.3374183715466854
2793,100,2604,3093,40.07429442662229,7.644257721105783,11.283907955100725,9.991120336343714,0.9021478618277027,1.4761286663511977
2794,2333,1139,2739,31.754596576536493,7.550128899566665,10.262361057122186,8.796199836181035,0.9327263032782097,1.3592299143013558
2795,1244,2915,2723,37.61711307167203,8.33719140483781,10.908408718512494,9.511942644905535,0.9483590651742261,1.3084032966045
2796,397,2218,396,29.164104092537713,7.694304887728931,8.749260083980808,8.24059473316769,0.989103463483557,1.1371085772717877
2797,2646,1355,1356,23.050594717648305,6.131816000483173,8.466399370885354,7.480959124586633,0.9349095795701233,1.3807327829501441
2798,3172,2644,2889,69.22330889279223,10.925527488629866,13.942790208433337,12.843840562705699,0.9583205711708078,1.2761663199276665
2799,2216,392,393,28.717313305947734,7.281926370931502,9.876098369994883,8.386008246975443,0.9272738923979155,1.3562480402739276
2800,1699,1700,2291,25.756091676891707,7.5551170115325315,7.98750464399524,7.719656639288639,0.9975104823059622,1.0572310967259262
2801,2670,1279,2322,47.945845109572495,9.908067391758543,11.97898769171207,10.658612705149539,0.967183152017878,1.209013546039877
2802,1374,2292,1372,36.57030639152184,8.5719760709898,10.120873568728996,9.26031450726703,0.980124930328463,1.1806931663028248
2803,2687,1150,1151,30.653877484937084,8.0,9.418997275259366,8.495783799627189,0.9750268174907347,1.1773746594074208
2804,709,710,708,44.74027914905706,7.859273561601984,13.137138875262295,10.818769225027545,0.8476488262352636,1.6715462023673984
2805,412,2351,411,29.545159479669636,7.640261431933666,9.545520531903028,8.39526065461224,0.9588005776371433,1.2493709301629436
2806,1111,2253,1110,41.11571790745779,8.0,13.459088441970632,10.58701767092502,0.8109202003148552,1.682386055246329
2807,412,413,2351,39.107931480550626,8.951096427215335,10.122076278792095,9.53956441263682,0.9899603015846085,1.1308197114284746
2808,870,871,2737,32.48798850600512,7.999999999999944,9.342721214551425,8.713660646627543,0.9842041520921485,1.1678401518189363
2809,416,2351,415,29.11641339334392,7.295139375541196,10.463462127953376,8.586200501164857,0.8898176995245134,1.4343059932528204
2810,2643,1644,1643,38.83853682997827,7.260575862191769,12.200970374137968,10.08352310009814,0.846213681943277,1.680441139341643
2811,383,380,1993,42.18771113968347,7.99129949380911,12.99102164457807,10.516394023328983,0.8489598324632519,1.6256456981298555
2812,641,642,2371,40.13406530976454,8.0,11.372850607815419,9.916427076311566,0.923740318821017,1.4216063259769274
2813,1879,1047,3050,45.59447739008282,9.61943311638876,10.841018311020763,10.298205826335176,0.9904519531502969,1.1269913912651226
2814,645,2372,644,29.516258227177367,7.999999999999886,8.831714544240473,8.284647925772722,0.9909829906469805,1.1039643180300749
2815,2312,1201,2725,39.86243744703125,9.34446566304878,10.007546313299782,9.607929915370063,0.9963579218023393,1.07095971820765
2816,2351,416,411,38.47409876558102,7.640261431933666,11.157996602581678,9.753906720822906,0.9117448431040263,1.4604207855957765
2817,464,465,2373,43.34681893931884,7.999999999999984,12.776147963472948,10.560914423267135,0.8675033034960794,1.5970184954341216
2818,1699,2289,1697,39.65155642423736,8.101013818162086,11.327191080912021,9.835981550726778,0.9295550534321647,1.39824364396429
2819,2967,3178,1299,38.54332786995672,8.140442249020374,11.063793311295594,9.659307054470235,0.9396084124261022,1.3591145263179059
2820,2394,54,55,20.76758768906373,5.848302915104849,10.649273589018135,7.966642738321806,0.7108640282129498,1.8209168956542008
2821,1825,2415,1898,46.33350439223605,9.712790525690231,11.797628640212526,10.481997967637598,0.9661987721667323,1.2146487262345378
2822,378,379,385,31.732147897696027,7.424883350079905,11.017244966608814,9.000918548100074,0.8801160972404051,1.483827347468058
2823,2330,2326,2918,63.533473450495386,11.19369238333964,12.700368376048141,12.169045714829089,0.9876258987974128,1.1346004464935087
2824,2113,1594,2435,45.31660739369017,9.509897673252913,12.343800769697143,10.509491332993457,0.9332770606069007,1.2979951198018387
2825,1129,2826,2456,27.467719713048357,7.497981267356009,8.602705394237278,8.004610074835336,0.9868175394897563,1.1473362079058413
2826,381,382,1993,21.305982744728492,5.670710946332038,8.115343915709616,7.246498062403991,0.9152939986315832,1.431098144926401
2827,380,384,379,40.47594877843286,7.455991615165567,12.58302016515702,10.317156107090733,0.842103957542456,1.6876387226030434
2828,635,2755,634,41.2087677268878,8.0,11.539431950525552,10.071922458239792,0.9175943510911034,1.442428993815694
2829,2899,1684,2700,71.27800023391765,12.535057902664757,13.194134828806071,12.83871459384128,0.9981999555013481,1.0525786902030347
2830,2524,2075,2952,58.23545385626397,10.960211110060703,12.485021005595279,11.649795004801158,0.9880482888962058,1.139122310713058
2831,334,335,336,40.833333333333485,8.0,12.906040654633252,10.371632649284214,0.8450206413410312,1.6132550818291564
2832,2554,3252,1599,19.930331292892316,6.44886757174721,7.226962534223086,6.807484757273641,0.991011281842707,1.120656061520746
2833,2813,1632,1633,25.766626312735013,7.357730229556729,8.0,7.72796652716735,0.9951573619990223,1.0872918346290015
2834,334,336,337,40.833333333333485,8.0,13.03363529824243,10.414164197153939,0.8367483896498831,1.6292044122803038
2835,2509,2855,3163,47.004153264430926,9.992377037286087,10.846422095305886,10.436287818458576,0.9955355369707295,1.085469659004356
2836,3061,1525,1526,27.081123835275278,7.694720199176564,8.043649312503439,7.912789837226678,0.9984807350842994,1.0453465628762193
2837,663,2754,662,38.980410015830856,7.662091992297636,11.264933067847876,9.82917800395513,0.9089070377912696,1.4702163689984429
2838,340,327,1842,9.181461722916007,3.413720463568011,5.939520814207469,4.935461782899133,0.8296927979735185,1.7398966545724421
2839,467,2777,466,42.529947209640795,8.0,12.666211323655405,10.45238468975275,0.8698870576946964,1.5832764154569257
2840,339,2004,338,23.77033094873468,6.4973628699636805,8.011416441579698,7.502926437181126,0.9664736872188864,1.2330258601709405
2841,2135,3231,3368,57.53879344235841,10.6480951650019,13.279354576331688,11.708457951047562,0.9603093811831153,1.247110809074866
2842,2004,2352,338,34.07407045550654,8.011416441579698,9.508506283453713,8.94042131776231,0.9791076246594774,1.1868695570615997
2843,875,876,2334,34.62960289123882,7.456912352541175,10.536044975227808,9.202323687540508,0.9261816931413621,1.4129232686551993
2844,327,328,1842,15.515816404796684,5.663595540456183,6.4329803870417575,6.012032247235137,0.9885896793235011,1.1358474207929763
2845,2457,1155,1156,19.32633551228634,5.286375166806959,9.778490532296962,7.491829383248089,0.7501978164874952,1.8497534177475528
2846,3135,302,303,23.70557033980676,6.797259389795502,8.000000000000064,7.4477652362196025,0.9825996387246201,1.1769449334256974
2847,3084,2436,1930,77.53468919575555,12.004534943987583,14.755892854134903,13.522075142610618,0.972360706647303,1.2291932109810988
2848,2353,2758,304,42.504043950193704,8.839210865529221,10.936587462982132,10.01859690724464,0.9705285830676843,1.2372809778339118
2849,2841,2479,2023,34.54275672513427,8.779441241063648,9.090849539374263,8.934293745352996,0.9991897428241195,1.035470172845862
2850,64,65,2805,43.62371923493829,7.399047994477683,12.946642609024154,10.77164448098294,0.8266246032764223,1.7497714055493283
2851,2148,2578,2579,62.63036600991834,11.504246333717939,13.261098774129282,12.11419251019177,0.9811846682723477,1.1527133885565508
2852,3159,2502,2848,60.69341667399462,10.562426741508718,14.202602628584375,12.156435916949377,0.9338782087213933,1.3446344269324324
2853,306,307,2353,31.206962185375065,7.488120266219329,10.108723828266394,8.705824006961988,0.9365363930302498,1.3499681453928063
2854,2353,305,306,31.591028224154268,7.936717720700534,9.347359412165844,8.601568353088874,0.9816265357117039,1.1777361550589203
2855,3113,3111,3112,49.1694530395489,9.697250206832694,12.723334642777896,10.919795008683275,0.9389358361965497,1.312055930434075
2856,660,2384,2774,27.67874545776552,7.497040724504553,9.561212220989667,8.192674238903292,0.9392398353547605,1.275331503767645
2857,2921,2335,2741,38.4626482496124,8.321600702792026,10.259394006141074,9.534349941028479,0.9691984793764779,1.2328630479348628
2858,2101,1616,3006,30.234818759124547,7.970897775084806,8.886674018061441,8.382543141508409,0.9916666857664094,1.1148899746072696
2859,2629,204,2882,45.664743976838544,9.07857875115938,11.213754884667201,10.388250661360356,0.9693492411337306,1.23518836946093
2860,6,2,3,20.416666666667112,5.104175160737087,9.481751664297676,7.528642275011606,0.7860290518288803,1.857646214266759
2861,2,6,7,20.416666666666206,5.10417516073686,9.481751664297676,7.5286422750115305,0.7860290518288556,1.8576462142668415
2862,1,2,7,20.41666666666606,5.10417516073686,9.481751664297505,7.528642275011454,0.7860290518288681,1.8576462142668082
2863,289,2983,2598,34.362270113893864,8.366924990859388,9.724285736726308,8.964177377043166,0.9836316672484897,1.162229343199538
2864,60,2801,2402,46.1536291414952,8.47400615918119,12.32389833419352,10.674329290261788,0.9144154923457677,1.4543178400739245
2865,3,5,6,18.797520506807402,5.104175160737087,8.183277871043618,6.937314398503184,0.8703288391998637,1.603251771998726
2866,8,9,0,20.41666666666637,5.104175160736974,9.481751664297565,7.528642275011495,0.7860290518288738,1.8576462142667787
2867,2770,2771,2367,49.262023160635906,9.156805652050116,12.218704764254456,10.883184280919027,0.9473957733978463,1.3343850714488859
2868,615,2949,2154,39.71224457486421,9.230496564585527,9.7952348931081,9.586398593748108,0.9972651320826926,1.0611817928289247
2869,0,1,8,20.416666666666515,5.104175160736974,9.481751664297565,7.528642275011514,0.7860290518288755,1.8576462142667787
2870,10,0,9,15.044778247154785,5.104175160736974,7.790698411902547,6.263323451732724,0.8578888403244828,1.5263383733048996
2871,3423,2355,3136,101.74425910468554,14.470002663195936,15.935464788776772,15.3676458754649,0.9932006869999168,1.1012758711723114
2872,891,892,2920,24.016959192815193,6.027815399695218,10.433415604370165,8.153743668021795,0.7954194838397932,1.7308784215418584
2873,8,1,7,20.416666666666515,5.104175160736974,9.481751664297505,7.528642275011492,0.7860290518288805,1.857646214266767
2874,1992,2465,2830,51.90178776297129,9.259106314360535,12.641413741953246,11.206977279301176,0.9391014906530117,1.3652952361446455
2875,2723,3180,2310,78.42458774123837,12.978827029809402,13.954371885787278,13.475515290297096,0.9965091358437683,1.0751643313942987
2876,798,3094,797,35.50497675961492,8.000000000000114,10.047838561137416,9.171553557686813,0.9662420717359071,1.2559798201421593
2877,1890,301,2421,46.89055653193131,9.440744265248005,11.50245561102311,10.507782032022911,0.9744841062322106,1.2183844078230568
2878,2608,2185,811,36.09032555216992,7.992997589623137,10.82532480127684,9.35756083441173,0.9374707163579121,1.3543510654038926
2879,2662,1398,2663,38.667080435666676,8.60459323352148,10.095167510405423,9.513382674269655,0.9820691452687492,1.173230068689013
2880,2579,2578,2581,64.96059892278262,10.32018648250873,14.011859284431663,12.531048180356558,0.9401812267634677,1.3577137688528984
2881,2968,3215,2718,89.40475303499444,12.657345504331316,15.84178172235679,14.551599937551357,0.9665287369947344,1.2515879982051346
2882,747,1892,2580,32.58179863895473,7.191938399392982,10.29359667458767,8.945087795381205,0.9209863544973502,1.4312687488336213
2883,337,338,2352,35.426325679245565,8.0,9.952348827273592,9.153618370242436,0.9683574323184653,1.244043603409199
2884,2517,2858,2070,48.41885660276281,9.329161799912711,12.211750512031921,10.772516238641588,0.9521983678698683,1.3089868922785948
2885,330,331,332,37.046678336051514,7.665915577925662,10.876335533983651,9.523920275774097,0.9244194718548376,1.4187914572530036
2886,330,333,2352,45.15382867873186,8.860406113557723,11.439322312066295,10.377151231651588,0.9575860519283516,1.2910607217610999
2887,510,2860,509,35.817515833992275,7.999999999999914,9.819163995067184,9.204815134557544,0.9679654478439047,1.2273954993834113
2888,1056,1057,2552,33.95770531705024,8.000000000000025,9.629299748270906,8.93167288743039,0.9772863935194896,1.2036624685338595
2889,1842,2004,339,20.17730074767504,6.4973628699636805,7.607015155596967,6.88745944512194,0.9769562027900998,1.1707850258391816
2890,2939,24,25,41.46750720635678,7.999999999999886,11.34209085036603,10.083968989763664,0.9218018384284492,1.417761356295774
2891,3132,915,916,26.938055275047216,7.281783688109298,8.527059030528669,7.936280906212677,0.9836467387265299,1.1710124051683695
2892,3096,2883,2632,24.977056883365396,6.808439666353544,8.89786053046843,7.751652204950292,0.9481512640521655,1.3068868884071254
2893,2858,2501,3062,106.37681290270226,14.470873811767392,17.007465649509847,15.776018779763428,0.9828325427131166,1.1752894725458634
2894,2940,27,28,34.14953110392253,8.0,10.444510284750253,9.06974337399704,0.9467275501188666,1.3055637855937816
2895,1469,1470,2664,31.86890935552697,7.968687328255486,11.182998361741628,9.050561896665668,0.8742270310792006,1.4033676942109137
2896,1197,2726,2968,76.06886480452442,12.006414466046278,14.926343331627226,13.418793843449302,0.9679538800319164,1.2431974070059304
2897,2772,1041,2773,32.01638780494032,7.971589765914701,10.07798161394535,8.76682608210829,0.9512268632555394,1.2642373616662086
2898,2361,1994,143,38.07001620478076,8.710791975150592,10.359224123311126,9.453845446146332,0.9786031473130561,1.1892402152253252
2899,2905,1261,2277,58.07721908157205,11.387836727545887,11.925315603637603,11.588741278583791,0.9982681676686226,1.047197627517052
2900,2443,2609,822,24.345614550794814,5.933993009998965,9.044278796336856,7.81857838127262,0.8930145218435136,1.5241471941569464
2901,3360,1974,2903,53.602102481948684,10.63480090948182,11.95857526669878,11.171439390487341,0.9893246927840762,1.1244757065491187
2902,3348,2822,3340,55.78121366856945,9.372801932012933,13.030753654360796,11.66093638517898,0.9292501288822398,1.3902730206912917
2903,3164,1536,1537,23.39066549169499,7.0562710657720595,8.000000000000028,7.389987710094897,0.9857642645901841,1.133743293792344
2904,2115,2417,1068,49.25444838217226,9.293759604210868,11.728850042644233,10.816873017112341,0.9625021489963872,1.2620134953060396
2905,694,695,2814,35.00532160370338,8.000000000000025,9.83617943503432,9.088327611038643,0.9714452297525161,1.2295224293792861
2906,642,643,2775,41.0008358406626,8.0,11.062451982446163,10.002702038932348,0.9277461293903866,1.3828064978057704
2907,2349,2786,2754,78.83589557468012,12.977230655214502,14.521176976048915,13.548749991662106,0.9892278036355217,1.118973482236291
2908,670,671,2759,37.146404130831336,7.5953089515068335,10.798933448453312,9.543668446656339,0.922108943091527,1.4217898860204905
2909,671,672,2354,39.120568558561345,7.999999999999886,10.601766796471056,9.711237986463326,0.9433239715877642,1.3252208495589008
2910,1358,1359,3023,19.372754415355107,5.884485561552924,8.000000000000004,6.867979012124128,0.9335099560985741,1.3595071168615107
2911,2346,2347,675,54.0794235158552,11.073753870198235,11.33983417638258,11.17730107195675,0.9995636516026704,1.0240280133822028
2912,2328,3127,3129,32.37659398117761,7.274614989167815,10.252457454608882,8.897711037715618,0.9267176888597152,1.4093470884541919
2913,835,2331,834,38.26340597098831,9.06284289306495,10.029800992640439,9.430632076195046,0.991540863688092,1.1066947878259505
2914,2705,3120,2297,56.5021897268398,9.486478275947455,14.198064302056265,11.908711109263834,0.8966518401458565,1.4966633442944604
2915,1067,1068,2417,29.477033620564605,7.752890036509722,9.293759604210868,8.341143038726258,0.9719794638996,1.1987477650843645
2916,387,388,386,20.033197262771345,6.1220103800109795,8.297514742483115,7.014464498300074,0.9240407829596359,1.3553578363041314
2917,833,834,2331,29.914011846746952,8.000000000000025,9.06284289306495,8.35899565672039,0.9852098829235417,1.1328553616331152
2918,2796,2395,58,33.85257483796117,8.044580878723442,10.325851056752503,9.0118720389357,0.9517644993611617,1.2835784999144748
2919,1259,2276,2293,23.88294139268804,6.72196148531487,8.007577129638824,7.484906157837652,0.9791780273357418,1.191256026553049
2920,1164,1975,2457,27.100994110220334,7.631960402742793,8.301628157889303,7.926292057725564,0.994959565402581,1.087745182077444
2921,1302,2310,3366,73.46021486553033,12.221667340946487,14.215828900731866,13.106973279592049,0.983584136947111,1.1631660807117783
2922,1376,2292,1375,25.210848160915425,6.672394359414777,11.981774460132343,8.884722939849059,0.6928882515726614,1.7957233662644667
2923,1198,2726,1197,43.01075812107483,7.509358120618233,13.3236237326744,10.769970316942265,0.8149983192987286,1.7742693208480897
2924,128,129,3043,36.06841609734513,8.000000000000064,11.116734332518156,9.419150656439244,0.9216433757785673,1.3895917915647584
2925,152,2355,2760,64.79899992936032,11.230753115255258,13.55674147330841,12.346351264473848,0.9759244829299394,1.2071088496187894
2926,1157,2273,1156,31.716267282609124,8.000000000000105,9.425774623962052,8.623234778208337,0.980332252270484,1.178221827995241
2927,465,466,2374,41.8343997994037,7.404850613045054,12.573665170945983,10.478168476021148,0.842137404413482,1.698030902715995
2928,151,2356,150,39.10384286249011,7.975386221244016,10.590328001369803,9.715752306819299,0.9415721104489131,1.3278765074925618
2929,716,2948,2836,48.058730735918566,9.485094134380159,12.029154118140148,10.694496753036375,0.961268200711838,1.2682166299793125
2930,493,2471,2837,28.549540392125046,7.418130835111369,9.21075672354124,8.226538396135906,0.9663676423177364,1.2416546604900853
2931,627,628,2219,29.91401184674617,7.999999999999984,9.062842893064929,8.35899565672029,0.9852098829235381,1.1328553616331183
2932,157,158,2357,33.397796108890894,7.517169157493055,9.74803031671366,8.939531584893492,0.9529958684647717,1.2967687852277343
2933,2293,2276,1256,32.93164328403463,7.725179858559262,10.782536977124371,9.035766141844647,0.9130144517405918,1.3957651698138331
2934,2609,821,822,23.04935778770596,5.933993009998965,9.347581867183605,7.694959417783859,0.8703383189482226,1.5752600064463567
2935,2751,669,2924,38.48522647566444,8.45107104630674,10.741447780684702,9.569437720935076,0.9613622229632346,1.271016149530407
2936,2926,2757,667,56.193079434884055,10.878518756534486,11.893270829477812,11.414376194960989,0.9947197457803387,1.0932803532956898
2937,2153,359,2583,58.48862625371932,10.508766518089423,12.964715530107805,11.75196377935382,0.9709541161975563,1.2337047842666213
2938,2608,811,2184,32.52303254979999,8.01048541373444,10.82532480127684,9.000148869147283,0.9085116816972165,1.3513943590379924
2939,113,2357,159,41.097174150736194,7.195075419389652,12.46706739217929,10.432067012166412,0.8312102724772344,1.7327222670359241
2940,241,242,2619,43.276910555217,8.0,12.020541254679989,10.395576508768782,0.8999152888825906,1.5025676568349986
2941,159,2357,158,38.540374624313245,8.0,11.634058224930294,9.794029513881318,0.9070579357990767,1.4542572781162868
2942,2357,113,2762,51.99385179926523,10.304616958841299,12.46706739217929,11.09832692937227,0.9674268590318186,1.2098525779245606
2943,415,2351,414,23.93241637383082,7.295139375541196,7.517169157493103,7.436350234351344,0.9992804748994407,1.03043530363468
2944,2763,2357,2762,50.62984570885933,10.304616958841299,11.70214060460958,10.86589229363362,0.9872810908861962,1.1356211154039273
2945,2927,2762,114,36.45523581762511,8.321290690852612,9.726633386335218,9.240271790732011,0.9811712662382409,1.1688851823224327
2946,330,2352,329,29.62974735759926,7.399047994477732,10.831725269330747,8.746850560416384,0.8689921332843837,1.4639349923686114
2947,2152,2151,2582,59.56525896258874,9.2925228263126,14.48096077914469,12.282121587122818,0.8837792605498718,1.558345462239874
2948,118,119,2359,34.17502263027626,7.408613966258939,10.133546337597512,9.104175878701211,0.9357211140488607,1.3678059598932724
2949,3135,3266,2421,26.481948231654584,6.8770753131971,9.308129209008362,8.020458159694613,0.9362290104122326,1.353501130218259
2950,794,2186,1950,68.79125277776225,9.928873250704365,14.826971493334604,13.124406995228924,0.8957139025302793,1.49331863938164
2951,2764,116,117,36.59585001514715,7.999999999999903,10.057612524971988,9.324326785138803,0.9623236069539202,1.2572015656215139
2952,288,289,2598,35.23860510817623,7.648946001373667,10.271839561189871,9.21502376642995,0.9441617855942944,1.3429091484428262
2953,3184,2927,115,26.226884577222137,7.0109728168167225,8.568381002523392,7.8600034631159685,0.9738654979126498,1.2221386712513027
2954,1414,1415,2256,37.17990596183502,8.000000000000114,11.365103021658413,9.59135867863351,0.9144306722663961,1.4206378777072814
2955,2355,153,2761,68.35859511513087,11.993606602795149,13.581197549253398,12.623706692475011,0.9877106682147725,1.1323697699146023
2956,1413,1414,2256,35.521015492269306,7.553634531497267,11.893804523382258,9.618804023040509,0.8573345502048126,1.5745803525160345
2957,121,2001,120,28.177978965278346,7.811978786004766,8.426138157835034,8.079372314613288,0.9958982554982556,1.078617644601204
2958,1994,141,142,19.423018398793033,5.657465769837677,7.927934903708018,6.885904527232616,0.9288356015129321,1.4013226462588892
2959,1528,2070,2500,35.67776382610891,8.050980552067802,10.129559776376686,9.195131414355442,0.9660198880046806,1.2581771513253779
2960,2581,751,750,41.06279676072465,7.999999999999986,12.554416708759893,10.283060578297635,0.8684226248053951,1.5693020885949895
2961,2247,2663,2248,53.61590142849484,9.982363998442695,11.950129899185422,11.225536531014797,0.9765612088128515,1.1971242384118341
2962,2034,2050,17,21.125165478482643,6.29276621864282,7.925296948032139,7.082518606521866,0.9640135852063056,1.259429744037339
2963,145,2360,2361,56.546363181503956,10.908370686277113,11.743684561206079,11.445991271530362,0.9956726403989481,1.0765754940817882
2964,16,2050,15,22.930198680053696,6.010974196096636,9.211762894673663,7.633083901927727,0.8829896246439125,1.5324908399466317
2965,146,147,2360,38.25026712023009,8.0,11.297557338038098,9.687924614089425,0.9233201908098781,1.4121946672547623
2966,2102,1101,2416,39.766712221974856,8.970525310120369,11.57335022983629,9.84710224335784,0.9327795740089501,1.2901530099669265
2967,2590,2607,2162,40.6585302123932,8.522580335096825,11.324165539571576,9.897026649049986,0.9459623048050355,1.3287249981015194
2968,140,1994,2361,29.61859119145038,7.3543555999081365,9.291520239977277,8.38274960429751,0.9647141721076251,1.263403722291228
2969,2143,2578,2148,61.031471398735604,11.57723242272809,12.41531331158578,11.8902148830335,0.9959677990407227,1.0723904347996327
2970,1950,2186,2609,55.1569025072893,10.115215007391573,14.826971493334604,11.949380660491519,0.8663369806238385,1.465808831794477
2971,145,146,2360,36.13730665627607,7.42876288079253,11.743684561206079,9.646221315409596,0.867883132219742,1.5808398719482637
2972,2872,2607,2183,36.41377297359233,9.15139483751031,9.196972071895821,9.17033998764184,0.9999821068521498,1.004980359299841
2973,18,13,1995,15.163070486144353,5.56376519366743,6.19145660873094,5.935301638169158,0.991996721497303,1.1128177400041857
2974,12,18,19,27.38690905110927,6.96998711730204,10.71281520893544,8.515821950185426,0.8425564131265153,1.5369921104075417
2975,18,1995,17,18.718153753091148,6.050683112109105,7.758294659912831,6.71530608443338,0.9468778352439793,1.282217977072096
2976,13,18,12,20.80280776009397,6.19145660873094,7.999999999999943,7.053814575344307,0.9550158570209424,1.2921030551548514
2977,2913,2720,1189,19.663772748064744,6.214729872035167,8.340153898274151,6.977051169331758,0.9153223705679243,1.3419978132602184
2978,2905,2691,1261,42.720264312005874,8.441311775591299,11.925315603637603,10.237049819476002,0.9235412165632989,1.4127325136977607
2979,2848,2498,3159,41.95116537941304,8.429459051493907,11.091940543270011,10.027942112090878,0.9509062766967462,1.3158543716164381
2980,19,20,21,25.281247545179543,6.726335613542069,10.109625040669037,8.117709937234752,0.8587816550628077,1.5029914683881402
2981,2859,3387,2522,60.92197309052756,9.657666343404184,13.733071101307939,12.23274643722595,0.9196492770280109,1.4219864937337683
2982,11,21,22,11.074494724037777,2.7686236810094442,8.465534660436179,6.411386113815207,0.5353104965153072,3.0576689488365685
2983,21,11,19,42.69720311964404,8.465534660436179,12.747600840412275,10.44092018050583,0.8794301311323401,1.5058234773981147
2984,1256,2691,1255,29.60039976451246,7.44423964005595,9.150743606514617,8.355255396569344,0.9723603700361425,1.2292381826716476
2985,2342,910,2922,51.06803691500844,10.161033468448293,11.481583457952052,10.900669133108474,0.9900002675326101,1.12996217300182
2986,19,11,12,42.65794257120888,8.0,12.747600840412275,10.486805349782571,0.8660198302192165,1.5934501050515344
2987,2384,3133,2785,41.321442949924105,8.472440006961405,11.450961242642835,9.995548306764961,0.9411778257043616,1.351554125285528
2988,2766,2360,147,49.56219819941822,9.997308053584277,11.297557338038098,10.739170900727649,0.9898865307965484,1.130059939884282
2989,143,144,2361,30.226282631133763,7.6116429630555915,10.359224123311126,8.656955695455581,0.9134711044970608,1.3609708408015706
2990,465,2374,2373,63.677762843079584,11.455989644072412,12.776147963472948,12.162698413311071,0.9921163863194778,1.1152373876388424
2991,148,149,2362,41.71533932331896,7.665915577925622,11.948867117760692,10.278714565034335,0.8825865536707577,1.5587005878551594
2992,2767,3138,2362,40.65892271291062,8.074988795907725,10.883539784088779,9.924921348344506,0.9369543025779284,1.347808654496757
2993,136,3138,2767,32.655601259387545,8.074988795907725,10.087722288755566,8.835214142821322,0.9563454574339664,1.2492552675575057
2994,509,2860,2525,30.70167875537238,7.895511495244228,9.795281408605534,8.568717481151145,0.9558484598582705,1.2406139126648872
2995,138,2360,2766,52.137234652162014,9.997308053584277,12.673919417865651,11.15670411628806,0.957652786674464,1.2677332087733102
2996,35,2393,3048,44.172172596737774,8.921664834364455,11.919079139239619,10.334594283657074,0.9417933745616704,1.3359702881159274
2997,2814,2419,3218,29.793895692592052,7.931646688725321,8.899458287242858,8.327213953884074,0.9898128063257535,1.1220190001520443
2998,125,2834,2469,59.6693893363844,10.637381498150983,13.077525480736918,11.865983362055813,0.9718356495212157,1.2293932941119097
2999,2364,3043,129,55.12119482674825,10.997871268836253,11.781940081142467,11.298848560832292,0.9961960865109544,1.0712927795879885
3000,2480,2842,3157,26.72015292420474,6.862213907985755,8.541288048258881,7.960908836107216,0.9644776964071169,1.2446840280392804
3001,2913,2308,2720,30.653218354164935,7.351966474794674,11.017457141303062,8.90319250479063,0.866844814445896,1.4985728211730942
3002,126,127,2946,23.90585425862223,6.785208448466274,7.999999999999984,7.4808985354151005,0.9819088453008585,1.1790352589400994
3003,2001,3268,2765,29.022181361596843,7.577104366973362,9.034914322419237,8.254562785453812,0.9784890062437277,1.192396710516499
3004,2842,1735,1736,28.29164564568965,7.91952678123451,8.349593431307786,8.089706737514092,0.9978397689493134,1.0543045893969736
3005,1539,2849,1538,32.08604333201548,8.0,10.270290991000962,8.815722448800813,0.9405875265230763,1.2837863738751203
3006,132,2363,131,34.840050770996,7.999999999999904,9.662543334520553,9.05735729827337,0.9741039886927558,1.2078179168150835
3007,2665,2897,1409,32.77795524075717,7.958189511443843,9.613192552256514,8.779713305482291,0.9762380801692936,1.2079622555397536
3008,2106,2552,1057,51.118230327541205,9.629299748270906,11.893024938520943,10.988718212331007,0.9699524817264655,1.235087207733514
3009,2363,134,2768,35.67807285167538,8.49230994241759,9.711561490116992,9.11799870687067,0.9881131501571074,1.1435712492792398
3010,1811,2458,1810,29.991392494959463,8.000000000000037,8.794382184360476,8.34291605019179,0.9934998570832403,1.0992977730450544
3011,3166,2553,2106,52.707845740489006,10.511613829129123,12.051913304392269,11.099198785228827,0.9843859997270108,1.1465331109286725
3012,131,2769,130,27.978444804617023,7.819019295736616,8.32002978545781,8.04634969373147,0.9973265753455084,1.0640758732996574
3013,2363,132,133,46.70922259306508,9.662543334520553,13.091567678599073,10.819414923974685,0.9016139815290252,1.3548780300759877
3014,131,2363,2769,28.567148719675643,7.509826080705073,9.509528560299653,8.279457978913781,0.9516907226302042,1.2662781345539276
3015,2664,2665,2249,39.552198330308165,8.837628602875176,10.590748940457496,9.642080270824733,0.9769985426432012,1.1983699945268091
3016,517,3074,516,25.279505076494758,6.961571414856154,8.108870308513396,7.690147241123203,0.9827418196586184,1.1648045858164837
3017,2364,129,130,43.84069001516397,7.999999999999903,11.781940081142467,10.447483030676525,0.9027452862346041,1.4727425101428262
3018,2767,2928,135,35.25551346669539,8.251011106333063,10.216803854341777,9.138494052087186,0.9672677308979742,1.2382487094823893
3019,1197,2968,2912,56.61503061941507,10.695900209824597,12.006414466046278,11.474511493884934,0.9906480910586287,1.122524914267424
3020,2888,1346,1347,36.175547612251314,7.3937373804123645,10.649490973470275,9.445356465168148,0.914641610642839,1.4403393609412092
3021,2871,1892,1846,26.66503507308701,7.333819505647004,8.155246986609026,7.87398326156674,0.9909032395701156,1.112005412777002
3022,2833,3156,2466,54.73256615265956,9.676684244465251,13.35842042508572,11.545336338415625,0.9324551007679643,1.380474973411094
3023,2765,2359,119,43.24995200966728,9.514508202671992,10.394142884093762,10.014065808121089,0.994661040144057,1.0924519336874121
3024,2502,2996,2994,45.34440249982265,9.067724912026142,12.817560065634543,10.647217907470958,0.9036692871137615,1.4135364923383542
3025,809,2608,3094,57.90314074915796,10.49509422497766,12.525464192717415,11.654342759585054,0.9792701726034259,1.1934589556049533
3026,2762,113,114,36.87818578698646,7.999999999999984,10.523296437096223,9.398729244034804,0.9522742871248195,1.3154120546370305
3027,2059,1509,2505,40.02623507936682,8.498658486153845,11.04562591152336,9.78375880473382,0.9548905245881623,1.2996905252186655
3028,2048,2365,2031,67.92222861536256,10.745168780788974,13.741636499954929,12.739463020143752,0.9548164293229219,1.2788665101774173
3029,3001,3325,2077,48.235464048218944,8.976792075388362,14.151957385752091,11.292646405318488,0.8430379161577395,1.5765049771568689
3030,3064,2505,2057,63.12494550855499,9.932509899490027,15.063087994491852,12.613414725001684,0.8915597921079402,1.5165439699451242
3031,744,745,2586,27.10383646885822,7.443774398369211,8.372839737539524,7.938871378636256,0.9908537989155549,1.1248110554470663
3032,1431,2484,1430,40.279529071792695,8.0,10.938692142109788,9.892133100758436,0.9334726370595193,1.3673365177637236
3033,2462,1984,2829,44.56986424534555,8.719848696060254,11.624416940471907,10.350606734033834,0.9477448826327469,1.3330984682938336
3034,896,908,2366,37.01921511572798,7.76551022589099,12.729492115358825,10.017565390035507,0.8176049460294625,1.639234479779245
3035,586,2613,585,35.58449816945235,7.391247560691563,10.761919994730883,9.37427168149427,0.913628778365202,1.45603565654672
3036,897,898,907,40.833333333333485,8.0,12.61262001905631,10.279381665319752,0.8634538668921033,1.5765775023820388
3037,1183,1184,2309,44.00109047384754,8.000000000000025,11.977193504918006,10.483658291170054,0.8989907318008876,1.497149188114746
3038,1232,1233,2368,43.77529926093334,8.000000000000057,12.594528237681965,10.560009267561542,0.8777858286175506,1.5743160297102345
3039,898,899,906,47.53150451311194,8.0,14.381503605387103,11.421602758418041,0.7992123650573324,1.7976879506733878
3040,2632,1720,1721,23.35100180427036,6.967091957228228,8.0,7.385697126741484,0.9850460982774961,1.1482552618959119
3041,896,897,907,40.833333333333485,8.0,13.34333310539132,10.52295269409809,0.8162054724995862,1.667916638173915
3042,3076,541,542,30.81339116880838,7.805018342423967,10.238523125598466,8.681180489340822,0.9292076708498486,1.311787195931014
3043,861,862,2463,23.19076959752283,6.631184757152341,8.0,7.382057498297658,0.9770304586400234,1.2064209176755731
3044,1944,2177,2441,44.6208595990209,8.863469732485758,11.075225826342372,10.289108550202531,0.9640915170428559,1.2495361478756162
3045,284,3052,2177,46.6306352401846,9.334218773638533,12.421806521186252,10.645514869530071,0.9362295981104873,1.3307815921636212
3046,1593,2113,2556,57.72037726219455,10.592540975096428,12.883976082373218,11.664137367140233,0.9734281634778187,1.2163253474934923
3047,900,2487,899,35.21029701607449,8.0,10.159917298955179,9.145423916592133,0.9631602408528229,1.2699896623693974
3048,2112,2555,1639,32.97884473394083,8.194546654578588,9.66766727372623,8.799106979964613,0.9786762335969228,1.1797684095586372
3049,1890,2421,2422,43.302505067581365,9.128812312760186,11.50245561102311,10.158216991129374,0.9599232783018382,1.2600166611975432
3050,1689,1690,3038,44.90132647117353,8.000000000000055,12.644715264157492,10.693210967674494,0.8771715172663851,1.5805894080196756
3051,1291,2316,1292,36.86775698916283,7.424883350079775,10.948692540774587,9.56522672881978,0.9072228194160995,1.474594552472929
3052,2236,2643,2420,68.49372298904461,11.123730055279971,15.004150411751278,12.901494951421762,0.9359125484984405,1.3488416508839527
3053,1642,1587,2557,33.018027654831705,7.025462549624256,10.233967581097158,9.039799462274184,0.9102520092870992,1.4566966244300175
3054,2198,790,2616,40.45095922609732,8.247971436582853,12.808993137084958,10.28855831031854,0.8536211188701522,1.5529870872578753
3055,563,564,2589,43.217915807717525,7.430982888446899,12.536621498992735,10.640386479068939,0.8427935025940229,1.6870744674279463
3056,2915,2971,3180,40.50711164565168,7.9374006363078875,11.515670224892588,9.995629672252841,0.9154110062618132,1.4508112608322548
3057,2843,3157,2234,32.55496201552737,7.92058463336027,10.575845978896494,8.937930958800814,0.9252744510244137,1.3352355247051684
3058,2368,1233,1234,39.19726113775228,7.409370352321196,11.347602441680499,9.947490786334766,0.8858653672125251,1.5315204804313147
3059,3133,638,639,32.969763605458134,7.424902574327862,12.032914474363753,9.455258690626517,0.8179168315458888,1.6206158065923217
3060,3077,2079,2532,51.96098852662454,9.550743439306794,13.646677911786016,11.385858383731446,0.9054836350549067,1.4288602765332485
3061,1232,2316,1231,38.631055084770196,8.0,12.285275647740413,9.983868721821777,0.8679421523008674,1.5356594559675516
3062,2889,1737,1738,38.052825034826554,7.999999999999984,11.098144446867,9.627263382082573,0.9319490691961833,1.3872680558583776
3063,3074,3246,3323,29.41672830597009,6.79366402943117,9.656730767118294,8.489970104044595,0.9232059103767433,1.4214318996765059
3064,3319,2798,3289,61.128120350269796,11.180901777538615,13.053002969933228,11.96498347547965,0.9817666182816904,1.1674374061809119
3065,3270,3140,426,25.000456603290896,6.922090115850294,8.206164621341362,7.653543567109817,0.9807797917748465,1.185503870073979
3066,2367,1042,1043,36.552391226420326,7.758294659912873,10.73201051246741,9.423650182534866,0.9343765186619217,1.3832950387821352
3067,1027,2370,1046,51.20782367894099,10.584339315479966,11.052660292058606,10.880718413710161,0.9985230088539255,1.044246595145878
3068,2556,2113,2558,48.98970248407955,9.951490127146476,11.553120277351251,10.69905045986472,0.9846303453002139,1.1609437511107727
3069,1046,2370,1045,40.90986336547833,7.999999999999984,11.507548405202385,10.030629240227446,0.9188850488815019,1.438443550650301
3070,2156,2586,745,40.8019963153031,8.372839737539524,12.198693482366243,10.124264554532083,0.8974759317552893,1.456936220536212
3071,2874,785,2197,29.35938974176477,6.810677436654649,9.393767432344706,8.453320816975568,0.931134079772229,1.3792706408011668
3072,2453,2483,1411,28.18208557355463,7.434859212585863,8.843590897706838,8.129511282688085,0.979883169496742,1.1894765784853394
3073,1984,2462,1214,44.42029139475845,8.478627214603057,14.963948438643593,11.38337673960533,0.7497779520525875,1.764902272489422
3074,2820,1950,2443,61.64451557582866,10.93345109471896,13.484003683022548,12.07879170956374,0.9683482730246697,1.2332797363071892
3075,2588,3453,3334,54.57707634583111,10.411243227521306,15.026484816741782,11.97597891340287,0.8511760097169792,1.4432939936529814
3076,1650,2434,1651,30.538487914120424,7.671607999514588,10.52687297564032,8.732826991718303,0.9054568261826743,1.3721859845167264
3077,2870,2955,2568,43.213405068068184,9.54730997975247,10.412919584208167,10.008649323215693,0.9949901528000565,1.0906652875303562
3078,2342,2366,909,45.0194360211992,9.063938245698955,12.42746943311355,10.51754245841944,0.923270024610034,1.371089375968627
3079,1455,1456,2244,32.57048395895891,8.0,11.031742032598574,9.064465729650317,0.894348978364129,1.3789677540748217
3080,907,908,896,46.11580892538093,7.404194804295612,13.34333310539132,11.159006675015254,0.8090512780107172,1.802131556242964
3081,902,2487,901,38.176343335759235,7.57041102133203,10.947876528883295,9.711268859938128,0.9124983771593338,1.4461403083708648
3082,903,1996,2035,20.782440086397358,6.238958974872888,8.12504432698292,7.070926910693948,0.9482258237539732,1.3023077022474665
3083,2402,2801,2802,37.5421755836264,8.47400615918119,9.864355232094791,9.372591945207793,0.9824310193747917,1.1640722282703586
3084,2487,902,2035,41.21076029457843,8.8287820017184,10.947876528883295,9.872210476548062,0.969073129519899,1.2400211633668656
3085,3017,277,2176,38.27013857590494,8.485751374642104,11.188313829303555,9.628308923462159,0.9401367354156165,1.3184823989467207
3086,2785,640,641,26.6413090054152,7.407135548423456,8.10629703569705,7.8629744349399715,0.9934611782064534,1.0943902649955426
3087,304,305,2353,36.536418016689026,8.000000000000025,10.936587462982132,9.427982291716,0.9341272145004632,1.3670734328727623
3088,248,249,2623,40.07658358083199,8.0,10.910049811624788,9.861435326166157,0.9349756364058764,1.3637562264530985
3089,2774,2785,2371,30.966411081978798,7.95607230646985,9.575226417265938,8.55714899627326,0.9696967623347129,1.2035117390121501
3090,202,2213,2222,53.35852328574733,9.52755281774344,12.37976797643838,11.296404338958679,0.9537666984374628,1.2993649275166628
3091,661,2786,2384,49.08361739150939,9.552924200534651,12.485344939392323,10.868390014686,0.9477696935709393,1.306965770616452
3092,1260,1261,2691,31.75727511891244,7.881579230738299,10.344522079199105,8.801553575329862,0.9322235750165487,1.31249357220889
3093,644,2372,2776,34.18931598193693,7.834761967201153,10.871771187203816,9.17941589954848,0.9196066849254251,1.3876326087144146
3094,2653,3101,2241,45.118609788644235,9.446810956411937,12.11753747831844,10.440581217125589,0.9435746027633827,1.2827119685393695
3095,655,656,2372,28.771275740870298,7.822153436053654,8.717922785607797,8.180025407220478,0.9907796979464567,1.1145169750091308
3096,2371,642,2775,48.315191708680906,9.517586977312387,11.372850607815419,10.650963189191323,0.9778951791273217,1.1949300421341595
3097,892,2341,2920,45.51494057471843,8.940069210067378,12.169360026083911,10.514281613507151,0.9360664723597348,1.361215415690523
3098,214,2876,2621,23.641801676785978,7.126619308561026,8.01685790647552,7.426428512897743,0.9868460825317743,1.1249173779838462
3099,798,799,2611,34.174584588671685,7.489872899101524,10.14730925719667,9.086550484427748,0.940834269368539,1.3548039324424221
3100,153,154,2761,36.951044220432095,7.984936744795242,11.993606602795149,9.74686900088298,0.8725686467279137,1.502029006129929
3101,645,646,655,41.16605392202837,8.0,11.082746216366647,10.028014063565879,0.926429871527744,1.385343277045831
3102,1292,2731,1291,31.919038020413854,7.424883350079775,10.839828670574253,8.96730380685319,0.8944699295242114,1.4599325214257792
3103,152,153,2355,51.86372335167722,7.999999999999984,13.581197549253398,11.712646340853931,0.831314235938327,1.697649693656678
3104,646,647,654,40.83333333333303,8.0,10.992719814312347,9.976183729667994,0.9292760160565372,1.3740899767890433
3105,3187,1039,2929,31.15818274517079,7.755827059686166,9.676634044910946,8.602530101016532,0.9639951656752536,1.2476598524493794
3106,2296,2704,2965,53.738819576278445,10.304465850327883,12.549098288715731,11.267135467273453,0.9707870388497862,1.2178310327765727
3107,1215,2461,1984,28.012852764310086,7.162451441310957,9.656506663472303,8.261213991566915,0.9331380515854452,1.3482125139133725
3108,2373,463,464,36.26266255154724,7.572657173318274,10.906595306328477,9.447223846786015,0.9183701560134593,1.4402600113414747
3109,446,447,2400,24.143752279097853,7.266284464074971,7.770548323246827,7.476512081773397,0.9966660005750417,1.069397759152559
3110,2373,462,463,34.605630091794204,7.3911535242969695,10.30238755543782,9.185320046815361,0.9291539314834829,1.393880876857819
3111,2793,2792,2400,37.34642766234548,8.167466915711671,10.134661037867376,9.401751655811688,0.9672992333791884,1.2408573113864023
3112,2236,2646,2890,56.46243022882752,9.914691370650408,14.620682201950867,11.983171935944156,0.884333390479512,1.4746482422268021
3113,3033,1265,1266,32.055428515113036,8.000000000000025,9.166660077251004,8.643821810779393,0.987712016845846,1.145832509656372
3114,649,652,648,40.83333333333268,7.999999999999886,10.992719814312304,9.976183729667978,0.9292760160565305,1.3740899767890575
3115,647,648,653,40.83333333333361,8.000000000000114,10.992719814312304,9.976183729668044,0.9292760160565424,1.3740899767890185
3116,912,2742,911,47.78331171885507,7.999999999999984,13.364833517471268,11.159361926656509,0.8502704190858964,1.6706041896839119
3117,649,650,651,23.4151049318162,6.300092793413775,10.030458247806036,7.925501746584164,0.8287611548390589,1.5921127794009715
3118,655,2372,645,31.368211487463064,7.822153436053654,11.082746216366647,8.975709628499368,0.8750081449470365,1.4168408107778043
3119,1545,1546,2504,46.14712866464981,8.0,12.413268763241573,10.81527174408153,0.8810743196023234,1.5516585954051967
3120,2339,1134,1135,43.18496073728056,8.0,13.211529922717823,10.671546148492034,0.8422034409461459,1.6514412403397278
3121,2370,1027,1028,42.19892896254677,7.712600396896915,12.556793962238759,10.440684883731427,0.8616172942649932,1.6280882343250735
3122,3038,2698,1689,48.39769169604473,9.095213137624599,11.721517119085458,10.750549298525328,0.9556389077835877,1.2887567274917948
3123,2725,2727,3464,50.81791168582499,10.401936875932426,11.899689980089077,10.905992168225916,0.9826224505165707,1.1439879055238347
3124,2753,3133,2786,47.94026258396787,8.9388284447067,11.705952059276035,10.727577170635724,0.9488185188634831,1.3095622241422409
3125,431,2467,2808,34.45215361231912,7.974992888739181,11.33512774882217,9.324558052637103,0.8934978927551132,1.4213339004762693
3126,1226,2375,1225,37.637000797342964,7.780447913220068,10.72651655532535,9.560360574293927,0.9342565687718882,1.378650262165434
3127,1741,2637,2886,22.365064494151618,6.990633056027193,7.342227371976958,7.191288045068901,0.9983269316166731,1.0502950609954598
3128,2378,2377,2778,28.46944256643365,7.491471395254612,10.655160044547435,8.58238772872606,0.8672930048347197,1.422305376657625
3129,2953,2862,2164,25.863336000622663,7.235507033223631,8.242423940903754,7.761124399685848,0.9888055940619348,1.1391632822767794
3130,1214,2462,1229,89.42735036889962,13.16914218046767,15.22767897470252,14.453589864604595,0.9846519801675633,1.156315177254905
3131,1984,1214,1215,22.148640395665215,5.777735809514305,8.478627214603057,7.40701563134495,0.909574648406497,1.467465369503594
3132,2940,2804,27,51.869898335367274,10.444510284750253,12.108655508414703,11.03017420208195,0.9798823147263618,1.1593320489227938
3133,3148,3150,2410,40.809705595729355,8.742630978602685,12.359018811735474,10.153209572470217,0.892619727150911,1.413649831725002
3134,2614,2191,2612,63.22535772962983,11.234532377666161,12.785343831310087,12.135341145171653,0.9885843118034213,1.1380396977382772
3135,1031,2779,2376,39.600045906291825,8.479134284360004,11.505269007526516,9.829887681078946,0.9312336448100678,1.356891944587822
3136,2929,1040,2772,33.97742011869942,7.855453931600274,10.780257099738023,9.134193563080593,0.923943702275294,1.3723277093347963
3137,1643,2420,2643,46.41621291670404,9.381623526914213,11.123730055279971,10.431458882052954,0.9799659070782663,1.1856935021287054
3138,1031,2376,1030,28.096134509648056,7.821736289009884,8.479134284360004,8.07138907753418,0.9946865885049043,1.084047578575848
3139,1029,1030,2376,27.503102797845834,7.719817353333188,8.423867350822038,7.98847366438837,0.9937956887373588,1.0912003439025486
3140,2778,1032,1033,20.35865475102512,6.4740290569300845,7.59199201388361,6.912070566946135,0.9792149304958921,1.1726842661845653
3141,1033,2378,2778,23.964023926851695,6.4740290569300845,10.624883568417218,8.196794673533972,0.7871467551972695,1.6411547546336507
3142,2378,1037,2377,56.527409131483374,10.655160044547435,12.410742627462604,11.494535939115378,0.9841939746351878,1.1647636051993
3143,2378,1033,1034,35.96298156425475,7.3911733512119495,10.624883568417218,9.412411087886788,0.9160587088233765,1.4375097245791195
3144,2378,1035,1036,31.515000624475118,7.464818016813477,9.61035682904635,8.664964876177837,0.9591399567030663,1.2874201095593143
3145,1685,2697,2282,46.69095564105925,8.914993049276053,12.027885140358734,10.613191131723532,0.9434193571584771,1.3491749319238635
3146,3148,2808,2467,28.714773491110666,7.2640398328025,8.737948258032395,8.221847203728286,0.97436814921744,1.202904782896992
3147,2779,1031,1032,34.07383540482427,7.4779766084074994,10.288749464364273,9.090661941374028,0.9363102207919823,1.3758734485471134
3148,2470,2002,3058,36.6017545710656,8.600953870403652,10.008755581243724,9.250219775918275,0.9839967824742258,1.1636797187907721
3149,1279,2670,2252,49.08612910647944,10.107845198048338,11.97898769171207,10.76029089166002,0.9728120472206738,1.1851178423295423
3150,3425,3465,2530,94.14488732727266,13.510802001129735,15.840206373880914,14.838862122436538,0.9831279304259166,1.1724105180844484
3151,1111,2671,2253,58.939745472339624,10.8033488428988,13.459088441970632,11.852912084654918,0.9597635245676371,1.2458255896103447
3152,2704,2908,2965,45.12415651714479,9.52983338696251,10.935267563220394,10.25652226683693,0.9875213441955091,1.1474773082791372
3153,1320,2301,2909,38.241724596398555,8.03704296735719,11.84532273339219,9.81647796705149,0.8937772701537181,1.4738409115768698
3154,2946,2834,126,27.902617713560442,7.576760764726346,9.181341510116372,8.138529810873921,0.9649276813382821,1.2117766147322693
3155,2886,1957,2449,35.90824074892834,8.411718472757011,10.090053680138354,9.187529286589994,0.9768912393046851,1.1995234639410435
3156,3250,3370,3225,81.17268509405663,12.423980069351575,14.803512953115055,13.797422002267746,0.9795185674267433,1.19152742281304
3157,2961,2638,2228,45.84452698746059,9.622345525238034,11.554005488607762,10.397663350557869,0.9730485336126332,1.2007473082631737
3158,2378,1034,1035,32.218771372254764,7.418974095212352,10.221176344031198,8.853290073972412,0.9336742610964403,1.3777075122323417
3159,124,2469,2987,37.61989183082417,8.205892357073136,11.968763084353622,9.785996375541792,0.8837544509444311,1.4585571639916832
3160,2636,1745,2960,29.4650830480614,7.669672121757527,8.691929675760765,8.283085519028056,0.9889846911422561,1.13328569171859
3161,2522,2999,1559,32.5177602905318,8.369222177400674,9.130457685497369,8.684528822476894,0.9943118876381339,1.0909565419534746
3162,441,3189,440,24.749135284566947,7.314097618260621,8.000000000000064,7.578759228128214,0.9935235200201241,1.0937781278755423
3163,2790,3145,3289,34.40086347500791,6.975707975182679,10.87615158377984,9.333600303943717,0.8828829183626811,1.5591466303454333
3164,69,2807,2404,43.72178941703591,8.97337430222992,11.048024657151462,10.15640807008612,0.9716944246194864,1.2312006927434178
3165,3235,3042,2345,67.15449704325962,10.7693299578035,15.525647071334715,12.952988885264995,0.903631511180507,1.4416539498898693
3166,2379,848,849,40.599071908537766,7.442950021904306,11.71735125642488,10.173393103316506,0.8742402220748077,1.5742885847602337
3167,2379,852,1888,40.706410413382805,7.770177927439909,13.018493479050543,10.422120809060083,0.830359327065148,1.6754434197801993
3168,2287,3234,3038,65.76171236704997,10.824430458999926,13.915839039537643,12.515089159567095,0.9596106412969713,1.2855954955087154
3169,847,1888,853,18.448136591150014,4.788720463568097,8.40258532046691,7.009619051566587,0.824795956793217,1.754661894423068
3170,2968,3415,3215,108.30297000818733,14.549246397533961,17.46684408453569,15.952624068142148,0.9773511512797212,1.2005325641812108
3171,850,2379,849,42.62851752149216,7.824363448479894,11.8323861295791,10.338875869893108,0.8942273923155597,1.5122490420454433
3172,851,2379,850,40.57058757799456,7.648946001373649,11.8323861295791,10.119749252046917,0.8871372922819277,1.5469302734591355
3173,1309,3039,2304,37.53808497490954,8.087262252177482,11.841611720921504,9.747081808455844,0.8895960398981446,1.4642299645634924
3174,2742,2335,2972,53.706782947117155,9.761123953383965,14.429750181090258,11.734459599051954,0.8759783550076872,1.4782877719822196
3175,2908,3213,2965,50.23036621721175,10.473605979143523,10.935267563220394,10.776709522521678,0.9984388918583548,1.044078570933086
3176,474,475,1997,26.238893340784664,7.191343341816523,8.2801981984346,7.823847180083676,0.9864947101637667,1.1514118857719613
3177,468,2930,467,43.212476714756576,8.0,11.958997224242877,10.37900402286131,0.9018548707579408,1.4948746530303596
3178,473,1997,472,26.517810791941812,6.998321917337388,8.78085587982789,7.926392599055087,0.9665448270636173,1.254708769265746
3179,1688,2697,1687,25.91402937193472,7.164003343455251,8.86975220977703,7.849433727261306,0.9628550929101016,1.2380999539705804
3180,2851,1546,1547,35.70703503279162,8.0,10.347042107479444,9.231030086942637,0.957337930350215,1.2933802634349305
3181,2780,483,484,39.24366177735179,7.999999999999984,10.992661170126693,9.754759525454459,0.9364319102830625,1.3740826462658393
3182,2724,2311,3177,47.80132673684349,9.89377015786094,11.714295853521216,10.603267704362478,0.976386028111315,1.184007275953728
3183,2727,2725,1202,39.98111839835635,8.67561759716575,10.401936875932426,9.689241250923793,0.9778557646614574,1.1989851741887112
3184,1183,2722,1182,36.466512787819106,7.4795879718441425,11.294162519120647,9.561984686127527,0.8966946399356533,1.50999795197756
3185,478,2468,477,37.93215174131864,7.779329032477899,10.554215159299165,9.593115598997214,0.9351566412268316,1.3566999307056433
3186,2380,2782,482,45.25675374106413,9.401924894615222,10.742092259481163,10.276460080372251,0.9861062549562315,1.142541807117976
3187,3429,3389,3391,53.00808775269614,10.448054930136617,12.267795835097036,11.155664598363233,0.9786889107927875,1.1741703041502505
3188,2310,3180,3366,84.56878079173737,12.883423597097794,15.454201530114224,14.097332337666431,0.9772663114423273,1.199541520438367
3189,472,1997,2986,25.64574729592777,7.145381637780652,8.78085587982789,7.800685313852174,0.9653958285571592,1.228885499047356
3190,2986,2466,2831,53.42961286203424,9.283304499964304,15.243968004390226,12.020029236997061,0.8197533687924877,1.6420842389096297
3191,3135,303,2758,24.29379862583443,6.797259389795502,8.677531561081459,7.621788231371414,0.955653145053015,1.2766221006820406
3192,721,2819,1941,54.31129042790836,9.924189881483379,12.209376385459745,11.324356956695233,0.9704625371408436,1.2302642866840026
3193,2831,3155,470,44.78376259732984,8.784871061343853,12.404170180050508,10.50958846933723,0.9181047307585113,1.411992286902501
3194,2930,2777,467,64.45072839189669,11.958997224242877,12.666211323655405,12.21310367680462,0.9971829651615949,1.059136571917492
3195,471,472,2986,27.749480167050198,7.145381637780652,9.363322511459828,8.169568049746848,0.9483335590912124,1.3104020171507684
3196,2483,2028,2844,46.07603495267211,9.876207355747217,10.929817743190963,10.343990067923178,0.992703908214892,1.1066816794637895
3197,2190,2614,589,50.773698050734176,10.539776847423852,11.234726707720043,10.84047135171634,0.9970760754015988,1.0659359178430852
3198,3352,1959,1644,48.43440437649576,9.478025931543653,12.202963234654042,10.760240214419794,0.9557498839926798,1.2875005114769282
3199,3149,3148,2467,38.549303201509034,8.737948258032395,11.701324649827109,9.775076918337762,0.9139194427321167,1.3391386975850559
3200,2585,2154,3293,64.37934743182325,10.03196249928093,14.420268391820581,12.581623361255788,0.9191279805404478,1.4374324458304342
3201,427,428,2809,33.20588539648206,7.999999999999903,9.934191742324833,8.87218932740849,0.9663349480673177,1.2417739677906192
3202,479,2468,478,39.34267729104213,7.999999999999984,10.80884661211564,9.751549739110068,0.9400857545090787,1.3511058265144578
3203,482,2782,481,36.5368293318264,7.999999999999984,10.68536308702037,9.38127398636962,0.9458045116335047,1.335670385877549
3204,1997,475,2466,38.929810578403014,8.2801981984346,10.578258671707806,9.623051879460514,0.9609453056942893,1.2775368920163845
3205,479,1998,2468,58.37723192678783,10.80884661211564,12.25220133170907,11.658313381993588,0.9891434855413365,1.1335345732425857
3206,2374,466,2777,57.00843634260661,10.690942745602845,12.573665170945983,11.555230153741375,0.9815796016017967,1.176104434393075
3207,2380,483,2780,45.43442642269237,9.147919231220724,10.992661170126693,10.340277388888895,0.9748408443457542,1.2016569989610415
3208,2077,3454,523,79.39486369996234,12.831151872489679,14.542685102691728,13.598193071374604,0.9888884837724627,1.1333888997036674
3209,3202,2082,2534,41.13229547719435,7.831794491950831,12.098990428262022,10.19749343188618,0.8866768400425318,1.5448554530761534
3210,3480,2719,3215,60.38429410958102,9.846618819397786,13.45684234402964,12.101201643888503,0.9358196500080183,1.3666460122859365
3211,487,488,2382,34.410517607820076,7.999999999999886,9.722592218551974,8.99952919402005,0.9747730412784152,1.215324027319014
3212,2952,2860,3451,41.83207307357516,9.551516713325306,9.987272669131483,9.834912460275833,0.998359947699173,1.0456216503498608
3213,3142,3143,2784,24.695060399593345,7.2250702900077775,8.098295111237652,7.580810079493445,0.9899659499279156,1.1208603911352306
3214,418,2383,489,32.34542981922583,6.792886525655615,10.82850567817754,9.094907121481244,0.8727155908971022,1.5940948869497606
3215,76,2404,2807,47.63522629300578,8.97337430222992,11.851241879855783,10.69010176766706,0.9498836331363918,1.3207118616361182
3216,2513,1776,3071,37.559688857479536,8.327880304197553,11.095380700173756,9.544892656774227,0.9383721103220809,1.3323175039609159
3217,2702,3037,1691,40.751054507591526,8.60141690453658,11.558405687136922,9.946792905989629,0.9370625485346488,1.343779265139533
3218,418,489,417,22.62741699797016,6.792886525655615,8.0,7.287305040219252,0.9790953994705216,1.1777025819267428
3219,2287,3038,3037,55.787621746730494,10.404140800592064,13.915839039537643,11.71784682029425,0.9218753015858656,1.337528903755872
3220,2831,471,2986,41.59694584985277,9.283304499964304,11.112178784085074,9.919601931836402,0.969260047628753,1.1970068184370988
3221,2383,418,419,26.549156356265105,6.7087709451183075,9.663329160610575,8.124033368576255,0.9088403001063246,1.4404023091058393
3222,2781,423,424,44.02711807299738,8.0,12.220455251229197,10.517102581734273,0.8926077156619389,1.5275569064036496
3223,422,423,2931,30.61753872477403,7.822080071706889,9.141358877088127,8.461368905730332,0.9836198531124716,1.1686608668393945
3224,468,2381,2930,57.93728942160039,10.987089365175272,12.816717438392052,11.660607215969458,0.9791890593056397,1.1665252745659809
3225,2410,2809,428,43.605424153315376,9.934191742324833,10.132602587733093,10.036041055410246,0.9997390843007089,1.019972520216509
3226,424,3140,2781,50.58309854796599,10.196949026647108,12.220455251229197,10.933455464041998,0.9704444035742167,1.1984423202758174
3227,3201,2951,2504,43.63444749663615,9.277938551419732,11.025627250609945,10.116209893535826,0.979777570706135,1.1883703679976172
3228,483,2380,482,40.1699095970739,7.999999999999903,10.880251765319269,9.874114674933447,0.9346241439765515,1.360031470664925
3229,3143,484,485,39.849712168405,8.000000000000064,11.660290126315276,9.936675709850341,0.9112394729949432,1.457536265789398
3230,2466,2986,1997,38.57261692010065,7.47581842394798,11.532815206636654,9.86229743409748,0.8884472450024806,1.5426826271880174
3231,2784,485,486,26.336087554216526,7.380805410379224,8.068765029555504,7.816523479978237,0.9939019333634302,1.0932092882720954
3232,3316,2386,460,45.38342919656115,8.201386667704243,11.94302400642617,10.60589852859366,0.908313654384305,1.4562200869586968
3233,2287,1710,2907,32.58944510732175,7.838050077398817,10.492388492373417,8.923280906097895,0.9301232810677732,1.3386477999966395
3234,2382,2784,486,28.76395558110697,7.380805410379224,9.917244190283716,8.397239895525374,0.926300724504623,1.3436533872492609
3235,3451,2860,2527,57.85973090381035,9.987272669131483,12.674203259726404,11.74085721352906,0.9586328084111577,1.2690354694029378
3236,2706,3327,2298,77.04735841310936,12.544387549684055,15.040409708461281,13.487559312472676,0.9715777229511567,1.1989752109372682
3237,2382,2383,421,60.606938557118106,9.95094412903518,13.414556226014884,12.098029363281062,0.941220295443085,1.3480686909771171
3238,419,420,2383,23.41515150987946,6.7087709451183075,8.12691056620756,7.42210497234489,0.9756799087119818,1.2113859055094396
3239,3221,2516,2065,76.05550139265524,12.196980129029528,14.983932441033163,13.415016516918621,0.9686955322407467,1.228495273626832
3240,2466,476,2833,41.124887201560746,7.279308356010094,12.21870738193885,10.366306694548284,0.8458006248205889,1.6785533438558882
3241,2781,2780,2931,40.18560647677934,8.597220655974048,11.53374506377873,9.886408438748122,0.9351313553284463,1.3415667138616647
3242,2907,2701,3234,22.33479925705338,6.320207523258069,7.816816052232289,7.269247888137403,0.9678051631229663,1.2367973715209146
3243,3234,2287,2907,32.766234046613036,7.816816052232289,10.824430458999926,9.026883553251222,0.9098844814301317,1.3847620804520193
3244,612,2585,2165,62.990127148586446,10.323154332544057,13.349073799987622,12.27592014895655,0.9532036792101265,1.2931196580006812
3245,3220,2852,2058,47.12156371969759,9.628274485468507,11.485763163945117,10.516571772023633,0.9788264090654366,1.1929202040594116
3246,429,2410,428,35.58093477608756,7.999999999999984,10.041328836172813,9.181140116370072,0.96626627786845,1.255166104521604
3247,491,2151,2152,45.544647525419606,9.2925228263126,10.975092453809708,10.331500243743106,0.9803425668939592,1.181067042712315
3248,214,2621,213,24.73982094114419,7.126619308561026,7.889305735837344,7.579302689848634,0.9927234422109272,1.1070193866480453
3249,2371,659,2774,32.62801845314577,7.95607230646985,10.643372615922376,8.961654011168916,0.9218011754990629,1.3377672054673537
3250,364,365,2170,23.754666802853794,7.00614393672423,7.999999999999964,7.442660707844994,0.9872929400939662,1.141854930793845
3251,1253,2692,3111,39.81278137649088,8.766937076945387,10.92294127717466,9.721640319079121,0.9646254387112546,1.2459244524406323
3252,2372,656,2776,33.14722209872271,7.834761967201153,10.222645814324036,8.925110189044329,0.9494085655399858,1.3047806502762096
3253,39,40,2788,43.22456009989159,7.999999999999984,11.821823583084125,10.36450194789783,0.9052684495453415,1.4777279478855185
3254,875,2334,2332,41.87994730141891,9.382020306918696,10.536044975227808,9.871918352600295,0.9900266408632982,1.123003855305886
3255,1353,2236,2420,43.96916586433611,8.17453713266619,12.576604387234045,10.545328765343532,0.8869009662260728,1.5385096652111099
3256,2385,43,44,37.825813522305864,7.999999999999903,11.154145447515447,9.612555824079687,0.9286971449830473,1.3942681809394477
3257,1676,2239,1672,38.285328489149414,8.711849955061224,12.483558066945598,9.995331884724747,0.8583817723472887,1.4329399761635206
3258,658,2371,2775,48.78512658848645,9.517586977312387,11.826037462679933,10.738722171066813,0.9694293171468964,1.242545772460008
3259,3040,3121,2917,49.769301144137614,10.107895656933577,11.350559039417492,10.756793902885633,0.9911162530118789,1.122939870439947
3260,3024,1403,1404,25.733501734663143,7.261066576318537,8.000000000000057,7.729740730857796,0.9928064454516373,1.1017665126624097
3261,2688,1269,1270,21.213833532985667,6.4496261485906174,7.442950021904527,7.03645186943747,0.9858909376446007,1.1540126280855787
3262,2917,2728,1205,53.01263191584347,10.089784610415588,11.996258839765755,11.147021536075234,0.9803331431761887,1.1889509343323474
3263,37,38,2000,18.050022903062946,6.032024275070444,7.441259521564454,6.556920642979613,0.9607258975984005,1.2336255927082709
3264,121,122,2001,20.80331647273061,5.656934500185212,7.952451632799948,7.1404549729966424,0.9223149093955151,1.4057881760058526
3265,42,2789,41,19.38681173338,5.178289381274658,8.0,7.009866515281708,0.8810032269477578,1.5449117287513903
3266,2789,42,2385,32.055879690701204,7.851310164570466,9.555384622854723,8.689458996391423,0.9741919825850067,1.217043324307069
3267,43,2385,42,32.686091539110016,7.980828764929763,9.683522024723707,8.775344330467517,0.9740500365146604,1.213347925377889
3268,38,2036,2000,20.357494972274722,6.197478132303943,7.32466393749242,6.9090571286987315,0.9796417055290467,1.1818781415803785
3269,2829,2461,1224,30.600389046244644,8.044175496777399,8.667415152623224,8.41911888090762,0.9959727750636768,1.0774771331251418
3270,47,2794,2936,45.74642153503135,9.770743384437074,10.735657995713172,10.301394346621736,0.9940560695719088,1.0987554962105568
3271,1028,2376,3328,53.00908229653214,10.078481512724775,12.798364366667453,11.253145185517871,0.9568869691090149,1.2698703024367946
3272,1583,2116,2114,67.87716407378501,10.950250972280223,14.138110702830051,12.721037506621448,0.9582745323679808,1.2911220700438435
3273,2294,2261,2678,49.8408265549477,9.982353718083301,11.925806231943563,10.825733377745125,0.9766119448107349,1.194688804739472
3274,3045,461,2374,38.7382039349494,8.696872582910865,12.022456757274849,9.883222206404996,0.8948412766518383,1.3823885129579423
3275,1400,3027,1399,32.769728823180465,8.000000000000057,10.032812833261422,8.83923607604479,0.9593686444186407,1.254101604157669
3276,2388,2793,2934,40.46735212483306,8.710764760768393,10.692799018590497,9.767954871547792,0.9727186317882106,1.2275384897028565
3277,2240,1361,1362,32.46629118606275,7.633415762108978,10.45020416440644,8.910801495252628,0.9284117176538259,1.3690075963475665
3278,2891,1392,2648,41.38248081194225,9.64903975221623,9.94950145932747,9.778388970813175,0.9993301105484024,1.031139026766081
3279,2933,442,443,36.317786686846574,7.752890036509878,10.984868450493533,9.440468950047697,0.9229554906340706,1.4168740171424639
3280,2387,2933,457,46.52000409144189,8.585879308099452,12.281211002437809,10.68700972529301,0.9212527860819361,1.4303964173887678
3281,458,2790,2387,38.73767414117014,8.279926124809943,10.291080782423975,9.581844631253738,0.9654583622342425,1.2428952417326302
3282,109,2220,112,25.178068178185676,7.56210182281824,7.73077635169279,7.626468341161786,0.9996166123310777,1.0223052443390253
3283,453,454,452,38.484657255309635,7.80570866809352,11.365533559089034,9.754795202449444,0.9131899236683785,1.456054029475452
3284,629,2219,628,38.26340597098908,9.062842893064929,10.029800992640522,9.43063207619514,0.9915408636880921,1.1066947878259623
3285,3106,3103,3104,27.965060268392833,7.15836120827546,8.901708359617572,8.13057274433608,0.9692279697579006,1.2435399808166576
3286,2527,3224,3422,80.00077170972085,11.71085191254467,15.036428502175543,13.816711469113171,0.9565929966144604,1.283973925591913
3287,2798,439,440,32.040049760340096,7.411194028652488,10.004778934454793,8.794450004384549,0.9428493677580136,1.3499550673987513
3288,454,455,2389,23.302349030271472,7.064351556569724,7.531124527449802,7.343958280820594,0.9970386143304828,1.066074425535347
3289,2993,2060,1517,52.827635448634055,10.000577880597024,12.28079196247174,11.162862751423091,0.9722909248543296,1.228008232034146
3290,2389,451,454,28.87959294799957,7.531124527449802,10.641001764799295,8.614361383118089,0.8745208896005133,1.4129366372862995
3291,2962,2895,2896,60.58789234503734,10.45119347362443,13.215583245089768,11.989290380712037,0.9645429237721397,1.264504697807174
3292,2389,455,2934,22.18103840733564,6.8616934223202835,7.610173065683546,7.178739348191184,0.992073138764241,1.109080892615888
3293,2553,2102,3050,69.91488385875053,12.044846447470245,14.048034078954686,12.80539488117042,0.9799613599683881,1.1663107653734486
3294,2790,459,3145,28.535955145728785,6.975707975182679,9.333789547588077,8.286523720840309,0.9464726945232823,1.3380418992301129
3295,1032,2377,2779,53.55146856863766,10.288749464364273,12.374591534610937,11.225755232418487,0.975598020709952,1.202730378212737
3296,3040,1207,2319,67.11587919038402,11.085135389287872,14.17879441872026,12.64280469864695,0.9601180137684866,1.2790817541499717
3297,2936,46,47,30.593900459679844,7.8857457427383455,9.770743384437074,8.552163042391806,0.956275448952698,1.239038602459957
3298,304,2758,303,31.16004371330741,7.999999999999903,8.839210865529221,8.505580808870194,0.992880105571635,1.104901358191166
3299,2680,2740,3130,45.10262956904379,9.272488407206751,11.811249369151165,10.382279154951704,0.9563261914310746,1.2737949998375022
3300,2985,687,688,25.168815137001175,6.782439298828845,9.084379208750326,7.815812789411382,0.9375323508131597,1.3393970529627839
3301,982,2438,1934,32.97724391088471,7.997402501014916,9.446937718202136,8.786914269623763,0.9818127644312523,1.1812507519789415
3302,123,2001,122,29.42157581634697,7.952451632799948,8.88090514213424,8.277785591644697,0.9889705261614462,1.1167506012240147
3303,49,50,3146,28.684890858141223,7.638978608685339,8.957766684036207,8.19891509757387,0.9809431939168126,1.1726393203734642
3304,1728,2843,1727,25.784611784854626,6.845390751701743,8.602445813857216,7.815945521852986,0.9663509189488928,1.2566771022850192
3305,435,2783,2398,54.28461725555429,9.802630219493214,13.276671842962344,11.476451319802733,0.9374593364830546,1.3543989261739933
3306,47,48,2794,39.74915932954718,8.0,10.735657995713172,9.808191568143915,0.9382739735236626,1.3419572494641465
3307,1539,1540,2950,20.97029390193623,6.141011461410974,7.999999999999972,7.083466975994567,0.9542283521097652,1.3027169954445699
3308,52,53,2397,32.29206257134964,7.999999999999904,9.684823258168061,8.727219718687628,0.9727553610377391,1.210602907271022
3309,2935,2390,2794,40.39699780710722,8.5240688941676,12.633957267220836,10.21263357929937,0.8687979508739964,1.4821510037143568
3310,970,971,2818,45.542351097399724,8.000000000000025,12.839085055798165,10.80354275940464,0.8698359709577992,1.6048856319747657
3311,3146,36,2391,35.724629699471286,8.652753233399764,9.674291455063097,9.113319815120455,0.9912405376313551,1.1180593267955659
3312,50,51,2795,28.940764370125184,7.8220351317739105,8.810387186822526,8.21080743953214,0.9886608597338425,1.126354847350893
3313,2979,3336,3346,36.801993203569864,8.657088479744663,9.898128977167461,9.261276118871509,0.9879353532919577,1.1433554133501709
3314,49,2391,48,30.63633331004086,7.54697133429728,9.870311050525839,8.587751681456327,0.9474174625388636,1.307850608318879
3315,2481,1728,1729,29.513832680134165,8.0,8.778655110597517,8.279533559820205,0.9924782994967458,1.0973318888246897
3316,2056,2500,3062,67.18090147934318,10.87408408980698,15.174501903421389,12.858728141934046,0.9208451014606447,1.3954740259591596
3317,2135,3088,3231,55.74380201966168,9.573782033833126,13.279354576331688,11.642554113849252,0.9333281116922818,1.387054199625948
3318,2392,52,2397,38.43801837418049,8.704895433498772,10.018084531617877,9.469267741094903,0.9865647388481588,1.150856389735091
3319,2795,51,2392,30.653698759033936,8.09247547803737,8.810387186822526,8.42943972303713,0.9950713454646956,1.0887134858466407
3320,50,2795,3146,30.077683747135314,7.8220351317739105,8.957766684036207,8.373534476484073,0.9876277350679206,1.1451964269054276
3321,2142,2418,855,37.93167744323516,8.44532361753192,10.29649198175378,9.450393465611226,0.9744781558989111,1.2191944853811119
3322,544,2812,2942,29.292732878077107,7.083671318773583,9.452635299066163,8.392750696460626,0.9473987141214942,1.3344260163531592
3323,2394,53,54,23.362073604666744,5.848302915104849,10.15032129153041,7.999541402211775,0.8043326101218937,1.7356011545356889
3324,2075,2525,2952,38.390649985971244,8.866672812521943,10.960211110060703,9.582962473040658,0.9555660081227918,1.23611317816782
3325,2394,55,2393,41.705564542307236,9.316586957635126,10.649273589018135,9.865678385677036,0.9862757900338821,1.143044511626744
3326,3409,3500,2948,92.32066363604693,13.445517824516754,15.697020945590717,14.688694044136112,0.9841908112093642,1.1674538050865202
3327,308,2221,2353,62.495888197373276,10.966530978075554,12.804008203417446,12.090115661299484,0.9830437872595286,1.1675531878782273
3328,2796,58,59,28.551533287281714,7.832711595636395,8.531682242103876,8.136324905487905,0.9947427895179732,1.0892373781331204
3329,3063,1513,1514,23.2826175180796,6.176968434768239,8.311048383814851,7.496005606194373,0.9420554378864668,1.345489858266806
3330,2797,35,3048,49.051978047088184,9.430823922893726,11.919079139239619,10.787265008071103,0.9647296184590634,1.2638428239875783
3331,2639,1487,2640,40.3979970796041,8.481620646052047,11.1286900048765,9.83975583410398,0.9520788666005703,1.3120947598683972
3332,362,2583,361,31.26150314902784,7.816191175623643,11.10344486501406,8.97321201354594,0.8719970580430138,1.4205697654430942
3333,2395,57,58,34.157017957407625,7.750632037083624,10.325851056752503,9.067968028654198,0.9465669397736716,1.3322592283245422
3334,3082,2110,1647,56.70711976382564,10.220277216540959,12.27803992170269,11.551932938131833,0.9748634674723908,1.2013411829799838
3335,2578,751,2581,47.09738026693019,10.294765026133025,10.686479876410004,10.433810461683919,0.9988090640334867,1.0380499068490268
3336,2393,55,3047,28.53380477178093,7.192310351779418,9.316586957635126,8.257567792430022,0.9558520724684436,1.295353857377713
3337,2797,2937,34,33.998022095805894,8.09544473588466,9.750618037488618,8.938054999976693,0.9772133981458347,1.2044573652966926
3338,2483,2665,1410,32.14488504699118,7.6463804778632625,9.962624980233926,8.775444543454421,0.9529056902136824,1.3029203829284106
3339,2581,2149,3091,68.71798686556245,11.516771188645592,13.505610924880562,12.678937476982645,0.9828229961276352,1.172690739761833
3340,854,2418,1881,47.43679037686423,9.859763051830608,11.163595364360932,10.507395926926998,0.9897174643787906,1.1322376922930464
3341,894,2342,2748,31.112133899893912,6.35968571628541,10.628588413690382,9.006161628898022,0.8485678472707896,1.671244285935936
3342,3373,2466,3156,86.54041370710604,13.35842042508572,15.264937905091738,14.205778454574185,0.9872755119661347,1.1427202782468036
3343,2002,31,32,27.05923716738478,7.3325010462311795,8.514837638280358,7.949112894837142,0.9853042194009854,1.1612460175040664
3344,3073,2521,2073,58.14878217002766,10.92480102144321,13.119599365351078,11.725552872807683,0.9698226115230204,1.200900532613813
3345,31,2470,30,30.458475523248104,8.000000000000114,8.90251027774255,8.412252922727573,0.9920462425744532,1.112813784717803
3346,2805,2802,64,46.97293818323375,7.9656133145125105,13.198364420773098,11.044406858244196,0.8543686314559314,1.6569175403891454
3347,2804,2940,3192,56.97412015898254,10.537356813080892,12.735858186887471,11.579440652278487,0.9753924015775983,1.2086387898602236
3348,808,2187,2610,49.38656299512884,9.400192997325096,12.315154714661531,10.87885422203945,0.952297595579894,1.3100959435796597
3349,2829,1984,2461,28.368800038198323,7.162451441310957,8.719848696060254,8.183238429998145,0.9707807517043365,1.217439136238562
3350,2888,2639,3170,74.17840544391156,11.992417346140583,13.796150602464799,13.162702317780791,0.9848491694907159,1.1504061445046938
3351,2987,123,124,25.47352251129554,6.966851583202402,8.205892357073136,7.724247980091867,0.9811648418273904,1.1778480220331022
3352,2168,2612,596,53.87483283564017,11.057103741729705,11.353140223391842,11.156927995883919,0.9993759096820197,1.02677341992776
3353,2932,441,442,32.698674443810816,7.999999999999984,9.139374625464292,8.734113628057907,0.9864042980294138,1.1424218281830387
3354,2153,2583,2595,52.42181308207299,10.508766518089423,11.567192224849954,11.028459035096814,0.9938364191116278,1.1007183578528072
3355,2932,2387,2790,36.991904131129054,8.279926124809943,9.848208896821504,9.325179235996309,0.9762745456571115,1.1894078218056032
3356,2583,2169,2595,57.717707494899784,10.560243963926673,12.861651618513632,11.663029269096754,0.9735581073039664,1.2179312961375197
3357,442,2387,2932,43.86760431242838,9.139374625464292,11.846135126315737,10.277906216200511,0.9472562834155397,1.296164739030373
3358,3034,2278,1171,34.5121803923332,8.120622732119292,10.458060213026481,9.105698594236783,0.9500626742887005,1.287839683976696
3359,2399,437,438,28.70833704752133,7.570411021332054,8.739076754429352,8.184181275217032,0.9864436961146655,1.154372824646404
3360,2251,2666,2667,52.06554566610796,9.670841559870707,12.791866367430348,11.193186284722449,0.947416501856708,1.322725254905465
3361,2246,2667,2666,49.15708044043858,9.154088086891067,12.443153176638186,10.904697396798516,0.9402465536922515,1.3593001354724956
3362,3114,2695,2280,47.658110853492374,8.929236212561362,13.615078861772641,11.076545163605752,0.8705628460277939,1.5247753041429666
3363,2930,3188,3315,47.43379892632866,9.11068272158179,12.722991047529797,10.800288926070651,0.9217107500860674,1.3964915074246862
3364,456,457,2388,41.977839207864484,7.999999999999903,11.626710876617247,10.180088734325716,0.9137408298899597,1.4533388595771735
3365,2792,445,446,29.15582331348986,7.999999999999904,8.440760905683955,8.211612004957498,0.9980639180149418,1.055095113210507
3366,3074,517,3246,21.32609923073622,6.79366402943117,7.331332393505556,7.02885594593096,0.995860011759893,1.0791426190263642
3367,447,448,449,36.123361344853244,7.548383215104728,10.496628513296079,9.383105262875368,0.9294931448717804,1.3905797061669776
3368,2400,447,449,37.68910520110633,7.770548323246827,10.496628513296079,9.557039598346291,0.9365685372042848,1.3508221140448673
3369,2435,3083,2113,54.78519799841117,9.509897673252913,13.570818333631689,11.61250810263202,0.9194220465633798,1.427020437012727
3370,370,355,2584,43.84252368428574,7.508687440870598,14.39612192139691,11.206012428413691,0.7578053293267322,1.917262109358456
3371,444,2791,443,28.71116529104761,7.999999999999886,8.439787739891134,8.150711764686443,0.9974379575613309,1.0549734674864069
3372,3198,2154,2949,34.20321354390821,8.679580055022614,9.230496564585527,8.897446042706873,0.9970610795042356,1.0634727148169012
3373,2612,2189,2614,62.838484896374155,11.104931926985389,12.842917862576874,12.111332338700324,0.9856933782881204,1.156505771221174
3374,1253,3111,1252,27.374733225397218,7.2931282657607515,8.766937076945387,8.020021780902061,0.9773707023083518,1.2020818443717447
3375,2189,2168,2613,67.82989279297749,10.893770716021045,14.865456452543507,12.839253269358656,0.9353213218130613,1.3645831953009124
3376,2594,2613,2168,67.08197367269004,12.199073063558957,12.75853263951141,12.453151832944586,0.9986122353981233,1.0458608267232752
3377,2642,2231,3056,50.659550324020245,9.393535675101383,12.307110957228243,11.010047351154299,0.9535911145440666,1.3101681180441584
3378,2914,1186,1187,29.262429083841123,7.315837792157866,10.797789661705137,8.704542484621008,0.8659724631495976,1.4759471120696133
3379,2933,443,2791,30.436928742352418,7.5204437453514155,9.583648363139678,8.514626616127408,0.9601145415436696,1.2743461273895684
3380,2246,2661,2667,77.40462415575809,12.443153176638186,14.386299510328664,13.440447091117662,0.9861100294190059,1.1561618912912448
3381,432,2832,2467,62.17109748360458,11.53660059956508,12.291108034781173,11.995655052030012,0.9970417237600199,1.0654011923793685
3382,3183,3361,3390,66.62639985822976,10.869953120070448,14.385116499678547,12.653858073533899,0.9487373315082963,1.3233834903222947
3383,3120,2296,3364,86.83544385787879,13.92070678306614,14.526024354626093,14.168348146556076,0.9986487486569505,1.0434832498804079
3384,3118,3116,3117,60.42978094619378,10.220385877830141,13.52640967121229,12.04121229372206,0.9502130439214436,1.3234734806396606
3385,77,23,2806,25.56634218716795,6.756838868614864,8.428432027449208,7.780938431114841,0.966655251405647,1.2473927810531047
3386,1998,2467,2832,76.72164414681579,12.159256521743782,14.25932258026654,13.397527322582519,0.9827032171791028,1.172713360785449
3387,24,2939,3190,35.32186650739762,8.349549360217837,10.909816118925075,9.281841376723143,0.9323933816302682,1.3066353222493485
3388,510,2527,2860,61.13038565310573,9.819163995067184,14.511036329184615,12.3348011946594,0.9056975742229751,1.4778280856165014
3389,657,2775,2776,47.82682843738206,9.571613329522984,11.18557011658901,10.578812728208087,0.98243932583806,1.168619096018838
3390,434,2398,3049,39.613919206701496,8.537935786764846,10.947482002048682,9.71934190964602,0.9586110910512565,1.2822164836398764
3391,1174,2695,3115,23.334456964210716,7.160731245626376,7.5220351574858775,7.345330695253356,0.9983872196381981,1.0504562871396936
3392,3389,3355,2345,76.92561106693904,12.049418272004871,14.205643356514788,13.429495906695523,0.9798326095051599,1.178948479987586
3393,3181,2311,2724,49.55302718126395,9.628666973510137,11.714295853521216,10.799543331475967,0.9748688244504842,1.2166061912566866
3394,2406,318,319,29.44239368327726,7.680044888880632,9.376127112935501,8.35205733393871,0.9672255527433142,1.220842748785297
3395,1182,3119,1181,29.600727361566758,8.000000000000085,8.641726792036474,8.281273534189875,0.9957566698722319,1.0802158490045477
3396,3156,2833,2468,45.80093378769274,9.618399820097416,12.376290727506893,10.557124930689852,0.9351469346711572,1.2867307409749105
3397,326,312,1817,1.386817487974051,0.9323441445773142,3.1852869535679322,2.3665548943173214,0.48263156672565044,3.4164283350672062
3398,3216,2914,2308,48.872852114667054,10.101487191670593,11.137321548432661,10.649136014638112,0.993681595971582,1.1025427580224216
3399,1178,2281,3035,39.54326489669758,8.500026760986225,10.744464859605419,9.686676833339952,0.96452946378846,1.2640507096896223
3400,2799,2401,324,46.328695919679475,9.6508527321609,11.948989136579101,10.51015265495205,0.9594666087781438,1.238127807790476
3401,3097,2884,2645,61.80023036240241,9.665088453564929,14.633514648864685,12.446355437507215,0.8964781233203242,1.5140590506926166
3402,323,324,2401,30.621278613417417,7.836295930271186,9.93061609611615,8.588970675462447,0.9469958886538958,1.2672589428067307
3403,643,2776,2775,49.74769403993507,9.571613329522984,12.07437260007859,10.863880021317485,0.9648628571154637,1.2614772645313634
3404,325,326,1817,11.634232835073549,3.1852869535679322,7.999999999999984,6.163555611021665,0.6321182963289989,2.5115476616758037
3405,687,2985,2419,31.804829159091035,8.177390209262665,9.084379208750326,8.59517870841632,0.992344368156691,1.1109142374617638
3406,2667,3158,2251,64.55438991514029,11.914212651028974,12.791866367430348,12.230005156226255,0.9956608862917893,1.0736644327332512
3407,435,436,2783,43.71865441758355,7.771296966732224,12.884036862493012,10.66846190872596,0.8526993594573988,1.6579004659901269
3408,1187,2720,2308,35.3635575016464,7.351966474794674,11.864520006412194,9.61509846080756,0.852099025605042,1.6137886437714675
3409,62,2801,61,22.4039302035882,7.013922598637679,7.3925482062455155,7.198038501544054,0.9981471335068975,1.0539820054018527
3410,2802,63,64,27.75954801893763,7.450881674836835,8.775363921993378,8.063952970447575,0.981375786967769,1.1777618146359232
3411,3131,2749,2343,50.22773910842379,10.155815225398511,11.580152402821751,10.818867631130104,0.9881179015378649,1.1402484336128071
3412,3360,2903,2963,60.75340323946611,10.920941995281423,12.826547619390636,11.92123580919086,0.983033027370056,1.1744909573672824
3413,63,2802,2801,35.363805548171726,8.685421152016565,9.779414444347399,9.080066506119115,0.9876134254846052,1.1259574260341807
3414,3116,3118,2694,46.064581049522005,9.33344935890448,11.92067637622197,10.49150387098553,0.9564623146084698,1.2771994487599778
3415,2835,29,30,29.04626538852567,7.999999999999886,8.325298510982973,8.193743869460727,0.9988455068830365,1.0406623138728865
3416,66,67,2403,41.00915297495584,8.000000000000064,11.164054896146085,10.007927243280376,0.9267702058469018,1.3955068620182496
3417,2914,2721,1186,27.258892450774482,7.315837792157866,9.217898080080323,8.073919141305256,0.9557601331029296,1.2599921351401955
3418,2970,3263,2309,72.33642539810695,10.733139225394481,15.27124938111844,13.31479817458141,0.9233997503856846,1.4228129404104668
3419,2974,2750,2923,64.556979628656,10.279030988322475,14.576968271921718,12.581119982561454,0.9236589411080895,1.4181266977871676
3420,2807,70,2405,54.935267431569955,10.666061404155336,12.577154958382078,11.368822246980587,0.976004701517705,1.1791751877110148
3421,66,2403,65,41.41466694076124,7.665915577925675,11.846306439710192,10.225425637927318,0.8863024941043722,1.5453217974147964
3422,2403,2805,65,70.40215978861079,11.846306439710192,13.651130058749413,12.81469303582792,0.9867623695674782,1.1523532780638903
3423,3192,2805,2804,86.98967719512606,12.735858186887471,16.19175651348397,14.391336056145533,0.9607025985799499,1.2713518222238536
3424,2404,2803,68,44.711007530805894,9.933065211592595,10.46258915953883,10.168708136423357,0.9981111389173043,1.0533092189235043
3425,2964,2699,2283,37.26377601473301,8.336428386721577,9.939012704171377,9.355617856830378,0.9773586345234273,1.1922387194019957
3426,2802,2805,2941,65.18172687264551,10.551588263601117,13.695194441837453,12.481715708737221,0.954556459958191,1.2979272977396736
3427,3199,1540,1541,23.169346470101274,6.343637276923273,8.000000000000028,7.42393649941658,0.9606475155879931,1.261106152633006
3428,27,2804,26,45.53142933554572,7.999999999999886,12.108655508414703,10.710554442150581,0.8881633944393664,1.5135819385518594
3429,2803,2806,3190,36.049468210957514,7.220411535174484,11.045632800727654,9.519765115157234,0.8917020481730572,1.5297788425103573
3430,2307,3215,2719,73.21922767231986,11.173523673388246,15.417489404038477,13.349285140485454,0.9331248976650858,1.3798233981244428
3431,3290,2939,3191,34.94222983431895,8.633500724916349,9.713167255880228,9.024938596257128,0.9878535675559791,1.1250554746405421
3432,3186,2929,2772,38.50888627466664,8.766869657903486,10.561582612459912,9.52706258881846,0.9736486255111452,1.204715368722114
3433,75,2807,2405,55.95124578980047,10.863250378404349,12.567995414514673,11.454717419948844,0.980147420268009,1.1569277128601658
3434,2404,68,69,37.84207945415574,8.0,10.447825250876981,9.51943176300521,0.9520622262428597,1.3059781563596227
3435,2806,2404,76,43.36357159079153,9.265206742860867,11.851241879855783,10.229179007009938,0.9450456378057461,1.2791125129493237
3436,3294,3332,3200,37.31246387841609,8.621632067858089,9.710822781834512,9.320524368909728,0.9891173650650517,1.1263323121891253
3437,2997,2996,2995,51.242646079422855,9.968606122147063,12.07208318427865,10.982383204255958,0.9751696665811349,1.2110101488971794
3438,70,71,2405,40.73396083870284,8.0,12.577154958382078,10.259810554390173,0.8649647674333798,1.5721443697977597
3439,2803,2403,67,58.938153933127055,10.859726833694976,12.3310139382022,11.715019312132684,0.9889614038891235,1.135481041746114
3440,70,2807,69,40.32729017733209,8.0,11.048024657151462,9.904695353768933,0.9318664547676746,1.3810030821439327
3441,643,644,2776,42.52404124609044,8.000000000000114,12.07437260007859,10.315381262427506,0.8982557350962019,1.5092965750098022
3442,2801,60,61,27.872386721063823,7.013922598637679,11.225083377410654,8.746335325349444,0.8073055667166431,1.6004002353249396
3443,320,2408,2406,28.6866935628342,7.92730760248709,8.355089445103038,8.144971372004155,0.9981617648012617,1.0539630684296566
3444,3066,3069,2071,47.357682199284056,8.290264953911686,13.649192177850024,11.13129742431439,0.8494966146443517,1.646412057241883
3445,2408,321,2407,40.44024969607884,8.496410920394537,10.67222859385549,9.790521795439709,0.9655155021409154,1.2560866810523705
3446,3290,2805,2403,65.38917835745218,11.042142829021643,13.651130058749413,12.425847460251054,0.9708203029422328,1.236275446724948
3447,2037,2847,2003,54.74105366529354,10.600539043027286,12.842511205099136,11.396299244847105,0.9655843073630522,1.2114960525093816
3448,2251,2668,2669,41.31629359132749,8.753539013971416,12.701819996185913,10.29956998216546,0.8750070903045956,1.4510496812675073
3449,2037,2407,2489,63.1586940607869,11.082532877117483,13.12539965657115,12.163083227373704,0.9812680353262836,1.184332119931866
3450,3232,3033,2690,50.015904641921914,10.179202272800252,11.973242796643678,10.843772536869187,0.9769511015701103,1.1762456895701212
3451,1266,2690,3033,47.51496855707725,9.166660077251004,13.5135280666198,11.019686895011475,0.8793400991031088,1.4742041215378394
3452,3233,1172,1173,27.75958375859757,7.481463796599011,8.675118571271332,8.052194122623476,0.9851152735002187,1.1595482925700906
3453,2489,2847,2037,63.38337042369311,11.316914646874125,12.842511205099136,12.146914333468578,0.9894092460348319,1.134806756596543
3454,72,73,2405,33.72651464991843,7.4355765365419595,10.26979943657211,9.04942174601394,0.9349380575621313,1.3811705637217817
3455,3212,2284,2906,51.23892200670178,9.686817219651287,11.95365696410873,10.998027212886406,0.9709128997977674,1.234012854073347
3456,2405,73,74,33.80783433371022,7.4429500219043945,10.305758838505941,9.063866041779361,0.934017245575033,1.384633620832651
3457,2985,1953,3218,29.362657702855962,7.09888975540174,9.40320003831591,8.394011561097711,0.9499178282577923,1.3246015028139797
3458,3030,3031,3032,59.04148803563562,9.749923017052657,13.31484734521283,11.963119013932719,0.9364383574362855,1.3656361513752575
3459,3327,3403,2298,88.59735476942387,12.314419219230674,16.43289289303932,14.595907273577092,0.9474017647364396,1.334443192203257
3460,2976,2459,2945,36.0960848190044,8.336847459687304,10.9961088942426,9.377238816716302,0.933710816886219,1.3189768611473478
3461,1545,2504,2951,42.096079148681646,9.11032838530835,12.413268763241573,10.267178566656552,0.902473856502938,1.362548992554392
3462,3294,2950,3199,17.76998641134187,5.810716932374434,7.011025996298691,6.462016077456504,0.9770259015489586,1.2065681529307906
3463,3187,2779,2377,57.07455636558661,10.283795638943602,12.374591534610937,11.58569971982294,0.9757155073809514,1.2033097475945285
3464,1724,2645,2884,46.94327683819926,9.665088453564929,12.82921458709252,10.76430147793355,0.9186964203908793,1.3273768417877767
3465,2504,3160,3296,63.41943081134523,10.756839482106875,13.42466798719029,12.248703202179845,0.9682287114778496,1.2480123004086032
3466,2963,3032,3031,70.34714276481138,11.059703303265499,15.838708918781215,13.240999633859795,0.9064962438777676,1.4321097487402454
3467,3049,433,434,27.265962837554735,7.391708760165572,8.537935786764846,7.976548182310161,0.9862709590772211,1.155069289631157
3468,2344,2749,917,42.67126073229112,8.76146506508967,11.266175595541332,10.08328952391375,0.9592815893537032,1.2858780480026977
3469,3032,2963,2269,37.80396850252667,8.152123144883014,11.059703303265499,9.57576739129046,0.9376881407729497,1.35666538725038
3470,3313,3233,2694,37.72161955781368,8.218302920288458,10.683938661537955,9.495299183146816,0.9554333819989168,1.3000176271383963
3471,799,2188,2611,55.7387358832721,10.14730925719667,12.54692958054649,11.471842990651027,0.9708064206927193,1.2364784853332387
3472,2224,1752,2883,44.74764614307507,9.530199222427067,11.184398899877094,10.240263016433632,0.9809563378440752,1.1735745118063492
3473,3035,2281,3261,58.44661295895449,9.815538879428216,14.419242466468704,12.087508350754774,0.9019972887070334,1.469021990905574
3474,3133,2753,638,40.34620146147029,8.9388284447067,12.032914474363753,10.01741507148026,0.9100680621829689,1.3461399946084964
3475,2461,1223,1224,25.704080167595144,7.307016304357823,8.545765993322238,7.768196428195214,0.9787364846435339,1.1695287977153737
3476,3399,2693,3381,62.4476777869853,11.382353064879974,12.73558910402446,12.047390445980943,0.9915544870044924,1.118888953051357
3477,3264,2319,2732,71.0251862931658,11.493422656552726,14.136757520960712,12.942832202468194,0.972210757973075,1.229986744888473
3478,1320,1321,2301,45.51517820438448,8.0,12.314458542601306,10.719927091997832,0.8858876456790168,1.5393073178251633
3479,3055,191,192,33.95501729754031,8.000000000000114,9.453712577171425,8.923401930366795,0.9795042163411897,1.1817140721464112
3480,1147,3030,3032,27.95199212811113,7.422311089831694,9.749923017052657,8.268019737522634,0.9292724387853668,1.3135966546066373
3481,2560,3059,2491,39.42055311227507,7.761737893207833,11.075292014532973,9.84404033712126,0.9186723230198512,1.4269087885877692
3482,2962,3059,2895,77.4354297779364,12.13693882636635,15.44277661690657,13.598432896120897,0.9572692193586448,1.2723782197335132
3483,2318,3060,1293,42.59616809868941,7.818563017992105,12.444334017964984,10.435976754460881,0.8731620160507033,1.5916395364887432
3484,2048,3060,1235,37.65006680342621,8.751588799824919,9.766571711732722,9.354140745663779,0.9915541337275605,1.115976988307324
3485,1526,2056,3061,36.048275239869206,8.043649312503439,11.006776197737933,9.38838665616057,0.9286870908996675,1.3683809139501477
3486,2499,3278,3159,45.87746841565179,9.051988801855638,12.276973724293327,10.561948480144425,0.9350473943551755,1.356273631467217
3487,3501,2501,3200,64.19627310441163,10.236953052349723,13.722080324389587,12.44742826965574,0.9418950327606045,1.3404457609815756
3488,3375,3159,3279,54.490787844651976,10.544991101537615,12.305504561629295,11.29488824355535,0.9821738887338193,1.1669525790149762
3489,3240,1514,1515,25.423204081942888,6.639765058334586,8.794904492148731,7.811556516827783,0.949849764691421,1.3245806764064492
3490,3240,3241,3063,34.12227891419521,7.871631901940093,9.695770980460747,8.97613831378388,0.9704718647726097,1.2317358206334654
3491,2057,2503,3241,46.46678366830072,9.362639354900447,13.19369669126416,10.834992434434293,0.8924981472621382,1.4091856143490693
3492,3160,2504,2851,47.08317493005662,9.035528458986178,12.564602137242373,10.738453709098179,0.9262015227905983,1.3905774514767197
3493,3067,2510,3068,34.79547725914721,8.614235547784629,9.72937541204081,9.010027286541835,0.9866960091014091,1.1294531427739942
3494,3069,3066,2511,43.401399686029876,7.926223605412802,11.86617261111993,10.415610452571398,0.8980350801964764,1.4970777007876166
3495,2071,1569,3066,34.689280352207376,8.290264953911686,9.911418973841036,9.028341777076804,0.9774519123240842,1.1955491204372692
3496,3065,3068,2510,39.589446066745,8.668646014371053,10.56891462263135,9.655645349681071,0.9743368054367042,1.2192116975488438
3497,2509,3458,3065,45.074540880797116,9.423543567529691,11.057737478557605,10.267873563192282,0.9831820332946188,1.1734160721301048
3498,3065,3458,3068,40.92119978859924,9.32694814800654,10.56891462263135,9.77313544605586,0.9861330671440268,1.1331589341890205
3499,3069,2511,3067,45.619064765746145,8.479503551938295,11.86617261111993,10.551051162359522,0.9280349564396929,1.3993947332456145
3500,2509,3163,3281,63.45136380152456,10.470064322783752,14.776209749211361,12.511242906465808,0.917868196162646,1.4112816591830357
3501,3441,3482,3435,73.67614170539473,11.438232909884675,15.058596626202057,13.294594641921748,0.9508913539224153,1.3165142504825846
3502,2513,3243,2063,52.47832174704931,9.907071396411652,12.944519513808915,11.243199813653789,0.9467213080021631,1.3065939464711467
3503,2856,2497,3070,80.68738434880817,11.478533583847218,15.54934867019314,13.96500494425363,0.9402055684810603,1.3546459185408875
3504,3222,2998,3305,31.627217937597074,7.74989228757135,9.38238030301787,8.623734415844446,0.9762138700963426,1.2106465425415747
3505,3244,2064,2514,47.75367775593666,9.186846276838466,12.145135822316439,10.709033781134048,0.9495177600900755,1.32201361123635
3506,1554,2523,3072,44.93885273994587,9.366258898080828,12.399322031145031,10.493382267527116,0.9270573040992255,1.3238286669275912
3507,3245,3072,2523,48.70786498493486,9.714565873355484,11.967364111124235,10.734262423565141,0.9689299573246706,1.2318990130014547
3508,3502,3069,3435,74.06688293368123,11.775779529014763,14.54598484696434,13.224212909527154,0.9709553975255465,1.2352460243607626
3509,2521,3073,3503,47.37668028285702,10.044366723433825,10.92480102144321,10.478603360451796,0.9952821277764242,1.0876545353481872
3510,518,519,3075,39.1945491401604,8.000000000000055,10.998739799094773,9.74918037906003,0.9363387781207793,1.374842474886837
3511,2526,3074,3323,46.498202705725575,9.639458037574608,13.939940418774333,11.078709741155746,0.8466608889770063,1.4461332125142767
3512,2528,2078,3075,52.050029516926145,9.456447286316033,13.182499479902235,11.28861106643709,0.9264410972163368,1.394022414631126
3513,3342,3247,3323,69.2666240097371,11.35981577425056,15.177462712967285,12.98395573500919,0.934512053750304,1.336065919957103
3514,3292,3195,2942,17.92691655237068,6.006828265542115,6.6918260515374985,6.456887050649011,0.9906133938582354,1.1140365190602903
3515,2533,2080,3384,62.50870091401036,10.190441477757703,13.388837573948116,12.254416186771406,0.9478027344139461,1.3138623682959598
3516,2079,3077,3248,64.18912403865404,10.742146329616421,13.646677911786016,12.346991038904461,0.963207684091056,1.2703865217476804
3517,1910,2427,3078,30.68994626989361,7.565632368005036,9.259711178586054,8.503743484893295,0.9734486766802569,1.2239176751100485
3518,2524,3078,2427,46.719507971307124,9.259711178586054,11.674558398351849,10.526329873251049,0.9652140566369587,1.26079077124461
3519,3224,2527,2076,83.72700336083432,12.740018256444662,15.036428502175543,14.000197198776549,0.9819699782436928,1.1802517233104606
3520,3249,2414,1856,55.913072440985964,8.948165828172767,13.45543571336602,11.837809969532508,0.8946642839523473,1.5037088015291784
3521,3250,2538,2084,74.70844455634355,12.97992892312688,13.321843990839254,13.137410459354584,0.9995386237547237,1.0263418289681978
3522,529,3251,528,22.701283979714095,6.300848101593261,8.000000000000025,7.3469570721984025,0.9613129511881502,1.2696703477071773
3523,2548,3081,2549,50.147876317051285,9.667444517984466,11.746971252685247,10.863681833463845,0.9749326712227232,1.2151061462863544
3524,2098,2434,3081,55.893997379466526,10.059682712372243,12.514087185127906,11.497009193557423,0.9685467655924666,1.2439842828976135
3525,1647,1907,3082,59.996824699387524,11.214375317096131,12.15748167615185,11.792151515605099,0.9951954680375965,1.0840979842736285
3526,1907,1898,3253,76.44341539295054,12.204571541234627,14.218891744415798,13.365247836253468,0.984306243235563,1.1650463677791183
3527,3082,3083,3252,38.00297041282719,8.566537934196463,11.869518985942248,9.778217950498705,0.8972119505629887,1.385567784455927
3528,1907,3083,3082,65.66768290449396,11.214375317096131,14.944251297999388,12.676048533679255,0.9285289047013823,1.3325977484646088
3529,2133,3013,3084,73.53494950569562,10.984534511213424,14.899652522218835,13.33073562952327,0.9405002047316894,1.3564209304462298
3530,1499,2559,3084,48.652876436440984,7.6481031662008085,13.49026056403336,11.416169644353303,0.8174407335860234,1.76387010882002
3531,821,3085,820,32.67088109590899,8.000000000000064,10.77872065556978,9.001144641127084,0.9133417787615737,1.3473400819462116
3532,2563,2562,3085,55.65169714567905,10.768090273945663,11.984578841038697,11.369529556556413,0.9923494408068483,1.112971616706858
3533,3086,2130,764,39.52713361379959,8.201330662754572,11.047129558140568,9.762459164719115,0.9440544020801843,1.3469923372691062
3534,2131,3086,2565,58.236957584930224,8.883830316622644,13.902893664731018,12.190539559573795,0.8728815796430233,1.5649661428941457
3535,3254,2571,2136,57.76093441092458,9.42956917535607,14.024152717243872,11.99280632468072,0.9044387759911116,1.48725275316879
3536,3084,2559,3087,80.12834905239205,12.399387134690352,16.46545887837252,13.991663738629535,0.930309494415032,1.3279252191671898
3537,2137,3088,2572,65.62510571226406,11.601722018716346,13.149891091194236,12.359839111431194,0.9894825327063969,1.1334430414709407
3538,3089,2146,3255,64.6271517997065,11.512956518193496,13.262970503834195,12.284367840965166,0.9855546541556174,1.1520038734512041
3539,2083,2537,3089,50.69432407550114,10.293518302846818,11.186579232256387,10.840656451858472,0.9949055789723159,1.0867595416003273
3540,2147,2576,3090,66.87843834117169,10.641482014935848,14.336848810864202,12.697958538497412,0.9440581533146906,1.3472605404718745
3541,1904,3151,3273,41.018370067912855,8.94694773843493,10.397737398262716,9.788716735534342,0.9847293179312974,1.1621547037315734
3542,2149,1893,3091,77.75967558409788,12.654192636684408,14.170603621325514,13.443469060963494,0.9915314131401975,1.1198346688863454
3543,3091,1893,3362,66.78803852217344,11.716574247612904,12.989516198792263,12.45342769436319,0.992677795408737,1.1086445512380638
3544,3092,3414,3208,72.65619132305457,11.23689515190579,16.106507775945648,13.459370939596122,0.9060204330512238,1.4333592650113822
3545,2588,2160,3092,112.11476479468718,15.708446377384885,16.512847418800536,16.101025469334374,0.9983300963046958,1.0512081858441285
3546,2604,2602,3093,38.25839435681381,7.644257721105783,11.777197133256104,9.844678831317827,0.885306382880832,1.5406593501863866
3547,2602,97,3093,37.766318423057506,8.106514442411134,10.210589913018595,9.476561998340442,0.9611245400086466,1.2595536571919856
3548,2611,3094,798,42.97613380780691,9.46682211192291,11.039394375927388,10.042895261611784,0.9791717397384756,1.1661140608128586
3549,809,3094,2187,51.183993691004964,9.577558334483719,12.525464192717415,11.072398623301718,0.9528980108039948,1.3077930465450518
3550,3095,3012,3257,27.688330565856713,7.475726721210255,8.598259365297487,8.035977348825371,0.9869806051468258,1.1501569928850348
3551,1722,2633,3096,39.22697983769343,8.912795227097332,9.956689676798712,9.549433452754982,0.9911511969766647,1.1171231272684978
3552,2224,3096,2633,47.3087243805975,8.912795227097332,12.078178375311687,10.688328781521657,0.9419762131970613,1.355150440188587
3553,2884,3097,2633,51.98792045462643,8.289975484884723,13.401175802046758,11.577204832341172,0.8609217594590132,1.6165519218339535
3554,3172,3284,3376,64.90648149921024,11.438053565264843,14.061380452267311,12.424684589466695,0.962525425074079,1.2293508132335562
3555,1366,2242,3098,38.381733004502536,8.834409979595426,10.79706217099966,9.550923690743968,0.9634403037592025,1.222159962684244
3556,3101,2242,2655,93.83669499406601,14.310747687835587,15.376439854402474,14.742837245049401,0.9960734080601729,1.0744679586149608
3557,1384,3099,2258,57.528997783132006,10.713791509325853,13.11914649231305,11.677558803597451,0.9666314937616741,1.2245101541217642
3558,2242,2654,3099,51.14657782837263,10.04755783588204,12.426602396715133,11.022051058828723,0.9640598972874915,1.2367783893054092
3559,1386,2674,3100,27.440167223340683,6.9986592237692,8.63345137122673,8.057911309301721,0.9675993317667454,1.2335864763789852
3560,2257,3100,2674,44.536137813536634,8.541623332909237,11.30204569911245,10.359866353125385,0.9437628285416403,1.323173038498178
3561,3098,3101,2653,31.749503410033178,6.569964080932033,10.989690079484957,9.105683125687792,0.8488199873005887,1.6727169196221738
3562,2257,3101,2655,107.5559624777341,14.310747687835587,16.76270901412842,15.869836675701913,0.9814845806515688,1.1713370523873499
3563,1464,2661,3102,38.43314674937705,7.840680491765475,12.099698782248918,9.92415464019385,0.8743183047359654,1.543194980965797
3564,3103,3102,2661,36.02233236868086,7.677573192090602,10.514125191756618,9.341261010138126,0.9376627121314788,1.3694594540092717
3565,3104,2661,2246,46.76034462353458,9.387583602441007,14.386299510328664,11.261749496974902,0.8195015533000077,1.5324816395337204
3566,2245,2660,3103,40.073669543103385,9.060001460740624,10.139826842557172,9.650612569528503,0.9915612010886407,1.1191860052667448
3567,2246,3105,3104,29.326960554478056,7.526701931261717,9.387583602441007,8.345736142051535,0.9640505459961772,1.2472373276069597
3568,3106,2245,3103,42.64027590701162,8.901708359617572,11.086722965914284,10.042752722696342,0.9686809567076127,1.2454601429326744
3569,1444,3105,2246,45.21267075139141,8.12292289245188,12.888719593371652,10.754017013371474,0.8733382969703977,1.5867095827474031
3570,2658,3107,3106,35.038546219002875,7.684684841971024,10.054315307568958,9.162960141014521,0.951216895915326,1.3083575337606368
3571,3104,3105,3106,25.195728231093614,7.15836120827546,8.351952907397159,7.679005348978111,0.9826209121211018,1.1667409151890578
3572,2658,3106,3105,29.621125116524073,7.285485015951989,9.749880273503576,8.462439398950908,0.9418413326902372,1.3382609739990752
3573,3258,3107,2658,49.68467846302242,10.054315307568958,11.84020826716205,10.796893947886502,0.9794463091458065,1.1776245228999989
3574,2659,2245,3107,47.21087626003902,9.793522415449605,11.112229967929677,10.483189017391505,0.9894719648108777,1.1346509964994584
3575,2292,1376,3108,46.26334434861214,7.760841887534868,13.611704011807639,11.118106786491616,0.8238109973080175,1.7538952872716265
3576,3259,1377,3109,46.54059812434139,9.128652978564785,12.615442242615513,10.693834124954433,0.9229957359637799,1.3819609828786508
3577,3110,1378,1379,38.81615393431075,8.000000000000057,11.315389608986735,9.753777535837898,0.9242726341198612,1.4144237011233318
3578,2261,2898,3260,37.68079104671847,8.930701056033355,10.06002712403018,9.369558364237479,0.9884954118382496,1.1264543579402293
3579,2261,3110,2678,40.42017845970507,7.804857427586032,11.823402208581413,10.065766606458652,0.8963743096394167,1.5148774104177685
3580,3109,1378,3110,57.07558368931767,10.593932189257911,12.925704004779941,11.611675267674862,0.9707567965819777,1.2201044686586169
3581,2277,3112,2692,70.30552989955129,11.848474259861609,14.005536142977315,12.838210790982274,0.9803923260414779,1.1820539789180333
3582,3111,2692,3112,44.639683285687966,9.475042603117316,11.848474259861609,10.340255689937207,0.9539584694273919,1.2504929799432698
3583,3174,2277,2904,43.64789349336581,9.234324570487926,12.421754099687732,10.394124562171951,0.9154719974816311,1.3451719186248385
3584,2275,3232,3174,63.221770000657614,11.80809866351041,12.498756810843373,12.094162975197877,0.9976025438318449,1.0584902080355447
3585,3112,3174,3411,68.29560043360412,11.575320701277594,13.170220097398435,12.620605456380517,0.9868323193070601,1.137784467254096
3586,3381,2693,2278,60.00177931310642,11.382353064879974,12.58013834655344,11.811032184953833,0.9912060847188764,1.1052317807087895
3587,3035,3261,2280,56.732199252579825,9.593222932680721,13.95595149331156,11.85897271078656,0.9109709720184626,1.4547719354846391
3588,2694,3115,3116,36.13858775113706,8.698284779448516,9.42481429996057,9.152182812771189,0.9951308564847859,1.0835256075115671
3589,2695,3114,3115,37.96664813602017,7.353225682647814,11.30780591504726,9.782117338059443,0.8883133150620105,1.537802102515565
3590,3116,3115,3114,45.69372249675536,9.42481429996057,11.30780591504726,10.359436459251677,0.9779088855034729,1.1997908452259445
3591,3405,3261,3401,76.78295806052523,11.538827691617064,14.704944166021612,13.521066355486937,0.959493263185863,1.2743880538839076
3592,3116,3114,3117,63.95508948394752,10.345689162747206,15.760263789023908,12.82759809463162,0.8711937727816295,1.52336529167854
3593,3411,3412,3113,63.13728581614318,11.500723857579773,13.065127974612954,12.133881745683743,0.9873100702357921,1.1360265785359354
3594,3412,3411,3312,58.00208962301404,11.234912122443541,12.028312037665223,11.587982672562845,0.9967261333644778,1.070619147401851
3595,2279,3428,3427,61.509088290656955,10.988809688210116,13.035812022692845,12.006822409561252,0.9805811359191416,1.1862806247958735
3596,3034,3313,2278,42.132342292269726,8.738412837564573,12.41809255676964,10.280915159322285,0.8998412853134697,1.4210924555300144
3597,1182,2722,3119,30.94357340811895,7.7510264438320515,9.91220356741779,8.621774607260969,0.9502617790449543,1.278824635581719
3598,3262,3119,2722,34.13827072022843,7.7510264438320515,9.786753668134844,9.003778185590162,0.9629884021135418,1.262639695407405
3599,2705,2296,3120,59.62502795829261,10.003707576738211,14.526024354626093,12.190440893717364,0.9057507531026576,1.4520640715651967
3600,3364,2296,2965,72.07258815650064,12.40513543193742,13.92070678306614,12.958313501239763,0.9884791570092246,1.1221728984293742
3601,2917,3121,2314,58.03924504967105,10.811927012305832,12.913995702564979,11.686929323896834,0.9756385310787122,1.1944212801165446
3602,3264,3121,3040,52.83609452819697,10.527328462743858,11.350559039417492,11.065310873734518,0.9953807131546337,1.0781993816937545
3603,2315,3121,3264,52.753677393069204,10.527328462743858,11.74579772987281,11.073173638194909,0.9915255920998983,1.115743445399382
3604,1212,3041,3123,38.02907364600412,8.665130487237773,10.249768739750202,9.4393156474846,0.9810604351862459,1.18287529020438
3605,3041,2732,3123,44.508972769145004,9.403047715465826,11.809289343664423,10.321673675215605,0.9547224669058226,1.255900182686608
3606,868,2328,3124,38.36385519153259,9.159605163606455,9.904803911168706,9.431228678755984,0.994795796419913,1.081357081910378
3607,2738,3129,3127,30.060943015576463,7.274614989167815,9.345414313503323,8.46087815907502,0.959584789905635,1.2846610201940596
3608,3124,3125,2733,27.400651974973638,7.155389883501584,9.067920355980442,8.073358715959577,0.9618099477313443,1.2672852917335282
3609,3125,3129,3265,38.46141339614485,8.622204599593193,10.129429172820872,9.486178577056021,0.9826559897372006,1.1748073309810803
3610,872,2464,3126,37.38690892079796,8.365417643739976,11.689841287352355,9.677438415117892,0.9018312628755636,1.3974007975680829
3611,2464,2485,3128,64.10798042413859,11.2257232833427,13.753096772655365,12.314577698334125,0.9690817609493086,1.2251412604355667
3612,3128,2737,3126,34.005118352591445,7.217832991778015,10.485041434165273,9.16084253936973,0.9143088470445744,1.4526578054810917
3613,2738,3265,3129,35.840932545045895,8.388595557195556,9.706901958754,9.146970609817627,0.9856468229909413,1.1571546026471178
3614,2737,3128,3127,32.49861504712192,7.798683885882299,10.485041434165273,8.91368119491271,0.9293187232399245,1.3444629360020606
3615,2464,3128,3126,42.06305981730732,8.977056314261349,11.2257232833427,9.99414426325665,0.9641861521749022,1.250490460387223
3616,3125,3124,3129,34.28247418220769,8.622204599593193,9.067920355980442,8.90450089098787,0.9980041727429627,1.0516939433805919
3617,2328,3129,3124,38.69831984787416,9.023377717389979,10.252457454608882,9.501704044497215,0.9867361975109269,1.1362106049101994
3618,2333,2739,3130,27.81717435152626,6.878500708705202,9.035170870548397,8.163260377035952,0.9517293253745683,1.3135378265082949
3619,2266,3130,2739,26.906925143432026,6.878500708705202,9.032667420142948,8.02798952436327,0.9525754126224604,1.3131738735901421
3620,2746,3131,2343,58.9837305969395,10.576738483955246,13.41961153516169,11.858834140646229,0.9591552805387192,1.268785415798929
3621,2830,3131,1992,61.292394574261685,11.720411781589744,12.19269747917581,11.902918824938448,0.9987744792047263,1.0402959986719855
3622,3131,3132,2749,36.56464803622857,7.919207809314276,10.155815225398511,9.340094535334151,0.956809124277676,1.2824281758907274
3623,2830,915,3132,29.694136038674664,7.459780716107119,9.098589600654464,8.361809782430084,0.9743473505527704,1.2196859327257217
3624,2785,3133,640,32.110506297590945,8.075490720699406,10.063243670690644,8.772413451188486,0.9532834041884036,1.2461463976295772
3625,2786,3133,2384,54.41800077432163,10.566900904131023,11.705952059276035,11.24127140201663,0.9926430866468663,1.1077942497501525
3626,2349,2754,3134,58.33679702055281,9.998216049852912,14.521176976048915,12.089116252117242,0.9004682115451396,1.4523767943844885
3627,3287,2754,2350,106.48405518757406,14.529930891684625,16.92970450443299,15.773083020441469,0.9846275799986516,1.1651607038352632
3628,2758,2221,3266,37.66165929046139,7.569830875362335,11.296226417015077,9.687240912812179,0.9033055313895465,1.492269325828812
3629,2421,302,3135,28.740267284002922,7.546036318863242,9.420866562281297,8.281024279340974,0.9585468901586746,1.248452321748232
3630,3377,2761,2358,50.274873028091406,10.470628232368332,11.312916787934594,10.794849313247802,0.995191772877359,1.080442981726966
3631,2765,3137,2359,46.22679024412396,9.132024130934834,12.183634716779277,10.569933910602623,0.942318374968678,1.3341658478000598
3632,3417,2469,3267,61.500425066929864,10.56026218608192,13.242107235544706,12.068200928037001,0.9668688676944915,1.2539562940963125
3633,3418,3417,3136,72.36147369095406,12.060003141173432,14.850433139478673,13.119768858543592,0.962341323430683,1.231378878234167
3634,137,2766,3138,43.45006568811133,8.908837008238246,11.209736131349628,10.147888327613208,0.9659785892987689,1.2582715477883002
3635,3138,2766,148,48.53919514579218,8.908837008238246,12.470835097315742,10.880533250696857,0.9296950619355971,1.3998275067535324
3636,2369,2770,3139,49.88502131702188,9.049329650449156,13.24670430487484,11.150801446689885,0.9051500329886718,1.4638326612642905
3637,3269,2770,3044,59.398493710719016,11.063772718965845,13.588027022167132,11.91084342706729,0.9574260797204897,1.2281549311722697
3638,3270,426,427,24.605050350941667,6.922090115850294,8.000000000000064,7.58008516383282,0.9851464035545773,1.155720290563909
3639,2782,3272,3150,60.61859729983128,11.562739325488385,12.010484532214702,11.836652909932447,0.9989145577167423,1.0387231082637423
3640,2380,3272,2782,52.247237341798666,9.401924894615222,12.206621557317352,11.181760441342275,0.952869852910974,1.2983108984744673
3641,3148,2410,2808,27.509302155533568,7.2640398328025,8.742630978602685,8.038696662281435,0.9775725419260928,1.2035494270176295
3642,421,3142,2382,37.969225924121936,8.473950985764123,12.92858773479312,10.134560771812538,0.8221174276297792,1.5256859234272888
3643,3143,422,2931,37.28845872584059,8.420667768395978,12.209121679393343,9.828739636717822,0.865738173978035,1.4498994634625055
3644,2931,2780,3143,36.24854032953586,8.856429462364146,9.528259596491587,9.162248584820267,0.9962936880622947,1.0758578992789836
3645,484,3143,2780,44.87399738191988,9.102056695605068,11.660290126315276,10.344654742719014,0.9586213584815252,1.2810610300796579
3646,3144,2390,2846,65.46906668702808,11.656706247224054,13.142961253302895,12.342731582123747,0.9900249278202482,1.1275021412187323
3647,2385,2787,3144,47.779300951197364,9.516358902689058,12.080861406444683,10.67389504318173,0.9589977684336135,1.2694835840030128
3648,460,2386,3145,35.08752841849025,8.11204298341034,11.94302400642617,9.568884603331705,0.8581053123362249,1.4722584718609648
3649,3289,3189,2932,33.36034640698894,8.062315165191595,9.371886513977026,8.82820394155838,0.9845965797666439,1.1624311778878853
3650,49,3146,2391,34.3448549962088,7.638978608685339,9.870311050525839,9.061193704758091,0.9542011374433297,1.2920982707430975
3651,3365,2796,59,33.33956393498063,7.9646953349102985,10.490083157567527,8.995486911527236,0.9379352776770383,1.3170727462214562
3652,2800,2402,3193,34.70400606395782,8.09665078195929,9.561926325182956,9.020078419462733,0.9798638394711244,1.1809730446184672
3653,3149,2467,1998,59.338189251016544,10.417969105272377,13.774002865737238,11.964432206945574,0.944686573297845,1.3221389626473765
3654,2410,3150,2809,52.60267138016739,10.132602587733093,12.359018811735474,11.141990129565642,0.9719102017431347,1.2197279726235157
3655,480,3149,1998,52.733513830267626,10.417969105272377,11.642983127832839,11.069510726528682,0.9918200659895198,1.1175866438248987
3656,3150,3149,3141,37.951687839067745,8.388543057471471,10.014282165514416,9.44529701572565,0.9763021352803389,1.1938047044528117
3657,3149,3150,3148,37.95797873442752,8.885957847153787,9.933065824191063,9.392334199472447,0.9916393645185378,1.117838503743597
3658,2782,3150,3141,37.22377033726654,7.523813217441322,11.562739325488385,9.700278236148042,0.8874818638726043,1.536819029303416
3659,2815,2531,3248,30.70379613722745,7.41217287050051,9.774143825598433,8.588272576967881,0.9493774530650247,1.3186610723150107
3660,1904,3273,2576,40.14189262826264,8.997872076768697,10.021465069905373,9.661129344976958,0.9908698844694097,1.1137594516129492
3661,2978,3274,2816,40.19864789936691,9.03916399633724,11.537456852773966,9.876721476707736,0.9384012635879094,1.276385388897586
3662,2978,3255,3274,48.49340271215603,9.03916399633724,12.006208314333964,10.793130969478105,0.9482286408225474,1.3282432224040852
3663,2817,3011,3153,37.335061604227036,8.562937586404386,9.78723896185117,9.331394169997521,0.9868156086132032,1.1429767954154706
3664,3230,3153,3011,63.02733897705262,9.78723896185117,15.231783013868782,12.6681569925475,0.8796320951008522,1.556290090927526
3665,3275,3154,2824,39.077144812668166,8.856612430185429,10.448042338276817,9.570972716702318,0.9805075409143452,1.1796883312481214
3666,3276,3155,2831,50.74874246837538,10.302556902336729,12.180716870466249,10.940999313140102,0.972816196478076,1.1823003731921669
3667,2381,469,3155,42.445822689188546,8.809848953529112,11.557875731904186,10.10160862385577,0.9487951735054772,1.3119266621789525
3668,1998,3374,2468,56.60128446894864,10.972451691123236,12.25220133170907,11.475501315414425,0.9902841724215267,1.116632971063446
3669,2831,3373,3276,80.320064380444,12.180716870466249,15.25118738378933,13.791108583305233,0.967222247271271,1.2520763388539013
3670,2842,2644,3157,34.65422909113953,8.541288048258881,9.99216923859582,9.029568979806575,0.9760241553543108,1.1698667908328764
3671,2234,3157,2644,52.814639580028974,9.99216923859582,14.33289821092313,11.633637809471814,0.877222632177447,1.4344130757474345
3672,2251,3158,2668,62.36637906928285,11.484777227262512,12.701819996185913,12.033603291492467,0.992881522229755,1.1059700806415635
3673,1467,2249,3158,43.32491191994321,9.374653041151925,10.588825001296641,10.03980977003527,0.9901471902387539,1.129516469016492
3674,3278,2499,3061,29.61258544756682,7.256251439581216,9.051988801855638,8.375971983071675,0.9660212299335402,1.24747452279273
3675,3159,3278,3279,47.07475470780153,9.321684443137052,12.305504561629295,10.661357306350217,0.9437451258777296,1.3200945211880708
3676,3486,3459,3322,52.40439824887787,10.799785057925456,11.42903632144483,11.013133738512321,0.997092926114867,1.058265165477307
3677,3394,3369,3241,62.89804554800285,11.33001984167764,12.937967905367739,12.106675513960733,0.9881147001101783,1.1419192628220507
3678,3280,3161,2853,64.5003533041927,10.664368038068844,14.982798626074123,12.626754121933665,0.9159801220966047,1.404940130778465
3679,2850,2951,3201,42.410334421226906,8.927831603905553,11.0619240932804,10.011606525254587,0.9698053814551368,1.2390381655990543
3680,3498,3388,2995,76.47360457475524,10.964107997813976,16.13830160461072,13.780088594831762,0.9082091251013801,1.471921072633394
3681,3280,3329,2061,86.02709647815612,13.79384373197753,14.286622221294033,14.100073777215988,0.9990513669258101,1.0357245231199859
3682,3068,3458,3419,53.3622491137387,9.32694814800654,12.544506413966598,11.351871161263185,0.9411781640734065,1.3449743919341666
3683,1537,2501,3164,33.261042652675044,7.113692064512604,12.347583792373781,9.620213370117398,0.7907584603759287,1.7357489866578557
3684,2501,2858,3164,41.98965809589399,9.152192346122822,14.470873811767392,11.00747680378534,0.7625164543026735,1.58113742199679
3685,3282,2546,2097,67.8243288946944,11.656420340810442,13.878582596370675,12.62380091162869,0.977587269967644,1.1906384799611416
3686,2543,2096,3165,48.1182950767396,8.980337872901773,13.628522106076097,11.11328889083858,0.8737627381347188,1.5175956961708814
3687,2550,2102,3166,40.774015737485755,9.254283168804843,9.97507603308677,9.72009393121195,0.9955017522708588,1.077887487462199
3688,2553,3166,2102,52.11200390498804,9.93092259174424,14.048034078954686,11.496856833276018,0.8882511133006463,1.4145749248547237
3689,216,1954,3167,49.29140894052146,9.85588380502828,12.752448847334865,10.932728769113226,0.9392303964626341,1.2938919633801702
3690,2875,3167,1954,44.04385555351935,9.870549370945819,10.206246693792004,10.088883239904785,0.9990716262460241,1.0340099937936906
3691,2876,3167,3283,27.88209277592251,7.887919322475078,8.122985332437214,8.026262574007134,0.999378694732386,1.029800762451051
3692,2877,2622,3168,23.503387386780894,6.428141461763917,8.207375053303773,7.4771010269538225,0.9609335750019397,1.2767881824199345
3693,2448,2447,3169,60.272814077655156,10.53318028668928,13.29082351552491,11.958307296586758,0.9647977197964392,1.261805376323089
3694,194,3169,2447,58.13699261511174,10.53318028668928,14.417093128754411,12.020250065856033,0.9107770125314657,1.3687312602987731
3695,2233,3170,2229,69.66893358949655,12.46587459913789,12.91524894694303,12.688365123564425,0.9991630964914736,1.0360483610059914
3696,1346,3170,1345,46.521527121218575,8.000000000000057,12.337069537263474,10.866333700133467,0.879288882745679,1.5421336921579234
3697,1739,2449,3171,27.238817887466155,7.229519849369791,9.037387936791058,8.042782268403062,0.9641033851053932,1.2500675183261114
3698,3172,2889,3284,73.84264215684448,11.774437670767915,14.061380452267311,13.166340704696372,0.978116301630606,1.19422946941892
3699,3171,3284,2889,39.20726564872625,8.001972066301388,11.774437670767915,9.895369454155894,0.9028315945942179,1.47144198620156
3700,3284,3171,2449,36.91525667066544,7.86143901904834,10.501356979583402,9.424164874676707,0.9462546429922941,1.335805945214167
3701,1370,2675,3173,47.47557559522366,9.216114268248566,14.048408578202704,11.190892818400274,0.8465273970530588,1.524330989102685
3702,2676,3331,3260,45.10629670386533,9.994116626303448,10.425830995225542,10.210863467643366,0.9988084791340189,1.0431968512140302
3703,3033,3232,2275,44.96577766120399,9.14071383356045,11.80809866351041,10.37600492329037,0.9538641880207057,1.2918136240253537
3704,2277,3174,3112,70.09367807049523,12.421754099687732,13.116275570465518,12.73288388008705,0.9979352573707445,1.0559117066079458
3705,2712,3175,2303,47.38504443208672,9.455729835373427,11.595778903035237,10.569671808269034,0.9728493100468486,1.2263229919763559
3706,2711,2909,3175,22.991634741640368,6.294402743398066,8.302871389966628,7.423657329811744,0.9513141261495952,1.31908804193935
3707,2301,3176,2713,63.79955995196945,10.778873412724305,13.588449032568919,12.299166068366459,0.9654481771534064,1.260655776560837
3708,2302,3176,2714,36.51930249138317,8.163854479384526,10.06352359213384,9.28490905124334,0.970853917225265,1.2326926720149636
3709,3178,3177,2311,37.63910264852357,8.756072383576928,10.201737101705278,9.384607819303307,0.9828896452138086,1.1651042447798707
3710,3177,2911,3179,29.697167586984854,7.618558448798083,9.538156142722752,8.41222596643095,0.9600724968377841,1.2519633742821135
3711,3177,3178,2911,30.038910977969437,7.618558448798083,9.196013972627718,8.404118249226025,0.9764644577515679,1.2070543311351107
3712,2311,1300,3178,41.728454836458525,8.756072383576928,10.656161034657469,9.915104891984653,0.973427429576978,1.217002391922249
3713,3177,3179,2716,38.45716830119608,9.172150573890216,9.577524407185916,9.429277041266294,0.9985209334172336,1.0441961598896612
3714,2977,3179,2911,32.69320928112073,8.079963307772013,9.576042208060613,8.757599986249922,0.9795431974233927,1.1851591205679783
3715,3480,3415,3180,70.49890230149724,11.696512727768361,14.779164086309262,12.978055056620457,0.9568704444653716,1.2635530290342407
3716,3366,2313,1302,79.59134986874486,11.77653839662122,15.397516794815152,13.796628030722745,0.9542534242108394,1.3074739177373904
3717,2723,2310,3181,59.9624681523481,10.685711706229819,13.493346955294605,11.949268688816957,0.9607266946957936,1.2627466776431862
3718,1301,3181,2310,65.30288563143029,10.685711706229819,14.063702296821631,12.509336169735334,0.9519573524330939,1.3161221904033242
3719,3286,3182,2925,23.08069357379417,6.919935181700613,7.601164908074799,7.31762857145658,0.9938660938498038,1.0984445241879808
3720,3429,2926,2751,47.674872012289924,10.007714651551938,10.978531103489692,10.515304626165468,0.9943168321872358,1.0970068078217243
3721,1905,3361,2974,87.83742919549225,13.580696797685228,15.390610833262865,14.309520793368534,0.9877365856570888,1.13327107309296
3722,116,2764,3184,30.356555237026008,7.790782745024375,9.915367830444522,8.557987908406814,0.9452555094321313,1.2727049585328285
3723,3184,2764,3288,37.481894994912224,7.96781314975154,10.951306993637068,9.539880886898157,0.9357332971721827,1.374443249083792
3724,3288,2927,3184,32.997352280622685,7.0109728168167225,10.506479133912373,9.072658156011654,0.9013262104647559,1.4985765040639194
3725,2358,2763,3185,39.06637504699239,8.205992109442656,10.539603537821932,9.651928016639525,0.9575132414095158,1.2843789510465144
3726,3269,2772,3139,48.656574036415975,9.48410527316514,13.138578449132012,10.987538722239114,0.9123588443947213,1.385326087249057
3727,3269,2370,3328,72.54106858266901,12.431264487029695,13.87365468547597,12.991381275098599,0.9902573674830605,1.1160292422344653
3728,3187,2929,3186,34.66922057203564,7.755827059686166,10.429601180366506,9.146054578714883,0.9436355828989039,1.3447439067560296
3729,2377,1038,3187,51.28827122833619,10.283795638943602,12.124968423259594,10.981239015083142,0.9768499562458184,1.1790363061420313
3730,2381,3420,2930,57.75833049944324,10.964056585100392,12.816717438392052,11.645427181674789,0.9785713824176225,1.1689758566012267
3731,3382,2381,3276,78.05394841449257,12.64438092306216,14.880432566910478,13.5368830432212,0.9786929894396782,1.1768415280632658
3732,2790,3289,2932,43.044219623292435,9.371886513977026,10.87615158377984,10.031813594704785,0.9839153398169026,1.1605082463983518
3733,2798,440,3189,30.67325295202789,7.422180066123957,9.158006316094415,8.51585447742158,0.9687235957314626,1.2338701344491834
3734,2803,3190,2939,43.03112379107538,8.586158651026516,11.80942568499303,10.229611781863037,0.9341743880588775,1.3754026876245944
3735,2806,23,3190,26.2390872082396,7.220411535174484,8.428432027449208,7.831241057041978,0.984163617670822,1.1673063213072843
3736,26,2804,3191,39.314597998213884,8.748768827248043,12.023007818037152,9.930511343186915,0.9005779414547592,1.37425140101902
3737,2939,3290,2403,53.41494543614182,9.713167255880228,14.043261945901122,11.599524010267665,0.8949953275458669,1.4457963685737534
3738,2947,3321,2940,29.013742701219225,7.278062194628177,9.783355296717273,8.398313406271003,0.93564784135471,1.3442252944661854
3739,3321,2835,3239,39.09976466643974,8.858967099826312,10.08703961198031,9.542624863473364,0.9887683475459315,1.138624796583574
3740,3192,3341,2941,72.61252661362458,12.631180999778325,13.281357998130725,12.957733700160226,0.9983219072967593,1.051473967348248
3741,2796,3365,3147,38.80880918663994,7.9646953349102985,10.968689435396728,9.70322630399104,0.9358516765608713,1.3771637174016602
3742,3338,3347,3307,60.59469587936894,10.380664274214665,14.220676819953882,12.16425114959137,0.9300404236535305,1.36991973194603
3743,2812,3194,3292,57.26629644858608,10.986002268962682,12.630145648279571,11.577271120272238,0.9826181031121872,1.149658022915385
3744,2942,2812,3292,28.808954978866215,6.672006834867419,11.115665443574468,8.809872583328007,0.82219818517944,1.6660152962501198
3745,3076,542,3195,22.6927476487129,6.96587176625382,7.805018342423967,7.270524022591488,0.9887247143850225,1.120465406818913
3746,128,3043,3196,28.223179219507447,7.422746349672271,9.140717636799517,8.174351692789537,0.9679757823989434,1.2314468535224967
3747,3236,3314,3043,69.87586680166696,11.507245548778364,13.731437737815233,12.803514513776413,0.9790627498754815,1.1932862368851591
3748,1908,3197,2981,78.64754722797345,12.711812096189357,13.994261013980486,13.511788206841914,0.9930877210215502,1.10088639669049
3749,3478,3197,2472,60.1070187195851,10.332009648299694,13.577356687250132,12.00426262719248,0.9516572276915788,1.3141060790128583
3750,3293,3409,3408,99.7050692825297,14.12544651153262,17.4392856216208,15.402342135383167,0.9620129796695029,1.2346006625264991
3751,1541,2508,3199,34.90226672338262,7.92817222132644,11.62803469583545,9.455704174246767,0.8770791837278924,1.4666728183018702
3752,3294,3200,2849,39.35320013181578,8.913639887000437,10.084898054555847,9.569786907796932,0.9897942577596113,1.1314006603815756
3753,3295,2508,3162,70.49793104634745,11.477424316773668,15.344453412737218,13.105604600585371,0.9333413142442285,1.336924817732153
3754,3426,3375,3279,53.92660366845341,10.544991101537615,11.980569592986209,11.20765677374177,0.9887030868340934,1.1361384260665013
3755,2504,3296,3201,60.47625884023782,11.025627250609945,13.42466798719029,11.967479053843505,0.9677877234225377,1.2175876874894014
3756,2850,3201,3297,52.928837837461856,10.150360182733555,12.268754558248595,11.160346278087516,0.9754825204044612,1.208701399495022
3757,3078,3202,2534,39.65689236236406,7.923681235375204,10.87558592047511,9.820320843765336,0.9321972528644464,1.3725420795477177
3758,3202,2952,3451,52.965572741976835,9.551516713325306,12.511738538671446,11.257909692282746,0.9533553162305448,1.309921650581037
3759,3298,2570,2572,52.42807710794138,10.608908916517429,11.371547612381237,11.0168083150049,0.9967814100493606,1.0718866286688942
3760,3254,3087,2571,75.06255449384665,12.164090067306509,15.903820574817702,13.53086924118881,0.932380078847984,1.307440218447781
3761,3205,3204,2010,38.76176072404254,8.831071177948898,10.458032028262032,9.538214822394933,0.9789496486014013,1.1842314275957417
3762,2872,3204,2957,35.60752113165914,8.565085588197965,9.687622899124866,9.10351690918088,0.9897330473521333,1.1310596723602706
3763,3351,3461,2010,36.982427308076936,8.531382080097865,11.073062685721142,9.476170795476,0.9376436022728939,1.2979213194017587
3764,3204,3206,2957,29.830561667054702,7.896571397286034,9.057842240219811,8.349108597363369,0.984642938038574,1.147060133380532
3765,1883,3207,3205,44.72280174666942,9.25242572522584,10.723331661924961,10.22892783244869,0.9826379957747735,1.1589751682835818
3766,3206,3205,3207,29.298663732889267,7.5046853317454545,9.25242572522584,8.322726853329941,0.9696094135763298,1.2328865656881438
3767,1883,3299,3207,40.3586905949357,8.298519631612352,10.711026110195272,9.819019532533126,0.9551522458705899,1.2907152824454045
3768,3334,3299,1941,54.99671211598941,9.235433110469755,13.537089847038803,11.669107666629992,0.9110360468114086,1.4657774773651355
3769,3344,3299,3334,32.276220201507336,7.251816355775981,12.234800042381424,9.4870335068914,0.7906646907626349,1.687135945277566
3770,3414,3092,1938,61.2648114736108,9.79983684783795,13.91878390622585,12.25111021500024,0.9233847884841521,1.4203077176021175
3771,2213,3209,2631,59.47479197701553,10.720673377197878,14.364495418662072,12.098310267963734,0.9219634867241651,1.3398874224835866
3772,203,2212,3209,66.1613120982717,10.323605811543578,15.667361203577633,12.958531651847808,0.8848047575372874,1.517624896725407
3773,2639,3210,2228,79.46429821361166,11.94521397017098,15.149330688739296,13.735094733786779,0.9636646261822079,1.2682343511442726
3774,2944,3210,2888,69.73227072650224,10.88145863362308,13.940824335924184,12.909664597618814,0.9544996182601039,1.281154007501149
3775,2887,2961,3211,37.52035713792649,8.288319076009232,10.53102352893932,9.4430518201099,0.962647204644375,1.2705861625696406
3776,3301,2961,3210,81.04180992560093,12.371759748862583,15.733772829043351,13.902661802203646,0.9587379770364532,1.2717489789995202
3777,2700,3212,2964,55.773614188483165,10.281012986877734,13.580676632219186,11.63845383633918,0.9371680233558282,1.3209473278122505
3778,2282,2698,3302,37.876059436969555,8.537421378647513,10.19634191079521,9.425721209818871,0.9794109791689207,1.1943116613989246
3779,3303,2295,2703,55.707287349593756,10.984645270661046,12.06590017493116,11.37542764509765,0.9923662220098499,1.098433301907167
3780,3364,3497,3416,63.523487116908726,11.261516793210106,14.670927355804537,12.456654994277265,0.9306980887599328,1.3027487882138633
3781,2715,3214,2966,33.6971011977129,7.82457201016598,9.526394208358468,8.915610071229885,0.9717054249153165,1.2174971609925012
3782,3039,1310,3214,38.688060582903454,8.559791343433693,11.134074661448894,9.654990273409757,0.9464944756375577,1.3007413632798375
3783,3217,3433,3481,46.6948209503307,8.758071828466377,11.713923469177367,10.609756761490496,0.9434357375499273,1.3375002738734774
3784,2726,3415,2968,97.1336529322217,14.549246397533961,15.503064169796405,14.992884632985863,0.9972442976475734,1.065557881570011
3785,2969,3346,3349,75.25206529711957,11.517820016934222,16.006308623927765,13.59584545588534,0.9231232155117004,1.38969949177833
3786,2297,3456,2706,54.55705516288509,11.00708759863404,11.506153248320338,11.23049260784998,0.9986310294464931,1.045340390472429
3787,1980,3410,2979,49.604859478694316,10.04577045956384,11.748479873941456,10.77804075767086,0.9818284763005444,1.1694951543270224
3788,3410,2718,3433,48.917495636103155,10.384508725254078,10.943291848437708,10.636376199950499,0.9980921988218443,1.0538092978654567
3789,1953,2618,3218,36.813179316191466,8.679944889575484,10.577304638623902,9.35401910678269,0.9633751256125107,1.218591220703155
3790,2618,2814,3218,35.374320732373775,8.15053688568404,10.94982083370917,9.301721837180631,0.9288471973119695,1.3434477982600035
3791,1507,2992,3219,43.24278383651878,9.461380313532493,10.999382108936208,10.064635924565085,0.9815113337941074,1.1625557523783216
3792,3462,3392,3363,61.4028206310748,10.835623357290748,12.774368895839276,11.991361043117115,0.9814177868649651,1.1789233046056407
3793,2058,2991,3220,35.05434376401183,8.267436045373579,10.435677666657273,9.153428131880663,0.9563747157626195,1.2622628840893222
3794,3219,3220,2991,30.94452998638307,7.472333683144604,9.487796421674021,8.572433596143254,0.9633682896457229,1.2697233319592929
3795,2064,3244,3337,75.85507651740177,12.145135822316439,15.45032530286527,13.484814805249167,0.9528057621641834,1.2721410059882257
3796,2516,3221,2998,67.17729599260879,12.196980129029528,12.641146261053896,12.459803797632617,0.999075293210392,1.0364160740876527
3797,3305,2998,3221,45.458456740595786,9.38238030301787,12.641146261053896,10.598621799349724,0.917335715545604,1.3473282741467891
3798,3071,1777,3222,33.92852753000024,8.119866500319318,10.666038849759284,9.091665201603575,0.9336771059210682,1.3135731787388174
3799,515,2526,3223,34.824881893677336,7.150619480603916,11.190567401892425,9.406288882053827,0.8807906794761531,1.5649787311780308
3800,2526,3307,3306,61.647383886546635,11.321209639273812,12.735260808074143,11.97524551786068,0.9904216531373822,1.1249028340483087
3801,3224,3306,3307,57.349063038573135,10.856847988691095,12.557118236404666,11.578391954789858,0.9841569493203146,1.1566080919143968
3802,3307,3339,3224,71.53191213106847,12.557118236404666,13.263929710407043,12.863238484024384,0.9978570606711139,1.0562877135259618
3803,3250,3225,3325,88.33091698464837,13.378338936521342,14.803512953115055,14.327886020920026,0.9915056349167871,1.106528472881125
3804,3370,3250,2084,72.76264850239788,12.423980069351575,13.321843990839254,12.980714909522561,0.9963332371256102,1.0722686221706519
3805,3308,3226,3002,25.99356136828982,6.529937869825541,8.914521701288736,7.931630842006953,0.9387514005500164,1.365177108725983
3806,2538,531,3226,34.06781134577366,7.9563389417948445,10.296806257879412,9.034901895992617,0.9529672947094829,1.2941638526471058
3807,3227,2095,3354,84.8491812827805,13.278142871667152,14.51864857397266,14.028406180472004,0.9942377040394438,1.0934246388440731
3808,3310,1920,2430,38.843039675860425,8.58843074100975,11.14500030600302,9.671463538738559,0.9472176367258368,1.297675983202106
3809,3309,3228,3005,18.781846833872304,6.029684922809353,7.191250020477077,6.636870396597445,0.9796835291134415,1.1926410936123222
3810,2107,2108,3311,79.53704735738951,13.232009126187618,14.01203690474417,13.565098548524055,0.9976273933279415,1.0589500635253335
3811,3007,3229,3230,61.83109606364816,9.17656665016847,15.136460168040687,12.660335570615208,0.8565247213992846,1.6494687768396257
3812,3311,3229,2107,69.37956551203115,11.72245909001676,13.45124961464038,12.718923772876224,0.9871920444469071,1.14747678037076
3813,3231,2437,3368,48.86308063020289,9.570321579709141,12.13268831592095,10.783701686877329,0.9612642743840791,1.2677409233190766
3814,3088,2137,3231,54.2834714026446,9.573782033833126,13.149891091194236,11.477553857660515,0.9362910884028031,1.3735314888853092
3815,3312,3232,2690,73.79712355276828,11.973242796643678,14.559006282026287,13.187913194537707,0.9736043644156517,1.2159618350099313
3816,3112,3411,3113,66.65827930247137,11.575320701277594,13.065127974612954,12.454594439556146,0.9898262461269769,1.1287054857297325
3817,1173,2694,3233,35.6468207945191,8.218302920288458,11.983075845440391,9.625499112333394,0.8623431077600713,1.458096149736446
3818,3313,2694,3118,60.17063412074188,10.683938661537955,13.14757116419261,11.917395400650845,0.971491267859956,1.2305921608782444
3819,2701,2285,3234,36.37759660702878,7.670720088921851,11.794142260092698,9.657546299983975,0.8740784240615042,1.5375534660853998
3820,2285,2284,3335,61.74936013049896,11.361051657454158,12.49090068433158,11.968525067307041,0.9940197801832826,1.099449334528473
3821,3286,3235,2759,56.08064288186787,9.758390039193038,14.634249761402666,11.969257082406978,0.879073906762305,1.4996582123307742
3822,2752,3235,2925,40.188514962412036,7.5114896638708535,11.645250400158504,10.082575682714426,0.8837937270566395,1.550325024897581
3823,3236,3356,3357,57.8847332639516,10.512734714732929,12.875992794832575,11.68382183196909,0.9726163722907558,1.224799554466802
3824,3136,3267,3423,83.92848871511923,12.923836141043262,14.544096188644657,13.979311664294618,0.9890062672981456,1.1253699002307687
3825,3315,3046,2777,36.73250382219682,8.18065975446841,10.74370655548672,9.396792098823902,0.9488492358599225,1.3133056352353893
3826,3188,3317,3316,38.11365110126022,8.506776209217119,11.134682555814896,9.600294842088026,0.9422556687802562,1.308919181834175
3827,3320,3238,2452,43.885862759457716,8.85608426082853,11.586973121976468,10.252177979283495,0.9529681361830454,1.3083630169630354
3828,2642,3238,1959,53.58412904061015,10.442242137825051,12.782820773345156,11.289619372095473,0.9624361100847025,1.2241452175334835
3829,3271,3372,2396,66.99243836319746,11.63724329142268,13.433328465780882,12.504231176945524,0.9860864578236523,1.154339402329246
3830,2835,3321,2947,27.64800397358595,7.227744288027847,8.858967099826312,8.073411371773904,0.9729535692324937,1.2256890596559218
3831,1515,2990,3240,39.72629366045686,8.794904492148731,10.874456853540428,9.703385777780925,0.9666320487989621,1.2364496809769938
3832,3241,3240,2990,45.67488568413999,9.440795987653619,13.957153686515896,11.031240218210087,0.8372914832236904,1.4783873843655377
3833,3064,2057,3369,75.30108454948078,11.615953016055228,15.063087994491852,13.410613715336742,0.9563631088804164,1.296758688131064
3834,2057,3241,3369,61.908399503162656,11.33001984167764,13.19369669126416,12.046556516332343,0.9806586909914424,1.1644901664453364
3835,3070,2497,3242,78.6500173986387,11.6791010609525,15.54934867019314,13.750873026959821,0.9478871092555486,1.331382320355142
3836,2039,3242,2497,68.76376489041405,10.987937966149673,14.024169349733825,12.789426388474062,0.960891251914838,1.276324037589019
3837,2513,3071,3243,47.41176227856222,9.211416965951372,11.764666413662745,10.618030636784972,0.9616195577695118,1.277183136660633
3838,3071,3305,3337,52.58921043925801,9.333982710039853,14.520376320207351,11.708022727693555,0.8573498383348749,1.555646369966905
3839,3070,3243,3244,76.54705287396412,13.03809836448423,13.670633348300914,13.303992230750042,0.9983615253975473,1.0485143589298045
3840,3071,3337,3243,72.31282374968703,11.764666413662745,14.520376320207351,13.07471060005637,0.9696695577595433,1.2342361278807104
3841,3069,3068,3419,81.73682398410453,12.544506413966598,15.878205144649339,13.969660637759924,0.9576025853489322,1.2657496931861043
3842,3443,3330,3442,95.29694907885762,13.936634869699729,15.398875577127166,14.878239414265076,0.9922090076848389,1.1049206441223887
3843,518,3075,3246,35.764639346102186,7.4679475165062374,10.998739799094773,9.42139004161499,0.9085241619042581,1.4727928624008813
3844,3075,3342,3323,83.48002184754739,12.607872549602321,15.177462712967285,14.003135821313059,0.9775682150784366,1.2038083866453753
3845,3342,3075,2078,79.35419577659837,13.182499479902235,14.224072201369571,13.56259557869904,0.9950927896218665,1.079011777929921
3846,3291,2530,3076,59.749922768680335,10.67718336732335,14.137009787350864,12.06358496526962,0.9338485574595324,1.3240392434034647
3847,3248,3077,3324,71.98627801859182,12.372823645896197,13.792752674448336,12.93924173188516,0.9907269276764461,1.1147619225158114
3848,2815,3248,3151,41.142643447797255,9.451155848273086,10.044439876059807,9.75657984997711,0.9975348590486511,1.0627737006257416
3849,3079,2527,3422,94.73420652227307,13.217105604873387,17.449407134209743,15.12312224390081,0.9438988938999575,1.3202139451602648
3850,3194,2812,3249,92.16551382327167,12.630145648279571,16.721449998207607,14.871660771805393,0.9500712558311311,1.3239316840724902
3851,3370,2084,2539,56.79236357790976,10.623938174553826,13.196320668376856,11.631659263816408,0.9604762705101173,1.2421307853602097
3852,3454,3325,3225,88.48539315091023,13.825813496976206,14.801806173123682,14.31172256599172,0.9968977625073325,1.0705920614624906
3853,3325,3080,3250,63.59045682222936,11.129756953160323,13.378338936521342,12.224401191995335,0.9772122042294137,1.2020333411434045
3854,3001,528,3251,19.207287467143626,6.300848101593261,7.113461296979741,6.685496486704863,0.9899674337480223,1.1289688597922236
3855,3083,1925,3252,40.84957722411708,8.898596931357403,11.830655332562126,10.00739985094865,0.9263714628586678,1.3294967087308518
3856,1925,1599,3252,29.398151437829643,6.746624165850625,9.399071953711772,8.479547802829607,0.9248836802493953,1.393151852342248
3857,2558,3253,2869,37.75564853797867,8.18315518685607,11.411669611718805,9.646236833687736,0.9194384804712316,1.3945317363708847
3858,3253,3083,1907,87.57612156040184,13.597491386370992,14.944251297999388,14.253544809595391,0.9940135367094151,1.099044733573303
3859,3203,2955,3254,48.09173588064186,9.945290823195009,12.17965915360777,10.708220865234038,0.9595163304589499,1.2246659620251257
3860,2870,3254,2955,60.339759372979486,10.065718405686441,14.368937110202948,12.204771556499052,0.9165082454947686,1.4275123275935757
3861,2146,2575,3255,68.87193401778367,10.89823653617464,14.389518828866768,12.850241956291867,0.9510152094751423,1.3203529562882468
3862,2575,3256,3457,56.05539289490599,10.833436158847016,11.882373516433464,11.402147564234525,0.9943018527903669,1.0968240678401786
3863,3256,3090,3371,100.6500713824966,12.836622229967585,17.97637379148851,15.669608465461451,0.9294758163997137,1.4003975087404206
3864,2575,2577,3256,45.683819247406326,9.641097306359788,11.490633017423098,10.372088622895403,0.9748378030434842,1.1918387142346605
3865,3257,3012,2132,36.956838648260984,8.033945959968374,10.903971047833442,9.464379757761519,0.9384346790259318,1.3572372906372359
3866,2141,3257,2573,37.505965027634076,8.087700946967729,10.980516147947437,9.534217809782904,0.9384618965202541,1.3576807822084833
3867,3258,2658,1445,72.34596174639344,11.84020826716205,17.698004953002144,13.932120066600447,0.8302976793521071,1.4947376392091232
3868,3258,2482,2962,84.62279565998696,13.164652550734429,16.29397046704075,14.231965731078477,0.9548178619049806,1.2377060772585102
3869,3108,1376,3259,42.8522450489963,9.079086484634884,13.611704011807639,10.719517620182957,0.8308148962236379,1.4992371792959118
3870,1377,3259,1376,36.02032215320747,8.000000000000114,10.337407153682998,9.268389839263152,0.9579870361431433,1.2921758942103563
3871,3331,2676,2258,44.29935773311164,9.091522438528994,11.134661722623582,10.217338385459373,0.9732998686931302,1.224730159102502
3872,3260,3109,3110,53.38018339323142,10.593932189257911,12.099736557633213,11.166151682475194,0.9852157941985553,1.1421383808650545
3873,3385,3402,3326,55.10986133434925,10.666148429401494,12.773024572553599,11.41488692438508,0.9698657209740833,1.1975292353277638
3874,3303,3213,2295,56.86964895679649,10.313104483714197,12.287896021135264,11.555633559926873,0.9778279438798647,1.1914837128373452
3875,3416,3262,2722,58.183667485107115,9.786753668134844,13.426064494004937,11.87404431915524,0.9373938499993912,1.3718608794374274
3876,3326,2965,3213,64.51154331159579,10.921255025201116,13.126231830944112,12.318450069943486,0.9754779529702184,1.2018977489908391
3877,2970,3216,3386,47.59296192169728,10.093646089688741,10.965650459615489,10.50240463266112,0.9953138827326312,1.0863914151713276
3878,2297,3120,3456,66.24616177561016,11.506153248320338,14.198064302056265,12.551835141231313,0.9625783707856445,1.233954041428128
3879,2319,3264,3040,65.72652267064785,11.318045119042202,13.198316429891142,12.393615278955357,0.984187533050485,1.1661303954059568
3880,2732,3122,3264,42.08006828856897,8.925693740095895,11.493422656552726,10.045794317352643,0.9520847063034089,1.2876783576969608
3881,928,2734,3265,37.37184116881656,7.6532807079920335,10.879106847002802,9.569588564279359,0.923109865455327,1.4214958606760837
3882,2221,309,3266,48.73179841326902,9.82819306984174,12.409198676066696,10.811019063989187,0.9523052220934601,1.2626124240624546
3883,3314,2834,2946,33.69962839985038,7.576760764726346,11.115673661600349,9.21150647261493,0.8948036094105292,1.4670746519210995
3884,3236,3359,3423,83.43475772209739,12.73740711263488,14.650174439661471,13.957620113432007,0.9852742358873999,1.1501692856412842
3885,2469,3268,2987,28.85287254183052,6.5312039405442555,9.709963670051556,8.47483376526481,0.9033998242764336,1.4867034865921533
3886,2765,3268,3137,31.00113020549315,8.151669666968838,9.132024130934834,8.498808434776306,0.9884468586435105,1.120264253093874
3887,2370,1028,3328,68.66538844208065,12.431264487029695,12.798364366667453,12.595474271978636,0.9994122450140811,1.0295303731990237
3888,2772,3269,3186,61.359482262740606,10.561582612459912,13.138578449132012,12.044971330585781,0.9688203586175801,1.2439971291453913
3889,427,2809,3270,27.852243595880974,7.6762906959544095,8.682376239900734,8.058944103834415,0.9873777496121928,1.1310640234712002
3890,3272,2809,3150,56.09309611061057,10.93434898922836,12.010484532214702,11.408726618138388,0.9937196256997531,1.0984178888058598
3891,3395,3147,3365,55.01506815524945,10.8821782198111,12.09103538992298,11.313967681710269,0.9902020025263013,1.1110859559266495
3892,3395,3365,3193,48.02605276414958,10.003052276623347,10.8821782198111,10.552542151034089,0.9946398454825629,1.087885769150905
3893,3272,2380,2781,66.22630333386073,12.206621557317352,12.575360674761217,12.369891909581407,0.9993813200697533,1.0302081223467456
3894,2809,3272,3270,35.79123980594194,7.6762906959544095,11.281346332972102,9.45891801312268,0.9019875379564892,1.4696351115152066
3895,3324,3151,3248,56.687810504361565,10.044439876059807,12.372823645896197,11.584376613775563,0.9669914417844937,1.2318082241087354
3896,3090,2576,3273,50.11358053501772,8.997872076768697,13.115544789692189,11.147943934475519,0.9104240840221449,1.4576273898752987
3897,3457,3255,2575,63.81435020871691,10.985958224046762,14.389518828866768,12.419283523115666,0.9428039313190489,1.3098100807783954
3898,3457,3371,3274,67.01176979329394,10.86272456875843,13.9204549786645,12.629246593895509,0.960215308365335,1.281488349497529
3899,3301,2824,3211,49.02167969687672,9.456526429383468,13.750463257761494,11.194486702160047,0.8794835511795863,1.4540712554914283
3900,3320,1959,3238,43.56739554367085,8.85608426082853,11.203394278591784,10.167240225748456,0.9643980962054863,1.2650505515338957
3901,2466,3373,2831,100.74685673670818,15.243968004390226,15.264937905091738,15.253364431090432,0.9999986989928582,1.0013756195693584
3902,3382,3318,3420,58.94931471759764,10.042128943860204,13.299360217539027,11.893259672561108,0.949906121279286,1.3243566470703712
3903,3400,3432,2783,48.483485557763984,9.328784302732531,11.71600946502375,10.718289782988116,0.9660034889450003,1.2558988486411855
3904,2468,3374,3156,54.23280464054869,10.293843389721351,12.376290727506893,11.290661680213068,0.9769085870108248,1.2023002739545188
3905,3061,2056,3278,31.481185857727063,7.256251439581216,9.758618848836262,8.709868248885938,0.9443451921183096,1.3448567666226663
3906,3279,3278,2056,44.40211540502713,9.321684443137052,11.945308518467488,10.341870603480269,0.9470838247240488,1.2814538607624761
3907,2056,3062,3279,82.17203209061387,11.945308518467488,15.174501903421389,13.98424135241242,0.9600879584962532,1.2703315180149224
3908,3343,3426,3501,69.96756616083823,11.308155466714142,14.238647949656585,12.878625911232648,0.965757032500553,1.259148584538692
3909,2853,2507,3462,65.65432830995191,11.444010045575816,13.524762403097279,12.405476999517852,0.9805488796522989,1.1818202141762248
3910,3486,3487,3449,54.00618790266943,9.923910904420266,12.949771232228924,11.379772543145835,0.9518455484578353,1.304906035226585
3911,3329,3163,2061,58.136002608610816,10.820211361859785,13.79384373197753,11.859037837229986,0.9420920760467023,1.2748220224791094
3912,3329,3436,3438,88.04770378090154,12.945895754879412,15.531784117702845,14.376910662460622,0.9782981231826114,1.1997458045225484
3913,2097,3227,3282,74.02273146233023,11.50012453905998,14.338627388902815,13.239111508111158,0.9667845087950715,1.246823661796175
3914,3282,3227,3354,77.96930840616281,11.50012453905998,15.25783695974489,13.682129531527023,0.9490061595283346,1.3267540632209593
3915,2619,3283,2875,39.50683571080059,8.11831545472138,11.049138911139798,9.77321552757926,0.9404030642405802,1.361013743893622
3916,3168,2876,3283,30.7281701596453,7.887919322475078,9.251496973448733,8.48418069482568,0.9814375530504315,1.1728691173461179
3917,2449,1957,3284,50.9045984011675,10.090053680138354,12.383838254140063,10.991749637953939,0.965057247949447,1.2273312557808174
3918,2894,3173,3285,33.12067548039428,7.772945878218864,9.467971473325122,8.836941133681956,0.9723484285673035,1.2180673353015377
3919,2675,3285,3173,45.64504306807561,9.269906049501879,11.650187796902728,10.409416485051386,0.9643873207731612,1.256775174925182
3920,3235,3286,2925,41.56755447655705,7.601164908074799,11.645250400158504,10.25384891828618,0.8834332147225746,1.5320349631919747
3921,2354,3286,2759,48.98356968147474,9.758390039193038,12.786443576004652,10.917090593057948,0.9351800140643747,1.3103025729295419
3922,3287,3134,2754,68.59086751079512,11.747955730449894,14.529930891684625,12.7865915518203,0.9598188482692143,1.2368050429424111
3923,2757,3183,3287,96.79216823238461,14.439467311071954,15.32477856984129,14.965201158403133,0.9974576652243001,1.061311905743953
3924,3418,2764,2359,65.26771057583375,10.961921805407925,13.43572656844104,12.404769686879556,0.9725533367833977,1.2256725423650345
3925,2761,3377,3136,61.31004971360514,10.601002919440479,13.808633879819126,12.124685189985968,0.9519539876794387,1.3025780659390618
3926,3145,2386,3289,37.08644378067222,8.11204298341034,10.148941352868633,9.375916846441404,0.9653707132918476,1.2510956085444669
3927,3289,2386,3319,49.02492018231318,9.866766203045236,11.180901777538615,10.686194250918254,0.9885005647528143,1.133188072713002
3928,3191,2804,3290,36.29843906546145,8.633500724916349,9.977277310903462,9.21017847336512,0.9845111698861213,1.155646779771381
3929,2805,3290,2804,62.76932596870924,9.977277310903462,16.19175651348397,12.917767772456514,0.8361718170173239,1.6228632330174027
3930,3247,3347,3338,53.1844370788743,9.714343409064162,12.069188733787763,11.224981499152497,0.9660053966145319,1.2424091084248028
3931,3425,3342,3367,81.290837170041,13.010861995085111,15.323662133069734,13.832914832455293,0.9754164193033192,1.177759178358689
3932,3194,3291,3292,56.9263091979342,10.649020657144764,13.426428600172114,11.687150508759851,0.9518155851956268,1.2608134618617628
3933,3076,3292,3291,45.97751232369511,9.677455575464576,10.67718336732335,10.334553199977563,0.9921649975586436,1.1033048185096712
3934,2839,3477,3198,38.41572879286002,8.356650317267764,10.414170358750347,9.532090745301241,0.9684309119248429,1.2462134902582949
3935,2592,3408,3407,44.56945016083358,9.175405985123247,11.95591271983836,10.364588646586194,0.9460875438832476,1.3030390959509968
3936,3199,2508,3294,30.705736800590604,7.011025996298691,10.650384093580845,8.824105231819317,0.8855967151196511,1.5190906579441397
3937,3332,2508,3295,65.97636793755142,11.229968452257813,15.344453412737218,12.801027347837737,0.9114943514015391,1.3663843739162223
3938,2850,3297,3162,52.51671484229139,9.731887608423735,12.268754558248595,11.15851325244244,0.9653526286743355,1.2606757344411783
3939,3200,3332,3343,56.084156372285115,9.629118257036586,13.12045340222497,11.646529692998916,0.9397761762023756,1.3625809811440472
3940,3449,3447,3488,84.60268554782444,13.395915531759842,14.839312485713542,14.018364466285172,0.9923814944609327,1.1077490336910238
3941,3404,3388,3295,69.95312601444255,10.985539053009807,16.811156944839233,13.510731386640385,0.8570434333969542,1.5302987740263259
3942,3296,3474,3201,55.62264146517556,10.921602910572698,11.665873568336629,11.346539467546535,0.9969973354887024,1.0681466506206188
3943,3475,3397,3474,59.556372287000855,11.57524367116107,11.984755882101933,11.73194733875504,0.999044054029534,1.0353782799373057
3944,2570,3298,3203,39.229052177206455,8.931926854883223,11.371547612381237,9.750805424821563,0.9398698795381246,1.2731348786364316
3945,3333,2572,3088,56.529938553376766,9.389632203574811,13.801483547622603,11.839673325193473,0.9094975702647821,1.4698641276245215
3946,1941,2440,3334,71.66492459244888,12.000274610581437,13.537089847038803,12.913703992875808,0.989854075699008,1.1280650057043073
3947,2887,3300,2230,29.074137196589646,6.798516060502197,9.858068027230775,8.472493337043312,0.9149548089565334,1.4500323216861788
3948,2822,3301,3210,113.21500539731824,15.733772829043351,16.602615654285636,16.181359156570874,0.998077243997616,1.0552215183657963
3949,2824,3301,3275,60.88383474850155,10.448042338276817,13.750463257761494,12.090522003513783,0.9500444714127266,1.3160803538655397
3950,2698,3038,3302,46.15636685731034,8.537421378647513,11.721517119085458,10.597330905371606,0.9315098585577769,1.3729575476269118
3951,3335,3038,3234,63.86630840421864,10.706102560225588,13.379824658844704,12.296975066411335,0.9669377750030361,1.2497381361310982
3952,3380,2703,2279,58.896835966032825,11.270725235707689,12.549440547429821,11.710191624713259,0.9893468688410282,1.1134545723527118
3953,3213,3385,3326,50.76634810915699,9.716513619254952,12.907863353685233,11.09684180078056,0.9384436606256933,1.3284459693553117
3954,2707,3345,2708,40.5711423444454,9.051812465851908,10.297443671751415,9.71966557206981,0.9890270737386607,1.1376112475372935
3955,3217,3336,2979,45.19198584982253,9.228610899702401,12.726468814907552,10.603587649801819,0.9094722987532495,1.3790232303886545
3956,3305,3221,3337,51.46356094615785,9.772338833977408,12.006182592306343,11.01607685970574,0.9724443773803677,1.2285884470728843
3957,3071,3222,3305,30.911010531373453,7.74989228757135,9.333982710039853,8.52432175078111,0.9767800053421064,1.2044016050402326
3958,2526,3306,3223,35.80804507037336,7.266179370501329,11.86926610623409,9.671041746800187,0.8518088703899529,1.6334947846759762
3959,2076,3306,3224,58.585929385686896,10.856847988691095,12.740018256444662,11.712409800811406,0.981943137847161,1.1734546039251124
3960,2526,3338,3307,57.925262725087485,10.380664274214665,12.735260808074143,11.685503378477115,0.9728387320048385,1.2268252273323434
3961,3339,3307,3347,84.11644569956923,12.768667505261444,15.119897772422746,14.036414032546025,0.9813059245645394,1.1841406134346013
3962,2087,3308,3002,40.26111252752798,8.350432954906582,11.98600937344107,10.019213929212148,0.905946447807329,1.4353757988558282
3963,3309,3227,3310,36.86117331146463,8.765496265634871,9.68452839339097,9.249308265724805,0.9934133532761592,1.104846559727504
3964,3227,2097,3310,52.44895703142657,9.297900138148568,14.338627388902815,11.642441503486921,0.8661541680351406,1.5421360926509127
3965,2097,1920,3310,44.48103315344051,8.58843074100975,11.290796983409379,10.339280835051936,0.9473172157547294,1.314651922323345
3966,1500,3311,1922,68.03842687799158,11.34371509364275,16.132493538154353,13.161638310249346,0.8841552419364835,1.4221525668601578
3967,3230,3229,3311,89.29029136038467,12.983062613971533,15.284691074337646,14.468071285449954,0.9799256210249796,1.1772793160443706
3968,1974,3360,3424,56.91712649753321,10.821388743240936,11.95857526669878,11.495054969265562,0.9929787641699861,1.1050869301935144
3969,3428,3117,3427,66.77401478670501,10.988809688210116,15.175303445125575,12.821651090899325,0.9209114263728584,1.380977910774735
3970,3412,3312,3413,80.00655898979318,11.234912122443541,16.8267006535185,14.161524147831093,0.8978248775676689,1.4977153777557783
3971,2278,3313,3381,67.65752005703852,12.41809255676964,12.58013834655344,12.5004593849135,0.9998879137893792,1.0130491691089436
3972,3423,3314,3236,87.33735254675167,13.731437737815233,14.485278787999668,14.21410242599049,0.9977205520761199,1.0548989162371847
3973,2834,3314,3267,60.567314678239214,11.115673661600349,12.772114903066038,11.886923628898193,0.9866782874219837,1.1490185203248588
3974,2930,3315,2777,47.11768179685774,9.266009986516577,12.014102482515574,10.61576849271084,0.9548875285355335,1.2965777610857185
3975,3188,3237,3315,36.99809397727347,8.559938874228633,10.345138505029631,9.338586700280018,0.9735332451259734,1.2085528479853622
3976,3188,3316,3237,39.70475086228177,8.007241357052278,11.134682555814896,9.829020805965602,0.9321074550929399,1.3905766117575766
3977,3318,3317,3188,42.705779163041434,9.159425761232061,11.588969545010853,10.115896887571786,0.9533699146758208,1.2652506660474299
3978,2386,3317,3319,37.7223874979222,8.626985854626152,11.010914772170905,9.531654259371274,0.9472778686711499,1.2763339314236142
3979,3420,3318,3188,50.214130445714886,10.042128943860204,11.588969545010853,10.82421729834356,0.986406823054193,1.154035126395822
3980,3383,2399,2798,68.42468184525168,11.930940321075536,13.64639603935238,12.637472546317113,0.9861343167706855,1.1437821053590018
3981,3317,3318,3319,40.643502205862475,8.957062151316766,10.785694786034716,9.78068409794131,0.9753375872238612,1.2041554031696793
3982,3383,3319,3318,70.36814266585861,10.785694786034716,14.139427058312135,13.00790699413128,0.9466039354216307,1.3109426271379216
3983,3320,3348,3340,40.569994666272535,9.278749407089428,10.551958527192907,9.73450328876509,0.9852385629609262,1.1372177503932464
3984,2822,1958,3340,57.12131270976932,9.581405245784953,13.030753654360796,11.765191441237233,0.936741904080209,1.3600044377721396
3985,3321,3239,3341,57.55528384953271,10.08703961198031,12.574086235807835,11.681307815847424,0.9650645064788238,1.2465586256718646
3986,2940,3321,3192,48.55338548842526,9.783355296717273,11.465106956867102,10.655582803458516,0.9834622208712066,1.1718992727080173
3987,3445,3245,3330,74.65500775092079,12.38168064089834,13.823491168189387,13.170317692233892,0.9919191411324171,1.1164470776712294
3988,3442,3441,3434,83.54915179068315,13.080957725628284,14.647765913235773,13.935033271011784,0.9914915130870972,1.1197777884823976
3989,3075,3323,3246,43.94459169922708,9.019515515584319,12.607872549602321,10.474956958143531,0.9053117937481888,1.3978436566595933
3990,3323,3247,3338,47.3794261108867,9.714343409064162,11.35981577425056,10.525544047624704,0.9836341965412375,1.1693858551110163
3991,3384,3077,2533,59.98059424733765,10.190441477757703,14.22465298038569,12.130604176334272,0.9242264556061984,1.39588191654241
3992,3466,3371,3090,88.48776864705202,13.07622861227668,17.97637379148851,14.881297062257724,0.9030734343432022,1.3747368851146655
3993,3001,3251,3325,28.098683171960783,6.642180061541584,9.211351361879142,8.276774499603029,0.9290053267718962,1.386796394637528
3994,3325,3251,3080,35.1106813909679,7.628090324724466,12.165107686304347,9.66818312430265,0.8358477728489079,1.5947776138510477
3995,3213,3303,3385,42.91866091071489,9.716513619254952,10.313104483714197,9.965567012832253,0.9973807356721939,1.0613996838616062
3996,2696,3460,2281,72.61127428986077,12.644822397187356,13.378292575654752,12.960613871514248,0.9977163974393697,1.0580055737778131
3997,3386,3263,2970,61.13212929275036,10.093646089688741,13.940005917231305,12.18692712016201,0.9346802872471092,1.381067435232532
3998,3349,3403,2969,87.9988558403165,11.998782056216628,16.006308623927765,14.567562316547585,0.9429106281815216,1.3339944461808786
3999,2779,3328,2376,54.201096608085145,10.078481512724775,12.313169335312756,11.298973285188014,0.9739472424033628,1.2217286224880737
4000,3186,3269,3328,65.88222763632898,11.934384888632785,12.669224652790131,12.346120823862778,0.9975600806427434,1.0615733253967083
4001,3329,3280,3436,83.06169262786325,12.945895754879412,14.46000127625539,13.89750641747628,0.990827852866252,1.1169564122903817
4002,3281,3163,3329,64.42258063240648,10.96305841785264,13.876322609660638,12.37561189163853,0.9624995795238678,1.2657346226545627
4003,3245,2523,3330,74.5782135574848,11.967364111124235,14.44850831274561,13.240551230494598,0.9766965942162782,1.207325872145482
4004,3387,3467,2074,50.8566737016688,9.1148543973852,15.023485217632478,11.779090291737136,0.8114784867213057,1.6482419315378534
4005,3285,2675,3331,55.63302538739579,10.533595947914526,11.964638191197794,11.382807312005015,0.9887153080526706,1.1358550537118894
4006,3109,3331,2675,71.66984167056383,11.964638191197794,13.661143814540388,12.922219802217564,0.9882203096744712,1.141793307597942
4007,2508,3332,3294,44.326290769814165,8.621632067858089,11.828660178518177,10.366892113319038,0.9371983488659386,1.371974596621452
4008,3343,3332,3295,67.26898311170379,11.229968452257813,14.971213098551729,12.797066323514912,0.9342627669198832,1.333148277503997
4009,2569,3333,3088,39.0167348325978,8.755877119049565,10.633062371987219,9.592857231537199,0.9727350625646408,1.2143914570081837
4010,2134,3298,3333,45.663504573862944,9.130003734765243,11.692821343951627,10.429251762067487,0.95986646777303,1.2807027996525
4011,740,3334,2440,71.44702336754175,11.541743868925664,14.19931441168516,12.981601933872668,0.9721668700187993,1.2302572793973177
4012,3299,3344,3207,23.39710446127412,6.765689033192844,8.298519631612352,7.438675006860393,0.969329915598594,1.2265594222405667
4013,2285,3335,3234,58.21859965712134,10.706102560225588,12.49090068433158,11.663715168216621,0.9843933836593312,1.1667084836957122
4014,2284,3212,3335,60.56875726602605,11.361051657454158,12.21388525007011,11.842864623877665,0.9964151253170924,1.0750664303208581
4015,3345,3304,2708,31.891681144282682,7.699919830057087,9.809740578606103,8.715549799698865,0.9601711651443978,1.27400554747508
4016,3336,3304,3345,26.41781069939905,7.559653013479014,8.220959719943826,7.826844187826642,0.9946020575988149,1.0874784471305348
4017,2515,3337,3221,68.82889318569191,12.006182592306343,13.224828044794481,12.637069289168776,0.9938075418566127,1.1015014925117876
4018,3243,3337,3244,74.7708262933835,12.85898329056579,13.670633348300914,13.15623523505524,0.9968590732718432,1.0631193026225179
4019,3323,3338,2526,60.96994178591021,10.502472959559393,13.939940418774333,12.127666143825422,0.9445679324032957,1.327300767395563
4020,3425,3347,3247,78.22793665876524,12.069188733787763,16.614100073007283,13.918217206914113,0.9146489496164452,1.3765714033865435
4021,3194,3249,3339,101.40317242115418,13.383427341691245,16.721449998207607,15.50707303468855,0.9647393198163287,1.2494146358248575
4022,3422,3249,3079,94.46452930310181,13.217105604873387,17.033778211325952,15.02723228513594,0.9557165847063904,1.2887676561383672
4023,3320,3275,3348,41.14900660791159,9.278749407089428,10.0353061032087,9.766063269892717,0.995124303448165,1.0815364940819745
4024,1958,1645,3340,34.557517577810316,8.144811439248125,9.581405245784953,8.993941419237668,0.9820102106511421,1.1763814690189371
4025,3239,3058,3372,53.35339846995606,10.680421384934991,11.500820744954167,11.115398270087802,0.9963523653471306,1.0768133887653881
4026,3193,2941,3341,64.81672593690763,11.093268752158313,12.960662102571627,12.321375903118849,0.9811036283935259,1.1683357171032203
4027,2078,2529,3393,45.8517593287435,9.677110361884928,11.161375030497823,10.346972252675966,0.985597647711981,1.1533789130336822
4028,3425,3367,3465,72.76066981181017,11.398924721381007,15.165577992298962,13.242907694297001,0.94537742030795,1.330439349586442
4029,2995,3388,2997,73.87989358231357,10.906460306342163,15.038659175567767,13.39432522132684,0.9343338933479787,1.3788762580305463
4030,2502,3375,3498,67.33327604681159,11.151082048643687,14.8393487806096,12.776222016385809,0.9390353296126959,1.330754156043047
4031,3334,3208,3344,37.92583722226314,8.565054594623605,13.371814244733187,10.30378432062453,0.7897578170008077,1.5612059557830311
4032,3208,3207,3344,28.970966967569314,6.765689033192844,10.99449002683822,8.775077884884888,0.8362726714462566,1.625036263549602
4033,3349,3346,3345,49.826599844133916,10.045018320972755,11.517820016934222,10.777793813714723,0.9875321250585279,1.1466201104766967
4034,3346,2969,2976,67.16016623876128,11.466884177693592,13.26340772679404,12.521635030060844,0.9855222841484225,1.156670593446405
4035,3336,3345,3346,34.96147081972021,8.220959719943826,10.770543103237198,9.21619710097523,0.9368988761312463,1.3101320855651624
4036,3349,3345,2707,49.4907902221576,10.045018320972755,12.119027255263596,10.82049641599592,0.9691125438909096,1.2064713938809417
4037,3291,3194,3347,85.46393688409793,13.426428600172114,14.395057757879515,14.070337569013667,0.9959067569563442,1.0721434706542128
4038,3339,3347,3194,87.86490149213216,13.383427341691245,15.119897772422746,14.297617154367787,0.9901754249467819,1.1297478132019407
4039,3275,3301,3348,51.354228225644285,9.984134299380024,12.07306041450304,10.992562218491486,0.9755789211737331,1.2092245609369188
4040,2822,3348,3301,68.58601424336038,10.920491941591397,16.207688986383634,13.23581149904608,0.8796593237812071,1.4841537426217593
4041,2298,3349,2707,72.84423982087327,12.119027255263596,15.261554396875319,13.235082357004769,0.9492112179821707,1.2593052293241476
4042,3327,3386,3403,55.4842759211393,10.77551703112745,12.314419219230674,11.382059609593734,0.9856643882200984,1.1428146959127592
4043,2591,3350,2157,67.61659553602722,12.339746634893249,12.663821288889439,12.498259612129353,0.9995507496275163,1.0262626667779224
4044,2160,2588,3350,88.05230371343471,13.518536152088272,16.081782611817705,14.417923943300721,0.9717309297518326,1.1896097647623982
4045,2613,2594,3351,43.08030628845462,8.033881635629404,12.401849795763392,10.437123758414424,0.8866419880234622,1.5436933674455093
4046,2594,2166,3461,59.15307655477629,11.399591812444417,12.052037199919226,11.697354966895148,0.9978634005390523,1.0572341008528539
4047,1959,3352,2642,64.85804866714292,11.791417690657505,12.782820773345156,12.259067232885569,0.9955675064808984,1.0840783617964065
4048,1644,2643,3352,58.00435600031132,10.599731477061683,12.200970374137968,11.64023788694002,0.9846936751951814,1.1510641001181436
4049,3131,3353,1992,52.03506580094462,10.321765899002676,12.19269747917581,11.058706312052388,0.9773305647450433,1.1812608034787835
4050,2338,3353,2746,51.525448336764185,10.278802562898662,11.776716604951034,10.96233771824045,0.9870396464463337,1.145728457462457
4051,3354,2543,3282,84.04310168326099,13.16807929601944,15.25783695974489,14.022206081929802,0.9831141438567411,1.1586987454090711
4052,2475,3354,2095,101.82347552142444,14.51864857397266,16.410433076918284,15.39509652988337,0.9896308241010622,1.130300316403897
4053,2751,2924,3355,46.29064413501807,9.515794335813785,12.336570065182737,10.590437169958497,0.9401518043611728,1.296430926291948
4054,3355,2924,2759,47.273042477542276,9.807894648157266,12.196117920554107,10.640986559196781,0.9539552079927712,1.243500094369952
4055,3357,3356,2928,51.9298690898135,10.512734714732929,11.87668453468153,11.00614853919329,0.986918806865611,1.1297426271051159
4056,3236,2364,3356,76.01446953813381,12.535555858743617,14.645619211947082,13.352389288507759,0.9799380201084905,1.1683262694515206
4057,3358,2928,2362,69.34070884326613,11.770984029428254,13.447783954159199,12.710829500597454,0.9881590920860619,1.142451975173769
4058,3359,2760,2355,72.7382657264176,12.251559204857877,14.053292374471477,13.029400927254548,0.9861757838269171,1.1470615404526792
4059,2356,3358,2362,68.08311276276427,11.770984029428254,13.15831887317361,12.579413919155328,0.9914397192371528,1.1178605663109324
4060,3359,3358,2760,62.545839222365046,11.39924821223256,12.783351202434291,12.059064614205754,0.9910871562613423,1.121420550235624
4061,3236,3357,3359,61.21869826386123,10.597057047349944,14.650174439661471,12.30332315778439,0.9161690271411594,1.382475754749769
4062,3359,3357,3358,51.4998163258555,10.597057047349944,11.39924821223256,10.922411496418249,0.9959464431180783,1.075699428746892
4063,2682,3399,3031,79.73477883543329,11.487744228753185,15.83139043595753,13.910649530443392,0.9357789403091972,1.3781113263587852
4064,3424,2690,1267,73.23755225996399,12.274567576617153,13.897414129295171,13.056569396256227,0.9895866630930135,1.1322121160316485
4065,3390,3361,1896,58.976629017515215,10.869953120070448,12.748265666014898,11.748820052132464,0.9824759400518672,1.1727985875556635
4066,3391,3361,3183,80.32639748816715,13.007919202752928,14.385116499678547,13.65569615289696,0.9930854878724041,1.1058737585511875
4067,2981,2423,3362,82.26648146251347,12.668086089908483,14.454880410681708,13.856156775596046,0.9859233704168977,1.1410469038568187
4068,3091,3362,2423,84.50362636124672,12.989516198792263,14.641105925915294,14.025375316968502,0.9893474125214478,1.127147901572854
4069,3496,3064,3494,62.117354269299945,11.132068268592441,16.596132304948352,12.982505508400948,0.8193812606086806,1.4908399683257418
4070,3463,3462,3363,79.41249211299944,12.364090876221319,16.08794322537316,13.857993443432187,0.9422957515494752,1.3011828679060886
4071,2965,3326,3364,71.43216906853085,12.40513543193742,13.126231830944112,12.855641746127608,0.9975518903636479,1.0581288614673408
4072,3497,3326,3460,58.02878548893092,10.103748350261363,13.836935291692066,11.891016636871022,0.9323746492886694,1.3694853446477746
4073,2800,3193,3365,34.58602362951743,7.811531122319154,10.003052276623347,9.072080516729484,0.9605036283142134,1.2805495004740575
4074,3341,3372,3395,69.92795939361285,11.831105980081587,13.26380830305674,12.756286419541153,0.9898226064735588,1.1210962293286189
4075,3415,3366,3180,100.4840997513852,14.779164086309262,15.498358943143645,15.243908186522376,0.9981634640796825,1.0486627560689046
4076,3464,2726,2725,65.11492587414986,10.41634964865625,13.588327320252782,12.501634328901282,0.9489489083158144,1.3045191241257659
4077,3425,2530,3291,93.28545802599062,14.137009787350864,15.840206373880914,14.742599215065724,0.9884596040437233,1.1204778529653414
4078,3393,3342,2078,69.20837878015905,11.161375030497823,13.959074231706763,12.800554772343302,0.9670587787785697,1.2506590087300522
4079,3051,3368,2437,62.926442564780736,11.903827700928442,12.132714445760296,12.05641015420323,0.9996816900475413,1.0192279954467085
4080,1089,3368,1932,47.216334589229305,8.762753651350994,13.448605004311407,11.003933126759128,0.8739622167167309,1.534746443800571
4081,2990,3394,3241,80.67956380412807,12.937967905367739,14.144444451864283,13.679855347915973,0.9941414010417273,1.0932508532499914
4082,3472,3388,3404,65.03884178320041,10.351632534873707,15.048716535005683,12.71194907731717,0.9088148999891127,1.4537529693319318
4083,2539,2861,3370,49.47022832833588,10.208998856605904,11.323662882197395,10.718866637785709,0.9925365247062554,1.1091844598327316
4084,3465,3370,2861,61.97914756853985,11.323662882197395,12.961442943004489,12.025661248914759,0.9865174214604678,1.1446334174591108
4085,3324,3384,3466,52.434926616377524,9.137853204936125,12.471142504761106,11.283190177474289,0.9342140960298728,1.3647781623395296
4086,3371,1911,3152,74.03964996470454,10.185077856630784,15.548511076839333,13.66836825923948,0.8863864025028393,1.5265971743865263
4087,3271,3147,3395,60.755234857622504,11.459168500611439,12.09103538992298,11.85501165145326,0.9977783470290595,1.0551407276433562
4088,3239,3372,3341,65.46466207348858,11.500820744954167,13.173944975485128,12.352521106731139,0.9877973831656356,1.145478680838063
4089,3156,3277,3373,85.1223954673015,13.129628955828217,15.166019800649531,14.096541930007612,0.9858223462915362,1.1550988875369066
4090,3432,3277,2398,58.61396323608632,10.993628857688329,12.836319341268199,11.722043287705633,0.9805608362246434,1.1676143980694051
4091,1998,2832,3374,61.63457995804713,10.972451691123236,14.25932258026654,12.225943468876745,0.9390452223276888,1.2995566516644952
4092,2832,3277,3374,62.90211604997097,11.446056135240465,13.349479198373473,12.149273595273291,0.9793303823929246,1.1662951011809817
4093,3426,3279,3062,82.46858238286052,11.980569592986209,15.207084776113403,14.006856001482667,0.9605825253409821,1.269312335952382
4094,3375,3426,3498,58.34403013196898,11.097409626701484,12.849038636793633,11.699176770712933,0.9796953718518591,1.1578412502569566
4095,3284,1957,3499,57.864430580671694,10.54525848683117,12.383838254140063,11.636821098561592,0.9823124980588216,1.1743513228817384
4096,3097,2645,3376,72.55875023539825,12.131537545304099,14.633514648864685,13.095642619901215,0.9702582130824302,1.206237428208682
4097,2358,3288,3377,55.05063437451697,10.470628232368332,12.575350116442886,11.383960894830295,0.9751668324040272,1.2010119963545387
4098,2764,3418,3288,64.48081105570242,10.951306993637068,13.167761953185963,12.31190987787091,0.9762849757860329,1.2023918205230388
4099,3468,3064,3369,73.92150827826184,11.04241040131632,16.098768031675956,13.564659522818474,0.9067955881932427,1.4579034329096199
4100,3475,3296,3491,68.5791937193233,12.079005498157326,13.518155088088273,12.634474542378777,0.9896760183526744,1.1191447085731099
4101,3474,3397,3473,54.41975290142553,10.32106116129889,11.984755882101933,11.273797189990914,0.985014319731177,1.161194153857109
4102,3297,3474,3473,47.83763596837504,10.32106116129889,10.664231042062516,10.513675718388365,0.9992619144491217,1.0332494765218927
4103,2279,3427,3380,54.93950201691322,9.776537162783033,12.549440547429821,11.440607742664548,0.9588446631588706,1.2836283786863283
4104,3117,3114,3405,88.28723526641346,13.456019343084114,15.760263789023908,14.388055331448326,0.9802531709692872,1.171242652614355
4105,3313,3118,3470,74.17987263876799,12.42069164170679,13.807576283584815,13.125279696494738,0.9925680254648601,1.111659212053947
4106,3431,3360,3471,66.56763239199502,11.946295397812849,12.750680179849796,12.412631817173782,0.9970287550434684,1.0673334079939305
4107,3400,3382,3276,61.617175582180856,10.900494842177313,13.085835639690963,12.028539682363764,0.9781044960567553,1.2004808799191304
4108,3383,3382,2783,104.04925977182468,15.10423830996892,15.953873636924737,15.513081702951572,0.9979854552532099,1.0562514513820302
4109,3382,3383,3318,87.37080011716907,13.299360217539027,15.481133161961058,14.293030839182357,0.9837702604494984,1.1640509700267188
4110,436,3383,2783,89.99557940260354,12.884036862493012,15.689713373865212,14.55932951544238,0.9737689050140713,1.2177637755399369
4111,3466,2080,3371,93.5211968029035,13.59128878300799,17.206930007392113,14.98051275424686,0.9516752278788291,1.2660263704281265
4112,3077,3384,3324,68.62606941310261,11.976718070859421,13.792752674448336,12.670015189344463,0.9833342425368963,1.1516304043265
4113,3401,3303,3380,54.91855032364572,10.498751837677398,11.817703799061386,11.304321025491937,0.9899208782764517,1.1256294064072072
4114,3385,3401,3402,48.406961175781525,9.458951679594154,11.86156992647824,10.70866979242418,0.9666964422156368,1.2540047066808964
4115,3403,3386,3216,53.59427731929959,10.447917348679136,12.50662484766523,11.243353075823938,0.972819666111392,1.1970447726834634
4116,3263,3386,3327,68.07372151158886,11.056242578423078,15.109568698955767,12.89764687698161,0.9293750129475942,1.366609731270097
4117,3503,2859,2521,39.89650699231606,9.090973602429916,10.044366723433825,9.622925587320347,0.9933023775238563,1.1048724991071448
4118,3435,3069,3419,83.46349338746863,13.00100842757453,15.878205144649339,14.076695974942075,0.9647350821542267,1.2213056574113443
4119,3343,3295,3388,115.70305272452705,14.971213098551729,17.5728543128944,16.45174145209512,0.982903515990307,1.173776246267869
4120,3404,3295,3379,38.71283281854721,8.138567498562123,10.985539053009807,9.666147642727482,0.9430052555058184,1.349812366236524
4121,2750,2974,3391,82.27464976613656,12.866866910767092,14.576968271921718,13.838589302264154,0.9895010466798022,1.1329073637750617
4122,2751,3355,3389,65.71101192169563,12.049418272004871,12.588104917288712,12.324697751492108,0.9987263464477939,1.0447064441721143
4123,1896,2755,3390,58.691075343114306,11.168222962370374,12.19946663932705,11.665310324003157,0.9947440406388017,1.0923373109966819
4124,3287,3390,2755,69.08400745872686,11.168222962370374,15.072679394987077,12.958059158927687,0.9357076596256766,1.3496040906214153
4125,3429,3391,3183,59.94862310050182,10.751143029856044,13.574052756259407,11.958986262920654,0.9585747023269066,1.262568335158793
4126,2750,3391,3389,67.31884257277034,12.267795835097036,12.866866910767092,12.47791952642433,0.9980223211321951,1.0488328208035684
4127,3219,3392,3220,44.388591437391106,9.487796421674021,10.790749025469891,10.166550549787004,0.9890767062785265,1.137329317144642
4128,2992,3363,3392,65.28830446169322,10.984908647522296,13.456326341100864,12.405201294820813,0.9729100746076993,1.2249829992110137
4129,3393,2529,3454,47.88198166657972,9.870674377576853,11.79858268122904,10.623896141483682,0.9736143943753055,1.1953167767373427
4130,3342,3393,3367,66.31072908945653,10.768806025738337,13.959074231706763,12.579580750843405,0.9569026798349698,1.296250874827109
4131,3476,2997,3406,62.62267336270912,11.507765927249006,13.096589939516234,12.092819905885344,0.9855271585918509,1.138065374488117
4132,3469,3396,3468,75.84468776757645,10.788561645698712,16.53453126963926,13.845825331333884,0.8878651219151211,1.5325983029657533
4133,3341,3395,3193,64.20773189860131,10.772395956667824,13.26380830305674,12.315467038117056,0.9699068925701874,1.2312774573465988
4134,3271,3395,3372,58.66397787658162,11.459168500611439,11.831105980081587,11.642505924038568,0.9993187289156088,1.0324576324582628
4135,3394,3468,3369,61.9400870881167,11.04241040131632,13.035538012251823,12.043329069468323,0.9817479008707932,1.1804975126352768
4136,3421,3448,3447,88.14900737027514,13.643961370792054,14.929065557504673,14.296751060010452,0.9946200076585139,1.094188494953062
4137,3492,3396,3493,48.7089846861944,10.023374633892258,11.668567682476096,10.68154665686671,0.9815704473090618,1.164135643800134
4138,2997,3388,3406,77.90254956392178,11.507765927249006,15.038659175567767,13.655339093017025,0.9527110331494938,1.306826995842697
4139,3431,3439,3424,67.24050462258943,11.838385646839962,12.81131161011338,12.485725221898347,0.9947626376237226,1.08218400652737
4140,3471,3430,3431,68.18119574997937,12.190405921921952,12.947789523034713,12.559705106271787,0.9975656227768374,1.0621294816566167
4141,3399,3381,3430,67.61142857423854,12.35368250373934,12.73558910402446,12.499131242773904,0.9992651453954747,1.030914393353522
4142,2963,3031,3471,96.44919826120031,13.508761880970692,15.838708918781215,15.034012359429816,0.9804300364890772,1.1724767272041885
4143,3276,3373,3400,61.84750312949026,10.900494842177313,13.941421495660123,12.176754459848302,0.9526248627849284,1.278971431802944
4144,3432,3400,3373,50.5895724078875,9.328784302732531,11.931138845427002,10.982756729955668,0.9576472993917537,1.2789596648656787
4145,3405,3401,3380,61.32076937354622,11.538827691617064,12.392564487863881,11.916365326180776,0.9963985746262521,1.0739881744544166
4146,3402,3401,3261,73.48066275434363,11.86156992647824,14.319427208822136,13.141987340375536,0.9768157766224809,1.2072118022806824
4147,3261,2281,3402,83.96952901901969,13.244964885826231,14.419242466468704,13.95258140770376,0.9947979238549141,1.088658414028647
4148,3460,3402,2281,70.88175885699599,11.88352361904975,14.193536870816349,12.907294295684485,0.9771514154957991,1.1943879042798011
4149,2969,3403,3216,82.92248517051388,12.50662484766523,15.697596269498362,14.028636808878597,0.9646909315902731,1.2551424913356084
4150,3403,3349,2298,87.57703693810267,11.998782056216628,16.43289289303932,14.564409782043754,0.9378997202404814,1.3695467436651503
4151,3472,3404,3473,43.86530122652736,9.08798855104451,11.037213951797343,10.158945012571854,0.9754140217349194,1.214483698984062
4152,3472,3406,3388,72.49256355383568,10.558627490635537,15.048716535005683,13.342312067291838,0.9200731679329778,1.425253097370128
4153,3405,3380,3427,52.66695898170549,9.776537162783033,12.392564487863881,11.18193618635975,0.963816924859202,1.26758220027429
4154,3261,3405,3114,87.82318458054424,13.947882862236956,14.704944166021612,14.252857372913867,0.9978778337269381,1.0542778650539397
4155,3406,3472,3469,75.78695468174978,10.558627490635537,15.911935954943939,13.764635281812962,0.8984637456333344,1.5070079865073618
4156,2990,3476,3394,82.80991371139127,13.486670493113621,14.144444451864283,13.836876835041794,0.9984813163878471,1.04877215314829
4157,607,3407,2013,44.18294363311981,9.242712756435072,11.348343454813863,10.216868605109127,0.9705182240799765,1.2278152263157571
4158,3408,2592,3293,81.23962551313284,11.95591271983836,15.066506871718495,13.888237954850979,0.963213857700392,1.260172035775968
4159,3477,3293,3198,49.38026110820085,8.356650317267764,13.425702884129251,11.255442169535982,0.86898043677553,1.6065890487707797
4160,2472,3407,3408,44.72380480431563,9.660069075809652,11.02497145390461,10.21582925483708,0.9864328507128604,1.1412932316926068
4161,3500,2582,2151,77.45769811958544,11.696075745062034,14.48096077914469,13.551131476526992,0.9650781757000135,1.2381042235690383
4162,3478,3409,2948,74.06903151239337,12.019648082465622,15.697020945590717,13.417946822866824,0.9363491837335419,1.3059467995980416
4163,3433,2718,3215,65.74653367904314,10.581328026159714,15.155672585965961,12.769722992245137,0.9115241889332016,1.432303445134421
4164,3217,2979,3410,62.03893078812189,10.04577045956384,14.1862531547691,12.319497476413497,0.9260725465324336,1.4121617860841533
4165,3174,3232,3411,67.38818496070179,11.975633451239846,13.170220097398435,12.505371080266256,0.9935841290607498,1.0997514370344152
4166,3312,3411,3232,67.17679659402961,12.028312037665223,13.031490504943156,12.476687411589623,0.9954892928889046,1.0834014335624649
4167,3413,3312,3439,93.62187033059625,12.176316055718049,16.8267006535185,15.094404464159654,0.9313456706543864,1.3819204902797027
4168,3113,3412,3428,64.75150840091305,11.383463644137318,13.975871228614196,12.39837609253667,0.9647681281808659,1.227734516094494
4169,3470,3413,3398,72.55863548320492,11.076760522515816,15.86385239638293,13.404624596350658,0.9131120809243954,1.432174358571385
4170,3117,3413,3118,108.43898644502242,13.52640967121229,17.951575459395883,16.137849940297205,0.9485518001078255,1.327150063893266
4171,2162,3414,1938,49.746949237113924,9.79983684783795,11.962201599984677,10.830831433567603,0.9728549526641362,1.2206531379778829
4172,2957,3208,3414,49.7591875297006,9.478409619186246,11.841146298820481,10.852150356637507,0.9675038807169263,1.2492756458690677
4173,3479,3415,2726,55.68796268358075,10.497835438185088,15.503064169796405,12.213639442472187,0.8319344073262162,1.4767867396173093
4174,3480,3180,2971,47.69296265844563,8.900646093199851,11.696512727768361,10.704276348620267,0.9477569877748269,1.3141195150658298
4175,3416,2722,3455,52.08878580359883,8.766750226026083,13.426064494004937,11.44663777053868,0.8917989005711728,1.5314756492259383
4176,3364,3416,3120,97.70867147303531,14.058313301975994,16.76173010777154,15.16365692185069,0.9756678193867253,1.1923002246233596
4177,3418,3136,3377,68.11372504910284,11.6425951815987,14.850433139478673,12.81914903059189,0.9452620523260122,1.275526023867085
4178,2469,3417,3137,55.30352380065056,9.556055822704847,12.648837663148203,11.53570894944581,0.9457635405875908,1.3236462718326756
4179,3288,3418,3377,61.01491108612707,11.105904335679668,13.167761953185963,11.972087156821445,0.9778908106246064,1.1856541849439686
4180,2359,3137,3418,68.9894538343331,12.183634716779277,13.43572656844104,12.66017615558287,0.9921429446388872,1.1027683348005652
4181,3419,3281,3440,78.19578363522108,12.46465619767193,15.103563966562971,13.584836524106564,0.9719980848382447,1.2117112359171143
4182,2518,3502,3073,75.03371019164345,12.578550179934515,13.719275335223562,13.188495481584498,0.9949844445745352,1.090688126928074
4183,2930,3420,3188,56.32538079264227,10.841553406159624,12.722991047529797,11.509533679596606,0.9765013472094715,1.1735394893042943
4184,3382,3420,2381,67.41950154583304,11.15550752153192,14.880432566910478,12.791409981575496,0.9377441578623539,1.3339090613482942
4185,3462,3463,2853,78.62958976174185,12.24765854988046,15.997209418508424,13.78893806569699,0.9423292372567555,1.3061443012439762
4186,3486,3322,3487,44.91092478196903,9.908539857022156,10.799785057925456,10.210745273122626,0.993148665888481,1.0899471782688221
4187,3224,3339,3422,66.82219086461268,11.71085191254467,13.263929710407043,12.471475885140935,0.9896050796232803,1.1326186864508734
4188,3249,3422,3339,88.41626455410379,12.43964603247109,16.416341764166795,14.56226694528212,0.9509026289703799,1.3196791710403473
4189,3423,3267,3314,76.68444894190255,12.772114903066038,14.425590752156571,13.373847265421958,0.9870605114431326,1.1294598319573217
4190,2355,3423,3359,85.50382737685682,12.73740711263488,15.935464788776772,14.24205475862771,0.9653111328548172,1.251076035166496
4191,3424,3360,3431,63.6537533491333,11.70520089785697,12.8074784087417,12.152991568137173,0.9938005166386638,1.0941698925549017
4192,2690,3424,3439,75.0668887202576,12.274567576617153,14.873900582234022,13.31992658965485,0.9702459892039459,1.2117657497416492
4193,3347,3425,3291,96.92080844350949,14.25058148396539,16.614100073007283,15.086579771617396,0.9783804730794491,1.1658541857889306
4194,3342,3425,3247,77.94357709525173,12.414588717809723,15.323662133069734,13.60320455494225,0.9646510936146632,1.2343270068292083
4195,3062,2501,3501,89.41289172698811,13.383251432227915,17.007465649509847,14.685177076077494,0.945623297970611,1.2708022213910246
4196,3498,3426,3343,83.3936669096314,12.849038636793633,14.746317373147365,13.944667986532528,0.9871474259109906,1.1476591977022166
4197,3113,3428,2279,78.27334733331963,13.035812022692845,13.975871228614196,13.461955970829978,0.9966321613521453,1.0721135901840935
4198,3405,3427,3117,65.38395866175917,11.37670690843233,13.456019343084114,12.377855463626245,0.9809200006716122,1.1827692715816218
4199,3412,3413,3428,78.56475652981212,11.383463644137318,15.568894794050774,13.791772701906444,0.938477288986778,1.3676764191247737
4200,3117,3428,3413,111.98596563928957,15.175303445125575,17.951575459395883,16.231924566190745,0.976000871516798,1.1829467215801914
4201,2926,3429,3183,56.16678537389671,10.007714651551938,13.37790418112842,11.645793945108956,0.9432066553235583,1.3367591550038702
4202,3389,3429,2751,52.92637658262739,10.448054930136617,12.588104917288712,11.198609323626703,0.9671770280175009,1.2048275972381504
4203,3470,3381,3313,72.15079783671412,12.503147251417419,13.807576283584815,12.952767674139608,0.9909912019155077,1.104328054843913
4204,3431,3430,3398,55.518458045998855,10.816365081460765,12.190405921921952,11.371441099856895,0.9888571752603942,1.1270335117308763
4205,3431,3398,3439,57.10011404241206,11.107552296187968,11.838385646839962,11.495010651172207,0.9972910149643537,1.0657960756036962
4206,3360,2963,3471,73.34749675107679,12.750680179849796,13.508761880970692,13.02866322673704,0.9972125406921377,1.0594542165930025
4207,3277,3432,3373,66.85111119812301,11.336181664160375,15.166019800649531,12.811113436745636,0.9247085716352713,1.3378419868303
4208,2783,3432,2398,58.65446982193911,10.993628857688329,13.276671842962344,11.793458760619577,0.9662510487118074,1.207669643466032
4209,3481,3215,2307,65.88739641751944,10.443986188357567,15.417489404038477,12.859259881856005,0.8977365461054277,1.4762073719730808
4210,3217,3410,3433,59.827667702425884,10.384508725254078,14.1862531547691,12.094895116400181,0.928735623083014,1.3660976681804469
4211,3438,3281,3329,98.43623480142169,13.876322609660638,16.074274849240716,15.160793858868066,0.9852858330506261,1.1583958734174913
4212,3443,3446,3445,69.69750416328017,12.43107681695281,12.93767553609063,12.692041060653102,0.998936849210853,1.0407526014517865
4213,3441,3419,3440,70.74858520037795,11.998358421180763,14.229201403007714,12.897405340620134,0.9768077095433592,1.1859290165802043
4214,3442,3482,3441,94.9435490534162,14.076376174171298,15.378489668039956,14.837820822804437,0.9945336863352321,1.092503459537967
4215,3280,3463,3484,77.73797912823032,12.407563109572662,15.938261936180004,13.711682003874921,0.9423391690625728,1.2845602150420128
4216,3436,3421,3438,86.22125488957127,12.939660307251696,14.983024006685605,14.191912142912303,0.9847035948015631,1.1579147868579487
4217,3494,3437,3463,106.80607994957892,15.096712676212316,16.882211083928603,15.7682446294072,0.9895346213523787,1.1182706756107024
4218,3064,3468,3495,92.6868815725121,12.74339441894303,16.098768031675956,14.839934479886347,0.9622399039326879,1.2633029711255872
4219,3434,3444,3443,80.4818939897551,13.369956199147538,14.037076484435842,13.642359080347203,0.9982242118401712,1.049896968647574
4220,3440,3438,3434,76.48326146598717,11.95605083756315,15.453714058466478,13.539887365001377,0.9525869934266684,1.2925433546932132
4221,3413,3439,3398,75.7761805155372,11.539094010488688,16.280196683242416,13.697517187961445,0.9140245057058275,1.4108730432774192
4222,2690,3439,3312,81.54229810979457,12.176316055718049,14.873900582234022,13.869740973326119,0.9715911073463078,1.2215435698426353
4223,3438,3440,3281,84.13844688254068,13.186289408084791,16.074274849240716,14.156820485433334,0.9607199070111802,1.2190142618427016
4224,3441,3440,3434,65.62500009202591,11.95605083756315,13.080957725628284,12.345122328124068,0.992673071904263,1.094086827109411
4225,3443,3442,3434,85.0072188582028,13.520044557458226,14.647765913235773,14.034815113464576,0.9955523154725802,1.0834110679876012
4226,3419,3441,3435,70.25502032144396,11.438232909884675,14.229201403007714,12.889480913488972,0.9689675719683458,1.2440034675907976
4227,3330,3387,3442,110.7578451758797,15.299207795968332,16.763446293490272,16.026847934513132,0.9944290654871796,1.095706818094712
4228,3442,3387,3482,116.88371830300598,15.378489668039956,17.324743595125874,16.488893185552033,0.990382698156745,1.126556896619743
4229,3434,3438,3444,93.07030403715162,13.369956199147538,15.453714058466478,14.752711949732808,0.9832482076271024,1.1558537536160216
4230,3245,3445,3322,59.4944702221701,11.409955461066899,12.38168064089834,11.74828740122363,0.994020041134028,1.085164677736663
4231,3438,3421,3444,92.64553294878777,13.637265311992277,15.434465591584406,14.684918303420764,0.9894839225844843,1.131785973102079
4232,3447,3446,3444,77.55942149067951,13.185352913766156,13.67639951691262,13.388380936801,0.9990142808294665,1.037241824800441
4233,3330,3443,3445,82.9531050609784,12.707370828915865,15.398875577127166,13.976579191410806,0.974604384202432,1.2118065793820016
4234,3446,3443,3444,77.77765708913581,12.93767553609063,14.037076484435842,13.426047466750234,0.9953015696958509,1.0849766981153879
4235,3447,3444,3421,80.70968254553796,13.637265311992277,13.67639951691262,13.652542066565651,0.9999937273893579,1.0028696519445088
4236,3447,3449,3446,82.49858889509919,13.185352913766156,14.839312485713542,13.859808637691378,0.9892291901498699,1.1254391583421761
4237,3421,3483,3448,64.5305334146401,10.881902782077587,14.317226251734628,12.466568362660842,0.9466976585248723,1.3156914317700938
4238,2520,3459,3486,42.880468872746206,9.14101069164265,10.810579836166678,10.020915426233339,0.9815715975691022,1.1826460115674586
4239,3485,3448,3437,87.07071485305805,13.309321755813679,14.69529772887804,14.222621576505952,0.9920128770041113,1.1041357327212373
4240,3489,3378,3491,58.178397218087454,10.367647811793775,14.091440090564173,11.944341614588952,0.9257010569778549,1.35917426463256
4241,3488,3447,3448,90.62601077297816,13.395915531759842,15.273957062189597,14.532979383818038,0.9878136637076655,1.1401950860303038
4242,3449,3490,3452,67.99530323684075,11.650849958108248,15.150841061337447,12.880826672908631,0.9319294489073104,1.300406503887163
4243,2070,3450,2500,30.528580953191053,7.574018880038385,10.129559776376686,8.630879648023248,0.9316128527431616,1.3374088362881595
4244,2858,3062,3450,47.37645636140553,9.640665629739027,15.849716878013052,11.902732401616213,0.7317503575761187,1.644047982446426
4245,2527,3079,3451,78.28628277790038,12.469796676186213,17.449407134209743,14.160099840708414,0.8779855647069046,1.399333733125992
4246,3202,3451,3079,69.3469021735523,11.710473824851487,14.185985707466788,12.788752069501497,0.9728193699632397,1.2113929734731887
4247,3452,2520,3486,46.09353684144054,9.716865691328593,11.344656727856195,10.390892723358492,0.9815315272451575,1.1675222328101391
4248,3160,2851,3452,50.52887631538782,10.615230531065984,11.199621857245125,10.813012910130224,0.9973968901092797,1.055052155906449
4249,3092,3208,3453,57.87689694157128,10.00722150759998,16.106507775945648,12.580978235484602,0.8103898209238803,1.6094884842624468
4250,3334,3453,3208,51.89921870863711,10.00722150759998,13.371814244733187,11.28974814942623,0.9243535536306854,1.3362164747305703
4251,3325,3454,2077,79.72613856660922,12.831151872489679,14.151957385752091,13.602974251739326,0.9933271210020571,1.1029374078327492
4252,3393,3454,3225,76.07860612526622,11.79858268122904,14.307548027875269,13.388893744195897,0.9731846195520282,1.2126497236517966
4253,2309,3263,3455,60.72790795022519,8.922866021812526,15.27124938111844,12.650652273736371,0.8379398391294622,1.7114735718083045
4254,3416,3455,3263,80.68091040384385,12.147098591585022,15.80711580393949,13.904018604600886,0.9527499548808706,1.3013079366038873
4255,3120,3263,3456,86.31451355156663,11.951287873317339,17.5761548642545,14.700386987385004,0.9004087998826256,1.4706494438557824
4256,3327,3456,3263,72.47187147597961,10.447367644116968,15.109568698955767,13.376884855885303,0.9131747755220054,1.4462560535489664
4257,3371,3457,3256,70.66708719543163,10.833436158847016,16.19582937492826,13.377941922679625,0.887917954198989,1.4949854448260258
4258,3255,3457,3274,54.78805259241631,10.86272456875843,12.006208314333964,11.284963702379718,0.9914942379644004,1.105266753137075
4259,2509,3281,3458,62.60721180955849,11.057737478557605,14.776209749211361,12.421762327566384,0.9203667898225038,1.3362778577321408
4260,3419,3458,3281,68.46298872775972,11.431339754930185,15.103563966562971,12.906354214436526,0.9350978745313538,1.321241804579293
4261,1548,3459,2520,42.51801407047269,9.14101069164265,12.21307010922616,10.245816452369667,0.9183472626087466,1.336074370899949
4262,2519,3459,2072,63.80351240181231,11.180578753097329,12.761398709171047,12.199705612299397,0.9865685615573337,1.1413898145152626
4263,3497,3460,3262,47.101080332071554,10.103748350261363,10.77657046012055,10.44039490603687,0.9972312428805894,1.0665913368519102
4264,3402,3460,3326,70.44986525969276,11.88352361904975,13.836935291692066,12.831161161098473,0.9843936448518761,1.1643798367607838
4265,2010,3461,3205,47.02482415333664,9.841519782525847,11.073062685721142,10.457538165503008,0.9907519263460218,1.1251374716923261
4266,2594,3461,3351,45.03986952728958,8.82406762060899,11.399591812444417,10.366433092301294,0.956917275744918,1.2918749382450538
4267,3392,3462,2507,57.368994549522746,10.835623357290748,12.422306728159077,11.567313377008547,0.9870228883216479,1.146432126565264
4268,3363,3494,3463,111.84981272817286,15.354872188333397,16.882211083928603,16.108342165878387,0.9939907440502594,1.099469333046984
4269,3484,3463,3437,67.81808981505472,10.80090930915593,15.096712676212316,12.895614317080115,0.9246714484660407,1.397726084359845
4270,2853,3463,3280,105.6378792595177,14.982798626074123,15.997209418508424,15.63942332692085,0.9965381523655115,1.067705027461889
4271,2313,3366,3464,79.38958594311813,12.344507246539596,15.397516794815152,13.725632900788058,0.965017131557751,1.2473172470396803
4272,3464,3366,3479,44.19061962644837,8.86430261626483,12.344507246539596,10.434866536946808,0.9197143728217198,1.3926089598846783
4273,2530,3465,2861,67.77111575826353,11.791877921542392,13.510802001129735,12.572575648472485,0.986985119582953,1.1457718686560576
4274,3225,3465,3367,70.76185525412708,11.398924721381007,14.222732405042937,12.938053670791277,0.9683737060747054,1.2477257945537006
4275,3324,3466,3090,74.15042834963229,12.471142504761106,13.815335780847706,13.120902299295162,0.9929424967981887,1.1077842928643808
4276,2080,3466,3384,59.128377652787,9.137853204936125,14.14331947234048,12.223336750408242,0.8851728686299054,1.5477726721086393
4277,3330,2523,3467,49.03389887425429,9.476170509218491,14.44850831274561,11.430439919995244,0.836690552317897,1.5247201703145792
4278,2074,3467,2523,41.89588498169899,9.1148543973852,11.443557198858796,10.011527368487497,0.9553367904386768,1.2554843665019637
4279,3469,3468,3394,96.00048036529175,13.035538012251823,16.53453126963926,15.100123295677571,0.9628705245893168,1.268419550777176
4280,3468,3396,3495,58.603202104845515,10.788561645698712,12.74339441894303,11.717862958301561,0.9810689187607404,1.1811949393665178
4281,3469,3394,3476,99.21419498704473,13.879515560147478,16.060627126671207,15.223481097320105,0.9847413552669081,1.1571460874892778
4282,3397,3475,3493,59.437409850656344,11.529656020056688,12.06622284662652,11.72370751261476,0.9982582054343898,1.0465379735211904
4283,3413,3470,3118,93.91119980050856,12.42069164170679,16.93556469028344,15.073369576124387,0.9392090313077676,1.3634961062406856
4284,3430,3470,3398,55.14469887610971,10.816365081460765,12.086248786039004,11.326458130005195,0.9903773061115827,1.117403924055302
4285,3031,3399,3471,93.58692364795326,13.005562612420272,15.83139043595753,14.863839775638448,0.970665890742105,1.2172783990781453
4286,3471,3399,3430,70.71022137357144,12.408122120557916,13.005562612420272,12.787158085337635,0.9982544669030953,1.0481491466684156
4287,3473,3404,3379,32.21277981071857,8.138567498562123,9.08798855104451,8.651306371307218,0.9919198190605191,1.1166570225841497
4288,3469,3472,3397,85.41699690142373,12.027582646756835,15.911935954943939,14.316598112002117,0.9496526217194254,1.3229537823408344
4289,3297,3473,3379,36.55555751529188,8.688578788568666,10.555734951803691,9.323892268229125,0.9626828011613197,1.2148977650627504
4290,3397,3472,3473,57.31980771714656,11.037213951797343,12.027582646756835,11.526790375042031,0.9950687577753466,1.0897299535267428
4291,3201,3474,3297,50.225788045468725,10.150360182733555,11.665873568336629,10.826821597710902,0.9861873346249104,1.1493063653229827
4292,3378,3493,3475,47.76639680944457,9.853023502304184,11.529656020056688,10.576708403221117,0.9817572017939854,1.170164266568573
4293,3474,3296,3475,57.42825512773976,10.921602910572698,12.079005498157326,11.545483623910712,0.9932547457677883,1.1059736924205694
4294,3491,3296,3160,66.52502175416407,10.756839482106875,13.518155088088273,12.577496568577912,0.96109842449586,1.2567032454630025
4295,3476,2990,2060,84.200549312315,13.486670493113621,14.368977891404946,13.958680250752856,0.99731473310144,1.065420698069389
4296,3469,3476,3406,82.978142086806,11.674103850890797,16.060627126671207,14.18602445914047,0.9363631228510726,1.375748180058009
4297,2582,3409,3477,80.07838524314569,12.41010096145748,16.38544692187783,13.968896424598235,0.9333841228670209,1.3203314761714453
4298,3293,3477,3409,82.96589473239453,12.41010096145748,17.4392856216208,14.425029822402513,0.9003989289503214,1.40524929456921
4299,3197,3478,2948,68.74645195339465,12.019648082465622,13.996070790595185,12.706380139696138,0.9782987426674009,1.1644326601385933
4300,3408,3478,2472,50.22064169008641,10.332009648299694,11.02497145390461,10.783199579469406,0.9965651139864812,1.0670694113917087
4301,3464,3479,2726,46.4993969173257,8.86430261626483,13.500226017794812,10.95412135741491,0.868262990989413,1.5229879441416714
4302,3366,3415,3479,53.3429299828548,10.095789748035997,15.498358943143645,12.07805580353824,0.8116472293610131,1.5351309139692262
4303,2719,3480,2971,38.32337012558683,8.900646093199851,9.846618819397786,9.431975689760643,0.9931093123404909,1.106281354891828
4304,3215,3415,3480,80.83977040610328,12.458488355783752,17.46684408453569,14.308492069519176,0.8899840466822124,1.4020034843494356
4305,3217,3481,2709,54.46192483238365,10.014915470804741,12.797530809097358,11.389907088909949,0.9599561968464552,1.2778471117808667
4306,3215,3481,3433,51.935928127820894,8.758071828466377,12.716304053171973,11.348848082082696,0.9075713610042916,1.4519524733560811
4307,3503,3387,2859,57.494733960702845,9.090973602429916,13.733071101307939,12.00494716127218,0.8946524482832403,1.5106271013301855
4308,3502,3482,3073,81.22842512564607,12.578550179934515,14.559622689464552,13.773225524225417,0.9850336351322992,1.1574960930465796
4309,3436,3483,3421,55.12072244668216,10.519064025150971,12.939660307251696,11.446875704826752,0.9631432311582026,1.23011517719762
4310,3437,3448,3483,63.671619436469186,10.601206028264556,14.69529772887804,12.49902660377097,0.9244297337669722,1.3861911267169003
4311,3437,3483,3484,45.38612032393414,9.458138183941218,10.80090930915593,10.286751173787234,0.987261213864552,1.1419699204114586
4312,3436,3484,3483,44.8631629036108,9.458138183941218,10.68361814186605,10.220273450319413,0.9890987831384284,1.1295688362859353
4313,3485,3437,3494,93.25571719282898,13.309321755813679,15.711618280852008,14.782250054915457,0.9806049407899851,1.1804972912304097
4314,3469,3493,3396,69.18267565107472,10.352697654231774,14.457584976069636,13.008221902988362,0.9248678210832185,1.39650412471574
4315,3322,3445,3487,47.1984042189046,9.908539857022156,11.409955461066899,10.504418081595656,0.9840528769090091,1.1515274324683362
4316,3452,3486,3449,71.52889572653643,11.344656727856195,15.150841061337447,13.148423007140856,0.9422391624761254,1.3355045837689712
4317,3445,3446,3487,51.836193425291206,10.194758926697913,12.43107681695281,11.080372635885466,0.9676213239834878,1.219359565668439
4318,3449,3487,3446,58.13987224256116,10.615282164005674,13.554760513594436,11.81189272346281,0.9515143593228893,1.2769100532773356
4319,3488,3448,3489,84.78723802064579,12.601924851671042,15.273957062189597,14.122012514449905,0.9756776721847686,1.2120336569190253
4320,3452,3490,3160,54.12557490159891,10.603473089017792,11.840788999280194,11.214627981847704,0.9918626789273797,1.1166896826987671
4321,3448,3485,3489,86.99037713667656,13.455344715672314,14.663245244826141,14.20291519666251,0.9944974561746801,1.0897710578716655
4322,3485,3495,3492,70.48555394559372,12.37734272440606,13.290288553850138,12.775926351911124,0.9963855400385708,1.0737594368817065
4323,3449,3488,3490,65.72570604657147,11.650849958108248,13.819865381382133,12.445062800496748,0.9740411945743368,1.186167998993446
4324,3491,3488,3489,78.03009102463764,12.601924851671042,14.091440090564173,13.467154423746004,0.9914158848304185,1.1181974385996771
4325,3160,3490,3491,58.12917006119319,10.603473089017792,13.457495135538586,11.792358435994823,0.9552615128077188,1.2691591729012597
4326,3491,3490,3488,64.01000942070706,11.316107083428092,13.708098329002803,12.296226158143584,0.9709728955442949,1.2113793399037087
4327,3378,3489,3492,48.27078112951794,9.982011623287288,11.513725448259777,10.621128294446946,0.984501461293906,1.1534474094779767
4328,3485,3492,3489,67.3105149290144,11.513725448259777,13.455344715672314,12.543072647136421,0.9840668388615347,1.1686351890304976
4329,3493,3469,3397,81.01261657646394,12.06622284662652,15.010275734305573,13.844694519000576,0.9678371529458167,1.243991257670345
4330,3378,3492,3493,46.78732878848164,9.853023502304184,11.668567682476096,10.501200936022522,0.9737862674112545,1.1842626458515335
4331,3496,3494,3363,57.207383017184,10.281638939562686,15.354872188333397,12.25619313216284,0.8516078484336381,1.4934265128927482
4332,3494,3064,3495,108.1771941987983,15.236853353213597,16.596132304948352,15.836875549067337,0.9948125258387356,1.08920995170227
4333,3492,3495,3396,54.48582169930673,10.023374633892258,12.37734272440606,11.34078338952042,0.9710848554883416,1.234847860774781
4334,3494,3495,3485,92.80505217702895,13.290288553850138,15.711618280852008,14.746253395971914,0.9806662285610916,1.1821878973651345
4335,3363,2059,3496,50.878670068743645,9.93450820901407,13.662742589032522,11.292963245869759,0.901351108043973,1.3752812219366473
4336,3064,3496,2059,55.67840926088297,9.93450820901407,14.664689580318948,11.939504580331691,0.8774641443233532,1.4761364399510941
4337,3416,3497,3262,55.71927510193469,10.4408659077287,12.409314795325948,11.429233845623934,0.9802315716846055,1.188533106831698
4338,3364,3326,3497,61.68904584167452,11.261516793210106,13.035557975501295,12.009813679123681,0.9838817470610006,1.1575312824077846
4339,3388,3498,3343,111.22789471642356,14.746317373147365,17.5728543128944,16.152491096884162,0.9795419792252388,1.1916774790765103
4340,2502,3498,2995,70.68035625026958,10.964107997813976,14.8393487806096,13.064774889935356,0.9421907197191294,1.3534478850051705
4341,3097,3499,2225,55.399960656343424,8.710876572359684,14.239266532069944,11.959333625412137,0.8610404127051497,1.6346536899916926
4342,3284,3499,3376,57.8114405569864,10.97866121130461,11.981366554713544,11.578215838962029,0.9945461465761914,1.0913322056405619
4343,2948,3500,2836,62.1031856823322,10.876190842960055,13.445517824516754,12.116954261872317,0.969555374616058,1.2362340840331774
4344,2582,3500,3409,99.95689207380619,14.476357905374257,16.38544692187783,15.261782729850983,0.9882437732040832,1.131876334433182
4345,3343,3501,3200,61.7481489798595,10.236953052349723,13.12045340222497,12.1488269239673,0.9543537203100734,1.2816756446112045
4346,3062,3501,3426,74.39921868643496,11.308155466714142,15.207084776113403,13.393351463107422,0.9443003415103352,1.3447891498198679
4347,3069,3502,2071,75.2781351118441,11.791199126397116,14.54598484696434,13.328792050403827,0.9713619845680201,1.2336306673339141
4348,3482,3502,3435,74.24184326714087,11.775779529014763,14.559622689464552,13.240785536052607,0.9707479274914906,1.2364041508751569
4349,3073,3482,3503,63.02511560982414,10.466642336478353,14.181503703277183,12.351306757609372,0.9399054158631287,1.3549238855570513
4350,3387,3503,3482,81.52630514076506,12.405774233072577,17.324743595125874,14.307104869425709,0.8993446756433232,1.3965064388274782
