element_id,node_0,node_1,node_2,area_um2,edge_min_um,edge_max_um,edge_mean_um,quality_equilateral_normalized,aspect_edge_ratio
0,1170,1171,1988,37.39862834420117,7.529280156484605,10.694913251187076,9.593212033633497,0.9172239095373212,1.4204429944044603
1,1172,1988,1171,41.88235046663817,8.0,11.979876904059347,10.224930051748808,0.9014311267200242,1.4974846130074184
2,1173,1988,1172,46.035123615012196,7.975386221243988,12.492610569648019,10.815957898317118,0.8781659270438379,1.5663956858128736
3,1173,1174,1987,47.29694189518211,7.638850142785602,14.205598343914646,11.415418612125825,0.7915887667807945,1.8596513975772797
4,1146,1174,1175,44.92211340724316,8.0,14.87374152874239,11.41337415061595,0.7509951900614407,1.8592176910927987
5,1579,2113,1843,103.23512817472793,13.636298842997983,18.92077788136218,15.956830052317025,0.9187981744670415,1.3875303041688392
6,1147,1148,1987,49.47298834622279,7.999999999999994,13.252492039833395,11.346048045740446,0.8503043640134872,1.6565615049791758
7,1148,1149,1169,43.007825666549195,7.76270177488794,15.2516844131128,11.47445696527734,0.7043497542828185,1.9647391920235102
8,1819,1580,1820,77.16905180914506,11.846954100502167,14.547001269046287,13.49553794057005,0.9710740570587213,1.227910663419357
9,1169,1987,1148,86.70671479728452,12.78565209738795,15.2516844131128,14.26420322622674,0.9786852100753797,1.192874973989684
10,1174,1146,1147,49.37928395269577,6.7119220560778015,15.397579406311197,12.327747663710461,0.6796473917993717,2.2940640963445533
11,1150,1168,1149,40.83333333333334,8.0,11.408984707831285,10.007574763959749,0.9220551179242014,1.4261230884789107
12,1175,1176,1146,44.92211340724316,8.0,12.851499660134426,10.739293527746627,0.8684934186834263,1.6064374575168032
13,2194,1067,1068,26.912661576619694,7.496329917828898,12.88073095776197,9.41235153301651,0.656796307447317,1.7182716207736646
14,1181,1182,1066,2.265358275603944,0.8009250992482964,8.585040134852106,5.795321744700135,0.11344776568532303,10.718905104746431
15,1067,2194,1066,30.849838496979036,7.859993723458662,10.076093521239805,8.645362414899466,0.9402869177767863,1.281946764304283
16,1181,1066,2194,43.24293799170679,8.585040134852106,13.104270100026767,10.588467918706227,0.8635069322569318,1.526407552461898
17,2194,1180,1181,49.18760593912506,7.517169157493107,15.440786771362557,12.020742009627478,0.7302763658835002,2.054069350823534
18,1144,1145,1176,94.27196696154311,12.087440570839561,16.897722576942087,15.184894477046646,0.9248742750754292,1.397957034651912
19,1144,1177,1178,50.52896893218144,8.0,13.690283083996167,11.537535296250331,0.8366786967916433,1.711285385499521
20,1531,1795,1904,84.22416824735735,12.548469854393733,15.257317572570427,14.078940420561556,0.9749669110318581,1.215870759511624
21,1649,1903,1792,65.15371764266747,11.709910488840867,12.926043552402351,12.29695542495783,0.9934212923370681,1.1038550264513478
22,1144,1176,1177,50.52896893218144,8.0,16.56952028335829,12.49728102937104,0.6924835444430892,2.0711900354197863
23,1178,1179,1143,52.58184544844578,7.82436344847986,15.759644009951536,12.343547630252393,0.7428597457748691,2.0141758641098613
24,684,1964,683,50.809935068396896,7.999999999999944,13.668378072754066,11.569870100050911,0.8363577582890561,1.7085472590942703
25,1179,2193,1143,92.92270130961512,13.617208460569804,15.759644009951536,14.727111353791296,0.9859410116309932,1.1573329479081855
26,772,1935,1873,110.7985764054702,14.256706619756704,17.60462384800282,16.173067769135272,0.9708773653195618,1.2348310390007344
27,1873,1872,1759,84.3302307822165,10.786977293490352,17.091424511486633,14.663080632473445,0.8745905794365496,1.5844498460009593
28,1993,48,49,43.019716133027536,8.000000000000025,15.253049693591505,11.456847694036517,0.7092120613778456,1.9066312116989321
29,2000,1164,1166,84.60855904596012,11.976564272640195,17.248197286917698,14.50219551114339,0.9089427490457748,1.440162378314143
30,1166,1164,1165,23.29553078854311,7.7506320370837445,14.281824973872274,9.99456104471488,0.4931668868014634,1.842665850415724
31,1167,1150,1151,45.34843054406165,7.999999999999972,12.628042921049346,10.741432868653822,0.8777521487083628,1.5785053651311738
32,2000,1163,1164,65.50306928117877,8.0,17.248197286917698,13.942186528478492,0.7131672693840728,2.1560246608647122
33,2000,1167,1151,95.66057657835276,12.628042921049346,17.342132918159813,15.229737062466926,0.937015585106437,1.3733032922506683
34,1593,1935,1936,64.03278882332518,10.616201839143777,13.815778811532013,12.36810845034291,0.9557581735862091,1.3013862227629134
35,2000,1166,1167,43.28136345232055,7.494575064379094,15.719035348191621,11.730058228403635,0.6712907090579443,2.097388472750443
36,1160,1161,2001,45.80468103978412,7.999999999999999,12.253182184094305,10.756301556982143,0.8851552378794283,1.5316477730117883
37,2001,1158,1159,42.61469608423156,7.392854678685636,14.829909172356057,11.304238459744033,0.7179421387171473,2.0059787209279545
38,2001,1999,1520,71.46340908301408,11.053058325596265,14.78247440989525,13.112968819483598,0.9466195409781925,1.337410332456361
39,1162,1163,2000,55.49227632455525,7.683396024538634,16.57836229851778,12.904522959071352,0.7083830008179777,2.1576868152534496
40,1152,2000,1151,56.99693071882105,7.999999999999972,17.342132918159813,13.238492567583824,0.6911550259620183,2.167766614769984
41,1650,2242,1905,74.0094585505143,12.077554411392805,15.146875116505386,13.295046048829903,0.9573625811279706,1.2541342891585137
42,1964,1919,1986,81.96897316300489,13.286930011875393,14.830165333437547,13.817409382840756,0.9888484206981797,1.1161468691550918
43,1154,1520,1999,77.18198317796458,11.053058325596265,15.327530522912546,13.709278357355045,0.9306418951037017,1.3867230291744337
44,1028,2087,1543,67.76616895391129,10.766576526678069,17.024898064897894,13.466310295269471,0.8313899764500567,1.5812731208209574
45,1515,2055,2056,100.11737156667814,13.15124512854302,17.274517866382737,15.482806261329477,0.9526758630131762,1.313527175376779
46,1030,2087,1029,22.520221579577537,5.751817671139039,8.84576977652253,7.532529149220523,0.8898861460851375,1.537908585125716
47,1996,1997,2161,70.68356499473794,11.39899351373927,15.843903684021445,13.246566584111358,0.9117052822090248,1.3899388279258778
48,2114,2113,1624,74.6066215292612,11.94071783827173,14.30575694121956,13.232372203898365,0.9786703722879727,1.1980650690335832
49,1688,1155,1156,29.983634685711547,7.999999999999972,15.40462225475162,10.892329555228935,0.5363901110596638,1.9255777818439594
50,2167,2064,1583,93.34743051747715,12.99842184035266,16.6291923528676,14.90484418475774,0.9608171394694965,1.2793239484845365
51,1759,2141,1760,92.88040509083233,13.834368751562167,16.700108983555317,14.83940514822821,0.9664568238914624,1.2071464396718177
52,1155,1520,1154,50.1174017203284,7.392082754861515,15.327530522912546,12.093865338081606,0.733307309017548,2.073506348780006
53,1251,1242,1662,43.625475178552094,7.453914028685382,14.95926193348575,11.421847233960849,0.7199440988619129,2.0069002507832865
54,1047,2200,1046,41.29578692050346,8.000000000000025,11.923289069783511,10.148631043474762,0.9028545794248487,1.4904111337229342
55,1662,1663,1250,93.34332133522886,12.89738135691425,16.14719330055875,14.872102174123674,0.9658703257754776,1.2519745562072788
56,326,2229,325,49.49788601021828,8.0,14.320929894238146,11.573564336126077,0.8110132728842061,1.7901162367797683
57,2170,1584,2176,63.01689500559362,10.434478508028826,13.864305294753313,12.303502057360843,0.9488018189603425,1.3287013130637435
58,2000,1153,1999,85.85084381339368,11.83551972609538,16.767497793372563,14.503281214511892,0.9243911913947125,1.4167098852788846
59,487,2024,486,35.49393999448046,7.690299010889043,13.587557373610588,10.262059819194805,0.7358792592596306,1.7668438319981252
60,1068,1998,2194,55.156207909002205,8.61120698991939,14.727676249221286,12.073204732300882,0.8362320208370961,1.710291747308138
61,1465,1466,1655,39.064540967818274,7.517169157493097,11.565436369025601,9.919842973362417,0.8895144281056889,1.5385361333125251
62,1655,1456,1457,40.826524506916904,7.9999999999999964,13.897186847923193,10.73457956131078,0.7784482052437522,1.7371483559903997
63,1467,1456,1655,27.73048412063749,5.433817246126709,10.963232449818056,8.901200510651305,0.7506428944981495,2.0175931492051524
64,1998,1069,1073,88.62122887800288,12.178353067460792,16.37062582809442,14.612572590122577,0.944513442715501,1.3442397126615515
65,1070,1072,1069,39.449473133186075,8.0,14.33159055663476,10.827138835558744,0.7338992824918059,1.791448819579345
66,1072,1070,1071,25.816044537158984,6.848074061960706,10.149825950041473,8.17924586381309,0.8650374296019937,1.4821431337054531
67,1073,1069,1072,56.73211422074317,7.917072047696316,16.37062582809442,12.873096144141831,0.7332068913937695,2.06776264374882
68,1425,1423,1424,20.033197262770283,6.122010380010698,8.297514742482996,7.014464498299919,0.9240407829596257,1.3553578363041743
69,1661,1461,1462,37.51187763118087,7.770419956908029,10.894136356999391,9.565539225190534,0.9291608823582498,1.4020009751614941
70,1661,1459,1460,36.521799972266564,7.665915577925629,10.794222307647216,9.445083031424138,0.9275333023491094,1.4080799870441694
71,1459,1661,1458,40.33157373849343,8.000000000000014,15.561920821563023,11.452047709736751,0.6610666330204695,1.9452401026953743
72,1655,1457,1464,88.19452592065569,13.897186847923193,14.965061322571206,14.296066727292134,0.9954667027506251,1.0768410532529897
73,1091,2198,1090,34.294387500577685,8.000000000000064,11.953567269794116,9.511164979910738,0.8470445811710605,1.4941959087242525
74,1524,2226,2225,66.21535380229906,9.57239703220516,14.700910148719036,12.950941621422231,0.8816927099053421,1.5357605936381056
75,1077,1521,1691,100.84855145014843,11.421357703326645,20.277859365976894,16.472899133313888,0.816600940348426,1.77543334975584
76,1074,1075,1519,49.36944571885854,7.561187772323897,14.544105223292409,11.738390525300877,0.7763588288216302,1.9235212325407367
77,1077,1519,1076,67.43962701906813,7.900621147402855,18.694791654009112,14.556574486001276,0.6642083239035553,2.3662432744486916
78,1689,1521,1078,71.71527996168147,11.283189121776838,16.214304750220755,13.422525336635928,0.8980081016733691,1.437032081552789
79,1077,1078,1521,60.57008677941654,7.472635538528146,17.719480330638124,13.80214020646234,0.6632305843955428,2.3712491047205893
80,1691,1142,1519,84.9641454708212,11.922733374248153,17.716607162045822,14.653438207470309,0.8903812200284524,1.485951803662055
81,1840,2113,1579,106.43978774648329,14.683527141568142,17.472921307993033,15.823287294050695,0.976207479350031,1.1899675833695498
82,1521,1689,1690,66.41344830531253,11.283189121776838,13.990583184158043,12.540203925717051,0.9676853077296206,1.2399493647727544
83,872,2140,871,38.033074252724234,8.000000000000057,13.032225958087855,10.194725056776571,0.8105757489277563,1.6290282447609703
84,2064,2058,2057,77.82260922862137,12.657887206740739,14.235842590789689,13.4525454400672,0.9908349264705849,1.1246618300729239
85,1137,1522,1136,55.055288164438,7.628059026973317,16.10716337884947,12.726063747294221,0.7248468340085145,2.1115677424484374
86,1593,2152,2155,76.01985634052164,12.47573780713717,14.587205060983429,13.346637714508736,0.9810903185621169,1.1692458824069165
87,474,1937,473,19.489812095021257,5.805123370715745,12.173381038842344,8.659501469852717,0.5491439866835208,2.09700643060432
88,1592,2141,1872,65.73595265659792,11.920399043407468,13.078198228278021,12.354678699234293,0.9928539669895703,1.097127552580622
89,1692,1136,1522,98.39802616561575,13.018287686790583,16.856379388368882,15.32727681800298,0.9560586891685221,1.2948230822608675
90,1021,2200,1020,40.85025158469716,8.0,14.180291532021979,10.852304895535573,0.7592624195240312,1.7725364415027474
91,1689,1079,1080,37.94732600691458,7.739966166109338,11.356759356509535,9.702088256544512,0.9094793910571974,1.4672879845698676
92,1082,1083,1692,36.925435890744524,7.608014713243952,11.34080737953237,9.603734207510731,0.9015534462867353,1.4906395172699143
93,1081,1522,1080,57.61953815215419,7.415966096315156,16.84596754545195,13.275976163479308,0.6869924180599805,2.2715809817175905
94,1085,1135,1084,40.83333333333323,7.999999999999972,11.926895604621185,10.099454071577457,0.9014826718055795,1.4908619505776535
95,1088,2196,1131,73.21079719780387,9.987603232090128,16.85093493626968,13.864910937097678,0.8433253152214124,1.6871850577852048
96,1084,1692,1083,39.437726554162104,8.000000000000057,12.850100684005788,10.237493737920573,0.8371310820497195,1.6062625855007122
97,1086,1134,1085,40.83333333333337,8.0,11.9268956046212,10.09945407157747,0.9014826718055805,1.49086195057765
98,1993,42,43,45.42772181241542,8.000000000000028,15.279713149818855,11.61732519390097,0.7295828756881391,1.90996414372735
99,1133,1086,1087,40.83333333333323,7.999999999999972,11.926895604621185,10.099454071577457,0.9014826718055795,1.4908619505776535
100,1977,1919,1964,76.94814635881535,12.645730474525832,14.830165333437547,13.44683013223289,0.9775670883412153,1.1727408996508462
101,1087,1088,1132,44.62063469446356,7.482476967675833,14.115826126219194,11.175066232838738,0.7777228492998198,1.886517818524442
102,1594,1632,2081,65.97119118522096,11.372217722500997,15.116070195670753,12.737285248507545,0.9228632345167529,1.3292104112430239
103,2198,2196,1089,70.00057356472715,11.504023086261704,14.592859709350398,12.91550836418017,0.9597683590176095,1.2685005584504985
104,2107,2108,1761,84.88769782573779,13.282315768808825,15.911761011527833,14.176903334450037,0.9681455556321905,1.1979658734581358
105,1594,2136,1632,81.04816945166439,12.823656284200666,15.116070195670753,13.789585490939125,0.9794823056845413,1.1787644538082673
106,2196,1088,1089,56.46360279621732,8.000000000000023,14.756194642933224,12.449684784094549,0.7907697962423993,1.8445243303666476
107,2049,2165,1576,86.76672691723039,13.444369302887774,15.163600923571796,14.211025701483043,0.9897068284204292,1.1278774468293384
108,1887,1949,2225,61.49552563934719,10.901827843439897,13.563324359932032,12.080068756028027,0.965088967771243,1.2441330531644448
109,1606,1736,1958,117.96184868583076,15.713938302880813,18.5761567815619,16.681582945576825,0.9726890945581143,1.182145202781938
110,1937,1628,1762,82.36685195720565,12.067947271473914,15.84063608512104,14.047299035133001,0.952442438208828,1.3126205914542708
111,1996,1073,1074,54.32778565668019,8.0,15.018841122558296,12.231154898648205,0.7898128558981915,1.877355140319787
112,1528,1823,2196,73.66630290723897,12.423002516938757,13.89677923313137,13.08704192107633,0.9911546559252778,1.1186328920229325
113,1250,1251,1662,59.45375317330763,8.0,16.14719330055875,13.035485078014835,0.7509556009349591,2.018399162569844
114,1243,1662,1242,46.821549066077644,8.000000000000004,13.217646464649658,11.023337401453693,0.8554911716209879,1.6522058080812065
115,1245,1662,1244,49.361825689755484,7.999999999999984,13.762854496618345,11.4165766485795,0.8354674484347316,1.7203568120772965
116,1243,1244,1662,66.37233076158894,11.596169142709964,13.217646464649658,12.433563685493263,0.988694074367379,1.1398287056686345
117,1248,1249,1663,33.467259531273946,7.397912951115334,9.787803512649187,8.982453005352028,0.9432433885347763,1.32304929475732
118,2195,854,855,38.131130949205804,7.423184558074064,11.383017235217235,9.794867952548605,0.8907573402981869,1.5334412267624589
119,2195,853,854,38.39794622511216,7.391607397858593,11.383017235217235,9.839896366467594,0.8877528669072321,1.5399921319569794
120,2169,464,2179,39.204469423964106,8.480370477096635,13.050328466918703,10.268458323889432,0.8274751145699959,1.5388865972500123
121,1579,2112,1842,95.44617898320078,13.048674194812808,16.282653993507257,15.03511815913889,0.9664693425592664,1.2478397230563119
122,1122,1123,1903,41.751479600867114,7.47528526773676,11.88334031181599,10.347142419218683,0.8671425630381984,1.5896838563612203
123,870,2140,1529,87.38669759757265,11.859197025255787,18.262098475543294,14.965923749139344,0.8742850414716633,1.539910201057597
124,1121,1122,1903,45.32718365789376,8.000000000000004,12.450390242343389,10.711063973482231,0.8833639280640323,1.556298780292923
125,1092,2199,2197,66.1030334334866,11.490460375272695,15.612285344046349,12.882204425486437,0.899693025901217,1.358717130050225
126,1792,1123,1124,37.042992293318754,7.413063492205319,12.098971784705972,9.841207737065794,0.8510161322944333,1.632114954556613
127,1599,2065,2056,57.922356591573575,10.7839435114704,12.781777165625803,11.659882927544231,0.9789065325725754,1.1852600258922348
128,2061,459,460,42.36645020822537,8.000000000000064,12.12629683079567,10.30772802351889,0.8959267217063573,1.5157871038494466
129,1120,1121,1116,56.78531682970337,7.39144058043376,17.399864403717388,13.391973578886693,0.6622398931387384,2.354055912967414
130,1120,1118,1119,19.804906493134038,5.959445013973139,11.653489701049752,8.392635164097662,0.6003669396481462,1.9554655968342287
131,2154,2227,1919,85.73957514328576,13.484651950686091,14.576118618876526,14.093147887265344,0.9958949547553254,1.0809414045080268
132,1116,1121,1903,67.35409939906657,10.924896312849546,15.384615752508935,12.919967435900624,0.9131025975318702,1.4082161799937631
133,1528,2198,2197,85.59057172100158,13.39065229627176,15.115781657385133,14.118174864418739,0.9890301276320238,1.1288308682015205
134,717,2138,716,36.05034908376949,7.576631119634753,14.07311806434848,10.522293720008653,0.7059323121281885,1.8574374074881586
135,1116,1117,1120,69.34646328083628,7.999999999999984,18.521324288434638,14.640396230717336,0.6768807479773042,2.315165536054334
136,1124,1527,1792,61.32633883822373,10.011587934286089,13.63080278246764,12.180363204759262,0.9391570750814657,1.3615025780063361
137,362,2114,361,41.46377818614893,7.999999999999984,13.51905524718721,10.63572178139502,0.8099451788912247,1.6898819058984045
138,1970,2171,846,72.75762639694115,12.349296801733221,14.57587290117101,13.098916866360398,0.9730943421710158,1.1802998288230704
139,2171,845,846,43.2518077457445,7.99999999999995,12.371580896176967,10.455295251195208,0.8867417698148706,1.5464476120221304
140,2195,850,851,43.504972407424404,7.999999999999954,17.34891261533274,12.514704703705545,0.586736942825658,2.168614076916605
141,849,850,1523,56.3539696696819,7.39104700630879,16.329642409923263,13.016172025911173,0.7019287224448018,2.209381484921519
142,1978,1939,1970,75.20765463245317,10.725682654312756,16.16643469786378,13.723433318900407,0.897965699131249,1.5072639401057908
143,1524,1604,2066,128.61856539928033,16.138309860812697,19.13017011200635,17.383330790948893,0.977728231456731,1.1853886978870407
144,843,2067,842,25.572360576962367,7.08663146075559,9.042858576391643,7.84337227788199,0.9486386117540638,1.2760447084724618
145,2066,2067,2171,95.14757870447983,14.443754192784965,15.526856121853324,14.847744884052432,0.9956727709427241,1.0749875631094163
146,840,841,1604,52.504541221441144,8.0,13.752122459111407,11.814949473659142,0.8255845251402454,1.7190153073889258
147,1660,1804,1803,79.09897896444204,12.988813803091753,13.94182662330233,13.533094353870654,0.9965416447463162,1.0733718132123604
148,1660,838,2088,49.498644023818976,10.101385195284623,11.522079771604425,10.741600329823816,0.9877645356502963,1.1406435403515738
149,1970,846,847,36.01584722800585,7.999999999999862,12.349296801733221,9.78819642738847,0.8379494297596173,1.5436621002166793
150,850,2195,1523,107.77355396055759,14.140395350692973,17.34891261533274,15.939650125316325,0.9727515852793897,1.226904353454483
151,1922,2112,386,53.3981716370085,9.118218035519204,13.648805688821248,11.556017744771644,0.8999847104512269,1.4968720462324485
152,719,2139,718,48.016095538079284,8.000000000000064,13.286677842925208,11.169965958961578,0.8531127364462696,1.6608347303656377
153,849,1523,1978,63.143065321146956,10.680364268967974,15.327826661501463,12.622866172541878,0.8933721067381365,1.435140813130952
154,857,1886,1940,53.5057555915198,10.892609435112975,11.41260358044847,11.122429573176776,0.9984721709656247,1.0477382530267967
155,862,1943,1942,89.48189517366481,13.033768431719343,19.080244349849373,15.282156565214974,0.8580424892248653,1.4639084965952869
156,1583,2239,2241,80.19956709527392,12.608481524446278,14.239868970377952,13.668267862460318,0.9884125125024048,1.1293880982232964
157,1885,1768,1637,76.101436387505,11.811459275408902,15.705824118947094,13.570312758695678,0.941080876287579,1.3297107286011765
158,2110,2111,1723,57.41382405028658,11.034049384884282,12.016296131695482,11.535758641954944,0.9951723862169912,1.0890196076298875
159,862,1768,861,52.57722551866511,7.831459214074107,14.281933227223053,11.954668558205434,0.8016680052898101,1.8236618281247818
160,452,2084,2085,48.130717178858575,9.994090853834136,11.866324363313062,10.655869723168735,0.97261901473232,1.187334049375853
161,1939,1886,1637,111.48149643360011,14.206063394802433,17.421511695598515,16.223669189814604,0.9705536103133067,1.2263433726455506
162,1942,1943,1525,86.84050256879517,13.732456914076206,14.764291914265952,14.181652251990577,0.996244211025939,1.0751384116218914
163,1843,2115,1574,59.97163915564836,8.647034566540679,14.723464388237087,12.576363149748337,0.834796860833387,1.702718345224256
164,1948,959,960,32.368283326113215,7.9753862212439826,11.81725875946337,9.310935754527877,0.8320601347291257,1.481716174194275
165,865,1526,1944,101.28853701702056,13.958881173567566,20.407872196952436,16.29479650334135,0.8536105443737386,1.4619991346868568
166,1526,865,866,76.51372469950661,8.000000000000055,20.407872196952436,15.852297214651363,0.6257362944371556,2.5509840246190367
167,2025,505,506,37.67359585531016,8.000000000000105,12.031488742698631,9.821288464308948,0.876678333221693,1.5039360928373091
168,1477,1478,1991,52.14018991993268,7.999999999999943,14.70684500893634,11.932026840124465,0.7998723064484129,1.8383556261170555
169,866,867,1694,44.49731191164419,8.000000000000025,15.452894580176997,11.635430128103637,0.7103828342107361,1.9316118225221186
170,1837,1963,1917,73.36791325023904,11.124288272274699,15.44892614851869,13.373025128132042,0.9311210974170101,1.3887563653867527
171,1698,1694,868,71.86546986683162,12.311319993657838,14.15092823801676,12.969549758244307,0.9825712238371743,1.1494241271696775
172,120,2054,1589,89.42296775835399,10.311034897734098,20.578228845503375,16.083697287557598,0.7453441353546633,1.995748152304823
173,856,1940,2195,42.49167348791899,6.6425843886882365,14.098488133798748,11.184993627031469,0.7231637395546091,2.122440199300635
174,853,2195,852,38.982130160661896,7.602841078525721,11.156213968505922,9.834706504452864,0.907145886543191,1.4673743477312353
175,1950,1951,2159,72.72678897080738,12.336314515113306,14.064167791460369,13.027375562688718,0.9864066733358565,1.1400623560813286
176,2170,2168,1584,71.43154630498435,11.851916943979914,14.54670727402674,13.00344886243568,0.9682313821052005,1.2273716853386847
177,1126,1127,1695,41.00769565260634,8.000000000000034,11.840607429205294,10.100180578537488,0.9059323977315831,1.4800759286506555
178,118,2086,117,45.02443907596207,8.000000000000064,15.413164440143516,11.649980701739395,0.7176560980653454,1.9266455550179242
179,2218,1793,1102,64.89627789181462,11.646417432796591,13.429799091988595,12.323022072807477,0.9828964640914651,1.1531270598433092
180,1695,1527,1125,83.82184603279377,13.470872955255597,14.21558131736169,13.92440987955105,0.997852818554006,1.0552828583997258
181,2218,1102,1103,42.95717012757706,8.0,11.646417432796591,10.313236194179991,0.9096470190581997,1.4558021790995739
182,1615,2220,2221,72.74305958997267,10.473015045301898,15.101478414298304,13.397410878050538,0.9139702018949923,1.4419418237227393
183,1697,1822,1823,55.925814783880554,11.10294141669393,11.596772184266264,11.370080148147105,0.9987237223142148,1.0444774721435375
184,1822,1127,1128,23.84551328098165,6.025965808176734,10.695360704743896,8.240442170973559,0.7694655345214267,1.774879089129776
185,1553,2023,2025,85.7585261321288,11.756202017317692,16.365424770760587,14.447821687098246,0.9316535078955805,1.3920673314947458
186,1104,2218,1103,42.95717012757706,8.0,15.730156101157935,11.674482416967107,0.6779774859355209,1.9662695126447418
187,1106,1112,1113,63.50095237046739,7.401359593075373,20.626439948699105,15.219098107378509,0.5561709781079556,2.786844726203678
188,1625,349,2228,75.52066996560285,11.106075637340906,15.013366937332927,13.507938981139796,0.9406550719064738,1.3518156572655518
189,1105,1113,1114,81.66666666666546,7.999999999999886,21.035737016959843,16.55405898855294,0.6071161475011377,2.6294671271200176
190,1105,1114,1104,81.66666666666663,8.0,21.035737016959867,16.554058988552985,0.6071161475011446,2.6294671271199834
191,1554,1713,1835,107.28850511930611,14.82158354767795,17.85850465985257,15.93374847361828,0.9687999978107521,1.204898559078082
192,1113,1105,1106,81.66666666666663,8.0,21.035737016959843,16.55405898855298,0.6071161475011448,2.6294671271199803
193,1813,579,1834,50.09860484248256,8.723695028385665,15.00017138870443,11.74888078957172,0.7999710199924707,1.7194745276968078
194,1114,1115,1104,81.66666666666725,8.000000000000057,21.035737016959867,16.554058988553013,0.6071161475011481,2.6294671271199648
195,1104,1115,2218,101.57582436539853,12.919604281254813,20.62643994869911,16.425400110370617,0.837978796853694,1.5965225791494424
196,1920,2227,1918,58.427775002734286,9.418959131121339,15.047115975901619,12.30180657239265,0.8615142168062749,1.5975349044868656
197,1656,1791,571,67.86434139802545,11.843304466159662,13.959184928542303,12.633249767746,0.9765540180902255,1.1786562583465139
198,1100,1101,1793,25.18620965568033,7.920975237883768,14.514860717948544,10.201432594807414,0.512999621324303,1.8324587922618543
199,1824,1096,1097,24.97578258473673,6.796584618910377,10.593000779318661,8.262015449646597,0.8119514490156333,1.558577046160123
200,1652,1739,1607,94.83800947120137,13.16562053652756,16.198549812459554,14.960035539668377,0.9713012694347944,1.2303673622916014
201,1696,1697,1824,88.80053875598438,13.609462308362515,15.513352330680991,14.392767998917634,0.9868308285217379,1.1398945806366358
202,1093,1094,2199,27.828118066538153,7.648022825889084,8.46727513785226,8.03793476840472,0.992973703123403,1.1071194909604545
203,2182,2136,2082,57.028760738753355,10.979420664666423,11.968713355954913,11.497471418824324,0.99506044703579,1.090104270662677
204,1582,1861,1929,78.82566140520355,11.94209558266544,15.50017736857098,13.728316684995285,0.955205948507333,1.2979445074171303
205,1095,2197,2199,58.24352625796069,10.795811177451103,12.697070435027722,11.678916389873033,0.98174561279568,1.1761108291285904
206,1854,2081,1595,68.39013260179209,9.921428546080838,15.100138492506698,13.10390769721439,0.8928937201490177,1.5219722061569
207,1092,1093,2199,31.80748311995755,7.5164577434243345,11.490460375272695,9.158064418849763,0.8468470341129288,1.528706841374178
208,2196,2198,1528,74.48769009416479,12.649642296928404,13.848090639599324,13.146358983228863,0.9938458856384754,1.0947416784237392
209,614,1648,1791,53.58428498523308,9.949167552904315,12.06323975651846,11.231093677797986,0.9745172061367038,1.2124873455364629
210,2220,1771,82,77.49819775778967,12.253851933093925,15.088882036464792,13.539022477183693,0.96910703461418,1.2313582797352327
211,1111,1107,1108,92.6777881282383,11.403171671247764,17.239986606741127,15.284886648097737,0.8874963924048863,1.5118589023973437
212,1835,1713,1914,98.41631932457457,13.914137296283688,17.85850465985257,15.41214006905129,0.9447410951707295,1.2834791176469402
213,1812,1672,1814,89.72504299024722,13.67853997277366,14.834588501248694,14.42284775066131,0.9947888336404338,1.084515491476143
214,1107,1111,1106,58.41268741831408,7.847215221151708,17.211501666304322,13.322382525102954,0.6976586723922437,2.1933260629722158
215,55,1754,54,46.82424086797937,8.0,14.132260923296542,11.279536965618407,0.8094827813404868,1.7665326154120677
216,81,1771,1640,100.41360130510884,14.341789124905565,15.815318646713438,15.269316885851879,0.9927589123599674,1.1027437726893488
217,564,1790,563,31.202090407898595,7.802388408845355,11.296336751109939,9.032908386651764,0.8561889267609457,1.4478049744746866
218,1696,1100,1527,112.26530236943768,14.424401354659274,18.01007429010081,16.299772157355584,0.9679903727290163,1.2485838300861836
219,1863,1931,2140,69.02394650657726,11.434338260070476,14.374330978651551,12.805508299422527,0.9635085232557989,1.2571196208920756
220,1527,1695,1696,103.94837682192447,14.086775366035859,16.464840827306666,15.598597918282266,0.9819661566810246,1.168815459853536
221,1098,1696,1824,65.98103282185579,11.355173458811159,15.513352330680991,12.846594514436633,0.903736321066274,1.3661924572929578
222,1123,1792,1903,61.25922729719411,11.709910488840867,12.098971784705972,11.897407528454275,0.999283005789412,1.0332249589982663
223,1893,1623,1897,88.76612271123014,12.478185651686378,17.065299879660145,14.698364582084034,0.9336715627580475,1.3676106732194546
224,2196,1130,1131,39.29333597487309,8.000000000000083,13.878610383106896,10.622071205065703,0.7639074867690088,1.7348262978883437
225,840,2088,839,28.041926051778685,7.010642764084505,10.672858027141446,8.561166930408652,0.855637317737268,1.5223793860697703
226,1109,1110,1108,40.567720370077794,8.000000000000004,14.05012934924918,10.779156449258892,0.7653437973634002,1.7562661686561467
227,1553,2020,2023,85.70165620048904,11.340180227827934,16.365424770760587,14.548830057312907,0.9127182596108313,1.4431362149431353
228,2084,403,2210,89.09752607933144,12.735149952691387,17.039215872773937,14.695721235417814,0.9390160400777301,1.3379674315631398
229,884,885,883,37.87498837909611,7.749553804225163,11.16624889739255,9.656473190423496,0.9180931045178036,1.4408892665929436
230,2060,2055,1598,70.29678603771677,11.253213668684724,14.575989120660982,12.957382317390747,0.9564381438393931,1.2952734702996733
231,1548,1902,1790,63.99715967088111,11.469569284783091,12.972893928475411,12.204001141297319,0.9898215628380956,1.1310707147204568
232,1624,1840,1841,62.56300393634085,11.042007106949075,16.57955038039395,13.000964490771198,0.8235121353159686,1.501497890719517
233,1956,2111,1839,90.30827589962692,13.486504439075867,16.01859015547429,14.56586054575412,0.9777567425176379,1.1877495927752741
234,1476,1992,1989,102.41444606392338,14.01023082452325,16.62265598977126,15.491477239225306,0.9806431689032963,1.1864655335067906
235,1875,1934,1873,65.32922437991527,11.763067210517267,13.485021493417833,12.364630584811403,0.9827930572473472,1.1463865037990244
236,1694,1698,1825,57.26112252556197,10.2268345425093,12.446401043058327,11.618187736695182,0.9726171082629169,1.2170335787992932
237,396,1840,395,53.45011347846729,7.420862099471812,15.66593659725085,12.515837225431122,0.726670095631468,2.1110669336337473
238,954,1529,953,46.92937134123522,7.4046448717475455,13.222397950235532,11.2718220059518,0.8056000643606381,1.7856896825242285
239,1901,1548,1788,55.105531805472836,10.521143574731456,12.550905689662192,11.383700568193698,0.9765125447448118,1.1929221952455435
240,562,1790,1902,54.81455501597251,11.052027224472928,11.469569284783091,11.255059687459644,0.9990789748037451,1.0377796807616964
241,1698,869,1529,100.64466602035063,14.098808750934136,17.651578748615734,15.50127176184194,0.9577873620733464,1.251990793012651
242,1862,1863,1530,82.31806066258028,12.732915664572644,14.61569721016307,13.856269309496797,0.9867751334238468,1.1478672752721493
243,1933,59,60,35.367003210419945,8.0,13.677753634379116,10.282955673756819,0.731017011229792,1.7097192042973894
244,1863,1930,1530,70.65028588392158,11.885682242660238,13.964038929871567,12.860878945701481,0.9821196036043678,1.1748622119268564
245,1783,1776,1635,86.70655368550729,13.355311929097656,14.87838336083351,14.192006874394048,0.9922166131922379,1.1140423705430262
246,1930,1863,872,74.01169648019496,11.885682242660238,15.676222675771974,13.412798161457394,0.9362090928278577,1.3189165212163154
247,1846,1731,1596,81.75009607720557,13.050040009360734,14.570492445924886,13.782850398477985,0.9918047095235611,1.1165094080534266
248,1863,2140,872,73.23524449543588,11.434338260070476,15.676222675771974,13.380928964643436,0.9287271039943062,1.3709776918629792
249,717,2139,2138,76.40154496872519,12.924379623922393,14.07311806434848,13.316723037835644,0.9933594547025479,1.0888815149239217
250,886,887,882,41.987890575219566,7.465321507117992,14.62144953106212,11.163612951660218,0.7280331880758715,1.9585826969569822
251,1983,1962,1975,88.20641659903885,13.31439006631355,16.735181932524316,14.551739685256942,0.9512167395248303,1.2569244140492501
252,203,1818,202,42.627524456889965,7.999999999999886,12.209694131941426,10.353431644476688,0.8927487581137121,1.5262117664927
253,887,888,881,60.83692732452221,8.000000000000083,16.127216749266797,13.187761972829852,0.7495040231915372,2.0159020936583287
254,886,882,885,41.71245652965111,8.000000000000057,11.404067816800536,10.122505532980709,0.9196257815422261,1.4255084771000568
255,396,1841,1840,82.25744810283183,11.381335984970569,15.66593659725085,14.152466934958909,0.9305517014574087,1.3764584946739327
256,1739,1797,1608,51.753171690909305,10.13506279255286,12.843111733156281,11.152399155209716,0.949881580588717,1.267196069332029
257,890,1652,889,53.37326954551819,8.000000000000057,14.192222046058388,11.96860667103644,0.8154257739461229,1.7740277557572859
258,889,1664,888,50.79594450399679,7.392476593870626,14.573016997688532,11.98049156193755,0.7611656642120613,1.9713308270426662
259,1513,1873,1935,99.30632721459992,14.256706619756704,16.502581204961817,15.234726093803282,0.9843702958884916,1.1575310936182708
260,1739,1652,1797,57.18806776126249,10.479022939920014,13.16562053652756,11.665242172430183,0.9616981131131779,1.2563786349176609
261,1718,1009,1010,36.348924566866565,8.000000000000025,13.041844974052962,10.07650362493934,0.7906763700096272,1.6302306217566152
262,1639,1609,1890,108.12163142341699,13.092718901160413,19.34987559811184,16.41040420838351,0.9050301530401108,1.4779111767531228
263,1693,1526,1694,85.73730951115964,13.598818472837875,14.559748413610004,14.087703386626638,0.9969006177660578,1.0706627522597996
264,1437,1617,1758,70.77224331606281,10.982842709184391,14.792484144723625,13.063250330902987,0.9440442283078543,1.3468720745999052
265,1796,1651,1033,90.1707711854913,13.603395687858283,14.994452399837508,14.468620563412522,0.9929401221319625,1.1022580496736423
266,1608,1797,891,40.4544932408332,8.449024374046774,10.86357765341875,9.81588827333946,0.9594489778181338,1.2857789458850257
267,908,909,2105,46.264640846173215,7.999999999999944,15.104801572459996,11.59913377122758,0.7473812571295406,1.8881001965575126
268,1888,879,1607,77.02700019315641,11.986536294670074,14.744761601679087,13.478861530798184,0.9721977322169834,1.2301102870088905
269,1769,1888,1607,90.53867639849048,13.70528669604539,15.27156405861663,14.502302174225036,0.9922368035830927,1.1142827142042335
270,1769,1607,1532,93.42118126585372,13.310092290233642,15.820623914714853,14.800760087855041,0.97967153190209,1.1886186488972228
271,891,892,1608,32.21357855775013,7.999999999999972,10.86357765341875,8.982704151909878,0.9021946212133853,1.3579472066773486
272,891,1797,890,31.82465635148336,7.999999999999972,9.481038290358528,8.643354221468424,0.9787442476095966,1.1851297862948202
273,1871,1933,66,77.68048686630866,10.883264583814702,17.11887671453162,14.116426857837192,0.8717799537212388,1.5729541979518125
274,508,2025,507,31.980210793579317,8.0,12.264533239466422,9.454885013990657,0.7912181097128972,1.5330666549333027
275,1770,876,877,45.3078958874725,7.467869690154927,14.971082309608823,11.547537329025111,0.7319941842293154,2.00473266550775
276,1472,1989,1488,71.68201804103761,11.496572129296363,15.064404502682219,13.132494499648109,0.9479735847565962,1.310338797796437
277,1487,1989,1990,93.5798964393962,12.867280764575867,15.935384344365493,14.89234785651206,0.9655118927492572,1.2384422657688667
278,1989,1472,1473,41.735097877558886,8.0,11.496572129296363,10.133972980832482,0.9176493037516623,1.4370715161620453
279,1992,1486,1990,87.407976974092,12.240606646704245,15.541665010150961,14.438740791787987,0.9571675674924631,1.2696809446397428
280,1473,1474,1989,41.735097877558886,8.0,15.286661097449503,11.397335970216863,0.6940549049490826,1.910832637181188
281,1474,1475,1476,16.080704965104626,5.717293712035251,12.325461115349468,8.579019905037905,0.4569618536276344,2.1558208719282033
282,1992,1991,1485,94.59328644523212,12.653426352061555,17.299137973948206,15.139149864172333,0.9381982019004953,1.3671504849854166
283,1734,1860,1861,82.57922292484193,12.536670662207406,15.255823661918827,13.942891127232992,0.974788923314001,1.2168959425494426
284,1989,1474,1476,90.15873968835703,12.325461115349468,16.62265598977126,14.74492606752341,0.943687926489051,1.348643741131137
285,1470,1471,1469,40.83333333333334,8.0,11.432289841342008,10.010639581280838,0.9213554781365981,1.429036230167751
286,1469,1471,1468,5.9581535631002875,1.290193565117379,10.599628902500505,7.306541153419438,0.19234238193198164,8.215533846300167
287,1288,1865,1314,11.899251307045876,2.410774260469494,10.295906946782798,7.530594409828332,0.3934488606214665,4.270788483023578
288,2226,1524,2066,88.12768978222509,12.408513916923019,16.881512400027635,14.62318133343105,0.9371430940840151,1.3604781775684063
289,1865,1313,1314,36.1941730088829,8.0,10.295906946782798,9.285601017202517,0.9592380339054449,1.2869883683478498
290,1887,2225,2224,70.75042046690828,11.77505406471215,13.943720820009629,12.874386644039058,0.9811267713584565,1.184174674984857
291,1865,1288,1289,34.29149898231847,7.41683789619808,10.044540190799394,9.115493369743392,0.9367589416876698,1.3542887590880597
292,1941,2224,1637,77.48488009790817,11.442783365194407,15.502192840574054,13.679381556544636,0.9420191975703719,1.3547571727808096
293,2195,855,856,38.668229905779754,7.458389039994561,14.098488133798748,10.711759746049275,0.7313763732561074,1.8902859663390568
294,1700,1828,1305,93.36752714048895,13.779215724679137,17.573003475264137,15.049931135164778,0.9387837310358141,1.275326827476122
295,1827,1309,1610,70.18139435975192,10.653697282971189,14.382020856221972,13.029241357404628,0.9390275490051081,1.3499558392005482
296,1294,1866,1741,88.28437521109588,11.87216582394466,16.07571931448161,14.633469195017588,0.9354480335259847,1.3540679563335372
297,1306,1307,1700,41.03129541758828,7.999999999999984,12.05846501764425,10.14996289580597,0.8956637194269804,1.5073081272055344
298,1308,1309,1827,53.37081413775135,7.4355765365419675,15.78463069557324,12.534076029445727,0.7232051155881924,2.122852292354203
299,1477,1992,1476,52.777859063974695,7.549907939350537,15.480415102153694,12.346851288675827,0.7417991281475186,2.0504111078585363
300,1911,1959,1303,51.34822172865631,9.514828112207878,11.980534905616107,11.039753894833893,0.9636240634615209,1.259143598216413
301,1552,498,2021,50.1571770208992,9.554507727971133,15.302797050881816,11.824820648167227,0.7930361491275574,1.601631134389308
302,155,1815,154,43.99864271030471,8.000000000000064,13.622265402094051,10.873994745355498,0.822624127989615,1.7027831752617428
303,1295,1866,1294,43.5781073367413,8.000000000000028,11.87216582394466,10.4167906251543,0.9028326718158151,1.4840207279930773
304,1837,1962,1963,85.60695085475183,11.186347032494158,17.79983784767437,14.811703676229072,0.8713918925197703,1.591210946341045
305,1301,1828,1910,50.49358420352381,7.8192607944091215,15.0060245216008,11.913900633636212,0.7719863672030834,1.9191103757954093
306,1304,1911,1303,42.23115526962457,7.999999999999984,11.6238986666777,10.212631364722476,0.9131239670705051,1.4529873333347154
307,1828,1911,1304,53.887848447894534,10.954139977679073,11.525958500157223,11.164697968442013,0.9978537117799386,1.0522011334201797
308,1959,1911,1302,51.83740377775054,9.514828112207878,12.12191443759444,11.105134977864237,0.9606170863976146,1.274002461698869
309,1309,1310,1610,30.828751097982256,8.000000000000057,14.052005933020721,10.207664889202468,0.637726605317362,1.7565007416275777
310,1741,1827,1610,87.82894144845926,10.653697282971189,18.363028481006186,15.23459302745647,0.8345176619057799,1.7236296464287144
311,1740,1291,1292,37.55089491240973,7.474197695333533,10.810187169568362,9.640162627053774,0.9101270178013574,1.4463341231016182
312,1610,1740,1741,81.94763408949827,12.269690212858583,16.687053318392028,14.168564788692569,0.9268218632756249,1.3600223827089022
313,791,2109,790,18.420941516442447,7.537093778917528,14.470310152897008,9.936902435994487,0.3901811056017124,1.9198792767276969
314,1740,1865,1291,64.03721934662855,10.810187169568362,13.13781488297673,12.28649513989714,0.9725850139593925,1.2153179844989963
315,248,2051,247,55.18394468850799,7.999999999999984,14.622957604393,12.258156404499298,0.7996834275251294,1.8278697005491285
316,1594,2130,2136,82.08275350758974,12.823656284200666,14.5935769460996,13.826269117739526,0.9887671798101968,1.1380199704884133
317,1740,1311,1865,79.16384654351475,12.911483367146324,15.06477056430205,13.64180853873131,0.977069752777215,1.1667730295525014
318,1295,1826,1866,64.91220383520738,11.378206051518216,13.132712605195453,12.306316346280568,0.9864748549120991,1.1541988733314537
319,1699,1826,1298,68.9510487395277,12.482806909011607,12.690611138050976,12.619970427652566,0.9997649499987186,1.0166472357182221
320,1299,1300,1699,42.98673293064669,7.560364922404327,12.092965243657522,10.511883699760036,0.8642796898628482,1.5995213680521323
321,1894,2099,1955,102.60913770113241,14.718132935265984,15.866995643816642,15.417523681439258,0.9958580002949738,1.0780576390771603
322,951,1931,1862,66.04274489661151,11.24938379435093,14.083509972965581,12.525726384393954,0.9636515198268594,1.2519361264959115
323,1290,1865,1289,38.36030180278456,7.743104752489895,11.632314423808367,9.806653122365885,0.8973821138162583,1.5022803895385564
324,2181,2135,1516,83.34958550835579,12.596855974381098,15.52414201276504,14.030764134683158,0.9707267709582046,1.2323822741434307
325,1973,174,175,32.07573505391214,8.000000000000025,12.59414846597607,9.597883506283766,0.7667120839030434,1.574268558247004
326,1826,1296,1297,28.9212844846229,7.595308951506697,9.016059715834988,8.238246618729546,0.9791336831762212,1.1870563493070883
327,1894,1896,1897,91.63406093120801,13.510527194891557,16.970481012659338,14.814842873954186,0.953942076836813,1.2560931759255123
328,1839,2166,407,56.91472329920734,9.715254645095165,13.179452403212608,11.72523629480581,0.9412987458598182,1.3565730271276395
329,1310,1311,1610,30.955878973196235,7.824363448479832,9.117774106026042,8.504375429697498,0.9846306499183858,1.1653055441586755
330,1290,1291,1865,46.047666896149394,8.000000000000004,13.13781488297673,10.923376435595033,0.8578018628813082,1.6422268603720906
331,1533,1866,1699,111.65150914097225,14.599865501191424,18.00140534362925,16.24206077811874,0.9703029176995497,1.2329843272981005
332,1477,1991,1992,91.75792288569751,13.089235511437114,15.480415102153694,14.67817862669935,0.9778253771413353,1.1826829067768867
333,2180,2233,1585,75.54870627872378,11.508434193386087,14.65689455918723,13.404026195350125,0.9611388343156233,1.2735785175372134
334,1478,1479,1991,53.997080705861606,7.774764687248444,14.70684500893634,12.226741858987891,0.782087157574334,1.8916128784009818
335,1897,1623,1721,98.81172664153938,13.388850891857563,17.065299879660145,15.327575589754183,0.96200971935165,1.2745903302305366
336,1870,1901,1752,63.016020472765824,11.09567845843626,14.02461532561159,12.278598210170387,0.9552154664692157,1.2639709575351294
337,1479,1480,1991,48.54277933826438,8.0,14.198615880778885,11.450207234009119,0.8137843617260518,1.7748269850973606
338,1388,1389,1366,78.61022058285751,7.824363448479887,21.006777214055077,16.332164056184777,0.5990535433191427,2.6847905714472224
339,771,1873,1934,49.78926694989143,8.47148731490659,14.755272811878367,11.663275779100742,0.8062334861203754,1.74175705674666
340,1902,1870,1613,43.93146332413652,8.443178811577965,11.7423632299646,10.338894425493466,0.9322543274695936,1.390751456532287
341,1917,1963,1564,61.27421024990965,11.124288272274699,14.413982906352155,12.235115933480342,0.9305239375216549,1.2957218074145411
342,1389,1390,1366,64.56575310685334,8.000000000000004,20.16535150601936,14.938721085345,0.5981148310874952,2.5206689382524186
343,1623,1892,418,37.40190282897423,7.19792616066643,11.404090637144323,9.763794311696584,0.8750599673611865,1.5843578251000645
344,1480,1481,1991,38.667382326692156,7.607089646364964,12.152005821248471,9.989834172003265,0.8647606815741526,1.5974579485934266
345,2138,2137,2124,42.76053764116626,8.021019649370515,11.972526538184674,10.320723861500992,0.9032430765902136,1.492643960687002
346,1483,1484,1482,29.21275263798121,7.336354955566126,11.35654408181174,8.897633012459291,0.8200869765805484,1.547981818027422
347,2023,2022,504,55.6598932445734,10.534656985742846,13.056553747741473,11.513306209767554,0.9608704276392208,1.2393904960941449
348,2197,1091,1092,59.7422297890824,7.999999999999924,15.612285344046349,12.980622443152233,0.7626242070118798,1.9515356680058122
349,1991,1482,1484,69.3118476725348,11.35654408181174,14.760203466321817,12.90016161642655,0.9505555979752217,1.2997090805081508
350,1387,1701,1386,55.19061165096174,7.999999999999984,15.127849279848864,12.34734557104587,0.786034978284769,1.8909811599811117
351,1385,1701,1534,98.44398777656627,13.146535730528875,18.245460485966504,15.538114228262678,0.9248650707817867,1.3878531089826889
352,66,1933,65,31.92303765596244,7.4593697148173455,14.34713927516526,10.425885148786344,0.6297796200566025,1.923371521144206
353,1701,1385,1386,56.34774984626719,7.676514615012845,15.222346468292654,12.675570121051456,0.7514692249654363,1.9829762895940481
354,1975,1916,1566,97.21855421383205,13.743434928314157,17.348413198480316,15.23868288858654,0.9571322027587899,1.2623054781406358
355,1787,1901,1788,65.89235717904113,10.521143574731456,14.580542559326876,12.665088486773035,0.9325570298491312,1.385832486341584
356,1534,2003,1384,113.46145491734971,12.978714873890597,19.037254284977315,16.77639814640853,0.9074685439313317,1.4668058024199868
357,1387,2095,1701,81.21860359940302,12.24867144437183,15.507149807401543,13.890002895020714,0.9633503886049386,1.2660270852907038
358,1991,1481,1482,40.76653693066646,8.000000000000075,12.583737301146089,10.26471478318084,0.8647776563456366,1.5729671626432464
359,2227,1986,1919,90.73336407529362,13.286930011875393,15.927170377692196,14.596739669481373,0.9781208340604776,1.1987095862969888
360,1365,1391,1360,81.65165316362506,9.9458453731604,18.416346897213373,14.953232368743665,0.7964797939475792,1.85166229779836
361,1724,395,1840,101.8438554036702,14.460712979570705,16.669097669383895,15.422754334300969,0.985269929008529,1.152716169177348
362,1364,1361,1362,43.23053198067993,8.000000000000057,12.317068360526852,10.44176599497286,0.8890402275670163,1.5396335450658456
363,2050,2049,447,76.70423858637177,11.813763010701182,16.074011985182675,13.694176422736694,0.9289947971047269,1.3606174400673572
364,1365,1360,1361,65.85794897864906,8.0,18.416346897213373,14.294250165512361,0.676663737758924,2.3020433621516716
365,515,2017,514,42.763291908032855,7.999999999999886,14.477503927699415,11.104206728535315,0.7577350266751289,1.8096879909624526
366,1363,1364,1362,24.65171901322867,6.264118211969294,11.008229624391669,8.424115945453654,0.7610368670346497,1.7573470442108619
367,2095,1366,1367,34.316125123141745,7.999999999999993,15.083632391994673,10.909357499893195,0.6182829752549924,1.8854540489993359
368,1834,1710,1813,97.56243071170778,13.373904092231882,17.626071763774817,15.33338241490371,0.9459620902340503,1.3179451297256402
369,2095,1369,1701,83.66842782158356,12.24867144437183,15.645727396759355,14.10569345915498,0.9615803569594958,1.2773407685735947
370,1927,1582,737,83.35831870484428,12.976487954801325,16.196426295653634,14.130856100198649,0.9538388041880091,1.248136348761525
371,1895,2150,436,64.14116464956278,11.419664839112592,12.635027928449245,12.207537185029999,0.9919147504336513,1.1064272118717537
372,2095,1367,1368,34.316125123141774,8.0,9.644440107684918,8.981918783423957,0.9762631839281972,1.2055550134606148
373,1928,1927,1687,83.89995423582329,12.743820832308723,15.363402818441358,14.04387376153061,0.9767326851426311,1.2055570319610387
374,1364,1365,1361,47.279136011198304,7.999999999999979,16.466403599323716,12.26115731995018,0.6728103106546792,2.05830044991547
375,1384,1385,1534,66.23930162860968,7.400995054819185,18.31322528035768,14.653226940381122,0.6347030278678286,2.474427444514094
376,1573,1893,1896,64.46392403735217,10.681815278507127,13.564966678130359,12.37501307870715,0.9626263482664916,1.2699121192841087
377,727,1861,1860,105.45762767424051,15.044627728732854,16.67473205405898,15.65839448157022,0.9911876982170473,1.1083512569880931
378,1366,1391,1365,61.777929544233885,7.490454041580073,18.00175196729909,13.996570281578796,0.6561173598330442,2.4032924930010933
379,1701,1370,1534,104.27144566531683,13.146535730528875,18.258344248715968,15.930195638391327,0.9325198900600528,1.388833120980796
380,1390,1391,1366,62.536539711907,7.517169157493103,18.00175196729909,14.056577624935946,0.6586384846600297,2.3947514802636802
381,1851,1926,1619,84.04228188028685,13.390201086296457,15.000908624994972,13.989869743612859,0.9890633925624486,1.120290018672454
382,1376,1377,1535,60.31445860092056,7.423854361056635,17.719803492132687,13.798787925186552,0.6598771387803428,2.3868738030591743
383,2023,504,505,25.1729927596323,5.852750058239446,10.534656985742846,8.33085047072092,0.7953386877294596,1.799949917716417
384,2186,2129,2123,86.84893006745156,12.843078305785284,15.802690074200264,14.317919987537161,0.9714536756306662,1.2304441114465365
385,1260,1261,1259,40.83333333333326,8.0,11.432289841341989,10.010639581280826,0.921355478136599,1.4290362301677486
386,2124,2185,2192,51.15952022347976,9.60924848016864,12.85291099496119,11.126544513141233,0.9408518360413759,1.3375563158229025
387,2168,1583,2169,83.06106030491274,12.287726953095605,15.725982064797567,14.062228030187228,0.9604383696416616,1.2798121348908857
388,453,2084,452,43.68047470115083,7.625377278543626,15.687571393760024,11.72642434520557,0.6799756757785116,2.057284619595399
389,787,2109,1836,76.43401460353716,12.70890426510374,13.900539789053859,13.31265942162702,0.9946642769010392,1.0937638288158427
390,1775,2083,397,36.75819760714025,6.981543440915166,12.01510418083378,9.864795896355618,0.8338385016531534,1.7209810814066635
391,1552,2021,2019,54.88721391615506,10.617157165648736,11.87905832367827,11.29402757210016,0.9916441467209267,1.1188549004541772
392,1898,1955,1957,128.220422543455,15.653115590747953,18.25923172003159,17.32269734639191,0.982207189224069,1.1664918472092562
393,1554,1913,1960,88.30338149242978,13.397046878848085,15.733779287714592,14.387581900121338,0.980536729364968,1.1744214549667549
394,1259,1261,1258,5.958153563099927,1.2901935651173086,10.599628902500484,7.306541153419407,0.1923423819319706,8.215533846300598
395,1255,1256,1257,39.008724095457865,8.0,14.451169113526962,10.853598051398643,0.7206158985661,1.8063961391908703
396,250,2052,249,41.887321952937285,8.000000000000146,11.495169689276523,10.154108700926612,0.9171551156413048,1.4368962111595391
397,1252,1254,1257,53.378413515579254,7.586526848974285,16.202306632909306,12.622582533479694,0.7135375656622405,2.135668528623199
398,1529,1931,952,71.86096698348035,10.299335094952815,16.25805260444128,13.549471921747037,0.8750517437039615,1.5785536109421794
399,1576,2165,2166,66.30195207812487,11.050715820762392,13.444369302887774,12.496644515268565,0.9737520839491692,1.2166061928430119
400,2198,1089,1090,34.29438750057708,7.999999999999924,11.504023086261704,9.36131691873322,0.8801322614220288,1.4380028857827267
401,2004,1381,1536,94.02030522299276,12.721718554580523,16.403622086801434,14.97821998798292,0.9567254213919947,1.2894187225117648
402,2053,227,228,47.21738881210331,8.0,15.077779135936698,11.654198207591776,0.7562194673391803,1.8847223919920872
403,1702,1536,1381,59.466983310703505,9.37444779586125,16.403622086801434,12.835442208567443,0.7938825832537888,1.7498227569247877
404,2100,2110,1723,59.85397715417413,10.106419973886476,14.340016530913058,12.154244212165004,0.9170955876128113,1.418901704853507
405,1147,1987,1174,78.86774248327991,12.401807349677227,15.397579406311197,13.683959598607274,0.9645076679775332,1.2415593124587554
406,2162,1373,1374,29.95247749756605,7.754996296628484,9.252658155016396,8.392695284819434,0.9765149648594126,1.1931221887287073
407,1894,1897,1899,89.79425634823936,13.291744009064926,16.970481012659338,14.702536356011235,0.9478192382382731,1.2767685716099801
408,1377,1536,1535,80.60823281276024,12.43060673281319,16.252705922370335,13.972555983233983,0.9404727722794735,1.3074748700293055
409,1373,2162,1372,29.482035250450107,7.420241392395603,9.67549678889774,8.42205652803559,0.9481336062111374,1.303932888061211
410,2003,1376,1535,85.71594890854116,10.255249271724551,17.719803492132687,15.085056431628635,0.8273715503884049,1.727876429195063
411,1536,1379,2004,82.17442835067891,12.721718554580523,15.185513725291324,13.889390571742487,0.9785421995213752,1.193668423031077
412,252,2051,2052,68.75525596070631,10.72373668918867,14.789296902178403,12.922582507988059,0.9351034851743704,1.3791178700879985
413,1989,1992,1990,107.65330200214551,15.533950718508757,15.935384344365493,15.770293322085221,0.9995300296306568,1.0258423393463214
414,138,2054,137,34.94168752731362,7.505599957096112,13.65850473607528,10.267168874573235,0.7209826347955494,1.819775209730163
415,61,1933,60,35.36700321042008,8.0,10.44689891918487,9.206004102025403,0.9525077802627894,1.3058623648981087
416,624,1869,1591,62.58119181126544,10.4764178975714,13.815905529978494,12.250711884374724,0.9510699971427942,1.3187623541803577
417,2098,2111,1577,64.70923438644756,9.80256502949584,14.833602025399752,12.72806615921312,0.8972203134987187,1.5132367886125278
418,1377,1378,1536,49.929597023512756,7.999999999999984,13.234355294518428,11.40873822254109,0.8479808401523112,1.6542944118148069
419,1702,1383,1535,52.49351084824899,9.655653958565216,15.302891518706332,11.962809329458786,0.8138467519543376,1.584863291950478
420,1960,1973,1961,69.42782301255048,12.160377486870173,13.335789831546327,12.690980847429119,0.9940415001716855,1.0966591987744847
421,1576,2166,2110,67.50506098848822,11.601832573497449,13.010523033938242,12.53573467653041,0.9893101750303034,1.121419650862634
422,1173,1987,1988,76.25306831858141,12.492610569648019,14.205598343914646,13.326124192168999,0.9888992229425722,1.1371200810844528
423,2224,2226,1605,79.77221372524707,12.323232225854921,15.573769998139047,13.784332405310321,0.9603973630299998,1.263773149179506
424,2108,2107,1625,68.33224749829749,11.601751538278041,13.336633223013454,12.625105412025059,0.9866391965388176,1.1495361867569271
425,1980,874,875,41.690579197328134,8.0,12.23620681543013,10.259790975851502,0.8890607038540256,1.5295258519287662
426,1745,906,1744,65.13796804072945,11.738374252944258,13.039616672624781,12.302340341538667,0.9919871445473696,1.1108537171878075
427,1896,1894,1898,101.38462617375653,13.510527194891557,18.97456779114667,15.871073257044756,0.9105355680384482,1.4044283777705662
428,1673,1814,1672,118.63213387185061,14.755414777961574,17.868387577170818,16.715511260142218,0.9737691074606408,1.2109715549208908
429,1744,906,907,28.983750976639822,7.44884525612234,12.129030099046965,9.192625118389786,0.7532120079864756,1.6283101181458826
430,2105,1743,908,80.31617621950157,12.644527747525922,15.104801572459996,13.73918959450016,0.9771952018152854,1.1945722192286272
431,1892,1773,1641,62.24247033278381,10.73487109070835,15.111266314121293,12.496507948699005,0.8999746152253021,1.407680277334766
432,1539,1745,1744,74.61214838112582,11.738374252944258,15.347715143174137,13.393495877902149,0.9488313705730805,1.3074821787458832
433,2105,910,911,44.404441064308685,8.0,12.132836135741375,10.553243709768486,0.8941160309315426,1.5166045169676718
434,1102,1793,1101,32.56383141491449,8.0,11.892849693637245,9.35377050740906,0.8289455562201228,1.4866062117046557
435,1952,1864,1737,59.5199984509557,11.307269911193787,12.1369416042776,11.738819163374883,0.9966674340339025,1.073375067509662
436,904,1537,2007,83.0752908798548,12.211894365555871,17.239232726188796,14.384495208197988,0.907718275176395,1.4116755525508582
437,618,1728,617,50.46047847975473,7.472060990133236,14.396779980536232,11.867494008965075,0.773945686152807,1.92674818895978
438,1864,1739,1608,68.20239268828199,12.200982051712401,12.843111733156281,12.558608102574816,0.9982042366286448,1.052629343992335
439,894,895,2013,35.561053372301885,7.999999999999972,11.672390227990983,9.524452810870955,0.8815704892712184,1.459048778498878
440,2112,1579,1725,101.22200321402488,14.176818168236577,16.118445746043403,15.356430067792196,0.9882755247158539,1.1369579234751757
441,1772,1614,1800,63.57249732020369,11.755051847402532,12.458179590507713,12.126937951594925,0.9977474430126396,1.059814941884799
442,687,2141,1592,67.61447236598205,11.920399043407468,13.132593196033874,12.52539966579247,0.9937529245459114,1.1016907360409889
443,901,2007,2006,56.86784210698227,10.957238595675369,12.024582809863503,11.484899572536534,0.9942297769192423,1.0974099637302228
444,873,874,1930,32.04400136509196,7.999999999999972,10.115095220638407,8.777064471252674,0.9494820959248453,1.2643869025798053
445,2005,1538,2006,97.88528038851196,13.99868093516546,15.670456245696762,15.092113625102044,0.9898673974020725,1.119423774159443
446,902,903,2007,21.76097775514596,6.488005355984663,7.498207442597034,7.130603276864382,0.9843580810071381,1.1557030290797372
447,1793,1792,1527,84.75909293570471,12.898698897524056,14.646961000989572,14.059202171290439,0.9869319480009493,1.1355378645051635
448,929,1538,928,55.042370672352824,7.391562284669209,15.776456541140961,12.740350723729359,0.7193479049453203,2.134387282897258
449,908,1743,1744,56.702734213799744,9.794359174415739,12.644527747525922,11.646678700652288,0.9533011929641887,1.2910010264433869
450,2015,1864,1608,63.5928467985365,11.929021690901605,12.23274007207025,12.120914604894752,0.9994979994317122,1.0254604601314703
451,1962,1563,1916,108.19114941265282,15.166793822016466,16.956360128134474,15.867162116475297,0.9900171687170065,1.117992393588171
452,1313,1865,1312,34.84227558017229,7.517169157493103,10.617633996505266,9.231899752941041,0.9261149008339415,1.4124511201030543
453,1815,184,185,42.621937985048056,8.000000000000064,16.033918741557265,11.8029440391812,0.6555154322909147,2.004239842694642
454,1575,1719,2150,92.56440697423888,14.170050343374307,15.280874046428227,14.643765680395264,0.995851391268583,1.0783923610810122
455,1836,2109,791,90.83730447033103,12.70890426510374,17.71546274683068,14.964892388277143,0.9190873401769956,1.393941002095201
456,1061,1062,1665,56.226165440633764,7.597820691966698,15.558913850690812,12.739936146313845,0.739594028729146,2.0478127191316204
457,1665,1806,1060,75.1548585726126,12.060932583896031,15.146484302748933,13.37979599645128,0.9604701820461207,1.2558302765884608
458,606,1814,1551,80.24558315471225,12.886620034022615,14.664683789928649,13.675302448463242,0.9880480487482923,1.1379775108765275
459,1253,1254,1252,40.447192239905775,7.999999999999972,14.078914118555486,10.78300755711855,0.7621247302102137,1.759864264819442
460,913,2105,912,40.22635852132953,8.0,11.354561129644154,9.92488714458772,0.9243521803030594,1.4193201412055192
461,1311,1312,1865,40.572913799202695,8.000000000000025,15.06477056430205,11.22746818693578,0.6963346539923632,1.8830963205377504
462,914,1746,2105,53.45511031492119,8.57664404941334,14.70479249255072,11.923616780607185,0.8307951315192124,1.7145158884793126
463,1746,915,1611,56.213392794846946,10.540989907875415,13.301199662483153,11.606206615214687,0.9533468114507544,1.2618548901698048
464,1658,631,638,120.41694903695199,13.946448774396904,21.40170077031566,17.55526193054386,0.8759354270941366,1.5345627490207556
465,1537,1747,925,95.3842890752878,12.852787100336831,18.294187285622986,15.381880143581691,0.9117178595842943,1.4233634419373173
466,142,2094,141,42.51605202258706,7.824363448479773,11.794491689778301,10.319836061593994,0.8954789802747449,1.5074059081534485
467,548,1669,547,39.323230953747874,7.832711595636248,11.249399353648117,9.831773736436945,0.9193617210573339,1.4362075274053716
468,1557,1616,1755,106.379445656535,15.048656397394272,16.141095280682674,15.694431682488437,0.9965071498624641,1.0725937820919056
469,77,1772,76,25.29584664510503,6.353621650568757,10.685492215820018,8.346371288796258,0.8019042241567832,1.6817954866518507
470,2105,911,912,42.91441063581961,7.785446693940859,12.132836135741375,10.424281319775462,0.8829226902580659,1.5583994872360936
471,1899,1897,1575,73.25584704031074,11.723050156354116,14.422331842698515,13.14570866937252,0.9720886587636638,1.2302542128834395
472,916,1867,1611,81.84763722218116,13.46270299546363,14.286760376481924,13.763828632235255,0.9970369646117451,1.0612103959580752
473,1932,1867,918,67.9658117122238,11.440893305161858,13.9647761430398,12.658407458848169,0.973090214968927,1.2206019032394284
474,2013,896,2012,70.37723345334359,12.162649568468913,14.141513983763227,12.85339111886829,0.9788516519891599,1.1627001093926463
475,1672,1812,1813,89.75857031892414,13.387467120342201,15.146346561542785,14.45613406104456,0.9891276010689458,1.1313825405052143
476,2012,896,897,43.240456089586594,7.999999999999972,12.162649568468913,10.413867067305766,0.8951378693787361,1.5203311960586194
477,2008,899,1538,59.83500804579784,10.8688636290366,16.110644815319,12.67531948479595,0.8295807910946498,1.4822749981220458
478,929,930,2009,36.566405507411936,8.000000000000025,10.1221914872208,9.322308171929453,0.9618872566944197,1.265273935902596
479,947,1650,946,45.33473416801603,7.5862888405513385,12.596801668117044,10.889089620824675,0.8441283366792156,1.660469556706407
480,2009,931,1541,62.16624397188087,11.135971271566703,14.352130773760116,12.28404095054166,0.9380701917200359,1.288808171623537
481,1888,1769,1639,100.34148073005873,14.530055768013085,16.126862105597322,15.266024046394065,0.9924811723131988,1.1098967796874872
482,898,1541,2012,110.23405302381491,15.018531688124426,18.682208187706205,16.261138468274293,0.9521931289380736,1.2439437207086463
483,1541,2010,2012,87.99983733882479,12.500113750259967,15.765214916415893,14.449334731889367,0.9642545717732265,1.2612057163150232
484,898,899,2008,40.35469038623956,7.476872041101158,12.452341218928117,10.266025629688626,0.8495544604515624,1.6654479507575197
485,1673,1709,1707,109.4626094768648,15.460964403541137,16.20161943803849,15.909076423544477,0.9983840047084088,1.047904840549773
486,939,1638,938,45.5349180380782,7.999999999999984,13.282988222616622,10.908400702986194,0.8495083953859044,1.660373527827081
487,1516,1687,2181,90.51567514938293,13.783829115237337,15.932051665949905,14.562391732696858,0.9813616691590988,1.1558509273985278
488,940,1653,1798,43.469552312399074,8.947808396612409,12.284583602489638,10.35113998762021,0.919795929593766,1.3729153618377115
489,600,601,2093,42.494897958782914,7.999999999999904,12.967761326283256,10.535475905504752,0.8525216631669706,1.6209701657854265
490,1798,939,940,35.767380549392286,7.999999999999964,9.821027963758581,9.197269795729328,0.9682828449240409,1.2276284954698282
491,938,1638,937,41.6828709797774,7.425928112498577,12.377874393280582,10.415338797373712,0.8511760953157689,1.666845437467592
492,2011,2010,933,76.80251916076892,12.484167898763218,14.491551060248595,13.397680879093818,0.9843611647717193,1.1607943098621931
493,936,1953,2014,63.309668865500164,10.35723847867907,14.230520046139116,12.397801135400433,0.9358624902888907,1.3739685607735501
494,1662,1245,1246,49.361825689755484,7.999999999999984,18.732599107126994,13.498484534581776,0.5659007142600754,2.341574888390879
495,934,2011,933,50.4102067693878,7.999999999999984,14.491551060248595,11.707487235040317,0.8055731076223802,1.811443882531078
496,2104,1737,1540,49.662296761410815,10.063886729207404,12.282399697105998,10.864136548121403,0.9634530852653351,1.2204429588282255
497,1710,1709,1672,109.12750094427906,15.023141945486005,16.780274683788036,15.923630469188419,0.9918985909194556,1.1169617344146838
498,1768,1941,1637,79.33881344555398,11.442783365194407,15.705824118947094,13.86673774961728,0.9372783417447904,1.3725527800097665
499,2013,895,896,35.56105337230201,8.0,12.256009804372734,9.718992669664882,0.8396153019370154,1.5320012255465918
500,928,1538,2005,91.36707092787303,12.705306079794793,15.776456541140961,14.717406288877505,0.9651235183898601,1.2417218791942533
501,1537,925,2005,109.65546120502485,14.53326707772793,18.294187285622986,16.162971264601698,0.9602374276965151,1.2587800931325774
502,1625,2107,348,52.82348524483403,10.367801394211956,11.601751538278041,11.080797085946761,0.9913400399451365,1.1190175329511003
503,1539,1611,1742,105.44936128176042,15.29513271102408,16.273460385292136,15.626003626935905,0.9964941922116666,1.0639633334833976
504,1747,1537,1745,106.47874758117253,14.998666044785255,16.751004509929942,15.735706454661829,0.9908897817916357,1.1168329543382254
505,1968,1867,1932,66.58658544068571,11.345761778705167,13.9647761430398,12.547290155932531,0.9695721807128199,1.2308363612261146
506,1742,1968,923,55.68306980056562,10.207845414225842,13.493141748292787,11.614703192001528,0.9399403418649223,1.3218403297417196
507,1754,85,86,37.22550096980201,8.000000000000114,12.315074759967501,9.873893522732503,0.8532187843711767,1.5393843449959157
508,396,359,1841,48.524132721568876,6.310596618263598,17.021363280159644,12.91402937369285,0.5928954482995671,2.697266884544299
509,2240,462,2239,72.46487349154741,11.537044066013983,16.39097205952843,13.51017605006634,0.8955756959173893,1.4207254445541408
510,1628,2076,1762,98.91501351453016,14.163381071746823,15.84063608512104,15.163954209181327,0.9911814405998239,1.1184219364626158
511,893,1608,892,32.213578557750225,8.0,11.861791032879223,9.315441945063379,0.8264116869489891,1.4827238791099029
512,1926,1967,1565,58.11591544339772,10.30279648205981,13.235758394041829,11.771957939824203,0.958576896621915,1.28467629318789
513,1513,1872,1873,84.53967350367392,11.02416560359717,16.502581204961817,14.545862300334113,0.8963639604512417,1.4969460545455746
514,919,920,921,28.953878985232578,7.275500766504099,11.342965018852045,8.872821928452028,0.81678263640283,1.5590631329563276
515,1762,2078,469,95.97218388977029,13.723014847020881,15.952939866733136,14.971929835436903,0.9849568236250508,1.1624952712338097
516,2060,456,457,25.379261045495728,6.98662952302083,11.090596424465218,8.49155941019106,0.7761777201982542,1.5874029656105113
517,2174,2175,1585,86.48479874704823,13.483730738777277,14.593705280351745,14.156589893340282,0.9954442367659856,1.0823195422007605
518,919,922,1932,74.86807384680937,12.285479242695914,14.090063938284823,13.210907470613938,0.9875965778296588,1.1468876109706334
519,1636,1600,2063,69.7409194108942,11.651005506183505,15.372085290706138,13.054013655547019,0.9302623978179927,1.3193784246816942
520,1565,1967,2157,57.50691039113746,10.30279648205981,12.601978220119554,11.641493209377785,0.9731060408649403,1.2231609390773945
521,1747,1742,924,73.29746282734793,12.57783593670412,13.848997338026345,13.04928134844179,0.9921826537331976,1.1010636016973934
522,1644,1781,402,81.75680091182765,11.156761063298417,17.127600342203287,14.372917020935228,0.887974859241518,1.5351767636708387
523,1194,1816,1193,32.93303686020337,8.000000000000064,12.028371369602926,9.432488157002249,0.8235295117077719,1.5035464212003538
524,422,1838,1720,44.9599825444417,9.886446410927883,10.473850906802936,10.198237225201174,0.9977746758607918,1.0594151297098795
525,1065,1051,1052,30.63833980327162,7.464818016813553,10.960088332626526,8.878711966250952,0.8725592137684158,1.4682324884465128
526,1635,1642,1775,76.90354230530086,11.860961567471124,15.468383901451151,13.58076779714065,0.9516712328263635,1.3041424857048218
527,1436,1758,1559,77.45447689070117,10.736137593396784,17.549944821624155,14.244690801766316,0.8490699078908873,1.6346609447719984
528,918,1867,917,38.04194367522864,8.000000000000057,11.440893305161858,9.697270238144904,0.9150381258314579,1.430111663145222
529,918,919,1932,46.98691074596102,7.50251577987631,14.090063938284823,11.387377548834662,0.7885803086558114,1.8780452253200217
530,1794,1904,1795,70.45990927775618,12.268557250665884,13.564750669985566,12.793925925015062,0.9922284424696746,1.1056516583683327
531,1065,2090,1064,35.248797492752935,7.999999999999984,12.944407241118837,9.960102655447793,0.784215023975015,1.618050905139858
532,1053,1065,1052,43.04408366463622,8.0,14.744292792285941,11.234793708304155,0.7427272941690383,1.8430365990357427
533,1063,2090,2089,57.33528224100999,11.075122520291272,11.848718009758167,11.52061066026616,0.9968310265601542,1.0698498357963584
534,1792,1793,1649,78.8012628345167,12.254912233630275,14.63194661535769,13.595799290648904,0.9792815760240341,1.193965842954329
535,1053,2090,1065,71.9867982361631,11.591858991964934,14.744292792285941,13.093519675123238,0.9603640242185074,1.2719523937020079
536,946,1794,945,32.93819905853369,8.000000000000004,13.334569200354215,9.978947157665553,0.7225948015737805,1.6668211500442762
537,1055,2089,1054,42.13541155926032,8.0,12.475664302193598,10.363787822259928,0.8783981783262619,1.5594580377741998
538,1757,1756,1558,70.09629392618127,11.383717002363143,14.291291747057558,12.888373713295943,0.9663100072472558,1.2554152342412266
539,1827,1741,1533,141.7664240650425,17.5655126583556,18.389321520401264,18.105954219921017,0.9982431425178602,1.0468992211083457
540,1741,1740,1292,61.591238035496204,10.636103016259426,13.548950834827096,12.104858635409704,0.9614501072430965,1.2738641976403196
541,1893,1773,1623,74.51841445301248,11.185130505179528,14.551608214905581,13.363408652169346,0.9510013831396223,1.300977955345906
542,2090,1053,1054,44.937745160830985,8.0,12.355965065672681,10.649274685879204,0.886898599410865,1.5444956332090851
543,1742,1611,1867,99.16418486346144,14.286760376481924,16.273460385292136,15.201016537897564,0.9882137094498396,1.1390588178465293
544,1056,1665,2089,86.78130320359229,12.93069864150157,16.016071089133703,14.336305096574241,0.9674590702040436,1.2386083330199587
545,1719,1838,431,61.90046233968864,10.342154814865294,14.603133243456746,12.35937759667003,0.9175071587492735,1.4120010292697356
546,1775,397,398,25.861128462699128,6.981543440915166,10.289719613116043,8.22713522169728,0.8551077793055856,1.4738459626009617
547,1868,1704,2219,123.78811190318207,15.464888228485625,19.04871465545237,17.10932295268925,0.9693581970069027,1.2317395621628546
548,1017,1048,1049,48.29138374096267,7.517169157493151,15.684641551060627,12.044978577972834,0.7121874646821964,2.0865090597869678
549,1050,1016,1017,20.97295651495536,6.097537709694806,9.97135004847959,7.679585693561513,0.7846393645056231,1.6353076476469508
550,1869,1752,1591,89.08425462365526,13.37348805676883,16.488075935423353,14.559156507390226,0.9619813198658816,1.232892710221408
551,1018,1048,1017,57.770669922456335,7.876640436115607,15.684641551060627,12.804362795445073,0.7571463492035156,1.9912857109922315
552,567,568,1789,36.86750508892965,8.0,10.778600403091623,9.435271868260164,0.9427174230911392,1.347325050386453
553,1017,1049,1050,39.87385805023314,8.0,12.933125025364724,10.301491691281438,0.8353782423801838,1.6166406281705905
554,1554,1960,1961,76.34701221362788,13.107579118583466,13.397046878848085,13.280138609659295,0.9996500515187065,1.0220839987037897
555,2200,1542,1045,87.27852447540045,12.846115722384274,15.813027095994167,14.35218607270311,0.9715972625851669,1.230957858213909
556,1758,1757,1559,98.59630981261124,14.336769627566886,16.954775411039478,15.246511676294789,0.9734143673715312,1.1826077876315082
557,1045,1046,2200,41.29578692050345,8.000000000000025,14.397415399730889,10.973339820123888,0.7489464420821224,1.7996769249663556
558,1038,1796,1037,46.76762705894412,7.549907939350605,14.694344932651306,11.546058511182062,0.7596474643061606,1.946294584078759
559,1019,2200,1047,68.31078418692701,11.923289069783511,14.333107476478286,12.728003131415278,0.9661140309291422,1.202110205715119
560,942,943,1795,37.025055817894334,7.61052329159956,12.230233310961047,9.85759606743588,0.8488010607853725,1.6070160805447753
561,1020,2200,1019,40.85025158469716,8.0,11.927612847984035,10.101412000856257,0.9014996843141074,1.4909516059980044
562,1639,1769,1954,121.11533794889455,15.490556779668045,19.438702017891757,17.01870696771904,0.9558210951269415,1.2548743272679395
563,1022,1542,1021,58.519820458567665,8.0,15.728579198509038,12.84224532788105,0.7644369413647747,1.9660723998136298
564,1710,1549,1912,96.21462588602928,13.31374785113809,18.0929912446414,15.35434074044907,0.9265735568599125,1.3589705503619531
565,547,1811,546,39.59718594635547,8.0,12.768133954886194,10.222545918316634,0.8440489098779752,1.5960167443607742
566,1542,2200,1021,83.32459494163751,12.846115722384274,14.798156785134113,13.941521346513454,0.9866702738631451,1.1519557432717518
567,1047,1018,1019,53.17928086164284,8.0,14.333107476478286,11.962769557588297,0.813000765882716,1.7916384345597858
568,1542,1044,1045,62.920053621382735,7.999999999999944,16.975304337173647,13.596110477722585,0.7238685907258653,2.1219130421467205
569,1549,1710,1834,98.84320044938568,13.373904092231882,18.0929912446414,15.512655961177684,0.9337986398416931,1.3528578580992336
570,1817,1570,1188,72.6451402681068,11.571395917848621,14.246981391105283,13.091530966170595,0.9717283313248786,1.2312240884550179
571,1542,2016,1043,94.67694918766401,14.053599348929936,16.04310513807879,14.86394478239275,0.9863870559190445,1.1415655690583166
572,558,559,2092,33.623490983910415,8.0,9.941997110336155,8.92270995041804,0.9676272336606802,1.2427496387920194
573,1057,1058,1665,55.26558755300402,7.999999999999984,15.381879931032929,12.41791040508081,0.7766075959238035,1.9227349913791199
574,1868,530,531,38.948564366865924,7.400995054819201,12.357521792668546,10.108126604007024,0.8455851055934492,1.6697108565991912
575,1717,1569,660,98.0193816637379,14.146525081308338,16.927436920233152,15.207047080600091,0.9725261426503405,1.1965791473836358
576,1192,1193,1816,32.93303686020265,7.999999999999904,10.95783206817298,9.075641723192215,0.9038026496069319,1.369729008521639
577,1665,1056,1057,57.541223493460755,7.580619860654974,16.016071089133703,12.992856960273869,0.7240645070379438,2.112765365304823
578,1082,1692,1081,45.18506372224132,8.000000000000044,13.287127020952212,10.875978133494876,0.8480060129122037,1.6608908776190172
579,1492,1680,1491,38.583971925691,7.8592735616019205,11.478012163493863,9.780316314747752,0.9105250142966433,1.4604418682627396
580,1650,1905,1904,85.52832821074992,12.79332813089772,15.146875116505386,14.155339431677904,0.9808991843374384,1.1839667490372199
581,1036,1037,1035,40.1972192219372,7.694304887728948,12.101978246072903,10.121617321650769,0.8775492229980768,1.572848804753424
582,118,1646,1645,145.97114597423914,17.062386007625474,20.075978665417765,18.48779268618204,0.9818847378650942,1.1766219950976062
583,1785,1647,134,68.59612471488734,9.997352450052148,15.81609603809143,13.233747952691914,0.8752798218310028,1.5820284537441642
584,1543,1796,1038,94.68357162982379,13.90395033733691,15.99529816924942,14.864531146412546,0.9863084676306748,1.1504139313772228
585,1796,1543,1651,100.12906328269104,13.603395687858283,16.45293575567688,15.350543204261527,0.9748643801211316,1.209472703228206
586,13,1659,12,45.021444763739105,7.42385436105645,13.840442905149496,11.138916592944627,0.7909595308795909,1.8643203694502346
587,1846,1924,1848,69.51918843729766,12.204233815925239,13.413946138699908,12.703242134281405,0.9932504995277577,1.0991223489340332
588,1544,1026,1703,70.39130219462537,10.799125821192415,14.314476674081549,13.01198214955862,0.9463056217801944,1.325521797883912
589,2016,1831,1042,44.23353055178979,7.6401631823017695,12.24001970667632,10.675974459089426,0.8614256972760669,1.602062601886566
590,1717,664,665,41.441394725249985,7.999999999999944,14.4465850206653,11.0037782304949,0.7470755684341308,1.805823127583175
591,1543,1829,1028,81.19174558351654,11.757770549139323,17.024898064897894,14.236838367261734,0.9042493226270742,1.4479699185951649
592,1026,1829,1703,64.15209223649131,10.97802023322905,14.314476674081549,12.430211333032227,0.9469131207098322,1.303921505878945
593,1831,2016,1544,83.59682469051677,12.24001970667632,15.90627418081581,14.135007257843435,0.9555165193017842,1.2995301120421998
594,1730,1595,2080,65.04778494002477,11.209352324562147,13.679047471185594,12.38479931606478,0.9728933571264626,1.220324517877077
595,1024,1025,1544,36.460357029383445,7.468383312101547,12.464936913178557,9.900420682172012,0.8239868022293916,1.6690274711771613
596,1370,1701,1369,62.28053163002619,8.0,18.258344248715968,13.96802388182511,0.6719430073945527,2.282293031089496
597,1829,1026,1027,32.89300850297229,7.73133841892098,11.99813709178609,9.423175629911066,0.8237125837293462,1.5518835732792309
598,199,1714,1556,113.61491241144002,12.619984627712121,19.605245532255722,16.958673756531734,0.8829650980658902,1.5535078774347097
599,1025,1026,1544,37.57869210866963,7.999999999999984,10.799125821192415,9.522355880809444,0.9431917774866977,1.3498907276490546
600,1544,1023,1024,49.41225970032927,8.000000000000057,15.685499450081293,12.050145454419969,0.7355632920863218,1.9606874312601477
601,1608,893,2015,53.566697149720596,9.906061009634298,11.929021690901605,11.232291244471709,0.9737290987964473,1.204214437938535
602,1612,1545,1749,101.68661089317632,13.347517031466323,19.53567658249982,16.053723997737766,0.8881640759342375,1.463618779166576
603,1573,1773,1893,74.5367791985759,11.185130505179528,15.894140558710678,13.548079247340189,0.919298461740803,1.42100626821927
604,1438,1677,1617,65.89984875219038,11.045623108664355,13.926800686310216,12.504919451878676,0.9647048880816325,1.2608433720127405
605,1030,1031,1651,45.39650056996866,8.000000000000057,12.509704872556833,10.72813383115635,0.8815131412416347,1.563713109069593
606,1581,2053,1726,95.10399332211726,14.224367528521725,16.04134174768018,14.891082699304514,0.9875086518903734,1.1277367317397544
607,1031,1032,1651,71.18777731890984,12.253855743883193,13.893323306140642,12.885627974193556,0.9870500793902619,1.1337919750749335
608,1751,1753,627,60.931778863540565,10.921687271663838,13.685158383008366,12.053516007618809,0.9593071090084929,1.2530260245149405
609,1870,1752,1613,47.732619170569805,8.443178811577965,12.519644857492354,10.89277483851121,0.9053321144715438,1.4828117628308914
610,2087,1030,1651,46.42336883227501,8.84576977652253,11.674696620912169,10.55369499922753,0.9497163680438409,1.319805615097271
611,1383,1702,1382,24.882846219152924,6.298515824536832,10.929882511104811,8.409466111880546,0.7726016602945995,1.7353107963189967
612,1042,1831,1041,30.24343699503961,7.6401631823017695,10.237423740940294,8.625862307747376,0.9223325195248987,1.33994830956687
613,1716,1563,1837,120.7007573073135,16.600277574105352,16.770287470263458,16.696154742573224,0.9999276171104216,1.0102413887598665
614,1979,1971,1531,82.001385156053,12.875307036126015,16.257684266576867,14.056354075441737,0.9468310254353767,1.2627026463105269
615,1062,2089,1665,89.99504413358328,12.93069864150157,15.659487330723067,14.551086622836218,0.9752631193186698,1.211031806159595
616,1789,1548,1790,81.91746003337097,12.169540210633453,14.837701653442796,13.90623614084854,0.9706823090399649,1.2192491578669478
617,2080,1632,742,57.532385820307056,10.768293874559522,12.930420203169385,11.646277076344228,0.9733912071226171,1.2007863412529969
618,2049,1576,1722,79.22196429029135,12.365106443064649,14.442757050643658,13.610990123899287,0.9832909989432743,1.168025290938302
619,1532,1952,1889,70.03555376631404,11.703446294709076,13.493149459053955,12.78560263696628,0.9857659722088954,1.1529210387502673
620,2066,2171,1605,99.25042237842263,14.462544260926204,15.526856121853324,15.163256055134909,0.9958251833761361,1.0735909146914486
621,1660,1803,964,73.38845273863352,12.447434186222603,13.713441329181558,13.049896439498639,0.9936364685852942,1.1017082817244561
622,2088,840,1604,67.19469699152691,10.672858027141446,13.752122459111407,12.675605253451712,0.9538928270307131,1.2885135756644832
623,2147,1879,2145,57.084715717111806,10.120087266465807,13.90064542577671,11.825962864715846,0.9264107657449424,1.3735697192887122
624,1803,2159,963,59.51776045842685,10.616851529774062,13.498775949900589,11.916042510249161,0.9583999428027129,1.2714481230188077
625,962,2159,1951,59.66499240919991,11.13084833747188,12.336314515113306,11.769356730428344,0.9929944238118634,1.108299577992024
626,961,1951,1948,60.89715093760147,11.09162340992646,12.751055341956405,11.917278948260588,0.9870538308674369,1.149611276068464
627,2232,2079,1629,61.79918324918038,10.133978066596836,13.439335950939622,12.189904640166644,0.9467905243141801,1.326165881021369
628,494,2201,493,40.87108085079339,8.000000000000025,11.271223380878602,9.997006300712373,0.9255074244660564,1.4089029226098209
629,957,1526,1693,79.8944931043284,11.752624838499859,18.152965063788955,14.501469458375562,0.8482077650872845,1.544588150582543
630,1631,2142,1882,66.35740640765498,11.116503439472131,14.127069742362101,12.567547693747022,0.9610318034560068,1.2708195359522982
631,955,1825,1698,42.52379372120498,8.316955733134732,13.090032956305716,10.54460774398325,0.8536827621047925,1.5738971537572404
632,1804,2088,1604,77.40141197425918,12.217414873412942,14.608821017439627,13.476023721651616,0.9791122175544023,1.1957374918347718
633,1783,1515,2059,129.3778807260196,16.312321468281173,18.197886082855614,17.33711032073822,0.9920447068716597,1.1155914330306
634,2058,2064,2167,81.90802287646414,12.348226590959595,15.086918361052952,13.89032918093408,0.9737837631963239,1.221788266510951
635,826,827,822,56.9747716100469,8.0,18.60202699008672,13.795731307809335,0.6279189215766582,2.32525337376084
636,821,822,827,51.50094389642054,8.000000000000044,14.785166933341285,11.893724145484478,0.7948374970689936,1.8481458666676505
637,821,828,820,10.204174602613186,4.143623681009449,8.738595027306909,6.229478268171572,0.55559513884596,2.108925834012527
638,2079,2230,1630,61.61468443902612,9.306899908315321,14.444513649261472,12.485168049866878,0.8836896348658808,1.552022025761329
639,823,826,822,74.12836089438993,8.000000000000014,20.876301000381012,15.826109330155916,0.6071680559010816,2.609537625047622
640,2172,1570,2070,95.82122284202039,13.243467260184111,17.769206695990633,15.259091934908625,0.936176939331568,1.3417337277989845
641,827,828,821,34.3473546120772,8.0,12.896005503112105,9.878200176806338,0.775965866920437,1.6120006878890132
642,1054,2089,2090,64.63860512349979,11.848718009758167,12.475664302193598,12.226782459208147,0.9980503900778969,1.0529125844601164
643,459,2060,458,22.683150210721017,6.893171741417625,13.199190930561235,9.364120890659615,0.5499983296722065,1.9148211339714476
644,803,807,808,86.62058069535179,7.999999999999944,22.0550945828411,17.348129502132554,0.5804162316169157,2.7568868228551566
645,2144,2143,1877,69.54402086429879,11.265101256932788,13.995716945412997,12.820958691344691,0.9692968628468014,1.242396018127199
646,808,809,802,86.62058069535163,7.999999999999964,22.05509458284104,17.348129502132505,0.5804162316169188,2.7568868228551424
647,990,2122,2120,65.51811720723818,11.416419189031597,13.522434467699782,12.394735367575818,0.9800995468246926,1.1844724903489487
648,1553,2025,2024,79.33117426385196,12.547489388450703,15.221838273216454,13.684729786856728,0.9716972874715903,1.2131381666859464
649,825,826,824,90.19212546314021,13.427973349481448,20.47012538763154,15.827415436781317,0.7971639542857438,1.5244389346678322
650,823,824,826,79.10276805052952,7.803303376168991,20.876301000381012,16.38324325472718,0.5984684922350072,2.675315823826162
651,648,649,1666,37.77971203540673,7.5171691574931145,11.135943806295003,9.689081438028902,0.9057840898040062,1.481401252650367
652,1704,526,2219,107.84686290210874,13.627902535403937,19.04871465545237,16.263703625718083,0.9244476734204112,1.3977730326413547
653,530,2219,529,52.34299330406424,7.999999999999954,13.9718080092334,11.80685692934677,0.8240373760719657,1.7464760011541849
654,528,529,2219,47.37556717725508,7.558084398959407,13.448762778806953,11.276129405144388,0.8157036809882423,1.7793877481255134
655,1750,1545,1868,101.86005238887539,14.137901951139288,16.4083414333905,15.42283456404707,0.9852070153233766,1.1605923912966627
656,325,2231,324,31.22733397841148,8.0,12.721787819298365,9.59732041903508,0.743541045126862,1.5902234774122956
657,528,2219,527,44.53726263625235,7.391853655277513,12.821541037666805,10.87818346389455,0.8265458051857237,1.7345501731507755
658,2096,1704,1545,88.48619546766562,12.74935545194733,18.660851297628444,15.097956216829777,0.8713925177782182,1.4636701728147514
659,2203,159,160,32.67547922983019,7.999999999999984,12.371859820369837,9.547398997975376,0.7930402036650827,1.5464824775462327
660,327,2230,326,38.93063513264269,8.0,10.998326701710603,9.71582933391638,0.9366274340019475,1.3747908377138254
661,644,1666,643,35.05925029805173,7.4248833500799005,10.423065078485212,9.253649824206223,0.9269600328786056,1.4038018628768152
662,806,804,805,21.600410852760344,7.481869295632977,13.696751382318997,9.59214712330624,0.4966775110206293,1.8306590025989262
663,803,804,806,99.60558199950938,13.696751382318997,21.879225622446018,16.786508880016015,0.7798880385136125,1.5974025527461715
664,1187,2172,1186,43.739822159624055,8.0,13.5459725639763,10.826976414763022,0.8255677189054105,1.6932465704970374
665,807,803,806,80.00391485075886,7.3913709993635806,22.0550945828411,17.108563734883568,0.5435429315868306,2.9838976537289374
666,2202,181,182,45.65621666345565,8.000000000000057,12.587878568871345,10.771702623948647,0.878696784376762,1.573484821108907
667,2077,2143,1586,54.298836112934836,10.526801209771874,12.689037862890945,11.33300521448257,0.9693154195692207,1.2054030099012318
668,645,646,647,44.7402791490566,7.859273561601871,13.13713887526223,10.818769225027504,0.84764882623526,1.6715462023674141
669,1587,2144,1877,86.36780923540991,13.089177994083391,18.32738409972672,14.8728733218328,0.8780066215759926,1.4001936644158341
670,2125,693,694,39.16154050522043,7.999999999999944,13.69211197896036,10.535963741127937,0.7756482048774462,1.711513997370057
671,2028,1556,262,95.99465395532113,13.208121513356515,20.56689644345805,16.12418395889138,0.8205279418293796,1.557140159761559
672,1056,2089,1055,42.135411559260355,8.0,14.062145559087448,10.892614907891213,0.7796309911238426,1.757768194885931
673,2017,1546,533,90.45463944298322,12.045077845581623,16.458381853642873,14.811808147572174,0.9356490451324397,1.366398961022916
674,2240,460,461,29.68380637381733,7.467626586232459,10.316370867783892,8.594665818005419,0.9092035756234615,1.381479208776114
675,513,2017,535,95.56293908341618,12.377454046295288,17.479338614653447,15.285251271886182,0.926379907474298,1.4121917600562783
676,1556,2027,2026,100.47535175755878,14.432274096469591,16.284393475088006,15.29107540859709,0.9899321846336241,1.1283317768383763
677,2056,2059,1515,120.96994990193103,16.02265578906267,18.197886082855614,16.80660101823452,0.9856519401001657,1.1357596594740424
678,531,532,1750,39.26449147340554,8.0,13.154813949449625,10.333372343091604,0.8145191064586191,1.6443517436812032
679,1850,2116,1514,51.89973124753645,10.019687204547875,11.722434713153438,11.016775111071254,0.9832829213985451,1.169940186140012
680,643,1666,650,21.566270788111005,4.143623681009387,11.017464898640224,8.528051219378275,0.6044452681817694,2.658896112871999
681,2017,533,534,53.60102166935921,7.758294659912905,16.458381853642873,12.694988926807959,0.7095137955347675,2.121391694322117
682,800,809,810,56.58863051661974,8.000000000000044,16.805629282302043,12.9977618461997,0.7158008038990431,2.100703660287744
683,381,1966,380,33.759092942850245,7.999999999999904,10.522866017009383,9.04504304229926,0.9396873417244878,1.3153582521261886
684,1735,2243,950,48.093410282053235,9.0220978521232,12.527780181292789,10.829157819043226,0.9307950768811318,1.3885662056241814
685,336,1938,1764,108.80151661735022,13.925153545951968,18.20357258539781,16.138332305728095,0.9535452184906785,1.307243939919756
686,1606,1735,1736,88.3587551924912,13.273434992320185,15.713938302880813,14.394389673281632,0.9800440489446117,1.1838637332365485
687,1958,1736,1530,123.80262555280726,16.014155871985622,18.5761567815619,17.025132201338128,0.9821879048279951,1.159983512715654
688,948,2242,1650,66.23823348657115,12.077554411392805,12.564962265770633,12.373518549512381,0.9988353159355363,1.040356502465272
689,2114,1624,361,61.53490034466485,10.388110096997865,13.4506418322038,12.116368258283686,0.9573019155395208,1.2948112511910128
690,1862,1530,1736,92.10021986858797,13.564018552215494,16.48508395046686,14.756432518812344,0.9698071864996839,1.2153539813445808
691,1904,1905,1979,65.09034256323034,11.699425596333796,12.79332813089772,12.284977525355051,0.9946839179592821,1.0935005334712087
692,1873,1759,1875,91.29917639283131,13.485021493417833,17.091424511486633,14.81928664991707,0.9488236991234748,1.2674376915030592
693,277,1995,276,40.00056250668366,7.999999999999984,11.322706357843108,9.89273734905057,0.9255004750089665,1.4153382947303914
694,1453,1448,1994,87.10635366241868,12.65082415828502,16.505610436207185,14.459291184872875,0.9507862576989401,1.304706336100456
695,1926,1874,1619,88.05328610607742,12.853014607242931,15.272311113270506,14.375411448502803,0.978475862762569,1.188227943401251
696,1728,1844,1591,111.21580305551066,13.858516429587146,18.122873868071718,16.309732588429014,0.953945319213327,1.30770663368991
697,1877,2143,2077,84.16344872148017,12.689037862890945,15.609793422503047,14.09818274360233,0.9709337569501428,1.2301794344986425
698,1650,1904,1794,81.33542627398799,13.138776295164183,14.525815047630608,13.74311400426012,0.9927402554698395,1.1055683361453483
699,1129,1822,1128,23.845513280981578,6.025965808176734,9.286214903718909,7.770726903965222,0.88560739353168,1.541033454109263
700,577,1906,576,31.936487170286284,7.999999999999984,12.281637932367252,9.458720476257648,0.7892085896381121,1.5352047415459096
701,1533,1699,1910,73.54429283835655,10.6404991862605,18.00140534362925,14.164673281536606,0.8098676874008174,1.6917820328273216
702,1821,2222,2223,119.80578427039562,15.588445129213397,17.523595999402524,16.691594837983605,0.990723584871658,1.1241400828721893
703,199,2026,198,41.88914060745623,7.999999999999984,14.495149222601105,11.053618066168886,0.7482378453832936,1.8118936528251417
704,1794,946,1650,73.31806817240997,12.596801668117044,13.334569200354215,13.02338238787848,0.9977311453561049,1.0585678453685976
705,1596,1765,1924,95.10225050662292,13.347341254079364,16.328507004839423,14.96881409325052,0.9736163598954701,1.2233527782058409
706,1642,1776,1778,73.43063051671805,11.923785009942995,14.428175945250944,13.144663348329736,0.9755582986169876,1.210033217910218
707,1794,1795,943,51.67870053681145,9.732031599747033,12.268557250665884,11.070412749642697,0.9653066654407694,1.2606368079389285
708,1777,1778,1776,75.84619812124158,12.987829720546282,13.665645368897415,13.245168059746321,0.9979201471917916,1.052188522866053
709,75,1800,74,38.49728614418228,8.000000000000114,10.678481385428148,9.625663701739336,0.9456723634800713,1.3348101731784996
710,1537,904,1745,98.83826729718172,13.36897659532297,17.239232726188796,15.355219376927352,0.9579189230147868,1.2894953180051048
711,873,1930,872,32.04400136509196,7.999999999999972,12.676489565939965,9.630862586353194,0.7597848520411425,1.5845611957425012
712,1872,2141,1759,62.92268053633151,10.786977293490352,13.983737709567142,12.278717943024963,0.9529213074917877,1.2963536799142006
713,1780,1216,1217,34.80949155039718,7.393368861512135,10.16385826318911,9.208956293753078,0.9298422330417025,1.3747262518037466
714,1614,1654,1800,93.6123591515152,12.167582416874529,18.340308075289123,15.34992711371524,0.8933810369849802,1.5073091306826893
715,836,832,835,55.59532703281805,7.64894600137374,15.524561769902139,12.62523565656599,0.746937853525933,2.0296341178397586
716,1127,1822,1695,51.70489205487886,10.459934306407133,11.765744562476257,10.973679857875764,0.9889250748167075,1.1248392406508005
717,830,831,836,40.83333333333384,8.000000000000114,11.557779765273668,10.029063132232611,0.9171695669718695,1.4447224706591881
718,832,836,831,40.83333333333326,8.0,14.702199198422088,11.077202943282046,0.7234907894571101,1.837774899802761
719,580,1834,579,19.430094922835632,5.7670596424351,8.723695028385665,7.077620462577794,0.8695099407600122,1.5126764017134642
720,1793,1527,1100,103.26590580340012,14.514860717948544,18.01007429010081,15.723965336346309,0.9544673560110639,1.2408024189877491
721,837,829,830,29.66837974292472,7.4071488315139575,10.529409631424027,8.655938376321025,0.8927756558494624,1.421519922298079
722,834,835,832,83.6052386659382,11.31535577151721,16.166671026295855,14.335529522571733,0.9188204224209412,1.4287373152676544
723,1697,1696,1695,98.12848255590188,14.055489357709398,16.244177561504273,15.133985538615294,0.9859970404571857,1.1557176806935139
724,1882,1587,1881,83.1598376205176,12.036663747991653,16.801344260516466,14.292107604550196,0.9229584548100996,1.395847272324095
725,942,1795,1891,55.4912704677412,10.436951223068935,12.230233310961047,11.391091510936642,0.9835152534199997,1.1718204914025465
726,2224,1941,1887,75.78972775878503,11.955007069952416,14.093168463865448,13.330632117942498,0.9796996714288945,1.1788507009156912
727,800,801,809,65.67150066260464,7.999999999999886,20.096188890798057,14.96727272436666,0.6064161040299647,2.5120236113497927
728,1849,1925,1967,73.4131375949327,11.812326680343316,16.18395437966398,13.50342261828232,0.911423611297267,1.3700903147722296
729,798,799,810,30.539479125039865,7.580619860654917,10.832926183376983,8.825983005478157,0.8821403027404614,1.4290290744695235
730,802,803,808,86.6205806953525,8.000000000000025,22.05509458284104,17.34812950213256,0.5804162316169212,2.7568868228551215
731,1853,1846,1514,55.84286740001217,10.596419822755122,12.169170893765331,11.410469855595586,0.9873746217038564,1.148422872754893
732,1843,1966,1923,35.88343776266171,7.2354134548868885,11.310897668383353,9.542331680853408,0.8818760866960812,1.563269015503714
733,802,809,801,74.78376756885267,7.466350516448447,21.989293923556513,16.51727777693434,0.5493578898033831,2.9451194228175965
734,2142,1938,1879,81.11022948246392,12.311606602557463,15.448935009045154,13.867982441943894,0.9657372618415536,1.2548268887860647
735,810,799,800,43.0440836646366,8.000000000000114,14.187656256297009,11.006860813224703,0.7793662306153613,1.7734570320371008
736,1939,1605,1970,107.03368980974922,15.20703593254649,16.16643469786378,15.73701815215629,0.9974638609164376,1.0630891364742527
737,1995,282,274,58.71908537420066,10.384223068851476,12.695831537871843,11.764906776964215,0.9727495464650399,1.2226077438527172
738,513,536,512,53.80435159193459,7.395909853876248,17.482599960676758,13.20280495783671,0.6456962633092765,2.3638200446039788
739,513,514,2017,42.763291908033466,8.0,12.377454046295288,10.404190101400644,0.8854506623917291,1.547181755786911
740,515,516,2017,56.403184850666946,7.794142577177132,16.60825283050501,12.959966445127186,0.7154639973658671,2.1308633587403727
741,536,537,512,50.79518392136292,7.517169157493079,14.729905058957126,11.954281214886032,0.7669308779932518,1.959501608963319
742,535,536,513,68.06869930995245,8.000000000000044,17.482599960676758,14.320646191776751,0.6984830108445034,2.1853249950845828
743,1998,1518,2194,72.54340138863392,11.591922634199879,14.727676249221286,13.136216429726412,0.9617204037097498,1.2705119516386292
744,1593,1969,783,64.4476292367977,11.547001964668723,12.769111383715131,12.231048245904631,0.9931755609641387,1.1058378116489278
745,516,1546,2017,87.18556826025608,12.045077845581623,16.60825283050501,14.549088784327713,0.9354275906392298,1.378841468973756
746,511,537,538,3.689394519142297,1.3043979414790001,8.96989587823091,6.091431273236636,0.1748822524815789,6.87665595980651
747,511,512,537,51.83292339144105,8.96989587823091,13.615769428207889,11.425889338006264,0.8920830043985988,1.517940633096096
748,2028,2027,1556,90.2561477076344,13.208121513356515,16.131623085863747,14.590672898563284,0.9725318110911224,1.2213412081007042
749,2145,1879,2148,57.122581728044395,10.772067533223106,12.40668675201456,11.545303395714228,0.9863597318039912,1.151746098300069
750,1908,1821,1580,78.46259688442575,12.263927360291541,15.80212918125969,13.7355887171596,0.9490482360995554,1.2885047927162574
751,2060,1598,456,66.49865913601406,11.090596424465218,13.391758705345564,12.508433097545774,0.9751455690480719,1.2074876943321204
752,782,1969,773,78.07898043122134,11.357378968478992,20.4350315226702,15.34893089221169,0.7214859230199145,1.7992735453650985
753,555,1667,554,39.10800379082834,8.0,11.274317291769336,9.779392159339023,0.9266623875829029,1.409289661471167
754,1942,1768,862,106.15196377723264,14.281933227223053,19.080244349849373,16.13579342348488,0.9257980652019473,1.335970701324956
755,833,834,832,58.65310857526864,7.999999999999886,16.166671026295855,12.959438006167801,0.7500284012071962,2.0208338782870108
756,2223,215,216,37.54849951317277,7.536229345045809,12.138659108042615,9.886000110302847,0.8562868205297427,1.6107072319955822
757,67,1799,1755,106.12198749971091,13.056512570786579,19.113259804603704,16.233560961816014,0.9087515064407177,1.4638870602682108
758,1878,1876,1877,104.99011959442372,15.184533752991982,16.039208725227905,15.583241210914778,0.9979564783391054,1.0562858884005917
759,1619,1760,992,74.86883742807846,11.505342312215433,16.282665462312753,13.638616084860965,0.9102696828997295,1.4152265113420528
760,2030,1560,2032,96.90151730027421,14.124991563306137,17.146350811547013,15.17321354386082,0.9638587730400855,1.2139016674593812
761,1998,1068,1069,34.351060219173206,8.000000000000085,12.178353067460792,9.596520019126755,0.8307855610840987,1.5222941334325828
762,1814,2093,1551,75.7365514338197,12.455129590589836,14.664006028360536,13.335251884324329,0.9785351099770705,1.1773467246330027
763,1807,557,2092,86.71009545823208,12.775451359888221,18.081114277404932,14.818829866510635,0.8898652442289559,1.4153014064282057
764,552,1670,2091,92.11155857710762,12.616002343656572,18.309806892234484,15.204090842749565,0.8986950162395778,1.4513160661737514
765,545,551,2091,71.72227957169758,11.577729647168901,15.579940266978268,13.24313033038485,0.9290984983576067,1.3456818168826412
766,553,1667,1807,75.11712003386143,11.140435535129704,14.838403330607674,13.448052163445226,0.9451135905569508,1.3319410434014882
767,555,1807,1667,72.18309082076243,11.274317291769336,14.3653176245983,13.10054964836092,0.9615012657354864,1.2741629717202927
768,2057,2065,2064,75.25890922329584,12.657887206740739,13.668796427044988,13.202956360598279,0.996054179573848,1.0798639775969805
769,557,558,2092,33.623490983910415,8.0,13.599923962238757,10.142018901052241,0.7126947671360023,1.6999904952798446
770,2057,2062,2063,57.59443527763821,10.411066836675706,13.063409153095856,11.689545945413121,0.9650719689978422,1.2547618181718496
771,1820,1821,1909,68.77692084749711,11.304851637481775,15.563893858179455,13.047061962503184,0.915207906938133,1.3767446364865703
772,517,1546,516,56.4125728678612,7.78726790078956,15.011096377602561,12.597433318429543,0.7651593258072273,1.9276460716191064
773,1696,1099,1100,39.67626579465623,8.000000000000004,14.424401354659274,10.882335555472588,0.7299808074830657,1.8030501693324084
774,2163,1676,191,53.0853266661342,10.317603246357292,11.897632088106487,11.128481461685519,0.9866027616696951,1.153139135516481
775,1609,1798,1653,51.20577260864114,8.947808396612409,12.68726254624004,11.198651661248311,0.9236417212622037,1.4179184425812434
776,1942,1525,1947,90.63595927955805,13.362085452205475,16.68510420567336,14.698465861836135,0.9597337220208773,1.248690128898959
777,1612,1748,2097,123.53225266571269,15.405440846816209,18.31104724685464,17.01564655838637,0.9804000991531575,1.188609104337246
778,525,1704,524,42.6459989933269,7.549907939350516,12.438129065888987,10.508701828252994,0.8568155385192706,1.6474544015379058
779,321,322,320,40.833333333333485,8.0,11.432289841342035,10.010639581280858,0.921355478136597,1.4290362301677544
780,319,320,322,5.9581535631005185,1.2901935651174443,10.599628902500543,7.306541153419466,0.1923423819319886,8.21553384629978
781,1748,521,522,48.089851397170705,7.5390665248567394,13.349180793182926,11.382123154172517,0.8110110134986116,1.7706675951419055
782,1627,2146,2106,53.50281662954059,9.7223999950239,12.992616709203071,11.358694770578703,0.9446273375233231,1.336358997351778
783,518,519,1612,42.12259942742667,7.651752501645925,14.525798178575277,11.112486130307373,0.7405229601175556,1.8983622608612492
784,658,2205,657,46.62983990568849,7.531299707773349,13.338780457647031,11.172499427488868,0.8187035336602536,1.7711126864171338
785,2176,2175,2074,85.16439257252628,12.30448234091122,16.165022996618646,14.288907505061834,0.9516895629266747,1.3137507575488567
786,2079,2232,2229,80.55621715429464,12.996399902963471,14.239216928945853,13.668005632326599,0.9944395300031998,1.0956277919471369
787,519,520,1612,42.64802789592538,7.956567268930594,11.768278474086495,10.294917817906002,0.9054102962922647,1.4790647871526406
788,296,294,295,89.64748459409535,13.461407445995489,20.416842799737072,15.782880984016765,0.7967790475134866,1.5166945121931281
789,293,296,292,76.33911122569293,8.000000000000044,20.80243352710161,15.96307491558205,0.6142440255250743,2.6003041908876865
790,292,297,291,53.71169422772256,7.999999999999964,14.680683173399775,12.088866824175119,0.8018225561962153,1.8350853966749803
791,1517,2119,2116,53.82311933589016,10.49856678448671,12.389762861717,11.245591482593774,0.9776690054688834,1.1801385004308236
792,270,273,269,29.266678751272682,7.536930277329738,10.289541723512993,8.544153004780837,0.9067680201702556,1.3652165198426751
793,270,271,272,40.833333333333954,8.000000000000114,12.216037485127403,10.168526402880175,0.8865437143016153,1.5270046856409036
794,1907,13,14,43.820084732062234,7.767071341453554,14.903175769834412,11.37475515389979,0.733981968473989,1.9187638576582697
795,2018,1547,6,83.9570509803689,13.339874064938037,14.60245668479637,13.953322481642509,0.9945064706544414,1.094647266811675
796,9,12,1659,51.48476876989969,8.74200418537506,13.107857348485748,11.334104682162915,0.9009303483505889,1.4994110126845446
797,2018,7,8,42.10413369127834,7.999999999999954,11.923935260182876,10.239885416012386,0.9038761878985686,1.4904919075228682
798,12,10,11,25.897096523239817,6.6516212270986035,11.517624705460415,8.723081977519731,0.744792605228263,1.7315514988342673
799,15,1907,14,29.266546891112874,7.3616194202382,11.454018350411403,8.93854592354988,0.8130487574541451,1.5559101464716556
800,19,20,18,19.656457927312488,5.765774877611978,11.180901911712171,8.144932351847851,0.6353976518542371,1.9391846107496633
801,703,2206,702,56.672394435537065,8.000000000000114,15.238103437586068,12.53549325254969,0.7811356595762233,1.9047629296982314
802,1761,2233,1627,110.07583170990563,14.726175609265269,19.309901952141686,16.39800999046239,0.9306057086672889,1.3112638654120405
803,2233,2108,1585,97.4680701529622,14.65689455918723,15.403038496079164,15.01247935970826,0.9983364799668393,1.0509073688071418
804,4,1808,1668,67.83004990591711,10.975911641476435,13.72839176154022,12.679127400164333,0.9655441979239863,1.2507746244660487
805,16,1668,1907,82.10076582084032,10.852134512860827,16.238874526203972,14.337638223838482,0.8957975442455219,1.4963760822315038
806,1808,1907,1668,91.21634495884874,13.333078797476347,16.238874526203972,14.66774829497106,0.9726521459225455,1.2179388401482805
807,17,22,1809,106.55370610815837,14.226616816612069,16.998313434022503,15.811229928076775,0.9789971967693992,1.194824718563727
808,2148,2149,2191,48.6342159054947,9.8808524745171,11.912669903455114,10.712057707315994,0.972394593583353,1.2056317948454456
809,2,3,1668,45.31663613921728,8.0,14.012577827961913,11.114805076155987,0.807594768071531,1.751572228495239
810,1668,34,2,61.73867300410733,9.474463012033617,14.012577827961913,12.406346445488895,0.9010976976364004,1.4789838548279082
811,465,466,2177,40.02560162630971,8.0,11.728626362024723,9.970143599741101,0.908513802337781,1.4660782952530904
812,22,17,21,57.74705379690001,7.999999999999844,16.20875953359576,12.886433844800834,0.747062391930826,2.0260949416995095
813,1659,13,1547,90.16717273616499,13.038548237056228,18.65834394052444,15.179111694243387,0.8802318553811023,1.431013913611675
814,1585,2175,1626,94.12135386086683,13.483730738777277,15.83621742846491,14.83954623880711,0.982662513355622,1.1744685306509584
815,549,1811,1669,64.60295579293621,11.319473133354792,12.909011886711157,12.26976165514535,0.9879324905744679,1.1404251535941645
816,313,314,2237,41.19825690103897,7.999999999999943,12.769524012772933,10.359660010041866,0.8562581102666506,1.596190501596628
817,2228,2174,1625,90.08204106824859,13.863459485072793,15.080345406815963,14.449393086878105,0.9952293932412878,1.087776497854192
818,550,551,1811,43.78963924298558,7.999999999999984,13.34049407722357,10.764788128594859,0.838177768326069,1.6675617596529495
819,480,2232,479,28.307561035302253,7.442369244177967,9.45289986327985,8.239877518645903,0.9521947154227939,1.2701465827800313
820,1879,2147,2142,86.06904859873812,13.232574975488353,15.448935009045154,14.194051803436741,0.9823809864937141,1.167492724406423
821,312,313,311,44.5971229488268,7.803303376168984,13.109215710406161,10.808799142455806,0.8457908031734882,1.6799572025408174
822,2149,2148,1879,57.676835514621985,10.342650743975769,12.40668675201456,11.644933416210536,0.976098192756442,1.1995654749572802
823,1584,2169,2179,41.72795251670559,9.274676027652955,10.387230667530549,9.848091019147814,0.9915095499966671,1.119956172761232
824,2189,2147,2145,47.282926657982514,10.088453689044954,11.27954613333403,10.496029029614931,0.9884271145243265,1.1180649166861403
825,2170,2176,2074,80.86114998212513,12.864628782612623,14.397217177655637,13.708717085007189,0.9915486050956529,1.119131956385279
826,1555,2202,2203,91.8970624096287,13.951288205963538,14.94972145829529,14.588461980041066,0.996243407568294,1.071565667456068
827,34,1809,35,39.11152391581031,7.517169157493055,14.448134529474542,10.889580096180064,0.7134237312306998,1.9220180132667037
828,1882,2142,2144,55.52378243893673,9.903650709681306,12.459069899406833,11.47814598407309,0.9640208100245635,1.2580280004450761
829,1575,2150,1899,69.47191936584363,11.723050156354116,14.170050343374307,12.796101019603507,0.9736325798976129,1.20873408834593
830,2122,2118,2127,88.35327133477398,13.236249245082176,15.004219054387693,14.346755684607492,0.9883274358357964,1.1335703020221075
831,2072,2173,1622,69.02620341335862,11.60730182943084,13.813562220832354,12.722157375419656,0.9799856000240359,1.1900752150519116
832,480,2231,2229,67.06316845724308,11.75964975990572,13.666103069633506,12.530341468819104,0.9822040235551902,1.1621182049339427
833,27,25,26,19.78173574574019,5.670710946331945,10.79850497116627,7.968264151346766,0.6716502134839177,1.9042594611794132
834,970,2204,1562,106.92427639576286,14.799358716613732,17.545861255635497,15.862061440936614,0.9757995474647359,1.1855825371634885
835,2119,2117,2121,88.12918157721116,13.844125770433774,15.11339066983863,14.30234737493013,0.9933511894830533,1.0916825605641032
836,2189,2145,2146,54.23365519662164,10.088453689044954,13.294544760950169,11.457131657875962,0.9410797527936088,1.3177980660590936
837,2120,2122,2117,85.64832023852841,13.522434467699782,15.386437971087622,14.15048261526482,0.9840612169343169,1.1378452606178475
838,2175,2174,2074,103.64475460737424,14.593705280351745,16.165022996618646,15.513270488338867,0.9927351436613705,1.1076709229137611
839,546,1811,545,35.35690083679306,7.43285116396184,13.925934517196344,10.419429827073964,0.7055718264837435,1.873565635851314
840,2059,2063,1600,78.26700061394945,11.651005506183505,15.632692000090584,13.736072931321488,0.9446541325198404,1.341746168757185
841,547,1669,1811,63.87665391016923,11.249399353648117,12.768133954886194,12.199444417968138,0.9881649908555926,1.135005839289149
842,2092,1670,1807,117.61868756665999,14.151023963789942,18.081114277404932,16.761364766389622,0.9552604637596487,1.277724800952314
843,2187,699,2183,73.43736058961494,12.521650114991044,13.798603034022841,13.057640907608397,0.9929831500896343,1.1019796039104317
844,2237,315,2235,72.14015906765235,12.1226866296463,13.389597779799612,12.945178545193242,0.9921623803642116,1.104507456874704
845,543,2091,1670,75.2340568525479,12.616002343656572,14.194882245567822,13.237379494102507,0.9888755316006124,1.1251489860974164
846,2235,315,316,44.32606099028453,8.0,12.1226866296463,10.54184825599238,0.8946171774886651,1.5153358287057874
847,2237,2235,310,72.76045139515148,12.404203415730734,13.389597779799612,12.982723407709008,0.9958832652589464,1.0794403583239551
848,1371,1372,2162,36.93683981834047,8.000000000000014,14.277061497955408,10.650852762284387,0.7079986968331655,1.784632687244423
849,309,2235,2234,97.5519907037561,13.780899378059443,16.18504560788354,15.106052793998678,0.9829842643776354,1.1744549585531214
850,2028,2029,2027,73.14724575876525,10.837922392467744,16.131623085863747,13.538670311985227,0.8986783917396194,1.488442387913303
851,2148,2146,2145,54.206645084323036,10.772067533223106,11.906147602346746,11.222203886400871,0.9921170684386549,1.105279702863533
852,989,2122,990,45.502189980161106,7.517169157493089,13.370919690997077,11.044480431495414,0.8183212307516202,1.7787174148753842
853,1877,1876,1587,119.23640116694276,15.792328706667165,18.32738409972672,16.719640510540597,0.9804724801722371,1.1605244824969552
854,551,545,1811,87.09595688249932,13.34049407722357,15.579940266978268,14.282122953799394,0.9817509842467878,1.1678683095836861
855,2033,1417,1418,33.40135525159991,8.0,13.242125035261619,9.965821069247967,0.7363486638797831,1.6552656294077024
856,1369,2095,1368,34.31612512314184,8.000000000000014,14.422681536333757,10.574665926306908,0.6631251637312838,1.8028351920417165
857,34,35,36,25.28124754517895,6.726335613541997,10.109625040668925,8.11770993723466,0.8587816550628072,1.5029914683881398
858,34,1668,1809,88.31553337531318,13.731998496471158,14.717290351682246,14.299141125875982,0.9966655876807724,1.0717515265869195
859,23,24,29,58.441996293021674,7.455991615165579,18.17275197807569,13.800369521651694,0.6380283351556861,2.4373353560527202
860,2117,2119,2120,78.72704031885347,13.095952973748535,13.844125770433774,13.494218050396455,0.9979358064762918,1.0571300766110712
861,24,28,29,57.74705379690133,8.000000000000025,15.772364971713815,12.767630309392468,0.7636581663380103,1.9715456214642206
862,1810,29,30,46.36242888421264,7.397912951115267,13.394734550264298,11.202845058526199,0.8062559124794143,1.8106099164420397
863,1810,1809,22,99.21719785537398,12.842758669120885,16.998313434022503,15.443280036170327,0.9471426579897352,1.323571817548299
864,36,30,31,42.65794257120888,8.0,11.924720855491735,10.305674808363795,0.9037188083417869,1.4905901069364669
865,34,1,33,11.696128697652512,2.924032174413128,8.517626673962834,6.480552949458654,0.5584644842100324,2.9129729653786645
866,37,38,34,27.807973669202624,5.884661842305583,11.432289841342014,8.927937420771427,0.7556809011662606,1.9427267271593802
867,1,34,38,8.55092509924873,2.1377312748121824,9.466860578666685,6.707406175813901,0.35529616188921287,4.428461467636257
868,0,37,31,36.99235947042685,8.138056139365528,11.432289841341989,9.580416470095782,0.911966571707522,1.4047936811398418
869,32,0,31,5.970537969014117,1.4926344922535293,8.138056139365528,5.876896877206352,0.31229334153431054,5.452142625405209
870,33,2,34,20.30387130234749,5.075967825586872,9.474463012033617,7.51681027920683,0.7835383643536165,1.8665333070621268
871,27,28,24,49.86485622638221,7.442950021904418,14.530525956463565,11.831992786842916,0.7687587724639116,1.9522535975252537
872,44,45,1993,37.10341806439541,7.999999999999944,13.031571581877317,10.126277031471433,0.8003285445775574,1.628946447734676
873,301,302,2238,39.48862728333267,8.000000000000114,15.22804614309368,11.244750785510915,0.6734011968294737,1.903505767886683
874,2207,2206,703,78.26842120737098,12.27920904534092,15.238103437586068,13.619294409452579,0.9666813732204753,1.2409678328074263
875,48,1993,47,43.019716133027536,8.000000000000025,11.939086796414232,10.352193394977425,0.9027955640460499,1.4923858495517743
876,465,2179,464,32.11274899407999,8.0,9.60216399745151,8.694178158182716,0.9752997146284963,1.2002704996814388
877,1993,45,46,37.10341806439592,8.000000000000044,11.529122381857023,9.625460631464703,0.9042114806240573,1.44114029773212
878,1384,2003,1535,94.3497507838656,10.255249271724551,19.168420131401284,16.153641229367718,0.7828288619086098,1.8691325411515687
879,2034,2036,1560,104.32808929629459,13.55984424008137,17.491448044343777,15.769283572062589,0.958507106999014,1.2899446140126765
880,46,47,1993,32.13376054734852,5.658347319667405,11.939086796414232,9.708852165979552,0.7240460962099445,2.1099953965208353
881,844,2067,843,24.27611113732364,7.08663146075559,12.143092231462335,8.894924869710714,0.6641183010153026,1.7135210570365424
882,1993,49,41,86.48869682708983,12.74224790388423,15.253049693591505,14.250842695757536,0.9778311479487436,1.1970454356755926
883,44,1993,43,74.44109951581355,11.783459086637166,15.279713149818855,13.364914606111114,0.9513072903934726,1.296708635170343
884,42,1993,41,45.42772181241526,8.0,12.74224790388423,10.771503445256085,0.8735722772634416,1.5927809879855288
885,40,50,39,22.62741699796925,5.723081012030385,9.102939947921861,7.608673653317415,0.8727859470364451,1.590566327610379
886,40,41,49,45.2548339959385,8.0,14.757230489796871,11.38889511796161,0.7610960948663333,1.844653811224609
887,51,39,50,13.544546851982512,4.788720463567927,7.999999999999944,6.170600491866085,0.7840496408749282,1.6705923974604675
888,176,1973,175,26.336372556767756,7.414770106782762,8.1995020528752,7.818497922562979,0.9932950716440831,1.105833617872332
889,50,40,49,36.17196384995192,7.999999999999984,11.409454864087955,9.504131604003268,0.9045894534376898,1.4261818580109973
890,1418,1419,2033,33.13190920678423,7.824363448479889,10.400731547781144,8.960144389581105,0.9395599332064606,1.3292751054147145
891,24,25,27,43.19035593728847,8.000000000000025,13.522502382160763,10.773669117775688,0.8232730005132662,1.69031279777009
892,1408,2032,2036,81.2925684215645,12.75091844941524,16.45032344010963,14.056052224450063,0.9365940895896692,1.2901285115554988
893,296,293,294,77.1926114073241,7.6324907023877975,20.80243352710161,16.283922343075492,0.5890949553959892,2.7255104969330186
894,1970,1605,2171,98.46759554756657,14.57587290117101,15.500367782625192,15.094425538780897,0.9974152420773935,1.0634263819204892
895,1461,1661,1460,36.45093252557717,8.0,10.032061361664185,9.302390856787918,0.9633025432217345,1.2540076702080232
896,1661,1463,1458,86.77706237452605,11.393621245265766,17.303693649120717,14.753078571983169,0.8954482148873444,1.518717647061568
897,1673,1672,1709,112.29210989015573,15.023141945486005,17.522731425294268,16.203506266611356,0.9837747068610462,1.1663826041768388
898,966,969,965,29.266678751272565,7.536930277329761,10.289541723512965,8.544153004780815,0.9067680201702565,1.3652165198426673
899,1591,1512,1728,142.49576452708612,17.5580809005619,18.805570285324045,18.162175017985888,0.9968349138192439,1.071049301562463
900,967,968,966,40.83333333333326,8.0,12.21603748512738,10.168526402880115,0.8865437143016093,1.5270046856409225
901,474,1878,1937,71.78430062312441,12.173381038842344,14.046187410606091,12.952792280739232,0.9843835435709409,1.15384438931042
902,1617,1756,1757,102.73521754989203,14.291291747057558,18.524993073489203,15.809489124942766,0.9353926713313402,1.2962434328095864
903,1897,1721,1575,91.48697488285256,13.815023724883451,15.52857599774484,14.588643855108936,0.9903829687762793,1.124035420205248
904,860,861,1768,47.93998273049262,8.000000000000094,13.75061323331914,11.26718981829945,0.8338786059413128,1.7188266541648722
905,1707,1706,597,78.70994719789351,12.641552067714116,14.617550924283824,13.55760579006504,0.9853799787752253,1.1563098301526051
906,626,627,1753,40.6197942979438,7.960599126020664,10.986857481227723,9.956381292970741,0.9276673065554806,1.380154597323609
907,1591,1844,623,58.88069288825285,9.681039127432758,13.858516429587146,12.025999704508138,0.9208653143260367,1.431511250720684
908,1823,1822,1129,42.8377673152916,9.286214903718909,11.410526843481122,10.091555408937227,0.9630665888591367,1.2287597219951778
909,1720,1575,1721,66.72006754972509,10.938822553551688,13.815023724883451,12.580170232518702,0.9646970392019136,1.2629351703303662
910,1683,203,204,45.0744031572972,7.421137318324517,13.593554706102628,11.077932041300924,0.8024488734519261,1.8317346955077862
911,2059,1600,1783,102.0258997259151,14.303591826356666,16.312321468281173,15.416201764909474,0.9885192888706825,1.140435330252021
912,1550,1706,1707,97.40049898267169,14.425838121571557,16.13375677906171,15.059048608305696,0.9893483134368912,1.1183930280581917
913,625,1753,1869,54.7251074892339,10.75532294248332,12.38183913208716,11.321979888044359,0.9816111800627261,1.151228949451544
914,1751,627,628,30.01821249965719,7.648946001373684,11.553702368184217,9.031774372827988,0.8178588111742121,1.5104960037774189
915,2180,1585,1626,71.31079744615428,11.508434193386087,15.83621742846491,13.28223134607125,0.9157134336560065,1.3760531765099726
916,1607,1739,1532,92.0537972707973,12.896366387807843,15.820623914714853,14.744308857513573,0.9702058419792351,1.226750500022362
917,1898,1894,1955,119.38557526438683,15.653115590747953,18.97456779114667,16.831559675237088,0.9653504602992792,1.2121911245810972
918,560,561,1751,46.282372426708314,8.000000000000064,14.750220691282498,11.459216365198962,0.7693852278618096,1.8437775864102977
919,1790,564,1789,81.68139697401047,11.296336751109939,16.515570075517534,14.216536160023423,0.9119728811791135,1.4620288363743026
920,2176,1584,2177,55.92366412307961,10.434478508028826,12.04328296554829,11.427363465071025,0.9852243817350511,1.1541815871566141
921,565,566,1789,53.89302159744697,7.771553921784269,16.410251610603414,12.69570261432777,0.7138537543881822,2.1115791997021605
922,1637,1886,1885,82.58867164076327,13.19365488173104,14.206063394802433,13.832232440719679,0.9957910850295623,1.0767345001932143
923,564,565,1789,63.87277780938939,8.0,16.515570075517534,13.641940562040316,0.7301641489337442,2.0644462594396917
924,1902,1613,1751,56.19264528325134,10.831141234937835,11.994393090740452,11.421387483959057,0.9930941688364557,1.1073988262705259
925,1788,1789,570,73.62002829281471,9.872383379447145,18.076841091674385,14.289161257152271,0.7885929687463321,1.8310513679308402
926,1790,562,563,31.202090407898375,7.802388408845355,11.052027224472928,8.951471877772741,0.8751130423339011,1.4164928282657072
927,1787,571,1791,58.46367291057831,10.028624531809946,14.11147120969667,11.994466735888759,0.920625224148967,1.4071193078309274
928,2003,2002,1376,98.7592735899296,13.43851823383985,17.280116531028668,15.349072734701409,0.9580804279239273,1.2858647233528469
929,931,932,1541,51.529051411163735,7.413908877721509,14.421921403905834,12.062653685129154,0.7612969326401967,1.945252044740274
930,1902,1751,561,63.21327334972767,11.62742840431432,12.700717427249854,12.107512974101544,0.9945128615000348,1.0923066550585934
931,570,1789,569,53.08820577769738,7.999999999999984,18.076841091674385,13.33992359602644,0.6285373175206918,2.2596051364593026
932,716,2192,715,28.164396845413965,7.112198357594527,9.92638631643756,8.346194891343997,0.9155961895591481,1.3956846838837103
933,2020,2021,499,53.57203568863689,9.27411444426563,14.653289535021328,11.827787805388553,0.8546743062655423,1.5800203483667112
934,533,1546,1750,88.70702595286923,12.198805491628931,15.931964743492028,14.583082734846718,0.9505163423565803,1.3060266232152702
935,1758,1436,1437,40.36465647082039,8.00000000000008,10.982842709184391,9.906326767527084,0.9325315589962652,1.372855338648035
936,568,569,1789,39.393448567112365,7.391086232106753,13.942929696404947,10.704205443867773,0.7473085867506086,1.8864520394630355
937,566,567,1789,36.86750508892965,8.0,13.905302310595625,10.477505837428163,0.7337174168089854,1.738162788824453
938,613,1791,1656,72.99640789946514,12.097259908536035,14.094787847517088,13.06189105779341,0.9842225638727001,1.1651223462241695
939,1606,1958,1905,94.94894665096736,13.103205390616697,16.061744021254565,14.973201054719675,0.9704120968727583,1.225787396476018
940,1871,58,59,44.494740047337004,8.0,13.582663594334155,10.902749615955422,0.8280838014681179,1.6978329492917694
941,1787,1791,1648,82.32364022586222,12.06323975651846,16.06794531414123,14.080885426785452,0.9461222879169293,1.3319759565798897
942,559,539,2092,26.84961829151377,5.5372473620187534,10.259270224114086,8.579504898822998,0.792392048583203,1.8527744117925393
943,908,1744,907,28.718457830747262,7.44884525612234,9.794359174415739,8.36061313879208,0.9347377576073536,1.3148828895815199
944,1708,1550,1832,94.43232469949004,13.592240817361317,16.380835436887928,14.904146901312481,0.9760068683571892,1.20516077201669
945,539,540,2092,37.295362877572714,7.601136192730431,10.84138290391402,9.567263106919514,0.920960958415352,1.4262845223431853
946,1719,1575,1720,84.49754470994135,12.986664419120967,14.606864965896042,14.024634012133424,0.9893881388233992,1.1247587905936467
947,621,1729,620,56.0121980551399,7.770419956908107,18.863644338510554,13.901942715445365,0.6031694596400646,2.42762224475915
948,1670,2092,541,92.77598226938666,14.151023963789942,15.159489971592109,14.654900510411329,0.9968425125587507,1.0712645254776374
949,1747,1745,1539,96.07496305001024,13.211492169052702,16.751004509929942,15.103403940718927,0.963710066387591,1.2679116253929574
950,1636,1777,1600,99.6502126791563,14.527910534150642,15.679166434639384,15.193054086498721,0.995959988927085,1.0792444238820507
951,1550,1708,1706,111.63586289182268,14.425838121571557,17.93419053681674,16.24695469842541,0.9691308219391787,1.2431992086476416
952,422,423,1838,30.01397773506494,7.664484550697024,9.886446410927883,8.516976987208324,0.9431111260709918,1.2899036256820153
953,543,544,2091,39.865025530227655,7.999999999999944,14.194882245567822,10.79386722729486,0.7479555206857217,1.7743602806959902
954,1908,1580,2051,72.4710309393212,12.263927360291541,13.631561000609961,12.973011834157669,0.9926021121520023,1.1115167760000422
955,2091,544,545,39.86502553022814,8.000000000000025,11.577729647168901,9.92148302782858,0.9151127635442756,1.4472162058961082
956,2057,2058,2062,63.594331978001684,10.43844148994488,13.46390652267117,12.321919055237302,0.9559634183619443,1.2898387690960047
957,1565,1875,1874,75.20012468630333,11.75303596662664,14.518013715190062,13.324148490769078,0.9708683152338758,1.235256469597704
958,1670,542,543,50.84506842969995,8.000000000000064,13.969530635534708,11.623594842872635,0.8277094221111546,1.7461913294418245
959,857,1940,856,26.330576957498664,6.6425843886882365,11.062075703968883,8.568220030885726,0.7914480489873682,1.665327086067084
960,1867,1968,1742,67.56067113423705,11.143122413485953,15.04282885191863,12.83909460381907,0.9314579695072192,1.349965323338193
961,16,1907,15,21.319012465690996,6.069852412447152,10.852134512860827,8.094535448515392,0.7073690174562245,1.787874527329014
962,2025,2023,505,47.683992549420125,8.605144368180467,12.031488742698631,10.79761170939893,0.9253554155096746,1.3981739559405737
963,502,500,501,19.666863250427905,5.806216096198468,11.29466459876139,8.202160217351945,0.6261316292555229,1.94527113900504
964,1759,1874,1875,81.33006987477262,12.864926688536848,14.518013715190062,13.754784782857884,0.9903308874339068,1.1284956429737123
965,1597,1765,1884,98.5105165842347,13.446715883624673,16.27112996589454,15.231643011132485,0.9738451272775895,1.2100448991942652
966,1942,1941,1768,84.23677026045868,12.661583006528716,15.045202693382214,14.052797154873758,0.9799952993927555,1.1882560565787412
967,621,622,1844,37.13242346963038,7.424883350079802,13.558455705125603,10.377929700060823,0.7522421231504316,1.8260833289697243
968,1728,1729,1844,109.840076159722,14.551217571599178,16.94780746762818,16.02581032323968,0.9834387133286628,1.1647002997678095
969,868,1694,867,44.49731191164439,8.000000000000083,12.311319993657838,10.588238599263939,0.8890769140646856,1.5389149992072138
970,1006,1007,2208,42.79744269534077,8.000000000000114,12.696467300109807,10.486337754805923,0.8694456580266285,1.5870584125137033
971,617,1728,2101,65.2880947958043,9.78905579645279,14.847376771623706,12.790024541434084,0.8959087419451579,1.5167322651285606
972,1707,597,598,43.75110826680982,8.000000000000064,12.641552067714116,10.568278797146403,0.8755404549302533,1.5801940084642518
973,584,1705,583,26.410595865621364,7.800490048241552,13.831333330493432,9.877274459578324,0.5787632210863124,1.7731364625753738
974,2101,1648,616,74.70731628185726,12.570771440770388,13.770470857493835,13.16254020341237,0.994447492154632,1.0954356240089211
975,618,1729,1728,110.31166063599927,14.396779980536232,17.32040199250727,16.098529301178395,0.9771827443220733,1.203074716424342
976,2150,434,435,37.01185733767667,8.0,11.845677926672657,9.706108771918798,0.8833063044980313,1.4807097408340821
977,939,1798,1638,53.01891325805724,9.770781423429437,13.282988222616622,11.369956842835071,0.9319600116985093,1.3594601748807147
978,1557,1755,1799,90.85619332570441,13.056512570786579,15.893543369388365,14.623838750469405,0.9748236614575795,1.2172885587342464
979,2024,509,486,58.184203050423385,9.508323073084787,14.928473555043336,12.237654027000842,0.8688286892228861,1.570042734170589
980,1776,1600,1777,85.5520511488912,13.665645368897415,14.527910534150642,14.069591667302431,0.9974514905800401,1.063097288271194
981,508,509,2024,44.567454936286595,8.0,12.276165452874398,10.591927289176423,0.889973958711563,1.5345206816092998
982,915,1746,914,33.66345295562907,8.000000000000057,10.540989907875415,9.03921131909627,0.9378937239090517,1.3176237384844176
983,509,510,485,35.159812842322935,8.0,12.882901908376876,9.928852438650228,0.7877085373251971,1.6103627385471095
984,1595,1730,1731,80.67307927461758,13.14969803849414,14.177513521053633,13.668753010244457,0.9962331979855237,1.0781626680362308
985,1014,1718,1013,35.73011327158591,8.000000000000057,12.031072129675499,9.65459968798776,0.8579234170030072,1.5038840162094267
986,688,1760,2141,69.67909999902076,10.85860089526947,14.040020765290103,12.910996804040579,0.953259872132936,1.292986168356792
987,2025,508,2024,63.18922954250595,11.499616414654872,12.547489388450703,12.103879680857332,0.9947475075916049,1.0911224284368688
988,1648,1512,1787,121.86084174439878,16.06794531414123,18.204016481940283,16.86155898634651,0.9866851888271525,1.1329399077503157
989,1875,1618,1934,52.36418317638252,9.325838322490615,12.529147541895645,11.233596304961788,0.9440915755572159,1.3434875352363533
990,1648,614,615,41.88229601575341,8.000000000000025,11.680873723971187,10.17503852323621,0.9123654280928074,1.460109215496394
991,485,510,484,11.547933991530789,4.4308710430283,8.90365540757381,6.415185061544446,0.5977411570036967,2.009459386452503
992,572,1656,571,41.444850069978884,6.582726059167005,13.959184928542303,11.048753173132488,0.7231597682116042,2.120578131776113
993,1708,590,591,46.64534169891158,8.0,12.857598288500656,10.933944265630691,0.868772979132122,1.607199786062582
994,991,1619,992,41.83864844405648,7.82436344847983,11.505342312215433,10.202649819608132,0.9035959333388921,1.4704509047890366
995,1559,1757,1429,126.94885422765503,15.52549036508591,19.737211240954895,17.405825672360095,0.958025412538848,1.2712778003676073
996,701,1571,2184,68.20874304111858,11.153830614326782,18.231517126805368,13.947586701601983,0.7721845542109969,1.6345520886239295
997,573,1656,572,63.06352181366527,11.313989632181277,12.604348531688156,12.106451270987426,0.9915030928600133,1.1140498569873716
998,586,1549,585,39.77099684402872,7.423518601996014,12.71463436140703,10.289541718039706,0.8301604938517111,1.7127503873955885
999,2078,1762,2076,102.51492616332284,14.785761766525278,15.952939866733136,15.408849034644843,0.9961511910428276,1.0789393281616595
1000,1549,1705,584,81.89476965285036,12.767951549224026,14.90869866838698,13.835994516034814,0.9840233679096461,1.1676656675042802
1001,1429,1757,1428,61.650943206205504,8.0,16.587860762223432,13.371117042436447,0.7361802035306512,2.073482595277929
1002,1962,1837,1563,118.52051270074804,15.478332399274953,17.79983784767437,16.62614927368489,0.9869612383089871,1.1499842094428832
1003,584,585,1549,49.37068152991697,7.765970453725627,14.90869866838698,11.796434494506547,0.7699643096017895,1.9197470241770904
1004,452,2085,451,35.83010396195722,7.500656265907607,10.43721846505063,9.348356227772415,0.9285115086980806,1.391507368827238
1005,1549,586,587,41.63830888903163,7.999999999999944,11.724762903996613,10.151745031570876,0.9111393919970426,1.4655953629995868
1006,576,1906,575,30.785827040719752,7.8103043939885906,9.890984984732821,8.598604291709039,0.9506882188877588,1.2664019845815078
1007,491,1552,490,63.58771757688965,7.999999999999886,16.985638203752075,13.669993613452867,0.7230507199070215,2.1232047754690395
1008,1802,574,1906,50.17616879996555,9.135368204802372,12.25663133298333,10.994367140944362,0.944562367020511,1.3416680158047862
1009,1409,2032,1408,36.53747024659323,7.650524275297917,12.75091844941524,9.995406941190305,0.8087911343435324,1.6666725038159178
1010,1906,577,610,68.26658610266963,11.532497814900104,14.438532462077593,12.750889403114982,0.9607084193753983,1.2519865768734733
1011,1705,582,583,26.410595865621364,7.641302787235428,7.999999999999984,7.813930945158988,0.9985855614727123,1.0469418923385354
1012,1514,1846,1848,67.41982817470148,12.169170893765331,13.135126590578126,12.50284376675623,0.994749758043895,1.0793772809376592
1013,2010,1541,932,73.15094669570038,12.392675056995595,14.421921403905834,13.104903403720465,0.978721629909112,1.1637456269592692
1014,581,582,1705,21.958970099544118,5.7606672462040045,9.25270440346793,7.551558145635788,0.8586178480329678,1.6061862294797544
1015,589,1708,1832,79.46292725402073,11.26476378700367,15.748385384998693,13.917504540563522,0.9297142273540725,1.3980218034547556
1016,507,2025,506,29.73811093362861,7.6592330993215105,9.432376650228111,8.397243850685056,0.9661710277956358,1.2315040589460156
1017,1705,1549,1834,71.53384932634289,11.523410591449782,15.071072546659765,13.120811562444525,0.9477083331768412,1.3078656207774373
1018,1379,1536,1378,47.35077410318207,7.4078734577358665,13.760939435355608,11.386890755398776,0.794269216787851,1.8576099489098838
1019,1656,574,1802,59.963883670046954,10.881648875749201,13.214807244910459,11.895852668569013,0.9720327060804548,1.2144122086461477
1020,818,819,1671,41.58064966253871,8.000000000000064,13.863010289731982,10.77467356769474,0.7879287402164312,1.732876286216484
1021,1626,2178,467,70.18715686098344,12.237634054137668,13.934460486927533,12.8104918451982,0.9839132554445168,1.1386564122838883
1022,136,1590,1785,82.16541236877342,11.601154210611455,19.11635723512546,14.978785133251023,0.8106818141696945,1.647797873218505
1023,819,812,1671,72.5536481765143,11.615455346556335,13.863010289731982,13.057035190231877,0.9768285038200122,1.193496929402943
1024,811,812,819,33.44516117774253,7.424883350079796,11.615455346556335,9.349918982330207,0.8543513363812429,1.5643956677691782
1025,1854,2116,2119,72.81210724301687,10.848444801577608,15.846668543909681,13.445401564586797,0.9091199938042867,1.4607318222797445
1026,1671,812,813,39.58416011667543,8.000000000000114,13.692639934407318,10.565434384518227,0.7800825072072287,1.7115799918008903
1027,652,2041,2040,84.45915753509748,13.14468567105984,15.11900416594772,14.039642956843023,0.9862059491602452,1.1501989887239878
1028,1877,1628,1878,102.07851936071808,14.394574131941662,16.321973064276996,15.414176116914367,0.9895812512293098,1.1338976002116257
1029,2213,1634,2102,101.43962853048886,15.02873337572614,15.562910287576683,15.310396356444292,0.9991835082597422,1.0355437080754473
1030,1430,1559,1429,51.75105452743758,8.0,19.737211240954895,14.13416629592102,0.5362349951609878,2.467151405119362
1031,591,592,1708,46.18417441434324,7.778196777381998,12.857598288500656,10.949365466309843,0.853356734474976,1.6530307289073616
1032,2010,2011,1540,73.46110414595039,12.484167898763218,13.373943568607977,13.04270800866518,0.996365402422028,1.0712723248405613
1033,1749,517,1612,100.30645132634669,13.347517031466323,16.971653415625795,15.437271313296998,0.9625817554769031,1.2715213905039935
1034,593,594,1708,42.70157457953428,8.0,14.674795283568638,11.182948379260296,0.7440875810888294,1.8343494104460798
1035,816,817,1671,44.246242461082765,7.758294659912831,12.090135308216354,10.618359107929226,0.8745439160114564,1.558349590753001
1036,1912,1832,1833,51.830290590297466,10.886126659672682,10.998201768194166,10.940896765148068,0.9999299127867498,1.0102952236387863
1037,1544,2016,1023,111.81262031125853,14.258727886038177,21.369975146842883,17.10473416098745,0.8550129169259357,1.4987294320812363
1038,178,1555,1974,71.24954728200314,12.32749637152011,13.19333037807316,12.84332673738472,0.9966929835146702,1.0702359976802234
1039,1539,1743,1611,82.48574753795934,12.413672511420787,15.309417784491496,13.952452470017802,0.9714800194678512,1.2332706352939933
1040,814,815,1671,41.896770873358776,7.676514615012849,11.669895350057592,10.274807376188031,0.8880537748845898,1.5202075336683325
1041,590,1708,589,46.645341698911245,7.999999999999943,15.748385384998693,11.89753996446335,0.710765768996288,1.9685481731248506
1042,1562,986,970,91.0530936178429,13.567865057255474,17.545861255635497,14.90856656863554,0.9314919750378833,1.293192494293918
1043,1620,2070,1202,101.70057965099892,13.556652765233588,17.443650778886486,15.570274866926617,0.958793546394887,1.2867225472958348
1044,1615,1616,1557,99.14862987216904,15.020078337508336,15.33290235377701,15.133879029559873,0.9996495015490516,1.0208270562402784
1045,592,593,1708,42.70157457953428,8.0,12.212301333046877,10.36211706241971,0.892752994796529,1.5265376666308597
1046,814,1671,813,38.583971925689866,7.859273561601871,11.478012163493652,9.78031631474759,0.9105250142966479,1.4604418682627218
1047,1802,612,1656,54.50062047500385,10.01698394423608,14.782400948485588,11.893677922823622,0.863520700204081,1.4757337169329896
1048,1648,615,616,40.89119315585913,7.571921554268979,13.770470857493835,10.728878085833413,0.7771134576975105,1.8186230217520112
1049,609,578,608,57.7470537969012,7.999999999999944,16.615877602139193,13.018136688072284,0.7293356055527089,2.0769847002674138
1050,578,579,608,50.216582249607534,6.079587534436777,17.068863168224762,13.254776101600243,0.5756347525297781,2.8075692753071038
1051,1802,1906,611,43.07205957754523,9.135368204802372,11.892872052182485,10.215059370696524,0.9402331010182349,1.3018492287952357
1052,2088,838,839,28.041926051778685,7.010642764084505,10.6013360225824,8.537326262222303,0.8614098167891526,1.5121774677912563
1053,1767,1782,1635,81.82413213549033,13.513794459778437,13.978921160744676,13.750378603588741,0.9992371470556421,1.0344186603067416
1054,607,1813,1812,73.30662687449667,11.343273180722056,15.1250132749958,13.28525119202002,0.9463777217947358,1.3333905508597665
1055,127,128,1647,52.779042101395994,8.000000000000064,15.356979061024212,12.184170875669757,0.7715097674954482,1.9196223826280112
1056,1659,1547,2018,83.93578718711709,13.038548237056228,14.60245668479637,13.96967742023819,0.9909887786754327,1.1199449830844999
1057,605,1551,1712,59.86122937598188,10.941442754496643,14.094168202176109,12.0565234082227,0.9376137829379019,1.288145313046927
1058,956,1693,1825,37.19444038612936,8.284468844206286,9.953457798595604,9.35459676521864,0.9751724982551341,1.2014599832259034
1059,602,1711,601,37.49446218215475,7.672621739681788,13.977952758606103,10.56527347048082,0.7314162638669893,1.8217961516744627
1060,1005,1682,1004,35.36502046849477,7.999999999999944,10.158198051378404,9.164628887933404,0.9633251898179455,1.2697747564223094
1061,866,1694,1526,107.52089749476889,14.104543273432034,19.149019447001603,16.235485766870212,0.9260476178205383,1.3576490266843009
1062,1804,1660,2088,66.8872435042867,11.522079771604425,13.94182662330233,12.560440422773231,0.9727335979415164,1.2100095555371215
1063,1908,254,1821,77.6749902217996,12.516152207030943,14.876536157648939,13.511132658202483,0.9773074198521996,1.1885870283114686
1064,600,1673,599,60.25842544494799,8.000000000000025,15.949365283931327,13.088340206176275,0.7550075894465056,1.9936706604914096
1065,219,1684,1820,70.41411664579702,12.01348099866306,13.863437117956138,12.824722706292357,0.985125458431849,1.153990015008885
1066,1673,2093,1814,81.40851756384617,11.123015455618539,17.868387577170818,14.551803020383298,0.857121225406708,1.6064337632602144
1067,1623,419,420,42.72182975584083,7.584604166006748,16.130975715996797,11.885676865213966,0.6429815369152068,2.1268052179036347
1068,1833,1709,1710,76.14115681749412,12.289567458623626,15.967474778291214,13.61510894807992,0.9345616879829526,1.2992706889034398
1069,1706,595,596,32.373781861576795,7.5476969275603345,10.561183837629793,8.932936291482141,0.9191502837850228,1.3992591301680044
1070,1752,1512,1591,140.0607927840119,16.488075935423353,18.96364936301852,18.08576519458864,0.985020717970284,1.1501432573024841
1071,597,1706,596,42.23048231192167,7.999999999999984,13.413714378197175,10.65829940527565,0.8230916211370944,1.6767142972746503
1072,599,1707,598,43.751108266809574,8.000000000000025,14.593960441718181,11.21908158848108,0.7589679355406754,1.8242450552147669
1073,2093,601,1551,65.07451526717573,10.638666390231096,17.834611600950172,13.642802527257034,0.7688627519414194,1.6763954190091643
1074,1399,1400,1561,54.243140608279006,7.787267900789604,15.641681441917484,12.458845161519294,0.7518572540664158,2.0086224900945644
1075,1919,1965,2154,89.32619235277173,14.218673092233411,14.466842707884034,14.363959134742588,0.999784423336207,1.0174537816602718
1076,991,990,1852,27.595369612671128,6.726335613542134,10.10313301024146,8.358889904991512,0.8878627036122638,1.5020263023897915
1077,1711,602,603,31.59378446558719,7.400259483129842,10.045245913154572,8.746870833087268,0.9393345240410371,1.3574180656846464
1078,1712,1711,604,47.02124392737751,8.720282026598879,12.11538011891882,10.694857399645985,0.9324743948868419,1.3893335194852765
1079,792,2151,1915,54.761009174711674,11.015564254200608,11.425523340479133,11.249596043209955,0.9990679900022237,1.0372163492326045
1080,169,1913,168,57.60278806757548,7.999999999999944,15.129244255219856,12.639037047159434,0.7801080821193656,1.8911555319024953
1081,266,267,265,55.39003119294598,8.0,16.395055400157787,12.754790947855293,0.7307419764731876,2.0493819250197234
1082,1895,436,437,42.376234847756315,7.4375471836271005,13.214259824256095,10.690490615665261,0.8147558343682338,1.7766959318719697
1083,900,901,2006,47.88082039996937,8.000000000000064,13.795443657627395,11.27334215583032,0.8315969293376643,1.7244304572034106
1084,594,595,1706,34.74584066036732,8.0,11.64419054075755,9.444706216671284,0.8750435278330706,1.4555238175946938
1085,1708,594,1706,85.12343957695572,11.64419054075755,17.93419053681674,14.751058787047645,0.8768615203027166,1.5401835339298708
1086,381,1725,1923,33.42895922710103,7.658055298343479,10.271204158834808,8.981410713596384,0.9437252917537309,1.341228779198889
1087,346,1761,345,48.440438602292105,7.999999999999904,13.273557300737751,11.217485200899153,0.853035966911642,1.659194662592239
1088,1636,355,356,50.66510131406367,7.400117311607585,14.327723906169211,11.928660359452662,0.7669564887852727,1.9361482126364682
1089,2062,2058,354,61.27715300722933,10.43844148994488,12.857560016422601,12.04514925655702,0.966778072958041,1.2317509303288239
1090,2128,695,696,40.75561034886911,7.401952490109975,11.766849576070666,10.217366265021042,0.868505710199684,1.589695366431059
1091,1996,1518,1998,70.87705353158164,11.591922634199879,13.641447845954167,12.887032159200395,0.9805997775849892,1.1768063225083587
1092,1553,2019,2020,79.18263930208114,12.70641459812713,15.940885173350203,13.804783656370311,0.9482009692603913,1.2545541506019975
1093,2056,2061,1599,52.65422585041069,9.928039297088548,13.275852997602048,11.329278602053664,0.9327333651815229,1.3372079421054734
1094,2163,2029,1676,59.60576784716401,11.17020905059278,12.401801869553402,11.765291218617847,0.9926294631166166,1.1102569176084727
1095,1940,1523,2195,75.48172261708477,12.795913063153291,14.140395350692973,13.250072257484563,0.9906613583355622,1.1050712271101006
1096,1907,1547,13,104.26520021381344,14.22464752489158,18.65834394052444,15.928722411750144,0.9350117670020258,1.3116911268187401
1097,299,2236,318,53.80884688305438,8.704740769719875,13.28253164865325,11.645219189053938,0.8879142085231431,1.525896290313157
1098,1967,1925,2157,65.87856123351641,11.812326680343316,13.349204408370058,12.393745338222454,0.9874827016989657,1.1301079600671926
1099,1523,1886,1939,124.88378956353604,16.147475219545413,17.890912913243334,17.027273537277207,0.993017322238251,1.1079696776117425
1100,298,299,318,43.0440836646366,8.000000000000114,13.28253164865325,10.681891586169954,0.8370545063741106,1.6603164560816328
1101,219,1820,218,44.91866953122493,8.000000000000064,12.01348099866306,10.61565145594754,0.8933583103992725,1.5016851248328704
1102,1875,1565,1618,67.93751015815086,11.75303596662664,13.475352082469758,12.585845196997347,0.9873848378129891,1.146542231363345
1103,1074,1519,1996,91.85540822232844,13.674623573386317,15.688746522452721,14.63582510637715,0.9871713486040952,1.1472890963511646
1104,2236,299,300,29.310834634486394,7.999999999999886,8.704740769719875,8.247266358388673,0.9936614031149589,1.0880925962149999
1105,2201,497,1552,109.5014000373114,15.221834496435532,17.437087048893513,16.005300518709372,0.9832228514885734,1.1455312467742782
1106,541,2092,540,41.65233851207381,8.0,15.159489971592109,11.333624291835378,0.7015409485749402,1.8949362464490136
1107,1552,2019,490,73.47114313447618,11.385867226973476,16.02434263660664,13.484382728136802,0.9146276647516519,1.407388854723729
1108,2021,2020,2019,52.58053933190797,9.27411444426563,12.70641459812713,11.286529122023678,0.9375009070581823,1.3700946515689982
1109,1550,1707,1709,99.22623184617223,13.51067138553109,16.20161943803849,15.282015867543764,0.9746652611390331,1.199172045246338
1110,2201,491,492,59.818721444094066,7.59530895150679,19.778019837670826,14.572856939383849,0.5788007963836511,2.6039783192423234
1111,1686,1685,112,61.97212115503878,10.85259294719647,14.006654782427624,12.201634458441132,0.9500578645612774,1.2906274888017373
1112,2024,487,1553,84.09514476846063,13.28486169890303,15.166731214776709,14.013050095763441,0.9856027976080777,1.141655183059156
1113,905,1745,904,49.634677177880974,7.999999999999984,13.36897659532297,11.380317468867617,0.8472999198241251,1.6711220744153745
1114,1553,489,2019,68.8364354889556,11.687174768560597,13.58388424269714,12.679370069630446,0.985134053672183,1.1622898186855934
1115,2123,2129,2126,111.5268569422455,15.214928061657734,17.369475133292628,16.129031089716875,0.9869245705251455,1.141607443880359
1116,487,488,1553,50.07338348356138,7.403782934332282,15.166731214776709,12.03595178982753,0.7411121899328338,2.048511058373504
1117,504,2022,503,41.07517051575161,7.999999999999823,15.641129745551432,11.529945880456532,0.6640943183829268,1.9551412181939722
1118,1721,1623,420,89.8043124780687,13.388850891857563,16.130975715996797,14.549106521031996,0.9735966153037569,1.20480658469405
1119,1609,1638,1798,70.02308525676598,11.056100882459154,16.349416019501763,13.364259816066985,0.8812491237478741,1.4787687081836074
1120,496,2201,495,50.986185943538146,7.464818016813426,14.447415429415353,11.949651545514264,0.7701228497975268,1.9354008894623596
1121,2234,2236,301,89.33953730710385,13.469079424454401,16.3357832819281,14.547468088742635,0.9675045664896259,1.212835916036617
1122,1130,1823,1129,34.90076955424843,8.000000000000025,9.619053875023868,9.065659451545182,0.9739662586692178,1.2023817343779797
1123,1801,1654,69,93.98236570305168,12.648818766158183,16.44816249525823,14.992221883767344,0.9537569113501201,1.3003714259283374
1124,1844,1729,621,98.14463715689378,13.558455705125603,18.863644338510554,15.657772538411779,0.9049240092488187,1.3912826614449454
1125,2076,2077,2190,91.1850487691962,13.775393254444227,15.247260758658872,14.548749268895472,0.9931749177966903,1.106847585185257
1126,493,2201,492,40.871080850792794,7.999999999999944,16.345242028973928,11.872155136617492,0.6179802989658549,2.043155253621755
1127,1848,1847,1849,64.23684697065947,11.681355265109936,13.306431057885938,12.252511516537533,0.9845231001348231,1.1391170592704944
1128,2103,1925,2156,69.17444653280081,11.782898339430426,13.295284046078006,12.687832011286583,0.9897463519841636,1.1283543032520713
1129,491,2201,1552,126.10273089446902,15.356980010799074,19.778019837670826,17.373546017407325,0.9542844330429723,1.287884715859685
1130,1824,1528,2197,96.93891949177024,13.40462795015321,17.041460272986555,15.187289960174965,0.9613936114907036,1.2713116944653264
1131,2049,1722,443,53.79056329361714,8.222866307123802,14.442757050643658,11.972368021367927,0.8248412826998567,1.7564139451144078
1132,2023,2020,2022,70.08521444856972,11.340180227827934,14.271552973549582,12.889428983039664,0.9658162483266023,1.258494370180139
1133,486,509,485,51.500943896420196,7.999999999999984,14.928473555043336,11.9371251544734,0.787956187086965,1.8660591943804208
1134,174,1973,1960,60.45429614639892,10.885232703759337,12.59414846597607,11.87991955220186,0.9855615317822886,1.1569939576603208
1135,1878,1628,1937,72.20513393556288,12.067947271473914,14.394574131941662,13.033776598728279,0.9759514904433699,1.192793919970748
1136,863,864,1943,34.46774344227211,7.999999999999994,11.495560961638148,9.37378827944436,0.8826368525961275,1.4369451202047696
1137,303,304,308,47.745629191407716,8.0,14.933914687117241,11.636682029833656,0.7684789931944386,1.8667393358896551
1138,2238,2234,301,98.45198180836623,13.953586435889731,16.3357832819281,15.17247195363717,0.9836204789083296,1.1707229074749679
1139,307,304,305,40.83333333333326,8.0,13.130821932340693,10.447478748326771,0.8303649127983852,1.6413527415425866
1140,2032,1409,1410,36.474202251904124,7.694304887728931,11.375706012368598,9.551596332985097,0.9009676312359559,1.4784579215870244
1141,1685,2094,143,50.80014130197691,9.176252349359537,14.07657762848769,11.445161156148464,0.8686378871898557,1.5340225064179034
1142,2065,2057,2059,90.57146124454896,13.668796427044988,15.159244313976625,14.501697690278997,0.9927900864431278,1.1090401700608143
1143,307,305,306,35.93272820933507,7.423854361056663,10.541489658799927,9.392319444165402,0.9202833636879333,1.4199483376313864
1144,1396,2038,2034,67.9568820592402,10.206826849688563,14.51059842247094,12.918163279222973,0.9199710894412764,1.4216561754365116
1145,171,172,170,38.489101069914454,7.971307861552695,14.554807778273089,10.871461653789261,0.7070266822190086,1.8258995927724742
1146,848,1970,847,36.015847228006294,7.999999999999959,11.74929212838711,9.588194869606466,0.880714061094792,1.4686615160483962
1147,2127,2126,2117,99.91775135572581,14.101433648771744,15.877957290842367,15.252947053485245,0.9889984868077187,1.1259817750676266
1148,1913,169,172,85.95569700370285,11.8949734307586,16.24612901468026,14.423448900219574,0.9388281534738723,1.365797839671523
1149,73,1801,70,72.86395253412078,11.292790466060051,16.451670920772965,13.564926957833336,0.8920664497302534,1.456829556009003
1150,1879,336,2149,64.83135400024477,10.839598390132602,17.78616756142609,13.603742901399992,0.7713232681669865,1.6408511571440711
1151,1301,1302,1911,43.054880104572135,7.650524275297965,12.134648194327319,10.487944951138559,0.8717648265908791,1.5861198210307896
1152,2067,1604,841,84.65343566922212,13.512790526150612,14.859992056105602,14.021836181374079,0.9925378784678072,1.0996982471790575
1153,1913,172,173,47.57682579688954,8.000000000000064,14.410122442771288,11.435031957843316,0.7978416642023394,1.8012653053463965
1154,174,1960,173,42.677748022999594,7.999999999999984,12.164740242038013,10.349990981932445,0.894728208073612,1.5205925302547547
1155,1528,1697,1823,68.95848614726857,11.596772184266264,14.33632828095023,12.785367660718416,0.966444546005587,1.2362343635930708
1156,1913,173,1960,78.14898628342301,12.164740242038013,14.410122442771288,13.53559407287021,0.9799191088513713,1.1845811876010182
1157,177,1973,176,30.278024953139585,7.735592270806099,11.327077344191023,8.967963741009365,0.8403436212376509,1.46428055508291
1158,2108,1625,2174,80.21628971574168,12.936931474783686,14.114165202256865,13.638185387371115,0.9946049177035383,1.0909979101124414
1159,1973,1974,1961,67.30258187502432,11.990965319092403,12.882257960011803,12.48333283432502,0.9965268416788167,1.074330349325609
1160,1763,1876,1878,101.7086638056493,15.184533752991982,15.46204949122018,15.32725228857484,0.9997810813206821,1.0182762106985022
1161,177,1974,1973,46.356235116297334,8.577277644381189,11.990965319092403,10.631773435888206,0.9291485432831785,1.3979919755713466
1162,1906,574,575,39.457392348013855,8.0,12.25663133298333,10.049205439238717,0.8760232501972083,1.5320789166229163
1163,1517,1850,1851,65.035014044669,11.956509926401681,12.759780583378943,12.27068400659102,0.9966780429842855,1.0671827031401133
1164,1974,1972,1961,83.06503540710949,12.882257960011803,14.807760489196394,13.917116971716382,0.9872166580957751,1.1494693348915694
1165,2064,2065,2239,90.17915976982238,13.282185448009113,16.11031302096721,14.577881755261094,0.9737424111025096,1.2129263730000104
1166,2032,1560,2036,104.06560052663733,13.55984424008137,17.146350811547013,15.718839497246003,0.9632692409339315,1.2644946732400018
1167,600,2093,1673,70.68256667974038,11.123015455618539,15.315655334597473,13.135477372166422,0.9301924845268289,1.376933745683246
1168,2239,2065,1599,61.73499754946289,11.00054245653704,14.341146796806955,12.251872452960162,0.9359994581924745,1.3036763280964176
1169,2176,2178,2175,73.85695604965694,12.30448234091122,13.656184785191154,13.097011255119973,0.9924468294040926,1.1098544747214318
1170,337,2149,336,33.168288104117146,7.448098023478437,10.839598390132602,9.094758613946622,0.9050336511233007,1.4553511991871255
1171,1674,165,166,39.749690919563136,8.0,11.44091955727965,9.882658574379258,0.9208077875995919,1.4301149446599561
1172,1674,1914,165,55.599316363305405,11.0027047934902,11.573925671797811,11.339183340855888,0.9981691444035793,1.051916405013936
1173,466,467,2178,45.440624398563614,8.0,12.2593809945294,10.704985637859567,0.8872043150746024,1.532422624316175
1174,178,179,1555,46.2587369452929,7.470472061106477,13.19333037807316,11.129409636375607,0.8180292995092157,1.7660638136593272
1175,1517,2120,2119,66.65408342109708,11.83276833886271,13.095952973748535,12.439494724776083,0.9930507365616774,1.1067530943487764
1176,1213,1779,1643,63.36336399655507,10.787549911402012,14.399194711927787,12.39641142272462,0.938487565732803,1.3347975054751229
1177,1154,1999,1153,47.22337359415366,8.000000000000028,14.747246223556322,11.52758864988391,0.7760995110277173,1.8434057779445339
1178,1824,1697,1528,82.05307560669229,13.40462795015321,14.33632828095023,13.783472846488651,0.9965790128958102,1.069505870230913
1179,2235,317,2234,105.37090069615564,13.780899378059443,18.46180832436832,15.972211269520296,0.9402484617654325,1.3396664338004927
1180,1033,1034,1796,46.63423688286281,7.4801881145708675,14.808013602541774,11.58909047653365,0.7497058275636262,1.9796311771487176
1181,1684,246,1819,71.09832574756392,11.14813652977488,15.537713121077616,13.214136127222472,0.923177948126597,1.3937498055911752
1182,150,151,185,85.56168948064014,7.772734748158641,22.420162873066293,17.49686765894873,0.5590939833532023,2.8844626247380467
1183,185,153,1815,108.32549020281411,13.580188296478338,22.02454757216832,17.212884870067974,0.8099612723912678,1.6218145942703757
1184,188,150,187,86.62058069535155,7.999999999999944,22.024547572168228,17.347653437475675,0.5804527494534257,2.7530684465210475
1185,1250,1663,1249,39.117045316800954,8.0,12.89738135691425,10.228394956521145,0.8309557099951042,1.6121726696142813
1186,150,185,186,82.27877638539456,7.5978206919666365,22.297705355621254,17.22517843070889,0.5538262000491114,2.934750142129199
1187,111,112,1685,39.46367931457652,6.482586669961881,14.006654782427624,10.890848863580244,0.7071438673183064,2.1606583136527484
1188,187,150,186,79.7303046210588,7.391370999363663,22.018412740258853,17.06326432805377,0.5448622971220022,2.978934860955357
1189,1710,1672,1813,116.79694496687632,15.146346561542785,17.626071763774817,16.517564336368547,0.984817627686117,1.1637177118690893
1190,189,149,188,86.62058069535246,8.000000000000064,22.024547572168164,17.347653437475657,0.5804527494534351,2.7530684465209982
1191,180,181,2202,45.656216663455325,8.0,15.639729133985641,11.788986145653391,0.709022554692167,1.9549661417482052
1192,1822,1697,1695,64.77386353818935,11.10294141669393,15.10228969663221,12.656991891934133,0.9162478805500236,1.360206194903003
1193,182,1675,2202,71.65018338135258,12.523792846328163,13.56018961415948,12.890620343119663,0.9944473113636996,1.0827542247423212
1194,180,2202,1555,88.55845375975525,12.821548182912192,15.639729133985641,14.441884530920733,0.9739786865346698,1.2198003634872547
1195,152,153,185,86.62058069535277,8.000000000000064,22.02454757216832,17.34765343747571,0.5804527494534333,2.753068446521018
1196,1532,1889,1769,82.26351174062356,13.16021215713581,15.17005696467445,13.8801204706813,0.9818391079308066,1.1527213074941842
1197,1675,183,1815,60.97012324947955,11.38818503588372,12.396771333074298,11.887598226633605,0.995193030963526,1.0885642702513667
1198,183,1675,182,43.96931812097839,7.391115131933059,12.523792846328163,10.770559770445175,0.8342465020917819,1.6944388800303687
1199,151,152,185,81.21678945822765,7.425601373220989,22.420162873066293,17.288058995515343,0.5396882771120366,3.019306012563551
1200,154,1815,153,43.998642710304274,7.999999999999984,13.580188296478338,10.859969043483567,0.8251729556357391,1.6975235370597956
1201,189,190,147,57.148720244951456,7.999999999999984,16.849031938188602,13.055508834644153,0.7161365398691486,2.1061289922735793
1202,1311,1740,1610,53.44732819303758,9.117774106026042,12.94917168474555,11.445545334543391,0.9225977016875193,1.420211943635157
1203,722,1859,721,51.80094854252047,8.0,17.983186385343465,13.228532301492178,0.623988256897312,2.247898298167933
1204,1898,1573,1896,92.79639084210186,12.878257279483972,16.61899716708464,14.875126410554884,0.9582822307688127,1.2904694172836528
1205,1676,2029,264,62.13334053131849,10.784997686437514,14.389599460953493,12.299486627699457,0.9341328092808631,1.334223694739303
1206,2028,263,2029,52.12836620465058,10.133638609684636,12.291548114023351,11.087703038725245,0.9728541813002463,1.2129451806458165
1207,78,1640,77,41.61030575784675,8.000000000000114,11.358384641769032,10.104931141652044,0.9208730816724968,1.4197980802211088
1208,1556,1714,262,114.24305433621075,12.619984627712121,20.56689644345805,17.17230717193773,0.8619631889372269,1.629708517892753
1209,2079,1587,1876,111.47668296695852,15.792328706667165,16.377090950250633,16.050663337569542,0.9990735466554966,1.0370282467168122
1210,265,267,1676,71.49552487034087,11.770444279724199,16.395055400157787,13.44586717311021,0.8916910888893215,1.392900302701399
1211,1891,941,942,45.766877667623255,7.999999999999984,13.302027151838589,10.936039050206174,0.8493258083162571,1.662753393979827
1212,147,148,189,65.67150066260547,8.0,20.21103301601334,15.020021651400647,0.6015337130479806,2.5263791270016673
1213,2163,191,192,29.52126597264067,7.4224791859225245,10.317603246357292,8.580027477426599,0.9068181601381183,1.39004812110833
1214,1611,1743,1746,59.83962310245813,10.976430275285486,14.13426711414112,12.06423728804004,0.9356998525699606,1.2876925156592862
1215,149,150,188,86.62058069535175,7.999999999999984,22.024547572168228,17.347653437475653,0.5804527494534294,2.7530684465210338
1216,146,190,145,30.518492041882354,7.548383215104738,10.85748609614329,8.832544413369074,0.8797476347980753,1.4383856498457646
1217,1711,1712,1551,60.487546679712814,11.13395926799535,12.304495876648623,11.851278421187596,0.9927085142283472,1.1051321080379726
1218,738,1687,1927,70.95337734177423,12.743820832308723,12.873688050889601,12.801117482483136,0.9999284175282499,1.0101906029823986
1219,148,149,189,75.50970296543663,7.489325967931332,22.024547572168164,16.57496885203761,0.5508797526486972,2.9407916902636413
1220,1579,1842,1724,116.88857175172905,15.17260905436837,18.318202722525932,16.59115525680052,0.9746516729813682,1.2073205509273903
1221,147,190,146,43.04408366463622,8.0,14.317494565743871,11.05832688729572,0.7708372332557603,1.789686820717984
1222,1652,1664,889,80.99296674698063,12.897355403998871,14.573016997688532,13.727990122912757,0.9900461160128635,1.129922882730681
1223,469,470,1762,38.37108239801773,8.000000000000146,15.239834792556694,11.191118937556888,0.6596031538223882,1.9049793490695521
1224,1651,1543,2087,70.15939357754733,11.140618600247887,16.45293575567688,13.400336883385739,0.8777776618554384,1.476842206527992
1225,2232,480,2229,60.860130649344725,9.45289986327985,13.768400065070473,12.295800999327943,0.9054364177822221,1.4565265965160965
1226,1750,1749,1545,99.2258239984283,14.489295890936395,15.722260307611426,15.163178192598325,0.995526562244852,1.085094846979162
1227,1419,1420,2164,39.34307464041187,7.648946001373622,14.633031456069206,10.977465768802395,0.706041539826877,1.9130781487333497
1228,1961,1972,1981,79.35779284471559,13.099754178209432,14.061332465940946,13.555045558971685,0.996597543505436,1.0734043001609173
1229,2202,158,2203,69.62352283602644,10.570432276578625,14.465614635781472,12.995778372774545,0.9354948341975401,1.3684979248988307
1230,2000,1999,1161,91.48801512553491,13.343251081790184,15.62902206960862,14.62636642515551,0.9834379880822811,1.17130540179506
1231,2191,2149,337,43.43684791346408,8.996579428228825,11.869391601909692,10.248941168218538,0.9420481773250022,1.31932271554973
1232,156,1675,155,45.50743261960401,7.7759441149922495,12.616207646193075,10.830702321583361,0.8613327181540374,1.6224663474456633
1233,876,1770,1971,91.40592823284956,13.10501743822974,15.919404733740507,14.665168160526356,0.9753221434492586,1.2147564708537268
1234,1815,155,1675,69.22392255802589,11.877838310942792,13.622265402094051,12.705437119743307,0.9871959231621313,1.1468640206647835
1235,2202,157,158,52.404309366621256,7.661200986756934,14.465614635781472,12.041286409857264,0.782700828615028,1.8881654013237053
1236,2067,2066,1604,98.65070095526806,14.443754192784965,16.138309860812697,15.147352036567755,0.9907023260437654,1.1173209987798192
1237,1555,2203,1972,88.6642219404366,12.306732655875495,16.639920624062693,14.632124912744493,0.9423888771926942,1.3520989761745124
1238,162,1713,1981,65.2555666224636,11.582241881252976,12.718898708523,12.307149244528155,0.9932181497122159,1.0981378941075144
1239,2183,2185,2186,86.1778856910326,12.799425163820631,15.182691976469535,14.21286004743078,0.9801470975622608,1.1862010818568276
1240,164,1713,163,47.52308794277439,8.000000000000025,12.969356086226723,11.058453955848748,0.8637397164044407,1.6211695107783353
1241,1999,2001,1161,77.01455049326627,12.253182184094305,14.78247440989525,13.459635891926581,0.9759798606039134,1.2064192132133795
1242,1554,1961,1981,79.44289038564898,13.107579118583466,14.076203881060954,13.562611010803032,0.9965399283911521,1.0738980671956582
1243,62,63,64,23.879436826374967,6.177323641746175,11.294205876581799,8.490509839442678,0.7201929904160991,1.828333195990555
1244,2226,2224,2225,58.67905279901086,9.57239703220516,13.455994991936992,11.977592357179184,0.925601054972068,1.4057079900327933
1245,711,2206,2207,67.06335363958232,12.27920904534092,12.648460496691191,12.44774172557208,0.999397717863105,1.0300712733195445
1246,864,865,1944,53.556111877766114,8.000000000000055,14.51763613950404,12.039311637524499,0.8070992092895073,1.8147045174379925
1247,2095,1388,1366,105.43968979427558,13.99333960522874,21.006777214055077,16.694583070426162,0.8448942804367257,1.5011982705119014
1248,2034,2033,1419,81.0167163707868,10.400731547781144,16.524842168306623,14.41805061210704,0.8663804958615164,1.5888153724948295
1249,1646,2094,1686,69.50003443941726,12.227146748720354,13.652052632419409,12.722784289795017,0.9889206527485801,1.1165362543676167
1250,2116,1850,1517,54.38668933506129,10.49856678448671,11.956509926401681,11.254426708800281,0.9888428739923831,1.138870683193568
1251,161,1972,160,52.302859386099065,8.000000000000025,14.38882043785123,11.87193446517955,0.8124931916821337,1.7986025547313982
1252,1801,73,74,48.63420197873534,7.512590268930738,15.109313036203414,11.857407597267047,0.7447325509577032,2.0111988668794942
1253,1153,2000,1152,53.76662697449284,7.508129475616258,16.767497793372563,12.882990684526836,0.6846103897715469,2.233245690265125
1254,71,72,73,41.84548434096397,8.000000000000146,13.768981239537966,10.757870458946686,0.7966156896357507,1.7211226549422145
1255,1971,1958,1980,112.4566752143686,14.91631966178646,17.939342864313144,16.268172518742446,0.9755098068347694,1.202665487940115
1256,1731,1766,1596,74.09894576536944,12.233319379727531,14.570492445924886,13.201715757150879,0.9763135516037212,1.191049787359464
1257,1654,1801,1800,82.87183222826185,12.648818766158183,15.54189084898207,13.992991838088093,0.9704114020132959,1.2287227081286263
1258,135,1785,134,36.470226096108384,7.607089646365023,10.712658097835872,9.439033398084346,0.9269826376258914,1.408246595720719
1259,1746,1743,2105,64.77827473435445,11.082014474693517,13.468239463514566,12.346555912688524,0.9752429986467984,1.215324117674647
1260,1801,74,1800,68.35636659616235,10.19850971978975,15.109313036203414,13.032029551705731,0.9065298463671491,1.4815216586874915
1261,1098,1824,1097,26.39633881064006,6.796584618910377,11.671257753817752,8.822614124242724,0.7421689421679353,1.7172239305818984
1262,1772,1800,75,50.1746441804757,9.72405636875896,12.458179590507713,10.953572448231606,0.9555425128167856,1.2811710584620661
1263,161,162,1981,41.43634117374241,7.47470160341749,11.829365835098846,10.295436439923103,0.8700604509002451,1.5825870332656986
1264,1525,1943,1944,70.22327704391006,11.077459957826253,14.764291914265952,12.999246805564185,0.946954673309265,1.3328228646707896
1265,64,61,62,44.00281416753387,8.0,12.27315458222711,10.522453486269637,0.8909113799023384,1.5341443227783889
1266,64,65,1933,37.23674816907899,7.999999999999984,11.215974499074237,9.562373651816882,0.9230165066614955,1.4019968123842825
1267,61,64,1933,54.66365481137612,10.44689891918487,12.27315458222711,11.312009333495405,0.9822463788439958,1.1748131840051093
1268,2001,1520,1158,99.25379235255264,13.503373722959278,18.694687616382367,15.675990170565901,0.9147223540648659,1.38444569482636
1269,1912,587,588,35.85060466508027,7.628896347503421,10.935274450401796,9.393819721264768,0.9189993601086459,1.433401890953781
1270,1871,1616,58,76.34724166971694,12.911152756165166,13.582663594334155,13.28717630280252,0.9982389515833908,1.052010138122511
1271,436,2150,435,37.0118573376767,8.0,12.635027928449245,9.969225439177661,0.8281789002438282,1.5793784910561557
1272,1871,59,1933,58.9508811551259,10.883264583814702,13.677753634379116,11.895534490575308,0.9513600993715379,1.2567693754978908
1273,1772,75,76,25.295846645104707,6.353621650568757,9.72405636875896,8.0258926731092,0.8810058009495509,1.5304745708124583
1274,66,1755,1871,84.96803748354272,12.126530926197363,17.11887671453162,14.481843528621093,0.9172946294631324,1.4116878783155635
1275,1771,1799,1614,109.71995966250655,14.090357943496992,19.30720613626656,16.40000601995104,0.9258708972148414,1.3702424178072254
1276,2178,2177,466,51.71978112674365,9.605486752567145,11.8555759190493,11.063229677880392,0.9674508506035131,1.2342504054654804
1277,1772,77,1640,59.22035779254574,10.685492215820018,13.790751835826647,11.944876231138565,0.9467281790649925,1.2906052016405243
1278,2037,2038,1397,38.29309236325914,8.814893877461218,10.580096478503442,9.50545566455142,0.9723721865098445,1.200252280467683
1279,557,1807,556,42.02759211446255,8.0,12.775451359888221,10.43594954538067,0.8611008537389376,1.5969314199860276
1280,2236,2234,317,85.88054456652151,12.413871492392254,18.46180832436832,14.904407125535327,0.8668129642732543,1.4871918350115432
1281,1826,1295,1296,31.839359131298234,7.999999999999972,12.408030382128038,9.503800523658322,0.7777539037991266,1.5510037977660103
1282,179,180,1555,48.51845301492778,7.999999999999943,12.821548182912192,11.181991550953109,0.8612426594313,1.6026935228640353
1283,712,2206,711,50.519635135634175,8.000000000000064,15.327766409547184,11.992075635412812,0.7626759934351462,1.9159708011933827
1284,267,268,1676,45.38145415949321,8.0,12.344586690329493,10.705010323351232,0.8858366635061845,1.5430733362911866
1285,542,1670,541,51.985345433804795,7.563420382741368,14.654187595851935,12.06237953804267,0.7710689943637096,1.9375080128152962
1286,1098,1099,1696,39.67626579465638,8.000000000000044,11.355173458811159,9.859259590189899,0.924165318492211,1.419396682351387
1287,2135,2134,1733,72.4550260175563,12.455301416155764,13.748022261246655,12.972945885119808,0.9924009586308269,1.103788804614082
1288,2082,2134,2135,71.84062961251314,12.293024334776355,13.772806005417964,12.92711477271711,0.9905144015623104,1.120375721249927
1289,852,2195,851,43.50497240742372,7.999999999999863,12.19520149578394,10.450471821429907,0.8939073206264039,1.5244001869730184
1290,1427,1428,1558,44.393343512885444,8.0,11.93953144645786,10.535486849688967,0.8975586535222093,1.4924414308072325
1291,1821,2223,1909,71.15304179946486,11.742876416669361,15.588445129213397,13.201253979243694,0.9274801902627056,1.327480983031137
1292,1427,1558,1715,66.5890864157958,11.450615759577262,16.979001183836075,13.365515348674128,0.8304695784412838,1.482802457119818
1293,1395,2164,1394,42.28348512187088,8.0,12.933350458440328,10.506143554882016,0.8532926645882881,1.616668807305041
1294,490,2019,489,43.82827117524016,7.568793931204678,13.042938320830292,10.766302340198523,0.8342181172447659,1.7232518733343725
1295,1427,1715,1426,61.9068726823375,8.0,16.979001183836075,13.496373125069844,0.7234599244828835,2.1223751479795094
1296,2050,447,448,45.20338026946801,7.999999999999886,12.184956579249324,10.666239863316797,0.8896143595813831,1.523119572406187
1297,437,2098,2099,84.87056490331858,12.4389226158548,16.398482540072123,14.295796273626982,0.9468011815804886,1.3183201669870042
1298,1442,1443,1715,42.1355719287097,7.824363448479959,11.486025202403905,10.247525645628807,0.9014324008538827,1.467982063721145
1299,1931,1863,1862,68.60019679816853,11.24938379435093,14.61569721016307,12.824312221353187,0.952218087040797,1.2992442499386136
1300,1861,1928,1734,81.5335493221297,12.625536431805926,14.75303795157367,13.804917813650782,0.9839921755378905,1.1685078120251744
1301,1530,1930,1980,84.46765560627799,12.81504780898978,15.529670758475396,14.102919165778914,0.9747140855247433,1.2118308874026442
1302,1617,1437,1438,48.50940076031958,7.735592270806088,14.792484144723625,11.690136992063723,0.7708906543801495,1.9122626460743093
1303,1659,2018,8,61.19392303007453,10.459588907599192,14.26802733886197,12.217183835548013,0.9314616566618464,1.364109762334525
1304,1431,1432,1559,41.89705508132754,7.641604040008591,12.983983054408696,10.537571072277787,0.8348449703788401,1.6991174871701542
1305,1433,1559,1432,43.6438914317277,7.971307861552703,13.03528848976595,10.664574157911575,0.8537352166496479,1.6352760069195034
1306,1434,1559,1433,51.06852483984267,8.0,13.850344191207395,11.628544226991115,0.8310334007437622,1.7312930239009243
1307,215,2223,214,34.479624741525186,8.0,9.983111877820114,9.03280945049193,0.9681069046424154,1.2478889847275143
1308,1559,1434,1435,51.23776588164554,7.531361438780136,14.476850335804528,11.952851988597352,0.7748534550643075,1.9222089463481336
1309,478,2232,1629,57.005271058666914,10.133978066596836,12.40785246369608,11.604430058921764,0.9698042881498558,1.224381223459945
1310,1757,1758,1617,95.57610435965002,13.41442413880094,18.524993073489203,15.425395613285678,0.908744866291677,1.3809756484369722
1311,1439,1677,1438,37.103126710591255,8.0,11.045623108664355,9.51172476896303,0.9311760111722392,1.3807028885830444
1312,1574,2046,2048,61.349036872515455,9.942153443067648,13.32724658186286,12.183971084458095,0.9385090006871738,1.3404788668953336
1313,345,1761,2106,46.447952621135954,8.564051392168881,12.378898301959806,10.699093556933512,0.9168136461490607,1.44544885768426
1314,2194,2193,1180,115.58524250382342,15.440786771362557,17.290229451151852,16.39029247229836,0.9915297348472439,1.1197764535690231
1315,2223,213,214,34.479624741525186,8.0,13.946880155243472,10.354065542966383,0.6992937011932602,1.743360019405434
1316,2133,2134,2131,77.01936443340799,12.87924451760066,13.60398243430547,13.348890147516906,0.9975613344211826,1.056271772440875
1317,2031,1416,1417,78.13861931911504,11.81709018043739,16.16942434679188,13.815973991074925,0.9296875819728265,1.368308449871997
1318,1560,2030,2031,96.12441340519658,14.248298256729313,15.71611644108322,14.936384289142486,0.993425935126075,1.1030170872272884
1319,2164,1420,1392,62.88984532745206,10.650419848964352,13.514991288284383,12.219948438269627,0.9635475760307338,1.2689632408809295
1320,1435,1436,1559,57.264432426441786,7.999999999999969,17.549944821624155,13.342265052476217,0.6821757801127747,2.193743102703028
1321,1430,1431,1559,51.75105452743758,8.0,14.665287646808165,11.883090233738955,0.8009342941740456,1.8331609558510207
1322,1630,1587,2079,107.06420718661224,14.444513649261472,17.07369532712623,15.833593110726179,0.9816899686371227,1.1820193979323896
1323,1971,1770,1531,96.08527947953229,13.10501743822974,16.257684266576867,15.079650207849147,0.9674314477967194,1.2405694493126136
1324,531,1750,1868,66.18296126028382,10.565862964533324,14.137901951139288,12.61952628837408,0.9462657109485255,1.3380735675444884
1325,1263,1264,1281,41.31678797476307,7.683396024538607,11.509642414819943,10.176433063341145,0.894486479091845,1.4979889593171276
1326,878,1888,1639,85.91612822782703,11.778700561467254,16.507416586965366,14.47575713800147,0.929361978229253,1.4014633024094012
1327,589,1832,588,41.955282720190255,7.999999999999943,11.26476378700367,10.150742551418391,0.9196988314127373,1.4080954733754687
1328,1857,1516,2135,70.25984914820484,11.947244201917037,13.915603616450987,12.819901264249708,0.9832607958707394,1.1647542630976029
1329,1263,1282,1262,29.751544773152037,7.4023517108425105,10.55523303651086,8.671858848578866,0.8917783674811671,1.4259296840827222
1330,1859,1860,1734,101.51383275796208,12.536670662207406,19.038499959603634,15.98860791874006,0.89219949722448,1.5186248783735228
1331,1280,1264,1265,47.46558432724165,8.000000000000004,16.754115675228785,12.407503629167058,0.657490360769583,2.0942644594035973
1332,1894,1899,1895,77.02824790245137,11.389242579126966,15.94089002592159,13.725172217119331,0.9272761726619113,1.3996444377378015
1333,1266,1278,1279,76.39621834770351,7.524490163728801,20.888689576334787,16.29606383435642,0.5802448068727684,2.776093678350067
1334,1294,1741,1293,44.81938920026323,8.0,15.952522446626489,11.882950863694818,0.6820264166452242,1.994065305828311
1335,1280,1265,1279,67.01637225893091,8.0,18.5779653199542,14.444026998394328,0.6730578793883634,2.322245664994275
1336,1531,1890,1891,90.0185099793572,13.735146083992845,15.817203341043852,14.51330006718584,0.9829418760223864,1.1515861021294465
1337,1638,1954,1953,100.23125352943438,13.747855818419982,17.679266504217818,15.494395193368897,0.9535560862098157,1.2859653707256924
1338,1277,1268,1269,67.4318405086807,7.521830538781975,20.4750117630058,15.360604846523884,0.5818891510078678,2.7220783102515043
1339,1268,1277,1267,68.26839208733598,7.999999999999964,18.08497223778388,14.42366605831913,0.6890436777476447,2.2606215297229952
1340,1966,1843,1574,65.50956027805078,11.310897668383353,14.358590494467245,12.530894008429279,0.9529581494280555,1.269447475827044
1341,1267,1278,1266,75.80219324129519,7.832711595636248,20.888689576334787,16.02556746515653,0.6020441606888933,2.6668528926779675
1342,1265,1266,1279,69.00835930758332,7.445978633412683,20.47501176300568,15.49965190545752,0.583189067593596,2.7498080200132744
1343,1844,622,623,36.23005669740225,7.999999999999984,10.150450044977067,9.277163057469936,0.9626277906498888,1.2688062556221358
1344,356,1900,1636,72.61512458332206,11.472205419677566,14.05813986058119,13.092394257562683,0.9708115424329811,1.2254086591291444
1345,1529,2140,1931,89.86014309843671,14.091028065847013,14.776475746618956,14.413944930372507,0.9984710021922667,1.0486442633971675
1346,2047,2048,2046,66.49016303958533,11.01020498702227,13.282513228443777,12.518987891366924,0.9726923766864053,1.2063820105165959
1347,2017,534,535,55.47308695300842,7.999999999999964,15.99896115470981,12.62241714052596,0.7502081715564368,1.9998701443387354
1348,685,1985,1977,34.335211053860036,8.670547668613846,9.39111099269718,8.923799343070122,0.9943585793238113,1.0831047070638538
1349,1956,1577,2111,59.59436599847395,9.80256502949584,13.486504439075867,12.02632856572712,0.9350568698903396,1.3758138200047725
1350,1738,1953,1889,69.46571836424089,11.157716001296786,14.029941041806719,12.831392811295572,0.9656403309346062,1.2574205186954135
1351,1925,1634,2157,83.41310403181126,13.218731337951112,15.424762042693601,13.99756592967159,0.9780718326871884,1.1668867191822676
1352,1269,1270,1277,81.66666666666697,8.0,21.412900335521567,16.629304032842455,0.6008072510532421,2.676612541940196
1353,1859,1858,1601,98.0768919393382,13.478925029033613,16.481009268450727,15.201590468632654,0.9733988266780724,1.2227243072389395
1354,417,1892,1641,47.13118977496342,8.64852146198736,11.811930196190701,10.701279366481812,0.9332567354864097,1.3657745139567956
1355,676,1986,675,45.402204785170504,7.999999999999863,13.004772185556224,10.825001121025805,0.8625282860113641,1.6255965231945557
1356,1725,1843,1923,41.23046454222821,9.014972683610866,16.10215721399741,11.732604605632751,0.646026264065609,1.7861570721418798
1357,1414,1415,1413,54.65282098501636,7.811463581799971,16.64166090295096,12.832385045371515,0.7074865743749712,2.130415219719462
1358,1874,1926,1565,76.01737640682985,12.853014607242931,13.701395790490535,13.263389597258431,0.9972549489794361,1.0660063968782487
1359,1023,2016,1542,136.49317110554182,14.053599348929936,21.369975146842883,18.506041691575494,0.8938363298624663,1.520605121596129
1360,1856,1857,1733,45.36092552179369,9.065090924384076,11.050443471811894,10.346540817291173,0.9710955703349494,1.2190107704366695
1361,1415,2030,1413,78.00674818836427,11.616474849614773,16.64166090295096,13.935730078291193,0.9076054712290398,1.4325913083264525
1362,1896,1893,1897,63.9655961855692,10.681815278507127,13.96352041431167,12.37450711483506,0.9534849632463209,1.3072235430252814
1363,1928,1687,1516,91.21223760563313,12.785396561023859,15.932051665949905,14.693617015138374,0.9672541642747762,1.2461132190861086
1364,1277,1270,1276,81.66666666666697,8.0,21.412900335521567,16.629304032842455,0.600807251053242,2.676612541940196
1365,1393,1394,2164,34.27462362853597,7.534809110125738,10.585080206205719,9.1540765017073,0.9272343561778212,1.4048239380053889
1366,2164,1392,1393,37.34983429478918,8.000000000000094,12.49443417756015,9.945591455450229,0.8418200641399298,1.5618042721950003
1367,1392,1421,1422,30.078550843612593,7.741161390703792,10.586013124286108,8.705957642297475,0.8955927454959225,1.367496760498837
1368,256,2222,255,40.92151686050833,7.445978633412652,11.917847910680997,10.238742905949893,0.8687252174463646,1.6005750885721775
1369,2031,2033,1560,88.05494700052644,13.618411956695297,14.84473816961492,14.2868588777959,0.9950242191869293,1.090049134716968
1370,1560,2033,2034,110.67894928346286,14.397426507077482,17.491448044343777,16.137905573242627,0.9751995109689543,1.214901012743169
1371,2037,1397,1398,25.088902655154087,6.527146804361059,8.814893877461218,7.780680227274124,0.9431110051389767,1.3504972603912662
1372,1396,2034,1395,57.9020335676491,7.999999999999986,16.075480118469066,12.86202618031333,0.7526702019237748,2.009435014808637
1373,1518,2193,2194,89.95069745735249,13.089050405758067,16.43986119438068,14.621003819892513,0.9631223830568266,1.256001060791128
1374,2038,2036,2034,86.93569526239068,12.873931455459013,16.256558431762617,14.389184817577013,0.9605379120443365,1.2627501154567082
1375,2029,2163,2027,67.23722254202195,11.598109657531351,13.646465457624187,12.548792328236315,0.9816378210243768,1.176611177215652
1376,2221,2220,83,60.424304584325,10.473015045301898,13.455053656829708,12.000562138064126,0.9590764947786509,1.2847354461565037
1377,2034,1419,2164,100.73707517554108,14.633031456069206,16.328578120233352,15.307767591715537,0.9905288056011666,1.1158711828956605
1378,2034,2164,1395,90.88675727140773,12.933350458440328,16.075480118469066,14.656841258584484,0.9694201989161796,1.2429478479010965
1379,1399,2037,1398,25.08890265515385,6.527146804361059,11.640658776051138,8.722601860137386,0.7179465299358385,1.7834222402158213
1380,2033,2031,1417,86.67899499924602,13.242125035261619,16.16942434679188,14.3433204462496,0.9650701877325111,1.2210596338378727
1381,1504,1505,1509,20.802807760094062,5.307043914896947,10.444039795925274,7.917027903607408,0.7161804753465747,1.9679580503580736
1382,1506,1507,1508,30.907828057370843,7.731779689923707,11.320296150897967,9.017358613607223,0.8499826157252007,1.4641255448148536
1383,1510,1504,1509,39.45276472807883,7.864663524318721,11.193425630273481,9.834042983505826,0.9227377596775808,1.4232555017340192
1384,1399,1561,2037,67.32229817976237,11.640658776051138,13.947586141850797,12.592623793952546,0.9745009720282329,1.1981784201548633
1385,1510,1511,1504,47.471073229664576,10.109625040669037,11.193425630273481,10.506035374715909,0.9910939929634363,1.1072048256235545
1386,1561,1400,1401,60.757864005469855,8.0,15.777171181093962,13.139617541003815,0.7549442707618175,1.9721463976367453
1387,2032,1411,1412,51.00529681942851,7.7388077212448065,14.42949349548972,11.827284337017533,0.7934770218366698,1.864562864881297
1388,1540,1737,2013,73.69713229333212,12.282399697105998,13.697880121047143,13.085370042141902,0.9919410824725342,1.1152446149651574
1389,1954,1638,1609,98.64643141842232,12.545000960190922,17.679266504217818,15.5245611613035,0.9270324215738502,1.409267847831935
1390,1922,1842,2112,78.91656455257612,13.048674194812808,13.839721335134135,13.512400406256063,0.9975448006662102,1.0606227980338254
1391,1947,1949,1887,75.38894966935912,12.470421930981662,13.644952046951373,13.226232779288358,0.9936271674501613,1.094185274762171
1392,1975,1976,1983,94.75025778388549,13.31439006631355,16.075893536776185,14.924895669545975,0.9762961551825166,1.2074074333641054
1393,1406,1407,1405,38.72867923129205,7.999999999999974,14.529600841914679,10.872623387818889,0.7119464974906177,1.8162001052393406
1394,1953,1738,2014,61.74547353218916,11.157716001296786,12.605644881383112,11.986553453525111,0.9899074973393439,1.1297692896931633
1395,2015,2013,1737,66.3477865176664,11.60062167507908,13.275830308272564,12.435218569113758,0.9878870346824884,1.1444067981970514
1396,1769,1889,1954,88.89578551241809,12.757979590368882,15.490556779668045,14.472864444903792,0.9731913648661856,1.214185731364707
1397,1858,1734,1928,70.55060955556795,11.713926331941567,14.422304461318177,12.920589075021889,0.9686218386390745,1.2312101043346497
1398,674,1983,1976,117.73110471614893,15.022210108068972,19.411713171285754,16.83660560537697,0.9474388319952388,1.2922008833346714
1399,675,1986,1984,62.087705807072204,11.470231177521327,12.98505752960928,12.034630961343966,0.9868958975197116,1.132065895503189
1400,1320,1321,1319,21.282301760670553,7.435576536541951,13.584147573230915,9.514738091167256,0.4974048386838789,1.826912480353335
1401,2048,379,380,31.687158630037995,7.978078878359069,11.949325445980762,9.309134774779938,0.8117816281422737,1.4977697799396161
1402,936,2014,935,30.70551957742778,7.747438980171043,10.35723847867907,8.701559152950052,0.9197513836875518,1.336859639061063
1403,910,2105,909,41.31491350471759,7.525162983363244,11.692599741222804,10.248219239383376,0.8774542970368002,1.553800199022001
1404,1877,2077,1628,97.37312115387965,13.472617407919811,16.321973064276996,15.134794631566619,0.9754720962825139,1.2114923603992647
1405,1678,1404,1407,83.04833089420592,11.177724663786895,16.188990075599648,14.322670112932954,0.9126785778825626,1.4483260737355637
1406,2124,2192,2138,45.97225338089459,9.60924848016864,10.968625396947788,10.348749539239789,0.9884241262757215,1.1414654766795345
1407,2133,2137,2138,59.0889937269006,10.348099249114995,13.267857815118843,11.862827867472838,0.9599493047291402,1.282154093782349
1408,1323,1324,1316,34.347354612077424,8.0,12.89600550311208,9.878200176806343,0.7759658669204421,1.61200068788901
1409,83,2220,82,48.31105818851427,8.000000000000064,13.455053656829708,11.236301863307899,0.8469452492999787,1.6818817071037
1410,1402,1403,1678,28.953462990358325,7.578272063203132,12.543397455741248,9.373889839648115,0.719581070382397,1.6551790897883774
1411,1322,1323,1317,56.97477161004679,8.0,18.602026990086628,13.795731307809286,0.6279189215766621,2.3252533737608285
1412,2077,1586,2190,60.73921549239424,10.526801209771874,14.623593793583316,12.264409096261787,0.9143777429413925,1.3891773485765506
1413,1322,1319,1321,90.19212546314084,13.427973349481569,20.470125387631494,15.827415436781324,0.7971639542857494,1.524438934667815
1414,1738,2011,2014,64.10654993847434,11.051481614377412,13.701198551233153,12.316326547835331,0.968459755957132,1.2397612401045481
1415,2105,913,914,40.22635852132953,8.0,14.70479249255072,11.041630932223242,0.7167943419586199,1.83809906156884
1416,2133,2139,2134,90.32596015274805,12.87924451760066,15.486844980571714,14.582817353705755,0.9742536344040343,1.2024653277921333
1417,1316,1317,1323,51.50094389642016,8.000000000000004,14.785166933341229,11.893724145484436,0.7948374970689932,1.8481458666676527
1418,714,2192,2185,72.91680300831896,11.42950504844299,16.138593669893208,13.473669904432464,0.9081358083083431,1.4120115964331914
1419,1322,1318,1319,79.1027680505297,7.803303376169033,20.876301000380938,16.383243254727155,0.5984684922350114,2.6753158238261374
1420,1375,2002,2162,69.07463470505749,12.292317885288952,12.845921143815312,12.637210481915666,0.9985077239510426,1.0450365231108198
1421,1322,1317,1318,74.12836089438906,7.999999999999964,20.876301000380938,15.826109330155845,0.6071680559010796,2.609537625047629
1422,1315,1316,1324,10.204174602613806,4.143623681009468,8.73859502730695,6.2294782681716425,0.5555951388459823,2.1089258340125268
1423,1996,2161,1518,79.67416099320403,12.04482459611259,15.843903684021445,13.8433920420294,0.9481319112674759,1.3154117403365915
1424,1561,1401,1402,56.040125280561114,7.651752501645984,15.777171181093962,12.728498489414712,0.7392212522181979,2.0619029663727497
1425,1984,1986,2227,81.81840082660598,11.648604176901292,15.927170377692196,14.073903321860305,0.9387057421668333,1.3673029090708675
1426,1757,1558,1428,67.95394142443989,11.383717002363143,16.587860762223432,13.303703070348144,0.8602228485271741,1.4571568108008977
1427,1275,1276,1271,81.66666666666697,8.0,21.412900335521567,16.629304032842455,0.6008072510532421,2.676612541940196
1428,1274,1275,1272,81.66666666666697,8.0,21.412900335521567,16.629304032842455,0.6008072510532421,2.676612541940196
1429,1774,1622,2173,85.35652897841797,13.529766892648393,14.890624629384403,14.077984580955052,0.9928938601191534,1.10058249691467
1430,1639,1890,1770,108.52308738046345,14.881436226932594,16.78861812587828,15.888400911310365,0.9903977901366467,1.1281584566074372
1431,1274,1272,1273,90.24214379060693,13.428182341545423,20.4750117630058,15.8314991408001,0.7971990886487138,1.5247790983339724
1432,1870,1902,1548,55.15968047354865,9.802330145074976,12.972893928475411,11.505862434504996,0.9500148320968872,1.3234500099951678
1433,1272,1275,1271,81.66666666666697,8.0,21.412900335521567,16.629304032842455,0.600807251053242,2.676612541940196
1434,1270,1271,1276,81.66666666666697,8.0,21.412900335521567,16.629304032842455,0.6008072510532421,2.676612541940196
1435,1709,1833,1550,66.12207654981903,11.522354854279106,13.51067138553109,12.440864566144606,0.982353538855986,1.1725616470242257
1436,1426,1715,1444,80.1014644871026,11.223961047252233,15.510118191373458,13.96987547327955,0.9298317900678064,1.381875625376527
1437,106,1727,103,77.13398249110001,12.283623972146435,14.012297502686632,13.414779081827481,0.9863594892973431,1.1407299290877047
1438,986,1562,985,53.29994723583309,8.0,14.394286789813805,11.987383949023092,0.8110852132442266,1.7992858487267256
1439,1562,984,985,53.20479403757673,7.397912951115374,16.434096654776393,12.742098798568525,0.692877362138962,2.2214503959929193
1440,1638,1953,936,87.67699124730554,13.747855818419982,14.765168348989633,14.24784807118291,0.9965917149817501,1.0739979051283481
1441,1859,1601,721,86.42261738758557,11.143541573085072,17.983186385343465,14.92385502228072,0.8648326918091953,1.6137765778859878
1442,1715,1558,1756,66.73032785407555,11.450615759577262,12.99011239046713,12.473939704880083,0.9870890701615974,1.134446623938301
1443,1807,555,556,42.02759211446251,8.0,13.662014028715129,10.731470434989639,0.8052825737440092,1.7077517535893911
1444,1535,1536,1702,56.05395395895182,9.655653958565216,12.728256743039646,11.604839144806016,0.9477573122100799,1.3182179889274952
1445,94,1727,107,42.19627373211949,7.581020574018263,11.816650932651863,10.367587165973768,0.8749832289527567,1.558715059176859
1446,1531,1891,1795,76.26077462233039,10.436951223068935,15.817203341043852,13.837157378894405,0.8926347212969569,1.5155003604963557
1447,987,970,986,19.01837456560952,6.724010811244126,13.61197339301565,9.44532806808659,0.44741594508503696,2.0243830319625946
1448,1890,1653,1891,67.32251253532749,10.247197277660637,14.549047115972954,12.84379682587548,0.9230014042416963,1.4198074577612112
1449,1690,1689,1522,76.04353404748478,12.019407715816946,14.025690680345111,13.345227193440033,0.9812309615903217,1.1669202852556533
1450,1891,1653,941,58.534971466114094,10.247197277660637,13.302027151838589,11.826225275032243,0.9558794706336783,1.2981136979608678
1451,379,2047,1657,75.87364135235933,11.140124943370276,15.013167122962884,13.5350757091134,0.9414567214452463,1.3476659552097336
1452,1284,1285,1286,40.8333333333331,8.0,12.216037485127412,10.168526402880108,0.8865437143016068,1.5270046856409265
1453,778,779,777,38.0136549569897,7.762640163755843,11.21243153030656,9.678813382988636,0.916987050616157,1.4444095428586226
1454,1077,1691,1519,128.97444097913572,14.320974086116953,20.277859365976894,17.76454170203432,0.9252250083897973,1.4159553144946102
1455,1180,2193,1179,53.04306507967676,8.000000000000004,17.290229451151852,12.969145970573885,0.6701427227124163,2.1612786813939806
1456,2156,1925,1847,65.41813452101584,11.504098699260831,13.295284046078006,12.358062477206628,0.9857549952704308,1.155699754812801
1457,1283,1284,1287,29.266678751272572,7.536930277329706,10.289541723513025,8.544153004780833,0.9067680201702518,1.3652165198426853
1458,1830,1703,1829,60.220953978245255,10.97802023322905,13.372471662913965,11.938865897328627,0.9684583615337109,1.2181132279604678
1459,1218,1230,1679,76.61793371567614,12.330374961555144,14.9415181587495,13.446059349096496,0.9721797021731657,1.2117651089553751
1460,118,119,1784,57.96642494806543,7.108876730370009,16.781760074701612,13.500099605631865,0.6604832232698806,2.3606767582574384
1461,761,762,763,19.81957277220634,5.664610898760232,10.750838626571065,7.948438179702158,0.6768530955669443,1.8978953398059546
1462,1668,16,1809,81.4596639840475,11.543746940301391,15.921905632450644,14.060980974811427,0.9353711640673149,1.379266689991642
1463,379,1657,378,30.000262450840218,6.067239899927524,14.451935061007038,10.45742943464122,0.571859281773417,2.3819620287603382
1464,4,1668,3,45.31663613921728,8.0,13.72839176154022,11.020076387348753,0.8243106989695054,1.7160489701925274
1465,1521,1690,1139,58.286594953414436,9.597416638241311,14.21319578098331,12.052483963480299,0.9042738417879407,1.480939748343344
1466,760,765,2216,80.1593107590105,11.77674143500714,15.716029728917356,13.88667161978433,0.9470732640943528,1.334497306886642
1467,765,760,764,57.74705379690165,8.000000000000025,15.716029728917356,12.75441582421483,0.765541022877712,1.9645037161146632
1468,2156,1765,1597,95.18312509166482,13.751904732965412,16.27112996589454,14.936874348806745,0.9805374540453816,1.1831910038534634
1469,1953,1954,1889,83.0990329046541,12.757979590368882,15.056063257468896,13.947994629881498,0.9819827465331771,1.1801291223913588
1470,574,1656,573,46.397012287648174,7.633385818103565,13.214807244910459,11.083069570702287,0.8312916575987748,1.7311855524936035
1471,978,981,982,57.74705379690158,8.000000000000064,17.371792163554293,13.301312008008457,0.6934305367850258,2.1714740204442693
1472,978,980,981,57.74705379690133,8.000000000000025,15.766649846721618,12.766264569064218,0.7638524141464311,1.970831230840196
1473,1562,977,2039,101.24960509773811,14.070079095066598,17.861017049722285,15.580342013173643,0.9526844627716167,1.2694325972897271
1474,970,971,2204,45.55920587798502,8.000000000000064,14.799358716613732,11.427008725939762,0.7608621452099591,1.8499198395767016
1475,972,2204,971,45.55920587798502,8.000000000000064,13.139115531739609,10.873594330981723,0.8566441835366042,1.642389441467438
1476,2039,984,1562,102.97569679869588,14.070079095066598,16.434096654776393,15.520111249915404,0.9829022984614036,1.168017361077856
1477,1690,1522,1138,72.54485888966258,12.019407715816946,15.727848867027586,13.32433637985698,0.928514942057642,1.3085377615013853
1478,2039,982,983,43.51271890375231,7.999999999999903,11.657387575842709,10.394444759689936,0.9060017660009221,1.4571734469803561
1479,1407,1561,1678,95.2645716848821,12.595782668238316,17.487840832563844,15.22830636673816,0.9323804682266018,1.3883885815735297
1480,978,982,2039,82.80211638095722,11.657387575842709,17.371792163554293,14.443885104863469,0.89324032133868,1.4901959852097044
1481,979,980,978,57.74705379690141,7.999999999999984,15.766649846721618,12.766264569064242,0.7638524141464286,1.9708312308402063
1482,934,2014,2011,60.253854262942525,11.051481614377412,12.63091064487237,11.849060624616596,0.9881703075215663,1.1429155913755675
1483,1562,976,977,69.20005276416714,8.0,17.861017049722285,14.50775062784299,0.6898595698995635,2.2326271312152857
1484,2204,976,1562,109.59660828749037,15.222375347114234,17.66223483380669,16.04185817716051,0.9785367530269115,1.1602811276858305
1485,58,1616,57,46.60503437753732,8.0,12.911152756165166,10.93818805825102,0.8670747255853497,1.6138940945206457
1486,517,518,1612,58.01169128795965,8.0,16.971653415625795,13.165817198067025,0.7138387361113557,2.1214566769532244
1487,2111,2110,1839,82.05830257183584,11.034049384884282,16.01859015547429,14.257362973783529,0.9089770870068673,1.4517417492637297
1488,972,975,2204,80.24237630182024,12.472831912089887,16.180751128938226,13.930899524255906,0.942224257660909,1.2972796589405058
1489,1748,1612,520,78.94560729924027,11.768278474086495,17.330451581488266,14.179715416139421,0.8829174386912049,1.4726411870393414
1490,2129,2130,2126,121.32891579392096,15.791335711649895,17.369475133292628,16.78195042121884,0.9931483430070585,1.0999370446211512
1491,1773,1622,1641,93.35501136940354,12.952416634871447,16.693294635726264,14.918992528239668,0.9585064815777321,1.2888169911693044
1492,972,973,974,38.52898645390748,7.999999999999903,14.586672413543123,10.887238369955504,0.7056635676740253,1.8233340516929124
1493,2215,759,2216,56.63270455653928,11.124065017317537,11.686050972437611,11.443443897655742,0.9983179320480086,1.0505198373297167
1494,1804,1524,1603,85.99335424386742,11.649838856418743,17.537958462327293,14.703746652645114,0.8945531414185878,1.5054249829957396
1495,1596,1766,1633,84.48320041490531,12.80133544580022,15.549409576934323,14.107454227804388,0.9741245367262974,1.2146708945148121
1496,756,757,755,36.441422231416105,7.594484158256345,10.639873584164647,9.429729150231685,0.9282707291259751,1.4010001683389524
1497,1402,1678,1561,75.08260118051169,12.543397455741248,14.756571785504189,13.298583969827916,0.9745957311167674,1.1764413778302103
1498,1598,1644,455,76.86771697804879,12.805586171260963,14.438632202677775,13.389213750179806,0.9871785173237646,1.1275260663257876
1499,754,757,758,41.945175956496925,7.391247560691687,13.212477463754563,10.65700580237211,0.8108040928915692,1.7875842143377099
1500,1901,1870,1548,52.1501749261314,9.802330145074976,12.550905689662192,11.149638097724477,0.9590736469072942,1.2804002215706023
1501,1524,1949,1950,98.57834205437197,13.749866710463708,16.038626945912604,15.186112199338583,0.982713930654736,1.1664569034481722
1502,1581,240,2053,93.00960149416484,13.513341724511555,16.97335278079119,14.903687344608157,0.9574343049176589,1.2560440730958202
1503,749,750,1732,46.012244324671,7.999999999999984,12.53053360926287,10.80871552843738,0.8793508902933728,1.5663167011578618
1504,2150,1895,1899,63.56743844073567,11.389242579126966,12.567918787528159,12.15078797524574,0.9923627697324433,1.103490306770825
1505,194,195,2026,44.875570196451754,7.999999999999903,13.947576216821973,11.05671149217026,0.808641561085579,1.7434470271027678
1506,655,656,1568,49.98698216417826,7.849450333945218,15.057051950119552,11.881408643374497,0.7686122052227938,1.9182301065088359
1507,2215,753,758,52.95130958248261,9.469623246246154,14.479825743745794,11.712053054756025,0.8642481368337337,1.5290815027393756
1508,1929,1861,727,65.26480791337855,10.949558873509643,16.67473205405898,13.188795503411354,0.8364909753543835,1.5228679298122496
1509,2214,767,2213,80.17331935901046,12.601009008046203,14.51980966296264,13.675563436795784,0.9866310190913121,1.1522735721949895
1510,1614,1799,1654,103.7235971770671,14.090357943496992,18.340308075289123,15.829093872488043,0.9435553861033895,1.3016211617075049
1511,1727,1588,103,107.17414941233723,14.012297502686632,17.436091274923417,15.917941409837326,0.969063168041734,1.244342069641351
1512,1965,1985,1592,60.609621322822385,10.318849695927106,14.023306317322623,12.128995178714797,0.9368734695282499,1.3589989902515667
1513,2078,2075,2180,56.877072451935184,9.207372373646335,13.379041752838544,11.865064972070991,0.9100538818022593,1.4530792510502246
1514,1234,1232,1233,39.781006282312546,7.999999999999944,14.244817391069251,10.810047846305308,0.7435765934269704,1.7806021738836688
1515,469,2078,468,52.8659497987302,7.999999999999984,13.900259823232282,11.874424890084383,0.8220752180778489,1.7375324779040389
1516,2217,1643,1238,99.7047127369377,14.036893505246987,16.783489236174496,15.304703536258073,0.9776856414522103,1.195669770515879
1517,1679,1231,1234,84.71614118158567,12.836892231753893,16.249648934728086,14.235322932674991,0.9554062956886759,1.2658553675890687
1518,1216,1780,1779,42.579871217931185,8.988391353817097,10.860374739477205,10.004208118827803,0.976688969315469,1.2082667867888435
1519,2189,2146,1627,70.14903192441757,12.00143819034447,13.294544760950169,12.762866553499236,0.9926861322936847,1.1077459676162849
1520,2082,2131,2134,80.48471934846997,13.563443490644593,13.772806005417964,13.634529030913297,0.9997931947260634,1.0154357936402933
1521,1924,1847,1848,59.54469510715787,11.128931138216002,12.491546448219065,11.767277617181668,0.9908533919189649,1.1224390099174875
1522,2109,788,789,44.530309130441694,9.992665750495984,10.411132338025482,10.146246878051683,0.9986078896591397,1.041877372662918
1523,2109,789,790,29.68975506681495,7.537093778917528,9.992665750495984,8.509919843137872,0.9321833753874003,1.325798251104038
1524,1831,1703,1040,72.84649900615675,10.257885921483117,17.41421208039429,13.95876147102018,0.8270468537000054,1.6976414256980241
1525,410,1957,1956,92.05540215638354,13.754267934042117,15.918667535531188,14.670387221907594,0.9839701298569209,1.1573620356872745
1526,1724,1842,1921,56.02202926546897,9.34036405246574,15.17260905436837,12.169587150706695,0.8412972914061946,1.6244130281370555
1527,1836,791,1915,99.66861524511424,13.061440860668146,17.71546274683068,15.523556819646279,0.940920323509483,1.3563176479386105
1528,1857,1856,1601,44.58120663088165,8.734325448901608,11.299691684294103,10.319368396291088,0.955338098039991,1.293710859573604
1529,1940,1886,1523,69.05016288264169,10.892609435112975,17.890912913243334,13.859811803836534,0.7940549390443167,1.6424818148322577
1530,858,1886,857,45.51139572112363,8.000000000000055,13.416696775248342,10.943100118565622,0.8425056952540271,1.6770870969060312
1531,1577,1956,1955,67.1081945270778,11.508718590663008,13.234836432973307,12.511157084081988,0.986726797752584,1.1499834954441142
1532,791,792,1915,45.30846591867362,8.0,13.061440860668146,10.82898806704909,0.8596784114018566,1.6326801075835182
1533,894,2013,2015,57.10800485476197,10.574339091126712,12.42920372398963,11.55864434770244,0.982882515995009,1.1754118736762849
1534,1737,1864,2015,62.15241057947809,11.60062167507908,12.23274007207025,11.990101117142311,0.9978791868152059,1.0544900449903571
1535,1213,1214,1779,32.33110558097053,8.000000000000028,10.787549911402012,8.97183438950153,0.9089479979925682,1.3484437389252466
1536,1239,1240,2217,36.63605226365554,7.517169157493166,11.193111706533587,9.554546459082056,0.9037220322663576,1.4890062298752738
1537,1557,2220,1615,100.27566654893457,15.020078337508336,15.54748238391711,15.22301304524125,0.9990632263968731,1.0351132686899331
1538,1241,2217,1240,37.085768173552765,8.0,10.25366355060664,9.40234068794202,0.9579831076547921,1.28170794382583
1539,1643,1780,1237,83.37399305716625,12.637568087198279,17.51427349443002,14.464642341560983,0.9000036006720288,1.3858895456453995
1540,654,2044,653,29.745040443834373,7.743514048480942,9.455568102774155,8.399694050418328,0.9658335273763126,1.22109523448583
1541,1236,1780,1217,59.61153042340071,10.069641756557985,14.7687541577302,12.247723964748472,0.8954189966784356,1.4666613286527157
1542,1925,2103,1634,72.15224718678418,11.346044771091758,15.424762042693601,13.25204015404556,0.9338863292838918,1.3594836221688356
1543,2217,1241,1210,37.36081448238744,7.741161390704133,10.559609282828678,9.518144741379817,0.9359101789121971,1.3640859232710274
1544,1679,1217,1218,34.094318219028615,5.839365330585132,12.330374961555144,9.999172369036275,0.7245052724658365,2.111595055882483
1545,392,1921,391,18.86061174516992,5.088051934884951,7.999999999999984,6.929498972239959,0.8758926257455832,1.572310994931084
1546,796,2040,795,39.55210321315715,7.517169157493151,11.184124455557061,9.955231557619976,0.8948155024770659,1.4878106666535063
1547,719,1856,1733,47.80895148665656,9.065090924384076,14.520305800190663,11.390946907147802,0.817631872964089,1.601782698189234
1548,1855,1732,1884,81.22954749337572,13.113812251281932,15.192400587016964,13.80870736634723,0.9788867004870081,1.1585037436792525
1549,468,2078,1626,84.58748426367318,13.900259823232282,14.076042939124541,13.977218696704009,0.9998894176579163,1.0126460309467353
1550,1980,1930,874,57.860319790908164,10.115095220638407,12.81504780898978,11.72211661501944,0.963010843708383,1.266923101508971
1551,2009,2008,1538,60.633503210155844,11.046450010032247,12.764321377813829,11.896033436435738,0.9860531732914646,1.155513433385516
1552,1219,1229,1218,51.25315507881447,7.519159945499919,17.496083907286593,13.025676109901033,0.6336582719761125,2.3268668354046227
1553,1679,1235,1236,40.33615651099616,7.984936744795303,12.957091203073768,10.34863226786154,0.8373657779745934,1.6226917779304122
1554,2040,794,795,44.27306289242385,7.999999999999944,14.561432236748423,11.24194443218603,0.7655321466960392,1.8201790295935656
1555,2217,1211,1643,94.2962985156609,14.036893505246987,15.620988670416363,14.800038918331849,0.9922853026279189,1.1128522606926698
1556,1236,1217,1679,73.27455914782276,11.827776814968551,14.7687541577302,13.184540725257506,0.9653211127503251,1.2486500539171248
1557,2162,2002,1371,89.6724146135628,12.773392416642732,17.34571036339528,14.798721425997806,0.930227208493478,1.3579564298670708
1558,1833,1832,1550,60.471689544178076,10.886126659672682,13.592240817361317,12.000240777104368,0.9608705681912076,1.2485837472122523
1559,776,779,780,41.55293979565886,8.0,11.407046754152786,10.101044895498902,0.9202218337196946,1.4258808442690982
1560,1658,640,641,43.14608205575496,8.0,13.633547277036419,10.808455525271993,0.8159832213609731,1.7041934096295523
1561,1639,1954,1609,115.1097478867429,12.545000960190922,19.438702017891757,17.111192858731506,0.8767073343314987,1.5495177784024594
1562,1563,1716,1836,113.24362974861126,15.761170225934437,16.717899183350866,16.18659315314588,0.9975626012939461,1.0607016448462796
1563,1703,1830,1040,78.50974046772664,11.466105795842866,17.41421208039429,14.197623477899938,0.8734199914431683,1.5187555732049813
1564,2101,1512,1648,100.67631367081506,12.570771440770388,18.204016481940283,15.755052662316949,0.9161522869113276,1.4481224615141572
1565,1752,1753,1613,67.34096275008942,10.895255937979613,15.238973871562846,12.884624889011604,0.9189981697652545,1.3986797518396545
1566,773,774,781,81.66666666666578,7.999999999999886,21.627111020227865,16.687380847632667,0.5960074652561435,2.7033888775285217
1567,2216,767,2214,76.85307490508958,13.0096901744813,13.905871639378507,13.340981916125456,0.996304285598431,1.0688856885043336
1568,841,842,2067,34.98042928048182,8.0,13.512790526150612,10.185216367514085,0.738046744540754,1.6890988157688265
1569,2102,1732,750,76.68479097514025,11.89561297604929,14.457233202819879,13.437849561476456,0.9740921877860321,1.21534159121755
1570,1707,599,1673,101.42268950176525,14.593960441718181,15.949365283931327,15.334763376396884,0.9947192656354636,1.0928743672854282
1571,765,766,2216,37.7485978080643,7.999999999999944,11.77674143500714,9.754030021649044,0.8936200702025439,1.4720926793759028
1572,774,775,781,65.07500265566343,7.577420319341948,20.43503152267025,15.180081181450825,0.5763676895486345,2.6968322544426186
1573,768,2213,767,45.577767193478046,7.534113152027313,14.51980966296264,11.38767052308367,0.7623333938578774,1.9272088658577664
1574,1957,1955,1956,102.61865987378238,13.234836432973307,18.25923172003159,15.804245229512029,0.9330657931995733,1.3796341052270575
1575,2080,2081,1632,56.46982506855923,11.24011715130378,11.723567827350886,11.425822006518281,0.9985974585960115,1.0430111776896407
1576,769,2158,768,30.8497527785572,7.3945789712863785,11.905823257941064,9.238751252605992,0.7997357235540296,1.6100745294860106
1577,1843,2113,2114,91.80573422850404,13.636298842997983,16.08770522760536,14.676587003940966,0.9794141656938631,1.1797706557205685
1578,2157,2158,1618,75.55568344654029,11.876876249265514,14.891424795300995,13.38258124075203,0.9661161722919444,1.253816616656413
1579,1984,1983,674,98.55108824912,13.93305043276069,19.411713171285754,15.835209265015392,0.8850349552613815,1.3932134434569419
1580,785,1917,1920,66.99070352921515,11.03655709240334,14.743246982542036,12.736622923374748,0.9401424056345303,1.3358556349688144
1581,1771,2220,1557,95.09955420127906,13.27433346199236,16.05325604093753,14.958357295615665,0.9751788690444071,1.2093455454393927
1582,1593,784,2152,72.25430708727556,12.710634110103479,13.073302037258054,12.92030214092238,0.9994396198440914,1.0285326384201632
1583,2233,1761,2108,118.96789486668919,15.403038496079164,19.309901952141686,16.87490048658289,0.9547366633443876,1.2536423873157891
1584,1716,786,1836,94.39905576602425,13.501551006961035,15.761170225934437,14.857042909486985,0.9834030495084014,1.1673599735177391
1585,747,1855,1884,66.9899399669221,11.956834704240814,13.119909260742794,12.467170224350369,0.9938375059743811,1.0972727804031166
1586,1593,1936,1969,51.61099739553367,9.299990355395975,12.672344700352943,11.173112340139213,0.9399599575549649,1.3626191228252493
1587,773,781,782,81.66666666666674,8.0,21.627111020227865,16.68738084763269,0.5960074652561506,2.703388877528483
1588,2058,2167,353,72.24064298860245,12.348226590959595,14.128154853520508,12.995812029951074,0.9840504658436491,1.1441444445037992
1589,1784,139,140,49.11163593104392,7.5369302773297155,17.50267755708961,12.905213071101945,0.6184405418862107,2.322255469144487
1590,782,783,1969,49.3841916003667,8.000000000000114,14.254382185485879,11.543804524938679,0.8138947741239871,1.7817977731857095
1591,138,139,1589,107.92527094279926,13.428835544326539,17.574051462008363,16.091900876599045,0.9494586826482966,1.3086802205596382
1592,442,1722,441,36.49589957367516,7.999999999999904,11.17531247292255,9.476504759112819,0.9210395236617447,1.3969140591153355
1593,2152,784,2153,52.48460062931761,10.335170282762364,12.710634110103479,11.184407189819176,0.9599827627435135,1.229842737211893
1594,771,1934,770,33.83212031132355,7.999999999999984,11.975101343272128,9.482196219392902,0.8396192976224452,1.4968876679090188
1595,2070,1200,1201,47.50285488628981,7.999999999999984,14.476404568238246,11.451794545615385,0.7936535730775582,1.8095505710297843
1596,783,784,1593,46.846820011674524,7.591992013883686,13.073302037258054,11.144801811618956,0.828816334761127,1.7219857467382138
1597,848,1978,1970,40.08250671682605,7.656279406342611,11.74929212838711,10.043751396347494,0.8909063915670994,1.534595526732445
1598,1597,1732,2102,96.15691586343316,14.457233202819879,15.804408207681044,14.94101699754358,0.9930967081844373,1.0931834595155039
1599,686,687,1592,48.21581600428931,7.999999999999886,13.132593196033874,11.16824032746718,0.8575592901288409,1.6415741495042575
1600,2151,794,2042,45.108349843328035,9.97800727318527,10.52912886485683,10.214533002887059,0.9979204712591153,1.0552336329872833
1601,750,751,2102,37.23299000133824,6.0115358897654945,13.960702505560205,10.788929196991317,0.6706042168838623,2.322318748745722
1602,796,797,2040,43.55202549143519,8.0,12.172913011083722,10.452345822213594,0.8946608004154878,1.5216141263854652
1603,877,1639,1770,88.20720557996417,12.203659987311582,16.856587756017618,14.647227990087265,0.9336722560011294,1.3812731404794782
1604,1872,1513,1592,71.02096125098434,11.02416560359717,15.592937592689788,13.23176714152166,0.9184942449315737,1.4144324526113643
1605,1602,1947,1946,75.77148593625641,12.572645233642946,14.329118321753564,13.294897016603208,0.9868574607770305,1.1397059294579075
1606,1501,1498,1499,45.99410759380269,8.0,12.99987784563319,10.886709846498256,0.8636654341756335,1.6249847307041487
1607,1500,1501,1499,21.438175645339918,6.143685381689845,11.660251693861579,8.493483896854778,0.6384589579344506,1.8979246119296527
1608,1501,1502,1503,40.8333333333335,8.0,12.802965833975591,10.33831668803582,0.8515989113810243,1.600370729246949
1609,1358,1359,1357,40.83333333333326,8.0,11.432289841341989,10.010639581280826,0.921355478136599,1.4290362301677486
1610,1357,1359,1356,5.958153563100607,1.2901935651174392,10.599628902500484,7.306541153419443,0.1923423819319927,8.215533846299767
1611,1496,1497,1680,41.58064966253839,8.000000000000046,13.863010289731978,10.774673567694714,0.7879287402164282,1.7328762862164873
1612,1497,1490,1680,72.55364817651531,11.615455346556482,13.863010289731978,13.057035190231957,0.9768285038200147,1.1934969294029274
1613,1489,1490,1497,33.445161177742754,7.424883350079863,11.615455346556482,9.349918982330271,0.854351336381236,1.5643956677691837
1614,1680,1490,1491,39.584160116675775,8.0,13.692639934407408,10.565434384518294,0.7800825072072238,1.711579991800926
1615,1495,1680,1494,44.246242461082446,7.75829465991284,12.090135308216187,10.618359107929168,0.8745439160114608,1.5583495907529776
1616,1680,1492,1493,41.896770873359245,7.676514615012782,11.669895350057768,10.274807376188138,0.8880537748845784,1.5202075336683687
1617,2193,1518,2161,82.95110373994464,12.04482459611259,15.96681978689701,14.115248080849463,0.9491622069146782,1.3256166297390686
1618,1615,2221,1754,67.65645164822716,11.489287528399121,14.617739174551414,12.739904804802629,0.951946343988745,1.2722929196801294
1619,411,2160,1957,71.59999271551814,11.865303040904909,15.869894034332377,13.301471100574707,0.9173902377605445,1.3375043165456362
1620,338,2191,337,45.46724684035651,7.999999999999773,12.255831315196744,10.708407639035402,0.8871222125273817,1.5319789143996365
1621,1586,2189,2190,60.52985487767323,10.784330525471182,13.60981464441364,12.012325818438333,0.9594557761486407,1.2619990283373672
1622,193,2163,192,29.521265972640677,7.4224791859225245,11.477519670279948,8.96666628540082,0.815421033442607,1.5463188757805093
1623,2218,1649,1793,80.05554452835686,13.429799091988595,13.900539022958748,13.602094942438773,0.9990191634225906,1.0350518967369338
1624,1215,1779,1214,27.335653229397977,7.500656265907715,8.268540777295483,7.965716766768581,0.9931550744681485,1.102375643432427
1625,1228,1219,1220,48.09159424144468,8.0,13.535195637448656,11.229860293913822,0.8436630061428386,1.691899454681082
1626,2158,1634,2213,91.19858344915869,13.918026601129515,15.02873337572614,14.534231723264151,0.9960143065112401,1.0798034668583323
1627,1643,1212,1213,56.075466059031896,8.0,14.789709582164676,12.396301431364156,0.7927446846468672,1.8487136977705845
1628,2121,2130,1594,91.8269865257638,14.06157412291831,14.922149887622203,14.576371933123605,0.9974460417717377,1.061200528275229
1629,699,2188,698,32.0087347363683,8.0,10.478788834145075,8.858552538495864,0.9264665610843641,1.3098486042681343
1630,2190,2075,2076,73.71875488561862,11.80574954116248,15.247260758658872,13.303569303530162,0.9507859607943985,1.2915114542704007
1631,1220,1221,1228,46.52132546376653,7.656388575734823,14.484661438570873,11.43181175286617,0.7744935538290216,1.8918399053669641
1632,2127,2128,2132,66.92413489887065,11.190083157796392,14.263715399850502,12.631447918671435,0.9590957546224449,1.2746746560067017
1633,1898,2160,1621,83.51473520228689,11.413316303732964,16.248426495069097,14.31006708116972,0.922228495709667,1.4236376231643304
1634,1347,1351,1352,54.342642880830994,7.396312439602414,15.415040848196744,12.586296496273084,0.729987801942082,2.0841522007181967
1635,1950,2159,1603,64.6918172757255,11.287374861086205,14.064167791460369,12.412023651923407,0.960875347745216,1.2460087455717712
1636,1353,1354,1347,40.833333333333314,8.0,11.778922088106183,10.06859445252723,0.9083009513090428,1.472365261013273
1637,1348,1351,1347,46.57760537451455,7.783109500017725,15.415040848196744,11.773951485615369,0.7248660524443478,1.980576124254919
1638,1347,1352,1353,42.921238414430974,7.397912951115349,14.947536201020089,11.374790413413875,0.7132798700674923,2.0205071754414896
1639,1350,1348,1349,40.83333333333363,8.000000000000028,12.123704108631555,10.145295477355598,0.8915192924214023,1.515463013578939
1640,2071,1203,1204,29.75674130921517,7.43557653654206,8.924759204225023,8.363640631776528,0.9763143819917174,1.20027803632501
1641,2131,2082,2136,71.97897949583948,11.968713355954913,13.567337596677332,12.947512148820811,0.9886985073819904,1.133566925130431
1642,1211,2217,1210,38.61003546806494,8.000000000000044,15.620988670416363,11.393532651081694,0.6376281640907311,1.9526235838020345
1643,1450,1994,1449,80.87683456705909,12.077960042304408,17.152815047104813,14.230727511801556,0.901860663158278,1.4201748463337482
1644,1450,1451,1452,20.9636073339581,7.396312439602328,13.470392706317774,9.436551722608213,0.49815787685937374,1.8212308925989649
1645,1994,1452,1453,48.261422689536474,7.648946001373686,14.312704078865142,11.537491412841282,0.7897080724455873,1.87119951903108
1646,1994,1450,1452,93.60958345819768,13.470392706317774,17.152815047104813,14.978637277429243,0.9530100021600679,1.2733715654080329
1647,1868,2219,530,81.9350225115148,12.357521792668546,15.464888228485625,13.931406010129189,0.9669211003000836,1.2514554688190487
1648,1345,1346,1354,41.69144258215114,8.405527166222388,11.778922088106183,10.104985901281138,0.9257224634244063,1.4013305596631445
1649,2077,2076,1628,82.40400526541946,13.472617407919811,14.163381071746823,13.803797244703622,0.9983168553867197,1.0512716751995754
1650,1345,1354,1355,1.5847404171004769,0.5602903476761428,8.405527166222388,5.655272504632844,0.08134891457129813,15.00209168529336
1651,1447,1454,1445,87.13468996518681,10.753064557622977,17.775285180696123,15.032774880168,0.8548949658290613,1.653043658897687
1652,767,2216,766,37.7485978080643,7.999999999999944,13.0096901744813,10.165012934807097,0.809129448124236,1.6262112718101738
1653,1453,1454,1448,61.94835380563506,7.5171691574930435,17.76590268901433,13.929560760904854,0.6658556571798839,2.3633767335547375
1654,1454,1455,1445,28.741161390704434,7.1852903476761085,10.753064557622977,8.646118301766363,0.8610540823023146,1.4965386278511028
1655,1445,1446,1447,65.04549074840368,8.000000000000014,17.775285180696123,14.019134447260134,0.6986058597847637,2.2219106475870114
1656,2187,2132,2128,61.95542681205865,11.250747503996715,12.440545198367413,11.995482999256915,0.992422120481439,1.1057527683336628
1657,1952,2104,1738,48.43817791765864,9.504853261981506,11.836659557599823,10.704521315504804,0.9685519902438359,1.2453279636567687
1658,2076,2075,2078,74.93377045211764,11.80574954116248,14.785761766525278,13.3235176868421,0.966783862587231,1.2524204172697841
1659,1326,1344,1325,26.516504294495917,6.693795730917239,11.120179424024663,8.604658384980633,0.7902759562839201,1.6612666222637904
1660,2147,2189,1586,52.23517139210888,10.784330525471182,11.27954613333403,10.98941968116589,0.9985111340532398,1.0459199211942933
1661,2129,2137,2133,63.24763690297334,10.348099249114995,15.133679886587293,12.596232390060898,0.8987242725633502,1.4624598703845615
1662,2011,2104,1540,59.94898432328308,10.246123218050805,13.373943568607977,11.971463351852174,0.9548109528243743,1.3052686644492844
1663,1332,1336,1337,57.747053796900985,7.999999999999944,15.549894192720057,12.718911830866935,0.7706373337910817,1.9437367740900207
1664,1540,2013,2012,85.67409532397619,13.697880121047143,14.384609607286045,14.07466790403214,0.9983789127794829,1.0501339973901307
1665,2012,897,898,43.24045608958657,7.999999999999943,15.018531688124426,11.365827773857594,0.7266045536769217,1.8773164610155666
1666,1332,1337,1338,49.30892789166989,7.607089646365027,14.606841299880806,11.735830566111497,0.7763079625772472,1.920161583327803
1667,2043,2044,1568,79.30879230955748,12.382389488741461,14.404900887128475,13.615541992745003,0.9838453131156637,1.163337730591172
1668,1339,1340,1331,47.95504382439497,7.558084398959428,16.884793434396247,12.542685946763216,0.6437932433030543,2.234004351250813
1669,1627,2190,2189,78.30900485327773,12.00143819034447,15.379459968178999,13.66357093431237,0.9589093338021765,1.2814680810965018
1670,1332,1338,1339,51.78098876058573,8.0,14.66019173214926,11.88458416141264,0.8012197315414442,1.8325239665186575
1671,1334,1336,1333,50.52861167499977,7.472060990133187,14.606841299880761,11.914694934504718,0.7678228509246535,1.9548610910924054
1672,1205,1620,2071,71.12979542259802,12.528918555814942,12.98171909771923,12.821631517069351,0.9989663241999331,1.0361404330219812
1673,1207,1184,2069,80.03956703954469,12.040482666075532,17.502645854372613,14.28480948384186,0.8822985141761691,1.453649852732807
1674,1336,1332,1333,57.74705379690154,8.000000000000044,15.549894192720057,12.718911830866956,0.7706373337910886,1.9437367740899962
1675,2069,1620,1206,70.33399944675891,11.106539885454186,14.158388333513411,12.93385675945155,0.9610148983421409,1.274779407406272
1676,1567,2043,1982,55.780888349528,10.615233332951176,11.805686253679402,11.387721752707087,0.991084707031092,1.1121457139366775
1677,1334,1335,1336,42.37789770704353,8.000000000000044,13.665182513500211,10.75947728132389,0.807980851931696,1.7081478141875168
1678,1326,1343,1344,44.00281416753404,7.999999999999984,12.714052609312459,10.611410677779036,0.8727615744894598,1.5892565761640605
1679,1328,1340,1341,27.090423013771264,5.940761480074624,10.615049475986842,8.563400679224358,0.8110658520777133,1.7868163048777213
1680,1738,1889,1952,64.59449994896231,11.703446294709076,13.30652139078321,12.282209081030702,0.9854299486443939,1.1369746189033956
1681,1329,1331,1340,108.66089784022941,13.573868925238944,17.992811213348656,16.150491190994614,0.9492330382142625,1.3255477353176168
1682,1327,1328,1341,28.101244711596337,7.0254387918498304,10.615049475986842,8.546829422612225,0.8613277437499685,1.5109446954831203
1683,1329,1330,1331,61.35609622926187,8.000000000000025,17.992811213348656,13.798684995935881,0.6801387288291888,2.249101401668575
1684,1328,1329,1340,35.359505619707306,8.0,13.573868925238944,10.236086668950184,0.7385813364338991,1.696733615654868
1685,1208,1209,1183,24.72937657830994,6.182344144577485,10.110458897695569,8.097601014091017,0.8380348033070468,1.6353762684924975
1686,1184,1207,1183,57.21464043082142,8.0,17.502645854372613,13.31925343730096,0.6842732325128665,2.1878307317965766
1687,2172,1620,2069,87.70590857913808,13.06444886259587,15.929492331803702,14.384109842637661,0.9724044356388825,1.2193007527022885
1688,2069,1184,1185,46.68259918646345,8.0,12.711915874005879,10.917466180027139,0.8727905690911643,1.5889894842507348
1689,1208,1183,1207,35.867005175627824,7.517169157493055,14.455114457530268,10.694247504239632,0.6758436914208628,1.922946544727083
1690,1343,1326,1342,35.39803280836367,5.670710946332001,12.90456835814154,10.429777304595333,0.6806078234752483,2.2756526439579208
1691,2045,1014,1015,37.558886025289056,7.790698411902492,11.780771073951069,9.755812084968293,0.8866150517699876,1.51215853201975
1692,2069,1185,2172,74.2608520229554,12.711915874005879,13.551870073780771,13.109411603460842,0.9972253047497978,1.0660761295228898
1693,1541,2008,2009,56.42734258422255,11.135971271566703,11.877328921461144,11.429412004493054,0.9967749540831083,1.0665732365696146
1694,1229,1219,1228,40.30909972308759,6.009298111308818,14.06178447691658,11.20209274189135,0.669635932483712,2.3400044758062335
1695,1920,1918,2153,44.308505642789875,9.418959131121339,10.577413435455897,10.154205350636078,0.9898033806016013,1.122991753994015
1696,797,651,2040,32.382377341453434,5.608269243829019,12.172913011083722,9.820789656264848,0.7097881326960293,2.1705293526123084
1697,1566,2040,2041,90.85243680399557,13.16594308923429,18.250959673494307,15.090713932083368,0.901256622930126,1.3862250163011873
1698,933,2010,932,48.397643556788246,8.000000000000025,13.217323678269636,11.203332911755084,0.8547774423967879,1.6521654597836994
1699,1982,2041,1567,50.915431817147535,8.738788964677783,13.746130511211884,11.409055049126783,0.8748758637993074,1.5730017702422836
1700,1530,1980,1958,116.32093611802699,15.529670758475396,17.939342864313144,16.494389831591388,0.9834658608649793,1.1551656917467266
1701,1567,2041,652,54.76903040116037,8.738788964677783,13.415531035435805,11.766335223724475,0.884242082430759,1.535170501274425
1702,673,1976,672,44.34307644764893,7.999999999999984,13.931635014103106,11.008681630376955,0.805972924419997,1.7414543767628918
1703,1983,1564,1963,75.04555180054257,11.167076621814175,15.25404882667192,13.476986432256021,0.939071075702976,1.3659840747285734
1704,1965,1592,1513,97.39642997878754,14.023306317322623,15.592937592689788,15.047856627668251,0.9910287889949438,1.111930185353524
1705,1751,1613,1753,60.33778674806749,10.895255937979613,13.685158383008366,12.00634748239562,0.9569630656114566,1.2560658015663013
1706,1952,1532,1864,69.88534116289871,11.772245974653261,13.493149459053955,12.764224610410905,0.9873950096335156,1.1461831062743641
1707,653,2044,652,28.21020259953249,7.743514048480942,12.755409817414895,9.426117717146617,0.6901780842811434,1.6472378996867894
1708,1544,1703,1831,70.47290260430766,10.257885921483117,15.90627418081581,13.362168018566939,0.8844070890805453,1.550638630860893
1709,1787,1512,1901,105.56456837248771,14.580542559326876,16.312715162958014,15.668888505016051,0.9905652739209101,1.118800284460135
1710,1920,1564,2227,79.8869367684462,12.499853334392505,15.047115975901619,13.706068600687958,0.9764174237898277,1.2037834023620495
1711,35,1809,1810,52.50565614533953,10.104097471075516,12.842758669120885,11.21676424725633,0.9532933144241534,1.2710446139187785
1712,1568,2044,654,63.860622034005154,9.455568102774155,14.60529436585959,12.706732690332942,0.8841938228525256,1.5446236764530907
1713,672,1976,1982,86.61641831812442,13.931635014103106,14.340827656293328,14.146241604839382,0.9994393610791023,1.0293714730378734
1714,1554,1981,1713,82.78462482321743,12.620307143808487,15.12115721332432,13.939222746064587,0.9786500772093013,1.198160792841143
1715,677,683,1964,77.54389843877667,12.50009059356787,15.029415900346915,13.523579573771167,0.9728916983361284,1.2023445580530874
1716,1223,1227,1222,57.74705379690164,8.000000000000025,15.967897887631626,12.817519775400816,0.7566170148758455,1.995987235953947
1717,1986,676,1964,78.92633237850156,13.004772185556224,14.259142428950918,13.533015805905492,0.9937206835703216,1.0964546110840652
1718,1226,1224,1225,44.4871159312639,7.629785094757373,13.11411622012044,10.839592002161368,0.8356324192897729,1.7188054522179788
1719,697,2188,696,30.274917955417532,7.6814080339769335,9.222396540776819,8.433670406214242,0.9775414598003243,1.2006127652617435
1720,1512,2101,1728,113.43903779067294,14.847376771623706,17.5580809005619,16.298609245475262,0.9815972553504223,1.1825712494963345
1721,2186,2185,2124,52.499026632537,9.92998045145043,12.799425163820631,11.215626559854977,0.9531024009848353,1.288967810802797
1722,654,655,1568,50.84817156923073,7.999999999999886,14.60529436585959,11.781006003972733,0.8014448053841429,1.8256617957324748
1723,2103,2156,1597,63.561857628659496,11.269311953338681,13.751904732965412,12.268038341911506,0.9679535450940924,1.2202967483645912
1724,2137,2186,2124,37.426398241994555,8.021019649370515,10.41635029409231,9.455783464971084,0.9552613627592309,1.2986316889162313
1725,1568,656,657,59.32335516039359,7.999999999999944,15.783270616811455,12.946774188976983,0.7613637027569224,1.9729088271014457
1726,1627,2233,2190,101.57171127201106,14.726175609265269,15.90993275048553,15.3385227759766,0.9960304551858636,1.0803845596188244
1727,1567,652,2044,54.55966849237279,8.890820577123856,13.415531035435805,11.687253809991518,0.8963226929992505,1.5089193307931623
1728,1592,1985,686,42.98213096494129,8.412816262577342,12.372127786367777,10.367931248290743,0.9015064749889817,1.4706285505607208
1729,1568,669,670,71.65182843076855,8.0,18.665703392337385,14.929642349264391,0.670057254557835,2.333212924042173
1730,2227,1564,1984,90.13969136493826,13.571236491769751,15.20773291290767,14.474968271888281,0.991347150317278,1.1205856534981442
1731,2205,669,1568,94.99427395064687,13.233429786766424,18.12322365545579,15.292288394406013,0.9212333270151379,1.3695031407186073
1732,671,1982,2043,63.55041385797471,11.595506353783362,13.120337387657834,12.173843331706868,0.987256934967548,1.1315018928325586
1733,1965,1513,2155,95.57939440062755,13.327940798930808,16.12977476185047,14.995013844591206,0.97538962154309,1.2102225696519022
1734,1524,1950,1603,80.31564415955371,11.287374861086205,15.76984294163944,13.993553480638314,0.9292607266405187,1.397122283588434
1735,667,1569,1717,112.43462473671288,14.547179240258778,17.617864264151237,16.26038265371925,0.9760249913608724,1.2110845665113172
1736,658,659,1569,49.67072900310404,8.0,14.111063799897702,11.532116790454266,0.8213012108713984,1.7638829749872127
1737,2205,658,1569,61.59872534603779,10.87591713455568,12.647418117046222,12.002873941022331,0.9830540765157634,1.1628829054666123
1738,1568,657,2205,84.34736629208601,13.233429786766424,15.783270616811455,14.118493620408303,0.9704684598412399,1.1926817817550897
1739,29,1810,23,86.52014842482298,12.933089633499247,18.17275197807569,14.833525387279744,0.8855078633818312,1.4051361656850108
1740,2126,2130,2121,112.29753507413326,14.745391788830302,17.185040418714,16.201974897170302,0.9838091742304985,1.1654515976802828
1741,1958,1979,1905,80.0355937778314,11.699425596333796,16.061744021254565,13.944080136761977,0.9353153821447219,1.372866034234003
1742,161,1981,1972,72.94369169665602,11.829365835098846,14.38882043785123,13.105980150386502,0.9745323757847721,1.2163644812774528
1743,794,2040,2042,67.98630060792966,10.136462870619079,14.561432236748423,12.945889572925509,0.9151115453309646,1.4365397893337415
1744,1618,770,1934,55.615837443784514,9.325838322490615,14.506154427955899,11.935698031239548,0.874127386173494,1.5554799393178627
1745,1760,688,689,53.68524590206388,7.740935357669178,14.94544918156135,12.242135101506877,0.7742173161831666,1.9307032665961283
1746,684,685,1977,37.48214258468499,8.000000000000064,11.926943841168269,9.772684944621837,0.8819437958218533,1.4908679801460216
1747,2041,1982,1566,88.01853858656315,13.16594308923429,16.681566403663734,14.531213334703303,0.9519765827376044,1.2670240400252184
1748,2012,2010,1540,89.32560733583483,13.270012558624344,15.765214916415893,14.473279027442095,0.9799125608880489,1.1880331572233431
1749,2104,1952,1737,49.37476678985149,10.063886729207404,11.307269911193787,10.714402589111424,0.9910339644889941,1.1235490040222569
1750,684,1977,1964,70.51004000439133,11.926943841168269,13.668378072754066,12.81997216755254,0.9877339865486007,1.1460084204953565
1751,1977,1985,1965,52.165828515998555,8.709739367899338,14.106286531578583,11.62028514079086,0.8606671087898231,1.6195991562696799
1752,689,993,1760,68.0512789336637,11.633656658711667,14.94544918156135,12.836175971344046,0.9410273707256581,1.2846733937579036
1753,989,991,992,38.695119382697996,7.82436344847983,11.432289841341989,9.788759443496957,0.9114831823686036,1.4611143662508586
1754,1760,1619,1874,112.6532198517368,15.272311113270506,16.967205549476677,16.174060708353313,0.9926609743064613,1.11097825493703
1755,2158,770,1618,80.67202897266502,13.17915181068549,14.506154427955899,13.68824963877699,0.9925135439128827,1.100689531187773
1756,989,990,991,25.28124754517958,6.726335613542134,10.109625040669053,8.117709937234759,0.8587816550628078,1.5029914683881282
1757,992,993,994,23.32563646284833,6.279794515494451,10.02980099264046,7.91751517667979,0.8269178628235037,1.597154328520373
1758,1619,991,1852,45.52518878933319,8.247201091190943,12.537658389859649,10.687701059726576,0.8950074168695643,1.5202319248952785
1759,2125,988,692,83.44136065958746,11.712020560257221,16.299619578012496,14.25256812839362,0.9319731728777945,1.3917000481814832
1760,689,690,994,57.60078152424958,8.000000000000114,15.179661770739974,12.643583615974137,0.7794079246196395,1.89745772134247
1761,2125,2118,2122,83.5364851143706,12.921250827249118,14.799798754352608,13.953389048086068,0.987797277514624,1.1453843712360954
1762,1947,1525,1946,81.00150716086964,12.982927494413115,14.933361486873624,13.759458144497406,0.9843676443461511,1.1502306774261684
1763,992,1760,993,43.049314647578896,7.442950021904461,13.127840480054708,10.73481572022361,0.8214571817958648,1.7637953286559391
1764,679,682,678,53.925334630095485,7.661116415658392,15.078056193587532,12.332390334754768,0.7635029793725958,1.9681277995945623
1765,389,1922,388,36.07322491850294,7.396165987517386,10.931241936345193,9.46267451913098,0.9074523292366222,1.4779606021273732
1766,680,681,682,45.08207280060833,8.0,13.266842799768263,10.860578411961876,0.8486611088996744,1.6583553499710328
1767,1566,1916,2042,87.84324591027026,12.922116389944174,17.348413198480316,14.67822440150947,0.9257616239709493,1.3425365222666334
1768,2104,2011,1738,56.86050118873491,9.504853261981506,13.701198551233153,11.833458360704133,0.9178166747669345,1.441495010347674
1769,670,2043,1568,93.65468870048772,13.042618089550421,18.665703392337385,15.371074123005428,0.8937207356502141,1.4311316381556942
1770,1634,2103,2102,75.89478694924072,11.346044771091758,15.339545406030048,13.534753286954553,0.9427190404222919,1.3519729311410094
1771,860,1885,859,29.376879836437343,7.517005418065378,12.089018115747042,9.202007844604145,0.7632822061805764,1.6082226157099597
1772,2042,1916,2151,63.08268674920991,10.52912886485683,13.265598586009563,12.238947946936856,0.9630468301771803,1.2598951685629258
1773,2158,2157,1634,84.36309166837648,13.218731337951112,14.891424795300995,14.009394244793874,0.990314804144006,1.1265396364133344
1774,2213,2102,751,90.0437820895548,12.394549195648247,16.049816853101085,14.669092112108672,0.9547247256375629,1.2949092863124227
1775,2118,2125,694,67.9321593641831,11.3045910341054,13.69211197896036,12.639317946771627,0.9759892342630297,1.2111992320334213
1776,2188,2187,2128,58.21926082272462,11.060808872400521,12.295156295406612,11.629383885223776,0.9922539065696545,1.1115964878559736
1777,2126,2132,2123,75.56593088402191,11.215608018472537,15.214928061657734,13.510138520764988,0.9414584962790243,1.3565852191515755
1778,692,693,2125,39.161540505220756,8.000000000000025,11.712020560257221,9.875933268226918,0.9059247181968364,1.4640025700321482
1779,752,2215,2214,52.0040367622619,10.100089772880466,11.886820181833428,11.031388415123947,0.982587264013216,1.1769024285061775
1780,2118,694,695,43.23775473330706,7.999999999999984,11.783419446896625,10.362670160334003,0.9059927971214424,1.472927430862081
1781,2157,1618,1565,68.7457581035559,11.876876249265514,13.475352082469758,12.651402183951609,0.9892605265560229,1.1345872264437458
1782,1606,2243,1735,66.74346032839327,11.610832029125548,13.273434992320185,12.47068240091284,0.9881854370366945,1.1431941276063617
1783,692,988,691,57.7470537969013,8.000000000000025,16.299619578012496,12.914293015110573,0.7432550974726297,2.037452447251556
1784,2178,1626,2175,79.30866041096337,12.237634054137668,15.198690549179142,13.697503129502655,0.9686474964382025,1.2419631508788507
1785,678,683,677,47.7489866451076,7.398225402529319,15.029415900346915,11.77978384450064,0.7395327158155859,2.031489321102413
1786,2126,2121,2117,108.3278779652753,15.11339066983863,16.67549248396661,15.85611112488229,0.9934344554431113,1.1033587927588893
1787,898,2008,1541,68.1818947784924,11.27493582045132,18.682208187706205,14.136495075695214,0.7483691825086252,1.6569680293717524
1788,1951,1602,1948,70.79341545741735,11.909158092898899,13.374191835172695,12.834792422083416,0.9898657461890994,1.1230174065072958
1789,1924,2156,1847,60.88805638610408,11.128931138216002,13.310049365137262,11.981026400871365,0.9734398232616196,1.1959863170894685
1790,1620,1205,1206,48.230173134647934,7.824363448479779,13.536642059387047,11.29664135456059,0.832384628344083,1.7300630458337318
1791,1597,2102,2103,73.56906715178056,11.269311953338681,14.561409582129823,13.249797073070118,0.9567161627951449,1.2921294256847522
1792,2126,2127,2132,76.81343343052697,11.190083157796392,15.877957290842367,13.722639976934483,0.9237069749143226,1.4189311256172232
1793,439,2100,1723,69.1924775029014,10.106419973886476,14.818615910558352,13.106641958752753,0.9062955290826211,1.466257680647302
1794,1187,1188,1570,52.528849716904915,8.0,14.075096756129467,11.843770781895783,0.821183531459878,1.7593870945161834
1795,1583,2241,2169,63.70836303196657,10.702763566377127,14.156453092556726,12.382314537343154,0.9472938037931048,1.3226913782370573
1796,1717,661,662,46.34021997779158,7.511927596517117,13.444322720277624,11.161171045795905,0.81462915863817,1.7897300722801222
1797,2154,2155,2152,72.88230376656237,12.47573780713717,13.352861175199243,12.989413317756473,0.9967435643016235,1.0703063323084816
1798,665,666,1717,81.36570366197785,11.80488593200234,15.68534841291388,13.978939788527173,0.9488777625894891,1.3287166435375575
1799,2073,2072,1621,70.16345478694703,11.996781355423755,13.209547594816645,12.762917900718184,0.9929364321034001,1.1010909679407133
1800,663,1717,662,46.0593883774944,7.988935434832368,12.527262820592975,10.818180681900754,0.8784113673673811,1.568076613308596
1801,1599,2240,2239,53.84796999125677,10.258528919983897,12.602512024656603,11.28719446705918,0.9688293122203797,1.228491153356946
1802,664,1717,663,41.44139472524982,7.999999999999944,11.938343790276916,10.167697820365438,0.902483876734376,1.4922929737846249
1803,714,2185,1571,86.51623559167669,12.03160404608935,16.138593669893208,14.434293769878046,0.9451133665024236,1.341350131542831
1804,2158,769,770,32.23083546319461,7.999999999999944,13.17915181068549,9.865001113091989,0.7237917791282161,1.6473939763356977
1805,1817,1681,1199,80.77560904897526,11.587206280951085,15.686078161425604,13.964352495264881,0.9420518733386716,1.3537411677233109
1806,1622,1573,2072,77.55155360995178,12.745608075995776,14.758952058306141,13.480969602030266,0.9810378870129327,1.1579637448684903
1807,1189,1817,1188,45.70492237079725,8.0,14.246981391105283,11.228193942383859,0.7960201750666108,1.7808726738881604
1808,1570,1817,1200,101.07596561696694,11.571395917848621,18.62424811136652,16.133169576868244,0.862258219821445,1.6095074650966725
1809,1189,1190,1817,45.704922370797604,8.000000000000057,13.662391031982501,11.03333048934295,0.83006526135871,1.7077988789978005
1810,1191,1681,1190,47.409976019929104,7.999999999999943,12.538076689070992,11.006364532381825,0.8713106518050632,1.5672595861338852
1811,1817,1190,1681,67.75062234364103,11.587206280951085,13.662391031982501,12.595891334001527,0.9817254561976794,1.1790927597830843
1812,1681,1191,1192,45.03579877156896,7.679458963121252,12.48101690807454,10.791887780839431,0.8572826280417214,1.6252469045035087
1813,1194,1195,1196,50.60006187876835,7.571921554269025,15.259900066253943,12.066204783166357,0.7476864397719546,2.0153272794605828
1814,1197,1816,1194,59.274139458034284,9.87511898925784,16.033789197510277,12.64575985212368,0.822507543541515,1.6236552911364248
1815,1196,1197,1194,57.01940943351949,7.5499079393504935,16.033789197510277,12.94786573437157,0.722266131718859,2.123706583750694
1816,1816,1681,1192,51.838708292649116,9.998227520881738,12.215187471322501,11.057082353459073,0.9726463069305853,1.2217352971624766
1817,1011,1012,1010,21.513733717174333,5.884661842305459,10.122076278792024,7.801016853566608,0.7771555143412963,1.720077814161443
1818,1681,1816,1198,62.514501424389714,9.998227520881738,13.671717934545914,12.316891373538889,0.93492827672189,1.3674141647598967
1819,2073,1621,412,77.03176446701517,13.209547594816645,13.57998805122664,13.341071386987897,0.9993507007966201,1.0280433870843053
1820,1570,2172,1187,80.18835837211606,13.243467260184111,14.075096756129467,13.62151219342996,0.9974328084479424,1.0627954507386153
1821,1010,1012,1718,57.491081881154166,10.122076278792024,13.041844974052962,11.705170708337056,0.9588894521424209,1.2884555119761838
1822,2044,2043,1567,46.2019247168439,8.890820577123856,12.382389488741461,10.62948113293883,0.9276717405731325,1.3927161594736752
1823,1001,1002,1003,49.358190584431384,7.488120266219401,14.92488611816247,11.868404764117393,0.7551223178044416,1.9931418817472788
1824,696,2188,2128,48.61739291297801,9.222396540776819,11.532186487864195,10.745959919174501,0.9626222535032483,1.2504544167966147
1825,1003,1682,1000,74.05818724169589,10.56832647355321,16.616116856177754,13.765157876076893,0.8742288154857467,1.5722562032653784
1826,2118,695,2128,62.03200328415987,11.766849576070666,12.388931870670659,11.979733631212651,0.9976252415312973,1.052867361869321
1827,1905,2242,1606,74.67966186801696,12.660708618591517,13.69606237889036,13.153325462699526,0.995816183079935,1.081776920351716
1828,1001,1003,1000,55.75635874243356,7.472060990133343,16.616116856177754,13.004354654824523,0.6964229822264969,2.223766224354819
1829,1005,1006,1682,39.11479859777831,7.975386221244015,11.165562039742065,9.766382104121496,0.9297677725978238,1.4000026744786838
1830,1003,1004,1682,35.36502046849525,8.000000000000023,14.111030298499719,10.482239636973867,0.6994937381147543,1.7638787873124597
1831,1576,2100,1722,68.42701050452935,11.407656334299192,14.651887784493114,12.808216853952318,0.9525182501242907,1.2843907070060965
1832,697,698,2188,27.631925874018286,7.540483241355623,8.397206643888973,8.01151955552904,0.9922684744497707,1.1136165117156773
1833,949,2243,2242,46.27410234567169,9.763006820090721,11.266542357293485,10.39871533782709,0.9845994601015284,1.1540033275515824
1834,2188,699,2187,55.48187395083008,10.478788834145075,12.85266957381131,11.464089093452301,0.9674132918159128,1.2265415189903397
1835,2127,2118,2128,75.77889038299723,12.388931870670659,14.263715399850502,13.296298838534446,0.9866088167240773,1.1513272934867107
1836,2206,1571,701,101.80824734501874,12.104679370439937,18.231517126805368,15.968692133125552,0.8955527411581391,1.506154485291646
1837,702,2206,701,56.672394435537065,8.000000000000114,17.56987990213135,13.312752074064784,0.6779543191490706,2.196234987766388
1838,2081,1854,1594,78.45745266483713,11.372217722500997,15.779072638163845,13.81381547124016,0.9331418927915844,1.3875106002361768
1839,759,2215,758,35.072590543091565,7.419924588031053,11.686050972437611,9.525199602238272,0.8638330127613564,1.5749554909612113
1840,2133,2131,2129,94.24508063771675,13.60398243430547,15.763200565606928,14.833620962166563,0.9854717978609034,1.1587195618436341
1841,1682,1006,2208,61.802292341274594,11.165562039742065,12.696467300109807,11.995959328750873,0.9890798033460749,1.1371095565918423
1842,2208,1008,1572,95.25063881126114,13.65591275900025,18.201474059949668,15.315043350247565,0.9213585246060481,1.33286396751133
1843,2132,2187,2123,60.635686265540556,11.215608018472537,13.51432026191778,11.993558594795678,0.9657253552411519,1.2049565426733153
1844,2045,1718,1014,58.31824920641344,9.695966769051315,15.32479001903539,12.350609639254069,0.8531126477901129,1.5805324403494028
1845,1718,1012,1013,35.73011327158591,8.000000000000057,11.95159087216618,9.628105935484653,0.863628772995851,1.493948859020762
1846,2045,1572,1718,94.80549237238624,13.541983791057579,15.796418765130307,14.887730858407759,0.9836324140901124,1.1664774532931754
1847,1718,1008,1009,30.633468905971686,7.67651461501276,14.602061293038037,10.488747269605275,0.5952253306214352,1.9021733202306639
1848,2158,2213,768,69.69759631632692,11.905823257941064,14.6559351929368,12.890282401712975,0.9596641754000332,1.2309888090402685
1849,2045,1015,995,56.9867445535303,11.239967821738224,11.780771073951069,11.478641376229904,0.9984468803717568,1.0481143060896425
1850,998,1572,997,47.53451439967348,7.560364922404376,13.172491979389648,11.274312473141158,0.819177168929344,1.7423090174330476
1851,2207,703,704,38.83061871217342,7.548424152691849,13.340570745430743,10.40686893618725,0.7873366159057186,1.7673318927995523
1852,996,1572,2045,74.85458065514408,12.72078275537231,13.541983791057579,13.160888386501922,0.9973813634800468,1.064555857251666
1853,464,2241,463,30.591068890219397,7.571921554268933,11.075823783138569,8.90929321646998,0.8640204609881931,1.4627494096124372
1854,2183,700,2184,48.35896578199626,9.524906987232745,12.820823466966777,10.880294137970807,0.9278657475660761,1.346031355912651
1855,659,660,1569,54.02565703425719,7.971428218480432,14.146525081308338,12.076339033228825,0.8087918124771138,1.7746537626108168
1856,2131,2130,2129,99.33832092645443,14.068159656473865,15.791335711649895,15.207565311243563,0.9891890326994397,1.1224876669908321
1857,1594,1854,2121,107.13339853411118,14.922149887622203,16.625450890056147,15.775557805280732,0.9922287162044439,1.1141458178118702
1858,1212,1643,1211,53.78720488625849,7.534809110125715,14.789709582164676,12.355584423874193,0.7561214971284211,1.9628512635163382
1859,705,2207,704,31.905678102351366,7.999999999999984,10.331611910439157,8.811939977164341,0.9349828918182888,1.2914514888048974
1860,1923,1966,381,27.704518175181512,7.2354134548868885,10.522866017009383,8.472111590079917,0.8656676998496446,1.454355868205722
1861,916,1611,915,51.07017276986312,8.0,13.46270299546363,11.587967552648928,0.8381165171759647,1.6828378744329537
1862,588,1832,1912,52.57041165976091,10.935274450401796,11.187463867251559,11.020366728410238,0.999536648126174,1.0230620107427204
1863,83,84,2221,35.57806498494203,7.442950021904306,12.073617712060777,9.692340733157478,0.8425004158581543,1.6221548816703861
1864,416,417,1641,41.92372469070597,8.0,11.811930196190701,10.199758288744299,0.9079916434521335,1.4764912745238377
1865,1641,415,416,39.79204243254608,7.406692854427676,12.532452143664704,10.242163222711525,0.8397722058223563,1.69204426185607
1866,415,1641,414,49.95749917139048,7.999999999999984,15.416668596015729,11.983040246560138,0.7544986364996131,1.9270835745019699
1867,2203,160,1972,68.8938333977327,12.306732655875495,13.226982957687389,12.635191811310905,0.9954925737661101,1.0747761674478682
1868,1982,671,672,51.72719428639981,7.999999999999863,14.166262144121712,11.762199843926469,0.8204097757086294,1.7707827680152441
1869,1773,1573,1622,89.61526867197118,12.952416634871447,15.894140558710678,14.535169750629422,0.9728263045099852,1.2271177654924492
1870,1384,1535,1383,58.712303115202836,8.000000000000025,19.168420131401284,14.157103883369212,0.6111277054051331,2.396052516425153
1871,2073,2173,2072,66.38303147547055,11.60730182943084,13.951945712093908,12.518676298982834,0.97170162731338,1.201997321782235
1872,2072,1573,1621,84.3212516339765,12.938348671788884,17.593882296145022,14.538218573282686,0.9014024320502979,1.3598244059156628
1873,899,900,1538,64.17562889111264,7.999999999999903,17.323814712552892,13.811486509290598,0.7129148904940324,2.1654768390691377
1874,1794,943,944,37.242308510009934,8.0,11.210649398515173,9.561769755944368,0.9233289565370895,1.4013311748143966
1875,876,1980,875,41.69057919732839,8.000000000000057,14.163048616230867,10.902071576118432,0.7687041292540688,1.7703810770288457
1876,2073,413,2173,71.18548027708108,12.22793799530015,13.951945712093908,12.892340856165369,0.9856697287628863,1.1409892426226225
1877,1534,1371,2002,133.42527196441108,17.34571036339528,17.776736541699037,17.556355480504518,0.9995972111326891,1.02484915113153
1878,2087,1028,1029,22.520221579577537,5.751817671139039,10.766576526678069,8.172798065939036,0.7325013357349553,1.871856366501609
1879,1569,668,2205,71.09786168213462,10.87591713455568,15.355380875487663,13.202324095680403,0.924197203757433,1.4118699770798673
1880,1623,418,419,41.817512679295376,7.999999999999984,11.941450713638353,10.21027228363911,0.9029467988579322,1.492681339204797
1881,422,1720,421,39.37059243210308,7.879162664787699,11.062417300564457,9.805143624051697,0.9272763799302585,1.4040092546893155
1882,1721,420,421,42.13968555618371,7.999999999999886,14.127492955241632,10.91890992360542,0.7753003130915851,1.765936619405229
1883,1838,423,424,26.856634833512423,7.561834099006631,12.62802691407714,9.284781854593598,0.6756468463701215,1.6699687865059134
1884,2040,1566,2042,96.28812044746876,13.76414361610392,18.250959673494307,15.384958967002419,0.9233493978984875,1.325978584831159
1885,424,431,1838,65.18724268381506,10.342154814865294,15.84454753997013,12.938243089637522,0.8727548046232624,1.5320354243001635
1886,1927,737,738,45.88006837427495,7.443373428506143,12.976487954801325,11.068568315852849,0.8207858748625569,1.7433611358399437
1887,1720,1838,1719,69.99923535427014,10.234414357872703,14.606864965896042,13.148137522408497,0.9127018804933926,1.4272301721553693
1888,421,1720,1721,51.18502535186403,10.629236815574743,11.062417300564457,10.87682555656363,0.9988864357020986,1.0407536770989039
1889,869,870,1529,69.81842821982853,7.999999999999972,18.262098475543294,14.637892408053,0.6821720720939788,2.2827623094429197
1890,1898,1957,2160,91.87170933620953,12.169216226486837,18.05574472839619,15.164473133196708,0.9000040514747102,1.4837228949138945
1891,1980,876,1971,96.74037803331761,14.163048616230867,15.919404733740507,14.999591003919278,0.9907186437842794,1.1240097499557302
1892,1130,2196,1823,62.65983267210149,9.619053875023868,13.89677923313137,12.464814497087376,0.9077024816895329,1.4447137331473663
1893,1898,1621,1573,122.08279193745452,16.248426495069097,17.593882296145022,16.82043531943292,0.9953718805517541,1.0828052981920575
1894,388,1922,387,36.02970866334257,7.525223385819477,10.554792666864344,9.380210562071394,0.9271027719028597,1.402588617735094
1895,1605,1939,2224,114.00122015670023,15.573769998139047,17.47014725884276,16.2938336943468,0.9890382614151046,1.1217673858629167
1896,1124,1125,1527,49.45269390595174,7.391086232106805,14.21558131736169,11.745823443978713,0.7742617157734797,1.9233412885388002
1897,1526,958,1945,87.8936780808694,12.432049703588952,18.48769523367763,15.02307144597678,0.8742201981259441,1.4870995269863265
1898,1958,1971,1979,86.35696886366168,12.875307036126015,15.948855030127739,14.298410952983778,0.9679100433055796,1.2387164815081961
1899,1717,660,661,52.752778129883474,7.999999999999944,16.927436920233152,12.790586546836906,0.6879169361670614,2.1159296150291587
1900,96,1588,95,79.08611116230486,8.0,20.838198492891248,16.220180012604775,0.6148472436050307,2.604774811611406
1901,870,871,2140,38.033074252723964,8.0,11.859197025255787,9.803715412499196,0.8905658089670347,1.4823996281569733
1902,2005,925,926,27.643580816764697,7.40215448743274,14.53326707772793,10.31995775595521,0.5512194227266125,1.9633833774210305
1903,1788,1548,1789,76.10108278653848,11.079052440187445,14.918259300335281,13.569592766330699,0.9386119282649419,1.3465284491498337
1904,2027,193,194,52.69857354395097,8.000000000000146,14.799989478114028,12.011486549542001,0.7968434904032453,1.8499986847642198
1905,193,2027,2163,62.54108133676726,11.477519670279948,13.23447017051183,12.103366499441043,0.9816414373295689,1.1530775420739512
1906,194,2026,2027,92.41259518867898,13.947576216821973,15.156558654233677,14.634708116389893,0.9952702933599806,1.0866804682489253
1907,675,1984,674,49.210795478769136,7.689276683732369,13.93305043276069,11.535794882034113,0.8081758565982777,1.8120105447938697
1908,195,197,2026,59.60101548575667,11.222558259688904,12.05840678865342,11.749547267718391,0.996024068034278,1.074479321882147
1909,163,1713,162,48.281724495637214,7.905554637754293,12.969356086226723,11.197936477501338,0.8523035511723532,1.640537151471878
1910,1714,199,200,49.00588635530394,7.641464806830676,19.605245532255722,13.98293598207934,0.5152799248269799,2.5656397075506607
1911,1370,1371,1534,62.255237351397085,7.6200574818810916,17.54661953641924,13.850794651409823,0.6798382504613063,2.3026886054523135
1912,197,195,196,20.96359228455594,5.922808121652564,11.967676754812848,8.630161625488439,0.5994100904984508,2.020608554084589
1913,2065,2059,2056,91.19919234002224,12.781777165625803,16.199261182785275,14.713427554129234,0.9637792733491936,1.2673715847863594
1914,198,2026,197,41.88914060745639,7.999999999999984,12.05840678865342,10.241370588186323,0.8980514011520058,1.5073008485816806
1915,940,941,1653,45.6635611465761,8.000000000000064,12.284583602489638,10.738011666029069,0.8856277581217886,1.5355729503111926
1916,1759,1760,1874,100.04313305715468,12.864926688536848,16.967205549476677,15.510747073856281,0.9465142266640987,1.318873084958589
1917,2141,687,688,42.68146613941688,7.93933242877051,12.523206757936068,10.440380027325348,0.8754576041811707,1.5773626901620266
1918,1556,2026,199,113.64082010946694,14.495149222601105,18.65079110962736,16.47677793577216,0.9564885551620707,1.2866919010772722
1919,374,375,373,40.83333333333303,8.0,12.102917452692086,10.14021226115178,0.8926145427871066,1.5128646815865108
1920,474,1763,1878,96.52153326855851,14.046187410606091,15.535171306145648,14.972177446088034,0.9924552598438644,1.106006267182171
1921,1663,1662,1805,102.63074011417578,14.425466557055136,16.373075313143065,15.45675791169874,0.9894192120655481,1.1350118381533665
1922,1657,373,375,50.8621805112983,10.117347095813578,12.726139701761024,11.053735376112618,0.9504082873333116,1.2578534255315734
1923,1008,1718,1572,110.54881791723949,14.602061293038037,18.201474059949668,16.199984706039338,0.9645660223136004,1.2465003190082318
1924,1629,1876,1763,76.71360459912184,11.891511318966499,15.46204949122018,13.562931762582046,0.9519550437979931,1.3002594099674118
1925,936,937,1638,48.09906352826826,7.773782333702808,14.765168348989633,11.638941691991008,0.7720080151073396,1.8993544860364886
1926,382,383,385,53.45223406463849,7.608014713244396,14.999235983005512,12.285262618934945,0.7621801865212698,1.9715045972366647
1927,1415,2031,2030,82.50128367129219,12.703331876152701,15.71611644108322,13.989500933181255,0.965601404544025,1.2371649103009157
1928,488,489,1553,51.82810588190523,7.999999999999944,13.58388424269714,11.707075154356895,0.8316142198278205,1.6979855303371543
1929,1944,1526,1945,92.33133413883715,13.958881173567566,15.965970327540674,14.691440300590665,0.9841841806405588,1.1437858184346263
1930,385,2112,1725,80.84132221238535,11.982985891598513,15.50169224799895,13.88716543594468,0.9576124644534119,1.2936418675805557
1931,1946,959,1948,72.10320473062737,11.81725875946337,14.294841249876262,13.024918458476883,0.9756359978786994,1.2096579706718211
1932,384,385,383,39.76657438139756,7.999999999999903,14.248537160554934,10.810741546767,0.743161252252796,1.7810671450693882
1933,2015,893,894,37.574803293531694,8.000000000000057,10.574339091126712,9.49346670025369,0.9502793105876881,1.3217923863908296
1934,376,377,378,28.457073863468658,7.169193549834552,11.382839746790504,8.85067776554168,0.8048304163019285,1.5877434006581106
1935,379,2048,2047,52.792461817600255,7.978078878359069,15.013167122962884,12.08516381998556,0.7865991301814266,1.8818022924900928
1936,378,1657,376,47.86404469508654,9.548754472563473,11.382839746790504,10.594902520781025,0.9795414503334626,1.1920758649200716
1937,1542,1022,1023,58.51982045856757,7.999999999999943,20.09455057895366,14.60770992582088,0.5669029917055032,2.511818822369225
1938,1657,375,376,35.16981490005061,7.816258543355718,10.117347095813578,9.160786703910924,0.9569196341916943,1.294397701879235
1939,1745,905,906,45.891440128427824,7.430982888446989,13.039616672624781,11.080858457450555,0.8186563318821317,1.754763383037469
1940,380,1966,2048,44.54429883100389,8.612263109888493,11.949325445980762,10.411742435774068,0.9326892132123481,1.3874779826757377
1941,1381,1382,1702,24.882846219153095,6.298515824536832,9.37444779586125,7.890987873466043,0.8999843373337569,1.4883582191445253
1942,1574,2115,365,49.44120661018467,8.647034566540679,14.495764264539345,11.527065702608203,0.8239345840172208,1.676385603988455
1943,1659,8,9,32.01440426412892,7.434396231397578,10.459588907599192,8.878663108123943,0.9199754669767569,1.406918407634148
1944,1542,1043,1044,62.56576333528322,7.859273561601934,16.975304337173647,13.625894345618123,0.7137509116839604,2.1599075543202773
1945,1921,390,391,18.860611745170075,5.088051934884951,10.97632416002297,8.021458698302636,0.6211504279770643,2.157274395091481
1946,2198,1091,2197,77.00670390508891,11.953567269794116,15.32958198541043,13.5579338504921,0.9575096770619398,1.2824273825059138
1947,1675,157,2202,70.525665714524,11.215692306519623,13.997043607033387,12.924308509237497,0.9664319758383817,1.2479874825825044
1948,389,390,1922,43.69288634208288,7.999999999999984,13.79096413756267,10.90740202463595,0.8100807508058923,1.7238705171953372
1949,1750,1546,1749,73.98765903575794,10.556615136638547,15.618477969419196,13.55479633233138,0.9067479337605278,1.4794967674072521
1950,427,425,426,58.58525616962609,7.999999999999984,16.168591827659046,12.953354142152572,0.7498957225469101,2.021073978457385
1951,2133,2138,2139,81.64160563559942,12.952671425236057,15.382362562944891,13.86763060109993,0.9745097219893966,1.1875822413726174
1952,424,427,428,79.62596223304362,7.830235457091609,21.811444948932817,16.659939508176436,0.5802774109349059,2.7855413886920664
1953,431,432,1719,37.771872441593025,7.976727742887967,12.132844731688042,9.86274502867094,0.8703337335193845,1.5210303175391262
1954,428,429,424,81.66666666666535,7.999999999999886,21.811444948932817,16.743568404430466,0.5914204510923007,2.7264306186166407
1955,1623,1773,1892,60.41835996381758,10.73487109070835,14.353487236422927,12.164149654758532,0.9274945871768399,1.337089855587246
1956,1666,644,645,39.649266919541105,8.0,12.811370406527072,10.241457150193542,0.8416029041098403,1.601421300815884
1957,430,424,429,63.22867789514484,7.618365403501941,20.419260264358694,15.05931899361535,0.5698158716024241,2.6802679030035175
1958,1677,1441,1617,76.52383381108407,12.027743423080695,14.228695535423434,13.394413214938114,0.9798448839136745,1.1829896128411928
1959,430,431,424,63.15496132465735,7.999999999999904,17.14033131298541,13.661626284318482,0.7186616254659391,2.142541414123202
1960,2066,1605,2226,72.53655205451957,12.323232225854921,14.462544260926204,13.06476346790138,0.9758242336439964,1.1735999124144452
1961,1237,1238,1643,66.42453394096835,8.000000000000028,17.51427349443002,14.09925424353485,0.7053614048844996,2.1892841868037447
1962,2098,437,438,45.943021271156894,7.999999999999984,14.049983664954024,11.17870231311784,0.8092444128886519,1.7562479581192565
1963,1719,433,434,46.24455285115889,8.0,13.89586183275801,11.15355045873473,0.8197528579690859,1.7369827290947513
1964,1885,858,859,29.376879836437286,7.517005418065378,9.739937469388025,8.418980962484465,0.9450124797952031,1.295720426911007
1965,1839,408,409,40.97852706690081,7.596209515204078,11.567679961619374,10.161160897630278,0.888191451823691,1.5228226575986694
1966,434,2150,1719,78.42130455700268,11.845677926672657,15.280874046428227,13.674137935286298,0.9583690283038978,1.2899957386162435
1967,432,433,1719,35.970769846612555,7.627094023539682,11.564789543446178,9.55684872614089,0.8844799316873825,1.5162773013881161
1968,1080,1522,1689,70.11862719650875,10.009539247014663,16.84596754545195,13.627065824270574,0.8365734336771706,1.682991307564556
1969,439,1723,2098,67.71282819780542,10.263128454832199,14.394889991813434,12.867636837925536,0.925293700651727,1.4025830481577841
1970,1533,1828,1700,127.62913789251516,15.13529117994928,19.708555891209144,17.47228351547419,0.9545790845157847,1.3021590174174098
1971,2099,1894,1895,85.20265957375096,12.17339494620172,15.94089002592159,14.27747263579643,0.9537496067179577,1.3094859812213178
1972,1467,1655,1466,40.18848151308646,8.0,10.963232449818056,9.880051947795536,0.9337494644846933,1.370404056227257
1973,1631,1764,1938,84.07502544488646,12.547923639738483,16.01092668858015,14.161334624756867,0.9584979728608651,1.2759821583448718
1974,860,1768,1885,62.16626884856511,11.811459275408902,12.089018115747042,11.98381120424502,0.9995824122198044,1.0234991150429658
1975,1387,1388,2095,52.00660732923044,7.442950021904418,15.507149807401543,12.314479811511566,0.7328146906519857,2.083468216468522
1976,1440,1677,1439,37.10312671059148,8.0,13.641751134982364,10.377100777735699,0.7557218618963154,1.7052188918727955
1977,441,2100,440,39.4111236998272,8.000000000000064,11.017981571171969,9.779185839031632,0.9354506179716101,1.377247696396485
1978,1642,1635,1776,89.03470329945992,13.355311929097656,15.468383901451151,14.41729059193325,0.9856872934813592,1.158219589596382
1979,232,1726,231,38.74604522211539,8.000000000000114,13.33985339756589,10.365664432869854,0.7961966919275886,1.6674816746957124
1980,1855,748,1732,72.15055321390021,12.733582935378298,13.113812251281932,12.911161493586183,0.9994125816155954,1.0298603557092503
1981,1744,1743,1539,69.38679985822004,12.413672511420787,13.09439823758805,12.669739976341347,0.9976851083129276,1.0548367717563827
1982,1739,1864,1532,71.48513958444738,12.631730522855765,13.027278397525498,12.85179176939637,0.9993476633567548,1.0313138309872927
1983,443,444,2049,41.85288683558488,7.4678985281259855,13.251480706336322,10.645077680903043,0.8118488253799819,1.7744591274811663
1984,1545,1704,1868,128.20113846115294,16.4083414333905,18.660851297628444,17.2945195683829,0.986691163131296,1.1372783393971893
1985,443,1722,442,30.494212045560676,7.889156568568536,9.254201804416004,8.455408226702781,0.9803963772577322,1.173028032082161
1986,533,1750,532,39.26449147340554,8.0,12.198805491628931,10.014702857151372,0.8782579962587932,1.5248506864536164
1987,401,1767,400,35.923716782419135,7.72602967706989,11.58453948969417,9.548621305397527,0.8855895474111344,1.4994169028467446
1988,2050,2165,2049,89.881113929418,12.613461432474077,16.074011985182675,14.617024780409517,0.961857997914575,1.2743537585804332
1989,444,445,446,27.838172461267863,7.036887870560482,11.408992114019876,8.81529332819342,0.7914733562924924,1.621312194237246
1990,1767,1635,1775,67.61857409229219,11.860961567471124,13.513794459778437,12.557399361958298,0.9872360429559047,1.1393506658718322
1991,1902,561,562,42.32580631859791,7.596991042691651,12.700717427249854,10.513763674354806,0.8488919661335378,1.671808924859536
1992,447,2049,446,48.53281089210137,7.855583790849372,13.194754272326222,11.273671848140117,0.8429269030806732,1.6796656523091533
1993,1810,22,23,46.39211482867843,7.424883350079856,16.488768005367593,12.282246996315564,0.6502760395588373,2.2207443845148425
1994,2049,444,446,59.619514314369034,11.215853808246822,12.770677481244752,11.798507801170482,0.9856948821545407,1.1386273126932784
1995,1512,1752,1901,110.37508097895221,14.02461532561159,18.96364936301852,16.36722416046446,0.937188993396955,1.352168948861458
1996,2100,441,1722,54.28674781609651,11.017981571171969,11.407656334299192,11.200316792797905,0.9991803577188225,1.0353671641770386
1997,1576,2110,2100,77.0353106896259,11.601832573497449,14.651887784493114,13.53124562963454,0.9617958306555515,1.2628942618912666
1998,1520,1688,1158,77.93692805416211,9.697309619990875,18.694687616382367,14.822213419997778,0.7692619280550299,1.9278220814816016
1999,1886,858,1885,62.504009066916126,9.739937469388025,14.096979045625561,12.417871096753975,0.9143611387980333,1.4473377359897257
2000,1522,1081,1692,82.50899760203178,13.018287686790583,15.565994848670817,13.957136518804537,0.9716403586325493,1.1957021709134101
2001,1921,1842,390,51.12204874090324,9.34036405246574,13.878456477541825,11.398381563343511,0.884721896272919,1.4858581956319021
2002,2050,2209,406,74.70346905005631,12.186427961707187,13.742770122681097,13.189593626375753,0.9888230079058888,1.1277111033573026
2003,1079,1689,1078,44.80777189048049,8.000000000000064,12.770082137910194,10.708947164806597,0.8718901691452556,1.5962602672387616
2004,404,405,1578,63.669391820475994,8.0,16.889485975836752,13.659919201184792,0.7253364166781653,2.111185746979594
2005,1578,405,2209,100.75236726301026,13.55872344697246,16.59847423460045,15.415823103096843,0.9718587830294801,1.2241915176982785
2006,1141,1691,1140,48.345525773575865,7.952548229745359,12.863459994974985,11.180146732431687,0.8574707665981255,1.6175268132120304
2007,1688,1156,1157,29.98363468571165,7.9152492636485805,9.272366410935211,8.39587189152793,0.9769774618773945,1.1714560214192242
2008,1624,1841,360,51.25390980004471,10.496307013944321,11.132446664420025,10.890253595104474,0.9973815469788349,1.060606044547915
2009,1998,1073,1996,91.19166793963431,13.427725997447139,15.28873887481252,14.578435331605986,0.9877730467220076,1.138594790936246
2010,1574,2048,1966,50.03692221601125,9.942153443067648,11.923193862437238,10.846328685652614,0.9767012194970606,1.199256673185919
2011,1724,392,393,42.78351851288953,7.999999999999984,11.531798268470247,10.28204401094321,0.9120494930626167,1.4414747835587838
2012,1921,392,1724,42.72081778484931,7.700444981834945,11.995788345285977,10.409343865197057,0.8804215770528953,1.5578045650067733
2013,1857,1601,1858,63.448125714822254,11.299691684294103,13.478925029033613,12.216264424863192,0.9762717038618244,1.1928577704264722
2014,2120,1852,990,52.042547230586585,10.10313301024146,11.533003684475164,11.017518627916076,0.986709049430834,1.1415274522055936
2015,1840,1624,2113,85.15620827335829,11.94071783827173,16.57955038039395,14.401265120077943,0.9319367404488912,1.3884885820896036
2016,1996,1519,1997,85.44888964964176,12.496802554573366,15.688746522452721,14.227117511535475,0.9666448181388119,1.255420852969404
2017,1724,393,394,40.80629424929038,7.874165455218465,11.314333764359397,10.025646054098074,0.9161939382003095,1.4368930686947936
2018,1519,1075,1076,50.55940461669802,8.000000000000004,17.074310656591862,12.728063078959396,0.6641736171586191,2.134288832073982
2019,1841,359,360,24.73677427898072,6.310596618263598,11.132446664420025,8.481014427561256,0.7524813973753167,1.7640878252622634
2020,1578,2210,404,114.84848072255333,15.795286932073498,16.889485975836752,16.30474024337941,0.9969338902768483,1.0692737680846685
2021,1922,390,1842,82.8966388872245,13.79096413756267,13.878456477541825,13.836380650079542,0.9999732364875732,1.0063441786307639
2022,2209,448,449,43.5151663120208,7.600347153078407,12.543007173545998,10.619976775981224,0.855582266080232,1.6503202973387394
2023,721,1601,720,42.91841930952842,8.0,11.833616134985874,10.32571923602365,0.9059590592124473,1.4792020168732343
2024,2209,450,1578,112.79777437106085,13.55872344697246,18.19204748019069,16.502557591169065,0.9414391047414671,1.3417227330684152
2025,1854,2119,2121,102.10164650201894,13.949525684517988,16.625450890056147,15.473881706161272,0.9796003455516952,1.1918291177819802
2026,450,451,1578,58.65848571642627,7.964643781549513,17.756901846344046,13.526687897513659,0.6778736487197909,2.2294659162885324
2027,1942,1887,1941,74.80740700733651,11.955007069952416,16.03988892723105,13.552159667904059,0.9246497823535139,1.3416879499423746
2028,2084,2210,2085,74.02022940096734,9.994090853834136,17.039215872773937,13.976461561104216,0.8378025240446849,1.7049290547761038
2029,862,863,1943,30.511856036739715,7.445520569589072,13.033768431719343,9.701697626001119,0.7053008500407737,1.750551665246248
2030,571,1787,570,30.032342319560012,6.091960857088273,10.740142300714684,8.953575896537634,0.8222948873824363,1.7630025130936358
2031,570,1787,1788,51.72121093438388,9.872383379447145,12.893579326260774,11.168701668807534,0.9453279370521213,1.3060249820831833
2032,2085,1578,451,57.51375609469119,10.43721846505063,14.858518064647413,12.108905149307086,0.8827484586753565,1.423608992606761
2033,399,400,1767,33.21684847963496,7.412233955655005,10.167671264255254,8.971733323112927,0.9375183430479538,1.3717418156368428
2034,1920,2153,785,60.482549176543,10.466243485331,14.743246982542036,12.280486798997236,0.9065942448021969,1.4086474295391163
2035,397,2083,396,29.33789478321073,5.658186160266452,10.93627766306712,9.064067963550492,0.7701262080594093,1.9328239392095425
2036,1753,1752,1869,78.93481460913061,12.38183913208716,15.238973871562846,13.664767020139612,0.9689751405813276,1.230752048140531
2037,1729,618,619,61.22169945117474,8.000000000000025,17.32040199250727,13.542069388840602,0.7089785716302982,2.1650502490634023
2038,401,1781,1782,77.2266801419583,13.041287057291743,13.592919835122656,13.360729118733579,0.9987890748423963,1.04229895219755
2039,1936,1935,772,63.1624716346733,10.616201839143777,16.65787283964629,13.072930241166901,0.8212261601384461,1.5690991083294805
2040,459,2061,2055,70.74343120986299,11.80957597304413,15.564758802235055,13.166877202024951,0.9269064980503379,1.317977786650621
2041,1633,1766,746,64.49581446468179,10.016857805145316,13.971617660678621,12.55392589864995,0.9260882445253524,1.3948104218372632
2042,1642,358,2083,70.30865686158903,12.159309638368574,13.716941512529914,12.796925607791799,0.9888270431320515,1.1281019992488923
2043,1598,1781,1644,99.69403492969087,14.438632202677775,16.494219345520143,15.255747068500634,0.9858805888808579,1.1423671656696914
2044,1596,1924,1846,76.22334573947066,13.050040009360734,13.413946138699908,13.270442467380002,0.9994356740425979,1.0278854416598069
2045,2209,2050,448,67.14782367686688,11.716576001319263,13.742770122681097,12.54810090108323,0.9801917748704474,1.17293398012642
2046,1635,1782,1783,87.7318101508174,13.978921160744676,14.391457718785365,14.237568070927006,0.9993377836848725,1.029511330187566
2047,2084,453,1644,86.69490152072588,13.43992575682579,15.687571393760024,14.265234800550887,0.9789561339332283,1.167236462284229
2048,1595,1853,1854,70.20807867887635,10.839934324429715,15.100138492506698,13.08492589920516,0.9304056878833736,1.3930101456865709
2049,1596,1633,1765,117.83195416577148,15.549409576934323,17.87283456212041,16.583583714631384,0.9861341147877845,1.1494220712169425
2050,880,1652,1607,110.41039514435246,14.468970398873969,17.738087384293834,16.135202531875787,0.9727382399916571,1.2259398488833926
2051,1714,260,261,67.07198153889199,9.874244415569725,16.55918348014965,13.341577071189468,0.8351233085867783,1.6770076557998808
2052,259,200,1818,87.6983798691839,13.877184120014975,14.958871331690304,14.258138937490246,0.99503819154589,1.0779471686993918
2053,888,1664,881,74.86441451056024,11.089260863918222,15.43606916922268,13.500437042464801,0.9319115801768872,1.3919835919315346
2054,1818,201,202,37.53532011407506,7.5588345461977235,10.850600801488753,9.613399498539478,0.9167348798987174,1.4354859515938032
2055,1797,1652,890,53.63556995529078,9.481038290358528,14.192222046058388,11.674781125753297,0.8844282324495517,1.4969058885133673
2056,1818,203,1683,74.00581247005552,12.209694131941426,16.1533521982911,13.527383476569383,0.9167075731554724,1.3229940098198516
2057,1881,328,329,56.07570887960537,8.0,16.176390045448805,12.731832795842115,0.7439596487895066,2.0220487556811007
2058,1609,1653,1890,73.96178223102676,11.96088404089248,14.549047115972954,13.200883352675282,0.9738964725189,1.2163856004482552
2059,1818,200,201,41.37612850493233,8.000000000000064,13.938361360765459,10.789708169565827,0.7809284441122957,1.7422951700956684
2060,262,1714,261,66.23441670339662,8.0,18.33004044464303,14.296407974930892,0.6806401399601597,2.2912550555803786
2061,258,1818,1683,91.47956317216884,12.927852343315111,16.1533521982911,14.712733615680646,0.9679518294299928,1.2495000537845613
2062,1516,1857,1858,73.54230071096092,11.870176561261866,13.915603616450987,13.119292796410107,0.9822052739857944,1.1723164811098379
2063,1533,1741,1866,118.51252330867055,16.07571931448161,17.5655126583556,16.588714487457583,0.9928536995102645,1.0926735105739207
2064,395,1724,394,41.96572252997765,8.0,15.138452353948306,11.342297098888219,0.7061580638010172,1.8923065442435383
2065,2222,257,212,87.61602077356376,13.553646776423856,15.107543622253786,14.268689868727314,0.9918380921929472,1.1146478782767812
2066,1579,1843,1725,123.36388126930021,16.10215721399741,18.92077788136218,17.04712694713433,0.9744726074520826,1.1750461525064841
2067,517,1749,1546,76.60110084637017,10.556615136638547,15.992643492798878,13.85345166901333,0.8956495565613697,1.5149404696296696
2068,1606,2242,2243,57.65035860089986,10.166596836097058,13.69606237889036,11.824497081370987,0.9381335633171834,1.347162929709354
2069,211,212,1683,44.29167219804707,6.627316037357661,14.593887543361745,11.536566411163799,0.7035616383586207,2.2020811232023862
2070,204,205,210,49.30343802645699,7.999999999999984,16.266552173362264,12.288903288657835,0.7008801481993852,2.033319021670287
2071,2071,1620,1202,86.02755726208741,12.954256897673885,17.443650778886486,14.593752875422274,0.915247627242534,1.3465574225271644
2072,210,205,207,89.99413040478139,11.68529188311916,16.701112496934634,14.884318851138687,0.9168086032829827,1.4292422186784606
2073,1723,2111,2098,59.117428647330875,10.263128454832199,14.833602025399752,12.21788696317234,0.8924615647257184,1.445329471484461
2074,335,1764,334,41.053064468517086,7.393032026125455,13.653354594366622,10.721940256634767,0.7798573300708286,1.8467868861001107
2075,207,208,209,43.56325256937619,8.000000000000064,13.46351698139888,10.78488575797325,0.8294283585840634,1.6829396226748465
2076,1858,1928,1516,79.42638797787242,12.785396561023859,14.422304461318177,13.593266411286502,0.9903019547229693,1.128029497754056
2077,207,205,206,23.731483134834043,6.2826729131022505,11.68529188311916,8.655988265407105,0.6850174602102432,1.8599236415363871
2078,1772,1640,1614,80.95771781249968,11.755051847402532,17.67611826245398,14.407307315227719,0.8752835308015359,1.5037039812257231
2079,213,2223,2222,85.90113434695121,12.528513678638113,16.962743385334893,14.47937907307216,0.9310508176785329,1.3539310264917868
2080,1646,141,2094,74.87834532916243,11.794491689778301,14.393261799383506,13.279935373860406,0.973937768366534,1.2203376099588445
2081,2222,212,213,46.8277128649329,7.499418325618746,15.107543622253786,11.71182520883688,0.7349353262024508,2.014495387014876
2082,868,869,1698,50.8352891362574,7.463329019132363,14.15092823801676,11.904355336027754,0.7745254493622371,1.8960611547126798
2083,601,1711,1551,85.6957698763624,12.304495876648623,17.834611600950172,14.70568674540163,0.8930004091080745,1.4494386263151633
2084,1820,1580,1821,98.71150153864858,14.092658452161698,15.80212918125969,15.152893830533614,0.9903673820801537,1.1213022180946828
2085,520,521,1748,51.13110552816046,8.000000000000114,13.440416192843497,11.596532328675513,0.8377687866101409,1.680052024105413
2086,1909,217,218,28.98702316145673,7.400810060171512,8.763937544556109,8.244261090516673,0.9796973410968982,1.1841862543832136
2087,2100,439,440,39.41112369982693,7.999999999999984,14.818615910558352,11.0460639521604,0.6999711777710736,1.8523269888197977
2088,1580,1819,247,74.36980242778695,11.846954100502167,16.053564894221136,13.53003529914056,0.921580512024268,1.3550795215405333
2089,1909,2223,217,48.605245420067014,8.568035666822398,12.625973505879568,10.978961863123777,0.9083555654578432,1.473613555878453
2090,1683,204,211,68.4828123053471,11.150856740556474,13.593554706102628,12.710969033143698,0.971507099637419,1.2190592187111404
2091,1620,2172,2070,116.28666855800944,15.710521056659779,17.769206695990633,16.46974002815137,0.9869459142785253,1.131038660774282
2092,2112,385,386,30.126280766726676,6.6660251990977395,11.982985891598513,9.255743042071819,0.7697060646706931,1.7976208510613545
2093,1911,1828,1301,65.62517343168756,10.954139977679073,15.0060245216008,12.698270897869065,0.9233198821853965,1.3698952681066823
2094,1853,1514,1854,68.5517660373702,10.596419822755122,14.932418373920926,12.947847692451704,0.9266362817698401,1.4091946736438783
2095,1557,1799,1771,116.70971147732735,14.921460311233274,19.30720613626656,16.76064082947912,0.9477959211374588,1.2939220246245993
2096,164,165,1914,43.41164253639969,7.564139129472875,14.616286955721035,11.251450585663909,0.742981438617836,1.9323133413517217
2097,1563,1836,1915,103.65191135974761,14.64858334985763,16.080710050152334,15.507686750483323,0.9937839586983153,1.0977655426528752
2098,927,2005,926,34.90295203534197,7.999999999999984,10.421047560205304,9.148499754303417,0.951880547333129,1.3026309450256657
2099,1786,1785,1590,69.08397208752213,11.601154210611455,15.88746888618787,13.149294633921928,0.9030332107001959,1.3694731229118364
2100,959,1946,1945,74.46417371555331,12.182125845539884,14.540452585385822,13.228411265672241,0.9773491632549427,1.1935890968249492
2101,1755,1616,1871,79.39536979543364,12.126530926197363,16.141095280682674,13.878446254929422,0.9382275061306691,1.3310562912772117
2102,79,1640,78,40.09619015059951,7.424883350079775,12.158173306167585,10.17982181314478,0.860063793339548,1.6374901440083842
2103,1616,1615,2068,63.74397791627504,11.109697390593016,15.33290235377701,12.652149286961764,0.8992841696708398,1.3801368133357022
2104,67,1654,1799,105.3674551436,14.14410108955787,19.113259804603704,16.10465883094653,0.9216401136863792,1.3513237556478157
2105,1682,2208,999,62.12486450642147,10.853846357214602,13.34308158922271,12.107592197612684,0.9718516863842019,1.2293412998566633
2106,82,1771,81,57.192473685451425,7.676514615012859,15.815318646713438,12.860238432730364,0.7382536765727077,2.060221264450357
2107,2037,2035,2038,44.651748081701136,9.802450321809323,10.580096478503442,10.16990144215444,0.9960416474461476,1.079331813083913
2108,1771,1614,1640,114.96400180902117,15.650842885936632,17.67611826245398,16.376471709493394,0.9868449133026757,1.1294035977025365
2109,2068,57,1616,46.103788136852664,8.690626659080316,11.90341141858789,10.567911822753741,0.9376851373903973,1.369683900314683
2110,2154,2152,1918,52.24567031852985,10.035892376260204,13.139640970933003,11.260515911923454,0.9380904589880535,1.3092648344869344
2111,79,80,1640,42.240359864338046,7.505599957096001,12.158173306167585,10.429749979972632,0.8624928734267714,1.6198802728185524
2112,1983,1963,1962,83.07465205487699,11.186347032494158,16.735181932524316,14.391859263896798,0.9022889031851818,1.496036363248152
2113,251,252,2052,44.7332587424153,7.999999999999984,13.254713932597106,10.8243347824717,0.8478504219223147,1.6568392415746416
2114,81,1640,80,46.47319677956057,8.0,14.341789124905565,11.322421933853292,0.795318760484116,1.7927236406131957
2115,1733,1857,2135,63.229625566944364,11.050443471811894,13.748022261246655,12.248569978325195,0.9652107099501783,1.2441149802101517
2116,2069,1206,1207,44.35342497422504,8.000000000000085,13.31129993107744,10.80594660551057,0.8429377849290302,1.6639124913846621
2117,2180,2075,2233,60.65302034129577,9.207372373646335,14.046749833477056,12.374688992215155,0.8856688749944603,1.5255981037198145
2118,85,2221,84,33.493084711330994,8.0,9.560454465507348,8.864122903996316,0.9791927024739459,1.1950568081884185
2119,1976,1566,1982,112.16936689036663,14.340827656293328,17.82634212585239,16.282912061936482,0.9693402559473664,1.2430483479124357
2120,1908,2051,253,51.95685708878773,8.842566761252327,13.631561000609961,11.46127577209738,0.8869445264582748,1.5415841767056553
2121,450,2209,449,42.02558293989246,8.000000000000064,18.19204748019069,12.911684884578918,0.5272018432085392,2.274005935023818
2122,2052,2051,248,94.16699198235048,14.151511609104908,15.375893906086453,14.772234139123256,0.9954247659194125,1.086519541572774
2123,1612,2097,1545,125.7507972587557,14.428285474582019,19.53567658249982,17.425003101312157,0.9417525426638343,1.3539846170160257
2124,2052,248,249,41.88732195293589,7.999999999999903,15.375893906086453,11.447683439863175,0.6898174512307674,1.92198673826083
2125,1397,2038,1396,33.051555370284156,7.500656265907799,10.206826849688563,8.94295325109532,0.9398667797202003,1.3607911745110797
2126,86,54,1754,54.473192328272155,9.306605808229898,14.955006953605215,11.98932091179793,0.8437249330074484,1.6069238626589724
2127,301,2236,300,29.31083463448681,8.0,13.469079424454401,9.835379243300219,0.655047104151524,1.6836349280568002
2128,86,53,54,47.08627953643145,8.0,14.955006953605215,11.596680743459629,0.7627024467541668,1.869375869200652
2129,1754,55,1615,82.31502518785244,12.112687711457351,15.894715367258172,14.046554667337356,0.9519517316424618,1.3122368664902846
2130,85,1754,2221,49.5222245376,9.0319142464816,12.315074759967501,10.945425511616074,0.9393817301534249,1.3635066082214922
2131,87,52,53,22.62741699796925,6.078523275176971,8.084323319129943,7.387615531435638,0.9426511484699465,1.3299814697007268
2132,2135,2181,2082,82.09559596828765,12.293024334776355,15.52414201276504,13.95789526626986,0.9645106225633883,1.2628415587568644
2133,88,52,87,9.708135279986118,3.432344144577314,7.999999999999903,5.836955806584729,0.5966492804202231,2.330768612651773
2134,2085,2210,1578,78.72028884909773,11.030978918223218,15.795286932073498,13.907447935667099,0.9196101176157216,1.4319025581654976
2135,87,53,86,30.531266077971026,7.622710091749161,11.83503527677367,9.180689562550924,0.8026667703353839,1.5526020449844917
2136,1949,1947,1602,79.82517025728546,12.87501835118044,14.329118321753564,13.616362906628458,0.9924104839476915,1.1129396425629021
2137,55,56,2068,21.769023045335416,5.578287113615517,10.710162581228186,8.096149898281235,0.7187909423827764,1.9199733472102494
2138,247,2051,1580,89.88416063945884,13.023547141571505,16.053564894221136,14.566689880061881,0.9712632333679626,1.232656872948057
2139,474,475,1763,37.47849225220196,7.999999999999904,15.535171306145648,11.294307792704975,0.6296013098608755,1.9418964132682293
2140,183,184,1815,42.62193798504752,7.999999999999904,11.38818503588372,10.254366137289969,0.9139964875510199,1.4235231294854822
2141,1549,587,1912,54.81884255422861,9.61728836588909,13.31374785113809,11.551933040341263,0.9326599311504129,1.3843556878630905
2142,2046,371,372,50.96642251171666,7.999999999999984,14.277711714385367,11.704722886286843,0.8161884929631791,1.7847139642981744
2143,1742,1747,1539,85.28522046227845,13.211492169052702,15.29513271102408,14.11854073936771,0.9843306328166758,1.1577142472106374
2144,1860,725,726,35.71736228776159,7.999999999999904,10.065881136376671,9.201406439567805,0.9654910283886997,1.258235142047099
2145,1839,2110,2166,82.31753559067907,13.010523033938242,15.719449380992017,13.969808272714289,0.9665123535247299,1.2082104109102672
2146,2046,1574,365,81.51308601470711,13.32724658186286,14.495764264539345,13.751850359366935,0.9939515301700305,1.0876788521544074
2147,1598,1515,1781,121.45275485592799,15.896182158974469,18.092337148890007,16.827579551128206,0.987523275666039,1.1381561288083037
2148,219,220,1684,33.90513905789899,7.999999999999904,12.597250002257878,9.725180786291903,0.7928426905312039,1.5746562502822536
2149,1783,1600,1776,89.60834912979026,14.015219098859232,14.87838336083351,14.39906476201647,0.9974926419177935,1.0615876395428263
2150,1803,1603,2159,71.02316225649649,11.884528303223652,13.498775949900589,12.862293711722883,0.9884881853429879,1.1358276580686064
2151,217,2223,216,45.089282456634706,7.675547106538361,12.625973505879568,10.813393240153514,0.8542739397381812,1.644960721448015
2152,366,369,370,49.21726940928775,7.47805612291576,14.883099320318879,11.845015202950494,0.7561038975793481,1.9902363763640527
2153,1684,220,221,33.90513905789918,7.999999999999984,10.792751822025139,9.123681392881018,0.9245528670623997,1.349093977753145
2154,1925,1849,1847,71.91307181865979,11.769748226616727,16.18395437966398,13.409502430853918,0.9040318248461888,1.3750467782364908
2155,2147,2143,2142,72.83613388211667,12.011856026360796,13.863657357832073,13.036029453227075,0.9863890466925478,1.1541644627947072
2156,1779,1780,1643,59.948378819891886,10.860374739477205,12.637568087198279,11.833477490506517,0.9848687784910852,1.1636401496590185
2157,1629,2079,1876,78.7662911963934,11.891511318966499,16.377090950250633,13.902646073385585,0.9245653247692234,1.3772085406948913
2158,1819,1820,1684,81.78434546631404,12.956558730814917,14.547001269046287,13.788999039272447,0.9911419679413935,1.1227519259762069
2159,370,365,366,43.4099108065289,5.9702049830346375,17.174642469201657,12.675982257518392,0.544725042070978,2.876725760339277
2160,2115,1843,2114,73.0192794687782,10.129868724374262,16.08770522760536,13.647012780072236,0.8749301590913614,1.5881454799997046
2161,1533,1700,1827,125.53130447631831,14.276872031364743,19.708555891209144,17.458249814325054,0.9347426049627984,1.3804533547622742
2162,364,362,363,19.980643488261897,5.829295868505923,12.085450606805486,8.638248825103824,0.5672456796308019,2.073226489000128
2163,1246,1805,1662,120.25712157855989,15.438114270893271,18.732599107126994,16.84792956372111,0.9718222281406373,1.2133994332743787
2164,2059,2057,2063,69.1548780184993,10.411066836675706,14.677052329815375,13.00421348472715,0.9254789732719202,1.4097548848799644
2165,1517,1851,1852,63.50280161946348,11.410695764357737,12.759780583378943,12.147890678224508,0.9916893547377729,1.1182298474064294
2166,1827,1700,1308,106.92653424975664,14.276872031364743,17.630413247532445,15.897305324823476,0.9698796840919947,1.2348932741569956
2167,2083,1775,1642,67.43664632576221,12.01510418083378,13.412957922499674,12.529123913900676,0.9896123882163388,1.1163413750415678
2168,1724,1840,1579,131.81808985992149,16.669097669383895,18.318202722525932,17.486740566634285,0.9940614757818658,1.0989318729694018
2169,365,371,2046,94.97201427542242,13.432540231698606,18.200375916500175,15.303542620861384,0.9195649907010026,1.3549466893499602
2170,1587,1882,2144,56.8491943635319,9.903650709681306,13.089177994083391,11.676497483918785,0.9506930589835308,1.321651820907625
2171,1826,1699,1866,77.70845846926032,12.690611138050976,14.599865501191424,13.474396414812617,0.9848249534205168,1.1504462111691236
2172,1663,1805,1247,70.22915700494862,11.9231886191328,14.425466557055136,12.888648115439024,0.9693005815341116,1.209866506171596
2173,1938,2142,1631,78.39802677602799,12.547923639738483,14.127069742362101,13.506133032109886,0.9899630686849107,1.1258491960871169
2174,367,368,366,27.651722019486932,6.997880268511631,11.417681033138138,8.805187100549944,0.7873003038443276,1.6315913669621198
2175,1926,1851,1849,82.37580682679834,13.390201086296457,14.700750493197022,13.83521707630211,0.9919226990018051,1.0978737659318487
2176,1850,1849,1851,81.35264129416109,12.09576150999244,14.796996723371002,13.864502908853488,0.9694807568952508,1.2233208063127767
2177,1914,1713,164,78.56048674069021,12.20600578131949,14.616286955721035,13.57881001110807,0.9785291806485524,1.1974668222827098
2178,1881,1630,328,82.21934986081324,12.47321185654049,16.176390045448805,14.064101441352927,0.948341890074036,1.2968905067515957
2179,1636,1900,1777,70.69705589995345,11.472205419677566,15.679166434639384,13.201406943062366,0.919782285813495,1.3667090032877094
2180,1778,357,1642,68.56622733614364,11.923785009942995,14.196346948965212,12.723817031971386,0.9715583796409759,1.1905906502949504
2181,1710,1912,1833,67.3128718559061,10.998201768194166,14.65628312556772,12.7475898336956,0.9435999063732493,1.3326072238420288
2182,1782,1515,1783,113.24356103449759,14.391457718785365,17.501123411077867,16.336961860757274,0.972886606091799,1.2160771864154813
2183,1684,221,222,42.449107658478454,7.894152530486712,12.824996860393789,10.503967070968548,0.8567193109256128,1.6246198449883595
2184,1684,222,246,94.72534902308513,12.824996860393789,16.802697372542248,15.055135784671217,0.9535690628252427,1.3101521626435957
2185,1538,900,2006,94.12566244711054,13.795443657627395,17.323814712552892,15.039313101781914,0.9500720044626617,1.2557635073211066
2186,222,223,245,55.444650725409694,7.469951647345042,16.698628752584018,13.004784169561063,0.6920778470988151,2.235440005628285
2187,1849,1967,1926,67.81364594350907,11.777318943370968,13.414699649412851,12.56866846254116,0.9885692860769922,1.1390283063501059
2188,244,223,224,57.747053796901746,8.000000000000064,15.133568751231623,12.65978028666194,0.7792487261439967,1.8916960939039378
2189,1880,1631,1881,75.22627107621605,12.286723366878412,14.646741178697226,13.298424103969674,0.9769143649911756,1.1920786967647343
2190,330,331,1880,30.627444556697046,8.0,9.37955334080641,8.486740829544209,0.9766189588757962,1.1724441676008013
2191,1694,1825,1693,50.442237038113575,8.284468844206286,14.559748413610004,11.675181627444736,0.8146183375728343,1.7574751848807197
2192,243,224,225,57.74705379690166,7.999999999999984,15.133568751231627,12.659780286661979,0.7792487261439883,1.891696093903957
2193,2139,717,718,44.21436476056863,7.391073540594884,12.924379623922393,10.846224399492248,0.8255106959937818,1.7486471421149128
2194,523,2097,1748,86.10455388889162,11.370663373082602,17.391854482215628,14.722652900704814,0.8915756095366986,1.5295373639665382
2195,242,2053,241,52.95795811641247,7.441259521564392,15.340587800805682,12.372979144317021,0.7393400212053599,2.061557960228297
2196,227,2053,242,91.15484396482972,11.884815486838631,19.505667877521045,15.577023721721787,0.834206883068339,1.641225974363828
2197,2181,1687,740,74.4817284996052,11.975859307287461,13.826104429164541,13.195264283896444,0.9836977715508654,1.1544979006851879
2198,233,1581,232,64.72009757027261,7.999999999999886,16.744393848567217,13.77990451722986,0.723473572972466,2.093049231070932
2199,226,227,242,70.05129127719988,7.6697645022121455,19.505667877521045,15.153704750804195,0.6273143194683227,2.543189933914547
2200,2236,317,318,45.984169878683545,7.622710091749162,12.948385148788681,10.9949889109767,0.8386742236874782,1.6986590061721016
2201,2172,1185,1186,43.739822159624055,8.0,13.551870073780771,10.828942251364511,0.8252084479369445,1.6939837592225964
2202,1554,1835,1913,99.89174711614332,14.82158354767795,15.733779287714592,15.203535724811685,0.9973753727886779,1.061545093147591
2203,228,229,1726,38.48108218649986,8.0,11.616653492229627,9.783809284647658,0.9077066346499204,1.4520816865287034
2204,1524,1804,1604,122.10046617970835,14.608821017439627,19.13017011200635,17.09231653059109,0.9537474582544785,1.3094944546975595
2205,230,1726,229,34.151119855292926,7.4235186019961175,10.132299055392545,9.096864006367337,0.9369122703879477,1.3648917176105764
2206,1534,2002,2003,86.81556128084182,12.978714873890597,17.776736541699037,14.731323216476495,0.9044026484844304,1.3696838796775377
2207,1514,1848,1850,65.02551958238145,11.722434713153438,13.135126590578126,12.3008344413244,0.9900717251782338,1.1205118144816404
2208,231,1726,230,34.508388880496305,7.503097435816709,10.132299055392545,9.130845464084272,0.9406653284994657,1.3504154973418185
2209,2183,699,700,49.10938100849699,7.777916159909954,13.798603034022841,11.465780886966526,0.8193199655650042,1.7740745400606877
2210,1581,1726,232,92.06909420469488,13.33985339756589,16.595319703122485,14.780903974133338,0.9651097973511766,1.2440406358701526
2211,2151,793,794,26.097863630021273,6.683155039905415,9.97800727318527,8.161841920523523,0.8800922469643454,1.4930084987713357
2212,1584,2179,2177,38.07359032376054,7.418212106909383,11.804328921635955,9.869923898691964,0.8726784899245422,1.5912633329318404
2213,1408,2036,2035,66.40858213697044,11.162157571800638,13.329983784715285,12.486352046780416,0.9780390144397892,1.1942121134709032
2214,1944,1943,864,61.226499982507455,11.077459957826253,13.600298773069403,12.057773230844601,0.9644483801798983,1.2277452434807274
2215,233,234,2211,56.76739827297206,8.0,17.727139300128734,13.386435216840432,0.6705370718985041,2.2158924125160917
2216,236,237,2211,43.483377746393444,7.403994011263966,14.057073161904373,11.070435017915186,0.7714994425588573,1.898579758508561
2217,1581,2211,239,115.28685998269209,15.065150961898363,18.046543655950284,16.458702400548024,0.9774381268275589,1.1978999547759086
2218,2211,235,236,87.41498202700188,13.542947155297355,15.176408776935325,14.258809698045686,0.9906641437065009,1.1206134531064045
2219,1008,2208,1007,42.79744269534012,8.0,14.087743231792782,10.95009639870021,0.7838007047146114,1.7609679039740977
2220,1581,233,2211,116.52610877570004,15.065150961898363,17.727139300128734,16.512228036864773,0.9826330763399536,1.1766984177565076
2221,2211,238,239,54.49948438164397,7.514545628551726,18.046543655950284,13.473256852263281,0.6262512541108011,2.4015482170181968
2222,55,2068,1615,61.64299888092287,10.710162581228186,15.894715367258172,12.706242021667208,0.8542901114360546,1.4840778789966276
2223,228,1726,2053,83.5530762870254,11.616653492229627,16.04134174768018,14.245258125282168,0.9342522432251698,1.3808918169428246
2224,178,1974,177,33.38314945254607,7.999999999999944,13.009153462560887,9.862143702314006,0.7538441649957692,1.6261441828201222
2225,1916,1975,1962,90.07466416568245,13.605647056932959,15.166793822016466,14.465547139304858,0.9921195067206028,1.1147425593616294
2226,1881,1631,1882,73.37950775178012,11.116503439472131,14.646741178697226,13.267186474437276,0.9499422287872019,1.3175672780966394
2227,218,1820,1909,46.83313430873273,8.763937544556109,11.8334733691795,10.63408751707246,0.9414808331144912,1.3502462002972733
2228,268,191,1676,44.53012340847122,7.7695701434277975,12.344586690329493,10.670596307287925,0.8707484560423316,1.5888377944269745
2229,1688,1520,1155,64.96684239333091,9.697309619990875,15.40462225475162,12.887971537071087,0.8735334958505951,1.588545984238267
2230,1853,1731,1846,66.03437225535852,11.465818850266306,13.728018740148332,12.462033535408958,0.9763640143736313,1.1972994619420039
2231,1641,1622,1774,95.21702964688475,13.529766892648393,16.693294635726264,15.005599565112924,0.9693018482935746,1.2338198261787365
2232,1845,1731,1730,50.287009103090995,9.31442040211907,14.177513521053633,11.430115464915922,0.8615922059365186,1.5221036746235104
2233,1806,1058,1059,36.72899438885545,8.000000000000025,13.499787172443583,10.291912723119024,0.7615258812717622,1.6874733965554425
2234,1700,1307,1308,41.031295417588616,8.000000000000025,17.630413247532445,12.562959421725573,0.5464289925174506,2.203801655941549
2235,1852,2120,1517,58.14617235231364,11.410695764357737,11.83276833886271,11.59215592923187,0.9990574594812486,1.0369892058487225
2236,732,733,731,40.833333333333485,8.0,12.529726183460964,10.254822271074874,0.8684785348639112,1.5662157729326205
2237,1039,1830,1543,72.68699343104795,10.448167704046257,15.901879908162988,13.51095430663221,0.8941806887397341,1.5219778585679355
2238,1531,1770,1890,100.14021171932795,13.987550776520825,15.995148381120227,15.286316025460629,0.9861276849000924,1.1435274578569758
2239,730,733,734,48.285381661432005,7.7261232736700745,15.171755728880544,11.809201728670528,0.7486104299923003,1.9636957878454397
2240,735,2212,734,48.06765682744633,7.999999999999823,13.7990377705316,11.292477952987731,0.8319300123814811,1.7248797213164881
2241,1062,1063,2089,41.811421926436765,8.000000000000025,15.659487330723067,11.578203283671455,0.6707405966475666,1.9574359163403774
2242,676,677,1964,49.820919694909925,7.999999999999863,14.259142428950918,11.586411007506216,0.8148949408448186,1.7823928036188952
2243,69,1654,68,51.484530663419264,7.541930343974292,15.879684389885623,12.362094668861369,0.7194798637621199,2.1055198955228844
2244,1907,1808,1547,82.42997695914501,12.883001005362226,14.431291561232863,13.846313363828889,0.9904906378813931,1.1201808922646361
2245,1867,916,917,38.04194367522837,8.0,13.542022524760213,10.397646644677671,0.7739845634333756,1.6927528155950267
2246,744,745,1730,38.27774197592272,7.648023969880884,11.05643345264253,9.7135509820949,0.9155701912714423,1.4456588389608211
2247,722,723,1859,51.80094854252047,8.0,13.70241051913307,11.7077274371282,0.8310020726928264,1.7128013148916337
2248,1641,1774,414,103.47366904050713,14.793737166964116,16.273044656920458,15.494483473300102,0.9938257931804992,1.0999955233258965
2249,330,1880,329,30.627444556696755,8.0,13.06209810406551,9.714255750630576,0.7075095314385533,1.6327622630081888
2250,720,1601,1856,38.038028881582406,8.734325448901608,11.833616134985874,9.769321484364104,0.9003258303613765,1.3548403026903493
2251,740,1687,739,46.6611795221791,7.999999999999984,12.808868263301525,10.928242523529656,0.870224241140829,1.6011085329126937
2252,743,1730,2080,59.63231549252884,11.209352324562147,12.192899000651249,11.756222102918235,0.995222272405514,1.0877433992269059
2253,2155,1935,1593,88.29572298298946,13.815778811532013,14.587205060983429,14.29159494539506,0.9977742358156336,1.0558366097181222
2254,1766,1731,1845,46.992438096421864,8.977765543471314,12.233319379727531,10.669832464924637,0.9386296424505762,1.362624065029597
2255,1858,1859,1734,89.94176942025962,11.713926331941567,16.481009268450727,14.861862911600477,0.9197654152083579,1.4069585894108165
2256,1582,736,737,61.40400888722009,7.999999999999903,16.196426295653634,13.269041901247824,0.7463261383758171,2.0245532869567286
2257,331,332,1764,44.149122758468955,8.0,15.112262818985887,11.463766632807221,0.7289708331226394,1.8890328523732358
2258,2212,736,1582,87.7837760263616,12.50539103065212,15.610699408089936,14.4202626284086,0.9662291232887653,1.2483175751822837
2259,734,2212,729,83.2663310984209,12.094078699803829,17.746893591070464,14.54667002046863,0.8852936881307903,1.4674035146933786
2260,1741,1292,1293,44.81938920026323,8.0,12.129522055142584,10.608617399866851,0.8924735812710874,1.516190256892823
2261,462,2240,461,29.68380637381733,7.467626586232459,11.537044066013983,9.001556884082115,0.8132890126521071,1.544941211613878
2262,1928,1861,1927,96.73225526546659,14.02439763384175,16.359624592999808,15.045686726138408,0.982708335674416,1.1665117476078266
2263,2181,740,741,37.042935461622264,6.201108090469806,13.826104429164541,10.666138940722492,0.688184579904944,2.2296183565019994
2264,1892,417,418,26.76185050482867,7.19792616066643,8.64852146198736,7.9285688192988735,0.9777083903466646,1.201529616856562
2265,1924,1765,2156,89.48050605997362,13.310049365137262,15.230594020832767,14.44274391117677,0.9874768531542959,1.1442928273974662
2266,1904,1979,1531,75.3204419074074,12.362178848833635,14.431033834720509,13.276427869058823,0.9827086259019322,1.1673535880029813
2267,454,455,1644,47.48205860489596,8.000000000000064,12.805586171260963,11.03297969876557,0.8677316101388426,1.6006982714076075
2268,17,1809,16,32.02044820952077,5.761922451637477,14.226616816612069,10.51076206951698,0.6014409228552462,2.469074677075707
2269,1514,2116,1854,66.47053731269554,10.019687204547875,14.932418373920926,12.864398975580634,0.903956870847048,1.4903078378677523
2270,456,1598,455,47.31263135336803,7.519159945499943,13.391758705345564,11.278113842482062,0.8135968613219737,1.7810179331748683
2271,2060,459,2055,72.80779118371366,11.253213668684724,15.564758802235055,13.339054467160338,0.9287664876044971,1.3831390090413402
2272,1951,1950,1602,72.76067521808147,12.681644381492477,13.374191835172695,12.972884624417432,0.9979323876224907,1.0546102250502245
2273,2055,2061,2056,69.7954435011543,11.80957597304413,13.275852997602048,12.745558033063064,0.9895377393579501,1.1241600060751342
2274,2154,1918,2227,62.41633912167792,10.606014388577155,13.484651950686091,12.176670316472746,0.9629725059030663,1.2714155814468133
2275,437,2099,1895,79.29449058228548,12.17339494620172,16.398482540072123,13.928712436843313,0.9284286437525857,1.3470755374768066
2276,457,458,2060,22.683150210721085,6.893171741417625,8.000000000000064,7.293267088146173,0.980194861979784,1.1605687918570289
2277,2224,1939,1637,121.14422307265085,15.502192840574054,17.47014725884276,16.797950598338442,0.9885501516076548,1.1269468415537935
2278,401,402,1781,35.54270036865238,6.428006182213784,13.592919835122656,10.392562360211619,0.7024390004598442,2.1146401309840215
2279,1764,1631,1880,95.19449478881046,12.96180776633339,16.099067843931937,15.02393409961516,0.9648718792033135,1.2420387753124353
2280,2063,2062,1636,60.685109820583804,11.594161846467797,12.138950169751414,11.844773922222899,0.9985548466856788,1.046988159256168
2281,1670,552,1807,115.03703800660148,13.656805723986391,18.309806892234484,16.67285622473162,0.940268181832825,1.3407093329354247
2282,2241,2239,462,76.90584082788419,12.311628078934682,16.39097205952843,13.77036055430313,0.9199006482457471,1.331340741812494
2283,1636,2062,355,66.33395019165862,11.614533333698565,14.327723906169211,12.58115566343909,0.9585472172269502,1.2336030638956934
2284,127,1647,1786,71.94292373301398,9.885632577460528,15.385997599759104,13.542869746081282,0.8740008083928985,1.5563999045280659
2285,2055,1515,1598,117.2374339659315,14.575989120660982,18.092337148890007,16.64761471197791,0.9690333006334619,1.2412424981330918
2286,2117,2122,2127,94.87139378473964,14.101433648771744,15.386437971087622,14.830696891415686,0.9948068779976896,1.091125792903178
2287,2169,2241,464,56.86142232338116,10.702763566377127,13.050328466918703,11.609638605478134,0.9666614304808971,1.219341937807211
2288,2240,1599,2061,43.18106426962305,9.78942421494421,10.258528919983897,9.991997477338884,0.9984347105678648,1.0479195399790282
2289,2240,2061,460,45.72652238305976,9.78942421494421,10.79688723976094,10.300894107496347,0.9936315637467663,1.1029134096854
2290,1028,1829,1027,34.158629123443916,8.0,11.757770549139323,9.432607309388485,0.86001871231278,1.4697213186424154
2291,2155,2154,1965,91.18279266879715,13.352861175199243,16.12977476185047,14.649826214977915,0.975260586765004,1.2079639374824693
2292,1205,2071,1204,35.15327023356567,8.0,12.98171909771923,9.968826100648085,0.7801647833636578,1.6227148872149038
2293,1582,728,2212,99.10337789698436,12.50539103065212,17.61603612706898,15.562316045762898,0.9264393980097624,1.4086753532048772
2294,2137,2129,2186,62.59107377534399,10.41635029409231,14.307991582625938,12.343753303732884,0.9332108516404446,1.37360891086207
2295,1582,1927,1861,95.59922124938947,13.219654050140988,16.359624592999808,15.02648533723726,0.9702319293345653,1.2375228981748831
2296,1762,472,1937,48.602460354491164,8.458672726885691,14.23331374880405,11.394630907148361,0.828969709282102,1.6826887868073912
2297,2099,1577,1955,65.5314983022497,11.412730651703395,15.667442465235148,12.86296390253385,0.893432781604739,1.3728040153910686
2298,2183,2123,2187,78.1236600481759,12.521650114991044,14.472858503807185,13.50294296023867,0.9860890480665329,1.1558267776928326
2299,1582,1929,728,69.33604242310133,10.114659996438304,17.61603612706898,13.824457742418907,0.7986373779021116,1.7416340374537702
2300,984,2039,983,43.51271890375259,7.999999999999984,16.056157999903224,11.860701567710136,0.6630738219886305,2.007019749987907
2301,2167,2168,352,89.23613887194793,13.155905836931115,15.739649522555727,14.471629004289047,0.9788176485764415,1.1963942063473543
2302,1950,1949,1602,74.78974821001584,12.862817656587124,13.749866710463708,13.16256757274376,0.9959282555564707,1.0689622660881242
2303,465,2177,2179,33.909517323110784,7.418212106909383,10.181804437198583,9.06739351385316,0.9363551119048944,1.3725415626381412
2304,1583,2168,2167,97.184901615353,14.172975072668509,16.6291923528676,15.107166359638805,0.9783533935500619,1.173302871669881
2305,1584,2168,2169,70.18894857905977,9.882366362259937,15.725982064797567,13.385018567028082,0.8737076787326777,1.5913174525540752
2306,1626,467,468,49.838382913447084,7.414770106782693,13.955353327755208,11.76819464048848,0.7778565668960092,1.8821019568751685
2307,1949,1524,2225,77.74154773685164,10.901827843439897,16.038626945912604,13.880454979357177,0.9094992488158609,1.4711869583928299
2308,2168,2170,351,76.0511731266805,11.851916943979914,14.15163775705075,13.3744519011598,0.9755462926290228,1.1940378779180494
2309,1939,1978,1523,74.89534476633139,10.680364268967974,16.147475219545413,13.702007364346024,0.8966826050038716,1.5118843152627524
2310,2177,2178,2176,55.88821859125933,9.605486752567145,13.330366639257544,11.659712119124327,0.9330133430039759,1.3877866871967621
2311,904,2007,903,20.157333710863067,6.488005355984663,12.211894365555871,8.701086259866832,0.5676204615324408,1.8822263077035501
2312,1537,2006,2007,71.64240990731324,10.957238595675369,14.768770280075476,13.142789136200046,0.9437587160448516,1.3478551325791566
2313,471,1762,470,38.37108239801649,7.999999999999823,10.45518006425228,9.596234028121977,0.9491246207962105,1.306897508031564
2314,471,472,1762,38.78568009122481,7.607089646365135,11.491906245755342,9.851391985457587,0.8979842873876345,1.5106836885045087
2315,652,2040,651,46.19232912483324,8.000000000000105,15.11900416594772,11.600063626609876,0.7459304810674556,1.8898755207434401
2316,2009,1538,929,63.86933820066385,10.1221914872208,15.053033345377907,12.646515403470843,0.8994254425710484,1.4871318493018297
2317,5,1547,1808,59.62670511052302,9.975552987692057,13.025988926647594,11.961514306567294,0.9493201556993976,1.305791161925479
2318,2181,741,2182,55.95811130323616,10.55529807613812,11.971204302533128,11.416023985271513,0.9887022229445829,1.1341417566971304
2319,454,1644,453,45.196548970817055,7.393368861511926,13.66820725106685,11.118309679204819,0.797565567631946,1.8487116640724095
2320,2131,2136,2130,84.38267642056765,13.30648549383019,14.5935769460996,13.989407365467885,0.9943399277909943,1.096726626490984
2321,711,2207,710,32.41379126857346,5.697085523862327,12.415555634684125,9.838390495858091,0.7092697130533256,2.1792819473538505
2322,1571,2206,713,84.55286319536185,12.104679370439937,17.097606721342117,14.450743444817055,0.916640234526709,1.4124791081286372
2323,712,713,2206,57.895472735427674,7.554333277914832,17.097606721342117,13.32656880293471,0.6864393729408143,2.2632846728283935
2324,1571,713,714,51.89788079349449,7.392143927076396,15.132683593651576,12.22492392113236,0.7431012376870171,2.0471305406030664
2325,724,1859,723,47.30341210211914,7.718783331645905,13.420771792251537,11.200449832483656,0.8297048568495214,1.7387159628160953
2326,2214,2215,2216,56.01046441526727,10.100089772880466,13.10738393451656,11.575896470203036,0.9545450896413611,1.29774925067606
2327,725,1860,1859,74.69675414273216,10.065881136376671,19.038499959603634,14.687290448256201,0.7527338751808215,1.8913893082644486
2328,719,1733,2139,77.84442836126495,12.62936615487917,14.520305800190663,13.478783265998347,0.9861870727958777,1.1497256174317945
2329,2123,2183,2186,83.93770941975632,12.843078305785284,14.656463002002178,13.990799937198217,0.9869612552198909,1.1411954870196532
2330,2134,2139,1733,76.39632808029967,12.455301416155764,15.486844980571714,13.523837517202216,0.9545725658495658,1.2433938339287185
2331,2185,2184,1571,62.568557110671094,11.153830614326782,13.123079644310069,12.1028381015754,0.9821130868856836,1.1765536072830298
2332,720,1856,719,32.30705696926729,7.483534300865387,10.587443996868672,8.937000388979628,0.9155147444258791,1.4147652126942682
2333,707,708,709,19.702807512921396,5.861390258555724,11.43371696382148,8.274333560382436,0.6155670885032768,1.9506834487145728
2334,641,630,1658,83.14578473872209,13.633547277036419,14.327396923924494,13.868666435812626,0.9977750397364158,1.050892818485821
2335,638,632,637,81.66666666666652,8.0,21.401700770315696,16.626518705430225,0.6010389591574745,2.675212596289462
2336,638,631,632,81.66666666666535,7.999999999999886,21.40170077031566,16.626518705430176,0.6010389591574681,2.6752125962894957
2337,640,1658,639,37.057281813872336,7.397912951115315,10.791819298779558,9.588238265541692,0.9071369441652761,1.4587653801945013
2338,630,631,1658,50.376791816696056,7.393746072022287,14.327396923924494,11.889197256781229,0.768014798552916,1.9377723801117452
2339,629,630,641,33.93555722680304,7.434032216074939,13.645055106476963,10.200550430892434,0.7078894191394375,1.8354850651536934
2340,641,642,629,20.66077426046968,5.16519356511742,9.522563970125399,7.562585845080939,0.7892769466095692,1.8436025388157786
2341,637,632,633,81.66666666666652,8.0,21.401700770315696,16.626518705430225,0.6010389591574745,2.675212596289462
2342,2138,2192,716,44.11787571036194,9.917131976042723,10.468374740602938,10.103964344361074,0.997350755698885,1.0555848975179394
2343,2064,2239,1583,88.19549073444395,12.99842184035266,16.11031302096721,14.44953461056594,0.9679398999061739,1.2394053077238891
2344,2230,327,1630,50.63891012362639,9.306899908315321,13.33743496369805,11.214220524574658,0.910155915166537,1.433069560765515
2345,2231,481,482,32.80612085040207,7.517169157493151,10.284913267415698,8.924703405755722,0.9361694022507867,1.368189680441559
2346,635,636,634,90.27125700947002,13.428371683240679,20.477855345975097,15.833875584802712,0.7972195221386034,1.5249693580892276
2347,478,1763,477,38.77187501148728,8.0,15.203103878223686,11.194228058162807,0.6667644482189501,1.9003879847779608
2348,736,2212,735,48.0676568274472,7.999999999999984,15.144697446483745,11.741031178305166,0.7581624693668736,1.893087180810472
2349,473,1937,472,21.040716812571375,5.805123370715745,8.458672726885691,7.218549917626281,0.9117273909920097,1.4571047308927003
2350,701,2184,700,38.09945191432499,7.999999999999886,12.4574123636738,9.994106450302143,0.8517308722159048,1.5571765454592472
2351,1881,1587,1630,98.18764969536038,12.47321185654049,17.07369532712623,15.44941714806106,0.9326641145361252,1.3688290973886905
2352,2241,462,463,31.836630087619284,8.000000000000146,12.311628078934682,9.463920796979089,0.785326881873284,1.5389535098668072
2353,479,2232,478,28.48765494716781,7.442369244177967,12.40785246369608,9.283407235958016,0.7220517244062684,1.667191193638037
2354,476,477,1763,36.777750070332836,7.803303376169138,10.379580296264733,9.407773942979594,0.9456872364410737,1.3301520901985437
2355,1763,475,476,37.478492252202706,8.000000000000064,10.347752071969369,9.462730076158115,0.9550262112413889,1.2934690089961607
2356,2079,2229,2230,67.48724021074582,10.426316416996682,14.239216928945853,12.789874645988794,0.9365064121279736,1.3656996737345788
2357,1629,1763,478,78.12326142626883,12.271459646472373,15.203103878223686,13.60326600075184,0.96729928601188,1.2388993906355763
2358,2075,2190,2233,85.24942799783275,12.857697610769133,15.90993275048553,14.212525043592244,0.966935763864302,1.2373858238165405
2359,482,483,323,17.31144300169035,4.327860750422587,9.095624149834268,7.141161633418952,0.7248679218315649,2.1016443629675794
2360,634,636,633,81.66666666666814,8.000000000000114,21.401700770315838,16.62651870543035,0.6010389591574782,2.6752125962894415
2361,2231,323,324,31.22733397841148,8.0,9.818936465489479,8.629703301098784,0.9592536642283467,1.2273670581861849
2362,326,2230,2229,52.88325764932161,10.14916130003854,14.320929894238146,11.632135870424456,0.879039555314753,1.4110456490807537
2363,2231,325,2229,65.23912906534717,11.75964975990572,12.721787819298365,12.293733564448056,0.9958196053397428,1.0818168975298086
2364,481,2231,480,35.87746377621352,7.999999999999903,12.16527157691809,9.712433123092103,0.8498253364671656,1.5206589471147798
2365,329,1880,1881,73.90534867385328,12.286723366878412,14.01910834207754,13.122643271007155,0.9882534314840188,1.1409964986978673
2366,2142,2143,2144,64.95359820760292,11.265101256932788,13.863657357832073,12.400158652631996,0.9681213846370819,1.230673124158567
2367,333,334,1764,39.74887202426039,8.000000000000226,11.119434149412223,9.83423598711539,0.9320844722485249,1.3899292686764886
2368,1764,332,333,37.66223790669322,7.461727773068388,11.279037079435772,9.70801288814596,0.8975777896170284,1.5115851747024593
2369,327,328,1630,51.30724048330376,8.0,13.54270242206949,11.626712461922514,0.835818737319161,1.6928378027586863
2370,1764,1880,331,69.41670879967627,9.37955334080641,16.099067843931937,13.530294667908079,0.8356256663124118,1.7164002654467356
2371,323,2231,482,40.71439763244693,9.095624149834268,10.284913267415698,9.733157960913148,0.9900193092536096,1.1307539865313256
2372,636,637,633,81.66666666666777,8.000000000000114,21.401700770315838,16.62651870543031,0.6010389591574786,2.6752125962894415
2373,1938,336,1879,97.05764093399094,12.311606602557463,17.78616756142609,15.461348316606019,0.9171661453734506,1.4446666576993623
2374,1803,1804,1603,70.47086929910145,11.649838856418743,13.668642635217878,12.840686124560342,0.9825946136612236,1.173290274971214
2375,401,1782,1767,69.85539107060119,11.58453948969417,13.75842019024311,12.794748912409673,0.9805529370832177,1.1876536138948697
2376,1786,1647,1785,97.22294463295013,13.887795369932162,15.88746888618787,15.053753951959711,0.9876378454881444,1.143987829816755
2377,1830,1829,1543,82.64766600048041,13.372471662913965,14.182815307687381,13.82771115278311,0.9976299231929332,1.0605978958265996
2378,2108,2174,1585,90.80339376707468,14.114165202256865,14.977505023858388,14.494667962335692,0.9975102559627453,1.06116832339921
2379,1515,1782,1781,100.94946886603373,13.447980463786333,17.1183044524086,15.487489025056467,0.9625988141036522,1.2729275223522205
2380,1595,1731,1853,61.83380903961842,10.839934324429715,13.14969803849414,12.060631792912032,0.9756922215468588,1.213079124368767
2381,289,284,285,40.47594877843286,7.455991615165553,12.583020165156935,10.317156107090714,0.8421039575424598,1.6876387226030352
2382,1765,1883,1884,87.14556280037809,12.78111849884646,15.977083183878243,14.36811402790852,0.966892116324393,1.2500535994029185
2383,317,2235,316,44.32606099028422,7.999999999999943,15.673926106133125,11.725594748154634,0.6948156148057555,1.9592407632666546
2384,290,283,284,31.7321478976959,7.424883350079796,11.017244966608782,9.000918548100058,0.8801160972404042,1.4838273474680757
2385,285,286,287,43.190355937288665,7.999999999999984,13.522502382160846,10.773669117775734,0.8232730005132612,1.6903127977701091
2386,1983,1984,1564,90.15133520147393,14.009833848281973,15.20773291290767,14.459476984063123,0.9944371990544352,1.0855041592640011
2387,714,715,2192,28.16439684541445,7.112198357594527,11.42950504844299,8.847234468679193,0.7957388928614166,1.607028442371601
2388,1985,685,686,28.48777622630622,7.406679760073433,8.670547668613846,8.163347897088208,0.9828513098343066,1.1706389299228839
2389,285,287,288,49.864856226382436,7.4429500219043945,14.530525956463698,11.83199278684298,0.7687587724639052,1.9522535975252777
2390,1602,1946,1948,76.64943748762755,12.572645233642946,14.294841249876262,13.362837940565953,0.9885210918944374,1.1369796080481869
2391,1935,2155,1513,87.3235221328946,13.327940798930808,14.944890456691324,14.248210739763957,0.9911180821148201,1.121320291120308
2392,1849,1850,1848,75.87170175921335,12.044942020241635,14.796996723371002,13.382789933832859,0.971468337368025,1.2284821876688583
2393,350,2074,2228,96.71165686778274,13.378846840114601,16.003331192231446,15.08012702372109,0.9759027706605347,1.1961667087964334
2394,1537,2005,2006,101.76010047168461,14.768770280075476,15.661459430454176,15.34581113499119,0.9972162862652473,1.0604443791493612
2395,2228,2074,2174,105.47231144681353,15.080345406815963,16.003331192231446,15.621586595697872,0.9974986492396059,1.0612045520521245
2396,2098,1577,2099,66.29728007369347,11.412730651703395,13.548031422743762,12.466561563433984,0.9803525633042256,1.1870981482176366
2397,439,2098,438,45.94302127115736,8.000000000000064,13.944892067130974,11.143671780510184,0.8153429602996416,1.7431115083913578
2398,2086,115,116,39.36106972756561,7.9120888727246985,10.83167573063367,9.77836537374697,0.9335810128166387,1.3690032941836192
2399,1972,1974,1555,88.17075220384305,12.32749637152011,16.639920624062693,14.591725828259731,0.94251252596414,1.3498215795467976
2400,1561,2035,2037,59.53512274173224,10.127157526150555,13.637903649080407,11.984895879728889,0.9435710050133563,1.3466664870043081
2401,1525,1944,1945,81.35235221740716,12.739908230006375,15.965970327540674,13.9539557007158,0.954816215290151,1.2532249086328533
2402,1947,1887,1942,94.19932527920184,12.470421930981662,16.68510420567336,15.065138354628692,0.9442258572298782,1.3379743121778975
2403,1563,1915,1916,104.94781963189975,14.64858334985763,16.956360128134474,15.660838221572149,0.9844712977685038,1.1575426594612832
2404,2086,118,1645,109.81875951858345,14.771859170698788,18.325013385502878,16.17001233211506,0.9611752331056539,1.240535343164662
2405,674,1976,673,39.29452018616087,7.403566619272737,15.022210108068972,11.173395534789828,0.6745879028915361,2.0290504402247986
2406,1564,1920,1917,66.70183755221873,11.03655709240334,14.413982906352155,12.650131111049333,0.951234624288706,1.3060216864436427
2407,2086,116,117,38.619783879396195,7.477463085653101,11.5367776650746,9.868524089536749,0.8883736781023643,1.5428732356044723
2408,114,2086,1645,93.12876928852167,13.94400334081431,15.386377363709013,14.700746625074038,0.9935806504833814,1.103440453049294
2409,2183,2184,2185,66.49154845370282,10.295151959712904,15.182691976469535,12.866974526830836,0.9055421558336435,1.474741901419484
2410,1965,1919,1977,80.76757369231439,12.645730474525832,14.40636160411032,13.719459536738244,0.9878701237292279,1.1392273173250993
2411,1975,1566,1976,102.22555023409956,13.743434928314157,17.82634212585239,15.651393486571578,0.9527794256939692,1.2970805492829631
2412,2078,2180,1626,74.82185282069936,12.502042416362753,14.076042939124541,13.195622048405129,0.9899106672910581,1.125899470689823
2413,1916,1915,2151,73.08612857003254,11.307700534950124,15.377571186724342,13.316956769228009,0.9371576548218064,1.3599202719593573
2414,1588,98,99,58.32204230046405,7.999999999999903,16.030106269691803,12.890647703632425,0.7547748259097864,2.0037632837115
2415,101,102,1588,58.980234884598744,7.772734748158486,16.632392882064366,13.204027264624346,0.7190298128925974,2.139837961922592
2416,57,2068,56,21.769023045335416,5.578287113615517,8.690626659080316,7.422971257565277,0.8838281412041847,1.557938213303539
2417,1588,99,100,56.07557187016722,7.66393146997136,16.297437365301853,12.867735225492927,0.7211517119234033,2.1265113641944864
2418,1914,1674,167,56.8806683173158,11.0027047934902,12.097404544478918,11.488950423736645,0.9936242034438495,1.099493694644648
2419,1381,2004,1380,41.72534481590471,7.999999999999984,15.809319322566811,11.646232533238928,0.6603088812320824,1.9761649153208554
2420,100,101,1588,63.83055550436147,8.0,16.632392882064366,13.643276749122073,0.7294617698209004,2.0790491102580457
2421,1588,102,103,59.30274123293627,7.80904295528224,17.436091274923417,13.484029464618615,0.6890759280403783,2.2328077044484935
2422,97,1588,96,87.95381952362797,11.324411577731032,19.822341544923084,15.570578917343768,0.798183144545472,1.750408081591
2423,1727,95,1588,113.4743419891245,13.941406017560949,20.838198492891248,17.02834665411804,0.878935698704568,1.4946984878456968
2424,93,94,107,38.44863436712694,8.0,11.816650932651863,9.831546676876066,0.8960070591119286,1.4770813665814828
2425,107,108,93,25.29460597007638,6.5790388108412055,9.677989097976335,7.992829447362847,0.8915287024868522,1.4710338966276584
2426,94,95,1727,46.790867173885545,8.0,13.941406017560949,11.215498669604045,0.819928299596128,1.7426757521951186
2427,106,107,1727,25.270500377785133,7.206372375135358,12.283623972146435,9.02367230710002,0.67262832507409,1.7045502692213723
2428,1910,1828,1533,83.38279407859699,12.916416584898714,15.13529117994928,13.967941026522688,0.9828187306496529,1.1717871656171863
2429,104,105,106,27.900847583800562,7.315411810415137,10.355013969699199,8.434929587344124,0.8825599236545635,1.4155066369546692
2430,1806,1665,1058,74.0524288692837,12.060932583896031,13.87185128420952,13.144190346849712,0.9863722293352972,1.150147485504683
2431,90,1685,89,38.692964215301345,8.0,14.572633986032546,10.890321683772335,0.7085536054082621,1.8215792482540683
2432,118,1784,1646,97.69060037806125,11.650279544958275,20.075978665417765,16.16933942835922,0.8249868049489618,1.7232186221751014
2433,1645,113,114,42.52415661096692,7.409096818864389,13.94400334081431,10.947736872544732,0.772555404615942,1.8820112196821777
2434,1619,1852,1851,70.47745353975067,12.273195686936841,13.57849951954715,12.796451198781213,0.9920403508414096,1.1063540308413422
2435,1525,1945,1946,74.43751693365186,12.182125845539884,14.933361486873624,13.28513185413996,0.9662806915417316,1.2258419980401878
2436,110,111,90,61.55477368391689,7.744113751426,16.930401020126556,13.562412792393033,0.707217069438842,2.186228348855154
2437,1633,1883,1765,101.7996960120534,14.346140401000861,17.87283456212041,15.610613451958793,0.9546596426643399,1.2458287778135442
2438,140,1646,1784,74.87811596585298,11.650279544958275,14.627702188045262,13.318004370630016,0.9665350737939388,1.2555666266716736
2439,108,92,93,25.012115964174882,7.151329732790774,8.0,7.6242633886872575,0.9915688673542057,1.1186730718509375
2440,92,108,109,27.500978939873633,7.151329732790774,12.108984089028281,9.086771273939654,0.7278644986405698,1.6932493034834242
2441,109,91,92,47.639532962144585,8.0,13.252863592484182,11.120615893837488,0.8544797133197106,1.6566079490605228
2442,91,109,110,49.13659237001076,7.417120548901268,15.332221653120124,12.00073526483519,0.7309577697125609,2.0671393368942015
2443,111,1685,90,84.84881689625975,12.183305138351223,16.012723605626544,14.256220910003437,0.9524433492132159,1.3143168806649095
2444,110,90,91,61.25,8.0,16.930401020126556,13.420874224415561,0.7245026778362095,2.1163001275158195
2445,144,89,1685,34.389672922334306,7.110268984506433,10.55014963179935,9.25291656053008,0.9030494397571013,1.4837905084587597
2446,1685,143,144,39.21459897574195,7.790698411902503,11.082653490598165,9.807833844766673,0.9215159176229099,1.4225494178630078
2447,106,103,104,41.00728196823692,8.0,13.948415770649378,10.767809913449526,0.7767051164270119,1.7435519713311722
2448,2151,792,793,26.54405960866461,6.683155039905415,11.015564254200608,8.566239764702008,0.7995516046123193,1.6482580739824508
2449,1685,1686,2094,68.50647510478875,11.745655645699303,14.07657762848769,12.703795587477428,0.9743253769186828,1.198449712225461
2450,2096,1545,2097,72.1366857152822,11.090279634890992,14.428285474582019,13.134075670128853,0.9539091732558882,1.3009848218064193
2451,1761,346,347,49.21336708294447,7.450495101830992,14.576731214820292,11.766927872463013,0.7676201510050366,1.9564781958232542
2452,1761,347,2107,73.91106520560872,11.78239825230105,14.576731214820292,13.213815078643387,0.9703349171392815,1.2371616459300654
2453,2181,2182,2082,57.30468028273377,10.55529807613812,14.056519451268185,11.863746064024243,0.9242708993208515,1.3317027477457142
2454,315,2237,314,41.19825690103955,8.000000000000057,13.323251226133813,10.544235747828864,0.8206868812824757,1.6654064032667149
2455,2148,343,2146,68.0279023185625,11.906147602346746,13.21564638993581,12.568283368971274,0.992771185455646,1.1099850960465967
2456,2146,344,2106,40.126060206371086,8.661501635974856,10.886528522913968,9.756810051304242,0.9650712883560606,1.2568869672318297
2457,2122,989,2125,79.74511319942144,13.254426386641452,14.13911756265648,13.588154546765002,0.9965986858203414,1.0667468474461232
2458,1627,2106,1761,63.084232494439846,11.154330976671849,15.157952409980219,12.557783664720402,0.9044066727710199,1.3589297683277946
2459,2211,234,235,56.76739827297286,8.000000000000114,15.176408776935325,12.536191709109334,0.7825061958504105,1.8970510971168888
2460,340,341,339,40.83333333333372,8.000000000000114,11.887573284124269,10.090935707031043,0.9033557108513002,1.4859466605155125
2461,2136,2182,1632,57.38499641942096,10.25526616177077,13.429029992945953,11.74285879685612,0.9493652215230214,1.3094764954035256
2462,279,280,281,22.620580695351414,6.122010380010516,11.789685674840817,8.637232018283774,0.6517081793808344,1.925786619594161
2463,1995,281,282,46.6200181886686,8.000000000000064,12.438579966925996,10.88441523036513,0.8778978641849692,1.554822495865737
2464,338,339,342,50.81094601612158,8.000000000000114,14.564295305521757,11.765721148057628,0.8032695376097427,1.8205369131901936
2465,1995,274,275,46.619946789896275,7.999999999999984,12.695831537871843,10.907397483613517,0.8733834123485784,1.5869789422339835
2466,1995,275,276,54.2877185799854,10.355505689308616,12.026360912968727,11.259220355815854,0.9852838904762464,1.1613494573601713
2467,1586,2143,2147,54.22261516069007,10.783176570784894,12.011856026360796,11.233138327279383,0.9899811091346578,1.1139441098372433
2468,122,123,126,48.644597708266346,7.4343962313976215,14.694519956163843,11.745591178682472,0.7607408141422642,1.9765586200671688
2469,2070,1570,1200,104.9476953528312,14.476404568238246,18.62424811136652,15.955084842718632,0.9388919867544032,1.286524428325856
2470,1786,122,126,85.01880511392774,12.857225928117774,14.714986882575237,14.088910922285619,0.9853781837935589,1.1444915851089372
2471,303,2238,302,39.488627283331546,7.999999999999886,10.810520277138272,9.772242163525704,0.9393558078325931,1.351315034642303
2472,2054,120,1590,81.91143601715542,10.698897251762762,20.578228845503375,15.629949455244267,0.7259927241402225,1.9233971839586443
2473,1786,126,127,27.39416564091794,5.801722067151615,12.857225928117774,9.514860190909973,0.6396906130059572,2.2161051114311814
2474,126,124,125,25.8970965232405,6.651621227098915,11.517624705460419,8.723081977519774,0.744792605228279,1.7315514988341867
2475,1918,2152,2153,46.52330427230319,10.035892376260204,10.577413435455897,10.373574329435927,0.9978832646242228,1.0539584362698682
2476,1597,1884,1732,93.78856937891777,13.446715883624673,15.804408207681044,14.814508226107561,0.9824369385991579,1.1753359217567432
2477,1646,1686,1645,77.09912049212647,12.227146748720354,17.062386007625474,13.974011431422758,0.889955101982906,1.3954511513007855
2478,119,120,1589,67.64005585745544,7.999999999999984,17.391736822614867,14.251188314016725,0.7016321823958379,2.173967102826863
2479,1784,119,1589,76.91420019734925,9.45205291197143,17.391736822614867,14.484483915470088,0.798085144828704,1.8399957114699905
2480,139,1784,1589,79.8184648463246,9.45205291197143,17.574051462008363,14.842927310356467,0.7849158052504797,1.859284075711222
2481,1646,140,141,52.168330666692505,7.442950021904417,14.627702188045262,12.15463800311106,0.7584630539932649,1.9653097421044476
2482,1590,120,121,42.80859854728267,6.755183755962781,15.612722268466673,11.753459610062874,0.6509726007738245,2.311220957488443
2483,121,1786,1590,61.96029247983431,11.214118789820988,12.892472805759171,12.021950800182205,0.986844171691456,1.1496643693003874
2484,2036,2038,2035,52.95580073211622,9.802450321809323,12.873931455459013,11.279513116356325,0.9494556177417268,1.313338097395505
2485,130,1647,129,41.06161129037688,7.4863830104812905,12.003488908411619,10.255489500188164,0.869204839483069,1.6033762755133107
2486,133,1647,131,70.72764766991418,11.603508945680517,16.759283718026683,13.51798764416003,0.8686067767723191,1.4443289350214563
2487,1647,130,131,42.83605606806777,7.999999999999904,11.603508945680517,10.293368509117334,0.9109089117893465,1.450438618210082
2488,277,278,1995,32.23844175277154,5.740330897171199,12.031511389171424,9.698182881395242,0.7301257382773885,2.095961296429877
2489,136,2054,1590,75.36398429679099,10.698897251762762,19.11635723512546,14.692545617939928,0.7641211153236689,1.7867595870196649
2490,138,1589,2054,70.4033410159558,10.311034897734098,17.27281562346224,13.747451752423872,0.8250172767027738,1.6751776901907323
2491,134,1647,133,62.71506549240678,7.999999999999984,16.759283718026683,13.525126585372698,0.7302290763070624,2.0949104647533394
2492,136,137,2054,36.752171324253474,7.999999999999904,14.262382366931561,10.63326143249326,0.7067166208632947,1.7827977958664665
2493,133,131,132,19.15488185427248,5.7657748776119835,12.19117026877289,8.65231504879498,0.5397550173395391,2.1144027520238735
2494,1785,135,136,38.73608224771816,7.391853655277456,14.218843954016155,10.774451902376493,0.7222517102777422,1.9235829897504169
2495,129,1647,128,44.02439700817548,7.407873457735803,13.195533565984993,10.868965310710806,0.8175404035536956,1.7812849586685802
2496,344,345,2106,28.760823308245214,7.395505035590995,8.661501635974856,8.207019354578245,0.9812996725358318,1.171184603930527
2497,1666,649,650,39.65172899379611,8.000000000000014,11.017464898640224,9.810532082979607,0.9349186135836269,1.3771831123300255
2498,705,706,2207,31.905678102351253,7.999999999999984,12.353710804009532,9.485972941687798,0.783049967918202,1.5442138505011946
2499,2081,2080,1595,52.8121792709164,9.921428546080838,12.265998152446599,11.16706924647587,0.9708202565903973,1.2363137118285161
