element_id,node_0,node_1,node_2,area_um2,edge_min_um,edge_max_um,edge_mean_um,quality_equilateral_normalized,aspect_edge_ratio
0,1438,1591,1739,102.74238685278259,13.900505167973728,17.20682338057783,15.58099982897889,0.9700821870296656,1.237855975207415
1,1436,1437,1739,37.51653183211995,8.000000000000004,10.407227660093213,9.471517816320663,0.9539934669940701,1.300903457511651
2,1851,1439,1419,26.005044222999324,6.392159434415048,9.740343827477666,8.111648063009609,0.8874668658731062,1.5237955072015523
3,1426,1850,1425,18.435800379428297,4.788471082403213,8.133124467062324,6.973865183155176,0.8343959628740519,1.698480439184466
4,1851,1420,1737,72.6563041899725,10.853466961389744,14.569375780518524,13.250892885113707,0.9401746470621685,1.3423706758723088
5,1506,1591,1737,126.38449206479153,14.849726142325274,18.67037948646922,17.331272890150604,0.9618200801249022,1.25728779827489
6,1436,1739,1435,28.310050900274703,5.7901725781390825,10.442238548107387,8.74657897170508,0.8081057665830407,1.80344167763363
7,1506,1428,1429,58.79082788388889,8.000000000000004,16.233974272814123,12.991092898477882,0.7476560503743728,2.0292467841017645
8,1506,1850,1427,52.098861673863425,10.378400503800938,12.387085537331147,11.093284170800871,0.9710750625095581,1.1935447598880538
9,1974,1432,1433,38.206501493037614,6.492421211544497,13.518038984362557,10.593692218279175,0.7283322835782812,2.0821259964349603
10,1922,2288,2276,62.29346216163084,10.785148632416442,14.889522037426202,12.436597472841918,0.9116768552785675,1.3805578898257764
11,1974,1429,1430,48.43598864640468,7.999999999999984,15.005930142731541,11.715210156773685,0.7686958434457392,1.8757412678414465
12,1974,1506,1429,106.8680348420761,15.005930142731541,16.233974272814123,15.735808207523961,0.9955920683482369,1.081837254898685
13,1421,1424,1737,66.7594029289954,11.31513112130509,14.509377984127216,12.656360084344962,0.9516050028980138,1.2822987050329206
14,1422,1423,1424,25.719283674193065,6.61596579349241,10.42735168647144,8.275111967049307,0.8363279126440196,1.5760891171366065
15,1698,1699,2128,63.28445186139141,10.1751340541638,15.774008655058612,12.799084969006548,0.8642626797009892,1.5502506965599807
16,1425,1737,1424,42.98469933654695,8.0,11.633842566587461,10.31632456263085,0.9096710575026044,1.4542303208234326
17,1506,1427,1428,47.29727804696415,7.639705391375278,14.739304422619526,11.588698450441983,0.763742139297704,1.9293027240630543
18,2077,2076,1609,67.99594761426897,10.700828648846025,14.916685155013983,12.883544429665486,0.9293957729389686,1.393974770040131
19,633,634,2026,18.940705294897285,4.815417890978409,8.554623310585207,7.123347067187872,0.8182652314168166,1.776506941715718
20,1737,1425,1850,46.27716498712608,8.133124467062324,12.734699489849167,10.833888841166319,0.8816251581463719,1.56578195027291
21,2071,1570,2270,88.94404831909497,13.639879562637931,14.892051211603695,14.36059221618581,0.9946812224661318,1.0918022511280587
22,617,2099,616,42.997874458107475,7.999999999999944,13.972071255815264,10.920440986763971,0.7930692650183557,1.7465089069769202
23,1768,2050,1559,58.94732149881854,10.508919343840189,13.269966611989632,11.835823189857562,0.9630029373333704,1.2627337005653043
24,1152,1153,2133,41.626766294371194,7.999999999999984,12.518025265919023,10.325613195139463,0.8737031096252541,1.564753158239881
25,1422,1424,1421,41.229376578309676,7.999999999999986,12.14457114760258,10.190640944691335,0.8920281611378987,1.5180713934503252
26,2160,2161,2158,86.7354278753361,13.429043577570186,14.589418599014527,14.182071443402156,0.9944968474635517,1.0864078677488584
27,1226,2242,1225,55.321556518789556,8.000000000000021,15.353994041388454,12.416118006721987,0.7777602528047128,1.9192492551735516
28,1230,1689,1229,44.557869633033704,8.0,11.845377635773529,10.557263923021758,0.896939476282638,1.4806722044716911
29,2242,1223,1224,50.075063631621866,7.4202235318557515,15.575247334422688,12.16566635650026,0.7228626827115664,2.09902670284212
30,2242,1224,1225,93.88467677224226,13.496163948946204,15.575247334422688,14.808468441585783,0.9848174290505832,1.15404995029264
31,1221,2242,1507,93.27315312498153,12.803549702523332,17.701600499231194,15.110791890305812,0.926973124084552,1.3825541283869542
32,1221,1222,2242,56.02259341770623,7.478007253295708,17.701600499231194,13.429662948314308,0.649533922410971,2.367154764583806
33,2123,1228,1689,63.15370507662142,11.481544591693963,12.573184953638032,12.102211356139293,0.9943677401999379,1.0950778314908771
34,1227,2123,2242,67.90700287436837,8.765875253711728,16.68416451059852,13.718745698618482,0.7816647796099131,1.9033084578215913
35,1853,1508,1592,105.87272356002882,12.787068500960975,18.362232419294433,16.134980453191655,0.9186786000641233,1.4360001604679347
36,1432,1974,1431,73.68260235250224,12.263478102277126,13.518038984362557,13.081640136503205,0.9924076440861657,1.1023005766897793
37,1237,1654,1236,44.109866326105156,8.000000000000014,13.492395136514666,10.840723743143515,0.8311165277158928,1.6865493920643304
38,1237,1238,1815,31.874910200482077,8.0,8.973958275480756,8.61135550316176,0.9901468175226078,1.1217447844350945
39,1509,2297,2299,76.35773177215592,12.522700726547965,13.756517242045044,13.31348568109805,0.9931153684229617,1.0985263915859143
40,1654,1237,1815,52.33086802880486,8.86010823400453,13.492395136514666,11.46494495890714,0.8939622244238016,1.5228250919928625
41,455,2220,454,43.05055089196869,7.056764360551353,16.188268518190267,11.987090993905753,0.6298304549639657,2.2940072377484713
42,1509,2299,2246,59.7125563647605,10.442327708984934,12.622409903843652,11.86247944645885,0.9729888529185537,1.2087735853168926
43,1235,1654,1234,46.198272397002455,8.000000000000014,13.440395702939684,11.014907866325144,0.8438362394101279,1.6800494628674576
44,2191,1578,2192,61.77397187388294,10.571263556591212,13.978277667406124,12.197276340982064,0.9465280122224615,1.3222901493824386
45,1816,1234,1654,84.5316667776455,13.11477671768121,15.902309462734754,14.15249396111855,0.9671814000359222,1.212549005222134
46,1592,1852,1853,52.797613837780794,9.830384462712697,12.787068500960975,11.24732673514705,0.9528313238037004,1.3007699291378865
47,1816,1654,1635,108.28895002996181,14.695987904723175,17.1243945948623,15.907563987440076,0.9844475299697129,1.1652428340226555
48,1906,1548,1293,78.15574073127428,11.684467344083664,17.700804211890627,14.254437508710993,0.8611069037167113,1.5149003964526706
49,1207,1592,1206,41.80621618739448,7.417734752031983,12.22255691862107,10.409741235926292,0.85511484355633,1.6477479078465127
50,2214,1686,2167,38.68286702116832,8.02657839597803,10.452083201815634,9.636102120281636,0.9488519896542725,1.3021841544652426
51,1593,1654,1815,79.7650258832712,12.042331506202222,17.033754108941736,14.130195926853228,0.90233501829674,1.4144897190522248
52,1866,1865,370,47.23780884432437,9.639168690747834,13.340870343168163,10.932970155438122,0.8910176851774381,1.3840270640738357
53,1207,1852,1592,49.56703433376846,9.830384462712697,11.588932037125828,10.770989023968243,0.9822633376293112,1.1788889927025152
54,1853,1856,1508,90.50051913007276,11.813360272048865,17.25564043931956,14.957794024069605,0.9125514927717087,1.4606885798740485
55,1822,1664,2163,47.68572058182198,9.376511379509338,12.509313727911437,10.756852543440216,0.9379175608223126,1.3341117204046986
56,1209,1685,1208,53.68370340362968,8.000000000000023,14.118237117510807,12.006078823364112,0.8146843771940853,1.7647796396888458
57,1569,2086,2060,103.9917171912534,14.820856676002876,16.2076884882481,15.528035280026216,0.9946892770760293,1.0935729858646233
58,1636,1240,1241,53.032273030004596,7.393454592550387,15.079078380084972,12.35971016429601,0.7416682865785832,2.0395172772520422
59,1329,2023,1328,35.761778869477624,8.0,14.767898773799176,10.82151505616823,0.6587462729234501,1.845987346724897
60,776,1914,1598,38.89453091959895,8.202431133546925,10.731023358394948,9.645457425601057,0.9538966150578648,1.3082735086316537
61,31,1995,30,43.34686249445864,7.999999999999943,13.908415913213272,10.922971542312121,0.8000008000540229,1.7385519891516714
62,878,879,1888,37.15212450842894,6.184997715104674,12.651333010393312,10.351057679045327,0.7405807338505532,2.0454870952493476
63,2046,1556,2047,90.40477807905623,13.025642472734487,16.211546068235467,14.625590877369278,0.9683729655239612,1.2445870598835929
64,2072,2071,1624,81.14880200967738,13.019728499469508,14.400464830847127,13.724358539916812,0.9932634192972194,1.1060495486855872
65,2298,1252,1253,31.637039793277758,7.850698279236085,9.103186456550496,8.596224729275379,0.9848705671372918,1.1595384426665656
66,2298,1254,2297,86.15494953899704,12.37119890525063,16.370263646360716,14.390288049904136,0.9486034913007789,1.3232560378131815
67,964,2049,1614,45.18614494318983,7.752083583702366,12.627571161473776,10.79751370645952,0.8603830429385706,1.6289260848556144
68,2299,2297,1254,78.13404886768234,11.528951575839699,16.370263646360716,13.885244154748486,0.9172821357759875,1.4199264814908727
69,2083,1538,1759,62.15644090379145,10.735380423550115,13.628220613825214,12.158370159569094,0.9619515059758119,1.269467878746905
70,1257,2246,1256,41.03455687094055,8.0,11.565324337623814,10.054393529625921,0.9168722290404756,1.4456655422029767
71,1938,1954,1950,65.69502848967338,11.71171716123415,13.503591559639139,12.397653162602424,0.9830943224937594,1.1529984351343545
72,1976,1258,1259,26.988940781701448,6.76586623638099,10.087060283031521,8.28430883980417,0.883981659105637,1.490874919872346
73,1703,1837,7,63.47268964508241,10.751206392076284,13.052934197082488,12.233584934013818,0.9722777652749053,1.2140901886789741
74,2249,2245,2246,70.70666752758213,10.492238596168741,14.845326496506594,13.158453652308452,0.9236767285072315,1.4148864763642899
75,1258,1976,2249,46.7848922127793,10.087060283031521,10.824579721397061,10.408447176213288,0.9964416388907673,1.0731153991025708
76,1187,1975,1260,51.59232712400103,9.142520145062361,12.46890832273521,11.177904007137279,0.9376756166405479,1.3638371176539703
77,1747,1863,1597,82.91665971162996,13.070887159767594,14.496891246088067,13.87556840407062,0.9927454977100237,1.1090977275597433
78,1241,1242,2162,23.721965093445654,6.697313102910688,12.595346092625572,9.097553065178749,0.6144022222765807,1.8806566005032028
79,1486,1489,1490,66.44378284946043,7.9999999999999964,19.443610873794768,14.729174372654043,0.6372203783530995,2.430451359224347
80,2125,2128,1699,68.22508651670327,11.20518330757458,14.921494370959039,12.858263292110282,0.9394125115178688,1.33165999710797
81,809,1833,1642,74.2747049256565,10.44161953913733,15.564728825391796,13.606592360262903,0.901641708451116,1.490643167666855
82,1486,1490,1491,73.10746302143653,7.524490163728874,20.603532582176875,15.85721120656684,0.5895212049155514,2.7381964935636893
83,689,690,2100,38.145416691215104,7.517169157493151,11.010119005446224,9.727778887100945,0.907296948239989,1.4646629302563032
84,2160,2158,1636,103.37708397523431,14.589418599014527,16.286072006981666,15.497814277337406,0.9919803334389986,1.116293421595412
85,2193,2188,1589,61.30674695883569,11.091738706810775,12.960206651338847,11.97433926328114,0.9833986640902387,1.1684558204910434
86,1484,1492,1493,81.66666666666669,8.0,21.07623248990848,16.559921690695116,0.6066208838511968,2.63452906123856
87,2216,639,640,45.0937949113068,7.844702145305317,13.839559642402326,11.060579709941278,0.8109202233777818,1.7641918566257673
88,1485,1491,1492,81.66666666666669,8.0,21.07623248990848,16.559921690695116,0.6066208838511968,2.63452906123856
89,2188,465,2189,61.01867526048809,10.657762935270922,12.710753732797468,11.973241716730376,0.9770404673468286,1.1926286792073741
90,1493,1494,1964,49.4837411707163,8.0,14.129627779083119,11.518686990031705,0.8200527780826088,1.7662034723853899
91,777,1858,1857,94.07097442667401,13.79605314735868,17.634880997934392,15.10560117928551,0.9389247066679626,1.2782555133393838
92,1188,1975,1187,48.584009482313384,8.000000000000014,13.20474551563627,11.224551279457165,0.8546637318144384,1.650593189454531
93,532,1991,531,45.18663555289764,7.999999999999984,12.950112928522516,10.789763198201422,0.8645666470565839,1.618764116065318
94,331,1884,330,39.406295067565964,7.879092833972349,11.551920348881021,9.883977463436674,0.9100671274366422,1.4661485265248446
95,1261,1187,1260,4.314659653141348,1.525462549624122,9.142520145062361,6.222660898228828,0.19940163064327812,5.993277348772083
96,1932,1934,1877,76.49140281087276,10.653871503791551,15.599179093112957,13.772958143362493,0.9077274220534225,1.4641793912721255
97,1484,1485,1492,81.66666666666669,8.0,21.07623248990848,16.559921690695116,0.6066208838511968,2.63452906123856
98,1779,1788,1883,57.44629172631224,10.622829114905448,14.82829344502986,12.092448936174174,0.8845812857040907,1.3958892950865138
99,1964,1963,1483,72.17343749160867,12.012468355729103,15.248319783394143,13.186890640929922,0.9468553913838349,1.269374397654231
100,1493,1964,1484,86.81633672086781,12.522282355505606,20.60353258217687,15.751814238921867,0.7701823604293034,1.6453496253515019
101,1628,1940,1911,75.24973332890394,10.965074716337313,16.15968188896484,13.68818332932149,0.9056072681103667,1.4737411560805755
102,1486,1491,1485,81.66666666666697,8.000000000000028,21.07623248990848,16.55992169069513,0.6066208838511985,2.634529061238551
103,1908,1909,1729,48.129291148162096,8.356874584432736,12.581580490931762,10.973007252814396,0.8971715625759286,1.5055365931144697
104,1487,1488,1489,43.81636585149096,7.999999999999989,13.425850067669149,10.794169674531839,0.833288954841895,1.6782312584586458
105,1975,1510,1976,71.71477790487214,12.034199871528427,14.994268978608293,13.101087002731902,0.9549008135968625,1.2459714097056886
106,2160,2162,1244,62.01625531481915,11.030751354346913,12.604939460274933,12.027006216081892,0.9867103842282808,1.142709055381588
107,1995,54,55,53.96559585971944,8.000000000000105,15.210876182823418,12.245816111481803,0.7816312011755298,1.9013595228529023
108,1949,1938,1634,90.70510011237302,12.644792446935751,16.02086054197804,14.678528350198683,0.9626678417184124,1.2669927647456498
109,1246,1822,2163,29.886311622689398,7.437463770689538,9.376511379509338,8.421008565053599,0.9647618955078318,1.2607135535182619
110,1887,1797,877,58.63427660483927,11.117952838149995,11.99446915484707,11.655092394989692,0.9957443615728107,1.0788379236229002
111,1508,1823,1901,122.70948396444834,15.123537482428477,20.369582323598078,17.32083361771511,0.9292525655508478,1.3468794815541538
112,1792,1643,1794,76.98841597900346,12.209953585489655,14.38183499622193,13.423127847867319,0.9823104721908913,1.177877941592943
113,1896,1084,1894,80.55194089685702,13.030562649481146,15.161306822479148,13.755721069370315,0.978017267718899,1.1635189692352113
114,1913,1729,1909,62.86799776056169,10.393102235906824,13.946523703552522,12.30706881013037,0.945193144686475,1.341901906378741
115,1274,1965,1280,75.58204883683831,12.735302828033902,14.085285740150365,13.253395005309065,0.9917264424167307,1.1060032046623014
116,2158,1823,2159,63.838080402982186,11.472979862710583,14.069795010972028,12.344595263539366,0.9580866428057968,1.2263418204630168
117,1588,1813,1891,103.37887209774075,14.701002719849935,16.088114928916543,15.483311220389174,0.9944762553991265,1.0943549386052196
118,1865,1752,1536,68.65654647986149,11.336649655851451,13.938442136138239,12.725115341852748,0.9723029561797335,1.229502768390118
119,1901,1592,1508,111.33678142622111,12.28983839378756,20.369582323598078,17.00721771222669,0.8540990662255155,1.6574328864970902
120,1862,1863,1915,68.44283209589594,11.367975206977388,14.730572650539996,12.826732022954639,0.9492719080098838,1.2957956348724906
121,1201,1202,1664,39.14785217683429,7.999999999999964,10.818448162775574,9.725274434935683,0.9407251740328466,1.352306020346953
122,1247,1248,1199,41.548658084425455,7.798743265134721,12.339138676289203,10.3030147959468,0.8747005462058164,1.5821957790882666
123,1795,912,913,34.81118744804121,8.0,13.751068675865156,10.28247945674996,0.7181454711402834,1.7188835844831445
124,372,1866,371,27.708335325265125,7.004888358552269,11.389762316466191,8.798216891672821,0.7906623383566923,1.625973425052582
125,1201,1822,1200,30.868966039086494,7.565692634791235,9.721659884005062,8.586860748968464,0.9567000624910915,1.2849662751695063
126,1822,1247,1200,36.23326100230382,8.4732297281091,10.26411127950871,9.245270428537369,0.9725373008952543,1.211357606115474
127,2127,1556,2044,100.14863031044345,13.879561696908894,17.995536198282377,15.547144988740362,0.9446225352444277,1.2965493141105564
128,1915,768,769,38.919988680352475,8.000000000000004,12.66983480154652,10.133503520067462,0.8447258713837741,1.5837293501933143
129,2151,1593,1815,62.9905181735082,9.50334510182229,15.620262920622299,12.81270339595344,0.8530616474844355,1.6436594434129381
130,1978,1193,1194,33.40546985200547,7.580664653439901,13.786510513351912,10.227954207257241,0.6922394441071082,1.8186413914373545
131,1195,2244,2245,68.79119287884266,11.060068613855101,17.573666324555294,13.715562781952132,0.8109115382387869,1.5889292316451382
132,1250,2297,2243,78.78171378829012,12.807430157800276,15.016818426489733,13.607565273767404,0.9772978888432243,1.172508320675389
133,1651,1811,1649,85.96904250120163,13.203484057404197,16.689907385637692,14.401912615527628,0.9452588900729763,1.2640532841995136
134,6,1837,1534,114.19999036306783,14.915300152391291,20.49872814305974,16.92707530391841,0.9003043020031737,1.3743423151811858
135,1191,1977,1190,36.83467125359096,7.604571803066397,10.705795488364272,9.488643673828705,0.9260431585828183,1.407810428464541
136,2072,1624,2285,78.93573719173054,12.715730726456194,14.155576099902447,13.541396371930816,0.992146242869865,1.113233396052539
137,748,1859,747,33.99198973856786,8.000000000000057,10.046833159474122,8.981881867319943,0.9646729739209086,1.2558541449342564
138,1912,1910,1575,88.94598336214447,14.020082845109972,14.508908554507292,14.337404197134397,0.9990289179174295,1.0348661070549818
139,1978,1977,1192,50.76233551097053,8.915993702705817,15.326150183106149,11.9025951704076,0.7888176109108732,1.71895031492171
140,810,1691,1833,72.846840323501,11.944197302821493,16.881485580901312,13.675539902444655,0.8754342646184062,1.4133629203289801
141,1321,1548,1839,48.195386164342395,9.048183991585855,14.612574592688222,11.452141346192462,0.8148173064626186,1.6149731931044773
142,2243,1196,2248,88.13726665474765,12.575627369159443,16.65842374843552,14.566588318631524,0.9468551268569245,1.324659459081044
143,1639,1911,1940,72.27222256275364,10.550827666129129,15.852201831161125,13.447607626650857,0.8990655014446346,1.5024605019424941
144,2248,1198,1248,63.26827876543684,10.404608792752407,13.605967176775009,12.303759407297028,0.9533045760656159,1.3076865692684754
145,1967,19,20,36.29062771779536,8.0,10.107557374453284,9.282698279538629,0.9631783901414717,1.2634446718066605
146,1864,1537,1821,77.3736554481704,11.486934934700235,15.048328774180092,13.610036503603972,0.9525822456368842,1.3100386534550172
147,1256,2246,2299,48.70450187566258,10.442327708984934,10.784881258246578,10.608355072828488,0.9993018588111872,1.0328043285757926
148,1194,2247,1978,81.59849212890178,12.70605634433974,14.973326912787224,13.821964590159626,0.981967863484247,1.1784401475173296
149,1195,2245,2247,105.87757836125395,14.224833573851853,17.573666324555294,15.821946782460971,0.9694654578260339,1.2354215768723846
150,1502,1888,1889,63.70433510861581,11.297403183907786,14.313288262401162,12.386204248139045,0.9474098342705596,1.2669538326107768
151,2244,2243,1509,67.46397909384487,11.9694421636348,13.762309732392138,12.572759105534885,0.9812292788970838,1.1497870614392016
152,5,1969,4,49.04299030182591,8.000000000000014,13.176306742684053,11.280418960008744,0.8536837353220373,1.6470383428355038
153,955,1834,954,44.925603312908514,7.655454000231047,13.81760116072559,11.07185766367423,0.8034037268308972,1.8049355610142215
154,2248,1248,1249,46.39145298906139,7.62894628279411,13.605967176775009,11.16420227494694,0.8166424669223842,1.7834661134606664
155,1190,1977,1189,36.305482653782406,7.391702680033722,10.940017680394964,9.49576136349471,0.9065621229267069,1.4800402767749115
156,1890,880,881,36.23557076879191,7.999999999999984,13.469731899733949,10.246675480506275,0.7575998255833614,1.683716487466747
157,2024,1526,2025,64.8310545137658,10.73826617684123,14.613301917853034,12.561304631772673,0.9339156485907361,1.3608623289082673
158,2071,2270,2269,85.39508139267998,13.236082956236647,14.892051211603695,14.091882793099387,0.9908146303820837,1.1251101448096303
159,1694,1889,1522,73.3226291885978,11.285264587908879,16.113935815074917,13.503910243103014,0.90882890732609,1.4278739935206761
160,992,993,996,29.266678751272647,7.536930277329742,10.289541723512984,8.54415300478083,0.9067680201702558,1.3652165198426731
161,995,993,994,40.83333333333334,8.0,12.216037485127393,10.168526402880127,0.886543714301609,1.527004685640924
162,940,1979,939,48.78198764161698,8.0,14.378491555841292,11.526672387054207,0.8054261871637656,1.7973114444801614
163,1979,938,939,41.66343558939971,7.394923440169712,12.20152560532133,10.395636578631473,0.8542526819572036,1.6499867380697733
164,2215,1220,2119,71.86548793522883,12.264962545090272,13.549719611178872,12.914798006109486,0.9934099360842643,1.104750182592518
165,1685,2147,1208,78.99146179017636,13.263240861035605,13.899999352581503,13.515038495618732,0.9983049463592873,1.048009268490068
166,1679,2221,456,75.54149490348863,11.629590626121914,14.371067676396049,13.367465010212664,0.9680613578706048,1.235732893651161
167,1216,1217,2117,58.088273792851055,8.000000000000055,15.108693133748293,12.709178051384185,0.7771681790694034,1.8885866417185235
168,2213,2117,1218,128.84874299708395,14.415950312939751,19.640432362309163,17.667713489035982,0.937162540831904,1.3624098263352031
169,404,2274,2183,111.87826771347628,14.774652824250248,16.892594474049496,16.158556243281563,0.9859346895017426,1.1433496729156967
170,2302,2300,715,92.34197921486412,12.457097579673741,16.16267753668165,14.873687594589475,0.9513889424712288,1.2974673621449595
171,935,936,1511,61.359413749062185,8.0,16.430444764281454,13.305079885202167,0.7409483092841034,2.0538055955351817
172,942,943,1512,55.58253486407921,8.0,19.450435904412597,14.145256344235102,0.5774461530605574,2.4313044880515746
173,1511,940,941,61.14058625093759,8.0,16.37233516466478,13.268546274439752,0.7428350226602052,2.0465418955830974
174,2187,2193,1504,84.78641989964116,12.064813394649972,17.452215772474577,14.558978599454429,0.9028268766862383,1.4465383923976476
175,1978,2247,1510,89.66074567151354,13.420517730212877,14.973326912787224,14.441577174090094,0.9903476994773784,1.1157041191547024
176,1980,942,1512,120.23189318062595,12.800472437012466,20.324580872188367,17.525163071204478,0.8720043437487648,1.5877992763313953
177,2134,1505,2136,106.18877372653148,15.099064130250467,16.69862157669759,15.709547335981815,0.9916878069599131,1.1059375225278012
178,943,944,1512,55.58253486407921,8.0,14.985333128292712,12.36167086495584,0.7901472691630824,1.873166641036589
179,1980,935,1511,82.16492728717787,12.414427865082528,16.430444764281454,14.116878766951507,0.9386168110041457,1.3234959309316692
180,933,1512,932,104.41070854779034,13.47418666917626,17.821561711288314,15.82781206843992,0.9503097112878869,1.3226447093877043
181,2194,1590,2195,83.97712806728566,12.296386005295325,15.48453221749837,14.108952405824118,0.9655707160755861,1.2592750594223456
182,755,1746,754,26.9105901062348,7.459827247892154,12.878680121596547,9.41148499584761,0.6568204400704056,1.7264046061167895
183,751,1746,1745,81.32133519785955,12.194714178164459,15.537766628770576,13.90744549465832,0.961699075062612,1.2741394674581306
184,757,2021,756,29.686773655921773,5.667251802563752,10.901344228962534,9.125373213831088,0.7681367509437453,1.9235680024012667
185,2021,1746,755,58.20993254151476,9.136022739878202,16.834546786012208,12.949749882495652,0.7570266152374614,1.8426559636865176
186,2021,757,758,39.36337580009137,7.999999999999979,10.901344228962534,9.76130228184886,0.9383442214561513,1.3626680286203203
187,760,1596,2022,88.12807331362934,12.867553704702239,16.389447368306296,14.496819663985468,0.9588396675974362,1.2737034361330886
188,1337,1357,1500,0.057591782482989406,0.10109800091448562,1.4761276644146195,0.9970758330285401,0.09526093850652671,14.600957991871782
189,753,1746,752,32.272773997786345,7.999999999999997,11.474848718369822,9.181539129638496,0.8573545422302079,1.4343560897962282
190,2075,2070,1538,64.16688136832192,11.935522925768074,12.682430169923588,12.188651141145224,0.9966500587068695,1.062578510284035
191,751,752,1746,40.23626719332104,7.409096818864298,15.537766628770576,11.473904055334899,0.6513368261284774,2.097120203532754
192,1744,1594,1745,74.37651213556335,12.551511126591654,13.744283731059946,13.133259199346456,0.9944717111596229,1.0950301993471752
193,1579,1849,1908,51.6328523461986,10.058755840720172,12.582009324237182,11.092666648754163,0.9599786778199269,1.2508514495701641
194,1743,1859,1741,62.94798137329758,10.932212246371636,14.31258911206497,12.338377880985687,0.9421310365108598,1.3092125170562134
195,2076,2070,2075,54.085275002326334,10.744901217879304,11.948000327744007,11.21463029529464,0.9909608112049162,1.1119693039022795
196,746,1743,745,35.46021406706873,7.999999999999943,11.751760359111648,9.54046916220633,0.8749924206236285,1.4689700448889664
197,1657,745,1743,75.34943893226395,11.751760359111648,15.308699348032063,13.441525481859031,0.9519313256897073,1.302672866041092
198,2257,2259,1533,62.192217599042394,10.57565080445677,14.544538938525024,12.35121811283882,0.9250416733282276,1.3752854748566106
199,1594,748,749,53.52639426568554,8.0,14.214451783541714,11.991572733529425,0.8143288186510891,1.7768064729427142
200,760,2022,759,60.48355148279465,8.000000000000028,16.389447368306296,13.201037355414684,0.7428912188753688,2.04868092103828
201,1596,760,761,51.00360821200283,7.999999999999933,14.233457918947861,11.697968036455137,0.8180040731348924,1.7791822398684976
202,2220,2195,2197,66.43954317535703,12.16424183591823,12.866683437500278,12.400412169279292,0.99711864386165,1.057746435088778
203,2149,763,2150,45.98748879514052,9.235941087766076,11.53542869417891,10.432882359294537,0.9678558031491197,1.248971662396021
204,1241,2162,1636,72.21039682291459,12.002189046486086,14.60659752025267,13.068044219788108,0.9694608400429593,1.2169944552347378
205,2286,2289,2290,66.41927066016301,11.52824403614547,14.681035202563564,12.661947828383893,0.944665733335689,1.273484075851698
206,1594,1859,748,56.22865308757205,10.046833159474122,14.214451783541714,11.842723987960893,0.9061044984591639,1.4148191333442761
207,2133,2135,2134,99.75039848874823,14.263728899555709,16.694623945865686,15.287485101891436,0.9812498512195184,1.1704249332995733
208,1512,934,1980,87.46926958769713,12.800472437012466,16.832117231217076,14.539720256374444,0.9427632792063211,1.3149606246209429
209,366,2105,1610,74.73418670244716,11.564892533399732,15.98363243376863,13.550739233285517,0.9230628171864304,1.3820822275354012
210,1519,1648,2104,102.12562817968839,14.458182842379257,17.085402908848675,15.493207302096012,0.9772274715512719,1.181711636594373
211,934,1512,933,66.91746513592103,8.000000000000028,17.821561711288314,14.21789298083514,0.6972448688223526,2.2276952139110313
212,1735,2193,1589,86.22108772635828,11.091738706810775,17.30808461487546,14.777507045407676,0.8830801758587132,1.5604482824904269
213,1748,2150,1747,74.38859009182492,11.893383754091987,14.848342037258384,13.280998834503302,0.9659090802524268,1.2484539592989863
214,765,766,1747,42.76229685274302,8.000000000000014,11.5867777219062,10.281877437082114,0.9115446315372796,1.4483472152382724
215,1637,2070,2076,56.71776472425763,10.744901217879304,12.931422692610246,11.576801394445559,0.9705703934121946,1.2034938647079056
216,1747,766,1863,69.55471968206031,11.5867777219062,14.058926806356197,12.79627847416512,0.9749036268714663,1.2133594985408325
217,1747,1597,1748,90.1675015966101,13.984558931911865,14.848342037258384,14.443264071752772,0.9976010422603103,1.06176691803811
218,2078,2077,1609,100.98414224081145,14.916685155013983,15.740764348611766,15.282973752823276,0.9979726243870839,1.055245464058131
219,1747,764,765,40.3179129007689,7.918472641927987,11.258854589340126,9.942223918556252,0.9222713986403516,1.4218467498043694
220,770,1915,769,32.771492391395455,7.392548206245439,9.730675758655863,8.870905660681556,0.9484567909278036,1.3162816781411186
221,2261,1996,1520,76.58933006689028,12.142271975833946,17.067531728736178,13.947225399912407,0.8868908393265924,1.405629174070939
222,770,771,1915,35.14227510635163,7.549907939350529,10.920734418586255,9.320045125026715,0.9142320660718717,1.4464725273889494
223,1862,1915,772,61.455744259357246,11.367975206977388,13.019231452273042,11.985347844826222,0.9842999729969399,1.1452550885475326
224,1712,2001,1549,64.4355329710974,11.67859261758846,13.177287627880835,12.254673535291026,0.9880226564845043,1.128328391901887
225,1750,1862,772,65.9027356088214,11.568836875228232,13.33907742988047,12.402153879442059,0.9861007103948726,1.1530180236565324
226,1526,2207,2208,78.48958248272254,13.172612339616103,13.687297643796375,13.468627144383658,0.9989686911316819,1.0390723791842242
227,2271,2289,2275,63.2241811101607,11.295746321967238,14.073313709455215,12.300072921867866,0.9551050876394125,1.2458949863353732
228,1870,2052,1562,114.98618446709581,14.921026934014815,18.834680340043388,16.567718081243648,0.9578507879487692,1.262291156187567
229,1596,1513,2022,105.34840649204091,12.867553704702239,17.654235018425567,16.01823816481798,0.9301926877409462,1.3719962180514633
230,1257,1258,2249,39.64423541630388,8.0,11.167539839170674,9.827080454460651,0.9307895370916748,1.3959424798963342
231,1690,945,931,42.31294885835921,8.92944205897992,15.243138659114754,11.372031654937986,0.713333427579321,1.7070650728715404
232,2161,2163,1664,63.83939175585101,11.175224235627264,12.942799363425445,12.209112442321382,0.9853139503635736,1.1581690971500196
233,2117,1214,1215,44.18634188475215,7.440029483323962,13.458979099133499,10.942950430412031,0.8081213212165848,1.808995398378511
234,2078,1609,2079,103.37358994970899,14.304398791185392,17.365935346592174,15.620601964207216,0.9718047637445228,1.2140276288503193
235,1243,2162,1242,23.721965093445757,6.697313102910688,8.000000000000014,7.46090196576166,0.9787477034928206,1.1945088839467832
236,2117,1832,1213,67.04311069874629,10.780184486477978,19.37179175229294,14.413150754608706,0.7008385993891677,1.7969814687857857
237,1740,2147,1501,79.08328550622059,12.815428677280694,14.926912762362656,13.617226097944204,0.9803229140924067,1.1647610968195874
238,1539,1651,2106,102.9677574653112,14.891782425795572,16.328934332583195,15.459759676782985,0.9933168120821926,1.096506372823322
239,2077,301,2292,84.0538667975553,12.358353724901985,16.00140326165824,14.173101279359786,0.9558086565312941,1.294784371595995
240,1832,1211,1212,32.65640263094406,7.452723929541055,10.148568630232372,8.89020375016622,0.9396198262575598,1.361726091852879
241,2117,2213,2212,130.34619157567656,16.41476008532354,19.640432362309163,17.5545447403364,0.9699619491375558,1.1965104735139993
242,1512,1690,932,61.99253207536177,9.949909977868561,16.18768782485519,12.868134005097522,0.8316118168706834,1.626918018440491
243,945,930,931,56.30375087532095,7.393454592550375,17.208129341738275,13.281574197801135,0.6689412418912412,2.3274815752675533
244,1943,1875,1921,67.26523853539275,11.052881561369809,13.397084999556034,12.596006764027168,0.9717975972489931,1.2120897998562923
245,1813,1892,1891,102.95429759339544,15.111970064477873,16.088114928916543,15.440540884541818,0.9964075583055523,1.0645941502182559
246,945,946,1655,41.064945894099345,7.999999999999984,15.797561655570275,11.606020619158953,0.6540158315539101,1.9746952069462884
247,946,947,1655,34.6163176075992,7.517169157493127,11.020500201906598,9.287798548346865,0.9052591511008985,1.466043928374466
248,1942,1918,1713,110.66851683124032,14.280880754094776,18.217958813056804,16.232118290647602,0.9605822854462223,1.2756887426451722
249,926,929,1655,78.95396543952789,13.214638609494417,13.82326904719896,13.510093995596412,0.9986408352493795,1.046057289623286
250,948,1655,947,34.08518448200175,8.0,9.504989654377463,8.943571980006112,0.9785967085566154,1.1881237067971828
251,948,925,1655,24.926134381598082,5.537247362018623,9.504989654377463,8.12771363295542,0.8292261271654934,1.7165550016014428
252,742,1970,741,37.91405865080665,7.517169157493072,10.797715181853222,9.682496948768552,0.9111614641238777,1.4364071042741031
253,1531,2024,2026,46.32425623033563,8.685535112116167,13.237829941054427,10.87462150237711,0.8788664019329653,1.5241237033959933
254,1553,2133,2134,124.70454932880507,15.804929814691901,18.875277637605315,17.124943799387633,0.9764869644854259,1.1942651981952674
255,1520,1996,1997,60.0038762573541,11.595054965146813,12.142271975833946,11.780230615449602,0.998081485283673,1.0471939988496815
256,1522,1889,1890,69.2946060102235,11.285264587908879,13.982396261799584,12.793796323772847,0.9701973992056138,1.238995874033865
257,632,2025,631,31.017635805759536,8.0,8.8991888595954,8.4875823124573,0.9924555301739831,1.112398607449425
258,3,4,1968,45.67658406548208,6.502302938182131,14.65244834124175,11.799313001048185,0.6881847600999172,2.2534244375483032
259,1065,1060,1665,20.858587351275844,4.143623681009387,10.541820376405072,8.268194266373238,0.6264182284702374,2.544106605220743
260,1939,1907,1095,65.0506735418553,11.31632743386465,13.197327463617205,12.328725164935925,0.9844728726827818,1.1662200073960012
261,1061,1665,1060,34.78216745433588,7.424883350079796,10.119138741705253,9.193840621895882,0.9330202813443411,1.3628683798239742
262,2150,764,1747,48.057559087354946,9.481067669334065,11.893383754091987,10.674598649275564,0.9657747245109324,1.254435066691952
263,328,1789,327,33.587246088399155,7.999999999999903,12.98322913627525,9.864284297733507,0.758744572822588,1.6229036420344258
264,1063,1064,1665,37.3165722171841,8.0,14.49296155456287,10.773626238719963,0.6975530379283527,1.8116201943203587
265,1755,1864,1605,119.93747667621997,15.765505058115702,17.628508087744365,16.695071029540532,0.9916931698941116,1.118169574825618
266,1665,1061,1062,36.74081749254617,7.455991615165608,11.311939012058968,9.601810133709057,0.895339451427072,1.5171609084230058
267,926,927,928,30.75081186085561,7.695730979423254,10.844422550193501,8.846717843205601,0.8846556121338569,1.409147822239262
268,1299,1549,2000,75.48546399636233,11.375726761986444,15.483257934419488,13.519683198021445,0.9392066423693505,1.361078571802456
269,1942,1616,1557,119.54056148877837,14.326175088058239,19.612939093286595,17.035160787181358,0.9362535079802105,1.3690282976951191
270,873,1793,871,93.91568673520625,11.97358111524679,17.000493625522594,15.190545988695627,0.9191996095937174,1.419833670636322
271,1771,1566,2262,86.44021672646983,13.05079393597463,16.77257920796037,14.45171627090844,0.9434799371867686,1.285176924120042
272,280,1838,1674,80.43759229624317,12.724066104850442,14.367265982086737,13.681238117902927,0.989873385543288,1.1291410987412196
273,880,1890,879,36.2355707687919,7.999999999999984,10.883154153653367,9.384482898479414,0.9354127877899568,1.3603942692066735
274,1748,1751,1515,64.3867762351012,10.606351938517323,14.42829257674474,12.498993080323203,0.9371918218807008,1.360344504913882
275,1940,1628,1941,55.62733566667736,10.571865248223688,12.918107036282995,11.485015666948,0.9662119419498985,1.2219326233328154
276,269,1838,1706,69.45379773349903,12.2617902791063,13.012256168542036,12.67612996622084,0.9976084216172874,1.0612036148354702
277,1238,1239,2151,29.480809204625018,7.829576967204677,9.111724589844458,8.313767185683046,0.9804308303896224,1.1637569472795586
278,1969,1968,4,67.26707687181008,10.929638029190944,14.65244834124175,12.749012169258284,0.9423474144484586,1.340616066342536
279,1658,817,818,30.49009913809031,7.3979129511153205,9.32858888087093,8.502902114361037,0.9651076340690548,1.2609757566104556
280,1131,2054,1130,53.2504123370516,9.101537818400542,13.801635061159542,11.57987789652524,0.892374058713747,1.5164069343596895
281,1516,819,782,70.99911667939347,11.487819345338803,13.807983078447688,12.919422744664686,0.9762396952271377,1.2019672892967537
282,782,819,820,12.28002734243924,4.341645303497552,11.487819345338803,7.943154882945453,0.39604586963686095,2.645959893610936
283,819,1516,1658,70.36938838649465,11.84757971429863,13.462465810207565,12.80205810099504,0.9886875618550274,1.1363051471145587
284,1726,1730,1727,73.00716399031323,12.108457788705929,13.986534141851234,13.05269913084181,0.9862070928490064,1.1551045051250926
285,768,1863,767,34.284068339624284,8.000000000000034,10.799404084678896,9.162965084746423,0.9273530091416942,1.3499255105848562
286,1622,2081,309,56.59800411521528,9.747717314815905,14.852164993392375,12.074237894487746,0.8700395363430631,1.5236556943252793
287,2108,1809,385,71.66193743501235,11.763236392897106,13.543446176164544,12.940696442005844,0.9841883580269551,1.151336734535265
288,815,1516,1981,82.50098031721816,11.16375262367658,16.185314250585023,14.272951051705192,0.9132069021749225,1.449809467853891
289,1000,2164,999,44.11467651486027,8.000000000000025,13.061342498282757,10.711822513759492,0.8555587176174363,1.6326678122853395
290,1316,1998,1999,69.82552360296754,11.946903363316634,13.166708893422792,12.733885074131353,0.9925681867837651,1.1021022346134992
291,1700,2029,1527,83.34614255116526,12.408607115697238,15.237841070508955,14.019078737392467,0.9723877895907254,1.22800576474314
292,1617,2051,2053,45.68545128786076,8.597718425235282,12.622863203840948,10.66566472607118,0.9059201623663531,1.468164294237807
293,1517,1983,813,92.234739265055,11.540731362602823,18.650046727188307,15.430438416760444,0.8632619165552933,1.6160194827533092
294,308,2080,307,30.079585914387778,7.626885714060681,11.938905789685169,9.188597167915331,0.787276485924447,1.5653710095163726
295,2178,1505,2177,71.41056000965787,11.092401197648659,14.498415075015574,13.06877024730788,0.9539549294344142,1.3070583020463518
296,1981,783,784,57.3370802792312,7.999999999999984,14.914355080425842,12.588235776498957,0.7835615537455158,1.864294385053234
297,1555,1713,1918,122.00124365262495,14.285211946231259,18.840051124950296,17.11440729474612,0.9487496159632582,1.3188499544748231
298,784,785,1517,57.84452131506993,7.999999999999984,17.21887233132312,13.247531846412338,0.7013281273721303,2.1523590414153944
299,1657,1514,1817,86.19702784138971,13.148065629665693,14.752272144051531,14.16166047670617,0.9900160190025509,1.1220108386716827
300,1982,788,1518,82.06390445180705,12.323639874751018,16.886367147444048,14.222996168918554,0.9197459974372929,1.3702418537920165
301,1982,1517,787,88.68704243978864,13.536514368699576,14.972490399334932,14.348309675337255,0.9931083073071808,1.10608166855389
302,619,1804,618,40.92366782132492,8.000000000000064,11.051073119379474,9.990876263356173,0.9283607227349783,1.3813841399224231
303,784,1517,1981,96.77393737652358,13.466600928419343,17.21887233132312,15.1999427800561,0.9574348558719734,1.2786353752404693
304,787,1517,786,59.013588667409294,8.0,15.727153379191076,12.89988125950867,0.7634804206850261,1.9658941723988845
305,485,1732,484,29.090810560054763,7.682827180244729,12.753497524503144,9.47877490158262,0.705505420279083,1.6600005733952867
306,788,789,1518,63.47833451976362,7.999999999999984,16.886367147444048,13.637236891242608,0.7257740681046292,2.11079589343051
307,1745,749,750,41.37511397767075,7.999999999999886,14.072187961452501,10.8433800496309,0.771833262791288,1.7590234951815877
308,2067,2068,2069,69.66122140244579,12.544474657374973,12.870921677271403,12.685905665325853,0.9995326902150538,1.0260231718595334
309,1763,1917,1557,106.17669350238049,14.799377505076071,17.013609787168544,15.745611243554777,0.9855759434356746,1.1496165822740185
310,1917,1916,1869,66.22530018694053,11.454833058452108,14.09311866694311,12.533231247806265,0.9657919564153717,1.2303207384191692
311,16,1969,1534,120.565554330237,15.30742413908445,19.51814400369595,17.008660664802154,0.9516639588912484,1.275076970909839
312,1718,1840,1100,53.71067836423382,10.364191788147211,11.781850662685466,11.184087528974244,0.988808133372344,1.1367843150258499
313,1791,1519,2104,81.24149315144548,11.98692077007553,14.936036155060108,13.877732551154727,0.9651811491264215,1.246027769896238
314,1605,1753,1866,87.60741456260666,12.946632284007627,15.003349115855226,14.316938588804682,0.9825512071636389,1.1588611452561424
315,805,2104,2103,82.88646039072165,12.342192480296799,15.254705808468161,13.989180032743699,0.9707601463232735,1.235980222543193
316,2104,806,1791,85.22228753989413,11.905699950632275,16.66161750998944,14.425852729650083,0.9287309439043135,1.3994655987533595
317,1635,2165,1816,104.25083145584226,14.695987904723175,16.32792729366142,15.559226899586045,0.992657233227634,1.1110465930918298
318,1691,792,1833,65.12598780198971,12.200936823611158,12.336019988729023,12.264227305495787,0.9999180767434189,1.0110715404129011
319,959,1942,1713,116.03938864947622,15.455166566391425,17.70672998722831,16.45313728613699,0.986737654861605,1.1456835428569954
320,1691,790,791,46.654871935936285,7.702335060432703,12.739427611289484,11.042226992557483,0.8449996117891244,1.6539695444739333
321,1999,1302,1303,37.554294929654134,8.0,13.752924687801132,10.454216682759535,0.7530868301752894,1.7191155859751415
322,1523,1692,883,53.97734888348573,10.178409013146654,12.55831711410427,11.297061127798935,0.9694939121951128,1.2338192636868566
323,45,1708,1545,84.21985007278028,13.062764956606689,16.90266255146818,14.345178139160595,0.9303669852493422,1.2939574896752164
324,623,2028,622,28.39258878081929,7.459979470936607,11.26270872563797,8.793660659951822,0.815716952564393,1.5097506326279375
325,1210,1685,1209,50.701620706054854,7.77821164213335,14.118237117510807,11.715009336317962,0.8068705496785431,1.8151006641468246
326,1560,1717,1840,71.43641277376605,11.64194821469044,14.06835184938089,12.958223169500227,0.976659056120161,1.2084190369124543
327,1495,1462,1494,3.8093276104387668,1.4926344922535577,8.971822039568016,6.085051647908034,0.18402199399372277,6.010729409061485
328,1463,1464,2185,44.02326162530888,8.000000000000057,13.33577424498021,10.78386035228298,0.8397846005322512,1.6669717806225144
329,2185,1963,1463,82.72569743987711,12.952591937857722,15.69604849385134,13.994804892229757,0.9681778843751732,1.211807533901772
330,1465,1466,1479,64.47290133893219,7.999999999999943,17.63943963563559,13.926407774305689,0.7027242510859453,2.2049299544544643
331,1742,1858,1514,108.77346593326395,13.771536566678467,18.14374929560115,16.14629931668398,0.9516645115486893,1.317481837103179
332,2185,1479,1480,33.27726251873881,6.95451580811253,10.615198619409993,9.142228638214036,0.8928924668867546,1.5263749356967786
333,2222,1479,1466,95.01979123043989,12.88576283448978,17.63943963563559,15.206083225717023,0.9337917143276165,1.3689092265785159
334,2185,1465,1479,72.84219960890236,10.615198619409993,16.139783687281536,13.547379711015147,0.8915908729745351,1.5204410455184312
335,2185,1481,1963,87.45248736780277,12.952591937857722,15.002071266836655,14.301719968597657,0.9830282452001743,1.1582292825105323
336,480,2205,479,41.38752806733922,7.735532794676279,13.03790511944488,10.492636152106403,0.8325549991819007,1.685456640868717
337,1991,1535,531,80.66727258948559,11.419176666081764,16.456380286725103,14.105008726294884,0.9166338079147424,1.441117934150654
338,1935,1934,1779,70.52848342188115,12.074961238559837,13.621297789274221,12.810208471332482,0.9901260815743896,1.1280614090732115
339,1477,1478,1476,40.93942956259461,7.999999999999994,13.963779605452153,10.769285259593902,0.7749910441108037,1.7454724506815205
340,1910,1909,1628,94.86652917254008,14.20728451816557,15.169325407573348,14.820169297816948,0.9966265042850911,1.0677146211985622
341,1900,2161,1664,66.52567154840268,11.415210870186144,13.013737324341834,12.457249185984475,0.9865639044788775,1.1400347722292776
342,1475,1476,1478,51.98999094241679,7.539066524856758,14.795800725198218,12.09954895183571,0.7651717069636005,1.9625507582955486
343,1475,1478,1474,57.74705379690127,7.999999999999999,15.201338969751848,12.665713231650022,0.7783776398999629,1.9001673712189813
344,615,2099,2100,70.5557682259917,12.507089619827287,12.931186158849057,12.768910200247092,0.9991511438016992,1.0339084912567873
345,2222,1466,1467,56.14192678231983,8.000000000000057,15.0930472070257,12.446904541170264,0.7861070454178893,1.8866309008781992
346,2048,972,973,49.337263672258246,7.719817353333129,15.422415268095591,11.985518172838981,0.740422685072127,1.9977694500034728
347,2223,1473,2222,80.03409217758497,13.001996358500696,14.481233891802662,13.639064821217298,0.9915294465288474,1.1137700313486738
348,1467,2223,2222,80.2990533575016,13.236534138427043,14.247666416485036,13.639388256086873,0.9958024336619035,1.0763895040411349
349,1474,1478,2222,85.97625022190574,12.469060069005621,15.201338969751848,14.246266682396467,0.970740702902594,1.219124688278458
350,1470,1471,2223,33.19339627239685,7.542604281822928,10.838999210465195,9.088961866763535,0.907815618294777,1.4370367058213984
351,2299,1254,1255,31.07307343447542,7.785576028545832,11.528951575839699,9.104842534795177,0.8359374207614106,1.480809067122172
352,2223,1471,1472,31.907437285152575,7.999999999999994,8.962543533168562,8.615941880390345,0.9900830346345868,1.1203179416460711
353,1469,1470,2223,29.400048402358827,5.66725180256374,10.838999210465195,9.061989771020572,0.7725518939450129,1.912567076261173
354,2184,2183,2274,95.26992862051182,14.52981011832815,15.219327347954332,14.841263430177577,0.9985110503453473,1.0474553503460045
355,1647,2217,2136,75.7863449016283,12.31154506796333,15.342389397144432,13.454509179402976,0.9572766687920681,1.246179038654365
356,1383,1396,1397,57.7470537969015,8.000000000000004,18.447487706467083,13.766257301456067,0.6402660389067568,2.3059359633083845
357,971,2047,1868,84.60926342105199,12.294805129938416,17.737606071704164,14.613396139615839,0.8929841521246438,1.4426911109402034
358,465,466,2189,35.23502618339376,6.623674642044758,12.876677149247467,10.052704908854382,0.7551445543432395,1.9440382937155227
359,2280,2277,2278,87.07132415545298,12.914193616722805,15.792579222726552,14.328336610727918,0.9729018991502025,1.2228854306688168
360,799,2102,798,54.44097118827689,8.000000000000025,14.992668302687065,12.236712802043693,0.7908142006036407,1.8740835378358773
361,1932,2218,1629,79.54807529147018,12.512421283073655,15.49523038608152,13.745995779293088,0.9640034388285789,1.2383878416116711
362,2244,1509,2245,67.68622863926954,11.9694421636348,13.102715968395762,12.528370513158855,0.9945309813265136,1.0946805865526499
363,1383,1397,1398,57.747053796901724,8.000000000000044,15.126515857043879,12.659266684981679,0.7793242089253237,1.8908144821304744
364,1474,2222,1473,51.986384248156824,8.00000000000002,15.06840100843193,12.023465788977548,0.7827982806376141,1.8835501260539866
365,797,798,2101,34.703688998937544,7.999999999999984,10.584205985319544,9.157946245660112,0.9426907664322294,1.3230257481649457
366,358,1935,1779,68.44883627966888,11.501731863567816,13.795150851603552,12.677083033778251,0.9782724252773599,1.1993977094267194
367,1388,1391,1392,81.66666666666646,7.999999999999972,23.168863589744447,17.26596700591628,0.5512752721316362,2.896107948718066
368,1638,1884,1785,78.06934766210871,12.451330378848633,14.512375037221371,13.506220911363746,0.9845258381148791,1.1655280677375555
369,637,1835,1530,81.56097377513647,12.625427656149455,17.224154853551468,14.276194890237429,0.9047977301087572,1.3642432813087417
370,1393,1387,1392,83.74157198852572,7.412530114542946,23.602781051871442,17.872519157056924,0.5166795342061222,3.1841733776654992
371,1812,1652,2110,85.79625345588985,13.274138880689414,14.80376699049342,14.118181482988788,0.9920510778199152,1.1152336979108481
372,1884,1790,330,54.1021895588304,10.220919207456655,12.577674919634525,11.308935364872866,0.96980293246736,1.2305815812004954
373,1391,1388,1390,81.66666666666703,8.000000000000028,21.031360640049627,16.55346602268469,0.6071662746587433,2.628920080006194
374,2203,1991,1990,67.59070529501709,11.219077740551976,14.845094252577672,12.79327277658672,0.9404772853396479,1.3232009435962155
375,1741,1859,1594,63.840099259095936,11.26688702086684,13.921330696096419,12.319516667161238,0.9630084568734926,1.2355969018162174
376,1555,1699,1834,113.02412039842014,15.348532862015242,16.72954739497905,16.18871721285677,0.9945921814486225,1.0899769733940865
377,1728,1579,1908,57.60096634377459,10.058755840720172,12.757495594022759,11.699738518469642,0.9620729561977812,1.2682975703990609
378,1182,1183,1181,90.32469798188926,13.42883554432658,20.48307407252028,15.83823692764499,0.7972569988182883,1.5253053032713606
379,1610,1811,1539,82.1113794258057,13.11446293108242,14.876831558196159,13.835225253716567,0.9877359845834293,1.134383591335393
380,1184,2224,1180,101.45994778281985,12.299228549345688,20.953498393684022,16.58762381591546,0.8146147566643633,1.7036433065388263
381,1924,1944,1945,60.14432109009495,9.086771403327583,15.247630977708274,12.55306387256754,0.8458869209315671,1.6780031433523879
382,668,669,2293,40.99957932528581,7.827937918717404,14.987357336927504,11.227349929806175,0.7031306342138449,1.9145983900934105
383,1180,1181,1184,83.49127590454225,8.0,21.76366916662182,16.905722520101946,0.5922399331377389,2.7204586458277276
384,2224,1185,1168,64.34515875854402,11.336260750665016,13.977330226936736,12.367717385413414,0.9631128129595057,1.232975364131139
385,1184,1181,1183,80.11373781088017,7.824363448479832,21.76366916662182,16.690368895873977,0.5815426659639177,2.7815258467895183
386,36,1708,1544,95.5571993429601,11.03731229656853,18.81954024921993,15.851904919846156,0.8388243841639413,1.7050836058223044
387,1540,2041,1962,69.12191458541557,11.225814581076547,16.101095808343278,13.2237491795888,0.890716022963169,1.4342919787295467
388,1394,1395,1384,78.35875715519937,7.597820691966749,22.09214227997157,16.773000133314227,0.5588996495012081,2.9076946108151525
389,2047,1556,1916,91.99661878035896,13.632070875596266,15.670669049081239,14.647441338605129,0.987069678207186,1.1495442762943973
390,1388,1389,1390,96.015149709758,13.66983492003323,21.031360640049627,16.296021423554027,0.8010267468008936,1.538523381085461
391,1384,1395,1396,73.70337830028612,7.391370999363529,20.629037428004363,16.02514271798892,0.5786897350978847,2.7909622490578174
392,2020,187,188,40.0742228681075,7.999999999999886,11.05511364463909,9.870468505711242,0.9327787022191271,1.3818892055799057
393,1638,1886,1885,115.93321749931764,13.663192891390647,18.480881544654352,16.753861035834845,0.9378132863056827,1.3526034281708335
394,1386,1387,1394,86.62058069535257,8.000000000000044,22.602246304756417,17.437024298353688,0.5736593889370575,2.8252807880945365
395,2149,1860,1596,78.84146631293137,12.282962827495302,14.239036871300469,13.581629788098445,0.9825831484401829,1.1592509943469431
396,1392,1387,1388,85.18968432213609,7.391038258977425,23.602781051871442,18.054227633531102,0.5138909519498073,3.1934324008135992
397,639,1835,638,34.71942116214435,8.0,11.045776264121946,9.26797745693163,0.9156069870211626,1.3807220330152432
398,1386,1394,1385,81.71828657762183,7.486383010481277,22.602246304756417,17.326935082325534,0.5411723526120785,3.0191143404114165
399,1384,1396,1383,71.09837762076945,7.708482308443148,20.05501972659887,15.403663247169703,0.6142448305164077,2.6016820074468465
400,1790,1884,1885,84.82920161797824,12.577674919634525,15.7937264171349,14.182698599837188,0.9656526669330113,1.2556952312768015
401,1167,1168,1185,41.31678797476356,7.6833960245386415,11.509642414819968,10.176433063341209,0.894486479091844,1.497988959317124
402,1769,1559,1715,56.78379386764423,10.496225276051,12.294492588262498,11.523534715415893,0.9833004253254276,1.1713251445083372
403,2224,1184,1185,46.89988101878351,7.648946001373707,13.977330226936736,11.308501592552043,0.8020175107649112,1.8273537588612192
404,1168,1169,2224,44.961668694437,7.999999999999984,12.086937851741052,10.625499676793176,0.892335856369512,1.5108672314676346
405,944,1690,1512,56.29256045298612,9.949909977868561,14.099679466574809,11.822922809280263,0.9108055116364492,1.4170660335557326
406,1166,1167,1186,29.751544773152116,7.402351710842461,10.555233036510922,8.671858848578895,0.8917783674811628,1.4259296840827402
407,2148,1515,1857,67.27845583724093,10.72847492887806,15.86295342399692,13.058184868445673,0.8877294804887041,1.4785841910576012
408,932,1690,931,32.78986081331186,7.432851163961903,12.466804212568814,9.609699145170213,0.7822732261375248,1.6772573454738307
409,1170,1178,2225,52.16534149428199,10.035207153460892,13.374161195985025,11.310534677708338,0.9260066832180756,1.3327239778376285
410,126,1672,125,42.57446506870008,8.0,11.994126971186788,10.30691853758705,0.9013423385033579,1.4992658713983484
411,1710,1709,1546,47.62102076640208,10.058202638416963,11.328803127529978,10.534909533911454,0.9880717625267235,1.1263248052151982
412,2225,1179,2224,61.050660632046174,10.576905820556188,14.177068439229107,12.178131862505674,0.9365263443328584,1.3403795665530094
413,1769,1768,1559,52.99523466129126,10.496225276051,12.630058498894835,11.211734372928674,0.9658935847756877,1.203295295853887
414,1171,1178,1170,46.594999149183565,7.397312211710955,13.374161195985025,11.233445818149166,0.8055508528936268,1.8079757637932197
415,1385,1394,1384,86.47430842269968,8.0,22.09214227997157,17.32810607057016,0.5809115556290467,2.761517784996446
416,1387,1393,1394,86.62058069535189,7.999999999999984,22.60224630475638,17.437024298353652,0.5736593889370544,2.8252807880945534
417,2072,411,2073,56.33719698250786,9.41119499101916,12.893185189452248,11.713155057025572,0.930332321269754,1.3699838545217535
418,1655,930,945,92.29197760084584,12.10525547389091,17.208129341738275,15.036982157066488,0.9237203322376445,1.4215420218807808
419,1398,1399,1382,57.7470537969014,7.999999999999984,15.126515857043906,12.659266684981674,0.7793242089253188,1.890814482130492
420,2050,1768,1617,83.13454244666531,13.269966611989632,14.556646257440272,13.886373474043145,0.9942118556924334,1.0969617846881472
421,1553,2217,2138,58.60976134260677,9.760729985113922,13.029559414429631,11.896292075155557,0.9412294802896087,1.3348960000226413
422,1410,1417,1418,11.71993761410755,4.143623681009357,11.315890051880652,7.8198379109633365,0.3881010592073351,2.7309164448843437
423,2219,2190,2189,84.29590491461016,13.423495908990864,14.547217146179673,13.97526012741533,0.9956755810106085,1.083713009249413
424,1415,1417,1410,107.27243048551566,11.315890051880652,20.62700927924565,17.056412594749258,0.805053455447652,1.8228357808953377
425,2132,1561,2009,73.42887481131729,12.04815512552613,13.892850013853854,13.088551407216771,0.9864548813636966,1.1531101541363304
426,1508,2159,1823,81.28370299847633,11.472979862710583,16.469381047118777,14.147521252046383,0.9184903665960891,1.4354928923607257
427,1254,2298,1253,33.02618196187607,8.000000000000028,14.42940159810106,10.510862684883861,0.6444038355513495,1.8036751997626261
428,1414,1410,1411,49.43646583776948,7.999999999999994,17.48668421027672,12.865299973560942,0.6323547484748124,2.185835526284592
429,2201,1992,1542,80.10759283552886,12.767914608558913,14.822772550144396,13.684543617579882,0.984071566322127,1.1609391983408175
430,1399,1381,1382,47.71799903754372,7.457431305260312,15.126515857043906,11.798592111185547,0.7370124346869276,2.0283815214461294
431,401,1958,1962,55.72811591100196,8.810526875754226,14.456900207505635,12.015659173397255,0.85809676827659,1.640866705405521
432,1398,1382,1383,57.747053796901625,8.000000000000025,15.126515857043879,12.659266684981676,0.7793242089253223,1.890814482130479
433,1746,2021,1595,75.86771459933749,11.047890994914123,16.834546786012208,13.8931271049316,0.8822004451869736,1.523779225714841
434,1415,1416,1417,91.80399506832275,13.470392706317721,20.62700927924565,15.958494525469836,0.7982784239322829,1.531284924571755
435,1381,1399,1380,41.04971671539759,7.8629766322127415,12.811829171252421,10.375091905284382,0.8484973635356095,1.6293866522209173
436,2066,2073,1607,89.35670381214896,12.635934009787197,15.611118975772879,14.540347190043235,0.9677178253757674,1.2354542975359988
437,972,2048,2046,86.79259842615261,12.374992030687439,15.422415268095591,14.346675024775573,0.9646864395492976,1.2462565818104099
438,1992,1990,1991,53.47853830157952,10.991771897495683,11.219077740551976,11.114388420090641,0.9997166222679122,1.020679636111088
439,1410,1414,1415,69.94672905255908,8.0,19.226338453121464,14.904340887799394,0.6553711386447106,2.403292306640183
440,973,974,2048,50.406087631784146,7.86792102647487,14.942746389565821,11.874996437709639,0.7770943172916221,1.8991988276553333
441,1593,2159,2098,42.98125341027636,6.847361379124184,13.733685083049462,11.066706638627549,0.7543743812765418,2.0056901224637977
442,2023,1329,2200,76.81390201736274,10.723506851693575,16.006456990310266,13.832620871934338,0.9030890254304028,1.4926513510626749
443,406,2272,405,47.69893528194191,7.430231794098433,14.092636075603222,11.487940305077087,0.7844395663895904,1.896661701293962
444,2298,2297,1251,72.00130362136122,12.37119890525063,13.816983708429293,12.942713153927322,0.9903033310477521,1.1168669919748067
445,1326,1327,2023,37.136691504434765,7.778274437156874,10.860790786586195,9.5121641957304,0.9308044564847188,1.3962982245398952
446,1324,1325,1599,45.17123284669026,7.39972483746253,13.586331451422991,11.093150890912682,0.8014801105652689,1.8360590089295719
447,1599,1325,2023,89.37319216269852,13.586331451422991,15.82409512103893,14.470946090849743,0.9812025440632391,1.164706983457375
448,1589,2188,2191,54.85083571431693,10.052951736281777,12.960206651338847,11.448913668568984,0.95607023850158,1.2891941582256474
449,2198,1290,2261,68.18763943520415,12.03503915038226,13.790823271237024,12.633987922124012,0.9824411414731649,1.145889356811855
450,2023,1327,1328,35.761778869477624,8.0,9.897427363448127,9.198024586051213,0.9678919494904162,1.237178420431016
451,2246,2245,1509,75.91842600470774,12.622409903843652,14.137795864250023,13.287640578829814,0.9907599622524786,1.1200552011819012
452,1575,2218,2176,55.635359872650625,10.63556859166364,12.221784960805824,11.391804565439337,0.9868588363836394,1.149142601589302
453,1412,1413,1411,25.953914028685762,6.662210636215891,11.513878340792278,8.725362992336064,0.746257206443971,1.7282369125651236
454,1636,2162,2160,74.19059220657704,12.002189046486086,15.617952226016026,13.408360244259015,0.939929554750821,1.301258642529759
455,2080,2074,1637,75.71243581787394,12.397620519142729,14.086579685991433,13.276850737239869,0.9892378935258291,1.1362325265756315
456,2131,2130,1561,75.99071241154061,11.896509932060102,14.998667377087514,13.43117633485213,0.9642424899426487,1.2607619766421878
457,1578,2017,2192,71.1151451033676,12.288210672782697,13.978277667406124,12.889109916519223,0.9850590611704725,1.1375356461268016
458,1823,2158,2161,78.69009129166649,13.007417025236334,14.069795010972028,13.50208520459285,0.9957802136764925,1.0816747847535388
459,1578,2189,2190,79.75127630906861,13.336918490260965,13.98070092687857,13.580371775376799,0.9982104007227247,1.04827070339282
460,1285,1268,1284,54.181987210921726,7.648946001373672,14.915964644491673,12.347531671644104,0.765159178580594,1.950067975615584
461,1268,1285,1267,53.71169422772326,8.000000000000025,14.915964644491673,12.142678343714692,0.7933396775696739,1.8644955805614534
462,2101,798,2102,68.53392751517669,10.584205985319544,14.992668302687065,12.958919792128121,0.9243214814717576,1.4165132768090611
463,2081,308,309,34.84221180171981,7.523149465943242,10.292036661509734,9.187634480756293,0.9373000200755636,1.3680489412181753
464,1648,2101,2102,92.39335043839935,13.299885088377758,16.487210585872432,14.789385000653724,0.9679393286712271,1.23965060422063
465,1764,2049,1558,65.98401640613025,12.199175012083789,12.527711460584923,12.346640097558018,0.999511228130305,1.0269310382198555
466,1595,2021,2022,79.97270920396656,13.013607552594102,14.019767198783565,13.610106095082045,0.9960516509561665,1.0773159665467933
467,1788,1911,1639,96.21574025425156,12.662727027058938,17.244790558274975,15.253239805498344,0.9401743646464594,1.3618544031964552
468,1963,1494,1462,63.26347927775068,8.971822039568016,15.27795084667645,12.89607941596852,0.8390508254450617,1.702881619730842
469,1994,1993,1544,115.51355328469158,14.69616965757189,18.16376836620594,16.51559262705258,0.9708265658337335,1.23595255018354
470,1089,1090,1813,38.02238078257824,8.0,11.708807096280417,9.761775369234181,0.899663563334143,1.463600887035052
471,1262,1263,1266,29.26667875127272,7.536930277329722,10.289541723512968,8.544153004780833,0.906768020170258,1.365216519842675
472,1640,2180,1948,51.04111216826805,9.677142128522311,11.968610482040718,10.978536344387111,0.9705442231879599,1.236791846506476
473,2171,1886,1638,89.98185734462136,11.7785334688077,18.11750867145954,15.103622484039228,0.8847817006362685,1.5381803447295814
474,1913,1912,1627,77.4993013806633,12.716876600162305,13.876010661837663,13.405229922034104,0.9946049902490992,1.0911492733727215
475,1482,1963,1481,59.988131981128824,7.999999999999979,17.18378577581124,13.395285680882624,0.7112411824247481,2.147973221976411
476,1860,2149,1749,59.78641107049578,10.706149305503086,14.222889665499563,12.086023041634215,0.9302726480125817,1.3284785462676887
477,1579,1731,1849,69.20152288800224,12.461775312874055,12.89337718619068,12.645720607767307,0.9991668852352578,1.0346340599537807
478,1171,1172,1177,40.83333333333326,8.0,12.92886404675152,10.379137305376053,0.8435508628469084,1.61610800584394
479,1173,1176,1172,40.83333333333326,8.0,12.928864046751544,10.37913730537606,0.8435508628469068,1.616108005843943
480,1729,1882,1728,63.71447538244213,11.412932495715603,12.698001920023707,12.166136847065445,0.9920956058933631,1.1125976540026428
481,1109,1618,1769,58.247723739835685,10.123540598867233,12.609780074525183,11.755678453692505,0.9640825512581351,1.24558991504772
482,1837,1836,1534,98.9693184275519,14.915300152391291,15.506365864928055,15.12553803949343,0.9987117267872685,1.0396281473720126
483,807,1642,1791,71.41672687717251,11.782536199489035,13.647435483935798,12.915817478073421,0.9847814426682228,1.1582765588725827
484,1018,1770,1017,33.51162206377773,7.999999999999972,9.852959097914484,8.89697376391083,0.970671686177752,1.231619887239315
485,1264,1265,1263,40.83333333333308,7.999999999999972,12.216037485127316,10.168526402880085,0.8865437143016109,1.5270046856409198
486,1751,1861,1598,50.15271231742319,9.911681031861908,12.136462907473645,10.888559354361904,0.9698576909663927,1.2244606004228742
487,1716,1560,1892,72.12022968409515,12.040087142736342,14.268998572786389,13.011210416846433,0.9788073471065812,1.1851241941711963
488,1277,1278,1279,19.66686325042753,5.806216096198372,11.2946645987614,8.20216021735193,0.6261316292555118,1.9452711390050739
489,1877,1935,1930,80.5477488538648,12.660048436184415,14.71285773461914,13.71579415161981,0.9851186021084933,1.1621486133155283
490,1932,2176,2218,66.3536504478672,10.63556859166364,13.949568261002584,12.605157507130103,0.9522815181741702,1.311595909591192
491,1886,1912,1575,109.8783865736174,14.483221191785928,17.463858892389304,16.068069786739734,0.9771713590049189,1.205799363355289
492,1931,1928,1876,80.0339648132658,12.493912565328813,14.904587458016648,13.702421978596853,0.9793645585742053,1.1929479560612237
493,1270,1271,1283,40.83333333333326,8.0,11.239967821738052,9.989078194449329,0.9262977187722262,1.4049959777172565
494,1994,1544,47,91.09262281025569,13.420932812118107,15.651215258757356,14.589439242815786,0.9844769830351847,1.1661793913926362
495,1272,1282,1271,40.833333333333485,8.0,11.239967821738105,9.989078194449364,0.9262977187722243,1.4049959777172631
496,1863,1862,1597,65.21667490053463,11.512543023705295,13.070887159767594,12.321692798273142,0.9893635683152887,1.135360548304014
497,1503,1937,1814,59.907079305946574,10.063888104091932,14.208501735941717,12.1331726956415,0.9218574123477742,1.4118302577474608
498,1283,1269,1270,40.51977574489017,7.750632037083749,14.57101870932729,11.016305836006993,0.724535225792245,1.8799781281849859
499,1546,34,1993,101.24938423171898,14.21047931276143,16.216030680444835,15.358983306572343,0.9882263507751646,1.141131859351314
500,1281,1272,1273,40.83333333333326,8.0,11.239967821738052,9.989078194449329,0.9262977187722262,1.4049959777172565
501,1860,1749,2148,61.10407603204705,10.706149305503086,13.592949112058248,12.062819606298634,0.9605094518141631,1.2696394122834915
502,1275,1276,1965,37.867951334381864,7.391038258977449,11.097816692688546,9.734359616186168,0.8966903293123715,1.5015233724718846
503,1965,1279,1280,47.17690534361872,7.400995054819198,13.763653001657111,11.36808150140641,0.794010304431781,1.8597030398898637
504,1965,1274,1275,42.65533010403237,8.0,12.735302828033902,10.483175574975471,0.8666860270680583,1.5919128535042377
505,1750,1597,1862,69.76371527941681,11.512543023705295,15.351305900915616,13.054132085946128,0.930468907818772,1.333441783392773
506,811,1518,1691,98.5540357842918,13.29129835369582,16.89236134200681,15.299875996827629,0.9630470030919146,1.2709338766223444
507,285,1543,1705,56.804432694211144,9.208675541535422,13.392767004924139,11.856647782796836,0.9102683975595507,1.4543640879208428
508,1274,1280,1273,51.3546716237679,8.0,14.085285740150365,11.704064501052095,0.8234187101874952,1.7606607175187956
509,1910,1912,1913,88.06286302626486,13.622802504102353,14.720384921518132,14.284031993375926,0.9956566787352383,1.0805695022801112
510,1619,1564,1872,81.96613635790338,13.673880748845061,13.874412404906822,13.759150636027385,0.9998484345693223,1.0146653067804983
511,1503,2178,2177,66.9666025219548,11.092401197648659,14.934122136414283,12.772890323719723,0.9332053832242219,1.346338080485223
512,1268,1269,1284,57.74705379690128,7.999999999999954,16.006226990850255,12.827970453305724,0.7551553900106921,2.0007783738562934
513,52,1710,51,32.457776326884556,8.000000000000064,10.064306217228792,8.810933842653386,0.9556016701141323,1.258038277153589
514,1937,1503,1936,73.03732418773673,12.127128246890857,15.021042566730333,13.199723056613038,0.9588633478956028,1.2386314600557982
515,759,2021,758,39.36337580009143,7.999999999999999,14.9918613579583,11.12480799151412,0.6877192058917967,1.8739826697447877
516,1173,1174,1175,29.923368522803447,7.763543301906016,10.208547869376666,8.584939611787075,0.9211637302583852,1.3149341057800734
517,819,1658,818,36.96121370538477,8.0,13.09612877847893,10.14157255311662,0.7939536775076902,1.6370160973098662
518,1692,1522,1890,89.56284887572431,13.758325328848064,15.636071547335847,14.458931045994499,0.9860539715891337,1.1364807252050202
519,906,1799,1800,64.53742074088332,10.08574479188102,15.899344673879256,12.933135710318282,0.8619871312549285,1.5764175082714922
520,1110,1111,1767,33.306730749684576,8.0,10.845531948238925,9.079417214105098,0.9154676347836342,1.3556914935298656
521,908,1799,907,43.16439476411225,7.999999999999943,14.20287493908881,11.021448066789347,0.7794032362367286,1.7753593673861139
522,2092,193,2093,42.14210246652743,9.259471465525268,11.225960999835523,9.992294751806321,0.9672728338162224,1.2123760024135137
523,1752,383,384,45.322811008709806,8.0,13.578054505209526,10.973532161974608,0.8328690570393873,1.6972568131511907
524,2118,2120,2121,66.2142306302192,11.04224062077229,15.17093201267647,12.77773951379107,0.9193598572974149,1.3738997848079333
525,687,1644,686,50.104817826388654,7.442950021904411,14.990775486445516,11.974766561152377,0.7511880685178449,2.0140905746146416
526,1687,1688,1502,55.683388898763695,9.784839451405661,12.93912629637423,11.556803306476956,0.9504886009332243,1.32236470109026
527,1709,1710,1547,48.23125093096978,9.05615718264015,11.852243906008054,10.745734738726062,0.9524685133498534,1.3087498004923934
528,420,421,1621,52.08992602259087,7.3979129511152815,14.940969988567176,12.208415649274547,0.7486374594770517,2.0196195991079797
529,1667,903,904,29.988594959505637,7.395399270435742,9.175148430767502,8.418191628416587,0.9695711439243629,1.2406562641514953
530,271,1674,270,56.039668620022894,8.0,15.484706679751806,12.521621920992644,0.7733731394850174,1.9355883349689758
531,905,1801,1667,85.16458574236904,12.613934965511442,15.213551666911018,14.14936982737578,0.9763562030827612,1.2060908597124809
532,1815,1238,2151,36.55458614269758,8.973958275480756,9.50334510182229,9.196342655715835,0.9975915987711372,1.0589914517195784
533,1607,2067,2066,88.32732870736805,13.75576544836557,15.373988584569632,14.341361740921586,0.989196562907575,1.117639628436405
534,273,2115,272,45.86312438333087,7.754996296628559,15.819585524789,11.906034912028487,0.6939806736604418,2.0399217381530503
535,2151,1240,1636,73.96527003516965,11.842173547423696,15.079078380084972,13.288853653627987,0.9574917369867542,1.273337054190147
536,1799,909,1794,62.785293364433905,10.23242617542851,14.041094583662977,12.336712061464388,0.9373228377488589,1.372215576534562
537,2152,1532,1818,79.81470812072527,12.362525890262363,16.875622280790036,14.07900333759754,0.9116097440341453,1.3650626442030362
538,501,2197,500,28.174297525902098,7.101534919770564,11.354257404197414,8.818597441322659,0.8021224144623901,1.5988455358555425
539,1438,1439,1851,38.847370253380454,8.0,13.06857729283081,10.26964037343616,0.8164194467015449,1.6335721616038512
540,911,912,1792,43.40548224781936,7.6592330993215745,11.993837970049642,10.529067401253341,0.8718108937409068,1.5659319692348845
541,1562,1617,1768,86.51406610930579,13.352135374805327,14.598315247882415,14.169032293376006,0.9935366586789841,1.0933318782423787
542,1797,875,876,44.63309631754149,8.000000000000025,12.06099871896013,10.577376256506973,0.8945397714744248,1.5076248398700116
543,1631,203,180,52.77502159688784,9.853254780769062,12.555963673623594,11.206397290502045,0.9611824633533503,1.2742960527245781
544,794,1642,793,65.07016974935176,8.000000000000064,17.567606008033593,13.964179791091773,0.7053704724786092,2.1959507510041814
545,383,1752,1604,72.09816715118146,12.049850363335361,13.578054505209526,12.951500890274133,0.9901000201069862,1.126823495379171
546,1795,913,914,34.81118744804121,8.0,10.217435759792263,9.104601818058995,0.9603370376348058,1.2771794699740329
547,1887,878,1802,65.73843410949591,11.31159067097737,14.532453529751944,12.583990687454616,0.9469920517589191,1.2847400469536507
548,1796,1797,1643,72.64963000698526,11.644156900999253,14.084094594006551,13.071172779016358,0.9758256725297388,1.2095418082865161
549,1803,1888,1502,81.84360159416804,11.875175048937043,15.946737684909344,14.045066998749183,0.9447517835619147,1.3428633783665151
550,1888,1890,1889,69.61520067309597,11.297403183907786,14.083197832269638,12.831443045929168,0.9686117587144559,1.2465871672465392
551,1521,1802,1801,89.94799674465877,12.883359070438893,16.516230213371298,14.647327578543928,0.9583697193364507,1.2819816728750575
552,1689,1228,1229,43.0201888127269,7.8411326621335435,11.845377635773529,10.389351629867013,0.8933836298043052,1.5106717544746202
553,1890,881,1692,73.72613110013718,12.091762845204318,13.758325328848064,13.10660669126211,0.9881101271851763,1.1378262628020956
554,1590,499,500,50.89088352398801,8.0,14.033501052298021,11.641595040292039,0.8254794606626971,1.7541876315372527
555,1511,936,937,57.20880321017129,7.450881674836877,16.297967927912108,13.077881498024675,0.7066166980261726,2.1873878339732085
556,1086,1653,1085,48.191475780158086,8.000000000000064,14.015383403769505,11.364143661487565,0.8217863694562814,1.7519229254711741
557,911,1792,910,45.465297324577136,7.999999999999984,12.107568160367288,10.70046871013897,0.8886921903440379,1.513446020045914
558,912,1795,1792,72.23888159618978,11.934131134388803,13.751068675865156,12.982115776563418,0.9864246800435655,1.152247157419006
559,2220,2197,502,53.12619625905775,9.997221375595883,12.16424183591823,11.18199129601535,0.9749650190075266,1.2167622761272685
560,882,1692,881,43.58045977533701,7.763736505145839,12.091762845204318,10.516453829558307,0.8796779638509001,1.5574669280944613
561,791,792,1691,47.177517437795586,8.0,12.684918305950266,10.980214470032484,0.8713589935029097,1.5856147882437832
562,1760,1758,413,68.68450215019637,11.380939402097429,14.702188117504466,12.839066456546854,0.9511758123694833,1.2918255337336173
563,1518,789,1691,98.15791100578181,13.29129835369582,16.37698971454962,15.231210531509745,0.9691907919629716,1.2321587612240892
564,2127,982,2125,85.60993450224379,12.255720023253248,16.25408475111421,14.342517687402731,0.9487494668823703,1.326244783682616
565,795,1519,1791,92.02125121074135,11.98692077007553,17.49732419368752,15.084378569683958,0.9127293315559775,1.4597013302505768
566,2076,2075,1609,54.72153233483148,10.700828648846025,12.274336897410878,11.308718295505836,0.9844988674154138,1.1470454578986777
567,2033,1602,1529,133.78570702090363,16.690275337409275,19.635709280689756,17.742473658159387,0.9758994350645495,1.1764760546926771
568,796,1519,795,53.29970705794433,7.999999999999984,15.768890745288829,12.366943094872033,0.7530023077048268,1.9711113431611076
569,2287,1776,1571,81.48163566782245,13.283855560052698,14.496238581198465,13.749805888194722,0.9938328422041531,1.0912674046826927
570,795,1791,794,69.02708773618275,7.999999999999984,17.997055388259223,14.498126527315577,0.6890475419996922,2.2496319235324074
571,803,1648,2102,106.9475994910428,14.581059327710982,18.187655894190563,15.97655714402427,0.9582309812607591,1.2473480482741965
572,1523,884,1696,64.130963299163,10.79690479925835,13.50448185247907,12.320234333415351,0.9675739406455154,1.2507734488319937
573,1594,1744,1513,86.53258722112656,12.621948458883113,18.00693400518693,14.791055398376663,0.8915142786254511,1.4266366293481383
574,803,2102,802,17.997263527459427,8.000000000000025,18.187655894190563,12.269986502651866,0.2456319239499145,2.2734569867738132
575,801,2102,800,59.20038803696531,9.695847615159387,13.455157578270653,12.005108457132758,0.9310186595436177,1.3877237052729265
576,1762,390,391,47.44697313097046,7.484661142594847,14.32192396235878,11.503913866895758,0.77793287333201,1.9135033222617652
577,1875,1571,1777,79.01916328453949,13.101958840453374,13.799174596031095,13.51862695700725,0.998049607393482,1.0532146195899357
578,1942,1557,1917,111.96653537021069,14.799377505076071,17.166368180199242,16.170254710050784,0.9851208426565116,1.159938529462561
579,799,800,2102,47.20624775481211,7.449067016542706,13.717470103443993,11.343619099318312,0.799354324382435,1.8415017710245551
580,2028,1601,1527,78.58934559513213,11.89242685627749,17.242283427226326,14.125593974176176,0.8866665345067656,1.4498540655833323
581,756,2021,755,35.7309628467752,7.999999999999977,10.80752360996698,9.314515449948386,0.9367384156924986,1.3509404512458765
582,74,1580,73,68.01775086031557,8.0,18.345149136091212,14.46204977214125,0.6820283610048885,2.2931436420114015
583,1833,793,1642,72.76694147901557,10.44161953913733,16.324933365241662,13.613031113412047,0.8789625771036527,1.5634484003226192
584,879,1890,1888,65.8616499807192,10.883154153653367,14.083197832269638,12.539228332105438,0.9569393925210025,1.2940364193538552
585,1015,1770,1872,73.16522311467895,11.813337466072918,13.91868804571552,13.090368133186141,0.9812464172344756,1.178218101843702
586,1523,1695,1692,78.24850571796743,12.55831711410427,14.52419982740007,13.515500881875644,0.9857783884430528,1.1565402987863647
587,777,1857,1914,62.15928577765529,11.214311671845069,17.634880997934392,13.404469618611616,0.761010424810888,1.5725335191288614
588,899,1693,898,64.7136310635344,11.41781115638504,12.746275694317779,12.26756050736145,0.9906779911964921,1.1163501935473716
589,1985,1695,1523,79.4010100177675,13.463985704122592,13.681478502309805,13.542456451373171,0.9997870004420399,1.0161536712060395
590,1694,1522,1693,115.8205180846143,16.113935815074917,16.536299775129926,16.357593900995145,0.999526573065216,1.0262110985734396
591,1505,2135,2239,113.86681094351228,14.902205625875206,19.46288745594236,16.636784951127783,0.9363320406170204,1.3060407260887803
592,945,1690,944,38.18582649631234,7.824363448479887,11.419178983397416,9.72901889286553,0.9107285567866409,1.4594387209372193
593,895,896,894,45.21465795254814,8.000000000000025,13.253061439394317,10.869436609399424,0.8498883062303624,1.6566326799242845
594,1517,814,1981,97.72058643117342,13.466600928419343,17.98018792421835,15.41249590768391,0.9358956215791728,1.3351689873183754
595,789,790,1691,49.868784856019055,7.999999999999984,16.37698971454962,12.372139108613029,0.6986894017906856,2.0471237143187064
596,365,2043,364,29.24051360160242,7.4254350287130455,9.91368299971942,8.44637267614415,0.9317721539917451,1.3350979385564201
597,894,896,893,48.71862510557131,7.398389565682412,14.438388901689107,11.69661330225528,0.7691350933538379,1.9515583457056496
598,1012,2013,1011,36.42881472778064,7.999999999999924,16.41191140177508,11.71034715191026,0.5630471890787012,2.0514889252219044
599,896,1985,893,72.6882687904853,10.93511782351096,14.438388901689107,13.228827487773335,0.9450070022540655,1.320368846017001
600,892,1985,1696,72.18067276137377,10.263391078996088,15.727490741856498,13.473987080228932,0.8914963067581844,1.5323873582136636
601,1292,1548,2261,103.43442207248421,14.688797992097825,17.31722493429156,15.608460782142325,0.9746405758320721,1.1789409142673046
602,1523,883,884,37.319930353529045,7.67171450620001,10.79690479925835,9.549009439535004,0.92664435893245,1.4073653015284486
603,1692,882,883,42.70659555038469,8.0,11.693862138324764,10.282773131490215,0.9099286351528725,1.4617327672905955
604,1697,952,953,39.789140605843926,7.782790796990864,12.234463133839201,10.099144902518722,0.8725413365306105,1.5719892070810293
605,1742,1513,1860,127.0354308291392,15.494386267363328,18.907573961993528,17.296920383610374,0.9742058365935534,1.2202854398834488
606,809,1642,808,48.306620234940006,7.486383010481309,14.813428716259585,11.735591704379864,0.7570646739914811,1.9787163835352863
607,870,871,1795,39.379948863249574,6.508659690234434,12.871598759034773,10.5551900228495,0.7600429080391603,1.9776112704659097
608,870,914,915,43.498077163706284,8.0,13.116401877700167,10.670435910127757,0.8495359763389905,1.6395502347125208
609,1849,354,1951,66.95099088492005,11.74438016920754,13.31825850436167,12.485633171092948,0.9891792621463521,1.1340111876896377
610,874,1796,873,32.97602257827551,8.000000000000025,12.431457657698079,9.592688864754152,0.792709997008744,1.553932207212255
611,142,1673,141,62.872403419693974,7.60452438192024,17.020428511054373,13.847208550733159,0.6873827388523558,2.2381976381745123
612,158,1656,157,50.65850751145308,8.0,16.965764296913754,12.683510454084201,0.6710134492011055,2.1207205371142193
613,1866,372,373,40.92214022594477,7.556630937746142,15.494934777792215,11.48044267733485,0.6640947636378257,2.0505083423346027
614,2147,1740,1852,55.90740119550078,10.664320686343794,13.109336854189266,11.541611450579753,0.9603485240605933,1.2292706905350699
615,1019,1020,2058,40.69361706972691,8.000000000000028,11.605799180199224,10.020609761497239,0.9153002241781268,1.4507248975248979
616,129,1672,128,41.181833798011084,7.505599957095963,11.74267098267022,10.238280163516126,0.87599127685818,1.5645212974038718
617,871,872,873,45.1479361698126,8.000000000000064,17.000493625522594,12.410650042921292,0.6223205834037795,2.1250617031903074
618,625,2030,1601,81.41335900798013,12.405999054157123,14.534970402489895,13.81325793090715,0.9802895128305613,1.17160821462576
619,1793,873,1796,77.05684591567353,12.431457657698079,16.5975632253175,13.834797981855772,0.9115696560712533,1.3351260714820192
620,885,887,1696,101.07708118618774,13.62930862292852,17.450483066660247,15.52039133435968,0.9593560847792548,1.2803645107355912
621,381,1604,1821,85.39827233181532,13.349359151937874,15.155876666104742,14.108462115677694,0.9879012675344591,1.1353261601254188
622,1794,910,1792,60.21091028879531,11.143398256044618,12.209953585489655,11.820306667300521,0.9935737400897848,1.0957118560190107
623,54,1995,53,53.96559585971836,7.999999999999944,16.20387466308232,12.576815604901384,0.7337779807120968,2.0254843328853043
624,959,960,1616,41.985593052068765,7.867851931314223,14.31713225597256,10.996127631405443,0.7583085317949495,1.819700266471724
625,1528,2029,1700,74.13410803185187,10.601960677784142,15.695269402215152,13.569339368656834,0.9067860092642329,1.4804119614500904
626,886,887,885,21.409567660721994,7.453663146411733,13.62930862292852,9.545782242360934,0.4971110066952378,1.8285383113254592
627,2124,888,890,66.77905771948181,11.618193644901067,14.327004875545391,12.614343965042762,0.9602638197076477,1.233152528993451
628,870,1795,914,61.01937474771222,10.217435759792263,13.116401877700167,12.068478798842401,0.9562117122033676,1.2837273642880085
629,745,1657,744,43.90264398127901,8.000000000000057,13.26411673843338,10.75121779597582,0.8432514078023983,1.6580145923041607
630,2094,1632,1584,104.68107278207658,13.724271748099142,17.73546136314642,15.80525588878296,0.9574315070705632,1.2922697603683666
631,2095,439,2096,66.26236006050114,10.90177714976986,13.912218366968647,12.551532828346888,0.9618660621605327,1.2761422450524351
632,1794,909,910,36.97328200076252,7.435576536541986,11.143398256044618,9.603800322671704,0.9014403924667527,1.498659613182733
633,1772,1620,849,71.38038389846581,11.919838779803152,13.971171650950135,12.922153619906188,0.9830721530075901,1.1720940114242768
634,1606,2081,1622,61.711693861192465,11.276073220360816,13.193666238076514,12.030856944564094,0.9799187482349484,1.1700585815861115
635,2252,985,2250,59.07269628158987,11.504202679135128,11.777684217167263,11.682020283903034,0.9995392220134032,1.0237723157058194
636,1844,1568,1722,102.54500426211652,15.164527293620528,15.748686626428082,15.395240836487142,0.9989020380902645,1.0385214337049133
637,1673,143,147,97.0526050449249,14.193107810870764,15.505368075634514,15.003528918744706,0.9942019940653496,1.0924575704102428
638,1621,421,2063,86.0663324610934,13.325358960536757,14.940969988567176,14.144526313684258,0.9913156618193952,1.1212433400717439
639,1864,1604,1753,97.89567837625638,12.88405021839939,16.6698676673916,15.301213734406888,0.9536618548530246,1.293837526617661
640,2045,979,980,24.31489484699474,6.3594970349948445,11.590668876043544,8.650055303679485,0.705476716924767,1.822576347195819
641,2045,2044,1613,65.07684445407747,10.363644822549318,15.737230567282534,12.896782045949957,0.8779213938849499,1.5185034644415174
642,1591,1506,1738,103.78502860163748,13.579138000094268,18.67037948646922,15.93350856739607,0.9280260306587516,1.3749311249609222
643,2048,975,976,80.41799753967636,12.094234137786367,15.46839046548334,13.835583305688017,0.9606400320486604,1.2789888379252554
644,1604,1752,1753,80.73839371888603,12.049850363335361,16.34972331742968,14.02209731045931,0.9333887905358805,1.3568403610369921
645,1613,2048,977,115.8831136082658,13.655601616409959,18.664831788896457,16.76178512226712,0.9361838738771683,1.366826033242424
646,1781,1631,182,65.30489788553982,10.034480413226548,14.859973417440552,12.740718926624508,0.9064552557543029,1.4808911678031154
647,312,313,2088,31.574199547022552,7.999999999999886,10.025037315691224,8.708557316093724,0.9505949000980931,1.2531296644614207
648,46,1708,45,46.444926539133675,8.000000000000064,13.062764956606689,10.949204303161236,0.8614832097505862,1.632845619575823
649,1797,1796,875,56.22564166824891,10.620292933094284,12.06099871896013,11.441816184351223,0.9890768372247889,1.1356559366998635
650,793,1833,792,47.5540706582562,7.730346639187838,14.07254043585715,11.379635687924669,0.8036261785637101,1.8204281247258056
651,2029,619,620,44.304545138904,7.802154609975852,14.011067929564542,11.059127206120953,0.7945349269858196,1.7957947041513327
652,890,891,2124,52.10170162728754,7.999999999999984,14.327004875545391,11.836726157481124,0.8147246025933739,1.7908756094431775
653,1901,1206,1592,65.78215516241058,12.22255691862107,12.467971060729182,12.326788791045937,0.9997166195521362,1.020078789057159
654,783,1516,782,55.154579876961535,8.000000000000004,15.587559095059577,12.465180724502423,0.7678803512908711,1.9484448868824462
655,897,898,1693,36.51435846951624,5.969896174784481,15.519882265135099,11.412018044745787,0.5762959199202925,2.5996904821708027
656,942,1511,941,61.14058625093747,8.0,18.33903936678145,13.924114341811974,0.6634136458297228,2.292379920847681
657,839,1966,846,79.12141650220583,12.680409474142731,14.300281712366342,13.566330918378824,0.9904000854952673,1.12774605122388
658,1230,1231,2166,31.979800337577444,8.000000000000014,12.425678378720185,9.520782588422156,0.778497260202805,1.5532097973400205
659,888,889,890,21.585226258169023,5.991606132279288,11.897833374681825,8.629813168987072,0.619349819232594,1.9857502499343576
660,2217,2134,2136,74.27853670793831,12.31154506796333,15.099064130250467,13.301082268004565,0.9607837599947884,1.2264150475752
661,1763,1916,1917,89.70989206427062,13.823403972272,15.423846438419716,14.446789692544941,0.9903295251833893,1.1157777396477742
662,743,1970,742,42.22948295153378,8.0,12.014256092632772,10.270657091495332,0.9004146634832135,1.5017820115790965
663,1835,637,638,34.71942116214442,8.0,12.625427656149455,9.794527920940801,0.8015255517582857,1.5781784570186819
664,1985,892,893,40.081450017576216,7.999999999999984,14.312975738119938,10.85878893903867,0.7420993217926579,1.7891219672649958
665,1712,1549,1319,74.98394387002139,11.908140360403786,17.708612339845274,14.074038830066824,0.845692845668225,1.4871014116300527
666,1671,656,1670,45.753730063936636,9.750842494902457,10.989631718356154,10.318218479859857,0.990039077854583,1.1270443271031514
667,732,1970,743,40.3033057488868,6.997053796901387,12.065530813423862,10.358946900986007,0.8239820038942349,1.7243730237956763
668,369,370,1865,35.52302814146835,7.482954673182844,11.135482473231347,9.419201945720674,0.9018113122768882,1.4881130461926098
669,786,1517,785,57.19670475172225,7.928820573417165,15.727153379191076,12.726565720174051,0.7603796427348284,1.9835426005122705
670,2043,2039,2042,70.16873560249323,12.152238580759631,13.606178060296772,12.775263844081953,0.9906251815586008,1.119643756981461
671,654,1600,2027,80.48840434580327,12.95477610653013,15.420961852845474,13.792145526314377,0.9703986485072165,1.1903688435859738
672,840,1966,839,47.24024091862226,7.47047206110637,14.300281712366342,11.48099271321084,0.7776117137257388,1.914240705994754
673,1997,1996,1323,64.86207755436922,11.603364905368046,13.601182805041866,12.34370658211162,0.9779750935684969,1.1721757366046095
674,1966,840,842,74.20921219344208,12.672224366159812,13.47808518165514,13.103660405162785,0.9974569163806984,1.0635926884034121
675,842,840,841,44.85300911894061,7.89541223570888,13.160671667673405,10.828942781829744,0.8485757637399601,1.6668758102523307
676,632,633,2024,47.82557603558756,8.0,13.971419099296737,11.317568342210365,0.8227035605987225,1.7464273874120921
677,843,1966,842,45.44027412498966,7.455991615165531,13.47808518165514,11.080498925585928,0.8098808407736917,1.8076851312762525
678,1992,1991,532,64.76133896126677,11.132315622224267,12.950112928522516,12.309565729162513,0.9825236117849588,1.1632901336959263
679,1552,2110,1652,93.15698347927552,13.07334137436579,16.891434222069346,14.922847528976186,0.9556196271615601,1.2920517974991517
680,549,550,1535,59.64297342591719,8.0,16.380527355479295,13.11365317363805,0.7430169730662386,2.047565919434912
681,2111,2112,1525,91.04550784040146,13.869346939607622,14.916373905762462,14.522106374551853,0.9959873577197703,1.0754921605692027
682,845,843,844,44.74027914905682,7.859273561601931,13.137138875262242,10.818769225027518,0.8476488262352629,1.671546202367403
683,2007,1554,2110,76.85389446377921,12.367948534344698,15.715807138821246,13.603988657129285,0.947503953730954,1.2706882709917364
684,1993,1994,1546,99.20397972305791,14.20069729359517,18.16376836620594,15.524981657520847,0.936996027432335,1.2790758080871285
685,2079,2084,2078,74.83903429806806,12.208468177772277,17.365935346592174,13.944973808523992,0.8628111048414476,1.4224499825629229
686,1621,1569,2059,134.7725993898264,16.920234230410045,18.266487516221467,17.668335958145462,0.9960336510384664,1.0795646955874794
687,1713,956,957,48.1758017898016,7.999999999999944,13.725019550559994,11.284062169317373,0.8355901238153658,1.7156274438200112
688,2189,1578,2191,63.976336225426174,10.571263556591212,13.98070092687857,12.390835256520049,0.950162638223227,1.3225193802080133
689,1618,1768,1769,73.8749501742831,12.533714687685103,14.246321758807358,13.1366983151291,0.9850849821839225,1.1366400236320173
690,223,224,2154,26.585649499032648,7.0559887141173805,10.9403198895883,8.527532481419021,0.8113082258944072,1.5505013305504987
691,839,847,838,31.08427722975352,7.784936997577675,11.49072025603288,9.091885751203513,0.8391388671190918,1.4760196851443088
692,13,14,1534,40.790541393090564,7.803303376168918,12.168256164333261,10.181508233053338,0.8810882082631136,1.5593724321285256
693,2028,623,1601,65.63457453526036,11.26270872563797,14.664237895862946,12.606457825926135,0.9408492782590843,1.3020169706139941
694,2045,980,2044,49.692597127067955,10.335135986768416,11.590668876043544,10.763149895120426,0.9877113938987616,1.1214819902594924
695,1519,796,2101,64.33284971520438,10.581191959012298,13.331938539327286,12.368337169410276,0.9611477451012048,1.259965662750509
696,1963,1462,1463,59.7643045971468,7.999999999999943,15.69604849385134,12.991333113509244,0.7614438526262131,1.9620060617314314
697,1970,732,733,42.82130988914951,7.936717720700419,12.065530813423862,10.362519320300846,0.8950743821765833,1.520216698894902
698,1657,781,744,61.38261339420819,10.989536649494028,13.426443345682591,12.04498644073032,0.9701110021759317,1.2217479020192141
699,1817,1514,1858,76.64654377295828,11.858873186367074,14.752272144051531,13.460893965699023,0.9691654491318735,1.2439859936280202
700,779,780,1817,60.9316707658126,11.295494538756198,13.29477374979893,11.980233328657468,0.9745493245018738,1.1769979352548898
701,574,575,573,19.83083279585466,6.35071371185447,7.999999999999886,6.913466975325416,0.946489078880757,1.2597009348833972
702,576,572,573,42.45824979382462,8.0,12.381401322898748,10.373251495499334,0.8843937627928453,1.5476751653623435
703,573,575,576,25.42400120008432,6.38968721412189,10.738353163599257,8.376013459240403,0.8001380126593255,1.6805757157981616
704,577,2227,576,39.532820484689665,7.99999999999993,12.557616720498617,10.148019869023834,0.8574232438229178,1.5697020900623408
705,576,2227,572,61.348705397259565,10.954409397169469,12.557616720498617,11.964475813522277,0.9861815907616341,1.1463526937146793
706,1751,1750,1861,56.968434423046865,10.61753412375016,13.612369653384153,11.73090406507591,0.9437535835148998,1.282065072240729
707,1742,2148,1857,112.96840348637792,15.36861159897555,17.454729910266828,16.228764977746433,0.9875998577475333,1.1357388920825051
708,589,1668,588,36.11654630272528,7.392854678685635,10.88027166572194,9.461779502861523,0.9089376941586957,1.4717280588634982
709,590,592,1668,74.85604200140259,11.891222595381606,14.444698959258508,13.271246144890277,0.9753918972637626,1.2147362345120543
710,1668,592,593,43.256757042603844,7.999999999999924,14.444698959258508,11.12438172232209,0.7643628893860968,1.8055873699073308
711,1245,2163,2160,55.972916645683625,10.469669814611159,12.461890370683506,11.457312531008746,0.9797794506901226,1.1902849460727083
712,592,590,591,43.470400801454616,8.0,13.477816880030716,10.781818040696328,0.8279475011041578,1.6847271100038395
713,1668,594,587,86.9787713962112,12.578256834948295,16.273442195274626,14.41635238676269,0.9560307128512994,1.2937756327299164
714,775,1598,1861,43.696882824384474,9.050500920675018,11.818790844224628,10.260324265587185,0.946547990043815,1.3058714592499197
715,2226,570,2227,95.67329963681087,13.455364873416697,15.804642199564547,14.973573702775157,0.9804058193547187,1.1745978164285413
716,569,570,2226,59.638187804012894,8.000000000000114,15.66071403534423,12.970492440063325,0.7625546835329576,1.957589254418001
717,579,2226,578,64.68954036972355,7.999999999999964,17.336772559774758,13.867983887616594,0.7123221721777274,2.1670965699718545
718,608,579,580,49.898801590780536,7.394578971286541,15.300072440090146,12.06399886800187,0.7340668590209187,2.0690931153079797
719,2226,579,608,101.96293853880212,14.606044200266236,16.26717910307506,15.391098581143813,0.9920933912238378,1.1137292808396775
720,578,2226,2227,97.60263254749435,12.875937565862559,17.336772559774758,15.339117441733954,0.9442437474675602,1.3464473923622484
721,580,581,2255,41.868400126832455,7.63611073028578,12.371409167305291,10.379441451091624,0.8652257608888019,1.6201191423585202
722,611,569,2226,87.77423161630777,12.847618372183558,15.250763284845636,14.350476756353247,0.9788761014727474,1.1870498362455364
723,714,2304,713,28.991298622004003,7.421212899207243,9.488266735036218,8.327968268286867,0.9551096923344666,1.2785331540683578
724,2226,608,609,53.08401389164311,7.999999999999944,14.606044200266236,12.004095780343745,0.8046508392780585,1.8257555250332924
725,584,585,2256,29.652600820717907,7.607047987121824,12.213611595857325,9.273553194326382,0.7579679508846204,1.6055652095969521
726,585,2113,2256,58.48051623370994,10.284730125413017,12.779674328365472,11.759338683211936,0.9686728255245002,1.2425872310239412
727,584,2256,583,29.6526008207178,7.607047987121824,9.724302028541047,8.443783338554281,0.9492213492686572,1.2783279460052808
728,595,1669,587,79.37091883127079,11.715156213082333,16.760689265559076,14.050574294317016,0.9086288933727238,1.4306842316658475
729,595,587,594,59.52028425969626,7.411710736551326,16.760689265559076,13.481947399128345,0.6865040556913946,2.2613793038228898
730,297,298,2078,36.561272832819654,7.999999999999984,12.614902905480749,9.927183533759653,0.8246558317465637,1.5768628631850967
731,587,1669,586,46.813256109123614,7.398389565682389,13.675877404309643,11.307137405857091,0.7972464300554744,1.8484938219184261
732,2106,1651,1867,92.32104400711937,14.14490786447521,15.158562271970185,14.619556384647202,0.996734852337167,1.0716621428154196
733,2111,2113,1669,66.37440007201138,12.272634373830575,12.549572247465,12.382595798787285,0.9996219229089216,1.0225654790323544
734,1669,596,597,46.111323267595466,8.000000000000034,12.30689006431338,10.803720055648625,0.8825760734593733,1.5383612580391661
735,606,2254,1525,104.79240064409846,13.964258189936235,16.95207992708877,15.703630908119743,0.9750024939137069,1.2139620806571594
736,606,2112,605,49.54755037933466,8.000000000000014,17.522046741547598,12.888288404962772,0.6313045285150002,2.1902558426934458
737,1525,2112,606,115.8156312288713,14.916373905762462,17.522046741547598,16.463500191466277,0.982250907009868,1.1746854062687795
738,2114,2112,599,88.75971413576625,13.822056582086846,15.205321612723186,14.357167426327587,0.9926663097257066,1.1000766436182172
739,2083,2075,1538,73.80590150333587,11.935522925768074,13.839247560998274,13.134330366863855,0.983899493128732,1.1595007313102448
740,598,599,2112,60.09639323042586,8.0,16.05467719488022,13.086666269201137,0.7529734398162397,2.0068346493600275
741,600,2114,599,38.04091607290721,7.999999999999886,14.044124084172731,10.612195672234165,0.7379816340012159,1.7555155105216163
742,1669,597,2111,63.96847199049773,11.896239378412568,12.30689006431338,12.158587938852174,0.999073406644363,1.0345193697636916
743,2139,1647,2140,81.30891830138759,12.79076989724014,16.226005109411382,14.00527889963962,0.945393571310672,1.2685714182781493
744,583,2256,582,35.28610253541333,7.426275985476392,13.429307282117694,10.19329509871171,0.7406860295503667,1.8083501486318936
745,675,678,2035,55.249345819742665,10.398826273219056,13.188988160249787,11.508031934941394,0.9529271821357757,1.2683150784253856
746,2035,1602,2034,69.32962218898416,10.967686127874144,14.134888718025046,12.857269713911046,0.9577755805657974,1.2887758231977047
747,1602,2033,2034,78.56793613429258,11.243971681504304,16.690275337409275,14.023045245646209,0.9000431337553881,1.484375433359
748,1249,2243,2248,67.87822072964218,12.257693365271699,12.741993442899016,12.52510472577672,0.9989766688142092,1.0395098868274375
749,1529,2031,2032,138.82571263815504,17.621752189721363,18.433876593894418,17.916909399356793,0.9983001212229583,1.0460864728677073
750,2033,673,2034,54.54989430787032,11.04551615590264,11.390418749721242,11.22663552904273,0.9993674526788044,1.0312255750614505
751,2302,715,716,40.47170952600476,6.623868372406021,15.2020351834192,11.427667045166322,0.6518465772738197,2.29503883965274
752,702,703,2303,30.416329858612244,7.620459712872418,11.404419181805476,9.00829296489263,0.8357937974453487,1.4965526505626983
753,2294,668,2293,62.84847244574236,10.86675453377362,12.912105062263784,12.144005154815986,0.9786829920144726,1.1882209193309063
754,1553,2138,2137,70.26957192217372,11.264276811420636,14.816596846979728,12.993153494774495,0.9493999670249584,1.3153615713667
755,502,503,2220,41.66830788499054,7.999999999999773,11.384510676531939,10.114906117804688,0.9201655179359484,1.4230638345665327
756,1467,1468,2223,35.095183186375905,7.999999999999943,13.236534138427043,10.072005611385393,0.7602203715195104,1.6545667673033921
757,2165,1854,2166,81.47049038823657,12.58709842312093,15.529053483054968,13.889308581961059,0.9677780998934724,1.233727818837901
758,1526,2293,2207,82.64085034283923,13.545971449738493,14.047960346796247,13.819520418926851,0.9991032869484917,1.037058168837898
759,2138,2139,2137,66.39592908786014,11.264276811420636,13.390226023029243,12.475506053724326,0.980179326438752,1.1887337507058728
760,387,2108,386,33.23365648048762,8.000000000000025,12.4688350064713,9.625980170016268,0.7934579806273954,1.5586043758089076
761,2221,455,456,51.864520416391066,7.580664653439791,14.305021507747743,11.995807629769189,0.779522394194089,1.8870405382273068
762,1510,2249,1976,59.059697613790036,10.824579721397061,12.27479215805898,11.729571720462173,0.9883653416898196,1.1339740178360245
763,2207,669,670,44.54915694443709,8.000000000000025,12.338228477139484,10.59861605742992,0.8881659879393885,1.5422785596424307
764,677,678,676,27.93139768215985,7.056541740203247,11.404788056013581,8.820443265405618,0.7935341908568804,1.6162007504380032
765,2178,2145,2136,51.07447499976643,9.50413601430759,11.811793515087084,11.002906648373175,0.9653159630647767,1.242805605612707
766,17,18,1968,42.29631704968381,8.0,12.183528220441875,10.311845687454413,0.8932869741362816,1.5229410275552344
767,1301,1998,1300,58.426931560371735,7.999999999999972,15.84409858782289,12.85633134681027,0.761093470983336,1.9805123234778683
768,2036,1527,2037,62.33702826086893,10.879898926084742,13.00294845040726,12.093844439349743,0.9789365794650408,1.1951350411199566
769,1909,1951,1628,98.00604671074561,14.242481438828273,15.850163956696552,15.087323601032724,0.9924309895993547,1.1128793830466486
770,683,2038,682,40.647202035715054,8.0,12.598870560421068,10.258554953552313,0.8630499977530967,1.5748588200526334
771,1602,679,680,57.39364572979372,7.895412235708852,15.587019742963243,12.732616630179228,0.7619916150983083,1.974186942699115
772,1644,1805,685,47.48244016869356,9.736410148914642,14.167092929139097,11.223980251655432,0.841508387453329,1.455063284358287
773,2038,683,1700,65.7232016458145,11.38469081605932,13.173253455671425,12.385604944050604,0.9858541811905227,1.1571024341819758
774,1528,683,684,52.99676829953051,7.922380501080552,14.080758975184564,11.946886788730302,0.8114147705459116,1.7773393960646118
775,633,2026,2024,44.4197415880094,8.554623310585207,11.981285927334358,10.412136230626768,0.9290999092477061,1.4005626539404854
776,2038,2036,680,61.51200403787697,11.226757821152857,12.434652833355972,11.951873667523136,0.9925661745408276,1.1075907248954158
777,2206,2031,628,93.15384642713205,14.214581093406796,15.724063495633583,14.721163521999165,0.9903967111136489,1.1061925351375241
778,1529,2030,2031,119.31240891572598,15.246168124574503,17.695099414454596,16.694361854967006,0.9847707510924858,1.160626018936049
779,2208,630,631,32.95620934143959,8.0,10.866588721568787,9.052088699474039,0.910390546673097,1.3583235901960984
780,2303,704,1848,63.02263048354167,10.680919229948739,13.30624138453543,12.209638258729512,0.9682483941035656,1.245795525466144
781,1826,434,435,40.091851936879166,7.663090824629179,13.755657876780786,10.652898493627424,0.7736492468507552,1.7950534831937648
782,2206,671,2031,96.13360594211895,13.788886636985861,17.776794688905294,15.260087473099318,0.9404562932438536,1.2892117512390513
783,1612,1897,1938,108.86608610290861,14.735397605711206,18.222910206664483,16.09495000671279,0.9619148429587813,1.2366758396530524
784,627,628,2031,56.72833629070042,8.000000000000085,15.770600638876042,12.665148871944412,0.7630701317296541,1.9713250798594841
785,2105,367,1650,61.720373831443965,10.39877795439532,13.742747034651513,12.170059600857373,0.9502868585998778,1.3215732747560762
786,671,2032,2031,108.32136530213566,13.191169399735758,17.776794688905294,16.196572092787473,0.9374489397280136,1.347628413388535
787,1750,772,773,40.982307921953534,8.000000000000025,13.33907742988047,10.532986684345973,0.8177905634370609,1.6673846787350537
788,627,2031,2030,83.6207038752256,11.647275627784497,15.770600638876042,14.221348130411679,0.9392440298987815,1.35401626464951
789,624,625,1601,54.08493079678109,7.999999999999984,14.498804336074432,12.100038153375992,0.8063659474662355,1.8123505420093076
790,216,1659,215,41.392058221967446,8.0,14.362574766838216,10.964859667450712,0.752275907515594,1.795321845854777
791,684,1805,1528,46.20696860073838,9.238435078932671,13.83752088992579,11.02811941156615,0.8491685633963553,1.4978208724420086
792,2035,678,679,38.29844220314734,7.470472061106419,10.936281371355339,9.765261382794904,0.902572672405706,1.4639344450925655
793,2080,1637,2292,81.93412645873255,12.397620519142729,15.123170412445964,13.890004275466103,0.9743302837948744,1.2198445975253727
794,2208,631,2025,42.44002449890309,8.5635580777765,10.866588721568787,10.053344244121197,0.9591756405319154,1.268933850027705
795,661,662,660,37.011555789388176,7.6620919922976585,10.863359238033913,9.518360510529115,0.9246696778395245,1.4178059006540693
796,663,664,658,40.833333333333485,8.0,11.071125448815135,9.97816156228298,0.9288180759653157,1.3838906811018918
797,2165,1635,1508,134.14273673838235,15.653765500373543,19.644039923660436,17.824797979135983,0.9667654839815737,1.2549082789819277
798,2272,2280,2275,113.77361450955675,14.831305947478933,17.59917601513917,16.327210136892013,0.9808465976894407,1.1866234893583818
799,663,659,662,40.833333333333485,8.0,11.071125448815135,9.97816156228298,0.9288180759653157,1.3838906811018918
800,2288,1922,2184,91.17640146601451,14.320480667116607,14.889522037426202,14.518049771889968,0.9986720981261977,1.0397361920690453
801,2187,2194,1972,68.0147718857115,11.139211406412358,15.104586429744558,12.887030603447071,0.9304932534431701,1.3559834604673637
802,1126,2052,1871,69.39657768562634,12.236330269755188,13.290661466117275,12.683591121359532,0.9949898587037183,1.0861640028602448
803,1600,1671,2293,94.68284893558899,12.637891357108307,17.044380384003407,15.110502735357793,0.9436882035262025,1.3486728048517862
804,664,665,657,59.2200821601938,7.995845942899054,15.848541792466301,12.947987748879223,0.7596574180146635,1.9820969420428947
805,1569,2064,2085,81.32751495619246,11.68612965136359,15.686300831894952,13.995254900158628,0.9451140448339796,1.342300770218188
806,2075,2082,1609,57.175502390872225,10.607831945031498,12.274336897410878,11.552451940614473,0.985773028680273,1.1571013719876981
807,655,1600,654,58.507336697537795,7.999999999999964,15.420961852845474,12.79194711118109,0.7714287932973692,1.9276202316056932
808,1505,2134,2135,95.01373229550164,14.263728899555709,15.330956300997386,14.832296942142767,0.9965280349315994,1.0748210660029385
809,1531,1986,1987,57.319351143522006,10.722398409879217,12.348207630565662,11.562591511406339,0.9868626692979854,1.1516273839618276
810,1649,1809,2108,66.90802167896221,11.387335938056315,13.543446176164544,12.52342809914146,0.9803300595833825,1.1893428146703338
811,2027,2024,1531,77.29355986557263,11.969512456021006,15.77840841291768,13.66191693666437,0.9436759840508685,1.3182164662839455
812,2210,316,1775,58.84141511340056,11.104741492985172,12.485647230092015,11.701635708197108,0.9899815098044393,1.1243528035280386
813,637,1986,636,32.88457467464675,8.0,12.457183645022672,9.596641482138153,0.7893915150800277,1.557147955627834
814,1986,635,636,32.88457467464673,8.0,10.568240826198945,8.966993875863578,0.9294586085969819,1.3210301032748681
815,635,1531,2026,43.04549246040877,8.685535112116167,12.116578893759266,10.287227510860617,0.9220361752713195,1.3950296369024926
816,639,2129,1835,61.5474337918271,11.045776264121946,13.609553332011247,12.086353181765938,0.965007047098691,1.232104743621937
817,849,850,1772,42.379017360318905,7.484096884816985,11.934803846889748,10.446246503836628,0.862206453982558,1.5946885817448366
818,1865,1536,369,71.23606164667102,11.135482473231347,15.927674749841586,13.321137152213828,0.9070614788309087,1.4303533581171914
819,1712,1550,2001,54.38828348523801,10.214587940517223,13.177287627880835,11.439987883976132,0.9481916223138444,1.2900459327988902
820,1753,1605,1864,89.83215080121172,12.88405021839939,15.765505058115702,14.550129881022094,0.9731078670366471,1.2236451108830186
821,2057,2058,1675,99.255376855572,14.306637208753342,15.765745810033108,15.177949353468252,0.9933061997658124,1.101988229657982
822,1530,1986,637,78.0406281624454,12.457183645022672,17.224154853551468,14.075668711948301,0.8874587620155302,1.3826684541520315
823,1807,1646,478,77.07504894861125,11.025690749135224,15.7726949439065,13.755644051808098,0.9211792867324263,1.4305402992681975
824,651,1530,1701,75.98208828825653,12.918325692132088,13.692296252465171,13.258588754974433,0.9976050195469185,1.0599126062291857
825,2214,2167,1501,51.99695280012696,10.429644763051249,11.371673507572499,10.979591213444266,0.9947812221310406,1.0903222272592201
826,2121,2166,1854,81.27655958329616,12.58709842312093,15.956484436763617,13.950694522286895,0.9541478892673868,1.2676856810346018
827,650,2216,649,105.39916111598896,13.949553861544102,17.054555177575526,15.759788485601533,0.9732050992172728,1.2225878581386922
828,1694,1502,1889,65.98278746899963,11.547921298108184,13.112530326325247,12.393908771402161,0.9893240411489327,1.1354883695365487
829,642,2216,641,54.31057876346881,8.0,14.988488169545109,12.222071241599288,0.7909335315483873,1.8735610211931386
830,1560,1841,1717,73.91518307378615,11.246241147073908,14.547849039914809,13.28748067878987,0.9553445132731958,1.2935743462783498
831,1808,1807,1732,98.43246082352549,14.476940058402372,15.478164122723848,15.09607220034659,0.9966392854597896,1.0691599233182132
832,639,2216,2129,80.84633683758354,13.54829080419168,13.839559642402326,13.665801259535085,0.9996614644925713,1.0214985670458543
833,388,1867,1651,95.6020659985923,13.686214236991024,18.077293643206698,15.302805248224312,0.927428766670186,1.3208395930517798
834,2293,669,2207,76.16236523068508,11.45761969515025,14.987357336927504,13.497645792957998,0.9537729919506617,1.3080690174479532
835,632,2024,2025,54.12744800409116,8.8991888595954,13.971419099296737,11.734317919838631,0.8792990039380656,1.5699654563721603
836,1574,2301,2300,79.90968782459353,12.768634840539047,16.04698985017433,13.87524378568053,0.9469553084578661,1.2567506276573013
837,2275,2289,2288,85.65098296791135,13.723522657170077,14.421856038498872,14.072897468374721,0.998358386196753,1.0508858693772725
838,2197,2195,1590,71.84371794730292,12.170311234419366,14.54593899467866,13.026991816220201,0.9710500643985116,1.1951986037580273
839,2216,642,648,93.02563475533056,12.856565400167915,17.017013142958955,14.954022237557327,0.9484576792145443,1.3236049141660107
840,1603,221,222,42.97002348259477,7.577420319341791,13.568054691211222,10.82927328850338,0.8042643946226979,1.790590216643783
841,1603,222,223,44.797387640778595,7.999999999999989,12.803225759331927,10.715190204763013,0.8704159281484135,1.600403219916493
842,2278,2277,2269,73.4611877548858,12.914193616722805,13.23942732459682,13.027642857399087,0.9994662679132003,1.025184205652056
843,1574,2302,2303,95.03545167235782,13.507802778225876,17.35562864860477,15.109155577111965,0.9502632020354037,1.2848594944383893
844,2154,224,225,20.92408505051232,6.166167688445652,7.999999999999969,7.074052134187667,0.9549281988839667,1.2974022771048874
845,2153,2154,226,73.48130241449651,11.928099646501243,14.98024811889712,13.230485568337095,0.9603809475086229,1.2558788543731805
846,220,1603,2152,97.5904624741536,14.68527963614412,15.515353158496337,15.025336696430168,0.9977364565438114,1.05652418904637
847,1659,216,1818,59.419039761670795,8.689407823330145,14.362574766838216,12.462996996461763,0.8447241814139169,1.6528830340171417
848,2152,219,220,35.89336519992292,7.4062099314962335,14.68527963614412,10.813420462767079,0.6585600457669151,1.9828332942187257
849,221,1603,220,54.24096862107287,7.999999999999875,15.515353158496337,12.361135949902478,0.7687773971771026,1.9394191448120726
850,243,244,1819,42.27343677023414,7.999999999999954,12.812096009384078,10.46917975395413,0.8603630598640198,1.601512001173019
851,2156,2155,226,58.375423693130244,10.286931675620746,13.099074423633331,11.779283094412179,0.9623644318893723,1.2733704117698332
852,1624,2269,2277,80.84022404192345,12.929307630877638,14.270078514645979,13.697667066086431,0.9933363897627555,1.1037001301265603
853,2251,2250,988,61.73827042963755,10.191775636952777,14.896916845165318,12.433143539934912,0.9006990874673069,1.4616605953483612
854,2153,2155,1820,84.26148988592595,12.029528730196537,16.885918125510553,14.388047416501058,0.9224351679896576,1.4037057065355771
855,2156,228,1988,57.07765294713723,10.303700630013672,12.218608608816805,11.580107104330168,0.9770349559797524,1.185846624194922
856,236,1988,229,91.94817069206648,11.71186898494279,17.605488620268158,15.153463636718195,0.9001255402020298,1.5032176882188848
857,1257,2249,2246,52.860443339011994,10.492238596168741,11.565324337623814,11.075034257654409,0.9936784680377716,1.1022742412517108
858,2287,2276,2273,29.1487656255162,6.497555823075536,10.563130487076739,8.693410778617993,0.8588068381743651,1.62570830858623
859,2194,2196,1972,45.83467458565632,9.158662504821265,11.139211406412358,10.393194993122721,0.9729671965587571,1.2162487044968082
860,2303,703,704,30.41632985861181,7.620459712872418,10.680919229948739,8.76712631427368,0.8923457271873967,1.4016108781346377
861,2114,602,603,79.30108384011236,12.593664177483214,14.767954723184845,13.622712013999136,0.9826426101571107,1.1726495573535416
862,233,231,232,20.887182773483197,7.3911733512118145,13.442970609981568,9.417706018801912,0.49834222208016765,1.818787081726007
863,235,236,229,54.97465092077607,7.392548206245482,17.605488620268158,13.336219683466473,0.645637384886645,2.3815182707086615
864,229,234,235,57.74705379690087,7.999999999999954,18.843871935630137,13.951498053171955,0.6208518570196832,2.355483991953781
865,237,2257,1988,102.57438175838435,14.078575793072186,16.764394464977922,15.507540821748881,0.9800765488713746,1.1907734639769016
866,1971,1338,1339,36.1553141767155,8.00000000000001,12.405706909357098,9.81939860257694,0.8353913633599025,1.5507133636696353
867,1073,1074,2003,40.45203950288334,8.0,12.556221475715189,10.228201709963692,0.8643519756716213,1.5695276844643986
868,230,234,229,74.42426000736843,7.913296659232425,20.871153084184233,15.87610722634893,0.6042613901544442,2.637478914661174
869,2061,2060,2086,84.22475803636769,13.087749849450892,14.820856676002876,14.000333502187116,0.9897949417145113,1.1324220623474628
870,233,234,230,75.961327760578,7.464818016813584,20.871153084184233,16.294901173947252,0.5760591575465006,2.795935954121658
871,2258,238,239,28.833915169615675,7.399047994477598,9.512442390260397,8.31486532228824,0.9523461225686699,1.2856305834696795
872,1564,2055,2056,73.98527061023681,12.11624263164521,13.833886203505426,13.130953434387118,0.987855189565469,1.1417637153760913
873,2122,2167,1686,49.996016144613975,10.287736913709876,11.661500424074315,10.80044017986661,0.9866364258561746,1.1335340825574285
874,1529,1601,2030,120.78734011117122,14.534970402489895,19.573421829240814,17.083403419200877,0.9421466109176517,1.3466433908862872
875,230,231,233,90.9982181426611,13.442970609981568,20.54873242084394,15.893101639834683,0.7977258442553702,1.5285856837019534
876,1988,2257,1533,104.39174862981551,14.544538938525024,16.764394464977922,15.60775019466812,0.9863145223998254,1.1526246748580684
877,2113,2111,1525,74.96034352925248,12.325580775066278,13.869346939607622,13.203771278937447,0.9905820060584055,1.1252489592753525
878,602,2114,601,71.28379524426117,11.070105657955647,14.767954723184845,13.09259004040301,0.9474415587663818,1.3340391844021562
879,239,240,2258,29.239912388020755,7.665915577925556,9.203513390255813,8.300844850102697,0.9739345877521774,1.2005758864287337
880,1820,2157,243,76.60519948658255,11.79531259495752,15.897257487404632,13.648403164289313,0.9352436125151172,1.3477605921356155
881,216,217,1818,30.600491689666672,8.0,8.689407823330145,8.422276525318317,0.9949711044323013,1.086175977916268
882,1819,1820,243,97.78742384866985,12.812096009384078,17.410360504567198,15.37323800045197,0.9409687427944416,1.3589002526842737
883,1819,245,1659,106.63490727520947,13.883150532627862,17.102255289489925,15.871370530849498,0.9698657480756302,1.2318713428408485
884,2258,241,2257,71.09833345952427,12.259250330948342,13.756800872927142,12.864407450331484,0.9896723500993528,1.1221567797011414
885,11,12,1836,37.64673835484756,7.63885014278559,11.686026759305078,9.758355270280921,0.88739423082367,1.5298148989533182
886,1169,1170,2225,39.3679852165788,8.000000000000064,11.547723065268706,9.860976739576554,0.9150966647607388,1.4434653831585766
887,14,15,1534,40.71694141831751,7.778274437156941,13.973330346268595,10.774856647361124,0.7675160821268593,1.796456329634986
888,2279,2278,2269,71.32105343071997,11.901247759978782,13.529738746283675,12.890137943619758,0.9883010138120125,1.1368336345186545
889,242,2259,2257,50.8197249522987,9.689382753644423,13.403890131128,11.222974563076399,0.913585785035052,1.3833585143580436
890,12,13,1836,34.71862946489734,8.000000000000014,9.950188908752093,9.059534888698588,0.9692460875114323,1.2437736135940094
891,9,1703,8,35.700568486374785,7.392548206245504,10.525407325927915,9.365270050773526,0.9194049436006329,1.4237860927353376
892,1534,1836,13,56.11786451690663,9.228415757343658,15.506365864928055,12.30101259553499,0.8208031245334817,1.6802847067860611
893,15,16,1534,55.88759787499339,8.0,16.200413851626067,12.724581399298222,0.7421797322546706,2.0250517314532583
894,1473,2223,1472,31.907437285152575,7.999999999999994,14.481233891802662,10.481259141657072,0.6244079203099162,1.810154236475334
895,2216,650,2129,83.3487010068894,12.426159964455778,17.054555177575526,14.343001982074327,0.9183129304971842,1.3724718840220127
896,2083,2082,2075,64.08224298913201,10.607831945031498,13.839247560998274,12.37680597301174,0.9549530357445964,1.3046254534113646
897,2139,2138,1647,78.26741677985781,12.441247575465388,16.226005109411382,13.813089337199957,0.9330003312702608,1.3042104508401295
898,647,643,646,53.010982830484714,7.722963305207982,15.831744889903842,12.427938954338787,0.73634321325567,2.049957285078346
899,1553,2134,2217,79.13552880496692,12.492637605799903,15.804929814691901,13.77570894497381,0.9524622846776984,1.265139541657257
900,643,644,645,29.458233609581548,7.65498431290609,10.544156619084104,8.636213969913044,0.8904004436985082,1.377423674312036
901,2109,1146,1147,32.26942548359507,8.000000000000114,13.147755787282945,9.853120070001141,0.7267738647826925,1.6434694734103448
902,643,647,642,57.96870828280228,7.693309379220289,15.831744889903842,12.953488097260296,0.7369075283286585,2.057858862749697
903,2166,1231,1232,29.331534998439245,7.392079366531975,12.1409807815632,9.223243178213815,0.757553002166357,1.6424310643270585
904,502,2197,501,28.1742975259025,7.101534919770564,9.997221375595883,8.36625209845552,0.9105359115089582,1.4077550119149274
905,984,2252,1698,56.12826078185802,10.315134207169786,12.345263400626799,11.477216180325728,0.9786046360242785,1.1968107397037957
906,207,208,206,40.83333333333303,8.0,11.432289841341964,10.010639581280792,0.9213554781366,1.4290362301677455
907,2200,2199,1599,102.87059466058324,13.941040831299132,17.923125072367057,15.698715660659529,0.9533230425186979,1.285637513673134
908,2199,2198,1520,64.28834844346568,10.560329598900003,14.040395363742977,12.4294097153133,0.9484200599353548,1.3295413966251082
909,2270,2279,2269,79.64879873295446,13.236082956236647,13.950329090766175,13.572050264428833,0.9981254915256011,1.0539620472983653
910,989,2251,988,47.511003338064974,7.999999999999984,12.953280631077263,11.054672922921299,0.8642028621977389,1.6191600788846612
911,206,208,205,5.95815356309973,1.2901935651172884,10.599628902500415,7.3065411534193485,0.19234238193196712,8.215533846300673
912,2140,1647,2141,83.55161896341296,12.79076989724014,16.17044291814522,14.14218399141891,0.95458497191627,1.2642274896708376
913,610,2226,609,47.46625815509496,7.397912951115353,13.406243140765053,11.369942749979225,0.7991688327981114,1.812165570121212
914,622,2029,621,41.45150571398529,8.000000000000004,12.708493017884061,10.363778721560225,0.861615679589337,1.588561627235507
915,1524,1698,2252,83.93481385465982,12.345263400626799,15.271639880391438,14.081857647430667,0.9697994652106512,1.2370444748563292
916,1564,1619,2055,82.35975572644392,13.729158754330273,13.833886203505426,13.791583830199238,0.9999573816741368,1.007628103880882
917,1606,2074,2081,61.19124588135948,11.276073220360816,13.499607585621991,12.034878421984361,0.9684990425493839,1.1971904866000884
918,540,541,1542,54.25769513196341,7.999999999999944,15.086604865778517,12.240893634241338,0.7871631094778678,1.8858256082223277
919,1295,2000,2001,57.81515815894517,11.073434373008968,11.93553029392058,11.571923039530196,0.9960909444956729,1.0778526238447699
920,2112,2111,598,78.24622986156758,10.929487566146802,16.05467719488022,13.921587679770832,0.9100736288336485,1.4689322896169694
921,2202,544,545,85.35619804984051,13.56279845257,14.765204412434379,14.068410459341829,0.9946628371868662,1.0886547097244916
922,1617,2054,1132,59.498732412224705,10.280232023921215,14.118403109216747,12.060211771318118,0.9287816572563299,1.3733545192719812
923,2029,1528,619,99.97281554211929,14.011067929564542,16.110722836613572,15.27235338946442,0.9863645416715794,1.14985687869078
924,1542,538,539,55.152944974272586,7.399047994477708,15.445259635370288,12.708881766513327,0.7252719090023866,2.087465799234967
925,1091,1892,1090,43.15564853599225,7.5766311196345635,12.677029991750288,10.607410583280911,0.8495410827569434,1.6731750287932359
926,1542,539,540,56.57725643571229,7.665915577925556,15.445259635370288,12.732593359691455,0.7467286289243665,2.0147964686495894
927,250,251,249,94.33693982817331,13.5841475732308,20.87115930765442,16.162348940184962,0.7999586618730696,1.53643496547281
928,2140,2142,2143,57.70207568050533,11.103352764985754,12.28575318739205,11.57869403388483,0.992043401172974,1.106490395057516
929,2275,2280,2271,69.70037461402467,11.295746321967238,14.831305947478933,12.94803396140408,0.9481890924280264,1.3129992056068014
930,1116,1117,2169,44.734020538300165,7.565692634791268,13.272595949502332,10.92117374305048,0.8251222616207081,1.7543133973573741
931,252,248,251,81.66666666666791,8.000000000000114,20.871159307654445,16.53824174303007,0.6084554963973875,2.6088949134567687
932,2079,1609,2082,71.22120583161464,11.77518697940104,14.304398791185392,12.955174073962988,0.9737227254144292,1.2147916475728866
933,2251,951,1697,96.41127833724386,13.49559165590026,17.347208800689085,15.197126520753836,0.9534379631419637,1.285398168749786
934,247,252,253,105.79568247814976,13.778081590846083,20.743565921435657,16.62655021458372,0.8562787052172293,1.5055481987577515
935,2055,1619,2057,74.28030191384012,11.807878149429973,13.9864854626991,13.202023381630363,0.9787338574392553,1.1845045558311678
936,130,133,134,42.89781139198399,8.000000000000028,11.481263107421308,10.297672772487374,0.9115380464712762,1.4351578884276583
937,546,2202,545,48.928130100585804,8.0,13.877228513021112,11.39814465201168,0.8302510010572379,1.734653564127639
938,734,1970,733,43.35459074440155,8.0,14.9696884772052,11.351665967994485,0.7308691151297254,1.87121105965065
939,1114,1919,1870,60.78532003942485,10.940412484796777,12.875947247937876,11.927007274070384,0.9824962556723045,1.1769160683686097
940,1169,2225,2224,55.81543152856339,10.576905820556188,12.086937851741052,11.40385557918865,0.9882083247749411,1.1427668976923402
941,1969,16,1968,95.35996301800613,10.929638029190944,19.51814400369595,16.011295076669843,0.8159622837952136,1.7857996716420776
942,1117,1118,2170,40.33558305096449,8.0,13.865543304502173,10.6876230357408,0.7757442000185503,1.7331929130627717
943,1968,18,1967,69.87391641466876,10.752008841921363,14.683099948704477,13.003685536785925,0.9390796307654015,1.365614571619031
944,1967,1,2,38.23782816344462,8.000000000000114,15.633675201554388,11.381607948145728,0.6324228816835274,1.9542094001942707
945,570,571,2227,36.416146589141256,7.999999999999886,13.455364873416697,10.252378997561424,0.7609211032315953,1.681920609177111
946,3,1968,1967,81.39780632904173,13.359946017370255,14.243187723720675,13.726360520274289,0.9969551325754238,1.066111173293818
947,18,19,1967,36.29062771779536,8.0,14.683099948704477,10.80787913762236,0.6714231872950805,1.8353874935880596
948,1290,2198,1289,36.33672032305055,8.000000000000014,12.03503915038226,9.706611416793658,0.8639986436498548,1.50437989379778
949,1969,6,1534,95.34878786108567,12.495663239730467,20.49872814305974,16.10060517395822,0.8148896924910871,1.6404673965510854
950,7,8,1703,38.697904300404566,7.61655301420577,13.052934197082488,10.28244727714514,0.8076004318931291,1.713758726911928
951,1967,20,0,35.27953685128067,7.461914741863778,10.225296635201065,9.26492291717271,0.9314946393381479,1.3703314750882656
952,17,1968,16,42.29631704968449,8.0,17.58610319712264,12.58987713918817,0.5616871931465736,2.19826289964033
953,114,108,109,35.523878913731174,7.6324907023877895,11.695226511255074,9.550894815185844,0.8727904494801109,1.5322948913119903
954,110,113,109,40.83333333333337,8.0,11.695226511255049,10.05264962787066,0.9118597084382294,1.461903313906881
955,131,132,133,36.98547349037828,7.659233099321539,10.853676528024568,9.514236873328839,0.9248540121026981,1.4170709243704824
956,1967,0,1,38.23782816344354,7.999999999999886,10.511148642882683,9.578815092694546,0.9493927571409951,1.313893580360354
957,112,110,111,36.056308821596396,7.536930277329705,10.462722372356927,9.37390964282625,0.929576716904464,1.3881941304177507
958,2279,1623,2286,86.26140256066464,13.060880042860582,14.984671506393346,14.182523825866802,0.9871183286374975,1.147294168327069
959,1997,2199,1520,59.079271419116886,10.560329598900003,13.480250583404102,11.878545049150306,0.9570480545891804,1.2764990388944155
960,2223,1468,1469,35.0951831863764,8.000000000000057,10.679718300032778,9.21973366525401,0.9399239182971377,1.3349647875040878
961,500,2197,1590,63.9686873931697,11.354257404197414,12.891284068578093,12.203422230779362,0.9892794019363285,1.135370073943583
962,473,474,1646,44.41897305324238,7.400984606023345,13.195038071772998,10.917460742453537,0.817031584780922,1.7828760326070834
963,688,2099,687,41.90928889043686,7.824363448479915,16.228534605030372,11.873663084383466,0.6334027183531098,2.074102859854137
964,388,2107,387,37.235966527916695,8.000000000000064,11.994086290236547,9.771107965019297,0.875374389838888,1.4992607862795564
965,1918,1869,2126,55.386624760389495,9.695577537032138,12.674733348089365,11.515226123449054,0.9524367857226305,1.3072695566280996
966,687,2099,1644,91.59257002302117,12.958262853515985,16.228534605030372,14.725857648330624,0.9673275154111778,1.2523696106864401
967,690,612,2100,55.92016728069024,11.010119005446224,11.956793075543045,11.386910163772148,0.9947035547563504,1.0859821832650984
968,1234,1816,1233,38.489380258327124,7.999999999999994,13.11477671768121,10.260053473584618,0.8094975066608122,1.6393470897101525
969,2099,688,2100,69.90692068866589,11.56809119964011,13.952046629304439,12.817107995931202,0.9770694884603353,1.206080276211731
970,615,2100,614,44.21151703118669,8.000000000000025,12.507089619827287,10.588835223200487,0.882214399715234,1.563386202478406
971,690,691,612,11.320552059338524,4.002419563966844,11.193818410327172,7.732079324764672,0.3819926405540864,2.7967628659182475
972,2024,2027,1600,97.89248161809593,12.95477610653013,17.30062738546772,15.344603968305178,0.9471061267181091,1.3354632487046205
973,2099,615,616,42.99787445810747,7.999999999999944,12.868454822064928,10.552568842180525,0.8609642700124209,1.6085568527581273
974,2029,2028,1527,76.03733732810164,11.928935054453536,15.237841070508955,13.469615921329071,0.9580942275338425,1.277384863020113
975,1645,1806,556,66.52404566781945,10.254058257765124,15.49142896095884,12.94787578672564,0.8920066141808053,1.5107607711539572
976,623,624,1601,50.489368563966565,7.397759324867899,14.664237895862946,11.954435781594803,0.7600348070145234,1.9822539841987634
977,2063,421,422,32.56837341959486,8.0,14.167249991948845,10.355739143749089,0.6560829618824942,1.7709062489936056
978,2029,622,2028,43.5519559415621,7.459979470936607,12.708493017884061,10.699135847758066,0.8394248947049792,1.7035560308704842
979,2065,1606,1622,64.6556110710843,10.73260961803804,13.193666238076514,12.370520236822976,0.9672515224547221,1.2293064508656155
980,1644,2099,617,86.42008556988571,12.958262853515985,15.978326035503805,14.302886714945018,0.9681355241921283,1.2330608057675247
981,1581,484,1732,67.39548499377615,12.207273296938888,12.753497524503144,12.481682802620297,0.9987235149518152,1.0447458014806
982,619,1528,1804,53.44473888390235,9.84448730294881,16.110722836613572,12.33542775298062,0.7736720956122035,1.6365222830637183
983,1594,1513,1741,113.17595720087019,13.921330696096419,18.00693400518693,16.441177335996137,0.955471294401225,1.293477929537018
984,618,1644,617,62.73298813438768,8.000000000000025,16.44389444611133,13.47407349387172,0.7370198010105905,2.05548680576391
985,621,2029,620,37.65496241335047,7.435185700660467,11.364159078822468,9.727395975426512,0.8927271395937867,1.5284297576875572
986,1751,1598,1515,58.17369038125503,10.606351938517323,12.23283049058606,11.658548445525675,0.9843894766759025,1.1533494797737314
987,1586,260,1783,80.59980203911113,12.924547530642162,15.587582144158358,13.828916882086054,0.9655133222804811,1.206044707344883
988,1644,685,686,52.76111945941521,8.000000000000004,14.167092929139097,11.88588903474877,0.818307653159603,1.7708866161423862
989,1750,1751,1597,79.89531457904772,12.313849784442462,15.351305900915616,13.759175112914079,0.9667141983270336,1.2466699017484142
990,868,1771,867,40.14549901735131,8.0,14.165853338690475,10.799667492965085,0.752963326284596,1.7707316673363094
991,1579,1727,1731,66.95911806164729,11.994067716960275,12.89337718619068,12.451494619111813,0.9965253815915053,1.0749795224149628
992,2088,2211,311,50.038224512561754,10.433890433012992,11.083094498918749,10.759608476715572,0.9975734356121216,1.0622207095305185
993,1880,190,1733,87.88750536793398,12.944453925051702,15.084409761044762,14.343472093168474,0.9818713543526001,1.1653183555199307
994,1294,1906,1293,48.77835500596236,7.592038078872335,13.420018177985023,11.46336574233868,0.8109909804363422,1.7676436865261789
995,2104,1648,2103,99.42634602751167,14.458182842379257,15.840883342949876,15.184590664599098,0.9944667652556505,1.0956344594368874
996,1645,556,557,60.20531738513635,7.881579230738242,16.175884149782032,13.182964113826372,0.739876074593192,2.0523658617420115
997,2270,1570,2087,106.45843550824983,14.549845874315805,16.838378878147388,15.762948145026519,0.985972962576903,1.1572891578096665
998,2100,613,614,39.5483340906359,7.470994157869013,11.25941604977415,9.9751423118209,0.8898419689716731,1.5070840388644777
999,2107,1651,1649,65.77189671258407,11.720549398064488,13.312346403540998,12.382571769230248,0.987693676522363,1.1358124906447966
1000,2106,1611,2040,93.3066861030319,14.328031981334437,15.305606562736676,14.698944159376566,0.9964694727795984,1.068228112742612
1001,395,1761,1762,62.05035815653065,10.199512623247378,14.18424758657831,12.298009919050534,0.9310586170705102,1.3906789579581158
1002,389,1867,388,34.23480848669234,8.000000000000025,13.686214236991024,10.21822800773101,0.7149619732339606,1.7107767796238726
1003,2095,2094,436,89.8239381722768,11.986174404184014,17.060407782447324,14.839233070542448,0.9232097820911077,1.4233405261058147
1004,394,1762,391,75.70694543000938,12.705156495733648,13.853056523969805,13.248010963033357,0.994914740551199,1.0903491451381664
1005,1658,1516,816,75.84000247890526,11.84757971429863,15.235069267531424,13.459623583064134,0.9566198934869294,1.2859224951358204
1006,1650,1810,1809,54.69657761638727,9.479186021088703,13.796522591369618,11.658146679319008,0.9086213576113091,1.4554543565951732
1007,415,2060,2061,76.79728243304851,12.545249849033151,14.581659161131975,13.404886286538671,0.9829481986963012,1.1623251299579154
1008,2100,612,613,40.4435471974218,7.415356289711121,11.956793075543045,10.1890553643579,0.8667421834440393,1.612436760743811
1009,1813,1090,1892,66.88622662111808,11.568570638457883,15.111970064477873,12.796449266405391,0.9281027743487461,1.3062953528796823
1010,1508,1856,2165,107.88298291191936,13.755244463374591,19.644039923660436,16.401221915958473,0.9061210089519033,1.4281127446310131
1011,547,2203,2202,93.36115324443674,12.670899662983153,16.77426634754141,14.966642240658613,0.9501271663881811,1.323841778697519
1012,1742,1857,1858,113.04319013627679,13.79605314735868,18.14374929560115,16.46484411774222,0.9502445949106884,1.3151405769319509
1013,1643,1798,1794,72.87932011349776,12.312384836200147,13.67759496189037,13.009196202796199,0.992670948861256,1.1108810473236925
1014,548,549,2203,41.62660144573688,8.0,13.610107216843382,10.681768422583842,0.8052909885725178,1.7012634021054227
1015,550,525,1535,84.90992321780847,11.565561014380675,17.066635502567713,14.530876227461084,0.9066442538943922,1.4756426844618238
1016,551,525,550,12.532395844353509,4.4308710430283,11.565561014380675,7.998810685802991,0.39939767406087995,2.6102228889234693
1017,1693,1695,897,83.6247928751663,10.938310427790698,17.38749575612624,14.615229483017345,0.8740736347835791,1.5895961145836794
1018,1522,1695,1693,104.41310943421017,13.434705307574138,17.38749575612624,15.786166946276767,0.956536054540738,1.2942223411721299
1019,1535,2203,549,100.68107514418011,13.610107216843382,16.380527355479295,15.394246166579345,0.9745690461040063,1.2035560847902316
1020,1907,1094,1095,41.854768833866814,7.40911088484918,13.872440733978957,10.86595968423093,0.7724541011304146,1.8723489160280458
1021,526,1989,525,37.87048106425569,8.000000000000025,16.255776858567415,11.68808909078271,0.5895076746773997,2.0319721073209207
1022,1573,1925,1921,96.3827527327387,14.15518278705737,15.41154060729339,14.950319475499171,0.9944402586370649,1.0887560294441945
1023,1084,1085,1894,45.0573841734284,7.413924699001393,13.030562649481146,10.966454683291694,0.8217383166804909,1.7575795787670025
1024,2203,547,548,41.626601445736966,8.0,12.670899662983153,10.368699237963765,0.8649027744347102,1.5838624578728941
1025,532,533,1992,47.69065303743121,7.999999999999984,12.846268636740753,11.065108929893048,0.8660239718125408,1.6057835795925972
1026,529,1989,528,36.45609812075564,7.403782934332282,11.465277905636183,9.611858912447177,0.8843670268567856,1.5485702386641067
1027,1772,850,1873,81.23588184813833,11.934803846889748,15.138977803717355,13.895526784679028,0.9618167691190365,1.2684731142575607
1028,1895,1894,1814,61.24491827976916,10.53256316648014,14.781644086439146,12.34294068048196,0.9092562535095189,1.403423255365009
1029,527,528,1989,35.1495977374237,7.69029901088881,9.966515897373064,9.175262985656154,0.9517517148089927,1.2959854855138044
1030,1535,525,1989,114.64944253244421,15.594005294263987,17.066635502567713,16.305472551799706,0.9945176809361044,1.0944356616863156
1031,1734,1589,2192,73.16569987091025,12.396701055072272,13.417138572555432,13.021197704426953,0.9953914258611255,1.0823152476574107
1032,2202,543,544,49.46368621535413,7.399724837462462,14.765204412434379,11.860620870654223,0.7568653526509984,1.9953720897408005
1033,1604,382,383,49.72471153116541,8.0,13.22659780227751,11.37877809834603,0.84935737640341,1.6533247252846888
1034,1593,2098,1635,57.92434950196298,9.192635009196303,15.225016133789776,12.345574865565027,0.8438954387780218,1.6562189316293625
1035,1604,381,382,47.13875777986926,7.397007564577365,13.820150528990466,11.375631528776138,0.7919685242954347,1.8683434359553874
1036,1821,1537,1663,74.8108628102832,11.763423192972345,14.29484580193159,13.271447255745942,0.9743483198128609,1.2151943841033923
1037,2108,2107,1649,55.546295265810514,9.78559362917297,12.639502183203522,11.513305106153917,0.9566284016355588,1.2916438861228035
1038,1102,2137,2139,56.94396053990849,9.249800061212063,13.390226023029243,11.860607470618051,0.9125061330438544,1.4476232928730604
1039,384,385,1536,52.789885985419026,7.785076872405177,14.662373534793426,12.062809805492337,0.787539725237558,1.883394830276548
1040,1539,2039,1610,86.42093412389912,13.199011266241678,14.876831558196159,14.17953732088035,0.9901374970750875,1.1271171194652847
1041,2107,388,1651,69.35968316621094,11.720549398064488,18.077293643206698,13.930643110502578,0.7903352147605714,1.5423588971172248
1042,1776,2287,1625,83.76885909661289,13.26515479394723,14.496238581198465,13.936346860501475,0.994731304288024,1.0928058365223878
1043,1532,1819,1659,147.51393224264694,17.102255289489925,19.447932866860782,18.539231590740112,0.9881342123257086,1.1371560380584647
1044,1536,1752,384,61.98034280646013,11.336649655851451,13.740979009278412,12.140056881948054,0.9628353237495295,1.212084648146991
1045,377,1663,1660,77.10590206399281,12.091890489584232,15.082592743712159,13.517442189518805,0.966598665917649,1.2473312387921534
1046,1792,1795,1793,82.5857178943508,13.153638862560971,15.385543150081364,13.933443177359544,0.9770820502556778,1.1696796081176466
1047,1821,1663,379,60.305929530379174,10.153816780713624,13.756072772333892,12.072018506876534,0.9415024787309155,1.3547686618161625
1048,1532,1659,1818,93.142173051674,12.998861841740215,19.067506615869632,15.467792285608924,0.8742943003029512,1.46685970264278
1049,1810,369,1536,54.03948818555674,9.839807151239729,15.927674749841586,12.293769430337989,0.7898165568109534,1.6186978570850181
1050,1734,1576,1735,104.94848264987414,13.401746796808633,17.142377941509398,15.82521996025323,0.9565340661989873,1.279115193072557
1051,381,1821,380,37.25549266904657,7.999999999999944,15.155876666104742,11.09172660743757,0.6516360569735526,1.894484583263106
1052,1568,1772,1773,105.24275687788209,15.077817807801255,16.73994359279166,15.649953171186041,0.9899483813789681,1.1102364948414765
1053,1753,1865,1866,72.89734370012805,11.349091117514869,15.003349115855226,13.23110352551275,0.949549702943997,1.3219868411049058
1054,2108,387,2107,45.08971407231597,9.31923760482128,12.4688350064713,10.524555413488516,0.924019944619927,1.337967281789294
1055,373,1754,1605,105.47723888350981,13.842114510918135,17.886464994770776,15.87106605231457,0.9566890242347871,1.2921772161805634
1056,2141,1647,2146,80.31380981658448,12.365288324197971,16.17044291814522,13.936926980073821,0.9421274664177444,1.3077287398548434
1057,1925,1573,1923,95.00483015403262,13.627305500613952,15.629817413223044,14.889554507043462,0.9860714340174014,1.1469484860759065
1058,396,1761,395,30.144657344396627,7.723389129593245,10.199512623247378,8.604832390113389,0.9242790362968067,1.3206006394481045
1059,738,739,740,40.74847673398163,7.824363448479894,11.374125973589644,10.036981987673052,0.9116507584046123,1.453680679391164
1060,1565,1011,2013,114.046407096937,15.795737419365457,16.506271856178298,16.237973559106276,0.9985132548402295,1.0449826695613293
1061,741,1970,740,42.51471899777357,8.000000000000025,14.248801879552376,10.99380279550392,0.7706367360510521,1.7811002349440415
1062,740,1970,737,74.22803879645997,11.405957843880204,14.248801879552376,13.275669367866719,0.9630884462634233,1.2492420254908694
1063,778,1817,1858,56.96503475123784,10.44055626888369,12.35684386446431,11.55209110657169,0.98095009795837,1.1835426720788613
1064,1622,1570,2065,74.29455888581748,11.707998387592548,15.073350571826126,13.32221127125768,0.9565033614181961,1.2874404379658935
1065,963,1614,962,27.790649312225014,8.0,14.354643613491879,10.221932854028564,0.567742893822062,1.7943304516864849
1066,1960,1955,1959,67.87567142129075,10.527362127376822,14.028463850434807,12.795859462344273,0.9425100215821571,1.3325716053742687
1067,734,735,736,20.083672322373705,5.660499582500939,10.533438990035098,7.867029134683367,0.7032419367637358,1.8608673733672785
1068,2040,2039,1539,89.56753291143698,14.291287002021411,14.46276913820321,14.382705964449032,0.9999040959159062,1.0119990688142744
1069,768,1915,1863,66.73954548440365,10.799404084678896,14.730572650539996,12.733270512255137,0.9357340534742745,1.3640171749326655
1070,407,2283,2282,62.899942135752966,11.2267812490831,14.131951014069182,12.288431561846409,0.9511734679402477,1.258771387856457
1071,1626,1778,1573,121.57674378675651,16.21539546091188,17.285310779319087,16.773265456015356,0.997283430319946,1.065981450837033
1072,1294,1295,2001,43.67986235427857,8.000000000000044,12.53896981320423,10.537468062071083,0.8801100961692644,1.5673712266505202
1073,635,2026,634,18.94070529489727,4.815417890978409,10.05956852670642,7.6249954725616105,0.6965858824681059,2.0890333413332254
1074,2277,2284,1624,80.2714527170367,12.910214589196615,14.270078514645979,13.649583915459502,0.9933158854663054,1.105332402963101
1075,2244,1196,2243,68.62471620283077,11.450865561878022,16.65842374843552,13.365271576963751,0.8608439080961355,1.454774196624436
1076,299,300,2078,41.53604245638403,7.391036463043657,15.4807384525053,11.52433926099974,0.6673708222761076,2.0945287619552984
1077,1738,1434,1739,63.53044578981243,9.99389174550341,15.114608480161149,12.650663345073903,0.8922880136837157,1.5123846510506502
1078,1757,1759,2068,57.22643606741634,10.787585572504874,12.910580157774925,11.616285834360063,0.9732036877602738,1.1967997909264412
1079,419,420,2062,18.48427817528824,6.164400961895049,12.933606739668082,9.03266923385437,0.4755784915793459,2.098112504299535
1080,1975,1976,1260,57.947248490844615,10.853806092965213,12.034199871528427,11.603429839369303,0.9918530988876786,1.108753903326896
1081,1749,2149,2150,52.040088723751616,10.166143754373628,11.53542869417891,11.01020086748418,0.9884330334296901,1.1346906922515427
1082,2062,420,1621,74.54356838477581,12.37218369183641,14.286364008141184,13.197384813215224,0.9847529251073497,1.1547164481212655
1083,2062,418,419,18.484278175288424,6.059826329329721,8.000000000000064,6.741409097074944,0.9231661182727904,1.320169847323817
1084,417,418,2062,18.48427817528807,6.059826329329721,12.784488689981403,8.948105006437023,0.4847841586777861,2.10971206024571
1085,1742,1741,1513,132.25182103080186,16.404903022714496,18.907573961993528,17.569248097137695,0.986068819546784,1.1525562775844387
1086,185,1878,184,29.342400786837125,7.720309419856818,12.7322498436148,9.484186421157174,0.7115177020099301,1.6491890611103168
1087,1756,412,1758,76.13824269241621,11.507234774370374,16.4257988097709,13.761607754139389,0.9087115055878908,1.427432318175645
1088,1608,1760,2061,81.26949945580044,13.470346779306597,14.127775424058965,13.70960979399372,0.998098453027188,1.048805621378829
1089,2149,761,762,34.23499101258802,8.000000000000004,13.064375704592482,9.941708555749285,0.7616093556233012,1.6330469630740596
1090,1618,1109,1110,48.610918025550745,8.0,13.00690758757874,11.20556255403464,0.858740875029432,1.6258634484473424
1091,2066,2072,2073,85.62027009278013,12.835084990605306,15.611118975772879,14.20037226455653,0.9743542008023016,1.2162848151920693
1092,710,2300,2301,63.30387979110505,10.852172163567293,12.96831520569152,12.196374069932622,0.9768305532329304,1.1949971867593938
1093,2285,410,411,36.83826638706121,7.999999999999984,13.201206739653369,10.175162038930925,0.784784666837269,1.6501508424566744
1094,1631,202,203,44.48868949265079,8.0,14.562554492844829,11.257509303319432,0.7672454967359362,1.8203193116056036
1095,2081,2074,308,58.05263337105082,10.292036661509734,14.589549938073429,12.070180353184478,0.8995233255642179,1.4175571286716826
1096,797,2101,796,34.7036889989376,8.000000000000025,13.191881009891242,10.02717125385069,0.75834482933021,1.6489851262364001
1097,409,2285,2284,70.12792377308888,11.722295966450675,14.023562482987952,12.83227225921423,0.9782568168837884,1.1963153398552233
1098,1764,1765,1615,89.7280358439404,12.412364512093097,15.757950420009605,14.626586590902187,0.957618907169253,1.2695365499987514
1099,1945,1789,1641,76.34542324465305,12.684504997327823,14.551074502457837,13.363375442425147,0.9833915155093373,1.1471535156888846
1100,398,1611,1761,72.80930487295659,11.327311329928158,15.217681015796108,13.262987015698863,0.9423659522733694,1.3434504069460078
1101,1762,394,395,46.44020252633399,7.468898618461823,13.853056523969805,11.27740822991918,0.796012821424146,1.8547656397058931
1102,868,848,1620,69.63645507770163,11.169313399583501,14.992695779605029,12.983878184364256,0.940259296944352,1.3423113170200864
1103,1558,1765,1764,53.62471660230608,8.589701531254455,15.757950420009605,12.291787803949662,0.7755579923109859,1.8345166432934585
1104,397,1761,396,25.43768326926136,7.316195958626576,8.000000000000064,7.679861696073295,0.9946944518808465,1.0934644240313451
1105,1955,1947,1953,103.58128142967146,13.2569310380141,18.644574730874652,15.943419060404706,0.923484763748005,1.4064020305613376
1106,217,2152,1818,46.17407965386889,8.577421752624804,12.362525890262363,10.664389045906775,0.917738714814118,1.4412869329270497
1107,1513,1744,2022,93.00952400795852,12.621948458883113,17.532925771326134,15.07339207457863,0.9289420474247702,1.3890823456014638
1108,399,2041,398,39.008943403164494,8.000000000000025,13.899473601071936,10.611945857789232,0.7593189586673249,1.7374342001339866
1109,1650,368,1810,49.36045842417451,9.479186021088703,12.727079128537808,10.947713271607972,0.9369895903945751,1.3426341776839694
1110,1563,1842,1720,78.6813424202587,10.424817007645398,16.61325057855624,14.176824118202738,0.872623242107898,1.5936251510575525
1111,1610,2043,366,86.61778373701294,12.781931230678873,15.98363243376863,14.329088166724548,0.9661808665948556,1.250486498895027
1112,1866,370,371,27.708335325265125,7.004888358552269,9.818871432398375,8.274586596983548,0.916412890397564,1.4017170481254728
1113,217,218,2152,28.400955974280514,7.115853406200297,11.053219494833156,8.723024300344447,0.8309125466056975,1.5533231031996937
1114,400,1962,2041,49.83967864342002,9.704955507784845,11.500751783817373,10.810507290892922,0.9796496289404487,1.185039104464933
1115,2101,1648,1519,84.14851586590174,10.581191959012298,17.085402908848675,14.71793515124447,0.8628050772377961,1.614695487524594
1116,900,1694,1693,89.71618918290727,11.722215265664628,16.422546112780594,14.834735603858448,0.921199762297216,1.4009763291827302
1117,401,1962,400,33.186611039152716,8.000000000000025,9.704955507784845,8.838494127846365,0.9750310807419875,1.2131194384731019
1118,2040,1611,2041,93.73850298376054,14.328031981334437,15.136362179121061,14.724394864760635,0.9979852841051158,1.056415996198198
1119,1555,1905,1713,88.55935673945042,12.164544549199704,18.840051124950296,15.188776865705128,0.8581606419181685,1.5487674897117105
1120,394,392,393,27.874580176713884,7.0445515681731266,11.407339132759882,8.81729690031101,0.7922802297029704,1.6193137380521956
1121,533,534,1542,66.88197826233898,7.411710736551206,18.976722848161927,14.834079469446252,0.6235162244832814,2.560370138917768
1122,1774,2281,2282,73.71187829268713,12.026821865945312,14.46846184649374,13.166327771459388,0.9763205769077659,1.2030162255468406
1123,747,1859,1743,46.90939459750394,8.898812442485655,12.134142276857139,10.655055655238144,0.9394642274031806,1.363568718329766
1124,2113,586,1669,63.61274100393638,11.156822267047835,12.84714524757924,12.18451325403069,0.9859208712890909,1.151505772886949
1125,1958,1541,1957,100.22270908411896,13.84863570963336,17.028455011165033,15.383672028254841,0.9710752924376137,1.2296124591767357
1126,1509,2243,2297,86.14425910158695,13.66123907470114,15.016818426489733,14.146789077861003,0.9921691670182009,1.09922814060834
1127,2272,2275,2274,100.0676619154606,14.283957891581858,16.551148448057937,15.292472070074625,0.9844457738758919,1.158722853545531
1128,498,499,1736,39.32575199775203,8.000000000000114,13.216078529587113,10.360891419783952,0.8108484849504978,1.6520098161983656
1129,403,2183,1960,63.03189639821913,10.990474539344467,12.880061346042734,12.145435178621177,0.9822592121414216,1.1719295013089555
1130,695,1960,2183,73.9763737146905,12.565769650476332,14.220574265014237,13.141380378828588,0.9859304675615892,1.1316914650329577
1131,401,1959,1958,71.0925139465446,11.717490082631457,14.456900207505635,12.969209113805052,0.9687405071773884,1.2337881325741198
1132,1879,1880,1733,102.49168761042324,14.430260441462599,17.14887863947095,15.526897224780837,0.9762432331626721,1.1883970292176378
1133,1956,363,1957,62.051757952556855,10.691493069768933,13.017330981549806,12.089907161739584,0.9736648681497547,1.217540982966857
1134,1540,1958,1961,89.59195870473158,13.228071234909253,15.29872993308795,14.463249532989778,0.985349538560463,1.1565351940889288
1135,402,1959,401,26.896345616921522,5.857935943947836,11.717490082631457,8.955835578835057,0.7223793340626716,2.0002762397457516
1136,1133,1715,1714,107.7944857610394,14.785257544521984,19.017116458670102,16.203245525169255,0.934096792782607,1.2862215217695714
1137,1956,1953,362,74.49968953351211,12.18885329978732,14.83168601488603,13.272902627352432,0.9695848921181063,1.2168237364170118
1138,1107,1715,1554,105.08438458279095,12.596469104018418,19.000421315673357,16.215340573456135,0.8984229757674345,1.5083926423168859
1139,1942,959,1616,99.66532228542249,14.31713225597256,17.70672998722831,15.450012443753034,0.9540637703158484,1.236751164315168
1140,695,1955,1960,75.94495208047286,12.6377972209952,13.831752409221185,13.270325509438754,0.9945883411015276,1.094474944276085
1141,1873,850,851,46.78107290231105,8.0,14.612798703429984,11.4442658575066,0.7811878217160182,1.826599837928748
1142,1612,2006,1079,75.59273650159157,10.813261666404859,15.662988815983706,13.650893193402458,0.9158812819988201,1.4484980849623017
1143,1000,1720,1842,88.23646277756598,13.47485054729279,15.492404768406576,14.352586806970494,0.985795863385924,1.1497273913378674
1144,411,2072,2285,72.41569623332387,12.715730726456194,13.201206739653369,12.936707551853937,0.9990337813151109,1.038179167492679
1145,2181,2179,1159,74.57921258980936,11.568852588550145,15.154419214437683,13.37028726731588,0.952052100073404,1.3099327784188575
1146,906,907,1799,92.8038644393815,14.045391919915879,15.899344673879256,14.715870510961315,0.9864681851764023,1.1319972247505985
1147,1504,1736,1590,104.79899776070312,15.034932445979889,16.302715333517998,15.584845992124647,0.9952852218607097,1.0843224864556738
1148,2001,2000,1549,65.86413109392926,11.67859261758846,13.7000648976584,12.438062603055812,0.9780980386976186,1.1730921136015582
1149,696,695,2183,51.284059484380485,7.335457069369349,14.76546846436544,12.10716659958301,0.7495081669831615,2.012890038716411
1150,2201,541,542,25.329034002184947,5.864930876041135,10.13678486993554,8.219088023138292,0.8274834494463497,1.7283724368083144
1151,1978,1975,1977,98.7766266679634,14.071330553042532,16.121416875522204,15.172965870556963,0.987804788204088,1.1456924286407584
1152,2059,1569,2060,107.39730612980003,13.742535153339533,18.266487516221467,16.072237052603032,0.9476056228800519,1.3291934357382802
1153,1937,1895,1814,44.84017624720205,9.95998283793898,10.53256316648014,10.18547803617035,0.9975719615920725,1.05748808385092
1154,533,1542,1992,91.47365402200249,12.349058152938404,18.976722848161927,15.382851183748242,0.8653861093481485,1.5366939416061054
1155,537,535,536,42.03193265700645,8.0,13.731718394531875,10.757736017777228,0.8007129728558097,1.7164647993164843
1156,1260,1976,1259,26.988940781701444,6.76586623638099,10.853806092965213,8.539890776448734,0.821615169310452,1.60420051383854
1157,1356,1971,1355,41.572143563161596,8.000000000000055,11.27274279450062,10.094294013185952,0.9222612855550157,1.4090928493125676
1158,253,246,247,28.21213156801359,7.438387147372278,15.358003131469426,10.805288972596601,0.5093640407074383,2.064695319992167
1159,249,251,248,81.66666666666674,8.0,20.87115930765442,16.538241743030024,0.6084554963973806,2.6088949134568025
1160,1898,1936,1948,66.75074724691964,11.703451999460015,13.859139994359337,12.532046667344746,0.9759628213942962,1.184192492522615
1161,254,246,253,6.006241079706342,2.1235268984507427,9.619476638948102,6.581001179132948,0.2583923466053142,4.529952809152625
1162,1079,2006,1078,33.64085467449831,7.9999999999998535,14.476429097818807,10.56607587807479,0.6499305901676549,1.809553637227384
1163,295,2085,2064,54.10979048257131,10.155933911692864,11.927063336004748,11.256375633020403,0.9814646289373092,1.17439355550283
1164,2113,585,586,39.54933053037887,7.999999999999986,11.156822267047835,9.813850797486944,0.9311995488062779,1.3946027833809818
1165,248,252,247,81.66666666666791,8.000000000000114,20.871159307654445,16.53824174303007,0.6084554963973875,2.6088949134567687
1166,1786,2171,1638,75.65031835395109,11.7785334688077,14.67946690631178,13.375741369582466,0.9686777112159891,1.24628986666179
1167,693,1947,694,51.844279898849805,8.000000000000057,14.624984329352314,11.881271288712062,0.802869229508342,1.8281230411690264
1168,672,2033,2032,75.9358310160828,12.802092706544789,13.849566837716436,13.26455354885571,0.9956144376794422,1.0818205394369742
1169,1947,1946,1953,106.07976440728905,14.412389245550854,16.912759808647486,15.7513001555079,0.9832218868580433,1.1734875821417676
1170,375,376,1755,47.78728573912653,7.391046665385927,15.307902129181452,11.884964128508964,0.7247558988019333,2.071141317625836
1171,1163,1164,2005,43.24151497715731,8.000000000000014,11.60662054670005,10.352404094509977,0.9083051385045605,1.4508275683375036
1172,1754,1755,1605,104.05186394476635,13.842114510918135,16.691199942761536,15.649633666567388,0.9746112909231004,1.2058273271468858
1173,1754,375,1755,99.94799964454523,14.115789751602385,16.415586546022492,15.279759475602111,0.9849247111159477,1.1629237070606724
1174,296,297,2084,31.481187053071217,7.999999999999984,9.091900623204975,8.561446113837352,0.9891852126219602,1.136487577900624
1175,1952,693,1927,81.69708928652932,11.953574850626733,14.963523461951933,13.930505244084651,0.9625380604747569,1.2518032177769303
1176,2245,2249,1510,81.57457695190791,12.089343281930475,14.845326496506594,13.888276544281021,0.9685554832549645,1.2279679838933346
1177,541,2201,1542,63.67937494088525,10.13678486993554,13.636076036945555,12.411934866972475,0.9387928253218708,1.3452072044449206
1178,156,137,138,31.08427722975368,7.773426516126175,11.29109737701552,9.021507964380573,0.8548842105775322,1.4525251320755197
1179,1891,2141,1588,107.94114052409215,14.701002719849935,16.705081006257902,15.854290320232309,0.988914843896858,1.1363225573519535
1180,1551,2002,2004,67.83542417847161,10.98125225377904,14.677814409200344,12.795453507228283,0.9437109039431082,1.336624828388692
1181,1078,2004,1077,32.87894964796242,7.478553098856877,12.210034003551915,9.512455305425648,0.8040251600617121,1.6326733048693953
1182,154,138,139,57.74705379690167,8.000000000000025,15.29372392463461,12.67643156939607,0.7768079747807435,1.9117154905793203
1183,324,1945,1944,34.28155503018837,8.351470809431868,9.341326089950597,8.926522767570015,0.9913711528607991,1.118524665068675
1184,2058,1619,1770,105.05675906194111,15.08646007111688,16.49767009644015,15.615573557809277,0.993358335422216,1.0935414947357358
1185,155,138,154,52.184581862284745,7.64894600137374,15.29372392463461,12.202567980567352,0.7545754042081311,1.999455078109831
1186,153,139,140,58.13319489032891,8.000000000000025,15.371810486791684,12.736661319624195,0.7738453141897659,1.9214763108489545
1187,1053,2057,1675,87.21027388146281,12.490550103423523,16.821619356416065,14.53960222286431,0.9387097992246635,1.3467476786154873
1188,1954,2005,1551,61.152828626158964,11.181957973762902,12.867856293769341,11.94691310458837,0.9861173418071425,1.150769509594133
1189,1977,1188,1189,43.63210261960784,8.000000000000014,14.037828518156735,10.99261539951724,0.7939497010063806,1.7547285647695887
1190,578,2227,577,39.53282048469027,8.000000000000052,12.875937565862559,10.254126817478522,0.8362291776459273,1.6094921957328094
1191,1331,2200,1330,39.42247298972178,8.0,15.354368477462152,11.302603132772768,0.6643293955375544,1.919296059682769
1192,136,124,1672,2.8636820175860107,0.5602903476760123,10.497400720365006,7.147322688463625,0.09086717393020265,18.735644409914276
1193,989,2253,2251,63.49439816239299,11.43601435176833,12.953280631077263,12.157789636612984,0.9894451033821249,1.1326743944733089
1194,124,125,1672,38.01249689076589,7.665915577925586,10.926628641574359,9.6589404056166,0.9208632259616526,1.425352070539124
1195,1672,135,136,35.66733407640018,8.0,10.497400720365006,9.249164713401969,0.951304557930782,1.3121750900456257
1196,2277,2280,1774,91.16036643363829,13.26287580674344,15.792579222726552,14.61916370916767,0.9800869532159926,1.1907356634295632
1197,151,1673,150,52.929373745954,7.922380501080449,14.560062811007775,12.004827557173106,0.8008844176540856,1.8378393727771702
1198,127,1672,126,45.40050697264199,7.770419956907967,12.736718625432434,10.833755184509064,0.8583250153887158,1.639128733847826
1199,1824,153,140,59.59674851267994,10.003796425862637,14.838173472080877,12.271051593468115,0.8907183791900727,1.4832542407320495
1200,1672,134,135,35.66733407640004,8.0,13.745291363505181,10.331794927782028,0.7300222666932609,1.7181614204381477
1201,142,143,1673,61.85356455509542,8.000000000000025,16.916672759224863,13.474013611619801,0.725603006666958,2.114584094903101
1202,147,143,144,40.45278507093359,7.414770106782762,14.193107810870764,10.881705334855573,0.740964302669845,1.9141669406428967
1203,2058,1020,1021,40.69361706972677,8.0,14.558933905771667,11.004988003354711,0.7317418780894378,1.8198667382214584
1204,1569,2085,2079,100.79806975886841,13.291094113074607,17.78728735238381,15.588227432451125,0.944863684459725,1.338286163731716
1205,148,149,1673,48.89704498045728,7.558084398959373,13.984373951434769,11.558711502639346,0.7967637809436315,1.850253743310963
1206,572,2227,571,36.41614658914229,8.000000000000114,10.954409397169469,9.418727172145758,0.9326354898611731,1.369301174646164
1207,951,2253,950,32.5150224345507,8.0,11.819376822331208,9.322939073771568,0.8339928548941449,1.477422102791401
1208,2272,406,2281,81.14466596614687,12.963116650196774,14.102677254543028,13.71947666011434,0.9940877548362218,1.087907918681651
1209,2200,1599,2023,107.1695089506807,14.002411700087308,17.923125072367057,15.977331254254878,0.9598966162744308,1.280002720692415
1210,145,146,144,37.72951738721509,7.735592270806099,11.117182361642005,9.633064048837529,0.9192441274136475,1.4371468883640532
1211,2113,1525,2256,77.10850020594594,12.779674328365472,13.908909158926182,13.368323203143367,0.9952421859966496,1.0883617846234381
1212,1673,147,148,52.532246726829186,8.000000000000064,15.312110869728842,12.148595675750933,0.7728014533068693,1.91401385871609
1213,22,23,21,18.205916335363327,5.44477320804702,8.0,6.738276809248881,0.9043230904273613,1.469299031257449
1214,2260,39,40,37.3645420732835,7.666813905143238,12.542568374775783,9.986369007688786,0.8319668570322116,1.63595576075763
1215,1673,1824,141,89.18077966419308,13.074257535867217,17.020428511054373,14.680331513668989,0.9431134112826373,1.301827538914653
1216,89,1973,88,41.718299044925516,8.0,11.78016177240548,10.170198055562674,0.9091531009989392,1.472520221550685
1217,627,2030,626,35.879503325093026,7.999999999999884,11.647275627784497,9.545087741536191,0.8863852356224489,1.4559094534730832
1218,1866,373,1605,97.8733990269663,12.946632284007627,17.886464994770776,15.442677352190207,0.9319065253430647,1.3815534883820786
1219,871,1793,1795,67.00955305919943,11.97358111524679,13.153638862560971,12.470843865695684,0.9934563454990236,1.0985551219769607
1220,1894,1893,1814,69.4503174233217,10.93942092353751,14.781644086439146,12.952753316367518,0.9420701166275235,1.3512272897950768
1221,286,288,1543,85.10618602977948,13.794649276774061,14.448061869764572,14.02905084280068,0.9981810881767343,1.047367104438868
1222,1573,1875,1920,59.58321860256384,10.779048930882157,15.541190517449484,12.45884988889154,0.8600840543140461,1.4417960821129323
1223,285,1705,284,34.3633331838959,7.9849367447952835,9.811971011909705,9.00186109941347,0.9723994721667281,1.2288101115272219
1224,106,1973,104,55.114428594145856,10.69754606285341,11.693861573314987,11.306362702185325,0.9942006991226605,1.0931349586725523
1225,1073,2003,2002,78.951503108775,12.556221475715189,14.347601305169478,13.563372861135441,0.9881095385261492,1.1426687027557592
1226,970,1868,1615,62.20571351750415,10.215008961682935,13.554574077489914,12.224781305731497,0.9480166825352878,1.3269272820350793
1227,43,1545,42,70.42882370992702,7.812558934866034,18.616979808969436,14.912095734736857,0.6569307503441909,2.3829554393356616
1228,41,42,1545,65.79583984252059,7.438768946984575,18.616979808969436,14.607114149933878,0.6352882086681353,2.5026963388231236
1229,1545,43,44,62.48606645106661,8.000000000000064,18.306748460375097,14.00149062349299,0.6706102381044846,2.288343557546869
1230,1119,2170,1118,36.923394772734824,7.598651941026421,10.714013072658462,9.503330272135036,0.9251315300641365,1.4099886605953977
1231,2058,2057,1619,96.0427776379943,13.9864854626991,15.765745810033108,14.946230447949697,0.9905059770853544,1.1272128264158399
1232,2206,628,629,42.0184485909825,7.716743366661102,15.724063495633583,11.639562952827859,0.6638276007639335,2.0376553616603044
1233,1705,283,284,41.888829480699876,9.620731507369305,10.091132068567426,9.841278195948812,0.9984522600795166,1.0488944692862285
1234,2085,2084,2079,58.32748777529882,9.970504229630459,13.291094113074607,11.840705414637531,0.9477472782904667,1.3330413193723925
1235,2145,2146,2136,51.810538267126965,9.13324029590414,12.763594978128175,11.236209596373131,0.9303087013960909,1.3974881383392586
1236,2260,41,1545,107.60168979147738,14.249790932985231,17.765593693847627,15.963544748401057,0.9672892773266396,1.246726620579679
1237,288,286,287,21.879109295401445,7.524490163728862,13.794649276774061,9.659457513274816,0.49605935065041373,1.8333001939812408
1238,779,1817,778,39.1418513519302,7.758294659912889,11.295494538756198,9.83144848918426,0.913735916183764,1.4559249208618
1239,291,269,1706,44.69068096024684,8.014204376361675,13.012256168542036,10.752040693124755,0.8609057680473731,1.6236491556070596
1240,1752,1865,1753,71.37757379805981,11.349091117514869,13.938442136138239,12.984750501421999,0.9699077161100421,1.2281549237566052
1241,1798,1799,1794,88.13377887953244,13.037608810298078,16.380092484291644,14.4862652927509,0.9609242138804004,1.2563724470206088
1242,290,291,1706,35.2532680193367,8.0,11.229661534470551,9.368073181137003,0.9084244930779425,1.403707691808819
1243,1706,1543,289,92.52121113908274,12.625777660379217,16.647606785568254,14.891202982796429,0.9514423875726437,1.3185411016550597
1244,1714,1559,2050,64.9812602421437,11.728583613742863,13.34736515070039,12.319135630161886,0.9853845926431337,1.1380202068952925
1245,272,1674,271,58.10372619247673,7.827937918717361,15.484706679751806,12.849196722465969,0.7550401425817385,1.9781335570797471
1246,1643,1793,1796,69.53176252918406,12.170921730605206,13.48526684204327,12.710520545066737,0.9919926705106092,1.1079905976334552
1247,496,497,1736,44.24472603373397,8.000000000000064,12.836642483914146,10.665740326020234,0.8675447824532195,1.6045803104892553
1248,1838,270,1674,70.89507615340891,11.879815350648434,14.080159083226127,12.894680179575,0.9798372172552285,1.185216997708436
1249,1879,1583,1781,112.11999817786234,13.364079475268923,18.144546258823514,16.496061241417934,0.934666880369035,1.357710143253873
1250,1077,2003,1076,30.06975051769889,7.7580977801058,12.44450097520379,9.400866251769848,0.7465564991805077,1.6040660130780253
1251,1706,1707,1543,117.9710007639703,16.124312034456093,16.766492729233917,16.512803849752757,0.9988702005353534,1.0398268585602628
1252,2144,1893,1588,80.97106854234053,12.108435747850963,15.50709292821762,13.883975028620677,0.9604170999327726,1.2806850737073827
1253,1543,1707,282,105.97194178141301,13.847308103593024,16.831670803183897,15.815157212003612,0.9709413750793815,1.2155193397348114
1254,1590,2194,1504,94.65065360671467,13.658843795763861,15.48453221749837,14.853422070046093,0.9875661123079799,1.1336634673500494
1255,390,1867,389,34.23480848669234,8.000000000000025,10.0774223128348,9.015297366345603,0.9642170189595034,1.259677789104346
1256,1707,1838,280,80.18010189370074,12.676377473391955,14.35783209589742,13.662197278686994,0.9893094479305601,1.132644726463446
1257,324,325,1945,36.604362436411066,8.0,11.01138543665035,9.450903842200317,0.9306137311756613,1.3764231795812938
1258,279,1674,278,54.03770512743137,7.472060990133353,16.620288059219227,12.857982719819427,0.6910232128124685,2.224324464316586
1259,1674,2115,278,108.1892926853266,14.637877250617668,16.620288059219227,15.877064895566276,0.9881091789689911,1.1354302112704155
1260,1626,1920,1777,54.77099282411634,9.094107891346447,14.645591472700284,11.936413518935906,0.8568306567342975,1.610448396663117
1261,2002,1551,2005,68.29592485774913,12.118298714004903,12.867856293769341,12.571149622159902,0.9973634037868109,1.0618533671643353
1262,1864,1755,1537,87.16852444700314,11.486934934700235,17.628508087744365,14.833352788001024,0.8889033440307429,1.534657259569861
1263,940,1511,1979,93.98295311218592,13.83260937914129,16.37233516466478,14.861145366549122,0.9774783629598298,1.1836042438495542
1264,36,37,1545,90.19355509944623,7.999999999999943,23.15314894482114,17.9559131538243,0.5599171699098406,2.894143618102663
1265,2260,1545,38,122.49293953452434,14.249790932985231,20.972514149918684,17.519885513456668,0.8994891258945277,1.4717769719253762
1266,1545,37,38,80.2972804102915,7.707522327376054,23.15314894482114,17.277728474038625,0.5373368413859957,3.003967807214045
1267,1544,1708,46,64.90836506127098,11.03731229656853,15.632702906983674,12.81828771880972,0.8903396127862095,1.4163505106078984
1268,1116,1919,1115,28.537412915385186,7.140416320155211,10.501355394080335,8.547257238078483,0.8776945595858361,1.4706923130571843
1269,46,47,1544,56.177838063238624,7.392336332327223,15.651215258757356,12.892084832689418,0.7154773032425742,2.1172217490042295
1270,323,324,1944,27.620371973925494,7.391963723419651,8.351470809431868,8.022087529996428,0.9881331370227895,1.1298040848025608
1271,2187,1972,2186,67.0413956369213,11.253199715709096,14.217866751549483,12.62945348048096,0.9617057789664487,1.2634510282174953
1272,1545,1708,36,122.96588817819699,13.070106909406915,22.71459051665183,18.201412558426224,0.8184141738853199,1.737903957029113
1273,44,45,1545,62.486066451066165,7.999999999999984,16.90266255146818,13.533461987190655,0.726224990090174,2.112832818933527
1274,1546,1994,50,90.60319231548942,13.648460858611655,15.823940791478101,14.557699647894976,0.9833629361133066,1.1593937921208017
1275,21,23,24,1.468072256434234,0.6450967825585963,7.260575862191679,4.891909954816633,0.10277393139945523,11.255017942260745
1276,1994,48,49,38.38443569823841,8.000000000000064,11.476368933896651,9.740947788706647,0.914807129163253,1.4345461167370699
1277,52,1547,1710,59.30515224382176,10.064306217228792,14.711729637867995,12.209426587034947,0.8967204488212024,1.461772855508253
1278,2009,2008,1552,86.69507930026718,13.450500784376466,14.674995359549438,14.178203497610474,0.9946134457047474,1.0910370992725633
1279,1709,34,1546,50.04857891661581,9.995995082041022,15.650439926510767,11.954719281446406,0.7718208455763811,1.5656710310540887
1280,50,1710,1546,64.79789899838975,10.058202638416963,15.823940791478101,12.932070677816489,0.8661013932833197,1.5732374222646
1281,1612,1938,1950,75.54959311849782,11.977650766933984,18.222910206664483,14.29001735385942,0.8229214168071723,1.5214093782873876
1282,51,1710,50,32.45777632688387,7.999999999999863,12.914068603554396,9.760854638095187,0.7475745391904253,1.614258575444327
1283,52,53,1547,56.28601049682132,7.999999999999984,14.711729637867995,12.42112980271581,0.7923043022940572,1.8389662047335031
1284,604,2112,2114,70.52340696817622,11.801445137160476,13.822056582086846,12.84162242022313,0.9835575506536595,1.1712172891914614
1285,1995,1547,53,88.1526403048088,12.695336437386443,16.20387466308232,14.483623623582739,0.9610558828957809,1.276364336069393
1286,273,276,2115,77.80208510768995,12.143522914667896,14.597987373609518,13.517160456427362,0.9777735623065109,1.20212128524721
1287,2061,2086,2083,92.40616904101223,14.092393981107577,15.270679757813186,14.632896287716749,0.995545427839958,1.0836114700089448
1288,32,33,1547,59.2080970969819,8.000000000000064,16.299260518618006,13.049310970646196,0.7456266492178609,2.0374075648272343
1289,2082,2083,2086,73.1317918908355,12.152808758639384,14.535615124229489,13.12392076529144,0.9746653295773577,1.196070423958262
1290,1995,55,29,95.25329827983742,13.055911741683916,17.019101862437026,15.09529659564812,0.954382884544281,1.3035552169137097
1291,1547,1995,32,95.83948936147694,12.695336437386443,16.459883806462017,15.151493587488822,0.9516029545071885,1.2965299413404574
1292,30,1995,29,43.34686249445925,8.000000000000057,13.055911741683916,10.638803485135707,0.8521841167190826,1.631988967710478
1293,56,57,27,22.376079892404306,5.899011660646914,10.238319795977654,7.928759152666072,0.7824542858076087,1.7355991791436587
1294,2061,1760,415,83.96067780487175,13.470346779306597,14.581659161131975,13.94872001828549,0.9954529684143054,1.0825006512477167
1295,27,28,56,39.00872409545736,7.999999999999943,10.906184346979146,9.714834714318913,0.939160441844563,1.363273043372403
1296,57,26,27,20.41666666666666,5.899011660646914,8.000000000000057,7.024679337843254,0.9412525654989667,1.3561593806245738
1297,28,29,55,61.63614109342734,8.0,17.019101862437026,13.482525519318996,0.7217113706395786,2.1273877328046282
1298,28,55,56,41.39342306166473,7.999999999999984,15.428474695519961,11.444886347499697,0.681220523414601,1.928559336939999
1299,1641,1885,1933,100.06582004373091,14.363293321184596,15.715066901138453,15.238190621152912,0.9935761460800848,1.0941130665319012
1300,1622,309,2211,73.21491097973455,11.647659690343815,14.852164993392375,13.205256954227456,0.960182232592763,1.2751201003670438
1301,272,2115,1674,100.14650104972446,14.637877250617668,15.819585524789,15.230802781445135,0.9959878417825302,1.080729483786419
1302,1924,1945,1641,93.03788992617535,12.854546827489784,16.570019461290297,14.890732422162785,0.9587833421214775,1.2890395658176668
1303,374,1754,373,33.946273917377155,7.999999999999944,15.884618651254799,11.31945243910446,0.5629151300446172,1.9855773314068639
1304,1955,695,694,49.07330664365401,7.648946001373649,13.439012209328103,11.476461702933877,0.815114020009192,1.756975694025639
1305,1990,1992,2201,54.71826094513731,10.39793374518539,12.767914608558913,11.385873417079997,0.9671991344769044,1.2279280596946396
1306,1643,1792,1793,82.37580106982708,12.170921730605206,15.385543150081364,13.979433292302835,0.9645635507855361,1.2641230870290305
1307,2219,466,467,46.23419996587231,8.000000000000064,12.47323168442285,10.832271379149821,0.8796420552888685,1.5591539605528437
1308,1984,2200,1331,97.2878808153494,14.306040137746443,15.380119247691614,15.013509287633402,0.9956611302961021,1.0750787149765655
1309,2199,2200,1984,96.32414527074432,13.941040831299132,15.576956727097738,14.966038935362826,0.9908112463270622,1.117345319879259
1310,1331,1332,1286,17.538985597568114,6.2009678255868925,13.138034265606036,9.11300069706431,0.4417715421329245,2.1187070526950498
1311,1287,1984,1286,39.42475307964282,7.735532794676144,13.390423200847435,10.454366135556667,0.7941557210900962,1.7310279144654623
1312,2272,2281,2280,94.88952665509345,12.963116650196774,17.59917601513917,15.18231176675647,0.9360698355245578,1.3576346252251015
1313,2299,1255,1256,31.07307343447542,7.785576028545832,10.784881258246578,8.856819095597471,0.8935441344128479,1.3852387053576751
1314,1984,1331,1286,79.88845349305318,13.138034265606036,14.306040137746443,13.611499201399972,0.9944468842752777,1.0889026355486164
1315,2198,1288,1289,36.33672032305058,8.000000000000021,12.174762283785572,9.753185794594765,0.8540833289089744,1.5218452854731925
1316,1151,2133,2132,78.054347296155,11.421858077465918,16.709772950167956,13.972771454232806,0.9016726839545073,1.4629645051477673
1317,1839,1711,1320,32.23924615618208,7.715779891007101,9.248699557534472,8.708407724114975,0.9754100344344717,1.198673327671519
1318,2132,2131,1561,70.29679267548576,11.896509932060102,15.196305907506442,13.046990321697558,0.940916756071947,1.2773751288647828
1319,1323,1996,1322,44.527029431848575,7.44000639557201,13.601182805041866,11.0169777914696,0.8021541690613704,1.8281143969361018
1320,1996,2261,1548,107.25884745145405,14.819359420037593,17.067531728736178,15.824222169034899,0.9857801537286159,1.151705093653291
1321,1292,2261,1291,42.33601032627379,7.999999999999972,14.688797992097825,11.165347056117417,0.7396471828136664,1.8360997490122346
1322,1984,1288,2198,68.51888067934316,11.769867606557632,14.247390058361564,12.730673316234922,0.9693103913104061,1.2104970535457484
1323,759,2022,2021,93.76232036278937,14.019767198783565,15.213664697937725,14.74176441822653,0.9951575831966695,1.085158154356354
1324,2245,1510,2247,92.55006976743445,14.224833573851853,14.93088687927018,14.628626769176009,0.9983663958885228,1.0496352594744023
1325,1330,2200,1329,39.42247298972178,8.0,10.723506851693575,9.75898259084991,0.9406209798219777,1.3404383564616968
1326,1686,2214,2215,42.575663862328135,8.02657839597803,11.85852137984256,10.27959082060729,0.9075154116430341,1.477406784662397
1327,1498,1499,1496,53.02100180069308,9.27239917048236,13.108979600980323,11.390354815434575,0.9257114360612657,1.4137635103880433
1328,1496,1497,1498,31.99033200812203,8.0,9.27239917048236,8.642357298401814,0.9855691301044657,1.159049896310295
1329,1293,1548,1292,68.10551746977616,8.000000000000014,17.700804211890627,14.3393430487274,0.6967595350006519,2.2126005264863244
1330,1481,2185,1480,36.215050083315,8.000000000000016,14.950496701098597,10.935822729406064,0.6522486954136589,1.8688120876373209
1331,1711,1839,1906,39.71168722227816,7.715779891007101,11.855192449793831,10.008944216515737,0.8892282009230713,1.5364866050172452
1332,226,2154,225,14.531575211983796,6.166167688445652,12.783108939612921,8.786046063647904,0.3927801984483601,2.073104330841714
1333,2240,2241,2239,82.28849408721172,12.143192583067284,15.004227871432049,13.950824031963421,0.9682228301496864,1.2356081622516841
1334,1294,1550,1906,64.38710702324262,9.658278297409955,15.617722503727688,12.898672993040888,0.8623495930474545,1.6170296633423646
1335,2215,2213,1219,78.30635492371924,11.149146201359756,15.113780126487836,13.791560072115132,0.9336208696705497,1.3555997789897625
1336,553,2268,552,40.85684046944333,8.000000000000064,14.115634095114215,10.825816859663627,0.763762726060836,1.7644542618892627
1337,1294,2001,1550,68.02294543079637,10.92808808353034,15.617722503727688,13.028260133487422,0.9053228494797458,1.4291358547214739
1338,1589,2191,2192,63.70003136955992,11.33358261808633,13.249753485653157,12.208541300896115,0.9828605686751082,1.1690701812601576
1339,1297,2000,1296,27.806625637879772,7.095070074268911,9.572396160217243,8.222488744828732,0.9353265858995033,1.3491616094015253
1340,1587,1937,1936,63.851022533620856,10.35442721330687,15.061209638347643,12.62221173595748,0.9044971184401555,1.4545671458283957
1341,1998,1299,1300,54.01359685449768,7.620008445731067,18.317867993034742,13.554257297124584,0.6130372702410978,2.403917019711035
1342,1998,1549,1299,105.65224831490582,14.032322038587266,18.317867993034742,15.944482655347164,0.9479379248862478,1.3054053308256979
1343,1994,49,50,38.384435698238256,8.000000000000025,13.648460858611655,10.4649784302783,0.7702143243920428,1.7060576073264515
1344,1998,1319,1549,116.30988781684752,14.032322038587266,18.322761557384474,16.687898645272337,0.9522513724901432,1.3057540660055402
1345,1318,1319,1998,64.07306843962746,7.999999999999986,18.322761557384474,14.122022717620311,0.6755495680349299,2.2903451946730633
1346,1302,1999,1301,37.55429492965427,8.000000000000028,11.115336501396532,9.575020620624677,0.9295680108038319,1.3894170626745617
1347,1318,1998,1317,50.28168871178941,7.445978633412615,16.043306595476476,12.349801297989762,0.701342413622827,2.1546269987244866
1348,2185,1464,1465,44.02326162530857,8.0,13.88715682635391,10.967654546074195,0.8064547768186515,1.7358946032942388
1349,1882,1913,1627,83.06288122865345,12.716876600162305,14.862256768775218,13.934603733490668,0.9838095371088591,1.1687033881091158
1350,1494,1963,1964,71.14434138649331,12.012468355729103,14.438465361661097,12.959122302800735,0.9718397304822864,1.2019565782893376
1351,1932,1629,1934,81.18880862276406,11.473066078073863,15.49523038608152,14.011373432446115,0.9395036948162935,1.350574491651748
1352,1798,1887,1521,75.21926977222488,12.660159042101997,14.27678047248674,13.24423597294736,0.9873002858693157,1.1276936115106126
1353,1304,1313,1314,81.66666666666652,8.0,20.959055149324332,16.544927432851505,0.6078888130474989,2.6198818936655415
1354,1314,1315,1303,81.66666666666652,8.0,20.959055149324332,16.544927432851505,0.6078888130474989,2.6198818936655415
1355,10,1836,1702,70.20493053763455,12.039390503893394,13.155022610625458,12.76286086693157,0.9937384076432699,1.0926651649326669
1356,1306,1311,1312,81.66666666666652,8.0,20.959055149324332,16.544927432851505,0.6078888130474989,2.6198818936655415
1357,1313,1305,1312,81.66666666666652,8.0,20.95905514932434,16.544927432851505,0.6078888130474989,2.6198818936655424
1358,1595,1744,1745,56.75758063458169,9.271353584924904,13.866032963165162,11.896299224893907,0.9023849636573162,1.4955780551516387
1359,1306,1310,1311,73.8951509540843,7.534152244537519,20.959055149324332,16.03661582379936,0.5812067521742003,2.781873058713442
1360,1999,1303,1315,87.27507533313714,12.94922991240413,20.675727149230177,15.792627249811813,0.7709433062838641,1.5966761953484816
1361,1791,1642,794,98.77853926868306,11.782536199489035,17.997055388259223,15.78239919859395,0.8872289572837891,1.5274347630724605
1362,1301,1999,1998,72.27177776537532,11.115336501396532,15.84409858782289,13.375381327547403,0.9137969460487355,1.4254268042926308
1363,774,1861,1750,48.380578196216945,8.969716664474433,12.869052130740178,10.933859071102676,0.9151921260230116,1.4347222562457853
1364,2290,2278,2279,52.418086779673345,10.508466719623074,11.901247759978782,11.055069648366127,0.9875320295642496,1.132538940029651
1365,1505,2241,2177,79.54810688084083,12.969727148673627,14.498415075015574,13.602547031012437,0.9905912715448891,1.11786585090175
1366,1299,2000,1298,38.88645041224467,7.999999999999995,11.375726761986444,9.77333575419388,0.9217141098787314,1.4219658452483064
1367,2239,1155,2240,73.80510634868543,10.704755763967064,14.881581090753803,13.430462832037266,0.9258453237572297,1.3901840844278033
1368,1501,2213,2214,67.95494272672384,11.137455369709052,16.194727080501238,13.181664734263023,0.8792465792768175,1.4540778430005326
1369,567,2268,565,76.92673024763641,11.573207739986302,16.395055400157723,13.802845278568144,0.9135827954475088,1.4166388237818954
1370,1296,2000,1295,27.806625637879357,7.095070074268911,11.706804451661037,8.933958175309959,0.7663411344972683,1.6499913783962632
1371,2274,404,2272,99.64021385046382,14.056190137305155,16.808421431544947,15.302307146478062,0.9772882011079043,1.1958020820261506
1372,2153,226,2155,75.36456655679264,12.029528730196537,14.98024811889712,13.369617090908996,0.9656704189667495,1.2452896912988523
1373,2154,2153,1603,81.0403012692493,11.928099646501243,17.256240843627445,14.277898995314786,0.8963879840880298,1.4466881863020866
1374,1408,1406,1407,28.008012282682046,7.335457069369495,10.289541723513015,8.424648264752056,0.8893405934744794,1.4027130997029245
1375,2212,2213,1501,84.78321369941298,10.978946509507931,16.608441773376505,14.59403845446189,0.8918214498467146,1.5127536835153852
1376,2000,1297,1298,26.905307561128293,5.785841807972366,9.944280500595205,8.434172822928272,0.8321840471761858,1.718726648712187
1377,1303,1304,1314,81.66666666666652,8.0,20.959055149324332,16.544927432851505,0.6078888130474989,2.6198818936655415
1378,2126,2125,1555,87.46005207102249,12.639852011642533,17.662505599591245,14.74697003902025,0.9098032999808646,1.3973664868324691
1379,1305,1306,1312,81.6666666666668,8.000000000000028,20.95905514932434,16.544927432851512,0.6078888130475004,2.619881893665533
1380,2068,1607,1757,74.70018649424499,12.892536872946069,13.64306012735404,13.148725719358344,0.997118485052473,1.0582137760631798
1381,1304,1305,1313,81.66666666666623,7.999999999999972,20.959055149324332,16.54492743285149,0.6078888130474972,2.619881893665551
1382,489,2017,488,33.8787839098422,7.3928502116946735,11.02124983841433,9.222407147117499,0.8967559947621568,1.4907984772882221
1383,266,2097,265,39.32603537472918,8.000000000000114,13.462082548527952,10.455362789562004,0.7936069785066424,1.68276031856597
1384,1820,2155,1533,85.82654357290869,12.66290473140493,15.880684005592373,14.26409471026446,0.9659716291144312,1.2541106754287674
1385,1306,1307,1310,64.95189420028055,8.0,19.616640077536225,14.71019331674212,0.6236808274117263,2.452080009692028
1386,2186,1972,2221,67.4287365405976,11.253199715709096,14.748172641711468,12.758771255515347,0.9441060424973885,1.3105759263406216
1387,2154,1603,223,65.67489783984442,10.9403198895883,13.649356495815669,12.464300714911966,0.9682730207145216,1.2476195059712567
1388,1309,1307,1308,42.324477202310845,8.0,13.675233605301989,10.75903989355424,0.8068874380698677,1.7094042006627486
1389,352,1727,1730,56.2551177613243,10.206432549865655,12.186953243159493,11.500614527243693,0.9760561774616926,1.1940463216327146
1390,2181,1161,1162,44.42398848677602,8.000000000000114,12.159628352877318,10.558842475333362,0.8934177583161956,1.5199535441096432
1391,2181,1162,2204,55.789769290743266,9.51099281238377,13.322507434895664,11.664376200052251,0.9295777874786936,1.4007483443315316
1392,1160,1161,2181,40.743749347534106,7.676514615012786,11.516899073122653,10.094358375517631,0.8974165736742015,1.5002770984893736
1393,1405,1406,1408,40.833333333333485,8.000000000000014,12.21603748512737,10.168526402880133,0.8865437143016113,1.5270046856409185
1394,1227,2242,1226,55.32155651878941,8.0,16.68416451059852,12.859508163125335,0.7158545874082043,2.085520563824815
1395,1940,2295,1639,52.56760793389746,10.550827666129129,12.168159014052929,11.10097153107838,0.9806019181510256,1.1532895237324223
1396,2289,2286,2287,91.17474819087222,13.621588691457521,15.390976837993417,14.564533577338167,0.9901476108708264,1.1298958723989023
1397,1158,2179,2182,62.893950904682356,10.733556332786792,13.560770779039911,12.216206028832653,0.9646025546150353,1.2633996001508923
1398,1954,1949,2204,69.00799516485114,12.489503494554691,12.710546381344427,12.625180512890196,0.9997650407923584,1.017698292561118
1399,1165,1073,2002,90.85924055061409,13.415215762763653,16.09125589953084,14.61802432248799,0.9763336097202256,1.1994779796382415
1400,1072,1073,1165,52.94533642381735,7.900578825958653,16.09125589953084,12.477427993482253,0.7307189613711316,2.0367186068266756
1401,1075,2003,1074,32.56370553009958,7.571099980226462,10.128383654175884,8.861507232559537,0.9445607560228214,1.337769106289484
1402,1077,2004,2003,47.73985170720553,8.848778813868153,12.44450097520379,10.801276124411288,0.9274856862527775,1.406352360813933
1403,1076,2003,1075,28.159668273305435,7.722904858245983,8.885038063276266,8.122013567209349,0.9814899618814262,1.150478767557189
1404,1165,2002,1164,50.95582422228499,7.648946001373667,14.646960797354605,11.903707520497308,0.7793072600696606,1.9148992285635396
1405,2003,2004,2002,72.55640777416444,11.110548584161926,14.677814409200344,13.19155293196131,0.9503559635857223,1.3210701792100124
1406,1078,2006,2004,43.74695487852382,9.221798536405705,12.210034003551915,10.347708849817042,0.9282835279997731,1.3240404195937798
1407,1897,1899,1896,93.88523154603371,14.45438992319504,15.163819047441745,14.73460745677493,0.9982275466807593,1.0490805304143815
1408,1080,1081,1899,32.984228597868245,7.999999999999957,13.686815168634903,10.145302415361506,0.6969762121210193,1.710851896079372
1409,1083,1084,1896,44.40909428857798,7.999999999999957,13.075293736150652,10.743755558800894,0.8560348716136115,1.6344117170188401
1410,465,2187,464,37.00447459910645,6.121868007659385,13.97235246583441,10.73858040522133,0.6753181557422576,2.282367481355834
1411,2248,1196,1197,41.924997601577886,8.000000000000023,14.46571383829961,11.043495376751473,0.7505664687455287,1.808214229787446
1412,1080,1612,1079,56.957516687241345,7.391246039540063,16.083798111692424,13.046010989072064,0.7063715261577074,2.176060440371063
1413,1639,2296,1787,74.15457565641053,12.78369648863519,13.305975908181715,13.092003503422106,0.9988462498240904,1.040855117298102
1414,2005,1164,2002,68.30036057063623,11.60662054670005,14.646960797354605,12.790626686019854,0.9538369806972912,1.2619487936580276
1415,1894,1895,1896,77.22045394563932,11.714614788526593,15.161306822479148,13.573578608378574,0.9574475399949287,1.2942215425921029
1416,2156,226,227,30.774662278429844,7.778586059415042,11.951843183982465,9.24347641446584,0.7974967523714811,1.536505875578274
1417,1593,2151,1636,90.5460435479559,11.842173547423696,17.57266323078002,15.011699899608672,0.9051888632276827,1.4839052273983107
1418,1640,2240,2182,84.34488715106048,12.200048190862407,15.413667689028015,14.151200789812739,0.9632634323015141,1.2634103937861938
1419,1228,2123,1227,33.77366472787718,7.743044674852479,12.251904523085885,9.586941483883365,0.8155704566237134,1.5823109690787507
1420,1142,1140,1141,22.928686477392723,6.190213597842584,10.031491951463783,7.883979114468275,0.8181721352700995,1.620540518175328
1421,1685,2117,2212,120.33533043963205,14.68255178876427,22.59674148218851,17.89801778542544,0.8373632168378671,1.5390200427885106
1422,2215,2214,2213,70.76664785077242,11.85852137984256,15.111753888497809,13.06102900697305,0.9462373909972099,1.2743371120606302
1423,1142,1139,1140,37.370563173625186,8.000000000000004,14.935932589445818,10.989141513636534,0.6677901296453777,1.8669915736807263
1424,2068,2067,1607,73.96960108517494,12.642320661331182,13.75576544836557,13.096874327547608,0.9945844904436032,1.08807281644422
1425,2094,435,436,43.694363719928624,7.999999999999886,15.471117024996007,11.595853324490568,0.7016950912522103,1.9338896281245284
1426,652,1987,1530,67.36427193411185,11.675413670272556,14.399756141620276,12.67133065615993,0.9599131640859986,1.2333401238094308
1427,2042,1540,1961,69.67267682909208,10.770414766800569,14.862947430972127,13.008144592246502,0.9350611463330513,1.3799791143407634
1428,1143,1144,1138,40.83333333333366,8.0,15.079028540829045,11.249038387288158,0.6982033157520793,1.8848785676036306
1429,2027,1987,653,48.42497026625582,10.420787627261396,10.814440941195816,10.579230395049363,0.9989619273735546,1.0377757735801658
1430,1961,1958,1957,83.44919835778899,12.74363401739356,17.028455011165033,14.333386754489283,0.9215791455509293,1.3362322700042386
1431,488,2016,487,35.112080581121816,8.000000000000064,11.329567729346744,9.382474287755196,0.9005972426882536,1.4161959661683317
1432,1139,1142,1143,59.385214718734005,8.0,16.153669940177082,13.0298675098743,0.7507581528571083,2.0192087425221352
1433,2065,2067,1606,57.5117984523563,10.73260961803804,12.854257460263005,11.634601958033272,0.9754206396107312,1.1976823827318905
1434,237,1988,236,44.20024364399782,7.549907939350598,14.078575793072186,11.113450905788525,0.780447406678254,1.864734763147741
1435,887,2124,1696,111.39077089949996,14.958310406749808,17.450483066660247,16.138398384187017,0.983763153075905,1.1666078983616939
1436,1155,2239,1154,51.39491982620846,7.999999999999984,14.881581090753803,11.913241153868512,0.789884110024625,1.8601976363442292
1437,696,2183,2184,73.06465858142381,10.40220045850909,15.219327347954332,13.46233209027629,0.9074200962414593,1.4630872966406632
1438,1898,1587,1936,82.78472835750783,12.83330159623219,15.061209638347643,13.917883742979724,0.9827624364450754,1.173603653386402
1439,1894,1653,1893,87.82880725274356,13.137194939125902,15.298804793013883,14.324129038033751,0.9847073161055581,1.164541202585809
1440,2180,2182,2179,66.07963734223948,11.53563780656179,13.560770779039911,12.44215660632316,0.9812948780969869,1.1755544865777747
1441,2240,1156,2182,67.76303174708156,12.200048190862407,12.944653609448581,12.521557932489884,0.9974825149044884,1.061032989947029
1442,2069,2068,1538,66.86631660281319,11.919613331679141,12.870921677271403,12.44516307181666,0.9960219356549054,1.07981033605041
1443,1670,2294,1671,62.062947947573,10.21418122632096,13.516656760959243,12.206748035269555,0.9488453094436998,1.3233225905692882
1444,81,2267,2265,64.22238042418135,11.27329280036084,15.08137305554734,12.611053370081597,0.9149787064918934,1.3377966245199104
1445,439,2095,438,29.0192424408017,7.507464462257384,10.90177714976986,8.714029152538316,0.8555091288705303,1.4521250422931546
1446,2043,2042,364,35.92507821236402,7.249323231579163,12.152238580759631,9.771748270686071,0.8337933700080813,1.6763273194693011
1447,2010,2109,1147,63.1095694168829,10.166967843569532,13.718768272478927,12.344497301110467,0.9414355532306162,1.349347070194174
1448,1632,2094,2095,94.98359944275553,11.986174404184014,17.73546136314642,15.357972661117548,0.9069111171454874,1.479659878547696
1449,1561,2008,2009,68.5593221479681,10.788221574443716,14.409114348905513,12.840661668539854,0.9470413422212763,1.335633890115805
1450,1145,1146,2109,32.05533056260615,7.8279379187173,10.099572524432748,8.779704955290137,0.948950711784052,1.2901957871029823
1451,2133,1553,2131,129.60720561832105,16.016403000914824,18.875277637605315,17.420047950926236,0.9819350892005981,1.1784966722257924
1452,219,2152,218,28.400955974281324,7.115853406200297,10.348771820660884,8.488208408953765,0.8874100150530374,1.454326168614383
1453,2131,2132,2133,115.77216734217839,15.196305907506442,17.368463214258572,16.42484735731099,0.9880333292299264,1.1429398249793827
1454,2131,1553,1719,118.96912930113068,16.016403000914824,17.704179730589022,16.630331909917732,0.9913366582892429,1.1053780133765239
1455,1532,2152,1603,123.3535974985996,14.875377294650049,20.329260447709828,17.360086674383304,0.9295980243724925,1.3666383073874218
1456,440,2096,439,49.84158205592793,8.000000000000064,13.388661015145702,11.409754661149309,0.8460696579326914,1.6735826268931995
1457,1150,2132,1149,34.23209017063925,8.000000000000044,12.016666509692058,9.528590454070347,0.841525100569545,1.5020833137114988
1458,2293,1671,2294,80.25656528394485,12.889406118528463,15.649236464961666,13.816915881917971,0.9623993783139618,1.2141161758000596
1459,1145,1137,1144,56.832911945399175,7.651752501645906,15.693479894601674,12.808086979025568,0.7398370657029899,2.050965434549272
1460,1918,2126,1555,77.47254582916422,12.17536748522566,14.285211946231259,13.46637731242796,0.9819891405996325,1.1732879490960593
1461,1409,1404,1405,29.266678751272615,7.536930277329741,10.289541723512901,8.544153004780803,0.9067680201702616,1.3652165198426622
1462,1552,2010,2009,79.17121522707188,13.03100775949572,14.156627186140865,13.546045243337682,0.9952480477451229,1.0863800749274286
1463,991,2253,990,23.93376671501528,6.704454682592849,8.0,7.495415620579368,0.9782426451169719,1.1932364940538487
1464,1765,1558,969,55.53745612501608,8.589701531254455,14.752758810486977,12.11966939447232,0.8349107498938544,1.7174937635268985
1465,2253,991,949,2.159068431782204,0.6779248399296198,6.704454682592849,4.635714687628986,0.17001762745120633,9.889672553212367
1466,1230,2166,1689,68.85708586704314,11.826414133291742,13.845753404418337,12.699281972143423,0.9816642544373821,1.170748229206864
1467,950,2253,949,23.387262491221996,6.524764540364489,8.149440398983497,7.4389066676295315,0.9679662286671687,1.2490014541625512
1468,1880,1879,1582,95.23364077075789,14.044616380805579,16.3393005602852,14.938059127517795,0.9811758937634368,1.1633853226931643
1469,1555,1834,1905,79.5076647832896,11.554537200076783,15.348532862015242,13.821601661685802,0.9478882324871774,1.3283554846241048
1470,472,1646,1808,81.4561791021757,11.080338560943064,16.190912064680816,14.196662223532519,0.9108461203556268,1.4612290026725305
1471,1848,1725,1574,123.67663675404867,15.30419823497378,18.59415683457026,17.05914783971775,0.9753324035664791,1.214970986985658
1472,2253,951,2251,69.34777285396379,11.819376822331208,14.748579105672164,12.884009951665575,0.9547184392111032,1.247830518255971
1473,2250,2251,1524,106.0008861476751,14.896916845165318,16.225173344139417,15.675989910618066,0.9948850581115709,1.089163181400531
1474,1688,1687,901,38.31622726315966,8.76990828942845,9.784839451405661,9.441063738173012,0.9902481218505204,1.115728822751846
1475,2209,2088,313,62.02795952365949,10.025037315691224,14.19696272536866,12.323623389299401,0.9249949573054639,1.4161506115441111
1476,987,988,2250,35.28206148615523,7.824363448479887,10.191775636952777,9.181692913330675,0.9552456545324212,1.3025693021625713
1477,1900,1664,1203,52.10475673561102,10.339334708117052,11.415210870186144,10.998896232436664,0.9928428008999352,1.104056614128611
1478,1524,2252,2250,83.1924085673998,11.777684217167263,16.225173344139417,14.210509074193482,0.9357204379931281,1.3776200010940565
1479,990,2253,989,29.046758368297972,7.517169157493118,11.43601435176833,8.911658562802234,0.811961467579963,1.521319277532674
1480,1905,955,956,37.24149542294858,8.000000000000025,10.69923539656879,9.467044186881816,0.9465011963737421,1.3374044245710945
1481,1905,1834,955,55.29409755535876,9.701897164076637,13.81760116072559,11.69134517495967,0.915253548685775,1.4242164111869
1482,1879,1733,1583,144.42363694272217,17.14887863947095,20.040578777879045,18.389671802503788,0.981965147550465,1.1686232784779509
1483,1697,951,952,39.89502492319134,7.79867895755134,13.49559165590026,10.524817130059233,0.7928143160326471,1.7304971430876364
1484,282,1705,1543,77.86400570870661,11.691923376961833,16.831670803183897,13.972120395023289,0.9000374988529645,1.4395981106367493
1485,1697,953,954,48.52473637506307,8.000000000000057,13.72227089330827,11.318911342382508,0.8363273994474028,1.7152838616635215
1486,1886,2176,2175,83.81907029510643,10.893720744351002,16.88011842278262,14.55423557864168,0.8851458271743646,1.5495273670876772
1487,1885,1884,1638,82.3452391322434,13.554957318021234,14.176694462742143,13.798281557384675,0.9984357288051895,1.0458678791923832
1488,1880,1582,2020,89.88234604223018,12.125417539594627,16.3393005602852,14.731509199162565,0.9414866137025055,1.3475247765225782
1489,1137,1145,1136,56.47733570551355,7.855583790849505,15.693479894601674,12.671072668207698,0.7565370477784027,1.9977483930452198
1490,2118,2122,2119,72.57926474194548,12.143767913795513,14.295961247128595,13.04788850916264,0.9797525546456333,1.1772261581916563
1491,1711,1906,1550,47.85687064920069,9.658278297409955,11.855192449793831,10.637519066675862,0.9695679925613304,1.227464366291145
1492,1652,1812,1134,81.25372630087392,13.266117772712507,14.714886805968913,13.751714486456942,0.9898399862758728,1.1092082143456035
1493,962,1766,1616,75.53084805578499,12.42383918799002,14.67920481219065,13.322299978489283,0.9775521350718462,1.1815353201272007
1494,337,1881,336,30.199040531510946,7.612274640413769,11.72705912855191,9.113111256321893,0.806353618084629,1.540545984283415
1495,1147,1148,2010,38.53787145979224,8.0,10.743004370931828,9.636657404833786,0.9441926330717332,1.3428755463664785
1496,1906,1839,1548,51.492034349936674,10.455860308746274,11.684467344083664,10.94533103571108,0.9902795782782896,1.1175041554743865
1497,1697,954,1834,74.29465633841434,11.742517830066049,14.195834662632775,13.220207795335698,0.9754018159113232,1.20892596188231
1498,956,1713,1905,62.38517902568973,10.69923539656879,13.725019550559994,12.196266498776161,0.9587229944688413,1.2828037744605154
1499,1856,1855,1854,64.17105357668042,10.500761757915065,13.484718521399515,12.372593289938992,0.9570114016558331,1.2841657426648367
1500,1713,957,958,45.988640121872116,7.592038078872332,14.016032523498222,11.24507918658758,0.7942504577727383,1.8461488704203213
1501,1595,1745,1746,70.62297334426549,11.047890994914123,13.98985567703993,12.96792654503974,0.9593197335888775,1.2662919722397818
1502,506,1830,505,40.20658430678691,8.0,10.837432154331696,9.878936309975927,0.9345232219181311,1.354679019291462
1503,1855,1856,1853,74.76954809367074,11.813360272048865,14.545935585644582,13.28133812636432,0.9719336445219975,1.2313122812364539
1504,1133,1554,1715,93.17804532016746,12.596469104018418,19.017116458670102,15.474019278358085,0.8728304948681044,1.5097180250776328
1505,1807,1808,1646,101.12908837515774,14.468546462382568,16.190912064680816,15.330856982325647,0.9915850210333447,1.1190420618115513
1506,1726,1579,1728,80.17375400214956,12.757495594022759,14.507813810160568,13.663211419970109,0.989089167347405,1.1371992020877422
1507,2174,1932,1928,57.36491354149279,10.094074243503897,15.276917540814349,12.24587233835394,0.8556672036935613,1.513454049602013
1508,1540,1962,1958,76.19063004515559,12.344337149346579,15.29872993308795,13.47420583978881,0.9601882505390933,1.239331828675609
1509,1713,958,959,55.80377933922506,7.999999999999943,15.455166566391425,12.490399696629863,0.7743063141268443,1.9318958207989418
1510,2125,2126,2127,86.6004290324593,12.639852011642533,16.25408475111421,14.380063269527184,0.957041378928602,1.285939482214081
1511,1613,2046,2048,118.73484250087496,15.242617775543694,18.664831788896457,16.752778931827752,0.9699955303270433,1.2245161601338321
1512,1763,1615,1868,85.91678768749624,12.904760878021646,15.061062274898914,14.172171559659686,0.98373450132644,1.1670934794731227
1513,1557,1616,1766,85.54184715623747,12.42383918799002,19.612939093286595,15.297805192793794,0.8107121508003622,1.5786536509782094
1514,2133,1153,2135,49.1437300603164,7.853110692504524,14.904102460252917,11.758412806225488,0.7729267055383742,1.8978597200314875
1515,2046,2047,971,98.71092094218969,13.025642472734487,17.737606071704164,15.463826266721568,0.9387229190283742,1.3617451967404175
1516,2047,1763,1868,79.94117577527783,12.294805129938416,15.061062274898914,13.727372453460994,0.9730932876069159,1.2249939804433772
1517,2128,2125,983,39.61565875304481,7.30399281642924,11.742533101732288,10.08390307524537,0.8663910205116924,1.6076868360712535
1518,1837,6,7,36.931731147599706,7.494575064379103,15.367197616304201,11.20432635758653,0.6272753386184456,2.050442818211644
1519,1103,1104,1719,45.36541942368584,7.999999999999984,12.654787357170605,10.748134339885747,0.876801763963557,1.5818484196463287
1520,47,48,1994,43.624773519291125,7.6139344225846095,13.420932812118107,10.837078722866456,0.8173091007339892,1.7626803787945242
1521,35,1544,1993,113.62025196536517,15.744684808813757,16.686839857379905,16.212321984832467,0.9977465902081795,1.059839562367024
1522,2217,1647,2138,56.54102591239431,9.760729985113922,12.709593073101164,11.637190211226823,0.9517419838593099,1.3021150152175656
1523,490,1734,2192,69.12519292703578,12.104535116541788,13.417138572555432,12.67175503953684,0.9923008808752316,1.1084389812062976
1524,1617,1132,2050,81.76695340331214,13.310282254484166,14.118403109216747,13.753730972133482,0.9976522695831156,1.0607140283941259
1525,1558,2011,969,56.66635415205771,8.461839006736449,14.752758810486977,12.266681873808187,0.8285920221819554,1.7434459340035118
1526,2032,2033,1529,111.86448861914837,13.849566837716436,18.433876593894418,16.394959929329996,0.9482954314419062,1.3310074466512238
1527,2187,2188,2193,73.17397740465196,11.871072431693799,14.159906631238735,13.09973021881121,0.9796963043076141,1.1928077023129038
1528,1766,962,1614,57.92812886147847,8.338062439769686,14.67920481219065,12.457303621817404,0.8172919314242282,1.760505503314043
1529,2044,981,2127,87.75637620931093,13.321689504142931,14.766337071029813,14.282571062475734,0.9912507216256139,1.1084432696346518
1530,962,1616,961,46.46973736331802,8.0,12.863855935287186,10.914074428042552,0.8687912175394995,1.6079819919108982
1531,754,1746,753,26.222109917939118,7.422200202830043,8.069768670545669,7.795972163809947,0.9951570839964728,1.0872475074801555
1532,966,2049,965,30.893403687744375,7.85596596747495,10.437211208088959,8.74025797028095,0.9166478552526789,1.3285713369050742
1533,1838,269,270,43.584183604176445,7.62005748188106,12.2617902791063,10.58722103721193,0.8638616934376814,1.6091466905941765
1534,964,1614,963,27.790649312225014,7.752083583702366,8.311154948593815,8.021079510765395,0.996734328224888,1.072118851513265
1535,1558,2049,2011,51.313200525295215,8.461839006736449,13.683477505787014,11.486116777509602,0.866140450821639,1.617080813626167
1536,597,598,2111,39.916117805749636,7.464818016813586,11.896239378412568,10.096848320457653,0.8732206162257709,1.5936409101491489
1537,1687,1502,1694,66.57794739172056,11.946444171650974,12.77458461086292,12.414101157428982,0.9969216744922283,1.0693210822662305
1538,708,1725,707,58.201505594140045,8.000000000000064,15.461292399540367,12.757751149127122,0.7718157472697647,1.9326615499425304
1539,1785,334,1786,73.45355006859069,12.531567031637573,13.849579430431103,13.062769451507606,0.9922528880272543,1.105175385924684
1540,2049,966,2011,63.70649655368517,10.437211208088959,13.683477505787014,12.34958111550432,0.9526535306340544,1.311028131267686
1541,1670,665,2294,66.61224994711077,11.688924902964871,13.516656760959243,12.47704064219142,0.984446063228694,1.1563644110272941
1542,1688,1666,1803,73.5994629386974,11.927086610309582,15.830500298969264,13.420743873678104,0.9284188702020059,1.3272730228424463
1543,1655,925,926,36.012311174787534,8.000000000000014,13.82326904719896,10.388057643223048,0.7288195089288991,1.7279086308998668
1544,2089,1630,1583,101.66249901344102,13.943337573263548,19.00918570537745,15.8797472214804,0.9129876233295432,1.3633167529292056
1545,821,822,837,53.71169422772229,7.999999999999903,14.91596464449157,12.142678343714607,0.7933396775696697,1.864495580561469
1546,1729,1913,1882,59.148421334862746,10.393102235906824,14.862256768775218,12.222763833465882,0.892485887650143,1.430011601100973
1547,822,823,2235,42.780900646785334,7.59199201388361,12.299921034868166,10.49091127558772,0.8640193857793181,1.6201177520175316
1548,1945,325,1789,60.08010065256283,11.01138543665035,12.684504997327823,11.838942699011918,0.986643900025296,1.1519445096444134
1549,1652,1135,2109,79.81570355997243,13.057164381206231,14.799590193606747,13.653551881677297,0.9852997434710595,1.133445958213444
1550,837,822,836,54.18198721092121,7.648946001373649,14.91596464449157,12.347531671644035,0.765159178580596,1.9500679756155763
1551,1707,280,281,41.75023106811841,7.068568661549652,12.676377473391955,10.604456559254755,0.8118226690556052,1.79334432193418
1552,2234,823,824,40.30697663343339,8.0,12.41095743339299,10.17198023122951,0.8722830650005461,1.5513696791741238
1553,335,1786,334,48.43197380809124,8.0,13.013486984282526,11.181684671973366,0.8595140355212352,1.6266858730353158
1554,967,968,966,58.8520565724523,8.000000000000064,16.161738625116456,12.977712160779006,0.7503533627869529,2.020217328139541
1555,1801,905,1800,61.19752415897328,10.425837120725605,14.620622849704887,12.303370349383343,0.9153336797364805,1.4023452198999382
1556,1932,1877,1928,99.9213735283084,14.73357487755759,15.599179093112957,15.20322383716163,0.9978073642171128,1.0587504541666848
1557,1787,1883,1788,51.934461112803234,10.000096359093238,12.4958239207024,11.10738150946095,0.9637283960183555,1.249570351323641
1558,2085,295,296,39.08957648270569,7.999999999999984,11.086412584905535,9.747448832199462,0.9336979637427679,1.3858015731131945
1559,1714,1715,1559,68.31728667262753,11.779886281934184,14.807362572315684,12.822902326764089,0.9481628931329006,1.2570038638678953
1560,228,229,1988,45.353122364784454,7.719817353333189,16.14303330494364,12.02695424414562,0.6692945072607629,2.0911159637699916
1561,1108,1769,1715,63.22427222967238,11.098992253200983,13.105456001594824,12.166313614352768,0.9819219131107819,1.180778912411185
1562,1719,1105,2130,81.75008595425238,13.409799171820758,14.134004169389861,13.749935495778374,0.9981212346445907,1.0540056557365112
1563,1716,1892,1091,57.234468997735306,10.185504479998487,12.677029991750288,11.634207204828371,0.9685325470956201,1.2446148363730503
1564,1735,1589,1734,99.60710593864297,12.396701055072272,17.30808461487546,15.615721203819044,0.9236914159279214,1.396184721885637
1565,1706,289,290,35.2532680193367,8.0,12.625777660379217,9.833445223106558,0.8082979399514043,1.5782222075474022
1566,1149,2009,1148,36.49909754278758,7.799823240292166,12.822152483007581,10.010174323484085,0.8059301815288841,1.6439029562581844
1567,1109,1769,1108,37.39690084072339,7.613982832800868,11.098992253200983,9.612171894956361,0.9134376273188846,1.4577117517768456
1568,1870,1113,1114,44.064045945523205,7.39318940246526,14.596395848110287,11.318082446684015,0.7430252281592515,1.974302977175604
1569,1863,766,767,34.28406833962409,7.999999999999984,12.743130894232964,9.810874021264429,0.7867877072023,1.5928913617791236
1570,1618,1562,1768,90.34527138453544,13.352135374805327,16.196918591557495,14.598458575056725,0.9725798727012681,1.2130582964369956
1571,1112,1767,1111,28.90300143543302,7.447279974831657,8.85193686743263,8.230645512113552,0.9803646831225994,1.188613412863228
1572,1030,1567,1029,53.0049384256773,6.814291297950307,16.510573521955912,12.978264206998858,0.6526154863712834,2.422933332322054
1573,1113,1767,1112,31.21749955993948,7.544061284931413,9.374579438536834,8.590192530300293,0.9692084613708671,1.2426435953352761
1574,1811,1650,1649,82.50882095119869,13.090531477433727,15.584371195017848,13.959462243285257,0.9712373239946825,1.1905071403619598
1575,2053,2051,1128,36.1246762050811,8.597718425235282,10.424457636226421,9.256498180982687,0.9659345095833612,1.2124679037672892
1576,1113,1870,1767,65.58033259089036,9.374579438536834,14.93133515563698,12.967436814094702,0.86728238124144,1.59274720039787
1577,1870,1618,1767,88.01799547112132,12.20049909944577,16.674817313072356,14.602217189385035,0.938385571203965,1.3667323916141956
1578,2027,1531,1987,55.09402247624171,10.420787627261396,11.969512456021006,11.335822859018846,0.9867689003399299,1.1486187881526397
1579,1108,1715,1107,48.8406586431074,7.779391911328558,17.049131300676628,12.64465973786667,0.6470625830936088,2.1915763461986315
1580,2024,1600,1526,111.54840539971255,14.613301917853034,17.30062738546772,16.16559768104334,0.980933405839262,1.1838958424811292
1581,1920,1875,1777,50.06061434892494,9.094107891346447,13.654747434537276,11.268388514742234,0.8861339755207227,1.5014938900747519
1582,1103,1719,2137,62.855901127697045,11.589615662486652,12.832286557732479,12.085509429837147,0.9918762648437179,1.107222787315382
1583,1106,2008,2130,77.74558892819483,12.068937890160665,14.419357686936452,13.51124211019863,0.9778270044544167,1.1947495146770117
1584,2171,1912,1886,88.19713412096309,12.07894149386924,16.257129276043973,14.583632027254552,0.9432485746376509,1.345906782005311
1585,1537,1660,1663,73.94604392138768,11.763423192972345,15.082592743712159,13.292683456791359,0.9563494933497285,1.2821601753410299
1586,1891,2172,2142,84.08601238504778,13.0278395764443,14.556539879017917,13.982833512182909,0.9908487271201548,1.1173410444305492
1587,1901,1204,1205,48.78442337657583,8.000000000000004,12.905565663967868,11.224670304910859,0.8587391221256158,1.6131957079959829
1588,101,1681,100,27.928684678801925,6.027405058706905,10.536355565300667,8.628771739518813,0.8260061845789834,1.748074911620606
1589,2163,2161,2160,67.45346899774906,11.175224235627264,14.527752153621753,12.72162225331084,0.9513301186365114,1.2999964785768179
1590,1116,2169,2168,64.84776258316245,10.893232868350005,13.272595949502332,12.363273661680092,0.9727718637429039,1.2184257979158328
1591,390,1762,1867,69.01483576371864,10.0774223128348,14.910724571180289,13.103356948791289,0.9038701575650526,1.4796169207069652
1592,1650,1811,2105,74.92579110487893,12.368653813525288,14.202345510665626,13.220510267208212,0.9867862520659793,1.148253134478966
1593,2052,1870,1871,100.29831999920384,12.236330269755188,18.834680340043388,15.910043795605512,0.8886033195851245,1.539242560867901
1594,1891,2142,2141,100.44527558080469,14.556539879017917,16.15678723458909,15.274818663162788,0.9923346542168952,1.1099332237517379
1595,91,1681,90,35.01249457430822,8.0,12.426264728593377,9.73924224579414,0.8203319334452145,1.5532830910741722
1596,1120,2170,1119,42.06459586841535,7.999999999999904,12.082928118522618,10.265647063726995,0.8973015063919368,1.5103660148153455
1597,1759,1538,2068,53.40222255113753,10.735380423550115,11.919613331679141,11.147526442578043,0.9900557917892429,1.1103112196686746
1598,1583,1780,1631,160.0827809871499,17.364175337463298,20.66040272968849,19.3802642118317,0.9788682583416818,1.189829193046304
1599,2169,1117,2170,72.25514862999925,11.925232644857838,13.865543304502173,12.990725381750691,0.9850153181472147,1.162706315040403
1600,1904,1524,1697,64.39678883939493,11.20795135008071,17.325731214595535,13.38624665246438,0.7953670081529849,1.5458428283123096
1601,2168,1871,1919,55.4453188763717,10.195253706158566,12.144268893658952,11.408527261788949,0.9781809918571206,1.1911688756036605
1602,964,965,2049,31.07816661050174,7.85596596747495,12.012886374202422,9.289617447225792,0.7973904035389366,1.529141855239424
1603,2008,1106,2007,77.56086936886652,11.590536112439278,14.759916499654311,13.589936766343348,0.9593723927675164,1.2734455383658716
1604,1120,1122,2170,76.58017401475489,12.082928118522618,14.501591628207477,13.408342948776045,0.978254552764476,1.200171968744658
1605,1639,2295,2296,62.62075204081869,11.26809714725357,12.78369648863519,12.073317549980564,0.9894910871043303,1.1345035742570806
1606,1635,1654,1593,116.38332787719546,15.225016133789776,17.1243945948623,16.461054945864603,0.9891223084756092,1.1247537897091038
1607,1131,1132,2054,39.183123479624676,7.7208529001528925,11.83646081001563,9.945848578029912,0.8889054168160039,1.5330509417918372
1608,2053,2054,1617,44.8965443622624,8.684118017512397,11.78200018081639,10.414176915822033,0.9415543999070279,1.3567296249379386
1609,1129,2054,2053,33.67626797609479,8.020759450224269,10.209717792780774,8.971531753505813,0.9562727037652086,1.2729116059571266
1610,1885,1641,1790,100.01949108321956,14.363293321184596,15.7937264171349,15.235438792629118,0.9934464809766759,1.0995894927412324
1611,667,668,2294,38.89471663741597,8.0,12.653155868410554,10.125771103820853,0.8456321963927976,1.5816444835513193
1612,2121,1855,2122,99.96874500306744,14.715721627687458,15.956004906408099,15.222920697649267,0.9950379840131374,1.084282871754455
1613,1001,1002,1720,64.60515715104957,11.19854905066717,14.831584198873832,12.573439115646579,0.9285414793920402,1.3244201665563289
1614,2231,2234,825,81.63038819714163,13.238659009064987,14.770325062185663,13.785916131631899,0.9893946203687196,1.1156964653347359
1615,827,2233,826,40.7876573203821,8.0,12.776932910309082,10.32609733383613,0.8529129094629437,1.5971166137886352
1616,683,1528,1700,66.3025735281114,10.601960677784142,14.080758975184564,12.618657702880043,0.9486864036574568,1.3281278249494042
1617,172,1683,161,96.66170847933618,12.840208499581921,21.0893025330011,16.36947747141882,0.7972245360261062,1.6424423741785634
1618,922,920,921,90.19212546313996,13.427973349481467,20.470125387631427,15.827415436781264,0.7971639542857479,1.5244389346678215
1619,398,1761,397,25.43768326926096,7.316195958626576,13.243968701372326,9.520054886666296,0.6016378731068713,1.8102260759918922
1620,1898,1938,1897,95.99529877559289,14.291673126670515,15.326542207762675,14.908849002485034,0.9964916005672649,1.0724106318357456
1621,666,2294,665,31.69160774239544,7.945145206031094,11.688924902964871,9.211356702998662,0.8324574655522631,1.4712034330211996
1622,1917,1918,1942,93.83999699643913,13.805961425925247,16.545018444877034,14.877286874965685,0.9728511482995569,1.1983966878111294
1623,264,1782,263,39.02626402447085,8.0,11.563532823963152,9.82783834098444,0.9130780312024651,1.445441602995394
1624,2052,1127,2051,61.28610688087118,10.825886626215718,12.907625974519787,11.988311264005896,0.9796691286806386,1.1922927350137749
1625,341,342,1730,33.282546647520576,8.0,12.804769310641257,9.767979908484056,0.7681204931318967,1.6005961638301571
1626,804,2103,1648,117.86424531918848,15.840883342949876,17.716283970852402,16.56286908016949,0.9897745819716643,1.1183899020844181
1627,1562,2052,2051,78.8632964705164,12.231421191282186,14.921026934014815,13.628647554710296,0.9741953399322093,1.2198931506544486
1628,2168,2169,1124,56.35862729071634,10.893232868350005,12.556843651083982,11.48873168198798,0.9818259010147689,1.1527196565830842
1629,1125,1871,2168,58.1403837802014,10.195253706158566,12.636119260192592,11.72951116384599,0.9675588003599981,1.2394119483813917
1630,457,1679,456,44.29742185923669,8.0,11.93479893539104,10.521463187170985,0.8981954756267144,1.49184986692388
1631,1427,1850,1426,18.435800379428297,4.788471082403213,10.378400503800938,7.722290528734715,0.6562193982408818,2.167372492221939
1632,1758,1757,1756,100.9008250396781,14.343676437155295,16.4257988097709,15.337489923234044,0.9875188300211902,1.1451596026819286
1633,1801,1803,1666,103.39652582721749,14.499016329711347,16.175182807776473,15.50156647881903,0.9915419738274491,1.1156055307442017
1634,2169,2170,1123,64.03543713816366,11.622008000423401,13.18140019589206,12.221663494835523,0.9869482437700122,1.1341757977977514
1635,922,923,918,56.9747716100469,8.0,18.60202699008672,13.795731307809335,0.6279189215766582,2.32525337376084
1636,308,2074,2080,74.97313274883987,11.938905789685169,14.589549938073429,13.291602578114682,0.9735932768839022,1.2220173435557495
1637,512,1826,1825,85.78424845863108,13.09879391317619,15.942803739491923,14.246530851559973,0.9689335330379527,1.2171199764777518
1638,918,919,922,74.12836089438976,7.999999999999984,20.876301000380884,15.826109330155864,0.6071680559010842,2.609537625047616
1639,923,917,918,51.500943896420736,8.000000000000064,14.785166933341285,11.893724145484493,0.7948374970689954,1.8481458666676458
1640,922,919,920,79.10276805052834,7.80330337616892,20.876301000380884,16.383243254727077,0.5984684922350055,2.67531582382617
1641,1094,1907,1841,57.835912377155644,9.693657524256137,13.872440733978957,11.927601271237004,0.9197525875897564,1.4310842630107758
1642,1758,1760,1608,87.65170347289012,13.889980848293,14.702188117504466,14.239981463285476,0.9976816605837482,1.0584743260687275
1643,916,917,924,10.204174602613115,4.143623681009347,8.738595027306914,6.229478268171572,0.5555951388459545,2.10892583401258
1644,1911,1788,1629,101.67434991478291,13.095529168861045,17.244790558274975,15.61519469469844,0.9502510379170603,1.3168456452512185
1645,924,917,923,34.3473546120772,8.0,12.896005503112127,9.878200176806347,0.7759658669204356,1.6120006878890158
1646,1697,1524,2251,122.51232257566195,15.90587954254946,17.347208800689085,16.859606519278028,0.9937790331526757,1.0906161306128315
1647,685,1805,684,36.08218107168121,7.999999999999964,10.00840226583999,9.2482708049182,0.9653193004694971,1.2510502832300046
1648,512,1825,511,44.80554461839093,7.532012056254046,13.09879391317619,10.901274471820216,0.8298556729076645,1.7390829721654368
1649,2291,2209,2210,67.92835881920018,11.017570340202534,13.888270693979806,12.692156942147518,0.9649094615262145,1.260556571470412
1650,1122,1120,1121,42.5109255183534,7.999999999999984,13.640509099598045,10.760833279778387,0.8106573147935348,1.705063637449759
1651,1804,1805,1644,42.35736967764479,9.62230653457841,10.32293101186112,9.904558407784029,0.9962196368099354,1.0728125293831545
1652,1738,1739,1591,86.69856067336474,13.579138000094268,15.114608480161149,14.198083882743049,0.9910848776422874,1.1130756959724706
1653,1103,2137,1102,34.40673795799006,7.439596724825808,11.834626069292314,9.508007618443395,0.8484226296094436,1.5907617720461067
1654,827,828,2233,33.25178899103849,7.472060990133382,10.201359091199306,8.97153882442249,0.9391600720762783,1.365267106982916
1655,1085,1653,1894,82.18804430880238,12.45487670139254,15.298804793013883,13.923021632725309,0.9723486191345905,1.2283385183012991
1656,1245,1246,2163,27.96586373378703,7.437463770689538,10.469669814611159,8.476321374694221,0.8747014684607998,1.407693554874352
1657,1334,1379,1333,24.95034052006514,6.338959339095158,9.279887199338274,7.872948846144486,0.9083667883495805,1.4639449005620082
1658,1623,2270,2087,105.99373056157853,14.803198069414048,16.351346018794615,15.685054590275007,0.9932577015769922,1.104581992493859
1659,2296,2295,357,55.46866900100863,10.506477511999302,12.437241695088183,11.403938784780351,0.980249894791581,1.1837689350102145
1660,2284,2277,1774,81.5156147644537,13.26287580674344,14.175712629620303,13.735682359633216,0.9970544897848632,1.068826462388552
1661,1449,1450,1451,1.8693142110618441,1.2759891887557957,7.39185365527761,4.969585494225568,0.13601600660063196,5.793037841084949
1662,1375,1374,1376,24.1025730128309,6.456844206636784,10.046417514064364,7.991244593935857,0.8415467301889623,1.5559330831829536
1663,2292,1637,2077,100.20630571254986,14.611628151692033,16.00140326165824,15.245400608598745,0.9942639626767347,1.0951143223423236
1664,981,982,2127,54.12506529753168,7.665915577925658,14.759686612254463,12.314450159340284,0.7693991137796844,1.925365138999917
1665,2080,2292,306,62.83496566118075,10.089663023892712,14.149221894809614,12.381257221302702,0.9291317281410538,1.4023483104741665
1666,2147,2212,1501,74.17156786796014,10.978946509507931,14.926912762362656,13.396750266974768,0.9387677859230128,1.3595942697631076
1667,688,689,2100,42.40906366416554,7.999999999999964,13.952046629304439,10.869365042555955,0.789387287872761,1.7440058286630629
1668,1240,2151,1239,29.480809204625018,7.829576967204677,12.945309033375286,9.591628666859988,0.6973734471988048,1.6533855005958302
1669,1372,1377,1373,28.675063952749255,7.414770106782765,11.037238086913067,8.733399154973721,0.8388439735283028,1.4885475784092888
1670,1377,1376,1373,40.85622567894338,7.895412235708838,11.117182361641923,10.01661089475461,0.9197735964008618,1.4080559734882343
1671,2242,2123,1507,90.56445950512868,13.182752606150936,15.706197331545193,14.572058468953012,0.9799048738848353,1.1914201685175252
1672,1336,1378,1335,40.44510529416963,7.999999999999959,10.98417371510219,9.918064229451472,0.9320346393497901,1.3730217143877808
1673,641,2216,640,44.476810132285976,7.739870782802977,13.677725555252755,10.971691226723971,0.8126646946502517,1.767177507102954
1674,1783,2097,1586,84.6007237833191,12.924547530642162,14.737824860550477,14.042962554228566,0.9875381223114034,1.140297161321068
1675,1610,2039,2043,75.25189614098794,12.781931230678873,13.606178060296772,13.195706852405776,0.9973995321905278,1.0644853124885825
1676,2069,1538,2070,67.95996929743445,12.362303471209101,12.682430169923588,12.529895949210712,0.9995627196576022,1.025895392348201
1677,1088,1653,1087,45.493027353422185,7.999999999999972,13.427477157452639,10.94445976586781,0.8418586735902392,1.6784346446815859
1678,1533,2156,1988,82.07603266561932,12.218608608816805,15.51431718050141,13.962764084516722,0.9632033085942592,1.2697286309102707
1679,1593,2158,2159,75.31467017364213,11.491010916935489,15.050177318952485,13.424957772979146,0.9536338741659754,1.3097348377566578
1680,1606,2067,2069,68.71336340784616,12.405232582217316,12.854257460263005,12.60132156661843,0.9991071537095609,1.03619640946429
1681,228,2156,227,30.77466227842976,7.778586059415042,10.303700630013672,8.694095563142902,0.9243103449047295,1.3246238521128506
1682,2194,2187,1504,99.41328168156075,13.658843795763861,17.452215772474577,15.405215332660996,0.9575458298009302,1.277722773130123
1683,1059,997,998,31.084277229753543,7.800476022501512,11.64793759020752,9.149471204236333,0.8266414820382563,1.493234202195801
1684,2015,2017,1578,78.7987847626608,12.288210672782697,14.416877500855055,13.580360842380122,0.9821507231616157,1.173228380010376
1685,981,2044,980,41.30707799763637,7.999999999999984,13.321689504142931,10.55227516363711,0.8217004146816922,1.6652111880178697
1686,1958,1959,1541,84.71292009839118,12.733237051278063,15.273925363966127,14.101710392388902,0.9784087867660283,1.1995320045057238
1687,1533,2155,2156,63.01990358443067,10.286931675620746,14.155366464231957,12.368400957085877,0.9358478806403858,1.3760533179955992
1688,2164,1058,998,77.09380353968061,12.259254228201392,14.236355681085039,13.419637920687924,0.9847524731856604,1.1612742028251188
1689,1088,1089,1813,38.022380782578104,7.999999999999972,13.203153757127565,10.25989092284989,0.7981831905473507,1.6503942196409513
1690,999,2164,998,44.11467651485979,7.999999999999944,14.236355681085039,11.103493574693557,0.7850694575511319,1.7795444601356423
1691,1989,526,527,37.87048106425599,8.000000000000064,10.80849041378069,9.559154820829113,0.9430460855579065,1.3510613017225754
1692,2164,1000,1842,72.36051706154056,12.322887928443528,13.47485054729279,12.953026991339692,0.9946521100692888,1.0934815463338199
1693,1959,402,1960,41.824571516263596,9.292080709925875,10.527362127376822,9.868084422551517,0.9892748824834189,1.1329391614228457
1694,1556,1613,2044,95.66356623097741,13.879561696908894,15.737230567282534,14.922606796735574,0.9894310415646064,1.1338420413367492
1695,1563,1057,1842,60.024258973115614,10.424817007645398,13.682972213704764,12.0055314462967,0.9500596184980461,1.3125383595385784
1696,1653,1813,1588,117.00187636558489,15.66081601240104,17.382716186614424,16.48372709322288,0.992630513298279,1.1099495819917617
1697,2240,1640,2241,73.04572485268471,12.143192583067284,14.83988648954779,13.166699786075611,0.965139034217142,1.2220745399558952
1698,1158,2182,1157,40.39244784343588,7.999999999999863,10.999823855230586,9.911126729339081,0.9321855245621365,1.3749779819038468
1699,1508,1635,2098,60.07157951386072,9.192635009196303,18.17658851337397,13.627930856249575,0.6965066096421105,1.9772990546443028
1700,1356,1500,1971,39.35870203935283,7.6726843327882825,11.01013924505718,9.860402793246072,0.9123929225039696,1.4349787854567
1701,67,2018,1580,115.85162735720337,13.900053163820363,19.258683279103018,16.78746229442908,0.9332262890700462,1.3855114834546332
1702,1748,1749,2150,57.367723080213636,10.166143754373628,13.101270712159534,11.695819087396883,0.9583997068931275,1.2887158620517412
1703,2201,2202,1990,67.80071888362912,10.39793374518539,14.149488432953362,12.827240570206156,0.9348193813027961,1.3607980950547096
1704,978,2045,1613,64.73017885875257,11.296666612586769,12.97533390565952,12.287157088754768,0.9867869768867444,1.1485984627715202
1705,73,2018,72,45.99460880533777,8.0,16.367099038002742,12.143461317056543,0.6674838937056721,2.0458873797503427
1706,530,1535,1989,104.91397797980412,14.518996921267616,16.84860227153643,15.65386816235601,0.9851130785722059,1.1604522242756574
1707,1353,1354,1355,40.12697133234921,7.999999999999954,14.157233056427131,10.79478833853958,0.7533648596177476,1.7696541320534016
1708,2127,2126,1869,63.58678548508028,9.695577537032138,14.246253045824815,12.565041778110057,0.9062545388788528,1.469355795610053
1709,1886,1933,1885,127.62888616461777,15.715066901138453,18.480881544654352,17.281161042063918,0.9825511722743601,1.1759976372302643
1710,1353,1355,1971,73.80885112493597,11.27274279450062,14.359832258296072,13.263269369741273,0.9581342390952067,1.2738543334193237
1711,1720,1002,1003,56.49934275905724,7.999999999999984,14.831584198873832,12.459294713732357,0.789874994316806,1.8539480248592328
1712,1728,1908,1729,48.49098532412042,8.356874584432736,12.387476125457027,11.009104943518585,0.8978968477852004,1.482309684117138
1713,1924,1933,1931,116.2688536845948,15.184849430267052,17.131602039913222,16.456809067902288,0.9884953102375759,1.1282036162812272
1714,2127,1869,1916,81.60176767249644,12.051742018023582,16.62826828311965,14.144435017538816,0.9254485048412654,1.379739813402228
1715,1540,2040,2041,106.11653982550486,15.136362179121061,16.101095808343278,15.669750904626142,0.9974124404775865,1.063736161820504
1716,1003,1009,1720,68.90920327171759,10.760878137674581,14.546299942323257,12.894913205878291,0.9428586943305228,1.3517762915087432
1717,1447,1448,1452,28.87352689845051,8.000000000000032,8.384705457545659,8.170570615583413,0.9984534375628489,1.048088182193203
1718,1451,1448,1449,11.719937614108076,3.8448743158671936,8.000000000000028,6.028595984836841,0.6896856180704111,2.08069220025874
1719,1452,1448,1451,14.455911923504818,3.8448743158671936,8.127006389204547,6.50998836801032,0.7259818034623414,2.113724850683848
1720,1453,1446,1447,28.87352689845052,8.000000000000032,8.384705457545662,8.170570615583413,0.998453437562849,1.0480881821932035
1721,1446,1454,1445,28.873526898450393,7.9999999999999485,8.384705457545696,8.170570615583399,0.998453437562848,1.0480881821932186
1722,1454,1446,1453,28.87352689845051,8.000000000000025,8.384705457545662,8.170570615583413,0.9984534375628489,1.0480881821932044
1723,1453,1447,1452,28.873526898450507,8.000000000000028,8.384705457545659,8.170570615583411,0.998453437562849,1.0480881821932035
1724,1366,1365,1367,23.862795364320633,6.303010698677859,11.673763849348985,8.6589248493423,0.6888460584392859,1.8520932943676762
1725,1826,2094,1584,82.20289783088208,13.291136962699794,14.38626973303999,13.800559481279642,0.9957055246318895,1.0823957177940138
1726,1367,1362,1368,47.45912631594881,7.397452283087232,13.439041837179063,11.370300096978163,0.7989660015567,1.8167122034574923
1727,2071,2072,2066,92.36464019469099,14.15491282729141,15.342783070180944,14.63272024277316,0.9950011528090602,1.0839192905942352
1728,65,2265,2267,55.18342174209634,9.79015490886431,14.951826129741173,12.00509127965544,0.856280743372532,1.5272308016498621
1729,1361,1369,1368,40.833333333333414,7.999999999999986,12.676010874074874,10.298623902128044,0.8595520808097966,1.5845013592593622
1730,1363,1367,1364,48.32128658105511,7.402539430437468,14.539225895455722,11.678534581084326,0.7649741826139336,1.964086247980512
1731,1600,2293,1526,106.13029860507858,13.864629460245817,17.044380384003407,15.830624528019499,0.9703879504026486,1.229342654477346
1732,2190,2015,1578,83.07622548385729,13.336918490260965,14.227350302503918,13.866754382089164,0.9970014635467637,1.0667644338452824
1733,1445,1454,1455,28.873526898450425,7.999999999999969,8.384705457545696,8.170570615583403,0.9984534375628482,1.048088182193216
1734,2121,2122,2118,82.84801981767765,12.143767913795513,15.17093201267647,14.010140518053149,0.9660156911717173,1.24927717001591
1735,1455,1456,1444,31.15704178230342,7.43557653654206,11.02983198838203,8.950037994156576,0.8730589329140713,1.4833862490925944
1736,1443,1444,1456,43.190355937287734,7.9999999999998685,12.232462772631516,10.420764920337804,0.8924550711991065,1.5290578465789646
1737,1456,1457,1443,45.512129573895095,7.442950021904425,14.455927331030896,11.377113375188946,0.7616276976813363,1.9422308746515087
1738,1455,1444,1445,28.873526898450454,8.000000000000028,8.38470545754564,8.170570615583404,0.9984534375628492,1.0480881821932013
1739,1458,1442,1443,47.46558432724201,8.000000000000034,14.134530357018718,11.335085277222404,0.8125820829661442,1.7668162946273323
1740,1442,1459,1441,24.838167329272288,6.75676029175522,8.18744787776588,7.648069389840377,0.9739414202558963,1.2117416519506283
1741,1459,1442,1458,32.656517965715494,8.000000000000007,11.870725474648458,9.35272445080478,0.831962870863176,1.4838406843310559
1742,1458,1443,1457,51.01809469017465,7.396312439602379,14.455927331030896,11.995590042550665,0.7626559124294724,1.9544776466755152
1743,1460,1441,1459,10.029100967745753,3.043734729740288,7.999999999999993,5.9334983404985,0.5842981998290513,2.628349941876376
1744,1461,1440,1460,0.7638707176036297,2.7642043763615125,7.790698411902546,5.197393276900168,0.05647479889048254,2.818423441669441
1745,1441,1460,1440,2.210750331302598,3.043734729740288,8.000000000000028,5.360337257392253,0.15527943470666555,2.6283499418763876
1746,1624,2284,2285,80.83875797357106,12.910214589196615,14.155576099902447,13.696451057362339,0.9935305239235306,1.0964632696150505
1747,1369,1360,1370,40.83333333333303,8.0,12.676010874074793,10.298623902127984,0.8595520808097994,1.584501359259349
1748,1337,1371,1357,6.881512292131491,1.4761276644146195,10.690292544377687,7.405792547764904,0.21921945205493873,7.242119229990235
1749,1500,1338,1971,29.7648541084755,6.585998166243455,10.898384801892748,8.845623955503305,0.8448131336182323,1.6547810258667301
1750,1541,1956,1957,78.5244521340364,12.56089743390001,14.14091518302047,13.516816108851279,0.9900041649140117,1.125788603675421
1751,1359,1358,1371,41.589762642241546,7.45456750185771,14.68589909864436,11.164466876862283,0.7201122056315478,1.970053808619289
1752,1371,1358,1357,40.93942956259514,8.0,11.352934030084784,10.014408858154157,0.9233822790955425,1.419116753760598
1753,635,1986,1531,53.02562827293998,10.568240826198945,12.116578893759266,11.135739376612477,0.9836754954267113,1.1465085905046704
1754,1914,1857,1598,55.10554212074703,10.002917784861292,13.172120149569519,11.513084706828733,0.9480365404549138,1.3168277929370358
1755,1008,1004,1005,53.92581890601889,8.0,16.585802410025167,12.723073925812727,0.7135415810670248,2.073225301253146
1756,1971,1339,1352,59.82834082011235,11.366908136767712,12.405706909357098,11.78106695938404,0.9940436533216013,1.0913879799229889
1757,1882,337,338,49.61341558962815,7.999999999999886,13.932721558624584,11.48193671097367,0.8288724089672295,1.7415901948280976
1758,1855,1853,1740,80.70809862709012,12.637490577491668,14.545935585644582,13.720421692961487,0.9867501789129544,1.1510145543888277
1759,1210,1832,1685,76.88433829986728,12.485726616948044,14.472788091497389,13.402364652585055,0.9848219600661032,1.1591466428435266
1760,1003,1004,1009,42.07603757984688,7.856907685818991,12.69638428587249,10.43805670312202,0.8606118897078815,1.6159518214511186
1761,1401,1402,1403,18.205916335364236,5.4447732080473195,8.0,6.738276809248983,0.9043230904273848,1.4692990312573684
1762,1403,1400,1401,1.4680722564346953,0.6450967825587668,7.2605758621918,4.891909954816732,0.10277393139948543,11.255017942257957
1763,1903,1632,444,89.69527189936304,12.776677332754256,17.097843673823494,14.745337884859119,0.938949571010954,1.338207362409592
1764,1697,1834,1904,60.04476400793833,10.88108399552715,14.195834662632775,12.094956669413547,0.9337080925282795,1.3046342320735882
1765,1879,1878,1582,66.22736674460455,10.266728499523106,14.044616380805579,12.6825900925831,0.9338354907622538,1.3679738761435014
1766,1343,1350,1342,47.39962497220584,7.99999999999997,12.82775675414349,11.024441564060742,0.8676080741662319,1.6034695942679422
1767,1344,1350,1343,37.658597081740744,5.96069359293301,13.180059749679913,10.656170032252136,0.6979929742328751,2.2111620978649484
1768,1340,1341,1351,36.16601168138823,7.999999999999948,10.076492020784698,9.263530221230653,0.964086393457529,1.2595615025980955
1769,1933,1924,1641,116.30553193360242,15.636211641135686,17.05397573352659,16.420068945317524,0.9949297291731622,1.0906718407840588
1770,1809,1810,1536,55.753614724703056,11.11382638993265,11.698731425498703,11.355487699394475,0.9980480358385972,1.0526285920838105
1771,1345,1350,1344,47.184702616374615,7.391041763719491,13.416792242223282,11.329297918540895,0.8005480057879404,1.815277557770337
1772,1005,1006,1007,19.853642217484435,5.660976084017753,10.713478418352368,7.933335167980723,0.6810620467553734,1.8925143401681204
1773,1881,337,1882,61.893128457360305,11.683019898358364,12.513088574296537,11.974389200402271,0.9958520512395006,1.0710491536571645
1774,1093,1841,1716,50.98987775036912,9.86151497564598,11.97706153792571,10.954156344886563,0.9752710765848411,1.214525513321664
1775,1092,1716,1091,36.422165426546464,7.999999999999944,10.185504479998487,9.305877709655618,0.9614466565762767,1.2731880599998198
1776,1627,1786,1881,72.05440882660189,12.64592393572303,13.328401881014358,12.910318965604821,0.9978218204261342,1.0539682152731775
1777,2218,1911,1629,87.47418067723534,12.512421283073655,16.505264356959298,14.497207459487482,0.9491911760986679,1.3191103451165775
1778,158,1831,1656,87.31646108393309,13.065049953784216,16.965764296913754,14.550294071022252,0.9393006391062136,1.2985609972352015
1779,1716,1092,1093,35.502526422332565,7.926228542504484,9.86151497564598,9.173290722372963,0.9653823766935327,1.2441623305161467
1780,1939,1095,1096,41.97381865691989,7.999999999999924,13.197327463617205,10.563594243124049,0.8349644816123057,1.6496659329521663
1781,1719,2130,2131,97.82358621260757,14.134004169389861,16.170412998249347,15.101028181575574,0.9876559093632222,1.1440786916753396
1782,1828,1825,1584,74.49057748224986,12.329974468305954,13.700361154317768,13.15482486112613,0.992083117003691,1.1111427026499021
1783,1841,1907,1717,73.50846286980449,12.216705555475915,14.547849039914809,13.153140466908402,0.9755465147334047,1.1908160488810342
1784,1805,1804,1528,39.563642844145484,9.238435078932671,9.84448730294881,9.568409638819963,0.9972842129691807,1.065601177995847
1785,1939,1097,1098,34.38321416498382,7.459854557039642,10.34454068329386,9.14285690455951,0.9331339615916168,1.386694687436235
1786,1707,1706,1838,87.42686215044851,12.754343451014181,16.124312034456093,14.412162527122566,0.9632594263925459,1.2642212510886983
1787,1639,1787,1788,71.0213833498023,12.4958239207024,13.305975908181715,12.821508951981016,0.996983647203629,1.0648338190919209
1788,1939,1096,1097,34.45695624083012,7.422181756608294,10.493455265755019,9.179937498569446,0.9259138599121973,1.4137965910646468
1789,1907,1099,1717,67.21729164946463,11.580632677213387,13.276455529022806,12.517318337190224,0.9876151058009426,1.1464361144228503
1790,202,1780,201,38.78560814391859,8.0,12.510530022545634,10.069131624731614,0.8543027839850422,1.5638162528182042
1791,1856,1854,2165,66.16150141534304,10.500761757915065,13.755244463374591,12.602593353665645,0.9487853452801059,1.3099282490631143
1792,1893,1653,1588,86.8953344209574,12.108435747850963,17.382716186614424,14.675846438808952,0.9120544551173945,1.4355872673065597
1793,1650,1809,1649,76.14858385637116,11.387335938056315,15.584371195017848,13.589409908147928,0.9372606785139075,1.3685704259356308
1794,1011,1565,1721,77.66804957875185,11.889287521631832,16.506271856178298,13.861477476996816,0.9155120592057838,1.3883314560394089
1795,1748,1515,2148,62.75345851239943,10.72847492887806,13.350353213981569,12.180387622855724,0.9690773904033957,1.2443849943710215
1796,1110,1767,1618,61.526602808065704,10.845531948238925,13.00690758757874,12.017646211754476,0.9784496292827632,1.1992871949163153
1797,1597,1751,1748,78.77543180769234,12.313849784442462,14.42829257674474,13.57556709769969,0.9827103834905914,1.171712569936796
1798,1565,2014,1056,99.45568423520422,13.88892196189635,16.72190017424574,15.288894869646725,0.9770068901474431,1.2039739455748646
1799,1232,1816,2165,83.50132623737848,12.335453012072831,16.32792729366142,14.192224186889518,0.9447530527298783,1.3236585050975522
1800,2014,2013,1564,115.20527626074593,15.349425128684333,18.052647012423385,16.442768209066156,0.9791666860139774,1.176112255740926
1801,1055,1056,2014,44.09952389437862,7.42488335007985,15.255862472798084,11.58406111077887,0.7046531963240207,2.054693892616376
1802,1579,1726,1727,77.42959716109527,11.994067716960275,14.507813810160568,13.496138556324025,0.9754354198623572,1.2095824496343068
1803,1046,1047,1045,23.364216317293305,6.288543354919724,10.030040361680923,7.920941118885523,0.8277181938715901,1.5949703763804235
1804,558,1662,1645,74.288439408732,11.757657030777384,14.896153395885317,13.289934280141628,0.9623879550418327,1.2669321240526459
1805,1680,100,1681,62.52776922473437,10.536355565300667,14.082860458755976,12.28361511177473,0.9438955059387268,1.3365969258986472
1806,1047,1048,1045,37.17321609896576,7.679458963121124,10.92252830153597,9.544009208779338,0.9235010566677546,1.4223044037332522
1807,2143,2139,2140,65.51723228150537,11.103352764985754,13.085510711173747,12.395975056142282,0.9793438379173056,1.1785188661607418
1808,379,1663,378,30.722663138074417,7.848630316570686,12.306165967582082,9.384932094717584,0.7683033685900688,1.56793803137858
1809,1049,1044,1048,42.61776652781805,8.0,11.405197051947345,10.25383034346779,0.9140074083425548,1.4256496314934182
1810,92,93,1682,50.62135913142856,8.0,18.67966844353723,13.52522346597727,0.5787101463598799,2.334958555442154
1811,1698,1524,1699,102.35089328529173,15.101443486920715,15.774008655058612,15.382364007456923,0.9986084421080522,1.0445364821396315
1812,1651,1539,1811,99.31332878525987,13.11446293108242,16.689907385637692,15.377768216434438,0.9594056301551206,1.272633692538118
1813,173,1831,1683,66.4299165989573,10.672105194652913,13.910545522493562,12.602880399753735,0.9542134111556073,1.3034490635889926
1814,1438,1739,1437,37.516531832119895,7.999999999999999,15.635670938385111,11.347632866159442,0.6236366728276377,1.9544588672981391
1815,1877,1934,1935,61.92624862906693,10.653871503791551,13.774476284055874,12.167769675469087,0.9554427962646155,1.2929080549876866
1816,1909,1849,1951,84.49714568619042,13.251421875492337,15.850163956696552,14.139948112183518,0.968900413547965,1.1961104329498726
1817,1900,1204,1901,64.20113839710046,11.615175087588574,12.768445250764707,12.203726211883426,0.9940550175716608,1.0992899508168812
1818,865,2262,864,41.87336843392609,8.0,11.704715697056189,10.17728093166161,0.9116359082879278,1.4630894621320236
1819,1070,1071,1069,37.716528223662074,8.000000000000064,14.828442421230179,10.955662497686953,0.6793300758138835,1.8535553026537575
1820,2083,1608,2061,88.93372639255901,13.530707178615595,15.270679757813186,14.384417772026937,0.990198734555923,1.1285943562467677
1821,1955,1541,1959,90.07785190208241,14.028463850434807,14.995671507292416,14.440701373216578,0.9967701508362152,1.0689460847010437
1822,320,1874,319,27.794179186332002,7.394356999816826,10.90107719256721,8.609901543938669,0.8362328924493109,1.4742427492799242
1823,1771,866,867,40.14549901735131,8.0,11.694583440125577,9.975910860110117,0.9104871303865277,1.461822930015697
1824,1803,1802,1888,84.70562371219455,13.039636396330764,15.946737684909344,14.173557479813221,0.9660086395124844,1.2229434318733468
1825,2262,866,1771,85.4365490515317,11.694583440125577,16.77257920796037,14.49408493899449,0.9197963472599573,1.434217755068689
1826,1502,1688,1803,66.76076324326115,11.875175048937043,12.93912629637423,12.439648685688914,0.9951059773174749,1.089594573810718
1827,1878,1781,183,49.810030712755456,9.224758479029651,11.932461134796464,10.908701650720728,0.9550953748581387,1.293525587897195
1828,2262,2263,862,72.7892008245039,10.754641098141212,15.39049211484643,13.369843993501922,0.9210357521563386,1.4310558552722377
1829,864,2262,863,44.15309416364346,7.778274437156872,12.377239807630314,10.620076647281126,0.8722650829410469,1.5912577921529938
1830,1921,1875,1573,92.96514275635894,13.397084999556034,15.541190517449484,14.740836849717425,0.9839037086541013,1.1600426897317218
1831,1984,2198,2199,91.94518629478007,14.040395363742977,15.576956727097738,14.621580716400759,0.9910581739521929,1.1094386107760668
1832,1572,1926,1929,63.265577252285865,11.440216002578895,13.09368071636756,12.149671518702164,0.9865488031441482,1.1445308998899963
1833,1851,1591,1438,79.97740769355575,12.27838617280764,17.20682338057783,14.184595615405428,0.8971513432326708,1.401391285337235
1834,1775,1874,1776,88.20960922209909,14.128658995875588,14.565400695636665,14.277175172753317,0.9991764033226849,1.0309117588504733
1835,1066,1068,1071,78.1803364151657,10.099081639090098,16.42263996308956,14.22659083443206,0.8559873706311737,1.6261518175596408
1836,182,183,1781,39.38989190440086,7.999999999999984,11.568885338336063,9.867788583854198,0.914150212886941,1.4461106672920108
1837,618,1804,1644,55.259617344155174,10.32293101186112,16.44389444611133,12.562793709553809,0.7714937176035579,1.5929482069789267
1838,1068,1066,1067,55.150162372171536,8.000000000000064,16.42263996308956,12.746997295603819,0.7282789805541081,2.0528299953861784
1839,1506,1737,1850,64.71782445886627,10.51436647127053,18.473713041657316,13.90759300092567,0.7302546914682336,1.7569972562907064
1840,1855,1740,2167,78.7819972031298,12.660601771556781,13.977838915748212,13.528670682034226,0.9920250220065122,1.1040422223176412
1841,1038,1039,1037,42.097852842877735,8.000000000000064,13.718778389826827,10.757868515323826,0.8021316140746366,1.7148472987283396
1842,415,1760,414,31.77676952262309,7.705401628116467,13.7941541144179,10.134109365057133,0.6693474674509162,1.7901927479138797
1843,1719,1553,2137,93.40495523703804,12.832286557732479,17.704179730589022,15.117687711767077,0.9276004849287184,1.379659007062996
1844,1610,2105,1811,72.69715845540219,11.564892533399732,14.202345510665626,13.093873105312161,0.9721455371353981,1.228056851341148
1845,1039,1040,1723,34.6084575230119,7.999999999999984,9.97489034570387,9.048090794606372,0.9684881530267684,1.246861293212986
1846,295,2064,294,33.560982644483204,7.81266305894168,11.927063336004748,9.4478270511837,0.8384527133916828,1.526632243835742
1847,1288,1984,1287,40.24327202745655,8.000000000000021,11.769867606557632,10.002336672568026,0.90721567703848,1.4712334508197
1848,1568,1620,1772,111.8865461621638,13.971171650950135,18.42338534554206,16.378166863094616,0.9513183905497385,1.318671461909148
1849,1056,2012,1565,71.07636822462266,11.747705171006375,16.72190017424574,13.523944950687804,0.8729593007753212,1.4234184405236692
1850,868,1620,1771,95.48044799160778,14.165853338690475,15.477013355796757,14.87852082469742,0.9947633492966137,1.0925577856665492
1851,2092,2091,1630,74.48260381355172,13.048604797529878,13.230499234351331,13.11602761984175,0.9998454043774652,1.0139397613494958
1852,869,848,868,11.240199972557548,3.9740108112441437,11.169313399583501,7.714441403609214,0.3807176209899418,2.8105895857104435
1853,2147,1685,2212,85.35056545383385,13.263240861035605,14.68255178876427,14.076728059617864,0.9929329675460392,1.1070108688064528
1854,1721,2012,1563,56.5150460359491,10.042727914825287,13.006966312378266,11.61436265648043,0.9570446436959532,1.2951626712078008
1855,1527,2038,1700,69.99007915668852,11.38469081605932,15.669050355154692,13.154116095637084,0.9164656207288387,1.3763263849951748
1856,1723,1037,1039,54.046604034348206,9.169382038115257,13.718778389826827,11.6238546830426,0.9003604074020345,1.4961508128683758
1857,848,849,1620,48.769977269535076,7.999999999999863,12.875450428965275,11.221691934289792,0.8589978863196444,1.6094313036206869
1858,1040,1041,1723,37.755865769978364,7.625377278543401,11.805692661448195,9.801986761898489,0.8806848693922912,1.548210957989913
1859,1584,1825,1826,82.72182656356198,13.434138960754668,14.38626973303999,13.839467865268821,0.9965877813077684,1.0708739707894042
1860,2042,2039,1540,78.59828154809351,12.567374891189456,14.733532445693553,13.563992971949938,0.9823359699744239,1.172363566238699
1861,385,1809,1536,72.30170010426687,11.253905282752074,14.662373534793426,13.14389519150046,0.9554055902438144,1.3028698186455532
1862,1699,1555,2125,115.36500721035489,14.921494370959039,17.662505599591245,16.43784912184311,0.9813127412204924,1.1836954905781354
1863,1987,1986,1530,64.16510075897916,11.675413670272556,12.545667637270764,12.189762979369661,0.9963279228195236,1.0745373133299774
1864,1001,1720,1000,30.112184738223807,5.679195188520325,14.090505105212122,10.32274978146654,0.5856864797172903,2.481074278569268
1865,2091,2093,196,41.24747997927139,9.136359148321583,11.046478459431684,9.876088318003843,0.9696555869809599,1.2090678879957346
1866,2016,1577,486,62.867107753303486,11.311609151286714,12.94421024194995,12.10526084913309,0.9877724920126406,1.1443296942838168
1867,2065,2066,2067,69.40651185412514,11.316938795798771,13.89433118982956,12.793127418941951,0.9723728593889926,1.2277464286532682
1868,1010,1720,1009,42.35960850679966,7.224299490839772,13.377561537637039,10.785076149035993,0.7947004852126823,1.8517451490763148
1869,2041,399,400,39.008943403164494,8.000000000000025,11.500751783817373,9.812371918704377,0.9161462760788603,1.4375939729771672
1870,2013,1013,1014,36.42881472778122,8.000000000000044,13.783960810355763,10.396225237090748,0.7370097956230733,1.7229951012944609
1871,322,1626,321,48.049385270670605,7.455050916914227,14.264901252166228,11.560142327285833,0.7795443246436252,1.9134545707530477
1872,2055,2057,1054,69.28683794155074,11.807878149429973,13.472839832368424,12.704326925864708,0.9885153326080439,1.1410043076214185
1873,1872,2013,1014,64.4213203348852,9.60226217696039,14.886364881549667,12.757529289621942,0.8859064743999543,1.5502976910240922
1874,2013,1872,1564,95.16022779760914,13.874412404906822,15.926232486090752,14.895669924182414,0.9873325539189297,1.1478851875887937
1875,2119,2122,1686,58.14749944018779,10.287736913709876,14.295961247128595,11.997280819654534,0.9148417444308667,1.3896118618738382
1876,1770,1015,1016,46.90489670907109,7.513233192164927,13.539078887769989,11.24811794312677,0.8107075614589017,1.802030968756438
1877,1570,2071,2066,96.08375973606199,13.639879562637931,15.990965950484357,14.991209527767744,0.9830608525502768,1.1723685591980204
1878,764,2150,763,32.067739681879715,7.480188114570858,9.481067669334065,8.732398957223666,0.9611733259255922,1.267490539558175
1879,1735,495,496,48.49038445966823,5.859562500934097,16.845678698464596,13.159463398964538,0.5604325622594237,2.874903833823627
1880,1565,2013,2014,105.75502701966708,13.88892196189635,18.052647012423385,15.912435464561732,0.9536470629696979,1.2997874897670267
1881,2076,2077,1637,69.30582436647133,11.054080272847125,14.611628151692033,12.899609303225203,0.9497784480300252,1.3218311963577423
1882,1540,2039,2040,96.53296856581127,14.394061753122477,15.771794726414088,14.966462975076707,0.9937364350132828,1.09571537186109
1883,311,2211,310,26.087149819165955,6.523387355511153,10.433890433012992,8.31909259617479,0.838996047199438,1.5994589719094527
1884,1949,2179,2181,97.1494998232459,14.714187448602857,15.154419214437683,14.982212085364097,0.9993478471735725,1.0299188635031713
1885,1770,1016,1017,36.53301919862882,7.429124470921193,12.692041749445393,9.99137510609369,0.8077217358012888,1.7084168934204988
1886,1347,1348,1346,40.83333333333303,8.0,12.54622011229359,10.2596535121563,0.8674861024799256,1.5682775140366987
1887,1346,1349,1345,40.833333333333485,8.0,12.546220112293666,10.259653512156364,0.867486102479924,1.5682775140367082
1888,2266,2265,75,81.18534307199388,12.129377069113067,16.164928849554673,14.009328952686873,0.9420941511484701,1.3327089064382345
1889,1019,2058,1770,78.4059886076564,11.605799180199224,16.49767009644015,13.92777373148712,0.9144900647400599,1.4215022886650492
1890,1675,1022,1023,48.8120518100712,8.000000000000004,14.36386873417163,11.52473978614598,0.8063162149864405,1.795483591771453
1891,1024,1052,1023,43.15066038979084,7.393547119112046,14.041281508381003,11.038193005599624,0.7700328403444849,1.8991265332014735
1892,2209,2291,1623,78.96219868285363,12.275332219795205,15.966080847215292,13.804014286423572,0.9447404912524707,1.3006638485489121
1893,1019,1770,1018,33.51162206377785,8.0,13.679851917821985,10.172604703880006,0.7051686924829559,1.709981489727748
1894,2058,1021,1675,101.6754445037738,14.558933905771667,16.060636790550586,15.360345245980186,0.9936028177791704,1.1031464868580516
1895,1052,1675,1023,71.69893745746504,12.210350624266313,14.041281508381003,12.944388028662393,0.9845397696097239,1.1499490834010924
1896,1021,1022,1675,53.997246723696435,7.520443594176206,16.060636790550586,12.648316372966141,0.7182953220386586,2.135597001616748
1897,2279,2286,2290,62.36615034317058,10.755494465496522,14.502019928346476,12.344692880095215,0.9298623241148584,1.3483359574837546
1898,1696,1985,1523,87.18303282144942,13.50448185247907,15.727490741856498,14.304483698881791,0.9791118243230443,1.164612675529594
1899,1541,1953,1956,84.50746632233256,12.798168567383948,15.308355052274884,14.0824796008931,0.9789009485511084,1.1961363824577316
1900,1052,1024,1051,40.27594059967312,7.1736287742214655,15.296633035897399,11.383337399808227,0.661444376057686,2.1323424332837044
1901,2036,2038,1527,71.92957964252604,11.226757821152857,15.669050355154692,13.299585542238269,0.9217714682134889,1.3956879274292266
1902,97,1682,96,51.4619742019052,8.000000000000114,14.983244997529606,11.95090893089113,0.785118646569796,1.8729056246911742
1903,1041,1042,1567,58.71608034498119,7.393368861512135,16.94753166036764,13.431135408146408,0.68212954371975,2.2922610758123914
1904,2230,2228,1043,78.95944201338656,12.672107291651503,14.982835047692117,13.618562591127052,0.9780445770647486,1.182347553004301
1905,1556,2046,1613,109.16944908750472,15.15102812601529,16.3508872310431,15.90448714176462,0.9955624897057853,1.0791932464944458
1906,1665,1064,1065,37.3165722171841,8.0,10.541820376405072,9.45657917933403,0.9514896338259062,1.317727547050634
1907,1029,1567,1042,108.24946940010338,15.060470762791716,16.94753166036764,15.872643408083237,0.9897953471194645,1.125298931706576
1908,2230,1051,2228,70.8119250699459,12.672107291651503,12.959668003933228,12.789796663408202,0.9996277002134698,1.0226924145813674
1909,1661,267,268,54.60897646073772,8.0,16.11070436506529,12.591394871041475,0.7414903145472335,2.013838045633161
1910,1208,2147,1207,38.34324064844211,6.094283186207017,13.381875273239089,10.717830541449885,0.7047727978750473,2.19580791774262
1911,1036,1567,1035,57.14196646812577,7.391072903232999,16.709585410458978,13.199718504438792,0.6896558433643201,2.260779406349771
1912,856,857,1846,34.000253149210735,8.000000000000057,15.590071340940003,11.162279934186571,0.5816365097284439,1.9487589176174867
1913,2089,2092,1630,61.24816600480236,9.674161564823196,13.943337573263548,12.282666124146026,0.9163972545417314,1.4412967449255512
1914,2179,1634,2180,61.60302628326934,10.822124196077754,14.488760085510881,12.282174029383475,0.9275935258280822,1.3388092599013066
1915,2123,2120,1507,56.01961780754558,10.059607529751176,13.182752606150936,11.592888191300075,0.9511068195933458,1.3104639089709111
1916,852,1873,851,44.56033327152716,7.712600396896973,12.908625722014007,10.780408329333598,0.8493648203994358,1.673706021020817
1917,1845,861,1722,40.85003608274445,8.3580046002327,11.094187172701977,9.9034775794907,0.9491851969367956,1.3273727047713155
1918,2208,2207,2206,76.02396455184123,13.172612339616103,13.354296705465078,13.25093703770775,0.9998671833620216,1.0137925842774986
1919,1873,856,1773,93.99444278173237,12.7491554261003,17.49643833378787,15.120775657112612,0.9340640705205078,1.3723605798991867
1920,1676,1035,1567,106.44015717451617,14.893541244193027,16.709585410458978,15.732921681234671,0.9908462272922653,1.1219350144126417
1921,1025,2228,1051,86.37921700245379,12.959668003933228,16.655711101212887,14.424529725744824,0.9470501945079536,1.2851958164482238
1922,2230,1049,1050,35.09885907220932,8.000000000000114,11.104147643623662,9.319958509194047,0.9151231663875098,1.388018455452938
1923,2229,1027,1028,32.03048960879163,7.440867966001494,10.268223014571488,8.83795747231758,0.931130975872904,1.3799765110049833
1924,2229,1029,1042,72.40940424100965,11.500416365033834,15.060470762791716,13.187773728802895,0.9498739978288644,1.3095587398541468
1925,2087,2211,2088,73.44703222031191,11.083094498918749,14.43683461434534,13.272171551273575,0.9499792909073785,1.302599613831117
1926,721,2238,2236,77.57425096771289,12.237339545225987,16.469166478636375,13.833900314896136,0.9191850124211005,1.3458126595058237
1927,2228,1025,1026,49.25305758887953,8.0,13.658210072088352,11.382519573329516,0.8393839227545858,1.707276259011044
1928,1026,2229,2228,64.24538179037481,10.982834134406332,13.437978764228095,12.303387182178206,0.9735759766599476,1.2235438138986767
1929,1030,1031,1033,36.10221472850718,7.853226447253734,15.014846404800037,10.96722963991918,0.6449935342164712,1.9119334588971029
1930,1625,2291,2210,57.801330272822504,11.017570340202534,12.264951469144268,11.58867945136568,0.9920044997205074,1.1132174418156522
1931,2266,75,76,47.74559932836169,7.999999999999984,13.290648392497921,11.140008487203659,0.8530754887895979,1.6613310490622435
1932,1033,1031,1032,23.638739799441097,6.350957034267335,10.033616067703766,7.946078749460978,0.833178979038339,1.5798589115886332
1933,852,853,1873,44.977440423890044,7.5634203827413415,12.908625722014007,10.878271394051543,0.8381852115899454,1.7067180017482129
1934,866,2262,865,41.87336843392609,8.0,15.015092168897523,11.280739755608721,0.7133555595929326,1.8768865211121903
1935,2288,2289,2273,42.75846352531164,9.064485320833358,13.723522657170077,10.755102077011893,0.822158147197648,1.5139880722878576
1936,1873,853,854,44.89046577138456,8.000000000000057,12.16276807739928,10.621214503399093,0.8915469181840155,1.520346009674899
1937,854,855,1873,41.25231053466732,7.913296659232538,11.700875432797947,10.1200279459082,0.9073000624318046,1.4786347506821187
1938,2276,2288,2273,30.537858863511786,6.497555823075536,10.785148632416442,8.920000902841409,0.8518891135496031,1.659877794987751
1939,1033,1034,1676,32.08922671381099,8.000000000000064,15.055296828254114,10.791076561430836,0.5889510635572786,1.8819121035317492
1940,1030,1033,1676,90.62833468381902,13.488970490687148,15.055296828254114,14.519704574580436,0.9902716148208724,1.1161190424909273
1941,1051,1024,1025,60.96995513583397,8.0,16.655711101212887,13.31744804570343,0.7341196808815934,2.081963887651611
1942,1846,1773,856,90.67644685102414,12.7491554261003,15.590071340940003,14.641538322167671,0.9687418674742293,1.222831695111641
1943,1563,1720,1721,80.42803218763079,11.793393742237742,16.61325057855624,14.080040728897286,0.9188265450912306,1.4086912505139468
1944,1008,1005,1007,42.829958986340216,8.000000000000025,13.583419367413015,10.765632595255136,0.8168030340421057,1.6979274209266215
1945,1013,2013,1012,36.42881472778134,8.000000000000064,10.719130053955777,9.374614984957427,0.944034903644559,1.3398912567444614
1946,1813,1653,1088,86.03239685292003,13.203153757127565,16.407649080653176,14.346093331744461,0.9554664412768163,1.2427068094844917
1947,1846,858,859,32.99079457709349,7.41897409521234,10.783390307456589,9.06452239643147,0.9064202554402805,1.4534880657442106
1948,422,423,292,2.078165179359303,0.7347423453754006,8.535368007972819,5.756703451116073,0.10479441073743623,11.616817870503786
1949,1617,1562,2051,79.85488230808461,12.622863203840948,14.598315247882415,13.651557663519085,0.9860878463509811,1.1564979364935497
1950,292,293,2063,32.499068751040596,7.631567327998429,9.631269052535638,8.779464999857415,0.964829037687476,1.2620302800973495
1951,294,2063,293,38.041278688215925,8.0,11.507227575868269,9.712832209467969,0.9114042114888178,1.4384034469835336
1952,2172,1840,1718,72.7321764897075,11.781850662685466,14.366532009105097,13.089195003470342,0.9740598731391935,1.2193782131873074
1953,2078,298,299,36.5612728328196,7.999999999999984,11.701242867450267,9.622630187749493,0.8889525421267348,1.4626553584312862
1954,2036,1602,680,76.88667966719781,12.194210348060574,15.587019742963243,13.583707927608023,0.9514432836208802,1.2782311685678176
1955,960,961,1616,40.760573651966126,7.719875545117495,11.87836734884047,10.133880533629169,0.889705838563656,1.5386734254223893
1956,2085,296,2084,42.84404081023003,9.091900623204975,11.086412584905535,10.049605812580323,0.9732773427868402,1.2193723891581074
1957,1702,1836,1837,84.67101273813508,13.155022610625458,14.954948101160946,14.04183278899638,0.989004075096772,1.1368242034857217
1958,416,2059,2060,70.87490707894108,12.158071289246159,13.742535153339533,12.84691945658578,0.9890952625360484,1.1303219751223894
1959,301,2077,300,46.841301891857185,7.582216095200411,14.6354437229812,11.525337847694532,0.7646430187575004,1.9302330003817123
1960,1898,1948,1634,56.558537714094506,10.121037343054487,13.004453330692538,11.609647557735679,0.9591871461805677,1.2848933256448047
1961,1936,1503,2177,95.80223873436724,14.67435285726026,15.021042566730333,14.876505853468293,0.9996099742310173,1.0236255535656242
1962,1637,2074,2070,80.59204477241379,12.931422692610246,14.086579685991433,13.671796338040217,0.9942622843546525,1.089329459011599
1963,2069,2074,1606,77.89114372353347,12.405232582217316,14.602057001052644,13.502299056297318,0.9823362002314482,1.1770885313334987
1964,2078,2084,297,49.97096568136527,8.592437718307098,12.614902905480749,11.138602933853376,0.9062767455823877,1.4681401622037205
1965,1884,331,1785,63.53352786353429,11.551920348881021,12.451330378848633,12.133330780639156,0.9955027727448622,1.0778580532763744
1966,2088,311,312,30.13340684369809,7.4468411909576515,10.761840498214974,8.76977210725423,0.8812857406625965,1.4451550962685455
1967,300,2077,2078,100.89078877704559,14.6354437229812,15.740764348611766,15.285648841366088,0.996252607813071,1.0755235472563736
1968,2069,2070,2074,79.6092044209616,12.362303471209101,14.602057001052644,13.653915702593572,0.9814498332596204,1.1811760676365668
1969,1814,1893,2144,69.43982898280562,10.93942092353751,14.036396409793447,12.867595459067987,0.9576174347165634,1.2831023239623602
1970,1909,1910,1913,91.80627050969096,13.946523703552522,15.083897967711925,14.583602197594194,0.9958248734234327,1.081552527951441
1971,2211,309,310,22.132695066831477,6.523387355511153,11.647659690343815,8.522544549203623,0.6583027453812608,1.78552323441341
1972,1640,2177,2241,75.28241486419178,12.517020285611759,14.264530281189906,13.25042590515843,0.9871404145252475,1.1396107025237388
1973,1236,1654,1235,39.62785960143103,7.437147855326954,11.604327896035734,10.02375061475952,0.881019218840401,1.560319644273844
1974,302,303,2292,43.576494900523564,8.000000000000064,12.924970852747302,10.623031147999987,0.8605533715439224,1.6156213565934
1975,307,2080,306,30.07958591438707,7.626885714060681,10.089663023892712,8.572182912651124,0.9304676802244639,1.3229073310082164
1976,303,304,305,44.988476252482286,8.000000000000064,13.2769031845975,10.854540095181534,0.8477509122096033,1.6596128980746743
1977,902,1667,1666,73.10244426153372,12.858117344707216,13.22609533967953,12.996309710155359,0.9993608909497885,1.0286183416364438
1978,2110,1552,2007,84.58840449017264,13.07334137436579,15.715807138821246,14.126863538538549,0.9724862753050961,1.2021262727550897
1979,305,2292,303,77.54335013272627,12.924970852747302,14.014897897834322,13.405590645059709,0.9953454165647966,1.0843272342742147
1980,162,1684,171,97.93235740592402,13.97125625642038,20.418251809602822,16.14527320925696,0.838269555443167,1.461447090716683
1981,306,2292,305,47.34950955485078,7.40137023651917,14.014897897834322,11.440384959853091,0.7853017092812604,1.8935544973393283
1982,1766,1614,1764,58.66268034194802,8.338062439769686,14.940196053461317,12.578302606879497,0.8100552778153318,1.7918066890698405
1983,2209,315,2210,52.64069941857855,8.312839137904069,13.888270693979806,11.710947956668235,0.8496992815922814,1.670701244614903
1984,1560,1840,2172,71.2135656134257,12.249447309165436,13.164369444429349,12.844339697405081,0.9957998948271071,1.0746908911212132
1985,1628,1911,1910,108.60713907173076,14.20728451816557,17.728235870116283,16.031734092415565,0.9680674869062019,1.2478271866413875
1986,2087,2088,2209,99.80200987269956,14.19696272536866,18.230331213641673,15.574626493188992,0.9365528330588405,1.28410080143873
1987,1087,1653,1086,41.14243698541513,7.416523376868277,12.07704758069313,10.299824365904074,0.8612759882445807,1.6283974265301675
1988,1615,1557,1764,121.19529945217374,15.709444840603865,19.92161012285025,17.12352185987743,0.9419740280999034,1.2681294803849015
1989,1847,2301,1574,56.28424200811006,9.601756844091048,12.810106666328204,11.649295156164994,0.9431707244093346,1.3341419569702586
1990,711,2304,2300,72.34425570371661,12.470773412857048,13.83360498092742,12.971107074937327,0.9907910918783628,1.1092820407325603
1991,2295,1940,1941,46.7704065018627,10.04911775703363,10.583927913053083,10.401636972770133,0.997740695655621,1.0532196128008477
1992,1802,1803,1801,93.36878916341516,13.534298358199559,16.516230213371298,14.849848300427402,0.9710191119617153,1.2203240815483558
1993,2037,1529,1602,107.88548375231139,14.45688705288336,19.635709280689756,16.371317900734777,0.9113009731443056,1.358225267228155
1994,2292,301,302,43.576494900523564,8.000000000000064,14.159546851519133,11.03455648092393,0.7856702182075079,1.7699433564398774
1995,359,360,1930,59.019660446480316,7.999999999999944,15.381948796999726,12.86077652878042,0.7691068282657453,1.9227435996249793
1996,2087,1570,1622,112.78900110534471,15.073350571826126,16.838378878147388,16.19563344713039,0.9906527386443592,1.1170959500948854
1997,1875,1922,1571,89.03544892945973,13.799174596031095,15.515021306290857,14.407216508811961,0.9876796373255462,1.1243441553926907
1998,693,694,697,40.833333333333776,8.000000000000057,12.216037485127272,10.168526402880131,0.8865437143016197,1.527004685640898
1999,1955,1953,1541,111.33728249973404,14.995671507292416,18.644574730874652,16.316200430147315,0.9560397129988485,1.243330431838799
2000,1922,1875,1943,78.29061886353836,12.166187138007624,15.515021306290857,13.673087391818049,0.9572523305667121,1.2752574927786002
2001,1620,1844,1771,105.99940434830822,15.257462348868748,16.25740722160305,15.663960975422851,0.9969510209162286,1.0655380855525063
2002,1929,1930,1572,77.16235130186384,11.440216002578895,15.67044848482269,13.67947663661729,0.9371911301936902,1.3697685849017363
2003,317,1775,316,43.4959690730843,7.963264417554038,11.74865608785,10.408812968972725,0.9021649125146838,1.4753567722743868
2004,2271,2280,2278,65.00446262527343,10.586450366322055,14.2782369927344,12.527245657940844,0.9428464635008424,1.3487275242093206
2005,693,698,692,5.013091807269561,1.2901935651175096,7.805987013499715,5.628959663506573,0.28170062198397655,6.050244881502532
2006,1930,1946,1572,96.41308064184565,14.246078796931057,15.67044848482269,14.955732215653581,0.993948518935882,1.0999832801850342
2007,1572,1952,1927,71.52336917763571,11.953574850626733,15.923585993267778,13.310458476109446,0.9146765668525717,1.3321191519901592
2008,1692,1695,1522,90.3824986605933,13.434705307574138,15.636071547335847,14.531658894103352,0.9846805542520486,1.1638566823286132
2009,360,1946,1930,108.06318179314007,14.950669365206997,17.405585991324237,15.912734717843653,0.9811322829749001,1.1642011181004572
2010,692,1921,1927,75.91577808093709,12.110705513618099,14.424343676139795,13.341295468822159,0.9800259430484409,1.191040741591816
2011,510,1677,509,53.59612799937234,7.970041590015624,15.127682905031694,12.195878073223826,0.7828143454658099,1.898068251486005
2012,1911,1575,1910,113.34589932919772,14.020082845109972,17.728235870116283,16.423284268742574,0.9601717756989163,1.2644886671479025
2013,495,1735,1576,131.12722271300237,16.845678698464596,18.60586538482031,17.461026408575524,0.9911022615028606,1.1044889148049668
2014,1629,1779,1934,77.75302095355431,11.473066078073863,16.91573226733497,14.003365378227684,0.8928843465317289,1.4743863717182426
2015,2269,1624,2071,80.82180895904708,13.019728499469508,14.147514211457814,13.686952587887665,0.9951161906486821,1.086621292604854
2016,1626,1777,1874,92.30729792231219,13.890250735691735,15.379650345280231,14.63849751789075,0.9931015926732085,1.10722625803733
2017,1567,1030,1676,98.0244975397457,13.488970490687148,16.510573521955912,15.198394133898356,0.9732841515140489,1.2240054593754872
2018,318,1775,317,43.335284075199525,8.0,11.74865608785,10.373326815350635,0.9061312367452956,1.46858201098125
2019,1954,1551,1950,49.853775970213206,9.611968403595785,11.71171716123415,10.835214512864278,0.9740733340808442,1.218451483553864
2020,321,1626,320,47.339996494257306,7.999999999999984,12.96047481277705,11.034472193020909,0.864416331744214,1.6200593515971347
2021,1542,534,1704,83.45684989126767,12.179341961649609,18.113804823625625,14.667297745593979,0.8702993413054494,1.4872564446143717
2022,1152,2133,1151,41.62676629437122,8.000000000000004,13.786683335064543,10.748499218187975,0.7934824892397355,1.7233354168830672
2023,1775,1776,1625,85.44539192338318,13.26515479394723,14.565400695636665,14.082078248294223,0.9933817448455843,1.0980196553969144
2024,2007,1106,1107,50.63241964692831,7.427696492499699,14.759916499654311,11.978572793098534,0.7592298703991605,1.9871458822474106
2025,1778,1626,322,95.07707129074196,14.248389530680546,16.21539546091188,14.909562081252885,0.9839720656247859,1.138051105775558
2026,2153,1820,1532,130.14613443991036,16.79625614077443,18.492248246940374,17.39147417107512,0.9917149905694806,1.1009744131044041
2027,322,323,1778,39.32911054524121,7.425570413163079,14.248389530680546,10.824574161717136,0.7270195456190358,1.9188276102564277
2028,1808,1732,1577,71.65602603501192,11.469768706282945,15.478164122723848,13.219633273490858,0.9319495465657344,1.3494748254378637
2029,1777,1776,1874,81.40114437598164,13.160222162228898,14.137465826747698,13.729312908222779,0.9964049699465146,1.0742573835359395
2030,329,1790,328,43.0675024601928,7.58464940924203,12.500797938878986,10.561501074072995,0.856590494712121,1.6481708335320735
2031,288,289,1543,55.184259453931645,8.0,15.400224502441818,12.414888628101743,0.7757716041298554,1.9250280628052272
2032,327,1789,326,32.50359631183086,7.843501763422516,9.953781082512378,8.80230220095342,0.9593889754509876,1.2690481092171058
2033,1997,1599,2199,76.72366366367223,11.868402042269972,15.231981078312394,13.526877901328822,0.9584697486202799,1.2834062263869095
2034,1790,1789,328,73.47743664867642,12.500797938878986,13.676797711486747,13.053608262213663,0.9944863638335918,1.0940739765859475
2035,330,1790,329,42.47169214279302,8.0,11.599055874097965,10.24242261387513,0.9127641202751734,1.4498819842622457
2036,1243,1244,2162,29.38929697624759,7.652628607861361,11.030751354346913,8.789590918860851,0.8508582301357395,1.4414329924511544
2037,335,336,1881,30.199040531510946,7.612274640413769,10.313560713818507,8.641945118077425,0.916382785641708,1.354859250487829
2038,2275,2288,2274,95.24286124335383,14.283957891581858,15.973607109783156,14.893140346621294,0.9890349873629587,1.1182899887430415
2039,2160,1244,1245,44.65574443452442,8.0,12.445327833623825,10.628568413785134,0.8845397555831749,1.555665979202978
2040,1641,1789,1790,91.43705992302557,13.676797711486747,15.549296639567862,14.592389617837483,0.988955671021545,1.136910625395041
2041,332,1785,331,38.546029410144286,7.7105211783174585,12.396741614187814,10.037611955153244,0.8525485603656304,1.6077696082397575
2042,1789,325,326,39.38511890539212,8.0,11.820937663057581,9.92490624852332,0.9011129515940772,1.4776172078821976
2043,1950,1551,2006,50.994696404450224,9.611968403595785,12.991975733900034,11.141112744688877,0.9340656860905476,1.3516456971539572
2044,1627,2171,1786,69.3627438306666,11.326533380502411,13.669223733627918,12.774719665048229,0.9751916894993293,1.2068320707162028
2045,696,694,695,28.008012282681527,7.335457069369349,10.28954172351317,8.424648264752056,0.8893405934744592,1.4027130997029733
2046,2304,714,715,36.24842616258254,8.000000000000146,14.107223752713125,10.531830162583162,0.7113521835942511,1.7634029690891084
2047,1722,1843,1844,86.96198654918723,13.513591980820884,15.272508589412816,14.233891673552877,0.9884832338048019,1.1301590732566342
2048,2106,1762,1611,104.36692790190975,14.463193934058582,16.380785862313243,15.58715620866161,0.9893207069303724,1.1325842643746227
2049,2300,2304,715,85.58522739497377,12.608942831027514,16.16267753668165,14.292948040140763,0.9575610993731967,1.2818423997378483
2050,261,1783,260,50.715682274091414,7.999999999999903,13.721267010855096,11.565295994104211,0.8353706463953933,1.7151583763569076
2051,1741,1514,1743,91.50635809482893,14.31258911206497,14.817358748986697,14.541541444701187,0.9991720603245677,1.0352675279762085
2052,1611,1762,1761,78.86569000518868,11.327311329928158,16.380785862313243,13.964114926273238,0.9139665253678527,1.4461318652938566
2053,1596,1860,1513,105.32698803467288,14.239036871300469,17.654235018425567,15.795886052363121,0.9671683610753029,1.2398475527518726
2054,1845,1568,1724,70.19230406816845,10.258127219956373,16.63998213652218,13.535408921858709,0.8531234893252934,1.6221267078995094
2055,716,701,2302,89.22536001540956,12.699087650361417,15.654633854168692,14.518585562649768,0.9697776301013387,1.2327368930100393
2056,700,716,699,31.760050795295445,7.391275529106221,11.27625072355731,9.087311536814061,0.8607129186171723,1.525616340393804
2057,704,705,1848,35.151059690041336,7.423854361056697,12.641754161704364,9.860999096824864,0.7971427437475752,1.702855894913456
2058,2300,2302,1574,116.89866353605647,16.00128766741303,17.35562864860477,16.467968722064043,0.9940262061922518,1.0846394996041402
2059,701,716,700,43.04408366463622,8.0,15.654633854168692,11.643628192575335,0.6836394668127314,1.9568292317710865
2060,1011,1721,1010,36.26217184121143,8.000000000000025,13.188873053180318,10.130315300088974,0.7787123506560247,1.6486091316475346
2061,702,2302,701,48.50507554960768,8.0,12.842540653659642,11.18054276800702,0.8612378812221847,1.6053175817074552
2062,1835,1701,1530,75.45410181445183,12.979002161011367,13.471564022389103,13.205236834575503,0.9990497864915175,1.0379506725761538
2063,709,1847,1725,62.44886600341201,9.72625904711259,14.652387679770408,12.498179079881467,0.8989013274157751,1.5064772189180202
2064,1832,1210,1211,39.18129195344522,7.999999999999972,14.472788091497389,10.873785573909911,0.721084656487491,1.80909851143718
2065,2302,702,2303,67.61145272428881,11.404419181805476,13.507802778225876,12.584920871230333,0.9810944949943426,1.1844358369232975
2066,1721,1720,1010,53.50287148410492,9.202072847086578,13.833477865897873,11.596306043871872,0.8949596347966581,1.5033001907040564
2067,1848,707,1725,98.78008436661372,13.339266366561066,17.279088449609205,15.35988240523688,0.9564170325807572,1.2953552297991817
2068,1514,1741,1742,108.92758620692624,14.817358748986697,16.523612087772317,15.915291286491168,0.9907677278356314,1.115152326922118
2069,713,2304,712,29.813809873962125,7.758294659912864,9.326292210358025,8.386337346962677,0.9726366865185836,1.2021059548752395
2070,2012,1721,1565,64.17393339258237,11.747705171006375,13.006966312378266,12.214653001672156,0.9912275125298394,1.1071920960767536
2071,2232,2231,831,93.64948274002373,13.331318135397737,16.443988356328337,14.872601042468041,0.9706687345632736,1.2334855555405086
2072,1701,1835,2129,65.70139700718525,11.603729949164622,13.471564022389103,12.396931006751194,0.9833181603998602,1.1609684197587649
2073,2233,830,831,37.015744957360646,8.000000000000025,13.615778308633956,10.360260292465009,0.756551603554136,1.7019722885792392
2074,1933,1886,2175,115.89750326153079,14.904675012779762,17.647534680398948,16.477442705320442,0.9809880053154909,1.1840268013403423
2075,2233,831,2231,79.8823327020652,12.576547231050524,14.842496635678051,13.678274058454178,0.9815243947601129,1.180172615185913
2076,2232,831,832,35.598157163554774,7.488120266219375,13.331318135397737,10.16897117892142,0.7527435192378605,1.7803290627606991
2077,2234,835,2235,59.04437689482283,11.314575074914693,12.040619080876754,11.68848586715662,0.9974277582591278,1.0641689149751419
2078,1903,1829,1632,82.90428539395502,12.22280583196611,17.097843673823494,14.335698855744416,0.9130845628406563,1.3988476875831386
2079,434,1826,1827,51.87829533387426,10.539946779472302,11.552175358388217,10.971264015794139,0.9938382717653595,1.096037351999475
2080,2147,1852,1207,55.25302054210013,10.664320686343794,12.677333164903553,11.411768141104517,0.9737735727359572,1.1887614352349254
2081,556,1806,555,44.73096768303697,7.708482308443055,13.098140141452957,10.842356445172811,0.8413316676475096,1.6991853412060947
2082,1924,1923,1778,104.4390526596972,14.760211425385714,16.907007206709448,15.617718321894372,0.9853628327963154,1.1454447852712675
2083,561,1806,1645,93.06110010052566,10.254058257765124,19.289606543759223,16.02434846894369,0.7857272256160401,1.8811680272200249
2084,262,1782,1633,68.14027335633325,11.055447736576788,13.687962757827929,12.69525241946535,0.9681875355597511,1.238119258846614
2085,433,1902,432,40.45863457142559,8.0,12.707549442574106,10.275626457896609,0.8548962313139934,1.5884436803217632
2086,1515,1598,1857,69.23309883049649,12.23283049058606,13.172120149569519,12.662692297539207,0.996217971734248,1.0767843272009943
2087,1584,1632,1829,80.13065033707288,12.050740751072963,15.95603455510332,13.897740789206642,0.9455443190104549,1.3240708504730418
2088,1762,2106,1867,98.65051162383766,14.555199017496214,15.917488829613001,15.127804139429834,0.9940670741658343,1.093594722441049
2089,829,2233,828,29.094190833468115,7.583043410605562,9.241196391934782,8.291455631604999,0.9704567338151491,1.2186658959396361
2090,1657,1743,1514,94.61945583409477,14.494676473051891,15.308699348032063,14.796006492495081,0.997533441537892,1.0561601272366155
2091,1082,1896,1899,65.67000042959761,9.683197555508688,14.45438992319504,12.829493821605544,0.894490099730674,1.4927290123263117
2092,590,1668,589,39.968695474089216,8.000000000000014,11.891222595381606,10.001144919852873,0.9000618751771958,1.486402824422698
2093,1660,1537,1755,95.00153952712449,13.032034433689569,16.688830610106436,15.035160128451494,0.9608088468488777,1.280600561257232
2094,1825,1677,511,75.35345223739763,12.073017446030413,14.871248638113707,13.34982871111085,0.9691928277121414,1.231775627310416
2095,804,1648,803,55.78134366402382,7.4202413923955675,17.716283970852402,13.432493857806412,0.6454184352612807,2.387561675420486
2096,333,1785,332,32.01960615549751,7.999999999999886,10.005573072954457,8.75195757056249,0.9554628081350942,1.2506966341193249
2097,1841,1093,1094,38.60441031920482,8.0,11.97706153792571,9.890239687393949,0.8873394696203154,1.4971326922407138
2098,335,1881,1786,60.541934479178366,10.313560713818507,13.013486984282526,11.99099054460802,0.9628295087939737,1.2617841059340984
2099,1797,1798,1643,81.7097535256473,12.312384836200147,15.295258055279785,13.897245828495494,0.9695159495783408,1.2422660807603714
2100,1775,1625,2210,72.49931740816612,12.264951469144268,14.41567925529878,13.055425984845021,0.9769665779684401,1.1753555887738518
2101,1786,1638,1785,88.96782864250173,13.849579430431103,14.67946690631178,14.347140457988084,0.9975410031011415,1.0599214929268683
2102,1728,1882,338,69.58433299456857,11.700124988652258,13.932721558624584,12.776949489100183,0.9793632363445477,1.1908181811850456
2103,1881,1882,1627,70.4718676098128,11.683019898358364,14.224677831534484,12.888109603323306,0.9734379369273783,1.2175514511905658
2104,1735,496,1736,100.97998176501152,12.836642483914146,17.229049151957152,15.612946877788739,0.941654557421141,1.3421772222407238
2105,1874,318,319,28.82346087754877,7.534270439431974,12.488711412736595,9.340993950722856,0.7216150259911929,1.657587355422584
2106,339,1728,338,44.169387777033805,7.561902012209589,14.279286366606295,11.180437789156047,0.768932213580443,1.8883194127020808
2107,1799,1798,1521,90.80539215261724,12.660159042101997,16.380092484291644,14.717386878472771,0.9576248542193431,1.2938299139701817
2108,356,2295,1941,50.765895268716065,10.04911775703363,11.420048904827208,10.874463545060877,0.988470099755944,1.136423035428561
2109,1703,1702,1837,82.25641579129623,12.896614212882678,14.594390510827635,13.835510792971016,0.9898138035805545,1.1316451178518634
2110,1573,1778,1923,108.53400870803632,15.185936333587955,16.819090127815098,15.878281291542033,0.9922933645944424,1.1075438325534768
2111,1685,1832,2117,120.82630704840173,12.485726616948044,22.59674148218851,18.151419950476498,0.803543271437937,1.8098058827842538
2112,747,1743,746,35.46021406706898,8.0,12.134142276857139,9.667929801454846,0.8474258321759948,1.5167677846071423
2113,885,1696,884,49.5099579214482,7.853226447253675,15.481382313490272,11.997975036417529,0.7430927031335174,1.9713403678693378
2114,1851,1737,1591,82.04223511783599,12.27838617280764,14.849726142325274,13.899162698550478,0.9740642118373538,1.2094200274635651
2115,494,2264,493,39.61857793284418,7.400269544762941,12.204537643996854,10.140931708034293,0.8557787808268337,1.649201771661658
2116,1763,2047,1916,89.24489678044472,13.823403972272,15.670669049081239,14.440107658966298,0.9848447836103438,1.133633154360143
2117,2264,1576,491,93.8874445809523,13.888705668268054,16.100313558869512,14.818435962184372,0.9834916513403988,1.1592378687709097
2118,2097,1783,1633,70.57217115625015,12.047777582409845,14.737824860550477,12.968586420030169,0.9601133856387222,1.2232816185176085
2119,492,493,2264,37.15624578043806,7.5080940240223395,10.817987935343083,9.570128862825806,0.9153442003859745,1.440843428536011
2120,2172,1892,1560,82.83831250792707,12.249447309165436,15.564844036352214,14.027763306101347,0.9630872063687533,1.2706568421830828
2121,1577,2016,2015,69.25090828966377,11.311609151286714,14.543974436386707,12.860000028886269,0.9569076317739033,1.2857564509053343
2122,1756,1607,2073,88.23711013030717,12.635934009787197,16.034597681522488,14.47497421848432,0.9635243992816712,1.2689681403133988
2123,1808,1577,2015,77.60037008858374,12.710966991465783,15.245698434703685,13.560360641718283,0.9671176673138315,1.1994129514253113
2124,1797,1887,1798,74.49732258432385,11.99446915484707,15.295258055279785,13.361831871460064,0.9530761819276395,1.2751925789978655
2125,2017,2016,488,49.52663227405184,9.253121391243496,12.054798179155325,10.879162433248522,0.9550040148638526,1.3027818040475658
2126,1820,1533,2157,83.5978466612,13.121625866896373,15.880684005592373,14.08498309433151,0.9652957097260116,1.2102680084528727
2127,1577,1732,486,62.958855343033825,11.469768706282945,12.746817821962953,12.092183227469503,0.9925185957308735,1.11134044185045
2128,258,1661,257,46.43923635317066,7.999999999999903,13.740902877089606,11.122961671261338,0.8291801801260802,1.7176128596362217
2129,887,888,2124,42.08567907120407,7.392140441064354,14.958310406749808,11.322881497571743,0.7053560954670328,2.0235425078850424
2130,1678,506,507,45.03326697284317,7.78272766407845,14.248040420292641,11.205153456801847,0.784347090267467,1.8307258117298835
2131,2017,2015,2016,79.3545321725026,12.054798179155325,14.543974436386707,13.671883372132363,0.9736008479241804,1.2064884223060297
2132,489,2192,2017,57.95087160229705,11.02124983841433,12.400841409368844,11.61360213618584,0.989792678503804,1.125175600878403
2133,1041,1567,1723,76.18090188375609,11.805692661448195,15.952505702559453,13.630191758174908,0.9319825669088637,1.3512553782339927
2134,706,1848,705,31.700158603546505,8.000000000000064,9.517388767713536,8.633138220357404,0.9768104968233607,1.1896735959641824
2135,1571,1922,2276,59.14743113857033,10.391010640937537,13.907453624113932,11.977862004578194,0.938225556186194,1.3384120279236977
2136,905,1667,904,31.987334605499303,7.529280156484625,12.613934965511442,9.609080768680862,0.7610037650204426,1.6753175208452877
2137,1726,339,340,46.434201084811775,7.999999999999903,12.462751143833353,10.859179900705547,0.8787650688988631,1.557843892979188
2138,1916,1556,2127,107.92091180395605,13.632070875596266,17.995536198282377,16.085291785666097,0.9510616297060532,1.3200882215553513
2139,1844,1843,1566,66.1983468144328,11.474640093976724,13.915574450424936,12.501936904666676,0.9714833767516271,1.2127242629360993
2140,1551,2004,2006,51.60359004330045,9.611294009493509,12.991975733900034,11.194840665724195,0.9365140866365385,1.351740537857574
2141,1107,1554,2007,87.45867676993332,12.728210298221914,19.000421315673357,15.158912333678956,0.8509870318712737,1.4927802786482598
2142,1788,1779,1629,93.46024132827789,13.095529168861045,16.91573226733497,14.94651829374196,0.9557180223923544,1.2917181161000904
2143,1923,1876,1925,75.68542422417357,12.483472670403671,13.648493596433088,13.253090589150238,0.9934486958023373,1.093325067213989
2144,2115,276,277,40.127283620852744,7.999999999999984,14.597987373609518,10.987496595826407,0.722997448017909,1.8247484217011933
2145,875,1796,874,32.97602257827551,8.000000000000025,10.620292933094284,8.98896728988622,0.9269975984511879,1.3275366166367812
2146,2143,2142,1718,69.66585332800857,11.941911352803535,14.19979936779923,12.80915463599827,0.9747081723906922,1.1890725821261119
2147,273,274,276,41.64579156357877,8.0,13.80997108100467,10.758850523754646,0.7920904226513775,1.7262463851255838
2148,1944,1778,323,40.56562482732609,8.322828057137766,10.799762541307777,9.846681013451182,0.9545533169706598,1.297607311741321
2149,1849,1909,1908,60.4096490097084,10.637234781305137,13.251421875492337,11.956407779958722,0.9681816380725174,1.245758145602052
2150,2079,2086,1569,114.94923751295025,15.55556067582768,17.78728735238381,16.389342144637634,0.9846591710212412,1.1434680962688852
2151,275,276,274,28.843007994209252,7.521892752896267,10.466580490259267,8.555977402092267,0.887730822030325,1.3914822816676244
2152,2114,600,601,38.04091607290829,8.000000000000114,11.070105657955647,9.620856196828546,0.9331383631071507,1.3837632072444361
2153,1082,1083,1896,44.40909428857806,7.999999999999972,14.350893986112904,11.16895564212165,0.7801019157218416,1.7938617482641195
2154,1510,1975,1978,93.85471188612627,13.420517730212877,16.121416875522204,14.845401194781125,0.9780488603053833,1.2012514866866082
2155,1897,1896,1587,95.39030900374907,13.461584595133589,16.307869472568836,14.977757705048056,0.9760467092191178,1.211437580570135
2156,1941,1951,355,59.398682016693556,10.56789208064336,12.91599216442416,11.82894411158101,0.9738558929307659,1.2221919059981403
2157,1819,1532,1820,146.50282964358053,17.410360504567198,19.447932866860782,18.450180539456117,0.9918845258291041,1.1170321752820154
2158,1731,1727,353,59.37565575599701,11.018071793591115,12.467038954184488,11.754679927186828,0.9898896831847523,1.1315082337216384
2159,1728,339,1726,76.38663180333313,12.11478855828338,14.279286366606295,13.372799926872224,0.9818169157872683,1.1786657520194985
2160,2179,1949,1634,83.20025647130744,12.644792446935751,14.714187448602857,13.94924666034983,0.9831253694535964,1.163655908972123
2161,2035,2034,674,45.60861146366982,9.739719633396726,10.967686127874144,10.30131773461558,0.9901726317302852,1.126078217925988
2162,1895,1587,1896,70.03999001740613,10.172736675141344,16.307869472568836,13.441806787280052,0.8648058922836439,1.6030956067524718
2163,1193,1978,1192,32.726579761344254,8.000000000000044,9.316687454979911,8.744227052561925,0.9845450235027201,1.1645859318724825
2164,345,349,350,71.25666803318312,7.400620701313872,20.505073599578235,15.721975471887134,0.5834201676356295,2.7707234875498834
2165,2184,1922,697,81.75133339361584,12.668799669144514,14.43371973541325,13.807666690558124,0.986901944069572,1.139312335214147
2166,2007,1552,2008,74.37624029107602,11.590536112439278,14.674995359549438,13.285657858139109,0.9642051425579079,1.266118772866756
2167,210,211,209,39.15499636811072,8.000000000000064,14.410956542186115,10.844344273659445,0.7250748458759195,1.80136956777325
2168,1950,2006,1612,55.53802950243906,10.813261666404859,12.669491087979798,11.43404895031849,0.975353312635202,1.1716623049400496
2169,69,2018,68,34.90728179101416,8.0,14.133148397380108,10.466644538734366,0.6917376049653979,1.7666435496725135
2170,1981,1516,783,78.85773344640839,11.16375262367658,15.587559095059577,13.867221322602402,0.928941523801573,1.39626518255168
2171,209,212,213,49.56357524731106,7.517169157493027,15.122281539928576,11.942239274824466,0.7479635774416298,2.011698981770932
2172,212,209,211,54.31117159451214,7.648946001373727,15.122281539928576,12.394061361162807,0.760365954596558,1.9770412207397803
2173,1652,2109,2010,81.56241095712849,13.10390107021891,14.450715191025663,13.7577948445745,0.993566415814608,1.1027796313166347
2174,1628,1951,1941,72.66492631655757,12.002948089675506,14.242481438828273,13.054512188262258,0.9798380254728207,1.1865819407383034
2175,1640,1948,1936,71.95908626112886,11.968610482040718,16.642397219615543,13.548185236623716,0.8823479918449191,1.3905037050531464
2176,1977,1975,1188,81.91703301975109,13.20474551563627,14.071330553042532,13.77130152894518,0.9966801360862403,1.0656267882164108
2177,1621,2059,2062,77.80692919281407,12.37218369183641,16.920234230410045,13.971414834333922,0.9004243238687576,1.3676028946753025
2178,350,351,344,73.27481644742873,7.674548892116301,20.245443666013067,15.679692151100676,0.6084778239375562,2.637997874612571
2179,2005,2204,1163,53.29673253175765,10.744384257249948,11.450591736829864,11.105530786307064,0.9973055904601933,1.0657280550165908
2180,2229,1026,1027,40.97831427584883,8.0,13.437978764228095,10.568733926266527,0.8111239235141837,1.679747345528512
2181,582,2254,581,50.92519078302871,7.999999999999939,14.855101203655783,11.863697304249792,0.78951949754208,1.8568876504569871
2182,68,2018,67,95.98399674450852,13.591303317849023,19.258683279103018,15.661044998110716,0.8803631352043674,1.4169857613148258
2183,2267,64,65,37.379632667569176,7.798743265134671,11.209396670358593,9.599431614785859,0.9173116732650504,1.4373337202253735
2184,66,1580,2265,102.34764402924061,14.563499793616154,17.429764346262072,15.559625949973736,0.9692790748319909,1.1968115214930914
2185,64,80,79,58.08015504659044,7.790698411902503,16.126020472183875,12.972537166197638,0.7372902480014776,2.0699069094430356
2186,26,58,25,20.416666666666515,5.8990116606468845,8.0,7.024679337843225,0.9412525654989681,1.3561593806245709
2187,26,57,58,20.416666666666515,5.8990116606468845,8.0,7.024679337843225,0.941252565498968,1.3561593806245709
2188,59,25,58,2.151708429546709,0.8431184050468801,7.790698411902547,5.269614389944073,0.13205679371785578,9.240337258999059
2189,64,79,63,27.535342048182834,3.6019570143427018,16.126020472183875,11.697668516502665,0.37471602512413343,4.4770163574888215
2190,1928,1931,2174,54.15769050993268,10.094074243503897,14.904587458016648,11.910721952186577,0.854227909399167,1.4765680436329847
2191,1814,2144,1503,88.10524023019124,13.626969043873006,15.069841437410343,14.301770739075023,0.993061517961965,1.10588358929208
2192,79,80,62,11.22417220297948,4.398042985657298,7.790698411902503,5.835103075820128,0.7180121892888378,1.7714011521281583
2193,1912,2171,1627,65.2899117908169,11.326533380502411,13.876010661837663,12.427161845403104,0.9691621915491703,1.2250889301861718
2194,71,72,2018,43.82423832721547,7.803303376168912,12.063284913166886,10.5343632794133,0.8822157060378171,1.5459202765341469
2195,2037,1527,1601,96.18080633330085,12.398685941557225,17.242283427226326,15.30127408860948,0.9313156141724054,1.39065409903114
2196,73,1580,2018,105.44362918164023,13.900053163820363,17.04100018033254,15.769384127385214,0.9721164234776006,1.2259665469976448
2197,75,2265,74,63.08496352465874,7.824363448479887,17.45897090926098,13.81608773576518,0.6966948941702771,2.2313599086009863
2198,1588,2141,2144,112.21936254741095,15.50709292821762,16.705081006257902,16.12069400285461,0.9963213350693615,1.077254201260402
2199,69,70,2018,34.90728179101366,7.999999999999886,10.00003664799402,9.088940622272299,0.9678666149227989,1.2500045809992704
2200,2265,1580,74,118.86652470967749,14.563499793616154,18.345149136091212,16.78920661298945,0.9649375495173089,1.2596662475411802
2201,2205,480,481,37.24162461606479,7.414753997291066,10.710690633066456,9.609971724185192,0.9076075548194726,1.4445105848393
2202,2176,1886,1575,87.90848407783795,11.31806014384855,17.463858892389304,14.890262201676427,0.8884193272905951,1.5430081365914141
2203,80,64,2267,45.63543647270432,8.26004032148909,15.000892614506535,11.490109868784737,0.7547561168937803,1.8160798289907414
2204,1954,2204,2005,58.84260502518812,10.744384257249948,12.675491662771474,11.736933655418094,0.9820245103516712,1.1797317891175085
2205,2266,76,61,71.9609861235741,10.855818231009609,16.557466137087527,13.56797758686502,0.8767594681036078,1.525215859804209
2206,1051,2230,1050,34.929791797388404,7.97130786155264,12.737614694639873,9.854883480050292,0.7954988751094193,1.5979328506525476
2207,1163,2204,1162,36.27368788685778,7.75829465991284,11.121616364841381,9.46363461237933,0.9160569010876911,1.4335130144394808
2208,2265,2266,81,74.80510659490157,11.38372959161577,15.08137305554734,13.399594528851997,0.9498101929826293,1.3248182798241204
2209,76,60,61,57.21464043082187,8.0,16.557466137087527,12.955055244112756,0.7301969039373472,2.069683267135941
2210,1525,2254,2256,84.33719052605457,13.908909158926182,13.995076744902796,13.956081364588405,0.9999739217622302,1.00619513615281
2211,60,76,77,30.36058851285642,7.517169157493151,14.307699595250744,10.324032622324095,0.6098883359982207,1.9033361223471683
2212,2018,70,71,37.816554818850996,7.63249070238808,11.736501548904105,9.78967629976207,0.8851344241236112,1.5377026984431108
2213,1622,2211,2087,91.150411318099,13.115946178946176,16.675170891417654,14.742650561569723,0.9589939045451529,1.2713662181829302
2214,2141,2142,2140,73.61282343484945,11.346976149276683,15.111128875881358,13.307814728009804,0.9472324919455556,1.331731791543831
2215,342,343,1730,31.322584988528856,7.414191040749264,11.867206512852581,9.260189322804253,0.8096250281288115,1.6006070584948542
2216,1771,1844,1566,72.85059204641709,11.474640093976724,15.257462348868748,13.260965459606702,0.9437955870479575,1.3296680526718834
2217,344,345,350,74.24666329472677,7.416243970508603,20.505073599578235,16.05558707869997,0.5810173330659282,2.7648866031266777
2218,1887,877,878,40.64390502717798,7.429520427878026,11.852855191972012,10.197988763609136,0.8700692280152357,1.5953728517248793
2219,1923,1924,2173,53.685334801779064,9.2249628915815,14.760211425385714,11.875085664926004,0.8483029046438726,1.6000293550075482
2220,347,348,346,44.844542087099434,7.892852221726956,13.15887485094262,10.828133763140931,0.8485165727727438,1.6671888033985587
2221,1898,1897,1587,81.21680386131492,12.83330159623219,15.108331673021917,13.801072621462566,0.9800005900052433,1.177275509324714
2222,343,344,351,57.74705379690174,8.000000000000064,19.119083895172658,14.083765224182825,0.6075462842886746,2.389885486896563
2223,2009,1149,2132,55.64221660540875,9.408547247152509,13.892850013853854,11.77268792356614,0.9050747492193191,1.4766201039229003
2224,197,198,2091,40.920509282108945,7.803303376169025,11.395040911152517,10.069262005493526,0.9088282092122932,1.4602842362828687
2225,1821,1604,1864,95.31152554654835,13.349359151937874,16.6698676673916,15.022518531169856,0.967468001907681,1.2487391699976624
2226,2008,1561,2130,67.93606807357196,10.788221574443716,14.045430753498772,12.744001341117086,0.9543757069311928,1.3019227178992208
2227,1780,1630,199,87.36574796060712,13.696728980483769,15.009001727164057,14.238377452865087,0.993685796679627,1.0958092073333803
2228,1874,1775,318,67.70064855637868,11.371324358201903,14.128658995875588,12.662898255604697,0.9673122671711176,1.2424813988957122
2229,200,201,1780,36.87915709801837,7.659233099321553,11.630884784980681,9.662327578650482,0.8872654565147067,1.5185443025635208
2230,200,1780,199,46.43185903285137,8.000000000000064,13.696728980483769,11.10920458848817,0.8315010609399484,1.7120911225604574
2231,1919,1114,1115,28.537412915385758,7.140416320155211,10.940412484796777,8.693609601650683,0.8424856724852932,1.5321813174835954
2232,1799,908,909,43.16439476411286,8.000000000000057,12.736615425301673,10.532694895527007,0.8688491555975112,1.5920769281626979
2233,1780,202,1631,89.53628677431442,12.510530022545634,17.364175337463298,14.812419950951252,0.9257265329810447,1.3879648029436604
2234,1918,1917,1869,68.0367211592767,11.454833058452108,13.805961425925247,12.645175944155573,0.9770048235908994,1.2052520849038761
2235,380,1821,379,37.255492669046994,8.000000000000105,10.153816780713624,9.424373312307251,0.9577489624911291,1.2692270975891864
2236,483,484,1581,44.825421222828815,7.480157094576745,12.630417538409283,10.864950739801628,0.8363273974585452,1.6885230321655376
2237,1626,1874,320,65.76633170946027,10.90107719256721,15.379650345280231,12.807889768044376,0.906177510921412,1.4108376698558462
2238,482,2019,2205,50.62849413913694,8.625254319116506,12.612713646059806,11.214958037099727,0.905416286659911,1.4623004933437997
2239,1799,1521,1800,75.18372171616404,12.18735117052357,15.111909109024669,13.371192648247606,0.9626323087134631,1.2399666586759606
2240,479,2019,1581,73.85075765823838,9.859647276211636,16.86373622764539,13.950804583609049,0.8381080405387018,1.7103792615718125
2241,1581,1807,479,86.7028030518146,12.347097447562971,16.86373622764539,14.524806023483476,0.9339898945490602,1.365805712578538
2242,1919,1116,2168,58.72339727871173,10.501355394080335,12.923992167187937,11.770468915605868,0.9719560651598079,1.2306975320988807
2243,2019,479,2205,78.31445244404095,12.612713646059806,15.12903024697012,13.593216337491603,0.9724410978293127,1.1995063609246697
2244,1982,1518,812,89.85288038275615,12.323639874751018,17.40734965261445,14.860933174209686,0.921616619898606,1.4125169048698885
2245,1581,2019,483,59.1714053573651,9.859647276211636,13.386610811884493,11.958891875501804,0.9403820869609287,1.35771700922632
2246,1568,1844,1620,117.0317269042348,15.164527293620528,18.42338534554206,16.61510662025521,0.9725703909930041,1.2149000749461198
2247,1822,1246,1247,29.255435179236034,7.434032216075069,8.998470277994295,8.29385101301043,0.9762254715271638,1.2104427336938821
2248,204,180,203,6.818699309951626,2.4107742604694136,9.853254780769062,6.754676347079491,0.2830543429323218,4.087174374779697
2249,1897,1612,1899,81.25679918096077,12.18913556130851,14.735397605711206,13.836715522235906,0.9732326977393959,1.2088960313547743
2250,1618,1870,1562,114.54774714624808,15.94744696967274,16.674817313072356,16.27306095810086,0.9986149711571412,1.0456104569454194
2251,180,181,1631,43.37815635475404,7.416837896198105,12.555963673623594,10.670981464646099,0.8403529243399176,1.6928998380913545
2252,1946,1952,1572,80.8049784376231,12.054214584433826,15.23550101693502,13.845264799433302,0.9646056138715058,1.263914866474116
2253,182,1631,181,46.11195251369251,7.743104752489941,13.327702949206426,11.036983508604322,0.8351178520740596,1.7212350052374858
2254,788,1982,787,48.94400855496152,7.5543749577425165,13.536514368699576,11.516623603667563,0.804589038690868,1.7918774808531228
2255,1148,2009,2010,65.95104222480799,10.743004370931828,14.156627186140865,12.57392801336009,0.9514657248747267,1.3177530881813226
2256,1926,1925,1876,77.7497665727284,12.86225487469754,13.739472554212785,13.416740341781138,0.9966217820514081,1.0682009249591917
2257,1780,1583,1630,135.20730814373934,15.009001727164057,20.116214568343317,18.04480066696161,0.9449826703020847,1.3402766509071664
2258,1898,1634,1938,86.37254939839114,13.004453330692538,15.369932061682254,14.222019506348436,0.981633995416093,1.1818975908358114
2259,1568,1845,1722,69.39974021142143,10.258240965537421,15.748686626428082,13.238348333687695,0.8884820650781557,1.5352229177824759
2260,341,1726,340,45.69318591375333,7.9018168635129395,12.462751143833353,10.793309793092774,0.874198809400253,1.5772007070147083
2261,1631,1781,1583,131.24877315157767,14.859973417440552,20.66040272968849,17.88830746865085,0.9308243019437122,1.3903391445801785
2262,209,213,214,44.482551809084214,8.0,13.187267127051799,10.781754576544529,0.8503862862773457,1.6484083908814748
2263,2038,680,681,35.77766857876942,7.999999999999944,12.434652833355972,9.800602445802518,0.8289288204667707,1.5543316041695074
2264,1583,1733,2090,107.50359774930327,12.484900056104282,20.040578777879045,16.63045149982175,0.866990772962407,1.6051853589393006
2265,1552,1652,2010,91.21813299519259,13.03100775949572,16.891434222069346,14.791052390863577,0.9518441499392546,1.2962492643564367
2266,2209,313,314,40.17166788636314,8.0,12.748870126838318,10.264286414437334,0.8500439300202319,1.5936087658547897
2267,942,1980,1511,120.99268461726604,13.505763671490532,20.324580872188367,17.389794636820117,0.8996015988781638,1.5048820167860446
2268,1759,1608,2083,66.20002879301573,11.287739451897124,14.351866379652032,12.58370509096037,0.9553602801173906,1.2714562061618033
2269,1602,2035,679,70.30344951773405,10.889030715922958,14.715417911865588,13.024560974540831,0.9429695705390662,1.351398328810601
2270,509,2116,508,29.519184868713005,7.525503389581434,12.008850717579676,9.178118035720418,0.7722040207383212,1.5957538115264345
2271,409,2283,408,35.59133770032512,8.000000000000023,13.363388694683524,10.158926624763481,0.7572427273254474,1.6704235868354356
2272,2256,2254,582,85.55009777726792,13.429307282117694,14.855101203655783,14.093161743558758,0.9930069399242824,1.1061703252137702
2273,78,60,77,17.741161390703837,4.435290347675959,9.147229114228391,7.194173153968117,0.7345029685517892,2.06237436496608
2274,86,82,83,27.80797366920281,5.884661842305633,11.43228984134204,8.927937420771448,0.755680901166263,1.9427267271593682
2275,87,82,86,20.247053796901127,5.061763449225282,9.466860578666669,7.5095413426306505,0.782601178325653,1.8702692596422301
2276,86,84,85,25.281247545179184,6.726335613541973,10.109625040668929,8.117709937234684,0.8587816550628102,1.5029914683881456
2277,1931,1933,2175,89.25587467374474,13.208802852550848,15.184849430267052,14.432775765199219,0.9859397282228551,1.1496007321613249
2278,2139,2143,1101,48.3780912768864,8.26552820831406,13.085510711173747,11.101344527785976,0.8764449244758163,1.583142708049971
2279,1214,2117,1213,46.90847060476864,7.999999999999974,13.087476025055201,11.005772911277935,0.8606691850906749,1.6359345031319055
2280,2093,195,196,35.38279631730522,7.811463581800044,11.224097362574152,9.390640030898593,0.9063372780503447,1.4368750804555006
2281,2092,2093,2091,51.36910746964436,9.491451790058171,13.048604797529878,11.19551168233991,0.9307418719965321,1.3747743850100622
2282,2082,2086,2079,76.19438311800043,12.152808758639384,15.825178405701408,13.587974538547776,0.9399633199289412,1.3021827891804312
2283,1623,2279,2270,83.46331401335685,13.060880042860582,14.803198069414048,13.938135734346934,0.9895913098172765,1.133399741888439
2284,1529,2037,1601,115.36403843674184,14.45688705288336,19.573421829240814,16.76438725972302,0.9330664817138278,1.3539167704389712
2285,185,186,1582,48.25718881091392,7.391520397014387,13.671567972265363,11.513646159432867,0.7900202475926044,1.8496286606727945
2286,1582,1878,185,61.73371572526636,10.266728499523106,13.477850109018847,12.158942817385585,0.9522125383065692,1.3127697016284106
2287,1630,198,199,49.72624485623335,7.435576536541964,14.009401650947439,11.737902584657178,0.7809812857378174,1.884104289976516
2288,1924,1931,2173,56.58854265770566,10.030654290280985,17.131602039913222,12.934113002668335,0.740292473913246,1.7079246820930283
2289,2203,1990,2202,84.27790773974493,12.315646336630516,16.77426634754141,14.34140407221721,0.9309306575426367,1.3620289093272828
2290,192,1733,191,50.48543590651447,7.899242171984054,13.670806944437125,11.57051485441736,0.8288706068932383,1.730647908595949
2291,1583,2090,2089,79.48477662999214,10.880476173639062,17.36587566548192,14.311023408307063,0.8663252924460543,1.5960584250490357
2292,2255,2254,607,56.915371603485724,9.908502960357268,13.211985876754904,11.698839173866661,0.9475226127345928,1.3333987918875814
2293,2020,189,1880,72.16421567918599,10.225681468560996,15.729809497607867,13.482127950879288,0.8896591075846658,1.5382651558206064
2294,1774,2280,2281,94.17025565211605,14.46846184649374,14.984642634933461,14.75171352648674,0.9991645846158206,1.0356762725655464
2295,186,187,2020,40.074222868108336,8.0,16.155363731419637,11.736825792019575,0.6208303569680412,2.0194204664274547
2296,2116,448,507,84.67772040697679,11.537471684576076,16.625882998137158,14.436204683169427,0.9182240217917584,1.4410334822631503
2297,1879,1781,1878,72.55027398009423,11.932461134796464,13.736425397420616,13.010988669162002,0.9862095736335806,1.1511812393307177
2298,1730,1726,341,68.79617091116712,12.015361371932029,13.06310546196827,12.627745381513853,0.9951106151647032,1.087200381045865
2299,1532,1603,2153,138.80505454298083,16.79625614077443,20.329260447709828,18.12725247737057,0.9682821239255213,1.210344750480359
2300,1576,2264,495,106.0916873352561,14.466288659415547,18.60586538482031,16.015677450416106,0.9427035816949764,1.2861533336479134
2301,2064,1621,2063,77.09848667704546,12.13443334275721,15.082085570852625,13.513959291382198,0.9671814685858023,1.242916347622842
2302,594,1668,593,43.25675704260453,8.000000000000044,12.578256834948295,10.502234347552056,0.8772056839482476,1.5722821043685282
2303,1744,1595,2022,59.90913438563506,9.271353584924904,15.065301993526644,12.45008771034855,0.8606342804698717,1.6249301523806212
2304,1678,507,449,66.0145873793915,9.713576169699314,14.640676929169139,12.867431173053697,0.8937929694447789,1.5072385981632082
2305,1677,2116,509,67.14978473037681,12.008850717579676,13.489909724624162,12.513511219984776,0.9873362121985508,1.1233306202130044
2306,334,1785,333,32.01960615549842,8.000000000000114,12.807161892454147,9.685820510395798,0.7492239168805862,1.6008952365567457
2307,479,1807,478,33.92786000892738,6.456664676018094,14.363584395242066,10.615313273465128,0.6360393450063884,2.224613653639555
2308,447,1677,1828,75.64809196462237,11.00313092274132,16.642089204100483,13.830523989342472,0.8886915049090329,1.5124867022807607
2309,2166,1232,2165,80.68878664150712,12.1409807815632,15.529053483054968,13.861108839850823,0.9603076250298613,1.2790608734540423
2310,2116,1677,448,87.97354377110246,12.041773217750487,16.68510177443228,14.624044786325937,0.93370279000767,1.3856017276456571
2311,1590,1736,499,85.2962223297432,13.216078529587113,15.034932445979889,14.094837342621673,0.9887836031948614,1.1376243272405555
2312,1524,1904,1699,63.629104200832145,11.014906655560774,15.101443486920715,12.58046917839946,0.9098323652086104,1.3710005866728694
2313,2195,2196,2194,56.10140492337676,10.88171106813454,12.296386005295325,11.435053025741773,0.987946044139878,1.1300048244529712
2314,1735,1736,1504,119.99933781093735,16.302715333517998,17.229049151957152,16.662253091281958,0.9975932920337146,1.0568208301186879
2315,2195,455,2196,64.79605144776838,11.127062003795452,14.851215073122308,12.593586793658309,0.9281564086121235,1.3346932971216072
2316,504,2220,503,41.66830788499192,8.0,15.448146209066884,11.469451295316412,0.682843076197437,1.9310182761333605
2317,1724,1568,1773,112.38310072515812,15.132098112965206,16.69936786846866,16.157149372652015,0.9921944364797761,1.1035725346084435
2318,504,505,1830,40.20658430678725,8.000000000000114,15.614196802360041,11.47119119265208,0.6563145794343194,1.9517746002949774
2319,1830,506,1678,54.41405530462969,10.837432154331696,11.584692286034452,11.222434292179827,0.9970446744589013,1.0689517702220703
2320,535,1704,534,53.90687655495856,8.0,14.551470331657477,12.086738927721393,0.8054731907376957,1.8189337914571846
2321,2220,504,454,97.77241544785531,12.71624010297564,20.925133553142746,16.363173288395092,0.8081361624984841,1.6455440746393426
2322,1766,1764,1557,94.66381265579706,13.856637297104765,15.739510616178183,14.845447988914756,0.9892934037487586,1.1358824135107317
2323,449,507,448,56.89549850941188,7.772456335150007,16.625882998137158,13.013005420818766,0.7151624342289784,2.1390770537942534
2324,510,511,1677,57.795397351604805,8.0,15.127682905031694,12.6663105143818,0.7790225973757093,1.8909603631289618
2325,1928,1877,1929,69.88922853710783,11.085008260370214,14.73357487755759,12.965170081493108,0.9476381838969157,1.329144239813631
2326,1420,1851,1419,25.363224878064692,6.392159434415048,10.853466961389744,8.415208798601597,0.7892014331785032,1.6979343323252
2327,726,727,2236,48.3338818844629,7.524490163728893,13.506157032427303,11.436356060151944,0.8062270307142295,1.7949597565470257
2328,1853,1852,1740,56.787398800100135,10.851176811206201,12.637490577491668,11.537731543488448,0.9806219033646609,1.1646193585603277
2329,728,2236,727,44.135821552981625,7.659233099321469,13.506157032427303,10.902252931006297,0.8169798788521667,1.7633824244915348
2330,2238,725,2236,64.99596705670669,11.104003993692174,13.127445162564088,12.34221469236077,0.9803188216222428,1.1822262645097539
2331,723,724,722,41.51201897206528,8.000000000000064,13.838049831752896,10.759991752999184,0.7889811805877612,1.7297562289690982
2332,1611,398,2041,92.03199250489553,13.899473601071936,15.217681015796108,14.608648350231482,0.9945324730672046,1.0948386573878965
2333,2056,2014,1564,87.30653311691712,13.442731468010724,15.349425128684333,14.269306942991038,0.9871463435284327,1.1418382614583138
2334,1926,1572,1927,94.32205401897725,13.09368071636756,15.923585993267778,14.91551758404774,0.9718430858404034,1.2161275609357678
2335,596,1669,595,43.45465739249933,7.724003474641479,12.104270102632466,10.514476596785427,0.8766642579350328,1.5670979618758267
2336,2120,2123,1689,58.08820255779938,10.059607529751176,12.62019852315992,11.750997002183043,0.9615261783174005,1.2545418383208116
2337,448,1677,447,64.70460264839494,8.0,16.68510177443228,13.775730326177587,0.7237997373377469,2.085637721804035
2338,1825,1828,1677,79.37870770328234,13.105220049188427,13.84635184118561,13.5506443482306,0.9977931807442064,1.0565524111167504
2339,1877,1930,1929,73.00077579709271,11.085008260370214,14.71285773461914,13.241877139146547,0.9483169505560078,1.3272753063449467
2340,1732,1807,1581,71.77579401596435,12.207273296938888,14.476940058402372,13.01043693430141,0.9730499193523453,1.1859274144400969
2341,184,1878,183,29.34240078683771,7.720309419856818,9.224758479029651,8.315022632962178,0.9740812287668004,1.1948690107294604
2342,1569,1621,2064,105.78421744344325,14.61333421721734,17.81828612780488,15.83790197195828,0.9662290541370536,1.2193169514190323
2343,1501,2167,1740,64.80462395804315,11.371673507572499,12.815428677280694,12.28256798546999,0.9892883132260423,1.1269606596378965
2344,1952,1946,1947,75.97445446410703,10.097144477811629,16.912759808647486,14.081801767798046,0.8488217300140247,1.675004239645486
2345,1594,749,1745,80.41815601279734,13.103982740387771,14.072187961452501,13.645479039628947,0.9965435691703997,1.0738863321363075
2346,1557,1615,1763,121.00149185675747,14.550691526058495,19.92161012285025,17.161970478692428,0.9334861535252612,1.369117755480769
2347,497,498,1736,36.973790138540934,7.6629843872013526,11.16057849414649,9.563386203704157,0.9128116737072712,1.4564271477293869
2348,1608,1757,1758,82.35982442730442,13.210506598581144,14.343676437155295,13.81472129467648,0.9954910166446236,1.0857779245722383
2349,2221,2196,455,67.41276492712859,11.802483304057166,14.305021507747743,12.6562060794285,0.9637468709629813,1.2120348861523333
2350,1679,461,2221,76.05501342347264,11.973564296266968,14.371067676396049,13.36413209749461,0.9777873880439532,1.2002330568247381
2351,2196,2221,1972,51.078019257854805,9.158662504821265,12.274941409125471,11.098239113475776,0.9430702341876575,1.3402548027797452
2352,1925,1927,1921,86.03473183129252,13.488837216708584,14.724140208630875,14.122720070798943,0.9949056347908672,1.0915796500525727
2353,2188,2187,465,75.74239715049382,12.551208482122739,13.97235246583441,13.263924180486084,0.992348433187452,1.1132276613631167
2354,2195,2220,455,90.36966888354449,12.866683437500278,16.188268518190267,14.635389009604284,0.9659491617965509,1.258153944396358
2355,2221,462,2186,62.974897212757995,9.62970942356364,14.748172641711468,12.585556674063438,0.8918120745654639,1.53152831440823
2356,1974,1738,1506,103.0946979379298,14.834745290776766,15.967520207026219,15.451091237809235,0.9963672297742816,1.0763595797599392
2357,2188,2189,2191,58.43314054205354,10.052951736281777,12.710753732797468,11.79474891838987,0.9595488018965362,1.2643802602695788
2358,467,468,2219,42.05917160257082,7.9999228776518345,12.023582453026545,10.253237157323097,0.899833887443484,1.5029622956259985
2359,1778,1944,1924,69.40515600072798,10.417452441908003,16.907007206709448,13.549749628428069,0.8407694155998829,1.6229502655269963
2360,1607,1756,1757,95.83508184478417,13.64306012735404,16.034597681522488,14.973550777217488,0.9827922766909201,1.1752933382865818
2361,2189,466,2219,75.47265784648125,12.47323168442285,14.547217146179673,13.29904199328333,0.9810099196247061,1.1662749088792213
2362,1801,1666,1667,93.87496750548866,13.22609533967953,16.175182807776473,14.87160993812234,0.9736033605039104,1.2229749137864903
2363,2158,1593,1636,113.70004627048759,15.050177318952485,17.57266323078002,16.302970852238058,0.9840040417981605,1.1676050626095282
2364,2303,1848,1574,88.40547480774914,13.30624138453543,15.30419823497378,14.358158308004818,0.987120088147299,1.1501518567640285
2365,1887,1802,1521,72.1704942595522,11.90792786163453,14.27678047248674,13.022689134853387,0.977337457434545,1.1989307156020217
2366,463,2186,462,36.317590347036464,7.999999999999823,10.26605502568076,9.298588149748074,0.9599137236214649,1.2832568782101235
2367,2015,471,1808,92.46189161459324,13.940307583121879,15.245698434703685,14.642007837382751,0.9946635603264999,1.0936414669330754
2368,141,1824,140,43.72537110743809,7.391699976581585,13.074257535867217,10.812380798303211,0.8212319317294757,1.768775461299719
2369,2219,468,469,37.58172336768698,7.5171323958867475,10.736206141290909,9.627693102862427,0.9143469480780714,1.4282316149128338
2370,1824,1673,152,82.32811820375179,12.019588045066616,16.61663389923365,14.194176812795215,0.9273323461935035,1.3824628462249062
2371,1830,453,504,101.05329010798793,12.963478238907502,20.83672155504369,16.471465532103746,0.8275389757287152,1.6073403426949175
2372,856,1873,855,39.01224618197298,7.683396024538616,15.116733211449668,11.1820136605608,0.6706405134796112,1.9674546467696126
2373,1830,1678,452,61.93532784396975,11.245178436173337,13.225253494898285,12.054889737833784,0.9794209664736458,1.1760821377769755
2374,457,458,1679,42.71461115062215,7.771115852945058,11.93479893539104,10.378178113402482,0.8875144964029154,1.5357896036086054
2375,1204,1900,1203,38.01378574313187,7.475792399771017,11.615175087588574,9.810100731825548,0.8846684982780324,1.5537048738732158
2376,449,450,1678,35.89143345256298,8.0,9.94118528797755,9.218253819225621,0.9668809484648618,1.2426481609971938
2377,2181,2204,1949,78.85150926657056,12.489503494554691,15.078029593051754,13.630013507500705,0.9741013219096454,1.207256125083406
2378,1678,450,451,37.10122153737781,7.560322510289774,11.49283310494505,9.664780301070792,0.8922971525361764,1.5201511693850411
2379,454,504,453,81.30948394202558,7.932835880854078,20.925133553142746,16.56489699634684,0.6025162471568726,2.6377872765079653
2380,2161,1900,1823,75.13778064648068,13.007417025236334,13.517134726020384,13.179429691866185,0.9986698208467012,1.0391866963129668
2381,1679,459,460,36.094120622913636,7.574247014868929,10.262389211907122,9.361829480650707,0.9340463887957363,1.3549055360567364
2382,1873,1773,1772,107.7596289481005,15.077817807801255,17.49643833378787,15.904411315102159,0.9789236386596368,1.1604091889699863
2383,1015,1872,1014,35.4749021135873,7.398882123706595,11.813337466072918,9.604827255579968,0.8578560382187828,1.5966381500013447
2384,1926,1927,1925,93.10234362972606,13.739472554212785,15.729286042507882,14.730966268450516,0.9878222218323366,1.1448245906415804
2385,1679,458,459,39.85398973312704,8.0,11.42861955187135,9.892490589015807,0.9214563850219593,1.4285774439839187
2386,2174,1931,2175,49.41688700766597,9.294217871026659,13.208802852550848,11.078841626205566,0.9104064276392286,1.4211849814417763
2387,1619,1872,1770,87.69909277842567,13.673880748845061,15.262590505870802,14.285053100143793,0.9901337776899611,1.1161857256331513
2388,566,567,565,55.39003119294648,8.0,16.395055400157723,12.754790947855307,0.7307419764731931,2.0493819250197154
2389,1823,1900,1901,78.48516513649074,12.227558297296998,15.123537482428477,13.622743501915286,0.969361973272173,1.2368403498654068
2390,682,2038,681,32.80601674463525,7.558084398959438,10.17679430023587,8.90067773441565,0.9427009678635587,1.346477991385881
2391,1929,1926,1928,73.47451787112605,11.91511783716004,14.469518040503301,13.153854328071622,0.9745442828028122,1.2143831255597637
2392,1931,1876,2173,45.44214457034208,9.172523031444351,12.493912565328813,10.56569662901805,0.9236764929453665,1.3621020653203484
2393,1888,1802,878,74.92759776291226,12.216842311637995,14.532453529751944,13.262977412573568,0.978581606712011,1.1895425314533243
2394,1938,1949,1954,83.00156419283448,12.710546381344427,16.02086054197804,14.078332827653869,0.9575051760098778,1.2604383841037894
2395,707,1848,706,31.70015860354587,7.999999999999903,13.339266366561066,9.907097419973194,0.7034884405235962,1.6674082958201535
2396,1764,1614,2049,72.91431583410323,12.199175012083789,14.456649327407487,13.094465166988352,0.9765984252831896,1.1850513918431023
2397,1947,1955,694,75.847756497096,13.01882953678381,13.439012209328103,13.23825759470867,0.9993258053924011,1.0322749961013848
2398,722,724,2238,58.18037277534049,10.755362454823922,13.838049831752896,11.873142223257458,0.9401575654919673,1.2866186416196832
2399,1860,2148,1742,100.41033949008185,13.592949112058248,17.48880092147426,15.483453877502688,0.9571319176338602,1.2866082832576795
2400,2066,2065,1570,75.86050696040651,11.707998387592548,15.990965950484357,13.622358869758145,0.9282739429484674,1.3658155238072673
2401,1748,2148,1749,65.39403797295972,11.820042795657486,13.350353213981569,12.353252136991207,0.9864162466376336,1.1294674177394939
2402,195,2093,194,51.78182456558494,9.248824022660935,14.044030651363327,11.50565067886614,0.8776754058179705,1.5184666306714727
2403,2166,2121,1689,97.34051630726837,13.845753404418337,15.956484436763617,15.070230285985637,0.9863399829340789,1.1524460945311739
2404,1948,2180,1634,44.81613362691705,9.677142128522311,10.822124196077754,10.206767889218185,0.9913615590812116,1.1183182030757546
2405,722,2238,721,42.36596230741938,7.999999999999984,12.237339545225987,10.330900666683299,0.8909927116792463,1.5296674431532515
2406,2120,1689,2121,74.52266471760213,12.120045907924455,15.408453016774958,13.382899149286445,0.949819873507905,1.2713196908520323
2407,751,1745,750,41.37511397767163,8.000000000000057,12.194714178164459,10.21755545520161,0.8900129173999367,1.5243392722705464
2408,1902,1827,513,62.275433965536756,11.178896336345757,13.318867212570792,12.09867365064357,0.9771220468559101,1.1914295304150362
2409,430,1902,514,76.19601716812248,12.7773456344469,13.787299505772536,13.284487246201067,0.9961479931539646,1.0790425414025637
2410,857,858,1846,34.000253149210494,8.0,9.89676846161966,8.962657082748379,0.9702328897178087,1.2370960577024575
2411,518,426,427,40.833333333333684,8.0,11.164502029431048,9.983165887698247,0.9276611926052795,1.395562753678881
2412,425,520,424,30.64409117673731,7.393735171228694,10.784995633663584,8.827549049814504,0.8848455400152158,1.4586667474419874
2413,516,428,429,40.833333333333485,8.0,11.1645020294309,9.98316588769821,0.9276611926052825,1.3955627536788624
2414,1625,2286,2291,70.564691206731,11.48351654475024,14.59059220368457,12.961889592618524,0.960687025559546,1.270568309526645
2415,425,426,519,40.83333333333374,8.0,11.1645020294309,9.983165887698245,0.9276611926052812,1.3955627536788624
2416,517,427,428,40.833333333333485,8.0,11.164502029430945,9.983165887698213,0.9276611926052817,1.3955627536788682
2417,729,2237,2236,66.55769811394742,11.058759771871426,13.549424190816136,12.52707947099014,0.9724622337017498,1.2252209533730767
2418,315,2209,314,40.17166788636314,8.0,12.931734038120835,10.325241051531505,0.8380243097699567,1.6164667547651044
2419,2236,2237,720,72.24136374958383,11.319644340764857,15.61753916298442,13.303412651344047,0.9262704580284771,1.3796846166572367
2420,719,2237,718,31.239989271264896,7.81240135445782,11.04232230306915,8.951574552509012,0.8763820089583882,1.4134351017140603
2421,823,2234,2235,61.148411125001765,11.580820778011384,12.41095743339299,11.90068055236093,0.9961697371220551,1.0716820224830519
2422,730,718,2237,52.434619574696114,9.778868970752319,12.887347067040016,11.236179446953829,0.9469163243995387,1.317877057723635
2423,2274,2288,2184,96.04700733544327,14.344146611127092,15.973607109783156,14.949187946412799,0.9901895741807981,1.1135975909080609
2424,1843,2263,1566,58.09034075056791,10.701027745949682,12.11559616959837,11.636216976969104,0.9875953666616838,1.1321899594348868
2425,2278,2290,2271,41.85661064800047,8.715879125726033,10.586450366322055,9.936932070557054,0.9716007533062835,1.214616473405969
2426,717,718,731,16.8867703644953,5.433817246126737,9.52557995317456,7.141983435802821,0.7218376384752401,1.7530180942254656
2427,731,718,730,37.99657308782798,8.0,12.887347067040016,10.137642340071524,0.8205462943103662,1.610918383380002
2428,2087,2209,1623,121.59038859924718,15.966080847215292,18.230331213641673,16.849252693217192,0.98569632828609,1.1418162909291103
2429,431,1902,430,43.59453540196345,7.999999999999904,13.288816598383761,10.73155413900703,0.8400737087778952,1.66110207479799
2430,763,2149,762,34.234991012588,8.000000000000014,10.527277295938623,9.096009086198002,0.942810806025795,1.3159096619923254
2431,721,2236,720,61.79367839979308,8.000000000000064,16.469166478636375,13.36223521387362,0.7392313469670821,2.0586458098295304
2432,720,2237,719,31.23998927126459,7.81240135445782,11.319644340764857,9.044015231740886,0.8549146269642973,1.4489327707550221
2433,1902,433,1827,58.244031948368374,10.578739927005191,12.707549442574106,11.69484892419782,0.9780316311289885,1.201234696216941
2434,495,2264,494,48.736398195528125,7.999999999999903,14.974878307012467,11.726471983669741,0.7723180072008701,1.871859788376581
2435,433,434,1827,39.0197774132605,7.842330168312687,10.82166990952189,9.747580001613256,0.9305264924723462,1.3799049105643841
2436,1854,1855,2121,84.09772231683388,13.132299590502399,15.956004906408099,14.132268401295546,0.9643783188473253,1.2150198673466048
2437,2180,1640,2182,68.32957722860058,11.289856422598307,15.413667689028015,12.9778617816647,0.919910812854052,1.3652669362716867
2438,432,1902,431,36.32845762181263,7.429844439298341,10.905845818637431,9.485006729683832,0.9101400109336187,1.467843089816744
2439,2210,315,316,31.766671240106476,7.647103506874911,11.104741492985172,9.021561379254718,0.8771972398140003,1.4521500177160893
2440,430,515,429,41.187431108038865,7.404005932164509,12.872320376047597,10.480276112547683,0.8267273313068131,1.7385615967874386
2441,1846,860,1724,86.9133527546304,13.375386913712694,15.162317711915575,14.225051113486508,0.9893029076272347,1.1335984379166548
2442,435,2094,1826,69.44014177890338,11.316442948475812,13.755657876780786,12.787745929318797,0.9740068443899591,1.2155460809912453
2443,2064,2063,294,47.23877741840332,8.603754758604666,12.13443334275721,10.748471892410047,0.9253418206247623,1.4103648561834579
2444,198,1630,2091,69.089876273768,11.395040911152517,13.768729566482133,12.74424976842623,0.9764303735204133,1.2083089191023832
2445,2268,567,568,42.97930246618489,8.0,11.573207739986302,10.312441051560832,0.9103806037072619,1.4466509674982877
2446,825,2234,824,40.306976633433905,8.000000000000114,13.348764323645048,10.484582527980233,0.8110797764138207,1.6685955404556072
2447,1829,1903,446,63.90304245827716,11.487351207640168,12.848428705345365,12.186195248317214,0.9917008131895204,1.118484885950031
2448,1686,2215,2119,57.293714321157104,10.953672686001276,12.264962545090272,11.542259843072225,0.9909738136150286,1.1197123464137115
2449,2144,2146,2145,53.82157254509079,9.13324029590414,12.774150325450588,11.473816811317485,0.9248260316058383,1.3986438450742655
2450,1584,1829,1828,57.948472904138825,10.549231897046756,12.329974468305954,11.643315705475224,0.9827282339779427,1.1688030549179333
2451,1526,2208,2025,56.59363820905451,10.7298859330183,13.687297643796375,11.718483251218636,0.9385070558210531,1.2756237791566307
2452,1082,1899,1081,32.98422859786842,8.0,9.683197555508688,8.810763210986115,0.9752914299346381,1.210399694438586
2453,562,1585,561,71.02047574087402,7.999999999999823,19.08276788029964,14.9554657363216,0.6609860407122186,2.385345985037508
2454,968,2011,966,65.82366885690594,10.19008307480983,16.161738625116456,13.093292110854422,0.856937010513833,1.5860261890375285
2455,562,563,1585,56.45842486745159,7.632490702388159,17.783629328665334,13.459460540693216,0.6536888891752834,2.32999030357167
2456,2268,553,1585,100.71857116937835,14.115634095114215,18.471995328583724,15.685446432196228,0.9306349329093422,1.3086195918734786
2457,1505,2178,2136,78.8634857841224,11.692790415724847,16.69862157669759,14.002302153893948,0.9092020711342996,1.4281126217947717
2458,554,1585,553,69.63382300678705,7.7240034746416635,18.471995328583724,14.868048342590688,0.6521760909406782,2.3915053105851545
2459,1585,1806,561,103.07202440761603,11.529217904666567,19.08276788029964,16.38045546342431,0.8497061176881265,1.6551658610403832
2460,1291,2261,1290,42.336010326273936,8.0,12.076101344752749,10.294448173669068,0.8979996481433004,1.5095126680940936
2461,1585,564,2268,96.79649135345788,14.468709872890742,15.652715644599974,14.976711581119034,0.9955122362512323,1.0818321593363096
2462,568,552,2268,34.340229628725325,6.724010811243965,11.364115414696196,9.483314236605588,0.8445045626609418,1.6900798844185372
2463,1517,1982,1983,84.20292021368192,12.061611923959338,16.1005371604902,14.232691114142265,0.9470328293970062,1.3348578334300318
2464,436,437,438,23.438237812530346,7.773719877155821,14.329990422723522,10.027703884098363,0.49289658581434437,1.843389091602623
2465,730,2237,729,37.98584448131669,8.0,11.058759771871426,9.612542914207914,0.9334966198601218,1.3823449714839282
2466,2096,443,1632,88.42050016367975,13.023967195628131,15.6931257740015,14.413704019062974,0.9772673426963926,1.2049420532377684
2467,1903,444,445,41.46002046219889,7.999999999999903,12.776677332754256,10.385064132969445,0.8575530512973536,1.5970846665943013
2468,729,2236,728,46.03980160325682,8.0,13.549424190816136,11.030264284028751,0.8376612562032598,1.693678023852017
2469,436,438,2095,55.025799643467714,7.732845845587703,17.060407782447324,13.04108135025285,0.6854150240436867,2.2062262875939584
2470,442,2096,440,86.34055999938506,13.334865662834787,16.32119104157941,14.3482392398533,0.9594659290473567,1.223948666169748
2471,1566,2263,2262,67.70456812502925,10.701027745949682,13.964398767518121,12.732400727419375,0.9521860345567822,1.3049586543501503
2472,440,441,442,56.10814809487027,7.999999999999984,16.32119104157941,12.784149098266093,0.7372653877428661,2.0401488801974303
2473,2290,2289,2271,46.51829794467505,8.715879125726033,11.531158734181142,10.591760632017548,0.9428192458301932,1.3230058113295136
2474,1632,2095,2096,100.29153617271707,13.912218366968647,16.352282216022214,15.319208785664122,0.9824934460203126,1.175389990632043
2475,1585,554,555,65.15864477525884,8.0,18.408146224546673,14.235967862108863,0.6752490874631553,2.301018278068334
2476,558,1645,557,59.27574728621078,8.000000000000114,16.175884149782032,13.024012515222488,0.7500154565579684,2.021985518722725
2477,555,1806,1585,67.55396417170209,11.529217904666567,16.299757361779914,13.1831407173563,0.8732284412876147,1.413778236872635
2478,2287,2273,2289,40.50604651776995,9.019546025701704,13.621588691457521,10.568540012664196,0.803959997973063,1.5102299664131695
2479,761,2149,1596,70.09644456604731,12.282962827495302,13.064375704592482,12.73592824083513,0.9973348862754361,1.0636176212589354
2480,559,1662,558,38.55938969915047,8.0,13.21599241376218,10.303954089058783,0.8030342471267252,1.6519990517202725
2481,512,1827,1826,70.93341733989116,11.552175358388217,15.942803739491923,13.284472301430723,0.9094753565702034,1.3800694020728834
2482,1602,2036,2037,68.8905862534732,10.879898926084742,15.021357368631222,12.957049995505406,0.9317817498169021,1.3806522901253488
2483,472,473,1646,52.77312356403553,8.000000000000064,15.318736044973672,12.171258038915576,0.7733587879811769,1.9148420056216937
2484,1661,1586,267,93.63686133331524,12.641983111660194,16.11070436506529,14.951236783489117,0.9559659662681268,1.274381101664798
2485,476,477,1646,72.12184847716638,11.75434515336429,16.89657693672184,13.641078846709938,0.8701064017788975,1.4374749691509403
2486,2190,2219,470,66.69049957381283,10.728378501700103,13.955067327075456,12.622756886686537,0.955267514922608,1.3007620233443504
2487,1737,1420,1421,55.40085143535591,8.0,14.509377984127216,12.279737965853357,0.7998652967160449,1.813672248015902
2488,1841,1560,1716,58.13241016347955,11.023892521087996,12.724545535016574,11.66489306772616,0.9825207727885452,1.1542697382685234
2489,1920,1626,1573,64.39091352533838,10.779048930882157,17.285310779319087,13.377966967654077,0.7957163233685812,1.60360258963074
2490,1904,1834,1699,59.38628097554939,10.88108399552715,16.488071381576013,12.79468734422131,0.8042497518628905,1.515296765318024
2491,471,2015,2190,75.91461754579736,11.4177047585545,14.74001749432269,13.461690851793703,0.9561899580334545,1.2909790370327285
2492,1646,474,475,42.022244629901294,7.505635037733093,12.156359549564273,10.399298263068026,0.8634296253345968,1.619631048998597
2493,1201,1664,1822,44.53178863702174,9.721659884005062,10.384732522899872,10.154589182978816,0.9964367679158149,1.0682057021955433
2494,693,1952,1947,70.16688673840468,10.097144477811629,14.963523461951933,13.228550756371959,0.9006593363565505,1.481955962384625
2495,1846,1724,1773,102.26513323931157,14.137448714831253,16.69936786846866,15.474068260920873,0.9818094478109264,1.181215097951143
2496,1646,475,476,43.730026695506105,7.999999999999984,11.75434515336429,10.43008178509033,0.9037377551493795,1.4692931441705392
2497,264,2097,1782,63.702366674201045,11.563532823963152,13.010897667664015,12.176880700054054,0.9896696814040652,1.125166319474744
2498,1870,1919,1871,77.67205382340663,12.144268893658952,16.659120777017968,13.893112306204932,0.9108465606847683,1.3717681091297653
2499,262,1633,1784,84.34622334482384,12.839655500424511,16.828459323081177,14.336820529165673,0.9333874765600232,1.310662838463601
2500,1927,693,692,54.91820962881303,7.790698411902492,14.87441741967529,12.363153169239192,0.7764911458078531,1.9092533985079458
2501,1587,1895,1937,44.6852601583756,9.95998283793898,10.35442721330687,10.162382242129064,0.9989950669827595,1.039602917172246
2502,1801,1800,1521,69.62789562515931,11.86365107771954,14.542393451821589,12.864465233354899,0.9633301785887659,1.2257940963160021
2503,2062,2059,417,74.91943138506853,12.621826580755314,14.247049828008041,13.217788366248252,0.9873033437663276,1.128762920077727
2504,1759,1757,1608,59.89787651992607,11.15069177280039,13.210506598581144,11.88297927442622,0.973528861162442,1.1847252948741003
2505,472,1808,471,31.05579605828898,5.852845608356392,13.940307583121879,10.291163917473778,0.6123625780354579,2.3817999851591205
2506,905,906,1800,35.50961075990964,7.438387147372426,10.425837120725605,9.31665635332635,0.9257492523892268,1.4016260399149136
2507,2159,1508,2098,46.017985125802554,6.847361379124184,14.500202846309792,11.620711090537474,0.7249482382458904,2.117633646519245
2508,1571,1776,1777,75.23514944040767,13.101958840453374,13.283855560052698,13.182012187578323,0.9998672853070552,1.013883169823256
2509,1586,2097,266,91.77101897157013,13.462082548527952,16.133270546676037,14.687289455565683,0.9769789399694663,1.198423088591161
2510,2097,1633,1782,62.17402554073698,11.055447736576788,13.010897667664015,12.062167407123662,0.9825496818823026,1.1768765931222893
2511,268,255,1661,29.022712754634444,6.2671505794602105,13.66348024805914,9.977820161322818,0.6167489582957896,2.1801742394445505
2512,1080,1899,1612,81.1508534573648,12.18913556130851,16.083798111692424,13.986582947211945,0.9455713080868757,1.3195191759739375
2513,255,256,1661,37.04741079590762,7.999999999999984,10.178685231333954,9.39383829592768,0.9589398816054232,1.2723356539167467
2514,2167,2122,1855,76.91927952778306,11.661500424074315,14.997035558852247,13.535369113908084,0.9594480789880799,1.2860296714385022
2515,2063,422,292,33.74987432123175,8.535368007972819,9.075558619038178,8.836964688769806,0.9974333091727202,1.063288496824129
2516,266,267,1586,62.45106337255993,8.0,16.133270546676037,13.411431140139305,0.7414821900354921,2.0166588183345047
2517,1574,1725,1847,82.10618403174998,12.536021958075727,18.59415683457026,14.748689768469129,0.8428367855016541,1.4832581577118147
2518,257,1661,256,52.39240345854729,10.178685231333954,11.627982136694511,11.05114449382151,0.9875410127140636,1.1423854724281144
2519,1783,1784,1633,72.32759717826323,12.047777582409845,14.15607331738867,13.014502133407674,0.9817793585369781,1.1749945764318397
2520,1774,2282,2283,79.99206108704668,13.003699601939113,14.131951014069182,13.615287147076236,0.9953718230938402,1.0867638784859213
2521,1784,1783,261,94.97656567967253,13.721267010855096,17.535920528404226,15.137753618882664,0.945187517363176,1.2780102970470075
2522,1661,259,1586,102.54513869739907,12.641983111660194,17.49213396330846,15.822062131924477,0.9272488791721766,1.3836542739227982
2523,1661,258,259,49.0958399476844,7.434032216075155,17.332069320804777,12.835668137989847,0.6247195217308515,2.3314493153966116
2524,265,2097,264,39.32603537472813,7.999999999999886,11.956211608534993,9.953405809564275,0.8931893291500721,1.4945264510668954
2525,361,1953,1946,94.77546666392972,14.235606609893692,15.916561126812756,14.8548523274191,0.989328589615025,1.1180809896608697
2526,2120,2118,1507,55.26028837867797,11.04224062077229,11.536304437998114,11.302244407661574,0.9987198572247405,1.0447430765361523
2527,1892,2172,1891,97.33120876388548,14.364121081086509,15.564844036352214,15.016834259223254,0.9956842575910251,1.083591815224025
2528,2020,1582,186,80.8559195083817,12.125417539594627,16.155363731419637,13.984116414426543,0.9415950393435129,1.3323552511627355
2529,122,123,121,39.00872409545809,8.0,14.451169113527042,10.853598051398693,0.720615898566097,1.8063961391908803
2530,115,121,123,29.910257452670834,4.143623681009428,15.21025912228613,11.268350638940866,0.4530901237331323,3.6707626689161015
2531,826,2231,825,57.09133764285523,7.999999999999886,14.877640563038288,12.549321875074611,0.7855712681043525,1.8597050703798124
2532,1503,2144,2145,69.16786564516373,11.285489901683968,15.069841437410343,12.956463717230681,0.9376691371946876,1.335328955029386
2533,1991,2203,1535,98.74427276283102,14.439469226077785,16.192103927415356,15.158889135356937,0.9899589880023674,1.1213780557925426
2534,118,119,117,39.098533021942174,7.859273561601984,11.557779765273771,9.853821188429265,0.9082110406561298,1.4705913561453772
2535,1923,2173,1876,42.1752945973347,9.172523031444351,12.483472670403671,10.293652864476508,0.8988741705802713,1.3609638948421328
2536,2142,2172,1718,82.7937413407139,13.0278395764443,14.366532009105097,13.864723651116208,0.9928269359064787,1.1027562877793868
2537,1029,2229,1028,35.142883603232555,7.999999999999984,11.500416365033834,9.435065933804525,0.8893041946051014,1.4375520456292321
2538,2144,2141,2146,82.4811630629341,12.774150325450588,16.14990807408831,14.066369365805722,0.9520527924300365,1.2642647583308948
2539,1774,2283,2284,79.27343139867672,12.810323143550292,14.175712629620303,13.565415532797003,0.9931239195839738,1.106585093191615
2540,547,2202,546,48.928130100585804,8.0,15.454760711451277,11.923988718155067,0.7457357854587212,1.9318450889314096
2541,94,95,1682,54.89847437511024,7.697334106049723,15.013317743741556,12.42998765820748,0.7649718058181089,1.9504568123062025
2542,832,833,2232,34.39983230368641,7.407148831513974,10.38941404087706,9.161346002512728,0.928604276868746,1.4026198578155922
2543,117,120,116,40.83333333333245,7.999999999999886,11.557779765273617,10.029063132232482,0.9171695669718595,1.4447224706592225
2544,120,115,116,42.12825754114775,7.424883350079871,14.875277243198129,11.285980119517205,0.7119116608411673,2.0034358173503306
2545,581,2254,2255,53.07485298776397,9.908502960357268,12.73599070909366,11.258432708378242,0.9568924058127912,1.2853597319442533
2546,2218,1575,1911,87.49319176176427,12.221784960805824,17.52153409100146,14.739085263412258,0.9103423743848992,1.4336313514917387
2547,630,2208,629,32.9562093414396,8.0,12.138976545858439,9.476217974237256,0.8152406918287637,1.5173720682323049
2548,1682,97,1680,106.73788606318774,14.871358905711224,17.831042833263847,15.895215578834893,0.9684399748512807,1.1990190638473517
2549,2258,237,238,36.72778290222453,8.000000000000094,13.937606903558338,10.483349764606276,0.7296410778515944,1.7422008629447718
2550,99,100,1680,45.10494124339411,7.999999999999984,12.231629311267545,10.656630670483887,0.8892902243613215,1.5289536639084462
2551,98,1680,97,43.84783096547608,8.0,14.871358905711224,11.341088769652723,0.7418073295562542,1.858919863213903
2552,99,1680,98,41.59840931865299,7.747365951976979,11.73826270018413,10.212512018469353,0.8945559077509149,1.5151294998771485
2553,1680,92,1682,125.26095141715007,15.09564725814997,18.67966844353723,17.202119511650352,0.969912043427021,1.2374208355625353
2554,91,1680,1681,81.75699044329572,12.426264728593377,15.101104695819089,13.870076627722815,0.9752862136912334,1.2152569598063356
2555,92,1680,91,58.23550236785695,8.0,15.101104695819089,12.73225065132302,0.776015345728329,1.887638086977386
2556,90,1681,89,35.01249457430772,7.999999999999886,11.32111096133576,9.37085765670823,0.9002303003506498,1.4151388701669902
2557,1973,89,1681,61.41133057044458,11.32111096133576,12.767280943544732,11.956184559095325,0.9895961876945336,1.1277409953093809
2558,1681,101,1973,49.34607277681139,9.322554594548869,12.767280943544732,10.966512604074687,0.9321536820327702,1.3695045509317887
2559,102,103,1973,34.683194518282335,5.658347319667521,12.652722965269259,10.27597906602867,0.6889501919800045,2.2361163517287803
2560,1682,95,96,50.73670113683641,7.885361315507226,15.013317743741556,11.922720284797483,0.7756232891917556,1.9039479794307719
2561,1932,2174,2175,52.54175876298125,9.294217871026659,15.405068740943982,12.021970614238072,0.8037556833605971,1.657489522487631
2562,1928,1926,1876,80.4777393880159,12.86225487469754,14.469518040503301,13.680179609215314,0.990815066899221,1.1249596732037668
2563,2206,629,2208,64.61389750702843,11.47788199618889,13.225902068042066,12.28092020336313,0.985985673321853,1.1522946543999657
2564,2145,2178,1503,50.979816959324005,9.50413601430759,12.292147637096233,11.027257851029264,0.9577284127683945,1.2933471931158762
2565,2276,2287,1571,54.046581765491055,10.391010640937537,13.469323523333005,11.474488217115761,0.9338368519637643,1.2962476883882514
2566,41,2260,40,31.316799688865174,7.999999999999863,15.875249618370312,11.208324787172506,0.5278018689084975,1.984406202296323
2567,2198,2261,1520,73.20809301282277,12.631872495167098,13.790823271237024,13.036733316567014,0.9931015054795495,1.0917481376188158
2568,670,2206,2207,76.42118806918619,12.338228477139484,14.404115988914745,13.365547057173103,0.9840420130918758,1.1674379361350762
2569,409,2284,2283,72.79594704463993,12.750958328204065,13.363388694683524,12.974890055479293,0.998166610791122,1.0480301441441318
2570,826,2233,2231,76.35019651035716,12.576547231050524,14.877640563038288,13.410373568132632,0.9745855067872987,1.1829670170765583
2571,1640,1936,2177,98.47090795945763,14.264530281189906,16.642397219615543,15.193760119355238,0.9805163655620087,1.1666978786929452
2572,2241,1505,2239,99.89040961886487,13.339498869348112,19.46288745594236,15.935538065574173,0.8851322333237139,1.4590418760531363
2573,1656,175,176,52.5759378583923,7.779385746553034,14.437996216072383,12.000679978254778,0.79360267782925,1.855930106367294
2574,834,2231,2232,91.28535030972284,12.409143519868325,16.443988356328337,14.804330687258684,0.9489012109741571,1.3251509526019911
2575,174,1656,1831,86.64184090152102,13.340058997583807,15.943472917726753,14.301199959226446,0.9718525803128248,1.1951576016728624
2576,1932,2175,2176,73.57081323121112,10.893720744351002,15.405068740943982,13.416119248765854,0.9257760507690169,1.4141237050648983
2577,2136,2146,1647,76.30862055163635,12.365288324197971,15.342389397144432,13.490424233156858,0.959149039720927,1.240762770336741
2578,2287,2286,1625,92.86869537321414,14.04764720635873,15.390976837993417,14.676405416012239,0.9942965180604694,1.095626663447714
2579,2291,2286,1623,75.32437846672401,12.275332219795205,14.984671506393346,13.357187918536438,0.9675585473122765,1.2207141312419276
2580,523,524,521,9.895328376232335,3.4985268984506774,10.762016723835346,7.420181207428695,0.3569540671854111,3.076156632839183
2581,521,522,523,74.46845636168807,10.762016723835346,15.310877911948834,13.51294141573827,0.9221198345083943,1.4226773944737352
2582,178,1656,177,38.14391007283878,7.622710091749161,11.845071013250099,9.852702817879576,0.880232402235539,1.5539186025284146
2583,1656,178,179,40.355010085932776,7.999999999999984,12.765675036913462,10.285334128517638,0.8503866474636143,1.595709379614186
2584,1656,179,157,30.978630859593235,4.892150579460235,13.08476706533885,10.247530893904184,0.5993359941361674,2.674645200063022
2585,1683,1831,159,70.08278070995257,10.672105194652913,14.309292200325393,13.010696071687804,0.9408534818373279,1.3408125144320011
2586,160,1683,159,53.64829984510575,8.000000000000114,14.309292200325393,12.018530738605646,0.8120446544531761,1.7886615250406488
2587,1831,158,159,51.42271699695448,8.0,14.050690820085105,11.705246924623106,0.8244680698046539,1.7563363525106381
2588,176,177,1656,47.24542839511014,8.0,13.784657972138916,11.209909661796338,0.8300970078215734,1.7230822465173645
2589,1533,2259,2157,51.881022429034005,8.946527028205011,13.121625866896373,11.333872496878683,0.9108451761757672,1.4666725787033177
2590,1683,160,161,48.014353470675644,7.591992013883634,13.746300015491432,11.392833509652329,0.8084505537808808,1.8106315167815359
2591,101,102,1973,42.92625088090854,7.999999999999984,12.652722965269259,10.487475079799902,0.8722967792189803,1.5815903706586605
2592,107,88,1973,13.013922717429313,2.4955806953519186,11.574256627185921,8.266756572273462,0.3531189395599586,4.6379011701538095
2593,106,107,1973,43.69432981444378,7.999999999999984,11.693861573314987,10.42270606683363,0.904434777313796,1.4617326966643762
2594,1973,103,104,42.44279930287476,7.999999999999984,12.516866913149233,10.40480432533421,0.8774814915904612,1.5646083641436572
2595,105,106,104,25.747053796901028,6.62386837240606,11.527680470387576,8.717182947597847,0.7408978323174352,1.7403245086224821
2596,830,2233,829,28.798503199360944,7.391038258977379,9.465002568761044,8.302055973337692,0.9545667292819926,1.2806052731853423
2597,171,172,162,81.66666666666607,8.0,21.83653585360992,16.75159588773758,0.5907695975560413,2.72956698170124
2598,165,169,170,57.74705379690097,7.999999999999984,15.173634470366606,12.663075953471889,0.7787646538275835,1.8967043087958295
2599,2258,2257,237,81.79174631761036,12.259250330948342,15.679652207196526,13.958836480567735,0.9598105459136899,1.2790057943113713
2600,171,1684,170,50.48793734944518,7.438387147372576,14.190602038522831,11.86674848077193,0.7740465290847557,1.9077525486872926
2601,1684,162,163,40.561185043543446,8.0,14.04631156174768,10.777134218546431,0.7655405557236951,1.75578894521846
2602,164,1684,163,35.05211525342948,7.464818016813477,10.285091093891616,9.231529238227747,0.9325850888573045,1.3778086847831872
2603,162,172,161,81.42745553690416,7.750632037083852,21.83653585360992,16.892156807898292,0.5746826072520779,2.817387762588951
2604,165,168,169,54.66611006524805,7.665915577925563,15.173634470366606,12.43890755248624,0.7596119127632736,1.9793636280133247
2605,167,168,166,21.6807800761563,5.918832256276687,10.10212394733382,7.806668066029396,0.7830253788980447,1.7067765244775972
2606,166,168,165,38.91512754733585,7.999999999999984,14.47717260916655,10.85976551883345,0.7177374146117722,1.8096465761458222
2607,1684,165,170,75.56045551158195,11.33775597688917,14.815593390049077,13.447983801820358,0.9528201989355851,1.3067483036545429
2608,670,671,2206,44.48017289173611,6.515514993817909,14.404115988914745,11.569505873239505,0.7002794050910962,2.2107409778938036
2609,559,560,1662,31.427965529035784,7.391038258977423,9.695869853414166,8.6733268349222,0.9531696565979493,1.3118413832640106
2610,1735,1504,2193,90.5720133484748,12.064813394649972,16.45499478837073,14.817501999185831,0.9363211626118542,1.3638830746994846
2611,1539,2106,2040,95.0026726306357,14.291287002021411,15.305606562736676,14.829558663517886,0.9968651548986601,1.0709746827260411
2612,2250,986,987,35.19049974083828,7.442950021904397,11.344098996720447,9.438662891061403,0.8869358349608282,1.5241401545536482
