element_id,node_0,node_1,node_2,area_um2,edge_min_um,edge_max_um,edge_mean_um,quality_equilateral_normalized,aspect_edge_ratio
0,2174,2792,2173,12.230919864369401,4.999999999999998,5.758886601179881,5.343334235515729,0.9859086764309758,1.1517773202359767
1,3079,1803,3448,13.952120925297457,5.137646638742155,6.986986109460694,5.86881905150318,0.9182942424384752,1.3599584791941453
2,2176,2161,2162,10.433372067916372,4.404022747067744,7.6460187346347634,5.683347160567503,0.7027670340229719,1.7361442421535136
3,2574,2737,3429,28.908707028312,7.570959292423972,9.774501928521623,8.374133009634203,0.9388037354845639,1.2910519725423262
4,2162,2163,2792,14.259067925831637,5.000000000000003,6.396289722818415,5.825317246383972,0.9602906494866399,1.2792579445636825
5,2162,2792,2175,19.346495546398984,6.1048382661096605,8.226177750933536,6.909101913287205,0.9189921665395745,1.3474849606745944
6,2173,3135,2172,13.220652311030745,5.0,5.87598565821943,5.566455799653066,0.9802693023842572,1.175197131643886
7,3086,1390,3464,13.035609325963986,4.999782161352415,6.6679595216660905,5.650022029618756,0.9275993380761344,1.333650008436056
8,2166,2169,2391,19.473626999243287,5.914844123932602,8.050128747004928,6.891204664753913,0.9317758335636568,1.3610043778554621
9,3568,3269,3463,15.398902803641562,4.766281104659007,7.036525647157801,6.187039649642007,0.9048539698637361,1.4763136064886409
10,2792,3135,2173,13.997811206663254,5.490758607249272,5.823381740739765,5.691008983056307,0.997476995641885,1.0605787209533017
11,2391,2172,3135,19.224934036675638,5.87598565821943,7.244693622571456,6.741705827347068,0.968785255645091,1.2329324889412305
12,1092,3416,1091,10.601624743580537,4.610892382379522,5.30633990277931,4.972410761719611,0.9870009070621724,1.1508270986886258
13,2164,2165,2391,12.362949775410241,4.967150817251365,7.3715201119636875,5.779556976405018,0.8234926182650277,1.4840540147002843
14,2166,2167,2169,11.893510158662806,4.983901596890124,5.914844123932602,5.299581906940908,0.9714233956527818,1.1867899092597196
15,3783,3129,2774,32.58418582459489,8.289087502331787,8.926075835401354,8.688219803290087,0.9958203280669247,1.076846617060126
16,2510,3550,3302,17.823497181264294,6.101797614902217,7.0550835534828185,6.460257512592965,0.9820415307667371,1.1562303437027186
17,2160,2177,2178,1.3277072712041909,0.6404328261196162,4.170431750438459,2.9872003517327053,0.2625832919500874,6.51189567484714
18,2225,2158,2159,6.725211666199013,3.217584667995169,5.000000000000001,4.141566632071764,0.8782523764946335,1.5539606617765958
19,3686,2703,2486,25.284983549422073,6.499741248398918,9.580548600371431,7.9711808326756,0.896547730497602,1.4739892303761184
20,2178,2159,2160,1.4149877902010304,1.0530694134215037,5.000000000000001,3.4012686306871824,0.22620842186453746,4.748025093383555
21,2179,2225,2178,7.370477838294258,3.398816853365137,4.684044316804498,4.238669118767625,0.9291443794401811,1.3781396641501498
22,3556,3448,3239,12.137706238278987,4.000337464943769,6.467282068627807,5.595721369045006,0.8601485814260147,1.616684123602736
23,2183,2179,2180,12.487500000000011,5.0,5.814346083559487,5.401278241781809,0.9847783548411415,1.1628692167118975
24,2499,2989,801,25.467667600018196,6.743328641853017,8.274249867157119,7.762307393541827,0.9677894210148698,1.2270275269993982
25,3693,3518,3095,20.6559135886196,6.81659654589417,6.964943227410137,6.9076333487613555,0.9996469809485231,1.0217625732309652
26,2184,2225,2179,9.956279187926658,4.466842532139034,5.389488641785941,4.846791830243158,0.9723649811587775,1.2065544292211885
27,3638,3139,3526,31.330324924422964,8.18876380462306,9.147107412616652,8.540425911077902,0.9894675946006127,1.1170315362439138
28,2937,2427,2938,14.479332468053585,5.557150291806307,6.318213246101976,5.817157197112451,0.9845039953948646,1.1369520193502436
29,2180,2181,2182,8.81478148749521,3.8142209440421584,5.79919897159808,4.748661067004208,0.8769517470841718,1.5204150616016285
30,3344,2607,3055,16.872026326251433,5.824763007177624,6.788939528097448,6.280444946714009,0.983938339343787,1.1655306009414816
31,2302,3551,3226,14.11668448839522,5.570660144563472,6.003067326992647,5.720584936290578,0.994996066728134,1.0776222514401943
32,2391,2169,2170,13.89493567086963,4.9999999999999964,8.050128747004928,6.222927757266625,0.7931439679953717,1.6100257494009869
33,3427,2571,3428,27.55425102293667,6.715492134956426,10.725828124165478,8.549907208229625,0.8390568995196148,1.5971767829693204
34,3335,3336,3041,21.805259507032975,6.175956611161442,8.032788730360876,7.216604734541778,0.9559195437403364,1.3006549812613144
35,2171,2391,2170,11.968748436404038,4.655591486762428,5.6700269875490035,5.314757666368794,0.9710620925071485,1.2178961585592274
36,3530,3401,2925,21.8739194458269,6.019335977404661,8.456369534596723,7.312978789859947,0.9272193363703543,1.4048675080341386
37,3102,2525,3520,24.82248671871512,5.969134328947097,9.73967396999025,8.02479268283871,0.857840632276645,1.631672774184032
38,2169,2167,2168,5.784159371000855,2.3866418099653828,4.999999999999995,4.123514468951834,0.72159161685182,2.094993886021178
39,2202,2203,2378,8.014465620686028,3.2256922858529546,6.24364896486043,4.823113750237795,0.7464330957922263,1.9355996826614388
40,3465,3463,2945,25.40286064315017,6.757832052721898,8.306814781596865,7.74838308339714,0.9691842050347457,1.2292129660504174
41,2200,2198,2199,12.48750000000002,5.0000000000000036,5.64788668374976,5.391348420779038,0.9894653952481228,1.129577336749951
42,2496,3297,2986,18.419005369896404,6.012482436538983,7.3100608053668825,6.591840159564889,0.9724354489922626,1.215814080543882
43,2356,2378,2203,9.612305444994567,4.339968746913041,6.24364896486043,5.00456402777811,0.8599242186281335,1.438639153634793
44,2378,2201,2202,8.014465620686021,3.2256922858529546,5.641544916919452,4.622412400924134,0.8258827297123623,1.748940821684014
45,3129,3610,3574,25.1998124911248,7.01544364078405,8.562469711458933,7.712886875497727,0.97157544444617,1.2205172117243301
46,3603,3257,3561,18.205779327060863,6.048119222238964,7.091299626534742,6.528134692509918,0.9823154262321983,1.1724801324120726
47,2193,2392,2192,13.340482009526994,4.997076070740011,5.991013796313358,5.597910174056655,0.9773401406897778,1.198903861278653
48,3043,217,3336,16.124237777376457,5.6852565941173,6.9181181572960435,6.1773682456227235,0.9686094607523601,1.216852404595849
49,2191,2192,2392,12.050579861932523,4.685155000328386,5.991013796313358,5.355893729160961,0.9606212074181382,1.2787226454393597
50,3412,3537,2824,14.81377789604914,5.344065653736284,7.363351830215154,6.0912544178965184,0.90217022950682,1.37785579506627
51,2186,2395,2226,13.17962785160445,4.673736210477859,6.329660108845547,5.641213368751945,0.9417627082355416,1.3543040992889885
52,2496,3296,2987,21.99759442391385,6.545775083063841,7.798064562201895,7.182440017110385,0.9797919259183483,1.1913126349816319
53,1137,3414,2694,21.40328158084583,6.673987531082743,7.801833031475464,7.089024485241357,0.9785817962140781,1.1689912507537676
54,3218,3344,3500,14.637204482881515,5.3238937872764405,6.899866113479476,5.94753745101363,0.9431382635066733,1.2960187391359024
55,3498,2585,3333,23.455800787637827,6.619106897840579,9.814920193341282,7.841128553938407,0.8534818092191777,1.4828163897070927
56,2188,2395,2187,10.688339864956378,4.620640090284652,5.75694258642815,5.05187199984464,0.9576924868790946,1.245918849756917
57,3417,950,3180,17.115853656499922,5.474136083324136,7.597991620919818,6.477293642578373,0.9253953951588989,1.387980040186722
58,3647,2426,1544,18.796285143373417,6.427572367876704,6.790708758421408,6.593648726938116,0.9979194673530603,1.0564966630884722
59,2194,2226,2193,8.60357689142651,3.912631108186219,5.0,4.523421054959273,0.961374134529066,1.2779124486176907
60,2451,2317,2769,15.714312228462685,5.894689762412743,6.1005346888586205,6.026310150214134,0.9990509706050335,1.034920400350573
61,2194,2185,2226,2.1785856281757834,1.1619902321608249,3.912631108186219,2.9415459370654653,0.49130643723278444,3.3671807213992935
62,2395,2189,2190,13.44125790072406,4.7815168569257045,6.305828985128026,5.676742834143943,0.950783520289367,1.3187925869161077
63,3337,3044,2586,24.984042876967806,6.99971784714495,8.486898567505143,7.673649869889452,0.9735915632273592,1.2124629524841184
64,3258,3604,2930,16.556284913943497,4.9944899696606475,7.559189490261474,6.440727080226986,0.8968436292324468,1.5135057906173122
65,2997,3302,3550,17.014685182859182,6.044544587861847,6.7320203492247765,6.2927875173296135,0.9898617076943821,1.113734914412487
66,3336,217,218,12.953734120461888,5.0,5.928729985454829,5.508883448165183,0.980975903245929,1.1857459970909658
67,2939,2673,3465,40.645122505928214,8.677167364350106,11.3949411701883,9.897678147506419,0.9459104574076013,1.3132097943626269
68,2148,2149,2393,9.693184636712802,4.155968098189643,5.225838652927425,4.793935583705689,0.965147219793154,1.2574299247397551
69,955,3292,3476,12.873623777600626,4.704319284073235,6.497838634751515,5.601893225722311,0.9314802586557009,1.381249494852603
70,1808,3080,3449,16.68487578793574,5.773370846402166,7.856768186050836,6.475899412496779,0.8983767396023927,1.360863245247271
71,2148,2393,2147,8.979157326464927,4.000088710465769,5.225838652927425,4.6356546696157315,0.9538075004682371,1.3064306897131115
72,3429,3430,3206,20.71426224753595,6.042794408299522,8.198494440328513,7.0898351207301005,0.9372160669495534,1.3567389334093891
73,2031,3309,3482,14.72425041130828,5.427032291487606,6.866633172401121,5.951732348481033,0.9486546884936506,1.2652648452399213
74,3320,3373,2719,29.32045669219017,7.348100305515884,9.111083035943542,8.322706777874421,0.9700568958558085,1.2399236070721935
75,2151,2152,2393,11.361445337582735,4.690068963251725,5.950257020674209,5.213441994641979,0.9552451453672939,1.2686928630040375
76,2149,2150,2151,8.316237361146852,3.542321972014347,6.228339791895791,4.832701945152262,0.7818886289179777,1.7582647317499587
77,3573,2957,3471,15.407286200950006,5.829920911425015,6.037301804865322,5.96737137292735,0.9989509790780109,1.0355718193421628
78,2933,3554,3442,22.617853170397233,6.205228479955637,8.029483884511318,7.352686577690566,0.9544338487791721,1.2939868226365008
79,3436,3221,3057,14.512690873796606,5.002874250209732,6.632004224047138,5.90214781541646,0.9496651406903155,1.3256388012889009
80,2416,2136,3402,22.0800891735122,6.215587234946856,8.080606344287377,7.261522389500861,0.9560632660347272,1.300055174007459
81,2394,2147,2393,7.760617718755746,3.6748776408124995,4.681036645453999,4.297599797086126,0.9601247637478724,1.2737938791396175
82,2036,3004,3483,17.02200695077344,5.380727120796022,7.917981639803262,6.552018810823867,0.8930006581369796,1.4715449161510126
83,2154,2145,2153,6.846292834005275,3.3226688899564247,4.685795423364009,4.0905799405363785,0.9269171919178496,1.4102504879520095
84,2154,2144,2145,6.243749999999999,3.3226688899564247,5.0,4.027008415838643,0.8623073646753806,1.504814402396133
85,3338,235,236,12.710235700031468,4.999999999999879,6.600522893226667,5.581907958938032,0.9265477702829046,1.3201045786453651
86,2039,3005,3484,14.535302583469354,4.9500885955266325,7.242460487249874,6.036086098927957,0.8995223538137099,1.4630971441187628
87,2145,2146,2153,8.84767359959667,4.263275508288701,5.0,4.556118358096428,0.9795180851587384,1.172807150342255
88,3579,3483,3004,22.91544623493594,6.357347671872318,8.896455620299827,7.5177275674569115,0.9185341404955428,1.3993973712750731
89,3493,3322,2554,25.0215554647203,5.831790084136276,9.239548450281214,7.99447423451761,0.8719853788789059,1.584341740182791
90,2993,3299,3300,17.914439097329737,5.569446278539618,8.121410030312978,6.717683992548923,0.8946118514315885,1.4582078045364535
91,1984,1985,1986,11.870892806361129,4.844957798845369,6.042521973981255,5.319917824252855,0.9595199767536118,1.2471774213226963
92,3403,3159,3533,16.510176292412805,6.013626979483495,6.3540075955773325,6.179551909862052,0.9979692014014612,1.0566015513192129
93,2815,3162,3403,11.37470059201283,4.646735308363393,6.110938294294067,5.250820885594573,0.9394709556855718,1.315103591826145
94,1984,1986,1987,8.802434684136966,3.968053475054471,5.072273699931941,4.575588686257354,0.9613617299903208,1.2782775564440476
95,3604,3261,3562,22.19639916046696,6.434594741313883,8.177817882459166,7.269283326865818,0.9608018001306442,1.2709142084664269
96,2394,2153,2146,6.927580321611227,3.474031784962077,4.405079566000585,4.059199171801162,0.9608629019579659,1.2680020905590739
97,2575,3430,3032,20.020115280902115,6.354216545075412,7.86176124782122,6.9101939137181505,0.9590661390573565,1.2372510744718281
98,2868,3337,3545,26.958038637854152,7.174464941750355,9.394423720708595,8.079823069511109,0.9405981751838736,1.309424995031983
99,3578,3482,3309,19.52676413570627,5.5615315815543696,8.66712170924433,7.089068577593486,0.869494497810269,1.5584055546839117
100,3147,1820,1821,14.816834804912194,5.000000000000001,6.4839302016384215,5.955694051741688,0.9523877133402073,1.296786040327684
101,2752,3220,2880,19.99676002199401,5.220797879220974,8.809039982922446,7.24655532605399,0.8432369987312882,1.687297648120577
102,3258,3458,3604,9.206477436446548,3.896548756418018,5.24649959596512,4.712512774014595,0.9428053606456109,1.3464478244558324
103,2155,2156,2157,12.480211508364409,4.998536784271997,5.795258941688855,5.398207431535316,0.9854810583505152,1.1593910761892883
104,2953,1040,3179,13.364503233181107,5.094139221836164,6.453368797654519,5.654074506689139,0.9553902249371395,1.2668222277852126
105,3458,2020,3261,10.704668676850947,4.462852294588278,5.774259339673293,5.064759933420388,0.9528665897607266,1.2938495290725276
106,3183,915,916,19.673045365426255,4.859752647178739,9.047272746249838,7.348323212310281,0.7938360720644083,1.8616735054410856
107,3358,1802,3079,15.983571224898267,5.654011776323326,7.2951229864478915,6.232866132987129,0.9365241847329181,1.290256065082295
108,2589,3046,2590,15.18249701327127,5.503711173717127,6.554070664864112,5.971577545542018,0.9780277578498529,1.190845678124055
109,2768,2786,2656,16.457550892354504,4.792047912114772,7.817572154911819,6.519824276323081,0.8613268895317593,1.6313635210424797
110,2988,780,781,14.492247118504316,4.999999999999943,6.484302803402523,5.882657132526166,0.9559035351698091,1.2968605606805192
111,2827,2446,2683,17.25728599880751,5.799856611783655,7.408641675314713,6.439635144530467,0.9499346124417803,1.2773835925982144
112,102,3057,3221,14.585193585194027,4.874328319281989,7.115815629804048,6.020569640359516,0.9082435241785378,1.4598556280370216
113,3526,2794,3138,17.101379264962024,5.6188398452124275,8.21572204281984,6.640853117820122,0.8703377518635583,1.4621740909415855
114,2932,3259,3260,14.035689847538297,4.545276682912619,6.603975742872898,5.902500711952983,0.9064102078379233,1.4529315162924386
115,1990,1988,1989,12.480211508364434,4.998536784271997,5.795258941688863,5.398207431535323,0.9854810583505149,1.1593910761892898
116,2499,789,2990,16.774801723388155,5.289843586164861,7.540291725109143,6.429035066001927,0.9185047389750909,1.4254281061977219
117,3718,3299,3617,43.53829142171863,8.680969880920312,10.974622584357476,10.180363924926658,0.9597400030245088,1.2642161803231602
118,3821,3855,3929,39.658052708850285,8.899375868957609,10.249428940776369,9.617537925706914,0.9868736866544447,1.151701994802574
119,1407,2937,2428,22.33548919062145,6.548132327579271,8.073787636288042,7.2663531831319785,0.9697283694813925,1.2329909098328773
120,2704,3100,3370,15.455181370291012,5.724249668194649,6.428628771517055,5.9991289743324785,0.9891370344619537,1.1230517786874517
121,489,3046,2870,15.812915843989279,5.611626778401376,6.514843246011868,6.07667614693554,0.9853232043701626,1.1609544795614148
122,2989,2990,2500,20.337314390809027,5.8717986757388845,8.347696899255684,7.084036995996399,0.9172066345671447,1.421659249617451
123,3224,10,11,12.097348015059195,4.9813806417035105,6.163357774509915,5.381579472071066,0.954576365240417,1.2372790231910882
124,234,3338,259,21.34048203279511,5.898014572561277,7.932772347260021,7.178860797332448,0.9411594525730463,1.3449902928630995
125,2958,3573,3298,10.57194351179187,4.587732370503436,5.882027677398564,5.057343727145651,0.9419688927096601,1.2821209264988354
126,2639,3045,2342,28.772362438018924,7.264007031043229,9.705368908683312,8.354242969652368,0.9382404838256335,1.3360902415439242
127,3592,2987,3479,29.220057592349846,7.935241682738648,8.741854171512465,8.239024102224173,0.9922226910361909,1.101649391540074
128,412,3551,2292,16.54720838673202,4.92907154058476,7.288345874839193,6.416785952308518,0.9035643521317261,1.478644774138243
129,2216,2203,2204,3.8243690287257603,1.9781523972067705,4.998536784272004,3.674052859705082,0.5853623680595076,2.5268714338339837
130,3702,3545,3337,24.417260664162193,7.174464941750355,7.919234323673542,7.5280916151731985,0.9933750753327578,1.1038083519774626
131,3182,3418,3679,27.733640225053783,7.276038312925465,9.760477429248603,8.250232058289818,0.9250326423105006,1.3414549249843386
132,2216,2196,2356,4.404574901734615,2.6567312379170005,4.005186679626188,3.3343249086177216,0.8906494715516352,1.507561857392259
133,2497,806,3297,15.150100162994086,5.60837658824178,6.36709496247692,5.94126912478717,0.9883815235107994,1.1352830649471413
134,2015,3457,3253,6.125635462169065,3.640931553778436,3.938958703845042,3.7676328828742185,0.9954747664970419,1.0818546423256223
135,2204,2195,2216,0.2952324606638981,0.2999837202680438,1.9781523972067705,1.416384671036454,0.25930951090554627,6.594199163338717
136,3402,3161,3530,29.463714330802116,7.078516024013228,9.100857407950462,8.390729948419201,0.9547658460330916,1.2857013217285407
137,3808,3488,3490,40.24056389344285,9.13964029416061,10.646098269900321,9.713362629834444,0.9803729075407759,1.164826834235719
138,3609,2433,2675,29.387647791836354,7.379631814830562,9.32161850642296,8.353280300732502,0.9639519699854872,1.2631549568217837
139,2605,653,3219,19.064323696895556,5.671069333330249,7.699742348467271,6.787504282819264,0.9412144213037001,1.35772319044206
140,2956,3280,3387,11.710788529073398,4.926433848570446,5.959566029033688,5.274526964168083,0.9639858700783446,1.2097119766995423
141,3415,2828,2454,25.21011003427814,6.9229454329222895,8.084532741636748,7.68358766733397,0.9813434970729084,1.1677880202825943
142,3011,836,837,11.37236618816454,4.974169194199467,5.379860596727173,5.134147824119366,0.995179141555894,1.0815596307019062
143,2990,790,2500,15.551803125656583,5.610459067447344,6.651656937250536,6.044638226812254,0.9777335552520466,1.1855815820570486
144,562,563,2611,9.39511892808218,4.200591344725958,5.525337939759383,4.766811438575762,0.9419811083864931,1.315371452806688
145,795,3100,794,10.49926130014569,4.308803423235263,5.8250421265938614,5.044615183276375,0.9386312678986898,1.351893218238332
146,2892,1539,2936,14.995174858517233,4.870833225132021,7.089573914307606,6.08838482429616,0.9134204161782014,1.4555156349282412
147,3172,2677,3409,18.743362663726362,5.240226514683008,7.84638859879041,6.839697152036279,0.900118408213292,1.4973376774467648
148,3426,3028,3497,16.115870371216428,5.553090600803952,6.561477155532564,6.143884717742469,0.981182424999522,1.181590149921671
149,1837,1845,1836,14.793252477543295,5.000000000000003,7.279730116324236,6.081867056459873,0.9023170127299568,1.4559460232648465
150,3035,186,3332,12.397237665686037,4.803407028018972,5.85851905301235,5.403181193006077,0.9741361468013686,1.219659091731922
151,3370,2502,2989,24.37774746714536,7.111323686811995,8.0505191569831,7.53424538117968,0.9891379092101253,1.1320704149514176
152,2396,1837,1838,11.27057255361856,4.999999999999999,5.31368902901669,5.1081758545783105,0.9966943553263999,1.062737805803338
153,1839,1843,1838,11.603303299297531,5.000000000000002,5.404114171131434,5.1847232632292615,0.9958195242851723,1.0808228342262864
154,2983,3671,3794,34.932639835761606,8.847075819302157,9.07474303651742,8.98343994692553,0.9995245901792947,1.0257336120844074
155,1840,1841,1842,0.7784993407095516,0.9067016014949737,4.999438715260126,3.3552388935637,0.1250876721642387,5.513874362874213
156,3682,3063,3348,29.126111597488098,7.07067613411433,9.627526058433583,8.399177588438725,0.9389048212517912,1.3616132143265707
157,1843,1844,2396,11.043263142713725,4.696702272755846,5.582403316380757,5.091874098038869,0.9785458214494067,1.188579346143058
158,1843,1839,1842,2.946626498424505,1.1787264019471335,5.150055618556349,3.7762606735011595,0.3858226177290128,4.36916964789199
159,2985,3583,2494,32.424190591195185,7.970008847507356,9.688295481710156,8.744844794752947,0.9727437259482631,1.2155940685988322
160,2739,3332,186,17.679330755137833,5.85851905301235,6.813241055413088,6.427485615111833,0.9842674853332144,1.1629630276460117
161,3253,3457,3603,7.540536767439488,3.640931553778436,4.574580216158245,4.230877597241815,0.9633876177536908,1.2564312590306457
162,1840,1842,1839,1.8768357838680743,1.1787264019471335,5.000000000000002,3.4461009219610452,0.2976118520744402,4.24186646853801
163,3462,3175,3567,8.958068641313101,4.402455080852023,4.736769695658851,4.554754179663671,0.9962878857238605,1.0759382228022931
164,1833,2654,2910,21.814252231420454,6.034065178217579,7.9388967403372455,7.236885530305831,0.9486882452417931,1.3156796464506106
165,139,2599,3215,17.97973308073299,5.888156061136944,7.2890669799103005,6.5252357652798025,0.9675766102158728,1.2379201407414555
166,2448,3089,1401,16.148124935882908,6.027122810891495,6.275859874803618,6.110191011152271,0.9985096935208687,1.0412696193053566
167,1832,1833,2910,14.326709757749228,5.0,6.52055242867349,5.851539202297023,0.9550726454900877,1.304110485734698
168,1830,1831,2793,16.235050600482616,4.999999999999998,7.065926997964546,6.309125226166143,0.9219135971126875,1.4131853995929096
169,1834,1835,2654,13.443384169978168,5.000000000000003,6.798403662542319,5.74701016711034,0.9236221238829968,1.3596807325084632
170,3410,3174,2820,14.432506897754264,5.405580418524613,6.105746008485152,5.794749271829649,0.9900952325328222,1.129526440409824
171,1845,2397,1836,11.292220788878792,4.521720932331278,5.965871053055379,5.212831467233199,0.9475038674331437,1.3193806389947942
172,1837,2396,1845,16.029607527521318,5.0108385347182445,7.279730116324236,6.290270829630667,0.9147777295973916,1.452796785585024
173,3865,3911,2771,35.735084234216295,7.913780316242531,10.697319143477543,9.300560470681267,0.9400265225441663,1.3517331434538278
174,1836,2397,1835,9.86656120750535,4.293252955625825,5.150902416312941,4.814718457312922,0.9770413409261739,1.199766813078941
175,2654,1847,2398,25.939651223991362,7.368098673882242,8.47756974067914,7.789238349307318,0.9834514101937603,1.150577661334755
176,3137,2793,3238,18.141194448270483,5.398165477417731,7.771210021805806,6.685127629835058,0.9177568871599476,1.439602037824755
177,2943,3567,1117,16.00690358274067,5.6835120260261425,6.31648793744702,6.100514453277061,0.990968645460829,1.1113705589998457
178,2398,1847,1848,13.924600399057688,4.999999999999993,7.368098673882242,5.980245312068675,0.8742948621204931,1.4736197347764506
179,2377,3216,558,10.781710902074048,4.073140918238283,5.8002965062885155,5.144910915677535,0.920356274312452,1.4240353139555169
180,2397,2654,1835,12.752134817668015,4.293252955625825,6.798403662542319,5.704571829675814,0.8754787528445035,1.5835087596303348
181,2017,3257,2016,13.241663357058291,5.0,6.91527855479473,5.746947844508681,0.9066857957161458,1.383055710958946
182,1848,1849,2398,11.68896222638118,4.6332593624054175,5.572637262323788,5.2459262046941335,0.9742599716575867,1.2027466684771733
183,3411,2329,2898,17.21815703139733,5.7537036637019705,7.623239313316819,6.4834551623517696,0.9311937114268642,1.324927344000886
184,3334,275,276,11.084061765947943,4.875892273298085,5.336965499362413,5.07095259088682,0.9939825452142776,1.094561815606409
185,911,3129,3474,13.356257651232397,4.665632702575539,6.954829868310575,5.796864690500765,0.89464270638948,1.490650960259119
186,1003,1004,2983,19.020777790672707,4.970303095448052,8.100710060656397,7.02257812824719,0.8541990013074453,1.6298221466765805
187,2124,3264,2670,15.601353795142884,4.881300421265835,7.457182811727411,6.271660702302223,0.8904912648918774,1.5277041296699352
188,2713,887,888,10.533811495349457,4.33237319986591,6.165921355216277,5.130392517859074,0.9040242848214128,1.4232202699913101
189,1096,2454,2828,22.519209032396088,6.502973494944263,8.043284827442871,7.293470176885546,0.9704227054071962,1.2368626188767529
190,15,3225,3438,20.758788274102876,6.878660235664729,6.998341603400137,6.9245043649444655,0.9997670192347796,1.0173989357861986
191,1412,2431,2430,17.24956793667929,5.442302250548713,8.402945684146863,6.72824863215408,0.8510948472712598,1.544005697827541
192,1268,1269,2241,8.182258094855664,3.6249147146076637,5.206871027941451,4.48745108462173,0.9188681551967909,1.4364120090767454
193,2249,2250,2235,1.8469417383069042,1.6570386287596504,2.4842578849163104,2.146638116161481,0.901065092328666,1.4992154327602258
194,2345,229,2374,6.465860083385087,3.2533721348652063,4.304157311378499,3.947725391804866,0.9435478785561705,1.322983394752912
195,1627,1628,2365,9.643443802217387,4.157867022919868,5.173830842447133,4.777232621788987,0.9674954704748662,1.2443473574135142
196,1822,1823,3145,9.765649764188286,4.345877977951422,4.999999999999998,4.7766140846706575,0.9844579863260561,1.150515505811997
197,1967,1968,2309,7.248489216162056,3.5287425473219747,5.0,4.230899311730988,0.9165633094429203,1.4169353340312651
198,3138,1818,1819,10.239942551663992,4.480039723130062,5.188653453293668,4.889564392141245,0.9854363722288888,1.1581713051572051
199,1353,2254,2277,6.0806569263078885,3.580079385293295,3.9465450143532843,3.7564296997484483,0.9935919855649833,1.1023624310023412
200,3390,1819,1820,10.005957307824273,4.60621815444065,4.999999999999994,4.815135214474857,0.995524153346194,1.0854891870850096
201,3138,2794,1818,14.13323151151303,5.188653453293668,6.6493686540686205,5.818953984191572,0.9533657718998272,1.2815210562670583
202,409,410,2292,10.732532632676879,4.853585904136167,5.124982195105348,4.98227656499627,0.997997558139008,1.0559166555057573
203,3240,2912,1806,15.50312296201011,5.20593320695469,7.449697502739357,6.218756823596557,0.9055824226939381,1.431001360675774
204,61,2269,60,7.787026598031929,3.822231195557405,4.554144387035699,4.275345102783053,0.9782580299836293,1.1914884668224672
205,1828,1829,2795,17.186911734857077,5.000000000000003,7.489830443621388,6.552454855689366,0.8988708666993513,1.4979660887242767
206,1827,1828,3142,14.15890195698552,5.000000000000003,6.360914909591061,5.800918159211363,0.9620525557355204,1.2721829819182116
207,352,3122,351,10.809458792938926,4.903126921737236,5.091189325323802,4.998105415687013,0.9990563738468058,1.038355605838556
208,3142,1828,2795,15.65032985496724,5.219146791954232,7.489830443621388,6.25027226787288,0.9047719530585715,1.435067979917256
209,1855,1856,2796,17.61183630242058,4.999999999999975,8.728512150416806,6.92497298920604,0.8089324675375011,1.74570243008337
210,1829,3141,2795,14.16291215632338,5.2089906404268635,7.167534123446706,5.947034882256415,0.9054595785732171,1.3759928973224926
211,549,2877,3216,20.330664136527183,6.031490689848638,8.050812746006573,7.006070243588428,0.9434277917181242,1.3347965138297528
212,3040,3335,2584,28.75940639107344,6.936769634590865,9.269688303816693,8.318681034090588,0.9461060715229261,1.336311971150448
213,1853,3136,3389,14.317167302634312,5.424000423807802,6.034129733213391,5.766667860613761,0.9923393556417137,1.1124869582840595
214,3136,2795,3141,13.376072498173265,5.2089906404268635,5.9766316425529356,5.584700820821225,0.987326754732685,1.147368474070279
215,2421,3259,2932,19.161816346493474,5.849192151297709,8.255156380624804,6.902774758265136,0.909461477839876,1.4113327391361736
216,2793,3137,3389,22.44543085136684,6.5665072577501755,7.771210021805806,7.250824466673191,0.9811796507368764,1.1834617273336248
217,1850,1851,3137,18.184985286760515,4.9999999999999805,7.867559157558039,6.804016469475095,0.8760338155124128,1.573511831511614
218,3256,2929,2419,19.495844147880653,5.684850694776344,8.391360976242781,6.995873446136263,0.8974826438047896,1.476091708785488
219,3175,1116,1117,11.248444688865646,5.0,5.278257170329915,5.101516902824052,0.9975408891031886,1.0556514340659828
220,3143,3393,1825,11.661064764518777,4.737246858313155,5.924199646163524,5.263805490186201,0.963460231861554,1.2505575122747608
221,2737,712,713,12.307573698023134,4.633556730765308,6.347401464151096,5.47280490105781,0.9336885217967241,1.3698767130671816
222,2799,1862,2632,18.00389482076318,5.665667875645486,7.463775737860971,6.573986269797062,0.9502216423730936,1.3173690907553643
223,533,2463,531,12.5883826873268,4.904732645132669,5.904821618877129,5.43786447480603,0.977550501402134,1.2039028518174018
224,3145,1823,2797,12.778520913046552,4.983964276060552,6.213796954834856,5.511132655063125,0.9631419177354471,1.2467579241451534
225,3145,3394,1822,7.861758684685514,4.034023368760496,4.433122561591644,4.271007969434521,0.9937110477572386,1.0989332872788429
226,1825,1826,3143,14.227301201857564,5.000000000000003,6.605708400892437,5.843302682351987,0.9502379745777985,1.3211416801784868
227,1949,1950,2535,9.429538450242166,4.438990309408486,4.974337354784663,4.68260536525185,0.9909386139616821,1.1206010844947112
228,3300,2708,1014,10.928268866748507,4.5600989927813655,5.367991046713651,5.059446928808291,0.981059972367277,1.1771654639978602
229,1857,1858,2798,14.209809498389308,4.923808022638629,6.499789649530576,5.837068893419996,0.9507322097632892,1.320073735540849
230,1826,2796,3143,20.59436592638576,6.431601508738609,8.010580023266693,7.015963310965913,0.9565039263249735,1.2455031631519347
231,2298,2630,2784,9.193589113655518,4.130429498699901,5.201180624797537,4.670180715537906,0.9650015275182826,1.2592348147897614
232,2799,1860,1861,14.339853701642452,4.841979246720913,6.495982293861549,5.8825718110052065,0.942097662674589,1.341596475916488
233,3146,2798,1858,13.455961585693377,4.974564478689762,6.499789649530576,5.685155220652775,0.9499020962162225,1.3066047645727852
234,2442,3664,1147,21.904803781228484,6.619647413748127,7.974039295737138,7.186319105806742,0.9733254481841039,1.2046018159783132
235,3835,2492,2984,29.416425048507747,8.078978985379122,8.408558067205147,8.24552174277896,0.9989351789735097,1.0407946452667447
236,2798,2796,1856,20.167722640042847,6.237570865109388,7.32379970273074,6.869259128347156,0.9826220164856935,1.1741429253649533
237,3142,1855,2796,21.782116702203524,5.398616421352774,8.728512150416806,7.4860951658419745,0.8636305006408883,1.616805394043838
238,2576,717,2882,13.971982897593549,5.4675460915822045,5.956750845733983,5.691322548227602,0.9949125926718491,1.0894742807756033
239,976,3018,2495,15.902190942484154,5.899517980698571,6.254148258713034,6.065371850469336,0.9976793791095302,1.0601117378020892
240,661,3218,660,11.610646636648873,4.791686795079879,6.016593262128512,5.269039126488046,0.9559453524558397,1.2556315801580296
241,2654,1833,1834,13.443384169978161,5.0,7.9388967403372455,6.127174526375314,0.7916690906766641,1.5877793480674491
242,1861,1862,2799,14.843775464886452,5.00000000000002,6.5925151958847295,5.967423029439303,0.9498167142599587,1.3185030391769406
243,3435,3215,2599,25.524681966860264,6.398484254792164,9.452827133446378,7.979853761932579,0.9035535557029368,1.4773541290449617
244,3210,3044,3499,15.518049095155877,5.442135454319927,7.8110070195190975,6.319009837011485,0.8729261312457848,1.4352834627294655
245,2304,3549,3227,28.520449517665416,7.637325721544564,8.902960824873835,8.171214552830106,0.9822514195811098,1.1657170519464646
246,1983,1981,1982,5.800045349664945,3.581930021425844,3.824923695935902,3.665250982235515,0.9961188171163475,1.0678387553795174
247,2020,3458,2019,9.23557083177476,4.0643232467774295,5.0,4.673830470925675,0.9681304791554366,1.230217110305993
248,3339,3047,2593,12.62988503562773,4.684063388188661,6.482830818341641,5.555956442536075,0.9286216117058713,1.3840185926366313
249,2708,3300,3299,17.185549959164653,5.367991046713651,7.82330561361404,6.551164109707288,0.9035173356668689,1.457399154643442
250,3374,3591,3772,33.99654149230752,8.175027945517845,9.43589820745135,8.907162446820559,0.9860399410058285,1.15423436718951
251,870,3373,2539,34.454080195200596,8.515750279067957,9.449928457499363,8.945475818628742,0.9924973231694749,1.1097000437797773
252,3557,3449,3080,20.311887507094845,5.773370846402166,8.46209319286031,7.117723451864857,0.904398228167774,1.4657110062717857
253,3179,2832,1061,18.33110222103499,5.309703913922286,7.716822824937467,6.7261424833530965,0.9143910891650606,1.4533433408035437
254,3391,1868,1869,14.023291330714825,4.919611562640225,6.802986601897485,5.850018462145783,0.9302367078627974,1.3828300294193356
255,3840,2421,3256,29.89002272232668,7.792951960267904,9.187297712065044,8.374992640956357,0.9792456581082695,1.1789239506295128
256,2103,3442,3555,13.667331836786918,5.160462749986449,6.267590772345325,5.675242064052647,0.973706578308066,1.214540454218332
257,3595,3617,3630,13.180856382788244,4.339999852198809,7.36549996300291,5.927373018188525,0.8300919470607098,1.6971198649399188
258,2347,649,3220,15.772721604146415,5.459634898298406,7.243710624866115,6.194449288718476,0.9351600840286929,1.3267756470535692
259,3209,2868,3545,16.327150753612198,5.422527660248153,7.67058054607438,6.38412849018092,0.9052579181134441,1.4145765640452903
260,1929,2246,1928,5.092933210716058,3.1543820626565977,4.9999999999999964,3.8169565658555,0.7701270160814233,1.5850965104046504
261,3742,2401,3705,31.40732610669732,7.461084219859626,10.944794463328114,8.945940932066135,0.8825504811606655,1.466917426584689
262,2246,2291,1928,3.8226974354986267,2.8907127922760125,3.1543820626565977,2.9792733343044318,0.9928852349160346,1.0912125449076469
263,3700,3163,3533,22.265782279075236,6.571245509018232,8.363038288104905,7.304632114957098,0.9531947633654266,1.2726717144607755
264,1803,3079,1802,16.691075987265933,4.999999999999997,7.2951229864478915,6.427369698636194,0.9102808932330385,1.459024597289579
265,2800,1924,1925,16.966205879081016,4.9182965116292525,7.356818918297344,6.522721412908197,0.8938740754932047,1.4958063022231853
266,2840,2505,2991,20.228434988517378,5.888872751562004,8.530257813951602,7.113143812915321,0.9022241798853063,1.4485383151960585
267,446,2840,2991,15.898843440467498,4.854458191463233,7.055369731463798,6.276709598719797,0.9085726783736631,1.4533794407522058
268,3465,2673,3609,44.47429054768011,9.62092590798085,11.167455535136202,10.208109635704558,0.9812329950692379,1.1607464439438682
269,687,688,2577,11.783874598445738,4.99245076380353,5.7458368120842,5.253818590220255,0.981600099155093,1.1509050532341552
270,2801,1918,1919,14.192576037824377,4.999999999999986,6.842310821037264,5.880260611262789,0.932563854895157,1.3684621642074568
271,1916,1917,2802,14.929151813561862,4.998236351992812,6.771223007128338,6.003824380937215,0.9420520863423403,1.3547224521362682
272,2257,590,2295,5.617378813094132,3.2916144299909864,3.8011995281930324,3.623409611467673,0.9839615396108671,1.1548131195315732
273,2232,2244,2250,2.675840116770557,2.3007773424120255,2.691452490907696,2.501180366161608,0.9837927112762944,1.1698013716034361
274,1810,1811,3153,20.34104142062576,5.000000000000003,8.816508689421177,7.369872084841011,0.8217000692759314,1.7633017378842344
275,3653,3723,2898,26.301429832046075,7.043220337199806,9.219632042246838,7.969612155243364,0.9438130758571398,1.3090080390573604
276,946,3367,945,12.129564896921172,5.000000000000114,5.489470550257589,5.305583330208749,0.9934559564727957,1.0978941100514927
277,2262,460,2264,2.124585458775537,2.06201771555013,2.3158562552133852,2.2235592191934637,0.9897461277817863,1.1231020168978196
278,1921,1922,2911,10.181585267620388,4.512191024167776,7.44887668608741,5.5634377160803625,0.7182475369700536,1.6508336296469792
279,3099,878,879,15.288446447101826,4.806392220809976,7.258989757959575,6.186888724135681,0.8977684451632372,1.5102782761945062
280,2438,2437,2436,6.563899090083254,3.5368706222494506,4.238439912245505,3.9250315858870466,0.9785662014440866,1.1983587653963594
281,3556,3705,3525,22.601629245101815,6.1918870752232085,8.08896047279708,7.355806569285117,0.9524774739444979,1.3063804902329368
282,2627,463,462,10.344568116490002,4.361159240817147,6.0502963822886535,5.064653984310291,0.9130056993964076,1.3873137962178639
283,166,2293,165,8.123611574970628,3.6568549203023113,5.506022583648565,4.541407141846384,0.8850425037824826,1.5056715958513835
284,3240,1807,3449,9.476396969922742,4.084891261560643,5.180519116138236,4.745003363708111,0.9623777021564465,1.268214692735543
285,2147,2394,2146,7.644915194538507,3.474031784962077,5.0,4.336972296651319,0.9187074342554352,1.4392499290430587
286,229,230,2374,10.428221737726588,4.285646729170892,5.790729618743201,5.025458782637991,0.9395251085152752,1.3511915434671127
287,2401,2913,1881,27.149858140187213,7.225812758934553,8.638281320582742,7.980929573134085,0.9791884604163055,1.1954753892427816
288,3525,3079,3556,26.79719088463851,7.592865167818179,8.267912897913641,7.88245007518896,0.9947261945443188,1.0889055337050637
289,1808,1809,3080,19.260984652886656,4.999999999999994,8.445730269154101,7.100832818401643,0.8442662287531614,1.6891460538308223
290,2281,2283,2276,16.332970591779016,5.224442273609854,8.32806106373356,6.603715028614109,0.8331356042459938,1.5940574376332894
291,2657,1876,1877,13.130348248670291,4.632622609073254,6.388975581328298,5.645173963345809,0.9353761419167212,1.3791271425423532
292,2660,1494,3081,21.88321960258003,6.706754873125624,7.483061843769725,7.130283527090213,0.9920155848023603,1.1157500140276202
293,2505,3301,2995,14.38422188419047,4.164018840808115,7.219109003688462,6.198487458278908,0.8204073330705459,1.7336878817501804
294,1929,1930,2246,2.90328680663718,1.9367034075481728,3.296487634909906,2.761464366296861,0.8406466954634623,1.7021127871526762
295,2804,1791,2399,15.651890405843623,5.427069567550851,6.455688612090795,6.060154074788453,0.9787833152386253,1.1895348920327444
296,2723,2546,3375,24.718449880447185,7.07944903850716,8.843780085100084,7.699775822951739,0.9523265837570928,1.2492186944204584
297,2871,256,3339,16.52437490523997,6.007896486939448,6.410313434552543,6.184447856401808,0.9970165867604761,1.0669813383915498
298,3459,2024,3563,6.704694860378306,3.753980114254021,4.158320046729852,3.9455480723785605,0.9928826809254463,1.1077096628563734
299,3161,2138,3404,16.387708583144438,5.692367378021725,7.951328822788288,6.468419107186752,0.8813490225327602,1.3968404171326734
300,2803,1892,1893,17.950396401802273,4.999999999999995,7.759608561389224,6.7429373983969585,0.8820108416935536,1.5519217122778464
301,951,2487,3180,18.89824924568053,6.294516242592349,6.929788274413349,6.621576187426154,0.9938725388295112,1.10092467909168
302,2803,2400,1794,26.701548346860125,7.082743195809012,9.111018150295408,7.995417077013904,0.9540737336188991,1.2863685578331518
303,2883,3436,3547,21.595355467814414,6.097346283339783,8.61090076929266,7.297638524340733,0.9182072596158266,1.4122374503840864
304,1796,2915,1795,13.948636470476748,5.000000000000003,6.369191505823208,5.757472031302968,0.9623991886656308,1.273838301164641
305,1792,2400,2399,23.060282486608568,6.0861365763463455,8.439664227581805,7.488676855777023,0.9325813138215312,1.3867030622320242
306,2403,2915,1796,16.051312794766414,5.061216280797703,7.7670441317019465,6.399150639440953,0.8790388875516293,1.5346200795982927
307,3527,3139,3391,28.989747580638607,7.597336045083112,9.066638781780817,8.253259039678689,0.977521255834245,1.1933970970849206
308,3789,3648,2481,42.39344544697452,9.865013617788621,9.919580410951685,9.894695064214268,0.9999792697225,1.005531344940535
309,2400,1893,1894,18.87065582377829,5.0,9.474377658614513,7.352492485726568,0.7589356093150456,1.8948755317229025
310,1788,1789,1900,7.85148582570811,3.168829010885707,5.551644793274432,4.57349126805338,0.8259162118336396,1.7519546729101403
311,3557,2912,3240,20.192143163195222,6.0006397610956235,8.221142245257308,7.02407522190344,0.9293919637754321,1.3700442907034724
312,3546,3703,3432,33.632799071920054,8.400166212722008,9.269165891943512,8.83459857490277,0.9935482792334717,1.1034502957697918
313,3535,1518,1519,14.091567053313412,5.0,6.669897469615407,5.828696020926654,0.9449612197706093,1.3339794939230813
314,2804,1789,1790,10.612197525558624,4.259111284056754,6.827809430925105,5.362306904993954,0.8191206734819976,1.6031066050055625
315,3116,284,3431,13.92298811035867,4.835523482168679,7.198879979332617,5.93868766558002,0.8879495885227531,1.488748840922596
316,1896,2399,2400,19.82610596507265,5.431498259260748,7.940229763402923,7.00951297859991,0.9086101010410214,1.4618857236794225
317,1897,2804,2399,13.551295465944449,5.165663046251914,6.455688612090795,5.684234513049031,0.9593964672387176,1.2497308775830616
318,14,3224,2884,11.97618100389552,4.311191039022546,7.017740858005499,5.628280140118792,0.8406357382565594,1.6277963083715714
319,2423,2935,3264,9.438050720430422,4.211421304196076,5.175870607442014,4.718064582101072,0.9723367793497102,1.2290080316317444
320,2516,2998,3303,12.11643068827026,4.932803509887601,5.57166503071727,5.310192026414686,0.9897009617197468,1.129512866172167
321,3618,3588,3631,27.472384771711067,7.633313924025724,8.775600134425643,8.022226041394658,0.9815092566997776,1.1496448622143776
322,2804,1897,1898,12.274058226375953,4.999999999999999,5.5921419257675895,5.3411646021906565,0.9914369742147209,1.1184283851535182
323,1894,1895,2400,16.09331313539137,4.632853164397684,7.5830997985651925,6.447963763622423,0.8591670246366316,1.636809872766833
324,2727,990,3376,13.759092286687185,5.400321939451419,5.8814636189826,5.647206645963782,0.9951661483626617,1.089094999321477
325,3136,3141,2793,13.962241619770076,5.3578629806020075,6.221272219897052,5.715871793327644,0.982872722094647,1.1611480626550161
326,3571,2830,3468,16.524224191611506,5.889464808353198,6.58879698587472,6.198600668599771,0.9910047158777797,1.1187429079344593
327,3451,3126,3558,19.158050124798606,5.539822472149476,8.091716312957365,6.892214409235668,0.9103688123154107,1.460645418447451
328,894,2521,2713,17.239142818004836,5.932526606928758,6.631346541055994,6.3295701529603505,0.9915990549472838,1.1177946565483694
329,1798,3243,2916,14.34647400110063,5.059796625546607,6.44189289592323,5.838670120101507,0.9624650502384708,1.2731525341154035
330,1411,2938,2427,17.216655906774502,5.557150291806307,7.0757539322783245,6.396146678399657,0.9625351070318021,1.2732702123804551
331,2914,2402,1889,17.60342436344438,6.270462516834638,6.565965377139623,6.380181349896531,0.9982616341147432,1.0471261664528944
332,1885,2786,3131,16.459137333675507,5.504924875557946,8.181200220625419,6.555475389755543,0.8573838061653131,1.486160193929299
333,3178,2828,3415,13.40440802403978,5.000245067399035,6.9229454329222895,5.773495478638601,0.9099360559216445,1.3845212263812863
334,1804,1805,3239,10.7299098628784,4.679113467231465,5.3157989218084545,4.998304129679971,0.9891842295665603,1.136069676240124
335,184,185,3035,9.896468695414494,4.14231060730451,5.5628051438451624,4.885149619147158,0.9442965611251558,1.3429232308257537
336,1882,1883,2401,15.251587245513317,4.621361716414556,7.055795237123942,6.204038574401596,0.8862011918051229,1.5267783978178016
337,3239,1805,2912,14.88313863824019,5.3157989218084545,7.080845757115874,6.027220783490466,0.9313365326005402,1.3320379234184698
338,3655,2836,2482,34.85822910484106,7.782211824899622,9.780984712474703,9.105439684202713,0.9608162560263558,1.2568386639361184
339,1881,1882,2401,17.639440244884213,5.00000000000002,8.638281320582742,6.898025519235568,0.8179801323633862,1.7276562641165414
340,2768,3388,3131,25.01667982741087,7.0019362354257275,8.02300560993842,7.639509949409589,0.9864327882854522,1.1458267170938625
341,638,2504,636,23.06354957832339,6.907157953376874,8.129179213138089,7.3634541678797065,0.9769938106474597,1.1769209952935527
342,2655,2401,1884,23.703643069307716,6.566361243598515,8.091978104987971,7.481043522639357,0.9705879310351521,1.2323382471344788
343,1890,3242,2914,15.932355184209705,5.397785579341035,6.72597460343054,6.138265042176776,0.9686767122548215,1.246061834907427
344,2596,2743,3049,17.996083700117005,5.319753604408967,7.339539944321239,6.621163867819049,0.9299721578566831,1.3796766711597865
345,243,3341,242,13.136607007416217,5.0,6.255287651119628,5.583319213645482,0.9649391642924425,1.2510575302239255
346,2974,3181,3180,25.504573081547854,6.764274002633677,8.755098915158703,7.802674011808615,0.9570127413373224,1.2943146465902913
347,2915,1892,2803,18.307486925700154,4.877395167157225,8.052760590357806,6.896588106301419,0.8521340475014327,1.6510371447001972
348,3325,856,3023,15.003670274669803,5.530382439117982,6.899725987490122,6.000755047701078,0.9515581406488004,1.2476037712485089
349,1887,2656,1886,11.43241264408844,4.6560692891575926,5.493938802556,5.17603074024013,0.9804415014365938,1.1799521144046379
350,2431,2940,2430,17.49889170512589,5.835203084876006,7.090392230221246,6.421697758954639,0.9736844604736811,1.2151063342762667
351,2512,2505,2995,22.091274936179836,6.258347348637314,8.509004859886709,7.328820404070829,0.9350415245910458,1.3596248954988812
352,3343,2754,3435,35.65222491270219,8.38120013422468,10.016256179403516,9.150188011555143,0.9781299949128133,1.1950861474482726
353,11,2884,3224,9.810554253251585,4.311191039022546,5.0931367287431994,4.795236136489752,0.980227311656121,1.1813757921286503
354,2486,882,3847,27.54055464082484,7.455821408105664,8.755519874518356,8.03219579354843,0.9813864569748837,1.174319956886268
355,1888,2404,1887,10.445002677053285,4.65559148676244,5.164115088970313,4.924540661612704,0.9928819207646009,1.1092285703446687
356,2656,2786,1886,10.873035615116441,4.792047912114772,5.3780841290068,5.030667549358745,0.989729364885079,1.1222934802906437
357,3420,1017,3187,10.402199659136597,4.266730030138572,5.734588441124884,5.01151557018954,0.9430109648774163,1.344024206035515
358,1855,3142,2795,20.569796024260473,5.219146791954232,8.331156925756346,7.275442364319858,0.8629740048912391,1.5962679836098015
359,1132,1133,2470,20.65412388709889,4.631049266086581,9.590524574536598,7.736642405896343,0.7367904897011839,2.070918278664949
360,3264,3265,2670,12.46020971410804,4.881300421265835,6.207566071654227,5.45654319417266,0.9565576106598338,1.2717033445862898
361,2807,3659,3153,36.12984052915524,8.594393951789703,10.542275375058281,9.278761714253633,0.9602142218773557,1.226645582480304
362,3575,3477,2975,23.862966732166036,6.898866660738836,7.896342323342462,7.457528010631932,0.9878365569171665,1.1445854386895487
363,1816,3140,3392,8.549744568610514,4.0163035333983155,4.95285321355909,4.492811247294006,0.9711343668069624,1.2331869771228001
364,2277,1343,1344,10.842882134092907,4.892202830893404,5.128366949229867,5.006856593374438,0.9985099106592971,1.0482735746042924
365,1814,3395,1813,13.528623492318445,5.000000000000003,6.269865799271685,5.661151491541571,0.9667142899545965,1.2539731598543362
366,2219,2215,2232,1.08591803484559,1.4535683251543172,1.9944460702682387,1.649338131807496,0.9020205117708991,1.372103420082781
367,3149,1813,3395,14.20032216084618,4.859873387050602,6.391448567653587,5.840395917991958,0.9479912031378055,1.3151471362780667
368,1817,3140,1816,10.53516621272816,4.848393794747402,5.000000000000003,4.933749002768831,0.9993441089689988,1.0312693670668514
369,437,2507,2775,17.157085717695235,6.106745771239061,6.401069631832404,6.298968359274863,0.9981632970925383,1.0481965144151766
370,329,330,2508,13.23082954578041,4.99999999999996,6.163115174744235,5.588907906462037,0.971197137663766,1.232623034948857
371,1815,2805,1814,17.26661464214499,5.000000000000003,7.962956066627352,6.648996480869493,0.8720069536398493,1.5925912133254696
372,3527,3140,2794,17.01546505718116,5.843454931992722,7.643421295912216,6.4595778664834285,0.9261855570736353,1.308031187861951
373,987,3019,986,12.402532870262206,5.0,5.557383086528288,5.37021860071182,0.9908205070683407,1.1114766173056576
374,2887,3549,2297,19.310783824104583,5.974561076892692,7.533864458558707,6.76897904987047,0.9647719825252874,1.260990449607554
375,1817,2794,3140,14.022380050759278,4.848393794747402,7.043684176133361,5.911844300957828,0.9056882833194033,1.4527871444279687
376,3391,3139,1868,23.962955222233557,6.802986601897485,8.080914470173926,7.493745705718173,0.980619781481061,1.1878480648367
377,1870,1871,2806,16.29753085363217,5.000000000000011,7.2147061605652825,6.335824557220807,0.9165454760523519,1.4429412321130535
378,1877,1878,2405,13.323499581979373,4.6323352272418035,6.493787802586434,5.700681473766416,0.9292171077150436,1.4018389179603872
379,2620,36,2889,14.935208970284569,4.49672200018178,7.667752487891359,6.280186681698808,0.8372708395754551,1.7051871313328666
380,1881,2913,1880,16.3430783155462,4.99999999999999,7.225812758934553,6.346532720972177,0.9157888217358507,1.4451625517869133
381,1879,2405,1878,14.662192630452958,4.99999999999999,7.017473171608563,5.997798187693188,0.923843421669853,1.4034946343217154
382,3595,2994,3420,9.057724923301189,4.081525623628521,4.9685300561790635,4.61932071929887,0.9735135177870166,1.217321784632577
383,3081,1494,1495,16.720302706147976,5.0,7.2010338643752885,6.42790110695094,0.912001891563874,1.4402067728750576
384,1877,2405,2657,18.601738858250233,6.388975581328298,6.801599881457753,6.5614544217908275,0.997110850595835,1.0645837967099678
385,2076,2530,3486,19.82375536976317,5.690236512836401,8.784046254896055,7.150091204325068,0.8681457310809414,1.5437049470756512
386,3150,2806,1871,20.877925036612535,6.727286329879277,7.2147061605652825,6.952535183995205,0.9966406049034295,1.072454152653073
387,2659,2918,1572,21.187046640542345,6.295767026345526,8.121678094492509,7.123960206140345,0.9534019963225823,1.290022019637353
388,1875,3152,2807,18.187539143265372,6.000772585814969,8.132124909676607,6.740765456562532,0.9050826357528167,1.3551796528500133
389,3149,3395,3396,19.863531628425136,4.859873387050602,9.042860884293285,7.379120548098457,0.794560947259564,1.8607194393970186
390,3798,3849,3627,49.49308997466329,9.663983292894015,12.945977626692066,11.000205673856925,0.9293725736911979,1.3396109279505193
391,3844,2460,2949,37.071023756020764,8.014959259607105,10.447637672312947,9.41250603686279,0.9549857892034452,1.3035172524164635
392,2805,3527,3698,22.880534126683727,6.635777024897558,7.9477230542572235,7.327939760160912,0.9787387299578104,1.197707973676213
393,3397,3153,1811,18.0353919800234,5.736614258352977,8.293107565101854,6.775385569783347,0.8841246082262116,1.4456449730825836
394,1233,1234,2831,13.806397888704446,4.997076070740018,6.355923501482033,5.727436226786982,0.9627994947325822,1.2719285060915198
395,2767,2339,2637,14.028740726380818,5.594007700668459,5.892682169607527,5.697086462640766,0.9975996798801067,1.0533918587390179
396,3149,1812,1813,15.44882647890493,4.999999999999991,7.037670051678828,6.143039539777469,0.9276577622901727,1.407534010335768
397,1519,1520,2821,14.037293813799039,5.0,7.699012888689079,6.106767682073589,0.8393036750420623,1.539802577737816
398,1865,2306,1864,10.433805525394419,4.575584199053041,5.213490503982885,4.929691567678638,0.9886628958693074,1.1394152696527504
399,2997,3550,3439,16.051207554469922,5.67768224619821,6.671207382902591,6.13114473898755,0.9817124053896266,1.1749878019978395
400,1866,2306,1865,8.886977716336794,3.592089704134961,5.318403621041694,4.707994609719846,0.9005657511178329,1.4805876409265395
401,3123,2628,2763,16.02436262796156,5.653494872475073,6.6289804407896495,6.123168318405413,0.9828494959953117,1.1725455829214388
402,1238,2323,3644,24.042208873573454,6.662547736995038,8.77522321003594,7.615254807647761,0.9449537192119492,1.3170972361383433
403,1115,1116,2822,16.43087495418843,4.770428767451233,7.820615167584235,6.5206546759250585,0.8590603563998297,1.6393946013709517
404,1863,2306,2632,19.62426358372712,6.240062514441612,7.175177715357389,6.76496895516966,0.98700207397431,1.1498567039595524
405,1908,1909,1907,12.480211508364452,4.998536784272004,5.795258941688893,5.398207431535329,0.985481058350514,1.159391076189294
406,724,2882,721,18.340313995759516,5.296493675605473,8.016178395439356,6.783909260243253,0.8957083312231879,1.5134877687780832
407,3677,2311,2893,25.249360106156985,6.397352970878009,8.802994941236667,7.826911820373739,0.9355507080543638,1.3760370861682336
408,3515,2641,2343,31.992658564164568,8.27963654845277,9.30255282849977,8.63643186396857,0.9876178720801051,1.1235460365996568
409,2691,3090,2690,14.263525384893832,5.296632942750304,6.041164698927617,5.767076032911864,0.987095600517256,1.1405669911856704
410,3862,3877,3776,39.85545922274455,8.876399391753296,10.037607943155994,9.636839064874076,0.9880220541194357,1.130819772765242
411,2795,3136,1854,14.851482790557881,5.237298965468195,6.587852733699026,5.933927780573385,0.9656953049273725,1.257872192734389
412,443,2505,2705,18.552592897754185,5.825110695125236,8.478858379971081,6.892651346497705,0.877675478097681,1.4555703442797479
413,2307,2365,1597,4.599682680451914,3.076225248002885,3.4965216337520224,3.2731770883334512,0.9887405259118416,1.1366273116775172
414,3218,2879,3217,15.760076589181057,5.574305477269706,7.072188327672711,6.151531915461892,0.9509351363174946,1.2687120138124663
415,3100,795,2503,10.153628659482036,4.308803423235263,5.500370903716483,4.915652125061803,0.9609959712285309,1.2765425486936075
416,2280,2886,2282,23.526207592691208,6.625497795705429,7.86745812455954,7.432931726183775,0.9776224802007315,1.1874516250928548
417,2377,2651,3216,10.412689351459356,4.29804642937278,5.8002965062885155,5.02302573380065,0.9390351649349183,1.3495192761644876
418,3154,1479,1480,14.437903943195874,4.838051520797318,6.562123543762631,5.910286800954714,0.9388333189316466,1.356356689372581
419,2421,2118,2929,13.122270516487491,4.537878440861498,6.508379178885504,5.678172981480625,0.9200808832712989,1.4342339187142077
420,2605,2752,2880,28.624000952710283,6.729892950460627,9.59609404264253,8.378342325341867,0.9224899733463038,1.4258910376851872
421,1902,1903,1901,12.480211508364379,4.998536784271976,5.795258941688849,5.398207431535312,0.9854810583505145,1.159391076189292
422,3228,2812,1502,22.183372799953474,6.717274854854296,8.006436984669879,7.227600492939801,0.9748637228677108,1.191917430456781
423,2677,3087,3409,17.6372038172131,5.326590896654468,7.84638859879041,6.6296811261093564,0.9048474876204425,1.473060115001244
424,1167,3173,1166,12.392711247057143,5.0,6.197471474409532,5.439076570157418,0.9580302303219561,1.2394942948819065
425,1595,1596,1628,13.842921155367433,4.843332083250221,6.907490604772802,5.849355916660994,0.915319459341235,1.4261856271761946
426,3220,2752,2347,22.047207768169603,5.880002342990904,8.541667493477398,7.377165984162285,0.9147875864075681,1.4526639608671685
427,2017,2018,2930,20.294240519759718,5.0,8.531886176272085,7.329861762621079,0.8303676065425155,1.706377235254417
428,1004,1005,3294,12.546360446980295,4.999999999999879,6.980536756831597,5.667087382892144,0.8785892570056406,1.396107351366353
429,1597,2365,1596,7.84480193411007,3.246784383245447,6.019597903960284,4.703621973584609,0.7737128880578363,1.854018374310143
430,268,2585,3040,19.46864212916835,5.064003082260706,8.69774627863941,7.17177456474636,0.8356380791406877,1.7175633855966186
431,2658,2919,3244,22.836126828228902,6.830736998995859,8.024903368466658,7.319093873481049,0.9797015577610072,1.1748224781083425
432,1863,2632,1862,12.728415384938994,4.687467541470853,6.240062514441612,5.531065977185983,0.9481190322554656,1.331222554446442
433,1786,1787,1785,5.800045349664945,3.581930021425843,3.8249236959359028,3.665250982235515,0.9961188171163473,1.0678387553795181
434,2985,2494,972,23.175764911075003,6.27091672716748,8.090588140418193,7.44383790503101,0.9540314653986747,1.2901762999606348
435,1727,1728,1726,10.371500224562547,4.148651267259098,6.481145062421627,5.2099321098935745,0.853227334818273,1.562229419852767
436,2617,22,2619,19.290630999326137,6.110632829047304,7.198768847891799,6.71925321216344,0.9822676483707475,1.1780725579962794
437,186,187,2739,12.885593676704115,5.000000000000041,6.813241055413088,5.665376265742776,0.9083401414779837,1.3626482110826064
438,839,2848,838,15.072816314604923,4.971335614355091,6.556153416563342,6.026161943666131,0.9440811092194664,1.3187911509397947
439,1728,1724,1725,14.249968273370193,4.620920558274681,7.163029792709612,6.0095402009956445,0.8841896232227521,1.5501304777643876
440,1724,1728,1723,11.667011117722783,4.620823901562403,6.24467025200264,5.334435019955939,0.9318278235089263,1.3514192241541987
441,922,2693,2471,24.112850110383842,6.958746350945779,8.165150201571644,7.513449299717003,0.9821346479064365,1.173365113453503
442,2153,2394,2152,8.401455974360417,4.083501977863296,4.999999999999995,4.460662714101372,0.9676656103988202,1.2244392257197483
443,563,2612,2753,16.258399143971356,5.892426398948283,6.487550310485654,6.143527985572983,0.9931461788024798,1.1009981069332648
444,2991,445,446,8.075149686478866,3.5109833312156944,5.000000000000041,4.4551471742263224,0.918767198778219,1.424102460283902
445,3062,29,30,11.218296798070355,4.800875400920404,5.566212511097339,5.122362637339248,0.9834434066680109,1.1594161577345263
446,1092,3178,3416,8.507139027730029,4.22077230456286,4.610892382379522,4.441262853386753,0.9946799549134085,1.0924286006603396
447,1632,1633,1634,5.800045349664944,3.581930021425843,3.8249236959359028,3.665250982235515,0.9961188171163471,1.0678387553795181
448,2404,2656,1887,12.437294544472875,4.953915409105359,5.7126649975400765,5.3868397364004785,0.9863657311852584,1.153161595581573
449,2777,2714,2524,13.758795924613086,5.191649029560671,6.000449686179326,5.667274372987845,0.9856503191721855,1.1557887777107878
450,2672,2940,1367,19.277213446100948,6.217392246179938,7.02448529505795,6.698304940099425,0.989574753970086,1.1298121490362623
451,1637,1635,1636,12.480211508364452,4.998536784272004,5.795258941688893,5.398207431535329,0.985481058350514,1.159391076189294
452,1752,2678,2436,20.42158945613049,5.996813155921216,7.720089587375666,6.9752101968222675,0.959042251462981,1.287365370013721
453,2694,1135,1136,12.359016122916614,4.6210623352051226,6.330830768525363,5.480510469386275,0.9350878679707438,1.3699946699040462
454,292,2581,291,14.531813470391306,4.574136090980817,6.94236932364709,6.03806679674489,0.8937455557424973,1.5177443752353377
455,1618,1619,1617,11.883013389898379,4.8493565817486575,6.031631273734845,5.319999040958879,0.9607292103248402,1.2438003211469066
456,3060,19,20,12.911497463768322,4.842419177508407,6.2425218198197205,5.550548364225012,0.9576814588254938,1.289132888126326
457,877,3099,2541,21.799572659252235,6.598114949049929,8.864738810385587,7.368824198198522,0.9084274781381878,1.343525973530066
458,2995,421,2512,18.115199009176695,5.790142415654642,8.44622314565527,6.831570969982409,0.8713782356554539,1.4587245942033238
459,2307,2364,1626,7.43683006913934,3.541560069002429,5.096121266009761,4.2960636555838505,0.9106386038300766,1.4389481377468811
460,2384,2364,1598,6.4657922953075815,3.5402419899922593,4.096847192701073,3.8865911561560202,0.9845462764205609,1.1572223605850263
461,2924,1492,1493,18.126350703267853,4.99999999999994,8.270048223852509,6.864093973994501,0.8542552426589454,1.6540096447705217
462,2512,2705,2505,22.891169370005585,6.373984964396797,8.509004859886709,7.430232915354438,0.9445500374895343,1.3349584141499398
463,1598,2307,1597,4.479825181278871,3.076225248002885,3.542503020902795,3.2393546145768526,0.9816172960551143,1.151574652474692
464,1601,1625,1600,17.130426069717544,4.654741852545726,8.647134186037599,6.88773823090454,0.787917233847421,1.8577043496640726
465,540,2753,2612,14.9537533168486,5.294217368644859,6.456715441867901,5.933846685932591,0.9743705888986537,1.2195788333338875
466,1601,1602,2406,14.122312016704086,5.0,6.246058372005923,5.786167973719141,0.9651493975066899,1.2492116744011845
467,2382,2381,2908,18.67316043360353,5.989949486098653,7.873934632117295,6.736528843320598,0.9364816043851484,1.314524379611373
468,1610,2406,1609,11.105085782836529,4.631769895451172,5.491104152046454,5.100578974910129,0.9810286886310668,1.185530429186309
469,3067,2625,368,26.101889775803826,7.221478425265247,8.64451024432307,7.836308949199627,0.975969715582673,1.1970554691514645
470,432,2706,431,11.061586906643178,4.493978702338087,6.109965136154816,5.201314612830955,0.9286226399681208,1.3595892506068128
471,2393,2152,2394,7.218914495562492,3.6748776408124995,4.690068963251725,4.149482860642507,0.9585569011147156,1.2762517345243558
472,1620,2407,1615,13.456103235309408,5.168441779828175,7.12300397491513,5.835857038309708,0.8907744415002017,1.3781724315276962
473,2418,1746,2438,10.093100900653777,4.107696234620845,5.679618719002508,4.953519898956458,0.933991480432192,1.3826773925328382
474,1620,1616,1619,15.639410128644565,4.850522418319147,8.138391745419614,6.479491370770234,0.8248691917617843,1.6778381880440445
475,1616,1620,1615,16.606287207147478,4.6846483726469375,8.138391745419614,6.648681364327227,0.8282076116738075,1.7372470883703124
476,2407,1614,1615,9.210472837628643,4.1255138072806385,5.216125360185821,4.676630757216567,0.9638180596200089,1.2643577512649429
477,1334,3012,2275,19.451381651876897,5.467513578694622,8.190611318740572,6.970614496563599,0.9008455991447339,1.4980504759342717
478,1610,1611,2308,9.17066346725477,3.738819239016982,5.6346848059716015,4.791168014996194,0.8983121685284738,1.507076016719408
479,1623,2308,1622,5.894976168235378,3.658705628387914,3.7294499965723404,3.6900508161298666,0.9997446435330819,1.0193359005533325
480,2308,2366,1622,8.852764492843042,3.7294499965723404,5.327862298312136,4.660857066046217,0.9215763277632518,1.4285919648229266
481,355,2647,354,15.795369324507647,5.0,7.062492494559719,6.214752595851166,0.9258458383192066,1.4124984989119438
482,2366,2308,1611,9.957711738521263,3.738819239016982,6.573490676300647,5.213390737876589,0.8061760328057982,1.758172903279743
483,2741,3118,231,13.005787902804753,4.712667169933231,6.852698458873151,5.707721089473284,0.9005466978585255,1.454101936710765
484,2406,1602,1609,15.179503895204604,5.491104152046454,6.246058372005923,5.946783533082872,0.9882752047418101,1.137486778442931
485,3277,2951,3278,20.707766400584543,6.03753518115953,8.627080689425366,7.190484691026058,0.9046860353682882,1.4289077298210466
486,1626,2365,2307,7.41328676314978,3.4965216337520224,5.314265671008148,4.353765645499845,0.8774529612055885,1.5198720979471116
487,1158,2679,2439,20.106479582597743,6.72056708288911,6.951571489137239,6.816394793899616,0.9991612231222525,1.0343727550664998
488,3258,2018,2019,10.242556285423772,4.641446235689099,5.0,4.87150759122268,0.9956225324663168,1.077250440079194
489,3343,148,149,15.362505375719024,5.0,7.351913463492971,6.190688183891603,0.9039726153265286,1.4703826926985941
490,3369,3370,3100,15.798603088716646,5.724249668194649,6.515318785593511,6.068443590281848,0.9878094031501403,1.1381961240779273
491,3580,3484,3005,16.432823980952143,5.6314843514458035,7.470751751504108,6.3393151056524255,0.9292252483866387,1.3266043702289785
492,1573,2659,1572,15.572062693436571,5.00000000000002,8.121678094492509,6.451368270622969,0.8311435080598508,1.6243356188984952
493,3427,3132,2788,42.53367808243457,8.251851532292532,11.852503213459004,10.22986868739118,0.9190934160320732,1.4363446999834881
494,2989,2500,3370,25.060479909138145,7.111323686811995,8.347696899255684,7.661547263401842,0.9815374198119003,1.1738597857297022
495,276,2641,3334,13.04789071279907,5.291379292900631,5.907166674213321,5.511837155492121,0.9892962091069564,1.1163755889015334
496,1474,1475,2659,12.350833420201102,4.6917142842360695,6.084230838114027,5.430379153469712,0.9566414385545923,1.2968033579019815
497,2585,269,3333,17.319790029733774,5.44975425536829,7.30618338044494,6.458348177884602,0.945641575829721,1.340644557183101
498,3030,3428,2571,16.612854169630538,5.29634491975635,6.91113364976681,6.307656901493195,0.9519022052100353,1.3048873807268477
499,1476,1477,2409,9.631918948537878,4.629575179233632,4.890645622371799,4.721045463971553,0.9973672202413084,1.0563918789588342
500,3533,3400,2814,18.298293960250145,5.301537827878451,7.784234090746866,6.731992235226241,0.9103711801126311,1.468297377755754
501,3515,2343,3357,30.90977668214316,7.986218977568026,9.30255282849977,8.509870153541806,0.9813068054494426,1.164825664639188
502,1475,1476,2409,10.209264148881033,4.691046486435013,5.0002539020528065,4.8606486702865395,0.99725049238424,1.0659143789156473
503,2659,1475,2409,14.964419665291883,5.0002539020528065,7.148536774125635,6.077673838097489,0.9165021584907299,1.4296347573851942
504,1999,2814,3400,16.353447591345322,5.301537827878451,7.795302487151141,6.4298135633733695,0.8905739022367217,1.470385148656128
505,1573,1474,2659,15.202185278997803,5.51519233805904,6.232426717376376,5.948744174143911,0.9893874266766135,1.130047029251885
506,3664,3176,2823,15.036539127350437,5.5122360477039285,6.459222948754449,5.933707430748857,0.9819487284117926,1.1717972330747664
507,3671,3294,3017,25.136330943882406,7.427440809620015,8.010561400280247,7.633549324346531,0.994986812279113,1.078508951549634
508,2367,1966,1967,10.441967176714718,4.281938063516979,6.080749958672034,5.094358428554201,0.9097511524621387,1.4200929271913845
509,1447,2825,2826,13.723135984991814,4.790262261144349,6.237225814304567,5.737019947831011,0.9499482922603899,1.3020635352049705
510,809,2986,808,12.231911915807752,4.844720658148914,6.247479001770526,5.424888313033321,0.9483541460964773,1.2895436997512222
511,1563,2808,1562,21.25471162720102,4.9138305540796665,9.17477116792364,7.645629051754892,0.7890979010596473,1.867132182713619
512,2543,3294,1005,14.692039910982551,5.020725391844955,6.756238885962179,5.952119065841898,0.9441254651099724,1.34566987012199
513,3218,3217,660,12.00228890025113,4.375203490112549,6.016593262128512,5.399966231228109,0.9335223675931686,1.3751573557036407
514,3246,2920,1567,15.210628857424627,5.552297481126218,7.043775626915355,6.0631850391760524,0.9431888889243697,1.268623601465714
515,3442,2104,3231,17.118785992681712,5.930750272182356,6.81991707449882,6.321576871050925,0.9858917165492901,1.1499248428123874
516,3245,2408,2919,20.584589472703126,6.655235046998007,7.0587218835265855,6.901406385688776,0.9974314513186007,1.060626985174713
517,1565,3247,2921,12.625312048961078,4.945294107284767,6.295342705040032,5.500161377107941,0.9533254803768472,1.2729966243598227
518,2258,2382,2885,12.528035565251155,4.915610959320954,6.032926637079084,5.439388520189612,0.9709643697544424,1.2272994520934335
519,3472,3862,3776,42.11349590715457,9.383119152994901,10.2225494022699,9.881092166140265,0.9947965506505445,1.0894617488691989
520,3666,2927,3620,27.61545540215408,7.028822300718526,8.959505591110968,8.101665342750119,0.9621886354896594,1.2746809078094172
521,1477,1478,2409,11.504377484346975,4.642915590309227,7.261236997446477,5.634717529251901,0.8028089913549444,1.563939049980201
522,3704,2886,3223,22.445259035928594,6.983046611790853,7.563678499440798,7.213258203162823,0.9950205406494503,1.0831487916276472
523,2608,3217,2879,14.655347069061046,5.378835429007856,6.882925367660928,5.945355424646164,0.9455743830715428,1.2796311503678977
524,2002,2925,3401,16.972827880484882,5.6847880575424,7.740912531057588,6.481678855334883,0.9153135636546952,1.361688853252354
525,974,2495,3295,13.499881551893804,5.1826282212612185,5.9154135849566885,5.608616026648067,0.9880667584254686,1.1413926163349497
526,3683,2921,3453,23.029133198008537,6.4083852505769,8.28850344313031,7.412349964211572,0.9575670620967247,1.2933840771174232
527,3205,3427,3428,22.485145775167258,5.496534853013203,9.502625211211702,7.735853809930624,0.8291125808785228,1.7288392533347368
528,2754,3222,3547,23.337082446288964,6.59332561321425,8.812294330941707,7.537091614839354,0.9343201922146177,1.3365477223330562
529,3254,2012,3255,15.480806213464525,5.619173606505668,7.060090498251224,6.106494680036694,0.9472066603923508,1.256428612577002
530,3041,2584,3335,33.70439650919551,8.032788730360876,9.33753173541263,8.880002923196734,0.9826150230113514,1.1624271531156203
531,3523,3597,3121,18.51182207113756,5.871605558864306,7.799535145970181,6.701833990996062,0.9381473894333205,1.328347939550418
532,317,2519,3371,12.29421154226215,4.653588958290937,6.170179073412041,5.435816259804028,0.9485403790249564,1.3258968784553078
533,1481,1482,2809,13.580945215730091,4.840331950071399,6.117938879012969,5.6876026318579775,0.958910765982551,1.2639502707913914
534,2012,3254,2011,16.712525873411572,5.0,7.22074233192351,6.426944276724911,0.9118296625484231,1.444148466384702
535,1490,2414,2664,21.43238083920158,6.513785172977223,7.453034661091268,7.068383015429579,0.9874799767823135,1.1441941149687542
536,1484,1485,2922,9.662385849209091,4.253590162991065,6.963055497777724,5.291197844160362,0.7584374044296972,1.6369831673866295
537,1483,1484,2922,9.39703111281997,4.253590162991065,5.000000000000051,4.6894645618480615,0.9823339943358524,1.1754776103027567
538,3666,3255,2927,17.291684347328694,5.81321376175348,7.028822300718526,6.380311561843075,0.9749855977539709,1.2091112745522665
539,1481,2809,1480,14.672350924226098,4.999999999999943,6.719586907414097,5.945841928809003,0.9448886066106824,1.3439173814828347
540,2411,2922,1485,16.88479131288722,4.971949886855499,7.612638405831729,6.515881263488317,0.8919199225632252,1.5311172837758285
541,1141,3412,1140,10.3790492516008,4.675715745632395,5.035207633121911,4.9036411262514426,0.9957423195648122,1.0768848892974983
542,3769,3869,3846,41.820126017878756,8.738845500428257,11.79606799738257,10.09399402681074,0.9330746633159669,1.3498428364255315
543,1485,1486,2661,12.233957730615508,4.999999999999986,8.506644895399143,6.259153813002821,0.677291736405755,1.7013289790798334
544,2661,2411,1485,20.35307242315224,5.439277078039903,8.506644895399143,7.186186793090258,0.8818595056417294,1.5639293187955403
545,1486,1487,2661,9.78395423862908,4.454074271470002,5.270816543609332,4.793624965377085,0.9781633129636368,1.1833697020660088
546,3033,2577,2738,13.610684435255113,4.99693083374763,6.076853400637184,5.662870562966191,0.9733176065325121,1.2161171732848715
547,2652,2885,2382,20.00707636777485,6.032926637079084,7.6293747805774315,6.890073942757627,0.96450309263977,1.2646225023998117
548,661,2607,3218,13.641323296629963,4.791686795079879,7.15467826786526,5.886198621218258,0.885095630273064,1.4931439749383681
549,3100,2704,794,14.046543289199219,5.443221557966496,5.84450848328573,5.70425738928203,0.9958989204002484,1.0737223206966333
550,2918,2919,2917,15.452997679926561,5.689403278272199,6.219925409973694,5.985912335743341,0.9946254516541919,1.0932474120313385
551,1108,3462,3267,13.102783698664332,4.639082498042702,6.2345732270978536,5.62213880049267,0.9426253098979979,1.3439237671949815
552,1491,2414,1490,15.38382091541574,4.620249015419494,7.23832921222025,6.250859470641797,0.8789030055021034,1.5666534829753211
553,2367,1970,1971,8.934111372619473,3.7309434041583884,5.310440794536033,4.680461399564813,0.9221793086135921,1.4233506701327037
554,2309,2367,1967,6.938769145377126,3.6448075485362774,4.281938063516979,4.030233666641415,0.9819246133824834,1.1748049811948418
555,1969,2309,1968,6.158175679717988,3.5287425473219747,3.966584612464102,3.784497166848986,0.9905701157730591,1.12407877856502
556,2544,2722,3772,35.04245339897247,8.349331669446817,10.331836754659633,9.130473540109483,0.962170292852076,1.237444763688992
557,2931,2117,2932,13.041050754436041,5.052560196691394,5.82051234095898,5.516870483343152,0.9859219770034986,1.1519926758656869
558,2398,1850,3137,25.841037006372407,7.544490250867266,7.843054824863225,7.728412143103246,0.9988569508132773,1.0395738564261034
559,3335,3040,2585,34.354949005094056,8.69774627863941,9.315130467187688,8.920820636563768,0.9959844878026649,1.0709820876316543
560,1555,2412,1554,11.56745454501132,4.879457044124413,5.7720633093124345,5.217173451145597,0.9758402406624693,1.1829314731365146
561,3250,2923,1556,10.682932642059471,4.578897145370668,5.959119041345799,5.095010132635651,0.9367432387050628,1.3014310765574972
562,2662,2412,2923,14.661603291800395,5.106325346681663,6.6718703595278415,5.923274046889517,0.9538968457976177,1.3065893586008077
563,3513,2584,3041,24.5121742749186,6.8549462202201195,9.33753173541263,7.7982164359519075,0.912788812422404,1.3621597362601618
564,3462,3567,3267,10.770650573389531,4.639082498042702,5.9394361788550265,5.105096124185526,0.94177167897391,1.280304064728524
565,547,3216,2651,12.0057151393979,4.939097056723848,6.234238266451685,5.38135652963873,0.9455422625619507,1.2622222634731777
566,2785,3721,3861,53.345325518658086,10.513292628434288,11.511929052432121,11.124366975127264,0.9939731865560802,1.0949879794363298
567,3043,3336,3335,20.877009460241165,5.6852565941173,8.607454433610515,7.244593296610276,0.8940551103104724,1.5139957697805404
568,2412,2662,1553,15.343401021794644,5.9312799704252726,5.991626434459048,5.952843205623263,0.9999144793603062,1.0101742734004595
569,3547,3222,2883,20.69366114686413,5.797838759660726,8.61090076929266,7.204798143105163,0.8978349867669838,1.48519148707691
570,2776,2518,2710,16.41281641435674,4.870126415649407,7.317703870712607,6.408151473391148,0.8969114244349746,1.502569593922302
571,2738,690,691,13.253772078977443,4.68188760733692,6.27031096857241,5.650837984261262,0.9443048871376979,1.339269861742579
572,3157,2633,2811,19.970798978002772,6.125194721794737,9.073224110767072,7.240624875199575,0.851997603671253,1.48129561962865
573,927,2766,2473,14.218179663248915,5.341699008637857,6.160746314926925,5.759434764391011,0.986553187244074,1.153330860642769
574,3177,2824,3413,21.3187047230942,5.608815916968743,8.7822692222848,7.362935976578762,0.8799961551141513,1.5657973719043243
575,1547,3157,2811,15.319709517608146,5.307281131452561,6.6301783026653816,6.020884718637561,0.9680198596385469,1.2492608057585135
576,2669,2103,3555,13.927133160458437,5.330593721456741,6.192588150394838,5.706951513892581,0.983615170681756,1.1617070206398195
577,1557,1558,3156,20.014717295211867,4.92330033462815,9.506066259328279,7.519992255860643,0.7673358355225064,1.9308320868558708
578,2654,2398,2910,27.03629706289779,7.580805676959773,8.47756974067914,7.932023363333861,0.989975348020836,1.11829403125909
579,1562,2808,1561,21.125859682282265,4.912527105319976,9.17477116792364,7.619364427828292,0.7901493029218383,1.8676275919145373
580,11,12,2884,10.179201454160884,4.510381396146401,5.0931367287431994,4.867839374963276,0.989338278774741,1.1292031164137684
581,2413,2663,1560,28.742970096642633,7.057114971277618,9.182371384894624,8.286429674857501,0.9554616446476631,1.301150884216394
582,1439,2825,1438,13.554809404524995,4.651338652689723,6.7597058096419165,5.789070379292148,0.9134860685976388,1.4532818000110552
583,1560,2663,1559,15.090188942497736,4.651338652689734,7.057114971277618,6.154261079934387,0.8931229718177676,1.5172223521494599
584,3359,3081,1495,20.368173987642116,6.562178242736369,7.082669456477531,6.869019664741498,0.9958790948244095,1.0793168357347334
585,3797,2924,3801,47.8285117563279,10.05888137804967,10.759130038315531,10.524813594771215,0.9961667448421421,1.0696149635280452
586,2931,3260,2933,16.920307748991632,5.2377436988038175,7.301067863080602,6.4186400329844036,0.9314172163848334,1.3939337781548955
587,2318,2369,1213,11.583122852063928,4.694797291388178,5.68801522221852,5.219378479597515,0.9759991063122219,1.211557149155776
588,2924,2414,1492,28.96353045890804,8.051980385032618,8.270048223852509,8.180107721934395,0.9994858460884982,1.0270825099406906
589,2376,2349,561,10.652087411610584,4.408414528610468,6.356627782064544,5.201900688767489,0.8862414457534428,1.4419305945051752
590,1496,1497,2665,10.646546735787222,4.682735226637082,5.449447964039943,4.993184612072977,0.9818952616173776,1.1637318149105513
591,2388,2340,2390,14.692036396008524,5.008851920258502,6.406703263126474,5.922268967487459,0.9560129275713616,1.2790761965260553
592,1563,2410,2808,28.53905822837253,7.355584503254414,8.84828543326137,8.18714709300227,0.9776441224497793,1.2029343731074702
593,1491,1492,2414,17.127360980513224,5.00000000000003,8.051980385032618,6.648660189772765,0.8638645344771256,1.6103960770065138
594,1560,1561,2413,19.21657797813065,4.651787911324694,9.182371384894624,7.373769930157667,0.7623826368255383,1.973944547759864
595,1498,1499,2415,15.896738926821905,4.999999999999972,7.086024605674293,6.238269481607003,0.9243265528719644,1.4172049211348667
596,3244,1478,2658,26.646110911491615,7.10164125298063,8.614867979333887,7.916995727983612,0.97572741962668,1.2130812684628558
597,2665,2415,3125,23.792753349111543,6.185832921586532,9.662968075273527,7.849629008093589,0.8633638592710345,1.5621126851895615
598,2415,2665,1497,16.155020391664685,5.449447964039943,6.981244581811927,6.205508489146133,0.9590953464171716,1.2810920716887417
599,1501,2812,1500,12.973615115288359,4.9999999999999805,5.835362848786437,5.508159968045711,0.9832234518819893,1.167072569757292
600,871,3104,3373,20.761811600787503,5.569164566325296,9.236635524547852,7.420903109204571,0.8365997281701717,1.6585316189789783
601,1498,2415,1497,14.938664608738613,4.690245457289284,6.981244581811927,6.100091292749318,0.9025187816486295,1.4884603898420958
602,1501,1502,2812,13.778220501107873,4.839424769083023,6.717274854854296,5.797354157574586,0.9304539065174994,1.3880316722284929
603,1373,2368,2313,6.745600607848085,3.4970679077115037,4.329391984254112,3.992488691868951,0.9695236869114381,1.2380062665375249
604,2367,1971,1966,10.673823614542243,3.7309434041583884,6.080749958672034,5.257645827373036,0.855591831661886,1.6298156524954595
605,1502,1503,2310,10.946855501567969,4.627620178126859,5.9474341616073465,5.138540422932984,0.9454499738747011,1.2852036106417692
606,2310,1504,1505,10.129787336506253,4.560028003804872,4.99999999999994,4.849182309764294,0.9930949398345154,1.0964844943557268
607,2310,1503,1504,7.509081390185216,3.5440969801074456,4.627620178126859,4.243915054013059,0.949882452435783,1.3057261706158405
608,2898,2770,1161,19.660868091689167,6.083477479430626,8.377788275761842,6.989579320236192,0.9108703256213827,1.377138043839023
609,1309,2227,2289,5.324085334905254,2.727303490125018,4.199077391248641,3.6685289239989722,0.884345011302211,1.5396443433789462
610,2658,1478,1479,17.899527753061943,4.630088697098549,8.109409588946145,6.92465874589367,0.8171930680760568,1.7514587990566823
611,3600,3228,3441,11.868583834908385,4.34695344199071,6.370778064089599,5.427116709600405,0.9092325190097841,1.4655731074892921
612,1549,2633,1548,16.08945401157168,4.633503611273281,7.774117733796762,6.481786760686766,0.8481008282090585,1.6778054763748085
613,2663,1558,1559,16.446954648983414,5.00000000000001,7.437873093992346,6.397400903276055,0.9047578065943993,1.4875746187984664
614,2684,2825,2447,13.728314426096466,5.290709217643364,6.4924880442911315,5.718517485443738,0.9606726366475667,1.2271489090045047
615,1505,1506,2891,10.88232638591294,5.000000000000041,5.024407994097454,5.013178594371467,0.9999839035414417,1.0048815988194826
616,810,2987,3296,21.04043382928545,6.481250567513381,9.779374433976171,7.602133361517797,0.8076483256917057,1.508871525966656
617,3498,3038,2583,20.916946090470148,6.696525329131211,7.207816635915786,6.959617605767753,0.9964038727216058,1.0763517319288494
618,2143,1995,2813,16.104339171513868,5.395394814161281,7.254689254218952,6.25132622082691,0.937610923738274,1.3446076708191186
619,3788,2875,2352,26.354512982213144,7.306061918816964,8.24790990442171,7.830291111985631,0.9901760698051362,1.1289132224815932
620,3531,3403,3162,10.066990632612262,4.646735308363393,5.08562833695463,4.832662192487786,0.9940033069744771,1.0944519107428603
621,2815,2141,3162,11.30637868051851,4.71171753759192,5.840175098399461,5.182227230039213,0.9640277480211087,1.2395002569242037
622,3787,3256,3814,39.31270833719067,7.473448856031415,11.510237981941891,9.957209744238435,0.8875186519154094,1.540150766222559
623,3433,2875,3546,16.611727355005648,5.7046002551866435,8.206151299383075,6.578410389173807,0.8601090337138172,1.438514695560309
624,2712,3371,2519,15.87056492442207,5.4836807477091085,6.918930265388448,6.1444942556208355,0.9618657866150049,1.2617310495836098
625,3532,3159,3531,12.984704743165729,5.132613640551392,5.710616658006764,5.493382139297964,0.9915241041906018,1.112613778853083
626,3702,3337,2586,28.01592642364109,7.490575580095699,8.486898567505143,8.076101787715391,0.9892343512864149,1.1330102041900383
627,2001,3160,2000,15.818920698615885,5.0,6.975912648051583,6.210443920299944,0.9291165827411526,1.3951825296103166
628,3205,3544,707,10.653223752285179,4.655800885714557,5.781104039193831,5.049692615590972,0.9547940504604102,1.2416991579111671
629,3665,3202,3203,16.5515455923268,5.603486717099641,6.703887519207882,6.232308370446521,0.9787051927294486,1.1963778728608832
630,2001,3401,3160,13.834653340147629,4.878165737023497,6.655419112848249,5.791678001322482,0.9377348929538601,1.3643282068782632
631,3030,3544,3428,10.405297717705249,4.569173834801418,5.29634491975635,4.929168897365572,0.9854477057130482,1.1591471699799172
632,3400,3159,1998,14.732284681416635,5.050294233230277,7.690642411628469,6.1917662749321165,0.8599477684230296,1.5228107623957918
633,3116,3431,3545,14.435955054662408,5.118026525257791,6.8305911478009325,5.910092402765829,0.9410651046017542,1.3346142529921494
634,2000,3160,2814,20.771038075436667,6.121109261734406,8.147114345583377,7.0813787517897895,0.9436036000741092,1.3309865903741287
635,3018,3295,2495,16.792779327448944,5.727806273726294,7.252750621059598,6.341002068927431,0.9542527868305064,1.266235321946605
636,1277,2446,2827,13.265033220171334,5.234162654292697,5.799856611783655,5.549537385039849,0.9929168787732383,1.1080772598893187
637,2914,3558,2402,23.573465464542238,6.565965377139623,9.252165234003673,7.678593342825827,0.9032837218112235,1.4091096590634564
638,3161,3402,2137,24.16622022625443,7.078516024013228,7.785064312683718,7.488084598235758,0.99374198964706,1.0998158775474391
639,2135,2416,2667,31.393564483418263,8.18446747879572,9.33199888348401,8.56918194927033,0.9834309625907378,1.1402084384428566
640,2518,2711,3101,28.06700995665721,7.292022699336013,8.937589009162437,8.134797844157681,0.9728478590291152,1.2256666466461033
641,3404,2139,3163,15.105050683970372,5.380206936498812,7.167879701726726,6.079598333920917,0.9285025485157248,1.3322684027449785
642,3437,3223,348,12.672676273562905,4.914377627267948,6.408813329224873,5.5328835598326345,0.9435213129713603,1.3040946006397411
643,2022,2023,3262,14.160615162615123,5.000000000000114,7.093183999516181,5.934775596703687,0.9089895850326221,1.418636799903204
644,2925,2002,2003,17.33409186757686,5.0,7.740912531057588,6.615822304048659,0.8867952844594981,1.5481825062115175
645,3335,2585,3691,27.479219887469103,7.09375207200973,9.315130467187688,8.13037723358529,0.9480718421599623,1.3131457615981523
646,2925,2003,3251,15.351121889195621,5.521579580737913,7.106554381088386,6.098515557391653,0.940281146059964,1.287050974666683
647,3196,3424,3542,11.759188830424002,4.553889143434492,5.68396139214288,5.281177140533008,0.9644966526694748,1.2481554146608191
648,3559,2925,3251,18.413107561762242,5.6674127103486605,8.54363073684453,6.903348098400527,0.8657588991615217,1.507501072093076
649,3739,3099,3686,46.76804285903171,9.678895097557614,11.058197507310613,10.438670416752856,0.988228080473012,1.1425061844198574
650,2541,3701,2721,26.81072721492159,7.610498964092715,8.309448073573826,7.886849095609205,0.9939355426995502,1.0918401162366411
651,3542,2856,1715,19.643605176784853,5.791694605784287,7.968549388626128,6.910713343091994,0.9344042064400961,1.3758580054735223
652,2005,2006,2926,14.60950107217437,5.0,6.634638622892801,5.922293171031967,0.9493052605468763,1.3269277245785602
653,2009,2010,3084,18.024035248250854,5.0,7.969610346098574,6.7851307740130915,0.8728525262839121,1.593922069219715
654,2838,3540,3187,24.775673729687043,6.7631612673030705,8.779647656531463,7.706091258218893,0.952503649807466,1.2981573719049437
655,2927,3603,3620,24.668961115274563,6.412675620792753,8.959505591110968,7.7595651257341585,0.9293313446604026,1.3971555901034907
656,2975,3539,2487,22.599947471138755,6.94036844762374,7.77799253586334,7.254621002854244,0.9890846656937001,1.1206887061631992
657,2698,3824,3693,26.11425110593057,7.375761068540968,8.058608977615325,7.7820091768773665,0.9944348136621648,1.092579993132754
658,3255,2012,2013,11.842509728832294,5.0,5.619173606505668,5.250781729366911,0.9894211278086025,1.1238347213011335
659,3186,3539,3477,22.30344023603575,6.874031901665333,7.863647517137539,7.2225983157136575,0.9834962369666087,1.143964361764521
660,2010,3362,3084,16.878315483665038,5.539769970616639,7.969610346098574,6.538738758256785,0.8892692199544351,1.4386175578354323
661,3611,3292,3771,36.80106619571212,8.26893713340524,9.974862277507688,9.3030182268445,0.9757928591499563,1.2063052501887783
662,3252,2926,2006,11.723104679830614,4.49923460233997,6.132240890203098,5.331470220683048,0.9377831473500561,1.3629520201088938
663,2670,2123,2124,16.689993719114874,4.680014861976671,7.5590252977889225,6.565407657164335,0.8587510471437951,1.6151712164854664
664,3537,3176,3664,14.36400076026781,5.558419849207157,5.907692318359037,5.765258487784795,0.9973430291525652,1.0628366475774045
665,3457,2015,2016,8.26036065997555,3.723008390999177,5.0,4.4606017063978864,0.9449234508566191,1.342999927716549
666,2017,2930,3257,24.332443257473184,6.91527855479473,8.457699111591154,7.58443629538763,0.9698375504811533,1.2230453255895213
667,2282,2886,3755,23.71212230391389,6.563034939061438,8.077828270793644,7.482234156047148,0.9706157219117874,1.2308068364403424
668,3412,3176,3537,12.09148365450539,4.825050669295282,5.566345769738118,5.316605429413518,0.9836886769765933,1.1536346768667414
669,2013,2927,3255,14.673796216741255,5.1331715815950645,7.024479919562117,5.99028842097022,0.9285464388830817,1.3684482990493283
670,2121,3764,2419,22.319440746464423,6.477360937935948,7.711069618601168,7.237267516926735,0.9785827838350529,1.1904647112437043
671,3599,3536,3867,47.16986503649768,10.415560732638443,10.458198865323304,10.43719534177255,0.9999888677335611,1.004093695364019
672,3594,3535,3169,15.423350254644062,4.797854547217098,7.977186064660809,6.401584775546577,0.8348385992689001,1.6626569201202275
673,3603,2927,3253,11.256308864397827,4.477121021788764,6.412675620792753,5.314236809303764,0.8995032506720885,1.4323212594844417
674,2122,2417,2121,15.916450757766674,4.176380374407149,8.652757275063642,6.817231129111093,0.7331175718167797,2.0718317057727123
675,2020,2021,3261,14.340210291472273,4.999999999999886,7.191193966176104,5.988484435283095,0.902744835798019,1.4382387932352534
676,2929,2119,2419,16.268768161757897,5.684850694776344,6.9694617033196655,6.20910419797935,0.9669348837967959,1.225970931782556
677,2821,3535,1519,18.871766213508003,5.816190593164555,7.699012888689079,6.73896078762688,0.9473396293612955,1.323720872857451
678,2927,2014,3253,11.411301463354945,4.613784176767784,6.10780785199308,5.258168604696878,0.9397980640272432,1.3238174171102957
679,3552,3441,3229,9.97370694879665,4.360156952589415,5.33095611987216,4.848526648182688,0.9732936488336678,1.222652344362559
680,2927,2013,2014,14.921708740019788,5.0,7.024479919562117,6.044095923851732,0.9259462132163363,1.4048959839124233
681,2968,3288,3538,25.31758102293403,7.093704846558158,8.006654505764175,7.6785728735257655,0.9887723925015861,1.1286985685130355
682,3251,2004,3455,8.719944739058196,4.128935828668919,4.851599141182566,4.516495663750626,0.9829503110476057,1.1750241085114221
683,3425,3202,3543,12.731072503678067,5.1869969113375,6.005689916030136,5.465486434478438,0.9794671026417334,1.1578356453043521
684,2496,782,3297,21.814473500999025,6.452977236788802,7.650147404054782,7.1498219406604235,0.980541050474482,1.1855221432427878
685,2684,2826,2825,17.458564555662445,6.183571768044117,6.4924880442911315,6.353546649502707,0.9983876348408838,1.0499575791848093
686,2817,3166,2131,11.551941273374105,4.576048719440652,5.737931401431825,5.230342783142388,0.9668683508179423,1.2539052254961993
687,100,2883,99,13.996686202407233,4.9999999999997184,6.201904999894051,5.755605876494083,0.9673315799499306,1.24038099997888
688,311,2711,310,17.301392016795884,5.000000000000114,7.423462113720649,6.573562284805971,0.8988452767963763,1.484692422744096
689,3381,3773,2767,22.591266304523003,7.035402643018601,7.475646591215599,7.2301121092113645,0.997403453955093,1.062575515650673
690,2423,2127,2935,11.00288549160445,4.753994751756521,5.231781369455929,5.053882242884821,0.9930771131970038,1.1005021340258894
691,1247,1248,2331,11.578592271246077,4.905549164737448,5.73549561816879,5.213681594302052,0.9787521307519492,1.1691852279041957
692,2468,2469,1129,20.882610341741046,5.899695010023757,8.623724882815644,7.223151227335566,0.9028845366056895,1.4617238464299729
693,2133,2667,2816,21.789409024371956,6.589426735685323,8.728307714194838,7.33041343179444,0.9197139014385504,1.3245928764829136
694,120,2781,119,16.059002258902105,4.6842389385736345,7.300163051091777,6.392913579391425,0.8761116316379739,1.5584523221000977
695,943,2650,2371,16.059734461277422,5.231394731504818,6.751141627651913,6.194492759432531,0.9549190558591787,1.2905051088947244
696,2172,2391,2171,14.127038014790777,4.999999999999998,7.244693622571456,5.97157353670682,0.8927365927257985,1.4489387245142917
697,1760,1745,2418,10.037812812189575,4.205405484138008,5.789820204968989,4.952865102400994,0.9289898055713021,1.3767567067687274
698,1911,1912,1910,12.480211508364379,4.998536784271976,5.795258941688849,5.398207431535312,0.9854810583505145,1.159391076189292
699,597,2348,600,14.565932517339217,4.629120418108668,6.871889174059177,6.021942763763573,0.9030615689777269,1.484491340336928
700,1993,1991,1992,11.870892806361153,4.844957798845391,6.042521973981257,5.319917824252859,0.9595199767536124,1.2471774213226914
701,1991,1993,1994,8.802434684136946,3.9680534750544685,5.072273699931929,4.575588686257347,0.9613617299903213,1.2782775564440456
702,1316,2305,3777,35.28403872899332,8.580967420213895,9.333549859992285,9.044567480383552,0.9947646668077456,1.0877036822218387
703,183,184,2578,19.6400822979394,5.000000000000041,8.826657383526712,7.247694801433153,0.8217824033034349,1.7653314767053279
704,2503,3369,3100,13.176508629473512,5.171160691740535,5.965762317057384,5.5457646375048,0.986004545976617,1.153660207578929
705,1490,2664,1489,10.738929634473067,4.620177138707821,6.513785172977223,5.26100858856228,0.8713217261365268,1.4098561543029948
706,2959,1130,1131,15.43442408877262,4.999999999999886,6.734826554922518,6.108730072663935,0.939623044635361,1.346965310984534
707,3087,2435,2676,15.48241843016693,5.637201101616684,6.649981907691866,6.031942899026467,0.977443921238448,1.179660222833762
708,923,2693,922,8.66614529036443,4.132008603015724,7.416451346633587,5.396250174508268,0.6413963184824071,1.794878002243444
709,2331,1248,2863,11.321010838899252,4.434773842240595,5.73549561816879,5.197011621105843,0.9571243942129299,1.2933005880793746
710,2021,2022,2934,20.716252877172234,5.0,8.696173981956493,7.4376082547154665,0.8207600941462341,1.7392347963912986
711,3085,2668,2123,27.497054658413575,7.145913686070022,12.526456826736972,9.28023155770822,0.6935084174863944,1.752953838661049
712,2125,2423,2124,10.83727376630975,4.339158011214309,6.473685932315842,5.270947981176717,0.8757353431465971,1.4919221460903167
713,1308,2300,1307,11.154827691632745,4.685155000328432,5.510954964274627,5.109008619324697,0.9826480826419633,1.176258835382886
714,2126,2423,2125,8.858026852694767,4.339158011214309,4.681248815600427,4.529524400689091,0.9960994247282688,1.0788380610943422
715,2861,3203,1665,17.184750181500284,5.763990101660201,8.176276049797739,6.635158618552457,0.8776389207065124,1.4185097312090678
716,2301,2290,1246,9.921210150906147,4.29489538725763,5.18863789414594,4.830565894455062,0.9756757288306327,1.2080941271677823
717,1256,1257,2301,9.323931008701361,4.487132996212207,4.99999999999996,4.659972388998187,0.9889560773526759,1.1142972593459315
718,2244,2278,2260,5.718035840152721,3.328606692377977,3.9367049927009004,3.659278932019729,0.9815561204579601,1.1826885410389216
719,1372,1373,2313,7.282586813812278,3.5579164093792834,4.99999999999996,4.236307531006827,0.9192127782569782,1.4053168834487215
720,2119,2120,2419,15.602125259686892,4.735899906584833,7.034634598747902,6.246665402884133,0.8971390496070557,1.4853849822642768
721,70,2350,69,11.339147076170466,4.84727140096807,5.418867000091895,5.133272156015613,0.991732673570599,1.11792110485286
722,2676,1514,1515,15.709576428982277,4.680994199645749,7.293244774123568,6.310259840690072,0.8813129563401273,1.5580546488768372
723,2340,2638,2390,19.054671324645447,6.270866854113747,7.517714386549119,6.713277653246756,0.9694256224334025,1.198831766236183
724,1317,1316,2540,16.832401557279056,4.631712510426669,8.446047795492373,6.784520865840172,0.8002585152610615,1.8235259154101364
725,1913,1914,1915,12.480211508364238,4.998536784271919,5.79525894168882,5.398207431535283,0.9854810583505138,1.1593910761892994
726,920,3285,919,14.467739088379437,5.000000000000041,7.823097975895012,6.2054050474433895,0.8369617772184995,1.5646195951789896
727,1366,1367,2940,13.73331748635875,4.99999999999996,6.217392246179938,5.698061466267326,0.9689850747101101,1.2434784492359976
728,2673,2939,2428,40.48091196157229,7.992667572035156,11.3949411701883,9.963336258686468,0.9224813038345452,1.425674353085453
729,1370,1371,2385,8.191243207289395,3.8215992253882325,4.7666198132072415,4.404576083143215,0.9664509183360279,1.2472840641009406
730,1569,2917,2408,14.721052588798472,5.299891426926379,6.351976677798671,5.878058663702198,0.9785652973904198,1.1985107176964263
731,2387,2052,2053,8.04927443831122,3.2219665782926614,6.048701356321394,4.756889311538019,0.7748877304268231,1.877332122894532
732,833,2422,1169,30.17749640167437,7.5317067196739185,10.011815240302694,8.56724077998521,0.9353816116013633,1.3292890460206541
733,835,2422,834,12.257277574161952,4.95511098692299,6.509964951846432,5.488358646256437,0.9237284094387881,1.3137879189844284
734,2151,2393,2149,11.86724634772488,4.155968098189643,6.228339791895791,5.444854970253214,0.8988611883427002,1.4986495672594027
735,1796,1797,2403,19.019262838140975,5.000000000000003,8.347163997127861,7.038069376276604,0.8501129990646302,1.6694327994255713
736,635,636,2504,13.210243361537971,4.620730412168328,6.907157953376874,5.7647109688679,0.8945718634113613,1.4948195062813923
737,830,2527,1170,14.443184755662989,4.873033661028047,6.436675331981139,5.897248672725785,0.9448356743919178,1.320876435444777
738,2124,2423,3264,12.893551509098627,4.211421304196076,6.476498873913422,5.720535370141779,0.8793128693640758,1.5378415993338215
739,1247,2631,1246,10.313124152893757,4.501475414555735,5.553496799439334,4.945235002339639,0.9660817588653965,1.2337059048421855
740,3258,2930,2018,16.82074465198754,4.97307653797894,8.531886176272085,6.757821498336621,0.8130307199993118,1.7156152959068363
741,1996,2813,1995,12.651047902876343,5.0,6.103894594100497,5.469093158820045,0.9697467802573292,1.2207789188200995
742,2615,3547,3436,25.868629310254647,7.184668520389754,8.972178770356477,7.862480644637874,0.9567077824310883,1.2487950898352307
743,1203,2332,1205,10.624442162073162,4.314284144269624,6.337286878475756,5.195871495498586,0.885366570374484,1.4689080891654185
744,1784,1781,1783,8.802434684136973,3.968053475054471,5.072273699931944,4.575588686257356,0.9613617299903205,1.2782775564440485
745,3509,3065,3508,10.75367444286843,4.633202811746235,5.456527891542749,5.018675954684211,0.9815461170682466,1.17770106624929
746,1782,1783,1781,11.87089280636116,4.844957798845386,6.042521973981245,5.319917824252858,0.9595199767536132,1.24717742132269
747,2754,97,98,14.744454844380085,4.721333965620525,7.146848204287679,6.079154789302304,0.896577112420331,1.5137349436259098
748,2622,3509,3510,17.243327183077735,5.102486183962228,7.2268608899352165,6.517013852115739,0.9160340734445553,1.4163410990999195
749,456,2888,455,10.929286055635046,4.9806844718845085,5.0933609300067095,5.024681800630393,0.999614143990405,1.022622685447803
750,3649,2984,2493,39.10772255688208,8.264860670178917,10.997406240730498,9.697789102953505,0.9476912279603347,1.330622097528043
751,1739,1740,1734,16.347200357578927,4.782506329825269,7.960917289695146,6.5385762712087825,0.848510225824752,1.664591061813817
752,2784,2764,2790,21.442822097162672,6.460448821202073,7.5688912561844175,7.081102548281968,0.9834072617615375,1.171573595838207
753,1736,1737,1738,11.74669750516043,4.7805302426229135,6.239167858621356,5.340846294200637,0.9374997183623557,1.3051204661343463
754,2653,2386,3078,20.060748909842427,6.2243008691411115,7.711449424357547,6.894112469623604,0.9670212414994096,1.2389262001439283
755,1735,1738,1739,12.487500000000011,5.0,6.872305194105892,5.625048658487845,0.8895600591548654,1.3744610388211784
756,1740,1741,2424,12.639525871461638,4.631992957806291,6.956580226432431,5.685108034149262,0.8780211417310467,1.5018546638134491
757,3260,2931,2932,10.481849223169256,4.545276682912619,5.2377436988038175,4.9451935261359425,0.9863969475648129,1.152348704864203
758,565,2612,564,14.067859745103272,5.000000000000121,6.2539954627393906,5.774035318011244,0.9656268623759127,1.2507990925478478
759,1604,2671,2425,11.142419308558376,4.686733045337558,6.056363260067817,5.1963848564430934,0.9399442241515769,1.2922355938520524
760,761,762,2465,14.385696679530486,4.99999999999992,6.999930626374914,5.947629180778791,0.921655180501204,1.3999861252750052
761,2671,1608,2425,9.69277984972453,4.29569142941772,5.4360358844268415,4.806153453060706,0.9597625765570298,1.2654623763708501
762,3810,3670,3746,20.429023129554615,6.337514318534404,8.273272771541334,7.053342402180508,0.9342111531153562,1.3054444306888113
763,1609,1602,1603,13.530424944705928,5.0,6.103188075196241,5.645861487009441,0.9735426706324486,1.2206376150392482
764,2424,1734,1740,23.577135525598365,6.956580226432431,7.960917289695146,7.414810389647326,0.9872654597172588,1.144372239027246
765,1624,1601,2406,20.408480956916748,6.112445549151498,8.695677995566179,7.169270496083179,0.895678148955679,1.4226184798935795
766,792,793,2704,11.72601288004963,4.759679145606064,6.289954812813321,5.349877986139809,0.93146057560333,1.3215081564100688
767,2424,1742,2629,23.36021830896931,6.845666098273738,7.89581611723281,7.382387658017105,0.9865479525901737,1.1534036284977274
768,851,3657,850,10.662437686177709,4.6442111668091135,5.586517335714664,5.016541540781177,0.9719985766972928,1.202899079103024
769,1543,2426,1542,11.9374625767678,4.784903762752621,5.634363752830432,5.286481289969275,0.981816623067925,1.1775291692782428
770,107,3382,3120,13.329772590995631,5.22412018895409,6.5105471974390134,5.657586230794139,0.9509362931843773,1.2462475903990402
771,2776,309,310,11.950840926475248,4.834450788616342,5.633320172835182,5.284270901973179,0.9844595177477599,1.1652451165910993
772,3221,101,102,10.669332390672821,4.874328319281989,5.020968367056691,4.965098895446226,0.9993254385168636,1.030084154814648
773,3413,2824,3537,26.64654487011219,7.363351830215154,8.7822692222848,7.922430547872718,0.974533034435287,1.192699931333878
774,1744,1729,2284,6.520588248836369,3.1959869762144124,4.533824443224681,3.9962412896451416,0.9236882758081256,1.418599161062575
775,2426,1541,1542,11.913979333174236,4.5737830084357025,5.747607199781585,5.318584653682573,0.963150004257262,1.256641862803926
776,2492,969,2984,28.65182814159314,7.465954519007781,8.868739509958715,8.194574068239703,0.9805583575397976,1.187890910315559
777,2989,2502,800,20.905897227528545,5.968216193721695,8.0505191569831,7.101644526024885,0.9434673572711048,1.348898715407109
778,813,2957,2467,16.008667643707376,5.722209061186557,6.392625840491494,6.099203837740255,0.9917310628211211,1.1171604833266822
779,1544,1545,2311,12.36420538194361,3.988863732601033,6.560879453492574,5.6722352148271105,0.8500061285938567,1.6447990940052488
780,3063,2881,385,23.096981446417132,6.1112331499691175,8.79047177693518,7.544345466685999,0.9175857669142679,1.438412111143166
781,2284,1743,1744,9.36339643198595,4.258912449496332,4.998536784271976,4.680084762667901,0.9829176620524676,1.1736650714346366
782,2284,1729,1730,10.672763819043215,4.533824443224681,5.664424403087663,5.0351961789697475,0.9637636056171224,1.2493700349497527
783,2629,2284,1730,15.334020411122875,5.664424403087663,6.323127610292587,5.969675511701791,0.9916523403386447,1.1162877567658713
784,1742,2284,2629,18.912060333645208,5.921474521725121,7.89581611723281,6.777305733030538,0.9369206132905655,1.3334206012816718
785,1731,1732,2629,13.10451075012151,4.60631151272644,6.438979265925643,5.651199738694039,0.930359804908255,1.3978601421410297
786,2928,1757,1758,12.477019428869182,5.00000000000002,5.738977178277386,5.393270206978599,0.9874889226239077,1.1477954356554725
787,2785,2766,2324,16.806537044223493,5.168134245472255,7.255201757951179,6.404713330417342,0.9280783283850584,1.4038338428045634
788,3081,3359,3516,24.684047708383435,6.562178242736369,8.226449154779134,7.65913188376877,0.961885498033508,1.2536156212893081
789,2426,2936,1540,12.922742409452074,4.985179608748387,6.016107588710374,5.511478757578978,0.9767631582826728,1.206798563115526
790,1847,2654,1846,16.525116708386918,5.0,7.5220466333605716,6.426931493680535,0.8996361418756644,1.5044093266721144
791,3671,2983,3294,28.406505179892257,7.462645763139331,9.028500984957015,8.17961144423945,0.9744311454947845,1.209825746996059
792,2432,3663,1536,20.14256526422083,6.477240311712875,7.455556771189108,6.862359191749358,0.9840104267654812,1.1510390864620432
793,2599,2745,3050,25.30417194768779,6.861712031085997,9.217212213678216,7.858000139859596,0.9314415553774643,1.3432817016979095
794,3647,1544,2311,18.548101871972676,6.466962458387722,6.607253625497204,6.5456270461337205,0.9996813807492324,1.0216935180948086
795,3412,1141,3176,10.89470986973129,4.675715745632395,5.783357806494741,5.094708073807474,0.9604292019953248,1.2368925146694383
796,3170,2818,1535,15.300423785789743,5.508496179131456,6.9028392360959145,6.047652330315245,0.956337275004188,1.2531259007216573
797,2575,2576,725,22.05273803160793,6.514897579296346,8.31925023488873,7.269795622859607,0.9530782337445287,1.276957946557199
798,787,788,2501,12.443894126761906,5.000000000000041,5.948880037454523,5.40751147118981,0.9774743414628283,1.189776007490895
799,842,843,3353,13.213035488281635,5.000000000000114,6.127410250030451,5.5812261152958484,0.9729504429480949,1.2254820500060624
800,2059,2373,2058,9.059039919623281,4.438846196228878,4.670799874547465,4.577156943066409,0.9981215072633662,1.0522553988276613
801,2264,2268,2267,7.316814750950222,3.9704858151952025,4.188167026430983,4.114342384681838,0.9975969561863246,1.0548248303526753
802,2917,1570,1571,8.566055682027125,3.840168289591958,4.869080119042354,4.518068735826564,0.9583216577638682,1.2679340465987037
803,1410,2427,1409,9.053920145710457,4.336074709201639,4.783174331212337,4.583747332740089,0.9935335984150112,1.103111604848944
804,1410,1411,2427,10.83821738069453,4.336074709201639,6.55553581111434,5.297203506771993,0.8653182788696882,1.51185951598176
805,2938,2672,2937,22.24665802942431,6.318213246101976,7.911996417132671,7.258747825251379,0.9665578019631538,1.252252196776356
806,1596,2365,1628,15.095706593887694,5.173830842447133,6.907490604772802,6.033639783726739,0.9446213365343092,1.335082420573626
807,812,2467,2958,10.922141937097358,4.423868568115646,5.73760096098723,5.107549797952594,0.9563035014367757,1.2969646074795504
808,3228,1502,2310,18.679198161003946,5.9474341616073465,8.006436984669879,6.77057888322317,0.9250581174726402,1.346200187696751
809,1640,1638,1639,5.800045349664902,3.581930021425843,3.8249236959358917,3.665250982235502,0.9961188171163471,1.067838755379515
810,1685,1686,2288,5.850010307312683,3.420985916027941,4.999999999999951,3.9495136949144314,0.8365116687184225,1.4615669642409348
811,1345,2361,1344,12.976857290016245,4.99999999999996,6.127619631096582,5.534463800258539,0.9716260328334118,1.2255239262193263
812,2937,1407,1408,10.80375115465453,4.575152074934279,7.1771395855286215,5.51577296216963,0.784304347768311,1.5687215349299004
813,2891,3228,2310,14.987449271197427,5.425822217338897,6.357865503392282,5.919931227881267,0.9835213390671904,1.171779179029295
814,1408,2427,2937,11.685982882885199,4.79502722604599,5.576108053429071,5.224410031278524,0.9849799259504093,1.1628939295986365
815,1405,2429,2939,21.945306219497848,6.235131788660328,7.872773507465,7.216876831482168,0.963812435935096,1.2626474907528031
816,2673,2428,2672,38.2157197592356,8.379636771839198,10.502400033835949,9.513123077633162,0.9670669019244321,1.2533240186651715
817,3568,3464,3269,9.321611882835725,4.5242783427237105,4.766281104659007,4.642923214506813,0.998183876024463,1.053489804031289
818,347,348,3223,14.861689364248267,4.999999999999886,6.490585788083577,5.966466372436113,0.9516103581690252,1.298117157616745
819,2429,1406,1407,12.80742633465671,4.780530242622966,6.007531072269188,5.509981731513427,0.9653947484189317,1.256666262396239
820,2369,2316,1213,8.60215660493795,3.8082978937083394,5.275322925185848,4.576499395578494,0.9324296093651345,1.385218035044257
821,2431,1412,1361,20.893907823313587,6.444521156304915,8.402945684146863,7.141447862008221,0.9315338091974797,1.30388984384448
822,2231,2303,593,4.952378951076664,2.630518047426095,4.387386172307516,3.6007362125533504,0.8474019760375222,1.6678791375715816
823,1364,2431,1362,18.014138894684603,5.809487635550265,7.602171487160535,6.590709077733819,0.9455063077830665,1.3085786499725411
824,2755,103,104,15.160057493872237,4.906808987812107,7.333489666884561,6.164407890649078,0.8980474227000618,1.4945537283191628
825,1364,1365,2431,14.313079082435715,5.00000000000002,7.602171487160535,6.109134436557329,0.8580324758659531,1.5204342974321008
826,1364,1362,1363,8.778033587265824,3.7948686127654083,5.809487635550265,4.746380827093919,0.8733863130893641,1.5308797822427789
827,1377,1378,2675,15.752416758208716,4.6363161854883455,7.571673491578416,6.375258953062761,0.8614990393955204,1.6331227614021946
828,2517,309,2710,10.087358634948034,4.169813727243515,6.481635288455298,5.163949172041991,0.8437597554897031,1.5544184254820488
829,2431,1366,2940,19.706618966001336,5.876792152622082,7.600233386074302,6.855805922972543,0.9576189294205358,1.2932622404696177
830,3387,3280,766,15.234808858482324,5.605766068226416,6.288152857257108,5.951161651505738,0.9912468239518868,1.1217294444194654
831,3368,3519,2972,16.85415232847968,5.4053102399826205,7.233455517950148,6.37105021599982,0.9458202052168871,1.338212830864895
832,1536,1537,2432,12.527311268803503,4.6297321551241355,6.654280492346089,5.5828225090064505,0.9081092666524344,1.4372927567702176
833,2281,2275,3012,23.930425589652543,6.752626257828889,8.796464640068082,7.600936496717526,0.9442040482166416,1.3026731088322265
834,714,715,2575,17.087095168989187,5.000000000000121,7.730865873245671,6.5683617930469325,0.887387717790576,1.5461731746490968
835,907,908,2482,15.126153635255394,4.619407317976679,7.038461108179334,6.172444260250075,0.8886295270323414,1.5236718963466966
836,1613,2366,1612,10.943087661925897,4.6309454860337205,5.9414418095216535,5.136482943151765,0.9460016956765217,1.2829867739622947
837,1411,1412,2430,11.688357693752675,4.631435208079854,5.675936999660838,5.249891486096469,0.9723145078627139,1.2255244313379963
838,2893,1545,1546,17.02603190707907,5.000000000000041,7.324404161236956,6.50472741771745,0.9050175344395693,1.4648808322473792
839,669,670,2346,8.165272059119163,3.932554804765626,5.000000000000121,4.413629704213929,0.958390588977135,1.2714380976816706
840,2385,1371,2368,7.740138656813842,3.8215992253882325,4.554390330089155,4.261509563411838,0.9788790287863565,1.1917498569271032
841,2340,2388,265,11.148987921805794,3.847843598151546,6.406703263126474,5.385299590469508,0.8518351581532114,1.6650113497867143
842,2896,2073,3232,11.424382405330023,4.4318611048820955,5.776815564557637,5.225994808750414,0.954467107024869,1.3034739645143556
843,764,3090,763,12.479031290279607,4.792167273217556,6.593245123588316,5.549033486580032,0.9185746445853594,1.3758378511611262
844,1620,1621,2407,9.957098410763217,4.33287256141498,5.168441779828175,4.833771447081059,0.9786941883623643,1.1928441712904485
845,3408,3169,1533,16.794790565345895,5.43092088110198,7.967792193577678,6.532337350322138,0.8855262064701338,1.467116234615619
846,3021,1588,1589,12.239286952308145,4.99999999999992,5.7637551425283435,5.345516978446724,0.9857366301161865,1.1527510285056872
847,2368,1374,1375,9.127045196311279,4.063128863297545,5.00000000000002,4.642939573208278,0.9700857372408498,1.230578740724982
848,786,2501,803,25.006427247737992,6.8301813238711935,10.248420681916603,8.136276679141577,0.843417799846868,1.5004609974406986
849,2944,3463,3269,17.343089732956077,5.458179730825106,7.036525647157801,6.433610712487819,0.956448085883153,1.2891707481560155
850,3045,2639,2588,21.11933252756496,5.915812203169579,8.093352969230564,7.150973353246839,0.9384918460009034,1.368088217015121
851,2385,2674,1370,7.571525081676974,3.5434385697746036,4.7666198132072415,4.272399301080076,0.9436263509090569,1.3451961193475535
852,1362,2431,1361,13.981026586751891,4.635099388406112,6.576876745572887,5.857481414823218,0.9207983801005817,1.4189289580335194
853,2385,2368,1375,8.561102187438497,4.063128863297545,4.8180148015751865,4.478511331653962,0.9809525689004391,1.1857893174633385
854,2312,3762,1546,21.83887171996905,6.318131242409326,8.258587636073566,7.2400972008404,0.9506794838865299,1.3071250531548433
855,2250,2253,2252,1.6822012947878062,1.9286052352814205,2.0418171275969943,1.9729049948137636,0.9974541197604933,1.0587014336809337
856,3441,3552,3600,9.843484764809212,4.34695344199071,5.221747055730667,4.807722456602622,0.9780458160616706,1.2012429222934904
857,3172,1511,2677,14.131473456453566,5.240226514683008,6.1619939314654415,5.750034723212322,0.9827140052927228,1.1759022084636341
858,1512,2435,2677,12.837350083346525,5.2312364702543475,5.789859966051791,5.461072065021907,0.992181320746335,1.1067861296222923
859,2292,2248,409,8.601670277841107,3.6530075721821684,5.124982195105348,4.587295111339498,0.9246692290114106,1.4029486919579195
860,1353,1354,2254,5.334837448565963,2.715973891850437,5.0,3.8875063020679073,0.7707925597157609,1.840960259228935
861,2434,1754,1755,11.530171943403325,4.575152074934279,5.685335140107973,5.221023560326224,0.9689532525492353,1.2426548991138486
862,2297,8,9,10.878278193760025,4.8772250797664505,5.172703137159371,5.016642738975274,0.9976535572056086,1.0605832317681492
863,1756,1757,2434,13.77511724460052,5.00000000000002,6.553579202792346,5.750570877103833,0.9503942824249553,1.3107158405584638
864,2241,1269,2445,10.89098627243236,4.5948363235684,5.332101871007801,5.04460307417255,0.9843406750711791,1.1604552361653726
865,2418,2928,1759,16.07466998478859,5.889577093911493,6.290533343576776,6.099456207160888,0.9971131895053952,1.0680789542732674
866,1499,2666,2415,22.02961473995358,6.6738486251629805,7.770945009133563,7.176939413323612,0.9837956348077972,1.164387364111632
867,2159,2178,2225,1.6940200858946506,1.0530694134215037,3.398816853365137,2.5564903115939366,0.5099781289305858,3.2275335415185205
868,3535,3406,1518,14.702168789005832,5.336637462287003,6.669897469615407,5.912634444455718,0.9626123741435824,1.249831474734849
869,3169,1532,1533,16.058808137332925,4.777186361845593,7.967792193577678,6.495582548243175,0.8444126246876741,1.6678838944226246
870,409,2248,408,6.8879286805922115,3.6530075721821684,4.999999999999879,4.1474018500405405,0.9054785397062813,1.3687351863366295
871,2229,408,2248,3.9089005962483676,2.6038847528667532,3.789197977939573,3.136543192088793,0.8956228597625143,1.4552095570926655
872,3168,1517,3406,17.234488747875336,5.6806598099270555,7.185487199335493,6.401470780111197,0.9623558400988336,1.264903627353063
873,2235,2250,2252,1.727406948620445,1.7854598357543339,2.4842578849163104,2.07267011407784,0.9097377880422642,1.391382676422258
874,3535,2821,3169,24.377842706682785,6.7016788810270045,8.042920293599677,7.573928413095831,0.9749364944018145,1.2001351357448409
875,2236,7,2270,4.142230652244582,2.6894378991667103,3.9783668429036765,3.250986139969159,0.8808902111464079,1.4792558861970098
876,475,2232,2249,1.7192692382380639,1.835635596103224,2.10868420043979,2.0028616276085667,0.9862675606038487,1.1487488066347191
877,1514,2676,2435,16.070967318406602,4.977320896846437,7.293244774123568,6.306849192887291,0.9112471977475104,1.4652952713465732
878,2311,1545,2893,19.372646277098035,6.397352970878009,7.1897780919153504,6.716003505428645,0.9893373268886088,1.1238676566143238
879,2435,1512,1513,11.371180549481823,4.634232156755788,5.4955567108251016,5.163969542113492,0.9795133861683906,1.185861330406953
880,461,2265,2264,3.359921226594173,2.3158562552133852,3.403209707270146,2.890038328888272,0.907401341959265,1.4695254507307798
881,2928,1758,1759,12.652420522623057,4.997076070739961,5.889577093911493,5.442495535769948,0.9820523702064089,1.1786046501067915
882,1510,2819,1509,13.932995077916477,4.857364401652734,6.389344095488623,5.778994784104062,0.9509547212412278,1.315393198277368
883,2436,2678,2438,10.766144962732287,4.238439912245505,5.996813155921216,5.141095503538371,0.9226663787785839,1.414863317655041
884,1483,2922,3249,9.198908876835096,4.236026384530316,4.849658087014252,4.6334959980325445,0.9858686720601135,1.1448602172840276
885,1750,1751,1749,8.574037473405609,3.685560155297269,5.894534727813411,4.744447943355088,0.8488325206294964,1.5993592505446355
886,2271,2242,2298,6.321375964210359,3.388358850259761,4.3853516824340035,3.8864222010243914,0.9560344661504615,1.2942406268739246
887,2436,1748,1749,11.012595956265598,4.653711255497773,5.463057405207171,5.075376877918455,0.983118902259267,1.1739141311685932
888,2418,1759,1760,13.677201619169352,5.0,6.290533343576776,5.693451182848588,0.9660077562258447,1.2581066687153553
889,2960,1105,3282,17.451231063257147,5.891295567215919,7.823742592069224,6.563581076991202,0.9185451484745434,1.3280173270557076
890,1747,2437,1746,7.409098004913451,3.8528600864490197,4.99999999999996,4.251580303665982,0.9321314317822641,1.2977372361860664
891,1493,1494,2660,16.524091198975626,4.680867084726106,7.483061843769725,6.519791816942861,0.863369639200697,1.59864864956053
892,1166,2820,1165,14.523489484819502,4.917756695003213,6.404443766812619,5.904547173848388,0.9487979882877736,1.302310009220258
893,2275,2276,2274,5.393570745053782,3.1309527299116064,3.9481342233562375,3.576117242807762,0.9653814143324215,1.2610009041777204
894,1748,2437,1747,6.594668589565429,3.8101339982171125,4.0027194438959315,3.90491142222067,0.9983752623632995,1.0505455833755286
895,1745,1746,2418,11.065948753454752,4.780732793023806,5.679618719002508,5.1079070433741,0.9733552387174943,1.1880226243329022
896,1748,2436,2437,7.539682701480934,3.8101339982171125,5.109361973050421,4.306426731477907,0.9225636671846953,1.3409927250435971
897,2226,2392,2193,12.293500258318963,4.657632056691598,5.805640655116598,5.399401341974662,0.9647001478858607,1.2464790229137275
898,1145,1143,1144,11.10008139865976,4.475204203559885,7.115274208976206,5.53015947084537,0.8039721675385795,1.5899328578830498
899,944,2650,943,14.894338173083073,4.668493682366226,6.839715030890659,6.086450113636267,0.903959534053193,1.4650796372983306
900,2052,2372,2051,10.75232020420495,4.529404867752625,5.595671889595374,5.04169225244937,0.9696357896224927,1.2354099606847033
901,2909,464,3646,19.430640547277076,6.164483089285945,7.3563058113580615,6.752249114995905,0.9791271167200646,1.1933370089283788
902,1158,2439,1157,14.618006027398426,4.7264655335897885,6.951571489137239,6.0186405651048425,0.9096047490338164,1.4707758767591106
903,2820,3174,1164,16.243585201802727,5.872921388479185,6.624723476047868,6.153688261506738,0.98769810642443,1.128011604078931
904,2624,2643,2760,14.341648937520942,5.0587956310094055,7.490632161362315,6.073926413458821,0.87254008564239,1.4807145233237409
905,744,745,2333,7.3748305856827265,3.5911010197861604,4.789874348184858,4.213332584194061,0.9465737880219773,1.3338177683651131
906,2679,1158,1159,12.643317875124426,5.0,6.777045809672502,5.619310173950853,0.9054381846196241,1.3554091619345003
907,2679,1159,1160,10.81997345545218,4.651338652689833,5.334109187442981,5.022110850770957,0.9876146432126364,1.1467901147894934
908,1163,3174,3411,10.892937596398747,4.640692347544991,5.52191886214765,5.055634192757812,0.9792130698740007,1.1898911732575514
909,2923,1555,1556,12.315410696902267,5.000000000000057,5.959119041345799,5.38441735047837,0.9752377826719674,1.1918238082691464
910,2166,2391,2165,12.362949775410256,4.967150817251365,6.708641123324209,5.558597313525193,0.9046728784564613,1.35060145547111
911,1156,2439,2680,18.109134949855495,6.231527520645588,6.614949956114001,6.473635779069436,0.997227155127426,1.0615294459020042
912,2329,3174,3410,13.6534894797342,5.26915890660609,6.386335490281211,5.687024938470638,0.967520928865561,1.2120218052779708
913,2885,2279,2258,10.576413972743609,4.49697967801712,5.616722293949972,5.009770977096015,0.9649946759869029,1.2489988161179741
914,2821,1520,2440,18.88364745225347,5.621290157531688,8.182446869923215,6.863103497424485,0.9047991511313241,1.4556172409922585
915,1531,2821,2440,24.755786228726382,6.970157892470938,8.182446869923215,7.609489634331806,0.9831399521140579,1.1739256120383978
916,1520,1521,2440,13.01564793136535,4.994719971226739,6.785573464818554,5.67745426234325,0.9147819077867725,1.3585493288729795
917,1529,1530,2440,11.75981041276126,4.65160285864306,5.749894430822169,5.269265895714516,0.9707790213450671,1.2361103485303766
918,2224,2221,2223,0.5410226174396748,1.0000000000001312,1.1937108304256128,1.1279921108339857,0.9756973702200469,1.1937108304254562
919,1122,2443,1121,12.886019456572631,4.983452183371345,6.040997606199518,5.506888773591768,0.9753117741530105,1.2122114116710025
920,396,2279,395,12.254098119376163,4.631712510426745,6.0074208217037,5.408082134044295,0.9567650166738663,1.2970193655543194
921,341,2235,481,2.5684041112837233,2.13692538208628,3.1339316251259106,2.559332472643294,0.8816846185506751,1.4665610935213158
922,482,2245,2233,2.0588518775343645,1.693937627718329,2.587964778748508,2.280956673897013,0.8845683861683838,1.5277804426804076
923,2681,1118,1119,10.597578322517423,4.635099388406099,7.340542459462956,5.5601723631599675,0.7530204602804138,1.5836860969635422
924,1522,1528,2440,26.266405452516487,7.4622235138773645,8.278181694054547,7.8117783374930525,0.9921165523084717,1.1093451809182289
925,1120,2681,1119,10.036436369485218,4.634786232966111,5.155354802170414,4.831672092249125,0.9905932214941866,1.1123177085280922
926,2236,2270,2304,6.7683271067309985,3.08515367783709,5.183181433688218,4.22269835157486,0.8412476189300755,1.6800399509829258
927,1258,2290,1257,9.31978892070995,4.486860475771769,5.00000000000008,4.659054124342436,0.9888913489163799,1.11436493891423
928,1524,1527,1523,12.980669273621409,4.6214078420424425,7.077927957365834,5.775274565625701,0.8721861059416963,1.5315523319486397
929,177,178,2338,7.353565072232416,3.7960908254205683,4.9666550547552255,4.232572270235495,0.9337455867540069,1.3083604379262899
930,2213,2234,2218,0.765638361791247,1.1730673557805564,1.700413284322523,1.3938338762542004,0.8872755546311318,1.4495444579063168
931,2397,1846,2654,13.247637243776069,4.489103739353904,6.758747847681036,5.75663681929808,0.8989637108952656,1.505589587611934
932,1114,1115,2822,15.366806229003314,5.0,6.970920092739706,6.117193742472423,0.9313932055770419,1.3941840185479413
933,2232,2215,2239,1.2018571493378258,1.3996514695078481,1.9944460702682387,1.7180676170837323,0.9216254153804152,1.4249590799697691
934,1109,2822,1108,19.115070599831512,5.0,8.37533784375229,7.061086342375272,0.8483323561352435,1.675067568750458
935,482,2221,2252,2.4244700332368847,2.1502604329224786,2.998536784271884,2.4701802212328556,0.896792770299576,1.394499353827801
936,483,2238,2245,1.940420148736921,1.776219358189982,2.4063928466356197,2.1661561533463245,0.9395307472954747,1.3547835944586273
937,1526,1524,1525,8.802543491807654,3.8550722336981504,5.546064481796089,4.674144427081555,0.9105513357679084,1.4386408724891202
938,2943,1117,1118,13.218845578533056,4.772345141870897,6.30154339635802,5.629743860192355,0.9509870280976783,1.3204290991174275
939,757,2255,756,7.9653273247830345,3.822231195557386,4.74638519633413,4.338623731459106,0.969599028906645,1.2417839093173895
940,2441,2943,2681,18.921293411912156,6.550018738933717,6.646677914154317,6.6107807256845215,0.9998299315835035,1.0147570837692497
941,435,2515,434,13.622315367605468,4.99999999999996,6.443337013808856,5.703829379669812,0.9567501638562957,1.2886674027617815
942,1204,1205,2332,8.158294804122683,3.923370411076534,5.000000000000121,4.412551518448759,0.9579099826025835,1.2744144641260549
943,135,2614,3637,28.834597171867976,7.837757799862671,8.658420125396232,8.183162406494931,0.9926335665272341,1.1047062624910329
944,1453,2314,1452,11.339147076170836,4.847271400968169,5.418867000091953,5.133272156015693,0.9917326735706007,1.117921104852849
945,3176,1142,2823,18.054693465938293,5.7292995470324835,7.638426138825933,6.608982878204288,0.9412650620376798,1.3332216401186932
946,1142,1143,2823,16.467503554784,5.00000000000002,7.638426138825933,6.440695524023352,0.8912123123302628,1.5276852277651802
947,2443,1120,1121,12.479031315359665,4.99999999999996,5.674822716000899,5.3903464157351015,0.9890776569845632,1.134964543200189
948,1146,1147,2823,16.85314713785274,4.989512774647165,7.796810871221752,6.543394760108247,0.8810637601541457,1.562639725233113
949,746,2333,745,9.959181180470004,4.259022384611166,5.699601218168881,4.913777886005054,0.9387772970523522,1.3382416675626922
950,2302,457,2229,9.090571085161795,4.206152946709852,6.558925218717011,5.049429835471059,0.7880174878192393,1.5593644125203652
951,1432,2315,1431,11.33914707617071,4.847271400968141,5.418867000091946,5.133272156015665,0.9917326735705997,1.1179211048528541
952,1331,2484,2537,23.769816309558998,6.439079297144934,9.5947000772419,7.807775015280849,0.8753848271798012,1.4900732906793301
953,1142,3176,1141,12.962006297506145,4.99999999999996,5.783357806494741,5.504219117842395,0.9839086982420635,1.1566715612989573
954,347,2886,346,17.793663513390925,5.0,8.304385642907183,6.819446458232734,0.849362853515075,1.6608771285814368
955,2823,1145,1146,13.931522125813355,5.000000000000041,6.843860634455825,5.836773523230415,0.9285523782168986,1.368772126891154
956,1373,1374,2368,8.281599207044753,4.048046539642402,4.865689856327271,4.414376126741262,0.9757053825155416,1.2019846631400384
957,345,2280,344,11.458173070081443,4.897673618786927,5.632234762397944,5.176636127061624,0.9835864761157822,1.1499816445083892
958,2824,1139,1140,14.631285188317028,5.0,6.480483365599926,5.912953520400034,0.9548299354004477,1.2960966731199852
959,345,346,2280,11.458173070081443,4.897673618786927,8.139554369470053,6.012409329418993,0.6888654993445731,1.6619225785580394
960,2256,2293,2294,5.872800982211443,3.2399754701384675,4.895161239868279,3.920229142963136,0.8547053269733451,1.5108636731928942
961,3266,2681,2443,20.876678805022095,6.261889888903017,7.561397103280684,7.005203183444725,0.9765208806657848,1.207526359842351
962,2271,2298,2305,11.278838487740869,3.885556070379411,6.224869618233512,5.38099897370961,0.8659509735307099,1.6020537358056128
963,1147,1148,2442,18.440473566820422,4.676915381780491,8.62494873810679,7.09196780520814,0.7992523161827668,1.8441532578729898
964,413,2514,412,10.00443753129112,4.3184911702982305,6.809537348605425,5.269923627649736,0.7972678796521699,1.5768325278606892
965,2888,456,457,12.345412335174617,4.997076070739961,6.209496966473491,5.433311322406721,0.9559698215822339,1.2426260634359316
966,1927,1928,2291,5.882633826790375,2.8907127922760125,4.620863250878934,3.880606468246109,0.8714615028497249,1.5985203591397543
967,2682,1149,1150,16.84662387107453,5.000000000000101,7.2947199973554335,6.461808842343188,0.9083654138658811,1.4589439994710571
968,1153,3517,1152,13.69568580052345,5.0,6.761462166259921,5.779003060876242,0.9320498793022417,1.3522924332519843
969,2997,3439,2514,13.782646712771468,5.373089763017697,5.913296081036771,5.65468936341756,0.9939185734123723,1.1005392319587226
970,460,2259,2266,2.778939859410864,2.3157176040398957,2.6792269775265987,2.548524633445071,0.9839736982192011,1.1569748283869075
971,1151,3365,3088,19.08579514319006,6.150332926397688,7.538592738032555,6.723768948272631,0.9674566065808912,1.2257210834353944
972,3290,2973,1154,23.36657428154857,7.3191844208922205,7.399548408014591,7.3462287859401725,0.9998942501800756,1.0109799101239991
973,2682,2442,1148,32.18662238973296,7.9631930741209125,9.482296959269876,8.690146257165859,0.9792694576846185,1.190765672891419
974,2484,1330,2972,23.05212007532077,6.712293747077384,7.696350907916525,7.334385342139889,0.9860739631330535,1.1466051990450525
975,1122,1123,2443,12.651979879116304,4.6706845590691,6.040997606199518,5.495329645620385,0.9563992480422028,1.2933859115939808
976,1143,1145,2823,17.771794041821927,5.6664599352353795,7.115274208976206,6.488464859151896,0.9664021282929848,1.2556824349417455
977,1125,1126,2941,13.458700147178385,4.999999999999972,6.276526725968167,5.648160624536607,0.9660601286714866,1.2553053451936405
978,3406,1517,1518,13.630053160411459,4.999999999999972,6.338265331071039,5.689877910845252,0.9633714286216903,1.267653066214215
979,3168,1516,1517,17.033193086125635,5.0,7.335172204653776,6.506886467996424,0.9047306239073107,1.4670344409307552
980,3640,3717,2645,22.51677051356291,6.425091152780498,8.9433453264263,7.477085835050758,0.9114927318795392,1.3919406143453719
981,1225,2369,1224,12.658237214886995,4.685155000328384,5.97901365474082,5.490280180087891,0.9593304148358731,1.2761613338986113
982,2465,762,3090,16.44830653202288,5.5835327384506845,6.999930626374914,6.248371048482313,0.9645881492530543,1.253674144000318
983,3225,3549,3438,25.846557724559407,6.878660235664729,9.271747327541757,7.934556464384388,0.9333686122479791,1.34790017385497
984,1731,2629,1730,14.67338969604563,5.000000000000028,6.438979265925643,5.920702292072753,0.955072687037711,1.2877958531851212
985,3422,1324,3194,11.339512728096725,4.939060541477352,5.445074724434415,5.132528360028041,0.992227773094153,1.1024515044324008
986,1425,1426,1430,11.425080694898911,4.572299032811962,6.880805309535676,5.4843681141158855,0.8488374528052713,1.5048896102720524
987,1816,3392,1815,10.705149399967652,4.509276994924612,5.585707838759808,5.031661611228138,0.9690821157081692,1.2387147307754138
988,2974,3180,2487,25.989289812732203,6.929788274413349,8.755098915158703,7.854859388358933,0.9641033731628386,1.2634006362769976
989,1429,1430,1426,15.479003694105588,4.6857954233640156,7.161379476511624,6.2426600698037715,0.8893265782366807,1.5283167166889122
990,3339,2593,239,16.44182255490287,5.851616793336655,6.482830818341641,6.1781717387584285,0.9930514412224918,1.1078700207648187
991,2697,3418,1024,25.54237659965191,7.077494419820817,8.622483624920184,7.764702728746389,0.9717411622219057,1.2182960682770108
992,1434,2315,1433,11.225911566555526,4.685795423363998,5.467106371324571,5.1219019807348936,0.9842587596981677,1.1667403028448176
993,3466,3271,1083,10.946465104880659,4.295086890362226,5.652975007364656,5.123623644854017,0.9502395291702113,1.316149161044775
994,2254,1354,1342,3.187769706238016,2.363980464321638,3.3834550432895525,2.8211364664872094,0.9046737632502285,1.4312533857002325
995,428,2992,2506,15.469599023139626,5.815788584155768,6.32093544559989,5.991254115173359,0.9937680053116131,1.086857844664491
996,3227,2889,2304,20.933955773545126,5.97162194501149,7.97335711207192,7.095196077072454,0.9472010468993252,1.3352079527962446
997,1353,2277,1352,9.34674962189898,3.742664699598765,6.334894693392214,5.024878487910323,0.8185670145895818,1.6926161443399808
998,3086,3609,2675,32.06968140546837,7.650556260547682,9.32161850642296,8.695447967041718,0.9723999058547818,1.2184236268534612
999,2938,2430,2940,13.966884131204463,5.171533046464087,6.161163311391977,5.7226331475773575,0.9798604107266788,1.1913611024113104
1000,3226,2888,2302,15.29123621273271,5.857217487223274,6.003067326992647,5.943501812546703,0.9995607381996171,1.024900874875745
1001,2254,1342,1343,5.489588819750031,3.3834550432895525,4.006039514082274,3.5984337985726764,0.9728191219837092,1.1840084951113805
1002,1428,1426,1427,10.132823945533602,4.452732800352584,5.797871203972417,4.960865654043764,0.9373111900436718,1.302092774018086
1003,2596,3048,3340,12.278481534930673,5.1620362706741005,5.525610066652096,5.331383915134169,0.9968341263025551,1.07043224357866
1004,2840,419,3301,16.60944953191782,5.560643432946055,7.809744734548229,6.45593689666867,0.8998427556878289,1.404467815410813
1005,1351,2902,1350,12.385935931378077,5.0,6.040096620725156,5.409929045347511,0.970555287888278,1.2080193241450312
1006,3566,3405,3608,21.22081742093794,6.658906481646338,7.821424520625157,7.066362056685567,0.975870733526033,1.1745809228862154
1007,3459,3262,2023,10.635082342669026,4.556742778994215,5.711142790594764,5.034796027466509,0.9597409380752301,1.253338857949615
1008,3576,3707,3423,38.282996733733185,8.609782010889484,10.15443813667672,9.466386323901856,0.9820766069044444,1.179407112030663
1009,2277,2254,1343,6.095334292252657,3.4058068383462032,4.892202830893404,3.9593630181776347,0.873414579780621,1.436429916051542
1010,2754,98,3222,15.79675506022244,4.9625576465517645,7.146848204287679,6.234243821351232,0.9183291817910348,1.440154193322806
1011,3340,2780,2594,19.589488873915585,5.951675060739748,8.250710409346848,6.952481681681607,0.9183516892372257,1.3862837478767442
1012,1352,2277,2361,13.603010371976072,4.5608740944209245,6.440349315224228,5.778706034345789,0.9202607428665103,1.412086626794273
1013,3097,3422,3541,18.275773182788953,5.826997954076863,7.635906893234149,6.6354250565363415,0.9464805160059494,1.3104358287772662
1014,2361,2277,1344,10.883829701750583,4.5608740944209245,5.475771769679076,5.055004271109956,0.978200751336655,1.2005970031878972
1015,2361,2902,1351,13.049306470964458,4.973845329755602,6.040096620725156,5.541010681697817,0.9754482542925975,1.2143716220105996
1016,1015,2993,3300,11.73855280129416,4.673891808046968,5.569446278539618,5.251565547510079,0.9770301351613215,1.1916078735393034
1017,247,2780,3048,15.182309064088628,5.1802406958970275,6.5740844958413955,6.005498947711263,0.9626410159917511,1.269069311981652
1018,1434,1435,2315,11.94878237215853,4.998536784272004,5.467106371324571,5.263816555004667,0.9945308653698189,1.0937413501741011
1019,1800,3126,3451,15.778477088762136,5.539822472149476,7.525445385399312,6.265175160248764,0.9097743423355599,1.358427174017258
1020,3092,2693,925,28.3477997691231,7.39340040988704,9.242793457557626,8.207746398887389,0.9632871752689357,1.2501410643467155
1021,1455,1456,2314,11.9487823721586,4.998536784272004,5.467106371324583,5.263816555004684,0.9945308653698183,1.0937413501741033
1022,2468,1130,2959,18.440798328552603,6.18310648023689,6.855213936748914,6.5432280266850675,0.9929335950313676,1.1087006116844804
1023,1522,2440,1521,13.025207957456493,4.9999999999999805,7.694929804547247,5.982333051843895,0.8071947550863873,1.5389859609094554
1024,1456,1452,2314,9.573353904002753,3.9602876762389325,5.3258065094174665,4.806590750881118,0.9420959712818664,1.3448029397893038
1025,2706,430,431,9.86742965344795,4.493978702338087,5.293693484564399,4.813518685587767,0.9784622751256655,1.1779525082774076
1026,1451,1436,2214,0.2813629654127588,0.2699837202680672,2.2193948270158725,1.543692389428271,0.20336386866794112,8.220476496924453
1027,2214,2444,1450,8.82899964446489,3.908899714229333,6.2308926957859665,4.891117374522554,0.81933860734403,1.5940272586436592
1028,1448,1438,2825,19.05789614531404,5.956166675544801,7.438023931340394,6.7166383699996715,0.9677297017564424,1.248793785754837
1029,1451,2214,1450,5.029366420919439,2.2193948270158725,4.998536784271976,3.9171637749467365,0.690478402331714,2.252207098721974
1030,2324,3645,2785,19.90918252090922,5.765118025098215,7.762844690209993,6.927721491086462,0.9438781901354159,1.346519647371442
1031,2580,291,2581,19.824801390010638,5.727924678020908,8.656872628730545,7.109055543466181,0.8807492489929336,1.5113454026287296
1032,30,31,2756,15.784336333168081,4.6540807536480235,7.502284226431686,6.364111656675931,0.8675525107830897,1.611979813747569
1033,1811,1812,3397,13.270446745137125,4.999999999999994,6.296434885895209,5.614807533218219,0.9634802363701351,1.2592869771790434
1034,3061,27,28,9.642302118865587,4.017135804902968,5.468596068050996,4.828577290984654,0.9403305190371009,1.361317200522945
1035,2525,3102,2084,18.88788211127295,5.969134328947097,7.550887162104841,6.704483054196799,0.9613526753167305,1.2649886475978758
1036,2315,1435,1431,9.573353904002708,3.9602876762389543,5.325806509417428,4.8065907508810986,0.9420959712818717,1.3448029397892867
1037,3240,3449,3557,13.611758616200815,4.084891261560643,7.117706316332094,6.017680412416708,0.8252344051495742,1.7424469491539796
1038,1455,2314,1454,11.225911566555503,4.685795423363998,5.467106371324583,5.12190198073489,0.9842587596981673,1.1667403028448202
1039,2722,2544,979,26.736165738863935,7.402076938287149,8.349331669446817,7.8862577319200815,0.9904030281705236,1.1279714786886375
1040,192,193,2869,13.889271545160614,5.000000000000041,6.275697729422144,5.736160980558522,0.9663130332698143,1.2551395458844186
1041,1446,1447,2826,11.55449643199267,4.790262261144349,6.474040798380709,5.370524820164396,0.9060169000855146,1.3515002823319575
1042,26,2618,25,9.357304270247663,4.391576869675184,4.9504470222643,4.665556355173287,0.9903864550647653,1.1272595628345343
1043,2826,1445,1446,14.738381485946231,5.062642540673849,6.474040798380709,5.924076747608523,0.9594543346172023,1.2787868679977945
1044,2281,3745,3756,36.0367349707512,8.397103888701764,9.825289691071596,9.178612326413685,0.9837735543480188,1.170080758949695
1045,3271,3466,3569,16.85522026695942,4.295086890362226,8.477256454434292,6.898825123197606,0.7627283421686504,1.9737101182880523
1046,1137,3177,3414,16.794219131102178,5.717501389437512,7.801833031475464,6.47430763779474,0.9061058982517135,1.3645528877156965
1047,2656,2402,2768,24.478606629256124,6.629652281910875,8.429024825905929,7.6254164209095405,0.9629650229545184,1.2714128083164593
1048,3660,3154,3661,19.181506282987478,5.326154913141604,8.543117111145216,7.036381448507371,0.86424300259494,1.6039933592742808
1049,3017,3016,1009,16.03465998147104,5.306610465755703,8.32504722869412,6.563152939697535,0.8280299728233996,1.5688069215588385
1050,3375,3376,3107,15.421855675645375,5.296547263606893,6.8562392664722,6.07099558989097,0.9557937305845366,1.294473347492263
1051,1347,1348,1346,9.848221061343995,3.9689977749668586,6.752785198087659,5.240594324351499,0.7901339439293693,1.701382963900514
1052,2510,2707,3550,20.880941085023878,6.7384952547969,7.0550835534828185,6.94892763873096,0.9981935528649526,1.0469820466906985
1053,2780,3340,3048,14.948235360987074,5.306505408076311,6.5740844958413955,5.944088321552485,0.9697040315314809,1.2388726648305821
1054,3437,348,349,11.790547724952189,5.000000000000114,5.402966526495499,5.226142083166899,0.9959131744522846,1.0805933052990753
1055,2361,1345,2902,13.589939129097592,4.973845329755602,6.127619631096582,5.664263099709365,0.9707127705968062,1.2319682709952045
1056,1263,1266,1267,12.487500000000011,5.0,5.804134754566403,5.400388710688254,0.9851964201561821,1.1608269509132805
1057,3678,3181,2834,20.79194331723683,6.3010091537757,7.356056298115466,6.976026809449096,0.9820623414078885,1.1674409794671634
1058,1225,1226,2369,11.687611570231425,4.930021498159693,5.806671885194471,5.244589818031385,0.9756706758356117,1.1778187757116312
1059,1830,2793,3141,13.990730763596332,5.256671553024741,7.065926997964546,5.893487177197098,0.9121455997385539,1.3441827070018748
1060,2787,2788,2778,20.327265725966758,5.763543117044214,8.521845241722428,7.135701844665484,0.8995414516352259,1.4785775118991018
1061,2316,1227,1212,6.241208085442457,3.639004179955066,4.146085304530294,3.818974986312462,0.984643143837527,1.1393461231422628
1062,2428,2939,2429,24.893886898346338,7.265401207598509,7.992667572035156,7.60026465931828,0.9937106704980572,1.1000999591978535
1063,1266,1264,1265,12.472958372067877,4.99707607073999,5.796557857401198,5.396888435213184,0.9853634319160637,1.159989917172267
1064,2509,3634,2993,12.421821660268703,5.120802040598279,5.618540972896296,5.36761805210585,0.9942586036220546,1.0971994090675423
1065,3301,2505,2840,21.290298655440978,5.997422522511726,8.530257813951602,7.246671622267826,0.9175835023966702,1.4223206355618117
1066,3480,3304,3083,20.76329335168127,6.33469048201078,8.03079789749359,7.045559919824399,0.956013233377711,1.2677490589791889
1067,449,3302,2511,21.916865379682385,6.2384304476839665,8.041716183705464,7.227290666333322,0.9587791811282811,1.2890608064230278
1068,1262,1260,1261,5.800045349664924,3.5819300214258267,3.824923695935929,3.665250982235511,0.9961188171163458,1.0678387553795303
1069,2598,3342,2745,13.884080330324984,5.487256529321359,5.853382318145475,5.668431446661381,0.9972148108239247,1.0667229218950691
1070,2729,3377,3111,21.441610180843227,5.923048424134171,8.464032585024961,7.262955880883198,0.9197754980641056,1.4289993899994546
1071,3753,3734,3677,25.040207454285113,6.379496336532845,8.938761926623858,7.815222629972549,0.9294386220246134,1.4011704772734352
1072,3167,2132,3405,10.674156105113937,4.750108556807773,5.221767966636677,4.976324835454974,0.9939452936424182,1.0992944485769551
1073,909,3289,2970,13.827108518520486,4.991850397388005,6.858517279224414,5.823614678115946,0.9251497144270896,1.373942873531055
1074,3052,3051,58,8.202684942271425,3.8329094009722424,5.274745082914406,4.484343296100881,0.9256218939512306,1.376172648791655
1075,3565,3263,3460,13.487729133945264,5.389908323333073,5.685542206539921,5.586147382140265,0.9975748900081931,1.054849519782561
1076,2688,2318,1216,13.353069718686406,4.888738614958944,6.036924290601098,5.620125963738261,0.9680606984317511,1.23486338012199
1077,2688,1224,2369,14.250641725831352,5.397932236513992,5.97901365474082,5.753053278300143,0.9924072723246916,1.1076488908653088
1078,2101,3083,3304,17.390337197145207,5.508696075914185,8.050309604341598,6.631232054088854,0.8906152868062976,1.461382057278523
1079,1226,2316,2369,8.648913908323077,3.9828676197004125,4.930021498159693,4.519588828567133,0.9703479372267574,1.2378070196896287
1080,2796,2798,3143,20.84337078019382,6.431601508738609,7.32379970273074,6.968899017199689,0.9881113376288049,1.1387210001707821
1081,1212,1213,2316,7.715400303112276,3.8082978937083394,5.00000000000002,4.318127732746218,0.9428626819546584,1.3129225022707607
1082,3546,2872,3212,15.84988087842909,5.414162273735765,8.018430904746445,6.429306000110195,0.8586162681326708,1.4810104498795782
1083,1286,1287,1282,14.346126877033017,4.631712510426709,7.634175670889898,6.154321117475097,0.8413347646897001,1.6482403978451112
1084,1286,1282,1285,14.250482713698503,4.631992957806291,7.2821327286944335,6.037066952536468,0.874581475901494,1.5721381260785094
1085,2726,2550,1584,23.34865015979584,5.914687379994626,8.730853387625695,7.612677243370776,0.9071148642771445,1.4761309984288007
1086,2707,455,2888,13.829170090509347,4.9806844718845085,6.733473547084609,5.796568057013382,0.9360346844876302,1.351917308774412
1087,1289,1268,2241,2.5576088548626204,1.4519739524288162,3.6249147146076637,2.883419644705165,0.6324553322397469,2.49654252305561
1088,194,3210,2869,13.572173141451108,4.6874926678623465,6.507127455705226,5.745102071287756,0.9327970087455267,1.3881893619414862
1089,1270,2445,1269,12.27576371210239,5.0,5.713684845555347,5.348595572187716,0.9880512443487395,1.1427369691110694
1090,1769,1770,2548,14.272786706292925,4.99999999999996,7.41044233029267,6.042067211473043,0.8783155257220688,1.4820884660585458
1091,3882,3713,2416,39.9577495656697,8.901945927729999,11.136134378849578,9.769478089546107,0.9572535059805196,1.2509775356149908
1092,1288,1289,2241,7.279459663001139,3.573370267079016,4.998536784271976,4.234049440562385,0.9200984614584605,1.39882979111424
1093,2241,2445,1287,14.705475847047556,4.5948363235684,7.288831888061767,6.126593441479028,0.8749857823973378,1.5863093644217516
1094,2087,2088,2714,11.563490529630808,4.877383312659598,5.880170151647731,5.233854316401994,0.96746364954289,1.2055993500419229
1095,3757,3644,2323,31.345269565973446,7.407993475912306,9.509096540118145,8.63989731376383,0.9594353702688583,1.2836264733544578
1096,1284,1282,1283,9.857059896108844,3.971474416518802,6.747919553152993,5.239797989890612,0.7912648172514694,1.6990968203360317
1097,1392,2944,3269,13.329103176041649,5.358050157496881,5.869298633674938,5.5618428406656415,0.9935194824478745,1.0954168888215292
1098,2933,2115,2420,23.367061561492477,6.514726466469507,8.640324103088481,7.509011928478592,0.9442889203144023,1.3262758072129601
1099,2999,2839,3188,12.512650524510011,5.110485410870049,5.885272260177343,5.409661960081096,0.9835491303564051,1.1516072910920194
1100,2980,3292,956,20.692575660233675,6.215433346840687,8.074431583699004,7.049742209749204,0.9501816988957518,1.299093905946759
1101,2837,2978,3791,37.31237416246742,7.991732057208693,10.281560040881558,9.437723784943366,0.9560994337545033,1.2865246191039899
1102,1280,1271,2683,15.55708869468834,5.553426916189327,6.7662684647893006,6.064082603811509,0.9700553955911987,1.2183951579635095
1103,2779,190,2789,10.275037432903432,4.201688595043966,5.478086677763822,4.956346843911187,0.9543578028003815,1.303782170869448
1104,1271,1280,1270,13.01077916321866,4.999999999999943,5.872552430455897,5.518040670296499,0.9822836002104447,1.1745104860911928
1105,3682,393,2652,26.27396361838081,7.469551609235141,8.0750574674546,7.801481499254325,0.9959163108810303,1.0810632136835134
1106,2607,663,3055,14.344083404960132,4.736722244935904,6.788939528097448,5.936029599244954,0.9202149010675632,1.4332568339542386
1107,2683,1272,2827,18.296910798331766,6.008557874861914,7.408641675314713,6.588359718244519,0.9655592572875007,1.2330149479478842
1108,2683,2446,1278,16.47667899935835,6.110407146493032,6.214162853436135,6.169026896460508,0.9998024702510955,1.0169801626071107
1109,2448,2945,3463,24.242866300596578,6.735148435068571,8.18050241587266,7.552697531445973,0.9752146132013416,1.214598682529166
1110,1509,2819,3171,12.857939449510107,4.785800536603685,6.389344095488623,5.570129137017896,0.9440045061817416,1.3350627646556528
1111,2948,2455,1088,12.448808660823634,5.127105414992994,5.691803254102711,5.377641615122525,0.9922376257967398,1.1101396974320819
1112,2896,3443,2897,18.1587992989376,6.325561176047251,6.666240670840252,6.480432849316731,0.9980987753331431,1.0538575922849405
1113,2829,3415,3803,28.803981980031445,6.92885076999301,9.257391861381148,8.325970738544916,0.9457734773749372,1.3360645464428853
1114,1440,2447,1439,9.178513491398315,4.3701817567093935,4.823722952655989,4.615230873563368,0.9935112932325543,1.1037808542517227
1115,2247,2357,2380,8.148327145150843,3.7441623467024274,4.873144426440458,4.412829886375907,0.9548667117496927,1.3015312839552355
1116,2905,2907,2380,11.430886743273069,4.857841053215965,5.7706395483891795,5.19116795759352,0.9734899564569859,1.1879020917263088
1117,1441,2447,1440,9.034913517369226,4.3701817567093935,4.912527105319959,4.586684487136214,0.9892172869846727,1.1241013254832983
1118,2684,1444,2826,15.475613325146576,5.518213130318854,6.3845801361728745,6.010248303755005,0.9857754600374486,1.157001367180604
1119,1402,2448,1401,13.677183467231021,4.620235999796656,6.872312832286822,5.8400463932817255,0.9032591489401529,1.4874376184656548
1120,2790,3657,3133,19.769833180313903,5.974176903426584,7.299203693154367,6.832566845774266,0.970313531912235,1.2217923592064697
1121,2449,1399,1400,8.969609622404539,4.255156532696635,4.850763362584559,4.57074380266922,0.9886867097482135,1.1399729540643875
1122,2685,3089,1394,16.19813049514483,5.6791752193827705,6.419690102258487,6.141575497737841,0.9889142592142347,1.130391272371448
1123,3366,2448,2944,13.364455382729865,4.68055117357473,6.810371813334477,5.761104898003964,0.9091828892280907,1.4550362896968638
1124,2231,2257,2296,3.7163210904452555,2.574674256908993,3.4094198597104377,2.989824960358449,0.9477956542025441,1.3242140634146056
1125,3438,3549,2887,22.081247358755444,6.798511614160012,7.653261829946679,7.168838312517167,0.9897892779859382,1.125726080103531
1126,1123,1124,2443,14.074812466176212,5.0,6.746167079961765,5.840157950518101,0.9389502082423067,1.349233415992353
1127,2667,2134,2135,16.36197258570295,4.650892499444196,8.18446747879572,6.629033643337311,0.8194037777491914,1.7597627723654765
1128,416,417,2511,12.67394868020893,4.993564490557772,7.738446379492944,5.959455462185907,0.7888981844902687,1.5496838769430958
1129,2684,2447,1441,11.392573075933583,4.477344599379289,5.922900265957916,5.23031802766019,0.9496035038571818,1.3228600422623333
1130,944,3077,2650,24.07782230115729,6.839715030890659,8.046809649108102,7.505872800823606,0.982620873638,1.176483174045375
1131,3039,3515,3498,28.899215275748837,7.185778320013972,9.48537017772274,8.333046848573352,0.9490741653935739,1.3200198719328564
1132,1442,1443,2684,11.60891100469672,4.609939794154626,5.755295960025683,5.240689564454274,0.9681988600577682,1.248453606123742
1133,1401,2449,1400,10.045271127759403,4.255156532696635,6.130367914791089,5.039856979288548,0.8911216776386783,1.4406915157375115
1134,1394,3089,3366,10.614275304242863,4.683047947742068,5.6791752193827705,5.022548747031676,0.9634835243892903,1.2127091763220117
1135,2905,2379,2904,10.333734637279342,4.588339377358149,5.253111501218576,4.908152508306127,0.9876181996976943,1.1448829454815057
1136,2449,2685,1398,16.045578589934642,5.956956872646836,6.358971202175721,6.096110419555409,0.9961966592808937,1.0674865267826354
1137,3389,1851,1852,13.5205077582472,4.9146355803774595,6.582712089211596,5.717067786648081,0.9418914640355361,1.339410009461174
1138,3568,3609,3086,20.879240071809786,6.191871575106663,9.114169134154515,7.350132871506392,0.8667529361626706,1.4719570688120276
1139,2934,3261,2021,24.74501619564325,7.168483910104014,8.616650782189904,7.658776219490007,0.9666834039390442,1.2020185704880626
1140,2685,2449,3089,15.05686616464476,5.4238931048731445,6.419690102258487,5.938662130325102,0.9813396376088632,1.1835945100928815
1141,2945,2448,1402,17.196691242907313,5.535298321004761,6.872312832286822,6.380919862786718,0.9668242364773824,1.2415433520915216
1142,2825,1439,2447,12.857060973670963,4.823722952655989,6.7597058096419165,5.651927985564876,0.9105763059532326,1.401346195871377
1143,2197,2198,2389,7.912550802890331,3.719830989793209,4.917756695003219,4.35750081388098,0.9502481324743256,1.3220376701245249
1144,2674,2433,1369,17.421489073701945,5.686061283568485,7.002591740469099,6.410923506862779,0.9718708839468514,1.2315364522547636
1145,3220,650,2880,13.02624218059517,5.220797879220974,5.827247355334872,5.502100079281273,0.9916748784219244,1.1161603054061133
1146,2366,1614,2407,11.029358663574783,4.1255138072806385,6.068972458053809,5.228856483537975,0.9095208479135177,1.4710828133318536
1147,1379,1381,2451,12.361451776733546,4.409133534081981,6.0450376727176875,5.486529752461558,0.9304130902878919,1.371026217734255
1148,2675,2433,1377,24.90394047175507,6.917787182121521,8.939948021330084,7.745789006094056,0.9467845009995932,1.2923132478597605
1149,2366,2407,1621,11.48934063950154,4.33287256141498,6.04705605849789,5.290670601730782,0.9309601118013122,1.3956228743831576
1150,1334,2537,3012,29.688820786998726,8.139843366346252,8.526767279609718,8.285740654898847,0.9982589573516852,1.0475345649602033
1151,1113,2452,1111,22.442895696214077,6.166339575915662,7.920643322321068,7.325633814117545,0.9538546496796366,1.2844967788114237
1152,2370,2320,1073,5.876813100726659,3.565542382403012,3.945733334683335,3.697184873866069,0.9906437289969108,1.1066292057434728
1153,1110,1111,2452,15.461996713305892,5.00000000000002,7.889918544115905,6.358514575726885,0.8534896692652206,1.5779837088231745
1154,2474,2966,2967,15.799125893509697,5.491446770918311,6.806768454708446,6.114655348184736,0.9683328195305806,1.2395218853355432
1155,1849,1850,2398,13.75050582210972,5.0,7.843054824863225,6.1249789380721404,0.8134407542605507,1.568610964972645
1156,2675,2769,3086,22.497446610161212,6.691943764884264,7.650556260547682,7.2407848737645,0.9879037269853327,1.1432487374884563
1157,1386,1387,1388,9.982620273682302,4.0087913228069905,6.6797978157154,5.229529712840811,0.807113267413125,1.6662872366821397
1158,1383,1384,2453,9.794755990350628,4.432929446234478,5.3739364204743865,4.8116447997910505,0.9701352106033869,1.2122765511278868
1159,2121,2417,3764,23.388291508050294,6.810239569383102,7.711069618601168,7.381288308615587,0.988383320958732,1.132275823785692
1160,3376,3375,2727,18.40034621176546,5.659834379457328,7.3770276685269955,6.631033771485508,0.9551862798023926,1.303399918432651
1161,2890,854,855,18.28130804728864,4.948802222289923,8.117202091073167,6.874212213087824,0.8587919559718799,1.6402357027954038
1162,1290,1291,2286,11.880007877743056,4.917756695003203,5.459251787022773,5.253709478849934,0.9919326598996158,1.1101101834846299
1163,2762,2267,2282,17.112502665185723,5.535311807693345,7.258493688930566,6.40505730270507,0.9518265180893692,1.3113071026716556
1164,1382,1383,2453,10.954102904622847,4.432929446234478,6.158501664266859,5.197143703500426,0.9190370971496921,1.3892622788071116
1165,2673,2672,1368,27.00777808821473,7.099549060622439,9.657332427224336,8.150618114339043,0.9222945728836409,1.3602740603327346
1166,2317,1382,2453,16.015926843685353,5.600320361099524,6.6119559483609835,6.123592657909121,0.9818854972853472,1.1806388781414003
1167,3345,3501,3586,10.5569626355909,4.85681196418177,4.998942792565414,4.938722800770153,0.9994128150430022,1.029264222998921
1168,2451,1382,2317,17.10315479550816,6.083705999371039,6.6119559483609835,6.2974156489064255,0.9946865703390231,1.0868302888148371
1169,1380,1381,1379,11.238036008974827,4.676983350233458,6.005418050585008,5.202320211954058,0.9473040637420911,1.2840366537300671
1170,3643,2679,2770,25.415559679024383,7.090619086950712,8.0793874347004,7.696331384028052,0.987773269465242,1.139447393185932
1171,1369,1370,2674,7.566331721832666,3.5434385697746036,7.002591740469099,5.088128188714542,0.6251387760966339,1.9762136700212445
1172,592,2295,591,16.214382463987516,5.391904245689605,7.529895647563895,6.332497708084779,0.9156426124552686,1.3965188001221354
1173,2506,2512,427,15.795054814293579,4.865414614467128,7.523703866963384,6.322843583176454,0.8856030323419726,1.546364382717134
1174,3507,3506,2604,13.094966170247394,4.754178580247781,6.338843152008152,5.6115415836892195,0.9475236626770608,1.3333203717555304
1175,1312,1313,1314,12.472958372068007,4.997076070740018,5.79655785740129,5.396888435213216,0.985363431916061,1.159989917172279
1176,995,2723,3107,13.187695813140264,5.214367640462891,5.99186810276506,5.548788501139833,0.9857575868791006,1.1491073349467833
1177,2666,1500,2812,15.873152477337273,5.689117055350717,6.662096464169474,6.098648423991499,0.9811133686847523,1.1710246773536945
1178,1310,1304,2227,1.30457940417676,1.1719902321607705,2.3809287644469412,1.9343976916967103,0.7465970925589094,2.031526116098493
1179,1580,1581,2552,13.51242185903185,4.652240274449397,6.55529807315109,5.74557895430683,0.9272065304418257,1.4090626636705526
1180,1315,1311,1314,12.487500000000011,5.0,5.804134754566431,5.400388710688258,0.985196420156181,1.1608269509132862
1181,2444,1449,1450,12.264834452620756,4.685795423364005,6.2308926957859665,5.437384137408124,0.9452844951200584,1.329740659337772
1182,2545,3019,3374,18.323057593015236,5.729210860575894,7.299115861474121,6.598900709634119,0.9623537377719207,1.274017668244876
1183,2572,2787,2778,19.591552767223725,5.588440589556403,8.24603142943974,6.985396398075317,0.9052175715398395,1.4755514167672827
1184,3130,2777,2524,18.500109219926003,6.000449686179326,7.83895094690427,6.704622247711979,0.9367728600893517,1.3063939132694529
1185,1274,1275,1276,8.316170529704085,3.541978797270424,6.469184192061661,4.9312910148557565,0.7456440491856758,1.8264322183540584
1186,1107,3267,2942,16.97541613863789,5.605117221628378,6.9132139147246425,6.329279993857138,0.971459180621495,1.2333754391520542
1187,3303,2518,2712,21.51133610177346,5.975278621763436,8.818932062402462,7.349418831432911,0.8972671677273847,1.4759030700730407
1188,3235,938,939,13.365335225907382,4.962410471115947,6.332214136982387,5.6411699974000555,0.9604898681948919,1.2760359454018317
1189,1273,1274,2827,12.318468017484605,5.0,5.651941700171148,5.35367451057849,0.9900494739133193,1.1303883400342296
1190,2289,2227,1305,4.348465246025775,2.727303490125018,3.8789970557233375,3.279016640906637,0.9150887897480212,1.4222828774899292
1191,2227,1304,1305,3.741262092472979,2.3809287644469412,3.5410726400071693,3.0509169271085557,0.9048538156083081,1.4872652608864232
1192,1644,3108,1643,9.614939463616397,4.3902043632865695,5.000000000000057,4.732229811356015,0.9886912809788692,1.138899145974377
1193,1306,2300,2289,8.846268404957865,4.114069937204227,5.442808909362951,4.642388759629866,0.9335801452550966,1.3229743277193013
1194,1309,2300,1308,12.204288919577925,4.997076070740018,5.510954964274627,5.32349845616391,0.992649480960379,1.1028359156954977
1195,2991,2505,444,19.107113887466525,5.888872751562004,8.696154060639556,7.025006966880537,0.8684968009804457,1.476709453151782
1196,2328,2896,2897,15.661626135798418,5.756932845506514,6.325561176047251,6.027732620724709,0.9939859193009023,1.0987727920058286
1197,2289,2300,1309,9.012307722493595,4.199077391248641,5.462464333477086,4.677276385682715,0.9379439816420828,1.3008725071039384
1198,3064,374,3349,11.924551947250695,4.506107011319834,6.415676652251261,5.429017155031949,0.9153892870268244,1.4237737000329507
1199,1720,2557,2728,15.489885118971229,4.879390507444787,6.888787660588103,6.163258746829135,0.921621749331898,1.411813145530667
1200,2428,2937,2672,24.358495315002894,6.548132327579271,8.379636771839198,7.613255172183713,0.960525969077626,1.2796987526574624
1201,2551,3494,1575,25.471606009029376,6.533822959001364,9.05721748768302,7.873992746647867,0.9326311681481357,1.386204913190261
1202,1094,2828,1093,13.453484104580545,4.864512103745163,6.221292099120145,5.657764611181798,0.9606101586578478,1.2789138903221977
1203,2418,2438,2678,13.10948695832213,5.07324474324602,6.931236249405347,5.730838145033252,0.9019782866314427,1.3662333674386318
1204,2389,2378,2197,8.209504149038526,4.23037570370666,4.434914756846512,4.356957310663698,0.9983047890584659,1.0483500916858601
1205,2828,1094,1095,12.973963933438148,4.863314021460978,5.887489630680087,5.53021793132693,0.9726033608730856,1.2105921198383647
1206,1442,2684,1441,13.184692524809947,5.0,5.922900265957916,5.559398741994532,0.9800658100915736,1.1845800531915833
1207,2266,2280,2268,6.728320910881351,2.8228161810480317,5.6120416805023465,4.401323156148627,0.7493469986304097,1.98810029437296
1208,1333,2537,1334,18.480835433228545,4.841272564345542,8.139843366346252,6.959375317068033,0.8420418848176965,1.6813437496359227
1209,1096,1097,2454,16.951728157579836,4.6761416252755,8.08171217044274,6.697335334662582,0.8331196983858135,1.7282864417021582
1210,1093,2828,3178,12.104872553911788,4.615203188417016,6.221292099120145,5.411263741043881,0.9408723877942565,1.34799961023038
1211,2454,1097,2946,26.794216424990328,7.542641343405983,8.08171217044274,7.876846407451898,0.9964104850853162,1.0714697680154222
1212,1096,2828,1095,13.981314556781282,5.0,6.502973494944263,5.780941212261329,0.9553504977565894,1.3005946989888526
1213,1088,2455,1087,12.35172424630378,5.000000000000041,5.691803254102711,5.363216428799423,0.9889278518499539,1.1383606508205328
1214,1606,1607,2671,10.99971121217278,4.403246621759577,6.53208950505408,5.311778708937905,0.8753854657239342,1.4834711898203417
1215,1087,1085,1086,10.030815436449851,4.406632811405615,5.784426444837379,4.940061470871751,0.9352512324357846,1.3126635897290202
1216,2455,1085,1087,12.547661094160148,5.043914894467003,5.784426444837379,5.408729123866634,0.9874523519035707,1.146812855859779
1217,2726,2552,2724,27.960350215405157,6.479830385220446,9.240504124438988,8.305468463216284,0.913996389681008,1.426041049703282
1218,3190,882,883,21.20082925990676,4.999999999999799,9.117142608144757,7.585655013237461,0.8036581566285885,1.8234285216290247
1219,3301,420,2995,10.135590583546893,4.164018840808115,5.303248501065447,4.917835171501836,0.9565934456044897,1.2735889782948822
1220,2551,1578,2725,15.743846494203034,5.964701328415318,6.095562860054647,6.030540448880497,0.9996861030818888,1.0219393267884036
1221,1091,2829,1090,21.62372276331891,5.000000000000041,9.041921183083906,7.669645779723564,0.8004411750356655,1.8083842366167664
1222,2948,1089,3273,10.741761111496471,4.696228109932998,5.499950219965506,5.018970652300282,0.9801182209136879,1.1711420508583377
1223,369,2354,3067,17.79013814675855,5.523466155669252,8.80180513789804,6.928129537598994,0.8233343925126807,1.5935292966109553
1224,1092,1093,3178,9.512187571963999,4.492123873217878,5.0,4.702442353878298,0.9913219769749682,1.1130592434928361
1225,3434,3612,3786,29.280083125160033,6.590681534400796,10.379110511626225,8.6464344490494,0.875842385713322,1.574815966672233
1226,2897,2532,2068,17.155697868572272,5.455378702492213,7.03033790840429,6.395783076881187,0.9577712998261091,1.2886984189003374
1227,3467,1080,3272,10.393880146508826,4.265253086867975,5.474507541607802,4.975202691016584,0.9594338704144677,1.2835129428691876
1228,3640,2645,463,17.712844537987955,6.002956233269168,6.841991740936279,6.423346375661981,0.9886252911514933,1.1397703856338426
1229,3147,3394,3529,16.422453710877633,5.6234897507413875,7.977384980913413,6.481539864165019,0.8791950817610713,1.41858264787656
1230,1099,1100,2686,10.08529957992414,4.554252870851595,5.345258387426701,4.865233735559205,0.9790631941838287,1.1736850234289244
1231,2941,3266,1125,16.011196234530942,5.701776499538081,6.32050324396576,6.099602156490669,0.9917304307795929,1.1085147312382033
1232,1112,1113,1111,15.715563326959625,5.0,7.920643322321068,6.403160752073918,0.8554007764766418,1.5841286644642136
1233,2667,2416,3713,47.11238228690567,9.33199888348401,11.136134378849578,10.525991047794518,0.9757148298114044,1.1933278730410661
1234,1218,1221,1222,16.34251397285202,4.7815168569257205,7.95723545964821,6.537019170226601,0.8486998002323255,1.6641655143644771
1235,2620,2889,3227,23.621005936198372,7.175014083316437,7.667752487891359,7.394458581780582,0.9969013806407417,1.068674207305133
1236,2457,1222,1223,9.287227742040047,4.102835302729864,5.0,4.68143766533852,0.9712057954406303,1.218669439807442
1237,1221,1219,1220,11.74669750516042,4.780530242622906,6.239167858621355,5.340846294200635,0.9374997183623556,1.3051204661343478
1238,2318,1213,1214,8.827269045786288,3.9928178046342864,5.037911393834897,4.575175496619121,0.9651672301615217,1.2617433703054564
1239,3418,2697,2478,21.981994733718473,5.98026823031514,8.405869772010952,7.326756047941419,0.9281057962656488,1.405600793857367
1240,2457,1223,2688,7.141007964578328,3.951242951739531,4.135867969540371,4.063315408003255,0.9984535564104076,1.0467258075638095
1241,2835,3285,3823,26.195563014599706,7.199263916093395,8.203866179748868,7.8135075730918375,0.9877848660518541,1.1395423581304975
1242,3680,3103,2716,21.709799707273817,6.253989216989628,7.893696315302839,7.175342425291055,0.9650150848396761,1.2621857891693788
1243,3344,3055,2606,15.205896824096314,5.119410280341714,6.77149051104178,6.039511032083483,0.9504234430932045,1.3227090895691587
1244,896,2839,2999,13.508676620996528,5.192532102764484,6.966162517803462,5.797307609921282,0.9097400135942904,1.3415733172058202
1245,2836,3098,3185,15.126530758253747,5.252534988322083,7.749151169657509,6.2539330827346555,0.8674222825578862,1.475316430425715
1246,1230,1231,1232,10.389177894092295,4.155841957677957,6.472576433067441,5.209472796915133,0.8552023596623919,1.557464528002393
1247,2796,1827,3142,17.034241644842503,5.398616421352774,7.80926043328207,6.522930588075302,0.9037133257257288,1.4465299668994158
1248,1232,2831,1230,17.974251560287883,5.7540183123990545,7.452044637234055,6.559546460900183,0.9539845203029209,1.2951026973925346
1249,1215,2318,1214,12.224178669678874,5.037911393834897,5.887832865851347,5.356343710309678,0.9790876099123165,1.1687051251152478
1250,1859,3144,3146,13.873939178797405,4.895882660175098,6.634711682641947,5.793294644966515,0.9404932392924745,1.3551614985814755
1251,1222,1217,1218,16.57088520478691,4.731548449698984,7.95723545964821,6.58604361381623,0.8461510357866878,1.6817402472449459
1252,3341,2743,254,21.15833368638367,6.3099652910235475,7.450510869083264,7.0445516645239605,0.9792884359511235,1.1807530668484403
1253,2518,3303,2998,18.785147398204444,5.426107538639186,7.654274220783646,6.778142523185223,0.9253161120804584,1.4106381353995912
1254,1651,3111,3377,17.73893580495026,5.923048424134171,7.720751117643903,6.575062513522934,0.9333451598177895,1.3035097072961244
1255,3265,2935,3263,12.535216725759003,5.254217352127391,5.649421650625025,5.390102535935454,0.9952551973218846,1.0752165873643615
1256,3594,3406,3535,11.374499962402329,4.797854547217098,5.336637462287003,5.141953135867701,0.9912849123504863,1.1122966337907045
1257,2538,3104,872,12.115567412785255,5.003247014962126,5.522024797146248,5.302861986156883,0.9932998711295717,1.1036882209958305
1258,1192,1190,1191,11.870892806361312,4.844957798845411,6.042521973981307,5.319917824252896,0.9595199767536113,1.2471774213226965
1259,3549,2304,2297,21.16089640626958,5.652414564229753,8.902960824873835,7.363079949220765,0.8728081251728892,1.5750721614112588
1260,3197,3378,2857,17.666425920568976,6.03735958958059,6.674036204086981,6.403910414344627,0.9931013082908846,1.1054561360905488
1261,3601,3711,3743,29.743321278993854,8.089017933379754,8.610384266643823,8.297295870464653,0.9970004462751669,1.0644536008645282
1262,3266,2941,2441,16.943530209070136,5.701776499538081,6.721221316695287,6.298429589111599,0.9817069680079,1.1787942437308432
1263,3452,3243,3558,14.19297779582117,5.329789466220673,6.802917741660135,5.856821996591286,0.9431806690800684,1.2763952093747617
1264,1233,2831,1232,13.059283051682801,4.99999999999996,5.829309108138896,5.527775806845971,0.9824930839715658,1.1658618216277885
1265,132,2875,3433,12.818061751287635,4.716566724846052,6.200880270456204,5.5406824168296325,0.9524530842023831,1.3147021196140503
1266,1234,1235,1228,14.559305601613204,5.0,7.163469751585041,6.015286843853112,0.9094104801634472,1.4326939503170082
1267,2727,3375,3675,19.376070825141746,5.930748115496219,7.3770276685269955,6.768704256490362,0.9687548365504371,1.243861233838586
1268,2831,1228,1229,13.430704738518257,5.0,7.309955009113044,5.894135744328426,0.8672114838956249,1.4619910018226088
1269,3147,3529,3699,27.70306137974704,7.812330878043794,8.222114582800613,8.00394348058594,0.9982217401891879,1.0524534497007156
1270,3614,3225,3587,21.325282818481302,6.629349998243453,7.418152624541611,7.039845477246491,0.9916435273656006,1.1189864204646254
1271,2028,2029,3001,17.500172227322864,4.999999999999886,7.624868928403208,6.632933046491356,0.8911864754195047,1.5249737856806762
1272,1098,2456,2946,25.469897151873667,7.34423712354255,7.897274768248408,7.680512106463084,0.9961357957271375,1.075302258819102
1273,2945,3270,3465,16.931983561754333,5.422737430032927,6.860258169517995,6.346942550757607,0.9604601900054522,1.2650913414180076
1274,3057,103,2755,23.715134209380313,6.468111260527447,9.718769638907423,7.8401235221064765,0.8644309469077621,1.502566861862376
1275,1188,1189,1187,5.800045349664873,3.581930021425843,3.8249236959358655,3.6652509822354915,0.9961188171163478,1.0678387553795077
1276,2539,3105,2720,18.914330457463574,6.101594316719494,7.464019284401344,6.687820772624327,0.969512755945082,1.2232899955260144
1277,3636,3788,2352,33.69610433385757,7.936901512718219,9.627994959528642,8.903530136290383,0.9754197397354214,1.2130672081668883
1278,2026,3305,2025,15.55195840350543,5.0,6.9906936066717416,6.156547286880614,0.930084772463244,1.3981387213343484
1279,1173,2458,2285,18.037588913613817,6.233795222601245,6.774803604438679,6.4664241896939485,0.9949776951237858,1.0867863576711592
1280,3104,2719,3373,22.290062739590866,6.140572435175517,8.508936992163832,7.368806221359972,0.9319065369384418,1.3856911683707906
1281,2754,3343,2613,22.084399779410006,6.444638114501786,8.38120013422468,7.289456304767511,0.9481338591845916,1.300491972600482
1282,2458,1175,1176,12.112062960379403,4.5748230998386274,5.832397278830846,5.371513178365485,0.9588145664170119,1.2748902310641428
1283,1179,2285,1178,13.072422958196611,5.0,6.273936622266004,5.574329777301544,0.9629357996634765,1.2547873244532008
1284,3528,3144,2797,21.3897611243462,6.436229557243814,8.072121378849754,7.136408272670579,0.9610026020426654,1.2541692783105889
1285,1049,1050,1051,11.027606528816717,4.4592906518278514,6.192195422299341,5.217162024709064,0.9179721682727632,1.3886054769184368
1286,2670,3834,2123,30.631968657616206,7.5590252977889225,11.059995883869453,8.907943298996747,0.8656914025655931,1.4631510609052458
1287,1180,1171,2285,8.203207311921826,3.235986976214467,5.346446169619718,4.626953973066239,0.8466253028272933,1.6521840813692381
1288,1179,1180,2285,11.954685899128798,4.998536784271976,5.449052709638628,5.264678554510108,0.9947450406063975,1.0901295608715358
1289,1171,1172,2285,11.741895145805437,4.917756695003257,5.447863616364299,5.221349694910695,0.9928400939319441,1.1077944587823272
1290,768,2773,3128,15.423043749603673,4.924098656445858,7.482027268398549,6.24184866854614,0.8892452908282732,1.5194714384132517
1291,2610,3056,3348,19.160277231758126,6.401434910282006,6.959929208807975,6.663951473582576,0.9952310754388428,1.0872451733640083
1292,3923,3183,3768,43.025465954725036,8.862924232365032,12.159010614218703,10.284312077299788,0.9227579831863498,1.371896035150255
1293,2459,1051,1052,13.504816423172834,4.99999999999996,6.723459758568835,5.738872952291359,0.9321018622928602,1.3446919517137779
1294,2443,1124,3266,17.977438425080408,6.261889888903017,6.746167079961765,6.453924975760638,0.9956798101887592,1.0773372256061158
1295,2523,2087,2777,18.182908609109038,5.666358658348369,7.671848629689882,6.640228393661581,0.9380536936215059,1.3539292325569228
1296,1515,3407,3753,16.009408207174147,5.517000528103405,7.994757542399423,6.4384837831337025,0.8662889728364578,1.4491130645491896
1297,680,677,679,8.802434684136959,3.9680534750545107,5.072273699931917,4.575588686257343,0.9613617299903255,1.2782775564440287
1298,3546,3432,2872,27.304634254129056,7.483260605653902,8.400166212722008,7.967285907707452,0.9911705689561093,1.1225275525451228
1299,678,679,677,11.870892806361118,4.844957798845353,6.042521973981333,5.319917824252868,0.9595199767536047,1.2471774213227165
1300,2030,3482,3307,9.303277194219346,4.165639285229319,5.059313149683421,4.678934780814995,0.975067381123783,1.2145346256030676
1301,3780,3520,3708,56.25062980351834,10.478927216828392,12.915823618259672,11.54200195334441,0.9675949287765677,1.2325520877287708
1302,3481,3577,3305,19.636264646092357,5.930660690322445,8.301502988449442,6.972764398139851,0.9143234685377456,1.3997602327841312
1303,3575,3291,3476,8.981421658081704,3.951213153652413,5.031619291645024,4.62349931646973,0.9599892695647528,1.2734365613745509
1304,3374,983,2545,20.909520220334365,6.474209261933869,7.845136985981128,7.029240551589113,0.9704764037084499,1.2117521489624754
1305,3028,1669,3380,15.779118595794479,5.358977516753073,7.3455360799088405,6.224146900561281,0.9241641276066509,1.3706973124901995
1306,510,518,509,11.914628475446527,4.915136636679995,5.946176668305936,5.309366872141265,0.9689985231032494,1.209768335620955
1307,517,510,511,12.487499999999727,4.999999999999886,5.946176668305899,5.415616963459944,0.9780877886396281,1.189235333661207
1308,3058,3345,3502,17.176976250144097,5.522143160444827,6.835090153836745,6.378459796147685,0.9663011826983754,1.2377604048363997
1309,3371,316,317,10.485252682444752,4.653588958290937,5.147138745332907,4.933575901207948,0.9930967415487177,1.1060578816619915
1310,3763,3364,3762,27.7048670141545,7.416083935218777,8.396582428620569,8.033242783097345,0.9885086661173985,1.1322124320553375
1311,511,2319,516,11.913587004484453,5.04659825815076,5.408024410072113,5.251765630098977,0.9967121052142529,1.0716177776460836
1312,514,515,2319,12.561534855805744,4.685152229932266,6.033896279934458,5.471405271264409,0.9585364529955939,1.2878762490118045
1313,2561,3380,3114,17.531729125755,4.7256788190311845,7.805286221754995,6.766641260664001,0.8457790015216897,1.6516751393094387
1314,3558,3243,3451,14.68037896803655,4.489011522049282,7.045104442600162,6.11234456876986,0.8763121118814566,1.5694110848225216
1315,2319,512,513,6.905049649831321,3.541072640007236,4.3554634271248736,4.037565840805994,0.9706669537978495,1.2299842081511136
1316,3786,2600,2782,23.380255529759438,6.559681454834351,8.420617811891091,7.468426466642196,0.9581029304638168,1.283693098494176
1317,3230,938,3235,14.391504850236181,5.619450990551852,6.084996347316209,5.777777573989965,0.99419192693534,1.082845345131952
1318,514,2319,513,10.499842017471579,4.3554634271248736,5.695167303926504,5.016876910350459,0.9520979874159621,1.3075915799127706
1319,987,3322,3019,13.020335412227448,5.090325137525478,5.89000075467995,5.512569659577906,0.9860036786815051,1.1570971589337833
1320,3473,2441,2941,20.258087074789394,6.472290951101427,7.110167520308663,6.856082791617548,0.9936695783761819,1.0985549898832476
1321,507,508,506,5.800045349664892,3.5819300214257965,3.824923695935918,3.6652509822355004,0.9961188171163459,1.067838755379536
1322,119,2781,3585,14.70415570459339,4.938228399823289,7.300163051091777,6.078836603080017,0.8963316056499655,1.478295951510264
1323,3441,2891,3229,9.198807661895469,4.360156952589415,5.063416925184184,4.640873005275567,0.9821336464807077,1.161292352601462
1324,3218,2607,3344,18.607887851707027,5.824763007177624,7.15467826786526,6.62643579617412,0.9713226873710813,1.228320922078518
1325,2891,3441,3228,11.902005692341408,4.499045138053099,5.976105962912622,5.346256574562209,0.9488018235603435,1.328305402487849
1326,3309,2031,2032,16.417584320177617,5.000000000000114,7.217267381637522,6.361300184679585,0.9155242056697372,1.4434534763274716
1327,2974,3539,3419,16.902802893822926,6.021795923744979,6.780489232275381,6.279630096353524,0.9867573368609236,1.1259912023153664
1328,3616,3408,2818,15.01567363596855,5.607443033589292,6.638257202165512,5.95340231193216,0.9719625232811946,1.183829628299657
1329,1653,2857,3378,16.6155777610609,5.511506357020759,7.963247468642447,6.504037805081265,0.8838785627444178,1.444840476052172
1330,3570,3467,3272,14.432142035460457,4.265253086867975,7.153241174969704,6.153477044413793,0.8405944833376434,1.6770965354889202
1331,519,2228,525,1.9242381603113663,1.1819902321608091,3.3214113167072825,2.60049975409833,0.5720127230490107,2.810015875203448
1332,521,522,520,9.61868496924724,4.215236141057449,5.745712215855754,4.860622971729277,0.9238347813480642,1.3630819303077915
1333,2228,519,520,7.368802168008552,3.2980977134268987,4.9465562970993275,4.288492637362909,0.900431512639859,1.4998210262119835
1334,2027,3481,2026,10.84374268709796,4.973947839943866,5.039465528769448,5.004471122904438,0.9998839867148576,1.013172170463758
1335,2817,3566,3606,21.584590248794004,6.934826382774165,7.230880963542632,7.063570159147477,0.9987597682530933,1.042690986684808
1336,3462,1108,2822,17.08413463015554,5.481339933030126,8.37533784375229,6.697083667960089,0.8511525362920805,1.527972712161703
1337,3567,3268,3267,15.482121634164434,5.7350251198177045,6.306972851143274,5.993811383272001,0.9936816467446,1.0997288973241237
1338,2648,2749,3052,24.227960678540484,6.934539789129256,9.556412278753115,7.830303975260798,0.8908985200574903,1.378088895492959
1339,2733,3379,3204,11.758081307122595,4.681519590072081,5.9147783076443705,5.2852521131537005,0.9633320779002384,1.2634312841897777
1340,3552,3229,3440,12.024575992836144,5.073543507416468,5.4228761304512725,5.275791919246633,0.9969029096929635,1.068853774984713
1341,175,170,171,11.425080694898943,4.572299032811884,6.880805309535718,5.484368114115907,0.8488374528052659,1.5048896102720872
1342,3221,3436,2883,12.93795509632174,5.002874250209732,6.097346283339783,5.522729617341628,0.9732014972589069,1.2187686474598411
1343,2895,2933,3231,19.542625435169413,6.084941312138085,7.605932712864316,6.807261894585904,0.9658542617360164,1.2499599129563004
1344,2799,3144,1860,20.472849297523464,6.429011842115796,8.190784820838134,7.03859298560516,0.9417146684695138,1.2740348006798097
1345,3432,3703,3214,38.30606227121308,8.834463620042794,10.176810288221034,9.455377100260348,0.9861167190934865,1.1519443314173428
1346,1534,2818,3408,15.208091486864905,5.524811503917824,7.0851364039575815,6.0724636471548985,0.9393634282436891,1.2824213819662953
1347,159,160,161,11.87403768679363,4.8461132270055085,6.0396339788948055,5.319923113330903,0.9598408700344863,1.2462841242004559
1348,2949,1079,3467,18.314451118560694,5.56767302747561,8.60975135203301,6.918763878168021,0.8549807734810204,1.5463823592989765
1349,3477,3575,3611,28.74110948919358,7.577375047814497,8.922585222369054,8.204771260800415,0.981527133680982,1.177529839300029
1350,162,163,158,8.789947184136556,3.960287676238844,5.074022134092355,4.573582898038901,0.9606616500063324,1.2812256454337287
1351,2916,3243,3452,11.62521656436053,5.059796625546607,5.4377587818930495,5.190578464759482,0.9953508274459543,1.0746990806780918
1352,2862,3379,1672,18.97706124105553,5.748504225972257,7.798279004135387,6.780003310556839,0.9390781479527596,1.3565753277003891
1353,2944,2448,3463,21.680875356526958,6.806126759480549,7.7424417433966894,7.119646772070571,0.9840129689286663,1.1375694307503026
1354,173,171,172,10.132823945533296,4.4527328003524875,5.797871203972369,4.960865654043698,0.937311190043667,1.3020927740181036
1355,3309,2032,3310,15.24765058358702,5.350362631661985,7.217267381637522,6.113843376831325,0.9262236789606434,1.3489305077991733
1356,3577,3306,3001,20.949366566889005,5.9095767224307805,9.189656339185849,7.396495061572751,0.8555621982825257,1.5550447639176899
1357,2610,3348,387,14.402745754351118,5.0774765663215256,6.6304903016577486,5.871660800972898,0.9536315769936771,1.3058632994265758
1358,158,159,162,12.487500000000011,5.0,6.467274193841756,5.513765442644704,0.9345866816704038,1.293454838768351
1359,108,2901,3382,14.953928871616217,5.31059804684654,7.2318133366808395,6.07568352541607,0.9183379737948875,1.361770044143169
1360,3054,3584,2606,18.91184683882063,5.8854141065423935,7.118748023624149,6.674600573836962,0.9735129361155725,1.2095577124659327
1361,175,171,174,15.479003694106304,4.68579542336425,7.161379476511601,6.242660069803857,0.8893265782367039,1.528316716688831
1362,2820,2848,3410,16.94259147745539,5.573324366820321,7.879401899943616,6.519490758416363,0.8999798293108917,1.413770557990859
1363,525,2228,524,6.910593005581327,3.3214113167072825,4.998536784271976,4.17254791908661,0.8926167735772708,1.5049436241541232
1364,149,2613,3343,17.391803257183327,6.22015108818184,6.444638114501786,6.339562222071994,0.9991566407698073,1.036090285129322
1365,2844,3486,3006,14.697847103173968,5.393656761247087,7.746481832867903,6.197108263897682,0.8570443034196167,1.4362207637174174
1366,2709,1010,2996,20.202899898044755,5.848062779943136,8.78832320463994,7.186073030921581,0.8784003897226146,1.5027751129452467
1367,3050,2745,3342,16.25384924804198,5.664655492517309,7.495076174814575,6.320026532016711,0.9237251540922944,1.323130097622909
1368,2459,1053,1046,16.406151570502725,5.106168101547115,7.3436741228187286,6.353497372012922,0.9188538174470136,1.4381967018660575
1369,2743,3340,2594,18.801467821368878,5.97102740652123,7.3651472378575,6.663744739778984,0.9707277934573485,1.2334807289301148
1370,1045,1054,1055,12.48749999999987,4.999999999999943,6.756873527107781,5.590691696527831,0.9030176099009924,1.3513747054215717
1371,1587,2726,1586,18.566988288899722,5.00000000000002,8.932982799261616,7.119955187598745,0.8041914626216039,1.786596559852316
1372,1045,1055,1056,12.48749999999987,4.999999999999943,7.392506581883281,5.802569381452997,0.8255227278517008,1.478501316376673
1373,369,3067,368,15.731580023792269,4.999999999999879,7.221478425265247,6.2268652481649385,0.9168977198570926,1.4442956850530844
1374,1046,1053,1054,13.920876966888756,5.0,7.3436741228187286,5.972022254872495,0.8769384607685008,1.4687348245637457
1375,1056,1057,1044,17.24027805474823,4.903441363335242,8.135672501467301,6.705909699320492,0.8511073624875022,1.6591760558820159
1376,3072,2587,204,11.814986590445445,4.637191116390419,5.765237525211517,5.285070558854458,0.9690116609498526,1.243260711173614
1377,1605,1606,2671,9.972686488851018,4.403246621759577,5.624903161655616,4.894044918994357,0.9505432948438295,1.2774444960359395
1378,3262,2934,2022,25.160293234398306,7.093183999516181,8.696173981956493,7.7258830677106864,0.9656115584534509,1.2259901875588806
1379,1018,2838,3187,23.803373311145005,6.7631612673030705,8.584090953543225,7.541824178076507,0.9565842552832897,1.2692423874384828
1380,2552,2726,3494,39.6994036382165,8.92718717371628,10.969430939145022,9.712374079100098,0.9636856948873225,1.228766768937206
1381,2742,2594,2780,25.406121579010644,7.365356849418786,8.250710409346848,7.692169789613374,0.9889756335614567,1.120205114026203
1382,2459,1046,1047,12.985171367027979,5.0,6.610649891672921,5.627984450098974,0.9321871080858655,1.3221299783345841
1383,1057,1058,1043,15.374217896068792,4.619854163678466,7.392506581883285,6.271421413251389,0.8712364132025744,1.600160160899354
1384,3787,3562,3881,47.27826669953822,8.667120641674867,11.899966172661665,10.719323126699043,0.9329967171046111,1.373001099747248
1385,1042,1058,1059,12.48749999999956,4.999999999999886,7.392506581883278,5.802569381452958,0.8255227278516897,1.4785013163766891
1386,2579,2739,2779,15.507722423003084,5.61182948695994,7.124478141177485,6.124882967281887,0.9421171549121307,1.2695464389522964
1387,1043,1044,1057,15.113902410163899,4.628062053815415,7.078615233158932,6.169526927055588,0.8889610902026241,1.5294987731038003
1388,2832,1059,1060,10.031341296164978,4.116708618850055,5.722315608403092,4.946341409084421,0.9304744592926002,1.3900220147233888
1389,2353,372,2760,11.424981803376898,5.076811849042358,5.191308566845101,5.137262509285993,0.9996663504540798,1.022552877909852
1390,412,3439,3551,17.10432419177109,4.943497464802308,7.841242411872304,6.60589343939207,0.875294867189231,1.5861730420015252
1391,3415,2454,3803,26.26855277256496,6.92885076999301,8.631307517329828,7.881563676319861,0.9687321075255034,1.245705500645172
1392,2725,1578,1579,11.969614087580904,4.969692403609432,6.031357158171522,5.333683187260305,0.9634366693810994,1.213627860306005
1393,2827,1272,1273,12.596392563212737,4.7846987432741575,6.347879604556928,5.513886726465137,0.9440034672870968,1.3267041343992934
1394,1845,1846,2397,8.950595239247184,4.489103739353904,4.632386111016558,4.547736927567247,0.9992672737216187,1.0319178125483186
1395,1073,2320,1072,6.483308388687272,3.565542382403012,4.136704902867895,3.890959430153042,0.9852241120291343,1.1601895193515959
1396,1081,1082,2947,18.641502552119313,5.0,7.883540127012696,6.909822848200053,0.8684900975866375,1.5767080254025392
1397,3649,2709,3650,39.79416502979886,8.230485184878827,11.281474624146584,9.826691888317644,0.9365646857198201,1.3706937526445078
1398,3669,936,2894,24.757972545295207,6.922736368579659,8.31434036770286,7.625564902133147,0.9778354006755462,1.2010193549243473
1399,2370,1073,1074,7.450140112694709,3.945733334683335,4.658416761627858,4.190675438530086,0.9736367170917343,1.1806212854477454
1400,770,771,2479,13.292039139669496,4.99999999999996,6.618835243150858,5.679956146986329,0.937812168744998,1.3237670486301822
1401,2386,3654,3078,29.36053181369141,7.711449424357547,8.614389466232423,8.261614026823105,0.9911651732588349,1.1170908336664738
1402,2438,1746,2437,6.289576600578766,3.5368706222494506,4.107696234620845,3.832475647773105,0.9852649778518774,1.1613928450705808
1403,2445,1281,1287,15.060755519898233,4.507105849312654,7.288831888061767,6.222480623885232,0.8647865820812135,1.617186756147148
1404,2699,776,777,12.965045181096043,4.695361262281404,6.206558880028358,5.576705976859557,0.9501647201274299,1.3218490619426133
1405,2833,2462,1062,21.397918047368357,6.261781535047949,7.570325769821168,7.099471551826262,0.9736226450003438,1.2089731536383277
1406,2833,1063,1064,11.794454966801494,4.855487957882233,5.541965401847253,5.241982000962973,0.9882973690335073,1.1413817622285758
1407,1843,2396,1838,12.766972483931116,5.31368902901669,5.582403316380757,5.433402172176294,0.9982981624872254,1.0505701944349186
1408,1065,1066,2689,19.775145543283493,4.6801241033334025,9.390830294247984,7.5139474401172235,0.7534140155158495,2.006534460818976
1409,2122,2668,2417,18.954040442137025,5.147103447902453,8.652757275063642,7.0632092331518415,0.84193209621988,1.6810925528589895
1410,3679,2834,3182,20.548255994238865,5.439653481795682,8.49332878243461,7.215720898975225,0.8829500734790879,1.561373129898502
1411,2338,180,2379,9.56251633736565,4.106318001573432,5.7569909373550585,4.858821285971914,0.9173680586339787,1.4019837078251447
1412,1071,2386,2653,17.454939451899353,5.8862061927741385,6.7465871153721535,6.379001744678665,0.9874476763306184,1.1461690084275695
1413,2791,2298,2784,11.640499924517652,5.126972373605099,5.227946666629425,5.185366555010687,0.9997297272514102,1.0196947214976553
1414,2260,2381,2358,8.667920501846377,3.9600437202423917,4.9962949796482325,4.53366337100103,0.9652095490679378,1.2616767219283156
1415,511,512,2319,9.511873749234748,4.216161455285871,5.04659825815076,4.726838802813307,0.9773343939174486,1.1969651332549793
1416,1066,1067,2461,18.04227184388823,4.680740098525565,8.761909395243862,7.056364330760903,0.7892527928882989,1.8719068375541439
1417,2903,939,940,13.489647217438375,4.99999999999992,6.049660162855381,5.6338080529680985,0.975141125923531,1.2099320325710956
1418,2386,2320,2370,8.480365869758014,3.5802789045118595,5.132514517060203,4.5715404649086375,0.9154605932967889,1.4335515902384643
1419,2462,1061,1062,16.455216796285683,4.620094701302044,7.511396544449839,6.532599532120518,0.8538932980637972,1.625810081843769
1420,2460,2950,1077,21.41251059822421,6.924626169012855,7.181436574462475,7.034589032384193,0.9990496417142587,1.0370865371186138
1421,204,205,3072,11.435420492737615,4.637191116390419,7.234544786939942,5.615721226753199,0.803542379080015,1.5601135699085222
1422,2461,2951,3277,40.928286533361344,8.627080689425366,11.555660400155098,9.96201951294483,0.9385838454266152,1.3394635817327447
1423,2552,1581,2724,17.26599975082706,5.95724103389433,6.55529807315109,6.330789830755289,0.993138165284004,1.1003916134757774
1424,3179,1041,2832,14.937126693742826,5.309703913922286,6.2452930270157605,5.917543499318036,0.9799270230751832,1.1762036317392985
1425,198,199,2740,19.090704442656666,4.637927673791227,9.496749338991984,7.455890656502028,0.7369270709595328,2.047627735261547
1426,2462,2953,3179,17.180981036240713,5.094139221836164,7.2421797387594955,6.505207698057355,0.9160508872358125,1.4216689853539335
1427,2847,1961,1962,14.174857407296908,5.00000000000006,6.208361594518629,5.797792639201088,0.9647155999661605,1.2416723189037109
1428,820,2322,819,12.682869434989591,4.998536784271976,5.6588266640461065,5.437312533025259,0.9874985692606753,1.1320966331290687
1429,2322,818,819,11.29968685800653,4.685795423363986,5.6588266640461065,5.155685855267785,0.9759180241577129,1.2076555104882427
1430,3146,3528,2798,14.226342249573106,5.364655610549463,6.425346782627738,5.7903713089717295,0.9738134844407912,1.1977184089864876
1431,2689,2833,1065,24.73543802201758,6.207905889631535,8.638901751831307,7.772565188077709,0.9267132922284511,1.391596764741558
1432,421,2995,420,12.319536320059402,4.999999999999886,5.790142415654642,5.364463638906659,0.9850208929524665,1.1580284831309546
1433,3021,1589,1590,12.11628253812497,4.997076070740075,5.664109189315597,5.311327017622525,0.9892616011196489,1.1334846836695711
1434,2302,2292,3551,13.20714858105429,4.92907154058476,6.317303986042875,5.611467621314417,0.958835682680893,1.2816417724976705
1435,3506,3349,3053,13.406108902536785,5.299859322255208,5.8429216012564575,5.577407197486763,0.9936895142578733,1.1024673007301946
1436,535,530,2463,15.837311048570415,5.397284121339598,7.070577421231578,6.171278312013475,0.9485342970596738,1.3100250537629046
1437,1819,3390,3138,8.301202071460656,4.095883627779499,4.60621815444065,4.39404716845007,0.9904958876267725,1.1245969302447731
1438,865,3105,3013,16.114081369463904,5.9486274294762485,6.34751862517325,6.107805442204527,0.9967544587651593,1.0670560058477427
1439,530,536,529,11.425080694899162,4.627661622724692,6.255777348802675,5.294479657175816,0.9252516518837741,1.3518225529029442
1440,2502,3370,3369,19.792668404065974,6.468507344220192,7.440893299743944,6.808239809852549,0.981882651794246,1.1503261732233494
1441,3550,2707,3226,18.603982787042803,6.014300920623232,7.0322370163887475,6.595011063936293,0.983673255530337,1.1692526046169356
1442,3372,3102,3520,26.00621064899427,6.392924432981517,9.2716296286532,8.0100412704045,0.9154586119529485,1.4502955143377345
1443,534,2463,533,11.180624692082137,4.904732645132669,5.37758495055531,5.0941058652293,0.9934186177297798,1.0964073558406668
1444,533,531,532,10.762532670314988,4.655019596365344,5.904821618877129,5.095729799686189,0.9452495315506421,1.268484803691833
1445,3672,3309,3310,14.758775436482734,5.429425441192181,6.457597906872121,5.8869744884195905,0.978325488468553,1.189370399652118
1446,3439,3550,3226,16.615969423745558,5.975928208163063,6.671207382902591,6.220478837229629,0.98909060628343,1.116346641144347
1447,2835,3183,3184,14.25844512700645,4.86426551606057,8.575087511008581,6.488426739151933,0.7399378534075537,1.7628740624243926
1448,3440,1507,1508,11.006435566281304,4.992829710758395,5.136055153787973,5.042961621515469,0.9993108320866618,1.0286862263138998
1449,3663,3715,3170,17.672440833214385,5.983974799635608,7.45079263298258,6.504969651182886,0.9543837641791421,1.2451243333170943
1450,1580,2552,2725,16.228469668983834,5.9474821718035304,6.42149268997533,6.132724459032954,0.9953504396228386,1.0796993592379378
1451,2322,759,2634,14.290916951095124,5.601157736245961,6.057532448544626,5.7570770500231765,0.9944067324626615,1.0814786395579246
1452,817,2634,2465,21.746886163722838,6.1321854677497045,8.517242677473797,7.294069814620509,0.9274074733995111,1.388940814374834
1453,3127,778,779,14.143421239536167,5.0,6.474328398717554,5.80901998280098,0.9573682301426191,1.2948656797435107
1454,2444,1437,1438,11.787868066816387,4.655591486762451,6.826703968423131,5.515615958298284,0.8694814075528866,1.466345143862804
1455,820,759,2322,9.32097545735948,3.483915345393881,5.654574150757693,4.913215744132511,0.8555043602420161,1.623051535461004
1456,546,2651,2376,9.869475243208543,3.996219921384169,5.782712201558742,4.93880676914145,0.9143140918351851,1.4470455368621922
1457,2462,2833,2689,31.780502390776583,7.570325769821168,10.057160798525222,8.755462773392566,0.9446337070857002,1.3284977561491123
1458,38,2889,37,10.8539452839854,4.631435208080007,7.7167898059133355,5.756372349370814,0.7147165284370733,1.6661767808930188
1459,2465,760,761,12.654813941664017,4.69210898610553,5.922848938297278,5.485971613454783,0.9609688908956338,1.2622999499449539
1460,297,2337,3446,22.004758167397014,6.984766417207868,7.42207839657037,7.137431589839088,0.9967499160345815,1.0626093921029525
1461,2464,1036,1037,15.062619255047387,4.740178369517623,7.199910091835556,6.146184077210614,0.8954749746296756,1.5189112161127902
1462,3268,2441,3473,20.859949093779584,6.709943669456106,7.147450505304341,6.947728026067666,0.9973177496326017,1.0652027583837673
1463,681,682,683,11.870892806361114,4.8449577988453525,6.042521973981269,5.3199178242528555,0.9595199767536101,1.2471774213227036
1464,3777,2890,3495,31.051686923109912,7.965439141913626,9.368637353333954,8.536131413592209,0.9792814919073164,1.176160810021985
1465,2441,3268,2943,18.48887517954102,6.281125357484311,6.709943669456106,6.542238183635315,0.9967862885062008,1.068270936745568
1466,681,683,684,8.802434684137113,3.9680534750545156,5.072273699931944,4.575588686257386,0.9613617299903241,1.278277556444034
1467,2503,798,3369,13.41607221400728,5.171160691740535,5.943998548791485,5.593141117089929,0.987184716085034,1.1494515260926508
1468,1064,1065,2833,12.793113710245736,5.0,6.207905889631535,5.512132844263655,0.9641291818513987,1.241581177926307
1469,2846,2718,1957,11.003778939367397,4.218202248310713,5.651303514474222,5.157911258073185,0.9395914798712269,1.3397421891606622
1470,765,766,2955,11.90467639546074,4.933182062106107,5.496598440308546,5.259127410210543,0.9919694432177923,1.1142095246251464
1471,1104,2960,3283,32.23983218962395,7.131348801509916,10.602460447147996,8.97166823131341,0.9022528509564655,1.4867398499570155
1472,2749,2602,3051,22.113941019158204,5.855313452609301,8.4612116675569,7.38042469340639,0.9168562140906352,1.4450484565922483
1473,1506,3229,2891,10.958388852721303,5.013846407048802,5.063416925184184,5.030797040416629,0.9999155988039536,1.009886724504702
1474,814,2466,2957,16.331384690240586,5.953476536868376,6.291129539178322,6.146162820145253,0.9978902175471318,1.056715265478741
1475,3179,1061,2462,24.094066626261014,7.17930413357641,7.716822824937467,7.469174500987905,0.9965122066469665,1.074870583744624
1476,764,3470,2690,18.801768347468066,5.6941140078595485,8.299241215464557,6.876982764248929,0.8961494335919412,1.4575123020032912
1477,323,2518,2998,22.67771639680167,6.0775835882421525,8.651116849388876,7.460991552804892,0.922221148340112,1.4234467899586845
1478,3090,764,2690,19.72154075734821,6.041164698927617,8.299241215464557,6.97788367932683,0.9179737303256204,1.3737816512332095
1479,2954,1036,2464,14.99971583675688,5.202785679531873,7.199910091835556,6.079054008140109,0.9200734275688002,1.3838567520012426
1480,3650,2996,2513,22.59479702876369,6.253081139924153,8.749490982452754,7.449683926796733,0.9228651170483343,1.3992287620561534
1481,1068,2321,2952,19.283058450627642,6.221115755672883,7.710899041097485,6.781121705921376,0.9592957055473653,1.2394720406972182
1482,3231,2105,2326,19.930875033473317,6.086259657959046,7.882465048142206,6.911755638952573,0.9525616571916745,1.2951246728085695
1483,2555,3376,991,15.597131414244616,5.492195777468736,6.484952633990687,6.042878507317256,0.9818323689613317,1.1807577327440968
1484,3375,3107,2723,15.418960540263573,5.214367640462891,7.07944903850716,6.1180056395212885,0.9367859835878897,1.3576812236198024
1485,2253,2250,2244,2.3889756074872954,1.9286052352814205,2.691452490907696,2.416014673537086,0.9262195410690839,1.3955434952010597
1486,3049,2743,3341,18.130069341198006,6.073180164441972,7.204198054726938,6.529114503397486,0.976742985332333,1.1862315722011665
1487,2822,1116,3175,14.299935187638265,5.02629353814224,7.820615167584235,6.182348052063591,0.8331247575703313,1.5559407957846407
1488,2822,1109,2452,25.16614048659799,7.277378895086427,7.822173630852506,7.6358245697708185,0.9956933350840276,1.0748613949637713
1489,2253,2244,2260,4.2500988198853475,2.627986294422143,3.7125251109803084,3.2246094635616345,0.9259560752954138,1.4126881555128659
1490,3473,3685,2942,22.831021762110467,6.564583430591127,8.0138126381044,7.3329953826553975,0.9741215403297162,1.220764839511343
1491,2244,2239,2237,1.7872368501216935,1.651907681091737,2.5782472637594926,2.1361345629169057,0.8768787918164405,1.5607695837188327
1492,2469,2961,1128,22.514061314792432,6.01725535663207,8.263865531999102,7.391448467074425,0.9351335862653914,1.3733612822149674
1493,2213,2223,2234,0.5583893121071494,1.0616936763382387,1.1835110586476811,1.139424030255492,0.990946602314443,1.1147387283397865
1494,2223,2213,2217,0.48543233587514295,0.9999999999999797,1.125991084903952,1.0625615870807235,0.9906111798243553,1.125991084903975
1495,2235,2224,481,0.8820123991419336,0.9999999999999037,2.4071404107176915,1.7609806813312192,0.5925324149254974,2.4071404107179233
1496,1129,1130,2468,12.894654565530304,4.6302495560085895,6.18310648023689,5.571017015423078,0.9455988001263292,1.3353721879230434
1497,2289,1305,1306,7.786522871524095,3.8789970557233375,5.000000000000041,4.331022330975869,0.9468937964942672,1.288992986633671
1498,1128,1129,2469,16.71261273238415,4.689313449962562,8.263865531999102,6.699737590376319,0.8191785629634286,1.762276209551545
1499,474,2260,2278,9.753910578397353,3.9367049927009004,5.921062159961259,4.9539165758929,0.8939184504866062,1.504065499177506
1500,3283,2772,1104,24.508147328166515,6.843200079266502,10.602460447147996,8.224779465540374,0.8028424011776492,1.549342460301765
1501,2263,459,343,4.8074014706307535,2.7062146142527417,4.542083761289561,3.6011024240565823,0.8205183662945342,1.6783900794001705
1502,460,2262,2259,2.2719897069249257,2.06201771555013,2.584491917862959,2.320742412484328,0.9660454787177771,1.2533800744643153
1503,2268,2282,2267,10.104745252747547,4.184374312419329,5.535311807693345,4.92371251787019,0.9503419938589779,1.3228529272021388
1504,1240,3645,2324,12.789221779283052,4.972342542457823,5.765118025098215,5.467042440413445,0.9841003655279261,1.159437021056181
1505,2772,2692,1102,20.09576381316691,5.209703407385591,8.943136101142656,7.299345887773799,0.8331550839038492,1.7166305645085906
1506,1240,1236,1239,8.193115982133754,3.5802797064014613,5.400826568645163,4.537699744284313,0.8947220454141884,1.508492914391187
1507,2635,2766,927,12.9993073212601,4.880846296598279,5.948386106931915,5.535030457712814,0.9729420299601044,1.218720227079812
1508,1239,1237,1238,8.830047446571314,3.8222311955572903,5.795258941688873,4.749734215890963,0.8783745736718058,1.5161979077625918
1509,2323,3728,3757,33.269946590342855,7.7745500243586445,9.509096540118145,8.860187533162803,0.9713516032963758,1.2231057116263897
1510,2635,2474,1236,17.25131524708935,5.874959153642485,7.016756342451722,6.369050109828637,0.976622092488927,1.1943498089005982
1511,1098,1099,2456,17.71659981203533,4.677336454978779,8.08313905683693,6.853499979804668,0.8290446705136902,1.7281500132907597
1512,1237,2323,1238,12.69015490905582,3.8222311955572903,7.404676257724024,5.963151730092117,0.7723916708403129,1.937265403079419
1513,3281,2959,1131,16.455573859863705,5.631052665706334,6.734826554922518,6.213703514999299,0.9790664479271537,1.1960155506870458
1514,2962,1133,1134,17.307330692682207,5.00000000000008,7.43037815131868,6.5752512933670175,0.8986433685992351,1.4860756302637124
1515,926,2473,925,13.250922116307164,4.756127891842936,6.4299096144624395,5.656365235063888,0.9424774517303598,1.3519210922587146
1516,2233,2221,482,2.2361503418423045,1.7506895701265257,2.998536784271884,2.4367313232075376,0.832272920148246,1.712774689150158
1517,921,2963,920,20.58281488738733,5.0,8.813912515941924,7.417696152693139,0.8200001964622372,1.7627825031883848
1518,923,924,2693,7.732712181130895,3.992083182667287,4.640654874807009,4.254915553496673,0.9821783237298646,1.16246447342472
1519,2472,2962,1134,21.40672370414126,6.827261426941473,7.43037815131868,7.047455326219402,0.9938926796495909,1.088339480014228
1520,8,2270,7,7.017937878067394,3.554810345087617,5.0,4.177725729330431,0.9094274228494992,1.4065447983489434
1521,1135,2472,1134,15.212309525607747,4.621166627714049,7.159932850967334,6.202786968540952,0.8839453739386155,1.549377771411185
1522,2249,2232,2250,1.6557740903373455,1.6570386287596504,2.3007773424120255,2.007360352484787,0.9326042523775675,1.3884874513361438
1523,3823,3285,3668,27.67923428976246,7.718509655561655,8.256838767576888,8.004247015523932,0.9969685671227461,1.0697452145606028
1524,2963,921,3286,22.202761128290998,6.664550545420212,8.813912515941924,7.400406301967866,0.9194754597546404,1.322506665059165
1525,916,917,3184,8.536130545884896,4.078939447472386,4.99999999999996,4.4915960045126155,0.9701255312414147,1.2258088320233171
1526,2472,1135,2694,19.345796877391535,6.330830768525363,7.159932850967334,6.7109222742204055,0.9894533588743134,1.1309626039230067
1527,926,927,2473,13.519842929642532,4.99999999999996,6.160746314926925,5.647934837937726,0.9716765695730232,1.232149262985395
1528,1436,1437,2214,4.377596087049561,2.1416986210008733,4.656069289157607,3.6288873425927215,0.7055702997946004,2.174007698142748
1529,929,2474,928,12.18567820255599,4.590251009551686,6.55297671580545,5.501743104153338,0.9101137644088656,1.427585703302412
1530,2195,2196,2216,3.2719028356486315,1.9710178956345483,3.683977592328568,2.9986840987576975,0.7920681871432497,1.8690736398121592
1531,927,928,2635,11.207751072680896,4.752035374552147,5.948386106931915,5.183490969386737,0.9528942579001287,1.2517554348998334
1532,2356,2196,2197,7.128460861879624,3.5937158270529097,4.999999999999994,4.19963416889303,0.9153224545255911,1.3913175778565474
1533,931,932,2475,8.712330382886867,4.035556212665846,4.907430989910779,4.528191953923109,0.9749302376535962,1.2160482301072895
1534,933,2475,932,10.022496031577589,4.035556212665846,6.055041853819463,5.030199355495141,0.8908089959221819,1.500423122546363
1535,475,2222,2219,0.38213237324346894,0.8951628764997569,1.6533134196054746,1.1828254320351066,0.5838213420561913,1.8469414483208002
1536,2480,934,935,12.569968796342298,4.640481452263013,6.288284946010263,5.512142619622619,0.9412557324120111,1.3550932183865683
1537,930,931,2475,11.3811575989282,4.881129445180127,5.743425207323932,5.177328547471613,0.9747294904390678,1.1766590646341655
1538,2473,2766,2785,18.07847089621853,5.341699008637857,8.2954457804897,6.809316258985382,0.873055467293966,1.5529601662458803
1539,2966,929,2964,12.458043795111298,5.111220855831032,5.812144574622621,5.390759588387492,0.9869096913337528,1.1371343048093792
1540,2221,2233,2223,0.8718974547881646,1.1937108304256128,1.7506895701265257,1.474346209498717,0.9048044010040435,1.4665943589556982
1541,1132,3281,1131,13.903874393488739,5.000000000000114,6.275231324369045,5.739252400756004,0.966263394179326,1.2550462648737806
1542,2822,3175,3462,11.553531967210878,4.525037762480137,5.7001354504643,5.235504381991521,0.9642538490663394,1.2596879296185368
1543,933,934,2965,13.296192506257949,4.999999999999886,6.853169652916496,5.738229158580353,0.9146765013568148,1.3706339305833304
1544,1173,1174,2458,13.195055403196466,4.99999999999996,6.390673742041923,5.6167970097482565,0.9557633810274411,1.2781347484083947
1545,1031,1032,2476,15.337256147764894,4.646505610653061,7.372461975905637,6.253378294267049,0.8753822450461499,1.5866680455529345
1546,2276,2275,2281,12.140879097285866,3.9481342233562375,6.752626257828889,5.653134076561346,0.8381582376213909,1.7103335083903515
1547,1034,2951,1033,19.716884907924033,4.999999999999943,8.503036318251418,7.199158950075012,0.8389709388293712,1.700607263650303
1548,2295,2296,2257,4.6854058190705885,2.574674256908993,3.9612974861813424,3.4377955397697786,0.8871746414275067,1.5385625873065008
1549,1172,1173,2285,12.862576927406094,4.919070666522389,6.233795222601245,5.5335765018293115,0.960941774302035,1.2672709227428767
1550,1027,2478,1026,15.905655149397047,4.622963265543454,7.391715786112734,6.386536127364903,0.8672929901200165,1.5989129399330837
1551,2275,1335,1334,9.01662590188839,3.974086320875991,5.467513578694622,4.690811542647993,0.9305442793459571,1.375791348560703
1552,2280,2263,344,9.897274662269194,3.8624528214911167,5.632234762397944,4.947331501153719,0.9114237643018773,1.4582015684591834
1553,2279,338,339,11.439857982374829,4.76878341106773,5.858096121514222,5.208959844193946,0.9658667725033314,1.228425704534691
1554,483,2258,2238,3.5049867524279334,2.3158562552133723,3.4607591784402776,2.9567048747629414,0.9023953061301877,1.4943756421192123
1555,2358,2382,483,8.522655770499936,3.820921754704558,5.263486842172601,4.55408370312668,0.9333913628303266,1.377543739463355
1556,2699,769,770,14.48855485706276,5.000000000000081,6.796373854111098,5.923463974102152,0.939184488684336,1.3592747708221977
1557,774,2479,771,17.967820509106385,5.421033197808169,8.168608784708649,6.750050186127289,0.8861626447830045,1.506836148506041
1558,3470,764,765,13.094636551935885,5.0,5.92364089561582,5.53925163449179,0.980649605278224,1.184728179123164
1559,772,773,774,8.435207711357236,3.60921851215816,6.00214293352422,4.7627406041901486,0.8239783959371876,1.663003476598925
1560,776,2479,775,11.219865760779204,4.678062560870574,5.47681982170273,5.121820836160386,0.9835953407883191,1.1707453139924469
1561,774,775,2479,12.880132839596895,4.999999999999943,6.660508575865046,5.623696233924281,0.9246072757007948,1.3321017151730243
1562,771,772,774,14.937530026863508,5.0,8.168608784708649,6.390250572744289,0.810087775406979,1.6337217569417297
1563,2699,2479,776,13.883646664005836,5.413156924527421,6.206558880028358,5.698845208752836,0.9833317919694674,1.146569177018677
1564,1216,2457,2688,9.694741520233222,4.135867969540371,6.036924290601098,4.957564982893085,0.8879967902154994,1.4596511143637876
1565,936,2480,935,13.659784835451095,4.999999999999879,6.620449718626345,5.742703726406936,0.9437707561630446,1.3240899437253009
1566,2650,2903,2371,17.66622419697837,5.710633075309532,7.064725476823111,6.458766823757835,0.9706654113863961,1.2371177387263992
1567,946,3095,3367,12.664559985217654,4.913812218001654,6.075311016541631,5.47213422497061,0.9694214837583841,1.236374274597806
1568,2185,2186,2226,7.971819408928557,3.7500164708493524,4.673736210477859,4.348073877037448,0.964635819992615,1.246324181989337
1569,3095,946,947,13.921343546106787,5.000000000000114,6.133339382908484,5.736216799816742,0.9690802426042083,1.226667876581669
1570,2325,2371,941,7.97921100931085,3.9297971303177994,4.720428676529436,4.329124422573174,0.9778019022589048,1.2011888960150212
1571,2223,2233,2234,0.7162045191243571,1.1835110586476811,1.4786382279440125,1.3059052131795845,0.9609750745381236,1.2493657893096102
1572,940,2371,2903,14.08762152140575,5.560332720683927,5.851763996048995,5.707576597347484,0.9982626169487254,1.0524125605435393
1573,340,481,2217,0.35484368156026447,0.9999999999999797,1.8660683748740894,1.2937367508225268,0.44595540182609034,1.8660683748741274
1574,3095,947,2698,16.194597336132993,6.0172971811576765,6.2001598061535494,6.1169321234065706,0.999392190295498,1.0303894953981136
1575,2215,2219,2222,0.5731985598650985,0.8951628764997569,1.4999999999999318,1.2269671323837208,0.8441463837641253,1.6756727064745955
1576,941,2371,940,11.069176389661749,4.720428676529436,5.560332720683927,5.093587132404427,0.980687364137289,1.1779296122681822
1577,2256,164,165,5.742166018403389,2.991595630705446,4.999999999999879,3.9454369510504717,0.816369490875362,1.671348877729452
1578,1030,2476,2696,25.517605256731088,7.121672294606982,8.301929386037205,7.721912641880459,0.9844651299943693,1.1657275205325013
1579,3182,2834,1023,15.582218816424968,5.439653481795682,6.500900861234917,6.046510484233379,0.9789435573280284,1.195094666046431
1580,2290,1245,1246,8.873364911817902,4.29489538725763,4.781719995013249,4.539917051770597,0.9923394411304619,1.1133495845323642
1581,2478,2697,1026,19.686284941922963,5.98026823031514,7.3222415363992654,6.815813032384309,0.9712433620566131,1.2244001864801652
1582,1028,2477,2968,13.196669659749812,5.086398726680329,5.7806167533580135,5.547947823614656,0.9867307224102038,1.1364851762478263
1583,340,2213,2218,0.6033809099830064,0.7607988456766047,2.098227817454184,1.5198133158177705,0.5309872073240585,2.7579271832203656
1584,949,950,3417,12.420600897859943,4.99999999999996,5.655256344051832,5.376464142458642,0.9896991076932972,1.1310512688103755
1585,3094,948,949,17.34373837229183,5.000000000000081,7.766051018826836,6.621965693140588,0.8853633114146059,1.5532102037653421
1586,2974,1021,3181,17.7327318791647,6.200778723251242,6.764274002633677,6.414463968639368,0.9937986087079226,1.0908749214464757
1587,1022,2834,3181,18.41877150092452,6.3010091537757,6.759497253610791,6.530052028061358,0.9967128588582719,1.0727642332594223
1588,950,951,3180,16.356082139490212,4.99999999999996,7.597991620919818,6.41280522206418,0.8935030306495592,1.519598324183976
1589,2325,941,942,7.62827740692409,3.9297971303177994,5.000000000000161,4.296481229217075,0.9417012228249915,1.272330309731743
1590,3230,937,938,14.001377328817613,5.000000000000057,7.209247275557046,5.9428994220363185,0.8936256923139273,1.4418494551113927
1591,937,2894,936,16.98843707424196,4.959619468033971,7.6396179701169205,6.543150930886909,0.8890651200790534,1.540363735434993
1592,2212,2222,475,0.9045762603935572,1.151114345628366,1.6961888559434892,1.500205540392443,0.9036159481624271,1.4735189969486309
1593,1099,2686,2456,18.378848964660076,5.345258387426701,8.08313905683693,6.797343103124626,0.8941813443222474,1.512207356682769
1594,481,2224,2217,0.46229460128607675,0.9999999999999037,1.112685378927935,1.0375617929759395,0.9891300014912627,1.112685378928042
1595,918,2835,917,12.733323099338506,4.814012914167262,5.9488833790775475,5.483998153826271,0.9701888448426856,1.2357431284761309
1596,2963,3285,920,27.032943098073524,7.526106994563495,8.439175942137494,7.929460304198667,0.9906215556175931,1.1213202188373825
1597,340,2217,2213,0.35484368156026447,0.7607988456766047,1.0151418775935117,0.9253135744233654,0.9421694860513175,1.334310486092695
1598,2444,2214,1437,7.832332719803774,3.908899714229333,5.06455241970927,4.354115417186095,0.9412948209739379,1.2956465476136632
1599,2835,3184,917,9.844300036254642,4.078939447472386,5.9488833790775475,4.964029447536834,0.9011108198241147,1.4584387573500062
1600,914,2481,913,15.281614819146414,4.668756941920778,7.024006380890071,6.191552562249242,0.8934946206550227,1.5044703479466885
1601,2969,3648,2774,26.85884692606121,6.472464256415912,9.611873377421672,8.180383533020063,0.904202264100008,1.4850407814757387
1602,2481,914,2700,23.45132117036618,7.024006380890071,7.961216348067325,7.394598096688623,0.9874706357078723,1.1334295438180528
1603,907,2836,906,15.77268667889604,4.878993987203747,7.199792774645939,6.255666422320332,0.9078087803372176,1.4756715817910426
1604,3185,905,2836,13.68786642373128,5.012854272795051,6.320069196878773,5.6976788532994,0.9652057583145441,1.2607725764497137
1605,907,2482,2836,23.192423826418818,7.038461108179334,7.782211824899622,7.340155235908298,0.9922320133477968,1.1056695071961087
1606,3421,883,884,11.639816733114792,4.811138130653009,6.002098176433275,5.271078769028815,0.9580714847255252,1.2475422682612978
1607,2702,904,3098,24.372050470342117,6.796657486643826,8.160853985305325,7.564776156250024,0.9780025728621535,1.2007157932178123
1608,3129,912,2774,25.609704268234527,7.128459513113735,8.289087502331787,7.734043670750374,0.9850412827658955,1.1628161017233702
1609,2245,482,483,3.0683429977805834,2.4063928466356197,3.822231195557473,2.9388629403138666,0.7844973133979518,1.5883654245819996
1610,2482,3790,3655,43.28655974040984,9.488451406967208,10.900536401306786,10.056657506916233,0.9848220745328763,1.1488214392184912
1611,2973,3885,3517,21.53653442350472,6.770974800063277,7.395271756522772,7.0664881548934035,0.9947146751343414,1.092201931759318
1612,1330,2485,1329,14.271006542072737,5.000000000000028,7.043193223342572,5.939391455004348,0.9158503274646054,1.4086386446685064
1613,2483,1325,1326,12.795938889443821,4.99999999999992,7.037680692054225,5.719623599203857,0.8798808208647025,1.4075361384108676
1614,1327,2483,1326,10.974828732234645,4.620658395981613,5.467642697524608,5.0698303996878815,0.9814598641694873,1.1833038127812219
1615,3097,2701,1326,24.905946072859685,7.358808144345349,7.815328168815935,7.590915342150399,0.9975901916307877,1.0620372233540814
1616,3541,3740,3097,35.15643834397494,7.635906893234149,10.63082556332252,9.254498605426624,0.9314019040605847,1.3922151896249602
1617,1327,2701,3096,19.31451097739245,6.469764700803224,6.946108568222206,6.687484277708226,0.996511538780867,1.0736261501689301
1618,1330,2484,1331,16.450527292664145,4.621041291764011,7.594511371425759,6.535032778215161,0.8528584146459111,1.64346321357511
1619,879,880,2703,11.349263091270728,4.6262714107567104,5.620833402415389,5.16759690484049,0.9753357962484875,1.2149813323416752
1620,3194,1324,1323,11.692920947139205,5.000000000000041,5.445074724434415,5.2063124804812375,0.9950040160685175,1.089014944886874
1621,2541,875,876,15.144533633364388,4.7107715801617225,7.233133407432287,6.174603305901875,0.8906637357288996,1.535445581333827
1622,2382,2258,483,7.863041036756269,3.093499190635175,5.369627964168798,4.575537998992192,0.8240700606783077,1.7357780407455916
1623,1794,2400,1793,17.988227193421714,5.000000000000003,9.111018150295408,7.110129125047475,0.7782810062744776,1.8222036300590805
1624,1138,2824,3177,15.943304784594623,5.608815916968743,6.878964738714451,6.143989361614615,0.9679799706484283,1.2264557868449628
1625,3099,879,2703,16.95171193270118,5.25568590134937,7.258989757959575,6.415720042871094,0.9347619420118336,1.3811688700985474
1626,2976,2978,900,11.196087590033724,4.335201608944896,5.751286680542375,5.186080249532923,0.9481419580245136,1.3266480314723186
1627,460,2266,2268,3.3476793998113274,2.6506293187687184,2.8833980784668345,2.785614526094528,0.995078613515125,1.087816413275864
1628,2976,901,2488,9.08094146921989,4.291909360651367,4.983702700130954,4.606992405143337,0.9842999937251029,1.1611854494929492
1629,2230,2256,2294,4.3007406988008325,2.6198337547693114,3.625550718882662,3.234092604698015,0.9323538582674455,1.3838857951511159
1630,881,882,2486,15.730146914259727,4.889650337730784,7.455821408105664,6.292231874050294,0.8921599495984215,1.5248168873289625
1631,3847,3190,3791,47.30667989008124,9.929662619569102,11.354571746593415,10.508497121881858,0.9859884420014987,1.14350025591163
1632,221,222,2638,12.332721153831873,4.656947871712364,6.25732691525203,5.457998010921692,0.9425675827477634,1.3436540600466726
1633,3188,884,885,11.478995297055887,4.781267744129056,5.875993510787465,5.219087084972173,0.9652981636304705,1.2289614021307693
1634,884,3188,3421,11.318828859912635,4.811138130653009,5.875993510787465,5.188806774363484,0.962412944692236,1.2213312840365123
1635,3438,2887,3224,15.605120692499654,5.622437852022781,7.05474149344481,6.123772540937655,0.9500111745501896,1.2547477943054062
1636,2486,880,881,14.63410023219069,4.626064456022174,7.004096382740964,6.053794905025857,0.8963291168784365,1.5140507550912063
1637,2999,3188,2521,11.995300035039891,5.011072972912445,5.771386189492692,5.297648191091729,0.9830732252883829,1.1517266303424736
1638,3368,1328,3096,13.721866616156312,5.205786069659851,6.677760769109678,5.756758246092246,0.9439809314692661,1.2827574317793675
1639,1328,1327,3096,15.4379864803683,5.000000000000057,6.677760769109678,6.108113444402995,0.9401245460097962,1.3355521538219204
1640,2251,459,2259,3.743475942813447,2.3157176040398957,3.5015394758478036,3.0643563821624227,0.8937308105313456,1.5120753367073674
1641,2245,2240,2233,1.1892710488582627,1.6224214364649114,1.693937627718329,1.6580299671793541,0.9987592334427434,1.0440799102169434
1642,2187,2395,2186,11.786286882064575,4.77803332282112,6.329660108845547,5.369231143888887,0.9290464136228381,1.3247417255575547
1643,1309,1310,2227,4.515076097183055,2.250274078482419,5.0,3.7764933230352256,0.6697840969101144,2.221951560394808
1644,2487,951,952,14.185126596540348,4.755836983209096,6.567449034254753,5.872600753352066,0.9326862827537171,1.380923916745194
1645,2278,2244,2237,3.4680374841718,2.5782472637594926,3.328606692377977,2.889056529265698,0.9479587115213569,1.2910347037562027
1646,482,2253,2260,4.5246499820870305,2.7677923971099054,4.729161939036977,3.6100904404764442,0.7620381092010786,1.708640411027615
1647,2491,2490,2980,33.205452912418096,8.647123221533427,8.944210045175742,8.759975889993475,0.9990915620982854,1.034356723737034
1648,958,959,2981,10.761082480313663,4.400941898921326,5.933156038720018,5.1113659792138355,0.9369658909961517,1.3481559572904696
1649,1018,1019,2838,21.039660787398525,4.999999999999879,9.042982929786003,7.542357961109702,0.8077430062610509,1.8085965859572444
1650,954,955,3476,9.101178363433952,4.16357273271681,5.000000000000114,4.622630672263386,0.978110237746644,1.2008917151154266
1651,3291,2975,953,12.814232582768927,4.7843868918826455,6.516645804162818,5.5880593055418375,0.9325296521223042,1.362064973302887
1652,594,589,2231,1.5018610476967837,1.1569902321609788,2.702344158850086,2.162392366003647,0.669280281190421,2.3356672197679305
1653,954,3476,3291,7.221827482580151,3.951213153652413,4.16357273271681,4.087223971025192,0.997810339803443,1.053745412056066
1654,3595,3630,2994,9.067984735126384,4.339999852198809,4.807906478089026,4.588161690154982,0.9930526202943138,1.1078125902822689
1655,2980,956,957,14.364502538470463,4.760423599682753,6.865640595426315,5.947165847316586,0.9178267026449892,1.4422331230951506
1656,2975,2487,952,20.340593196057604,6.567449034254753,7.084097262257415,6.863971581378636,0.9960365170605195,1.0786680224403582
1657,2262,2251,2259,3.671917274649008,2.584491917862959,3.3758120665995692,2.9673888998265614,0.9517224072911347,1.3061801599251779
1658,2981,2489,2979,13.2370286652607,5.3802756423615525,5.653750544246125,5.53245379584343,0.9983221202031012,1.050829161935751
1659,3678,3094,3417,20.340074645336387,6.409086643190931,8.092270441653685,6.9996368517853895,0.9471750728527655,1.262624597258485
1660,3526,3138,3390,11.605705195787042,4.095883627779499,6.087997465428102,5.383954166238852,0.8988327785275426,1.4863697357360193
1661,2263,2280,2266,6.758414771592341,2.843947025470268,5.347306919572095,4.320121850645955,0.7879303955292642,1.8802413939788056
1662,2489,961,962,11.670149603798421,4.625713766003448,6.253220328163713,5.336691096375549,0.9311814905650821,1.3518390122020902
1663,2489,962,963,13.937719722896482,4.8169101396738805,6.283332092160816,5.78448751999947,0.9486932083007471,1.304432075742691
1664,964,965,2979,11.514547399305119,4.8190849284129715,5.4753031345245535,5.177687334249721,0.9891984518328684,1.1361707078957184
1665,2889,38,2304,21.82633930879963,5.97162194501149,8.104406251036961,7.264272667320594,0.9398771283332806,1.3571532701943956
1666,2287,821,2362,7.767694892560635,4.047528053586521,4.59303325664331,4.2568696364781475,0.9868056748649104,1.1347749035546317
1667,2370,2649,2386,13.644144055632495,5.132514517060203,7.827097307694097,6.1038098039821636,0.8131693815811921,1.5250024684152856
1668,1863,1864,2306,10.509335268812974,4.575584199053041,7.175177715357389,5.479626924685868,0.7713205327646134,1.568144613499268
1669,2343,3639,211,30.711621502290377,6.983626213965732,9.933178526796576,8.675048421121277,0.9235047275194769,1.4223525461503626
1670,2999,2521,895,12.1091672421803,4.93741802908486,6.274098588349834,5.407529863449047,0.9441946136534934,1.270724607758749
1671,3287,3669,3728,27.664989487297806,7.803135026064557,8.103699346162788,7.996563327645298,0.9988392152868976,1.0385184056272596
1672,897,3189,2839,16.37355235709264,5.527658523086049,7.35197286041081,6.306349412649991,0.9368871507182913,1.3300338343451543
1673,482,2252,2253,2.2730670728468345,2.0418171275969943,2.7677923971099054,2.357117657070368,0.9293660471415481,1.355553521273136
1674,2979,2489,963,15.612969792085238,5.563335200922609,6.283332092160816,6.030714622230225,0.9884215454047117,1.1294182114208766
1675,2357,176,177,7.931704402451212,3.9638856913176777,5.000000000000041,4.360310500279255,0.9530024196297583,1.261388543809884
1676,967,2490,966,17.087609547773692,4.623857162143282,8.004337173807757,6.726756512856356,0.8308793001884914,1.7310952508095063
1677,2261,2258,2279,6.310640698888789,3.2570943632904483,4.49697967801712,3.916636887779987,0.9342539042985781,1.3806722116193433
1678,2491,965,966,17.70503751440849,4.624026774158952,8.131234937209289,6.88097038189791,0.819324915619653,1.758474882249844
1679,301,2247,2380,12.349005206851364,4.873144426440458,5.960260009484049,5.39694805318297,0.9725149735748272,1.2230829804971868
1680,2233,2240,2234,0.8161954712693638,1.25556635294706,1.6577308373548216,1.411035035956795,0.9321438636902764,1.3203052419044226
1681,2249,2235,341,1.971280919089014,1.9976242748424538,2.2986178348084816,2.1443891639124053,0.9867663256137849,1.1506757620823196
1682,969,970,2984,17.801595560989064,5.000000000000114,7.6352630255161955,6.700405848174697,0.8870475820121092,1.5270526051032043
1683,970,2493,2984,28.12842877934522,7.6352630255161955,8.332299607766908,8.07747443448734,0.994118782889141,1.0912917577195826
1684,2494,2493,971,26.095920137112454,7.246845206446242,8.8272089069026,7.862697285942534,0.9673654322431621,1.2180760945536115
1685,2982,967,968,17.93825751599455,5.0,7.891801982706449,6.756353267889405,0.877035794001414,1.5783603965412898
1686,972,2494,971,16.686584922719813,4.643452141869994,8.090588140418193,6.660295162911477,0.8285175650629064,1.7423649244632855
1687,960,961,2489,9.770415998275007,4.558737673566099,5.131139194959487,4.771797433327148,0.9881084417568392,1.1255614080872576
1688,2763,2628,848,17.426575683644153,5.653494872475073,6.898459526201866,6.408806703748006,0.9728895785813609,1.220211511960168
1689,975,976,2495,11.899695853193522,4.892221047678158,5.899517980698571,5.2996306721450575,0.9719687889779645,1.2058976737158014
1690,736,737,2335,12.29728095961084,3.8584135375908026,6.721944835741,5.72793393396654,0.8217614684666309,1.7421525117129328
1691,2955,3280,2466,15.332242037168434,5.485721783152198,6.50179079287712,5.994011030517868,0.9808328631599036,1.1852206600862412
1692,2496,2987,2988,25.424568184785972,6.991695128409952,8.387490482581697,7.72575005773118,0.9783550613580356,1.1996361867238876
1693,778,3127,2773,22.46311428758751,6.474328398717554,8.25767959760445,7.317684418288167,0.9591945353085809,1.2754496048177206
1694,2773,768,769,18.054863531504303,5.0,7.837415189108716,6.7731474858357545,0.8783894759267102,1.5674830378217433
1695,3127,779,3386,12.154434715063475,4.862406926051496,5.95273154968539,5.3579449789904965,0.9709044934902383,1.2242355771978322
1696,2217,2224,2223,0.5641603520286461,1.112685378927935,1.1902655020762132,1.1429806553027,0.9964210306529896,1.0697233239669475
1697,524,2228,523,7.59302763583662,3.822231195557216,4.676974451976972,4.23230043460492,0.9723098791257763,1.2236241641827605
1698,2988,781,2496,20.7661312725738,6.163668594176032,7.992396671255414,7.049253464613799,0.9543555526500297,1.296694744231921
1699,2773,777,778,18.214273955303575,4.999999999999943,8.25767959760445,6.875977704334591,0.855482810092477,1.651535919520909
1700,2773,769,2699,21.64149633040582,6.747141383618885,7.837415189108716,7.126976808946233,0.9790844133800074,1.1615904786191176
1701,3297,782,2497,19.040589885022396,5.848335823642809,7.650147404054782,6.7543084370974364,0.9525698410587025,1.3080896232271528
1702,1060,1061,2832,10.031341296164419,4.116708618850055,7.151900711199534,5.422869776683158,0.7465244943867666,1.7372861121264682
1703,782,2496,781,16.966638892344186,4.691971116875674,7.992396671255414,6.676902989756258,0.840460971865039,1.7034198361769655
1704,2961,3284,1127,12.1170153203855,4.8501705807950515,6.2257056844196486,5.399983082688972,0.9481526851019485,1.283605510509512
1705,1507,3229,1506,10.758988438645142,4.941024299006268,5.013846407048802,4.98495690201835,0.9998401330417468,1.0147382614688172
1706,2958,3298,811,8.595576004376774,4.232246997120832,4.587732370503436,4.464168503252439,0.9947333291349693,1.0839944770767014
1707,2831,1234,1228,20.65628995586887,6.355923501482033,7.309955009113044,6.943116087393373,0.9859624466635545,1.1501011627041384
1708,2410,3892,2808,30.669425755752396,7.640419963801819,9.629414691298999,8.542468665863948,0.96168090507328,1.2603253141738913
1709,782,783,2497,13.645007668649692,4.629227350514422,6.76444208359472,5.811010070214169,0.9119641096001604,1.46124646110609
1710,2498,785,786,17.209985767305515,4.790941750507649,8.94400770320045,6.979775483554323,0.7699913896204227,1.8668579517279127
1711,1935,2717,2533,31.863737896693383,7.24499926715366,10.443875122857571,8.877286548954388,0.9139565122495074,1.4415288032127922
1712,783,784,2498,18.487051080658432,5.0,8.561675182475625,6.996052594051836,0.8346558209390156,1.712335036495125
1713,1103,1104,2772,10.327051342312794,4.336875385810888,6.843200079266502,5.3257898849191925,0.8070656673608532,1.5779102396291227
1714,2497,783,2498,22.736742105502778,6.039360776533364,8.561675182475625,7.460827978953265,0.9248368370926998,1.4176459230160592
1715,3655,3098,2836,32.710441062965366,7.749151169657509,9.753122515233814,8.805879896430453,0.9657716260947229,1.2586052719455305
1716,1258,1259,2243,5.011053210300427,2.518731314912867,4.998536784271919,3.8428062987619236,0.7321497443160246,1.9845454553555022
1717,767,3387,766,10.889052522557042,4.439204267346373,6.288152857257108,5.219732483283205,0.9027301991588168,1.4165045081414969
1718,804,805,2498,16.671289866675746,4.6878687891682125,7.705671338226597,6.570609687833258,0.8561364412180315,1.6437472303045932
1719,2265,461,462,7.058017846439219,2.9510490241812843,5.604057481120527,4.446201721616603,0.7762298283170241,1.8990052131293453
1720,803,804,2498,18.97544891934189,5.000000000000114,9.88273818701225,7.52946984174632,0.722157310011541,1.9765476374024051
1721,2498,786,803,40.29301221218378,8.94400770320045,10.248420681916603,9.691722190709768,0.9874927021908863,1.1458421126190883
1722,2383,2359,2265,9.239807568933196,4.186910368245367,5.054520296622644,4.659904773774239,0.9768889430955271,1.207219608749559
1723,2501,786,787,14.200859504697439,4.789928304313159,7.330228031636937,6.023012124468206,0.8779421770354737,1.530341910344739
1724,2498,784,785,16.04555829453118,4.629732155124122,7.426482599679882,6.42019725058629,0.8651785532003975,1.6040847182618017
1725,788,789,2499,16.418229666488973,4.722289598687639,7.540291725109143,6.482262769497706,0.8698465517114703,1.5967448771470198
1726,3653,3070,3723,22.343648387787013,5.917600699730311,8.90526287865329,7.489615888222349,0.8959303644864808,1.504877285663958
1727,791,792,2500,14.435940049195434,4.724686426373553,6.82848722841156,5.9633602504774,0.916667670637436,1.4452783977989383
1728,590,591,2295,9.142074142703999,3.8011995281930324,5.391904245689605,4.731034591294251,0.9243510024507087,1.4184744067493722
1729,2390,228,2375,6.812494602923922,3.5186089838621557,4.855992117193595,4.097104600500863,0.9200115526489272,1.3800885916750767
1730,790,2990,789,12.08245406113206,5.000000000000114,5.610459067447344,5.300100884537439,0.9911200384075086,1.1220918134894433
1731,1226,1227,2316,7.231061571047803,3.6718354744520267,5.0,4.21823436471748,0.9218456454004735,1.3617167857299446
1732,788,2499,2501,17.605027172992543,5.273654376114869,7.1842069846963375,6.543511023197557,0.9319922583890701,1.3622824842740233
1733,2500,790,791,14.954793588292091,4.999999999999886,6.651656937250536,5.996188011299171,0.9470655118453358,1.3303313874501375
1734,2415,3765,3125,40.95868425174398,9.454600618102614,10.092812665529367,9.736793786301837,0.996988328753938,1.0675028034716534
1735,1495,1496,3359,13.993933981616777,5.0,6.962211295010593,5.875154904058751,0.9185937658573035,1.3924422590021186
1736,2499,2990,2989,21.97962576820892,6.4569698867317795,8.269343671615347,7.252976323780584,0.9545366334501962,1.2806848748989454
1737,983,3106,982,12.350225716082099,4.999999999999839,5.882641775630899,5.3808456651485566,0.980439329555279,1.1765283551262176
1738,2499,802,2501,20.535510945593657,6.360891957890636,7.222901578045822,6.918821748239309,0.9874771029980685,1.1355170982091387
1739,471,470,2622,16.034763857578806,4.620570590706362,7.3548950926667045,6.417485905423299,0.8652115978760949,1.5917720437947767
1740,3370,2500,2704,19.470878010830432,6.367704909236192,7.525621204137846,6.773984961630364,0.9739245493898305,1.1818420155152176
1741,2642,214,3074,13.69071787998111,5.393584204501197,5.891013075663343,5.634044362670157,0.9947623438465668,1.0922260323194766
1742,3630,3634,2509,8.691315535396928,4.03657395938159,5.120802040598279,4.548591061158446,0.9609485504605584,1.2686010691558824
1743,2503,796,797,12.184273648470956,4.763679316066832,5.742032991758508,5.3522585733074015,0.9761469145982499,1.2053777365726335
1744,989,2727,2554,16.903824378073068,5.886211875607129,6.49557773105791,6.264863637070547,0.9927866983035566,1.1035242815461732
1745,2500,792,2704,18.192936203143503,6.289954812813321,6.82848722841156,6.495382316820358,0.9945157100070414,1.085617851260424
1746,2704,793,794,10.44336235472477,4.650358775694345,5.443221557966496,4.951086493088969,0.9789564798600544,1.1704949704990815
1747,3063,385,386,18.984715846209518,5.000000000000041,8.38213128197378,7.037820918375839,0.8483964777304712,1.6764262563947425
1748,2666,1499,1500,13.565716998921822,4.688926248319171,6.6738486251629805,5.769168875312151,0.9226428171088877,1.4233213046495112
1749,310,2711,2776,16.30131017953918,5.633320172835182,7.297224740697149,6.279605555256292,0.9420086273876155,1.2953683648029797
1750,1333,1334,2273,9.404364413865888,4.04914758723174,5.36528411403938,4.75190142187222,0.9495124956433021,1.325040393923363
1751,2676,3753,3759,25.150942174669943,7.052237315140097,8.890077095482528,7.761878160339061,0.9537963420188016,1.260603791139709
1752,309,2776,2710,12.836899858606106,4.870126415649407,6.481635288455298,5.578934482857573,0.938859405173861,1.330896723261136
1753,633,2504,639,14.590653147239893,5.071113558258391,6.360098574274703,5.883884998064889,0.9640100007838315,1.2541818480710571
1754,3485,3615,3312,9.887788654664423,4.36372158779972,6.1641533096774515,5.021158375932387,0.8826716779046775,1.4125908781420555
1755,633,634,2504,11.557543914577755,4.698367957796427,6.220442861661569,5.306270273152652,0.9335938826802116,1.323958216456722
1756,634,635,2504,10.552443793564567,4.62064009028474,5.7662445410585,5.028417529713223,0.9535037750104144,1.2479319809353866
1757,3922,3923,3093,36.98581012575459,8.382888264341872,10.054595850841844,9.317949934294488,0.9783005256185789,1.199419046727711
1758,2605,3054,2752,32.571937488088906,7.868271122932224,9.59609404264253,8.758712452237939,0.974197093265775,1.2195937192192747
1759,3361,3082,2664,26.752913210077082,7.388569594337969,8.649771640971169,7.917502270016803,0.9811122099675044,1.170696375060159
1760,436,2775,2515,21.32484442362888,6.67263013275419,7.85507616026329,7.085889001357677,0.9750807499294413,1.1772083876947987
1761,2721,3701,3541,23.247037449109357,6.826564125829659,7.625924917349913,7.35432933575743,0.9900649196096744,1.1170956247954538
1762,2962,2470,1133,29.788553112670428,7.2953757287822905,9.590524574536598,8.453685693101304,0.9509383376451994,1.3146032406116255
1763,795,796,2503,9.892971725402813,4.651246698964223,4.9377820482336645,4.7842360210882395,0.9975562041419839,1.0616039887398898
1764,2661,1488,3360,11.459929817474052,4.014902593632571,6.069439268381371,5.372689326495274,0.8884703868756222,1.5117276513774431
1765,2851,3194,1323,11.08207598752835,4.666166113869515,5.422293985972927,5.087440938950567,0.985061448223666,1.1620447823012408
1766,638,636,637,15.047229425772672,5.000000000000041,8.129179213138089,6.388645984868279,0.8174823541885351,1.6258358426276045
1767,3267,3268,2942,16.198890368949804,5.605117221628378,6.550108372471627,6.154066148414427,0.9836110919974657,1.1685943600245907
1768,3058,3502,3234,20.29363044526567,6.630838113704686,7.16239952347383,6.85712790378,0.9956600536961715,1.0801650410783679
1769,3143,3528,3393,12.075153725394186,4.737246858313155,5.975610584657127,5.3539854351420715,0.9642336629084594,1.261410005301039
1770,2518,3101,2712,27.93730224458098,7.313504736236307,8.818932062402462,8.102406207537788,0.9771179218341353,1.2058421209064374
1771,3062,2756,3347,14.692175254575286,4.727098909374604,7.10816957902906,6.060581671929987,0.8996111615488415,1.5037065471451014
1772,445,2991,444,8.091055255768213,3.5109833312156944,6.489994088440052,4.909962008896499,0.7298107575283153,1.8484833097150766
1773,2992,442,2506,16.750611670602783,5.83703831576442,6.752563522289705,6.255040175749805,0.9851150866810162,1.156847558127668
1774,2992,441,442,11.65702328755618,4.758780786691923,6.17551868919529,5.311433158629085,0.9414709469416876,1.2977102678201353
1775,2992,439,440,11.790387982276481,4.7846987432740775,6.140585504391385,5.326561003549303,0.9482179176660214,1.2833797557313924
1776,2506,442,2705,14.20049302775194,5.010041737793602,6.752563522289705,5.862625395371599,0.9402902836592039,1.3478058418857606
1777,3235,3444,3796,23.724178624829904,6.8733191698118885,7.718786211715724,7.432050670537316,0.9891163784950957,1.1230070975922648
1778,3302,416,2511,19.72560115384759,6.2384304476839665,7.738446379492944,6.848692747077888,0.9627137889757406,1.2404476485533091
1779,2104,3442,2103,14.246421711385175,4.97915616852903,6.267590772345325,5.8202700691153195,0.9611725012615894,1.258765654301004
1780,2676,3364,3087,18.98886810954562,5.808645687770853,7.967782306389535,6.811291111367254,0.9294317397108033,1.371710848737837
1781,3529,2797,3144,28.32721832779012,7.8362256451400265,8.384484958142632,8.097610660710805,0.9969093647941921,1.0699647174328923
1782,3308,2034,2035,11.784359594004645,4.999999999999886,5.72221010287499,5.250789694577539,0.983120843174216,1.144442020575024
1783,3505,2617,3347,17.58468057379086,5.529990598290308,7.253256666712588,6.487634721543216,0.953226028771969,1.3116218803256299
1784,3376,990,991,12.730842393082137,4.99999999999996,5.8814636189826,5.457886465483766,0.982686747044079,1.1762927237965295
1785,3477,3611,2838,37.17391820927257,8.497158301419239,11.050419529298596,9.490054351028965,0.9402118166146237,1.300484130965631
1786,443,444,2505,20.519470177084145,5.0,8.696154060639556,7.391670813536879,0.8240661535836592,1.7392308121279112
1787,575,576,574,12.480211508364492,4.998536784272033,5.795258941688796,5.398207431535327,0.9854810583505189,1.159391076189268
1788,2705,2512,2506,17.61283167505386,5.010041737793602,7.523703866963384,6.647151508845597,0.8934292860417645,1.501724788080665
1789,3307,2029,2030,11.272307726069862,5.0,5.258166189264697,5.10582644631604,0.9981069398238716,1.0516332378529394
1790,1127,3284,1126,10.79335874071063,4.8501705807950515,5.140311050475619,4.9968272104235565,0.9977534848284089,1.0598206732830018
1791,447,2840,446,16.58538892624969,5.000000000000041,7.124976015767209,6.3934485824103495,0.9152757570287058,1.42499520315343
1792,3130,2523,2777,20.041177094162986,6.274466110052339,7.923126219575515,6.926690074191448,0.954462465186016,1.2627570347191537
1793,447,448,3191,11.378497173662439,4.933144103355386,5.505254641423258,5.146132914926201,0.9898146603470861,1.1159728007294047
1794,305,2841,2508,16.639229617157735,5.29264413960856,8.162422963278795,6.581120524013788,0.859144948881005,1.542220249079977
1795,2878,3053,375,19.34593766661494,6.060002735441959,7.488708289231073,6.761559724596087,0.9700019213737479,1.2357598859540644
1796,427,428,2506,10.870217192452557,4.612209212460169,5.815788584155768,5.097804137027688,0.9561109781682724,1.2609550686564814
1797,439,428,429,17.643834242210886,4.9169840872904835,7.6323535836838765,6.6971628320632055,0.8774453872342108,1.552242888768368
1798,2074,3103,3232,10.906825151575479,4.685402521467316,5.454577506058761,5.049096571356568,0.9841900973084186,1.1641641205995177
1799,3188,885,2521,12.937279878960641,4.781267744129056,6.081911296092788,5.544855076571512,0.9621404469664088,1.2720290143886628
1800,1404,2939,3270,17.609360628027343,5.894396625403147,7.648999722063455,6.540724538318542,0.937010400714801,1.29767306276922
1801,429,2507,438,15.076495092503636,5.526525417149808,6.386722788958957,5.9328744747997115,0.9856815553528853,1.1556488583477424
1802,2842,3815,3766,48.41862660221329,10.120996160320116,11.575593462852797,10.640473292031237,0.983805328079261,1.143720764190733
1803,2507,2706,2775,16.378796467279734,5.765046446266075,6.389089674753123,6.169371329829473,0.9916661914787662,1.1082460018845521
1804,3712,2620,3227,26.095035795788114,7.175014083316437,8.119081265752516,7.7986462564346155,0.9877160125460265,1.1315770493930113
1805,2508,327,328,12.465554141082306,4.574505031242106,5.963766656138514,5.466041372541464,0.9508250196361079,1.3036966000492483
1806,1644,3025,3108,12.039190839335953,4.806485070781419,6.148005079685853,5.371942909175627,0.9528245912307607,1.2791062469036931
1807,2706,432,2515,17.43734265885628,6.109965136154816,6.55754078272609,6.353839134334353,0.9966428287621819,1.0732533879649837
1808,429,430,2507,12.20063812029781,4.653343714393507,5.885375218290369,5.381446644365624,0.9636805187619502,1.2647626265143492
1809,3505,3059,3060,21.171228548378256,6.8864290638823045,7.0593669789578515,6.99358387937382,0.999525761674472,1.0251128579807154
1810,3706,2946,3838,34.14806781808269,7.870092491365944,10.314766043768433,9.053664270958947,0.9505070228300249,1.3106283128291658
1811,948,3094,2698,20.965283923284414,6.414046198590715,7.484469751264324,6.999454003483296,0.9843232408448618,1.1668874092158552
1812,3183,916,3184,12.977181279791605,4.395848566065499,8.137944243502268,6.186573333318139,0.7377933847769585,1.8512794790804472
1813,2432,1538,2892,18.508804457622723,6.230455984455378,7.131907769840059,6.576043436287119,0.9848477017480751,1.1446847209311406
1814,1127,1128,2961,13.957134621454657,5.0,6.2257056844196486,5.747653680350573,0.9673000536237856,1.2451411368839298
1815,3863,3839,3706,49.931611623030754,10.044719748647845,11.374719132647,10.779925823662632,0.9897061007694427,1.1324078139838785
1816,3232,3443,2896,13.598569559998799,5.078151431067622,6.666240670840252,5.737899952906461,0.9408220755875092,1.3127297918011778
1817,3070,3653,841,17.18085169330376,5.917600699730311,6.55344058864279,6.317502407340939,0.9921437784665054,1.1074489343191838
1818,3766,3130,2524,28.21235955735644,7.83895094690427,8.568806641027574,8.093642571457382,0.9928911737954893,1.0931062968842198
1819,2840,447,3191,16.18749558253589,5.505254641423258,7.124976015767209,6.231657831791711,0.9516015759355443,1.2942137066933581
1820,2707,2520,454,17.456148197243788,5.7756828545066865,7.719072562505602,6.539201106560426,0.9272254665027659,1.3364779121281762
1821,2395,2392,2226,15.64938867552804,5.73493131411579,6.4515388009365555,6.035571300661591,0.9896045983089188,1.1249548508204326
1822,2681,2943,1118,18.362143296502143,5.815343042348146,7.340542459462956,6.600854471988473,0.9646387522116074,1.2622716159662626
1823,2520,450,451,13.991987384719842,4.8495959784277165,6.361773472152557,5.792208104342518,0.9503752638764891,1.3118151492312773
1824,2783,467,3066,12.701559660145385,5.015458678116933,5.910194941216145,5.453380236680435,0.9819246427942008,1.178395700278233
1825,2511,418,3191,16.049048369276896,5.611100041007656,6.570369229455553,6.125641546489491,0.9836621649441506,1.170959202551596
1826,1237,2474,2967,20.948878591673726,6.710191914131658,7.415204159853152,6.977388176231085,0.991759576635418,1.1050658840675984
1827,326,2508,2841,13.408264359861576,5.29264413960856,6.198692355389922,5.614205053603178,0.9771029260204636,1.1711900879563713
1828,2509,2993,1016,16.764064023047542,5.618540972896296,7.466240411778367,6.386163421853779,0.9351234202313135,1.3288575179562323
1829,2511,448,449,15.038409104650674,4.620468949785039,7.401725367610535,6.207838415329362,0.8703338609652151,1.601942453905007
1830,421,422,2512,20.284240265655498,5.000000000000114,8.536538819731884,7.327587321795757,0.8305204098273048,1.707307763946338
1831,2512,422,426,24.774569053548856,6.741508588598436,8.536538819731884,7.66990246025324,0.9637519037672146,1.2662653629440286
1832,1327,1328,2483,13.518325804806336,5.000000000000057,7.936866759673196,6.13483648573262,0.7944569200102466,1.5873733519346211
1833,2685,1394,1395,13.007137177186893,4.658504720870571,6.325861171572265,5.605914172679452,0.9411949189975913,1.3579166600887551
1834,423,426,422,16.6469721818907,5.0,7.7316599724294015,6.491995739081202,0.8853800717354311,1.5463319944858802
1835,420,3301,419,12.014039357860316,5.000000000000114,5.560643432946055,5.282293868526038,0.9924955273652085,1.1121286865891857
1836,1378,2451,2769,17.514495947195325,5.948865962569779,7.323194322532229,6.457531657986877,0.9612569504933403,1.2310235881275042
1837,2870,3046,2589,16.726014439298773,5.611626778401376,6.623786261382485,6.263161234882657,0.9793821902132751,1.180368282309297
1838,1658,3112,1657,11.490410699400845,4.905279611906973,5.650129891495803,5.1851365011342745,0.9829866911460097,1.1518466506538783
1839,1659,3113,1658,12.11531088976033,5.000000000000061,5.879357085029095,5.335166113660772,0.9777873325313841,1.1758714170058044
1840,423,424,425,12.487500000000011,5.0,5.95384396549972,5.416604118302403,0.9776304960890257,1.190768793099944
1841,419,2840,418,18.291816294382222,4.838753406979964,8.09109835918568,6.913198833571291,0.8455870783826499,1.6721452156487593
1842,2852,3423,2546,28.93635864349723,7.531726753818598,8.565289089748017,8.21529791008542,0.9867235990154509,1.1372278057492462
1843,2707,2510,2520,21.11180963821161,6.371077144203223,7.719072562505602,7.047784604873995,0.9756174806484184,1.2115804577141032
1844,1148,1149,2682,16.849444250096766,4.689837449399362,7.9631930741209125,6.649250173625236,0.8421325100575355,1.6979678208550226
1845,2546,3423,3707,33.08906834691404,8.548877886689642,9.098113227969472,8.752257708516199,0.9967844597445277,1.0642464834051466
1846,458,408,2229,1.4785106259540681,1.149934881072419,2.675921712370934,2.143247115436702,0.6711222901596117,2.327020213418862
1847,2513,1012,1013,15.671013166910255,4.715080560829445,7.064816107790804,6.273665714344525,0.891976119116275,1.4983447295644956
1848,373,3350,2760,23.855172066646958,6.350781267896458,8.406280894825768,7.566623887452167,0.9493772420080522,1.323660907252462
1849,929,930,2964,12.716870141323819,4.999999999999886,5.812144574622621,5.449865717313428,0.9850259521406203,1.1624289149245506
1850,1008,3016,2543,12.292422984652378,4.442359889845537,6.175586222827404,5.4692937628323195,0.9318199201947522,1.3901589191239818
1851,1006,2543,1005,12.219553512757644,4.8206260390590625,6.0793929197185586,5.392422717189525,0.9615288447224885,1.2611210391472711
1852,2673,1369,2433,25.993474506053452,6.54411749655075,10.488729544459046,8.327586145410928,0.8335866675367033,1.6027721919704847
1853,2681,3266,2441,20.048867225079682,6.550018738933717,7.192322558150474,6.821187537926494,0.9935308092256254,1.0980613712444611
1854,2996,1011,2513,18.627722932338962,6.185165525610394,7.52217793458455,6.6534748667063655,0.9635374769448487,1.2161643699652178
1855,305,2508,330,21.995216010714667,6.163115174744235,8.162422963278795,7.265207013971481,0.9499788950646193,1.324398900855772
1856,2283,3642,2764,31.2147094395271,7.511213159417206,9.570859395737338,8.613875400431343,0.9622352717535513,1.2742095308183132
1857,2707,2888,3226,18.217736923700862,5.857217487223274,7.0322370163887475,6.540976016898877,0.9776695721625155,1.2006105342218587
1858,2516,321,2998,12.970704065793333,5.390727765760875,5.57166503071727,5.474602366955321,0.9992575433497827,1.0335645339216748
1859,2511,417,418,12.696836643064257,4.99999999999996,6.570369229455553,5.572241581987505,0.9293383174091153,1.314073845891121
1860,415,2997,2514,13.329291165363266,5.3908801663289045,5.913296081036771,5.565293589924511,0.9919322661800911,1.096907350671759
1861,2629,1733,2424,19.522619911047503,6.1326545744263505,7.405680758544769,6.7749914737269625,0.9764976990426614,1.2075815894518236
1862,857,2553,3023,21.406662679760373,6.597571168270194,7.796956579060919,7.090370229000977,0.9782454524827336,1.1817919625572133
1863,2888,457,2302,16.817109024464855,5.970220623424191,6.558925218717011,6.246214269538231,0.9939555326247056,1.0986068409236058
1864,2248,2292,2302,9.894121151851728,3.9710581274823107,6.317303986042875,5.090752560085387,0.8513557647030007,1.5908364428923902
1865,2590,491,492,11.249252565680989,4.850762377981002,5.592722096160476,5.130749076218762,0.9828297170071526,1.1529573416227195
1866,861,862,3022,20.063804310268452,4.999999999999879,8.516828953754343,7.275042434676425,0.8345497797078101,1.7033657907509099
1867,410,411,2292,11.46824286584466,4.85241290664406,5.777672669532194,5.19944905730785,0.9735732001517879,1.1906803441276075
1868,1377,2674,1376,12.324464425645383,4.636644380751822,6.67921411154078,5.554982307148698,0.9014314022844305,1.4405275805210147
1869,2514,413,414,9.007038430043442,4.3184911702982305,4.7120129255835055,4.570956808659943,0.9940361345107559,1.0911248257242816
1870,2292,411,412,14.38416359711707,4.99999999999996,7.288345874839193,6.022006181457115,0.8937675300957101,1.45766917496785
1871,3233,753,2864,14.35795632845127,5.637543745153279,6.000035832794854,5.765693071128758,0.9966193916156999,1.0642996496396535
1872,2229,2248,2302,5.714363883469533,3.016546845460054,4.206152946709852,3.7312526398840724,0.9302099311604292,1.3943602278347418
1873,2229,457,458,5.854510011224363,2.675921712370934,5.0,4.01971101778575,0.7895423134120763,1.8685150529197934
1874,2765,2633,1549,35.39627203821471,7.774117733796762,11.51564824308111,9.474926320060938,0.8869314173137681,1.4812804021501538
1875,3649,3835,2984,31.93017362177155,8.078978985379122,9.831100397951097,8.70802814769394,0.96437694611762,1.2168741143828776
1876,2786,2768,3131,17.64227009429973,5.504924875557946,7.0019362354257275,6.485571290975442,0.9576709622488856,1.2719403795162696
1877,433,2515,432,13.811830224693079,4.729245437985931,6.55754078272609,5.794653467424418,0.9331841857862186,1.3865934573949252
1878,3070,841,842,14.947265825334396,4.867274510348239,6.748841470142379,6.032527304713445,0.9308839458202534,1.3865750649144133
1879,304,305,330,12.500000000000448,5.000000000000041,7.470082903891415,5.833412795713188,0.8161996568681867,1.4940165807782708
1880,2086,2523,3003,25.277545846471174,7.484161890588881,7.945595487840614,7.649298658883459,0.9969282888061836,1.0616546787733137
1881,2529,2097,2842,29.63378764242891,7.676069421876037,9.641175827247725,8.423067879241712,0.9544458872686922,1.2560042513127003
1882,2706,2507,430,14.050143754509847,5.293693484564399,6.35397786846922,5.751097451148873,0.9751855293201379,1.2002919864923136
1883,433,434,2515,12.682708600261705,4.728426908137486,6.0971741815612335,5.497917404966446,0.9586182980310651,1.2894720168071485
1884,2560,2731,3113,11.41776252232086,4.711399109012398,6.135425531839652,5.261944594634706,0.939099089434545,1.302251282448826
1885,2335,737,2899,16.644881818976483,5.95336741638082,6.721944835741,6.230893657117545,0.9870182974056204,1.1290996112965281
1886,2283,2784,2630,12.206402051325897,4.678932023116277,6.564345111742059,5.502345769904579,0.9123772692918384,1.4029579996697734
1887,325,2841,306,13.795257843268347,5.03028429670483,7.68870868900562,6.071846032972531,0.8337666790692791,1.528483925658483
1888,3642,3719,2764,24.70021930618602,6.615349868952337,8.759553646139484,7.705057239354694,0.9485808141843168,1.3241255292105543
1889,436,2515,435,21.63156901653682,6.443337013808856,7.85507616026329,7.139236351029376,0.9737803946238375,1.2191006218406557
1890,2710,2518,323,23.377301042266037,6.8109062573902985,8.651116849388876,7.499549080196868,0.9485684088556768,1.2701858640326789
1891,2841,305,306,12.28457992366298,5.000000000000041,6.288294469154009,5.439526255286293,0.947284023235786,1.2576588938307915
1892,2839,3190,3421,21.282142087628994,6.427833703167584,8.814021549357841,7.297279004887803,0.9033288394381568,1.3712273771199717
1893,322,323,2998,12.385908444769893,4.916445351021354,6.0775835882421525,5.418757936639334,0.9663558764780592,1.2361743402638619
1894,3672,3310,3002,15.010253669172108,5.429425441192181,6.4605402725039385,5.933413374411195,0.9797030089889733,1.1899123291184468
1895,3465,3270,2939,20.736678657409087,6.0787772674890235,8.677167364350106,7.205400933785708,0.9018254350435563,1.4274527561254777
1896,3232,3103,3443,12.354872562937938,5.007309686543626,6.233768480182826,5.439743199264691,0.9540398548297789,1.2449336810413625
1897,324,307,308,13.287901683151878,4.691833375453174,7.08422473968978,5.8190568639762255,0.8811835735841104,1.5099054405369905
1898,1515,1516,3407,12.972209965547432,4.987474314959307,5.803693278898281,5.508633747494469,0.9828222425817081,1.1636537678982781
1899,3025,2556,3109,16.339722053170778,5.428267087589383,6.764971332741434,6.217725612972786,0.9678800054817522,1.2462487979281915
1900,2517,308,309,11.022761078364459,4.84039850042716,5.334448079553215,5.0582821933268045,0.9932644898353933,1.102067955578958
1901,3505,3060,2617,20.873381016126253,6.5687638008339775,7.253256666712588,6.960462482168139,0.9932824644453074,1.1042042135525876
1902,306,307,325,16.865708366604576,4.692504737209925,7.68870868900562,6.611032246021001,0.8549947118044923,1.6385084554176033
1903,3343,3435,3050,32.96418482473034,7.854542857000557,9.506230757599482,8.804627111879089,0.9759062062698732,1.210284408738927
1904,1403,3270,2945,13.477387971977755,5.0910261042692655,6.587183549865715,5.700315694722636,0.9458896927517005,1.293881314877131
1905,842,3353,3070,17.726113161285394,6.127410250030451,6.748841470142379,6.413793277122906,0.9935540884835043,1.101418249269149
1906,3029,3115,2572,22.532773176103955,6.571870354618282,7.854133157377236,7.270470486386344,0.979240480338777,1.1951138311573453
1907,1779,1780,2845,14.430654217866689,5.0,6.382487518658798,5.862487556426397,0.9591380882765927,1.2764975037317596
1908,2518,2776,2711,21.510909763641756,5.908271752236542,8.937589009162437,7.387854877370529,0.8853192575410715,1.512724766896371
1909,404,405,406,11.874037686793626,4.846113227005518,6.039633978894868,5.319923113330915,0.959840870034481,1.2462841242004663
1910,2950,3775,3469,36.90823313209057,8.66778578881212,10.060451666785758,9.288562473485273,0.9841113354150028,1.1606714692662583
1911,3427,2787,2571,48.04926764535007,9.810882808900642,11.204636486778591,10.580449139948238,0.9882864569123547,1.1420620045133458
1912,694,2336,2900,15.310304638013623,5.073897356353645,6.663839412852529,6.05923827485703,0.9502653536075191,1.3133571581829349
1913,311,314,2711,22.69712852460617,6.6778921825886,7.736909089012164,7.279421128440471,0.985513594711008,1.1585855053462466
1914,30,2756,3062,14.751589789656581,4.800875400920404,6.935969989948081,6.027773972751594,0.917154107926378,1.4447302649467524
1915,404,407,403,12.487500000000011,5.0,6.467274193841684,5.5137654426446865,0.9345866816704114,1.2934548387683367
1916,3486,3582,2076,20.899944511883955,6.281391552400609,8.784046254896055,7.247496576980793,0.8982662934547863,1.3984236106948287
1917,2711,314,315,15.36441269391843,4.722452957684313,7.260638121327798,6.220327753866904,0.889937261615078,1.5374717729084804
1918,320,2516,3303,14.72965323018968,4.932803509887601,6.532836442960127,5.953304766464622,0.9458075534311033,1.3243658357494528
1919,3101,316,3371,12.68657368384342,5.147138745332907,5.969810256327877,5.452671807394012,0.9809678609161726,1.1598308403364714
1920,282,3381,2637,14.949765064776782,5.70060998664227,6.207799722323236,5.889356302944972,0.9939313804718429,1.0889711341188784
1921,3308,3483,3579,15.052145543661913,4.2304860197056025,7.577781160013632,6.369215529972608,0.8109155543746435,1.7912318170338655
1922,3303,2712,320,18.70246786607353,5.975278621763436,7.486870544640917,6.664995203121492,0.9638439847679772,1.2529742993693869
1923,314,312,313,9.929587265092913,3.992546066179326,6.708341606831353,5.23362922433688,0.8004698689148739,1.680216457277076
1924,316,3101,315,14.003308970588648,5.0,6.323736463445336,5.764515573257737,0.9641203545766147,1.264747292689067
1925,2041,2042,3485,8.237103488777002,3.7226555622095567,5.000000000000227,4.454281417141426,0.9450038888462761,1.343127215624674
1926,18,3060,3059,18.54601063927724,5.829584099971079,7.120049832069498,6.61202099864096,0.9726610268782382,1.2213649738932184
1927,3101,3371,2712,15.590725997445555,5.24106642052125,7.313504736236307,6.1951476368408365,0.920633941386075,1.395423020704428
1928,2728,3108,3109,10.129342116140691,4.522976554013954,5.133210826616415,4.85593104894653,0.9893854550029979,1.1349187344473197
1929,319,2519,318,11.776080160769093,4.616905754736473,5.828250720359643,5.284693931902059,0.9650615823377398,1.2623716034013588
1930,898,2837,3189,17.460941047582285,5.803730241503563,7.518144092137562,6.492359857219269,0.9444199443076555,1.2953986107717248
1931,3579,3002,3308,21.67378766232753,5.729962509153777,9.231885283902853,7.513209651023421,0.8556980105742695,1.6111598058721424
1932,311,312,314,16.57807819463718,4.999999999999886,7.736909089012164,6.481750231947802,0.8844514977209719,1.5473818178024679
1933,753,3233,2900,13.877845492905191,5.44319026119453,6.000035832794854,5.676447469973716,0.9929269093826442,1.1023013242013924
1934,2041,3312,2040,12.513834688199712,4.999999999999886,6.568293939407772,5.543091862905425,0.9247234409123738,1.3136587878815842
1935,1650,3377,3110,16.09188329102609,5.644282728706618,7.4897789725716635,6.296753437126682,0.9207133780107754,1.326967363714599
1936,3842,3409,3763,38.19552748701019,8.59654233780223,9.958792156048004,9.447383255726077,0.9842540346107517,1.1584648530439323
1937,2412,1555,2923,12.309346575781104,5.106325346681663,5.7720633093124345,5.357507222027785,0.9873957075244627,1.1303751557983668
1938,452,453,2520,11.354439479181531,4.632563285372373,6.0660313049936265,5.237930091221845,0.9431276042963685,1.309433013931515
1939,2356,2197,2378,7.251774066760409,3.5937158270529097,4.430074371560861,4.143123890017232,0.9671269992173437,1.2327280688728863
1940,3702,3773,3116,30.28371289112825,7.898366149379513,8.722812992643824,8.384460390977878,0.9930969494726923,1.10438194781956
1941,885,886,2521,12.771347346574512,4.619545993531452,6.081911296092788,5.537087637526038,0.9488163706838548,1.3165603945948416
1942,815,816,2690,15.953305725114012,4.62073041216834,7.584935560907523,6.422680016010208,0.8584044141133477,1.6415014260371423
1943,2293,2256,165,5.471040497811435,3.2399754701384675,3.8447152224460908,3.5805152042956236,0.9806637101598258,1.1866494848128522
1944,3059,3505,3503,23.4168781891729,7.034955595281305,7.774619788021817,7.373188474582222,0.9930564512863591,1.1051412738463682
1945,2645,465,464,14.133463834959922,4.728259037680426,6.578632218120058,5.86845834046028,0.9298592477560098,1.391343444953765
1946,3581,2042,2043,8.677669538802336,4.026110375411387,4.999999999999886,4.5293179294464805,0.9693756439996435,1.2418934241188027
1947,2931,2420,2116,14.289379285014672,5.53139848986541,5.941114541838671,5.751913771902847,0.9965852573563525,1.0740709700673239
1948,2815,3403,3534,12.46294485050736,4.920522376654188,6.110938294294067,5.438437706997209,0.9650358528220557,1.2419287682315812
1949,2102,2103,2669,13.360943682488072,4.677459937052716,6.192588150394838,5.674662058732273,0.9436235671558247,1.323921152448568
1950,3400,3533,3159,15.58073867884934,5.050294233230277,7.110204787053405,6.171502205287005,0.927105656579864,1.407879315282105
1951,3532,1997,1998,8.797943154600457,3.727048875741926,7.1528995859874,5.293316153909756,0.6768533564027515,1.9191858825740529
1952,3459,3605,3262,11.239385842386937,4.556742778994215,6.327371110193338,5.2842904011812175,0.9108726041862214,1.3885732456441056
1953,3530,3161,3738,22.94248400212792,6.124614061074752,9.100857407950462,7.592776539685356,0.8960888938196021,1.4859479009120515
1954,3306,2027,2028,11.184415472401533,4.763095208874164,5.5981530475256625,5.1204160854666085,0.980531945856224,1.1753183176132391
1955,3159,3403,3531,13.59660649395498,5.08562833695463,6.17102115452533,5.655755383162242,0.9755975713355309,1.2134235429049567
1956,3304,3000,2100,13.709549497715217,5.12950491449713,6.379654559968684,5.70084867433651,0.9662734933185385,1.2437174086603078
1957,3161,3700,3738,18.665014981338768,5.757932198206549,7.5528581500308505,6.687334845483122,0.9523979653505237,1.311730998219009
1958,3530,2925,3778,31.567227963730218,8.227377902898736,8.985247117419872,8.55633151830511,0.9944054828917147,1.0921155225231745
1959,3480,3687,3000,24.015307556536634,7.181308991279101,7.7483381492881644,7.458071402358438,0.9961288859849828,1.0789590252553758
1960,3532,3531,2813,12.726524301435528,5.096888208609338,5.636916119335738,5.436846345450133,0.9923343556326244,1.1059524730823447
1961,2028,3001,3306,16.20103923552217,5.5981530475256625,7.273930211070974,6.260553327009139,0.9418625574848922,1.2993446498012395
1962,1996,3532,2813,12.337880589913356,5.159245502698948,5.57673470840532,5.346455031154636,0.9957558758276857,1.080920593037872
1963,3481,2027,3306,9.284377444391255,4.2025912581595515,5.039465528769448,4.668383998601055,0.9783860837362259,1.1991329204297612
1964,2099,3000,2522,18.517664179085937,6.360340853728087,6.8768620319135545,6.5521004153353255,0.9949139185344682,1.0812096694287556
1965,1407,2428,2429,21.00453631518142,6.007531072269188,8.073787636288042,7.115573305385246,0.9445755260673941,1.3439443823364827
1966,3083,2102,2669,20.65852217434163,6.153938088749264,7.404289942208457,6.975002687286424,0.9738883412254402,1.2031791408082424
1967,3307,3001,2029,16.283088764895172,5.258166189264697,7.624868928403208,6.376439394105842,0.9039250438169006,1.4501004064821068
1968,3529,3145,2797,15.680427695726486,5.335636734293969,7.8362256451400265,6.3504915485769615,0.8729714717169422,1.4686580131615623
1969,2087,2714,2777,13.374713145695168,5.191649029560671,5.880170151647731,5.579392613185591,0.9895927061497265,1.1326208913905191
1970,3307,3482,3578,13.804275430711913,4.165639285229319,7.038552441981757,6.0236408543164375,0.8386004240096909,1.6896692104233129
1971,2952,1067,1068,15.402095112561911,5.0,6.954036050568025,6.121795457187262,0.9322478406813799,1.3908072101136049
1972,2797,3393,3528,14.152705427096283,5.349098862455935,6.436229557243814,5.779608688899461,0.9719820841919165,1.2032362315114782
1973,2031,3482,2030,11.08392847529162,4.811851907532245,5.427032291487606,5.07962806633995,0.9894997432647724,1.127846907132031
1974,3529,2799,3699,30.5489351752673,8.222114582800613,8.77460151285364,8.411515220150294,0.9961902960796571,1.0671952360295176
1975,3231,2104,2105,14.71188882361739,5.0,6.81991707449882,5.968725577485955,0.9389531430723893,1.363983414899764
1976,3483,3308,2035,10.003195060987967,4.2304860197056025,5.356922315395479,4.872522438652941,0.9639485495914483,1.2662664030664412
1977,3392,3527,2805,16.6885262010788,5.316468755331079,7.9477230542572235,6.519279694720964,0.8823298018049701,1.4949251881312495
1978,2036,2037,3004,17.93331332224819,5.0,7.917981639803262,6.759371371787225,0.8757958489648775,1.5835963279606524
1979,2794,3526,3139,33.624496491741745,8.21572204281984,9.169643703823127,8.844157719753206,0.9902542704737749,1.1161092909462498
1980,3526,3147,3699,28.060144157850267,7.812330878043794,8.324845233971182,8.058220528942277,0.9972793569160311,1.0656032577124692
1981,3308,3002,2034,16.058017295528337,5.72221010287499,7.236546175129579,6.229572929052782,0.943273369443226,1.264641815842055
1982,3698,3391,2806,21.036028096625685,6.641410869719596,7.336208546690975,6.987332520126908,0.9934022525078325,1.1046159755209835
1983,2523,3853,3003,34.84157622552214,7.945595487840614,9.8859398633738,9.077133368109154,0.9685732445159326,1.244203770315586
1984,3005,2039,2040,16.815929492667767,5.0,7.242460487249874,6.452021492649965,0.9097866177339325,1.4484920974499746
1985,2040,3312,3005,20.09721395139786,6.568293939407772,7.113603990700019,6.823833322381115,0.9956597504459169,1.0830215663797493
1986,3688,3313,3487,18.929482711920564,6.357084800984619,7.244322135580579,6.6538164095761525,0.9835344395660756,1.1395666980026034
1987,3580,3004,3311,16.73963362650426,5.723989219136717,7.815006404391907,6.470964789368469,0.9036514114884897,1.3653076735826826
1988,3484,3311,2038,8.591124169385125,4.0602459359052,4.792082464509546,4.485224704912256,0.9815405545924255,1.1802443842459482
1989,2523,2086,2087,16.702537305969635,4.633650159717656,7.671848629689882,6.5965535599988065,0.8487459109156407,1.6556814531197481
1990,2089,2524,2714,17.37869638328186,5.809724403223538,6.978014649979409,6.3894199367679745,0.977642366631525,1.2010921974384263
1991,3487,2526,3688,29.06714126661963,7.244322135580579,9.839629258074387,8.419051470658948,0.9318986145080005,1.358253964128255
1992,1052,1053,2459,11.474578925669514,4.898328370523527,5.4931590983052825,5.165885190125308,0.9907384980643145,1.1214354536460325
1993,2529,2842,3766,44.00572201762346,9.641175827247725,10.541024994360951,10.10106566064293,0.9947162907569846,1.0933339649890097
1994,2525,2085,3003,25.679096823540988,7.364974283364576,8.047035425944795,7.7159436619344275,0.9947967361573947,1.092608760918664
1995,2687,1239,2771,30.747083048534336,7.683317935975762,9.453016598491038,8.522747215347321,0.9705320694027315,1.2303300055082946
1996,2526,2082,2083,15.890893795221702,4.623618679374429,7.8837794823221445,6.474465911569329,0.8381008607870217,1.7051102240526488
1997,2735,3115,2568,17.29099189905646,5.622403348976977,7.263361092259045,6.427710573844604,0.9561141815465782,1.2918605516946142
1998,2530,3006,3486,12.358225759742515,5.008093582606525,5.690236512836401,5.363995618896671,0.9892430702743986,1.1362081037381186
1999,3295,2985,973,17.295107547725202,6.206830357719396,6.389611513552285,6.32147643776695,0.9993401134970908,1.0294483891613961
2000,2715,3102,3372,15.018332400816144,4.893811286196767,6.8785773106106864,6.0551043432629905,0.9279107114611331,1.4055665223569305
2001,2033,2034,3002,17.362331903043565,5.0,7.551930112435193,6.596158762521591,0.8950181262138065,1.5103860224870387
2002,3144,3528,3146,15.211807057214319,5.364655610549463,6.9008738819181685,6.0382730281833785,0.9527618198191172,1.2863591594487016
2003,2111,2112,2113,9.949081625488299,3.998435993995049,6.697810031975528,5.232082008656863,0.8029207357302337,1.6751074775323316
2004,2114,2895,2326,15.58968429960352,5.591851346540826,7.085455049708977,6.128354190820872,0.9470196968502252,1.2671036139206577
2005,2916,1797,1798,14.846348809946242,4.999999999999997,6.444730095873078,5.962207663932102,0.9521069412707073,1.2889460191746163
2006,2674,1377,2433,18.97459567166926,5.686061283568485,8.939948021330084,7.101741138813115,0.8380399093418045,1.5722567125972848
2007,2895,3231,2326,16.312820785882955,5.707756176212811,6.766542210756464,6.186413233035786,0.9794390773857351,1.1854995206270662
2008,2528,2110,2113,28.972217841283182,7.739950165159389,9.36665390024356,8.294960436549983,0.9643647364690616,1.2101697944266636
2009,1935,2534,1934,11.368707393209178,4.735057784600232,6.675344566214723,5.404444446536192,0.8746858917862059,1.4097704547397205
2010,561,2609,2376,17.395373503670505,6.245936181914064,6.415555366663929,6.339373110214178,0.9995098325084028,1.0271567271598163
2011,2528,2107,2108,16.33769055966288,4.999999999999972,7.627737873707116,6.416403514771844,0.8910820320093883,1.525547574741432
2012,3126,1800,1801,18.140352128621423,5.000000000000003,7.853694405708484,6.793046597035933,0.8769628921549757,1.5707388811416958
2013,2933,2420,2931,18.79209486234914,5.53139848986541,7.371985215877785,6.734817189607933,0.9417520146479923,1.3327525090417343
2014,2528,2108,2109,14.66471737395705,4.628735146300541,6.890286248497412,6.046831355135466,0.9011488008853882,1.4885894376575828
2015,2527,830,831,11.025171752953932,4.421055846981105,6.436675331981139,5.285910392987422,0.8884358995062823,1.4559135995480332
2016,390,391,2610,13.477926205421936,5.000000000000121,6.740016741508633,5.738365210523699,0.9300179211678223,1.348003348301694
2017,833,1169,2527,29.508108713718652,7.263975870354516,10.011815240302694,8.507443200574471,0.9250295293301863,1.3782831081753126
2018,2574,710,711,15.156366862403674,5.0,7.018072173998662,6.085008974750846,0.9280040657723501,1.4036144347997324
2019,1943,2535,1954,12.154644760257849,4.356124376437779,6.683286780275162,5.553666618000599,0.8841448734416373,1.5342277223361607
2020,831,832,2527,9.882200205062663,4.421055846981105,5.512012847010778,4.853657400242977,0.9596383870522812,1.2467639038703
2021,3077,944,945,18.393886989754968,5.000000000000114,7.936320744163994,6.855804822212055,0.8715473394942062,1.5872641488327626
2022,833,834,2422,12.25727757416251,4.95511098692299,7.5317067196739185,5.828939235532341,0.7990320382027895,1.5199874916123595
2023,2528,2113,2326,28.929549795954557,7.553146285436058,9.36665390024356,8.29318869498062,0.9629469625716646,1.2400996281912742
2024,2533,2847,3010,18.818284433326873,5.633878009761654,7.978770695610274,6.8043069703817745,0.9204478723605923,1.416212896655855
2025,807,2986,3297,14.745211289337131,5.319547021123742,6.299761579029962,5.877263678897562,0.9810178123673887,1.1842665463833333
2026,3132,731,2788,26.377928773276953,7.231081184024234,8.251851532292532,7.840554442661351,0.9878319270155703,1.1411642771379065
2027,3099,877,878,14.628575871639818,4.805336582518978,6.598114949049929,5.966245241735467,0.9313941641855759,1.373080706365665
2028,530,531,2463,11.467755380865496,4.654548625522309,5.5040391604082926,5.185290635756733,0.9797878025228065,1.1825076077684458
2029,1063,2833,1062,12.918118382573246,4.856668102722165,6.261781535047949,5.553471679872455,0.957104672964942,1.2893163384045572
2030,3739,3701,2541,33.96214030104317,7.7406002491610755,10.54266225460916,9.087022048579355,0.9349574627413879,1.3619954416005104
2031,2376,2377,2349,9.33126500710565,4.202961345052364,4.989388142046441,4.677669747575419,0.9796643883122576,1.1871125457577292
2032,2843,2529,2090,14.734016665009916,4.5960027914778925,7.406264155051816,6.15841478793675,0.8660012049863918,1.611457714687387
2033,2091,2843,2090,10.522880053156328,4.5960027914778925,5.259955234060847,4.9519860085129155,0.9879968193839941,1.1444630198689356
2034,2092,2095,2091,14.423089698409775,4.999999999999993,6.976770449142267,5.948547264457495,0.9242234771179058,1.3953540898284553
2035,732,2736,2778,12.012723052613497,4.975843587721274,5.494487881005656,5.280621721007623,0.99313613646527,1.10423243499137
2036,2544,3018,977,31.090439962479632,8.187967343751263,8.789152847091776,8.484204208404345,0.9966450012718567,1.0734230460505334
2037,2077,2530,2076,9.781245930669437,4.2843606595389065,6.975990845242746,5.3108025193982895,0.7627209288034816,1.628245472217906
2038,2976,900,901,8.61147765884186,4.291909360651367,4.809795067934211,4.478968679176824,0.9886240881476258,1.1206655741686602
2039,2530,2079,3006,9.565784089657946,4.084547060798318,5.223393042578305,4.772011228661049,0.959815633058152,1.2788181810194155
2040,2878,2604,3053,21.568620686049208,6.735968149115232,7.393565603779644,7.0729542205002645,0.9942455402056651,1.0976247868319846
2041,2678,2928,2418,18.93557831090578,6.118258183994396,6.931236249405347,6.642582608025941,0.9879809604916956,1.132877371461331
2042,732,733,2736,9.903278301089117,4.012021622026365,5.494487881005656,4.898715223867288,0.9370904556605246,1.3695060492297488
2043,2649,3274,3469,25.381067932991677,6.385154100106161,9.368653962429613,7.94371577887279,0.9074228812157155,1.467255733463637
2044,2489,2981,959,12.269461095714663,4.400941898921326,6.565053249817575,5.5399152309950095,0.9001643693485268,1.4917382234531826
2045,2094,2092,2093,9.337244678123477,4.320576049112047,5.051906853896754,4.6729717161008795,0.9834574431657456,1.1692669672913194
2046,391,392,3056,12.333958283622236,4.848432318765777,5.804016360733019,5.379923586294683,0.9787819229511626,1.1970913439935358
2047,3384,2761,3523,16.13331469785838,5.748519591803411,6.841105958780115,6.1652763641118495,0.9742475402196791,1.1900639546457457
2048,467,2783,468,11.534808142249096,4.652789739977799,6.306591779963231,5.324946732685987,0.9230635062597184,1.3554431066969561
2049,3078,3836,1069,30.323049216022216,7.163550871931202,9.62150575798153,8.54627164143197,0.9451381836416299,1.3431196246098125
2050,937,3230,2894,20.28000049717155,6.373015378794411,7.209247275557046,6.870826002953763,0.9893774542173618,1.1312144796551278
2051,3264,2935,3265,11.212622322780634,4.766901834665126,5.280763089597917,5.104777843105662,0.9915213251838333,1.1077977421720684
2052,1780,1761,1762,12.500000000000126,4.99999999999996,7.507305464350387,5.847724303318454,0.8114961395054904,1.5014610928700893
2053,2547,2845,1763,28.819093026694397,7.421770408297011,8.732412276696955,8.2145258193473,0.9815985647645183,1.1765942351079386
2054,382,2604,2878,21.098246220666315,6.61372852640701,7.393565603779644,7.002115123669911,0.9917228189689911,1.1179118668477144
2055,1762,1763,2845,18.191392423495493,5.00000000000002,8.732412276696955,7.003669583679849,0.8171641040779386,1.7464824553393838
2056,3098,3655,2702,35.57893941591742,8.160853985305325,10.758379586282704,9.278199858662687,0.941457701230949,1.3182909050516725
2057,3355,2342,3716,24.92594404563517,7.030826861258659,8.71874923013833,7.701737889889233,0.9617803402000183,1.2400745178608337
2058,2534,1964,1965,11.370676504704704,5.0,5.3318893265552525,5.130646046010527,0.9967762879970556,1.0663778653110505
2059,1038,1039,3276,15.360661312714289,4.769644341642899,7.56100576833326,6.274112303874915,0.8718786704122259,1.5852347107559972
2060,3316,3489,2045,12.145220278112314,5.023560734824237,5.821146733382908,5.332680526301424,0.9820934644011748,1.158769056583642
2061,3315,2064,3007,21.570058834549386,6.119669763349187,8.373205461112152,7.240620969237555,0.9350676267642529,1.3682446577852012
2062,3388,3079,3525,23.291476956981114,6.563320495563935,8.267912897913641,7.433014136513985,0.9650985944798242,1.259714942078757
2063,2048,2531,2047,13.214376928591005,5.0,5.876418578909169,5.5649801389979485,0.9803442330577484,1.1752837157818337
2064,3592,3127,3386,14.936613804912657,4.862406926051496,7.1217878425412,6.085285234216125,0.9101758664605323,1.4646630672526677
2065,3121,3384,3523,15.956900580307277,5.748519591803411,6.4343612681536975,6.089915791463889,0.9915353677612138,1.119307530468923
2066,2048,2063,2531,18.340400650106538,5.818521838084675,8.348282367431928,6.826806979642935,0.886028448446006,1.4347771822026867
2067,3593,2956,3387,9.475478657191653,4.143507329717053,5.1117957872092665,4.730961377275477,0.9699939547422731,1.2336881246830893
2068,3008,2046,2047,9.433027389260033,4.376412794125577,5.0,4.688275819730859,0.9882014156262384,1.1424882055713435
2069,2049,2050,2062,10.178617931038525,4.525041861814979,5.072406079429276,4.865815980414752,0.9903690654195884,1.1209633489213182
2070,3637,2352,135,22.270786838789775,6.5027612927497636,7.837757799862671,7.233533707606128,0.9772583030127168,1.2052968649797062
2071,3591,3521,3493,27.963537613048636,6.7829709346479765,10.268766661128925,8.441168006557207,0.8811101336571586,1.513903975126182
2072,3322,3493,3521,24.266347379832535,6.072026705934008,8.912084169135339,7.751959099654688,0.9101615038527836,1.4677280915819801
2073,3696,2901,3502,21.195783391206888,6.464233728424906,8.17479544255861,7.128454097053037,0.952779640779517,1.264619409816808
2074,3523,2626,3597,20.653124152065487,5.871605558864306,8.044155533943204,7.073814976904207,0.9379369536951631,1.3700095235108258
2075,2048,2049,2063,19.01745269587033,5.0,8.348282367431928,7.037916013705118,0.8500641494506894,1.6696564734863855
2076,2434,1757,2928,16.659722047221027,5.738977178277386,6.553579202792346,6.231677607731133,0.9875508067713734,1.1419420219335097
2077,3641,3718,2492,56.60686314015119,11.01418417313007,12.060388035163392,11.459803080198654,0.9939662577276869,1.094986959141796
2078,2064,2531,2063,14.546553419409124,4.667152888599091,7.231214385928108,6.0706613359798,0.8845560252495549,1.5493845088281766
2079,3038,3498,3333,16.971712565942774,5.195805652241822,7.089358570633358,6.419891691710482,0.9339493107995163,1.3644387502397302
2080,3009,3317,2066,12.328007164118192,4.971445038261535,6.206827049718449,5.430110058012775,0.9556671262360986,1.248495558524552
2081,2979,2491,2981,16.091702591730925,5.3802756423615525,7.447581852343303,6.294514479732769,0.9207286282537507,1.3842379735537773
2082,2062,2063,2049,10.688126204794253,4.525041861814979,7.765465673683426,5.7635025118328045,0.7000433718865994,1.716109134638751
2083,2061,2051,2372,12.838961092836097,4.529404867752625,6.338445971196756,5.59494800255126,0.9294553182285092,1.399399293342865
2084,2490,967,2982,25.830230402417016,7.377257820961762,8.004337173807757,7.7367583799527955,0.9954139147448486,1.0850016860010248
2085,2372,2052,2373,11.848822486356191,4.689355952628958,5.595671889595374,5.2772435905141855,0.9764895361590461,1.1932708768798654
2086,2449,1401,3089,14.751036684108733,5.4238931048731445,6.130367914791089,5.86046127685191,0.9890825738539839,1.130252347577279
2087,3312,3590,3005,22.09064991340971,6.686057389086057,8.36316789265803,7.279609106259879,0.9521220457857789,1.2508369889719455
2088,2067,3009,2066,14.042768470992257,5.0,6.206827049718449,5.766444356308555,0.9666925003125205,1.2413654099436897
2089,2387,2373,2052,12.43384708138343,4.72328751071404,6.048701356321394,5.439563932117886,0.9607646368008035,1.2806125696563802
2090,3846,3789,2700,29.29656302626139,8.011989670623091,8.518804811133194,8.233714302600442,0.9973266815516925,1.0632570886066417
2091,2054,2055,2056,7.060254002988266,3.3586629907903616,5.0,4.2043877797268765,0.8994781913460381,1.48868761578946
2092,2476,3770,2696,33.786121197848786,8.301929386037205,9.591165768690244,8.883095737230855,0.9852419075861505,1.155293585708085
2093,3693,3095,2698,19.536424386868276,6.0172971811576765,7.375761068540968,6.7860004923695945,0.9729167033029574,1.225759813166139
2094,2941,3284,3473,14.479376315911416,4.685853660395374,7.110167520308663,6.028608481943265,0.8950929617821809,1.5173686665470334
2095,3096,2701,3695,28.796716500294785,6.469764700803224,9.704060411529493,8.48317566443197,0.8984272375584957,1.4999093259643168
2096,2054,2057,2387,14.946578799377647,5.508447400103236,6.369453584653067,5.907956536608846,0.9853899468179441,1.1563065092595228
2097,1153,2973,3517,18.937513607524945,5.575547016368805,7.395271756522772,6.754455875283578,0.9441911037385251,1.3263760012805168
2098,2206,2207,2209,10.937156870739637,4.409531242486634,6.239025242287337,5.216185494924656,0.9089047536524926,1.4148953480980464
2099,3928,3919,3656,35.36951569361554,7.923008404538259,10.849313024487229,9.290760629044058,0.9307088081251483,1.369342612115973
2100,3357,3514,3736,20.817566855830833,6.64819602249637,7.605852932818505,6.978933678483769,0.9831067641923545,1.1440476344382124
2101,3081,3692,2660,26.779801627103623,6.706754873125624,8.692714546017612,8.010068835459796,0.9513029140710133,1.2961133529495539
2102,2205,2206,2211,17.677669529663625,5.0,8.166686110330904,6.7655301950891085,0.8592873744821523,1.6333372220661808
2103,3710,2972,3519,34.04324904317683,7.233455517950148,10.301914111099503,9.142947824072793,0.9201250764674438,1.424203699813296
2104,2622,3447,3237,22.120015403463814,6.363050105172781,8.745116800716158,7.380310832901352,0.9208455272633566,1.3743592547867725
2105,2059,2327,2373,6.706672308559572,3.7103670204085835,4.438846196228878,3.979396016492269,0.9715362770105027,1.1963361499855276
2106,799,2502,3369,17.530113960977936,5.917287918654406,6.792797525632385,6.392864262835661,0.9874323984461317,1.147957919069294
2107,2735,3331,3115,13.9183009057187,4.884291321247588,6.39736728029779,5.771475972491562,0.9530713292351629,1.3097841343877334
2108,3907,3908,3875,44.30308017217815,9.928617490476677,10.293196471959819,10.11830995229415,0.9991320734035135,1.036720014829138
2109,2054,2056,2057,10.617415526675398,4.25450034839027,6.369453584653067,5.207984644347749,0.8791560467361791,1.4971096634327483
2110,2208,2209,2207,8.718132440031182,4.409531242486634,4.620920558274621,4.490023265976626,0.9982466975569675,1.047939180870568
2111,3565,3607,3265,20.21557881184078,6.055929361404912,7.4524353256987945,6.908911949406821,0.9704796502308775,1.2306014289390437
2112,3432,2597,3211,18.985615227824923,6.127843139575185,7.885060482719049,6.7781853485187,0.9416432830948994,1.2867595176833597
2113,2210,2206,2209,15.046233221065043,4.844957798845425,7.528906837660149,6.204296626264303,0.8753804697528081,1.5539674751045967
2114,2206,2210,2211,17.921465992258195,4.843805118452741,8.166686110330904,6.846466022147932,0.8455609160180888,1.6860063339913214
2115,3399,2312,3158,22.660542266148525,5.576390089633402,9.005928313492834,7.628270824182938,0.866742855088033,1.61501045815195
2116,2972,1329,3368,14.321609063399181,5.4053102399826205,6.8344614798460785,5.883208457565203,0.9432405407580439,1.2643976342545795
2117,2009,3363,2008,12.90889473817585,5.0,6.88147526690705,5.68823380165706,0.901380406602553,1.37629505338141
2118,1668,3028,3426,15.116641189163788,5.444514248327023,7.752359188771409,6.249988012634128,0.8685715525670346,1.4238844523464211
2119,3173,2536,3011,10.168492479352294,4.334565357540253,5.805224521311424,4.973387275053004,0.9350730784937071,1.339286420312677
2120,3268,3473,2942,22.19373072734622,6.550108372471627,8.0138126381044,7.237123838626789,0.9718826127140855,1.2234626028149906
2121,2060,2327,2059,6.163712253579036,3.7103670204085835,3.898249423061371,3.775907094238324,0.9978627915301282,1.050637147651258
2122,3003,3708,2525,41.46893146548448,7.364974283364576,11.871704513388945,10.3537602141287,0.8576237745938706,1.6119139126125417
2123,3031,3115,3331,15.321823828799078,5.090045728252846,7.639220635255235,6.254011893145797,0.8797630863139678,1.500815718187544
2124,2067,2068,2532,15.200375877467689,4.664993327257562,7.217336853915825,6.194654266973482,0.886727449179827,1.547126940513487
2125,1167,2536,3173,9.484217475878701,4.334565357540253,5.119758236062721,4.71359828339082,0.9812612855497929,1.1811468541261179
2126,3085,2417,2668,28.1821702694422,7.389766976489429,8.838934729540647,8.132341955449247,0.9789170557118347,1.1961046617114925
2127,2716,3103,2075,15.62060246665623,5.787048010948121,6.253989216989628,6.015310439357869,0.9959658926819969,1.0806872873973281
2128,2072,2896,2328,15.618995264325385,5.564795994972386,6.585872525232026,6.050457453608259,0.9806292559240665,1.1834885827229156
2129,2582,3652,3037,24.187979763415203,7.042085214842109,8.72509481813616,7.611704282175173,0.9539221383794626,1.2389930754809513
2130,2897,2068,2069,12.279469208859924,5.000000000000091,5.569735342865101,5.341704681785802,0.9917413771775606,1.1139470685730002
2131,2328,2069,2070,10.2947608852035,4.545270184285641,5.1398446464423895,4.895038276909335,0.9895489079843127,1.1308116873255125
2132,2071,2072,2328,11.005597430895552,4.682617822485774,5.564795994972386,5.082471272486042,0.9788834655527701,1.1883942285980338
2133,2328,2070,2071,7.528533876447496,3.5356696669755676,4.682617822485774,4.254519224582328,0.9468455470518002,1.3243934709803682
2134,3477,2838,3186,26.445794640855432,7.237100022333156,8.497158301419239,7.865968613629978,0.9828745493617284,1.174110938801127
2135,3214,2597,3432,34.12355849966689,7.885060482719049,9.680335358613124,8.973417744616462,0.9713164234643928,1.2276805459930982
2136,2897,2069,2328,12.960938565800044,5.1398446464423895,5.756932845506514,5.488837611604668,0.9913204375417008,1.1200596985924953
2137,3252,3456,3602,7.766088618439481,3.7117235568308535,4.682615017188403,4.292707471765134,0.964108208197978,1.2615742916981987
2138,2530,2077,2078,8.712155620593752,4.2843606595389065,4.672630522846875,4.493972234014074,0.9949791039250563,1.0906249249683277
2139,1904,1905,1906,12.480211508364238,4.998536784271919,5.79525894168882,5.398207431535283,0.9854810583505138,1.1593910761892994
2140,2700,915,3769,28.07283458098467,6.318145472532122,9.568036414875099,8.398249578834827,0.8917024468035488,1.514374187247151
2141,3409,3087,3364,21.322612133742698,6.657445339941375,7.909147947480058,7.094219056768208,0.9720076618466197,1.188015453920303
2142,59,2648,3052,20.524723878806984,5.901446674595617,8.635028505425382,7.178811679307008,0.8977792376097379,1.463205376843819
2143,558,3216,557,13.221973902820707,5.0,6.223577531385706,5.5949576179638365,0.9677121186462434,1.2447155062771411
2144,2982,3718,3887,30.720167477018673,7.406847667151632,10.431297261498443,8.734495437411843,0.9109072386421364,1.4083315507837209
2145,3291,3575,2975,13.262453102668264,4.887665504111755,6.898866660738836,5.749892461810215,0.9067930654323586,1.4114850238698118
2146,3027,3497,3028,20.621365905083398,6.386337299035056,8.307253905727382,7.085022786765001,0.9347083971868757,1.3007853354351588
2147,3455,2004,2005,10.263169659146046,4.762672925827338,5.0,4.871424022336634,0.998374884797008,1.0498306471741254
2148,3156,2810,3454,23.242560753513885,6.712307123247844,9.49217609381626,7.711118687120173,0.8791446109665708,1.4141450800039284
2149,3771,2980,2490,32.145446345424034,7.933794851179742,9.41790677583208,8.680098676761025,0.9805244423592849,1.1870620494342192
2150,3433,3546,3212,11.202316862807706,4.096887422636439,5.855324821848372,5.258897285812171,0.9131472715957137,1.4292130141277688
2151,1959,1960,2846,11.182633760803222,4.508134498434251,7.136972567838459,5.548369022090891,0.8048601470363287,1.5831321293358143
2152,3251,3455,3559,12.26883949494264,4.128935828668919,6.499000848008389,5.585598620169692,0.8776740879877515,1.5740135273798939
2153,3365,1151,1152,12.910267844334058,5.0,6.150332926397688,5.524849528069197,0.9696066079769962,1.2300665852795376
2154,3434,3213,2873,24.07872345876174,5.6727149460945965,9.985603750493457,8.05258895704285,0.817225139911313,1.7602865374661716
2155,3519,3368,3096,16.19021460062162,5.205786069659851,7.093036828006015,6.257735929244187,0.9399983216886364,1.3625294495571691
2156,2067,2532,3009,19.54057443398628,6.0925060192072165,7.217336853915825,6.76759385329589,0.9802425174357756,1.1846253136496656
2157,2533,2718,2847,19.608063810909353,6.102112253661733,7.978770695610274,6.884227223869836,0.9428362577895963,1.3075424318558548
2158,3080,1809,3398,20.181477269292305,6.166264167262239,8.445730269154101,7.070029651174682,0.9145345175117611,1.3696672799057072
2159,854,2890,3134,26.138035820647946,7.502062662567554,8.337862387754235,7.798852458740725,0.9900824180759495,1.1114093233794227
2160,2846,1958,1959,17.207793134984808,5.778296970329774,7.136972567838459,6.383605480646435,0.9676313356080556,1.2351342626530224
2161,3254,3666,3731,24.024248642991836,6.932322798603359,8.1338147401405,7.498583226565789,0.9824673258049914,1.17331736799377
2162,1980,1978,1979,12.480211508364116,4.998536784271919,5.79525894168885,5.398207431535261,0.9854810583505123,1.1593910761893054
2163,1962,1963,2847,14.492744875987498,4.995617861598932,6.436781311297205,5.880253589138255,0.9568919037243491,1.2884855266405433
2164,3010,1964,2534,11.306627377796044,4.887146972999216,5.3318893265552525,5.119614738575257,0.9949668739182742,1.0910024511260197
2165,1704,3329,2859,27.030271081655997,7.343858327765165,9.128950258369715,8.028910569289062,0.9591757436308606,1.2430727624272917
2166,1956,2533,1955,19.73895715987864,4.653154310540446,9.037515236093865,7.4377628692732785,0.7696813361570654,1.9422341562199756
2167,2534,1965,1934,9.708263640812783,4.40903123149921,5.06004881147633,4.757337010589719,0.9875062326119647,1.1476554702824715
2168,3419,3539,3186,14.632564730476172,4.996462746479727,6.874031901665333,5.964096857296679,0.9345347971563813,1.3757796766339252
2169,1935,1941,2717,21.538173958755397,6.006794772938617,8.942985256851934,7.383895639990982,0.88861056841842,1.4888115201040715
2170,3746,3670,3290,30.80023722309334,8.273272771541334,8.714519882822485,8.440780882473584,0.9978288067894326,1.0533340460862073
2171,3659,3398,3153,24.96519120470592,6.238703180152976,8.699615815912916,7.808911005961477,0.9266359121091177,1.394459002888417
2172,687,2577,3033,12.371153635742138,4.99693083374763,5.7458368120842,5.37138361221815,0.9870347216106505,1.1498731928164194
2173,965,2491,2979,19.80801133981726,5.4753031345245535,8.131234937209289,7.018039974692382,0.9054615578936764,1.4850748419640445
2174,903,2702,2977,19.197940099205766,5.60544844889334,7.409717899167628,6.8024780116702175,0.9435104696486144,1.3218778063386698
2175,185,186,3035,9.137390398361873,4.14231060730451,4.948958685145037,4.631558773489506,0.9780922325262169,1.1947338464716024
2176,2163,3135,2792,15.201192312223306,5.490758607249272,6.288003924302245,5.952808182628338,0.9875033514807623,1.145197662851249
2177,2781,3612,3625,18.908547211769644,6.027370330801212,8.282065360141134,6.871446826778818,0.9055020129156707,1.3740760739087037
2178,1953,1951,1952,12.518436323604167,4.920658195443879,5.784277712471744,5.412087419483217,0.9825975977499152,1.1755089426507017
2179,1954,2535,1953,9.937164504649061,4.356124376437779,5.710310410729758,4.9070266535827125,0.9398970655428673,1.310869460389321
2180,2977,2978,2976,13.225613682496473,4.835227755646266,7.224825787700546,5.8439353341527704,0.8683833851363661,1.494205889115329
2181,2305,3134,2890,39.38973767616212,8.337862387754235,10.471018443780418,9.667330974954888,0.9641011044366233,1.2558396813023844
2182,2535,1950,1953,13.22698698662937,4.634488431562402,7.4544873434910075,5.933095395261056,0.8357013189069094,1.6084811632549298
2183,3212,2872,130,12.652630071662834,4.919249654380997,6.074514680739341,5.469308869618701,0.9695625642791802,1.234845780866089
2184,2533,2717,1955,27.5198735217029,7.24499926715366,9.037515236093865,8.078180141001575,0.9658658185599357,1.2474142374405555
2185,2812,3228,3553,27.32946112165294,6.959089639295229,8.606664901516618,8.046782180222714,0.9659068986222875,1.23675155050715
2186,1935,2533,2534,26.512945075837408,6.675344566214723,10.443875122857571,8.35448622757688,0.847477406528116,1.5645447241354624
2187,3744,3677,3734,22.251089703734134,6.60536524428561,8.127409626760944,7.259279203464291,0.9676216309295284,1.2304254687190954
2188,2809,1482,3249,12.779298266173292,4.953780113189619,6.104537066489565,5.495923720063871,0.9699104250799349,1.2322987550933102
2189,3269,3464,1391,9.817260790556492,4.389423181466964,5.478497730898876,4.835377036167855,0.9607595213246527,1.2481133635121364
2190,3198,3543,2859,18.334003100243255,5.724018689658179,8.059370904719035,6.747793983241729,0.910880538226179,1.4079917173017331
2191,3008,3315,3316,11.56810385945383,4.717042996805029,6.3165990559356695,5.331162556074401,0.9238753513031562,1.3391014371109315
2192,3079,3448,3556,17.04458339354231,5.48182440630669,7.592865167818179,6.464744715896104,0.9251770006466052,1.385098209107682
2193,1168,836,2536,12.427364170311451,4.554705895338216,7.189028539868378,5.73403678303984,0.8422830358247053,1.578373819312113
2194,850,2763,849,8.87675382910199,3.9893603671610607,5.184443120763404,4.606137091120477,0.9554752323732282,1.2995675104810842
2195,836,3011,2536,11.623155814495586,4.780371946307338,5.458375913912923,5.2062028189824785,0.9869940612378482,1.1418307979422644
2196,840,841,2329,12.021118067720266,3.615753641791116,6.976723873263352,5.803216393362397,0.7695719037974188,1.9295351853140443
2197,836,1168,835,13.659103751239204,4.627001089677039,7.189028539868378,5.914479172519079,0.874406714029562,1.5537123075045929
2198,687,3033,755,17.458705071063587,5.37138319082262,7.752733044667547,6.575047929181142,0.912678501693531,1.4433401545273532
2199,838,3011,837,11.919434494586186,5.000000000000114,5.8214129905501,5.289942223993891,0.9787252347460573,1.1642825981099936
2200,1880,2913,3241,14.851796820426364,5.360153964827574,6.813785403981988,5.962831536131932,0.9543774610753418,1.2711921054307205
2201,2764,2784,2283,19.979444937835495,6.460448821202073,7.511213159417206,6.84533569745378,0.9800016502420955,1.162645718168482
2202,2848,839,840,15.21353889110359,5.00000000000014,6.60217786138334,6.052777092648941,0.944704617935753,1.320435572276631
2203,2366,1611,1612,12.022941203530593,4.837061533899918,6.573490676300647,5.470184070066854,0.9092811877254615,1.3589842986762088
2204,1076,2950,3274,15.62098105398258,5.574327576096287,6.625434448055926,6.054809384014817,0.9790005573467355,1.1885620924875266
2205,1167,1168,2536,9.022415463662622,4.46134392158828,4.686471256569487,4.567507024498661,0.9983578173006262,1.0504617754062455
2206,2938,2940,2672,20.26467923315074,6.161163311391977,7.5460338125194895,6.910560806323139,0.9733223906951606,1.2247741913555334
2207,2272,2274,2276,4.9003462069226735,3.1309527299116064,4.1400804518176955,3.4765092221917357,0.9195913605118132,1.322306917081619
2208,1332,2537,1333,16.027517634514954,4.573842084983397,7.897010020512305,6.513733126327694,0.8331937077957474,1.7265593944398214
2209,1324,1322,1323,10.89296269691582,4.388601322427125,6.24644446528894,5.211681929238702,0.9062268426980161,1.4233337700026782
2210,1322,1324,2849,16.2147482290326,5.516278116603136,6.793827212757692,6.18551659821659,0.9717620107097974,1.2315962083763203
2211,1323,1322,2538,9.791953521906995,4.388601322427125,5.0675420258113055,4.780358723422585,0.9860218714673167,1.154705486669427
2212,875,2721,874,14.367280530830868,4.711523147528471,6.649509764934837,5.932972335461058,0.9228510813183689,1.4113291088091073
2213,2784,2790,2791,16.651601695405837,5.227946666629425,7.213967567459414,6.3577453372831165,0.9352923829432048,1.3798854555091362
2214,1324,1325,2849,12.551300647672756,4.99999999999996,5.707355592576533,5.407877903059877,0.9881223631986593,1.1414711185153157
2215,2719,1321,1320,13.298901978864887,4.99999999999996,6.532852755704499,5.662605120018004,0.9456324899897922,1.3065705511409103
2216,1925,1926,2363,11.52974694851614,4.761295873492893,5.986350530444255,5.249215467979048,0.9565793279511143,1.2572943773083902
2217,2538,2851,1323,11.207195019903134,4.666166113869515,6.111578016287083,5.2208923173953075,0.9356365204273275,1.3097643476774834
2218,844,845,846,8.305682228917872,3.5362529622367456,6.305973726566453,4.862442764648375,0.7694376341967583,1.7832360393634872
2219,3193,3673,3353,22.533521805188855,6.058583113677353,8.1506606831013,7.377267804585885,0.940991929783844,1.345308058034402
2220,2850,844,846,14.410637190368044,4.910343724869446,6.4216426776174425,5.87932004301778,0.9498217374173961,1.3077786479780857
2221,2850,846,847,11.416907427000947,4.910343724869446,5.573747939280765,5.161363888050032,0.9865363969514754,1.135103416702047
2222,3091,1101,2692,37.99937311814335,7.864203003987558,10.963095100011618,9.619300908781026,0.9314313890068652,1.3940503690523707
2223,215,216,3356,10.230414679588762,4.689590973302526,5.0,4.865819056057067,0.9971718667630839,1.0661910662282934
2224,843,844,2850,11.375066275125372,4.69474629751651,6.4216426776174425,5.328693414905572,0.9059309275165353,1.3678359320533355
2225,2106,2636,2105,9.609796756771576,3.9318574018468393,5.719414132895957,4.877763061757122,0.912139660485112,1.4546341711704707
2226,2298,2242,2630,6.967405259020933,3.6259285396714658,4.3853516824340035,4.04723657360179,0.9763847840916902,1.2094423909499736
2227,3134,2791,2790,22.554292893501852,6.63132177776051,8.087481909340402,7.295263349917067,0.9720881432371914,1.2195882179120643
2228,2636,2106,2107,8.81287637335377,3.9318574018468393,5.275200924554239,4.611771290967943,0.9435835067108791,1.3416562162392807
2229,2272,2276,2283,10.588576729938334,4.1400804518176955,5.969353959916248,5.111292228447932,0.9162159979869231,1.4418449180849644
2230,3015,1317,2540,16.36667335312852,5.3934819179381295,7.275802291601471,6.297791147014828,0.938934969044362,1.3489991071265022
2231,2538,2719,3104,16.49736283924885,5.522024797146248,7.250007529414307,6.304201587245356,0.94646565540293,1.3129255654847967
2232,3105,865,866,12.657912423405696,5.0000000000001705,6.34751862517325,5.514835466051224,0.950128915529512,1.2695037250346066
2233,2642,212,213,11.123843837172519,4.661437978461728,6.12497807588594,5.2098325395256575,0.9319037201598726,1.3139675147854653
2234,1346,2902,1345,14.104051858823027,5.00000000000002,6.537405938004315,5.809576758760081,0.9538325568072079,1.3074811876008576
2235,3319,863,864,11.485993314413724,5.000000000000114,5.283298545623261,5.154269226646421,0.9979525800409416,1.0566597091246281
2236,3134,853,854,18.37231813949345,4.999999999999886,8.136366032699764,6.879476231755735,0.8630726110487,1.6272732065399897
2237,2387,2053,2054,8.04927443831122,3.2219665782926614,5.845968625070234,4.689311734454299,0.8017521737201202,1.814410076273369
2238,2763,848,849,9.34693700342494,3.9893603671610607,6.6744657125670805,5.137188618916328,0.780168090020745,1.673066631811158
2239,1366,2431,1365,14.313079082435658,5.0,7.600233386074302,6.108488402861911,0.8582512788371226,1.5200466772148604
2240,873,2851,2538,11.970719761528139,4.579013209759241,6.111578016287083,5.369023172049089,0.9461377142192061,1.3346932485937124
2241,1791,1792,2399,12.850412861416425,5.000000000000003,6.0861365763463455,5.504402047965733,0.9730707283290729,1.2172273152692685
2242,877,2541,876,15.301003157311271,5.000000000000081,6.643618835160049,6.074507921757248,0.9428604511687789,1.3287237670319882
2243,2713,2521,886,14.530905173317278,5.558524575874047,5.932526606928758,5.800285601918893,0.996586685669221,1.0672844072108651
2244,821,822,2362,8.186289353461316,4.047528053586521,5.00000000000008,4.413923344251489,0.9617141948584658,1.2353218887685218
2245,626,2341,625,11.339147076170317,4.847271400968164,5.418867000091764,5.133272156015566,0.9917326735706053,1.1179211048528113
2246,1742,2424,1741,12.610682306710011,4.631712510426709,6.845666098273738,5.648043175636503,0.8896969383553645,1.4779989221833336
2247,874,2851,873,10.70805830764336,4.579013209759241,5.456807454483768,5.011940221414309,0.9794504757889149,1.1916994349030674
2248,888,889,2853,13.256545958767944,4.891622841677261,6.2638243628849,5.617212291328567,0.9606108141210338,1.280520711759767
2249,2400,1792,1793,17.988227193421704,5.0,8.439664227581805,6.886344484142939,0.8400972404715404,1.687932845516361
2250,2853,893,2542,15.119054780777986,5.251277152190299,6.369291329178924,5.969905441396161,0.9726150618662744,1.2129032889689138
2251,2713,888,2542,15.152825952018663,5.4778504893990325,6.180635354000399,5.9414690662052365,0.988290705705028,1.1282957367970203
2252,890,2853,889,13.03015981420577,5.000000000000081,5.870794106032335,5.522327925151985,0.9821874116947589,1.174158821206448
2253,1352,2361,1351,13.513130500184682,5.00000000000002,6.440349315224228,5.6831464699456475,0.9559089543979196,1.2880698630448404
2254,2721,875,2541,23.04568180497551,6.649509764934837,8.309448073573826,7.397363748646984,0.9642715368685,1.2496331861022925
2255,971,2493,970,17.388413500424107,4.665117884062613,8.332299607766908,6.837151745436095,0.8159119399884452,1.786085542711031
2256,2307,1598,2364,4.93381418914915,3.099335574824879,3.541560069002429,3.3937125446065224,0.9856012644454263,1.1426836441234787
2257,1006,1007,2543,11.042780897064661,4.570378605938381,5.417711639499189,5.088446479409509,0.9797323271592264,1.1853966829924882
2258,2997,416,3302,15.807649247889517,5.160272305843077,6.7320203492247765,6.153831356374869,0.9514842098819282,1.3045862602254494
2259,3155,2810,1552,14.475997211945081,5.233372883999415,6.9215216983408165,5.930107506711436,0.936844297689242,1.3225737687262398
2260,2544,977,978,16.937747887448758,4.619530329537135,8.475492434369993,6.812482952792453,0.7978240979037423,1.8347086889283866
2261,980,2722,979,13.84610416753293,5.000000000000114,7.907364588026275,6.161031645914398,0.8087381451485717,1.5814729176052191
2262,1603,1604,2425,9.7062711455348,4.414020381846099,5.0,4.753359548590001,0.9893944349575173,1.132754171359042
2263,395,2885,394,12.019481751312071,5.0,5.540719347479109,5.282415687835951,0.9930192783350861,1.1081438694958217
2264,977,3018,976,14.885478043913562,4.893482471889259,8.789152847091776,6.645594525898023,0.7350139093407335,1.7960936608195288
2265,3295,3492,2985,15.560412813961292,5.613409837410006,6.36798744202917,6.018341376931406,0.9894917961753691,1.134424107000055
2266,934,2480,2965,17.111584167405354,5.841923034776693,6.853169652916496,6.327792544567817,0.9827250174292343,1.1731016673995702
2267,2494,3781,3925,32.132174140131376,8.00893977794429,10.906815646107882,8.98795760267552,0.8981106891283273,1.3618301483729485
2268,1763,1764,2547,20.244606720420983,4.99999999999996,8.48939477304793,7.316728703647699,0.8316320573303077,1.6978789546095996
2269,2490,2491,966,28.121260997034046,7.5520752026180284,8.944210045175742,8.127978227373086,0.9778269235713648,1.1843380534763626
2270,978,979,2544,17.33732360873145,5.000000000000114,7.402076938287149,6.5815010109191645,0.8983899553823804,1.4804153876573962
2271,1089,2948,1088,11.977500169663584,5.0,5.499950219965506,5.271322132079125,0.9939432775593147,1.0999900439931012
2272,2707,454,455,12.12441461556485,4.631992957806356,5.7756828545066865,5.361073988128024,0.9652368555588883,1.246910974847847
2273,759,760,2634,12.567432078123648,4.69278159125054,6.057532448544626,5.473740757018153,0.9581252165379157,1.2908191721171502
2274,2336,2567,2566,13.221175068574919,4.820122858861068,6.97058904164988,5.767028532415904,0.8963866704420647,1.4461434377830236
2275,2326,2105,2636,17.436981690549327,5.719414132895957,7.882465048142206,6.580727940589891,0.9114183888709367,1.3781944907268
2276,55,2751,54,17.371948954809344,5.4077186493479825,7.083448700520257,6.452824077356271,0.9508435645997071,1.3098774473731765
2277,2722,981,982,12.964686703593799,5.00000000000008,7.144330633096656,5.776972353769016,0.8725482605672159,1.4288661266193083
2278,892,890,891,11.07442682734124,4.48464565838698,6.173971243291505,5.219538967226176,0.9218540140812009,1.376690983767073
2279,981,2722,980,11.18628329565966,4.619631601380105,5.575730349716804,5.12731612643574,0.976936977909969,1.2069642843492254
2280,2720,869,2539,20.15187856838105,6.469791666108408,7.756819554728402,6.9081533125296515,0.9678874870483481,1.1989287994174538
2281,2566,750,751,8.521515459115923,3.934073424496826,4.87494560249095,4.487422657980761,0.9695217889342818,1.239159791003256
2282,211,3639,2342,30.04923908947397,6.710674075560872,10.281312623616783,8.700109073926392,0.890829595301309,1.5320834401807064
2283,2751,56,2602,21.881007790077053,6.3857516875756435,8.146010109330492,7.22189786947883,0.9592970371308336,1.2756540667216474
2284,2750,2602,2749,29.43638762362183,7.520520680585828,8.936141116410264,8.305957821517664,0.9804635592696966,1.1882343651389524
2285,3019,2545,986,14.073157744156862,5.553272715607174,5.830572271635409,5.7043519492728265,0.9983967459832325,1.0499344387047478
2286,2852,999,1001,19.701226821681747,6.161822179985166,7.205670928899059,6.78821038853162,0.9830350082821742,1.1694058540515049
2287,3293,1003,2983,31.29818941421968,7.9967212286371225,9.070651496006855,8.535719476020494,0.9894502919144472,1.1342963242889939
2288,1001,999,1000,10.049430209381036,4.137561404149324,7.205670928899059,5.447744111016128,0.7403623413993227,1.74152604035626
2289,381,2621,380,12.66324789332998,5.0,6.658847617155763,5.589756771910075,0.9190929597172722,1.3317695234311526
2290,997,998,2546,15.52796693372516,4.645926268501956,7.124468559885406,6.267272642000351,0.8833776964323216,1.533487220446707
2291,985,986,2545,11.956082201951057,4.972841673743525,5.830572271635409,5.298488396200035,0.9785060124488172,1.1724829894385498
2292,3092,2473,2785,33.864914802911265,8.2954457804897,10.2169501398553,8.985439157981022,0.9596021360837967,1.2316336469686586
2293,3119,2602,2750,18.231288907947494,6.084893291694347,7.520520680585828,6.597534300951739,0.9578707749124203,1.2359330427126896
2294,2545,983,984,9.908216175007981,4.245145421640198,6.474209261933869,5.131196866895426,0.8393474234383822,1.5250853902273216
2295,2852,998,999,15.306699166778332,5.000000000000041,7.48556908737282,6.215797089119342,0.8911455554552243,1.4971138174745517
2296,2852,1002,3195,15.135662003106235,5.045872023643307,7.275360139201268,6.130706180171923,0.9098946000211694,1.4418439677247676
2297,990,2727,989,12.269370687270838,4.627460413626253,6.4128013045465995,5.480194552541423,0.9269778727940556,1.3858144060321167
2298,3322,987,988,12.631542277317664,4.975680658562343,7.368077028094647,5.811360941394156,0.8338041856014838,1.4808179088855664
2299,924,925,2693,8.60039439071818,3.992083182667287,7.39340040988704,5.380841310633656,0.6391313887379972,1.8520156198116047
2300,985,2545,984,9.289934445970957,4.245145421640198,5.092051243221172,4.670672861214812,0.9780918006910188,1.1994998374528603
2301,751,2336,2566,11.645556353748319,4.820122858861068,6.385811031305656,5.360293164219224,0.9191763304378928,1.3248232914989515
2302,3039,274,275,13.748639581245873,5.000000000000041,6.393756063879554,5.720506039040381,0.9607268110736328,1.2787512127759004
2303,2746,2781,120,20.271900431896036,5.974395019989296,7.675389542967631,6.948041103821929,0.9595823819585592,1.284714103651851
2304,892,2853,890,17.192010286130255,5.870794106032335,7.046113711800833,6.363626353708224,0.9744573835534297,1.2001977218994682
2305,473,2908,2381,15.701367248567202,5.52028167791564,6.3457024117458465,6.055454838100759,0.9850232218156115,1.1495251115776162
2306,856,857,3023,15.642641815249227,4.99999999999992,6.899725987490122,6.165765718586745,0.9331913865857958,1.3799451974980463
2307,2820,1166,3173,16.678947737700273,6.033799359576,6.404443766812619,6.211904866932717,0.9976073358955974,1.0614280298612158
2308,477,2344,476,11.339147076170889,4.847271400968164,5.418867000092015,5.1332721560157095,0.9917326735705986,1.117921104852863
2309,1777,1778,2845,16.082449812596813,4.844957798845414,7.186488875809907,6.330833003215979,0.90165519477121,1.4832923575768804
2310,2325,943,2371,8.776558701672734,4.174283323943705,5.231394731504818,4.580941838773604,0.9560209624427248,1.2532438087030457
2311,1774,1775,2548,14.44783615769328,4.6207304121682995,6.759683546812871,5.987546593469382,0.9069257299235007,1.4629036848831998
2312,1772,1773,1774,11.872888472640701,4.729076960098559,7.10400528404186,5.621014690536729,0.8382397150709706,1.5021970130707716
2313,2547,2854,3020,28.01578686760398,7.3778197189091665,8.742490240140837,8.101156125443895,0.9811533931253463,1.184969350461906
2314,2653,3078,1070,17.416886665825707,6.1799645005535035,6.655844683751582,6.353370017815398,0.9953278797453851,1.077003708217977
2315,1766,1767,2854,14.927465689893948,4.782710055235134,6.80808895136435,6.055285155000763,0.9196551406920401,1.42347933969199
2316,655,656,2608,12.508199415348713,5.0,6.661952627051428,5.567077344378974,0.9143601075400339,1.3323905254102857
2317,2064,2065,3007,16.358106232203784,4.9999999999999964,7.228987683251328,6.350013944309686,0.9155571789969246,1.4457975366502664
2318,3020,2548,1775,19.521808289767872,6.320103808964921,7.138091202036432,6.739292852604741,0.990201840248983,1.1294262590926456
2319,1768,2854,1767,16.515264991949163,5.000000000000101,7.408758490061693,6.405615813808716,0.9063792292844186,1.4817516980123087
2320,3500,3584,3219,14.299225311180642,5.1782438022009165,6.9044510212246895,5.900523208495849,0.9340973154169023,1.3333576565649692
2321,358,2647,2646,11.459925042818593,4.7199341573595435,6.326367034027279,5.315864002817718,0.9197591349926614,1.3403506962407326
2322,3323,2548,3020,17.9372114477448,5.6704758690303665,7.138091202036432,6.52087513552479,0.9654197962941022,1.2588169612045317
2323,2384,1598,1599,6.663571453738687,3.3349791009718235,4.922249536253475,4.093304307666676,0.8958710382374144,1.4759461415572637
2324,2692,1101,1102,18.179126856468553,4.627972549491727,8.943136101142656,7.14510388487398,0.7715387367150068,1.932409063689206
2325,201,2587,3073,18.328313240187303,6.319342199142393,6.882514803609167,6.521606535423641,0.9936762853916633,1.0891188650209833
2326,1177,1178,2458,13.294932387004422,5.0,6.262464673804644,5.6144529476658604,0.965869497727253,1.2524929347609288
2327,857,858,2553,15.392553492843707,5.00000000000006,7.796956579060919,6.319258930597592,0.8617717788044836,1.559391315812165
2328,3023,3022,3495,30.835089394462997,7.005868949032648,9.61658463155845,8.655441025636257,0.9334246033932413,1.3726469480829044
2329,823,2362,822,7.32027532889471,3.5418914602529967,5.010003910910557,4.248712450110474,0.9181624406846661,1.4144995596654149
2330,858,859,2553,12.399079941227182,4.699323828764635,6.160820212731798,5.450534867291988,0.9524128804786711,1.3110014200386277
2331,462,463,2909,11.044532780333837,4.782506329825072,5.395406248621441,5.069511573773823,0.9900224156484008,1.1281545441924772
2332,1774,2548,1771,18.99484259705996,5.902071125294588,7.868340905937074,6.784212617552879,0.9395249309142567,1.3331491164543265
2333,1805,1806,2912,17.007522213737193,5.000000000000003,7.449697502739357,6.510181086618412,0.9019813607389927,1.4899395005478706
2334,1600,2384,1599,8.178673255570404,3.3349791009718235,5.716719709492086,4.657542682893824,0.8330601007899634,1.7141695754034008
2335,2938,1411,2430,14.507213343920833,5.171533046464087,7.0757539322783245,5.974407992801083,0.9218692422673502,1.3682120695557003
2336,2672,1367,1368,15.191376686992648,4.622383677959902,7.099549060622439,6.191656672547577,0.8864252373294529,1.5359064835907
2337,1327,1326,2701,15.57623116589058,4.620658395981613,7.358808144345349,6.308525036183056,0.872035984458189,1.592588655925092
2338,2656,2404,2402,17.432888483756887,5.7126649975400765,6.856170997145285,6.399496092198746,0.9772212307628717,1.2001703233250351
2339,2549,3021,1590,14.03209174332115,5.575177706946461,5.848909773688868,5.69606555665031,0.9983845709703567,1.0490983572418413
2340,3088,2682,1150,26.508528900644365,7.0907065296740255,9.262370800204343,8.001453919459744,0.9437068533232217,1.306269094827445
2341,3017,2543,3016,14.450846995803392,5.306610465755703,6.389860407816676,5.828802016465466,0.9766336274967906,1.2041321760945778
2342,704,705,2570,10.297426799879723,4.802376657490633,4.99999999999992,4.878908077387334,0.9987250784125663,1.0411511542313197
2343,3324,3494,2726,30.31095679260521,7.598001914607353,10.969430939145022,8.848802001671705,0.8687683204954861,1.4437257403233883
2344,2724,2550,2726,24.24141441600273,5.726973886352762,9.196070879989415,7.884632717989291,0.8675354721706718,1.6057469551072034
2345,1590,1591,2549,11.861034116378377,5.0,5.575177706946461,5.25076913830727,0.9914384844839732,1.1150355413892923
2346,1222,2457,1217,12.01976429919485,4.868467567410905,7.069346932101497,5.6264307309326975,0.8489184271125038,1.452068198918092
2347,2749,2876,46,20.656574443737675,5.819742821097516,8.138991033783274,7.097245622434549,0.9299962120336028,1.3985138663306744
2348,1575,2549,1574,11.26615879754853,4.773611955894447,6.180972299431761,5.2464276662001295,0.9304895415782338,1.2948208519126714
2349,2007,2008,3456,8.206485996684954,3.666800869146818,5.0,4.456142250398989,0.9389848363503224,1.3635864554497577
2350,2007,3252,2006,8.547183685837972,3.9993972608603956,5.0,4.499543954400122,0.9669869158658602,1.2501883843677843
2351,2549,1591,1574,9.409161639250103,4.189331227363637,5.177129707975348,4.713357630411144,0.9709273233465887,1.235789062024904
2352,2981,2491,958,17.810102225283448,5.933156038720018,7.903655341836953,6.630832441683474,0.9184954934011504,1.3321165481334685
2353,3700,3161,3404,16.992263133451964,5.761561120750243,6.751214188211963,6.30345101742548,0.983478941421523,1.171768214676659
2354,464,465,2758,12.559702764898173,4.728259037680426,6.860653140713036,5.638538762458924,0.8897470974969797,1.450989272381048
2355,2551,2725,3494,22.934494654875103,6.095562860054647,8.212798976026887,7.44643320978025,0.9396395040147133,1.347340543372439
2356,3017,3294,2543,20.116470821450303,6.389860407816676,7.427440809620015,6.8578467011329565,0.9839530127590717,1.1623791969749564
2357,2550,2724,1583,16.248276020535183,5.726973886352762,6.400225419170703,6.146638743418542,0.9908446611747829,1.1175579889446123
2358,1325,3097,1326,18.304537877442385,4.99999999999992,7.900426109041235,6.8330119407770225,0.8736663033312434,1.5800852218082724
2359,706,2570,705,11.507403662013523,4.788889773159339,6.425458404873093,5.349565250901294,0.9102045252287491,1.34174280662845
2360,2047,2531,3008,10.703974600246436,4.376412794125577,5.876418578909169,5.0903629038249205,0.9402943124017717,1.3427477834808081
2361,2551,1577,1578,11.707839794750438,4.727276933786762,5.964701328415318,5.280166971452368,0.9607045025466814,1.2617626197831662
2362,2551,1575,1576,12.385219860542174,5.00000000000002,6.533822959001364,5.514289693484945,0.9248333572205808,1.3067645918002675
2363,3036,3332,2579,19.1188951270963,6.084460797117454,7.427953263931109,6.71545644578199,0.9725051368643788,1.2208071531088083
2364,2578,3036,294,18.14704491720051,5.163482259559674,8.108180883287915,6.796533373223215,0.8787806101243429,1.570293161804986
2365,1585,1586,2726,16.040995746918856,4.6208239015623676,7.426882763534597,6.422815470362926,0.8638597114874725,1.607263752471385
2366,3461,3606,3566,16.61111334924799,5.620679743086651,7.230880963542632,6.312944163862782,0.9516475215942805,1.286478022953808
2367,2491,2980,957,27.705950640279234,6.865640595426315,8.904560720408519,8.139108179122752,0.9540334917764044,1.2969744915486068
2368,1581,1582,2724,12.349710455809086,4.732378181872521,5.95724103389433,5.410172969304671,0.9658591652675298,1.258826071152486
2369,2551,1576,1577,10.61919719059873,4.726465533589726,5.148522652155021,4.961344769066066,0.995058668854115,1.0892965611545982
2370,556,557,2877,12.692562783653045,5.0,5.772671497663691,5.442344205839944,0.9861170298761764,1.1545342995327381
2371,3734,3753,3407,15.806674390119866,5.517000528103405,6.379496336532845,6.0788040318774925,0.9836706703127341,1.1563341899345336
2372,1588,3021,3324,13.297792639838086,5.433954956504922,5.7637551425283435,5.548121189492285,0.9969164680723368,1.0606924769644293
2373,1766,2854,1765,14.045097042370509,4.783702971914851,6.575056458402806,5.83602210105164,0.9362847723294484,1.3744700490404616
2374,469,2759,468,11.03661534367357,4.65324894695453,5.425219485630726,5.078162212691418,0.9844684187711199,1.165899256084598
2375,866,867,3105,11.177460813355584,4.872368942817558,5.196987772980251,5.08730613182923,0.9965045301091331,1.0666244354588992
2376,1051,2459,1048,18.093620242992618,5.444528854628143,7.987778870158885,6.718589161118621,0.904104530310556,1.4671203116811184
2377,3105,867,2720,13.938589086630877,5.192561679689881,6.101594316719494,5.710684938506364,0.9826622673221616,1.1750643888516898
2378,2285,2458,1178,17.865379537938125,6.262464673804644,6.774803604438679,6.437068300169776,0.9943465979545628,1.0818110691749057
2379,2982,968,2492,30.28992781797388,7.891801982706449,9.13663509358824,8.41577552340435,0.9838074735379415,1.157737499446848
2380,865,3013,864,14.13226020996664,5.000000000000114,6.357442494461552,5.79490425547525,0.9623186512595556,1.2714884988922817
2381,708,2865,3205,23.2430941919219,6.791006162027209,7.989858673075354,7.376172824353456,0.9822454815591393,1.1765353295880785
2382,861,2553,860,12.801802792853294,5.000000000000041,7.893839458940306,6.037581994367012,0.7742796511195557,1.5787678917880483
2383,988,2554,3322,19.202558950953044,5.831790084136276,7.368077028094647,6.7512069714051295,0.9636768618858097,1.263433169197465
2384,861,3022,2553,31.406165942455612,7.893839458940306,9.322531606914369,8.577733339869672,0.9811940971017841,1.1809882447452074
2385,1368,1369,2673,17.24529154126745,4.622247730034021,7.949911395222988,6.755710660142454,0.8309905515060131,1.7199232623484841
2386,3217,659,660,9.80761893171225,4.375203490112549,5.000000000000041,4.784119060082054,0.9859929656420297,1.1428039887286294
2387,859,860,2553,11.289257461121046,4.700028126372889,5.491460560379528,5.136798403637703,0.9840329055830268,1.1683888718805187
2388,3318,862,863,14.077366890053753,4.867522375272449,6.342913134827242,5.807375554207752,0.9514237778955215,1.303109188989031
2389,1097,1098,2946,17.513814190345528,4.999999999999943,7.542641343405983,6.628959488982826,0.8933220014929878,1.5085282686812138
2390,3107,2555,995,13.661273271218727,5.354264712125263,6.1703158562275675,5.654903442848127,0.9824792053731302,1.1524114305096413
2391,2640,3652,2740,35.98344454828327,8.275658197294371,10.322942811012387,9.236098186347045,0.9661459621942563,1.2473863183942702
2392,2723,997,2546,18.86225980364144,5.823935848426804,7.176098345247969,6.677152430429488,0.9690486715989024,1.2321733157803274
2393,3107,3376,2555,13.370850748579898,5.296547263606893,6.151487110492344,5.600766362074833,0.9796284070849004,1.161414560153145
2394,3092,925,2473,26.280439082446918,6.4299096144624395,9.242793457557626,8.038874875206043,0.9192389947348555,1.4374686444687066
2395,988,989,2554,14.624063896834164,4.627236184458446,7.053753801984466,6.058855905833608,0.8937819652421674,1.5243989113147054
2396,1875,1876,3152,12.582160670390861,4.9999999999999805,6.000772585814969,5.441112352398022,0.9757418501755374,1.2001545171629986
2397,3716,3073,3355,23.869849840686577,7.030826861258659,8.155901134096064,7.475591609597103,0.9822155643068656,1.1600201932203453
2398,54,2751,2601,21.13948580101624,6.817062456930562,7.309365535233341,6.9979109581214916,0.9959173703588274,1.0722163074510604
2399,993,994,2555,11.90049639971544,4.631603465243429,5.977321915587922,5.328249195695052,0.9578235138178709,1.290551309161732
2400,2919,2408,2917,15.196592731873825,5.299891426926379,6.655235046998007,6.001178264302838,0.9662351354067714,1.2557304500967195
2401,2347,2752,2603,25.807108903315118,7.24304879483961,8.541667493477398,7.782574293305557,0.9790603776450254,1.179291723060461
2402,3880,3776,3877,37.00216594583764,8.876399391753296,9.895674159427825,9.277319820773533,0.9905800828685645,1.1148297550267394
2403,993,2555,992,11.021583402268416,4.71415804512531,5.375822206253805,5.066773013973282,0.9886255504935507,1.1403568049256836
2404,3320,1319,3014,21.870507862354785,6.58960738660071,7.952815873290029,7.179451938850491,0.9737171853845966,1.206872489772496
2405,1296,1297,2286,12.161431569951603,4.998536784271919,5.497071294333994,5.313213157225882,0.9931192042449497,1.0997360890952592
2406,1295,1296,2286,11.144774384883391,4.685795423364052,5.497071294333994,5.105533550169471,0.9832364845879502,1.1731351451932372
2407,3602,2926,3252,11.997645095621808,4.4837838412761455,6.76286169200024,5.536526900927488,0.8786536900726873,1.5082934261334593
2408,1294,1291,1293,17.116852313853666,4.782506329825359,7.949394244774778,6.670536548037451,0.8527940698127665,1.6621816463053303
2409,1293,1291,1292,15.883268300088167,4.919070666522353,7.949394244774778,6.444171391738364,0.8518932707968829,1.6160357888078034
2410,1874,1875,2807,19.619333928688814,5.0,8.355449984539119,7.162524964738576,0.8445539327623429,1.6710899969078237
2411,2648,43,2876,23.47110908566279,6.549047806192735,8.181943700942044,7.45232732086584,0.9679900720000696,1.2493333295269664
2412,1297,1290,2286,8.358179512549007,3.2359869762144267,5.444031393071733,4.688046107936661,0.8380460031964543,1.6823403286500107
2413,1338,1336,1337,5.800045349665293,3.5819300214259417,3.8249236959359707,3.6652509822356225,0.9961188171163494,1.0678387553795077
2414,3034,3207,3445,20.63410028383314,6.508682048896003,7.213963894757489,6.922105011096136,0.9926380394306917,1.1083601627123751
2415,3036,2578,3332,21.653919971597137,6.084460797117454,8.108180883287915,7.214336327407132,0.9478839275508198,1.3326046717449818
2416,3253,2014,2015,8.59436056867467,3.938958703845042,5.0,4.517580960204275,0.9634492601796082,1.2693710129835114
2417,3131,3388,3525,22.02631858436338,6.563320495563935,7.89358800286462,7.1960211806797325,0.976725006789576,1.2026820887689085
2418,3172,2819,1511,17.530672276361514,6.1619939314654415,6.634243378854269,6.37204178586632,0.9961592651644982,1.0766390640174677
2419,43,44,2876,13.71592518402814,5.000000000000201,6.549047806192735,5.7390457643143025,0.9501031306786301,1.3098095612384943
2420,736,2335,3651,22.98775507829988,6.603443428567818,7.844497758389488,7.341637650433323,0.9797709651600802,1.1879404803337332
2421,1186,1184,1185,5.8000453496652336,3.5819300214259417,3.824923695935918,3.6652509822356016,0.9961188171163509,1.0678387553794928
2422,2788,2787,3427,42.61203777916735,8.521845241722428,11.204636486778591,10.103911014974342,0.9516835216643305,1.3148134199763901
2423,2661,3082,2411,18.07989064493388,5.439277078039903,7.304650839027506,6.605309915381135,0.9421187323551783,1.342945162422174
2424,3155,2662,3454,13.819358465513995,5.326777911654502,5.954682015773427,5.666803398561882,0.991756000707789,1.1178769069281316
2425,825,826,2287,7.996884032179442,3.640542792045694,4.998536784271919,4.402800591024187,0.9371830444179294,1.3730196483868662
2426,3210,194,195,8.623020613912331,3.902637654094896,5.0,4.530043440652414,0.9604340265814126,1.2811847891524548
2427,3081,3516,3692,30.94960643580601,8.226449154779134,8.692714546017612,8.460720299630614,0.997975844658394,1.0566788151808613
2428,3244,2918,2659,19.849657810452484,6.295767026345526,7.0725252662515725,6.79722433546872,0.9894757883032815,1.123377856368508
2429,3244,2919,2918,19.320578524439654,6.219925409973694,7.0725252662515725,6.707729225073709,0.988843968219758,1.1370755756830666
2430,826,821,2287,5.663763352074117,3.2459869762143048,4.130047599204612,3.6721924558215364,0.9606443065283742,1.2723549507340786
2431,3037,3639,277,23.09890073688897,5.521663416844469,9.452839043588483,7.805356628399544,0.8374133810104388,1.7119549545072794
2432,2753,2611,563,13.076017081633804,5.144406903381379,5.892426398948283,5.520723747363014,0.9877700792832855,1.1454044187436334
2433,1480,2809,3154,18.880504541514213,6.5326214863492025,6.719586907414097,6.604777312508644,0.999377455282762,1.028620274640982
2434,824,825,2287,8.092398231456125,3.8222311955572996,4.7287703845279,4.373441258946715,0.9691674307745414,1.2371753937920604
2435,3365,3517,3589,22.558690300604045,5.6313869518259505,8.501628113774391,7.5385900978003475,0.8882839303276538,1.5096863679413433
2436,3044,195,196,9.704416910096388,4.399124733154961,5.124318827719217,4.761915948554364,0.9845320852765624,1.1648496322685904
2437,3361,2664,2414,26.671369674343683,7.388569594337969,9.099028813424768,7.980211022951335,0.9577758803330904,1.2315007251738637
2438,3446,2337,2907,19.25466974056406,6.415447276957325,7.005449955739026,6.681988913446671,0.9945903508319128,1.0919659461470197
2439,2391,3135,2164,18.5344565118437,5.5519441671263925,7.3715201119636875,6.675967493446798,0.9467255720987242,1.3277367152953705
2440,3360,2664,3082,14.984558968348455,5.167490644437625,7.71416557474127,6.22725657935613,0.8661977006930965,1.4928262295055976
2441,3440,3229,1507,11.03529737557288,4.941024299006268,5.136055153787973,5.05020765340357,0.9989698062673047,1.0394717457311289
2442,2305,2791,3134,24.439228841431163,6.832168391909986,10.193112093330017,8.064088949296762,0.8384510143070253,1.4919292834467819
2443,2695,2951,3275,24.36563703129125,6.8120174116443435,8.957487398439453,7.6876776745412,0.9386905415746858,1.3149536851047503
2444,3435,3547,2874,42.26537584629084,9.338634602585078,10.252231384426207,9.903485467981435,0.9935487493188825,1.0978298028266607
2445,3809,3622,3714,66.32080510698057,11.849029665215722,12.734794000802992,12.393717963049362,0.9961341392116398,1.0747541664266012
2446,1557,3156,3250,16.114582603937663,5.41794824421593,8.130610173625499,6.499485948103003,0.8531495576230005,1.50068066491878
2447,1700,3201,3330,18.22267402692565,5.799872933315062,8.561458545128263,6.881722544790223,0.8622264914257552,1.4761458817399895
2448,1720,2728,3109,15.631692422600834,5.133210826616415,6.888787660588103,6.135378205025487,0.9453319881658719,1.342003649035566
2449,1718,1719,2556,12.936607990635615,4.632276549647396,6.372942378521555,5.601780596639229,0.9364108815535005,1.375768978863461
2450,2557,1721,1641,11.622710742476528,4.761978939266387,5.630162669452833,5.217045453724105,0.9816206467514179,1.1823157433619802
2451,955,956,3292,15.442066873173484,5.000000000000114,6.85936169870792,6.1190667778198495,0.9362317590631465,1.3718723397415529
2452,1642,2557,1641,12.199505938940485,4.9999999999999325,5.630162669452833,5.326526026237725,0.9906895543993294,1.1260325338905819
2453,3515,3357,3736,28.371399271506178,7.605852932818505,8.847418775633363,8.146496895339965,0.983278643588559,1.163238213226241
2454,3529,3394,3145,11.100629775546789,4.034023368760496,5.87961226629689,5.2524601652992144,0.9048725926762149,1.4575057526509754
2455,3478,3423,3195,15.938428876791138,5.3028746377575775,7.289481444426118,6.239412929208709,0.9296300698840663,1.3746282803903158
2456,1643,3108,2728,9.480839985203502,4.3902043632865695,5.28601156219021,4.733064159830245,0.9706243334864811,1.2040468107578086
2457,2557,1642,2728,11.761789872603305,4.879390507444787,5.459095832150339,5.229300582951845,0.9910204819542785,1.118806913244812
2458,3034,3445,2906,19.54312058896799,6.224128635825001,7.043669089634912,6.74735578014199,0.9883587387340229,1.1316715160886583
2459,1721,1722,1641,7.399066286872011,3.0307777395426863,5.258994752453095,4.429924163998625,0.8289140850640441,1.7351964427608024
2460,3624,3566,3608,20.24489634065965,6.089409274420953,7.821424520625157,6.948660415725229,0.9583804337994437,1.2844307498725156
2461,3265,3607,2670,22.60410441300527,6.207566071654227,8.627965762149152,7.429322386500725,0.9293316866887994,1.3899112248756014
2462,2556,3024,1718,15.359472755592302,5.158265184392371,6.619102921311809,6.0501034947419114,0.9583817273551031,1.2832033027963685
2463,3657,2790,3123,19.71602612217387,5.913998012241794,7.366956313516656,6.835091422166765,0.9657689366073757,1.245681229223832
2464,755,3033,2334,16.11999794717373,5.231457330956006,6.796628437171737,6.209704440060335,0.9534451157086309,1.2991845306572936
2465,2978,2837,899,26.00823678203044,7.1723581461045605,8.194610570870692,7.786233591394648,0.9875492257822901,1.1425266842428017
2466,1712,1713,2558,14.68706404130808,4.620749368915203,7.276734459949117,6.115173351860295,0.8781112034126842,1.5747953154311527
2467,3430,2575,726,22.801640421545468,6.6842397312396455,7.86176124782122,7.304103317456717,0.9827404076592469,1.1761638666366614
2468,2737,713,3032,12.110636602863837,5.153062867616371,5.437456508257025,5.2923460276045065,0.9980691819478351,1.055189243358136
2469,2729,2558,1714,23.824092407624477,7.12098756651027,7.907397282804388,7.44132323145667,0.9915727987147009,1.1104354850993663
2470,3632,3813,3859,36.19761774235505,8.827890383659852,9.423974334672312,9.152865531185741,0.9971277103183516,1.067522808406841
2471,2488,902,2977,12.741397487591335,4.985944483342555,6.075962662471359,5.482742150786869,0.9723050367371059,1.2186181941596872
2472,1645,3025,1644,14.641111293655605,5.000000000000055,6.64000114354914,5.929335407745017,0.9490026156200864,1.3280002287098134
2473,3077,945,3367,16.66418299613063,5.489470550257589,7.936320744163994,6.502963689722281,0.8872554025251472,1.4457351891234007
2474,1647,1648,3196,12.701023604889233,5.000000000000055,5.719867510840336,5.442246040167404,0.9870043841390582,1.1439735021680546
2475,3528,3143,2798,18.077080487364842,5.975610584657127,7.151295840129716,6.51741773580486,0.9774271691701804,1.1967473011864693
2476,1649,1650,3110,16.382723272327596,4.9999999999999325,7.4897789725716635,6.3950653043646595,0.9013498384054527,1.497955794514353
2477,3602,3363,3560,19.80112674086701,6.234727850509249,7.279304687214947,6.802609905313773,0.9842283996198173,1.1675416893490191
2478,3541,3194,2721,20.60510205658443,6.5076629966856885,7.625924917349913,6.952309256601591,0.9797445669486798,1.171837712130107
2479,1650,1651,3377,13.206984747015106,5.000000000000055,6.0813879987907296,5.575223575832467,0.9750585783264953,1.2162775997581325
2480,3230,3681,2894,23.459015392333054,6.373015378794411,8.256297682243755,7.482959743723529,0.9564604314901826,1.2955088276917992
2481,1648,3424,3196,10.297188910818413,4.553889143434492,5.719867510840336,4.972272061553668,0.951051348988197,1.256040129805724
2482,3377,2729,3110,19.955617780304948,5.756198610101763,7.622047292675234,6.926677512089153,0.9468599062193671,1.3241459874749673
2483,2797,1824,3393,13.049210727095879,4.757976739083427,6.724337697339152,5.6786040278070695,0.9160170721818711,1.4132767069043142
2484,3542,3110,2856,19.071425443703326,5.791694605784287,7.897625086343413,6.809720822454402,0.9348318408874834,1.363612141851521
2485,2448,3366,3089,13.003807685573788,4.70542307397019,6.275859874803618,5.591224885292164,0.9475573897433682,1.333750393141243
2486,2857,1653,1654,17.43662359724729,4.9999999999999325,7.963247468642447,6.677744607196729,0.8728771864494413,1.5926494937285107
2487,3097,1325,3422,16.73100748156662,5.216278654645611,7.900426109041235,6.520025028661618,0.8838865974449325,1.5145713318066563
2488,3111,1651,1652,18.207735541831255,5.000000000000049,7.720751117643903,6.800301235139958,0.8784924210890388,1.5441502235287656
2489,2130,3166,3460,9.44580858954711,4.375779151236433,5.012250892993279,4.692329895047904,0.9877149592052465,1.145453351222491
2490,2858,1654,1655,12.77903757488841,5.000000000000061,6.021752001471722,5.482209902772489,0.9762376557825613,1.2043504002943295
2491,3587,3059,3503,20.76345039117381,6.423551937182251,7.774619788021817,6.998994819501551,0.9724385407132552,1.210330338113873
2492,2097,2098,2842,17.716026882511933,4.865465873291955,7.679832073394889,6.7404557895209605,0.8669649556321225,1.578437147314476
2493,3197,1711,2730,24.518972872926916,6.600457764284265,8.930667310909145,7.713489446265306,0.9373566490581119,1.3530375664599925
2494,2857,2858,1710,15.058598636142612,4.7233058875523914,7.33903219681642,6.177017198896838,0.8840299625802873,1.553791427346979
2495,2948,3273,3468,9.482800884088697,4.5668699075202515,4.783579596031136,4.682225871161461,0.998560324998204,1.047452564425807
2496,384,2881,383,14.246084214559279,4.920658195443907,6.591226991317811,5.8557203422021855,0.9460931784596736,1.3395010849200424
2497,3396,3151,3658,30.76163941032473,8.233976253141938,8.641072940641129,8.433512309752437,0.9984424819893224,1.049441081074754
2498,1708,1656,1657,14.651061544418974,4.999999999999939,7.452681506376022,6.108820765594639,0.8823210384751169,1.4905363012752226
2499,3328,3329,3026,15.787737501131723,4.94811746187284,6.90597429794376,6.213295223292602,0.9252035006231994,1.3956771138027673
2500,1657,3112,1708,15.602376280393893,4.905279611906973,7.452681506376022,6.267036614932766,0.8924856835398283,1.519318386720614
2501,3518,3367,3095,14.919511761880297,4.913812218001654,6.81659654589417,6.022955939200336,0.9330052060758012,1.38723179549306
2502,1604,1605,2671,12.409746668262889,4.652883869860835,6.056363260067817,5.444716763861422,0.9556382810382696,1.301636453748191
2503,2858,1655,1709,12.631457152245712,4.688876077438229,7.57293927133893,5.89556435187428,0.8046144684629043,1.615086248019677
2504,957,958,2491,19.653117663661106,4.999999999999879,8.904560720408519,7.269405354081783,0.8165125617153268,1.7809121440817468
2505,3446,3236,3445,18.719105982205672,6.050048072163677,6.961242387487027,6.609659826227483,0.9859126503116725,1.1506094339176844
2506,3327,3025,1645,13.913814837126079,5.128229791337769,6.64000114354914,5.782826777608431,0.9494737836009842,1.29479399592525
2507,3472,3920,3684,37.89229681414323,8.672461847325556,11.979572981101418,9.801211563737553,0.8889760625360237,1.381334757303743
2508,3433,3212,131,7.799717603482548,4.096887422636439,4.3766460352945815,4.248797548913605,0.9970696812626075,1.068285648053788
2509,1935,1936,1941,14.14052549282357,4.6201504218550955,7.201906890182394,5.999578615951029,0.879708858571138,1.5588035523940071
2510,131,3212,130,9.56070552580968,4.272859188809797,5.0,4.730702947730265,0.9819463692934686,1.1701766379511205
2511,3722,3647,2311,25.444152547516207,6.607253625497204,8.417037808666898,7.789707505204618,0.9573349924249659,1.273908689714254
2512,1543,1544,2426,13.18887980801852,5.0,6.427572367876704,5.622582907400492,0.9527264811949879,1.2855144735753408
2513,1949,2535,1943,13.64532635497047,4.974337354784663,6.644543969378393,5.746823340483971,0.9407076217701337,1.3357646447093519
2514,2717,1941,1942,11.80522363540601,4.633206801683355,6.006794772938617,5.313014343259083,0.9551660761989608,1.2964659317076468
2515,1937,1938,1939,8.880889119392254,3.9588012246110904,5.31832217054543,4.632472769780523,0.9421905120177645,1.343417329842798
2516,3250,1556,1557,11.473361995823351,4.747014211190488,5.94989942646758,5.232304545886004,0.9584536698726398,1.2533982755816153
2517,2564,1197,2569,19.35437690202711,6.626695345136929,6.732908231108246,6.686020578145779,0.9998253017185861,1.016028032139619
2518,1216,1217,2457,9.718899415777354,4.652695741158434,4.868467567410905,4.740355332369042,0.9984559435025546,1.0463756579532424
2519,2624,370,2643,11.920833146975909,4.912315396458944,5.975408519086645,5.315506515518332,0.9667811967395182,1.216413857179047
2520,1937,1940,1936,12.487500000000011,5.0,5.918096565702096,5.4121395787491755,0.9797020501566586,1.1836193131404191
2521,1483,3249,1482,9.538361347567099,4.236026384530316,5.00000000000002,4.729935499239986,0.9792520596183474,1.18035147709648
2522,968,969,2492,20.25308286346878,4.66619294777042,9.13663509358824,7.557189183772458,0.7629847622059341,1.958049141099891
2523,2559,1944,1945,12.262397636676049,5.0,6.097463017316525,5.397418762984347,0.963924029242394,1.2194926034633051
2524,2559,1946,1947,13.37110951753801,4.995318458892932,5.946485064087237,5.603780371880268,0.97754877454169,1.1904116049900657
2525,2559,1945,1946,11.449527725417036,4.68438698762056,5.8695375926606355,5.21623928397257,0.9632404649061254,1.2530001488288809
2526,3435,2599,3050,38.17637424544887,9.217212213678216,9.506230757599482,9.392090034908025,0.9992908996219394,1.031356394669135
2527,3892,3797,3801,41.47079484638941,8.922598863779697,10.756429367948444,9.87182493233067,0.9771178420813171,1.205526498743878
2528,1948,2559,1947,11.816373092672391,4.683009218377625,5.946485064087237,5.301674911357068,0.9617463305301611,1.269799991157679
2529,1944,1949,1943,13.992773168299308,4.683122589825146,6.644543969378393,5.854136775218495,0.9236914892841458,1.4188276821569348
2530,915,3183,3769,40.76450883771679,9.047272746249838,10.73371577734368,9.783008312822872,0.9785584329165375,1.1864034696857
2531,1932,1933,1931,5.800045349665176,3.581930021425861,3.824923695935931,3.665250982235585,0.9961188171163494,1.0678387553795208
2532,1999,2000,2814,18.87566685011324,5.0,8.147114345583377,6.980805610911506,0.8595540543507322,1.6294228691166754
2533,3500,2879,3218,16.0247981281396,5.3238937872764405,7.072188327672711,6.209400913325468,0.9473036368883949,1.328386442376915
2534,1493,2660,2924,22.74244031805512,7.038308405533627,7.395446522332753,7.251996208665811,0.9982180531395446,1.050742038600971
2535,295,3034,2578,30.91413040823,8.182335961624762,8.79271376821216,8.460866442472293,0.9964179963338102,1.0745970111041732
2536,2478,3538,3418,29.036253060048434,7.6156891235855095,8.647537698661768,8.223032198086075,0.9888505513685071,1.1354898497472359
2537,468,2623,469,14.302586232853116,4.65324894695453,6.734424704868539,5.940971507127624,0.9139779052098137,1.4472521847936164
2538,1705,1706,2560,14.88033719192299,4.68438698762057,7.393062052575854,6.164847636331501,0.8753103349063865,1.5782346915644458
2539,2757,31,32,11.479707732788757,4.729076960098618,6.341747372840258,5.322984526966368,0.9186836325546104,1.3410116659865077
2540,3802,3694,3518,30.621523757607594,7.076252596739225,9.81736129826059,8.628753994227003,0.9332685062397895,1.3873672772484806
2541,1972,1973,1977,11.667011117722563,4.62082390156242,6.244670252002511,5.334435019955869,0.9318278235089349,1.3514192241541658
2542,699,3331,698,9.719864166871304,4.167737985511437,5.230390447816736,4.799376144442724,0.9657832832717352,1.2549710336876894
2543,3171,1508,1509,9.72633596110478,4.475870905781344,4.9999999999999805,4.753890480795003,0.9918855347657853,1.1171010302244497
2544,2560,1706,2731,11.868015172860446,4.854625225042458,6.41709386879808,5.4035760789642024,0.9224114037781591,1.3218515480238657
2545,1658,3113,3112,11.802921907183762,4.9635662774263025,5.650129891495803,5.246612474958423,0.9871407223160188,1.1383206299051367
2546,2731,1706,1707,8.479164189635576,3.896993069785728,4.854625225042458,4.480046757469221,0.9672220629128075,1.24573617096768
2547,2524,2089,2529,24.759083236999377,6.978014649979409,8.872283623950594,7.712168302140165,0.9503434581543657,1.2714624530025562
2548,2735,696,697,9.926602613181633,4.3014994706936145,5.928917788752464,4.960708346273882,0.9134076396667394,1.3783374446856387
2549,2606,665,3054,20.10522788052625,5.8854141065423935,7.756346189208827,6.941218673367229,0.9515945272703182,1.317893023124176
2550,777,2773,2699,18.627630235278765,5.828197788268909,7.37025351539938,6.648530895762391,0.9644544624616302,1.2645853457880831
2551,1199,1200,2569,10.790016683918802,4.324346417979418,6.404342554464445,5.242896324147973,0.8824283846877301,1.4809966490744095
2552,464,463,2645,15.100041267256659,5.000000000000041,6.841991740936279,6.046825168838892,0.9383982497758047,1.3683983481872446
2553,1974,1977,1973,14.249968273369834,4.620920558274654,7.163029792709529,6.009540200995565,0.8841896232227543,1.5501304777643787
2554,2879,3219,654,19.055946880476277,6.418001477203611,6.834655092497062,6.640419325699924,0.9973557759086217,1.064919526237783
2555,2330,1702,1703,12.49931119390357,4.851002453304743,6.4524422067237985,5.515621305500422,0.9345787456366839,1.3301255294826897
2556,3054,665,666,17.697991684900845,5.000000000000041,7.756346189208827,6.689456136119541,0.8845005586895377,1.5512692378417527
2557,3532,1998,3159,17.773304189363497,5.132613640551392,7.690642411628469,6.658718546055753,0.901088555575391,1.498387166894228
2558,3614,3712,3227,26.350318254054333,7.285511185173021,8.119081265752516,7.827949140789973,0.9907085726874014,1.1144147691758295
2559,2686,1101,3091,24.996242387136874,6.467676615417053,10.963095100011618,8.42335137416722,0.774938241033681,1.695059254180829
2560,3113,3026,2560,15.953082621187871,5.367751212104236,7.0804986502893845,6.194558464744424,0.9479931403452819,1.3190810025477555
2561,1977,1975,1976,10.371500224563023,4.148651267259238,6.481145062421627,5.209932109893642,0.8532273348182942,1.5622294198527142
2562,1239,2687,1240,19.49370982692563,4.631992957806316,9.375895979282369,7.479932016221281,0.7484013180462064,2.0241602404600236
2563,3214,2744,2597,27.94972771663078,7.107646677209702,9.680335358613124,8.262565889232098,0.9299712740979991,1.3619606880083974
2564,3658,3397,3149,15.7907538943311,5.056961854936453,6.908340427313921,6.185059518588422,0.9372629754219607,1.366104911503378
2565,3433,131,132,9.47198997950252,4.3766460352945815,4.999999999999773,4.697737586713468,0.9882959558090391,1.142427319842244
2566,2560,3026,3329,22.626483869696422,6.90597429794376,7.79595348055571,7.260808809596284,0.9883863727832726,1.1288709086098017
2567,1812,3149,3397,13.923850802059231,5.056961854936453,7.037670051678828,5.880873206791577,0.9110842486398895,1.391679481388389
2568,1665,3203,1664,13.127226062062894,5.000000000000049,5.965209704199431,5.5488746655053225,0.9793876812340635,1.1930419408398745
2569,2944,1393,3366,10.334974219612853,4.68055117357473,5.347311405910383,4.915855932804721,0.9838669428906318,1.1424533580788565
2570,2007,3456,3252,6.1992748720222846,3.666800869146818,3.9993972608603956,3.792640562279356,0.9938066144491464,1.0907047869744193
2571,1664,3202,1663,17.08772176495138,4.999999999999939,7.549376835219673,6.538709781965667,0.8973345046314118,1.509875367043953
2572,1663,3202,3425,14.096753786989124,5.203772476067679,7.06675251067739,5.909761476342649,0.9143284396041751,1.3580056666923117
2573,3198,1661,1662,15.999866885637,5.000000000000184,7.095250210507709,6.260613082687423,0.9233445615895369,1.4190500421014896
2574,1665,1666,2861,19.601313557237063,5.000000000000061,8.286237199289172,7.154171083028991,0.8460479857816493,1.657247439857814
2575,1647,3496,1646,13.572965119908934,4.9999999999999325,6.1961990494766805,5.662288998533664,0.970198962692551,1.2392398098953528
2576,3762,3364,3759,25.301824342441336,7.021769150816098,8.396582428620569,7.706248725279571,0.9787400834984564,1.1957930043377578
2577,1814,2805,3395,17.054594085792548,5.7135886753530265,7.962956066627352,6.55428698355584,0.8958823325073785,1.3936873161656747
2578,1668,1669,3028,17.748366789807925,5.000000000000061,7.752359188771409,6.699298422893437,0.884279108716841,1.5504718377542628
2579,3199,3201,1701,24.265067676630526,6.138808729085384,8.526612515219822,7.700423567599263,0.9259806812733415,1.3889685917108212
2580,3147,1821,3394,13.115149043579116,4.833166529173655,6.383151953586639,5.613269411167227,0.9491960708348621,1.3206977071981814
2581,1667,3426,3200,13.727004651445197,4.760700102626915,6.902883857556755,5.836953971051674,0.9100399334433933,1.4499724218603478
2582,3576,3423,3478,32.44452682218016,7.289481444426118,9.63493882413936,8.842542816147471,0.9437091951428672,1.32175915359613
2583,770,2479,2699,15.277387582068412,5.413156924527421,6.618835243150858,6.002003411957851,0.9728374085241336,1.2227310856554736
2584,1696,1697,2561,15.8897457520959,4.686059563187965,7.661091553443284,6.4070295290766515,0.8607133769395723,1.634868582044096
2585,3090,2691,2465,14.920311235538033,5.535988451727423,6.1616497806213415,5.887022896468813,0.9922760177813559,1.1130170943002402
2586,31,2757,2756,22.45224439879029,6.341747372840258,8.06572641167754,7.303252670316495,0.9628352677436702,1.2718460603177841
2587,2733,1696,2561,17.940533480128234,5.943313702597807,6.8739374705987055,6.471028948049384,0.9858550614539536,1.15658331607065
2588,3150,3151,3396,27.584360182745627,6.651943881596188,9.308354582210386,8.2004571348159,0.9296955993544906,1.3993435224196105
2589,1794,1795,2803,16.83932656761437,4.999999999999985,7.298447943149466,6.460397046319488,0.9083852742563973,1.4596895886298977
2590,2602,56,3051,20.769968961628596,5.855313452609301,8.146010109330492,7.111153100822466,0.9319711000792367,1.3912167427518998
2591,1670,1671,3114,14.219385512122049,4.999999999999927,6.330185173453916,5.812112687832342,0.9624688169810107,1.2660370346908016
2592,3114,3380,1670,12.529480015778505,4.7256788190311845,6.330185173453916,5.502729431932483,0.9422090957441104,1.33952928581627
2593,3233,692,693,11.615155925651145,4.852139744367523,5.801688352056254,5.231319292222538,0.9741713491514555,1.1956968796686016
2594,3207,2867,3445,16.00797655157888,5.862375007510117,6.508682048896003,6.101756028954189,0.9907211024704402,1.1102466219847622
2595,2560,2732,1705,21.128215311740085,6.549134409707952,7.393062052575854,7.010879041185276,0.990243003930521,1.1288609440687196
2596,2862,1672,1673,15.037606760487748,5.000000000000049,7.798279004135387,6.271144952320447,0.8539971118227371,1.5596558008270622
2597,3329,3198,2859,26.284879961580756,7.343858327765165,8.059370904719035,7.8114305337636045,0.9930381642934667,1.0974300626482278
2598,1694,2562,1693,12.103564706069669,4.62097896414867,5.956144812353778,5.3706487369716385,0.9587551791924002,1.2889357122297758
2599,1674,2562,2862,23.595581589754183,6.75784394500313,7.845447370369015,7.425757702079681,0.9841399123481862,1.1609394111815912
2600,2562,1695,2862,25.037079373198708,7.3170871477941795,7.849521824710917,7.613530254457331,0.9966515535284468,1.0727659335145743
2601,2916,2403,1797,19.722437961211483,6.16859630474363,8.347163997127861,6.986830132581524,0.9154488333489628,1.353170735246351
2602,3885,3886,3710,26.777614071559096,6.503828663142471,9.022330857612165,8.07630436954542,0.9302075921514236,1.3872337856533912
2603,3204,3379,2862,15.293763506878438,5.25945844174465,6.793226701562872,6.041874021835224,0.9572492875313864,1.2916209485837187
2604,1693,2562,2734,11.755570330094091,4.745617795094362,5.956144812353778,5.286975096123295,0.9625529237659997,1.255083125006561
2605,3409,3842,3536,43.04673643745568,9.52575673705517,10.723397998147131,10.011990002843433,0.9891330717018221,1.1257266266766124
2606,1692,1676,1677,15.72784269179805,5.000000000000073,7.148285346391588,6.213721508772814,0.9214431821933537,1.4296570692782968
2607,3326,3025,3327,19.543701385848195,5.580249397938383,8.181823541220824,6.96532067887843,0.9089030488519322,1.4662110880283576
2608,3517,3365,1152,14.778585779399558,5.424215657809903,6.761462166259921,5.939021591965258,0.958232329021379,1.2465326957501444
2609,3396,3395,2805,23.616665182601263,5.98631620868714,8.68506419764627,7.635335926428298,0.913699184905111,1.4508194847847826
2610,1679,2563,1691,18.828581160287353,5.837951279480369,7.632587245565545,6.718711182648501,0.9519320212532706,1.307408520587194
2611,2400,2803,1893,28.323158202378725,7.4692036338016585,9.474377658614513,8.245357059117822,0.9512926837008078,1.2684588776959433
2612,1679,1691,1678,13.641608025959489,5.000000000000049,6.685595022899587,5.75315073977804,0.9379424597823923,1.3371190045799044
2613,1155,2680,3290,15.85140964905278,5.867691901084035,6.170580934481057,6.054729826372988,0.9980828931545895,1.0516197916494328
2614,1661,3198,3328,14.282479701234026,5.331836635454221,6.686589037554374,5.846223166047525,0.9550233308110565,1.254087380151838
2615,1681,1689,1690,20.420343321491117,5.00000000000014,8.658996555047274,7.366427636109637,0.8262998042392081,1.7317993110094063
2616,1689,1681,1682,18.3932437754564,4.999999999999829,8.658996555047274,7.009694441203426,0.8258917944877061,1.7317993110095142
2617,3128,3524,3387,11.792678452602505,4.746735864543374,6.071788291393241,5.314604992226152,0.9537200974655645,1.2791502339002245
2618,3694,3077,3518,36.3259979052281,7.473501976045591,11.478419472245157,9.589760915517113,0.8862133598456835,1.5358823091284797
2619,2563,1679,1680,11.267984845080338,4.68806265606487,5.837951279480369,5.175337978515096,0.9630800378684313,1.2452801312132435
2620,3248,3249,2922,13.780952466497467,4.849658087014252,6.603153094577176,5.775864739337567,0.939423250678474,1.36157085223352
2621,1719,3109,2556,13.388004935502618,5.428267087589383,5.8001228617487355,5.567987929961908,0.9964056212170948,1.0685035883752891
2622,1649,3110,3424,13.241277234708905,5.071150796120409,6.695416940522381,5.68752012062611,0.930477049032074,1.3202953746996808
2623,3451,3243,1799,11.429287420345046,4.489011522049282,5.980996777684776,5.246159632681455,0.9462728773316847,1.3323638730502494
2624,3606,3565,3460,15.93039244920217,5.682991616547799,6.560224902437457,6.0980177628065775,0.9859166051215669,1.154361178949362
2625,1804,3239,3448,8.560019440145407,4.000337464943769,4.770905843729915,4.48345225863505,0.9776981897453115,1.1926258435791686
2626,3358,1801,1802,12.931307173291938,5.000000000000003,5.749463636190169,5.4966697388267844,0.9844031591929739,1.1498927272380333
2627,1593,1594,1592,5.80004534966505,3.5819300214257943,3.8249236959359605,3.66525098223555,0.9961188171163462,1.0678387553795488
2628,2560,3329,2732,22.2505992215876,6.549134409707952,7.79595348055571,7.222340100449734,0.9801494283975927,1.190379215457781
2629,3534,3164,2815,13.111177528818349,5.2838524500433675,5.952180224900993,5.528567763626671,0.9877170592947265,1.1264849427905845
2630,1630,1631,1629,5.800045349665171,3.5819300214258725,3.824923695935918,3.6652509822355834,0.9961188171163501,1.0678387553795134
2631,3235,3796,3230,21.648726547962372,6.084996347316209,7.75874948340305,7.187510680811662,0.9565176112590446,1.275062307444942
2632,2867,3446,3445,17.761990037185896,5.93421103045645,6.961242387487027,6.446001539276097,0.9830520723863189,1.1730695709605694
2633,2916,3242,2403,17.604504004941656,6.16859630474363,6.817730812528694,6.397920155016577,0.9910804963745248,1.105232126681054
2634,3386,2988,3592,15.590172597352197,5.239580763106947,6.785176893042364,6.098806196734998,0.9573352116234044,1.2949846943515604
2635,1471,1472,1473,5.800045349664677,3.5819300214257477,3.8249236959358734,3.665250982235434,0.9961188171163445,1.0678387553795383
2636,3206,2866,3429,17.66414109715028,5.109917010178998,7.911515024784978,6.683216182842081,0.8861804009540887,1.5482668327147335
2637,3286,2471,3684,27.823324294680887,6.576073910724608,9.648932358343076,8.30214781380298,0.910500248946597,1.4672785752312012
2638,1799,1800,3451,12.193324997160161,5.000000000000003,5.730257623197504,5.3329094071692715,0.9869755003804107,1.1460515246395002
2639,2659,2409,3244,18.976639419864302,5.890178173235855,7.148536774125635,6.687365220390184,0.972990376225259,1.2136367634187342
2640,2140,3164,3163,17.226028348822226,6.002189010311372,7.058526443145215,6.368360137978903,0.9751764488867654,1.1759920307439709
2641,1466,1467,1465,12.480211508364864,4.998536784272146,5.79525894168887,5.398207431535404,0.9854810583505204,1.1593910761892565
2642,3654,2649,3469,39.13175766267419,8.963919803748427,10.354503938443743,9.562359234873929,0.9846497849027237,1.1551312556493218
2643,2916,3452,3242,12.86928459423807,5.074179986838789,6.817730812528694,5.663610021914657,0.9076969993974987,1.343612333463192
2644,2649,3654,2386,30.395358077593166,7.827097307694097,8.963919803748427,8.416673433773957,0.9878743401580176,1.145241901482025
2645,1789,2804,1899,18.254409795194217,6.318684118570983,6.827809430925105,6.505333973735309,0.99492487404256,1.080574578947185
2646,1469,1470,1468,5.800045349665171,3.5819300214258725,3.824923695935918,3.6652509822355834,0.9961188171163501,1.0678387553795134
2647,3475,3790,2970,36.2854933320463,8.60229764581934,9.820350702040738,9.195093405629292,0.9882097084101871,1.1415962463020985
2648,3386,779,780,11.048067586219945,4.914335571389199,5.258696461234604,5.057677344207953,0.996597533223997,1.0700727259754588
2649,3475,3574,3610,24.74964582510002,7.315672421653698,7.830626566489026,7.569015420797641,0.9969064516178531,1.0703905417239723
2650,1810,3153,3398,20.557103561548896,6.238703180152976,8.816508689421177,7.218820704411005,0.8888778912378404,1.4131957291170554
2651,1892,2915,2403,19.576716532263262,5.061216280797703,8.235570978547658,7.116515949901056,0.8568678952169759,1.6271920664195845
2652,3566,2817,3167,15.22764051017105,5.4462827769403175,6.934826382774165,6.044161257638803,0.9518917920972693,1.273313683258676
2653,3328,1660,1661,11.459246984580348,4.97105943377656,5.520243825133981,5.163767752970156,0.9901161499678204,1.1104763277674596
2654,3452,3558,2914,15.204842338032963,5.329789466220673,7.217649417334181,6.10835096099952,0.9250126542385609,1.3542091039577555
2655,1417,1424,1416,11.425080694899158,4.6292454134719785,6.248952811592352,5.292732741688157,0.926016689860898,1.3498858352609084
2656,3534,3163,3164,13.909205111731428,5.349670615935652,6.04436496048012,5.689101082127389,0.9899990050408876,1.1298574051410015
2657,3474,3289,910,7.465195475242193,3.9639342086932197,4.361813707007597,4.161678293746419,0.9938992519461447,1.1003748996241653
2658,1683,1688,1682,15.700623076567947,5.000000000000049,7.696218416721829,6.333541785981236,0.8773951824923323,1.5392436833443506
2659,1685,2288,2299,5.846302115137311,3.420985916027941,3.8879157595411633,3.689761469618695,0.9888879854404782,1.1364898467794244
2660,2299,1687,1684,12.045367213724115,4.997855334778373,5.681096987472043,5.298074927578011,0.9881621518561645,1.1367069686749882
2661,3669,2480,936,22.059330949050885,6.620449718626345,8.31434036770286,7.2665600218106405,0.9546879345193381,1.2558573391639585
2662,2655,1885,3131,21.939354487671313,6.261533455300547,8.181200220625419,7.247059502448686,0.9535411320444507,1.3065809324551043
2663,1687,1683,1684,14.080143620560644,5.000000000000049,7.058783726865213,5.9132935714457675,0.9108209237439012,1.4117567453730289
2664,3034,295,3207,23.05513571580546,6.499097040160357,8.79271376821216,7.501924901043336,0.9308782937703515,1.352913137606453
2665,3684,2963,3286,28.211761011109964,6.722755844541462,9.52470791461959,8.309633643834102,0.9250954633340983,1.416786230955148
2666,3563,2024,2025,9.041527039850243,4.158320046729852,5.000000000000114,4.608017974519023,0.9778466139814465,1.2024086515255525
2667,3242,3452,2914,12.641170399910392,5.0989192663764875,5.777613999443704,5.424772948387076,0.9894336172965011,1.133105604856836
2668,2466,3471,2957,16.952058069021696,6.037301804865322,6.577491798431994,6.269558662562126,0.9946705188793735,1.0894753999429587
2669,2299,1684,1685,8.914351218450863,3.7603827332869795,5.215272460483615,4.658551731256881,0.930974681528444,1.386899374448756
2670,3605,3459,3563,8.635827715846029,3.753980114254021,4.969309962306097,4.564015796972073,0.9425885716492687,1.3237443489477787
2671,1869,2806,3391,17.43734405049566,5.827457221899641,6.98437814397015,6.3990486374890425,0.97811142612691,1.198529286104888
2672,288,2580,3208,15.243084630774476,5.234393431413227,6.786394241337308,6.034172885336996,0.9562276305231456,1.2965006032236783
2673,2580,2581,3690,28.675383938816616,7.413389786736219,8.656872628730545,8.190990535855846,0.9825566760331867,1.1677347175537867
2674,1458,1464,1457,17.659991860134387,5.000000000000121,7.767839264587631,6.683323997760707,0.8842457755777479,1.5535678529174888
2675,3588,3512,3351,10.037528053957473,4.003101807622816,5.884864548631477,4.995734282208967,0.9071646617927204,1.4700761637951243
2676,1459,1460,1463,13.532241635571722,5.0,6.219383911672947,5.656152615182253,0.9692092684848598,1.2438767823345893
2677,3680,3443,3103,21.87840981425954,6.233768480182826,8.059412561222045,7.223840928328523,0.9578155325936004,1.2928636324629232
2678,3562,3261,2934,28.299984949507902,7.168483910104014,9.366540568019163,8.237614120194115,0.9518053534554298,1.3066278289077244
2679,1459,1463,1458,13.277766610897169,4.620640090284638,7.282132728694414,5.883948917617622,0.8562754889017846,1.5760008540820638
2680,3471,2956,3479,13.639818520016458,5.009269080951519,6.660295830442112,5.74689721208912,0.9403886036081524,1.3295943425696304
2681,2661,3360,3082,16.99344026811131,5.8001135188894954,7.304650839027506,6.379496825129627,0.9540449770631604,1.2593979092371408
2682,2854,3323,3020,19.02434629339336,5.6704758690303665,8.183158417281684,6.878572033792719,0.9082763776006553,1.4431166988954982
2683,1462,1460,1461,8.896300992000477,3.9739709932402527,5.297335834934661,4.630710243245769,0.9452376730733274,1.3330081784556203
2684,2584,3513,3042,15.663374670345261,5.636605335573732,6.8549462202201195,6.093888430150216,0.9664433047211147,1.2161479848442107
2685,3263,3565,3265,14.5061204223069,5.649421650625025,6.055929361404912,5.796964406189953,0.9958947369436701,1.0719556329690691
2686,3127,3524,2773,20.039472152274005,6.2050899055584265,7.221045258542493,6.845994033461348,0.9830945903955468,1.1637293525874604
2687,3244,2409,1478,21.128689043158733,5.890178173235855,8.614867979333887,7.255427716672073,0.905640529045876,1.462581899216333
2688,3041,3354,3513,14.934496247581624,5.30108064439319,7.202171352222972,6.065473709704413,0.9206683675761276,1.3586232384222476
2689,3640,463,2627,13.968476052192607,5.12094990827861,6.0502963822886535,5.724734174612144,0.9788677270830798,1.1814793135366637
2690,3691,3514,3043,17.56416628297639,6.074781754541156,6.618394014839545,6.380803267513987,0.9950071539983973,1.0894867144637772
2691,50,2750,49,13.930082887766893,5.000000000000201,8.311669185564359,6.3348905078563815,0.7629638836527018,1.662333837112805
2692,1357,1355,1356,5.800045349665151,3.5819300214258494,3.824923695935918,3.6652509822355768,0.9961188171163498,1.0678387553795203
2693,3248,2922,2411,14.757093119751122,4.971949886855499,6.603153094577176,5.955025891393507,0.9476709333975248,1.328081184413009
2694,2871,240,241,10.495395141731478,4.199074283192757,6.596162978046236,5.265079087079664,0.8441245371794889,1.5708612263536472
2695,3539,2975,3477,24.35424335709914,6.930115528338099,7.896342323342462,7.534816795847966,0.9874485294637394,1.1394243416366354
2696,3120,106,107,14.851374938000692,5.0,6.5105471974390134,5.964624617697878,0.951534798378248,1.3021094394878028
2697,2702,3655,3791,53.450908808324854,10.758379586282704,11.732716097201328,11.13578029501347,0.9939741628988943,1.090565359132795
2698,1259,1244,2243,1.8491058025554816,1.4819739524286506,2.7436940825146126,2.24813311661871,0.7972922538901104,1.8513780745054675
2699,729,2573,3767,21.28796841352908,6.453975951752484,7.82067642876086,7.081923229803775,0.974071687346924,1.2117610116965603
2700,2290,1258,2243,6.7773548956697995,3.5414421532893354,4.486860475771769,4.013151142054029,0.9629193064592482,1.2669585670358379
2701,1245,2290,2243,5.6776785090123605,3.2226404940328237,4.54313577304091,3.76907280678769,0.9028813887615489,1.40975568992358
2702,2639,206,207,17.086111229665967,5.000000000000114,7.359799481906694,6.520375465764381,0.9034563359254346,1.4719598963813052
2703,2290,2301,1257,9.337080113783355,4.49030189725546,5.008164401961614,4.663750156666489,0.9886833719037728,1.115329106272939
2704,1244,1245,2243,4.239961593137025,2.7436940825146126,3.5923468716031217,3.1862271493835195,0.9531799962049068,1.309310281527711
2705,2310,1505,2891,11.413254541733316,4.987518925488072,5.425822217338897,5.145916378974808,0.993888598329958,1.0878800258001895
2706,2807,3151,1874,24.816651732376304,7.118068898248993,8.355449984539119,7.628636770671732,0.9801099657547915,1.1738366267562421
2707,2631,1255,2301,13.438660767111244,4.666568713000034,6.233666037640039,5.698461041377395,0.9403168489226413,1.3358136183175482
2708,3000,3304,3480,16.586048789179955,5.12950491449713,7.181308991279101,6.360668428581687,0.9287126072453558,1.4000004115374005
2709,2571,2787,3031,31.102543210744702,7.650301838830926,9.810882808900642,8.62478489623763,0.955323898271769,1.282417741886101
2710,3031,2787,3115,29.634128008712807,7.639220635255235,8.911977388886319,8.321456021707625,0.9844113768654239,1.1666081940030992
2711,1241,1242,1243,5.800045349665192,3.5819300214258956,3.824923695935918,3.665250982235589,0.9961188171163503,1.0678387553795066
2712,2010,2011,3362,12.587825859250145,5.0,5.708603663196162,5.4161245446042665,0.9879222353595551,1.1417207326392325
2713,3291,953,954,9.175146213744863,4.14688602670635,5.000000000000114,4.643757639529703,0.976650582944573,1.205723998151776
2714,853,3133,852,13.032293162330904,4.946061704717064,6.39474820394152,5.591417378346787,0.9516408484912913,1.292896972523178
2715,1328,3368,1329,11.961148985345892,4.999999999999943,5.409853652866908,5.265527184124686,0.9950280223987789,1.0819707305733939
2716,1251,1254,2331,19.78880857616448,5.400200295068751,8.308036784033467,7.06218423072501,0.8896251877788568,1.538468266004881
2717,1254,1252,1253,10.751459066129012,4.654548625522354,5.9026500871699,5.093285306003535,0.945167859723749,1.2681466157220516
2718,3725,3248,3747,21.523582052165136,6.629232234330769,8.151064088780023,7.164426319572551,0.9592735774528585,1.229563816842643
2719,2631,2301,1246,11.25336996326567,4.666568713000034,5.553496799439334,5.136234468861769,0.9802047236294771,1.1900600078958472
2720,3629,3594,3616,9.326497939240868,3.962020339944439,5.364142480852976,4.745118644168362,0.9423096200100796,1.353890697322417
2721,2690,816,2691,14.538662224903801,5.296632942750304,7.584935560907523,6.123900759656421,0.8703819114499772,1.4320296767570617
2722,3251,2003,2004,10.755108292818816,4.568952021400392,5.521579580737913,5.030177200712768,0.9757790597476671,1.2085002326300505
2723,1414,1415,1413,11.8708928063614,4.8449577988453525,6.042521973981392,5.31991782425293,0.9595199767536048,1.2471774213227291
2724,3454,2923,3250,11.751014494940055,4.578897145370668,5.822726717720185,5.283527792861247,0.9627704712482544,1.2716439205469043
2725,3243,1798,1799,13.629148666842186,5.000000000000003,6.014320838834681,5.665105872173154,0.9740174123577979,1.2028641677669356
2726,708,3205,707,14.121665001976943,4.99999999999992,6.791006162027209,5.857370067073653,0.935897912762719,1.3582012324054635
2727,1997,3532,1996,8.797943154600656,3.727048875741926,5.159245502698948,4.6287647928136435,0.9304707805867719,1.3842709539654001
2728,2806,1869,1870,14.980948022270487,4.918296511629239,6.792767511097129,6.032124856441236,0.9341832804863032,1.3811219992604615
2729,1871,1872,3150,13.945558737464406,5.0,6.727286329879277,5.813868705442425,0.9388574757955911,1.3454572659758555
2730,1666,3200,2861,22.77613756447457,6.2837352958355694,8.286237199289172,7.388766250646339,0.9514413067524689,1.3186801813215658
2731,2803,1795,2915,14.333453150810005,4.877395167157225,7.298447943149466,6.026355899464129,0.8874100426017918,1.496382329710501
2732,2561,3027,3028,26.99405433081303,7.028429331293734,8.598993133470168,7.978225456830427,0.9722816728256627,1.22345871718217
2733,3132,3816,3767,35.92857669815004,8.696334423991777,9.714601553313644,9.13971663210605,0.991132097915726,1.1170915330156386
2734,2569,1197,1198,13.484117775806284,4.621041291764028,6.626695345136929,5.756297819332626,0.9202066608976776,1.4340264297026581
2735,3527,2794,3139,31.635496739585356,7.643421295912216,9.169643703823127,8.626567927172053,0.9753856645325734,1.1996779123933874
2736,3429,2737,3430,26.72551838578312,7.627395228060912,8.198494440328513,7.867609158782147,0.9961618576917503,1.0748747370749254
2737,105,106,2755,17.296887229182754,4.999999999999773,9.063244676355456,7.0115156893265125,0.769456952113717,1.8126489352711737
2738,2760,2643,2353,10.618698188639202,4.2811759158192135,5.672351448004741,5.048278643556352,0.9498381281704433,1.3249517327809508
2739,1250,2863,1249,10.622688551254136,4.370330385492723,5.894100776333172,5.078388164570353,0.9369528053114061,1.3486625166597455
2740,490,3046,489,11.956325067241735,4.853103388853768,6.103558416393376,5.3467596397301955,0.9559909287352742,1.257660908360526
2741,3544,3205,3428,10.273305716840268,4.569173834801418,5.496534853013203,4.9259605365597166,0.9710989445368637,1.2029603275647947
2742,1024,1025,2697,9.574059426293434,4.1020874337288395,7.077494419820817,5.334576491293017,0.7354551429530832,1.7253397286530536
2743,1196,2564,1211,19.289774858164563,5.992597868089668,7.736744764185126,6.796112271662125,0.953842397481594,1.291050214696195
2744,1211,1209,1210,11.010012209800033,4.444149997016504,7.121124936187026,5.521758311067884,0.7990665341028955,1.6023592680192291
2745,2921,2410,1564,17.50576376400436,6.096169758336011,6.595680746039418,6.368204447852233,0.9958426048247363,1.0819384970407635
2746,2484,2972,3710,38.64252624784526,7.696350907916525,11.399691232804075,9.799318750606702,0.9065647750795117,1.481181324655853
2747,257,3047,3339,10.633008357248052,4.684063388188661,5.266166628890477,4.972552541298966,0.990845049738338,1.124273134767913
2748,3262,3564,2934,28.519266214857705,7.388291221659383,9.163099512897153,8.217234658085912,0.967785544972731,1.2402190490319025
2749,1197,2564,1196,13.495027002771135,4.6211449333959855,6.698458158192164,5.770733653225939,0.9154137652427151,1.4495234957432082
2750,2811,3399,3158,26.31627361655012,6.339365978616521,10.447082095249899,8.362980714429666,0.8353526985071185,1.6479695493980346
2751,1790,1791,2804,10.612197525558623,4.259111284056754,6.29770404472371,5.185605109593488,0.88795265510606,1.4786427554260144
2752,3429,3767,3816,34.01140518491317,8.23959667686704,9.46775084762548,8.90518714783508,0.9872662720244548,1.1490551320559812
2753,1360,1358,1359,5.800045349665151,3.5819300214258494,3.824923695935918,3.6652509822355768,0.9961188171163498,1.0678387553795203
2754,2876,2749,2648,29.91216175542641,7.625990455462741,9.556412278753115,8.440464589333043,0.9606608976235321,1.2531371937277407
2755,2978,2977,2702,26.38720882688148,7.224825787700546,9.440909297059955,8.02515099464271,0.9316278917293366,1.3067317572047263
2756,3432,3211,2872,17.954329123137136,5.862394685605637,7.483260605653902,6.555769238173801,0.9544318097580401,1.2764852943163472
2757,2570,706,3030,14.951054657656465,5.268007833301429,6.425458404873093,5.933937094374848,0.9739882612444144,1.2197131454996901
2758,1193,1194,1195,5.800045349665192,3.5819300214258956,3.824923695935918,3.665250982235589,0.9961188171163503,1.0678387553795066
2759,286,287,2868,19.038348688702058,5.0,8.304080979195733,7.03480642415201,0.8520604650198433,1.6608161958391467
2760,829,827,828,12.480211508364151,4.998536784271919,5.7952589416888625,5.398207431535269,0.9854810583505118,1.1593910761893078
2761,213,214,2642,11.346741855488176,4.843081564229303,5.6175358078459325,5.1535391240250785,0.9825074809754918,1.1599093951538417
2762,3248,2809,3249,15.856800302275236,5.42945398051243,7.560650515057227,6.288295843996977,0.9067615665695277,1.3925250204153412
2763,1516,3168,3407,15.37916243697205,5.413097777666171,7.335172204653776,6.161001210315255,0.9185852483814698,1.3550784607878072
2764,3660,1479,3154,15.847417026827111,5.326154913141604,6.740649371814678,6.132496541086826,0.9641055104184677,1.265575162897157
2765,3245,2919,2658,27.03628764534887,7.0587218835265855,8.97040008309075,8.018008445027997,0.9620950825945275,1.2708249781062457
2766,488,489,2870,15.18840045217323,5.000000000000041,6.627251885662997,6.047365043891635,0.9449072924920133,1.3254503771325887
2767,3074,214,215,11.844604719703412,4.999999999999886,5.393584204501197,5.238273614435514,0.9958197223357526,1.0787168409002639
2768,1154,1155,3290,15.150639489732779,5.000000000000041,7.319953528913704,6.1486233908225385,0.9040392581311859,1.4639907057827288
2769,3044,3337,3499,23.805521595439885,6.970959983072271,7.8110070195190975,7.438766732536543,0.9913278898883572,1.1205066502299152
2770,748,2567,2335,24.92264438110747,6.603197821003127,8.491214095170589,7.705485753122896,0.9589738841845484,1.2859245361636984
2771,750,2565,749,6.810866140538062,3.886357192223015,4.009212700357789,3.9672031355544273,0.9991774326056947,1.031611996030787
2772,649,650,3220,12.132105696794895,5.0,5.459634898298406,5.305963300528792,0.9935405911853976,1.091926979659681
2773,2698,947,948,13.65717508085836,4.666304126742202,6.414046198590715,5.760170043828822,0.9335347120349397,1.3745452555979685
2774,2642,3357,2343,22.47702398922464,6.55641160342308,8.240838654557622,7.311748434974372,0.9621651005317418,1.2569129507145507
2775,2567,2336,695,20.405776515942822,5.855828743276881,9.18662717202072,7.337681652315827,0.845172591237242,1.568800519067084
2776,2476,2695,3275,21.190585787483414,6.368378573600707,8.272551266819633,7.150982417354894,0.9447713876033398,1.2990043181654476
2777,695,2568,3651,21.494712974908424,6.373404769773049,8.301744272146836,7.197485520293707,0.946192665262056,1.3025603381601094
2778,2750,47,48,13.00131046013064,5.0,6.793140273845235,5.6772081773380405,0.913653687962456,1.358628054769047
2779,56,2751,55,12.493336804384539,4.620640090284744,7.133931811530353,5.720763517054359,0.8528837794840477,1.5439271772172865
2780,747,2335,2899,15.84016208731499,5.437241056715947,7.191280149639235,6.193962874245334,0.9402263445712492,1.3225972647941997
2781,2333,746,740,18.095715892075,5.699601218168881,8.026267074201362,6.708227961197973,0.9094642948367964,1.4082155517504737
2782,752,753,2900,11.083880881458905,4.801036494992618,5.44319026119453,5.081408918729076,0.9885824916014331,1.1337531524435744
2783,750,2566,2565,5.769933210670467,3.243707248946615,3.934073424496826,3.6880459552221523,0.9725788684928971,1.2128324545238802
2784,667,668,2603,11.571341310708915,4.620485953270533,6.823806697209065,5.484341214749892,0.8620223072592474,1.4768590936585249
2785,2369,2318,2688,12.139062865260621,4.888738614958944,5.68801522221852,5.324895357897152,0.9849040183433656,1.1634934223756384
2786,3222,99,2883,14.576664867661517,5.475558195774972,6.201904999894051,5.825100651776583,0.989514033665898,1.1326525585427145
2787,3690,3499,2868,28.72183715395287,7.5165377885344355,8.833751425927959,8.197372886316622,0.9828582896670827,1.175242069480815
2788,758,685,2255,3.4966238051737353,2.0798860418761804,3.5594353173325164,3.04102965918927,0.8315667241197094,1.7113607407652465
2789,3538,2478,2968,20.570594096680374,6.188104320958266,7.6156891235855095,6.965832763700644,0.972070855229812,1.2306982443382877
2790,755,2334,754,13.55688377619243,4.846113227005417,6.796628437171737,5.774710206501806,0.9212188075412693,1.4024906391573546
2791,2336,751,2900,14.71365242210867,5.073897356353645,6.385811031305656,5.912332765187087,0.9623495733474083,1.2585613351656009
2792,2864,2334,2738,18.52088854912436,6.05549007103747,7.305971866060491,6.605425088166686,0.9742289916536844,1.2065038139528779
2793,2597,127,3211,15.539514223978347,5.239897058895532,6.990721585812074,6.119487261427597,0.9454126027002162,1.3341333822473187
2794,2577,690,2738,15.863561587555282,5.914827454513761,6.27031096857241,6.058618702707086,0.9974162678574122,1.060100403062032
2795,755,686,687,17.225660753905057,4.6799840908451085,7.752733044667547,6.709912745410826,0.8448978300115958,1.6565725212257214
2796,3747,3661,3725,25.14072956558323,6.712982635606862,8.871664073293644,7.77556177211013,0.9481266573715124,1.321568154554244
2797,685,686,2255,8.124002167305536,3.5594353173325164,5.199453750875091,4.48246430921344,0.912439900287879,1.4607524192268857
2798,3453,3247,2920,15.857674728914688,5.642805143840151,6.865302399860963,6.126730280362822,0.9683592944777123,1.2166470797516948
2799,2900,3233,694,15.47973676344521,5.586116315931764,6.663839412852529,6.0347658803278295,0.9759929589746505,1.1929288679233314
2800,746,2899,740,18.27177756963344,5.4892338142748685,8.026267074201362,6.74945550374418,0.9049674750154433,1.4621834933190285
2801,2567,3651,2335,27.209268468274992,7.537532157004654,8.491214095170589,7.957748003521577,0.989814132570352,1.1265244271335777
2802,740,741,2333,10.815767891433756,4.6312171433175475,6.398815591223674,5.235980617076206,0.8891496294253798,1.3816703888429462
2803,959,960,2489,11.377101203001162,4.558737673566099,6.565053249817575,5.374596974461198,0.8868258755121673,1.4401033180490126
2804,742,743,741,8.844469914151839,3.8297832813187265,5.7917057579893365,4.75081150844722,0.8796890978382075,1.512280286521866
2805,693,694,3233,11.666722796431324,4.853312104177287,5.854341912199196,5.249261265540107,0.971147251456143,1.2062570439597968
2806,3029,736,3651,21.820541012734054,6.466402102607387,7.5769717643426615,7.1460110688300595,0.9822703205019615,1.1717446029666898
2807,737,738,739,9.881759709537777,3.978500876453573,6.734371238684932,5.237624038379462,0.794414720756107,1.6926906510293231
2808,2129,3460,3263,12.119619379486217,5.198635346869382,5.389908323333073,5.292203227031193,0.9991268834760827,1.0367929203918633
2809,695,696,2568,11.511058517194856,4.017344568080889,6.373404769773049,5.417185317925855,0.8753413830815735,1.586472024434206
2810,3279,3470,2955,10.36726006393133,4.537494833930185,5.2559012269052054,4.919342675828172,0.9858025006175019,1.1583266580499372
2811,695,2336,694,10.27694792037324,3.5395438746678294,6.439978055364918,5.2784502244365425,0.8064201322974773,1.819437273106067
2812,1249,2863,1248,9.900628318348542,4.434773842240595,5.0,4.801835724708588,0.988730246003274,1.1274532090849154
2813,757,758,2255,7.550420039553816,3.4837676183591113,4.998536784271919,4.309853068372277,0.9193456774596717,1.434807751794386
2814,1716,3326,2855,25.538203482247066,7.223675929485062,8.734481867266894,7.777627259153749,0.9675960702721972,1.2091464169392119
2815,3025,3326,2556,24.06700815757169,6.764971332741434,8.181823541220824,7.522055559866412,0.9764539007970336,1.2094394992661746
2816,3029,2568,3115,22.672939450450713,6.724209440332019,7.854133157377236,7.280567896656099,0.9838650795843646,1.168038150368711
2817,2569,1208,2564,16.25194622832069,5.542240683852017,6.732908231108246,6.183801303188564,0.9753718048354785,1.2148350487060913
2818,3578,3001,3307,21.271679609591043,6.246283064649623,8.675243495196918,7.262752465194926,0.9129433306388867,1.3888649306167082
2819,3210,3499,2869,15.998225113379554,5.442135454319927,7.142457738894377,6.208426427836666,0.9463593090940526,1.3124365975170182
2820,1302,1303,1301,5.800045349665112,3.581930021425949,3.8249236959358472,3.665250982235561,0.9961188171163526,1.067838755379471
2821,3388,2768,3126,28.37511258730975,7.16730352501379,9.858344137559461,8.349551090837222,0.9232725171262448,1.375460674039264
2822,2128,3263,2935,11.633235784212935,5.096748586221701,5.254217352127391,5.184458225574464,0.9993641425697907,1.0308959257537997
2823,1198,1199,2569,10.149177822364907,4.324346417979418,6.021156821096921,5.023989590888674,0.9097183309192682,1.3923854009620138
2824,1339,1340,1341,12.480211508364892,4.998536784272146,5.7952589416888936,5.398207431535412,0.9854810583505197,1.1593910761892614
2825,3289,3574,2970,14.19159806822951,5.071843270537448,7.212716689655659,5.968345439309509,0.8992619852559484,1.4221095378783952
2826,3246,3245,2920,18.745572727183138,5.552297481126218,8.03443052620613,6.81486354982508,0.9119641043755308,1.4470461198300997
2827,2658,3660,3662,15.21842299292578,5.34498106770707,6.503431079578059,5.984806838309524,0.9749373087903466,1.21673603651658
2828,3497,3200,3426,14.192286076585088,4.760700102626915,6.534184546077289,5.870657015198365,0.9340868837086889,1.3725259741674927
2829,3359,3125,3516,32.476240441827905,8.188768253790807,9.522975924957587,8.721216347279492,0.9817796495490746,1.1629314238498738
2830,1571,2918,2917,10.765028773146721,4.605836262028659,5.689403278272199,5.0547732197810715,0.9649548825478733,1.2352595608264803
2831,2890,855,3325,18.076012157175278,5.593745230547519,8.117202091073167,6.736610394059331,0.8982877211108895,1.4511211641790578
2832,3674,3362,3254,17.04813800692057,5.664917652809678,7.142327159552132,6.365044519478729,0.9630736503570275,1.2607998204545285
2833,3629,3168,3406,12.917541676334503,5.00482436490687,5.794982739166624,5.493488971333517,0.9845474811103772,1.1578793413411734
2834,1201,1202,1206,12.487500000000438,5.000000000000057,6.119894914651882,5.4416758836204915,0.9661563318077242,1.2239789829303624
2835,1566,2920,3247,14.833154978789473,5.306913654652242,7.199988754830782,6.049902517774392,0.9188398650621119,1.3567186548284986
2836,3289,3474,3574,9.083161326126287,3.9639342086932197,5.071843270537448,4.652099647148091,0.9585986392596145,1.2794973386325375
2837,1202,1203,1205,13.001940328453964,4.999999999999943,6.337286878475756,5.57257596000269,0.9571751103614817,1.2674573756951655
2838,195,3044,3210,8.56880389744368,3.902637654094896,5.703887037195432,4.66854980814843,0.8845185611439877,1.46154666221973
2839,1200,1201,1207,12.487500000000153,4.999999999999943,6.119894914651816,5.441675883620431,0.966156331807723,1.223978982930377
2840,2011,3254,3362,15.862542884111205,5.664917652809678,7.22074233192351,6.198087882643116,0.9407658652946875,1.2746420644512237
2841,3667,2952,3792,39.60860217442708,8.863428920254277,10.359055125812564,9.622520508738095,0.9839315062941227,1.168741264697295
2842,2657,3724,3659,26.755077129182524,7.40256171029812,8.38382960599736,7.891262319095283,0.9896799655870053,1.1325578811905266
2843,2816,3608,3165,19.678972143331933,6.017090833302596,8.733754613901164,7.0986347159791245,0.8777908464846018,1.4514912365229284
2844,1422,1423,1418,16.66126485453183,4.783498659547821,7.830027909567941,6.561226569049192,0.8602930710486404,1.6368830571195574
2845,1568,2408,3246,12.382572779193243,4.9214660934798475,6.222807617086541,5.44394882262273,0.9547483148129162,1.2644215156395697
2846,1418,1419,1422,16.8468025604788,4.729897837267278,7.830027909567941,6.611832693003255,0.8543562645125328,1.6554327765548058
2847,3672,3002,3729,26.772084803644734,6.4605402725039385,10.329797747133016,8.361152993706522,0.8538954236152441,1.5989061767940118
2848,3287,2480,3669,24.341775579043137,6.864889979102718,7.957438342815813,7.541821115994362,0.9842900483001426,1.1591501636645163
2849,3324,3021,3494,19.633475660845427,5.446653469443589,7.827133341034695,6.957262908361879,0.915007393660617,1.4370536669802654
2850,1421,1419,1420,8.314755120215302,3.5414750145964025,6.235546903770888,4.835366292821955,0.7806975497238385,1.760720286906079
2851,3698,3527,3391,21.29881284625802,6.635777024897558,8.095802292172136,7.124330062263097,0.9601689815160366,1.22002325602511
2852,1024,3418,3182,20.186365349529588,5.589765988527832,8.622483624920184,7.162762642124494,0.8821813275722682,1.5425482287839163
2853,2839,3421,3188,13.704681397408628,4.879288681649977,6.427833703167584,5.730798214998302,0.9517635248239908,1.3173710601181219
2854,3495,3325,3023,17.001831739169294,5.530382439117982,7.005868949032648,6.352390693546179,0.964010146123957,1.2667964695313159
2855,3245,3246,2408,15.920223543188172,4.9214660934798475,6.990262226541737,6.256530320721492,0.9182754810018557,1.420361756794934
2856,3453,2921,3247,13.815214711552214,4.945294107284767,6.4083852505769,5.741920885083007,0.9571011913324792,1.295855233592052
2857,2411,3082,3248,21.641230455362866,6.289974692747846,8.30962741441356,7.223867978745801,0.9452043974626462,1.321090754783849
2858,1298,1299,1300,5.800045349665192,3.5819300214258956,3.824923695935918,3.665250982235589,0.9961188171163503,1.0678387553795066
2859,3190,883,3421,19.907739400288158,6.002098176433275,8.639822431567826,7.097300790046361,0.8904469489102426,1.4394670292950804
2860,2835,919,3285,18.248137690363645,5.7931171664351195,7.199263916093395,6.56735731388216,0.9694596592121807,1.242727137956985
2861,3527,3392,3140,11.493543059204242,4.0163035333983155,6.293647274574591,5.400602726506086,0.8803260149896235,1.567024808319043
2862,2726,1587,3324,21.731577198121332,5.520897397394761,8.932982799261616,7.477617782639707,0.8655778854557865,1.618030938860949
2863,3223,3548,3704,18.95502552814556,6.352580116136303,7.0930494982568195,6.6410178437805,0.990202525247483,1.1165619903383253
2864,3741,3755,3704,17.536037687563727,6.062789055941335,6.807548000825521,6.3873374485986405,0.9902835472481184,1.1228409792939023
2865,2933,3260,3554,17.9395828537196,5.434450451690451,7.823347368604742,6.658302119121328,0.9148484137357928,1.4395838987125544
2866,2664,3360,1489,10.254366719192916,4.649063454001798,5.167490644437625,4.8809536710760435,0.9921009292835261,1.1115121777891799
2867,3063,2622,3510,26.6634706837349,7.2268608899352165,10.326897749001471,8.310916654008015,0.8659682311878065,1.428960361390607
2868,2897,3443,2532,20.781020598862618,6.449496701062691,7.400821745785251,6.960218785084078,0.9875256217419127,1.1475037648388609
2869,2805,1815,3392,14.605710099587958,5.316468755331079,6.984033375981124,5.962069990024003,0.9348645968869208,1.313660193898045
2870,3258,2019,3458,7.5000839181749255,3.896548756418018,4.641446235689099,4.200772746294849,0.9759087787038229,1.191168525235096
2871,3683,3811,3797,43.578653693690946,9.540973030863205,10.83277626668721,10.078892198398101,0.987781142941461,1.1353953345895929
2872,3526,3390,3147,16.944344045273272,5.685300655140747,8.037485474811858,6.563589178487187,0.8857198691809456,1.4137309462331116
2873,2864,2738,692,18.281853644790587,6.05549007103747,6.927065530075333,6.526947527234898,0.9880631606110288,1.1439314487866938
2874,3676,3733,3124,27.575026760606292,7.620982106920521,8.507841444965264,8.006721044662541,0.9912284914565141,1.1163707414086954
2875,3648,2969,2481,27.22067659228524,6.501560442880472,9.919580410951685,8.292651273018254,0.8887972614744929,1.5257230165127684
2876,1645,1646,3327,11.454372042104266,4.9999999999999325,5.316323255055475,5.148184348797726,0.9974382710882409,1.0632646510111095
2877,696,2735,2568,14.564793733703226,5.622403348976977,5.928917788752464,5.804042584551023,0.9979756342785311,1.0545166222966302
2878,2574,3816,2865,37.8214301316997,8.983472483482442,10.03623790749343,9.382304481230682,0.9898006173496173,1.117189141052824
2879,689,690,2577,10.533245730108547,4.278008611004773,5.990717685035089,5.089575432013287,0.9215357423098923,1.4003519463762963
2880,703,704,702,10.822575806267722,4.65760822525454,5.916746012813891,5.109019006428317,0.9456626253727476,1.2703399956939354
2881,922,2471,3286,19.922762358136193,6.15871516488077,8.165150201571644,6.966646425725674,0.9336108419683828,1.3257879253991636
2882,3326,3024,2556,16.343735735823085,5.158265184392371,7.619371805636976,6.394027601666013,0.900964480330252,1.4771190571379118
2883,3518,3077,3367,18.526802499456352,6.083099774745261,7.473501976045591,6.63168693483201,0.964851345723786,1.228568041424005
2884,702,704,2570,13.130238023493602,4.802376657490633,6.030465569636821,5.583196079980449,0.9632744119198292,1.2557252376759418
2885,2968,2477,3288,20.36914273535117,5.776827990805626,8.006654505764175,7.036542590470866,0.9336483087223219,1.385994964452383
2886,701,2570,3030,15.257567768068306,5.268007833301429,6.989448895927186,6.068912269238193,0.9438321013898465,1.3267726846842862
2887,2142,3531,3162,10.830101246718444,4.65391749467347,5.902013010122314,5.107184478980373,0.9473419008750089,1.2681817021632467
2888,2405,1879,3241,14.651581585191822,5.1236671492533175,7.017473171608563,5.985738287552127,0.9285197184920325,1.3696192526150404
2889,3031,699,700,14.420712746663895,5.0,6.890296028291831,5.929511683218074,0.9314245406560988,1.3780592056583663
2890,2979,963,964,12.658490128675904,4.999999999999886,6.245476573607251,5.494716837806258,0.959003793279557,1.2490953147214785
2891,2778,2736,2572,12.42893388732627,4.975843587721274,5.588440589556403,5.379253147724828,0.9891660154016245,1.1231141998407697
2892,2977,2976,2488,9.88758920710301,4.545365154647687,4.985944483342555,4.788845797878836,0.9942497806523265,1.0969293585234556
2893,3029,2572,735,17.272802493949754,5.622776868845974,6.9692550261538395,6.387967416539365,0.9699606016069218,1.2394685381823125
2894,2317,2453,1388,15.318321123873147,5.600320361099524,6.621739377247098,6.001039507473819,0.9769568165323522,1.1823858190760783
2895,701,2571,700,17.50852491514664,4.64993159072447,8.043935348340431,6.813977653536362,0.8288002870131478,1.729904019316372
2896,730,3132,2573,18.801936679635432,5.627093976794762,7.663336696116403,6.743822393814582,0.9400640036098257,1.361863997245964
2897,833,2527,832,13.413811957396739,5.000000000000114,8.246538491066204,6.2528504460256995,0.7531838939854293,1.6493076982132033
2898,1385,1388,2453,18.807803879555117,5.8403950355938,7.7453047732732605,6.735813062038052,0.9445940597568748,1.3261611117176402
2899,2571,3031,700,23.718748000534106,6.890296028291831,7.748066021544186,7.429554629555647,0.9897159655450344,1.1244895705105145
2900,1880,3241,1879,11.93574425597416,5.00000000000002,5.714555239586234,5.279407462946524,0.9855217239281536,1.1429110479172422
2901,706,707,3544,9.364123003716577,4.517258614384744,4.789900297067445,4.6543199323889155,0.9977131209095349,1.0603555620691056
2902,3531,2142,2813,13.933256457590396,5.096888208609338,6.176666289778686,5.725189169503447,0.9754373320694871,1.2118504540369273
2903,709,2865,708,18.007415160404335,4.992152484280894,7.989858673075354,6.787554319215466,0.871018834777345,1.6004836988119906
2904,2733,3114,3379,14.508216520934822,5.419132518344868,6.092321160793532,5.808743995594257,0.9906167022315124,1.1242244289413081
2905,2941,1126,3284,11.337114715859192,4.685853660395374,5.667955147641683,5.1647066195042255,0.9756551143354998,1.2095885954670302
2906,2865,709,710,15.561562182032915,4.990702764742814,7.380651800290147,6.231403481284114,0.9032673354236397,1.4788802595961643
2907,3450,3241,2913,17.28990919263219,5.360153964827574,7.485092245735976,6.494497252467267,0.9298566693797667,1.3964323216929755
2908,710,2574,2865,22.084432373498853,6.32285587881938,8.983472483482442,7.441466845433495,0.9003782424065457,1.420793492000305
2909,1183,1181,1182,5.800045349664458,3.581930021425764,3.8249236959358313,3.665250982235367,0.9961188171163431,1.0678387553795217
2910,3595,3187,3540,18.0632331688912,5.973671388651407,7.575464850822143,6.586424216275105,0.9506795077944724,1.2681422123777637
2911,2961,3685,3473,22.481306358822877,6.874780115080715,7.420590079270669,7.217437578811514,0.9955430331863967,1.0793930794953934
2912,3675,2554,2727,15.543678420793697,5.886211875607129,6.16894831410118,5.995302768401509,0.9982626195919498,1.0480336835419959
2913,1496,2665,3359,11.997978100529215,4.847370645541903,5.6632534171656586,5.295532443336533,0.9840642721197937,1.1683145010530849
2914,711,712,2574,14.058189896534277,4.633259362405385,6.857145764410769,5.909119959023343,0.9069800368959744,1.4799831453533914
2915,1020,2974,3419,14.765680125179948,4.908046117206015,7.466524244505016,6.137058498250414,0.8797811334696033,1.521282413857076
2916,3030,706,3544,10.965302410036953,4.517258614384744,6.1083450449500205,5.182530532291238,0.927100643058396,1.3522238964797424
2917,1891,2403,3242,19.775060654193567,6.207433347777407,8.383066872075664,7.002337085269669,0.913494840961259,1.3504884228965988
2918,3767,2573,3132,23.942628786135973,6.453975951752484,8.696334423991777,7.604549023953555,0.9424603418681609,1.3474383060926054
2919,3032,3430,2737,16.603199870515397,5.286518706940123,7.627395228060912,6.422710160025482,0.9093271378825108,1.4428011420914286
2920,2401,3742,2913,36.97184522451813,8.078694639884962,10.944794463328114,9.469753327491738,0.9377694069836446,1.3547726397892377
2921,3206,3430,727,15.691389828793753,5.290989644971078,7.230940251382646,6.188241434884415,0.9307915941976468,1.3666517488378438
2922,3450,2405,3241,18.52089785554872,5.8160745417945,7.4912801658786,6.648533418170451,0.9574982225239065,1.288030287790505
2923,712,2737,2574,20.430202143329527,6.347401464151096,7.570959292423972,6.925168840328613,0.9786711002472694,1.192765155187252
2924,2331,2863,1251,14.643007186143306,5.408338696730883,7.478315613072813,6.102473237570613,0.8855595638464254,1.3827380333249368
2925,3684,3920,2963,36.06970531701504,8.751599862785685,9.52470791461959,9.143210105633697,0.9952383321218715,1.0883390538821802
2926,3106,983,3374,19.534579238758067,5.882641775630899,7.845136985981128,6.861674465840949,0.945283727811229,1.3336078049967197
2927,2575,716,2576,17.79696056382146,5.756652202785919,6.975239054393746,6.470623619297594,0.9753655104323622,1.2116832507300155
2928,2575,715,716,15.124497252869444,4.732697078793723,6.974219505895007,6.1289653951339504,0.905977268454401,1.4736247407731
2929,2576,716,717,12.277724123982571,4.733530889592843,5.756652202785919,5.379951266581794,0.9725422272848876,1.2161433688840002
2930,3125,3359,2665,20.269302872255693,5.375973267302039,8.45190486309008,7.175988052604275,0.8797368462378019,1.572162740186339
2931,718,2882,717,11.648837834214358,4.999999999999879,5.4675460915822045,5.198258432723874,0.994124060532382,1.0935092183164674
2932,1820,3147,3390,13.322980852294206,4.839187488983927,6.4839302016384215,5.669472781921033,0.9439832883147712,1.3398799315791414
2933,3032,714,2575,16.52179829237266,5.117656787189875,7.730865873245671,6.4543755362311215,0.8915051583285372,1.5106260921203196
2934,222,2592,2638,9.844439487276006,4.092484606608748,5.459719245800684,4.86498480242246,0.9474619431207739,1.3340842472526486
2935,3231,2933,3442,21.39518710414882,5.930750272182356,8.029483884511318,7.188722289852663,0.941164336666238,1.3538732059201481
2936,3030,2571,701,22.796887162390885,6.91113364976681,8.043935348340431,7.314839298011475,0.9790505170150944,1.1639096790744083
2937,2548,3323,1769,16.037356896619144,4.86697114410761,7.41044233029267,6.343823936635951,0.8944665389976867,1.5225983698844021
2938,3311,3004,2037,15.309158980057198,5.39072710088964,7.360132475558413,6.1582829318615895,0.914388290240895,1.3653320484993128
2939,3561,3257,2930,25.588007195783366,7.091299626534742,9.101591455805064,7.85774076737227,0.9450098138297208,1.2834870806682692
2940,689,2577,688,9.288765754479213,4.278008611004773,5.023168194773033,4.661438936344774,0.9830304226476062,1.174183750320513
2941,2746,2600,2781,25.129503730735507,7.05729329462238,8.265087427483527,7.66592342169118,0.9834696004208628,1.1711412693846066
2942,1942,1943,1954,15.466930354534266,4.632913134084221,7.9649360699906255,6.4270453281166695,0.8270255103073375,1.7192068660629094
2943,2641,3515,3334,17.850580834959146,5.291379292900631,8.27963654845277,6.778668463680131,0.8689979547936676,1.5647407018358033
2944,3288,2477,1029,23.656353966123174,6.618719524367736,8.731681867586007,7.55884888893218,0.9434378710797282,1.3192403508622939
2945,2539,3013,3105,21.67863716228233,5.9486274294762485,8.48290642798062,7.298517713952737,0.921110937673969,1.426027521230642
2946,2337,298,299,14.104520340354165,5.264516487428437,6.236931523499958,5.74889990416417,0.9808940252427748,1.184711176875147
2947,2854,1764,1765,15.14753622234508,5.00000000000002,8.562307539753002,6.570538137530093,0.7709355493898452,1.7124615079505934
2948,1550,3385,3124,15.103107630179972,5.359721643855599,6.783264426288398,5.999110310990527,0.9598647750200598,1.2656001331831763
2949,299,300,2337,9.345686414890437,3.5913559846707446,5.9094513938833435,4.9217746219941745,0.8572074993767325,1.645465227927028
2950,867,868,2720,10.690232746685718,4.397359081143999,5.837898819109715,5.078419300084572,0.9444804263282482,1.3275920186147163
2951,303,176,2247,3.648747709555707,1.9478306907880467,3.973442901071287,3.2397926922892784,0.743335303844643,2.0399323821434012
2952,1487,1488,2661,10.95407118317556,4.454074271470002,6.069439268381371,5.174504513283794,0.9291740826200025,1.3626713203366143
2953,301,302,2247,9.384682625534339,4.161402515850015,5.357439723624401,4.734879220946176,0.9564976348646788,1.2874120451503792
2954,3156,3883,3676,30.37012356447943,7.6953238031033395,8.791531415754237,8.419131497334902,0.9858455497289508,1.1424511353516824
2955,302,303,2247,7.720039444103113,3.7981044850085026,4.998536784271919,4.3193479283768115,0.9428461656945512,1.316060894059561
2956,1100,1101,2686,10.689568937203095,4.554252870851595,6.467676615417053,5.239143907808685,0.875203024910895,1.4201399875733445
2957,181,2906,2904,12.204276256658451,4.936409206443763,5.611927344262833,5.331404888505211,0.9887072871049613,1.1368440316773738
2958,2952,2461,1067,28.484040784902746,6.954036050568025,9.049916456823826,8.255287300878571,0.9532077129530767,1.3013905005690334
2959,2009,3084,3363,20.537764269663022,6.483696195202552,7.385781975940703,6.916984479350102,0.988516348753233,1.139131408008541
2960,2442,3774,3413,50.04804601297089,10.313520680244517,11.17928145441908,10.768297242550275,0.9956832567467987,1.083944251533128
2961,3302,449,2510,20.094315011569442,6.223891369393862,8.041716183705464,6.9597899018715275,0.9461060874013482,1.2920720665612513
2962,561,562,2609,12.057944040605008,4.782506329825522,6.245936181914064,5.396286601208451,0.943804304461044,1.3059964276392146
2963,177,2338,2379,8.477714051609633,3.9349709305306884,4.761114769734563,4.469746873084168,0.972986243515103,1.2099491594191922
2964,2203,2216,2356,5.2499884549326925,2.6567312379170005,4.339968746913041,3.6807231274888372,0.8607081705840787,1.6335746292183382
2965,3332,2578,3035,16.525448569279174,5.547617497986911,7.450367301816026,6.350558070104573,0.931347591517443,1.3429850389864793
2966,2451,1378,1379,12.909576013796064,4.676386206926614,6.0450376727176875,5.556763280738028,0.953519136983696,1.29267288996872
2967,290,291,2580,13.07445414296262,4.8424191775082415,6.14464293996954,5.571662265166229,0.9634918468504661,1.2689200820345714
2968,2357,2247,176,6.551088162695911,3.7441623467024274,3.973442901071287,3.8938303130304637,0.9970975057017534,1.0612368089676432
2969,930,2475,2964,13.079787077675077,5.2416376767017745,5.743425207323932,5.50750515378116,0.9944509611313189,1.0957310599419188
2970,178,179,2338,6.598713582110798,3.7960908254205683,4.108168109438346,3.911482134150997,0.9947678382306486,1.0822101731412612
2971,253,2743,2594,22.084563280402943,6.911387375186637,7.3651472378575,7.148791989403662,0.997308345819699,1.0656539473246658
2972,2379,2357,177,8.488377630638995,4.117045809520046,4.761114769734563,4.450865450262083,0.9860887638741166,1.1564395904279727
2973,2380,2379,2905,11.575327951821908,4.857841053215965,6.091204930383943,5.277350876647188,0.9485608985727887,1.2538913611328375
2974,180,2338,179,8.146872123332802,4.106318001573432,5.000000000000121,4.404828703670633,0.9609167473774801,1.2176358475121152
2975,183,2578,3034,28.924386504796974,7.4585211044545465,8.826657383526712,8.230909361853739,0.9812351313047218,1.18343264836444
2976,128,129,2872,14.421808135295503,5.000000000000041,6.627588152940996,5.884055837142959,0.9495985629100185,1.3255176305881884
2977,2456,2686,3091,26.59297597308412,6.963631865110247,9.238233577456215,8.013715949879817,0.9434182424637471,1.3266401435926507
2978,1660,3026,1659,13.157731751865093,4.999999999999927,6.046914449916721,5.561754346433195,0.9764695783520221,1.2093828899833619
2979,3310,2032,2033,11.848110724674946,5.0,5.3661030232290186,5.238821884963667,0.9959316053818057,1.0732206046458037
2980,3766,2524,2529,34.13405307328277,7.873170126440302,10.541024994360951,9.095492914917282,0.9391234532096256,1.338853959088379
2981,3036,2579,293,21.21671611383922,6.633955276297406,7.304611341207463,7.016464549312045,0.9936669655788583,1.101094450742871
2982,3380,1669,1670,12.765988687357684,4.999999999999927,5.967927105021932,5.473417136111402,0.9789844339524868,1.1935854210044037
2983,2635,928,2474,12.221563027147438,4.850051426676149,5.874959153642485,5.362337389140504,0.9756221700987605,1.211318940110441
2984,1823,1824,2797,14.838226817144275,5.000000000000003,6.724337697339152,5.979378217391337,0.9446306130055261,1.3448675394678298
2985,2779,2789,2579,15.28527882714956,5.478086677763822,7.278453650332929,6.131627200601662,0.9226608450416731,1.3286488656481106
2986,184,3035,2578,16.792722166416645,5.5628051438451624,7.916427020772707,6.510973858376218,0.8931506841259514,1.423099823931754
2987,2789,2581,292,17.69335081698951,5.391912798243961,8.08128471254506,6.690297495465262,0.8888666930069736,1.4987788220864724
2988,1389,3086,2769,22.895243695297413,7.1037771032797465,7.379854595861556,7.274488768498649,0.9988905873032616,1.0388634790433313
2989,2789,191,2581,23.412652345636005,6.695070613347331,8.08128471254506,7.4181031873000025,0.976854577048185,1.207049959478271
2990,188,2739,187,11.133195828537081,4.643383000781887,5.49181969352576,5.106030145374283,0.981543544683662,1.182719515620617
2991,3214,3434,2873,41.919192546793596,8.623156236202579,11.610212482644968,10.072990823113669,0.940286963760747,1.3463994116100828
2992,3026,1660,3328,11.886456470847031,4.94811746187284,6.046914449916721,5.32203044852204,0.9602534075307875,1.2220636426904852
2993,192,2581,191,16.65084890267811,4.74784050910947,7.4779542360076166,6.5211556880385375,0.8719399389130089,1.5750222067611577
2994,190,2779,189,8.917350324781173,4.201688595043966,4.749614558416397,4.558012203745339,0.9882269030387422,1.1304061333861648
2995,189,2779,2739,12.631477255527361,4.722733457775655,6.145867333885607,5.493476759540401,0.9557152942511702,1.3013369034762825
2996,3342,146,147,10.833308889725686,4.507244955394248,5.737194615571814,5.081479856988687,0.9594111370757725,1.2728828080900214
2997,289,290,2580,12.336797006484685,4.631105092251916,6.14464293996954,5.44333905784546,0.9491210107792055,1.3268200175914497
2998,527,528,526,5.800045349664838,3.5819300214257908,3.8249236959359614,3.665250982235488,0.9961188171163429,1.06783875537955
2999,180,181,2904,11.054300956039906,4.818891072236077,5.480041683292656,5.0784473206574985,0.9866754586531322,1.1371997418380717
3000,2873,124,3214,28.8529276299622,6.947323043055275,9.509894791921452,8.360124690393102,0.9382186410626556,1.3688574337172634
3001,192,2869,2581,22.718726274521092,6.275697729422144,8.846803407029336,7.486724485150002,0.9178281461871672,1.4096924020978836
3002,220,221,3071,12.400576974182513,5.0,6.026270377835423,5.410456896047054,0.9717756523992552,1.2052540755670846
3003,1328,1329,2971,16.061962721923738,4.999999999999943,7.24910300774885,6.293520573989301,0.9156952497716513,1.4498206015497865
3004,3492,3583,2985,23.012893301738064,6.073626851355038,8.576230055041329,7.500762340134454,0.9264193802087038,1.4120442801203625
3005,2868,3209,286,16.023554123482576,5.298959218103188,7.800338293260299,6.3861915918612375,0.883597946065022,1.472051014586314
3006,2767,2637,3381,16.200938339388877,5.70060998664227,7.035402643018601,6.209564933089466,0.9616668232659603,1.2341490927293801
3007,2339,281,2637,12.942338638743228,5.366878279675542,5.604569517646313,5.469840082363376,0.9986628212813895,1.0442885464481115
3008,2677,1511,1512,12.367593772554846,4.634539679316562,5.8478837234885175,5.424094456285623,0.9606052727919069,1.2618046511904895
3009,3545,3702,3116,25.45420530394494,6.8305911478009325,8.532202030910298,7.760675834128257,0.9680637824295771,1.249116195990912
3010,2591,3117,2741,12.881131597349025,5.289718979768329,5.569279718061424,5.458107101216254,0.9980575306624608,1.0528498280083187
3011,3209,3545,3431,9.752053652800047,4.013895053199231,5.422527660248153,4.851483079568392,0.9421951905073177,1.3509390724917403
3012,3028,3380,2561,20.542643524884923,5.358977516753073,8.598993133470168,7.254418957326078,0.8700347794882367,1.6045958593011926
3013,498,502,497,17.659991860134028,4.99999999999996,7.772004025989238,6.683904655497158,0.8840576825925438,1.5544008051978602
3014,501,499,500,9.618684969248044,4.215236141057654,5.7457122158558995,4.860622971729455,0.9238347813480758,1.3630819303077597
3015,499,501,498,13.270536357723149,4.620823901562288,7.279709940502217,5.882082019306801,0.8563849419215199,1.5754138429817608
3016,1346,1349,2902,17.84293370212063,5.562914906613056,7.724783589122057,6.60836814457981,0.9269885817547664,1.3886215624005007
3017,1652,1653,3378,12.91790869523982,4.9999999999999325,6.016716215056827,5.50940752402584,0.9772905151189832,1.2033432430113817
3018,3101,2711,315,20.72085799349745,6.323736463445336,7.292022699336013,6.958799094703049,0.9840842685880908,1.1531193213834736
3019,3844,3775,2460,37.666315247904485,8.769782397425825,9.77492117866832,9.355054654101131,0.9918758342673526,1.1146138793064617
3020,272,273,271,8.318996094351492,3.5438962295443033,6.216155253677982,4.828245969865288,0.7839196983737247,1.7540455055810975
3021,3487,3486,2844,21.96362230784464,6.5237985105316785,7.746481832867903,7.174164332784652,0.9807036052424843,1.1874189278473866
3022,3444,3848,3796,28.970484978303993,7.704046630084336,8.496400664632228,8.201617783380964,0.9927696756648725,1.102849070442246
3023,1671,3379,3114,15.141139730107287,5.419132518344868,6.322470979390594,5.949252129259548,0.983823357562352,1.1666942924882797
3024,2846,1961,2847,18.11016751839805,6.185016323084576,7.012652106123064,6.49975649530424,0.9868574297311533,1.133813031333397
3025,191,2789,190,12.851005369351753,5.0,6.695070613347331,5.628111957424367,0.9202287076339283,1.339014122669466
3026,3667,2461,2952,36.01564793030244,8.863428920254277,9.480159000722127,9.131168125933412,0.9967601526859664,1.0695814324249306
3027,287,3208,2868,19.30889646431791,5.667974151075785,8.304080979195733,6.949106436074973,0.9017411476854666,1.465088011669851
3028,227,2390,2638,15.121047858475153,5.401001958870699,6.270866854113747,5.945352554570801,0.9837534481766748,1.161056208064203
3029,485,486,484,5.80004534966504,3.5819300214258565,3.8249236959359614,3.665250982235547,0.996118817116346,1.0678387553795305
3030,2272,2283,2630,10.300122491276495,3.9860116659587126,5.969353959916248,5.073041933576788,0.9007012580423351,1.4975756370448312
3031,223,2592,222,9.732776455606855,4.092484606608748,5.397268337423086,4.829917648010652,0.9513496859800525,1.3188243466346357
3032,995,996,2723,11.614902850579472,4.802496568382821,5.99186810276506,5.264788223715947,0.958363740224235,1.2476569254026024
3033,3409,3536,3172,27.7953747461545,7.432476342635418,9.52575673705517,8.197752348975937,0.9427080525343733,1.281639698253989
3034,2767,3773,2582,26.40871470201122,7.1792870933998945,8.956900523738954,7.926284951750977,0.9620690737752124,1.2476030568513223
3035,317,318,2519,12.902716105534182,5.0,6.170179073412041,5.5263681313407,0.9682116283418665,1.2340358146824082
3036,2972,1330,1329,15.733123113622387,5.000000000000028,6.8344614798460785,6.18225174230783,0.9335203765046449,1.366892295969208
3037,276,277,2641,11.829575123499742,4.024172653482541,6.817080635590067,5.582806654428643,0.840064739463786,1.6940328416800228
3038,2583,274,3039,16.838218541858406,5.767762053241549,6.7960298739553915,6.278509899953765,0.9820756355420606,1.1782784746010706
3039,200,2640,199,14.32691902246982,4.673549614271972,6.714383643746804,5.9391555980502915,0.9168318591072,1.4366775145047315
3040,1154,2973,1153,16.784883331272216,4.8412725643454895,7.399548408014591,6.511123275106411,0.8851858500409105,1.5284304508095725
3041,2339,279,280,11.375337704317719,4.999999999999879,5.322409342854447,5.131164172321454,0.9970488011464645,1.064481868570915
3042,991,992,2555,12.573422878923386,5.000000000000041,6.484952633990687,5.5317638081771525,0.9349690571082646,1.2969905267981268
3043,2281,3642,2283,37.01382766419342,8.32806106373356,10.092701354860022,9.330540604776974,0.9757201239106555,1.2118908924444598
3044,270,2583,3038,17.46500193903488,5.672834625111085,6.867157120598173,6.412172358280157,0.974382283731036,1.2105336351954208
3045,1960,1961,2846,11.182633760803222,4.508134498434251,6.30160105670508,5.269911851713097,0.9111185896368643,1.3978289820087952
3046,117,3345,3058,14.47867280762001,5.522143160444827,6.187950710790916,5.803712419180436,0.9903688528639968,1.1205704979029294
3047,273,274,2583,13.714574018872646,4.725491296937355,6.7960298739553915,5.815641849256731,0.9169195731652868,1.4381636631856622
3048,1035,2954,3278,9.211027322380684,4.234019683526317,4.950519316240868,4.640440718028361,0.9837246453008773,1.169224445389874
3049,1762,2845,1780,20.804976670444358,6.204975150620391,7.507305464350387,6.996959029771117,0.974984922465444,1.2098848556387507
3050,3042,266,2584,16.046268111857195,5.58268134766212,7.547384030229223,6.30672637084938,0.9138303527270871,1.3519281435236972
3051,109,110,3234,13.665796983945029,5.0,6.879371168199202,5.802445723923448,0.920252667344975,1.3758742336398404
3052,2080,2844,3006,11.863435164228177,4.790621248087106,5.5540508087322165,5.2652860847991265,0.9841860064559803,1.159359198131129
3053,3040,2584,267,26.139652588060763,6.936769634590865,8.63035042843079,7.861144076429649,0.9691637334459783,1.244145457187265
3054,2619,3347,2617,17.996039011783708,5.715463399943997,7.198768847891799,6.531296382487516,0.9657151911358197,1.2595249665954185
3055,2641,3639,2343,34.46015804455046,8.327106214953169,9.933178526796576,9.002971244827947,0.976281619591957,1.1928728024339774
3056,3087,2677,2435,12.5788936383804,5.2312364702543475,5.637201101616684,5.398342822841833,0.9958029565458324,1.0776039534191806
3057,278,2582,3037,19.862019116307877,5.979918541089954,7.576094068801455,6.866032608244506,0.9639959860383166,1.2669226205580666
3058,2865,3427,3205,34.56518913506174,7.347653637957804,11.166088995441582,9.33878928153703,0.8903414902631872,1.5196809138849212
3059,194,2869,193,13.578072471542516,4.760449188831709,6.507127455705226,5.733453952263439,0.9388151242049215,1.366914590953166
3060,2706,2515,2775,16.963524274075674,5.765046446266075,6.72996071105555,6.296339547147926,0.9842161713341104,1.1673731987735214
3061,2766,2635,2324,11.601216688857658,4.880846296598279,5.544297374341782,5.197759305470772,0.9889762275140344,1.135929516609834
3062,145,146,2598,12.021947899481233,4.870570022702708,6.402248820843991,5.424272947848899,0.928428769089294,1.3144762914816581
3063,1378,2769,2675,22.246991848786937,6.691943764884264,7.571673491578416,7.19560385966497,0.989663353424715,1.1314610160519434
3064,2586,3044,197,25.154982925832808,6.99971784714495,8.392249413682755,7.686108718193083,0.9780014153284404,1.1989410997624415
3065,3690,2869,3499,24.325405302373483,7.142457738894377,7.881030090034271,7.513341872487694,0.9935602943139872,1.1034059112618875
3066,2771,1239,1238,16.35420485715363,4.631712510426727,7.683317935975762,6.518953672521264,0.8523662516318162,1.6588503536606347
3067,2107,2528,2636,16.65536417656358,5.275200924554239,7.627737873707116,6.431884603466952,0.9094777376744482,1.4459615818996827
3068,505,503,504,5.800045349665075,3.5819300214259227,3.824923695935918,3.665250982235554,0.9961188171163484,1.0678387553794986
3069,3596,2330,1703,27.098931307530904,6.4524422067237985,10.179662753485964,8.35364759825209,0.8679736130094924,1.5776449330887763
3070,180,2904,2379,13.027389006991378,5.253111501218576,5.7569909373550585,5.496714707288763,0.9943528798455569,1.095920186734966
3071,1698,1699,3027,16.161356429108118,4.99999999999994,6.9400604049278085,6.287433391392092,0.9247394994144102,1.3880120809855785
3072,2465,2634,760,15.071342206885253,5.670908231259298,6.1321854677497045,5.908647545768761,0.9959394866019798,1.0813409806118437
3073,198,2586,197,17.816900880690696,5.0,7.666358893751541,6.705844736745753,0.8861826953081103,1.5332717787503083
3074,1868,3139,1867,18.276982390907335,5.000000000000011,8.080914470173926,6.851897088849143,0.8662765629534693,1.6161828940347818
3075,1113,1114,2452,13.75574235185983,4.7386191808899625,6.386578027112471,5.763845594639364,0.9411054209361104,1.347771952822975
3076,2586,198,2740,31.867366246010935,7.4511753164857195,9.496749338991984,8.70839509387698,0.9602193295660328,1.2745303842174314
3077,2360,41,2648,14.868403149569733,4.866378577968834,6.85157595097113,6.026357056297378,0.9272819045717047,1.4079414170508069
3078,202,2587,201,11.210787738515082,4.517610836139451,6.319342199142393,5.278984345093986,0.910100567740255,1.3988239422018522
3079,2587,202,203,9.61668307340695,4.517610836139451,4.981032897461444,4.724649906416315,0.9932668261385965,1.1025812266994677
3080,2089,2090,2529,16.181778827378814,4.645209627534604,7.406264155051816,6.445893471692305,0.8655887942670327,1.5943874978539154
3081,204,2587,203,11.35386349827352,4.974007466443091,5.45278303496144,5.135941132955325,0.99214966637787,1.096255498558936
3082,2023,2024,3459,8.841489837601316,3.924344056151811,5.0,4.586948856320785,0.9602366265965422,1.2740982769240095
3083,1395,2450,2685,13.563741103387734,5.281429055106697,5.833376625595524,5.611485988314328,0.9929853157681873,1.1045072393721052
3084,2452,1114,2822,19.732192437739965,6.380661134677564,7.822173630852506,6.863137597547514,0.9580974403047272,1.2259189864104554
3085,496,487,488,20.263915459730217,4.999999999999879,8.886361489961768,7.368276752576679,0.8185644741204567,1.7772722979923965
3086,488,2870,496,21.795173487981202,6.609666716197739,8.886361489961768,7.374426697274168,0.9065037587302538,1.3444492546325717
3087,2591,261,3117,12.140425535176792,5.06639814848958,5.564430849667261,5.306849325975056,0.994078027464587,1.0983011375302505
3088,3002,3310,2033,15.768998464726339,5.3661030232290186,7.551930112435193,6.276102515067226,0.9047084047538122,1.40733975470543
3089,201,3073,200,16.789106911320278,4.999999999999886,7.570026708349646,6.4841805039862335,0.8970037380671009,1.5140053416699637
3090,642,640,641,5.800045349665275,3.5819300214259884,3.824923695935918,3.6652509822356136,0.9961188171163515,1.067838755379479
3091,123,2747,2600,22.24533888542732,6.135891947795295,8.199534002258288,7.314871305898767,0.9467933830180159,1.3363230760940121
3092,2605,3584,3054,23.830045433805115,6.83768238217405,8.811772191139058,7.589400865645753,0.9430058807417204,1.2887074448078333
3093,2689,2464,3276,42.12354135165273,8.342510029165815,10.950437305362994,10.065007986555331,0.946412921073236,1.312607029189026
3094,3148,1919,1920,13.591451852084598,4.781313839598696,6.245865910389419,5.70714737565788,0.9510412446859778,1.3063074543781976
3095,2951,2695,1033,17.871081708530216,4.973891270442661,8.094440531973675,6.787286671985378,0.8630886770368095,1.6273859020752768
3096,1136,1137,2694,13.355749438087997,4.923572454638145,6.791252893165862,5.734821217410783,0.9207208138497138,1.3793344072287002
3097,646,643,645,8.802434684137365,3.9680534750546226,5.072273699932056,4.575588686257448,0.9613617299903258,1.2782775564440279
3098,644,645,643,11.870892806361388,4.8449577988453525,6.042521973981356,5.319917824252922,0.9595199767536077,1.2471774213227216
3099,2862,1673,1674,15.037606760487382,4.999999999999927,7.845447370369015,6.286867741064949,0.8488627604560115,1.5690894740738257
3100,2461,2689,1066,34.999168315698526,7.726443498513283,10.472976551838832,9.1967501148667,0.941423394158955,1.3554718356322717
3101,2966,3287,2967,17.651098033377124,5.491446770918311,7.838010627191557,6.612156960206818,0.9130808091122428,1.4273125014522976
3102,2413,1561,2808,34.915236552852164,8.287150494253684,10.259881500489366,9.10594233499477,0.9642481671214482,1.238046962897992
3103,3240,1806,1807,11.379549275267465,5.000000000000003,5.20593320695469,5.128817441030976,0.9987371493848772,1.0411866413909374
3104,2743,2596,3340,16.2068689317262,5.525610066652096,7.339539944321239,6.278725805831521,0.93528016461893,1.3282768519292536
3105,630,631,632,5.800045349664826,3.58193002142583,3.824923695935875,3.6652509822354786,0.9961188171163468,1.0678387553795141
3106,623,624,622,5.800045349665275,3.5819300214259884,3.824923695935918,3.6652509822356136,0.9961188171163515,1.067838755379479
3107,3342,2598,146,12.13909404392467,4.507244955394248,6.402248820843991,5.465583435186534,0.9200131467659367,1.420435073798643
3108,3529,3144,2799,30.840069747985275,8.190784820838134,8.77460151285364,8.449957097278135,0.9966606139167054,1.0712772591132196
3109,3543,3596,2859,22.28549114856502,6.459992355347973,7.83663710882087,7.240590804984556,0.9754941318667009,1.2131031551969604
3110,629,2341,628,11.94878237215816,4.998536784271919,5.4671063713245855,5.263816555004591,0.9945308653698174,1.0937413501741227
3111,2460,1078,2949,26.303947051042925,7.272223246673911,8.181430014222515,7.822870840167845,0.9901037536952014,1.12502459519026
3112,629,625,2341,9.573353904002381,3.9602876762389516,5.325806509417266,4.8065907508809955,0.9420959712818819,1.3448029397892465
3113,2341,627,628,11.225911566555663,4.685795423363896,5.4671063713245855,5.121901980734936,0.9842587596981619,1.1667403028448462
3114,2966,2964,3287,15.420052840801127,5.111220855831032,6.600244735929728,6.072826358090448,0.9536211855103442,1.2913245038902932
3115,3022,3023,2553,30.309339712768214,6.87658293967182,9.61658463155845,8.605233059381547,0.9263863572155486,1.398453958299439
3116,122,2746,121,12.402760791826939,5.000000000000041,6.083841249026071,5.420195252140618,0.9675385433579561,1.2167682498052044
3117,2767,279,2339,14.06107667423938,5.322409342854447,6.329669689486485,5.748695577669797,0.9772516486750183,1.1892489438048064
3118,2854,1768,3323,17.690548177051856,5.434182521207295,7.408758490061693,6.5416742754450325,0.9397855932817117,1.3633620992943227
3119,3495,2890,3325,20.508712510547483,6.498883860557305,7.965439141913626,6.9950812316529465,0.9587224156599532,1.225662638819731
3120,1860,3144,1859,14.67692618681506,4.843127557069171,6.634711682641947,5.9689503606089716,0.9345380510968581,1.3699229690859012
3121,3692,3800,3891,38.455187768778444,8.88123543723088,10.249237155260655,9.477854685902619,0.9850432612213693,1.154032817584702
3122,2265,462,2383,12.00761961045459,5.054520296622644,5.604057481120527,5.28209473431551,0.991954961538535,1.1087219265624624
3123,2357,2379,2380,10.283252318731078,4.474435771531641,6.091204930383943,5.06227452930014,0.9078192711740136,1.3613347562476836
3124,208,209,2588,9.758089333589744,4.400340440915885,5.398991303215389,4.8090696143946055,0.9667761318338793,1.226948545392921
3125,3039,275,3334,12.809205650163848,4.875892273298085,6.393756063879554,5.555453426625573,0.9463188451988814,1.3112996976766216
3126,205,206,2639,16.65933259702716,4.627196633532178,8.504911168940188,6.777811572619567,0.7926951263100588,1.8380267454612038
3127,2588,210,3045,15.393029689428483,5.899602334742069,6.076256518721263,5.963890352210971,0.9992785344369889,1.0299434053273215
3128,207,208,2588,10.853898708144605,4.400340440915885,6.0987385820227935,5.166359674312855,0.9220233117366708,1.3859697139145453
3129,454,2520,453,12.131748632883655,5.0,6.122847902668988,5.379347861989507,0.9590349778273368,1.2245695805337975
3130,207,2588,2639,20.56438046459801,6.0987385820227935,7.443754887340374,6.96743098375662,0.9707261805404825,1.220540081728093
3131,3072,205,2639,25.96647550094879,7.234544786939942,8.504911168940188,7.7998714043021655,0.9811881427966757,1.1755972793607632
3132,2343,212,2642,20.06516094895798,6.12497807588594,7.332636504715659,6.865203209181337,0.9773726572684837,1.1971694288317987
3133,217,3043,216,15.948711685471153,5.0,6.9181181572960435,6.235876092989133,0.9288664530780736,1.3836236314592087
3134,1642,1643,2728,11.881507130929712,4.999999999999932,5.459095832150339,5.248369131446827,0.9948497621493692,1.0918191664300827
3135,3041,3336,218,17.165779472143377,5.597920359040721,7.831338465464877,6.535071811889014,0.9091728821614025,1.3989728261884173
3136,1396,2450,1395,10.643083081920038,4.6580114484555715,5.281429055106697,4.977288047671024,0.9895669836380073,1.1338377145590375
3137,3074,215,3356,10.382636959773755,4.689590973302526,5.321236638805459,4.922614239314317,0.9862347444748135,1.1346909931162106
3138,3071,3354,220,11.101911403563939,4.567212202942054,6.026270377835423,5.186026729635795,0.9400374291167194,1.3194636268385975
3139,2562,1675,2734,12.644327483418808,4.945094704136934,6.6577652142705706,5.587340866443083,0.9182960885865423,1.3463372518833385
3140,220,3354,219,10.784616158161668,4.567212202942054,5.555079416363895,5.040763873101983,0.9739264136241524,1.2162954488485311
3141,2678,2434,2928,19.518077517548594,6.402476442123669,6.894482269030111,6.72507070061062,0.9955037506254413,1.0768461752813956
3142,3071,2638,2340,21.273294547575695,6.2253849392989995,7.517714386549119,7.081691883446962,0.9725149595094772,1.2075902871631325
3143,228,2390,227,8.871990808626927,3.9167127004468387,5.401001958870699,4.650669922139492,0.9314847259236044,1.3789630161677484
3144,3326,3327,3496,16.66801895484011,4.785974453379527,7.683948650304542,6.534604067053384,0.8693056340554868,1.605513929327112
3145,221,2638,3071,14.763605389692263,5.205100310305739,6.25732691525203,5.895937388285589,0.9741209478923823,1.2021529926835328
3146,2871,3339,239,16.66601333749093,5.851616793336655,6.723955077778135,6.236901839609408,0.9861022399122378,1.1490764544655125
3147,218,219,3041,17.072313144277302,5.0,7.831338465464877,6.586392816620155,0.8805554114317808,1.5662676930929753
3148,2482,908,2970,23.775365384794014,6.859464354594214,7.978056659310032,7.4519456841574865,0.9850134466745187,1.1630728358500217
3149,211,212,2343,13.540163822125677,3.9515017414334177,7.332636504715659,6.08925482003827,0.7939623971402259,1.855658173658232
3150,494,2589,493,13.718890798895147,4.632563285372451,6.520966716903641,5.791649687563705,0.9255773388458106,1.4076368341246233
3151,3256,2421,2929,19.886208446975758,5.9882613246948715,7.792951960267904,6.897540650784145,0.9544098818810731,1.3013713894099286
3152,886,887,2713,9.73810661012963,4.33237319986591,5.558524575874047,4.836804895842375,0.9501594450097803,1.283020718539688
3153,1382,2451,1381,10.183350888263377,4.409133534081981,6.196584998987252,5.077775027925042,0.8902179515035662,1.4053974439849741
3154,2589,495,2870,18.00969301390719,6.210101264229638,6.623786261382485,6.456359957814467,0.9970129291625011,1.0666148553060937
3155,2590,3046,491,12.976891136598233,5.335942921504698,5.592722096160476,5.477458730460767,0.9984993069581902,1.0481225489914665
3156,2589,2590,493,16.62922887524008,5.8569507980448146,6.520966716903641,6.21490407404355,0.9923434852500673,1.1133722890553375
3157,692,2738,691,14.643406874376868,5.000000000000161,6.927065530075333,5.975793635649983,0.930859166279959,1.385413106015022
3158,2466,3279,2955,12.21172448542668,4.964631966649126,5.994520515524285,5.371280035752604,0.9707714886154997,1.207445094781171
3159,3046,490,491,11.412329403580372,5.0,5.335942921504698,5.139853345149381,0.9968667846625535,1.0671885843009394
3160,1923,2911,1922,10.003785085966918,4.512191024167776,4.999999999999993,4.820935750815199,0.9919818948420632,1.1081091144456119
3161,2679,1160,2770,18.79460828240675,5.334109187442981,7.918987630433044,6.835759881743781,0.9056002352294539,1.4845942128584697
3162,1753,2434,2678,16.99307963342413,5.742773465781207,6.894482269030111,6.317678958012972,0.9778167670276815,1.2005492311531103
3163,402,397,398,11.425080694898542,4.572299032811801,6.880805309535704,5.484368114115848,0.8488374528052519,1.5048896102721114
3164,697,698,2735,9.96399901779526,4.3014994706936145,5.2271399490869035,4.842879806593506,0.9746804513341729,1.2151901876775146
3165,852,3133,851,11.841081005033894,5.000000000000081,5.433442226381775,5.238434313410391,0.9953539220263827,1.0866884452763375
3166,253,2594,252,15.362987140882183,5.0,6.911387375186637,6.108436659300327,0.9344389010371189,1.3822774750373275
3167,476,2344,480,9.573353904002765,3.960287676238968,5.325806509417416,4.806590750881111,0.9420959712818724,1.344802939789279
3168,1150,1151,3088,17.410170613559366,4.837849256949839,7.651284428500865,6.675908807827753,0.8691708478399884,1.581546679551739
3169,478,479,2344,11.225911566555796,4.685795423364088,5.4671063713246735,5.121901980734955,0.9842587596981682,1.166740302844817
3170,2790,3133,3134,24.44310930035578,7.246110298607471,8.087481909340402,7.544265300367414,0.9892224787195504,1.116113552797371
3171,1325,2483,2849,19.07195786362155,5.707355592576533,7.545329071507835,6.763455118712865,0.9503689312957296,1.322035914727641
3172,480,2344,479,11.948782372158696,4.998536784272033,5.4671063713246735,5.263816555004708,0.9945308653698176,1.0937413501741153
3173,3111,1652,3378,17.522182181476374,5.9115453120943515,7.680152587775921,6.5361380383090335,0.9328777892788349,1.299178502795741
3174,2848,2820,3173,19.467584807720016,6.033799359576,7.879401899943616,6.846947990393901,0.9470431614643843,1.3058773469884335
3175,3236,2907,2905,11.015482082327049,4.749794844487785,5.543188316795102,5.079335477486101,0.9816924262216561,1.167037419148337
3176,880,2486,2703,17.184154655917233,5.620833402415389,7.004096382740964,6.374890344518423,0.9687345445080856,1.246095708819827
3177,401,402,398,15.479003694106042,4.685795423364127,7.161379476511713,6.242660069803848,0.8893265782366869,1.5283167166888951
3178,3281,3472,2959,23.100621437971622,5.631052665706334,9.167152096807255,7.715534091231013,0.863054292325272,1.6279641908938476
3179,3044,196,197,10.448628781270338,4.638617418429353,8.392249413682755,6.051728553277108,0.6124111606795656,1.809213534261334
3180,182,3034,2906,15.843262957601755,4.998301123704199,6.974269614966056,6.216004380349493,0.9287588295423272,1.3953280209331371
3181,1272,2683,1271,12.206670034167749,4.631378602401151,6.008557874861914,5.397787797817465,0.9567534097577057,1.297358387359384
3182,265,2388,264,8.887196740345303,3.847843598151546,5.478280260238044,4.677608184634264,0.9193946239888345,1.423727373656699
3183,2345,2374,263,9.55589608973304,4.304157311378499,5.941938421476403,4.900210067000491,0.8986079242913542,1.3805114431501504
3184,2374,3117,262,12.969091333858142,5.223915977239775,5.623192119749714,5.481589067552164,0.9956686599739566,1.076432343906287
3185,189,2739,188,12.264983124865582,4.643773023542135,6.145867333885607,5.427153350317834,0.9494716973358298,1.3234641966195235
3186,2375,228,2345,5.402475276019341,3.4922476586320466,3.5878489442625376,3.532901862252247,0.9994761877322716,1.027375288059593
3187,2591,2741,234,15.938221820223255,5.569279718061424,6.727083546946997,6.1236199623487195,0.9757285676908988,1.2078911255131903
3188,2331,2631,1247,10.572392626862666,4.501475414555735,5.6210598220891805,5.009361467127454,0.9647499862795017,1.248714988848593
3189,1676,2734,1675,10.773725260281852,4.945094704136934,5.020019679938265,4.988371461358375,0.9998392453242007,1.0151513732868758
3190,3338,3047,258,12.599113714713415,4.52775542701968,6.568994399829819,5.585992662646116,0.9120962821821136,1.4508280108569713
3191,228,229,2345,5.283533053986399,3.2533721348652063,3.7989651673957727,3.5148616536310087,0.9836890344113666,1.1677007762756815
3192,2390,2375,2388,9.76526587283575,4.4356722513390565,5.008851920258502,4.7668387629303846,0.9899231202376132,1.1292204735700235
3193,233,234,2741,11.727446829473145,4.452602838045276,6.0744966220377385,5.328261385006108,0.9391830189542569,1.3642574563655638
3194,1280,2683,1279,14.000780483055408,5.0,6.7662684647893006,5.831428303881789,0.9363631065988841,1.35325369295786
3195,2593,3047,3338,14.8536819765442,5.5009751210779205,6.604684475358742,5.922295919175171,0.9714651038942085,1.20063885583699
3196,3033,2738,2334,15.659249710845138,5.231457330956006,7.305971866060491,6.204760865884562,0.9219615959948391,1.396546201921403
3197,3093,2472,2694,27.451766696974612,6.64200320316852,9.04657953553588,8.156918051666528,0.9365190480162614,1.3620257712643489
3198,1963,1964,3010,10.711881592706938,4.887146972999216,5.037725029682951,4.974957334227389,0.9993430586301172,1.0308110350508501
3199,260,2591,234,20.06186624144214,6.082741760719703,8.136094009946849,6.981973105871183,0.9362965565974575,1.3375701829867253
3200,236,2593,3338,18.797963801397255,6.561395268003567,6.604684475358742,6.588867545529659,0.9999650353865351,1.0065975612788143
3201,3338,234,235,12.710235700031468,4.999999999999879,7.705795472176047,5.950332151921159,0.7943816668741529,1.5411590944352467
3202,230,231,3118,9.625902487009345,3.9761036853123417,5.557797639613472,4.844633774975258,0.930147696837205,1.3977999769331673
3203,2904,3236,2905,10.446369012069646,4.588339377358149,5.586642456858981,4.974925559568305,0.967264296727555,1.2175739406782133
3204,233,231,232,15.474853477880647,5.000000000000041,7.989342097858451,6.3931649669600885,0.8432164481363974,1.597868419571677
3205,853,3134,3133,22.14826815436306,6.39474820394152,8.136366032699764,7.259074845082918,0.9614555605797708,1.272351275330085
3206,226,223,225,16.6342245358284,4.7738758324817505,7.843808193430954,6.561568691973143,0.8583866334230971,1.6430691682555276
3207,2951,2461,3667,47.27189442748613,9.480159000722127,11.555660400155098,10.551020322914823,0.9743457467690319,1.218931074813711
3208,939,2903,3235,16.532452354366804,6.049660162855381,6.332214136982387,6.1822871755832765,0.9985858911688917,1.046705759748601
3209,3627,3590,3615,27.955151726646797,6.857834379805247,9.473316931286233,8.244547267110752,0.9339531341893758,1.3813860770949766
3210,3410,840,2329,15.921197498157662,5.26915890660609,6.976723873263352,6.1821763785397765,0.9497871360828644,1.324067844018984
3211,2593,236,237,13.458714967188532,4.741368633519749,6.561395268003567,5.720858085926033,0.9336621763243979,1.383861027302727
3212,2846,2847,2718,16.39167397011751,5.604228011434621,7.012652106123064,6.239664123739806,0.9638807430293941,1.2513145596172668
3213,2903,3444,3235,19.314719852278802,6.1649872269120625,7.100538738483026,6.712948378402326,0.986356839718983,1.1517523844148443
3214,3316,2046,3008,10.178072118834688,4.688414665067001,5.190713056908198,4.865390239593409,0.9907344644418371,1.1071360849508003
3215,3348,386,387,12.646754787407751,5.000000000000041,6.813104474905042,5.630193680408869,0.9014407798236792,1.3626208949809973
3216,223,224,225,16.022832454528075,4.99999999999996,7.843808193430954,6.423580835195186,0.8684090960213809,1.5687616386862033
3217,3447,3063,3682,34.394028824695596,7.837833611617697,9.627526058433583,9.02040423388283,0.9678617948929246,1.2283401939233691
3218,239,2593,238,12.79485962470705,4.999999999999879,6.200067604596988,5.511133055693389,0.964739981819292,1.2400135209194276
3219,3349,374,3053,16.168371326659383,5.589440668948622,6.434357656722344,6.146491659307409,0.9843067518450368,1.1511630658265226
3220,2871,239,240,9.937819228408651,4.199074283192757,6.723955077778135,5.230452721162281,0.8045176773702596,1.6012946245536746
3221,418,2840,3191,18.629791696858298,6.064742838184666,8.09109835918568,6.783765522125204,0.9178012550578709,1.3341206008345037
3222,2558,2729,3111,31.042008880766755,7.907397282804388,9.174257205724519,8.515229024517955,0.9850301289010523,1.1602119986654869
3223,2593,237,238,11.942521158702252,4.740507677595322,5.859810356254783,5.311216532111135,0.9705116948304195,1.2361145165842744
3224,2531,3315,3008,11.505848929343868,4.959845615482504,5.550964835524627,5.176355929815714,0.9890649151590996,1.11918097172156
3225,2851,2721,3194,16.661622602501296,5.422293985972927,6.723339855769173,6.285472034164091,0.9648604890758607,1.2399438084991252
3226,336,331,332,11.667011117723202,4.620823901562458,6.244670252002606,5.334435019956003,0.9318278235089399,1.3514192241541751
3227,333,336,332,14.249968273369943,4.620920558274649,7.163029792709436,6.009540200995563,0.8841896232227624,1.5501304777643603
3228,3488,3314,3489,24.255307549844556,6.315598072511601,10.019917399321661,8.005837408422956,0.843185561535128,1.5865350017970536
3229,848,2628,3193,17.546316470872277,5.732953560633641,6.898459526201866,6.421080255952514,0.9769184355216602,1.2032993906616272
3230,336,334,335,10.371500224562464,4.148651267259098,6.481145062421514,5.209932109893525,0.8532273348182848,1.5622294198527398
3231,3276,2462,2689,42.11046288222195,8.89582803566412,10.950437305362994,9.967808713184112,0.9718699805409954,1.2309632404607838
3232,241,2595,2871,14.791325927951524,5.138673104636724,6.596162978046236,5.934347585323368,0.9600786119332837,1.2836315608584619
3233,2906,181,182,11.609392022475618,4.998301123704199,5.611927344262833,5.203409489322344,0.9871802026565314,1.122766957286455
3234,1161,2770,1160,14.069132234903787,4.651787911324657,7.254182827355318,5.996482739370201,0.8760037168765968,1.5594397177255648
3235,399,400,398,10.132823945533751,4.4527328003526465,5.797871203972466,4.9608656540438005,0.9373111900436716,1.302092774018079
3236,2526,2715,3372,21.67391854649972,6.346409166463261,8.790055566076413,7.338347347716787,0.9108590095989454,1.3850439414663445
3237,3058,3234,2616,15.138390839045197,5.634125079533083,6.630838113704686,5.9721357689039225,0.9742838215287688,1.1769064442307702
3238,156,157,155,5.800045349665441,3.581930021426015,3.8249236959360666,3.6652509822356723,0.9961188171163474,1.0678387553795126
3239,3484,2038,2039,10.446297364261465,4.792082464509546,5.0,4.914057020012059,0.9987116928962491,1.0433877206893463
3240,1090,2829,3273,18.301076048015815,5.367284273424341,8.967016156086745,7.0563237132088,0.8131554429923542,1.6706803104292753
3241,3053,2604,3506,17.514425238902316,5.8429216012564575,7.08932890860592,6.423697887290177,0.974026555712023,1.2133191907078535
3242,3487,2844,3192,15.925056968819984,5.743248979964396,6.5237985105316785,6.091184084821742,0.9884349577205868,1.1359073119222705
3243,2511,3191,448,13.497503106380254,4.933144103355386,6.601320928592511,5.715188357651851,0.940800015256079,1.3381569218913507
3244,169,164,2230,1.3339285744778775,1.1719902321609312,2.3824207608041794,1.9595248357847426,0.7422344102305618,2.0327991611427003
3245,466,2644,3066,13.608275874604223,5.174363585886621,5.946415224596817,5.6342015283150175,0.9865795803514472,1.1492070717287846
3246,2293,167,2294,10.547901962155912,4.876473522657653,5.039843847108488,4.937159536544807,0.9991165870907769,1.0335017351559
3247,168,2230,2294,7.250598544438499,3.456893340442073,5.449780016194719,4.3671984470556025,0.8478593835387506,1.576496431763727
3248,2230,164,2256,2.988946758987334,2.3824207608041794,2.991595630705446,2.6646167154263125,0.963652673294932,1.255695752792064
3249,3760,3068,3067,31.78179011744532,7.559928170800551,10.462820252808148,8.845231111965829,0.920940287535411,1.3839840824440266
3250,168,169,2230,4.849485528710523,2.3241635143891166,4.998536784271919,3.8392074277303494,0.7001893897508474,2.1506820640309963
3251,1551,2810,3385,15.973625127318847,5.379450007003926,7.746213196162986,6.359428101355015,0.8897900068519662,1.4399637855315297
3252,154,152,153,5.800045349664874,3.58193002142583,3.824923695935813,3.6652509822354893,0.9961188171163504,1.067838755379497
3253,3522,3382,2901,15.523318671381858,5.684639192720829,6.770385196046963,6.0566878439767775,0.9705255883610396,1.1909964672369056
3254,3435,2754,3547,40.19725939976949,8.812294330941707,10.252231384426207,9.69359396492381,0.9837670619086688,1.1634009259573408
3255,840,3410,2848,16.19051558428926,5.573324366820321,6.60217786138334,6.158716194651183,0.980956001725276,1.1846031967362411
3256,89,90,88,5.800045349664803,3.581930021425883,3.824923695935856,3.66525098223547,0.9961188171163472,1.067838755379493
3257,3662,3245,2658,22.726979000514397,6.503431079578059,8.97040008309075,7.506095599233014,0.9133930336271069,1.3793334584969181
3258,3682,2652,3447,29.168452853931033,7.837833611617697,8.805928376701864,8.239606485258053,0.9897268695131869,1.1235156055940254
3259,3483,2035,2036,11.877964674159125,5.0,5.380727120796022,5.245883145397167,0.9956939769201976,1.0761454241592046
3260,3057,2615,3436,24.540656236736776,6.632004224047138,9.505871600869188,7.856156822694572,0.8969388039184432,1.43333316441531
3261,2329,3411,3174,13.384879612917658,4.640692347544991,6.386335490281211,5.700150115954241,0.9347369521547837,1.3761600666460247
3262,2760,3350,2783,17.96103405901571,6.350781267896458,6.621988558503603,6.444190291713446,0.998455187133844,1.0427045554187344
3263,76,77,74,8.802434684136571,3.968053475054374,5.072273699931944,4.575588686257265,0.9613617299903134,1.2782775564440798
3264,75,76,74,11.870892806361114,4.8449577988453525,6.042521973981269,5.3199178242528555,0.9595199767536101,1.2471774213227036
3265,3478,3293,3576,33.23739165326092,7.330012639336465,9.98216607539138,8.971795631534926,0.9376250752996684,1.3618211272682057
3266,2921,3683,2410,24.41294207270341,6.096169758336011,8.936051196861055,7.773574799442458,0.9107357531652739,1.4658468433628737
3267,2824,1140,3412,12.939397627931783,5.035207633121911,6.258377195600175,5.54588349415279,0.9631190844182169,1.2429233611802177
3268,3273,2829,3468,15.108926479935915,4.5668699075202515,7.2063253259112505,6.202621981182272,0.8759630341103559,1.5779572161765798
3269,353,3076,3383,15.550572965191119,5.3156491851881285,6.593458314786874,6.062324376467347,0.9693733807566347,1.24038627928256
3270,3548,3437,3121,15.541156231715174,5.438571882934913,6.806058474733064,6.073195816825908,0.9648001959880933,1.2514422207214055
3271,1084,2830,3571,22.147283630739036,6.58879698587472,7.675459515124922,7.193290998735624,0.9845852261960109,1.1649257871474603
3272,252,2594,251,14.687320382958971,4.62188460600308,7.383756594474654,6.139854601064026,0.8695664783286312,1.597564029375452
3273,251,2594,2742,24.691328037470733,7.365356849418786,7.950244414056921,7.566452619316787,0.9947190465474093,1.0794106214533636
3274,2533,3010,2534,17.312179898449184,5.139807916171304,7.944238993658345,6.628106371867683,0.88340799584733,1.5456295494357872
3275,768,3128,767,9.19139177310579,4.060857034463807,4.99999999999996,4.661651896969875,0.9687015282499856,1.2312671826577013
3276,2742,250,251,13.4809703990754,4.99999999999996,7.950244414056921,6.135989506281839,0.7915621512989757,1.5900488828113968
3277,2743,253,254,15.996715902490864,4.62163989274435,7.450510869083264,6.413997372331488,0.8639827092892272,1.6120924697703176
3278,3843,3868,3765,51.32475919401466,10.141434090837508,11.342013984951688,10.927800460151097,0.9900034529122624,1.118383641145868
3279,3341,2595,242,14.780990357103361,5.494669989816819,6.496926069373422,5.893920115893468,0.9773456350161768,1.1824051456073008
3280,255,2871,2595,16.430690035802392,6.068206673287142,6.2145705804642555,6.16100220772898,0.9995460039954691,1.024119796021685
3281,2948,3468,2830,13.916505192184587,4.783579596031136,6.498493913919874,5.799871240507469,0.9403048878532589,1.3585002158867758
3282,2650,3444,2903,23.14838534227624,7.064725476823111,7.855129621866769,7.340131279057636,0.9897899838822283,1.1118803763340412
3283,245,3049,244,12.189694477782108,4.773109580264117,6.403915606881031,5.455048744290604,0.9310254980115947,1.3416653230338522
3284,3341,243,3049,14.799114509052728,5.327521175916011,6.255287651119628,5.88532966382587,0.9821509021129855,1.1741459948386028
3285,244,3049,243,11.559101618200424,5.000000000000227,5.327521175916011,5.171880740547635,0.9973190640584065,1.0655042351831536
3286,2975,952,953,15.708261133824596,5.000000000000114,7.084097262257415,6.200247688806782,0.9250233908823392,1.4168194524514508
3287,2596,3049,245,15.306693331888273,5.319753604408967,6.403915606881031,6.000651991908705,0.9753610327399106,1.2037992890448008
3288,471,2622,3237,16.852800964815852,5.008295635588065,7.3548950926667045,6.465318773689962,0.9076654368464191,1.4685425198153474
3289,3485,3312,2041,9.40813336328943,4.36372158779972,5.060981649308619,4.688297308774278,0.9848082979079203,1.1597856433962994
3290,2951,3667,3275,37.37970322844218,8.682792337713957,10.617241567867248,9.419173768006885,0.9650494263861945,1.2227911430924077
3291,3352,3512,3588,11.168619529892261,4.435770524026791,6.209638175055689,5.2482150631516955,0.9185709166376891,1.3999006804839358
3292,3353,3673,3070,23.92222697842216,6.36512811119589,8.174728310496167,7.563505701597786,0.9537546243721196,1.284299100927332
3293,2596,246,3048,15.599750056534543,5.1620362706741005,6.625429288967941,6.102809924117899,0.9558870801091445,1.2834914250036331
3294,3676,3385,2810,17.9636225922114,5.952621100898134,6.82895656322061,6.472439144689794,0.9869489149730353,1.1472184181503262
3295,14,3438,3224,16.744031367061304,5.622437852022781,7.017740858005499,6.298485722929509,0.9668057034367489,1.2481669060122613
3296,3774,2442,2682,46.70399914575738,9.482296959269876,11.05861618210276,10.451000911453288,0.9831865914611733,1.1662381203208234
3297,92,93,91,5.80004534966511,3.5819300214259617,3.8249236959357695,3.6652509822355555,0.996118817116356,1.0678387553794455
3298,3413,3921,3414,26.45074267704263,7.440712792853886,8.02972352162449,7.8297742358281575,0.9951826361345117,1.0791605246927813
3299,3524,3127,3592,18.87214680323285,6.2050899055584265,7.1217878425412,6.63460132586868,0.9869496788362884,1.1477332240039921
3300,2596,245,246,14.71042393083914,5.000000000000121,6.520964212711658,5.933083659049299,0.95302918469829,1.3041928425423002
3301,2810,3155,3454,14.656528328958988,5.233372883999415,6.928872844296414,5.960398665517849,0.9393133998860361,1.3239784356816697
3302,780,2988,3386,12.65085473083991,4.914335571389199,6.484302803402523,5.5460730459662235,0.9359061872717069,1.3194668351818555
3303,3112,3113,2731,9.034780223041315,4.140636023468056,4.9635662774263025,4.605200469968918,0.9783625578362649,1.198744890711014
3304,998,2852,2546,25.321987956505325,7.124468559885406,8.565289089748017,7.725108912335415,0.9737999515021911,1.2022355096035102
3305,2829,3569,3571,42.89125609498284,8.908128611534828,12.5951346002734,10.38843027056616,0.8968223203886733,1.4138923167279374
3306,3153,3397,3658,19.214013970271267,5.736614258352977,7.8267129476574375,6.823889211108113,0.9381727444625995,1.3643435997567916
3307,125,126,2597,14.24874977111409,4.632913134084208,6.97322142162278,5.967744233895843,0.8995389474704955,1.5051483202482239
3308,3487,3313,3486,18.020159412219655,5.958746355185018,7.252212654954372,6.522681270374669,0.971470396284626,1.2170702061590255
3309,127,2597,126,15.24022906600864,5.000000000000041,6.990721585812074,6.095939910597553,0.9300918331190852,1.3981443171624035
3310,3469,3274,2950,22.283435471290723,5.574327576096287,9.13744996485794,7.596372271678941,0.8585983735871474,1.6392021889852613
3311,2597,2744,125,21.390942774519402,6.97322142162278,7.107646677209702,7.029232615044955,0.9997347374835651,1.0192773536733097
3312,2081,2526,3192,16.959488061285906,5.348544155630259,7.511986863056377,6.446197731893527,0.9251715029434304,1.4044918849830796
3313,2872,3211,128,14.650894397150477,5.221407162185993,6.627588152940996,5.903796666910876,0.9616191691748354,1.269310733117831
3314,3445,3236,2906,15.368859374234589,5.642436958831214,6.224128635825001,5.9722045556066305,0.9934561212411386,1.1030922775456722
3315,2806,3150,3396,31.17985133874775,6.915613061541055,10.125436929546202,8.783134857765882,0.9114950169022145,1.4641416226502815
3316,2046,3316,2045,12.166212870134682,5.0,5.821146733382908,5.337286596763701,0.9820660672232376,1.1642293466765816
3317,127,128,3211,11.486250700560754,4.999999999999879,5.239897058895532,5.153768073693802,0.9982371373013369,1.0479794117791317
3318,130,2872,129,13.411960328355901,4.837849256950049,6.074514680739341,5.645647765392411,0.9619122056904639,1.2556229758528958
3319,144,145,2598,10.744184360880524,4.6331461861330965,5.6042622110658185,5.035992806633875,0.9718216226174157,1.2096018528056056
3320,2649,1075,3274,15.943183429720541,5.1568406741615656,7.136960044532203,6.22631827293331,0.9337124065001139,1.3839791638884749
3321,2650,3077,3884,25.837527246838434,7.414774421635089,8.046809649108102,7.737496889690782,0.99555667750204,1.0852399805486783
3322,692,3233,2864,15.455057411771314,5.659499635438139,6.59828698059189,6.019824989362095,0.980305804177588,1.1658781527743793
3323,3190,3189,2837,24.299274482530148,5.803730241503563,9.453688327180274,7.9166474718206965,0.8625455094146246,1.6288986451463883
3324,86,87,84,8.80243468413663,3.968053475054303,5.072273699931872,4.575588686257281,0.9613617299903124,1.2782775564440843
3325,1084,3571,3466,16.709659807135317,5.619639305545875,7.675459515124922,6.430415765910166,0.9155462976973836,1.3658277867674198
3326,1089,1090,3273,11.095834629894625,4.860733627002339,5.367284273424341,5.076005966808893,0.992764533346831,1.1042127969341937
3327,85,86,84,11.87089280636136,4.84495779884558,6.0425219739811835,5.319917824252879,0.9595199767536249,1.2471774213226274
3328,3485,2042,3581,6.367725309460825,3.7226555622095567,4.026110375411387,3.841825313182197,0.9951643031782194,1.0815156836647324
3329,2729,2856,3110,24.05040644769069,6.934233149443714,7.897625086343413,7.4846351761541206,0.9885757726714909,1.1389327292776397
3330,3311,2037,2038,10.681798329955619,4.603345714322022,5.39072710088964,4.998024271737221,0.9834545028364169,1.1710454602872649
3331,3434,2782,3213,27.49888246205273,6.649437826068769,9.509335608115066,8.21940720290811,0.9208961023167168,1.430096176075851
3332,27,3061,2618,12.557207077860998,5.293580622643936,5.468596068050996,5.3865633466344285,0.9992900759301695,1.0330618267450977
3333,3109,3108,3025,12.472463691605022,4.91160576620922,6.4599384185875435,5.510960920618792,0.9342408996451228,1.3152396031111688
3334,2830,2455,2948,14.63896703089279,5.127105414992994,6.498493913919874,5.894840932980604,0.9638267260002684,1.2674781163883586
3335,3349,3508,2623,11.933010304189189,4.857202779307351,6.149109341402247,5.351644255868206,0.9514548121626223,1.2659774814423386
3336,2867,296,3446,13.954998837114724,5.265330698080705,6.442551199884818,5.748607500281978,0.967808559364194,1.2235795943896228
3337,3050,3342,147,16.341218673862834,5.737194615571814,7.350308695751428,6.295950413347164,0.9388721495886929,1.2811677463060644
3338,2622,470,3065,18.80877772425168,5.6178264042130035,7.276992032896832,6.713599602896662,0.9510448009524538,1.2953394265510878
3339,2599,140,141,14.331224352933475,4.6203104814719325,6.999854353692741,5.991637235458124,0.8966982248084495,1.5150181750259208
3340,2907,3236,3446,16.961144082989243,5.543188316795102,6.817689019031746,6.3286489478235035,0.9703622476087567,1.2299219563540862
3341,3277,2954,2464,17.331236234337375,5.8344662530529,7.764353362943224,6.53275423077919,0.9213842117655847,1.3307735491452204
3342,141,2745,2599,19.72391143104843,6.424792530272761,6.999854353692741,6.762119638350499,0.994847479413213,1.089506676007103
3343,3064,2623,3350,14.392417567819761,5.2460665650400315,6.095125665683225,5.803182215966383,0.9824319136254076,1.161846802764828
3344,2874,137,138,17.16030191878157,4.999999999999879,7.985340703706289,6.6369301047674805,0.8695400934832735,1.5970681407412963
3345,149,150,2613,12.138621076151024,4.631712510426745,6.353897463532354,5.443123300439313,0.9304970971139349,1.3718246651165606
3346,147,148,3050,18.104446387557118,5.0,8.151232912602316,6.833847202784582,0.8622506212570901,1.630246582520463
3347,3443,3680,2532,28.9960417132292,7.400821745785251,9.582626238658944,8.347620181888747,0.9495986908455167,1.2948057077737651
3348,699,3031,3331,12.484355819901317,5.090045728252846,5.8982390213623885,5.4062250658106565,0.9822767247304469,1.1587791812210209
3349,2305,2298,2791,15.283255852297264,5.126972373605099,6.832168391909986,6.061336794582865,0.947831940546453,1.332593174693831
3350,2746,122,123,20.58015390030819,6.083841249026071,7.705280413238983,6.988807098944373,0.9640657190329799,1.266515692609908
3351,1711,3197,2857,28.10577319312192,6.674036204086981,9.201013441291252,8.268572318762459,0.9318729018231217,1.378628038555863
3352,3467,3570,2949,22.770720346144614,6.578867254995443,8.710307281432353,7.443703802610497,0.9349315188562666,1.3239828292353022
3353,134,2352,2875,18.52760361676165,5.916358122301308,7.306061918816964,6.61527588411736,0.9705987199317632,1.2348917641204413
3354,132,133,2875,14.086812447366201,5.000000000000227,6.200880270456204,5.776637359415958,0.9661474487158976,1.2401760540911844
3355,2747,2782,2600,20.959722043301976,6.135891947795295,8.420617811891091,7.165079519821408,0.9266842623052304,1.3723543184160418
3356,123,2600,2746,25.085754338751258,7.05729329462238,8.199534002258288,7.6540359033732175,0.9852054763001219,1.1618525204990826
3357,3137,2910,2398,24.93250061379178,7.401404374182312,7.797691353579246,7.593300468240444,0.9981742017712174,1.0535421332712571
3358,3283,2692,2772,27.17570242275758,7.228677870206625,9.239567602144676,8.071147875714818,0.9527724906992655,1.2781822302839139
3359,3092,2471,2693,27.11693268588006,6.958746350945779,9.375610240566854,8.107133973576712,0.9387989955343569,1.3473131175836857
3360,1318,3015,3014,15.51839645057457,5.1434716502556785,6.838174291510373,6.105308362988129,0.9486106715437268,1.3294861440852797
3361,2875,133,134,14.207212948206555,4.84241917750826,6.62340761123381,5.864952865511171,0.9384734582440434,1.3677889848937002
3362,2679,3643,2439,22.396597010202292,6.72056708288911,7.932439119861553,7.2478750965671255,0.9798043414248534,1.180322883772402
3363,3807,3853,2523,31.811344185280333,7.948305457425797,9.8859398633738,8.707219732764178,0.959958212019973,1.24377955984791
3364,143,2598,142,13.145046208077057,4.85193151544929,6.212402655739552,5.592712128970891,0.9608454972502917,1.2803978448496882
3365,3026,3113,1659,13.66112752615896,5.367751212104236,5.879357085029095,5.628485628838756,0.9944993522592569,1.095311025550363
3366,1717,3024,3326,18.677822799936767,5.949277090911434,7.836041126654534,6.72992134417822,0.9389714388273409,1.3171417311567926
3367,2702,3791,2978,44.69426739792839,9.440909297059955,10.916245201556379,10.212904846499297,0.9861318205385172,1.1562705305256842
3368,2269,62,40,4.799271087213351,2.653964184589743,4.012182469744534,3.465751943855556,0.8971466071129643,1.5117696361696562
3369,2269,61,62,8.00867741987555,3.7311091772323897,4.9985367842721455,4.393101895753531,0.945145783586617,1.339691911127589
3370,3542,3424,3110,14.063742145599894,5.071150796120409,6.739842775235505,5.831651654499598,0.9418749609398054,1.3290558782814539
3371,110,2616,3234,14.105575882018625,5.52796600357114,5.992329620749392,5.718140234617873,0.9950769525915178,1.084002618119986
3372,2269,40,2360,8.639427542239183,4.012182469744534,4.929493597326051,4.513549095042664,0.9725037314370398,1.2286314579406266
3373,2785,3645,3721,35.109812501293774,7.762844690209993,11.347879244515386,9.400686920100405,0.8953190614668383,1.4618196933434224
3374,2360,2648,59,21.255327383980873,6.261909355923001,8.635028505425382,7.249504604106504,0.9162633881369194,1.3789769245474146
3375,3051,3052,2749,17.916747581186495,5.274745082914406,7.824748960052967,6.678011277365543,0.9051564447624083,1.483436419590846
3376,3189,3190,2839,22.625098153155065,5.527658523086049,8.814021549357841,7.611401306407381,0.8690783972486584,1.5945307606369725
3377,740,2899,737,19.7886962662501,6.0173687192308165,8.013538276673358,6.921257539553494,0.9406073668874697,1.3317346253127242
3378,40,41,2360,10.311767043843497,4.845195055620407,4.929493597326051,4.880355743638431,0.9997838577860368,1.0173983793713026
3379,29,3061,28,9.642302118865587,4.017135804902968,7.236657874638266,5.417931226513744,0.714429041777755,1.8014471569036397
3380,2601,50,51,16.019335071399958,4.999999999999879,8.427088778725839,6.617425759539208,0.8083475627466586,1.6854177557452086
3381,3570,3272,2947,21.84227112260998,6.158034007195857,8.818552776341125,7.376609319502229,0.9069298193104003,1.4320402852657792
3382,350,3384,3121,18.42290228686766,6.086866514434558,7.222200741998042,6.577363006120674,0.9783258524709088,1.186521952612419
3383,349,3121,3437,14.572070479460276,5.402966526495499,7.16030024394321,6.000612884457875,0.9174686993765339,1.3252534896949588
3384,57,3051,56,9.73672926966588,4.4343122825108185,7.332135740527602,5.462392811735556,0.7117742290120523,1.6535000860101723
3385,3314,2043,2044,15.53392089563178,5.0,6.929260087864504,6.145523640989542,0.9329265238972123,1.3858520175729008
3386,57,58,3051,8.869383858329387,4.345375404415993,4.84727140096815,4.542319695964987,0.990448983161448,1.1155011822550718
3387,2623,3064,3349,12.824490968767906,4.506107011319834,6.149109341402247,5.583447339468435,0.9326480703838612,1.3646168024760645
3388,2748,52,53,9.278077037760404,4.119208134802105,5.385488653974917,4.719469348091512,0.9504943302762386,1.3074087246221773
3389,2898,1162,3411,13.882598674918727,4.935513208858087,6.748794235690447,5.812670369416835,0.9337043585599265,1.367394625462241
3390,2601,2748,53,12.12424891347521,4.512391071750573,6.79404011126526,5.563973278996916,0.8793511095695833,1.5056408017910394
3391,3383,3076,360,17.573785847194337,5.3156491851881285,7.334926247074238,6.53350527722781,0.933996234292134,1.379874026960386
3392,3156,3454,3250,15.102883297225885,5.41794824421593,6.712307123247844,5.9843273617279875,0.966047299098266,1.2389020383156557
3393,2476,3275,3770,33.412145377316385,8.272551266819633,9.591165768690244,8.83884224526348,0.9838053498052183,1.1593963529920257
3394,2751,2602,3119,16.551314429354143,6.084893291694347,6.3857516875756435,6.1874037978671845,0.9979108839586224,1.049443495795063
3395,3547,2615,2874,37.53632554563044,8.972178770356477,10.119590416933018,9.359718056941535,0.986271578636028,1.1278855087425943
3396,41,42,2648,15.182088784454214,4.844041810304773,7.310435982261409,6.171864810839452,0.8961717838321548,1.509160380637065
3397,468,3350,2623,18.958429097156984,6.068354417175891,7.189379621336923,6.664052914460451,0.9811994251862355,1.1847329814798024
3398,2582,279,2767,20.93502672309498,6.329669689486485,7.642667238114082,7.014823243140679,0.9767794453378386,1.2074353975861445
3399,2529,2843,2096,16.48252061427693,5.1428884158978985,7.685797282412869,6.433887705197104,0.8962019886799198,1.494451495127569
3400,44,45,2876,12.208862279445535,4.998535967580714,5.668089486749971,5.331098077583689,0.9894658606550919,1.133949925240474
3401,1832,2910,3238,13.436500342498379,5.21277459743037,6.52055242867349,5.676988773179517,0.9522809972626871,1.250879413026565
3402,2749,46,47,16.22170200671464,4.631655258263227,7.424817243900695,6.4631585048622595,0.8621756601257569,1.6030591289483935
3403,2876,45,46,12.391867934429657,4.999999999999879,5.819742821097516,5.382137199839259,0.9840740185059096,1.1639485642195313
3404,83,79,82,15.479003694106433,4.685795423364238,7.1613794765117795,6.242660069803907,0.8893265782366947,1.5283167166888731
3405,67,68,66,10.371500224562762,4.148651267259017,6.481145062421762,5.20993210989366,0.8532273348182594,1.56222941985283
3406,2739,2579,3332,21.403103747818495,6.61069673691006,7.427953263931109,7.054376047339551,0.9909850876749678,1.1236263830494586
3407,888,2853,2542,17.022013591017743,6.180635354000399,6.369291329178924,6.271250348688075,0.9993928023867826,1.0305237187397598
3408,78,79,83,11.425080694898588,4.5722990328119675,6.880805309535704,5.48436811411585,0.8488374528052561,1.5048896102720568
3409,2640,2740,199,25.64803952121999,6.429533536132099,9.109693550734379,7.924074014529784,0.9249754201636227,1.4168513935794198
3410,2337,300,2907,14.447619483812415,5.195499629016872,6.415447276957325,5.84013276661918,0.9711199067546963,1.2348085333558767
3411,2601,3119,50,21.353440323966986,5.851474990410922,8.427088778725839,7.252911698716303,0.9176993163836801,1.4401648802286078
3412,3,1,2,16.283636026723713,4.574505031242113,7.996328042828864,6.583691593762244,0.8269584307436221,1.748020384329455
3413,2064,3315,2531,19.80550318195431,5.550964835524627,8.373205461112152,7.051794894188295,0.895586138177063,1.5084234379446924
3414,3311,3484,3580,10.907786032032753,4.0602459359052,5.873898744576782,5.1885430106425945,0.9137802016511022,1.4466854563250102
3415,1873,1874,3151,14.50217534837994,4.917486953180301,7.118068898248993,6.002353535793316,0.909205817663255,1.4475013286299625
3416,49,2750,48,11.411159756715168,4.632218004865086,5.693002338004582,5.187901533679518,0.9723205227464623,1.2290013837918217
3417,2462,3276,2953,22.083320945869982,6.146420003732753,8.89582803566412,7.42814259271879,0.9033695184413183,1.4473186066460864
3418,3614,3549,3225,29.375187431447493,7.418152624541611,9.271747327541757,8.341563126778977,0.9669978420332851,1.249872818317038
3419,4,5,1,16.09197106134265,4.999999999999879,7.357222434707562,6.317472708482132,0.90917959256897,1.471444486941548
3420,4,1,3,17.488655821123604,4.843805118452758,7.996328042828864,6.732451865329729,0.8560932636734193,1.6508360363975805
3421,5,0,1,8.838834764831695,3.5807834865292785,6.595195690738955,5.058659725756077,0.7530531893879167,1.8418303467801778
3422,0,5,6,7.253136296511822,3.5807834865292785,5.000000000000041,4.2279256582121505,0.9193991875286046,1.3963424537701823
3423,3490,3007,3317,15.173705519555888,5.085858286193648,6.741938141070718,6.034875869483656,0.94949544216796,1.3256244593705562
3424,3524,3593,3387,12.559289506488572,5.1117957872092665,6.071788291393241,5.444883204738182,0.9718840621560054,1.1877994630744184
3425,2005,2926,3455,13.503094281079335,4.762672925827338,6.634638622892801,5.739625567621142,0.9300151581586954,1.3930493918475997
3426,838,2848,3011,15.889058771316222,5.8214129905501,6.550996800079959,6.085926859473431,0.9878020018045914,1.1253276156002319
3427,2750,2749,47,24.64381049587295,6.793140273845235,8.936141116410264,7.718032878052065,0.9426268561983497,1.3154654189632964
3428,3688,2526,3372,33.817710348972795,8.140419702235887,9.839629258074387,8.92336817546223,0.974812363922187,1.2087373400872423
3429,3066,2644,3075,15.17971539368422,5.75015018018939,6.079713594668377,5.925426333151528,0.9979234128578475,1.0573138794903842
3430,2648,42,43,18.048610017469425,4.999999999999879,8.181943700942044,6.830793227734444,0.8600818233540608,1.6363887401884485
3431,3537,2442,3413,31.993977634436213,7.6216705911182,10.313520680244517,8.829249682689547,0.9328968283511073,1.3531837353694116
3432,841,3653,2329,17.395604062829165,5.776460172957418,6.81717166503272,6.3823574755443095,0.9815241863670229,1.180164228768928
3433,3523,2761,2626,20.89911118582234,5.906203541752022,8.175183064575661,7.129023481410932,0.9336089145465005,1.384168866986011
3434,848,3193,847,13.285396589905796,5.000000000000057,6.029719350361072,5.587557636998256,0.9768600557246968,1.2059438700722007
3435,3192,2526,3487,19.2511782467511,6.00650476396915,8.173203018321878,6.885923319761658,0.9208216363506125,1.3607253035658888
3436,2385,1376,2674,9.755153884833856,4.507139520258382,5.349088429153493,4.798341335644019,0.9720681969724696,1.1868033827465907
3437,3355,3072,2639,21.333320580374647,5.988601677651994,7.7999900944364615,7.149583343038273,0.9512190759623357,1.3024726829877713
3438,3160,3401,3530,17.390888497590275,4.878165737023497,7.614760715376675,6.652052436659543,0.876395287602434,1.5609885202512535
3439,2790,2764,3123,22.717920119666005,6.849501306353409,7.5688912561844175,7.261782958684829,0.9931758630183184,1.1050280768854985
3440,612,613,614,5.800045349664708,3.5819300214256713,3.824923695935918,3.6652509822354467,0.996118817116343,1.0678387553795734
3441,2587,3072,3073,17.962192905160283,5.765237525211517,7.672819016363669,6.600339715031516,0.9385230400863046,1.330876478689777
3442,3383,360,2761,20.11491667289935,6.381077186415586,7.334926247074238,6.849330816711299,0.9870028850577044,1.1494808843073174
3443,148,3343,3050,26.109971439759512,7.351913463492971,8.151232912602316,7.785896411031948,0.9929090216469331,1.108722641129889
3444,674,675,676,10.371500224562633,4.1486512672590985,6.481145062421607,5.2099321098935825,0.8532273348182783,1.562229419852762
3445,2346,671,669,10.612566950737364,4.3083343078760405,6.331815716241546,5.1925896758358006,0.8854959647536191,1.4696667583725782
3446,2642,3074,3357,16.479455926985754,5.891013075663343,6.55641160342308,6.188087325112607,0.991892301606665,1.112951459997364
3447,2563,1680,1681,11.267984845080338,4.68806265606487,7.737841287645704,5.808634647903541,0.730606838152028,1.6505413547823182
3448,283,3116,3381,21.854639955261497,6.939035286032096,7.2946229925341335,7.108801756196509,0.9983160146181944,1.0512445450764338
3449,3736,3691,2585,25.641024784872407,6.500041469882759,9.497026397650748,7.993105676363986,0.9056174179384675,1.461071662643107
3450,3656,2663,2413,44.00680186942722,8.619802668400265,11.512026315595042,10.287788279990677,0.9468761417096084,1.3355324661662515
3451,602,603,604,11.874037686793875,4.846113227005528,6.039633978894941,5.3199231133309715,0.9598408700344799,1.246284124200479
3452,1824,1825,3393,10.633723500986475,4.757976739083427,5.129969966081923,4.962648901721782,0.9961823102803149,1.078183069694905
3453,602,605,601,12.487500000000296,5.0,6.467274193841844,5.513765442644771,0.9345866816704023,1.2934548387683686
3454,3146,1858,1859,10.636596003804307,4.895882660175098,5.000000000000011,4.956815712954956,0.9996817516513034,1.021266306211103
3455,1666,1667,3200,16.847864498926622,4.999999999999927,7.596326256814274,6.499736704790318,0.8954496893803999,1.519265251362877
3456,1575,3494,2549,24.056808136055498,6.180972299431761,9.05721748768302,7.725093403857965,0.9095993958285737,1.4653386310298921
3457,3638,2632,2306,21.489543900287174,6.879666635709982,7.344485232414466,7.054056190314943,0.9964966606948128,1.0675641163035097
3458,2965,3287,2964,19.181321242551974,6.355327246970126,7.072625995045892,6.676065992648582,0.9919137302057912,1.11286574557081
3459,2547,3020,1776,21.8126133559945,6.375226887993904,7.740157577799691,7.164401394900921,0.9750715022472825,1.214099155024001
3460,1829,1830,3141,11.844679310660938,5.000000000000003,5.464579882895675,5.2404171453068065,0.9947646804403993,1.0929159765791345
3461,352,353,3383,13.9320894443199,5.0,6.277865629427038,5.745530389028416,0.9660355534788871,1.2555731258854075
3462,1237,2967,2323,22.37220833888345,6.794663203508062,7.415204159853152,7.20484787369508,0.9936997498793297,1.0913276990719285
3463,673,676,648,26.820517466083416,7.163370673017401,8.401721990990291,7.923315272500909,0.9820083095347172,1.1728727123723255
3464,2528,2326,2636,19.25462141181132,6.14030464073151,7.959765899262242,6.8309285173777505,0.9399125750730948,1.296314493333343
3465,672,669,671,13.630549541606605,4.727444071546735,6.331815716241546,5.7335130014804285,0.9428819554358111,1.3393740085368984
3466,2526,2083,2715,17.53215449032275,5.572110369422055,7.8837794823221445,6.600766339402487,0.910001231417485,1.414864200390894
3467,2480,3287,2965,19.991814947004972,5.841923034776693,7.957438342815813,6.957329124212801,0.939218045177527,1.3621265284471495
3468,2347,648,649,16.373893463433454,4.913562434487597,7.243710624866115,6.379290033501184,0.90504857619461,1.474227858391203
3469,2638,2592,227,11.557788752822356,4.675624947707877,6.164188850727956,5.294188117764595,0.9388739912260489,1.3183668321707058
3470,672,2347,2603,18.404458128486205,6.199177808562939,7.24304879483961,6.574754581241738,0.9781695088659511,1.1683886183801293
3471,2880,652,2605,18.897916501059303,6.186403836275823,6.974458427430816,6.6302517380557555,0.9903369394731965,1.1273849253962376
3472,3090,762,763,11.631348575158478,4.793186984608712,5.5835327384506845,5.212802595331206,0.9847072651466942,1.1648894058128407
3473,648,676,647,12.500000000000274,4.99999999999996,8.401721990990291,6.233258018772634,0.7003375326354452,1.6803443981980717
3474,51,2748,2601,12.322415079648454,4.512391071750573,6.425188499891906,5.504812877653879,0.9204938723251547,1.423898859324546
3475,3022,862,3318,25.16751702112494,6.2116911525235645,9.210011681104875,7.910000394634497,0.9060910946648716,1.4826898915222486
3476,618,615,617,8.802434684137223,3.9680534750546226,5.072273699932036,4.575588686257409,0.961361729990327,1.2782775564440227
3477,2469,2960,3282,23.880228322674025,5.891295567215919,8.952394534970574,7.738869154011295,0.8945092874311792,1.5195969091737924
3478,616,617,615,11.870892806361029,4.844957798845259,6.0425219739811835,5.319917824252826,0.9595199767536144,1.24717742132271
3479,3223,2886,347,21.98899350080133,6.490585788083577,8.304385642907183,7.259339347593872,0.9530241714215852,1.279450871468899
3480,3384,3122,2761,13.498815491350177,4.473960877229906,6.841105958780115,5.825929091609521,0.8924231513170645,1.5290938268141154
3481,3543,3198,3425,12.81699910067589,5.1869969113375,5.724018689658179,5.453836574968292,0.9935281206398753,1.103532311181231
3482,3401,2001,2002,12.975232595835784,5.0,5.841449154095699,5.508745737212699,0.9831112622175584,1.1682898308191398
3483,1588,3324,1587,12.182214448958693,5.000000000000041,5.520897397394761,5.3182841179665745,0.992855780659056,1.1041794794789432
3484,2752,667,2603,25.11176870194091,6.823806697209065,8.944939307992895,7.77725086560054,0.9466962845891235,1.3108430096138821
3485,3738,3160,3530,19.03696628946031,6.124614061074752,7.614760715376675,6.730447512705826,0.961848990782226,1.2433045804098277
3486,620,621,619,5.800045349664707,3.5819300214256713,3.824923695935918,3.6652509822354467,0.9961188171163428,1.0678387553795734
3487,2763,850,3657,13.159055266986465,5.184443120763404,5.822718396676943,5.531226284385004,0.9910528129296844,1.1231135651498003
3488,3106,3772,2722,23.37445834220078,6.724673654618216,8.710252196221997,7.5139674236352825,0.9437301268371707,1.2952676432469212
3489,1804,3448,1803,10.664317733462513,4.770905843729915,5.137646638742155,4.969517494157366,0.9963267776755449,1.0768702646886699
3490,2719,1320,3320,15.920039315253938,4.982261540994519,7.348100305515884,6.287738200738301,0.9078287713696657,1.4748523828094973
3491,3665,3203,2861,17.22321699033874,5.763990101660201,6.927143822281827,6.360228266324689,0.9777989071484566,1.2017966200682064
3492,2354,3075,2644,19.004236359798462,5.75015018018939,7.504178568951288,6.740021674069131,0.954798656428925,1.3050404483008
3493,3685,1106,2942,22.625466612858492,6.564583430591127,8.503216267979223,7.380347361669826,0.9475584148312451,1.2953169622849208
3494,651,2880,650,12.892355608931041,5.0,5.827247355334872,5.489460913025257,0.9839350858075587,1.1654494710669743
3495,3400,1998,1999,13.637816794627224,5.0,6.192600375090517,5.675654185009374,0.9701964035174215,1.2385200750181036
3496,2348,598,599,10.524129386936256,3.822837845822607,5.921282418202858,5.163435937180295,0.8817205859750842,1.5489232494319158
3497,599,600,2348,6.690192281666824,3.5888992293449737,4.629120418108668,4.013619164425416,0.9474270037341826,1.2898440781669842
3498,1855,2795,1854,16.469615508203734,5.00000000000002,8.276023375248997,6.621292036316015,0.8335369330096629,1.6552046750497926
3499,231,233,2741,18.41903200946366,5.457684694935309,7.989342097858451,6.766575083888971,0.907774832439102,1.463870220511731
3500,3197,2730,2558,22.002915908422843,6.600457764284265,7.812861996468337,7.1811140724791,0.9806785660709144,1.1836848708803975
3501,596,597,600,15.146849264148106,4.612772948110485,7.059512869864904,6.181391664011522,0.8867912998439622,1.5304271312024298
3502,2966,2474,929,14.958936019478593,5.24891333470882,6.55297671580545,5.949213623147241,0.9681891675101676,1.2484444489630675
3503,1662,3425,3198,13.750464308810429,5.066695751361508,7.095250210507709,5.870813361926138,0.9011003439642247,1.4003702923352155
3504,579,577,578,5.80004534966479,3.581930021425764,3.824923695935918,3.6652509822354706,0.9961188171163442,1.0678387553795459
3505,3591,3374,3521,23.24389438300698,6.7829709346479765,8.175027945517845,7.398581365170101,0.9746629442041694,1.2052282140498534
3506,2857,1654,2858,14.058347742162074,4.7233058875523914,7.069986352947809,5.938348080657307,0.8972258494491911,1.4968300849580298
3507,595,596,600,14.437390016505223,4.917756695003203,7.059512869864904,5.977691479988319,0.9135330894688481,1.435514871453051
3508,2780,248,249,13.830454183933515,4.680994199645791,6.9153298486191535,5.868335732015176,0.9053497656465035,1.4773207471913625
3509,572,573,571,12.480211508364325,4.998536784271919,5.7952589416888936,5.398207431535308,0.9854810583505108,1.159391076189314
3510,2685,2450,1397,15.228735964409372,5.604057228684011,6.644133875961695,5.989281129628824,0.9745381023529973,1.1855935092800476
3511,3286,921,922,14.684656405718297,4.99999999999992,6.664550545420212,5.941088570100301,0.9477603061891171,1.3329101090840638
3512,3321,3018,2544,31.37489600048813,8.187967343751263,9.17497612743397,8.54872863916688,0.988794120011537,1.120543810477695
3513,1817,1818,2794,15.884792597375984,5.000000000000003,7.043684176133361,6.231017610067329,0.9261575626887076,1.4087368352266714
3514,2855,3542,1715,19.680019406527553,5.843530684786548,7.968549388626128,6.910629293672291,0.9369112959006175,1.363653212153399
3515,567,568,569,12.472958372068149,4.997076070740075,5.79655785740129,5.396888435213242,0.9853634319160633,1.1599899171722656
3516,3069,3618,2626,16.337020200889715,5.184179835409634,7.853671743936377,6.453389537877446,0.8806374647138089,1.5149304216441808
3517,3326,3496,2855,21.618228042575655,6.450542327629537,7.683948650304542,7.119388969139713,0.9799875772743053,1.1912097092041345
3518,1857,2798,1856,13.89897693341213,4.922484638420915,6.237570865109388,5.749221503873696,0.9610548534743196,1.2671590311169239
3519,3355,2639,2342,28.21397156307115,7.355637578270706,9.705368908683312,8.286998860463493,0.9346497882267178,1.3194463165713803
3520,581,582,580,5.800045349665193,3.5819300214258956,3.824923695935918,3.665250982235589,0.9961188171163503,1.0678387553795066
3521,570,566,569,12.487500000000011,5.0,5.804134754566403,5.400388710688255,0.9851964201561821,1.1608269509132805
3522,3793,3668,2470,29.998987767543923,7.279252219000927,10.422961866876971,8.664489863752458,0.9021946190695427,1.4318726090669127
3523,552,553,554,8.582195009437811,3.6899948211189666,5.889908418697718,4.744047838088719,0.8500190425620536,1.5961833835072003
3524,1703,2859,3596,31.0098491923154,7.83663710882087,10.179662753485964,8.686416382283923,0.9352062153672419,1.2989835578870685
3525,555,551,554,12.487499999999443,4.999999999999773,6.102610549969126,5.438753588175872,0.9674800264640866,1.2205221099938806
3526,2709,3649,3671,43.542129113130535,9.546713420167096,11.281474624146584,10.134213143183366,0.9728690493751796,1.181712923351702
3527,585,583,584,5.8000453496651705,3.581930021425949,3.8249236959358996,3.6652509822355817,0.996118817116351,1.0678387553794857
3528,50,3119,2750,22.27002793262463,6.18718893057504,8.311669185564359,7.326343147717182,0.9447285124762157,1.3433676066510334
3529,2595,3341,254,16.394520150406173,5.690164288490163,7.373178833465067,6.309332152551131,0.9376623497500369,1.2957760900470376
3530,1826,1827,2796,18.745922575331047,4.999999999999998,8.010580023266693,6.939946818849587,0.8649494021149127,1.6021160046533391
3531,550,555,556,12.48750000000058,5.000000000000227,6.102610549969257,5.4387535881760884,0.9674800264641008,1.220522109993796
3532,3327,1646,3496,11.933359631417652,4.785974453379527,5.79066794612438,5.297655218186461,0.9761048087917705,1.209924541497585
3533,933,2965,2475,13.426082296852307,5.361517822824676,6.055041853819463,5.59806774708053,0.9861141711951319,1.1293521823320936
3534,3106,2722,982,16.821105062356438,5.259895219814934,7.144330633096656,6.376299835843269,0.9403759596077385,1.3582648198357126
3535,3382,107,108,11.588960832925181,5.0,5.31059804684654,5.178239411933543,0.9974754915888331,1.062119609369308
3536,3042,3513,2340,15.565953300384477,5.636605335573732,7.049344543027667,6.116724111558951,0.9497665605806733,1.2506365309165532
3537,2633,3157,1548,16.062892977684367,5.146805999019885,7.037738936990253,6.236000243015686,0.9385378148425377,1.3673993032436937
3538,3382,3522,3120,14.179835893766606,5.238091305989315,6.397479048595792,5.783536499249216,0.972420976922286,1.2213378261048669
3539,3200,3201,2861,28.545070959473932,6.2837352958355694,9.789417055516028,8.511292417243837,0.879650932036889,1.5578977462662669
3540,3071,3513,3354,12.52710466267259,4.9645976081299095,5.693169132497077,5.4053350629678825,0.9867760474201553,1.146753389071065
3541,3426,1667,1668,12.614441450501364,5.000000000000061,5.8472779529713526,5.430597400432812,0.9838126094772099,1.169455590594256
3542,2601,2751,3119,16.702204437178732,5.851474990410922,6.817062456930562,6.253367953891015,0.9821505043621612,1.1650160802365201
3543,382,383,2604,14.046148446384793,4.620843509320263,6.61372852640701,5.8799400607325945,0.9170169067653143,1.4312816508646284
3544,382,2878,381,16.28354992165356,5.0,6.999051240823078,6.3179724810133635,0.922022048729628,1.3998102481646155
3545,3027,3330,3497,14.747666497284795,5.035871335115131,6.386337299035056,5.928886136298399,0.9580250309134929,1.2681692747992042
3546,3294,2983,1004,25.411372221794636,6.980536756831597,8.100710060656397,7.709644800703333,0.9829186453187033,1.1604709412536975
3547,2878,2621,381,20.252220665396944,6.658847617155763,6.954866202217013,6.842597716532539,0.9985524110441232,1.0444549270505292
3548,3216,547,549,21.317193389175895,6.234238266451685,8.050812746006573,7.135449371778303,0.9565764930873459,1.2913867584000474
3549,3073,2640,200,23.091304369251436,6.714383643746804,7.741498924008455,7.341969758701635,0.9855974512039012,1.1529723850704028
3550,3321,3492,3018,22.174659468121888,6.29032386234731,8.283242446315407,7.29555321976076,0.950321746066271,1.3168228898192875
3551,3124,3385,3676,17.588554951343426,5.359721643855599,7.89133958210184,6.628933665302692,0.9024251446717859,1.4723413092074467
3552,3399,2811,2633,45.750623286866706,9.073224110767072,11.91514019393158,10.478482133316183,0.9506175240406491,1.313220091168259
3553,3765,2415,2666,31.532537517566208,7.770945009133563,9.454600618102614,8.61683203227989,0.9745591196370209,1.216660342724105
3554,3402,3530,3778,31.039572142887884,8.227377902898736,8.992816413293914,8.489904913363727,0.9927677360800321,1.0930355356747978
3555,3219,653,654,13.818119386349395,5.0,6.6686014073991,5.779890246909782,0.9419811183831335,1.33372028147982
3556,2606,3055,664,17.076937892110283,5.119410280341714,7.26206721034405,6.474117662883775,0.9205771827012634,1.4185358884459864
3557,354,3076,353,15.358304414567101,5.0,6.673035483250127,6.088831266012334,0.9416153969358704,1.3346070966500254
3558,2605,652,653,15.889271109330068,4.620621918406205,7.699742348467271,6.431607564768098,0.8515218014552608,1.666386578351156
3559,3724,3450,3557,31.045003503001677,7.610041830430289,9.579120527455533,8.58321322481906,0.964710375209315,1.2587474209604848
3560,721,722,723,9.888781853437536,3.9805268013495354,6.730532560844882,5.23701978739818,0.7953074358360483,1.6908647766328315
3561,3217,2608,659,12.598981290350261,4.977153690133572,5.968179312341752,5.44138947716106,0.9772198792851026,1.199114932732082
3562,3472,3776,2959,32.567183010881216,7.727665263749638,9.383119152994901,8.75931217118393,0.9734061868507051,1.21422432684953
3563,2879,655,2608,19.769533958577814,6.661952627051428,6.882925367660928,6.758810039663371,0.9992506067002286,1.0331693653467635
3564,3521,3019,3322,14.81283065621254,5.611739391717097,6.072026705934008,5.8579222841103515,0.9958571412013012,1.0820222184402029
3565,2879,654,655,15.76062896243868,4.999999999999773,6.834655092497062,6.188735738924865,0.9330623674932703,1.3669310184994745
3566,2960,3880,3283,36.02460508383886,8.915393026570355,9.278325325205735,9.124971265686138,0.9988789260642926,1.040708502424261
3567,3334,3515,3039,17.303872569792386,5.396711942699083,7.185778320013972,6.449159937466685,0.947518293041493,1.3315104449358686
3568,3449,1807,1808,11.755205104636689,4.969599713425455,5.797559205037334,5.255719639487597,0.9775993864448352,1.1666048654532744
3569,3525,3705,2655,20.041497795835422,6.1918870752232085,7.855047805340887,6.916951676774595,0.9577041177419872,1.2686032076994433
3570,1132,2470,3281,21.68031575433379,5.942525877898851,8.988353377065849,7.420152151702317,0.8844635998304162,1.5125476206161572
3571,609,610,611,5.800045349664576,3.581930021425764,3.8249236959359365,3.6652509822354085,0.9961188171163401,1.067838755379551
3572,3514,3074,3356,11.444969717694054,4.7570151058349674,5.811459176295689,5.202723162941712,0.9693437869865202,1.221660862326743
3573,3454,2662,2923,15.381318156705657,5.44895951549289,6.6718703595278415,6.0251706302647206,0.9717466551955465,1.2244301578233203
3574,3388,3358,3079,18.08317023153812,5.654011776323326,7.467809016064377,6.588962932283972,0.9498906418659488,1.3207982776648055
3575,662,2607,661,12.79593041252045,4.99737609425537,5.712230800709635,5.464594178875401,0.985982093429974,1.1430460091398789
3576,3533,3163,3534,17.842686123107576,5.673267669966395,8.363038288104905,6.7761602070635405,0.8722808494344372,1.474113116921635
3577,656,657,2608,11.125188498669127,4.6209996062341165,5.745443092603237,5.135240701640949,0.9663918267239244,1.2433333871857837
3578,2880,651,652,13.142572962001783,4.917486953180203,6.186403836275823,5.581675391065641,0.965831459712992,1.2580417386313543
3579,2608,657,658,12.403623241911047,4.784289065891991,5.745443092603237,5.40199239956235,0.9752100454581107,1.200897983686537
3580,3491,3689,3799,34.0918272159611,8.033411184861455,10.273562590057487,9.028771984554488,0.9556417468114495,1.2788543189993165
3581,3679,3418,3795,47.52774710208291,9.760477429248603,11.307797060711914,10.533961187626872,0.9856080054131476,1.1585290927292713
3582,658,659,2608,12.676168155307813,4.7852865176234465,5.968179312341752,5.47657029005234,0.967876484855632,1.247193724004174
3583,3126,1801,3358,16.80424662400108,5.740545580290183,7.853694405708484,6.490205027856902,0.9013446899661077,1.368109406303413
3584,718,719,720,10.933523489009046,4.409542665131596,6.229817312639232,5.213119992590343,0.9098547182652369,1.4128035004404051
3585,3539,2974,2487,22.36730041683267,6.780489232275381,7.879690975504746,7.235227410951928,0.9826354072360803,1.1621124531836322
3586,3172,3536,2819,23.894492069598247,6.319888047279248,9.213601279698144,7.722837764738206,0.9040047783641927,1.457874128587556
3587,3824,3094,3679,40.39490620674794,9.18491513502219,10.114635199659784,9.680988013417588,0.9938263989955833,1.101222499170685
3588,3094,949,3417,18.041592014912887,5.655256344051832,7.766051018826836,6.63962027779674,0.9292562682702875,1.373244738409626
3589,2819,3598,3171,14.69316206969258,5.382751211214106,7.055428905135176,5.991140965103554,0.9305727354186725,1.3107477251477484
3590,2016,3257,3457,9.613417973153403,4.324763333414225,5.325564978731314,4.769708346780008,0.9685050733839735,1.2314118873476012
3591,2882,724,2576,17.554290777903432,5.956750845733983,7.03905570968493,6.418491249742534,0.9791093412239703,1.181693828058304
3592,3668,3920,2470,32.46804500343605,6.8442119592892405,10.422961866876971,9.028729821693661,0.8930138143777441,1.5228870655781646
3593,3727,3199,3749,16.42915220503613,5.147343930389629,7.208925080097124,6.3293873566651255,0.9295912670890206,1.4005135809045197
3594,2539,3373,3491,43.51950157343188,9.449928457499363,11.201511063923304,10.120577664997265,0.97556225751169,1.1853540600123702
3595,3329,3328,3198,17.91757908226179,5.331836635454221,8.031062368806612,6.71623097144068,0.8932399313095499,1.5062468935007878
3596,2296,2303,2231,4.192739836593506,2.630518047426095,3.4902531580290432,3.176730355055192,0.9454044693969911,1.3268311013658243
3597,2231,589,2257,3.7606377618482676,2.6278427069998758,3.369953116960898,2.9943921961388966,0.9587785914187004,1.2824029033336877
3598,2622,3065,3509,18.27816523472756,5.456527891542749,7.245980371580149,6.64140091519089,0.9420076650002236,1.3279470966896239
3599,3510,3509,3507,10.33211455278982,4.67818466962369,5.102486183962228,4.89397519632652,0.9949948536197314,1.0906978976468387
3600,2623,3508,3065,12.079478941084908,4.966297160763647,6.061074869776625,5.358664225811764,0.963168983486509,1.2204414423007741
3601,2955,3470,765,13.02243255814245,5.2559012269052054,5.92364089561582,5.509047950246001,0.9880758536850228,1.1270457034642174
3602,3349,3506,3508,10.462924994309885,4.657819943512695,5.299859322255208,4.938294015025085,0.9879123832439447,1.1378411760284404
3603,2257,589,590,5.501665327795866,3.2916144299909864,4.999999999999886,3.887189182317257,0.8077049746294737,1.5190114475265495
3604,594,2231,593,5.915405536672703,2.702344158850086,4.999999999999879,4.029910110385827,0.7949890159495743,1.8502454558295425
3605,3470,3279,3572,10.747690904395164,4.537494833930185,5.750220033057133,5.06479906033087,0.9579665686701584,1.26726756580713
3606,606,607,608,5.8000453496646855,3.5819300214257246,3.8249236959358996,3.6652509822354387,0.9961188171163436,1.0678387553795525
3607,856,3325,855,12.479702774025482,5.0,5.593745230547519,5.3886339823475495,0.9899586674078775,1.1187490461095038
3608,560,561,2349,8.800526130688684,4.230473390799612,4.999999999999879,4.546295973136654,0.9781940016794792,1.181900827192017
3609,2961,3473,3284,15.43260972482684,5.124072982852216,6.874780115080715,6.096219121019563,0.9455245231506407,1.341663192169055
3610,2377,559,2349,7.185177650795221,3.5408142714430153,4.739787312997012,4.161187643164131,0.9451759766712328,1.3386150612936187
3611,559,560,2349,6.559484578012739,3.5408142714430153,4.230473390799612,3.922691269388388,0.9792467627732437,1.1947741582829576
3612,558,559,2377,8.618308439300698,4.073140918238283,4.739787312997012,4.489158952252493,0.9833419543548242,1.1636688757252884
3613,2651,2377,2376,9.733365269792207,4.29804642937278,5.037488184481438,4.774974251966887,0.9809618081105415,1.1720413604784081
3614,3768,2962,2472,30.77779823295759,6.884726400398051,9.849922838079241,8.696473151067703,0.9193845222205499,1.4306919789157855
3615,588,586,587,5.800045349664458,3.581930021425764,3.8249236959358313,3.665250982235367,0.9961188171163431,1.0678387553795217
3616,1479,3660,2658,20.137853420548588,6.106008367643441,8.109409588946145,6.985355776134756,0.9396353641404714,1.3281032551345648
3617,1832,3238,1831,11.92843062416351,5.000000000000005,5.583914530744245,5.265563042724874,0.9914756771714609,1.116782906148848
3618,2611,2609,562,10.434473052059317,4.200591344725958,5.705219468986823,5.0220760351995155,0.9410050276813132,1.358194359027568
3619,3685,2469,3282,22.37089111712703,5.655628117954814,8.430320903594572,7.486288793798924,0.8950573131611045,1.490607360981001
3620,3017,1009,2709,28.38636128869077,7.590470169688849,8.451344455998129,8.1222872847937,0.9915280141353917,1.1134151465013358
3621,544,2609,543,11.634211976138745,4.688521977579624,5.763203065374763,5.238977740710738,0.9720814834528656,1.2292153247727606
3622,548,549,547,11.007443020938538,4.443269574445343,7.1212971028766505,5.521522225774038,0.7989250358758015,1.6027155191828775
3623,2663,3883,1558,31.124489474744983,7.437873093992346,10.126814026951727,8.70402355708572,0.9337671263915001,1.3615201414408737
3624,3665,2861,3727,18.87076146377163,5.7421432345464,7.472420035506155,6.713902364111461,0.9557429789900577,1.3013294392501231
3625,386,3348,3063,26.304162888149687,6.813104474905042,8.499330572768262,7.898188776549028,0.9646588372400953,1.2474974666943914
3626,383,2881,2604,19.637396882635077,6.405248146470513,7.314018370524786,6.770164502771036,0.9861236787758865,1.1418790034785822
3627,3471,3280,2956,11.410053665252402,4.926433848570446,5.529511411481499,5.155071447001155,0.9889057430015613,1.122416657048192
3628,3514,3356,3043,13.459880449503341,5.039695206694479,6.449234033161259,5.672494292601994,0.9558893027211648,1.2796873161286457
3629,2376,2609,545,16.695117664054283,5.855263414176427,6.415555366663929,6.22522833201602,0.993143020423123,1.0956903067983168
3630,1851,3389,3137,20.722750888351726,6.5665072577501755,7.867559157558039,7.005592834839937,0.9677911273905196,1.1981345407442117
3631,3318,863,3319,14.20075364092366,5.283298545623261,6.342913134827242,5.777797378065763,0.9768462538478488,1.200559286978355
3632,389,2610,388,11.866879359997197,4.610873528312791,5.763225183611694,5.301041635837741,0.9667364770636224,1.249920464793267
3633,1558,3883,3156,34.63479273905116,7.6953238031033395,10.126814026951727,9.109401363127782,0.9516974978892833,1.3159698390947274
3634,389,390,2610,11.747962791565485,4.729897837266781,5.52902619558874,5.2446676409726205,0.9815930300684976,1.1689525621516899
3635,3237,3447,2908,20.084229639838956,6.363050105172781,7.896893744912789,6.925637428095829,0.9575242139430528,1.2410547794513018
3636,3678,3417,3180,19.19609574820804,6.359753223491165,7.358092337712671,6.7089774014649235,0.980319645946748,1.1569776497826862
3637,3491,3319,3013,18.609582780083578,5.404977864501084,7.661338684552671,6.750046618737635,0.9241223239069611,1.4174597707182035
3638,766,3280,2955,13.235011313827382,5.485721783152198,5.605766068226416,5.529362097229053,0.9996129637550607,1.0218830428919854
3639,543,2611,542,9.969351397665244,4.684386987620545,5.044652254288447,4.807356192299714,0.9950036448422026,1.0769076653188512
3640,2877,557,3216,15.592463220188442,5.772671497663691,6.223577531385706,6.009246572966011,0.9962394301222138,1.0781104613183872
3641,565,537,2612,20.478343545491402,6.2539954627393906,7.784702056131261,6.966505495025737,0.9665717868189873,1.2447565884100251
3642,2374,3118,3117,10.657180527039532,4.684414787478951,5.223915977239775,4.975736249252374,0.9921117101974181,1.1151693891845074
3643,543,2609,2611,12.988276563347323,5.044652254288447,5.763203065374763,5.504358262883344,0.9865464191292291,1.1424381255368945
3644,540,541,2753,10.896974314179811,4.632622609073212,5.294217368644859,5.040698879308991,0.9871317872903413,1.1428121423652948
3645,3425,1662,1663,11.541890534761015,4.999999999999927,5.458759442282879,5.175151731214772,0.9937256047684149,1.0917518884565918
3646,537,538,539,10.254914531407326,4.1991176369853225,7.184214000404777,5.461110545796686,0.7538621696191782,1.7108865770101522
3647,3416,3415,2829,19.38547906393205,5.315677823330041,8.791669584260587,7.137464129424797,0.8451546411796858,1.6539131746613247
3648,540,2612,539,13.552581942545096,4.6329131340841965,6.456715441867901,5.747158430310921,0.9296697461637391,1.3936620987702206
3649,3415,3416,3178,9.904688229372391,4.22077230456286,5.315677823330041,4.845565065097312,0.9654991388329955,1.2594088095165747
3650,1508,3171,3440,9.452311052497732,4.475870905781344,4.992829710758395,4.688397236590624,0.9908916348995406,1.1154990427246934
3651,537,539,2612,20.88736050417765,6.151846714980661,7.784702056131261,7.040254257172234,0.964361816331576,1.265425231934722
3652,3073,3072,3355,20.394029339696516,5.988601677651994,7.672819016363669,6.967155842484083,0.9601790730915132,1.2812371617562686
3653,3598,3552,3440,14.507355140291246,5.4228761304512725,6.154334923277322,5.81126503475276,0.9894362652925079,1.1348839204935297
3654,393,3056,392,12.941450621119184,4.847271400968164,6.430386676693955,5.58832671901579,0.9442312010507312,1.3265992647759706
3655,3470,3572,2690,15.078667816544083,5.507602308644242,6.6375930694226835,5.9651384703746855,0.9721907532712216,1.205169272843994
3656,3749,3596,3665,22.308413747405062,6.4033013362010625,8.420397989218458,7.330026065266108,0.9466801017882319,1.3150088598226262
3657,2279,2885,395,13.087237491763153,5.306527716028744,5.616722293949972,5.502787693327053,0.9974779766069294,1.058455282723628
3658,2652,393,394,15.543294962432126,4.632276549647437,7.469551609235141,6.315860845824111,0.8676289728868688,1.6125012246524117
3659,216,3043,3356,13.397071945380542,4.9078661948686735,6.789510121671353,5.741976651496756,0.9212714088453479,1.3833934854968126
3660,2610,391,3056,17.078637547723712,5.804016360733019,6.740016741508633,6.315156004174553,0.9852736494792941,1.1612677019844584
3661,3799,3318,3491,37.36799212791242,8.800823415579583,10.273562590057487,9.36229819988831,0.9798170859535505,1.1673410662769124
3662,3507,2881,3510,12.583337812624574,4.67818466962369,6.180995344550949,5.493850552514792,0.9506957646691399,1.3212379974406065
3663,396,337,338,8.847673599596533,3.5645132432771756,5.783975839711849,4.782829694329675,0.8614160738637743,1.622655169151265
3664,3507,2604,2881,15.90115291879234,5.622371643369737,7.314018370524786,6.225997677568749,0.9330449359257306,1.3008777851158144
3665,338,2279,396,12.842579039850321,4.76878341106773,6.0074208217037,5.5200600241610935,0.9641459924844065,1.2597386594998743
3666,3506,3507,3509,10.864741269418259,4.754178580247781,5.4587127225966965,5.038048679412706,0.9849661074951231,1.1481926121319987
3667,2793,3389,3136,17.61529610922797,5.841873424820087,7.4147561204635934,6.4926339217269105,0.9548708586363926,1.2692428577724528
3668,2885,2652,394,17.580689511901305,5.540719347479109,7.007920410616363,6.464798045561742,0.9615371034315148,1.2648033533416188
3669,3560,3363,3084,23.118239026915614,6.483696195202552,8.722489744275267,7.495163542230922,0.9360606445400561,1.3452958747094372
3670,2829,1091,3416,19.38143647999042,5.30633990277931,9.041921183083906,7.2177686888489925,0.82239576733675,1.703984544666655
3671,2881,384,385,13.68425949967195,4.9193410591349895,6.1112331499691175,5.695283349649649,0.9653191939857974,1.2422869397560552
3672,3509,3508,3506,10.260021373828803,4.633202811746235,5.4587127225966965,4.916578492618542,0.9742886276947194,1.1781726258038183
3673,3202,1664,3203,15.82990236692376,5.603486717099641,7.549376835219673,6.2780926148786,0.9088606537185685,1.347264161826589
3674,2882,718,720,15.014704278887766,5.127229206589537,6.582319347002893,5.979788622077222,0.959409116597092,1.283796585208882
3675,3435,2874,3215,26.502115446777346,6.708523228678089,9.338634602585078,8.045135909607453,0.9290500982064179,1.3920551937069539
3676,733,734,2736,10.597273459496964,4.188905389360819,5.900050399592659,5.092863985841106,0.9259705665308738,1.4084945471859753
3677,2613,150,96,15.106660736650719,5.343759927358843,6.622450120076937,5.976488433091428,0.9693348119386139,1.2392866090730401
3678,2066,3317,2065,11.504807619249375,4.999999999999993,5.373296518654897,5.161784868237743,0.9962776532253519,1.0746593037309808
3679,95,96,150,15.091423599596396,5.0,6.622450120076937,6.024686732193113,0.9463824936290784,1.3244900240153874
3680,2787,2572,3115,28.478316337182648,7.385407947163513,8.911977388886319,8.181138921829858,0.9769213910535102,1.206700760830566
3681,3720,2439,3643,20.256170003991453,6.109258896091991,7.932439119861553,6.96720061221036,0.9527099783442494,1.2984290328464922
3682,3760,3717,3754,24.206188434482648,6.59913438698301,8.21640838401736,7.567929260366763,0.9678157769567935,1.2450736569669607
3683,3222,98,99,11.392877028741285,4.9625576465517645,5.475558195774972,5.146038614109032,0.9915015773092777,1.103374224696345
3684,2613,96,97,13.441238215501699,5.0,5.963255251838505,5.619831117294083,0.976896061366319,1.192651050367701
3685,3478,1003,3293,27.69060201283645,7.330012639336465,9.070651496006855,8.100514080029756,0.9668216951664877,1.237467374521193
3686,151,94,95,10.575531849364502,4.718974589151009,5.495720673821802,4.984541073313816,0.9778501136952819,1.164600607610082
3687,2382,2908,2652,27.80523009814177,7.6293747805774315,8.646573687561386,8.049961033418704,0.9880537295925653,1.133326640286895
3688,2615,2614,136,26.15371532886031,6.758714883536043,9.109276368600785,7.9500574712950565,0.9419043994626941,1.347782311514666
3689,2746,120,121,11.682561489492574,4.68670427182605,5.974395019989296,5.279281266403696,0.958344427165342,1.2747540005679794
3690,118,3501,3345,12.097187024534023,4.998942792565414,5.651466332751502,5.306240878350065,0.9897045297837402,1.1305323079825083
3691,2540,3014,3015,19.693318139659787,6.224089231504884,8.682128570387949,7.080165649697055,0.8845810106383701,1.3949235377990798
3692,81,79,80,10.132823945533747,4.452732800352599,5.7978712039726314,4.9608656540438405,0.9373111900436526,1.3020927740181298
3693,3319,3491,3318,20.430634595762676,5.707180453746789,8.800823415579583,7.230609058828506,0.875730569249468,1.5420615287890194
3694,2468,2959,3776,24.994574011358935,6.855213936748914,8.46429538370251,7.682391528067021,0.9709143304224244,1.2347237390109378
3695,1764,2854,2547,31.922511493702345,8.460791337895207,8.742490240140837,8.588529705929682,0.9992608802099427,1.0332946282440418
3696,2741,3117,3118,10.490432018931868,4.684414787478951,5.5153226058190095,4.970801521077064,0.9746296416711417,1.1773770803902774
3697,2616,116,3058,15.202762520235702,5.6514441134740006,6.3980177410363295,5.952617081163418,0.9879654781065011,1.1321031602847087
3698,2468,3880,2469,31.817200464480518,7.753639403143525,9.665429754890328,8.680931346949832,0.96721460720937,1.2465668381446413
3699,72,73,2350,11.948782372159386,4.9985367842721455,5.467106371324872,5.263816555004862,0.9945308653698163,1.0937413501741304
3700,3725,3661,3154,21.823091903041778,5.790737127550566,8.543117111145216,7.358630948708556,0.9083134702224597,1.4753073612165304
3701,3123,3719,2628,16.666356311105712,5.905140699130283,6.6289804407896495,6.226468756924184,0.9904725730900934,1.1225778992473414
3702,108,109,2901,16.769862377230925,5.000000000000227,7.2318133366808395,6.440785523091267,0.9107198177373271,1.446362667336102
3703,2470,3472,3281,30.05392331194747,7.329577200142251,10.0250709506065,8.5676818873094,0.9298822457261229,1.3677556940681292
3704,3221,2883,101,13.266399583793257,5.020968367056691,6.403175697449689,5.630704127660583,0.9563295076092764,1.2752870022965817
3705,2754,2613,97,17.64069222724203,5.896238100043748,7.042530665576066,6.436016987872841,0.978289415323461,1.1944108338372248
3706,100,101,2883,14.017891708767365,4.9029494500205235,6.403175697449689,5.790345925686229,0.9538027063272156,1.3059844411455
3707,1876,2657,3152,12.687391691592417,5.1040861391217485,5.913923699635877,5.446858103378914,0.9837162001142217,1.1586645558951079
3708,2615,3057,2614,37.763953595333106,9.109276368600785,9.505871600869188,9.343302183962725,0.9986951405008413,1.0435375123358257
3709,3659,3152,2657,19.35591921014044,5.1040861391217485,8.38382960599736,7.075150165271377,0.8584723561102625,1.6425721230950758
3710,2852,3195,3423,18.063327986646808,6.070886377671192,7.531726753818598,6.576165278977406,0.9545218059407025,1.2406304920349684
3711,2793,1831,3238,14.703437598689138,5.398165477417731,6.861448680533885,5.947842896231954,0.9484974117146507,1.2710704607403274
3712,3120,3522,3697,21.535249401553095,6.397479048595792,7.702766712338562,7.11240543639407,0.9775049511129376,1.2040315652193145
3713,2614,3057,2755,43.22562787858631,9.414758582418203,11.097085226525964,10.076871149283862,0.9779206364265496,1.1786903646418994
3714,3488,3315,3007,26.42358310601043,6.119669763349187,9.791507347929997,8.225627230513245,0.8710820462019716,1.600005837990068
3715,2464,2689,3277,37.028242440428386,7.764353362943224,10.902076625137187,9.507534217882599,0.9285323583360613,1.4041190702588722
3716,3193,3353,2850,15.284063531394638,5.69758926433636,6.090626273378422,5.9489328837973785,0.9964844119577756,1.0689830366506496
3717,105,2755,104,14.137498455888434,4.620005776022399,6.97130239162431,5.948077728299091,0.8982496650708603,1.5089380251005364
3718,3137,3238,2910,17.4901694893796,5.297639293434693,7.401404374182312,6.528350352632881,0.9302378486114732,1.3971136886112259
3719,2755,106,3120,25.46996316942517,6.38332665565462,9.063244676355456,7.898359459545982,0.9242326089739116,1.4198309385164947
3720,2755,3120,3697,29.63320274298201,7.702766712338562,9.03176402102353,8.327679259996652,0.9825866881236892,1.1725350589361787
3721,3490,3317,3009,14.98706057457895,4.971445038261535,6.83804478833867,6.028773669262269,0.9365098129855282,1.3754642233216494
3722,3378,3197,3111,18.751250480866414,5.9115453120943515,7.774559535293893,6.728813432251518,0.9438260848009269,1.3151484298679104
3723,69,2350,73,9.573353904003211,3.9602876762391612,5.325806509417568,4.8065907508812,0.9420959712818846,1.3448029397892516
3724,3234,2901,109,20.288543382038966,6.592383114434413,7.090543232592733,6.854099171742116,0.9964702213925642,1.0755660145217545
3725,2558,3111,3197,28.90236369408667,7.774559535293893,9.174257205724519,8.253892912495582,0.9736927174982005,1.1800356231213445
3726,3209,3431,285,8.21097148631188,4.013895053199231,4.621574134494965,4.3771714360141685,0.9861758280111954,1.151393863875786
3727,3659,2807,3152,22.840521285317887,6.089398874196024,8.594393951789703,7.473775858893582,0.9264107788527906,1.4113698460793325
3728,2351,111,112,8.222196304364092,3.4468413454184104,5.417794621198569,4.571959536963617,0.8795277012808065,1.571814330357844
3729,2616,110,111,12.430626435549565,4.6204353443155535,5.992329620749392,5.44908920960462,0.9554137017649025,1.296918834308905
3730,2351,113,114,6.359614095052303,3.595670528162345,4.05203282226824,3.8460341672183382,0.990505969263358,1.1269199417831894
3731,2351,112,113,6.880506394108284,3.4468413454184104,4.850075119006166,4.116316428897606,0.9198546169250597,1.4071071549182135
3732,3551,3439,3226,12.852721788347008,4.943497464802308,5.975928208163063,5.496695272509615,0.9765757748410248,1.2088462168154552
3733,3277,3278,2954,11.926473578271489,4.234019683526317,6.03753518115953,5.423665980342432,0.9143204519210237,1.4259582223130216
3734,1648,1649,3424,10.645312659451136,4.643059530386176,5.29599262523554,4.979684051873924,0.9885712222134051,1.1406256134723858
3735,115,2616,111,15.424309515562005,5.483385596814178,7.125098544324211,6.114328934962434,0.9397082934269175,1.299397683880532
3736,3071,2340,3513,18.624641641248218,5.558238448276661,7.501976324492771,6.703186438599033,0.9427793113434653,1.3497039384517173
3737,3093,2694,3414,27.38569257655896,6.673987531082743,9.04657953553588,8.137915293153766,0.9394890876203212,1.3554984173109812
3738,3057,102,103,15.654778572125037,4.999999999999773,7.115815629804048,6.194642296777089,0.9232850216218855,1.4231631259608741
3739,2904,2906,3236,13.369084076832136,5.445878114809037,5.642436958831214,5.558319176833078,0.9991205921645182,1.0360931405144145
3740,72,2350,71,11.225911566556082,4.685795423364088,5.467106371324872,5.121901980735033,0.9842587596981615,1.1667403028448593
3741,64,68,63,11.667011117722677,4.6208239015625,6.244670252002554,5.334435019955895,0.9318278235089352,1.3514192241541518
3742,2467,3573,2958,11.74990850970153,4.702271133534953,6.051759940479567,5.305070312923142,0.9535312223163578,1.2869866004366552
3743,2847,1963,3010,13.638296865272853,5.037725029682951,6.436781311297205,5.702794783580603,0.9587776956692704,1.2777158882969646
3744,65,68,64,14.249968273369824,4.6209205582746025,7.163029792709621,6.009540200995592,0.8841896232227424,1.550130477764416
3745,3588,3068,3511,30.997506308394502,7.502514587509983,9.144009797459164,8.551561419927523,0.9715420491207323,1.2187926715506698
3746,3379,1671,1672,13.642637969789906,5.000000000000073,6.322470979390594,5.690325068454308,0.9642929043596026,1.2644941958781004
3747,3548,3223,3437,13.848955502431568,4.914377627267948,6.352580116136303,5.747304945404667,0.9575065901970355,1.29265200966412
3748,2957,3573,2467,16.052881109781755,6.034891402491713,6.182776611542714,6.089809318171331,0.999525332283751,1.0245050323506968
3749,21,22,2617,13.399873285928532,4.725657093043595,6.177734705137452,5.671341542409451,0.948904028967721,1.3072752811945216
3750,3689,3320,3014,23.589433887488273,6.593469712999758,7.952815873290029,7.451103922251431,0.9747219588923223,1.2061655273262528
3751,3352,363,3512,8.075145243996094,4.081847390225059,4.468421243802933,4.3286797193515945,0.993640287918259,1.0947056116070422
3752,2617,3060,20,18.974867669211225,6.2425218198197205,7.145018518817314,6.65210137982367,0.9871795510903973,1.1445724540573023
3753,1810,3398,1809,15.269590013300757,5.0000000000000115,6.601250243658862,6.0664482535888595,0.9436227211548018,1.3202500487317694
3754,3118,2374,230,9.80165676986823,3.9761036853123417,5.790729618743201,4.928570429031313,0.9111348501512452,1.4563829510115787
3755,3022,3318,3799,40.30740142873733,9.01250859402786,11.24701570028294,9.823178658471893,0.9545809354926793,1.2479339778644734
3756,20,21,2617,15.144539070458498,4.999999999999879,7.145018518817314,6.107584407984882,0.9186517128522479,1.4290037037634973
3757,3447,2622,3063,38.99918175291082,8.745116800716158,10.326897749001471,9.555955860438281,0.9818023914083478,1.180875908730662
3758,3128,2773,3524,14.700890578857644,4.746735864543374,7.111846936283123,6.059334293873505,0.9009758337223619,1.4982605182239834
3759,3775,2950,2460,27.701900204333178,6.924626169012855,8.769782397425825,8.120731451750267,0.9596697574326674,1.2664629372586054
3760,13,14,2884,11.378577283633119,4.899487798913375,5.555908523328332,5.151798774080583,0.9869792919501539,1.1339774179171422
3761,2987,3298,3479,23.97886904362682,7.1812123767271725,8.039976452421406,7.475396027841789,0.9881481517132218,1.1195848320093291
3762,2884,12,13,11.041085652494669,4.510381396146401,6.530448157639799,5.313439117566525,0.8792993184188226,1.4478704978739296
3763,3194,3541,3422,13.994398525781131,5.0134498141723585,6.5076629966856885,5.7827035883116364,0.9558132728265795,1.2980409175114085
3764,843,2850,3353,12.079905418271153,4.69474629751651,5.69758926433636,5.336201219236617,0.9726471441915263,1.2136096187669068
3765,2620,33,35,19.531314027589627,5.9487916836116375,7.237766021927007,6.788933137584791,0.9712024753842428,1.216678345262345
3766,767,3128,3387,8.664987979555008,4.060857034463807,5.125290820741842,4.541784040850675,0.9610521829778959,1.2621204778312471
3767,2887,10,3224,14.274857169550017,5.43966161191236,6.163357774509915,5.765719221255883,0.9889900451515362,1.133040658450652
3768,9,2887,2297,13.952068924495816,5.172703137159371,5.990404186689275,5.712556133580446,0.9829727562583167,1.158080026602677
3769,2669,3601,3743,25.211572195391742,6.79261955936445,8.192485411370384,7.706558862459846,0.9734887325176621,1.2060863029015145
3770,3413,3414,3177,21.4806751643816,5.9035884924712425,8.02972352162449,7.210344934859493,0.938447225335151,1.3601428236173092
3771,17,3059,3346,11.52933584529789,4.8164306638705625,5.935568357113019,5.238300547711159,0.9616925058920457,1.2323583108207976
3772,3488,3489,3316,18.817160426450453,5.153334110697126,7.810567197683033,6.881966020605255,0.889436892916893,1.515633768334583
3773,2619,22,23,14.96605213833542,4.615906022249972,6.919141895677896,6.127801959159695,0.8932361353730395,1.4989780689480408
3774,2461,3277,2689,43.247202486045595,9.703317449254026,10.472976551838832,10.01082222222008,0.9954936170076554,1.079319171676072
3775,25,2618,24,9.521595718466374,4.391576869675184,5.1073686996116585,4.718020783513693,0.9839841280737555,1.162991984696699
3776,864,3013,3319,13.441539017794488,5.17950913431589,6.357442494461552,5.647309831092842,0.9654517453509501,1.2274218134574724
3777,2618,26,27,10.585995189369653,4.652240274449661,5.293580622643936,4.965422639785966,0.9888053158835453,1.1378562392223266
3778,2045,3489,2044,11.570336925134457,5.0,5.540777801298763,5.1881128453743335,0.9904278467950672,1.1081555602597526
3779,23,2618,3061,14.604834254514483,5.397513349208352,6.577881941329037,5.878481506806517,0.9688563200712914,1.2186874799103198
3780,23,3061,2619,18.007586044165905,5.95719132695094,6.919141895677896,6.484738387985957,0.9852250602574649,1.1614771988898516
3781,3007,2065,3317,13.508819855338928,5.085858286193648,6.8210541496777335,5.76006965150876,0.9242265681849369,1.3411805374511798
3782,2951,1034,3278,18.116495595668013,5.25036052034802,8.503036318251418,6.886745013697573,0.8505304927924965,1.619514752424619
3783,3062,3347,2619,12.912983563065458,4.727098909374604,6.25631748714915,5.56629326548925,0.9501906958723354,1.323500440141385
3784,3062,2619,29,17.40297211631996,5.566212511097339,8.239063493980922,6.68719783074247,0.8736647708898174,1.4801920475646104
3785,3041,219,3354,14.466515184450525,5.30108064439319,6.927839984395588,5.928000015050891,0.9370917472982901,1.306873154575186
3786,2619,3061,29,20.968628776701625,5.95719132695094,8.239063493980922,7.144304231856709,0.9328070883596409,1.3830449689783437
3787,3131,3525,2655,21.17042973465778,6.261533455300547,7.855047805340887,7.082578768084026,0.9664678146590229,1.2544926672381491
3788,32,33,2757,11.069759956558617,4.728259037680426,5.722983504435532,5.116457263358729,0.9695691837305748,1.2103785894190549
3789,2236,39,7,1.8695121590694743,1.3969739524291072,2.906704213594991,2.331038688396936,0.7345296996957101,2.080714682289324
3790,39,2236,38,6.73550624187366,2.906704213594991,4.999999999999879,4.218086812774843,0.8334781231774757,1.720161266018848
3791,3735,2532,3680,33.122738328557965,8.287954222307565,9.582626238658944,8.80293194995969,0.9831333932651388,1.156211289496108
3792,2236,2304,38,11.611344564785767,4.74755622472966,8.104406251036961,6.011714636484946,0.6990052012190576,1.7070690408723805
3793,3828,3858,3578,48.0585125419241,9.933533137981247,10.911902016141736,10.562194649419757,0.9930920879315855,1.0984915301102343
3794,3520,3780,3849,38.759616967161655,8.485778410805533,10.478927216828392,9.565149833670871,0.9711786029531689,1.2348810809724708
3795,2539,3491,3013,31.197487346762763,7.661338684552671,9.710293473569129,8.618179528700805,0.9608657462265151,1.267440831606584
3796,9,10,2887,12.769875961381215,5.000000000000227,5.990404186689275,5.476688599533954,0.977866062803823,1.1980808373378007
3797,2342,3639,3716,39.358100195899695,8.71874923013833,10.281312623616783,9.598523446313477,0.9820183106067908,1.1792187562955818
3798,33,34,35,10.294983720268238,4.21139001460499,7.180241707215727,5.463877240606919,0.7564372791421402,1.7049576701076932
3799,2297,2270,8,7.837115902712812,3.554810345087617,4.8772250797664505,4.360000366879063,0.9357123992917675,1.3720071132645022
3800,412,2514,3439,17.968039232544406,5.373089763017697,7.841242411872304,6.674623174498476,0.9104863789020886,1.4593544418041535
3801,36,2620,35,13.4313625969973,4.631992957806493,6.676085557023286,5.752290066147139,0.9175811733278386,1.441298727747804
3802,2008,3363,3456,9.430641826059201,4.255380997750449,5.183226138064133,4.71341100595491,0.974031017644716,1.2180404388712025
3803,2297,2304,2270,9.973679916831461,4.399759943199273,5.652414564229753,4.900046727737382,0.9477230085105034,1.2847097653513377
3804,3577,3481,3306,13.7203217800629,4.2025912581595515,7.090252123101626,5.992990965636281,0.8439191606528231,1.6871143748123327
3805,36,37,2889,9.939903709889226,4.49672200018178,4.999999999999773,4.805871344766884,0.9917907607713137,1.1119210838023004
3806,33,2620,2757,20.111826710257166,5.722983504435532,8.0844429469744,7.01506415777898,0.9258638697738222,1.412627336896681
3807,2771,1238,3644,26.39743703123772,7.241830571161306,8.77522321003594,7.893009391884232,0.972003351474205,1.2117410264997042
3808,2946,3706,2454,39.11584598322598,8.006185708506967,10.84409223918103,9.721681330485476,0.9406944083833777,1.354464239776333
3809,2855,3196,3542,15.523795132990557,5.60568088602165,6.684576646090171,6.0445960722994565,0.975492366740591,1.1924647124952938
3810,3314,2044,3489,16.561665561623993,5.540777801298763,6.929260087864504,6.261878653891622,0.9674620175485874,1.2505933889354452
3811,134,135,2352,10.398568081448056,3.5433211782807637,6.5027612927497636,5.320813531110612,0.8018691743609826,1.835216443998716
3812,2621,379,380,11.324313830392072,4.621144933396101,5.838794311691385,5.1901206478873165,0.9619217651836035,1.2634951718340561
3813,3135,2163,2164,13.269335479170296,4.999999999999998,6.288003924302245,5.613316030476212,0.9640277500419433,1.2576007848604496
3814,2878,376,2621,16.36073376417421,5.8444999777369695,6.914079330224841,6.211893367669709,0.9729406232112803,1.1830061350949
3815,3032,713,714,11.214084773996953,4.99999999999996,5.153062867616371,5.090239884935403,0.9993438818907677,1.0306125735232825
3816,378,2621,377,11.682279338136901,4.573558992504341,5.727408198167742,5.2604518648832865,0.966353197747102,1.2522869405542725
3817,3670,2973,3290,30.93447490704586,7.3191844208922205,9.92448790813026,8.652730737281656,0.9399652558153732,1.3559554367562239
3818,2908,472,3237,16.523411388266695,5.327382081720718,7.040303619378683,6.294884711767106,0.9506700615743824,1.3215315724275403
3819,2759,466,467,13.756349649866596,5.000000000000201,7.454083781911556,5.985565748792616,0.8598426853375691,1.4908167563822512
3820,2908,3447,2652,30.71997352880055,7.896893744912789,8.805928376701864,8.44979860305868,0.9914550959549917,1.115112936953809
3821,469,3065,470,12.65828211348237,5.000000000000201,5.676539001538484,5.431455135250563,0.9877913938629009,1.1353078003076513
3822,2623,3065,469,15.764303679768322,5.676539001538484,6.435240869559799,6.057618246958302,0.989546728550873,1.13365571307018
3823,2783,3350,468,18.742814968816212,6.306591779963231,7.189379621336923,6.618590816680143,0.9844336391507961,1.1399785925860004
3824,1120,2443,2681,14.622347210011107,5.155354802170414,7.561397103280684,6.130524873817333,0.873663922736837,1.4667074126687307
3825,2353,371,372,9.928583253537216,4.332360662386139,5.143667111970519,4.825342591452206,0.9795032585480559,1.1872665996227414
3826,874,2721,2851,16.299372372545214,5.456807454483768,6.710782260750173,6.201824603051269,0.9713366641975258,1.229800083056996
3827,2380,2907,300,13.077095347581366,5.195499629016872,5.7706395483891795,5.51066212118786,0.9926442200925305,1.1106996363083446
3828,373,3064,3350,14.989968674511356,5.2460665650400315,7.942809499634273,6.303336366341534,0.842004828074572,1.514050460694767
3829,2783,2624,2760,20.605374782291694,6.621988558503603,7.490632161362315,6.933986800530124,0.9865290812208451,1.131175642359461
3830,2759,2758,466,18.950877672693547,5.751767264813565,7.454083781911556,6.72487405281722,0.9568950352618204,1.295964081772208
3831,2759,467,468,11.123458110522078,4.652789739977799,5.50261346446609,5.1038071366442965,0.9815804261757188,1.1826482114990964
3832,2645,2644,465,16.473827992707875,5.343590591424284,6.87890737444734,6.267043394663894,0.9578881425642318,1.2873193139996588
3833,2624,2783,3066,16.76430797663022,5.910194941216145,6.6893396817244515,6.248669101247945,0.9888447207507657,1.1318306330430417
3834,3066,467,466,11.680028274021947,5.000000000000201,5.434487090708228,5.2029502255316835,0.995251631825236,1.086897418141602
3835,2644,2645,2354,24.177181722105928,6.87890737444734,8.215315737018315,7.532800560138981,0.9788512545866765,1.1942762549086285
3836,182,183,3034,15.800928463514092,4.821076037375666,7.4585211044545465,6.318346514736146,0.8868884044508024,1.5470656439831976
3837,339,2261,2279,6.9348867734265385,3.545590435106869,5.858096121514222,4.466507726217828,0.7643965139402088,1.6522201954038302
3838,2239,2244,2232,1.8781164444007845,1.7601053114751108,2.5113112651651033,2.1498884401799008,0.9196115498067915,1.4267960268016129
3839,2358,482,2260,7.560035215479933,3.9600437202423917,4.729161939036977,4.22749421372009,0.9700754879408257,1.1942196281478195
3840,475,2249,341,2.08920653588748,1.9976242748424538,3.0829274907610573,2.3964119886811006,0.8067582165370493,1.5432969700992436
3841,2219,2232,475,0.7239453565638185,1.0000000000000884,1.835635596103224,1.4297346404192097,0.7737297792173512,1.8356355961030617
3842,2358,483,482,6.506064323049161,3.820921754704558,3.9932769818809026,3.8788099773809783,0.9982323267008625,1.0451082849221212
3843,3347,2756,3505,19.522893061449658,5.529990598290308,8.48761032051663,7.041923499278666,0.883197848642064,1.5348326854553282
3844,2235,2221,2224,0.8820123991421703,1.0000000000001312,1.8758016332760625,1.5588725733045583,0.7873098974855163,1.8758016332758163
3845,3346,3059,3587,11.685905027555762,4.709674617808565,6.798812733300584,5.490463324419681,0.8702323945927343,1.4435843842783571
3846,3346,3587,3504,7.904687076246977,3.8493195507879037,4.709674617808565,4.315597552122042,0.973586404644321,1.2235083514551444
3847,342,2212,341,0.9651055796757426,0.6584299214487022,4.999999999999886,3.3805649010439507,0.14684776411897327,7.593822572641746
3848,3225,16,3504,12.401057511872592,4.455756398922616,6.619485502190992,5.569881478042685,0.9004295416501052,1.485603096208661
3849,2381,2382,2358,10.50044957231089,4.57784251250288,5.989949486098653,5.070814470571332,0.9278184834853916,1.308465607923179
3850,341,2212,475,1.7643909463889997,1.6961888559434892,4.483264781683264,3.0874603761292705,0.37634303802263486,2.6431400996261645
3851,2221,2235,2252,1.5428525913290394,1.7854598357543339,2.1502604329224786,1.9121787851047645,0.9669608311323323,1.204317448011381
3852,3502,3345,3586,14.380390529182034,4.960413645563273,6.835090153836745,5.91553204092332,0.9333950228238566,1.3779274556972145
3853,3626,3502,3586,18.502162087235845,5.951092323369939,8.022976628731339,6.751424111616128,0.9207189781630545,1.348151934599487
3854,3585,3501,119,10.07788000899106,4.404849640975898,5.237378133914559,4.860152058237915,0.9803798094520946,1.1890027040183406
3855,3219,2879,3500,14.931834905084303,5.1782438022009165,6.418001477203611,5.9427886348105945,0.9682388938413893,1.2394166289497144
3856,3690,2868,3208,21.299873601634477,6.361341766318704,8.24182944448747,7.15947846291986,0.9480044020025042,1.29561179814695
3857,3337,2868,3499,29.257123453051964,6.970959983072271,9.394423720708595,8.39971170990294,0.9432935415009844,1.347651362727841
3858,3584,3500,3344,13.635948115156161,5.597373741156986,5.618874802061941,5.6117003318346335,0.9999869811519408,1.00384127662351
3859,2901,3234,3502,22.552271051780824,6.592383114434413,8.17479544255861,7.309859360155618,0.9669524572900787,1.2400364633935506
3860,3712,2756,2757,26.500391904547953,6.858986864700389,8.96565233425855,7.963455203545493,0.9538432375916316,1.3071394523876498
3861,1124,1125,3266,14.557531215247742,5.000000000000057,6.353717958417134,5.891407067460984,0.9576431619151973,1.2707435916834122
3862,2625,367,368,14.271843762635374,5.000000000000121,7.642938178010565,6.117420629053012,0.8523186189782322,1.5285876356020762
3863,1822,3394,1821,9.720668825763536,4.433122561591644,4.999999999999998,4.755429696921766,0.9902178371688689,1.1278731707802876
3864,3206,728,2866,12.4825652302653,5.109917010178998,5.786812148923912,5.393050248303055,0.9883354574078197,1.1324669534547298
3865,2267,2762,2627,14.598319369806386,4.896894461405202,6.470049121999567,5.929436664965356,0.9445722064828515,1.3212555779980883
3866,2909,463,464,12.194442158603758,5.000000000000041,6.164483089285945,5.398368410720313,0.9567147158138175,1.2328966178571787
3867,242,2595,241,12.639302079969916,4.999999999999773,6.496926069373422,5.545199724669973,0.9353918613661518,1.2993852138747435
3868,2644,466,465,11.854562788901076,4.729076960098432,5.781825774461617,5.284831108661444,0.9737180741628045,1.2226119014864316
3869,2625,365,366,12.117872724506421,4.620863250879032,5.822571083570106,5.363401359658064,0.9634426384217812,1.2600613278184487
3870,3075,2624,3066,16.917376886341547,6.079713594668377,6.558655025245985,6.2616137669058665,0.9953211301176164,1.0787769724872596
3871,2627,462,461,9.617317714395515,4.361159240817147,5.074240440855018,4.739632780406722,0.9849407022127795,1.1635072604925705
3872,3548,3121,3597,21.660790346194283,6.767456638149016,7.799535145970181,7.124350086284088,0.9811492425266792,1.1525061131538261
3873,2625,3067,3068,37.3242181843102,8.64451024432307,10.462820252808148,9.38866486948321,0.9712016008771577,1.2103427443653247
3874,1324,3422,1325,11.031966345440349,4.939060541477352,5.216278654645611,5.051779732040974,0.9977523702462006,1.0561277009747563
3875,2735,698,3331,9.566335904888113,4.167737985511437,5.2271399490869035,4.759723085281976,0.9668586952765093,1.2541911145226334
3876,3068,364,2625,31.413692165291717,7.978434358016791,9.058664111318407,8.551617368189275,0.9893624907772077,1.1353937006721366
3877,3150,1873,3151,15.194471424893376,5.36156331154458,6.651943881596188,5.995003983030474,0.9688624953444626,1.2406724485138776
3878,362,2626,361,15.739988955431922,4.725347926443568,7.308936244262722,6.3047957550307245,0.8859698069522027,1.5467509182469101
3879,3471,2466,3280,16.38370325066011,5.529511411481499,6.577491798431994,6.202931334263536,0.9775858779415972,1.1895249523808675
3880,3114,2733,2561,19.442769893740365,6.092321160793532,7.768958741205823,6.819038524316999,0.9554917958900668,1.275205055045704
3881,3076,2647,359,18.08694718982817,5.764139427461548,7.142529978595137,6.536395435112361,0.9701565321983027,1.239132062726771
3882,2355,2646,2647,10.145972717373082,4.395781352939687,5.372583016970753,4.8898850623255905,0.9734548185116589,1.2222134327445173
3883,3173,3011,2848,15.955525766717537,5.805224521311424,6.627642711662087,6.106079340254581,0.984672327577973,1.1416686275150087
3884,3384,351,3122,10.891251060442713,4.473960877229906,5.7111630496958234,5.09210441741651,0.9605733570600707,1.2765339721146471
3885,3658,3151,2807,27.273772936099764,7.412391429227084,8.245151022657787,7.963839568342269,0.9907395958992106,1.1123469532581791
3886,2761,361,2626,23.53690588366149,6.830177073186743,8.175183064575661,7.438098794008376,0.9770108297163326,1.19692110130922
3887,3886,3670,2484,31.347451957771977,7.882153191555524,9.31132332375014,8.569702795219051,0.9811897808917611,1.1813172235380738
3888,2627,461,2267,9.366818333834647,4.1327194980794,5.074240440855018,4.701284800113206,0.9713855616588025,1.227821158250196
3889,2354,2645,3717,32.32851861974781,8.215315737018315,8.9433453264263,8.657519965304408,0.9947543719336842,1.0886185769011256
3890,2259,459,2263,3.035513461533119,2.3157176040398957,3.094768563611659,2.705566927301432,0.9446146980620862,1.3364188095356127
3891,343,459,2220,3.355856261005556,2.2497807224534934,3.555008896627444,2.93492987302696,0.8708015413870972,1.5801579510160157
3892,2263,343,344,8.365952515060826,3.8624528214911167,5.0,4.468178860926892,0.9572570215364493,1.2945141937215243
3893,3039,3498,2583,21.927658387645604,6.2717377726643555,8.327992047983345,7.269182152187828,0.9456963211469418,1.3278603713760586
3894,2282,2268,2280,13.790058121016228,5.051451433497896,6.625497795705429,5.762996969901891,0.946793167681211,1.311602790391984
3895,2266,2259,2263,3.5343906090781374,2.6792269775265987,3.094768563611659,2.8726475222028416,0.9856339732021442,1.1550975671604646
3896,3330,3201,3497,18.95691855360749,6.283836155927343,7.38494841112582,6.67774478059939,0.9762663362738282,1.1752293070467525
3897,2268,2264,460,3.297725709087543,2.3158562552133852,3.9704858151952025,3.056580049625141,0.7760127185651305,1.7144785244148748
3898,1647,3196,3496,14.024362873107217,5.369455592407824,6.1961990494766805,5.724175083848775,0.9848238017669462,1.1539715605876013
3899,3495,3819,3777,24.97621618009982,7.309196275226724,8.274317745529048,7.637185540267796,0.9854854653174278,1.1320420787677352
3900,2855,3496,3196,16.07630276916143,5.369455592407824,6.684576646090171,6.168191522042512,0.967476650282136,1.2449263302488005
3901,346,2886,2280,25.591561751147903,7.1539537317910185,8.139554369470053,7.720322075273536,0.9887092225970872,1.137770060393204
3902,3497,3201,3200,24.049836533486424,6.534184546077289,9.460724900379915,7.7932859525276745,0.8922760558219488,1.4478814967140063
3903,349,350,3121,16.855473056809753,4.999999999999886,7.222200741998042,6.460833661980378,0.9092740581012169,1.4444401483996412
3904,3305,2026,3481,14.488715666880793,4.973947839943866,6.9906936066717416,5.965100712312684,0.9227641482231784,1.405461784406375
3905,357,2646,2355,9.220499503327524,4.37507396512081,5.248555088709117,4.673136802256539,0.9677328633029428,1.199649452912549
3906,3358,3388,3126,18.29100048083645,5.8763750975720415,7.16730352501379,6.562915542350015,0.9743563653208305,1.2196810799186604
3907,3488,3316,3315,23.92310569013617,6.3165990559356695,8.765704580260552,7.630956944626419,0.9324986501460961,1.3877253412219466
3908,352,3383,3122,11.002792391407674,4.594564395219728,5.958725537658211,5.152138951538391,0.9451070689812112,1.2969076119289527
3909,350,351,3384,13.67940416507805,5.000000000000114,6.423021761929423,5.711394937208453,0.958543619323632,1.2846043523858555
3910,2761,3122,3383,13.391851286261744,4.594564395219728,6.381077186415586,5.7127873401512845,0.9296061057347864,1.3888318102701052
3911,3494,3021,2549,21.40179876236882,5.848909773688868,7.9370904244591145,7.204377846394226,0.9356655522580246,1.3570204929752652
3912,3019,3521,3374,18.812263208019797,5.611739391717097,7.299115861474121,6.716200156178566,0.9502858029500287,1.3006868908145635
3913,3076,354,2647,17.925096781075833,5.764139427461548,7.062492494559719,6.499889135090464,0.9730102790537414,1.2252466449566695
3914,355,356,2355,11.012412156635492,4.767551774047817,5.430716284391379,5.066089352813066,0.988008636739844,1.1390995927833443
3915,3583,3492,3321,24.15169633398409,6.29032386234731,8.976699080352516,7.706484352235608,0.9203448542621137,1.427064691229229
3916,3018,3492,3295,18.86100300931331,5.613409837410006,7.313093350619561,6.726417936363055,0.9496981763148881,1.302789848316826
3917,3794,3926,2983,26.392259803215605,6.802622392853786,9.07474303651742,7.971729915924695,0.9462705687467023,1.3340065804696901
3918,2647,355,2355,14.095768529621633,5.372583016970753,6.581765292993776,5.79502153145197,0.9604766618872537,1.225065349796084
3919,2725,2552,3494,25.353613369597493,6.42149268997533,8.92718717371628,7.8538262799061656,0.9324487764598874,1.3902043659806107
3920,3559,3455,2926,17.74348815542116,5.821565154143285,8.003091759499283,6.651172032491445,0.9072159269725631,1.3747319745796156
3921,3819,3022,3799,37.22646176036961,8.449912748735487,11.24701570028294,9.542714750298195,0.9288687708948529,1.331021518768467
3922,2264,2267,461,4.625823120695812,2.3158562552133852,4.188167026430983,3.545580926574589,0.8015506407188019,1.8084745186592253
3923,2496,2986,3296,16.19560612866646,4.72155797708428,7.3100608053668825,6.411699729505528,0.8792215142264447,1.5482306562464556
3924,3514,3357,3074,16.443267643425582,5.811459176295689,6.64819602249637,6.192164165014486,0.9873039143785474,1.143980508305666
3925,2850,847,3193,14.99627474433795,5.573747939280765,6.090626273378422,5.89803118767342,0.9940425626918488,1.0927344292796195
3926,2475,2965,2964,13.514021162921061,5.2416376767017745,6.355327246970126,5.658202829423117,0.9673901143330494,1.212469773563045
3927,3689,3373,3320,28.47693674937363,6.593469712999758,9.39523874989455,8.366597166279284,0.918688336341743,1.4249309026734125
3928,3503,3505,2756,27.817706088748263,7.309990040443545,8.48761032051663,8.065668573038808,0.9831717167521858,1.1610973850248407
3929,1674,1675,2562,15.558181129418568,5.000000000000049,6.75784394500313,6.138536386424583,0.9373529631525636,1.351568789000613
3930,3488,3007,3490,30.139555844729507,6.741938141070718,9.791507347929997,8.629264938147704,0.9125196677081951,1.4523282686742307
3931,2881,3063,3510,22.478197105692026,6.180995344550949,8.79047177693518,7.4501528148578275,0.9164751617178384,1.4221773819462098
3932,870,871,3373,21.69589096434599,5.000000000000114,9.236635524547852,7.702461414622289,0.7952861027774435,1.8473271049095283
3933,3533,3534,3403,13.852686151290873,4.920522376654188,6.292174663119324,5.742108006419002,0.9600618357698354,1.2787615178772584
3934,3486,3313,3582,14.739329724376809,5.369751897093701,6.281391552400609,5.869963268226442,0.983817400745158,1.1697731427406022
3935,3598,3440,3171,11.723139352805552,4.5964910932321335,5.856584050529687,5.278608784991975,0.9623107095240989,1.2741423689807454
3936,3553,2666,2812,26.85909525729138,6.662096464169474,8.851878486382484,8.04021328402286,0.9454881549655241,1.3286926321151666
3937,3599,3552,3598,22.514047298097445,6.154334923277322,8.399836080563041,7.382176134603377,0.9392144505614413,1.364864958647707
3938,3908,3907,2765,54.586274067725995,10.293196471959819,11.816592912656418,11.290494336003803,0.9850635283123593,1.148000326705757
3939,3260,3259,3554,17.16701473999362,5.434450451690451,7.308987018096306,6.433895726620064,0.9442019206929696,1.3449358096222512
3940,3601,3555,3554,15.44943827123718,5.570941683975703,6.827311611918897,6.056016066215591,0.9648339039222228,1.2255220031394378
3941,3442,3554,3555,13.552666221355345,5.160462749986449,6.205228479955637,5.645544304639263,0.9763441115699356,1.202455822391496
3942,3601,3554,3259,23.12450063306997,6.827311611918897,7.909327393150956,7.3485420077220525,0.9853639140086602,1.158483432826343
3943,3239,2912,3556,18.295362985117904,5.685017671547071,8.182977899778262,6.77842587998438,0.8982873293829425,1.4393935731692138
3944,3742,3705,3556,28.8759090887054,7.461084219859626,9.276214285237428,8.275419659298045,0.9657777477119048,1.2432796644415778
3945,3659,3724,3080,33.385716141007386,7.88739564099037,9.540352911554175,8.861285123362142,0.9757001562139466,1.2095694632044924
3946,3557,3450,3742,37.21603820101911,8.443655168380374,9.987467820799534,9.33674783887848,0.981111044862186,1.1828370085742483
3947,3126,2768,3558,32.16025102884724,8.091716312957365,9.858344137559461,8.738067014589339,0.9647292710595866,1.2183254771022032
3948,2402,3558,2768,32.13362165728531,8.264140593251184,9.252165234003673,8.648443551053596,0.9896918874611945,1.1195556427923488
3949,2926,3602,3619,27.527083484741233,6.76286169200024,9.208190534062561,8.15836336594058,0.9401885240366192,1.3615819683189574
3950,3778,2416,3402,31.287836502901367,8.080606344287377,9.348511975305914,8.559546247830609,0.9819838999203018,1.1569072390112023
3951,3674,3084,3362,17.92784932576255,6.106835958055142,7.024650231500267,6.473124978543262,0.9843955536361217,1.1502929307007983
3952,2926,3619,3559,34.85775860476427,8.003091759499283,10.053249021927222,9.088177105163021,0.9663619071171538,1.256170655546277
3953,3621,2930,3604,29.590733614704217,7.559189490261474,9.388763440793735,8.376645358295972,0.9659601188919391,1.242033084749272
3954,3751,3827,3758,24.568711791466338,7.301328633694515,7.898159612789458,7.545847767141876,0.9953339780434937,1.0817427908039448
3955,2934,3564,3881,41.115876575826114,9.163099512897153,10.775766753703715,9.821979198886337,0.9794203488149169,1.17599582308767
3956,3621,3831,2930,35.47871305647005,7.936828304077748,10.27766883074352,9.201086858538334,0.9572817944519607,1.2949340009614554
3957,2025,3305,3563,12.442934378838878,4.6657338768271055,6.478948253970103,5.5230387424993905,0.9252642947416763,1.388623617422445
3958,3605,3564,3262,22.922811664705826,6.327371110193338,8.100313239701201,7.387335392093113,0.9597720518177858,1.2802020141748394
3959,3577,3622,3305,40.01229903139409,8.301502988449442,10.771278532545601,9.775609806500418,0.9556415042172715,1.2975094446791815
3960,3601,2669,3555,14.877688081257832,5.330593721456741,6.79261955936445,5.964336061191122,0.9557719236004083,1.2742707312363262
3961,3606,3460,3166,12.080684168021993,4.688959640913999,6.050836769434477,5.3704310218803215,0.9570677428684401,1.2904433462462077
3962,3606,3623,3565,14.989885569282338,5.362095561725398,6.560224902437457,5.945746643206943,0.9726347815216634,1.2234442349860937
3963,3167,3405,3566,13.405223683362657,4.750108556807773,6.718755167785209,5.740079445931635,0.9215209110551601,1.414442446405989
3964,3608,3405,3165,15.344884756801772,5.028744873546985,6.658906481646338,6.077570018642312,0.9452762312248687,1.3241686840536677
3965,1117,3567,3175,11.472680309223872,4.402455080852023,6.31648793744702,5.33240006287632,0.9121574347171421,1.4347648803777386
3966,2943,3268,3567,14.973300667737153,5.6835120260261425,6.281125357484311,5.8998875011093865,0.9913298803114089,1.1051485997956116
3967,3568,3463,3609,22.522340126922934,6.744357905257997,8.787754783087452,7.430141628484887,0.9266777057449676,1.3029787129529993
3968,3086,3464,3568,11.683150424446609,4.5242783427237105,6.191871575106663,5.3328247745560455,0.9334795180978712,1.3685876743337206
3969,3803,2454,3706,38.54109973336394,8.631307517329828,10.84409223918103,9.581286549074177,0.9605120291634991,1.256367267347201
3970,2947,3271,3569,26.48898645281728,6.251319608438101,10.656104131180443,8.461560064684278,0.8174824861620655,1.704616752724771
3971,3569,3706,3839,55.261032253456264,10.761218558803169,12.45731712031901,11.379624756271744,0.9810817378428305,1.1576121284265113
3972,3917,3905,3721,61.049781271733224,10.91728656873621,13.641376383432162,12.055404525156277,0.9612639402888483,1.2495207758397509
3973,2829,3571,3468,21.153739057667188,5.889464808353198,9.66202759989025,7.585939244718233,0.8143358377204379,1.6405612248818122
3974,3569,3466,3571,23.257279596022357,5.9961484770597036,8.908128611534828,7.609469704463611,0.9047208276366666,1.4856417658128198
3975,3471,3479,3573,17.689555251650532,5.829920911425015,6.807857011076755,6.432691250981294,0.9828572813122269,1.1677443166913737
3976,3298,3573,3479,18.66005908612794,5.882027677398564,7.204999254376788,6.631627980950703,0.973080120519905,1.2249176048697774
3977,3129,3574,3474,14.043947869255334,4.920521462213606,7.01544364078405,5.902032201204612,0.9117048191112029,1.4257520660478933
3978,2970,3574,3475,25.17687396748453,7.212716689655659,8.60229764581934,7.7102289190428985,0.9715310402582088,1.1926570827544898
3979,3476,3292,3575,14.089092443288068,5.031619291645024,7.4014681427276345,6.012203064238281,0.8754575290682706,1.4709912880367821
3980,3611,3575,3292,29.24858762137694,7.4014681427276345,9.66525526962057,8.393692308188633,0.9467324924194358,1.3058564980945349
3981,3781,2494,3583,48.19758892080434,9.688295481710156,11.235972051184588,10.610361059667541,0.9848229206122131,1.1597470445029447
3982,3493,3675,3707,29.812568745837744,7.177087823645133,10.36090486029286,8.634666148200319,0.9025494659075263,1.443608482281427
3983,3828,3730,3852,47.90044771944687,9.755612860965067,11.349993230219964,10.57786893111935,0.9849096004605915,1.1634321074419074
3984,3622,3564,3605,33.00322982826806,7.734321826384798,9.83002153407695,8.854610470369328,0.9629937459337058,1.2709610169753862
3985,3309,3672,3730,23.07763936773733,6.457597906872121,9.020129642861972,7.5629014774579915,0.9133166245046024,1.3968242948764007
3986,3687,2522,3000,22.859697088696457,6.360340853728087,7.9809860035789715,7.363221668865076,0.9646123219989055,1.2548047639460942
3987,3580,3708,3004,41.46853776284363,7.815006404391907,12.442342722907194,10.317219786055128,0.8699426260174603,1.5921090884730176
3988,3807,2523,3130,27.360759138336178,7.67293105314221,8.287413877492936,7.961157050070221,0.9959537392602369,1.0800844970578856
3989,3780,3580,3005,28.92220817655796,7.470751751504108,8.786316160713664,8.226892300461442,0.982400553655689,1.1760953185125833
3990,3708,3520,2525,55.1813614876776,9.73967396999025,12.915823618259672,11.509067367212955,0.9495564667425228,1.3261043088357714
3991,2043,3314,3581,12.55121038232496,4.561843412928167,6.507310835104125,5.559478315160063,0.919020920081525,1.4264651909494623
3992,3615,3590,3312,18.577488558190154,6.1641533096774515,6.857834379805247,6.569348359522919,0.992126530118703,1.1125346881036762
3993,3709,3582,3313,17.157267387921838,5.369751897093701,7.168731753660676,6.423873758837407,0.9467103185639625,1.335021038409735
3994,2076,3582,2716,17.10095608361782,5.8364095080749285,6.677051923645714,6.31304962358142,0.9878497172721571,1.1440341727919743
3995,3782,3583,3321,28.4599141618449,7.482111900011164,8.976699080352516,8.178948097435553,0.977000645925904,1.1997547217035236
3996,3583,3820,3781,49.128818407071265,10.374463837435613,11.235972051184588,10.674690193909946,0.994315508988067,1.0830412276960546
3997,2606,3584,3344,17.620197806993254,5.597373741156986,7.019639591344341,6.462834614514368,0.9653428811373911,1.2540952089244215
3998,3219,3584,2605,20.678006522468024,6.83768238217405,6.991701166660274,6.911278190019671,0.9996664703074661,1.0225249983660771
3999,2600,3786,2781,24.794089429732374,6.559681454834351,8.265087427483527,7.680282185991923,0.9604879535684188,1.2599830471024362
4000,3626,3586,3613,14.431089487041593,4.769023494049779,6.795890181496981,5.948372352764622,0.9226054659740871,1.4250066475822747
4001,3585,3613,3501,9.774911913116577,4.404849640975898,5.198659182576887,4.785140183853943,0.9813525981811997,1.1802126306915486
4002,3501,3613,3586,10.52744012769151,4.769023494049779,5.198659182576887,4.941498213602812,0.9942471357449373,1.0900888177764603
4003,3614,3587,3503,21.13457829744368,6.423551937182251,7.615120673260408,7.036902139799023,0.9809662228219984,1.1854999769178873
4004,3225,3504,3587,12.234980410547672,4.387798487769658,6.629349998243453,5.5505170063425195,0.8927711332129389,1.510860176628847
4005,3068,3588,3351,19.491560409585343,5.884864548631477,9.144009797459164,7.22212621803952,0.8320434501071371,1.5538182267229244
4006,3548,3597,3631,24.659886518891966,6.767456638149016,8.166794195427112,7.615607113747035,0.9756997612972258,1.2067745139865176
4007,3854,3695,3821,54.63997381255877,10.763250289965297,12.235246341025928,11.295884609211717,0.9855105847057198,1.1367612952783408
4008,3088,3365,3589,27.49415031070184,6.482381180387649,10.663940465386851,8.543025624525066,0.8365687768222086,1.6450653191531608
4009,3615,3485,3581,7.85957465454732,3.7767100019256468,4.606681808888355,4.3063306803779975,0.9713862224202903,1.219760534046704
4010,3488,3627,3314,47.75982410505859,9.785160518771756,12.32543357364771,10.710170497247042,0.9506566743767118,1.2596046380642114
4011,3576,3781,3820,53.15929187272052,10.413634693109634,11.67762864202668,11.116549786785088,0.9912163354476753,1.1213787487430675
4012,3321,2544,3772,37.77816710901578,8.742607813976585,10.331836754659633,9.41647356535673,0.9789594373318751,1.181779736035098
4013,2987,3592,2988,26.64322026570707,6.785176893042364,8.741854171512465,7.971507182378843,0.9573722844370243,1.2883752788341465
4014,3593,3479,2956,10.99839507923898,4.143507329717053,5.8484461901436315,5.187693414911471,0.9246295330759835,1.4114723891517775
4015,3524,3592,3593,14.392482607743581,5.151065535612039,6.5769262295064115,5.854681707373409,0.9601834305531272,1.2768088823635892
4016,3479,3593,3592,17.014489795666748,5.836053357001774,7.935241682738648,6.539913743294684,0.8982559971944264,1.3596931346109755
4017,3616,3594,3169,14.820669435042431,4.909193111707671,6.613733291183514,5.984213372551003,0.9404462069863531,1.347213919006522
4018,3406,3594,3629,9.388481906363761,3.962020339944439,5.291367398099002,4.752737367650104,0.9461901164314775,1.3355225223738263
4019,3187,3595,3420,10.445454209742799,4.266730030138572,5.973671388651407,5.06964382498968,0.9209963057075333,1.400058439708077
4020,3540,3617,3595,21.890274933476427,6.210136409351767,8.143867071972842,7.239834481442507,0.9530053385310979,1.3113829608813574
4021,3202,3596,3543,22.225306036932803,6.005689916030136,9.915904380284132,7.782245749033031,0.8124545405062509,1.6510849742370175
4022,2860,2330,3596,27.933724735401704,6.957357735293567,9.154139434716447,8.180111668185509,0.952187172867304,1.3157494242791277
4023,3352,3618,3069,11.908464926639686,4.951443220130486,5.678436293037299,5.271353116192473,0.9864547739879446,1.1468244793661704
4024,2626,3618,3597,25.280407024293766,7.115495380939025,8.044155533943204,7.671107552939535,0.9894300816871826,1.130512368188991
4025,2819,3536,3598,28.777715095956772,7.055428905135176,9.213601279698144,8.294964327849078,0.9544057476333923,1.305888189588613
4026,3553,3228,3600,22.04464634530732,6.370778064089599,8.574591999856294,7.329494170209298,0.9328954257679316,1.3459253977452164
4027,3598,3536,3599,35.08597272249155,8.399836080563041,10.458198865323304,9.157965914866754,0.9564001963275427,1.2450479705816224
4028,3536,3842,3867,44.18215785195973,9.31946047212875,10.723397998147131,10.152806400971441,0.9863868185728416,1.150645794380165
4029,3552,3599,3600,18.30497374244767,5.221747055730667,7.592357399969768,6.7317756953363785,0.9098060573529836,1.453987969723169
4030,3599,3553,3600,25.993201616929646,7.043112446682,10.182903321424217,8.20241279947164,0.8667181778708374,1.4457959316298248
4031,3711,3601,3259,30.281644796672136,7.909327393150956,9.313490943419866,8.437278756650192,0.9770252076102237,1.1775326118735254
4032,3809,3714,3743,54.21490426339398,10.638628810166209,11.849029665215722,11.222607581510408,0.9921703298526956,1.1137741410709678
4033,3363,3602,3456,9.958909837256648,4.255380997750449,6.234727850509249,5.057574621816034,0.8744137638559776,1.4651397498379477
4034,3602,3560,3619,28.519252505208943,6.893797178217122,9.630665869185528,8.34283363972053,0.9294160213114598,1.397004527434649
4035,3257,3603,3457,9.862544968774543,4.324763333414225,6.048119222238964,4.982487590603811,0.896596495552891,1.398485594693622
4036,3603,3561,3620,23.89624185848878,6.4449852287560505,8.288164190310585,7.546554528121796,0.9583983985069143,1.2859865300126199
4037,3261,3604,3458,11.609426573471481,4.462852294588278,6.434594741313883,5.38131554395576,0.9052937224898969,1.4418121677736386
4038,3604,3562,3621,26.45817721270436,7.195437356824401,8.192053217000138,7.856491239219083,0.9864322828073374,1.1385066411884626
4039,3563,3305,3605,13.420918513854499,4.969309962306097,7.012038231113792,5.801927430040284,0.9002358933763545,1.4110687971373252
4040,3622,3605,3305,30.92646671992344,7.012038231113792,10.254047898506212,8.755191393422079,0.9105836244236518,1.4623491145565901
4041,3606,3166,2817,14.287346422405376,5.371496655292488,7.025003131125635,5.924516004990937,0.9240950830007683,1.3078297506159593
4042,3623,3606,3461,11.90972804606,4.493556968681131,5.914919465457974,5.3430520590752515,0.9509354276047303,1.3163112221973268
4043,3461,3566,3624,13.281049776443776,4.735577663771053,6.089409274420953,5.6374195743836895,0.9529039219993939,1.2858852091070578
4044,2670,3607,3834,30.876443951198652,8.104808715331867,8.631880650845359,8.45488504277546,0.9966417935184526,1.0650320018677837
4045,3805,2667,3713,44.57933729247361,9.513859052992789,11.109839881049965,10.21463812127599,0.9825286424056654,1.1677532554526469
4046,3607,3623,3632,21.692349764714827,6.5873282248816,9.062566736942298,7.415308418050858,0.8891229506427482,1.3757575799413255
4047,3465,3609,3463,34.33885924046174,8.306814781596865,9.835947463996616,8.97683900956031,0.9791455881769004,1.1840817115348994
4048,2673,2433,3609,41.60932123726624,8.358590580943984,11.167455535136202,10.004925220179745,0.9464406893875559,1.3360452850263898
4049,3783,2774,3784,27.85610446387997,7.085704569651926,8.84949607213712,8.119834165432618,0.9674324019835755,1.2489225291779045
4050,3740,3541,3701,28.607886459589906,6.826564125829659,9.496763359723198,8.343618454896383,0.9322224801280046,1.391148341197047
4051,3292,2980,3771,28.331944939356365,7.933794851179742,8.26893713340524,8.092387856094662,0.9988428728243197,1.0422423680611888
4052,2838,3611,3540,38.46509671342333,8.779647656531463,11.050419529298596,9.609415622038105,0.9512166070315635,1.258640433147432
4053,3703,3434,3214,51.11452317683351,10.176810288221034,11.610212482644968,10.911955981131724,0.9885275571784632,1.140849849199115
4054,3696,3522,2901,17.850679098255622,5.862798399495356,6.770385196046963,6.459838905239304,0.9836912093441503,1.1548043672505826
4055,3585,3625,3613,9.169510862282404,4.224560455062184,4.908826189712508,4.628432790927913,0.9845652227325925,1.161973237672664
4056,3633,3625,3612,16.989233531607752,5.804112104784738,7.305218756224248,6.3789003972700655,0.9539785641446114,1.2586281285301228
4057,3614,3503,3712,24.732904067083034,7.285511185173021,7.798882302751633,7.566504720395021,0.9968775882540409,1.070464666724195
4058,3549,3614,3227,27.725162063310268,7.637325721544564,8.334789428253565,8.017123373747502,0.9948917324260103,1.0913230274756367
4059,3581,3314,3615,12.917171141771565,4.606681808888355,7.182470855992186,5.799477787442814,0.8582510682401597,1.559141949446992
4060,3627,3615,3314,29.442430511759948,7.182470855992186,9.785160518771756,8.456707288334906,0.9359639541107962,1.3623668950369914
4061,3408,3616,3169,16.120294281067675,5.614506700041675,6.613733291183514,6.142179655837315,0.9824214024984375,1.1779722858170998
4062,3616,2818,3628,21.352329003187165,6.568807022757789,8.341521060205475,7.182861761709592,0.9434721165459659,1.2698684907786262
4063,3611,3771,3818,36.64048667745621,8.42635576548426,9.974862277507688,9.2637103116173,0.9813699264567136,1.1837694200340276
4064,3718,2982,2492,41.111671752330274,8.218889493918363,11.304837032302498,9.985007929239767,0.9364435219296741,1.3754701338505169
4065,3352,3588,3618,17.36632209921517,5.678436293037299,7.65776406573261,6.515279511275199,0.92948244715793,1.348569160689941
4066,3631,3588,3511,28.598002154455635,7.502514587509983,8.775600134425643,8.176376701691707,0.9838842148460161,1.1696878469300231
4067,3713,3619,3804,59.89375129963028,11.60228293424149,11.986784194833538,11.764304540512846,0.9992296542030121,1.0331401382616934
4068,3778,3882,2416,31.433528795575633,7.5883792699588675,9.348511975305914,8.612945724331594,0.9712565307503025,1.2319510718599846
4069,3561,3831,3826,23.61669646059022,7.0738226737932655,7.598979502198861,7.395633625586768,0.9962016331894613,1.0742394674878082
4070,3666,3254,3255,17.290507706943615,5.640219935353192,7.429612140953512,6.456243566454639,0.9455731730888854,1.3172557499724995
4071,3787,3621,3562,42.123581374946994,8.192053217000138,11.899966172661665,10.20323335632022,0.9138856427737253,1.4526231528827072
4072,3814,2419,3764,23.965828493085972,6.477360937935948,9.156952789099229,7.704373097529696,0.913621002015133,1.4136857397384976
4073,3806,3687,3480,29.063663317694463,7.444567066508048,8.935183965594783,8.260259411001643,0.9782478494678651,1.2002288226796678
4074,3577,3858,3930,38.929612706494964,8.98712797525142,10.225128770526041,9.525677634461758,0.9878819046882464,1.137752661215441
4075,3632,3623,3461,13.423337621271784,4.493556968681131,6.5873282248816,5.765911507604936,0.9096725436980232,1.4659496409622677
4076,3607,3565,3623,16.95125323599496,5.362095561725398,7.218371161116755,6.39216567172361,0.9443343115352352,1.3461847290901416
4077,3635,3632,3624,20.1040041464279,6.222678078376647,8.222293514545653,7.001977416410362,0.932455388384638,1.3213432240882788
4078,3461,3624,3632,14.013181169798461,4.735577663771053,6.560960656308789,5.83779588311064,0.9324349436446329,1.3854615259512268
4079,2781,3625,3585,12.171452202827213,4.224560455062184,6.304904789394108,5.509194534260426,0.9011514804149929,1.4924404222548409
4080,3633,3626,3613,20.478769481089778,6.278420736072852,7.8540970922042606,6.9761360032580315,0.9632801156446382,1.2509669903258176
4081,3633,3613,3625,13.485488766632011,4.908826189712508,6.278420736072852,5.663786343523366,0.9611878494557544,1.2790065269026272
4082,3737,3696,3626,21.60466931926484,6.475811062783169,8.113416943454164,7.172009245685872,0.9610728523736101,1.252880429153099
4083,3735,3490,3009,22.96792648711389,6.83804478833867,7.628706507151398,7.305839319407283,0.9916278347636046,1.1156268704412542
4084,3735,3825,3808,29.411121629411717,7.962084487799624,8.707001015664938,8.260891734671368,0.9938022597611016,1.0935579783167029
4085,3715,2818,3170,16.573947988079716,5.731621575718363,7.144623066491125,6.2867398139483655,0.9592548695398777,1.246527352182295
4086,3628,3715,3744,20.60098615578297,6.438542524132324,7.722679854600451,6.967029288332536,0.9741156733531696,1.1994453442926014
4087,3616,3628,3629,14.727259867165944,5.364142480852976,6.568807022757789,5.899589530991058,0.970195563031695,1.224577282614099
4088,3628,3168,3629,16.69435684856651,5.7658190893624095,8.328540519305966,6.6297807826116655,0.8492619004991312,1.444467887428453
4089,3634,3630,3617,11.662437042724154,4.03657395938159,6.167590939829721,5.426928046191722,0.8853949475309415,1.5279271485897925
4090,2509,2994,3630,9.078724928526274,4.48839718349547,4.635912942473117,4.580296288715233,0.9991906939644318,1.032866021643558
4091,3704,3631,3741,20.073642187377054,6.291675289029066,7.770602897703399,6.9026869733668015,0.9648965046361621,1.2350610196386282
4092,3597,3618,3631,24.56843031855681,7.115495380939025,7.912570507664975,7.553793270876574,0.9924699675472287,1.1120196253462764
4093,3635,3624,3608,20.840429863702493,6.222678078376647,8.028105893735543,7.061977141413923,0.954506427708341,1.29013678557993
4094,3084,3674,3732,25.852698847615105,7.024650231500267,9.06809824418742,7.884491258825982,0.9489885706766604,1.290896762877079
4095,3845,3434,3703,46.44379830812889,9.413866451717785,10.948845172529168,10.42618503851172,0.9820491656818618,1.1630550771762105
4096,3636,2352,3637,30.78935130477113,7.36008203020595,9.145693936624285,8.54679950649239,0.9641095549218495,1.2426076094111644
4097,3617,3299,3634,20.594581277377547,6.167590939829721,8.680969880920312,7.185246427404567,0.9008665703066291,1.407513884369248
4098,2993,3634,3299,17.88110327282245,5.363511142822973,8.121410030312978,6.730699878199874,0.8867168563965186,1.5141965429083535
4099,2667,3805,2816,34.52705919151557,8.628716840205964,9.513859052992789,8.95696120246453,0.9919505376408653,1.1025809780502307
4100,3732,3761,3804,47.809981947361095,10.066699769677024,11.31285296718096,10.552023421459815,0.9889867351340041,1.1237896456649683
4101,3626,3633,3636,33.090575587779014,7.8540970922042606,9.759646776351003,8.844969261847092,0.9692781391538422,1.2426185545933897
4102,3845,3633,3612,27.216629758396998,7.305218756224248,8.35768827210616,7.967900523896286,0.986576908749932,1.1440709102633209
4103,3697,2614,2755,40.702084376396684,9.03176402102353,11.097085226525964,9.832638195111672,0.9640846961009946,1.2286730699224335
4104,3737,3697,3522,23.550284730521398,7.192925421121376,7.731961245323878,7.387285738231037,0.9955216196801203,1.0749397209958096
4105,3139,3638,1867,24.911126258454416,7.198190662081853,8.18876380462306,7.620577087692801,0.9876804483547397,1.1376141851534
4106,3699,3638,3526,28.568668537992117,7.789511810885183,8.324845233971182,8.133254520283453,0.9964860762246787,1.0687249003638348
4107,277,3639,2641,28.608473527823623,6.817080635590067,9.452839043588483,8.33951622397088,0.9333138983949932,1.3866403448769347
4108,3639,3037,3652,29.31196874489907,7.067932813547252,9.95126124729395,8.486920495202293,0.9220677497845048,1.4079450823613042
4109,2627,2762,3640,15.309698102711483,5.12094990827861,6.539792284900591,6.04359710505959,0.956827689751202,1.2770662478709776
4110,3640,2762,3717,22.66480202952561,6.539792284900591,8.655131005729395,7.419248105525156,0.9371148565930055,1.3234565608012974
4111,2513,2708,3641,32.87758057278219,7.233450132156013,10.424026137676345,8.998192611668356,0.9178689124843696,1.4410863346298268
4112,3299,3641,2708,35.046406291744496,7.82330561361404,10.356561865728201,9.172323014838318,0.9497921826081156,1.3238089341295594
4113,3746,3745,3012,32.05114341774006,8.030654723359726,9.368738508592962,8.657264242706377,0.9836373746288442,1.1666220042235151
4114,3723,3673,3642,48.275922283324334,10.15265747119898,11.216475825315511,10.589168958499691,0.9924437219611922,1.1047822559890714
4115,2770,3723,3756,43.110416937809916,9.473968164472975,10.455609925712507,10.002172216928825,0.9935373259880612,1.1036146358313352
4116,2439,3720,2680,17.949956853453635,5.941836151010813,6.859903820677538,6.472229975934117,0.986042708912402,1.1545090854635136
4117,2967,3728,2323,23.37549406190648,6.794663203508062,7.7745500243586445,7.3823308029924375,0.9872974971729936,1.1442141856780583
4118,3911,3874,3878,45.947931890595385,9.699830331723051,11.647871861118652,10.420840613109482,0.9703512506797131,1.2008325365263948
4119,1240,2687,3645,24.925029645062796,5.663666753684296,9.375895979282369,8.057126571886704,0.8491013489279472,1.6554462660048306
4120,3721,3645,2687,41.44519707236792,9.091336825575837,12.520106222383907,10.247753343551063,0.8895437107124627,1.3771468885810305
4121,2892,2936,3647,16.84190636212573,5.506312805719837,7.298296066828337,6.369785401999008,0.9460791746949194,1.325441602091154
4122,3647,2936,2426,14.776113561510671,5.506312805719837,6.790708758421408,5.943390213139804,0.9563094513041086,1.2332588063953376
4123,3789,2481,2700,32.505542872515925,7.961216348067325,9.865013617788621,8.78167825899638,0.9654284513081057,1.2391339697963948
4124,3695,3519,3096,29.789007729881188,7.093036828006015,9.275701880963194,8.447395373017686,0.9516385340259671,1.3077194022649345
4125,3671,3649,3794,37.274710121780814,8.847075819302157,9.574451385236422,9.294082550949947,0.9953773280746907,1.0822164951211686
4126,2996,3650,2709,23.950062204301492,6.9218331081816675,8.230485184878827,7.499599317024596,0.9782310430942651,1.1890614893835452
4127,2513,3641,3650,37.624578849372824,8.749490982452754,10.424026137676345,9.412265285934941,0.9749914617714599,1.1913865799258379
4128,3835,3650,3641,32.99534506027372,8.194014623272361,9.063278737675725,8.755275880143103,0.9920146587374775,1.106085253000954
4129,695,3651,2567,29.53115151038135,7.537532157004654,9.18662717202072,8.341967867057404,0.9736843138773544,1.2187844749005226
4130,2568,3029,3651,19.40917102404646,6.466402102607387,6.917307518961237,6.702639687300214,0.996976458811703,1.069730494515959
4131,2740,3652,2582,42.567090739706096,8.72509481813616,11.130342272380531,10.059459967176359,0.961962020985689,1.2756700648392696
4132,3652,2640,3716,29.774662084665973,8.2515569340113,8.350543361842277,8.29258616438265,0.9998963927039237,1.0119960909950187
4133,3070,3673,3723,34.77126844524921,8.174728310496167,10.15265747119898,9.07754955344948,0.9666784997034885,1.2419565624172728
4134,2898,2329,3653,19.369734192516063,5.776460172957418,7.623239313316819,6.814306607824681,0.9511598675417324,1.3197077596077134
4135,3644,3902,3865,32.74243531824052,8.22094933879797,9.593545454127783,8.760955631699161,0.9806028814118735,1.1669632129773602
4136,3078,3654,3836,35.88553073211624,8.614389466232423,10.049047786668114,9.172398515761238,0.9804485713646941,1.1665420777710844
4137,2482,2970,3790,35.040234071048964,7.978056659310032,9.820350702040738,9.095619589439325,0.9705999470595814,1.2309201502825668
4138,3190,3847,882,33.99651812712386,7.88524609802127,9.929662619569102,8.977350441911709,0.965711804611617,1.2592711116601498
4139,3801,3891,2808,46.04648454461922,9.354759189773187,13.05403715576926,10.761434877652908,0.8975209683333258,1.3954434198627153
4140,3516,3895,3800,42.92401854361171,9.016872304091335,10.73015695815771,10.033520018116663,0.9794176796382297,1.1900087520690503
4141,2763,3657,3123,15.268918158185283,5.822718396676943,6.087029641951516,5.941248683623417,0.9986294541807393,1.0453931011716824
4142,851,3133,3657,12.127738773915773,4.818896119819754,5.974176903426584,5.358311245698552,0.9678937471789161,1.2397397152545473
4143,3153,3658,2807,31.947334039565426,7.8267129476574375,10.542275375058281,8.871379781791168,0.9207840249392909,1.3469607797758345
4144,3396,3658,3149,26.534977498255675,6.589876273514892,9.042860884293285,8.019408297760807,0.9370558424463633,1.3722353059399741
4145,2657,2405,3724,24.37671965941017,6.801599881457753,8.712525832297409,7.638895808017761,0.9543367782315184,1.2809524206281444
4146,3659,3080,3398,25.335290278227106,6.166264167262239,9.156106817541886,7.9369283355408875,0.9052023510937088,1.4848709963081437
4147,3725,3154,2809,17.111759004436642,5.790737127550566,6.631257909385985,6.318205507761917,0.986456989706524,1.145149186247201
4148,3661,3662,3660,17.79227859592473,5.34498106770707,7.2398723212352945,6.5654723916125155,0.936983431444109,1.3545178606855401
4149,3811,3747,3361,32.3021165024344,8.488073661754271,8.855952109784495,8.641343894485091,0.9986784173659351,1.0433406285913631
4150,3245,3726,2920,25.70028110106393,7.210266379927205,8.03443052620613,7.7294529591481895,0.9911768291588074,1.1143042576864193
4151,2920,3726,3453,22.38191862818817,6.865302399860963,7.943661971311234,7.24412798562257,0.9803917182792612,1.1570738634138111
4152,3245,3662,3726,19.951388609141002,6.22566699501955,7.210266379927205,6.8267963366589965,0.9847265636476137,1.1581516302904287
4153,2432,2892,3663,22.784390020974737,6.477240311712875,8.812305360398877,7.4738178139839375,0.9259682859262619,1.3605030748146667
4154,3715,3628,2818,25.602523990868217,7.144623066491125,8.341521060205475,7.7362746604323505,0.9839853287351148,1.1675243022025754
4155,1147,3664,2823,18.655612256341193,5.5122360477039285,7.796810871221752,6.758105842286881,0.9252621697808157,1.4144551872863722
4156,3537,3664,2442,19.50369643929342,5.907692318359037,8.552557776705925,7.026632502937697,0.889763715850783,1.447698579380577
4157,2861,3201,3727,24.576986536982478,6.5818133250050765,9.789417055516028,7.947883472009086,0.8732465520617724,1.4873434678441715
4158,3596,3202,3665,27.88277617759414,6.703887519207882,9.915904380284132,8.34672996290349,0.9019806993917724,1.479127499062779
4159,3731,3666,3751,24.822739834007415,6.932322798603359,8.345044897667346,7.6375929445883,0.9771620829149673,1.203787697155217
4160,3732,3560,3084,31.769863534055848,8.006305362270535,9.06809824418742,8.598964450244408,0.9896360111470793,1.1326195834249029
4161,2321,3792,2952,34.56581905512806,7.710899041097485,9.881227637687687,9.079068052977538,0.9574406377778444,1.2814624578823821
4162,3770,3275,3817,29.67139187037236,8.007432059760747,8.652809700280567,8.291240973953533,0.9957281768086119,1.0805973295437619
4163,2470,2962,3793,28.06571475166902,7.48499689550307,8.475156775985024,8.083803058955857,0.989046689144677,1.1322859440431878
4164,3285,2963,3668,29.410011281405726,7.526106994563495,9.20472920903562,8.329224990392001,0.9723869073042042,1.2230399083729053
4165,3750,3728,3669,27.927015638356064,7.9786470873239725,8.103699346162788,8.031382935665624,0.9998259087077848,1.015673366357749
4166,3728,2967,3287,26.511844076898367,7.5777791811106034,8.08285561070855,7.832881806336904,0.9972297096335783,1.0666523024129508
4167,3290,2680,3746,23.45960194722116,6.170580934481057,8.334549993056934,7.53113953679608,0.9397072818086303,1.350691301443543
4168,2537,2484,3670,41.020449268206065,9.31132332375014,10.393526427368975,9.766516609453673,0.9909813990866091,1.1162244147250788
4169,2709,3671,3017,29.420846319605417,7.590470169688849,9.546713420167096,8.382581663378732,0.9573065364205817,1.2577235937623663
4170,3794,3649,2493,42.47416589875274,9.460720448311264,10.997406240730498,9.986945255718803,0.9784538344368351,1.1624279885252853
4171,3729,3002,3579,43.07740089472024,9.231885283902853,10.495869216783966,10.019184082606612,0.9879286265874483,1.1369150389124802
4172,3309,3730,3578,34.56075105302989,8.66712170924433,9.134052871006096,8.940434741037466,0.9980461545374372,1.053873843869498
4173,3193,2628,3673,23.161116312150174,6.631827681022036,7.922559616979003,7.371543002854089,0.979009695090271,1.194626880859795
4174,3673,2628,3719,21.118778992857614,6.145285130852621,7.5602417105612325,7.06778648601237,0.9680818564554339,1.2302507612876696
4175,3674,3254,3731,22.711936270121555,6.688721293007936,8.1338147401405,7.321621064233523,0.9718495457262882,1.2160492841349502
4176,3752,3674,3731,18.66427177724117,6.2054067271779045,6.852021540973251,6.582049853719698,0.9931918448691217,1.104201842397108
4177,3375,2546,3707,33.16395988498497,8.360053052776902,9.098113227969472,8.767315455282153,0.9951838604541947,1.08828414969776
4178,3493,2554,3675,25.174280807319477,6.16894831410118,9.239548450281214,7.92483417501512,0.9017518035048387,1.4977509909040991
4179,2810,3156,3676,28.802862163889532,6.82895656322061,9.49217609381626,8.370888024263703,0.9323683866080906,1.3899892327532462
4180,3883,3733,3676,31.99968353585235,7.620982106920521,9.820568288496906,8.737363222854853,0.9578951115002909,1.288622404660807
4181,3759,3364,2676,26.67058951653872,7.021769150816098,8.890077095482528,7.959876184229387,0.9632736603280114,1.2660736780914092
4182,3407,3168,3734,16.325147375271868,5.413097777666171,6.953870005260509,6.235627671307636,0.959707909982681,1.2846377972242418
4183,3181,3678,3180,24.495761968772925,7.356056298115466,7.888649117633467,7.534265917820535,0.9954702177791908,1.0724019498945985
4184,3679,3678,2834,28.226695099362974,7.271014976456122,8.656555447066616,8.140299735319116,0.9780936317276308,1.1905566795140619
4185,3418,3538,3795,36.45071233202772,8.647537698661768,10.533609072920099,9.30934525022789,0.9629851622737606,1.2181050190217968
4186,3678,3679,3094,33.704530834151626,8.092270441653685,10.114635199659784,8.954487029460028,0.9620363096755205,1.2499131452152532
4187,3582,3709,2716,19.39495303968585,5.8364095080749285,8.173687938866733,6.914411690899835,0.9190480887420909,1.4004651194468238
4188,3735,3009,2532,24.885305621375686,6.992938686764628,8.287954222307565,7.636533138741197,0.9807832475616683,1.1851890304706922
4189,2650,3884,3444,23.633038152302035,6.710052379072385,7.855129621866769,7.4386961997561025,0.9815956544673526,1.1706510140465822
4190,3348,3056,3682,20.63121698147339,6.693297964921698,7.07067613411433,6.907967769281335,0.9979191646941497,1.056381498503488
4191,3682,3056,393,20.63959881418552,6.430386676693955,7.859835421073232,6.994506687562962,0.9666606906214658,1.2222959234411386
4192,3453,3726,3748,18.247507569211052,6.0969999316699175,6.923419585695516,6.517854015428379,0.9893053682747274,1.1355452949462719
4193,3361,2414,3797,43.24081261157414,9.099028813424768,11.191861342830975,10.105424058223562,0.9709058851443298,1.2300061437676104
4194,3092,3837,2471,40.227271575586286,9.086782766257356,10.697297367956965,9.719896791593724,0.9782342487724562,1.1772370533254142
4195,3092,3861,3837,47.890899416371894,10.09756900317795,10.794631721061464,10.529832697398794,0.9966380202217192,1.0690327263586048
4196,2469,3685,2961,26.729216012997895,7.35694254208316,8.430320903594572,7.8934959860899445,0.9876667072157853,1.1459000604356329
4197,3685,3282,1106,18.807721380365017,5.655628117954814,8.503216267979223,6.939808535867738,0.8765561442725616,1.5034963563081924
4198,3610,3785,3822,35.441335802303584,8.90726346171529,9.263680206306152,9.05096047127226,0.9988384597115185,1.0400141688996618
4199,3099,2703,3686,26.167413064666086,6.732484469304335,9.678895097557614,8.081544072039467,0.9048045370973633,1.4376409097840415
4200,3714,3806,3480,38.54814699489591,8.935183965594783,9.772843064105404,9.4563986180208,0.9939901161508949,1.0937483885878627
4201,3828,3578,3730,41.856381828864,9.134052871006096,10.84114879413629,9.910271508702484,0.9792529606902564,1.186893588994757
4202,3798,3688,3372,43.43330971227938,8.140419702235887,11.90348948922099,10.364345385761277,0.9117450412954694,1.4622697507785156
4203,3313,3688,3709,22.786816483113434,6.36004229216326,9.442112260800732,7.656962102208222,0.8722466034307744,1.4845989738834202
4204,3689,3014,3799,32.59009099832895,7.807026180464503,9.779094230471577,8.788487529893535,0.9663335115669762,1.2526016955011336
4205,3373,3689,3491,37.114129331471695,8.033411184861455,11.201511063923304,9.54338699955977,0.9240124280304721,1.394365457731327
4206,2580,3690,3208,18.50840364879788,6.081730983260449,7.413389786736219,6.618820845438457,0.9684131937343677,1.2189604912057224
4207,2581,2869,3690,30.42370774037223,7.881030090034271,8.846803407029336,8.410180896388127,0.9911084037022316,1.1225440463951921
4208,3335,3691,3043,22.933978814102485,6.618394014839545,8.607454433610515,7.439866840153264,0.9445852668848079,1.3005352075308851
4209,3736,2585,3498,34.874671114171,7.928144731661547,9.814920193341282,9.080030440884526,0.9688716523867846,1.2379844876121873
4210,3800,3692,3516,40.549738677642644,8.462997198095094,10.73015695815771,9.814130437171153,0.9627538772434397,1.2678908791997383
4211,2808,3891,2413,42.47409030167984,9.609355861687126,10.259881500489366,9.914915216530924,0.9970812144751191,1.0676971118736387
4212,3795,3829,3824,42.34140776191513,9.270757571960392,10.404932179759557,9.922198951560604,0.9909264816981406,1.1223389349786799
4213,2696,3770,3830,47.65952648399553,8.756192056965117,11.952820184334206,10.748556552350365,0.9363637436780108,1.3650705816607036
4214,3518,3693,3802,21.317691191291324,6.941360272979758,7.076252596739225,7.017162829538577,0.9997431653529405,1.0194331252743867
4215,3851,3871,3896,44.811622818936605,9.107187071632048,11.567996212416528,10.323666715843551,0.9618940256721838,1.2702051820643554
4216,3097,3740,3855,45.16563263738685,10.005705460553212,10.63082556332252,10.2254308313516,0.9967867450367727,1.0624763646335385
4217,3854,3821,3648,55.37390398690607,10.763250289965297,12.500989139550072,11.395503381785174,0.9801321918079186,1.161451123291715
4218,3502,3626,3696,21.46891341093788,6.464233728424906,8.022976628731339,7.138003362658843,0.9650045088331098,1.2411334375878516
4219,3737,3626,3636,34.12565812974903,8.113416943454164,9.759646776351003,8.953645662906922,0.9775464800514414,1.2029021612435442
4220,3737,3522,3696,17.961904053278918,5.862798399495356,7.192925421121376,6.510511627799967,0.9718619211618547,1.2268757905338366
4221,2614,3697,3637,33.15552393578405,8.324152794609406,9.369065337785518,8.78387941926372,0.989954556611418,1.1255277947147704
4222,2806,3396,3698,27.698413220506065,7.336208546690975,10.125436929546202,8.345283654495121,0.89793423950893,1.380200258090171
4223,2805,3698,3396,26.48111539665339,7.400319201327953,8.68506419764627,7.886529628740803,0.978156194655086,1.1736067001120405
4224,2799,2632,3699,25.455283220560116,7.390456608781447,8.23782956479663,7.697353970479682,0.9897341507030115,1.1146577269675493
4225,3699,2632,3638,24.356752803838507,7.344485232414466,7.789511810885183,7.508151217360365,0.9971148533054275,1.0605932974725878
4226,3163,3700,3404,16.376914996103263,5.380206936498812,6.9796125477481565,6.2524657425204,0.956758606673728,1.2972758539079843
4227,2814,3700,3533,24.227733345248915,6.571245509018232,8.42597966462369,7.593819754796262,0.9604169257866068,1.282250016843848
4228,2541,3099,3739,42.48671949038823,8.864738810385587,10.578918645390342,9.995439903461696,0.9758384262483916,1.193370596886226
4229,3739,3740,3701,38.35560757631769,8.70752787913629,11.238905285539222,9.641412268881114,0.9398746239851962,1.2907113754373671
4230,2586,2740,3702,36.127873056109685,8.25083121554533,10.344837682799477,9.257643174832682,0.9652438804167903,1.253793395180457
4231,3702,2740,3773,38.09558418849945,7.898366149379513,10.505937874692995,9.583047235623996,0.9433807195241931,1.3301406488376497
4232,3788,3546,2875,30.694667575618066,8.206151299383075,8.85228870384844,8.435449969217743,0.9949794255128892,1.0787381783362855
4233,3845,3612,3434,40.36773931610794,8.240794543358447,10.915843491288209,9.845249515424292,0.9487219696257349,1.3246105619858803
4234,3548,3631,3704,23.53645305710661,6.47742391694838,8.166794195427112,7.47160700335963,0.9646791584433291,1.2608089728477463
4235,3741,3631,3511,20.88409727572478,6.417926229166052,8.251015383139492,7.104908115224496,0.9429975974027343,1.2856201658478135
4236,3556,2912,3742,36.35953958141267,8.182977899778262,10.463011726801119,9.307401303938937,0.9597018565135613,1.2786313069579034
4237,2401,2655,3705,24.632237691685045,6.703920149759689,8.431944113010664,7.640218494033978,0.9661121829664828,1.2577632078915675
4238,3838,2946,2456,28.852673177597687,7.870092491365944,8.839216642268648,8.202194633961,0.9874535226753317,1.1231401221733928
4239,2947,3839,3570,35.921682575702036,8.818552776341125,9.698215695584912,9.135419455859667,0.9921362921202289,1.0997513924964868
4240,3493,3707,3576,50.64976671808398,10.15443813667672,12.394850881142046,10.970064626037209,0.9637966019404419,1.220633846433433
4241,3375,3707,3675,23.920589235860675,6.998336985447869,8.360053052776902,7.5118259539566345,0.972701292674677,1.1945770931237727
4242,3004,3708,3579,52.55554665262005,8.896455620299827,12.82753925917696,11.38877920079466,0.9137047044045998,1.4418707636676378
4243,3708,3580,3780,42.54278303511386,8.423608989166556,11.231255024945163,10.116391414992668,0.9463136495765302,1.333306785653212
4244,3709,3688,3798,48.41941441731869,9.442112260800732,11.559080986602085,10.68344007107659,0.9727721427705031,1.2242049943199707
4245,3680,2716,3709,31.587678444520588,7.893696315302839,10.144278160295146,8.737220804821574,0.9431954183720762,1.2851112780497136
4246,3910,3854,3876,39.624542821900505,8.350579197679775,10.749529424304411,9.716138250167125,0.9590357978030283,1.2872795011980953
4247,3710,3589,3885,38.03936490468263,8.440227704692967,12.61950437580361,10.027354312702913,0.8449868208325093,1.4951616019538034
4248,3840,3259,2421,32.97941605302352,8.255156380624804,9.187297712065044,8.75202733745047,0.9924164729682506,1.11291625360702
4249,3814,3256,2419,29.50861300280092,7.473448856031415,9.156952789099229,8.34058754045781,0.9729889112377369,1.2252646623398178
4250,2756,3712,3503,30.17054194873519,7.798882302751633,8.96565233425855,8.387979998388811,0.9871179205843251,1.1496073393869852
4251,2620,3712,2757,25.140127405898127,6.858986864700389,8.101843420234891,7.681757743969894,0.9782757175842739,1.1812011861301022
4252,3804,3619,3560,47.4666950628789,9.630665869185528,11.60228293424149,10.56570732073917,0.9762433478225013,1.204722818944886
4253,3608,3805,3635,29.76957305085056,8.028105893735543,8.527745232983515,8.299172205400172,0.9975495114381357,1.06223626666881
4254,3480,3083,3714,38.68590266665632,8.03079789749359,11.561727534881953,9.788456165493649,0.9126522131480858,1.4396735769543354
4255,3083,2669,3743,28.349458922943278,7.366780030901554,9.035666520878852,8.179006056141702,0.9719267197739175,1.2265421911577097
4256,2892,3722,3663,34.68451601009722,8.812305360398877,9.181452380385894,8.954367758347692,0.9986713220739009,1.0418899487580067
4257,2892,3647,3722,28.536407196762237,7.298296066828337,8.869345534258308,8.194893136584513,0.9749926564250256,1.215262501417363
4258,3652,3716,3639,37.350129919714526,8.350543361842277,9.95126124729395,9.365771031440515,0.9775533810424267,1.1916902668592964
4259,3073,3716,2640,27.995576698736556,7.741498924008455,8.2515569340113,8.049652330705273,0.9970253798851691,1.0658862082149259
4260,3754,3741,3511,18.488746974796204,6.150682263788849,7.1684421433760015,6.579016878776968,0.9822599130182,1.1654710544192877
4261,2354,3717,3067,34.736869728121306,8.80180513789804,9.279669175597231,8.96512438198796,0.9974934465338724,1.0542915947595393
4262,3299,3718,3641,50.2215676179693,10.356561865728201,11.01418417313007,10.781789541071916,0.9969406851712065,1.0634981295846901
4263,3540,3818,3617,32.195645463368905,8.143867071972842,8.968146955363636,8.644478674401087,0.9932771199262173,1.1012148007950127
4264,2764,3719,3123,17.850314481247068,5.905140699130283,6.849501306353409,6.456663958145342,0.9850369247262587,1.1599217792324936
4265,3673,3719,3642,28.94855891916707,7.497832616623255,10.398373578984579,8.545491466193367,0.8943440493399867,1.3868505887862324
4266,3745,3720,3643,20.538892494064694,6.109258896091991,7.8897576078193525,7.00292654896939,0.956892210825592,1.2914426679259445
4267,3012,3810,3746,19.58672632974887,6.221027050496946,9.368738508592962,7.309093292541437,0.8143424179476434,1.505979387735434
4268,3905,3918,3901,60.46761429623153,11.329309640342087,12.646999094088535,11.859638616207596,0.9905693487969729,1.1163080095414057
4269,3873,3906,2692,37.66563165098231,8.080101194593816,10.240445715935474,9.468285291752386,0.9599301883742373,1.2673660229388077
4270,3677,3722,2311,33.45646524908225,8.344831081449753,9.30055168997354,8.816125904219987,0.9921414063928585,1.1145284547039327
4271,3663,3722,3715,29.13294176624553,7.45079263298258,9.181452380385894,8.295295806434043,0.9706782345005925,1.232278608821049
4272,3756,3745,3643,29.833675562989455,7.8897576078193525,8.670311753254792,8.319057749925301,0.9940357627457084,1.0989325888366774
4273,2770,2898,3723,36.87831917214422,8.377788275761842,10.455609925712507,9.351010081240396,0.9659435048493354,1.2480155360290142
4274,3450,3724,2405,26.863836719078485,7.4912801658786,8.712525832297409,7.9379492762021,0.9798778625765343,1.163022292502336
4275,3080,3724,3557,33.62284489028369,8.46209319286031,9.540352911554175,8.85430780699528,0.9874475000826608,1.1274223403263415
4276,2809,3248,3725,20.59125106890627,6.629232234330769,7.560650515057227,6.940380219591327,0.9832967804943442,1.14050168221637
4277,3747,3248,3082,29.30314187803898,8.151064088780023,8.30962741441356,8.227111416153896,0.9997508307814297,1.0194530829234676
4278,3662,3661,3726,21.874206715418214,6.22566699501955,8.702118210384896,7.346449663766542,0.9181438866781503,1.3977808670695804
4279,3453,3748,3683,22.200664963116868,6.533142528919703,7.541013789789696,7.204772505878968,0.9834264393269146,1.1542705147497603
4280,3201,3199,3727,23.042160588662647,6.5818133250050765,8.526612515219822,7.439116973440675,0.9502880042375609,1.2954807579890222
4281,3749,3199,2860,20.723862805803847,6.631893059508622,7.507984959262112,6.9535034106592235,0.986671078944508,1.1321028387961374
4282,3750,3669,2894,24.798791714225505,6.922736368579659,7.9786470873239725,7.61218503292499,0.9843084060155226,1.1525279401851547
4283,3750,3757,3728,33.33445399286714,8.011802373510113,9.29691603501162,8.82808202573708,0.9835440169059572,1.160402566312738
4284,3579,3708,3853,59.322986817215345,11.126408578305853,12.82753925917696,11.780565689668771,0.9832022508593214,1.1528912648586314
4285,3807,3852,3729,41.565482992110184,8.768047989413597,11.864676035766308,10.084604005682879,0.928306314082497,1.3531718861588726
4286,3729,3730,3672,28.66284615772514,7.210976882639881,9.312151266627994,8.272083036916829,0.9570669815653841,1.2913855387675144
4287,3766,3815,3852,54.36261784257945,10.224830252920793,12.05732219238744,11.281512245128928,0.981805612783517,1.179219790856008
4288,3751,3666,3620,30.6721438615598,8.31666813642086,8.595741856638318,8.419151630242176,0.9991035217287985,1.0335559524126399
4289,3761,3752,3758,26.093620133130553,6.673519178777444,8.621117409529445,7.895463121330754,0.9550978003474601,1.2918397592900588
4290,3674,3752,3732,20.702628798859475,6.468494314749549,7.560725300790256,6.960413718837685,0.982706006922891,1.168853976349672
4291,3813,3635,3893,26.610976875506296,7.484871812084561,8.19243087261039,7.855303457149929,0.9945886152548279,1.0945318875579741
4292,3656,3800,3928,39.52960814396524,8.854625645825191,11.4054719556488,9.786686019860225,0.9401668412784722,1.2880806498043529
4293,2765,3124,3733,38.300783322739065,8.507841444965264,11.531515198591325,9.712263486303705,0.9209818766097096,1.3553984607241827
4294,3168,3628,3734,23.926551896508894,6.953870005260509,8.328540519305966,7.508763606355765,0.9739904774158773,1.1976842410061646
4295,3744,3734,3628,20.294024576193316,6.60536524428561,7.243880294500821,6.863037008350421,0.9934338373415312,1.0966661231591393
4296,3825,3798,3808,42.291163300962815,7.962084487799624,12.521684129494052,10.396748031462346,0.8751128731041126,1.5726640616136571
4297,3488,3808,3627,53.08735282432297,10.537912054069217,12.32543357364771,11.169814632539081,0.9774029565420483,1.169627674856922
4298,3515,3736,3498,32.65650491246177,7.928144731661547,9.48537017772274,8.75364456167255,0.9789980657628283,1.1964173837344712
4299,3514,3691,3736,17.760248423605212,6.074781754541156,6.682752080136432,6.419191768186782,0.9938126103671866,1.1000810152794036
4300,3636,3637,3737,33.117695940964296,8.19750525303913,9.134622552646931,8.773333691533887,0.9914608075336521,1.1143173771386576
4301,3697,3737,3637,28.21932589095769,7.731961245323878,8.324152794609406,8.08453976432414,0.9961043609313766,1.0765900824507717
4302,3700,2814,3738,18.558661679640366,5.757932198206549,8.42597966462369,6.8795805129863545,0.8817853097119698,1.4633690315506267
4303,3160,3738,2814,17.388517182565117,6.121109261734406,6.454829676128824,6.3426355665097605,0.9976025988342264,1.0545195976945947
4304,3822,3475,3610,30.84857573529933,7.830626566489026,8.90726346171529,8.477389242776882,0.9883314000301867,1.1374905170211673
4305,3610,3129,3783,30.87594124359822,7.932279511935906,8.926075835401354,8.473608352932064,0.9907509455336396,1.1252850863323787
4306,3822,3739,3686,47.886660559621,9.87919707871473,11.058197507310613,10.550145982752936,0.9913849237948912,1.1193417257700127
4307,3855,2701,3097,33.22611214874558,7.815328168815935,10.005705460553212,8.89848625897506,0.9593594319233394,1.2802668351761781
4308,3511,3760,3754,20.063024952453624,6.59913438698301,7.1684421433760015,6.820952504955328,0.9945535195093558,1.086270065588597
4309,3704,3755,2886,23.898202027643816,6.807548000825521,8.077828270793644,7.483018257019988,0.9808555150523325,1.1865987973664058
4310,3557,3742,2912,38.421293771081935,8.221142245257308,10.463011726801119,9.557207264285987,0.9616317116661649,1.2726956199836004
4311,2913,3742,3450,30.040395257516554,7.485092245735976,9.385770879262138,8.438172764459496,0.9661645514830305,1.2539285517301297
4312,3809,3743,3711,43.86089289560127,8.610384266643823,11.180164269149287,10.245890079602752,0.9526698992605163,1.2984512564045088
4313,3083,3743,3714,45.56749004294119,9.035666520878852,11.561727534881953,10.41200762197567,0.9610456256145217,1.279565542637734
4314,3715,3722,3744,23.303238226894244,6.438542524132324,8.253642405933654,7.44722780527871,0.9604818262670464,1.281911608877032
4315,3722,3677,3744,26.39653292325896,7.045062739346317,9.30055168997354,7.99837097169667,0.9395449566005829,1.3201517195908608
4316,2770,3756,3643,32.65205450391887,8.0793874347004,9.473968164472975,8.741222450809389,0.9826816187644504,1.172609710951965
4317,2281,3012,3745,34.125606153412285,8.572399496166442,9.313443399467696,8.89410251190074,0.9950551497433896,1.0864453299957202
4318,2680,3720,3746,19.80709381396511,5.941836151010813,8.088287682850252,6.944963331927106,0.933326247329201,1.3612438103791014
4319,3746,3720,3745,22.559875924364555,6.804766161920251,8.030654723359726,7.281728009425602,0.9772802921980972,1.1801514603543024
4320,3082,3361,3747,30.89852494334534,8.220642745268107,8.649771640971169,8.452829349331182,0.9982575909657146,1.0522013799894265
4321,3361,3797,3811,39.41957327924196,8.855952109784495,10.025382018414943,9.581420475281108,0.9887525691049524,1.1320501617593894
4322,3726,3661,3748,24.09585088411864,6.0969999316699175,8.702118210384896,7.69209999297336,0.9202309877447054,1.4272787121389154
4323,3811,3661,3747,34.405055187018014,8.580005911916507,9.339719902771948,8.930463295994032,0.995040442809069,1.0885446931686025
4324,3596,3749,2860,23.870224143200826,6.7206322132069385,9.154139434716447,7.680383506100729,0.9171239470774666,1.3620949851603756
4325,3665,3727,3749,14.038907673373494,5.147343930389629,6.4033013362010625,5.764262833712363,0.9680976123182826,1.2440010659471057
4326,2894,3681,3750,28.031200702392738,7.93517164287134,8.256297682243755,8.049880350288015,0.9986627867173339,1.0404686947964008
4327,3681,3916,3750,26.52759666365931,7.640751764585393,7.958171725748955,7.8306009021335825,0.9987905830974542,1.0415430275637003
4328,3812,3751,3620,40.32698807869999,8.595741856638318,11.342363362809916,9.86030810930795,0.9454304987762164,1.3195328049609165
4329,3752,3761,3732,27.003240381397475,6.468494314749549,10.066699769677024,8.308982286703982,0.8758554806129705,1.5562663086404511
4330,3751,3758,3731,25.517250591931006,7.438055054941657,7.986816410396457,7.6867608676107695,0.9964788193883478,1.0737775334279378
4331,3752,3731,3758,20.138702418041262,6.2054067271779045,7.986816410396457,6.955247438783935,0.9502347187057977,1.2870737989528533
4332,3753,3677,3759,27.59188844563549,7.34332007039456,8.938761926623858,8.067595318314766,0.9725220671178377,1.2172643764584776
4333,1515,3753,2676,22.99020638282959,6.9565405483008975,7.994757542399423,7.334511801946806,0.9829500663101003,1.149243289374933
4334,3717,2762,3754,28.619994591289622,7.617195342148135,8.655131005729395,8.162911577298297,0.9892378749398468,1.136262182727291
4335,3755,3754,2762,24.002353144503672,7.141013647805891,7.617195342148135,7.454858203792882,0.9965281395027237,1.066682647286153
4336,3754,3755,3741,17.68752222009564,6.062789055941335,7.141013647805891,6.451494989178691,0.9757957223010896,1.1778429996352804
4337,2282,3755,2762,21.8529619039423,6.563034939061438,7.606365621424621,7.1426314164722084,0.9855861655844957,1.1589707646006204
4338,3723,3642,3756,47.72718471384285,10.076938560600997,11.216475825315511,10.5344773858255,0.9910479620063996,1.113083676938341
4339,2281,3756,3642,43.91106342739546,9.825289691071596,10.310017771559991,10.07600293916387,0.9984553980397076,1.0493347367588435
4340,3848,3870,3899,43.561576559652835,8.36862514506272,11.576886269152531,10.28938977514727,0.9333281574319574,1.3833677657294285
4341,3469,3775,3864,47.501199231942664,10.060451666785758,11.499408187595217,10.543379756355597,0.9827938578831429,1.1430310058106163
4342,3827,3751,3812,30.262220920626415,7.898159612789458,9.642819108475612,8.490744194116486,0.9605677849619262,1.2208944337945555
4343,3834,3085,2123,48.87975372517144,9.104831812205399,12.526456826736972,10.897094840937276,0.9351490036202615,1.3758032092305916
4344,3677,2893,3759,28.917882652175685,7.9207039579258804,8.333309441089222,8.178133649340547,0.9980201520037871,1.0520920217893595
4345,3762,3759,2893,24.124396731003756,6.642872093878895,8.333309441089222,7.558858710456721,0.966858217303932,1.2544738666228403
4346,3068,3760,3511,27.02730415491591,6.695280984506973,9.008159874813424,8.072128590536396,0.9435946210825692,1.3454491149301282
4347,3067,3717,3760,28.63410102873523,7.559928170800551,9.279669175597231,8.242614118832567,0.9654175857907832,1.2274811302359994
4348,3758,3827,3856,25.692216753507765,7.251555629435195,8.964741892477917,7.839208718535876,0.9556527964956055,1.2362508612757008
4349,3635,3813,3632,31.664244422590507,8.19243087261039,9.423974334672312,8.612899573942785,0.9814031935433472,1.1503269885595644
4350,1546,3762,2893,23.177117070980664,6.642872093878895,8.258587636073566,7.408621297063139,0.9674468390605269,1.243225448173762
4351,3763,3762,2312,24.829821159276854,7.143572724038308,8.314004800543293,7.6245538199334595,0.9821551118272005,1.1638440765873987
4352,3399,3763,2312,36.41736495487175,8.314004800543293,10.74740295943511,9.355778691157079,0.9494642018119308,1.2926866434732878
4353,3409,3364,3763,31.777047917667467,7.909147947480058,9.958792156048004,8.71833402966025,0.95551485882574,1.2591485482606233
4354,2417,3812,3832,49.71963175852338,9.834071677111357,11.541374634767438,10.783946968419817,0.9830881035938152,1.1736109938704027
4355,3826,3812,3620,34.66713269094535,7.929239417101939,11.342363362809916,9.348034582694963,0.8945992194805816,1.430447835683519
4356,2666,3553,3765,35.77242518855086,8.624950469603496,9.972278350532997,9.149702435506326,0.9827384313070311,1.1562128253000206
4357,3843,3553,3599,46.88502450063907,10.182903321424217,10.55439644796578,10.4093353510531,0.9990381284595324,1.0364820439530211
4358,2522,3815,2842,39.000974529410065,7.945378908416348,11.575593462852797,9.834702911487044,0.9104415094387782,1.4568963414181608
4359,3815,2522,3687,34.191565165016996,7.9809860035789715,9.983136363191987,8.998789864638006,0.9671164123305455,1.2508650383192224
4360,3132,3427,3816,50.25985066947617,9.714601553313644,11.852503213459004,10.878996812885157,0.9742941121644059,1.220070956941731
4361,3429,2866,3767,25.261605515295553,6.935241651461162,8.23959667686704,7.695451117704394,0.9800478707485055,1.1880763628663276
4362,3093,3768,2472,39.50793923018941,8.782171416295181,10.18517417354971,9.605756142641377,0.9850072830915071,1.159755792815804
4363,3823,3183,2835,32.80810043913216,8.203866179748868,9.492197827484649,8.757050506080699,0.9842546992775938,1.1570395737214743
4364,3093,3414,3921,27.96315907517171,7.440712792853886,8.693178812842675,8.084689032887587,0.984058917709642,1.168326080424938
4365,3589,3710,3876,53.238457439379886,10.07716545051,12.61950437580361,11.243401435153004,0.9642045716305961,1.2522871076970303
4366,3817,3275,3667,28.928831076820536,7.899376477168958,8.682792337713957,8.196533624881221,0.9926443524972225,1.0991743921573118
4367,3824,3829,3693,31.746561842525125,7.911657484475807,9.270757571960392,8.616142072277912,0.9834807262017403,1.1717844952402705
4368,3887,2490,2982,25.885305511907433,7.406847667151632,7.9945717391095785,7.743366517116693,0.9959783742335021,1.0793487456970965
4369,3818,3718,3617,40.46570765755437,8.821421995866784,10.885499309502183,9.78262148132415,0.9692154502463253,1.2339846472147584
4370,3374,3772,3106,24.0949146579322,6.85724463591082,9.110561187492479,7.691594081156311,0.9246743857688727,1.3286037863927485
4371,3782,3772,3591,29.071082341341373,7.488811937988754,9.43589820745135,8.324811401241048,0.959478323195607,1.2599993544484065
4372,3773,3381,3116,24.978067387170604,6.939035286032096,8.722812992643824,7.71249828996384,0.9607499141434469,1.257064221910267
4373,2740,2582,3773,43.99478684647906,8.956900523738954,11.130342272380531,10.197726890270827,0.9692179829718935,1.2426555640403942
4374,3888,2682,3088,33.16058052932888,8.249556070393211,9.262370800204343,8.780293874110427,0.9911392817320143,1.1227720281150664
4375,3921,3922,3093,32.90982036445507,8.1201754929662,10.054595850841844,8.855388463807126,0.9602366315648532,1.2382239595130997
4376,3844,2949,3779,53.31720191312292,10.447637672312947,12.014461422514447,11.154954325914202,0.9862003369794766,1.1499691891453803
4377,3757,3902,3644,31.60892245039876,8.22094933879797,9.00260192526104,8.563003248320102,0.9940906553213014,1.0950805745480192
4378,3684,3862,3472,51.12850600908461,10.2225494022699,11.979572981101418,10.947941900927558,0.9805460843894315,1.1718772401766406
4379,3684,2471,3837,39.95686951379593,9.086782766257356,10.17485628444166,9.636857136347365,0.9915117789603423,1.119742437579198
4380,1316,3777,2540,33.19003032805547,8.446047795492373,9.333549859992285,8.782464446203063,0.9917590771285917,1.1050789772908425
4381,2305,2890,3777,38.056009214879786,8.580967420213895,10.471018443780418,9.473541072442755,0.972747014210595,1.2202608320262578
4382,2925,3559,3778,33.08716936613215,8.54363073684453,8.985247117419872,8.747096419002967,0.998259099296118,1.0516895444311356
4383,3778,3559,3882,28.87041068511011,7.5883792699588675,8.712411402744499,8.204208431430597,0.9873818616718474,1.1481254550936175
4384,2949,3570,3779,44.72894136098628,8.710307281432353,12.014461422514447,10.42978293511216,0.9338936041190363,1.3793384130230992
4385,3570,3839,3900,22.848686729999976,6.418965221839723,8.889489895652963,7.503780582728503,0.9197748035179965,1.3848789623298767
4386,3005,3590,3780,31.582892936951787,8.36316789265803,8.786316160713664,8.545953065982948,0.998258438480095,1.05059664872053
4387,3849,3780,3590,28.785323478924543,7.581641630396333,8.488375144577152,8.185265061926339,0.9895224616060608,1.1195959342822985
4388,3583,3782,3820,32.49320289758941,8.078033311942983,10.374463837435613,8.88034963566918,0.9382462085156232,1.2842808932339345
4389,3576,3293,3781,48.25704999724432,9.98216607539138,11.67762864202668,10.64000675024362,0.9796408521478464,1.169849164382774
4390,3772,3782,3321,27.999391305888803,7.482111900011164,8.742607813976585,8.091481257423597,0.9836330771843291,1.1684679313555228
4391,3782,3591,3820,28.290373702637797,7.488811937988754,8.708921856898355,8.128761850838686,0.985030930210529,1.1629243635723188
4392,3784,2774,3648,32.55262979810176,8.189387982017275,9.611873377421672,8.741854404649251,0.978770300018564,1.1736986205230442
4393,3783,3784,3929,27.99438570412553,7.085704569651926,9.15226064237097,8.171976294812154,0.95780171925843,1.2916514585677343
4394,3648,3821,3784,33.79565232418966,8.189387982017275,10.922270715840149,9.143303385196434,0.9162129445801206,1.3337102528081335
4395,3929,3855,3740,44.58314135218699,9.703808967386761,10.791421537704151,10.178330658423327,0.9918615684027893,1.1120809956144762
4396,3739,3785,3740,52.861075471814026,10.94738732912325,11.238905285539222,11.051290859062002,0.9994165096837767,1.0266289981026293
4397,3610,3783,3785,33.39312154420636,7.932279511935906,9.351125009495025,8.849028242579028,0.9795663134520223,1.1788698312287338
4398,3434,3786,2782,31.32734089160281,7.424980133201145,9.509335608115066,8.634609014145795,0.960321467122105,1.2807220272002653
4399,2781,3786,3612,24.919003725061607,6.590681534400796,8.282065360141134,7.696274856733273,0.9616244583796523,1.2566326133210917
4400,3562,2934,3881,38.87264425359264,8.667120641674867,10.775766753703715,9.603142654465914,0.9654059793448636,1.2432925765322411
4401,3787,3912,3840,38.494738660211205,8.50087045562279,10.730225360827902,9.564998743711797,0.9629250486352771,1.2622501915354485
4402,3636,3633,3845,34.79017273313558,8.35768827210616,9.79050472459111,9.023118971227762,0.9826381913258486,1.1714369339745518
4403,3546,3788,3703,35.82074389186417,8.85228870384844,9.269165891943512,9.100519119330999,0.9984657511932202,1.0470925883736528
4404,3846,2700,3769,32.30945788403933,8.011989670623091,9.308566849097257,8.686467340049534,0.9852016064958651,1.1618296118413907
4405,3910,3710,3519,34.81832023031947,7.802195646231368,9.89347384316873,9.098329939161571,0.9614445783252852,1.2680371387440783
4406,3475,3924,3790,29.944114324967778,7.523287624536521,9.162631869027797,8.395980481423992,0.9747265729231601,1.2179026412794192
4407,2486,3890,3686,37.38772776803677,8.977416261946765,9.580548600371431,9.301974062856383,0.9971688122780475,1.0671832875769844
4408,3655,3790,3894,39.282997843024205,8.95805522606852,10.900536401306786,9.658085676822958,0.9645482150687461,1.2168418396869802
4409,3190,2837,3791,44.9191102236463,9.453688327180274,11.354571746593415,10.282713110171178,0.9752772473065339,1.20107320588811
4410,2321,3836,3860,42.518068799543705,9.28101116061515,10.518155246833084,9.94779949209167,0.9896473080354692,1.1332984159600918
4411,3792,2321,3860,47.47681026893342,9.881227637687687,11.864179588586746,10.596546431700403,0.9694797748473888,1.2006787034574473
4412,2962,3768,3793,28.283093465640782,7.48499689550307,9.35477021472582,8.216650847999345,0.9580275088079372,1.2498028182678467
4413,3768,3183,3823,44.65090244401212,9.492197827484649,12.159010614218703,10.409263956144963,0.9384088672587304,1.2809478726846906
4414,3925,2493,2494,28.97904700320381,7.779722572279013,8.8272089069026,8.218349621051999,0.9879774819272104,1.134643147604778
4415,3925,3781,3926,23.637821106628348,6.341270361028127,8.200195662587772,7.5168019338533965,0.9543677378787103,1.2931471449292145
4416,3288,3927,3538,19.240704895970328,5.957513440665264,7.935359268254964,6.830448747378912,0.9387455963916612,1.3319918364076468
4417,3795,3830,3829,55.438389520249366,10.09090710296187,12.103002348393337,11.4242078827289,0.9743382390531287,1.1993968654057752
4418,3444,3884,3848,24.589290837195573,6.710052379072385,8.40440605542633,7.630002735362344,0.9673036627872693,1.2525097541173258
4419,3230,3796,3681,26.313168800849823,7.75874948340305,7.819566170132422,7.795495170361819,0.9999542317253253,1.0078384650592813
4420,2414,2924,3797,39.879615106691,8.218294556918057,11.191861342830975,9.8230124259329,0.9398422034877806,1.361822853308392
4421,3801,2924,2660,34.57218901672005,7.038308405533627,10.759130038315531,9.324287994756839,0.8909639958045068,1.528652826559367
4422,3520,3798,3372,53.33361706828093,9.2716296286532,13.076699991450024,11.417273036441406,0.9268790547663797,1.4103993057528497
4423,3627,3808,3798,61.03140892776267,10.537912054069217,12.945977626692066,12.001857936751778,0.9710625125942695,1.2285144875253513
4424,3014,2540,3799,38.850177292219925,8.682128570387949,10.127360903747764,9.529527901535763,0.98387433038612,1.1664606002598321
4425,2540,3777,3819,27.639921644304987,7.309196275226724,8.567795683124531,8.040668430829205,0.9829747227111469,1.172193954096378
4426,3895,3516,3125,39.78400899132654,9.016872304091335,10.364667602077583,9.634838610375501,0.9864514821535857,1.1494748126104322
4427,2413,3800,3656,59.28587412363186,11.4054719556488,12.240118233830888,11.719205501691576,0.9959085375413007,1.073179459949372
4428,3892,2410,3683,28.14276301422341,7.640419963801819,8.936051196861055,8.127603149644854,0.9789666753420251,1.1695759184963097
4429,2660,3692,3801,37.68367929504887,8.630737087236149,10.175425540421358,9.3932727939278,0.9818945323971109,1.178975264519368
4430,3829,3830,3931,54.65699711077796,9.587418825023798,12.703121549220365,11.456418190358553,0.9486239706233905,1.3249782638121927
4431,3871,3792,3896,48.14528678013349,9.70080634445271,12.126637880670138,10.707753696201642,0.9608125531527701,1.2500649379115387
4432,3706,3569,3803,46.3846144223964,9.26845989071167,12.45731712031901,10.634942413709878,0.9322890040908962,1.3440547045796718
4433,2829,3803,3569,46.487442582577835,9.257391861381148,12.5951346002734,10.6771922305845,0.9256348627360063,1.3605489309376908
4434,3732,3804,3560,38.285829558298204,8.006305362270535,10.464173158790489,9.582332016194162,0.9500203539998595,1.3069915129770817
4435,3804,3761,3813,49.28570175414512,10.042850998702507,11.31285296718096,10.706355119160513,0.9906347907803824,1.126458310358536
4436,2816,3805,3608,32.24078963499127,8.527745232983515,8.733754613901164,8.630072229030214,0.9996199701267247,1.0241575440270951
4437,3893,3713,3804,42.26262788235035,9.142242365509338,11.986784194833538,10.165869799905245,0.9294366170699637,1.3111426842123237
4438,3930,3714,3622,45.921694541056176,9.102259516126045,12.734794000802992,10.671627116060476,0.912627064704709,1.3990805226154404
4439,3001,3578,3858,43.53877490332905,8.675243495196918,10.957591332484393,10.181578947941015,0.9594374915862739,1.2630874670608503
4440,3807,3130,3852,32.17891267753022,7.67293105314221,9.82597237183772,8.755650471464508,0.9597067097009186,1.2806021980106024
4441,3853,3807,3729,36.43735452682898,7.948305457425797,10.458880334459176,9.342757927917901,0.9521603789870278,1.315862908198608
4442,3490,3735,3808,30.15616470309467,7.4507666627317795,9.13964029416061,8.432469324185776,0.9723968619107152,1.2266711209567815
4443,3735,3680,3825,29.993952757720447,8.113589700549547,8.538215388912564,8.328157763761794,0.9982676283409051,1.0523351197231796
4444,3809,3912,3881,39.69767522382256,8.867111761573774,10.549032140662145,9.65173200482368,0.9791111529149471,1.1896807465963253
4445,3622,3809,3564,53.39638697719145,9.83002153407695,12.59733022312937,11.275605864974937,0.960212687753732,1.2815160352863126
4446,3012,2537,3810,20.968612218017128,6.221027050496946,8.526767279609718,7.187576102365874,0.9203330056032694,1.3706365862737386
4447,2537,3670,3810,21.821708918314975,6.5492401164657865,10.393526427368975,7.919233506941906,0.7660329695160464,1.5869820379982813
4448,3683,3748,3811,26.19148211451705,7.018098705137015,9.540973030863205,8.033361841929972,0.9204119050015576,1.359481168864087
4449,3811,3748,3661,28.023916146099904,7.018098705137015,9.339719902771948,8.211666814924746,0.9471187740474489,1.3308048654168378
4450,3620,3561,3826,27.187052337650428,7.598979502198861,8.288164190310585,7.938794369870462,0.9949629495236756,1.0906943738843222
4451,3085,3812,2417,47.13607431337925,8.838934729540647,11.548522688690339,10.64294401766614,0.9474028141647811,1.3065514162124046
4452,3635,3805,3893,26.646034473118533,7.484871812084561,8.341665489481459,7.8692074745333445,0.9917119721745262,1.1144700535837604
4453,3856,3859,3761,41.443510878733605,8.682238818801796,10.960101797747322,9.914291749365026,0.9650556938167869,1.262358940647049
4454,3764,2417,3832,29.28466531186166,6.810239569383102,10.97639459338065,8.79560890386643,0.8424832491366568,1.6117486736777067
4455,3833,3831,3621,25.996717392426273,7.194224609060533,8.218743859461766,7.783265590866681,0.9880013926432257,1.1424085716076942
4456,3857,3687,3806,26.68183233471136,7.2986721932206065,8.4010272009021,7.888390760128551,0.9869753389711311,1.151035007258638
4457,3730,3729,3852,49.43029691744455,9.312151266627994,11.864676035766308,10.842273510871422,0.9611407501697082,1.2741068842261842
4458,2865,3816,3427,49.782947209581124,10.03623790749343,11.166088995441582,10.757404191605948,0.9912527430605703,1.112577152750092
4459,3429,3816,2574,38.631522321459556,9.127203052716167,9.774501928521623,9.456485276287756,0.9968788133473998,1.0709197409180928
4460,3667,3792,3817,35.33368922228178,7.899376477168958,10.359055125812564,9.198711696441043,0.9528853140817111,1.3113763036554407
4461,3770,3817,3871,38.733997525174075,8.213481161819285,11.183921883936373,9.694388906912126,0.9371466620601541,1.3616542929355346
4462,3611,3818,3540,35.95674843471738,8.968146955363636,9.389912891859954,9.118746509169283,0.9981980639055774,1.0470293293135735
4463,3818,3771,3887,26.29166933663196,7.114814096095061,8.42635576548426,7.847709976182234,0.9811403961732935,1.1843395557037864
4464,3022,3819,3495,30.621978420473887,7.328042600047613,9.343869496317676,8.534375966080484,0.9609582503171658,1.275083948919315
4465,3799,2540,3819,33.59676702105932,8.24501333413636,10.127360903747764,8.940762328873204,0.9620595984772193,1.2283013372238014
4466,3591,3493,3820,42.589611884219536,8.708921856898355,11.260818383848592,10.079502300625292,0.9577102291678186,1.2930209466661908
4467,3576,3820,3493,58.25927892800666,11.258386025218954,12.394850881142046,11.638018430069865,0.9912633074626259,1.100943852287299
4468,3854,3648,3789,53.24834967465109,9.8994911639025,12.500989139550072,11.24108741058916,0.9645349938930382,1.2627910801247717
4469,3821,3695,3855,45.687094000896685,9.769974827230246,10.889157196643925,10.302853654883513,0.9920161140393727,1.1145532500548891
4470,3739,3822,3785,44.29137777872393,8.981937745795335,10.967579962523532,10.220853690184109,0.9718981966942266,1.2210705833112376
4471,3924,3822,3686,31.638005766176914,7.528219381286748,9.87919707871473,8.71045549651348,0.9514480600291046,1.3122886805440233
4472,3668,3793,3823,25.13612828340712,7.279252219000927,7.898426353251152,7.632062742604578,0.9954281405782325,1.0850601292031072
4473,3768,3823,3793,29.810372362915672,7.810185433769144,9.57658342673154,8.428398404583945,0.9601907808516489,1.226165948035621
4474,3094,3824,2698,28.735933631670626,7.484469751264324,9.18491513502219,8.242664621300614,0.9696439237788789,1.2271965069363284
4475,3679,3795,3824,47.061517643743755,9.743413705570786,11.307797060711914,10.485380982014085,0.9848631827518293,1.1605580346287352
4476,3680,3709,3825,33.36188011519741,8.279495095702877,10.144278160295146,8.918813819273765,0.959517202008404,1.2252290801597436
4477,3798,3825,3709,42.554645996882456,8.279495095702877,11.559080986602085,10.181683853132776,0.9306679390414095,1.3961094067923705
4478,3561,2930,3831,33.14289933916501,7.514098700768178,10.27766883074352,8.964452995772255,0.9374910772316316,1.3677846459074083
4479,3832,3826,3831,29.48785167797645,7.0738226737932655,9.97896906227379,8.51341547720801,0.9216900334584698,1.410689739119891
4480,3812,3085,3827,37.92015032123611,7.931253861084389,11.548522688690339,9.717385665840322,0.9064631795030824,1.4560778019418212
4481,3085,3834,3856,39.852205348818565,9.104831812205399,9.931807514613585,9.613479030470709,0.9944209699775604,1.0908282238997091
4482,3857,3815,3687,32.099673958243045,7.965472886262944,9.03224722714306,8.648789885284295,0.9879368785651228,1.1339247971981485
4483,3577,3001,3858,43.70788797992958,9.189656339185849,10.957591332484393,10.124125480732095,0.979762896140259,1.1923831455763854
4484,3795,3927,3830,28.41019929449,7.269631972564297,12.103002348393337,9.144489874464355,0.7447075769239734,1.664871398451841
4485,3802,3693,3829,26.28816081839878,7.033875618896748,8.666011160397538,7.876697676627813,0.9715485358056178,1.2320392952522508
4486,2696,3830,3288,43.53605032784553,8.39693504965304,11.53665741575177,10.275960692430152,0.9358899794776693,1.3739129036407711
4487,3792,3871,3817,44.417688217650195,9.337703486341608,12.126637880670138,10.383368347330823,0.938038251042502,1.2986745508044826
4488,3833,3621,3787,35.18826984490633,8.218743859461766,10.51768067929886,9.185286603367494,0.9524898383716576,1.2797187574096813
4489,3831,3833,3832,29.573878251059455,7.194224609060533,9.97896906227379,8.512496515715286,0.9258724082441525,1.3870805548253389
4490,3764,3832,3814,28.38284795929752,7.47880556555391,8.600192548835539,8.136770202462491,0.9866312839699085,1.1499419891923042
4491,3812,3826,3832,34.857940518559836,8.487454695556973,9.834071677111357,9.03134244694712,0.9829072641189448,1.158659695969784
4492,3787,3814,3833,34.29956913143755,7.870286070206154,10.887942394742002,9.192554578763337,0.9200965853356653,1.3834239692963033
4493,3832,3833,3814,28.97065346006788,7.870286070206154,8.364295875811534,8.188631479671905,0.9970243379106027,1.062768977035728
4494,3607,3632,3859,36.41128138298396,8.827890383659852,9.685422845994,9.191959988865383,0.9936801194384093,1.0971390020792977
4495,3856,3761,3758,36.330503719990325,8.621117409529445,10.100534631545953,9.228797977851105,0.9804996747980917,1.1716038828541202
4496,3650,3835,3649,32.478613875971014,8.194014623272361,9.968115855927518,8.792045179650492,0.9617196387323425,1.2165118460511914
4497,3641,2492,3835,37.84053235947634,8.408558067205147,12.060388035163392,9.825826793949922,0.8817949588789991,1.4342991912253091
4498,3469,3864,3866,64.64263813638934,11.499408187595217,13.09311141482964,12.270924015996949,0.9886463913719488,1.1385900214372424
4499,3903,3916,3899,47.8671911102915,9.303968566211502,12.772963996979382,10.837333034617274,0.9247930945441261,1.372851155512924
4500,3092,2785,3861,47.74282323656956,10.2169501398553,10.794631721061464,10.508291496450349,0.9979861062334611,1.0565414897105827
4501,3684,3837,3862,47.4873735321512,10.17485628444166,10.641703319411352,10.47871919751474,0.9983394396495169,1.0458824205393
4502,3091,3901,2456,45.663021002245536,9.238233577456215,11.283937865524054,10.370717852376233,0.9739632822655343,1.221438900728805
4503,3900,3863,3779,29.270948366619812,7.459006950494194,11.655251451160414,9.015884865268072,0.7970864056541163,1.5625741507571862
4504,3569,3839,2947,46.29587072030637,9.698215695584912,10.761218558803169,10.37184612852284,0.9917610705750216,1.1096080863309925
4505,3706,3838,3863,42.67042775331871,8.976134277742464,11.374719132647,10.081025700208523,0.9604240792811641,1.2672180228912295
4506,3787,3840,3256,41.946010540688846,8.144728250536124,11.510237981941891,10.12839719776864,0.925629272144624,1.4132132623558353
4507,3259,3840,3711,33.912282245621995,8.482139595032084,9.313490943419866,8.86975281937117,0.9940065477931194,1.0980119861355144
4508,3899,3681,3796,41.55596904391776,7.808169857549986,11.41316098757018,10.162321269459992,0.9049668891878144,1.4616947627662589
4509,3654,3866,3836,54.84298909246668,10.049047786668114,12.232825779909778,11.366040956775649,0.9736430898564176,1.2173119323941162
4510,3763,3399,3842,44.37370354188489,8.59654233780223,11.748619212041913,10.364188169759752,0.9388975235454371,1.3666679870090113
4511,3765,3553,3843,45.172542407565636,9.972278350532997,10.55439644796578,10.222702963112097,0.9976864089835515,1.058373631077162
4512,3843,3875,3868,51.178832763034855,10.263117056351453,11.342013984951688,10.90013981785406,0.9929961479523416,1.1051237087793466
4513,3908,3868,3875,49.04971156952612,9.928617490476677,11.095288412259034,10.681367368964734,0.9903790178539308,1.1175058786282586
4514,3844,3878,3874,56.994503856037376,10.29170093774042,12.93753763069281,11.625703476517293,0.9655174327020002,1.257084490596682
4515,2771,3644,3865,35.61413563772697,7.66197439445545,10.697319143477543,9.317612997353592,0.9304886927646658,1.39615699462773
4516,3703,3788,3845,36.686905442388536,9.032006559115386,9.413866451717785,9.208658591011407,0.9988290514454349,1.0422785225080482
4517,3636,3845,3788,38.80908571978081,9.032006559115386,9.79050472459111,9.48350208107838,0.9953645212904011,1.0839789210195183
4518,3922,3869,3769,54.380084550257834,10.82206222166079,11.79606799738257,11.229935528087514,0.9944832741015421,1.0900018643186387
4519,3872,3854,3789,55.003141531870426,10.822678341261472,11.719538011833103,11.288332760469828,0.9957918588818712,1.0828685508606823
4520,3894,3791,3655,42.104270521428134,9.115665403093573,11.732716097201328,10.092002030442996,0.942108244471387,1.287093764237947
4521,3847,3894,3890,29.070076187075635,7.872257238027977,8.697538494248976,8.216747447257076,0.992559225605794,1.1048341322275863
4522,3694,3851,3870,45.87727933326564,9.03925448792807,12.051503716531338,10.51836988257079,0.9447096845983006,1.3332408920034422
4523,3796,3848,3899,45.367517223027264,8.496400664632228,11.576886269152531,10.495482640451646,0.9341463940707216,1.362563599118315
4524,3627,3849,3590,33.294528023676484,7.581641630396333,9.663983292894015,8.906313951525526,0.958663289322888,1.2746557756237322
4525,3520,3849,3798,49.93123662594595,9.730743873378687,13.076699991450024,11.066033322271133,0.9258150636888923,1.3438540939532058
4526,3868,3125,3765,52.496636145380805,10.092812665529367,11.85252612578665,11.081764031993373,0.9828967440483449,1.1743531281688548
4527,3656,3919,3733,43.18832874623315,8.761807065279392,10.849313024487229,10.113106821767746,0.9665549549008715,1.2382506192678042
4528,3802,3931,3694,37.89759262146225,8.462940083503556,11.780734768520185,9.745440979901643,0.9014244832869746,1.3920380686002805
4529,3851,3694,3931,55.28140695353608,10.290310986990661,12.051503716531338,11.374183157347394,0.9822675908449857,1.1711505834728642
4530,3766,3852,3130,41.10946458614124,8.568806641027574,11.562384290078544,9.985721100981278,0.9379305645651814,1.349357591373071
4531,3828,3852,3815,56.14829656086338,10.628000702173015,12.05732219238744,11.43292242437849,0.9893218736235694,1.1344863940329044
4532,3579,3853,3729,49.39212816649234,10.458880334459176,11.126408578305853,10.693719376516333,0.9966514643730585,1.0638240636186793
4533,3003,3853,3708,49.8216586697624,9.39986475311305,11.824601845632579,10.870738610089708,0.9645533449423982,1.2579544659636197
4534,3789,3846,3872,36.678679508953344,8.170348426045036,10.822678341261472,9.406703359854173,0.944589780029184,1.3246287400377528
4535,3910,3519,3695,31.252901718784212,7.802195646231368,8.973447410083848,8.541768162061176,0.9854944381051207,1.150118225299595
4536,2701,3855,3695,38.457225000310125,8.874425147556037,9.769974827230246,9.449486795438592,0.9927819799182642,1.1009135425431853
4537,3929,3740,3785,43.91246448607732,8.847059935569938,10.94738732912325,10.195289600799113,0.9671423159412056,1.237403997356101
4538,3085,3856,3827,32.76413155843238,7.251555629435195,9.80379776459314,8.909244613924857,0.9370170872771264,1.351957878499614
4539,3834,3607,3859,37.10706061325973,8.631880650845359,9.685422845994,9.291301051003666,0.9901399397343477,1.1220524515761767
4540,3806,3930,3858,35.40649325502708,8.12244152642189,10.549610542894104,9.219726681522472,0.9506526710393406,1.2988225902983428
4541,3815,3857,3828,37.090168909557754,8.329529821764535,11.613444378575007,9.630541247595474,0.9037628285496304,1.394249690808455
4542,3828,3857,3858,36.32737368334254,8.329529821764535,9.933533137981247,9.230113681335434,0.9795808284144505,1.1925682902323673
4543,3806,3858,3857,33.52767792421697,7.2986721932206065,10.549610542894104,9.091853606791743,0.9165402792579638,1.4454150376411126
4544,3761,3859,3813,43.23385108453225,9.206731875225055,10.960101797747322,10.069894890558295,0.979676985150248,1.190444334242047
4545,3856,3834,3859,37.835552815273495,8.682238818801796,9.931807514613585,9.390215329862341,0.9878716372273618,1.1439224054866803
4546,3898,3914,3866,34.705438819601675,8.042171300699344,11.6266361674234,9.434449414135267,0.8762286754718653,1.4457085944454269
4547,3694,3870,3848,40.31672730836893,8.36862514506272,10.545596709556852,9.792857765957514,0.9607091353837149,1.2601349118592664
4548,3904,3873,3879,45.30653505652856,9.908187643640955,10.72678184144166,10.247206017707791,0.9952834928430737,1.0826179546898342
4549,3283,3873,2692,44.62337655527895,9.239567602144676,11.286671099969377,10.255561472683176,0.9733476479170543,1.2215583657128641
4550,3861,3879,3837,46.72514573295838,10.09756900317795,10.903861953153882,10.406590894005172,0.9952399264281369,1.079850204511816
4551,3873,3877,3879,42.48719329255622,9.194447263516413,10.557684730852557,9.952926854136576,0.9872981987730881,1.1482674736463467
4552,3901,3838,2456,35.18310258102104,8.174018506699294,10.589982114148434,9.201072421038793,0.9481187309000766,1.2955662022870458
4553,3863,3838,3901,39.53312153468875,8.174018506699294,11.436945281402995,9.834395826112798,0.9269619087198528,1.399182699675742
4554,3874,3775,3844,44.490056079278496,9.520460386209251,10.700957951709551,10.171039758553073,0.9908938947802546,1.1239958486892394
4555,3864,3841,3866,50.88312672254548,9.548273755443372,12.220252445565997,11.002869357391956,0.9609781897520223,1.279838927806124
4556,3841,3864,3865,47.56560017940477,9.548273755443372,11.66469201009153,10.589023797964012,0.9731868391238858,1.2216545428896621
4557,3874,3864,3775,46.84407628768896,10.070279414685812,10.700957951709551,10.410700957581257,0.9975243484278619,1.0626277098234236
4558,3866,3654,3469,58.19836891098342,10.354503938443743,13.09311141482964,11.754621552340813,0.9639970065177335,1.2644846621978785
4559,3898,3897,3860,55.98757267101644,11.150914003981399,11.73478346368089,11.379628933977685,0.9979700273730232,1.052360681778285
4560,3909,3399,3907,42.99183725306382,8.858499864632632,11.526370338683257,10.14812590681579,0.9530668290000164,1.3011650409006654
4561,3599,3867,3843,45.575733478189086,9.881758504073114,10.4907062837693,10.270097071732772,0.9971756209721314,1.061623422536099
4562,3843,3867,3875,43.12469206555186,9.811930435676034,10.263117056351453,9.985601998700199,0.9984024617030285,1.045983471207145
4563,3895,3868,3850,34.5763054803917,7.791470186947773,10.460569589298652,9.136499987468879,0.9431554303869338,1.3425668504542492
4564,2682,3888,3774,39.701295525228055,8.828954751733729,11.05861618210276,9.731377303289888,0.9588752291222752,1.2525396825633517
4565,3869,3888,3889,36.49321272577392,8.08497741309725,10.130564849620976,9.29776375448052,0.9662851155582378,1.2530109030620147
4566,3897,3851,3896,38.846327540448854,9.107187071632048,10.126049210752429,9.504311484489326,0.9909596435537497,1.1118745152709153
4567,3851,3897,3870,38.40797658814807,9.03925448792807,10.126049210752429,9.45615047332974,0.9894228306672087,1.1202305703723436
4568,3931,3871,3851,54.70737770205533,10.290310986990661,12.080240696184953,11.312849298530715,0.982840474378517,1.1739432084664085
4569,3830,3770,3871,63.946698102696104,11.183921883936373,13.789253506009006,12.308665191426527,0.967129396230232,1.2329533100382888
4570,3846,3869,3872,43.08475600681521,9.227083312256012,11.341434514668117,10.10519546984851,0.9667308394517521,1.2291462134739466
4571,3913,3872,3889,22.54761556010245,6.104941932907698,9.561998534413014,7.684563518245295,0.8523909778874263,1.5662718236303959
4572,3880,3877,3283,42.67924055240223,9.278325325205735,10.787319229089135,9.987106237907566,0.9843946871199041,1.1626364511906075
4573,3861,3721,3904,56.97533731658871,10.76173931189786,12.292531591519307,11.522066651949764,0.9882107672434699,1.1422439473077597
4574,3844,3779,3878,65.61463603717655,11.002763882915211,13.346596085250654,12.428965866286225,0.9743216941724127,1.213022130373522
4575,3865,3864,3874,50.45013211147511,10.404561334607008,11.66469201009153,10.84337295034898,0.9880681854694966,1.1211132920417464
4576,3909,3867,3842,33.419769352579095,8.372576007729625,9.31946047212875,8.811551302709399,0.9920870140839854,1.11309356445674
4577,2633,3907,3399,54.386335285003135,10.35054460113734,11.91514019393158,11.264018377917393,0.9864856325811443,1.151160702464131
4578,3854,3872,3876,48.97814219985542,9.719312745919735,11.719538011833103,10.729460060685751,0.9768702332200616,1.2057990434306256
4579,3872,3869,3889,45.58826181103396,9.561998534413014,11.341434514668117,10.344665966234036,0.9787920593437173,1.186094567349182
4580,3879,3877,3862,43.86349502640036,9.697753946263356,10.557684730852557,10.083982845609617,0.9949380136924301,1.0886731906536504
4581,3283,3877,3873,46.06037937994058,9.194447263516413,11.286671099969377,10.422812530858309,0.9720451236137737,1.2275529758874046
4582,3918,3779,3863,60.3247687630444,11.278992500581362,12.595712930072985,11.84331896060492,0.9910595862213625,1.116740961519724
4583,2771,3911,2687,36.3134921524341,7.913780316242531,10.77563060997673,9.380809174903433,0.9384024578027088,1.3616287260161157
4584,3837,3879,3862,44.67753549250684,9.697753946263356,10.619597988691211,10.178564553546083,0.9945322823555889,1.095057479034416
4585,3879,3861,3904,47.72091892106276,9.908187643640955,10.903861953153882,10.524596302897566,0.993207201935151,1.1004900538144275
4586,2469,3880,2960,36.31247340192873,8.915393026570355,9.665429754890328,9.177739105477086,0.9941911212046685,1.0841282853245677
4587,3776,3880,2468,30.37313980059138,7.753639403143525,9.059885911139473,8.425940232661835,0.9840376360396562,1.1684688234877625
4588,3564,3809,3881,46.90668608818539,9.527071330058144,11.399465837718491,10.491856436146259,0.978867348059774,1.1965341124037665
4589,3912,3809,3711,37.02865434900679,7.974329098690412,10.947121703015144,9.486834304646893,0.9348419180357507,1.372795324538705
4590,3559,3619,3882,35.5860887130611,8.311834621588426,10.053249021927222,9.15096619992034,0.975488374783622,1.2095102320510323
4591,3713,3882,3619,41.378692602060404,9.087814956245376,11.703846492463512,10.020671803589211,0.9383718839140188,1.287861444011944
4592,2663,3656,3883,39.1250870075357,8.547383550313082,10.731535855976718,9.632233650351223,0.9655934347815341,1.2555346080829182
4593,3733,3883,3656,43.46752508478959,9.617781544763872,10.728200375536614,10.0555167362658,0.9905021606996841,1.1154547777576918
4594,3077,3694,3884,34.77927605403967,7.414774421635089,11.478419472245157,9.436118163660494,0.8750070108196857,1.5480470233528645
4595,3848,3884,3694,35.356803942347575,7.775549771588316,10.545596709556852,9.245435692748801,0.9410138984779639,1.3562509429352798
4596,3517,3885,3589,26.287200368536844,6.770974800063277,8.501628113774391,7.904276872843545,0.961775925542494,1.2555988413507226
4597,3886,3885,2973,21.486737202243855,6.503828663142471,7.772840343119439,7.1032956381186905,0.978193973165983,1.1951176369649037
4598,3670,3886,2973,30.037522542463222,7.772840343119439,9.92448790813026,8.526493814268408,0.9414823744608547,1.2768161276997632
4599,3710,3886,2484,36.77118030103422,8.515631870351491,11.399691232804075,9.539358897012399,0.9157150341771733,1.3386782573931935
4600,3818,3887,3718,31.85637395398689,8.001960066967381,9.640943138603483,8.669414863052104,0.9724589982365559,1.2048227006782914
4601,2490,3887,3771,27.696737917773365,7.114814096095061,9.41790677583208,8.175764203678908,0.9441910378231831,1.3237038450521235
4602,3889,3888,3088,31.4354722549145,8.08497741309725,9.428097174610977,8.58754355270048,0.9796694270874611,1.166125357300064
4603,3869,3774,3888,44.34194643232997,9.306560976033172,12.199538025901168,10.394616000885891,0.9334863597581663,1.310853499731874
4604,3088,3589,3889,41.78449022486826,9.428097174610977,10.663940465386851,9.873847852247778,0.9866107158085284,1.131080881739731
4605,3876,3913,3589,23.943011290574745,6.369194909872393,10.07716545051,7.990818991052374,0.8345929061161462,1.5821725654666605
4606,3847,3890,2486,33.590858186944395,8.697538494248976,8.977416261946765,8.810158210238031,0.9992442488541816,1.032178962804574
4607,3924,3890,3790,30.270058899671277,7.3690957630028455,9.71220297053222,8.527773561414241,0.9493120674872872,1.3179640057458797
4608,3692,3891,3801,36.6099208393554,8.88123543723088,9.373655754125892,9.203216793709986,0.9975917213078656,1.0554450245548885
4609,3800,2413,3891,44.103724697351055,9.303091465216324,12.240118233830888,10.384188520244779,0.9295782983778119,1.3157043848914012
4610,3797,3892,3683,37.312445994825545,7.8063382882716885,10.83277626668721,9.525187040074256,0.9331721230425446,1.3876898318591278
4611,2808,3892,3801,42.95699118042987,8.922598863779697,13.05403715576926,10.535350236949318,0.8683238275273212,1.4630308226407756
4612,3713,3893,3805,33.84717856339506,7.781085122034012,10.020215429785216,8.981180972442855,0.9589807303783495,1.2877658157742766
4613,3804,3813,3893,35.95273085800535,7.888607686754835,10.763361391598073,9.340183972575256,0.936947258636278,1.3644183890232011
4614,3890,3894,3790,33.16499853341601,7.872257238027977,9.71220297053222,8.847505144876239,0.9713703807884065,1.2337253060807187
4615,3791,3894,3847,36.04135909123349,8.08044660949427,10.241256999483056,9.24977606667047,0.9638874655340419,1.2674122476658531
4616,3868,3895,3125,50.736992013194,10.364667602077583,11.85252612578665,10.892587772387628,0.9837237343572288,1.1435510120373593
4617,3895,3850,3928,23.941385301113986,6.774821521640107,7.88490682470129,7.483732844429723,0.9827809032318636,1.1638545457640992
4618,3792,3860,3896,46.2030941747698,9.70080634445271,11.864179588586746,10.482178422444917,0.9626928101994948,1.2230096310881553
4619,3896,3860,3897,43.37612279816089,9.279698171083506,11.150914003981399,10.104053836453401,0.9753908236295211,1.2016461956412325
4620,3836,3914,3860,31.465142946079784,7.833019344454993,10.518155246833084,8.817578881981731,0.9174062394031541,1.3427970472559734
4621,3870,3897,3899,49.014691978165224,9.203147721308726,12.629394018222964,10.918399883586085,0.9341954110361652,1.3722906988639547
4622,3866,3841,3915,28.51819832784338,6.6556330169365925,11.240081871166499,8.829195708420672,0.8082392591186279,1.6888073369676269
4623,3841,3902,3903,34.316408082989504,8.37831031721301,9.482035687652067,8.936459444780837,0.9898446555954763,1.1317360337169038
4624,3897,3898,3899,67.21783866130616,11.253189334270767,13.925924878595172,12.602836077029636,0.9700700259732186,1.2375091598418935
4625,3915,3903,3898,30.435852750263802,7.57333990186824,11.489280521233011,9.041802235549198,0.8289805810449431,1.5170691755692574
4626,3570,3900,3779,26.843704861530682,7.2028866306928245,10.564580101389675,8.408824560858898,0.848718727914088,1.4667147552166178
4627,3839,3863,3900,25.449166253225993,6.418965221839723,10.044719748647845,8.132360388212392,0.8599223128254696,1.5648503148875068
4628,3091,3906,3905,47.12445269069738,8.830403953304904,13.407179213952606,10.978278576547217,0.8772787183092513,1.5182973830925117
4629,3091,3905,3901,62.15271726746563,11.283937865524054,13.407179213952606,12.097908064556272,0.974884449838081,1.1881649273269854
4630,3902,3757,3903,37.38319351296576,8.465458480901301,11.283563413484542,9.566018074621091,0.928083440887921,1.332894543035217
4631,3841,3865,3902,34.645068233874454,8.37831031721301,10.554105628357133,9.133596015913957,0.947609326976139,1.2596938080311981
4632,3916,3903,3757,40.222110220411686,8.886860240652002,11.283563413484542,9.824797406782682,0.9515399244139044,1.2696906565345851
4633,3899,3898,3903,68.87449845902745,11.489280521233011,13.925924878595172,12.729389798935856,0.9756543908707969,1.2120798036795313
4634,3904,3721,3905,65.39904068687098,11.284001123994125,13.641376383432162,12.40596969964853,0.9754062994778815,1.208913064925645
4635,3906,3904,3905,46.880009784184516,9.471785196040901,11.284001123994125,10.484346294139721,0.9798465005908935,1.1913278110139902
4636,3917,3721,2687,56.42131366105022,10.91728656873621,12.520106222383907,11.489333625606685,0.9831087833229706,1.1468148375107863
4637,3905,3917,3918,56.857285944190416,10.440305427285047,12.646999094088535,11.564951714891349,0.9758152015976773,1.2113629416469407
4638,2692,3906,3091,39.89725833965828,8.830403953304904,10.084308964727867,9.648439180125557,0.986206636802364,1.1419986014290628
4639,3873,3904,3906,36.94089368858505,8.080101194593816,10.72678184144166,9.42622274402546,0.9476700196560152,1.3275553836650795
4640,2765,3907,2633,54.08655128762413,10.35054460113734,11.816592912656418,11.227595252291621,0.9877346505368179,1.141639726991562
4641,3909,3907,3875,35.7077836690994,8.508146254787203,10.133115894445952,9.166587337955262,0.9757403603064659,1.1909898573669255
4642,3919,2765,3733,47.24088587857638,8.761807065279392,11.753500048911214,10.682274104260642,0.9407990490635085,1.3414470281464048
4643,3868,3908,3850,36.44441166904256,8.106298998412719,11.020196204158488,9.42798512957714,0.9316586396866414,1.3594608595508673
4644,3867,3909,3875,34.794320468708364,8.508146254787203,9.811930435676034,9.020898039577686,0.9835420839557257,1.153239512091749
4645,3842,3399,3909,41.282753121358056,8.372576007729625,11.748619212041913,10.06023424563434,0.9246470128712846,1.403226342907547
4646,3854,3910,3695,43.84261014397856,8.84966142986831,12.235246341025928,10.377737966470477,0.9232925210471155,1.3825666030263035
4647,3710,3910,3876,38.803341922139154,8.350579197679775,11.033534479145404,9.661144668303264,0.9478856504328229,1.3212897234973946
4648,3874,3911,3865,41.291035885198525,9.29058195232373,10.404561334607008,9.798324539551265,0.9910487736118923,1.1199041554124232
4649,2687,3911,3878,53.28423780221954,9.914819646486741,14.115150767808643,11.601867008090705,0.8924435113642113,1.4236417071701617
4650,3840,3912,3711,29.892532431389355,7.974329098690412,8.50087045562279,8.319113049781762,0.9966319987079261,1.0660295493722287
4651,3787,3881,3912,41.09687167147917,8.867111761573774,11.590882565760591,9.973964914006354,0.9411245362937547,1.3071767760941573
4652,3872,3913,3876,23.523236848949306,6.369194909872393,9.719312745919735,7.825085914402435,0.8595854925442102,1.525987645762667
4653,3889,3589,3913,22.960107248326093,6.104941932907698,9.529505916745505,7.720181487475979,0.8611352619792053,1.5609494769111973
4654,3866,3914,3836,33.64259586998466,7.833019344454993,12.232825779909778,9.566795299549275,0.8162489017789537,1.5616999322961478
4655,3898,3860,3914,32.52459823713581,8.042171300699344,11.73478346368089,9.292838939679116,0.8407565635058233,1.4591561190272628
4656,3903,3915,3841,26.389634327447745,6.6556330169365925,9.482035687652067,8.066818329378334,0.9177660988729375,1.424663238421218
4657,3898,3866,3915,32.5191900520981,7.57333990186824,11.6266361674234,9.263949435483521,0.8458638017716672,1.5352059088956598
4658,3750,3916,3757,32.036683701589155,7.892879216066401,9.175527668689503,8.651755708469302,0.9844432918674785,1.1625070417918215
4659,3899,3916,3681,38.56804456325942,7.640751764585393,11.265632963259813,9.780483756168714,0.9082929874510892,1.4744142082295637
4660,2687,3878,3917,62.28280956098266,11.03060808569994,14.115150767808643,12.241843733610887,0.9483630545061768,1.2796348721796669
4661,3918,3917,3878,56.42287142747098,10.440305427285047,12.503295587198258,11.507791120602462,0.9786833139069032,1.1975986406031496
4662,3779,3918,3878,70.92297974037186,12.503295587198258,13.346596085250654,12.815201534173966,0.996456828736856,1.0674462578422785
4663,3901,3918,3863,55.7605512846607,11.278992500581362,11.436945281402995,11.348415807442146,0.9998648595004869,1.014004156915034
4664,3850,3908,3919,29.91376781049874,7.680221379446193,9.49975052576249,8.4287569678738,0.9642022489053744,1.2369110285265632
4665,2765,3919,3908,51.08704094782598,9.49975052576249,11.761693623395175,11.004981399356291,0.9651347128185521,1.238105526192345
4666,2470,3920,3472,38.68712314953919,8.672461847325556,10.0250709506065,9.505516145615609,0.9849538525713861,1.1559659906371413
4667,2963,3920,3668,29.146141947793563,6.8442119592892405,9.20472920903562,8.400754569273559,0.9376690407946188,1.3448924819668375
4668,3413,3774,3921,36.317240802814524,8.018886393006097,11.17928145441908,9.458027780644302,0.9200549623500553,1.3941189470110729
4669,3922,3921,3774,37.003695988074156,8.391394047613336,10.588012802432848,9.38510744818464,0.961195824816588,1.2617704212620393
4670,3869,3922,3774,53.65098329196936,10.588012802432848,12.199538025901168,11.203204349998268,0.9832116694933601,1.1522028026919304
4671,3183,3923,3769,43.059590644948415,9.481568981057164,10.73371577734368,10.015428714572158,0.9886141897247429,1.1320611386984716
4672,3093,3923,3768,38.87558447681735,8.862924232365032,10.18517417354971,9.521488031204827,0.9871267747651943,1.1491889027276319
4673,3769,3923,3922,38.61433296277346,8.382888264341872,11.071676365219183,9.645377870206074,0.9461475904921015,1.3207472193461716
4674,3822,3924,3475,26.705495956908255,7.523287624536521,8.694277700126328,7.915261568649865,0.9796504532656402,1.1556487182240287
4675,3890,3924,3686,30.290580460284822,7.3690957630028455,9.347957326250953,8.48033437293092,0.9635626226118533,1.268535194397004
4676,3926,3781,3293,28.68444436646966,7.030477522624502,10.2602255333128,8.496966239508358,0.8954173565592007,1.4593924097324504
4677,2493,3925,3794,27.5868388138799,7.239652222752683,9.502709078114647,8.174027957715447,0.9404102871790224,1.3125919292434598
4678,2983,3926,3293,26.31976074563556,7.030477522624502,8.539785703417506,7.869362514814964,0.9753237656717826,1.2146807490580773
4679,3794,3925,3926,19.815086315531147,6.341270361028127,7.239652222752683,6.794514992211532,0.988358523163286,1.1416722219014328
4680,3538,3927,3795,21.45150134489115,5.957513440665264,8.746888979101799,7.32467813077712,0.9015622728946723,1.4682113714417488
4681,3288,3830,3927,26.472824009979306,6.598473533216509,10.894289611885641,8.517866149179193,0.8072496260544845,1.651031796527504
4682,3895,3928,3800,33.896805192545976,7.88490682470129,10.353530792100946,9.031021087542475,0.9478237710681249,1.3130821989761656
4683,3919,3928,3850,23.790915245277372,6.774821521640107,7.923008404538259,7.4593504352081865,0.9831217583226664,1.1694785433432626
4684,3783,3929,3785,35.93497860600809,8.847059935569938,9.351125009495025,9.116815195811977,0.9979435112731286,1.056975433375157
4685,3821,3929,3784,31.166200368354595,8.277963672413566,8.899375868957609,8.498530333034353,0.995430919612868,1.0750682439710273
4686,3714,3930,3806,36.67971452827148,8.12244152642189,10.177827831252388,9.320479394012166,0.9666189117292433,1.2530503049045576
4687,3577,3930,3622,40.38128035726691,9.102259516126045,10.771278532545601,9.746104735426487,0.976268029779801,1.183363154331365
4688,3829,3931,3802,31.82231635674166,7.930206250589154,9.587418825023798,8.66018838637217,0.9736929731558397,1.2089747128974768
4689,3871,3931,3830,70.91805086648979,12.080240696184953,13.789253506009006,12.857538583804775,0.9877165209732265,1.1414717514994361
