element_id,node_0,node_1,node_2,area_um2,edge_min_um,edge_max_um,edge_mean_um,quality_equilateral_normalized,aspect_edge_ratio
0,640,786,639,148.00602940852355,14.385056941709179,22.77594882923295,19.417211663326004,0.8760581442773449,1.5833061295151742
1,639,786,638,112.09784646755858,14.385056941709179,18.942230161794228,16.44242903450113,0.945114759644197,1.3167991088635609
2,642,636,787,130.10512270851927,13.897954464290251,20.198163278180292,17.952363349174295,0.9090168701100185,1.453319143481003
3,705,703,704,101.12499018071681,13.45267122708404,20.219250081337954,16.2354198744694,0.8587816550628071,1.5029914683881425
4,637,638,787,99.44866130961147,14.710755780373233,16.039923527943497,15.19191317913421,0.9935579473541417,1.0903534643232682
5,636,637,787,112.51410507002623,14.710755780373233,19.760972305052345,16.64202140184564,0.9217036329161271,1.3433009561219824
6,703,705,700,198.21473561034256,20.219250081337954,22.50780212933064,21.456712245532582,0.9923615815872581,1.113186791734921
7,633,634,632,69.67299023820729,10.340508455923171,15.297892002747368,13.155343542413405,0.9070828281178304,1.4794139058011742
8,631,632,635,81.66666666666667,10.340508455923171,17.6121758901615,14.650894782028223,0.8405746208751762,1.7032214581356517
9,632,634,635,81.66666666666667,10.340508455923171,17.6121758901615,14.650894782028223,0.8405746208751762,1.7032214581356517
10,788,513,514,143.30191213939185,15.613594200292063,20.7313515882949,18.54996356838537,0.9489326855980923,1.327775739676077
11,510,511,789,153.71128832141767,15.999999999999948,21.598502482320583,19.256018913777442,0.9430064383032244,1.349906405145041
12,514,515,998,116.64292381665499,16.000000000000043,16.897131776676066,16.425091359184133,0.9979861529802101,1.0560707360422512
13,703,700,702,141.9362192327951,15.921198252041318,21.643084525929147,18.58813384181244,0.9337332004517971,1.3593879168707799
14,700,701,702,81.66666666666659,10.250821188976628,18.200118747466856,14.816979978814492,0.8172525345634785,1.775479096936997
15,694,688,790,153.89141748155419,15.28057278884221,22.315993205163565,19.507468518107665,0.911749558508056,1.4604160140815257
16,692,693,790,95.72546317425238,14.589304803234421,15.034338314986218,14.872392779668791,0.9992770994222621,1.0305040930842115
17,519,727,518,75.06506722125977,12.061312929016347,14.898134033085455,13.331943913931502,0.967786201661377,1.2352000251352788
18,1032,1030,1035,288.12078965668866,23.88322371677044,29.372653797964063,26.138413420709124,0.966122907213564,1.2298446033204062
19,764,778,909,144.57034887175857,16.866956208323785,19.167013469981477,18.359011060307587,0.987290252243409,1.1363646904189282
20,709,936,269,77.99919427257933,12.274426991350785,14.193864508873954,13.501086040802951,0.9841317704168283,1.1563769550200353
21,952,868,902,227.8268936243348,20.161939522036544,26.61193303647434,23.39500954740706,0.9492717361327419,1.3199093771404333
22,909,516,764,157.711807693328,17.53252186169527,21.046272541070593,19.248602624249113,0.9775882152999834,1.200413306602064
23,793,1025,1013,232.08444643552045,22.536946453896164,24.312617115844915,23.193444599350926,0.9951866156869295,1.0787893189337447
24,1029,922,799,163.07936603783537,17.983643859558715,21.744620391923394,19.609191548014653,0.9731472910473226,1.2091331746633558
25,1035,1030,1019,223.2960501729463,19.310694094101915,26.70179720557286,23.29857167214841,0.9340354884792139,1.382746631242448
26,689,690,691,86.0549348686989,11.769323684611086,20.24415255758422,15.60203370713335,0.7771555143412976,1.720077814161433
27,691,790,689,156.44327434801505,17.903151909664604,20.24415255758422,19.07976641054199,0.9899694039115327,1.1307591344659194
28,764,727,519,83.475042258481,13.036384779692705,15.940516996846227,14.088285491300857,0.9628963427754641,1.222771287149901
29,1032,1035,801,401.6078479180842,29.372653797964063,31.78195095311365,30.503144123556435,0.9957627547625457,1.0820251779672896
30,796,1014,925,147.72580167616394,15.575805927260422,23.31166438988751,19.321291663055575,0.8900174658931428,1.496658631903468
31,818,1033,1017,218.17567451380242,17.27556228717306,27.367136715558193,23.5950129925756,0.8733196731730812,1.5841531673836187
32,999,914,913,181.67795824268302,17.205363048238116,26.879215843848062,21.737076263561715,0.8592688769992974,1.5622579871455011
33,523,910,522,105.79083054878942,14.153310526388097,18.48914092782677,15.981985485835603,0.9440706346631397,1.3063474367608021
34,764,520,778,117.57703958110716,16.109501560260032,16.866956208323785,16.486954257290424,0.9985924107134461,1.0470191237904152
35,809,1015,930,194.11285975320766,18.973830240499247,23.583644319510988,21.421296872836745,0.9693593751909437,1.2429564310727408
36,994,286,918,113.95515856438459,13.973986574679795,20.967997942216265,17.090340580922618,0.8757028202793178,1.5005022246271003
37,526,801,525,168.32003719789844,15.190617903013456,25.503323238307647,21.00113051381333,0.8457229034292526,1.6788864943570463
38,505,506,791,118.97241112235255,15.382579686397795,17.790778606666095,16.662888357060364,0.9860925973584476,1.1565536450558922
39,791,539,540,101.00226403259919,13.247736744812066,21.323350538965578,16.636392308705418,0.808560189133523,1.609584410508157
40,508,1001,507,163.73793100561684,16.000000000000046,22.003416124025428,19.983523311702623,0.928452918497152,1.3752135077515852
41,540,504,505,90.50966799187816,11.31378348711979,19.562299146949133,15.625360878022974,0.8178967555208347,1.7290678374055761
42,791,540,505,155.80542707384248,16.815306778117197,21.323350538965578,19.233652154677305,0.9636899772176704,1.268091675063281
43,508,509,915,138.09669257421356,14.797100362430825,20.44976672667192,18.330950130063297,0.9315622655464934,1.3820117608036884
44,794,283,994,144.74610552150847,17.111312438862303,19.520492515683767,18.362324694888553,0.9885557802793554,1.14079458167977
45,278,795,1004,157.52800275347312,17.672771464504976,22.657523888537785,19.511705214503202,0.9432033711089722,1.2820583310345226
46,280,795,279,149.6215076755747,16.000000000000068,20.521182884117522,18.89731221646612,0.95629982295946,1.2825739302573398
47,795,280,919,174.0677804872716,18.735466491438338,21.536627559723907,20.14761593881434,0.9871274971591342,1.1495111461230834
48,918,286,287,105.06628862936522,15.123587317931662,16.32903722587179,15.60384749001532,0.9954378405946455,1.0797066121019354
49,918,794,994,163.6428682626966,17.111312438862303,20.967997942216265,19.6725813246051,0.9682963591217123,1.2253880593399056
50,800,925,290,102.21682678440578,13.992481716863447,17.010308244717525,15.512718574319578,0.9747982374876295,1.2156748594652125
51,545,853,544,111.34088891710749,15.2043469332907,17.06708707881145,16.090478004034065,0.9909239494596979,1.1225136570280558
52,795,919,976,248.8727107534638,21.536627559723907,27.487251779761124,24.358360404524067,0.9590647064293644,1.2763025085304258
53,796,293,294,164.87378449554308,15.477615442489535,23.417622766932144,20.321389894250277,0.8959196605242489,1.5129993928293053
54,296,976,295,165.83867277817168,15.331831155851233,23.056446135932042,20.412734039736165,0.8915102835295552,1.5038285969600436
55,800,290,291,116.11013274735188,15.999999999999988,17.010308244717525,16.393414626227667,0.9970466573920667,1.0631442652948462
56,975,1034,1003,180.3893230554725,20.106629878746013,20.897473772089075,20.419354679824387,0.9988571040453309,1.0393324937153707
57,350,351,874,143.28007923666576,14.79262487920473,23.799063436418567,19.329223705548852,0.8547057735506663,1.60884654554277
58,994,285,286,107.53232739299212,13.973986574679795,18.138684338034917,16.037556970904898,0.954787814947882,1.2980321858116965
59,920,795,976,291.4489744396443,24.504886164381457,27.487251779761124,26.02918311280779,0.9912660050031428,1.1217049365328053
60,798,923,528,147.90497262569033,16.88935946426135,19.78963616430656,18.60071760557021,0.982869732006407,1.1717221251748668
61,993,472,986,117.06375682708267,14.795268255725748,20.458064837258984,17.061064450001012,0.9100628654249351,1.382743758589287
62,532,799,531,160.46900916530353,16.0,21.84732861117427,19.735830565866724,0.9345974358743008,1.3654580381983918
63,538,792,974,148.12270275818767,16.289424508353836,23.23991063698983,19.26886366862699,0.9005941188788841,1.4266870278364665
64,922,798,530,142.9634491296531,16.273449565174623,21.04826350667102,18.50181677627675,0.9537574426637502,1.2934112968718419
65,534,797,533,102.67596584560465,15.05099795635684,16.0,15.416058526174035,0.9970191612847994,1.063052433227017
66,530,798,529,147.56794201489038,16.0,21.04826350667102,18.801123585757832,0.9522480313413951,1.3155164691669388
67,533,921,532,125.6679692634516,16.0,19.070435235600936,17.204369669071117,0.9746028550288707,1.1919022022250585
68,297,938,1033,157.14415098254267,17.10551600685498,25.400969156769495,20.295036259401968,0.8535138118964312,1.484957784763122
69,797,921,533,95.03387999541587,13.361407726250418,16.542673771612414,14.98502648473989,0.9700822390745948,1.2380936283466553
70,408,996,407,118.69582142155443,15.897174566559741,18.05701476216939,16.65139644290971,0.9851131695192419,1.135863148924146
71,956,350,987,148.05643322537787,15.771383775923821,23.721401721277477,19.437081117575303,0.8800500639014347,1.5040786565279036
72,534,535,536,163.33333333333303,16.0,23.30389553126255,20.089724969994155,0.9136067275762265,1.4564934707039094
73,915,1036,1024,249.3807894881386,22.75920764122491,24.785469393350404,24.04890369368209,0.9943597301978242,1.0890304172301333
74,1023,778,910,114.55942479615503,15.627839753581346,17.32918188921249,16.316524632646217,0.9917521680598865,1.1088661108929823
75,730,896,556,159.9220098205342,18.470307514820906,20.443299326636794,19.275503128879553,0.9921144222598965,1.1068196514991817
76,515,909,998,133.01323625202062,16.378142300876284,19.192590950238742,17.646773948506272,0.9821390417716251,1.1718417508933157
77,1026,1036,789,370.73672274455504,26.0105649423769,33.12020245819264,29.689833488284204,0.962062803560577,1.2733365281210245
78,874,875,957,124.94141032066855,14.99518093855623,19.272014071661125,17.252780893911716,0.9594474732630531,1.2852138397415482
79,524,973,523,141.471099983071,15.701442311869927,19.981751495663737,18.346572929985545,0.9604694049448498,1.2726061146980105
80,800,796,925,141.9622281712818,15.535365761377763,20.865484187350436,18.492418206915662,0.94514637430081,1.3430957795164244
81,940,708,117,120.37184510633313,15.449218634268329,21.371605109432124,17.47515315512927,0.8882045764637666,1.3833453726926481
82,104,897,97,187.12356892647134,17.867045430347563,24.104214331137598,21.247758873408838,0.9433624124953933,1.3490878738236187
83,815,1016,933,153.88016727758963,16.494589192401204,22.2920103925594,19.311021956605014,0.9388166908114185,1.351474118726702
84,800,291,292,155.1222129031868,16.16993563396549,21.009260274603996,19.273297558975077,0.9520096902692429,1.299279153002523
85,990,580,805,215.78093730502317,21.425770481711687,23.397867502509797,22.36739746813144,0.9947542312924993,1.0920432253524524
86,970,312,905,123.9956782109185,16.29591251592839,17.404028660053747,16.941299236608756,0.9969599079631652,1.0679996375190548
87,48,828,1012,243.87966075809973,20.340266793875703,26.638956328270115,24.167294633395844,0.9520394375673323,1.3096660234707884
88,802,329,765,144.27929172444658,16.538671514580617,19.52756895710187,18.388397029961375,0.9803581771244542,1.1807217369234415
89,850,609,864,286.26897732547616,22.903721757824925,28.935990623547678,26.06283012167097,0.9645934512415354,1.263375050112188
90,314,315,802,131.07488619489027,16.0,18.63854334092696,17.500326853546426,0.9844454167669682,1.164908958807935
91,905,314,802,146.5953674081816,17.756652185990465,18.85808505102438,18.41776019264727,0.9973693289910097,1.0620293089878121
92,460,863,459,127.12445506055796,14.867296342287535,21.419598927067078,17.833726018575167,0.9022470889889209,1.440719175425502
93,514,998,788,142.30214917403515,16.897131776676066,20.7313515882949,18.381756602650565,0.9645434035835262,1.2269154234159074
94,253,254,885,117.61985643849545,15.245420183498208,17.999338956002305,16.597492232130985,0.9815330686781616,1.1806390863195075
95,1033,938,1017,134.11399725760228,17.21773284718251,18.378623614581432,17.623972916312336,0.9962471648672093,1.0674241363658334
96,915,509,789,215.4367150103193,19.745983301087133,24.06692816364431,22.549860027176564,0.9709112789453946,1.2188265226740713
97,526,527,801,155.78611239119823,16.0,22.309450400118887,19.481015411653942,0.931190362026154,1.3943406500074305
98,802,315,833,119.02014806084443,14.188294561264115,18.611631366998623,16.88745438265835,0.9513463194718378,1.311759583693081
99,605,606,803,147.42463910725132,16.0,21.597008754619324,18.874795320527472,0.9418297409524597,1.3498130471637078
100,1029,799,1013,212.4372811186024,21.5633850117851,23.262327752246108,22.190111051984868,0.9951753924285611,1.0787883135942005
101,212,893,895,189.16090930214492,19.913277637515783,23.164001114275678,21.069844545044877,0.9791753748768762,1.163244019188266
102,774,468,908,161.2295391887211,16.14788860211812,22.209345449464134,19.77840848957518,0.9354699105328811,1.375371480241134
103,927,804,926,198.81888294055838,18.203508378474748,26.317343059938466,22.215850670652227,0.9100772935103827,1.4457291700460417
104,977,920,1033,222.31776308209618,21.66711041689352,24.201108078172393,22.73729599931733,0.9909069370911596,1.11695134295818
105,978,580,990,160.23460752521996,18.109339874252083,22.278554420172842,19.55537002773133,0.9583576906311146,1.2302245457245276
106,582,805,581,139.40025600475693,15.523213698320825,20.51599908549883,18.284749187908485,0.9506944547017714,1.321633489315301
107,976,1034,1020,170.7305696674542,18.436529683052544,22.143088978203163,20.047575509882737,0.9751997701922712,1.2010443049137283
108,805,582,583,127.4097104947686,15.929287563098772,18.815034779905798,17.279355747109847,0.9808616028049777,1.1811598419186082
109,589,806,584,166.41887831735295,15.79751105697209,23.15459941382792,20.304214185412224,0.9093206208331317,1.465711866275849
110,794,918,975,190.096272230011,20.804986127813226,21.117702592821548,20.953707437790502,0.9998502876159343,1.0150308422744039
111,223,894,222,125.99328893764596,16.0,18.005435781911185,17.117622087548607,0.9906688464557795,1.125339736369449
112,1003,1034,919,172.11679717978137,18.412720185071915,20.897473772089075,20.030652643997218,0.9874510948923623,1.1349476645515784
113,599,600,601,111.72559072863908,14.113083480406518,22.80957611202728,17.64088653081127,0.7935341908568744,1.616200750438009
114,234,235,883,134.69233594882263,15.999999999999968,19.285786044423396,17.78918427609876,0.9772582028617374,1.2053616277764647
115,920,297,1033,259.5979672729152,21.66711041689352,27.37699106180959,24.815023545157533,0.9647966749786272,1.263527555592469
116,981,58,59,108.64976981190294,13.831592934718655,23.04662261445961,17.62607184972612,0.7693189887199965,1.6662305435992357
117,601,602,729,106.05750608463313,12.00509914994564,19.256457201865665,16.485831296431673,0.8685173072408751,1.604023170600208
118,601,729,598,229.0409049287934,19.256457201865665,26.37797632049956,23.562478248359856,0.9365979205938362,1.3698249913771223
119,301,826,300,150.26227829202804,16.000000000000114,24.83027733520238,19.871533376319316,0.8495619078877292,1.5518923334501376
120,597,595,596,126.41582702009401,15.803219077337426,22.629149898437387,18.14412299192494,0.8605002897109515,1.431932936428672
121,930,946,983,114.66485615590288,15.316861516261202,19.158812217106,16.60704814028229,0.9489597011997312,1.250831457656386
122,592,807,603,116.56770730560166,14.83087710048501,21.4720594833935,17.341286105035106,0.8701215799475659,1.4477943103372697
123,979,806,590,212.52258038203934,20.019320770407337,26.031943727774387,22.617993719337544,0.9476158762488075,1.3003410068864545
124,603,591,592,163.33333333333303,16.0,22.45621687016736,19.97609211785362,0.9265354880079846,1.40351355438546
125,595,729,928,192.8860624529575,19.644165790300182,25.20740331754037,21.620513454458944,0.9399653814209058,1.283200497624958
126,593,928,807,102.86425309164463,13.590891930232091,17.882660582441392,15.716103499553382,0.9499660306665207,1.315782707583932
127,602,603,807,94.8720443168529,14.018630569180242,15.7209217312268,14.85128332114501,0.9911933258634428,1.1214306314476266
128,300,826,825,244.6652791980147,22.35670134001138,24.83027733520238,23.839926826386108,0.9921804950582226,1.1106413668801884
129,860,861,685,139.292781365042,16.61636927978939,18.867018460482292,18.014741914733772,0.9881994225284434,1.135447710796268
130,770,783,784,120.46073791787704,15.667445261659148,19.395424323117208,16.97132315928008,0.9560867932221779,1.2379442850571845
131,706,609,850,111.84351621677112,14.326667747214259,22.903721757824925,17.677257777167313,0.7910777738785899,1.5986775265503332
132,894,965,989,143.69344967836633,16.87829839766545,19.922934002583006,18.34629723576219,0.9813931203120285,1.180387591994385
133,658,809,810,210.03597599169967,21.101472352406446,23.426916699047357,22.091445842643793,0.9919515476496882,1.1102029426101023
134,643,644,1015,112.65722682545257,15.5323584112238,16.957157884865286,16.16317209869638,0.9945372043452915,1.0917310453389946
135,918,1014,975,184.928610409689,20.0138710450094,21.23344287734666,20.684100016723093,0.9976339848122665,1.0609363290886882
136,1015,644,930,136.48366655356767,16.957157884865286,18.973830240499247,17.816737181757386,0.9906880214322388,1.1189274977166954
137,644,645,930,117.67131925258276,15.999999999999943,17.519223419907632,16.531173412553514,0.9926271185939953,1.094951463744231
138,655,656,771,88.17996536545061,12.92226834962435,15.999999999999986,14.43841605928256,0.9695082383347184,1.2381727083128642
139,950,995,669,142.970481805252,16.25118222406961,19.773590684695908,18.34894712006003,0.9740333953253915,1.2167478286846887
140,575,576,726,136.0302761750572,14.795825902230611,22.135931230261804,18.494914287512838,0.8949000780082258,1.4960929776096246
141,869,908,972,172.41936132200385,18.485175123091242,24.66975431643964,20.652094741936782,0.9162187992281314,1.3345696836608687
142,1021,474,475,171.77157047311127,16.00000000000009,22.957364885455423,20.609120326924625,0.911177560209418,1.434835305340956
143,1019,974,792,144.15150090295933,16.289424508353836,19.64613270231262,18.420478478846192,0.9745370636327488,1.2060667147717428
144,574,726,896,198.06137453307622,20.64507113766215,23.03210079972586,21.476269673294752,0.9891030625631051,1.1156222541519427
145,726,576,577,144.97558120036888,16.0,21.74815897650749,18.767048235517866,0.935915314897423,1.3592599360317181
146,361,955,871,164.3500424678249,15.486112181440676,22.859218028310245,20.231708791019724,0.9023467249379704,1.47611083792263
147,870,984,991,146.43250379683445,16.05987521561811,21.82387264202376,18.856141511013927,0.9364877200821777,1.3589067380050501
148,585,588,584,158.55785471680372,15.25075455708691,25.139495907870007,20.40464451877794,0.8461842149356128,1.6484099730126385
149,229,230,884,105.10013435462855,14.880726289162808,17.14772325477265,15.688923144978387,0.9818287078543487,1.152344510715235
150,586,587,585,85.1418742583698,11.678730661170277,20.3100888292657,15.591852404486696,0.7685334367086724,1.739066463515009
151,796,1020,1034,181.32028785251217,18.436529683052544,23.989017233095602,20.883310320560703,0.9485198882513552,1.3011677167827893
152,879,893,213,202.39234927310713,20.297217519818552,23.91659250146317,21.79377723161723,0.9791702816551721,1.1783187758672142
153,324,837,323,114.19134049926483,15.287044264599656,18.372147350289964,16.42972313206393,0.9700991505759984,1.2018116146124145
154,395,817,392,206.89994246672998,19.318234673831387,26.556794654200246,22.532969668166473,0.9245737860020415,1.3747009031924775
155,468,469,972,90.46506394301836,11.681438883507026,17.2832599080198,14.98823293050892,0.9068145165317683,1.4795488878019951
156,681,860,950,204.51426259907342,18.80605561616662,24.591445569085284,22.116499067858072,0.954023282080767,1.307634416860134
157,571,572,730,90.03653097238272,11.341421892663966,17.316911509161756,15.047321726808391,0.890858975861415,1.5268730563989465
158,895,893,965,153.51599371254127,17.137423063025597,20.13225488334317,18.95732666652256,0.9818516384368656,1.1747539177450192
159,573,730,572,119.11471807136853,15.999999999999988,17.360758885123907,16.614796887907783,0.9953503039912159,1.085047430320245
160,896,726,555,189.53070011425572,19.095297687928213,23.964280262761125,21.234883029450497,0.9618874071225948,1.2549833291109684
161,922,1029,798,169.22860802162316,18.183737256984607,23.231803922983527,20.17161719084333,0.9492381084895369,1.2776143646741207
162,662,663,849,117.24160064623058,15.655499624521186,18.516239963342592,16.630095570355866,0.9727612055574909,1.1827306957575876
163,773,745,772,81.79490302519996,12.694400129427446,14.721864269466007,13.81928427362053,0.9854697579711025,1.159713268793112
164,784,50,51,103.57816921787874,13.063125469197473,19.26384751183351,16.10899099367699,0.8995532953763774,1.474673695606552
165,1,2,769,125.29614625353878,15.809074202770251,20.906597787437423,17.571890663402574,0.9205360688126685,1.3224428906642696
166,811,816,550,185.81356210340675,17.952958362466905,24.450784365195883,21.228327699384177,0.937593520208635,1.3619362264167874
167,811,551,542,195.43629311655738,19.600368825588628,24.3200563630211,21.55188293732674,0.9633130755712473,1.240795853355108
168,683,861,682,117.01952844228413,15.84476100216104,16.762236090334646,16.455749085940756,0.9972938542184867,1.0579040029728737
169,823,937,821,150.23232277232955,17.752313505693554,20.125836789407682,18.713988304400374,0.9877383928551875,1.13370219509434
170,288,1014,918,188.90778107524363,19.41573697904056,22.31330710947719,20.98749565528814,0.9872354679089728,1.1492382253408449
171,401,402,720,102.22076677733995,13.71471103339583,18.98709548216621,15.912048276849417,0.9142457736699722,1.3844327770327738
172,379,720,403,52.801764032103975,6.64898944807509,16.660536475119986,13.091442754729085,0.6343824259341326,2.5057246075105866
173,57,58,836,141.1450678856077,14.782881160867488,21.23056059416023,18.628900975501526,0.9188745433756393,1.4361585108565116
174,720,379,380,122.56835149221754,14.782964917078145,21.17668697283054,17.54006278834289,0.8990186029849412,1.4325060697645298
175,975,796,1034,227.07644507505597,20.253960388638077,25.304977636709914,23.182651752814532,0.9675247440833931,1.2493841772745502
176,720,380,812,201.6440531128819,19.800285447076167,24.71718519534054,21.89805253841575,0.9625120290253073,1.2483246901367493
177,280,281,919,122.34198400041959,14.860463588196831,18.735466491438338,17.031245438256292,0.9653606662127558,1.2607592206153846
178,403,720,402,98.99619332920474,13.71471103339583,16.0,15.226504458129334,0.9812545608319575,1.1666304861283192
179,801,527,923,134.29309365371446,13.667928878508384,21.73416966667417,18.511898126675163,0.8739951272281704,1.5901582353745811
180,592,593,807,103.74716979213035,14.83087710048501,15.999999999999972,15.501878362157214,0.9960209729769961,1.078830327538533
181,590,808,979,161.04977809604947,17.19772294541239,26.031943727774387,20.659874818579183,0.8421120673816852,1.5136854925738052
182,912,5,782,105.35393241095011,13.822088665651275,20.399596102656606,16.48943288388932,0.8693038070290796,1.4758692840215122
183,898,73,74,84.17335990652613,13.112787280024712,15.00503155975256,14.008219934667638,0.9875930757471214,1.1443052677755543
184,770,740,783,136.57740700834864,15.667445261659148,21.4096920870705,18.270135528386557,0.9292196108527565,1.36650817855184
185,922,530,531,115.16415481003037,16.0,16.67256726833231,16.31533894450231,0.9988495354386238,1.0420354542707693
186,783,107,828,194.2540265840882,19.90941502076119,22.24671980798054,21.247048072564137,0.9916132572262213,1.1173969594175444
187,296,297,920,191.134366642644,16.0,27.37699106180959,22.471137834263832,0.8363924643855618,1.7110619413630994
188,932,399,812,134.92723302079582,15.592683401570987,21.52868484025594,18.21697158790677,0.9219867102664404,1.3806914618741566
189,976,296,920,244.59618800479603,22.849924827425223,24.504886164381457,23.797077810929533,0.9966207033604532,1.0724274302631358
190,362,365,955,192.4743908150386,17.33027535845482,26.21843142081229,22.006714262546865,0.8933427608608531,1.5128687155003142
191,825,935,1017,257.1459911904254,21.713879810214898,31.793074206641226,25.732425252914013,0.8718077854959864,1.4641821030843485
192,398,732,397,111.50476979456063,15.258648650610724,17.033134223253683,16.097260957954816,0.9917500729665006,1.1162937566277822
193,858,438,997,173.73689467514214,18.28976733906694,21.279325209154724,20.155516822869938,0.9833790678165615,1.163455215950292
194,818,276,977,223.5329544351189,20.52494063651457,24.711158699031515,22.916192695757772,0.9772396624615226,1.2039576209574763
195,933,1016,780,135.32007003130738,16.494589192401204,18.999839893804165,17.766560660777007,0.986772367883579,1.1518831825503777
196,780,766,779,151.21189231800358,17.051820632005075,22.15302151304158,19.11275012929883,0.9435176241711428,1.2991587227619499
197,987,344,345,156.72598835900277,16.00000000000005,21.81708397240204,19.475426570531063,0.938710879170765,1.3635677482751232
198,904,872,956,154.81892244630896,17.337809030175578,22.295552351815925,19.31097432229328,0.9470685920723101,1.2859498171315444
199,732,398,766,105.6862766042733,14.225881833370819,17.033134223253683,15.748341236017104,0.9788253593771868,1.197334156347177
200,554,555,726,171.50877592207087,15.999999999999968,23.964280262761125,20.682078621509284,0.9016223641012343,1.4977675164225732
201,202,719,717,36.450854119674744,7.623513268342221,11.615092420590667,9.618914262640592,0.8844353780395814,1.5235878802525438
202,383,733,382,142.72629781456683,15.824177745449445,20.427658014594606,18.446390190996098,0.9581564706741039,1.2909143427985685
203,933,385,386,111.57638569291738,15.136092509260951,18.01572110100654,16.217014134657152,0.973712194239571,1.190249140587883
204,921,924,799,153.8811199222886,17.55135809767063,20.77597576723586,18.99886712525468,0.979679701253446,1.1837246811113262
205,960,959,884,124.64275989759612,16.577463576831033,17.247339570397553,16.973324624850516,0.9988693119560212,1.0404088351913348
206,815,386,387,163.95580464561658,15.667664005827392,23.156786421734378,20.17707019865937,0.9066348965021753,1.4779986610078886
207,781,827,939,161.2062456539108,17.595725472661933,21.290201342595346,19.471548329698713,0.9760687293143714,1.2099643959365833
208,813,815,388,164.7041826166577,16.95177690915038,22.151194538131584,19.84548802826988,0.9544468970065012,1.3067181485956565
209,779,384,385,121.06577957751415,16.0,17.729433797546143,16.768393204911956,0.9925216714173,1.108089612346634
210,398,733,766,131.07087663437665,15.986007651426808,19.288608353226593,17.559421930216807,0.9759221370069923,1.2065932141290459
211,440,441,757,75.72424301181178,11.1188750189437,15.999999999999888,13.669816657907324,0.9162654609262186,1.4389945001396283
212,767,110,111,136.12360712908958,16.0,19.61742119452941,17.913305121319866,0.9729940590564933,1.226088824658088
213,946,646,847,119.90684591911756,14.008799027095247,19.791162724930327,17.132528294474785,0.9254980471722107,1.4127665538388459
214,503,501,502,80.13278905108109,12.24402076002139,16.595029484966044,14.028928996599847,0.9240407829596232,1.3553578363041792
215,388,815,387,155.44394394300934,16.0,21.70676016841634,19.380084268648005,0.9408026826259578,1.3566725105260213
216,609,706,608,50.471840146889164,6.487806416644151,16.00000000000005,12.763063414368986,0.6383623463321809,2.466164828678123
217,308,309,710,101.19936416289927,13.718358236050975,22.864579682683978,17.26856390721962,0.7437349215298775,1.66671399662077
218,117,708,116,50.53665516356551,6.597009473988244,16.000000000000007,12.682076036085526,0.6505554429613414,2.425341370675212
219,1,707,0,43.84089366370342,5.49083752082127,16.588315393682354,12.693050971501181,0.5411134595466024,3.02109019448844
220,389,390,814,172.7198340976854,16.000000000000007,23.23852442935219,20.687525067033,0.9086322879138461,1.4524077768345112
221,309,310,710,56.587960264395406,7.5091323585583485,16.0,12.910628720494083,0.7205274423622972,2.1307388438511667
222,779,383,384,135.22828272515116,15.368641757371336,22.006406748585157,18.368160767834212,0.905373069910789,1.4319031633377828
223,550,816,549,158.11605905985607,16.0,21.363623742433916,19.548288037641218,0.9400706401776384,1.3352264839021197
224,548,549,816,156.13223175007556,15.55877149310622,21.694758579884173,19.539051271808102,0.9252216737872359,1.3943747801358664
225,722,719,724,91.41171802108022,11.585060616781227,20.194103339766908,15.864246758608084,0.7995597085669615,1.7431158979449175
226,895,211,212,141.42561766342712,15.999999999999888,19.913277637515783,18.288785781641636,0.968438658208192,1.244579852344745
227,716,411,412,106.24502616905238,13.735105088462962,18.235270025672722,15.990125038045226,0.9471278890682846,1.3276396436886202
228,716,404,405,94.94820263511815,12.513348592412033,16.90268522109678,15.138677937836261,0.9420519757173327,1.3507723449298294
229,931,547,816,230.99305403856977,21.44884285533336,26.5525052446006,23.446462108249932,0.961714783513438,1.2379458147784503
230,550,551,811,130.0379512932527,15.245420183498275,19.600368825588628,17.5995824571846,0.9595522298532498,1.2856561898375338
231,784,783,828,191.30244661385973,19.395424323117208,22.409885668438715,21.13010646016887,0.9859288187575949,1.1554212630310234
232,203,719,202,61.04402336735365,10.520694133857498,15.999999999999888,12.711928851482684,0.8431604820895442,1.520812200832737
233,814,390,391,164.05206127020122,15.978114812858546,22.8240507717468,20.06651152327779,0.9209950388928443,1.4284570513524486
234,391,392,817,127.29374381835873,15.02397003457681,19.318234673831387,17.41197038383193,0.9595455049128092,1.28582755618998
235,577,723,725,71.75511261941367,9.997903824615118,15.669524615161832,13.497998444153767,0.8793864260217936,1.5672809910996568
236,672,862,671,102.9167921960108,12.940455660686686,19.459808551203462,16.13342140396338,0.888908245015737,1.5037962388235429
237,864,609,610,153.45906353999797,16.000000000000007,26.348777983640307,20.547280791000336,0.803940498313121,1.6467986239775185
238,47,48,939,140.61520492790555,16.0,19.359101812363786,18.208081910714125,0.972343241159946,1.2099438632727366
239,392,393,394,116.61428705046616,14.628184551825337,22.56523749400337,17.731140681942904,0.8251114775865218,1.5425863280613061
240,335,875,874,136.44843481006734,15.397576381161413,19.375269957066696,18.01495346996308,0.9608145110391058,1.2583324464473449
241,907,654,655,121.46662668275422,15.214179292729968,18.702065444137446,16.9323836539296,0.9715332215881542,1.2292523365407
242,880,129,130,168.07085010045984,15.999999999999886,26.31982898646138,21.10972997246104,0.8376423911465094,1.644989311653848
243,731,772,569,87.19020959577328,11.398806737484254,18.0636799593659,14.955125943940168,0.8710747237146307,1.5846992036424858
244,293,796,800,158.19879992657897,15.91468315589652,22.06893147332915,19.616366272192035,0.9322522744273679,1.3867025348319568
245,641,787,786,122.32753426651131,15.573871658321274,18.157981498765185,16.90678538358927,0.9844842625180302,1.1659259750649862
246,106,107,829,133.6574471457783,15.999999999999968,19.311296691531993,17.72405889786373,0.9768642300793463,1.206956043220752
247,555,556,896,127.32024651126298,14.496000132187051,19.095297687928213,17.50140012176541,0.9459905742600477,1.3172804576297457
248,458,459,863,127.62568385106826,15.999999999999888,18.584303960891123,17.266195582420636,0.9849714916691097,1.1615189975557034
249,357,358,714,56.587960264396315,7.509132358558455,16.0,12.910628720494136,0.7205274423623046,2.1307388438511365
250,813,389,814,196.33596886996102,19.078757978361615,23.23852442935219,21.501750022591654,0.9741620267547354,1.218031302441617
251,295,976,1020,162.30492673836906,16.96942073561642,23.056446135932042,19.86299157998032,0.9352938831478389,1.3587055501275782
252,948,997,785,178.9829299373926,19.144465422931493,21.302324026807355,20.39047971023084,0.9921743696448666,1.1127144872528616
253,638,786,787,127.96813867512928,16.039923527943497,18.942230161794228,17.323552227806356,0.9799853395861354,1.1809426727499392
254,275,276,818,175.0950880770721,14.873545094256603,24.711158699031515,21.418617316976594,0.8421171225499343,1.6614168674940646
255,273,934,819,155.16272803088086,16.909239758784608,22.133307848556363,19.315820463219286,0.9486388267213697,1.3089475437272555
256,273,819,272,158.55179275367962,16.0,22.133307848556363,19.627838532232847,0.933720004213224,1.3833317405347727
257,272,819,820,161.83752789905415,17.256348523856445,20.75020774814218,19.51705468136276,0.9746266876706491,1.2024680493359048
258,819,935,304,289.2422445181568,24.762985141501666,26.68069457911846,25.882992921588727,0.9960962275174089,1.0774425791825395
259,303,935,826,320.3665228941974,24.718354995065166,30.136445150746784,27.46992229012709,0.974143179304581,1.219192990664763
260,298,299,825,163.65138795177108,15.62292716360003,22.363072580886648,20.113691183296467,0.9114725712445487,1.4314265404111037
261,255,709,270,9.299777556972662,2.7872473620187415,6.947100621294545,5.487346632253451,0.6360842342282699,2.4924593044597643
262,275,818,274,193.4237402784827,16.0,26.600749215002523,22.423965790881397,0.8523236430072293,1.6625468259376577
263,920,977,1004,176.6076244275734,16.196537428183465,24.201108078172393,20.979743788519695,0.9022441701520608,1.4942149323879708
264,709,269,270,48.67692592261028,6.947100621294545,16.0,12.32735574782622,0.6728153312911874,2.303119081211538
265,193,191,192,47.81655553819377,8.063063929857512,14.814297663028091,11.588616733065221,0.7780014795276364,1.8373037584597056
266,190,193,194,86.29897331365278,13.020362866384795,15.410803256232999,14.218789379361818,0.9811574547297759,1.183592455477543
267,193,190,191,81.66666666666609,11.88848860631006,15.999999999999886,14.037896873925872,0.9434889247211516,1.3458397050999027
268,190,194,189,94.71897619596064,13.020362866384795,16.0,14.966802680042768,0.9683146127388385,1.2288444004358632
269,189,194,195,116.63741435714175,15.116168797918846,24.369940270118175,18.45538474726018,0.7520114345375971,1.612177040089243
270,936,709,256,92.90690282125371,12.274426991350785,23.083434336464546,17.11626456815507,0.6853350224569968,1.8806119709482458
271,821,936,256,194.7545878569509,17.49371409692203,25.01619737386588,21.864448602417486,0.9212214696212313,1.4300106446959373
272,246,882,958,120.83174232129079,13.97124210269663,19.19232946977859,17.12062030227349,0.9356535480095121,1.3737024474061774
273,821,267,936,170.49815899862656,17.49371409692203,23.10107842516955,20.247478389774628,0.9483216374402663,1.3205359534962402
274,937,266,821,179.35974190770696,18.263814618099882,23.44677347722591,20.698635011117744,0.956702277007826,1.2837829318520124
275,197,199,822,109.89420509510626,14.832416071692599,20.1173799795072,16.6061819236097,0.9001880503168223,1.3563117352068392
276,257,258,823,114.90389142156988,15.575036715684849,17.61555520211141,16.36692254325806,0.9876607364568873,1.1310121140434715
277,195,196,824,123.24121267082955,16.0,18.711214278993914,17.009561462541473,0.9787599112977984,1.1694508924371196
278,299,300,825,167.00384755412068,15.999999999999886,22.35670134001138,20.237258381804665,0.9215219285686507,1.3972938337507212
279,218,219,876,103.98627416508833,14.137721586210832,16.70782270277286,15.605139259524725,0.9814384828820576,1.181790333109174
280,826,301,302,125.98821114238459,14.788291353622961,18.784322793755454,17.316155293512576,0.9600267387983843,1.2702158988200831
281,958,232,988,76.32363939797267,12.804142840451902,14.17560008955383,13.320066331410038,0.9913753514180299,1.1071104302873838
282,796,975,1014,220.5814772590734,20.0138710450094,25.304977636709914,22.87683769053561,0.9645924153131957,1.2643719738076302
283,935,818,1017,305.4283052135498,23.690321741885914,32.25794039082994,27.3635340359038,0.9259773506517336,1.3616505821360778
284,1023,909,778,137.32335648079436,15.992552255144817,19.043063502617503,17.96081468506489,0.9771993187598373,1.190745742068239
285,110,734,109,80.88889198902775,12.840748226058716,14.87115307308408,13.748186730467014,0.9846193578349377,1.1581220043630251
286,607,978,927,222.88671387603077,21.146879128038616,27.745975227082134,23.400099914894962,0.9240995703828557,1.3120600472101713
287,123,830,940,261.2569186581841,23.610133080527728,25.33016282014599,24.5945478254651,0.996582831508229,1.0728513360662437
288,734,110,767,101.85930223523133,13.532658892258246,19.61742119452941,16.078040686618568,0.8871125700324941,1.4496353858259245
289,967,898,74,67.71353784216952,12.003269144561411,13.112787280024712,12.53014812920477,0.9946974480919084,1.0924346627656862
290,841,102,103,91.69403656277792,12.39449566838682,20.119389503767916,15.787197964755961,0.8156389456551127,1.6232519694273702
291,336,875,335,119.48637347350996,15.397576381161413,19.32151538698721,16.906363922716206,0.9554707347920453,1.2548413405259444
292,852,562,563,108.02284236715585,13.81559936755139,23.24662231063419,17.68740722606185,0.7580494486736126,1.6826358156587389
293,112,113,827,106.94485251203747,14.841016385105616,16.43129016289315,15.757435515999576,0.9928878519846029,1.1071539668525348
294,973,910,523,149.4191471333994,17.963357569845726,19.356524982422968,18.603007826698487,0.9961514940205896,1.0775560697469992
295,46,47,827,133.65256381137056,15.35679932573102,23.03146481570035,18.5989122283685,0.8659330272991675,1.4997568391162133
296,46,827,114,251.22551069921965,23.03146481570035,26.078299471770258,24.204176319332543,0.9873137722484274,1.1322900944621164
297,886,239,883,144.77798999581006,15.139818424123469,21.820365232723564,18.87977912009703,0.9180310743917741,1.4412567325084593
298,767,111,781,145.41047135857445,17.259634117479,19.900299640191136,18.42747597570011,0.9854174066117304,1.1529966107472642
299,911,781,939,155.38828406716885,17.595725472661933,21.105520431741713,19.122690487469658,0.9755856447595508,1.199468613245465
300,827,47,939,151.3319050205073,17.40847254367413,19.52871817383886,18.765430843292258,0.9898580307945463,1.1217938923041921
301,973,1026,999,340.83502230993633,25.78400633017958,33.76449331604701,28.805062877331608,0.9345777878469098,1.3095130711524243
302,1033,818,977,251.50949185748283,22.34366950288607,27.367136715558193,24.40776165672383,0.9675034207451119,1.224827314601268
303,884,959,251,111.60400437235658,14.475390932460103,17.247339570397553,16.184925632399953,0.9783504034882217,1.1914938705884301
304,1022,990,979,176.32752354029395,17.93716949119887,24.156016108389053,20.712435977683114,0.9346689762810312,1.3467016699731555
305,258,259,264,163.33333333333317,16.000000000000014,23.455327306067705,20.11738675690761,0.9105078902581414,1.4659579566292302
306,1018,763,892,239.76836173512982,21.833534669682564,25.458723492904877,23.67081050585959,0.9843955087597307,1.1660376516247801
307,260,263,259,163.3333333333329,15.999999999999986,23.455327306067698,20.117386756907596,0.9105078902581407,1.4659579566292325
308,792,1001,1024,219.65008874563136,21.7668816278006,24.02860636723873,22.594417201443008,0.991625127625844,1.1039066954151788
309,805,806,979,219.28298631904255,20.019320770407337,24.795665324245057,22.759662657131702,0.9700410018245362,1.2385867437070162
310,604,803,926,152.86930992256617,17.313353883129192,22.027860278744186,19.160160242565667,0.9507166856140902,1.2723046284064576
311,781,911,767,161.63674015826052,18.666825558005335,19.900299640191136,19.34053189807674,0.9972424928224072,1.0660784062267523
312,56,942,55,93.9370163449577,11.961816919069289,21.728069667597328,16.563295528888915,0.7470376100997269,1.816452284348114
313,262,260,261,85.80201245372467,11.74387819621183,20.26101689902962,15.598564545370998,0.7748403248972155,1.7252407220610586
314,579,978,607,149.89721533692784,14.724693748105636,22.264373305972928,19.378648727372394,0.8954987794514494,1.5120432171186777
315,1,912,768,149.99442724128735,14.04789654888789,23.372156023298995,19.751286182490322,0.8515759367198281,1.6637477320509786
316,980,382,733,121.62595305119311,13.97676388824603,19.087334812944242,17.173064933324223,0.9359994981690571,1.3656476538890396
317,53,54,740,105.03401965348488,11.333638946882044,20.970850078359433,16.967311470464363,0.7960865186769035,1.8503192290353176
318,941,316,317,98.59330363903216,13.32871360125398,20.01503842224354,16.046218863223988,0.8569005086319574,1.5016481725858752
319,48,1012,939,193.40354276407015,19.265143919778584,25.52266077804172,21.723364498131915,0.9318140931991087,1.3248102835005995
320,762,160,777,74.42760378104002,12.555215750076048,13.993976223860018,13.154661087492741,0.9911445971913418,1.1145946435667786
321,885,254,226,157.9263264196164,16.547717556892437,22.395382300985222,19.544316320040874,0.9407391111265683,1.3533819527670825
322,1001,791,507,205.00231540552335,21.34927824372992,21.996768659755475,21.764400238189257,0.9992757686678436,1.0303284452351786
323,195,201,189,239.6206535447332,22.034489933217603,24.391732387634228,23.59872086365667,0.9915020193270844,1.1069796696706382
324,200,824,822,125.96681174582957,14.341653629259989,22.189661338139917,18.038463431721727,0.8664300934450768,1.5472177694257196
325,196,197,822,103.87933417265859,14.8687497196293,15.999999999999986,15.51005885884259,0.9963136513506378,1.076082407848808
326,125,830,124,141.82771776280867,14.795825902230643,20.80956888117286,18.63821269977713,0.9231424306153521,1.4064486172438389
327,708,940,126,123.65683196255569,15.604635721687359,24.072996747687956,18.57489892624977,0.7928756492462498,1.5426823911199188
328,126,127,708,57.998035809321664,7.4427563596455055,16.047064309374,13.163273556339837,0.7063106594279017,2.1560647069385346
329,199,197,198,97.61089726266339,13.051011626067284,20.1173799795072,16.0440433989468,0.8464446928577286,1.5414421928278714
330,736,735,7,74.40542461749,11.844711804635903,15.053208186710913,13.318017613965885,0.9593140132053131,1.2708800716298758
331,7,735,6,75.54745541087553,12.192286437953092,14.795825902230636,13.348081730244857,0.9728216490410206,1.2135398866756482
332,736,768,782,83.10462008818946,12.398276980035655,15.276272464823776,14.002805161546691,0.9716884114790847,1.232128665089707
333,8,768,736,102.06950561345548,15.276272464823776,15.400777462819605,15.35345191033277,0.9999487187579659,1.0081502210884574
334,707,9,0,5.574098799260322,2.0343011589201008,5.97355396309663,4.499564214279333,0.5519211616212324,2.9364157499018795
335,912,1,769,181.1747740900047,18.10272249816049,23.372156023298995,20.79382543629897,0.9574109859947846,1.2910851406838921
336,8,9,707,44.44843188996765,5.97355396309663,16.0,12.28520262780018,0.6001021981711864,2.6784724970837566
337,3,769,2,114.98785618091797,14.814297663027888,19.514728628680476,16.712700164826206,0.937009289375242,1.3172901660659537
338,381,980,812,171.7951875851228,18.650758005472255,20.660367068480415,19.982341944887782,0.991412238209238,1.1077494578192761
339,959,960,882,127.21955324260091,16.577463576831033,17.533499409238438,17.15541156093219,0.9976926186451808,1.0576708148370526
340,940,117,738,165.3512486200231,17.79056259441388,21.371605109432124,19.704274506374723,0.9780656439699267,1.2012888853859331
341,1018,856,1028,258.8003075893789,21.555474251948286,26.832505191505696,24.747129491176967,0.9676207389717745,1.2448116370754612
342,118,738,117,106.78694867185789,14.005234886701034,17.79056259441388,15.931932493704965,0.9625199871592206,1.2702794875155778
343,95,942,836,161.25839213464377,17.982328549774333,23.827688380441792,19.963827835679076,0.9172198389982229,1.3250613408874021
344,580,978,579,109.05472184295522,14.724693748105636,18.278215788769053,16.116692871935836,0.9607193304421324,1.2413307944771745
345,58,981,836,204.49708907268013,21.088829907539484,23.04662261445961,21.78867103871978,0.9931131939422321,1.0928355302548196
346,909,999,998,197.69339835697897,17.36958859440379,26.910305432693402,22.414031500077233,0.8818709445643654,1.549277076220647
347,106,829,105,156.92925894826269,17.91774137492904,20.0657963987629,19.09827815507464,0.9914554482885668,1.1198842520876806
348,247,959,882,171.39896433011796,17.533499409238438,23.324785853549514,20.331033017550315,0.9447893938123383,1.3302983796411818
349,328,941,832,195.5421816943432,20.02239622806079,22.28641599611244,21.312710563820033,0.9921985419386012,1.1130743664376541
350,841,101,102,96.870990832058,12.39449566838682,22.232401665573803,16.875632444653537,0.7424931194325857,1.793731851654067
351,927,926,803,192.8924566677868,18.139266565823625,24.43685915546156,21.567608764942886,0.943928017033994,1.3471801115433901
352,788,998,999,195.7862208707898,17.516786442980735,25.498956928627194,21.99264794824748,0.913864602683171,1.4556869213214074
353,241,760,961,175.07435985198543,19.56263025033961,20.844985722065882,20.129219227713488,0.9971545386219994,1.0655512809533376
354,792,1000,1001,142.59765727929707,15.16083823060934,21.7668816278006,18.734758471752876,0.9188193298998332,1.4357307489670215
355,738,119,120,108.11853521152437,15.050993049652856,16.448493640849918,15.833162230167588,0.9946644161786449,1.0928510555141937
356,122,739,121,80.53620522247564,12.300690013440965,16.447369047312783,14.01718685189602,0.9318061724633064,1.3371094653503781
357,1021,775,753,239.2147693496761,21.89714866558043,25.573020536326972,23.651209727360037,0.983614314648906,1.1678698869375879
358,118,119,738,76.16062301982085,11.456714049833213,15.050993049652856,13.5043139953957,0.9525594076666577,1.3137268665505333
359,1034,976,919,213.43603565909623,20.78176397483066,24.05120187408717,22.325351609040336,0.9853862924029392,1.1573224440050522
360,831,12,13,118.36583237231818,15.461552703385472,18.74646142445799,16.736004709281154,0.9687806074477738,1.2124565872580995
361,831,10,11,117.57411568188468,15.124203645636452,19.248212686761363,16.790805444132605,0.9524600271647348,1.2726761115990888
362,127,116,708,6.425423510449234,2.034301158920116,7.4427563596455055,5.358022330851289,0.4319758547778335,3.658630545929789
363,981,943,836,149.7172004631383,17.0599477763281,21.088829907539484,18.83452935093013,0.9669906691093173,1.2361602851329794
364,48,49,828,172.4928351525112,15.512359062130765,26.638956328270115,21.468961650967355,0.8267044070560029,1.717273060891295
365,614,851,864,273.3996314024215,24.638147619997902,25.960652557937642,25.14800650128534,0.9978346102475671,1.0536771253398252
366,851,850,864,294.80437124223243,24.089721443633284,28.935990623547678,26.328788208372867,0.9765260970463476,1.2011758081659023
367,491,750,774,159.17443910520336,18.142388779054958,20.125029158406207,19.224489813505997,0.9928291836047594,1.1092822121439803
368,923,527,528,100.82081468261676,13.667928878508384,16.88935946426135,15.427747202398399,0.9710005936717725,1.2356926652448699
369,92,840,89,201.59353133456534,18.713541316251423,23.723437358904455,21.901272049096207,0.9603512743671145,1.267715017590085
370,783,829,107,149.44825718287743,17.86088000205923,19.90941502076119,18.64637456165995,0.9903450438159985,1.114693957882578
371,934,273,274,140.77720718974322,16.0,19.806657446522646,18.237190409613177,0.96980574773998,1.2379160904076654
372,317,318,835,111.59023684676868,13.953506221929528,21.50165986396084,17.15172202863012,0.8467704859129234,1.5409503190078868
373,319,834,318,145.05315904718827,16.0,24.5256153017125,19.554858682369538,0.8469737054246612,1.5328509563570312
374,938,298,825,149.99185319708482,17.319875542642652,22.363072580886648,19.097165075209887,0.9360696781888194,1.2911797504449336
375,315,316,833,90.61470061797301,14.188294561264115,14.892779054314348,14.475621061266297,0.9982394977874408,1.0496525139091464
376,318,326,835,173.19440547800198,17.309403206104438,22.12830430705148,20.31312245903892,0.9587146985730858,1.2783978767822324
377,834,320,321,104.72559420954312,13.813945605014547,23.14110886910714,17.518233651568693,0.7482432054466261,1.6751990727911057
378,835,326,327,106.7712410672334,13.824457840259463,17.309403206104438,15.903255850529556,0.9663498749364453,1.252085499924355
379,543,544,931,147.56300748198237,15.16123972130994,21.71691351288524,19.03833867853554,0.9201888517556719,1.4323969485398313
380,835,941,317,132.53464598499917,13.953506221929528,20.47920750605651,18.149250716743193,0.9049245364538477,1.4676746604284376
381,840,64,899,163.9317630436901,18.24689094682419,20.687951026332414,19.533591832197448,0.9895993470535445,1.1337795072389074
382,516,909,515,138.0211021249282,14.883352125128624,21.046272541070593,18.374071872145986,0.9258559979472443,1.4140814760094718
383,741,53,770,74.14230309551307,11.966855602326996,14.584525207876899,13.219789292466801,0.9733570180221807,1.2187433100672567
384,290,925,289,99.05713866238867,13.992481716863447,15.999999999999968,15.196249779245406,0.9874176925795104,1.1434712100225297
385,162,163,718,88.41304989419586,12.131933679244046,16.0,14.573881062180526,0.9478828718876927,1.3188334541733975
386,52,741,51,68.94988741082544,12.407342192312353,13.060352737171778,12.6300195065427,0.9976374951287078,1.0526309772663507
387,973,999,1023,192.44019851998624,18.166826563987904,25.78400633017958,21.806381828582108,0.9158692751119607,1.4192906085915529
388,54,897,740,166.58283575596238,18.59744538615161,21.868284298266946,19.792077694345025,0.9766655058803451,1.175875710034397
389,39,888,38,198.26947378069872,15.999999999999886,26.38989051236989,22.708419040764355,0.8506973930649715,1.64936815702313
390,742,96,897,120.15750962924797,15.692070914552676,18.86502135471632,16.856477035270114,0.9696578836221766,1.2022008731314793
391,897,54,742,91.17695808904847,11.425080586718678,18.910503398616523,15.449307607292182,0.8484394081537845,1.6551746182516585
392,104,97,839,175.45901854053324,17.741389946887615,21.772016858741353,20.36626412985168,0.9688446924229227,1.2271877752487388
393,53,741,52,82.82784146912125,13.060352737171778,16.00000000000011,14.0561132681228,0.9589833853623879,1.2250817663187337
394,784,49,50,103.57816921788022,13.063125469197473,21.958931510636557,17.00735232661142,0.7895896633504518,1.6809860367961078
395,901,421,422,140.4776137625368,15.999999999999968,20.513820616870238,18.294501076246533,0.959571969514659,1.2821137885543925
396,57,836,56,144.50898388980892,15.129941554540116,21.400842869167846,18.801348531728276,0.9254337180190276,1.414469632418771
397,556,773,730,120.37118571690503,15.25929223120342,20.443299326636794,17.21339740334477,0.921720818055454,1.339727886253643
398,761,377,378,86.39879622072068,11.206711416623426,16.906744266520178,14.704485227714564,0.896857902347479,1.5086267182218713
399,942,96,742,95.93835105995807,12.239029218635583,19.47958879922045,15.803562977469568,0.8571109735889171,1.5915959061164862
400,897,96,97,126.67926714810714,15.182439319476272,18.86502135471632,17.30483536818005,0.9691185168783413,1.24255536002808
401,56,836,942,176.20331318121396,17.982328549774333,21.728069667597328,20.370413695513168,0.9739149052968075,1.2083012279224539
402,60,838,981,143.59258355705333,16.06918782283691,20.207095118136685,18.447137038317138,0.9658396495056641,1.2575056898282775
403,729,602,928,139.6601928180185,16.45927150723617,19.644165790300182,18.099791611673357,0.9794524186680905,1.193501533871885
404,982,981,838,149.99687012444926,16.96000903186193,20.207095118136685,18.753640180566187,0.9798842335143434,1.191455445582288
405,914,789,511,197.05221345614916,20.16955425901179,24.361398991134017,21.620915011276708,0.9657256359888742,1.2078303108879713
406,764,519,520,111.07602188080057,15.940516996846227,16.109501560260032,16.016672852368753,0.9999235085592467,1.0106009462207053
407,421,901,445,213.94097222338766,18.3696826118694,26.689743423389512,22.985471341312024,0.9144727588822761,1.4529234928721186
408,61,944,838,126.10159759909789,16.45203090389982,17.581459614140513,17.084354890027427,0.9969949687428757,1.0686498048075614
409,834,319,320,104.30256177403038,13.813945605014547,18.13896074539611,15.838747986074807,0.9482522491677642,1.3130905002848392
410,46,114,115,168.98422934120208,16.0,26.078299471770258,21.0710451148616,0.8466819535818532,1.6298937169856411
411,321,325,834,253.8103377949437,23.14110886910714,26.18531099431344,24.32566526992247,0.987598323305439,1.1315495356089111
412,828,49,784,213.51698393756755,21.958931510636557,22.409885668438715,22.20812891385882,0.9997168580081038,1.0205362523027919
413,322,837,321,117.03978174933168,14.784936003703303,20.156246886089207,16.98039429659752,0.9205406737188249,1.363296187487082
414,305,820,304,112.60748339070116,14.188879236011362,22.682571359340695,17.62381686511733,0.8027873998490461,1.5986161402919232
415,322,323,837,98.90074778949268,14.784936003703303,15.287044264599656,15.118396116106725,0.9990376759802145,1.0339608004235248
416,568,557,746,191.29504515025917,19.643638494523437,24.2283680220596,21.3463991780134,0.9606618457253748,1.2333951283421534
417,481,482,759,110.74103750792594,15.865964832073407,16.113034473895326,15.992999768656261,0.9998406140181014,1.015572304895222
418,641,642,787,107.0988730898381,13.897954464290251,18.157981498765185,16.01864532101848,0.9526713210494875,1.3065218730872052
419,310,306,710,8.75261278149695,2.5803871302346173,7.5091323585583485,5.634503172730571,0.5539106359426961,2.910079759185434
420,924,1013,799,172.84369358245323,17.24157872165466,23.262327752246108,20.42662741371221,0.9428739705950463,1.3491994049842813
421,306,307,710,38.89247218841649,6.813990029398748,12.559589030989152,10.29913843172516,0.7996347500515574,1.8432062531352695
422,3,4,737,81.94611665860829,12.073776681559428,15.410803256233228,13.95835334698004,0.9616916715259736,1.2763863091629417
423,694,790,693,116.45756282916318,14.589304803234421,20.925839560317222,17.171714787850547,0.8898283191948764,1.434327395482066
424,465,903,464,154.8851680651478,16.0,21.33393415078956,19.311473869699984,0.9450110236000263,1.3333708844243475
425,809,907,906,227.02212828351,18.389004869379757,27.130985548877668,23.741302920961726,0.9065776883483156,1.475391721389694
426,855,449,450,180.23469882724842,15.969873489590565,24.742798354290287,21.34215989130874,0.8851172137495924,1.5493421641954812
427,739,120,121,112.93541263203286,15.999999999999979,16.447369047312783,16.153766145339052,0.9993327996592467,1.0279605654570503
428,440,757,776,101.26979540259221,13.890574954778382,16.835629844133198,15.433706008156358,0.975872654442586,1.2120182137127242
429,69,70,68,81.76987483069738,11.39255542119693,20.727256107191334,15.636475921535437,0.7280395554321301,1.8193684683443636
430,272,820,271,139.12588333479445,16.0,20.54460777208966,18.21901107039969,0.9580093891606396,1.2840379857556037
431,466,467,750,190.68447445380053,19.445358101552163,23.04280975248715,21.144033902073645,0.9802331468388397,1.1850031062502178
432,61,62,944,113.26197129170545,16.000000000000128,16.45203090389982,16.176689890838905,0.9994005189348446,1.0282519314937306
433,155,718,154,81.28650408015578,11.165729559437738,16.000000000000128,14.138249073248128,0.9184015951129457,1.4329560746414698
434,697,698,711,101.19936416289804,13.718358236050921,22.864579682684017,17.26856390721959,0.7437349215298699,1.6667139966207793
435,71,67,70,163.33333333333186,15.999999999999886,24.816701617622073,20.44028995752858,0.8756601708972583,1.5510438511013906
436,516,517,727,77.08139216416677,10.808757943489432,16.000000000000007,13.836205557561826,0.9068124671536684,1.4802810909127146
437,75,76,843,208.49948167173213,15.983409031460221,31.048764587438995,24.37850184790392,0.7599256546077081,1.942562098381238
438,525,801,1005,198.81183679096316,18.512655781420495,25.503323238307647,22.005302429374158,0.9324868951395198,1.3776155911624015
439,784,741,770,86.73463660746987,11.966855602326996,15.851099893063878,14.447074741188572,0.9456754975386116,1.3245835347074446
440,182,183,188,142.09551565492532,15.26498140477583,23.39045302250999,19.101789630371652,0.8727904494801206,1.5322948913119547
441,720,812,400,201.9830889161574,19.800285447076167,23.28907961872956,21.739312689979354,0.9826372597389738,1.1761991856621727
442,980,381,382,111.6320941279364,13.97676388824603,20.635900760710676,16.870888216318903,0.8816898791244687,1.4764433974637539
443,187,183,184,163.33333333333303,16.0,23.390453022510048,20.105299255741283,0.9118597084382303,1.461903313906878
444,825,1017,938,145.7963999139139,17.21773284718251,21.713879810214898,18.750496066680018,0.9458631290725165,1.2611346687126774
445,802,765,905,145.325729348368,16.873264055936946,19.52756895710187,18.41963935468773,0.9854999037660358,1.1573083247180616
446,406,854,405,112.09658791085297,15.064389612754484,17.49078137816235,16.185056996972282,0.9844899291691434,1.1610680437628569
447,988,246,958,122.82089042934317,12.804142840451902,23.37262386487523,18.456365391701908,0.7889401687194486,1.8253954330339484
448,233,883,961,232.67047009185285,19.930323361888583,25.44600419259124,23.567732532098585,0.9560073523768601,1.2767481856942633
449,841,99,100,134.11722435554594,15.999999999999888,25.215233192258832,19.405963842602528,0.7868512704904203,1.5759520745161881
450,839,97,98,112.43028645977229,14.21775346074054,17.741389946887615,16.312894528793148,0.9673793606333272,1.2478335621641554
451,40,962,888,232.03645717763848,21.753392806059168,24.9455350438537,23.261735443995153,0.9871840503415961,1.1467422698727434
452,838,60,61,116.46366220589687,15.999999999999847,17.219574152041943,16.429587324959567,0.9952529220054006,1.0762233845026317
453,981,982,943,122.29818602933551,15.012171084225917,19.093816391699946,17.055311750751322,0.9617764303388853,1.271889074842934
454,760,246,988,179.393613377598,17.644955912976005,23.37262386487523,20.750787953037285,0.94981838136594,1.3246065323227658
455,798,1032,923,211.81113404302255,19.123157188142727,27.155307231438407,22.897586621680674,0.9140234501723334,1.4200221733404983
456,981,59,60,108.6497698119025,13.831592934718655,19.065128173977815,16.298907036232162,0.9284102657346864,1.3783754527739516
457,839,99,841,236.8150592146959,22.115828831738835,25.215233192258832,23.495506459730677,0.9877248197235434,1.1401441648016368
458,840,63,64,135.27404696178476,14.983281796672136,21.879178073860757,18.369783605785695,0.9045114414564593,1.46023937684468
459,66,71,72,163.3333333333342,16.000000000000114,24.816701617622073,20.440289957528663,0.8756601708972653,1.5510438511013684
460,840,93,63,190.17408056756364,19.816697588800114,21.879178073860757,21.00985741295757,0.9932441104605975,1.104077910853638
461,92,93,840,148.01645961589287,15.069068203174607,23.266837472132746,19.384201088035823,0.8831856659594254,1.5440130178209102
462,73,743,65,181.10526553832992,18.732397842758512,26.072170805717967,21.39351135575825,0.8923576066537152,1.391822393725042
463,73,65,72,172.81440159451859,16.0,26.072170805717967,21.23979266375532,0.852554599370241,1.629510675357373
464,617,706,850,105.7318552348089,14.326667747214259,19.682580509496905,16.275681926091142,0.9018833759492735,1.373842184155075
465,90,91,92,163.33333333333394,16.0,23.723437358904484,20.1709156000987,0.9045638380933426,1.4827148349315302
466,898,743,73,106.42340025459342,13.906840964225646,18.732397842758512,16.08548227121944,0.9354514260598457,1.34699159147259
467,595,928,594,101.12532787854317,12.650094213970842,20.009971255536286,16.220021823169052,0.8581533202734478,1.581804128655196
468,126,940,830,270.67879179133155,24.072996747687956,25.687738970749546,25.030299512861163,0.9969863816549345,1.0670769094511126
469,743,64,65,119.3794175112871,13.165452118333807,19.375965418798266,17.251357075494873,0.9010785267024798,1.4717280686331986
470,83,842,82,121.00481670579167,15.254188047079385,20.436784666490833,17.2441288930205,0.923614635465129,1.3397490973243722
471,843,968,967,163.1176123257948,17.47051274271308,24.398908779084373,20.20876393398828,0.9023961398889081,1.3965765709573186
472,84,85,83,163.33333333333348,16.0,25.66230341616915,20.694663967535206,0.8498101733133057,1.6038939635105718
473,843,842,87,247.2402248366859,19.940608951052866,28.19163577171731,24.591757647660486,0.9259278564922576,1.413780082690443
474,743,899,64,145.55898195750933,16.558140130228736,19.665933523435736,18.478909114339007,0.9790448411069252,1.187689762785216
475,141,142,877,134.90258009698096,14.871153073084027,20.676007307614196,18.118141328604224,0.932430429725052,1.39034325085636
476,839,841,103,138.54519739741025,14.057098475094358,22.115828831738835,18.764105603533704,0.8794024343590081,1.5732854735934674
477,1028,856,1006,194.41105730855745,17.883758147532287,26.832505191505696,22.18825950554485,0.887784185058854,1.5003840339458077
478,887,1008,35,208.05899186987017,19.22173114041646,25.572705611256865,22.385836953900437,0.9461320092085365,1.330405956906065
479,184,185,186,144.22523528638635,15.07386055465952,20.925444744713797,18.747819285652522,0.9295767169044675,1.3881941304177368
480,622,866,621,129.43310841039,16.0,20.77395743408303,17.74111869433754,0.9359163148470251,1.2983723396301894
481,946,645,646,95.1703602069314,14.008799027095247,16.0,14.896499885852322,0.9874060957212716,1.142139306092796
482,1036,1026,1031,273.3927652311801,22.275143378554954,29.93873306428308,25.764052033632236,0.9370202133114728,1.344042215822778
483,76,77,844,174.4358820956504,16.0,24.52252841173623,20.948171176202347,0.8914905435077883,1.5326580257335143
484,990,1022,927,192.8291836407859,17.93716949119887,23.973239238546917,21.542366124038892,0.9458080522109286,1.3365118309390862
485,76,945,843,322.3782977769062,24.22179164431485,31.048764587438995,27.71173586503858,0.9597546306408233,1.2818525170794506
486,843,945,842,276.9455803941341,24.139929309828243,28.19163577171731,25.517785575286798,0.976853453233039,1.1678425156050258
487,1005,524,525,118.45026516722663,15.59203607562131,18.512655781420495,16.701563952347286,0.9748375527392392,1.1873148376282732
488,1008,33,34,114.35243595117291,14.607614344746628,19.314506359722003,16.640706901489583,0.9404395800552304,1.322221815547049
489,448,1009,447,81.59022694936482,10.805489697717903,16.078705156439003,14.294731618052305,0.8954357161232784,1.4880126311938267
490,164,165,176,124.3371089190147,15.542146052980511,22.31691916198559,17.95302173832205,0.8652370470430902,1.4358968887508226
491,865,672,673,113.65590803353356,15.143843108538038,19.608751174089516,16.657972315292458,0.9312896120228229,1.294833222554596
492,992,219,873,176.25176470845344,18.795649640794657,21.921013846898415,20.29850229072768,0.9839765671404261,1.166281254749523
493,165,845,176,150.29009057045755,15.124111300940163,22.31691916198559,19.309276583610295,0.9081962844733896,1.4755854884907056
494,654,983,847,185.86452708289332,19.80563286878618,21.398471216742173,20.751011138734523,0.9957409460892308,1.0804235016628183
495,175,845,174,103.2360259464984,15.297892002747425,15.623077802925241,15.44242436082547,0.9996924050211833,1.0212569025928158
496,173,845,166,175.32652140156836,18.160964473011845,22.713887431882643,20.384412583516916,0.9663818523290709,1.2506983021544194
497,537,916,1002,160.26837985962408,17.723703985895824,22.497396597209104,19.60677605085313,0.9521332598209205,1.2693394459257552
498,86,842,83,201.1825174125207,20.421688486436413,24.75922102498134,21.87256472596953,0.9627739183565617,1.212398330403767
499,416,856,963,122.82865571155587,14.533377933258265,19.46936927048015,17.19793309162922,0.9458291367351073,1.339631389198676
500,830,125,126,162.45970257395766,16.0,25.687738970749546,20.665660762225812,0.8473480391325535,1.6054836856718466
501,82,842,945,154.42675530038514,16.04141396549127,24.139929309828243,19.830547264877378,0.8820637772924117,1.5048504677803791
502,475,775,1021,222.38975968193125,21.89714866558043,23.194807001800037,22.683106850945297,0.9975634301092142,1.059261521033529
503,20,21,19,163.3333333333342,15.999999999999943,25.048596292387796,20.506476907152642,0.8688043108704598,1.5655372682742428
504,19,21,846,189.30318995003353,19.921125481648215,22.64634476862447,21.012768226447623,0.9870313525371375,1.1368004678996069
505,22,846,21,140.0101422679023,15.45433612011136,19.921125481648215,18.28786837203711,0.9552359817308476,1.2890314619030472
506,79,80,844,134.8723968052448,14.794330958052118,19.962578558846012,18.056794014748714,0.9398182262050806,1.349339731242187
507,844,78,79,145.26187911284026,15.309146826985534,22.043990428707506,18.922203261013685,0.9172553956487723,1.439922856435763
508,172,166,167,163.33333333333363,16.000000000000057,22.713887431882668,20.00232386635183,0.9235221125288398,1.4196179644926616
509,967,75,843,169.82949229312422,18.108563623502874,26.10333192481254,20.989588609494266,0.8644422308234421,1.4414910242209027
510,1019,792,1024,190.51184246662282,19.64613270231262,21.9877636092897,21.04563789925372,0.9910593441831145,1.1191904250296263
511,968,88,899,172.81395994218855,19.237004778797342,20.767807696869152,20.006729882326848,0.9960987045570784,1.0795759493577208
512,98,99,839,180.71398821670599,16.979540178751293,23.15545735519436,20.942526578400688,0.9347410270039275,1.3637269979885436
513,556,557,745,89.07307571864607,13.2268794389349,17.544017880325942,14.794933775083587,0.9237145006845412,1.3263913050181004
514,771,907,655,93.69426606217971,12.92226834962435,16.880906224921386,14.974320051830802,0.9538246310868697,1.3063423362054012
515,654,847,653,137.54660869812724,14.976240532438776,21.048929330675215,18.328327800798025,0.9280605206354762,1.4054881987961463
516,847,647,848,177.98219406037418,18.71691550882849,22.025209338980176,20.40855029300177,0.9825413015474795,1.1767542215271107
517,647,648,848,111.34233507814017,13.95162471708155,20.48352603119665,16.811716916092752,0.8864424604589156,1.4681821254923682
518,1032,801,923,243.21249174732196,21.73416966667417,30.354827619591592,24.834430910575552,0.888637360508512,1.3966407774084788
519,657,744,656,94.33031684297922,13.809134678435214,15.508978524727112,14.811427333693716,0.9906330315253827,1.1230956092380233
520,744,771,656,81.33125069955591,13.016404033985363,14.39297982822334,13.739506180214638,0.9933058979801199,1.1057569963750191
521,983,809,930,196.24032560381687,19.158812217106,23.73246224756704,21.532563507724348,0.9701271962109476,1.2387230470570323
522,848,649,652,176.0610888516707,19.117771434676605,21.94813946150909,20.278331399325086,0.9852671504980264,1.14804905668548
523,650,651,649,61.4766243594341,8.097316133359328,16.000000000000057,13.19529458934278,0.7585951557196858,1.975963360758912
524,652,649,651,119.54271162432195,15.488567634668954,19.117771434676605,16.868779689781835,0.9614937402448462,1.234315004822279
525,848,648,649,111.34233507813977,13.95162471708155,21.94813946150909,17.29992139286355,0.8273576324982123,1.573160109061497
526,725,554,726,129.1303154710277,14.833485163250517,22.081955601766758,18.123660849786177,0.8837349101464401,1.488655926691732
527,723,553,725,56.87121956576619,9.997903824615118,13.514501204790852,11.735252129871895,0.9396211489294487,1.3517334675212391
528,552,723,578,39.98371023805137,8.776047293498436,10.509321501158988,9.686943781427276,0.9787677678965474,1.1975005545998612
529,1031,1035,1036,255.93454849744484,22.275143378554954,26.859962720818007,24.53024287881466,0.976565447161108,1.2058267039787953
530,745,557,568,143.3902779441607,13.613904005989923,24.2283680220596,19.65720974069919,0.8150930504246666,1.7796781886664885
531,855,892,763,286.1222477296746,24.486957632392297,27.442625411692447,25.796102178996545,0.9907328112638695,1.120703756819111
532,746,558,559,108.19851303991157,11.571840025499718,20.150078975555346,16.95311819268035,0.8272371390859308,1.7413029329089076
533,558,746,557,143.30471126677972,16.000000000000007,20.167191017457167,18.43487553148105,0.9649034223077524,1.2604494385910723
534,905,765,970,127.86496284735935,16.873264055936946,17.404028660053747,17.188534969994773,0.9993022580147042,1.0314559531787832
535,935,819,934,214.73768799394335,16.909239758784608,26.8601397027918,23.483358013564953,0.8653466604161336,1.5884889022782676
536,725,726,577,135.3896398221576,15.669524615161832,21.74815897650749,18.29107512533686,0.9167275309340875,1.3879271714129713
537,489,971,908,199.08151520168894,19.511436508489364,24.36098574019583,21.733990180792418,0.9651346332460621,1.2485490614489836
538,939,1012,911,167.65277162012418,17.941679626498416,21.105520431741713,19.80982961827186,0.9820321604041972,1.1763402797902243
539,311,970,331,143.58705002102866,17.219268494516285,18.787558220679653,18.252250398873365,0.9937714922129923,1.091077604525582
540,869,993,953,183.49584324354092,19.114035268850042,22.227919879104988,20.7030728631344,0.9849621033787092,1.1629108959179129
541,1035,1031,801,289.72864910077413,23.91931595528976,31.78195095311365,26.71896314849148,0.9206511438442657,1.3287148768184178
542,826,935,825,345.62791103077035,24.332801803944562,31.793074206641226,28.754107053777528,0.9536019332607611,1.3065932342196322
543,560,746,559,131.63062208559808,15.999999999999968,20.150078975555346,17.72463053302091,0.9581102386387262,1.2593799359722115
544,951,461,969,267.06672905814,22.806271278628586,30.574470479825724,25.67079731933794,0.9189985794369568,1.340616802558014
545,560,561,852,121.91064919563348,15.283821399205832,22.958533293697254,18.080784897634373,0.8307568801748627,1.5021461383270422
546,799,532,921,166.11622700298932,18.669267510857544,21.360163086425906,19.699955277628128,0.9849439940812686,1.1441350376496244
547,219,992,876,120.78626271270588,15.202906170451786,18.795649640794657,16.90212617133977,0.9690531233012993,1.2363195187855391
548,470,972,469,84.67599229159497,11.681438883507026,16.86665500758184,14.455107274535548,0.9159427940617578,1.4438850535267362
549,809,906,810,218.2022419989392,20.36917272244796,27.130985548877668,23.08203558260107,0.9309490960408663,1.3319630560635294
550,849,664,665,149.63351045122528,15.680020392020738,21.348975285720314,19.02342158022861,0.939632713233131,1.3615400204826518
551,849,666,662,168.7163983874014,18.516239963342592,22.03448993321748,19.925906401154652,0.9756724816878196,1.1900088774416469
552,666,661,662,163.3333333333329,15.999999999999986,22.03448993321748,19.953134338372287,0.9291872043380855,1.3771556208260938
553,661,667,660,126.92859159078321,14.849766700159647,22.034489933217486,18.001837096200067,0.8801160972404066,1.4838273474680648
554,695,696,711,38.89247218841768,6.813990029398915,12.559589030989153,10.299138431725254,0.79963475005157,1.8432062531352247
555,695,711,699,8.752612781497575,2.580387130234728,7.509132358558453,5.634503172730699,0.5539106359427133,2.9100797591853502
556,903,1011,969,190.28519297219825,17.956648462574616,25.04729171768923,21.564308970850277,0.9282606289980363,1.3948756512047884
557,1035,1019,1024,264.50721862054286,21.503017386158838,26.999716644987576,25.068177078906427,0.9623017581051782,1.2556245553876024
558,849,665,666,116.72786870502892,15.29789200274738,19.22698930690389,16.734967233890668,0.9519151231381289,1.2568391320484464
559,995,860,686,126.57547448860947,14.081568639886635,20.038698768760256,17.614295345478695,0.9227297150912758,1.4230444974716665
560,722,965,894,122.58331049177059,16.031387440644096,17.68897680383562,16.86622088071505,0.9935654340343635,1.1033965007288804
561,891,892,721,164.48256390854968,17.140552726289833,21.257821364647665,19.730365423110502,0.9673504448968351,1.240206293467004
562,455,413,721,59.484094181820765,9.436236810094304,13.94915937532509,12.153695879732117,0.906559913543511,1.4782544838640697
563,905,313,314,109.23456242225173,14.777314636553962,17.756652185990465,16.0407506589662,0.9744250377021578,1.2016156265676752
564,938,297,298,120.53790880056245,15.54083991381604,17.608547102100363,16.751634340923797,0.9892603309044139,1.1330498994746159
565,721,454,455,105.08448580628647,13.94915937532509,17.33097449668368,15.760044624002923,0.969511548596094,1.2424386323480354
566,993,991,953,139.35146569459783,17.129991866668174,19.114035268850042,17.998296799962606,0.9913532764932618,1.1158227871691202
567,616,617,850,143.0853440246108,15.034338314986206,21.513088126160085,18.743335650214398,0.9210926280609435,1.430930159707519
568,608,706,618,3.5348606079684073,1.1205806953519841,6.836493485234581,4.814960199076905,0.27185701401058915,6.100848884503743
569,617,618,706,50.58533090774813,6.836493485234581,16.0,12.551430335598946,0.6709979985543414,2.3403810790658555
570,971,490,491,109.49325676724985,13.702719442000355,20.55576866853312,16.752829370177825,0.8756642098831672,1.50012329709732
571,963,1018,891,123.37440219757464,15.36429893369128,19.481388651601414,17.16027687745765,0.9579170216597314,1.267964697620017
572,956,872,349,153.3607200767347,17.084430134629383,22.487467184297877,19.290486301271866,0.9382538750051146,1.3162550349699274
573,615,850,851,235.47996281544246,21.310957607872954,25.016234083531057,23.472304378345765,0.9826351818746565,1.173867197515763
574,935,934,818,283.19555033974245,21.228359711223437,32.25794039082994,26.782146601615057,0.8867219041515005,1.5195682016719907
575,880,881,143,301.8135238809039,24.483642996126452,29.16265669051241,26.62009074365754,0.9784490009966921,1.1911077405893487
576,361,362,955,167.46780165960976,16.000000000000007,22.471436008373484,20.273744057227244,0.9204842965855213,1.404464750523342
577,855,453,892,277.8615987609089,22.442202971793872,27.442625411692447,25.608635934569097,0.9710021627773741,1.2228133506404553
578,577,578,723,64.25294323445564,8.776047293498436,16.0,13.200871395394264,0.8052104471334571,1.8231442316694542
579,151,152,715,56.587960264395406,7.5091323585583485,16.0,12.910628720494083,0.7205274423622972,2.1307388438511667
580,811,542,543,152.62682448085943,16.000000000000057,20.735223623370494,19.125379379371864,0.9509286449093196,1.2959514764606512
581,891,415,963,103.9869064876136,14.720080702317427,16.583522207872505,15.555967281293738,0.9899509611135789,1.1265917995450738
582,476,477,754,81.84241637541207,11.887038038156058,15.999999999999968,14.051911168535677,0.9436235647985879,1.3460039371155172
583,51,741,784,96.22798385545266,12.422363590143966,19.26384751183351,15.736493276717441,0.8699138599877826,1.5507393075435056
584,896,730,573,124.23256758878,15.399665907314168,18.470307514820906,17.07691076908633,0.9784136777680489,1.1993966379522765
585,551,541,542,146.63565668871993,15.166086821211069,24.3200563630211,19.609316568078253,0.8497306258889875,1.6035815071958721
586,372,373,713,56.587960264396315,7.509132358558417,16.0,12.91062872049416,0.7205274423623013,2.130738843851147
587,811,543,931,190.926638285123,20.640914514745038,21.71691351288524,21.01620445158821,0.9977358768169476,1.052129424661468
588,564,567,563,163.33333333333348,16.0,25.081555997847534,20.516112760954723,0.8678139672360476,1.5675972498654709
589,879,215,964,197.15876845914178,19.584170304126975,22.569922027074863,21.45627808818942,0.9852284191701994,1.1524574019006923
590,959,247,250,197.3450032234534,17.22606533966271,26.274277750524433,22.27504298124555,0.8929709775221094,1.52526286371551
591,647,847,646,139.7907891661252,15.999999999999943,19.791162724930327,18.16935941125292,0.9704271891435466,1.23694767030815
592,871,955,366,170.87893841600845,15.486112181440676,23.564573981365644,20.757207287774005,0.8872559930769908,1.521658483761121
593,564,565,566,163.33333333333348,16.0,25.081555997847552,20.516112760954726,0.867813967236047,1.567597249865472
594,822,824,196,102.37327344813592,14.341653629259989,16.317470108630502,15.440183531596325,0.988901213024161,1.13776768916936
595,561,562,852,92.88137586883823,13.81559936755139,15.283821399205832,14.6851246611908,0.9928326842658789,1.1062727712778677
596,111,112,781,95.61351115482547,12.700343674992187,17.259634117479,15.202901563143646,0.9408494322814848,1.3589895328158998
597,772,745,569,108.00723894011253,14.04158842196813,18.0636799593659,16.051601608332433,0.9580638341159684,1.2864413495488294
598,546,853,545,97.76151164421006,11.456714049833119,20.460789147751726,16.328196758798764,0.8051868457182693,1.7859212561955984
599,767,911,108,169.88592924268377,18.985208045395837,21.19616526813138,19.87861460318699,0.9905842444508707,1.1164568340493761
600,54,55,742,60.01986721990467,11.417891163035325,12.600334921083792,11.814435556945933,0.990851585735662,1.1035606086241698
601,854,716,405,117.14241629568554,15.064389612754484,17.69671523573635,16.55459668986254,0.9827758691239015,1.1747382861601752
602,773,556,745,106.58284360138246,14.721864269466007,17.544017880325942,15.841724793665122,0.9749868588181442,1.1916981137173805
603,406,947,854,116.09353698502575,15.551841348377613,17.49078137816235,16.43407249321776,0.9903442789058465,1.12467591369732
604,893,212,213,164.081457543524,15.999999999999968,23.164001114275678,20.110507595948544,0.9162966998198521,1.4477500696422327
605,256,257,821,151.8611487249288,16.0,25.01619737386588,20.000368548239226,0.8469599670818716,1.5635123358666174
606,716,412,404,17.494334649045275,2.948021622488247,13.735105088462962,9.732158434454414,0.3424548549313488,4.659092383749204
607,782,768,912,85.63919575756682,13.822088665651275,14.333866039780647,14.067950418106605,0.9991117410040142,1.037026052032293
608,282,794,1003,151.74590203545847,18.122141944117338,19.486657043642364,18.745840744038542,0.9963563139586196,1.0752954647266717
609,288,289,1014,131.0198732747142,16.000000000000018,19.41573697904056,17.571682469040354,0.973714114648977,1.2134835611900336
610,150,151,715,101.19936416290045,13.718358236051111,22.864579682684028,17.268563907219683,0.7437349215298814,1.6667139966207571
611,356,357,714,101.19936416289869,13.718358236050864,22.864579682683978,17.2685639072196,0.7437349215298743,1.6667139966207836
612,725,553,554,93.28553221258349,13.514501204790852,16.00000000000005,14.782662122680472,0.9812154437222486,1.1839134687655433
613,569,570,731,75.85471999261283,10.237982538575682,15.999999999999968,13.880291224515332,0.8787282582266122,1.5628079008450724
614,698,699,711,56.587960264395974,7.509132358558453,16.0,12.910628720494097,0.720527442362305,2.130738843851137
615,724,203,204,100.4792339941038,14.173389914670445,17.230491536292458,15.414788078584712,0.9695351717751884,1.2156930445029033
616,1,768,707,85.91889255169305,10.688017831116296,21.83380597528408,16.370046400027576,0.6872752627359184,2.042830234781118
617,805,583,806,149.99131157998167,17.093744898324974,23.464001876742714,19.39086621707104,0.9012450881645623,1.3726659673645862
618,996,947,407,116.97659328052649,15.897174566559741,17.683915904103173,16.50294000594473,0.9893839077068592,1.1123936414022844
619,223,722,894,151.08513645542632,17.68897680383562,20.874882837994942,18.856431807913918,0.9756651288049536,1.1801068580444123
620,835,832,941,180.4573609587415,20.02239622806079,20.762005045222388,20.421202926446565,0.999113063009215,1.0369390760594908
621,451,452,855,139.44235616795834,15.318466198643035,20.602236828761246,18.33013262205949,0.9445854337067296,1.3449281776387159
622,454,892,453,167.62501448479952,16.0,22.442202971793872,20.28562521198447,0.9201867914971406,1.402637685737117
623,747,900,1027,170.7788460924587,18.337188889561784,22.248483906429232,20.069127177385003,0.9728113556020765,1.2132985072261488
624,418,1006,856,142.69225522121164,16.787452398017646,20.376794159595843,18.349334901715256,0.9722084362795871,1.2138109867106486
625,742,55,942,65.07083979316542,11.961816919069289,12.600334921083792,12.267060352929555,0.9981770336761936,1.0533796835660134
626,255,256,709,50.44891337303878,6.727691913447065,15.990932376649884,12.58742845588697,0.6628698369316849,2.3768823814134223
627,747,420,421,108.73707240835873,12.647580744359756,18.441217297946565,16.431656307384923,0.9060114281981975,1.4580825907097297
628,474,954,473,146.99814524822494,15.156422263578614,22.919303639269252,19.232005572249374,0.8933878291989532,1.5121842899788493
629,416,417,856,137.9649414769661,16.0,19.46936927048015,18.022692324865286,0.9743935500606906,1.2168355794050094
630,808,590,591,117.08064783154384,15.044918590384523,17.377682785908,16.54010810723497,0.9843020711359087,1.1550532946728198
631,327,832,835,160.80425275199593,16.575906505224765,21.46669875253748,19.601536767661543,0.95495087510337,1.2950542853129103
632,763,1028,448,199.71270740831014,18.10604971680093,25.299696874719682,22.06518559713947,0.930323152283948,1.3973062744461393
633,454,721,892,170.73406880791592,17.33097449668368,22.41467266415954,20.17945644641241,0.9577066997931187,1.2933301972401283
634,371,372,713,101.19936416289985,13.718358236050891,22.864579682683978,17.26856390721964,0.7437349215298799,1.6667139966207802
635,1006,419,1027,122.01096496069974,15.608049293296968,18.779493144460822,16.95512617017614,0.974092077992736,1.2031928392567202
636,417,418,856,137.094151808988,15.423154168998286,20.376794159595843,18.13288534423661,0.9507675280835377,1.3211820316595648
637,112,827,781,104.19663468418342,12.700343674992187,21.290201342595346,16.80727839349356,0.8161080341494578,1.6763484427997923
638,428,859,427,148.75317815023232,15.01499964123011,22.38598066018403,19.24705031284504,0.9037865768403573,1.490907838499958
639,414,415,891,120.51998558800418,15.999999999999943,17.583355899854244,16.72229270257556,0.9938101205341728,1.0989597437408942
640,414,721,413,94.03608473267019,13.07569145377696,16.948406705607844,14.994457570266713,0.9552772838822373,1.2961767081703535
641,445,901,748,160.25161181853926,17.06563725249949,23.896987988677157,19.960733420190937,0.9098575012428646,1.4002986021033073
642,330,331,728,96.88259255018704,12.325509366709314,18.2904212097852,15.53864352549816,0.9040546019596313,1.4839485059487167
643,445,748,444,114.26893312605546,14.728639154231539,18.919575019396174,16.549404724542587,0.9528155799309005,1.2845433187193387
644,422,423,857,182.44451529293258,16.00000000000009,25.585956970152786,21.604067906103392,0.8716729285793887,1.5991223106345402
645,739,940,738,156.5998632126569,16.946654054711544,20.749414221930117,19.215574697306607,0.972395160677827,1.224395928242916
646,431,432,751,61.01941652950654,10.855072663121845,14.883352125128589,12.344961586102016,0.9053405712047081,1.3710964990305499
647,776,442,785,166.64129777353563,18.61378145112818,20.75377031276593,19.67593011475652,0.9921011319695842,1.1149679804319421
648,440,776,439,131.25276281905874,16.00000000000009,20.45947141772311,17.765033753952128,0.9491846093015106,1.2787169636076872
649,785,997,776,178.04708333958894,19.144465422931493,21.089158325839332,20.329131353845586,0.9932078254359981,1.1015799010286524
650,857,423,948,208.05244337830464,20.431921337960492,23.2262467481573,22.010639347833315,0.9889695017099319,1.1367627333708077
651,424,425,858,172.73289362301648,16.0,23.026317492630184,20.684014774062245,0.9090950922983007,1.4391448432893865
652,426,427,859,153.34621501654647,16.0,21.25987085929498,19.20001383213865,0.9471421392017485,1.3287419287059363
653,770,53,740,127.45630309205953,14.584525207876899,20.970850078359433,17.762881507555452,0.9132217087540417,1.4378836321002324
654,425,426,949,130.51781627020773,16.0,18.36221331715595,17.449745679424773,0.9864187946034959,1.1476383323222468
655,1007,436,859,177.0871174197432,18.581199451641268,21.666492861387745,20.343076622553927,0.9842169736344537,1.1660438239079316
656,949,437,858,202.75582448251583,17.25378004433283,25.640669640206447,22.47285613092389,0.902454899230649,1.4860899799536027
657,428,1007,859,177.7244566517742,18.581199451641268,22.38598066018403,20.44046341078707,0.9766985629498036,1.2047651024060606
658,429,1007,428,131.85482472034266,16.000000000000007,20.35421012053591,17.77598784707839,0.9531666836302012,1.2721381325334937
659,948,785,857,214.75565956885652,20.724649680953675,24.096844364609986,22.3984146676486,0.9848533579346685,1.1627141947183512
660,529,798,528,138.85206536087074,15.448006949283293,19.78963616430656,18.197583454730776,0.9573133047321954,1.2810478548641964
661,520,521,778,112.02650297275827,15.793111109082203,16.48440500328746,16.092505370789898,0.9986932038436753,1.0437718628983566
662,987,904,956,146.54961027043046,17.337809030175578,19.184888422832454,18.44705176951088,0.9926980026054555,1.1065347639625127
663,686,860,685,131.31094403710676,15.297892002747355,18.867018460482292,17.629176363672947,0.9672763793530311,1.233308383736397
664,668,995,687,143.3684322636839,17.75033648315512,18.818896523304584,18.2128104062843,0.9975539337288267,1.0601994244539261
665,669,995,668,119.47894401240413,16.00000000000009,17.75033648315512,16.66717290240827,0.9911384322817743,1.1093960301971888
666,669,670,950,121.82982403509385,15.600891494107765,19.773590684695908,17.124827392934517,0.9479763888650458,1.26746543248276
667,950,862,681,189.26097140928326,19.328618320945242,22.951996018322316,21.067001410484536,0.9799605390865568,1.1874618059714408
668,682,861,860,131.88985768956505,16.76025016532659,18.560838003929643,17.50470787301823,0.9921266720619809,1.1074320383551368
669,671,862,670,102.9167921960107,12.940455660686686,21.63854515818711,16.85966693962459,0.7996443000275051,1.6721625362795656
670,672,865,862,137.43637753326988,15.221322663249829,19.739060083633962,18.140063766029087,0.9521840073833421,1.2968032095720368
671,683,684,861,148.35048883870027,16.762236090334646,20.288820476823975,18.676499519940375,0.9762652397402326,1.210388659811492
672,1025,1032,1029,316.5810411790768,25.215196487765212,29.940380734099993,27.266486083018233,0.9782389246902611,1.1873943059943042
673,793,1002,1025,193.15069056071607,17.851333809995726,24.312617115844915,21.612617712107618,0.939817881812562,1.3619496097390347
674,611,612,864,149.54982549893234,15.6229271636,22.810487017261043,19.28250414135975,0.9078334616106022,1.4600648635428195
675,1026,973,524,247.9455957228887,19.981751495663737,26.86668898576823,24.49674208432998,0.9382499099214364,1.3445612608883963
676,863,498,458,209.5647459359633,18.584303960891123,26.635351678569947,22.733446046520516,0.9172275940952697,1.4332176085056227
677,285,994,284,154.05245165326866,18.138684338034917,20.237135960238817,18.933577683941436,0.9900519941710318,1.1156892960424736
678,268,269,936,100.10510693462548,14.193864508873954,16.72728780664331,15.31849687683449,0.9805587947362491,1.1784872115825447
679,969,868,951,348.520600509768,25.440367512356154,30.574470479825724,28.62516313072827,0.9761295893092344,1.2018093081782715
680,274,818,934,207.49054169639817,19.806657446522646,26.600749215002523,22.54525545758287,0.9271159353366297,1.3430206124796025
681,862,950,670,154.27108397361434,15.600891494107765,21.63854515818711,19.38660884816031,0.929994482335544,1.3870069647211944
682,456,457,500,133.42271658788218,15.005031559752652,22.648535720676776,18.488097265282946,0.8759160907326062,1.509396073609466
683,1025,1030,1032,267.42005627237245,21.645279219819944,29.940380734099993,25.581674233770936,0.9273263014694361,1.3832291295500807
684,868,969,1011,254.57868051008433,21.688986732286978,29.860651400002943,25.08227303513313,0.9168995890999027,1.3767656261945767
685,991,954,870,207.23549154877665,19.47478411561882,25.833725093727377,22.37746061712332,0.9427679640508422,1.3265217699131602
686,457,458,499,157.77792006888413,14.80388310299684,26.495702553346877,20.878586299471483,0.7941804365643205,1.7897805845267172
687,461,951,460,161.02681545406713,14.890148467916257,22.94378953116658,20.213403092570474,0.8796512505332748,1.5408704339384842
688,679,673,674,163.33333333333454,16.000000000000114,22.25692590133588,19.961831686455913,0.928181031600052,1.3910578688334825
689,674,675,678,163.33333333333337,16.0,22.25692590133597,19.96183168645587,0.928181031600049,1.391057868833498
690,676,677,675,96.58012509042736,12.933106216214657,20.095948843490046,15.991059013323735,0.8422630115600459,1.5538377639159182
691,680,865,673,171.09860620555503,18.388204874120746,22.256925901335833,20.084627316515366,0.9732397070921937,1.2103914467833596
692,629,620,866,193.9876832533796,17.64036582262761,24.93207019783417,21.78102776983361,0.9260611645773285,1.4133533538093275
693,630,620,629,113.57515702760239,14.310940083454753,22.77064728903904,17.693862457497932,0.803499891480553,1.591135673565203
694,620,630,619,90.5096679918779,13.429950423266167,16.0,14.58029683557364,0.9780132014783213,1.191367018919255
695,866,620,621,129.43310841038948,16.0,24.93207019783417,19.12715628225459,0.7810015969031,1.5582543873646357
696,627,625,626,151.8694677679461,15.516589319825734,22.39415295797678,19.34270741910322,0.9173570904208773,1.4432393934254288
697,628,867,627,93.02492646414109,13.417815779559827,16.070036184708336,14.776759254227605,0.9786118316940465,1.197664094419063
698,622,623,866,232.4390059445334,20.77395743408303,25.961629848086783,23.457582239398107,0.9676171053869007,1.2497199886186605
699,624,627,867,128.46866331516875,16.070036184708336,21.518994314012037,17.88811682822591,0.908472572177466,1.3390756602333436
700,756,872,904,177.24257129544264,17.103702273133614,22.55001972501237,20.649758116653967,0.9459537718400369,1.3184291543962265
701,779,933,780,182.77305324003703,18.999839893804165,22.15302151304158,20.66539494467541,0.984523683493389,1.1659583257996646
702,858,425,949,156.2332777991864,17.25378004433283,23.026317492630184,19.547436951372987,0.9290524696657217,1.3345665375045392
703,628,629,866,129.36007402537854,15.999999999999968,18.481287317670404,17.373884380099327,0.9862363296031634,1.1550804573544025
704,857,1010,901,142.00404462061485,15.306583658935475,22.816071633959307,18.929294033138195,0.891754485973398,1.4906050979337928
705,722,895,965,132.81873657257228,16.031387440644096,20.259675031781963,17.809495178483886,0.9573887125692145,1.263750570984141
706,613,864,612,167.22842352089205,15.277700285571163,23.62030857915411,20.569498627328773,0.8833122772117643,1.546064403519031
707,496,868,495,205.29714912977346,15.999999999999988,27.456815410540926,23.28861125283873,0.8330870806531635,1.7160509631588092
708,906,907,771,115.11426842568743,15.119785580946669,18.389004869379757,16.492453873077526,0.9705222038165462,1.2162212731741926
709,531,799,922,146.67239194969676,16.67256726833231,21.84732861117427,18.834513246355097,0.9420450043656368,1.3103757963340683
710,230,960,884,109.45198939595204,14.880726289162808,17.095170727322966,15.976244841361956,0.9871535922802153,1.1488129272139675
711,950,860,995,160.723754450561,18.80605561616662,20.038698768760256,19.28894094544715,0.9968404191444871,1.0655450126146597
712,495,868,952,229.2265856053512,20.161939522036544,27.456815410540926,23.617579958207163,0.9340840505812933,1.3618141935467691
713,265,823,258,162.63253207414488,17.61555520211141,20.896832964655108,19.523022833565125,0.9804181069000345,1.186271606253455
714,493,902,749,164.30002707950229,18.1826121913643,29.183160547834074,22.015691673471878,0.7433796166531563,1.6050037387749163
715,654,907,983,162.77485036165757,18.497459255346314,21.398471216742173,19.532665305408646,0.9807964560093809,1.1568329964320576
716,479,753,478,127.51785031047244,16.00000000000005,19.018464176298483,17.307269758269765,0.9779113136257855,1.1886540110186514
717,902,493,494,238.60948592461403,18.530885501124157,29.183160547834074,24.636902620763248,0.8787121906216736,1.574838965254181
718,493,749,492,96.88158530816838,11.531549755223933,18.1826121913643,15.710350459171798,0.8751952674806796,1.5767709091423165
719,1011,903,749,127.0975476596384,16.612330099843778,17.956648462574616,17.162147107742374,0.9954176015537665,1.0809229262030786
720,492,750,491,105.6446401394492,11.31372633258452,19.62765435015045,16.782477395263935,0.8225383134702008,1.7348532016035327
721,927,978,990,185.84524861234928,18.109339874252083,23.973239238546917,21.130008167454378,0.9490680231320032,1.3238052521523518
722,774,908,971,166.97107537937652,18.63894154908526,20.977991417143286,19.709456491572638,0.9902644684714369,1.1254926338975948
723,933,779,385,124.23997189476296,15.136092509260951,20.843323427180486,17.518387251210388,0.9173601849242459,1.3770610489086
724,733,779,766,143.97635513744743,17.051820632005075,21.215464709336498,18.556978375779533,0.9556884166297555,1.244175925092512
725,971,491,774,168.44920108056064,18.63894154908526,20.55576866853312,19.773246458674862,0.9932625596209488,1.1028399125776502
726,863,460,951,203.10538457839954,20.784560975882478,22.94378953116658,21.715983144705376,0.9929020705973398,1.1038861757912317
727,951,497,863,219.6029459188466,20.784560975882478,26.41701040223016,22.96690063246793,0.9504876554994596,1.2709919845255975
728,435,429,430,166.44071326256687,15.61359420029208,25.098067853361478,20.72101612993109,0.864510281560784,1.6074497345967895
729,606,607,927,173.85903438644135,15.245420183498275,27.745975227082134,21.935388529984177,0.7910099371994106,1.8199547728513594
730,431,752,430,81.3567480656111,11.242473028416827,16.0,14.125272764641048,0.9218934112886679,1.4231744171907639
731,157,777,156,102.61492231746136,14.415803013380724,17.385179248579796,15.570988497430532,0.970659138278725,1.2059806333676244
732,433,751,432,54.30670633767034,10.855072663121845,11.409168662953126,11.207120651492117,0.9980423067443418,1.051044890902824
733,916,1030,1025,238.21657255202246,21.645279219819944,26.138984734997166,23.684357228400472,0.9747288155909071,1.2076067242903694
734,889,155,156,91.44661611584736,12.378353197708826,20.261366375478044,15.829828757782153,0.8078430509151066,1.6368386046076246
735,1019,916,974,162.15274039893086,17.638434814017188,21.785640331197996,19.583317790362432,0.9691249322067739,1.2351232159151129
736,951,868,496,284.5526425009344,25.109399040198713,26.40901834797527,25.65292830017671,0.998130790585172,1.0517582800646061
737,790,688,689,118.18335760358879,15.28057278884221,19.091994764377148,16.79085585107312,0.958780044537915,1.2494292608139674
738,721,414,891,128.36910359851097,16.948406705607844,17.583355899854244,17.224105110583974,0.9990404588533047,1.0374636510248665
739,389,813,388,123.11906712072889,15.231473488351057,19.078757978361615,17.08733612528768,0.9656248544326036,1.252587807276357
740,26,878,25,99.83305441346374,12.50946273578224,19.61192926187334,16.040463999218517,0.8677094108172235,1.56776751137162
741,483,484,759,117.12561302206414,14.785709357371257,21.18194915983095,17.275791176064264,0.8831627935879824,1.43259607286078
742,891,1018,892,195.86060276093667,19.481388651601414,23.720173354991317,21.486461123746796,0.9733843063066946,1.2175812401874886
743,488,869,953,186.63155034395533,18.838648058135973,23.490319379209478,21.03207695959787,0.9664060331661432,1.2469217168195121
744,161,777,160,95.1091416334882,12.914791288542158,18.71188955308693,15.473101906944626,0.8955989117103887,1.4488727796699188
745,464,969,463,165.97986017313207,16.00000000000003,27.447758453741258,21.429519825266937,0.796514180619115,1.7154849033588255
746,956,349,350,108.5777849464575,14.88590004380885,17.084430134629383,15.913904651454018,0.98693872667489,1.147692116993283
747,969,464,903,246.97479573951648,20.600487458310397,27.447758453741258,24.36517920991363,0.947906819705775,1.332383930685515
748,1013,1025,1029,235.46997931015474,21.5633850117851,26.643881027189494,23.646012089095432,0.964423446379612,1.2356075362299441
749,992,989,964,201.743507016234,20.146197767293344,23.454153806212048,21.71498983511671,0.9842147924591867,1.1641975362859316
750,1028,1027,900,246.6558969795671,22.248483906429232,26.94871884287319,24.14277374833895,0.9704521703186725,1.2112609091123603
751,465,466,750,159.22951631811597,15.98638146043736,22.07848061814843,19.66959864358914,0.9335707283747448,1.3810805573974085
752,917,1013,924,112.75167437705409,15.463550519947614,17.24157872165466,16.192294094880864,0.9909432863188852,1.1149818859138094
753,467,774,750,147.6794914727154,17.928076069205865,19.445358101552163,18.50527431660433,0.9946236130192904,1.084631615042757
754,980,932,812,116.66839707795887,14.040152421560208,18.650758005472255,16.740152316308613,0.9484204297187162,1.3283871460563315
755,774,467,468,91.7793004257951,11.5945883222171,17.928076069205865,15.223517664513693,0.8873311172034103,1.5462451594639874
756,869,972,470,154.82834873641346,16.86665500758184,22.38801410916344,19.35200796767492,0.9416116487277093,1.3273535327010397
757,1028,1009,448,165.02318625567477,16.078705156439003,22.789810199897804,20.101677742204448,0.9239466050257841,1.4173908892639417
758,468,972,908,155.4479258769646,17.2832599080198,22.209345449464134,19.325926826858392,0.9499915446225982,1.2850206250244796
759,805,979,990,235.65163255432824,21.425770481711687,24.795665324245057,23.459150638115265,0.9850613337429865,1.15728231782422
760,874,987,350,231.59777755949966,21.991210829133593,23.799063436418567,23.170558662276544,0.9949419395863947,1.0822079612319464
761,524,1005,1026,186.83053388823384,15.59203607562131,26.641785771557984,22.17416824848574,0.838974153217475,1.708679074518904
762,993,869,471,165.63841386799254,15.290247431424708,23.99965272232687,20.50594001095219,0.8801409856428936,1.569605255242795
763,986,472,473,105.61205584082562,14.782108500110285,16.251169832805967,15.654379529978186,0.9936582109055039,1.0993810411204006
764,1027,419,420,129.43947628631776,16.00000000000005,18.779493144460822,17.401316674325752,0.9830117458128136,1.1737183215287978
765,222,894,966,104.27633293097308,14.600896024798402,17.347430480734637,15.667670275165044,0.9752749508084104,1.1881072539158881
766,424,858,948,189.79135889538264,19.320834606528177,23.02572682955655,21.103167710137892,0.9791421022341064,1.1917563241174145
767,979,929,1022,150.9635783115105,17.035721573116994,20.044122333461416,18.797597470071427,0.9820969308515404,1.1765936797823575
768,954,986,473,138.38840564237617,16.251169832805967,22.919303639269252,18.74205570698703,0.8875223343390223,1.4103171571687372
769,844,77,78,156.9327384049517,15.042331842004176,22.321985116870806,19.80276912919416,0.8982070359818617,1.483944467608336
770,870,954,985,190.81670120474828,19.477071454276217,25.833725093727377,21.693982681650738,0.9195768589843856,1.3263659865074606
771,304,820,819,189.27532772186407,17.256348523856445,24.762985141501666,21.567301674899607,0.919923379989649,1.4350072442769393
772,481,484,485,194.27443208125948,15.240114963762231,27.432919441590297,22.89192606568534,0.8103539940005648,1.800046752063221
773,10,831,13,100.71227271274167,15.124203645636452,15.461552703385472,15.252936682323492,0.9996166123310778,1.0223052443390201
774,948,858,997,191.9051354888151,20.897457920388153,21.302324026807355,21.054241213841483,0.9997143464970623,1.0193739405032707
775,485,486,753,103.78583629270547,12.228715942672956,18.385952047837144,16.118889522693934,0.8961643143144293,1.5035063480114117
776,759,484,481,167.92653100246352,15.865964832073407,26.00274379170349,21.016885927869286,0.8451796861207279,1.638900884183126
777,985,954,1021,173.5748402037347,18.36602935872235,22.698390764173737,20.278523873281568,0.9671354570666014,1.2358899313962968
778,418,419,1006,112.36776548206797,15.608049293296968,16.787452398017646,16.131833897104872,0.9962593631407661,1.0755637737015082
779,753,775,478,164.7465958486398,16.903345098510762,23.4834599801727,20.082645935896576,0.9267146592742789,1.3892788583155453
780,900,446,1009,152.33257784893158,16.813369499428248,21.82538202999112,19.115256176163555,0.9516693916084303,1.2980968526703294
781,801,1031,1005,180.38988059778475,17.028630313202914,23.91931595528976,20.982624845629,0.9284401789425114,1.4046529588903136
782,233,988,232,90.76558886288558,12.980456064224375,23.284606478651845,17.114398530863287,0.6703968364807087,1.793820368363396
783,1028,900,1009,180.1657593377164,16.813369499428248,26.94871884287319,21.732868737525994,0.8500305950197725,1.6028148815613434
784,435,1007,429,159.92636908975342,16.97375342069925,21.451386336139706,19.47755168443859,0.964679097656288,1.263797452717797
785,75,967,74,97.57719407292964,12.474387963028192,18.108563623502874,15.527650528843692,0.914140381961723,1.451659486395112
786,747,1027,420,141.08714059629816,17.424456878516388,18.441217297946565,18.067621022008243,0.997487295828547,1.0583524884889697
787,775,476,754,105.66501458140067,14.268695467451007,18.936451789681232,16.07343040057882,0.9294464861314966,1.3271326613479182
788,987,957,344,133.06966846180688,15.904874501583551,20.6091957391911,17.896627362685518,0.9477967149215629,1.2957785826690533
789,480,485,753,208.5750584390937,18.385952047837144,24.9872288919203,22.467810312321273,0.9384310912030833,1.3590391635367995
790,463,969,462,139.03895673715758,14.794330958052047,20.84080102205952,18.434523159934326,0.9261882969203108,1.4087018251215062
791,967,968,898,91.48829953873327,12.003269144561411,17.47051274271308,15.035766095709983,0.9137174099243411,1.4554795474721847
792,961,760,988,146.70115697985048,17.644955912976005,19.56263025033961,18.461153644876813,0.9921632771331408,1.1086811634339848
793,864,610,611,132.89764296965757,14.876774294744877,19.41409824321821,17.861312309107927,0.9487802742627935,1.304993801652023
794,1010,857,443,141.13146735894455,15.5340669713147,21.379446275572487,18.526246684468997,0.934091927350318,1.3762942000347944
795,430,752,434,107.27117770459162,14.181738851082525,20.464815066691894,16.593299727760243,0.8754317957321684,1.4430399037512787
796,736,7,8,103.54485336688958,15.053208186710913,16.0,15.478837996688613,0.9974064663286687,1.0628963475124806
797,367,360,871,206.35883930918607,17.90361999907159,28.2427632974605,23.084366626233077,0.8653738722241531,1.5774889826149714
798,359,360,368,124.33710891901464,16.000000000000007,25.372763065469783,19.145092132506708,0.7440374580261633,1.5857976915918608
799,516,727,764,95.31085697883763,13.287954697363636,17.53252186169527,15.173445096084981,0.9432723218372112,1.3194296835745358
800,410,755,409,83.45137638920943,12.137545875033402,15.238969066078381,14.07086458937721,0.9641671927362391,1.255523087037267
801,408,409,755,89.26962097425087,12.137545875033402,17.54674885481237,14.872331920914162,0.9119486442687502,1.445658705266404
802,431,751,752,50.63456631765278,10.03615348805735,11.296459970055615,10.858362162176597,0.9889463951169203,1.1255766448269233
803,521,910,778,116.69507436262026,15.793111109082203,17.32918188921249,16.455259728802286,0.9937478859672555,1.097262076453507
804,970,311,312,117.60129236471273,16.000000000000068,17.219268494516285,16.505060336814918,0.9959730109293263,1.0762042809072634
805,779,733,383,194.37602900640786,20.427658014594606,22.006406748585157,21.216509824172086,0.9963079217102722,1.0772848621639646
806,871,360,361,172.34490230939332,16.000000000000007,23.106716582167135,20.655311536825796,0.9097699646464633,1.4441697863854452
807,915,1001,508,204.83381199819638,20.44976672667192,23.02396732000683,21.82571672356806,0.9907039635474055,1.1258792155304866
808,746,560,852,174.55492804949805,17.023812623507414,22.958533293697254,20.51889896517733,0.9430696388248574,1.348612898969227
809,364,362,363,103.81565611474201,13.324421272431696,23.027756681584638,17.45072598467213,0.7462572064439624,1.7282369125651407
810,740,829,783,178.44905321368503,18.16882866215943,21.887317146461516,20.48861263189715,0.9753816873180435,1.2046630827691525
811,602,807,928,91.18256823146011,13.590891930232091,16.45927150723617,14.689598002216167,0.9687022115254548,1.2110516066001193
812,313,905,312,109.20121803274671,14.777314636553962,17.123956533844133,15.967090390132695,0.9856296257105315,1.1588002932200814
813,476,775,475,150.2766820377613,15.999999999999968,23.194807001800037,19.37708626382708,0.9033124955293221,1.4496754376125052
814,180,181,712,56.587960264396315,7.509132358558455,16.0,12.910628720494136,0.7205274423623046,2.1307388438511365
815,349,872,348,154.91452339421562,14.871153073084027,22.487467184297877,19.718704304022868,0.8929349597609564,1.5121535683066138
816,179,180,712,101.19936416289792,13.718358236050754,22.86457968268388,17.26856390721953,0.7437349215298747,1.6667139966207896
817,8,707,768,75.61938514266625,10.688017831116296,15.400777462819605,13.656949738079936,0.9144923834941866,1.4409386011672747
818,756,346,347,115.62624109802626,15.534541568759101,17.751209602853425,16.42858372387086,0.9860352731835373,1.1426928515581158
819,895,724,211,147.94201591054588,17.41473699393698,19.23427840625205,18.534031702532754,0.9927576057142881,1.1044828533987363
820,789,914,1026,332.5454281480885,24.361398991134017,33.12020245819264,28.45103732165103,0.9338110929200119,1.3595361444655236
821,806,583,584,111.14298598229696,15.00131253181558,17.61485187614543,16.137891821644367,0.9810640167065288,1.1742207116068621
822,814,391,817,177.08051570660245,17.893706443087595,22.069511426387354,20.45352895156766,0.9697685554166291,1.233367245438012
823,873,220,221,136.96657666193028,15.31846619864305,20.15389447936587,18.114054517942503,0.9518789821379139,1.3156600809780261
824,345,346,904,139.22266088682204,15.999999999999968,19.807008621954154,18.13291552415357,0.9704141850374162,1.237938038872137
825,815,933,386,187.7126293744903,18.01572110100654,23.156786421734378,21.154839305100108,0.9578523238895269,1.2853655033791906
826,812,380,381,164.30229734793545,15.999999999999943,24.71718519534054,20.4591840879403,0.8798334329455734,1.5448240747087894
827,221,222,966,106.13670052561156,15.05468431996209,16.0,15.673977248578197,0.9969361583662929,1.0627921290109317
828,910,521,522,102.49416892961835,14.153310526388097,16.24348618811217,15.465598904833422,0.9860218400114102,1.147681043090735
829,914,511,512,115.61312316513084,14.87434053125662,20.331791783684313,16.950626532391606,0.9108205291293628,1.3669037454776245
830,927,803,606,226.27453196145305,21.597008754619324,24.43685915546156,22.949546029817668,0.9896290513319627,1.1314927651837352
831,257,823,821,141.7453077898497,15.910175711977928,20.125836789407682,18.34030692407914,0.9640986739270406,1.2649663431596174
832,22,24,846,205.5613109614882,19.488143514351755,23.875379327292695,22.01220560704336,0.9728667389217786,1.225123332538578
833,970,728,331,136.3219398859519,16.406979203789312,18.787558220679653,17.82831954475139,0.9872115566243482,1.145095510107097
834,334,352,333,163.80103072070588,15.913134537861247,24.121304648701674,20.296980233400877,0.8935387800150678,1.515811017075937
835,353,332,333,117.01702623110475,14.993966299560743,20.658982484435032,17.10987896777529,0.9034363924246525,1.3778197223932835
836,738,120,739,117.26574307418309,16.013929388704387,16.946654054711544,16.46969236142195,0.9978542286478436,1.0582445846592197
837,845,165,166,113.33417219792827,15.05856031296913,20.278385845656263,16.820352486521852,0.9059552146183062,1.3466350981900692
838,814,396,813,171.99543567836832,17.351067307944657,22.187967660061155,20.232081949106792,0.9602143734631768,1.2787667332661312
839,423,424,948,136.06071577040268,14.791561269779628,20.431921337960492,18.181439071422762,0.9337406136933551,1.3813228343720945
840,875,336,342,152.34138582265294,16.819573246055995,20.739337244318076,18.960141959120424,0.9715677832945513,1.2330477676763423
841,805,580,581,160.90596962378368,16.0,23.397867502509797,19.971288862669542,0.9105029657449675,1.4623667189068623
842,199,200,822,111.09063100670969,14.832416071692599,17.584075327765277,16.13883046648596,0.9802065745220472,1.1855165903364975
843,335,874,334,146.98361090921503,15.509992593257046,22.163616418135607,19.01629298948645,0.9197474924189518,1.428989490799062
844,341,337,338,163.3333333333342,16.000000000000114,23.86435205676139,20.201229767026533,0.901227959839819,1.4915220035475762
845,941,833,316,94.4262115257097,13.32871360125398,17.988249634823006,15.220917601432474,0.9252801563577533,1.3495863271554316
846,338,339,340,143.59006641570969,15.007430727072908,20.739337244318076,18.7088776480651,0.9291471959721115,1.3819378960653803
847,989,893,964,250.12524967670095,23.322083880406787,25.524245860163052,24.10016118226063,0.9927897668254292,1.0944238941532294
848,44,45,890,113.28691926159904,16.00000000000005,16.528172862326816,16.180512419823625,0.9990662809042266,1.0330108038954229
849,336,337,342,163.33333333333186,15.999999999999886,23.864352056761334,20.201229767026433,0.901227959839814,1.491522003547594
850,989,992,873,212.6998659861169,21.544617931844734,23.1174590868226,22.194363621855246,0.9962880414360805,1.0730039010185033
851,874,957,987,147.32029545870458,17.175811847281896,21.991210829133593,18.886056782644424,0.9410848253401277,1.2803593230216797
852,506,507,791,140.58995340381014,15.999999999999957,21.996768659755475,18.595849088807174,0.922059605969961,1.3747980412347207
853,904,346,756,136.9491504949181,17.103702273133614,18.59173795050659,17.815549942164544,0.9952971032472177,1.087000793957363
854,31,890,45,109.9343164414886,14.370580695351919,18.085745593878073,16.156563562124667,0.9640670174528574,1.2585257323476011
855,987,345,904,176.1935254873461,19.184888422832454,21.81708397240204,20.26966033906288,0.9873353222885307,1.1372015042024919
856,957,875,343,100.7373480747932,14.435825281526,16.58098528050686,15.337330500196364,0.9855279864541593,1.1485997479982035
857,132,880,131,180.3986216012218,15.999999999999968,26.596803874308858,21.742093795587067,0.8470704976555924,1.662300242144307
858,224,202,717,11.948711476367016,3.154881854272361,7.914477354144773,6.230957492253118,0.6333332089300243,2.5086446084904694
859,24,25,878,99.83305441346401,12.50946273578224,20.984411988500504,16.497958241427582,0.8110196665579166,1.6774830727523096
860,717,223,224,55.82575947098303,7.914477354144773,16.0,12.675488381682676,0.7469714267787011,2.0216116976594645
861,880,143,144,185.1204066659717,14.792624879204832,26.213972544333757,22.33187527578316,0.8110108604063595,1.7720974308748152
862,963,415,416,97.9537177163993,14.533377933258265,16.0,15.084486211858563,0.9923138065710285,1.100914052705222
863,717,719,722,52.94435648912545,9.618137098988884,12.543503392789292,11.2489003695198,0.9550790722066955,1.304151028800363
864,471,869,470,163.35562835720853,14.969322285189898,23.99965272232687,20.452329705560068,0.8697242737280579,1.6032557964278218
865,997,438,439,134.7124155707729,16.000000000000007,19.0282740768392,17.772680471968716,0.9797648571970313,1.1892671298024495
866,1011,902,868,206.82162446340521,17.824716945480233,26.61193303647434,22.711276985021353,0.9026315656489712,1.4929792780368532
867,930,645,946,101.82847268285066,14.680700630461715,16.07429681775297,15.366822711898122,0.9945007550119568,1.0949270898147472
868,210,204,205,163.33333333333212,16.0,24.76835162998043,20.426853554034647,0.8770634519307479,1.5480219768737769
869,221,966,873,130.13970132028896,15.967247425772502,20.15389447936587,17.644495893996076,0.955336208732023,1.2622021781184252
870,1013,917,793,133.36163870645365,15.871753043040314,22.536946453896164,18.411776190174724,0.8858966902208876,1.419940594638883
871,927,1022,804,204.3051669125875,18.325676044325256,26.317343059938466,22.45323624887821,0.9164682346624153,1.4360912523108753
872,205,206,209,163.33333333333303,16.0,24.768351629980522,20.426853554034718,0.8770634519307464,1.5480219768737826
873,407,947,406,115.48484642992811,15.551841348377613,17.683915904103173,16.411919084160278,0.9870732604688894,1.1370946698828035
874,204,210,724,167.40311934616568,17.230491536292458,22.16252138080814,19.968407316408037,0.9594520570723339,1.2862384879808788
875,426,859,949,147.60045638203974,17.01048143831912,21.25987085929498,18.752458672910823,0.9603091574929385,1.24981006189533
876,343,875,342,115.69343229618606,15.699117078587658,16.819573246055995,16.36655853505017,0.9965910494866034,1.071370648544086
877,722,223,717,86.25952010186623,12.543503392789292,20.874882837994942,15.843458007229165,0.7543385105738718,1.6641987636400684
878,969,461,462,155.92659948950177,16.00000000000009,23.63165019955951,19.766695899750335,0.8992666941010623,1.476978137472461
879,874,351,334,203.68752337842736,19.395982801023255,24.34877445562336,21.969457891594075,0.9663736617641583,1.255351415053782
880,206,207,208,113.72226824427996,14.854418511826433,20.512209032123625,16.90851515673087,0.8980853095638378,1.3808826657060127
881,171,167,168,163.33333333333212,16.0,22.71388743188259,20.002323866351738,0.9235221125288395,1.4196179644926619
882,844,945,76,285.6855326579157,24.52252841173623,27.864651363361894,25.817431856450856,0.9866574851817265,1.136287861329428
883,169,170,168,100.00159479974896,13.324421272431794,20.18226413713499,16.172628441252908,0.8551361112892606,1.5146822308066814
884,866,867,628,114.29544253943075,13.417815779559827,18.481287317670404,16.68237433146459,0.9305663270122283,1.3773692843379226
885,1000,791,1001,144.3031743338952,15.511823972265375,21.34927824372992,18.712552590947993,0.9361117733843204,1.376322880010869
886,94,982,838,139.83079199609784,16.96000903186193,18.55139843736183,18.0148080878125,0.9933424962491177,1.0938318725249636
887,890,962,41,111.05733729491783,15.43274647647181,16.52322327919483,16.03376750674552,0.996851056344152,1.0706599311007616
888,63,944,62,122.95300524631097,15.889333050456058,19.299875442034274,17.089082420369035,0.9642133884054205,1.2146435209551056
889,139,137,138,143.61947981413454,15.011199914192002,20.749396150823525,18.710416120236307,0.9292029583031822,1.3822609964181793
890,999,913,788,192.18513655645913,18.48352290403898,25.498956928627194,21.703043243755047,0.9258259658051234,1.3795506982630035
891,796,294,1020,166.2908475951309,16.823879017937543,23.417622766932144,20.155295276801215,0.9287705088410418,1.3919276726826424
892,811,931,816,239.89287952132423,20.690785327134346,26.5525052446006,23.898024978976945,0.9601623549954976,1.2833009876033592
893,876,217,218,112.42996575013605,14.137721586210832,20.18226413713499,16.772335241194266,0.9024845293889487,1.4275471485320292
894,140,141,877,146.3012592116093,16.00000000000005,21.661567403955246,18.822943669689916,0.9394479657045767,1.3538479627471987
895,968,743,898,119.19750874941471,15.617208006674165,19.567611114422263,16.939445173650626,0.9479211446961243,1.2529519428863247
896,867,866,623,146.30981469956964,16.1471956517954,23.6371594360245,19.310791661661145,0.8823694457359843,1.4638553929577423
897,142,143,881,181.94028934730244,14.88590004380882,27.926959347586074,22.432167462507113,0.7873551746088239,1.8760679075768179
898,136,139,140,172.83822159589897,14.801990109638309,25.418044580909548,21.35167295226348,0.8354657454777188,1.7172045375411107
899,453,855,452,150.23090338632824,16.0,26.94107942022098,20.670258086331724,0.7735782630236908,1.6838174637638113
900,135,140,877,234.23203402770068,21.661567403955246,29.141490822870626,24.178036315812438,0.906247560512209,1.3453085032780039
901,929,804,1022,145.66327360404333,17.035721573116994,20.040380401678075,18.467259339706775,0.9820191104751224,1.1763740276961643
902,846,24,878,199.34938917583253,20.089320395886737,23.875379327292695,21.64970390389331,0.976783646899462,1.1884612747866348
903,809,983,907,210.79825189755036,18.497459255346314,25.70391834462775,22.644613282513703,0.9325550151568548,1.3895918347379819
904,878,26,18,173.86379494870843,18.830673301710405,22.146025698018356,20.196209420534032,0.9795841113352739,1.1760612774269104
905,17,18,26,131.0504567799062,16.0,22.146025698018356,18.1880077564421,0.8936484162799427,1.3841266061261472
906,26,27,17,106.72163904050653,14.79262487920478,16.41799757130795,15.743488598031957,0.9924583720292598,1.109877233106079
907,22,23,24,119.86279536431945,15.017335717758595,22.673093979485632,17.896809899081425,0.8341126074204125,1.509794706971477
908,16,28,15,81.66666666666606,10.842569496770146,16.019843343583094,14.287470946784415,0.897820107836391,1.4774951037533297
909,28,16,27,81.66666666666578,10.842569496770128,16.019843343583094,14.287470946784389,0.897820107836391,1.4774951037533322
910,15,29,14,81.66666666666606,10.842569496770146,16.019843343583094,14.287470946784415,0.897820107836391,1.4774951037533297
911,29,15,28,81.66666666666606,10.842569496770146,16.019843343583094,14.287470946784415,0.897820107836391,1.4774951037533297
912,30,14,29,41.4337593875436,8.1176344922535,15.581396823805093,11.51386693760958,0.6734782543884056,1.9194504062327657
913,27,16,17,81.66666666666606,10.842569496770128,16.01984334358314,14.287470946784424,0.8978201078363894,1.4774951037533364
914,1025,1002,916,197.63631520876967,17.723703985895824,26.138984734997166,22.178863643791733,0.9059085814472914,1.4748037292767955
915,422,857,901,222.77214906498946,20.513820616870238,25.585956970152786,22.971949740327442,0.967030447841097,1.2472545923069691
916,879,213,214,143.99971825404305,15.166086821211032,20.60561466454951,18.689639668526365,0.935382847478356,1.3586638997563198
917,1021,954,474,201.728691328818,19.620290813900255,22.86999609531837,21.729559224464122,0.9820180333060324,1.165629822322298
918,964,893,879,234.07089740808425,22.569922027074863,23.91659250146317,23.269532802981605,0.9977643686167496,1.0596665984389686
919,1015,809,659,176.45000316647247,15.219114371782602,25.62935176961452,21.47737015363604,0.8461992081963878,1.6840238625930357
920,915,1024,1001,234.0894407964866,22.75920764122491,24.02860636723873,23.270593776156826,0.9977610578187476,1.055775172230271
921,876,992,216,125.16183598829146,15.202906170451786,21.241075718476853,17.668616042510706,0.9064815286288317,1.3971720591001733
922,844,81,945,216.2920537746154,18.297679476033448,25.657972310112765,23.00692252680022,0.9242126584925155,1.4022528017129128
923,145,146,758,120.79387277664404,15.034338314986206,20.216596152277724,17.185477084831,0.9292404909081728,1.344694773306109
924,203,724,719,72.95438368878655,10.520694133857498,15.813576319276123,13.502553455934688,0.8999421911274703,1.5030924878221839
925,909,1023,999,200.99520719695863,18.846828297432346,26.910305432693402,22.408482107234864,0.9040936800769502,1.427842659147036
926,724,210,211,140.0763788229828,14.78339995316328,22.16252138080814,18.72673324674116,0.8988536084598954,1.4991491437033004
927,1036,915,789,266.9504375235952,23.836668616798253,26.0105649423769,24.877567650841854,0.9948528338483151,1.0911996705800848
928,920,1004,795,201.31685273428508,18.204820290466845,26.09541139428079,22.28060584798362,0.9173007227027471,1.433434166221676
929,758,128,129,146.41151208285493,15.501264074167704,21.86184918207265,18.92707795606626,0.9261162708772482,1.4103268660847235
930,128,758,147,108.78529050280301,12.534301158920341,19.41812061195843,16.575993595295955,0.8865413760978815,1.549198504628162
931,873,966,989,158.44003001342,16.81234577684985,23.1174590868226,19.695626942535814,0.9270642367900198,1.3750287671726764
932,724,895,722,158.96708939702387,17.41473699393698,20.259675031781963,19.289505121828615,0.9820129493978741,1.1633638244916051
933,131,880,130,152.1456252162953,14.929636033627064,22.629477512452375,19.522824825667097,0.8960500314664135,1.5157420757935705
934,881,132,133,181.29766431682393,15.999999999999968,27.20958893075813,21.963769250036695,0.8313798592880292,1.7005993081723865
935,758,880,144,259.94621466324116,22.662667718095186,25.98902840381089,24.61997863263913,0.9871079786271113,1.1467771017557544
936,881,880,132,329.5964516623343,26.596803874308858,29.16265669051241,27.6563498318598,0.9936032669502315,1.0964722238179165
937,881,134,877,249.9921155423935,22.602834627663796,25.702800308868245,24.128409652838457,0.9889498075089009,1.1371494209584834
938,877,142,881,242.35597702220122,20.676007307614196,27.926959347586074,24.22752022572787,0.9394889487178099,1.3506940161170105
939,973,1023,910,127.26024395113924,15.627839753581346,18.166826563987904,17.252674629138326,0.9829863127658666,1.1624656286755635
940,147,758,146,119.85819773657022,16.0,17.775559015009097,16.69368526741272,0.991122680352997,1.1109724384380686
941,177,178,712,38.89247218841713,6.813990029398821,12.559589030989152,10.299138431725217,0.7996347500515626,1.84320625313525
942,129,880,758,254.69128486574704,21.86184918207265,26.31982898646138,24.463305981515116,0.9769804853340476,1.203915952729397
943,181,177,712,8.7526127814976,2.580387130234778,7.509132358558455,5.6345031727306845,0.5539106359427198,2.9100797591852943
944,888,887,38,275.66860398797786,24.13726009134125,26.38989051236989,25.281737828718764,0.9947137287392179,1.0933258544053526
945,991,993,986,113.37124852655431,14.795268255725748,17.129991866668174,16.277708807241794,0.9840224549037727,1.1578020466130374
946,776,997,439,175.6073297004355,19.0282740768392,21.089158325839332,20.192301273467212,0.9928395726316976,1.1083064202606054
947,289,925,1014,112.1482993528832,15.575805927260422,17.299310428080485,16.157127992071235,0.9896458214156914,1.1106526692017666
948,853,931,544,148.56681709883338,15.2043469332907,21.929589059092656,19.123599597931598,0.9176999277632452,1.4423236430547826
949,902,1011,749,136.64228935836238,16.917462760808732,18.681302281217256,17.80782732916874,0.9934657303479767,1.104261469071749
950,954,991,986,135.46980046402834,16.907866299331456,19.47478411561882,17.812781354612053,0.9817188207138122,1.1518179627661749
951,437,949,859,204.8396620694375,17.01048143831912,27.08173484092908,22.872111662493534,0.8737610735180823,1.5920616320666081
952,977,277,1004,127.13614901574293,16.196537428183465,19.192228613869,17.30439006718485,0.9746600920531787,1.1849587418896557
953,743,968,899,151.85192790418628,16.558140130228736,20.767807696869152,18.964519647173386,0.9666433409727254,1.2542355321027387
954,1035,1024,1036,294.6813127711119,24.602034046470948,26.999716644987576,26.153904470758842,0.9931457235140784,1.0974587139416045
955,983,946,847,129.30054351238581,15.316861516261202,19.80563286878618,17.573372505482055,0.9565154828529433,1.2930607780033434
956,893,989,965,178.00129388018541,18.23765930703811,25.524245860163052,21.121402406800026,0.9012529756313861,1.3995351832410297
957,887,888,1008,204.29754171130725,19.22173114041646,25.318062882445155,22.16296843922773,0.9485151764107177,1.31715830886898
958,763,1018,1028,252.420630855881,21.833534669682564,25.85340903007692,24.328880191493056,0.9796349417952223,1.1841146851030147
959,287,288,918,111.2373357262858,14.803133619317792,22.31330710947719,17.413342682242217,0.8148914211785591,1.5073367358083407
960,369,370,713,38.89247218841586,6.813990029398763,12.559589030989104,10.299138431725066,0.7996347500515604,1.8432062531352584
961,369,713,373,8.75261278149695,2.5803871302346173,7.509132358558417,5.634503172730599,0.5539106359426897,2.910079759185461
962,1027,1028,1006,172.24357453468932,16.477836072770632,23.23111849571442,20.519156582027207,0.9261012613847127,1.4098403693979868
963,354,355,714,38.892472188416804,6.813990029398836,12.559589030989152,10.29913843172517,0.7996347500515643,1.8432062531352458
964,354,714,358,8.752612781497053,2.5803871302346173,7.509132358558455,5.634503172730636,0.5539106359426883,2.9100797591854755
965,1030,916,1019,195.93608867451888,19.310694094101915,23.268807730384303,21.45504738522807,0.9773431001439407,1.204970034582616
966,870,487,984,139.82672533332533,15.252757696590676,21.7243665045863,18.55393362552563,0.9193670556954896,1.4242910650473501
967,989,966,894,132.13839346113434,14.600896024798402,19.922934002583006,17.8936353304388,0.9369346142789321,1.3645007791813302
968,975,1003,794,167.49297535570207,18.122141944117338,21.117702592821548,19.78215813856163,0.9845410884296348,1.1652983768663507
969,245,760,242,189.51273605934645,18.39509543182854,26.772864202081543,21.937883230989257,0.8863059342258719,1.4554349174920382
970,984,953,991,113.520201683035,15.106790219214885,17.7508632643696,16.3058428997342,0.9816072028575872,1.1750254691292146
971,1031,1026,1005,197.05196899242057,17.028630313202914,25.07827965805867,22.1318642898465,0.9048150132541082,1.4727126725286044
972,1032,798,1029,271.64758234336205,23.231803922983527,27.155307231438407,25.20076921406238,0.9838447599787183,1.1688850044302115
973,246,247,882,130.53461315268507,14.911983230331218,20.13481378986299,17.748362118179816,0.943078313081658,1.3502438595094748
974,245,246,760,126.8602529286039,12.73201506389305,21.234784081260614,18.204163068070454,0.8457071100238018,1.667825868466078
975,961,988,233,203.99340116332849,18.17587477131483,25.44600419259124,22.30216181418597,0.9297866499625306,1.39998786923588
976,958,882,231,103.54850942867427,13.97124210269663,19.535947869490478,16.12752245946054,0.8988622986441417,1.398297139645142
977,883,240,961,175.73034057254083,19.530313608056893,21.07278112288801,20.177806030944495,0.9957328254502565,1.0789781232286408
978,1026,914,999,363.65439169710373,26.879215843848062,33.76449331604701,29.50507322517383,0.9545787323495922,1.2561561881938161
979,250,248,249,107.35690295812323,13.665445741586781,22.919790476436724,17.528412072674517,0.7683299771910179,1.6772076747329987
980,245,243,244,120.12780071493168,15.016880453676421,22.063167702693494,17.693349385456628,0.8595253062855238,1.4692244351783468
981,883,233,234,142.02856352329042,14.78767682300703,25.32687004181592,19.800110969748783,0.7986599208743941,1.7127010784014263
982,1018,963,856,143.12534361996708,16.635143047080263,21.555474251948286,18.593889790059265,0.9436529809641753,1.29577931436734
983,376,761,375,102.99937214882947,15.013278558524872,16.0,15.439859707689257,0.9970925787687058,1.0657232487646642
984,35,1008,34,157.0314726168042,14.607614344746628,23.10256188089521,20.024416778556606,0.8722982591743688,1.5815424295619935
985,375,761,378,101.90990086520657,14.185205736434108,16.906744266520178,15.46608352249906,0.9788055882181769,1.1918575296441356
986,374,375,378,90.5096679918779,13.542531207319026,16.0,14.575912314584377,0.97884731256891,1.1814630333916336
987,958,231,232,92.74860594199386,14.17560008955383,14.888479280112099,14.64648559195348,0.9979653167442663,1.0502891719613054
988,252,253,229,163.33333333333303,16.0,24.151609083553982,20.267330391380387,0.8940286844333477,1.5094755677221239
989,252,229,884,153.12154227443875,17.14772325477265,20.650382090587183,18.96695761881747,0.977389633491204,1.2042637838139623
990,882,960,231,147.4134741274131,17.355271696727105,19.535947869490478,18.515297892605673,0.9907406298451938,1.1256492096965909
991,252,884,251,113.03793615108589,14.475390932460103,19.102767511092587,16.526052814517563,0.9430396498230186,1.319671959135549
992,959,250,251,113.95904614464592,14.885900043808865,17.22606533966271,16.314670592604596,0.9848889478592968,1.1572068392886417
993,885,228,253,159.33999371798913,17.999338956002305,20.65038209058731,19.2759236385042,0.9872365706112867,1.1472855831575388
994,885,226,227,119.67627997658124,15.29230785709015,19.68984910224496,16.99589030644434,0.9446524493920907,1.2875655712826843
995,254,225,226,125.6978911149677,14.791819707752545,22.395382300985222,18.061354595816663,0.8628837026536667,1.5140383498081424
996,238,886,237,97.18078512472448,11.463110746192351,20.410114377697745,16.27630786303103,0.8058782618170249,1.7805039861869327
997,239,886,238,110.57313135288292,15.139818424123469,16.955698465202993,16.031838963108836,0.9914111527620696,1.1199406749942349
998,236,886,235,120.41508383472252,15.075684520111222,21.35836729795796,17.47801727268969,0.8880246318692779,1.4167427866685278
999,235,886,883,177.19029912551383,18.081766783872915,21.820365232723564,20.420166438184815,0.974867685853235,1.2067606829319961
1000,887,36,37,121.55738504172832,14.91198323033108,18.537784019210676,16.950972848618502,0.9692570986116743,1.243146785566704
1001,888,39,40,183.42603997123547,15.195641383933463,25.735366609923286,21.958847679236815,0.8385456680345592,1.6936018664624188
1002,962,40,41,123.08020359816219,15.43274647647181,23.086278482072604,18.173008319514846,0.8301884369518603,1.4959280590314294
1003,33,888,32,210.0638595526319,15.999999999999886,28.312233383638414,23.707397161301184,0.8192979179568064,1.7695145864774136
1004,32,888,962,231.62137616040837,21.519078722201456,28.312233383638414,23.861568303966347,0.9233867059053615,1.3156805525521122
1005,33,1008,888,209.2219143292095,19.314506359722003,26.80995810026524,22.691191918269606,0.9211638669510717,1.3880736893267989
1006,962,31,32,152.6536169827532,16.0,21.519078722201456,19.17919067530953,0.9444588857137628,1.344942420137591
1007,37,38,887,148.24105985827387,16.000000000000114,24.13726009134125,19.558348036850678,0.8687150064159952,1.5085787557088175
1008,777,889,156,138.87209337588112,14.415803013380724,20.91768384147197,18.53161774344358,0.9112086041410833,1.4510245334273928
1009,160,762,159,75.83328557665718,12.254954993069084,15.999999999999968,13.603390247715033,0.9318414920432506,1.3055943501260456
1010,777,158,762,102.4876063817433,13.993976223860018,20.36940168421025,16.33721763329788,0.8603432984344841,1.4555835566934863
1011,162,718,889,125.1619524211583,15.589709507297533,21.52362592448289,17.739807614234763,0.897936270592044,1.380630339161079
1012,153,154,718,55.63186609289459,11.165729559437738,11.456714049833005,11.336762314920852,0.9995230581507426,1.0260604995711466
1013,718,155,889,88.93591987933505,12.378353197708826,16.106087410923866,14.577819422979735,0.9550561224412449,1.3011494464308084
1014,718,163,153,29.296209413575532,5.160774260469556,12.131933679244046,9.560183758401806,0.6687638797181663,2.350797199593112
1015,42,890,41,122.97692753611503,15.92119825204141,18.43427179801497,16.959564443083735,0.9834765121257985,1.1578444980201998
1016,890,42,44,143.32909228202007,16.528172862326816,20.162068035911233,18.374837565417675,0.9740083630098347,1.2198606708589834
1017,43,44,42,99.33066748567974,13.24773674481206,20.162068035911233,16.135809628315716,0.8528302504489036,1.5219254748405904
1018,31,962,890,138.310837973981,16.14533276456992,20.018493303727137,18.083190554058376,0.9693876999002707,1.239893509513577
1019,152,148,715,8.752612781497639,2.5803871302348584,7.5091323585583485,5.634503172730618,0.5539106359427405,2.910079759185162
1020,715,148,149,38.892472188416214,6.813990029398645,12.559589030989104,10.299138431725149,0.799634750051551,1.8432062531352904
1021,993,471,472,121.01776363743198,15.290247431424708,20.458064837258984,17.24943742289457,0.9230578339566541,1.3379812804868882
