element_id,node_0,node_1,node_2,area_um2,edge_min_um,edge_max_um,edge_mean_um,quality_equilateral_normalized,aspect_edge_ratio
0,939,1029,1031,263.16477417900205,21.842772762185465,28.794755145755317,25.16290010569736,0.9477258297150165,1.3182738043040592
1,883,679,680,150.0838726883982,16.88569055724484,20.162068035911197,18.76409402083088,0.9791187269280927,1.1940327798593124
2,1022,1111,1112,185.11651096947816,17.469142501805383,24.123382082232926,21.201500440707523,0.9350331735356211,1.3809139217760602
3,620,621,622,69.67299023820715,10.340508455923171,15.297892002747346,13.155343542413389,0.907082828117831,1.4794139058011722
4,182,822,1052,141.0025875896872,17.57762658448928,18.617542910141996,18.060601425240407,0.9977425214529662,1.059161361783072
5,1017,923,1105,232.38216640298785,22.10645558052415,25.070359541839554,23.278352384380412,0.987352396780181,1.134074137326954
6,415,1030,1029,247.87851565486287,20.631513434782672,27.01525210769275,24.354740088581604,0.9532744636228556,1.3094168875729557
7,620,622,623,81.66666666666667,10.340508455923171,17.6121758901615,14.650894782028223,0.8405746208751762,1.7032214581356517
8,304,1042,717,95.04760702701135,12.545277096093507,20.391588682452337,16.043173118730845,0.8190232986530016,1.625439480232932
9,1093,1005,904,154.11212446972135,16.954786701432834,21.970395375471696,19.227185996390276,0.9516521475981241,1.295822575793006
10,856,674,806,91.89301329713733,12.298363903313925,16.918604279810047,14.928571561716245,0.936427527550828,1.375679270252456
11,954,956,1041,215.26637249878138,19.27433295907268,26.435877665966338,22.876679011743203,0.934657827637096,1.3715586278446343
12,676,806,675,65.52613248706604,11.62019203091521,12.90149800568678,12.335440625589925,0.9926418923430959,1.110265473355577
13,938,1029,1030,271.2083506811193,21.104703355557263,28.7041279042785,25.608027789176173,0.9398883635180941,1.3600820357761707
14,674,675,806,77.81973447011151,12.298363903313925,16.0,13.733287303000234,0.9397811299046326,1.300986060079799
15,507,508,1064,122.6258401946793,15.66765886125208,19.941929284092474,17.203196048448202,0.9448601451534786,1.2728084942806073
16,167,901,1006,168.1500112240341,17.28055775764577,25.483357723416297,20.747576526056378,0.8776098886983726,1.474683750421262
17,1056,635,636,103.19247361484688,14.05826215976433,17.81053420266252,15.692615042089107,0.9581505462809788,1.2669086690983355
18,883,856,678,143.00136600038866,16.799025423708255,19.95634517585475,18.313009044093505,0.9798579377259153,1.1879466024076974
19,1111,803,977,137.77483805243935,16.113321842513592,19.57424301257981,18.004573564372482,0.9753677691235633,1.2147863242534436
20,856,806,677,93.8395949673844,12.563217323420961,17.031396301980802,15.05445337580884,0.9418374241822565,1.3556556305230862
21,628,807,627,62.75669993856567,11.093324868750049,14.795825902230643,12.436791784984981,0.9203435372811876,1.333759362254914
22,883,673,856,136.6597328670188,17.278075389188555,18.183656532717507,17.776979459957413,0.9982293980517166,1.0524121537341828
23,1111,978,803,155.4092228697349,17.01696863245638,20.813406685483848,19.134872776840012,0.9735792213643962,1.2230971999199987
24,215,216,912,135.04973142776015,14.877583488077024,23.790591798437333,18.943262256072636,0.8375131343133457,1.5990897861539977
25,1053,1113,924,162.2072018701059,15.724480008134842,22.112944537761575,19.96061220360247,0.9194948315623692,1.406275089943944
26,884,595,596,144.47009699769137,14.795825902230638,22.505171391259157,19.05345784284944,0.8938413384402768,1.521048675482607
27,620,623,619,81.66666666666683,10.340508455923176,17.6121758901615,14.650894782028233,0.8405746208751768,1.7032214581356508
28,390,941,1032,143.14260360530994,16.95816000887813,20.625886985353823,18.407235560962807,0.9683892172048135,1.2162809511500965
29,568,569,567,62.4360996425346,8.305781933365365,16.00000000000003,13.20148828754015,0.7737788074209238,1.92636889920334
30,985,924,1018,233.48610109005216,21.337554874703738,27.146489828439123,23.665326475960118,0.9521067057278062,1.2722399538206712
31,174,1006,901,201.25821703773838,17.28055775764577,25.175311701129047,22.33257774831823,0.9085438959643696,1.4568575884068469
32,1080,1072,387,182.56227073065713,17.044499998012476,27.321705622664783,21.92940628776661,0.8455339516927848,1.6029631626536835
33,315,1042,956,230.41597469089817,19.440077836232692,27.706301776543846,23.797860647239702,0.9209026357569924,1.4252155783504348
34,991,1056,1014,133.10539998923883,15.864918988966089,18.87729044883478,17.669396002042273,0.9792793987678097,1.1898762585528342
35,1007,903,176,207.6990338479568,19.084283484129312,24.05840403421961,22.211436871791065,0.9626109255345068,1.2606396281121492
36,644,1057,643,147.70635706420234,16.000000000000057,22.531311727280556,19.083586747572614,0.9185531711373732,1.4082069829550297
37,998,597,763,107.06580533891254,14.844797279685375,17.3334381773893,15.84099769494321,0.9808218408196275,1.1676439799625657
38,992,527,1086,135.06266128549896,15.556971206333804,19.40744536171464,17.88143063759809,0.9670687612174019,1.247507956678172
39,984,1055,826,154.81499485577552,18.279697077676428,19.311021957558708,18.924830440603614,0.9976836459108954,1.056419144994572
40,998,594,884,186.55686910089014,17.129581586612144,24.097829118746347,21.35080597407001,0.9264537802286388,1.406796131995444
41,1114,829,985,124.82524717007371,15.315692122743098,19.740899807056174,17.29477535354526,0.9530203483735551,1.2889329224463741
42,998,884,596,171.04496460014389,17.129581586612144,22.505171391259157,20.238875166669164,0.9523314611685577,1.3138190957827236
43,591,763,598,50.24311737352558,8.287247362018777,12.85783878677376,11.305409491395658,0.8765815358673765,1.5515210570040938
44,886,859,887,326.098320715163,24.337149266885184,31.45144019807418,27.906598976736802,0.9566543851551943,1.292322278717713
45,1095,1062,907,266.76172512760513,23.103081307716693,27.010679909184713,24.977551070340983,0.9834368967654978,1.1691375513690825
46,539,540,925,153.46806267747803,15.034338314986206,21.961270077446308,19.51967511139507,0.9062040157442945,1.4607407135141655
47,157,1005,902,158.93556626931237,17.528110282027388,25.376091008776097,20.3468319592762,0.8601928692273424,1.4477368410213456
48,801,795,1045,133.89472195543746,16.3058811644979,21.131007862946394,18.044377308907837,0.9359179494814832,1.2959132750797937
49,990,853,1076,187.5596057783401,19.01968912472337,26.435500651842013,21.74290394087967,0.895199886090092,1.389901826390998
50,137,138,1096,116.5907661756414,16.000000000000018,16.631371447501124,16.416796634633016,0.9987267864618445,1.0394607154688191
51,925,501,502,175.18444431734466,15.999999999999968,29.266160906885453,22.47635481979027,0.7568195829043122,1.8291350566803444
52,557,558,1092,121.93791494389195,16.000000000000007,17.389764249883864,16.811504659065065,0.9951506598146015,1.086860265617741
53,626,629,630,163.33333333333337,16.0,25.06506546348641,20.511284735491717,0.868309932115165,1.5665665914679006
54,628,808,807,51.95020665066325,10.036340932509868,11.990729669952739,11.040131823737553,0.9791983717558105,1.1947312023959036
55,597,998,596,135.81104093024783,16.0,21.081872522136187,18.13843689984183,0.940086592712022,1.3176170326335117
56,507,1018,506,142.69719373388398,15.999999999999988,21.339509169289453,18.561477962359508,0.9434343558314973,1.333719323080592
57,845,878,26,87.57524588818634,12.472828927540782,17.850018077443714,14.81347171633641,0.9008742357093209,1.4311122345332392
58,208,1089,207,97.32047217273526,13.673766563348849,16.00000000000009,15.089277833564518,0.9826701724403423,1.1701238225674024
59,1060,1008,160,210.47233434482052,20.61738670786653,23.76437914458861,22.160221398856777,0.9864776261038867,1.1526377945620698
60,641,642,828,80.62475789673991,11.482867013236193,15.999999999999988,14.011442731640017,0.931593623659918,1.39338024045362
61,250,945,249,126.83255435183875,15.999999999999888,18.137579691464573,17.181914802071912,0.9895336535832805,1.1335987307165438
62,1051,376,377,112.70047959100731,15.884223602785147,16.53741465121754,16.14054608466755,0.9987428718492717,1.041122000342394
63,851,850,871,88.48273300178401,12.042416744859622,16.366145172224574,14.626558116481498,0.9398989270043121,1.3590415876622572
64,580,575,885,173.08100062340222,18.667737896947642,23.11832605360194,20.318722174688578,0.9589791131087687,1.238410683780921
65,885,575,576,115.27320003194876,14.98976502435717,18.667737896947642,16.552500973768264,0.9631667078737421,1.2453656122436916
66,376,977,375,107.09110490493913,14.829415731201763,16.483992847006622,15.771136192736128,0.992396473031161,1.1115739922459356
67,516,517,831,74.53833097077074,10.319729728200276,15.999999999999927,13.723218229697125,0.8857659777132194,1.5504282012616497
68,809,810,872,67.19307322896918,11.462378495620307,15.452057860698993,12.907160877955123,0.913589346497054,1.3480673201118873
69,816,446,447,90.76305823542361,13.147003463901836,16.0,14.617776266667107,0.9747414447440668,1.2170073617103496
70,975,754,778,94.9323031974903,13.880784378654049,15.873638535535196,14.873914486396691,0.9880191136798321,1.143569275519168
71,558,559,788,126.96019259024982,15.034338314986206,21.68676256929301,17.890311033886274,0.8942322476217678,1.4424820111754222
72,802,796,20,50.523690939282886,8.733785370217248,12.9917134077314,11.211619130207756,0.9047340747950359,1.4875237777234545
73,129,779,758,47.57896923145552,8.60093400351343,13.203927526501163,10.98534026798563,0.8845317045862067,1.535173682428843
74,103,844,111,125.45461420487565,13.094420657687316,20.746547866216794,17.893405701363047,0.873122550890709,1.5843807380693211
75,624,625,630,74.05767991472321,11.413720463568055,19.411892031458127,14.716677922485959,0.7494312007137518,1.700750609183025
76,566,567,570,81.66666666666667,10.37391073712763,17.451187825510193,14.60836618754594,0.8468055356573603,1.6822188148441835
77,570,571,566,110.38528576887616,14.782741998727097,17.451187825510193,16.079526885970065,0.9814551341448801,1.1805108840438985
78,1022,931,422,252.2273146995382,23.12137823965132,26.558237038802634,24.30336675310025,0.9819557545292732,1.1486442012032558
79,569,570,567,74.36566804614534,10.37391073712763,15.298682929255056,13.622745016772043,0.899830144943357,1.4747266789661058
80,571,811,566,112.41347019647735,14.503028823151956,18.73668155828825,16.41478707170437,0.9526309520113583,1.2919150742069745
81,564,565,574,90.50966799187793,11.398801314822977,20.746547866217,16.048449727013324,0.7681360929750115,1.820063995609629
82,565,811,574,125.45461420487544,13.094420657687255,20.746547866217,17.893405701363076,0.8731225508907037,1.5843807380693442
83,511,512,927,117.28320055411257,14.68321622419769,21.104817437473216,17.26267788722361,0.8860990710558779,1.437342957784197
84,947,257,948,185.36339552602973,17.36480285522006,23.411010328893234,21.163722560653866,0.9404189440640274,1.348187510338225
85,571,572,811,97.77106171554806,14.503028823151956,16.000000000000018,15.071866596038594,0.9920623565124799,1.1032178309166956
86,587,893,586,147.241326132638,16.926954486238046,20.28882047682404,18.59448729606581,0.9781390173515452,1.198610210319834
87,887,859,554,310.53009286038696,25.04006631809062,31.45144019807418,27.313601649890675,0.9503286548173695,1.2560446046163845
88,198,1062,1010,200.29857986812408,20.786336570488142,22.933261311705124,21.575057064451045,0.9917590253201574,1.1032853833544254
89,563,561,562,80.13278905108102,12.244020760021378,16.595029484965966,14.028928996599824,0.9240407829596261,1.3553578363041743
90,22,21,1061,112.53997076963768,14.946739859064277,17.119668839635537,16.196900622028124,0.9875363315496808,1.1453781226582005
91,516,831,832,92.97333828709591,12.952234961175503,17.02721922905409,14.943126383706923,0.9497665446304515,1.3146163021357633
92,673,674,856,123.34171143769467,16.0,17.869206457966175,16.92927024592541,0.9918620100538161,1.116825403622886
93,816,447,764,98.99746000399539,13.147003463901836,16.83174089718517,15.352286400677164,0.9597254945748485,1.2802720363922198
94,548,542,543,142.09551565492606,15.264981404775886,23.390453022510055,19.101789630371698,0.8727904494801206,1.5322948913119534
95,130,847,773,114.17890334888527,13.853561690771473,18.660771404929854,16.59028553326468,0.9440545864810309,1.347001718508295
96,859,553,554,173.04175634505907,14.783707310554947,25.44929843350722,21.37669818635172,0.8341140239708,1.721442253888339
97,605,606,1000,149.28221109019734,14.847708722113142,22.921008832653694,19.413929798913024,0.8877946636886723,1.5437404694312693
98,82,966,87,175.18959383686354,18.22914596939473,23.429123247878827,20.492384431095058,0.9526970291619238,1.285256220297673
99,85,86,966,113.4878679846392,14.870354337225454,18.2874274795616,16.38592727226235,0.9688371678210345,1.22979096965982
100,1101,1102,997,134.7976406630077,14.487277883954452,20.52652291977018,18.17106651185789,0.9233370129092114,1.416865410064686
101,979,164,1007,157.64776467648804,16.40630493582009,21.19750145495843,19.406507362158706,0.9551442911670055,1.2920338575859127
102,965,966,83,129.18138260286105,16.30441902922226,18.58623612460298,17.350992145090107,0.9880411531016644,1.1399508373337952
103,864,519,1105,118.47151345880738,15.304193260586779,19.382429256710747,16.863907511082633,0.9512389776860555,1.2664783387587464
104,546,544,545,144.22523528638698,15.073860554659575,20.92544474471385,18.747819285652557,0.9295767169044681,1.3881941304177354
105,544,547,543,163.3333333333327,15.999999999999943,23.390453022510016,20.105299255741265,0.9118597084382296,1.461903313906881
106,847,776,870,84.3197192572331,12.862674063520153,14.721216178850232,14.024318759100112,0.9866381835074213,1.1444911148453254
107,199,200,907,140.01088980839606,15.427250477424783,22.354378913576216,18.695996780196865,0.9041635710672316,1.4490189905380828
108,262,871,850,124.26201593660156,16.366145172224574,17.36940883461292,16.95615849739904,0.9974839421216088,1.0613011586925802
109,713,458,459,38.89247218841679,6.813990029398767,12.559589030989134,10.299138431725188,0.7996347500515596,1.8432062531352618
110,458,713,462,8.752612781497337,2.5803871302347177,7.509132358558353,5.634503172730613,0.5539106359427162,2.9100797591853227
111,809,872,666,104.68814416627016,14.776980442389446,16.58116074318032,15.603399682089586,0.9907666108131242,1.1220939763590252
112,999,614,615,110.23471764338728,14.885900043808839,17.402181017744383,16.05846240726353,0.9831316329072947,1.1690378792367402
113,515,830,986,237.84334202490606,22.757105650311264,24.97050912594756,23.508037181297727,0.9920140279001309,1.0972620819909067
114,588,589,890,114.20252585278016,15.297892002747357,17.705142102038806,16.337999144370656,0.9842878419109079,1.1573582882438398
115,1048,993,204,99.4070365699454,13.023858804761412,18.009378995709245,15.562561376358062,0.9319258664390063,1.3827990049404688
116,463,464,471,117.56613138995445,14.876774294744889,20.853722538951008,17.195661670639325,0.8974219667916974,1.4017637241641443
117,655,888,654,114.61260293312625,14.98976502435712,24.099493720482922,18.26926862268129,0.7544139159609733,1.607729919803496
118,466,469,465,163.33333333333405,16.000000000000057,23.557844176212477,20.13718890505452,0.908300951309042,1.4723652610132745
119,786,854,798,135.32253650570496,15.743035382935533,20.619383881696486,18.032553694010343,0.9493702796366412,1.3097463977020982
120,466,467,468,163.3333333333328,15.999999999999943,23.557844176212438,20.137188905054458,0.9083009513090399,1.4723652610132827
121,470,464,465,163.33333333333337,16.0,23.557844176212466,20.137188905054487,0.9083009513090406,1.4723652610132791
122,28,787,29,96.56376746257192,14.18136947154882,15.999999999999988,14.992205051583186,0.9896493783873285,1.1282408255493075
123,551,859,550,164.36627647940006,14.782076517954867,24.974145657243966,20.751958548775516,0.8444963900855181,1.6894883223550783
124,798,787,786,98.83094764037202,13.292298399290361,16.94473212444257,15.326688635556154,0.9621564974478644,1.2747781922611068
125,886,887,556,225.87962410211372,19.818200678675833,25.439226176533698,23.198192040698242,0.9587846469275625,1.2836294570326976
126,779,848,1087,197.62204612217064,19.811243713776456,25.36196265102267,21.8503999392605,0.943616309753849,1.2801802359024195
127,593,763,592,83.41758135292756,10.672474851730717,17.236711654363287,14.636395502031327,0.866459974192301,1.6150622881597205
128,26,878,868,116.36998090113906,13.923818281028892,18.387194661817084,16.7203436734299,0.947859506263025,1.32055692560061
129,858,666,872,114.9468472192444,14.547885932312552,18.451959468323626,16.527002047938833,0.9629096895066951,1.268360197088133
130,872,810,857,66.44083133753679,11.462378495620307,13.386940567676133,12.461452177884894,0.9841618366086766,1.167902505818595
131,764,443,817,90.2908704882741,13.44883674538135,17.76065768019359,14.920021182537623,0.9200261991324827,1.3206092107775063
132,1000,891,605,158.56540008987676,16.40170476664385,21.61919429142749,19.497990300014525,0.9506912478919242,1.3181065382541484
133,439,440,438,163.33333333333272,15.999999999999943,24.432074970254746,20.33705280576022,0.8865437143016083,1.527004685640927
134,854,786,206,215.93126367476412,20.619383881696486,23.54759072281576,22.438418192288097,0.9871492413072789,1.142012334506202
135,401,834,406,181.76778751402634,16.248731924917166,25.499652449942097,21.49296161272741,0.8800744012566251,1.5693318449570084
136,441,437,438,117.06671500509074,15.073860554659522,20.579083447025987,17.088306009561673,0.9067680201702559,1.3652165198426711
137,403,834,402,190.18656405749417,18.873591719559247,26.53941899402913,21.876874781489885,0.8967852519282203,1.4061668488105297
138,177,820,860,74.81107747661966,12.01293578112124,14.62999230082353,13.277259961441429,0.9737235675197855,1.2178532015308938
139,1011,1104,915,220.00436107556354,18.431596162238243,26.811779480462597,23.30481548508165,0.9142171442524836,1.4546640043792445
140,849,38,39,148.0794812281856,16.0,21.40176231740226,18.88122295943592,0.9461750527413589,1.3376101448376412
141,557,1092,886,134.8631746655264,16.73636401132623,19.07490474313181,17.73367766811397,0.987317440392673,1.1397281231588288
142,578,579,577,161.78876895962395,16.00000000000003,28.15782823711107,21.566015114237164,0.7621247302102131,1.7598642648194387
143,660,872,857,113.20473580727598,13.386940567676133,19.66732378206298,16.765111008519938,0.908530361047129,1.469142533548804
144,858,812,665,114.86818992836628,14.76472178868198,17.763066377869844,16.42532259926428,0.9776482395540792,1.203074912761734
145,661,662,812,111.46718209442972,16.0,16.11997212950218,16.044658378578657,0.9999553248697141,1.0074982580938863
146,663,812,662,78.21339326842582,12.300690013440972,16.11997212950218,13.787011182594888,0.9365113456457115,1.3104933228857794
147,1113,1053,535,113.69929599570088,15.017558356593481,18.58632692392,16.44278842954944,0.9627173832614802,1.237639733609535
148,661,858,660,129.61612072539882,16.0,18.683504087745142,17.40486460156652,0.9842115200809068,1.1677190054840714
149,653,888,658,173.08100062340256,18.66773789694761,23.11832605360199,20.318722174688602,0.958979113108768,1.2384106837809257
150,574,811,573,103.04815205707187,12.913200221592174,19.839248580184968,16.250816267259058,0.8745532917711962,1.5363541368321496
151,566,811,565,102.99937214882978,13.094420657687255,18.73668155828825,15.943700738658501,0.9166034087634481,1.4308904569434793
152,985,533,534,148.65362694133321,15.999999999999968,21.116276595854167,18.87773725103278,0.9511405882134094,1.319767287240888
153,1090,912,1047,158.99911285845857,18.646293560492705,19.50925507153845,19.173234930910926,0.9984702929909326,1.0462805923464686
154,661,812,858,110.59367149263392,14.76472178868198,17.531089716954412,16.103271503956723,0.9800853327422745,1.1873633630125706
155,577,885,576,114.61260293312642,14.98976502435717,24.099493720482908,18.26926862268129,0.7544139159609748,1.6077299198034896
156,854,207,1089,123.466832451116,15.594066937344612,18.478490311501012,17.010421935305054,0.980711431659846,1.1849692825961131
157,888,653,654,115.2732000319482,14.98976502435712,18.66773789694761,16.55250097376823,0.9631667078737416,1.2453656122436938
158,881,203,868,143.46724712652983,16.69018507887385,22.731257743214776,18.903072457404676,0.9084492791169295,1.3619536054149342
159,663,664,812,82.30214414027652,12.940371404841512,14.801990109638384,13.85000979698829,0.9878763195783761,1.1438613040194785
160,1018,1064,1114,118.1276428318975,14.88798751041862,17.855452068829813,16.656610067266826,0.9775380358067405,1.1993193879518342
161,845,770,869,72.856118786866,11.632381697017202,15.392070067213536,13.278671397105079,0.9410806018454326,1.323208820697519
162,150,151,1009,114.10801986727202,15.999999999999787,16.478353142702115,16.236862905606007,0.9994209485709667,1.029897071418896
163,657,655,656,161.78876895962412,16.0,28.15782823711104,21.56601511423716,0.7621247302102144,1.75986426481944
164,26,25,845,81.03657601291437,12.129312803579545,15.358917926242569,13.868599624615618,0.9641359246251197,1.2662644763939073
165,216,217,967,180.89400121915904,15.999999999999943,24.28464840599082,21.332564368825057,0.890073545903198,1.5177905253744315
166,848,779,130,139.04925858770898,16.162529268503175,19.811243713776456,18.10400435904845,0.9730887319296011,1.225751451685457
167,32,31,776,94.90304449494522,13.975816244054528,15.711167581698723,14.855172309545503,0.9909162371738074,1.1241681564311088
168,129,753,777,49.524039580056225,10.045918429126464,12.07266610115221,10.815894185539195,0.9710001170760757,1.2017483703779168
169,581,582,590,118.67351897170056,14.814297663027991,21.058819262848107,17.311876752642146,0.8927756558494657,1.4215199222980752
170,78,740,792,56.70504577034433,10.906055442427922,12.334105764740922,11.49424828037021,0.9884171379627711,1.1309410473705683
171,583,589,582,163.3333333333332,15.999999999999972,23.115559530547387,20.058126264465155,0.9171695669718617,1.4447224706592143
172,613,614,889,157.67742596190666,14.87115307308409,22.793868618581403,19.949401633545662,0.8861263732856489,1.5327573125339529
173,770,771,733,61.267366812027745,11.522318479270604,12.394428730143954,11.911787316758668,0.9962621404133126,1.0756887819445655
174,583,584,890,114.73199198520459,15.040095315221352,18.3637387652234,16.467944693481574,0.9700465322867065,1.2209855310317315
175,516,832,830,141.48011483549894,17.02721922905409,18.917594567371673,18.127644339329425,0.9923434982793405,1.1110207904701181
176,599,600,618,123.25931691014715,14.793461964443676,21.647387557589504,17.711146117913312,0.8839322928496778,1.463307751060526
177,813,891,615,186.6497373112469,19.469756482878868,23.64279014344446,21.0323689609636,0.9668856734367544,1.2143341476425367
178,601,617,600,163.86761329839726,15.044918590384436,24.222116701910167,20.500466671859513,0.8683526532779613,1.6099865583447621
179,616,813,615,145.55552908299916,14.792624879204743,23.64279014344446,19.395750353661548,0.8634345528200827,1.5982822748842331
180,813,601,602,147.82152880502557,15.999999999999979,20.80316880524752,18.790590650656338,0.9556178253331434,1.3001980503279718
181,971,786,784,100.10426840131974,14.43172180901635,16.99792527598442,15.349410691204058,0.975574347490887,1.1778168607272357
182,813,603,604,119.79465195318878,15.78400989537634,18.58605107697551,16.79002032411727,0.9757639975650899,1.1775240385790675
183,813,602,603,102.88122564222681,11.3386858172409,19.56860314672151,16.497780013645976,0.8317785015893799,1.7258263843034358
184,767,781,797,111.80918397699386,12.453380832523127,19.075602717169964,16.82209347577321,0.8826898846604698,1.531760971073197
185,129,777,130,78.77593473288863,12.07266610115221,15.999999999999996,13.807760138759301,0.9410117555789417,1.3253079200519728
186,779,761,758,61.08527274461036,10.958807967311913,15.452367879097283,12.520778373450497,0.8758156188868331,1.4100409392325173
187,813,604,891,123.33467651955698,15.78400989537634,19.469756482878868,17.142937374086987,0.9602728059054768,1.2335114214913288
188,891,604,605,107.97821249112656,14.914862610520686,16.40170476664385,15.830537707056763,0.9933526191295013,1.0996886256983938
189,889,999,1000,193.49700545074973,18.480173503051354,26.093845807910213,21.905527547379602,0.9123276053924674,1.4119913865311777
190,606,607,892,173.44171229764743,16.00000000000003,24.663915855342758,20.918338516133957,0.888572679243964,1.5414947409589197
191,1001,607,608,122.09471209387448,14.81574691547178,23.37656061206749,18.25598454891947,0.8127982201864575,1.5778185700280711
192,1001,612,892,205.67602426477117,19.298704516088858,25.388765857606277,22.23398229095586,0.94892254550105,1.315568401829267
193,608,609,1001,120.43638119311117,16.0,17.57240916595071,16.71601842838995,0.9938848975554792,1.0982755728719193
194,609,610,611,179.93750882731217,15.86552536047473,26.377976320499595,21.68435926433389,0.8493341902558265,1.662597091566485
195,747,741,96,13.001405237299386,5.047990111569403,6.196234605005496,5.54646017274387,0.9687378498670463,1.227465678033808
196,1001,892,607,211.782676139564,19.298704516088858,24.663915855342758,22.44639366116637,0.9607527353284494,1.2780088857664542
197,793,742,145,55.61078997122027,9.725178277316976,12.709636312677727,11.53714361195352,0.9527649969554065,1.3068795193525353
198,880,878,869,74.90097100463903,12.819536767720487,13.480519481363599,13.160354283718164,0.9983172225784692,1.0515605770800909
199,975,797,781,141.9545139723449,15.595344826776826,20.955624428414666,18.496088710939347,0.9447782021275343,1.3437102328404031
200,550,788,549,126.4239233940477,15.166086821211106,19.766761436931105,17.404542641016246,0.9527173903853862,1.303352781106696
201,551,814,859,134.1305613007957,13.07803920920676,22.49965347112772,18.815000366110606,0.8351505635787858,1.720414896392746
202,886,1092,859,202.9889382959803,16.73636401132623,27.93120746525105,23.032093647771053,0.8487215318243878,1.6688934015983865
203,551,552,814,86.178967286418,13.07803920920676,16.000000000000007,14.284168063049611,0.9680503855335884,1.2234249908607266
204,560,549,788,88.14398672970711,10.867634492253554,17.28077966490652,15.032209634921452,0.8674759114132745,1.5901141759252444
205,859,788,550,235.4400488967926,19.766761436931105,26.79526626601905,23.845391120064704,0.9415599863878551,1.355571895351369
206,585,586,893,119.67283660770144,15.999999999999968,17.00118286862829,16.642712451622103,0.9970606233460656,1.0625739292892704
207,890,585,893,123.0914399013361,16.52396343110344,17.07113571104523,16.865427336925652,0.9991766315236407,1.033113864129706
208,583,890,589,154.09059914996934,17.705142102038806,21.058819262848104,19.04256671003677,0.975687716242952,1.189418257220489
209,747,749,741,14.908398957528366,5.395155801656709,6.402531609285653,5.910780418934089,0.9807082122702109,1.1867185758230754
210,890,893,588,115.50027424855786,16.0109633283258,16.52396343110344,16.336920186059473,0.9992057888075203,1.0320405519804086
211,724,758,756,23.030831005067572,6.706221296097452,7.897479241601068,7.341375138631068,0.9824883008553643,1.177634750317119
212,815,446,816,67.88138736413627,11.103053325650858,14.706325336099484,12.794514458867097,0.9450082762557727,1.324529830197623
213,747,748,749,26.42431601510302,6.402531609285653,9.159838484163972,8.05579936254702,0.9202352320792757,1.430658846085097
214,446,815,445,65.80390445808953,11.103053325650858,14.795825902230629,12.654474547186595,0.934710754098345,1.3325907269173005
215,1046,967,217,223.97396653171975,21.42119315099424,23.71304470048441,22.806079567650134,0.9925904248543764,1.1069899110350814
216,748,747,739,31.89635218048786,7.419258173260592,9.59629607199063,8.725130909805065,0.9564895493731327,1.2934306702759313
217,19,746,703,30.14920723104987,7.738807721244793,8.789417738526305,8.380529830057858,0.9883917156754011,1.1357586407525475
218,597,598,763,91.27318085389652,12.77114232539444,16.0,14.705299984383132,0.9660773767665837,1.2528245001377225
219,773,743,131,58.477821692219486,11.33906721125418,11.788245506324161,11.626316382425768,0.9987873355011915,1.0396133373849452
220,443,444,817,78.20961961625491,12.337653966297298,14.911983230331147,13.566157980669933,0.9755083824854675,1.2086563029783564
221,764,442,443,97.490453003608,13.444503495052132,17.76065768019359,15.35164262513514,0.9424070187335255,1.3210348516574
222,447,448,764,99.74446367164501,13.771609085737259,16.078114840944487,15.283241308893915,0.9813777799241913,1.1674826623997039
223,132,131,743,53.416145895750866,9.555301632730545,15.999999999999996,12.298122947994907,0.7776735469356187,1.6744631006931174
224,559,560,788,119.53761442581254,16.0,16.9498322173796,16.632682321661296,0.9971609888217731,1.059364513586225
225,972,495,789,181.61273593145313,17.515300064680993,23.31501223924292,20.891009909128645,0.9478486295087888,1.3311226272541485
226,491,895,897,223.07063342766193,20.468852236793925,25.630472585326576,22.99563608877297,0.9660832710710046,1.2521695055892945
227,1002,493,894,165.80633832377472,16.291252076241626,22.05788624434226,20.04843965857675,0.9361965044637648,1.353971207437789
228,789,496,497,110.00666634717848,14.752890433439406,19.684724487326378,16.490651078583976,0.9169614510456454,1.3342961215727807
229,498,477,789,89.60149903019729,11.074494724037447,18.26039451019242,15.242030212371455,0.8565306760252736,1.6488693132480177
230,478,789,477,137.3118263958037,15.202272385460759,21.988068523704417,18.4835784731192,0.9077293994374308,1.4463672249902257
231,478,972,789,175.72247044924615,17.515300064680993,21.988068523704417,20.434446740220093,0.9620239568889594,1.255363507476678
232,894,479,480,163.0428137594431,16.0,21.986445452804833,19.930325951411437,0.9298281514383073,1.374152840800302
233,895,1003,897,182.41312709404053,17.767178404829025,22.88758344419841,20.85660253487896,0.957577795537779,1.2881946093352497
234,1002,894,480,166.7357659758524,16.291252076241626,22.272296104178388,20.122693527283165,0.9339327507096109,1.3671322498691936
235,789,497,498,106.31793187030158,14.752890433439406,16.391201402884505,15.714697278774656,0.9922849630032937,1.1110501685643681
236,483,484,896,125.38104096375264,16.0,18.664786113256774,17.132814402824213,0.982220292020421,1.1665491320785484
237,718,721,727,14.786603875631464,4.9597057162589255,6.753055637464767,5.97940098709288,0.9402161019561128,1.3615839373950909
238,474,475,473,163.33333333333312,16.0,24.432074970254746,20.33705280576023,0.8865437143016098,1.5270046856409216
239,460,461,713,101.19936416289946,13.718358236051024,22.864579682684035,17.26856390721965,0.7437349215298761,1.6667139966207682
240,476,472,473,117.06671500509029,15.07386055465946,20.579083447026,17.088306009561652,0.9067680201702538,1.3652165198426776
241,461,462,713,56.587960264395406,7.509132358558353,16.0,12.910628720494081,0.7205274423622976,2.1307388438511654
242,485,899,898,169.78760653641933,15.882852267693377,28.00537754244772,21.793899855694658,0.7849818139065634,1.7632461141385953
243,485,486,899,155.65222256667755,15.902452246377223,21.493469756942876,19.39839234666,0.939801271581002,1.351582097147272
244,899,488,489,161.4340916578239,14.785096412491031,23.654326831799978,20.33562438998727,0.868754273610708,1.5998764006581567
245,896,484,898,145.87667586875853,16.733657095215868,24.87258389551979,19.690102459322354,0.8396623820128433,1.4863806371788764
246,746,23,733,30.894005635331947,8.000000000000044,8.723531680863903,8.46532197809651,0.9940961190343965,1.090441460107982
247,854,206,207,136.93438538443846,14.837328440232874,23.148279972352046,18.82136624136198,0.8644718426809714,1.560138003657263
248,946,252,837,101.12818389882017,13.71775603502717,18.223441861977765,15.662994313980294,0.9383025480386145,1.328456477535079
249,169,170,900,111.73108602639904,15.18882057839496,16.94131184990761,16.111091055370625,0.9921122515769764,1.1153803392743638
250,1132,1032,941,193.01013285202458,20.31081004058375,22.637243833665146,21.19131361986757,0.9902343076916867,1.114541654834685
251,900,1004,168,153.11054631976128,16.024088419416998,23.738479281925414,19.656992796302458,0.8919748714761697,1.481424631504192
252,537,1125,1106,124.37399024130941,15.158397239673455,20.252863526908428,17.38248121762337,0.9365613955852249,1.336082120469929
253,227,1066,841,133.56046384225886,17.200266880897427,18.017035251299077,17.572394394599385,0.9985167507389328,1.0474857963575408
254,1115,239,1054,161.28515538567714,17.41407681703137,22.830452524093836,19.736525571467464,0.9436421302148857,1.311034329523867
255,980,1101,873,190.64866044023668,19.472367278129934,25.77390541003317,21.671614205212595,0.9209273833272308,1.3236143834951544
256,27,993,970,166.41467571330378,18.365942568027034,23.120196017947695,20.01543009616537,0.9478958675011612,1.258862480502213
257,1060,160,161,168.79181927425634,16.0,23.109507389279788,20.40280191113166,0.9147483532553424,1.4443442118299867
258,172,901,1004,202.16540021321578,16.5242680000641,26.14637160105462,22.736031281531428,0.8705887302999618,1.5823013522265068
259,237,238,1020,94.56124089730905,13.863878635947378,15.773867735205243,14.839268445933513,0.9889820748736629,1.1377672979843816
260,165,166,903,192.1635702865783,15.999999999999671,25.673803728824954,22.225168850525463,0.8643831357743753,1.6046127330515925
261,158,1008,157,106.51721093745229,14.286187529225904,25.016036029670435,18.434074519632077,0.6795973654103797,1.7510645144825372
262,974,790,973,154.75022186269268,17.25441429598209,20.60991357933007,19.052529891133428,0.9793806156976558,1.1944719319814494
263,614,999,889,157.7420957492424,17.402181017744383,22.793868618581403,19.558741046459048,0.9389611971173787,1.30982826780961
264,979,1007,818,138.7330666134153,16.40630493582009,18.926423902914877,18.001084429642876,0.9848417015848644,1.15360673698028
265,1008,904,157,227.12251805933772,18.79108473951227,27.146912734729575,23.651344501304095,0.9170615999197705,1.4446698054448868
266,138,139,909,127.31402397533027,15.999999999999982,18.273774144165532,17.222318586014236,0.9883510402127805,1.142110884010347
267,360,361,929,173.7279503140703,16.0,26.890803196326782,21.53575000967182,0.8296729057941797,1.680675199770424
268,174,175,903,154.31875249482655,16.00000000000009,26.127671731604643,20.49521403858914,0.8140420851480945,1.632979483225281
269,171,172,900,160.77540839193884,15.728620159634607,25.06642842814251,20.425112588273567,0.8600379819974435,1.5936826100278099
270,1018,924,506,223.5817548855926,21.339509169289453,24.719084697529496,22.85684286385215,0.9846330757369415,1.158371755480849
271,386,1033,940,244.1645840892582,22.019390065171176,26.333652461302336,23.956170153404333,0.9770863827673857,1.1959301498979835
272,159,160,1008,105.57884723345627,13.198325441521758,20.61738670786653,16.60523738312948,0.8552499595976384,1.5621214069327691
273,913,234,917,143.4053269605323,16.50332898557114,19.50611290581054,18.331940209435043,0.9804707064277445,1.1819501945858761
274,289,290,291,113.30976370854462,14.2822582215144,22.775948829232924,17.686069016915777,0.8020962694393908,1.594702215572875
275,289,293,294,130.09098149680682,15.999999999999979,22.630435951680724,18.29796968467168,0.8728106716346143,1.414402246980047
276,293,289,291,204.41218352815778,20.07709014366147,22.775948829232924,21.827824974858373,0.9876141937880967,1.1344247929485693
277,292,293,291,90.49300953953264,12.244020760021467,20.07709014366147,15.721178900699144,0.810747923678325,1.6397464964463413
278,289,294,288,90.50966799187792,12.109232338055833,16.263473102334338,14.79090181346339,0.9399450678555504,1.343063924145127
279,974,1021,929,233.88525502341753,21.642851875488653,24.469695492260428,23.33289930661088,0.989422754061285,1.1306132682067322
280,151,908,1009,153.43395160464476,16.478353142702115,23.427397439966963,19.55512035209912,0.9067813126149592,1.421707450804477
281,140,141,910,109.10819824308777,14.695868746787227,17.22836511947793,15.974744622088389,0.9832705511433282,1.1723270952079206
282,193,194,982,164.8911419551111,16.00000000000011,22.185119998796736,20.073552612710692,0.9259610587293777,1.3865699999247865
283,50,51,1040,94.92259630072745,14.015468395319639,15.999999999999888,14.878237550109374,0.987221277005704,1.1415958103364543
284,1061,908,22,156.73871219958568,16.52429316738456,24.503350639358455,20.00849939973662,0.8797236800891461,1.482868307355068
285,181,182,980,122.10269359566202,14.33071158192792,19.0863962945455,17.132210356390328,0.9473965927620215,1.3318526568223485
286,274,273,1043,127.2113956265348,16.0,18.78707081656683,17.26035757126154,0.9817279578279297,1.1741919260354268
287,176,818,1007,150.02824626105212,16.144415336276396,23.491623097024277,19.43552096116478,0.8952181820431033,1.4550928359876096
288,735,848,131,110.21443866117708,13.106248919937519,18.402613559217738,16.415658992833297,0.9254819906543699,1.404109877023873
289,176,177,818,88.31121057655388,11.327904190706173,17.148904403695582,14.87374131022605,0.8957461005684071,1.513863828206207
290,833,685,865,98.23007220767975,12.597806030532354,17.638974105840553,15.476124574962034,0.9297165108089304,1.4001623824886889
291,659,660,857,76.09518727828058,9.64890178357829,17.241068675820696,14.296656819799672,0.8156544108491501,1.78684259230037
292,860,879,818,109.71130089735632,13.892930869942616,17.830969408096255,16.16222685597421,0.9597882437303636,1.2834562825525602
293,197,198,1010,160.54555243772268,14.967068601730386,22.933261311705124,20.141383551715474,0.884688341291713,1.5322480254452595
294,979,818,879,154.97902477434127,17.830969408096255,20.228616401177916,18.99533657072968,0.9892903356950494,1.1344653191986855
295,1008,1060,904,213.11999188009048,18.79108473951227,25.52475127815736,22.69340505408608,0.9408518849344157,1.3583436843582593
296,873,860,820,98.10321390420978,12.01293578112124,17.776592687555457,15.623121728853702,0.9037819557871544,1.4797875399860216
297,820,177,178,86.21053886336124,13.188851802379512,16.00000000000011,14.283324799401184,0.9687174473909024,1.213145787043677
298,1087,848,1122,249.94819798012114,22.098876344836054,25.36196265102267,24.151692765765105,0.9859878437398978,1.1476584716466416
299,185,819,184,112.34850179086342,15.673995376486403,16.701171446239105,16.12505560757517,0.9971432277667929,1.0655337739408572
300,151,152,908,151.01943913019062,15.183837161403439,23.427397439966963,19.566888269969542,0.8844578601263728,1.542916799682115
301,873,879,860,142.45977144586485,16.762780289883757,22.725239451596583,18.85595215312158,0.9062038655420436,1.3556963140124874
302,797,39,38,125.18931349927969,15.765847511203742,23.789894358507716,18.518580623237153,0.8102008170747275,1.5089511896903618
303,982,983,1052,159.97215807241528,16.40061635320837,23.606811386809312,19.9204622419072,0.9110869265685987,1.439385622979421
304,972,478,479,162.38321034488308,16.0,21.83518817688387,19.878386603052913,0.9313002090294197,1.364699261055242
305,1051,977,376,94.06183343891605,13.737032275738615,15.884223602785147,14.816890536575174,0.9860094999205752,1.1563067832954539
306,980,182,1052,153.900040978682,17.57762658448928,22.11032740620873,19.22249239446519,0.951073150383315,1.2578676250705634
307,178,179,820,72.49268024047159,12.364646104372797,13.661122595823928,12.972191491461059,0.9931981265740434,1.1048535057540083
308,660,858,872,128.76042749498416,14.547885932312552,19.66732378206298,17.63290460070689,0.9414897353351531,1.351902528901437
309,1052,983,821,119.89678976257073,15.74898528905157,18.028532218815915,16.726044620358618,0.9864977680371719,1.1447424635890064
310,553,859,814,139.488191840986,13.41100166713033,23.897088814992998,19.391799633373555,0.8145875499422695,1.7819018599903333
311,905,150,1009,149.53451693834643,16.232235574116118,22.850858324535295,19.23550474206309,0.914812141514097,1.4077456072023262
312,372,930,371,117.70943885226258,14.714628408018205,21.860162608871267,17.52493033896315,0.8580871958486606,1.4856075194504648
313,996,995,908,196.21220938729908,19.44552977250337,22.40197174834409,21.41566541524358,0.9838488558080295,1.1520371010936008
314,850,774,969,126.2318996695749,15.877045990993198,19.002807751273842,17.232105936756433,0.9760926778902621,1.1968730053470804
315,846,995,877,149.81022261795542,17.20789263819,19.582284190132878,18.685457912216936,0.9877726101706698,1.1379827037433579
316,153,908,152,142.33140937152984,16.0,20.08943020853822,18.363342529863395,0.9661897810820337,1.2555893880336388
317,996,153,154,102.2499724624585,14.238971416488793,17.246101131296616,15.531264078886869,0.9724879675893972,1.2111900942034024
318,910,141,793,101.68790766174988,14.695868746787227,16.511990878066324,15.390148836031807,0.9888014165523883,1.1235804539745997
319,907,200,1058,183.63235044426017,18.306360949589592,23.794163432638424,20.968774239608223,0.9535859471599826,1.2997757172034707
320,197,821,196,100.11867944777683,11.511358074325615,18.464739021641464,16.055121324469308,0.862409788109885,1.6040452310161681
321,906,161,162,157.40102070249114,15.202516581371178,24.122666470632197,20.074905511774592,0.8725376003568429,1.5867548205927675
322,25,771,770,44.8976131532218,7.436199571354662,12.93701251829757,10.922546939932062,0.8266595962978088,1.7397344428641817
323,881,878,880,82.361048943344,12.507521823731254,16.315124887452214,14.101055397515688,0.9441847333416044,1.3044250585672832
324,202,881,882,104.79823176373567,14.865431055075023,16.543847886572888,15.60540816547556,0.9918169048448412,1.1129073772082012
325,201,1058,200,146.91017738239347,16.000000000000128,20.805798336596656,18.731429313895216,0.955887078661769,1.3003623960372805
326,23,746,750,31.451404889205676,7.946256725514857,8.999318916793634,8.556369107724132,0.9894246510238094,1.132523051753094
327,1010,1062,906,216.22209083357586,20.786336570488142,24.851333678063018,22.550129779553227,0.9764116109056733,1.1955610164297177
328,1062,198,199,155.71732080002107,16.0,21.08396373532099,19.363179015493618,0.944886866721954,1.3177477334575618
329,1061,905,1009,127.18170422291519,14.656311197491155,19.06924505287403,17.449658859301014,0.952301057739083,1.3010944429276499
330,174,903,1006,205.37588218715106,16.99809984083114,26.127671731604643,22.767027757854944,0.8863195583782646,1.537093673778957
331,969,260,261,147.59145415076088,16.00000000000005,20.585854698228825,18.75710025227289,0.9580709697792446,1.2866159186392976
332,24,733,771,31.97783020030481,7.999999999999998,11.522318479270604,9.174106159756876,0.8496151951796107,1.4402898099088257
333,742,142,143,50.98371872638734,9.296230029787678,16.0,12.171436987389251,0.7543279752617246,1.7211278065120592
334,383,1073,382,108.65856771284098,15.720579851502814,16.0,15.842265571158713,0.9997815559080294,1.0177741629848645
335,424,1022,423,153.45436742772375,15.999999999999968,21.764219874473646,19.259949999438376,0.9405969451160092,1.3602637421546055
336,973,354,1049,120.85793414023897,15.046782864752661,19.055448952289783,16.95586040070781,0.9617910674469281,1.2664135000530572
337,940,1117,1127,259.6587807911171,22.006410688021944,29.807711735366492,25.238659599794335,0.9253571431252586,1.3545012931886609
338,906,162,1010,259.1383238398462,22.012719090108522,28.901995265084174,25.012460275274965,0.9440394050837276,1.3129679775939798
339,144,742,143,30.1161526407321,5.668243243954678,11.218080932380072,9.237621090542177,0.7582111910639823,1.9791107137726374
340,939,1035,413,181.40164914581035,19.362803357977015,22.598004802417798,20.623297584777877,0.9803643326732192,1.1670833187028136
341,793,142,742,52.11795720257082,9.296230029787678,12.709636312677727,11.232505878965668,0.9387347154036094,1.3671817792753145
342,148,910,147,110.4324507979199,14.46192248827958,18.838025548985737,16.317753068035856,0.9456814877671859,1.3025948358008899
343,146,147,910,152.14306299101534,15.65331116684225,22.726137233750716,19.40069146564348,0.9130644226034075,1.451842168824353
344,148,139,140,140.40449760989935,15.999999999999996,19.3292134647176,18.192059266860937,0.9726885160420673,1.2080758415448503
345,149,909,148,107.50430802219036,15.139672317794108,17.15885286449589,15.843825333904865,0.9856195416489706,1.1333701618051917
346,910,148,140,146.25095538395246,17.22836511947793,19.24696433586521,18.43778500144296,0.9913151592209712,1.1171671950523678
347,1121,45,46,99.58018908109369,14.438863743987854,16.00000000000005,15.205203146656293,0.9929440027407361,1.1081204368773292
348,1100,190,191,148.69065646716513,15.528137644397109,23.01547318854905,19.297678922431526,0.899517367797383,1.482178591896597
349,116,114,115,80.13278905108014,12.24402076002126,16.595029484965874,14.028928996599747,0.9240407829596257,1.3553578363041798
350,377,1110,1051,92.16434002977037,13.860326028321351,16.53741465121754,14.764714733973472,0.9693770639296393,1.1931475938896376
351,146,910,793,128.9456037564403,16.20096599289537,19.822625996337475,17.51186095576639,0.9626182225261793,1.223545929608785
352,863,874,994,120.75712622739084,15.984928020029086,17.364320280118253,16.728262715839485,0.9954275356916745,1.0862933044403322
353,761,779,1087,148.80729040393385,15.452367879097283,21.17352975108763,19.001297027722433,0.9352391967309612,1.370244995249529
354,92,93,91,163.33333333333343,16.0,24.43207497025473,20.33705280576024,0.8865437143016105,1.5270046856409207
355,94,90,91,117.06671500509091,15.073860554659538,20.579083447026,17.088306009561684,0.9067680201702558,1.3652165198426705
356,823,982,194,171.99968434889897,17.277052246655554,22.185119998796736,20.245316430682138,0.9584951390622565,1.2840801591655355
357,1111,1022,978,143.91420869146145,17.01696863245638,22.01197673808427,18.73169421153841,0.93290136093382,1.2935310168052456
358,554,555,887,169.29694914506857,16.000000000000007,25.04006631809062,20.78769602997519,0.8768367775567245,1.565004144880663
359,59,14,13,26.769436701048075,5.571026357545928,15.999999999999979,11.197331315328972,0.42977267311339595,2.872002208054187
360,217,218,1046,149.36199615376736,15.999999999999943,23.28400085147175,19.356851071914686,0.8989913321607365,1.4552500532169894
361,99,100,101,80.13278905107954,12.244020760021218,16.59502948496598,14.028928996599738,0.9240407829596191,1.3553578363041932
362,216,967,1047,257.469971696872,22.06082397158435,27.942180468795858,24.762550948790345,0.9604858523052064,1.2665973177061312
363,980,1052,821,185.63394931304586,18.028532218815915,22.88415506968895,21.00767156490453,0.9615204979297478,1.269329903951102
364,1002,480,481,164.56277650380525,16.0,22.272296104178388,20.05129864370798,0.9262830414557242,1.3920185065111492
365,14,59,58,61.97594377735787,10.313512654228411,16.000000000000025,12.778160080889814,0.8471206935704169,1.551362812692165
366,410,1025,932,161.21536442812902,17.123146364834632,24.078097718723704,20.049997865203796,0.9065924463505102,1.4061725109219576
367,871,262,263,99.31239101106691,13.102734145789384,17.132921485359628,15.411885210382993,0.9540191966247218,1.3075836916728834
368,137,21,136,182.18838930433554,15.999999999999996,25.21545049629753,21.523178790841357,0.8782423084297485,1.5759656560185962
369,909,1096,138,114.90240291189903,15.090980497096018,17.393181613877196,16.371844519491447,0.9866200624487305,1.1525547738415138
370,20,136,21,102.82594062449846,13.883839258255028,23.354085876226534,17.542178303313158,0.7306779229069937,1.6821057520052103
371,333,866,332,107.39652870278336,14.40069791285594,17.22230595076468,15.874334621206836,0.9790484228949565,1.195935506388882
372,873,820,179,114.3111950034576,12.890805774186449,22.658282260972705,17.775226907571536,0.7954889411344398,1.7577087621896694
373,641,994,640,96.02690310787658,12.068351943642373,19.0163306547531,15.694894199465148,0.8716410055044825,1.5757189335840454
374,180,873,179,120.88789624243331,15.13679859000273,22.658282260972705,17.93169361699184,0.8387769453281776,1.4969005583477621
375,783,850,851,88.21766774509285,11.975267927596118,16.42252588945464,14.622968749803684,0.9367445068146975,1.3713702264322742
376,819,824,1083,173.91984891024828,16.95179655581619,22.2253313985143,20.451314517788546,0.9464411941952885,1.3110900266726448
377,25,26,805,77.80938287198676,12.143210672012975,15.358917926242569,13.611563498817759,0.9607352037039051,1.2648152404735087
378,136,20,135,99.34693218933889,13.883839258255028,15.999999999999996,15.232688833323541,0.9848965764151364,1.1524189888965146
379,148,909,139,143.26117749622358,17.15885286449589,19.3292134647176,18.253946824459675,0.9905856050132227,1.1264863459906749
380,707,18,134,1.4838133743209032,1.6157200548071697,2.0950581669685824,1.8818267173623184,0.9569267770043525,1.2966715123299128
381,720,738,24,23.00158631724243,5.936958613622461,8.651537889711914,7.537904744099112,0.9132322106853571,1.4572339901209352
382,693,720,734,14.066364442923547,5.07717336808245,6.221580721227176,5.759453592978281,0.972198919619869,1.2254024572686488
383,796,750,19,34.73517737319121,8.126957482648121,10.063581597534949,9.063535035765076,0.9691051867426935,1.2382963266415157
384,18,696,691,0.38291133624441065,0.766565371987827,1.2329439891823433,0.9998364537233876,0.8536296756276422,1.6084003194471486
385,1021,1049,356,166.31615417173126,17.39817264881101,21.299867312241915,19.8088708834607,0.9715170182922865,1.2242588771929188
386,354,973,353,96.5004288738924,12.825133500522364,16.765349385080988,15.196827628534441,0.9529814132119543,1.3072261106988197
387,691,134,18,0.5318490148608921,0.766565371987827,1.6157200548071697,1.257082231371366,0.718642447441022,2.107739422950124
388,133,800,726,74.47611001589948,10.627888400120042,18.141219886299037,14.270867972257586,0.8071410725514094,1.7069448984893492
389,19,703,135,48.46861903157663,7.738807721244793,13.27483041572217,11.326115690412095,0.8307903838666971,1.7153586048248401
390,800,804,16,138.08741602220277,16.516284093784442,20.101690611886816,18.05908474736197,0.971075519537672,1.2170831221928222
391,19,135,20,94.15539372954589,12.964708934269323,16.00000000000003,14.92631205866165,0.9675962355659301,1.2341194917000866
392,707,708,700,3.85915429598813,2.7603439637896825,3.279800241296702,3.0085190176741996,0.9797622704302046,1.1881853436822623
393,399,932,933,172.50694121720744,17.564298401650763,22.32367720687489,20.242226111919788,0.962984910661087,1.270968910706779
394,824,185,186,116.13134814291018,16.000000000000068,16.620455445820287,16.383384853640933,0.9988964080855622,1.0387784653637635
395,1079,1067,380,119.60100724312142,15.528206338926067,19.757986783989423,17.00347380230541,0.9429482304955297,1.2723933693784164
396,4,911,1,260.8961102876942,23.073518521822418,27.22766870501609,24.752975060392007,0.9782621666836212,1.1800397359971246
397,4,2,3,121.76367714577208,15.516589319825854,21.348975285720257,17.531630551394546,0.893690360353073,1.3758806684689557
398,1057,994,874,132.31494434884672,16.55451250945825,18.736193951059985,17.551675580212162,0.9893034038463769,1.1317877189289176
399,1134,1069,942,235.84017464272955,19.679629293597824,25.927808469416142,23.83267561965461,0.944554523027265,1.3174947598149613
400,6,911,5,107.54131987205103,15.034338314986302,17.68279972552422,15.919085061849493,0.9740498427454634,1.1761608229806775
401,896,1003,482,161.67231510215038,17.369054213368397,23.01938872049001,19.798094823378985,0.9390511729819918,1.3253104307068564
402,233,234,913,120.58801708719837,15.718245681107224,18.986378736923445,16.901541472676893,0.967474180860161,1.207919708224462
403,911,6,0,143.05345890692396,16.461512534370332,21.82772225872442,18.657344839539657,0.934904229905286,1.3259852163128916
404,0,6,7,30.96464556281603,3.870580695352004,16.461512534370332,12.110697743240777,0.39583779815691894,4.2529826478332255
405,241,1036,943,228.8827495865918,21.445773403087486,27.9412556587763,23.667934659952724,0.9284663666889955,1.3028793661856781
406,850,969,261,169.47287838228587,19.002807751273842,20.786421974293585,19.824891928052406,0.9944471156858603,1.0938605624161082
407,911,4,5,119.66510566200424,15.040117145037959,23.073518521822418,18.0378785556201,0.817140151413177,1.534131569542651
408,315,954,314,152.29232638479334,16.0,26.585251211777933,20.59761245438963,0.7923005803813419,1.6615782007361208
409,411,1069,1025,165.7576871304986,17.85924082151444,23.936265908879655,20.186794251353692,0.9231402227907782,1.3402734275269093
410,114,116,113,70.35795499636862,9.747053796901248,16.595029484965874,13.621078335416891,0.8386108336696421,1.7025687793209587
411,1096,905,21,199.97775345920957,19.978964782992648,25.29597179220093,21.93220477541708,0.9488434756485008,1.2661302558446097
412,95,78,689,21.184556496776594,4.554715560946062,11.027994747795512,8.328363541603471,0.6360138291746165,2.4212257824295143
413,824,188,1083,188.69017622607947,18.087264717173788,23.325927232222714,21.212841115970267,0.957567443829433,1.2896326557367646
414,975,781,754,85.27648199854332,12.251962967543557,15.595344826776826,14.238209446440406,0.9616679155312567,1.2728854035953387
415,1083,188,189,176.3422505525663,16.000000000000007,23.578455236783196,20.968127489668642,0.9009562831846758,1.473653452298949
416,762,760,780,39.821255395555184,8.478382880642412,10.851446099867982,9.734946808882354,0.9607771086905341,1.2798957363253405
417,192,981,191,129.5002763390644,14.853251143365505,18.99803201376587,17.586574461385332,0.9554143810150113,1.2790487301665072
418,718,712,710,4.458714876436115,2.6341097285767283,3.8975234019175407,3.329726904939765,0.9063200176437596,1.4796359315006458
419,981,982,822,217.20463418036292,20.0945177442111,24.427122667617358,22.611036360014314,0.9746999640367057,1.2156112915252426
420,981,192,982,196.26792247620511,18.99803201376587,23.31146866821448,21.513533461792594,0.9722663238836701,1.2270464988859435
421,195,823,194,102.52329505015754,13.553897527856794,17.277052246655554,15.610316591504125,0.9622022866792261,1.2746925532782512
422,981,1100,191,146.63449480204645,17.158846727801176,19.349425934348425,18.47223762972474,0.9898262959328399,1.1276647108804825
423,750,746,19,31.60727361182501,7.946256725514857,9.00006602711216,8.578580163717774,0.9890855700857516,1.1326170721635003
424,779,129,130,96.80121745638431,13.203927526501163,16.162529268503175,15.122152265001446,0.969760812184212,1.2240698258956588
425,703,746,738,27.466897275773142,7.080809848889005,8.613364030402474,8.046766070688738,0.9725618790945088,1.216437697695544
426,212,213,214,81.67716493640175,11.386488948070445,20.7446983044581,15.640580449509073,0.7266417607327426,1.8218696210102148
427,144,145,742,51.47189793450879,9.725178277316976,15.999999999999647,12.183905790869469,0.7623195260484564,1.6452140561081616
428,950,39,40,105.23180237161569,14.50029545270052,16.46214376587348,15.654146406191332,0.9888866557534353,1.1352971268463077
429,726,696,695,2.0164035165678627,1.0000000000000204,5.5260186785991054,3.8076816057003136,0.25163220775081846,5.526018678598993
430,203,204,993,142.01299558866972,15.999999999999915,21.981454318178685,18.66361110462928,0.9251288021764308,1.3738408948861751
431,1048,971,970,106.19886586420978,12.869270889502753,17.884788671185355,16.10265323975459,0.9270990520817947,1.3897282002023654
432,205,206,971,128.22687473519568,15.999999999999915,19.178666589413655,17.371402621685245,0.975564313071757,1.19866666183836
433,868,203,993,159.44081433301452,15.183186829716442,22.731257743214776,19.965299630369966,0.8977708063228089,1.4971335068290996
434,757,780,785,39.98466408101213,8.592666592908358,10.99234491189841,9.76251813404739,0.9592007425014163,1.2792705027064053
435,214,215,211,153.3863110260451,15.059929205335763,26.751579279687693,20.769645367281655,0.7799038561876053,1.7763416358032782
436,215,912,210,168.94169437054677,18.161611481703552,23.612147024261475,20.242407816174026,0.9389151613794409,1.3001129909671796
437,855,798,854,135.25963016994714,15.63454966345799,20.91032647585767,18.09337265223822,0.9406621930604567,1.337443477808033
438,1128,1091,1047,265.6211276725629,23.227717844522342,25.70430884004558,24.843288098047267,0.9918024220495405,1.1066222266044652
439,1091,1090,1047,196.7972512843217,19.50925507153845,25.59783760957388,21.87604595791539,0.9358105965547013,1.3120868795712197
440,787,798,29,87.90734935161883,13.292298399290361,14.810159829756287,14.2992346374158,0.9904291728511894,1.114191043931647
441,745,756,761,41.05412815860553,7.651092461120727,12.88750321138301,10.42750928335524,0.8364175490072352,1.6844004012330622
442,723,729,731,12.832478101362911,4.308908628391858,6.336915867051914,5.658924941668936,0.8998208649741666,1.4706545006077176
443,824,186,187,80.2952510470746,12.164196371761587,16.620455445820287,14.049138660371447,0.9229078940791817,1.3663422504756355
444,714,368,364,8.752612781497326,2.5803871302346977,7.509132358558421,5.634503172730646,0.5539106359427072,2.9100797591853715
445,364,365,714,38.89247218841716,6.813990029398821,12.559589030989125,10.299138431725215,0.7996347500515638,1.843206253135246
446,718,710,721,8.928869465021242,3.8975234019175407,4.998773806391454,4.61866764152264,0.9549827585493307,1.2825513257809074
447,702,710,712,3.1258472244048057,2.4473014606346397,3.1277076285195355,2.7363729392436347,0.9535952734141033,1.2780230301944295
448,229,825,861,154.32982684811924,17.786580359027027,21.227064940863972,19.078890301253832,0.9728842700372419,1.1934314810598674
449,233,913,232,112.96185424872881,15.105742138232237,18.143185777565744,16.3223911989684,0.9729007875662383,1.2010787428739311
450,698,701,719,5.531137690955614,3.181021180579541,3.8478499278049796,3.609933943430123,0.9733039898616154,1.2096272578430147
451,861,232,913,144.25578173472428,16.380301936147248,21.32820544202424,18.617231051912412,0.9496870293713876,1.3020642430868874
452,746,733,738,26.097075479062774,7.080809848889005,8.672434253425577,7.846882098436354,0.9721130098446454,1.2247799952976144
453,17,691,726,37.39599461802935,6.252431516720692,15.10687006941301,11.22850451929905,0.6179834684708064,2.416159222058355
454,825,230,231,97.54096000397207,13.681237526201095,15.999999999999927,15.106758534047446,0.982592399090635,1.1694848488200094
455,221,915,220,128.75219521459803,16.0,18.330064922606148,17.324024379027477,0.9875886124291962,1.1456290576628843
456,706,703,708,5.151656407327245,2.9236581419947663,5.732605215065468,4.175222405894206,0.6330247217474376,1.9607645410807848
457,721,710,697,9.28037838328506,3.811841712057319,5.558638178166505,4.789751232205092,0.9130885228506924,1.4582552472165504
458,976,916,40,244.44307403190882,22.222509781266577,26.6768687833136,24.008887074161823,0.9731003913136974,1.2004435613209639
459,1011,1124,1104,187.03281359040437,16.69502729540729,24.671070812544123,21.553116578067534,0.9061793456634488,1.477749654193797
460,916,223,224,148.5848501748654,15.299739201572136,20.883429960828177,19.016827299741525,0.9310643024481785,1.3649533293144165
461,38,37,797,125.1893134992797,15.765847511203742,21.051480278215617,17.605775929806455,0.9151762237352628,1.3352583971940442
462,745,761,794,81.39757878580103,12.88750321138301,15.790483705009525,13.920960978677385,0.9613006484542121,1.225255462288648
463,984,916,224,145.16950324804176,14.542853970997022,21.665670029335065,19.030651320386756,0.9004043510704832,1.489781171738584
464,40,916,41,150.83638897264308,14.821814432410326,23.127282657905287,19.553782082901815,0.8829547128063157,1.5603543522535064
465,41,916,984,177.0375391708772,18.628655292758722,21.665670029335065,20.335524826827875,0.9848459237553622,1.163029198235091
466,989,226,841,128.28147432932212,16.57965627370984,17.656088076811336,17.23064798826654,0.9971041078016429,1.064924856422288
467,701,698,699,2.6385861776071815,2.000000000000082,3.181021180579541,2.609679005135245,0.8651157998900327,1.5905105902897052
468,40,41,42,88.94039329173091,12.07335596509492,20.11218638753464,15.669118928346629,0.8003057348611347,1.6658323042640875
469,976,39,797,264.8052533525189,23.28282673271429,27.993222515909004,25.021981202377003,0.9698441052410313,1.2023120232465683
470,736,768,769,42.9462256821455,9.339059802233146,10.790463020153666,10.013803063987082,0.9855664908510178,1.1554121344820452
471,767,37,768,41.62274133592973,8.0,11.24377223287656,10.10043358266772,0.9222218975929642,1.40547152910957
472,702,698,710,3.692778976006737,2.404379880275842,3.567953881836761,3.033347130210713,0.9042348348214841,1.483939335504433
473,224,225,984,109.2655968689262,14.542853970997022,20.554454693826496,16.710985397044173,0.880197039473505,1.41337145616799
474,728,697,719,7.088401191023871,3.8843618593599936,4.173066827683566,4.051403921184765,0.9964188619584969,1.074324941593145
475,36,697,728,11.43953114794405,4.173066827683566,6.292835718157618,5.351540549354333,0.898098000532921,1.5079642809484357
476,853,35,794,164.0553197434429,16.501363151904712,22.331002207492904,19.900574859702985,0.9420718830965938,1.3532822714052741
477,17,726,800,61.059528414525914,10.18750110141654,14.043495630353675,12.18573623451122,0.9339700664897178,1.3785024895262068
478,131,132,735,71.39234835202066,10.982489892423962,15.999999999999996,13.362912937453826,0.9019525159738513,1.4568645322439366
479,28,757,787,60.162070525274345,10.640482681266596,14.18136947154882,12.106725779825348,0.9334273080967989,1.3327750156030265
480,15,16,804,122.2944597193987,14.814297663028013,22.480913578982896,17.937165111931787,0.8492830294047563,1.5175146395963426
481,1103,1124,1011,99.75658689914354,13.973820636861376,16.69502729540729,15.301914889495004,0.9787288595479815,1.1947360517400427
482,982,823,983,140.05870298051832,14.705643721687302,21.27377704659412,18.577793251328444,0.9162519100053643,1.4466403136926536
483,222,223,1103,95.56399245306216,14.13403570713672,16.000000000000114,14.921098209191262,0.9885046587580123,1.132019214577278
484,397,934,396,157.04295261255692,15.360865448383517,21.964853233396568,19.683221777120654,0.9140453478791015,1.4299228977171994
485,32,776,753,59.87952181445959,8.906124355158937,14.380552185980077,12.420830928397848,0.8616963857053463,1.6146812701587798
486,1026,934,398,201.88262586884073,19.14924585744714,25.839863080382273,22.163639232848396,0.9344993950745175,1.349393248838212
487,9,11,8,81.66666666666606,10.340508455923118,17.61217589016134,14.650894782028152,0.8405746208751785,1.7032214581356449
488,10,11,9,81.66666666666606,10.340508455923118,17.61217589016134,14.650894782028152,0.8405746208751785,1.7032214581356449
489,11,12,8,51.67216854417466,10.12352689845062,15.58139682380505,12.015144059392929,0.7916889562564898,1.539127319964917
490,993,27,868,162.41385775432556,15.183186829716442,23.120196017947695,20.2129912455376,0.8902528614027031,1.5227498862555644
491,1099,955,312,136.4226172441413,14.618044787566843,20.231890601909274,18.239598778551468,0.9286446395705169,1.3840353409723578
492,33,128,690,12.714769394986744,4.424966580848742,6.523855529752669,5.616388288051147,0.9085704450238556,1.4743287684901214
493,34,35,752,55.209289605329346,10.436801111864831,15.999999999999927,12.377272678958946,0.7980242753310232,1.53303678287121
494,730,755,32,42.03301213853361,7.454567501857617,12.732316228702878,10.523054837699616,0.8386541955411996,1.707988588946319
495,755,876,31,138.6919182491322,16.032604082733567,20.275685282580817,18.150251820513883,0.9634902224364167,1.264653276407971
496,753,724,730,50.006814414585484,9.833776193202683,11.59051693862178,10.818854856672731,0.9821493942544332,1.1786435557312556
497,724,33,730,36.83572959995315,7.454567501857645,11.59051693862178,9.675440092601052,0.8814298056681811,1.554820844500164
498,745,690,128,24.878166848423085,5.90034275355203,8.97371428105769,7.923210926219315,0.8862984559666168,1.5208801684708027
499,730,33,744,37.54718027912847,7.454567501857645,12.481455436975157,10.003328740944173,0.8315202568115304,1.674336631047319
500,128,724,756,26.371769811779618,7.420424878194683,8.036074882701554,7.818833253632076,0.9949236659833226,1.0829669479325896
501,755,730,744,71.32518253639257,12.481455436975157,13.334783556883217,12.849518407520415,0.9968536383851173,1.0683676774889692
502,758,761,756,34.587386703354724,6.706221296097452,10.958807967311913,9.469653813657116,0.854287446112789,1.6341256101538384
503,36,728,731,15.949705528029995,5.588719102221816,7.632901142941539,6.3177229417957905,0.9032020126476372,1.3657693298464493
504,709,718,727,13.545988120047213,4.5188857136166405,6.634676708228975,5.793001343133522,0.9094336674650787,1.4682107777669342
505,745,794,34,65.7024365588714,10.411562261094597,14.412213116996478,12.636223799243565,0.934074687012929,1.3842507738585315
506,57,918,56,140.14314241350712,16.0,19.51595740248381,18.177295662729268,0.9724200286354518,1.2197473376552381
507,1088,1123,853,228.8880837565548,20.414561331374877,28.021122637690755,23.716209307589157,0.9231394211052198,1.372604690487542
508,944,247,1036,100.65911628974482,14.773292709272143,15.611150405088312,15.258908003677716,0.9978627376227526,1.0567143501658438
509,996,908,153,134.38256782318504,14.238971416488793,22.399494724883283,18.54635450747468,0.8737892307141253,1.5731118540588238
510,249,945,1037,144.68730228294166,16.00166233233329,23.247690351348265,19.128977458382042,0.8906626017164992,1.4528297040972737
511,1023,1116,931,248.5219185057291,21.604742497573298,28.86248883875335,24.616475723890122,0.9324546420864523,1.3359330175768243
512,1068,1024,1116,166.52077536808414,18.653012189384565,20.927855916436158,19.679724011626362,0.9906865578888082,1.1219558376928638
513,1104,1050,1076,283.9936910252089,21.986810441711647,31.178050795192206,26.464074117856168,0.9179798421626493,1.418034274586898
514,205,1048,204,102.41096017125255,14.585270650763334,16.0,15.413238993122286,0.994020854991055,1.096997126972246
515,799,375,803,128.3162739609771,16.107397841170183,24.62743343132724,18.96330354694462,0.7888592272311675,1.528951707418564
516,56,918,55,140.8199869064958,15.370780822658222,21.01203334074357,18.466247916368598,0.9386720669420929,1.367011447445111
517,60,61,80,25.377265341193652,6.3385540931158415,15.58139682380505,10.857996504059967,0.44346544207416044,2.4581941867038175
518,1053,534,535,110.90524994314454,15.017558356593481,17.226625177583543,16.08139451139232,0.9872674149245957,1.147098933697179
519,996,154,1058,138.70523586028835,16.427088793013624,21.267668586649055,18.313619503653097,0.9425133061170033,1.2946705806870729
520,871,838,125,88.20244883366757,12.591010897469896,17.360135515903735,14.718532251942383,0.9235427740781241,1.3787721778075954
521,724,753,129,39.46021800968196,8.000000000000002,11.03227143819373,9.787123154844215,0.9349767918299507,1.379033929774216
522,227,841,226,103.78566911541597,13.25463207471616,17.49988105160165,15.778056466675883,0.9500963287258205,1.3202841808776802
523,845,25,770,64.41489977109977,11.632381697017202,12.93701251829757,12.232902339631439,0.9921758149290886,1.1121550904416164
524,1057,644,920,173.65171315560818,16.68202969428898,22.531311727280556,20.51347467465384,0.936662026424098,1.3506337142532514
525,616,601,813,201.0199196913813,19.751836038335437,25.5570138136852,22.03733955242272,0.9435249813492401,1.293905729274117
526,644,645,920,144.39662565728725,14.79262487920473,22.327082602391975,19.013314282511704,0.8979236267159658,1.5093387944812338
527,848,130,131,129.2459674340978,15.999999999999996,18.338240094865725,17.358784864736787,0.9873315421819562,1.146140005929108
528,921,1013,1063,134.35037304871136,16.706606006355585,18.276412991177285,17.652668134183546,0.9941987320378376,1.0939632492814224
529,631,632,862,102.35342245366854,14.182775597813706,16.164656605231933,15.449144067681843,0.9870248862516122,1.1397385859876212
530,995,22,908,206.98942223123254,19.527498456805642,24.503350639358455,22.144273614836063,0.9666207741680594,1.2548125758944126
531,634,827,633,72.88646629208617,12.75049286534922,13.161816966740936,12.977320279977123,0.9993122071832644,1.0322594668092817
532,1036,247,248,110.5824057466798,15.611150405088312,16.3566812350658,15.989277213384703,0.9985511128264657,1.047756303067485
533,632,633,827,75.07857842779285,11.693437991439959,16.000000000000114,13.571029666427096,0.9251430516821612,1.3682887797166856
534,921,1063,1014,147.22851381427932,18.276412991177285,18.644561705467506,18.441257027176192,0.9997247867450259,1.0201433790354781
535,646,647,1014,113.15073371287495,15.034338314986206,17.47775209417563,16.257657576285755,0.9849379708296438,1.1625222027067088
536,991,862,827,77.5615516185343,12.31947206948206,14.585535437782866,13.479256122440361,0.9812274367208049,1.183941597133397
537,991,635,1056,116.40191911237862,15.76818432428692,17.81053420266252,16.481212505305177,0.9864346932241853,1.1295234655032458
538,35,853,990,155.2884330405038,16.762646456061553,22.331002207492904,19.37111259609261,0.9425808342019298,1.3321883430535382
539,827,862,632,73.3444846376209,11.693437991439959,14.182775597813706,13.136324816436606,0.9752837569850714,1.2128832947329977
540,673,883,681,105.37891796919314,14.370580695352103,17.278075389188555,15.740397074873071,0.9766399770529914,1.202322700486058
541,216,1047,912,219.30017279416018,18.646293560492705,27.942180468795858,23.459688609241965,0.8966705213531887,1.4985380541256221
542,970,784,760,91.9953732066389,13.566396789527106,16.42911891009508,14.740409106901746,0.9710950506603566,1.2110156561820393
543,863,641,828,93.73287608654354,13.046197180616792,17.946371289478474,15.181343217259714,0.9224168771143731,1.3756017206410194
544,795,97,98,45.786943687329256,9.476294246013747,12.675355448579786,10.632901163831662,0.9182313731166628,1.33758567637468
545,522,523,922,120.69541526959,15.999999999999968,18.25093933228024,16.79640052847726,0.9842998275780696,1.1406837082675172
546,28,29,732,72.30343698563763,10.976411730137766,15.999999999999988,13.428869229022135,0.9047941872688235,1.4576712675663426
547,639,994,1057,192.6521628236663,18.736193951059985,25.10779016801774,21.619972102119103,0.9378953008309134,1.3400688652989359
548,829,532,533,108.68339383416772,15.252061076375071,16.33342016352291,15.861827079965982,0.9967893541533243,1.0708992103908388
549,734,720,24,17.802823643164718,5.75383025402261,8.02521772896296,6.6668762347375825,0.9054669882430214,1.39476094612843
550,922,523,1015,142.7851206428627,18.019235371896997,18.25093933228024,18.159804021826275,0.9998770716691602,1.0128587010270487
551,986,528,529,147.74914262862802,15.86552536047463,20.968299318480522,18.824834808550605,0.950327119409941,1.3216265356531023
552,526,527,992,135.95987323216792,15.062722877560295,19.720812090790492,18.06366011002181,0.9491283110919255,1.309246160278869
553,703,706,135,24.234309515788265,3.8694038606223855,15.006888541063745,10.7170409391361,0.4032184825025635,3.87834640208632
554,639,920,1013,185.6778487162842,19.42919000444444,24.735533419347696,21.212725693173223,0.9399793667982069,1.2731119214794557
555,923,525,526,153.32218085409679,16.0,21.290263556197463,19.2007381821827,0.9468704276144801,1.3306414722623414
556,506,924,505,179.70182640482727,15.999999999999968,24.719084697529496,21.296444750027415,0.8868270095400201,1.5449427935955966
557,73,964,72,192.9060823113306,15.88399316245153,26.268988484240754,22.381286897624083,0.8529505724914254,1.6538025555399074
558,1019,502,503,184.99530396411302,15.87889954341623,24.801745810330534,21.707586630302213,0.875059691848926,1.5619310231491406
559,785,784,786,80.53523210461708,11.354776372128464,16.19886812361024,14.057409828116702,0.9221984386064446,1.4266126951977782
560,536,537,1106,105.78458691744311,15.158397239673455,16.00000000000005,15.641980708104796,0.9979638111585256,1.0555205637522087
561,134,706,707,1.4838133743208737,1.9347019303111819,3.6951494244153555,2.5749698405650396,0.47185986646820144,1.9099321536424059
562,507,1064,1018,146.61966237597497,17.226390622552042,19.941929284092474,18.5044148748112,0.9853006485615633,1.1576382842488993
563,1053,985,534,136.3833470426829,16.868489184542007,19.516935157244212,17.870683173123254,0.9819980094147959,1.157005523359448
564,985,829,533,152.37991981986147,16.33342016352291,21.116276595854167,19.063532188811084,0.9576717766390384,1.2928263881322732
565,782,769,37,56.995255802792855,9.321131729907483,15.164704660483133,12.240069635905487,0.846405014557339,1.6269166770625234
566,926,1064,508,115.50001314934224,15.66765886125208,17.409955114980818,16.3846595575543,0.9915443098142253,1.1112033564910988
567,1019,1106,1125,152.16654977833883,16.736182886288223,21.035706017689364,18.990446131572092,0.9661123901225557,1.2568998654360843
568,268,867,269,92.03674586558344,12.515868439333305,16.0,14.827476953695339,0.9551680929636892,1.2783771320028583
569,541,925,540,172.23207607997256,16.0,24.48574869897378,20.81567292547336,0.891923215975739,1.5303592936858612
570,925,502,1125,314.5469039610615,25.796995733852548,29.266160906885453,27.092332696780318,0.9864592021881226,1.1344794257759416
571,505,1065,504,82.1458472790629,10.979577696624654,15.999999999999948,14.286199374523925,0.9052460303192139,1.4572509473582644
572,503,1065,1019,165.16183115083047,16.878374419973785,24.442114537159874,20.339542448364252,0.9007816216418121,1.448132025572036
573,760,785,780,47.67125695903452,9.702542897335402,13.141304540836906,10.906286294769657,0.9064827642624739,1.3544185972572085
574,538,539,925,171.29787846406276,15.999999999999968,28.32926718527852,21.96422804234373,0.7789723971431949,1.7705791990799111
575,947,256,257,179.97132416517033,15.999999999999886,25.9096257200585,21.541660072635565,0.8639100221115001,1.6193516075036678
576,1008,158,159,85.82756144799365,13.198325441521758,14.908119482339949,14.130877484362538,0.9901552647272164,1.129546285882541
577,531,926,509,143.9859734661889,15.472640048201093,20.771436211611302,18.625712160613144,0.9443837539531759,1.3424623171548715
578,926,508,509,108.90887093206224,15.017450487230509,17.409955114980818,15.966681883470805,0.982435447631482,1.1593149669302842
579,531,509,510,163.13180260129684,15.964210981462278,23.8288105858348,20.18815259296946,0.9011972962193624,1.4926394178519022
580,530,510,1084,169.40771412479702,18.121574411333764,20.863563972864146,19.892115492128017,0.9848005605701801,1.15131078013925
581,830,515,516,110.66661040564261,12.040999640859688,22.796496767634366,17.758538543352188,0.7631870759492244,1.8932395521612
582,511,1084,510,126.40883470217915,16.000000000000007,18.121574411333764,17.15197707938149,0.9897326447977988,1.1325984007083598
583,1084,927,986,212.63719562675243,20.83372228683086,23.557952385813056,22.243449274110606,0.9900246343418957,1.1307606034810305
584,830,1086,986,171.31910079347088,18.80405372712566,22.757105650311264,20.16738809162816,0.9647984015019875,1.210223390155664
585,708,707,706,2.5758282036636135,1.9347019303111819,2.9236581419947663,2.539568012031877,0.8963108991708445,1.5111672222937818
586,738,720,708,13.500216786030894,5.3322662490805595,5.936958613622461,5.601064509957389,0.9918021131079885,1.113402507732274
587,513,514,927,198.0035585890459,20.44770981742386,22.31099187181078,21.424435709431165,0.9949530661633704,1.091124241835591
588,727,721,736,28.069846850787435,6.753055637464767,9.275181171037893,8.250170707963958,0.9362708768363825,1.373479158024527
589,722,723,719,7.170571186010927,3.721682772349405,4.31434036613137,4.093751328485578,0.9840102424183478,1.1592445219095973
590,927,512,513,117.2832005541132,14.68321622419769,22.31099187181078,17.664736032002825,0.8382308264096492,1.5194894314123528
591,830,864,992,210.065762999877,21.053801861571333,24.55824946603474,22.224843324156666,0.9767651406377951,1.1664520084070866
592,703,738,708,15.076327749627186,5.3322662490805595,8.446124332774735,6.5036652656402545,0.7875263842981283,1.5839652294615065
593,736,721,36,26.697231826839943,6.35891654969607,9.300170811320864,8.127120892135382,0.9111201668854153,1.462540157374038
594,726,695,694,4.032807033135615,1.9999999999999845,4.897026138501816,3.6680647595341553,0.6229720543623247,2.448513069250927
595,457,449,765,65.13006746380994,8.287247362018816,16.988458924240618,13.700451112407855,0.7424825435844169,2.0499519541434497
596,456,765,455,103.61040451579126,13.872937623387934,19.26426577893418,16.057180572436096,0.909108950764269,1.388621956063378
597,708,720,700,7.717064359789511,3.279800241296702,5.533968667169146,4.511309644500621,0.8398345986506053,1.6872883285663873
598,765,449,450,125.51906339150554,14.849766700159647,21.429630642411716,17.755952088937327,0.8980424905018684,1.443095442178316
599,700,18,707,1.6889815086163698,1.812609426235081,2.985412847936213,2.244241401494166,0.7340428070603814,1.647024893905097
600,922,1015,1016,140.15352635100314,17.61393253742675,18.36276494068926,17.99864428333767,0.998845339843494,1.0425136409300628
601,521,522,922,156.0679451548663,16.138262253151566,21.476987829447225,19.372563801640066,0.9467764742660301,1.3308116755416515
602,694,700,720,6.5464087289916435,2.9516617202972193,4.720160025036013,4.101651801282296,0.8645911905921325,1.5991534506063636
603,765,968,454,178.594889944514,17.050328049628707,23.512070785933552,20.82007134118971,0.9352223503890161,1.3789805520161567
604,452,453,451,178.9611165962268,15.718547123203798,26.274277750524483,21.63753845005503,0.847648826235261,1.6715462023674097
605,457,765,456,99.33230576424575,13.872937623387934,16.0,15.232861558117355,0.98466882883503,1.1533245830375625
606,700,696,18,1.046126803879295,1.2329439891823433,1.812609426235081,1.6146937922825557,0.9014194711659866,1.470147421244299
607,228,914,928,149.756010406878,16.99859740831107,20.38502149773685,18.750369167128863,0.9783650898268328,1.1992178535724405
608,726,694,693,8.065614066271346,4.000000000000004,5.1618562931211684,4.423008144407279,0.9389487835982723,1.2904640732802908
609,236,237,928,116.60415611990075,14.876728892363657,18.693088618487323,16.644496363760613,0.9634342166495358,1.256532182157506
610,765,450,968,169.8429402266796,17.050328049628707,21.925758930646516,20.13523920756231,0.956141985894314,1.2859435235983028
611,358,359,1085,101.23140657572182,12.691132484973279,19.646631792390625,16.112588092454633,0.8733545915883755,1.548059782344317
612,243,244,245,98.91032218006397,13.19966828922937,20.150177841479195,16.113021011030966,0.8513341535904743,1.5265669863780806
613,1085,360,929,185.1594905459271,19.36284232342052,21.71644683268867,20.74953195642834,0.990854230339789,1.1215526351945408
614,488,899,487,163.86915290329125,15.233106028411415,23.104299393614113,20.30161844923211,0.8903441840044352,1.5167162462154506
615,352,973,790,139.00613262635392,17.25441429598209,19.125678887040863,17.975896411582312,0.9913922333543373,1.1084513538946679
616,305,957,1042,272.2497325998647,24.42887349880022,25.763635007287963,25.092347400307734,0.9981124127608153,1.0546386843647662
617,352,353,973,94.69344638985956,12.825133500522364,19.125678887040863,15.577629635172721,0.8761594661161016,1.4912654816623843
618,693,133,726,13.330521748744083,5.1618562931211684,10.627888400120042,7.466927808640691,0.5038475239284955,2.0589276021269827
619,351,790,363,71.58419973165584,10.867634492253595,14.575045802423976,13.135712583264892,0.9436894811863942,1.3411424365452305
620,790,974,362,174.2358376372653,17.64756510286514,22.974363880278812,20.410614187491344,0.9549968335912488,1.3018432710894972
621,731,728,723,11.541602684356894,4.115450047485213,6.3309503295630325,5.392649652424088,0.8897729442355258,1.53833730370063
622,363,790,362,109.79605231264304,14.575045802423976,17.64756510286514,16.07420363509637,0.9754072006378182,1.2108068367051152
623,728,719,723,7.460761656513754,4.096783076510734,4.24523084697596,4.152487990323968,0.9989781599678574,1.036235203986358
624,352,790,351,101.76614160456351,13.964457455117108,17.547596051723982,15.559380109350712,0.9619640200924274,1.2565898895910113
625,755,31,32,84.28896079252326,11.382280782538352,16.032604082733567,14.37535081565688,0.9219021075841969,1.4085581254795008
626,520,1017,1105,196.56732169750964,20.31418014850483,22.10645558052415,21.3455367200858,0.9950655900604248,1.0882278004289154
627,723,722,711,8.28574368235213,4.140218656689995,4.735089718454923,4.396549580425429,0.9867522418421547,1.1436810736562677
628,737,96,725,9.899059410728063,4.14184970355273,6.9840181402957775,5.333131580766424,0.7647260944068865,1.6862075256630236
629,336,337,335,173.72089903225515,16.0,26.968168366056812,21.561094104357835,0.827296053713074,1.6855105228785507
630,701,704,722,5.001226514086188,3.1974584643285695,3.8350291626175563,3.4367855068813675,0.9712380532759988,1.199399212031006
631,331,338,330,137.7942163116224,14.932701032896741,23.590067112107064,18.99322859642567,0.8522782033307065,1.579758883549476
632,737,725,95,9.899059410728063,4.14184970355273,5.747682786089142,4.92101979603088,0.927519644281982,1.3877091631690512
633,338,331,866,174.9934647642209,18.40079084315751,23.590067112107064,20.50796562387072,0.9496876968095198,1.2820137630594954
634,753,730,32,31.79329219964657,7.454567501857617,9.833776193202683,8.731489350073078,0.9511107726400051,1.3191611975815078
635,517,518,831,54.49834721640471,10.319729728200276,12.274387031303212,11.303935186140805,0.9800859094292798,1.1894097379083028
636,303,304,717,49.29332286829736,6.688381008215227,15.192653577646688,12.308231887808631,0.6804929343507213,2.271499419513602
637,131,130,773,93.57929959757075,11.788245506324161,18.660771404929854,15.483005637084668,0.8723730362973722,1.582998198919315
638,682,683,684,113.30976370854458,14.282258221514395,22.77594882923292,17.68606901691577,0.8020962694393909,1.5947022155728754
639,172,1004,900,192.20519831954098,16.024088419416998,25.537454243475572,22.209323697011694,0.8662410418891061,1.5936915458186605
640,157,904,1005,261.1834427706694,21.970395375471696,27.146912734729575,24.83113303965912,0.9709877699332427,1.2356133001155307
641,1070,1134,395,162.00309247261256,17.605801649141885,24.164845164426726,20.092178488435234,0.9078096493702877,1.3725501198978083
642,524,1015,523,108.32983800506332,14.956923927047503,18.209237361301586,16.05786400514069,0.9615920548756623,1.2174453417104523
643,1011,915,221,146.0679727138752,18.330064922606148,18.431596162238243,18.366706275725992,0.9999748529913259,1.0055390551021386
644,637,638,921,124.87417186724568,15.999999999999988,18.435844069943226,17.07592238107137,0.9855380757171289,1.1522402543714525
645,282,963,283,144.82394583659777,15.999999999999886,21.51437555669043,18.712810537608988,0.9414913234886171,1.3446484722931613
646,1099,309,955,159.35047114707427,14.618044787566843,23.357543941740502,20.217294983933893,0.8669280089141772,1.5978569145996124
647,939,414,1029,264.1110066749012,23.1123392788454,28.794755145755317,25.145621628566605,0.9545357523501891,1.2458606979740472
648,246,247,944,99.00112148866901,14.698553943438153,16.0,15.1572822175701,0.9936291602549433,1.0885424553714584
649,1032,939,1031,203.26726089143187,20.133318882621595,23.38901859654652,21.78837008045119,0.9851511035669506,1.1617070554986906
650,672,668,715,8.75261278149754,2.580387130234763,7.509132358558422,5.634503172730665,0.5539106359427197,2.9100797591852983
651,526,992,923,194.8788710445318,19.720812090790492,24.831851648652663,21.6215382432646,0.9520866674546826,1.2591698320704043
652,279,961,280,120.63880087304909,15.266486226860158,20.320190873567103,17.195559033475792,0.926643672739029,1.3310326011898768
653,1015,923,1016,182.63046498739598,18.36276494068926,22.488733455163764,20.747859769985787,0.9728927985719423,1.2246921162363706
654,715,668,669,38.89247218841711,6.813990029398809,12.559589030989159,10.29913843172522,0.7996347500515616,1.843206253135254
655,201,202,882,115.77752700892903,14.865431055075023,19.190898715237086,16.6854432567707,0.9489614987629276,1.2909749232387957
656,499,925,541,174.48075158321114,15.06238583090613,24.48574869897378,21.263449580823128,0.8548388281764319,1.6256221938447553
657,500,501,925,159.5143662429437,15.1694431065309,22.56481250920907,19.965719722741785,0.8981459158851631,1.4875175278843453
658,925,499,500,174.98029315035578,16.0,24.24221421258947,20.935675573932848,0.8961037161148224,1.5151383882868419
659,635,991,634,114.77351336202062,15.76818432428692,17.183312980887255,16.31716576839138,0.994089705292528,1.0897458215541458
660,843,322,323,81.98960696111226,11.990729669952648,16.0,14.051359685628233,0.9461382651649142,1.3343641663521204
661,176,903,175,154.31875249482516,15.999999999999927,24.05840403421961,19.805458139460743,0.8839340614408172,1.5036502521387325
662,1063,645,646,95.73122114151732,12.596936217294767,20.89097118269209,16.26193313424474,0.7999186779474692,1.6584168421850194
663,716,652,648,8.752612781497525,2.580387130234758,7.509132358558415,5.6345031727306605,0.5539106359427195,2.910079759185301
664,680,681,883,112.58165613687878,15.572535140078555,16.88569055724484,16.1527418991078,0.9953526527505974,1.084325089354697
665,882,881,880,87.42346636077419,12.507521823731254,15.406945554778767,14.379693225747076,0.9681692412506321,1.231814405116309
666,716,648,649,38.89247218841683,6.813990029398809,12.559589030989116,10.299138431725174,0.7996347500515637,1.8432062531352478
667,338,866,337,127.56746203006111,15.245420183498368,18.40079084315751,17.34145574654638,0.9725394732691871,1.2069717083347111
668,878,881,868,106.19582916400338,13.923818281028892,17.287774550125405,15.842239239535504,0.9694608374863585,1.2415972545174538
669,248,249,1037,99.70419000471834,14.786919499116676,16.00166233233329,15.206614914585437,0.9943834631016629,1.0821498239230407
670,1015,524,525,114.24979388035717,14.956923927047503,18.370522990484933,16.44248230584415,0.9686241479137361,1.2282286839250691
671,1050,797,975,179.7832226473413,18.2544679054371,22.611014936532708,20.607035756794826,0.970359582119397,1.2386564787132475
672,687,688,686,107.3569029581231,13.665445741586833,22.91979047643683,17.528412072674556,0.7683299771910133,1.677207674733
673,938,1072,1029,315.94112094435286,26.175427870630692,28.7041279042785,27.087649132088867,0.9926268311150673,1.096605871970676
674,1076,975,778,156.35912476188304,15.873638535535196,22.03864464813281,19.501548913140674,0.932486380175343,1.3883801498186095
675,930,431,370,183.62741548103259,19.904709635839467,21.614205261489982,20.63169552042306,0.9950321808857572,1.085883977054982
676,156,157,902,109.58396388869394,14.824323722772155,18.13629458702512,16.12103073459004,0.9660246359152953,1.2234146343664454
677,895,481,1003,161.71160825892682,17.767178404829025,23.643209821737877,19.93665077388157,0.923470411309572,1.3307239496909524
678,431,432,370,136.9459524688624,15.297892002747355,19.904709635839467,18.09478845877761,0.9541932991733083,1.3011406821452767
679,930,370,371,117.70943885226269,14.714628408018205,21.614205261489982,17.442944556502727,0.8678514251806329,1.4688923608639755
680,370,432,369,81.66666666666704,10.209056679954365,19.081763737746012,15.096940139233462,0.7811309603960456,1.8691015571706384
681,897,1003,896,203.72192582570437,19.005841536278542,25.857193284761838,22.259360192216604,0.9346667650924043,1.3604866290927116
682,974,1049,1021,186.6009233608849,17.39817264881101,24.469695492260428,21.34781838246546,0.9279295335699087,1.4064520444871367
683,203,881,202,110.12295144826092,14.805101328291864,16.69018507887385,16.013044764579533,0.9889843879083103,1.1273266361898975
684,836,337,866,155.43776820485974,17.704554530740946,21.42655125139964,19.169753998374617,0.969917699727141,1.2102282050754838
685,427,428,426,120.1278007149318,15.016880453676379,22.0631677026936,17.69334938545667,0.85952530628552,1.4692244351783579
686,640,994,639,96.02690310787722,12.068351943642373,21.015932187279574,16.361428043640675,0.7889036428362448,1.7414086269128737
687,803,978,425,173.32860219340694,16.693229435753405,27.542140503073917,21.682925541437054,0.8166690774130241,1.6498988772109255
688,666,667,809,87.09514456641023,12.434778805931543,16.000000000000004,14.403919749440332,0.9593470441893428,1.2867136802118109
689,425,978,424,114.5807681668023,15.161239721309977,17.13716317010593,16.330544109056436,0.9895655527975226,1.1303273007430046
690,424,978,1022,139.40075828385545,17.13716317010593,20.015630123841515,18.106310186007345,0.9765544299634489,1.1679663620614167
691,1058,877,996,200.95374261195406,19.774827239182144,24.405099233846872,21.815865019892687,0.9675336270865347,1.2341498076650823
692,931,1024,421,161.83998544265003,17.41320434002821,23.015439562145104,19.803215078566694,0.9397018693826644,1.3217233952305312
693,429,803,428,102.60621565603175,12.732015063892911,21.269285847199974,16.719938618181704,0.8118883444891623,1.6705357117836088
694,174,901,173,157.04328903889004,15.999999999999938,24.541863786179874,20.07112126841371,0.8737277509787725,1.5338664866362481
695,791,373,374,60.17536329949819,10.141215966818176,16.0,12.674455558533017,0.8337646558579808,1.577720073445988
696,803,425,428,265.57185127838113,21.269285847199974,27.542140503073917,25.19476351745188,0.9544530891623254,1.294925494957309
697,429,791,799,47.59376617965565,10.237897295972648,10.727760592011576,10.489666880911974,0.9985454745777361,1.0478480377246633
698,803,375,977,151.0438786140311,16.483992847006622,24.62743343132724,19.812527372119302,0.8619384796283321,1.4940211185422476
699,51,1075,1040,100.55493473304817,14.339780477817097,17.349053012966596,15.436025915264095,0.9671319341476773,1.2098548537618612
700,1073,383,1034,93.26219486298262,13.501027984472032,15.806216861973326,14.766484881759473,0.9836482261468272,1.170741730196587
701,1071,937,1027,267.5878235544813,24.161647741463014,26.329891774988354,24.921261817369857,0.9934157189671985,1.0897390797484596
702,379,1023,378,168.7964193847094,16.0,24.744930897109636,20.68900532852422,0.8839806181069745,1.5465581810693523
703,803,429,799,81.61136625370746,10.727760592011576,16.15851494345223,14.331224458877996,0.8895418606298289,1.5062337386131326
704,1067,379,380,142.0738515012477,16.0,19.757986783989423,18.324817574052734,0.9691487526822486,1.234874173999339
705,993,1048,970,109.34569286983645,13.023858804761412,18.56015170252138,16.379303555286153,0.9213485189561897,1.4250885225917795
706,1050,976,797,246.35943517111596,22.366170750529754,27.993222515909004,24.32346940099049,0.9508135048171625,1.2515876243699862
707,405,406,834,117.66526897068843,16.00000000000005,17.292562297930576,16.513764740949266,0.9953054335590886,1.0807851436206577
708,406,407,401,185.98113671317014,14.812419862992316,27.17236699700841,22.49481310331427,0.801326538241164,1.834431325086623
709,24,738,733,28.55397881707065,7.787402192994482,8.651537889711914,8.14631336090214,0.9916539695204885,1.110965849111377
710,405,834,404,89.90867342216423,11.624587558238053,17.292562297930576,14.956205488965516,0.9045799761179284,1.4875850185046584
711,753,776,777,62.87592895642512,10.045918429126464,14.380552185980077,12.430353178077631,0.9205415687300135,1.4314820777646438
712,400,408,409,179.6884536289762,16.000000000000114,29.27594147036017,22.636011813612257,0.7659656223117978,1.8297463418974975
713,847,130,777,86.26409487639583,13.063894781261231,17.256523504092716,14.55701086682655,0.924173047958629,1.3209325238018117
714,400,407,408,179.6884536289749,16.0,26.064201618330962,21.56543186293582,0.8600148119312434,1.6290126011456851
715,410,932,409,172.23591526785563,15.999999999999886,24.078097718723704,20.74368873013235,0.8995684181330664,1.5048811074202422
716,768,36,731,29.818174203059698,7.632901142941539,9.798701191972805,8.477200778304782,0.946446843422988,1.2837453293934078
717,1025,410,411,124.30408467984671,16.0,17.85924082151444,16.994129062116357,0.9919937497956323,1.1162025513446525
718,796,19,20,65.27701168733176,10.063581597534949,16.00000000000003,13.018431668422124,0.8596969021441075,1.5898912176475215
719,21,22,802,65.59869352652134,9.504889619509477,14.946739859064277,12.920202551790355,0.8765392955828999,1.5725316607975128
720,1088,761,1087,159.39967304536708,16.658364073305492,21.17352975108763,19.474273854158415,0.9604694699884168,1.2710449632336678
721,20,21,802,80.66511192816876,11.90935861267462,15.38860977545791,13.868982188309948,0.957961666664859,1.2921442939068501
722,870,30,847,104.3653138766496,12.862674063520153,19.242745306986933,16.175905676147533,0.8977439973724302,1.4960143755458524
723,346,347,345,162.99390693592667,15.648726896959774,22.748251947179103,20.0739639753461,0.9116507584046136,1.4536806793911536
724,141,142,793,83.47029456529266,11.691651294431603,15.999999999999993,14.218079392557824,0.9379238024872072,1.3684978791336628
725,787,785,786,93.2612470545517,12.115218826621541,16.94473212444257,15.08627302489145,0.9279441170945925,1.3986319493634594
726,350,339,935,135.59479370543295,13.994107593802532,20.75981383049909,18.403146454954896,0.8987739281706831,1.4834682162721715
727,1088,794,761,111.80858106223835,15.790483705009525,16.658364073305492,16.08467795129064,0.9974096205497882,1.0549622408350057
728,685,686,865,128.28606749737818,16.0,18.221109431171982,17.28669451233751,0.988488707619926,1.1388193394482489
729,181,980,873,200.17195350867084,19.0863962945455,25.77390541003317,22.0780983231808,0.933621790772088,1.350380921169431
730,936,348,935,156.37682581170208,17.794979962221976,22.867548914473776,19.50688508699417,0.9351847800524796,1.2850561766869453
731,936,344,347,135.00462270058543,16.21228043240191,22.811915687760383,18.563492862790188,0.8815752681774881,1.4070763075482227
732,339,1097,935,141.29351121584332,16.58361831121732,20.45551794056306,18.291582770284705,0.9677293373157403,1.2334773724698396
733,171,900,170,127.23552383024162,16.0,20.48028917704359,17.561143304950964,0.9397959384568767,1.2800180735652245
734,1072,1127,1117,205.88575694359213,20.239741260512105,23.5445783043898,21.930243417641282,0.9849075502499361,1.1632845500019042
735,349,350,935,151.73945718309187,16.0,20.75981383049909,19.05965277550392,0.95232449085947,1.2974883644061932
736,348,349,935,150.53151843911724,15.034338314986206,22.867548914473776,19.440343908490885,0.8945150643871292,1.5210213070487737
737,225,1055,984,179.81630864947041,19.18377228657571,21.612641477198085,20.450289485866765,0.9906130855472407,1.1266106141346368
738,146,793,145,90.7336748348108,12.176616245865857,16.20096599289537,14.79252741292038,0.9428264842322128,1.330498199645229
739,1025,1107,932,171.87050159956084,18.948749512053052,21.75403612075432,20.042107151231637,0.9844463547944559,1.1480460020286227
740,404,834,403,121.6467921034456,15.951466610727916,18.873591719559247,16.9416861100957,0.9724597821622345,1.183188491700575
741,769,768,37,33.71654316298964,8.0,9.339059802233146,8.886730510713543,0.9810733203975257,1.1673824752791433
742,1027,419,420,111.58434917344263,15.568384584084628,16.645501780613014,16.071295454899204,0.996945918041187,1.0691861888888272
743,847,777,776,78.54570358004798,12.864588919126348,14.721216178850232,13.549899959745938,0.9842702802360491,1.144320760763957
744,938,1030,417,264.27446124955486,21.104703355557263,29.511242402983495,25.418512090087063,0.9276675302833793,1.3983253830105427
745,416,417,1030,112.02333326335484,15.03631543765634,25.63959051172043,18.891968649792247,0.6811184393383576,1.7051777490321651
746,767,768,731,47.02943783487744,9.798701191972805,11.057528515126599,10.459514641063864,0.9903554699643381,1.128468793821883
747,1028,381,382,160.66779393117213,16.0,22.09866194885715,19.76525277675258,0.9325368171467139,1.3811663718035718
748,420,1068,1027,142.47376433595784,16.645501780613014,21.615427282970092,18.574421376403304,0.9407706361309186,1.2985746880965487
749,940,1034,384,172.58756930934538,17.5391694208803,23.589227222052987,20.44137430706783,0.9400760870458026,1.3449455134386308
750,1000,999,891,160.43948066093458,16.228267386474897,21.61919429142749,19.663341669693207,0.9437939769267127,1.3321936209558358
751,638,1013,921,138.14324377224293,16.706606006355585,18.620984154287992,17.921144743528938,0.9910455351775052,1.1145880945060973
752,1031,1080,388,85.29984809568928,11.566255892233285,16.337273585107916,14.445525666888686,0.9250402654849927,1.4124945649938767
753,396,1070,395,111.89387524534197,14.803517569459475,17.605801649141885,16.19787100822227,0.9800057554457114,1.1892985276326276
754,385,386,940,174.4069519885336,14.835469504063942,26.333652461302336,21.622970299394296,0.8190755611391924,1.7750467859536665
755,940,384,385,177.99579737709428,16.0,23.699788932816606,21.09633871828986,0.8974329865513176,1.4812368083010379
756,1063,1013,920,138.00113261926992,16.484754092738655,19.473453655727525,17.977731051161317,0.9815589654939573,1.1813008277936858
757,1091,854,1089,156.15561114203385,16.958708557069535,24.428703479487762,19.941926798995443,0.8836468560704359,1.4404813548909199
758,1112,931,1022,231.48484181799137,22.23520855614941,24.123382082232926,23.15998962601122,0.9955515633020308,1.0849181837586732
759,1132,1035,939,285.6349782242876,22.598004802417798,30.31124579990999,26.287421782038,0.9410065554666437,1.3413239825786274
760,391,392,941,102.83651723126084,14.16866523777729,17.423012946248534,15.599680682794634,0.9685905087430413,1.229686258645897
761,937,418,1027,279.8921440128833,23.613708263086476,30.344813794217636,26.04005659958904,0.9403304734388482,1.2850507618768794
762,490,897,896,275.61250333422356,24.132430609263054,25.857193284761838,25.266061623627525,0.9960611180660693,1.0714707400769132
763,1103,1011,222,103.76274167960091,14.629258920436953,16.836165640854343,15.567440432502545,0.9852729729944307,1.1508556744001817
764,865,686,688,187.97890571853864,18.221109431171982,22.91979047643683,21.11968927440066,0.9640136685729445,1.257870195171899
765,979,879,163,154.8036157262907,16.522994074402344,20.744869764775785,19.165493413452015,0.9640063330139038,1.2555151730589815
766,413,1035,412,144.09050672800547,15.240114963762231,21.913583029470928,18.838833783736725,0.9180638726112198,1.437888302127431
767,942,1132,394,245.92201253780038,21.879896021873748,26.44106929756993,24.055789321890106,0.975543678156666,1.2084641202653015
768,1012,219,915,163.7194037843589,19.189966459931995,19.674902973422597,19.447683552045728,0.9995815300659564,1.0252703158446437
769,934,1026,1070,193.99840861168556,19.423039578094304,25.839863080382273,21.822621086288965,0.9249012413869204,1.3303717462185987
770,173,901,172,157.0432890388878,15.999999999999702,26.14637160105462,20.60595720670521,0.8201622797880077,1.6341482250659443
771,390,391,941,107.34031431131734,14.16866523777729,17.637659688656463,15.935441642144584,0.9685316460269715,1.2448356561936367
772,39,976,40,170.0242758718514,16.0,23.28282673271429,20.501778837993623,0.9117852919995474,1.4551766707946432
773,388,389,1031,104.21952447072059,14.905447859082207,16.337273585107916,15.5487222654846,0.9940923849916405,1.0960605638664702
774,957,956,1042,226.75724962087753,19.440077836232692,25.763635007287963,23.345085671351608,0.9473753419426487,1.3252845602947811
775,1049,354,355,104.88731886624292,15.046782864752661,15.999999999999968,15.57862625661843,0.9974295041353328,1.0633502286711556
776,383,384,1034,111.85424117037442,14.992209798833061,17.5391694208803,16.17712640657112,0.9829526962934635,1.1698855376373858
777,435,835,434,77.81031699997587,10.520996233037815,16.735764635771137,14.097033061265053,0.8739919802960668,1.590701513913467
778,835,435,436,77.64961356976346,10.520996233037815,16.0,13.969568186965157,0.8914605401951153,1.5207685323331959
779,1017,1016,923,224.41545866125887,21.25682966401334,25.070359541839554,22.93864088700555,0.9802518194798138,1.1794025702846138
780,436,433,835,60.43906994582812,10.123526898450734,15.387708327857657,12.486281628102647,0.8687201063944519,1.5199948083520707
781,990,1076,778,139.67615685711775,14.918071354695108,20.592363555754012,18.42798565217425,0.9326497933747356,1.380363658689235
782,1131,947,1082,198.6552076031722,19.748812816283415,27.463841092588154,22.452800763976153,0.8878766460700578,1.39065782576781
783,869,846,877,117.54851625786867,13.499479244127429,19.266196908327938,16.985952019895695,0.9208735323650221,1.4271807497099682
784,1032,1031,389,120.13300534975203,15.403445352263672,20.133318882621595,17.12081774590215,0.9319613507036439,1.3070659467534531
785,276,275,960,115.82867412175264,15.125596337583687,18.567008377868905,16.56420157181749,0.967411330545971,1.22752240397518
786,1032,1132,939,262.38354306612723,22.637243833665146,30.31124579990999,25.44583607670722,0.9189106093028288,1.3389989533457423
787,971,1048,205,91.01822549476401,12.869270889502753,16.935541275642166,14.796694271969416,0.9480305408874097,1.3159674251208902
788,877,882,880,108.63241044560547,14.659264594603842,18.562979746262847,16.148952213199298,0.9511673625599737,1.266296793162188
789,1076,1050,975,182.8298054381903,18.2544679054371,22.03864464813281,20.75997433176052,0.9726146462714906,1.2073013994326611
790,296,766,295,93.75754969133563,13.053470483836735,17.10777398056867,15.00367038818838,0.9502428302344061,1.3105919994036923
791,237,1020,928,138.03753268134403,15.773867735205243,19.77651102044294,18.081155791378503,0.9666401727274732,1.2537515435294484
792,944,1036,241,116.43730501875399,15.130539385134218,21.445773403087486,17.322864561631466,0.8713778241436764,1.4173832708276082
793,256,988,1081,191.71589842527254,16.470218712281767,24.922893637111642,21.95796311734506,0.8904086012655059,1.5132096344614268
794,943,1054,240,254.7967033091732,22.57479237037477,26.170457620260656,24.39078175581894,0.9855327235899427,1.1592778879598702
795,1038,826,1082,173.8530490365228,18.448000709401924,21.65528998454335,20.165175841970946,0.983157306789184,1.1738556565377216
796,943,240,241,193.90672092183834,15.025252757477174,27.9412556587763,23.045655345504713,0.794284673701224,1.8596196756072272
797,1074,1037,945,189.8634298218421,18.099546922600897,23.247690351348265,21.27698753152036,0.9576619134799275,1.2844349336899081
798,242,246,944,120.46703233250688,14.698553943438153,21.39156454099991,17.503181224400578,0.8848400230148603,1.4553516368560666
799,239,1020,238,110.39384632228987,13.863878635947378,20.134886659267565,16.66625509840497,0.8959845053055255,1.4523271003729226
800,248,1037,1036,118.62188877557013,14.831262912306345,19.65216373921973,16.946702628863957,0.9406232330077281,1.3250499202541417
801,1037,943,1036,199.26043644793273,19.65216373921973,23.64768745023126,21.63887536914846,0.9772147719034491,1.2033121524953347
802,251,252,946,94.49091227710815,14.442803125939427,15.047785044935948,14.77854881635499,0.9988497079198211,1.0418881233595136
803,946,945,251,145.3971866788749,14.442803125939427,21.73773521279795,19.087371412591178,0.8949717100591937,1.505091153237196
804,250,251,945,129.17358144551233,14.918685001450251,21.73773521279795,18.02152830966649,0.8966080731445181,1.4570811844800542
805,698,719,697,6.616906435588873,3.8478499278049796,3.9999999999999436,3.9107372623883054,0.9988899782110534,1.0395415816753952
806,241,242,944,102.99140247490104,14.85756633759428,16.419425188763668,15.469176970497388,0.9920299861955,1.1051221186350955
807,245,246,242,163.33333333333303,16.0,22.567737229708158,19.986433923569354,0.9253453795065857,1.4104835768567598
808,1039,1108,947,142.52410670430905,15.295413414682868,21.4099479080131,18.646286732039254,0.9295588361793105,1.3997626169071422
809,257,258,948,124.02975994613841,15.462676837842066,18.30536368811106,17.04428112705773,0.9812568356044558,1.1838418328262568
810,258,44,948,174.4249795980959,18.30536368811106,22.001852921391407,20.239430386241736,0.977885924260539,1.2019347605577013
811,43,1039,948,142.17424652363803,17.426797464727315,18.887942615524302,18.149621371846717,0.9956716343286385,1.083844731296982
812,259,949,258,108.72308572130012,14.467448644341507,17.737830953755424,16.02010910188378,0.971541280926786,1.2260510743677686
813,850,261,262,135.35980619211443,16.000000000000128,20.786421974293585,18.05194360296888,0.9474914718663103,1.2991513733933386
814,127,775,783,67.79401324177263,10.595054640092952,15.451044684368737,12.996378899597916,0.9058431385428489,1.4583260973379164
815,851,871,125,89.95083640333199,12.042416744859622,17.360135515903735,14.893430529690535,0.9167321791275849,1.4415823570724717
816,260,949,259,106.03383552490953,14.467448644341507,18.59234312672919,16.009328513568224,0.9429993627721959,1.2851155434376473
817,837,253,254,97.7526622756856,11.471705376307199,18.676852376789952,15.872072514992439,0.8621418149733964,1.6280798507398668
818,694,695,700,1.7000165751947098,1.7494487290916176,2.9516617202972193,2.233703483129607,0.7467286884442949,1.6871953268558135
819,326,327,328,163.33333333333303,16.0,24.43207497025476,20.33705280576023,0.8865437143016093,1.5270046856409225
820,135,706,134,27.39326414705675,3.6951494244153555,16.000000000000018,11.56734598849304,0.3835140882317137,4.33000080978634
821,326,329,325,117.06671500508993,15.07386055465946,20.579083447025944,17.08830600956162,0.9067680201702548,1.3652165198426738
822,695,696,700,0.8500082875973786,1.0000000000000204,1.798527961430243,1.5159922301739603,0.8072391001583986,1.7985279614302063
823,836,333,334,110.10781254095407,15.402015569461929,16.492661150806256,15.964892240089412,0.9968889705695136,1.0708118737074117
824,866,333,836,120.64435103251557,15.402015569461929,17.704554530740946,16.776292016989185,0.9865067523769283,1.1494959507666214
825,737,95,689,12.097245872550648,4.554715560946062,5.81242764533313,5.371608664122778,0.9571358138627062,1.2761340565745072
826,302,766,301,101.76131140512462,13.759271287657066,16.657203957471534,15.472158415042868,0.9754324360129143,1.2106167259318519
827,767,797,37,106.59146052649507,11.24377223287656,21.051480278215617,17.12361840942071,0.791124064390396,1.8722791463759394
828,651,652,716,56.587960264395974,7.509132358558415,16.0,12.910628720494117,0.7205274423623017,2.1307388438511476
829,295,766,302,52.63903294130583,8.287247362018695,13.759271287657066,11.699996377837499,0.8513146394395137,1.6602945087312366
830,697,710,698,6.1901857609032245,3.567953881836761,3.9999999999999436,3.7932651979646743,0.9913646919942102,1.1210907238354684
831,838,264,124,63.39538830719789,11.656806959286435,12.4270009407368,12.113049464198886,0.9970744082868066,1.0660724659969416
832,122,266,692,0.5808911340982563,0.5402231759503825,2.8646877857395068,1.9817643003333434,0.2691667289434271,5.30278579903543
833,122,265,266,4.545350908384412,2.5403819393101412,15.98911219261549,10.684873538038373,0.07076109676741181,6.29397963558088
834,367,368,714,56.58796026439586,7.509132358558421,16.0,12.910628720494103,0.7205274423623024,2.130738843851146
835,265,122,123,11.602757947026292,2.9360857126423148,15.99999999999999,10.82040406494393,0.17961418552378564,5.4494321916783806
836,296,297,300,163.33333333333303,16.0,23.115559530547337,20.05812626446513,0.9171695669718635,1.4447224706592086
837,299,297,298,156.3941320877667,15.718547123203857,23.115559530547337,19.7076423768584,0.9082110406561308,1.4705913561453747
838,720,693,694,8.793479296636313,4.000000000000004,5.07717336808245,4.5701023421987035,0.9633068860956228,1.2692933420206112
839,650,651,716,101.19936416289879,13.718358236050921,22.864579682684067,17.268563907219644,0.7437349215298711,1.6667139966207831
840,128,33,724,17.239363780800474,4.424966580848742,9.981235837323736,7.468734139390823,0.6519339336313694,2.2556635524712276
841,331,332,866,106.20549763279105,14.40069791285594,19.533038916347596,16.256605218741132,0.9095017880900331,1.3563952965716932
842,123,264,265,20.180659310778303,2.9360857126423148,15.029164041062327,10.688569497054596,0.32266207977380473,5.118775646211264
843,52,852,51,81.44140635245935,11.547363389490116,17.086472535484727,14.289164992757746,0.8986383504879754,1.4796860511929553
844,124,125,838,80.23351936763495,11.656806959286435,15.999999999999883,13.95375243391328,0.9363706134255313,1.3725885704278074
845,50,951,49,131.03453275144108,15.999999999999927,18.23860917726299,17.485743807124972,0.986170246248652,1.139913073578942
846,49,47,48,123.69904198304644,15.489301013959166,21.603429357448384,17.697576790469213,0.8902850773013197,1.3947323599676373
847,49,951,47,185.2323120859435,18.218622244111994,23.08262710410945,20.968226235223277,0.9638683356021297,1.2669798404525037
848,852,1075,51,115.34245201670905,14.852805108252587,17.349053012966596,16.429443552234634,0.982266389090665,1.168065755022062
849,799,791,374,45.3441304011457,10.141215966818176,10.322817686595021,10.233976983128615,0.9997899028295976,1.0179072924165151
850,177,860,818,97.62387654417054,13.892930869942616,17.148904403695582,15.223942524820577,0.9646614933227763,1.2343618898152924
851,54,919,53,157.34139617466835,16.000000000000128,24.775428024017664,20.155078633187074,0.8668661483970548,1.5484642515010916
852,312,954,1099,203.8512580953839,20.231890601909274,23.848379808306973,21.858165602400874,0.9807277998121549,1.178751915851918
853,1069,411,412,178.39450107759467,16.0,23.936265908879655,21.13337820982726,0.8959443171157767,1.4960166193049784
854,515,986,927,232.65233589370467,21.416948223692533,24.97050912594756,23.315136578484385,0.9845305270528941,1.1659228413469243
855,483,896,482,142.75736095393071,15.366792049077285,23.01938872049001,19.016988960941354,0.8875159306683443,1.497995720054807
856,873,180,181,120.88789624243364,15.13679859000273,21.37399326496373,17.50359728498886,0.889132013110113,1.412055074781825
857,339,340,1097,104.91514302227414,14.35987462459525,16.58361831121732,15.647830978604206,0.9859622241574543,1.1548581547371797
858,1102,197,1010,237.59986320162207,21.581635724519675,27.719173897227826,23.941543454486137,0.9452741133395135,1.2843870710752046
859,63,64,952,128.30663446317305,16.00000000000005,18.50759094711298,17.304639840718938,0.9860492495106247,1.1567244341945577
860,252,253,837,104.090115062211,13.71775603502717,17.46765979188017,15.728471942302436,0.9624467513736674,1.2733613097709222
861,270,269,875,93.24916593102333,13.99988484977151,15.999999999999886,14.75922520981761,0.9850531652634874,1.1428665429531029
862,871,263,838,70.175681033163,12.521709617167287,13.102734145789384,12.738484886808857,0.9983223508756008,1.0464013738048605
863,995,996,877,166.33735592329418,19.44552977250337,19.774827239182144,19.60088040060613,0.999809768634683,1.0169343530637263
864,232,861,231,104.00389415091907,14.784539977317124,16.380301936147248,15.539890363898783,0.9928507709823412,1.107934501937726
865,786,971,206,160.98139175055613,16.99792527598442,23.54759072281576,19.908060862737944,0.9208018505291277,1.3853214636779851
866,263,264,838,76.56895655385777,12.4270009407368,15.999999999999968,13.649570185968019,0.9352314073206518,1.2875190141452846
867,851,126,783,69.0968088213326,11.975267927596118,13.707718195231898,12.699167683557576,0.9861728921214309,1.1446690193580953
868,68,69,70,158.29813777816446,15.79848434396836,23.40432863339787,19.8608926500569,0.9043683145510731,1.4814287322652768
869,68,71,67,163.33333333333277,15.999999999999886,23.404328633397757,20.107855109125946,0.911573575563061,1.4627705395873702
870,67,953,66,112.41362194749507,14.829540213565494,19.654510940669354,16.607177549360376,0.9255704677211919,1.3253621257043535
871,366,367,714,101.1993641628982,13.718358236050893,22.864579682684003,17.26856390721959,0.7437349215298711,1.6667139966207818
872,875,269,867,73.3300864773319,12.515868439333305,13.99988484977151,13.06656659019121,0.9893277216635988,1.118570790163823
873,268,839,867,76.2084638686526,12.198896096936572,15.966562421752707,13.62072039027813,0.9345735278066715,1.308853054807335
874,839,267,121,61.81724313910071,11.725019300150391,12.163762979507732,11.95228884284331,0.9990999464098573,1.0374194419749665
875,721,697,36,15.79267964889226,5.558638178166505,6.35891654969607,6.070130148673397,0.9863056909054191,1.143970221820326
876,705,722,704,4.7028590884315955,3.136578625424376,3.504132630032523,3.306193383051625,0.9915058059651672,1.1171830993263934
877,670,671,715,101.19936416289916,13.71835823605094,22.864579682684017,17.268563907219633,0.7437349215298751,1.6667139966207771
878,271,270,120,191.22129719996929,16.000000000000114,25.972700940326177,22.19274508823571,0.8625054384573158,1.6232938087703745
879,736,36,768,36.21311233203005,8.0,10.790463020153666,9.36354461049151,0.9399257051800801,1.3488078775192083
880,774,850,783,94.16497128902208,12.69354421870233,16.42252588945464,14.997705366383387,0.9553204217342599,1.2937699358433028
881,66,953,65,116.44068080690676,15.337481493846278,18.343479159318715,16.56032021772168,0.9746329367303233,1.1959903043194222
882,429,430,791,55.563452343038506,10.503342754751696,14.911983230331193,11.998491228307222,0.86579292047384,1.4197368950551514
883,1098,62,952,123.3140036471714,14.663234159711603,18.763619180390812,17.134549340947263,0.9596691376022538,1.279637150714359
884,952,62,63,128.9824514461974,15.950772442487917,18.763619180390812,17.373573399307507,0.9825568790442771,1.1763454872198127
885,374,375,799,78.58146490768391,10.322817686595021,16.155079368336438,14.159299018310497,0.8731149764408838,1.564987376393856
886,316,1042,315,135.23229511249883,16.0,27.706301776543846,20.542537847697293,0.6966895181170727,1.7316438610339904
887,953,987,65,183.90113224079548,18.343479159318715,23.448645283405465,20.925181198551243,0.9604096020092315,1.278309587823925
888,125,126,851,88.94955375723822,12.41451692784471,15.999999999999996,14.564085418717653,0.9576259335990085,1.2888137406388607
889,991,827,634,80.7317561240555,12.31947206948206,17.183312980887255,14.221534005703418,0.9017473980035142,1.3948091999375491
890,795,739,97,40.19216611828622,8.778313872924075,11.137565630958404,9.79739124996541,0.9572202284851908,1.268759102509564
891,123,124,264,83.21490048104017,12.25534049257342,16.000000000000117,14.118599743344229,0.9529160379032732,1.3055532818281068
892,740,741,749,18.862012154778483,5.934653845859907,7.780646571058893,6.744881688945218,0.9451717432926126,1.3110531419598759
893,780,757,759,29.898602159825515,7.722288566830133,8.714497133196067,8.34315076431152,0.9891766066296721,1.128486336372848
894,314,954,313,142.13906174030512,15.318466198643149,21.25624399353354,18.594098781189217,0.9330629223577747,1.387622214776068
895,312,955,311,141.49860731502642,15.969873489590565,19.868860946178287,18.29532203981526,0.968127350515307,1.244146421017621
896,825,231,861,102.10379813050068,13.681237526201095,17.786580359027027,15.640882354486697,0.9528622947667287,1.3000710151376105
897,1120,943,1081,176.6711956209645,17.038097285229277,25.80432231275334,21.216319851485895,0.8811739232427753,1.5145072762980234
898,317,717,316,53.425042148465764,7.233876480694261,16.0,12.681458371120883,0.7014472080497856,2.211815482708439
899,830,832,864,156.38304712141226,17.548325855343936,21.053801861571333,19.173240761428982,0.9768924460650358,1.1997612783763008
900,306,307,957,154.9844744327047,15.025180537861647,22.352691367378366,19.661243939523818,0.9006484556764947,1.4876820488813611
901,305,306,957,176.0069260785633,16.0,25.08453369483502,21.145741687404463,0.8805201248834863,1.5677833559271888
902,1042,304,305,162.05023099189125,16.0,24.42887349880022,20.27348739375085,0.8850139214704161,1.5268045936750136
903,519,520,1105,120.88868693025137,15.304193260586779,20.31418014850483,17.20612446969722,0.9276287570357749,1.3273604039502283
904,717,317,303,9.320984400205234,2.7872473620187312,7.233876480694261,5.5698349503094065,0.6160101622472915,2.5953478615744214
905,956,954,315,258.6234721615967,22.9198264101906,26.585251211777933,24.584093316970367,0.9844920071861541,1.1599237592810745
906,310,311,955,148.54283292568147,16.798896466003804,20.18226413713502,18.676130762271917,0.9779641880810963,1.2014041623494849
907,35,34,794,104.8977306132998,14.412213116996478,16.501363151904712,15.637858756300373,0.9874266436101163,1.1449569207691273
908,38,782,37,106.63805913417264,15.164704660483133,16.0,15.706752258946475,0.9976534063651188,1.055081543506318
909,735,772,848,120.79199911148893,13.76361879466282,19.387955892818532,17.184729415566363,0.9257569398960862,1.4086379593960192
910,118,273,272,207.52853668165574,16.000000000000114,27.883827252666784,23.486580940749814,0.8264228821084588,1.7427392032916615
911,758,724,129,28.74632870462498,7.897479241601068,8.60093400351343,8.166137748371499,0.9940810634126409,1.0890733283864573
912,1041,957,308,240.16868689069045,21.190288834995293,25.423887939370193,23.753783791700318,0.9771281397039266,1.1997895893416612
913,760,784,785,70.36112009363815,11.354776372128464,14.225711621083047,12.90726417801614,0.967222809603759,1.2528394355701804
914,775,774,783,53.062477527931,10.39987510315282,12.69354421870233,11.229491320649368,0.9635396791097879,1.2205477558912379
915,274,1043,959,129.62588590631233,16.869134305753974,18.12885335912559,17.330663187365786,0.9956268827479687,1.074675975099797
916,958,276,960,142.30333214673286,15.125596337583687,20.53905803890018,18.567717488695568,0.9370148668071451,1.3579007121765683
917,127,783,126,96.92709152749921,13.707718195231898,15.999999999999996,15.052920959866876,0.9837311156592135,1.167225629540987
918,960,275,959,122.04143609359096,15.441173878490748,18.567008377868905,16.93740469916687,0.9768799995956906,1.202435030132805
919,278,277,958,106.61146863135143,13.33160263751736,21.109484897647537,16.813695845054927,0.8399757282964052,1.5834168982986272
920,1041,956,957,219.57378604494403,19.27433295907268,24.831544170534162,22.917683910114096,0.9534109897137056,1.2883218435243244
921,795,98,1045,92.48883862049514,12.675355448579786,16.3058811644979,14.847405156598475,0.958263216716172,1.2864239768775003
922,271,119,272,199.37491694080967,15.999999999999886,26.925910915366746,22.838427735805357,0.8444140505969857,1.6828694322104336
923,323,324,320,163.33333333333303,16.0,25.06506546348639,20.511284735491696,0.8683099321151652,1.5665665914678994
924,843,842,322,51.95020665066305,10.036340932509967,11.990729669952648,11.040131823737516,0.9791983717558143,1.1947312023958827
925,819,185,824,121.12261523219013,16.529699115102453,16.95179655581619,16.72755570571925,0.9995695261933709,1.0255357001827146
926,842,321,322,62.7566999385651,11.09332486874993,14.795825902230709,12.436791784984962,0.920343537281181,1.3337593622549342
927,951,50,1040,108.68895090599142,14.015468395319639,18.23860917726299,16.127062344773822,0.9541986919730241,1.3013199889454738
928,188,824,187,103.47437874002877,13.36276416353247,18.087264717173788,15.816676293568813,0.9411574846571874,1.3535571305325191
929,880,869,877,95.52982001600631,13.181006602070402,18.192179907231715,15.344150367968652,0.9197619403051495,1.3801813819267934
930,387,1072,1117,233.86332012440616,20.239741260512105,27.321705622664783,23.78496545041917,0.9407761387074599,1.3499038980290547
931,492,1002,895,173.26266313200387,17.46228961859091,21.773965276991362,20.274829572522876,0.9641069665535255,1.2469135349702427
932,1028,1073,1118,181.8039926303561,18.327256312951786,24.782615956493714,21.083932297575377,0.9290521571391421,1.3522272801401243
933,318,319,324,74.0576799147229,11.413720463567996,19.411892031458052,14.716677922485914,0.7494312007137531,1.7007506091830271
934,276,958,277,106.61146863135293,13.33160263751736,20.53905803890018,16.623553558805884,0.8632997582300211,1.5406293299726648
935,1077,1055,989,192.4880169612053,19.642976756991004,21.969576322592644,21.162386780462118,0.9900437347287164,1.1184443475337105
936,974,973,1049,173.44108955767106,19.055448952289783,22.175587006324932,20.174765918900945,0.9792505131866258,1.163739939260797
937,845,869,878,69.82149788730129,12.472828927540782,12.819536767720487,12.701309374115255,0.999358350953475,1.0277970492655562
938,525,923,1015,176.93617752858015,18.370522990484933,21.392080914104337,20.350955820262243,0.9819582975211016,1.16447860113642
939,1032,389,390,114.17032093961694,15.825689002821184,16.95816000887813,16.261283003899752,0.9961759243886797,1.0715590332815883
940,484,485,898,113.82202035925732,15.501264074167532,17.464066387231405,16.282727576364106,0.9887584045549203,1.1266220808620915
941,863,994,641,132.8857990217817,15.984928020029086,19.0163306547531,17.649209988086884,0.9802481275895201,1.1896413065436187
942,278,962,279,142.36462356282755,16.0,20.13965571677169,18.36977824491442,0.9656143164900524,1.2587284822982305
943,281,280,961,120.63880087304739,15.266486226860158,23.77437793700649,18.346954721288846,0.7927731338394369,1.5572920699445154
944,676,677,806,77.08548898883542,12.484631840167792,16.000000000000007,13.68261638786292,0.9374469036344522,1.2815756367377966
945,275,274,959,116.3698235917982,15.441173878490748,18.12885335912559,16.523342412538778,0.9795265573213701,1.1740592717745848
946,929,361,974,258.00184713249007,22.992338773521578,26.890803196326782,24.589764173977304,0.9808913550599868,1.1695549313710858
947,225,989,1055,173.44286953605985,19.064539203258857,21.612641477198085,20.106719145815983,0.9878642726837256,1.133656641095404
948,481,895,1002,182.60350856770776,17.46228961859091,23.643209821737877,20.995699755758114,0.9421903896378041,1.35395817720069
949,285,284,1044,113.24540474721734,14.842425798414384,16.994528045369332,16.25991394658047,0.9854522548962324,1.1449966653823431
950,413,414,939,147.66447050385253,14.993966299560672,23.1123392788454,19.33846339078163,0.8854727603362184,1.5414426588062027
951,974,361,362,172.3686936413992,16.0,22.992338773521578,20.6555675512668,0.9098921997602596,1.4370211733450986
952,117,287,286,136.28475051721315,16.00000000000005,21.213573694971338,18.192364764990096,0.9371725726947473,1.3258483559357044
953,991,1014,862,120.90622049818467,14.585535437782866,18.87729044883478,16.98289263744404,0.9574986494111197,1.294247340411954
954,899,486,487,152.79459078101698,14.989150128758297,23.104299393614113,19.630901519677437,0.8887573140198906,1.541401560138225
955,1044,284,283,135.46670962354716,16.000000000000114,22.911856084158842,18.618214693372213,0.8787743823703908,1.4319910052599174
956,379,1067,1023,192.23145820752643,19.21646593816878,24.744930897109636,21.50092377474625,0.9489048967367295,1.2876941564973152
957,808,628,629,81.9896069611134,11.990729669952739,16.0,14.051359685628311,0.9461382651649177,1.3343641663521102
958,740,751,792,67.04650640683408,10.906055442427922,13.586400867677025,12.604413753283838,0.9657699440408565,1.245766715509416
959,701,722,719,6.203417576200171,3.721682772349405,3.8350291626175563,3.78588088562427,0.9993743118284606,1.0304556828728846
960,671,672,715,56.58796026439603,7.509132358558422,16.0,12.910628720494122,0.7205274423623022,2.130738843851146
961,739,795,748,50.59432278778791,9.59629607199063,12.137295454120647,10.957052385689893,0.9644503492110102,1.2647895983062265
962,757,785,787,57.34171628115061,10.99234491189841,12.115218826621541,11.535296308393528,0.9936306801530689,1.102150535097175
963,450,451,968,158.44304001316686,16.0,21.925758930646516,19.59992706994684,0.93625548622532,1.3703599331654073
964,740,749,751,40.5349941182677,7.780646571058893,13.586400867677025,10.609559928572661,0.7920329195290992,1.7461788996062841
965,78,95,740,39.79807556848748,8.699583786253537,11.24258363394178,9.781515912088052,0.949208612773041,1.29231281750588
966,914,236,928,121.63435047119013,15.605546380827048,18.867488595338667,16.945568852198857,0.971661618886755,1.2090245438967286
967,482,1003,481,126.64679228930729,15.826593318465116,18.399564095077814,17.19840387563711,0.9850968802398304,1.1625726222212822
968,756,745,128,28.708329934736142,7.651092461120727,8.895575744048221,8.194247695956834,0.9834271651474786,1.1626543254118777
969,689,79,737,12.040685567855391,4.972005252204386,5.81242764533313,5.312405508205324,0.9807655254732265,1.1690308739630022
970,16,17,800,80.47834040628322,10.18750110141654,17.559279536414643,14.582260212610393,0.8345443065547268,1.7236100748959016
971,741,740,725,18.812624605411845,5.773353665265527,8.592874801869652,6.961857705684011,0.8708281324724008,1.4883679919987112
972,725,740,95,20.209933663484648,4.8735268984507645,8.699583786253537,7.388661828857984,0.8080873753321092,1.7850694102086582
973,637,1056,636,105.02299685017613,14.05826215976433,17.108413708786706,15.722225289517004,0.9749282160638229,1.2169650497592874
974,193,982,192,161.1247174780824,15.552013478897464,22.231099703397447,19.93955034054338,0.913766710663694,1.4294676206114945
975,85,966,965,124.69303634993354,16.30441902922226,18.2874274795616,17.04225354309429,0.9888186618012293,1.1216239871402478
976,83,966,82,131.51213201536214,16.000000000000114,19.818884076011614,17.660401785818937,0.9658756292873114,1.238680254750717
977,726,691,696,2.0164035165678076,0.9999999999999922,6.252431516720692,4.259483398439929,0.19779267188168687,6.2524315167207405
978,84,85,965,126.87592276546573,16.000000000000114,19.486409457517844,17.340441192672323,0.9668896917799585,1.2179005910948566
979,448,442,764,53.66717786872374,8.287247362018736,13.771609085737259,11.834453314269375,0.846789519981882,1.6617832778654453
980,87,966,86,107.82265234852835,14.870354337225454,18.22914596939473,16.032374803614786,0.9597348723928347,1.2258716608898217
981,182,183,822,107.75671462853751,13.090655921764109,17.986634781089947,16.182536832357876,0.9330881127655705,1.3740056180978633
982,741,725,96,11.640632638947729,4.8735268984507645,5.773353665265527,5.231623558428565,0.9767890679379645,1.1846356418184143
983,281,1109,282,146.55536304325156,16.000000000000114,21.559373557216954,18.818531645475577,0.9420076518728548,1.34746084732605
984,221,222,1011,124.74636341592351,15.999999999999943,18.33845774233359,17.05820779439596,0.9868829281762651,1.1461536088958533
985,935,343,936,155.49174739757404,17.685825718392802,23.081579004426988,19.52079489501392,0.9269231235033893,1.3050891358961398
986,219,1012,218,137.11670679830618,15.263194329509648,19.56351524178333,18.10163026469186,0.9546542516407295,1.2817444906640216
987,479,894,972,165.72885899496572,16.29717200349173,21.986445452804833,20.039601877726813,0.9367145714074233,1.3490957479060879
988,268,267,839,72.55582974973419,11.725019300150391,15.238470340214407,13.220064097503304,0.946859793979522,1.2996541796753334
989,106,107,109,74.3656680461446,10.373910737127535,15.298682929255069,13.622745016771995,0.8998301449433534,1.4747266789661206
990,234,235,917,115.68876561234764,15.999999999999968,16.549661348565298,16.35099677804547,0.9990827327222056,1.0343538342853331
991,892,1000,606,234.13887882655578,22.091099693059082,25.06248340376158,23.358197309824785,0.9882086725184487,1.1345059210264707
992,108,109,107,62.436099642534664,8.305781933365376,16.0,13.20148828754015,0.773778807420925,1.9263688992033343
993,106,109,110,81.66666666666616,10.373910737127535,17.451187825510306,14.608366187545947,0.8468055356573524,1.68221881484421
994,104,105,844,74.98041180560318,12.244020760021346,14.712570964963708,13.289930648859086,0.9744019539089552,1.2016127098544758
995,844,103,104,103.04815205707224,12.913200221592204,19.839248580185036,16.250816267259097,0.874553291771195,1.5363541368321514
996,111,112,103,90.50966799187897,11.398801314823066,20.746547866216794,16.04844972701329,0.7681360929750265,1.8200639956095968
997,594,998,593,129.77034005922854,15.999999999999998,22.825007216851528,18.348800814672206,0.8644002055243911,1.4265629510532207
998,417,937,938,328.0064886312741,26.500229426123678,29.511242402983495,27.62525940916291,0.9902517503587526,1.1136221475083377
999,1054,239,240,158.78236800327886,14.798077242090066,22.830452524093836,20.067774045519556,0.8801781678327496,1.5427985778555975
1000,102,103,112,71.86419005835539,11.398801314823066,16.00000000000005,13.367571781169508,0.9096831845763799,1.4036563633400259
1001,65,987,840,245.02911381226028,23.448645283405465,24.22588053797405,23.79465620014611,0.9992592531585315,1.0331462754105727
1002,1042,316,717,91.85660585526244,12.545277096093507,17.921311766548037,15.092362498436643,0.9118694641009786,1.4285305640740755
1003,348,936,347,119.6808256850593,15.999999999999968,17.858126384286763,16.690135605562883,0.9897611168675332,1.116132899017925
1004,81,88,89,71.86419005835475,11.398801314822952,16.00000000000005,13.367571781169469,0.9096831845763759,1.4036563633400398
1005,81,82,88,90.50966799187727,11.398801314822952,20.746547866216762,16.0484497270132,0.7681360929750193,1.820063995609612
1006,970,971,784,96.20274143534155,13.566396789527106,17.884788671185355,15.294302423242938,0.935866263268557,1.3183153160455938
1007,763,593,998,111.01828593357756,14.844797279685375,17.236711654363287,16.100968053737915,0.9853336352562794,1.1611281265491695
1008,88,82,87,162.37385805023072,15.999999999999888,23.429123247878827,20.058557038031825,0.910645083262235,1.464320202992437
1009,821,197,1102,206.1407164509359,18.464739021641464,27.719173897227826,22.868281028643725,0.8859721906280198,1.5011950000885346
1010,933,932,1107,195.19044108850431,19.846089671453264,22.32367720687489,21.307934333027493,0.9903820251003402,1.1248400857013865
1011,615,891,999,125.58545576304138,15.887306160237365,19.984560256567466,17.366711267759907,0.9507573029836746,1.257894828425015
1012,218,1012,1046,168.66532967225544,18.786552364272367,21.068078504207822,19.806048703421173,0.9906895696007696,1.1214446427261653
1013,74,76,75,47.39512023676929,6.550318063917021,16.000000000000128,12.34134138053084,0.6458819069948444,2.4426294790381977
1014,972,894,494,166.97983417906647,16.29717200349173,22.246883365780015,20.137536505384112,0.9338973007510165,1.3650763065526665
1015,74,77,76,99.41123992024411,14.473706077675367,16.00000000000012,15.191270459842102,0.9931361716538272,1.1054528753129063
1016,1134,942,395,214.5641097052261,19.679629293597824,24.164845164426726,22.5123712322828,0.9699687544561907,1.2279116036137954
1017,1055,1077,1082,234.37756506245134,21.874607261802705,24.532176696394522,23.341960815736872,0.9912265583522847,1.1214910696583087
1018,1076,853,1133,313.4109482199856,26.435500651842013,27.160475960741724,26.909574804269653,0.9993839921043638,1.0274243078823324
1019,882,877,1058,175.9278134375329,18.562979746262847,24.405099233846872,20.729777629541985,0.9306791403810282,1.3147188418799076
1020,121,267,692,76.22331983733895,11.968084248871808,15.459776824049586,13.521057762393964,0.9518985892483981,1.2917503338520473
1021,947,948,1039,178.7171675694725,17.426797464727315,23.411010328893234,20.74925190054455,0.9450708417617856,1.3433914278442873
1022,1128,1087,1122,276.3101302354351,24.63655099486929,26.23739189365452,25.289394063320135,0.997010717003923,1.0649782877123757
1023,236,914,235,111.57215090606157,15.605546380827048,16.597282808702797,16.067609729843298,0.9974086055340088,1.0635502534595132
1024,377,378,1110,103.26074570651465,13.896403522381524,16.86319377680462,15.58653243306206,0.9753695139861508,1.2134933869504285
1025,982,1052,822,205.89224055335495,18.617542910141996,24.427122667617358,22.217158988189553,0.9506087350499602,1.3120486836268048
1026,1113,535,536,126.17209554641836,16.00000000000005,18.58632692392,17.173419227882913,0.9841663046604218,1.1616454327449965
1027,924,985,1053,185.73845308690616,16.868489184542007,27.146489828439123,22.01979702596404,0.8536584695033649,1.6093017893573835
1028,1129,1120,988,128.0386874274468,15.952586206113699,18.805214600073917,17.316810455045275,0.9815984731898605,1.178819180608281
1029,1066,1115,1126,120.22137809394837,16.10862448315417,17.737869974445662,16.712302243912095,0.9921629222493793,1.1011411925950163
1030,1077,989,841,175.2469625502847,17.656088076811336,21.969576322592644,20.373492189615003,0.9663489252494049,1.2443059995518735
1031,826,1055,1082,196.66887694977726,19.311021957558708,23.619098489013396,21.528470143705153,0.9734469893119904,1.2230889976161217
1032,637,921,1056,126.25496570797061,16.791923073270887,17.33945292910023,17.079929903719272,0.9993110352799475,1.0326067391709823
1033,1014,1056,921,141.21446371262917,17.33945292910023,18.644561705467506,18.08333106763123,0.9963746840892184,1.075268163401912
1034,643,1057,874,140.6857755321577,16.55451250945825,19.09860601367058,18.124189012855354,0.9853150456943985,1.1536797596884105
1035,639,1057,920,195.8348913299526,16.68202969428898,25.10779016801774,22.175117760551473,0.8923052602146216,1.5050800548936372
1036,882,1058,201,160.7299681649206,19.190898715237086,19.388489605088868,19.266880742947393,0.9999184313170981,1.010296072778233
1037,1059,1000,1078,118.06789230860224,13.062394327200145,19.86074131942756,17.212224631283238,0.8937218843037613,1.5204518269725673
1038,161,906,1060,223.68552410646123,20.899533483320408,24.6338047944719,22.880948555690697,0.9822995285726022,1.1786772567977057
1039,906,1095,1060,304.6774282530729,24.6338047944719,30.011280857441708,26.844881650437586,0.969278924273425,1.2182966093884358
1040,905,1061,21,163.17532447083903,17.119668839635537,25.29597179220093,20.4949618949035,0.8719012334915283,1.4775970276735482
1041,908,1061,1009,127.4814103226615,14.656311197491155,18.997854392466852,17.471258687862093,0.9521027890373791,1.2962234587185129
1042,199,907,1062,212.14032859971948,21.08396373532099,23.103081307716693,22.180474652204634,0.9944162271516084,1.0957655589690267
1043,645,1063,920,153.5923452754353,16.484754092738655,20.89097118269209,19.09865354712305,0.9630074636854951,1.2672904348566731
1044,1014,1063,646,105.51786819467782,12.596936217294767,18.402796384883786,16.159161565451395,0.9106044690174572,1.460894622901873
1045,505,924,1065,165.20972379742594,15.879020426947168,23.170249552552775,20.207041977308048,0.9125106286982315,1.4591737355052568
1046,924,1019,1065,180.46323320631348,16.878374419973785,25.579711708989326,21.3433140271291,0.8901707936859006,1.515531713689111
1047,928,1020,1066,146.47431303965925,16.957355746919895,19.77651102044294,18.500219192685034,0.9844294932793866,1.1662496981013748
1048,1115,1066,1020,108.05970109180312,14.59185652286699,16.957355746919895,15.885945584313683,0.98512767259571,1.1621109157937453
1049,1079,380,381,112.37086788625129,15.528206338926067,16.890344251180398,16.139516863368822,0.9950400474164319,1.0877202351980426
1050,1118,1071,1028,299.37443841783676,24.782615956493714,27.92171954738332,26.3875191370723,0.9905861716699244,1.126665546381397
1051,1024,931,1116,166.01393101342705,17.41320434002821,23.38219583534372,20.084568034810093,0.936190892171419,1.3427853586714322
1052,1028,1119,1079,156.46416757405757,17.250999515322665,23.016789421167744,19.55589693882676,0.9297464678571193,1.3342293239718541
1053,412,1035,1069,215.3676947345286,21.660322799900108,23.46386872060212,22.345924849991054,0.9947886279885271,1.0832649604238738
1054,942,1069,1035,246.51991800343848,21.660322799900108,25.927808469416142,24.0521660975505,0.9787479312454715,1.1970185628782835
1055,934,1070,396,151.5100140940208,16.184293806065448,21.723946649581883,19.11042667791388,0.9447190585573195,1.342285731456526
1056,1026,1107,1134,219.09606638702124,21.78644389648512,24.067232122465455,22.572036529688788,0.9909229001202712,1.104688412520058
1057,1027,1068,1071,238.19610331898247,21.615427282970092,24.834711343846074,23.574128187491457,0.986336701944553,1.1489345558027586
1058,1068,1116,1119,207.02971579117144,20.778040874894888,24.577778780525822,22.094558523952287,0.9732485954796536,1.1828727707539537
1059,1118,1127,937,384.63850481405973,26.201668893852997,33.54250143222631,30.251432620232375,0.9609119469330317,1.2801666019104416
1060,1033,1117,940,194.2923747323028,17.665680628958818,23.901856375994573,21.6943349795643,0.9371636138125491,1.3530107827723876
1061,1118,1073,1034,132.72743948245264,13.501027984472032,21.67801707014418,18.440323225965614,0.8692247334799864,1.6056567762896845
1062,1028,382,1073,142.09988799270172,15.720579851502814,22.09866194885715,18.715499371103917,0.9189090228205532,1.4057154480052223
1063,255,256,1081,102.44352646192115,14.263666812977597,24.48077700264178,18.04907051355686,0.6824476473565702,1.7163032005464605
1064,943,1037,1074,205.4664771786364,18.099546922600897,25.44408064028857,22.39710500437357,0.9278491233602695,1.405785501100945
1065,1133,853,1123,332.94689270092283,27.160475960741724,28.032672120579633,27.738090239670708,0.9991416241648795,1.0321126979180555
1066,1104,1012,915,252.4031165113401,19.674902973422597,28.27939540679461,24.922025953559938,0.9176168091533292,1.4373334112496108
1067,841,1066,1126,137.55351234614847,17.200266880897427,18.618940904952233,17.852359253431775,0.9956668229224606,1.0824797681267597
1068,1082,1130,1131,132.12454165122813,15.546140041695796,19.748812816283415,17.719263905816117,0.9627743036476958,1.2703354506852356
1069,1000,892,1078,166.76654072810973,16.840555545874338,25.06248340376158,20.58792675635449,0.8845574271407854,1.4882218900374389
1070,381,1028,1079,141.8095148501448,16.890344251180398,21.197096381400584,18.44614671596788,0.9518382246386122,1.2549830877437091
1071,1119,1028,1071,233.6865723922428,21.189201464008406,26.45822190733986,23.554737597505337,0.9644004248963901,1.2486653615654801
1072,1031,1029,1080,176.89737629572733,15.43304752332486,24.851172409151307,21.313534711154063,0.8658998311100453,1.6102569743009143
1073,1029,1072,1080,197.89263557247307,17.044499998012476,26.383391621357404,22.36142527345197,0.8867029740239232,1.547912325056993
1074,1120,1081,988,123.55376881418451,16.470218712281767,17.19263055894821,16.900315518819752,0.9986632596708752,1.043861703313493
1075,943,1074,1081,207.3327719747532,17.18028038600159,25.80432231275334,22.8095611130145,0.8930739066439071,1.5019732933915662
1076,1077,1129,1130,146.18194646928143,16.19295221756314,20.64992202902981,18.64113616509496,0.9620788264235643,1.2752413365755855
1077,947,1038,1082,236.51603465090434,20.392236831967562,27.463841092588154,23.913416218927875,0.9414393206720295,1.3467792336314428
1078,190,1100,189,115.3000404454034,15.528137644397109,17.668578915402282,16.39890551993318,0.9870510263160027,1.1378427548764993
1079,822,1083,981,222.66562700248005,20.0945177442111,24.541460927372796,22.922943954820767,0.9711704310541365,1.2213013141080624
1080,927,1084,511,172.19226686859685,17.33435682681069,22.338673149687903,20.25928247132394,0.9582889024864736,1.2886935104010977
1081,986,529,1084,146.68836565586167,15.78949756099264,20.83372228683086,18.754633198173384,0.9505927520241666,1.319467082872845
1082,360,1085,359,101.23140657572188,12.691132484973279,21.169306713175825,16.620146399383035,0.8106197399947996,1.6680392185836044
1083,929,357,1085,191.75182956858515,19.36284232342052,24.13715076084612,21.35791015532372,0.962119988311607,1.2465706406982815
1084,986,1086,528,141.7689172311278,15.661526904164672,20.968299318480522,18.47795998325695,0.9457495401885662,1.3388413177584038
1085,992,1086,830,174.9647288638571,18.679875344745827,24.55824946603474,20.72637656940938,0.9247670903632841,1.314690222113412
1086,772,1122,848,180.3678159294744,19.387955892818532,22.098876344836054,20.511484981375883,0.9869404687292332,1.139824975206472
1087,1088,853,794,150.6347934582396,15.80518607555691,20.869359219711345,19.029702208881044,0.9469553312162973,1.3204121178925123
1088,1123,1087,1128,324.2477651124579,26.23739189365452,28.919406328632967,27.433999273407377,0.993305500928324,1.1022210761591393
1089,1046,1123,967,273.182604369226,21.42119315099424,27.666504941471263,25.582668656199342,0.9513766697129195,1.2915482693449851
1090,1090,1089,208,101.57925531967477,13.673766563348849,16.4178636116841,15.461697087599623,0.9747459654344944,1.2006833329808722
1091,854,1091,855,220.93752421737707,20.91032647585767,24.428703479487762,22.724832932637966,0.9840806935876317,1.1682602616316051
1092,208,209,1090,103.99277880294149,14.30510392640388,16.4178636116841,15.574322512696023,0.9867168258746165,1.1476927183577157
1093,912,1090,209,110.16987272729254,14.30510392640388,19.364156160701626,16.428334729356063,0.9269194816953279,1.3536536511950756
1094,1090,1091,1089,142.9685716890616,16.29346108776592,20.52104519263385,18.417624880276268,0.9648845159867829,1.2594650751056353
1095,1128,1122,1091,265.56548621524024,24.040814344800605,25.70430884004558,24.793891393238493,0.9968898279193873,1.0691945984602118
1096,558,788,1092,148.47326135135674,17.04474972731132,21.68676256929301,18.878606208612364,0.951220402384755,1.2723426812506171
1097,859,1092,788,212.93566648956863,17.904306329232764,26.79526626601905,23.04276068732923,0.902128326994267,1.4965822061628724
1098,1093,904,1094,167.4573386676952,16.954786701432834,24.17974324637116,20.371970243764242,0.9125345310209527,1.4261307837230268
1099,904,1060,1094,273.9773946993629,24.17974324637116,25.848830609200892,25.18444171124314,0.9967632353015564,1.0690283327586707
1100,1094,1060,1095,326.1751956452399,25.848830609200892,30.011280857441708,27.621437533839167,0.9833521495749471,1.161030505061192
1101,1095,155,1094,246.6105666659269,21.6446660879063,27.004201134874897,24.177584425103102,0.9662980786807503,1.2476145866700699
1102,1062,1095,906,274.36056731576554,24.818891994121543,25.889559299399146,25.186594990527905,0.9984191399794416,1.0431392064372251
1103,905,1096,909,144.956954688248,15.090980497096018,21.478482304784396,18.849475861624356,0.9228735569670883,1.4232661892921759
1104,21,137,1096,169.83025689301368,16.61901845639791,25.21545049629753,20.78538223458437,0.8825852722288126,1.517264726701727
1105,341,1097,340,118.63360231243023,14.35987462459525,20.26101689902977,17.11747239119471,0.9166449350259787,1.4109466432476496
1106,342,935,1097,145.7698832243231,16.37368757552762,23.499261892621984,19.236187175741115,0.8871256575570059,1.4351844558060558
1107,954,1041,1099,185.94773817874312,17.367608215257253,26.435877665966338,21.76590409273665,0.8808830509119988,1.5221369193912786
1108,309,1099,1041,176.98409718545156,17.367608215257253,22.676296222494333,20.578544760314756,0.9532038707255579,1.3056660388373718
1109,981,1083,1100,170.73082460786145,17.158846727801176,24.541460927372796,20.598633015522537,0.9095113748440015,1.4302511885959173
1110,1083,189,1100,172.9613784550832,17.668578915402282,23.578455236783196,20.447541847859707,0.9421021630448306,1.334485096378016
1111,873,1101,879,171.28791866340725,18.05495640453378,22.725239451596583,20.18292192786835,0.9622962498166204,1.258670413952927
1112,1102,1101,980,180.45367925675453,19.472367278129934,22.879123093069126,20.616963034349368,0.97456129027378,1.1749533462613677
1113,821,1102,980,223.61853329549,22.420930167061897,22.88415506968895,22.728069443273323,0.9996371930638739,1.0206603784577843
1114,1102,1010,162,272.9511879438222,21.581635724519675,28.901995265084174,25.63177382677885,0.9461599772898189,1.3391939162538813
1115,223,916,1103,129.35872011809667,14.13403570713672,20.867312736824264,17.92089603646019,0.9078406194654027,1.4763874359173792
1116,1124,916,976,214.9126193255643,20.707965242795787,26.6768687833136,22.83796469711682,0.9382738249510749,1.2882419141877965
1117,1050,1104,976,285.46469295412896,22.366170750529754,30.310184727701923,26.301238864965438,0.9387372891579994,1.355179885988486
1118,1104,1076,1133,371.3854574756311,27.132747800225218,31.178050795192206,29.428736382675343,0.9870537064396968,1.1490930083732032
1119,923,992,1105,233.76087939688102,22.44853625201857,24.831851648652663,23.312876643816256,0.9911804786769052,1.1061679643553501
1120,864,1105,992,188.27971626328267,19.382429256710747,22.44853625201857,20.964481384531084,0.9857900574384824,1.1581900263738225
1121,1019,924,1113,233.1017636449951,22.112944537761575,25.579711708989326,23.370916484476044,0.9811732550155583,1.156775465398001
1122,1107,1025,1069,172.70992252595906,18.764876023666982,22.287863488491507,20.158758444348678,0.9758806864384749,1.1877437111964502
1123,1026,933,1107,206.24744417340736,19.846089671453264,24.067232122465455,22.02758278675093,0.9756529900098097,1.2126939120447444
1124,947,1108,1038,147.9545308216304,15.415296513709922,23.884170732227897,19.510988706453205,0.8701597781981025,1.5493812078791998
1125,378,1023,1110,134.313184916295,16.1553021455464,21.322085088463027,18.113527003604684,0.9305561098422347,1.319819641648793
1126,1112,1023,931,237.76419245127468,21.575739043333545,28.86248883875335,24.224478812745435,0.9187479876316982,1.3377288620697914
1127,977,1051,1111,105.57905187368188,13.737032275738615,17.76411187573567,15.871488664662627,0.9575397793801776,1.2931549929535653
1128,1111,1051,1112,131.74961856956247,17.11429813660349,17.76411187573567,17.449184171381514,0.9990743794515715,1.0379690556951546
1129,1051,1110,1112,109.82229641946032,13.860326028321351,17.488460302441712,16.154361489122184,0.9620879578923905,1.2617639921822077
1130,1023,1112,1110,138.97585505505506,16.1553021455464,21.575739043333545,18.40650049710722,0.932678445219506,1.3355206141583318
1131,536,1106,1113,108.49399935340821,14.972997846920071,16.93393075972868,15.891491163763211,0.9896049985616638,1.1309646159611229
1132,1113,1106,1019,141.95879616670098,14.972997846920071,22.420093206677233,18.86418018144533,0.8978057785217024,1.4973683584205564
1133,1018,1114,985,145.68817848453915,16.827734130836507,21.337554874703738,18.673580358123356,0.9546726542725873,1.2679992867015333
1134,239,1115,1020,131.90429646525857,14.59185652286699,20.134886659267565,17.89726351847058,0.9344083855680659,1.379871480213231
1135,1115,1054,1126,138.0584631874377,16.29041227413646,20.939694310916078,18.214727800694636,0.9497553460528257,1.2853999001707936
1136,1023,1067,1116,199.9533823573506,20.54137448896033,22.44715312120123,21.531090035911618,0.99477951855382,1.0927775613684048
1137,1119,1067,1079,131.6412305136225,15.724228284000748,18.597952180068773,17.574027448019795,0.9789046377880227,1.182757706398349
1138,387,1117,1033,195.3400958438173,17.665680628958818,23.834445809672065,21.76452530223717,0.935746126558621,1.3491948773601723
1139,1072,938,1127,274.4765962691912,23.5445783043898,26.175427870630692,25.260971096964294,0.9910642595852373,1.1117390820183168
1140,1118,1034,940,218.70374943206676,20.195726278270193,30.24942796364555,24.041057104019973,0.8451568786206464,1.4978133267825453
1141,1071,1118,937,357.1570810598857,26.329891774988354,33.54250143222631,29.264704251532663,0.9524523114030438,1.2739323700559018
1142,1068,1119,1071,236.44712150344276,21.189201464008406,24.834711343846074,23.53389719612677,0.9810405972289499,1.1720456472146845
1143,1116,1067,1119,180.68931466697487,18.597952180068773,22.44715312120123,20.60771539205496,0.9768759008271933,1.206969074006847
1144,1129,1126,1054,178.1927822526698,18.523155308051997,21.80432866637056,20.422392761779545,0.9821393019835759,1.1771390081090687
1145,943,1120,1054,198.07903789644323,19.819731786539524,24.427095276821383,21.68445567327866,0.9647887844739264,1.232463463174155
1146,772,855,1122,166.67638987267685,18.164975891480108,20.944500650509845,19.719033082821003,0.9865210465534549,1.1530156040742896
1147,1091,1122,855,219.22356396512154,20.944500650509845,24.040814344800605,22.606927945959637,0.9874740253647799,1.1478342093687197
1148,1046,1012,1133,235.0628005170819,21.068078504207822,24.994984290589034,23.47922388044536,0.9794483909350048,1.1863912641865708
1149,1087,1123,1088,232.4034261382064,20.590927738082126,28.919406328632967,24.07442600680565,0.906509188712215,1.4044732076422006
1150,916,1124,1103,127.69601994039232,13.973820636861376,20.707965242795787,17.814375181692245,0.9063890143974992,1.481911481543601
1151,976,1104,1124,245.4537601207109,21.12906006524108,30.310184727701923,24.9108321397314,0.8914062285126927,1.434525938878109
1152,925,1125,538,250.61667368748556,19.84477454311431,28.32926718527852,24.795961059331926,0.9218462927043257,1.4275429092797702
1153,1019,1125,502,241.7385712286808,21.035706017689364,25.796995733852548,23.878149187290816,0.9719701636451744,1.22634323336518
1154,1129,1054,1120,152.13623524709672,15.952586206113699,21.80432866637056,19.19221555300793,0.9388059205079919,1.3668209270051916
1155,1077,841,1126,179.6955111089229,18.618940904952233,21.494812169441023,20.493343568754806,0.9840005103931804,1.1544594442385212
1156,937,1127,938,332.40496060502556,26.062907115872388,31.010127534617816,27.97911368295725,0.9747629211446016,1.1898184418472855
1157,940,1127,1118,353.93490655850127,26.201668893852997,30.24942796364555,28.752936197621683,0.9847705931955293,1.1544847805760257
1158,1047,967,1128,240.36410962741195,22.06082397158435,25.910808488415956,23.733116768174217,0.9809814638046813,1.1745168050744892
1159,1123,1128,967,312.8139041151137,25.910808488415956,27.666504941471263,26.907504342607286,0.9970423016033163,1.0677592308182986
1160,1130,1129,988,119.37036389490177,15.42070466055725,18.805214600073917,16.806290492731435,0.9688116721057354,1.219478293243855
1161,1077,1126,1129,174.5092706010478,18.523155308051997,21.366277631871164,20.17978498965099,0.9861271825319122,1.1534901735981917
1162,1130,988,1131,104.50055327889234,15.42070466055725,15.640250311637711,15.535698337963586,0.9998660934871844,1.0142370699597152
1163,1077,1130,1082,169.19926051775423,17.862838859469132,24.532176696394522,20.49184993485186,0.912271766932151,1.3733638247198294
1164,988,256,1131,172.55707119921567,15.640250311637711,24.922893637111642,20.999380417125057,0.873210822519797,1.5935098953350404
1165,256,947,1131,218.02006097273605,20.145748383056887,25.9096257200585,22.830123801913732,0.9557088364913205,1.2861088715795332
1166,1132,941,393,211.30273370787896,20.31081004058375,26.444541610713102,22.64709704567453,0.9380154082940334,1.3019934487040805
1167,1035,1132,942,248.59063144465082,21.879896021873748,25.953014743786213,24.133759262998407,0.9808604183806947,1.1861580474532645
1168,1046,1133,1123,310.95967104515483,24.994984290589034,28.032672120579633,26.895988095767063,0.9902187578651611,1.1215318959465932
1169,1104,1133,1012,321.63557948175344,24.37460884653923,29.97541055260861,27.543138268647482,0.972075053257196,1.2297801676052167
1170,1026,1134,1070,173.7505956245443,18.505888651737084,21.78644389648512,20.165764382870844,0.982390406310844,1.1772708842296045
1171,1069,1134,1107,231.44405608586055,21.862433570115783,25.890589095949856,23.346962051519046,0.9747446437384745,1.1842500979095136
